{"ratings": 937, "userreviews": [{"userName": "Elham Hakimi", "userReviewDate": "Jun 14, 2011", "userURL": "http://www.goodreads.com/user/show/5563691-elham-hakimi", "userReview": "Fantastic philosophical book which you read it again and again , and each time you find out new points. I hope all grown ups read this book to remember the simple way of living,loving and being loved."}, {"userName": "Mikena \u00c7ako ", "userReviewDate": "Feb 12, 2016", "userURL": "http://www.goodreads.com/user/show/21228127-mikena-ako", "userReview": "This book is my whole childhood , it remember's me myself as a mini bookworm. It's my favorite of the whole books, and I might have read it a lot of times"}, {"userName": "Tak\u00f8 kevl", "userReviewDate": "Feb 07, 2018", "userURL": "http://www.goodreads.com/user/show/18640937-tak-kevl", "userReview": "All time favorite"}, {"userName": "Randi Smith", "userReviewDate": "Oct 30, 2008", "userURL": "http://www.goodreads.com/user/show/871444-randi-smith", "userReview": "\"What is essential to the heart is invisible to the eye.\"The Fox is my favorite character."}, {"userName": "Donna", "userReviewDate": "Jul 14, 2008", "userURL": "http://www.goodreads.com/user/show/1325014-donna", "userReview": "Le Petit Prince, is not just a children's book. Adults can read and enjoy it as well. It's philosophic. Filled with beauty and melancholy."}, {"userName": "Yen Pham", "userReviewDate": "May 30, 2018", "userURL": "http://www.goodreads.com/user/show/59296366-yen-pham", "userReview": "C\u00e2u chuy\u1ec7n gi\u1ea3n d\u1ecb v\u00e0 th\u1eadt th\u1ea7n ti\u00ean. \u01af\u1edbc g\u00ec m\u1ed9t ng\u00e0y n\u00e0o \u0111\u00f3, trong \u0111\u00eam tr\u0103ng m\u1ec1m m\u1ecbn, khi b\u1ed9 h\u00e0nh trong sa m\u1ea1c hoang v\u1eafng, \u00e2m thanh c\u0169ng kh\u00f4ng, ti\u1ebfng \u0111\u1ed9ng c\u0169ng kh\u00f4ng, ch\u1ec9 th\u1ea5y \u00eam \u1ea3 v\u00e0 m\u1ec1m m\u1ecbn, t\u00f4i c\u00f3 th\u1ec3 \u0111\u01b0\u1ee3c g\u1eb7p em, \"\u00f4ng Ho\u00e0ng b\u00e9 nh\u1ecf\". Khi th\u00e0nh ng\u01b0\u1eddi l\u1edbn r\u1ed3i, \u0111\u00f4i khi \u0111\u1ea7u \u00f3c b\u1ecb m\u00ea mu\u1ed9i b\u1edfi nh\u1eefng toan t\u00ednh hay nh\u1eefng \u0111am m\u00ea ch\u1eb3ng \u0111\u1ec3 l\u00e0m g\u00ec. T\u00f4i mong s\u1ebd lu\u00f4n nh\u1edb v\u1ec1 em, \u0111\u1ec3 tr\u1edf n\u00ean hi\u1ec3u chuy\u1ec7n theo c\u00e1ch c\u1ee7a m\u1ed9t thi\u00ean th\u1ea7n nh\u1ecf. B\u1edfi v\u00ec, nh\u1eefng \u0111i\u1ec1u quan tr\u1ecdng v\u00e0 v\u00f4 gi\u00e1 nh\u1ea5t tr\u00ean \u0111\u1eddi, ta l\u1ea1i ch\u1eb3ng c\u00f3 th\u1ec3 nh\u00ecn th\u1ea5y b\u1eb1ng \u0111\u00f4i m\u1eaft, ta ch\u1ec9 c\u00f3 th\u1ec3 th\u1ea5y b\u1eb1ng tr\u00e1i tim th\u00f4i. Nh\u1eefng \u0111i\u1ec1u h\u1ea1nh ph\u00fac s\u1ebd lu\u00f4n l\u00e0m tim ta nh\u1ea3y m\u1eebng nh\u01b0 \u0111\u01b0\u1ee3c t\u01b0\u1edbi th\u1ee9 n\u01b0\u1edbc m\u00e1t trong k\u00ec di\u1ec7u.Mong \u0111\u01b0\u1ee3c g\u1eb7p em, t\u1ea1i m\u1ed9t \u0111\u00eam tr\u00ean sa m\u1ea1c. T\u00f4i s\u1ebd vi\u1ebft th\u01b0 cho t\u00e1c gi\u1ea3 r\u1eb1ng em \u0111\u00e3 tr\u1edf l\u1ea1i. T\u00f4i h\u1ee9a \u0111\u00f3."}, {"userName": "L\u00e2m Barca", "userReviewDate": "Mar 19, 2017", "userURL": "http://www.goodreads.com/user/show/66088886-l-m-barca", "userReview": "This book teaches me quite many things about this life. The cute prince made me think of what I am living for ?? which is my own rose ?? This world is very and very complicated . People have a lot of ways to live ...Some just only know for themselves , some are too \"h\u1ee3m h\u0129nh\" :3 and some live for others ,..We can choose which one is the best for us ..... To be honestly , I read it a long time ago and I think i should read it again ><"}, {"userName": "Erik", "userReviewDate": "Jun 17, 2017", "userURL": "http://www.goodreads.com/user/show/31054068-erik", "userReview": "The majority of the reviews here have confused this book with the actual story The Little Prince. This counts to 5 using elements of that story. It\u2019s a nice primer, but it seems too short compared to most other counting primers that at least go to 10."}, {"userName": "Abel", "userReviewDate": "Jan 25, 2018", "userURL": "http://www.goodreads.com/user/show/76949899-abel", "userReview": "Terriblement frais"}, {"userName": "Vina Nurziani", "userReviewDate": "Mar 09, 2018", "userURL": "http://www.goodreads.com/user/show/27533503-vina-nurziani", "userReview": "Review menyusul."}, {"userName": "Ameena", "userReviewDate": "Apr 02, 2018", "userURL": "http://www.goodreads.com/user/show/9659178-ameena", "userReview": "As delightful as the first time I read it"}, {"userName": "Maria del Mar Carpanelli", "userReviewDate": "Oct 09, 2010", "userURL": "http://www.goodreads.com/user/show/4383829-maria-del-mar-carpanelli", "userReview": "Il est incroyable de voir comment ce roman est riche d'enseignements anachronique de la vie, que nous devons nous rappeler de temps en temps.(It is amazing how this novel has anachronical lessons for life, that we should remember time to time.)\"Il e\u00fbt mieux valu revenir \u00e0 la m\u00eame heure, dit le renard. Si tu viens, par exemple, \u00e0 quatre heures de l'apr\u00e8s-midi, d\u00e9s trois heures je commencerai d'\u00eatre heureux. Plus l'heure avancera, plus je me sentirai heureux. \u00c0 quatre heures, d\u00e9j\u00e0, je m'agiterai et m'inqui\u00e9terai; je d\u00e9couvrirai le prix du bonheur! Mais si tu viens n'importe quand, je ne saurai jamais \u00e0 quelle heure m'habiller le c\u0153ur... il faut des rites.\""}, {"userName": "Sophia Chavez", "userReviewDate": "Sep 30, 2010", "userURL": "http://www.goodreads.com/user/show/4359197-sophia-chavez", "userReview": "I readn this book in 6th grade because it was the last book on my teachers shelf for reading time, and im so happy it was. Personallly i am so fond of this book. It gives you a perspective on life and living in general too. It also teaches you about love, friendship, and death. I read the english translation version of this book because obviously i cant speak french let alone read it. Despite this book having pictures, the illistration is beautifull and quirky at the same time yet a little depressing. You will fall in love with this little boy-La Petite Prince."}, {"userName": "Francesca Margati", "userReviewDate": "Jan 19, 2016", "userURL": "http://www.goodreads.com/user/show/24734939-francesca-margati", "userReview": "Buku ini sekilas seperti cerita anak anak dengan iluatrasi lucu namun, cerita yang disajikan luar biasa dan dapat direnungkan oleh orang dewasa. Lewat cerita seorang anak yang mengamati dunia dengan mata naif dan lugu, Saint Exupery menyentuh beberapa nilai dan pengalaman manusia yang paling dasar; KEKUASAAN, TANGGUNG JAWAB, dan CINTA. Dongeng yang mengharukan sekaligus amat mendalam...termasuk karya karya agung sastra dunia yang tidak terlupakan."}, {"userName": "Abderrazak Baddou", "userReviewDate": "Feb 29, 2016", "userURL": "http://www.goodreads.com/user/show/7616910-abderrazak-baddou", "userReview": "I was going to buy this book, the bookshop keeper said this book is for kids not grownups. After reading it, I have to say that it's for grownups as much as it's for kids. It teaches kids to be wary of the adults biased perspectives and teaches adults to not limit kids imagination by imposing their (adults) ways of seeing the world."}, {"userName": "AraBD", "userReviewDate": "Jul 26, 2014", "userURL": "http://www.goodreads.com/user/show/13456623-arabd", "userReview": "Regalo de Quimera, me encant\u00f3 y me produjo ganas de leer los otros libros de Antoine de Saint-Exup\u00e9ry porque me apena confesar que s\u00f3lo conozco \"El Principito\", pero los buscar\u00e9. \u00a1Muchas gracias Quime!"}, {"userName": "Jj", "userReviewDate": "Sep 26, 2010", "userURL": "http://www.goodreads.com/user/show/4149715-jj", "userReview": "un livre pour moi un puis .. Je ne sais pas!"}, {"userName": "Jetteke Van", "userReviewDate": "Feb 28, 2010", "userURL": "http://www.goodreads.com/user/show/3355115-jetteke-van", "userReview": "Great! Loved it"}, {"userName": "Angela Randall", "userReviewDate": "Feb 28, 2013", "userURL": "http://www.goodreads.com/user/show/1840813-angela-randall", "userReview": "Our 16-month-old loves this book. It's one of her favourite counting books!"}, {"userName": "Staci", "userReviewDate": "Apr 19, 2008", "userURL": "http://www.goodreads.com/user/show/966205-staci", "userReview": "A must have book for parents to read to their children! Such a captivating story!"}, {"userName": "Chris Lyons McKinley", "userReviewDate": "Jan 28, 2009", "userURL": "http://www.goodreads.com/user/show/1864672-chris-lyons-mckinley", "userReview": "had to read while in school"}, {"userName": "Anya Kardin", "userReviewDate": "Oct 25, 2008", "userURL": "http://www.goodreads.com/user/show/549954-anya-kardin", "userReview": "the story brought me to the Petit Prince`s adventure. Extremely out of common thought. Must read book!!"}, {"userName": "Jacqueline ", "userReviewDate": "Jun 10, 2008", "userURL": "http://www.goodreads.com/user/show/1205659-jacqueline", "userReview": "Perennial favorite."}, {"userName": "Jason Hall", "userReviewDate": "Sep 06, 2015", "userURL": "http://www.goodreads.com/user/show/29388877-jason-hall", "userReview": "C'est magnifique !"}, {"userName": "Megara", "userReviewDate": "Aug 26, 2010", "userURL": "http://www.goodreads.com/user/show/4201962-megara", "userReview": "So far it's brilliant! It's taking me time to finish 'cause my French is comme si comme sa..."}, {"userName": "Noura", "userReviewDate": "Aug 28, 2008", "userURL": "http://www.goodreads.com/user/show/636344-noura", "userReview": "kebenaran adalah apa yang kau lihat melalui hatimu."}, {"userName": "Xana Barreto", "userReviewDate": "Jul 22, 2008", "userURL": "http://www.goodreads.com/user/show/1284750-xana-barreto", "userReview": "Uma das melhores hist\u00f3rias de sempre...."}, {"userName": "Nadhira Putri", "userReviewDate": "Dec 07, 2008", "userURL": "http://www.goodreads.com/user/show/1534160-nadhira-putri", "userReview": "hoho.. butuh konsentrasi.."}, {"userName": "Kaz Sfi", "userReviewDate": "Aug 09, 2016", "userURL": "http://www.goodreads.com/user/show/58310954-kaz-sfi", "userReview": "\"The best and most beautiful things in the world cannot be seen or even touched. They must be felt with the heart\""}, {"userName": "Miles", "userReviewDate": "Jun 17, 2010", "userURL": "http://www.goodreads.com/user/show/3009909-miles", "userReview": "i have this book my self though it is in french is stilll read the english version and i really like it.. ''Cheers to the Little Prince''"}], "description": "No story is more beloved by children and grown-ups alike than this wise, enchanting fable. Parents can share this classic tale with their babies and toddlers as it is re-imagined in this beautiful, sturdy board book. The youngest readers will delight in discovering one prince, two sheep, three trees and so on until they reach the final page where they lift the flap for a surprise!", "title": "Counting with the Little Prince", "url": "http://www.goodreads.com/book/show/25434593-counting-with-the-little-prince", "average": 4.41, "cover": "https://images.gr-assets.com/books/1435188736l/25434593.jpg", "reviews": 40, "authors": [{"url": "https://www.goodreads.com/author/show/1020792.Antoine_de_Saint_Exup_ry", "name": "Antoine de Saint-Exup\u00e9ry"}], "type": ["Fiction", "Fantasy", "Childrens"], "outlinks": ["http://www.goodreads.com/book/show/70716.J_apprends_compter_avec_le_Petit_Prince", "http://www.goodreads.com/book/show/70716.J_apprends_compter_avec_le_Petit_Prince", "http://www.goodreads.com/book/show/70716.J_apprends_compter_avec_le_Petit_Prince", "http://www.goodreads.com/book/show/70716.J_apprends_compter_avec_le_Petit_Prince", "http://www.goodreads.com/book/show/70716.J_apprends_compter_avec_le_Petit_Prince", "http://www.goodreads.com/book/show/70716.J_apprends_compter_avec_le_Petit_Prince", "http://www.goodreads.com/book/show/70716.J_apprends_compter_avec_le_Petit_Prince", "http://www.goodreads.com/book/show/70716.J_apprends_compter_avec_le_Petit_Prince", "http://www.goodreads.com/book/show/70716.J_apprends_compter_avec_le_Petit_Prince", "http://www.goodreads.com/book/show/70716.J_apprends_compter_avec_le_Petit_Prince", "http://www.goodreads.com/book/show/70716.J_apprends_compter_avec_le_Petit_Prince", "http://www.goodreads.com/book/show/70716.J_apprends_compter_avec_le_Petit_Prince", "http://www.goodreads.com/book/show/70716.J_apprends_compter_avec_le_Petit_Prince", "http://www.goodreads.com/book/show/70716.J_apprends_compter_avec_le_Petit_Prince", "http://www.goodreads.com/book/show/22821972-cuenta-conmigo", "http://www.goodreads.com/book/show/70716.J_apprends_compter_avec_le_Petit_Prince", "http://www.goodreads.com/book/show/70716.J_apprends_compter_avec_le_Petit_Prince", "http://www.goodreads.com/book/show/70716.J_apprends_compter_avec_le_Petit_Prince", "http://www.goodreads.com/book/show/70716.J_apprends_compter_avec_le_Petit_Prince", "http://www.goodreads.com/book/show/70716.J_apprends_compter_avec_le_Petit_Prince", "http://www.goodreads.com/book/show/70716.J_apprends_compter_avec_le_Petit_Prince", "http://www.goodreads.com/book/show/70716.J_apprends_compter_avec_le_Petit_Prince", "http://www.goodreads.com/book/show/70716.J_apprends_compter_avec_le_Petit_Prince", "http://www.goodreads.com/book/show/70716.J_apprends_compter_avec_le_Petit_Prince", "http://www.goodreads.com/book/show/70716.J_apprends_compter_avec_le_Petit_Prince", "http://www.goodreads.com/book/show/70716.J_apprends_compter_avec_le_Petit_Prince", "http://www.goodreads.com/book/show/70716.J_apprends_compter_avec_le_Petit_Prince", "http://www.goodreads.com/book/show/70716.J_apprends_compter_avec_le_Petit_Prince", "http://www.goodreads.com/book/show/70716.J_apprends_compter_avec_le_Petit_Prince", "http://www.goodreads.com/book/show/157993.The_Little_Prince", "http://www.goodreads.com/book/show/8837.Wind_Sand_and_Stars", "http://www.goodreads.com/book/show/8842.Night_Flight", "http://www.goodreads.com/book/show/225640.Citadelle", "http://www.goodreads.com/book/show/157996.Flight_to_Arras"]}