{"ratings": 6791, "userreviews": [{"userName": "Sarah ", "userReviewDate": "Feb 01, 2011", "userURL": "http://www.goodreads.com/user/show/1926428-sarah", "userReview": "I'm a fan of this type of novel: group of people are brought together by _______ (usually knitting or food in the books I've read), learn life lessons, etc., so it's no surprise that I enjoyed this one. It had more substance to it than some others, plus the added component of people trying to foist of bags of Amish Friendship Bread starter on unsuspecting neighbors and friends. *I received this book for free through Goodreads First Reads."}, {"userName": "Robin Mayerhoefer / October Woman", "userReviewDate": "Mar 07, 2011", "userURL": "http://www.goodreads.com/user/show/1164958-robin-mayerhoefer-october-woman", "userReview": "It\u2019s not often that a book makes my eyes tear up, but this book managed to do so. I\u2019d never heard of Darien Gee or Amish Friendship Bread before. For the first 50 pages or so, I just kind of plodded along, enjoying it well enough but not finding it particularly outstanding. But somewhere along the way I got so sucked in that I didn't want to put the book down to go to sleep. There are a lot of characters, and keeping up with all of them may be part of why it took me a bit to really get my bearings. But as the pages turned, the characters\u2019 distinct personalities came through and I felt connected to them. I really cared about them and what would happen in their lives, especially Julia and her sister, Livvy. Not every author can make you feel that way about her (or his) characters. I\u2019m debating whether I want to try any of the friendship bread recipes in the back of the book. My seventeen-year-old daughter recently commented that maybe she should be a \u201cbaker\u201d some day, so she might enjoy trying it with me, and there\u2019s a recipe for \u201cDouble Chocolate Friendship Bread\u201d. Kind of hard to pass that up! Overall, I really enjoyed this book, and I\u2019ll be eagerly awaiting the sequel. In the meantime, I looked up the author on Fantastic Fiction, and she has three other books under the name Mia King \u2013 Good Things, Sweet Life, and Table Manners. So I\u2019ll be tracking those down!"}, {"userName": "Kathryn", "userReviewDate": "Feb 01, 2011", "userURL": "http://www.goodreads.com/user/show/2451592-kathryn", "userReview": "One afternoon, Julia Evarts and small daughter, Gracie, come home to find a gift on the front porch: a homemade loaf of Friendship Bread and a simple note: I hope you enjoy it. With the bread is a bag of starter, instructions on how to make the bread, and a request to share it with others.Julia decides to share the bread starter with two newcomers to town and that begins a friendship that changes lives, theirs and others. This is a wonderful story about friendship, life and loss. More importantly it is a story about the good that can come from a community who pulls together. I loved this story and hope Darien Gee writes another soon!"}, {"userName": "Valissa", "userReviewDate": "Apr 27, 2013", "userURL": "http://www.goodreads.com/user/show/17829139-valissa", "userReview": "I loved this book! Such a sweet story about a small town, a tragic event and a simple act of baking that brings a town together. I'd give it 4 stars, but I did tire a bit of the non-stop talk about the friendship bread. I thought there were a few too many stories about people receiving the starter and baking the bread. They were scattered throughout the book and interrupted the main storyline too much. I wanted to get back to the characters themselves and see how their lives would mend by the unexpected friendships they made. I loved the characters and the stories of how their friendships evolved."}, {"userName": "Piepie", "userReviewDate": "Jul 21, 2017", "userURL": "http://www.goodreads.com/user/show/663327-piepie", "userReview": "I loved this book! I loved how a simple loaf of bread touched an entire town and how the main characters' stories all were intertwined and everything came full circle. The only \"negative\" I would have is that there was a whole slew of characters, and it was hard to keep everybody straight. Overall, this was a solid, homespun story full of heart. A knock out of the park!"}, {"userName": "Anne  (Booklady) Molinarolo", "userReviewDate": "Jun 26, 2017", "userURL": "http://www.goodreads.com/user/show/3615945-anne-booklady-molinarolo", "userReview": "I'm a sucker for feel good stories that focus on friendship, so I went back to Avalon, Illinois, Darien Gee's fictional small town. Friendship Bread is the novel before The Avalon Ladies Scrapbooking Society and introduces us readers to Avalon and Madeline Davis and her Tea Salon before her establishment became the town's hub.It all starts with an elderly man. A man who knows and loves his neighbors. One neighbor is Julia Evarts. She hardly ever leaves her house any more. The house is no longer a home. The joy died five years ago with her son, Josh. But an unexpected gift of an Amish Friendship Bread Starter and loaf will lead Julia back to the land of the living and will also transform both her and Avalon in many ways.Hannah, Madeline, and Julia are wonderful characters. They are so well developed that I am longing to meet them and the rest of the Avaloneons. To me, that is a gift from an author whom creates a world and characters that you want to inhabit and befriend yourself."}, {"userName": "Charity", "userReviewDate": "Jul 25, 2011", "userURL": "http://www.goodreads.com/user/show/4965861-charity", "userReview": "Healing comes from an unexpected gift: friendship bread. The story follows the lives of five women, all at different painful areas of life and all of them struggling alone from the weight of the pain they are going through. One day, Julia comes home to find a plate with a loaf of bread, and a recipe for friendship bread. Her five-year-old daughter Gracie pleads for her to make the recipe because she wanted her daddy to try some of it. And in 10 days, Julia is left with bags of starter and sends them to school with Gracie. What happens is an epidemic of friendship bread. While the bread is a sweet spot in the story, the pain and grief the women and families that are the focus of the story is not. Ms. Gee has written this story so well that the reader feels the pain and heartache of each character. The reader cannot help but cry, feel hope, smile, laugh, and cry some more while reading 'friendship bread'. This is one of my new favorite books and having the recipes to play with is just an added bonus. I have chosen for my book club to read Friendship Bread this fall."}, {"userName": "Stacy", "userReviewDate": "May 06, 2011", "userURL": "http://www.goodreads.com/user/show/1911526-stacy", "userReview": "I can't really say I didn't like it because I never finished it. There are too many GOOD books out there so I decided not to sit through this mediocre one. (I'm possibly being unfair since I recently read some really good stories just before trying this out.) For me, a good book grabs you right from the start and never lets you go until you reach that last page. When you have to get up and do something else, you find yourself still thinking about what's going on, and you do whatever it takes to be able to get back to it to find out what happens next. It probably got better after the spot where I called it quits, but for me it was a sleeper, and really did put me to sleep. I did not relate with any of the characters and never once came anywhere close to losing myself in the story (which is one way I measure a novel's worth.)From the cover, it looks inviting! And usually I really CAN judge a book by its cover. But this time I was wrong."}, {"userName": "Lindsey Gandhi", "userReviewDate": "Mar 27, 2018", "userURL": "http://www.goodreads.com/user/show/3615215-lindsey-gandhi", "userReview": "This book is just as warm, delightful, cozy, fragrant and delicious as the Amish friendship bread that brings this town, these families and friends together. Food has a healing power to break down walls, and this book is a good example of that."}, {"userName": "thewanderingjew", "userReviewDate": "Jul 20, 2011", "userURL": "http://www.goodreads.com/user/show/2309191-thewanderingjew", "userReview": "In the first few pages, the mood is set. The book appears to be one that will be pleasant to read. It is about love, friendship, relationships and all the myriad things that can happen to someone in their lives, both good and bad. The author speaks in a charming, simple tone and makes you feel right at home, just like the friendship bread which seems to be at the core of the story, the theme that ties it all together.It is an easy book to read, perhaps more like a beach read. Although it seems like a very \u201clight\u201d book, written very simplistically, it imparts a message about friendship which is open to many interpretations. If we explore how each of us thinks we go about making friends or what each of us considers to be the meaning of friendship or commitment, we could probably have a very lively discussion!Although it is not a book of great depth, and some of the characters are a bit weak and shallow, I would not dismiss it. It tackles so many subjects that have great depth: death of a child, death of a husband, divorce, estrangement in families, infidelity, pregnancy, ambition, self-respect and relationships in general etc. It is because of that, that I believe it would be a marvelous book to discuss in a group.Julia has lost a child, Hannah, a former concert cellist, is going through a divorce, Madeline, the elderly owner of the town tea shop, is suffering from her own period of adjustment and loneliness after the death of her husband, Livvy is estranged from her sister and she and her husband are having deep financial difficulties. And then there is Edie (unmarried, living with the town doctor), the reporter who exposes the Friendship Bread to the world and with it hurt several people in the process. She struck an angry nerve within me. Consumed with self interest, she writes her story, and instead of emphasizing the goodness of the effort, she emphasizes the negatives in an attempt to gain fame for herself and play \u201cgotcha\u201d with someone\u2019s life without thinking about the consequences of the act she has committed. She is a caricature of today\u2019s journalist, willing to do anything to get the story, regardless of whether or not the facts are stretched or even real. Another character who tries to throw a monkey wrench into other people\u2019s lives is Vivian. She is an over ambitious, unhappy woman who will stop at nothing to get ahead. She doesn\u2019t respect the bonds of marriage, the protocols of her office or the boundaries imposed by its hierarchy and has an overblown idea of her own importance.Oddly, I felt as if the men in the story were portrayed softer, weaker perhaps, at times, but more human too; as characters they seemed filled with positive energy and were definitely without the emotional excesses of many of the women cast in the novel. They seemed put upon by life, innocent in the whirlwind that engulfed them while the women seemed to be more the cause of their own problems because of their own weaknesses or insecurities.There are several extraneous characters whose stories suddenly appear without any serious development. Some of the characters seem like caricatures of themselves, and often, the dialog is trite and the situations seem over used. That said: the redeeming feature of the book is its ability to empathize with, and also illustrate, the issues that confront all of us today, in one way or another. Also, it is a fairy tale and who doesn\u2019t like a fairy tale with a happy ending?"}, {"userName": "Melissa", "userReviewDate": "Feb 08, 2011", "userURL": "http://www.goodreads.com/user/show/4877728-melissa", "userReview": "***Please note: This book was received as a free ARC copy. Obtained through the Goodreads First Reads program***This book was entirely charming and definitely one of those feel good types of books. While its probably not a classic or masterpiece, in its own way its just as good as any of those types of books. Maybe I'm biased because I love food and heartwarming stories, but I think this book rates five stars easily. For those not familiar with Friendship Bread, it is a fermented starter that is lovingly cared for for 10 days, and then split into four with the owner keeping one to bake and three to give away and keep the starter circulating. If you've ever been the recipient of a starter you know it makes awesome bread, but gets a bit overwhelming at times.There are many characters and happenings in this book but one thing remains solid; friendship bread is the primary character in this novel. From Julia, who has been in a deep depression ever since her son died to Hannah, a talented cellist who is going through a separation with her husband, friendship bread changes the outlook of each of these women and helps them be strong on their own. They find solace in each other and at Madeline's tea shop, where the kindly Madeline plys them with baked goods and friendship. There is also Edie, who is desperately wanting to report on a good story and who is lukewarm on accepting advances of friendship from Livvy (who happens to be Julia's estranged sister). There are several other characters short stories as well in the novel that are used to show how the friendship bread starter is being passed around town. While the story has much to do about delicious food and the bread itself, it is more wrapped around the people that make the small town so unique.The characters in this book are wonderfully and all delightfully real. They have their flaws and make mistakes, but they strive to work through them. They just seem very human in a wonderful sort of way. I especially was enchanted with Madeline, the owner of the tea shop, because she seemed like someone I would be friends with and real life and she could cook some fabulous sounding dishes.The writing was good. I'm not a fan of the tense Gee used but after awhile I was able to ignore it and really get into the story. In fact, I could barely put the book down I enjoyed it so much. It is an easy story to read and filled with emotion, friendship and love. There's nothing offensive in the writing and any age groups would be fine for this novel. The pace is done well in addition and I was glad to see that Gee included an epilogue for the readers to follow up on the story and characters. It was a pleasant surprise.I'm very pleased that I got a chance to read this book. I would definitely read other books by Gee and will be on the lookout for more works from her. I highly recommend this book; especially to those who love food and cooking books.Friendship BreadCopyright 2011363 pages + recipes and tipsReview by M. Reynard 2011"}, {"userName": "Librarybarbie", "userReviewDate": "Jan 31, 2011", "userURL": "http://www.goodreads.com/user/show/4395395-librarybarbie", "userReview": "I received this book as part of the Goodreads Giveaway and I am so happy I did. I loved it!Friendship Bread was an absolute delight to read. Having grown up in a small town, the atmosphere captured on the page was so realistic. From the descriptions of the attitudes towards those new to the town complete to the feelings of never wanting to leave because you are a part of something bigger. The characters were witty and so well created. There were times you could see there the plot was heading and instead of it being a moment when you are ready to put the book down, I found myself pushing them or pulling for them and cheering as it all came together.Being a personal victim of a Amish Friend Bread outbreak, I can attest to the realism of the fear and loathing in people's faces when you are seen with a starter in your hand, even if decorated nicely. I loved the solution of what to do with all of the starter and the way it brought the community and families back together.As much as I loved the rest of the book, my favorite part might be the Prologue and Epilogue. It wraps the story up in a beautiful ribbon. The book would be good without it but they make it something special."}, {"userName": "Cherie", "userReviewDate": "Feb 28, 2013", "userURL": "http://www.goodreads.com/user/show/6460330-cherie", "userReview": "All wrapped up just like a loaf of fresh bread. I enjoyed the story and characters very much."}, {"userName": "Linda", "userReviewDate": "Mar 15, 2018", "userURL": "http://www.goodreads.com/user/show/7664381-linda", "userReview": "Charming story of a small town, filled with wonderful characters who are real people. No one is perfect-- they are each struggling with life's challenges. The story is centered around a unique recipe for Friendship Bread, a cake like bread, which is made from a sourdough starter that needs to be fed and nourished, just like people. The story is a chain letter metaphor of one good deed blossoming into many more. The book started out slowly, as there were so many characters to keep straight, but as I did, the story just grew (similar to the bread). Included are directions for anyone so inclined to bake the bread, as well as an assortment of variations. Do not read this book on an empty stomach!"}, {"userName": "LORI CASWELL", "userReviewDate": "Apr 09, 2011", "userURL": "http://www.goodreads.com/user/show/4770012-lori-caswell", "userReview": "Julia is living as a mere shell of herself just going through the motions doing the absolute minimum with her life as she tries to deal with the grief of losing her son. She blames her sister for his death so they have become estranged. Her husband loves her with all his heart but while dealing with his own grief their marriage seems to be falling apart right before their eyes.Then one day as Julia arrives home with her daughter they find a plate on their porch with a sample of a wonderful bread along with a bag of Amish Friendship Starter Batter with detailed instructions. Julia probably would have thrown it away but her daughter was so excited they decided to give the bread a try.This ziploc bag of starter starts a whole phenomenon is the small town of Avalon, Illinois. It helps Julia start to heal, and she makes friends with two other ladies who are new to Avalon, each with their own problems and stories. As these friendships grow so does the effect of the friendship bread. One small bag of batter brings us a story of love, loss, and friendship. It also brings a community together in a way that is unimaginable.I remember this starter and recipe being passed around here several years ago but it didn't have the same effect here as it does in this book. If people saw you carrying a bag of batter they stopped and started walking the opposite direction.I have to say that after reading this book I was wishing our experience could have been more like the one in Avalon. This book was as much of a treat as the bread it is based on. It is not a book to be rushed through but a story to savored. There are a lot of times where you stop to think maybe we are missing something in our rushed, hurry up, technical lives of today. True friendships today can become rare because we are all being pulled in different directions, with our jobs, our kids events, school or the many other things that snatch us away from taking time for ourselves. I was wishing for a tea shop like the one in the book, where these women gathered and had time to build forever relationships with each other. The truly took lemons and turned them into lemonade or batter and turned it into such tasty treats.Darien Gee's words were just a pleasure to read. She had me laughing one minute and tears in my eyes the next. This is an engaging story that should not be missed by anyone who loves Woman's Fiction. Can a loaf of bread fix all the wrongs in the world, repair broken families, bring old friends back together and add more friends to enrich our lives? No, but it definitely started those things in motion in this wonderful story.There are several recipes included in the book. There are Facebook pages and websites dedicated to Amish Friendship Bread. One of them says \"This is more than a recipe it is a way of thinking.\" That is shown completely is this story. Thank you Darien for writing a beautiful story with a wealth of insight and about the true warmth of friendship. Disclosure of Material Connection: I received this book free from Ballantine Books, I was not required to write a positive review. The opinions I have expressed are my own. I am disclosing this in accordance with the Federal Trade Commission\u2019s 16 CFR, Part 255 : \u201cGuides Concerning the Use of Endorsements and Testimonials in Advertising.\u201d"}, {"userName": "WifeMomKnitter", "userReviewDate": "Jan 11, 2011", "userURL": "http://www.goodreads.com/user/show/2383703-wifemomknitter", "userReview": "From the Goodreads.com synopsis: \"One afternoon, Julia Evarts and her five-year-old daughter, Gracie, arrive home to find an unexpected gift on the front porch: a homemade loaf of Amish Friendship Bread and a simple note: I hope you enjoy it. Also included are a bag of starter, instructions on how to make the bread herself, and a request to share it with others. Still reeling from a personal tragedy that left her estranged from the sister who was once her best friend, Julia remains at a loss as to how to move on with her life. She\u2019d just as soon toss the anonymous gift, but to make Gracie happy, she agrees to bake the bread. When Julia meets two newcomers to the small town of Avalon, Illinois, she sparks a connection by offering them her extra bread starter. Widow Madeline Davis is laboring to keep her tea salon afloat while Hannah Wang de Brisay, a famed concert cellist, is at a crossroads, her career and marriage having come to an abrupt end. In the warm kitchen of Madeline\u2019s tea salon, the three women forge a friendship that will change their lives forever. In no time, everyone in Avalon is baking Amish Friendship Bread. But even as the town unites for a benevolent cause and Julia becomes ever closer to her new friends, she realizes the profound necessity of confronting the painful past she shares with her sister. About life and loss, friendship and community, food and family, Friendship Bread tells the uplifting story of what endures when even the unthinkable happens.\"I received this book as an Advanced Reader's Edition through LibraryThing's Early Reviewer program. When I found out I won it, I literally jumped up and down with joy. No, really. I did!The book mainly focuses on the friendship that develops between Julia, Madeline and Hannah as they work through the issues that each one is dealing with and how they help and support each other. I absolutely loved this book and, I have to admit, had a little bit of trouble putting it down at night. The story had a good flow to it and the characters were all well-rounded. I liked how the author introduced various Avalonians throughout the book. The other thing that I thought was really cool was how the book truly came full circle. When you read the book, you'll know what I mean. ;-)The instructions for the Amish Friendship Bread which, let's face it, was the real star of this book, are included in the back of the book along with variations on the original recipe. If you like the writing styles of Kristen Hannah, Luanne Rice, Jane Green, and Kate Jacobs, you'll love this book as much as I did."}, {"userName": "Laurie Carlson", "userReviewDate": "Jul 15, 2011", "userURL": "http://www.goodreads.com/user/show/4898049-laurie-carlson", "userReview": "I first knew about Amish Friendship Bread back in the late 80's, or early 90's. I was a few years out of High School and really into the Amish. My Mother brought home a starter bag of this bread in the form of dough. We left it on the counter and let it ferment, and baked it on the 10 day mark. It was SO delicious! Then, that was it. I didn't hear about it again until lately, since this book came out! I first saw this book on an online Book Blog. I made the Starter Recipe from there. I went back to the site to get the recipe to bake it 10 days later. They were talking more about the book, and then I saw there was an online Social Page about this book as well. I was HOOKED! I HAD to buy this book! I came to Amazon to purchase it on my Kindle because I couldn't wait to get it!! I HAD to have it NOW! I thought it would be a book full of recipes, but no! It is a novel that takes place in Avalon, Illinois, where 5 different characters/families are involved in giving and receiving the Starter Recipe, a Starter Bag of Dough, and a Loaf of this Amish Friendship Bread. It connects all the characters together with some really neat stories! My favorite story was about the Police Officer who found a bag of the Starter Mix with one of the characters! He was going to send it to the Lab to have them figure out 'what is this thing?'. I was roaring! This is the only book I have purchased that takes a recipe about a loaf of bread, and weaves it into a novel! A GREAT novel, at that! SO creative! I was SO surprised when I started reading this book! Here I was, expecting a book FULL of recipes, and it IS a novel! A WONDERFUL heart-warming novel! In the back of the book there are many different varieties of recipes you can choose from to bake! So the author DOES provide you with some! There is still the Book Blog that has recipes for this bread as well as the Social Networking site still available! I hope they keep that up so we can all continue to share recipes for this bread! I am keeping my starter going! I have handed it out to ALL my friends now, and am looking for MORE recipes so I can continue to use my starters every 10 days! Some of the recipes can be used right away, such as for pancakes! I HIGHLY recommend this book to people who LOVE to bake! I can't cook well, but I CAN bake! This bread is SO delicious, too! The story alone is wonderful! You won't be disappointed by this book at all, in fact, you will be SO surprised! Enjoy it!"}, {"userName": "Jayne", "userReviewDate": "Feb 25, 2011", "userURL": "http://www.goodreads.com/user/show/942223-jayne", "userReview": "What a great book! Ms. Gee does a wonderful job presenting the lives of the people of Avalon and the challenges each person faces. I love how the friendship bread is almost like a 10 step therapy process as it helps and heals. I received this book from Random House in anticipation of it's April release. My full review as seen on MoanaSaves.com is copied below.(http://www.moanasaves.com/2011/03/fri...)Have you heard of (or tasted) Amish Friendship Bread? The cinnamon bread/cake is made from a sourdough starter and is often shared with others in a way similar to a chain letter. Darien Gee's new novel entitled Friendship Bread tells the story of Julia Evarts and how one simple loaf of bread changed her life and eventually the lives of those in her community.I'm a pleasure reader when it comes to books. Every now and then I find a really good book and reading it is like a good chat with an old friend. This book hits that nail on the head! Here are a few of the reasons I enjoyed this book:* The book is \"Dedicated to the Mothers.\" I love this! I related to so many parts of this story. As a wife and mother I laughed and cried right along with the female characters.* The story is current and personal with references to the economy and local natural disasters. Regardless of where you call home we can all relate to job layoffs or ill weather that affect us or our loved ones.* Recipes are included in the back! I've made Amish Friendship Bread but never any of these variations: banana nut, butterscotch, double chocolate, lemon poppy seed, pineapple macadamia nut, pistachio cherry, pumpkin cranberry or zucchini. I especially want to try the Chocolate Caramel Brownies made from the friendship bread starter.* Friendship bread starter takes 10 days to ferment. While reading the book I liked to compare the 10 day process to an extended therapy session. I knew if one character had a trial and they had also received a bread starter that I could keep reading with confidence and by the time they baked their bread they were well on the road to solving their problems. * The biggest lesson learned for me while reading this novel was Madeline's words of advice on a particularly bad day. In short, her words were that the unexpected turns make life rich. This is a great reminder to me that when the going gets tough those are the moments that define who I am and who I'm becoming."}, {"userName": "Brandy", "userReviewDate": "Feb 10, 2011", "userURL": "http://www.goodreads.com/user/show/936713-brandy", "userReview": "I won this book through first reads and I am delighted that I get to give it a positive review!My rating would probably be closer to 3.5 stars than 4 but the message of the story pushed me to 4 since I couldn't choose 3.5.As I was reading this book and even shortly after I was slightly disappointed that this book didn't give me more. I just wanted it to be deeper. Half way through I was thinking \"where is the meat\"?Now that it has been a couple days since I have read it I realized it had everything I needed. The story is about a small town in northern Illinois. One day a bag of friendship starter is found on the porch of Julia, who has a tragic background, and is struggling with depression. At the prodding of Gracie, her daughter she reluctantly feeds the starter and sends extra bags off to school with Gracie to give away to friends.The friendship starter grows to be almost an epidemic. Gee beautifully weaves the story of the starter with the stories of ladies living in the town with their own set of problems. I think that Gee did a wonderful job at character development and I truly felt I could relate with each of the ladies as I got to know them.The thing I loved about this book is that as we follow a simple friendship bread starter we also see that truly it is by small and simple means that great things are brought to pass. Friendships are made and lives are changed. I especially loved the subtle message that it is only when we are serving others that our own problems melt away. This book is one that has caused me to think and reflect on my own life more than I expected it to and because of that I realized that even though this book appears to be \"simple\" at first glance, it truly is great. I am so glad that I was able to read an advanced copy and I would highly recommend getting this book when it is available. This would be a great book club read. The only warning I will give is some very minor language. Though I feel the message of the book out weighs any off putting feelings the language could give."}, {"userName": "Tracy Murray", "userReviewDate": "Jan 26, 2011", "userURL": "http://www.goodreads.com/user/show/3002292-tracy-murray", "userReview": "I was fortunate enough to have this book sent to me as an Advance Readers Edition. The problem with receiving a book this way is you don't choose the book. I have to be honest I assumed it wouldn't be very good, otherwise why would they send it to me for free? I am happy to say I was wrong. This story was so much more than I expected. I expected a light piece of sweetness, instead it had substance. I am a fast and frequently impatient reader and the first few chapters had me a little nervous. I think it took me until the end of the fourth chapter before I realized I was hooked. The author keeps introducing new characters throughout the book and I worried that it was turning into a genealogy text but I rolled with it,and with no effort at all she tied them all together. For me this was a story about friendship, and heartbreak, and forgiveness, with a dash of humor and some lessons folded in.I have a friend in a city close by that is going to be receiving my copy shortly,(shhhh, no one tell her!)I may not bake but I do now how to share the things that give me that warm feeling inside."}, {"userName": "Tenna", "userReviewDate": "Feb 20, 2011", "userURL": "http://www.goodreads.com/user/show/1452854-tenna", "userReview": "I was SO glad to recieve this book as part of first reads give away. I could not put it down...to the point where I was sneaking reads inbetween client appointments. I've mentioned it before but I think a book's success is determined by it's character development. If that is any indication, Friendship Bread should quickly become a best seller. The development was so well done that the reader quickly becomes part of the book and invested in the lives of these characters. I also loved the unique way that Ms. Gee introduced new characters throughout the novel. Even these \"minor\" characters were well described and I adored how they continued to pop in and out of the story. The story was delightfully tied up at the end with a gorgeous bow on top. My only hope is that this is not the last we will see of the town of Avalon. The only downfall of the book? I spent a lot of time trying to prevent late night snacking! One word: Awesome. (and highly, HIGHLY recommended but that is way more then one word)Now if you'll excuse me, I'm off to start my first, well, starter!"}, {"userName": "Sarah Ford", "userReviewDate": "Jul 21, 2011", "userURL": "http://www.goodreads.com/user/show/3588295-sarah-ford", "userReview": "I read this book quickly. It was a cozy story, and one that drew me in quickly and flowed easily. If you are looking for an easy girlie book, in the Sophie Kinsella/Jill Mansell (except American) tradition, one that goes well with a rainy day curled up on the couch, then FRIENDSHIP BREAD should fit the bill nicely. There is a sad premise to the story--a family that has been struggling with the loss of child--which I want to put out there in case this would not be a good time to immerse yourself in that, but I will say that I believe Darien Gee wrote about that topic in a way that is sensitive and appropriate. Though there is that dark subject and others, the overall tone of the book is one of levity, with themes of empowerment and healing through community. I look forward to the rest of the Avalon series. By the way, I made the Friendship Bread starter on Tuesday. The book tells you how, and includes many recipes for when it comes time to bake! I'll be bringing some for my book club meeting next Wednesday."}, {"userName": "Galleane", "userReviewDate": "Mar 30, 2015", "userURL": "http://www.goodreads.com/user/show/7200372-galleane", "userReview": "La saveur de l'amiti\u00e9 est un joli roman doudou. Il m'a fait passer un beau moment de lecture, je l'ai referm\u00e9 avec le sourire, ravie d'avoir pass\u00e9 du temps avec ses personnages qui ont bien \u00e9volu\u00e9 entre le d\u00e9but et la fin. Ce sachet de levain, innocemment pos\u00e9 devant la porte de l'un des protagonistes, va initier quelque chose d'incroyable. Nos personnages principaux vont en ressortir grandit, mais pas que, c'est toute la ville d'Avalon qui va \u00eatre chamboul\u00e9e. Plusieurs pages nous permettent d'appr\u00e9cier son effet sur d'autres personnes, des bonus franchement agr\u00e9ables. Et la fin, termine les choses en beaut\u00e9. Je ne m'attendais pas \u00e0 ce que \u00e7a aille si loin, et le gros \u00e9v\u00e9nement de la fin a \u00e9t\u00e9 m\u00e9morable. L'\u00e9pilogue est lui aussi tr\u00e8s r\u00e9ussi. Vraiment, ce roman est un petit concentr\u00e9 de bonheur qui m'a fait du bien.Ma chronique compl\u00e8te : http://bloggalleane.blogspot.fr/2015/..."}, {"userName": "S\u00fcmeyra Altunta\u015f", "userReviewDate": "Aug 07, 2016", "userURL": "http://www.goodreads.com/user/show/50961818-s-meyra-altunta", "userReview": "Dostluk Ekme\u011fi insan ne yapm\u0131\u015f olursa olsun bunun mutlaka \u00fczerinden gelebilece\u011fini anlatan bir dostluk hikayesi.Julia \u00e7ocu\u011funu kaybetmi\u015f, \u00e7ocu\u011funun \u00f6l\u00fcm\u00fcnden Livy'i sorumlu tutan, kocas\u0131 ve k\u0131z\u0131yla ilgilenmeyen be\u015f y\u0131l ge\u00e7se bile hala ac\u0131s\u0131n\u0131 \u015fiddetle ya\u015famaya kendini inand\u0131rm\u0131\u015f bir kad\u0131n.Hannah kocas\u0131 taraf\u0131ndan aldat\u0131lm\u0131\u015f ve ne yapaca\u011f\u0131n\u0131 bilemiyor.Madeline ise yapt\u0131\u011f\u0131 hatalar\u0131n fark\u0131nda ve bunlarla y\u00fczle\u015ferek hayat\u0131na devam ediyor.Hannah, Julie ve Madeline'nin dostluklar\u0131yla birlikte hayat\u0131n tekrar ya\u015fanabilir oldu\u011funu g\u00f6rme hikayesi bir anlamda. Bana olduk\u00e7a g\u00fczel \u015feyler katt\u0131, umar\u0131m okuyan herkese de katm\u0131\u015ft\u0131r. :')"}, {"userName": "Tami", "userReviewDate": "Feb 01, 2011", "userURL": "http://www.goodreads.com/user/show/1472968-tami", "userReview": "Just received notice I have won! Can't wait to receive. Received this yesterday and finished my last book last night, so plan to start this today. I am so excited! 2/15/11Another book I wish we could give half stars. I really enjoyed it, but I am not sure I feel it is such a great book that it should get 5, so 4 1/2. I loved how the story went along, I loved the characters, except Julia, and now I want(almost) to create a start. I loved the portrayal of a small time town with such a diverse population. This would be a great book club read, especially if the club members were into baking too."}, {"userName": "Leslie", "userReviewDate": "Jun 29, 2016", "userURL": "http://www.goodreads.com/user/show/5121698-leslie", "userReview": "I really enjoyed the first half of the book. I was leaning towards a 5 star rating. The last half of the book just fell a little short to me somehow. There was just a little too much talk of the bread. But, oh how I loved the ending. I am going to read the one about scrap booking next. And, am about to mix up a starter. I am not planning on sharing any. Just make the bread for a one time experience. I think having read the book will make me enjoy it even more. This is an excellent feel good book."}, {"userName": "Melody", "userReviewDate": "Feb 13, 2012", "userURL": "http://www.goodreads.com/user/show/795028-melody", "userReview": "This book was just what I needed. not that I needed it, but to remind me how much I love my friends and my family. that no matter how big of a shit deal life hands out, there is a light at the end of the dark dark tunnel. I dont make amish friendship bread, but I have have knitters as my dear dear friends and I love them all very much."}, {"userName": "Denise Richter", "userReviewDate": "Apr 02, 2017", "userURL": "http://www.goodreads.com/user/show/18528280-denise-richter", "userReview": "Ab und an braucht meine Seele einen sehr positiven Schm\u00f6ker. Und wenn es dann noch um Kuchen geht, umso besser. \"Und das steckt alles in einem Beutel Teig.\" In einer kleinen Stadt namens Avalon lebt Julia Evarts mit ihrem Mann Mark und ihrer kleinen Tochter Gracie. Sie hat eine Trag\u00f6die erlebt und trauert immer noch, ihre Ehe ist fast am Ende und Julia braucht viel Kraft, um wenigstens die kleinsten Sachen hinzubekommen. Eines Tages steht vor ihrer Haust\u00fcr ein Teller mit ein paar Scheiben Brot und einem Zettel \"Ich hoffe, es schmeckt Ihnen.\" sowie einem Beutel Teig und der Anleitung. Damit beginnt f\u00fcr Julia eine Reise in einen Prozess und sie lernt viel \u00fcber sich selbst und sie beginnt wieder zu leben - immer ein klein wenig mehr. Wer das \"Freundschaftsbrot der Amish\" nicht kennt, tja, in Deutschland ist dieser Kettenbrief benannt mit \"Herrmann\". Oh ja. Nach diesem Buch wird man den Herrmann vielleicht mit anderen Augen betrachten als bisher. ;-)"}, {"userName": "Karin", "userReviewDate": "Aug 24, 2017", "userURL": "http://www.goodreads.com/user/show/62906775-karin", "userReview": "Zu Beginn fand ich das Buch fast ein bisschen doof ... Jedoch nach gut einem Drittel wurde es sooo super! Liebe, Freundschaft, Trauer, Hilfsbereitschaft,... Lauter gute Zutate f\u00fcr ein gutes Buch!"}, {"userName": "Barbara", "userReviewDate": "Mar 26, 2017", "userURL": "http://www.goodreads.com/user/show/6948752-barbara", "userReview": "This was a reread for me. Enjoyable, easy read."}], "description": "Bir damla g\u00f6zya\u015f\u0131 ve umutla yo\u011frulmu\u015f k\u00fc\u00e7\u00fck bir hediye, k\u0131r\u0131lan kalbinizi iyile\u015ftirip t\u00fcm hayat\u0131n\u0131z\u0131 de\u011fi\u015ftirmeye yeter mi?Kaderin ona oynad\u0131\u011f\u0131 ac\u0131mas\u0131z oyun kar\u015f\u0131s\u0131nda Julia Evarts, ya\u015fama sevincini kaybetmi\u015ftir. \u00c7ekti\u011fi t\u00fcm ac\u0131lar\u0131n ise tek bir sorumlusu vard\u0131r. Bir zamanlar en yak\u0131n arkada\u015f\u0131 olup da art\u0131k y\u00fcz\u00fcn\u00fc bile g\u00f6rmek istemedi\u011fi k\u0131z karde\u015fi...Bir g\u00fcn k\u00fc\u00e7\u00fck k\u0131z\u0131 Gracie ile birlikte eve geldiklerinde, kap\u0131n\u0131n \u00f6n\u00fcnde \u00e7i\u00e7ek desenleriyle bezenmi\u015f bir tabak ve yan\u0131nda bir tarif bulurlar. \u00dczerine ise bir not ili\u015ftirilmi\u015ftir: \"Umar\u0131m be\u011fenirsiniz.\" Julia, bu beklenmedik hediyeden kurtulmak istese de k\u0131z\u0131n\u0131 mutlu etmek ad\u0131na tarifi denemeye karar verir.\u00c7ok ge\u00e7meden kasabalar\u0131na yeni ta\u015f\u0131nm\u0131\u015f olan iki kad\u0131nla tan\u0131\u015f\u0131r. E\u015fini kaybetmi\u015f olan Madeline Davis, hayata tek ba\u015f\u0131na devam etmenin bir yolunu ararken, \u00fcnl\u00fc \u00e7ellist Hannah Wang de Brisay ise kocas\u0131yla bo\u015fanmak \u00fczeredir. Teselliyi, adeta bir s\u0131\u011f\u0131nak olarak g\u00f6rd\u00fckleri dostluklar\u0131nda bulacak olan bu \u00fc\u00e7 kad\u0131n, g\u00fcn gelip de \u015fu c\u00fcmleyi s\u00f6yleyebilecek midir? Her \u015feye ra\u011fmen hayat g\u00fczeldir. Bizi bize anlatan s\u0131cac\u0131k, lezzetli bir hik\u00e2ye... K\u00e2h a\u011flatan k\u00e2h sinirlendiren k\u00e2h g\u00fcld\u00fcren Dostluk Ekme\u011fi, imk\u00e2ns\u0131z gibi g\u00f6r\u00fcnenleri ger\u00e7ekle\u015ftirmenin, asl\u0131nda bizim elimizde oldu\u011funu muhte\u015fem bir dille anlat\u0131yor. \"Okuyucular\u0131n bu i\u00e7 \u0131s\u0131tan hik\u00e2ye kar\u015f\u0131s\u0131nda duygular\u0131na h\u00e2kim olabilmeleri imk\u00e2ns\u0131z. Tabii, o muhte\u015fem tarifi de unutmamak gerek...\"", "title": "Dostluk Ekme\u011fi", "url": "http://www.goodreads.com/book/show/18139762-dostluk-ekme-i", "average": 3.75, "cover": "https://images.gr-assets.com/books/1372579763l/18139762.jpg", "reviews": 1208, "authors": [{"url": "https://www.goodreads.com/author/show/4472748.Darien_Gee", "name": "Darien Gee"}, {"url": "https://www.goodreads.com/author/show/7154001.Simge_lmez", "name": "Simge \u00d6lmez"}], "type": ["Fiction", "Womens Fiction", "Food and Drink", "Contemporary"], "outlinks": ["http://www.goodreads.com/book/show/9744817-friendship-bread", "http://www.goodreads.com/book/show/9744817-friendship-bread", "http://www.goodreads.com/book/show/9744817-friendship-bread", "http://www.goodreads.com/book/show/9744817-friendship-bread", "http://www.goodreads.com/book/show/10410107-friendship-bread", "http://www.goodreads.com/book/show/9744817-friendship-bread", "http://www.goodreads.com/book/show/9744817-friendship-bread", "http://www.goodreads.com/book/show/9744817-friendship-bread", "http://www.goodreads.com/book/show/9744817-friendship-bread", "http://www.goodreads.com/book/show/9744817-friendship-bread", "http://www.goodreads.com/book/show/9744817-friendship-bread", "http://www.goodreads.com/book/show/9744817-friendship-bread", "http://www.goodreads.com/book/show/9744817-friendship-bread", "http://www.goodreads.com/book/show/11055294-friendship-bread", "http://www.goodreads.com/book/show/9744817-friendship-bread", "http://www.goodreads.com/book/show/9744817-friendship-bread", "http://www.goodreads.com/book/show/9744817-friendship-bread", "http://www.goodreads.com/book/show/9744817-friendship-bread", "http://www.goodreads.com/book/show/9744817-friendship-bread", "http://www.goodreads.com/book/show/9744817-friendship-bread", "http://www.goodreads.com/book/show/9744817-friendship-bread", "http://www.goodreads.com/book/show/9744817-friendship-bread", "http://www.goodreads.com/book/show/20810153-la-saveur-de-l-amiti", "http://www.goodreads.com/book/show/9744817-friendship-bread", "http://www.goodreads.com/book/show/9744817-friendship-bread", "http://www.goodreads.com/book/show/9744817-friendship-bread", "http://www.goodreads.com/book/show/9744817-friendship-bread", "http://www.goodreads.com/book/show/11488867-je-s-er-das-leben", "http://www.goodreads.com/book/show/9744817-friendship-bread", "http://www.goodreads.com/book/show/13642949-the-avalon-ladies-scrapbooking-society", "http://www.goodreads.com/book/show/18868730-an-avalon-christmas", "http://www.goodreads.com/book/show/33148584-an-avalon-valentine", "http://www.goodreads.com/book/show/22440903-writing-the-hawaii-memoir", "http://www.goodreads.com/book/show/22096320-pele-in-therapy"]}