{"ratings": 7070, "userreviews": [{"userName": "Rebecca", "userReviewDate": "May 29, 2009", "userURL": "http://www.goodreads.com/user/show/250717-rebecca", "userReview": "I have mixed feelings about this book. It was a nice contrast and complement after \n  The Pillars of the Earth\n, as that book was set in a monastery in England and this one in a convent in France, though 500 years later. I have not read Chocolat by Harris, but of course I have seen the movie and thoroughly enjoyed it.This book is quite different\u2014much darker and without a satisfactory ending (in my opinion). I liked the character development of Juliette and the fact that she found peace and comunity at the island convent after her rather troubled past as a gypsy and circus performer. She sought refuge there after she realized she was pregnant, and for awhile she is able to lead a fairly restful life, raising her daughter, tending the herb garden, and teaching Latin to the novices. This all changes when LeMerle, a man from her past, arrives masquerading as a priest with the new strict abbess, with his own evil agenda.One of the most interesting tidbits of the book was that while the sculpture of the patron saint of the convent, Maire-de-la-mer, is said to be the Holy Mother, it is more than likely a mermaid. While another reviewer has pointed out that this church does not in fact exist, it made me think again how the pagan customs of local people were often merged into the Catholic belief system. It was akin to the blood oath at the Scottish marriage in Outlander by Gabaldon, as well as the Celtic practice that married monks were acceptable in Ireland long after such practices were banned elsewhere, as mentioned in Rutherford\u2019s The Princes of Ireland. This blending of the pagan and the holy pervades the book, manifested not just in the sculpture, but also in Juliette\u2019s herbal remedies as well as her surreptitious card readings to divine LeMerle\u2019s purpose at the convent. The mystery/thriller aspect of the book did keep me riveted, and I finished it in a few hours this afternoon by the pool. However, I felt the ending would have been better if Harris had finished after the final scene at the convent. Overall, I would recommend it as escapist summer reading, with a darker overtone."}, {"userName": "Nimue Brown", "userReviewDate": "Aug 17, 2012", "userURL": "http://www.goodreads.com/user/show/6091697-nimue-brown", "userReview": "A gorgeous, compelling story set in mediaeval France, Holy Fools has all the ingredients I love in Joanne Harris\u2019s books. There\u2019s a strong, complex heroine with pagan inclinations, a few villains, a slightly gothic setting, and a lot of less than comfortable reflections on the human condition. Harris has a very warts and all approach to portraying people. She doesn\u2019t tend to do clear lines between the wholly good and the wholly bad, and I love this about her work.One of the themes running through this novel is that way in which people are often complicit in their own oppression. In trying to please the oppressor, and trying to avoid punishment, we give other names to the witch hunter. We accuse someone else to take attention from ourselves. So often what is called for in oppressive scenarios is a banding together to fight off the tyrant. If there\u2019s one tyrant and many people being mistreated, weight of numbers should fix it, but often it doesn\u2019t. Instead, in trying to protect ourselves, we uphold evil systems and support those who abuse us.This is a powerful story, the characters are many and brought to life with consummate skill. I am absolutely convinced that just reading Joanne Harris has the effect of making me a better author. I learn so much from her work, and am constantly aware that I have a lot of learning to do yet."}, {"userName": "Zahra Dashti", "userReviewDate": "May 18, 2017", "userURL": "http://www.goodreads.com/user/show/20404423-zahra-dashti", "userReview": "\u06a9\u062a\u0627\u0628 \u0644\u0630\u062a \u0628\u062e\u0634\u06cc \u0628\u0648\u062f \u060c \u06a9\u0634\u0634 \u062e\u0648\u0628\u06cc \u062f\u0627\u0634\u062a \u060c \u0634\u062e\u0635\u06cc\u062a \u0647\u0627\u06cc \u062c\u062f\u06cc\u062f \u0648 \u0628\u062f\u06cc\u0639 \u060c \u062a\u063a\u06cc\u06cc\u0631 \u062e\u0644\u0642 \u0648 \u062e\u0648\u06cc \u0634\u062e\u0635\u06cc\u062a \u0627\u0635\u0644\u06cc \u0628\u0647 \u062e\u0627\u0637\u0631 \u0645\u0627\u062f\u0631 \u0634\u062f\u0646 \u0648 ....\u06a9\u0645\u06cc \u062c\u0633\u0648\u0631\u0627\u0646\u0647 \u0647\u0645 \u0628\u0648\u062f. \u062f\u0627\u0633\u062a\u0627\u0646 \u062c\u0630\u0627\u0628\u06cc\u062a \u062e\u0627\u0635 \u062e\u0648\u062f\u0634 \u0631\u0648 \u062f\u0627\u0634\u062a \u0627\u0645\u0627 \u0636\u0639\u0641 \u0647\u0645 \u062f\u0627\u0634\u062a \u060c \u0633\u0631\u0639\u062a \u0648\u0642\u0627\u06cc\u0639 \u0628\u0647 \u0646\u0638\u0631\u0645 \u06a9\u0645\u06cc \u0632\u06cc\u0627\u062f \u0628\u0648\u062f \u060c \u0627\u0632 \u0637\u0631\u0641\u06cc \u0645\u0639\u0645\u0627\u0647\u0627 \u0648 \u0627\u062a\u0641\u0627\u0642\u0627\u062a \u0648 \u062a\u0648\u0636\u06cc\u062d\u0634\u0648\u0646 \u062e\u06cc\u0644\u06cc \u0628\u06cc\u0634 \u0627\u0632 \u0627\u06cc\u0646 \u062a\u0648\u0636\u06cc\u062d \u0644\u0627\u0632\u0645 \u062f\u0627\u0634\u062a. \u0628\u0639\u0636\u06cc \u0645\u0648\u0627\u0631\u062f\u0634 \u062e\u0648\u0628 \u0628\u0648\u062f \u0648\u0644\u06cc \u0628\u0639\u0636\u06cc \u0647\u0627\u0634 \u0631\u0648 \u06a9\u0645 \u062a\u0648\u0636\u06cc\u062d \u062f\u0627\u062f\u0647 \u0628\u0648\u062f \u0648 \u062e\u0648\u0627\u0646\u0646\u062f\u0647 \u0642\u0627\u0646\u0639 \u0646\u0645\u06cc \u0634\u062f. \u0627\u0644\u0628\u062a\u0647 \u0686\u0648\u0646 \u06a9\u062a\u0627\u0628 \u062a\u0631\u062c\u0645\u0647 \u0628\u0648\u062f \u060c \u0634\u0627\u06cc\u062f \u0647\u0645 \u0628\u0639\u0636\u06cc \u0645\u0648\u0627\u0631\u062f \u062a\u0648\u0636\u06cc\u062d \u062f\u0627\u062f\u0647 \u0646\u0634\u062f\u0647 \u0628\u0647 \u062e\u0627\u0637\u0631 \u0645\u0645\u06cc\u0632\u06cc \u0648 ...\u062a\u0631\u062c\u0645\u0647 \u0647\u0645 \u062e\u0648\u0628 \u0648 \u0631\u0648\u0627\u0646 \u0628\u0648\u062f.\u062f\u0631 \u06a9\u0644 \u062f\u0627\u0633\u062a\u0627\u0646 \u067e\u0631\u06a9\u0634\u0634 \u0648 \u062c\u0630\u0627\u0628\u06cc \u0628\u0648\u062f ."}, {"userName": "Sarah", "userReviewDate": "Jun 02, 2011", "userURL": "http://www.goodreads.com/user/show/5524769-sarah", "userReview": "Although I really enjoy reading Harris\u2019s works, I\u2019m beginning to wonder if she has something against the Catholic church. In the majority of the books I\u2019ve read written by her, someone or something from the Catholic church ends up being the baddie, and the Church itself is inevitably portrayed as corrupted and judgmental. I\u2019m not Catholic, but I\u2019d hope that someone who is as lovely an author as she is could branch out a little in her pool for villains.This book, while still engaging in much magical realism, isn\u2019t quite as engaging as some of her other works. It tells the story of Juliette \u2013 a former wire walker (a type of acrobatic tight-rope walker) who has abandoned her old life in order to take care of her daughter. She has chosen an out-of-the-way monastery by the ocean in order to do this and has reinvented herself as Sister Auguste. When her past comes back to haunt her in the form of a man she once loved, Juliette must use all her wits and courage in order to save her daughter and the nuns she has come to care for.For some reason, I couldn\u2019t precisely enjoy this story as much as any of Harris\u2019s others. Juliette was interesting, and the suspense built throughout the book was extraordinary\u2026but I never felt quite confident in what was going on. It was as if I never felt in step with the characters. They were there on the page for me to get to know, but I wasn\u2019t interested in them. The story was great, and the setting, and the characters, but it just lacked the zip to hold my interest."}, {"userName": "Saleh MoonWalker", "userReviewDate": "Jul 26, 2017", "userURL": "http://www.goodreads.com/user/show/66648866-saleh-moonwalker", "userReview": "Onvan : Holy Fools - Nevisande : Joanne Harris - ISBN : 60559128 - ISBN13 : 9780060559120 - Dar 368 Safhe - Saal e Chap : 2003"}, {"userName": "Dorottya", "userReviewDate": "Oct 19, 2017", "userURL": "http://www.goodreads.com/user/show/15478679-dorottya", "userReview": "Not at all what I anticipated (from the blurb I have read online, I was expecting it to be more of a theatre based story), but I loved it either way.I loved all the twists and turns in the story, and the fact I could never be sure what to think about each character other than Juliette, our main narrator, because everything that seemed to be true was uncovered to be false... especially behaviours of certain people.What the novel said about sin, behaviours of people who are not void of sins, what we choose to believe in, about motherhood and motherly instincts, jealousy etc. was so deeply rooted in real psychology, thus it hit hard for me because of its genuinity. To be honest, I see certain behavioural patterns portrayed in the book more present in today's era THAN EVER. Getting petty revenge on people who ridicule us. Believing in and giving their trust to the people who are cunning and who can sell themselves (if they are attractive, it does not hurt, right?). Using gullible and/or young and inexperienced people to reach one's goal. Suspecting the \"weird\" people when something is going wrong. People seemingly getting along nicely playing each other out to be near the fire.(not to even talk about how eerily the \"theatre part\" is resonating with the big abuse scandal of Hollywood... you would have thought we have reached a point where actresses are not treated as prostitutes to prominent men...)But I also liked how religious communities in good times were shown. I do think this was drawn from reality, too - how they sometimes act as refuge for those whose lives seem irrepairable.I liked how the villain was villanous and someone who love to hate with this enigmatic evilness in him - but at the same time, he was not an empty shell, and he had the motivation and a background that can explain his behaviour partly... and also, he was not without emotions. I also loved how our main heroine was not perfectly good, but likeable. I don't have children, but I think I can understand her decisions in th light of her wanting to save her daughter, for which goal she is ready to commit sins. And I also think I understood the dynamics of her relatinship with LeMerle. I can imagine that there is that sort of (partly emotional, partly sexual) passion/attraction that is really hard to break even though you know the other person is only going to cause you misery.Plus... yes, the theatre parts were a huge plus for me as someone whose biggest passion in life is theatre... or at least one of the bigger passions. I really felt there was great research behind those elements."}, {"userName": "Ana Mardoll", "userReviewDate": "Dec 27, 2009", "userURL": "http://www.goodreads.com/user/show/3078990-ana-mardoll", "userReview": "Holy Fools / 0-552-77001-9What happened here? I loved \"Chocolat\", and I adored \"Five Quarters of the Orange\". \"Holy Fools\", however, seems like it came from a completely different author. The book is acceptable, but not up to Harris' standards. To start, the Mother-Daughter theme that Harris employs so well is deeply underdeveloped here as more of a plot device than anything else. There was a lot of potential here: a nun with a beloved daughter, raising her to be safe from the outside world and yet perhaps a little too sheltered. Unfortunately, the daughter seems a little underdeveloped - neither rebellious and wanting to know the curiosities of the outside world nor a little too content in her cocoon. Instead, the daughter seems only to exist to serve as a kidnap/hostage victim so that our heroine cannot effectively flee or intervene when the madness begins. I could accept the \"daughter as hostage\" plot device, were the main character not so otherwise one-dimensional. The evil mustache-twirling villain has abused her in numerous ways, and yet she seems intently less interested in bearing a grudge and more intent on mooning her way back into his bed. Once there, however, it never seems to occur to our heroine to tie him up and \"persuade\" him to tell her the secret location of her kidnapped daughter; instead, she just focuses on having a nice tumble and heading off cheerily the next morning. The lackluster narrative conflicts deeply with the established character of the narrator - she's been shown to have great survival skills and would manage easily on her own with the child outside the nunnery, so why does it not even occur to her to take a runner? Harris' crisp insight into females isn't just lost on our heroine. All the women in this novel are almost irredeemable idiots. The nuns descend almost instantly into madness under the manipulation of the villain. This isn't presented as religious hysteria; the women seem either intensely stupid or completely eager to join the villain for their own selfish reasons. The subtlety necessary for religious hysteria seems completely absent here, which is astonishing because I believe that if anyone could have pulled it off, Harris could have. Again, what happened here? This isn't a bad novel. It's got enough cliches to shake a stick at, and it's incredibly frustrating at bits, but so are many decent novels. But this *is* a bad novel for Harris. You may enjoy this, if you check it out at a library, but don't expect Harris quality. In the end, I didn't hate it, but I was deeply disappointed.~ Ana Mardoll"}, {"userName": "Nancy", "userReviewDate": "Feb 02, 2011", "userURL": "http://www.goodreads.com/user/show/1956252-nancy", "userReview": "Joanne Harris can spin a tale! I was totally captivated by this magical, medieval story that follows two adversaries who both love and vie with each other. Juliette is a high-wire artist who was raised as a gypsy. She seeks refuge at the Abbey of Sainte Marie-de-la-mer when she becomes pregnant with her baby Fleur. She enjoys the quiet life there, tending her herbs, etc., until she once again comes in contact with the Blackbird, the conniving and cruel, yet charming Guy LeMerle, who shows up disguised as P\u00e8re Colombin de Saint-Amand, confessor to the newly appointed abbess. Juliette and LeMerle have been both lovers and antagonists and their relationship is the central theme of Harris\u2019 story. They are like magnets, the positive and negative aspects of their personalities pulling them together and thrusting them apart as they battle each other while at the same time respecting the other\u2019s moves.Set in 17th century France when internal conflicts beset the Catholic church, the story is both theatrical and intense. Harris keeps the reader\u2019s attention with the developing intrigue between her two main characters. One is never quite sure how LeMerle will manipulate events and if Juliette will continue to be a victim or emerge victorious. She knows LeMerle\u2019s favors always come with a price and the story reaches a turning point when she realizes that pride is all he has.This is the fourth Joanne Harris book I\u2019ve read and I have yet to be disappointed."}, {"userName": "Michelle", "userReviewDate": "Jan 17, 2015", "userURL": "http://www.goodreads.com/user/show/26388534-michelle", "userReview": "Magical tale based around one woman's travels and trials in the 17th century. As always Joanna Harris uses colourful prose. You can almost smell the mustiness of the nun's cell and feel the fear as Juliette navigates the high wire."}, {"userName": "Shelby *trains flying monkeys*", "userReviewDate": "Jun 22, 2009", "userURL": "http://www.goodreads.com/user/show/1053760-shelby-trains-flying-monkeys", "userReview": "I love Joanne Harris. I've yet to read one of her books I didn't like."}, {"userName": "Sharon Bolton", "userReviewDate": "Aug 15, 2012", "userURL": "http://www.goodreads.com/user/show/6225577-sharon-bolton", "userReview": "\u2018Time\u2019s black rosary counts the interminable seconds.\u2019In 17th Century France, Soeur Auguste lives a gentle, generous life in the remote island abbey of Sainte Marie-de-la-Mer, together with her daughter, Fleur. She is loved and valued by her sisters in faith, as much for her skills with medicinal plants as for her sweet and kindly nature. But Soeur Auguste is hiding a secret. She is not the impoverished widow of her \u2018cover story,\u2019 but Juliette, a one-time gypsy and circus performer, forced by the betrayal of a man she loved to seek refuge in holy orders. For the first five years of Fleur\u2019s life, all goes well, and if Juliette feels at all restless and confined in her new life, the joy she has in her daughter and her friendship with the Abbess and some of the other nuns more than make up for it. But then the old Abbess dies, and her successor is the eleven-year-old daughter of a corrupt and noble family, fanatically bent on reform. Worse still, the new Abbess has brought as her confessor and guiding priest an imposter with an evil agenda of his own. Pere Colombin is none other than Guy LeMerle (the Blackbird) the man who betrayed Juliette five years earlier. To survive in the new order and protect those she cares about, Juliette has no choice but to fight LeMerle in an increasingly dangerous battle of wits that, ultimately, only one of them can survive. The book starts sweetly, if a little slowly, as we alternate between Juliette\u2019s life in the abbey and her recollections of an earlier time on the road. It was no charmed existence: she was orphaned, separated from her adopted family, driven to begging and prostitution to survive, used selfishly by the man she loved and finally abandoned to an almost certain death. And yet, Harris captures the rich, heady essence of 17th century gypsy life in the way that, to my mind, Stef Penney completely failed to do for its 20th century equivalent in The Invisible Ones. Harris paints a wonderful, colourful picture; not a pretty one, by any means, but one completely compelling. What might be disappointing for Harris fans is that the character of Juliette can seem rather too similar to that of Vianne Rocher (Chocolat, The Lollipop Shoes and Peaches for Monsieur Le Cure) and to some extent that of Framboise (Five Quarters of The Orange. There was a sense, in the Juliette-narrated chapters, of going over old ground but the book comes to life gloriously with the entrance of Guy LeMerle, a fascinatingly immoral creation, who values others only in that they can be of use to him or amuse him and who remains irrepressible and unrepentant till the end. The follies of organized religion are themes that Harris refers to frequently in her work, but in no other book is the danger of denying natural human impulses more thoroughly explored than in this. The convent seethes with the stench of repressed sexuality and resonates with the frustrations of lives left unsatisfied. The abbey is like dry kindling in the hot sun. One spark and everything is set to erupt. Harris shows the freefall into disorder perfectly. The simple country nuns soon become confused, attention seeking, spiteful and, ultimately, hysterical under the twin influences of LeMerle\u2019s mischief and the Abbess\u2019s misplaced zeal. We can only watch with dismay. The Holy Fools is probably not the best of Harris\u2019s books, but given that her \u201cworst\u201d would still be streets ahead of the best of most other writers, it\u2019s well worth a read."}, {"userName": "Jeanette", "userReviewDate": "Jan 07, 2016", "userURL": "http://www.goodreads.com/user/show/11869072-jeanette", "userReview": "Well written. Joanne Harris tells a tale again that just flows. Her continuity, despite having depth of copy for different time periods within the same novel is superlative. And the foodie details and location placements are marvelous here, as well. But her Juliette and Fleur in the main? They didn't connect with me as much as they did within the former Harris books I have read. It's still an excellent tale and I'm sure quite possible too.But I do find that there is a rather revisionist slant to sensibilities here that doesn't sit well within the period of the child King Louie. And not only in the depiction of Catholicism itself either. Abbeys and convents, monasteries- all religious orders \"on the road\" as well- were certainly a mixed bag. But the sense of amorality so developed that it is named in Sister by herself? Says a whole more about the author than it does for and about the story line, IMHO. The psychological depth of the bad guy or of the under characters motives was not as superbly told as in \"Five Quarters of the Orange\". That disappointed. But it was a good and well written book."}, {"userName": "Nikki ", "userReviewDate": "Oct 18, 2009", "userURL": "http://www.goodreads.com/user/show/223837-nikki", "userReview": "Easy to read and fun. Joanne Harris' books are always wonderful, though ever since reading Chocolat I tend to think of them like the Belgian chocolates shaped like shells: very sweet, but you can have too much. There are some gorgeous descriptions.The themes and characters, though, are quite similar to those in Joanne Harris' other work. Juliette shares a lot of characteristics with Vianne; Fleur with Anouk. Juliette's cantrips and her herbs are very reminiscent of Vianne. LeMerle is very like Mose from Sleep, Pale Sister. Etc. The only book of hers that, to me, stands out as quite different from the others is Runemarks, which is based on a different sort of mythology altogether.I think if I read Joanne Harris' books all at once, the similarities would be too much. As light reading in between other books, though, it's lovely."}, {"userName": "Stacy", "userReviewDate": "Feb 01, 2008", "userURL": "http://www.goodreads.com/user/show/82490-stacy", "userReview": "One of the reasons I like to read historical fiction set in far away places is I learn about history and far away places. This book doesn't give that satisfaction because instead of doing historical and locational research, the author made stuff up. She sets much of the action in a nunnery on an island near the southern town Saintes-Maries-de-la-Mer. I've actually been to this town, and there's no island and no nunnery there. I think she was inspired by the island monastary of Mont St. Michel, on the other end of the country, where the monks really are isolated at high tide (or would have been before the modern causeway was built). Also, Juliet's ideas about everything from hygiene to religion are way more 21st century than 17th century.Still... I sped right through this book. Inaccurate, unbelievable, and formulaic. And a fun, relaxing read."}, {"userName": "Faith", "userReviewDate": "Jan 05, 2009", "userURL": "http://www.goodreads.com/user/show/1863114-faith", "userReview": "So, at least I've come to read Joanne Harris' newest book. It was just as great as the previous ones. What is clear is that JH always writes about the same themes: searching for a home, settling down, running away from the past, relationship to dead mother, mystical elements... an so on. This time the book is set in yet an other time, year 1610, but is still in France of course. The main character is called Juliette, and is a former rope-dancer from a circus. She seeks refuge in a remote Abbey with her little daughter Feur. Everything goes well until Juliette\u2019s ex-lover appears...Even the book might not be JH's best, it is very exiting and never boring. The environment is well described, although JH's special touch is somewhat weaker than in the other books. I would also have liked a better picture of the 1700 century. Well, but it was moving still..."}, {"userName": "Marilyn Saul", "userReviewDate": "May 10, 2014", "userURL": "http://www.goodreads.com/user/show/17915669-marilyn-saul", "userReview": "Very disappointing book. Weak plot: young girl becomes infatuated with a rogue; she is forced to seek refuge and ends up in a loosely-run abbey; rogue finds her; she is still infatuated, even though he takes her daughter away...yada, yada, yada. What bothered me the most is that his voice was the same as her's - had trouble discerning who was speaking at any given moment. Characters were singularly unlikable. I characterize this book as a \"contract crunch\" book, where successful authors are forced by contract to produce a book a year (or whatever terms). I'm going back to reading first novels - always more well written because the author is intent on making a good debut."}, {"userName": "Libby", "userReviewDate": "Jun 09, 2010", "userURL": "http://www.goodreads.com/user/show/3222446-libby", "userReview": "The isolated convent of Ste. Marie de Mer is an ideal refuge for Juliette, once a gypsy player and the famous acrobat L'Ailee. She has fled to this obscure haven to bear her daughter, Fleur, and to heal from the betrayals of her former life. She most particularly wishes to forget La Merle, the Blackbird, leader of her former troupe, her sometime lover and her betrayer. But all idylls end, and with the death of kind and frail Mere Marie, the elderly abbess, come changes that will profoundly alter the nuns, Juliette and the abbey. The new Abbess, appointed by the Crown, is an aristocratic child, fanatically austere, and credulously dependent on her confessor, Pere Columbin. Juliette is appalled to recognize Pere Columbin as La Merle, who had used her and then abandoned her in the hands of witch hunters. She immediately decides to flee, but discovers she has been forestalled; her beloved daughter has disappeared and she knows La Merle has abducted her. With Fleur in La Merle's hands, Juliette is compelled to cooperate in the Blackbird's schemes until she can devise a counter scheme to free herself, her daughter and her fellow nuns. What follows will fascinate and tantalize even the most sophisticated and jaded readers. This book has it all, from gypsy caravans to glittering courts, to the salt marshes of Brittany, we find sensuous sex, revenge both cold and hot, malice, thwarted love, intrigue, arrogance and maternal tenderness. The author is exceptionally skilled at creating atmosphere: the reader can feel the dankness in the dungeons and smell the salt winds from the sea. I have enjoyed previous novels from this author, but this one just swept me away to 1605, to a France so real that I still seem to feel it."}, {"userName": "Kay", "userReviewDate": "Jan 06, 2015", "userURL": "http://www.goodreads.com/user/show/11396094-kay", "userReview": "Why oh why did I keep reading this book? I thought it would get better and I got caught up in the characters. I regret the time spent! It was interesting yes, the time period of 1610 which I know nothing about. And I got taken in by the mysterious Juliette with her secrets hiding out in an out of the way abbey. I found the writing difficult to follow. The main parts divided into 4 characters. BUT sometimes the narration in those parts was not that character so the reader needed to figure out who was who. (ok maybe it is easier if I hadn't been half asleep while reading). I also absolutely hated the ending. Why or why did the Juliette have to be so stupid??? I did like how the author named the book and brought the title into the story. That was well done. I don't think I'll read this author again."}, {"userName": "Karschtl", "userReviewDate": "Nov 24, 2007", "userURL": "http://www.goodreads.com/user/show/321508-karschtl", "userReview": "This thriller wasn't really thrilling. The only thing that made me keep reading was that I wanted to know if Juliette will be reunited with her daughter Fleur in the end. Although I'm not a mother yet I can understand her loss. In the second part the story condensed and quickened, and therefore became a bit more interesting.I didn't like the very ending, though. Cannot understand Juliettes decision on the last page.I must admit that I don't like historic novles much in general, and it's quite coincidence that now I read two (also read Pompeii) in one month, AND both are by authors named Harris. I liked \"Pompeii\" better, and I even more liked Chocolat by Joanne Harris - probably because of the topic. I have several other books by Joanne Harris and will definitely give them a chance, too."}, {"userName": "Alvedansen", "userReviewDate": "Feb 25, 2016", "userURL": "http://www.goodreads.com/user/show/2198526-alvedansen", "userReview": "One of the worst books I have ever read. Boring and unlikeable characters, terrible writing-style (too much telling, too little showing), horribly paced and an overall mess.There wasn't one character I felt a connection with (neither good nor bad) and the \"mystery\" left me cold. This meant that there was nothing I was interested in - I didn't care about the fates of the characters nor what ~grand finale~ the book is leading up to. Simply a terrible book. My first and last book by this author."}, {"userName": "Mindy", "userReviewDate": "May 14, 2008", "userURL": "http://www.goodreads.com/user/show/1112535-mindy", "userReview": "We read this one for book club June 2008. I really enjoyed this book. I liked it better than Chocolat. Harris has a great skill for putting words together. I really like the story and the writing style in this book. I gave it only four stars because the end kind of drove me nuts. The main character is suppose to be this really strong female, and she does something in the end that I think was beyond foolish, and maybe not so realistic."}, {"userName": "Linda", "userReviewDate": "Sep 09, 2008", "userURL": "http://www.goodreads.com/user/show/1050198-linda", "userReview": "Fools is darker than some of Harris' earlier work, and her treatment of the psychology of group dynamics here is intriguing and realistic."}, {"userName": "Leanne Smith", "userReviewDate": "Jun 22, 2013", "userURL": "http://www.goodreads.com/user/show/6156479-leanne-smith", "userReview": "Not as wonderful and French (although set in France) as the Chocolat series, but an original story with the wonderful magic that I always associate with Joanne Harris."}, {"userName": "Katie", "userReviewDate": "Jun 16, 2015", "userURL": "http://www.goodreads.com/user/show/4591311-katie", "userReview": "lost the damn book with 20 pages left. unsatisfied."}, {"userName": "Pam", "userReviewDate": "Aug 12, 2017", "userURL": "http://www.goodreads.com/user/show/3273625-pam", "userReview": "I love Harris' writing style. Her characters are well developed ...this book gets 3.5 stars because I thought the ending - the very end ending - was terrible and didn't make any sense. Otherwise it would've gotten 4 stars. I have read another book about nuns that were somewhat irreverent and loved that one too.olifants - I thought so! an alternative spelling of elephantsdorter - A bedroom or dormitory, especially in a monastery.quichenotte - \"kiss not\" love the way the language developed there.page 32 \"It seems to me that there must be something horribly flawed in a Creator who persists in testing his creatures to destruction, in providing a world well stocked with pleasures only to announse that all pleasure is sin, in creating manking impferfect, then expecting us to aspire to perfection.\"Love this that I have an almost-thirteen year old page 33, \"My thirteenth birthday brought a kind of awakening. All that summer was a langourous procession of delights: a new awareness, a boundles energy, a heightened sense of taste and smell.\""}, {"userName": "The Idle Woman", "userReviewDate": "Dec 16, 2017", "userURL": "http://www.goodreads.com/user/show/17228936-the-idle-woman", "userReview": "3.5 stars.For five years, Juliette has lived in peaceful isolation at the convent of Sainte Marie-de-la-Mer, on the island of Noirs Moustiers (modern Noirmoutier) in eastern France. Within the abbey walls, she has reinvented herself as Soeur Auguste, a young widow who has sought sanctuary with her little girl Fleur. None of her sisters knows her true identity. But others do, and Fate \u2013 or God \u2013 works in mysterious ways. When the old Abbess dies, her replacement arrives with a confessor in tow: a glamorous, silver-tongued, charismatic man who Juliette knows, only too well. Against her will, she finds herself being drawn back into a dangerous game she thought she\u2019d escaped long ago\u2026 for her dark nemesis is a gambler and this time he is prepared to play with sanity, faith and even lives at stake...For the rest of the review, please see my blog:https://theidlewoman.net/2017/12/10/h..."}, {"userName": "Jeanne", "userReviewDate": "Jul 11, 2017", "userURL": "http://www.goodreads.com/user/show/12190587-jeanne", "userReview": "This is the fourth book of hers I've read. The others were the Chocolat series. It seems like this book is the same characters but in a different time. Even so, the book is well written and I enjoyed reading it. The main narrator is a woman who reads tarot cards and casts spells. She is also well versed in the use of plants for both good and bad. There's a separation of a mother and her young daughter. There is no father. There's a young mute woman, a woman who is self-righteous in her religion, a man who is a rogue but all the women are attracted to him. Do these characters seem familiar? They did to me and yet I wanted to keep reading to see how the story would end"}, {"userName": "Paul Trembling", "userReviewDate": "Mar 14, 2018", "userURL": "http://www.goodreads.com/user/show/52003710-paul-trembling", "userReview": "Joanne Harris is always excellent at building atmosphere, and this is a particularly good example. Set in a small convent on the French coast during a hot summer in 1610, she steadily builds an atmosphere of madness and intrigue, and ratchets up the tension by steady increments to build towards a powerful climax.What isn't always noticed is how big a part structure plays in this process. It's a subtle weaving of different points of view, a slowly gathering insight into plans and motivations and personalities, all done with a perfect judgement of pace.It's no surprise to find such masterful storytelling coming from this author, but it's always satisfying."}, {"userName": "Jean St.Amand", "userReviewDate": "Jan 10, 2018", "userURL": "http://www.goodreads.com/user/show/22273050-jean-st-amand", "userReview": "This book was a little hard to follow at times; the story was told from the perspective of both Ailee/Juliette/Soeur Auguste and Guy/Colombin/Pere Saint-Amand...it wasn't always clear who was telling the story so I had to keep going back and re-reading once I realized it wasn't who I thought it was telling the story. The story itself was fairly good but it would have helped if each chapter had a heading indicating whose perspective it was...and sometimes, mid chapter the story teller would change."}, {"userName": "Emerald73", "userReviewDate": "Nov 21, 2017", "userURL": "http://www.goodreads.com/user/show/53202106-emerald73", "userReview": "\u041d\u0435\u0441\u043c\u043e\u0442\u0440\u044f \u043d\u0430 \u043d\u0430\u0438\u0432\u043d\u043e\u0441\u0442\u044c \u0433\u0435\u0440\u043e\u0438\u043d\u0438 (\u0434\u043b\u044f \u043c\u0435\u043d\u044f \u043a\u0430\u043a \u0447\u0438\u0442\u0430\u0442\u0435\u043b\u044f - \u0441\u0430\u043c\u043e\u0435 \u043d\u0430\u0434\u043e\u0435\u0434\u043b\u0438\u0432\u043e\u0435 \u0432\u043e\u0437\u043c\u043e\u0436\u043d\u043e\u0435 \u043a\u0430\u0447\u0435\u0441\u0442\u0432\u043e \u043f\u0435\u0440\u0441\u043e\u043d\u0430\u0436\u0430), \u043f\u0440\u043e\u0438\u0437\u0432\u0435\u0434\u0435\u043d\u0438\u0435 \u043c\u043d\u0435 \u043f\u043e\u043d\u0440\u0430\u0432\u0438\u043b\u043e\u0441\u044c. \u041e\u043f\u044f\u0442\u044c \u0425\u0430\u0440\u0440\u0438\u0441 \u043f\u043e\u043a\u0430\u0437\u044b\u0432\u0430\u0435\u0442 \u0442\u043e\u0442 \u0442\u0438\u043f\u0430\u0436 \u043d\u0430\u0441\u0442\u043e\u044f\u0449\u0435\u0439 \u0436\u0435\u043d\u0449\u0438\u043d\u044b, \u043a\u043e\u0442\u043e\u0440\u0430\u044f \u0435\u0449\u0451 \u043f\u043e\u043c\u043d\u0438\u0442 \u0434\u0440\u0435\u0432\u043d\u044e\u044e \u0441\u0432\u044f\u0437\u044c \u0441 \u043f\u0440\u0438\u0440\u043e\u0434\u043e\u0439 - \u0436\u0435\u043d\u0449\u0438\u043d\u0443-\u0432\u043e\u0440\u043e\u0436\u0435\u044e, \u043b\u044e\u0431\u044f\u0449\u0443\u044e, \u0441\u043e\u043c\u043d\u0435\u0432\u0430\u044e\u0449\u0443\u044e\u0441\u044f, \u043f\u043e\u0434\u0432\u0435\u0440\u0436\u0435\u043d\u043d\u0443\u044e \u043f\u043e\u0440\u043e\u043a\u0430\u043c, \u043c\u0443\u0434\u0440\u0443\u044e, \u043d\u043e \u0432 \u0442\u043e \u0436\u0435 \u0432\u0440\u0435\u043c\u044f \u0438 \u043d\u0430\u0438\u0432\u043d\u0443\u044e. \u0418\u043d\u0442\u0435\u0440\u0435\u0441\u043d\u044b\u0439 \u0444\u043e\u043d \u0438 \u043d\u0435\u043f\u043b\u043e\u0445\u0430\u044f \u043d\u0435\u043e\u0434\u043d\u043e\u0437\u043d\u0430\u0447\u043d\u0430\u044f \u043a\u043e\u043d\u0446\u043e\u0432\u043a\u0430."}], "description": "In the year 1605 a young woman, hiding from her past, takes up the veil becoming Soeur Auguste. Five years later the past has found her and to protect herself and her beloved child she'll have to perform one last act of dazzling daring more audacious than any she has previously attempted.With her internationally bestselling novels Chocolat, Blackberry Wine, Five Quarters of the Orange, and Coastliners, Joanne Harris has woven intoxicating spells that celebrate the sensuous while exposing the passion, secrets and folly beneath the surface of rustic village life. In Holy Fools, her most ambitious and accomplished novel to date, she transports us back to a time of intrigue and turmoil, of deception and masquerade. In the year 1605, a young widow, pregnant and alone, seeks sanctuary at the small Abbey of Sainte Marie-de-la-mer on the island of Noirs Moustiers off the Brittany coast. After the birth of her daughter, she takes up the veil, and a new name, Soeur Auguste. But the peace she has found in remote isolation is shattered five years later by the events that follow the death of her kind benefactress, the Reverend Mother. When a new abbess -- the daughter of a corrupt noble family elevated by the murder of King Henri IV -- arrives at Sainte Marie-de-la-mer, she does not arrive alone. With her is her personal confessor and spiritual guide, P\u00e8re Colombin, a man Soeur Auguste knows all too well. For the newcomer is Guy LeMerle, a charlatan and seducer now masquerading as a priest, and the one man she fears more than any other. Soeur Auguste has a secret. Once she was l'Ail\u00e9e, \"The Winged One,\" star performer of a troupe led by LeMerle, before betrayal forced her to change her identity. But now the past has found her. Before long, thanks to LeMerle, suspicion and debauchery are breeding like a plague within the convent's walls -- fueled by dark rumors of witchcraft, part of the false priest's brilliantly orchestrated scheme of revenge. To protect herself and her beloved child, l'Ail\u00e9e will have to perform one last act of dazzling daring more audacious than any she has previously attempted.", "title": "Holy Fools", "url": "http://www.goodreads.com/book/show/321572.Holy_Fools", "average": 3.59, "cover": "https://images.gr-assets.com/books/1375876909l/321572.jpg", "reviews": 432, "authors": [{"url": "https://www.goodreads.com/author/show/9432.Joanne_Harris", "name": "Joanne Harris"}], "type": ["Fiction", "Historical", "Historical", "Cultural", "Magical Realism"], "outlinks": ["http://www.goodreads.com/book/show/47401.Chocolat", "http://www.goodreads.com/book/show/15096.Five_Quarters_of_the_Orange", "http://www.goodreads.com/book/show/15101.Blackberry_Wine", "http://www.goodreads.com/book/show/15102.Gentlemen_and_Players", "http://www.goodreads.com/book/show/2227371.The_Girl_with_No_Shadow", "http://www.goodreads.com/book/show/39928984-mercy-among-the-children", "http://www.goodreads.com/book/show/20620995-take-me-with-you", "http://www.goodreads.com/book/show/6565401-five-quarters-of-the-orange", "http://www.goodreads.com/book/show/25600623-the-diver-s-clothes-lie-empty", "http://www.goodreads.com/book/show/18867378-the-traveler-s-gift", "http://www.goodreads.com/book/show/40198373-big-stone-gap", "http://www.goodreads.com/book/show/40198387-friendship-bread", "http://www.goodreads.com/book/show/40193401-the-little-giant-of-aberdeen-county", "http://www.goodreads.com/book/show/31160055-the-last-cherry-blossom", "http://www.goodreads.com/book/show/35963775-her-sister-s-shoes", "http://www.goodreads.com/book/show/22617980-the-rock-harbor-collection", "http://www.goodreads.com/book/show/35269080-a-thousand-tomorrows", "http://www.goodreads.com/book/show/40204902-caravans", "http://www.goodreads.com/book/show/31192689-shoeless-joe", "http://www.goodreads.com/book/show/40204877-a-hero-of-france", "http://www.goodreads.com/book/show/6473113-death-in-venice", "http://www.goodreads.com/book/show/40266651-the-tilted-world", "http://www.goodreads.com/book/show/33117501-blonde", "http://www.goodreads.com/book/show/36546758-ever-after", "http://www.goodreads.com/book/show/40193580-rescue", "http://www.goodreads.com/book/show/36589911-the-lords-of-discipline", "http://www.goodreads.com/book/show/11963271-the-sheltering-sky", "http://www.goodreads.com/book/show/25596951-the-dressmaker-s-war", "http://www.goodreads.com/book/show/35120598-gena-finn", "http://www.goodreads.com/book/show/29550710-a-charles-martin-collection", "http://www.goodreads.com/book/show/19977229-remember-tuesday-morning", "http://www.goodreads.com/book/show/28353727-in-twenty-years", "http://www.goodreads.com/book/show/8530701-a-town-like-alice", "http://www.goodreads.com/book/show/35414455-the-other-alcott", "http://www.goodreads.com/book/show/18800554-the-scavenger-s-daughters", "http://www.goodreads.com/book/show/40205036-under-the-udala-trees", "http://www.goodreads.com/book/show/32861105-the-streets-have-no-king", "http://www.goodreads.com/book/show/20552595-how-i-became-a-famous-novelist", "http://www.goodreads.com/book/show/39929534-the-passion", "http://www.goodreads.com/book/show/35654710-this-dark-road-to-mercy", "http://www.goodreads.com/book/show/21942189-the-language-of-hoofbeats"]}