{"ratings": 1135, "userreviews": [{"userName": "Tara Brabazon", "userReviewDate": "Jun 29, 2014", "userURL": "http://www.goodreads.com/user/show/4859940-tara-brabazon", "userReview": "I have a wish: that self help and self development could be separated at birth. Unfortunately - and particularly for women - any topic leads into an Oprah-zone of belief, aspiration, expression and self-actualization.Often, I would appreciate an understanding of capitalism and the workplace.How remarkable women lead is a solid book. It does contain too much over-sharing and 'inspirational role models' for my liking. There is not enough attention on how women's careers in particular were impacted by the global financial crisis. But there are some worthwhile models and modes. The capacity to 'reframe' is particularly useful. Also, there is some strong work in the second half on how to reschedule a ridiculous work schedule."}, {"userName": "Anna Danandeh", "userReviewDate": "Dec 16, 2017", "userURL": "http://www.goodreads.com/user/show/72888282-anna-danandeh", "userReview": "The book does a good job explaining the idea of centered leadership consisting five dimensions of meaning, framing, connecting, engaging, energizing. One or some of these dimensions can be seen in the stories of successful women leaders in top corporations. I won't spoil it, but I found the emphasis on framing, i.e. having a correct and objective view of what has happened, being positive/optimistic and having a healthy lifestyle , i.e. working out, having stress relief plans, and eating healthy, valuable.The concept is explained through the stories. On the plus side, this makes you relate to the stories and see the advice played out. On the minus side, it did not communicate with a top down structure all the time- noticeable particularly in audio format. I like to clip important parts for future reference, so a summary in the end of each story would be a good addition. This would also also reinforce the actionability of the material."}, {"userName": "Laura", "userReviewDate": "Nov 18, 2017", "userURL": "http://www.goodreads.com/user/show/3980735-laura", "userReview": "This reminded me a lot of \"Getting There\", by Gillian Zoe Segal, but a lot less compelling. While some of the stories were really interesting (I particularly enjoyed reading Christine Lagarde's chapter), there wasn't much of a throughline even as the author tried to espouse Centered Leadership in the intro / conclusion. Overall, some interesting vignettes, but I didn't love it."}, {"userName": "Melissa Pocek", "userReviewDate": "Feb 26, 2018", "userURL": "http://www.goodreads.com/user/show/64297820-melissa-pocek", "userReview": "Wonderful tips on how to be a centered leader using your energy, passion, and flow."}, {"userName": "Diana", "userReviewDate": "Jun 30, 2015", "userURL": "http://www.goodreads.com/user/show/3256697-diana", "userReview": "I loved the book How Remarkable Women Lead by Joanna Barsh. It is well worth the read just because of the stories of remarkable women. The downside is that I'm not convinced about the leadership model they have developed. It didn't seem as actionable as other models I have seen. The Centered Leadership model described in the book consists of 5 dimensions.\"Meaning. Makes it possible to reframe. It gives you the courage to step out of your comfort zone and engage with others. It creates the bond and it\u2019s what propels you to speak up. Meaning makes flow possible.\" \"Meaning is the motivation in your life. It\u2019s finding what engages you, what makes your heart beat faster, what gives you energy and creates passion. Meaning enables you to push yourself to the limit of your capabilities\u2014and beyond.\"\"[Positive] Framing. Unlocks the path to meaning. It creates the energy that attracts others to come on board. Framing shows you the opportunities and helps you manage the risks.\" (Authors cited lots of research on optimism and positive psychology.)\"Connecting. Enables you to find new opportunities that are meaningful to you. A tremendous source of energy, turning to others helps you reframe more effectively and build new capabilities. Relationships can be a source of energy, too.\"\"Engaging. Frees you to pursue meaning, to see the world differently, to reach out to others. It\u2019s liberating to make choices and own the outcome\u2014another source of new energy.\"\"Energizing. Helps you fill the room, attract others to you, take on new opportunities and face your fears, and have more positive impact on people who drain you of energy.\"Authors interviewed more than 165 men and women around the world and teased out their similarities. However it doesn't help much in replicating that. In a lot of stories it was clear that those women had enablers for those aspects of centered leadership already in childhood. For example, some already knew in the childhood who they wanted to be: \"\u201cFrom primary school, I knew I wanted to be a lawyer,\u201d says Amina. \u201cAnd I stuck to it.\u201d\". Shirley Tilgham: \"I'm often asked, \"When did you know you wanted to be a scientist?\" And my answer is always \"When didn't I want to be a scientist?\"\" Few others grew up confident: Shirley: \"I always had a fair amount of self-confidence, and that leads to a lot of very positive things. It allows you to be outgoing; it allows you to feel comfortable trying new things, unafraid of embarrassment. I think I was pretty courageous as a child thanks to this sense of absolute security in who I was, and this was because my parents gave me a sense of my true worth.\"Similarly some of the other advice is not very actionable: \"And often, meaning finds you (as opposed to the other way around).\" Authors write that to find meaningful work you have to find and know your strengths. For that they give a list of 24 strengths developed by some psychologists. It includes: \"curiosity, love of learning, judgment, integrity, kindness and loving, citizenship, leadership, appreciation of beauty and excellence, gratitude, hope, spirituality\" etc. How is gratitude a strength? Which career would be better for somebody whose strength is gratitude. And which career wouldn't want people with integrity? In my opinion, a much better way to find your strengths is to take Strength-Finder 2.0 test.Otherwise it was another good reminder to do networking and building relationships, especially sponsorships. Authors also talked about importance of energy management, getting enough sleep, going to gym. Another proof that happiness is important. \"Happiness is not just a nice-to-have goal. Emotional and psychological well-being are critically important to leadership for four very practical reasons: Happiness is motivating; happier teams are more creative; Leaders who exude happiness are more effective; happiness improces physical health, as well as stamina and resilience.\" \"A leader who finds true enjoyment in the work and is energized by it has a positive effect on those around her. Passion, enthusiasm, and energy are infectious\u2014mutually reinforcing when the whole team feels them.\"Finally I have a citation that I can use to explain why I don't like scary movies and sad movies/news :) \"In her experiments, people who experienced positive emotions by watching uplifting and funny films showed greater creativity in problem-solving\u2014and performed better\u2014than viewers of upsetting and sad films.\"I recommend reading this book if you want to read stories of remarkable women or after you have read The Confidence Code and Strength Finder 2.0."}, {"userName": "Katherine", "userReviewDate": "Jan 20, 2012", "userURL": "http://www.goodreads.com/user/show/4455057-katherine", "userReview": "The advice in this book would probably have felt more groundbreaking to me if I weren't lucky enough to be in a work environment where they practice and preach a lot of these principles and really encourage career development conversations. I enjoyed the chapters written by specific women the most, though some of the summaries of interviews with different women and their life stories were good too. Also, it's largely focused on climbing the corporate ladder, so while I'm sure the concepts are applicable across all kinds of careers, you might have to work a little harder to figure out how to apply it if the corporate world is ultimately not your thing. It has a good amount of the annoying stuff that's in business/self-help books, especially those directed at women (\"Women are better than men at connecting because women are the nurturers and evolutionarily...\" blah blah etc.) but there are worse examples too, probably. Good for someone who wants to become an executive and has only just started their career or perhaps is stuck somewhere that they don't have a lot of support for growth."}, {"userName": "geneva  warbucks", "userReviewDate": "Aug 21, 2012", "userURL": "http://www.goodreads.com/user/show/1523753-geneva-warbucks", "userReview": "This book had some great pieces, particularly the five areas they use as their framing: meaning,framing, connecting, engaging, and energizing. The personal stories from various women leaders were useful and this might be a good book for someone just starting out on their leadership journey. If you're interested in a different analysis of women's leadership - particularly one that really focuses on how different identities impact leadership - this isn't the book for you. The book also leans heavily corporate, which may or may not be what you're looking for."}, {"userName": "Allison", "userReviewDate": "Oct 23, 2010", "userURL": "http://www.goodreads.com/user/show/1455333-allison", "userReview": "This book intertwines data and the stories of successful women in business to explain a very tactical framework for how to lead more effectively as a woman. I'm guessing this book will be a permanent addition to my arsenal of leadership tools."}, {"userName": "Christina Raggio", "userReviewDate": "May 05, 2016", "userURL": "http://www.goodreads.com/user/show/55059362-christina-raggio", "userReview": "Loved this - stories and insights that can be applied to all stages of any career. This book will be staying on my bookshelf."}, {"userName": "Katie Gallant", "userReviewDate": "Mar 29, 2018", "userURL": "http://www.goodreads.com/user/show/5033489-katie-gallant", "userReview": "I could rename this book \" Unrealistic tips for Socioeconomically Advantaged People who Excel at Corporate Management\". The premise of the book is that women who are leaders follow five principles in their life:Meaning: Do what you love! You're probably not making a fortune off what you love, so you should think about it, make a drastic career transition and success will fall into place. Framing: All women leaders are optimistic. If you're not a successful leader you just need to think more positively. Connecting: This section had some solid tips on networking. Engaging: Take risks to get ahead. Which for the people featured in the book (who all went to expensive, top-ranked schools) this is valid advice. The book doesn't address the cost of risk taking for people who don't have a safety net. Energizing: This was the worst section in my opinion. Essentially, if you feel like you can't do it all, you should do something energizing to find more energy to do more. In addition to ignoring women who aren't from privileged backgrounds, this book references evolutionary biology as a reason that women are better at networking than men. Biology says that women \"tend and befriend\" while men are more combative; this is the same line of thinking that has women staying home to tend the family or says they're too emotional to be leaders. I think this line of thinking that women can have it all is damaging. You need to be fit, an amazing present mother, and an assertive leader, and if you're struggling it's because you're not optimistic enough. It doesn't recognize maybe doing it all isn't the path to happiness for all women. It focuses on the experiences of women in corporate management and tries to force that success paradigm on academia, completely ignoring women in STEM not to mention other arenas for leadership like in the community. We also see a complete lack of recognition of the socioeconomic privilege that gave the profiled women in leadership their leg up in life.Unrealistic book with reasonably good advice on networking and mentorship."}, {"userName": "Kaitlin Oujo", "userReviewDate": "Mar 03, 2018", "userURL": "http://www.goodreads.com/user/show/15361429-kaitlin-oujo", "userReview": "The McKinsey approach to female development in the workplace. If you are also tired of reading about 25 year old tech startup founders giving shitty advice about becoming entrepreneurs (not for me) and speaking up in meetings (definitely not a problem for me) than you will probably like this book. The authors interviewed successful women (like women who've run countries and Fortune 500 companies) about what their best approaches in the workplace have been. I really loved hearing their stories. I also really loved that this book didn't hem and haw about how tough it is to be a woman. Like, yes, I know, lots of things suck. Pay gaps, sexual harassment, etc. This book focused on providing actual good advice from women who know what they are talking about."}, {"userName": "Janet", "userReviewDate": "Jan 28, 2018", "userURL": "http://www.goodreads.com/user/show/12106875-janet", "userReview": "I had the privilege of seeing Joanna Barsh speak at a conference and picked up this book. An excellent speaker and very well versed in a number of studies on women and leadership, she (and Susie Cranston) prepared a very solid complilation of research. The practical and down to earth tone may be more accessible for a reader that might shy away from other pieces penned by leading life coaches. The messages, though, are quite compatible."}, {"userName": "Dominique", "userReviewDate": "Nov 21, 2017", "userURL": "http://www.goodreads.com/user/show/61799098-dominique", "userReview": "\u0110o\u0323c l\u00e2\u0300n \u0111\u00e2\u0300u ba\u0309n ti\u00ea\u0301ng Vi\u00ea\u0323t. La\u0323i th\u00eam m\u00f4\u0323t cu\u00f4\u0301n sa\u0301ch \u0111u\u0301ng th\u01a1\u0300i \u0111i\u00ea\u0309m. Ki\u00ea\u0301n th\u01b0\u0301c kh\u00f4ng m\u01a1\u0301i v\u01a1\u0301i mi\u0300nh nh\u01b0ng ca\u0301ch k\u00ea\u0309 chuy\u00ea\u0323n v\u00ea\u0300 nh\u01b0\u0303ng ng\u01b0\u01a1\u0300i phu\u0323 n\u01b0\u0303 th\u00e2\u0323t truy\u00ea\u0300n ca\u0309m h\u01b0\u0301ng va\u0300 ca\u0309m \u0111\u01b0\u01a1\u0323c t\u00e2\u0301m lo\u0300ng g\u01b0\u0309i g\u0103\u0301m cu\u0309a ta\u0301c gia\u0309 \u0111\u00ea\u0301n nha\u0300 la\u0303nh \u0111a\u0323o, nh\u00e2\u0301t la\u0300 n\u01b0\u0303 la\u0303nh \u0111a\u0323o tre\u0309. Bi\u00ea\u0301t \u01a1n va\u0300 se\u0303 co\u0300n c\u00e2\u0300n tham kha\u0309o th\u00eam nhi\u00ea\u0300u t\u01b0\u0300 sa\u0301ch na\u0300y."}, {"userName": "Cara", "userReviewDate": "Jun 11, 2017", "userURL": "http://www.goodreads.com/user/show/1267334-cara", "userReview": "I read this as an action item after leaving the Junior League of Atlanta's Women's Forum...it was awesome. Great stories of unbelievable women executives around the globe and it taught me that energy is so important and that I'm in charge of doing things that energize me!"}, {"userName": "Lo", "userReviewDate": "Aug 20, 2017", "userURL": "http://www.goodreads.com/user/show/6376052-lo", "userReview": "This was good and worth a read. You'll definitely feel inspired after the reading the collection of stores about women's different paths to success. However, when the authors try to infer 'science' from the anecdotal collection, I was a little less enamored."}, {"userName": "Anne", "userReviewDate": "Sep 14, 2017", "userURL": "http://www.goodreads.com/user/show/808671-anne", "userReview": "i read this awhile back and really liked it. I've been looking for more books on this topic and so far this is the best that i've read. I'm going to go back and reread it."}, {"userName": "Taryn", "userReviewDate": "Mar 09, 2018", "userURL": "http://www.goodreads.com/user/show/30076105-taryn", "userReview": "Lots of great stories of how women around the world have achieved success in a variety of industries!"}, {"userName": "Michelle", "userReviewDate": "Jun 15, 2017", "userURL": "http://www.goodreads.com/user/show/4857513-michelle", "userReview": "Going to re-read my marked pages & implement!"}, {"userName": "Tr\u1ea7n Hu\u1ebf", "userReviewDate": "Dec 20, 2017", "userURL": "http://www.goodreads.com/user/show/65741183-tr-n-hu", "userReview": "C\u1ee9 c\u1ed1 g\u1eafng h\u1ebft s\u1ee9c m\u00ecnh theo \u0111u\u1ed5i \u0111am m\u00ea, ph\u1ea7n c\u00f2n l\u1ea1i tu\u1ef3 duy\u00ean."}, {"userName": "Tee", "userReviewDate": "Jan 18, 2017", "userURL": "http://www.goodreads.com/user/show/44255279-tee", "userReview": "I did not enjoy the book as much as I had thought. It was too specific. I was looking for a book that gives insights on the challenges faced by women in the workplace and not necessarily how to climb the corporate ladder. Nonetheless it was still an interesting read."}, {"userName": "M Tremmel", "userReviewDate": "Feb 24, 2017", "userURL": "http://www.goodreads.com/user/show/261310-m-tremmel", "userReview": "Very interesting book. It could have been named \"How remarkable people (who happened to be women) lead\" but that isn't quite as snappy and probably doesn't sell it as well either.I gained great insights from the authors' research and interviews with the leading business women of the world.Regardless of gender, most of us want to be successful in our fields and some of us are fortunate to be married to successful women. This book highlights the challenges of work/life balance and strategies successful women have used to overcome them. I found it very informative and relatable."}, {"userName": "Stephanie", "userReviewDate": "Nov 30, 2015", "userURL": "http://www.goodreads.com/user/show/2391704-stephanie", "userReview": "I mostly really enjoyed this book. While it is aimed at women who work outside the home and have lofty career goals, there is so much to takeaway from this book for any woman who is in a position to lead and work well with others. I listed to it on Audible, and I was captivated by some of the stories and advice shared. The ideas and concepts can easily be translated into my philanthropic commitments and the boards of directors on which I sit. Barsh started this project because she was looking for inspiration for her own career. Once she sat down with some of these women she realized that the stories would translate well to a larger project that many women could access. First it was a website and then a book. Each woman's journey is so different that the book never felt repetitive. The one running theme (besides ambition) was their optimism about their careers and projects that didn't go well. Each woman took failures as learning experiences and managed to use them as a way to grow her career rather than end it.I highly recommend this book to any woman who is in a leadership role or wishes to be in a leadership role, whether professionally or otherwise. Everyone from the PTA Secretary to a Fortune 100 CEO should read this book."}, {"userName": "Gena", "userReviewDate": "Feb 23, 2016", "userURL": "http://www.goodreads.com/user/show/52977319-gena", "userReview": "A fascinating, informative, and eye-opening piece of work about high frequency trading. I almost dropped it halfway as I couldn't stand the unfairness happening real time in our world like I felt watching Making a Murderer. Fortunately I finished the book and it has sort of a bright ending. A lot of thoughts went on in my head while I was reading the book. What is HFT? Why is it evil? Are there any merits of it? I tried to find counter arguments against Michael Lewis as I don't want to be biased, but in the end I still concluded that what HFT firms are doing is legal robbery. No wonder they are making so much money! No wonder they are offering $200k a year for fresh phds in my field. Then the next question comes: how many of us will take the offer? Would I take any offer to rob a house? Probably not, but how about if it's legal and I will never get caught? Temping, but still no. But how about working in Wall Street developing algorithms and getting paid 4 times more than a post-doc? I know tons of people aspired to do it. That's why this book is so precious. The truths it reveals, no matter how ugly they are, will help us and the whole society make better decisions."}, {"userName": "Isa", "userReviewDate": "May 17, 2015", "userURL": "http://www.goodreads.com/user/show/260461-isa", "userReview": "Readers who disliked this book seem to take issue with the author's use of real-world anecdotes from female executives to illustrate her philosophy of centered leadership. To me, this is akin to objecting to too many letters in an epistolary novel, since in the case of both titles, you're likely already aware the format of the book will inform the content. I found Brash's anecdotes to be helpful on balance, and part of a well-thought out structure around individual and team leadership that a woman could easily use at any time in career. I especially appreciate this as a counterpoint to Sandberg's \"Lean In,\" which presented a singular view in the guise of a one-size-fits-all-approach, whereas \"How Remarkable Women Lead\" seems to celebrate the plurality of female experience. This title avoids jargon but does talk about fears, vulnerabilities and learning to mediate emotional experiences - a language I try to speak but I admit could turn away some professionals. Overall, worth a read if you're interested; you'll take away some good tips, if nothing else."}, {"userName": "Karin", "userReviewDate": "Jan 29, 2010", "userURL": "http://www.goodreads.com/user/show/2975244-karin", "userReview": "Excellent research on women and leadership. There are many important concepts included in this book, but there were two things I will definitely remember and attempt to put into practice in my life.First, the power of networking and the way many women approach networking. From my perspective, the gender differences pointed out in this book are accurate. The point that 75% of an individuals capital is in relationships caused me to reconsider the importance of networking. Second, I found the chapter on physical energy compelling. For too long in my own life I have approached sleep and exercise as options or something I do when I have time or a few days off. Sleep and exercise are not options, they are necessary components for optimum performance. All in all, a well documented and researched book with important concepts. This book was encouraging and I plan to pass it along to my sister and my son's girlfriend, who both encourage and inspire me daily."}, {"userName": "Missy", "userReviewDate": "Oct 23, 2016", "userURL": "http://www.goodreads.com/user/show/12714247-missy", "userReview": "~\"You can't love you life from a place of fear. You have to live your life from a place of hope.\"~\"If you are always doing what makes you comfortable, by definition you cannot be developing.\"~Find out what drains you and what makes you feel energized. Shape your day and your work around things that energize you to reach your greatest potential. ~Happiness is motivating. Happy teams are more creative, better at what they do and have less turnover.~You can turn any job into your calling if it draws on your core strengths, engages you fully and inspires you toward a higher purpose. ~Learning to face your fears is actually the best part of accepting opportunity. When you do, you'll find they are far less powerful than they seemed. You'll also experience the lightness of being that comes with getting back in control. The chapter on energy was excellent."}, {"userName": "Jen", "userReviewDate": "Jul 08, 2015", "userURL": "http://www.goodreads.com/user/show/14677648-jen", "userReview": "I think this is a great book to encourage women to embrace the methods of great leadership. There are a lot of positive examples (this works really well) as well negative examples (this will not work very well.) One of the most valuable assets to the book is the plethora of actionable items. The author doesn't just tell you WHAT you need to do, but how you can go about achieving your goals. The missing star in my rating is because I feel like the book is redundant and could be condensed quite a bit. I own a hardcover copy of this book but spent a lot of time listening to the Audible version. Not relevant to my rating but just a note: The reader for Audible changes her voice in a stereotypical and perhaps insulting way when she reads from their perspective. I found this annoying."}, {"userName": "Nicole Chu", "userReviewDate": "Oct 03, 2015", "userURL": "http://www.goodreads.com/user/show/12665197-nicole-chu", "userReview": "I'm not usually a fan of this genre, so I was pleasantly surprised by how much I enjoyed How Remarkable Women Lead. This book challenges the reader to--in the words of a far more eloquent reviewer--\"drop the John Wayne costume.\" It's deeply personal. It encourages introspection and provides clear, actionable ideas to help one grow as a leader and, more importantly, as an individual. It is inspiring and practical in equal measure. It's a solid read, and I'll be taking its lessons to heart."}, {"userName": "Jill", "userReviewDate": "Nov 19, 2016", "userURL": "http://www.goodreads.com/user/show/8388926-jill", "userReview": "I found this book inspiring. The author left McKinsey in order to research the common themes and patterns followed by successful women leaders. She starts by describing those traits that are core to what she calls \"centered leadership.\" She then devotes a chapter each to a number of different women, turning the narration over to them almost entirely. Similarly to \"Lean In\", I came away from the book with the feeling that I can and should pursue higher summits. This is worth re-reading, especially the early chapters."}, {"userName": "Vonetta", "userReviewDate": "May 06, 2014", "userURL": "http://www.goodreads.com/user/show/825238-vonetta", "userReview": "3.5 starsThis book, in combination with Lean In, is a serious confidence weapon. It has practical tips, research, and stories to inspire women and men alike. There's two reasons why I'm knocking off a star and a half: (1) at some point, you hit a wall with all the stories in which they become repetitive and (2) there's no advice for when things go wrong, like when if engaging fails. Otherwise, a great resource that I really recommend in tandem with Lean In."}], "description": "The Remarkable discoveries about what drives and sustains successful women leaders.Based on five years of proprietary research, How Remarkable Women Lead speaks to you as no other book has, with its hopeful outlook and unique ideas about success. It's the new \"right stuff\" of leadership, raising provocative issues such as whether feminine leadership traits (for women and men) are better suited for our fast-changing, hyper-competitive, and increasingly complex world. The authors, McKinsey & Company consultants Joanna Barsh and Susie Cranston, establish the links between joy, happiness, and distinctive performance with the groundbreaking model of Centered Leadership. The book's personal stories and related insights show you the magic that happens when you put the five elements of Centered Leadership\u2013meaning, framing, connecting, engaging, and energizing\u2013to work. They include:\u2022 How Alondra de la Parra built on her strengths and passions to infuse her life with meaning and make her way in the male-dominated world of orchestra conducting\u2022 How Andrea Jung, the CEO of Avon, avoided a downward spiral when the company turned down by \"firing herself\" on Friday and re-emerging on Monday as the \"new\" turnaround CEO\u2022 How Ruth Porat's sponsors at Morgan Stanley not only helped her grow but were also her ballast for coping with difficult personal and professional times\u2022How Eileen Naughton recovered after losing her dream job, landing on her feet at Google and open to a new leadership opportunity \u2022 How Julie Coates of Woolworth's Australia makes energy key to her professional success, with reserves for her \"second shift\" as wife and motherHow Remarkable Women Lead is both profoundly moving and actionable. Woman or man, you'll find yourself in its pages and emerge with a practical plan for breaking through at both work and in life. \n  From the Hardcover edition.", "title": "How Remarkable Women Lead", "url": "http://www.goodreads.com/book/show/8143199-how-remarkable-women-lead", "average": 3.88, "cover": "https://images.gr-assets.com/books/1328306692l/8143199.jpg", "reviews": 86, "authors": [{"url": "https://www.goodreads.com/author/show/2875936.Joanna_Barsh", "name": "Joanna Barsh"}, {"url": "https://www.goodreads.com/author/show/870767.Geoffrey_Lewis", "name": "Geoffrey Lewis"}], "type": ["Business", "Leadership", "Nonfiction", "Feminism", "Self Help"], "outlinks": ["http://www.goodreads.com/book/show/18209443-centered-leadership", "http://www.goodreads.com/book/show/36037098-grow-wherever-you-work", "http://www.goodreads.com/book/show/34410336-grow-wherever-you-work", "http://www.goodreads.com/book/show/16498123-a-guide-to-the-present-moment", "http://www.goodreads.com/book/show/40198297-hunting-eichmann", "http://www.goodreads.com/book/show/40193094-the-breaks-of-the-game", "http://www.goodreads.com/book/show/5312677-celebration-of-discipline", "http://www.goodreads.com/book/show/40243434-soul-keeping", "http://www.goodreads.com/book/show/22561514-the-autobiography-of-eleanor-roosevelt", "http://www.goodreads.com/book/show/31391295-how-to-be-a-bawse", "http://www.goodreads.com/book/show/5440602-how-soccer-explains-the-world", "http://www.goodreads.com/book/show/40193421-dry", "http://www.goodreads.com/book/show/40204948-a-truck-full-of-money", "http://www.goodreads.com/book/show/40229444-animal-liberation", "http://www.goodreads.com/book/show/19485478-a-woman-in-charge", "http://www.goodreads.com/book/show/38272015-the-measure-of-a-man", "http://www.goodreads.com/book/show/40203910-32-yolks", "http://www.goodreads.com/book/show/40193675-recovery", "http://www.goodreads.com/book/show/18880380-enemies", "http://www.goodreads.com/book/show/36693639-victoria", "http://www.goodreads.com/book/show/40203983-being-nixon", "http://www.goodreads.com/book/show/20960501-100-days-of-real-food", "http://www.goodreads.com/book/show/40268935-barbarians-at-the-gate", "http://www.goodreads.com/book/show/26064021-things-no-one-will-tell-fat-girls", "http://www.goodreads.com/book/show/29465033-whipping-girl", "http://www.goodreads.com/book/show/19730030-a-history-of-warfare", "http://www.goodreads.com/book/show/22844509-best-friends", "http://www.goodreads.com/book/show/18939110-let-it-go", "http://www.goodreads.com/book/show/40192801-future-crimes", "http://www.goodreads.com/book/show/13576617-still", "http://www.goodreads.com/book/show/35525893-sick-in-the-head", "http://www.goodreads.com/book/show/40205119-paris-1919"]}