{"ratings": 9916, "userreviews": [{"userName": "Elizabeth", "userReviewDate": "Jun 25, 2008", "userURL": "http://www.goodreads.com/user/show/717971-elizabeth", "userReview": "oh... maybe I'm just a sucker for Saint-Exup\u00e9ry. Let me go on about the title. It just doesn't translate into English. I LIKE the traditional English title, Wind, Sand, and Stars, but the puns all get lost. They'd get lost no mattr how you translate it, though. In French, la terre is not just the world, the earth, but also earth, dirt, ground and land; there are puns on terrain--terraine, landscape--and territoire, territory--the word atterrir, TO LAND an aeroplane, literally means to alight on earth. So all these things get talked about, man's relationship to earth from above and from ON the earth, but also you get quite a bit of the literal translation \"world of men\"--a plea for peace and for environmental moderation. (All the early aviators are blown away by the beauty of the earth from the air.)My favorite part of this book is where he lands on an inaccessible plateau in North Africa and, after marvelling that he is the first living thing EVER to have drawn breath here, notices that the place is littered with meteorites. And what is so wonderful about this book is not that St. X experienced that moment, but that through him, *I* get to experience it too. \"Nous demandons \u00e0 boire, mais nous demandons aussi \u00e0 communiquer.\" The pages are filled with the desperation to communicate, man's love of solitude tempered and ruined by his dependence on others. This is the landscape of The Little Prince--all the characters are here, and were real.Incidentally, I'd forgotten what a huge influence the core story in this book--plane crash in the desert and subsequent brush with nearly dying of thirst--was on my own book, The Sunbird.This is the first time I've read this book in French. It's not long and it's very accessible to the struggling Francophile."}, {"userName": "K.D. Absolutely", "userReviewDate": "Jan 22, 2011", "userURL": "http://www.goodreads.com/user/show/2156200-k-d-absolutely", "userReview": "Whenever I am forced to name my most favorite book ever, my automatic response is Antoine de Saint-Exupery\u2019s The Little Prince. I read it first when I was a boy but I did not understand what was it all about except the hat with an elephant inside and the planet with big trees called baobab. The second time was in college when it was a required reading in World Literature. I did not really like it until my professor explained that the novel was about man\u2019s search for friendship. I recall that there was no internet at the time and I still had to go to the school library to research more on Saint-Ex\u2019s life so I can make a better book report. We were not required to read other books (that was great since you know how busy a college student can be) of the same author and there was no Wikipedia yet. So, my knowledge of Saint-Ex stopped with his tale of this little prince. I re-read it from cover to cover this month as it was voted by the Filipinos here in Goodreads for February 2012 group read. It was for this reason, why I read this other popular Antoine de Saint-Exupery\u2019s book, Wind, Sand and Stars. I wanted to find out more about the man and probably more about The Little Prince.Since this was originally written in French, its title was Terre des homes that literally means \u201cLand of Men\u201d when it was published in France in 1939. Later that year, it was published in the US as \u201cLand of People\u201d But when The Little Prince became a worldwide phenomenon in 1943, the US publishers changed the title to Wind, Sand and Stars maybe to establish its connection between the two books. In the US, this book Wind, Sand and Stars won the National Book Award in 1939 for the Non-Fiction Category. The National Geographic Adventure magazine also memoir as No. 3 in its all-time list of 100 best adventure-exploration books.For you who loved The Little Prince, read this book. You will see semblances of that book\u2019s characters and events with what happened to Saint-Ex in this book. There is a scene here where Saint-Ex, the pilot of Aerospostale (airmail carrier) landed in a place full of meteorites. There is his bestfriend Henri Guillaumet (1902-1940) who in June 13, 1930, crashed in another place and though tempted to give up, he persisted while thinking of his wife, No\u00eblle, (very similar to Saint-Ex thinking of his rose) until June 19 at dawn when he was rescued by a 14-year-old boy named Juan Garc\u00eda (who should be his inspiration for his Little Prince character). Some critics say that Guillaumet is Little Prince himself or maybe the fox but Saint-Ex dedicated that book to Leon Werth, his other friend who he met in 1931. L\u00e9on Werth (1878-1955) spent the war unobtrusively in Saint-Amour, his village in the Jura, a mountainous region near Switzerland where he \"was alone, cold and hungry\", and had few nice words on French refugees. Saint-Ex returned to Europe in early 1943, rationalizing, \"I cannot bear to be far from those who are hungry... I am leaving in order to suffer and thereby be united with those who are dear to me.\"The book is very insightful. He reminded me of Richard Bach who wrote my favorite love story, The Bridge Across Forever. Saint-Ex brilliantly connected love, life, flying and male friendship. I am sure that he inspired Bach who is also a pilot and a novelist.The only difficulty I had with this book was my zero interest on flying. I am more of a sea or mountain person. Thus, there were parts when I could not stop hum-hum while reading. But overall, since I love The Little Prince, I appreciated to the answers this book provided me. Answers to the questions that I had when I was a little boy for the first time reading about the little prince in the desert up to the time when I re-read it in college and learned that it was about man's search for friendship."}, {"userName": "Ahmad Sharabiani", "userReviewDate": "Apr 28, 2008", "userURL": "http://www.goodreads.com/user/show/614778-ahmad-sharabiani", "userReview": "Terre des hommes, Antoine de Saint-Exup\u00e9ry\u0639\u0646\u0648\u0627\u0646\u0647\u0627: \u0632\u0645\u06cc\u0646 \u0622\u062f\u0645\u0647\u0627\u061b \u0632\u0645\u06cc\u0646 \u0627\u0646\u0633\u0627\u0646\u0647\u0627\u061b \u062a\u0627\u0631\u06cc\u062e \u0646\u062e\u0633\u062a\u06cc\u0646 \u062e\u0648\u0627\u0646\u0634: \u0627\u0648\u0644 \u0633\u067e\u062a\u0627\u0645\u0628\u0631 \u0633\u0627\u0644 2002 \u0645\u06cc\u0644\u0627\u062f\u06cc\u0639\u0646\u0648\u0627\u0646: \u0632\u0645\u06cc\u0646 \u0627\u0646\u0633\u0627\u0646\u0647\u0627\u061b \u0646\u0648\u06cc\u0633\u0646\u062f\u0647: \u0622\u0646\u062a\u0648\u0627\u0646 \u062f\u0648 \u0633\u0646\u062a \u0627\u06af\u0632\u0648\u067e\u0631\u06cc\u061b \u0645\u062a\u0631\u062c\u0645: \u0633\u0631\u0648\u0634 \u062d\u0628\u06cc\u0628\u06cc\u061b \u062a\u0647\u0631\u0627\u0646\u060c \u0627\u0645\u06cc\u0631\u06a9\u0628\u06cc\u0631\u060c 1350\u061b \u062f\u0631 168 \u0635\u061b \u0686\u0627\u067e \u062f\u0648\u0645: 1356\u060c \u062f\u0631 \u0633\u06cc \u0648 \u062f\u0648 \u0648 139 \u0635\u061b \u0686\u0627\u067e \u062f\u06cc\u06af\u0631: \u062a\u0647\u0631\u0627\u0646\u060c \u0641\u0631\u0632\u0627\u0646 \u0631\u0648\u0632\u060c 1377\u060c \u062f\u0631 190 \u0635\u061b \u0686\u0627\u067e \u062f\u06cc\u06af\u0631: \u062a\u0647\u0631\u0627\u0646\u060c \u0646\u06cc\u0644\u0648\u0641\u0631\u060c 1378\u061b \u0686\u0627\u067e \u067e\u0646\u062c\u0645 1382\u061b \u0634\u0627\u0628\u06a9: 9644481070\u061b \u0686\u0627\u067e \u0647\u0641\u062a\u0645 1392\u061b \u067e\u0627\u067e \u062f\u06cc\u06af\u0631: \u062a\u0647\u0631\u0627\u0646\u060c \u0639\u0644\u0645\u06cc \u0641\u0631\u0647\u0646\u06af\u06cc\u061b 1393\u061b \u062f\u0631 265 \u0635\u061b \u0634\u0627\u0628\u06a9: 9786001216275\u061b \u0645\u0648\u0636\u0648\u0639: \u0633\u0631\u06af\u0630\u0634\u062a\u0646\u0627\u0645\u0647 \u0646\u0648\u06cc\u0633\u0646\u062f\u06af\u0627\u0646 \u0641\u0631\u0627\u0646\u0633\u0648\u06cc - \u0642\u0631\u0646 20 \u0645\u0639\u0646\u0648\u0627\u0646: \u0632\u0645\u06cc\u0646 \u0622\u062f\u0645\u0647\u0627\u061b \u0645\u062a\u0631\u062c\u0645: \u067e\u0631\u0648\u06cc\u0632 \u0634\u0647\u062f\u06cc\u061b \u062a\u0647\u0631\u0627\u0646\u060c \u0645\u062c\u06cc\u062f\u060c \u0628\u0647 \u0633\u062e\u0646\u061b 1392\u061b \u062f\u0631 223 \u0635\u061b \u0634\u0627\u0628\u06a9: 9789644530951\u061b \u0646\u0642\u0644 \u0627\u0632 \u0645\u062a\u0646 \u06a9\u062a\u0627\u0628: \u062f\u0631 \u0628\u0631\u0627\u0628\u0631 \u0627\u06cc\u0646 \u0633\u0631\u0646\u0648\u0634\u062a \u062d\u0642\u06cc\u0631\u060c \u06cc\u0627\u062f \u0645\u0631\u06af\u06cc \u0628\u0647 \u0631\u0627\u0633\u062a\u06cc \u0645\u0631\u062f\u0627\u0646\u0647 \u062f\u0631 \u0630\u0647\u0646\u0645 \u0628\u06cc\u062f\u0627\u0631 \u0634\u062f. \u0645\u0631\u06af \u0628\u0627\u063a\u0628\u0627\u0646\u06cc \u06a9\u0647 \u062f\u0631 \u062d\u0627\u0644 \u0627\u062d\u062a\u0636\u0627\u0631\u060c \u0628\u0647 \u0645\u0646 \u0645\u06cc\u06af\u0641\u062a: \u00ab\u0645\u06cc\u062f\u0627\u0646\u06cc\u062f... \u06af\u0627\u0647\u060c \u0647\u0646\u06af\u0627\u0645 \u0628\u06cc\u0644 \u0632\u062f\u0646\u060c \u0639\u0631\u0642 \u0645\u06cc\u0631\u06cc\u062e\u062a\u0645. \u062f\u0631\u062f \u0631\u0645\u0627\u062a\u06cc\u0633\u0645\u060c \u067e\u0627\u06cc\u0645 \u0631\u0627 \u0645\u06cc\u0622\u0632\u0631\u062f. \u0628\u0647 \u0627\u06cc\u0646 \u0632\u0646\u062f\u06af\u06cc \u0650 \u0628\u0631\u062f\u06af\u06cc \u0646\u0627\u0633\u0632\u0627 \u0645\u06cc\u06af\u0641\u062a\u0645. \u0627\u0645\u0627 \u0627\u0645\u0631\u0648\u0632\u060c \u062f\u0644\u0645 \u0645\u06cc\u062e\u0648\u0627\u0647\u062f \u0628\u06cc\u0644 \u0628\u0632\u0646\u0645. \u062a\u0645\u0627\u0645 \u0632\u0645\u06cc\u0646 \u0631\u0627 \u0628\u0631\u06af\u0631\u062f\u0627\u0646\u0645. \u0628\u06cc\u0644 \u0632\u062f\u0646\u060c \u0628\u0647 \u0686\u0634\u0645\u0645 \u0686\u0647 \u0632\u06cc\u0628\u0627\u0633\u062a. \u0627\u0646\u0633\u0627\u0646 \u0647\u0646\u06af\u0627\u0645 \u0628\u06cc\u0644 \u0632\u062f\u0646\u060c \u0686\u0647 \u0622\u0632\u0627\u062f \u0627\u0633\u062a! \u0648\u0627\u0646\u06af\u0647\u06cc \u0686\u0647 \u06a9\u0633\u06cc \u062f\u0631\u062e\u062a\u0647\u0627\u06cc\u0645 \u0631\u0627 \u0647\u0631\u0633 \u062e\u0648\u0627\u0647\u062f \u06a9\u0631\u062f\u061f\u00bb \u0627\u0648\u060c \u0642\u0637\u0639\u0647 \u0632\u0645\u06cc\u0646\u06cc \u0631\u0627 \u0622\u0628\u0627\u062f \u0645\u06cc\u06a9\u0631\u062f\u060c \u0627\u0646\u06af\u0627\u0631 \u06a9\u0646\u06cc\u062f \u0633\u06cc\u0627\u0631\u0647 \u0627\u06cc \u0631\u0627. \u0627\u0648 \u0628\u0627 \u0647\u0645\u0647 \u06cc \u0645\u0632\u0631\u0639\u0647 \u0647\u0627 \u0648 \u062f\u0631\u062e\u062a\u0647\u0627\u06cc\u0650 \u0631\u0648\u06cc\u0650 \u0632\u0645\u06cc\u0646 \u0628\u0627 \u067e\u06cc\u0648\u0646\u062f \u0639\u0634\u0642 \u0648\u0627\u0628\u0633\u062a\u0647 \u0628\u0648\u062f. \u0627\u0648 \u0628\u0648\u062f \u06a9\u0631\u06cc\u0645 \u0648 \u0634\u0631\u06cc\u0641 \u0648 \u062c\u0648\u0627\u0646\u0645\u0631\u062f\u060c \u0645\u0631\u062f \u062c\u0633\u0648\u0631 \u0627\u0648 \u0628\u0648\u062f\u060c \u0632\u06cc\u0631\u0627 \u0645\u0627\u0646\u0646\u062f \u06af\u06cc\u0648\u0645\u0647(\u062e\u0644\u0628\u0627\u0646 \u062f\u0627\u0633\u062a\u0627\u0646) \u0628\u0647 \u0646\u0627\u0645 \u0622\u062f\u0645\u0647\u0627 \u0639\u0644\u06cc\u0647 \u0650 \u0645\u0631\u06af \u0645\u06cc\u062c\u0646\u06af\u06cc\u062f. \u0635 52 \u06a9\u062a\u0627\u0628. \u067e\u0627\u06cc\u0627\u0646 \u0646\u0642\u0644. \u0627. \u0634\u0631\u0628\u06cc\u0627\u0646\u06cc"}, {"userName": "Algernon", "userReviewDate": "Nov 07, 2014", "userURL": "http://www.goodreads.com/user/show/4728718-algernon", "userReview": "I know nothing, nothing in the world, equal to the wonder of nightfall in the air. [...] Mermoz said once, \u201cIt\u2019s worth it, it\u2019s worth the final smash-up.\u201d Flying in 2015 has become about as commonplace and unexciting as taking the subway to work or the train to the weekend lodge. It is safer than driving a car and most of the work, beside take-offs and landings, is done by sophisticated instruments. What we have gained in safety and comfort. We may have lost in our sense of wonder and our perspective. Antoine de Saint-Exupery, poet and pioneer aviator, is probably our best guide back to the miracle of flight, and this present autobiographical novel is I believe the best example of his profound humanism and lyrical prose. Considering some common details about a plane crash in the desert, the eagle-eye view of humans struggling to fill in huge empty spaces on a planet hurtling through a vast emptiness, the common themes of friendship, love, death, peace,  Terre des Hommes  is closely related to Le Petit Prince, the more famous novella about the boy who looks at earth with innocent and hopeful eyes.In structure, the novel pays homage to the early days of the Aeropostale, the first French company who opened up new routes of travel from Europe to Sahara, over the Andes in South America, to the Far East and beyond. It shows us the people for whom courage was only a short step away from suicidal madness, throwing themselves with reckless abandon in the middle of the storm without navigation instruments and with weak radio stations to guide them back to ground. I could quote whole pages, but I tried to restrain myself to a couple of the best examples: Thus, when Mermoz first crossed the South Atlantic in a hydroplane, as day was dying he ran foul of the Black Hole region, off Africa. Straight ahead of him were the tails of tornadoes rising minute by minute gradually higher, rising as a wall is built; and then the night came down upon these preliminaries and swallowed them up; and when, an hour later, he slipped under the clouds, he came out into a fantastic kingdom.Great black waterspouts had reared themselves seemingly in the immobility of temple pillars. Swollen at their tops, they supported the squat and lowering arch of the tempest, but through the rifts in the arch there fell slabs of light and the full moon sent her radiant beams between the pillars down upon the frozen tiles of the sea. Through these uninhabited ruins Mermoz made his way, gliding slantwise from one channel of light to the next, circling round those giant pillars in which there must have rumbled the upsurge of the sea, flying for four hours through these corridors of moonlight towards the exit from the temple. And this spectacle was so overwhelming that only after he had got through the Black Hole did Mermoz awaken to the fact that he had not been afraid. --- Mermoz and his mechanic had been forced down at an altitude of twelve thousand feet on a table-land at whose edges the mountains dropped sheer on all sides. For two mortal days they hunted a way off this plateau. But they were trapped. Everywhere the same sheer drop. And so they played their last card.Themselves still in it, they sent the plane rolling and bouncing down an incline over the rocky ground until it reached the precipice, went off into air, and dropped. In falling, the plane picked up enough speed to respond to the controls. Mermoz was able to tilt its nose in the direction of a peak, sweep over the peak and, while the water spurted through all the pipes burst by the night frost, the ship already disabled after only seven minutes of flight, he saw beneath him like a promised land the Chilean plain.And the next day he was at it again. When I think of Guillaumet, Mermoz, Saint-Exupery and of their colleagues in the Aeropostale , I have this image of one of our Romanian monuments to the early aviators: their arms spread out and covered with feathers, they went to the sky as naturally as we walk, they fought singlehanded against wind, darkness, cold and tiredness, and they paid dearly for their daring, falling back to ground in flames, like Icarus. In their own words: It was worth it! Even as the peasant strolling about his domain is able to foresee in a thousand signs the coming of the spring, the threat of frost, a promise of rain, so all that happens in the sky signals to the pilot the oncoming snow, the expectancy of fog, or the peace of a blessed night. The machine which at first blush seems a means of isolating man from the great problems of nature, actually plunges him more deeply into them. As for the peasant so for the pilot, dawn and twilight become events of consequence. His essential problems are set to him by the mountain, the sea, the wind. Alone before the vast tribunal of the tempestuous sky, the pilot defends his mails and debates on terms of equality with those three elemental divinities.An interesting chapter describes the flying machines they used on their missions, and Saint-Exupery uses the occasion to lash out at those who complain about the modern man\u2019s dependence on technology. It is not the tool itself that drives us away from nature, but the way we use it. Like the ever-present so-called \u2018smart\u2019 phones, they are not making us lonely by breaking up our direct contact with our fellow men, their role is actually to make it easier to communicate and get in touch. Airplanes also bring us closer together by reducing the travel times and thus the distances that separate us. Transport of the mails, transport of the human voice, transport of the flickering pictures \u2013 in this century as in others our highest accomplishments still have the single aim of bringing men together. Do our dreamers hold that the invention of writing, of printing, of the sailing ship, degraded the human spirit? While acknowledging the dangers of man being made to serve the machine (industry), the poet sees further and deeper, and argues for the spiritual liberation that the conquest of the air brings us: A man cannot live a decent life in cities, and I need to feel myself live. I am not thinking of aviation. The airplane is a means, not an end. One doesn\u2019t risk one\u2019s life for a plane any more than a farmer ploughs for the sake of the plough. But the airplane is a means of getting away from towns and their bookkeeping and coming to grips to reality.Flying is a man\u2019s job and its worries are a man\u2019s worries. A pilot\u2019s business is with the wind, with the stars, with night, with sand, with the sea. He strives to outwit the forces of nature. He stares in expectancy for the coming of dawn the way a gardener awaits the coming of spring. He looks forward to port as to a promised land, and truth for him is what lives in the stars. The winds, sand and stars of the title are revealed here as the keepers of the ultimate truth about life and about our place in the universe. An eagle-eye look at our planet from several thousand feet up in the air helps to put life in perspective, showing how insignificant some of our daily worries are, how feeble is our grip on the earth\u2019s crust, how much a simple drink of water may mean to a man dying of thirst, and how the most important thing we can do is to share the burden with another human being. The main event in the novel is a plane crash in Sahara. The desert, like it did with countless prophets, is one of the best places in the world to bare a soul naked and bring it closer to divinity. It is not surprising that such a powerful revelation will mark the author\u2019s writing both here and in Le Petit Prince: When I opened my eyes I saw nothing but the pool of nocturnal sky, for I was lying on my back with outstretched arms, face to face with that hatchery of stars. Only half awake, still unaware that those depths were sky, having no roof between those depths and me, no branches to screen them, no root to cling to, I was seized with vertigo and felt myself flung forth and plunging downward like a diver.But I did not fall. From nape to heel I discovered myself bound to earth. I felt a sort of appeasement in surrendering to it my weight. Gravitation had become as sovereign as love. The earth, I felt, was supporting my back, sustaining me, lifting me up, transporting me through the immense void of night. I was glued to our planet by a pressure like that which one is glued to the side of the car on a curve. I leaned with joy against this admirable breast-work, this solidity, this security, feeling against my body this curving bridge of my ship. From the austere purity of the desert, the poet turns reporter and takes us on a trip to Spain during the civil war, trying to understand the impulses and the failures that drive brother against brother: Life has taught us that love does not consist in gazing at each other but in looking together in the same direction. There is no comradeship except through union in the same high effort. Even in our age of material well-being this must be so, else how should we explain the happiness we feel in sharing our last crust with others in the desert? [...] What sets us against one another is not our aims \u2013 they all come to the same thing \u2013 but our methods, which are the fruit of our varied reasoning. With this last quote I move from the English title to the original French one: Terre des hommes.  For Saint-Exupery we are all one nation, one people, rich in diversity, but united in spirit, divided by language, religion or politics but brothers in arms before the court of desert and stars. Flight is a tool, not a destination, and the best use we can put it to is to open us up to the beauty of companionship. From his whole career as a pilot, the poet values most the times he shared his passion and his experiences with his comrades, a beautiful word that should not be held hostage to political propaganda: We told stories, we joked, we sang songs. In the air there was that slight fever that reigns over a gaily prepared feast. And yet we were infinitely poor. Wind, sand, and stars. The austerity of Trappists. But on this badly lighted cloth, a handful of men who possessed nothing in the world but their memories were sharing invisible riches.We had met at last. Men travel side by side for years, each locked up in his own silence or exchanging those words which carry no freight \u2013 till danger comes. Then they stand shoulder to shoulder. They discover that they belong to the same family. They wax and bloom in the recognition of fellow beings. They look at one another and smile. They are like the prisoner set free who marvels at the immensity of the sea.Happiness! It is useless to seek it elsewhere than in this warmth of human relations. Our sordid interests imprison us within their walls. Only a comrade can grasp us by the hand and haul us free. Saint-Exupery died, like many of his comrades he shared a meal with in the desert, doing what he loved best in the world \u2013 flying. Or maybe like his Prince he visited us for a while and then went back to his tiny planet to tend his volcano and his flower. He left behind a message of hope for the future and of trust in our ability to gather together when danger threatens us. I tried here to explain why he is more than a favourite author, he is an old friend that walked beside me and pointed out the beauty of a sunset or of a child\u2019s smile, the necessity of sharing:Old friends cannot be created out of hand. Nothing can match the treasure of common memories, of trials endured together, of quarrels and reconciliations and generous emotions. It is idle, having planted an acorn in the morning, to expect that afternoon to sit in the shade of the oak.So life goes on. For years we plant the seed, we feel ourselves rich; and then come other years when time does its work and our plantation is made sparse and thin. One by one, our comrades slip away, deprive us of their shade."}, {"userName": "Nikoleta", "userReviewDate": "Apr 02, 2017", "userURL": "http://www.goodreads.com/user/show/13362307-nikoleta", "userReview": "\u0391\u03b3\u03b1\u03c0\u03ce \u03ae \u03bc\u03ac\u03bb\u03bb\u03bf\u03bd \u03cc\u03c7\u03b9, \u03bb\u03b1\u03c4\u03c1\u03b5\u03cd\u03c9 \u03c4\u03bf \u03a3\u03b1\u03b9\u03bd\u03c4 \u0395\u03be\u03c5\u03c0\u03b5\u03c1\u03cd.\u039d\u03b9\u03ce\u03b8\u03c9 \u03bb\u03af\u03b3\u03bf \u03ba\u03bf\u03c5\u03c4\u03ae \u03c0\u03bf\u03c5 \u03bc\u03ad\u03c7\u03c1\u03b9 \u03c4\u03ce\u03c1\u03b1 \u03b5\u03af\u03c7\u03b1 \u03b4\u03b9\u03b1\u03b2\u03ac\u03c3\u03b5\u03b9 \u03bc\u03cc\u03bd\u03bf \u03c4\u03bf\u03bd \u039c\u03b9\u03ba\u03c1\u03cc \u03a0\u03c1\u03af\u03b3\u03ba\u03b9\u03c0\u03b1 \u03b8\u03b5\u03c9\u03c1\u03ce\u03bd\u03c4\u03b1\u03c2 \u03b1\u03bd\u03cc\u03b7\u03c4\u03b1 \u03cc\u03c4\u03b9 \u03ae\u03c4\u03b1\u03bd \u03cc\u03c4\u03b9 \u03ba\u03b1\u03bb\u03cd\u03c4\u03b5\u03c1\u03bf \u03ad\u03c7\u03b5\u03b9 \u03bd\u03b1 \u03c0\u03c1\u03bf\u03c3\u03c6\u03ad\u03c1\u03b5\u03b9.\u03a3\u03c4\u03bf \u00ab\u0397 \u03b3\u03b7 \u03c4\u03c9\u03bd \u03b1\u03bd\u03b8\u03c1\u03ce\u03c0\u03c9\u03bd\u00bb \u03bc\u03b1\u03c2 \u03b1\u03c6\u03b7\u03b3\u03b5\u03af\u03c4\u03b1\u03b9 \u03c4\u03b9\u03c2 \u03c0\u03b9\u03bb\u03bf\u03c4\u03b9\u03ba\u03ad\u03c2 \u03c4\u03bf\u03c5 \u03b5\u03bc\u03c0\u03b5\u03b9\u03c1\u03af\u03b5\u03c2, \u03cc\u03bb\u03b5\u03c2 \u03b1\u03c5\u03c4\u03ad\u03c2 \u03c4\u03b9\u03c2 \u03bf\u03bb\u03bf\u03ba\u03bb\u03b7\u03c1\u03c9\u03c4\u03b9\u03ba\u03ad\u03c2, \u03b1\u03c7\u03b1\u03bd\u03b5\u03af\u03c2 \u03b5\u03b9\u03ba\u03cc\u03bd\u03b5\u03c2 \u03b5\u03bd\u03cc\u03c2 \u03ba\u03cc\u03c3\u03bc\u03bf\u03c5 \u03c0\u03bf\u03c5 \u03b1\u03c0\u03cc \u03b5\u03ba\u03b5\u03af \u03c8\u03b7\u03bb\u03ac \u03bc\u03bf\u03b9\u03ac\u03b6\u03b5\u03b9 \u03c4\u03c1\u03bf\u03bc\u03b1\u03ba\u03c4\u03b9\u03ba\u03ac \u03b1\u03c0\u03ad\u03c1\u03b1\u03bd\u03c4\u03bf\u03c2\u2026 \u0391\u03c5\u03c4\u03ad\u03c2 \u03c0\u03bf\u03c5 \u03c4\u03bf\u03bd \u03bc\u03ac\u03b3\u03b5\u03c8\u03b1\u03bd, \u03c4\u03bf\u03bd \u03c9\u03c1\u03af\u03bc\u03b1\u03c3\u03b1\u03bd \u03ba\u03b1\u03b9 \u03c4\u03bf\u03bd \u03ad\u03c0\u03bb\u03b1\u03c3\u03b1\u03bd \u03c3\u03b5 \u03b1\u03c5\u03c4\u03cc\u03bd \u03c4\u03bf\u03bd \u03bc\u03b1\u03b3\u03b5\u03c5\u03c4\u03b9\u03ba\u03cc \u03ba\u03b1\u03bb\u03bb\u03b9\u03c4\u03ad\u03c7\u03bd\u03b7.\u039a\u03b1\u03b9 \u03c0\u03cc\u03c3\u03bf \u03c5\u03c0\u03ad\u03c1\u03bf\u03c7\u03b7, \u03c3\u03b1\u03b3\u03b7\u03bd\u03b5\u03c5\u03c4\u03b9\u03ba\u03ae \u03b1\u03c6\u03b7\u03b3\u03b7\u03bc\u03b1\u03c4\u03b9\u03ba\u03ae \u03b3\u03bb\u03ce\u03c3\u03c3\u03b1 \u03c7\u03c1\u03b7\u03c3\u03b9\u03bc\u03bf\u03c0\u03bf\u03b9\u03b5\u03af\u2026 \u038c\u03c4\u03b1\u03bd \u03b8\u03b1 \u03bd\u03b9\u03ce\u03b8\u03c9 \u03c4\u03b7\u03bd \u03b1\u03bd\u03ac\u03b3\u03ba\u03b7 \u03bd\u03b1 \u03c4\u03b1\u03be\u03b9\u03b4\u03ad\u03c8\u03c9 \u03bd\u03bf\u03b7\u03c4\u03ac, \u03b8\u03b1 \u03b1\u03bd\u03bf\u03af\u03b3\u03c9 \u03c4\u03bf \u03b2\u03b9\u03b2\u03bb\u03af\u03bf \u00ab\u0397 \u03b3\u03b7 \u03c4\u03c9\u03bd \u03b1\u03bd\u03b8\u03c1\u03ce\u03c0\u03c9\u03bd\u00bb, \u03b8\u03b1 \u03b4\u03b9\u03b1\u03b2\u03ac\u03b6\u03c9 \u03bc\u03b9\u03b1 \u03c0\u03b1\u03c1\u03ac\u03b3\u03c1\u03b1\u03c6\u03bf \u03ba\u03b1\u03b9 \u03b8\u03b1 \u03c6\u03b5\u03cd\u03b3\u03c9\u2026\u00ab\u039a\u03ac\u03c0\u03bf\u03c5 \u03b1\u03bb\u03bb\u03bf\u03cd \u03af\u03c3\u03c9\u03c2 \u03bf\u03b9 \u03ac\u03bd\u03b8\u03c1\u03c9\u03c0\u03bf\u03b9 \u03b2\u03c5\u03b8\u03bf\u03bc\u03b5\u03c4\u03c1\u03bf\u03cd\u03c3\u03b1\u03bd \u03c4\u03bf \u03ac\u03c0\u03b5\u03b9\u03c1\u03bf \u03ae \u03ad\u03ba\u03b1\u03bd\u03b1\u03bd \u03c4\u03bf\u03c5\u03c2 \u03c5\u03c0\u03bf\u03bb\u03bf\u03b3\u03b9\u03c3\u03bc\u03bf\u03cd\u03c2 \u03c0\u03ac\u03bd\u03c9 \u03c3\u03c4\u03bf \u03bd\u03b5\u03c6\u03b5\u03bb\u03bf\u03b5\u03b9\u03b4\u03ae \u03c4\u03b7\u03c2 \u0391\u03bd\u03b4\u03c1\u03bf\u03bc\u03ad\u03b4\u03b1\u03c2. \u0391\u03bb\u03bb\u03bf\u03cd \u03ad\u03ba\u03b1\u03bd\u03b1\u03bd \u03ad\u03c1\u03c9\u03c4\u03b1. \u039a\u03ac\u03c0\u03bf\u03c5 \u03b1\u03c0\u03cc\u03bc\u03b5\u03c1\u03b1 \u03c6\u03ad\u03b3\u03b3\u03b1\u03bd\u03b5 \u03c3\u03c4\u03bf\u03bd \u03ba\u03ac\u03bc\u03c0\u03bf \u03b1\u03c5\u03c4\u03ad\u03c2 \u03bf\u03b9 \u03c6\u03c9\u03c4\u03b9\u03ad\u03c2 \u03c3\u03b1\u03bd \u03bd\u03b1 \u03b1\u03c0\u03bf\u03b6\u03b7\u03c4\u03bf\u03cd\u03c3\u03b1\u03bd \u03bd\u03b1 \u03be\u03b1\u03bd\u03b1\u03b3\u03b5\u03bd\u03bd\u03b7\u03b8\u03bf\u03cd\u03bd. \u0391\u03ba\u03cc\u03bc\u03b1 \u03ba\u03b1\u03b9 \u03c9\u03c2 \u03c4\u2019 \u03b1\u03c0\u03cc\u03bc\u03b5\u03c1\u03b1 \u03c0\u03bf\u03c5 \u03b2\u03c1\u03b9\u03c3\u03ba\u03cc\u03c4\u03b1\u03bd \u03bf \u03c0\u03bf\u03b9\u03b7\u03c4\u03ae\u03c2, \u03bf \u03b4\u03ac\u03c3\u03ba\u03b1\u03bb\u03bf\u03c2, \u03bf \u03bc\u03b1\u03c1\u03b1\u03b3\u03ba\u03cc\u03c2.\u039c\u03b1, \u03b1\u03bd\u03ac\u03bc\u03b5\u03c3\u03b1 \u03c3\u2019 \u03b1\u03c5\u03c4\u03ac \u03c4\u03b1 \u03b6\u03c9\u03bd\u03c4\u03b1\u03bd\u03ac \u03b1\u03c3\u03c4\u03ad\u03c1\u03b9\u03b1, \u03c0\u03cc\u03c3\u03b1 \u03c3\u03b2\u03b7\u03c3\u03bc\u03ad\u03bd\u03b1 \u03c6\u03ce\u03c4\u03b1, \u03c0\u03cc\u03c3\u03bf\u03b9 \u03ac\u03bd\u03b8\u03c1\u03c9\u03c0\u03bf\u03b9 \u03c0\u03bf\u03c5 \u03ba\u03bf\u03b9\u03bc\u03cc\u03bd\u03c4\u03bf\u03c5\u03c3\u03b1\u03bd\u2026\u03a7\u03c1\u03b5\u03b9\u03ac\u03b6\u03b5\u03c4\u03b1\u03b9 \u03bc\u03b5\u03b3\u03ac\u03bb\u03b7 \u03c0\u03c1\u03bf\u03c3\u03c0\u03ac\u03b8\u03b5\u03b9\u03b1 \u03b3\u03b9\u03b1 \u03bd\u03b1 \u03ba\u03ac\u03bd\u03b5\u03b9\u03c2 \u03cc\u03bb\u03b1 \u03c4\u03bf\u03cd\u03c4\u03b1 \u03bd\u03b1 \u03c4\u03b1\u03b9\u03c1\u03b9\u03ac\u03be\u03bf\u03c5\u03bd. \u03a0\u03c1\u03ad\u03c0\u03b5\u03b9 \u03bd\u03b1 \u03b4\u03bf\u03ba\u03b9\u03bc\u03ac\u03c3\u03c9 \u03bd\u03b1 \u03b5\u03c0\u03b9\u03ba\u03bf\u03b9\u03bd\u03c9\u03bd\u03ae\u03c3\u03c9 \u03bc\u03b5 \u03bc\u03b5\u03c1\u03b9\u03ba\u03ac \u03b1\u03c0\u2019 \u03b1\u03c5\u03c4\u03ac \u03c4\u03b1 \u03c6\u03ce\u03c4\u03b1 \u03c0\u03bf\u03c5 \u03c6\u03b5\u03b3\u03b3\u03af\u03b6\u03bf\u03c5\u03bd \u03b1\u03c0\u03cc \u03bc\u03b1\u03ba\u03c1\u03b9\u03ac \u03bc\u03ad\u03c3\u03b1 \u03c3\u03c4\u03bf\u03bd \u03ba\u03ac\u03bc\u03c0\u03bf.\u00bb"}, {"userName": "Robin Sloan", "userReviewDate": "Nov 05, 2012", "userURL": "http://www.goodreads.com/user/show/2499600-robin-sloan", "userReview": "If I had to choose between The Little Prince and this book, I'd choose this book, because in a way you can use it to derive Saint-Exup\u00e9ry's classic. If The Little Prince is the diamond, this book is the coal: a hard-earned mass of adventure and experience. The book reads like a long letter from your most astonishing friend. Sublime."}, {"userName": "Francisco", "userReviewDate": "Mar 29, 2016", "userURL": "http://www.goodreads.com/user/show/2986010-francisco", "userReview": "This book is in many ways a wonderful background book for The Little Prince. The non-fiction stories of the author's adventures as a pilot allowed me to see the man behind one of my all time favorite books. The Little Prince is one of those books where you can sense the soul of the author and Saint-Exup\u00e9ry's non-fiction books, like this one, let you see that your initial intuition while reading The Little Prince was correct. This is a very un-sentimental look at courage and at the urge we all have to transcend what Saint-Exup\u00e9ry calls \"the bureaucracy\" of our lives. Saint-Exup\u00e9ry responds to this universal need by delivering mail in the frail two-person air machines of the 1930's over routes that take him through deserts and alps and oceans. Although this book was written after The Little Prince, the events of the book happened before Saint-Exup\u00e9ry wrote his timeless \"children's\" book so it is possible to see in some of his adventures the seeds of that great book. I smiled when he talked about seeing a desert fox when he was stranded on top of a sand dune and I understood what he meant when he talked about the stars that reveal themselves only to those who are brave enough to walk into the darkness of solitude. But what will stay with me forever is the hope and love for life that Saint-Exup\u00e9ry managed to find within himself in order to keep going and keep living and keep walking when all seemed lost and death by sunstroke and dehydration seemed imminent. I understood then how the author could write a book of simple beauty and wisdom like The Little Prince."}, {"userName": "Becky", "userReviewDate": "Jan 09, 2014", "userURL": "http://www.goodreads.com/user/show/6316460-becky", "userReview": "Transcendant, beautiful, embracing. When I read three books in a row where this book featured prominently (The Goldfinch was one) I felt the book calling to me. For me, it was not the type of book that I could sit down and read in one go. I wanted to mull and linger on the words, and to embrace St Exupery's words demands a kind of internal honesty and emotionality from the reader that can be freeing but also emotionally exhausting. I think that is why I put it down so often. I mean, I started this book August 2014, and finished August 2016- how is that for timing? Still, an excellent book, and one I would suggest to anyone that likes a good adventure memoir or wants to question the human condition or spirit. What a man. What a life. What a soul."}, {"userName": "Michael", "userReviewDate": "May 08, 2013", "userURL": "http://www.goodreads.com/user/show/4086118-michael", "userReview": "This short memoir for me was a wonderful adventure in flying and parallel inward journey by the author. That puts this book on an honored shelf with Mathiessen\u2019s \u201cThe Snow Leopard\u201d. St. Expery\u2019s experiences in the 20\u2019s with the French airmail service to North Africa and South America had comparable mind altering impacts and serious humbling in the face of nature\u2019s powers. But instead of a serious quest and a single journey, we get a more open-ended set of stories bound to his flying career and pathways of development for the author\u2019s core values and sources of hope for the human race. I delayed writing this review for half a year since reading it. It is the kind of delicious book where you want to mark passages on almost every page, so it was hard to pin down the real take-home messages worth sharing. With some perspective now, I can boil my pleasures down. It makes you feel connected to the universe. And part of a human community also struggling to comprehend and come to terms with its mysteries and epiphanies, treacheries and cruel destructions.The mysteries that flying opens his mind to come immediately with its ticket to a leap into different perspectives. How small all our human constructions appear from the air. How quickly you can be in a different world among the clouds get lost among dangerous mountains, vast deserts, or the endless sea. We get to share in the joys and fears of his first flights. The experience of unboundedness is balanced by strange connections with the plane, the technological wonder his life depends on. He is grounded as well with the camaraderie of his team, including the mechanic and radio man he usually shared his flights with and the fellow pilots he bonded with between flights. These connections rise to special prominence when he or others get in storms, fall out of radio communications, or get stranded after being forced into an emergency landing after equipment failure or fuel shortage. Here is a sample passage that contrasts the mild disorientations of a routine flight with the more potent impact of others:So the crew fly on with no thought that they are in motion. Light night over the sea, they are very far from the earth, from towns, from trees. The motors fill the lighted chamber with a silver that changes its substance. The clock ticks on. The dials, the radio lamps, the various ands and needles go through their invisible alchemy. From second to second these mysterious stirrings, a few muffled words, a concentrated tenseness, contribute to the end result. And when the hour is at hand the pilot may glue his forehead to the window with perfect assurance. Out of oblivion the gold has been smelted: there it gleams in the lights of the airport.And yet we have all known flights when of a sudden, each for himself, it has seemed to us that we have crossed the border of the world of reality; when, only a couple of hours from port, we have felt ourselves more distant from it than we should feel if we were in India; when there has come premonition of an incursion into a forbidden world whence it was going to be infinitely difficult to return. \u2026And with that we knew ourselves to be lost in interplanetary space among a thousand inaccessible planets, we who sought only the one veritable planet, our own, that planet on which alone we should find our familiar countryside, the houses of our friends, our treasures.Here the author captures so powerfully some of his altered states of consciousness while stranded in the Sahara at night:Once, in this same mineral Sahara, I was taught that a dream might partake of the miraculous. \u2026When I opened my eyes I saw nothing but the pool of nocturnal sky, for I was lying on my back with outstretched arms, face to face with that hatchery of stars. Only half awake, still unaware that those depths were sky, having no roof between those depths and me, no branches to screen them, no root to cling to, I was seized by vertigo and felt myself as if flung forth and plunging downriver like a diver.But I did not fall. From nape to heel I discovered myself bound to earth. I felt a sort of appeasement in surrendering to my weight. Gravitation had become as sovereign as love. The immense void of night. I was glued to our planet by a pressure like that which one is glued to the side of a car on a curve. I leaned with joy against this admirable best-work, this solidity, this security, feeling against my body this curving bridge of my ship.\u2026I lay there pondering my situation, lost in the desert and in danger, naked between sky and sand, withdrawn by too much silence from the poles of my life. I knew that I should wear out days and weeks returning to them if I were not sighted by some plane, or if next day the Moors did not find and murder me. Here I possessed nothing in the world. I was no more than a mortal strayed between sand and stars, conscious of the single blessing of breathing. And yet I discovered myself filled with dreams.Where it comes to trips to South America, there is a sense of real pioneering. Crossing a mountain range like the Andes without radar or a pressurized cabin was quite a challenge they routinely faced. He shares the story of a close friend who miraculously walked out of the mountains after a winter crash. When St. Exupery first visits the most southernmost town in the Chilean Patagonia, struggles hard to feel a connection with ordinary people:I landed in the peace of the evening. Punta Arenas! I leaned against a fountain and looked at the girls in the square. Standing there within a couple of feet of their grace. I felt more poignantly than ever the human mystery.In a world in which life so perfectly responds to life, where flowers mingle with flowers in the wind\u2019s eye, where the swan is the familiar of all swans, man alone builds his isolation. What a space between men their spiritual natures create! A girl\u2019s reverie isolates her from me, and how shall I enter into it? What can one know of a girl who passes, walking with slow steps homeward, eyes lowered, smiling to herself, filled with adorable inventions and with fables? Out of the thoughts, the voice, the silences of a lover, she can form an empire, and thereafter sees in all the world but him a people of barbarians. More surely than if she were on another planet, I feel her to be locked up in her language, in her secret, in her habits, in the singing echoes of her memory. Born yesterday of the volcanoes, of greenswards, of brine of the sea, she walks here already half divine.\u2026I know nothing. I do not enter into their empires. Man in the presence of man is as solitary as in the face of a wide winter sky in which there sweeps, never to be tamed, a flight of trumpeting geese.This book was a small wonder for me, and I expect it would be so for many of my friends. It reminds me of the line from Leonard Cohen: \u201cWe are so small between the stars so large against the sky\u201d. In a couple of sittings, you can be transported and return to earth a better person. I found a free copy on the internet, but I can\u2019t share it because I don\u2019t know if it is an illegal version."}, {"userName": "mai ahmd", "userReviewDate": "Nov 14, 2012", "userURL": "http://www.goodreads.com/user/show/7154074-mai-ahmd", "userReview": "\u0627\u0644\u0644\u062d\u0638\u0627\u062a \u0627\u0644\u0639\u0638\u064a\u0645\u0629 \u0647\u064a \u062a\u0644\u0643 \u0627\u0644\u0644\u062d\u0638\u0627\u062a \u0627\u0644\u062a\u064a \u062a\u0645\u0633\u0643 \u0628\u064a\u062f\u064a\u0643 \u0643\u062a\u0627\u0628\u0627 \u0623\u062d\u0628\u0628\u062a\u0647 \u0648\u0639\u0634\u062a \u0645\u0639\u0647 \u0644\u062d\u0638\u0627\u062a \u0633\u0639\u064a\u062f\u0629 \u0648\u0627\u0644\u0643\u062a\u0627\u0628 \u0627\u0644\u0630\u064a \u062a\u062d\u0632\u0646 \u0644\u0641\u0631\u0627\u0642\u0647 \u0647\u0648 \u0627\u0644\u0643\u062a\u0627\u0628 \u0627\u0644\u0630\u064a \u064a\u0645\u0651\u0633\u0651\u0643 \u0628\u0642\u0648\u0629 .. \u0627\u0644\u0643\u062a\u0627\u0628 \u0627\u0644\u0630\u064a \u064a\u062d\u0644\u0651\u0642 \u0628\u0643 \u0625\u0644\u0649 \u0623\u0639\u0644\u0649 \u0633\u0645\u0627\u0621 \u0645\u0645\u0643\u0646 \u0623\u0646 \u062a\u0637\u0627\u0644\u0647\u0627 .. \u0644\u0637\u0627\u0644\u0645\u0627 \u0643\u0627\u0646 \u0627\u0644\u062d\u0644\u0645 \u0628\u0623\u062c\u0646\u062d\u0629 \u0648\u0647\u0630\u0627 \u0645\u0627 \u064a\u0641\u0639\u0644\u0647 \u0623\u0643\u0632\u0648\u0628\u064a\u0631\u064a \u0627\u0644\u0631\u0648\u0627\u0626\u064a \u0627\u0644\u0641\u0631\u0646\u0633\u064a \u0627\u0644\u062c\u0645\u064a\u0644 \u0635\u0627\u062d\u0628 \u0627\u0644\u0631\u0648\u0627\u064a\u0629 \u0627\u0644\u0635\u063a\u064a\u0631\u0629 \u0627\u0644\u0623\u0645\u064a\u0631 \u0627\u0644\u0635\u063a\u064a\u0631 \u0627\u0644\u0630\u064a \u0639\u0645\u0644 \u0644\u0641\u062a\u0631\u0629 \u0637\u0648\u064a\u0644\u0629 \u0641\u064a \u062a\u062c\u0631\u0628\u0629 \u0627\u0644\u0637\u0627\u0626\u0631\u0627\u062a \u0641\u0627\u0645\u062a\u0647\u0646 \u0627\u0644\u0645\u063a\u0627\u0645\u0631\u0629 \u0647\u0648 \u0648\u0631\u0641\u0627\u0642\u0647 \u0627\u0644\u0637\u064a\u0627\u0631\u064a\u0646 \u0643\u0645\u0627 \u062a\u0643\u0648\u0646 \u0627\u0644\u0645\u063a\u0627\u0645\u0631\u0629 \u0627\u0644\u062d\u0642\u064a\u0642\u064a\u0629 \u0648\u0647\u0627 \u0647\u0648 \u064a\u0642\u062f\u0645 \u0644\u0646\u0627 \u062a\u0644\u0643 \u0627\u0644\u0623\u062c\u0646\u062d\u0629 \u0627\u0644\u0637\u064a\u0627\u0631\u0629 \u0644\u0646\u0633\u0627\u0641\u0631 \u0645\u0639\u0647 \u0628\u0639\u064a\u062f\u0627 ..\u064a\u0646\u0638\u0631 \u0645\u0646 \u0623\u0639\u0644\u0649 \u0627\u0644\u062d\u0644\u0645 \u0644\u0643\u0644 \u062a\u0644\u0643 \u0627\u0644\u0623\u0634\u064a\u0627\u0621 \u0627\u0644\u062c\u0645\u064a\u0644\u0629 \u0627\u0644\u062a\u064a \u062a\u0628\u062f\u0648 \u0643\u0627\u0644\u0646\u0642\u0637\u0629 \u0648\u062a\u0635\u0628\u062d \u0641\u064a \u0627\u0644\u0623\u0639\u0644\u0649 \u0644\u0647\u0627 \u0645\u0639\u0627\u0646\u064a \u0623\u062e\u0631\u0649 \u0644\u0627 \u064a\u062f\u0631\u0643\u0647\u0627 \u0645\u0646 \u062a\u0644\u0645\u0633 \u0631\u062c\u0644\u064a\u0647 \u0627\u0644\u0623\u0631\u0636 .. \u0642\u0631\u0623\u062a \u0645\u0631\u0629 \u0645\u0642\u0627\u0644\u0627 \u0641\u064a \u0645\u062c\u0644\u0629 \u062f\u0628\u064a \u0627\u0644\u062b\u0642\u0627\u0641\u064a\u0629 \u0643\u0627\u0646 \u0641\u064a\u0647 \u0623\u0643\u0632\u0648\u0628\u064a\u0631\u064a \u064a\u062d\u0643\u064a \u0639\u0646 \u0643\u064a\u0641 \u0645\u0645\u0643\u0646 \u0623\u0646 \u064a\u062a\u0646\u0641\u0633 \u0627\u0644\u063a\u0631\u0642 \u062a\u062d\u062a \u0627\u0644\u0645\u0627\u0621 \u0623\u0639\u0646\u064a \u064a\u062a\u0646\u0641\u0633 \u0627\u0644\u0645\u0627\u0621 \u0648\u0647\u0648 \u064a\u0633\u0642\u0637 \u0641\u064a \u0627\u0644\u0645\u0627\u0621 \u0648\u0643\u064a\u0641 \u064a\u062c\u0628 \u0623\u0646 \u064a\u0641\u062a\u062d \u0631\u0626\u062a\u064a\u0647 \u0644\u0647 \u0627\u0639\u062a\u0628\u0631\u0647\u0627 \u0627\u0644\u0643\u062b\u064a\u0631\u064a\u0646 \u0646\u0628\u0648\u0621\u0629 \u0644\u0645\u0648\u062a\u0647 \u0627\u0644\u0630\u064a \u062c\u0627\u0621 \u0625\u062b\u0631 \u0633\u0642\u0648\u0637 \u0637\u0627\u0626\u0631\u062a\u0647 \u0628\u0639\u062f \u0623\u0646 \u0636\u0631\u0628\u062a\u0647\u0627 \u0637\u0627\u0626\u0631\u0629 \u0623\u0644\u0645\u0627\u0646\u064a\u0629 \u0648\u0647\u0648 \u0641\u064a \u0645\u0647\u0645\u0629 \u0625\u0633\u062a\u0637\u0644\u0627\u0639\u064a\u0629 \u062d\u0633\u0628 \u0627\u0644\u0645\u0642\u0627\u0644 \u0644\u064a\u0633\u0642\u0637 \u0641\u064a \u0627\u0644\u0645\u0627\u0621 \u0648\u064a\u0645\u0648\u062a \u0643\u0645\u0627 \u0643\u0627\u0646\u062a \u0627\u0644\u0646\u0628\u0648\u0621\u0629 .. \u062d\u064a\u0646 \u062a\u0642\u0631\u0623 \u0623\u0631\u0636 \u0627\u0644\u0628\u0634\u0631 \u0633\u062a\u0639\u0631\u0641 \u0633\u0631\u0651 \u0647\u0630\u0627 \u0627\u0644\u0639\u0634\u0642 \u0627\u0644\u0643\u0628\u064a\u0631 \u0644\u0644\u0645\u0627\u0621 .. \u0641\u0645\u0646 \u0647\u0648 \u0623\u0643\u062b\u0631 \u0642\u062f\u0631\u0629 \u0639\u0644\u0649 \u0645\u0639\u0631\u0641\u0629 \u0645\u0627\u0630\u0627 \u064a\u0639\u0646\u064a \u0627\u0644\u0645\u0627\u0621 \u0623\u0643\u062b\u0631 \u0645\u0646 \u062a\u0627\u0626\u0647 \u0641\u064a \u0627\u0644\u0635\u062d\u0631\u0627\u0621 \u0633\u0642\u0637 \u0623\u0643\u0632\u0648\u0628\u064a\u0631\u064a \u0648\u0647\u0648 \u0645\u062a\u062c\u0647 \u0644\u0628\u0646\u063a\u0627\u0632\u064a \u0641\u064a \u0627\u0644\u0635\u062d\u0631\u0627\u0621 \u0645\u0639 \u0635\u062f\u064a\u0642 \u0644\u0647 \u0648\u062d\u064a\u062b \u0625\u0646\u0647 \u0646\u062c\u0627 \u0645\u0646 \u0647\u0630\u0627 \u0627\u0644\u0633\u0642\u0648\u0637 \u0644\u0643\u0646\u0647 \u0644\u0645 \u064a\u0646\u062c\u0648 \u0645\u0646 \u0627\u0644\u0633\u0631\u0627\u0628 \u0648\u0627\u0644\u0639\u0637\u0634 \u0648\u0627\u0644\u0636\u064a\u0627\u0639 \u0641\u064a \u0627\u0644\u0635\u062d\u0631\u0627\u0621 .. \u0625\u0645\u0634\u064a \u0643\u0645\u0627 \u0642\u0627\u0644 \u063a\u064a\u0648\u0645\u0647 \u0648\u0647\u0643\u0630\u0627 \u0628\u062f\u0623 \u064a\u0645\u0634\u0649 \u064a\u062c\u0631\u0647 \u0627\u0644\u0633\u0631\u0627\u0628 \u0641\u064a \u0645\u062a\u0627\u0647\u0627\u062a \u0639\u0638\u064a\u0645\u0629 \u0627\u0644\u062c\u0641\u0627\u0641 \u064a\u062c\u0631\u062d \u0634\u0641\u062a\u064a\u0647 \u0648 \u062f\u0648\u0646 \u0623\u0646 \u064a\u0639\u0631\u0641 \u0625\u0644\u0649 \u0623\u064a\u0646 \u064a\u0645\u0636\u064a .. \u0625\u0646 \u0627\u0644\u0645\u0634\u0627\u0647\u062f \u0627\u0644\u062a\u064a \u0643\u062a\u0628\u0647\u0627 \u0623\u0643\u0632\u0648\u0628\u064a\u0631\u064a \u0648\u0647\u0648 \u064a\u0639\u0627\u0646\u064a \u0627\u0644\u0639\u0637\u0634 \u0648\u0627\u0644\u062c\u0641\u0627\u0641 \u0641\u064a \u0635\u062d\u0631\u0627\u0621 \u062e\u0627\u0646\u0642\u0629 \u0628\u0625\u0645\u062a\u062f\u0627\u062f\u0647\u0627 \u0627\u0644\u0634\u0627\u0633\u0639 \u0644\u0627 \u062d\u062f\u0648\u062f \u0644\u0647\u0627 \u0644\u0647\u0648 \u0645\u0648\u062a \u0622\u062e\u0631 .. \u0641\u0643\u064a\u0641 \u0644\u0647 \u0628\u0639\u062f \u0630\u0644\u0643 \u0623\u0646 \u0644\u0627 \u064a\u062a\u0645\u0646\u0649 \u0627\u0644\u0645\u0648\u062a \u0641\u064a \u0627\u0644\u0645\u0627\u0621 ..\u062c\u0627\u0621 \u0627\u0644\u0633\u0631\u062f \u0634\u0627\u0639\u0631\u064a\u0627 \u063a\u0646\u0627\u0626\u064a\u0627 \u0641\u0644\u0633\u0641\u064a\u0627 \u0648\u0631\u0648\u062d\u0627\u0646\u064a\u0627 \u0643\u0644\u0645\u0627\u062a\u0647 \u0643\u0623\u062d\u0644\u0627\u0645 \u0627\u0644\u0639\u0635\u0627\u0641\u064a\u0631 \u0627\u0644\u0645\u0647\u0627\u062c\u0631\u0629 \u0648\u0647\u0648 \u064a\u0631\u0633\u0644 \u062a\u062d\u0627\u064a\u0627\u0647 \u0644\u0644\u0631\u064a\u0627\u062d \u0644\u0644\u0631\u0645\u0627\u0644 \u0644\u0644\u0646\u062c\u0648\u0645 \u0644\u0644\u062c\u0628\u0627\u0644 \u0644\u0623\u0635\u062f\u0642\u0627\u0621\u0647 \u0627\u0644\u0645\u063a\u0627\u0645\u0631\u064a\u0646 \u0641\u064a \u062a\u0644\u0643 \u0627\u0644\u0644\u064a\u0627\u0644\u064a \u0627\u0644\u0636\u0628\u0627\u0628\u064a\u0629 \u0644\u0643\u0645 \u0623\u062d\u0628\u0628\u062a \u0647\u0630\u0627 \u0627\u0644\u0643\u062a\u0627\u0628 \u0645\u0644\u0627\u062d\u0638\u0629 .. \u0633\u0642\u0637\u062a \u0646\u062c\u0645\u0629 \u0628\u0633\u0628\u0628 \u0627\u0644\u062a\u0631\u062c\u0645\u0629 \u0627\u0644\u0645\u0631\u062a\u0628\u0643\u0629 \u062a\u0647\u0628\u0637 \u0648\u062a\u0639\u0644\u0648 \u062d\u064a\u0646\u0627 \u0648\u0644\u0630\u0644\u0643 \u0623\u0646\u0635\u062d \u0628\u0646\u0633\u062e\u0629 \u062f\u0627\u0631 \u0627\u0644\u0645\u062f\u0649"}, {"userName": "Jill", "userReviewDate": "Jun 28, 2014", "userURL": "http://www.goodreads.com/user/show/1788674-jill", "userReview": "The steadily growing stream of birth and marriage announcements on my Facebook feed has led me to rethink these \u201csteps\u201d that most people take each passing year. I used to think (and still sometimes do when I\u2019m feeling unsure or cynical) that this seemingly prewritten way of living, of societal norms pushing us forward, was depressing evidence for a lack of creativity. But lately I see these steps not as predetermined chains on a pair of manacles we never knew we were wearing, but as a climb up a mountain or a neverending game of \u201cI dare you.\u201d I dare you to try more, to do something different, to remember or to learn how best to live. We only have one first. A first time riding in a plane, a first time seeing the ocean, a first time eating an orange, a first time falling in love. It happens and it finishes in the same moment. A simultaneous life and death that will slowly kill us if we don\u2019t realize it. Antoine de Saint-Exup\u00e9ry wants us to realize it. To do so he shares exquisite moments where he realized it during his career as an A\u00e9ropostale pilot in Northern Africa and South America. He\u2019s lying atop a pebbled ledge in the Sahara Desert and finds a meteorite and knows he\u2019s the only soul who has ever seen this rock. It\u2019s a first, but one that he wants us to savor. He\u2019s in the desert in Libya, three days without water, and he sees fantastic mirages\u2014they are false, but they are something new only once, and he wants us to appreciate that. What he wants is neither that new nor that radical. By recounting his memories he wants to inspire us to unlock our hands from our keyboards, to put our wallets back in our pockets, to unleash the shopkeepers from their shops, to look in a mirror, to look at each other, and to recognize something. In English this humanist adventure tale is titled Wind, Sand, and Stars, evocative but lacking. The French title, Terre des hommes, or Land of Men, is better. There is no wind, there is no sand, there are no stars, if we are not there to observe them, or even more, to appreciate them. Life is a battle to stay awake. And according to Saint-Exup\u00e9ry, it doesn\u2019t have to be much of a battle if we just look around every once and a while. Whether we\u2019re flying across the Andes in a snowstorm straining to find the light of a house and human soul below or whether we simply open our eyes while walking down the street, we can win the battle. Being awake will no longer mean adhering to a game of \u201cI dare you,\u201d a set of steps leading to more, more, more to stop us from getting bored. Everyday can have a first, every person can be awake, if we remember every single moment that we\u2019re alive on this sphere in the universe."}, {"userName": "Ghazale", "userReviewDate": "May 11, 2016", "userURL": "http://www.goodreads.com/user/show/12859241-ghazale", "userReview": "\u0641\u0639\u0644\u0627 \u0628\u0647 \u062f\u0644\u06cc\u0644 \u062a\u0631\u062c\u0645\u0647 \u0633\u0646\u06af\u06cc\u0646 \u06a9\u062a\u0627\u0628 \u062e\u06cc\u0644\u06cc \u06a9\u0646\u062f \u067e\u06cc\u0634 \u0645\u06cc\u0631\u0645 .... \u0628\u0647 \u062d\u062f\u06cc \u06a9\u0647 \u0628\u0639\u0636\u06cc \u062c\u0627\u0647\u0627 \u0645\u0646\u0638\u0648\u0631 \u0646\u0648\u06cc\u0633\u0646\u062f\u0647 \u0631\u0648 \u0645\u062a\u0648\u062c\u0647 \u0646\u0645\u06cc\u0634\u0645 \u0648 \u0627\u06cc\u0646\u06a9\u0647 \u0628\u0627\u06cc\u062f \u0686\u0646\u062f \u0628\u0627\u0631 \u0628\u062e\u0648\u0646\u064516 \u062a\u06cc\u0631 1395\u0628\u0627\u0644\u0627\u062e\u0631\u0647 \u062a\u0648\u0646\u0633\u062a\u0645 \u0627\u06cc\u0646 \u06a9\u062a\u0627\u0628 \u0631\u0627 \u062a\u0645\u0627\u0645 \u06a9\u0646\u0645 \u0627\u0632 \u0628\u062e\u0634 7 \u06a9\u062a\u0627\u0628( \u06a9\u0647 \u062f\u0633\u062a \u0648 \u067e\u0646\u062c\u0647 \u0646\u0631\u0645 \u06a9\u0631\u062f\u0646 \u0646\u0648\u06cc\u0633\u0646\u062f\u0647 \u0628\u0631\u0627\u06cc \u0632\u0646\u062f\u0647 \u0645\u0648\u0646\u062f\u0646\u0647) \u062a\u0648\u0646\u0633\u062a\u0645 \u0628\u0627\u0647\u0627\u0634 \u0627\u0631\u062a\u0628\u0627\u0637 \u0628\u0631\u0642\u0631\u0627\u0631 \u06a9\u0646\u0645 \u0648 \u0628\u0631\u0627\u06cc \u0647\u0645\u06cc\u0646 \u0641\u06a9\u0631 \u0645\u06cc\u06a9\u0646\u0645 \u06cc\u06a9 \u0628\u0627\u0631 \u062f\u06cc\u06af\u0647 \u0628\u0627\u06cc\u062f \u0628\u0631\u06af\u0631\u062f\u0645 \u0648 \u06a9\u062a\u0627\u0628 \u0631\u0627 \u0645\u062c\u062f\u062f\u0627 \u0627\u0632 \u0627\u0628\u062a\u062f\u0627 \u0628\u062e\u0648\u0646\u0645 ..\u062f\u0648\u0633\u0646\u062a \u0627\u06af\u0632\u0648\u067e\u0631\u06cc \u062a\u0648 \u0627\u06cc\u0646 \u06a9\u062a\u0627\u0628 \u0646\u0642\u0634 \u0647\u0645\u0627\u0646 \u0634\u0627\u0632\u062f\u0647 \u06a9\u0648\u0686\u0648\u0644\u0648 \u0631\u0627 \u0628\u0627\u0632\u06cc \u0645\u06cc\u06a9\u0646\u062f ( \u0648 \u0634\u0627\u06cc\u062f \u0634\u0627\u0632\u062f\u0647 \u06a9\u0648\u0686\u0648\u0644\u0648 \u0627\u0632 \u062e\u0648\u062f\u0634 \u0645\u062a\u0648\u0644\u062f \u0634\u062f\u0647 \u0648 \u0647\u0645\u0648\u0646 \u0645\u0648\u062a\u0633\u0627\u0631\u062a\u06cc \u0627\u0633\u062a \u06a9\u0647 \u0646\u0645\u06cc\u062e\u0648\u0627\u062f \u062f\u0631 \u0628\u0686\u0647 \u0627\u06cc \u0628\u0645\u06cc\u0631\u062f \u0648 \u0627\u0632 \u0628\u06cc\u0646 \u0628\u0631\u0648\u062f ) \u0648 \u0633\u0639\u06cc \u0645\u06cc\u06a9\u0646\u062f \u0646\u06af\u0627\u0647 \u06a9\u0646\u062c\u06a9\u0627\u0648\u06cc \u0628 \u067e\u062f\u06cc\u062f\u0647 \u0647\u0627\u06cc \u062f\u0648\u0631 \u0648 \u0628\u0631\u0634 \u062f\u0627\u0634\u062a\u0647 \u0628\u0627\u0634\u0647 \u0646\u0648\u06cc\u0633\u0646\u062f\u0647 \u062f\u0631 \u0639\u06cc\u0646 \u0627\u06cc\u0646\u06a9\u0647 \u062f\u0631 \u062a\u0644\u0627\u0634\u0647 \u062a\u0627 \u0628\u0627 \u0632\u0645\u06cc\u0646 \u0648 \u067e\u062f\u06cc\u062f\u0647 \u0647\u0627\u06cc \u0637\u0628\u06cc\u0639\u06cc \u0627\u062e\u062a \u0628\u06af\u06cc\u0631\u0647 \u0648 \u06a9\u0645\u06cc \u0628\u0627 \u0627\u0646\u0647\u0627 \u062e\u0644\u0648\u062a \u06a9\u0646\u0647 \u0627\u0632 \u0627\u0646\u0633\u0627\u0646 \u063a\u0627\u0641\u0644 \u0646\u06cc\u0633\u062a \u0648 \u0627\u0646\u062a\u0647\u0627\u06cc \u06a9\u062a\u0627\u0628 \u0631\u0627 \u062e\u06cc\u0644\u06cc \u0632\u06cc\u0628\u0627 \u062a\u0645\u0627\u0645 \u0645\u06cc\u06a9\u0646\u062f ...\" ... \u0648\u0642\u062a\u06cc \u0628\u0647 \u062f\u0646\u0628\u0627\u0644 \u062a\u062d\u0648\u0644\u06cc\u060c \u062c\u0647\u0634\u06cc \u062f\u0631 \u0628\u0627\u063a\u06cc \u060c \u06af\u0644 \u0633\u0631\u062e \u0646\u0648\u0638\u0647\u0648\u0631\u06cc \u067e\u062f\u06cc\u062f \u0627\u06cc\u062f \u0628\u0627\u063a\u0628\u0627\u0646\u0647\u0627 \u0647\u0645\u0647 \u0628\u0647 \u062c\u0646\u0628 \u0648 \u062c\u0648\u0634 \u0645\u06cc \u0627\u06cc\u0646\u062f. \u0627\u0646 \u0631\u0627 \u062c\u062f\u0627 \u0645\u06cc\u06a9\u0646\u0646\u062f \u0648 \u06a9\u0634\u062a \u0645\u06cc\u062f\u0647\u0646\u062f \u0648 \u0632\u0645\u06cc\u0646\u0647 \u0631\u0627 \u0628\u0631\u0627\u06cc \u0631\u0634\u062f \u0633\u0631\u06cc\u0639 \u0627\u0646 \u0645\u0647\u06cc\u0627 \u0645\u06cc\u06a9\u0646\u0646\u062f. \u0627\u0645\u0627 \u0628\u0631\u0627\u06cc \u0627\u0646\u0633\u0627\u0646 \u0647\u0627 \u0628\u0627\u063a\u0628\u0627\u0646\u06cc \u0646\u06cc\u0633\u062a. \" \" \u0645\u0631\u0627 \u062f\u0631\u062f\u06cc \u0639\u0630\u0627\u0628 \u0645\u06cc\u062f\u0647\u062f \u06a9\u0647 \u0628\u0627 \u0627\u0646\u0641\u0627\u0642 \u0628\u0647 \u0645\u0633\u062a\u0645\u0646\u062f\u0627\u0646 \u0648 \u0627\u0637\u0639\u0627\u0645 \u0645\u0633\u0627\u06a9\u06cc\u0646 \u062f\u0648\u0627 \u0646\u0645\u06cc\u0634\u0648\u062f . \u0633\u0648\u0632 \u062f\u0644 \u0645\u0646 \u0646\u0647 \u0627\u0632 \u0627\u06cc\u0646 \u0642\u0648\u0632 \u0648 \u06af\u0631\u0647 \u0647\u0627\u06cc \u067e\u06cc\u06a9\u0631 \u0627\u06cc\u0646 \u06a9\u0627\u0631\u06af\u0631\u0627\u0646 \u0648 \u0646\u0647 \u0627\u0632 \u0632\u0634\u062a\u06cc \u0627\u06cc\u0646 \u0645\u062d\u0646\u062a \u0628\u0644\u06a9\u0647 \u0627\u0632 \u0627\u0646\u0633\u062a \u06a9\u0647 \u062f\u0631 \u0647\u0631 \u06cc\u06a9 \u0627\u0632 \u0627\u06cc\u0646 \u0627\u0646\u0633\u0627\u0646 \u0647\u0627 \u0645\u0648\u062a\u0633\u0627\u0631\u062a \u0627\u0633\u062a \u06a9\u0647 \u06a9\u0634\u062a\u0647 \u0645\u06cc\u0634\u0648\u062f . \u062a\u0646\u0647\u0627 \u0646\u0641\u0633 \u062e\u062f\u0627\u0648\u0646\u062f \u0627\u0633\u062a \u06a9\u0647 \u0627\u06af\u0631 \u0628\u0631 \u06af\u0650\u0644 \u062f\u0645\u06cc\u062f\u0647 \u0634\u0648\u062f \u0627\u0646\u0633\u0627\u0646 \u0645\u06cc \u0627\u0641\u0631\u06cc\u0646\u062f. \""}, {"userName": "Naele", "userReviewDate": "Aug 19, 2015", "userURL": "http://www.goodreads.com/user/show/28792952-naele", "userReview": "\u0627\u0646\u0633\u0627\u0646 \u0628\u0648\u062f\u0646 \u0647\u0645\u0627\u0646 \u0645\u0633\u0626\u0648\u0644 \u0628\u0648\u062f\u0646 \u0627\u0633\u062a."}, {"userName": "M.", "userReviewDate": "Feb 17, 2017", "userURL": "http://www.goodreads.com/user/show/22191185-m", "userReview": "Kitap okuyorsam, be\u015f bin y\u0131l\u0131n hikayesini; bir \u00f6m\u00fcrde dinlemek, anlamak i\u00e7indir.\u00d6yleyse \u015fimdi s\u0131ra geldi \"Yel, Kum ve Y\u0131ld\u0131zlar\" kitab\u0131na. 2013 y\u0131l\u0131nda ben de; hemen herkes gibi, K\u00fc\u00e7\u00fck Prens kitab\u0131yla tan\u0131\u015ft\u0131\u011f\u0131m Antoine de Saint-Exupery'nin trajik ya\u015fam \u00f6yk\u00fcs\u00fcn\u00fc de bilahare okuduktan sonra bu kitab\u0131 da okumaya karar k\u0131lm\u0131\u015ft\u0131m.Kitab\u0131n beni olduk\u00e7a etkiledi\u011fini s\u00f6yleyebilirim. Jack London'\u0131n Yaban\u0131n \u00c7a\u011fr\u0131s\u0131'nda bahsetti\u011fi \"\u00c7a\u011fr\u0131\"y\u0131 y\u00fcre\u011finden i\u015fitip (yazar kitab\u0131nda buna i\u00e7\u00e7a\u011fr\u0131 demi\u015f) kendini \u00e7\u00f6le, kuma ve u\u00e7suz bucaks\u0131z y\u0131ld\u0131zlara atan yazar\u0131n; seyredip hissettiklerini okuyoruz bu kitapta.\"Sahra'm, Sahra'm benim, i\u015fte y\u00fcn e\u011firen bir kad\u0131n, bir ba\u015ftan bir ba\u015fa b\u00fcy\u00fcleyivermi\u015f seni!\" (s.58)\u00c7\u00f6lde, kumda ve y\u0131ld\u0131zlarda; bir Frans\u0131z'\u0131 Frans\u0131zl\u0131ktan, bir Bedeviyi Bedevilikten, Ma\u011fribiyi Ma\u011fripten; Me\u015fr\u0131k\u0131y\u0131 Me\u015fr\u0131ktan ay\u0131ran ve insan\u0131 yaln\u0131zca insan haline getiren \u015feyleri g\u00f6rm\u00fc\u015f, anlam\u0131\u015f ve anlatm\u0131\u015f yazar. Susuzlukta, yaln\u0131zl\u0131kta, a\u00e7l\u0131kta, merakta ve h\u00fcrriyette bir olan \u015feyi; insan\u00e7ocu\u011funun ortak yazg\u0131s\u0131n\u0131.Ve d\u00fc\u015f kurmay\u0131 da;\"D\u00fc\u015flerim bu kumullardan, bu aydan, bu varl\u0131klardan daha ger\u00e7ek.\" (s.57)Mesle\u011fi pilotluk olan yazar\u0131m\u0131z i\u00e7in, d\u00fcnya bir bah\u00e7edir ayn\u0131 zamanda; \u00e7ocuklu\u011funda dizini kanatt\u0131\u011f\u0131 bah\u00e7enin belki biraz daha b\u00fcy\u00fck\u00e7esi!\"Bah\u00e7enin \u00f6b\u00fcr ucundan de\u011fil, d\u00fcnyan\u0131n \u00f6b\u00fcr ucundan d\u00f6n\u00fcyordum, yaln\u0131zl\u0131klar\u0131n yak\u0131c\u0131 kokusunu, kum yellerinin anaforunu, tropiklerin g\u00f6z kama\u015ft\u0131ran aylar\u0131n\u0131 da kendimle birlikte getiriyordum!\" (s.57)Ma\u011fribinin fukaral\u0131\u011f\u0131ndaki sadelik ve estetikte oldu\u011fu kadar (akl\u0131ma Marake\u015f'te Sesler kitab\u0131n\u0131 getirir bu noktada); \u00e7\u00f6l\u00fcn, kumun ve y\u0131ld\u0131zlar\u0131n manzaras\u0131 da pek m\u00fcthi\u015ftir.\"Ama en g\u00fczeli, burada gezegenin yuvarlak s\u0131rt\u0131 \u00fczerinde, bu m\u0131knat\u0131sl\u0131 \u00f6rt\u00fcyle bu y\u0131ld\u0131zlar aras\u0131nda, bu ya\u011fmuru bir ayna gibi yans\u0131tabilecek bir insan bilincinin durmas\u0131yd\u0131. Bir maden kitlesi \u00fczerinde bir d\u00fc\u015f mucizesidir. Benim an\u0131msad\u0131\u011f\u0131m bir d\u00fc\u015f...\" (s.54)Y\u0131ld\u0131zlar\u0131n aras\u0131nda u\u00e7an bir gemide, yazar yerk\u00fcrenin o sonsuz k\u00fc\u00e7\u00fckl\u00fc\u011f\u00fcndeki g\u00fczelli\u011fi de g\u00f6rmektedir kitab\u0131nda; hani Naz\u0131m da \u015f\u00f6yle anlatm\u0131\u015ft\u0131:y\u0131ld\u0131zlar\u0131n aras\u0131nda bir y\u0131ld\u0131z,  hem de en ufac\u0131klar\u0131ndan, mavi kadifede bir yald\u0131z zerresi yani,  yani bu koskocaman d\u00fcnyam\u0131z.  (Naz\u0131m Hikmet Ran, Ya\u015famaya Dair)Bu manzaray\u0131, bu b\u00fcy\u00fcl\u00fc g\u00fczelli\u011fi g\u00f6remeyen, g\u00f6remeyecek hale gelmi\u015f; art\u0131k kabuk ba\u011flam\u0131\u015f ruhlara da sitem etmeyi unutmaz:\"Sen, emektar memur, yan\u0131 ba\u015f\u0131mdaki arkada\u015f\u0131m, hi\u00e7bir \u015fey bu hapishaneden firar etmeni sa\u011flamad\u0131, ve bu durumdan sen sorumlu de\u011filsin. T\u0131pk\u0131 termitler gibi, \u0131\u015f\u0131\u011fa a\u00e7\u0131lan her deli\u011fi betonla kapatarak kurdun rahatl\u0131\u011f\u0131n\u0131. Burjuva g\u00fcvenli\u011finin, g\u00fcndelik i\u015flerinin, ta\u015fra ya\u015fay\u0131\u015f\u0131n\u0131n kurallar\u0131 i\u00e7inde bir bilye gibi yuvarland\u0131n, yeller, gelgitler, y\u0131ld\u0131zlar kar\u015f\u0131s\u0131nda bu al\u00e7akg\u00f6n\u00fcll\u00fc suru y\u00fckselttin. B\u00fcy\u00fck sorunlarla kafan\u0131 yormak istemiyorsun, insanl\u0131k durumunu unutabilmek i\u00e7in yeterince zorluk \u00e7ektin. Ba\u015f\u0131bo\u015f bir gezegenin yerlisi de\u011filsin sen, yan\u0131t\u0131 olmayan sorular sormazs\u0131n hi\u00e7 kendi kendine: Toulouse'lu bir k\u00fc\u00e7\u00fck burjuvas\u0131n. \u0130\u015f i\u015ften ge\u00e7meden \u00f6nce seni omuzlar\u0131ndan kavrayacak hi\u00e7 kimse \u00e7\u0131kmad\u0131. \u015eimdi, seni olu\u015fturan bal\u00e7\u0131k kuruyup sertle\u015fti, benli\u011finde uyuyan m\u00fczisyeni ya da ozan\u0131, ya da belki bir zamanlar benli\u011finde ya\u015fam\u0131\u015f olan g\u00f6kbilimciyi kimse uyand\u0131ramaz art\u0131k. (s.18)Sava\u015f\u0131, kan\u0131 ve g\u00f6zya\u015f\u0131n\u0131 g\u00f6rm\u00fc\u015f yazar\u0131; b\u00fct\u00fcn bunca \u00f6l\u00fcm aras\u0131nda en \u00e7ok \u00fczen \u015feyin insanda yok olan Pascal'\u0131, Voltaire'i, Mozart'\u0131, Beethoven'\u0131 g\u00f6r\u00fc\u015f\u00fc, seyredi\u015fi oldu\u011funu anlad\u0131m. Bence yazar, kitab\u0131n insan\u00e7ocu\u011funa tavsiyeler niteli\u011findeki son b\u00f6l\u00fcm\u00fcnde bu \u00fcz\u00fcnt\u00fcs\u00fcn\u00fc dile getirmi\u015f;\"Ama insanlar i\u00e7in bah\u00e7\u0131van yoktur. \u00c7ocuk Mozart da \u00f6tekiler gibi kal\u0131ptan ge\u00e7ecektir. Mozart en y\u00fcce sevin\u00e7lerini \u00e7alg\u0131l\u0131 kahvelerin pis kokusu i\u00e7inde, \u00e7\u00fcr\u00fcm\u00fc\u015f bir m\u00fczikte bulacakt\u0131r. Mozart, \u00f6lmeye yarg\u0131l\u0131d\u0131r.Vagonuma d\u00f6nd\u00fcm. Bu insanlar\u0131n yazg\u0131lar\u0131ndan dolay\u0131 pek \u00f6yle ac\u0131 \u00e7ektikleri yok, diyordum kedi kendime. Burada beni tedirgin eden \u015fey, ac\u0131ma duygusu de\u011fil. Durmamacas\u0131na yeniden a\u00e7\u0131lan bir yara kar\u015f\u0131s\u0131nda duyarl\u0131\u011fa kap\u0131lmak de\u011fil s\u00f6z konusu. Bu yaray\u0131 \u00fczerinde ta\u015f\u0131yanlar onu duymuyorlar. Burada yaralanan, burada incinen, insan t\u00fcr\u00fc sanki, birey de\u011fil. Ac\u0131maya pek inanmam. Bah\u00e7\u0131van\u0131n g\u00f6r\u00fc\u015f noktas\u0131 tedirgin ediyor beni. Beni tedirgin eden \u015fey, t\u0131pk\u0131 tembellik gibi, iyi k\u00f6t\u00fc al\u0131\u015ft\u0131\u011f\u0131m\u0131z bu yoksunluk de\u011fil. Do\u011fulular, kim bilir ka\u00e7 ku\u015faktan beri, pislik i\u00e7inde ya\u015f\u0131yor ve bundan ho\u015flan\u0131yorlar. Yoksullar i\u00e7in a\u00e7\u0131lm\u0131\u015f a\u015fevleri beni tedirgin eden \u015feyi ge\u00e7irmez. Beni ne bu \u00e7ukurlar ne bu \u00e7\u0131k\u0131nt\u0131lar tedirgin ediyor. Bu insanlar\u0131n her birinde biraz da Mozart'\u0131n \u00f6ld\u00fcr\u00fclmesi tedirgin ediyor beni.\" (s.159) Burada durmamacas\u0131na yeniden a\u00e7\u0131lan yara olarak bahsetti\u011fi, Prometheus'un da hikayesinde \u00f6zetlenen; insan\u00e7ocu\u011funun ekin ba\u015faklar\u0131 gibi hep y\u00fckselip hep \u00e7\u00f6ken ba\u015f\u0131; trajedisidir. Belki de Prometheus'un hikayesinde de \u00f6zetlenen buydu. Ve dahi, yazar\u0131n u\u011fruna d\u00f6kt\u00fc\u011f\u00fc g\u00f6zya\u015f\u0131, t\u0131pk\u0131; kitab\u0131 okuyanlar bilir, \u00e7\u00f6ldeki sahnede \"kendime mi a\u011fl\u0131yorum san\u0131yorsun?\" sorusunda oldu\u011fu gibi; insan\u00e7ocu\u011funun hikayesinedir belki.Bu, varl\u0131k i\u00e7indeki yoksunluk.\"\u0130yi haz\u0131rlanm\u0131\u015f bir \u015fenlik ortas\u0131nda duyulan co\u015fkuyu tad\u0131yorduk. Oysa alabildi\u011fine yoksulduk. Yel, kum, bir de y\u0131ld\u0131zlar.\" (s.32)"}, {"userName": "Ceyda", "userReviewDate": "Apr 12, 2017", "userURL": "http://www.goodreads.com/user/show/28773457-ceyda", "userReview": "Kitab\u0131 okudu\u011funuzda K\u00fc\u00e7\u00fck Prens kitab\u0131n\u0131n zihninizde tamamland\u0131\u011f\u0131n\u0131 hissediyorsunuz. Ancak K\u00fc\u00e7\u00fck Prens'teki o masals\u0131 ve sempatik tad\u0131 bu kitapta alamad\u0131m ne yaz\u0131k ki."}, {"userName": "Stephanie Ricker", "userReviewDate": "May 20, 2012", "userURL": "http://www.goodreads.com/user/show/1361805-stephanie-ricker", "userReview": "I find that reading books about plane crashes while physically in a plane really enhances the flying experience. I told my mother that and she thought I was being facetious, but I was just being honest. I read Night Flight by Antoine de Saint-Exupery (author of The Little Prince) on the way to Michigan and Wind, Sand, and Stars by the same author on the way back, both of which include plane disasters. Both were exquisite, though not at all in the same way as The Little Prince, and both are about Saint-Exupery\u2019s experiences as a pilot for the night-mails in South America and Africa during the 1920s and 1930s. Flying was still a perilous business then, and reading about the sort of men who chose that career was utterly fascinating. Perhaps there\u2019s a bit of the philosopher in all pilots, or perhaps Antoine was just of a particularly thoughtful bent, but either way his musings on humanity and life and death were all very thought-provoking."}, {"userName": "Bruce", "userReviewDate": "Feb 02, 2016", "userURL": "http://www.goodreads.com/user/show/1207684-bruce", "userReview": "Read in French.The French author and aviator Antoine de Saint-Exup\u00e9ry published his book in 1939. It was soon thereafter translated into English with the title Wind, Sand and Stars. The work is a collection of essays focusing on his years as an airmail courier for A\u00e9ropostale, flying difficult and dangerous routes across the Andes in South America, the Pyrenees in France and Spain, and the Sahara in north Africa. A number of his experiences are described in detail, the longest and most vivid being his crash in the Sahara with his navigator, Andr\u00e9 Pr\u00e9vot, and their long struggle to survive until at last rescued by Bedouins. His final essay is a long and beautiful philosophical reflection on the meaning of life.Probably best know for his novel Le Petit Prince, Saint-Exup\u00e9ry wrote a number of other books, most based on his experiences as a pilot, all of them fascinating. Having joined the Free French Air Force during World War II, old and in declining health, he disappeared while on a mission over the Mediterranean in 1944.Saint-Exup\u00e9ry\u2019s language is vivid, descriptive, and highly poetic. His books are almost prose-poems. He is able to capture the allure and beauty of flying, especially in the early years of flight, in a way few other authors have."}, {"userName": "George", "userReviewDate": "Jul 09, 2008", "userURL": "http://www.goodreads.com/user/show/1120603-george", "userReview": "This book was fantastic, literally...almost hard to believe that its is the author's real life. Crashing in the Lybian desert, life in the Sahara, looking for a lost friend in the snows of the Chilean Andes, and first-hand accounts of the Spanish Civil War. But most of all, it is a poetic book about the beauty of flying, connection with nature, how challenge and suffering turn the boy into the man, how meaningful bonds between humans form, the contrast between the comfortable life of a bookkeeper and the adventurous life. These messages always hit home for me."}, {"userName": "Vika Ivanova", "userReviewDate": "Feb 09, 2013", "userURL": "http://www.goodreads.com/user/show/15093221-vika-ivanova", "userReview": "Antoine de Saint-Exupery is one of the most brilliant humanist-writers. Every person is beautiful in their own way, each of us need to be open and forward in the right direction. \"Human Planet,\" a great book, infinitely good and exciting. It exalted honor, friendship, kindness, helping others. We see how beautiful our planet is. But not only the nature of the world is worthy of attention and admiration - do not forget about the people.Exupery does not stop to admire the beauty of our planet, sand, mountains. He sees beauty even in the hands of the workers, stained with fuel oil. He rejects the political and economic forms of communication between people. After all, how beautiful this man's ability - to make friends!Personally, I feel very sad realizing that many people did not find themselves, stuck in a routine, forget about true human qualities. I would like to see the world around us has become brighter, and people - kinder to each other. In modern society, it is not enough. But we have rights to, and we can change this situation. The main thing - to want and believe that everything is possible.\u0410\u043d\u0442\u0443\u0430\u043d \u0434\u0435 \u0421\u0435\u043d\u0442-\u042d\u043a\u0437\u044e\u043f\u0435\u0440\u0438 \u043e\u0434\u0438\u043d \u0438\u0437 \u0441\u0430\u043c\u044b\u0445 \u044f\u0440\u043a\u0438\u0445 \u043f\u0438\u0441\u0430\u0442\u0435\u043b\u0435\u0439-\u0433\u0443\u043c\u0430\u043d\u0438\u0441\u0442\u043e\u0432. \u041a\u0430\u0436\u0434\u044b\u0439 \u0447\u0435\u043b\u043e\u0432\u0435\u043a \u043f\u0440\u0435\u043a\u0440\u0430\u0441\u0435\u043d \u043f\u043e-\u0441\u0432\u043e\u0435\u043c\u0443, \u043a\u0430\u0436\u0434\u043e\u0433\u043e \u0438\u0437 \u043d\u0430\u0441 \u043d\u0443\u0436\u043d\u043e \u043e\u0442\u043a\u0440\u044b\u0442\u044c \u0438 \u043d\u0430\u043f\u0440\u0430\u0432\u0438\u0442\u044c \u0432 \u043f\u0440\u0430\u0432\u0438\u043b\u044c\u043d\u043e\u043c \u043d\u0430\u043f\u0440\u0430\u0432\u043b\u0435\u043d\u0438\u0438. \"\u041f\u043b\u0430\u043d\u0435\u0442\u0430 \u043b\u044e\u0434\u0435\u0439\" \u0432\u0435\u043b\u0438\u043a\u043e\u043b\u0435\u043f\u043d\u0430\u044f \u043a\u043d\u0438\u0433\u0430, \u0431\u0435\u0441\u043a\u043e\u043d\u0435\u0447\u043d\u0430 \u0434\u043e\u0431\u0440\u0430\u044f \u0438 \u0432\u043e\u043b\u043d\u0443\u044e\u0449\u0430\u044f. \u0412 \u043d\u0435\u0439 \u043f\u0440\u0435\u0432\u043e\u0437\u043d\u043e\u0441\u044f\u0442\u0441\u044f \u0447\u0435\u0441\u0442\u044c,\u0434\u0440\u0443\u0436\u0431\u0430,\u0434\u043e\u0431\u0440\u043e, \u0432\u0437\u0430\u043c\u043e\u043f\u043e\u043c\u043e\u0449\u044c. \u041c\u044b \u0432\u0438\u0434\u0438\u043c \u043a\u0430\u043a \u043f\u0440\u0435\u043a\u0440\u0430\u0441\u043d\u0430 \u043d\u0430\u0448\u0430 \u043f\u043b\u0430\u043d\u0435\u0442\u0430. \u041d\u043e \u043d\u0435 \u0442\u043e\u043b\u044c\u043a\u043e \u043f\u0440\u0438\u0440\u043e\u0434\u0430 \u043d\u0430 \u0417\u0435\u043c\u043b\u0435 \u0434\u043e\u0441\u0442\u043e\u0439\u043d\u0430 \u0432\u043d\u0438\u043c\u0430\u043d\u0438\u044f \u0438 \u0432\u043e\u0441\u0445\u0438\u0449\u0435\u043d\u0438\u044f - \u043d\u0435 \u0441\u0442\u043e\u0438\u0442 \u0437\u0430\u0431\u044b\u0432\u0430\u0442\u044c \u0438 \u043e \u043b\u044e\u0434\u044f\u0445.  \u042d\u043a\u0437\u044e\u043f\u0435\u0440\u0438 \u043d\u0435 \u043f\u0435\u0440\u0435\u0441\u0442\u0430\u0435\u0442 \u0432\u043e\u0441\u0445\u0438\u0449\u0430\u0442\u044c\u0441\u044f \u043a\u0440\u0430\u0441\u043e\u0442\u043e\u0439 \u043d\u0430\u0448\u0435\u0439 \u043f\u043b\u0430\u043d\u0435\u0442\u044b,\u043f\u0435\u0441\u043a\u043e\u0432,\u0433\u043e\u0440. \u041e\u043d \u0432\u0438\u0434\u0438\u0442 \u043a\u0440\u0430\u0441\u043e\u0442\u0443 \u0434\u0430\u0436\u0435 \u0432 \u0440\u0430\u0431\u043e\u0447\u0438\u0445 \u0440\u0443\u043a\u0430\u0445,\u0438\u0441\u043f\u0430\u0447\u043a\u0430\u043d\u043d\u044b\u0445 \u043c\u0430\u0437\u0443\u0442\u043e\u043c. \u041e\u043d \u043e\u0442\u0432\u0435\u0440\u0433\u0430\u0435\u0442 \u043f\u043e\u043b\u0438\u0442\u0438\u0447\u0435\u0441\u043a\u0438\u0435 \u0438 \u044d\u043a\u043e\u043d\u043e\u043c\u0438\u0447\u0435\u0441\u043a\u0438\u0435 \u0444\u043e\u0440\u043c\u044b \u0441\u0432\u044f\u0437\u0435\u0439 \u043c\u0435\u0436\u0434\u0443 \u043b\u044e\u0434\u044c\u043c\u0438. \u0412\u0435\u0434\u044c \u043a\u0430\u043a \u043f\u0440\u0435\u043a\u0440\u0430\u0441\u043d\u0430 \u044d\u0442\u0430 \u0441\u043f\u043e\u0441\u043e\u0431\u043d\u043e\u0441\u0442\u044c \u0447\u0435\u043b\u043e\u0432\u0435\u043a\u0430 - \u0434\u0440\u0443\u0436\u0438\u0442\u044c! \u041b\u0438\u0447\u043d\u043e \u043c\u043d\u0435 \u0441\u0442\u0430\u043d\u043e\u0432\u0438\u0442\u0441\u044f \u0433\u0440\u0443\u0441\u0442\u043d\u043e \u043e\u0442 \u043f\u043e\u043d\u0438\u043c\u0430\u043d\u0438\u044f \u0442\u043e\u0433\u043e, \u0447\u0442\u043e \u043c\u043d\u043e\u0433\u0438\u0435 \u0438\u0437 \u043b\u044e\u0434\u0435\u0439 \u0442\u0430\u043a \u0438 \u043d\u0435 \u043d\u0430\u0448\u043b\u0438 \u0441\u0435\u0431\u044f,\u0443\u0432\u044f\u0437\u043b\u0438 \u0432 \u0440\u0443\u0442\u0438\u043d\u0435, \u0437\u0430\u0431\u044b\u0432\u0430\u044e\u0442 \u043e \u043d\u0430\u0441\u0442\u043e\u044f\u0449\u0438\u0445 \u0447\u0435\u043b\u043e\u0432\u0435\u0447\u0435\u0441\u043a\u0438\u0445 \u043a\u0430\u0447\u0435\u0441\u0442\u0432\u0430\u0445. \u041c\u043d\u0435 \u0431\u044b \u0445\u043e\u0442\u0435\u043b\u043e\u0441\u044c, \u0447\u0442\u043e\u0431\u044b \u043c\u0438\u0440 \u0432\u043e\u043a\u0440\u0443\u0433 \u043d\u0430\u0441 \u0441\u0442\u0430\u043b \u0441\u0432\u0435\u0442\u043b\u0435\u0435,\u0430 \u043b\u044e\u0434\u0438 - \u0434\u043e\u0431\u0440\u0435\u0435 \u0434\u0440\u0443\u0433 \u043a \u0434\u0440\u0443\u0433\u0443. \u0412 \u0441\u043e\u0432\u0440\u0435\u043c\u0435\u043d\u043d\u043e\u043c \u043e\u0431\u0449\u0435\u0441\u0442\u0432\u0435 \u044d\u0442\u043e\u0433\u043e \u043e\u0447\u0435\u043d\u044c \u043d\u0435 \u0445\u0432\u0430\u0442\u0430\u0435\u0442. \u041d\u043e \u043c\u044b \u0432 \u043f\u0440\u0430\u0432\u0435 \u0438 \u043c\u043e\u0436\u0435\u043c \u0438\u0437\u043c\u0435\u043d\u0438\u0442\u044c \u044d\u0442\u043e \u043f\u043e\u043b\u043e\u0436\u0435\u043d\u0438\u0435 \u0432\u0435\u0449\u0435\u0439. \u0413\u043b\u0430\u0432\u043d\u043e\u0435 - \u0437\u0430\u0445\u043e\u0442\u0435\u0442\u044c \u0438 \u043f\u043e\u0432\u0435\u0440\u0438\u0442\u044c \u0432 \u0442\u043e, \u0447\u0442\u043e \u044d\u0442\u043e \u0432\u043e\u0437\u043c\u043e\u0436\u043d\u043e."}, {"userName": "Elizabeth\u262e ", "userReviewDate": "Mar 06, 2016", "userURL": "http://www.goodreads.com/user/show/990216-elizabeth", "userReview": "The only book I have ever read by de Saint-Exupery is (and this will come as no surprise) The Little Prince. I even had to read the original French version while in college. I don't know much about the author, but when I saw a review for this book, it intrigued me.I am glad I read it. This is full of great writing of de Saint-Exupery's life as a pilot delivering mail for Aeropostale. I originally picked it up to skim and determine if it would be my next read, but I was so taken by the passages that I read near to eighty pages in one sitting. There is full of philosophical waxing about man and his place in this world. There are many quotable moments and lines:\"Fate has pronounced a decision from which there is no appeal.\"\"The reason why writers fail when they attempt to evoke horror is that horror is something invented after the fact, when one is re-creating the experience over again in the memory.\"\"Roads avoid the barren lands, the rocks, the sands. They shape themselves to man's needs and run from stream to stream ... We have elected to believe that our planet was merciful and fruitful.\"\"I, too, in this flight, am renouncing things. I am giving up the broad golden surfaces that would befriend me if my engines were to fail. I am giving up the landmarks by which I might be taking my bearings. I am giving up the profiles of mountains against the sky that would warn me of pitfalls. I am plunging into the night. I am navigating. I have on my side only the stars.\"This a short book and one full of wonderful insights. I must also say that there are some passages that get trapped in detail too far gone. And, once or twice, there are epithets specific to the time period, but a bit harsh nonetheless."}, {"userName": "H\u00e0 Nguy\u1ec5n", "userReviewDate": "May 08, 2016", "userURL": "http://www.goodreads.com/user/show/17215148-h-nguy-n", "userReview": "N\u1ebfu b\u1ea1n s\u1eb5n s\u00e0ng ch\u1ea5p nh\u1eadn m\u1ed9t th\u00e1ch th\u1ee9c th\u00ec h\u1eb5ng \u0111\u1ecdc cu\u1ed1n n\u00e0y! B\u1ea3n d\u1ecbch c\u1ee7a Nguy\u1ec5n Th\u00e0nh Long c\u00f3 v\u1ebb b\u00e1m r\u1ea5t s\u00e1t c\u00e2u ch\u1eef trong b\u1ea3n g\u1ed1c v\u00e0 b\u1edfi v\u1eady kh\u00e1 kh\u00f3 ti\u1ebfp c\u1eadn. T\u00f4i nh\u1edb \u0111\u00e3 th\u1eed g\u1eafng \u0111\u1ecdc v\u00e0i ba l\u1ea7n b\u1ea3n d\u1ecbch n\u00e0y do nxb T\u00e1c Ph\u1ea9m m\u1edbi \u1ea5n h\u00e0nh m\u00e0 \u0111\u1ec1u th\u1ea5t b\u1ea1i. L\u1ea7n n\u00e0y \u0111\u1ecdc l\u1ea1i, t\u00f4i c\u00f3 tham kh\u1ea3o, nhi\u1ec1u khi l\u00e0 \u0111\u1ecdc song song, b\u1ea3n d\u1ecbch c\u1ee7a B\u00f9i Gi\u00e1ng, \u0111\u1ec3 s\u00e1ng t\u1ecf nh\u1eefng ch\u1ed7 kh\u00f3 hi\u1ec3u. V\u1eady m\u00e0 c\u0169ng ph\u1ea3i m\u1ea5t m\u1ed9t ph\u1ea7n ba cu\u1ed1n m\u1edbi b\u1eaft \u0111\u1ea7u v\u1ee1 v\u1ea1c v\u00e0 c\u00e0ng ng\u00e0y c\u00e0ng c\u1ea3m nh\u1eadn nhi\u1ec1u c\u00e1i hay trong t\u00e1c ph\u1ea9m. D\u01b0\u1eddng nh\u01b0 nguy\u00ean do c\u1ee7a vi\u1ec7c kh\u00f3 ti\u1ebfp c\u1eadn v\u1edbi cu\u1ed1n s\u00e1ch b\u1eaft ngu\u1ed3n t\u01b0 ch\u00ednh t\u00e1c gi\u1ea3 v\u00e0 v\u00ec v\u1eady ng\u01b0\u1eddi \u0111\u1ecdc n\u01b0\u1edbc ta kh\u00f4ng h\u1ec1 \u0111\u01a1n \u0111\u1ed9c \u1edf c\u1ea3m gi\u00e1c mong lung, kh\u00f3 hi\u1ec3u. B\u1edfi v\u00ec nhi\u1ec1u \u0111\u1ed9c gi\u1ea3 c\u1ee7a b\u1ea3n ti\u1ebfng Anh c\u0169ng la l\u00e0ng v\u1ec1 c\u00e1i s\u1ef1 kh\u00f3 \u0111\u1ecdc c\u1ee7a s\u00e1ch n\u00e0y. Tuy nhi\u00ean, n\u1ebfu v\u01b0\u1ee3t qua \u0111\u01b0\u1ee3c, s\u00e1ch s\u1ebd b\u00f9 \u0111\u1eafp x\u1ee9ng \u0111\u00e1ng cho b\u1ea1n!"}, {"userName": "T.D. Whittle", "userReviewDate": "Apr 11, 2017", "userURL": "http://www.goodreads.com/user/show/6051061-t-d-whittle", "userReview": "Saint-Exupery's talent as a writer and beauty as a human being shine bright as desert stars in this brief, stunning memoir of his flying adventures. I am so glad that I finally got around to reading it, as it's been on my shelf for years. Highly recommend."}, {"userName": "Mahmoud Afshari", "userReviewDate": "Oct 26, 2013", "userURL": "http://www.goodreads.com/user/show/19162101-mahmoud-afshari", "userReview": "\u0632\u0645\u06cc\u0646 \u0627\u0646\u0633\u0627\u0646\u200c\u0647\u0627 \u0646\u0634\u0648\u0646 \u0645\u06cc\u200c\u062f\u0647 \u06a9\u0647 \u0686\u0637\u0648\u0631 \u0632\u0646\u062f\u06af\u06cc \u0648\u0627\u0642\u0639\u06cc \u0627\u06af\u0632\u0648\u067e\u0631\u06cc \u0631\u0648\u06cc \u062e\u0644\u0642 \u0634\u0627\u0632\u062f\u0647 \u06a9\u0648\u0686\u0648\u0644\u0648 \u062a\u0627\u062b\u06cc\u0631 \u06af\u0630\u0627\u0634\u062a\u0647. \u06a9\u062a\u0627\u0628 \u062c\u0647\u0627\u0646 \u0628\u06cc\u0646\u06cc\u200c\u0627\u06cc \u0631\u0648 \u0637\u0631\u062d \u0645\u06cc\u200c\u06a9\u0646\u0647 \u06a9\u0647 \u062f\u0631 \u0632\u0646\u062f\u06af\u06cc \u0628\u06cc\u200c\u0627\u0646\u062f\u0627\u0632\u0647 \u0631\u0627\u0647\u06af\u0634\u0627\u0633\u062a\u060c \u0628\u0647 \u062e\u0635\u0648\u0635 \u0628\u0631\u0627\u06cc \u0627\u0648\u0646\u200c\u0647\u0627 \u06a9\u0647 \u0622\u062f\u0645\u200c\u0647\u0627\u06cc \u0628\u06cc\u200c\u0642\u0631\u0627\u0631\u06cc \u0647\u0633\u062a\u0646... \u062e\u0637 \u0628\u0647 \u062e\u0637 \u0627\u06cc\u0646 \u0627\u062b\u0631 \u0631\u0648 \u0645\u06cc\u200c\u0634\u0647 \u0646\u0642\u0644 \u0642\u0648\u0644 \u06a9\u0631\u062f."}, {"userName": "Rosie Nguy\u1ec5n", "userReviewDate": "Dec 18, 2013", "userURL": "http://www.goodreads.com/user/show/15715846-rosie-nguy-n", "userReview": "C\u1ea7m quy\u1ec3n s\u00e1ch tr\u00ean tay, \u0111\u1ecdc nh\u1eefng trang \u0111\u1ea7u ti\u00ean, t\u00f4i \u0111\u00e3 bi\u1ebft \u0111\u00e2y l\u00e0 quy\u1ec3n s\u00e1ch d\u00e0nh cho m\u00ecnh. Gi\u1ecdng v\u0103n \u00eam \u1ea3 d\u1ecbu d\u00e0ng, v\u1eeba tri\u1ebft l\u00fd l\u1ea1i v\u1eeba n\u00ean th\u01a1. M\u1ed9t nh\u00e0 v\u0103n y\u00eau nghi\u1ec7p vi\u1ebft c\u1ee7a m\u00ecnh v\u00e0 y\u00eau ngh\u1ec1 ch\u00ednh (phi c\u00f4ng), t\u00f4i ngh\u0129 m\u00ecnh c\u0169ng ch\u1ec9 mong c\u00f3 th\u1ebf.S\u00e1ch l\u00e0 nh\u1eefng c\u00e2u chuy\u1ec7n c\u1ee7a t\u00e1c gi\u1ea3 trong h\u00e0nh tr\u00ecnh l\u00e1i m\u00e1y bay ch\u1edf th\u01b0 b\u0103ng qua \u0111\u1ea1i d\u01b0\u01a1ng v\u00e0 sa m\u1ea1c, nh\u1eefng suy ngh\u0129 v\u1ec1 ngh\u1ec1 bay, v\u1ec1 nh\u1eefng ng\u01b0\u1eddi b\u1ea1n \u0111\u1ed3ng nghi\u1ec7p m\u00e0 t\u00e1c gi\u1ea3 y\u00eau qu\u00fd, con ng\u01b0\u1eddi, v\u1ec1 s\u1ef1 s\u1ed1ng, v\u1ec1 ng\u00f4i nh\u00e0 l\u1edbn c\u1ee7a ch\u00fang tay: Tr\u00e1i \u0110\u1ea5t. V\u00e0 d\u1ea7n d\u1ea7n, th\u1ebf gi\u1edbi trong c\u00e1i nh\u00ecn c\u1ee7a ng\u01b0\u1eddi \u0111\u00e3 t\u1eebng l\u00e0m h\u00e0ng tri\u1ec7u \u0111\u1ed9c gi\u1ea3 tr\u00ean th\u1ebf gi\u1edbi say m\u00ea v\u1edbi Ho\u00e0ng T\u1eed B\u00e9 hi\u1ec7n l\u00ean. Trong \u0111\u00f3, h\u00e0nh tinh Tr\u00e1i \u0110\u1ea5t \u0111\u1eb9p k\u1ef3 v\u0129 v\u00e0 l\u1ea1 l\u00f9ng, trong \u0111\u00f3, con ng\u01b0\u1eddi ta gi\u1ed1ng nhau nhi\u1ec1u h\u01a1n l\u00e0 kh\u00e1c, v\u00e0 \u1edf \u0111\u00f3, c\u00e1i ch\u1ebft c\u0169ng c\u00f3 th\u1ec3 dem l\u1ea1i nh\u1eefng ni\u1ec1m y\u00ean t\u0129nh l\u1edbn lao. Tim t\u00f4i \u0111\u00e3 th\u1eaft l\u1ea1i khi \u0111\u1ecdc \u0111o\u1ea1n gi\u1edbi thi\u1ec7u \u1edf b\u00eca g\u1ea5p r\u1eb1ng Saint - Exupery hy sinh v\u00ec m\u1ea5t t\u00edch trong m\u1ed9t chuy\u1ebfn bay qua \u0110\u1ecba Trung H\u1ea3i. Nh\u01b0ng sau khi \u0111\u1ecdc xong quy\u1ec3n s\u00e1ch, t\u00f4i ngh\u0129 r\u1eb1ng \u00f4ng \u0111\u00e3 c\u00f3 m\u1ed9t c\u00e1i ch\u1ebft \u00eam \u0111\u1ec1m v\u00e0 \u0111\u1eb9p \u0111\u1ebd.T\u00f4i \u0111\u1ecdc s\u00e1ch n\u00e0y trong th\u1eddi \u0111i\u1ec3m \u0111\u00e3 l\u00e2u kh\u00f4ng vi\u1ebft g\u00ec sau m\u1ed9t d\u1ef1 \u00e1n vi\u1ebft d\u00e0i h\u01a1i kh\u00e1 m\u1ec7t, v\u00e0 l\u1ea1i b\u1ecb ph\u00ea b\u00ecnh b\u1edfi ng\u01b0\u1eddi m\u00e0 t\u00f4i y\u00eau qu\u00fd nh\u1ea5t. Nh\u01b0ng \u0111\u1ecdc X\u1ee9 con ng\u01b0\u1eddi, t\u00f4i quy\u1ebft t\u00e2m r\u1eb1ng m\u00ecnh s\u1ebd ph\u1ea3i nhanh ch\u00f3ng l\u1ea5y l\u1ea1i th\u00f3i quen vi\u1ebft m\u1ed7i ng\u00e0y. V\u00ec s\u00e1ch vi\u1ebft: \"Khi ch\u00fang ta c\u00f3 \u00fd th\u1ee9c v\u1ec1 vai tr\u00f2 c\u1ee7a m\u00ecnh, cho d\u1eabu l\u00e0 vai tr\u00f2 nh\u1ecf nhoi nh\u1ea5t, ch\u1ec9 khi \u1ea5y ta m\u1edbi sung s\u01b0\u1edbng. Ch\u1ec9 khi \u0111\u00f3 ta m\u1edbi s\u1ed1ng y\u00ean t\u0129nh v\u00e0 ch\u1ebft y\u00ean t\u0129nh, b\u1edfi c\u00e1i g\u00ec l\u00e0m cho s\u1ef1 s\u1ed1ng c\u00f3 \u00fd ngh\u0129a th\u00ec c\u0169ng l\u00e0m cho c\u00e1i ch\u1ebft c\u00f3 m\u1ed9t \u00fd ngh\u0129a.\" Vai tr\u00f2 c\u1ee7a t\u00f4i l\u00e0 vi\u1ebft, ch\u1ec9 khi vi\u1ebft t\u00f4i m\u1edbi th\u1ea5y m\u00ecnh c\u00f3 \u00fd ngh\u0129a. N\u00ean t\u00f4i s\u1ebd vi\u1ebft, \u0111\u1ec3 t\u1ea1o ra tr\u00ed tu\u1ec7 cho m\u00ecnh, \u0111\u1ec3 kh\u00f4ng b\u1ecb v\u00f2ng xo\u00e1y th\u1eddi gian b\u00e0o m\u00f2n hay \u0111\u00fac khu\u00f4n \u0111\u00f3ng d\u1ea5u m\u00ecnh nh\u01b0 m\u1ed9t c\u00e1i m\u00e1y r\u1eadp, v\u00e0 \u0111\u1ec3 l\u00e0m b\u1edbt \u0111i tr\u00ean th\u1ebf gi\u1edbi s\u1ef1 lo l\u1eafng d\u00e0y v\u00f2 m\u00e0 Saint - Exupery \u0111\u00e3 vi\u1ebft \u1edf cu\u1ed1i s\u00e1ch: \"c\u00e1i d\u00e0y v\u00f2 t\u00f4i, \u1ea5y l\u00e0 trong m\u1ed7i con ng\u01b0\u1eddi m\u00e0 t\u00f4i th\u1ea5y, c\u00f3 m\u1ed9t ph\u1ea7n Mozart b\u1ecb \u00e1m h\u1ea1i\". Ph\u1ea3i c\u1ed1 h\u1ebft s\u1ee9c \u0111\u1ec3 Mozart trong m\u00ecnh ng\u00e0y c\u00e0ng l\u1edbn l\u00ean."}, {"userName": "Rhi", "userReviewDate": "Jan 08, 2009", "userURL": "http://www.goodreads.com/user/show/1883572-rhi", "userReview": "\"... and suddenly I had a vision of the face of destiny. Old bereaucrat, my comrade, it is not you who are to blame. No one ever helped you to escape. You, like a termite, built your peace by blocking up with cement every chink and cranny through which the light might pierce. You rolled yourself up into a ball in your genteel security, in routine, in the stifling conventions of provincial life, raising a modest rampart against the winds and the tides and the stars. You have chosen not to be perturbed by great problems, having trouble enough to forget your own fate as man. You are not the dweller upon an errant planet and do not ask yourself questions to which there are no answers. Nobody grasped you by the shoulder while there was still time. Now the clay of which you were shaped has dried and hardened, and naught in you will ever awaken the sleeping musician, the poet, the astronomer that possibly inhabited you in the beginning.\"-Antoine de Saint-Exupery, Wind, Sand and Stars"}, {"userName": "Nazi", "userReviewDate": "May 06, 2016", "userURL": "http://www.goodreads.com/user/show/27647767-nazi", "userReview": "\u0645\u06cc \u062f\u0648\u0646\u06cc\u062f \u06a9\u0647 \u0627\u06af\u0632\u0648\u067e\u0631\u06cc \u062e\u0644\u0628\u0627\u0646 \u0628\u0648\u062f\u0647 \u0648 \u062f\u0631 \u0627\u06cc\u0646 \u06a9\u062a\u0627\u0628 \u062f\u0631 \u06a9\u0646\u0627\u0631 \u0628\u06cc\u0627\u0646 \u062e\u0627\u0637\u0631\u0627\u062a\u06cc \u0627\u0632 \u062e\u0644\u0628\u0627\u0646\u06cc \u062e\u0648\u062f\u0634 \u0648 \u062f\u0648\u0633\u062a\u0627\u0646\u0634 \u062f\u0631 \u0648\u0627\u0642\u0639 \u0641\u0644\u0633\u0641\u0647 \u06cc \u0634\u062e\u0635\u06cc \u062e\u0648\u062f\u0634 \u0631\u0648 \u0628\u0647 \u0645\u0627 \u0645\u0639\u0631\u0641\u06cc \u0645\u06cc \u06a9\u0646\u0647 \u06a9\u0647 \u0648\u0627\u0642\u0639\u0627 \u062c\u0627\u06cc \u0641\u06a9\u0631 \u062f\u0627\u0631\u0647 \u0648 \u0642\u0627\u0628\u0644 \u062a\u0627\u0645\u0644\u0647. \u0627\u0632 \u0627\u0648\u0646 \u06a9\u062a\u0627\u0628\u0627\u0633\u062a \u06a9\u0647 \u0628\u0627\u06cc\u062f \u0645\u0648\u0642\u0639 \u062e\u0648\u0646\u062f\u0646\u0634 \u0639\u0644\u0627\u0648\u0647 \u0628\u0631 \u0642\u0648\u0647 \u06cc \u062a\u062e\u06cc\u0644\u060c \u0642\u0648\u0647 \u06cc \u062a\u0642\u06a9\u0631 \u0648 \u062a\u062d\u0644\u06cc\u0644 \u0630\u0647\u0646\u0645\u0648\u0646 \u0647\u0645 \u0628\u0647 \u06a9\u0627\u0631 \u0628\u06cc\u0641\u062a\u0647 \u0648 \u0686\u0647 \u0628\u0633\u0627 \u06a9\u0647 \u0628\u0627\u0639\u062b \u0634\u06a9\u0644 \u06af\u06cc\u0631\u06cc \u0627\u06cc\u062f\u0647 \u0647\u0627\u06cc \u062c\u062f\u06cc\u062f \u0628\u0631\u0627\u06cc \u0645\u0627 \u0628\u0634\u0647 \u0648 \u0644\u062d\u0638\u0627\u062a \u06a9\u0634\u0641 \u0648 \u0634\u0647\u0648\u062f \u0634\u062e\u0635\u06cc \u0628\u0631\u0627\u0645\u0648\u0646 \u062f\u0627\u0634\u062a\u0647 \u0628\u0627\u0634\u0647! \u0628\u0631\u0627\u06cc \u0645\u0646 \u06a9\u0647 \u0627\u06cc\u0646\u0637\u0648\u0631 \u0628\u0648\u062f \u0648 \u0627\u0632 \u0647\u0645\u0648\u0646 \u0627\u0648\u0644\u0627\u06cc \u06a9\u062a\u0627\u0628 \u0646\u0638\u0631 \u0645\u0646 \u062f\u0631 \u0645\u0648\u0631\u062f \u0645\u0633\u0626\u0644\u0647 \u06cc \u0645\u0647\u0645\u06cc \u06a9\u0627\u0645\u0644\u0627 \u062a\u062d\u062a \u062a\u0627\u062b\u06cc\u0631 \u0642\u0631\u0627\u0631 \u06af\u0631\u0641\u062a \u0648 \u062a\u063a\u06cc\u06cc\u0631 \u06a9\u0631\u062f\u06cc\u0647 \u06a9\u062a\u0627\u0628 \u067e\u0631 \u0627\u0632 \u0627\u06cc\u062f\u0647 \u0647\u0627\u06cc \u062a\u0635\u0641\u06cc\u0647 \u0634\u062f\u0647 \u0648 \u0645\u062a\u0639\u0627\u0644\u06cc \u062f\u0631 \u0645\u0648\u0631\u062f \u062c\u0627\u06cc\u06af\u0627\u0647 \u0627\u0646\u0633\u0627\u0646 \u062f\u0631 \u062c\u0647\u0627\u0646\u0627\u0632 \u0627\u0648\u0646\u0627 \u06a9\u0647 \u0645\u0648\u0642\u0639 \u062e\u0648\u0646\u062f\u0646\u0634\u060c \u062f\u0648\u0628\u0627\u0631\u0647 \u0644\u0630\u062a \u06a9\u062a\u0627\u0628 \u062e\u0648\u0646\u062f\u0646 \u0631\u0648 \u062d\u0633 \u0645\u06cc \u06a9\u0631\u062f\u06454\u0633\u062a\u0627\u0631\u0647 \u0628\u0631\u0627\u06cc \u0627\u06cc\u0646\u06a9\u0647 \u0628\u0639\u0636\u06cc \u062c\u0627\u0647\u0627\u0634 \u0628\u0631\u0627\u0645 \u0646\u0627\u0645\u0641\u0647\u0648\u0645 \u0628\u0648\u062f\u0634\u0627\u06cc\u062f \u0628\u0647 \u062e\u0627\u0637\u0631 \u06af\u0645 \u0634\u062f\u0646 \u0645\u0639\u0646\u06cc \u0647\u0627 \u062a\u0648 \u062a\u0631\u062c\u0645\u0647\u060c \u06cc\u0627 \u067e\u06cc\u0686\u06cc\u062f\u0647 \u062a\u0631 \u0628\u06cc\u0627\u0646 \u0634\u062f\u0646\u0634\u0648\u0646 \u0628\u0639\u062f \u0627\u0632 \u0627\u0646\u062a\u0642\u0627\u0644 \u0632\u0628\u0627\u0646\u06cc\u0686\u0648\u0646 \u062a\u0631\u062c\u0645\u0647 \u0628\u0647 \u062e\u0648\u062f\u06cc \u062e\u0648\u062f\u06cc \u062e\u06cc\u0644\u06cc \u062e\u0648\u0628 \u0628\u0648\u062f\u062c\u0632\u0648 \u06a9\u062a\u0627\u0628\u0647\u0627\u06cc\u06cc \u06a9\u0647 \u062a\u0648\u0635\u06cc\u0647 \u0645\u06cc \u06a9\u0646\u0645"}, {"userName": "Fateme Maleki", "userReviewDate": "Feb 18, 2018", "userURL": "http://www.goodreads.com/user/show/24303653-fateme-maleki", "userReview": "\u062f\u0631 \u0631\u0648\u0632\u06cc \u06a9\u0647 \u0647\u0648\u0627\u067e\u06cc\u0645\u0627\u06cc \u062a\u0647\u0631\u0627\u0646-\u06cc\u0627\u0633\u0648\u062c \u0633\u0642\u0648\u0637 \u06a9\u0631\u062f\u060c \u062e\u0648\u0646\u062f\u0645\u0634. \u0628\u06cc\u0634\u062a\u0631 \u0628\u0631 \u062d\u0633\u0628 \u062a\u0635\u0627\u062f\u0641 \u0628\u0648\u062f \u0627\u06cc\u0646 \u0647\u0645\u0632\u0645\u0627\u0646\u06cc \u0627\u0645\u0627 \u0628\u0627 \u062e\u0648\u0646\u062f\u0646\u0634 \u0647\u0631 \u0644\u062d\u0638\u0647 \u0645\u06cc\u0634\u062f \u062a\u0635\u0648\u0631 \u06a9\u0631\u062f \u06a9\u0647 66 \u062c\u0627\u0646 \u0686\u0637\u0648\u0631 \u0627\u0632 \u0645\u0627 \u067e\u0631 \u06a9\u0634\u06cc\u062f\u0646\u062f. \u0627\u06af\u0631 \u0686\u0647 \u0634\u0628\u0627\u0647\u062a \u0686\u0646\u062f\u0627\u0646\u06cc \u0646\u06cc\u0633\u062a \u0628\u06cc\u0646 \u0627\u06cc\u0646 \u062f\u0627\u0633\u062a\u0627\u0646 \u0648 \u0633\u0642\u0648\u0637 \u067e\u0631\u0648\u0627\u0632 \u0647\u0648\u0627\u067e\u06cc\u0645\u0627\u06cc\u06cc \u0622\u0633\u0645\u0627\u0646..."}, {"userName": "Jon(athan) Nakapalau", "userReviewDate": "Aug 26, 2016", "userURL": "http://www.goodreads.com/user/show/58774673-jon-athan-nakapalau", "userReview": "Very inspirational book that looks at flight from two very different perspectives: physical flight in a plane and spiritual flight from inside."}, {"userName": "T\u1ee9 Hu\u1ef3nh", "userReviewDate": "Jun 02, 2017", "userURL": "http://www.goodreads.com/user/show/55467650-t-hu-nh", "userReview": "M\u00ecnh \u0111\u1ecdc quy\u1ec3n n\u00e0y c\u0169ng l\u00e2u r\u1ed3i gi\u1edd m\u1edbi c\u00f3 th\u1eddi gian review :3 Quy\u1ec3n s\u00e1ch qu\u1ea3 l\u00e0 m\u1ed9t ki\u1ec7t t\u00e1c c\u1ee7a Saint-Exupery. Trong s\u00e1ch \u00f4ng m\u00f4 t\u1ea3 v\u1ec1 nh\u1eefng cu\u1ed9c phi\u00eau l\u01b0u d\u00e0i xuy\u00ean qua v\u00f9ng \u0111\u1ea5t c\u1eb1n c\u1ed7i, c\u00f2n m\u1edbi m\u1ebb (so v\u1edbi th\u1eddi \u0111\u00f3) trong vai tr\u00f2 c\u1ee7a m\u1ed9t phi c\u00f4ng chuy\u00ean ch\u1edf b\u01b0 ph\u1ea9m. \u00d4ng k\u1ec3 v\u1ec1 nh\u1eefng kinh nghi\u1ec7m tr\u01b0\u1edbc khi \u00f4ng v\u00e0o vi\u1ec7c, nh\u1eefng g\u00ec tai nghe m\u1eaft th\u1ea5y v\u00e0 nh\u1eefng chuy\u1ebfn g\u1eb7p n\u1ea1n, \u0111\u1eb7c bi\u1ec7t m\u00ecnh r\u1ea5t \u1ea5n t\u01b0\u1ee3ng l\u00fac \u00f4ng mi\u00eau t\u1ea3 c\u1ea3nh b\u1ecb k\u1eb9t gi\u1eefa sa m\u1ea1c, kh\u00f4ng c\u00f2n gi\u1ecdt n\u01b0\u1edbc n\u00e0o, hi v\u1ecdng r\u1ed3i tuy\u1ec7t v\u1ecdng, r\u1ed3i l\u1ea1i hi v\u1ecdng. M\u00ecnh \u0111\u1ecdc c\u1ea3m \u0111\u1ed9ng ph\u00e1t kh\u00f3c. Nhi\u1ec1u ng\u01b0\u1eddi cho r\u1eb1ng Saint-Exupery l\u00e0 nh\u00e0 v\u0103n thu\u1ed9c tr\u01b0\u1eddng ph\u00e1i hi\u1ec7n sinh, m\u00ecnh c\u0169ng \u0111\u1ed3ng quan \u0111i\u1ec3m. \u00d4ng d\u00e0nh nhi\u1ec1u r\u1ea5t nhi\u1ec1u \u0111\u1ec3 vi\u1ebft v\u1ec1 nh\u1eefng g\u00ec thu\u1ed9c v\u1ec1 nh\u00e2n sinh v\u00e0 \u0111\u1eddi s\u1ed1ng c\u1ee7a con ng\u01b0\u1eddi, ca ng\u1ee3i nh\u1eefng th\u00e0nh t\u1ef1u m\u00e0 ch\u00ednh con ng\u01b0\u1eddi \u0111\u1ea1t \u0111\u01b0\u1ee3c th\u00f4ng qua vi\u1ec7c v\u01b0\u1ee3t qua ch\u00ednh m\u00ecnh; v\u01b0\u1ee3t tr\u00ean kh\u1ea3 n\u0103ng c\u00f3 h\u1ea1n c\u1ee7a b\u1ea3n th\u00e2n m\u00ecnh. Nh\u1eefng tr\u01b0\u1eddng \u0111o\u1ea1n \u00f4ng m\u00f4 t\u1ea3 trong quy\u1ec3n s\u00e1ch n\u00e0y - v\u1ec1 b\u1ea1n b\u00e8, b\u1eb1ng h\u1eefu, t\u00ecnh c\u1ea3m con ng\u01b0\u1eddi, t\u00ecnh qu\u00ea h\u01b0\u01a1ng, nh\u1eefng gia \u0111\u00ecnh, nh\u1eefng cu\u1ed9c khai hoang v\u00e0 chinh ph\u1ee5c, v\u00e0 nh\u1eefng Con Ng\u01b0\u1eddi v\u01b0\u1ee3t qua m\u1ecdi kh\u00f3 kh\u0103n ch\u1ec9 b\u1eb1ng ngh\u1ecb l\u1ef1c c\u1ee7a ch\u00ednh m\u00ecnh. Qua \u0111\u00f3 \u00f4ng mu\u1ed1n th\u1eadt s\u1ef1 \u0111\u1ec1 cao v\u00e0 ca ng\u1ee3i Con Ng\u01b0\u1eddi - theo t\u1ea5t c\u1ea3 ngh\u0129a t\u1eeb cao qu\u00fd c\u1ee7a n\u00f3. L\u00e0 Con Ng\u01b0\u1eddi b\u1ea5t khu\u1ea5t, Con Ng\u01b0\u1eddi t\u1ea1o d\u1ef1ng x\u1ee9 s\u1edf, Con Ng\u01b0\u1eddi v\u00f4 v\u00e0n kh\u1ea3 n\u0103ng, Con Ng\u01b0\u1eddi \u0111\u1eb9p \u0111\u1ebd - ch\u1ee7 ngh\u0129a l\u00e3ng m\u1ea1n v\u00e0 ch\u1ee7 ngh\u0129a hi\u1ec7n sinh k\u1ebft h\u1ee3p, xoay chuy\u1ec3n ho\u00e0n m\u1ef9 gi\u1eefa nh\u00e2n v\u1ecb Saint-Exupery."}, {"userName": "Inderjit Sanghera", "userReviewDate": "Nov 29, 2014", "userURL": "http://www.goodreads.com/user/show/900800-inderjit-sanghera", "userReview": "\"I looked about me. Luminous points glowed in the darkness. Cigarettes punctuated the humble meditations of worn old clerks. I heard them talking to one another in murmurs and whispers. They talked about illness, money, shabby domestic cares. And suddenly I had a vision of the face of destiny. Old bureaucrat, my comrade, it is not you who are to blame. No one ever helped you to escape. You, like a termite, built your peace by blocking up with cement every chink and cranny through which the light might pierce. You rolled yourself up into a ball in your genteel security, in routine, in the stifling conventions of provincial life, raising a modest rampart against the winds and the tides and the stars. You have chosen not to be perturbed by great problems, having trouble enough to forget your own fate as a man. You are not the dweller upon an errant planet and do not ask yourself questions to which there are no answers. Nobody grasped you by the shoulder while there was still time. Now the clay of which you were shaped has dried and hardened, and naught in you will ever awaken the sleeping musician, the poet, the astronomer that possibly inhabited you in the beginning\" Brilliant"}], "description": "Saint-Exup\u00e9ry d\u00e9ploie ici sa pens\u00e9e humaniste et visionnaire. En contant les parcours d'hommes dans autant de lieux et d'espaces sauvages, il met en garde contre l'ambition sotte de l'homme \u00e0 d\u00e9passer sa condition et, c'est celui qui a connu Guernica qui parle, \u00e0 perdre son humanit\u00e9.", "title": "Terre des hommes", "url": "http://www.goodreads.com/book/show/17343505-terre-des-hommes", "average": 4.19, "reviews": 860, "authors": [{"url": "https://www.goodreads.com/author/show/1020792.Antoine_de_Saint_Exup_ry", "name": "Antoine de Saint-Exup\u00e9ry"}], "type": ["Nonfiction", "Autobiography", "Travel", "Adventure", "Classics"], "outlinks": ["http://www.goodreads.com/book/show/12959629-wind-sand-and-stars", "http://www.goodreads.com/book/show/2124218._", "http://www.goodreads.com/book/show/34752868", "http://www.goodreads.com/book/show/8837.Wind_Sand_and_Stars", "http://www.goodreads.com/book/show/8837.Wind_Sand_and_Stars", "http://www.goodreads.com/book/show/8837.Wind_Sand_and_Stars", "http://www.goodreads.com/book/show/8837.Wind_Sand_and_Stars", "http://www.goodreads.com/book/show/13498460", "http://www.goodreads.com/book/show/2124218._", "http://www.goodreads.com/book/show/2124218._", "http://www.goodreads.com/book/show/25183976-yel-kum-ve-y-ld-zlar", "http://www.goodreads.com/book/show/25183976-yel-kum-ve-y-ld-zlar", "http://www.goodreads.com/book/show/8837.Wind_Sand_and_Stars", "http://www.goodreads.com/book/show/8837.Wind_Sand_and_Stars", "http://www.goodreads.com/book/show/8837.Wind_Sand_and_Stars", "http://www.goodreads.com/book/show/24994410-x-con-ng-i", "http://www.goodreads.com/book/show/871912.Wind_Sand_and_Stars", "http://www.goodreads.com/book/show/8837.Wind_Sand_and_Stars", "http://www.goodreads.com/book/show/8837.Wind_Sand_and_Stars", "http://www.goodreads.com/book/show/2124218._", "http://www.goodreads.com/book/show/2124218._", "http://www.goodreads.com/book/show/871912.Wind_Sand_and_Stars", "http://www.goodreads.com/book/show/24994410-x-con-ng-i", "http://www.goodreads.com/book/show/8837.Wind_Sand_and_Stars", "http://www.goodreads.com/book/show/157993.The_Little_Prince", "http://www.goodreads.com/book/show/8842.Night_Flight", "http://www.goodreads.com/book/show/225640.Citadelle", "http://www.goodreads.com/book/show/157996.Flight_to_Arras", "http://www.goodreads.com/book/show/70716.J_apprends_compter_avec_le_Petit_Prince"]}