{"ratings": 0, "userreviews": [], "description": "Quinoa is one of the healthiest and easiest grains to digest. Unlike other grains, quinoa actually alkalizes your body. An alkaline body is associated with a healthy system, rather than the opposite acidic unhealthy condition of a body. Besides, quinoa is super nutritious and tastes great! Now that we know we should be eating more quinoa, how do we prepare it and how to even bake with it? Your answers to a variety of recipes with quinoa are inside this book. Some of this things you'll learn include; Easy Quinoa Bread Recipes f\u043er Breakfast \u0430nd Snacks, Us\u0456ng Quinoa \u0410s \u0430 Staple Food, As \u0410 Salad Base, why quinoa is considered a super food, the 7 secrets of quinoa and even how you can use it to help lose weight. There is a best way to cook and use quinoa, find our how. If you are trying to improve your heath and diet, the combination of quinoa and this book will help you make it a reality. A quick buy and download of this ebook and you will be enjoying your new quinoa recipes by tonight.", "title": "The Quinoa Baking Cookbook: Bake Healthier Bread, Desserts and Cakes", "url": "http://www.goodreads.com/book/show/21348947-the-quinoa-baking-cookbook", "average": 0.0, "cover": "https://images.gr-assets.com/books/1394233994l/21348947.jpg", "reviews": 0, "authors": [{"url": "https://www.goodreads.com/author/show/1373474.Tiffany_Baker", "name": "Tiffany Baker"}], "type": [], "outlinks": ["http://www.goodreads.com/book/show/3235139-the-little-giant-of-aberdeen-county", "http://www.goodreads.com/book/show/7912609-the-gilly-salt-sisters", "http://www.goodreads.com/book/show/17869466-mercy-snow", "http://www.goodreads.com/book/show/38601181-the-best-ever-brownies"]}