{"ratings": 6, "userreviews": [{"userName": "Rachelle", "userReviewDate": "Jul 12, 2015", "userURL": "http://www.goodreads.com/user/show/2285856-rachelle", "userReview": "\u201cWriting the Hawai\u2018i Memoir\u201d is a handbook to help people tell the stories of their lives \u2013 whether through memoirs, family history projects, biographies, school projects, person essays, and journal entries. It includes issues and concerns specific to Hawai\u2019i writers, such as the use of pidgin English, a local culture that generally downplays achievements and embarrassments. Some of the writing exercises have a clear Hawaiian inspiration, such as the \u201cBento Box\u201d exercise and the \u201cPua Petal\u201d character technique. There are personal stories, writing prompts and exercises, and a list of additional resources covering everything from getting started to publication \u2013 and the next story. \u201cNo one can write the book you are going to write,\u201d Gee states. \u201cYou get to claim your life, your experiences, your story.\u201d *I won this book in a Legacy Isle Publishing giveaway*"}], "description": "Write your memoir NOW!\n  \"Your life is so interesting\u2014you should write a book!\" How many times have you heard that? Do you respond by saying, \u201cI will, some day\u2026\u201d or \u201cI\u2019m still thinking about it...\u201d or \u201cI\u2019m just not sure how to begin?\u201d Perhaps you\u2019ve even said, \u201cI\u2019m not much of a writer...maybe I should hire someone to do it for me.\u201d There\u2019s a story inside you. It\u2019s just waiting to be told\u2014and the best person to tell that story is you! But don\u2019t worry if you haven\u2019t even written Word One of your memoir. That will change today. Writing the Hawai'i Memoir: Advice and Exercises to Help You Tell Your Story was written by international bestselling author and writing instructor Darien Gee to guide you from start to finish, so you know exactly what to do\u2014and how to do it. There are many ways to write a memoir\u2026and this is just the beginning! You don't have to live in Hawaii to benefit from this book\u2014it works no matter where you live. Writing the Hawai'i Memoir: Advice and Exercises to Help You Tell Your Story uses Hawai'i's rich cultural diversity and history of oral storytelling to propel writers into action. The \u201csoup to nuts\u201d structure of the book leads writers of any experience level through a natural, intuitive writing process that can be followed at any pace, quick or slow. This guide is for anyone who has a life story and wants to share it with others. For most people, \u201cwriting a memoir\u201d never goes beyond the mere idea of writing. It\u2019s time for you to take the long-awaited next leap. Step-by-step, this book will help you put pen to paper or fingers to the keyboard. Your story, your memories, and your experiences will be gathered together in one place in a structured narrative form. This book goes beyond \u201chow to\u201d and gets you to completion through exercises and encouragement. The emphasis here is not on publication\u2014though if that is your end goal, you\u2019ll find pointers here for that, too\u2014but on finishing your memoir so it can be shared with others. This invaluable guide and how-to book includes writing tips and inspiration from more than 20 of Hawai'i\u2019s best known writers, teachers, and storytellers. Try all of the 29 writing exercises and writing prompts or choose the ones that interest you the most. You'll learn how to: * Recall your life events with purpose * Take your life experiences and easily organize them into a story * Discover themes that already exist in your life * Overcome writer's block and other challenges * Consider the \u201cwarts and all\u201d aspects of storytelling * Keep motivated and encouraged throughout an enriching and enjoyable experience * Choose the best way for you to publish or share your memoir Writing the Hawai'i Memoir: Advice and Exercises to Help You Tell Your Story will help you do it all from start to finish with sage advice from some of Hawaii\u2019s finest. From a former Governor of Hawaii with a bestselling memoir and the creator of the slogan \u201cNever Let \u2018Em See You Sweat\u201d to university writing professors and professional scribes, these influential and experienced individuals share the keys to staying motivated and enthused while realizing the importance and significance of sharing your life story.  \n  About the Author\n  Darien Gee is the national bestselling author of six novels, four written under the pen name Mia King.", "title": "Writing the Hawaii Memoir: Advice and Exercises to Help You Tell Your Story", "url": "http://www.goodreads.com/book/show/22440903-writing-the-hawaii-memoir", "average": 4.17, "cover": "https://images.gr-assets.com/books/1402190370l/22440903.jpg", "reviews": 1, "authors": [{"url": "https://www.goodreads.com/author/show/4472748.Darien_Gee", "name": "Darien Gee"}], "type": [], "outlinks": ["http://www.goodreads.com/book/show/9744817-friendship-bread", "http://www.goodreads.com/book/show/13642949-the-avalon-ladies-scrapbooking-society", "http://www.goodreads.com/book/show/18868730-an-avalon-christmas", "http://www.goodreads.com/book/show/33148584-an-avalon-valentine", "http://www.goodreads.com/book/show/22096320-pele-in-therapy"]}