{"ratings": 0.0, "userreviews": [{"userName": "\u83ab\u58a8\u964c\u672b", "userReviewDate": "2018-03-09", "userURL": "https://my.qidian.com/user/12956694", "userReview": "\u7b7e\u5230\uff0c\u611f\u89c9\u597d\u559c\u6b22\u5199\u4e8c\u5a5a"}], "description": "\u91cd\u751f\u82b1\u6837\u5e74\u534e\uff0c\u73a9\u8f6c\u5e02\u4e95\u8c6a\u95e8\uff0c\u643a\u624b\u9006\u88ad\u4eba\u751f\uff0c\u5171\u63fd\u4e00\u4e16\u98ce\u4e91\uff01", "title": "Boss\u751f\u731b\uff1a\u603b\u88c1\uff0c\u6211\u6709\u4e86", "url": "https://book.qidian.com/info/1011454545", "average": -1.0, "cover": "//qidian.qpic.cn/qdbimg/349573/1011454545/180", "reviews": -1, "authors": [{"url": "https://me.qidian.com/authorIndex.aspx?id=7843633", "name": "\u5341\u6708\u521d"}], "type": ["\u73b0\u4ee3\u8a00\u60c5", "\u8c6a\u95e8\u4e16\u5bb6"], "outlinks": ["https:https://book.qidian.com/info/1011421405?qd_game_key=1011421405&qd_dd_p1=11272", "https://book.qidian.com/info/1011454545", "https://book.qidian.com/info/3688522", "https://book.qidian.com/info/3688522", "https://book.qidian.com/info/1010427349", "https://book.qidian.com/info/1010427349", "https://book.qidian.com/info/1009984956", "https://book.qidian.com/info/1009984956", "https://book.qidian.com/info/1010613677", "https://book.qidian.com/info/1010613677", "https://book.qidian.com/info/1010624146", "https://book.qidian.com/info/1010624146", "https://book.qidian.com/info/1011103162", "https://book.qidian.com/info/1011103162", "https://book.qidian.com/info/3353799", "https://book.qidian.com/info/3353799", "https://book.qidian.com/info/3353826", "https://book.qidian.com/info/3353826", "https://book.qidian.com/info/3355501", "https://book.qidian.com/info/3355501", "https://book.qidian.com/info/3355105", "https://book.qidian.com/info/3355105", "https://book.qidian.com/info/3360180", "https://book.qidian.com/info/3360180", "https://book.qidian.com/info/3459731", "https://book.qidian.com/info/3459731", "https://book.qidian.com/info/3688522", "https://book.qidian.com/info/3688522", "https://book.qidian.com/info/1009042280", "https://book.qidian.com/info/1009626115", "https://book.qidian.com/info/1010737445", "https://book.qidian.com/info/1012015372", "https://book.qidian.com/info/1005059261", "https://book.qidian.com/info/1011899546", "https://book.qidian.com/info/1011717868", "https://book.qidian.com/info/1009904779", "https://book.qidian.com/info/1011200502", "https://book.qidian.com/info/1011634310"]}