{"ratings": 0.0, "userreviews": [{"userName": "\u4e09\u9662\u625b\u628a\u5b50", "userReviewDate": "2018-05-29", "userURL": "https://my.qidian.com/user/312138161", "userReview": "\u5927\u4f6c\u52a0\u6cb9\uff0c"}, {"userName": "\u6211\u7684\u59b9\u59b9\u53eb\u96cf\u75301195", "userReviewDate": "2018-05-28", "userURL": "https://my.qidian.com/user/316852000", "userReview": "\u65b0\u6765\u7684\u7b7e\u5230[fn=27]"}, {"userName": "\u9b54\u9e9d", "userReviewDate": "2018-05-28", "userURL": "https://my.qidian.com/user/171904548", "userReview": "\u7b7e\u5230\u697c   "}, {"userName": "\u4e91\u4f3c\u82cd\u751f", "userReviewDate": "2018-05-28", "userURL": "https://my.qidian.com/user/135752235", "userReview": "\u6587\u7b14\u5f88\u68d2\uff0c\u5267\u60c5\u7d27\u5f20\u523a\u6fc0\uff0c\u6c42\u66f4\u65b0~"}, {"userName": "\u4e66\u53cb170402120616079", "userReviewDate": "2018-05-27", "userURL": "https://my.qidian.com/user/231527123", "userReview": "\u6587\u7b14\u4e0d\u9519\uff0c\uff0c\u517b\u80a5\u518d\u770b"}, {"userName": "\u9b54\u9e9d", "userReviewDate": "2018-05-27", "userURL": "https://my.qidian.com/user/171904548", "userReview": "\u770b\u770b\u5148\u3002\u3002\u3002"}, {"userName": "\u997f\u8d27\u62f3", "userReviewDate": "2018-05-27", "userURL": "https://my.qidian.com/user/188162187", "userReview": "\u6df1\u591c\u5c11\u5973\u8df3\u697c\uff0c\u7adf\u662f\u8fd9\u79cd\u7ed3\u679c\u3002"}], "description": "\u7b97\u547d\u63a2\u9669\u70b9\u98ce\u6c34\uff0c\u60ca\u609a\u4fa6\u63a2\u964d\u9b3c\u602a\uff0c\u6700\u4f20\u7edf\u4e2d\u56fd\u6587\u5316\uff0c\u6700\u795e\u79d8\u7075\u5f02\u4f20\u5947\uff01", "title": "BOSS\u5927\u4fa6\u63a2", "url": "https://book.qidian.com/info/1011814993", "average": -1.0, "cover": "//qidian.qpic.cn/qdbimg/349573/1011814993/180", "reviews": -1, "authors": [{"url": "https://me.qidian.com/authorIndex.aspx?id=402282600", "name": "\u9ece\u660e\u6e05\u98ce"}], "type": ["\u7075\u5f02", "\u60ac\u7591\u4fa6\u63a2"], "outlinks": ["https://book.qidian.com/info/1011814993", "https://book.qidian.com/info/3560946", "https://book.qidian.com/info/3560946", "https://book.qidian.com/info/3611150", "https://book.qidian.com/info/3611150", "https://book.qidian.com/info/1010404377", "https://book.qidian.com/info/1010404377", "https://book.qidian.com/info/1003578722", "https://book.qidian.com/info/1003578722", "https://book.qidian.com/info/1011321110", "https://book.qidian.com/info/1011321110", "https://book.qidian.com/info/1003389190", "https://book.qidian.com/info/1003389190", "https://book.qidian.com/info/1011837610", "https://book.qidian.com/info/1011987732", "https://book.qidian.com/info/1011825122", "https://book.qidian.com/info/1011825450", "https://book.qidian.com/info/1011945422", "https://book.qidian.com/info/1011826884", "https://book.qidian.com/info/1011790544", "https://book.qidian.com/info/1011825290", "https://book.qidian.com/info/1011896879", "https://book.qidian.com/info/1011875452"]}