{"ratings": 0.0, "userreviews": [{"userName": "\u5c0f\u76ae\u5339", "userReviewDate": "17\u5c0f\u65f6\u524d", "userURL": "https://my.qidian.com/user/136786413", "userReview": "\u521a\u521a\u60f3\u5230\u4e00\u4e2a\u6709\u610f\u601d\u7684\uff0c\u4e07\u697c\u5fc5\u76df\u6216\u80051000\u4e2a\u4eba\u6b21\u56de\u590d\u6211\uff0c"}, {"userName": "\u5f7c\u751f", "userReviewDate": "53\u5206\u949f\u524d", "userURL": "https://my.qidian.com/user/167000944", "userReview": "................."}, {"userName": "\u514b\u745e\u4e1d", "userReviewDate": "13\u5c0f\u65f6\u524d", "userURL": "https://my.qidian.com/user/4135407", "userReview": "\u6536\u8d39\u7ae0\u8282\u4e86\uff0c\u4e0d\u8981\u592a\u523b\u610f\u63cf\u8ff0\u753b\u9762\uff0c\u4e00\u4e2a\u7728\u773c\u7684\u52a8\u4f5c\u6211\u80fd\u6c34\u6210\u4e00\u5343\u5b57\uff0c\u4e5f\u80fd\u5341\u4e2a\u5b57\uff0c\u6536\u8d39\u7684\u8fd9\u4e9b\u7ae0\u8282\uff0c"}, {"userName": "\u5149\u6697\u5927\u5929\u5c0a", "userReviewDate": "15\u5c0f\u65f6\u524d", "userURL": "https://my.qidian.com/user/212751588", "userReview": "\u9700\u8981\u6539\u4e00\u6539\u4e3b\u89d2\u5f62\u8c61\uff0c\u76ee\u524d\u7684\u4e3b\u89d2\u7684\u884c\u4e3a\u914d\u4e0d\u4e0a\u201c\u66b4\u541b\u201d\u8fd9\u4e2a\u79f0\u53f7\uff0c\u53c2\u8003\u4f5c\u8005\u591c\u4e0e\u96ea\u7684\u6781\u62f3\u66b4\u541b\uff0c\u5bf9\u4eba"}, {"userName": "\u9ed1\u6697\u4e4b\u5b50:", "userReviewDate": "15\u5c0f\u65f6\u524d", "userURL": "https://my.qidian.com/user/189283311", "userReview": "\u5362\u745f\u5149\u5934\uff0c\u5374\u6709\u53ef\u80fd\uff0c"}, {"userName": "Noctis1", "userReviewDate": "21\u5c0f\u65f6\u524d", "userURL": "https://my.qidian.com/user/214268353", "userReview": "\u8fd8\u662f\u5e0c\u671b\u80fd\u548c\u6e21\u9e26\u6709\u4e2a\u597d\u70b9\u7684\u7ed3\u5c40   \u8bf6"}, {"userName": "\u79b9\u842c", "userReviewDate": "23\u5c0f\u65f6\u524d", "userURL": "https://my.qidian.com/user/197475198", "userReview": "\u7ec8\u4e8e\u5230\u5e72\u6389\u8d85\u4eba\u65f6\u523b\u5c45\u7136\u6ca1\u4e86[fn=15]"}, {"userName": "L.tao  \u58eb\u5b98\u957f", "userReviewDate": "2018-06-07", "userURL": "https://my.qidian.com/user/112851065", "userReview": "\u975e\u6d32\u90a3\u53ea\u662f\u4e2a\u6700\u5927\u7684\u5012\u94a9"}, {"userName": "\u9189\u91cc\u4e7e\u5764\u5927\uff0c\u58f6\u4e2d\u65e5\u6708\u957f\u3002", "userReviewDate": "2018-06-07", "userURL": "https://my.qidian.com/user/191000418", "userReview": "\u8759\u8760\u4fa0?\u70b8\u4e86\u4e00\u8f86\u5730\u94c1\uff0c\u7136\u540e\u8bf4\u4e0d\u662f\u6211\u6740\u7684\uff0c\u662f\u88ab\u70b8\u6b7b\u7684\u2026\u2026\u4e3a\u4ec0\u4e48\u8fd9\u4e48\u591a\u4eba\u90fd\u8bf4\u4ed6\u4e0d\u6740\u4eba?\u865a\u4f2a\u2190_"}, {"userName": "\u59dc\u53f6", "userReviewDate": "2018-06-07", "userURL": "https://my.qidian.com/user/157955563", "userReview": "\u6700\u8fd1\u51e0\u7ae0\u600e\u4e48\u6ca1\u6709\u521d\u98df\u8fd9\u672c\u4e66\u7684\u611f\u89c9\u4e86\uff01"}, {"userName": "\u98de\u5411\u4e8c\u6b21\u5143\u7684\u7fbd\u7ffc", "userReviewDate": "2018-06-07", "userURL": "https://my.qidian.com/user/132338438", "userReview": "\u8d50\u4e88\u5e0c\u671b\uff0c\u8fd9\u70b9\u5f88\u559c\u6b22"}, {"userName": "\u5341\u516d\u591cNux", "userReviewDate": "2018-06-07", "userURL": "https://my.qidian.com/user/116457574", "userReview": "\u9152\u4f1a\u90a3\u6bb5\u5df2\u7ecf\u770b\u7684\u6076\u5fc3\u4e86\uff0c\u672c\u6765\u6253\u7b97\u5148\u517b\u517b\uff0c\u7f13\u7f13\u5fc3\u60c5\u518d\u770b\uff0c\u7ed3\u679c\u770b\u5230\u73b0\u5728\u8bc4\u8bba\uff0c\u8fde\u770b\u7684\u6b32\u671b\u90fd\u6ca1\u6709\u4e86"}, {"userName": "\u9b54\u706c\u5317\u5c11", "userReviewDate": "2018-06-07", "userURL": "https://my.qidian.com/user/214483004", "userReview": "\u80fd\u5426\u591a\u66f4\uff0c\u66f4\u7684\u8fd9\u4e48\u5c11\uff0c\u4e5f\u4e0d\u6562\u8981\u7968\u7968\u5427\u3002"}, {"userName": "\u4e66\u53cb131227102538835", "userReviewDate": "2018-06-07", "userURL": "https://my.qidian.com/user/174063838", "userReview": "\u7b7e\u5230\uff0c\uff0c   "}], "description": "\u6fc0\u840c\u7684\u841d\u8389\uff0c\u70ed\u8840\u7684\u5c11\u5e74\uff0c\u4e3a\u6253\u7834\u6b21\u5143\u58c1\u4e00\u5f80\u65e0\u524d\uff01", "title": "DC\u66b4\u541b", "url": "https://book.qidian.com/info/1011440333", "average": -1.0, "cover": "//qidian.qpic.cn/qdbimg/349573/1011440333/180", "reviews": -1, "authors": [{"url": "https://me.qidian.com/authorIndex.aspx?id=2619514", "name": "\u5b85\u5bb6\u7684\u806a"}], "type": ["\u4e8c\u6b21\u5143", "\u884d\u751f\u540c\u4eba", "\u4e8c\u6b21\u5143"], "outlinks": ["https://book.qidian.com/info/1011440333", "https://book.qidian.com/info/1005366330", "https://book.qidian.com/info/1005366330", "https://book.qidian.com/info/1011520574", "https://book.qidian.com/info/1011520574", "https://book.qidian.com/info/1011517689", "https://book.qidian.com/info/1011517689", "https://book.qidian.com/info/1003448359", "https://book.qidian.com/info/1003448359", "https://book.qidian.com/info/1004904932", "https://book.qidian.com/info/1004904932", "https://book.qidian.com/info/1010860831", "https://book.qidian.com/info/1010860831", "https://book.qidian.com/info/1005366330", "https://book.qidian.com/info/1005366330", "https://book.qidian.com/info/1011443057", "https://book.qidian.com/info/1011977706", "https://book.qidian.com/info/1011970575", "https://book.qidian.com/info/1011722301", "https://book.qidian.com/info/1012058179", "https://book.qidian.com/info/1010868275", "https://book.qidian.com/info/1012020887", "https://book.qidian.com/info/1011904081"]}