{"ratings": 0.0, "userreviews": [{"userName": "\u65af\u5df4\u8fbe\u5e03\u65af", "userReviewDate": "2017-11-19", "userURL": "https://my.qidian.com/user/162360533", "userReview": "\u5206\u4e2a\u6bb5\u554a\uff0c\u770b\u7740\u8d3c\u96be\u53d7"}, {"userName": "\u71d5\u95e8\u5929\u5b87", "userReviewDate": "2017-10-08", "userURL": "https://my.qidian.com/user/164110601", "userReview": "\u770b\u4e86\u6700\u540e\u7684\u514d\u8d39\u7ae0\u8282\uff0c\u5982\u679c\u4e0d\u628a\u6bcf\u4e00\u7ae0\u5b57\u6570\u5f04\u5c11\u70b9\uff0c\u5206\u6bb5\u597d\u70b9\uff0c\u771f\u7684\u770b\u4e0d\u8fdb\u53bb\uff0c\u4e00\u5927\u6bb5\u6587\u5b57\u91cc\u9762\u6709\u65c1\u767d"}, {"userName": "\u5c0f\u5b66\u50e7RD", "userReviewDate": "2017-08-21", "userURL": "https://my.qidian.com/user/216313767", "userReview": "\u5728\u963f\u62c9\u5fb7\u5927\u9646\uff0c\u9b3c\u5251\u58eb\u662f\u8bc5\u5492\u7684\u4ee3\u540d\u8bcd\uff0c\u7136\u800c\u62e5\u6709\u9b3c\u624b\u7684\u4eba\uff0c\u5728\u88ab\u9b3c\u795e\u4fb5\u8680\u7684\u540c\u65f6\uff0c\u5374\u80fd\u83b7\u5f97\u5f3a\u5927\u7684\u529b"}, {"userName": "\u865a\u65e0\u4eba\u5f62", "userReviewDate": "2017-06-29", "userURL": "https://my.qidian.com/user/213141596", "userReview": "http://u.qidian.com/z8DufroP\u3000\u3000\u5fa1\u574219090\u53f7\u88ab\u63d0\u524d\u5b9e\u9a8c\uff0c\u6beb"}, {"userName": "\u6728\u5de5\u866b\u5b50", "userReviewDate": "2017-06-24", "userURL": "https://my.qidian.com/user/133429342", "userReview": "\u300a\u6df7\u7b11\u5929\u6daf\u300b\u6709\u611f\u60c5\u7684\u7384\u5e7b\uff0c\u63ed\u5185\u5fc3\u7684\u5c0f\u8bf4\u3002\u5df2\u517b\u80a5\uff0c\u6c42\u5305\u517b\uff0c\u6b22\u8fce\u54c1\u9274\uff0c\u5360\u7528\u8d35\u5b9d\u5730\u8fd8\u8bf7\u89c1\u8c05"}, {"userName": "\u66ae\u5149\u7d2b", "userReviewDate": "2017-06-05", "userURL": "https://my.qidian.com/user/132076291", "userReview": "\u591a\u70b9\u5206\u6bb5\uff0c\u6bcf\u6bb5\u6587\u5b57\u90fd\u592a\u957f\u4e86\uff0c\u6587\u7b14\u4e5f\u6709\u5f85\u6539\u8fdb\uff0c\u52a0\u6cb9\u5427\u3002"}, {"userName": "\u4e66\u53cb160928205248099", "userReviewDate": "2017-05-15", "userURL": "https://my.qidian.com/user/223341885", "userReview": "\u52a0\u6cb9"}, {"userName": "\u5bd2\u65e5\u65e0\u98ce", "userReviewDate": "2017-04-24", "userURL": "https://my.qidian.com/user/3283462", "userReview": "\u5c45\u7136\u6ca1\u4eba\uff0c\u8e29\u4e00\u4e0b"}], "description": "\u8086\u610f\u6325\u6d12\u6fc0\u60c5\u7684\u6e38\u620f\u4eba\u751f\uff0c\u6253\u7834\u73b0\u5b9e\u6846\u67b6\u7684\u65e0\u5c3d\u5e7b\u60f3\uff01", "title": "DNF\u4e4b\u52c7\u58eb\u4e4b\u8def", "url": "https://book.qidian.com/info/1001309504", "average": -1.0, "cover": "//qidian.qpic.cn/qdbimg/349573/1001309504/180", "reviews": -1, "authors": [{"url": "https://me.qidian.com/authorIndex.aspx?id=11060953", "name": "\u6d45\u8272\u6b8b\u6708"}], "type": ["\u6e38\u620f", "\u865a\u62df\u7f51\u6e38"], "outlinks": ["https://book.qidian.com/info/1001309504", "https://book.qidian.com/info/1011001551", "https://book.qidian.com/info/1011001551", "https://book.qidian.com/info/1009861243", "https://book.qidian.com/info/1009861243", "https://book.qidian.com/info/1010496911", "https://book.qidian.com/info/1010496911", "https://book.qidian.com/info/1005159301", "https://book.qidian.com/info/1005159301", "https://book.qidian.com/info/1003606103", "https://book.qidian.com/info/1003606103", "https://book.qidian.com/info/1010701309", "https://book.qidian.com/info/1010701309", "https://book.qidian.com/info/1010954972", "https://book.qidian.com/info/1010954972", "https://book.qidian.com/info/1011944539", "https://book.qidian.com/info/1011967882", "https://book.qidian.com/info/1011856614", "https://book.qidian.com/info/1011979301", "https://book.qidian.com/info/1010667415", "https://book.qidian.com/info/1011736169", "https://book.qidian.com/info/1011797289", "https://book.qidian.com/info/1011808514", "https://book.qidian.com/info/1011901619", "https://book.qidian.com/info/1011962316"]}