{"ratings": 0.0, "userreviews": [{"userName": "\u4f60\u61c2\u6211\u7684\u610f\u601d\u5417", "userReviewDate": "2018-03-20", "userURL": "https://my.qidian.com/user/230421107", "userReview": "\u8fd9\u5c31\u592a\u76d1\u4e86\u5417"}, {"userName": "\u6e05\u548c\u65e5\u503e", "userReviewDate": "2017-12-31", "userURL": "https://my.qidian.com/user/199393615", "userReview": "\u5b8c\u5168\u4e0d\u4f1a\u73a9"}, {"userName": "\u665a\u98ce\u8f7b\u62c2\u6768\u67f3\u5cb8", "userReviewDate": "2017-10-12", "userURL": "https://my.qidian.com/user/220529502", "userReview": "\u7adf\u7136\u6ca1\u6709\u544a\u8bc9\u6211\u4eec\u8bfb\u8005\u7fa4\uff01\u8fd8\u6562\u6709\u7fa4\u53cb\u627e\u5230\u4e86\uff01\u672c\u5154\u5154\u7ffb\u8fc7\u6765\u4e86\uff01\uff01\uff01"}, {"userName": "\u4e66\u53cb20170919171204642", "userReviewDate": "2017-10-12", "userURL": "https://my.qidian.com/user/308495081", "userReview": "\u4f5c\u8005\u52a0\u6cb9\uff3e\uff10\uff3e~\u5343\u4e07\u4e0d\u80fd\u6251\u8857"}, {"userName": "\u5e7b\u57ce\u6b8b\u6b87", "userReviewDate": "2017-10-02", "userURL": "https://my.qidian.com/user/230287764", "userReview": "tj\u4e86,\u5f00\u5934\u633a\u597d\u770b\u7684\u8bf4"}, {"userName": "\u5361\u5bc6\u4e18\u6bd4\u7f6a\u6b4c", "userReviewDate": "2017-09-27", "userURL": "https://my.qidian.com/user/221056231", "userReview": "\u66f4\u65b0\u554a\u4f5c\u8005\uff0c\u4e0d\u66f4\u65b0\u4e0d\u6015\u798f\u888b\u6c89\u8239\u5417\u3016\u76ef\u2014\u2014\u3017"}, {"userName": "\u9752\u4e91\u7fe0\u7af9", "userReviewDate": "2017-09-26", "userURL": "https://my.qidian.com/user/215107609", "userReview": "\u4e00\u70b9\u90fd\u770b\u4e0d\u61c2"}, {"userName": "Forsaken2234", "userReviewDate": "2017-09-21", "userURL": "https://my.qidian.com/user/201816063", "userReview": "\u540d\u5b57\u5f88\u5c34\u5c2c"}, {"userName": "\u7231\u4e0e\u9017\u6bd4", "userReviewDate": "2017-09-16", "userURL": "https://my.qidian.com/user/229615876", "userReview": "\u55b5\u55b5\u55b5\uff1f\u4e0d\u66f4\u65b0\u4e86\uff1f"}, {"userName": "\u6e05\u548c\u65e5\u503e", "userReviewDate": "2017-09-15", "userURL": "https://my.qidian.com/user/199393615", "userReview": "\u8fd9\u662f\u4ec0\u4e48\u6e38\u620f"}, {"userName": "\u592a\u6613\u9634\u9633", "userReviewDate": "2017-09-10", "userURL": "https://my.qidian.com/user/220467721", "userReview": "\u8fd9\u662f\u5728\u7384\u6539\u547d\u5417\u65b0\u64cd\u4f5c?"}, {"userName": "\u6148\u7965\u7684\u957f\u8005", "userReviewDate": "2017-09-09", "userURL": "https://my.qidian.com/user/227165985", "userReview": "\u592a\u76d1\u4e86\u554a\u3002"}, {"userName": "AvngerVersT", "userReviewDate": "2017-09-06", "userURL": "https://my.qidian.com/user/216086597", "userReview": "\u6700\u8fd1\u8d3ctm\u975e\uff0c\u5237\u4fee\u70bc\u672c\uff0c\u4e24\u4e09\u628a\u51fa\u4e00\u4e2a\u91d1\u68cb\u5b50\uff0c\u6211\u5341\u51e0\u628a\u624d\u4e00\u4e24\u4e2a\u3002\u5237\u522b\u7684\u6750\u6599\u90fd\u6709\u5e73\u5747ap\u51fa\uff0c\u73b0"}, {"userName": "\u661f\u8fb0\u9f99\u5f71", "userReviewDate": "2017-09-04", "userURL": "https://my.qidian.com/user/105025810", "userReview": "\u5929\u9b41\u661f\u53ca\u65f6\u96e8\u5b8b\u6c5f\uff0c\u804c\u9636\u9b54\u672f\u5e08"}], "description": "\u6fc0\u840c\u7684\u841d\u8389\uff0c\u70ed\u8840\u7684\u5c11\u5e74\uff0c\u4e3a\u6253\u7834\u6b21\u5143\u58c1\u4e00\u5f80\u65e0\u524d\uff01", "title": "FGO\u4e4b\u5fa1\u4e3b\u96c6\u7ed3\u53f7", "url": "https://book.qidian.com/info/1010435110", "average": -1.0, "cover": "//qidian.qpic.cn/qdbimg/349573/1010435110/180", "reviews": -1, "authors": [{"url": "https://me.qidian.com/authorIndex.aspx?id=3340783", "name": "\u65e0\u6781\u4e66\u866b"}], "type": ["\u4e8c\u6b21\u5143", "\u884d\u751f\u540c\u4eba", "\u4e8c\u6b21\u5143"], "outlinks": ["https://book.qidian.com/info/1010435110", "https://book.qidian.com/info/1010863386", "https://book.qidian.com/info/1010863386", "https://book.qidian.com/info/1004170251", "https://book.qidian.com/info/1004170251", "https://book.qidian.com/info/1010878669", "https://book.qidian.com/info/1010878669", "https://book.qidian.com/info/1010798450", "https://book.qidian.com/info/1010798450", "https://book.qidian.com/info/1011095278", "https://book.qidian.com/info/1011095278", "https://book.qidian.com/info/1010207546", "https://book.qidian.com/info/1010207546", "https://book.qidian.com/info/2767349", "https://book.qidian.com/info/2767349", "https://book.qidian.com/info/3184195", "https://book.qidian.com/info/3184195", "https://book.qidian.com/info/3687207", "https://book.qidian.com/info/3687207", "https://book.qidian.com/info/1004781784", "https://book.qidian.com/info/1004781784", "https://book.qidian.com/info/1011443057", "https://book.qidian.com/info/1011977706", "https://book.qidian.com/info/1011970575", "https://book.qidian.com/info/1011722301", "https://book.qidian.com/info/1012058179", "https://book.qidian.com/info/1010868275", "https://book.qidian.com/info/1012020887", "https://book.qidian.com/info/1011904081"]}