{"ratings": 0.0, "userreviews": [{"userName": "\u8d85\u80a5\u80d6\u5b50", "userReviewDate": "2018-05-26", "userURL": "https://my.qidian.com/user/302368369", "userReview": "\u732a\u811a\u88ab\u4eba\u80cc\u53db\u4e86\u8fd8\u975e\u5e38\u5f00\u5fc3\u7684\u5e2e\u522b\u4eba\u6570\u94b1\u3002"}, {"userName": "\u9017\u903c\u9ece\u660e", "userReviewDate": "2018-05-26", "userURL": "https://my.qidian.com/user/215757523", "userReview": "\u6211\u770b\u7684\u7b2c\u4e00\u90e8\u5c0f\u8bf4\uff0c\u8003\u53e4\u4e00\u4e0b"}, {"userName": "\u6211\u7231\u8df3\u66f3\u6b65\u821e", "userReviewDate": "2018-05-20", "userURL": "https://my.qidian.com/user/218095598", "userReview": "\u4ece\u6296\u97f3\u6765\u7684"}, {"userName": "\u4e0d\u6f02\u7684\u54d2\u54d2", "userReviewDate": "2018-04-05", "userURL": "https://my.qidian.com/user/229204523", "userReview": "\u6211\u8bb0\u5f97\u4e0a\u6b21\u770b\u7684\u4e00\u4e2a\u79d1\u6280\u6742\u5fd7\uff0c\u4e0a\u9762\u8bf4\u53d1\u660e\u4e86\u4e00\u79cd\u201c\u9600\u95e8\u201d\u53ef\u4ee5\u4ee3\u66ff\u5fc3\u810f\uff0c\u5145\u5f53\u4e00\u4e2a\u6cf5\u7684\u529f\u80fd\uff0c\u53ea\u8981\u6309"}, {"userName": "\u564e\u6b7b\u7231\u809a\u5b50", "userReviewDate": "2018-03-29", "userURL": "https://my.qidian.com/user/2655626", "userReview": "\u540e\u9762\u795e\u9f99\u7684\u65f6\u5019\u592a\u5723\u6bcd\u4e86"}, {"userName": "\u6ca1\u7d20\u8d28\u7684\u4f4e\u7ea7\u55b7", "userReviewDate": "2018-03-02", "userURL": "https://my.qidian.com/user/195983441", "userReview": "\u6b63\u7248\u770b\u4e86\u4e00\u534a\u8fd8\u4e0d\u9519\uff0c\u53ef\u4ee5\u8bf4\u975e\u5e38\u597d\u770b\u4e86\uff0c\u7ed3\u679c\u4ece\u5438\u8840\u9b3c\u90a3\u5f00\u59cb\u5c31\u8d8a\u6765\u8d8a\u5c2c\uff0c\u65e0\u8bba\u662f\u6218\u6597\u63cf\u5199\u8fd8\u662f\u611f\u60c5"}, {"userName": "\u5b50\u8d85w", "userReviewDate": "2018-02-24", "userURL": "https://my.qidian.com/user/200041967", "userReview": "\u5199\u7684\u4e0d\u9519\uff0c\u5c31\u662f\u6709\u70b9\u667a\u969c\uff0c\u8fd8\u6709\u6253\u8d25\u4e00\u4e2a\u8def\u4eba\u82b1\u8d39\u4e86\u767e\u591a\u7ae0\uff0c\u6548\u7387\u4f4e\u4e86\u70b9"}, {"userName": "\u6cb9\u70b8\u4f5c\u8005\u541b", "userReviewDate": "2018-02-20", "userURL": "https://my.qidian.com/user/305435258", "userReview": "\u798f\u5229\u591a\u53d1\u70b9\n"}, {"userName": "Poet1", "userReviewDate": "2018-02-13", "userURL": "https://my.qidian.com/user/230617839", "userReview": "\u4e0d\u9519\uff0c\u5df2\u770b\u5b8c\uff0c\u4e3b\u89d2\u662f\u4e00\u4e2a\u61e6\u5f31\u7684\u80d6\u5b50\uff0c\u4f46\u5728\u672a\u65e5\u4e2d\u9010\u6e10\u6210\u957f\uff0c\u53d8\u6210\u4e86\u4e2a\u6740\u4f10\u679c\u65ad\u3001\u575a\u6301\u81ea\u6211\u3001\u7684\u9886\u8896"}, {"userName": "\u51cb\u96f6\u6210\u5c18", "userReviewDate": "2018-02-01", "userURL": "https://my.qidian.com/user/215521079", "userReview": "\u7b7e\u5230\u6c34\u7ecf\u9a8c"}, {"userName": "\u51cb\u96f6\u6210\u5c18", "userReviewDate": "2018-02-01", "userURL": "https://my.qidian.com/user/215521079", "userReview": "\u7b7e\u5230\u6c34\u7ecf\u9a8c"}, {"userName": "\u51cb\u96f6\u6210\u5c18", "userReviewDate": "2018-02-01", "userURL": "https://my.qidian.com/user/215521079", "userReview": "\u7b7e\u5230\u6c34\u7ecf\u9a8c"}, {"userName": "\u51cb\u96f6\u6210\u5c18", "userReviewDate": "2018-02-01", "userURL": "https://my.qidian.com/user/215521079", "userReview": "\u7b7e\u5230\u6c34\u7ecf\u9a8c"}, {"userName": "\u51cb\u96f6\u6210\u5c18", "userReviewDate": "2018-02-01", "userURL": "https://my.qidian.com/user/215521079", "userReview": "\u7b7e\u5230\u6c34\u7ecf\u9a8c"}], "description": "\u661f\u6d77\u6f2b\u6e38\uff0c\u65f6\u7a7a\u7a7f\u68ad\uff0c\u673a\u68b0\u79d1\u6280\uff0c\u76ee\u6807\u662f\u672a\u77e5\u7684\u661f\u8fb0\u5927\u6d77\uff01", "title": "GT\u75c5\u6bd2\u8fdb\u5316\u8005", "url": "https://book.qidian.com/info/3400076", "average": -1.0, "cover": "//qidian.qpic.cn/qdbimg/349573/3400076/180", "reviews": -1, "authors": [{"url": "https://me.qidian.com/authorIndex.aspx?id=4304740", "name": "\u6b63\u4e49\u8fea"}], "type": ["\u79d1\u5e7b", "\u672b\u4e16\u5371\u673a"], "outlinks": ["https://book.qidian.com/info/3400076", "https://book.qidian.com/info/1001359551", "https://book.qidian.com/info/1001359551", "https://book.qidian.com/info/1010314675", "https://book.qidian.com/info/1010314675", "https://book.qidian.com/info/1010530539", "https://book.qidian.com/info/1010530539", "https://book.qidian.com/info/2271528", "https://book.qidian.com/info/2271528", "https://book.qidian.com/info/1007084927", "https://book.qidian.com/info/1007084927", "https://book.qidian.com/info/1010918358", "https://book.qidian.com/info/1010918358", "https://book.qidian.com/info/1003691343", "https://book.qidian.com/info/1003691343", "https://book.qidian.com/info/1009719053", "https://book.qidian.com/info/1009719053", "https://book.qidian.com/info/1011814764", "https://book.qidian.com/info/1011636462", "https://book.qidian.com/info/1012011143", "https://book.qidian.com/info/1011989615", "https://book.qidian.com/info/1011979302", "https://book.qidian.com/info/1011962232", "https://book.qidian.com/info/1012020634", "https://book.qidian.com/info/1011923738", "https://book.qidian.com/info/1012020834", "https://book.qidian.com/info/1011973977"]}