{"ratings": 0.0, "userreviews": [{"userName": "\u6d77\u662f\u5012\u8fc7\u6765\u7684\u5929\u5f88\u7f8e", "userReviewDate": "23\u5c0f\u65f6\u524d", "userURL": "https://my.qidian.com/user/228760873", "userReview": "\u2026\u2026\u6709\u70b9\u50cf\u4ee5\u524d\u770b\u8fc7\u7684\u8f7b\u5c0f\u8bf4\u4f60\u5988\u5e73\u780d\u8fde\u51fb\u5e26\u987a\u5288\u2026\u2026\u7136\u540e\u540c\u7cfb\u5217\u7684\u8fd8\u6709\u4f60\u7238\u666e\u653b\u7834\u7532\u5e26\u66b4\u51fb\uff0c\u4f60\u7237\u81f4"}, {"userName": "\u65e0\u8282\u64cd\u7684\u592a\u9633", "userReviewDate": "2018-06-07", "userURL": "https://my.qidian.com/user/230677991", "userReview": "\u5973\u4e3b\u662f\u8001\u5988\u5417\uff1f\u662f\u7684\u8bdd\u5c31\u6709\u610f\u601d\u4e86\uff0c\u54c8\u54c8[fn=10]"}, {"userName": "\u5bb5\u6c33", "userReviewDate": "2018-06-07", "userURL": "https://my.qidian.com/user/123472356", "userReview": "\u6765\u4e00\u6bb5\u6bcd\u5b50\u604b\u5417\uff1f\u597d\u671f\u5f85\uff01"}, {"userName": "\u627e\u672c\u4e66\u770b\u597d\u96be", "userReviewDate": "2018-06-07", "userURL": "https://my.qidian.com/user/187656639", "userReview": "\u5e0c\u671b\u4f5c\u8005\u7ed9\u4e3b\u89d2\u7684\u601d\u60f3\u4e0d\u8981\u592a\u6210\u719f\uff0c \u5e7c\u7a1a\u70b9 \uff0c\u5929\u771f\u70b9\u3002  \u522b\u5199\u6210\u7981\u5fcc\u604b \u57fa\u672c\u80fd\u706b"}, {"userName": "\u8349\u539f\u4e00\u53ea\u80a5\u5154\u5b50", "userReviewDate": "2018-06-07", "userURL": "https://my.qidian.com/user/224628374", "userReview": "\u597d\u50cf\u5f88\u6709\u8da3"}, {"userName": "\u4e0d\u518d\u4e86i", "userReviewDate": "2018-06-04", "userURL": "https://my.qidian.com/user/168872885", "userReview": "\u633a\u597d\u770b\u7684\uff0c\u652f\u6301~"}, {"userName": "\u5403\u4e66\u5c0f\u80fd\u624bQAQ", "userReviewDate": "2018-05-31", "userURL": "https://my.qidian.com/user/199250197", "userReview": "\u6293\u867e\u5927\u961f\uff5e\u5728\u6b64\u7b49\u5f85\u6355\u6349\u5415\u5929\u867e\uff01"}, {"userName": "\u6211\u7684\u59b9\u59b9\u53eb\u96cf\u75301138", "userReviewDate": "2018-05-30", "userURL": "https://my.qidian.com/user/316866506", "userReview": "\u7b7e\u5230\u6c34\u6d78\u8840"}, {"userName": "\u539f\u5b50\u86cb\u75bc", "userReviewDate": "2018-05-28", "userURL": "https://my.qidian.com/user/220474446", "userReview": "\u5199\u7684\u4e0d\u9519\uff0c\u53ea\u8981\u540e\u7eed\u5267\u60c5\u4e0d\u8981\u592a\u4fd7\uff0c\u57fa\u672c\u80fd\u706b"}], "description": "\u30102018\u4e8c\u6b21\u5143\u590f\u65e5\u796d\u5f81\u6587\u3011\u53c2\u8d5b\u4f5c\u54c1", "title": "imba\u8001\u5988", "url": "https://book.qidian.com/info/1012062360", "average": -1.0, "cover": "//qidian.qpic.cn/qdbimg/349573/1012062360/180", "reviews": -1, "authors": [{"url": "https://me.qidian.com/authorIndex.aspx?id=402471184", "name": "\u95ee\u8bfb"}], "type": ["\u4e8c\u6b21\u5143", "\u539f\u751f\u5e7b\u60f3", "\u4e8c\u6b21\u5143"], "outlinks": ["https://book.qidian.com/info/1012062360", "https://book.qidian.com/info/1009934766", "https://book.qidian.com/info/1009934766", "https://book.qidian.com/info/1011447411", "https://book.qidian.com/info/1011447411", "https://book.qidian.com/info/1011735807", "https://book.qidian.com/info/1011735807", "https://book.qidian.com/info/1003510726", "https://book.qidian.com/info/1003510726", "https://book.qidian.com/info/1010770545", "https://book.qidian.com/info/1010770545", "https://book.qidian.com/info/1010815544", "https://book.qidian.com/info/1010815544", "https://book.qidian.com/info/1012067158", "https://book.qidian.com/info/1012067158", "https://book.qidian.com/info/1011443057", "https://book.qidian.com/info/1011977706", "https://book.qidian.com/info/1011970575", "https://book.qidian.com/info/1011722301", "https://book.qidian.com/info/1012058179", "https://book.qidian.com/info/1010868275", "https://book.qidian.com/info/1012020887", "https://book.qidian.com/info/1011904081"]}