{"ratings": 0.0, "userreviews": [{"userName": "\u884c\u5230\u6c34\u7a77\u5904", "userReviewDate": "2018-05-29", "userURL": "https://my.qidian.com/user/274321", "userReview": "\u6ca1\u770b\u6b63\u6587\u5462\uff0c\u4e0d\u8fc7\u4e66\u8bc4\u533a\u597d\u51b7\u6e05\u554a\uff0c\u4f5c\u8005\u52a0\u6cb9"}, {"userName": "\u6709\u751f\u4e4b\u5e74\u7684\u54b8\u9c7c", "userReviewDate": "2018-05-23", "userURL": "https://my.qidian.com/user/226254196", "userReview": "\u8fd9\u5c0f\u8bf4\u51fa\u770b\u6807\u9898\u4e00\u8138\uff1f\uff1f\u540e\u5bab\u6587\u5427\u3002\u3002\u55ef\uff0c\u5185\u5bb9\uff1f\uff1f\uff1f\u7537\u4e3b\u5565\u7279\u70b9\u6709\u4ec0\u4e48\u7a81\u51fa\u7684?"}, {"userName": "\u90a3\u5e74\u5bd2\u51acc", "userReviewDate": "2018-05-14", "userURL": "https://my.qidian.com/user/212116655", "userReview": "\u4e3a\u4ec0\u4e48\u8981\u8ba9\u90a3\u4e2a\u753b\u753b\u7684\u8ddf\u522b\u4eba\u597d \u770b\u5c0f\u8bf4\u4e0d\u90fd\u662f\u4ee3\u5165\u7537\u4e3b\u7684\u4e48 \u800c\u4e14\u4f60\u8fd9\u4e66\u660e\u663e\u662f\u4e2a\u540e\u5bab\u6587 \u4e3a\u4ec0\u4e48\u8981"}, {"userName": "\u90a3\u5154\u90a3\u4e9b\u5e74", "userReviewDate": "2018-05-10", "userURL": "https://my.qidian.com/user/230447992", "userReview": "\u8fd9\u7b80\u4ecb\u60f3\u8868\u8fbe\u4ec0\u4e48\u3002\u3002\u3002"}, {"userName": "\u5b64\u96ea\u5cf0", "userReviewDate": "2018-05-08", "userURL": "https://my.qidian.com/user/11390614", "userReview": "\u53f6\u591c\uff0c\u522b\u4eba\u4e00\u53eb\u5c31\u597d\u50cf\u5728\u53eb\u201c\u7237\u7237\u201d\u4e00\u6837\u3002"}], "description": "\u8086\u610f\u6325\u6d12\u6fc0\u60c5\u7684\u6e38\u620f\u4eba\u751f\uff0c\u6253\u7834\u73b0\u5b9e\u6846\u67b6\u7684\u65e0\u5c3d\u5e7b\u60f3\uff01", "title": "LOL\u5973\u795e\u8054\u76df", "url": "https://book.qidian.com/info/1010949891", "average": -1.0, "cover": "//qidian.qpic.cn/qdbimg/349573/1010949891/180", "reviews": -1, "authors": [{"url": "https://me.qidian.com/authorIndex.aspx?id=10648767", "name": "\u9752\u86d9\u5c0f\u4e54"}], "type": ["\u6e38\u620f", "\u7535\u5b50\u7ade\u6280"], "outlinks": ["https://book.qidian.com/info/1010949891", "https://book.qidian.com/info/1005368826", "https://book.qidian.com/info/1005368826", "https://book.qidian.com/info/1011513739", "https://book.qidian.com/info/1011513739", "https://book.qidian.com/info/1011184742", "https://book.qidian.com/info/1011184742", "https://book.qidian.com/info/1011125942", "https://book.qidian.com/info/1011125942", "https://book.qidian.com/info/1010965501", "https://book.qidian.com/info/1010965501", "https://book.qidian.com/info/1003695905", "https://book.qidian.com/info/1003695905", "https://book.qidian.com/info/1005368826", "https://book.qidian.com/info/1005368826", "https://book.qidian.com/info/1011944539", "https://book.qidian.com/info/1011967882", "https://book.qidian.com/info/1011856614", "https://book.qidian.com/info/1011979301", "https://book.qidian.com/info/1010667415", "https://book.qidian.com/info/1011736169", "https://book.qidian.com/info/1011797289", "https://book.qidian.com/info/1011808514", "https://book.qidian.com/info/1011901619", "https://book.qidian.com/info/1011962316"]}