{"ratings": 0.0, "userreviews": [], "description": "\u8086\u610f\u6325\u6d12\u6fc0\u60c5\u7684\u6e38\u620f\u4eba\u751f\uff0c\u6253\u7834\u73b0\u5b9e\u6846\u67b6\u7684\u65e0\u5c3d\u5e7b\u60f3\uff01", "title": "Minecraft\u7269\u8bed\u5927\u9646", "url": "https://book.qidian.com/info/1010334232", "average": -1.0, "cover": "//qidian.qpic.cn/qdbimg/349573/1010334232/180", "reviews": -1, "authors": [{"url": "https://me.qidian.com/authorIndex.aspx?id=400748677", "name": "\u767d\u590f\u96e8\u604b"}], "type": ["\u6e38\u620f", "\u6e38\u620f\u5f02\u754c"], "outlinks": ["https://book.qidian.com/info/1010334232", "https://book.qidian.com/info/1010860381", "https://book.qidian.com/info/1010860381", "https://book.qidian.com/info/1010367384", "https://book.qidian.com/info/1010367384", "https://book.qidian.com/info/1010690206", "https://book.qidian.com/info/1010690206", "https://book.qidian.com/info/1002085", "https://book.qidian.com/info/1002085", "https://book.qidian.com/info/3602264", "https://book.qidian.com/info/3602264", "https://book.qidian.com/info/2811524", "https://book.qidian.com/info/2811524", "https://book.qidian.com/info/1011181018", "https://book.qidian.com/info/1011181018", "https://book.qidian.com/info/1011944539", "https://book.qidian.com/info/1011967882", "https://book.qidian.com/info/1011856614", "https://book.qidian.com/info/1011979301", "https://book.qidian.com/info/1010667415", "https://book.qidian.com/info/1011736169", "https://book.qidian.com/info/1011797289", "https://book.qidian.com/info/1011808514", "https://book.qidian.com/info/1011901619", "https://book.qidian.com/info/1011962316"]}