{"ratings": 0.0, "userreviews": [{"userName": "jinghonghb", "userReviewDate": "2018-03-19", "userURL": "https://my.qidian.com/user/446893", "userReview": "[fn=10][fn=10]\u51fa\u6765\u5237\u4e00\u6ce2\u5b58\u5728\u611f\uff0c1\u697c10\u5e01\u3002\u5148\u6253\u8d4f\u4e2a1w\uff0c\u4f60\u4eec\u6162\u6162\u76d6\uff0c\u8fd8\u6709\u5c31"}, {"userName": "\u771f\u6b63\u7684\u5927\u9ed1", "userReviewDate": "2018-03-10", "userURL": "https://my.qidian.com/user/226997169", "userReview": "\u5144\u5f1f\u4eec\u6709\u4ec0\u4e48\u5173\u4e8e\u672c\u4e66\u7684\u597d\u70b9\u5b50\u53ef\u4ee5\u5728\u8fd9\u91cc\u7559\u8a00\uff0c\u5927\u9ed1\u968f\u65f6\u5173\u6ce8"}, {"userName": "\u53ea\u662f\u5b89\u9759\u7684\u770b\u770b\u4e66", "userReviewDate": "2018-01-28", "userURL": "https://my.qidian.com/user/212259477", "userReview": "\u6211\u4e5f\u76d6\u697c1000,\u4e00\u697c10\u5e01"}, {"userName": "\u4e66\u53cb161112171818797", "userReviewDate": "\u6628\u65e500:14", "userURL": "https://my.qidian.com/user/225459617", "userReview": "\u63a8\u8350\u4fee\u4ed9\u795e\u4f5c\uff0c\u300a\u51e1\u4eba\u4fee\u4ed9\u4f20\u300b\u261c\u261c\u261c\u261c\u261c\u261c\u261c\u63a8\u8350\u79d1\u5e7b\u795e\u4f5c\uff0c\u300a\u5b8c\u7f8e\u5f62\u6001\u300b\u261c\u261c\u261c\u261c\u261c\u261c\u261c\u261c\u63a8\u8350\u70b9"}, {"userName": "\u4e66\u53cb160815221330240", "userReviewDate": "2018-06-06", "userURL": "https://my.qidian.com/user/221291679", "userReview": "\u770b\u4e86\u51e0\u5f20\u5c31\u4ed6\u5988\u5b9e\u5728\u770b\u4e0d\u4e0b\u53bb\u554a\uff0c******\u4f3c\u7684"}, {"userName": "\u4e34\u5c18\u4e4b\u5c71", "userReviewDate": "2018-05-30", "userURL": "https://my.qidian.com/user/225968953", "userReview": "\u524d\u9762\u771f\u662f\u6c34\u7684\u4e00\u584c\u7cca\u6d82"}, {"userName": "1025\u9f991025", "userReviewDate": "2018-05-21", "userURL": "https://my.qidian.com/user/169052805", "userReview": "\u8def\u8fc7\u3002\u3002\u3002\u3002\u3002"}, {"userName": "\u8def\u4eba\u7532\u5b8b\u5175\u4e59", "userReviewDate": "2018-05-18", "userURL": "https://my.qidian.com/user/150656184", "userReview": "\u4f5c\u8005\u770b\u8fc7nba\u4e48\uff0c\u4e00\u4e2a\u65b0\u79c0\uff0c\u518d\u4f18\u79c0\uff0c\u80fd\u53c2\u4e0e\u7ba1\u7406\u5c42\u5bf9\u81ea\u5df1\u7684\u4ea4\u6613\uff1f"}, {"userName": "\u98de\u7fbd\u50b2\u795e", "userReviewDate": "2018-05-18", "userURL": "https://my.qidian.com/user/160081040", "userReview": "\u5e0c\u671b\u5927\u5bb6\u591a\u591a\u652f\u6301\uff0c\u4e07\u5206\u611f\u8c22"}, {"userName": "\u6d69\u6d69\u54e5001", "userReviewDate": "2018-05-10", "userURL": "https://my.qidian.com/user/212021650", "userReview": "\u770b\u4e86\u51e0\u7ae0\u770b\u5230\u5916\u56fd\u4eba\u4e00\u53e3\u4e00\u4e2a\u56e2\u7ed3\u771f\u7684\u522b\u626d\uff0c\u4e0d\u5e94\u8be5\u662f\u674e\u5417\uff1f"}, {"userName": "\u8def\u4eba\u7532\u5b8b\u5175\u4e59", "userReviewDate": "2018-05-10", "userURL": "https://my.qidian.com/user/150656184", "userReview": "\u5728\u7f8e\u56fd\uff0c\u75c5\u5386\u662f\u4e2a\u4eba\u9690\u79c1\uff0c\u63ed\u53d1\u4e2a\u4eba\u75c5\u9690\u662f\u653f\u6cbb\u4e0d\u6b63\u786e\uff0c\u540c\u65f6\u4e5f\u662f\u72af\u6cd5\u7684\uff0c\u6ca1\u4eba\u6562\u641e\u8fd9\u4e2a\u7684\uff0c\u975e\u5e38\u4e25\u91cd"}, {"userName": "\u8ba4\u771f\u8bfb\u4e66\u8ba4\u771f\u5b66\u4e60", "userReviewDate": "2018-05-09", "userURL": "https://my.qidian.com/user/111435157", "userReview": "\u4e0e\u4e07\u5343\u5e73\u884c\u4f4d\u9762NBA\u7403\u661f\u8fdb\u884c\u4ea4\u6613\uff01\u3000\u3000\u827e\u5f17\u68ee\uff1a\u201c\u5c0f\u5b50\uff0c\u6211\u8fd9\u7a7f\u82b1\u8774\u8776\u6b65\uff0c\u516b\u6298\u7ed9\u4f60\uff01\u201d\u3000\u3000\u5965\u62c9"}, {"userName": "\u719f\u6089\u7684\u4f608", "userReviewDate": "2018-05-07", "userURL": "https://my.qidian.com/user/216283615", "userReview": "\u6ca1\u7684\u8bf4\uff0c\u770b\u5230\u540d\u5b57\u5c31\u4e0d\u60f3\u770b\u4e86[fn=10][fn=10][fn=10]"}, {"userName": "\u5e7b\u6708^\u4ed9\u97f3", "userReviewDate": "2018-05-07", "userURL": "https://my.qidian.com/user/210939863", "userReview": "\u3002\u3002\u3002\u3002\u770b\u4e86\u4e8c\u5341\u7ae0\uff0c\u5973\u4e3b\u5b8c\u5168\u770b\u4e0d\u61c2\uff0c\u83ab\u540d\u5176\u5999\u7684\u51fa\u73b0\uff0c\u83ab\u540d\u5176\u5999\u559c\u6b22\u4e0a\u7537\u4e3b\uff0c\u6709\u8001\u4eba\u5267\u900f\u4e00\u4e0b\u8fd9\u5973"}], "description": "\u4f53\u575b\u591a\u82f1\u96c4\uff0c\u8d5b\u573a\u6211\u4e3a\u738b\uff0c\u70ed\u8840\u6f8e\u6e43\u7684\u7ade\u6280\u4f53\u80b2\uff01", "title": "NBA\u4e07\u754c\u5546\u57ce", "url": "https://book.qidian.com/info/1009599180", "average": -1.0, "cover": "//qidian.qpic.cn/qdbimg/349573/1009599180/180", "reviews": -1, "authors": [{"url": "https://me.qidian.com/authorIndex.aspx?id=4560232", "name": "\u8fdc\u53e4\u83b1\u5fb7"}], "type": ["\u4f53\u80b2", "\u7bee\u7403\u8fd0\u52a8"], "outlinks": ["https://book.qidian.com/info/1009599180", "https://book.qidian.com/info/1010252885", "https://book.qidian.com/info/1010252885", "https://book.qidian.com/info/1010863551", "https://book.qidian.com/info/1010863551", "https://book.qidian.com/info/1009843749", "https://book.qidian.com/info/1009843749", "https://book.qidian.com/info/1010552002", "https://book.qidian.com/info/1010552002", "https://book.qidian.com/info/1010870807", "https://book.qidian.com/info/1010870807", "https://book.qidian.com/info/1011005428", "https://book.qidian.com/info/1011005428", "https://book.qidian.com/info/3499850", "https://book.qidian.com/info/3499850", "https://book.qidian.com/info/1004868547", "https://book.qidian.com/info/1004868547", "https://book.qidian.com/info/1011430623", "https://book.qidian.com/info/1011430623", "https://book.qidian.com/info/1011026048", "https://book.qidian.com/info/1011932684", "https://book.qidian.com/info/3675910", "https://book.qidian.com/info/1011342003", "https://book.qidian.com/info/1011687020", "https://book.qidian.com/info/1011446896", "https://book.qidian.com/info/1011767969", "https://book.qidian.com/info/1011676779", "https://book.qidian.com/info/1005095075", "https://book.qidian.com/info/1011814696"]}