{"ratings": 0.0, "userreviews": [{"userName": "\u5415\u5929\u867e3098", "userReviewDate": "2\u5c0f\u65f6\u524d", "userURL": "https://my.qidian.com/user/313132606", "userReview": "\u6bcf\u65e5\u4e09\u66f4\uff01"}, {"userName": "\u6726\u8113\u9633\u5149", "userReviewDate": "2\u5c0f\u65f6\u524d", "userURL": "https://my.qidian.com/user/197341659", "userReview": "\u7b7e\u5230\uff0c\u3002\uff0c"}, {"userName": "\u534e\u54e52016", "userReviewDate": "22\u5c0f\u65f6\u524d", "userURL": "https://my.qidian.com/user/216775698", "userReview": "\u770b\u4e86\u4e00\u767e\u6765\u7ae0\uff0c\u4f5c\u8005\u7ed9\u6211\u611f\u89c9\uff0c\u4f5c\u8005\u53ef\u80fd\u6ca1\u600e\u4e48\u770b\u6bd4\u8d5b\u6216\u8005\u6ca1\u600e\u4e48\u5206\u6790\u8fc7\u6bd4\u8d5b\u6216\u8005\u7403\u961f\uff0c\u4f5c\u8005\u4e00\u76f4\u6839\u636e"}, {"userName": "\u79c3\u5934\u91ce\u72d7", "userReviewDate": "2018-06-06", "userURL": "https://my.qidian.com/user/214368918", "userReview": "\u6740\u5149\u9ed1\u9b3c\u52a3\u7b49\u4eba\u79cd\uff01\u4e2d\u56fd\u4eba\u6253\u7bee\u7403\u4e16\u754c\u7b2c\u4e00\uff01"}, {"userName": "\u96f6\u70b9\u6c34\u4e61", "userReviewDate": "2018-06-04", "userURL": "https://my.qidian.com/user/16185860", "userReview": "\u6211\u89c9\u5f97\u633a\u597d\u770b\u7684\uff0c\u5e0c\u671b\u80fd\u8ba4\u771f\u5b8c\u672c\uff0c\u4f5c\u8005\u52a0\u6cb9\uff01"}, {"userName": "answer0012", "userReviewDate": "2018-06-03", "userURL": "https://my.qidian.com/user/149377808", "userReview": "\u770b\u523020\u7ae0\u9000\u51fa\uff01\u6587\u7b14\u5982\u4f55\u4e0d\u505a\u8bc4\u8bba\uff0c\u53ea\u662f\u5efa\u8bae\u4f5c\u8005\u5c11\u70b9\u5957\u8def\u3002\u4e00\u4e2a\u8bd5\u8bad\u7684\u843d\u9009\u79c0\uff0c\u9996\u6b21\u53c2\u52a0\u6bd4\u8d5b\uff0c\u8fd8"}, {"userName": "\u5357\u5cad\u4e00\u75f4\u4eba", "userReviewDate": "2018-06-02", "userURL": "https://my.qidian.com/user/105183002", "userReview": "\u7b7e\u5230    "}, {"userName": "\u90b5\u84ec\u52c3\u770b\u597d\u4e66", "userReviewDate": "2018-06-01", "userURL": "https://my.qidian.com/user/189356930", "userReview": "\u6bcf\u5929\u4e00\u66f4\uff0c\u4f60\u5f88\u8ba4\u771f\u6211\u4e5f\u5f88\u8ba4\u771f\u7684\u4e0d\u770b\u4e86\uff0c\u4e0d\u8fc7\u6211\u4f1a\u7ed9\u4f60\u7559\u8a00\u770b\u4f60\u4ec0\u4e48\u65f6\u5019\u591a\u66f4\u4e00\u4e9b"}, {"userName": "\u4e66\u8ff7\u4e00\u6574\u591c", "userReviewDate": "2018-06-01", "userURL": "https://my.qidian.com/user/224136616", "userReview": "\u8fd9\u51e0\u5929\u770b\u7684\u4e0a\u706b\uff0c\u672c\u6765\u4e00\u59295\u5f20\u63a8\u8350\u7968\uff0c\u73b0\u5728\u6211\u4e5f\u4e0d\u60f3\u6295\u4e86\uff0c\u6211\u4e5f\u6c34\u6c34\uff0c\u61d2\u7684\uff0c\u6708\u7968\u4e5f\u7b97\u6211\u5427\uff01"}, {"userName": "\u770b\u4e66\u5230\u62c6", "userReviewDate": "2018-05-31", "userURL": "https://my.qidian.com/user/116755411", "userReview": "\u5927\u6d77\u4f60\u5168\u662f\u6c34\uff0c\u771f\u662f\u6df1\u4e0d\u89c1\u5e95\u3002\u6700\u8fd1\u6ca1\u51e0\u7ae0\u770b\u7684\u8fc7\u53bb\u57fa\u672c\u90fd\u662f\u7761\u3002\u51c6\u5907\u5b8c\u672c\u4e86\u5417\uff1f"}, {"userName": "\u90b5\u84ec\u52c3\u770b\u597d\u4e66", "userReviewDate": "2018-05-31", "userURL": "https://my.qidian.com/user/189356930", "userReview": "\u5982\u679c\u518d\u7ee7\u7eed\u8fd9\u6837\u4e00\u66f4\u5b8c\uff0c\u6211\u5c31\u76f4\u63a5\u770b\u76d7\u7248"}, {"userName": "\u5750\u542c\u5c71\u6797", "userReviewDate": "2018-05-30", "userURL": "https://my.qidian.com/user/213007853", "userReview": "\u8fd9\u4e66\u786e\u5b9e\u5c11\u70b9\u667a\u5546\u3002\u3002"}, {"userName": "\u68a6\u968f\u98ce\u4e07\u91cc321", "userReviewDate": "2018-05-30", "userURL": "https://my.qidian.com/user/216636936", "userReview": "\u6c34\u5e73\u5f88\u4e00\u822c\u3002"}, {"userName": "\u9b54\u5c0a\u516d\u6307", "userReviewDate": "2018-05-29", "userURL": "https://my.qidian.com/user/312225732", "userReview": "\u54e5\u4eec\u513f\uff0c\u52a0\u70b9\u5b57\u6570\u884c\u4e0d\u884c\uff0c\u4e0d\u723d\u2026\u2026"}], "description": "\u4f53\u575b\u591a\u82f1\u96c4\uff0c\u8d5b\u573a\u6211\u4e3a\u738b\uff0c\u70ed\u8840\u6f8e\u6e43\u7684\u7ade\u6280\u4f53\u80b2\uff01", "title": "NBA\u4e4b\u738b", "url": "https://book.qidian.com/info/1011005428", "average": -1.0, "cover": "//qidian.qpic.cn/qdbimg/349573/1011005428/180", "reviews": -1, "authors": [{"url": "https://me.qidian.com/authorIndex.aspx?id=401329994", "name": "\u5e78\u798f\u5fae\u514901"}], "type": ["\u4f53\u80b2", "\u7bee\u7403\u8fd0\u52a8"], "outlinks": ["https://book.qidian.com/info/1011005428", "https://book.qidian.com/info/1009814091", "https://book.qidian.com/info/1009814091", "https://book.qidian.com/info/1009843749", "https://book.qidian.com/info/1009843749", "https://book.qidian.com/info/1010252885", "https://book.qidian.com/info/1010252885", "https://book.qidian.com/info/1010001185", "https://book.qidian.com/info/1010001185", "https://book.qidian.com/info/1004911971", "https://book.qidian.com/info/1004911971", "https://book.qidian.com/info/1009520020", "https://book.qidian.com/info/1009520020", "https://book.qidian.com/info/1011026048", "https://book.qidian.com/info/1011932684", "https://book.qidian.com/info/3675910", "https://book.qidian.com/info/1011342003", "https://book.qidian.com/info/1011687020", "https://book.qidian.com/info/1011446896", "https://book.qidian.com/info/1011767969", "https://book.qidian.com/info/1011676779", "https://book.qidian.com/info/1005095075", "https://book.qidian.com/info/1011814696"]}