{"ratings": 0.0, "userreviews": [{"userName": "\u732b\u9192", "userReviewDate": "\u6628\u65e508:58", "userURL": "https://my.qidian.com/user/308529412", "userReview": "\u5de8\u6bd2\uff0c\u5199\u5f97\u4ec0\u4e48\u73a9\u610f\uff0c140\u7684\u4f53\u91cd\uff056\u7684\u8102\u80aa\u4f60\u8fd9\u4e2a\u6bd4\u674e\u5c0f\u9f99\u90fd\u8981\u725b\u903c\u3002"}, {"userName": "\u901d\u6c34\u84dd\u8393", "userReviewDate": "2018-05-31", "userURL": "https://my.qidian.com/user/215376383", "userReview": "\u4eba\u5bb6800\u5e74\u4e0d\u66f4\u65b0\u4e86\uff0c\u4e00\u7fa4\u4eba\u8fd8\u8bf4\u4ec0\u4e48"}, {"userName": "\u4e66\u53cb20180408103541901", "userReviewDate": "2018-05-06", "userURL": "https://my.qidian.com/user/315482743", "userReview": "\u6211\u64e6\uff01\u7b2c\u4e03\u7ae0\u5462\uff1f"}, {"userName": "woshizongli", "userReviewDate": "2018-04-28", "userURL": "https://my.qidian.com/user/170546608", "userReview": "\u8fd9\u5c31\u5b8c\u7ed3\u4e86\uff1f\uff1f\uff1f\uff1f\uff1f\u6211\u53ea\u80fd\u662f\u8bf4  \u5367\u69fd!\u5367\u69fd\uff01!\u5367\u69fd\uff01!!................"}, {"userName": "\u9189\u773c\u770b\u4eba\u95f4", "userReviewDate": "2018-04-17", "userURL": "https://my.qidian.com/user/455242", "userReview": "\u4e8c\u5341\u7ae0\u5c31\u770b\u4e0d\u4e0b\u53bb\u4e86\uff0c\u4ec0\u4e48\u5783\u573e\u63a8\u8350\u554a"}, {"userName": "\u6709\u94b1\u5c31\u53ef\u4ee5\u4e3a\u6240\u6b32\u4e3a\u5427", "userReviewDate": "2018-04-01", "userURL": "https://my.qidian.com/user/222662530", "userReview": "\u592a\u76d1\u4e66\u554a\uff0c\u7a81\u7136\u5c31\u5927\u7ed3\u5c40\u662f\u4ec0\u4e48\u9b3c"}, {"userName": "\u65e0\u6cd5\u901d\u53bb\u7684\u7231", "userReviewDate": "2018-03-31", "userURL": "https://my.qidian.com/user/192563573", "userReview": "\u73b0\u5728\u7684\u7bee\u7403\u5c0f\u8bf4\u5341\u672c\u6709\u4e5d\u672c\u8fd8\u6ca1\u6253\u51e0\u573a\u7403\u5c31\u4f1a\u5076\u9047\u4e00\u4e2a\u4e2d\u56fd\u5973\u5b69\uff0c\u770b\u7740\u90fd\u6bd2\u53d1\u4e86\u3002"}, {"userName": "\u5996\u731b\u5b7d\u7537", "userReviewDate": "2018-03-03", "userURL": "https://my.qidian.com/user/216073155", "userReview": "\u8fd9\u68a6\u9192\u7684\u65f6\u95f4\u70b9\u5f88\u5c34\u5c2c\u3002\u633a\u6709\u610f\u601d\u5199\u7684\u600e\u4e48\u8bf4\u592a\u76d1\u5c31\u81ea\u5bab\u4e86\u5462"}, {"userName": "\u6c34\u6728\u7409\u98ce", "userReviewDate": "2018-02-22", "userURL": "https://my.qidian.com/user/202336687", "userReview": "\u770b\u4e86\u4e8c\u5341\u591a\u7ae0\u6bd2\u53d1\u8eab\u4ea1\u4e86\uff0c\u6587\u4e2d\u591a\u6b21\u51fa\u73b0\u7f8e\u56fd\u4eba\u8bf4\u6210\u8bed\uff0c\u89e3\u8bf4\u548c\u6559\u7ec3\u8bf4\u4e2d\u5f0f\u7f51\u7edc\u8bcd\u8bed\uff0c\u6700\u53d7\u4e0d\u4e86\u7684\u662f\u611f"}, {"userName": "\u795e\u4e0e\u9b54\u9b3c", "userReviewDate": "2018-02-18", "userURL": "https://my.qidian.com/user/1958257", "userReview": "\u4e00\u697c\u4e00\u5e01\uff0c\u6bcf\u7b7e\u5230\u767e\u6b21\uff0c\u8bf7\u81ea\u884c\u6253\u8d4f"}, {"userName": "\u5e9f\u5e9f\u4e0d\u5e9f", "userReviewDate": "2018-01-04", "userURL": "https://my.qidian.com/user/229835216", "userReview": "\u6211\u64e6\u4e86\uff0c\u8001\u5927\u4f60\u8bf4\u4f60\u8981\u5e72\u5565\uff1f\u75af\u4e86\u5427\uff1f"}, {"userName": "\u83ab\u83ab\u6f20", "userReviewDate": "2018-01-04", "userURL": "https://my.qidian.com/user/220120672", "userReview": "\u8fd9\u8fd9\u5b8c\u7ed3\u4e86\uff1f\u6709\u70b9\u4e0d\u5fcd\u5fc3\u63a5\u7740\u770b\u4e86\uff01"}, {"userName": "\u827e\u73c0", "userReviewDate": "2018-01-03", "userURL": "https://my.qidian.com/user/162265351", "userReview": "\u592a\u76d1\u4e86\u5427\u3002\uff1f"}, {"userName": "\u86f0\u4f0f\u534e\u8054", "userReviewDate": "2018-01-03", "userURL": "https://my.qidian.com/user/222314937", "userReview": "\u4e0d\u662f\u5427\u3002\uff0c\u3002"}], "description": "\u4f53\u575b\u591a\u82f1\u96c4\uff0c\u8d5b\u573a\u6211\u4e3a\u738b\uff0c\u70ed\u8840\u6f8e\u6e43\u7684\u7ade\u6280\u4f53\u80b2\uff01", "title": "NBA\u4e4b\u4eba\u578b\u5766\u514b", "url": "https://book.qidian.com/info/1010001185", "average": -1.0, "cover": "//qidian.qpic.cn/qdbimg/349573/1010001185/180", "reviews": -1, "authors": [{"url": "https://me.qidian.com/authorIndex.aspx?id=400381429", "name": "\u5766\u514b01"}], "type": ["\u4f53\u80b2", "\u7bee\u7403\u8fd0\u52a8"], "outlinks": ["https://book.qidian.com/info/1010001185", "https://book.qidian.com/info/1010919969", "https://book.qidian.com/info/1010919969", "https://book.qidian.com/info/1010863551", "https://book.qidian.com/info/1010863551", "https://book.qidian.com/info/1011005428", "https://book.qidian.com/info/1011005428", "https://book.qidian.com/info/1010679792", "https://book.qidian.com/info/1010679792", "https://book.qidian.com/info/1009814091", "https://book.qidian.com/info/1009814091", "https://book.qidian.com/info/1010252885", "https://book.qidian.com/info/1010252885", "https://book.qidian.com/info/1011026048", "https://book.qidian.com/info/1011932684", "https://book.qidian.com/info/3675910", "https://book.qidian.com/info/1011342003", "https://book.qidian.com/info/1011687020", "https://book.qidian.com/info/1011446896", "https://book.qidian.com/info/1011767969", "https://book.qidian.com/info/1011676779", "https://book.qidian.com/info/1005095075", "https://book.qidian.com/info/1011814696"]}