{"ratings": 0.0, "userreviews": [{"userName": "\u654f\u6377\u80d6\u5b50", "userReviewDate": "2018-05-13", "userURL": "https://my.qidian.com/user/218426399", "userReview": "\u4f53\u529b\u5dee\u8fd8\u4e0d\u7ed9\u4f53\u529b\u52a0\u70b9\u5417"}, {"userName": "\u53ef\u7231\u7684\u4eba4444", "userReviewDate": "2018-05-01", "userURL": "https://my.qidian.com/user/155055747", "userReview": "\u53c8\u53d1\u73b0\u4e00\u672c\u597d\u770b\u7684\u7bee\u7403\u6587"}, {"userName": "\u591c\u964c\u51b0", "userReviewDate": "2018-04-15", "userURL": "https://my.qidian.com/user/128173471", "userReview": "\u63d0\u4e2a\u5c0f\u5efa\u8bae\uff0c\u7cfb\u7edf\u52a0\u70b9\u7684\u5c5e\u6027\u503c\u53ef\u4ee5\u89e3\u91ca\u6210\u4e3b\u89d2\u6bd4\u8d5b\u83b7\u5f97\u7684\u7ecf\u9a8c\u7d2f\u52a0\u5230\u5c5e\u6027\u52a0\u70b9\u4e0a\uff0c\u8fd9\u6837\u4e5f\u53ef\u4ee5\u8ba9\u4eba\u611f"}, {"userName": "dear\u61c2\u6211\u51e0\u610f", "userReviewDate": "2018-04-10", "userURL": "https://my.qidian.com/user/107700474", "userReview": "\u8fd8\u4e0d\u9519\uff0c\u633a\u597d\u770b\u7684\u5e2e\u4f60\u63a8\u8350\u4e00\u4e0b"}, {"userName": "\u5c01\u627f\u8840", "userReviewDate": "26\u5206\u949f\u524d", "userURL": "https://my.qidian.com/user/220839553", "userReview": "\u6211\u559c\u6b22\u79d1\u6bd4"}, {"userName": "TonyTT", "userReviewDate": "7\u5c0f\u65f6\u524d", "userURL": "https://my.qidian.com/user/128960203", "userReview": "\u52a0\u6cb9\uff0c\u63a8\u8350\u5df2\u6295"}, {"userName": "\u5b87\u52511", "userReviewDate": "13\u5c0f\u65f6\u524d", "userURL": "https://my.qidian.com/user/2089347", "userReview": "\u63a5\u4e0b\u6765\u662f\u9ea6\u8fea\u65f6\u523b\u4e86\u4e48"}, {"userName": "\u5403\u718a\u55b5\u7684\u7af9\u5b50", "userReviewDate": "14\u5c0f\u65f6\u524d", "userURL": "https://my.qidian.com/user/119099016", "userReview": "\u6253\u6270\u4e86 \u4e0d\u662f\u795e\u519c"}, {"userName": "Elvisy", "userReviewDate": "15\u5c0f\u65f6\u524d", "userURL": "https://my.qidian.com/user/215837306", "userReview": "\u6211\u53c8\u6765\u4e86\uff01\u6709\u4eba\u5728\u770b\u5417\uff1f"}, {"userName": "\u9189\u516e\u516e007", "userReviewDate": "22\u5c0f\u65f6\u524d", "userURL": "https://my.qidian.com/user/177524191", "userReview": "\u90fd\u77e5\u9053\u4e86\u4f1a\u53d1\u751f\u4ec0\u4e48\uff0c\u4e0d\u77e5\u9053\u63d0\u524d\u72af\u89c4\u7684\u3002"}, {"userName": "\u6d2a\u8352\u597d\u83b1\u6c61", "userReviewDate": "\u6628\u65e507:33", "userURL": "https://my.qidian.com/user/191110786", "userReview": "\u5199\u7684\u633a\u771f\u5b9e\u7684\uff0c\u522b\u7684\u4e66\u4e00\u4e0a\u6765\u4f53\u6d4b\u5c31\u8fbe\u5230\u8d85\u8fc7\u9ed1\u4eba\uff0c\u771fTM\u5047"}, {"userName": "TonyTT", "userReviewDate": "\u6628\u65e506:38", "userURL": "https://my.qidian.com/user/128960203", "userReview": "\u52a0\u6cb9\uff0c\u63a8\u8350\u5df2\u6295"}, {"userName": "\u5c01\u627f\u8840", "userReviewDate": "\u6628\u65e506:19", "userURL": "https://my.qidian.com/user/220839553", "userReview": "\u624b\u8098\u4f20\u7403\u4e86\u89e3\u4e00\u4e0b"}, {"userName": "\u5584\u590d\u6210\u5996", "userReviewDate": "2018-06-07", "userURL": "https://my.qidian.com/user/191856787", "userReview": "\u4eca\u5929\u7684\u675c\u5170\u7279\u662f\u628a\u65e0\u89e3\u6a21\u5f0f\u5f00\u4e86\u5168\u573a\u5417\uff1f[fn=8]"}], "description": "\u4f53\u575b\u591a\u82f1\u96c4\uff0c\u8d5b\u573a\u6211\u4e3a\u738b\uff0c\u70ed\u8840\u6f8e\u6e43\u7684\u7ade\u6280\u4f53\u80b2\uff01", "title": "NBA\u8d85\u5de8\u5d1b\u8d77", "url": "https://book.qidian.com/info/1011688428", "average": -1.0, "cover": "//qidian.qpic.cn/qdbimg/349573/1011688428/180", "reviews": -1, "authors": [{"url": "https://me.qidian.com/authorIndex.aspx?id=8976115", "name": "\u98de\u7fd4\u7684123"}], "type": ["\u4f53\u80b2", "\u7bee\u7403\u8fd0\u52a8"], "outlinks": ["https://book.qidian.com/info/1011688428", "https://book.qidian.com/info/1004881510", "https://book.qidian.com/info/1004881510", "https://book.qidian.com/info/1011041249", "https://book.qidian.com/info/1011041249", "https://book.qidian.com/info/1010870807", "https://book.qidian.com/info/1010870807", "https://book.qidian.com/info/1011104325", "https://book.qidian.com/info/1011104325", "https://book.qidian.com/info/1009814091", "https://book.qidian.com/info/1009814091", "https://book.qidian.com/info/1011430623", "https://book.qidian.com/info/1011430623", "https://book.qidian.com/info/1004579824", "https://book.qidian.com/info/1004579824", "https://book.qidian.com/info/1011026048", "https://book.qidian.com/info/1011932684", "https://book.qidian.com/info/3675910", "https://book.qidian.com/info/1011342003", "https://book.qidian.com/info/1011687020", "https://book.qidian.com/info/1011446896", "https://book.qidian.com/info/1011767969", "https://book.qidian.com/info/1011676779", "https://book.qidian.com/info/1005095075", "https://book.qidian.com/info/1011814696"]}