{"ratings": 0.0, "userreviews": [{"userName": "\u591c\u4e4b\u51b0\u9b44", "userReviewDate": "2017-09-10", "userURL": "https://my.qidian.com/user/3409328", "userReview": "\u8bda\u610f\u4e4b\u4f5c\uff0c\u9177\u70ab\u723d\u6587"}, {"userName": "\u5c0f\u751c\u54e5", "userReviewDate": "2017-10-19", "userURL": "https://my.qidian.com/user/227353885", "userReview": "\u5c0f\u8bf4\u4e2d\u7684\u60c5\u8282\u8bbe\u7f6e\u5f97\u5f53\uff0c\u603b\u80fd\u6070\u5982\u5176\u5206\u5730\u6293\u4f4f\u8bfb\u8005\u7684\u5fc3"}, {"userName": "\u90a3\u65f6\u8fd8\u5e74\u5e7c", "userReviewDate": "2017-10-18", "userURL": "https://my.qidian.com/user/226637421", "userReview": "\u54c8\u54c8\u54c8\uff0c\u7537\u4e3b\u771f\u662f\u591f\u9738\u6c14\u5440\uff01\u6709\u610f\u601d\uff01"}, {"userName": "\u84d3\u857e\u6d77\u7434", "userReviewDate": "2017-10-16", "userURL": "https://my.qidian.com/user/227297098", "userReview": "\u5567\u5567\uff0c\u8fd9\u7c7b\u578b\u7684\u6587\u6587\u662f\u6211\u7684\u6700\u7231\uff01\u4e0d\u8fc7\uff0c\u8fd9\u4e66\u8fd8\u592a\u7626\u4e86\uff0c\u5148\u6536\u85cf\u55bd~"}, {"userName": "\u8111\u6ee1\u80a0\u80a512", "userReviewDate": "2017-10-14", "userURL": "https://my.qidian.com/user/226915831", "userReview": "15\u7968\u652f\u6301\uff01\u4f5c\u8005\u52a0\u6cb9\uff01"}, {"userName": "\u7d2b\u4e91\u82f1\u4e0a\u754c", "userReviewDate": "2017-10-12", "userURL": "https://my.qidian.com/user/227368761", "userReview": "\u6211\u662f\u517b\u80a5\u518d\u770b\u5462\uff0c\u8fd8\u662f\u517b\u80a5\u518d\u770b\u5462\uff1f"}, {"userName": "\u7f51\u805a\u5929\u4e0b\u6f6e\u4eba", "userReviewDate": "2017-10-12", "userURL": "https://my.qidian.com/user/227246344", "userReview": "\u5514\uff0c\u7edd\u5bf9\u662f\u597d\u4e66\u4e00\u672c\u4e86\uff0c\u517b\u80a5\u4e86\u518d\u770b\uff0c\u76f8\u4fe1\u8bc4\u4f5c\u8005\u7684\u5b9e\u529b\u672c\u4e66\u957f\u8d77\u8198\u6765\u80af\u5b9a\u662f\u8f7b\u800c\u6613\u4e3e\u7684\u3002"}, {"userName": "\u70ed\u5e26\u4ed9\u4eba\u638c", "userReviewDate": "2017-10-10", "userURL": "https://my.qidian.com/user/227318589", "userReview": "\u54c8\u54c8\uff5e\u6211\u6765\u6c34\u7ecf\u9a8c\u54af\uff5e"}, {"userName": "izs\u80dc", "userReviewDate": "2017-10-07", "userURL": "https://my.qidian.com/user/227257504", "userReview": "\u6bd4\u8d77\u5176\u4ed6\u65b0\u4eba\u4f5c\u8005\u6765\u8bf4\uff0c\u5f3a\u592a\u591a\u4e86\uff0c\u575a\u6301\uff0c\u52a0\u6cb9\uff01"}, {"userName": "\u674e\u5c0f\u82f11989129", "userReviewDate": "2017-10-04", "userURL": "https://my.qidian.com/user/226917347", "userReview": "\u8fd9\u914d\u89d2\u8bbe\u5b9a\u5f97\u4e0d\u9519\uff0c\u597d\u6587\uff0c\u503c\u5f97\u63a8\u8350\u3002"}, {"userName": "\u82b1\u679d\u62db\u5c55ly", "userReviewDate": "2017-10-03", "userURL": "https://my.qidian.com/user/227338275", "userReview": "\u8fd9\u672c\u4e66\u60c5\u611f\u5f88\u4e30\u5bcc\uff0c\u770b\u6765\u4f5c\u8005\u5927\u5927\u4e5f\u662f\u4e2a\u591a\u6101\u5584\u611f\u7684\u4eba\u554a\u3002"}, {"userName": "\u5165\u6c34\u6587\u5149\u52a8", "userReviewDate": "2017-10-02", "userURL": "https://my.qidian.com/user/175243095", "userReview": "\u5f88\u597d\u770b\u54e6\uff0c\u52a0\u6cb9\u52a0\u6cb9"}, {"userName": "\u6211\u5728\u5927\u6d0b\u5f7c\u5cb8", "userReviewDate": "2017-10-01", "userURL": "https://my.qidian.com/user/227384713", "userReview": "\u597d\u770b\uff0c\u652f\u6301\u4f5c\u8005"}, {"userName": "\u53f6\u843d\u79cb\u65e0\u58f00606", "userReviewDate": "2017-09-30", "userURL": "https://my.qidian.com/user/227305946", "userReview": "\u5927\u5927\uff0c\u6211\u51e0\u4e4e\u6bcf\u5929\u90fd\u6765\u7ed9\u4f60\u652f\u6301\u4e86\uff0c\u8bf7\u770b\u5728\u6211\u8ffd\u6587\u8bda\u4fe1\u7684\u5206\u4e0a\uff0c\u9002\u5f53\u6765\u70b9\u52a0\u66f4\u3002"}], "description": "", "title": "X\u840c\u7ea6", "url": "https://book.qidian.com/info/1010388486", "average": -1.0, "cover": "//qidian.qpic.cn/qdbimg/349573/1010388486/180", "reviews": -1, "authors": [{"url": "https://me.qidian.com/authorIndex.aspx?id=12133309", "name": "\u5c3c\u897f\u8d1d\u5b9d"}], "type": ["\u77ed\u7bc7", "\u5f71\u89c6\u5267\u672c"], "outlinks": ["https://book.qidian.com/info/1010388486", "https://book.qidian.com/info/3068279", "https://book.qidian.com/info/3068279", "https://book.qidian.com/info/1421403", "https://book.qidian.com/info/1421403", "https://book.qidian.com/info/1620923", "https://book.qidian.com/info/1620923", "https://book.qidian.com/info/1761667", "https://book.qidian.com/info/1761667", "https://book.qidian.com/info/1830315", "https://book.qidian.com/info/1830315", "https://book.qidian.com/info/1882181", "https://book.qidian.com/info/1882181", "https://book.qidian.com/info/1009370979", "https://book.qidian.com/info/1009370979", "https://book.qidian.com/info/1010022310", "https://book.qidian.com/info/1010022310", "https://book.qidian.com/info/1012213584", "https://book.qidian.com/info/1012213584", "https://book.qidian.com/info/1009312005", "https://book.qidian.com/info/1136277", "https://book.qidian.com/info/1830315", "https://book.qidian.com/info/1011168558", "https://book.qidian.com/info/1004575373", "https://book.qidian.com/info/1004088722", "https://book.qidian.com/info/1945698", "https://book.qidian.com/info/1010642969", "https://book.qidian.com/info/1003669419", "https://book.qidian.com/info/1011683374"]}