{"ratings": 0.0, "userreviews": [], "description": "\u30102018\u738b\u8005\u8363\u8000\u6587\u5b66\u5927\u8d5b\u3011\u53c2\u8d5b\u4f5c\u54c1", "title": "\u4e00\u4e2a\u5973\u513f\u4e09\u4e2a\u7238", "url": "https://book.qidian.com/info/1011575879", "average": -1.0, "cover": "//qidian.qpic.cn/qdbimg/349573/1011575879/180", "reviews": -1, "authors": [{"url": "https://me.qidian.com/authorIndex.aspx?id=400335137", "name": "\u6c90\u9752\u6625\u96e8"}], "type": ["\u73b0\u4ee3\u8a00\u60c5", "\u5a5a\u604b\u60c5\u7f18"], "outlinks": ["https:https://book.qidian.com/info/1011421405?qd_game_key=1011421405&qd_dd_p1=11272", "https://book.qidian.com/info/1011575879", "https://book.qidian.com/info/1007177757", "https://book.qidian.com/info/1007177757", "https://book.qidian.com/info/1010957117", "https://book.qidian.com/info/1010957117", "https://book.qidian.com/info/1011130410", "https://book.qidian.com/info/1011130410", "https://book.qidian.com/info/1005317057", "https://book.qidian.com/info/1005317057", "https://book.qidian.com/info/1011435621", "https://book.qidian.com/info/1011435621", "https://book.qidian.com/info/1010193266", "https://book.qidian.com/info/1010193266", "https://book.qidian.com/info/1009957957", "https://book.qidian.com/info/1009957957", "https://book.qidian.com/info/1009042280", "https://book.qidian.com/info/1009626115", "https://book.qidian.com/info/1010737445", "https://book.qidian.com/info/1012015372", "https://book.qidian.com/info/1005059261", "https://book.qidian.com/info/1011899546", "https://book.qidian.com/info/1011717868", "https://book.qidian.com/info/1009904779", "https://book.qidian.com/info/1011200502", "https://book.qidian.com/info/1011634310"]}