{"ratings": 0.0, "userreviews": [{"userName": "\u82a5\u5b50\u4e00\u70b9", "userReviewDate": "2018-06-01", "userURL": "https://my.qidian.com/user/213161936", "userReview": "\u4e0d\u5982\u6211\u5efa\u4e2a\u7b7e\u5230\u697c\u5427\uff0c\u4ee5\u540e\u90fd\u5728\u8fd9\u91cc\u7b7e\u5230\u3002"}, {"userName": "\u5f0f\u5fae212", "userReviewDate": "2018-05-29", "userURL": "https://my.qidian.com/user/310618772", "userReview": "\u8fd9\u7bc7\u957f\u8bc4\uff0c\u597d\u4e45\u4ee5\u524d\u5c31\u60f3\u5199\u4e86\u3002\u5f53\u7a46\u56db\u751f\u6b7b\u5782\u5371\u4e4b\u9645\u558a\u7740\u201c\u5343\u4f5b\u201d\uff0c\u5f53\u91d1\u516d\u62ab\u661f\u6234\u6708\u5750\u5728\u591c\u8272\u4e2d\uff0c\u5f53\u90a3"}, {"userName": "\u5c18\u5c3d\u843d", "userReviewDate": "2018-05-07", "userURL": "https://my.qidian.com/user/309065514", "userReview": "&\u58f9\u8086\u634c\u634c\u96f6\u58f9\u9646\u8086\u634c&\u6709\u4e66\u53cb\u8bf4\uff0c\u770b\u4e0d\u5230\u7ec4\u7ec7\u4ee3\u7801\uff0c\u770b\u8fd9\u91cc\u770b\u8fd9\u91cc\u5566\u3002\u7b80\u4ecb\u6e23\u771f\u7684\u4e0d\u662f\u6545\u610f\u7684"}, {"userName": "\u5c18\u5c3d\u843d", "userReviewDate": "2018-01-05", "userURL": "https://my.qidian.com/user/309065514", "userReview": "\u629a\u5446\u6bdb\u7684\u300a\u7f51\u6e38\u4e4b\u5973\u796d\u53f8\u300b\uff0c\u6587\u7b14\u51dd\u7ec3\uff0c\u770b\u5973\u4e3b\u4e00\u6b65\u6b65\u6253\u602a\u5347\u7ea7\uff0c\u55ef\uff0c\u64a9\u5f97\u4e5f\u5f88\u6709\u770b\u70b9\uff01\u6709\u4e09\u53ea\u55b5\u7684\u300a"}, {"userName": "\u9f20\u5b9d\u5b9d1\u53f7", "userReviewDate": "7\u5c0f\u65f6\u524d", "userURL": "https://my.qidian.com/user/220615714", "userReview": "\u7b7e\u52302\u7968\u9001\u4e0a\u4e86"}, {"userName": "\u4e66\u53cb20180319224138337", "userReviewDate": "9\u5c0f\u65f6\u524d", "userURL": "https://my.qidian.com/user/314858550", "userReview": "\u6700\u82e6\u7684\u4eba\u662f\u5178\u53ef\u5427\u3002\u81f3\u5c11\u91d1\u8eab\u8fb9\u8fd8\u6709\u51e0\u4e2a\u4e3a\u4ed6\u4ed8\u51fa\u7684\u5fe0\u4ec6\uff0c\u8fd8\u6709\u4ed6\u7684\u6bcd\u4eb2\uff0c\u4ed6\u7684\u7231\u4eba\u3002\u4f46\u662f\u5178\u53ef\u9664\u4e86\u91d1"}, {"userName": "\u6709\u4e09\u53ea\u55b5", "userReviewDate": "21\u5c0f\u65f6\u524d", "userURL": "https://my.qidian.com/user/217094223", "userReview": "\u6211\u4eec\u7684\u76ae\u76ae\u5927\u961f\u5462\uff0c\u5feb\u8fdb\u6765\u4e86\uff01"}, {"userName": "\u5e78\u8fd0\u7684\u55b5\u545c", "userReviewDate": "23\u5c0f\u65f6\u524d", "userURL": "https://my.qidian.com/user/314197144", "userReview": "\u6545\u4e8b\u6108\u53d1\u597d\u770b\u4e86"}, {"userName": "Cococol", "userReviewDate": "2018-06-07", "userURL": "https://my.qidian.com/user/230917887", "userReview": "\u6211\u770b\u6709\u4e9b\u8a55\u8ad6\u8aaa\u5e38\u5e38\u662f\u56e0\u70ba\u770b\u5178\u53ef\u5403\u90a3\u9ebc\u591a\u82e6\u53ef\u6190\u540c\u60c5\u5979\uff0c\u624d\u559c\u6b61\u60f3\u611b\u8b77\u5979\uff0c\u4f46\u6211\u8981\u8aaa\uff0c\u4e0d\u662f\u4e0d\u662f\u624d\u4e0d"}, {"userName": "\u8944\u5f64", "userReviewDate": "2018-06-07", "userURL": "https://my.qidian.com/user/124752000", "userReview": "\u770b\u7684\u55e8\u68ee\uff0c\u9001\u843d\u843d\u5f20\u5c0f\u7968\u7968"}, {"userName": "\u8ffd\u6587\u6210\u75af", "userReviewDate": "2018-06-07", "userURL": "https://my.qidian.com/user/217096805", "userReview": "\u843d\u843d\u662f\u4eb2\u5988 \u5728\u5e2e\u5c0f\u56db\u5728\u5a46\u5bb6\u6512\u4eba\u6c14\u5237\u597d\u611f \u55ef\uff0c\u4eb2\u7684[fn=8]"}, {"userName": "\u8c46\u8c46nr", "userReviewDate": "2018-06-07", "userURL": "https://my.qidian.com/user/301744864", "userReview": "\u6211\u7231\u7f8e\u7537[fn=43]\u91d1\u516d: \u9633\u521a\u4e4b\u7f8e\u3002\u4ec7\u6068\u548c\u8a93\u8a00\uff0c\u628a\u81ea\u4e2a\u513f\u4e00\u6b65\u6b65\u4ece\u56db\u513f\u7684\u5fc3\u91cc\u5265\u79bb\u51fa\u6765\uff0c\u90a3"}, {"userName": "\u8ffd\u6587\u6210\u75af", "userReviewDate": "2018-06-06", "userURL": "https://my.qidian.com/user/217096805", "userReview": "\u6211\u5e38\u9009\u62e9\u90fd\u5b66\u806a\u660e\u4e86\u2026\u2026"}, {"userName": "\u61d2\u61d2\u61d2\u5c0f\u59d0", "userReviewDate": "2018-06-06", "userURL": "https://my.qidian.com/user/306814366", "userReview": "\u600e\u4e48\u53c8\u65ad\u4e86\u554a\uff0c\u63a5\u4e0b\u6765\u5343\u4f5b\u5403\u5b8c\u996d\u5c31\u8be5\u6084\u54aa\u54aa\u8dd1\u8fc7\u53bb\u627e\u5ab3\u5987\u4e86\u5427"}], "description": "\u9752\u7816\u7eff\u74e6\uff0c\u964c\u4e0a\u82b1\u5f00\u9999\u67d3\u8863\uff1b\u6731\u95e8\u7d2b\u6bbf\uff0c\u7d20\u624b\u6458\u661f\u9713\u4f5c\u88f3\u3002", "title": "\u4e00\u4e16\u8bfa", "url": "https://book.qidian.com/info/1010673874", "average": -1.0, "cover": "//qidian.qpic.cn/qdbimg/349573/1010673874/180", "reviews": -1, "authors": [{"url": "https://me.qidian.com/authorIndex.aspx?id=401132165", "name": "\u5c18\u5c3d\u843d"}], "type": ["\u53e4\u4ee3\u8a00\u60c5", "\u53e4\u5178\u67b6\u7a7a"], "outlinks": ["https:https://book.qidian.com/info/1011421405?qd_game_key=1011421405&qd_dd_p1=11272", "https://book.qidian.com/info/1010673874", "https://book.qidian.com/info/1007063524", "https://book.qidian.com/info/1007063524", "https://book.qidian.com/info/1004056263", "https://book.qidian.com/info/1004056263", "https://book.qidian.com/info/1010263550", "https://book.qidian.com/info/1010263550", "https://book.qidian.com/info/1010553259", "https://book.qidian.com/info/1010553259", "https://book.qidian.com/info/1009310584", "https://book.qidian.com/info/1009310584", "https://book.qidian.com/info/1010766076", "https://book.qidian.com/info/1010766076", "https://book.qidian.com/info/1004439621", "https://book.qidian.com/info/1010699142", "https://book.qidian.com/info/1010673874", "https://book.qidian.com/info/1010228299", "https://book.qidian.com/info/1011254335", "https://book.qidian.com/info/1010623336", "https://book.qidian.com/info/1011901077", "https://book.qidian.com/info/1010774701", "https://book.qidian.com/info/1010808763", "https://book.qidian.com/info/1011306057"]}