{"ratings": 0.0, "userreviews": [], "description": "\u9752\u6625\u5bc4\u8bed\uff0c\u751f\u6d3b\u65f6\u5c1a\uff0c\u4e61\u571f\u6587\u5316\uff0c\u5c55\u73b0\u73b0\u5b9e\u767e\u6001\uff01", "title": "\u4e00\u4e2a\u4eba\u53bb\u6218\u6597", "url": "https://book.qidian.com/info/1011555906", "average": -1.0, "cover": "//qidian.qpic.cn/qdbimg/349573/1011555906/180", "reviews": -1, "authors": [{"url": "https://me.qidian.com/authorIndex.aspx?id=402084108", "name": "\u90ed\u4e09\u75af"}], "type": ["\u73b0\u5b9e", "\u793e\u4f1a\u4e61\u571f"], "outlinks": ["https://book.qidian.com/info/1011555906", "https://book.qidian.com/info/3559897", "https://book.qidian.com/info/3559897", "https://book.qidian.com/info/3609671", "https://book.qidian.com/info/3609671", "https://book.qidian.com/info/1005405437", "https://book.qidian.com/info/1005405437", "https://book.qidian.com/info/3595000", "https://book.qidian.com/info/3595000", "https://book.qidian.com/info/3348312", "https://book.qidian.com/info/3348312", "https://book.qidian.com/info/1006899542", "https://book.qidian.com/info/1006899542", "https://book.qidian.com/info/1011633094", "https://book.qidian.com/info/1011456133", "https://book.qidian.com/info/1011634147", "https://book.qidian.com/info/1011681836", "https://book.qidian.com/info/1010536358", "https://book.qidian.com/info/1011815512", "https://book.qidian.com/info/1011779536", "https://book.qidian.com/info/1011822376", "https://book.qidian.com/info/1010906320", "https://book.qidian.com/info/1011955761"]}