{"ratings": 0.0, "userreviews": [{"userName": "forever\u5929", "userReviewDate": "2017-12-12", "userURL": "https://my.qidian.com/user/198319208", "userReview": "\u5199\u7684\u633a\u597d\u7684\uff0c\u6709\u671b\u5c0f\u795e\u3002\u4e0d\u8fc7\u60c5\u8282\u7565\u5fae\u62d6\u6c93\uff0c\u66f4\u65b0\u4e5f\u6162\u3002\u5e0c\u671b\u80fd\u52a0\u901f\u4e00\u4e0b\u3002\uff08\u5410\u69fd\uff0c\u7ae0\u8282\u540d\u80fd\u4e0d\u80fd\u4e0d\u8fd9"}, {"userName": "\u51a5\u738b\u963f\u4e0d\u601d", "userReviewDate": "2017-07-26", "userURL": "https://my.qidian.com/user/199268314", "userReview": "\u4ee5\u540e\u6bcf\u5929\u6c34\u4e24\u8d34\u4e86"}, {"userName": "\u957f\u5f13\u795e\u5251", "userReviewDate": "2017-06-15", "userURL": "https://my.qidian.com/user/200359869", "userReview": "\u5c31\u559c\u6b22\u8fd9\u4e2a\u8c03\u8c03\uff0c\u52a0\u6cb9"}, {"userName": "\u501a\u7a97\u542c\u96e8\u4e14\u542c\u98ce", "userReviewDate": "2017-05-09", "userURL": "https://my.qidian.com/user/131533122", "userReview": "\u8fd9\u672c\u4e66\u592a\u68d2\u4e86!\u5e0c\u671b\u540e\u7eed\u66f4\u7cbe\u5f69!"}, {"userName": "\u66b4\u8d70\u7684\u8001\u53f8\u673a", "userReviewDate": "15\u5c0f\u65f6\u524d", "userURL": "https://my.qidian.com/user/201796152", "userReview": "\u6765\u6c34\u4e2a\u7b7e\u5230\u697c\uff0c\u6709\u6ca1\u6709\u6c34\u7684\u5927\u4f6c[fn=4][fn=4][fn=4]"}, {"userName": "\u5415\u5929\u867e4665", "userReviewDate": "15\u5c0f\u65f6\u524d", "userURL": "https://my.qidian.com/user/313431087", "userReview": "\u7b7e\u5230\u83b7\u5f97\u7b2c\u4e00"}, {"userName": "\u5415\u5929\u867e3888", "userReviewDate": "15\u5c0f\u65f6\u524d", "userURL": "https://my.qidian.com/user/313244397", "userReview": "\u518d\u7b7e\u5566\u5566\u5566\u5566"}, {"userName": "\u65b0\u5927\u9646\u7684\u5446\u8017\u5b50", "userReviewDate": "2018-06-06", "userURL": "https://my.qidian.com/user/216531335", "userReview": "\u8fd9\u672c\u8bf4\uff0c\u6ee1\u6ee1\u7684\u9017\u6c14"}, {"userName": "\u662d\u4e91\u66ae\u96e8", "userReviewDate": "2018-05-31", "userURL": "https://my.qidian.com/user/212022175", "userReview": "\u5199\u957f\u4e00\u70b9\uff0c\u8d77\u7801\u8fc7\u5343\u7ae0\u5427"}, {"userName": "\u539f\u6765\u540d\u5b57\u53ef\u4ee5\u8fd9\u4e48\u957f\u7684\u554a", "userReviewDate": "2018-05-23", "userURL": "https://my.qidian.com/user/3337370", "userReview": "\u770b\u7740\u50cf\u8bc4\u4e66\u2026\u2026"}, {"userName": "\u4e5d\u9634\u4e1a\u4f59", "userReviewDate": "2018-05-22", "userURL": "https://my.qidian.com/user/219183614", "userReview": "\u5b64\u6bdb\u7ebf\u5440\uff0c\u4f60\u6709\u7236\u6bcd\u5144\u5f1f\u59d0\u59b9\uff0c\u6ca1\u5fc5\u8981\u53eb\u5b64\u5427"}, {"userName": "\u72e0\u4ebax\u5929\u5e1d", "userReviewDate": "2018-05-16", "userURL": "https://my.qidian.com/user/148788509", "userReview": "\u4f5c\u8005\u4e00\u65e6\u8ddf\u4e16\u5bb6\u5bf9\u4e0a\u6700\u597d\u4e0b\u624b\u8981\u72e0\u3001\u4e0d\u8981\u7ba1\u5bf9\u65b9\u662f\u8c01\u5c3d\u91cf\u4e0d\u7559\u6d3b\u53e3\u3001\u867d\u7136\u6709\u70b9\u5bf9\u4e0d\u8d77\u5bf9\u65b9\u3001\u53ef\u662f\u4e00\u65e6\u5bf9"}, {"userName": "\u4e66\u53cb20170619221615550", "userReviewDate": "2018-05-11", "userURL": "https://my.qidian.com/user/303835623", "userReview": "\u600e\u4e48\u8bf4\u5462\uff1f\u6709\u597d\u51e0\u672c\u4e66\u3002\u4e3b\u89d2\u6284\u5b8c\u8bd7\u8bcd\u5728\u90a3\u88c5\u903c\uff0c\u7136\u540e\u4f5c\u8005\u63cf\u5199\u7684\u90fd\u662f\"\u9759\uff0c\u6b7b\u9759\uff0c\u6b7b\u4e00\u822c\u7684\u9759\"\u6709\u597d"}, {"userName": "\u71cf\u579a", "userReviewDate": "2018-05-10", "userURL": "https://my.qidian.com/user/194734023", "userReview": "\u5c0f\u8bf4\u7684\u5f00\u5934\u662f\u6309\u7167\u4ee5\u524d\u8bb2\u4e66\u8bc4\u90a3\u6837\u5199\u7684 \u6709\u70b9\u6bd2"}], "description": "\u9192\u638c\u5929\u4e0b\u6743\uff0c\u9189\u5367\u7f8e\u4eba\u819d\uff0c\u4e94\u5343\u5e74\u98ce\u534e\u70df\u96e8\uff0c\u662f\u975e\u6210\u8d25\u8f6c\u5934\u7a7a\uff01", "title": "\u4e00\u4e16\u5510\u4eba", "url": "https://book.qidian.com/info/1006631438", "average": -1.0, "cover": "//qidian.qpic.cn/qdbimg/349573/1006631438/180", "reviews": -1, "authors": [{"url": "https://me.qidian.com/authorIndex.aspx?id=11200540", "name": "\u5f53\u5e74\u79e6\u98ce"}], "type": ["\u5386\u53f2", "\u4e24\u664b\u968b\u5510"], "outlinks": ["https://book.qidian.com/info/1006631438", "https://book.qidian.com/info/1011026452", "https://book.qidian.com/info/1011026452", "https://book.qidian.com/info/1006996584", "https://book.qidian.com/info/1006996584", "https://book.qidian.com/info/1011005170", "https://book.qidian.com/info/1011005170", "https://book.qidian.com/info/1010456435", "https://book.qidian.com/info/1010456435", "https://book.qidian.com/info/1010194432", "https://book.qidian.com/info/1010194432", "https://book.qidian.com/info/1009883670", "https://book.qidian.com/info/1009883670", "https://book.qidian.com/info/1011800596", "https://book.qidian.com/info/1010891668", "https://book.qidian.com/info/1011773910", "https://book.qidian.com/info/1011783347", "https://book.qidian.com/info/1011643843", "https://book.qidian.com/info/1011476924", "https://book.qidian.com/info/1011635441", "https://book.qidian.com/info/1009999928", "https://book.qidian.com/info/1006932473", "https://book.qidian.com/info/1005080011"]}