{"ratings": 0.0, "userreviews": [{"userName": "changduanren", "userReviewDate": "2017-08-14", "userURL": "https://my.qidian.com/user/124003676", "userReview": "\u4e4c\u8d3c\u65b0\u4e66\u300a\u6b66\u9053\u5b97\u5e08\u300b\u5df2\u7ecf\u53d1\u5e03\uff0c\u7ee7\u300a\u706d\u8fd0\u56fe\u5f55\u300b\u3001\u300a\u5965\u672f\u795e\u5ea7\u300b\u3001\u300a\u4e00\u4e16\u4e4b\u5c0a\u300b\u4e4b\u540e\uff0c\u4e4c\u8d3c\u5a18\u53c8\u5c06\u4e3a"}, {"userName": "\u4e36\u6700\u9065\u8fdc\u7684\u68a6\u4e2d", "userReviewDate": "2\u5c0f\u65f6\u524d", "userURL": "https://my.qidian.com/user/315080363", "userReview": "\u53ef\u662f\u4e3a\u4ec0\u4e48\u8981\u8d85\u8131\u5462\uff1f\u8d85\u8131\u6709\u4ec0\u4e48\u597d\u5904\uff1f"}, {"userName": "\u4fee\u9053\u957f\u751f\u8005", "userReviewDate": "3\u5c0f\u65f6\u524d", "userURL": "https://my.qidian.com/user/6661646", "userReview": "\u3010\u4e00\u4e16\u4e4b\u5c0a\u4e13\u5c5e\u7b7e\u5230\u697c\u3011\u5c31\u662f\u76d6\u697c\u7b7e\u5230\uff01"}, {"userName": "\u6c38\u4e0d\u6210\u4e3a\u81ea\u5df1\u8ba8\u538c\u7684\u81ea\u5df1", "userReviewDate": "5\u5c0f\u65f6\u524d", "userURL": "https://my.qidian.com/user/310242592", "userReview": "\u7b7e\u5230\u6c34\u7ecf\u9a8c"}, {"userName": "\u6c38\u4e0d\u6210\u4e3a\u81ea\u5df1\u8ba8\u538c\u7684\u81ea\u5df1", "userReviewDate": "5\u5c0f\u65f6\u524d", "userURL": "https://my.qidian.com/user/310242592", "userReview": "\u7b7e\u5230\u6c34\u7ecf\u9a8c"}, {"userName": "\u90a3\u4e00\u7738\u7684\u98ce\u60c5", "userReviewDate": "5\u5c0f\u65f6\u524d", "userURL": "https://my.qidian.com/user/4220774", "userReview": "\u6c34\u7ecf\u9a8c\u7684\uff0c\uff0c"}, {"userName": "\u840a\u7dad\u541b", "userReviewDate": "11\u5c0f\u65f6\u524d", "userURL": "https://my.qidian.com/user/212360925", "userReview": "\u54ea\u6015\u8fc7\u53bb\u90a3\u4e48\u4e45\uff0c\u8fd8\u662f\u89c9\u5f97\u4e00\u4e16\u662f\u6700\u597d\u770b\u7684"}, {"userName": "\u8a3e\u865a", "userReviewDate": "24\u5c0f\u65f6\u524d", "userURL": "https://my.qidian.com/user/225300660", "userReview": "\u5509\uff0c\u5b9e\u5728\u662f\u4eba\u7269\u5851\u9020\u7684\u597d\uff0c\u5c0f\u5e08\u5f1f\uff0c\u8205\u8205\uff0c\u65b9\u4e08\uff0c\u5927\u54e5\uff0c\u9f50\u5e08\u5144\uff0c\u5c0f\u5403\u8d27...\u8fd9\u4e9b\u4eba\u51fa\u6765\u7684\u65f6\u5019\u600e\u4e48"}, {"userName": "\u9a74\u8089\u706b\u70e7123", "userReviewDate": "24\u5c0f\u65f6\u524d", "userURL": "https://my.qidian.com/user/315131304", "userReview": "\u7b7e\u4e00\u4e2a\u3002\u3002"}, {"userName": "\u4eba\u5728\u4f11\u9014", "userReviewDate": "\u6628\u65e505:34", "userURL": "https://my.qidian.com/user/300602899", "userReview": "\u7b7e\u5230\u7559\u540d[fn=35]"}, {"userName": "\u5439\u53e3\u54e8\u7684\u9c7c", "userReviewDate": "\u6628\u65e502:00", "userURL": "https://my.qidian.com/user/227112726", "userReview": "\u7b7e\u5230::::;"}, {"userName": "l\u6ceal", "userReviewDate": "\u6628\u65e501:49", "userURL": "https://my.qidian.com/user/309961711", "userReview": "\u7b7e\u5230\u3002\u3002\u3002"}, {"userName": "\u8ba4\u771f\u8bfb\u4e66\u8ba4\u771f\u5b66\u4e60", "userReviewDate": "\u6628\u65e500:08", "userURL": "https://my.qidian.com/user/111435157", "userReview": "\u6211\u8fd9\u4e00\u751f\uff0c\u4e0d\u95ee\u524d\u5c18\uff0c\u4e0d\u6c42\u6765\u4e16\uff0c\u53ea\u8f70\u8f70\u70c8\u70c8\uff0c\u5feb\u610f\u6069\u4ec7\uff0c\u8d25\u5c3d\u5404\u65cf\u82f1\u6770\uff0c\u50b2\u7b11\u516d\u9053\u795e\u9b54\uff01\u3000\u3000\u4e07\u5e74\u4e4b"}, {"userName": "\u4e66\u53cb160630091559599", "userReviewDate": "2018-06-07", "userURL": "https://my.qidian.com/user/219104685", "userReview": "\u5199\u7684\u4ec0\u4e48\u73a9\u610f\uff1f"}], "description": "\u5fc3\u6f6e\u6f8e\u6e43\uff0c\u65e0\u9650\u5e7b\u60f3\uff0c\u8fce\u98ce\u6325\u51fb\u5343\u5c42\u6d6a\uff0c\u5c11\u5e74\u4e0d\u8d25\u70ed\u8840\uff01", "title": "\u4e00\u4e16\u4e4b\u5c0a", "url": "https://book.qidian.com/info/3249362", "average": -1.0, "cover": "//qidian.qpic.cn/qdbimg/349573/3249362/180", "reviews": -1, "authors": [{"url": "https://me.qidian.com/authorIndex.aspx?id=4362088", "name": "\u7231\u6f5c\u6c34\u7684\u4e4c\u8d3c"}], "type": ["\u7384\u5e7b", "\u4e1c\u65b9\u7384\u5e7b"], "outlinks": ["https://book.qidian.com/info/3249362", "https://book.qidian.com/info/1010496369", "https://book.qidian.com/info/1010496369", "https://book.qidian.com/info/1010000699", "https://book.qidian.com/info/1010000699", "https://book.qidian.com/info/1009285178", "https://book.qidian.com/info/1009285178", "https://book.qidian.com/info/1010696572", "https://book.qidian.com/info/1010696572", "https://book.qidian.com/info/1009601645", "https://book.qidian.com/info/1009601645", "https://book.qidian.com/info/1010298084", "https://book.qidian.com/info/1010298084", "https://book.qidian.com/info/2177963", "https://book.qidian.com/info/2177963", "https://book.qidian.com/info/2182740", "https://book.qidian.com/info/2182740", "https://book.qidian.com/info/2643379", "https://book.qidian.com/info/2643379", "https://book.qidian.com/info/1004142144", "https://book.qidian.com/info/1004142144", "https://book.qidian.com/info/1010868264", "https://book.qidian.com/info/1010868264", "https://book.qidian.com/info/1011988403", "https://book.qidian.com/info/1009595922", "https://book.qidian.com/info/1011844784", "https://book.qidian.com/info/1011892497", "https://book.qidian.com/info/1011095320", "https://book.qidian.com/info/1011996851", "https://book.qidian.com/info/1011856434", "https://book.qidian.com/info/1011879207", "https://book.qidian.com/info/1011833256", "https://book.qidian.com/info/1011967674"]}