{"ratings": 0.0, "userreviews": [{"userName": "\u9ad8\u53612014", "userReviewDate": "2014-08-30", "userURL": "https://my.qidian.com/user/189437267", "userReview": "\u5916\u9762\u7684\u5e7f\u544a\uff0c\u6211\u4f1a\u5220\u6389\uff0c\u8bf7\u8c05\u89e3\u3002\u771f\u7684\u597d\u4e71\u3002\u6bcf\u5929\u6765\u8f6c\uff0c\u90fd\u662f\u4e00\u4e9b\u8fd9\u6837\u7684\u4e1c\u897f\u3002\u5b9e\u5728\u7834\u574f\u5fc3\u60c5\u3002"}, {"userName": "\u9ad8\u53612014", "userReviewDate": "2014-08-23", "userURL": "https://my.qidian.com/user/189437267", "userReview": "\u7f51\u540d\uff1a\u771f\u5b9e\u540d\u5b57\uff1a\u5176\u4ed6\u8bbe\u5b9a\uff1a\u6309\u7167\u683c\u5f0f\u6765\uff0c\u4f1a\u6839\u636e\u6545\u4e8b\u9009\u62e9\uff0c\u620f\u4efd\u591a\u5c11\uff0c\u65e0\u6cd5\u786e\u5b9a\u3002\u5c4a\u65f6\uff0c\u4eba\u7269\u6027\u683c\uff0c"}, {"userName": "\u4e39\u4e39\u4e2b\u4e0d\u54ed", "userReviewDate": "2014-08-17", "userURL": "https://my.qidian.com/user/190433359", "userReview": "\u5e0c\u671b\u8fd9\u51e0\u5929\u80fd\u7206\u66f4\uff0c\u53e6\u5916\u5973\u4e3b\u65b9\u9762\u4e0d\u53cd\u5bf9\u540e\u5bab\uff0c\u4f46\u662f\u8981\u9a7e\u9a6d\u7684\u4f4f\uff0c\u5c3d\u91cf\u4e0d\u8981\u7ed9\u522b\u4eba\u4e00\u79cd\u5973\u4e3b\u662f\u82b1\u74f6\u82b1\u75f4"}, {"userName": "\u4e66\u53cb20170217180937909", "userReviewDate": "2018-04-04", "userURL": "https://my.qidian.com/user/229709669", "userReview": "\u6211\u5728\u770b\u5230\u62dc\u5e08\u7684\u90a3\u65f6\u5019\u5c31\u770b\u4e0d\u4e0b\u53bb\u4e86   \u56e0\u4e3a\u4e0d\u7b26\u5408\u6211\u7684\u6807\u51c6  \u5f53\u7136\u6211\u53ea\u8bf4\u6211\u7684\u6807\u51c6   \u4f5c\u8005\u4e0b"}, {"userName": "\u6843\u6843\u6843\u6843\u6843\u6843\u6843", "userReviewDate": "2018-03-21", "userURL": "https://my.qidian.com/user/216973366", "userReview": "\u5199\u5c0f\u8bf4\u6c38\u8fdc\u4e0d\u80fd\u6210\u4e3a\u6587\u5b97\uff0c\u6587\u5b97\u4e5f\u6ca1\u8fd9\u4e48\u5ec9\u4ef7\uff0c\u770b\u4e0b\u5386\u53f2\u4e0a\u7684\u6587\u5b97\u5c31\u77e5\u9053\u4e86\u3002"}, {"userName": "\u82e5\u4f3c\u6c34\u6d41\u5e74", "userReviewDate": "2018-03-12", "userURL": "https://my.qidian.com/user/192945167", "userReview": "\u65f6\u4ee3\u6210\u5c31\u4e86\u6b66\u4fa0\uff0c\u653e\u5728\u73b0\u5728\u3002\u6709\u51e0\u4e2a\u4eba\u770b\uff1f\u8fde\u7535\u89c6\u5267\u90fd\u6709\u597d\u591a\u4e0d\u770b\u7684\uff0c\u522b\u8bf4\u5b9e\u4f53\u4e86"}, {"userName": "\u767d\u4e91\u662f\u6545\u4e61", "userReviewDate": "2017-12-20", "userURL": "https://my.qidian.com/user/212875973", "userReview": "\u5199\u7684\u771f\u5fc3\u4e00\u822c\u3002"}, {"userName": "\u51ac\u81f3\u6625", "userReviewDate": "2017-11-22", "userURL": "https://my.qidian.com/user/227646961", "userReview": "\u6211\u64e6\u4f60\u4e48\u5f97\u8d77\u70b9\u7f16\u8f91\u90e8\uff0c\u65e5\u4f60\u4eec\u5168\u4ef7\uff01\u4f60\u4eec\u7f16\u8f91\u90e8\u7684\u4eba\u773c\u778e\u4e86\u5417\uff1f\u62ff\u4e00\u672c\u65ad\u66f4\u5f97\u4e66\u6765\u5ffd\u60a0\u8001\u5b50\uff01\u966a\u6211\u6d41"}, {"userName": "\u4e66\u53cb161101190125516", "userReviewDate": "2017-11-08", "userURL": "https://my.qidian.com/user/225061938", "userReview": "\u6211\u60f3\u77e5\u9053\u600e\u4e48\u4e3e\u62a5\uff0c\u592a\u6076\u5fc3\u4e86\uff01\uff01\uff01\uff01\uff01"}, {"userName": "\u72ec\u5b64\u5f0f\u8650\u72d7", "userReviewDate": "2017-09-23", "userURL": "https://my.qidian.com/user/304095141", "userReview": "\u62c2\u9713\u88f3\uff1a\u9ec4_\u5403\u9971v\u4e3e\u4e2a"}, {"userName": "\u72ec\u5b64\u5f0f\u8650\u72d7", "userReviewDate": "2017-09-23", "userURL": "https://my.qidian.com/user/304095141", "userReview": "\u8d76\u706b\u8f66\u68c0\u67e5\u7ed3\u679c"}, {"userName": "\u516c\u5b50\u51ef\u54e5", "userReviewDate": "2017-06-21", "userURL": "https://my.qidian.com/user/109371427", "userReview": "\u79bb\u6251\u8857\u4e0d\u8fdc\u4e86\uff0c\u8650\u4e3b\u7684\u8282\u594f\uff0c\u62ff\u8bc1\u660e\u53c2\u8d5b\u8fd9\u4e48\u5927\u4e8b\uff0c\u7adf\u7136\u4e8b\u4e3b\u4e0d\u6025\uff1f\u8fd8\u62d6\u8fd9\u4e48\u591a\u5929\uff0c\u4f5c\u8005\u59a5\u59a5\u7684\u767d\u75f4\uff0c"}, {"userName": "\u9189\u5962\u9761", "userReviewDate": "2017-06-07", "userURL": "https://my.qidian.com/user/229898455", "userReview": "\u5e94\u8be5\u53eb\u4e00\u4ee3\u642c\u8fd0\u5de5\u6216\u8005\u53eb\u642c\u8fd0\u5de5\u5b97\u5e08"}, {"userName": "\u8fc7\u5e74\u8f6c\u60a0", "userReviewDate": "2017-06-03", "userURL": "https://my.qidian.com/user/4264039", "userReview": "\u64e6\uff0c\u5c45\u7136\u8fd8\u7528\u8fd9\u6837\u7684\u7b80\u4ecb\uff1f\u8be5\u6539\u6210\u4e00\u4ee3\u6587\u6284\u516c\u624d\u5bf9\u5427"}], "description": "\u91cd\u751f\u8fc7\u53bb\u3001\u7545\u60f3\u672a\u6765\u3001\u68a6\u5e7b\u73b0\u5b9e\uff0c\u518d\u5851\u4f20\u5947\u4eba\u751f\uff01", "title": "\u4e00\u4ee3\u6587\u5b97", "url": "https://book.qidian.com/info/3231615", "average": -1.0, "cover": "//qidian.qpic.cn/qdbimg/349573/3231615/180", "reviews": -1, "authors": [{"url": "https://me.qidian.com/authorIndex.aspx?id=4014546", "name": "\u9ad8\u5361"}], "type": ["\u90fd\u5e02", "\u90fd\u5e02\u751f\u6d3b"], "outlinks": ["https://book.qidian.com/info/3231615", "https://book.qidian.com/info/1006628703", "https://book.qidian.com/info/1006628703", "https://book.qidian.com/info/1010901725", "https://book.qidian.com/info/1010901725", "https://book.qidian.com/info/1004927149", "https://book.qidian.com/info/1004927149", "https://book.qidian.com/info/1009989921", "https://book.qidian.com/info/1009989921", "https://book.qidian.com/info/1009698352", "https://book.qidian.com/info/1009698352", "https://book.qidian.com/info/1010988690", "https://book.qidian.com/info/1010988690", "https://book.qidian.com/info/1011932150", "https://book.qidian.com/info/1012029544", "https://book.qidian.com/info/1012015699", "https://book.qidian.com/info/1012018201", "https://book.qidian.com/info/1011879101", "https://book.qidian.com/info/1011790606", "https://book.qidian.com/info/1011971435", "https://book.qidian.com/info/1009695534", "https://book.qidian.com/info/1011890878", "https://book.qidian.com/info/1010537314"]}