{"ratings": 0.0, "userreviews": [{"userName": "\u57cb\u5251\u4e0d\u95ee", "userReviewDate": "2018-01-09", "userURL": "https://my.qidian.com/user/15382325", "userReview": "[fn=1]\u8c22\u8c22\u5408\u4f5c"}, {"userName": "\u5b89\u5316\u519b", "userReviewDate": "2017-12-09", "userURL": "https://my.qidian.com/user/195865175", "userReview": "\u4eca\u5929\u5efa\u4e86\u4e00\u4e2a\u7fa4\uff1a5-3-5-8-9-4-6-7-0.\u9a8c\u8bc1\u4fe1\u606f\u662f\u4e66\u540d\u3002"}, {"userName": "\u7231\u5f88\u7d2f", "userReviewDate": "2017-11-29", "userURL": "https://my.qidian.com/user/2116769", "userReview": "\u5f00\u4e2a\u6311\u9519\u600e\u4e48\u6837\u8d34\uff0c\u65b9\u4fbf\u4f5c\u8005\u4ee5\u540e\u6821\u8ba2"}, {"userName": "\u57cb\u5251\u4e0d\u95ee", "userReviewDate": "2017-06-03", "userURL": "https://my.qidian.com/user/15382325", "userReview": "\u70b9\u4e0b\u4f5c\u8005\uff0c\u7136\u540e\u4f5c\u8005\u540d\u5b57\u540e\u8fb9\u6709\u4e2a\u56fe\u6807\uff0c\u8fdb\u53bb\u5c31\u53ef\u4ee5\u9886\u5927\u795e\u4e4b\u5149\u4e86\uff0c\u8c22\u8c22\u5927\u5bb6\uff0c\u5168\u8ba2\u5c31\u80fd\u9886\uff01"}, {"userName": "\u5929\u5929\u5411\u4e0a\u7684\u6211\u597d\u50cf", "userReviewDate": "13\u5c0f\u65f6\u524d", "userURL": "https://my.qidian.com/user/223446656", "userReview": "\u7b7e\u5230\u52a0\u6cb9\u52a0\u6cb9"}, {"userName": "\u5929\u5929\u70fd\u706b", "userReviewDate": "13\u5c0f\u65f6\u524d", "userURL": "https://my.qidian.com/user/216311889", "userReview": "\u52a0\u6cb9\u52a0\u6cb9\u52a0\u6cb9"}, {"userName": "\u5929\u5929\u5411\u4e0a\u7684\u6211\u597d\u50cf", "userReviewDate": "\u6628\u65e508:53", "userURL": "https://my.qidian.com/user/223446656", "userReview": "\u7b7e\u5230\u52a0\u6cb9\u52a0\u6cb9"}, {"userName": "\u5929\u5929\u5411\u4e0a\u7684\u6211\u597d\u50cf", "userReviewDate": "\u6628\u65e500:57", "userURL": "https://my.qidian.com/user/223446656", "userReview": "\u7b7e\u5230\u52a0\u6cb9\u52a0\u6cb9"}, {"userName": "\u5929\u5929\u5411\u4e0a\u7684\u6211\u597d\u50cf", "userReviewDate": "\u6628\u65e500:57", "userURL": "https://my.qidian.com/user/223446656", "userReview": "\u7b7e\u5230\u52a0\u6cb9\u52a0\u6cb9"}, {"userName": "\u5929\u5929\u5411\u4e0a\u7684\u6211\u597d\u50cf", "userReviewDate": "2018-06-07", "userURL": "https://my.qidian.com/user/223446656", "userReview": "\u7b7e\u5230\u52a0\u6cb9\u52a0\u6cb9"}, {"userName": "\u6c89\u9ed8\u7684\u6211123", "userReviewDate": "2018-06-06", "userURL": "https://my.qidian.com/user/227295960", "userReview": "\u6709\u70b9\u5570\u55e6\uff5e"}, {"userName": "\u5929\u5929\u5411\u4e0a\u7684\u6211\u597d\u50cf", "userReviewDate": "2018-06-06", "userURL": "https://my.qidian.com/user/223446656", "userReview": "\u7b7e\u5230\u52a0\u6cb9\u52a0\u6cb9"}, {"userName": "\u5218\u5927\u5c0f\u5c0f", "userReviewDate": "2018-06-05", "userURL": "https://my.qidian.com/user/217255119", "userReview": "\u6bcf\u5929\u4e24\u7ae0\u6839\u672c\u4e0d\u591f\u770b\uff0c\u6c42\u540c\u5fd7\u4eec\u63a8\u8350\u51e0\u672c\u548c\u8fd9\u672c\u4e66\u4e00\u6837\u4e09\u89c2\u6b63\u3001\u667a\u5546\u6b63\u5e38\u3001\u4e0d\u5f00\u540e\u5bab\u53c8\u6709\u723d\u70b9\u7684\u5386\u53f2\u5411"}, {"userName": "A$\u300c\u5350\u300d\u6c99\u4e4b\u821f\u300c\u5f26\u7a7a\u300d", "userReviewDate": "2018-06-05", "userURL": "https://my.qidian.com/user/167528401", "userReview": "\u8fd9\u4e66\u8fd8\u53eb\u5408\u7406\u5417\uff1f\u4f69\u670d\uff01\u201c\u5408\u7406\u201d\u6781\u4e86\uff01\u5475\u5475\u90a3\u4e48\u591a\u6bd2\u70b9\u5c45\u7136\u8bf4\u5408\u7406\uff01"}], "description": "\u9192\u638c\u5929\u4e0b\u6743\uff0c\u9189\u5367\u7f8e\u4eba\u819d\uff0c\u4e94\u5343\u5e74\u98ce\u534e\u70df\u96e8\uff0c\u662f\u975e\u6210\u8d25\u8f6c\u5934\u7a7a\uff01", "title": "\u4e00\u4e16\u5bcc\u8d35", "url": "https://book.qidian.com/info/3614430", "average": -1.0, "cover": "//qidian.qpic.cn/qdbimg/349573/3614430/180", "reviews": -1, "authors": [{"url": "https://me.qidian.com/authorIndex.aspx?id=4363724", "name": "\u5b89\u5316\u519b"}], "type": ["\u5386\u53f2", "\u4e24\u5b8b\u5143\u660e"], "outlinks": ["https://book.qidian.com/info/3614430", "https://book.qidian.com/info/1010765389", "https://book.qidian.com/info/1010765389", "https://book.qidian.com/info/1010766239", "https://book.qidian.com/info/1010766239", "https://book.qidian.com/info/1005782958", "https://book.qidian.com/info/1005782958", "https://book.qidian.com/info/1009812096", "https://book.qidian.com/info/1009812096", "https://book.qidian.com/info/1010566274", "https://book.qidian.com/info/1010566274", "https://book.qidian.com/info/1010447282", "https://book.qidian.com/info/1010447282", "https://book.qidian.com/info/3538534", "https://book.qidian.com/info/3538534", "https://book.qidian.com/info/1011800596", "https://book.qidian.com/info/1010891668", "https://book.qidian.com/info/1011773910", "https://book.qidian.com/info/1011783347", "https://book.qidian.com/info/1011643843", "https://book.qidian.com/info/1011476924", "https://book.qidian.com/info/1011635441", "https://book.qidian.com/info/1009999928", "https://book.qidian.com/info/1006932473", "https://book.qidian.com/info/1005080011"]}