{"ratings": 0.0, "userreviews": [{"userName": "\u5343\u5f71\u6b8b\u5149", "userReviewDate": "2018-01-23", "userURL": "https://my.qidian.com/user/212770022", "userReview": "\u518d\u6709\u4e2a\u5341\u51e0\u7ae0\uff0c\u4e3b\u89d2\u5c31\u4f1a\u524d\u5f80\u5176\u4ed6\u4e16\u754c\u88c5\u903c\u4e86\uff0c\u73b0\u5728\u6709\u4e09\u4e2a\u4e16\u754c\u9009\u9879\uff0c\u5206\u522b\u662f\u201c\u4ed9\u5251\u5947\u4fa0\u4f20\u4e00\u201d\u3001\u201c\u706b"}, {"userName": "\u672c\u6027\u505a\u4eba", "userReviewDate": "14\u5c0f\u65f6\u524d", "userURL": "https://my.qidian.com/user/195733461", "userReview": "\u5267\u6bd2\u65e0\u6bd4\uff0c\u76d8\u9f99\u90a3\u6bb5\u5199\u7684\u4ec0\u4e48\u73a9\u610f\uff0c\u8840\u5cf0\u4e3b\u795e\u5e87\u62a4\u8d1d\u9c81\u7279\uff1f\u4f5c\u8005\u4f60\u770b\u8fc7\u76d8\u9f99\u6ca1\uff0c\u4ece\u5730\u72f1\u77ac\u79fb\u5230\u7389\u5170\u5927\u9646"}, {"userName": "\u5c11\u7237\u51fa\u5c71", "userReviewDate": "\u6628\u65e507:22", "userURL": "https://my.qidian.com/user/211204229", "userReview": "\u524d\u4e00\u767e\u7ae0\u7684\u5267\u60c5\u771f\u7684\u4e0e\u300a\u7a7f\u8d8a\u4ece\u6597\u7834\u5f00\u59cb\u300b\u597d\u50cf\uff0c\u5c24\u5176\u662f\u5bfb\u627e\u9752\u83b2\u5730\u5fc3\u706b\u7684\u5267\u60c5\u7b80\u76f4\u662f\u4e00\u6a21\u4e00\u6837\u2026\u2026"}, {"userName": "\u9752\u8272\u4e4b\u738b", "userReviewDate": "\u6628\u65e500:01", "userURL": "https://my.qidian.com/user/314096342", "userReview": "\u7b7e\u5230    "}, {"userName": "\u8352\u5929\u795e\u5e1d", "userReviewDate": "2018-06-04", "userURL": "https://my.qidian.com/user/315357660", "userReview": "\u4e3a\u4ec0\u4e48\u8fd8\u8981\u5199\u5fae\u5fae\u4e00\u7b11"}, {"userName": "\u4e66\u53cb20170219025859105", "userReviewDate": "2018-06-04", "userURL": "https://my.qidian.com/user/229783713", "userReview": "\u79e6\u65f6\u660e\u6708\u54ea\u7bc7\u4ec0\u4e48******\u73a9\u610f\u513f\u554a\uff0c\u8bbe\u5b9a\u4e0a\u51e0\u5343\u5e74\u7684\u5185\u529b\u4fee\u4e3a\uff0c\u4f60tm\u975e\u8981\u8dd1\u53bb\u8ddf\u7740\u539f\u8457\u4e3b\u7ebf\u6253"}, {"userName": "\u840c\u5e7b\u4e4b\u65c5", "userReviewDate": "2018-06-03", "userURL": "https://my.qidian.com/user/215288174", "userReview": "\u6597\u7834\u7c89\u4e0d\u670d\uff0c\u6211\u4e0d\u8bf4\u8427\u708e\uff0c\u5c31\u8bf4\u8bf4\u836f\u8001\uff0c\u4f17\u6240\u5468\u77e5\uff0c\u968f\u8eab\u7237\u7237\u6d41\u7684\u5c0f\u8bf4\u90fd\u662f\u56e0\u4e3a\u6597\u7834\u82cd\u7a79\u5f00\u59cb\u7684\u3002\u53ef\u4ee5"}, {"userName": "\u4e66\u53cb20170214135051555", "userReviewDate": "2018-05-28", "userURL": "https://my.qidian.com/user/229583516", "userReview": "\u5b8c\u5168\u770b\u4e0b\u53bb"}, {"userName": "\u5929\u6f9c\u6b87", "userReviewDate": "2018-05-28", "userURL": "https://my.qidian.com/user/136946262", "userReview": "\u6597\u7834\u7684\u6597\u5e1d\u5c45\u7136\u548c\u76d8\u9f99\u7684\u5723\u57df\u4e00\u4e2a\u7ea7\u522b\uff01\uff01\uff01\u4f5c\u8005\u4f60\u641e\u7b11\u5427\uff1f\uff1f\uff1f"}, {"userName": "\u5415\u5929\u867e4463", "userReviewDate": "2018-05-27", "userURL": "https://my.qidian.com/user/313396583", "userReview": "\u7b7e\u5230\u4e86\u4e00\u5708\u554a\u54c8"}, {"userName": "\u8f89\u591c\u516c\u4e3b\u53ef\u4f1a\u5356\u4e56\u5462", "userReviewDate": "2018-05-27", "userURL": "https://my.qidian.com/user/301656738", "userReview": "\u6211\u4e3a\u4ec0\u4e48\u559c\u6b22\u770b\u540c\u4eba\u6211\u4e3a\u4ec0\u4e48\u559c\u6b22\u770b\u540c\u4eba\u5462\uff1f\u6700\u91cd\u8981\u7684\u5f53\u7136\u662f\u5bf9\u539f\u8457\u7684\u559c\u7231\uff0c\u6211\u559c\u6b22\u770b\u8fd9\u90e8\u52a8\u6f2b\u3002\u6211\u770b"}, {"userName": "\u7433\u7405\u98ce\u96e8", "userReviewDate": "2018-05-21", "userURL": "https://my.qidian.com/user/225030918", "userReview": "\u96be\u9053\u6ca1\u4eba\u53d1\u73b0\u4f5c\u8005\u9017\u53f7\u592a\u591a\u4e86\u5417\uff1f\u4e00\u76f4\u778e\u51e0\u628a\u7528\uff0c\u4e00\u53e5\u8bdd\u90fd\u8bfb\u4e0d\u901a\u3002\u6c34\u5b57\u6570\u6c34\u5230\u8fd9\u6837\u4e5f\u662f\u6ca1\u8c01\u4e86\uff01\u9694\u5e94"}, {"userName": "\u55dc\u4e3f\u8840", "userReviewDate": "2018-05-20", "userURL": "https://my.qidian.com/user/222476725", "userReview": "\u79cd\u4f55\u66f0\uff1f\u53d6\u81ea\u5b85\u4e4b\u559c\uff0c\u8ba9\u5176\u5e7b\u68a6\u4e2d\uff0c\u6eaf\u4ee5\u638f\u94f6\u4e4b\u3002  \u610f\u601d  \u79cd\u9a6c\u4e3a\u4e86\u4ec0\u4e48\uff1f\u4e3a\u4e86\u5b85\u7537\u7684\u559c\u60a6\uff0c\u8ba9\u4ed6"}, {"userName": "\u6708\u5149\u7092\u8c46\u82bd", "userReviewDate": "2018-05-17", "userURL": "https://my.qidian.com/user/192258452", "userReview": "\u8fd9\u4e48\u597d\u7684\u4e66\uff0c\u600e\u4e48\u7a81\u7136\u6765\u4e86\u8fd9\u4e48\u591a\u9ed1\u5b50\uff1f"}], "description": "\u6fc0\u840c\u7684\u841d\u8389\uff0c\u70ed\u8840\u7684\u5c11\u5e74\uff0c\u4e3a\u6253\u7834\u6b21\u5143\u58c1\u4e00\u5f80\u65e0\u524d\uff01", "title": "\u4e00\u5207\u4ece\u6597\u7834\u82cd\u7a79\u5f00\u59cb", "url": "https://book.qidian.com/info/1004936150", "average": -1.0, "cover": "//qidian.qpic.cn/qdbimg/349573/1004936150/180", "reviews": -1, "authors": [{"url": "https://me.qidian.com/authorIndex.aspx?id=6387919", "name": "\u5343\u5f71\u6b8b\u5149"}], "type": ["\u4e8c\u6b21\u5143", "\u884d\u751f\u540c\u4eba", "\u4e8c\u6b21\u5143"], "outlinks": ["https://book.qidian.com/info/1004936150", "https://book.qidian.com/info/1010770545", "https://book.qidian.com/info/1010770545", "https://book.qidian.com/info/1010860831", "https://book.qidian.com/info/1010860831", "https://book.qidian.com/info/1009474533", "https://book.qidian.com/info/1009474533", "https://book.qidian.com/info/1010484355", "https://book.qidian.com/info/1010484355", "https://book.qidian.com/info/1004979702", "https://book.qidian.com/info/1004979702", "https://book.qidian.com/info/1010775322", "https://book.qidian.com/info/1010775322", "https://book.qidian.com/info/1003306667", "https://book.qidian.com/info/1003306667", "https://book.qidian.com/info/1004490542", "https://book.qidian.com/info/1004490542", "https://book.qidian.com/info/1011452803", "https://book.qidian.com/info/1011452803", "https://book.qidian.com/info/1011443057", "https://book.qidian.com/info/1011977706", "https://book.qidian.com/info/1011970575", "https://book.qidian.com/info/1011722301", "https://book.qidian.com/info/1012058179", "https://book.qidian.com/info/1010868275", "https://book.qidian.com/info/1012020887", "https://book.qidian.com/info/1011904081"]}