{"ratings": 0.0, "userreviews": [{"userName": "\u5510\u671d\u7684\u6708", "userReviewDate": "2018-02-26", "userURL": "https://my.qidian.com/user/162585470", "userReview": "\u7f51\u6e38\u4e4b\u7eb5\u6a2a\u4fa0\u5ba2\u884c \u524d\u6765\u6367\u573a\u6295\u7968\u3002\u4f73\u4f5c\u52a0\u6cb9\uff0c\u671f\u5f85\u56de\u8bbf\u54e6\uff01"}], "description": "\u9752\u7816\u7eff\u74e6\uff0c\u964c\u4e0a\u82b1\u5f00\u9999\u67d3\u8863\uff1b\u6731\u95e8\u7d2b\u6bbf\uff0c\u7d20\u624b\u6458\u661f\u9713\u4f5c\u88f3\u3002", "title": "\u4e00\u54ac\u5b9a\u60c5\uff1a\u5f02\u80fd\u840c\u5983\uff0c\u62b1\u4e00\u62b1", "url": "https://book.qidian.com/info/1010807243", "average": -1.0, "cover": "//qidian.qpic.cn/qdbimg/349573/1010807243/180", "reviews": -1, "authors": [{"url": "https://me.qidian.com/authorIndex.aspx?id=400211381", "name": "\u7389\u697c\u4eba\u9189"}], "type": ["\u53e4\u4ee3\u8a00\u60c5", "\u7a7f\u8d8a\u5947\u60c5"], "outlinks": ["https:https://book.qidian.com/info/1011421405?qd_game_key=1011421405&qd_dd_p1=11272", "https://book.qidian.com/info/1010807243", "https://book.qidian.com/info/1010235682", "https://book.qidian.com/info/1010235682", "https://book.qidian.com/info/1010267018", "https://book.qidian.com/info/1010267018", "https://book.qidian.com/info/1005770901", "https://book.qidian.com/info/1005770901", "https://book.qidian.com/info/1010700371", "https://book.qidian.com/info/1010700371", "https://book.qidian.com/info/1009909470", "https://book.qidian.com/info/1009909470", "https://book.qidian.com/info/1010338949", "https://book.qidian.com/info/1010338949", "https://book.qidian.com/info/1003885781", "https://book.qidian.com/info/1003885781", "https://book.qidian.com/info/1009329214", "https://book.qidian.com/info/1009329214", "https://book.qidian.com/info/1004439621", "https://book.qidian.com/info/1010699142", "https://book.qidian.com/info/1010673874", "https://book.qidian.com/info/1010228299", "https://book.qidian.com/info/1011254335", "https://book.qidian.com/info/1010623336", "https://book.qidian.com/info/1011901077", "https://book.qidian.com/info/1010774701", "https://book.qidian.com/info/1010808763", "https://book.qidian.com/info/1011306057"]}