{"ratings": 0.0, "userreviews": [{"userName": "\u54df\u9664\u8349\u5242", "userReviewDate": "2016-12-17", "userURL": "https://my.qidian.com/user/213353447", "userReview": "\u54df\u9664\u8349\u5242\u6253\u8d4f\u660e\u5de7 10000\u8d77\u70b9\u5e01\u3000\u8fd9\u672c\u4e66\u5199\u7684\u592a\u597d\u4e86,\u7292\u52b3\u4e00\u4e0b\u5e0c\u671b\u540e\u7eed\u66f4\u7cbe\u5f69!"}, {"userName": "gaoxingyu555", "userReviewDate": "2016-12-16", "userURL": "https://my.qidian.com/user/156656522", "userReview": "gaoxingyu555\u6253\u8d4f\u660e\u5de7 10000\u8d77\u70b9\u5e01\u3000\u8fd9\u672c\u4e66\u5199\u7684\u592a\u597d\u4e86,\u7292\u52b3\u4e00\u4e0b\u5e0c\u671b\u540e\u7eed\u66f4\u7cbe"}, {"userName": "\u706b\u9e92\u9e9fLB", "userReviewDate": "2018-05-24", "userURL": "https://my.qidian.com/user/5725136", "userReview": "\u7b7e\u5230[fn=11]\u7b7e\u5230"}, {"userName": "\u65e0\u5948\u7684\u5927\u5b81", "userReviewDate": "2018-05-06", "userURL": "https://my.qidian.com/user/194807406", "userReview": "\u4e2d\u95f4\u5199\u7684\u592a\u78e8\u53fd\u4e86\uff0c\u770b\u4e2a\u6807\u9898\u5c31\u77e5\u9053\u600e\u4e48\u56de\u4e8b\u4e86\uff0c\u540e\u9762\u7684\u90fd\u6ca1\u8ba2\u9605\uff01"}, {"userName": "\u5520\u53e8\u6cb3", "userReviewDate": "2017-12-24", "userURL": "https://my.qidian.com/user/215582612", "userReview": "\u524d\u9762\u5199\u7684\u6709\u70b9\u592a\u60f3\u5f53\u7136\u4e86\uff0c\u5728\u4e00\u4e2a\u53bf\u57ce\uff0c\u4e0d\u4ec5\u662f\u53bf\u57ce\uff0c\u6709\u51e0\u4e2a\u4eba\u65e9\u9910\u4f1a\u5403100\u4e00\u7897\u7684\u7c89\uff0c\u5c31\u7b97\u662f\u9f99\u8089"}, {"userName": "\u9759\u9ed8\u6b4c\u59ec\u5466", "userReviewDate": "2017-11-24", "userURL": "https://my.qidian.com/user/211619286", "userReview": "\u6211\u5c31\u60f3\u8bf4  \u65e9\u4e0a\u5e02\u573a\u7684\u8471\u4e5f\u662f\u6628\u5929\u7684\u554a\u2026\u2026\u8981\u662f\u5916\u5730\u8fdb\u7684\u2026\u2026\u90a3\u66f4\u4e45\u4e86"}, {"userName": "langyue520", "userReviewDate": "2017-11-21", "userURL": "https://my.qidian.com/user/5628855", "userReview": "\u652f\u6301\u300210\u7968\u3002"}, {"userName": "langyue520", "userReviewDate": "2017-11-20", "userURL": "https://my.qidian.com/user/5628855", "userReview": "\u597d\u4e66\u3002\u6536\u85cf\u300210\u7968\u3002\u652f\u6301\u3002"}, {"userName": "\u9189\u773c\u7f52\u5929\u7a7a", "userReviewDate": "2017-11-04", "userURL": "https://my.qidian.com/user/132650771", "userReview": "\u7b7e\u5230\u7b7e\u5230\u7b7e\u5230\u7b7e\u5230\u7b7e\u5230\u7b7e\u5230"}, {"userName": "\u9189\u773c\u7f52\u5929\u7a7a", "userReviewDate": "2017-11-04", "userURL": "https://my.qidian.com/user/132650771", "userReview": "\u7b7e\u5230\u7b7e\u5230\u7b7e\u5230\u7b7e\u5230\u7b7e\u5230\u7b7e\u5230\u7b7e\u5230\u7b7e\u5230"}, {"userName": "\u7279\u7acb\u72ec\u884c\u7684\u5403\u8d27", "userReviewDate": "2017-10-31", "userURL": "https://my.qidian.com/user/222438498", "userReview": "\u53ea\u60f3\u95ee\u4f5c\u8005\uff0c\u8857\u8fb9\u7eff\u8c46\u7c89\uff0c100\u4e00\u4efd\u4f60\u4f1a\u5403?"}, {"userName": "\u6234\u8bf6\u8fc7\u5462", "userReviewDate": "2017-10-09", "userURL": "https://my.qidian.com/user/200985840", "userReview": "\u5466\u5466\u8fd8\u6709\u4eba\u770b\u5417\uff01"}, {"userName": "\u541b\u4e0d\u79bb\u5b59", "userReviewDate": "2017-09-21", "userURL": "https://my.qidian.com/user/306573295", "userReview": "\u8ba8\u538c\u8fd9\u4e9b\u7f8e\u98df\u6587\u4e3b\u89d2\u5f97\u4e86\u4e2a\u7cfb\u7edf\u98df\u7269\u5c31\u52a8\u4e0d\u52a8\u4e0a\u767e"}, {"userName": "\u4e66\u53cb160922220548192", "userReviewDate": "2017-09-05", "userURL": "https://my.qidian.com/user/223160466", "userReview": "\u8bdd\u8bf4\u4f5c\u8005\u5bf9\u4e8e\u7f8e\u98df\u7684\u63cf\u5199\u592a\u8fc7\u4e8e\u7b3c\u7edf\uff0c\u53ea\u6709\u597d\u5403\uff0c\u7f8e\u5473\uff0c\u597d\u5403\u5230\u8981\u628a\u820c\u5934\u90fd\u5403\u8fdb\u53bb\u4e86"}], "description": "\u91cd\u751f\u8fc7\u53bb\u3001\u7545\u60f3\u672a\u6765\u3001\u68a6\u5e7b\u73b0\u5b9e\uff0c\u518d\u5851\u4f20\u5947\u4eba\u751f\uff01", "title": "\u4e00\u54c1\u7f8e\u98df", "url": "https://book.qidian.com/info/1004042974", "average": -1.0, "cover": "//qidian.qpic.cn/qdbimg/349573/1004042974/180", "reviews": -1, "authors": [{"url": "https://me.qidian.com/authorIndex.aspx?id=8510706", "name": "\u660e\u5de7"}], "type": ["\u90fd\u5e02", "\u5f02\u672f\u8d85\u80fd"], "outlinks": ["https://book.qidian.com/info/1004042974", "https://book.qidian.com/info/1010807557", "https://book.qidian.com/info/1010807557", "https://book.qidian.com/info/1010392124", "https://book.qidian.com/info/1010392124", "https://book.qidian.com/info/1010025369", "https://book.qidian.com/info/1010025369", "https://book.qidian.com/info/1006240121", "https://book.qidian.com/info/1006240121", "https://book.qidian.com/info/1009710728", "https://book.qidian.com/info/1009710728", "https://book.qidian.com/info/1010901725", "https://book.qidian.com/info/1010901725", "https://book.qidian.com/info/1009289450", "https://book.qidian.com/info/1009289450", "https://book.qidian.com/info/1009746270", "https://book.qidian.com/info/1009746270", "https://book.qidian.com/info/1011932150", "https://book.qidian.com/info/1012029544", "https://book.qidian.com/info/1012015699", "https://book.qidian.com/info/1012018201", "https://book.qidian.com/info/1011879101", "https://book.qidian.com/info/1011790606", "https://book.qidian.com/info/1011971435", "https://book.qidian.com/info/1009695534", "https://book.qidian.com/info/1011890878", "https://book.qidian.com/info/1010537314"]}