{"ratings": 0.0, "userreviews": [{"userName": "\u4e00\u620f\u8a00\u4e00", "userReviewDate": "2017-12-29", "userURL": "https://my.qidian.com/user/197416002", "userReview": "\u6211\u80af\u5b9a\u4f5c\u8005\u6ca1\u770b\u8fc7\u52a8\u7269\u4e16\u754c\u3002\u3002\u3002\u3002\u9cc4\u9c7c\u90a3\u4e00\u53e3\u7259\u662f\u56fa\u5b9a\u730e\u7269\u7684\uff0c\u6495\u8089\u662f\u9760\u6240\u8c13\u7684\u6b7b\u4ea1\u7ffb\u8f6c\u3002\u3002\u3002"}, {"userName": "\u5356\u571f\u62e8\u9f20\u7684\u8001\u864e", "userReviewDate": "2017-09-10", "userURL": "https://my.qidian.com/user/301575091", "userReview": "\u4f60\u4eec\u8981\u7684\u7fa4\u53f7\uff015-8-2-4-9-0-8-4-4\u6709\u5174\u8da3\u7684\u5927\u4f6c\uff0c\u53ef\u4ee5\u52a0\u4e00\u52a0\uff01\u54c7\u54c8\u54c8"}, {"userName": "\u5415\u5929\u867e13819", "userReviewDate": "7\u5c0f\u65f6\u524d", "userURL": "https://my.qidian.com/user/317125126", "userReview": "\u7b7e\u4e2a\u5230\uff0c\u6c42\u66f4\u65b0\uff01"}, {"userName": "\u53e4\u6b66\u9a91\u58eb", "userReviewDate": "9\u5c0f\u65f6\u524d", "userURL": "https://my.qidian.com/user/200041267", "userReview": "\u770b\u5230\u5c01\u9762\u5c31\u7b11"}, {"userName": "\u94f6\u516b\u8001\u5e08000", "userReviewDate": "12\u5c0f\u65f6\u524d", "userURL": "https://my.qidian.com/user/226886806", "userReview": "\u4f60\u8fd9\u53ea\u9634\u9669\u7684\u54e5\u65af\u62c9\uff0c\u5feb\u4f4f\u624b\uff01\u4f60\u60f3\u5bf9\u5355\u7eaf\u53ef\u7231\u7684\u706d\u9738\u5c0f\u540c\u5fd7\u505a\u4ec0\u4e48\uff1f\uff01"}, {"userName": "\u4e00\u4f1a", "userReviewDate": "18\u5c0f\u65f6\u524d", "userURL": "https://my.qidian.com/user/370969", "userReview": "\u7b7e\u5230\u6c34\u7ecf\u9a8c"}, {"userName": "\u68a6\u9b47\u7684\u5029\u5f71", "userReviewDate": "19\u5c0f\u65f6\u524d", "userURL": "https://my.qidian.com/user/210863530", "userReview": "\u8fd9\u672c\u4e66\u662f\u6211\u53bb\u5e74\u770b\u8fc7\u7684\u6240\u6709\u6210\u7ee9\u4e0d\u600e\u4e48\u597d\u7684\u4e66\u91cc\u552f\u4e00\u575a\u633a\u5230\u73b0\u5728\u7684\u4e86(\u00b4\u25bd`\u0283\u01aa)\u6fc0\u52a8\u7684\u6211\u5dee\u70b9\u5ff5\u4e0a"}, {"userName": "\u96f6\u661f\u7816\u5bb6", "userReviewDate": "19\u5c0f\u65f6\u524d", "userURL": "https://my.qidian.com/user/311521956", "userReview": "\u672c\u4e66\u662f\u6211\u5728\u8d77\u70b9\uff0c\u552f\u4e00\u80fd\u770b\u7684\u51e0\u672c\u4e66\u4e4b\u4e00\u4e86\uff0c\u611f\u89c9\u5199\u5f97\u5f88\u597d\u554a"}, {"userName": "\u4e2d\u4e8c\u4ed9\u4eba", "userReviewDate": "20\u5c0f\u65f6\u524d", "userURL": "https://my.qidian.com/user/225057124", "userReview": "\u4f5c\u8005\u8981\u5f00\u65b0\u4e66\u7684\u8bdd\u5e0c\u671b\u4e3b\u89d2\u8fd8\u662f\u975e\u4eba\u7c7b\u7684\u751f\u7269\u3002\u4e3b\u89d2\u662f\u4eba\u7684\u5c0f\u8bf4\u770b\u7684\u592a\u591a\u4e86\u3002\u5199\u6765\u5199\u53bb\u5173\u4e8e\u4eba\u7684\u63cf\u5199\u4e5f"}, {"userName": "V\u65e0\u7586", "userReviewDate": "21\u5c0f\u65f6\u524d", "userURL": "https://my.qidian.com/user/312703280", "userReview": "\u5237\u5b8c\u4e00\u767e\u591a\u7ae0\u7684\u840c\u65b0\uff08\uff1f\uff09\u6765\u8fd9\u91cc\u95ee\u4e00\u4e0b\uff0c\u540e\u9762\u8fd8\u6709\u76ae\u76ae\u9cb8\u7684\u620f\u4efd\u5417\uff0c\u6709\u70b9\u60f3\u5b83"}, {"userName": "\u8d75\u65ed1991", "userReviewDate": "22\u5c0f\u65f6\u524d", "userURL": "https://my.qidian.com/user/126763834", "userReview": "\u6309\u4f60\u81ea\u5df1\u7684\u5199"}, {"userName": "\u65e0\u91cf\u592a\u865a\u8d85\u7ef4\u5c0a\u8005", "userReviewDate": "\u6628\u65e512:47", "userURL": "https://my.qidian.com/user/230125862", "userReview": "\u63a8\u8350\u4e00\u672c\u90fd\u5e02\u7a7f\u8d8a-\u53cd\u5957\u8def\u6587\uff0c\u98de\u8d8a\u4e09\u5341\u5e74\u3002\u56fd\u5bb6\u5efa\u8bbe\u3002"}, {"userName": "\u6ce8\u5b9a\u4e00\u751f\u5b64\u72ecs", "userReviewDate": "2018-06-07", "userURL": "https://my.qidian.com/user/209870548", "userReview": "\u52a0\u6cb9\uff0c\u4e0d\u9519\uff0c\u521a\u5f00\u59cb\u770b\uff0c\u633a\u6709\u610f\u601d\u7684"}, {"userName": "\u9189\u662f\u65e0\u60c5\u4eba", "userReviewDate": "2018-06-07", "userURL": "https://my.qidian.com/user/214378364", "userReview": "\u6709\u6ca1\u6709\u4eba\u80fd\u63a8\u8350\u51e0\u672c\u4e3b\u89d2\u4e43\u975e\u4eba\u7c7b\u7684\u597d\u770b\u7684\u5c0f\u8bf4\uff0c\u8c22\u8c22[fn=27][fn=27][fn=27]"}], "description": "\u661f\u6d77\u6f2b\u6e38\uff0c\u65f6\u7a7a\u7a7f\u68ad\uff0c\u673a\u68b0\u79d1\u6280\uff0c\u76ee\u6807\u662f\u672a\u77e5\u7684\u661f\u8fb0\u5927\u6d77\uff01", "title": "\u4e00\u53ea\u54e5\u65af\u62c9\u7684\u65f6\u7a7a\u4e4b\u65c5", "url": "https://book.qidian.com/info/1010179412", "average": -1.0, "cover": "//qidian.qpic.cn/qdbimg/349573/1010179412/180", "reviews": -1, "authors": [{"url": "https://me.qidian.com/authorIndex.aspx?id=400315554", "name": "\u65c5\u884c\u7684\u571f\u62e8\u9f20"}], "type": ["\u79d1\u5e7b", "\u65f6\u7a7a\u7a7f\u68ad", "\u4e8c\u6b21\u5143"], "outlinks": ["https://book.qidian.com/info/1010179412", "https://book.qidian.com/info/1010942512", "https://book.qidian.com/info/1010942512", "https://book.qidian.com/info/1010981660", "https://book.qidian.com/info/1010981660", "https://book.qidian.com/info/1011067362", "https://book.qidian.com/info/1011067362", "https://book.qidian.com/info/1009945123", "https://book.qidian.com/info/1009945123", "https://book.qidian.com/info/1010804210", "https://book.qidian.com/info/1010804210", "https://book.qidian.com/info/1010841054", "https://book.qidian.com/info/1010841054", "https://book.qidian.com/info/1011814764", "https://book.qidian.com/info/1011636462", "https://book.qidian.com/info/1012011143", "https://book.qidian.com/info/1011989615", "https://book.qidian.com/info/1011979302", "https://book.qidian.com/info/1011962232", "https://book.qidian.com/info/1012020634", "https://book.qidian.com/info/1011923738", "https://book.qidian.com/info/1012020834", "https://book.qidian.com/info/1011973977"]}