{"ratings": 0.0, "userreviews": [{"userName": "\u68a6\u56de\u680f\u6746", "userReviewDate": "2018-06-07", "userURL": "https://my.qidian.com/user/202486790", "userReview": "\u4f60\u53e6\u4e00\u672c\u4e66\u8fd8\u66f4\u4e0d\u66f4\uff0c\u4e0d\u66f4\u4f60\u5c31\u8bf4\u554a"}, {"userName": "\u674e\u5f3a\u54e6", "userReviewDate": "2018-06-06", "userURL": "https://my.qidian.com/user/112258264", "userReview": "\u5f88\u626f\u86cb\uff0c\u4e00\u4e0b\u5c71\u5c31\u88ab\u4e00\u4e2a\u53bf\u4ee4\u5957\u8def\uff0c\u800c\u4e14\u8fd8\u7518\u4e4b\u82e5\u9974\uff0c\u5f88\u8d31\u3002"}, {"userName": "\u9634\u63d2\u9633\u64130", "userReviewDate": "2018-06-06", "userURL": "https://my.qidian.com/user/215373755", "userReview": "\u4f60\u8bf4\u7ec3\u6c14\u58eb\u5230\u4e00\u5927\u57ce\u5c31\u6c14\u8fd0\u538b\u5236\u90a3\u8fd8\u4fee\u4ec0\u4e48\u9053\u7ec3\u4ec0\u4e48\u771f\uff0c\u54ea\u662f\u4e0d\u662f\u4eba\u7687\u4e00\u7eb8\u8bcf\u4e66\u5c31\u5b8c\u86cb\u3002"}, {"userName": "xuchen123", "userReviewDate": "2018-06-05", "userURL": "https://my.qidian.com/user/220126058", "userReview": "\u4f5c\u8005\u4e3b\u89d2\u7684\u4fee\u70bc\u4f53\u7cfb\u53ef\u4ee5\u7c7b\u4f3c\u7533\u516c\u8c79\u4f20\u627f\u7684\u4ed9\u9053\uff0c\u7b2c\u4e00\u6b65\u5165\u5b9a\u5fc3\u7075\u4e4b\u5149\u63d0\u70bc\u6c14\u8840\u5316\u4e3a\u6cd5\u529b\uff0c\u7b2c\u4e8c\u6b65\u6cd5i"}, {"userName": "\u795e\u9053\u81f3\u5c0a", "userReviewDate": "2018-06-03", "userURL": "https://my.qidian.com/user/177197207", "userReview": "\u7b7e\u5230\u697c\u7b7e\u5230\n\n"}, {"userName": "\u5415\u5929\u867e13211", "userReviewDate": "2018-06-02", "userURL": "https://my.qidian.com/user/316274256", "userReview": "\u7b7e\u5230\u5f88\u96be\u5417\uff1f"}, {"userName": "\u9634\u63d2\u9633\u64130", "userReviewDate": "2018-05-30", "userURL": "https://my.qidian.com/user/215373755", "userReview": "\u53c8\u8d70\u5957\u8def\u6587\u4e86\u54ce"}, {"userName": "\u6d1b\u6d1b\u5f88\u5fd9", "userReviewDate": "2018-05-29", "userURL": "https://my.qidian.com/user/306033777", "userReview": "\u6211\u7684\u8bc4\u8bba\u88ab\u541e\u4e86"}, {"userName": "xuchen123", "userReviewDate": "2018-05-25", "userURL": "https://my.qidian.com/user/220126058", "userReview": "\u4f5c\u8005\u53c8\u6765\u7ec3\u6c14\u5316\u6db2\u538b\u7f29\u6210\u4e39\u7684\u5957\u8def\u554a\uff0c\u5efa\u8bae\u53ef\u4ee5\u50cf\u5c01\u795e\u91cc\u7684\u7ec3\u6c14\u58eb\u7ec3\u6c14\u5f3a\u5927\u4e94\u810f\u7cbe\u6c14\u795e\uff0c\u805a\u80f8\u4e2d\u4e94\u6c14\u7ed3"}, {"userName": "\u4e0a\u5b98\u601d\u777f", "userReviewDate": "2018-05-25", "userURL": "https://my.qidian.com/user/215575394", "userReview": "\u66f4\u65b0\uff0c\u8ffd\u7740\u4f60\u770b"}, {"userName": "Bt\uff1fd", "userReviewDate": "2018-05-25", "userURL": "https://my.qidian.com/user/193506177", "userReview": "\u5144\u5f1f  \u5feb\u5feb\u6ef4 \u66f4\u65b0"}, {"userName": "\u6c89\u9ed8N\u5e74", "userReviewDate": "2018-05-24", "userURL": "https://my.qidian.com/user/200287833", "userReview": "\u5c45\u7136\u662f\u7b2c\u4e00\u4e2a\uff01\u5173\u6ce8\u5e7c\u82d7\uff0c\u4ece\u6211\u505a\u8d77\uff01"}], "description": "\u30102018\u8d77\u70b9\u4ed9\u4fa0\u6d41\u6d3e\u5f81\u6587\u3011\u53c2\u8d5b\u4f5c\u54c1", "title": "\u4e00\u54c1\u795e\u901a", "url": "https://book.qidian.com/info/1011927857", "average": -1.0, "cover": "//qidian.qpic.cn/qdbimg/349573/1011927857/180", "reviews": -1, "authors": [{"url": "https://me.qidian.com/authorIndex.aspx?id=10944136", "name": "\u5112\u5e03\u8863"}], "type": ["\u4ed9\u4fa0", "\u795e\u8bdd\u4fee\u771f"], "outlinks": ["https://book.qidian.com/info/1011927857", "https://book.qidian.com/info/1010368906", "https://book.qidian.com/info/1010368906", "https://book.qidian.com/info/1010259992", "https://book.qidian.com/info/1010259992", "https://book.qidian.com/info/1010389683", "https://book.qidian.com/info/1010389683", "https://book.qidian.com/info/1005317161", "https://book.qidian.com/info/1005317161", "https://book.qidian.com/info/1003245790", "https://book.qidian.com/info/1003245790", "https://book.qidian.com/info/1004086548", "https://book.qidian.com/info/1004086548", "https://book.qidian.com/info/1009712420", "https://book.qidian.com/info/1009712420", "https://book.qidian.com/info/1010327039", "https://book.qidian.com/info/1012016027", "https://book.qidian.com/info/1011630501", "https://book.qidian.com/info/1012010192", "https://book.qidian.com/info/1011834598", "https://book.qidian.com/info/1011672705", "https://book.qidian.com/info/1011966835", "https://book.qidian.com/info/1011940680", "https://book.qidian.com/info/1011491390", "https://book.qidian.com/info/1011995376"]}