{"ratings": 0.0, "userreviews": [{"userName": "\u96f6\u4e71\u516e\u516e", "userReviewDate": "2018-05-19", "userURL": "https://my.qidian.com/user/110602844", "userReview": "\u7b7e\u5230   "}, {"userName": "\u6740\u4e86\u4f60\u4eb2\u5bb6", "userReviewDate": "2018-04-30", "userURL": "https://my.qidian.com/user/304459648", "userReview": "\u6295\u4e0a\u4e24\u7968\u2026\u2026"}, {"userName": "\u6b87\u4e36\u7269\u8bed", "userReviewDate": "2018-04-28", "userURL": "https://my.qidian.com/user/300360023", "userReview": "\u7b7e\u5230\u2026\u2026\u2026"}, {"userName": "\u4e66\u53cb20171206115336726", "userReviewDate": "2018-04-27", "userURL": "https://my.qidian.com/user/311485851", "userReview": "\u7b7e\u5230\u3002\u3002\u3002\u3002"}, {"userName": "\u4e66\u53cb20171206115336726", "userReviewDate": "2018-04-26", "userURL": "https://my.qidian.com/user/311485851", "userReview": "\u7b7e\u5230\u3002\u3002\u3002"}, {"userName": "\u4e66\u53cb20171206115336726", "userReviewDate": "2018-04-25", "userURL": "https://my.qidian.com/user/311485851", "userReview": "\u7b7e\n\u5230\u3002\u3002\u3002"}, {"userName": "\u98ce\u4e91\u4faf\u7237", "userReviewDate": "2018-04-24", "userURL": "https://my.qidian.com/user/228230927", "userReview": "\u91cd\u8fd4\u4e09\u767e\u5e74\uff0c\u80fd\u4e0d\u80fd\u591a\u66f4\u70b9"}, {"userName": "\u4e66\u53cb20171206115336726", "userReviewDate": "2018-04-24", "userURL": "https://my.qidian.com/user/311485851", "userReview": "\u7b7e\u5230...."}, {"userName": "\u8679\u5c18\u68a6", "userReviewDate": "2018-04-19", "userURL": "https://my.qidian.com/user/211241039", "userReview": "\u7c89\u4e1d\u4e00\u767e\u4e8c\uff0c\u4e3a\u4e00\u8981\u6c42\u522b\u65ad\u4e86\u4e09\u767e\u5e74\u3002"}, {"userName": "\u4e66\u53cb161008182310974", "userReviewDate": "2018-04-17", "userURL": "https://my.qidian.com/user/223951129", "userReview": "\u5475\u5475\uff0c\u4f60\u76ae"}, {"userName": "\u96e8\u591c\u51b0\u6e0a", "userReviewDate": "2018-04-15", "userURL": "https://my.qidian.com/user/305656892", "userReview": "        \u8bf4\u6765\u8bf4\u53bb\u8fd8\u662f\u653e\u4e0d\u4e0b\u8fd9\u672c\u4e66\uff0c\u4e4b\u524d\u7684\u65ad\u66f4\u5e26\u6765\u7684\u75bc\uff0c\u8fd8\u4e00\u76f4\u5728\u3002\u6bcf\u5929\u90fd\u6765\u770b\u4e00\u773c\u3002\u6062"}, {"userName": "\u9709\u679c", "userReviewDate": "2018-04-15", "userURL": "https://my.qidian.com/user/212681701", "userReview": "\u91cd\u8fd4\u6ca1\u5199\u5b8c\u5427\uff1f\u53c8\u5f00\u4e66\uff0c\u53ef\u522b\u9611\u5c3e\u708e\u4e86"}, {"userName": "\u843d\u6656\u65cb", "userReviewDate": "2018-04-15", "userURL": "https://my.qidian.com/user/304434142", "userReview": "\u522b\u65ad\u66f4\u522b\u8fdb\u5bab\uff0c\u5c31\u8fd9\u70b9\u8981\u6c42"}, {"userName": "\u6a31\u82b1\u518d\u7f8e\u4e5f\u53ea\u662f\u7231\u77ac\u95f4", "userReviewDate": "2018-04-15", "userURL": "https://my.qidian.com/user/178758212", "userReview": "\u5148\u8bf4\u597d\u6b64\u4e66\u5df2\u653e\u5728\u4e66\u67b6\u517b\u4e2a500\u5e74\u518d\u8bf4\u3002"}], "description": "\u91cd\u751f\u8fc7\u53bb\u3001\u7545\u60f3\u672a\u6765\u3001\u68a6\u5e7b\u73b0\u5b9e\uff0c\u518d\u5851\u4f20\u5947\u4eba\u751f\uff01", "title": "\u4e00\u54c1\u9ad8\u4eba", "url": "https://book.qidian.com/info/1011771517", "average": -1.0, "cover": "//qidian.qpic.cn/qdbimg/349573/1011771517/180", "reviews": -1, "authors": [{"url": "https://me.qidian.com/authorIndex.aspx?id=10736619", "name": "\u4e09\u751f\u65ad\u96ea"}], "type": ["\u90fd\u5e02", "\u5f02\u672f\u8d85\u80fd"], "outlinks": ["https://book.qidian.com/info/1011771517", "https://book.qidian.com/info/1009915605", "https://book.qidian.com/info/1009915605", "https://book.qidian.com/info/1005405437", "https://book.qidian.com/info/1005405437", "https://book.qidian.com/info/1005403859", "https://book.qidian.com/info/1005403859", "https://book.qidian.com/info/1003383443", "https://book.qidian.com/info/1003383443", "https://book.qidian.com/info/1004893588", "https://book.qidian.com/info/1004893588", "https://book.qidian.com/info/1010191960", "https://book.qidian.com/info/1010191960", "https://book.qidian.com/info/1007093288", "https://book.qidian.com/info/1007093288", "https://book.qidian.com/info/1011932150", "https://book.qidian.com/info/1012029544", "https://book.qidian.com/info/1012015699", "https://book.qidian.com/info/1012018201", "https://book.qidian.com/info/1011879101", "https://book.qidian.com/info/1011790606", "https://book.qidian.com/info/1011971435", "https://book.qidian.com/info/1009695534", "https://book.qidian.com/info/1011890878", "https://book.qidian.com/info/1010537314"]}