{"ratings": 0.0, "userreviews": [{"userName": "\u624d\u5fae\u5fae", "userReviewDate": "2018-05-23", "userURL": "https://my.qidian.com/user/506788", "userReview": "\u4e5d\u5cf0\u88d9.\u53f7\uff1a165\uff0c055\uff0c687\u4e5d\u5cf0\u2014\u2014\u8033\u6839\u4e66\u53cb.\u7fa4\uff0c\u6b22\u8fce\u5927\u5bb6\u3002[fn=2][fn=2]"}, {"userName": "\u5c0a\u4e36\u5275\u4e16", "userReviewDate": "2018-05-21", "userURL": "https://my.qidian.com/user/217833494", "userReview": "\u5c0a\u4e36\u5275\u4e16\u6253\u8d4f\u8033\u6839 1000000\u8d77\u70b9\u5e01\u3000\u8fd9\u672c\u4e66\u5199\u7684\u592a\u597d\u4e86,\u7292\u52b3\u4e00\u4e0b\u5e0c\u671b\u540e\u7eed\u66f4\u7cbe\u5f69!"}, {"userName": "\u8d77\u4e2a\u6635\u79f0\u600e\u4e48\u8fd9\u4e48\u96be\u5462\u554a", "userReviewDate": "2018-01-15", "userURL": "https://my.qidian.com/user/219765344", "userReview": "\u8d77\u4e2a\u6635\u79f0\u600e\u4e48\u8fd9\u4e48\u96be\u5462\u554a\u6253\u8d4f\u8033\u6839 1000000\u8d77\u70b9\u5e01  \u8033\u5927\u968f\u5fc3\u66f4\uff0c\u4e0d\u8981\u5f71\u54cd\u60c5\u8282 \u9002\u5f53\u7206\u53d1"}, {"userName": "\u6d77\u9b42\u8863", "userReviewDate": "2018-01-15", "userURL": "https://my.qidian.com/user/226087788", "userReview": "\u6d77\u9b42\u8863\u6253\u8d4f\u8033\u6839 1000000\u8d77\u70b9\u5e01  \u4e3b\u7ad9"}, {"userName": "0\u67d2\u67d20", "userReviewDate": "2017-10-12", "userURL": "https://my.qidian.com/user/216551720", "userReview": "0\u67d2\u67d20\u6253\u8d4f\u8033\u6839 100000\u8d77\u70b9\u5e01  \u4e3b\u7ad9"}, {"userName": "\u60ac\u9b42\u68af", "userReviewDate": "2\u5c0f\u65f6\u524d", "userURL": "https://my.qidian.com/user/177644790", "userReview": "\u6c34\u7ecf\u9a8c\u6c34\u7ecf\u9a8c\u6c34\u7ecf\u9a8c\u6c34\u7ecf\u9a8c\u6c34\u7ecf\u9a8c\u6c34\u7ecf\u9a8c\u6c34\u7ecf\u9a8c\u6c34\u7ecf\u9a8c\u6c34\u7ecf\u9a8c\u6c34\u7ecf\u9a8c\u6c34\u7ecf\u9a8c\u6c34\u7ecf\u9a8c\u6c34\u7ecf\u9a8c\u6c34\u7ecf\u9a8c\u6c34\u7ecf\u9a8c"}, {"userName": "\u4e16\u4e0a\u6709\u4ed9\u5426", "userReviewDate": "2\u5c0f\u65f6\u524d", "userURL": "https://my.qidian.com/user/168100780", "userReview": "\u7b7e\u5230\u4e94\u4e2a\u5b57"}, {"userName": "\u7d2b\u5e7d\u90aa\u5c11", "userReviewDate": "3\u5c0f\u65f6\u524d", "userURL": "https://my.qidian.com/user/209577793", "userReview": "\u8bf8\u4f4d\u9053\u53cb\uff0c\u8033\u5927\u7684\u53e6\u51e0\u672c\u4e66\u4e0d\u4f1a\u50cf\u8fd9\u672c\u767d\u5c0f\u7eaf\u4e00\u6837\u4e0d\u7740\u8c03\u5427?!\u4e66\u662f\u597d\u770b\uff0c\u4f46\u7279\u4e48\u4eba\u8bbe\u6df1\u4e95\u51b0\u554a\u2026\u2026\u5076"}, {"userName": "\u516d\u4e24\u732b", "userReviewDate": "7\u5c0f\u65f6\u524d", "userURL": "https://my.qidian.com/user/310402606", "userReview": "\u7b7e\u5230\u6c34\u7ecf\u9a8c"}, {"userName": "\u5723\u5149\u7684\u8f6e\u56de\u773c", "userReviewDate": "8\u5c0f\u65f6\u524d", "userURL": "https://my.qidian.com/user/216499808", "userReview": "\u6211\u6765\u7b7e\u5230\u4e86\ud83d\ude01"}, {"userName": "\u53d6\u540d\u9ad8\u624b", "userReviewDate": "15\u5c0f\u65f6\u524d", "userURL": "https://my.qidian.com/user/149808459", "userReview": "\u9192\u6765\u770b\u770b\u4e66"}, {"userName": "\u60ac\u9b42\u68af", "userReviewDate": "15\u5c0f\u65f6\u524d", "userURL": "https://my.qidian.com/user/177644790", "userReview": "\u6c34\u7ecf\u9a8c\u6c34\u7ecf\u9a8c\u6c34\u7ecf\u9a8c\u6c34\u7ecf\u9a8c\u6c34\u7ecf\u9a8c\u6c34\u7ecf\u9a8c\u6c34\u7ecf\u9a8c\u6c34\u7ecf\u9a8c\u6c34\u7ecf\u9a8c\u6c34\u7ecf\u9a8c\u6c34\u7ecf\u9a8c\u6c34\u7ecf\u9a8c\u6c34\u7ecf\u9a8c\u6c34\u7ecf\u9a8c\u6c34\u7ecf\u9a8c"}, {"userName": "zhuahi269", "userReviewDate": "16\u5c0f\u65f6\u524d", "userURL": "https://my.qidian.com/user/5375813", "userReview": "\u7b7e\u5230   "}, {"userName": "\u8bfb\u4e66666", "userReviewDate": "17\u5c0f\u65f6\u524d", "userURL": "https://my.qidian.com/user/112548192", "userReview": "\u6bcf\u5929\u4e94\u4e2a\u5b57"}], "description": "\u60a0\u60a0\u4e07\u8f7d\u4e00\u5ff5\u95f4\uff0c\u65a9\u5343\u9b54\uff0c\u8bdb\u4e07\u4ed9\uff0c\u552f\u6211\u6c38\u6052\u3002", "title": "\u4e00\u5ff5\u6c38\u6052", "url": "https://book.qidian.com/info/1003354631", "average": -1.0, "cover": "//qidian.qpic.cn/qdbimg/349573/1003354631/180", "reviews": -1, "authors": [{"url": "https://me.qidian.com/authorIndex.aspx?id=4362120", "name": "\u8033\u6839"}], "type": ["\u4ed9\u4fa0", "\u5e7b\u60f3\u4fee\u4ed9"], "outlinks": ["https://book.qidian.com/info/1003354631", "https://book.qidian.com/info/1005317872", "https://book.qidian.com/info/1005317872", "https://book.qidian.com/info/1010566688", "https://book.qidian.com/info/1010566688", "https://book.qidian.com/info/1010259609", "https://book.qidian.com/info/1010259609", "https://book.qidian.com/info/1010015512", "https://book.qidian.com/info/1010015512", "https://book.qidian.com/info/1005373310", "https://book.qidian.com/info/1005373310", "https://book.qidian.com/info/1010741811", "https://book.qidian.com/info/1010741811", "https://book.qidian.com/info/1243117", "https://book.qidian.com/info/1243117", "https://book.qidian.com/info/1264634", "https://book.qidian.com/info/1264634", "https://book.qidian.com/info/2070910", "https://book.qidian.com/info/2070910", "https://book.qidian.com/info/3106580", "https://book.qidian.com/info/3106580", "https://book.qidian.com/info/1004595892", "https://book.qidian.com/info/1004595892", "https://book.qidian.com/info/1010327039", "https://book.qidian.com/info/1010327039", "https://book.qidian.com/info/1010327039", "https://book.qidian.com/info/1012016027", "https://book.qidian.com/info/1011630501", "https://book.qidian.com/info/1012010192", "https://book.qidian.com/info/1011834598", "https://book.qidian.com/info/1011672705", "https://book.qidian.com/info/1011966835", "https://book.qidian.com/info/1011940680", "https://book.qidian.com/info/1011491390", "https://book.qidian.com/info/1011995376"]}