{"ratings": 0.0, "userreviews": [{"userName": "\u767d\u5c11\u7237", "userReviewDate": "47\u5206\u949f\u524d", "userURL": "https://my.qidian.com/user/137436", "userReview": "\u79e6\u7684\u5d1b\u8d77\uff0c\u4e0d\u662f\u51e0\u5e74\u7684\u4e8b\u60c5\uff0c\u800c\u662f\u767e\u5e74\u7684\u5e95\u8574\u3002\u4ee5\u9f50\u4f10\u79e6\uff0c\u51e0\u5e74\u5c31\u50cf\u505a\u5230\uff0c\u90a3\u662f\u5728\u505a\u68a6\uff0c\u56e0\u4e3a\u68a6\u91cc\u4f60\u662f"}, {"userName": "\u9aa8\u5934\u4e0d\u542c\u8bdd", "userReviewDate": "3\u5c0f\u65f6\u524d", "userURL": "https://my.qidian.com/user/178649127", "userReview": "\u751f\u6d3b\u4e0d\u5bb9\u6613\u554a\uff0c\u6253\u4e2a\u5e7f\u544a\u81ea\u5356\u81ea\u5938\u4e00\u4e0b\u5427\uff1a1.\u672c\u6587\u9664\u4e86\u5f00\u5934\u7684\u7a7f\u8d8a\u65b9\u5f0f\u81ea\u5e26\u5168\u5929\u7136\u7eff\u8272\u65e0\u6c61\u67d3\u65e0\u6bd2\u53ef"}, {"userName": "\u4e8b\u5b9e\u4e0d\u80fd\u5426\u8ba4", "userReviewDate": "4\u5c0f\u65f6\u524d", "userURL": "https://my.qidian.com/user/315371755", "userReview": "\u5bf9\u4e8e\u65e0\u9650\u7565\u957f\uff0c\u5bf9\u4e8e\u5386\u53f2\u7565\u77ed"}, {"userName": "\u4e2d\u4e8c\u4ed9\u4eba", "userReviewDate": "7\u5c0f\u65f6\u524d", "userURL": "https://my.qidian.com/user/225057124", "userReview": "\u518d\u8bf4\u4e00\u904d\uff0c\u8fd9\u662f\u5bfb\u79e6\u8bb0\u540c\u4eba\uff0c\u540c\u4eba\u3002"}, {"userName": "\u8896\u59ff\u6001", "userReviewDate": "10\u5c0f\u65f6\u524d", "userURL": "https://my.qidian.com/user/197035478", "userReview": "\u6625\u79cb\u6218\u56fd\u65f6\u4ee3\u662f\u6211\u4eec\u56fd\u5bb6\u53e4\u4ee3\u7684\u4e00\u4e2a\u7206\u53d1\u671f\uff0c\u4e0d\u7ba1\u662f\u601d\u60f3\u8fd8\u662f\u6280\u672f\u7814\u7a76\u3002\u5982\u679c\u4e00\u76f4\u6301\u7eed\u4e0b\u6765\u4f30\u8ba1\u51e0\u767e\u5e74"}, {"userName": "\u841d00\u8389XX\u63a7", "userReviewDate": "10\u5c0f\u65f6\u524d", "userURL": "https://my.qidian.com/user/178519995", "userReview": "\u7a7f\u8d8a\u8fc7\u53bb\u7684\u5934\u4e00\u4ef6\u4e8b\u60c5\u5c31\u662f\u751f\u5b58\uff01\u600e\u4e48\u6d3b\u4e0b\u53bb\uff01\u628a\u5c0f\u8bf4\u5f53\u771f\u7684\u5c31\u522b\u6d3b\u4e86\uff01\u8863\u98df\u4f4f\u884c\u5b8c\u5168\u4e0d\u4e00\u6837\uff01\u6709\u8111\u5b50"}, {"userName": "bnkdh", "userReviewDate": "10\u5c0f\u65f6\u524d", "userURL": "https://my.qidian.com/user/113911678", "userReview": "\u79e6\u56fd\u6ca1\u4f60\u4eec\u60f3\u7684\u90a3\u4e48\u96be\u6253\uff0c\u8bf4\u53e5\u4e0d\u597d\u542c\u7684\u7a7f\u8d8a\u8005\u53ea\u8981\u80fd\u628a\u519b\u961f\u7ec3\u5230\u4e2d\u56fd\u521d\u4e2d\u751f\u7684\u7eaa\u5f8b\u6027\u52a0\u4e0a\u9a91\u5899\u51b2\u950b\u5c31"}, {"userName": "\u8d1d\u58f3\u623f", "userReviewDate": "\u6628\u65e510:42", "userURL": "https://my.qidian.com/user/178445099", "userReview": "\u73b0\u4ee3\u6218\u4e89\u548c\u53e4\u65f6\u6218\u4e89\u662f\u4e0d\u4e00\u6837\u7684\uff01\u7eaa\u5f8b\u662f\u91cd\u8981\u7684\u65b9\u9762\uff01\u6700\u5927\u7684\u533a\u522b\u662f\u53e4\u65f6\u6218\u4e89\u662f\u4e0d\u5141\u8bb8\u8bf4\u8bdd\u7684\uff01\u53ea\u6709\u884c"}, {"userName": "\u4e66\u53cb161109125921393", "userReviewDate": "\u6628\u65e506:42", "userURL": "https://my.qidian.com/user/225362761", "userReview": "\u6211\u60f3\u8bf4\uff0c\u54e5\u4eec\u770b\u70b9\u5386\u53f2\u4e66\u5728\u8bc4\u8bba\u597d\u5417\u3002\u4f60\u8fd9\u6837\u5bb9\u6613\u8ba9\u4eba\u8bf4\u65e0\u8111\u7684\u3002\u4f60\u5bb6\u7684\u521d\u4e2d\u751f\u80fd\u540a\u6253\u4e2d\u56fd\u6240\u6709\u51b7\u5175\u5668"}, {"userName": "\u51b0\u51dd\u7d2b\u591c", "userReviewDate": "\u6628\u65e506:33", "userURL": "https://my.qidian.com/user/112618957", "userReview": "\u53e4\u4ee3\u53ea\u6709\u4e24\u9910\uff0c\u8fd1\u4ee3\u624d\u6709\u4e00\u65e5\u4e09\u9910\u3002\u800c\u4e14\u53e4\u4ee3\u4e5f\u6ca1\u6709\u90a3\u4e48\u591a\u8089\u7ed9\u4f60\u5403\uff0c\u5728\u5403\u4e0d\u9971\u7684\u60c5\u51b5\u4e0b\u3002\u3002\u3002\u8fd9\u8bad\u7ec3"}, {"userName": "\u695d\u97f5", "userReviewDate": "\u6628\u65e505:41", "userURL": "https://my.qidian.com/user/171563915", "userReview": "\u4e00\u4e8c\u5341\u7ae0\u5199\u4e00\u6bb5\u5267\u60c5,\u770b\u4e86\u767e\u6765\u7ae0\u5c31\u8fc7\u4e86\u5341\u51e0\u5929?"}, {"userName": "\u8d85\u795e\u661f\u77e2", "userReviewDate": "2018-06-07", "userURL": "https://my.qidian.com/user/212722227", "userReview": "\u672c\u6765\u5c31\u662f\u591a\u56fd\u90e8\u961f\uff0c\u5229\u76ca\u8bc9\u6c42\u4e0d\u4e00\u81f4\u3002\u770b\u5230\u9000\u8d70\uff0c\u5c31\u8ba4\u4e3a\u79e6\u6784\u4e0d\u6210\u5a01\u80c1\uff0c\u9a6c\u4e0a\u5c31\u80fd\u5f00\u59cb\u4e92\u6597\u3002\u518d\u52a0\u4e0a\u56fd"}, {"userName": "\u4e0d\u89ba\u5df2\u5343\u5e74\uff0e\u5922\u4e0d\u89ba", "userReviewDate": "2018-06-07", "userURL": "https://my.qidian.com/user/201577934", "userReview": "\u8aaa\u5be6\u8a71\u9805\u5c11\u9f8d\u51fa\u4f86\u76f4\u63a5\u5bb0\u4e86\u4ed6\u4e0d\u5c31\u5f97\u4e86"}, {"userName": "\u841d00\u8389XX\u63a7", "userReviewDate": "2018-06-07", "userURL": "https://my.qidian.com/user/178519995", "userReview": "\u5373\u4f7f\u662f\u5c0f\u8bf4\u4e16\u754c\uff0c\u4e3b\u89d2\u628a\u5386\u53f2\u6539\u6210\u8fd9\u6837\uff0c\u672a\u6765\u54ea\u8fd8\u6709\u9879\u5c11\u9f99\uff5e\uff5e"}], "description": "\u661f\u6d77\u6f2b\u6e38\uff0c\u65f6\u7a7a\u7a7f\u68ad\uff0c\u673a\u68b0\u79d1\u6280\uff0c\u76ee\u6807\u662f\u672a\u77e5\u7684\u661f\u8fb0\u5927\u6d77\uff01", "title": "\u4e00\u5207\u4ece\u5bfb\u79e6\u8bb0\u5f00\u59cb", "url": "https://book.qidian.com/info/1010832883", "average": -1.0, "cover": "//qidian.qpic.cn/qdbimg/349573/1010832883/180", "reviews": -1, "authors": [{"url": "https://me.qidian.com/authorIndex.aspx?id=401281278", "name": "\u9aa8\u5934\u4e0d\u542c\u8bdd"}], "type": ["\u79d1\u5e7b", "\u65f6\u7a7a\u7a7f\u68ad"], "outlinks": ["https://book.qidian.com/info/1010832883", "https://book.qidian.com/info/1010242566", "https://book.qidian.com/info/1010242566", "https://book.qidian.com/info/1009665511", "https://book.qidian.com/info/1009665511", "https://book.qidian.com/info/1009243008", "https://book.qidian.com/info/1009243008", "https://book.qidian.com/info/1010125745", "https://book.qidian.com/info/1010125745", "https://book.qidian.com/info/1010293035", "https://book.qidian.com/info/1010293035", "https://book.qidian.com/info/1009969633", "https://book.qidian.com/info/1009969633", "https://book.qidian.com/info/1011814764", "https://book.qidian.com/info/1011636462", "https://book.qidian.com/info/1012011143", "https://book.qidian.com/info/1011989615", "https://book.qidian.com/info/1011979302", "https://book.qidian.com/info/1011962232", "https://book.qidian.com/info/1012020634", "https://book.qidian.com/info/1011923738", "https://book.qidian.com/info/1012020834", "https://book.qidian.com/info/1011973977"]}