{"ratings": 0.0, "userreviews": [{"userName": "\u5927\u68a6\u6ce3", "userReviewDate": "2017-02-04", "userURL": "https://my.qidian.com/user/120396203", "userReview": "\u5173\u4e8e\u5927\u5bb6\u8bf4\u590d\u5236\u80fd\u529b\u592a\u9006\u5929\u7684\u770b\u6cd5\uff0c\u5927\u68a6\u6ce3\u5728\u8fd9\u91cc\u89e3\u91ca\u4e00\u756a\uff0c\u8fd9\u590d\u5236\u80fd\u529b\u662f\u91d1\u624b\u6307\uff0c\u4e3b\u8981\u662f\u8f85\u4f50\u60c5\u8282\u548c"}, {"userName": "\u4e39\u98ce\u843d\u9633", "userReviewDate": "2016-12-30", "userURL": "https://my.qidian.com/user/171433410", "userReview": "\u4e3a\u5927\u68a6\u6ce3\u8fd9\u4e2a\u540d\u5b57\u6211\u5c31\u6536\u85cf\u4e86\uff0c\u4f60\u7684\u4f5c\u54c1\u91cc\u771f\u7684\u8ba9\u6211\u611f\u89c9\u5230\u4ed9\u4fa0\u4e16\u754c\u91cc\u7684\u4ed9\u6c14"}, {"userName": "\u6211\u662f\u539f\u706b", "userReviewDate": "2018-05-18", "userURL": "https://my.qidian.com/user/214583380", "userReview": "\u725b\u5934\u4eba\u5165\u7f57\u5239\u56fd\u4e4b\u524d\u90fd\u5199\u7684\u5f88\u597d\uff0c\u540e\u53d8\u4e3b\u89d2\u5c31\u592a\u65e0\u60c5\u4e86\uff0c\u4eba\u5bb6\u4e0d\u6740\u4f60\u90fd\u8981\u4ee5\u8eab\u76f8\u8bb8\u4e86\u8fd8\u8ba9\u4eba\u5bb6\u7b49500"}, {"userName": "\u6c38\u6052\u4e5d\u5dde", "userReviewDate": "2018-05-18", "userURL": "https://my.qidian.com/user/226880528", "userReview": "\u725b\u5934\u4eba\u6c38\u4e0d\u4e3a\u5974\uff0c\u5927\u529b\u725b\u9b54\u738b\uff0c\u5982\u610f\u771f\u4ed9\uff0c\u7f57\u5239\u56fd\u94c1\u6247\u516c\u4e3b\uff0c\u8fd8\u6709\u4e4b\u524d\u51fa\u73b0\u7684\u5fc3\u6708\u72d0\uff08\u4e5d\u5c3e\u72d0\uff09\u5927\u54e5\uff0c"}, {"userName": "\u81f3\u9ad8\u65e0\u4e0a\u5927\u5929\u5c0a", "userReviewDate": "2018-05-18", "userURL": "https://my.qidian.com/user/190372863", "userReview": "\u6ca1\u4e86\ud83d\ude2d\uff01\uff01\uff01\uff01"}, {"userName": "\u81ea\u884c\u8f66\u7b2c\u4e00", "userReviewDate": "2018-05-09", "userURL": "https://my.qidian.com/user/188060760", "userReview": "\u4ec0\u4e48\u65f6\u5019\u51fa\u65b0\u4e66\uff1f"}, {"userName": "\u9752\u884d\u4e07\u7269", "userReviewDate": "2018-04-27", "userURL": "https://my.qidian.com/user/220272144", "userReview": "\u4f5c\u8005\u65b0\u4e66\u5728\u54ea\u91cc"}, {"userName": "\u63a7\u5929\u4e0b\u4e4b\u841d\u8389", "userReviewDate": "2018-04-26", "userURL": "https://my.qidian.com/user/311162391", "userReview": "\u60ca\u96f7\u8fd9\u901a\u5929\u4fee\u4e3a"}, {"userName": "\u597d\u591a\u7f51\u540d\u90fd\u5b58\u5728\u554a", "userReviewDate": "2018-03-19", "userURL": "https://my.qidian.com/user/151871092", "userReview": "\u6709\u65b0\u4e66\u5417\uff1f\uff1f"}, {"userName": "\u4e1c\u839e\u6309\u7389\u5cf0", "userReviewDate": "2018-02-06", "userURL": "https://my.qidian.com/user/209429972", "userReview": "\u4e5d\u5b57\u771f\u8a00\u4e0d\u662f\u4e34\u5175\u6597\u8005\u7686\u6570\u7ec4\u524d\u884c\u5417"}, {"userName": "\u6211\u662f\u539f\u706b", "userReviewDate": "2017-10-30", "userURL": "https://my.qidian.com/user/214583380", "userReview": "\u7ed3\u5c3e\u592a\u4ed3\u4fc3\u4e86\uff0c\u4e00\u7ae0\u8fc7\u4e86\u4e00\u5343\u5e74\uff0c\u7136\u540e\u5b8c"}, {"userName": "tyuiopu", "userReviewDate": "2017-10-09", "userURL": "https://my.qidian.com/user/209763384", "userReview": "\u6210\u7ee9\u597d\u5dee\uff0c\u517b\u6b7b\u4e86\u5417\uff1f"}, {"userName": "\u53e3\u793a\u5fc3\u6249", "userReviewDate": "2017-09-05", "userURL": "https://my.qidian.com/user/209677048", "userReview": "#\u524d\u65b9\u9ad8\u80fd\uff0c\u65b0\u5165\u5751\u52ff\u89c6#\u770b\u4e86\u770b\u8bc4\u8bba\uff0c\u53d1\u73b0\u6709\u4eba\u8ba8\u8bba\u8fd9\u4e3b\u89d2\u7a7f\u8d8a\u6210\u90a3\u4e2a\u795e\u4ed9\uff0c\u6211\u4e00\u5f00\u59cb\u4e5f\u6709\u5dee\u4e0d\u591a\u60f3"}, {"userName": "\u7eb5\u6a2a\u5929\u4e0b\u5c0f\u5f3a", "userReviewDate": "2017-08-14", "userURL": "https://my.qidian.com/user/300235658", "userReview": "\u5f02\u80fd\u8005\u90e8\u95e8\uff0c\u7279\u5de5\u961f\u957f\uff0c\u80fd\u4fee\u70bc\u7684\u5929\u8d4b\uff0c\u5404\u79cd\u5f02\u80fd\u672f\u7684\u5e7b\u60f3\u5c0f\u8bf4\uff0c\u5996\u517d\u3001\u5438\u8840\u4e00\u65cf\u3001\u53d8\u79cd\u4eba\uff0c\u5f02\u80fd\u8005\u4e4b"}], "description": "\u4fee\u4ed9\u89c5\u957f\u751f\uff0c\u70ed\u8840\u4efb\u900d\u9065\uff0c\u8e0f\u83b2\u66f3\u6ce2\u6da4\u5251\u9aa8\uff0c\u51ed\u865a\u5fa1\u98ce\u5851\u5723\u9b42\uff01", "title": "\u4e00\u5251\u60ca\u96f7", "url": "https://book.qidian.com/info/1004920828", "average": -1.0, "cover": "//qidian.qpic.cn/qdbimg/349573/1004920828/180", "reviews": -1, "authors": [{"url": "https://me.qidian.com/authorIndex.aspx?id=2352738", "name": "\u5927\u68a6\u6ce3"}], "type": ["\u4ed9\u4fa0", "\u5e7b\u60f3\u4fee\u4ed9"], "outlinks": ["https://book.qidian.com/info/1004920828", "https://book.qidian.com/info/1010868771", "https://book.qidian.com/info/1010868771", "https://book.qidian.com/info/1010434913", "https://book.qidian.com/info/1010434913", "https://book.qidian.com/info/1010832108", "https://book.qidian.com/info/1010832108", "https://book.qidian.com/info/1010904380", "https://book.qidian.com/info/1010904380", "https://book.qidian.com/info/1010920862", "https://book.qidian.com/info/1010920862", "https://book.qidian.com/info/1010916822", "https://book.qidian.com/info/1010916822", "https://book.qidian.com/info/2004302", "https://book.qidian.com/info/2004302", "https://book.qidian.com/info/2406582", "https://book.qidian.com/info/2406582", "https://book.qidian.com/info/2476921", "https://book.qidian.com/info/2476921", "https://book.qidian.com/info/3153553", "https://book.qidian.com/info/3153553", "https://book.qidian.com/info/3636960", "https://book.qidian.com/info/3636960", "https://book.qidian.com/info/1011875023", "https://book.qidian.com/info/1011875023", "https://book.qidian.com/info/1010327039", "https://book.qidian.com/info/1012016027", "https://book.qidian.com/info/1011630501", "https://book.qidian.com/info/1012010192", "https://book.qidian.com/info/1011834598", "https://book.qidian.com/info/1011672705", "https://book.qidian.com/info/1011966835", "https://book.qidian.com/info/1011940680", "https://book.qidian.com/info/1011491390", "https://book.qidian.com/info/1011995376"]}