{"ratings": 0.0, "userreviews": [{"userName": "\u4e66\u53cb160806204846526", "userReviewDate": "2018-05-02", "userURL": "https://my.qidian.com/user/220803197", "userReview": "\u6709\u70b9\u610f\u601d      "}, {"userName": "Goodfeeling", "userReviewDate": "2018-04-09", "userURL": "https://my.qidian.com/user/146683346", "userReview": "\u611f\u89c9\u662f\u628a\u7b11\u50b2\u6c5f\u6e56\u548c\u5929\u9f99\u516b\u90e8\u6df7\u5728\u4e00\u8d77"}, {"userName": "\u6606\u4ed1\u5c0f\u8d3c", "userReviewDate": "2017-06-30", "userURL": "https://my.qidian.com/user/105760473", "userReview": "\u8fd9\u4e2a\u4e3b\u89d2\u597d\u8822\u554a"}, {"userName": "\u767e\u591a\u5206", "userReviewDate": "2017-05-16", "userURL": "https://my.qidian.com/user/1710127", "userReview": "\u652f\u6301"}, {"userName": "\u767e\u591a\u5206", "userReviewDate": "2017-05-15", "userURL": "https://my.qidian.com/user/1710127", "userReview": "\u52a0\u6cb9"}, {"userName": "\u767e\u591a\u5206", "userReviewDate": "2017-05-11", "userURL": "https://my.qidian.com/user/1710127", "userReview": "\u53ef\u4ee5"}, {"userName": "\u65e0\u540d\u83bd\u6c49", "userReviewDate": "2017-04-17", "userURL": "https://my.qidian.com/user/227115653", "userReview": "\u53ef\u4ee5\u8bc4\u8bba\u5417"}], "description": "\u501f\u4e09\u5c3a\u660e\u6708\uff0c\u8854\u4e24\u8896\u9752\u9f99\uff0c\u8f7b\u5251\u5feb\u9a6c\u6063\u610f\uff0c\u643a\u4fa3\u6c5f\u6e56\u540c\u6e38\uff01", "title": "\u4e00\u5251\u82cd\u7a79", "url": "https://book.qidian.com/info/1004183530", "average": -1.0, "cover": "//qidian.qpic.cn/qdbimg/349573/1004183530/180", "reviews": -1, "authors": [{"url": "https://me.qidian.com/authorIndex.aspx?id=8859763", "name": "\u6708\u4e0b\u6572\u95e8"}], "type": ["\u6b66\u4fa0", "\u6b66\u4fa0\u5e7b\u60f3"], "outlinks": ["https://book.qidian.com/info/1004183530", "https://book.qidian.com/info/1010763595", "https://book.qidian.com/info/1010763595", "https://book.qidian.com/info/1010075122", "https://book.qidian.com/info/1010075122", "https://book.qidian.com/info/1005052031", "https://book.qidian.com/info/1005052031", "https://book.qidian.com/info/1010558847", "https://book.qidian.com/info/1010558847", "https://book.qidian.com/info/1001757903", "https://book.qidian.com/info/1001757903", "https://book.qidian.com/info/1005406190", "https://book.qidian.com/info/1005406190", "https://book.qidian.com/info/1011944086", "https://book.qidian.com/info/1011944086", "https://book.qidian.com/info/1011815974", "https://book.qidian.com/info/1011216976", "https://book.qidian.com/info/1012036528", "https://book.qidian.com/info/1011985057", "https://book.qidian.com/info/1011631528", "https://book.qidian.com/info/1011928444", "https://book.qidian.com/info/1011771234", "https://book.qidian.com/info/1011973127", "https://book.qidian.com/info/1005784137", "https://book.qidian.com/info/1011916945"]}