{"ratings": 0.0, "userreviews": [{"userName": "\u732a\u7cbe1\u53f7", "userReviewDate": "2018-05-10", "userURL": "https://my.qidian.com/user/11084536", "userReview": "\u5927\u4fdd\u5065\u4f5c\u8005\u5211\u6ee1\u91ca\u653e\u53d1\u65b0\u4e66\u4e86\u300a\u6781\u62f3\u66b4\u541b\u300b\uff0c\u94c1\u7a97\u6325\u6cea\u6c42\u6536\u85cf\u63a8\u8350\u3002"}, {"userName": "\u673a\u68b0\u72fc\u517d", "userReviewDate": "2018-03-13", "userURL": "https://my.qidian.com/user/100673943", "userReview": "\u8fd9\u662f\u6211\u770b\u8fc7\u6700\u679c\u65ad\u3001\u5e9f\u8bdd\u6700\u5c11\u7684\u4e00\u672c\u4e66\uff0c\u723d\uff0c\u9738\u6c14\uff01"}, {"userName": "saidh", "userReviewDate": "2017-12-30", "userURL": "https://my.qidian.com/user/150589480", "userReview": "saidh\u6253\u8d4f\u591c\u4e0e\u96ea 50000\u8d77\u70b9\u5e01  \u4e3b\u7ad9"}, {"userName": "\u6d77\u00b7\u9b42", "userReviewDate": "2017-12-30", "userURL": "https://my.qidian.com/user/192342", "userReview": "\u6d77\u00b7\u9b42\u6253\u8d4f\u591c\u4e0e\u96ea 50000\u8d77\u70b9\u5e01  \u4e00\u5200\u5288\u5f00\u751f\u6b7b\u8def"}, {"userName": "\u6728\u74dc\u4e0d\u5927bbb", "userReviewDate": "2018-06-03", "userURL": "https://my.qidian.com/user/225137559", "userReview": "\u8fd8\u662f\u53bb\u770b\u6781\u62f3\u66b4\u541b\u5427\uff0c\u8fd9\u4e66\u6211\u8fde\u7b2c\u4e00\u7ae0\u90fd\u6ca1\u6709\u633a\u8fc7\u53bb"}, {"userName": "\u6c5f\u82cfIjh", "userReviewDate": "2018-05-29", "userURL": "https://my.qidian.com/user/176140042", "userReview": "\u9664\u4e86\u90a3\u4e2a\u65b0\u671d\u7684\u8ffd\u5175\uff0c\u5176\u4ed6\u654c\u4eba\u5168\u90fd\u662f\u56e0\u4e3a\u4f60\u505a\u4fdd\u59c6\u641e\u51fa\u6765\u7684\uff0c\u4e00\u4e2a\u65b9\u5bb6\uff0c\u9664\u4e86\u90a3\u4e2a\u5973\u7684\uff0c*****"}, {"userName": "\u597d\u5fc3\u60c5\u7684\u4f60", "userReviewDate": "2018-05-28", "userURL": "https://my.qidian.com/user/214741599", "userReview": "48266861"}, {"userName": "\u6c5f\u82cfIjh", "userReviewDate": "2018-05-27", "userURL": "https://my.qidian.com/user/176140042", "userReview": "\u524d\u9762\u5267\u60c5\u4e00\u76f4\u5f53\u4fdd\u59c6\uff0c\u8fd9\u4e48\u559c\u6b22\u7ed9\u4eba\u5f53\u4fdd\u59c6\u7684\u5417\uff1f"}, {"userName": "zer0o", "userReviewDate": "2018-05-27", "userURL": "https://my.qidian.com/user/154937631", "userReview": "\u4e0d\u662f\u4e00\u5200\u65a9\u65ad\u662f\u975e\u6839\u5417"}, {"userName": "\u5317\u7075\u6d77\u4e0a\u6709\u7075\u9cb2", "userReviewDate": "2018-05-26", "userURL": "https://my.qidian.com/user/307269536", "userReview": "\u4ece\u524d\u9762\u51e0\u7ae0\u6211\u5c31\u770b\u5230\u4e86\u300a\u98df\u7269\u94fe\u9876\u7aef\u7684\u7537\u4eba\u300b\u300a\u5bc2\u9759\u6740\u622e\u300b\u300a\u9b54\u795e\u4e50\u56ed\u300b\u4e09\u672c\u4e66\u7684\u5f71\u5b50\u3002\u7136\u540e\u76f4\u63a5\u8df3\u5230"}, {"userName": "\u661f\u6200\u51e1\u5c18", "userReviewDate": "2018-05-26", "userURL": "https://my.qidian.com/user/200691429", "userReview": "\u6211\u5c31\u770b\u4e86\u7b2c\u4e00\u7ae0\uff0c\u4e3b\u89d2\u662f\u4e0d\u662f\u50bb\u6709\u4e86\u51e0\u4e4e\u65e0\u6240\u4e0d\u80fd\u7684\u80fd\u529b\uff0c\u4e0d\u7b2c\u4e00\u65f6\u95f4\u590d\u6d3b\u90a3\u4e2a\u7231\u7684\u4eba\u518d\u53bb\u590d\u4ec7\u3002"}, {"userName": "\u7eeb\u6fd1\u9171", "userReviewDate": "2018-05-24", "userURL": "https://my.qidian.com/user/225816993", "userReview": "\u600e\u4e48\u611f\u89c9\u5728******\u770b\u8fc7\u76f8\u540c\u7684\u4e66[fn=17]"}, {"userName": "\u603b\u662f\u4e66\u8352\u4e2d", "userReviewDate": "2018-05-22", "userURL": "https://my.qidian.com/user/220979313", "userReview": "\u5176\u5b9e\u6211\u5c31\u60f3\u8bf4\u91cc\u9762\u7684\u914d\u89d2\u90fd\u662f\u725b\u4eba\u5440\uff01\u5e94\u5b97\u9053\uff01\u6ed5\u9752\u5c71\uff01\u4e00\u4e2a\u6bd4\u4e00\u4e2a\u731b\uff01"}, {"userName": "\u5c01\u6c60", "userReviewDate": "2018-05-21", "userURL": "https://my.qidian.com/user/4858778", "userReview": "\u602a\u4e0d\u5f97\u8fd9\u4e66\u5199\u5f97\u4e0d\u9519\u770b\u7740\u4e5f\u884c\uff0c\u53ef\u504f\u504f\u4e3b\u89d2\u5c31\u662f\u4e2a\u767d\u773c\u72fc\u5c31\u5012\u80c3\u53e3\u4e86\uff0c\u5f00\u5c40\u90a3\u4e2a\u6050\u6016\u5b58\u5728\u786e\u5b9e\u7ed9\u4e3b\u89d2\u62a5"}], "description": "\u5fc3\u6f6e\u6f8e\u6e43\uff0c\u65e0\u9650\u5e7b\u60f3\uff0c\u8fce\u98ce\u6325\u51fb\u5343\u5c42\u6d6a\uff0c\u5c11\u5e74\u4e0d\u8d25\u70ed\u8840\uff01", "title": "\u4e00\u5200\u5288\u5f00\u751f\u6b7b\u8def", "url": "https://book.qidian.com/info/1003741750", "average": -1.0, "cover": "//qidian.qpic.cn/qdbimg/349573/1003741750/180", "reviews": -1, "authors": [{"url": "https://me.qidian.com/authorIndex.aspx?id=7868566", "name": "\u591c\u4e0e\u96ea"}], "type": ["\u7384\u5e7b", "\u5f02\u4e16\u5927\u9646", "\u4e8c\u6b21\u5143"], "outlinks": ["https://book.qidian.com/info/1003741750", "https://book.qidian.com/info/1010495773", "https://book.qidian.com/info/1010495773", "https://book.qidian.com/info/1010695671", "https://book.qidian.com/info/1010695671", "https://book.qidian.com/info/1010041028", "https://book.qidian.com/info/1010041028", "https://book.qidian.com/info/1010696572", "https://book.qidian.com/info/1010696572", "https://book.qidian.com/info/1010000699", "https://book.qidian.com/info/1010000699", "https://book.qidian.com/info/1010450940", "https://book.qidian.com/info/1010450940", "https://book.qidian.com/info/1011497893", "https://book.qidian.com/info/1011497893", "https://book.qidian.com/info/1011988403", "https://book.qidian.com/info/1009595922", "https://book.qidian.com/info/1011844784", "https://book.qidian.com/info/1011892497", "https://book.qidian.com/info/1011095320", "https://book.qidian.com/info/1011996851", "https://book.qidian.com/info/1011856434", "https://book.qidian.com/info/1011879207", "https://book.qidian.com/info/1011833256", "https://book.qidian.com/info/1011967674"]}