{"ratings": 0.0, "userreviews": [{"userName": "\u5415\u5929\u867e4501", "userReviewDate": "23\u5206\u949f\u524d", "userURL": "https://my.qidian.com/user/313375624", "userReview": "\u6765\u6765\u7b7e\u4e2a\u5230\uff01"}, {"userName": "\u5415\u5929\u867e10004", "userReviewDate": "2018-06-05", "userURL": "https://my.qidian.com/user/313404804", "userReview": "(??? \u0434 ???)!!!"}, {"userName": "\u7b14\u4e0b\u4e66\u711a\u708e", "userReviewDate": "2018-05-14", "userURL": "https://my.qidian.com/user/230926868", "userReview": "\u5c0f\u4eba\u7269\u5f00\u5c40\uff0c\u6ca1\u5174\u8da3\u770b\uff0c\u683c\u5c40\u592alow\u4e86\u3002"}, {"userName": "\u96e8\u7fce\u6d45\u788e", "userReviewDate": "2018-04-24", "userURL": "https://my.qidian.com/user/307086840", "userReview": "\u4e0d\u591f\u770b\u3002\u3002\n"}, {"userName": "\u8fdb\u51fb\u7684\u5927\u9e4f~", "userReviewDate": "2018-04-20", "userURL": "https://my.qidian.com/user/216773983", "userReview": "\u8fd9\u7b80\u4ecb\uff5e\u770b\u4e0d\u61c2\u554a\u2026\u2026\u6211\u8fd8\u8981\u4e0d\u8981\u770b\u8fd9\u672c\u4e66\u5462\uff1f[fn=4]"}, {"userName": "\u50bb\u7cd6\u7cd6\u7b28\u679c\u679c", "userReviewDate": "2018-04-03", "userURL": "https://my.qidian.com/user/135810100", "userReview": "\u6211\u6bcf\u5929\u90fd\u6709\u6765\u770b\u66f4\u65b0\uff0c\u4e0d\u53d8\u7684\u652f\u6301\uff0c\u63a8\u8350\u7968\u9001\u4e0a\u4e86\uff0c\u52a0\u6cb9\u54e6\u3002"}, {"userName": "taiyangxuere", "userReviewDate": "2018-04-01", "userURL": "https://my.qidian.com/user/4272362", "userReview": "\u4e00\u672c\u4e66\u6709\u6240\u6210\u5c31\uff0c\u4e00\u534a\u6e90\u81ea\u4f5c\u8005\u52aa\u529b\uff0c\u4e00\u534a\u5f52\u529f\u4e8e\u8bfb\u8005\u652f\u6301\u3002\u6240\u4ee5\u6211\u652f\u6301\uff0c\u81ea\u604b\u4e0b\u3002[fn=4]"}, {"userName": "SeptMia", "userReviewDate": "2018-03-30", "userURL": "https://my.qidian.com/user/134152656", "userReview": "\u7edd\u5bf9\u503c\u5f97\u4e00\u770b\u7684\u4e00\u672c\u597d\u4e66\u3002[fn=2]"}, {"userName": "\u4e66\u53cb150505143630020", "userReviewDate": "2018-03-29", "userURL": "https://my.qidian.com/user/202170642", "userReview": "\u64cd\u86cb\u8fd9\u4e48\u4e0d\u8d1f\u8d23\u4efb\uff0c\u5783\u573e\u4e8f\u6211\u4e00\u76f4\u770b\u5230\u73b0\u5728"}, {"userName": "\u4e66\u53cb140318120906873", "userReviewDate": "2018-03-28", "userURL": "https://my.qidian.com/user/177747085", "userReview": "\u6bd4\u8d77\u5176\u4ed6\u65b0\u4eba\u4f5c\u8005\u6765\u8bf4\uff0c\u5f3a\u592a\u591a\u4e86\uff0c\u575a\u6301\uff0c\u52a0\u6cb9\uff01"}, {"userName": "\u6d1b\u7fbd\u661f\u8fb0", "userReviewDate": "2018-03-26", "userURL": "https://my.qidian.com/user/117808399", "userReview": "\u5f88\u591a\u9ad8\u80fd\u9ad8\u6c34\u51c6\u7684\u8bbe\u5b9a\uff0c\u592a\u68d2\u4e86\u3002"}, {"userName": "\u775a\u7726\u53c1", "userReviewDate": "2018-03-25", "userURL": "https://my.qidian.com/user/220565168", "userReview": "\u63a8\u4e2a\u4e66\uff0c\u4e0d\u559c\u52ff\u55b7"}, {"userName": "\u4e0d\u4e8c\u7ea7", "userReviewDate": "2018-03-19", "userURL": "https://my.qidian.com/user/225702457", "userReview": "xixi\u3002\u5c31\u662f\u4e0d\u591f\u770b"}, {"userName": "\u4f55\u8def\u4e0e\u516c\u72d7", "userReviewDate": "2018-03-19", "userURL": "https://my.qidian.com/user/223112666", "userReview": "\u4e66\u4e2d\u51fa\u73b0\u4e86\u5f88\u591a\u719f\u4eba\u548c\u964c\u751f\u4eba\uff0c\u6709\u70b9\u540c\u4eba\u611f\u3002"}], "description": "\u5fc3\u6f6e\u6f8e\u6e43\uff0c\u65e0\u9650\u5e7b\u60f3\uff0c\u8fce\u98ce\u6325\u51fb\u5343\u5c42\u6d6a\uff0c\u5c11\u5e74\u4e0d\u8d25\u70ed\u8840\uff01", "title": "\u4e00\u6218\u60ca\u4e5d\u9704", "url": "https://book.qidian.com/info/1011263816", "average": -1.0, "cover": "//qidian.qpic.cn/qdbimg/349573/1011263816/180", "reviews": -1, "authors": [{"url": "https://me.qidian.com/authorIndex.aspx?id=2693882", "name": "\u591c\u96e8\u95fb\u94c30"}], "type": ["\u7384\u5e7b", "\u4e1c\u65b9\u7384\u5e7b"], "outlinks": ["https://book.qidian.com/info/1011263816", "https://book.qidian.com/info/1011065846", "https://book.qidian.com/info/1011065846", "https://book.qidian.com/info/1011086684", "https://book.qidian.com/info/1011086684", "https://book.qidian.com/info/1010209791", "https://book.qidian.com/info/1010209791", "https://book.qidian.com/info/1003372854", "https://book.qidian.com/info/1003372854", "https://book.qidian.com/info/1010474452", "https://book.qidian.com/info/1010474452", "https://book.qidian.com/info/1009635311", "https://book.qidian.com/info/1009635311", "https://book.qidian.com/info/2211027", "https://book.qidian.com/info/2211027", "https://book.qidian.com/info/1003372854", "https://book.qidian.com/info/1003372854", "https://book.qidian.com/info/1011988403", "https://book.qidian.com/info/1009595922", "https://book.qidian.com/info/1011844784", "https://book.qidian.com/info/1011892497", "https://book.qidian.com/info/1011095320", "https://book.qidian.com/info/1011996851", "https://book.qidian.com/info/1011856434", "https://book.qidian.com/info/1011879207", "https://book.qidian.com/info/1011833256", "https://book.qidian.com/info/1011967674"]}