{"ratings": 0.0, "userreviews": [{"userName": "1025\u9f991025", "userReviewDate": "14\u5c0f\u65f6\u524d", "userURL": "https://my.qidian.com/user/169052805", "userReview": "\u7b7e\u5230\u6c34\u7ecf\u9a8c\u3002\u3002\u3002\u3002"}, {"userName": "\u9f99\u50b2\u5929\u5feb\u8dd1233", "userReviewDate": "14\u5c0f\u65f6\u524d", "userURL": "https://my.qidian.com/user/313886238", "userReview": "\u5148\u8bf4\u4e00\u4e0b\uff0c\u5b87\u667a\u6ce2\u7684\u8840\u8f6e\u773c\u60f3\u63d0\u5347\uff0c\u9760\u7684\u662f\u5b87\u667a\u6ce2\u4e00\u65cf\u81ea\u8eab\u7684\u6781\u7aef\u7684\u60c5\u611f\u3002\u6240\u4ee5\u4f50\u52a9\u54e5\u54e5\u4e3b\u8981\u662f\u4ee5\u523a\u6fc0"}, {"userName": "\u79cb\u6765\u5a9b\u81f3", "userReviewDate": "16\u5c0f\u65f6\u524d", "userURL": "https://my.qidian.com/user/308210505", "userReview": "\u8bb2\u771f\u7684\u5927\u6728\u6876\u5bb6\u7684\u76f4\u7cfb\u8840\u7eed\u5230\u6700\u540e\u90fd\u8870\u8d25\u4e86\uff0c\u5f88\u591a\u5f3a\u529b\u5bb6\u65cf\u90fd\u53ea\u5269\u72ec\u82d7\uff0c\u6211\u6000\u7591\u662f\u706b\u5f71\u4e16\u754c\u7684\u5927\u4e16\u754c\u610f"}, {"userName": "\u8449\u53f6\u9875", "userReviewDate": "17\u5c0f\u65f6\u524d", "userURL": "https://my.qidian.com/user/215561220", "userReview": "\u4f5c\u8005\u4f60\u6562\u518d\u6c34\u4e00\u70b9\u5417"}, {"userName": "HK\u2022\u5431\u5431\u5431", "userReviewDate": "17\u5c0f\u65f6\u524d", "userURL": "https://my.qidian.com/user/116818395", "userReview": "\u8ba9\u6211\u60f3\u8d77\u4e86\u6c34\u9c7c\uff5e"}, {"userName": "\u4e66\u53cb141028225909625", "userReviewDate": "\u6628\u65e501:10", "userURL": "https://my.qidian.com/user/195012887", "userReview": "\u9f2c\u8fd9\u79cd\u4eba\u6700\u8ba8\u538c\u4e86\uff0c\u660e\u660e\u662f\u4e8c\u4ee3\u65f6\u671f\u6728\u53f6\u5c31\u5df2\u7ecf\u5f00\u59cb\u9488\u5bf9\u5b87\u667a\u6ce2\u4e86\uff0c\u9f2c\u8fd8\u8981\u5fe0\u5fc3\u4e8e\u6728\u53f6\uff0c\u8fd9\u4eba\u7b80\u76f4**"}, {"userName": "\u3005Justice\u306e", "userReviewDate": "2018-06-07", "userURL": "https://my.qidian.com/user/21280907", "userReview": "\u4e0a\u67b6\u4e0d\u7206\u66f4\uff0c\u4f60\u8ddf\u6761\u54b8\u9c7c\u6709\u4ec0\u4e48\u533a\u522b[fn=10]"}, {"userName": "skycs\u6200\u98db\u6a30", "userReviewDate": "2018-06-07", "userURL": "https://my.qidian.com/user/187911577", "userReview": "\u4f5c\u8005\u541b\uff0c\u54b1\u80fd\u4e0d\u80fd\u4e0d\u5199\u5206\u6790\u6587\uff1f\u90fd\u662f\u6765\u770b\u5267\u60c5\u7684\uff0c\u52a8\u4e0d\u52a8\u5c31\u5206\u6790\u5b87\u667a\u6ce2\u5bb6\u65cf\u5206\u6790\u6751\u5b50\u4e3a\u4ec0\u4e48\u4f1a\u8870\u8d25\uff0c\u8c01"}, {"userName": "\u8c2d\u7c7d\u669d\u601d", "userReviewDate": "2018-06-07", "userURL": "https://my.qidian.com/user/312942506", "userReview": "\u770b\u8fd9\u4e2a\u6837\u5b50\uff0c\u7075\u9b42\u5728\u7a7f\u8d8a\u4e4b\u540e\u5c31\u53d8\u6210\u5c0f\u6a31\u7684\u4e86\uff0c\u4f46\u662f\u60f3\u53d8\u56de\u7537\u7684\u8bdd\uff0c\u53ef\u4ee5\u76f4\u63a5\u6362\u8eab\u4f53"}, {"userName": "\u7fbd\u7ffc\u67ab", "userReviewDate": "2018-06-06", "userURL": "https://my.qidian.com/user/2258885", "userReview": "\u4e3b\u89d2\u90a3\u4e48\u540a\uff0c\u4f5c\u8005\u5b8c\u5168\u4e0d\u77e5\u9053\u8be5\u600e\u4e48\u5199\uff0c\u53ea\u597d\u6c34\u6c34\u5b57\u6570\uff0c\u7ef4\u6301\u4e00\u4e0b\u751f\u6d3b\u8fd9\u6837\u5b50\uff0c\u5185\u5bb9\u8ddf\u7740\u539f\u8457\u8d70\uff0c\u8fd8\u57fa"}, {"userName": "\u9986\u4e3b\u5927\u4eba", "userReviewDate": "2018-06-06", "userURL": "https://my.qidian.com/user/221475803", "userReview": "\u660e\u660e\u53ef\u4ee5\u4e00\u62f3\u89e3\u51b3\u7684\u95ee\u9898\uff0c\u7136\u800c\u4e3a\u4e86\u5267\u60c5\uff0c\u4f60\u90a3\u8fd8\u662f\u4e00\u62f3\u5624\u5417\uff1f"}, {"userName": "\u4e66\u53cb20170831002419971", "userReviewDate": "2018-06-05", "userURL": "https://my.qidian.com/user/307768703", "userReview": "\u4eba\u5bb6\u5c0f\u8bf4\u662f\u5728100\u7ae0\u5c0f\u8bf4\u4e4b\u540e\u78e8\u78e8\u5527\u5527\uff0c\u672c\u5c0f\u8bf4\u4e00\u5f00\u59cb\u5c31\u78e8\u78e8\u5527\u5527\uff0c\u7a7f\u8d8a\u8fc7\u6765\u7b2c\u4e00\u5802\u8bfe\u80fd\u5199\u597d\u51e0\u7ae0\uff0c"}, {"userName": "_\u9b54\u738b", "userReviewDate": "2018-06-05", "userURL": "https://my.qidian.com/user/302034537", "userReview": "\u522b\u6362\u8eab\u4f53\n"}, {"userName": "erererpl", "userReviewDate": "2018-06-04", "userURL": "https://my.qidian.com/user/169229572", "userReview": "\u5b8c\u5168\u5c31\u662f\u5728\u8bb0\u6d41\u6c34\u8d26"}], "description": "\u6fc0\u840c\u7684\u841d\u8389\uff0c\u70ed\u8840\u7684\u5c11\u5e74\uff0c\u4e3a\u6253\u7834\u6b21\u5143\u58c1\u4e00\u5f80\u65e0\u524d\uff01", "title": "\u4e00\u62f3\u706b\u5f71", "url": "https://book.qidian.com/info/1010725734", "average": -1.0, "cover": "//qidian.qpic.cn/qdbimg/349573/1010725734/180", "reviews": -1, "authors": [{"url": "https://me.qidian.com/authorIndex.aspx?id=401154518", "name": "\u97e9\u5b50\u537f"}], "type": ["\u4e8c\u6b21\u5143", "\u884d\u751f\u540c\u4eba", "\u4e8c\u6b21\u5143"], "outlinks": ["https://book.qidian.com/info/1010725734", "https://book.qidian.com/info/1009703753", "https://book.qidian.com/info/1009703753", "https://book.qidian.com/info/1005818265", "https://book.qidian.com/info/1005818265", "https://book.qidian.com/info/1009264636", "https://book.qidian.com/info/1009264636", "https://book.qidian.com/info/1010669186", "https://book.qidian.com/info/1010669186", "https://book.qidian.com/info/1009888024", "https://book.qidian.com/info/1009888024", "https://book.qidian.com/info/1009977149", "https://book.qidian.com/info/1009977149", "https://book.qidian.com/info/1011443057", "https://book.qidian.com/info/1011977706", "https://book.qidian.com/info/1011970575", "https://book.qidian.com/info/1011722301", "https://book.qidian.com/info/1012058179", "https://book.qidian.com/info/1010868275", "https://book.qidian.com/info/1012020887", "https://book.qidian.com/info/1011904081"]}