{"ratings": 0.0, "userreviews": [{"userName": "\u79cb\u6c34\u4e4b\u6e445", "userReviewDate": "2018-05-08", "userURL": "https://my.qidian.com/user/225354050", "userReview": "\u592a\u597d\u770b\u4e86\uff0c\u611f\u89c9\u50cf\u662f\u770b\u7535\u89c6\u5267\u4e00\u6837\uff0c\u592a\u6709\u753b\u9762\u611f\u4e86\u3002"}, {"userName": "\u5415\u5929\u867e12554", "userReviewDate": "22\u5c0f\u65f6\u524d", "userURL": "https://my.qidian.com/user/315351266", "userReview": "\u7b7e\u5230\uff0c\u4f5c\u8005\u5927\u5927\u66f4\u65b0\u554a"}, {"userName": "\u5341\u5c81~", "userReviewDate": "2018-05-31", "userURL": "https://my.qidian.com/user/131692871", "userReview": "\u5012\u53d9\u7528\u4e0d\u597d\uff0c\u90a3\u5c31\u662f\u900f\u9732\u5267\u60c5\uff0c\u5efa\u8bae\u8fd8\u662f\u4fee\u6539\u4e00\u4e0b\u5427"}, {"userName": "\u76f4\u9762\u6251\u8857", "userReviewDate": "2018-05-30", "userURL": "https://my.qidian.com/user/218461773", "userReview": "\u98ce\u683c\u6709\u70b9\u50cf\u51fa\u7248\u7684\u6b66\u4fa0\u7c7b\uff0c\u4e0d\u50cf\u7f51\u6587"}, {"userName": "\u7476\u6c60\u9752\u83b2", "userReviewDate": "2018-05-28", "userURL": "https://my.qidian.com/user/213566402", "userReview": "\u5c0f\u53cb\u52a0\u6cb9\uff01"}, {"userName": "yuqy234289", "userReviewDate": "2018-05-27", "userURL": "https://my.qidian.com/user/177481769", "userReview": "\u9a9a\u98de\u76f4\u64ad\u95f4\u6765\u7684\u7b7e\u5230\u4e86"}, {"userName": "\u5bb6\u6709\u9ed1\u732b\u55b5\u55b5\u55b5", "userReviewDate": "2018-05-26", "userURL": "https://my.qidian.com/user/216987873", "userReview": "\u6709\u591a\u5c11\u5f1f\u5f1f\uff1f\uff1f"}, {"userName": "\u592a\u5357\u5c0f\u4f1a", "userReviewDate": "2018-05-26", "userURL": "https://my.qidian.com/user/313245267", "userReview": "\u8ffd\u672c\u4e66\u4e00\u70b9\u611f\u609f\u9996\u5148\u611f\u8c22\u4f5c\u8005\u6587\u4e2d\u63d0\u5230\u6211\uff0c\u5c31\u60a8\u7684\u611f\u609f\u5199\u5199\u6211\u5bf9\u6b66\u4fa0\u4f5c\u54c1\u7684\u611f\u609f\uff0c\u53ef\u80fd\u4e0e\u672c\u4e66\u626f\u7684\u6709\u70b9"}, {"userName": "\u5b66\u53cb2015", "userReviewDate": "2018-05-24", "userURL": "https://my.qidian.com/user/191193841", "userReview": "\u8fd9\u6b66\u529b\u503c\u4e0d\u662f\u4f20\u7edf\u7684\u5427\uff1f \u6587\u98ce\u4e5f\u4e0d\u50cf\u65b0\u6d3e\u6b66\u4fa0\u554a\uff1f \u96be\u9053\u662f\u65b0\u65b0\u6d3e\u6b66\u4fa0\u5c0f\u8bf4\uff1f"}, {"userName": "\u7b49\u4f60\u7684\u7b11", "userReviewDate": "2018-05-22", "userURL": "https://my.qidian.com/user/567969", "userReview": "\u611f\u89c9\u3002\u3002\u8fd8\u4e0d\u9519"}, {"userName": "\u96489999xp", "userReviewDate": "2018-05-18", "userURL": "https://my.qidian.com/user/110086415", "userReview": "\u4e00\u76f4\u770b\u4e00\u76f4\u731c\uff0c\u5c45\u7136\u6ca1\u731c\u4e2d\u4e00\u6b21\uff01\u96be\u9053\u662f\u6211\u592a\u5f31\u4e86\u5417\uff1f\u7ee7\u7eed\u770b\uff0c\u563f\u563f\uff0c\u731c\u4e0d\u4e2d\u7684\u624d\u6709\u8da3\u5462\u3002\u603b\u6bd4\u90a3\u4e9b\u770b"}, {"userName": "\u5218\u627f\u57fa", "userReviewDate": "2018-05-16", "userURL": "https://my.qidian.com/user/195258023", "userReview": "\u5c31\u90a3\u4e48\u51e0\u4e2a\u5b57\u5c31\u80fd\u81ea\u52a8\u5728\u8111\u5b50\u91cc\u5f62\u6210\u753b\u9762\uff0c\u771f\u662f\u4e0d\u9519\uff01"}, {"userName": "\u4e66\u53cb110107233041256", "userReviewDate": "2018-05-15", "userURL": "https://my.qidian.com/user/121632241", "userReview": "\u597d\u4e66\uff0c\u597d\u4e66\uff01\u975e\u5e38\u6709\u5599\u5934\uff0c\u770b\u4e86\u8fd8\u60f3\u770b"}, {"userName": "TCBM", "userReviewDate": "2018-05-14", "userURL": "https://my.qidian.com/user/107249014", "userReview": "\u96be\u4e3a\u4f5c\u8005\u60f3\u51fa\u8fd9\u4e48\u597d\u7684\u5267\u60c5\u8fd8\u6bcf\u5929\u5982\u6b64\u8f9b\u52e4\u5730\u66f4\u6587\uff0c\u8f9b\u82e6\u4e86"}], "description": "\u501f\u4e09\u5c3a\u660e\u6708\uff0c\u8854\u4e24\u8896\u9752\u9f99\uff0c\u8f7b\u5251\u5feb\u9a6c\u6063\u610f\uff0c\u643a\u4fa3\u6c5f\u6e56\u540c\u6e38\uff01", "title": "\u4e00\u67aa\u51fa\uff0c\u98ce\u96ea\u4e71", "url": "https://book.qidian.com/info/1011654218", "average": -1.0, "cover": "//qidian.qpic.cn/qdbimg/349573/1011654218/180", "reviews": -1, "authors": [{"url": "https://me.qidian.com/authorIndex.aspx?id=402126830", "name": "\u8c26\u9882"}], "type": ["\u6b66\u4fa0", "\u4f20\u7edf\u6b66\u4fa0"], "outlinks": ["https://book.qidian.com/info/1011654218", "https://book.qidian.com/info/1011031802", "https://book.qidian.com/info/1011031802", "https://book.qidian.com/info/1003123274", "https://book.qidian.com/info/1003123274", "https://book.qidian.com/info/1005260129", "https://book.qidian.com/info/1005260129", "https://book.qidian.com/info/1009926548", "https://book.qidian.com/info/1009926548", "https://book.qidian.com/info/1011208524", "https://book.qidian.com/info/1011208524", "https://book.qidian.com/info/1004144236", "https://book.qidian.com/info/1004144236", "https://book.qidian.com/info/1011815974", "https://book.qidian.com/info/1011216976", "https://book.qidian.com/info/1012036528", "https://book.qidian.com/info/1011985057", "https://book.qidian.com/info/1011631528", "https://book.qidian.com/info/1011928444", "https://book.qidian.com/info/1011771234", "https://book.qidian.com/info/1011973127", "https://book.qidian.com/info/1005784137", "https://book.qidian.com/info/1011916945"]}