{"ratings": 0.0, "userreviews": [], "description": "\u9752\u6625\u5bc4\u8bed\uff0c\u751f\u6d3b\u65f6\u5c1a\uff0c\u4e61\u571f\u6587\u5316\uff0c\u5c55\u73b0\u73b0\u5b9e\u767e\u6001\uff01", "title": "\u4e00\u679d\u4e00\u53f6\uff1a\u671b\u89c1\u5929\u68af", "url": "https://book.qidian.com/info/1011277651", "average": -1.0, "cover": "//qidian.qpic.cn/qdbimg/349573/1011277651/180", "reviews": -1, "authors": [{"url": "https://me.qidian.com/authorIndex.aspx?id=401804079", "name": "\u738b\u5c27\u5c71"}], "type": ["\u73b0\u5b9e", "\u73b0\u5b9e\u767e\u6001"], "outlinks": ["https://book.qidian.com/info/1011277651", "https://book.qidian.com/info/1010139236", "https://book.qidian.com/info/1010139236", "https://book.qidian.com/info/1011285253", "https://book.qidian.com/info/1011285253", "https://book.qidian.com/info/1006899542", "https://book.qidian.com/info/1006899542", "https://book.qidian.com/info/1011487918", "https://book.qidian.com/info/1011487918", "https://book.qidian.com/info/1010574820", "https://book.qidian.com/info/1010574820", "https://book.qidian.com/info/1010257121", "https://book.qidian.com/info/1010257121", "https://book.qidian.com/info/1011633094", "https://book.qidian.com/info/1011456133", "https://book.qidian.com/info/1011634147", "https://book.qidian.com/info/1011681836", "https://book.qidian.com/info/1010536358", "https://book.qidian.com/info/1011815512", "https://book.qidian.com/info/1011779536", "https://book.qidian.com/info/1011822376", "https://book.qidian.com/info/1010906320", "https://book.qidian.com/info/1011955761"]}