{"ratings": 0.0, "userreviews": [{"userName": "\u53cc\u5341\u4e94", "userReviewDate": "12\u5206\u949f\u524d", "userURL": "https://my.qidian.com/user/230797322", "userReview": "\u5982\u679c\u4f5c\u8005\u6ca1\u8d85\u8fc720\u5c81\uff0c\u90a3\u8fd9\u672c\u5199\u5f97\u975e\u5e38\u4e0d\u9519\u4e86\uff0c\u5982\u679c\u8d85\u8fc7\u4e8630\u5c81\uff0c\u5475\u5475\u4e86\u2026"}, {"userName": "\u541b\u541b\u7f8e\u4eba", "userReviewDate": "2\u5c0f\u65f6\u524d", "userURL": "https://my.qidian.com/user/311645107", "userReview": "\u597d\u50cf\u80fd\u7406\u89e3\u5973\u4e3b\u7684\u6027\u683c \u88ab\u83ab\u540d\u5176\u5999\u7684\u4e00\u6b21\u6b21\u80cc\u53db\u540e \u4e0d\u518d\u76f8\u4fe1\u4efb\u4f55\u4eba \u4e0d\u518d\u5bf9\u4eba\u6027\u7684\u5584\u6709\u4efb\u4f55\u671f\u5f85 "}, {"userName": "\u53ef\u529b\u6d1b", "userReviewDate": "12\u5c0f\u65f6\u524d", "userURL": "https://my.qidian.com/user/123153671", "userReview": "\u770b\u4e86\u56db\u5341\u7ae0 \u5b9e\u5728\u770b\u4e0d\u4e0b\u53bb\u4e86 \u8d8a\u770b\u8d8a\u61f5"}, {"userName": "\u6c34\u5929\u671b\u6708", "userReviewDate": "14\u5c0f\u65f6\u524d", "userURL": "https://my.qidian.com/user/4547467", "userReview": "\u5199\u4e86150\u591a\u4e07\u5b57\u4e5f\u6ca1\u4ec0\u4e48\u63a8\u8350\uff0c\u539f\u6765\u4e00\u822c\u4eba\u770b\u4e0d\u61c2\u83ab\u540d\u5176\u5999\u7684\uff0c\u611f\u89c9\u5973\u4e3b\u88c5\u9ed1\u6697\u6709\u70b9\u8fc7\u4e86\uff0c6\u5c81\u7684\u5973"}, {"userName": "\u56db\u5b9d\u9e21\u624e", "userReviewDate": "15\u5c0f\u65f6\u524d", "userURL": "https://my.qidian.com/user/169541025", "userReview": "\u9650\u514d\u6765\u770b\u770b\u3002"}, {"userName": "\u6211\u7231\u6e05\u6e05\u7684\u9752\u83dc", "userReviewDate": "18\u5c0f\u65f6\u524d", "userURL": "https://my.qidian.com/user/218475336", "userReview": "\u770b\u523030\u591a\u7ae0\u3002\u3002\u6709\u70b9\u5947\u602a\u55ef\u7684\u611f\u89c9\uff0c\u611f\u89c9\u90fd\u662f\u5973\u4e3b\u4f5c\u51fa\u6765\u7684\u2026\u2026\u4e0d\u8fc7\uff0c\u6253\u7b97\u63a5\u7740\u770b\u4e00\u4e9b\uff0c\u770b\u770b\u5973\u4e3b\u5565"}, {"userName": "\u5b9d\u8d1d520\u4e2b\u5934", "userReviewDate": "19\u5c0f\u65f6\u524d", "userURL": "https://my.qidian.com/user/123538803", "userReview": "\u770b\u4e0d\u592a\u61c2\u7684\u611f\u89c9\uff0c\u4e5f\u592a\u559c\u6b22\u5973\u4e3b\u7684\u6027\u683c\uff0c\u592a\u9ed1\u6697\u4e86\uff0c\u514d\u8d39\u4e5f\u5f03\u6587\u4e86"}, {"userName": "\u4e66\u53cb20171103181621454", "userReviewDate": "23\u5c0f\u65f6\u524d", "userURL": "https://my.qidian.com/user/310265645", "userReview": "\u6bcf\u6b21\u770b\u4fee\u771f\u597d\u50cf\u90fd\u6ca1\u4eba\u6027\uff0c\u4f46\u53c8\u8bf4\u56e0\u679c\uff0c\u771f\u662f\uff0c\uff0c\uff0c"}, {"userName": "\u51e4\u4ed9\u5343\u6298", "userReviewDate": "24\u5c0f\u65f6\u524d", "userURL": "https://my.qidian.com/user/213170812", "userReview": "\u770b\u4e8620\u591a\u7ae0\uff0c\u6ca1\u5b8c\u6ca1\u4e86\u7684\u4eba\u6027\u9ed1\u6697\uff0c\u65e0\u610f\u4e49\u7684\u6587\u5b57\uff0c\u5f03\u5751"}, {"userName": "\u5f31\u6c34\u5f31", "userReviewDate": "\u6628\u65e511:23", "userURL": "https://my.qidian.com/user/217400484", "userReview": "\u5199\u7684\u4e0d\u9519  \u5c31\u662f\u4e0d\u591f\u770b"}, {"userName": "\u591c\u5bb8\u7684\u8111\u6b8b\u7c89", "userReviewDate": "2018-06-06", "userURL": "https://my.qidian.com/user/228878756", "userReview": "\u52a0\u6cb9(\u0e07 \u2022\u0300_\u2022\u0301)\u0e07  \u771f\u597d\u770b   \u53ef\u60dc\u66f4\u7684\u6162[fn=12]"}, {"userName": "\u4e66\u53cb161124085855505", "userReviewDate": "2018-06-05", "userURL": "https://my.qidian.com/user/225851088", "userReview": "\u8fd9\u5973\u7684\u5c31\u662f\u4e00\u53d8\u6001\uff0c\u4e00\u70b9\u90fd\u4e0d\u597d\u770b"}, {"userName": "\u78a7\u53d1\u5982\u4e91", "userReviewDate": "2018-05-31", "userURL": "https://my.qidian.com/user/225635457", "userReview": "\u7ec6\u8282\u4e5f\u592a\u7ec6\u4e86\uff0c\u78e8\u78e8\u8e6d\u8e6d\u7684\u8282\u594f\uff0c\u4eba\u7269\u7684\u51b2\u7a81\u597d\u6ca1\u9053\u7406\uff0c\u9677\u5bb3\u4e2a\u6ca1\u5b8c\uff0c\u4e3b\u89d2\u8fd9\u4e0d\u662f\u6740\u4f10\u679c\u65ad\u8fd9\u662f\u5fc3\u7406\u9634"}, {"userName": "cici568", "userReviewDate": "2018-05-28", "userURL": "https://my.qidian.com/user/199833285", "userReview": "\u8282\u594f\u592a\u6162\u5566\uff0c\u770b\u7740\u771f\u7d2f\uff0c\u5f03"}], "description": "\u4ed9\u8def\u7f25\u7f08\uff0c\u6e05\u6b4c\u8e0f\u6708\u4e0a\u4e5d\u5929\uff1b\u4e91\u5c71\u4e07\u52ab\uff0c\u4e00\u5251\u5929\u5149\u95ee\u60c5\u7f18\u3002", "title": "\u4e00\u672c\u4ed9\u7ecf", "url": "https://book.qidian.com/info/1009275842", "average": -1.0, "cover": "//qidian.qpic.cn/qdbimg/349573/1009275842/180", "reviews": -1, "authors": [{"url": "https://me.qidian.com/authorIndex.aspx?id=4372579", "name": "\u5bd2\u8c23"}], "type": ["\u4ed9\u4fa0\u5947\u7f18", "\u53e4\u5178\u4ed9\u4fa0"], "outlinks": ["https:https://book.qidian.com/info/1011421405?qd_game_key=1011421405&qd_dd_p1=11272", "https://book.qidian.com/info/1009275842", "https://book.qidian.com/info/1010635688", "https://book.qidian.com/info/1010635688", "https://book.qidian.com/info/1010928782", "https://book.qidian.com/info/1010928782", "https://book.qidian.com/info/1010974052", "https://book.qidian.com/info/1010974052", "https://book.qidian.com/info/1009838181", "https://book.qidian.com/info/1009838181", "https://book.qidian.com/info/1010749492", "https://book.qidian.com/info/1010749492", "https://book.qidian.com/info/1009481052", "https://book.qidian.com/info/1009481052", "https://book.qidian.com/info/3436200", "https://book.qidian.com/info/3436200", "https://book.qidian.com/info/1011871222", "https://book.qidian.com/info/1011879261", "https://book.qidian.com/info/1011607526", "https://book.qidian.com/info/1010505110", "https://book.qidian.com/info/1010285798", "https://book.qidian.com/info/1011976900", "https://book.qidian.com/info/1010905500", "https://book.qidian.com/info/1010257077", "https://book.qidian.com/info/1003815703", "https://book.qidian.com/info/1011427728"]}