{"ratings": 0.0, "userreviews": [{"userName": "\u5415\u5929\u867e13724", "userReviewDate": "\u6628\u65e509:44", "userURL": "https://my.qidian.com/user/316928137", "userReview": "\u8def\u8fc7\u7b7e\u5230\u6c34\u7ecf\u9a8c"}, {"userName": "\u60f3\u5b66\u574f\u90fd\u4e0d\u6210", "userReviewDate": "2018-05-15", "userURL": "https://my.qidian.com/user/225390522", "userReview": "[fn=11]"}], "description": "\u7b97\u547d\u63a2\u9669\u70b9\u98ce\u6c34\uff0c\u60ca\u609a\u4fa6\u63a2\u964d\u9b3c\u602a\uff0c\u6700\u4f20\u7edf\u4e2d\u56fd\u6587\u5316\uff0c\u6700\u795e\u79d8\u7075\u5f02\u4f20\u5947\uff01", "title": "\u4e00\u6876\u6ce1\u9762", "url": "https://book.qidian.com/info/1011845678", "average": -1.0, "cover": "//qidian.qpic.cn/qdbimg/349573/1011845678/180", "reviews": -1, "authors": [{"url": "https://me.qidian.com/authorIndex.aspx?id=8483947", "name": "\u5012\u523a\u513f"}], "type": ["\u7075\u5f02", "\u6050\u6016\u60ca\u609a"], "outlinks": ["https://book.qidian.com/info/1011845678", "https://book.qidian.com/info/4479", "https://book.qidian.com/info/4479", "https://book.qidian.com/info/53269", "https://book.qidian.com/info/53269", "https://book.qidian.com/info/71462", "https://book.qidian.com/info/71462", "https://book.qidian.com/info/78574", "https://book.qidian.com/info/78574", "https://book.qidian.com/info/108548", "https://book.qidian.com/info/108548", "https://book.qidian.com/info/116510", "https://book.qidian.com/info/116510", "https://book.qidian.com/info/1011837610", "https://book.qidian.com/info/1011987732", "https://book.qidian.com/info/1011825122", "https://book.qidian.com/info/1011825450", "https://book.qidian.com/info/1011945422", "https://book.qidian.com/info/1011826884", "https://book.qidian.com/info/1011790544", "https://book.qidian.com/info/1011825290", "https://book.qidian.com/info/1011896879", "https://book.qidian.com/info/1011875452"]}