{"ratings": 0.0, "userreviews": [{"userName": "\u9ca4\u9c7c\u5c0f\u516d", "userReviewDate": "\u6628\u65e513:19", "userURL": "https://my.qidian.com/user/212274668", "userReview": "\u559c\u6b22\u770b\u7684\u5c0f\u8bf4\u90fd\u662f\u4e00\u5929\u53ea\u4e00\u66f4\uff0c\u4f24\u4e0d\u8d77\uff01"}, {"userName": "\u5149\u6728\u5149", "userReviewDate": "2018-05-28", "userURL": "https://my.qidian.com/user/214276221", "userReview": "\u5509\uff0c\u771f\u7684\u975e\u5e38\u975e\u5e38\u53ef\u60dc\u8fd9\u592b\u59bb\u4fe9\uff0c\u867d\u7136\u5f90\u5929\u7ae0\u4eba\u5f88\u4e00\u822c\uff0c\u53ef\u662f\u8fd9\u4e24\u4e2a\u513f\u5b50\u90fd\u517b\u7684\u5f88\u4e0d\u9519\u554a\uff0c\u5c24\u5176\u4e16\u5b50\uff0c"}, {"userName": "Naples\u5c0f\u9c7c", "userReviewDate": "2018-05-04", "userURL": "https://my.qidian.com/user/1458099", "userReview": "\u5199\u5f97\u4e0d\u9519\uff01"}, {"userName": "\u7ef4\u5cb8", "userReviewDate": "2018-05-01", "userURL": "https://my.qidian.com/user/305499394", "userReview": "\u611f\u89c9\u5f88\u4e0d\u9519\u554a\uff01"}], "description": "\u9752\u7816\u7eff\u74e6\uff0c\u964c\u4e0a\u82b1\u5f00\u9999\u67d3\u8863\uff1b\u6731\u95e8\u7d2b\u6bbf\uff0c\u7d20\u624b\u6458\u661f\u9713\u4f5c\u88f3\u3002", "title": "\u4e00\u6c60\u6625", "url": "https://book.qidian.com/info/1010777844", "average": -1.0, "cover": "//qidian.qpic.cn/qdbimg/349573/1010777844/180", "reviews": -1, "authors": [{"url": "https://me.qidian.com/authorIndex.aspx?id=6510042", "name": "\u6625\u68a6\u5173\u60c5"}], "type": ["\u53e4\u4ee3\u8a00\u60c5", "\u53e4\u5178\u67b6\u7a7a"], "outlinks": ["https:https://book.qidian.com/info/1011421405?qd_game_key=1011421405&qd_dd_p1=11272", "https://book.qidian.com/info/1010777844", "https://book.qidian.com/info/1004866790", "https://book.qidian.com/info/1004866790", "https://book.qidian.com/info/1004825364", "https://book.qidian.com/info/1004825364", "https://book.qidian.com/info/1003439162", "https://book.qidian.com/info/1003439162", "https://book.qidian.com/info/3676165", "https://book.qidian.com/info/3676165", "https://book.qidian.com/info/1001790412", "https://book.qidian.com/info/1001790412", "https://book.qidian.com/info/3678827", "https://book.qidian.com/info/3678827", "https://book.qidian.com/info/1003366567", "https://book.qidian.com/info/1003366567", "https://book.qidian.com/info/1003754200", "https://book.qidian.com/info/1003754200", "https://book.qidian.com/info/1009601462", "https://book.qidian.com/info/1009601462", "https://book.qidian.com/info/1004439621", "https://book.qidian.com/info/1010699142", "https://book.qidian.com/info/1010673874", "https://book.qidian.com/info/1010228299", "https://book.qidian.com/info/1011254335", "https://book.qidian.com/info/1010623336", "https://book.qidian.com/info/1011901077", "https://book.qidian.com/info/1010774701", "https://book.qidian.com/info/1010808763", "https://book.qidian.com/info/1011306057"]}