{"ratings": 0.0, "userreviews": [{"userName": "\u53ea\u7231\u8d85\u7ea7\u6b27\u6d3e", "userReviewDate": "2017-11-29", "userURL": "https://my.qidian.com/user/214843138", "userReview": "\u53ea\u7231\u8d85\u7ea7\u6b27\u6d3e\u6253\u8d4f\u5200\u950b\u996e\u558b 50000\u8d77\u70b9\u5e01  \u4e00\u6b65\u5077\u5929"}, {"userName": "\u53ea\u7231\u8d85\u7ea7\u6b27\u6d3e", "userReviewDate": "2017-11-27", "userURL": "https://my.qidian.com/user/214843138", "userReview": "\u53ea\u7231\u8d85\u7ea7\u6b27\u6d3e\u6253\u8d4f\u5200\u950b\u996e\u558b 50000\u8d77\u70b9\u5e01  \u4e00\u6b65\u5077\u5929"}, {"userName": "\u6c5f\u5357\u5c11\u4e1c\u5bb6", "userReviewDate": "2017-10-02", "userURL": "https://my.qidian.com/user/170139435", "userReview": "\u6c5f\u5357\u5c11\u4e1c\u5bb6\u6253\u8d4f\u5200\u950b\u996e\u558b 100000\u8d77\u70b9\u5e01  \u8fd9\u672c\u4e66\u5199\u7684\u592a\u597d\u4e86,\u7292\u52b3\u4e00\u4e0b\u5e0c\u671b\u540e\u7eed\u66f4\u7cbe\u5f69!"}, {"userName": "\u98ce\u96e8\u8bdd\u659c\u9633", "userReviewDate": "15\u5c0f\u65f6\u524d", "userURL": "https://my.qidian.com/user/147482718", "userReview": "\u4f5c\u8005\u8fd9\u4e24\u5929\u8fd8\u633a\u52e4\u5feb\u554a"}, {"userName": "\u5c0f\u9ea6\u5979\u7239", "userReviewDate": "2018-06-07", "userURL": "https://my.qidian.com/user/125468261", "userReview": "\u4f5c\u8005\u4e0d\u52e4\u5feb\u5440\uff01"}, {"userName": "\u65e0\u5c3d\u865a\u5984", "userReviewDate": "2018-06-05", "userURL": "https://my.qidian.com/user/189972316", "userReview": "\u5c45\u7136\u590d\u6d3b\u4e86\uff01\u6211\u90fd\u5fd8\u7684\u5dee\u4e0d\u591a\u4e86\uff0c\u5f97\u91cd\u5934\u770b\u4e86\u3002"}, {"userName": "\u5929\u4e0b\u4f55\u65b9", "userReviewDate": "2018-06-04", "userURL": "https://my.qidian.com/user/201466039", "userReview": "\u4eca\u5929\u6ca1\u66f4\u65b0"}, {"userName": "\u98ce\u96e8\u8bdd\u659c\u9633", "userReviewDate": "2018-06-03", "userURL": "https://my.qidian.com/user/147482718", "userReview": "\u7b7e\u5230\u4e94\u4e2a\u5b57"}, {"userName": "\u592a\u76d1\u4e0d\u61c2\u7687\u5e1d\u7684\u7d2fi", "userReviewDate": "2018-06-03", "userURL": "https://my.qidian.com/user/190903279", "userReview": "\u8fd8\u4e0d\u9519\uff0c\u597d\u597d\u3002\u3002"}, {"userName": "\u9f99\u7fd4\u5347\u817e", "userReviewDate": "2018-06-03", "userURL": "https://my.qidian.com/user/225451153", "userReview": "\u7b7e\u5230\u52a0\u652f\u6301\u4e0b\u672c\u4e66"}, {"userName": "\u4e7e\u5764\u5e1d\u541b", "userReviewDate": "2018-06-03", "userURL": "https://my.qidian.com/user/216275502", "userReview": "\u9605\u9f84\u8fd1\u5341\u5e74\uff0c\u9a82\u8fc7\u7684\u4e66\u5f88\u591a\uff0c\u5938\u8fc7\u7684\u4e66\u5f88\u5c11\uff0c\u5728\u8fd9\u4e2a\u65e0\u8111\u51fa\u540d\u7684\u5927\u4e16\uff0c\u6211\u60f3\u8bf4\u4f5c\u8005\u8fd9\u672c\u4e66\u662f\u7528\u4e86\u5fc3\u7684\uff0c"}, {"userName": "\u5341\u4e8c\u7ea7\u9635\u98ce", "userReviewDate": "2018-06-01", "userURL": "https://my.qidian.com/user/799376", "userReview": "\u6211\u8ffd\u7684\u4e66\u592a\u5c11\u4e86\u3002\u3002\u8fd9\u4e2a\u6708\u8fde\u4fdd\u5e95\u6708\u7968\u90fd\u6ca1\u6709\u3002\u3002"}, {"userName": "\u5361\u536119", "userReviewDate": "2018-05-31", "userURL": "https://my.qidian.com/user/304028211", "userReview": "\u8fd9\u672c\u4e66\u4e66\u8bc4\u597d\u5c11\u554a\u2026\u6211\u662f\u65e0\u610f\u4e4b\u4e2d\u53d1\u73b0\u8fd9\u672c\u4e66\u7684\u2026\u770b\u4e86\u5927\u534a\u4e4b\u540e\u624d\u53d1\u73b0\u4ee5\u524d\u6211\u770b\u7684\u4e00\u672c\u9b54\u6cd5\u9ad8\u6750\u751f\u4e5f\u662f"}, {"userName": "\u5341\u4e8c\u7ea7\u9635\u98ce", "userReviewDate": "2018-05-29", "userURL": "https://my.qidian.com/user/799376", "userReview": "\u8fd9\u7ae0\u7a81\u7136\u5f00\u59cb\u653e\u98de\u81ea\u6211"}], "description": "\u5fc3\u6f6e\u6f8e\u6e43\uff0c\u65e0\u9650\u5e7b\u60f3\uff0c\u8fce\u98ce\u6325\u51fb\u5343\u5c42\u6d6a\uff0c\u5c11\u5e74\u4e0d\u8d25\u70ed\u8840\uff01", "title": "\u4e00\u6b65\u5077\u5929", "url": "https://book.qidian.com/info/1010209791", "average": -1.0, "cover": "//qidian.qpic.cn/qdbimg/349573/1010209791/180", "reviews": -1, "authors": [{"url": "https://me.qidian.com/authorIndex.aspx?id=5655748", "name": "\u5200\u950b\u996e\u558b"}], "type": ["\u7384\u5e7b", "\u4e1c\u65b9\u7384\u5e7b", "\u4e8c\u6b21\u5143"], "outlinks": ["https://book.qidian.com/info/1010209791", "https://book.qidian.com/info/1010961896", "https://book.qidian.com/info/1010961896", "https://book.qidian.com/info/1010986526", "https://book.qidian.com/info/1010986526", "https://book.qidian.com/info/1010695671", "https://book.qidian.com/info/1010695671", "https://book.qidian.com/info/1010696572", "https://book.qidian.com/info/1010696572", "https://book.qidian.com/info/1010978782", "https://book.qidian.com/info/1010978782", "https://book.qidian.com/info/1010710147", "https://book.qidian.com/info/1010710147", "https://book.qidian.com/info/1001424164", "https://book.qidian.com/info/1001424164", "https://book.qidian.com/info/1009345587", "https://book.qidian.com/info/1009345587", "https://book.qidian.com/info/1011988403", "https://book.qidian.com/info/1009595922", "https://book.qidian.com/info/1011844784", "https://book.qidian.com/info/1011892497", "https://book.qidian.com/info/1011095320", "https://book.qidian.com/info/1011996851", "https://book.qidian.com/info/1011856434", "https://book.qidian.com/info/1011879207", "https://book.qidian.com/info/1011833256", "https://book.qidian.com/info/1011967674"]}