{"ratings": 0.0, "userreviews": [], "description": "\u9752\u6625\u5bc4\u8bed\uff0c\u751f\u6d3b\u65f6\u5c1a\uff0c\u4e61\u571f\u6587\u5316\uff0c\u5c55\u73b0\u73b0\u5b9e\u767e\u6001\uff01", "title": "\u4e00\u6c5f\u5357\u9091\u2014\u2014\u5361\u8f66\u53f8\u673a\u7684\u513f\u5b50", "url": "https://book.qidian.com/info/1010316896", "average": -1.0, "cover": "//qidian.qpic.cn/qdbimg/349573/1010316896/180", "reviews": -1, "authors": [{"url": "https://me.qidian.com/authorIndex.aspx?id=400730691", "name": "\u4e00\u6587\u4e00\u7897\u6c34"}], "type": ["\u73b0\u5b9e", "\u73b0\u5b9e\u767e\u6001"], "outlinks": ["https://book.qidian.com/info/1010316896", "https://book.qidian.com/info/1003629218", "https://book.qidian.com/info/1003629218", "https://book.qidian.com/info/1011049283", "https://book.qidian.com/info/1011049283", "https://book.qidian.com/info/1004593977", "https://book.qidian.com/info/1004593977", "https://book.qidian.com/info/1011168868", "https://book.qidian.com/info/1011168868", "https://book.qidian.com/info/1010928025", "https://book.qidian.com/info/1010928025", "https://book.qidian.com/info/1011647673", "https://book.qidian.com/info/1011647673", "https://book.qidian.com/info/1011633094", "https://book.qidian.com/info/1011456133", "https://book.qidian.com/info/1011634147", "https://book.qidian.com/info/1011681836", "https://book.qidian.com/info/1010536358", "https://book.qidian.com/info/1011815512", "https://book.qidian.com/info/1011779536", "https://book.qidian.com/info/1011822376", "https://book.qidian.com/info/1010906320", "https://book.qidian.com/info/1011955761"]}