{"ratings": 0.0, "userreviews": [{"userName": "\u5931\u6200\u4e09\u5341\u4e09\u5929", "userReviewDate": "2018-02-11", "userURL": "https://my.qidian.com/user/133545641", "userReview": "\u4eba\u6027\u672c\u590d\u6742\u2014\u2014\u6211\u60f3\u8c08\u8c08\u8c37\u6b63\u85e9(\u4e8c)\u6f6d\u5b50\u5728\u4e66\u91cc\u5176\u5b9e\u8bb2\u4e86\u4e24\u4e2a\u5f88\u5b8f\u5927\u7684\u4e3b\u9898\u3002\u4e00\u4e2a\u662f\u5929\u9053\uff0c\u4e00\u4e2a\u662f\u4eba"}, {"userName": "\u5931\u6200\u4e09\u5341\u4e09\u5929", "userReviewDate": "2018-02-07", "userURL": "https://my.qidian.com/user/133545641", "userReview": "\u8bb8\u591a\u542b\u84c4\u610f,\u4e0d\u80af\u9732\u6625\u60c5\uff08\u4e8c\uff09              \u2014\u2014\u82e5\u5979\u4e0d\u662f\u8c37\u4ee4\u5219\u4eba\u4e4b\u4e00\u4e16\uff0c\u81ea\u7136\u8981"}, {"userName": "\u6708\u515c\u515c", "userReviewDate": "2017-09-01", "userURL": "https://my.qidian.com/user/13808491", "userReview": "\u521a\u77e5\u9053\u8fd9\u90e8\u4e66\u8fd8\u662f\u56e0\u4e3a\u4e00\u4e2a\u5c0f\u8bf4\u7fa4\u7684\u7ae5\u978b\u4eec\u4e66\u8352\u6c42\u4e66\u88ab\u63d0\u53ca\uff0c\u5f53\u65f6\u4e5f\u6ca1\u6709\u8ba4\u771f\u7684\u770b\uff0c\u6bd5\u7adf\u7c7b\u4f3c\u7684\u5c0f\u8bf4\u5728"}, {"userName": "\u6797\u5f85", "userReviewDate": "2017-06-26", "userURL": "https://my.qidian.com/user/221639203", "userReview": "\u6211\u4e5f\u4e00\u6a23\u559c\u6b61\u8c37\u4ee4\u5247\u548c\u76e7\u6085\u9019\u5169\u59ca\u59b9\uff0c\u90fd\u6703\u5fc3\u75bc\u3001\u6190\u60dc\u5979\u5011\u7d93\u6b77\u7684\u7a2e\u7a2e\u3002\u9996\u5148\u6211\u5148\u8aaa\uff1a\u76e7\u6085\u6216\u8a31\u56e0\u70ba\u6709"}, {"userName": "\u82b1\u6ee1\u6668\u66e6", "userReviewDate": "2017-05-30", "userURL": "https://my.qidian.com/user/144673995", "userReview": "\u6b22\u8fce\u5927\u5bb6\u6765\u7fa4\u91cc\u804a\u5929\uff0c\u7fa4\u540d\uff1a\u4e00\u6307\u6210\u4ed9\u4e66\u53cb\u7fa4\uff0c\u6f6d\u5b50\u4e5f\u5728\u5466[fn=1]"}, {"userName": "\u82b1\u6ee1\u6668\u66e6", "userReviewDate": "2016-10-09", "userURL": "https://my.qidian.com/user/144673995", "userReview": "\u4e0a\u6b21\u53d1\u9519\u4e86\uff0c\u5fd8\u8bb0\u9009\u957f\u8bc4\u4e86\uff0c\u91cd\u53d1\u53ef\u4ee5\u4e0d\uff0cO(\u2229_\u2229)O~\u4e00\u7728\u773c\uff0c\u8ffd\u65874\u4e2a\u591a\u6708\u4e86\uff0c\u8ffd\u95ee\u771f\u662f\u6709\u82e6"}, {"userName": "\u6797\u5f85", "userReviewDate": "2016-08-30", "userURL": "https://my.qidian.com/user/221639203", "userReview": "\u5c0d\u6bd4\u660e\u986f\uff0c\u53c8\u4e0a\u4e0b\u5169\u8f29\u5b50\u90fd\u70ba\u80fd\u8ffd\u4e0a\u8c37\u4ee4\u5247\u7b49\u968e\u9019\u4e8b\u4e0a\u632b\u6557\uff0c\u6240\u4ee5\u76e7\u6708\u624d\u6703\u90a3\u9ebc\u96e3\u904e\u5427\uff0c\u53ef\u6211\u4e0d\u89ba\u5f97\u8c37"}, {"userName": "\u4e66\u53cb160820002624549", "userReviewDate": "2016-08-20", "userURL": "https://my.qidian.com/user/221639203", "userReview": "\u4e0d\u6127\u4ed6\u7684\u7121\u9aa8\u87f2\u7a31\u865f\uff0c\u4ed6\u751f\u547d\u529b\u592a\u5f37\u4e86\uff0c\u5728\u4ed6\u7684\u6027\u547d\u4e0a\uff0c\u90a3\u4e00\u500b\u500b\u667a\u8a08\u96d6\u4e0d\u77e5\u4ed6\u600e\u9ebc\u505a\u5230\u7684\uff0c\u4f46\u6211\u771f\u7684"}, {"userName": "\u5e0c\u7626", "userReviewDate": "4\u5c0f\u65f6\u524d", "userURL": "https://my.qidian.com/user/301349529", "userReview": "\u7b7e\u5230\u7b7e\u5230\u5566"}, {"userName": "\u7231\u79b9\u59b9", "userReviewDate": "4\u5c0f\u65f6\u524d", "userURL": "https://my.qidian.com/user/105020497", "userReview": "\u522b\u8bf4\uff0c\u5362\u60a6\u7684\u51e0\u4e2a\u5f92\u5f1f\u4e2d\uff0c\u5927\u5f92\u5f1f\u671b\u4ed9\u6700\u662f\u6210\u719f\u7a33\u91cd\u5fe0\u539a\u8001\u5b9e\u6709\u5927\u5e08\u5144\u7684\u8303\uff0c\u4e8c\u5f92\u5f1f\u6797\u82b3\u534e\u540c\u6837\u7684\u7a33\u91cd"}, {"userName": "\u4e66\u88401314", "userReviewDate": "4\u5c0f\u65f6\u524d", "userURL": "https://my.qidian.com/user/303375127", "userReview": "2018\u5e74\u5143\u65e6\uff0c\u5199\u4e0b\uff1a\u7ec6\u817b\u7684\u63cf\u5199\uff0c\u8c28\u614e\u7684\u6316\u5751\uff0c\u5927\u80c6\u7684\u8d77\u4f0f\uff0c\u770b\u300a\u4e00\u6307\u6210\u4ed9\u300b\uff0c\u5e38\u5e38\u968f\u7740\u8c2d\u5b50\u7684\u6587"}, {"userName": "\u6a31\u7483\u6d1b", "userReviewDate": "4\u5c0f\u65f6\u524d", "userURL": "https://my.qidian.com/user/215635652", "userReview": "\u4e3a\u4e86\u5362\u60a6\u548c\u5915\u513f\u7684\u76f8\u805a\uff0c\u670b\u53cb\u4eec\uff0c\u4e3e\u8d77\u624b\u4e2d\u6709\u7968\u7968\uff0c\u54b1\u4eec\u6765\u4e2a\u6295\u7968\u697c\u5427\uff0c\u6295\u7968\u65b9\u6cd5\u4e3a\uff0c\u7968\u7684\u79cd\u7c7b+\u7968\u6570"}, {"userName": "\u5b64\u5c9b\u60ca\u9b42", "userReviewDate": "5\u5c0f\u65f6\u524d", "userURL": "https://my.qidian.com/user/4939827", "userReview": "\u5f00\u5fc3\u6bcf\u4e00\u5929"}, {"userName": "\u957f\u8611\u83c7\u7684\u6843\u5b50", "userReviewDate": "5\u5c0f\u65f6\u524d", "userURL": "https://my.qidian.com/user/217446631", "userReview": "(*\u03c3\u00b4\u2200`)\u03c3"}], "description": "\u4ed9\u8def\u7f25\u7f08\uff0c\u6e05\u6b4c\u8e0f\u6708\u4e0a\u4e5d\u5929\uff1b\u4e91\u5c71\u4e07\u52ab\uff0c\u4e00\u5251\u5929\u5149\u95ee\u60c5\u7f18\u3002", "title": "\u4e00\u6307\u6210\u4ed9", "url": "https://book.qidian.com/info/3484831", "average": -1.0, "cover": "//qidian.qpic.cn/qdbimg/349573/3484831/180", "reviews": -1, "authors": [{"url": "https://me.qidian.com/authorIndex.aspx?id=3121150", "name": "\u6f6d\u5b50"}], "type": ["\u4ed9\u4fa0\u5947\u7f18", "\u53e4\u5178\u4ed9\u4fa0"], "outlinks": ["https:https://book.qidian.com/info/1011421405?qd_game_key=1011421405&qd_dd_p1=11272", "https://book.qidian.com/info/3484831", "https://book.qidian.com/info/1009006915", "https://book.qidian.com/info/1009006915", "https://book.qidian.com/info/1010576025", "https://book.qidian.com/info/1010576025", "https://book.qidian.com/info/1010609420", "https://book.qidian.com/info/1010609420", "https://book.qidian.com/info/1009907705", "https://book.qidian.com/info/1009907705", "https://book.qidian.com/info/1008912635", "https://book.qidian.com/info/1008912635", "https://book.qidian.com/info/1004947556", "https://book.qidian.com/info/1004947556", "https://book.qidian.com/info/2559462", "https://book.qidian.com/info/2559462", "https://book.qidian.com/info/1011871222", "https://book.qidian.com/info/1011879261", "https://book.qidian.com/info/1011607526", "https://book.qidian.com/info/1010505110", "https://book.qidian.com/info/1010285798", "https://book.qidian.com/info/1011976900", "https://book.qidian.com/info/1010905500", "https://book.qidian.com/info/1010257077", "https://book.qidian.com/info/1003815703", "https://book.qidian.com/info/1011427728"]}