{"ratings": 0.0, "userreviews": [{"userName": "\u8ff7\u8def\u7684\u72fc", "userReviewDate": "2016-06-13", "userURL": "https://my.qidian.com/user/2456426", "userReview": "9\u7968\u652f\u6301\u5c0f\u53cc[fn=59]"}, {"userName": "Dream\u4e36&#183;", "userReviewDate": "2016-04-23", "userURL": "https://my.qidian.com/user/169326535", "userReview": "\u4e00\u4e2a\u5973\u795e\u5b66\u59d0\uff0c\u662f\u4e0d\u662f\u8fd8\u8981\u6709\u4e00\u4e2a\u9017\u6bd4\u5b66\u59b9[fn=26]"}, {"userName": "\u53e4\u5251\u68ee\u5bd2", "userReviewDate": "2016-04-23", "userURL": "https://my.qidian.com/user/156180437", "userReview": "\u53e4\u5251\u68ee\u5bd2\u6253\u8d4f\u65e0\u53cc\u5c0f\u9b4f 10\u8d77\u70b9\u5e01\u3000\u8fd9\u672c\u4e66\u5199\u7684\u592a\u597d\u4e86,\u7292\u52b3\u4e00\u4e0b\u5e0c\u671b\u540e\u7eed\u66f4\u7cbe\u5f69!"}, {"userName": "Dream\u4e36&#183;", "userReviewDate": "2016-04-22", "userURL": "https://my.qidian.com/user/169326535", "userReview": "\u4e0d\u9519\uff0c\u559c\u6b22\u8fd9\u6837\u7684\u7537\u4eba\uff0c\u54c1\u5b66\u517c\u4f18\u8fd8\u5e05\uff0c\u5e76\u4e14\u8fd8\u5b85\uff0c\u4f1a\u4e00\u76f4\u5173\u6ce8\u7684\uff0c\u5e0c\u671b\u56de\u8bbf"}, {"userName": "\u6cf0\u5c71\u5c01\u7985\u5c0f\u5929\u4e0b", "userReviewDate": "2016-04-22", "userURL": "https://my.qidian.com/user/214825217", "userReview": "\u5199\u5f97\u597d\u6587\uff0c\u5bb6\u51e4\u63a8\u8350[fn=26][fn=4]"}, {"userName": "Dream\u4e36&#183;", "userReviewDate": "2016-04-22", "userURL": "https://my.qidian.com/user/169326535", "userReview": "Dream\u4e36&#183;\u6253\u8d4f\u65e0\u53cc\u5c0f\u9b4f 10\u8d77\u70b9\u5e01\u3000\u8fd9\u672c\u4e66\u5199\u7684\u592a\u597d\u4e86,\u7292\u52b3\u4e00\u4e0b\u5e0c\u671b\u540e\u7eed\u66f4\u7cbe\u5f69"}, {"userName": "\u8d8a\u7231\u8d8a\u5bc2\u5bde", "userReviewDate": "2016-04-22", "userURL": "https://my.qidian.com/user/2623038", "userReview": "\u52a0\u6cb9\u5427\uff01\u9b4f\u59b9\u59b9"}, {"userName": "\u4e09\u9e1f\u4ed9\u5c9b", "userReviewDate": "2016-04-22", "userURL": "https://my.qidian.com/user/215404937", "userReview": "\u5199\u5f97\u597d\u6587\uff0c\u5bb6\u51e4\u63a8\u8350[fn=26][fn=4]"}, {"userName": "\u6628\u591c\u5377\u5e18\u98ce", "userReviewDate": "2016-04-22", "userURL": "https://my.qidian.com/user/213116866", "userReview": "\u5c0f\u9b4f\u5f00\u5fc3\u70b9\u5594"}, {"userName": "=Q\u7fa4208782718", "userReviewDate": "2017-07-01", "userURL": "https://my.qidian.com/user/216399616", "userReview": "\u5957\u8def\u5341\u8db3\u80fd\u770b\u3002"}, {"userName": "\u4e66\u53cb170620020725845", "userReviewDate": "2017-06-20", "userURL": "https://my.qidian.com/user/216399616", "userReview": "\u94fa\u57ab\u4e0e\u4e3b\u7ebf\u5173\u7cfb\u3002"}, {"userName": "=Q\u7fa4208782718", "userReviewDate": "2017-06-17", "userURL": "https://my.qidian.com/user/216399616", "userReview": "\u6709\u4e9b\u8650\u5fc3\u70b9\u589e\u52a0\u9605\u8bfb\u611f\u89c9\u3002"}, {"userName": "\u6cf0\u5c71\u5c01\u7985\u5c0f\u5929\u4e0b", "userReviewDate": "2016-10-21", "userURL": "https://my.qidian.com/user/214825217", "userReview": "\u5bb6\u51e4\u652f\u6301\u597d\u6587\u63a8\u8350"}, {"userName": "\u611f\u60c5\u4e13\u4e00\u7684\u82b1\u82b1\u516c\u5b50", "userReviewDate": "2016-07-16", "userURL": "https://my.qidian.com/user/162897555", "userReview": "\u611f\u60c5\u4e13\u4e00\u7684\u82b1\u82b1\u516c\u5b50\u6253\u8d4f\u65e0\u53cc\u5c0f\u9b4f 10\u8d77\u70b9\u5e01\u3000\u8fd9\u672c\u4e66\u5199\u7684\u592a\u597d\u4e86,\u7292\u52b3\u4e00\u4e0b\u5e0c\u671b\u540e\u7eed\u66f4\u7cbe\u5f69!"}], "description": "\u91cd\u751f\u82b1\u6837\u5e74\u534e\uff0c\u73a9\u8f6c\u5e02\u4e95\u8c6a\u95e8\uff0c\u643a\u624b\u9006\u88ad\u4eba\u751f\uff0c\u5171\u63fd\u4e00\u4e16\u98ce\u4e91\uff01", "title": "\u4e00\u751f\u4e00\u4e16\u4f34\u537f\u7b11", "url": "https://book.qidian.com/info/1003420783", "average": -1.0, "cover": "//qidian.qpic.cn/qdbimg/349573/1003420783/180", "reviews": -1, "authors": [{"url": "https://me.qidian.com/authorIndex.aspx?id=5068615", "name": "\u65e0\u53cc\u5c0f\u9b4f"}], "type": ["\u73b0\u4ee3\u8a00\u60c5", "\u5a5a\u604b\u60c5\u7f18"], "outlinks": ["https:https://book.qidian.com/info/1011421405?qd_game_key=1011421405&qd_dd_p1=11272", "https://book.qidian.com/info/1003420783", "https://book.qidian.com/info/188814", "https://book.qidian.com/info/188814", "https://book.qidian.com/info/1084725", "https://book.qidian.com/info/1084725", "https://book.qidian.com/info/1433511", "https://book.qidian.com/info/1433511", "https://book.qidian.com/info/1490823", "https://book.qidian.com/info/1490823", "https://book.qidian.com/info/1508844", "https://book.qidian.com/info/1508844", "https://book.qidian.com/info/1509206", "https://book.qidian.com/info/1509206", "https://book.qidian.com/info/3680488", "https://book.qidian.com/info/3680488", "https://book.qidian.com/info/1003773934", "https://book.qidian.com/info/1003773934", "https://book.qidian.com/info/1010472373", "https://book.qidian.com/info/1010472373", "https://book.qidian.com/info/1009042280", "https://book.qidian.com/info/1009626115", "https://book.qidian.com/info/1010737445", "https://book.qidian.com/info/1012015372", "https://book.qidian.com/info/1005059261", "https://book.qidian.com/info/1011899546", "https://book.qidian.com/info/1011717868", "https://book.qidian.com/info/1009904779", "https://book.qidian.com/info/1011200502", "https://book.qidian.com/info/1011634310"]}