{"ratings": 0.0, "userreviews": [{"userName": "\u98ce\u57ce\u6708\u53e4\u4e50", "userReviewDate": "2018-05-22", "userURL": "https://my.qidian.com/user/304136441", "userReview": "\u611f\u89c9\u4f5c\u8005\u5f88\u88c5\u903c\uff0c\u4e0d\u8981\u95ee\u6211\u662f\u8c01\uff0c\u56e0\u4e3ablablabla\uff0c\u4f60\u662f\u4e0a\u4e2a\u4e16\u7eaa\u7684\u5427\uff1f\u591a\u5c11\u5e74\u524d\u7684\u8c03\u4e86\uff0c\u4e0d"}, {"userName": "\u81ef\u6708", "userReviewDate": "2018-05-01", "userURL": "https://my.qidian.com/user/210908956", "userReview": "\u786e\u5b9e\u662f\u633a\u6709\u610f\u601d\u7684\u3002\u4f5c\u8005\u52a0\u6cb9\u7801\u5b57"}, {"userName": "\u4e66\u53cb180309102130090", "userReviewDate": "2018-03-21", "userURL": "https://my.qidian.com/user/313055403", "userReview": "[fn=2]"}, {"userName": "\u6d6a\u5b50\u65e0\u67087823467", "userReviewDate": "2018-03-15", "userURL": "https://my.qidian.com/user/200557570", "userReview": "\u6211\u53ea\u95ee\uff0c\u80fd\u957f\u751f\u5426\uff1f"}, {"userName": "\u51b7\u6708\u7a79\u9b44", "userReviewDate": "2018-01-22", "userURL": "https://my.qidian.com/user/220191857", "userReview": "\u8fd8\u6709\u4e3a\u4ec0\u4e48\u611f\u89c9\u4f5c\u8005\u83ab\u540d\u5730\u4e2d\u4e8c=_="}, {"userName": "\u51b7\u6708\u7a79\u9b44", "userReviewDate": "2018-01-22", "userURL": "https://my.qidian.com/user/220191857", "userReview": "\u611f\u89c9\u597d\u591a\u7231\u60c5\u7684\u554a"}, {"userName": "\u4f0a\u4eba\u7b11\u7ea2\u5986_C", "userReviewDate": "2018-01-17", "userURL": "https://my.qidian.com/user/162415252", "userReview": "\u522b\u5199\u8bd7\u4e86\uff0c\u771f\u7684\u2026\u2026\u8bd7\u771f\u7684\u597d\u96be\u770b\u2026\u2026\u4e5f\u522b\u5199\u5993\u5973\u4e86\uff0c\u7279\u4e48\u7684\u54ea\u6765\u8fd9\u4e48\u591a\u5993\u5973\u548c\u5c06\u519b\uff0c\u524d\u5341\u7bc7\uff0c\u57fa\u672c\u6bcf"}, {"userName": "\u5f71\u592b\u5b50", "userReviewDate": "2018-01-16", "userURL": "https://my.qidian.com/user/210819998", "userReview": "\u5f88\u597d\u7684\u4e66\uff0c\u770b\u4e86\u4e00\u4e0b\uff0c\u786e\u5b9e\u4e0d\u9519\u7684\uff0c\u559c\u6b22\uff0c\u6ca1\u4e8b\u5c31\u8fc7\u6765\u770b\u770b"}, {"userName": "lvfr", "userReviewDate": "2017-06-27", "userURL": "https://my.qidian.com/user/219731169", "userReview": "\u73b0\u5728\u7a81\u7136\u53d1\u73b0\u5927\u90e8\u5206\u77ed\u7bc7\u90fd\u662f\u7ecf\u5178\u554a"}, {"userName": "\u771f\u9189\u4e86\u9189\u4e86", "userReviewDate": "2017-06-14", "userURL": "https://my.qidian.com/user/302384914", "userReview": "\u6ca1\u4eba\u770b\u5462\uff1f \u6211\u6765\u7ed9\u4f60\u8bf4 \u7ee7\u7eed\u5427 \u597d\u770b\u7684 \u7ec6\u8282\u5904\u7406\u597d\u5c31\u68d2\u68d2\u54d2"}, {"userName": "\u514b\u8c10", "userReviewDate": "2017-06-08", "userURL": "https://my.qidian.com/user/195722002", "userReview": "\u867d\u662f\u5c0f\u6545\u4e8b\uff0c\u5c55\u73b0\u4e66\u8005\u7684\u89c2\u611f\u548c\u8ba4\u77e5\u80fd\u529b\u3002"}, {"userName": "\u538b\u529b\u8001\u5927", "userReviewDate": "2017-06-06", "userURL": "https://my.qidian.com/user/227925177", "userReview": "\u5076\u7136\u62dc\u8bfb\u5927\u4f5c\uff0c\u53d1\u73b0\u5199\u7684\u5f88\u597d\uff0c\u52a0\u6cb9\uff01"}], "description": "", "title": "\u4e00\u767e\u4e2a\u5c0f\u6545\u4e8b", "url": "https://book.qidian.com/info/1005040551", "average": -1.0, "cover": "//qidian.qpic.cn/qdbimg/349573/1005040551/180", "reviews": -1, "authors": [{"url": "https://me.qidian.com/authorIndex.aspx?id=4323640", "name": "\u9152\u592a\u767d"}], "type": ["\u77ed\u7bc7", "\u77ed\u7bc7\u5c0f\u8bf4"], "outlinks": ["https://book.qidian.com/info/1005040551", "https://book.qidian.com/info/1011168558", "https://book.qidian.com/info/1011168558", "https://book.qidian.com/info/3681469", "https://book.qidian.com/info/3681469", "https://book.qidian.com/info/3068279", "https://book.qidian.com/info/3068279", "https://book.qidian.com/info/1691147", "https://book.qidian.com/info/1691147", "https://book.qidian.com/info/2984897", "https://book.qidian.com/info/2984897", "https://book.qidian.com/info/1004133624", "https://book.qidian.com/info/1004133624", "https://book.qidian.com/info/1009312005", "https://book.qidian.com/info/1136277", "https://book.qidian.com/info/1830315", "https://book.qidian.com/info/1011168558", "https://book.qidian.com/info/1004575373", "https://book.qidian.com/info/1004088722", "https://book.qidian.com/info/1945698", "https://book.qidian.com/info/1010642969", "https://book.qidian.com/info/1003669419", "https://book.qidian.com/info/1011683374"]}