{"ratings": 0.0, "userreviews": [{"userName": "\u5343\u6708\u5b64\u5f71", "userReviewDate": "2015-10-21", "userURL": "https://my.qidian.com/user/116214575", "userReview": "\u5343\u6708\u5b64\u5f71\u6253\u8d4f\u867e\u5199 100000\u8d77\u70b9\u5e01\u3000\u9019\u672c\u66f8\u592a\u68d2\u4e86\uff01\u7292\u52de\u4e00\u4e0b\uff0c\u5e0c\u671b\u540e\u7e8c\u66f4\u52a0\u7cbe\u5f69\uff01"}, {"userName": "\u2605\u84dd\u6cb3\u6d41\u98ce\u2605", "userReviewDate": "2015-10-21", "userURL": "https://my.qidian.com/user/10426769", "userReview": "\u2605\u84dd\u6cb3\u6d41\u98ce\u2605\u6253\u8d4f\u867e\u5199 50000\u8d77\u70b9\u5e01\u3000\u8fd9\u672c\u4e66\u592a\u68d2\u4e86\uff01\u7292\u52b3\u4e00\u4e0b\uff0c\u5e0c\u671b\u540e\u7eed\u66f4\u52a0\u7cbe\u5f69\uff01"}, {"userName": "\u88ab\u7981\u9522\u7684\u7fc5\u8180", "userReviewDate": "2015-07-14", "userURL": "https://my.qidian.com/user/8745516", "userReview": "\u6c42\u4e24\u9898\u7b54\u6848[fn=22]"}, {"userName": "\u5c0f\u7ea2\u6731", "userReviewDate": "2014-03-26", "userURL": "https://my.qidian.com/user/1130520", "userReview": "rt"}, {"userName": "\u75af\u72c2\u7684\u6de1\u6c34\u9c7c", "userReviewDate": "2013-10-24", "userURL": "https://my.qidian.com/user/123248535", "userReview": "\u559c\u6b22\u867e\u7c73\u5927\u795e\u4e66\u7684\u5144\u5f1f\u4eec\uff0c\u8fd9\u4e2a\u6708\u7684\u6708\u7968\u90fd\u8fd8\u7559\u7740\uff0c\u7248\u4e3b\u53f7\u53ec\u4e00\u4e0b\uff0c\u51c6\u5907\u96c6\u4f53\u7206\u53d1\u4e00\u6b21\u5427\u3002"}, {"userName": "\u3006\u6697\u9999\u758f\u5f71", "userReviewDate": "2013-10-16", "userURL": "https://my.qidian.com/user/129967611", "userReview": "\u6d77\u9c9c\u4eec,\u53c8\u5230\u62a5\u540d\u9f99\u5957\u697c\u7684\u65f6\u95f4\u4e86,\u5927\u5bb6\u6392\u597d\u961f\u54c8\uff01\u8fd9\u662f\u90fd\u5e02\u6587,\u5927\u9f99\u5957\u540d\u522b\u5f53\u6210\u7f51\u6e38\u4e86\u5594\uff01\u6b22\u8fce\u5404\u79cd"}, {"userName": "\u3006\u6697\u9999\u758f\u5f71", "userReviewDate": "2013-07-21", "userURL": "https://my.qidian.com/user/129967611", "userReview": "6302,49945493,9811\u4e24\u4e2a\u7fa4\u867e\u603b\u90fd\u5728,\u4e0d\u8fc75\u5b57\u5934\u7684\u90a3\u4e2a\u7fa4\u867e\u603b\u6bd4\u8f83\u5e38\u5192\u6ce1,\u6b22\u8fce"}, {"userName": "\u4f17\u751f\u4ea6\u4e3a\u68cb", "userReviewDate": "2018-05-26", "userURL": "https://my.qidian.com/user/211868331", "userReview": "\u4e0d\u61c2\u4e0d\u61c2\u4e0d\u61c2"}, {"userName": "Extremity", "userReviewDate": "2018-05-14", "userURL": "https://my.qidian.com/user/195651489", "userReview": "\u4f5c\u8005\u662f\u53ef\u4e50\u63a7\u5417\uff1f\u51e0\u672c\u5c0f\u8bf4\u732a\u811a\u90fd\u559c\u6b22\u53ef\u4e50"}, {"userName": "freeadan", "userReviewDate": "2018-05-05", "userURL": "https://my.qidian.com/user/114252340", "userReview": "\u7b7e\u5230\u7b7e\u5230\u7b7e\u5230\u7b7e\u5230"}, {"userName": "\u8179\u9ed1\u51b7\u50b2\u7f05\u56e0\u732b", "userReviewDate": "2018-04-16", "userURL": "https://my.qidian.com/user/311400240", "userReview": "\u6211\u5f00\u59cb\u4e60\u60ef\u6bcf\u6b21\u90fd\u628a\u8340\u5ba3\u8bfb\u6210\u201c\u72d7\u5ba3\u201d"}, {"userName": "\u4eba\u751f\u5bc2\u5bde\u5982\u72d7", "userReviewDate": "2018-04-13", "userURL": "https://my.qidian.com/user/219827511", "userReview": "\u82cd\u5929\u554a\u5927\u5730\u554a\uff0c\u7b2c\u4e09\u7ae0\u4f5c\u8005\u5c45\u7136\u8bf4\u7b80\u4ecb\u5199\u9519\u4e86\u3002"}, {"userName": "freeadan", "userReviewDate": "2018-03-08", "userURL": "https://my.qidian.com/user/114252340", "userReview": "\u7b7e\u5230\u7b7e\u5230\u7b7e\u5230"}, {"userName": "freeadan", "userReviewDate": "2018-03-08", "userURL": "https://my.qidian.com/user/114252340", "userReview": "\u7b7e\u5230\u7b7e\u5230\u7b7e\u5230"}], "description": "\u91cd\u751f\u8fc7\u53bb\u3001\u7545\u60f3\u672a\u6765\u3001\u68a6\u5e7b\u73b0\u5b9e\uff0c\u518d\u5851\u4f20\u5947\u4eba\u751f\uff01", "title": "\u4e00\u7ea7\u5b89\u4fdd", "url": "https://book.qidian.com/info/2583260", "average": -1.0, "cover": "//qidian.qpic.cn/qdbimg/349573/2583260/180", "reviews": -1, "authors": [{"url": "https://me.qidian.com/authorIndex.aspx?id=4362656", "name": "\u867e\u5199"}], "type": ["\u90fd\u5e02", "\u90fd\u5e02\u751f\u6d3b", "\u73b0\u5b9e"], "outlinks": ["https://book.qidian.com/info/2583260", "https://book.qidian.com/info/1010860472", "https://book.qidian.com/info/1010860472", "https://book.qidian.com/info/1010558260", "https://book.qidian.com/info/1010558260", "https://book.qidian.com/info/1010908372", "https://book.qidian.com/info/1010908372", "https://book.qidian.com/info/3019316", "https://book.qidian.com/info/3019316", "https://book.qidian.com/info/1010046363", "https://book.qidian.com/info/1010046363", "https://book.qidian.com/info/1010191960", "https://book.qidian.com/info/1010191960", "https://book.qidian.com/info/1089558", "https://book.qidian.com/info/1089558", "https://book.qidian.com/info/1297507", "https://book.qidian.com/info/1297507", "https://book.qidian.com/info/1546190", "https://book.qidian.com/info/1546190", "https://book.qidian.com/info/1814913", "https://book.qidian.com/info/1814913", "https://book.qidian.com/info/2291651", "https://book.qidian.com/info/2291651", "https://book.qidian.com/info/3019316", "https://book.qidian.com/info/3019316", "https://book.qidian.com/info/3336008", "https://book.qidian.com/info/3336008", "https://book.qidian.com/info/3508122", "https://book.qidian.com/info/3508122", "https://book.qidian.com/info/3686244", "https://book.qidian.com/info/3686244", "https://book.qidian.com/info/1004141708", "https://book.qidian.com/info/1004141708", "https://book.qidian.com/info/1011453073", "https://book.qidian.com/info/1011453073", "https://book.qidian.com/info/1011932150", "https://book.qidian.com/info/1012029544", "https://book.qidian.com/info/1012015699", "https://book.qidian.com/info/1012018201", "https://book.qidian.com/info/1011879101", "https://book.qidian.com/info/1011790606", "https://book.qidian.com/info/1011971435", "https://book.qidian.com/info/1009695534", "https://book.qidian.com/info/1011890878", "https://book.qidian.com/info/1010537314"]}