{"ratings": 0.0, "userreviews": [{"userName": "\u5b64\u72ec\u53c8\u600e\u6837\u4e36\u6211\u8fd8\u6709\u5f71\u5b50", "userReviewDate": "2018-05-05", "userURL": "https://my.qidian.com/user/312232366", "userReview": "\u7b7e\u5230\u2026\u2026\u6211\u53c8\u56de\u6765\u4e86"}, {"userName": "\u4e66\u7bb1\u6ea2\u7ffc", "userReviewDate": "2018-03-21", "userURL": "https://my.qidian.com/user/310344129", "userReview": "\u8def\u8fc7\u6c34\u7ecf\u9a8c"}, {"userName": "\u4e66\u7bb1\u6ea2\u7ffc", "userReviewDate": "2018-03-21", "userURL": "https://my.qidian.com/user/310344129", "userReview": "\u7b7e\u5230\u4e00\u4e0b\u554a"}, {"userName": "\u82fc\u7b19", "userReviewDate": "2018-03-16", "userURL": "https://my.qidian.com/user/307915311", "userReview": "\u7ae0\u8282\u540d\u88ab\u4f5c\u8005\u5927\u5927\u5403\u6389\u5566\u2026\u2026\u6492\u82b1\u9f13\u638c!"}, {"userName": "\u5415\u5929\u867e3891", "userReviewDate": "2018-03-14", "userURL": "https://my.qidian.com/user/313071969", "userReview": "\u6211\u662f\u6765\u7b7e\u5230\u7684"}, {"userName": "\u5415\u5929\u867e3525", "userReviewDate": "2018-03-12", "userURL": "https://my.qidian.com/user/313087027", "userReview": "\u7b7e\u5230\u7b7e\u5230\u4e94\u4e2a\u5b57"}, {"userName": "\u82fc\u7b19", "userReviewDate": "2018-03-10", "userURL": "https://my.qidian.com/user/307915311", "userReview": "\u81ea\u4ece\u5728\u8fd9\u8fb9\u7f16\u6392\u4e86\u70b9\u5a18\u4e4b\u540e\uff0c\u6211\u53d1\u73b0\u4e86\u67d0\u4e9b\u4e25\u91cd\u7684\u540e\u679c\uff0c\u6bd4\u5982\u8bf4\u62a2\u7ea2\u5305\u62a2\u5230\u4e24\u70b9\u548c\u4e09\u70b9\u662f\u4ec0\u4e48\u9b3c\uff1f\u7b7e\u5230"}, {"userName": "\u4e91\u4e2d\u770b\u6708xy", "userReviewDate": "2018-03-08", "userURL": "https://my.qidian.com/user/217921883", "userReview": "\u7b7e\u5230\u6765\u4e86\u3002"}, {"userName": "\u7530\u9e4fawjy", "userReviewDate": "2018-03-07", "userURL": "https://my.qidian.com/user/227658524", "userReview": "\u6211\u662f\u672c\u4e66\u4f5c\u8005\uff0c\u4e3b\u4eba\u516c\u859b\u9752\u8fd8\u6709\u4e24\u4e2a\u62bd\u5956\u6ca1\u7528\uff0c\u62bd\u70b9\u4ec0\u4e48\u597d\u5462\uff1f\u6c42\u5b9d\u8d1d\u3002\ud83d\ude01\ud83d\ude01\ud83d\ude01"}, {"userName": "\u82fc\u7b19", "userReviewDate": "2018-02-24", "userURL": "https://my.qidian.com/user/307915311", "userReview": "\u5fc3\u597d\u585e\u2026\u2026\u517b\u4e86\u8fd9\u4e48\u4e45\uff0c\u7ed3\u679c\u4e00\u65f6\u624b\u8d31\u70b9\u4e86\u7b7e\u5230\uff0c\u987f\u65f6\u4e0d\u6562\u8ba2\u9605\u4e86\u2026\u2026"}, {"userName": "\u5b64\u72ec\u53c8\u600e\u6837\u4e36\u6211\u8fd8\u6709\u5f71\u5b50", "userReviewDate": "2018-02-20", "userURL": "https://my.qidian.com/user/312232366", "userReview": "\u8fd9\u672c\u4e66\u6f5c\u529b\u65e0\u9650\uff0c\u4f5c\u8005\u7b2c\u4e00\u6b21\u5199\u6210\u8fd9\u6837\u5df2\u7ecf\u5f88\u597d\u5566\uff0c\u4e0d\u670d\u4f60\u53ef\u4ee5\u81ea\u5df1\u5199\u8bd5\u8bd5\u3002\u4e0d\u591a\u8bf4\uff0c\u4f5c\u8005\u5927\u5927\u52a0\u6cb9\uff0c"}, {"userName": "\u6849\u53f6\u9c7c", "userReviewDate": "2018-02-19", "userURL": "https://my.qidian.com/user/187515938", "userReview": "\u6f5c\u529b\u80a1\uff0c\u706b\u94b3\u5218\u660e"}, {"userName": "427526912", "userReviewDate": "2018-02-17", "userURL": "https://my.qidian.com/user/209426913", "userReview": "\u732a\u811a\u548c\u7cfb\u7edf\u7cbe\u7075\u7684\u5bf9\u8bdd\u592a\u767d\uff0c\u4e00\u80a1\u5c0f\u5b66\u751f\u8fc7\u5bb6\u5bb6\u7684\u5473\u9053"}, {"userName": "\u592a\u6e05\u7384\u4ed9", "userReviewDate": "2018-02-16", "userURL": "https://my.qidian.com/user/210978994", "userReview": "\u600e\u4e48\u4e0d\u8054\u7cfb\u670b\u53cb\u544a\u8bc9\u4ed6\u81ea\u5df1\u6b7b\u4e86\u7684\u4e8b\u554a"}], "description": "\u8086\u610f\u6325\u6d12\u6fc0\u60c5\u7684\u6e38\u620f\u4eba\u751f\uff0c\u6253\u7834\u73b0\u5b9e\u6846\u67b6\u7684\u65e0\u5c3d\u5e7b\u60f3\uff01", "title": "\u4e00\u7ea7\u5c0f\u5996\u795e", "url": "https://book.qidian.com/info/1011008159", "average": -1.0, "cover": "//qidian.qpic.cn/qdbimg/349573/1011008159/180", "reviews": -1, "authors": [{"url": "https://me.qidian.com/authorIndex.aspx?id=9808507", "name": "\u6162\u753b\u5bb6"}], "type": ["\u6e38\u620f", "\u865a\u62df\u7f51\u6e38"], "outlinks": ["https://book.qidian.com/info/1011008159", "https://book.qidian.com/info/1010371602", "https://book.qidian.com/info/1010371602", "https://book.qidian.com/info/1009667313", "https://book.qidian.com/info/1009667313", "https://book.qidian.com/info/1009613892", "https://book.qidian.com/info/1009613892", "https://book.qidian.com/info/1010990973", "https://book.qidian.com/info/1010990973", "https://book.qidian.com/info/1010477291", "https://book.qidian.com/info/1010477291", "https://book.qidian.com/info/1010956088", "https://book.qidian.com/info/1010956088", "https://book.qidian.com/info/1005005309", "https://book.qidian.com/info/1005005309", "https://book.qidian.com/info/1011914567", "https://book.qidian.com/info/1011914567", "https://book.qidian.com/info/1011944539", "https://book.qidian.com/info/1011967882", "https://book.qidian.com/info/1011856614", "https://book.qidian.com/info/1011979301", "https://book.qidian.com/info/1010667415", "https://book.qidian.com/info/1011736169", "https://book.qidian.com/info/1011797289", "https://book.qidian.com/info/1011808514", "https://book.qidian.com/info/1011901619", "https://book.qidian.com/info/1011962316"]}