{"ratings": 0.0, "userreviews": [{"userName": "\u4e2a\u6027\u6635\u79f0\uff5e", "userReviewDate": "2018-04-07", "userURL": "https://my.qidian.com/user/192720324", "userReview": "\u7b7e\u5230\u7b7e\u5230\uff5e"}, {"userName": "\u8f6e\u56de\u54c0\u6b4c", "userReviewDate": "4\u5c0f\u65f6\u524d", "userURL": "https://my.qidian.com/user/218916300", "userReview": "\u732a\u811a\u5728\u90aa\u9b54\u8def\u7ebf\u8d8a\u8d70\u8d8a\u8fdc  "}, {"userName": "\u5929\u4e0b\u65e0\u8a00", "userReviewDate": "2018-06-07", "userURL": "https://my.qidian.com/user/102093737", "userReview": "\u6ca1\u6709\u5370\u8c61\u4e86\u54e6"}, {"userName": "\u5415\u5929\u867e3971", "userReviewDate": "2018-06-07", "userURL": "https://my.qidian.com/user/313016780", "userReview": "\u7b7e\u5230\u597d\u50cf\u6709\u7ecf\u9a8c"}, {"userName": "\u9e64\u5185\u513f", "userReviewDate": "2018-06-07", "userURL": "https://my.qidian.com/user/213800339", "userReview": "\u7b7e\u5230\u6c34\u7ecf\u9a8c\u3002"}, {"userName": "qingnianhu", "userReviewDate": "2018-06-06", "userURL": "https://my.qidian.com/user/160679811", "userReview": "\u957f\u751f\u53d8\u4e86\uff1f\u8fd8\u662f\u4f5c\u5bb6\u53d8\u4e86\uff1f"}, {"userName": "\u9f99.\u51e4", "userReviewDate": "2018-06-05", "userURL": "https://my.qidian.com/user/20523189", "userReview": "\u7b7e\u5230\u5f97\u7ecf\u9a8c"}, {"userName": "BlackyyD", "userReviewDate": "2018-06-04", "userURL": "https://my.qidian.com/user/305571398", "userReview": "\u52a0\u6cb9\uff0c\u7cbe\u795e\u9f13\u52b1\u652f\u6301"}, {"userName": "\u5fc3\u6d77\u65e0\u5d161888", "userReviewDate": "2018-06-03", "userURL": "https://my.qidian.com/user/304299048", "userReview": "\u770b\u5230\u4e94\u767e\u4e8c\u5341\u7ae0\uff0c\u4e3b\u89d2\u6740\u4eba\u8d8a\u6765\u8d8a\u6ca1\u5f97\u5e95\u7ebf\uff0c\u4f60\u8fd9\u662f\u628a\u4e3b\u89d2\u5f80\u9b54\u4fee\u5199\u4e86\u5427\uff0c\u672c\u6765\u8fd9\u672c\u4e66\u8fd8\u5f97\u597d\u597d\u7684\uff0c\u98ce"}, {"userName": "\u4e66\u53cb20170218004047416", "userReviewDate": "2018-06-03", "userURL": "https://my.qidian.com/user/229728272", "userReview": "\u5bf9\u4e8e\u6cd5\u5668\u7684\u5b9a\u4f4d\u6709\u95ee\u9898\u5427\uff0c\u5bb6\u65cf\u5927\u6bd4\uff0c\u4e00\u4e2a\u4e0d\u77e5\u540d\u7684\u5c0f\u80d6\u5b50\u5c31\u62ff\u51fa\u6765\u4e2a\u9ad8\u9636\u6cd5\u5668\uff0c\u5230\u4e86\u592a\u6e05\u5bab\uff0c\u5b97\u95e8\u5c0f"}, {"userName": "\u6536\u62fe\u5927\u4e58", "userReviewDate": "2018-06-03", "userURL": "https://my.qidian.com/user/227958577", "userReview": "\u6708\u7968\u4e00\u5f20\uff0c\u4f5c\u8005\u52aa\u529b"}, {"userName": "\u8f6e\u56de\u54c0\u6b4c", "userReviewDate": "2018-06-02", "userURL": "https://my.qidian.com/user/218916300", "userReview": "\u8fd9\u4e48\u70b9\u5b57\u5c31\u7d2f\u8db4\u4e86   \u5c0f\u4f19\u7eb8  \u4f60\u7684\u521b\u4f5c\u4e4b\u8def\u4efb\u91cd\u9053\u8fdc\u554a"}, {"userName": "\u901d\u4f24\u4e36\u4e48\u4e48\u54d2", "userReviewDate": "2018-05-31", "userURL": "https://my.qidian.com/user/213135489", "userReview": "[fn=10]\u5c0f\u63d0\u83ab\u54df\uff0c\u867d\u8bf4\u73b0\u5728\u6d41\u884c\u9006\u88ad\u6551\u7f8e\uff0c\u7136\u540e\u4eba\u624d\u53cc\u6536\u3002\u4f46\u662f\uff0c\u543e\u8f88\u5e0c\u671b\u8fd9\u6b21\u522b\u7559\u6d3b\u53e3\u3002"}, {"userName": "\u901d\u4f24\u4e36\u4e48\u4e48\u54d2", "userReviewDate": "2018-05-30", "userURL": "https://my.qidian.com/user/213135489", "userReview": "\u5c0f\u63d0\u83ab\u54df\uff0c\u543e\u8f88\u53c8\u5543\u4e00\u672c\u5f00\u5c40\u5c31\u5f00\u6302\u4e2d\u671f\u5168\u8eab\u5916\u6302\u7684\u4e66\u56de\u6765\u5566\u3002\u3002"}], "description": "\u4fee\u4ed9\u89c5\u957f\u751f\uff0c\u70ed\u8840\u4efb\u900d\u9065\uff0c\u8e0f\u83b2\u66f3\u6ce2\u6da4\u5251\u9aa8\uff0c\u51ed\u865a\u5fa1\u98ce\u5851\u5723\u9b42\uff01", "title": "\u4e00\u7b26\u5c01\u4ed9", "url": "https://book.qidian.com/info/1009565969", "average": -1.0, "cover": "//qidian.qpic.cn/qdbimg/349573/1009565969/180", "reviews": -1, "authors": [{"url": "https://me.qidian.com/authorIndex.aspx?id=7105156", "name": "\u8096\u5341\u4e00\u83ab"}], "type": ["\u4ed9\u4fa0", "\u5e7b\u60f3\u4fee\u4ed9"], "outlinks": ["https://book.qidian.com/info/1009565969", "https://book.qidian.com/info/1004849611", "https://book.qidian.com/info/1004849611", "https://book.qidian.com/info/1009854468", "https://book.qidian.com/info/1009854468", "https://book.qidian.com/info/1010653177", "https://book.qidian.com/info/1010653177", "https://book.qidian.com/info/1007377615", "https://book.qidian.com/info/1007377615", "https://book.qidian.com/info/1010255643", "https://book.qidian.com/info/1010255643", "https://book.qidian.com/info/1010771394", "https://book.qidian.com/info/1010771394", "https://book.qidian.com/info/1003688576", "https://book.qidian.com/info/1003688576", "https://book.qidian.com/info/1004162096", "https://book.qidian.com/info/1004162096", "https://book.qidian.com/info/1010327039", "https://book.qidian.com/info/1012016027", "https://book.qidian.com/info/1011630501", "https://book.qidian.com/info/1012010192", "https://book.qidian.com/info/1011834598", "https://book.qidian.com/info/1011672705", "https://book.qidian.com/info/1011966835", "https://book.qidian.com/info/1011940680", "https://book.qidian.com/info/1011491390", "https://book.qidian.com/info/1011995376"]}