{"ratings": 0.0, "userreviews": [{"userName": "\u5e78\u798f\u5fae\u7b11\u7740", "userReviewDate": "2014-09-12", "userURL": "https://my.qidian.com/user/7168753", "userReview": "\u5e78\u798f\u5fae\u7b11\u7740\u6253\u8d4f\u590f\u8a00\u51b0 50000\u8d77\u70b9\u5e01\u3000\u8fd9\u672c\u4e66\u592a\u68d2\u4e86\uff01\u7292\u52b3\u4e00\u4e0b\uff0c\u5e0c\u671b\u540e\u7eed\u66f4\u52a0\u7cbe\u5f69\uff01"}, {"userName": "\u4ffa\u662f\u5f20\u98de", "userReviewDate": "2014-09-12", "userURL": "https://my.qidian.com/user/4141210", "userReview": "\u4ffa\u662f\u5f20\u98de\u6253\u8d4f\u590f\u8a00\u51b0 50000\u8d77\u70b9\u5e01\u3000\u652f\u6301\u5b98\u573a\u5c0f\u8bf4~\u652f\u6301\u590f\u5927~"}, {"userName": "\u65e2\u548c\u8c10\u53c8\u6709\u7231", "userReviewDate": "2013-07-04", "userURL": "https://my.qidian.com/user/112285124", "userReview": "\u65e2\u548c\u8c10\u53c8\u6709\u7231\u6253\u8d4f\u590f\u8a00\u51b0 8888\u8d77\u70b9\u5e01\u3000\u8fd9\u672c\u4e66\u592a\u68d2\u4e86\uff01\u7292\u52b3\u4e00\u4e0b\uff0c\u5e0c\u671b\u540e\u7eed\u66f4\u52a0\u7cbe\u5f69\uff01"}, {"userName": "\u6728\u2582\u5b50", "userReviewDate": "4\u5c0f\u65f6\u524d", "userURL": "https://my.qidian.com/user/151934922", "userReview": "\u770b\u5230\u516d\u5341\u516b\u7ae0\u770b\u4e0d\u4e0b\u53bb\u4e86\uff0c\u8b66\u5bdf\u5c40\u526f\u5c40\u957f\u3001\u961f\u957f\u4e4b\u7c7b\u7684\u5404\u8def\u5927\u4f6c\u8dd1\u9152\u5e97\u7ed9\u4e3b\u89d2\u6491\u8170\uff0c\u8981\u6293\u4ed6\u5c31\u628a\u6211\u4eec\u4e5f"}, {"userName": "\u6c42\u7ec3", "userReviewDate": "2018-06-04", "userURL": "https://my.qidian.com/user/192404181", "userReview": "\u7b7e\u5230\u4e86\u3002\u3002\u3002"}, {"userName": "\u96ea\u82b1\u6f2b\u5929\u98de\u821e\u4e2b", "userReviewDate": "2018-06-03", "userURL": "https://my.qidian.com/user/200574055", "userReview": "\u7f3a\u7ae0\u8282\u4e25\u91cd"}, {"userName": "\u5415\u5929\u867e12054", "userReviewDate": "2018-06-03", "userURL": "https://my.qidian.com/user/315081701", "userReview": "\u7b7e\u5230\u5343\u4e07\u697c"}, {"userName": "\u6211\u662f\u65e0\u804a\u597d\u4eba", "userReviewDate": "2018-06-03", "userURL": "https://my.qidian.com/user/2679712", "userReview": "\u5149\u660e\u80cc\u540e\u7684\u5fc3\u9178"}, {"userName": "\u5c3c\u53e4\u62c9\u65af\u6c61\u5996\u738b", "userReviewDate": "2018-06-01", "userURL": "https://my.qidian.com/user/315605966", "userReview": "\u770b\u5230\u516b\u767e\u591a\u7ae0\uff0c\u5f53\u770b\u5230\u4f5c\u8005\u4e0d\u5f97\u4e0d\u4fee\u6539\u5f88\u591a\u5185\u5bb9\u7684\u65f6\u5019\uff0c\u5f53\u770b\u5230\u5ad6\u5bbf******\u88ab\u6293\u7adf\u7136\u6539\u6210\u8f9e\u804c\u7684"}, {"userName": "\u6211\u662f\u9ece\u6653", "userReviewDate": "2018-05-31", "userURL": "https://my.qidian.com/user/153443358", "userReview": "\u53ea\u80fd\u8bf4\u4e00\u822c\uff0c\u5199\u4e86\u4e24\u5343\u7ae0\uff0c\u8fd8\u662f\u533a\u957f\uff0c\u4e5f\u662f\u9189\u4e86\u2026\u2026"}, {"userName": "\u5f53\u4e16\u81ea\u900d\u9065", "userReviewDate": "2018-05-30", "userURL": "https://my.qidian.com/user/219420486", "userReview": "\u7b7e\u5230\u7ee7\u7eed\u652f\u6301"}, {"userName": "\u6211\u662f\u65e0\u804a\u597d\u4eba", "userReviewDate": "2018-05-30", "userURL": "https://my.qidian.com/user/2679712", "userReview": "\u7b7e\u5230\u6c34\u4e00\u6ce2\u7ecf\u9a8c"}, {"userName": "\u6211\u662f\u65e0\u804a\u597d\u4eba", "userReviewDate": "2018-05-26", "userURL": "https://my.qidian.com/user/2679712", "userReview": "\u7b7e\u5230\u6c34\u4e00\u6ce2\u7ecf\u9a8c"}, {"userName": "\u6211\u662f\u65e0\u804a\u597d\u4eba", "userReviewDate": "2018-05-25", "userURL": "https://my.qidian.com/user/2679712", "userReview": "\u4eca\u65e5\u63a8\u8350\u7968\u5df2\u9001\u4e0a"}], "description": "\u91cd\u751f\u8fc7\u53bb\u3001\u7545\u60f3\u672a\u6765\u3001\u68a6\u5e7b\u73b0\u5b9e\uff0c\u518d\u5851\u4f20\u5947\u4eba\u751f\uff01", "title": "\u4e00\u8def\u9752\u4e91", "url": "https://book.qidian.com/info/2780888", "average": -1.0, "cover": "//qidian.qpic.cn/qdbimg/349573/2780888/180", "reviews": -1, "authors": [{"url": "https://me.qidian.com/authorIndex.aspx?id=4362776", "name": "\u590f\u8a00\u51b0"}], "type": ["\u90fd\u5e02", "\u5b98\u573a\u6c89\u6d6e"], "outlinks": ["https://book.qidian.com/info/2780888", "https://book.qidian.com/info/1007399635", "https://book.qidian.com/info/1007399635", "https://book.qidian.com/info/1005983537", "https://book.qidian.com/info/1005983537", "https://book.qidian.com/info/1010674217", "https://book.qidian.com/info/1010674217", "https://book.qidian.com/info/1010101258", "https://book.qidian.com/info/1010101258", "https://book.qidian.com/info/1010709881", "https://book.qidian.com/info/1010709881", "https://book.qidian.com/info/1010908372", "https://book.qidian.com/info/1010908372", "https://book.qidian.com/info/172553", "https://book.qidian.com/info/172553", "https://book.qidian.com/info/1065922", "https://book.qidian.com/info/1065922", "https://book.qidian.com/info/1472044", "https://book.qidian.com/info/1472044", "https://book.qidian.com/info/1011932150", "https://book.qidian.com/info/1012029544", "https://book.qidian.com/info/1012015699", "https://book.qidian.com/info/1012018201", "https://book.qidian.com/info/1011879101", "https://book.qidian.com/info/1011790606", "https://book.qidian.com/info/1011971435", "https://book.qidian.com/info/1009695534", "https://book.qidian.com/info/1011890878", "https://book.qidian.com/info/1010537314"]}