{"ratings": 0.0, "userreviews": [{"userName": "\u5b64\u5c9b\u60ca\u9b42", "userReviewDate": "2018-05-28", "userURL": "https://my.qidian.com/user/4939827", "userReview": "\u5f00\u5fc3\u6bcf\u4e00\u5929"}, {"userName": "\u5b64\u5c9b\u60ca\u9b42", "userReviewDate": "2018-05-27", "userURL": "https://my.qidian.com/user/4939827", "userReview": "\u5f00\u5fc3\u6bcf\u4e00\u5929"}, {"userName": "\u5b64\u5c9b\u60ca\u9b42", "userReviewDate": "2018-05-26", "userURL": "https://my.qidian.com/user/4939827", "userReview": "\u5f00\u5fc3\u6bcf\u4e00\u5929"}, {"userName": "\u5b64\u5c9b\u60ca\u9b42", "userReviewDate": "2018-05-25", "userURL": "https://my.qidian.com/user/4939827", "userReview": "\u5f00\u5fc3\u6bcf\u4e00\u5929"}, {"userName": "\u5b64\u5c9b\u60ca\u9b42", "userReviewDate": "2018-05-24", "userURL": "https://my.qidian.com/user/4939827", "userReview": "\u5f00\u5fc3\u6bcf\u4e00\u5929"}, {"userName": "yin\u73cd", "userReviewDate": "2018-05-24", "userURL": "https://my.qidian.com/user/162414855", "userReview": "\u8fd9\u5c31\u5b8c\u7ed3\u4e86\u5417\uff1f\u4ee5\u524d\u7684\u60ac\u5ff5\uff0c\u6709\u4e00\u4e9b\u662f\u5316\u795e\u540e\u7684\u5440\u3002\u3002\u3002"}, {"userName": "\u82b1\u6728\u6e05\u6e9f", "userReviewDate": "2018-05-24", "userURL": "https://my.qidian.com/user/311247192", "userReview": "\u5973\u4e3b\u5f00\u59cb\u8bf4\u4e0d\u60f3\u548c\u5e74\u9f84\u5927\u7684\u4eba\u4e00\u8d77\uff0c\u4f46\u540e\u9762\u90fd\u662f\u548c\u5e74\u9f84\u5927\u7684\u6709\u611f\u60c5\u7ea0\u845b\uff0c\u96be\u5230\u5c31\u5982\u6b64\u5927\u7684\u5730\u65b9\u5c31\u6ca1\u6709\u5929"}, {"userName": "\u5411\u9633\u82b1\u513f\u7b11", "userReviewDate": "2018-05-21", "userURL": "https://my.qidian.com/user/190328473", "userReview": "\u8fd9\u662f\u8349\u8349\u7ed3\u675f\u4e86\u2026\u2026\u53ef\u60dc"}, {"userName": "\u5e7d\u65f6\u6708", "userReviewDate": "2018-05-20", "userURL": "https://my.qidian.com/user/212918408", "userReview": "\u8fd9\u4e48\u5feb\u5c31\u5316\u795e\u98de\u5347\u5566\uff1f\uff1f\uff1f\uff1f\u6211\u4e0d\u8fc7\u51e0\u5929\u6ca1\u770b\uff0c\u5230\u5e95\u53d1\u751f\u4e86\u4ec0\u4e48"}, {"userName": "calmanan", "userReviewDate": "2018-05-20", "userURL": "https://my.qidian.com/user/115531342", "userReview": "\u5b8c\u7ed3\u4e86\uff0c\u597d\u53ef\u60dc\u554a"}, {"userName": "\u5f20\u827a\u5174\u7684\u5c0f\u4ed9\u5973", "userReviewDate": "2018-05-20", "userURL": "https://my.qidian.com/user/220516341", "userReview": "203\u5462\uff1f"}, {"userName": "calmanan", "userReviewDate": "2018-05-20", "userURL": "https://my.qidian.com/user/115531342", "userReview": "203\u7ae0\u6ca1\u4e0a\u4f20"}, {"userName": "\u5927\u5c3e\u5df4\u72d0\u72f8\u4e0e\u4e09\u82b1\u732b\u54aa", "userReviewDate": "2018-05-20", "userURL": "https://my.qidian.com/user/315102247", "userReview": "\u5fc3\u60c5\u975e\u5e38\u7ea0\u7ed3\u53e6\u5916203\u7ae0\u627e\u4e0d\u5230\u4e86\u662f\u4e0d\u662f\u88ab\u8d77\u70b9\u541e\u4e86"}, {"userName": "\u3224\u6708VIVI", "userReviewDate": "2018-05-20", "userURL": "https://my.qidian.com/user/13194849", "userReview": "\u8fdb\u5c55\u7684\u592a\u5feb\u4e86\uff0c\u5927\u5927\u4f60\u53ef\u4ee5\u5199\u6162\u4e00\u70b9\uff0c\u591a\u5199\u4e00\u70b9\uff0c\u4e0d\u8981\u4e00\u664320\u5e74\u8fc7\u53bb\u4e86\uff0c\u4e00\u664360\u5e74\u8fc7\u53bb\u4e86"}], "description": "\u4ed9\u8def\u7f25\u7f08\uff0c\u6e05\u6b4c\u8e0f\u6708\u4e0a\u4e5d\u5929\uff1b\u4e91\u5c71\u4e07\u52ab\uff0c\u4e00\u5251\u5929\u5149\u95ee\u60c5\u7f18\u3002", "title": "\u4e00\u9646\u6210\u4ed9", "url": "https://book.qidian.com/info/1011304730", "average": -1.0, "cover": "//qidian.qpic.cn/qdbimg/349573/1011304730/180", "reviews": -1, "authors": [{"url": "https://me.qidian.com/authorIndex.aspx?id=401835646", "name": "\u4e5d\u5072"}], "type": ["\u4ed9\u4fa0\u5947\u7f18", "\u53e4\u5178\u4ed9\u4fa0"], "outlinks": ["https:https://book.qidian.com/info/1011421405?qd_game_key=1011421405&qd_dd_p1=11272", "https://book.qidian.com/info/1011304730", "https://book.qidian.com/info/1010609420", "https://book.qidian.com/info/1010609420", "https://book.qidian.com/info/1008912635", "https://book.qidian.com/info/1008912635", "https://book.qidian.com/info/1004947556", "https://book.qidian.com/info/1004947556", "https://book.qidian.com/info/1003377480", "https://book.qidian.com/info/1003377480", "https://book.qidian.com/info/3485091", "https://book.qidian.com/info/3485091", "https://book.qidian.com/info/1003430935", "https://book.qidian.com/info/1003430935", "https://book.qidian.com/info/1011871222", "https://book.qidian.com/info/1011879261", "https://book.qidian.com/info/1011607526", "https://book.qidian.com/info/1010505110", "https://book.qidian.com/info/1010285798", "https://book.qidian.com/info/1011976900", "https://book.qidian.com/info/1010905500", "https://book.qidian.com/info/1010257077", "https://book.qidian.com/info/1003815703", "https://book.qidian.com/info/1011427728"]}