{"ratings": 0.0, "userreviews": [{"userName": "\u563b\u563b\u54c8\u54c85692", "userReviewDate": "\u6628\u65e508:07", "userURL": "https://my.qidian.com/user/214480795", "userReview": "\u9cb2\u4e4b\u5927\u4e00\u9505\u7096\u4e0d\u4e0b"}, {"userName": "\u6811\u4e0a\u6709\u82b1", "userReviewDate": "2018-06-06", "userURL": "https://my.qidian.com/user/230014849", "userReview": "\u8fd9\u672c\u4e66\u4e3a\u4ec0\u4e48\u5728\u90fd\u5e02\u7c7b"}, {"userName": "\u662f\u5212\u6c34\u7684Friends\u5462", "userReviewDate": "2018-06-03", "userURL": "https://my.qidian.com/user/202293517", "userReview": "\u5357\u6d77\u8774\u8776\uff0c\u8089\u53ef\u53d6\u516b\u5341\u65a4\uff0c\u80a5\u7f8e\u53ef\u53e3\uff0c\u63e1\u8349\uff0c\u8774\u8776\u4e3a\u4ec0\u4e48\u98de\u4e0d\u8fc7\u6ca7\u6d77\uff0c\u56e0\u4e3a\u5403\u8d27\u5728\u7b49\u5f85\uff0c\u592a\u6709\u60f3\u8c61\u529b\u4e86"}, {"userName": "saber\u53ea\u6709saber", "userReviewDate": "2\u5c0f\u65f6\u524d", "userURL": "https://my.qidian.com/user/225466909", "userReview": "\u6709\u5267\u6bd2\uff0c\u52ff\u5165\uff0c\u770b\u4e86\u51e0\u7ae0\uff0c\u6bd2\u53d1\u8eab\u4ea1"}, {"userName": "\u4e66\u72f1\u65e0\u7a77", "userReviewDate": "6\u5c0f\u65f6\u524d", "userURL": "https://my.qidian.com/user/213053707", "userReview": "\u795e\u519c\u5df2\u6b7b[fn=51]"}, {"userName": "\u6700\u540e\u9635\u5730", "userReviewDate": "8\u5c0f\u65f6\u524d", "userURL": "https://my.qidian.com/user/155491809", "userReview": "\u5766\u767d\u8bf4\u60f3\u8c61\u529b\u4e0d\u9519\uff0c\u8bbe\u5b9a\u4e5f\u4e0b\u4e86\u529f\u592b\uff0c\u4f46\u662f\u4f5c\u4e3a\u90fd\u5e02\u5c0f\u8bf4\uff0c\u4ee3\u5165\u611f\u5b9e\u5728\u3002\u3002\u3002\u3002\u94f6\u9b42\u770b\u8fc7\u5417\uff1f\u94f6\u9b42\u91cc\u4e71"}, {"userName": "\u4e00\u5b9a\u4f1a\u706b", "userReviewDate": "13\u5c0f\u65f6\u524d", "userURL": "https://my.qidian.com/user/301737370", "userReview": "\u6211\u8349\uff0c\u4f60\u8fd9\u4e66\u540d\u600e\u4e48\u56de\u4e8b\uff0c\u5ae9\u4f60\u4e2b\u7684\uff01"}, {"userName": "\u843d\u82b1\u503e\u541b", "userReviewDate": "16\u5c0f\u65f6\u524d", "userURL": "https://my.qidian.com/user/316626288", "userReview": "\u56e0\u7f3a\u601d\u5385 "}, {"userName": "\u6770\u54e5\u4fe9\u6de10\u4e00\u68cd", "userReviewDate": "21\u5c0f\u65f6\u524d", "userURL": "https://my.qidian.com/user/224418726", "userReview": "\u7b2c\u4e00\u90a3\u4e2a\u516c\u4e3b\u5982\u4f55\u77e5\u9053\u732a\u811a\u662f\u7a7f\u8d8a\u8005  \u7b2c\u4e8c\u521a\u6765\u5565\u4e5f\u6ca1\u4ea4\u4ee3\u5c31\u53d1\u5b8f\u613f\u4e0d\u505a\u5351\u5fae\u7684\u4eba\u65cf \u7b2c\u4e00\u7ae0\u5c31\u6bd2\u6b7b"}, {"userName": "\u6b63\u6cd5\u660e\u5982\u6765", "userReviewDate": "22\u5c0f\u65f6\u524d", "userURL": "https://my.qidian.com/user/162545106", "userReview": "\u4e66\u540d\u90fd\u662f\u75c5\u53e5"}, {"userName": "\u6700\u540e\u9635\u5730", "userReviewDate": "24\u5c0f\u65f6\u524d", "userURL": "https://my.qidian.com/user/155491809", "userReview": "\u90fd\u5e02\uff1f\u660e\u660e\u662f\u5f02\u4e16\u754c\u3002\u3002\u3002"}, {"userName": "\u5415\u5929\u867e13722", "userReviewDate": "\u6628\u65e513:38", "userURL": "https://my.qidian.com/user/316927055", "userReview": "\u7b7e\u5230\u4e86\u5404\u4f4d\u3002[fn=4]"}, {"userName": "\u7f3a\u4e2a\u89d2", "userReviewDate": "\u6628\u65e508:21", "userURL": "https://my.qidian.com/user/222805487", "userReview": "\u5475\u5475\uff0c\u4e5d\u4ebf\u5de8\u5236\u5c71\u6d77\u7ecf\u3002"}, {"userName": "\u6708\u5149\u4e0b\u7684\u4f24521", "userReviewDate": "2018-06-07", "userURL": "https://my.qidian.com/user/211396397", "userReview": "\u4e94\u7ae0\uff0c\u6bd2\u6b7b"}], "description": "\u91cd\u751f\u8fc7\u53bb\u3001\u7545\u60f3\u672a\u6765\u3001\u68a6\u5e7b\u73b0\u5b9e\uff0c\u518d\u5851\u4f20\u5947\u4eba\u751f\uff01", "title": "\u4e00\u9505\u9cb2\u9e4f\u7096\u4e0d\u4e0b", "url": "https://book.qidian.com/info/1012142260", "average": -1.0, "cover": "//qidian.qpic.cn/qdbimg/349573/1012142260/180", "reviews": -1, "authors": [{"url": "https://me.qidian.com/authorIndex.aspx?id=2426387", "name": "\u9e70\u5200"}], "type": ["\u90fd\u5e02", "\u5f02\u672f\u8d85\u80fd"], "outlinks": ["https://book.qidian.com/info/1012142260", "https://book.qidian.com/info/1011669897", "https://book.qidian.com/info/1011669897", "https://book.qidian.com/info/1009915605", "https://book.qidian.com/info/1009915605", "https://book.qidian.com/info/1011285253", "https://book.qidian.com/info/1011285253", "https://book.qidian.com/info/1010191960", "https://book.qidian.com/info/1010191960", "https://book.qidian.com/info/1010831337", "https://book.qidian.com/info/1010831337", "https://book.qidian.com/info/1006466524", "https://book.qidian.com/info/1006466524", "https://book.qidian.com/info/1960585", "https://book.qidian.com/info/1960585", "https://book.qidian.com/info/2148032", "https://book.qidian.com/info/2148032", "https://book.qidian.com/info/1011932150", "https://book.qidian.com/info/1012029544", "https://book.qidian.com/info/1012015699", "https://book.qidian.com/info/1012018201", "https://book.qidian.com/info/1011879101", "https://book.qidian.com/info/1011790606", "https://book.qidian.com/info/1011971435", "https://book.qidian.com/info/1009695534", "https://book.qidian.com/info/1011890878", "https://book.qidian.com/info/1010537314"]}