{"ratings": 0.0, "userreviews": [{"userName": "\u98d8\u9038\u5927\u4fa0", "userReviewDate": "2018-03-02", "userURL": "https://my.qidian.com/user/123173140", "userReview": "\u5143\u5bb5\u8282\u5feb\u4e50\uff01"}, {"userName": "\u98d8\u9038\u5927\u4fa0", "userReviewDate": "2017-11-08", "userURL": "https://my.qidian.com/user/123173140", "userReview": "\u52a0\u6cb9\uff01\u8d77\u70b9\u8fd9\u8fb9\u6211\u7ed9\u4f60\u5168\u8ba2\u4e86\uff01"}, {"userName": "\u98d8\u9038\u5927\u4fa0", "userReviewDate": "2017-10-27", "userURL": "https://my.qidian.com/user/123173140", "userReview": "\u5c0f\u9c7c\u513f\u52a0\u6cb9\uff0c\u6211\u7684\u65b0\u4e66\u7b7e\u7ea6\u4e86\uff0c\u9605\u6587\u96c6\u56e2\u53c8\u591a\u4e86\u4e00\u672c\u7b7e\u7ea6\u7684\u513f\u7ae5\u6587\u5b66\uff01\u513f\u7ae5\u6587\u5b66\u6709\u5e02\u573a\u7684\uff0c\u53ea\u662f\u63a8\u5e7f\u592a"}, {"userName": "\u98d8\u9038\u5927\u4fa0", "userReviewDate": "2017-10-11", "userURL": "https://my.qidian.com/user/123173140", "userReview": "\u8fd9\u6b21\u5199\u7684\u662f\u718a\u5b69\u5b50\u5386\u9669\uff0c\u9996\u53d1\u53c8\u662f\u5728\u8d77\u70b9\uff0c\u8d77\u70b9\u8fd9\u8fb9\u4eba\u6c14\u597d\u4e9b\u3002"}, {"userName": "\u98d8\u9038\u5927\u4fa0", "userReviewDate": "2017-10-10", "userURL": "https://my.qidian.com/user/123173140", "userReview": "\u5c0f\u9c7c\u513f\u52a0\u6cb9\uff0c\u513f\u7ae5\u6587\u5b66\u52a0\u6cb9\uff01\u6211\u53c8\u6765\u5199\u513f\u7ae5\u6587\u5b66\u4e86\u3002"}, {"userName": "\u6f47\u6e58\u5c0f\u56db", "userReviewDate": "2017-09-22", "userURL": "https://my.qidian.com/user/216619609", "userReview": "\u513f\u7ae5\u6587\u5b66\uff1f\u8d77\u70b9\u91cc\u9762\u8fd8\u6709\u8fd9\u4e2a\u5206\u7c7b\u7684\u561b"}, {"userName": "\u8fc7\u4ebf\u4faf", "userReviewDate": "2017-08-06", "userURL": "https://my.qidian.com/user/216767105", "userReview": "\u300a\u6211\u7684\u649e\u9b3c\u8bb0\u5f55\u300b\u90fd\u5e02\u6349\u9b3c\uff0c\u81ea\u6210\u4e00\u6d3e"}, {"userName": "\u9ab7\u9ac5\u5e2e", "userReviewDate": "2017-06-23", "userURL": "https://my.qidian.com/user/172726552", "userReview": "\u8bb0\u5f97\u6709\u4e2a\u66f9\u6587\u8f69\u513f\u7ae5\u6587\u5b66\u5956\u6b63\u5728\u5f81\u7a3f\uff0c\u4f60\u53ef\u4ee5\u53bb\u53c2\u52a0\u4e00\u4e0b\u3002\u5934\u5956\u6709\u4e09\u5341\u4e07\uff0c\u4f73\u4f5c\u59564\u540d\u67098\u4e07\u3002"}, {"userName": "\u5c14\u7b49\u9000\u4e0b\u5427", "userReviewDate": "2017-05-23", "userURL": "https://my.qidian.com/user/300802871", "userReview": "\u770b\u770b[fn=32]"}, {"userName": "\u8d77\u70b9\u4e2d\u6587\u7f51", "userReviewDate": "2017-05-09", "userURL": "https://my.qidian.com/user/33597", "userReview": "\u65b0\u4e66\u65b0\u65c5\u7a0b\uff0c\u5c31\u4ece\u4e00\u5f20\u63a8\u8350\uff0c\u7b2c\u4e00\u4e2a\u70b9\u51fb\u5f00\u59cb\uff0c\u5f00\u59cb\u4f60\u7684\u5c0f\u8bf4\u4eba\u751f\uff0c\u4e66\u5199\u4f60\u7684\u7cbe\u5f69\u6545\u4e8b\uff01\u81ea\u672c\u606d\u8d3a\u4e3b\u9898"}, {"userName": "\u8d77\u70b9\u4e2d\u6587\u7f51", "userReviewDate": "2017-05-07", "userURL": "https://my.qidian.com/user/33597", "userReview": "\u5199\u4f5c\u7684\u9053\u8def\u662f\u5bc2\u5bde\u7684\uff0c\u4f46\u540c\u65f6\u4e5f\u662f\u559c\u60a6\u7684\uff0c\u4f46\u662f\u4ece\u7b2c\u4e00\u4e2a\u4e66\u53cb\u6536\u85cf\u4f60\u7684\u5c0f\u8bf4\u5f00\u59cb\uff0c\u6e05\u95f2\u5c0f\u9c7c\u7684\u5199\u4f5c\u5c31\u4e0d"}, {"userName": "\u8d77\u70b9\u4e2d\u6587\u7f51", "userReviewDate": "2017-05-07", "userURL": "https://my.qidian.com/user/33597", "userReview": "\u4e0d\u79ef\u8dec\u6b65\uff0c\u65e0\u4ee5\u81f3\u5343\u91cc\uff1b\u4e0d\u79ef\u70b9\u51fb\uff0c\u65e0\u4ee5\u6210\u6c5f\u6d77\u3002\u5e0c\u671b\u6bcf\u4e00\u6b21\u70b9\u51fb\u548c\u9605\u8bfb\u90fd\u53ef\u4ee5\u5e26\u7ed9\u5927\u5bb6\u5feb\u6d3b\u6109\u60a6\u7684\u5fc3"}], "description": "", "title": "\u4e03\u5f69\u9762\u5305\u6811", "url": "https://book.qidian.com/info/1004987608", "average": -1.0, "cover": "//qidian.qpic.cn/qdbimg/349573/1004987608/180", "reviews": -1, "authors": [{"url": "https://me.qidian.com/authorIndex.aspx?id=9474308", "name": "\u6e05\u95f2\u5c0f\u9c7c"}], "type": ["\u77ed\u7bc7", "\u513f\u7ae5\u6587\u5b66"], "outlinks": ["https://book.qidian.com/info/1004987608", "https://book.qidian.com/info/1011168558", "https://book.qidian.com/info/1011168558", "https://book.qidian.com/info/1004575373", "https://book.qidian.com/info/1004575373", "https://book.qidian.com/info/3068279", "https://book.qidian.com/info/3068279", "https://book.qidian.com/info/1421403", "https://book.qidian.com/info/1421403", "https://book.qidian.com/info/1620923", "https://book.qidian.com/info/1620923", "https://book.qidian.com/info/1761667", "https://book.qidian.com/info/1761667", "https://book.qidian.com/info/1009329502", "https://book.qidian.com/info/1009329502", "https://book.qidian.com/info/1009312005", "https://book.qidian.com/info/1136277", "https://book.qidian.com/info/1830315", "https://book.qidian.com/info/1011168558", "https://book.qidian.com/info/1004575373", "https://book.qidian.com/info/1004088722", "https://book.qidian.com/info/1945698", "https://book.qidian.com/info/1010642969", "https://book.qidian.com/info/1003669419", "https://book.qidian.com/info/1011683374"]}