{"ratings": 0.0, "userreviews": [{"userName": "\u6c5f\u5357V\u795e\u8bdd", "userReviewDate": "2018-05-07", "userURL": "https://my.qidian.com/user/228645560", "userReview": "\u6c5f\u5357V\u795e\u8bdd\u6253\u8d4f\u660e\u5de7 100000\u8d77\u70b9\u5e01  \u8fd9\u672c\u4e66\u592a\u68d2\u4e86\uff0c\u7292\u52b3\u4e00\u4e0b\uff0c\u5e0c\u671b\u540e\u7eed\u66f4\u52a0\u7cbe\u5f69\uff01"}, {"userName": "\u98ce\u96e8\u2192\u82b1\u9999", "userReviewDate": "2018-05-04", "userURL": "https://my.qidian.com/user/1847493", "userReview": "\u98ce\u96e8\u2192\u82b1\u9999\u6253\u8d4f\u660e\u5de7 100000\u8d77\u70b9\u5e01  \u8fd9\u672c\u4e66\u592a\u68d2\u4e86\uff0c\u7292\u52b3\u4e00\u4e0b\uff0c\u5e0c\u671b\u540e\u7eed\u66f4\u52a0\u7cbe\u5f69\uff01"}, {"userName": "\u4e91\u6eaa\u83ab", "userReviewDate": "2018-04-08", "userURL": "https://my.qidian.com/user/214897537", "userReview": "\u4e91\u6eaa\u83ab\u6253\u8d4f\u660e\u5de7 100000\u8d77\u70b9\u5e01  \u9075\u5b88\u627f\u8bfa\u5b8c\u6210\u76df\u4e3b\u5c01\u9876\u7684\u76d6\u697c\u6253\u8d4f\uff0c\u671b\u5927\u5bb6\u90fd\u8ba2\u9605\u6295\u7968\u652f\u6301"}, {"userName": "\u4f11\u95f2123098", "userReviewDate": "59\u5206\u949f\u524d", "userURL": "https://my.qidian.com/user/187610852", "userReview": "\u95ee\u4e0b\u732a\u811a\u8fdb\u4e2d\u56fd\u961f\u4e86\u5417\u53bb\u62ff\u4e16\u754c\u676f\u4e86 \u7b49\u56de\u590d\u5728\u770b\u4e66\u554a"}, {"userName": "\u4f11\u95f2123098", "userReviewDate": "60\u5206\u949f\u524d", "userURL": "https://my.qidian.com/user/187610852", "userReview": "\u8fd8\u6ca1\u770b\u8fd9\u672c\u4e66\u5462\u95ee\u4e00\u4e0b\u732a\u811a\u8fdb\u56fd\u5bb6\u961f\u4e86\u5417\u62ff\u4e16\u754c\u676f\u4e86"}, {"userName": "\u4e00\u5251\u897f\u6765\u53f6\u5b64\u57ce\uff01", "userReviewDate": "2\u5c0f\u65f6\u524d", "userURL": "https://my.qidian.com/user/210187594", "userReview": "\u6211\u5c31\u95ee\u95ee\u4e0a\u67b6\u4ee5\u540e \u8f93\u8fc7\u7403\u5417\uff1f"}, {"userName": "\u60b2\u79cb\u5c06\u5c81\u665a", "userReviewDate": "3\u5c0f\u65f6\u524d", "userURL": "https://my.qidian.com/user/197713655", "userReview": "\u4f60\u4eec\u611f\u89c9\u8fd8\u6709\u4e94\u5929\u7684\u4e16\u754c\u676f\u8c01\u80fd\u664b\u7ea7\u56db\u5f3a\uff0c\u54ea\u5bb6\u80fd\u593a\u51a0"}, {"userName": "\u94c1\u8840\u7532\u9aa8\u6587", "userReviewDate": "7\u5c0f\u65f6\u524d", "userURL": "https://my.qidian.com/user/216343659", "userReview": "\u7b7e\u5230\u4e86\uff1f\uff1f\uff1f"}, {"userName": "\u94c1\u8840\u7532\u9aa8\u6587", "userReviewDate": "7\u5c0f\u65f6\u524d", "userURL": "https://my.qidian.com/user/216343659", "userReview": "\ud83d\ude04\ud83d\ude04\ud83d\ude04\ud83d\ude04\ud83d\ude04"}, {"userName": "\u5929\u79cb\u5ba2", "userReviewDate": "16\u5c0f\u65f6\u524d", "userURL": "https://my.qidian.com/user/305098893", "userReview": "\u6211\u771f\u7684\u641e\u4e0d\u61c2\u90a3\u4e9b\u8bf4\u8fdb\u56fd\u8db3\u5c31\u5f03\u4e66\u7684\u4eba\u662f\u600e\u4e48\u60f3\u7684\uff0c\u4e3b\u89d2\u8eab\u4e3a\u4e00\u4e2a\u4e2d\u56fd\u4eba\u8fdb\u56fd\u8db3\u4e0d\u662f\u5929\u7ecf\u5730\u4e49\u7684\u5417\uff1f\u8eab"}, {"userName": "\u4e66\u53cb161018162117010", "userReviewDate": "16\u5c0f\u65f6\u524d", "userURL": "https://my.qidian.com/user/224542069", "userReview": "\u6e44\u6f6d\uff1f[fn=34][fn=34][fn=34]\u521a\u51c6\u5907\u770b\uff0c\u7136\u540e\u770b\u89c1\u4e00\u4e2a\u65e0\u6bd4\u773c\u719f\u7684\u540d\u5b57\u3002\u4f5c\u8005"}, {"userName": "\u7231\u5fae", "userReviewDate": "\u6628\u65e510:59", "userURL": "https://my.qidian.com/user/540261", "userReview": "\u5929\u5929\u4fdd\u5e95\u8fd8\u6c42\u6708\u7968\u2026\u2026\u7167\u4f8b\u6bcf\u59299\u63a8\u8350\u7968\u7ed9\u4f60\u4e86\u2026"}, {"userName": "\u4e66\u4e2d\u65b9\u6709\u4e00\u4e1d\u6c14", "userReviewDate": "\u6628\u65e507:06", "userURL": "https://my.qidian.com/user/157245632", "userReview": "\u8650\u8650\u4f0a\u6717\u571f\u8033\u5176\u554a"}, {"userName": "\u516b\u56fd\u75e3", "userReviewDate": "\u6628\u65e507:05", "userURL": "https://my.qidian.com/user/301900029", "userReview": "\u7b7e\u5230\u6c34\u7ecf\u9a8c"}], "description": "\u4f53\u575b\u591a\u82f1\u96c4\uff0c\u8d5b\u573a\u6211\u4e3a\u738b\uff0c\u70ed\u8840\u6f8e\u6e43\u7684\u7ade\u6280\u4f53\u80b2\uff01", "title": "\u4e03\u51a0\u738b", "url": "https://book.qidian.com/info/1009746270", "average": -1.0, "cover": "//qidian.qpic.cn/qdbimg/349573/1009746270/180", "reviews": -1, "authors": [{"url": "https://me.qidian.com/authorIndex.aspx?id=8510706", "name": "\u660e\u5de7"}], "type": ["\u4f53\u80b2", "\u8db3\u7403\u8fd0\u52a8"], "outlinks": ["https://book.qidian.com/info/1009746270", "https://book.qidian.com/info/1005405873", "https://book.qidian.com/info/1005405873", "https://book.qidian.com/info/1010906961", "https://book.qidian.com/info/1010906961", "https://book.qidian.com/info/1010817979", "https://book.qidian.com/info/1010817979", "https://book.qidian.com/info/1009515119", "https://book.qidian.com/info/1009515119", "https://book.qidian.com/info/1005770225", "https://book.qidian.com/info/1005770225", "https://book.qidian.com/info/1010751134", "https://book.qidian.com/info/1010751134", "https://book.qidian.com/info/1004042974", "https://book.qidian.com/info/1004042974", "https://book.qidian.com/info/1009289450", "https://book.qidian.com/info/1009289450", "https://book.qidian.com/info/1011026048", "https://book.qidian.com/info/1011932684", "https://book.qidian.com/info/3675910", "https://book.qidian.com/info/1011342003", "https://book.qidian.com/info/1011687020", "https://book.qidian.com/info/1011446896", "https://book.qidian.com/info/1011767969", "https://book.qidian.com/info/1011676779", "https://book.qidian.com/info/1005095075", "https://book.qidian.com/info/1011814696"]}