{"ratings": 0.0, "userreviews": [{"userName": "\u98ce\u6797\u706b\u77f3", "userReviewDate": "2017-10-16", "userURL": "https://my.qidian.com/user/155366990", "userReview": "\u611f\u8c22\u8bf8\u4f4d\u7c89\u4e1d\uff0c\u611f\u8c22\u652f\u6301\u3002\u671b\u591a\u63a8\u8350\u3002"}, {"userName": "\u6367\u7740\u952e\u76d8\u7684\u5c0f\u4e09", "userReviewDate": "2017-09-06", "userURL": "https://my.qidian.com/user/231387685", "userReview": "\u8f7b\u8c08\u7b11\u98ce\u751f\u597d\u770b"}, {"userName": "\u98ce\u6797\u706b\u77f3", "userReviewDate": "2017-08-25", "userURL": "https://my.qidian.com/user/155366990", "userReview": "\u5c0f\u8bf4\u5c31\u8981\u5b8c\u7a3f\u4e86\u3002\u65b0\u7684\u5c0f\u8bf4\u6b63\u5728\u5f00\u7bc7\u3002"}, {"userName": "\u98ce\u6797\u706b\u77f3", "userReviewDate": "2017-08-19", "userURL": "https://my.qidian.com/user/155366990", "userReview": "\u5c0f\u8bf4\u5185\u5bb9\u4eca\u513f\u665a\u4e0a\u4f20\u3002"}, {"userName": "\u98ce\u6797\u706b\u77f3", "userReviewDate": "2017-08-17", "userURL": "https://my.qidian.com/user/155366990", "userReview": "\u672c\u7bc7\u5c0f\u8bf4\u662f\u6211\u7684\u5904\u5973\u4f5c\u3002\u867d\u7136\u81ea\u53d1\u8868\u4ee5\u6765\u8868\u73b0\u4e0d\u662f\u5f88\u7a81\u51fa\uff0c\u4f46\u4f9d\u65e7\u6709\u670b\u53cb\u652f\u6301\uff0c\u6709\u8d35\u4eba\u76f8\u6276\u3002\u6240\u4ee5\u59cb\u7ec8"}, {"userName": "\u98ce\u6797\u706b\u77f3", "userReviewDate": "2017-08-16", "userURL": "https://my.qidian.com/user/155366990", "userReview": "\u672c\u4e66\u8d8a\u5f80\u540e\u9762\u8d8a\u7cbe\u5f69"}, {"userName": "\u98ce\u6797\u706b\u77f3", "userReviewDate": "2017-08-16", "userURL": "https://my.qidian.com/user/155366990", "userReview": "\u66f4\u65b0\u7ee7\u7eed\u3002\u6b22\u8fce\u5927\u5bb6\u89c2\u770b\u3002"}, {"userName": "\u98ce\u6797\u706b\u77f3", "userReviewDate": "2017-08-16", "userURL": "https://my.qidian.com/user/155366990", "userReview": "\u62a5\u6b49\uff0c\u672c\u4eba\u8fd9\u4e24\u5929\u51fa\u5dee\uff1f\u66f4\u65b0\u6682\u505c\u4e24\u5929\u3002"}, {"userName": "\u98ce\u6797\u706b\u77f3", "userReviewDate": "2017-08-12", "userURL": "https://my.qidian.com/user/155366990", "userReview": "\u611f\u8c22\u5927\u5bb6\u652f\u6301\u3002\u611f\u8c22\u8d35\u520a\u652f\u6301\uff0c\u5c24\u5176\u611f\u8c22\u6211\u7684\u7ed9\u4e88\u6781\u5927\u7684\u5e2e\u52a9\u3002\u975e\u5e38\u5f00\u5fc3\uff0c\u672c\u4e66\u7adf\u7136\u6709\u4e86\u5c01\u9762\u4e86\u3002\u592a\u9177"}, {"userName": "\u98ce\u6797\u706b\u77f3", "userReviewDate": "2017-08-12", "userURL": "https://my.qidian.com/user/155366990", "userReview": "\u672c\u5c0f\u8bf4\u53d1\u8868\u81f3\u4eca\u5df2\u7ecf\u6709\u63a5\u8fd112\u4e07\u5b57\u4e86\u3002\u5e0c\u671b\u5927\u5bb6\u770b\u8fc7\u540e\u89c9\u5f97\u4e0d\u9519\u7684\u8bdd\u80fd\u7ed9\u63a8\u8350\u3002\u6211\u4e5f\u5f88\u671f\u5f85\u6211\u7684\u8fd9\u7bc7"}, {"userName": "\u98ce\u6797\u706b\u77f3", "userReviewDate": "2017-08-09", "userURL": "https://my.qidian.com/user/155366990", "userReview": "\u6545\u4e8b\u53d1\u5c55\u5230\u6700\u540e\uff0c\u5373\u5c06\u8981\u89e3\u5f00\u8c1c\u9898\u4e86\uff0c\u656c\u8bf7\u5927\u5bb6\u5173\u6ce8\u3002"}, {"userName": "\u98ce\u6797\u706b\u77f3", "userReviewDate": "2017-08-08", "userURL": "https://my.qidian.com/user/155366990", "userReview": "\u5c0f\u8bf4\u6b63\u5728\u7a33\u6b65\u66f4\u65b0\u4e2d\u3002\u5e0c\u671b\u559c\u6b22\u672c\u5c0f\u8bf4\u7684\u670b\u53cb\u5e2e\u5fd9\u63a8\u8350\u63a8\u8350\u3002"}, {"userName": "\u98ce\u6797\u706b\u77f3", "userReviewDate": "2017-07-27", "userURL": "https://my.qidian.com/user/155366990", "userReview": "\u656c\u8bf7\u5927\u5bb6\u6536\u770b"}, {"userName": "\u98ce\u6797\u706b\u77f3", "userReviewDate": "2017-07-26", "userURL": "https://my.qidian.com/user/155366990", "userReview": "\u6211\u6ca1\u6709\u653e\u5f03\u3002\u53ea\u662f\u7b49\u5f85\u7740\u6700\u597d\u7684\u65f6\u673a\u3002\u6211\u5c06\u7ee7\u7eed\u66f4\u65b0\u6211\u7684\u5c0f\u8bf4\u3002\u5c0f\u8bf4\u6211\u65e9\u5df2\u5b8c\u7a3f\u4e86\uff0c\u53ea\u662f\u6ca1\u6709\u5168\u90e8\u53d1\u8868"}], "description": "", "title": "\u4e03\u7edd\u827a\u4e4b\u4e03\u7384\u65a9", "url": "https://book.qidian.com/info/1003300783", "average": -1.0, "cover": "//qidian.qpic.cn/qdbimg/349573/1003300783/180", "reviews": -1, "authors": [{"url": "https://me.qidian.com/authorIndex.aspx?id=3148835", "name": "\u98ce\u6797\u706b\u77f3"}], "type": ["\u77ed\u7bc7", "\u5f71\u89c6\u5267\u672c"], "outlinks": ["https://book.qidian.com/info/1003300783", "https://book.qidian.com/info/1182948", "https://book.qidian.com/info/1182948", "https://book.qidian.com/info/3068279", "https://book.qidian.com/info/3068279", "https://book.qidian.com/info/1421403", "https://book.qidian.com/info/1421403", "https://book.qidian.com/info/1620923", "https://book.qidian.com/info/1620923", "https://book.qidian.com/info/1761667", "https://book.qidian.com/info/1761667", "https://book.qidian.com/info/1830315", "https://book.qidian.com/info/1830315", "https://book.qidian.com/info/1009312005", "https://book.qidian.com/info/1136277", "https://book.qidian.com/info/1830315", "https://book.qidian.com/info/1011168558", "https://book.qidian.com/info/1004575373", "https://book.qidian.com/info/1004088722", "https://book.qidian.com/info/1945698", "https://book.qidian.com/info/1010642969", "https://book.qidian.com/info/1003669419", "https://book.qidian.com/info/1011683374"]}