{"ratings": 0.0, "userreviews": [{"userName": "\u7d2b\u53f6\u503e\u57ce", "userReviewDate": "4\u5c0f\u65f6\u524d", "userURL": "https://my.qidian.com/user/3273784", "userReview": "\u7adf\u7136\u6311\u6218\u5927\u738b\u9976\u547d\uff01\u4e0d\u8981\u547d\u4e86\u30fd(\u2267\u0414\u2266)\u30ce\u4e0d\u6015\u88ab\u5415\u6811\u80f8\u5f1f\u6293\u4f4f\u51f6\u9886\u5c31\u95ee\u4f60\u6c14\u4e0d\u6c14\u561b\uff1f"}, {"userName": "\u5415\u5929\u867e13439", "userReviewDate": "\u6628\u65e510:21", "userURL": "https://my.qidian.com/user/316354378", "userReview": "\u7b7e\u5230\u6295\u7968\u697c\uff01"}, {"userName": "\u59dc\u8f99", "userReviewDate": "\u6628\u65e509:23", "userURL": "https://my.qidian.com/user/197728778", "userReview": "\u8fd9\u4e2a\u4f5c\u8005\u662f\u8c01"}, {"userName": "\u9ad8\u5742\u6b66\u5a01", "userReviewDate": "2018-06-07", "userURL": "https://my.qidian.com/user/210349938", "userReview": "\u5927\u738b\u9976\u547d\uff0c\u90a3\u4e1c\u897f\u600e\u4e48\u5199\u540c\u4eba??"}, {"userName": "Susea", "userReviewDate": "2018-06-02", "userURL": "https://my.qidian.com/user/1741357", "userReview": "\u4e3b\u89d2\u53d8\u914d\u89d2\u4e86\uff1f\u5b8c\u5168\u6ca1\u6709\u51fa\u573a\u4e86"}, {"userName": "\u6556\u9ece", "userReviewDate": "2018-05-29", "userURL": "https://my.qidian.com/user/214180067", "userReview": "\u597d\u50cf\u662f\u662f\u4ed9\u9006\u4e16\u754c\uff0c"}, {"userName": "asdeasfdsfa", "userReviewDate": "2018-05-29", "userURL": "https://my.qidian.com/user/171503137", "userReview": "\u539f\u6765\u524d\u9762\u6539\u4e86"}, {"userName": "\u5723\u96c4\u65e0\u53cc", "userReviewDate": "2018-05-25", "userURL": "https://my.qidian.com/user/212136530", "userReview": "\u53bb\u770b\u6740\u622e\u7f8e\u5b66\u5427\uff01\u6bd4\u8fd9\u672c\u4e66\u597d\u770b(\u2267\u2207\u2266)"}, {"userName": "\u661f\u7b9c\u96e8\u60b8", "userReviewDate": "2018-05-24", "userURL": "https://my.qidian.com/user/199145191", "userReview": "\u90a3\u5565   \u4e3b\u89d2\u7684\u4e16\u754c\u91cc\u6ca1\u6709\u5c0f\u8bf4\u561b    \u8fd8\u6709\u90fd\u6709\u7a7f\u8d8a\u8fd9\u56de\u4e8b\u4e86   \u600e\u4e48\u8fd8\u662f\u975e\u8981\u575a\u6301\u552f\u7269\u4e3b\u4e49"}, {"userName": "\u9b3c\u7b14\u5b50", "userReviewDate": "2018-05-22", "userURL": "https://my.qidian.com/user/209570995", "userReview": "\u4f5c\u8005\u4f1a\u6253\u6eda\uff0c\u4f1a\u5a07\u5598\uff0c\u80fd\u5973\u88c5\u4e48\uff1f\u4f1a\u7684\u8bdd\u5c31\u7ed9\u7968\u4e86\u3002\u3002\u3002"}, {"userName": "\u9752\u82b1\u9171", "userReviewDate": "2018-05-21", "userURL": "https://my.qidian.com/user/116122954", "userReview": "\u53ef\u4ee5\uff5e\uff5e\uff5e\uff5e"}, {"userName": "\u4e03\u53f6\u4e00\u679d\u8349", "userReviewDate": "2018-05-21", "userURL": "https://my.qidian.com/user/224922527", "userReview": "\u6f47\u6f47\u9547\u697c\uff0c\u9547\u697c\u6f47\u6f47"}, {"userName": "\u5e1d\u843d\u5343\u79cb", "userReviewDate": "2018-05-21", "userURL": "https://my.qidian.com/user/230700802", "userReview": "\u770b\u7684\u597d\u618b\u5c48\uff0c\u4e3b\u89d2\u8ddf\u4e2a\u50bb \u5b50\u4f3c\u7684\uff0c\u4e0d\u4f1a\u6253\u542c\u4e00\u4e0b\u60c5\u51b5\u518d\u8003\u8651\u600e\u4e48\u8bf4\u8bdd\u5417\uff1f\u80fd\u591f\u7a7f\u8d8a\uff0c\u5374\u8fd8\u88c5\u4f5c\u63a5\u53d7\u4e0d"}], "description": "\u3010\u7f51\u6587\u4e4b\u738b\u7384\u5e7b\u201cBOSS\u6d41\u201d\u5f81\u6587\u3011\u53c2\u8d5b\u4f5c\u54c1", "title": "\u4e03\u7ef4\u5165\u4fb5", "url": "https://book.qidian.com/info/1011969869", "average": -1.0, "cover": "//qidian.qpic.cn/qdbimg/349573/1011969869/180", "reviews": -1, "authors": [{"url": "https://me.qidian.com/authorIndex.aspx?id=402086277", "name": "\u5931\u843d\u7684\u52c7\u6c14"}], "type": ["\u7384\u5e7b", "\u5f02\u4e16\u5927\u9646"], "outlinks": ["https://book.qidian.com/info/1011969869", "https://book.qidian.com/info/1010389683", "https://book.qidian.com/info/1010389683", "https://book.qidian.com/info/1004179514", "https://book.qidian.com/info/1004179514", "https://book.qidian.com/info/1011424531", "https://book.qidian.com/info/1011424531", "https://book.qidian.com/info/1004608738", "https://book.qidian.com/info/1004608738", "https://book.qidian.com/info/1011198239", "https://book.qidian.com/info/1011198239", "https://book.qidian.com/info/1003420092", "https://book.qidian.com/info/1003420092", "https://book.qidian.com/info/1011988403", "https://book.qidian.com/info/1009595922", "https://book.qidian.com/info/1011844784", "https://book.qidian.com/info/1011892497", "https://book.qidian.com/info/1011095320", "https://book.qidian.com/info/1011996851", "https://book.qidian.com/info/1011856434", "https://book.qidian.com/info/1011879207", "https://book.qidian.com/info/1011833256", "https://book.qidian.com/info/1011967674"]}