{"ratings": 0.0, "userreviews": [{"userName": "\u5927\u7ea2\u8c46\u54c8", "userReviewDate": "2018-05-16", "userURL": "https://my.qidian.com/user/300880645", "userReview": "\u7ed3\u5c40\u592a\u4ed3\u4fc3\u4e86\u5427\uff01"}, {"userName": "\u679d\u679d\u552f\u679d\u679d", "userReviewDate": "2018-04-30", "userURL": "https://my.qidian.com/user/227440788", "userReview": "\u6781\u54c1\u591a\u7684\u6bd4\u5929\u4e0a\u7684\u661f\u661f\uff0c\u5f03\u4e86"}, {"userName": "\u674e\u8d77\u70b9", "userReviewDate": "2018-04-22", "userURL": "https://my.qidian.com/user/121366514", "userReview": "\u600e\u4e48\u6ca1\u6709\u4e94\u5341\u56db\u7ae0\uff1f\uff01"}, {"userName": "\u5730\u4e2d\u6d77\u7684\u9c7c\u513f", "userReviewDate": "2018-04-22", "userURL": "https://my.qidian.com/user/13394807", "userReview": "4\u5f20\u63a8\u8350\u7968\uff0c\u6211\u559c\u6b22\u3002"}, {"userName": "\u4e03\u6708\u6d41\u88f3", "userReviewDate": "2018-04-17", "userURL": "https://my.qidian.com/user/313217920", "userReview": "\u7b7e\u5230\u6c34\u7ecf\u9a8c"}, {"userName": "\u6b46\u7eee", "userReviewDate": "2018-04-12", "userURL": "https://my.qidian.com/user/135784120", "userReview": "\u7537\u4e3b\u4ed6\u5988\u7b2c\u4e00\u6b21\u89c1\u9762\u5c31\u90a3\u6837\u8bf4\u5979\uff0c\u540e\u9762\u5c45\u7136\u8fd8\u662f\u5728\u4e00\u8d77\uff0c\u5929\u4e0b\u662f\u6ca1\u6709\u7537\u7684\u4e86\u662f\u5427\u770b\u4e0b\u6765\u53ea\u611f\u89c9\u5230\u4e86\u618b\u5c48"}, {"userName": "\u6735\u6735\u2026\u2026\u679c\u679c", "userReviewDate": "2018-03-10", "userURL": "https://my.qidian.com/user/200725411", "userReview": "\u6709\u4e9b\u5931\u671b\uff0c\u592a\u6df7\u4e71\u4e86\uff0c\u770b\u5230\u8df3\u821e\u7684\u90a3\u5757\u770b\u4e0d\u4e0b\u53bb\u4e86\uff0c\u6323\u516c\u5206\u5403\u5927\u9505\u996d\u7684\u65f6\u5019\u8fd8\u6562\u505a\u751f\u610f\uff1f\u5728\u54ea\u4e2a\u4fdd\u5b88\u7684"}, {"userName": "\u83ab\u5185\u4e0e\u68b5\u9ad8\u7684\u731c\u60f3", "userReviewDate": "2018-01-17", "userURL": "https://my.qidian.com/user/305774701", "userReview": "\u53d7\u4e0d\u4e86\u5973\u4e3b \u8fd9\u7537\u7684\u5bb6\u91cc\u505a\u5988\u5988\u7684\u548c\u505a\u59d0\u59d0\u7684\u90a3\u4e48\u8ba8\u538c\u5979 \u5979\u8fd8\u4e0a\u8d76\u5b50\u8981\u548c\u8fd9\u4e2a\u7537\u7684\u597d\uff1f"}, {"userName": "\u98ce\u6709\u7fc5\u8180", "userReviewDate": "2017-11-04", "userURL": "https://my.qidian.com/user/197346852", "userReview": "\u6700\u8ba8\u538c\u8fd9\u6837\u7684\u4f5c\u54c1\u4e86\uff0c\u6d6a\u8d39\u94b1\u3002"}, {"userName": "\u6c34\u661f\u7684\u8499\u9762\u8d85\u4eba", "userReviewDate": "2017-11-04", "userURL": "https://my.qidian.com/user/21073819", "userReview": "\u661f\u671f\u516d\u5230\u6765\u4e86\uff0c\u6f02\u4eae\u53ef\u7231\u7684\u5927\u59ae\u59d1\u5a18\u65e9\u5b89\uff01\u5927\u59ae\u59d1\u5a18\u60f3\u5fc5\u4e00\u5b9a\u5f88\u8f7b\u677e\u5f88\u55e8\u68ee\u5427\uff1f\u53ef\u4ee5\u597d\u597d\u4f11\u606f\u4e0b\u4e86~~"}, {"userName": "\u6c34\u661f\u7684\u8499\u9762\u8d85\u4eba", "userReviewDate": "2017-11-03", "userURL": "https://my.qidian.com/user/21073819", "userReview": "\u661f\u671f\u4e94\u5230\u6765\u4e86\uff0c\u6e29\u67d4\u7f8e\u4e3d\u7684\u5927\u59ae\u59d1\u5a18\u65e9\u5b89\uff01\u8fd9\u5c31\u5927\u7ed3\u5c40\u4e86\uff01\uff1f\u5929\u5566\u565c\u2026\u2026\u5927\u59ae\u59d1\u5a18\u597d\u5e72\u8106\u554a\u554a~~"}, {"userName": "\u5c0f\u597d1982", "userReviewDate": "2017-11-03", "userURL": "https://my.qidian.com/user/304193968", "userReview": "\u7adf\u7136\u8fd9\u6837\u5c31\u5927\u7ed3\u5c40\u4e86\uff0c\u5e86\u5e78\u540e\u9762\u6ca1\u770b\u4e86[fn=14]"}, {"userName": "\u6b46\u7eee", "userReviewDate": "2017-11-03", "userURL": "https://my.qidian.com/user/135784120", "userReview": "\u770b\u4e86\u4e00\u70b9\uff0c\u770b\u7684\u6211\u5b9e\u5728\u662f\u770b\u4e0d\u4e0b\u53bb\u4e86"}, {"userName": "\u83e9\u96ea", "userReviewDate": "2017-11-03", "userURL": "https://my.qidian.com/user/193613624", "userReview": "\u989d\uff0c\u5207\u4e66\u4e86\u554a\uff0c\uff0c\uff0c\u65e9\u77e5\u9053\u6211\u591a\u517b\u517b\uff0c\u5230\u65f6\u5019\u8df3\u5230\u6700\u540e\uff0c\u5c31\u77e5\u9053\u5207\u4e0d\u5207\u4e86\uff0c\uff0c\uff0c\u603b\u89c9\u5f97\u524d\u9762\u7684\u5e01\u90fd\u6d6a\u8d39"}], "description": "\u91cd\u751f\u82b1\u6837\u5e74\u534e\uff0c\u73a9\u8f6c\u5e02\u4e95\u8c6a\u95e8\uff0c\u643a\u624b\u9006\u88ad\u4eba\u751f\uff0c\u5171\u63fd\u4e00\u4e16\u98ce\u4e91\uff01", "title": "\u4e03\u96f6\u4fcf\u5a07\u59bb", "url": "https://book.qidian.com/info/1009719103", "average": -1.0, "cover": "//qidian.qpic.cn/qdbimg/349573/1009719103/180", "reviews": -1, "authors": [{"url": "https://me.qidian.com/authorIndex.aspx?id=3561040", "name": "\u9773\u5927\u59ae"}], "type": ["\u73b0\u4ee3\u8a00\u60c5", "\u5a5a\u604b\u60c5\u7f18"], "outlinks": ["https:https://book.qidian.com/info/1011421405?qd_game_key=1011421405&qd_dd_p1=11272", "https://book.qidian.com/info/1009719103", "https://book.qidian.com/info/1010696965", "https://book.qidian.com/info/1010696965", "https://book.qidian.com/info/1010742041", "https://book.qidian.com/info/1010742041", "https://book.qidian.com/info/1010799943", "https://book.qidian.com/info/1010799943", "https://book.qidian.com/info/1010700502", "https://book.qidian.com/info/1010700502", "https://book.qidian.com/info/1010341910", "https://book.qidian.com/info/1010341910", "https://book.qidian.com/info/1010730301", "https://book.qidian.com/info/1010730301", "https://book.qidian.com/info/2985605", "https://book.qidian.com/info/2985605", "https://book.qidian.com/info/3169982", "https://book.qidian.com/info/3169982", "https://book.qidian.com/info/3381780", "https://book.qidian.com/info/3381780", "https://book.qidian.com/info/1009042280", "https://book.qidian.com/info/1009626115", "https://book.qidian.com/info/1010737445", "https://book.qidian.com/info/1012015372", "https://book.qidian.com/info/1005059261", "https://book.qidian.com/info/1011899546", "https://book.qidian.com/info/1011717868", "https://book.qidian.com/info/1009904779", "https://book.qidian.com/info/1011200502", "https://book.qidian.com/info/1011634310"]}