{"ratings": 0.0, "userreviews": [{"userName": "hjjkk66", "userReviewDate": "2018-05-24", "userURL": "https://my.qidian.com/user/19036431", "userReview": "\u5f88\u597d\u770b\u554a\uff0c\u771f\u7684\u597d\u770b\uff01"}, {"userName": "zmams", "userReviewDate": "2018-05-23", "userURL": "https://my.qidian.com/user/227339894", "userReview": "\u4e3a\u4ec0\u4e48\u5973\u4e3b\u8fd8\u4e0d\u8981\u56de100\u5143\u5462\uff1f\u5c31\u50cf\u5973\u4e3b\u540e\u5988\u8bf4\u7684\uff0c\u8fde\u5c41\u90fd\u4e0d\u6562\u653e\uff0c\u53ea\u8981\u4e86\u751f\u6d3b\u8d396\u5143"}, {"userName": "zmams", "userReviewDate": "2018-05-19", "userURL": "https://my.qidian.com/user/227339894", "userReview": "\u4e66\u540d\u548c\u7b80\u4ecb\u592a\u666e\u901a\uff0c\u591a\u6b21\u76f4\u63a5\u5ffd\u7565\u8df3\u8fc7\uff0c\u540e\u6765\u53d1\u73b0\u662f\u8001\u4f5c\u8005\u65b0\u4e66\uff0c\u60ca\u559c\u52a0\u652f\u6301"}, {"userName": "\u4f24\u5fc3\u808b\u9aa8", "userReviewDate": "2018-05-03", "userURL": "https://my.qidian.com/user/216512483", "userReview": "\u80fd\u591a\u66f4\u5417\uff1f[fn=31]"}, {"userName": "\u4e66\u53cb20170327010558183", "userReviewDate": "2018-05-03", "userURL": "https://my.qidian.com/user/231266066", "userReview": "\u4e0d\u8a00\u53c8\u51fa\u65b0\u4e66\u4e86\uff0c\u597d\u671f\u5f85\u54e6[fn=21][fn=21]"}], "description": "\u3010\u7b2c\u4e09\u5c4a\u7f51\u7edc\u539f\u521b\u6587\u5b66\u73b0\u5b9e\u4e3b\u4e49\u9898\u6750\u5f81\u6587\u5927\u8d5b\u3011\u53c2\u8d5b\u4f5c\u54c1", "title": "\u4e03\u96f6\u5a07\u59bb\u6709\u70b9\u751c", "url": "https://book.qidian.com/info/1011819955", "average": -1.0, "cover": "//qidian.qpic.cn/qdbimg/349573/1011819955/180", "reviews": -1, "authors": [{"url": "https://me.qidian.com/authorIndex.aspx?id=6728324", "name": "\u4e0d\u8a00\u6210\u8e4a"}], "type": ["\u73b0\u4ee3\u8a00\u60c5", "\u5a5a\u604b\u60c5\u7f18"], "outlinks": ["https:https://book.qidian.com/info/1011421405?qd_game_key=1011421405&qd_dd_p1=11272", "https://book.qidian.com/info/1011819955", "https://book.qidian.com/info/1010494509", "https://book.qidian.com/info/1010494509", "https://book.qidian.com/info/1010697498", "https://book.qidian.com/info/1010697498", "https://book.qidian.com/info/1010193266", "https://book.qidian.com/info/1010193266", "https://book.qidian.com/info/1007006385", "https://book.qidian.com/info/1007006385", "https://book.qidian.com/info/1010495481", "https://book.qidian.com/info/1010495481", "https://book.qidian.com/info/1010907867", "https://book.qidian.com/info/1010907867", "https://book.qidian.com/info/1003431909", "https://book.qidian.com/info/1003431909", "https://book.qidian.com/info/1003534945", "https://book.qidian.com/info/1003534945", "https://book.qidian.com/info/1005164772", "https://book.qidian.com/info/1005164772", "https://book.qidian.com/info/1009042280", "https://book.qidian.com/info/1009626115", "https://book.qidian.com/info/1010737445", "https://book.qidian.com/info/1012015372", "https://book.qidian.com/info/1005059261", "https://book.qidian.com/info/1011899546", "https://book.qidian.com/info/1011717868", "https://book.qidian.com/info/1009904779", "https://book.qidian.com/info/1011200502", "https://book.qidian.com/info/1011634310"]}