{"ratings": 0.0, "userreviews": [{"userName": "\u4e66\u53cb20171225130626819", "userReviewDate": "7\u5c0f\u65f6\u524d", "userURL": "https://my.qidian.com/user/312056496", "userReview": "[fn=2][fn=2]"}, {"userName": "\u4e66\u53cb20171225130626819", "userReviewDate": "7\u5c0f\u65f6\u524d", "userURL": "https://my.qidian.com/user/312056496", "userReview": "[fn=2][fn=2]"}, {"userName": "\u4e66\u53cb20170331093807432", "userReviewDate": "16\u5c0f\u65f6\u524d", "userURL": "https://my.qidian.com/user/231427875", "userReview": "\u90a2\u5c0f\u5a1f\u5c31\u8fd9\u4e48\u773c\u7741\u7741\u7684\u770b\u7740\u5218\u59d0\u62ff\u8d70\u5979\u7684\u8bc1\u4ef6\u554a\uff0c\u5218\u59d0\u53ef\u4ee5\u51fa\u5176\u4e0d\u610f\u7684\u62a2\u4e86\u5979\u7684\u5305\uff0c\u4f46\u662f\u5979\u53c8\u4e0d\u77e5\u9053\u8bc1"}, {"userName": "\u4e36\u706c\u4ebd\u30e4", "userReviewDate": "20\u5c0f\u65f6\u524d", "userURL": "https://my.qidian.com/user/148707136", "userReview": "emmm...\u662f\u6211\u6700\u8fd1\u5feb\u7a7f\u6587\u770b\u591a\u4e86\u5417\uff0c\u770b\u5176\u4ed6\u7684\u5973\u4e3b\u91cd\u751f\u524d\u88ab\u7ee7\u6bcd\u6216\u8005\u5973\u914d\u767d\u83b2\u82b1\u9a97\u4e86\uff0c\u5ac1\u7ed9\u6e23\u7537"}, {"userName": "\u4e50\u535f\u601d", "userReviewDate": "2018-06-07", "userURL": "https://my.qidian.com/user/214104071", "userReview": "\u53eb\u97e9\u8205\u8205\uff1f\uff1f\uff1f\u597d\u5927\u7684bug"}, {"userName": "\u4e66\u53cb20171225130626819", "userReviewDate": "2018-06-07", "userURL": "https://my.qidian.com/user/312056496", "userReview": "[fn=2]"}, {"userName": "\u4e66\u53cb20171225130626819", "userReviewDate": "2018-06-07", "userURL": "https://my.qidian.com/user/312056496", "userReview": "[fn=2]"}, {"userName": "\u718a\u732bda\u4fa0", "userReviewDate": "2018-06-06", "userURL": "https://my.qidian.com/user/315841399", "userReview": "\u559c\u6b22\u6bcf\u5929\u52a0\u66f4[fn=1]"}, {"userName": "\u767d\u7389\u8776", "userReviewDate": "2018-06-06", "userURL": "https://my.qidian.com/user/226011461", "userReview": "[fn=2]"}, {"userName": "\u7389\u5170\u82b1\u51ef", "userReviewDate": "2018-06-05", "userURL": "https://my.qidian.com/user/202357575", "userReview": "[fn=2]"}, {"userName": "\u4e66\u53cb20171225130626819", "userReviewDate": "2018-06-05", "userURL": "https://my.qidian.com/user/312056496", "userReview": "[fn=2]"}, {"userName": "\u4e66\u53cb20171225130626819", "userReviewDate": "2018-06-05", "userURL": "https://my.qidian.com/user/312056496", "userReview": "[fn=2]"}, {"userName": "\u718a\u732bda\u4fa0", "userReviewDate": "2018-06-05", "userURL": "https://my.qidian.com/user/315841399", "userReview": "\u597d\u770b\u7684\uff0c\u52a0\u6cb9\uff01"}, {"userName": "\u6570\u5b66\u548c\u6c49\u5b57", "userReviewDate": "2018-06-04", "userURL": "https://my.qidian.com/user/227798629", "userReview": "\u90a3\u4e2a\u5211\u5c0f\u5a1f\u4e00\u5b9a\u6709\u7cbe\u795e\u75c5\uff01\u5de6\u536b\u56fd\u53ef\u4ee5\u63d0\u9192\u4e0b\u7537\u4e3b\u8981\u63d0\u9632\u90a3\u7cbe\u795e\u75c5\u524d\u671f\u60a3\u8005\u5417"}], "description": "\u91cd\u751f\u82b1\u6837\u5e74\u534e\uff0c\u73a9\u8f6c\u5e02\u4e95\u8c6a\u95e8\uff0c\u643a\u624b\u9006\u88ad\u4eba\u751f\uff0c\u5171\u63fd\u4e00\u4e16\u98ce\u4e91\uff01", "title": "\u4e03\u96f6\u519b\u59bb\u4e0d\u53ef\u6b3a", "url": "https://book.qidian.com/info/1011095426", "average": -1.0, "cover": "//qidian.qpic.cn/qdbimg/349573/1011095426/180", "reviews": -1, "authors": [{"url": "https://me.qidian.com/authorIndex.aspx?id=9163426", "name": "\u9cb8\u84dd\u65e7\u4e8b"}], "type": ["\u73b0\u4ee3\u8a00\u60c5", "\u5a5a\u604b\u60c5\u7f18"], "outlinks": ["https:https://book.qidian.com/info/1011421405?qd_game_key=1011421405&qd_dd_p1=11272", "https://book.qidian.com/info/1011095426", "https://book.qidian.com/info/1011221163", "https://book.qidian.com/info/1011221163", "https://book.qidian.com/info/1004828507", "https://book.qidian.com/info/1004828507", "https://book.qidian.com/info/1010880182", "https://book.qidian.com/info/1010880182", "https://book.qidian.com/info/1010697498", "https://book.qidian.com/info/1010697498", "https://book.qidian.com/info/1010499082", "https://book.qidian.com/info/1010499082", "https://book.qidian.com/info/1011687674", "https://book.qidian.com/info/1011687674", "https://book.qidian.com/info/1004828507", "https://book.qidian.com/info/1004828507", "https://book.qidian.com/info/1009042280", "https://book.qidian.com/info/1009626115", "https://book.qidian.com/info/1010737445", "https://book.qidian.com/info/1012015372", "https://book.qidian.com/info/1005059261", "https://book.qidian.com/info/1011899546", "https://book.qidian.com/info/1011717868", "https://book.qidian.com/info/1009904779", "https://book.qidian.com/info/1011200502", "https://book.qidian.com/info/1011634310"]}