{"ratings": 0.0, "userreviews": [{"userName": "BaoXiang", "userReviewDate": "13\u5c0f\u65f6\u524d", "userURL": "https://my.qidian.com/user/156844016", "userReview": "\u7ee7\u7eed\u9001\u4e0a\u63a8\u8350\u7968\u3002"}, {"userName": "\u6d2a\u4e09\u5143", "userReviewDate": "17\u5c0f\u65f6\u524d", "userURL": "https://my.qidian.com/user/202612963", "userReview": "\u795d\u798f\u795e\u4f5c\u5927\u7206\u53d1"}, {"userName": "\u4e50\u4e50\u5c71\u4eba", "userReviewDate": "\u6628\u65e511:54", "userURL": "https://my.qidian.com/user/170687900", "userReview": "\u7b11\u542c\u6d41\u6c34\u7434\u5fc3\u9189^\u7b14\u821e\u72c2\u98ce\u5251\u80c6\u5bd2^\u6cfc\u58a8\u6325\u6beb\u6c5f\u6e56\u68a6^\u629a\u7434\u4ed7\u5251\u7f51\u6587\u95f4\u3002"}, {"userName": "\u6811\u4e0b\u9053\u4eba", "userReviewDate": "\u6628\u65e509:24", "userURL": "https://my.qidian.com/user/216091669", "userReview": "\u5e08\u592a\u52a0\u6cb9\uff01"}, {"userName": "\u653e\u773c\u6708\u5c3d\u5929\u4e0b\u4e66", "userReviewDate": "\u6628\u65e508:45", "userURL": "https://my.qidian.com/user/156685227", "userReview": "\u597d\u770b\u7cbe\u5f69\uff0c\u52a0\u6cb9\u66f4\u65b0\uff01"}, {"userName": "\u653e\u773c\u6708\u5c3d\u5929\u4e0b\u4e66", "userReviewDate": "2018-06-07", "userURL": "https://my.qidian.com/user/156685227", "userReview": "\u597d\u770b\u7cbe\u5f69\uff0c\u52a0\u6cb9\u66f4\u65b0\uff01"}, {"userName": "\u653e\u773c\u6708\u5c3d\u5929\u4e0b\u4e66", "userReviewDate": "2018-06-06", "userURL": "https://my.qidian.com/user/156685227", "userReview": "\u597d\u770b\u7cbe\u5f69\uff0c\u52a0\u6cb9\u66f4\u65b0\uff01"}, {"userName": "\u5415\u5929\u867e13198", "userReviewDate": "2018-06-06", "userURL": "https://my.qidian.com/user/316286612", "userReview": "\u6708\u591c\u5c0f\u534a\u66f2"}, {"userName": "BaoXiang", "userReviewDate": "2018-06-06", "userURL": "https://my.qidian.com/user/156844016", "userReview": "\u6545\u4e8b\u60c5\u8282\u6709\u8da3\uff0c\u63a8\u8350\u7968\u9001\u4e0a\u3002\u66f4\u65b0\u5427\uff01"}, {"userName": "\u6d2a\u4e09\u5143", "userReviewDate": "2018-06-05", "userURL": "https://my.qidian.com/user/202612963", "userReview": "\u6df1\u60c5\u795d\u798f[fn=27]"}, {"userName": "\u653e\u773c\u6708\u5c3d\u5929\u4e0b\u4e66", "userReviewDate": "2018-06-05", "userURL": "https://my.qidian.com/user/156685227", "userReview": "\u597d\u770b\u7cbe\u5f69\uff0c\u52a0\u6cb9\u66f4\u65b0\uff01"}, {"userName": "\u653e\u773c\u6708\u5c3d\u5929\u4e0b\u4e66", "userReviewDate": "2018-06-04", "userURL": "https://my.qidian.com/user/156685227", "userReview": "\u597d\u770b\u7cbe\u5f69\uff0c\u52a0\u6cb9\u66f4\u65b0\uff01\t[fn=52]"}, {"userName": "\u653e\u773c\u6708\u5c3d\u5929\u4e0b\u4e66", "userReviewDate": "2018-06-03", "userURL": "https://my.qidian.com/user/156685227", "userReview": "\u597d\u770b\u7cbe\u5f69\uff0c\u52a0\u6cb9\u66f4\u65b0\uff01"}, {"userName": "\u4f3a\u8317\u5e08\u592a", "userReviewDate": "2018-06-02", "userURL": "https://my.qidian.com/user/218222122", "userReview": "\u6b22\u8fce\u62fe\u84dd\u56de\u6765"}], "description": "\u9752\u6625\u5bc4\u8bed\uff0c\u751f\u6d3b\u65f6\u5c1a\uff0c\u4e61\u571f\u6587\u5316\uff0c\u5c55\u73b0\u73b0\u5b9e\u767e\u6001\uff01", "title": "\u4e07\u4e8b\u5112\u533b", "url": "https://book.qidian.com/info/1003545262", "average": -1.0, "cover": "//qidian.qpic.cn/qdbimg/349573/1003545262/180", "reviews": -1, "authors": [{"url": "https://me.qidian.com/authorIndex.aspx?id=7241109", "name": "\u4f3a\u8317\u5e08\u592a"}], "type": ["\u73b0\u5b9e", "\u73b0\u5b9e\u767e\u6001"], "outlinks": ["https://book.qidian.com/info/1003545262", "https://book.qidian.com/info/1010328540", "https://book.qidian.com/info/1010328540", "https://book.qidian.com/info/1006631076", "https://book.qidian.com/info/1006631076", "https://book.qidian.com/info/1009710728", "https://book.qidian.com/info/1009710728", "https://book.qidian.com/info/1007063374", "https://book.qidian.com/info/1007063374", "https://book.qidian.com/info/1009556972", "https://book.qidian.com/info/1009556972", "https://book.qidian.com/info/1009533587", "https://book.qidian.com/info/1009533587", "https://book.qidian.com/info/1006641154", "https://book.qidian.com/info/1006641154", "https://book.qidian.com/info/1011633094", "https://book.qidian.com/info/1011456133", "https://book.qidian.com/info/1011634147", "https://book.qidian.com/info/1011681836", "https://book.qidian.com/info/1010536358", "https://book.qidian.com/info/1011815512", "https://book.qidian.com/info/1011779536", "https://book.qidian.com/info/1011822376", "https://book.qidian.com/info/1010906320", "https://book.qidian.com/info/1011955761"]}