{"ratings": 0.0, "userreviews": [], "description": "NEXT IDEA \u66a82015\u661f\u521b\u5956\u5f81\u6587\u5927\u8d4f\uff08\u96f7\u9706\u6218\u673a\uff09", "title": "\u4e07\u4e16\u7d2b\u5c0a", "url": "https://book.qidian.com/info/3550516", "average": -1.0, "cover": "//qidian.qpic.cn/qdbimg/349573/3550516/180", "reviews": -1, "authors": [{"url": "https://me.qidian.com/authorIndex.aspx?id=3444673", "name": "\u5c06\u81e3\u4e00\u6012"}], "type": ["\u79d1\u5e7b", "\u672a\u6765\u4e16\u754c"], "outlinks": ["https://book.qidian.com/info/3550516", "https://book.qidian.com/info/1006853204", "https://book.qidian.com/info/1006853204", "https://book.qidian.com/info/501", "https://book.qidian.com/info/501", "https://book.qidian.com/info/1048", "https://book.qidian.com/info/1048", "https://book.qidian.com/info/25455", "https://book.qidian.com/info/25455", "https://book.qidian.com/info/54111", "https://book.qidian.com/info/54111", "https://book.qidian.com/info/56763", "https://book.qidian.com/info/56763", "https://book.qidian.com/info/3052578", "https://book.qidian.com/info/3052578", "https://book.qidian.com/info/3514773", "https://book.qidian.com/info/3514773", "https://book.qidian.com/info/1010361147", "https://book.qidian.com/info/1010361147", "https://book.qidian.com/info/1011814764", "https://book.qidian.com/info/1011636462", "https://book.qidian.com/info/1012011143", "https://book.qidian.com/info/1011989615", "https://book.qidian.com/info/1011979302", "https://book.qidian.com/info/1011962232", "https://book.qidian.com/info/1012020634", "https://book.qidian.com/info/1011923738", "https://book.qidian.com/info/1012020834", "https://book.qidian.com/info/1011973977"]}