{"ratings": 0.0, "userreviews": [], "description": "\u5fc3\u6f6e\u6f8e\u6e43\uff0c\u65e0\u9650\u5e7b\u60f3\uff0c\u8fce\u98ce\u6325\u51fb\u5343\u5c42\u6d6a\uff0c\u5c11\u5e74\u4e0d\u8d25\u70ed\u8840\uff01", "title": "\u4e07\u53e4\u5723\u738b", "url": "https://book.qidian.com/info/1003526217", "average": -1.0, "cover": "//qidian.qpic.cn/qdbimg/349573/1003526217/180", "reviews": -1, "authors": [{"url": "https://me.qidian.com/authorIndex.aspx?id=4250178", "name": "\u541b\u843d\u82b1"}], "type": ["\u7384\u5e7b", "\u4e1c\u65b9\u7384\u5e7b"], "outlinks": ["https://book.qidian.com/info/1003526217", "https://book.qidian.com/info/1009459840", "https://book.qidian.com/info/1009459840", "https://book.qidian.com/info/1010799783", "https://book.qidian.com/info/1010799783", "https://book.qidian.com/info/1004878979", "https://book.qidian.com/info/1004878979", "https://book.qidian.com/info/1009997161", "https://book.qidian.com/info/1009997161", "https://book.qidian.com/info/1003510168", "https://book.qidian.com/info/1003510168", "https://book.qidian.com/info/1009285178", "https://book.qidian.com/info/1009285178", "https://book.qidian.com/info/3394781", "https://book.qidian.com/info/3394781", "https://book.qidian.com/info/1011773165", "https://book.qidian.com/info/1011773165", "https://book.qidian.com/info/1011988403", "https://book.qidian.com/info/1009595922", "https://book.qidian.com/info/1011844784", "https://book.qidian.com/info/1011892497", "https://book.qidian.com/info/1011095320", "https://book.qidian.com/info/1011996851", "https://book.qidian.com/info/1011856434", "https://book.qidian.com/info/1011879207", "https://book.qidian.com/info/1011833256", "https://book.qidian.com/info/1011967674"]}