{"ratings": 0.0, "userreviews": [{"userName": "\u9752\u8349\u6405\u62cc\u673a", "userReviewDate": "3\u5c0f\u65f6\u524d", "userURL": "https://my.qidian.com/user/316550458", "userReview": "\u518d\u6c34\u3002\u3002\u3002\u3002"}, {"userName": "\u5c0f\u767d\u662f\u5c0f\u767d\u5403", "userReviewDate": "5\u5c0f\u65f6\u524d", "userURL": "https://my.qidian.com/user/309696570", "userReview": "\u5929\u521d\u51fa\u5173\u5c31\u662f\u5b9e\u529b\u66b4\u6da8\uff0c\u4f60\u4e3b\u89d2\u90fd\u6ca1\u6709\u662f\u5728\u5199\u4ec0\u4e48\uff1f\uff1f\u6606\u4ed1\u795e\u4f20\u627f\u62ff\u51e0\u4e2a\u5f00\u59cb\u586b\u5751\u4e0d\u4f1a\u5417\uff1f\u8fd9\u667a\u5546\u5199\u5373"}, {"userName": "\u4e66\u53cb20170520004143612", "userReviewDate": "14\u5c0f\u65f6\u524d", "userURL": "https://my.qidian.com/user/302015872", "userReview": "\u6628\u5929\u4e00\u66f4\uff0c\u4eca\u5929\u96f6\u66f4\u3002"}, {"userName": "\u68a7\u6850\u6811\u4e0b\u5403\u8336\u4eba", "userReviewDate": "14\u5c0f\u65f6\u524d", "userURL": "https://my.qidian.com/user/231284198", "userReview": "\u8fd8\u6ca1\u66f4\uff1f\u4e0d\u8981\u66f4\u4e86\uff0c\u6324\u7259\u818f\u4f3c\u7684\u3002\u8981\u4e48\u5c31\u4e24\u5929\u66f4\u7ae0\uff0c\u8981\u4e48\u5c31\u4e00\u4e2a\u661f\u671f\u66f4\u4e00\u7ae0\uff0c\u8981\u4e48\u5c31\u522b\u66f4\uff0c\u8981\u4e48\u5c31\u70c2\u5c3e"}, {"userName": "\u5347\u9f99\u7684\u5347", "userReviewDate": "14\u5c0f\u65f6\u524d", "userURL": "https://my.qidian.com/user/311974892", "userReview": "\u66f4\u65b0\u597d\u6162\u554a\u51f8(>\u76bf<)\u51f8"}, {"userName": "\u9065\u68a6\u5e7d\u5170", "userReviewDate": "14\u5c0f\u65f6\u524d", "userURL": "https://my.qidian.com/user/188056011", "userReview": "\u8fd8\u5728\u5c40\u52bf\u4e25\u5cfb\u3002\u4e25\u4f60\u5417\u554a"}, {"userName": "\u7075\u9b42\u6446\u6e21\u4eba1221", "userReviewDate": "15\u5c0f\u65f6\u524d", "userURL": "https://my.qidian.com/user/308687241", "userReview": "\u4eca\u5929\u53c8\u6ca1\u6709\uff1f"}, {"userName": "\uff1f\u5ff5\u5974\u5b0c\u00b0", "userReviewDate": "16\u5c0f\u65f6\u524d", "userURL": "https://my.qidian.com/user/227655952", "userReview": "\u5e9f\u4e86\u3002\u6253\u67b6\u5168\u9760\u5175\u5668\u8d62\u4eba\u5bb6\u3002\u800c\u4e0d\u662f\u81ea\u8eab\u5b9e\u529b\u3002"}, {"userName": "\u7e54\u71a0", "userReviewDate": "24\u5c0f\u65f6\u524d", "userURL": "https://my.qidian.com/user/218466789", "userReview": "\u6015\u4e2a\u4e86\u54af\u54af\u4e86\u8bfe\u8bfe\u901a"}, {"userName": "\u68a7\u6850\u6811\u4e0b\u5403\u8336\u4eba", "userReviewDate": "\u6628\u65e512:21", "userURL": "https://my.qidian.com/user/231284198", "userReview": "\u592a\u5f31\u4e86\uff0c\u5199\u7684\u592a\u8fc7\u4e86\u3002"}, {"userName": "\u6cf0\u5f0f\u635e\u8d77\u9c7c\u76ae", "userReviewDate": "\u6628\u65e511:04", "userURL": "https://my.qidian.com/user/217553210", "userReview": "\u6211\u672c\u6765\u4e5f\u4e0d\u60f3\u8bc4\u8bba\u3001\u4f46\u662f\u771f\u7684\u5fcd\u4e0d\u4e86\uff01\u592a\u5f31\u4e86\u3001\u4f60\u8fd9\u6837\u4e0b\u53bb\u8fd8\u8981\u5f31\u591a\u5c11\u7ae0\u3001\u4e0d\u8981\u6c34\u5f97\u592a\u660e\u663e\u3001\u7ec3\u7ea7\u5982\u679c"}, {"userName": "\u4e66\u53cb20170520004143612", "userReviewDate": "\u6628\u65e501:40", "userURL": "https://my.qidian.com/user/302015872", "userReview": "\u5f00\u59cb\u56de\u590d\u4e24\u5929\u4e09\u66f4\uff0c\u771f\u7ed9\u529b\u554a"}, {"userName": "\u6211\u610f\u6e05\u98ce\u4e0e\u660e\u6708", "userReviewDate": "2018-06-07", "userURL": "https://my.qidian.com/user/314431960", "userReview": "\u7b7e:\u5230\u4e86\u3002"}, {"userName": "\u5347\u9f99\u7684\u5347", "userReviewDate": "2018-06-07", "userURL": "https://my.qidian.com/user/311974892", "userReview": "\u7b7e\u5230\u3002\u3002\u3002\u3002\u3002"}], "description": "\u5fc3\u6f6e\u6f8e\u6e43\uff0c\u65e0\u9650\u5e7b\u60f3\uff0c\u8fce\u98ce\u6325\u51fb\u5343\u5c42\u6d6a\uff0c\u5c11\u5e74\u4e0d\u8d25\u70ed\u8840\uff01", "title": "\u4e07\u53e4\u795e\u5e1d", "url": "https://book.qidian.com/info/3546912", "average": -1.0, "cover": "//qidian.qpic.cn/qdbimg/349573/3546912/180", "reviews": -1, "authors": [{"url": "https://me.qidian.com/authorIndex.aspx?id=4703591", "name": "\u98de\u5929\u9c7c"}], "type": ["\u7384\u5e7b", "\u4e1c\u65b9\u7384\u5e7b"], "outlinks": ["https://book.qidian.com/info/3546912", "https://book.qidian.com/info/1009285178", "https://book.qidian.com/info/1009285178", "https://book.qidian.com/info/1010000699", "https://book.qidian.com/info/1010000699", "https://book.qidian.com/info/1010695671", "https://book.qidian.com/info/1010695671", "https://book.qidian.com/info/3176570", "https://book.qidian.com/info/3176570", "https://book.qidian.com/info/1009329519", "https://book.qidian.com/info/1009329519", "https://book.qidian.com/info/1010450940", "https://book.qidian.com/info/1010450940", "https://book.qidian.com/info/1011988403", "https://book.qidian.com/info/1009595922", "https://book.qidian.com/info/1011844784", "https://book.qidian.com/info/1011892497", "https://book.qidian.com/info/1011095320", "https://book.qidian.com/info/1011996851", "https://book.qidian.com/info/1011856434", "https://book.qidian.com/info/1011879207", "https://book.qidian.com/info/1011833256", "https://book.qidian.com/info/1011967674"]}