{"ratings": 0.0, "userreviews": [{"userName": "\u7384\u5929\u9738\u5e1d", "userReviewDate": "18\u5c0f\u65f6\u524d", "userURL": "https://my.qidian.com/user/18412642", "userReview": "\u770b\u4e66\u7b49\u66f4\u65b0"}, {"userName": "\u4f1a\u505a\u68a6\u7684\u5c0f\u8349", "userReviewDate": "\u6628\u65e511:21", "userURL": "https://my.qidian.com/user/304158611", "userReview": "\u4e0d\u77e5\u9053\u6709\u6ca1\u6709\u4e3b\u5bb0\u4e4b\u738b\u90a3\u6837\u7684\u5199\u7684\u597d\u4e86"}, {"userName": "\u5496\u5561\u8054\u60f3", "userReviewDate": "\u6628\u65e511:20", "userURL": "https://my.qidian.com/user/219135460", "userReview": "\u8fd9\u672c\u771f\u7684\u4e0d\u9519\uff0c\u4e00\u76f4\u5728\u8ffd"}, {"userName": "\u897f\u65b9\u4e4b\u795e", "userReviewDate": "\u6628\u65e507:23", "userURL": "https://my.qidian.com/user/314005712", "userReview": "\u9f13\u52b1\u9f13\u52b1\uff01\u5df2\u6295\u63a8\u8350\u7968\u3002"}, {"userName": "\u98ce\u65e0\u8bed001", "userReviewDate": "\u6628\u65e501:28", "userURL": "https://my.qidian.com/user/5041049", "userReview": "\u4f5c\u8005\u5e94\u8be5\u770b\u5230\u4e86\u8d77\u70b9\u88c5\u903c\u6253\u8138\u6587\u7684\u706b\u7ea2\u5e02\u573a\uff0c\u6240\u4ee5\u60f3\u6539\u98ce\u683c\uff0c\u7ed3\u679c\u53ef\u60f3\u800c\u77e5\uff0c\u5e76\u4e0d\u6210\u529f\u3002\u53cd\u800c\u4e0d\u4f26\u4e0d\u7c7b"}, {"userName": "\u98ce\u4e91\u661f\u5b87", "userReviewDate": "\u6628\u65e500:11", "userURL": "https://my.qidian.com/user/307246748", "userReview": "\u4e09\u957f\u8001\u5bf9\u90a3\u4e2a\u8fdc\u8fdc\u4e0d\u5982\u81ea\u5df1\u3001\u8fd8\u88ab\u7834\u574f\u6b66\u9053\u6839\u57fa\u5bf9\u624b\u8fd9\u4e48\u4ec7\u6068\uff1f\u7275\u8fde\u5230\u4e00\u4e2a\u65b0\u5165\u95e8\u5b66\u5f92\u8fd8\u53cd\u590d\u4e0d\u65ad\uff1f"}, {"userName": "\u6a31\u82b1\u518d\u7f8e\u4e5f\u53ea\u662f\u7231\u77ac\u95f4", "userReviewDate": "2018-06-07", "userURL": "https://my.qidian.com/user/178758212", "userReview": "\u4e00\u76f4\u5728\u7b49\u4ed9\u9e3f\u8def\u7684\u7ecf\u5178\uff0c\u91cd\u7eed\u5f53\u5e74\u7684\u8f89\u714c\u3002\u6700\u8fd1\u51e0\u672c\u5c0f\u8bf4\u90fd\u4e0d\u600e\u4e48\u559c\u6b22\uff0c\u6ca1\u6709\u5f53\u521d\u7684\u611f\u89c9\u4e86\uff0c\u6709\u51e0\u4e2a\u4eba"}, {"userName": "\u54c8\u54c8\u4f60\u5728\u54ea", "userReviewDate": "2018-06-07", "userURL": "https://my.qidian.com/user/218984853", "userReview": "\u771f\u7684\u70c2\uff0c\u5c31\u662f\u4ee5\u524d\u7684\u4e66\u6df7\u5408\u7248\uff0c\u5e76\u4e14\u660e\u660e\u76ae\u4e0d\u8d77\u6765\u8fd8\u778e\u76ae\uff0c\u5c34\u5c2c\u7684\u4e00\u6279"}, {"userName": "\u60f3\u8d77\u53d1\u8d22\u4e0d\u5bb9\u6613", "userReviewDate": "2018-06-07", "userURL": "https://my.qidian.com/user/214321433", "userReview": "\u4f60\u7239\u53ea\u80fd\u5356\u767d\u85af\uff0c\u6539\u5356\u571f\u8c46\u4e0d\u53ef\u80fd\u2026\u2026\u53ea\u8db3\u5427\u5b69\u5b50\u2026\u2026"}, {"userName": "\u4e66\u53cb20170709195944505", "userReviewDate": "2018-06-07", "userURL": "https://my.qidian.com/user/304973278", "userReview": "\u8fd9\u672c\u4e66\u4ec0\u4e48\u65f6\u5019\u4e0a\u67b6\u554a"}, {"userName": "\u4e66\u53cb20171005150527611", "userReviewDate": "2018-06-07", "userURL": "https://my.qidian.com/user/309060520", "userReview": "\u4ee5\u524d\u770b\u4ed9\u9e3f\u8def\u771f\u7684\u611f\u89c9\u597d\u770b\uff0c\u540e\u6765\u7684\u51e0\u672c\u611f\u89c9\u90fd\u6bd4\u4e0d\u4e0a\uff0c\u518d\u4e5f\u627e\u4e0d\u5230\u5f53\u521d\u7684\u611f\u89c9\u4e86\u3002\u8fd9\u672c\u8fd8\u6ca1\u770b\uff0c\u4f46\u662f"}, {"userName": "\u897f\u65b9\u4e4b\u795e", "userReviewDate": "2018-06-07", "userURL": "https://my.qidian.com/user/314005712", "userReview": "\u591a\u79ef\u7d2f\u51e0\u7ae0\u3002"}, {"userName": "\u897f\u65b9\u4e4b\u795e", "userReviewDate": "2018-06-06", "userURL": "https://my.qidian.com/user/314005712", "userReview": "\u4e00\u5929\u4e00\u7ae0\u4e0d\u591f\u770b\u3002"}, {"userName": "\u60f3\u8d77\u53d1\u8d22\u4e0d\u5bb9\u6613", "userReviewDate": "2018-06-05", "userURL": "https://my.qidian.com/user/214321433", "userReview": "\u52a0\u66f4\u5feb\u70b9\u2026\u2026"}], "description": "\u5fc3\u6f6e\u6f8e\u6e43\uff0c\u65e0\u9650\u5e7b\u60f3\uff0c\u8fce\u98ce\u6325\u51fb\u5343\u5c42\u6d6a\uff0c\u5c11\u5e74\u4e0d\u8d25\u70ed\u8840\uff01", "title": "\u4e07\u53e4\u4e4b\u738b", "url": "https://book.qidian.com/info/1011092678", "average": -1.0, "cover": "//qidian.qpic.cn/qdbimg/349573/1011092678/180", "reviews": -1, "authors": [{"url": "https://me.qidian.com/authorIndex.aspx?id=1378741", "name": "\u5feb\u9910\u5e97"}], "type": ["\u7384\u5e7b", "\u4e1c\u65b9\u7384\u5e7b"], "outlinks": ["https://book.qidian.com/info/1011092678", "https://book.qidian.com/info/1010875768", "https://book.qidian.com/info/1010875768", "https://book.qidian.com/info/1009635311", "https://book.qidian.com/info/1009635311", "https://book.qidian.com/info/1009767570", "https://book.qidian.com/info/1009767570", "https://book.qidian.com/info/1009285178", "https://book.qidian.com/info/1009285178", "https://book.qidian.com/info/1010474452", "https://book.qidian.com/info/1010474452", "https://book.qidian.com/info/1249174", "https://book.qidian.com/info/1249174", "https://book.qidian.com/info/1655702", "https://book.qidian.com/info/1655702", "https://book.qidian.com/info/2236823", "https://book.qidian.com/info/2236823", "https://book.qidian.com/info/3347560", "https://book.qidian.com/info/3347560", "https://book.qidian.com/info/3646622", "https://book.qidian.com/info/3646622", "https://book.qidian.com/info/1011988403", "https://book.qidian.com/info/1009595922", "https://book.qidian.com/info/1011844784", "https://book.qidian.com/info/1011892497", "https://book.qidian.com/info/1011095320", "https://book.qidian.com/info/1011996851", "https://book.qidian.com/info/1011856434", "https://book.qidian.com/info/1011879207", "https://book.qidian.com/info/1011833256", "https://book.qidian.com/info/1011967674"]}