{"ratings": 0.0, "userreviews": [{"userName": "\u8d77\u70b9\u4e2d\u6587\u7f51", "userReviewDate": "2017-05-08", "userURL": "https://my.qidian.com/user/33597", "userReview": "\u6ca1\u6709\u8c01\u80fd\u591f\u968f\u968f\u4fbf\u4fbf\u6210\u529f\uff0c\u516b\u4e07\u63a8\u8350\u7968\u5f00\u542f\u65b0\u7684\u5f81\u9014\uff0c\u5411\u7740\u66f4\u9ad8\u7684\u76ee\u6807\u52aa\u529b\u5427\uff01\u81ea\u672c\u606d\u8d3a\u4e3b\u9898\u53d1\u5e03\u540e2"}, {"userName": "\u9690\u4e3a\u8005", "userReviewDate": "2017-04-06", "userURL": "https://my.qidian.com/user/1579862", "userReview": "\u60f3\u8981\u6210\u4e3a\u4e07\u53e4\u9f99\u5957\u7684\u670b\u53cb\uff0c\u8bf7\u8ddf\u5e16\uff0c\u5907\u6ce8\u4e0b\u59d3\u540d\uff0c\u6027\u522b\uff0c\u5e74\u9f84\uff0c\u4fee\u4e3a\uff0c\u6709\u4ec0\u4e48\u7279\u6b8a\u8981\u6c42\uff01\u5e0c\u671b\u5927\u5bb6\u4f1a\u559c"}, {"userName": "\u672a\u672a\u751f", "userReviewDate": "2018-06-06", "userURL": "https://my.qidian.com/user/316700805", "userReview": "\u7b7e\u5230\uff01\uff01\uff01"}, {"userName": "\u662f\u6709\u4e5d\u65e5", "userReviewDate": "2018-04-07", "userURL": "https://my.qidian.com/user/309433491", "userReview": "\u706d\u795e\u5492\u8d85\u597d\u770b"}, {"userName": "\u793e\u4f1a\u4f60\u98de\u732a\u54e5", "userReviewDate": "2018-01-01", "userURL": "https://my.qidian.com/user/306606779", "userReview": "\u4e0a\u82cd\u4e4b\u4f4d\u3002"}, {"userName": "\u4eab\u53d7\u5e73\u51e1", "userReviewDate": "2017-12-16", "userURL": "https://my.qidian.com/user/1675384", "userReview": "\u7b7e\u5230\u53ca\u63a8\u8350"}, {"userName": "\u58a8\u91d1\u5e7d\u8bed", "userReviewDate": "2017-10-23", "userURL": "https://my.qidian.com/user/218589649", "userReview": "\u770b\u4e86 11\u7ae0\uff0c\u5f03"}, {"userName": "\u51a5\u738b\u7279\u5de5", "userReviewDate": "2017-10-18", "userURL": "https://my.qidian.com/user/309472140", "userReview": "\u524d\u6765\u62dc\u8bbf\uff01"}, {"userName": "\u9e3f\u8499\u54e5\u65af\u62c9", "userReviewDate": "2017-09-10", "userURL": "https://my.qidian.com/user/223528534", "userReview": "\u624d\u8fc7\u4e861\u4e07\u5e74\u5de6\u53f3\u5c31\u53eb\u8fdc\u53e4\u65f6\u671f\uff0c\u65f6\u671f\u592a\u77ed\u4e86\u5427"}, {"userName": "\u6676\u7687", "userReviewDate": "2017-08-22", "userURL": "https://my.qidian.com/user/199656960", "userReview": "\u63a5\u5927\u5927\u5e73\u53f0\u4e00\u7528\uff0c\u5728\u6b64\u63a8\u4e66\u300a\u6bcf\u6b21\u5ac1\u4eba\u90fd\u8981\u6b7b\u300b\uff0c\u4e00\u672c\u975e\u5e38\u4e0d\u9519\u7684\u5feb\u7a7f\u6587\uff0c\u5973\u4e3b\u5f3a\u52bf\uff0c\u7cfb\u7edf\u5446\u840c\uff0c\u66f4\u65b0"}, {"userName": "madchina04", "userReviewDate": "2017-08-07", "userURL": "https://my.qidian.com/user/3744919", "userReview": "\u7c3d\u5230\uff01\uff01\uff01"}, {"userName": "madchina04", "userReviewDate": "2017-08-02", "userURL": "https://my.qidian.com/user/3744919", "userReview": "\u7c3d\u5230\uff01\uff01\uff01"}, {"userName": "12\u65b9\u9b54", "userReviewDate": "2017-08-01", "userURL": "https://my.qidian.com/user/226240133", "userReview": "\u95ee\u4e16\u4e09\u751f\u643a\u300a\u5927\u8352\u8bf8\u795e\u7eaa\u300b\u6765\u8bbf\u3002\u8840\u6d77\u67d3\u5929\u5730\uff0c\u5c81\u6708\u4e71\u795e\u8352\u3002\u53e4\u8001\u7684\u90e8\u65cf\u4e00\u4ee3\u4ee3\u4f20\u627f\u7740\u8fdc\u53e4\u7684\u795e\u8bdd\u3001\u751f"}, {"userName": "madchina04", "userReviewDate": "2017-07-29", "userURL": "https://my.qidian.com/user/3744919", "userReview": "\u7c3d\u5230\uff01\uff01\uff01"}], "description": "\u5fc3\u6f6e\u6f8e\u6e43\uff0c\u65e0\u9650\u5e7b\u60f3\uff0c\u8fce\u98ce\u6325\u51fb\u5343\u5c42\u6d6a\uff0c\u5c11\u5e74\u4e0d\u8d25\u70ed\u8840\uff01", "title": "\u4e07\u53e4\u7b2c\u4e00\u5f3a\u8005", "url": "https://book.qidian.com/info/1005000718", "average": -1.0, "cover": "//qidian.qpic.cn/qdbimg/349573/1005000718/180", "reviews": -1, "authors": [{"url": "https://me.qidian.com/authorIndex.aspx?id=20691", "name": "\u9690\u4e3a\u8005"}], "type": ["\u7384\u5e7b", "\u4e1c\u65b9\u7384\u5e7b"], "outlinks": ["https://book.qidian.com/info/1005000718", "https://book.qidian.com/info/1010961896", "https://book.qidian.com/info/1010961896", "https://book.qidian.com/info/1010695671", "https://book.qidian.com/info/1010695671", "https://book.qidian.com/info/1010495773", "https://book.qidian.com/info/1010495773", "https://book.qidian.com/info/1010696572", "https://book.qidian.com/info/1010696572", "https://book.qidian.com/info/1010760286", "https://book.qidian.com/info/1010760286", "https://book.qidian.com/info/1010875768", "https://book.qidian.com/info/1010875768", "https://book.qidian.com/info/31709", "https://book.qidian.com/info/31709", "https://book.qidian.com/info/140739", "https://book.qidian.com/info/140739", "https://book.qidian.com/info/185203", "https://book.qidian.com/info/185203", "https://book.qidian.com/info/1072509", "https://book.qidian.com/info/1072509", "https://book.qidian.com/info/1322256", "https://book.qidian.com/info/1322256", "https://book.qidian.com/info/1551732", "https://book.qidian.com/info/1551732", "https://book.qidian.com/info/1751014", "https://book.qidian.com/info/1751014", "https://book.qidian.com/info/2076573", "https://book.qidian.com/info/2076573", "https://book.qidian.com/info/2983997", "https://book.qidian.com/info/2983997", "https://book.qidian.com/info/3615092", "https://book.qidian.com/info/3615092", "https://book.qidian.com/info/1003373579", "https://book.qidian.com/info/1003373579", "https://book.qidian.com/info/1003898330", "https://book.qidian.com/info/1003898330", "https://book.qidian.com/info/1010103283", "https://book.qidian.com/info/1010103283", "https://book.qidian.com/info/1011029555", "https://book.qidian.com/info/1011029555", "https://book.qidian.com/info/1011730175", "https://book.qidian.com/info/1011730175", "https://book.qidian.com/info/1011988403", "https://book.qidian.com/info/1009595922", "https://book.qidian.com/info/1011844784", "https://book.qidian.com/info/1011892497", "https://book.qidian.com/info/1011095320", "https://book.qidian.com/info/1011996851", "https://book.qidian.com/info/1011856434", "https://book.qidian.com/info/1011879207", "https://book.qidian.com/info/1011833256", "https://book.qidian.com/info/1011967674"]}