{"ratings": 0.0, "userreviews": [{"userName": "\u6f2b\u6b652014", "userReviewDate": "2018-05-15", "userURL": "https://my.qidian.com/user/187339554", "userReview": "\u653f\u6cbb\u5931\u8bef:\u3000\u30001\u3001\u6c11\u65cf\u653f\u7b56\u5931\u8d25, \u8d2f\u5f7b\u5927\u6c49\u65cf\u4e3b\u4e49\u548c\u6c11\u65cf\u6b67\u89c6\u3001\u6c11\u65cf\u538b\u8feb\u653f\u7b56\uff0c\u5bfc\u81f4\u7a7a\u524d\u5b64\u7acb\uff0c\u8499"}, {"userName": "\u5b64\u70df\u659c", "userReviewDate": "2018-05-11", "userURL": "https://my.qidian.com/user/865170", "userReview": "\u4e3b\u89d2\u5e94\u8be5\u627e\u65f6\u673a\u81ea\u7acb\uff0c\u7136\u540e\u53d6\u4ee3\u660e\u671d\uff0c\u8fd9\u6837\u624d\u80fd\u5927\u5200\u9614\u65a7\u5f97\u6539\u9769\uff0c\u5927\u529b\u53d1\u5c55\u79d1\u6280\uff0c\u63a8\u52a8\u5168\u7403\u6574\u4f53\u7684\u6587\u660e"}, {"userName": "99\u4e07\u5339\u529b\u91cf", "userReviewDate": "39\u5206\u949f\u524d", "userURL": "https://my.qidian.com/user/13427572", "userReview": "\u4e3b\u89d2\u79f0\u5e1d\u4ee5\u540e\u5c31\u6ca1\u4ec0\u4e48\u610f\u601d\u4e86\uff0c\u540e\u8fb9\u5c31\u662f\u5957\u8def\u4e86\uff0c\u5f81\u670d\u4e1c\u5357\u4e9a\uff0c\u5728\u6253\u5230\u6b27\u6d32\u53bb\uff0c\u5728\u725b\u7684\u5360\u9886\u7f8e\u6d32\uff0c\u4e3b\u89d2"}, {"userName": "\u94b1\u5e99\u5b50", "userReviewDate": "2\u5c0f\u65f6\u524d", "userURL": "https://my.qidian.com/user/116482752", "userReview": "\u6211\u89c9\u5f97\u5927\u5bb6\u80fd\u4e0d\u80fd\u522b\u5e26\u7740\u56fa\u6709\u7684\u6210\u89c1\u6765\u770b\u672c\u4e66\u554a\uff1f\u5f53\u5e74\u65b0\u4e2d\u56fd\u672a\u5efa\u7acb\u4e4b\u524d\uff0c\u8c01\u80fd\u60f3\u8fc7\u4f1a\u6709\u4eca\u5929\u8fd9\u6837\u7f8e\u597d"}, {"userName": "CK\u96e8", "userReviewDate": "19\u5c0f\u65f6\u524d", "userURL": "https://my.qidian.com/user/213419313", "userReview": "\u6211\u770b\u4f60\u4eec\u4e0d\u6ee1\u7684\u53ea\u662f\u88ab\u79c0\u667a\u5546\u4e86\uff0c\u6ca1\u6709\u731c\u5230\u5267\u60c5\u53d1\u5c55\uff0c\u5982\u679c\u4f5c\u8005\u4ece\u4e3b\u89d2\u5728\u5317\u4eac\u88ab\u4f0f\u51fb\u4e4b\u540e\u5c31\u660e\u7740\u5199\u4e3b\u89d2"}, {"userName": "\u6c38\u8fdc\u7684\u72fc\u9a91\u5175", "userReviewDate": "20\u5c0f\u65f6\u524d", "userURL": "https://my.qidian.com/user/1599249", "userReview": "\u5176\u5b9e\u4e3b\u89d2\u79f0\u5e1d\u5b8c\u5168\u5408\u60c5\u5408\u7406\uff0c\u4f46\u662f\u4e07\u4e07\u4e0d\u80fd\u518d\u5f53\u4e07\u5386\u7684\u81e3\u5b50\u4e86\u3002\u770b\u770b\u5927\u660e\u738b\u671d\u7684\u90a3\u4e9b\u5fe0\u81e3\u4e0b\u573a\uff0c\u65b9\u5b5d\u5112"}, {"userName": "\u8d5b\u857e\u8299", "userReviewDate": "22\u5c0f\u65f6\u524d", "userURL": "https://my.qidian.com/user/2602815", "userReview": "\u6c42\u5199\u5f53\u4e0a\u7687\u5e1d\u4ee5\u540e\u5f81\u670d\u4e16\u754c\u7684\u5267\u60c5"}, {"userName": "\u5f90\u541b\u5c71", "userReviewDate": "\u6628\u65e512:23", "userURL": "https://my.qidian.com/user/131893096", "userReview": "\u5e86\u795d\u9ad8\u8003\uff0c\u8be5\u52a0\u66f4"}, {"userName": "\u4eba\u95f4\u7684\u5927\u70ae", "userReviewDate": "\u6628\u65e508:51", "userURL": "https://my.qidian.com/user/170051617", "userReview": "\u597d\u4e66\u4e0d\u9519\u3002"}, {"userName": "\u4e14\u542c\u98ce\u541f\u6d45\u5531", "userReviewDate": "\u6628\u65e508:35", "userURL": "https://my.qidian.com/user/311975244", "userReview": "\u6211\u8fd8\u5728\u770b\uff0c\u6211\u89c9\u5f97\u79f0\u5e1d\u600e\u4e48\u4e86\uff1f"}, {"userName": "\u4e0d\u5403\u9c7c\u7684\u732bG", "userReviewDate": "2018-06-07", "userURL": "https://my.qidian.com/user/224068000", "userReview": "\u9ec4\u888d\u52a0\u8eab\u4ee5\u540e\u8fd9\u4e66\u7b97\u662f\u5e9f\u4e86\uff0c\u4e07\u5386\u6ca1\u6709\u5bf9\u4e0d\u8d77\u4e3b\u89d2\uff0c\u53ef\u4e3b\u89d2\u8fd9\u6837\u5e72\u7b97\u662f\u767d\u773c\u72fc\u4e48"}, {"userName": "\u590f\u591c\u5929\u7a7a4", "userReviewDate": "2018-06-07", "userURL": "https://my.qidian.com/user/172437398", "userReview": "\u5509\uff0c\u9ec4\u888d\u52a0\u8eab\u592a\u5931\u7b56\u4e86\uff0c\u800c\u4e14\u5199\u7684\u592a\u7740\u6025\u4e86\uff0c\u8bfb\u7740\u90fd\u88ab\u5413\u4e86\u4e00\u8df3\u3002"}, {"userName": "\u9ed1\u7164\u70ad19", "userReviewDate": "2018-06-07", "userURL": "https://my.qidian.com/user/188201475", "userReview": "\u5df2\u7ecf\u6ca1\u770b\u4e86\u3002\u5c31\u662f\u8fc7\u6765\u770b\u4f60\u4eec\u8bc4\u8bba\u7684"}, {"userName": "\u70df\u683c\u5f0f", "userReviewDate": "2018-06-06", "userURL": "https://my.qidian.com/user/162647515", "userReview": "\u7b7e\u5230\u6c34\u7ecf\u9a8c"}], "description": "\u9192\u638c\u5929\u4e0b\u6743\uff0c\u9189\u5367\u7f8e\u4eba\u819d\uff0c\u4e94\u5343\u5e74\u98ce\u534e\u70df\u96e8\uff0c\u662f\u975e\u6210\u8d25\u8f6c\u5934\u7a7a\uff01", "title": "\u4e07\u53861592", "url": "https://book.qidian.com/info/1005276361", "average": -1.0, "cover": "//qidian.qpic.cn/qdbimg/349573/1005276361/180", "reviews": -1, "authors": [{"url": "https://me.qidian.com/authorIndex.aspx?id=3726776", "name": "\u5fa1\u708e"}], "type": ["\u5386\u53f2", "\u4e24\u5b8b\u5143\u660e"], "outlinks": ["https://book.qidian.com/info/1005276361", "https://book.qidian.com/info/1010800497", "https://book.qidian.com/info/1010800497", "https://book.qidian.com/info/1005782958", "https://book.qidian.com/info/1005782958", "https://book.qidian.com/info/1010924550", "https://book.qidian.com/info/1010924550", "https://book.qidian.com/info/1009812096", "https://book.qidian.com/info/1009812096", "https://book.qidian.com/info/1004947742", "https://book.qidian.com/info/1004947742", "https://book.qidian.com/info/1010850032", "https://book.qidian.com/info/1010850032", "https://book.qidian.com/info/3071419", "https://book.qidian.com/info/3071419", "https://book.qidian.com/info/3473927", "https://book.qidian.com/info/3473927", "https://book.qidian.com/info/1003422163", "https://book.qidian.com/info/1003422163", "https://book.qidian.com/info/1011800596", "https://book.qidian.com/info/1010891668", "https://book.qidian.com/info/1011773910", "https://book.qidian.com/info/1011783347", "https://book.qidian.com/info/1011643843", "https://book.qidian.com/info/1011476924", "https://book.qidian.com/info/1011635441", "https://book.qidian.com/info/1009999928", "https://book.qidian.com/info/1006932473", "https://book.qidian.com/info/1005080011"]}