{"ratings": 0.0, "userreviews": [{"userName": "\u5b64\u72ec\u2605\u6f02\u6d41", "userReviewDate": "2012-12-23", "userURL": "https://my.qidian.com/user/17827244", "userReview": "\u5267\u60c5\u8ba8\u8bba,\u6709\u597d\u7684\u6865\u6bb5\u53ef\u4ee5\u5728\u8fd9\u91cc\u8e0a\u8dc3\u53d1\u8a00.\u5f81\u96c6\u9f99\u5957.\u563f\u563f!!"}, {"userName": "\u8212\u6c0f\u5c0f\u8c6a", "userReviewDate": "\u6628\u65e512:03", "userURL": "https://my.qidian.com/user/159295776", "userReview": "\u539f\u6765\u4e07\u5996\u4e4b\u4e3b\u662f\u4f5c\u8005\u4f60\u5199\u7684\uff0c\u4e0a\u9ad8\u4e2d\u7684\u65f6\u5019\u6ca1\u94b1\u770b\uff0c\u4e00\u76f4\u770b\u76d7\u7248\uff0c\u8fd9\u672c\u4e66\u5f88\u597d\u770b"}, {"userName": "\u8776\u68a6\u5e84\u5468\u6211\u68a6", "userReviewDate": "2018-06-05", "userURL": "https://my.qidian.com/user/105956613", "userReview": "\u4e49\u4e49\u4e5d(\uff61\uff65\u3268\uff65\uff61)\uff89\u2661 \u7231\u4f60\u4e48\u4e48\u54d2"}, {"userName": "\u4e66\u53cb161112154810693", "userReviewDate": "2018-06-04", "userURL": "https://my.qidian.com/user/225457137", "userReview": "\u975e\u5e38\u725b\u903c\u7684\u79d1\u5e7b\u53f2\u8bd7\u5c0f\u8bf4\uff0c\u300a\u4e09\u4f53\u300b\u2026\u2026\u2026\u2026\u2026\u3001\u975e\u5e38\u6c34\u5e73\u7684\u672b\u4e16\u5c0f\u8bf4\uff0c\u300a\u5b8c\u7f8e\u5f62\u6001\u300b\u2026\u2026\u2026\u2026\u2026\u3001\u975e"}, {"userName": "\u9f99\u7fd4\u5347\u817e", "userReviewDate": "2018-05-31", "userURL": "https://my.qidian.com/user/225451153", "userReview": "\u7b7e\u5230\u652f\u6301\u4e0b"}, {"userName": "\u7a7f\u8d8a\u8005\u4e4b\u6b66\u901a\u4e07\u754c", "userReviewDate": "2018-05-30", "userURL": "https://my.qidian.com/user/227821585", "userReview": "\u4e3b\u89d2\u5bb6\u4eba\u5728\u540e\u9762\u90fd\u6b7b\u4e86\u6ca1\u554a\uff1f\u8981\u662f\u6709\u6740\u59b9\u8bc1\u9053\u8fd9\u79cd\u5267\u60c5\u5c31\u597d\u4e86"}, {"userName": "\u4f59\u548c\u4e1c", "userReviewDate": "2018-05-29", "userURL": "https://my.qidian.com/user/5039413", "userReview": "\u5410\u69fd\u4e3b\u89d2\u7684\u540d\u5b57\u592a\u4e11\u4e86\u30021\uff0c\u58f0\u97f3\u592a\u626f\uff0c\u7b2c\u56db\u5929\uff1f\u5e72\u561b\u4e0d\u53eb\u7b2c\u4e00\u5929\u5462\uff1f2\uff0c\u542b\u4e49\u4e0d\u606d\uff0c\u5e1d\u91ca\u5929\u662f\u4f5b\u6559\u7684"}, {"userName": "\u6211\u7b28\u61d2\u4eba", "userReviewDate": "2018-05-20", "userURL": "https://my.qidian.com/user/220524467", "userReview": "\u8e29\u55b7\u5b50\uff0c\u4e0d\u62ac\u811a\u3002"}, {"userName": "\u5f80\u4e8b\u5df2\u8fc72080", "userReviewDate": "2018-05-20", "userURL": "https://my.qidian.com/user/214356813", "userReview": "\u8fd9\u672c\u4e66\u597d\u6bd2\u554a \u4e0d\u7ba1\u662f\u7279\u522b\u662f\u6218\u529b\u65b9\u9762 \u968f\u968f\u4fbf\u4fbf\u4e00\u4e2a\u4eba\u90fd\u80fd\u81f4\u4e3b\u89d2\u4e8e\u9669\u5730 \u53cd\u800c\u4e3b\u89d2\u5404\u79cd\u5f00\u6302\u6740\u6b7bb"}, {"userName": "\u98d8\u5728\u623f\u4e2d\u7684\u9c7c", "userReviewDate": "2018-05-19", "userURL": "https://my.qidian.com/user/115255263", "userReview": "\u5f53\u5e74\u7684\u795e\u4e66\u554a\uff0c\u683c\u5c40\u5927\u521b\u610f\u597d\u7acb\u610f\u65b0\uff0c\u7b97\u662f\u5199\u5996\u4e66\u7684\u9f3b\u7956\u4e86\uff0c\u90a3\u4e9b\u52a8\u4e0d\u52a8\u6d2a\u8352\u897f\u6e38\u7684\uff0c\u6211\u5c31\u4e0d\u660e\u767d\u4e86\uff0c"}, {"userName": "\u7d2b\u4e91\u5e7d\u90aa", "userReviewDate": "2018-05-16", "userURL": "https://my.qidian.com/user/150094399", "userReview": "\u5f88\u4e45\u4ee5\u524d\u770b\u8fc7 \u73b0\u5728\u56de\u6765\u91cd\u770b\u4f60\u73b0\u5728\u5927\u90e8\u5206\u65b0\u4e66\u540a\u591a\u4e86   \u8fd9\u672c\u4e66\u8bb0\u5fc6\u6700\u6df1\u523b\u7684\u5c31\u662f\u7533\u516c\u8c79 \u592a\u5c4c\u4e86"}, {"userName": "\u8981\u5e05\u4e0e\u5e73\u51e1", "userReviewDate": "2018-05-13", "userURL": "https://my.qidian.com/user/314584881", "userReview": "\uff08\u53ea\u770b\u524d\u5934\u611f\u8a00\uff09\u53c8\u51fa\u6765\u5ffd\u60a0\u4e86\uff0c\u6211\u5c31\u770b\u4f60\u80fd\u4e0d\u80fd\u628a\u4e07\u9b3c\u5199\u5b8c"}, {"userName": "\u524d\u5973\u53cba", "userReviewDate": "2018-04-27", "userURL": "https://my.qidian.com/user/226370014", "userReview": "\u771f\u5c3c\u739b\u6709\u75c5\uff0c\u770b\u672c\u4e66\u8981\u8fd9\u4e48\u591a\u524d\u594f\uff0c\u5c41\u8bdd\u771f\u591a"}, {"userName": "\u59da\u519b1979", "userReviewDate": "2018-04-25", "userURL": "https://my.qidian.com/user/5471629", "userReview": "\u770b\u7684\u7b2c\u4e00\u672c\u5c0f\u8bf4\uff0c\u5f88\u7ecf\u5178\uff0c\u597d\u770b"}], "description": "\u4fee\u4ed9\u89c5\u957f\u751f\uff0c\u70ed\u8840\u4efb\u900d\u9065\uff0c\u8e0f\u83b2\u66f3\u6ce2\u6da4\u5251\u9aa8\uff0c\u51ed\u865a\u5fa1\u98ce\u5851\u5723\u9b42\uff01", "title": "\u4e07\u5996\u4e4b\u7956", "url": "https://book.qidian.com/info/1541248", "average": -1.0, "cover": "//qidian.qpic.cn/qdbimg/349573/1541248/180", "reviews": -1, "authors": [{"url": "https://me.qidian.com/authorIndex.aspx?id=71579", "name": "\u5b64\u72ec\u6f02\u6d41"}], "type": ["\u4ed9\u4fa0", "\u5e7b\u60f3\u4fee\u4ed9"], "outlinks": ["https://book.qidian.com/info/1541248", "https://book.qidian.com/info/1005317872", "https://book.qidian.com/info/1005317872", "https://book.qidian.com/info/1010804088", "https://book.qidian.com/info/1010804088", "https://book.qidian.com/info/1005373310", "https://book.qidian.com/info/1005373310", "https://book.qidian.com/info/1010159082", "https://book.qidian.com/info/1010159082", "https://book.qidian.com/info/1009965674", "https://book.qidian.com/info/1009965674", "https://book.qidian.com/info/1010735084", "https://book.qidian.com/info/1010735084", "https://book.qidian.com/info/118499", "https://book.qidian.com/info/118499", "https://book.qidian.com/info/160555", "https://book.qidian.com/info/160555", "https://book.qidian.com/info/1153710", "https://book.qidian.com/info/1153710", "https://book.qidian.com/info/1180820", "https://book.qidian.com/info/1180820", "https://book.qidian.com/info/2260666", "https://book.qidian.com/info/2260666", "https://book.qidian.com/info/2462606", "https://book.qidian.com/info/2462606", "https://book.qidian.com/info/3022278", "https://book.qidian.com/info/3022278", "https://book.qidian.com/info/1004086548", "https://book.qidian.com/info/1004086548", "https://book.qidian.com/info/1010327039", "https://book.qidian.com/info/1012016027", "https://book.qidian.com/info/1011630501", "https://book.qidian.com/info/1012010192", "https://book.qidian.com/info/1011834598", "https://book.qidian.com/info/1011672705", "https://book.qidian.com/info/1011966835", "https://book.qidian.com/info/1011940680", "https://book.qidian.com/info/1011491390", "https://book.qidian.com/info/1011995376"]}