{"ratings": 0.0, "userreviews": [{"userName": "\u6db5es", "userReviewDate": "16\u5c0f\u65f6\u524d", "userURL": "https://my.qidian.com/user/214527204", "userReview": "\u4e00\u5929\u4e00\u66f4\u90fd\u6ca1\u6709\u554a"}, {"userName": "\u5415\u5929\u867e13291", "userReviewDate": "2018-06-07", "userURL": "https://my.qidian.com/user/316288672", "userReview": "\u4eca\u5929\u66f4\u65b0\u5462"}, {"userName": "\u516d\u591c\u7b49\u5f85", "userReviewDate": "2018-06-06", "userURL": "https://my.qidian.com/user/230742432", "userReview": "\u4e3a\u5565\u4e0a\u672c\u4e66\u8fd8\u6ca1\u5199\u5b8c\u5c31\u8981\u5f00\u65b0\u4e66  \u4f5c\u8005\u4e5f\u4e0d\u662f\u804c\u4e1a\u4f5c\u8005  \u5fd9\u4e0d\u8fc7\u6765\u5427"}, {"userName": "\u5c3c\u53e4\u62c9\u65af\u62d6\u62c9\u673a\u8f66\u592b\u65af\u57fa", "userReviewDate": "2018-06-06", "userURL": "https://my.qidian.com/user/166460916", "userReview": "\u4e66\u8fd8\u662f\u53ef\u4ee5\u7684\u3002\u4e0d\u8981\u540e\u5bab\uff0c\u4e0d\u8981\u79cd\u9a6c\u554a\u3002\u73b0\u5728\u4e0d\u6d41\u884c\u554a\u3002\u800c\u4e14\u5c3d\u91cf\u4e00\u7b14\u5e26\u8fc7\u3002\u6211\u611f\u89c9\u4f1a\u5c01\u795e\u554a"}, {"userName": "\u8bf8\u845b\u94ed\u81e3", "userReviewDate": "2018-06-05", "userURL": "https://my.qidian.com/user/172849954", "userReview": "\u4e3a\u4ec0\u4e48\u8fd9\u4e66\u624d1000\u591a\u540d\u524d\u9762\u7684\u90fd\u662f\u4ec0\u4e48\u7ea7\u522b\u7684\u6211\u5c31\u597d\u5947\u4e86"}, {"userName": "\u6b7b\u5730\u5b81\u9759", "userReviewDate": "2018-06-05", "userURL": "https://my.qidian.com/user/301260539", "userReview": "\u5c31\u4e00\u66f4\u4e48\u3002\u3002\u3002(\uff1b\u00ac\u0434\u00ac)\u4e0d\u591f\u770b\u554a"}, {"userName": "\u5728\u4e0b\u7f3a\u4e00\u4e2a\u5c0f\u5ab3\u5987", "userReviewDate": "2018-06-04", "userURL": "https://my.qidian.com/user/213624043", "userReview": "\u8001\u4e66\u5207\u4e86\u628a\uff0c\u66f4\u8fd9\u4e2a\uff0c\u4e00\u5929\u5341\u66f4\u884c\u4e0d\u884c"}, {"userName": "\u6b7b\u5730\u5b81\u9759", "userReviewDate": "2018-06-04", "userURL": "https://my.qidian.com/user/301260539", "userReview": "\u5199\u7684\u8d85\u68d2\n\u5c31\u662f\u597d\u5c11\n(\uffe3\u03c9\uffe3;)\n"}, {"userName": "\u672b\u65e5\u65e0\u795e\u8bba", "userReviewDate": "2018-06-03", "userURL": "https://my.qidian.com/user/303192556", "userReview": "\u8fd9\u4e2a\u5df4\u638c\u5f88\u79c0"}, {"userName": "\u96e8\u591c\u4e0b\u7684\u72fc", "userReviewDate": "2018-06-03", "userURL": "https://my.qidian.com/user/143191465", "userReview": "\u597d\u4e66\u80fd\u591a\u66f4\u70b9\u4e0d"}, {"userName": "matherfuuk", "userReviewDate": "2018-06-02", "userURL": "https://my.qidian.com/user/215981992", "userReview": "\u597d\u597d\u5199\uff0c\u4fdd\u6301\u8fd9\u6c34\u5e73\uff0c\u611f\u89c9\u80fd\u4e00\u4e66\u5c01\u795e\uff0c\u6211\u4e0d\u9a97\u5927\u5bb6\uff01"}, {"userName": "\u8336\u53f6\u9f20", "userReviewDate": "2018-06-02", "userURL": "https://my.qidian.com/user/218365549", "userReview": "\u54c7\u80d6\u5b50\u4f60\u5220\u6211\u8bc4\u8bba"}, {"userName": "\u80e1\u6797\u54f2", "userReviewDate": "2018-06-02", "userURL": "https://my.qidian.com/user/211784571", "userReview": "\u8dea\u6c42\u80d6\u5b50\u7206\u53d1"}, {"userName": "\u9ed1\u571f\u7239", "userReviewDate": "2018-06-01", "userURL": "https://my.qidian.com/user/193314890", "userReview": "\u4e00\u5929\u4e00\u66f4\u592a\u9e21\u513f\u96be\u53d7\u4e86"}], "description": "\u4fee\u4ed9\u89c5\u957f\u751f\uff0c\u70ed\u8840\u4efb\u900d\u9065\uff0c\u8e0f\u83b2\u66f3\u6ce2\u6da4\u5251\u9aa8\uff0c\u51ed\u865a\u5fa1\u98ce\u5851\u5723\u9b42\uff01", "title": "\u4e07\u5996\u738b\u671d", "url": "https://book.qidian.com/info/1011709325", "average": -1.0, "cover": "//qidian.qpic.cn/qdbimg/349573/1011709325/180", "reviews": -1, "authors": [{"url": "https://me.qidian.com/authorIndex.aspx?id=9811576", "name": "\u5bb6\u91cc\u7b2c\u4e09\u80d6"}], "type": ["\u4ed9\u4fa0", "\u4fee\u771f\u6587\u660e"], "outlinks": ["https://book.qidian.com/info/1011709325", "https://book.qidian.com/info/1009589402", "https://book.qidian.com/info/1009589402", "https://book.qidian.com/info/1004995075", "https://book.qidian.com/info/1004995075", "https://book.qidian.com/info/1004608738", "https://book.qidian.com/info/1004608738", "https://book.qidian.com/info/1011075308", "https://book.qidian.com/info/1011075308", "https://book.qidian.com/info/1004086548", "https://book.qidian.com/info/1004086548", "https://book.qidian.com/info/1004179514", "https://book.qidian.com/info/1004179514", "https://book.qidian.com/info/1005005767", "https://book.qidian.com/info/1005005767", "https://book.qidian.com/info/1011281256", "https://book.qidian.com/info/1011281256", "https://book.qidian.com/info/1010327039", "https://book.qidian.com/info/1012016027", "https://book.qidian.com/info/1011630501", "https://book.qidian.com/info/1012010192", "https://book.qidian.com/info/1011834598", "https://book.qidian.com/info/1011672705", "https://book.qidian.com/info/1011966835", "https://book.qidian.com/info/1011940680", "https://book.qidian.com/info/1011491390", "https://book.qidian.com/info/1011995376"]}