{"ratings": 0.0, "userreviews": [{"userName": "\u900d\u9065\u5929\u4e0b\u884co", "userReviewDate": "8\u5c0f\u65f6\u524d", "userURL": "https://my.qidian.com/user/202405820", "userReview": "\u5ff5\u4f9d\u6674\u5e94\u8be5\u7b2c\u4e00\u5973\u4e3b\uff01"}, {"userName": "\u4e66\u53cb20180131221822416", "userReviewDate": "17\u5c0f\u65f6\u524d", "userURL": "https://my.qidian.com/user/313226940", "userReview": "\u975e\u6211\u65cf\u7c7b\uff0c\u5176\u5fc3\u5fc5\u5f02\uff0c\u6211\u7b49\u4eba\u65cf\uff0c\u9f50\u5fc3\u534f\u529b\uff0c\u6211\u7b49\u4eba\u65cf\u3002\u706d\u5c3d\u5f02\u7c7b\uff0c\u4eca\u65e5\u4ed6\u4ee5\u543e\u7b49\u4e3a\u8840\u98df\uff0c\u660e\u65e5\u6211\u7b49\u91cd"}, {"userName": "\u5723\u2606\u5e1d\u4fca", "userReviewDate": "20\u5c0f\u65f6\u524d", "userURL": "https://my.qidian.com/user/181082390", "userReview": "\u611f\u89c9\u8fd9\u6837\u7b80\u4ecb\u4f1a\u597d\u70b9\uff0c\u517d\u4e3a\u76d8\u4e2d\u9910\uff0c\u7ffc\u5728\u80ef\u4e0b\u98a4\u3002\u6c60\u4e2d\u56f0\u86df\u9f99\uff0c\u96c0\u7b3c\u9501\u7a1a\u51e4\u3002"}, {"userName": "\u4e66\u53cb20171029134712779", "userReviewDate": "2018-06-07", "userURL": "https://my.qidian.com/user/310077221", "userReview": "\u5c0f\u8bf4\u5199\u7684\u5f88\u597d\uff0c\u5267\u60c5\u4e5f\u597d\uff0c\u4f46\u662f\u4e0d\u77e5\u4e3a\u4ec0\u4e48\u770b\u5230\u4e3b\u89d2\u5b9a\u7684\u6cd5\u5f8b\uff0c\u611f\u5230\u5341\u5206\u4e0d\u8212\u670d\u3002\u6cd5\u5f8b\u5982\u4e0b(\u65e0\u8bba\u5bf9\u9519"}, {"userName": "\u5b85\u7537\u7231\u770b\u4e66\uff01", "userReviewDate": "2018-06-04", "userURL": "https://my.qidian.com/user/169012655", "userReview": "\u4f5c\u8005\u4f60\u5c0f\u5fc3\u4e86\uff0c\u8bf4\u4e0d\u5b9a\u54ea\u4e2a\u5f02\u65cf\u5927\u795e\u6b63\u5728\u6ce8\u89c6\u7740\u4f60[fn=33]"}, {"userName": "\u96e8\u591c\u9633", "userReviewDate": "2018-06-04", "userURL": "https://my.qidian.com/user/210925292", "userReview": "\u6211\u8bf4\u6211\u770b\u5230\u4e86\u4e8c\u767e\u6765\u5f20\u771f\u7684\u662f\u770b\u4e0d\u4e0b\u53bb\u4e86\u6211\u770b\u5230\u4e0a\u5251\u9601\uff0c\u4e8c\u957f\u8001\u6321\u628a\u4e3b\u89d2\u4e86\u4e0b\u53bb\u800c\u4e14\u8fd8\u7f9e\u8fb1\u4e86\u4e3b\u89d2\uff0c\u5e1d"}, {"userName": "\u671d\u989c\u7130\u57df", "userReviewDate": "2018-06-03", "userURL": "https://my.qidian.com/user/220493557", "userReview": "\u6211\u89c9\u5f97\u4eba\u5bb6\u5199\u7684\u4e0d\u597d\u4f60\u53ef\u4ee5\u4e0d\u770b\u554a\uff0c\u9a82\u4eba\u6709\u4ec0\u4e48\u610f\u601d\uff0c\u4e2a\u4e2a\u90fd\u50cf\u4f60\u4eec\u8fd9\u79cd\u952e\u76d8\u4fa0\uff0c\u518d\u8fc7\u51e0\u5e74\u5199\u5c0f\u8bf4\u7684\u4eba"}, {"userName": "\u8bc4\u8bba\u516d\u516d\u516d", "userReviewDate": "2018-05-25", "userURL": "https://my.qidian.com/user/310005500", "userReview": "\u8fd9\u672c\u5c0f\u8bf4\u4e0d\u5e94\u8be5\u653e\u5728\u5947\u5e7b\uff0c\u5e94\u8be5\u653e\u5728\u7384\u5e7b\u91cc\uff0c\u6d53\u6d53\u7684\u7384\u5e7b\u5473\u3002"}, {"userName": "\u5317\u6d77\u5e7f\u4ed4", "userReviewDate": "2018-05-24", "userURL": "https://my.qidian.com/user/311940890", "userReview": "\u5f00\u5934\u90fd\u770b\u4e0d\u4e0b\u53bb\u4f5c\u8005\u4f60\u600e\u4e48\u5438\u5f15\u4eba\uff1f\uff1f\uff1f\u770b\u5230\u7b2c\u5341\u4e8c\u7ae0\u5c31\u88ab\u6bd2\u5230\u4e86"}, {"userName": "\u7ea2\u989c\u604b\u77e5\u5df1", "userReviewDate": "2018-05-24", "userURL": "https://my.qidian.com/user/223265837", "userReview": "\u770b\u4e86\u8bc4\u8bba\u5c45\u7136\u6ca1\u540e\u5bab   \u76f4\u63a5\u5f03\u4e86"}, {"userName": "\u7231\u5c4b\u53ca\u4e4c\u77ee\u67dc", "userReviewDate": "2018-05-24", "userURL": "https://my.qidian.com/user/220829358", "userReview": "\u524d\u9762\u6709\u70b9\u6bd2\uff0c\u82f1\u96c4\u6551\u7f8e\uff0c\u7f8e\u5973\u6295\u6000\u9001\u62b1\uff0c\u5957\u8def\u5f88\u53e4\u8001"}, {"userName": "wuli\u4eba", "userReviewDate": "2018-05-24", "userURL": "https://my.qidian.com/user/215413734", "userReview": "\u6bd2\u5230\u96be\u53d7\uff0c\u8df3\u7740\u770b\u90fd\u5df2\u7ecf\u4e0d\u8db3\u4ee5\u5ffd\u7565\u6bd2\u70b9\u4e86\u2026\u2026\u4e0d\u4f1a\u5199\u5bab\u6597\u5c31\u4e0d\u8981\u5199\u597d\u5427\uff0c\u4e66\u91cc\u4eba\u7269\u667a\u5546\u8fd9\u4e48\u4f4e\u4e0b\uff0c\u4f1a"}, {"userName": "\u5927\u7237\u6211\u4ece\u4e0d\u6295\u7968", "userReviewDate": "2018-05-23", "userURL": "https://my.qidian.com/user/210403816", "userReview": "\u524d\u671f\u6709\u70b9\u6bd2\u3002"}, {"userName": "\u5251\u8457\u53f2\u8bd7\u7684\u4f5c\u8005", "userReviewDate": "2018-05-12", "userURL": "https://my.qidian.com/user/309921673", "userReview": "\u5199\u7684\u975e\u5e38\u597d"}], "description": "\u9b54\u517d\u8df5\u8e0f\uff0c\u5de8\u9f99\u5486\u54ee\uff0c\u5deb\u5e08\u8bc5\u5492\uff0c\u9b54\u6cd5\u7480\u74a8\u4e4b\u5149\u7167\u8000\u77e5\u8bc6\u706f\u5854\uff01", "title": "\u4e07\u754c\u81f3\u5c0a\u5927\u9886\u4e3b", "url": "https://book.qidian.com/info/1009864846", "average": -1.0, "cover": "//qidian.qpic.cn/qdbimg/349573/1009864846/180", "reviews": -1, "authors": [{"url": "https://me.qidian.com/authorIndex.aspx?id=7233020", "name": "\u4e9a\u5f53\u5fb7\u91cc\u4e9a"}], "type": ["\u5947\u5e7b", "\u53f2\u8bd7\u5947\u5e7b"], "outlinks": ["https://book.qidian.com/info/1009864846", "https://book.qidian.com/info/1010741169", "https://book.qidian.com/info/1010741169", "https://book.qidian.com/info/1010700358", "https://book.qidian.com/info/1010700358", "https://book.qidian.com/info/1010685191", "https://book.qidian.com/info/1010685191", "https://book.qidian.com/info/1010730238", "https://book.qidian.com/info/1010730238", "https://book.qidian.com/info/1010064264", "https://book.qidian.com/info/1010064264", "https://book.qidian.com/info/1010032521", "https://book.qidian.com/info/1010032521", "https://book.qidian.com/info/1003517641", "https://book.qidian.com/info/1003517641", "https://book.qidian.com/info/1011424531", "https://book.qidian.com/info/1011424531", "https://book.qidian.com/info/1011194349", "https://book.qidian.com/info/1011966445", "https://book.qidian.com/info/1011923635", "https://book.qidian.com/info/1011996030", "https://book.qidian.com/info/1011894816", "https://book.qidian.com/info/1011954628", "https://book.qidian.com/info/1011324769", "https://book.qidian.com/info/1005209240", "https://book.qidian.com/info/1011806768", "https://book.qidian.com/info/1011417251"]}