{"ratings": 0.0, "userreviews": [{"userName": "\u98df\u6211\u5927\u6c61", "userReviewDate": "2018-06-02", "userURL": "https://my.qidian.com/user/212914192", "userReview": "7\u3002\u3002\u300278\u4e2a\u7c89\u4e1d\u3002\u3002\u3002"}, {"userName": "\u6c49\u58a8\u53cc\u9c7c", "userReviewDate": "2018-05-30", "userURL": "https://my.qidian.com/user/192903860", "userReview": "\u5668\u91cf\u592a\u5c0f\u2026\u2026\u81ea\u5df1\u52a0\u6cb9\u5427\uff0c\u54ce"}, {"userName": "\u53f6\u6e90\u6e90", "userReviewDate": "2017-12-03", "userURL": "https://my.qidian.com/user/227702235", "userReview": "\u767d\u6d45\u8fd9\u91cc\u5199\u7684\u5f88\u597d\uff0c\u5f88\u5f00\u5fc3\u4e5f\u591f\u9ed1"}, {"userName": "\u53f6\u6e90\u6e90", "userReviewDate": "2017-12-03", "userURL": "https://my.qidian.com/user/227702235", "userReview": "\u90fd\u662f\u826f\u5584\u4efb\u52a1\uff0c\u771f\u662f\u591f\u4e86"}, {"userName": "\u53f6\u6e90\u6e90", "userReviewDate": "2017-12-03", "userURL": "https://my.qidian.com/user/227702235", "userReview": "\u9664\u4e86\u662f\u5199\u53cd\u6d3e\u7684\uff0c\u5176\u4ed6\u7684\u6ca1\u4ec0\u4e48\u4eae\u70b9\uff0c\u524d\u9762\u5199\u7684\u8fd8\u81ea\u76f8\u77db\u76fe\uff0c\u4e3b\u89d2\u540e\u5929\u53ef\u4ee5\u770b\u5728\u65b0\u4e16\u754c\u5c0f\u4eba\u7269\uff0c\u7b11\u50b2\u91cc"}, {"userName": "\u53f6\u6e90\u6e90", "userReviewDate": "2017-12-03", "userURL": "https://my.qidian.com/user/227702235", "userReview": "\u53cd\u6d3e\u662f\u4e3a\u4e86\u5229\u76ca\u4ec0\u4e48\u90fd\u53ef\u4ee5\u4e0d\u987e\uff0c\u6709\u660e\u786e\u7684\u76ee\u6807\u4e0d\u4f1a\u4e3a\u4e86\u5176\u4ed6\u7684\u4e8b\u60c5\u653e\u5f03\u76ee\u7684\uff0c\u4f60\u8fd9\u662f\u795e\u7ecf\u75c5\u5427\uff0c\u4e0d\u662f"}, {"userName": "\u53f6\u6e90\u6e90", "userReviewDate": "2017-12-03", "userURL": "https://my.qidian.com/user/227702235", "userReview": "\u591f\u72e0\u5417\u4e3b\u89d2"}, {"userName": "\u9ed1\u8272\u604b\u8bd7", "userReviewDate": "2017-11-30", "userURL": "https://my.qidian.com/user/188944241", "userReview": "\u5927\u5927\uff0c\u4ec0\u4e48\u65f6\u5019\u51fa\u65b0\u4e66\u554a\uff0c\u5728\u7ebf\u7b49\uff0c\u6025..............\u6211\u8981\u540e\u5bab"}, {"userName": "\u6cd3\u5377\u4e4b\u5fc6", "userReviewDate": "2017-09-22", "userURL": "https://my.qidian.com/user/198326717", "userReview": "\u65b0\u7ae0\u8282\u662f\u4ec0\u4e48\u4e66\uff1f"}, {"userName": "\u9b45\u5f71\u51b2\u54e5", "userReviewDate": "2017-09-22", "userURL": "https://my.qidian.com/user/213697283", "userReview": "\u4f5c\u8005\u52a0\u6cb9\uff0c"}, {"userName": "\u6cd3\u5377\u4e4b\u5fc6", "userReviewDate": "2017-08-01", "userURL": "https://my.qidian.com/user/198326717", "userReview": "\u600e\u4e48\u4e0d\u66f4\u65b0\u4e86\uff1f"}, {"userName": "\u64b8\u4e36\u5c3d\u5929\u4e0b", "userReviewDate": "2017-07-28", "userURL": "https://my.qidian.com/user/215164683", "userReview": "\u8981\u6c34\u4e5f\u4e0d\u662f\u8fd9\u4e48\u6c34\u5427\uff1f\u7b97\u4e86\uff0c\u4e0d\u8ba2\u4e86\u3002\u5f53\u592a\u76d1\u4e86"}, {"userName": "\u4e0a\u5e1d\u7684\u51a0\u5195", "userReviewDate": "2017-07-28", "userURL": "https://my.qidian.com/user/200213513", "userReview": "\u611f\u89c9\u4f5c\u8005\u4e00\u76f4\u5728\u6c34\u554a\uff0c\u540e\u9762\u7684\u6700\u8fd1\u66f4\u65b0\u7684\u597d\u591a\u7ae0\u8282\u548c\u4e3b\u89d2\u6ca1\u4ec0\u4e48\u5927\u5173\u7cfb"}, {"userName": "Dark\u4e36Monarch", "userReviewDate": "2017-07-24", "userURL": "https://my.qidian.com/user/216083504", "userReview": "\u6211\u81ea\u60f3\u77e5\u9053\u540e\u9762\u90a3\u4e5d\u5c3e\u72d0\u6b7b\u4e86\u6ca1?\u6ca1\u6b7b\u7684\u8bdd\u5c31\u5f03\u4e86\uff01\u5e0c\u671b\u770b\u5230\u540e\u9762\u7684\u4e66\u53cb\u544a\u8bc9\u4e00\u58f0\uff01"}], "description": "\u661f\u6d77\u6f2b\u6e38\uff0c\u65f6\u7a7a\u7a7f\u68ad\uff0c\u673a\u68b0\u79d1\u6280\uff0c\u76ee\u6807\u662f\u672a\u77e5\u7684\u661f\u8fb0\u5927\u6d77\uff01", "title": "\u4e07\u754c\u6700\u5f3a\u516c\u654c", "url": "https://book.qidian.com/info/1006413487", "average": -1.0, "cover": "//qidian.qpic.cn/qdbimg/349573/1006413487/180", "reviews": -1, "authors": [{"url": "https://me.qidian.com/authorIndex.aspx?id=11086407", "name": "\u6d41\u6cea\u7684\u5564\u9152"}], "type": ["\u79d1\u5e7b", "\u65f6\u7a7a\u7a7f\u68ad"], "outlinks": ["https://book.qidian.com/info/1006413487", "https://book.qidian.com/info/1011102349", "https://book.qidian.com/info/1011102349", "https://book.qidian.com/info/1010887448", "https://book.qidian.com/info/1010887448", "https://book.qidian.com/info/1010264714", "https://book.qidian.com/info/1010264714", "https://book.qidian.com/info/1010861308", "https://book.qidian.com/info/1010861308", "https://book.qidian.com/info/1010589024", "https://book.qidian.com/info/1010589024", "https://book.qidian.com/info/1009762526", "https://book.qidian.com/info/1009762526", "https://book.qidian.com/info/1010804130", "https://book.qidian.com/info/1010804130", "https://book.qidian.com/info/1011814764", "https://book.qidian.com/info/1011636462", "https://book.qidian.com/info/1012011143", "https://book.qidian.com/info/1011989615", "https://book.qidian.com/info/1011979302", "https://book.qidian.com/info/1011962232", "https://book.qidian.com/info/1012020634", "https://book.qidian.com/info/1011923738", "https://book.qidian.com/info/1012020834", "https://book.qidian.com/info/1011973977"]}