{"ratings": 0.0, "userreviews": [{"userName": "\u9189\u9152\u6155\u7ebe", "userReviewDate": "2018-05-02", "userURL": "https://my.qidian.com/user/307006987", "userReview": "\u6211\u4eec\u6765\u5230\u8fd9\u4e2a\u4e16\u754c\uff0c\u88ab\u7b5b\u9009\uff0c\u88ab\u6311\u5254\uff0c\u88ab\u8d4b\u4e88\u4f7f\u547d\u3002\u6211\u4eec\u88ab\u6740\u6b7b\uff0c\u4e2d\u9014\u592d\u6298\uff0c\u8f7b\u6613\u653e\u5f03\uff0c\u591a\u6b21\u5931\u8d25\uff0c\u591a"}, {"userName": "\u7231\u6492\u5a07\u7684\u5c0f\u914b\u914b", "userReviewDate": "14\u5c0f\u65f6\u524d", "userURL": "https://my.qidian.com/user/314374406", "userReview": "\u5e74\u8f7b\u4eba\uff0c\u6211\u4e2d\u610f\u4f60\uff01[fn=58]"}, {"userName": "\u5415\u5929\u867e12387", "userReviewDate": "17\u5c0f\u65f6\u524d", "userURL": "https://my.qidian.com/user/315206645", "userReview": "\u6c34\u4e2a\u7ecf\u9a8c\u7684\u57fa\u7840\u4e0a"}, {"userName": "\u7231\u6492\u5a07\u7684\u5c0f\u914b\u914b", "userReviewDate": "2018-06-07", "userURL": "https://my.qidian.com/user/314374406", "userReview": "\u88c5\u903c\u6253\u4e2a\u8138\uff5e"}, {"userName": "\u9759\u5750\uff0c\u81ea\u8bed\u60f3\u5ff5\u3002", "userReviewDate": "2018-06-05", "userURL": "https://my.qidian.com/user/169108924", "userReview": "\u7ed9\u522b\u4eba\u8bb8\u613f\u4e0d\u5982\u7ed9\u81ea\u5df1\u8bb8\u613f\u60f3\u4e0d\u901a  \u3002"}, {"userName": "\u5927\u83e0\u841d\u51e4\u68a8", "userReviewDate": "2018-06-03", "userURL": "https://my.qidian.com/user/308341552", "userReview": "\u5173\u4e8e\u672c\u4e66\uff0c\u53ef\u80fd\u5b58\u5728\u7740\u8bb8\u591a\u7684\u95ee\u9898\uff0c\u5e0c\u671b\u5927\u5bb6\u80fd\u5728\u8fd9\u91cc\u8ba8\u8bba\uff0c\u548c\u6211\u63d0\u51fa\u6765\uff0c\u597d\u7684\u5efa\u8bae\u4f1a\u91c7\u7eb3"}, {"userName": "\u7231\u6492\u5a07\u7684\u5c0f\u914b\u914b", "userReviewDate": "2018-05-31", "userURL": "https://my.qidian.com/user/314374406", "userReview": "\u8fd8\u4e0d\u4e07\u66f4\uff01\u6015\u662f\u8981\u88ab\u7c89\u4e1d\u4eec\u6253\u6b7b"}, {"userName": "\u7231\u6492\u5a07\u7684\u5c0f\u914b\u914b", "userReviewDate": "2018-05-28", "userURL": "https://my.qidian.com/user/314374406", "userReview": "\u9b3c\u755c\u7684\u5fc3\u7075\u611f\u5e94\u5c11\u5973\uff0c\u5f3a\u70c8\u8981\u6c42\u6362\u70ae\u59d0\uff01"}, {"userName": "\u67d0\u53ea\u8def\u8fc7\u7684\u9ec4\u9e2d", "userReviewDate": "2018-05-27", "userURL": "https://my.qidian.com/user/313992511", "userReview": "\u560e\u560e\u560e\u560e\u560e"}, {"userName": "\u8d77\u540d\u4ec0\u4e48\u7684\u597d\u96be\u8bf6", "userReviewDate": "2018-05-19", "userURL": "https://my.qidian.com/user/314569785", "userReview": "\u6253\u8d4f\u9001\u4e0a\uff01\u7537\u9891\u5f88\u559c\u6b22\u7684\u4e00\u672c\u5e7c\u82d7\ud83c\udf31\uff01\u5f88\u559c\u6b22\u4f5c\u8005\u5927\u5927\u7684\u5199\u4f5c\u98ce\u683c \u6bcf\u6b21\u770b\u90fd\u6709\u4e00\u79cd\u201c\u554a \u8001\u5b50\u5e73\u51e1\u7684"}, {"userName": "\u5929\u884c\u5ea6\u53e3", "userReviewDate": "2018-05-16", "userURL": "https://my.qidian.com/user/312228759", "userReview": "\u6bd2\u8bc4:1.\u4f5c\u4e3a\u65b0\u4eba\uff0c\u4f5c\u8005\u5927\u5927\u7684\u4e66\u5176\u5b9e\u86ee\u4e0d\u9519\u7684\uff0c\u4e0d\u7ba1\u662f\u6587\u7b14\u8fd8\u662f\u6545\u4e8b\u7684\u6784\u601d\u5e94\u8be5\u90fd\u4e0b\u4e86\u529f\u592b\u7684\uff1b2"}, {"userName": "\u9189\u9152\u6155\u7ebe", "userReviewDate": "2018-05-10", "userURL": "https://my.qidian.com/user/307006987", "userReview": "\u5e86\u5386\u56db\u5e74\u6625\uff0c\u82b1\u751f\u7c73\u8c2a\u5b88\u8d77\u70b9\u90e1\u3002\u8d8a\u660e\u5e74\uff0c\u653f\u901a\u4eba\u548c\uff0c\u767e\u5e9f\u5177\u5174\u3002\u4e43\u91cd\u4fee\u5624\u96c4\u697c\uff0c\u589e\u5176\u65e7\u5236\uff0c\u523b\u6bd4\u5229\u54f2"}, {"userName": "\u65f6\u67d2\u57dc", "userReviewDate": "2018-05-09", "userURL": "https://my.qidian.com/user/226955217", "userReview": "\u671f\u5f85\u4e3b\u89d2\u7684\u91d1\u624b\u6307\u53d1\u5c55\uff0c\u65f6\u7a7a\u7a7f\u8d8a\u4ee3\u8868\u7740\u65e0\u9650\u7684\u53ef\u80fd\uff0c\u5c31\u50cf\u53bb\u4e00\u4e2a\u8d44\u6e90\u4e30\u5bcc\uff0c\u4f46\u65f6\u4ee3\u843d\u540e\u7684\u4e16\u754c\uff0c\u5728\u90a3"}, {"userName": "\u8d77\u540d\u4ec0\u4e48\u7684\u597d\u96be\u8bf6", "userReviewDate": "2018-05-03", "userURL": "https://my.qidian.com/user/314569785", "userReview": "\u5f88\u559c\u6b22\u7684\u98ce\u683c \u50cf\u662f\u8f7b\u5c0f\u8bf4\u4e00\u6837 \u5f02\u4e16\u754c\u4e4b\u65c5\u4e5f\u662f\u5341\u5206\u7684\u4ee4\u4eba\u671f\u5f85 \u563f\u563f\u563f \u662f\u4f20\u8bf4\u4e2d\u7684\u7f8e\u5c11\u5973\u5730\u56fe\u5f0f"}], "description": "\u661f\u6d77\u6f2b\u6e38\uff0c\u65f6\u7a7a\u7a7f\u68ad\uff0c\u673a\u68b0\u79d1\u6280\uff0c\u76ee\u6807\u662f\u672a\u77e5\u7684\u661f\u8fb0\u5927\u6d77\uff01", "title": "\u4e07\u754c\u4e8b\u52a1\u6240", "url": "https://book.qidian.com/info/1011761598", "average": -1.0, "cover": "//qidian.qpic.cn/qdbimg/349573/1011761598/180", "reviews": -1, "authors": [{"url": "https://me.qidian.com/authorIndex.aspx?id=401646131", "name": "\u8c4c\u8c46\u82b1\u751f\u7c73"}], "type": ["\u79d1\u5e7b", "\u65f6\u7a7a\u7a7f\u68ad"], "outlinks": ["https://book.qidian.com/info/1011761598", "https://book.qidian.com/info/1010625557", "https://book.qidian.com/info/1010625557", "https://book.qidian.com/info/1010563262", "https://book.qidian.com/info/1010563262", "https://book.qidian.com/info/1009999768", "https://book.qidian.com/info/1009999768", "https://book.qidian.com/info/1009719053", "https://book.qidian.com/info/1009719053", "https://book.qidian.com/info/1010426071", "https://book.qidian.com/info/1010426071", "https://book.qidian.com/info/1010691511", "https://book.qidian.com/info/1010691511", "https://book.qidian.com/info/1011814764", "https://book.qidian.com/info/1011636462", "https://book.qidian.com/info/1012011143", "https://book.qidian.com/info/1011989615", "https://book.qidian.com/info/1011979302", "https://book.qidian.com/info/1011962232", "https://book.qidian.com/info/1012020634", "https://book.qidian.com/info/1011923738", "https://book.qidian.com/info/1012020834", "https://book.qidian.com/info/1011973977"]}