{"ratings": 0.0, "userreviews": [{"userName": "\u5415\u5929\u867e13114", "userReviewDate": "22\u5c0f\u65f6\u524d", "userURL": "https://my.qidian.com/user/316108098", "userReview": "\u7b7e\u5230\u6c34\u7ecf\u9a8c???!(??????)??"}, {"userName": "\u6c34\u9b3c\u6218\u672f", "userReviewDate": "23\u5c0f\u65f6\u524d", "userURL": "https://my.qidian.com/user/201793326", "userReview": "\u6709\u4e86\u80fd\u529b\uff0c\u53c8\u66ff\u522b\u4eba\u6253\u5de5\uff0c\u592a\u6bd2\u4e0d\u662f\u7ed9\u81ea\u5df1\u6dfb\u5835\uff0c\u4e00\u7ae0\u4e00\u4e2a\u5973\u4eba\uff0c\u540e\u5bab\u6ee1\u6ee1\uff0c\u786e\u5b9a\u80fd\u5728\u8fd9\u4e2a\u65f6\u4ee3\u7acb\u8db3"}, {"userName": "\u864e\u8001\u5c0f5V", "userReviewDate": "23\u5c0f\u65f6\u524d", "userURL": "https://my.qidian.com/user/220852357", "userReview": "\u5c01\u9762\u6df1\u5165\u4eba\u5fc3"}, {"userName": "oh\u6728\u6728\u5f61", "userReviewDate": "2018-06-05", "userURL": "https://my.qidian.com/user/217899583", "userReview": "\u8001\u5957\u4e86\uff0c\u52aa\u529b\u52a0\u6cb9\uff0c\u6211\u7ee7\u7eed\u627e\u5176\u4ed6\u4e66\u770b\u4e86"}, {"userName": "\u4e66\u53cb20180508032144352", "userReviewDate": "2018-06-05", "userURL": "https://my.qidian.com/user/316419410", "userReview": "\u5fc5\u987b\u98de\u8d77\u6765"}, {"userName": "\u9b42\u6de1a\u54af", "userReviewDate": "2018-06-04", "userURL": "https://my.qidian.com/user/216898688", "userReview": "\u5957\u8def\u6bd4\u8f83\u8001\uff0c\u6545\u4e8b\u6709\u70b9\u610f\u601d\uff0c\u4f46\u521b\u65b0\u6027\u4e0d\u8db3\uff0c\u8fd8\u9700\u52a0\u5f3a\u3002\u5c31\u597d\u6bd4\u98de\u673a\u4e0a\u6551\u4eba\uff0c\u73b0\u5728\u53c8\u662f\u8d4c\u77f3\uff0c\u5341\u672c\u90fd\u5e02"}, {"userName": "\u5341\u6708\u82b1\u672b", "userReviewDate": "2018-06-04", "userURL": "https://my.qidian.com/user/216753549", "userReview": "\u524d\u9762\u8fd8\u53ef\u4ee5   \u4f46\u52a0\u4e2a\u4ec0\u4e48\u900f\u89c6\u773c   \u4ec0\u4e48\u8d4c\u77f3   \u4ec0\u4e48\u7f8e\u5973\u8001\u677f   \u5c31\u8001\u5957\u4e86     \u5e0c"}, {"userName": "\u9b54\u76d7\u4e2d\u57ce", "userReviewDate": "2018-06-04", "userURL": "https://my.qidian.com/user/307297407", "userReview": "\u7b7e\u5230\u6c34\u6676\u8273"}, {"userName": "NS\u4e36\u591c\u661f", "userReviewDate": "2018-06-03", "userURL": "https://my.qidian.com/user/301224502", "userReview": "\u60c5\u8282\u8bbe\u7f6e\u6211\u5f88\u559c\u6b22\uff0c\u5df2\u52a0\u5165\u4e66\u67b6\uff0c\u4f46\u5c31\u4e0d\u80fd\u591a\u66f4\u65b0\u5417\uff1f"}, {"userName": "\u7075\u732b\u6709\u9c7c", "userReviewDate": "2018-05-27", "userURL": "https://my.qidian.com/user/225338051", "userReview": "\u65e5\u5e38\u7b7e\u5230\u4e00\u4e0b"}, {"userName": "\u8ff7\u96fe\u4e4b\u9014", "userReviewDate": "2018-05-25", "userURL": "https://my.qidian.com/user/120698573", "userReview": "\u4e66\u5f88\u597d\u770b\u54df~"}, {"userName": "\u5e1d\u843d\u5343\u79cb", "userReviewDate": "2018-05-24", "userURL": "https://my.qidian.com/user/230700802", "userReview": "\u7530\u4f2f\u6765\uff0c\u8bfb\u611f\u6709\u70b9\u5dee\uff0c\u7530\u4f2f\u5149\u6ca1\u4e8b\u7684\uff0c\u53ea\u8981\u4e0d\u5728\u6b66\u4fa0\u5206\u7c7b\u90a3\u5757\uff0c\u5e94\u8be5\u53ef\u4ee5\u7684\uff0c\u60f3\u60f3\u597d\u591a\u7cbe\u54c1\u5c0f\u8bf4\u90fd\u7a7f\u91d1"}, {"userName": "\u672a\u80fd\u5b9a\u65f6", "userReviewDate": "2018-05-24", "userURL": "https://my.qidian.com/user/114260756", "userReview": "\u7528\u4e86\u767e\u5206\u4e4b\u4e94\u7684\u7535\u5c31\u628a\u4e66\u770b\u5b8c\u4e86\uff0c\u8fd9\u8bf4\u660e\u4ec0\u4e48\u2026\u2026\u54c8\u54c8\uff0c\u6211\u624b\u673a\u7535\u6c60\u8010\u7528\u554a\u2026\u2026[fn=33]"}, {"userName": "\u7eb8\u9e5e\u65e0\u4eba\u62c9", "userReviewDate": "2018-05-24", "userURL": "https://my.qidian.com/user/114558027", "userReview": "\u8981\u60f3\u7559\u4f4f\u6211\uff0c\u5c31\u591a\u66f4\u65b0\uff5e"}], "description": "\u91cd\u751f\u8fc7\u53bb\u3001\u7545\u60f3\u672a\u6765\u3001\u68a6\u5e7b\u73b0\u5b9e\uff0c\u518d\u5851\u4f20\u5947\u4eba\u751f\uff01", "title": "\u4e07\u754c\u795e\u5751\u804a\u5929\u7fa4", "url": "https://book.qidian.com/info/1012028791", "average": -1.0, "cover": "//qidian.qpic.cn/qdbimg/349573/1012028791/180", "reviews": -1, "authors": [{"url": "https://me.qidian.com/authorIndex.aspx?id=402443386", "name": "\u70b8\u9171\u9e21\u817f"}], "type": ["\u90fd\u5e02", "\u5f02\u672f\u8d85\u80fd"], "outlinks": ["https://book.qidian.com/info/1012028791", "https://book.qidian.com/info/1010903770", "https://book.qidian.com/info/1010903770", "https://book.qidian.com/info/1011311347", "https://book.qidian.com/info/1011311347", "https://book.qidian.com/info/1010026121", "https://book.qidian.com/info/1010026121", "https://book.qidian.com/info/1010513863", "https://book.qidian.com/info/1010513863", "https://book.qidian.com/info/1011032894", "https://book.qidian.com/info/1011032894", "https://book.qidian.com/info/1011063122", "https://book.qidian.com/info/1011063122", "https://book.qidian.com/info/1011932150", "https://book.qidian.com/info/1012029544", "https://book.qidian.com/info/1012015699", "https://book.qidian.com/info/1012018201", "https://book.qidian.com/info/1011879101", "https://book.qidian.com/info/1011790606", "https://book.qidian.com/info/1011971435", "https://book.qidian.com/info/1009695534", "https://book.qidian.com/info/1011890878", "https://book.qidian.com/info/1010537314"]}