{"ratings": 0.0, "userreviews": [{"userName": "rex\u62db", "userReviewDate": "21\u5c0f\u65f6\u524d", "userURL": "https://my.qidian.com/user/215321018", "userReview": "\u8fd9\u4e66\u6709\u70b9\u6bd2\uff0c\u625b\u4e0d\u4f4f\u4e86"}, {"userName": "\u9ad8\u624b$\u5c0f\u5929\u5929", "userReviewDate": "2018-06-07", "userURL": "https://my.qidian.com/user/120322354", "userReview": "\u770b\u5230238\u7ae0\u5b9e\u5728\u5fcd\u65e0\u53ef\u5fcd\uff0c\u51e0\u4e4e\u6240\u6709\u5267\u60c5\u4e0d\u662f\u8001\u5957\u5c31\u662f\u65e0\u8111\uff0c\u7075\u6cc9\u6c3410\u5143100\u514b?\u7ecf\u9500\u5546\u624d\u51e0\u6bdb"}, {"userName": "\u7231\u770b\u90fd\u5e0211", "userReviewDate": "2018-06-06", "userURL": "https://my.qidian.com/user/189472514", "userReview": "30\u7ae0\u5c31\u6536\u8d39\u4ec0\u4e48\u9b3c"}, {"userName": "\u4e66\u53cb20171214213053096", "userReviewDate": "2018-06-04", "userURL": "https://my.qidian.com/user/311739062", "userReview": "\u8fd9\u672c\u4e66\u770b\u5230\u540e\u9762\u8fd8\u662f\u4e0d\u9519\u7684"}, {"userName": "\u4e66\u53cb20171214213053096", "userReviewDate": "2018-06-04", "userURL": "https://my.qidian.com/user/311739062", "userReview": "\u5b9e\u5728\u4e0d\u559c\u6b22\u90a3\u4e9b\u770b\u4e86\u51e0\u7ae0\u5c31\u529d\u9000\u7684\uff0c\u54ea\u4e2a\u5c0f\u8bf4\u5f00\u5934\u4e0d\u8001\u5957\u4e00\u70b9\uff1f\u4e3b\u89d2\u9700\u8981\u53d1\u5c55\uff0c\u4f5c\u8005\u4e5f\u9700\u8981\u53d1\u5c55\u3002"}, {"userName": "\u9752\u72fc\u4e4b\u5fc3", "userReviewDate": "2018-06-04", "userURL": "https://my.qidian.com/user/8519613", "userReview": "\u4e3b\u89d2\u5fc3\u91cc\u60f3\u7740\u53ea\u8981\u4e00\u4e2a\u8001\u5a46\uff0c\u4f46\u662f\u548c\u4e00\u5806\u5973\u7684\u66a7\u6627\uff0c\u8fd9\u4e66\u5230\u5e95\u662f\u4f46\u5973\u4e3b\u8fd8\u662f\u540e\u5bab\u554a\uff1f\u8be5\u4e0b\u624b\u7684\u90fd\u4e0d\u4e0b\u554a"}, {"userName": "\u963f\u65af\u7279\u857e\u4e9a520", "userReviewDate": "2018-06-04", "userURL": "https://my.qidian.com/user/220527941", "userReview": "\u597d\u6b79\u4e5f\u8fd9\u4e48\u591a\u7ae0\u5462\uff0c\u4e0d\u81f3\u4e8e\u5427\u3002\u6709\u90a3\u4e48\u6bd2\u5417\uff1f"}, {"userName": "\u4e66\u53cb20180408154034510", "userReviewDate": "2018-06-04", "userURL": "https://my.qidian.com/user/315489231", "userReview": "\u7b2c\u4e00\u6b21\u53d1\u8bc4\u8bba\uff0c\u5267\u60c5\u592a\u8001\u5957\u4e86\uff0c\u770b\u4e86\u5341\u7ae0\u529d\u9000\uff0c\u518d\u89c1"}, {"userName": "    \u3002\u3002\u3002\u3002\u8def\u4eba\u7532", "userReviewDate": "2018-06-03", "userURL": "https://my.qidian.com/user/188930136", "userReview": "\u88c5\u903c\u6253\u8138\uff0c\u7b2c\u4e00\u7ae0\uff0c\u54ce"}, {"userName": "\u6d45\u671b\u4e36", "userReviewDate": "2018-06-02", "userURL": "https://my.qidian.com/user/211831106", "userReview": "\u5c0f\u767d\u6587\u3002\u3002"}, {"userName": "\u591c\u96e8\u6620\u82cd\u7af9", "userReviewDate": "2018-06-01", "userURL": "https://my.qidian.com/user/7202310", "userReview": "\u8fd9\u4e66\u662f\u521b\u4e16\u90a3\u8fb9\u7684\u5427"}, {"userName": "\u770b\u8fc7\u9690", "userReviewDate": "2018-06-01", "userURL": "https://my.qidian.com/user/194522242", "userReview": "\u52a0\u66f4    "}, {"userName": "\u767d\u5f64\u7d2b", "userReviewDate": "2018-05-30", "userURL": "https://my.qidian.com/user/118946792", "userReview": "\u597d\u767d\u597d\u767d\u7684\u4e00\u672c\u4e66\uff0c\u9002\u5408\u5c0f\u5b66\u751f\u89c2\u770b"}, {"userName": "\u8ff7\u5931\u5728\u5730\u7403\u7684\u5916\u661f\u7efc\u5408\u8230", "userReviewDate": "2018-05-28", "userURL": "https://my.qidian.com/user/302095099", "userReview": "\u5199\u4e86\u8fd9\u4e48\u591a\u5b57\u4e86\u3002"}], "description": "\u91cd\u751f\u8fc7\u53bb\u3001\u7545\u60f3\u672a\u6765\u3001\u68a6\u5e7b\u73b0\u5b9e\uff0c\u518d\u5851\u4f20\u5947\u4eba\u751f\uff01", "title": "\u4e07\u754c\u4ee3\u8d2d\u7cfb\u7edf", "url": "https://book.qidian.com/info/1004900395", "average": -1.0, "cover": "//qidian.qpic.cn/qdbimg/349573/1004900395/180", "reviews": -1, "authors": [{"url": "https://me.qidian.com/authorIndex.aspx?id=9434452", "name": "\u6700\u70ab\u6668\u98ce"}], "type": ["\u90fd\u5e02", "\u5f02\u672f\u8d85\u80fd"], "outlinks": ["https://book.qidian.com/info/1004900395", "https://book.qidian.com/info/1010053636", "https://book.qidian.com/info/1010053636", "https://book.qidian.com/info/1010026121", "https://book.qidian.com/info/1010026121", "https://book.qidian.com/info/1010513863", "https://book.qidian.com/info/1010513863", "https://book.qidian.com/info/1010867586", "https://book.qidian.com/info/1010867586", "https://book.qidian.com/info/1011034242", "https://book.qidian.com/info/1011034242", "https://book.qidian.com/info/1010594609", "https://book.qidian.com/info/1010594609", "https://book.qidian.com/info/1011932150", "https://book.qidian.com/info/1012029544", "https://book.qidian.com/info/1012015699", "https://book.qidian.com/info/1012018201", "https://book.qidian.com/info/1011879101", "https://book.qidian.com/info/1011790606", "https://book.qidian.com/info/1011971435", "https://book.qidian.com/info/1009695534", "https://book.qidian.com/info/1011890878", "https://book.qidian.com/info/1010537314"]}