{"ratings": 0.0, "userreviews": [{"userName": "\u5c0f\u4e07\u732b", "userReviewDate": "2018-04-29", "userURL": "https://my.qidian.com/user/193430963", "userReview": "\u5404\u4f4d\uff0c\u8fd9\u672c\u4e66\u7684\u6210\u7ee9\u5b9e\u5728\u662f\u5dee\u4eba\u5f3a\u610f\uff0c\u5c06\u8fd15600\u591a\u7684\u6536\u85cf\uff0c\u5747\u5b9a\u5374\u53ea\u6709\u4e00\u767e\u4e0d\u5230\uff0c\u8fd9\u6210\u7ee9\u5b9e\u5728\u662f\u8ba9"}, {"userName": "\u5c0f\u4e07\u732b", "userReviewDate": "2018-02-18", "userURL": "https://my.qidian.com/user/193430963", "userReview": "\u600e\u4e48\u529e\uff0c\u59ae\u7fc1\u592a\u53ef\u7231\u4e86\u3002\u6536\u4e0d\u6536\uff1fA\uff1a\u6536B\uff1a\u4e0d\u6536C\uff1a\u5e72\u6389\u5979\u5c11\u6570\u670d\u4ece\u591a\u6570\uff0c\u9009\u62e9\u5f00\u59cb\uff01"}, {"userName": "\u5c0f\u8bf4\u5bb6\u65cfl", "userReviewDate": "2017-12-20", "userURL": "https://my.qidian.com/user/229041665", "userReview": "\u66f4\u65b0\u6162\u4e5f\u8981\u7b7e\u4e2a\u5230\u554a"}, {"userName": "\u4e07\u5148\u5343\u91cc", "userReviewDate": "3\u5206\u949f\u524d", "userURL": "https://my.qidian.com/user/222800296", "userReview": "\u770b\u5230\u7b80\u4ecb\u4e2d\u5e26\u6280\u80fd\u5e26\u7269\u54c1\u5e26\u80fd\u529b\u90fd\u8fd8\u884c\uff0c\u4f46\u4e00\u770b\u5230\u5e26\u4eba\u56de\u73b0\u5b9e\uff0c\u679c\u65ad\u5f03\u4e66\uff0c\u4e00\u731c\u5c31\u77e5\u9053\u6709\u540e\u5bab\u3002\u73b0\u5b9e\u53c8"}, {"userName": "\u591c\u4e91\u3005\u65e0\u661f", "userReviewDate": "2\u5c0f\u65f6\u524d", "userURL": "https://my.qidian.com/user/2615788", "userReview": "\u4e3a\u4ec0\u4e48\u7a7f\u8d8a\u7684\u5341\u4e2a\u6709\u516b\u4e2a\u7b2c\u4e00\u65f6\u95f4\u5c31\u89c9\u5f97\u662f\u5728\u6f14\u620f\uff0c\u88ab\u4eba\u6349\u5f04\u4e86\u3002\u3002\u3002"}, {"userName": "\u5c18\u4e16\u829c\u753b", "userReviewDate": "10\u5c0f\u65f6\u524d", "userURL": "https://my.qidian.com/user/226306688", "userReview": "  \u4ece\u524d\u7684\u4ece\u524d\uff0c\u6709\u4e2a\u4e66\u751f\uff0c\u4ed6\u4f4f\u5728\u4e00\u4e2a\u5e73\u9759\u7684\u5c0f\u5c71\u6751\u91cc\uff0c\u4ed6\u6c14\u8d28\u5112\u96c5\u5374\u957f\u5f97\u5f88\u4e11\uff0c\u4e00\u5929\u4e66\u751f\u518d\u53bb\u5b66\u5802"}, {"userName": "~\u79c0~", "userReviewDate": "2018-06-06", "userURL": "https://my.qidian.com/user/209886086", "userReview": "\u4f5c\u8005\u541b\u6d88\u606f\u90a3\u4e48\u591a\u5929\u4e86\u8be5\u66f4\u65b0\u4e86\uff01\u8fd8\u6709\u90a3\u4e9b\u8bf4\u8981\u5f03\u4e66\u7684\u8981\u5f03\u76f4\u63a5\u5f03\u3001\u5527\u5527\u6b6a\u6b6a\u54ea\u90a3\u4e48\u591a\u5e9f\u8bdd\uff01"}, {"userName": "\u53e4\u4eba\u4e91\u4e36", "userReviewDate": "2018-06-05", "userURL": "https://my.qidian.com/user/226893369", "userReview": "\u4f5c\u8005\uff0c\u5efa\u8bae\u628a\u4e66\u8bc4\u6e05\u4e86\uff0c\u770b\u89c1\u8d77\u70b9\u50bb\u5b50\u6709\u8fd9\u4e48\u591a\u5728\u8fd9\u5c31\u5fc3\u70e6"}, {"userName": "\u4e66\u53cb161117152343890", "userReviewDate": "2018-06-05", "userURL": "https://my.qidian.com/user/225614759", "userReview": "\u7b2c\u4e00\u7ae0\u81ea\u5e26\u529d\u9000"}, {"userName": "\u5415\u5929\u867e3946", "userReviewDate": "2018-06-02", "userURL": "https://my.qidian.com/user/313235342", "userReview": "\u63a8\u8350\u7968\u5df2\u9001\u4e0a"}, {"userName": "\u9280\u6708\u0416\u8056\u9748", "userReviewDate": "2018-06-02", "userURL": "https://my.qidian.com/user/12685288", "userReview": "\u4f5c\u8005\u5199\u7684\u5f88\u4e0d\u9519\uff0c\u652f\u6301\u591a\u66f4\u65b0\uff01\uff01\uff01\uff01\u52a0\u6cb9"}, {"userName": "\u00a4\u8015\u00a4", "userReviewDate": "2018-05-29", "userURL": "https://my.qidian.com/user/13113650", "userReview": "\u770b\u8bc4\u8bba\u6e05\u4e00\u8272\u5c0f\u767d\u6587  \u5f04\u5f97\u6211\u60f3\u770b\u770b\u6709\u591a\u767d\u7ed3\u679c\u70b9\u8fdb\u53bb\u7ae0\u8282\u540d\u5c31\u7ed9\u529d\u9000\u4e86[fn=34]"}, {"userName": "\u83ab\u7136\u706c\u601d\u5a07", "userReviewDate": "2018-05-29", "userURL": "https://my.qidian.com/user/216946105", "userReview": "\u5475\u5475\uff0c\u552f\u6709\u5475\u5475\u80fd\u8868\u8fbe\u6211\u6b64\u523b\u7684\u8bfb\u540e\u611f"}, {"userName": "\u80d6\u864e\u5927\u9b54\u738b", "userReviewDate": "2018-05-29", "userURL": "https://my.qidian.com/user/223275847", "userReview": "\u8fd9\u79cd\u65e0\u9650\u6d41\u6211\u5c31\u662f\u770b\u770b\u90fd\u6536\u8c01\uff0c\u8981\u662f\u81ea\u5df1\u559c\u6b22\u5c31\u770b\u770b\u3002"}], "description": "\u661f\u6d77\u6f2b\u6e38\uff0c\u65f6\u7a7a\u7a7f\u68ad\uff0c\u673a\u68b0\u79d1\u6280\uff0c\u76ee\u6807\u662f\u672a\u77e5\u7684\u661f\u8fb0\u5927\u6d77\uff01", "title": "\u4e07\u754c\u5929\u73e0", "url": "https://book.qidian.com/info/1010043855", "average": -1.0, "cover": "//qidian.qpic.cn/qdbimg/349573/1010043855/180", "reviews": -1, "authors": [{"url": "https://me.qidian.com/authorIndex.aspx?id=400426499", "name": "\u4e07\u732b"}], "type": ["\u79d1\u5e7b", "\u65f6\u7a7a\u7a7f\u68ad"], "outlinks": ["https://book.qidian.com/info/1010043855", "https://book.qidian.com/info/1009894541", "https://book.qidian.com/info/1009894541", "https://book.qidian.com/info/1009665511", "https://book.qidian.com/info/1009665511", "https://book.qidian.com/info/1006638484", "https://book.qidian.com/info/1006638484", "https://book.qidian.com/info/1007082826", "https://book.qidian.com/info/1007082826", "https://book.qidian.com/info/1009313529", "https://book.qidian.com/info/1009313529", "https://book.qidian.com/info/1010703179", "https://book.qidian.com/info/1010703179", "https://book.qidian.com/info/1011814764", "https://book.qidian.com/info/1011636462", "https://book.qidian.com/info/1012011143", "https://book.qidian.com/info/1011989615", "https://book.qidian.com/info/1011979302", "https://book.qidian.com/info/1011962232", "https://book.qidian.com/info/1012020634", "https://book.qidian.com/info/1011923738", "https://book.qidian.com/info/1012020834", "https://book.qidian.com/info/1011973977"]}