{"ratings": 0.0, "userreviews": [{"userName": "\u7f25\u7f08\u7684\u5fe7\u90c1", "userReviewDate": "2014-06-04", "userURL": "https://my.qidian.com/user/122080717", "userReview": "\u7f25\u7f08\u7684\u5fe7\u90c1\u6253\u8d4f\u5f25\u715e 10000\u8d77\u70b9\u5e01"}, {"userName": "\u5f25\u5239\u903b", "userReviewDate": "2014-05-12", "userURL": "https://my.qidian.com/user/134115130", "userReview": "\u53ef\u6ce8\u660e\u4f60\u63a8\u8350\u7684\u4e16\u754c\u540d\u79f0\u3001\u7b49\u7ea7\u3001\u63a8\u8350\u4e3b\u89d2\u53ef\u5f97\u7684\u6280\u80fd\u6216\u8005\u9053\u5177\uff0c\u4e16\u754c\u7b49\u7ea7\u6700\u597d\u4e0d\u8981\u592a\u9ad8\uff08\u524d\u671f\u592a\u9ad8\u7684"}, {"userName": "\u881bsd\u8776ksh8g", "userReviewDate": "2014-03-22", "userURL": "https://my.qidian.com/user/160467090", "userReview": "\u881bsd\u8776ksh8g\u6253\u8d4f\u5f25\u715e 10000\u8d77\u70b9\u5e01\u3000\u8fd9\u672c\u4e66\u592a\u68d2\u4e86\uff01\u7292\u52b3\u4e00\u4e0b\uff0c\u5e0c\u671b\u540e\u7eed\u66f4\u52a0\u7cbe\u5f69\uff01"}, {"userName": "\u5f25\u5239\u903b", "userReviewDate": "2014-03-06", "userURL": "https://my.qidian.com/user/134115130", "userReview": "\u6253\u5e7f\u544a\u7684\u8fdb\u6b64\u697c\uff01"}, {"userName": "\u5929\u7984\u7433\u7405\u7136\u5e76\u5375", "userReviewDate": "2018-06-05", "userURL": "https://my.qidian.com/user/225506708", "userReview": "\u4ec0\u4e48\u5783\u573e\uff0c\u5f00\u5934\u9000"}, {"userName": "\u5f25\u5239\u903b", "userReviewDate": "2018-06-05", "userURL": "https://my.qidian.com/user/134115130", "userReview": "\u5728\u8fd9\u91cc\u5efa\u4e00\u4e2a\u9f99\u5957\u697c\uff0c\u5404\u4f4d\u60f3\u8981\u51fa\u6f14\u9f99\u5957\u89d2\u8272\u7684\u8bfb\u8005\u8bf7\u628a\u89d2\u8272\u59d3\u540d\u3001\u6027\u522b\u3001\u5e74\u9f84\u4ee5\u53ca\u51fa\u573a\u5b9e\u529b\u5199\u660e\uff0c\u9f99"}, {"userName": "jgjghjg64", "userReviewDate": "2018-05-11", "userURL": "https://my.qidian.com/user/124565104", "userReview": "\u96be\u602a\u6210\u7ee9\u8fd9\u4e48\u5dee\uff01"}, {"userName": "\u9f99\u5389\u5947", "userReviewDate": "2018-05-11", "userURL": "https://my.qidian.com/user/310890330", "userReview": "\u4fd7\u4e0d\u53ef\u8010\u3002\u3002\u3002"}, {"userName": "\u7ba1\u4e8b\u5c0f\u4e66\u7ae5", "userReviewDate": "2018-05-09", "userURL": "https://my.qidian.com/user/200117967", "userReview": "\u95ee\u4e00\u4e0b\uff0cGTA5\u662f\u4ec0\u4e48\uff1f"}, {"userName": "\u6642\u9593\u6c99\u6f0f", "userReviewDate": "2018-03-08", "userURL": "https://my.qidian.com/user/215479269", "userReview": "\u5c31\u770b\u4e86\u4e2a\u76ee\u5f55\uff0c\u4e3b\u89d2\u6ca1\u83b7\u5f97\u91d1\u624b\u6307\u65f6\u4e16\u754c\u4e00\u5207\u6b63\u5e38\uff0c\u5f97\u4e86\u91d1\u624b\u6307\u753b\u98ce\u7acb\u523b\u5c31\u53d8\u4e86\uff0c\u4ec0\u4e48\u9b54\u95e8\u90fd\u7279\u4e48\u8dd1\u51fa"}, {"userName": "\u4e0d\u613f\u653e\u5f03\u7684\u627f\u8bfa", "userReviewDate": "2018-01-25", "userURL": "https://my.qidian.com/user/215166479", "userReview": "\u8bf4\u5b9e\u8bdd\uff0c\u9009\u7684\u4e16\u754c\u662f\u786c\u4f24\uff0cGTA\u5176\u5b9e\u633a\u559c\u6b22\u73a9\u7684\uff0c\u7528\u5b83\u5f00\u5c40\u7684\u8bdd\uff0c\u4e5f\u4ec0\u4e48\u4e0d\u5e72\u8106\u4e00\u76f4\u73b0\u4ee3\u4e16\u754c\uff1f\u8fd9\u8df3"}, {"userName": "\u5e1d\u54e5\u4e36", "userReviewDate": "2018-01-12", "userURL": "https://my.qidian.com/user/224910233", "userReview": "\u5355\u5973\u4e3b\u5438\u5f15\u4e86\u6211\uff0c\u5f00\u53cc\u5973\u4e3b\u7684\u65f6\u5019\u5931\u671b\u4e86"}, {"userName": "\u4e3a\u4f60\u5c01\u5fc3\u706c", "userReviewDate": "2017-11-22", "userURL": "https://my.qidian.com/user/231219864", "userReview": "\u6211\u7684\u5929\uff0c\u8fd9\u4e66\u5f00\u5934\u81ea\u5e26\u529d\u9000\u6548\u679c\uff0c\u611f\u89c9\u4e5d\u6210\u7684\u4eba\u4f1a\u88ab\u529d\u9000"}, {"userName": "\u9ad8\u8d2f\u5f6d", "userReviewDate": "2017-10-18", "userURL": "https://my.qidian.com/user/221694920", "userReview": "193\u548c195\u7ae0\u54ea\u91cc\u53bb\u4e86\u3002\u4f60\u5403\u4e86\u4f5c\u8005"}], "description": "\u5fc3\u6f6e\u6f8e\u6e43\uff0c\u65e0\u9650\u5e7b\u60f3\uff0c\u8fce\u98ce\u6325\u51fb\u5343\u5c42\u6d6a\uff0c\u5c11\u5e74\u4e0d\u8d25\u70ed\u8840\uff01", "title": "\u4e07\u754c\u7cfb\u7edf", "url": "https://book.qidian.com/info/3034272", "average": -1.0, "cover": "//qidian.qpic.cn/qdbimg/349573/3034272/180", "reviews": -1, "authors": [{"url": "https://me.qidian.com/authorIndex.aspx?id=2685263", "name": "\u5f25\u715e"}], "type": ["\u7384\u5e7b", "\u4e1c\u65b9\u7384\u5e7b"], "outlinks": ["https://book.qidian.com/info/3034272", "https://book.qidian.com/info/1005104206", "https://book.qidian.com/info/1005104206", "https://book.qidian.com/info/1010824803", "https://book.qidian.com/info/1010824803", "https://book.qidian.com/info/1010341892", "https://book.qidian.com/info/1010341892", "https://book.qidian.com/info/1009758752", "https://book.qidian.com/info/1009758752", "https://book.qidian.com/info/1009602961", "https://book.qidian.com/info/1009602961", "https://book.qidian.com/info/1010041028", "https://book.qidian.com/info/1010041028", "https://book.qidian.com/info/2183524", "https://book.qidian.com/info/2183524", "https://book.qidian.com/info/2760458", "https://book.qidian.com/info/2760458", "https://book.qidian.com/info/3198747", "https://book.qidian.com/info/3198747", "https://book.qidian.com/info/3300768", "https://book.qidian.com/info/3300768", "https://book.qidian.com/info/3407657", "https://book.qidian.com/info/3407657", "https://book.qidian.com/info/3608445", "https://book.qidian.com/info/3608445", "https://book.qidian.com/info/1003352661", "https://book.qidian.com/info/1003352661", "https://book.qidian.com/info/1003500910", "https://book.qidian.com/info/1003500910", "https://book.qidian.com/info/1011830108", "https://book.qidian.com/info/1011830108", "https://book.qidian.com/info/1011988403", "https://book.qidian.com/info/1009595922", "https://book.qidian.com/info/1011844784", "https://book.qidian.com/info/1011892497", "https://book.qidian.com/info/1011095320", "https://book.qidian.com/info/1011996851", "https://book.qidian.com/info/1011856434", "https://book.qidian.com/info/1011879207", "https://book.qidian.com/info/1011833256", "https://book.qidian.com/info/1011967674"]}