{"ratings": 0.0, "userreviews": [{"userName": "\u6d6e\u751f\u4e36\u82e5\u53ea\u662f\u68a6", "userReviewDate": "2\u5c0f\u65f6\u524d", "userURL": "https://my.qidian.com/user/197936892", "userReview": "\u5efa\u4e2a\u6253\u8d4f\u697c\u4e00\u697c10\u5e01 \u5343\u697c\u4e00\u7ed3 \u65e0\u4e0a\u9650(\u0e05>\u03c9"}, {"userName": "\u4e66\u53cb20180324214219062", "userReviewDate": "2\u5c0f\u65f6\u524d", "userURL": "https://my.qidian.com/user/315016664", "userReview": "\u4e3b\u89d2\u80fd\u4e0d\u80fd\u5f3a\u52bf\u795e\u79d8\u4e00\u70b9\uff1f\u641e\u5f97\u50cf\u4e2a\u5c4c\u4e1d\u4e00\u6837\uff0c\u5c31\u666e\u901a\u7684\u6742\u8d27\u5e97\u8001\u677f\u4e00\u6837\u3002\u5c24\u5176\u662f\u968f\u4fbf\u4e00\u4e2a\u5973\u7684\u52a8\u4e0d\u52a8"}, {"userName": "wslinyi", "userReviewDate": "7\u5c0f\u65f6\u524d", "userURL": "https://my.qidian.com/user/5782635", "userReview": "\u4ec0\u4e48\u65f6\u5019\u7ed3\u675f\u6297\u65e5\u518d\u770b"}, {"userName": "\u6df1\u6d77\u91cc\u7684\u8682\u8681", "userReviewDate": "9\u5c0f\u65f6\u524d", "userURL": "https://my.qidian.com/user/143673221", "userReview": "\u548c\u8c10\u5927\u795e\u6b63\u5728\u6765\u7684\u8def\u4e0a\u2026\u54c8\u54c8"}, {"userName": "\u5c0f\u5929\u4f7f\u5feb\u8fd8\u4e1c\u65b9\u768477\u66f4", "userReviewDate": "15\u5c0f\u65f6\u524d", "userURL": "https://my.qidian.com/user/230913855", "userReview": "\u7b49\u51fa\u4e86\u6211\u7684\u4e16\u754c\uff0c\u3002\u3002\u3002\u3002\u4e0d\u6b7b\u56fe\u817e\u9798\u7fc5"}, {"userName": "\u767d\u4e91\u72ec\u81ea\u5728", "userReviewDate": "15\u5c0f\u65f6\u524d", "userURL": "https://my.qidian.com/user/227217143", "userReview": "\u90a3\u4e2a\u6211\u53ef\u4ee5\u5ba2\u4e32\u4e2a\u89d2\u8272\u4e0d\uff0c\u524dmc\u4e16\u754c\u5b88\u62a4\u8005\uff08\u571f\u8c6a\uff09\u5404\u79cd\u836f\u6c34\u554a\uff0c\u4e0d\u6b7b\u56fe\u817e\u554a\u3002\u80fd\u5356\u5f88\u591a\u94b1\u7684\u3002\u540d\u5b57"}, {"userName": "\u5c0f\u5929\u4f7f\u5feb\u8fd8\u4e1c\u65b9\u768477\u66f4", "userReviewDate": "16\u5c0f\u65f6\u524d", "userURL": "https://my.qidian.com/user/230913855", "userReview": "\u65e2\u7136\u5929\u4f7f\u5f00\u65b0\u4e66\u4e86\u7528\u7684\u8fd8\u662f\u8fd9\u4e2a\u8d26\u53f7\uff0c\u90a3\u6211\u5c31\u53ef\u4ee5\u6b63\u5927\u5149\u660e\u7684\u50ac\u66f4\u4e86\u4e86\u3002"}, {"userName": "\u5927\u5978\u548c\u5c1a", "userReviewDate": "18\u5c0f\u65f6\u524d", "userURL": "https://my.qidian.com/user/215452666", "userReview": "\u4e8c\u8425\u957f\u4f60*********\u628a\u610f\u5927\u5229\u70ae\u6254\u4e86\uff0c\u628a\u8001\u5b50\u7389\u7c73\u52a0\u519c\u70ae\u642c\u4e0a\u6765"}, {"userName": "\u8bd7\u4f73\u543e\u7231", "userReviewDate": "18\u5c0f\u65f6\u524d", "userURL": "https://my.qidian.com/user/225332162", "userReview": "\u674e\u4e91\u9f99\uff0c\u4f60\u5f00\u70ae\u554a\uff0c\u522b\u8ba9\u6211\u77a7\u4e0d\u8d77\u4f60\uff01"}, {"userName": "\u8d2b\u9053\u5c0f\u6708", "userReviewDate": "18\u5c0f\u65f6\u524d", "userURL": "https://my.qidian.com/user/213740018", "userReview": "\u4eba\u5bb6\u5b54\u6377\u53eb\u674e\u4e91\u9f99\u4ece\u6765\u90fd\u662f\u76f4\u63a5\u53eb\u8001\u674e\uff0c\u4ece\u6765\u4e0d\u53eb\u56e2\u957f"}, {"userName": "\u840c\u5403\u8d27", "userReviewDate": "19\u5c0f\u65f6\u524d", "userURL": "https://my.qidian.com/user/214505025", "userReview": "\u7b7e\u5230\u6c34\u7ecf\u9a8c"}, {"userName": "\u5b88\u62a4\u4f60\u7b11", "userReviewDate": "20\u5c0f\u65f6\u524d", "userURL": "https://my.qidian.com/user/213726366", "userReview": "\u5144\u5f1f\u54ea\u4e2a\u4f4d\u9762\u7684\uff0c\u8981\u789f\u5417[fn=18][fn=18][fn=18]"}, {"userName": "\u6211\u7684\u59b9\u59b9\u53eb\u96cf\u75301058", "userReviewDate": "\u6628\u65e500:11", "userURL": "https://my.qidian.com/user/316822436", "userReview": "\u7b7e\u5230\u65f6\u95f4\u4e5f\u8981"}, {"userName": "\u8bd7\u4f73\u543e\u7231", "userReviewDate": "2018-06-07", "userURL": "https://my.qidian.com/user/225332162", "userReview": "\u8bb2\u771f\uff0c\u4e0e\u5176\u8bf4\u5199\u8fd9\u4e00\u672c\uff0c\u5012\u4e0d\u5982\u628a\u4e0a\u4e00\u672c\u7684\u7ed3\u5c3e\u56de\u7089\u91cd\u7ec3"}], "description": "\u661f\u6d77\u6f2b\u6e38\uff0c\u65f6\u7a7a\u7a7f\u68ad\uff0c\u673a\u68b0\u79d1\u6280\uff0c\u76ee\u6807\u662f\u672a\u77e5\u7684\u661f\u8fb0\u5927\u6d77\uff01", "title": "\u4e07\u754c\u6e38\u620f\u5546\u57ce", "url": "https://book.qidian.com/info/1011409820", "average": -1.0, "cover": "//qidian.qpic.cn/qdbimg/349573/1011409820/180", "reviews": -1, "authors": [{"url": "https://me.qidian.com/authorIndex.aspx?id=8143279", "name": "\u7eaf\u6d01\u5c0f\u5929\u4f7f"}], "type": ["\u79d1\u5e7b", "\u65f6\u7a7a\u7a7f\u68ad"], "outlinks": ["https://book.qidian.com/info/1011409820", "https://book.qidian.com/info/1009999768", "https://book.qidian.com/info/1009999768", "https://book.qidian.com/info/1011126786", "https://book.qidian.com/info/1011126786", "https://book.qidian.com/info/1010652335", "https://book.qidian.com/info/1010652335", "https://book.qidian.com/info/1003532668", "https://book.qidian.com/info/1003532668", "https://book.qidian.com/info/1010463703", "https://book.qidian.com/info/1010463703", "https://book.qidian.com/info/1010708287", "https://book.qidian.com/info/1010708287", "https://book.qidian.com/info/1003745565", "https://book.qidian.com/info/1003745565", "https://book.qidian.com/info/1011814764", "https://book.qidian.com/info/1011636462", "https://book.qidian.com/info/1012011143", "https://book.qidian.com/info/1011989615", "https://book.qidian.com/info/1011979302", "https://book.qidian.com/info/1011962232", "https://book.qidian.com/info/1012020634", "https://book.qidian.com/info/1011923738", "https://book.qidian.com/info/1012020834", "https://book.qidian.com/info/1011973977"]}