{"ratings": 0.0, "userreviews": [], "description": "\u3010\u7f51\u6587\u4e4b\u738b\u7384\u5e7b\u201cBOSS\u6d41\u201d\u5f81\u6587\u3011\u53c2\u8d5b\u4f5c\u54c1", "title": "\u4e07\u754c\u9f99\u8109\u5e1d\u5c0a", "url": "https://book.qidian.com/info/1011792249", "average": -1.0, "cover": "//qidian.qpic.cn/qdbimg/349573/1011792249/180", "reviews": -1, "authors": [{"url": "https://me.qidian.com/authorIndex.aspx?id=8142950", "name": "\u8700\u5dde\u4e09\u72fc"}], "type": ["\u7384\u5e7b", "\u4e1c\u65b9\u7384\u5e7b"], "outlinks": ["https://book.qidian.com/info/1011792249", "https://book.qidian.com/info/1011033516", "https://book.qidian.com/info/1011033516", "https://book.qidian.com/info/1011872953", "https://book.qidian.com/info/1011872953", "https://book.qidian.com/info/1011885200", "https://book.qidian.com/info/1011885200", "https://book.qidian.com/info/3394273", "https://book.qidian.com/info/3394273", "https://book.qidian.com/info/1006488029", "https://book.qidian.com/info/1006488029", "https://book.qidian.com/info/1010294552", "https://book.qidian.com/info/1010294552", "https://book.qidian.com/info/1004825776", "https://book.qidian.com/info/1004825776", "https://book.qidian.com/info/1009913670", "https://book.qidian.com/info/1009913670", "https://book.qidian.com/info/1010412146", "https://book.qidian.com/info/1010412146", "https://book.qidian.com/info/1011988403", "https://book.qidian.com/info/1009595922", "https://book.qidian.com/info/1011844784", "https://book.qidian.com/info/1011892497", "https://book.qidian.com/info/1011095320", "https://book.qidian.com/info/1011996851", "https://book.qidian.com/info/1011856434", "https://book.qidian.com/info/1011879207", "https://book.qidian.com/info/1011833256", "https://book.qidian.com/info/1011967674"]}