{"ratings": 0.0, "userreviews": [{"userName": "\u8bda\u5b9e\u706c\u5c0f\u72fc\u541b", "userReviewDate": "2017-02-27", "userURL": "https://my.qidian.com/user/141906773", "userReview": "\u9f99\u5957\u697c\uff0c\u6709\u5174\u8da3\u7684\u53ef\u4ee5\u5728\u91cc\u9762\u7559\u4e0b\u89d2\u8272\u540d\u548c\u8bbe\u5b9a\uff0c\u4f5c\u8005\u4f1a\u914c\u60c5\u4f7f\u7528\u54e6\u2026\u2026"}, {"userName": "\u4e5e\u4e10\u4e66\u8c1c", "userReviewDate": "6\u5c0f\u65f6\u524d", "userURL": "https://my.qidian.com/user/225603833", "userReview": "\u8fd9\u5e7f\u544a\u6253\u5f97\u591a\u6e9c\uff0c\u82cf\u5b81\u6613\u8d2d\u7ed9\u4f60\u591a\u5c11\u94b1\u3002\u6211\u5929\u732b\u7ed910\u500d[fn=10]"}, {"userName": "\u65e0\u7f18\u7684\u5b63\u8282", "userReviewDate": "15\u5c0f\u65f6\u524d", "userURL": "https://my.qidian.com/user/3593199", "userReview": "\u7b7e\u5230\u6697\u5ba4\u9022\u706f\u5730\u65b9\u7684"}, {"userName": "\u5175\u4e3bO\u86a9\u5c24", "userReviewDate": "\u6628\u65e510:27", "userURL": "https://my.qidian.com/user/227700846", "userReview": "35\u7ae0\u6709\u70b9\u626f\u6de1\u554a\uff0c\u4e3b\u89d2\u6709\u70b9\u5acc\u7591\u5c31\u88ab\u6293\u5230\u9996\u90fd\u53bb\u4e86\uff0c\u53c8\u662f\u98de\u673a\u53c8\u662f\u7279\u79cd\u5175\u7684\uff0c\u4e0d\u8981\u94b1\u5417\uff1f\u8981\u662f\u6211\u662f\u90a3"}, {"userName": "\u65e0\u7f18\u7684\u5b63\u8282", "userReviewDate": "2018-06-07", "userURL": "https://my.qidian.com/user/3593199", "userReview": "\u7b7e\u5230\u6c34\u7535\u8d39\u4e2a\u7684\u4e2a"}, {"userName": "\u65e0\u7f18\u7684\u5b63\u8282", "userReviewDate": "2018-06-06", "userURL": "https://my.qidian.com/user/3593199", "userReview": "\u5207\u5c14\u5947\u4e8c\u7fa4\u8bf7\u95ee\u5b8c\u5168\u4eba"}, {"userName": "\u653e\u9010\u55a7\u95f9", "userReviewDate": "2018-06-06", "userURL": "https://my.qidian.com/user/176903886", "userReview": "\u732a\u811a\u5728\u7535\u5f71\u91cc\u521a\u6740\u4e86\u4e27\u5c38\u4e00\u8eab\u4e27\u5c38\u8840\uff0c\u5c45\u7136\u8dd1\u73b0\u5b9e\u6765\u6d17\u6fa1\uff1f\u5e0c\u671b\u4e8c\u5341\u7ae0\u5185\u6709\u586b\u5751\uff0c\u5426\u5219\u8fd8\u662f\u5728\u7ee7\u7eed\u627e\u4e66"}, {"userName": "\u8ff7\u5931\u5728\u5730\u7403\u7684\u5916\u661f\u7efc\u5408\u8230", "userReviewDate": "2018-06-06", "userURL": "https://my.qidian.com/user/302095099", "userReview": "\ud83d\udc59\ud83d\udc59\ud83d\udc58\ud83d\udc59\ud83d\udc58\ud83d\udc58\ud83d\udc58\ud83d\udc58\ud83d\udc58"}, {"userName": "\u5a09\u9171", "userReviewDate": "2018-06-06", "userURL": "https://my.qidian.com/user/195071861", "userReview": "\u4eca\u5929\u770b\u5230\u56db\u767e\u4e00\u5341\u516b\u7ae0\u7684\u65f6\u5019\uff0c\u7a81\u7136\u53d1\u73b0\u79cb\u79cb\u8fd9\u4e2a\u5b69\u5b50\u7684\u620f\u4efd\u6709\u70b9\u8fc7\u591a\u4e86\uff0c\u6ca1\u5fcd\u4f4f\u53bb\u7ffb\u4e86\u7ed3\u5c40\uff1f\uff1f\uff1f\u6700"}, {"userName": "\u65e0\u7f18\u7684\u5b63\u8282", "userReviewDate": "2018-06-05", "userURL": "https://my.qidian.com/user/3593199", "userReview": "\u7b7e\u5230\u5b89\u629a\u6253\u7b97\u53cd\u5012\u662f\u7684"}, {"userName": "\u65e0\u7f18\u7684\u5b63\u8282", "userReviewDate": "2018-06-05", "userURL": "https://my.qidian.com/user/3593199", "userReview": "\u7b7e\u5230\u963f\u65af\u8482\u82ac\u6492\u7684\u6492"}, {"userName": "Blackemperor", "userReviewDate": "2018-06-05", "userURL": "https://my.qidian.com/user/225076405", "userReview": "\u4f5c\u8005\uff0c\u4e8b\u5b9e\u4e0a\u5bf9\u4e8e\u897f\u6e38\u5377\u6211\u4e00\u76f4\u6709\u53e5\u8bdd\u60f3\u8bf4\uff1a\u89c2\u97f3\u662f\u7537\u7684\uff0c\u53e4\u65f6\u4f5b\u6559\u5728\u5370\u5ea6\uff0c\u897f\u85cf\u89c2\u97f3\u4e00\u76f4\u662f\u7537\u6027\uff0c\u4f20"}, {"userName": "\u65e0\u7f18\u7684\u5b63\u8282", "userReviewDate": "2018-06-04", "userURL": "https://my.qidian.com/user/3593199", "userReview": "\u7b7e\u5230\u963f\u8428\u5fb7\u53cd\u5012\u662f \u653e"}, {"userName": "\u65e0\u7f18\u7684\u5b63\u8282", "userReviewDate": "2018-06-03", "userURL": "https://my.qidian.com/user/3593199", "userReview": "\u7b7e\u5230\u8428\u8fbe\u8428\u8fbe\u554a\u662f"}], "description": "\u91cd\u751f\u8fc7\u53bb\u3001\u7545\u60f3\u672a\u6765\u3001\u68a6\u5e7b\u73b0\u5b9e\uff0c\u518d\u5851\u4f20\u5947\u4eba\u751f\uff01", "title": "\u4e07\u754c\u6dd8\u5b9d\u5546", "url": "https://book.qidian.com/info/1003808158", "average": -1.0, "cover": "//qidian.qpic.cn/qdbimg/349573/1003808158/180", "reviews": -1, "authors": [{"url": "https://me.qidian.com/authorIndex.aspx?id=8404613", "name": "\u53f6\u6068\u6c34"}], "type": ["\u90fd\u5e02", "\u5f02\u672f\u8d85\u80fd", "\u4e8c\u6b21\u5143"], "outlinks": ["https://book.qidian.com/info/1003808158", "https://book.qidian.com/info/1010908372", "https://book.qidian.com/info/1010908372", "https://book.qidian.com/info/1010781736", "https://book.qidian.com/info/1010781736", "https://book.qidian.com/info/1010770013", "https://book.qidian.com/info/1010770013", "https://book.qidian.com/info/1009762620", "https://book.qidian.com/info/1009762620", "https://book.qidian.com/info/1010626574", "https://book.qidian.com/info/1010626574", "https://book.qidian.com/info/1010903770", "https://book.qidian.com/info/1010903770", "https://book.qidian.com/info/1011936212", "https://book.qidian.com/info/1011936212", "https://book.qidian.com/info/1011932150", "https://book.qidian.com/info/1012029544", "https://book.qidian.com/info/1012015699", "https://book.qidian.com/info/1012018201", "https://book.qidian.com/info/1011879101", "https://book.qidian.com/info/1011790606", "https://book.qidian.com/info/1011971435", "https://book.qidian.com/info/1009695534", "https://book.qidian.com/info/1011890878", "https://book.qidian.com/info/1010537314"]}