{"ratings": 0.0, "userreviews": [], "description": "\u5fc3\u6f6e\u6f8e\u6e43\uff0c\u65e0\u9650\u5e7b\u60f3\uff0c\u8fce\u98ce\u6325\u51fb\u5343\u5c42\u6d6a\uff0c\u5c11\u5e74\u4e0d\u8d25\u70ed\u8840\uff01", "title": "\u4e07\u754c\u826f\u5fc3\u5e97\u5bb6", "url": "https://book.qidian.com/info/1011827567", "average": -1.0, "cover": "//qidian.qpic.cn/qdbimg/349573/1011827567/180", "reviews": -1, "authors": [{"url": "https://me.qidian.com/authorIndex.aspx?id=401864532", "name": "\u5531\u7b14"}], "type": ["\u7384\u5e7b", "\u5f02\u4e16\u5927\u9646"], "outlinks": ["https://book.qidian.com/info/1011827567", "https://book.qidian.com/info/1010941545", "https://book.qidian.com/info/1010941545", "https://book.qidian.com/info/1011408726", "https://book.qidian.com/info/1011408726", "https://book.qidian.com/info/1010635438", "https://book.qidian.com/info/1010635438", "https://book.qidian.com/info/1011393312", "https://book.qidian.com/info/1011393312", "https://book.qidian.com/info/1011092329", "https://book.qidian.com/info/1011092329", "https://book.qidian.com/info/1011253172", "https://book.qidian.com/info/1011253172", "https://book.qidian.com/info/1011454156", "https://book.qidian.com/info/1011454156", "https://book.qidian.com/info/1011682873", "https://book.qidian.com/info/1011682873", "https://book.qidian.com/info/1011771234", "https://book.qidian.com/info/1011771234", "https://book.qidian.com/info/1011988403", "https://book.qidian.com/info/1009595922", "https://book.qidian.com/info/1011844784", "https://book.qidian.com/info/1011892497", "https://book.qidian.com/info/1011095320", "https://book.qidian.com/info/1011996851", "https://book.qidian.com/info/1011856434", "https://book.qidian.com/info/1011879207", "https://book.qidian.com/info/1011833256", "https://book.qidian.com/info/1011967674"]}