{"ratings": 0.0, "userreviews": [{"userName": "\u7075\u957f\u76ee\u85fb\u79d1", "userReviewDate": "2013-08-16", "userURL": "https://my.qidian.com/user/142221586", "userReview": "\u52a0\u6cb9"}, {"userName": "\u6de1\u8840\u63cf\u7ea2\u7709", "userReviewDate": "2013-08-13", "userURL": "https://my.qidian.com/user/131740132", "userReview": "[fn=1][fn=1][fn=1]\u7fa4\u591a\u5c11"}, {"userName": "\u7075\u957f\u76ee\u85fb\u79d1", "userReviewDate": "2013-08-08", "userURL": "https://my.qidian.com/user/142221586", "userReview": "\u5f88\u597d\u770b\uff0c\u6211\u633a\u4f60"}, {"userName": "\u5bc2\u5bde\u7687\u57ce", "userReviewDate": "2013-08-07", "userURL": "https://my.qidian.com/user/132749742", "userReview": "\u597d\u4e66\u4f5c\u8005\u52a0\u6cb9"}, {"userName": "\u9f99\u7fd4\u5347\u817e", "userReviewDate": "2018-05-19", "userURL": "https://my.qidian.com/user/225451153", "userReview": "\u7b7e\u5230\u52a0\u6cb9\u5427"}, {"userName": "\u7231\u8bfb\u4e66\u987d\u7ae5", "userReviewDate": "2017-11-20", "userURL": "https://my.qidian.com/user/215142876", "userReview": "\u6ca1\u60f3\u5230\uff0c\u5728\u8fd9\u65ee\u65ef\u91cc\u8fd8\u6709\u8fd9\u4e48\u597d\u7684\u4e66\uff0c\u4e0d\u7ba1\u4f5c\u8005\u5927\u5927\u4ec0\u4e48\u65f6\u5019\u4e0a\u4f20\uff0c\u6211\u4f1a\u628a\u6211\u6240\u6709\u6708\u7968\u6708\u7968\u63a8\u9009\u7968\u90fd\u7ed9"}], "description": "\u4fee\u4ed9\u89c5\u957f\u751f\uff0c\u70ed\u8840\u4efb\u900d\u9065\uff0c\u8e0f\u83b2\u66f3\u6ce2\u6da4\u5251\u9aa8\uff0c\u51ed\u865a\u5fa1\u98ce\u5851\u5723\u9b42\uff01", "title": "\u4e07\u7269\u98ce\u4e91", "url": "https://book.qidian.com/info/2913045", "average": -1.0, "cover": "//qidian.qpic.cn/qdbimg/349573/2913045/180", "reviews": -1, "authors": [{"url": "https://me.qidian.com/authorIndex.aspx?id=2967437", "name": "\u4e94\u5f69\u8d1d\u58f3"}], "type": ["\u4ed9\u4fa0", "\u5e7b\u60f3\u4fee\u4ed9"], "outlinks": ["https://book.qidian.com/info/2913045", "https://book.qidian.com/info/1009334165", "https://book.qidian.com/info/1009334165", "https://book.qidian.com/info/1009965674", "https://book.qidian.com/info/1009965674", "https://book.qidian.com/info/1010473765", "https://book.qidian.com/info/1010473765", "https://book.qidian.com/info/1010126921", "https://book.qidian.com/info/1010126921", "https://book.qidian.com/info/1010259609", "https://book.qidian.com/info/1010259609", "https://book.qidian.com/info/1009644217", "https://book.qidian.com/info/1009644217", "https://book.qidian.com/info/3451998", "https://book.qidian.com/info/3451998", "https://book.qidian.com/info/1003529728", "https://book.qidian.com/info/1003529728", "https://book.qidian.com/info/1004144120", "https://book.qidian.com/info/1004144120", "https://book.qidian.com/info/1011817068", "https://book.qidian.com/info/1011817068", "https://book.qidian.com/info/1010327039", "https://book.qidian.com/info/1012016027", "https://book.qidian.com/info/1011630501", "https://book.qidian.com/info/1012010192", "https://book.qidian.com/info/1011834598", "https://book.qidian.com/info/1011672705", "https://book.qidian.com/info/1011966835", "https://book.qidian.com/info/1011940680", "https://book.qidian.com/info/1011491390", "https://book.qidian.com/info/1011995376"]}