{"ratings": 0.0, "userreviews": [{"userName": "\u4ece\u4fd7\u4e36", "userReviewDate": "13\u5c0f\u65f6\u524d", "userURL": "https://my.qidian.com/user/223502465", "userReview": " \u4e0b\u4e00\u4e2a\u4e16\u754c\u8d85\u795e\uff1f"}, {"userName": "\u4e09\u51db", "userReviewDate": "16\u5c0f\u65f6\u524d", "userURL": "https://my.qidian.com/user/317097034", "userReview": "\u7b7e\u5230\u76d6\u5927\u697c"}, {"userName": "\u4e66\u53cb150215192917005", "userReviewDate": "\u6628\u65e511:40", "userURL": "https://my.qidian.com/user/200003053", "userReview": "\u6597\u7834\u80fd\u4e0d\u80fd\u5feb\u70b9\u6216\u8005\u4ee5\u540e\u518d\u6765\u554a"}, {"userName": "\u65e0\u98ce\u795e\u8c15", "userReviewDate": "2018-06-07", "userURL": "https://my.qidian.com/user/175439641", "userReview": "\u609f\u7a7a\uff0c\u662f\u6211\u628a\u4f60\u4ece\u77f3\u5934\u91cc\u8279\u51fa\u6765\u7684"}, {"userName": "\u5c0f\u841d\u8389\u839c", "userReviewDate": "2018-06-07", "userURL": "https://my.qidian.com/user/305147575", "userReview": "\u8fd9\u4e2a\u70b9\u51fb99\u4e07\u662f\u5565\u610f\u601d\u554a\uff01\u662f\u4e0d\u662f\u6c34\u519b\u70b9\u7684\u554a"}, {"userName": "\u4e91\u7ff3\u4fca\u5c11", "userReviewDate": "2018-06-07", "userURL": "https://my.qidian.com/user/212644126", "userReview": "\u6211\u521a\u770b\u5230\uff0c\u6253\u7b97\u517b\u4e2a2/300\u7ae0\u518d\u770b"}, {"userName": "\u4e00\u4e2a\u75af\u5b50\u7684\u65e5\u5e38\u706c", "userReviewDate": "2018-06-06", "userURL": "https://my.qidian.com/user/313056811", "userReview": "\u6293\u7d27\u66f4\u65b0  \u770b\u7740\u633a\u8212\u670d\u7684\uff01"}, {"userName": "\u5e73\u5934\u864e\u54e5", "userReviewDate": "2018-06-06", "userURL": "https://my.qidian.com/user/227894727", "userReview": "\u4e3b\u89d2\u662f\u51e0\u5c81\u7a7f\u8d8a\u7ed9\u4eba\u5f53\u7239\u7684\uff1f\u800c\u4e14\u6bcf\u672c\u4e66\u91cc\u7684\u6c14\u8fd0\u4e4b\u5b50\u90fd\u662f\u4eba\u751f\u8d62\u5bb6\uff01\u4e3b\u89d2\u7684\u4f5c\u7528\u4e5f\u5c31\u662f\u9526\u4e0a\u6dfb\u82b1\uff01"}, {"userName": "\u5e73\u8861\u5927\u5e1d", "userReviewDate": "2018-06-06", "userURL": "https://my.qidian.com/user/220085476", "userReview": "\u9a6c\u4e91\u8981\u62a2\u9a6c\u5316\u817e\u795e\u804c\u4e86\u662f\u5417\u3002"}, {"userName": "\u8bf6V\u7231", "userReviewDate": "2018-06-05", "userURL": "https://my.qidian.com/user/190937255", "userReview": "\u559c\u5f53\u7239\u7cfb\u7edf"}, {"userName": "\u7275\u5fc3\u5f15\u4e1d\u4f34\u957f\u79bb", "userReviewDate": "2018-06-05", "userURL": "https://my.qidian.com/user/315772810", "userReview": "\u6211\u6709\u4e2a\u95ee\u9898\uff0c\u4e3b\u89d2\u5462\uff0c\u662f\u7a7f\u8d8a\u5404\u4e2a\u4e16\u754c\u7ed9\u4e3b\u89d2\u5f53\u7239\uff0c\u4f46\u8981\u662f\u4eba\u5bb6\u8001\u5a46\u6ca1\u6b7b\u7684\u4e16\u754c\u5462\uff1f\u662f\uff1a\u6c5d\u4e4b\u59bb\u5b50\u5514\u517b"}, {"userName": "\u83dc\u9e1fV", "userReviewDate": "2018-06-04", "userURL": "https://my.qidian.com/user/3534041", "userReview": "\u4e3b\u89d2\u8fd9\u662f\u6ca1\u770b\u8fc7\u6597\u7834\u5427\uff0c\u8001\u662f\u5927\u60ca\u5c0f\u602a\uff5e\uff5e\u9664\u975e\u4f5c\u8005\u518d\u6b21\u4e8c\u8bbe\uff0c\u4e0d\u7136\u6309\u6597\u7834\u4e66\u91cc\uff0c\u534a\u90e8\u6597\u5e1d\u5df2\u7ecf\u6a2a\u63a8\u4e86"}, {"userName": "\u5446\u5446\u7684\u9c7c\u4e0e\u96e8", "userReviewDate": "2018-06-03", "userURL": "https://my.qidian.com/user/216198837", "userReview": "\u4e0d\u725b\u903c\uff0c\u6211\u8981\u4e00\u4e2a\u54cd\u6307\uff0c\u745e\u5178\u592a\u541b\u6b7b\u5149\u5149\u90a3\u79cd"}, {"userName": "\u7130\u5f71\u9038\u98ce", "userReviewDate": "2018-06-03", "userURL": "https://my.qidian.com/user/106606338", "userReview": "\u65e5\u5e38\u4efb\u52a1\u7b7e\u5230"}], "description": "\u30102018\u4e8c\u6b21\u5143\u590f\u65e5\u796d\u5f81\u6587\u3011\u53c2\u8d5b\u4f5c\u54c1", "title": "\u4e07\u754c\u4e4b\u6700\u5f3a\u8001\u7239", "url": "https://book.qidian.com/info/1011973264", "average": -1.0, "cover": "//qidian.qpic.cn/qdbimg/349573/1011973264/180", "reviews": -1, "authors": [{"url": "https://me.qidian.com/authorIndex.aspx?id=402334474", "name": "\u6668\u5b89\u672a\u89c1"}], "type": ["\u4e8c\u6b21\u5143", "\u884d\u751f\u540c\u4eba", "\u4e8c\u6b21\u5143"], "outlinks": ["https://book.qidian.com/info/1011973264", "https://book.qidian.com/info/1010663229", "https://book.qidian.com/info/1010663229", "https://book.qidian.com/info/1006609070", "https://book.qidian.com/info/1006609070", "https://book.qidian.com/info/1004936150", "https://book.qidian.com/info/1004936150", "https://book.qidian.com/info/1011065588", "https://book.qidian.com/info/1011065588", "https://book.qidian.com/info/1010232459", "https://book.qidian.com/info/1010232459", "https://book.qidian.com/info/1011488188", "https://book.qidian.com/info/1011488188", "https://book.qidian.com/info/1011443057", "https://book.qidian.com/info/1011977706", "https://book.qidian.com/info/1011970575", "https://book.qidian.com/info/1011722301", "https://book.qidian.com/info/1012058179", "https://book.qidian.com/info/1010868275", "https://book.qidian.com/info/1012020887", "https://book.qidian.com/info/1011904081"]}