{"ratings": 0.0, "userreviews": [{"userName": "iejux55", "userReviewDate": "\u6628\u65e509:44", "userURL": "https://my.qidian.com/user/3967135", "userReview": "\u770b\u4e86\u51e0\u5f20,\u5f00\u5934\u8fd8\u597d,\u4e0d\u8fc7\u5199\u7684\u592a\u7ec6,\u592a\u6c34\u4e86."}, {"userName": "\u795e\u79d8\u7ec4\u7ec7\u56e2\u957f", "userReviewDate": "2018-06-04", "userURL": "https://my.qidian.com/user/202619615", "userReview": "\u4e0d\u77e5\u9053\u7b97\u4e0d\u7b97\uff0c\u6211\u597d\u50cf\u542c\u8bf4\u8fc7\u4eba\u5728\u788e\u89c9\u7684\u65f6\u5019\u4e0d\u7ba1\u662f\u505a\u597d\u68a6\u8fd8\u662f\u5669\u68a6\u90fd\u662f\u7761\u7720\u8d28\u91cf\u4e0d\u597d\u7684\u8868\u73b0\uff0c\u6240\u4ee5\u54ea"}, {"userName": "\u4e66\u53cb20171001090559137", "userReviewDate": "2018-06-04", "userURL": "https://my.qidian.com/user/308858376", "userReview": "\u984c\u6750\u4e0d\u932f\uff0c\u5b57\u6578\u4e5f\u5920\u591a\u3002 \u611f\u89ba\u4e0a\u672a\u4f86\u767c\u5c55\u4e5f\u5f88\u4e0d\u932f\u3002\u5c31\u53ea\u662f\u4e0d\u559c\u6b61\uff0c\u6703\u8b1b\u8a71\u7684\u7cfb\u7d71\uff0c\u7cfb\u7d71\u624d\u662f\u771f\u4e3b\u89d2"}, {"userName": "\u5bfb\u89c5\u4f60\u83b2", "userReviewDate": "2018-05-29", "userURL": "https://my.qidian.com/user/197194824", "userReview": "\u4f5c\u8005\u7a76\u7adf\u6709\u591a\u7231\u62b1\u6795\u5440\uff0c\u6574\u7bc7\u7b80\u4ecb\u90fd\u662f\u62b1\u6795\uff01"}], "description": "\u91cd\u751f\u8fc7\u53bb\u3001\u7545\u60f3\u672a\u6765\u3001\u68a6\u5e7b\u73b0\u5b9e\uff0c\u518d\u5851\u4f20\u5947\u4eba\u751f\uff01", "title": "\u4e07\u7269\u5f3a\u5316\u7cfb\u7edf", "url": "https://book.qidian.com/info/1011989211", "average": -1.0, "cover": "//qidian.qpic.cn/qdbimg/349573/1011989211/180", "reviews": -1, "authors": [{"url": "https://me.qidian.com/authorIndex.aspx?id=402332382", "name": "\u5929\u751f\u7684\u9e3d\u5b50"}], "type": ["\u90fd\u5e02", "\u90fd\u5e02\u751f\u6d3b"], "outlinks": ["https://book.qidian.com/info/1011989211", "https://book.qidian.com/info/1011311347", "https://book.qidian.com/info/1011311347", "https://book.qidian.com/info/1011635364", "https://book.qidian.com/info/1011635364", "https://book.qidian.com/info/1011103540", "https://book.qidian.com/info/1011103540", "https://book.qidian.com/info/1010961566", "https://book.qidian.com/info/1010961566", "https://book.qidian.com/info/1003642662", "https://book.qidian.com/info/1003642662", "https://book.qidian.com/info/1010026121", "https://book.qidian.com/info/1010026121", "https://book.qidian.com/info/1011932150", "https://book.qidian.com/info/1012029544", "https://book.qidian.com/info/1012015699", "https://book.qidian.com/info/1012018201", "https://book.qidian.com/info/1011879101", "https://book.qidian.com/info/1011790606", "https://book.qidian.com/info/1011971435", "https://book.qidian.com/info/1009695534", "https://book.qidian.com/info/1011890878", "https://book.qidian.com/info/1010537314"]}