{"ratings": 0.0, "userreviews": [{"userName": "\u4e00\u4e2a\u5927\u80d6\u7eb8", "userReviewDate": "2018-05-19", "userURL": "https://my.qidian.com/user/213126767", "userReview": "\u6765\u6765  \u6765\uff0c\u59dc\u767d\u7c89\u4e1d\u56e2\uff0c\u767d\u7c89\u7b7e\u5230\u697c\uff01\uff01"}, {"userName": "\u4e66\u53cb20171110000125305", "userReviewDate": "2018-04-08", "userURL": "https://my.qidian.com/user/310479598", "userReview": "\u5176\u5b9e\u6211\u4eec\u73b0\u5b9e\u4e16\u754c\u4e2d\u7684\u90a3\u4e9b\u201c\u795e\u201d\u5267\u5176\u5b9e\u5c31\u662f\u5e7f\u7535\u88ab\u7cfb\u7edf\u50ac\u7720\u901a\u8fc7\u7684\u5ba1\u67e5\uff0c\u90a3\u4e9b\u795e\u5267\u732a\u811a\u4e4b\u6240\u4ee5\u90a3\u4e48\u540a"}, {"userName": "\u840c3333", "userReviewDate": "2018-03-23", "userURL": "https://my.qidian.com/user/311687919", "userReview": "\u5404\u4f4d\u770b\u5b98\u8001\u7237\uff0c\u8ba8\u538c\uff0c\u522b\u517b\u4e86\u5566\uff01\u73b0\u572824\u5c0f\u65f6\u8ba2\u9605\u4e0d\u8db3800\uff0c\u5f80\u540e\u4f30\u8ba1\u5343\u94a7\u90fd\u56f0\u96be\u3002\u770b\u7740\u5982\u6b64\u60e8\u6de1"}, {"userName": "\u5815\u843d\u7684\u9cc4\u9c7c", "userReviewDate": "13\u5c0f\u65f6\u524d", "userURL": "https://my.qidian.com/user/7239013", "userReview": "\u4ece\u7b80\u4ecb\u6765\u770b\uff0c\u8ddf\u8bf7\u56de\u7b54\u706b\u5f71\u4e00\u4e2a\u5957\u8def\uff0c\u6211\u53bb\u8bd5\u6bd2\uff0c\u5982\u679c\u6211\u6ca1\u6709\u56de\u6765\uff0c\u8bf7\u8bf8\u4f4d\u4e0a\u4e2a\u9999\uff01"}, {"userName": "\u4e66\u53cb20170518070252888", "userReviewDate": "2018-06-02", "userURL": "https://my.qidian.com/user/301903523", "userReview": "\u70c2\u5c3emmp"}, {"userName": "\u4e66\u53cb180305105719639", "userReviewDate": "2018-05-27", "userURL": "https://my.qidian.com/user/314265916", "userReview": "140\u7ae0\u90a3\u4e2a\u64cd\u6587\u658c\u662f\u4ec0\u4e48\u9b3c\uff1f\u6211\u53eb\u8881\u6587\u658c,,,,,,"}, {"userName": "\u5723\u8042", "userReviewDate": "2018-05-27", "userURL": "https://my.qidian.com/user/211299549", "userReview": "\u6211\u624d\u770b\u5230\u7b2c\u4e09\u7ae0\u6709\u6bd2\u7b2c\u4e00\u6bd2\u7f8e\u5973\u623f\u4e1c\u3002\u7b2c\u4e8c\u770b\u5149\u4e86\u623f\u4e1c\u7684\u4e0a\u534a\u8eab\uff0c\u623f\u4e1c\u53bb\u6536\u79df\u4e3b\u89d2\u9690\u8eab\u7f8e\u5973\u623f\u4e1c\u76f4\u63a5\u5728"}, {"userName": "\u6218\u5929666", "userReviewDate": "2018-05-25", "userURL": "https://my.qidian.com/user/311372774", "userReview": "\u4f5c\u8005\u77ed\u5c0f\u65e0\u529b\n"}, {"userName": "\u4e13\u70e4\u9e1f\u4eba", "userReviewDate": "2018-05-25", "userURL": "https://my.qidian.com/user/154560073", "userReview": "Mmp\uff0c\u6362\u7b49\u7740\u770b\u90fd\u5e02\u7684\uff0c\u7ed3\u679c\u4e0b\u9762\u6ca1\u4e86\u3002"}, {"userName": "\u4e13\u70e4\u9e1f\u4eba", "userReviewDate": "2018-05-24", "userURL": "https://my.qidian.com/user/154560073", "userReview": "\u8fd8\u662f\u90fd\u5e02\u6709\u610f\u601d\uff0c\u6211\u90fd\u662f\u8df3\u7740\u770b\u90fd\u5e02\u7684[fn=10]"}, {"userName": "shi\u3043\u754c", "userReviewDate": "2018-05-21", "userURL": "https://my.qidian.com/user/210835544", "userReview": "\u55ef\uff0c\u597d\u77ed\uff0c\u4e0d\u8fc7\u7ed3\u5c3e\u5f97\u4e0d\u9519\uff0c"}, {"userName": "\u5239\u90a3\u5669\u68a6", "userReviewDate": "2018-05-21", "userURL": "https://my.qidian.com/user/134361163", "userReview": "\u70c2\u5c3e\u4e86\u2026\u2026"}, {"userName": "1\u89c2\u8005", "userReviewDate": "2018-05-21", "userURL": "https://my.qidian.com/user/220938767", "userReview": "\u4f5c\u8005\u597d\u77ed\u554a"}, {"userName": "\u8fc2\u8150S", "userReviewDate": "2018-05-20", "userURL": "https://my.qidian.com/user/186791271", "userReview": "\u8fd9\u7b80\u4ecb \u8bf7\u56de\u7b54\u706b\u5f71\uff1f\n"}], "description": "\u661f\u6d77\u6f2b\u6e38\uff0c\u65f6\u7a7a\u7a7f\u68ad\uff0c\u673a\u68b0\u79d1\u6280\uff0c\u76ee\u6807\u662f\u672a\u77e5\u7684\u661f\u8fb0\u5927\u6d77\uff01", "title": "\u4e07\u754c\u4e3b\u4eba\u516c", "url": "https://book.qidian.com/info/1010996947", "average": -1.0, "cover": "//qidian.qpic.cn/qdbimg/349573/1010996947/180", "reviews": -1, "authors": [{"url": "https://me.qidian.com/authorIndex.aspx?id=401500906", "name": "\u840c\u95ea\u95ea"}], "type": ["\u79d1\u5e7b", "\u65f6\u7a7a\u7a7f\u68ad"], "outlinks": ["https://book.qidian.com/info/1010996947", "https://book.qidian.com/info/1010242566", "https://book.qidian.com/info/1010242566", "https://book.qidian.com/info/1005829052", "https://book.qidian.com/info/1005829052", "https://book.qidian.com/info/1009352060", "https://book.qidian.com/info/1009352060", "https://book.qidian.com/info/1010378998", "https://book.qidian.com/info/1010378998", "https://book.qidian.com/info/1010563262", "https://book.qidian.com/info/1010563262", "https://book.qidian.com/info/1009243008", "https://book.qidian.com/info/1009243008", "https://book.qidian.com/info/1012052075", "https://book.qidian.com/info/1012052075", "https://book.qidian.com/info/1011814764", "https://book.qidian.com/info/1011636462", "https://book.qidian.com/info/1012011143", "https://book.qidian.com/info/1011989615", "https://book.qidian.com/info/1011979302", "https://book.qidian.com/info/1011962232", "https://book.qidian.com/info/1012020634", "https://book.qidian.com/info/1011923738", "https://book.qidian.com/info/1012020834", "https://book.qidian.com/info/1011973977"]}