{"ratings": 0.0, "userreviews": [{"userName": "misakamakoto", "userReviewDate": "4\u5c0f\u65f6\u524d", "userURL": "https://my.qidian.com/user/187918744", "userReview": "\ud83d\ude02\u8bc4\u8bba\u533a\u770b\u7684\u6211\u4e00\u8138\u61f5\u903c\uff0c\u4e66\u8352\u7684\u65f6\u5019\uff0c\u6211\u5bf9\u5408\u7406\u6027\u6ca1\u6709\u90a3\u4e48\u9ad8\u8981\u6c42\uff0c\u53ea\u8981\u6587\u7b14\u8fd8\u8fc7\u5f97\u53bb\uff0c\u5267\u60c5\u4e0d\u9f99\u50b2"}, {"userName": "\u9f8d\u5929\u540d\u593a", "userReviewDate": "9\u5c0f\u65f6\u524d", "userURL": "https://my.qidian.com/user/188987943", "userReview": "\u770b\u4e86\u4e24\u767e\u6765\u7ae0\u4e86\uff0c\u8fd9\u4e9b\u6280\u672f\u56fd\u5bb6\u5c45\u7136\u6ca1\u6d3e\u4eba\u5408\u4f5c\u8fd9\u57fa\u672c\u4e0d\u592a\u79d1\u5b66[fn=10]"}, {"userName": "\u81e3\u7368\u79c0", "userReviewDate": "11\u5c0f\u65f6\u524d", "userURL": "https://my.qidian.com/user/316303759", "userReview": "2\uff1a21     \u7559     \u6253\u6392\u4f4d\u8fde\u8f93\u4e94\u5c40\u6211\u9700\u8981\u51b7\u9759\u4e00\u4e0b\uff0c"}, {"userName": "\u5403\u8349\u7684\u9a86\u9a7c", "userReviewDate": "15\u5c0f\u65f6\u524d", "userURL": "https://my.qidian.com/user/215388806", "userReview": "\u633a\u6709\u8da3\u7684\uff0c\u6bcf\u5929\u770b\u770b\uff0c\u6d88\u78e8\u70b9\u65f6\u95f4\uff0c\u5f00\u5fc3\u4e00\u4e0b\uff0c\u5f88\u597d\u554a\u3002\u975e\u5f97\u6311\u8fd9\u6bdb\u75c5\u6311\u90a3\u6bdb\u75c5\u7684\uff0c\u6d3b\u7684\u7d2f\u4e0d\u7d2f\u3002\u8d77\u70b9"}, {"userName": "\u5c0f\u8bf4\u54c1\u9274\u5bb6", "userReviewDate": "18\u5c0f\u65f6\u524d", "userURL": "https://my.qidian.com/user/11619017", "userReview": "\u6240\u4ee5\u4e66\u540d\u4e0d\u5e94\u8be5\u53eb\u4e07\u754c\uff0c\u5e94\u8be5\u53eb\u7f8e\u6f2b\u9ed1\u79d1\u6280"}, {"userName": "\u5415\u5929\u867e13610", "userReviewDate": "22\u5c0f\u65f6\u524d", "userURL": "https://my.qidian.com/user/316863985", "userReview": "\u7b7e\u5230\u7b7e\u5230\u4e2a"}, {"userName": "\u90fd\u5929\u5c06", "userReviewDate": "\u6628\u65e500:02", "userURL": "https://my.qidian.com/user/220932928", "userReview": "\u770b\u7740\u4e66\u9762\uff0c\u6211\u51b3\u5b9a\u770b\u770b'"}, {"userName": "\u96e8\u540e\u5929\u6daf\u4eba", "userReviewDate": "\u6628\u65e500:02", "userURL": "https://my.qidian.com/user/214675264", "userReview": "bhjbvjj"}, {"userName": "\u601d\u516b\u683c\u5927\u5e1d", "userReviewDate": "2018-06-07", "userURL": "https://my.qidian.com/user/219898792", "userReview": "\u770b\u5230\u4e8640\u7ae0\uff0c\u6ca1\u611f\u89c9\u5230\u723d\u611f\uff0c"}, {"userName": "\u6273\u624b\u90fd\u4fee\u574f", "userReviewDate": "2018-06-07", "userURL": "https://my.qidian.com/user/161850940", "userReview": "\u522b\u592a\u8f83\u771f\u804a\u5929\u7fa4\u91cc\u7684\u5927\u4f6c\u4e3a\u5565\u90a3\u4e48\u65e0\u79c1\uff0c\u4e5f\u522b\u53bb\u8f83\u771f\u5f88\u5feb\u5f04\u51fa\u79d1\u6280\u6210\u679c\u662f\u4e0d\u662f\u5408\u7406\u3002\u8fd9\u672c\u4e66\u8fd8\u662f\u4e0d\u9519\u7684"}, {"userName": "\u6e05\u98ce\u4f55\u5904\u4e0d\u4e3a\u4ec1", "userReviewDate": "2018-06-07", "userURL": "https://my.qidian.com/user/300151411", "userReview": "\u4f1a\u6210\u957f\u7684\u4eba\u5de5\u667a\u80fd\u4f1a\u4e0d\u4f1a\u6709\u60c5\u7eea\u554a"}, {"userName": "\u9f99\u708e\u7834\u90aa", "userReviewDate": "2018-06-06", "userURL": "https://my.qidian.com/user/134010275", "userReview": "\u8fd9\u7b80\u4ecb\u3002\u3002\u3002\u3002\u3002\u597d\u8822"}, {"userName": "\u9189\u8ff7\u60d8", "userReviewDate": "2018-06-06", "userURL": "https://my.qidian.com/user/187600504", "userReview": "\u7ea2\u540e\u5462\uff01\uff01\uff01"}, {"userName": "\u5408\u8eab\u5929\u9053", "userReviewDate": "2018-06-06", "userURL": "https://my.qidian.com/user/216922479", "userReview": "\u770b\u4e86\u4e09\u5341\u7ae0\uff0c\u53d1\u73b0\u6bd2\u70b9\uff0c\u4f60\u8bf4\u4f60\u597d\u6b79\u4e5f\u662f\u4e2a\u6709\u4e86\u4e07\u754c\u79d1\u6280\u7fa4\u7684\u7fa4\u4e3b\uff0c\u4f60\u7684\u8111\u5b50\u9664\u4e86\u53d1\u8d22\u548c\u6ce1\u599e\u5c31\u6ca1\u522b\u7684"}], "description": "\u91cd\u751f\u8fc7\u53bb\u3001\u7545\u60f3\u672a\u6765\u3001\u68a6\u5e7b\u73b0\u5b9e\uff0c\u518d\u5851\u4f20\u5947\u4eba\u751f\uff01", "title": "\u4e07\u754c\u9ed1\u79d1\u6280\u804a\u5929\u7fa4", "url": "https://book.qidian.com/info/1010903770", "average": -1.0, "cover": "//qidian.qpic.cn/qdbimg/349573/1010903770/180", "reviews": -1, "authors": [{"url": "https://me.qidian.com/authorIndex.aspx?id=401397712", "name": "\u706b\u6d1e"}], "type": ["\u90fd\u5e02", "\u90fd\u5e02\u751f\u6d3b"], "outlinks": ["https://book.qidian.com/info/1010903770", "https://book.qidian.com/info/1009461751", "https://book.qidian.com/info/1009461751", "https://book.qidian.com/info/1009845993", "https://book.qidian.com/info/1009845993", "https://book.qidian.com/info/1010109879", "https://book.qidian.com/info/1010109879", "https://book.qidian.com/info/1009399902", "https://book.qidian.com/info/1009399902", "https://book.qidian.com/info/1005129427", "https://book.qidian.com/info/1005129427", "https://book.qidian.com/info/1009710728", "https://book.qidian.com/info/1009710728", "https://book.qidian.com/info/1011932150", "https://book.qidian.com/info/1012029544", "https://book.qidian.com/info/1012015699", "https://book.qidian.com/info/1012018201", "https://book.qidian.com/info/1011879101", "https://book.qidian.com/info/1011790606", "https://book.qidian.com/info/1011971435", "https://book.qidian.com/info/1009695534", "https://book.qidian.com/info/1011890878", "https://book.qidian.com/info/1010537314"]}