{"ratings": 0.0, "userreviews": [{"userName": "Only\u591c\u5bb8", "userReviewDate": "2018-04-20", "userURL": "https://my.qidian.com/user/309274261", "userReview": "\u76d6\u4e2a\u7b7e\u5230\u697c\uff08\u4e3a\u4e86\u4f5c\u8005\u7248\u9762\u7684\u6574\u6d01\uff0c\u8bf7\u4f17\u4f4d\u4e66\u53cb\u5728\u6b64\u697c\u7b7e\u5230[fn=2][fn=2][fn=2]\uff09"}, {"userName": "\u5e03\u8863\u5c0f\u5e08\u5f1f", "userReviewDate": "2018-03-01", "userURL": "https://my.qidian.com/user/220607554", "userReview": "\u5e03\u8863\u5c0f\u5e08\u5f1f\u6253\u8d4f\u5154\u5b50\u6765\u4e86 100000\u8d77\u70b9\u5e01  \u8fd9\u672c\u4e66\u5199\u7684\u592a\u597d\u4e86,\u7292\u52b3\u4e00\u4e0b\u5e0c\u671b\u540e\u7eed\u66f4\u7cbe\u5f69!"}, {"userName": "\u91d1\u6a58\u604b", "userReviewDate": "2017-12-11", "userURL": "https://my.qidian.com/user/114941139", "userReview": "\u91d1\u6a58\u604b\u6253\u8d4f\u5154\u5b50\u6765\u4e86 100000\u8d77\u70b9\u5e01  \u8fd9\u672c\u4e66\u5199\u7684\u592a\u597d\u4e86,\u7292\u52b3\u4e00\u4e0b\u5e0c\u671b\u540e\u7eed\u66f4\u7cbe\u5f69!"}, {"userName": "\u559c\u7231\u770b\u4e66\u7684\u6770\u54e5", "userReviewDate": "2017-11-26", "userURL": "https://my.qidian.com/user/217812313", "userReview": "\u4ece\u770b\u4f60\u7b2c\u4e00\u672c\u4e66\u5927\u795e\u6212\u5230\u73b0\u5728\uff0c2\u5e74\u591a\u8fc7\u53bb\u4e86\u554a\uff0c\u65f6\u95f4\u8fc7\u5f97\u771f\u5feb"}, {"userName": "\u4e0d\u60f3\u7528\u6570\u5b57", "userReviewDate": "2\u5c0f\u65f6\u524d", "userURL": "https://my.qidian.com/user/20509596", "userReview": "\u8fd9\u672c\u4e66\u7684\u91d1\u624b\u6307\u662f\u4ec0\u4e48\uff1f"}, {"userName": "\u4e66\u53cb20171022101222771", "userReviewDate": "3\u5c0f\u65f6\u524d", "userURL": "https://my.qidian.com/user/309808603", "userReview": "\u7b7e\u5230\u6c34\u7ecf\u9a8c"}, {"userName": "guanyue1111", "userReviewDate": "13\u5c0f\u65f6\u524d", "userURL": "https://my.qidian.com/user/194524201", "userReview": "\u6211\u662f\u795e\u519c\uff0c\u6211\u6765\u8bd5\u6bd2\u4e86\u2026\u2026\u2026\u2026\u5267\u6bd2\uff01\uff01\uff01\uff01"}, {"userName": "\u65e0\u540d\u5c0f\u5352\u4ed6\u7239", "userReviewDate": "15\u5c0f\u65f6\u524d", "userURL": "https://my.qidian.com/user/215849130", "userReview": "\u7b7e\u5230\u6c34\u7ecf\u9a8c"}, {"userName": "\u4e3a\u4e86\u5979\u7684\u7b11\u5bb9\u727a\u7272\u4e5f\u6ca1\u5173\u7cfb", "userReviewDate": "\u6628\u65e513:08", "userURL": "https://my.qidian.com/user/227544082", "userReview": "\u4f30\u8ba1\u81f3\u5c11\u51e0\u5343\u7ae0"}, {"userName": "\u4e66\u53cb20171022101222771", "userReviewDate": "\u6628\u65e510:20", "userURL": "https://my.qidian.com/user/309808603", "userReview": "\u7b7e\u5230\u6c34\u7ecf\u9a8c"}, {"userName": "\u65e0\u540d\u5c0f\u5352\u4ed6\u7239", "userReviewDate": "\u6628\u65e500:50", "userURL": "https://my.qidian.com/user/215849130", "userReview": "\u7b7e\u5230\u6c34\u7ecf\u9a8c"}, {"userName": "\u4e66\u53cb161112173356686", "userReviewDate": "2018-06-07", "userURL": "https://my.qidian.com/user/225460089", "userReview": "\u63a8\u8350\u4fee\u4ed9\u795e\u4f5c\uff0c\u300a\u51e1\u4eba\u4fee\u4ed9\u4f20\u300b\u2026\u2026\u2026\u2026\u2026\u2026\u2026\u2026\uff0c\u63a8\u8350\u79d1\u5e7b\u795e\u4f5c\uff0c\u300a\u5b8c\u7f8e\u5f62\u6001\u300b\u2026\u2026\u2026\u2026\u2026\u2026\u2026\u2026\u2026"}, {"userName": "\u4e66\u53cb151025195558280", "userReviewDate": "2018-06-07", "userURL": "https://my.qidian.com/user/213041987", "userReview": "\u7b7e\u5230\u6c34\u6676\u708e\uff01"}, {"userName": "\u4e66\u53cb20171022101222771", "userReviewDate": "2018-06-07", "userURL": "https://my.qidian.com/user/309808603", "userReview": "\u7b7e\u5230\u6df7\u7ecf\u9a8c"}], "description": "\u8086\u610f\u6325\u6d12\u6fc0\u60c5\u7684\u6e38\u620f\u4eba\u751f\uff0c\u6253\u7834\u73b0\u5b9e\u6846\u67b6\u7684\u65e0\u5c3d\u5e7b\u60f3\uff01", "title": "\u4e07\u754c\u767b\u9646", "url": "https://book.qidian.com/info/1010702972", "average": -1.0, "cover": "//qidian.qpic.cn/qdbimg/349573/1010702972/180", "reviews": -1, "authors": [{"url": "https://me.qidian.com/authorIndex.aspx?id=4266624", "name": "\u5154\u5b50\u6765\u4e86"}], "type": ["\u6e38\u620f", "\u6e38\u620f\u5f02\u754c"], "outlinks": ["https://book.qidian.com/info/1010702972", "https://book.qidian.com/info/1009894690", "https://book.qidian.com/info/1009894690", "https://book.qidian.com/info/1009795401", "https://book.qidian.com/info/1009795401", "https://book.qidian.com/info/1007093288", "https://book.qidian.com/info/1007093288", "https://book.qidian.com/info/1009266172", "https://book.qidian.com/info/1009266172", "https://book.qidian.com/info/1005005822", "https://book.qidian.com/info/1005005822", "https://book.qidian.com/info/1010707468", "https://book.qidian.com/info/1010707468", "https://book.qidian.com/info/3382549", "https://book.qidian.com/info/3382549", "https://book.qidian.com/info/1001758873", "https://book.qidian.com/info/1001758873", "https://book.qidian.com/info/1003243719", "https://book.qidian.com/info/1003243719", "https://book.qidian.com/info/1011944539", "https://book.qidian.com/info/1011967882", "https://book.qidian.com/info/1011856614", "https://book.qidian.com/info/1011979301", "https://book.qidian.com/info/1010667415", "https://book.qidian.com/info/1011736169", "https://book.qidian.com/info/1011797289", "https://book.qidian.com/info/1011808514", "https://book.qidian.com/info/1011901619", "https://book.qidian.com/info/1011962316"]}