{"ratings": 0.0, "userreviews": [{"userName": "\u4e28\u706cSoul\u4e36\u6b87\u795e", "userReviewDate": "2018-05-21", "userURL": "https://my.qidian.com/user/105063760", "userReview": "\u4e28\u706cSoul\u4e36\u6b87\u795e\u6253\u8d4f\u8840\u7ea2 1000000\u8d77\u70b9\u5e01  \u8fd9\u672c\u4e66\u592a\u68d2\u4e86\uff0c\u7292\u52b3\u4e00\u4e0b\uff0c\u5e0c\u671b\u540e\u7eed\u66f4\u52a0\u7cbe"}, {"userName": "\u6e05\u96e8\u51c9\u57ce\u5bfb\u53e4\u9053", "userReviewDate": "2018-04-13", "userURL": "https://my.qidian.com/user/138657129", "userReview": "\u6e05\u96e8\u51c9\u57ce\u5bfb\u53e4\u9053\u6253\u8d4f\u8840\u7ea2 100000\u8d77\u70b9\u5e01  \u5929\u82b1\u4e71\u5760\uff0c\u611f\u52a8\u6d95\u96f6\uff0c\u5148\u751f\u4e4b\u624d\u5f53\u53d7\u6b64\u8d4f\uff01\u66f4\u65b0\u4e0d"}, {"userName": "\u4e28\u706cSoul\u4e36\u6b87\u795e", "userReviewDate": "2017-10-13", "userURL": "https://my.qidian.com/user/105063760", "userReview": "\u4e28\u706cSoul\u4e36\u6b87\u795e\u6253\u8d4f\u8840\u7ea2 1000000\u8d77\u70b9\u5e01  \u5fc3\u6f6e\u6f8e\u6e43\uff0c\u76f8\u89c1\u6068\u665a\uff0c\u767e\u4e07\u867d\u5de8\uff0c\u4ea6\u96be\u8868\u543e"}, {"userName": "\u70df\u7070\u9eef\u7136\u8dcc\u843d", "userReviewDate": "2017-09-04", "userURL": "https://my.qidian.com/user/106690213", "userReview": "\u70df\u7070\u9eef\u7136\u8dcc\u843d\u6253\u8d4f\u8840\u7ea2 1000000\u8d77\u70b9\u5e01  \u8fd9\u672c\u4e66\u5199\u7684\u592a\u597d\u4e86,\u7292\u52b3\u4e00\u4e0b\u5e0c\u671b\u540e\u7eed\u66f4\u7cbe\u5f69!"}, {"userName": "\u5fc3\u6000\u5927\u80f8\u7684\u7537\u4eba", "userReviewDate": "2\u5c0f\u65f6\u524d", "userURL": "https://my.qidian.com/user/225128908", "userReview": "\u8840\u7ea2\u7684\u4e66\u771f\u7684\u9000\u6b65\u4e86\u597d\u591a\u554a\uff01\u5047\u5927\u7a7a\uff01\u4ee5\u524d\u7684\u5347\u9f99\u9053\uff0c\u5deb\u9882\u662f\u795e\u4f5c\uff0c\u73b0\u5728\u7684\u4e66\uff0c\u4e0d\u597d\u8bc4\u4ef7\u4e86"}, {"userName": "guotong", "userReviewDate": "5\u5c0f\u65f6\u524d", "userURL": "https://my.qidian.com/user/638160", "userReview": "\u7b7e\u5230\u6c34\u7ecf\u9a8c"}, {"userName": "Hqwhyy", "userReviewDate": "8\u5c0f\u65f6\u524d", "userURL": "https://my.qidian.com/user/157461537", "userReview": "\u52a0\u6cb9     "}, {"userName": "\u58a8\u6f13\u521d\u6b46", "userReviewDate": "19\u5c0f\u65f6\u524d", "userURL": "https://my.qidian.com/user/217301061", "userReview": "\u8d62\u79c0\u513f\uff0c\u8fd9\u5a4a\uff0c\uff0c\uff0c\u5b50\u6700\u540e\u4f1a\u4e0d\u4f1a\u8df3\u51fa\u6765\u3002"}, {"userName": "guotong", "userReviewDate": "\u6628\u65e507:45", "userURL": "https://my.qidian.com/user/638160", "userReview": "\u7b7e\u5230\u6c34\u7ecf\u9a8c"}, {"userName": "ourfeng", "userReviewDate": "\u6628\u65e507:30", "userURL": "https://my.qidian.com/user/120909124", "userReview": "\u5feb\u8981\u5b8c\u672c\u7684\u8282\u594f\uff01"}, {"userName": "sailer119", "userReviewDate": "\u6628\u65e507:11", "userURL": "https://my.qidian.com/user/215753723", "userReview": "\u7ee7\u7eed\u8ba2\u9605\u652f\u6301"}, {"userName": "ben25", "userReviewDate": "\u6628\u65e500:33", "userURL": "https://my.qidian.com/user/213783283", "userReview": "\u7b7e\u5230\u3002\u3002\u3002\u3002\u3002"}, {"userName": "\u7d2b\u65ed\u98de\u626c", "userReviewDate": "\u6628\u65e500:33", "userURL": "https://my.qidian.com/user/187475980", "userReview": "\u7a81\u63d0\u4ea4\u63a8\u8350\u6295\u7968\u6f02\u4eae"}, {"userName": "\u7d2b\u65ed\u98de\u626c", "userReviewDate": "\u6628\u65e500:30", "userURL": "https://my.qidian.com/user/187475980", "userReview": "\u63a8\u8350\u699c\u7b2c\u4e5d\u6211\u8fd8\u662f\u63a8\u8350"}], "description": "\u5fc3\u6f6e\u6f8e\u6e43\uff0c\u65e0\u9650\u5e7b\u60f3\uff0c\u8fce\u98ce\u6325\u51fb\u5343\u5c42\u6d6a\uff0c\u5c11\u5e74\u4e0d\u8d25\u70ed\u8840\uff01", "title": "\u4e07\u754c\u5929\u5c0a", "url": "https://book.qidian.com/info/1005238666", "average": -1.0, "cover": "//qidian.qpic.cn/qdbimg/349573/1005238666/180", "reviews": -1, "authors": [{"url": "https://me.qidian.com/authorIndex.aspx?id=4362118", "name": "\u8840\u7ea2"}], "type": ["\u7384\u5e7b", "\u4e1c\u65b9\u7384\u5e7b"], "outlinks": ["https://book.qidian.com/info/1005238666", "https://book.qidian.com/info/1010496369", "https://book.qidian.com/info/1010496369", "https://book.qidian.com/info/1010875768", "https://book.qidian.com/info/1010875768", "https://book.qidian.com/info/1010000699", "https://book.qidian.com/info/1010000699", "https://book.qidian.com/info/1010696572", "https://book.qidian.com/info/1010696572", "https://book.qidian.com/info/1010495773", "https://book.qidian.com/info/1010495773", "https://book.qidian.com/info/1010298084", "https://book.qidian.com/info/1010298084", "https://book.qidian.com/info/3162", "https://book.qidian.com/info/3162", "https://book.qidian.com/info/4935", "https://book.qidian.com/info/4935", "https://book.qidian.com/info/16699", "https://book.qidian.com/info/16699", "https://book.qidian.com/info/27372", "https://book.qidian.com/info/27372", "https://book.qidian.com/info/1502261", "https://book.qidian.com/info/1502261", "https://book.qidian.com/info/1909465", "https://book.qidian.com/info/1909465", "https://book.qidian.com/info/2311686", "https://book.qidian.com/info/2311686", "https://book.qidian.com/info/3094349", "https://book.qidian.com/info/3094349", "https://book.qidian.com/info/3210567", "https://book.qidian.com/info/3210567", "https://book.qidian.com/info/3552978", "https://book.qidian.com/info/3552978", "https://book.qidian.com/info/1011988403", "https://book.qidian.com/info/1009595922", "https://book.qidian.com/info/1011844784", "https://book.qidian.com/info/1011892497", "https://book.qidian.com/info/1011095320", "https://book.qidian.com/info/1011996851", "https://book.qidian.com/info/1011856434", "https://book.qidian.com/info/1011879207", "https://book.qidian.com/info/1011833256", "https://book.qidian.com/info/1011967674"]}