{"ratings": 0.0, "userreviews": [{"userName": "\u6c34\u80fd\u716e\u7ca5q", "userReviewDate": "46\u5206\u949f\u524d", "userURL": "https://my.qidian.com/user/196029834", "userReview": "\u600e\u4e48\u8fd8\u6709\u7cfb\u7edf\u6587\u5199\u8bdd\u591a\u7684\u7cfb\u7edf\u554a\u3002\u6700\u70e6\u8fd9\u79cd\u7cfb\u7edf\u7cbe\u7075\u4e86\u3002\u8fd8\u563b\u563b\u3002\u563b\u4f60\u4e2a\u5934\u554a\u3002"}, {"userName": "\u5b64\u72ec\u6210\u6027\u9e3f", "userReviewDate": "3\u5c0f\u65f6\u524d", "userURL": "https://my.qidian.com/user/215676310", "userReview": "\u770b\u5230\u6700\u65b0\u4e00\u7ae0\u7684\u7ae0\u540d\u4e0d\u77e5\u9053\u4e3a\u4ec0\u4e48\u60f3\u8d77\u4e86\u5c11\u5987\u767d\u6d01[fn=58][fn=58][fn=58]"}, {"userName": "\u6211\u53ef\u4ee5\u6362\u4e2a\u601d\u8def", "userReviewDate": "3\u5c0f\u65f6\u524d", "userURL": "https://my.qidian.com/user/213085777", "userReview": "\u7b7e\u5230\u6c34\u7ecf\u9a8c"}, {"userName": "\u613f\u6211\u80fd\u4e0d\u51e1", "userReviewDate": "3\u5c0f\u65f6\u524d", "userURL": "https://my.qidian.com/user/166635466", "userReview": "\u770b\u4e86\u5341\u51e0\u7ae0\uff0c\u4e3b\u89d2\u5b8c\u5168\u4e0d\u50cf30\u5c81\u7684\u4eba\uff0c\u5c31\u4e00\u4e2a\u521d\u4e2d\u751f"}, {"userName": "\u8427\u6218\u59ec", "userReviewDate": "3\u5c0f\u65f6\u524d", "userURL": "https://my.qidian.com/user/227455039", "userReview": "\u6211\u60f3\u8bf4\u8fd9\u672c\u4e66\u5c31\u662f\u5199\u4f5c\u8005\u81ea\u5df1\u7684******\uff0c\u4e00\u7a7f\u8d8a\u6ca1\u8fc7\u51e0\u7ae0\uff0c\u5c31\u5f00\u59cb\u6536\u5973\u4eba\u4e86\uff0c\u8fd8\u8bf4\u6536\u670d\u6700\u597d\u7684\u624b"}, {"userName": "\u5929\u4f7f1100000", "userReviewDate": "7\u5c0f\u65f6\u524d", "userURL": "https://my.qidian.com/user/119592405", "userReview": "\u7b7e\u5230\u6c34\u7ecf\u9a8c"}, {"userName": "\u65a9\u5996\u9664\u9b54\u8bdb\u4ed9\u706d\u9b3c\u5239\u795e", "userReviewDate": "8\u5c0f\u65f6\u524d", "userURL": "https://my.qidian.com/user/228996308", "userReview": "\u7b7e\u5230\u6c34\u4e00\u6ce2"}, {"userName": "\u9ed1\u6697\u661f\u8fb0\u7687\u5e1d", "userReviewDate": "10\u5c0f\u65f6\u524d", "userURL": "https://my.qidian.com/user/190052422", "userReview": "\u4e0b\u4e00\u4e2a\u4e3b\u4e16\u754c\u4f5c\u8005\u5e72\u8106\u5199\u6597\u7f57\u5927\u96461\u597d\u4e86"}, {"userName": "\u5395\u6240\u91cc\u6253\u98de\u673a", "userReviewDate": "10\u5c0f\u65f6\u524d", "userURL": "https://my.qidian.com/user/229670073", "userReview": "\u5e0c\u671b\u6b8b\u5149\u540e\u7eed\u4e3b\u4e16\u754c\u5199\u6597\u7f57\u5927\u9646\u5267\u60c5\u7684\u62631\u987a\u4fbf\u8d5e\u4e00\u4e0b\uff0c\u8c22\u8c22\uff01"}, {"userName": "\u7533\u8679\u821f", "userReviewDate": "14\u5c0f\u65f6\u524d", "userURL": "https://my.qidian.com/user/52863", "userReview": "\u4e3b\u89d2\u540d\u5b57\u5f88\u6076\u5fc3"}, {"userName": "\u4e1c\u65b9\u5341\u5b57\u661f", "userReviewDate": "14\u5c0f\u65f6\u524d", "userURL": "https://my.qidian.com/user/213032578", "userReview": "\u6709\u4e86\u62d8\u7075\u9063\u5c06\uff0c\u53ef\u4ee5\u53bb\u5723\u676f\u6218\u4e89\u91cc\u9762\uff0c\u593a\u53d6\u90a3\u4e9b\u82f1\u7075\uff0c\u628a\u4e94\u8272saber\u62ff\u4e0b\u4e86"}, {"userName": "\u540e\u7fbdI", "userReviewDate": "14\u5c0f\u65f6\u524d", "userURL": "https://my.qidian.com/user/231557734", "userReview": "\u5e0c\u671b\u4f5c\u8005\u4ee5\u540e\u6709\u7a7a\u53bb\u4e00\u8d9f\u6f2b\u5a01\u4e16\u754c"}, {"userName": "\u5426\u706c\u6200", "userReviewDate": "2018-06-07", "userURL": "https://my.qidian.com/user/229888056", "userReview": "\u4f5c\u8005\u603b\u5f97\u6709\u4e9b\u4fe1\u5fc3  \u6211\u6709\u5f88\u591a\u5c0f\u53f7\u652f\u6301\u4f60  \u4e0d\u4fe1?   \u4f60\u770b\u6211\u6362\u4e2a\u53f7\u53d1\u4e2a666\u8bd5\u8bd5"}, {"userName": "\u541b\u4e34\u4e07\u53e4", "userReviewDate": "2018-06-07", "userURL": "https://my.qidian.com/user/177560787", "userReview": "\u6700\u8fd1\u5267\u60c5\u597d\u65e0\u804a\uff0c\u6211\u4eec\u662f\u770b\u5267\u60c5\u7684\uff0c\u4e0d\u662f\u770b\u7537\u4e3b\u89d2\u6ce1\u599e\u7684\uff0c\u771f\u7684\u8ba9\u4eba\u5931\u671b\ud83d\ude1e"}], "description": "\u6fc0\u840c\u7684\u841d\u8389\uff0c\u70ed\u8840\u7684\u5c11\u5e74\uff0c\u4e3a\u6253\u7834\u6b21\u5143\u58c1\u4e00\u5f80\u65e0\u524d\uff01", "title": "\u4e07\u754c\u4e4b\u65e0\u9650\u526f\u672c", "url": "https://book.qidian.com/info/1011452803", "average": -1.0, "cover": "//qidian.qpic.cn/qdbimg/349573/1011452803/180", "reviews": -1, "authors": [{"url": "https://me.qidian.com/authorIndex.aspx?id=6387919", "name": "\u5343\u5f71\u6b8b\u5149"}], "type": ["\u4e8c\u6b21\u5143", "\u884d\u751f\u540c\u4eba", "\u4e8c\u6b21\u5143"], "outlinks": ["https://book.qidian.com/info/1011452803", "https://book.qidian.com/info/1004936150", "https://book.qidian.com/info/1004936150", "https://book.qidian.com/info/1010663229", "https://book.qidian.com/info/1010663229", "https://book.qidian.com/info/1010831245", "https://book.qidian.com/info/1010831245", "https://book.qidian.com/info/1010800039", "https://book.qidian.com/info/1010800039", "https://book.qidian.com/info/1010606730", "https://book.qidian.com/info/1010606730", "https://book.qidian.com/info/1009810357", "https://book.qidian.com/info/1009810357", "https://book.qidian.com/info/1003306667", "https://book.qidian.com/info/1003306667", "https://book.qidian.com/info/1004490542", "https://book.qidian.com/info/1004490542", "https://book.qidian.com/info/1004936150", "https://book.qidian.com/info/1004936150", "https://book.qidian.com/info/1011443057", "https://book.qidian.com/info/1011977706", "https://book.qidian.com/info/1011970575", "https://book.qidian.com/info/1011722301", "https://book.qidian.com/info/1012058179", "https://book.qidian.com/info/1010868275", "https://book.qidian.com/info/1012020887", "https://book.qidian.com/info/1011904081"]}