{"ratings": 0.0, "userreviews": [{"userName": "\u7231\u4e0a\u5149\u660e\u7684\u9ed1", "userReviewDate": "24\u5c0f\u65f6\u524d", "userURL": "https://my.qidian.com/user/160391795", "userReview": "\u8fd9\u672c\u4e66\u7684\u7537\u5973\u5173\u7cfb\u4e71\u641e\u529d\u9000\u4e86\u6211\uff0c\u800c\u4e14\u4f5c\u8005\u4f60\u4e0d\u6015\u88ab\u5173\u6653\u5f64\u548c\u8303\u51b0\u51b0\u7684\u7c89\u4e1d\u7ed9\u9a82\u5417\uff1f"}, {"userName": "\u6ca1\u952e\u76d8\u7684\u7535\u8111", "userReviewDate": "24\u5c0f\u65f6\u524d", "userURL": "https://my.qidian.com/user/8100593", "userReview": "\u8fd9\u4e66\u9664\u4e86\u5c0f\u767d\u723d\u6587\uff0c\u771f\u7684\u662f\u4e00\u6587\u4e0d\u503c\u4e86\u3002\u65e2\u7136\u8fd9\u4e66\u9ebb\u70e6\u5bf9\u771f\u5b9e\u60c5\u51b5\u505a\u4e2a\u6570\u636e\u8c03\u67e5\uff0c\u7701\u7684\u5199\u51fa\u6765\u66b4\u9732\u667a\u5546"}, {"userName": "superook", "userReviewDate": "24\u5c0f\u65f6\u524d", "userURL": "https://my.qidian.com/user/149362731", "userReview": "\u4e07\u80fd\u80f6\u56ca\u5c45\u7136\u611f\u89c9\u9886\u514830\u5e7450\u5e74\u7684\uff0c\u4f60\u9886\u51481000\u5e74\u4e5f\u672a\u5fc5\u80fd\u53d1\u660e\u51fa\u6765\u597d\u4e0d"}, {"userName": "\u9648\u51e1\u7684\u5c81\u6708\u5200", "userReviewDate": "24\u5c0f\u65f6\u524d", "userURL": "https://my.qidian.com/user/213636272", "userReview": "\u4f5c\u8005\u80fd\u6765\u4e00\u6b21\u7206\u53d1\u5417  \u5168\u90e8\u8d26\u53f7\u6708\u7968\u6295\u7ed9\u4f60"}, {"userName": "Sephiroth9", "userReviewDate": "\u6628\u65e512:55", "userURL": "https://my.qidian.com/user/306789705", "userReview": "\u4ece\u522b\u4eba\u4e66\u67b6\u8fc7\u6765\u7684\uff0c\u770b\u5230\u5973\u4e3b\u64ad\u90a3\u6bb5\u5f03\u4e86\u2026\u4f5c\u8005\u5927\u5927\u4f60\u77e5\u9053\u795e\u8c6a\u6587\u4e3a\u4ec0\u4e48\u5df2\u7ecf\u5dee\u4e0d\u591a\u6ca1\u4eba\u770b\u4e86\u5417\uff1f\u5c31\u662f"}, {"userName": "\u9b54\u708e\u6b8b\u5f71", "userReviewDate": "\u6628\u65e511:42", "userURL": "https://my.qidian.com/user/1769455", "userReview": "\u6ca1\u6709\u786c\u4ef6\u652f\u6301\u5c45\u7136\u80fd\u8bfb\u53d6\u8111\u7535\u6ce2\uff0c\u771f\u9b54\u6cd5"}, {"userName": "\u9694\u58c1\u738b\u8001\u5996", "userReviewDate": "\u6628\u65e508:37", "userURL": "https://my.qidian.com/user/213792362", "userReview": "\u4f5c\u8005\u8fd9\u4e48\u597d\u7684\u4e66\uff0c\u4e0d\u6253\u7b97\u6765\u4e00\u4e2a\u7206\u66f4100\u7ae0\u5417"}, {"userName": "\u5415\u5929\u867e12733", "userReviewDate": "\u6628\u65e508:36", "userURL": "https://my.qidian.com/user/315447244", "userReview": "\u6211\u662f\u8c01\u6211\u5728\u54ea\u91cc"}, {"userName": "\u6d45\u7b11\u706c\u6f47\u54e5", "userReviewDate": "2018-06-07", "userURL": "https://my.qidian.com/user/124622620", "userReview": "\u770b\u4e0d\u4e0b\u53bb\u4e86\uff0c\u732a\u811a\u4e00\u76f4\u7ed9\u522b\u4eba\u6234\u7eff\u5e3d\u4f30\u8ba1\u73b0\u5b9e\u4e2d\u88ab\u6234\u7eff\u5e3d\u4e86"}, {"userName": "\u706c\u6b73\u6708\u706c", "userReviewDate": "2018-06-07", "userURL": "https://my.qidian.com/user/214613438", "userReview": "\u5927\u4f6c\uff0c\u4f60\u66f4\u65b0\u592a\u6162\u4e86\uff0c\u770b\u4e0d\u8fc7\u763e"}, {"userName": "\u4f59\u5bb6\u6709\u4e66", "userReviewDate": "2018-06-07", "userURL": "https://my.qidian.com/user/202296644", "userReview": "\u7b7e\u5230\u4e94\u4e2a\u5b57"}, {"userName": "RedWraith", "userReviewDate": "2018-06-07", "userURL": "https://my.qidian.com/user/4037796", "userReview": "\u770b\u5230\u76ee\u5f55\u7cfb\u82b1\u6211\u611f\u89c9\u6211\u4e2d\u6bd2\u4e86\uff01\u8001\u5f0f\u72d7\u8840\u5267\u60c5"}, {"userName": "\u8ca7\u9053\u6709\u8bdd", "userReviewDate": "2018-06-06", "userURL": "https://my.qidian.com/user/213541587", "userReview": "\u8fd9\u4e66\u7eaf\u5c5e\u65e0\u8111   \u524d\u9762\u77b3\u5b54\u8bc6\u522b\u6280\u672f   \u66f4\u65b0\u7cfb\u7edf\u5c31\u884c\u4e86 \uff1f\u725b\u903c  \u5343\u5143\u673a\u7684\u524d\u7f6e\u6444\u50cf\u5934\u81ea\u62cd\u90fd"}, {"userName": "\u98a8\u6d41\u9b3c\u585a", "userReviewDate": "2018-06-06", "userURL": "https://my.qidian.com/user/142594449", "userReview": "\u6709\u4e2a\u7591\u95ee\uff0c\u73b0\u5728\u8d77\u70b9\u65e0\u8111\u9ed1\u79d1\u6280\u6587\u5f88\u6d41\u884c\u5417\uff1f\u770b\u8fd9\u4e66\u7684\u6210\u7ee9\u5f88\u4e0d\u9519\u4e86\u3002\u8fd9\u4e66\u5b8c\u5b8c\u5168\u5168\u65e0\u8111\u554a\uff0c\u9ed1\u79d1\u6280\u8c61"}], "description": "\u91cd\u751f\u8fc7\u53bb\u3001\u7545\u60f3\u672a\u6765\u3001\u68a6\u5e7b\u73b0\u5b9e\uff0c\u518d\u5851\u4f20\u5947\u4eba\u751f\uff01", "title": "\u4e07\u754c\u79d1\u6280\u7cfb\u7edf", "url": "https://book.qidian.com/info/1010513863", "average": -1.0, "cover": "//qidian.qpic.cn/qdbimg/349573/1010513863/180", "reviews": -1, "authors": [{"url": "https://me.qidian.com/authorIndex.aspx?id=4980517", "name": "\u5b59\u5e05\u51fa\u53e3\u6210\u8bd7"}], "type": ["\u90fd\u5e02", "\u5f02\u672f\u8d85\u80fd"], "outlinks": ["https://book.qidian.com/info/1010513863", "https://book.qidian.com/info/1004894396", "https://book.qidian.com/info/1004894396", "https://book.qidian.com/info/1009710728", "https://book.qidian.com/info/1009710728", "https://book.qidian.com/info/1005129427", "https://book.qidian.com/info/1005129427", "https://book.qidian.com/info/1009483958", "https://book.qidian.com/info/1009483958", "https://book.qidian.com/info/1009845993", "https://book.qidian.com/info/1009845993", "https://book.qidian.com/info/1009964627", "https://book.qidian.com/info/1009964627", "https://book.qidian.com/info/3640014", "https://book.qidian.com/info/3640014", "https://book.qidian.com/info/1001807587", "https://book.qidian.com/info/1001807587", "https://book.qidian.com/info/1003441727", "https://book.qidian.com/info/1003441727", "https://book.qidian.com/info/1004084607", "https://book.qidian.com/info/1004084607", "https://book.qidian.com/info/1008235278", "https://book.qidian.com/info/1008235278", "https://book.qidian.com/info/1011055514", "https://book.qidian.com/info/1011055514", "https://book.qidian.com/info/1011932150", "https://book.qidian.com/info/1012029544", "https://book.qidian.com/info/1012015699", "https://book.qidian.com/info/1012018201", "https://book.qidian.com/info/1011879101", "https://book.qidian.com/info/1011790606", "https://book.qidian.com/info/1011971435", "https://book.qidian.com/info/1009695534", "https://book.qidian.com/info/1011890878", "https://book.qidian.com/info/1010537314"]}