{"ratings": 0.0, "userreviews": [{"userName": "\u4e66\u53cb20180320150826265", "userReviewDate": "33\u5206\u949f\u524d", "userURL": "https://my.qidian.com/user/314874865", "userReview": "\u6211\u53ea\u80fd\u8bf4\u8fd9\u662f\u5728\u6a21\u4eff\u65e0\u9650\u6050\u6016\u554a\uff0c\u65e0\u9650\u6d41\u7684\u59cb\u7956"}, {"userName": "\u6d6a\u5b50\u5341\u4e09\u9e70", "userReviewDate": "5\u5c0f\u65f6\u524d", "userURL": "https://my.qidian.com/user/675049", "userReview": "\u8ba9\u90ed\u9756\u6559\u4e5d\u9634\u771f\u7ecf"}, {"userName": "\u6d6a\u5b50\u5341\u4e09\u9e70", "userReviewDate": "5\u5c0f\u65f6\u524d", "userURL": "https://my.qidian.com/user/675049", "userReview": "\u4ece\u672b\u4e16\u5e26\u8fc7\u73b0\u4e16\u6765\u7684\u4e27\u5c38\u8840\u4e0d\u4f1a\u4f20\u64ad\u5417"}, {"userName": "\u5144\u5f1f\u4eec  \u64b8\u8d77\u7684", "userReviewDate": "11\u5c0f\u65f6\u524d", "userURL": "https://my.qidian.com/user/168589382", "userReview": "\u770b\u4e66\u4e4b\u524d\u770b\u76ee\u5f55\uff01\u7136\u540e\u6211\u770b\u5230\u4e86\u300a\u8fd9\u4e2a\u4e16\u754c\u6ca1\u90a3\u4e48\u7b80\u5355\u300b\u300a\u5927\u95f9\u94f6\u884c\u7684\u9053\u58eb\u300b\u8fd9\u4e24\u4e2a\u7ae0\u8282\u540d\u8ba9\u6211\u671b\u800c\u5374"}, {"userName": "\u5415\u5929\u867e13183", "userReviewDate": "12\u5c0f\u65f6\u524d", "userURL": "https://my.qidian.com/user/316276006", "userReview": "\u7b7e\u5230\uff0c\u7761\u89c9"}, {"userName": "\u68a6\u5728\u51c9\u5df7", "userReviewDate": "15\u5c0f\u65f6\u524d", "userURL": "https://my.qidian.com/user/316058759", "userReview": "\u7b7e\u5230\u4e86.."}, {"userName": "\u5c0f\u4e66\u866bK\u5c0f\u4e66\u9b54", "userReviewDate": "22\u5c0f\u65f6\u524d", "userURL": "https://my.qidian.com/user/113551284", "userReview": "\u6211\u51b3\u5b9a\u770b\u76d7\u7248\u652f\u6301\u4f5c\u8005"}, {"userName": "\u9752\u798f\u58a8\u9c7c\u4ed4", "userReviewDate": "\u6628\u65e510:26", "userURL": "https://my.qidian.com/user/213885079", "userReview": "\u71c3\u70e7\u74f6\uff0c\u7136\u540e\u6253\u7206\uff0c\u5c38\u4f53\u7740\u706b\uff0c\u8dea\u4e86"}, {"userName": "\u6731100", "userReviewDate": "\u6628\u65e509:05", "userURL": "https://my.qidian.com/user/222515045", "userReview": "\u7b7e\u5230\u6c34\u7ecf\u9a8c\uff01"}, {"userName": "\u96f7\u8574\u4e5d\u9704", "userReviewDate": "\u6628\u65e507:17", "userURL": "https://my.qidian.com/user/310691636", "userReview": "\u7b7e\u5230\u6c34\u7ecf\u9a8c"}, {"userName": "\u9e2dkalras", "userReviewDate": "2018-06-07", "userURL": "https://my.qidian.com/user/103351027", "userReview": "\u4e0d\u662f\u5427\uff1f\u53ef\u4ee5\u5f80\u8fd4\u5e26\u4e1c\u897f\uff1f"}, {"userName": "\u671d\u989c\u7130\u57df", "userReviewDate": "2018-06-07", "userURL": "https://my.qidian.com/user/220493557", "userReview": "\u6211\u4e5f\u7ed9\u5341\u5757\u597d\u4e86\uff0c\u8ba9\u4f5c\u8005\u4e70\u5305\u70df\u71ac\u71ac\u591c\u591a\u66f4\u51e0\u7ae0"}, {"userName": "\u96f7\u8574\u4e5d\u9704", "userReviewDate": "2018-06-07", "userURL": "https://my.qidian.com/user/310691636", "userReview": "\u7b7e\u5230\u6c34\u7ecf\u9a8c"}, {"userName": "\u8001\u4e66\u4e36\u866b\u4e3f", "userReviewDate": "2018-06-06", "userURL": "https://my.qidian.com/user/200940837", "userReview": "\u6211\u5c31\u95ee\u4e00\u4e2a\u95ee\u9898---------------\u9aa8\u79d1\u4e0d\uff1f[fn=36]"}], "description": "\u30102018\u8d77\u70b9\u4ed9\u4fa0\u6d41\u6d3e\u5f81\u6587\u3011\u53c2\u8d5b\u4f5c\u54c1", "title": "\u4e07\u754c\u81ea\u7531\u4f63\u5175", "url": "https://book.qidian.com/info/1011926807", "average": -1.0, "cover": "//qidian.qpic.cn/qdbimg/349573/1011926807/180", "reviews": -1, "authors": [{"url": "https://me.qidian.com/authorIndex.aspx?id=402361589", "name": "\u79c0\u5c71\u5927\u98de"}], "type": ["\u4ed9\u4fa0", "\u5e7b\u60f3\u4fee\u4ed9"], "outlinks": ["https://book.qidian.com/info/1011926807", "https://book.qidian.com/info/1010389683", "https://book.qidian.com/info/1010389683", "https://book.qidian.com/info/1004927985", "https://book.qidian.com/info/1004927985", "https://book.qidian.com/info/1005032527", "https://book.qidian.com/info/1005032527", "https://book.qidian.com/info/1009864846", "https://book.qidian.com/info/1009864846", "https://book.qidian.com/info/1004995075", "https://book.qidian.com/info/1004995075", "https://book.qidian.com/info/1003384043", "https://book.qidian.com/info/1003384043", "https://book.qidian.com/info/1010327039", "https://book.qidian.com/info/1012016027", "https://book.qidian.com/info/1011630501", "https://book.qidian.com/info/1012010192", "https://book.qidian.com/info/1011834598", "https://book.qidian.com/info/1011672705", "https://book.qidian.com/info/1011966835", "https://book.qidian.com/info/1011940680", "https://book.qidian.com/info/1011491390", "https://book.qidian.com/info/1011995376"]}