{"ratings": 0.0, "userreviews": [{"userName": "\u6a31\u82b1\u96e8\u843d1", "userReviewDate": "2018-06-04", "userURL": "https://my.qidian.com/user/306450113", "userReview": "\u5efa\u697c\u4e86\uff0c\u4e00\u697c\u4e00\u5e01\uff0c\u5343\u697c\u5c01\u9876\uff0c\u767e\u697c\u4e00\u7ed3\uff0c\u5b66\u751f\u515a\u6ca1\u591a\u5c11\u94b1\uff0c\u5e0c\u671b\u591a\u591a\u652f\u6301"}, {"userName": "\u7559\u3013\u7f18", "userReviewDate": "2018-05-31", "userURL": "https://my.qidian.com/user/9815744", "userReview": "\u5efa\u697c\u4e86\u3002\u4e00\u697c10\u5e01\uff0c\u767e\u697c\u4e00\u7ed3\uff0c\u5343\u697c\u5c01\u9876\u2026\u2026"}, {"userName": "_PWGS\u821f", "userReviewDate": "2018-02-25", "userURL": "https://my.qidian.com/user/197269234", "userReview": "_PWGS\u821f\u6253\u8d4f\u9e3f\u5c18\u900d\u9065 50000\u8d77\u70b9\u5e01  \u4e07\u80fd\u6570\u636e"}, {"userName": "\u767d.\u5251\u821e\u795e\u5929", "userReviewDate": "2018-02-25", "userURL": "https://my.qidian.com/user/113944115", "userReview": "\u767d.\u5251\u821e\u795e\u5929\u6253\u8d4f\u9e3f\u5c18\u900d\u9065 100000\u8d77\u70b9\u5e01  \u8fd9\u672c\u4e66\u5199\u7684\u592a\u597d\u4e86,\u7292\u52b3\u4e00\u4e0b\u5e0c\u671b\u540e\u7eed\u66f4\u7cbe\u5f69!"}, {"userName": "\u6696\u4e86\u522b\u4eba\u4e36\u5374\u4f24\u4e86\u81ea\u5df1", "userReviewDate": "14\u5c0f\u65f6\u524d", "userURL": "https://my.qidian.com/user/303253470", "userReview": "\u7b7e\u5230\u6c34\u7ecf\u9a8c"}, {"userName": "\u6696\u4e86\u522b\u4eba\u4e36\u5374\u4f24\u4e86\u81ea\u5df1", "userReviewDate": "14\u5c0f\u65f6\u524d", "userURL": "https://my.qidian.com/user/303253470", "userReview": "\u7b7e\u5230\u6c34\u7ecf\u9a8c"}, {"userName": "JPROBE", "userReviewDate": "14\u5c0f\u65f6\u524d", "userURL": "https://my.qidian.com/user/119910472", "userReview": "\u4f60\u4e3a\u4ec0\u4e48\u8001\u662f\u5fd8\u4e86\u4f60\u5973\u670b\u53cb\u2026\uff5e"}, {"userName": "\u7504\u96e8\u598d", "userReviewDate": "17\u5c0f\u65f6\u524d", "userURL": "https://my.qidian.com/user/118402695", "userReview": "\u7ed9\u540c\u5b66\u6b7b\u515a\u6284\u4e0b\u7b54\u6848\u5c45\u7136\u8981\u4eba\u8bf7\u5403\u6d77\u9c9c\u5927\u9910\uff0c\u624d\u7ed9\u6284\uff1f\u9ad8\u4e2d\u4e09\u5e74\u90fd\u4e0d\u77e5\u9053\u540c\u5b66\u4e0d\u4f1a\u6253\u7bee\u7403\uff0c\u662f\u90a3\u4e2a\u4f53\u80b2"}, {"userName": "\u7834\u591c\u661f\u8fb0", "userReviewDate": "17\u5c0f\u65f6\u524d", "userURL": "https://my.qidian.com/user/8338765", "userReview": "\u4e3b\u89d2\u4e3a\u4e86\u7ed9\u59b9\u5b50\u82b1\u9500\uff0c\u53bb\u6572\u8bc8\u8ddf\u4ed6\u6beb\u65e0\u6069\u6028\u7684\u5546\u573a\u7ecf\u7406\uff0c\u8fd9\u8ddf\u5927\u8857\u4e0a\u90a3\u4e9b\u6ca1\u94b1\u5c31\u53bb\u6572\u8bc8\u5546\u6237\u7684\u6df7\u6df7\u6709\u4ec0"}, {"userName": "\u4e66\u53cb161024000338645", "userReviewDate": "19\u5c0f\u65f6\u524d", "userURL": "https://my.qidian.com/user/224745101", "userReview": "666666"}, {"userName": "\u5fc3\u6b87\u4e36\u5bb6", "userReviewDate": "19\u5c0f\u65f6\u524d", "userURL": "https://my.qidian.com/user/224414394", "userReview": "\u66f4\u65b0\u592a\u6162\u4e86"}, {"userName": "\u4e5dW\u52abW\u771fJ\u4ed9", "userReviewDate": "21\u5c0f\u65f6\u524d", "userURL": "https://my.qidian.com/user/313553743", "userReview": "\u7b7e\u5230\u6c34\u7ecf\u9a8c"}, {"userName": "\u58f9\u5b64\u57ce", "userReviewDate": "\u6628\u65e510:03", "userURL": "https://my.qidian.com/user/225439560", "userReview": "\u7b7e\u5230\u6c34\u7ecf\u9a8c"}, {"userName": "\u6696\u4e86\u522b\u4eba\u4e36\u5374\u4f24\u4e86\u81ea\u5df1", "userReviewDate": "\u6628\u65e508:59", "userURL": "https://my.qidian.com/user/303253470", "userReview": "\u7b7e\u5230\u6c34\u7ecf\u9a8c"}], "description": "\u91cd\u751f\u8fc7\u53bb\u3001\u7545\u60f3\u672a\u6765\u3001\u68a6\u5e7b\u73b0\u5b9e\uff0c\u518d\u5851\u4f20\u5947\u4eba\u751f\uff01", "title": "\u4e07\u80fd\u6570\u636e", "url": "https://book.qidian.com/info/1010961566", "average": -1.0, "cover": "//qidian.qpic.cn/qdbimg/349573/1010961566/180", "reviews": -1, "authors": [{"url": "https://me.qidian.com/authorIndex.aspx?id=11106863", "name": "\u9e3f\u5c18\u900d\u9065"}], "type": ["\u90fd\u5e02", "\u5f02\u672f\u8d85\u80fd"], "outlinks": ["https://book.qidian.com/info/1010961566", "https://book.qidian.com/info/1009710728", "https://book.qidian.com/info/1009710728", "https://book.qidian.com/info/1010360374", "https://book.qidian.com/info/1010360374", "https://book.qidian.com/info/1010109879", "https://book.qidian.com/info/1010109879", "https://book.qidian.com/info/1009641306", "https://book.qidian.com/info/1009641306", "https://book.qidian.com/info/1005129427", "https://book.qidian.com/info/1005129427", "https://book.qidian.com/info/1009461751", "https://book.qidian.com/info/1009461751", "https://book.qidian.com/info/1006462166", "https://book.qidian.com/info/1006462166", "https://book.qidian.com/info/1011932150", "https://book.qidian.com/info/1012029544", "https://book.qidian.com/info/1012015699", "https://book.qidian.com/info/1012018201", "https://book.qidian.com/info/1011879101", "https://book.qidian.com/info/1011790606", "https://book.qidian.com/info/1011971435", "https://book.qidian.com/info/1009695534", "https://book.qidian.com/info/1011890878", "https://book.qidian.com/info/1010537314"]}