{"ratings": 0.0, "userreviews": [{"userName": "\u7a7a\u95f4\u548c\u6839\u672c", "userReviewDate": "\u6628\u65e508:19", "userURL": "https://my.qidian.com/user/152721037", "userReview": "\u6587\u7b14\u5f88\u662f\u4e00\u822c   \u723d\u70b9\u5199\u7684\u5f88\u751f\u786c  \u8fde\u8d2f\u6027\u5f88\u5dee  "}, {"userName": "\u5415\u5929\u867e3399", "userReviewDate": "\u6628\u65e507:29", "userURL": "https://my.qidian.com/user/313188357", "userReview": "\u7b7e\u5230\u6709\u7ecf\u9a8c\u554a"}, {"userName": "\u9f99\u70c82005", "userReviewDate": "2018-06-07", "userURL": "https://my.qidian.com/user/1332562", "userReview": "\u6587\u7b14\u4e00\u822c\uff0c\u5267\u60c5\u8282\u594f\u592a\u7d27\u5b8c\u5168\u6ca1\u6709\u653e\u677e\u7684\u65f6\u5019\uff0c\u53ea\u662f\u5728\u4e0d\u505c\u7684\u6362\u5267\u672c\u7136\u540e\u6253\u8138\u4e0d\u65ad\u91cd\u590d\u3002\u5efa\u8bae\u4f5c\u8005\u6709\u7a7a"}, {"userName": "\u70df\u65d7", "userReviewDate": "2018-06-07", "userURL": "https://my.qidian.com/user/13366949", "userReview": "\u66f4\u65b0\u6362\u4ee3\u66f4\u65b0\u901f\u5ea6"}, {"userName": "\u5415\u5929\u867e3700", "userReviewDate": "2018-06-05", "userURL": "https://my.qidian.com/user/313108522", "userReview": "\u7b7e\u5230\u6bcf\u4e00\u5929"}, {"userName": "\u611a\u4efb", "userReviewDate": "2018-06-04", "userURL": "https://my.qidian.com/user/201113064", "userReview": "\u611a\u4efb\u6253\u8d4f\u611a\u4efb 50000\u8d77\u70b9\u5e01  \u51fb\u8282\u8d5e\u53f9\uff0c\u62cd\u6848\u800c\u8d77\uff0c\u975e\u6b64\u7292\u8d4f\u4e0d\u8db3\u4ee5\u8868\u543e\u4e4b\u610f!"}, {"userName": "\u5415\u5929\u867e3508", "userReviewDate": "2018-06-03", "userURL": "https://my.qidian.com/user/313073835", "userReview": "\u7b7e\u5230\u4e86\u5417\u5b9d\u8d1d"}, {"userName": "\u611a\u4efb", "userReviewDate": "2018-06-02", "userURL": "https://my.qidian.com/user/201113064", "userReview": "\u5415\u5929\u867e[fn=21][fn=21]"}, {"userName": "\u5415\u5929\u867e3180", "userReviewDate": "2018-05-30", "userURL": "https://my.qidian.com/user/313052572", "userReview": "\u7b7e\u5230\uff0c\u987a\u4fbf\u7b49\u66f4\u65b0\u2026"}, {"userName": "\u9752\u77f3\u4e09\u7a7a", "userReviewDate": "2018-05-29", "userURL": "https://my.qidian.com/user/162337198", "userReview": "\u6342\u8138\u8def\u8fc7\u63a8\u672c\u4e66"}, {"userName": "\u8ff7\u5931\u5728\u5730\u7403\u7684\u5916\u661f\u7efc\u5408\u8230", "userReviewDate": "2018-05-28", "userURL": "https://my.qidian.com/user/302095099", "userReview": "\ud83d\ude47\ud83d\udc81\ud83d\ude45\ud83d\ude46\ud83d\udc87\ud83d\udc86\ud83d\udc91"}, {"userName": "\u7cd6\u918b\u9ca4\u9c7c\u88c5\u65e0\u8f9c", "userReviewDate": "2018-05-19", "userURL": "https://my.qidian.com/user/311358799", "userReview": "\u7b7e\u5230\u4e94\u4e2a\u5b57"}, {"userName": "\u4e66\u53cb160307115721870", "userReviewDate": "2018-05-18", "userURL": "https://my.qidian.com/user/215365990", "userReview": "\u770b\u4e86\u51e0\u7ae0\u770b\u4e0d\u4e0b\u53bb\u4e86\uff0c\u53c2\u52a0\u4e2a\u8282\u76ee\u88ab\u5201\u96be\uff0c\u4e3b\u89d2\u7684\u56de\u7b54\u6ca1\u6709\u723d\u70b9\uff0c\u611f\u89c9\u66f4\u618b\u5c48\u4e86\uff0c\u5dee\u8bc4"}, {"userName": "JoyForever", "userReviewDate": "2018-05-12", "userURL": "https://my.qidian.com/user/211717848", "userReview": "\u770b\u523019\u7ae0\u5b9e\u5728\u770b\u4e0d\u4e0b\u53bb\u4e86\u3002\u4e00\u4f1a\u88c5\u8b66\u5bdf\u3001\u88c5\u6cd5\u5b98\u8fd9\u79cd\u65e0\u8111\u60c5\u8282\u5c31\u7b97\u4e86\uff0c\u53c2\u52a0\u4e2a\u559c\u5267\u8282\u76ee\u8fd8\u8981\u4f5c\u8bd7\u548c\u5f53"}], "description": "\u91cd\u751f\u8fc7\u53bb\u3001\u7545\u60f3\u672a\u6765\u3001\u68a6\u5e7b\u73b0\u5b9e\uff0c\u518d\u5851\u4f20\u5947\u4eba\u751f\uff01", "title": "\u4e07\u80fd\u7535\u8111\u5305", "url": "https://book.qidian.com/info/1004824730", "average": -1.0, "cover": "//qidian.qpic.cn/qdbimg/349573/1004824730/180", "reviews": -1, "authors": [{"url": "https://me.qidian.com/authorIndex.aspx?id=4397747", "name": "\u611a\u4efb"}], "type": ["\u90fd\u5e02", "\u90fd\u5e02\u751f\u6d3b"], "outlinks": ["https://book.qidian.com/info/1004824730", "https://book.qidian.com/info/1010770013", "https://book.qidian.com/info/1010770013", "https://book.qidian.com/info/1010901725", "https://book.qidian.com/info/1010901725", "https://book.qidian.com/info/1004927149", "https://book.qidian.com/info/1004927149", "https://book.qidian.com/info/1009832745", "https://book.qidian.com/info/1009832745", "https://book.qidian.com/info/1009710728", "https://book.qidian.com/info/1009710728", "https://book.qidian.com/info/1009698352", "https://book.qidian.com/info/1009698352", "https://book.qidian.com/info/3576084", "https://book.qidian.com/info/3576084", "https://book.qidian.com/info/1001757322", "https://book.qidian.com/info/1001757322", "https://book.qidian.com/info/1003637796", "https://book.qidian.com/info/1003637796", "https://book.qidian.com/info/1010824317", "https://book.qidian.com/info/1010824317", "https://book.qidian.com/info/1011932150", "https://book.qidian.com/info/1012029544", "https://book.qidian.com/info/1012015699", "https://book.qidian.com/info/1012018201", "https://book.qidian.com/info/1011879101", "https://book.qidian.com/info/1011790606", "https://book.qidian.com/info/1011971435", "https://book.qidian.com/info/1009695534", "https://book.qidian.com/info/1011890878", "https://book.qidian.com/info/1010537314"]}