{"ratings": 0.0, "userreviews": [{"userName": "liudidi", "userReviewDate": "2018-05-29", "userURL": "https://my.qidian.com/user/10400571", "userReview": "\u600e\u4e48\u8bf4\u5462\uff0c\u8fd9\u672c\u4e66\u7684\u5f00\u7bc7\u7b97\u4e0d\u4e0a\u7279\u522b\u4f18\u79c0\uff0c\u5c24\u5176\u662f\u524d\u4e09\u7ae0\uff0c\u4ecb\u7ecd\u7684\u592a\u7ec6\u788e\u4e86\uff0c\u4f46\u80dc\u5728\u4f5c\u8005\u7684\u903b\u8f91\u6e05\u6670\uff0c"}, {"userName": "\u6ce5\u662f\u7a9d\u6ef4\u5634\u77ee", "userReviewDate": "2018-05-28", "userURL": "https://my.qidian.com/user/20257785", "userReview": "\u7ae0\u8282\u540d\u90fd\u662f\u4e03\u4e2a\u5b57\uff0c\u8bf4\u660e\u4f5c\u8005\u662f\u4e00\u4e2a\u975e\u5e38\u4e25\u8c28\u7684\u4eba\uff0c\u53ef\u4ee5\u653e\u5fc3\u5165\u5751\u4e86\u3002"}, {"userName": "\u98d8\u96f6\u60ef", "userReviewDate": "2018-05-25", "userURL": "https://my.qidian.com/user/13327897", "userReview": "\u6069\uff0c\u5341\u5e74\u5c0f\u840c\u65b0\uff0c\u7acb\u5e16\u4e3a\u8bc1\uff0c\u53ea\u8981\u5927\u5bb6\u652f\u6301\uff0c\u7edd\u4e0d\u8fdb\u5bab\uff0c\u5fc5\u5b9a\u5b8c\u672c\uff0c\u5982\u679c\u8fdb\u5bab\uff0c\u5973\u88c5\u4e0a\u4f20\uff01"}, {"userName": "\u9e3f\u8499\u79bb\u706b", "userReviewDate": "2018-05-18", "userURL": "https://my.qidian.com/user/112396837", "userReview": "\u7b7e\u5230\u7b2c\u4e00\u697c\uff01"}, {"userName": "\u6b8b\u7f3a\u7684\u6c5f\u6e56", "userReviewDate": "3\u5c0f\u65f6\u524d", "userURL": "https://my.qidian.com/user/130445032", "userReview": "\u6bd4\u5c0f\u767d\u66f4\u767d\uff0c\u53e3\u6c34\u4e66"}, {"userName": "\u7075\u9b42\u836f\u6c34", "userReviewDate": "4\u5c0f\u65f6\u524d", "userURL": "https://my.qidian.com/user/229299511", "userReview": "\u7b7e\u5230\u697c\u76d6\u8d77\u6765"}, {"userName": "\u4f3c\u662f\u9ad8\u624b", "userReviewDate": "6\u5c0f\u65f6\u524d", "userURL": "https://my.qidian.com/user/313422555", "userReview": "\u7b7e\u5230\u6c34\u7ecf\u9a8c"}, {"userName": "\u4f3c\u662f\u9ad8\u624b", "userReviewDate": "6\u5c0f\u65f6\u524d", "userURL": "https://my.qidian.com/user/313422555", "userReview": "\u7b7e\u5230\u6c34\u7ecf\u9a8c"}, {"userName": "\u4e91\u5668\u8c6a", "userReviewDate": "13\u5c0f\u65f6\u524d", "userURL": "https://my.qidian.com/user/199506962", "userReview": "\u7b7e\u5230\uff0c\u5199\u7684\u4e0d\u9519"}, {"userName": "\u5415\u5929\u867e13769", "userReviewDate": "13\u5c0f\u65f6\u524d", "userURL": "https://my.qidian.com/user/316946238", "userReview": "\u6211\u6765\u7b7e\u4e2a\u5230\uff0c\u4f5c\u8005\u52a0\u6cb9\u66f4\u65b0"}, {"userName": "\u98d8\u843d\u6c89\u6ce5", "userReviewDate": "16\u5c0f\u65f6\u524d", "userURL": "https://my.qidian.com/user/311631331", "userReview": "\u7b7e\u4e2a\u5230\u6765\u4e86"}, {"userName": "\u4e91\u5f55", "userReviewDate": "16\u5c0f\u65f6\u524d", "userURL": "https://my.qidian.com/user/304772057", "userReview": "\u62a2\u5230\u5927\u4f6c\u53d1\u7684\u7ea2\u5305...\u5f69\u4e00\u4e2a"}, {"userName": "\u6211\u662f\u6e23\u6e23zz", "userReviewDate": "18\u5c0f\u65f6\u524d", "userURL": "https://my.qidian.com/user/306087450", "userReview": "\u63a8\u8350\u6d6a\u91ce\u82cd\u7a79"}, {"userName": "\u4e66\u53cb140902165517710", "userReviewDate": "18\u5c0f\u65f6\u524d", "userURL": "https://my.qidian.com/user/191208122", "userReview": "\u5e2e\u6d3e\u548c\u9f99\u5957\u592a\u591a\u4e86\uff0c\u4e03\u4e03\u516b\u516b\u7684\u4e00\u5927\u5806\uff0c\u9000\u4e86"}], "description": "\u30102018\u8d77\u70b9\u4ed9\u4fa0\u6d41\u6d3e\u5f81\u6587\u3011\u53c2\u8d5b\u4f5c\u54c1", "title": "\u4e07\u8c61\u4e4b\u7956", "url": "https://book.qidian.com/info/1012008900", "average": -1.0, "cover": "//qidian.qpic.cn/qdbimg/349573/1012008900/180", "reviews": -1, "authors": [{"url": "https://me.qidian.com/authorIndex.aspx?id=4728507", "name": "\u4e2d\u539f\u4e5d\u767d"}], "type": ["\u4ed9\u4fa0", "\u5e7b\u60f3\u4fee\u4ed9"], "outlinks": ["https://book.qidian.com/info/1012008900", "https://book.qidian.com/info/1010468795", "https://book.qidian.com/info/1010468795", "https://book.qidian.com/info/1010399782", "https://book.qidian.com/info/1010399782", "https://book.qidian.com/info/1010920862", "https://book.qidian.com/info/1010920862", "https://book.qidian.com/info/1010259609", "https://book.qidian.com/info/1010259609", "https://book.qidian.com/info/1010696572", "https://book.qidian.com/info/1010696572", "https://book.qidian.com/info/1011630799", "https://book.qidian.com/info/1011630799", "https://book.qidian.com/info/1011871494", "https://book.qidian.com/info/1011871494", "https://book.qidian.com/info/1010327039", "https://book.qidian.com/info/1012016027", "https://book.qidian.com/info/1011630501", "https://book.qidian.com/info/1012010192", "https://book.qidian.com/info/1011834598", "https://book.qidian.com/info/1011672705", "https://book.qidian.com/info/1011966835", "https://book.qidian.com/info/1011940680", "https://book.qidian.com/info/1011491390", "https://book.qidian.com/info/1011995376"]}