{"ratings": 0.0, "userreviews": [{"userName": "\u4e66\u53cb20171122141318541", "userReviewDate": "2018-06-07", "userURL": "https://my.qidian.com/user/310988964", "userReview": "\u90a3\u5973\u7684\u90fd\u8981\u6740\u4e3b\u89d2\u4e86\u4e3b\u89d2\u8fd8\u6551\u5979\uff1f"}, {"userName": "\u6d41\u5e74~\u7368\u6ba4", "userReviewDate": "2018-06-07", "userURL": "https://my.qidian.com/user/210233285", "userReview": "\u6709\u4e9b\u6bd2\u70b9\uff0c\u5728\u770b\u770b\u5427\uff01"}, {"userName": "\u706b\u82b1\u4e0e\u86c7", "userReviewDate": "2018-06-06", "userURL": "https://my.qidian.com/user/196357701", "userReview": "\u6587\u660e\u65ad\u5c42\u7684\u597d\u9ad8\uff0c\u624d\u4e24\u4e09\u767e\u5e74\u5c31\u5931\u4f20\u4e86\uff0c\u8fd8\u6709\u4e0a\u53e4\u7ec3\u866b\u6cd5\uff0c\u4f60\u866b\u65cf\u5165\u4fb5\u624d\u591a\u5c11\u5e74\uff0c\u866b\u5e08\u51fa\u73b0\u624d\u591a\u4e45\uff0c\u5c31"}, {"userName": "PHJ\u4e66\u53cb", "userReviewDate": "2018-06-06", "userURL": "https://my.qidian.com/user/214678058", "userReview": "\u6211\u89c9\u5f97\u4e3b\u89d2\u540d\u5b57\u540e\u5dee\u4e00\u4e2a\u5b57\uff0c\u53ef\u662f\u60f3\u4e0d\u6765\u2026"}, {"userName": "\u7b20\u539fMay", "userReviewDate": "2018-06-01", "userURL": "https://my.qidian.com/user/227410273", "userReview": "\u4e0d\u9519\uff0c\u4f5c\u8005\u5f88\u6709\u60f3\u6cd5\u3002"}, {"userName": "\u706b\u82b1\u4e0e\u86c7", "userReviewDate": "2018-05-28", "userURL": "https://my.qidian.com/user/196357701", "userReview": "\u770b\u770b\u518d\u8bf4\u554a"}, {"userName": "\u9017\u6218\u795e\u9b54", "userReviewDate": "2018-05-27", "userURL": "https://my.qidian.com/user/216233882", "userReview": "\u6c99\u53d1\n \uff0c\uff0c\uff0c\uff0c\uff0c\uff0c\uff0c\uff0c"}], "description": "\u3010\u7f51\u6587\u4e4b\u738b\u7384\u5e7b\u201cBOSS\u6d41\u201d\u5f81\u6587\u3011\u53c2\u8d5b\u4f5c\u54c1", "title": "\u4e07\u866b\u5b97\u5e08", "url": "https://book.qidian.com/info/1011954276", "average": -1.0, "cover": "//qidian.qpic.cn/qdbimg/349573/1011954276/180", "reviews": -1, "authors": [{"url": "https://me.qidian.com/authorIndex.aspx?id=2840314", "name": "\u745f\u745f\u5bab\u6bbf"}], "type": ["\u7384\u5e7b", "\u5f02\u4e16\u5927\u9646"], "outlinks": ["https://book.qidian.com/info/1011954276", "https://book.qidian.com/info/1011512936", "https://book.qidian.com/info/1011512936", "https://book.qidian.com/info/1003692682", "https://book.qidian.com/info/1003692682", "https://book.qidian.com/info/1009971399", "https://book.qidian.com/info/1009971399", "https://book.qidian.com/info/1004073922", "https://book.qidian.com/info/1004073922", "https://book.qidian.com/info/1005226649", "https://book.qidian.com/info/1005226649", "https://book.qidian.com/info/1004179514", "https://book.qidian.com/info/1004179514", "https://book.qidian.com/info/2315977", "https://book.qidian.com/info/2315977", "https://book.qidian.com/info/1011988403", "https://book.qidian.com/info/1009595922", "https://book.qidian.com/info/1011844784", "https://book.qidian.com/info/1011892497", "https://book.qidian.com/info/1011095320", "https://book.qidian.com/info/1011996851", "https://book.qidian.com/info/1011856434", "https://book.qidian.com/info/1011879207", "https://book.qidian.com/info/1011833256", "https://book.qidian.com/info/1011967674"]}