{"ratings": 0.0, "userreviews": [], "description": "", "title": "\u4e07\u91cc\u4fee\u884c\u540d\u80dc\u6469\u65c5\u4fee\u884c\u8bb0", "url": "https://book.qidian.com/info/1006442005", "average": -1.0, "cover": "//qidian.qpic.cn/qdbimg/349573/1006442005/180", "reviews": -1, "authors": [{"url": "https://me.qidian.com/authorIndex.aspx?id=10907153", "name": "\u9ad8\u624b\u52a8\u4f5c"}], "type": ["\u77ed\u7bc7", "\u7f8e\u6587\u6e38\u8bb0"], "outlinks": ["https://book.qidian.com/info/1006442005", "https://book.qidian.com/info/3068279", "https://book.qidian.com/info/3068279", "https://book.qidian.com/info/1421403", "https://book.qidian.com/info/1421403", "https://book.qidian.com/info/1620923", "https://book.qidian.com/info/1620923", "https://book.qidian.com/info/1761667", "https://book.qidian.com/info/1761667", "https://book.qidian.com/info/1830315", "https://book.qidian.com/info/1830315", "https://book.qidian.com/info/1882181", "https://book.qidian.com/info/1882181", "https://book.qidian.com/info/1009556850", "https://book.qidian.com/info/1009556850", "https://book.qidian.com/info/1010764560", "https://book.qidian.com/info/1010764560", "https://book.qidian.com/info/1009312005", "https://book.qidian.com/info/1136277", "https://book.qidian.com/info/1830315", "https://book.qidian.com/info/1011168558", "https://book.qidian.com/info/1004575373", "https://book.qidian.com/info/1004088722", "https://book.qidian.com/info/1945698", "https://book.qidian.com/info/1010642969", "https://book.qidian.com/info/1003669419", "https://book.qidian.com/info/1011683374"]}