{"ratings": 0.0, "userreviews": [{"userName": "\u6063\u98d8\u626c", "userReviewDate": "2015-06-21", "userURL": "https://my.qidian.com/user/110673573", "userReview": "[fn=2]\u66ff\u72ec\u5b64\u5927\u5927\u653e\u98de\u5fc3\u60c5\uff0c\u5e72\u51c0\u7684\u4e66\u8bc4\u533a\u4f1a\u8ba9\u72ec\u5b64\u5927\u5927\u62e5\u6709\u826f\u597d\u7684\u521b\u4f5c\u5fc3\u5883\uff0c\u6253\u5e7f\u544a\u7684\u670b\u53cb\u8fdb"}, {"userName": "\u5f11\u795e\u8005\u5446\u5446", "userReviewDate": "2014-06-01", "userURL": "https://my.qidian.com/user/146885284", "userReview": "\u5f11\u795e\u8005\u5446\u5446\u6253\u8d4f\u5b64\u72ec\u6f02\u6d41 5888\u8d77\u70b9\u5e01\u3000\u8fd9\u672c\u4e66\u592a\u68d2\u4e86\uff01\u7292\u52b3\u4e00\u4e0b\uff0c\u5e0c\u671b\u540e\u7eed\u66f4\u52a0\u7cbe\u5f69\uff01"}, {"userName": "\u8d77\u70b9\u4e2d\u6587\u7f51", "userReviewDate": "2013-10-09", "userURL": "https://my.qidian.com/user/33597", "userReview": "\u5b64\u72ec\u6f02\u6d41\u7b11\u7740\u7ed9\u5927\u5bb6\u4f5c\u63d6\uff0c\u5404\u4f4d\u4e66\u53cb\uff0c\u70b9\u51fb\u9a6c\u4e0a\u8981\u7834\u767e\u4e07\uff0c\u662f\u4e0d\u662f\u90fd\u5e2e\u5fd9\u70b9\u4e24\u4e0b\uff0c\u4e0d\u8981\u7ed9\u4ffa\u9762\u5b50\uff01 \u81ea"}, {"userName": "\u5b64\u72ec\u2605\u6f02\u6d41", "userReviewDate": "2013-10-04", "userURL": "https://my.qidian.com/user/17827244", "userReview": "\u672c\u4e66\u6784\u67b6\u5b8f\u5927\uff0c\u9700\u8981\u6570\u91cf\u4f17\u591a\u7684\u9f99\u5957\uff0c\u6709\u597d\u7684\u9f99\u5957\u53ef\u4ee5\u5728\u8fd9\u91cc\u5199\u51fa\u6765\u3002\u8981\u662f\u5408\u7406\uff0c\u5c31\u4f1a\u9009\u7528\u3002\u5e0c\u671b\u5927\u5bb6"}, {"userName": "\u8d77\u70b9\u4e2d\u6587\u7f51", "userReviewDate": "2013-09-26", "userURL": "https://my.qidian.com/user/33597", "userReview": "\u4ee5\u540e\uff0c\u4f60\u53ef\u4ee5\u56de\u9996\u8fd9\u83b7\u5f9730000\u7968\u7684\u65f6\u523b\uff0c\u4f60\u4f1a\u89c9\u5f97\u5feb\u4e50\u548c\u6e29\u6696\u3002\u56e0\u4e3a\u6709\u90a3\u4e48\u591a\u4e66\u53cb\u8ddf\u4f60\u4e00\u8d77\u6218\u6597"}, {"userName": "\u6ca7\u6d77\u65ad\u6c5f", "userReviewDate": "2018-05-25", "userURL": "https://my.qidian.com/user/311052915", "userReview": "\u5988\u86cb\uff0c\u539f\u6765\u4f60\u592a\u76d1\u4e86\uff0c\u6211\u4ee5\u524d\u5929\u5929\u770b\u4f60\u4e66\uff0c\u7136\u540e\u7b49\u4e86\u5f88\u957f\u65f6\u95f4\u90fd\u6ca1\u6709\u66f4\u65b0\uff0c\u5b9e\u5728\u662f\u6c14\u6b7b\u6211\u4e86"}, {"userName": "\u6d69\u6708\u51ac", "userReviewDate": "2018-05-19", "userURL": "https://my.qidian.com/user/224798770", "userReview": "[fn=24]\u4e07\u9b3c\u4e4b\u7956\u4e07\u9b3c\u4e4b\u7956\u4ec0\u4e48\u65f6\u5019\u66f4\u65b0"}, {"userName": "\u8981\u5e05\u4e0e\u5e73\u51e1", "userReviewDate": "2018-05-12", "userURL": "https://my.qidian.com/user/314584881", "userReview": "\uff08\u53ea\u770b\u524d\u5934\u611f\u8a00\uff09\u4f5c\u8005\u554a\uff0c\u770b\u6765\u4f60\u662f\u8981\u592a\u76d1\u4e86"}, {"userName": "\u4e66\u53cb20170515124713096", "userReviewDate": "2018-05-06", "userURL": "https://my.qidian.com/user/301706736", "userReview": "\u8fd9\u7f3a\u7ae0\u7f3a\u7684"}, {"userName": "\u5a01\u98ce\u671d\u5ef7\u81e3", "userReviewDate": "2018-04-06", "userURL": "https://my.qidian.com/user/216332661", "userReview": "\u3002\u3002\u3002\u6211\u770b\u76d7\u7248\u5c31\u6ca1\u7f3a\u7ae0\uff0c\u8fd9\u6211\u5c31\u4e0d\u8bf4\u4ec0\u4e48\u4e86\uff0c\u6211\u53bb\u76d7\u7248\u770b\u4e86"}, {"userName": "\u8d2b\u9053\u6cd5\u53f7\u900d\u9065\u5b50", "userReviewDate": "2018-03-26", "userURL": "https://my.qidian.com/user/177986661", "userReview": "\u5148\u5199\u6b66\u5893\u540e\u5199\u6c38\u6052\uff0c\u4f60\u4f55\u65f6\u5427\u4e07\u9b3c\u5199\u4e86\uff1f"}, {"userName": "\u68a6\u56de\u4e71\u70fd\u70df", "userReviewDate": "2017-12-24", "userURL": "https://my.qidian.com/user/214820706", "userReview": "\u90fd\u56db\u5e74\u4e86\uff0c\u4f5c\u8005\u4f60\u5f53\u4e2a\u5175\u8fd8\u6ca1\u590d\u5458\u5462\uff1f\u8001\u5175\u522b\u5f53\u592a\u76d1\u3002\u4e22\u4f60\u4eec\u90e8\u961f\u7684\u4eba\u5c31\u4e0d\u597d\u4e86"}, {"userName": "\u8096\u63d0\u83ab", "userReviewDate": "2017-12-24", "userURL": "https://my.qidian.com/user/220567446", "userReview": "\u63a8\u8350\u4e00\u672c\u4e66(\u4e00\u7b26\u5c01\u4ed9)\uff0c\uff0c\u7b80\u4ecb: \u4e00\u5251\u65a9\u5996\u9b54\uff0c\u4e00\u6cd5\u8361\u4e7e\u5764\uff0c\u4e00\u4e39\u9006\u5929\u547d\uff0c\u4e00\u7b26\u5c01\u8bf8\u4ed9\u3002"}, {"userName": "\u58a8\u67d3\u9752\u886bI", "userReviewDate": "2017-12-23", "userURL": "https://my.qidian.com/user/307605644", "userReview": " \u600e\u4e48\u90a3\u4e48\u591a\u7684\u7f3a\u5931\u8282\u7ae0\uff1f\u54ea\u91cc\u80fd\u770b\u5230\u5168\u672c\u7684\uff1f"}], "description": "\u4fee\u4ed9\u89c5\u957f\u751f\uff0c\u70ed\u8840\u4efb\u900d\u9065\uff0c\u8e0f\u83b2\u66f3\u6ce2\u6da4\u5251\u9aa8\uff0c\u51ed\u865a\u5fa1\u98ce\u5851\u5723\u9b42\uff01", "title": "\u4e07\u9b3c\u4e4b\u7956", "url": "https://book.qidian.com/info/2462606", "average": -1.0, "cover": "//qidian.qpic.cn/qdbimg/349573/2462606/180", "reviews": -1, "authors": [{"url": "https://me.qidian.com/authorIndex.aspx?id=71579", "name": "\u5b64\u72ec\u6f02\u6d41"}], "type": ["\u4ed9\u4fa0", "\u5e7b\u60f3\u4fee\u4ed9"], "outlinks": ["https://book.qidian.com/info/2462606", "https://book.qidian.com/info/1005317872", "https://book.qidian.com/info/1005317872", "https://book.qidian.com/info/1010473765", "https://book.qidian.com/info/1010473765", "https://book.qidian.com/info/1010434913", "https://book.qidian.com/info/1010434913", "https://book.qidian.com/info/1009273623", "https://book.qidian.com/info/1009273623", "https://book.qidian.com/info/1009387802", "https://book.qidian.com/info/1009387802", "https://book.qidian.com/info/1010926157", "https://book.qidian.com/info/1010926157", "https://book.qidian.com/info/118499", "https://book.qidian.com/info/118499", "https://book.qidian.com/info/160555", "https://book.qidian.com/info/160555", "https://book.qidian.com/info/1153710", "https://book.qidian.com/info/1153710", "https://book.qidian.com/info/1180820", "https://book.qidian.com/info/1180820", "https://book.qidian.com/info/1541248", "https://book.qidian.com/info/1541248", "https://book.qidian.com/info/2260666", "https://book.qidian.com/info/2260666", "https://book.qidian.com/info/3022278", "https://book.qidian.com/info/3022278", "https://book.qidian.com/info/1004086548", "https://book.qidian.com/info/1004086548", "https://book.qidian.com/info/1010327039", "https://book.qidian.com/info/1012016027", "https://book.qidian.com/info/1011630501", "https://book.qidian.com/info/1012010192", "https://book.qidian.com/info/1011834598", "https://book.qidian.com/info/1011672705", "https://book.qidian.com/info/1011966835", "https://book.qidian.com/info/1011940680", "https://book.qidian.com/info/1011491390", "https://book.qidian.com/info/1011995376"]}