{"ratings": 0.0, "userreviews": [], "description": "\u3010\u7b2c\u4e09\u5c4a\u7f51\u7edc\u539f\u521b\u6587\u5b66\u73b0\u5b9e\u4e3b\u4e49\u9898\u6750\u5f81\u6587\u5927\u8d5b\u3011\u53c2\u8d5b\u4f5c\u54c1", "title": "\u4e07\u91cc\u8def\uff0c\u5076\u7136\u541f", "url": "https://book.qidian.com/info/1011900964", "average": -1.0, "cover": "//qidian.qpic.cn/qdbimg/349573/1011900964/180", "reviews": -1, "authors": [{"url": "https://me.qidian.com/authorIndex.aspx?id=1648498", "name": "\u7eaf\u5c5e\u5076\u7136.QD"}], "type": ["\u73b0\u5b9e", "\u9752\u6625\u6587\u5b66"], "outlinks": ["https://book.qidian.com/info/1011900964", "https://book.qidian.com/info/1011108184", "https://book.qidian.com/info/1011108184", "https://book.qidian.com/info/3434309", "https://book.qidian.com/info/3434309", "https://book.qidian.com/info/1004893588", "https://book.qidian.com/info/1004893588", "https://book.qidian.com/info/1005772774", "https://book.qidian.com/info/1005772774", "https://book.qidian.com/info/1010938360", "https://book.qidian.com/info/1010938360", "https://book.qidian.com/info/1004042484", "https://book.qidian.com/info/1004042484", "https://book.qidian.com/info/1003518792", "https://book.qidian.com/info/1003518792", "https://book.qidian.com/info/1011774115", "https://book.qidian.com/info/1011774115", "https://book.qidian.com/info/1011633094", "https://book.qidian.com/info/1011456133", "https://book.qidian.com/info/1011634147", "https://book.qidian.com/info/1011681836", "https://book.qidian.com/info/1010536358", "https://book.qidian.com/info/1011815512", "https://book.qidian.com/info/1011779536", "https://book.qidian.com/info/1011822376", "https://book.qidian.com/info/1010906320", "https://book.qidian.com/info/1011955761"]}