{"ratings": 0.0, "userreviews": [{"userName": "\u5357\u68a6\u788e\u5fc3", "userReviewDate": "2016-12-19", "userURL": "https://my.qidian.com/user/4296758", "userReview": "\u7968\u7968\u518d\u6b21\u5168\u90e8\u9001\u4e0a\uff0c\u5927\u5927\u52a0\u6cb9\u66f4\u65b0\u554a\u3002\u5185\u5bb9\u771f\u7684\u662f\u8ba9\u4eba\u6b32\u7f62\u4e0d\u80fd\uff0c\u8ba9\u4eba\u8033\u76ee\u4e00\u65b0\uff0c\u6545\u4e8b\u7684\u60c5\u8282\u603b\u662f\u51fa\u4eba"}, {"userName": "\u9716\u6613\u6b4c", "userReviewDate": "2016-12-13", "userURL": "https://my.qidian.com/user/216142604", "userReview": "\u6ca1\u591a\u5c11\u94b1\u5145\uff0c\u53ea\u80fd\u6253\u8d4f\u8fd9\u4e48\u70b9\uff0c\u6c42\u66f4\u65b0\u591a\u4e00\u70b9_(:\u0437\u300d\u2220)_"}, {"userName": "\u5415\u5929\u867e4582", "userReviewDate": "2018-06-07", "userURL": "https://my.qidian.com/user/313397482", "userReview": "\u5929\u5929\u90fd\u8981\u505a\u4ec0\u4e48\uff0c\u7b7e\u5230\u5c31\u597d\uff01"}, {"userName": "\u4ed9\u6052\u6cb3", "userReviewDate": "2018-05-29", "userURL": "https://my.qidian.com/user/196117163", "userReview": "\u8fd9\u662f\u8c01\u5199\u7684\u5947\u8469\u5c0f\u8bf4\uff0c\u4e07\u9053\u7956\u5e08\u4ec0\u4e48\u65f6\u5019\u53d8\u6210\u522b\u7684\u5b97\u6d3e\u5f1f\u5b50\u4e86\uff0c\u4f60\u4e5f\u662f\u8d77\u70b9\u7684\u4e00\u4e2a\u5947\u8469\u4e86\u3002    \u73b0"}, {"userName": "\u8be5\u6635\u79f0\u592a\u9006\u5929", "userReviewDate": "2018-05-25", "userURL": "https://my.qidian.com/user/220436732", "userReview": "\u6211\u53bb\uff0c\u8fd9\u6536\u5f92\u5f1f(\u590f)\u5c31\u597d\u50cf\u8981\u6c42\u7740\u662f\u7684\uff0c\u8fd9\u5e08\u5085\u4e5f\u592a\u6389\u4ef7\u4e86"}, {"userName": "\u4e36\u7231\u7684\u7ea6\u5b9a\u4e36", "userReviewDate": "2018-05-17", "userURL": "https://my.qidian.com/user/309420556", "userReview": "\u4e0d\u9ed1\u4e0d\u5439\uff0c\u5185\u5bb9\u6709\u70b9\u4e0d\u7b26\u8fd9\u4e66\u7684\u540d\u5b57\u3002"}, {"userName": "\u771f\u5b9e\u5341\u6c0f", "userReviewDate": "2018-05-12", "userURL": "https://my.qidian.com/user/308313701", "userReview": "\u771f\u6bd2\uff0c\u4f60\u9a6c\u52d2\u6208\u58c1\u9000\u51fa\u8d77\u70b9\u884c\u5417\uff1f"}, {"userName": "\u5929\u9b54\u8d31\u5723", "userReviewDate": "2018-05-08", "userURL": "https://my.qidian.com/user/224497851", "userReview": "\u795e\u519c\u5c1d\u767e\u834938\u7ae01\u5c0f\u6bd2\uff0c\u625b\u5f97\u4f4f\u7ee7\u7eed"}, {"userName": "3\u53f7\u7a7a\u95f4", "userReviewDate": "2018-04-08", "userURL": "https://my.qidian.com/user/213097837", "userReview": "\u8d8a\u6765\u8d8a\u53d8\u5473\u9053\u4e86"}, {"userName": "\u5929\u5e1d\u6c38\u6052", "userReviewDate": "2018-02-14", "userURL": "https://my.qidian.com/user/151935904", "userReview": "\u4e00\u4e9b\u4e00\u76ee\u5341\u884c\u7684\u8bfb\u8005\u4f1a\u770b\u7684\u4e91\u91cc\u96fe\u91cc\uff0c\u4e00\u4e0b\u5c31\u8ba9\u4eba\u538c\u6076\u7684"}, {"userName": "\u4e66\u53cb20171223150939982", "userReviewDate": "2018-02-06", "userURL": "https://my.qidian.com/user/311996644", "userReview": "\u5220\u4e86\u597d\u591a\u4e66\u8bc4"}, {"userName": "\u6960\u51a5", "userReviewDate": "2017-12-09", "userURL": "https://my.qidian.com/user/192046246", "userReview": "\u989d\u597d\u4e71\u554a  \u56db\u5e74\u524d\u8ba4\u8bc6\u7684 \u4e94\u5e74\u524d\u62dc\u5e08          \u5c31\u8ddf\u4e08\u592b\u4e09\u5e74\u4e0d\u5728\u5bb6  \u513f\u5b50\u4e00\u5c81\u4e86\u4e00"}, {"userName": "A\u8fd1\u5915\u9633", "userReviewDate": "2017-11-21", "userURL": "https://my.qidian.com/user/212246959", "userReview": "\u770b\u540d\u5b57\u4ee5\u4e3a\u662f\u672c\u597d\u4e66\uff0c\u770b\u4e86\u51e0\u5341\u5f20\u5199\u7684\u4ec0\u4e48\u73a9\u610f\u3002\u53ef\u60dc\u4e86\u8fd9\u6587\u7b14\u3002"}, {"userName": "\u4ed9\u6052\u6cb3", "userReviewDate": "2017-11-12", "userURL": "https://my.qidian.com/user/196117163", "userReview": "\u6ca1\u6709\u4e00\u65b9\u6559\u7956\u7684\u6c14\u8d28\uff0c\u7ecf\u5e38\u81ea\u79f0\u201c\u5c0f\u5b50\u201d\uff0c\u4f60\u8fd8\u505a\u4ec0\u4e48\u6559\u7956\uff0c\u4f20\u4e16\u73e0\u4e43\u662f\u5927\u9053\u8f7d\u5668\u5c31\u8fd9\u4e48\u70b9\u80fd\u8010\uff0c\u8fd9\u4e0d"}], "description": "\u5fc3\u6f6e\u6f8e\u6e43\uff0c\u65e0\u9650\u5e7b\u60f3\uff0c\u8fce\u98ce\u6325\u51fb\u5343\u5c42\u6d6a\uff0c\u5c11\u5e74\u4e0d\u8d25\u70ed\u8840\uff01", "title": "\u4e07\u9053\u7956\u5e08", "url": "https://book.qidian.com/info/1004138843", "average": -1.0, "cover": "//qidian.qpic.cn/qdbimg/349573/1004138843/180", "reviews": -1, "authors": [{"url": "https://me.qidian.com/authorIndex.aspx?id=2959434", "name": "\u4e14\u884c\u4e14\u5bc2\u5bde"}], "type": ["\u7384\u5e7b", "\u4e1c\u65b9\u7384\u5e7b"], "outlinks": ["https://book.qidian.com/info/1004138843", "https://book.qidian.com/info/1010840437", "https://book.qidian.com/info/1010840437", "https://book.qidian.com/info/1010873447", "https://book.qidian.com/info/1010873447", "https://book.qidian.com/info/1010892252", "https://book.qidian.com/info/1010892252", "https://book.qidian.com/info/1010796758", "https://book.qidian.com/info/1010796758", "https://book.qidian.com/info/1010860119", "https://book.qidian.com/info/1010860119", "https://book.qidian.com/info/1003748610", "https://book.qidian.com/info/1003748610", "https://book.qidian.com/info/1005367909", "https://book.qidian.com/info/1005367909", "https://book.qidian.com/info/1010924830", "https://book.qidian.com/info/1010924830", "https://book.qidian.com/info/1011988403", "https://book.qidian.com/info/1009595922", "https://book.qidian.com/info/1011844784", "https://book.qidian.com/info/1011892497", "https://book.qidian.com/info/1011095320", "https://book.qidian.com/info/1011996851", "https://book.qidian.com/info/1011856434", "https://book.qidian.com/info/1011879207", "https://book.qidian.com/info/1011833256", "https://book.qidian.com/info/1011967674"]}