{"ratings": 0.0, "userreviews": [{"userName": "\u4e03\u8272\u5976\u8c46", "userReviewDate": "2018-02-22", "userURL": "https://my.qidian.com/user/308233913", "userReview": "\u592a\u76d1\u4e86\uff0c\u770b\u5230VIP\uff0c\u5f80\u540e\u4e00\u7ffb\uff0c\u53d1\u73b0\u662f\u592a\u8f83\u6587\uff0c\u86cb\u75bc\u3002"}, {"userName": "\u7d66\u4f60\u4e00\u500b\u8b9a", "userReviewDate": "2017-10-03", "userURL": "https://my.qidian.com/user/213707777", "userReview": "\u770b\u4e86\u597d\u51e0\u6b21\uff0c\u8fd8\u662f\u597d\u770b\u3002"}, {"userName": "\u7f18\u5c3d\u4e16\u95f4\u552f\u7231\u97a0", "userReviewDate": "2017-09-30", "userURL": "https://my.qidian.com/user/302782032", "userReview": "398665"}, {"userName": "\u8d77\u70b9\u4e2d\u6587\u7f51", "userReviewDate": "2017-04-25", "userURL": "https://my.qidian.com/user/33597", "userReview": "\u54c8\u54c8\u54c8\u54c8\uff0c\u7b2c\u4e00\u5f20\u6708\u7968\u7684\u6c99\u53d1\u603b\u7b97\u88ab\u6211\u62a2\u5230\u4e86\uff0c\u52a0\u6cb9\u7801\u5b57\uff0c\u52aa\u529b\u66f4\u65b0\uff0c\u6709\u4e86\u6708\u7968\u7684\u90fd\u6295\u4f60\uff01\u81ea\u672c\u606d\u8d3a\u4e3b"}], "description": "\u9192\u638c\u5929\u4e0b\u6743\uff0c\u9189\u5367\u7f8e\u4eba\u819d\uff0c\u4e94\u5343\u5e74\u98ce\u534e\u70df\u96e8\uff0c\u662f\u975e\u6210\u8d25\u8f6c\u5934\u7a7a\uff01", "title": "\u4e09\u56fd\u98ce\u4e91\u4e4b\u731b\u5c06\u4f20", "url": "https://book.qidian.com/info/155298", "average": -1.0, "cover": "//qidian.qpic.cn/qdbimg/349573/155298/180", "reviews": -1, "authors": [{"url": "https://me.qidian.com/authorIndex.aspx?id=126181", "name": "\u51a5\u57df\u5929\u4f7f"}], "type": ["\u5386\u53f2", "\u79e6\u6c49\u4e09\u56fd"], "outlinks": ["https://book.qidian.com/info/155298", "https://book.qidian.com/info/1011089891", "https://book.qidian.com/info/1011089891", "https://book.qidian.com/info/1010183391", "https://book.qidian.com/info/1010183391", "https://book.qidian.com/info/1010773937", "https://book.qidian.com/info/1010773937", "https://book.qidian.com/info/1512471", "https://book.qidian.com/info/1512471", "https://book.qidian.com/info/1010097057", "https://book.qidian.com/info/1010097057", "https://book.qidian.com/info/1010545743", "https://book.qidian.com/info/1010545743", "https://book.qidian.com/info/1921658", "https://book.qidian.com/info/1921658", "https://book.qidian.com/info/2278191", "https://book.qidian.com/info/2278191", "https://book.qidian.com/info/3394940", "https://book.qidian.com/info/3394940", "https://book.qidian.com/info/1011283836", "https://book.qidian.com/info/1011283836", "https://book.qidian.com/info/1011800596", "https://book.qidian.com/info/1010891668", "https://book.qidian.com/info/1011773910", "https://book.qidian.com/info/1011783347", "https://book.qidian.com/info/1011643843", "https://book.qidian.com/info/1011476924", "https://book.qidian.com/info/1011635441", "https://book.qidian.com/info/1009999928", "https://book.qidian.com/info/1006932473", "https://book.qidian.com/info/1005080011"]}