{"ratings": 0.0, "userreviews": [{"userName": "\u5728\u556a\u556a\u556a\u7684\u6bcd\u9e21", "userReviewDate": "24\u5c0f\u65f6\u524d", "userURL": "https://my.qidian.com/user/201265388", "userReview": "\u8c82\u8749\u539f\u540d\u53eb\u4efb\u7ea2\u660c\uff0c\u53ea\u662f\u540e\u6765\u8fdb\u5bab\u91cc\uff0c\u4efb\u4e86\u5973\u5b98\u540e\u624d\u79f0\u547c\u4e3a\u8c82\u8749\uff0c\u800c\u8fd9\u4e2a\u5973\u5b98\u7684\u5b98\u540d\u5c31\u662f\u53eb\u8c82\u8749\u3002\u800c\u6211"}, {"userName": "\u51c9\u8584X", "userReviewDate": "2018-06-07", "userURL": "https://my.qidian.com/user/222686266", "userReview": "\u8fd9\u672c\u4e66\u5728\u6218\u4e89\u7b56\u7565\u4e0a\u6ca1\u4ec0\u4e48\u5927\u7684\u7bc7\u5e45\uff0c\u4e0d\u8fc7\u4e3b\u4eba\u516c\u7684\u8eab\u4efd\u8d77\u70b9\u6bd4\u8f83\u9ad8\uff0c\u8eab\u4e16\u662f\u4e00\u5927\u60ac\u5ff5"}, {"userName": "\u5525\u96d2\u6bc2\u4efa", "userReviewDate": "2018-06-07", "userURL": "https://my.qidian.com/user/211064297", "userReview": "\u9760\uff0c\u4f60\u5728\u4e09\u56fd\u90fd\u5446\u4e86\u5341\u51e0\u5e74\u4e86\uff0c\u8fd8\u54e5\u54e5\u957f\u54e5\u54e5\u77ed\u7684\uff0c\u4f60\u786e\u5b9a\u4ed6\u4eec\u542c\u5f97\u61c2\uff0c\u81ea\u79f0\u90fd\u4e0d\u4f1a\uff0c\u770b\u7740\u8fd9\u96be\u53d7\u554a"}, {"userName": "\u5415\u5929\u867e4312", "userReviewDate": "2018-06-02", "userURL": "https://my.qidian.com/user/313321985", "userReview": "\u54ce\u5440\uff0c\u597d\u671f\u5f85\u63a5\u4e0b\u6765\u7684\u5267\u60c5"}, {"userName": "\u60b2\u98ce\u6559\u56e2\u5458", "userReviewDate": "2018-06-02", "userURL": "https://my.qidian.com/user/210458508", "userReview": "\u6709\u70b9\u540a\uff0c\u6562\u62ff\u8d64\u5bb5\u5251\u4e0a\u573a\u6740\u654c\u3002\u8fd9\u79cd\u5251\u4e0d\u662f\u5c5e\u4e8e\u4eea\u5f0f\u5251\uff0c\u519b\u65d7\u7c7b\u578b\u5417\uff1f\u73a9\u8131\u4e86\u548b\u529e\uff1f"}, {"userName": "\u6768\u7075\u5c14", "userReviewDate": "2018-05-27", "userURL": "https://my.qidian.com/user/301432191", "userReview": "\u6162\u6162\u770b\u4e0b\u6765\u6545\u4e8b\u60c5\u8282\u8fd8\u662f\u633a\u4e0d\u9519\u7684\uff0c\u5e0c\u671b\u63a5\u4e0b\u6765\u7684\u60c5\u8282\u66f4\u52a0\u4e30\u5bcc\u6709\u8da3\uff0c\u671f\u5f85!"}, {"userName": "\u7687\u671d123", "userReviewDate": "2018-05-27", "userURL": "https://my.qidian.com/user/216085924", "userReview": "\u5dee\u52b2\u5f97\u5f88\u3002"}, {"userName": "\u6768\u7075\u5c14", "userReviewDate": "2018-05-25", "userURL": "https://my.qidian.com/user/301432191", "userReview": "\u6709\u6bd2\uff0c\u4e0d\u77e5\u4e0d\u89c9\u5df2\u7ecf\u770b\u5230\u4e09\u767e\u591a\u7bc7\u4e86!"}, {"userName": "\u3001\u2016\u3002\u65cb\u5f8b\u2121", "userReviewDate": "2018-05-22", "userURL": "https://my.qidian.com/user/12677536", "userReview": "170\u4e07\u5b57\uff1f\u6c42\u795e\u519c\u7ed9\u6211\u8bf4\u4e00\u4e0b\u672c\u4e66\u6709\u6bd2\u5426\uff1f"}, {"userName": "\u6768\u7075\u5c14", "userReviewDate": "2018-05-13", "userURL": "https://my.qidian.com/user/301432191", "userReview": "\u7b7e\u5230......"}, {"userName": "\u6768\u7075\u5c14", "userReviewDate": "2018-05-12", "userURL": "https://my.qidian.com/user/301432191", "userReview": "\u7b7e\u5230......"}, {"userName": "\u7231\u4e0d\u5b8c\u7684\u601d\u5ff5", "userReviewDate": "2018-05-09", "userURL": "https://my.qidian.com/user/213649252", "userReview": "\u5f00\u5934\u5199\u5f97\u8fd8\u4e0d\u9519\uff0c\u540e\u6765\u5199\u5f97\u8d8a\u6765\u8d8a\u5dee\uff0c\u8fde\u8df3\u7740\u8bfb\u7684\u6b32\u671b\u90fd\u6ca1"}, {"userName": "\u7eb5\u96ea", "userReviewDate": "2018-05-05", "userURL": "https://my.qidian.com/user/215718613", "userReview": "\u5199\u7684\u5f88\u7275\u5f3a\uff0c\u4f30\u8ba1\u53e4\u4ee3\u7535\u5f71\u770b\u591a\u4e86"}, {"userName": "\u7eb5\u96ea", "userReviewDate": "2018-04-29", "userURL": "https://my.qidian.com/user/215718613", "userReview": "\u4e0d\u77e5\u9053\u4f5c\u8005\u662f\u4ec0\u4e48\u5fc3\u6001\u5199\u7684\u8fd9\u4e66\uff0c\u770b\u4e86\u51e0\u7ae0\uff0c\u8d70\u4e86"}], "description": "\u9192\u638c\u5929\u4e0b\u6743\uff0c\u9189\u5367\u7f8e\u4eba\u819d\uff0c\u4e94\u5343\u5e74\u98ce\u534e\u70df\u96e8\uff0c\u662f\u975e\u6210\u8d25\u8f6c\u5934\u7a7a\uff01", "title": "\u4e09\u56fd\u4e4b\u5f03\u5b50", "url": "https://book.qidian.com/info/1003376020", "average": -1.0, "cover": "//qidian.qpic.cn/qdbimg/349573/1003376020/180", "reviews": -1, "authors": [{"url": "https://me.qidian.com/authorIndex.aspx?id=6557122", "name": "\u53cc\u6728\u9053\u4eba"}], "type": ["\u5386\u53f2", "\u79e6\u6c49\u4e09\u56fd"], "outlinks": ["https://book.qidian.com/info/1003376020", "https://book.qidian.com/info/1010097057", "https://book.qidian.com/info/1010097057", "https://book.qidian.com/info/1010773937", "https://book.qidian.com/info/1010773937", "https://book.qidian.com/info/1010457317", "https://book.qidian.com/info/1010457317", "https://book.qidian.com/info/1010603320", "https://book.qidian.com/info/1010603320", "https://book.qidian.com/info/1010895150", "https://book.qidian.com/info/1010895150", "https://book.qidian.com/info/1010727894", "https://book.qidian.com/info/1010727894", "https://book.qidian.com/info/1011800596", "https://book.qidian.com/info/1010891668", "https://book.qidian.com/info/1011773910", "https://book.qidian.com/info/1011783347", "https://book.qidian.com/info/1011643843", "https://book.qidian.com/info/1011476924", "https://book.qidian.com/info/1011635441", "https://book.qidian.com/info/1009999928", "https://book.qidian.com/info/1006932473", "https://book.qidian.com/info/1005080011"]}