{"ratings": 0.0, "userreviews": [{"userName": "\u72ec\u996e\u5bd2\u5dde\u6c5f\u4e0a\u96ea", "userReviewDate": "5\u5c0f\u65f6\u524d", "userURL": "https://my.qidian.com/user/309459509", "userReview": "\u4e3a\u4ec0\u4e48\u8c82\u8749\u4e0d\u662f\u4e3b\u89d2\u7684\uff0c\u8fd8\u641e\u70b9\u574e\u5777\uff0c\u54ea\u4e00\u7ae0\u4e3b\u89d2\u5f97\u5230\u8c82\u8749\uff0c\u6211\u5c31\u4ece\u54ea\u4e00\u7ae0\u5f00\u59cb\u770b\uff0c\u8981\u662f\u8c82\u8749\u4e0d\u662f\u5b8c\u597d"}, {"userName": "\u55dc\u8840\uffe1\u65e0\u540d", "userReviewDate": "\u6628\u65e502:00", "userURL": "https://my.qidian.com/user/21246680", "userReview": "\u8fd9\u4e2a\u5267\u60c5\u770b\u5f97\u51fa\u4f5c\u8005\u5f88\u4efb\u6027\uff5e\u5f03\u4e86"}, {"userName": "\u6c90\u6d74\u68ee\u6797", "userReviewDate": "2018-06-07", "userURL": "https://my.qidian.com/user/216591347", "userReview": "\u9898\u6750\u5f88\u65b0\u9896\uff0c\u5386\u53f2\u4e0a\u7684\u8bf8\u845b\u6b66\u4faf\u66fe\u7ed9\u4e86\u6211\u4eec\u4e00\u4e2a\u8840\u6dcb\u6dcb\u7684\u6559\u8bad\uff0c\u9006\u52bf\u7ec8\u4e0d\u53ef\u4e3a\u3002\u66f4\u4f55\u51b5\u8fd9\u4e2a\u72b9\u67d4\u5be1\u65ad\u5df2"}, {"userName": "\u5415\u5929\u867e12548", "userReviewDate": "2018-06-07", "userURL": "https://my.qidian.com/user/315245756", "userReview": "\u5f00\u697c\u7b7e\u5230[fn=31]"}, {"userName": "\u80d6\u5b81\u5b81", "userReviewDate": "2018-06-05", "userURL": "https://my.qidian.com/user/105950265", "userReview": "\u8340\u6538 \u5c31\u662f\u9ec4\u95e8\u4f8d\u90ce~\u4ed6\u4e5f\u662f\u592a\u76d1\uff1f\u4f5c\u8005\u4ece\u54ea\u91cc\u77e5\u9053\u7684\u9ec4\u95e8\u5c31\u662f\u592a\u76d1\uff1f\u4e0d\u61c2\u5c31\u522b\u4e71\u8bf4\u3002\u4e09\u56fd\u6f14\u4e49\u5c31\u591f\u80e1"}, {"userName": "\u503e\u5411\u6027\u60b2\u89c2\u4e3b\u4e49", "userReviewDate": "2018-06-05", "userURL": "https://my.qidian.com/user/213254547", "userReview": "\u60f3\u95ee\u4e00\u53e5\uff0c\u8be5\u6587\u4e0d\u4f1a\u662f\u8463\u5353\u5165\u4eac\uff0c\u5341\u516b\u8def\u8bf8\u4faf\u8ba8\u8463\u5427\uff1f\u7136\u540e\u4e3b\u89d2\u529b\u633d\u72c2\u6f9c\u8f85\u4f50\u5218\u8fa8\u6253\u5929\u4e0b\uff1f\u8fd9\u79cd\u7684\u5417\uff1f"}, {"userName": "\u5b69\u5b50\u5927\u51f6", "userReviewDate": "2018-05-25", "userURL": "https://my.qidian.com/user/218034341", "userReview": "\u8fd9\u672c\u4e66\u5982\u679c\u8f85\u52a9\u5218\u8fab\uff0c\u5199\u723d\u6587\u4f1a\u706b\u3002\u5426\u5219\uff0c\u4e5f\u53ea\u6709\u6211\u4e66\u8352\uff0c\u52a0\u4e09\u56fd\u8ff7\u4f1a\u770b\u3002"}, {"userName": "\u4ef2\u884c\u9171", "userReviewDate": "2018-05-04", "userURL": "https://my.qidian.com/user/314149314", "userReview": "\u8fd9\u8fb9\u662f\u6253\u7b97\u8ddf\u7740\u51a2\u864e\u5bb6\u65cf\u8d70\u5417[fn=33]?"}, {"userName": "\u4ef2\u884c\u9171", "userReviewDate": "2018-05-04", "userURL": "https://my.qidian.com/user/314149314", "userReview": "\u5927\u5927\uff0c\u662f\u4e0d\u662f\u5f53\u5e74\u590f\u4faf\u60c7\u6ca1\u778e\u7684\u65f6\u5019\uff0c[fn=26]\u8fd8\u662f\u4e2a\u5927\u5e05\u54e5\u3002\u778e\u4e86\u4ee5\u540e\u561b\uff0c\u80af\u5b9a\u66f4\u5e05\u4e86"}, {"userName": "\u591c\u5149\u4e0b\u7684\u6a31\u82b1", "userReviewDate": "2018-04-25", "userURL": "https://my.qidian.com/user/304853500", "userReview": "99\u662f\u8c82\u8749"}], "description": "\u9192\u638c\u5929\u4e0b\u6743\uff0c\u9189\u5367\u7f8e\u4eba\u819d\uff0c\u4e94\u5343\u5e74\u98ce\u534e\u70df\u96e8\uff0c\u662f\u975e\u6210\u8d25\u8f6c\u5934\u7a7a\uff01", "title": "\u4e09\u56fd\u4e4b\u6c49\u81e3", "url": "https://book.qidian.com/info/1011819664", "average": -1.0, "cover": "//qidian.qpic.cn/qdbimg/349573/1011819664/180", "reviews": -1, "authors": [{"url": "https://me.qidian.com/authorIndex.aspx?id=401515710", "name": "\u9a91\u58eb\u7684\u8ff7\u832b"}], "type": ["\u5386\u53f2", "\u79e6\u6c49\u4e09\u56fd"], "outlinks": ["https://book.qidian.com/info/1011819664", "https://book.qidian.com/info/1010835759", "https://book.qidian.com/info/1010835759", "https://book.qidian.com/info/1010504939", "https://book.qidian.com/info/1010504939", "https://book.qidian.com/info/3688742", "https://book.qidian.com/info/3688742", "https://book.qidian.com/info/1004984009", "https://book.qidian.com/info/1004984009", "https://book.qidian.com/info/3691153", "https://book.qidian.com/info/3691153", "https://book.qidian.com/info/1010346227", "https://book.qidian.com/info/1010346227", "https://book.qidian.com/info/1011017591", "https://book.qidian.com/info/1011017591", "https://book.qidian.com/info/1011800596", "https://book.qidian.com/info/1010891668", "https://book.qidian.com/info/1011773910", "https://book.qidian.com/info/1011783347", "https://book.qidian.com/info/1011643843", "https://book.qidian.com/info/1011476924", "https://book.qidian.com/info/1011635441", "https://book.qidian.com/info/1009999928", "https://book.qidian.com/info/1006932473", "https://book.qidian.com/info/1005080011"]}