{"ratings": 0.0, "userreviews": [{"userName": "\u5f3a\u5f3a8047", "userReviewDate": "2015-02-02", "userURL": "https://my.qidian.com/user/1464481", "userReview": "\u732b\u5144\u597d~\u9ed8\u9ed8\u5730\u770b\u4e86\u8fd9\u672c\u4e66\u597d\u4e45\u4e86\uff0c\u6bcf\u6708\u7684\u90a3\u51e0\u5f20\u6708\u7968\u4e5f\u90fd\u6295\u7ed9\u4e86\u5b83\uff0c\u5f88\u4e0d\u5e0c\u671b\u770b\u5230\u8fd9\u672c\u4e66\u864e\u5934\u86c7\u5c3e\u3001"}, {"userName": "\u4e66\u53cb090112162735688", "userReviewDate": "2015-01-09", "userURL": "https://my.qidian.com/user/105216414", "userReview": "\u592a\u4f1a\u6284\u4e86 \u6284\u300a\u7f51\u6e38\u4e4b\u865a\u62df\u57ce\u5e02\u300b"}, {"userName": "\u61d2\u732b\u4e0d\u7626", "userReviewDate": "2014-09-18", "userURL": "https://my.qidian.com/user/20495486", "userReview": "\u5927\u5bb6\u5bf9\u672c\u4e66\u7684\u770b\u6cd5\u548c\u5efa\u8bae,\u4ee5\u4fbf\u8001\u732b\u80fd\u5199\u5f97\u66f4\u597d."}, {"userName": "king\u7684\u5149\u8f89", "userReviewDate": "2018-06-03", "userURL": "https://my.qidian.com/user/301987303", "userReview": "\u770b\u5230\u5e9e\u7edf\u6211\u5c31\u5f03\u4e86\u3002\u5e9e\u7edf\uff0c179\u5e74\u51fa\u751f\u3002\u4e3b\u89d2\u8fdb\u6e38\u620f\u662f183\u5e74\uff0c\u5475\u5475\uff0c\u81ea\u5df1\u7b97\u5427\u3002"}, {"userName": "AEWLYY", "userReviewDate": "2018-06-02", "userURL": "https://my.qidian.com/user/304443059", "userReview": "\u8fd9\u672c\u4e66\u7684\u7b80\u4ecb\u3002\u3002\u3002"}, {"userName": "\u4e66\u4e66\u4e66\u866b\u4e36", "userReviewDate": "2018-05-30", "userURL": "https://my.qidian.com/user/222523188", "userReview": "\u4e3b\u89d2\u540d\u5b57\uff1a\u90d1\u963f\u725b\u963f\u725b\u5347\u7ea7\u4e86\uff0c\u963f\u725b\u597d\u5389\u5bb3\uff0c\u963f\u725b\u2026\u2026\u5367\u69fd\uff0c\u771f\u7684\u662f\u5f88\u51fa\u620f\u554a\u3002"}, {"userName": "\u4e66\u53cb140225115241757", "userReviewDate": "2018-04-02", "userURL": "https://my.qidian.com/user/176925438", "userReview": "\u8c8c\u4f3c\u201c\u5b50\u9f99\u201d\u662f\u5218\u7687\u53d4\u8d50\u7684\u540d\u5427...\u4e66\u91cc\u8d75\u4e91\u8fd8\u6ca1\u89c1\u7740\u5218\u7687\u53d4\u5462"}, {"userName": "\u9739\u96f3\u72c2\u5200", "userReviewDate": "2018-04-02", "userURL": "https://my.qidian.com/user/142016", "userReview": "\u4e3a\u4ec0\u4e48\u5199\u8fd9\u7c7b\u4e09\u56fd\u7f51\u6e38\u6587\u7684\u4e3b\u89d2\u90fd\u8981\u8bbe\u5b9a\u6210\u201c\u603b\u6709\u574f\u4eba\u60f3\u5bb3\u6715\u201d\uff0c\u5f00\u5c40\u8981\u4e48\u53d7\u8feb\u5bb3\u8fdb\u6e38\u620f\uff0c\u8981\u4e48\u5c31\u662f\u4e0a"}, {"userName": "\u4ec5\u6709\u7684\u59ff\u6001xlf", "userReviewDate": "2018-03-07", "userURL": "https://my.qidian.com/user/213648081", "userReview": "\u4e3b\u89d2\u8fd9\u4e2a\u540d\u5b57\u770b\u7740\u597d\u522b\u626d"}, {"userName": "\u6740\u6740\u4eba\u4e0b\u4e0b\u68cb", "userReviewDate": "2018-03-04", "userURL": "https://my.qidian.com/user/10878356", "userReview": "\u6709\u4e2a\u65b0\u5458\u5de5\u548c\u4eba\u4e8b\u90e8\u540c\u4e8b\u804a\u5929\uff0c\u4ed6\u597d\u5947\u5730\u95ee\uff1a\u201c\u5f53\u521d\u5e94\u8058\u65f6\u4eba\u90a3\u4e48\u591a\uff0c\u6211\u7684\u5b66\u5386\u4e5f\u4e0d\u662f\u6700\u9ad8\u7684\uff0c\u4f60\u4eec\u4eba"}, {"userName": "\u7a9d\u74dc\u4e0d\u662f\u83dc", "userReviewDate": "2017-12-25", "userURL": "https://my.qidian.com/user/230181408", "userReview": "\u611f\u89c9\u4f5c\u8005\u65b0\u4e66\u4e0d\u5982\u8fd9\u4e00\u672c\u9760\u8c31"}, {"userName": "milanmack", "userReviewDate": "2017-12-22", "userURL": "https://my.qidian.com/user/130834812", "userReview": "\u56db\u5e74\u4e86\uff0c\u6211\u771f\u7684\u7b49\u4e86\u56db\u5e74\uff0c\u4e5f\u8bb8\u5927\u5bb6\u4e0d\u4fe1\uff0c\u6211\u6bcf\u5341\u5929\u534a\u4e2a\u6708\u90fd\u4f1a\u70b9\u8fdb\u6765\u770b\u4e0b\uff0c\u671f\u5f85\u61d2\u732b\u7684\u66f4\u65b0\uff0c\u6bcf\u6bcf\u90fd"}, {"userName": "\u840c\u65b0\u82dc\u84ff", "userReviewDate": "2017-11-28", "userURL": "https://my.qidian.com/user/221073472", "userReview": "\u6ef4\uff0c\u8001\u5e74\u5361\u3002"}, {"userName": "\u9b54\u738b20", "userReviewDate": "2017-11-22", "userURL": "https://my.qidian.com/user/2409294", "userReview": "\u6211\u53bb\u6211\u662f\u7687\u5e1d\u8fd9\u672c\u4e66\u6709\u70b9\u50cf"}], "description": "\u8086\u610f\u6325\u6d12\u6fc0\u60c5\u7684\u6e38\u620f\u4eba\u751f\uff0c\u6253\u7834\u73b0\u5b9e\u6846\u67b6\u7684\u65e0\u5c3d\u5e7b\u60f3\uff01", "title": "\u4e09\u56fd\u4e4b\u6a21\u62df\u57ce\u5e02", "url": "https://book.qidian.com/info/1002085", "average": -1.0, "cover": "//qidian.qpic.cn/qdbimg/349573/1002085/180", "reviews": -1, "authors": [{"url": "https://me.qidian.com/authorIndex.aspx?id=1004520", "name": "\u61d2\u732b\u4e0d\u7626"}], "type": ["\u6e38\u620f", "\u865a\u62df\u7f51\u6e38"], "outlinks": ["https://book.qidian.com/info/1002085", "https://book.qidian.com/info/1009527873", "https://book.qidian.com/info/1009527873", "https://book.qidian.com/info/1010429625", "https://book.qidian.com/info/1010429625", "https://book.qidian.com/info/1009894690", "https://book.qidian.com/info/1009894690", "https://book.qidian.com/info/2391937", "https://book.qidian.com/info/2391937", "https://book.qidian.com/info/1003715122", "https://book.qidian.com/info/1003715122", "https://book.qidian.com/info/1009795401", "https://book.qidian.com/info/1009795401", "https://book.qidian.com/info/1003715122", "https://book.qidian.com/info/1003715122", "https://book.qidian.com/info/1011944539", "https://book.qidian.com/info/1011967882", "https://book.qidian.com/info/1011856614", "https://book.qidian.com/info/1011979301", "https://book.qidian.com/info/1010667415", "https://book.qidian.com/info/1011736169", "https://book.qidian.com/info/1011797289", "https://book.qidian.com/info/1011808514", "https://book.qidian.com/info/1011901619", "https://book.qidian.com/info/1011962316"]}