{"ratings": 0.0, "userreviews": [{"userName": "\u6211\u7684\u59b9\u59b9\u53eb\u96cf\u75302323", "userReviewDate": "14\u5206\u949f\u524d", "userURL": "https://my.qidian.com/user/317186080", "userReview": "\u7b7e\u5230\u4e00\u6ce2\uff01"}, {"userName": "\u6728\u5934\u5b50\u5f39", "userReviewDate": "20\u5c0f\u65f6\u524d", "userURL": "https://my.qidian.com/user/120998138", "userReview": "\u600e\u4e48\u8bf4\u5462\uff0c\u81ea\u5df1\u82b1\u94b1\u5237\u51fa\u7684\u6b66\u5c06\u8fd8\u4f1a\u53db\u53d8\u771f\u7684\u5f88\u8188\u5e94\u4eba\uff0c\u53d8\u76f8\u7684\u7ed9\u81ea\u5df1\u589e\u52a0\u5bf9\u624b\u554a\uff0c\u5173\u952e\u8fd8\u662f\u4e3b\u89d2\u81ea\u5df1"}, {"userName": "\u68a6\u5e7b\u4e4b\u5149\u8f89", "userReviewDate": "20\u5c0f\u65f6\u524d", "userURL": "https://my.qidian.com/user/215746628", "userReview": "\u8fd9\u662f\u8981\u5927\u4e89\u554a \u4e0d\u8fc7\u628a\u7684\u4f4f\u5417  \u8bdd\u8bf4\u8981\u662f\u6211\u662f\u4e3b\u89d2\u53ef\u80fd\u6d3e\u4eba\u6697\u6740\u4ed6\u53bb  \u4e0d\u8fc7\u5c0f\u8bf4 \u5475\u5475"}, {"userName": "\u5173\u4e0d\u4e86", "userReviewDate": "\u6628\u65e511:55", "userURL": "https://my.qidian.com/user/119379649", "userReview": "\u8fd8\u662f\u4e0d\u592a\u559c\u6b22\u53ec\u5524\u7206\u8868\u7c7b\u578b\u7684\uff0c\u4f60\u8981\u662f\u4e3a\u4e86\u5e73\u8861\uff0c\u53ef\u4ee5\u505a\u51fa\u6570\u91cf\u548c\u6982\u7387\u7684\u9650\u5236\uff0c\u548c\u8d44\u654c\u611f\u89c9\u4e0d\u4e00\u6837\uff0c\u800c"}, {"userName": "\u6770\u54e5\u98ce\u6e38\u5929\u4e0b", "userReviewDate": "2018-06-07", "userURL": "https://my.qidian.com/user/202777006", "userReview": "\u7b7e\u5230\u6c34\u7ecf\u9a8c"}, {"userName": "\u79e6\u6c49\u7687\u671d", "userReviewDate": "2018-06-07", "userURL": "https://my.qidian.com/user/312172896", "userReview": "\u7b7e\u5230\u6c34\u7ecf\u9a8c"}, {"userName": "\u5e7b\u96e8\u70df\u8fb0", "userReviewDate": "2018-06-05", "userURL": "https://my.qidian.com/user/132125441", "userReview": "\u8fd9\u662f\u771f\u7684\u6253\u7b97\u79cd\u7530\u79cd\u5230\u4e0d\u7ed9\u4eba\u6d3b\u8def\u554a\uff01"}, {"userName": "\u5389\u9704", "userReviewDate": "2018-06-05", "userURL": "https://my.qidian.com/user/124479371", "userReview": "\u770b\u5230\u6b66\u5143\u5e86\u88ab\u62db\u51fa\u6765\u540e\u4e0d\u7ed9\u4e3b\u89d2\u5f53\u5c5e\u4e0b\uff0c\u6211\u7b2c\u4e00\u53cd\u5e94\u5c31\u662f\uff0c\u4e3b\u89d2\u5e94\u8be5\u53cd\u624b\u4e00\u5200\u5bb0\u4e86\u8fd9\u8d27\uff0c\u7136\u540e\u4e3b\u89d2\u7684\u5185"}, {"userName": "\u79e6\u5929\u5b57\u65e0\u53cc", "userReviewDate": "2018-06-05", "userURL": "https://my.qidian.com/user/216708071", "userReview": "\u6211\u89c9\u5f97\u4f5c\u8005\u541b\u53ef\u4ee5\u76f4\u63a5\u5237\u65e0\u654c\uff0c\u7528\u5175\u9a6c\u5e73\u63a8\uff0c\u4f6010\u4e07\u5927\u519b\uff0c\u6211\u76f4\u63a5\u4e0a100\u4e07\u6765\u6253\u6dfb\u6cb9\u6218\u672f\uff0c\u770b\u8c01\u8017"}, {"userName": "\u4e71\u8d70\u8e29\u8def", "userReviewDate": "2018-06-05", "userURL": "https://my.qidian.com/user/215625779", "userReview": "\u867d\u7136\u5199\u5f97\u4e0d\u662f\u5f88\u597d\uff0c\u4f46\u5e0c\u671b\u7ee7\u7eed\u52aa\u529b\uff0c\u52a0\u6cb9\uff01"}, {"userName": "\u4e71\u8d70\u8e29\u8def", "userReviewDate": "2018-06-05", "userURL": "https://my.qidian.com/user/215625779", "userReview": "\u6162\u6162\u8fdb\u6b65\u5427\uff01"}, {"userName": "\u7ad9\u5728\u8fdc\u5904\u5fc6\u7ae5\u5e74", "userReviewDate": "2018-06-04", "userURL": "https://my.qidian.com/user/223248685", "userReview": "\u5509\uff01\u7b2c\u4e94\u7ae0\u7cae\u98df\u4f60\u5c31\u76f4\u63a5\u8f6c\u6362\u6210\u4eba\u53e3\u4e86\uff1f\u4f60\u628a\u4eba\u770b\u7cae\u98df\u4e0b\u4eba\u652f\u51fa\u6765\u6709\u4e2a\u6c42\u7528\uff1f\u90a3\u662f\u5728\u4f60\u5bb6\u91cc\u9762\u554a\uff1f30"}, {"userName": "\u7ad9\u5728\u8fdc\u5904\u5fc6\u7ae5\u5e74", "userReviewDate": "2018-06-04", "userURL": "https://my.qidian.com/user/223248685", "userReview": "\u4f5c\u8005\uff0c\u4f60\u53ec\u5524\u51fa\u6765\u7684\u4eba\u7269\u519c\u6c11\u597d\u51b7\u9759\u7406\u667a\u7684\u53ef\u6015\u3001\u5e0c\u671b\u4f60\u80fd\u6539\u4e0b\u3001\u77e5\u9053\u81ea\u5df1\u53e6\u5916\u5355\u4f4d\u7cae\u98df\u3001\u6539\u6210\u53e4\u4ee3\u8ba1"}, {"userName": "\u76d6\u6d47\u996d\uff02", "userReviewDate": "2018-06-04", "userURL": "https://my.qidian.com/user/229452059", "userReview": "\u6216\u8bb8\u53ef\u4ee5\u589e\u52a0\u4e2a\u5546\u54c1\u6216\u8005\u4efb\u52a1\u680f\u4ec0\u4e48\u7684\uff0c\u5237\u4e9b\u5c0f\u9053\u5177\uff0c\u6765\u4e2aBUFF\u4ec0\u4e48\u7684\u3002\u3002"}], "description": "\u9192\u638c\u5929\u4e0b\u6743\uff0c\u9189\u5367\u7f8e\u4eba\u819d\uff0c\u4e94\u5343\u5e74\u98ce\u534e\u70df\u96e8\uff0c\u662f\u975e\u6210\u8d25\u8f6c\u5934\u7a7a\uff01", "title": "\u4e09\u56fd\u4e4b\u5927\u7206\u5175", "url": "https://book.qidian.com/info/1011964758", "average": -1.0, "cover": "//qidian.qpic.cn/qdbimg/349573/1011964758/180", "reviews": -1, "authors": [{"url": "https://me.qidian.com/authorIndex.aspx?id=402229448", "name": "\u9694\u58c1\u7684\u5c0f\u8725\u8734"}], "type": ["\u5386\u53f2", "\u79e6\u6c49\u4e09\u56fd"], "outlinks": ["https://book.qidian.com/info/1011964758", "https://book.qidian.com/info/1004984009", "https://book.qidian.com/info/1004984009", "https://book.qidian.com/info/1003578104", "https://book.qidian.com/info/1003578104", "https://book.qidian.com/info/1005012532", "https://book.qidian.com/info/1005012532", "https://book.qidian.com/info/1010504939", "https://book.qidian.com/info/1010504939", "https://book.qidian.com/info/1010835759", "https://book.qidian.com/info/1010835759", "https://book.qidian.com/info/1010017789", "https://book.qidian.com/info/1010017789", "https://book.qidian.com/info/1011800596", "https://book.qidian.com/info/1010891668", "https://book.qidian.com/info/1011773910", "https://book.qidian.com/info/1011783347", "https://book.qidian.com/info/1011643843", "https://book.qidian.com/info/1011476924", "https://book.qidian.com/info/1011635441", "https://book.qidian.com/info/1009999928", "https://book.qidian.com/info/1006932473", "https://book.qidian.com/info/1005080011"]}