{"ratings": 0.0, "userreviews": [{"userName": "\u5c0f\u86c7\u59961", "userReviewDate": "\u6628\u65e508:28", "userURL": "https://my.qidian.com/user/191665925", "userReview": "\u5c0f\u86c7\u59961\u6253\u8d4f\u8033\u6839 100000\u8d77\u70b9\u5e01  \u5929\u82b1\u4e71\u5760\uff0c\u611f\u52a8\u6d95\u96f6\uff0c\u5148\u751f\u4e4b\u624d\u5f53\u53d7\u6b64\u8d4f\uff01"}, {"userName": "JJJJR", "userReviewDate": "2018-06-07", "userURL": "https://my.qidian.com/user/209331361", "userReview": "JJJJR\u6253\u8d4f\u8033\u6839 50000\u8d77\u70b9\u5e01  \u4e09\u5bf8\u4eba\u95f4"}, {"userName": "\u56de\u5fc6\u5f80\u6614\u6708", "userReviewDate": "2018-06-05", "userURL": "https://my.qidian.com/user/146636716", "userReview": "\u56de\u5fc6\u5f80\u6614\u6708\u6253\u8d4f\u8033\u6839 100000\u8d77\u70b9\u5e01  \u5929\u82b1\u4e71\u5760\uff0c\u611f\u52a8\u6d95\u96f6\uff0c\u5148\u751f\u4e4b\u624d\u5f53\u53d7\u6b64\u8d4f\uff01"}, {"userName": "\u591c\u4ea6\u72ec\u884c", "userReviewDate": "2018-06-03", "userURL": "https://my.qidian.com/user/133688651", "userReview": "\u591c\u4ea6\u72ec\u884c\u6253\u8d4f\u8033\u6839 100000\u8d77\u70b9\u5e01  \u5929\u82b1\u4e71\u5760\uff0c\u611f\u52a8\u6d95\u96f6\uff0c\u5148\u751f\u4e4b\u624d\u5f53\u53d7\u6b64\u8d4f\uff01"}, {"userName": "\u9752\u67e0\u7d05\u8336Hs", "userReviewDate": "2\u5206\u949f\u524d", "userURL": "https://my.qidian.com/user/225044742", "userReview": "\u6211\u770b\u8033\u6839\u7684\u4e66\uff0c\u5c31\u662f\u56e0\u4e3a\u66f4\u65b0\u65f6\u95f4\u56fa\u5b9a\uff0c\u5f88\u5c11\u62d6\u6b20\uff0c\u6240\u4ee5\uff0c\u6211\u6b23\u8d4f\u8fd9\u6837\u7684\u4eba"}, {"userName": "\u6d0b\u9152\u6709\u6bd2", "userReviewDate": "2\u5206\u949f\u524d", "userURL": "https://my.qidian.com/user/216861785", "userReview": "\u8033\u5927\u7684\u51cf\u80a5\u79d8\u8bc0:1,\u8dd1\u6b65\uff0c\u5982\u738b\u5b9d\u4e50\u98de\u6eda\u800c\u8fc7\uff0c\u8fd9\u4e00\u523b\u7edd\u5bf9\u8981\u8fdb\u5165\u5fc3\u4e2d\u53ea\u6709\u51cf\u80a5\uff0c\u6ca1\u6709\u65c1\u4eba\u7684\u65e0\u4ed6\u4e4b"}, {"userName": "\u5929\u884c\u5065\u7537\u513f\u884c\u83ab\u6b3a\u5c11\u5e74\u7a77", "userReviewDate": "3\u5206\u949f\u524d", "userURL": "https://my.qidian.com/user/216854772", "userReview": "\u300e2018.06.01\u300f\u4e09\u5bf8\u4eba\u95f4\u6b63\u5f0f\u8fde\u8f7d       \u4e66\u8bc4\u91cc\u9762\u592a\u591a\u7684\u7b7e\u5230\u8d34\u4f1a\u770b\u8d77\u6765\u5f88\u4e71\uff0c\u90a3"}, {"userName": "\u9b54\u5fc3\u4e00\u4e00\u4e00\u98ce", "userReviewDate": "7\u5206\u949f\u524d", "userURL": "https://my.qidian.com/user/216591148", "userReview": "\u7ec8\u4e8e\u7b49\u5230\u4f60\uff0c"}, {"userName": "\u4e66\u53cb20170529160920874", "userReviewDate": "8\u5206\u949f\u524d", "userURL": "https://my.qidian.com/user/302449302", "userReview": "\u63b0\u624b\u6307\uff0c\u8e29\u811a\u8dbe\uff0c\u6293\u5934\u53d1\uff0c\u62c9\u8033\u6735"}, {"userName": "\u6211\u7ec8\u4e8e\u6709\u4e86\u81ea\u5df1\u7684\u540d\u5b57", "userReviewDate": "8\u5206\u949f\u524d", "userURL": "https://my.qidian.com/user/231557275", "userReview": "\u7968\u592a\u5047\u4ee5\u81f3\u4e8e\u5bf9\u4f5c\u54c1\u53cd\u611f"}, {"userName": "\u7535\u7ebf\u6746\u4e0a\u7b11\u770b\u4eca\u751f", "userReviewDate": "8\u5206\u949f\u524d", "userURL": "https://my.qidian.com/user/192343639", "userReview": "\u8033\u6839\u5927\u5927\u6bcf\u6b21\u90fd\u8fd9\u6837\u7528\u6700\u5351\u9119\u7684\u62db\uff0c\u53bb\u6253\u4eba\u5bb6\uff0c\u7136\u540e\u8fd8\u662f\u5f88\u65e0\u8f9c\u7684\u6837\u5b50\uff0c\u73b0\u5b9e\u751f\u6d3b\u4e2d\u4ed6\u4e5f\u662f\u8fd9\u6837\u7684\u4eba\u5417"}, {"userName": "\u4e00\u7b11\u5c31\u4f24", "userReviewDate": "14\u5206\u949f\u524d", "userURL": "https://my.qidian.com/user/215725118", "userReview": "\u9ed1\u5c71\u8001\u5996\u4e0d\u662f\u5996\uff0c\u90a3\u662f\u4ec0\u4e48\uff1f"}, {"userName": "\u60ac\u9b42\u68af", "userReviewDate": "15\u5206\u949f\u524d", "userURL": "https://my.qidian.com/user/177644790", "userReview": "\u6c34\u7ecf\u9a8c\u6c34\u7ecf\u9a8c\u6c34\u7ecf\u9a8c\u6c34\u7ecf\u9a8c\u6c34\u7ecf\u9a8c\u6c34\u7ecf\u9a8c\u6c34\u7ecf\u9a8c\u6c34\u7ecf\u9a8c\u6c34\u7ecf\u9a8c\u6c34\u7ecf\u9a8c\u6c34\u7ecf\u9a8c\u6c34\u7ecf\u9a8c\u6c34\u7ecf\u9a8c\u6c34\u7ecf\u9a8c\u6c34\u7ecf\u9a8c"}, {"userName": "sunny\u6212", "userReviewDate": "17\u5206\u949f\u524d", "userURL": "https://my.qidian.com/user/217452662", "userReview": "\u76d6\u4e2a\u7b7e\u5230\u697c\uff0c\u4e00\u697c\u5341\u5e01\uff0c\u5148\u6253\u8d4f\u8235\u4e3b\uff0c\u76df\u4e3b\u5c01\u9876\uff0c\u6b22\u8fce\u5927\u4f6c\u4eec\u6765\u8fd9\u7b7e\u5230\u3002\u8fd8\u662f\u559c\u6b22\u738b\u8001\u9b54\u90a3\u53e5\uff0c\u4e0d\u8981\u6015"}], "description": "\u4fee\u4ed9\u89c5\u957f\u751f\uff0c\u70ed\u8840\u4efb\u900d\u9065\uff0c\u8e0f\u83b2\u66f3\u6ce2\u6da4\u5251\u9aa8\uff0c\u51ed\u865a\u5fa1\u98ce\u5851\u5723\u9b42\uff01", "title": "\u4e09\u5bf8\u4eba\u95f4", "url": "https://book.qidian.com/info/1010327039", "average": -1.0, "cover": "//qidian.qpic.cn/qdbimg/349573/1010327039/180", "reviews": -1, "authors": [{"url": "https://me.qidian.com/authorIndex.aspx?id=4362120", "name": "\u8033\u6839"}], "type": ["\u4ed9\u4fa0", "\u4fee\u771f\u6587\u660e"], "outlinks": ["https://book.qidian.com/info/1010327039", "https://book.qidian.com/info/1004608738", "https://book.qidian.com/info/1004608738", "https://book.qidian.com/info/1010468795", "https://book.qidian.com/info/1010468795", "https://book.qidian.com/info/1011058239", "https://book.qidian.com/info/1011058239", "https://book.qidian.com/info/1009704712", "https://book.qidian.com/info/1009704712", "https://book.qidian.com/info/3106580", "https://book.qidian.com/info/3106580", "https://book.qidian.com/info/1010734492", "https://book.qidian.com/info/1010734492", "https://book.qidian.com/info/1243117", "https://book.qidian.com/info/1243117", "https://book.qidian.com/info/1264634", "https://book.qidian.com/info/1264634", "https://book.qidian.com/info/2070910", "https://book.qidian.com/info/2070910", "https://book.qidian.com/info/3106580", "https://book.qidian.com/info/3106580", "https://book.qidian.com/info/1003354631", "https://book.qidian.com/info/1003354631", "https://book.qidian.com/info/1004595892", "https://book.qidian.com/info/1004595892", "https://book.qidian.com/info/1010327039", "https://book.qidian.com/info/1012016027", "https://book.qidian.com/info/1011630501", "https://book.qidian.com/info/1012010192", "https://book.qidian.com/info/1011834598", "https://book.qidian.com/info/1011672705", "https://book.qidian.com/info/1011966835", "https://book.qidian.com/info/1011940680", "https://book.qidian.com/info/1011491390", "https://book.qidian.com/info/1011995376"]}