{"ratings": 0.0, "userreviews": [{"userName": "\u7231\u9e3f\u4e36", "userReviewDate": "2018-06-06", "userURL": "https://my.qidian.com/user/210630441", "userReview": "\u6211\u5c31\u60f3\u95ee\u4e0b\uff0c\u5f20\u6d4e\u548c\u5f20\u7ee3\u662f\u4ec0\u4e48\u5173\u7cfb\uff1f"}, {"userName": "\u5c0f\u8bf4\u5543\u98df\u8005", "userReviewDate": "2018-06-05", "userURL": "https://my.qidian.com/user/215609020", "userReview": "\u5185\u5bb9\u4e5f\u662f\u6d41\u6c34\u7ae0\uff0c\u5c0f\u5b66\u6c34\u5e73"}, {"userName": "\u8863\u77e5\u4e16", "userReviewDate": "2018-06-05", "userURL": "https://my.qidian.com/user/211263206", "userReview": "\u521b\u610f\u633a\u597d  \u53ef\u60dc\u4e3b\u89d2\u5851\u9020\u7684\u6027\u683c\u592a\u73b0\u4ee3\u5316  \u592a\u8df3\u8131 \u5386\u53f2\u6587\u8fd8\u662f\u8981\u539a\u91cd\u4e00\u70b9  \u8fd8\u6709\u6709\u5947\u5f02\u80fd\u529b\u8fd8"}, {"userName": "\u5415\u5929\u867e13097", "userReviewDate": "2018-06-03", "userURL": "https://my.qidian.com/user/316101774", "userReview": "\u5b8c\u5168\u4e0d\u6562\u770b....\u592a\u5c11\u4e86\u4e00\u5929\u5c31\u770b\u5b8c\u4e86"}, {"userName": "[\u5feb\u4e50\u306e\u8682\u8681]", "userReviewDate": "2018-06-03", "userURL": "https://my.qidian.com/user/469592", "userReview": "\u6b63\u5c06\u662f\u5565\u73a9\u610f\uff1f\u6e38\u620f\u8bbe\u5b9a\uff1f"}, {"userName": "\u4e66\u53cb20170505184154763", "userReviewDate": "2018-06-03", "userURL": "https://my.qidian.com/user/301380445", "userReview": "\u4e3b\u89d2\u7684\u540d\u5b57\u662f\u4e0d\u662f\u6709\u95ee\u9898\uff0c\u53e4\u4ee3\u6709\u59d3\u98ce\u7684\uff0c\u753b\u98ce\u4e0d\u5bf9\u554a\uff0c\u6709\u70b9\u50cf\u4e09\u6d41\u90fd\u5e02\u5f02\u80fd\u5c0f\u8bf4\u4e3b\u89d2\u7684\u540d\u5b57\uff0c\u8fd9\u540d\u5b57"}, {"userName": "\u5f2f\u810a\u6881", "userReviewDate": "2018-05-29", "userURL": "https://my.qidian.com/user/211432440", "userReview": "\u6218\u6597\u529b\u5ffd\u4e0a\u5ffd\u4e0b\u7684\uff0c\u770b\u7740\u96be\u53d7\u00b7\u00b7\u00b7\u00b7\u00b7\u00b7\u6280\u80fd\u5bf9\u6218\u6597\u529b\u5f71\u54cd\u592a\u5927\u4e86\uff0c\u8981\u77e5\u9053\u8d8a\u5230\u540e\u9762\u6bcf\u4e00\u70b9\u6218\u6597\u529b\u90fd"}, {"userName": "\u5c0f\u4e0d\u70b9--\u4e09\u56fd", "userReviewDate": "2018-05-29", "userURL": "https://my.qidian.com/user/616300", "userReview": "\u6709\u610f\u601d  \u70b9\u8d5e"}, {"userName": "\u4e0d\u53ef\u89c6D\u7b71\u7b71\u9171", "userReviewDate": "2018-05-27", "userURL": "https://my.qidian.com/user/214538842", "userReview": "\u53c8\u662f\u6f14\u4e49\u4e09\u56fd\u3002\u3002\u3002"}, {"userName": "\u5c0f\u4e0d\u70b9--\u4e09\u56fd", "userReviewDate": "2018-05-21", "userURL": "https://my.qidian.com/user/616300", "userReview": "\u66f4\u65b0\u6162  \u5feb\u70b9"}, {"userName": "\u4e09\u5343\u5927\u77f3", "userReviewDate": "2018-05-20", "userURL": "https://my.qidian.com/user/311645283", "userReview": "\u4ec0\u4e48\u60c5\u51b5\u554a\uff0c\u600e\u4e48\u4e0d\u66f4\u4e86\uff0c\u65b0\u4e66\u699c\u4e0a\u662f\u6211\u8ffd\u8d76\u8d85\u8d8a\u7684\u76ee\u6807\uff0c\u4e0d\u8981\u5c31\u8fd9\u4e48\u653e\u5f03\u4e86\u554a"}, {"userName": "\u6d41\u5e74\u5df2\u901d146", "userReviewDate": "2018-05-19", "userURL": "https://my.qidian.com/user/194908010", "userReview": "\u597d\u51e0\u5929\u6ca1\u66f4\u4e86\u2026\u2026"}, {"userName": "\u5c0f\u4e0d\u70b9--\u4e09\u56fd", "userReviewDate": "2018-05-16", "userURL": "https://my.qidian.com/user/616300", "userReview": "\u660e\u5929\u4e00\u7b7e\u5230"}, {"userName": "\u5c0f\u4e0d\u70b9--\u4e09\u56fd", "userReviewDate": "2018-05-14", "userURL": "https://my.qidian.com/user/616300", "userReview": "\u7b7e\u5230             "}], "description": "\u9192\u638c\u5929\u4e0b\u6743\uff0c\u9189\u5367\u7f8e\u4eba\u819d\uff0c\u4e94\u5343\u5e74\u98ce\u534e\u70df\u96e8\uff0c\u662f\u975e\u6210\u8d25\u8f6c\u5934\u7a7a\uff01", "title": "\u4e09\u56fd\u4e4b\u65e0\u53cc\u519b\u56e2", "url": "https://book.qidian.com/info/1011793427", "average": -1.0, "cover": "//qidian.qpic.cn/qdbimg/349573/1011793427/180", "reviews": -1, "authors": [{"url": "https://me.qidian.com/authorIndex.aspx?id=402264558", "name": "\u7687\u5bb6\u8d75\u5ef6"}], "type": ["\u5386\u53f2", "\u67b6\u7a7a\u5386\u53f2"], "outlinks": ["https://book.qidian.com/info/1011793427", "https://book.qidian.com/info/1010017789", "https://book.qidian.com/info/1010017789", "https://book.qidian.com/info/1010504939", "https://book.qidian.com/info/1010504939", "https://book.qidian.com/info/1004984009", "https://book.qidian.com/info/1004984009", "https://book.qidian.com/info/1003578104", "https://book.qidian.com/info/1003578104", "https://book.qidian.com/info/1010835759", "https://book.qidian.com/info/1010835759", "https://book.qidian.com/info/1005012532", "https://book.qidian.com/info/1005012532", "https://book.qidian.com/info/1011812271", "https://book.qidian.com/info/1011812271", "https://book.qidian.com/info/1011800596", "https://book.qidian.com/info/1010891668", "https://book.qidian.com/info/1011773910", "https://book.qidian.com/info/1011783347", "https://book.qidian.com/info/1011643843", "https://book.qidian.com/info/1011476924", "https://book.qidian.com/info/1011635441", "https://book.qidian.com/info/1009999928", "https://book.qidian.com/info/1006932473", "https://book.qidian.com/info/1005080011"]}