{"ratings": 0.0, "userreviews": [{"userName": "\u65ed\u6021", "userReviewDate": "2018-02-01", "userURL": "https://my.qidian.com/user/301711165", "userReview": "*********\u5728\u9017\u6211"}, {"userName": "\u65af\u7279\u5e03\u9c81", "userReviewDate": "2018-01-27", "userURL": "https://my.qidian.com/user/303460707", "userReview": "\ud83c\udf1a\ud83c\udf1a\ud83c\udf1a\ud83c\udf1a\ud83c\udf1a"}, {"userName": "\u65af\u7279\u5e03\u9c81", "userReviewDate": "2018-01-20", "userURL": "https://my.qidian.com/user/303460707", "userReview": "\ud83d\ude04\ud83d\ude03\ud83d\ude04\ud83d\ude0d"}, {"userName": "\u65af\u7279\u5e03\u9c81", "userReviewDate": "2018-01-17", "userURL": "https://my.qidian.com/user/303460707", "userReview": "\ud83d\ude04\ud83d\ude04\ud83d\ude03\ud83d\ude03\ud83d\ude0d"}, {"userName": "\u65af\u7279\u5e03\u9c81", "userReviewDate": "2018-01-14", "userURL": "https://my.qidian.com/user/303460707", "userReview": "\ud83d\ude02\ud83d\ude02\ud83d\ude02\ud83d\ude02\ud83d\ude02"}, {"userName": "\u65af\u7279\u5e03\u9c81", "userReviewDate": "2018-01-14", "userURL": "https://my.qidian.com/user/303460707", "userReview": "[fn=11]"}, {"userName": "\u65af\u7279\u5e03\u9c81", "userReviewDate": "2018-01-13", "userURL": "https://my.qidian.com/user/303460707", "userReview": "\u5c31\u8fd9\u6837\u7ed3\u675f\u4e86"}, {"userName": "\u65af\u7279\u5e03\u9c81", "userReviewDate": "2017-12-20", "userURL": "https://my.qidian.com/user/303460707", "userReview": "\u8fd8\u4e0d\u9519\uff0c\u66f4\u65b0\u5feb\u70b9\u5c31\u5b8c\u7f8e\u4e86\uff01"}, {"userName": "\u8086\u306e\u5c11\u306e\u5239", "userReviewDate": "2017-10-19", "userURL": "https://my.qidian.com/user/124239502", "userReview": "\u7b7e\u5230\u6c34\u7ecf\u9a8c"}, {"userName": "\u4e66\u53cb121220173514580", "userReviewDate": "2017-09-03", "userURL": "https://my.qidian.com/user/153828216", "userReview": "\u6211\u9700\u8981 \u4e09\u4ef6\u4e1c  \u897f \uff1a\u611b\u60c5\u53cb\u8c0a\u548c\u56fe\u4e66\u3002\u800c\u7231\u60c5 \u548c \u53cb\u8c0a \uff0c\u6211\u5728\u300a\u53f8\u6668\u8981\u6210\u4e3a\u604b\u611b\u4e4b\u795e \u300b\u4e2d"}, {"userName": "\u65af\u7279\u5e03\u9c81", "userReviewDate": "2017-09-02", "userURL": "https://my.qidian.com/user/303460707", "userReview": "\u52a0\u6cb9\u2026\u2026[fn=4]"}], "description": "\u9192\u638c\u5929\u4e0b\u6743\uff0c\u9189\u5367\u7f8e\u4eba\u819d\uff0c\u4e94\u5343\u5e74\u98ce\u534e\u70df\u96e8\uff0c\u662f\u975e\u6210\u8d25\u8f6c\u5934\u7a7a\uff01", "title": "\u4e09\u56fd\u4e0d\u51e1\u4e4b\u9738\u9014", "url": "https://book.qidian.com/info/1010389348", "average": -1.0, "cover": "//qidian.qpic.cn/qdbimg/349573/1010389348/180", "reviews": -1, "authors": [{"url": "https://me.qidian.com/authorIndex.aspx?id=400812970", "name": "CG\u5c0f\u767d"}], "type": ["\u5386\u53f2", "\u79e6\u6c49\u4e09\u56fd"], "outlinks": ["https://book.qidian.com/info/1010389348", "https://book.qidian.com/info/1011089722", "https://book.qidian.com/info/1011089722", "https://book.qidian.com/info/1010970053", "https://book.qidian.com/info/1010970053", "https://book.qidian.com/info/1010727894", "https://book.qidian.com/info/1010727894", "https://book.qidian.com/info/1010057045", "https://book.qidian.com/info/1010057045", "https://book.qidian.com/info/1010971924", "https://book.qidian.com/info/1010971924", "https://book.qidian.com/info/1010327138", "https://book.qidian.com/info/1010327138", "https://book.qidian.com/info/1011800596", "https://book.qidian.com/info/1010891668", "https://book.qidian.com/info/1011773910", "https://book.qidian.com/info/1011783347", "https://book.qidian.com/info/1011643843", "https://book.qidian.com/info/1011476924", "https://book.qidian.com/info/1011635441", "https://book.qidian.com/info/1009999928", "https://book.qidian.com/info/1006932473", "https://book.qidian.com/info/1005080011"]}