{"ratings": 0.0, "userreviews": [{"userName": "\u6731Sir", "userReviewDate": "2018-02-27", "userURL": "https://my.qidian.com/user/304672535", "userReview": "\u7531\u4e8e\u60c5\u8282\u53d1\u5c55\u9700\u8981\uff0c\u7279\u6b64\u5f81\u96c6\u6218\u5c06\u540d\u5355\uff01\u8981\u6c42\uff1a1.\u59d3\u540d\uff0c\u5b57\uff0c\u4eba\u7269\u65e9\u671f\u7ecf\u53862.\u6240\u7528\u6b66\u5668\uff0c\u6027\u683cPS"}, {"userName": "\u8d4f\u82b1\u8d4f\u6708\u4e0a\u79cb\u9999", "userReviewDate": "2017-10-04", "userURL": "https://my.qidian.com/user/13119557", "userReview": "\u4e2d\u79cb\u8282\u5feb\u4e50"}, {"userName": "\u6731Sir", "userReviewDate": "2017-09-27", "userURL": "https://my.qidian.com/user/304672535", "userReview": "\u559c\u6b22\u300a\u4e09\u56fd\u9053\u4e3b\u300b\u7684\u4e66\u53cb\u7c89\u4e1d\uff0c\u53ef\u52a0\u300a\u4e09\u56fd\u9053\u4e3b\u300b\u4e66\u53cb\u7fa4\uff1a654572375\u3002\u671f\u5f85\u4f60\u7684\u5927\u9a7e\u5149\u4e34\u3002"}, {"userName": "\u5927\u817f\u5927\u817f\u5462", "userReviewDate": "2018-06-03", "userURL": "https://my.qidian.com/user/219250300", "userReview": "\u602a\u4e0d\u5f97\u6210\u7ee9\u90a3\u4e48\u5dee\uff0c\u770b\u4e86\u51e0\u7ae0\u771f\u5fc3\u53d7\u4e0d\u4e86"}, {"userName": "\u5415\u5929\u867e4326", "userReviewDate": "2018-06-02", "userURL": "https://my.qidian.com/user/313354596", "userReview": "\u7565\u7565\u7565\u6295\u7968\u7968"}, {"userName": "\u4e66\u53cb20171108172348980", "userReviewDate": "2018-05-31", "userURL": "https://my.qidian.com/user/310437464", "userReview": "\u6211\u60f3\u8bf4\u56de\u5230\u53e4\u4ee3\u4e0d\u53bb\u5efa\u7acb\u771f\u6b63\u7684\u60c5\u62a5\u673a\u5173\u5355\u9760\u81ea\u4ee5\u4e3a\u662f\u5355\u9760\u539f\u672c\u51e0\u5386\u53f2\u600e\u4e48\u8bf4\uff0c\u732a\u811a\u5dee\u4e0d\u591a\u56e0\u4e3a\u8fd9\u4e2a\u5df2"}, {"userName": "\u5317\u65b9\u9b54\u4eba", "userReviewDate": "2018-05-28", "userURL": "https://my.qidian.com/user/152593", "userReview": "\u5730\u7406\u767d\u75f4\uff0c\u4eba\u7269\u51fa\u573a\u65b9\u4f4d\u5c31\u4e0d\u5bf9\u3002"}, {"userName": "\u5415\u5929\u867e4429", "userReviewDate": "2018-05-03", "userURL": "https://my.qidian.com/user/313367169", "userReview": "\u5199\u5c0f\u8bf4\u5c31\u5f97\u8fd9\u6837\uff0c\u65e2\u9ad8\u6f6e\u8fed\u8d77\uff0c\u53c8\u80fd\u81ea\u5706\u5176\u8bf4\uff0c\u60c5\u8282\u903b\u8f91\u987a\u7136\u901a\u7545\uff0c\u8fd9\u624d\u662f\u9ad8\u624b\u3002"}, {"userName": "\u6bd7\u820d\u9607", "userReviewDate": "2018-04-14", "userURL": "https://my.qidian.com/user/212263248", "userReview": "\u52a0\u6cb9\uff0c\u91cd\u5174\u6c49\u5ba4\uff0c\u518d\u5174\u9053\u95e8\u3002\u770b\u6765\u6211\u6b64\u751f\u4e5f\u53ea\u80fd\u5728\u5c0f\u8bf4\u4e2d\u770b\u5230\u4e86\u3002\u5728\u8fd9\u4e2a\u86ee\u5937\u5c0a\u8d35\uff0c\u90aa\u6559\u6a2a\u884c\u7684\u56fd\u5ea6"}, {"userName": "\u5b8b\u7687\u9675", "userReviewDate": "2018-04-03", "userURL": "https://my.qidian.com/user/313102693", "userReview": "\u5927\u54e5\uff0c\u4f60\u5199\u7684\u8fd9\u4e2a\u4e3b\u89d2\u770b\u6765\u6839\u672c\u5c31\u4e0d\u662f\u4e2a\u541b\u4e3b\u554a\uff01\u54ea\u6709\u541b\u4e3b\u624b\u4e0b\u53db\u4e71\u4e0d\u65ad\u7684\u554a\uff0c\u4f60\u4e5f\u628a\u66f9\u64cd\u5199\u7684\u592a\u725b\u903c"}, {"userName": "\u611f\u8c22\u7ecf\u5386o", "userReviewDate": "2018-03-29", "userURL": "https://my.qidian.com/user/220095305", "userReview": "\u8fd8\u662f\u5f03\u4e86\uff0c\u9519\u522b\u5b57\u592a\u591a\u4e86"}, {"userName": "\u900d\u9065\u82cd\u96eaX", "userReviewDate": "2018-03-13", "userURL": "https://my.qidian.com/user/186266497", "userReview": "\u9ed8\u9ed8\u652f\u6301\u597d\u4e9b\u5929\uff0c\u7559\u4e2a\u811a\u5370\u8868\u793a\u6211\u6765\u8fc7"}, {"userName": "\u6211\u5403\u8759\u8760\u4fa0", "userReviewDate": "2018-03-13", "userURL": "https://my.qidian.com/user/218321626", "userReview": "\u6bcf\u5929\u5fc5\u7b7e!"}, {"userName": "\u4e66\u53cb110824140421998", "userReviewDate": "2018-03-11", "userURL": "https://my.qidian.com/user/131663876", "userReview": "\u6211\u575a\u4fe1\u80fd\u5199\u51fa\u597d\u4e66\u7684\u4f5c\u8005\u4e00\u5b9a\u662f\u8d85\u5e05\u7684\u6216\u8005\u5de8\u7f8e\u4e3d\u7684\uff0c\u662f\u4e0d\u662f\uff0c\u4e00\u5b9a\u662f\u4e86\uff01\u4f5c\u8005\u52a0\u6cb9~"}], "description": "\u9192\u638c\u5929\u4e0b\u6743\uff0c\u9189\u5367\u7f8e\u4eba\u819d\uff0c\u4e94\u5343\u5e74\u98ce\u534e\u70df\u96e8\uff0c\u662f\u975e\u6210\u8d25\u8f6c\u5934\u7a7a\uff01", "title": "\u4e09\u56fd\u9053\u4e3b", "url": "https://book.qidian.com/info/1009920504", "average": -1.0, "cover": "//qidian.qpic.cn/qdbimg/349573/1009920504/180", "reviews": -1, "authors": [{"url": "https://me.qidian.com/authorIndex.aspx?id=400292647", "name": "\u6731Sir"}], "type": ["\u5386\u53f2", "\u79e6\u6c49\u4e09\u56fd"], "outlinks": ["https://book.qidian.com/info/1009920504", "https://book.qidian.com/info/1010000990", "https://book.qidian.com/info/1010000990", "https://book.qidian.com/info/1010097057", "https://book.qidian.com/info/1010097057", "https://book.qidian.com/info/1010183391", "https://book.qidian.com/info/1010183391", "https://book.qidian.com/info/1010389348", "https://book.qidian.com/info/1010389348", "https://book.qidian.com/info/1003376020", "https://book.qidian.com/info/1003376020", "https://book.qidian.com/info/1006637734", "https://book.qidian.com/info/1006637734", "https://book.qidian.com/info/1011800596", "https://book.qidian.com/info/1010891668", "https://book.qidian.com/info/1011773910", "https://book.qidian.com/info/1011783347", "https://book.qidian.com/info/1011643843", "https://book.qidian.com/info/1011476924", "https://book.qidian.com/info/1011635441", "https://book.qidian.com/info/1009999928", "https://book.qidian.com/info/1006932473", "https://book.qidian.com/info/1005080011"]}