{"ratings": 0.0, "userreviews": [{"userName": "wonderlst", "userReviewDate": "2018-01-01", "userURL": "https://my.qidian.com/user/215675124", "userReview": "\u5f88\u591a\u53f2\u5b9e\u4eba\u7269\u90fd\u662f\u6ca1\u6709\u5b57\u7684\uff0c\u6211\u4e00\u4e2a\u4eba\u60f3\u8c61\u529b\u6709\u9650\uff0c\u5927\u5bb6\u5e2e\u5e2e\u5fd9\uff0c\u563f\u563f\uff01"}, {"userName": "\u5730\u57df\u5c0f\u7075\u901a", "userReviewDate": "2017-12-22", "userURL": "https://my.qidian.com/user/210893569", "userReview": "\u5730\u57df\u5c0f\u7075\u901a\u6253\u8d4f\u6c38\u7267 100000\u8d77\u70b9\u5e01  \u8fd9\u672c\u4e66\u592a\u68d2\u4e86\uff0c\u7292\u52b3\u4e00\u4e0b\uff0c\u5e0c\u671b\u540e\u7eed\u66f4\u52a0\u7cbe\u5f69\uff01"}, {"userName": "wonderlst", "userReviewDate": "2017-09-18", "userURL": "https://my.qidian.com/user/215675124", "userReview": "\u732a\u811a\u5728\u6e38\u620f\u4e2d\u8d77\u672c\u540d\uff0c\u4e0d\u662f\u6bd2\uff0c\u4e5f\u4e0d\u662f\u6ca1\u6709\u903b\u8f91\uff0c\u800c\u662f\u9700\u8981\u3002\u5728\u540e\u9762\u4e2d\uff0c\u7b2c\u4e8c\u5377\u3010\u6797\u7267\uff0c\u6797\u9053\u4e5d\u3011\u4f1a\u6709"}, {"userName": "wonderlst", "userReviewDate": "2017-08-11", "userURL": "https://my.qidian.com/user/215675124", "userReview": "\u6765\u6253\u5e7f\u544a\u7684\uff0c\u6765\u8fd9\u91cc\u53d1\u5427\uff0c\u5176\u4ed6\u5730\u65b9\u662f\u4e66\u53cb\u7684\u51c0\u5730\uff01"}, {"userName": "\u4e66\u53cb151102032154248", "userReviewDate": "3\u5c0f\u65f6\u524d", "userURL": "https://my.qidian.com/user/213153315", "userReview": "\u8def\u8fc7\u6253\u9171\u6cb9"}, {"userName": "\u4e66\u53cb151102032154248", "userReviewDate": "3\u5c0f\u65f6\u524d", "userURL": "https://my.qidian.com/user/213153315", "userReview": "\u7b7e\u5230\u6c34\u7ecf\u9a8c"}, {"userName": "\u81f3\u9ad8\u5929\u542f", "userReviewDate": "5\u5c0f\u65f6\u524d", "userURL": "https://my.qidian.com/user/312162075", "userReview": "\u8fd9\u4ed6\u5988\u5199\u7684\u4ec0\u4e48\u9b3c\u73a9\u610f\u513f\uff0c\u672c\u6765\u8bc4\u8bba\u8bf4\u5199\u7684\u8bfb\u6211\u8fd8\u4e0d\u4fe1\uff0c\u6211\u4e00\u770b******\u4f60\u5149\u4ecb\u7ecd\u4f60\u767e\u5f20\u7ae0\u5c31\u5360\u4e86"}, {"userName": "\u661f\u5c18\u558b\u8840", "userReviewDate": "8\u5c0f\u65f6\u524d", "userURL": "https://my.qidian.com/user/228484450", "userReview": "\u4f5c\u8005\u597d\u597d\u5199"}, {"userName": "\u5929\u5b50~\u796d\u9152", "userReviewDate": "14\u5c0f\u65f6\u524d", "userURL": "https://my.qidian.com/user/212729460", "userReview": "\u600e\u4e48\u517b\u4e86\u8fd9\u4e48\u4e45\uff0c\u624d\u591a\u8fd9\u4e48\u70b9\u3002"}, {"userName": "\u4e66\u53cb151102032154248", "userReviewDate": "15\u5c0f\u65f6\u524d", "userURL": "https://my.qidian.com/user/213153315", "userReview": "\u8def\u8fc7\u6253\u9171\u6cb9"}, {"userName": "\u4e66\u53cb20170325205013388", "userReviewDate": "\u6628\u65e509:06", "userURL": "https://my.qidian.com/user/231210268", "userReview": "\u5927\u795e\u52a0\u6cb9\u554a\u64b8\u554a\u64b8"}, {"userName": "\u4e66\u53cb20170325205013388", "userReviewDate": "\u6628\u65e509:06", "userURL": "https://my.qidian.com/user/231210268", "userReview": "\u7b7e\u5230\u3002\u3002\u3002"}, {"userName": "\u4e66\u53cb151102032154248", "userReviewDate": "2018-06-07", "userURL": "https://my.qidian.com/user/213153315", "userReview": "\u8def\u8fc7\u6253\u9171\u6cb9"}, {"userName": "\u9ed8\u996e\u554a", "userReviewDate": "2018-06-07", "userURL": "https://my.qidian.com/user/154210861", "userReview": "\u4f5c\u8005\u53ef\u4ee5\u628a\u8fd9\u672c\u52a0\u901f\u5b8c\u7ed3\uff0c\u5f00\u65b0\u4e66\uff0c\u597d\u597d\u6784\u601d\u4e0b\u540e\u8fb9\u7684\u5267\u60c5"}], "description": "\u8086\u610f\u6325\u6d12\u6fc0\u60c5\u7684\u6e38\u620f\u4eba\u751f\uff0c\u6253\u7834\u73b0\u5b9e\u6846\u67b6\u7684\u65e0\u5c3d\u5e7b\u60f3\uff01", "title": "\u4e09\u56fd\u795e\u8bdd\u4e16\u754c", "url": "https://book.qidian.com/info/1009795401", "average": -1.0, "cover": "//qidian.qpic.cn/qdbimg/349573/1009795401/180", "reviews": -1, "authors": [{"url": "https://me.qidian.com/authorIndex.aspx?id=400170508", "name": "\u6c38\u7267"}], "type": ["\u6e38\u620f", "\u865a\u62df\u7f51\u6e38"], "outlinks": ["https://book.qidian.com/info/1009795401", "https://book.qidian.com/info/1010707468", "https://book.qidian.com/info/1010707468", "https://book.qidian.com/info/1009894690", "https://book.qidian.com/info/1009894690", "https://book.qidian.com/info/1010702972", "https://book.qidian.com/info/1010702972", "https://book.qidian.com/info/1009380638", "https://book.qidian.com/info/1009380638", "https://book.qidian.com/info/1010922231", "https://book.qidian.com/info/1010922231", "https://book.qidian.com/info/1010429625", "https://book.qidian.com/info/1010429625", "https://book.qidian.com/info/1011944539", "https://book.qidian.com/info/1011967882", "https://book.qidian.com/info/1011856614", "https://book.qidian.com/info/1011979301", "https://book.qidian.com/info/1010667415", "https://book.qidian.com/info/1011736169", "https://book.qidian.com/info/1011797289", "https://book.qidian.com/info/1011808514", "https://book.qidian.com/info/1011901619", "https://book.qidian.com/info/1011962316"]}