{"ratings": 0.0, "userreviews": [{"userName": "\u5415\u5929\u867e3739", "userReviewDate": "23\u5c0f\u65f6\u524d", "userURL": "https://my.qidian.com/user/313204687", "userReview": "\u8fd8\u56de\u5bb6\u90a3\u4f60\u5462"}, {"userName": "\u5415\u5929\u867e3114", "userReviewDate": "2018-06-06", "userURL": "https://my.qidian.com/user/313167165", "userReview": "\u7b7e\u5230\u62ff\u7ecf\u9a8c"}, {"userName": "\u4e14\u8fc7\u5207\u597d", "userReviewDate": "2018-06-05", "userURL": "https://my.qidian.com/user/308317298", "userReview": "\u8463\u5353\u662f\u897f\u51c9\u7684\u597d\u5417\uff1f\u548b\u8dd1\u5e76\u5dde\u53bb\u4e86"}, {"userName": "\u66f8\u528d\u660e\u6708", "userReviewDate": "2018-06-01", "userURL": "https://my.qidian.com/user/197602464", "userReview": "\u987a\u624b\u5148\u6295\u4e09\u5f20\u63a8\u8350\u7968\uff01"}, {"userName": "\u5415\u5929\u867e4465", "userReviewDate": "2018-06-01", "userURL": "https://my.qidian.com/user/313342857", "userReview": "\u7b7e\u5230\u597d\u50cf\u6709\u7ecf\u9a8c"}, {"userName": "\u6df7\u5143\u5929\u6c14", "userReviewDate": "2018-05-31", "userURL": "https://my.qidian.com/user/220175358", "userReview": "\u5218\u6e0a\u8fd9\u540d\u5b57\uff0c\u8ba9\u6211\u60f3\u8d77\u5308\u5974\u90a3\u4e2a"}, {"userName": "Lovealone\u62bd\u62bd", "userReviewDate": "2018-05-28", "userURL": "https://my.qidian.com/user/308745837", "userReview": "\u514d\u8d39\u7ae0\u8282\u770b\u5b8c\uff0c\u5c3d\u7136\u6ca1\u6709\u5973\u4e3b\uff0c\u5475\u5475\uff01\u4e0d\u770b\u4e86\uff0c\u62dc\u62dc\u3002"}, {"userName": "[\u5feb\u4e50\u306e\u8682\u8681]", "userReviewDate": "2018-05-16", "userURL": "https://my.qidian.com/user/469592", "userReview": "\u7136\u540e\u5f00\u59cb\u51fa\u53bb\u6253\u5de5\u3002\u3002\u3002\u6211\u8fd8\u4ee5\u4e3a\u4e3b\u89d2\u8981\u56de\u62a5\u4e61\u4eb2\u4eec\u5462\uff0c\u4e0d\u60f3\u521a\u51fa\u53bb\u6253\u5de5\u5c31\u88ab\u4eba\u6253\u6b7b\u3002\u4e61\u4eb2\u4eec\u554a\uff0c\u4f60\u4eec"}, {"userName": "\u6770\u30a1\u5c11", "userReviewDate": "2018-05-16", "userURL": "https://my.qidian.com/user/21070613", "userReview": "6\u5f20\u63a8\u7ed9\u4f60\uff0c\u53ea\u80fd\u5e2e\u4f60\u8fd9\u4e48\u591a\u4e86\uff01"}, {"userName": "\u5948\u4f55\u6865\u5317\u7684\u6e38\u9b42", "userReviewDate": "2018-04-30", "userURL": "https://my.qidian.com/user/176539476", "userReview": "\u6211\u6765\u7b7e\u5230\u5566\u3002"}, {"userName": "\u7eff\u8336\u541b\u4e3b", "userReviewDate": "2018-04-28", "userURL": "https://my.qidian.com/user/307561178", "userReview": "\u7b7e\u5230\u6765\u5566\u2026\u2026"}, {"userName": "\u60c5\u4f2466", "userReviewDate": "2018-04-10", "userURL": "https://my.qidian.com/user/229460108", "userReview": "\u7b7e\u5230\u62ff\u7ecf\u9a8c\u3002\n"}, {"userName": "\u8bf7\u53eb\u5927\u5927\u5e05\u54e5", "userReviewDate": "2018-04-09", "userURL": "https://my.qidian.com/user/227693707", "userReview": "\u4f5c\u8005\u66f4\u65b0\u6162\u4e9b\uff0c\u628a\u6210\u7ee9\u62c9\u4e0a\u53bb\u518d\u8bf4"}, {"userName": "\u8bf7\u53eb\u5927\u5927\u5e05\u54e5", "userReviewDate": "2018-04-09", "userURL": "https://my.qidian.com/user/227693707", "userReview": "\u4e3a\u5565\u6210\u7ee9\u4f1a\u90a3\u4e48\u5dee\u5440"}], "description": "\u9192\u638c\u5929\u4e0b\u6743\uff0c\u9189\u5367\u7f8e\u4eba\u819d\uff0c\u4e94\u5343\u5e74\u98ce\u534e\u70df\u96e8\uff0c\u662f\u975e\u6210\u8d25\u8f6c\u5934\u7a7a\uff01", "title": "\u4e09\u56fd\u4e4b\u4f20\u627f\u4e3a\u738b", "url": "https://book.qidian.com/info/1010183391", "average": -1.0, "cover": "//qidian.qpic.cn/qdbimg/349573/1010183391/180", "reviews": -1, "authors": [{"url": "https://me.qidian.com/authorIndex.aspx?id=8860041", "name": "\u5174\u5e86\u6563\u4eba"}], "type": ["\u5386\u53f2", "\u67b6\u7a7a\u5386\u53f2"], "outlinks": ["https://book.qidian.com/info/1010183391", "https://book.qidian.com/info/1010097057", "https://book.qidian.com/info/1010097057", "https://book.qidian.com/info/1006637734", "https://book.qidian.com/info/1006637734", "https://book.qidian.com/info/1010075237", "https://book.qidian.com/info/1010075237", "https://book.qidian.com/info/1009385071", "https://book.qidian.com/info/1009385071", "https://book.qidian.com/info/1009882626", "https://book.qidian.com/info/1009882626", "https://book.qidian.com/info/1010727894", "https://book.qidian.com/info/1010727894", "https://book.qidian.com/info/1004200079", "https://book.qidian.com/info/1004200079", "https://book.qidian.com/info/1004952758", "https://book.qidian.com/info/1004952758", "https://book.qidian.com/info/1011800596", "https://book.qidian.com/info/1010891668", "https://book.qidian.com/info/1011773910", "https://book.qidian.com/info/1011783347", "https://book.qidian.com/info/1011643843", "https://book.qidian.com/info/1011476924", "https://book.qidian.com/info/1011635441", "https://book.qidian.com/info/1009999928", "https://book.qidian.com/info/1006932473", "https://book.qidian.com/info/1005080011"]}