{"ratings": 0.0, "userreviews": [{"userName": "\u5f20\u541b\u7384", "userReviewDate": "2018-06-06", "userURL": "https://my.qidian.com/user/308697699", "userReview": "\u6700\u80fd\u4f53\u73b0\u4e00\u56fd\u4e4b\u541b\u7684\u725b\u903c\u4e4b\u5904\u5c31\u5728\u4e8e\uff0c\u4e0d\u7ba1\u519b\u4e8b\u8fd8\u662f\u653f\u6cbb\uff0c\u6216\u8005\u662f\u5176\u4ed6\u65b9\u9762\uff0c\u53ea\u8981\u6d3e\u51fa\u624b\u4e0b\u5c31\u80fd\u89e3\u51b3\uff0c"}, {"userName": "bstyn1229", "userReviewDate": "2018-06-05", "userURL": "https://my.qidian.com/user/212942304", "userReview": "\u5b59\u5434\u5185\u653f\u9ad8\u624b\u592a\u591a\u4e86\uff0c\u5f04\u56de\u6765\u53bb\u62c5\u4efb\u5883\u5916\u5dde\u7267\u633a\u597d"}, {"userName": "\u4e0d\u770b\u6709\u6bd2\u4e66", "userReviewDate": "2018-06-04", "userURL": "https://my.qidian.com/user/228386643", "userReview": "\u597d\u6837\u7684\u5434\u56fd\u706d\u7684\u597d\uff0c\u8fd9\u4e66\u662f\u8d8a\u5199\u8d8a\u597d\u4e86\uff0c\u5e0c\u671b\u4f5c\u8005\u591a\u591a\u66f4\u65b0\u52a0\u6cb9\uff01"}, {"userName": "sofia\u82e5\u51b0", "userReviewDate": "2018-06-03", "userURL": "https://my.qidian.com/user/304047091", "userReview": "\u597d\u957f\u7684\u6587\uff0c\u7b7e\u5230\uff0c\u51c6\u5907\u770b\u770b~"}, {"userName": "\u9ec4\u74dc\u5835\u6cc9\u773c", "userReviewDate": "2018-06-03", "userURL": "https://my.qidian.com/user/226955269", "userReview": "\u6ca1\u8bb0\u9519\u7684\u8bdd\uff0c\u79e6\u56fd\u7684\u738b\u65cf\u59d3\u8d75\uff0c\u5b34\u653f\u53c8\u53eb\u8d75\u653f\uff0c\u8d75\u9ad8\u5e94\u8be5\u5c31\u662f\u8d50\u59d3\u7684"}, {"userName": "\u6de1\u7709\u76ee", "userReviewDate": "2018-06-01", "userURL": "https://my.qidian.com/user/201470044", "userReview": "\u53d1\u73b0\u81ea\u5df1\u6295\u7684\u7b2c\u4e00\u5f20\u6708\u7968\uff0c\u5f00\u5fc3"}, {"userName": "\u4e0d\u770b\u6709\u6bd2\u4e66", "userReviewDate": "2018-05-30", "userURL": "https://my.qidian.com/user/228386643", "userReview": "\u4f5c\u8005\u5927\u5927\u80fd\u628a\u4e3b\u89d2\u7684\u519b\u961f\u7ec4\u7ec7\u5199\u4e00\u4e0b\u5417\uff0c\u770b\u7684\u6709\u70b9\u4e71\u4e0d\u77e5\u9053\u4e3b\u89d2\u624b\u4e0b\u6709\u591a\u5c11\u7ec4\u7ec7\u548c\u519b\u961f\u3002"}, {"userName": "A_JAY", "userReviewDate": "2018-05-29", "userURL": "https://my.qidian.com/user/308948401", "userReview": "\u521a\u770b\u4e86\u5f00\u5934\u51e0\u7ae0\uff0c\u6211\u8bf4\u4f5c\u8005\u4f60\u662f\u6709\u7684\u591a\u559c\u6b22\u66f9\u64cd\uff0c\u6bcf\u6b21\u90fd\u6df1\u6df1\u770b\u66f9\u64cd\uff0c\u51e0\u7ae0\u4e4b\u4e2d\u4e00\u76f4\u5728\u770b\uff0c\u989d\uff0c\u96be\u9053\u662f"}, {"userName": "\u4e0d\u770b\u6709\u6bd2\u4e66", "userReviewDate": "2018-05-28", "userURL": "https://my.qidian.com/user/228386643", "userReview": "\u4e3b\u89d2\u706d\u4e86\u5434\u56fd\u4e4b\u540e\uff0c\u4f5c\u8005\u7ed9\u4e3b\u89d2\u51e0\u4e2a\u513f\u5b50\u5427\uff0c\u4f5c\u4e3a\u7687\u5e1d\u6ca1\u6709\u5341\u4e2a\u513f\u5b50\u90fd\u662f\u4e00\u79cd\u5931\u8d25\uff0c\u8fd8\u6709\u7684\u662f\u4e3b\u89d2\u7684\u7236"}, {"userName": "\u5e7b\u67ab\u5bb8", "userReviewDate": "2018-05-26", "userURL": "https://my.qidian.com/user/220860120", "userReview": "\u521a\u770b\u51e0\u7ae0\u5c31\u6709\u70b9\u770b\u4e0d\u4e0b\u53bb\u4e86\uff0c\u81ea\u5df1\u77e5\u9053\u8d62\u79e6\u548c\u5218\u6c49\u8fd9\u4e48\u5927\u7684\u4ec7\uff0c\u8fd8\u6562\u4e00\u51fa\u95e8\u5c31\u8bf4\u51fa\u81ea\u5df1\u59d3\u8d62\uff0c\u8fd9\u4e3b\u89d2\u4e5f"}, {"userName": "\u6539\u660e", "userReviewDate": "2018-05-25", "userURL": "https://my.qidian.com/user/309038282", "userReview": "\u88ab\u8fd9\u672c\u4e66\u4e3b\u89d2\u6d53\u6d53\u7684\u903c\u5473\u6298\u670d\u4e86[fn=31][fn=31][fn=31]"}, {"userName": "\u4e0d\u770b\u6709\u6bd2\u4e66", "userReviewDate": "2018-05-25", "userURL": "https://my.qidian.com/user/228386643", "userReview": "\u8fd9\u672c\u5c0f\u8bf4\u628a\u56fd\u5185\u7edf\u4e00\u706d\u4e86\u65e5\u672c\uff0c\u5728\u706d\u51e0\u4e2a\u5916\u65cf\u5c31\u5f97\u4e86\uff0c\u8981\u4e0d\u7136\u4f60\u53cc\u66f4\u4e24\u672c\u5c0f\u8bf4\u5f88\u7d2f\u7684\u3002"}, {"userName": "\u6316\u5b9d\u4e2a", "userReviewDate": "2018-05-25", "userURL": "https://my.qidian.com/user/209512062", "userReview": "\u524d\u9762\u7684\u4e09\u5341\u5e74\u6cb3\u4e1c\u4e09\u5341\u5e74\u6cb3\u897f\uff0c\u83ab\u6b3a\u5c11\u5e74\u7a77\u770b\u7684\u6211\u5c34\u5c2c\u6b7b\u4e86\uff0c\u4f60\u4fe1\u4e0d\u4fe1\u522b\u4eba\u5f53\u573a\u628a\u4f60\u4fee\u7406\u6210\u6b8b\u5e9f\u3002"}, {"userName": "\u4e66\u53cb20170619221615550", "userReviewDate": "2018-05-24", "userURL": "https://my.qidian.com/user/303835623", "userReview": "\u8c01\u80fd\u544a\u8bc9\u6211\u4e3b\u89d2\u73b0\u5728\u5230\u5e95\u591a\u5927\uff1f"}], "description": "\u9192\u638c\u5929\u4e0b\u6743\uff0c\u9189\u5367\u7f8e\u4eba\u819d\uff0c\u4e94\u5343\u5e74\u98ce\u534e\u70df\u96e8\uff0c\u662f\u975e\u6210\u8d25\u8f6c\u5934\u7a7a\uff01", "title": "\u4e09\u56fd\u4e4b\u5927\u79e6\u590d\u8f9f", "url": "https://book.qidian.com/info/3691153", "average": -1.0, "cover": "//qidian.qpic.cn/qdbimg/349573/3691153/180", "reviews": -1, "authors": [{"url": "https://me.qidian.com/authorIndex.aspx?id=6978964", "name": "\u72ec\u7231\u7ea2\u5854\u5c71"}], "type": ["\u5386\u53f2", "\u79e6\u6c49\u4e09\u56fd"], "outlinks": ["https://book.qidian.com/info/3691153", "https://book.qidian.com/info/1010773937", "https://book.qidian.com/info/1010773937", "https://book.qidian.com/info/1010545743", "https://book.qidian.com/info/1010545743", "https://book.qidian.com/info/1010619332", "https://book.qidian.com/info/1010619332", "https://book.qidian.com/info/1010603320", "https://book.qidian.com/info/1010603320", "https://book.qidian.com/info/1010097057", "https://book.qidian.com/info/1010097057", "https://book.qidian.com/info/1010559958", "https://book.qidian.com/info/1010559958", "https://book.qidian.com/info/1004080355", "https://book.qidian.com/info/1004080355", "https://book.qidian.com/info/1011852709", "https://book.qidian.com/info/1011852709", "https://book.qidian.com/info/1011800596", "https://book.qidian.com/info/1010891668", "https://book.qidian.com/info/1011773910", "https://book.qidian.com/info/1011783347", "https://book.qidian.com/info/1011643843", "https://book.qidian.com/info/1011476924", "https://book.qidian.com/info/1011635441", "https://book.qidian.com/info/1009999928", "https://book.qidian.com/info/1006932473", "https://book.qidian.com/info/1005080011"]}