{"ratings": 0.0, "userreviews": [{"userName": "\u5356\u840c\u7684\u4f0f\u5730\u9b54", "userReviewDate": "2017-11-02", "userURL": "https://my.qidian.com/user/191904632", "userReview": "\u5356\u840c\u7684\u4f0f\u5730\u9b54\u6253\u8d4f\u540d\u6b66 50000\u8d77\u70b9\u5e01  \u606d\u559c\u4e8c\u516c\u5b50\u62d0\u8dd1\u51e4\u96cf\uff01"}, {"userName": "\u4e28\u82cf\u660e\u54f2\u706c", "userReviewDate": "2017-11-01", "userURL": "https://my.qidian.com/user/221686327", "userReview": "\u4e28\u82cf\u660e\u54f2\u706c\u6253\u8d4f\u540d\u6b66 50000\u8d77\u70b9\u5e01  \u4e09\u56fd\u4e4b\u7199\u7687"}, {"userName": "\u5356\u840c\u7684\u4f0f\u5730\u9b54", "userReviewDate": "2017-10-24", "userURL": "https://my.qidian.com/user/191904632", "userReview": "\u5356\u840c\u7684\u4f0f\u5730\u9b54\u6253\u8d4f\u540d\u6b66 50000\u8d77\u70b9\u5e01  \u51fb\u8282\u8d5e\u53f9\uff0c\u62cd\u6848\u800c\u8d77\uff0c\u975e\u6b64\u7292\u8d4f\u4e0d\u8db3\u4ee5\u8868\u543e\u4e4b\u610f!"}, {"userName": "\u4e28\u82cf\u660e\u54f2\u706c", "userReviewDate": "2017-10-08", "userURL": "https://my.qidian.com/user/221686327", "userReview": "\u770b\u4e86\u4f5c\u8005\u7684\u4e09\u56fd \uff0c\u4e2a\u4eba\u611f\u89c9\u8fd8\u662f\u5f88\u671f\u5f85\u7684 \u3002\uff0c\u4f46\u662f\u73b0\u5728\u662f\u5047\u671f\u5929\u5929\u7b49\u7740\u770b \u4e24\u66f4\u6839\u672c\u4e0d\u591f\u554a \u3002\u7279"}, {"userName": "\u4e94\u6708\u6885\u82b1\u96ea", "userReviewDate": "2\u5c0f\u65f6\u524d", "userURL": "https://my.qidian.com/user/212418317", "userReview": "\u5efa\u8bae\u5929\u4e0b\u4e00\u7edf\u540e\u7acb\u592a\u5b50\uff0c\u5982\u679c\u4e0d\u7acb\u592a\u5b50\u90a3\u6bcf\u4e2a\u513f\u5b50\u90fd\u4f1a\u76ef\u7740\u50a8\u4f4d\uff0c\u53e4\u4ee3\u662f\u5b97\u6cd5\u5236\u7acb\u5ae1\u957f\u5b50\uff0c\u4f60\u8981\u662f\u7acb\u8d24"}, {"userName": "\u65f6\u95f4\u503e\u57cei", "userReviewDate": "2\u5c0f\u65f6\u524d", "userURL": "https://my.qidian.com/user/306598177", "userReview": "  \u6211\u89c9\u5f97\u53ef\u4ee5\u7acb\u592a\u5b50\u4e86\uff0c\u8981\u4e0d\u7136\u4ee5\u540e\u7edd\u903c\u4e71\uff0c\u5c31\u7b97\u4f60\u662f\u4e3b\u89d2\u4e5f\u6ca1\u7528"}, {"userName": "\u9f50\u695a\u71d5\u97e9\u8d75\u536b\u79e6", "userReviewDate": "2\u5c0f\u65f6\u524d", "userURL": "https://my.qidian.com/user/219300660", "userReview": "\u4e3a\u4ec0\u4e48\u8981\u9009\u8881\u7199\u505a\u732a\u811a\u5462\uff0c\u5bf9\u4ed6\u6ca1\u4ec0\u4e48\u5370\u8c61\uff01\u77e5\u9053\u4ed6\u4e5f\u662f\u56e0\u4e3a\u4ed6\u7684\u8001\u5a46\u662f\u7504\u5b93\u3002\u9009\u5927\u516c\u5b50\u8881\u8c2d\u505a\u4e3b\u89d2\u4e5f"}, {"userName": "\u590f\u5dde\u76d6\u4f59", "userReviewDate": "2\u5c0f\u65f6\u524d", "userURL": "https://my.qidian.com/user/132204338", "userReview": "\u8fd9\u672c\u4e66\u600e\u4e48\u6837\uff1f\u8bdd\u8bf4\u6211\u4ee5\u524d\u770b\u4e86\u5f88\u591a\u4e09\u56fd\u7684\uff0c\u90fd\u662f\u540c\u4e00\u5957\u8def\uff0c\u770b\u7684\u817b\u4e86\uff0c\u4e24\u4e09\u5e74\u6ca1\u770b\u4e09\u56fd\u7c7b\u4e86\uff0c\u73b0\u5728\u6765"}, {"userName": "HEV154867", "userReviewDate": "3\u5c0f\u65f6\u524d", "userURL": "https://my.qidian.com/user/216489852", "userReview": "\u8fd9\u672c\u4e66\u771f\u7684\u60f3\u7b80\u4ecb\u4e2d\u6740\u4e86\u5173\u7fbd\u4e86\u5417\uff1f\u5982\u679c\u6709\u90a3\u5c31\u4e0d\u770b\u4e86\u3002"}, {"userName": "PawNbaby", "userReviewDate": "3\u5c0f\u65f6\u524d", "userURL": "https://my.qidian.com/user/227386862", "userReview": "\u4f60\u5199\u60a8\u5417\u5462\uff1f \u8001\u5b50\u770b\u76d7\u7248\uff01"}, {"userName": "\u6d77\u7a7a\u4e00\u8d77", "userReviewDate": "4\u5c0f\u65f6\u524d", "userURL": "https://my.qidian.com/user/231015611", "userReview": "\u9053\u888d\u7537\u5b50\u662f\u4ed6\u513f\u5b50\u56de\u6765\u4e86\u5427\uff01"}, {"userName": "\u767e\u5a01\u6559\u4e3b", "userReviewDate": "6\u5c0f\u65f6\u524d", "userURL": "https://my.qidian.com/user/303339783", "userReview": "\u8bf4\u597d\u7684\u5f00\u56fd\u5927\u5178\u5462 \u7b49\u4e86\u90a3\u4e48\u4e45\u7adf\u7136\u8df3\u8fc7\u4e86 \u8d76\u7d27\u51fa\u756a\u5916"}, {"userName": "\u2116~\u51cc\u4ed9\u714c", "userReviewDate": "6\u5c0f\u65f6\u524d", "userURL": "https://my.qidian.com/user/131284447", "userReview": "\u4e0d\u60f3\u591a\u8bf4\u8bdd\uff0c\u53ea\u6709\u4e00\u70b9\u8981\u8bf4\uff0c\u80fd\u4e0d\u80fd\u6539\u4e86\u81ea\u79f0\uff0c\u53ef\u4ee5\u8bf4\u6211\u6216\u8005\u67d0\u7b49\uff0c\u7199\u662f\u4ec0\u4e48\u9b3c\uff0c\u867d\u7136\u67d0\u4e9b\u5730\u65b9\u80fd\u8fd9\u6837"}, {"userName": "\u7d20\u5b89\u7136", "userReviewDate": "14\u5c0f\u65f6\u524d", "userURL": "https://my.qidian.com/user/213102509", "userReview": "\u6700\u8d77\u7801\u4e2d\u95f4\u5728\u8fc7\u6e21\u4e2a\u5341\u6765\u7ae0\u554a\uff0c\u8fde\u4e2a\u4ea4\u4ee3\u90fd\u6ca1\u5f3a\u884c\u6362\u5267\u672c\u554a\u3002\u672c\u6765\u522b\u4eba\u8bf4\u4f5c\u8005\u5fc3\u601d\u4e0d\u5b9a\u8fd8\u89c9\u5f97\u4eba\u4e4b\u5e38\u60c5"}], "description": "\u9192\u638c\u5929\u4e0b\u6743\uff0c\u9189\u5367\u7f8e\u4eba\u819d\uff0c\u4e94\u5343\u5e74\u98ce\u534e\u70df\u96e8\uff0c\u662f\u975e\u6210\u8d25\u8f6c\u5934\u7a7a\uff01", "title": "\u4e09\u56fd\u4e4b\u7199\u7687", "url": "https://book.qidian.com/info/1010504939", "average": -1.0, "cover": "//qidian.qpic.cn/qdbimg/349573/1010504939/180", "reviews": -1, "authors": [{"url": "https://me.qidian.com/authorIndex.aspx?id=9245138", "name": "\u540d\u6b66"}], "type": ["\u5386\u53f2", "\u79e6\u6c49\u4e09\u56fd"], "outlinks": ["https://book.qidian.com/info/1010504939", "https://book.qidian.com/info/1010773937", "https://book.qidian.com/info/1010773937", "https://book.qidian.com/info/1010619332", "https://book.qidian.com/info/1010619332", "https://book.qidian.com/info/1010011232", "https://book.qidian.com/info/1010011232", "https://book.qidian.com/info/1010473722", "https://book.qidian.com/info/1010473722", "https://book.qidian.com/info/1010559958", "https://book.qidian.com/info/1010559958", "https://book.qidian.com/info/1010545743", "https://book.qidian.com/info/1010545743", "https://book.qidian.com/info/1004854054", "https://book.qidian.com/info/1004854054", "https://book.qidian.com/info/1009376138", "https://book.qidian.com/info/1009376138", "https://book.qidian.com/info/1011800596", "https://book.qidian.com/info/1010891668", "https://book.qidian.com/info/1011773910", "https://book.qidian.com/info/1011783347", "https://book.qidian.com/info/1011643843", "https://book.qidian.com/info/1011476924", "https://book.qidian.com/info/1011635441", "https://book.qidian.com/info/1009999928", "https://book.qidian.com/info/1006932473", "https://book.qidian.com/info/1005080011"]}