{"ratings": 0.0, "userreviews": [{"userName": "\u540d\u5b57\u957f\u7684\u624d\u5389\u5bb3", "userReviewDate": "2018-06-05", "userURL": "https://my.qidian.com/user/218313564", "userReview": "1\u697c10\u5e01\uff1f \u54fc\uff01 \u6765\u4eba  \u4f20\u6715\u53e3\u8c15  1\u697c100\u5e01  \u767d\u697c\u4e00\u7ed3"}, {"userName": "\u613f\u5929\u65e0\u971c\u96ea", "userReviewDate": "2018-04-21", "userURL": "https://my.qidian.com/user/181071034", "userReview": "\u613f\u5929\u65e0\u971c\u96ea\u6253\u8d4f\u59dc\u68b5 100000\u8d77\u70b9\u5e01  \u8fd9\u4e9b\u5e74\u4e5f\u6ca1\u51e0\u672c\u4e0d\u9519\u7684\u4e09\u56fd\u5c0f\u8bf4\uff0c\u8fd9\u672c\u633a\u597d\uff0c\u633a\u559c\u6b22\u3002"}, {"userName": "\u59dc\u68b5", "userReviewDate": "2018-04-20", "userURL": "https://my.qidian.com/user/215239819", "userReview": "\u5efa\u7acb\u4e00\u4e2a\u9519\u5b57\u697c\uff0c\u6709\u9519\u5b57\u7684\u5728\u8fd9\u91cc\u8bf4\uff0c\u8fd9\u672c\u4e66\u4e0d\u60f3\u5199\u9519\u5b57\u4e86\uff01\uff01\uff01\uff01\uff01\uff01"}, {"userName": "\u82f9\u679c\u91cc\u52a0\u725b\u5976", "userReviewDate": "4\u5c0f\u65f6\u524d", "userURL": "https://my.qidian.com/user/316219015", "userReview": "\u7b7e\u5230\uff0c\u300a\u6c49\u65f6\u660e\u6708\u4f55\u65f6\u5f52\u300b\u6765\u8bbf\uff0c\u54b3\uff0c\u6211\u5c31\u95ee\u8fd9\u9102\u7115\u6709\u5415\u5e03\u731b\u5417\uff1f"}, {"userName": "\u66f8\u53cb20100322", "userReviewDate": "4\u5c0f\u65f6\u524d", "userURL": "https://my.qidian.com/user/105269733", "userReview": "\u6301\u7e8c\u770b\u66f8\u4e2d\u3002"}, {"userName": "\u8c01\u53c8\u5728\u4e4e\u6211\u5462", "userReviewDate": "6\u5c0f\u65f6\u524d", "userURL": "https://my.qidian.com/user/199227291", "userReview": "\u529e\u6cd5\u4f1a\u4e0d\u4f1a\u662f\u7528\u78c1\u94c1\u628a\u98de\u5200\u5438\u504f"}, {"userName": "\u82f9\u679c\u91cc\u52a0\u725b\u5976", "userReviewDate": "6\u5c0f\u65f6\u524d", "userURL": "https://my.qidian.com/user/316219015", "userReview": "\u7b7e\u5230\uff0c\u300a\u6c49\u65f6\u660e\u6708\u4f55\u65f6\u5f52\u300b\u6301\u7eed\u7b7e\u5230\u3002"}, {"userName": "xuanyiping", "userReviewDate": "8\u5c0f\u65f6\u524d", "userURL": "https://my.qidian.com/user/131088", "userReview": "\u7b7e\u5230\uff01\uff01\uff01"}, {"userName": "\u4e66\u53cb160312000727060", "userReviewDate": "13\u5c0f\u65f6\u524d", "userURL": "https://my.qidian.com/user/215437701", "userReview": "\u7cfb\u7edf\u5386\u53f2\u6587\u3002\u89c9\u5f97\u6bd2\u7684\u53ef\u4ee5\u9000\u4e86\u3002"}, {"userName": "\u00b7\u00b7\u9c81\u89e3\u5f00\u53cd\u601d\u9053\u8defioj", "userReviewDate": "13\u5c0f\u65f6\u524d", "userURL": "https://my.qidian.com/user/187300141", "userReview": "\u5c01\u9762\u662f\u771f\u7684\u597d\u770b\ud83d\ude0c"}, {"userName": "luke\u51b0", "userReviewDate": "13\u5c0f\u65f6\u524d", "userURL": "https://my.qidian.com/user/216280703", "userReview": "\u8fd9\u5c01\u9762\u662f\u4e09\u56fd\u5fd7\u91cc\u7684\uff1f"}, {"userName": "\u5e7b\u60f3\u5929\u76ee", "userReviewDate": "17\u5c0f\u65f6\u524d", "userURL": "https://my.qidian.com/user/20201692", "userReview": "\u8981\u662f\u6ca1\u6709\u7cfb\u7edf\u7684\u8bdd\u8fd9\u662f\u672c\u597d\u4e66\uff5e  "}, {"userName": "\u4e66\u53cb20170402081540502", "userReviewDate": "18\u5c0f\u65f6\u524d", "userURL": "https://my.qidian.com/user/231518933", "userReview": "\u4eca\u5929\u600e\u4e48\u5c11\u4e86\u4e00\u7ae0\uff0c\u4e0d\u662f\u6bcf\u5929\u4e09\u5f20\u5417"}, {"userName": "\u4e07\u5e74\u4e66\u4ed9", "userReviewDate": "18\u5c0f\u65f6\u524d", "userURL": "https://my.qidian.com/user/316485637", "userReview": "\u7b7e\u5230\u6c34\u7ecf\u9a8c"}], "description": "\u9192\u638c\u5929\u4e0b\u6743\uff0c\u9189\u5367\u7f8e\u4eba\u819d\uff0c\u4e94\u5343\u5e74\u98ce\u534e\u70df\u96e8\uff0c\u662f\u975e\u6210\u8d25\u8f6c\u5934\u7a7a\uff01", "title": "\u4e09\u56fd\u4e4b\u5927\u6c49\u5d1b\u8d77", "url": "https://book.qidian.com/info/1011499425", "average": -1.0, "cover": "//qidian.qpic.cn/qdbimg/349573/1011499425/180", "reviews": -1, "authors": [{"url": "https://me.qidian.com/authorIndex.aspx?id=5947359", "name": "\u59dc\u68b5"}], "type": ["\u5386\u53f2", "\u79e6\u6c49\u4e09\u56fd"], "outlinks": ["https://book.qidian.com/info/1011499425", "https://book.qidian.com/info/1010504939", "https://book.qidian.com/info/1010504939", "https://book.qidian.com/info/1005561769", "https://book.qidian.com/info/1005561769", "https://book.qidian.com/info/1003578104", "https://book.qidian.com/info/1003578104", "https://book.qidian.com/info/1011089891", "https://book.qidian.com/info/1011089891", "https://book.qidian.com/info/1006264688", "https://book.qidian.com/info/1006264688", "https://book.qidian.com/info/1010882055", "https://book.qidian.com/info/1010882055", "https://book.qidian.com/info/1003578104", "https://book.qidian.com/info/1003578104", "https://book.qidian.com/info/1011800596", "https://book.qidian.com/info/1010891668", "https://book.qidian.com/info/1011773910", "https://book.qidian.com/info/1011783347", "https://book.qidian.com/info/1011643843", "https://book.qidian.com/info/1011476924", "https://book.qidian.com/info/1011635441", "https://book.qidian.com/info/1009999928", "https://book.qidian.com/info/1006932473", "https://book.qidian.com/info/1005080011"]}