{"ratings": 0.0, "userreviews": [{"userName": "\u4e03\u6708\u70ed\u6b7b\u4eba", "userReviewDate": "2018-06-07", "userURL": "https://my.qidian.com/user/216423323", "userReview": "\u6ca1\u4ed4\u7ec6\u770b\uff0c\uff0c\u8fd9\u8fd8\u662f\u9897\u79cd\u5b50\u554a\uff0c\u5c31\u88ab\u6211\u6316\u51fa\u6765\u5403\u6389\u4e86\uff0c\uff0c"}, {"userName": "\u7231\u4f60\u5462\u8eab\u4e0a", "userReviewDate": "2018-06-07", "userURL": "https://my.qidian.com/user/220518928", "userReview": "\u6bcf\u4e00\u4e2a\u8bc4\u8bba\u533a\u90fd\u6709\u7684\u6210\u8bed\u63a5\u9f99\uff5e\u4e09\u597d\u548c\u5c1a\u3002"}, {"userName": "\u5927\u738b\u53eb\u6211\u6765\u5bfb\u4e66", "userReviewDate": "2018-06-06", "userURL": "https://my.qidian.com/user/210489871", "userReview": "\u4f5c\u8005\u541b\uff0c\u4ee5\u540e\u80fd\u4e0d\u80fd\u5c11\u5199\u4e00\u70b9\u6211\u88e4\u5b50\u90fd\u8131\u4e86\u4f60\u5374\u7ed9\u6211\u770b\u8fd9\u4e2a\u7684\u5267\u60c5\u3002\u3002\u3002\u3002"}, {"userName": "\u4e09\u516c\u5b50\u4e0d\u717d\u60c5\u3065", "userReviewDate": "2018-06-04", "userURL": "https://my.qidian.com/user/850309", "userReview": "\u9053\u53cb\u4f60\u597d\uff0c\u5728\u4e0b\u4e09\u597d\u9053\u4eba\uff01\uff01\uff1f"}, {"userName": "\u7231\u4f60\u5462\u8eab\u4e0a", "userReviewDate": "2018-05-31", "userURL": "https://my.qidian.com/user/220518928", "userReview": "\u6211\u662f\u6c99\u53d1\u2026\u2026"}, {"userName": "\u6697\u604b\u4e2d\u7684\u5317\u6781\u718a", "userReviewDate": "2018-05-31", "userURL": "https://my.qidian.com/user/305649393", "userReview": "\u5f00\u5934\u90a3\u9996\u8bd7\u6700\u540e\u4e00\u53e5\u4e0d\u9519(*\u0e53\u00b4\u2570\u256f`\u0e53)\u2661\u3002\u603b\u7684\u6765\u8bf4\u5f88\u6e05\u65b0\u3002"}], "description": "\u30102018\u7075\u5f02\u60ac\u7591\u4e0a\u5df3\u796d\u3011\u53c2\u8d5b\u4f5c\u54c1", "title": "\u4e09\u597d\u548c\u5c1a", "url": "https://book.qidian.com/info/1012068573", "average": -1.0, "cover": "//qidian.qpic.cn/qdbimg/349573/1012068573/180", "reviews": -1, "authors": [{"url": "https://me.qidian.com/authorIndex.aspx?id=402471467", "name": "\u4e09\u597d\u548c\u5c1a"}], "type": ["\u7075\u5f02", "\u7075\u5f02\u9b3c\u602a"], "outlinks": ["https://book.qidian.com/info/1012068573", "https://book.qidian.com/info/4479", "https://book.qidian.com/info/4479", "https://book.qidian.com/info/53269", "https://book.qidian.com/info/53269", "https://book.qidian.com/info/71462", "https://book.qidian.com/info/71462", "https://book.qidian.com/info/78574", "https://book.qidian.com/info/78574", "https://book.qidian.com/info/108548", "https://book.qidian.com/info/108548", "https://book.qidian.com/info/116510", "https://book.qidian.com/info/116510", "https://book.qidian.com/info/1011837610", "https://book.qidian.com/info/1011987732", "https://book.qidian.com/info/1011825122", "https://book.qidian.com/info/1011825450", "https://book.qidian.com/info/1011945422", "https://book.qidian.com/info/1011826884", "https://book.qidian.com/info/1011790544", "https://book.qidian.com/info/1011825290", "https://book.qidian.com/info/1011896879", "https://book.qidian.com/info/1011875452"]}