{"ratings": 0.0, "userreviews": [{"userName": "\u6211\u7684\u76ee\u6807\u6ca1\u86c0\u7259", "userReviewDate": "2018-04-18", "userURL": "https://my.qidian.com/user/202313565", "userReview": "\u5b59\u575a\u6b7b\u540e\uff0c\u5b59\u7b56\u6295\u9760\u8881\u672f\uff0c\u5e76\u8ba4\u8881\u672f\u4e3a\u4e49\u7236\u2192\u5b59\u7b56\u5e94\u8be5\u7ba1\u8881\u672f\u53eb\u7238\u7238\u5b59\u7b56\u662f\u5b59\u6743\uff0c\u5b59\u5c1a\u9999\u7684\u957f\u5144\uff0c\u53e4\u4ee3"}, {"userName": "\u82df\u4e14\u7684\u751f\u547d", "userReviewDate": "2018-03-15", "userURL": "https://my.qidian.com/user/218467269", "userReview": "\u60f3\u548c\u4f5c\u8005\u8bf4\u51e0\u53e5\u3002\u7b2c\u4e00\u5462\uff0c\u795e\u8bdd\u7248\u4e09\u56fd\u6211\u57fa\u672c\u770b\u8fc7\uff0c\u524d\u671f\u5199\u7684\u5f88\u4e0d\u9519\uff08\u540e\u671f?\u517b\u5e9f\u4e86\uff09\u4f5c\u8005\u501f\u9274\u521b\u610f\u5e76"}, {"userName": "cc\u83dc\u9e1f", "userReviewDate": "2017-12-20", "userURL": "https://my.qidian.com/user/215923811", "userReview": "\u541b\u7f8a\u53f7:602403937.\u540d\u5b57\u201c\u4e09\u56fd\u4e4b\u6211\u662f\u8881\u672f\u201d\u6b22\u8fce\u5927\u5bb6\u52a0\u5165\uff0c\u541b\u7f8a\u4e3b\u662f\u4f5c\u8005\u54e6\u2299\u2200\u2299\uff01"}, {"userName": "\u8dd1\u6b65\u673a\u5668\u4eba", "userReviewDate": "17\u5c0f\u65f6\u524d", "userURL": "https://my.qidian.com/user/123395800", "userReview": "\u6c34\u7ecf\u9a8c\u6c34\u7ecf\u9a8c"}, {"userName": "\u4e66\u53cb140817082843229", "userReviewDate": "17\u5c0f\u65f6\u524d", "userURL": "https://my.qidian.com/user/190670783", "userReview": "\u575a\u6301\u770b\u4e86\u51e0\u5341\u5f20\uff0c\u5b9e\u5728\u770b\u4e0d\u4e0b\u53bb\u4e86\u3002\u611f\u89c9\u4f60\u8fd9\u6218\u6597\u573a\u9762\u63cf\u5199\u7684\u5f88\u522b\u626d\u3002"}, {"userName": "\u5927\u5927\u5927\u5927\u5927\u5927\u718a\u732b", "userReviewDate": "24\u5c0f\u65f6\u524d", "userURL": "https://my.qidian.com/user/201284467", "userReview": "\u524d\u9762\u6709\u4e9b\u6bd2 \u540e\u9762\u8d8a\u6765\u8d8a\u7cbe\u5f69 "}, {"userName": "\u80d6\u5b9d\u5b9d\u72d7\u5e26\u4e86", "userReviewDate": "24\u5c0f\u65f6\u524d", "userURL": "https://my.qidian.com/user/196692967", "userReview": "\u4e0d\u662f\u592a\u76d1\u4e86\u4e48\uff1f\u6211\u4e00\u76f4\u4ee5\u4e3a\u4f5c\u8005gg\u4e86\uff0c\u5c3d\u7136\u8fd8\u6709\u8d77\u6b7b\u56de\u751f\u8fd9\u79cd\u64cd\u4f5c\uff1f"}, {"userName": "\u591c\u4e0b\u00b0", "userReviewDate": "\u6628\u65e512:08", "userURL": "https://my.qidian.com/user/194920960", "userReview": "\u5145\u6ee1\u5267\u6bd2\u7684\u5c0f\u8bf4"}, {"userName": "\u6726\u8113\u9633\u5149", "userReviewDate": "\u6628\u65e509:04", "userURL": "https://my.qidian.com/user/197341659", "userReview": "\u7b7e\u5230\uff0c\u3002\u3002\uff0c"}, {"userName": "\u5bf9\u8bb2\u673adb", "userReviewDate": "2018-06-07", "userURL": "https://my.qidian.com/user/214554007", "userReview": "\u8fd9\u662f\u4e00\u672c\u4e66\u8bc4\u6bd4\u4e66\u8fd8\u8981\u7cbe\u5f69\u7684\u4e66"}, {"userName": "\u6726\u8113\u9633\u5149", "userReviewDate": "2018-06-07", "userURL": "https://my.qidian.com/user/197341659", "userReview": "\u7b7e\u5230\uff0c\u3002\uff0c"}, {"userName": "\u8f6e\u56de1100", "userReviewDate": "2018-06-07", "userURL": "https://my.qidian.com/user/217220768", "userReview": "\u5c45\u7136\u5931\u8e2a\u4eba\u53e3\u56de\u5f52\u4e86"}, {"userName": "\u8001\u662d", "userReviewDate": "2018-06-06", "userURL": "https://my.qidian.com/user/307543089", "userReview": "\u505a\u81ea\u5df1\u5c31\u5c0d\u4e86 \u5225\u7ba1\u90a3\u4e9b\u5674\u5b50 \u51e1\u6b63\u5beb\u66f8\u5c31\u9019\u6a23 \u6709\u4eba\u559c\u6b61 \u4e5f\u6709\u4eba\u8a0e\u53ad \u671f\u5f85\u4f5c\u8005\u53ef\u4ee5\u628a\u9019\u672c\u66f8\u5b8c\u672c"}, {"userName": "\u706c\u8721\u7b14\u4e36\u5c0f\u5174", "userReviewDate": "2018-06-06", "userURL": "https://my.qidian.com/user/194989981", "userReview": "\u52a0\u6cb9\u5427\uff0c\u770b\u6765\u4eca\u5929\u662f\u4e0d\u66f4\u4e86"}], "description": "\u9192\u638c\u5929\u4e0b\u6743\uff0c\u9189\u5367\u7f8e\u4eba\u819d\uff0c\u4e94\u5343\u5e74\u98ce\u534e\u70df\u96e8\uff0c\u662f\u975e\u6210\u8d25\u8f6c\u5934\u7a7a\uff01", "title": "\u4e09\u56fd\u4e4b\u6211\u662f\u8881\u672f", "url": "https://book.qidian.com/info/1010773937", "average": -1.0, "cover": "//qidian.qpic.cn/qdbimg/349573/1010773937/180", "reviews": -1, "authors": [{"url": "https://me.qidian.com/authorIndex.aspx?id=400713720", "name": "\u957f\u4e0d\u5927\u7684\u80a5\u732b"}], "type": ["\u5386\u53f2", "\u79e6\u6c49\u4e09\u56fd"], "outlinks": ["https://book.qidian.com/info/1010773937", "https://book.qidian.com/info/1006264688", "https://book.qidian.com/info/1006264688", "https://book.qidian.com/info/1010504939", "https://book.qidian.com/info/1010504939", "https://book.qidian.com/info/1009405382", "https://book.qidian.com/info/1009405382", "https://book.qidian.com/info/1010473722", "https://book.qidian.com/info/1010473722", "https://book.qidian.com/info/1005764167", "https://book.qidian.com/info/1005764167", "https://book.qidian.com/info/1010097057", "https://book.qidian.com/info/1010097057", "https://book.qidian.com/info/1010509574", "https://book.qidian.com/info/1010509574", "https://book.qidian.com/info/1011800596", "https://book.qidian.com/info/1010891668", "https://book.qidian.com/info/1011773910", "https://book.qidian.com/info/1011783347", "https://book.qidian.com/info/1011643843", "https://book.qidian.com/info/1011476924", "https://book.qidian.com/info/1011635441", "https://book.qidian.com/info/1009999928", "https://book.qidian.com/info/1006932473", "https://book.qidian.com/info/1005080011"]}