{"ratings": 0.0, "userreviews": [{"userName": "\u68a6\u56de\u957f\u5b89cc", "userReviewDate": "60\u5206\u949f\u524d", "userURL": "https://my.qidian.com/user/160380003", "userReview": "\u540e\u6c49\u4e66\u3010\u4f55\u592a\u540e\u79d8\u53f2\u3011\u7075\u601d\u4f55\u7687\u540e\u8bb3\u67d0\uff0c\u5357\u9633\u5b9b\u4eba\u3002\u5bb6\u672c\u5c60\u8005\uff0c\u4ee5\u9009\u5165\u6396\u5ead\uff0c\u4ee5\u80b2\u7687\u5b50\u8fa8\u4e3a\u8d35\uff0c\u4e2d\u5e73\u516d"}, {"userName": "\u7a9f\u7ed4\u9ab7", "userReviewDate": "3\u5c0f\u65f6\u524d", "userURL": "https://my.qidian.com/user/181049965", "userReview": "\u4f5c\u8005\u539f\u540d\u8bf6\u5466\u5582\u8d77\u70b9\u65f6\u671f\uff1a\u51a5\u754c\u53f0\u5b50\u661f\u6d77\u8be1\u9053\u65e0\u9650\u4e4b\u91ce\u5fc3\u5e1d\u56fd\u4ece\u6765\u6ca1\u6709\u795e\u5723\u7684\u5438\u8840\u9b3c\u5c31\u662f\u5438\u8840\u9b3c\u7ed9\u6211\u5dee"}, {"userName": "\u738b\u5fe0\u4f20", "userReviewDate": "13\u5c0f\u65f6\u524d", "userURL": "https://my.qidian.com/user/226596914", "userReview": "\u6211\u4ee5\u4e3a\u5218\u5907\u4f1a\u5c01\u81ea\u5df1\u4e3a\u6444\u653f\u738b\u3002"}, {"userName": "\u94f6\u5f13\u5ea7\u7684\u9ed1\u8336", "userReviewDate": "13\u5c0f\u65f6\u524d", "userURL": "https://my.qidian.com/user/151650401", "userReview": "\u6211\u4f30\u8ba1\u8fd9\u4e2a\u4e16\u754c\u4ee5\u540e\u4f1a\u51fa\u73b0\u8bf8\u5982\u201c\u4eba\u5fc3\u5411\u5907\u201d\u4e4b\u7c7b\u7684\u6210\u8bed"}, {"userName": "\u4e66\u03a8\u98de\u03a8\u9e1f", "userReviewDate": "2018-06-07", "userURL": "https://my.qidian.com/user/112210497", "userReview": "\u8fd9\u4e66\u662f\u5b66\u59d0\u7684\u9a6c\u7532\uff1f\u6587\u98ce\u4e0d\u5bf9\u554a\u3002\u4e5f\u4e0d\u5bf9\uff0c\u8fd9\u4e48\u4e2d\u4e8c\u2026\u2026\u8fd8\u771f\u6709\u53ef\u80fd\u2026\u2026"}, {"userName": "\u5927\u6c5f\u5c71\u9152\u541e", "userReviewDate": "2018-06-07", "userURL": "https://my.qidian.com/user/221002822", "userReview": "\u5218\u5907\u5c31\u662f\u66f9\u64cd\uff0c\u5362\u690d\u5c31\u662f\u8340\u5f67\u554a"}, {"userName": "\u5357\u5bab\u7b11", "userReviewDate": "2018-06-07", "userURL": "https://my.qidian.com/user/3705257", "userReview": "\u56db\u4e2a\u5218\u59d3\u5dde\u7267\uff0c\u6c5f\u4e1c\u5b59\u6c0f\uff0c\u4e0d\u77e5\u54ea\u91cc\u53bb\u4e86\u7684\u8881\u6c0f\u5144\u5f1f\uff0c\u518d\u52a0\u56db\u5937"}, {"userName": "\u8fdb\u51fb\u7684\u5927\u9e4f~", "userReviewDate": "2018-06-07", "userURL": "https://my.qidian.com/user/216773983", "userReview": "\u770b\u4e86\u5341\u51e0\u7ae0\uff0c\u4e3b\u89d2\u4f5c\u4e3a\u4e00\u4e2a\u7a7f\u8d8a\u4eba\u58eb\uff0c\u5c45\u7136\u6709\u8fd9\u4e48\u5f3a\u70c8\u7684\u62ef\u6551\u5929\u4e0b\u4e07\u6c11\u7684\u5723\u6bcd\u5fc3\uff0c\u6211\u60f3\u77e5\u9053\u7a7f\u8d8a\u524d\u4e3b\u89d2"}, {"userName": "\u6211\u5c31\u60f3\u8d77\u4e2a\u540d\u554a111", "userReviewDate": "2018-06-07", "userURL": "https://my.qidian.com/user/210499749", "userReview": "\u6d53\u6d53\u7684\u4e09\u56fd\u65e0\u53cc\u65e2\u89c6\u611f[fn=26][fn=26]"}, {"userName": "\u5c0f\u8d23\u4efb", "userReviewDate": "2018-06-07", "userURL": "https://my.qidian.com/user/152312932", "userReview": "\u611f\u89c9\u8981\u662f\u8fd9\u672c\u4e66\u7684\u5218\u5907\u6ca1\u59a8\u788d\u5f20\u89d2\u4e00\u8d77\u8d77\u4e49\uff0c\u9ec4\u5dfe\u8bf4\u4e0d\u5b9a\u80fd\u8d62\uff0c\u73b0\u5728\u5f20\u89d2\u4f24\u4e86\u5374\u8dd1\u4e86\uff0c\u611f\u89c9\u771f\u662f\u64cd\u86cb\u7684"}, {"userName": "silverslink", "userReviewDate": "2018-06-07", "userURL": "https://my.qidian.com/user/215268056", "userReview": "\u5f53\u524d\u5404\u8def\u82f1\u6770\u72b6\u51b5:\u5218\u5907:\u5c06\u9769\u547d\u8fdb\u884c\u5230\u5e95\uff01\u66f9\u64cd:\u7384\u5fb7\u8bf4\u5f97\u5bf9\uff0c\u9876\uff01\u8881\u7ecd:\u54c8\u54c8\u54c8\u6211\u8981\u505a\u7687\u5e1d\uff01\u55ef\u8fd9"}, {"userName": "\u96ea\u98ce\u7ea7\u63d0\u7763\u9ec4\u65ed\u4e1c", "userReviewDate": "2018-06-07", "userURL": "https://my.qidian.com/user/312713421", "userReview": "\u8bdd\u8bf4\u5415\u5e03\u4e0d\u662f\u7f57\u8d2f\u4e2d\u5439\u51fa\u6765\u7684\u4e48\uff0c\u8bf4\u5b9e\u8bdd\u4e0d\u600e\u4e48\u559c\u6b22\u5415\u5e03"}, {"userName": "b25\u4f60\u8981\u5417", "userReviewDate": "2018-06-06", "userURL": "https://my.qidian.com/user/218511600", "userReview": "\u4e3b\u89d2\u8fd9\u75af\u72c2\u7684\u591f\u53ef\u4ee5\u554a"}, {"userName": "\u5415\u5929\u867e13233", "userReviewDate": "2018-06-06", "userURL": "https://my.qidian.com/user/316297196", "userReview": "\u7b7e\u5230\u76d6\u697c\u7b7e\u5230"}], "description": "\u9192\u638c\u5929\u4e0b\u6743\uff0c\u9189\u5367\u7f8e\u4eba\u819d\uff0c\u4e94\u5343\u5e74\u98ce\u534e\u70df\u96e8\uff0c\u662f\u975e\u6210\u8d25\u8f6c\u5934\u7a7a\uff01", "title": "\u4e09\u56fd\u4e4b\u8d64\u5e1d", "url": "https://book.qidian.com/info/1011147797", "average": -1.0, "cover": "//qidian.qpic.cn/qdbimg/349573/1011147797/180", "reviews": -1, "authors": [{"url": "https://me.qidian.com/authorIndex.aspx?id=401669042", "name": "\u79be\u672c\u79d1\u690d\u7269"}], "type": ["\u5386\u53f2", "\u79e6\u6c49\u4e09\u56fd"], "outlinks": ["https://book.qidian.com/info/1011147797", "https://book.qidian.com/info/1011089722", "https://book.qidian.com/info/1011089722", "https://book.qidian.com/info/1011061073", "https://book.qidian.com/info/1011061073", "https://book.qidian.com/info/1010327138", "https://book.qidian.com/info/1010327138", "https://book.qidian.com/info/1009380180", "https://book.qidian.com/info/1009380180", "https://book.qidian.com/info/1011109661", "https://book.qidian.com/info/1011109661", "https://book.qidian.com/info/1010673466", "https://book.qidian.com/info/1010673466", "https://book.qidian.com/info/1011800596", "https://book.qidian.com/info/1010891668", "https://book.qidian.com/info/1011773910", "https://book.qidian.com/info/1011783347", "https://book.qidian.com/info/1011643843", "https://book.qidian.com/info/1011476924", "https://book.qidian.com/info/1011635441", "https://book.qidian.com/info/1009999928", "https://book.qidian.com/info/1006932473", "https://book.qidian.com/info/1005080011"]}