{"ratings": 0.0, "userreviews": [], "description": "", "title": "\u4e09\u5ea7\u575f\u5893", "url": "https://book.qidian.com/info/1011875295", "average": -1.0, "cover": "//qidian.qpic.cn/qdbimg/349573/1011875295/180", "reviews": -1, "authors": [{"url": "https://me.qidian.com/authorIndex.aspx?id=401851241", "name": "\u76ae\u5361\u4e18\u7231\u5403\u7cd6"}], "type": ["\u77ed\u7bc7", "\u77ed\u7bc7\u5c0f\u8bf4"], "outlinks": ["https://book.qidian.com/info/1011875295", "https://book.qidian.com/info/3068279", "https://book.qidian.com/info/3068279", "https://book.qidian.com/info/1421403", "https://book.qidian.com/info/1421403", "https://book.qidian.com/info/1620923", "https://book.qidian.com/info/1620923", "https://book.qidian.com/info/1761667", "https://book.qidian.com/info/1761667", "https://book.qidian.com/info/1830315", "https://book.qidian.com/info/1830315", "https://book.qidian.com/info/1882181", "https://book.qidian.com/info/1882181", "https://book.qidian.com/info/1009312005", "https://book.qidian.com/info/1136277", "https://book.qidian.com/info/1830315", "https://book.qidian.com/info/1011168558", "https://book.qidian.com/info/1004575373", "https://book.qidian.com/info/1004088722", "https://book.qidian.com/info/1945698", "https://book.qidian.com/info/1010642969", "https://book.qidian.com/info/1003669419", "https://book.qidian.com/info/1011683374"]}