{"ratings": 0.0, "userreviews": [{"userName": "\u9053\u660e\u55e3", "userReviewDate": "2018-05-16", "userURL": "https://my.qidian.com/user/6176603", "userReview": "\u522b\u592a\u76d1\u5c31\u597d\u4e86\uff0c\u751f\u6d3b\u4e0d\u6613\uff0c\u61c2\u4f5c\u8005\u8f9b\u82e6\uff0c\u52a0\u6cb9\u5427"}, {"userName": "\u6c5c\u745c", "userReviewDate": "2018-05-11", "userURL": "https://my.qidian.com/user/216796226", "userReview": "\u5f88\u65e0\u5948\u554a  \u5927\u7ea2\u888d\u7684\u961f\u4f0d \u6ca1\u51e0\u4e2a\u4eba \u8fd8\u6ca1\u51e0\u4e2a \u8d5a\u5206\u7684  \u60f3\u8f6c\u961f\u4e86"}, {"userName": "\u542c\u8bf4\u4f60\u5f88\u7f8e\u4e28", "userReviewDate": "2018-04-22", "userURL": "https://my.qidian.com/user/200671961", "userReview": "\u653e\u5fc3\u5927\u80c6\u7684\u53bb\u5199\u5427\uff0c\u53ea\u8981\u4e0d\u592a\u76d1\uff0c\u8a93\u6b7b\u8ffd\u968f\u4e0b\u53bb\u3002\u5e0c\u671b\u80fd\u65e9\u70b9\u4e0a\u67b6\uff0c\u6bcf\u5929\u80fd\u591a\u66f4\u51e0\u7ae0\uff08\u5728\u786e\u4fdd\u8eab\u4f53\u5065\u5eb7"}, {"userName": "\u5415\u5929\u867e13579", "userReviewDate": "\u6628\u65e511:54", "userURL": "https://my.qidian.com/user/316841336", "userReview": "\u6df7\u4e00\u70b9\u7ecf\u9a8c"}, {"userName": "\u98de\u864e\u5c06\u519ba\u674e\u5b58\u5b5d", "userReviewDate": "2018-06-07", "userURL": "https://my.qidian.com/user/312877361", "userReview": "\u4e3a\u4ec0\u4e48\u603b\u662f\u8ba2\u7740\u4e09\u56fd\u90a3\u4e9b\u6709\u540d\u7684\u5973\u4eba\uff0c\u90a3\u4e9b\u90fd\u540d\u82b1\u6709\u4e3b\u4e86\uff0c\u60f3\u627e\u5973\u4eba\u6ca1\u9519\uff0c\u53ef\u4ee5\u5199\u522b\u7684\u5973\u4eba\u3002\u8fd8\u6709\u5c06\u9886"}, {"userName": "\u4f60\u7684\u6837\u5b50", "userReviewDate": "2018-06-02", "userURL": "https://my.qidian.com/user/147157", "userReview": "\u6309\u6f14\u4e49\u6765\u8bf4\uff0c\u7f57\u5bb6\u7684\u529f\u592b\uff0c\u6ca1\u5b66\u5168\uff0c\u6bd4\u59dc\u5bb6\u7684\u5dee\u8fdc\u4e86\u3002\u59dc\u5bb6\u7684\u529f\u592b\uff0c\u53c8\u6bd4\u7956\u5b97\u7684\u5dee\u8fdc\u4e86\u3002\u59dc\u7ef4\u7684\u529f\u592b\uff0c"}, {"userName": "\u673a\u5173\u5e72\u90e8", "userReviewDate": "2018-06-01", "userURL": "https://my.qidian.com/user/134142024", "userReview": "\u6709\u70b9\u4e0d\u7528\u5fc3\u5199\u4e86\uff01"}, {"userName": "\u9ec4\u91d1\u7389\u73ba", "userReviewDate": "2018-06-01", "userURL": "https://my.qidian.com/user/224799532", "userReview": "\u597d\u7684\u4e00\u672c\u4e66"}, {"userName": "\u9ec4\u91d1\u7389\u73ba", "userReviewDate": "2018-06-01", "userURL": "https://my.qidian.com/user/224799532", "userReview": "\u4e0d\u9519\u52a0\u6cb9\u54e6"}, {"userName": "\u8ff7\u5931\u5728\u5730\u7403\u7684\u5916\u661f\u7efc\u5408\u8230", "userReviewDate": "2018-05-28", "userURL": "https://my.qidian.com/user/302095099", "userReview": "\u633a\u6709\u610f\u601d\u7684"}, {"userName": "\u5e73\u51e1\u65e0\u5fc3", "userReviewDate": "2018-05-28", "userURL": "https://my.qidian.com/user/1528539", "userReview": "\u8bf4300\u65a4\u6709\u6c7d\u8f66\u90a3\u4e48\u5927\u7684\u662f\u6ca1\u89c1\u8fc7\u94c1\uff0c\u4e00\u4e2a\u5706\u67f1\u5f62300mm\u76f4\u5f84\u53ea\u8981400mm\u957f\u5c31\u5df2\u7ecf\u5dee\u4e0d\u591a\u4e86"}, {"userName": "\u770b\u4e66\u4eba\u8fd9\u90fd\u6709", "userReviewDate": "2018-05-27", "userURL": "https://my.qidian.com/user/18495867", "userReview": "\u77e5\u9053\u4e3a\u4ec0\u4e48\u4e0d\u6295\u66f9\u4e86\uff0c\u4e0d\u662f\u66f9\u591a\u7591\u5f11\u6740\uff0c\u662f\u6295\u4e86\u66f9\u4eba\u59bb\u600e\u4e48\u5206\uff0c\u4e0d\u80fd\u548c\u4e3b\u516c\u62a2\u5973\u4eba\u5427\uff0c\u66f9:\u6c5d\u59bb\u543e\u517b\u4e4b"}, {"userName": "\u51a5\u738b\u4e16\u5c0a", "userReviewDate": "2018-05-27", "userURL": "https://my.qidian.com/user/224543477", "userReview": "\u4e2d\u5e74\u5987\u5973\u4e4b\u53cb\u5c31\u7b97\u4e86\u5218\u748b\u4ed6\u8001\u5988\u5e74\u7eaa\u4e5f\u592a\u5927\u4e86\u8fd9\u5173\u7cfb\u5c0f\u5fc3404.\u770b\u5218\u748b\u4ed6\u5973\u513f\u548c\u8c82\u8749\u7684\u53cd\u5e94\u4e0d\u4f1a\u53c8\u662f"}, {"userName": "\u4f7f\u4e86\u7164\u6cb9", "userReviewDate": "2018-05-25", "userURL": "https://my.qidian.com/user/213429528", "userReview": "\u4e0d\u77e5\u9053\u4f5c\u8005\u4e4b\u524d\u6709\u6ca1\u6709\u5176\u4ed6\u7684\u4f5c\u54c1\uff0c\u5982\u679c\u6ca1\u6709\uff0c\u90a3\u8fd9\u4e00\u90e8\u7684\u6587\u7b14\u4e5f\u5c31\u8fd8\u6709\u9047\u89c1\u4e86\uff0c\u5df2\u7ecf\u7b97\u662f\u4e0d\u9519\u7684\u4e86\uff0c"}], "description": "\u9192\u638c\u5929\u4e0b\u6743\uff0c\u9189\u5367\u7f8e\u4eba\u819d\uff0c\u4e94\u5343\u5e74\u98ce\u534e\u70df\u96e8\uff0c\u662f\u975e\u6210\u8d25\u8f6c\u5934\u7a7a\uff01", "title": "\u4e09\u56fd\u4e4b\u88f4\u5143\u5e86\u4f20\u5947", "url": "https://book.qidian.com/info/1010968152", "average": -1.0, "cover": "//qidian.qpic.cn/qdbimg/349573/1010968152/180", "reviews": -1, "authors": [{"url": "https://me.qidian.com/authorIndex.aspx?id=401473436", "name": "\u7ea2\u888d\u516c\u5b50"}], "type": ["\u5386\u53f2", "\u79e6\u6c49\u4e09\u56fd"], "outlinks": ["https://book.qidian.com/info/1010968152", "https://book.qidian.com/info/1011089891", "https://book.qidian.com/info/1011089891", "https://book.qidian.com/info/1011061073", "https://book.qidian.com/info/1011061073", "https://book.qidian.com/info/1006264688", "https://book.qidian.com/info/1006264688", "https://book.qidian.com/info/1006052194", "https://book.qidian.com/info/1006052194", "https://book.qidian.com/info/1005402060", "https://book.qidian.com/info/1005402060", "https://book.qidian.com/info/1005824946", "https://book.qidian.com/info/1005824946", "https://book.qidian.com/info/1011800596", "https://book.qidian.com/info/1010891668", "https://book.qidian.com/info/1011773910", "https://book.qidian.com/info/1011783347", "https://book.qidian.com/info/1011643843", "https://book.qidian.com/info/1011476924", "https://book.qidian.com/info/1011635441", "https://book.qidian.com/info/1009999928", "https://book.qidian.com/info/1006932473", "https://book.qidian.com/info/1005080011"]}