{"ratings": 0.0, "userreviews": [{"userName": "\u4e66\u53cb20180110200211532", "userReviewDate": "2018-05-31", "userURL": "https://my.qidian.com/user/312563669", "userReview": "\u70b9\u5f00\u6211\u7684\u4e3b\u9875\uff0c\u70b9\u51fb\u4f5c\u54c1\uff0c\u6253\u8d4f\uff0c\u622a\u56fe\u4fdd\u5b58\uff0c\u7b49\u6211\u6210\u4e86\u767d\u91d1\u4f5c\u5bb6\uff0c\u767e\u500d\u5949\u8fd8\uff0c\u54c8\u54c8\u54c8"}, {"userName": "\u4e66\u53cb20180110200211532", "userReviewDate": "7\u5c0f\u65f6\u524d", "userURL": "https://my.qidian.com/user/312563669", "userReview": "\u7b7e\u5230\u4e94\u4e2a\u5b57"}, {"userName": "\u4e66\u53cb20180110200211532", "userReviewDate": "7\u5c0f\u65f6\u524d", "userURL": "https://my.qidian.com/user/312563669", "userReview": "\u7b7e\u5230\u4e94\u4e2a\u5b57"}, {"userName": "\u4e66\u53cb20180110200211532", "userReviewDate": "2018-06-06", "userURL": "https://my.qidian.com/user/312563669", "userReview": "\u7b7e\u5230\u4e94\u4e2a\u5b57"}, {"userName": "\u4e66\u53cb20180110200211532", "userReviewDate": "2018-06-06", "userURL": "https://my.qidian.com/user/312563669", "userReview": "\u7b7e\u5230\u4e94\u4e2a\u5b57"}, {"userName": "\u4e66\u53cb20180328200525936", "userReviewDate": "2018-06-05", "userURL": "https://my.qidian.com/user/315143408", "userReview": "\u5f20\u8fbd\u7edf\u5e05100 \u8fd9\u8ba9\u66f9\u64cd\u600e\u4e48\u529e    \u653f\u52a1\u4e5f\u9ad8\u7684\u5413\u4eba"}, {"userName": "\u4e66\u53cb20180110200211532", "userReviewDate": "2018-06-04", "userURL": "https://my.qidian.com/user/312563669", "userReview": "\u7b7e\u5230\u4e94\u4e2a\u5b57"}, {"userName": "\u4e66\u53cb20180110200211532", "userReviewDate": "2018-06-04", "userURL": "https://my.qidian.com/user/312563669", "userReview": "\u7b7e\u5230\u4e94\u4e2a\u5b57"}, {"userName": "\u4e66\u53cb20180110200211532", "userReviewDate": "2018-06-02", "userURL": "https://my.qidian.com/user/312563669", "userReview": "\u7b7e\u5230\u4e94\u4e2a\u5b57"}, {"userName": "\u4e66\u53cb20180110200211532", "userReviewDate": "2018-06-02", "userURL": "https://my.qidian.com/user/312563669", "userReview": "\u7b7e\u5230\u4e94\u4e2a\u5b57"}, {"userName": "guyongg", "userReviewDate": "2018-06-01", "userURL": "https://my.qidian.com/user/101331484", "userReview": "\u7b7e\u5230\u4e86\uff01\u7b7e\u5230"}, {"userName": "\u7a00\u91cc\u54d7\u5566\u6ef4\u567c\u91cc\u556a\u5566", "userReviewDate": "2018-05-31", "userURL": "https://my.qidian.com/user/215337895", "userReview": "\u4e00\u5f00\u59cb\u5c31\u6536\u8d75\u4e91\u8fd9\u4e48\u5389\u5bb3\u7684\u5c06\u9886\u611f\u89c9\u4e0d\u662f\u8fd9\u4e48\u597d\u5427\uff0c\u6bd5\u7adf\u73b0\u5728\u5927\u90e8\u5206\u4e09\u56fd\u5c0f\u8bf4\u4e00\u5f00\u59cb\u4e0d\u662f\u6536\u8d75\u4e91\u5c31\u662f\u5178"}, {"userName": "\u9ad8\u4e50\u9ad8666", "userReviewDate": "2018-05-24", "userURL": "https://my.qidian.com/user/314664966", "userReview": "\u7b7e\u5230\u6c34\u7ecf\u9a8c"}, {"userName": "\u9ad8\u4e50\u9ad8666", "userReviewDate": "2018-05-19", "userURL": "https://my.qidian.com/user/314664966", "userReview": "\u7b7e\u5230\u6c34\u7ecf\u9a8c"}], "description": "\u9192\u638c\u5929\u4e0b\u6743\uff0c\u9189\u5367\u7f8e\u4eba\u819d\uff0c\u4e94\u5343\u5e74\u98ce\u534e\u70df\u96e8\uff0c\u662f\u975e\u6210\u8d25\u8f6c\u5934\u7a7a\uff01", "title": "\u4e09\u56fd\u773c\u827a", "url": "https://book.qidian.com/info/1011474104", "average": -1.0, "cover": "//qidian.qpic.cn/qdbimg/349573/1011474104/180", "reviews": -1, "authors": [{"url": "https://me.qidian.com/authorIndex.aspx?id=402024561", "name": "\u5199\u4e66\u5403\u571f"}], "type": ["\u5386\u53f2", "\u79e6\u6c49\u4e09\u56fd"], "outlinks": ["https://book.qidian.com/info/1011474104", "https://book.qidian.com/info/1004984009", "https://book.qidian.com/info/1004984009", "https://book.qidian.com/info/1010835759", "https://book.qidian.com/info/1010835759", "https://book.qidian.com/info/1010619332", "https://book.qidian.com/info/1010619332", "https://book.qidian.com/info/1010504939", "https://book.qidian.com/info/1010504939", "https://book.qidian.com/info/1010346227", "https://book.qidian.com/info/1010346227", "https://book.qidian.com/info/1010968152", "https://book.qidian.com/info/1010968152", "https://book.qidian.com/info/1011800596", "https://book.qidian.com/info/1010891668", "https://book.qidian.com/info/1011773910", "https://book.qidian.com/info/1011783347", "https://book.qidian.com/info/1011643843", "https://book.qidian.com/info/1011476924", "https://book.qidian.com/info/1011635441", "https://book.qidian.com/info/1009999928", "https://book.qidian.com/info/1006932473", "https://book.qidian.com/info/1005080011"]}