{"ratings": 0.0, "userreviews": [{"userName": "\u4e66\u53cb140918123032383", "userReviewDate": "3\u5c0f\u65f6\u524d", "userURL": "https://my.qidian.com/user/192444357", "userReview": "\u5f15\u8d77\u4e94\u80e1\u4e71\u534e\u7684\u662f\u664b\u7684\u516b\u738b\u4e4b\u4e71\u5427"}, {"userName": "\u6124\u6012\u7684\u9ed1\u9aa1\u5b50", "userReviewDate": "4\u5c0f\u65f6\u524d", "userURL": "https://my.qidian.com/user/215655044", "userReview": "\u4e00\u8138\u61f5\u903c\uff0c\u8fd9\u662f\u8981\u5927\u5730\u4e3b\u5206\u7530\u5730\u7684\u8282\u594f\u554a"}, {"userName": "\u6218\u4e89\u5927\u5e1d", "userReviewDate": "16\u5c0f\u65f6\u524d", "userURL": "https://my.qidian.com/user/201191853", "userReview": "\u4e5f\u592a\u770b\u7684\u8d77\u82cf\u6253\u8fd9\u4e9b\u4eba\u4e86\uff0c\u8ba9\u4eba\u770b\u7684\u6709\u79cd\u4efb\u4eba\u552f\u4eb2\u7684\u611f\u89c9\uff0c\u5c31\u56e0\u4e3a\u662f\u81ea\u5df1\u4ece\u4e00\u5f00\u59cb\u8ddf\u81ea\u5df1\u7684\u5144\u5f1f\u5c31\u6253\u51e0"}, {"userName": "\u5927\u9053\u4e94\u5341\uff0c\u5929\u9053\u56db\u5341\u4e5d", "userReviewDate": "19\u5c0f\u65f6\u524d", "userURL": "https://my.qidian.com/user/202007909", "userReview": "\u6f14\u4e49\u5bb3\u4eba\u7684\u3002\u3002\u6ca1\u6709\u4e09\u56fd\u6f14\u4e49\u6709\u591a\u5c11\u4eba\u56de\u53bb\u4e86\u89e3\u4e09\u56fd\u5386\u53f2?\u5c0f\u8bf4\u53ea\u662f\u4e00\u4e2a\u8df3\u677f\uff0c\u4e00\u4e2a\u6fc0\u53d1\u4eba\u5174\u8da3\u7684\u8bd5\u91d1"}, {"userName": "\u6211\u7231\u7f8a\u7f8a", "userReviewDate": "\u6628\u65e509:56", "userURL": "https://my.qidian.com/user/1729935", "userReview": "\u7ee7\u7eed\u52a0\u6cb9\u5427\uff01"}, {"userName": "\u4e3a\u515a\u56fd\u5d1b\u8d77\u800c\u8bfb\u4e66", "userReviewDate": "\u6628\u65e503:02", "userURL": "https://my.qidian.com/user/227103679", "userReview": "\u534e\u96c4\u662f\u5b59\u575a\u6740\u7684\uff0c\u989c\u826f\u662f\u5173\u7fbd\u6740\u7684\uff0c\u4f46\u6587\u4e11\u4e0d\u662f\u5173\u7fbd\u6740\u7684\uff0c\u8fc7\u4e94\u5173\u65a9\u516d\u5c06\u4e5f\u662f\u5047\u7684\uff0c\u5173\u7fbd\u5c31\u662f\u4e00\u4e2a\u6c11\u95f4"}, {"userName": "\u6211\u7231\u7f8a\u7f8a", "userReviewDate": "2018-06-07", "userURL": "https://my.qidian.com/user/1729935", "userReview": "\u7ee7\u7eed\u52a0\u6cb9\u5427\uff01"}, {"userName": "\u6838\u5e73\u6218\u58eb", "userReviewDate": "2018-06-06", "userURL": "https://my.qidian.com/user/169447939", "userReview": "\u6709\u70b9\u9633\u795e\u7684\u610f\u601d[fn=1]"}, {"userName": "JBN9632", "userReviewDate": "2018-06-06", "userURL": "https://my.qidian.com/user/153077097", "userReview": "\u7384\u4e4b\u53c8\u7384\uff0c\u4f17\u5999\u4e4b\u95e8"}, {"userName": "\u4e66\u53cb150215001012639", "userReviewDate": "2018-06-06", "userURL": "https://my.qidian.com/user/199983954", "userReview": "\u63a8\u8350\u7968\u9001\u4e0a"}, {"userName": "\u6211\u7231\u7f8a\u7f8a", "userReviewDate": "2018-06-06", "userURL": "https://my.qidian.com/user/1729935", "userReview": "\u7ee7\u7eed\u52a0\u6cb9\u5427\uff01"}, {"userName": "\u5b8b\u7687\u9675", "userReviewDate": "2018-06-06", "userURL": "https://my.qidian.com/user/313102693", "userReview": "\u4e0d\u60f3\u5bf9\u4f60\u4eec\u8ba8\u8bba\u7684\u6f14\u4e49\u8fd8\u662f\u5386\u53f2\u591a\u8bf4\u4ec0\u4e48\u3002\u53ea\u6709\u4e00\u53e5\u5fe0\u544a\uff0c\u4e2d\u56fd\u4eba\u8981\u662f\u5355\u7eaf\u9760\u5c0f\u8bf4\u6765\u4e86\u89e3\u5386\u53f2\uff0c\u90a3\u8fd9\u4e2a"}, {"userName": "\u4e66\u53cb160915220324156", "userReviewDate": "2018-06-06", "userURL": "https://my.qidian.com/user/222747397", "userReview": "\u7ed9\u4e2a\u5efa\u8bae\u5427\uff0c\u4e2a\u4eba\u5b9e\u529b\u592a\u5f3a\u7684\u8bdd\uff0c\u90a3\u8fd8\u8981\u4ec0\u4e48\u519b\u961f\uff1f\u76f4\u63a5\u5199\u4fee\u4ed9\u5c0f\u8bf4\u7b97\u4e86\u3002"}, {"userName": "\u6211\u7684\u59b9\u59b9\u53eb\u96cf\u75301024", "userReviewDate": "2018-06-05", "userURL": "https://my.qidian.com/user/316814066", "userReview": "\u7b7e\u5230\u83b7\u5f97\u7ecf\u9a8c\u5417"}], "description": "\u4fee\u4ed9\u89c5\u957f\u751f\uff0c\u70ed\u8840\u4efb\u900d\u9065\uff0c\u8e0f\u83b2\u66f3\u6ce2\u6da4\u5251\u9aa8\uff0c\u51ed\u865a\u5fa1\u98ce\u5851\u5723\u9b42\uff01", "title": "\u4e09\u56fd\u4e4b\u6b66\u9b42\u901a\u5929", "url": "https://book.qidian.com/info/1011875023", "average": -1.0, "cover": "//qidian.qpic.cn/qdbimg/349573/1011875023/180", "reviews": -1, "authors": [{"url": "https://me.qidian.com/authorIndex.aspx?id=2352738", "name": "\u5927\u68a6\u6ce3"}], "type": ["\u4ed9\u4fa0", "\u795e\u8bdd\u4fee\u771f"], "outlinks": ["https://book.qidian.com/info/1011875023", "https://book.qidian.com/info/1004995075", "https://book.qidian.com/info/1004995075", "https://book.qidian.com/info/1010463239", "https://book.qidian.com/info/1010463239", "https://book.qidian.com/info/1004085337", "https://book.qidian.com/info/1004085337", "https://book.qidian.com/info/1010051104", "https://book.qidian.com/info/1010051104", "https://book.qidian.com/info/1009864846", "https://book.qidian.com/info/1009864846", "https://book.qidian.com/info/1011075308", "https://book.qidian.com/info/1011075308", "https://book.qidian.com/info/2004302", "https://book.qidian.com/info/2004302", "https://book.qidian.com/info/2406582", "https://book.qidian.com/info/2406582", "https://book.qidian.com/info/2476921", "https://book.qidian.com/info/2476921", "https://book.qidian.com/info/3153553", "https://book.qidian.com/info/3153553", "https://book.qidian.com/info/3636960", "https://book.qidian.com/info/3636960", "https://book.qidian.com/info/1004920828", "https://book.qidian.com/info/1004920828", "https://book.qidian.com/info/1010327039", "https://book.qidian.com/info/1012016027", "https://book.qidian.com/info/1011630501", "https://book.qidian.com/info/1012010192", "https://book.qidian.com/info/1011834598", "https://book.qidian.com/info/1011672705", "https://book.qidian.com/info/1011966835", "https://book.qidian.com/info/1011940680", "https://book.qidian.com/info/1011491390", "https://book.qidian.com/info/1011995376"]}