{"ratings": 0.0, "userreviews": [{"userName": "\u4e66\u53cb20170804210845152", "userReviewDate": "2018-05-29", "userURL": "https://my.qidian.com/user/306369836", "userReview": "\u8d75\u4e91\u6709\u54e5\u54e5\u5417\uff0c\u4ed6\u7684\u59b9\u59b9\u5462"}, {"userName": "ly\u6708\u9b42", "userReviewDate": "2018-05-29", "userURL": "https://my.qidian.com/user/228107612", "userReview": "\u4f5c\u8005\uff0c\u6709\u70b9\u6015\uff0c\u4e09\u4e2a\u6708\uff0c\u4e00\u5e74\uff0c\u8fd9\u65ad\u66f4\u53c8\u6062\u590d\u66f4\u65b0\u662f\u8981\u5e72\u5565"}, {"userName": "\u5415\u5929\u867e13124", "userReviewDate": "2018-05-20", "userURL": "https://my.qidian.com/user/316091269", "userReview": "\u7b7e\u5230\u6765\u5566\u7b7e\u5230\u6765\u5566"}, {"userName": "\u4e66\u53cb20170502214831074", "userReviewDate": "2018-05-14", "userURL": "https://my.qidian.com/user/301291975", "userReview": "\u9002\u5408\u5c0f\u767d\u770b\uff0c"}, {"userName": "\u8fc7\u5f80\u4e91\u70df\u8def\u9014\u8fdc", "userReviewDate": "2018-05-02", "userURL": "https://my.qidian.com/user/309338603", "userReview": "\u600e\u4e48\u90a3\u4e48\u5e72\u51c0\uff1f\u4f5c\u8005\u5220\u5e16\u5904\u7406\u7684\uff1f"}], "description": "\u8086\u610f\u6325\u6d12\u6fc0\u60c5\u7684\u6e38\u620f\u4eba\u751f\uff0c\u6253\u7834\u73b0\u5b9e\u6846\u67b6\u7684\u65e0\u5c3d\u5e7b\u60f3\uff01", "title": "\u4e09\u56fd\u4e4b\u4e16\u7eaa\u5929\u4e0b", "url": "https://book.qidian.com/info/1003786676", "average": -1.0, "cover": "//qidian.qpic.cn/qdbimg/349573/1003786676/180", "reviews": -1, "authors": [{"url": "https://me.qidian.com/authorIndex.aspx?id=8330072", "name": "\u6d1b\u96e8\u8fb0\u98ce"}], "type": ["\u6e38\u620f", "\u865a\u62df\u7f51\u6e38"], "outlinks": ["https://book.qidian.com/info/1003786676", "https://book.qidian.com/info/1010429625", "https://book.qidian.com/info/1010429625", "https://book.qidian.com/info/1010774705", "https://book.qidian.com/info/1010774705", "https://book.qidian.com/info/1009856593", "https://book.qidian.com/info/1009856593", "https://book.qidian.com/info/1010504504", "https://book.qidian.com/info/1010504504", "https://book.qidian.com/info/1009527873", "https://book.qidian.com/info/1009527873", "https://book.qidian.com/info/1010539966", "https://book.qidian.com/info/1010539966", "https://book.qidian.com/info/1011944539", "https://book.qidian.com/info/1011967882", "https://book.qidian.com/info/1011856614", "https://book.qidian.com/info/1011979301", "https://book.qidian.com/info/1010667415", "https://book.qidian.com/info/1011736169", "https://book.qidian.com/info/1011797289", "https://book.qidian.com/info/1011808514", "https://book.qidian.com/info/1011901619", "https://book.qidian.com/info/1011962316"]}