{"ratings": 0.0, "userreviews": [{"userName": "\u4ed6\u5728\u65f6\u5149\u6df1\u5904", "userReviewDate": "2018-04-09", "userURL": "https://my.qidian.com/user/227503898", "userReview": "\u606d\u559c\u5ca9\u54e5\u5728\u5386\u53f2\u7c7b\u7f51\u6587\u4e4b\u738b\u7684\u8bc4\u9009\u4e2d\u8363\u83b7\u4e00\u7b49\u5956\uff0c\u6210\u4e3a\u540d\u526f\u5176\u5b9e\u7684\u5386\u53f2\u7f51\u6587\u4e4b\u738b[fn=1]"}, {"userName": "\u9752\u6885\u7af9\u9a6c20", "userReviewDate": "2017-08-23", "userURL": "https://my.qidian.com/user/201869088", "userReview": "\u6b63\u5f0f\u901a\u77e5\u4e00\u4e0b\uff1a\u7531\u4e8e\u4e4b\u524d\u7684\u7c89\u4e1d\u7fa4\u88ab\u5c01\u4e86\uff0c\u73b0\u516c\u5e03\u4e00\u4e0b\u73b0\u6709\u7684\u7c89\u4e1d\uff0c\u4e66\u53cb\u4eec\uff0c\u5404\u81ea\u52a0\u5bf9\u5e94\u7684\u7fa4\u54df\uff01\u56e0\u4e3a"}, {"userName": "\u9752\u6885\u7af9\u9a6c20", "userReviewDate": "2017-04-01", "userURL": "https://my.qidian.com/user/201869088", "userReview": "\u4e00\u3001\u656c\u544a\u5c0f\u53f7\u3001\u6c34\u519b\u4e0d\u8981\u8fdb\u5165\u4e66\u8bc4\u533a\u5bfb\u8845\u6ecb\u4e8b\u3002\u51e1\u662f\u6ca1\u6709\u6536\u85cf\u672c\u4e66\u5e76\u4e14\u6b63\u5e38\u8ddf\u8bfb\u7684\u8d26\u53f7\uff0c\u53d1\u73b0\u80e1\u4e71\u8bc4\u8bba"}, {"userName": "\u5f80\u5f80\u4e09", "userReviewDate": "2018-06-01", "userURL": "https://my.qidian.com/user/190210883", "userReview": "\u4e09\u56fd\u5c0f\u8bf4\u592a\u591a\uff0c\u57fa\u672c\u5343\u7bc7\u4e00\u5f8b\u5c31\u662f\u6536\u5386\u53f2\u540d\u4eba\uff0c\u6536\u731b\u5c06\u7b49\uff0c\u53ef\u662f\u5f88\u5c11\u770b\u5230\uff0c\u4e09\u56fd\u91cc\u9762\u95e8\u9600\u51fa\u8eab\u5c31\u51b3\u5b9a\u4e86"}, {"userName": "\u6b8b\u5ff5\u60ed\u5fc6", "userReviewDate": "2018-05-27", "userURL": "https://my.qidian.com/user/220775973", "userReview": "\u66f4\u65b0\u597d\u6162\u554a\uff0c\u524d\u9762\u5199\u7684\u5f88\u597d\uff0c\u94fa\u57ab\u4e5f\u505a\u7684\u8db3\uff0c\u8fd9\u7b97\u662f\u4e09\u56fd\u9898\u6750\u91cc\u6211\u6700\u559c\u6b22\u7684\u4e00\u672c\u4e86\uff0c\u7279\u522b\u662f\u548c\u66f9\u4e15\u6597\u7684"}, {"userName": "\u4fd7\u4e16\u5927\u795e", "userReviewDate": "2018-05-19", "userURL": "https://my.qidian.com/user/190114572", "userReview": "\u6211\u5c31\u60f3\u95ee\uff0c\u5230\u5e95\u6709\u591a\u5c11\u5973\u4eba\uff1f\u89c1\u4e00\u4e2a\u6536\u4e00\u4e2a\uff0c\u57fa\u672c\u4e09\u7ae0\u5c31\u6536\u4e00\u4e2a\u5973\u4eba\uff0c\u8fd9\u6837\u4e0b\u53bb\u8fd8\u80fd\u770b\u5417\uff1f"}, {"userName": "\u591c\u4e91\u3005\u65e0\u661f", "userReviewDate": "2018-05-19", "userURL": "https://my.qidian.com/user/2615788", "userReview": "\u4f60\u4eec\u5c31\u77e5\u8db3\u5427\uff0c\u8fd9\u672c\u4e66\u867d\u7136\u6709\u4e9b\u4e0d\u8db3\u4f46\u81f3\u5c11\u80fd\u770b\uff0c\u6211\u8fd8\u770b\u8fc7\u4e00\u672c\u4e5f\u662f\u7279\u79cd\u5175\u91cd\u751f\u56de\u5230\u4e09\u56fd\u7684\uff0c\u4e3b\u89d2\u88ab\u7530"}, {"userName": "\u79cb\u67ab\u5ff5\u76c8", "userReviewDate": "2018-05-13", "userURL": "https://my.qidian.com/user/197392089", "userReview": "\u597d\u4e45\u6ca1\u5192\u6ce1\u4e86\uff0c\u7b7e\u4e2a\u5230\u5237\u4e0b\u5b58\u5728\u611f[fn=4]"}, {"userName": "\u591c\u8272\u4e0b\u96e8\u843d", "userReviewDate": "2018-05-02", "userURL": "https://my.qidian.com/user/201529664", "userReview": "\u6709\u54ea\u4e9b\u5973\u4e3b\uff1f"}, {"userName": "\u4e66\u9999\u4e66\u5473", "userReviewDate": "2018-05-01", "userURL": "https://my.qidian.com/user/312533360", "userReview": "\u521a\u770b\u4e94\u767e\u591a\u7ae0\u4e86\u8fd8\u884c"}, {"userName": "\u6d41\u5e74\u7684\u5c81", "userReviewDate": "2018-04-29", "userURL": "https://my.qidian.com/user/211894489", "userReview": "\u5c31\u4e0d\u6015\u7cbe\u5c3d\u4eba\u4ea1"}, {"userName": "\u963f\u5947\u9709\u7d20", "userReviewDate": "2018-04-27", "userURL": "https://my.qidian.com/user/7857930", "userReview": "\u7b7e\u5230\u6c34\u7ecf\u9a8c"}, {"userName": "\u6797\u2461\u7237", "userReviewDate": "2018-04-25", "userURL": "https://my.qidian.com/user/129039750", "userReview": "\u7b7e\u5230nnn"}, {"userName": "\u6700\u96e3\u5fd8", "userReviewDate": "2018-04-24", "userURL": "https://my.qidian.com/user/301911449", "userReview": "\u4e09\u56fd\u5973\u4eba\u591a\u554a\uff0c\uff0c\uff0c"}], "description": "\u9192\u638c\u5929\u4e0b\u6743\uff0c\u9189\u5367\u7f8e\u4eba\u819d\uff0c\u4e94\u5343\u5e74\u98ce\u534e\u70df\u96e8\uff0c\u662f\u975e\u6210\u8d25\u8f6c\u5934\u7a7a\uff01", "title": "\u4e09\u56fd\u4e4b\u65e0\u8d56\u5175\u738b", "url": "https://book.qidian.com/info/1004893582", "average": -1.0, "cover": "//qidian.qpic.cn/qdbimg/349573/1004893582/180", "reviews": -1, "authors": [{"url": "https://me.qidian.com/authorIndex.aspx?id=4980422", "name": "\u8bb3\u5ca9"}], "type": ["\u5386\u53f2", "\u79e6\u6c49\u4e09\u56fd"], "outlinks": ["https://book.qidian.com/info/1004893582", "https://book.qidian.com/info/1009999928", "https://book.qidian.com/info/1009999928", "https://book.qidian.com/info/1010011232", "https://book.qidian.com/info/1010011232", "https://book.qidian.com/info/1010619332", "https://book.qidian.com/info/1010619332", "https://book.qidian.com/info/1009812096", "https://book.qidian.com/info/1009812096", "https://book.qidian.com/info/1010773937", "https://book.qidian.com/info/1010773937", "https://book.qidian.com/info/1003455975", "https://book.qidian.com/info/1003455975", "https://book.qidian.com/info/3355749", "https://book.qidian.com/info/3355749", "https://book.qidian.com/info/3639156", "https://book.qidian.com/info/3639156", "https://book.qidian.com/info/1010892122", "https://book.qidian.com/info/1010892122", "https://book.qidian.com/info/1011800596", "https://book.qidian.com/info/1010891668", "https://book.qidian.com/info/1011773910", "https://book.qidian.com/info/1011783347", "https://book.qidian.com/info/1011643843", "https://book.qidian.com/info/1011476924", "https://book.qidian.com/info/1011635441", "https://book.qidian.com/info/1009999928", "https://book.qidian.com/info/1006932473", "https://book.qidian.com/info/1005080011"]}