{"ratings": 0.0, "userreviews": [], "description": "\u3010\u5927\u56fd\u8bb0\u00b7\u79e6\u65f6\u660e\u6708\u5f81\u6587\u3011\u53c2\u8d5b\u4f5c\u54c1", "title": "\u4e09\u56fd\u4e4b\u67d0\u79d1\u5b66\u7684\u6843\u56ed\u56db\u7ed3\u4e49", "url": "https://book.qidian.com/info/1012250842", "average": -1.0, "cover": "//qidian.qpic.cn/qdbimg/349573/1012250842/180", "reviews": -1, "authors": [{"url": "https://me.qidian.com/authorIndex.aspx?id=402389130", "name": "\u6a31\u534e\u67081"}], "type": ["\u5386\u53f2", "\u79e6\u6c49\u4e09\u56fd"], "outlinks": ["https://book.qidian.com/info/1012250842", "https://book.qidian.com/info/7969", "https://book.qidian.com/info/7969", "https://book.qidian.com/info/11351", "https://book.qidian.com/info/11351", "https://book.qidian.com/info/21839", "https://book.qidian.com/info/21839", "https://book.qidian.com/info/22140", "https://book.qidian.com/info/22140", "https://book.qidian.com/info/27146", "https://book.qidian.com/info/27146", "https://book.qidian.com/info/34144", "https://book.qidian.com/info/34144", "https://book.qidian.com/info/1011961766", "https://book.qidian.com/info/1011961766", "https://book.qidian.com/info/1011800596", "https://book.qidian.com/info/1010891668", "https://book.qidian.com/info/1011773910", "https://book.qidian.com/info/1011783347", "https://book.qidian.com/info/1011643843", "https://book.qidian.com/info/1011476924", "https://book.qidian.com/info/1011635441", "https://book.qidian.com/info/1009999928", "https://book.qidian.com/info/1006932473", "https://book.qidian.com/info/1005080011"]}