{"ratings": 0.0, "userreviews": [{"userName": "sofia\u82e5\u51b0", "userReviewDate": "2018-06-06", "userURL": "https://my.qidian.com/user/304047091", "userReview": "\u4e09\u56fd\u7b2c\u4e00\u5f3a\u5175\uff1f\u5f00\u5c40\u548c\u90a3\u4e2a\u4e3b\u89d2\u738b\u7fbd\u4e00\u6837\u2026"}, {"userName": "\u4e5d\u5e7d\u7131\u5e1d", "userReviewDate": "2018-05-29", "userURL": "https://my.qidian.com/user/194067375", "userReview": "\u52a0\u6cb9\u5427\u5c11\u5e74\uff01"}, {"userName": "\u5415\u5929\u867e4369", "userReviewDate": "2018-05-28", "userURL": "https://my.qidian.com/user/313354007", "userReview": "\u518d\u6765\u7b7e\u4e2a\u5230"}, {"userName": "6\u5723\u5251\u7684\u706b\u67aa", "userReviewDate": "2018-05-25", "userURL": "https://my.qidian.com/user/190080831", "userReview": "\u6587\u7b14\u53ef\u4ee5\u7684\uff0c\u4e0d\u8fc7\u6587\u98ce\u6709\u70b9\u5947\u602a\uff01\u603b\u4f53\u4e0a\u503c\u5f97\u4e00\u770b\uff0c\u9876\u4f4f\u6bd2\u5976\uff01\u867d\u7136\u6211\u4e5f\u662f\u8352\u8349\u63a8\u4e66\u8fc7\u6765\u770b\uff01"}, {"userName": "\u5c0f\u674e\u5927\u5148\u751f", "userReviewDate": "2018-05-23", "userURL": "https://my.qidian.com/user/226594605", "userReview": "\u606d\u559c\u4f5c\u8005\u4f60\u88ab\u6bd2\u5976\u6bd2\u4e86 \u5148\u6765\u6536\u85cf\u4e00\u6ce2"}, {"userName": "konkonlon", "userReviewDate": "2018-03-29", "userURL": "https://my.qidian.com/user/225301681", "userReview": "\u4f60\u8fd9\u4e5f\u662f\u6e9c"}, {"userName": "\u65e0\u6781\u971c\u6708", "userReviewDate": "2018-03-28", "userURL": "https://my.qidian.com/user/202978423", "userReview": "\u771f\u7684\u8ba9\u5976\u6b7b\u4e86\uff1f[fn=14]"}, {"userName": "\u4ee3\u7389\u658c", "userReviewDate": "2018-03-02", "userURL": "https://my.qidian.com/user/122096982", "userReview": "\u6bd2\u5976\u4e00\u53e3\uff0c\u98de\u601d\u51e0\u9910\u554a\uff01"}, {"userName": "\u539f\u6765\u662f\u53ea\u7f94\u7f8a\u554a", "userReviewDate": "2018-03-02", "userURL": "https://my.qidian.com/user/302029134", "userReview": "\u54ea\u91cc\u90fd\u6709\u5415\u5929\u5413"}, {"userName": "Archer\u82f1\u96c4\u738b", "userReviewDate": "2018-03-02", "userURL": "https://my.qidian.com/user/219175727", "userReview": "\u7b2c\u4e00\u5f20\u5927\u5e05\u96f7\u6b7b\u4e86 \uff0c\u5413\u5f97\u6211\u4ee5\u4e3a\u5728\u6c11\u56fd\u65f6\u671f\u3002"}, {"userName": "\u96ea\u2606\u6708", "userReviewDate": "2018-03-02", "userURL": "https://my.qidian.com/user/108802270", "userReview": "\u6bd2\u5976\u964d\u4e34 \u6bd2\u8349\u5230\u6b64\u4e00\u6e38"}, {"userName": "\u4e00\u53ea\u5c0f\u7a7a\u7075", "userReviewDate": "2018-03-02", "userURL": "https://my.qidian.com/user/308534409", "userReview": "\u7b2c\u4e09\u6b21\u4e86\u2026\u5e26\u6765\u6bd2\u8349\u7684\u95ee\u5019\uff0c\u4f5c\u8005\u541b\u4f60\u8fd8\u80fd\u6491\u51e0\u56de[fn=4]"}, {"userName": "\u72ec\u5b64\u9010\u65e5", "userReviewDate": "2018-02-28", "userURL": "https://my.qidian.com/user/2988505", "userReview": "\u6765\u6765\u6765\uff0c\u6bd2\u8349\u4f17\uff0c\u5e26\u6765\u4e86\u6bd2\u5976\u7684\u95ee\u5019\u3002\u3002\u3002"}, {"userName": "\u963f\u519b\u519b", "userReviewDate": "2018-02-18", "userURL": "https://my.qidian.com/user/1827834", "userReview": "\u5e72\u5df4\u5df4\uff01\uff01\uff01\uff01"}], "description": "\u9192\u638c\u5929\u4e0b\u6743\uff0c\u9189\u5367\u7f8e\u4eba\u819d\uff0c\u4e94\u5343\u5e74\u98ce\u534e\u70df\u96e8\uff0c\u662f\u975e\u6210\u8d25\u8f6c\u5934\u7a7a\uff01", "title": "\u4e09\u56fd\u4e4b\u4e00\u54c1\u67ad\u96c4", "url": "https://book.qidian.com/info/1010097057", "average": -1.0, "cover": "//qidian.qpic.cn/qdbimg/349573/1010097057/180", "reviews": -1, "authors": [{"url": "https://me.qidian.com/authorIndex.aspx?id=400485709", "name": "\u4f1a\u505a\u83dc\u7684\u732a"}], "type": ["\u5386\u53f2", "\u79e6\u6c49\u4e09\u56fd"], "outlinks": ["https://book.qidian.com/info/1010097057", "https://book.qidian.com/info/1010457317", "https://book.qidian.com/info/1010457317", "https://book.qidian.com/info/1006637734", "https://book.qidian.com/info/1006637734", "https://book.qidian.com/info/1010000990", "https://book.qidian.com/info/1010000990", "https://book.qidian.com/info/1009809322", "https://book.qidian.com/info/1009809322", "https://book.qidian.com/info/1010773937", "https://book.qidian.com/info/1010773937", "https://book.qidian.com/info/1010895150", "https://book.qidian.com/info/1010895150", "https://book.qidian.com/info/1012133433", "https://book.qidian.com/info/1012133433", "https://book.qidian.com/info/1011800596", "https://book.qidian.com/info/1010891668", "https://book.qidian.com/info/1011773910", "https://book.qidian.com/info/1011783347", "https://book.qidian.com/info/1011643843", "https://book.qidian.com/info/1011476924", "https://book.qidian.com/info/1011635441", "https://book.qidian.com/info/1009999928", "https://book.qidian.com/info/1006932473", "https://book.qidian.com/info/1005080011"]}