{"ratings": 0.0, "userreviews": [{"userName": "\u5415\u5929\u867e4330", "userReviewDate": "8\u5c0f\u65f6\u524d", "userURL": "https://my.qidian.com/user/313337523", "userReview": "\u52a0\u6cb9\u66f4\u65b0\u7b49"}, {"userName": "\u67ab\u96ea\u8be1\u4e8b", "userReviewDate": "2018-06-07", "userURL": "https://my.qidian.com/user/216869508", "userReview": "\u770b\u5230\u9a6c\u8d85\u6218\u5b59\u575a\u7684\u76ee\u5f55\u5c31\u6ca1\u770b\u8fd9\u4e2a\u4e66\uff0c\u5b59\u575a\u8ddf\u968f\u5f20\u6e29\u5e73\u5b9a\u897f\u51c9\u53db\u4e71\u7684\u65f6\u5019\u9a6c\u8d85\u624d11\u5c81\uff0c\u4f5c\u8005\u4f60\u786e\u5b9a\u8fd9"}, {"userName": "\u6211\u662f\u6211\u81ea\u5df1\u5355", "userReviewDate": "2018-06-06", "userURL": "https://my.qidian.com/user/214439961", "userReview": "\u6c49\u4ee3\u8d77\u540d\u4e00\u5b57\u4e3a\u5c0a\uff0c\u4e0d\u4f1a\u6709\u4e8c\u5b57\uff0c\u904d\u89c2\u4e09\u56fd\u9664\u590d\u59d3\u9c9c\u6709\u540d\u5b57\u4e09\u5b57\u6216\u4ee5\u4e0a\u7684\uff0c\u6709\uff0c\u5199\u51fa\u6765\uff0c\u6211\u8ba4\u505a\u4ed6\u7239\u3002"}, {"userName": "Dsy~x", "userReviewDate": "2018-05-26", "userURL": "https://my.qidian.com/user/187412266", "userReview": "\u4e3b\u8981\u4e00\u4e2a\u5a74\u513f\uff0c\u521a\u51fa\u751f\u660f\u8ff7\u4e24\u5e74\uff0c\u4e09\u56fd\u90a3\u73af\u5883\u6761\u4ef6\u600e\u4e48\u6d3b\u4e0b\u6765\u7684[fn=13]"}, {"userName": "Z\u5c14Z", "userReviewDate": "2018-05-26", "userURL": "https://my.qidian.com/user/169900855", "userReview": "\u5341\u672c\u4e66\u4e5d\u672c\u90fd\u6536\u8d75\u4e91\u3002\u5f53\u771f\u662f\u79bb\u4e86\u8d75\u4e91\u5c31\u6ca1\u4e00\u7edf\u4e09\u56fd\u4e86[fn=14][fn=14]\uff1f"}, {"userName": "\u8840\u715e\u5341\u4e09\u9e70", "userReviewDate": "2018-05-20", "userURL": "https://my.qidian.com/user/113426054", "userReview": "@\u6211\u662f\u6211\u81ea\u5df1\u5355\uff0c\u8fd9\u4e2a\u697c\u4e3b\u8d76\u7d27\u53eb\u7239\u3002\u4e24\u4e2a\u6c49\u5b57\u7684\u540d\uff0c\u5927\u591a\u6570\u5c31\u662f\u5c11\u6570\u6c11\u65cf\u4e86\uff0c\u5982\u80e1\u8f66\u513f\u3001\u80e1\u8d64\u513f\u3001\u8463"}, {"userName": "\u5415\u5929\u867e4587", "userReviewDate": "2018-05-02", "userURL": "https://my.qidian.com/user/313343102", "userReview": "\u52a0\u6cb9\u2196(^\u03c9^)\u2197"}, {"userName": "\u7eff\u8336\u541b\u4e3b", "userReviewDate": "2018-04-28", "userURL": "https://my.qidian.com/user/307561178", "userReview": "\u7b7e\u5230\u6765\u5566\u2026\u2026"}, {"userName": "\u7eb5\u96ea", "userReviewDate": "2018-04-20", "userURL": "https://my.qidian.com/user/215718613", "userReview": "\u5199\u7684\u4ec0\u4e48\u73a9\u610f\u513f"}, {"userName": "\u7eb5\u96ea", "userReviewDate": "2018-04-20", "userURL": "https://my.qidian.com/user/215718613", "userReview": "\u5c3c\u739b\uff0c\u4f60\u786e\u5b9a\u4f60\u5199\u7684\u662f\u5386\u53f2\u7c7b\u4e09\u56fd\uff1f\u800c\u4e0d\u662f\u7384\u5e7b\u4e09\u56fd\uff1f"}, {"userName": "\u7eb5\u96ea", "userReviewDate": "2018-04-20", "userURL": "https://my.qidian.com/user/215718613", "userReview": "\u770b\u4e86\u5f00\u5c40\u8fd9\u51e0\u7ae0\uff0c\u5c3c\u739b\uff0c\u4f60\u7ec3\u6c14\u5e72\u561b\uff0c\u4f60\u4fee\u771f\u53bb\u554a\uff0c"}, {"userName": "\u7eb5\u96ea", "userReviewDate": "2018-04-20", "userURL": "https://my.qidian.com/user/215718613", "userReview": "\u7384\u5e7b\uff1f\u4ed9\u4fa0\uff1f"}, {"userName": "\u5317\u65b9\u9b54\u4eba", "userReviewDate": "2018-04-14", "userURL": "https://my.qidian.com/user/152593", "userReview": "\u624d\u770b\u4e24\u7ae0\u771f\u6c14\u5185\u529b\u5c31\u51fa\u6765\u4e86\u6b66\u4fa0\u554a\uff1f\u7ed3\u679c\u518d\u770b\u4e24\u7ae0\u5143\u5a74\u4e5f\u5192\u51fa\u6765\u4e86\u4ed9\u4fa0\u554a\uff01\uff1f"}, {"userName": "\u51a5\u4e5d\u66f2", "userReviewDate": "2018-04-04", "userURL": "https://my.qidian.com/user/231403691", "userReview": "\u8c22\u8c22\u8ffd\u96ea\u900d\u9065\u7684\u6708\u7968\uff0c\u591a\u8c22\uff0c\u611f\u6fc0\u4e0d\u5c3d\u3002"}], "description": "\u9192\u638c\u5929\u4e0b\u6743\uff0c\u9189\u5367\u7f8e\u4eba\u819d\uff0c\u4e94\u5343\u5e74\u98ce\u534e\u70df\u96e8\uff0c\u662f\u975e\u6210\u8d25\u8f6c\u5934\u7a7a\uff01", "title": "\u4e09\u56fd\u4e4b\u70fd\u70df\u4e07\u91cc", "url": "https://book.qidian.com/info/1006637734", "average": -1.0, "cover": "//qidian.qpic.cn/qdbimg/349573/1006637734/180", "reviews": -1, "authors": [{"url": "https://me.qidian.com/authorIndex.aspx?id=11242508", "name": "\u51a5\u4e5d\u66f2"}], "type": ["\u5386\u53f2", "\u79e6\u6c49\u4e09\u56fd"], "outlinks": ["https://book.qidian.com/info/1006637734", "https://book.qidian.com/info/1010097057", "https://book.qidian.com/info/1010097057", "https://book.qidian.com/info/1010895150", "https://book.qidian.com/info/1010895150", "https://book.qidian.com/info/1010727894", "https://book.qidian.com/info/1010727894", "https://book.qidian.com/info/1009690513", "https://book.qidian.com/info/1009690513", "https://book.qidian.com/info/1010183391", "https://book.qidian.com/info/1010183391", "https://book.qidian.com/info/1010773937", "https://book.qidian.com/info/1010773937", "https://book.qidian.com/info/1011800596", "https://book.qidian.com/info/1010891668", "https://book.qidian.com/info/1011773910", "https://book.qidian.com/info/1011783347", "https://book.qidian.com/info/1011643843", "https://book.qidian.com/info/1011476924", "https://book.qidian.com/info/1011635441", "https://book.qidian.com/info/1009999928", "https://book.qidian.com/info/1006932473", "https://book.qidian.com/info/1005080011"]}