{"ratings": 0.0, "userreviews": [{"userName": "\u5948\u4f55\u6865\u5317\u7684\u6e38\u9b42", "userReviewDate": "2017-07-17", "userURL": "https://my.qidian.com/user/176539476", "userReview": "\u8111\u5b50\u662f\u4e2a\u597d\u4e1c\u897f\uff0c\u53ef\u60dc\u4f60\u6ca1\u6709"}, {"userName": "\u7ef4\u7ef4\u7684\u7c73\u7c73", "userReviewDate": "2017-06-30", "userURL": "https://my.qidian.com/user/213576162", "userReview": "\u51e0\u4e2a\u5973\u4e3b\u5462\uff1f"}, {"userName": "\u7b2c0\u771f\u7956", "userReviewDate": "2017-06-30", "userURL": "https://my.qidian.com/user/211606997", "userReview": "\u4f5c\u8005\u4e09\u756a\u4e24\u6b21\u63d0\u5230\u4e3b\u89d2\u6218\u6597\u529b\u4e0d\u884c\uff0c\u8981\u52aa\u529b\u63d0\u5347\uff0c\u4e0d\u7136\u8001\u662f\u88ab\u4eba\u73a9\u5f04\u4e8e\u9f13\u638c\u4e4b\u4e2d\u3002\u7136\u800c\u63d0\u5230\u4e86\u8ddf\u653e\u5c41\u4e00"}, {"userName": "\uff02\ufe35\u25c7\u7f81\u7eca\ufe56", "userReviewDate": "2017-06-25", "userURL": "https://my.qidian.com/user/112258585", "userReview": "\u8fd9\u7b80\u4ecb\uff0c\u6709\u4e86\u7cfb\u7edf\u4e3b\u89d2\u7684\u751f\u6b7b\u8fd8\u88ab\u5730\u5e9c\u7ba1\uff0c\u7cfb\u7edf\u6709\u591f\u6e23\u7684"}, {"userName": "\u4ee3\u53f7OOXX", "userReviewDate": "2017-06-05", "userURL": "https://my.qidian.com/user/224935801", "userReview": "\u8fd9\u7b80\u4ecb\uff0c\u6709\u4e86\u7cfb\u7edf\u4e3b\u89d2\u7684\u751f\u6b7b\u8fd8\u88ab\u5730\u5e9c\u7ba1\uff0c\u7cfb\u7edf\u6709\u591f\u6e23\u7684"}, {"userName": "lane574574", "userReviewDate": "2017-05-28", "userURL": "https://my.qidian.com/user/1240359", "userReview": "\u5c31\u662f\u6765\u6df7\u7ecf\u9a8c\u7684"}, {"userName": "\u8d77\u70b9\u4e2d\u6587\u7f51", "userReviewDate": "2017-05-21", "userURL": "https://my.qidian.com/user/33597", "userReview": "30\u5f20\u6708\u7968\u5c0f\u610f\u601d\uff0c\u5927\u5bb6\u4e00\u8d77\u9876\u523050\u5427\uff01\u5404\u4f4d\u4e66\u53cb\uff0c\u6709\u6708\u7968\u7684\u6367\u4e2a\u7968\u573a\uff0c\u6ca1\u6708\u7968\u7684\u6367\u4e2a\u4eba\u573a\uff0c\u5927\u5bb6\u6709"}, {"userName": "\u4e66\u53cb20170126170535344", "userReviewDate": "2017-05-06", "userURL": "https://my.qidian.com/user/228797742", "userReview": "\u4f5c\u8005SB"}, {"userName": "\u8d77\u70b9\u4e2d\u6587\u7f51", "userReviewDate": "2017-05-05", "userURL": "https://my.qidian.com/user/33597", "userReview": "\u54c8\u54c8\u54c8\u54c8\uff0c\u7b2c\u4e00\u5f20\u6708\u7968\u7684\u6c99\u53d1\u603b\u7b97\u88ab\u6211\u62a2\u5230\u4e86\uff0c\u52a0\u6cb9\u7801\u5b57\uff0c\u52aa\u529b\u66f4\u65b0\uff0c\u6709\u4e86\u6708\u7968\u7684\u90fd\u6295\u4f60\uff01\u81ea\u672c\u606d\u8d3a\u4e3b"}, {"userName": "\u4e36Aaron\u4e36\u4e36", "userReviewDate": "2017-04-30", "userURL": "https://my.qidian.com/user/230042412", "userReview": "\u4f5c\u8005\uff0c\u4f60\u4e0d\u4f1a\u662f\u60f3\u70c2\u5c3e\u5427\u3002\u3002\u3002\u8fd9\u6837\u5199\u6709\u70b9\u5bf9\u4e0d\u8d77\u6211\u4eec\u8fd9\u4e9b\u4e66\u8ff7\u4e86\u3002\uff1f\uff1f\u66f4\u65b0\u592a\u6162\u4e86"}, {"userName": "\u8d75\u84c9\u84c9", "userReviewDate": "2017-04-27", "userURL": "https://my.qidian.com/user/191313593", "userReview": "\u5f03\u4e66"}, {"userName": "\u8d75\u84c9\u84c9", "userReviewDate": "2017-04-27", "userURL": "https://my.qidian.com/user/191313593", "userReview": "\u770b\u5230\u8fd9\u672c\u4e66\u4f60\u4eec\u76f4\u63a5\u653e\u5f03\u5c31\u53ef\u4ee5\u3002\u6211\u4e00\u76f4\u90fd\u6ca1\u786e\u5b9a\u522b\u4eba\u7684\u6218\u6597\u529b\u662f\u516d\u5343\u3002\u4f60\u8fd9\u4eba\u5c31\u662f1600\u600e\u4e48\u6253\uff1f"}, {"userName": "\u8d75\u84c9\u84c9", "userReviewDate": "2017-04-27", "userURL": "https://my.qidian.com/user/191313593", "userReview": "\u4f5c\u8005\u4f60\u8fd8\u662f\u5148\u628a\u6b66\u529b\u503c\u786e\u5b9a\u4e86\u518d\u5199\u5457\uff01\u4e00\u4f1a\u662f\u4e00\u4e2a\u6218\u6597\uff0c\u6211\u6709\u4e09\u4e2a\u6e23\u6e23\uff0c\u4e00\u4f1a\u6211\u53bb\u6218\u6597\u4e3a\u4e94\u7684\u6e23\u6e23\u3002\u4e09"}, {"userName": "\u8d77\u70b9\u4e2d\u6587\u7f51", "userReviewDate": "2017-04-20", "userURL": "https://my.qidian.com/user/33597", "userReview": "30\u5f20\u6708\u7968\u5c0f\u610f\u601d\uff0c\u5927\u5bb6\u4e00\u8d77\u9876\u523050\u5427\uff01\u5404\u4f4d\u4e66\u53cb\uff0c\u6709\u6708\u7968\u7684\u6367\u4e2a\u7968\u573a\uff0c\u6ca1\u6708\u7968\u7684\u6367\u4e2a\u4eba\u573a\uff0c\u5927\u5bb6\u6709"}], "description": "\u91cd\u751f\u8fc7\u53bb\u3001\u7545\u60f3\u672a\u6765\u3001\u68a6\u5e7b\u73b0\u5b9e\uff0c\u518d\u5851\u4f20\u5947\u4eba\u751f\uff01", "title": "\u4e09\u754c\u5c0f\u5978\u5546", "url": "https://book.qidian.com/info/1004145476", "average": -1.0, "cover": "//qidian.qpic.cn/qdbimg/349573/1004145476/180", "reviews": -1, "authors": [{"url": "https://me.qidian.com/authorIndex.aspx?id=8707074", "name": "\u5927\u989f\u9878"}], "type": ["\u90fd\u5e02", "\u5f02\u672f\u8d85\u80fd"], "outlinks": ["https://book.qidian.com/info/1004145476", "https://book.qidian.com/info/1010472373", "https://book.qidian.com/info/1010472373", "https://book.qidian.com/info/1010053636", "https://book.qidian.com/info/1010053636", "https://book.qidian.com/info/1010475185", "https://book.qidian.com/info/1010475185", "https://book.qidian.com/info/1010041045", "https://book.qidian.com/info/1010041045", "https://book.qidian.com/info/1010026121", "https://book.qidian.com/info/1010026121", "https://book.qidian.com/info/1010594609", "https://book.qidian.com/info/1010594609", "https://book.qidian.com/info/1011264035", "https://book.qidian.com/info/1011264035", "https://book.qidian.com/info/1011932150", "https://book.qidian.com/info/1012029544", "https://book.qidian.com/info/1012015699", "https://book.qidian.com/info/1012018201", "https://book.qidian.com/info/1011879101", "https://book.qidian.com/info/1011790606", "https://book.qidian.com/info/1011971435", "https://book.qidian.com/info/1009695534", "https://book.qidian.com/info/1011890878", "https://book.qidian.com/info/1010537314"]}