{"ratings": 0.0, "userreviews": [{"userName": "\u4e00\u7b11\u5fae\u51c9\u5948\u4f55\u5c0f\u96c5", "userReviewDate": "17\u5c0f\u65f6\u524d", "userURL": "https://my.qidian.com/user/309353329", "userReview": "\u8fd9\u767d\u91d1\u6c34\u5e73\u5b9e\u5728\u9ad8\uff0c\u6012\u5c0f\u7684\u5b9e\u5728\u4e0b\u770b\u4e0d\u4e0b\u53bb\u4e86\uff0c\u62dc\u62dc"}, {"userName": "\u4e66\u53cb150304001156142", "userReviewDate": "2018-06-02", "userURL": "https://my.qidian.com/user/200430259", "userReview": "\u5783\u573e\u5c0f\u8bf4\uff0c\u6bc1\u6211\u9752\u6625"}, {"userName": "\u63a5\u6211\u4e00\u62db\u4e73\u6765\u4f38\u638c", "userReviewDate": "2018-05-22", "userURL": "https://my.qidian.com/user/216027520", "userReview": "\u4e3a\u5565\u8fd9\u672c\u4e66\u7684\u6570\u636e\u592a\u5dee\u4f46\u662f\u8fd8\u80fd\u8fd9\u6837\u4e0b\u53bb\u5462\uff1f\u8bf4\u51e0\u4e2a\u6211\u81ea\u5df1\u7684\u770b\u6cd5\uff0c\u9996\u5148\u5427\uff0c\u4f5c\u8005\u662f\u767d\u91d1\uff0c\u5475\u5475\u4e0d\u77e5\u9053"}, {"userName": "\u5929\u5802\u4e4bT\u7fbd", "userReviewDate": "2018-05-21", "userURL": "https://my.qidian.com/user/215960546", "userReview": "\u7b7e\u5230\u7b7e\u5230\u7b7e\u5230"}, {"userName": "\u5bbe\u8d5b", "userReviewDate": "2018-05-21", "userURL": "https://my.qidian.com/user/229004518", "userReview": "\u8c01\u544a\u8bc9\u6211\u672c\u4e66\u600e\u4e48\u4e86\uff0c\u767d\u91d1\u7684\u4e66\u53ea\u670999\u4e07\u4eba\u770b\u4e0d\u8bf4\uff0c\u4e66\u8bc4\u600e\u4e48\u4e5f\u624d88\u4e2a"}, {"userName": "\u4f55\u9510", "userReviewDate": "2018-05-20", "userURL": "https://my.qidian.com/user/2384166", "userReview": "\u8fd9\u4e2a\u4e3b\u89d2\u662f\u5f31\u667a\uff0c\u6d3b\u4e86\u767e\u4e07\u5e74\uff0c\u5565\u89c2\u5ff5\u90fd\u6ca1\u6709\uff0c\u6240\u6709\u60f3\u6cd5\u3001\u5bf9\u5e94\u548c\u6280\u80fd\u90fd\u662f\u88ab\u52a8\u7684\u3002\u6ca1\u6cd5\u5f53\u6b63\u5e38\u4eba\u6765\u770b"}, {"userName": "\u4e66\u53cb150519021556613", "userReviewDate": "2018-05-20", "userURL": "https://my.qidian.com/user/202551208", "userReview": " \u7ed9\u6211\u5f00\u672c\u6ca1\u5b9e\u529b\u5c31\u4ed6\u5988\u522b\u88c5\u903c\u7684\u5c0f\u8bf4\uff0c\u6ca1\u5b9e\u529b\u8fd8\u88c5\u5907\uff0c\u8fd9\u914d\u89d2\u8981\u6709\u591a\u5f31\u667a\u624d\u80fd\u6740\u4e0d\u6b7b\u4e3b\u89d2\u554a"}, {"userName": "\u53ef\u8df3\u53ef\u75d2\u75d2\u4e86", "userReviewDate": "2018-05-20", "userURL": "https://my.qidian.com/user/169613915", "userReview": "\u767d\u91d1\u8fd9\u4e48\u60e8"}, {"userName": "\u98df\u5b57\u56bc\u65872", "userReviewDate": "2018-05-20", "userURL": "https://my.qidian.com/user/312938354", "userReview": "\u7b80\u4ecb\u597d\u4e2d\u4e8c\u2026\u2026"}, {"userName": "\u5468\u6d8c", "userReviewDate": "2018-05-20", "userURL": "https://my.qidian.com/user/7322068", "userReview": "\u8d77\u70b9\u6700\u83dc\u7684\u767d\u91d1"}, {"userName": "\u7eff\u53f6\u5b50\u73af\u4fdd", "userReviewDate": "2018-05-20", "userURL": "https://my.qidian.com/user/305271795", "userReview": "\u5199\u7684\u4e0d\u9519\u5440\uff01\u4e3a\u4ec0\u4e48\u5c31\u8fd9\u4e48\u70b9\u4eba\u770b\u7740\uff1f\u63a8\u8350\u4e00\u4e0b\u81ea\u5df1\u5199\u7684 \u4fee\u4ed9\u8005\u7684\u7b14\u8bb0"}, {"userName": "\u72c2\u70ed\uff1f", "userReviewDate": "2018-05-20", "userURL": "https://my.qidian.com/user/201958001", "userReview": "\u6bd2\u7684\u8981\u6b7b\uff0c\u770b\u4e0d\u4e0b\u53bb\u4e86"}, {"userName": "\u793e\u4f1a\u4f60\u98de\u732a\u54e5", "userReviewDate": "2018-04-02", "userURL": "https://my.qidian.com/user/306606779", "userReview": "\u4e0a\u82cd\u4e4b\u4f4d\u597d\u770b"}, {"userName": "\u4e0b\u6c99\u6d45\u753b", "userReviewDate": "2018-03-29", "userURL": "https://my.qidian.com/user/201773068", "userReview": "\u4e0d\u662f\u5f88\u559c\u6b22\u4e00\u5f00\u59cb\u4e3b\u89d2\u80cc\u666f\u5c31\u7279\u522b\u725b\u53c9\u7684\u2026\u2026\u611f\u89c9\u4ed6\u540e\u6765\u7684\u6210\u5c31\u6709\u70b9\u7406\u6240\u5f53\u7136\u2192_\u2192\uff0c\u5f53\u7136\u4e3b\u89d2\u4e00\u5b9a\u8981"}], "description": "\u5fc3\u6f6e\u6f8e\u6e43\uff0c\u65e0\u9650\u5e7b\u60f3\uff0c\u8fce\u98ce\u6325\u51fb\u5343\u5c42\u6d6a\uff0c\u5c11\u5e74\u4e0d\u8d25\u70ed\u8840\uff01", "title": "\u4e09\u754c\u72ec\u5c0a", "url": "https://book.qidian.com/info/3366482", "average": -1.0, "cover": "//qidian.qpic.cn/qdbimg/349573/3366482/180", "reviews": -1, "authors": [{"url": "https://me.qidian.com/authorIndex.aspx?id=4363000", "name": "\u7281\u5929"}], "type": ["\u7384\u5e7b", "\u4e1c\u65b9\u7384\u5e7b"], "outlinks": ["https://book.qidian.com/info/3366482", "https://book.qidian.com/info/1009285178", "https://book.qidian.com/info/1009285178", "https://book.qidian.com/info/1009459840", "https://book.qidian.com/info/1009459840", "https://book.qidian.com/info/1010000699", "https://book.qidian.com/info/1010000699", "https://book.qidian.com/info/1009997161", "https://book.qidian.com/info/1009997161", "https://book.qidian.com/info/1003510168", "https://book.qidian.com/info/1003510168", "https://book.qidian.com/info/1009329519", "https://book.qidian.com/info/1009329519", "https://book.qidian.com/info/1712249", "https://book.qidian.com/info/1712249", "https://book.qidian.com/info/2136336", "https://book.qidian.com/info/2136336", "https://book.qidian.com/info/1003510168", "https://book.qidian.com/info/1003510168", "https://book.qidian.com/info/1011988403", "https://book.qidian.com/info/1009595922", "https://book.qidian.com/info/1011844784", "https://book.qidian.com/info/1011892497", "https://book.qidian.com/info/1011095320", "https://book.qidian.com/info/1011996851", "https://book.qidian.com/info/1011856434", "https://book.qidian.com/info/1011879207", "https://book.qidian.com/info/1011833256", "https://book.qidian.com/info/1011967674"]}