{"ratings": 0.0, "userreviews": [{"userName": "\u5341\u91cc\u9526\u9ca4", "userReviewDate": "2018-05-29", "userURL": "https://my.qidian.com/user/220808412", "userReview": "\u56de\u6765\u770b\u4e00\u773c\u5c0f\u9ec4\u4e66[fn=58]"}, {"userName": "\u90aa\u6076\u5c0f\u6cd5\u5e08\u7ef4\u5609", "userReviewDate": "2018-05-13", "userURL": "https://my.qidian.com/user/304174965", "userReview": "\u88ab\u6cb3\u87f9\u4e86\uff0c\u4e07\u6076\u7684\u3002\u3002"}, {"userName": "\u4e00\u77ac\u95f4\u7684\u5c55\u671b", "userReviewDate": "2018-05-10", "userURL": "https://my.qidian.com/user/305822518", "userReview": "\u4eba\u597d\u5c11\u3002\u3002\u3002"}, {"userName": "\u6311\u523a\u306e\u8001\u4e66\u866b", "userReviewDate": "2018-05-10", "userURL": "https://my.qidian.com/user/201242825", "userReview": "\u6574\u5bb9\u975e\u5e38\u5f7b\u5e95\uff01"}, {"userName": "\u8fd8\u5dee\u4e00\u5343", "userReviewDate": "2018-05-10", "userURL": "https://my.qidian.com/user/226326193", "userReview": "\u624d\u653e\u51fa\u6765\u6ca1\u591a\u4e45\u5427"}, {"userName": "\u6276\u6447\u5e7b\u60f3", "userReviewDate": "2018-04-17", "userURL": "https://my.qidian.com/user/217967713", "userReview": "\u6211\u53bb\uff0c\u6211\u4e0a\u521d\u4e2d\u65f6\u770b\u7684\u4e66"}, {"userName": "\u9b54\u5929\u7406", "userReviewDate": "2018-04-15", "userURL": "https://my.qidian.com/user/216682547", "userReview": "\u5341\u591a\u5e74\u524d\u7684\u5c0f\u8bf4\u4e86\u3002"}, {"userName": "\u975e\u5e38\u5411\u4e0a", "userReviewDate": "2018-04-12", "userURL": "https://my.qidian.com/user/175638172", "userReview": "\u592a\u65e9\u671f\u7684\u4f5c\u54c1\u4e86\uff01\uff01\uff01\uff01"}, {"userName": "\u767e\u4e16\u6d41\u98ce", "userReviewDate": "2018-04-12", "userURL": "https://my.qidian.com/user/160863961", "userReview": "\u5594\u8fd9\u4e48\u591a\u5f20\u6ca1\u4eba"}, {"userName": "\u4e66\u53cb20170815090017498", "userReviewDate": "2018-02-10", "userURL": "https://my.qidian.com/user/306953578", "userReview": "dei[fn=31]"}, {"userName": "\u5357\u679dz", "userReviewDate": "2018-01-30", "userURL": "https://my.qidian.com/user/187661755", "userReview": "\u6ca1\u4eba\uff1f\n\n"}, {"userName": "\u9738\u7edd\u795e\u7687", "userReviewDate": "2017-08-14", "userURL": "https://my.qidian.com/user/305392441", "userReview": "\u6700\u8fd1\u5728\u770b\u4e00\u672c\u8d5b\u4e9a\u4eba\u5728 \u5f02\u754c\u7684\u5c0f\u8bf4\uff0c\u4e0d\u8fc7\u4f5c\u8005\u66f4\u65b0\u6709\u70b9\u6162\uff0c\u8bf4\u662f\u8981\u6536\u85cf\u8981\u8fbe\u5230\u6570\u91cf\u3002\u5982\u679c\u6709\u559c\u6b22\u8fd9\u79cd"}], "description": "\u5fc3\u6f6e\u6f8e\u6e43\uff0c\u65e0\u9650\u5e7b\u60f3\uff0c\u8fce\u98ce\u6325\u51fb\u5343\u5c42\u6d6a\uff0c\u5c11\u5e74\u4e0d\u8d25\u70ed\u8840\uff01", "title": "\u4e09\u773c\u8273\u60c5\u5492", "url": "https://book.qidian.com/info/38524", "average": -1.0, "cover": "//qidian.qpic.cn/qdbimg/349573/38524/180", "reviews": -1, "authors": [{"url": "https://me.qidian.com/authorIndex.aspx?id=4362443", "name": "\u9ab7\u9ac5\u7cbe\u7075"}], "type": ["\u7384\u5e7b", "\u4e1c\u65b9\u7384\u5e7b"], "outlinks": ["https://book.qidian.com/info/38524", "https://book.qidian.com/info/1010875768", "https://book.qidian.com/info/1010875768", "https://book.qidian.com/info/1010496369", "https://book.qidian.com/info/1010496369", "https://book.qidian.com/info/1009713135", "https://book.qidian.com/info/1009713135", "https://book.qidian.com/info/37287", "https://book.qidian.com/info/37287", "https://book.qidian.com/info/1009601645", "https://book.qidian.com/info/1009601645", "https://book.qidian.com/info/1009329519", "https://book.qidian.com/info/1009329519", "https://book.qidian.com/info/11303", "https://book.qidian.com/info/11303", "https://book.qidian.com/info/75372", "https://book.qidian.com/info/75372", "https://book.qidian.com/info/1049449", "https://book.qidian.com/info/1049449", "https://book.qidian.com/info/1562523", "https://book.qidian.com/info/1562523", "https://book.qidian.com/info/1950108", "https://book.qidian.com/info/1950108", "https://book.qidian.com/info/2336338", "https://book.qidian.com/info/2336338", "https://book.qidian.com/info/3054965", "https://book.qidian.com/info/3054965", "https://book.qidian.com/info/1003694333", "https://book.qidian.com/info/1003694333", "https://book.qidian.com/info/1011988403", "https://book.qidian.com/info/1009595922", "https://book.qidian.com/info/1011844784", "https://book.qidian.com/info/1011892497", "https://book.qidian.com/info/1011095320", "https://book.qidian.com/info/1011996851", "https://book.qidian.com/info/1011856434", "https://book.qidian.com/info/1011879207", "https://book.qidian.com/info/1011833256", "https://book.qidian.com/info/1011967674"]}