{"ratings": 0.0, "userreviews": [{"userName": "\u4e66\u866b\u5df2\u8001\u4f46\u5fc3\u672a\u6539", "userReviewDate": "18\u5c0f\u65f6\u524d", "userURL": "https://my.qidian.com/user/221869214", "userReview": "\u795e\u519c\u53bb\u8bd5\u6bd2\uff0c\u5404\u4f4d\u9053\u53cb\u5f85\u6211\u56de\u6765"}, {"userName": "\u591c\u96e8\u6620\u82cd\u7af9", "userReviewDate": "23\u5c0f\u65f6\u524d", "userURL": "https://my.qidian.com/user/7202310", "userReview": "\u9f99\u5957\u5168\u90fd\u65e0\u8111\u7684\u8001\u5f0f\u90fd\u5e02\u7f51\u7edc\u5c0f\u8bf4\u7684\u5199\u6cd5\u3002"}, {"userName": "\u96e8\u9701\u9633\u51492", "userReviewDate": "\u6628\u65e508:10", "userURL": "https://my.qidian.com/user/309231026", "userReview": "\u4e3a\u4e86\u80fd\u5199\u7559\u8a00\uff0c\u52aa\u529b\u5347\u7ea7\u554a\uff01\u5148\u8d5e\u4e00\u4e2a"}, {"userName": "\u4e66\u53cb120829075207739", "userReviewDate": "2018-06-05", "userURL": "https://my.qidian.com/user/149931887", "userReview": "\u5dee\u52b2\uff0c\u90a3\u4e48\u591a\u7f8e\u5973\uff0c\u4e3b\u89d2\u6c38\u8fdc\u5904\u7537\uff01"}, {"userName": "\u5927\u795e\u4e4b\u7ffc", "userReviewDate": "2018-06-05", "userURL": "https://my.qidian.com/user/301081973", "userReview": "\u5929\u82b1\u4e71\u5760\uff0c\u611f\u52a8\u6d95\u96f6\uff0c\u5148\u751f\u5f53\u53d7\u6b64\u8d4f\uff01\uff01\uff01"}, {"userName": "\u597d\u597d\u5148\u751f1989", "userReviewDate": "2018-06-04", "userURL": "https://my.qidian.com/user/221379792", "userReview": "\u6495\u4e86\u90a32\u4ebf\u56fe\uff0c\u5148\u4e0d\u7ba1\u771f\u5047\u3002\u522b\u4eba\u786e\u7684\u662f\u82b1\u4e862\u4ebf\u7684\u3002\u4ed6\u8ba4\u4e3a\u503c\u5c31\u503c\u3002\u4ed6\u613f\u610f\u82b1\u8fd9\u94b1\u3002\u6495\u4e86\u4e0d\u8be5\u966a2\u4ebf"}, {"userName": "\u64c5\u89e3\u4eba\u8863i", "userReviewDate": "2018-06-02", "userURL": "https://my.qidian.com/user/220697380", "userReview": "\u5927\u4f6c\u5927\u4f6c\uff0c\u539f\u8c05\u6211\u4e0d\u61c2\u201c\u591c\u7684\u9ed1\u201d"}, {"userName": "\u8737\u7f29\u7684\u5154\u5b50", "userReviewDate": "2018-06-02", "userURL": "https://my.qidian.com/user/229177727", "userReview": "\u8fd9\u4f5c\u8005\u5728\u9694\u58c1\u625b\u9738\u5b50\u61c2\uff1f\u4f60\u8981\u8dd1\u53bb\u817ex\u53bb\u8bf4\u4ed6\u5199\u7684\u6709\u6bd2\u4f60\u4fdd\u8bc1\u88ab\u9a82\u6b7b"}, {"userName": "\u5366\u8005\u7af9\u53f6", "userReviewDate": "2018-06-01", "userURL": "https://my.qidian.com/user/225727531", "userReview": "\u7b7e\u5230 \u63a8\u8350\u7968\u7ed9\u4f60"}, {"userName": "\u6e05\u6668\u6f2b\u6b65ing", "userReviewDate": "2018-06-01", "userURL": "https://my.qidian.com/user/311085068", "userReview": "\u4e3a\u5565\u8fd9\u4e66\u80fd\u5728\u6392\u884c\u699c\u524d\u6392"}, {"userName": "\u7eaf\u7231\u6200\u6b4c\uff5c", "userReviewDate": "2018-05-31", "userURL": "https://my.qidian.com/user/188187292", "userReview": "\u770b\u8fc7\u7684\u5927\u5496\u4eec\uff0c\u8c01\u77e5\u9053\u8fd9\u672c\u4e66\u6709\u51e0\u5973\u4e3b\u7684\uff0c"}, {"userName": "\u80d6\u547c\u547c\u7684\u5b85\u7537", "userReviewDate": "2018-05-31", "userURL": "https://my.qidian.com/user/307169688", "userReview": "gofykvf"}, {"userName": "\u80d6\u547c\u547c\u7684\u5b85\u7537", "userReviewDate": "2018-05-31", "userURL": "https://my.qidian.com/user/307169688", "userReview": "ditfnj"}, {"userName": "\u4e66\u53cb20170425225453532", "userReviewDate": "2018-05-30", "userURL": "https://my.qidian.com/user/301007806", "userReview": "\u591a\u66f4\u5f88\u723d\uff0c\u6bd4\u559d\u6b6a\u6b6a\u8fd8\u723d"}], "description": "\u91cd\u751f\u8fc7\u53bb\u3001\u7545\u60f3\u672a\u6765\u3001\u68a6\u5e7b\u73b0\u5b9e\uff0c\u518d\u5851\u4f20\u5947\u4eba\u751f\uff01", "title": "\u4e09\u754c\u7ea2\u5305\u7fa4", "url": "https://book.qidian.com/info/1003665778", "average": -1.0, "cover": "//qidian.qpic.cn/qdbimg/349573/1003665778/180", "reviews": -1, "authors": [{"url": "https://me.qidian.com/authorIndex.aspx?id=7743580", "name": "\u5c0f\u6559\u4e3b"}], "type": ["\u90fd\u5e02", "\u5f02\u672f\u8d85\u80fd"], "outlinks": ["https://book.qidian.com/info/1003665778", "https://book.qidian.com/info/1010466428", "https://book.qidian.com/info/1010466428", "https://book.qidian.com/info/1010053636", "https://book.qidian.com/info/1010053636", "https://book.qidian.com/info/1010908372", "https://book.qidian.com/info/1010908372", "https://book.qidian.com/info/1010491255", "https://book.qidian.com/info/1010491255", "https://book.qidian.com/info/1010925483", "https://book.qidian.com/info/1010925483", "https://book.qidian.com/info/1009710728", "https://book.qidian.com/info/1009710728", "https://book.qidian.com/info/1011932150", "https://book.qidian.com/info/1012029544", "https://book.qidian.com/info/1012015699", "https://book.qidian.com/info/1012018201", "https://book.qidian.com/info/1011879101", "https://book.qidian.com/info/1011790606", "https://book.qidian.com/info/1011971435", "https://book.qidian.com/info/1009695534", "https://book.qidian.com/info/1011890878", "https://book.qidian.com/info/1010537314"]}