{"ratings": 0.0, "userreviews": [{"userName": "\u96ea\u6c90\u767d", "userReviewDate": "2017-06-10", "userURL": "https://my.qidian.com/user/186952139", "userReview": "\u3002\u3002\u3002\u6c42\u52a0\u4e2a\u7cbe\u3001\u539f\u5e16\u94fe\u63a5\uff1ahttp://u.qidian.com/JBreUb"}, {"userName": "\u4e28\u706cSoul\u4e36\u6b87\u795e", "userReviewDate": "2015-11-25", "userURL": "https://my.qidian.com/user/105063760", "userReview": "\u8363\u8000\u9a91\u58eb\u56e2\u8fdb[fn=2]\u7fa4\u89c4\u5219\uff1a1\u3001\u5fc5\u987b\u5168\u8ba2\u9605\u4e09\u754c\u8840\u6b4c\u30022\u3001\u586b\u5199\u5165[fn=2]\u7fa4\u7533\u8bf7\u524d\u5fc5\u987b"}, {"userName": "\u8d77\u70b9\u4e2d\u6587\u7f51", "userReviewDate": "2015-09-21", "userURL": "https://my.qidian.com/user/33597", "userReview": "\u80fd\u591f\u8fbe\u5230\u8fd9\u6837\u6210\u7ee9\u7684\u4f5c\u8005\u5c11\u4e4b\u53c8\u5c11\uff0c\u662f\u8840\u7ea2\u7684\u6587\u7b14\uff0c\u4f60\u7684\u6545\u4e8b\u6253\u52a8\u4e86\u6240\u6709\u4eba\uff01\u81ea\u672c\u606d\u8d3a\u4e3b\u9898\u53d1\u5e03\u540e2\u5929"}, {"userName": "\u4e66\u53cb161112155859500", "userReviewDate": "2018-06-03", "userURL": "https://my.qidian.com/user/225457436", "userReview": "\u975e\u5e38\u6709\u70b9\u51fb\u91cf\u7684\u7684\u5c0f\u8bf4\uff0c\u300a\u6597\u7834\u82cd\u7a79\u300b\u2026\u2026\u2026\u2026\u2026\u975e\u5e38\u725b\u903c\u7684\u79d1\u5e7b\u53f2\u8bd7\u795e\u5c0f\u8bf4\uff0c\u300a\u4e09\u4f53\u300b\u2026\u2026\u2026\u2026\u2026\u975e"}, {"userName": "\u4ece\u6b64\u4e00\u53bb\u4e0d\u8d1f\u56de", "userReviewDate": "2018-06-03", "userURL": "https://my.qidian.com/user/227275865", "userReview": "            \u597d\u770b"}, {"userName": "\u5984\u611a", "userReviewDate": "2018-06-02", "userURL": "https://my.qidian.com/user/300702784", "userReview": "\u597d\u4e66\u5df2\u6536\u85cf\u63a8\u8350\u3002\u4e0d\u8fc7\u7a7f\u4e86\u8d85\u77ed\u88d9\u7684\u6f02\u4eae\u5b66\u59d0\u4eca\u5929\u8fc7\u6765\u642d\u8baa\uff0c\u95ee\u8d77\u4e00\u672c\u53eb\u300a\u4fee\u4ed9\u5947\u5f02\u5fd7\u300b\u7684\u60ca\u609a\u7384\u5e7b\u5c0f"}, {"userName": "\u9752\u56ca\u54af\u54af", "userReviewDate": "2018-05-26", "userURL": "https://my.qidian.com/user/311456177", "userReview": "\u7b2c\u4e00\u7ae0\uff0c\u6211\u5c31\u88ab\u6bd2\u6b7b\u4e86"}, {"userName": "\u4e3a\u4ec0\u4e48\u88abX", "userReviewDate": "2018-05-14", "userURL": "https://my.qidian.com/user/202819494", "userReview": "\u5982\u679c\u9c7c\u4eba\u7684\u66a7\u6627\u4e09\u672c\u7b97\u4e00\u672c\u7684\u8bdd\u3002\u7edd\u5bf9\u662f\u6700\u957f\u4e86"}, {"userName": "\u8776\u68a6\u5e84\u5468\u6211\u68a6", "userReviewDate": "2018-05-02", "userURL": "https://my.qidian.com/user/105956613", "userReview": "\u94b1\u5230\u4e86 \u52a0\u6cb9\uff01\uff01\uff01"}, {"userName": "\u4e66\u53cb20171228134621944", "userReviewDate": "2018-04-24", "userURL": "https://my.qidian.com/user/312143090", "userReview": "\u8fd9\u5c31\u662f\u4e00\u672c  \u5267\u6bd2  \u2026\u2026"}, {"userName": "\u5251\u9053\u706d\u5929", "userReviewDate": "2018-04-13", "userURL": "https://my.qidian.com/user/302565769", "userReview": "\u5927\u79e6\u4e89\u4e16\u597d\u770b"}, {"userName": "\u7d2b\u5bb8\u84dd\u7259", "userReviewDate": "2018-04-06", "userURL": "https://my.qidian.com/user/220585081", "userReview": "\u770b\u5b8c\u7b2c\u4e00\u7ae0\uff0c\u76f4\u63a5\u770b\u6700\u540e\u4e00\u7ae0\uff0c\u55ef\uff0c\u771f\u6ef4\u8212\u670d\uff01"}, {"userName": "\u4ece\u6b64\u4e00\u53bb\u4e0d\u8d1f\u56de", "userReviewDate": "2018-03-28", "userURL": "https://my.qidian.com/user/227275865", "userReview": "          \u597d\u770b"}, {"userName": "ourfeng", "userReviewDate": "2018-03-25", "userURL": "https://my.qidian.com/user/120909124", "userReview": "\u8fc7\u6765\u770b\u770b\u8bc4\u8bba\u3002"}], "description": "\u4fee\u4ed9\u89c5\u957f\u751f\uff0c\u70ed\u8840\u4efb\u900d\u9065\uff0c\u8e0f\u83b2\u66f3\u6ce2\u6da4\u5251\u9aa8\uff0c\u51ed\u865a\u5fa1\u98ce\u5851\u5723\u9b42\uff01", "title": "\u4e09\u754c\u8840\u6b4c", "url": "https://book.qidian.com/info/3094349", "average": -1.0, "cover": "//qidian.qpic.cn/qdbimg/349573/3094349/180", "reviews": -1, "authors": [{"url": "https://me.qidian.com/authorIndex.aspx?id=4362118", "name": "\u8840\u7ea2"}], "type": ["\u4ed9\u4fa0", "\u5e7b\u60f3\u4fee\u4ed9"], "outlinks": ["https://book.qidian.com/info/3094349", "https://book.qidian.com/info/1010566688", "https://book.qidian.com/info/1010566688", "https://book.qidian.com/info/1010468795", "https://book.qidian.com/info/1010468795", "https://book.qidian.com/info/1005317872", "https://book.qidian.com/info/1005317872", "https://book.qidian.com/info/1010015512", "https://book.qidian.com/info/1010015512", "https://book.qidian.com/info/1010771394", "https://book.qidian.com/info/1010771394", "https://book.qidian.com/info/1005373310", "https://book.qidian.com/info/1005373310", "https://book.qidian.com/info/3162", "https://book.qidian.com/info/3162", "https://book.qidian.com/info/4935", "https://book.qidian.com/info/4935", "https://book.qidian.com/info/16699", "https://book.qidian.com/info/16699", "https://book.qidian.com/info/27372", "https://book.qidian.com/info/27372", "https://book.qidian.com/info/1502261", "https://book.qidian.com/info/1502261", "https://book.qidian.com/info/1909465", "https://book.qidian.com/info/1909465", "https://book.qidian.com/info/2311686", "https://book.qidian.com/info/2311686", "https://book.qidian.com/info/3210567", "https://book.qidian.com/info/3210567", "https://book.qidian.com/info/3552978", "https://book.qidian.com/info/3552978", "https://book.qidian.com/info/1005238666", "https://book.qidian.com/info/1005238666", "https://book.qidian.com/info/1010327039", "https://book.qidian.com/info/1012016027", "https://book.qidian.com/info/1011630501", "https://book.qidian.com/info/1012010192", "https://book.qidian.com/info/1011834598", "https://book.qidian.com/info/1011672705", "https://book.qidian.com/info/1011966835", "https://book.qidian.com/info/1011940680", "https://book.qidian.com/info/1011491390", "https://book.qidian.com/info/1011995376"]}