{"ratings": 0.0, "userreviews": [{"userName": "\u67e0\u6aac\u7684\u82ac\u82b3", "userReviewDate": "2018-05-27", "userURL": "https://my.qidian.com/user/312051599", "userReview": "\u67e0\u6aac\u6765\u7b7e\u5230\u4e86"}, {"userName": "\u4f5c\u8005\u8c28\u5f66", "userReviewDate": "2018-05-20", "userURL": "https://my.qidian.com/user/309421601", "userReview": "\u5927\u6982\u626b\u4e86\u4e00\u4e0b\uff0c\u6ca1\u7ec6\u770b\uff0c\u611f\u89c9\u98ce\u683c\u54b1\u4fe9\u6709\u4e9b\u76f8\u4f3c\uff0c\u94fa\u57ab\u591a\uff0c\u8282\u594f\u6162\uff01\u62b1\u7740\u8bb2\u597d\u4e00\u4e2a\u597d\u6545\u4e8b\u7684\u5fc3\u6001\uff0c\u6211\u4e5f"}], "description": "\u501f\u4e09\u5c3a\u660e\u6708\uff0c\u8854\u4e24\u8896\u9752\u9f99\uff0c\u8f7b\u5251\u5feb\u9a6c\u6063\u610f\uff0c\u643a\u4fa3\u6c5f\u6e56\u540c\u6e38\uff01", "title": "\u4e09\u76d7\u6df7\u5143\u67aa", "url": "https://book.qidian.com/info/1011265682", "average": -1.0, "cover": "//qidian.qpic.cn/qdbimg/349573/1011265682/180", "reviews": -1, "authors": [{"url": "https://me.qidian.com/authorIndex.aspx?id=401804150", "name": "\u8bf4\u4e66\u9c7c"}], "type": ["\u6b66\u4fa0", "\u4f20\u7edf\u6b66\u4fa0"], "outlinks": ["https://book.qidian.com/info/1011265682", "https://book.qidian.com/info/1010713741", "https://book.qidian.com/info/1010713741", "https://book.qidian.com/info/3129273", "https://book.qidian.com/info/3129273", "https://book.qidian.com/info/1011031802", "https://book.qidian.com/info/1011031802", "https://book.qidian.com/info/1003527421", "https://book.qidian.com/info/1003527421", "https://book.qidian.com/info/1010246345", "https://book.qidian.com/info/1010246345", "https://book.qidian.com/info/1003460975", "https://book.qidian.com/info/1003460975", "https://book.qidian.com/info/1011815974", "https://book.qidian.com/info/1011216976", "https://book.qidian.com/info/1012036528", "https://book.qidian.com/info/1011985057", "https://book.qidian.com/info/1011631528", "https://book.qidian.com/info/1011928444", "https://book.qidian.com/info/1011771234", "https://book.qidian.com/info/1011973127", "https://book.qidian.com/info/1005784137", "https://book.qidian.com/info/1011916945"]}