{"ratings": 0.0, "userreviews": [{"userName": "Psite", "userReviewDate": "5\u5c0f\u65f6\u524d", "userURL": "https://my.qidian.com/user/216237160", "userReview": "\u8def\u8fc7\u2026\u2026\u3002\u3002\u3002"}, {"userName": "\u5415\u5929\u867e13402", "userReviewDate": "8\u5c0f\u65f6\u524d", "userURL": "https://my.qidian.com/user/316329765", "userReview": "\u7b7e\u5230\u7559\u722a\u5370"}, {"userName": "\u5047\u5982\u70b9\u5a18\u9001\u6211\u4e00\u5343\u4e07\u70b9\u5e01", "userReviewDate": "9\u5c0f\u65f6\u524d", "userURL": "https://my.qidian.com/user/316235734", "userReview": "\u54a6\u5947\u5e7b\u7978\u5bb3\u5b8c\u79d1\u5e7b\u5c31\u53bb\u7978\u5bb3\u5947\u5e7b\u4e86\u5417\uff1f\u6211\u662f\u4e0d\u662f\u5e94\u8be5\u53bb\u5947\u5e7b\u7ffb\u4e00\u4e0b\uff01"}, {"userName": "\u9a91\u58eb\u5148\u751f\u4e0d\u840c\u55b5\u9171", "userReviewDate": "15\u5c0f\u65f6\u524d", "userURL": "https://my.qidian.com/user/215312404", "userReview": "\u4e71\u4e03\u516b\u7cdf\u7684\uff0c\u6211\u5feb\u901f\u770b\u4e86\u4e00\u904d\uff0c\u6ca1\u600e\u4e48\u770b\u61c2"}, {"userName": "\u6b66\u9053\u4e00\u76f4", "userReviewDate": "24\u5c0f\u65f6\u524d", "userURL": "https://my.qidian.com/user/147693331", "userReview": "\u770b\u4e0b\u6765\u7684\u8bdd\uff0c\u6545\u4e8b\u8fd8\u662f\u4e0d\u9519\u7684\uff0c\u6709\u4e66\u5355\u5927\u4f6c\u7684\u63a8\u8350\uff0c\u5341\u4e94\u4e07\u5b57\uff0c\u5e94\u8be5\u770b\u7684\u4eba\u591f\u591a\uff0c\u7968\u7968\u4ec0\u4e48\u7684\u4e5f\u591a\u8d77\u6765"}, {"userName": "\u65f6\u7a7a\u6d41\u6f9c", "userReviewDate": "2018-06-06", "userURL": "https://my.qidian.com/user/101721949", "userReview": "\u8fd9\u4e66\u521b\u610f\u5f88\u597d\uff0c\u4f5c\u8005\u7684\u7b14\u529b\u4e5f\u4e0d\u5dee\uff0c\u80fd\u770b\u7684\u51fa\u6765\u4f5c\u8005\u60f3\u5199\u51fa\u4e3b\u89d2\u7684\u6210\u957f\u3002\u53ef\u662f\u80fd\u4e0d\u80fd\u628a\u4e3b\u89d2\u7684\u667a\u5546\u5f80\u4e0a"}, {"userName": "\u65a9\u4e50cs", "userReviewDate": "2018-06-06", "userURL": "https://my.qidian.com/user/197068797", "userReview": "\u4f5c\u8005\u5927\u5927\u52a0\u6cb9\uff01\u4e00\u8d77\u52aa\u529b\uff01"}, {"userName": "\u56db\u987e\u65e0\u8a00", "userReviewDate": "2018-06-06", "userURL": "https://my.qidian.com/user/305419087", "userReview": "\u7559\u722a\uff0c\uff0c\uff0c"}, {"userName": "GreenFire", "userReviewDate": "2018-06-05", "userURL": "https://my.qidian.com/user/216608861", "userReview": "\u63a8\u8350\u8df3\u8fc7\u524d\u4e94\u7ae0\u76f4\u63a5\u53bb\u7b2c\u516d\u7ae0\u5f00\u59cb\uff0c\u540e\u9762\u6bd2\u6027\u5c0f\u70b9\uff0c\u8fd8\u80fd\u770b\u524d\u4e94\u7ae0\u4e3b\u8981\u5185\u5bb9:\u4f4d\u9762\u7a7f\u8d8a\u6e38\u620f\uff0c\u6307\u5f15\u4eba\u8776"}, {"userName": "19\u5c81\u76848\u5e74\u4e66\u866b", "userReviewDate": "2018-06-05", "userURL": "https://my.qidian.com/user/188405278", "userReview": "\u6700\u65b0\u4e00\u7ae0\uff0c\u770b\u7740\u4e0d\u5927\u8212\u670d\uff0c\u611f\u89c9\u6709\u70b9\u95ee\u9898\u57df\u5916\u7814\u7a76\u6240\u7a76\u7adf\u662f\u5e72\u561b\u7684\uff1f\uff1f\u6839\u636e\u8776\u7ffc\u7684\u8868\u73b0\u6765\u770b\uff0c\u4ed6\u662f\u7b2c\u4e00"}, {"userName": "Lerosilo", "userReviewDate": "2018-06-04", "userURL": "https://my.qidian.com/user/218267012", "userReview": "\u770b\u5230\u5341\u4e03\u7ae0\uff0c\u7ed9\u6211\u611f\u89c9\u5199\u7684\u5f88\u597d\uff0c\u9898\u6750\u4e5f\u8ba9\u4eba\u773c\u524d\u4e00\u4eae\uff0c\u6709\u5f88\u591a\u7684\u7a7a\u95f4\u53d1\u5c55\uff0c\u4e3b\u89d2\u7684\u5584\uff0c\u4e16\u754c\u7684\u6076\uff0c\u4ea4"}, {"userName": "\u65a9\u4e50cs", "userReviewDate": "2018-06-04", "userURL": "https://my.qidian.com/user/197068797", "userReview": "\u6536\u85cf\u8ba2\u9605\u8bc4\u8bba\u4e94\u661f\u8bc4\u4ef7\u63a8\u8350\u7968\u4e00\u6ce2\u57fa\u672c\u6d41\u7a0b\uff0c\u8d70\u8fc7\u8def\u8fc7\u522b\u5fd8\u4e86\u554a"}, {"userName": "\u6708\u548f\u5929\u6210", "userReviewDate": "2018-06-04", "userURL": "https://my.qidian.com/user/231248739", "userReview": "\u8def\u8fc7\u7684\u90a3\u4e2a"}, {"userName": "\u4e8c\u5f97\u7b80\u5355", "userReviewDate": "2018-05-31", "userURL": "https://my.qidian.com/user/202245312", "userReview": "\u8981\u4e0d\u4f60\u65ad\u66f4\u4e00\u5468\u518d\u6765\u4e2a\u7206\u53d1\u5427\uff0c\u6700\u65b0\u4e00\u7ae0\u5c45\u7136\u53d1\u73b0\u4f60\u6709\u65ad\u7ae0\u72d7\u7684\u6f5c\u8d28\ud83d\ude02\ufe0f"}], "description": "\u9b54\u517d\u8df5\u8e0f\uff0c\u5de8\u9f99\u5486\u54ee\uff0c\u5deb\u5e08\u8bc5\u5492\uff0c\u9b54\u6cd5\u7480\u74a8\u4e4b\u5149\u7167\u8000\u77e5\u8bc6\u706f\u5854\uff01", "title": "\u4e0a\u5c42\u7ef4\u5ea6\u7684\u6e38\u620f", "url": "https://book.qidian.com/info/1011806768", "average": -1.0, "cover": "//qidian.qpic.cn/qdbimg/349573/1011806768/180", "reviews": -1, "authors": [{"url": "https://me.qidian.com/authorIndex.aspx?id=402067283", "name": "\u7ec8\u4e16\u5915\u66f2"}], "type": ["\u5947\u5e7b", "\u53e6\u7c7b\u5e7b\u60f3"], "outlinks": ["https://book.qidian.com/info/1011806768", "https://book.qidian.com/info/1005843719", "https://book.qidian.com/info/1005843719", "https://book.qidian.com/info/1007994514", "https://book.qidian.com/info/1007994514", "https://book.qidian.com/info/1010933712", "https://book.qidian.com/info/1010933712", "https://book.qidian.com/info/1003759751", "https://book.qidian.com/info/1003759751", "https://book.qidian.com/info/1004897709", "https://book.qidian.com/info/1004897709", "https://book.qidian.com/info/1010032521", "https://book.qidian.com/info/1010032521", "https://book.qidian.com/info/1011194349", "https://book.qidian.com/info/1011966445", "https://book.qidian.com/info/1011923635", "https://book.qidian.com/info/1011996030", "https://book.qidian.com/info/1011894816", "https://book.qidian.com/info/1011954628", "https://book.qidian.com/info/1011324769", "https://book.qidian.com/info/1005209240", "https://book.qidian.com/info/1011806768", "https://book.qidian.com/info/1011417251"]}