{"ratings": 0.0, "userreviews": [{"userName": "\u5510\u592a\u8d4a", "userReviewDate": "2017-11-20", "userURL": "https://my.qidian.com/user/228030870", "userReview": "\u201c\u5976\u7238\u201d\u6cdb\u6ee5\u6210\u707e\uff1b\u201c\u5957\u8def\u201d\u7ecf\u4e45\u4e0d\u8870\uff1b\u201c\u5f00\u7bc7\u201d\u767e\u4e07\u6bd2\u5976\uff1b\u201c\u54e5\u4eec\u201d\u4f9d\u65e7\u7cbe\u5f69\u3002"}, {"userName": "KuspsBug", "userReviewDate": "2017-11-19", "userURL": "https://my.qidian.com/user/222116080", "userReview": "\u54c8\uff01\u6211\u600e\u4e48\u89c9\u5f97\u8fd9\u5f00\u5934\u8bed\u8fd9\u4e48\u53ef\u7231[fn=1]"}, {"userName": "\u4e8c\u6b21\u5143\u4e2d\u6bd2\u8005", "userReviewDate": "2017-11-13", "userURL": "https://my.qidian.com/user/214287019", "userReview": "\u82e5\u5cb3\u6bc5\u548c\u4e09\u841d\u8389\u7236\u4eb2\u80fd\u89c1\u9762\u53ef\u80fd\u4f1a\u8bf4:\u6c5d\u5973\u513f\u543e\u517b\u4e4b\uff0c\u6c5d\u4e00\u62b9\u591a\u543e\u4e5f\u517b\u4e4b\uff0c\u671b\u73cd\u91cd\u5927\u8205\u5b50"}, {"userName": "\u98d9\u8f66\u8001\u9524\u77f3", "userReviewDate": "2018-06-05", "userURL": "https://my.qidian.com/user/190784605", "userReview": "\u9ebb\u70e6\u8ba4\u771f\u770b\u4e66\u597d\u5417\uff0c\u522b\u8ddf\u4e2a\u4e8c\u50bb\u5b50\u4e00\u6837\u4e71\u8bc4\u8bba\uff01\u8fd9\u4e66\u91cc\u9762\u9648\u59e8\u662f\u6700\u597d\u7684\u4e00\u4e2a\u89d2\u8272\uff0c\u4e5f\u662f\u6211\u6700\u559c\u6b22\u7684\u4e00\u4e2a"}, {"userName": "\u5415\u5929\u867e3374", "userReviewDate": "2018-06-05", "userURL": "https://my.qidian.com/user/313201238", "userReview": "\u63a8\u8350\u7968\u5df2\u6295"}, {"userName": "\u5415\u5929\u867e3531", "userReviewDate": "2018-06-03", "userURL": "https://my.qidian.com/user/313235149", "userReview": "\u767e\u6b7b\u65e0\u6094\u2026\u2026"}, {"userName": "\u5415\u5929\u867e3607", "userReviewDate": "2018-06-03", "userURL": "https://my.qidian.com/user/313164072", "userReview": "\u8fd9\u4e2a\u5f2f\u6709\u70b9\u6025\uff0c\u6211\u8981\u4e0b\u8f66"}, {"userName": "\u8ffd\u4e66\u594b\u6597\u5c11\u5e74", "userReviewDate": "2018-05-28", "userURL": "https://my.qidian.com/user/195365347", "userReview": "\u9648\u59e8\u8fd9\u4e2a\u5973\u7ba1\u5bb6\u771f\u7684\u662f\u8001\u9f20\u5c4e\uff0c\u574f\u4e86\u4e00\u9505\u7ca5\uff0c\u6709\u70b9\u53d7\u4e0d\u4e86\u4e86\uff0c\u4e3b\u4eba\u516c\u6709\u53d7\u8650\u72c2\uff1f"}, {"userName": "\u4e66\u53cb161124230928023", "userReviewDate": "2018-05-28", "userURL": "https://my.qidian.com/user/225896240", "userReview": "\u5973\u7ba1\u5bb6\u4eba\u8bbe\u592a\u70c2\uff0c\u5c31\u50cf\u8001\u9f20\u5c4e"}, {"userName": "\u6df1\u84dd\u56de\u5fc6", "userReviewDate": "2018-05-27", "userURL": "https://my.qidian.com/user/422730", "userReview": "\u521a\u5f00\u59cb\u770b\uff0c\u611f\u89c9\u6709\u70b9\u4e71\uff0c\u4e1c\u4e00\u6bb5\u897f\u4e00\u6bb5"}, {"userName": "\u5415\u5929\u867e3498", "userReviewDate": "2018-05-25", "userURL": "https://my.qidian.com/user/313056429", "userReview": "\u7b7e\u5230\u4e94\u4e2a\u5b57"}, {"userName": "\u738b\u5b50\u2015\u2015", "userReviewDate": "2018-05-25", "userURL": "https://my.qidian.com/user/215791262", "userReview": "\u521a\u770b\u4e8630\u7ae0\uff01\u82cf\u6c0f\u4e0d\u662f\u597d\u591a\u7684\u80a1\u4e1c\uff0c\u8fd8\u57fa\u672c\u662f\u53cd\u6d3e\uff0c\u4e3b\u89d2\u662f\u8981\u53bb\u5e2e\u4ed6\u4eec\u8d5a\u94b1\u4e86\u4e48\uff1f"}, {"userName": "\u79d8\u5bc6\u795e\u795e", "userReviewDate": "2018-05-19", "userURL": "https://my.qidian.com/user/190489861", "userReview": "\u4f5c\u8005\u7684\u5934\u50cf\u548c\u6211\u7684\u4e00\u6837\u5440\uff01\u5173\u6ce8\u4e86"}, {"userName": "xuanyiping", "userReviewDate": "2018-05-18", "userURL": "https://my.qidian.com/user/131088", "userReview": "\u7b7e\u5230\uff01\uff01\uff01"}], "description": "\u91cd\u751f\u8fc7\u53bb\u3001\u7545\u60f3\u672a\u6765\u3001\u68a6\u5e7b\u73b0\u5b9e\uff0c\u518d\u5851\u4f20\u5947\u4eba\u751f\uff01", "title": "\u4e0a\u95e8\u840c\u7238", "url": "https://book.qidian.com/info/1010714274", "average": -1.0, "cover": "//qidian.qpic.cn/qdbimg/349573/1010714274/180", "reviews": -1, "authors": [{"url": "https://me.qidian.com/authorIndex.aspx?id=3253626", "name": "\u65c1\u58a8"}], "type": ["\u90fd\u5e02", "\u90fd\u5e02\u751f\u6d3b", "\u4e8c\u6b21\u5143"], "outlinks": ["https://book.qidian.com/info/1010714274", "https://book.qidian.com/info/1010925483", "https://book.qidian.com/info/1010925483", "https://book.qidian.com/info/1010988690", "https://book.qidian.com/info/1010988690", "https://book.qidian.com/info/1010901725", "https://book.qidian.com/info/1010901725", "https://book.qidian.com/info/1010849099", "https://book.qidian.com/info/1010849099", "https://book.qidian.com/info/1010806542", "https://book.qidian.com/info/1010806542", "https://book.qidian.com/info/1010811024", "https://book.qidian.com/info/1010811024", "https://book.qidian.com/info/2674464", "https://book.qidian.com/info/2674464", "https://book.qidian.com/info/3626347", "https://book.qidian.com/info/3626347", "https://book.qidian.com/info/1005016147", "https://book.qidian.com/info/1005016147", "https://book.qidian.com/info/1007457010", "https://book.qidian.com/info/1007457010", "https://book.qidian.com/info/1009879987", "https://book.qidian.com/info/1009879987", "https://book.qidian.com/info/1011932150", "https://book.qidian.com/info/1012029544", "https://book.qidian.com/info/1012015699", "https://book.qidian.com/info/1012018201", "https://book.qidian.com/info/1011879101", "https://book.qidian.com/info/1011790606", "https://book.qidian.com/info/1011971435", "https://book.qidian.com/info/1009695534", "https://book.qidian.com/info/1011890878", "https://book.qidian.com/info/1010537314"]}