{"ratings": 0.0, "userreviews": [{"userName": "\u8d77\u70b9\u4e2d\u6587\u7f51", "userReviewDate": "2010-02-16", "userURL": "https://my.qidian.com/user/33597", "userReview": "\u613f\u5f97\u70b9\u51fb\u4e00\u767e\u4e07\uff0c\u4ea4\u5c3d\u5929\u4e0b\u7f8e\u4eba\u82f1\u96c4\uff01\u606d\u559c\u95ee\u5929\u52a0\u5165\u70b9\u51fb\u767e\u4e07\u4ff1\u4e50\u90e8\uff01\u81ea\u672c\u606d\u8d3a\u4e3b\u9898\u53d1\u5e03\u540e2\u5929\u5185\uff0c\u5728"}, {"userName": "\u8d77\u70b9\u4e2d\u6587\u7f51", "userReviewDate": "2010-02-16", "userURL": "https://my.qidian.com/user/33597", "userReview": "\u54c8\u54c8\u54c8\u54c8\uff0c\u7b2c\u4e00\u5f20\u6708\u7968\u7684\u6c99\u53d1\u603b\u7b97\u88ab\u6211\u62a2\u5230\u4e86\uff0c\u52a0\u6cb9\u7801\u5b57\uff0c\u52aa\u529b\u66f4\u65b0\uff0c\u6709\u4e86\u6708\u7968\u7684\u90fd\u6295\u4f60\uff01\u81ea\u672c\u606d\u8d3a\u4e3b"}, {"userName": "\u8d77\u70b9\u4e2d\u6587\u7f51", "userReviewDate": "2010-02-16", "userURL": "https://my.qidian.com/user/33597", "userReview": "\u4e00\u5b57\u540e\u9762\u56db\u4e2a\u96f6\uff0c\u6536\u85cf\u7834\u4e86\u4e94\u4f4d\u6570\uff0c\u4eca\u671d\u559c\u6765\u4eca\u671d\u4e50\uff0c\u66f4\u6709\u8c6a\u6c14\u9a7b\u5fc3\u5934\uff01\u4e3a\u95ee\u5929\u52a0\u6cb9\uff01 \u81ea\u672c\u606d\u8d3a\u4e3b\u9898"}, {"userName": "\u8d77\u70b9\u4e2d\u6587\u7f51", "userReviewDate": "2010-02-16", "userURL": "https://my.qidian.com/user/33597", "userReview": "\u95ee\u5929\u7b11\u7740\u7ed9\u5927\u5bb6\u4f5c\u63d6\uff0c\u5404\u4f4d\u4e66\u53cb\uff0c\u70b9\u51fb\u9a6c\u4e0a\u8981\u7834\u767e\u4e07\uff0c\u662f\u4e0d\u662f\u90fd\u5e2e\u5fd9\u70b9\u4e24\u4e0b\uff0c\u4e0d\u8981\u7ed9\u4ffa\u9762\u5b50\uff01 \u81ea\u672c\u606d"}, {"userName": "\u8d77\u70b9\u4e2d\u6587\u7f51", "userReviewDate": "2009-09-21", "userURL": "https://my.qidian.com/user/33597", "userReview": "\u8bfb\u8005\u7684\u80af\u5b9a\u662f\u4f5c\u8005\u6700\u5927\u7684\u9f13\u821e\uff0c\u5e0c\u671b\u5927\u5bb6\u53ef\u4ee5\u4e00\u5982\u65e2\u5f80\u652f\u6301\u4f5c\u8005\u7684\u521b\u4f5c\uff01\u81ea\u672c\u606d\u8d3a\u4e3b\u9898\u53d1\u5e03\u540e2\u5929\u5185\uff0c"}], "description": "\u9b54\u517d\u8df5\u8e0f\uff0c\u5de8\u9f99\u5486\u54ee\uff0c\u5deb\u5e08\u8bc5\u5492\uff0c\u9b54\u6cd5\u7480\u74a8\u4e4b\u5149\u7167\u8000\u77e5\u8bc6\u706f\u5854\uff01", "title": "\u4e0b\u4f4d\u8005\u9119", "url": "https://book.qidian.com/info/96484", "average": -1.0, "cover": "//qidian.qpic.cn/qdbimg/349573/96484/180", "reviews": -1, "authors": [{"url": "https://me.qidian.com/authorIndex.aspx?id=13841", "name": "\u95ee\u5929"}], "type": ["\u5947\u5e7b", "\u53f2\u8bd7\u5947\u5e7b"], "outlinks": ["https://book.qidian.com/info/96484", "https://book.qidian.com/info/1011408726", "https://book.qidian.com/info/1011408726", "https://book.qidian.com/info/1777445", "https://book.qidian.com/info/1777445", "https://book.qidian.com/info/1003517641", "https://book.qidian.com/info/1003517641", "https://book.qidian.com/info/1010741169", "https://book.qidian.com/info/1010741169", "https://book.qidian.com/info/3656301", "https://book.qidian.com/info/3656301", "https://book.qidian.com/info/1010685191", "https://book.qidian.com/info/1010685191", "https://book.qidian.com/info/22140", "https://book.qidian.com/info/22140", "https://book.qidian.com/info/1025057", "https://book.qidian.com/info/1025057", "https://book.qidian.com/info/1011194349", "https://book.qidian.com/info/1011966445", "https://book.qidian.com/info/1011923635", "https://book.qidian.com/info/1011996030", "https://book.qidian.com/info/1011894816", "https://book.qidian.com/info/1011954628", "https://book.qidian.com/info/1011324769", "https://book.qidian.com/info/1005209240", "https://book.qidian.com/info/1011806768", "https://book.qidian.com/info/1011417251"]}