{"ratings": 0.0, "userreviews": [{"userName": "\u8d85\u6709\u5929\u8d4b", "userReviewDate": "2018-06-04", "userURL": "https://my.qidian.com/user/202430156", "userReview": "\u4f60\u8fd9\u53ef\u662f\u9ed1\u6697\u5e7b\u60f3\u554a"}, {"userName": "\u6de1\u6de1\u7684\u86cb\u52a0\u4e00", "userReviewDate": "2018-05-27", "userURL": "https://my.qidian.com/user/306110226", "userReview": "\u5624\u5624\u5624  \u5624\u5624 \u5624\u5624\u5624\u5624"}, {"userName": "\u5e7b\u60f3\u4e4b\u9109", "userReviewDate": "2018-05-05", "userURL": "https://my.qidian.com/user/222578075", "userReview": "\u7b2c\u4e00\u6ef4\u8840\u3002"}], "description": "\u9b54\u517d\u8df5\u8e0f\uff0c\u5de8\u9f99\u5486\u54ee\uff0c\u5deb\u5e08\u8bc5\u5492\uff0c\u9b54\u6cd5\u7480\u74a8\u4e4b\u5149\u7167\u8000\u77e5\u8bc6\u706f\u5854\uff01", "title": "\u4e0b\u4e00\u7ad9\uff1a\u5730\u72f1", "url": "https://book.qidian.com/info/1011545568", "average": -1.0, "cover": "//qidian.qpic.cn/qdbimg/349573/1011545568/180", "reviews": -1, "authors": [{"url": "https://me.qidian.com/authorIndex.aspx?id=402079360", "name": "\u7267\u4e66"}], "type": ["\u5947\u5e7b", "\u9ed1\u6697\u5e7b\u60f3"], "outlinks": ["https://book.qidian.com/info/1011545568", "https://book.qidian.com/info/1004073922", "https://book.qidian.com/info/1004073922", "https://book.qidian.com/info/1009595892", "https://book.qidian.com/info/1009595892", "https://book.qidian.com/info/2527417", "https://book.qidian.com/info/2527417", "https://book.qidian.com/info/1001730574", "https://book.qidian.com/info/1001730574", "https://book.qidian.com/info/1004179514", "https://book.qidian.com/info/1004179514", "https://book.qidian.com/info/1010864272", "https://book.qidian.com/info/1010864272", "https://book.qidian.com/info/1011194349", "https://book.qidian.com/info/1011966445", "https://book.qidian.com/info/1011923635", "https://book.qidian.com/info/1011996030", "https://book.qidian.com/info/1011894816", "https://book.qidian.com/info/1011954628", "https://book.qidian.com/info/1011324769", "https://book.qidian.com/info/1005209240", "https://book.qidian.com/info/1011806768", "https://book.qidian.com/info/1011417251"]}