{"ratings": 0.0, "userreviews": [{"userName": "\u8273\u96ea\u6b8b\u9633", "userReviewDate": "2018-06-04", "userURL": "https://my.qidian.com/user/135152969", "userReview": "\u5f00\u5c40\u592a\u8650\u4e3b\u4e86\uff0c\u770b\u7684\u5fc3\u585e\u554a\uff01\uff01\uff01\u6587\u7b14\u4e0d\u9519\uff0c\u4e3b\u914d\u89d2\u667a\u5546\u5728\u7ebf\uff0c\u56db\u661f\u4e0a\uff01\uff01\uff01"}, {"userName": "xxxan", "userReviewDate": "2018-06-04", "userURL": "https://my.qidian.com/user/4515019", "userReview": "\u54c8\u54c8\u770b\u4e86\u5f00\u5934\u633a\u6709\u8da3\u7684\uff0c\u7ee7\u7eed\u5f80\u4e0b\u770b"}, {"userName": "\u98de\u626c\u4e2d\u56fd", "userReviewDate": "2018-06-03", "userURL": "https://my.qidian.com/user/129572325", "userReview": "\u82f1\u51a0\u4ff1\u4e50\u90e8\u7ba1\u7406\u6709\u5ae9\u4e2a\u6df7\u4e71\u5440\uff1f\u8001\u677f\u90fd\u56de\u6765\u4e86\u4e5f\u4e0d\u63d2\u624b\u4ff1\u4e50\u90e8\u4e8b\u52a1\uff1f"}, {"userName": "\u5e7b\u5f71\u4e09\u4e00", "userReviewDate": "2018-06-02", "userURL": "https://my.qidian.com/user/210444247", "userReview": "  \u5199\u5728\u524d\u9762\uff0c\u8fd9\u662f\u4e00\u672c\u5f88\u503c\u5f97\u4e00\u770b\u7684\u4e66\u3002  \u8fd9\u672c\u4e66\u7ed9\u6211\u7684\u611f\u89c9\u4e0d\u662f\u4e00\u672c\u5408\u683c\u7684\u7f51\u6587\u3002\u4ed6\u5f88\u90aa\uff0c\u90aa\u9053"}, {"userName": "\u6155\u6d1b\u9010\u65e5\u8005", "userReviewDate": "2018-06-01", "userURL": "https://my.qidian.com/user/216491827", "userReview": "\u8fd9\u4e2a\u6545\u4e8b\u5f00\u5934\u8bb2\u7684\u662f\u54ea\u4e00\u5e74\u554a\u3002\u3002\u30021995\u5e74\u7684\u9a6c\u5361\u91cc\uff0c16\u5c81\uff0c\u4f46\u662f\u540e\u9762\u7684\u65f6\u95f4\u597d\u50cf\u53c8\u77db\u76fe\u4e86"}, {"userName": "\u6728\u8c37\u9752", "userReviewDate": "2018-05-31", "userURL": "https://my.qidian.com/user/167378617", "userReview": "\u91cc\u5361\u591a\u54ea\u53bb\u4e86\uff1f"}, {"userName": "\u8c8c\u4f3c\u9ad8\u9ad8\u624b", "userReviewDate": "2018-05-31", "userURL": "https://my.qidian.com/user/4071559", "userReview": "\u5f88\u559c\u6b22\u7ade\u6280\u7ecf\u8425\u6587\uff0c\u9664\u4e86\u4e3b\u89d2\u5e94\u8058\u6bd4\u8f83\u72d7\u8840\uff0c\u5176\u4ed6\u5185\u5bb9\u8fd8\u662f\u4e0d\u9519\u7684\u3002"}, {"userName": "\u53e4\u9042\u98ce", "userReviewDate": "2018-05-29", "userURL": "https://my.qidian.com/user/220537484", "userReview": "\u8fd9\u662f\u4e00\u90e8\u5f88\u53e6\u7c7b\u7684\u4e66\uff0c\u6216\u8005\u8bf4\u662f\u4e00\u90e8\u4e0d\u5957\u8def\u7684\u4e66\u66f4\u8d34\u5207\u70b9\u3002\u7b2c\u4e00\uff0c\u4e66\u540d\uff0c\u5bf9\u4f60\u6ca1\u770b\u9519\uff0c\u6211\u8bf4\u7684\u5c31\u662f\u4e66\u540d"}, {"userName": "\u5929\u7231\u4e00\u751f", "userReviewDate": "2018-05-29", "userURL": "https://my.qidian.com/user/2992270", "userReview": "08\u5e74\u4ee5\u540e\u7684\u8db3\u7403\u65e0\u7231\uff0c\u56e0\u4e3a\u6ca1\u67098090\u4e16\u7eaa\u521d\u7684\u90a3\u4e9b\u4e2a\u6027\u7403\u661f\uff0c\u597d\u50cf\u9664\u4e86\u6885\u7f57\u4e24\u4e2a\u5176\u4ed6\u4eba\u90fd\u6ca1\u4ec0\u4e48"}, {"userName": "bryu5182", "userReviewDate": "2018-05-18", "userURL": "https://my.qidian.com/user/228520132", "userReview": "\u8db3\u7403\u6587\u7b2c\u4e00\uff0c\u96be\u7684\u6ca1\u90a3\u4e48\u591a\u7684\u72d7\u8840\u3002"}, {"userName": "\u62c9\u6269", "userReviewDate": "2018-05-16", "userURL": "https://my.qidian.com/user/423932", "userReview": "\u82f1\u8d85\u82f1\u51a0\u6ca1\u6709\u51ac\u6b47\u671f\uff0c\u5e94\u8be5\u662f\u4e2a\u5e38\u8bc6\u5427\uff1f\uff1f\uff01\uff01\uff01"}, {"userName": "\u90ed\u4f83", "userReviewDate": "2018-05-09", "userURL": "https://my.qidian.com/user/1132899", "userReview": "\u52a0\u6cb9\uff01\u5199\u7684\u4e0d\u9519"}, {"userName": "\u4e66\u53cb20170920005508494", "userReviewDate": "2018-05-06", "userURL": "https://my.qidian.com/user/308509297", "userReview": "\u770b\u5230\u9a6c\u683c\u91cc\u8f6c\u4f1a\u90a3\u51e0\u5f20\uff0c\u6709\u70b9\u6bd2\u5230\u6211\u4e86\uff0c\u603b\u662f\u6709\u79cd\u4ee5\u60c5\u538b\u4eba\u7684\u611f\u89c9\u3002\u4f60\u4ff1\u4e50\u90e8\u5f88\u660e\u663e\u7ed9\u4e0d\u4e86\u522b\u4eba\u66f4\u597d\u7684"}, {"userName": "BABAlove", "userReviewDate": "2018-05-04", "userURL": "https://my.qidian.com/user/4740594", "userReview": "\u8fd9\u662f\u6211\u770b\u8fc7\u7684\u6700\u70c2\u7684\u4e66\uff0c\u4e3b\u89d2\u5c31\u662f\u4e2a\u795e\u7ecf\u75c5"}], "description": "\u4f53\u575b\u591a\u82f1\u96c4\uff0c\u8d5b\u573a\u6211\u4e3a\u738b\uff0c\u70ed\u8840\u6f8e\u6e43\u7684\u7ade\u6280\u4f53\u80b2\uff01", "title": "\u4e0b\u4e00\u573a", "url": "https://book.qidian.com/info/1010196259", "average": -1.0, "cover": "//qidian.qpic.cn/qdbimg/349573/1010196259/180", "reviews": -1, "authors": [{"url": "https://me.qidian.com/authorIndex.aspx?id=400246785", "name": "\u6f02\u6cca\u6765\u5ba2"}], "type": ["\u4f53\u80b2", "\u8db3\u7403\u8fd0\u52a8"], "outlinks": ["https://book.qidian.com/info/1010196259", "https://book.qidian.com/info/1010833425", "https://book.qidian.com/info/1010833425", "https://book.qidian.com/info/1010443891", "https://book.qidian.com/info/1010443891", "https://book.qidian.com/info/1010987671", "https://book.qidian.com/info/1010987671", "https://book.qidian.com/info/1010216394", "https://book.qidian.com/info/1010216394", "https://book.qidian.com/info/1007097273", "https://book.qidian.com/info/1007097273", "https://book.qidian.com/info/1010751134", "https://book.qidian.com/info/1010751134", "https://book.qidian.com/info/1011026048", "https://book.qidian.com/info/1011932684", "https://book.qidian.com/info/3675910", "https://book.qidian.com/info/1011342003", "https://book.qidian.com/info/1011687020", "https://book.qidian.com/info/1011446896", "https://book.qidian.com/info/1011767969", "https://book.qidian.com/info/1011676779", "https://book.qidian.com/info/1005095075", "https://book.qidian.com/info/1011814696"]}