{"ratings": 0.0, "userreviews": [{"userName": "\u8427\u5bd2\u5973\u5b50", "userReviewDate": "2018-04-01", "userURL": "https://my.qidian.com/user/161893650", "userReview": "\u6240\u8c13\u5e78\u798f\u7684\u5bb6\u5ead\u6781\u4e3a\u76f8\u4f3c\uff0c\u800c\u4e0d\u5e78\u7684\u5bb6\u5ead\u5404\u6709\u5404\u7684\u4e0d\u5e78\u3002\u6587\u5b66\u4f5c\u54c1\u6765\u6e90\u4e8e\u751f\u6d3b\uff0c\u5c0f\u8bf4\u5176\u5b9e\u4e5f\u4e00\u6837\u3002\u6709\u4e9b"}, {"userName": "\u4e0d\u50ac\u66f4\u4eba\u6613\u8001", "userReviewDate": "2018-03-24", "userURL": "https://my.qidian.com/user/231186387", "userReview": "\u597d\u597d\u5199\uff0c\u6211\u8ba4\u8bc1\u6c34\u51c6\u591f\u7684\u4f5c\u8005\uff0c\u4ece\u4e0d\u6251\u2026\u2026\u8d23\u7f16\u5de1\u903b\u53ef\u591a\u770b\u70b9\u4e66\uff0c\u6709\u5c0f\u795e\u4e0d\u57f9\u517b\uff0c\u8d23\u7f16\u624b\u4e2d\u5927\u795e\u592a\u591a\u5417"}, {"userName": "\u6084\u6084\u98d8\u8fc7", "userReviewDate": "2018-02-15", "userURL": "https://my.qidian.com/user/19459024", "userReview": "\u7b2c\u4e00\u6b21\u770b\u5230\u8427\u5bd2\u5b50\u975e\u5927\u5927\u7684\u6587\uff0c\u6211\u6bd4\u8f83\u8ba4\u540c\u7684\u662f\uff0c\u4e00\u822c\u559c\u6b22\u8d3c\u9053\u4e09\u75f4\u7684\u4eba\uff0c\u5979\u7684\u6587\u7ae0\u591a\u5c11\u90fd\u4f1a\u6709\u4e9b\u300a\u4e0a"}, {"userName": "\u6a59\u590f\u5c0f\u8bed", "userReviewDate": "2018-05-24", "userURL": "https://my.qidian.com/user/310648866", "userReview": "\u6253\u8d4f\u652f\u6301\u4f5c\u8005\u5927\u5927\uff0c\u795d\u4f5c\u8005\u5927\u5927\u5929\u5929\u5f00\u5fc3"}, {"userName": "\u662f\u4e00\u4e0d", "userReviewDate": "2018-05-19", "userURL": "https://my.qidian.com/user/216733625", "userReview": "\u4f5c\u8005\u54ea\u91cc\u53bb\u4e86\uff1f"}, {"userName": "\u98ce\u6ce2\u65e0\u75d5", "userReviewDate": "2018-05-09", "userURL": "https://my.qidian.com/user/120955688", "userReview": "\u98ce\u6ce2\u65e0\u75d5\uff0c\u5230\u6b64\u4e00\u6e38"}, {"userName": "\u662f\u4e00\u4e0d", "userReviewDate": "2018-05-06", "userURL": "https://my.qidian.com/user/216733625", "userReview": "\u6211\u667a\u5546\u4e0d\u591f\uff0c\u770b\u523040\u591a\u7ae0\uff0c\u8fd8\u662f\u4e0d\u6e05\u695a\uff0c\u5973\u4e3b\u7684\u7236\u6bcd\u548c\u8eab\u8fb9\u4eba\u662f\u600e\u4e48\u8ba4\u4e3a\u5979\u662f\u53e6\u4e00\u4e2a\u59d0\u59b9\u7684\uff0c\u662f\u600e\u4e48"}, {"userName": "\u4f18\u5c1a\u4f18\u543e", "userReviewDate": "2018-04-06", "userURL": "https://my.qidian.com/user/190073591", "userReview": "\u672c\u4ee5\u4e3a\u80fd\u770b\u5230\u73b0\u4ee3\u7684\u73b0\u5b9e\u5c0f\u8bf4\uff0c\u53c8\u7a7f\u8d8a\u4e86\uff0c\u79c1\u4ee5\u4e3a\u5982\u679c\u662f\u4e00\u672c\u7c7b\u4f3c\u4e8e\u300a\u6211\u7684\u524d\u534a\u751f\u300b\u7684\u5973\u4e3b\u73b0\u4ee3\u6587\u66f4\u5438"}, {"userName": "\u4e0d\u50ac\u66f4\u4eba\u6613\u8001", "userReviewDate": "2018-04-01", "userURL": "https://my.qidian.com/user/231186387", "userReview": "\u662f\u4e0d\u662f\u6211\u6253\u5f00\u65b9\u5f0f\u4e0d\u5bf9\uff0c\u597d\u50cf\u56fe\u7247\u6362\u4e86\uff1f"}, {"userName": "\u4e0d\u50ac\u66f4\u4eba\u6613\u8001", "userReviewDate": "2018-03-27", "userURL": "https://my.qidian.com/user/231186387", "userReview": "\u8010\u5fc3\u628a\u516c\u4f17\u7ae0\u770b\u597d\uff0c\u4e0d\u559c\u5c31\u8d70\uff0c\u633a\u597d\u7684\u4e66\uff0c\u9752\u4e91\u5927\u4f6c\u6709\u519b\u5ac2\u60c5\u8282\uff0c~_~\u4e66\u5355\u5927\u4f6c\u4e5f\u5f88\u65e0\u5948\u2026\u2026\u3002\u52a0\u6cb9"}, {"userName": "\u53ee\u53ee\u7cd6\u4e0e\u4e01\u4e01\u732b", "userReviewDate": "2018-03-27", "userURL": "https://my.qidian.com/user/310405334", "userReview": "\u53cc\u5f00\u7684\u5927\u4f6c\uff0c\u8fc7\u6765\u819c\u62dc\u4e00\u4e0b"}, {"userName": "\u4e0d\u50ac\u66f4\u4eba\u6613\u8001", "userReviewDate": "2018-03-24", "userURL": "https://my.qidian.com/user/231186387", "userReview": "\u5173\u7231\u4f18\u79c0\u5973\u5199\u624b\uff0c\u4ece\u9752\u4e91\u5927\u4f6c\u505a\u8d77\uff0c\u63cf\u5199\u80fd\u529b\u4e09\u661f\u534a\uff0c\u5173\u952e\u662f\u63a8\u5e7f\u53ef\u662f\u4f1a\u8d5a\u73b0\u94b1\u54e6\u3002"}, {"userName": "\u4e0d\u50ac\u66f4\u4eba\u6613\u8001", "userReviewDate": "2018-03-23", "userURL": "https://my.qidian.com/user/231186387", "userReview": "\u7b97\u4e86\uff0c\u5973\u4f5c\u8005\u75285\u70b9\u5e01\u9a97\u4e86\u4e2a\u4e66\u5355\u5927\u4f6c\u53ec\u5524\u795e\u9f99\u3002\u9752\u4e91\u5927\u4f6c\uff0c\u8ba9\u8fd9\u672c\u4e66\u4e0e\uff0c\u7ea2\u697c\u4e4b\u5c34\u5c2c\u592b\u59bb\u53cc\u53cc\u767b\u9752\u4e91"}, {"userName": "\u8427\u5bd2\u5973\u5b50", "userReviewDate": "2018-03-23", "userURL": "https://my.qidian.com/user/161893650", "userReview": "\u4eca\u5929\u65e9\u4e0a\u770b\u5230\u4e00\u4e2a\u53eb\u4e0d\u50ac\u66f4\u4eba\u6613\u8001\u7684\u5927\u5927\u8bc4\u8bba\uff0c\u8bf4\u662f5\u4e66\u5e01\u9a97\u4e66\u5355\u5927\u4f6c\uff0c\u54c8\u54c8\uff0c\u6211\u60f3\u77e5\u9053\u600e\u4e48\u64cd\u4f5c\u7684\uff0c"}], "description": "\u9752\u7816\u7eff\u74e6\uff0c\u964c\u4e0a\u82b1\u5f00\u9999\u67d3\u8863\uff1b\u6731\u95e8\u7d2b\u6bbf\uff0c\u7d20\u624b\u6458\u661f\u9713\u4f5c\u88f3\u3002", "title": "\u4e0b\u5802\u5973\u753b\u5e08", "url": "https://book.qidian.com/info/1005033846", "average": -1.0, "cover": "//qidian.qpic.cn/qdbimg/349573/1005033846/180", "reviews": -1, "authors": [{"url": "https://me.qidian.com/authorIndex.aspx?id=4155955", "name": "\u8427\u5bd2\u5b50\u975e"}], "type": ["\u53e4\u4ee3\u8a00\u60c5", "\u53e4\u4ee3\u60c5\u7f18"], "outlinks": ["https:https://book.qidian.com/info/1011421405?qd_game_key=1011421405&qd_dd_p1=11272", "https://book.qidian.com/info/1005033846", "https://book.qidian.com/info/1006981501", "https://book.qidian.com/info/1006981501", "https://book.qidian.com/info/1009637337", "https://book.qidian.com/info/1009637337", "https://book.qidian.com/info/1008844598", "https://book.qidian.com/info/1008844598", "https://book.qidian.com/info/1004408185", "https://book.qidian.com/info/1004408185", "https://book.qidian.com/info/1010119445", "https://book.qidian.com/info/1010119445", "https://book.qidian.com/info/1006904717", "https://book.qidian.com/info/1006904717", "https://book.qidian.com/info/1011480233", "https://book.qidian.com/info/1011480233", "https://book.qidian.com/info/1004439621", "https://book.qidian.com/info/1010699142", "https://book.qidian.com/info/1010673874", "https://book.qidian.com/info/1010228299", "https://book.qidian.com/info/1011254335", "https://book.qidian.com/info/1010623336", "https://book.qidian.com/info/1011901077", "https://book.qidian.com/info/1010774701", "https://book.qidian.com/info/1010808763", "https://book.qidian.com/info/1011306057"]}