{"ratings": 0.0, "userreviews": [{"userName": "\u7231\u4e0a\u4f1a\u5403\u9c7c\u7684\u72d7", "userReviewDate": "2018-04-10", "userURL": "https://my.qidian.com/user/218742248", "userReview": "\u4e00\u697c10\u5e01\uff0c50\u697c\u4e00\u7ed3\uff0c\u8bf4\u5230\u505a\u5230\uff0c\u505a\u4e0d\u5230\u6728\u6709\u5c0fjj"}, {"userName": "321\u5475\u5475\u54d2123", "userReviewDate": "2018-03-30", "userURL": "https://my.qidian.com/user/210865817", "userReview": "\u4e09\u6708\u4e09\u5341\u53f7\u4e2d\u5348\u5341\u4e8c\u70b9\u4e0a\u67b6\uff0c\u5e0c\u671b\u5927\u5bb6\u5230\u65f6\u5019\u591a\u591a\u652f\u6301\uff0c\u4e0a\u67b6\u4e3a\u4e86\u9996\u8ba2\u4e5f\u4f1a\u591a\u591a\u66f4\u65b0\u7684\uff01\uff01\uff01\u6492\u6cfc\u6253\u6eda"}, {"userName": "321\u5475\u5475\u54d2123", "userReviewDate": "2018-03-22", "userURL": "https://my.qidian.com/user/210865817", "userReview": "\u5982\u679c\u4e0d\u51fa\u610f\u5916\u7684\u8bdd\uff0c\u4e0b\u4e2a\u6708\u4e00\u53f7\u4f1a\u4e0a\u67b6\uff0c\u5e0c\u671b\u5230\u65f6\u5019\u5927\u5bb6\u591a\u591a\u652f\u6301\uff0c\u8c22\u8c22\u5927\u5bb6\u4e86\uff01\uff01\uff01"}, {"userName": "\u95ee\u5929\u9f0e\u4e0b", "userReviewDate": "8\u5c0f\u65f6\u524d", "userURL": "https://my.qidian.com/user/190601312", "userReview": "\u9884\u6d4b\u4e00\u4e0b\u5267\u60c5 \u4e09\u80d6\u5347\u4e00\u7ea7 \u4e09\u56e2\u4e2d\u6821\u56e2\u957f"}, {"userName": "123\uff5e", "userReviewDate": "2018-06-06", "userURL": "https://my.qidian.com/user/223880855", "userReview": "\u5144\u5f1f\u591a\u4e00\u70b9\u771f\u8bda\u5c11\u4e00\u70b9\u5957\u8def"}, {"userName": "\u30e4\u552f\u0423\u01d2\u0446\u5a1c", "userReviewDate": "2018-06-06", "userURL": "https://my.qidian.com/user/2089626", "userReview": "\u8981\u628a\u81ea\u5df1\u4e3b\u89d2\u7684\u5ab3\u5987\u513f\u9001\u8fdb\u7279\u6b8a\u6218\u7ebf?   \u4f60\u9001\u4e86\u5c31\u5f03\u4e66   \u8d8a\u770b\u8d8a\u5783\u573e  \u5199\u7684\u5565\u4e1c\u897f  \u6ee1\u6ee1"}, {"userName": "\u7a77\u4e66\u8ff7\u4e8c\u5341\u5e74", "userReviewDate": "2018-06-06", "userURL": "https://my.qidian.com/user/230875341", "userReview": "\u7b7e\u5230\u6c34\u7ecf\u9a8c"}, {"userName": "\u7a79\u82cd\u95ee\u96ea_", "userReviewDate": "2018-06-04", "userURL": "https://my.qidian.com/user/304779605", "userReview": "\u4e92\u7c89\u5f97\u7ecf\u9a8c\uff01"}, {"userName": "\u5415\u5929\u867e4635", "userReviewDate": "2018-06-03", "userURL": "https://my.qidian.com/user/313397168", "userReview": "\u6709\u70b9\u8282\u594f\u4e86\u3002\u3002\u3002"}, {"userName": "\u4f60\u5bb6\u4f0f\u54e5\u54e5", "userReviewDate": "2018-05-31", "userURL": "https://my.qidian.com/user/231285613", "userReview": "\u8fc7\u6765\u7b7e\u4e2a\u5230"}, {"userName": "\u5c31\u7231\u72fc", "userReviewDate": "2018-05-31", "userURL": "https://my.qidian.com/user/144811356", "userReview": "\u770b\u5b8c\u4e86\uff0c\u8fd8\u6709\u6ca1\uff0c"}, {"userName": "\u4e66\u6b32\u4e0e\u5929\u5730\u8bd5\u95ee", "userReviewDate": "2018-05-30", "userURL": "https://my.qidian.com/user/186624938", "userReview": "\u770b\u4e86\u51e0\u7ae0\uff0c\u8fd8\u4e0d\u9519"}, {"userName": "\u6162\u6b65\u8717\u725bn", "userReviewDate": "2018-05-29", "userURL": "https://my.qidian.com/user/222611623", "userReview": "\u770b\u5230\u4e2d\u5c06\u8fd9\u7ae0\u679c\u65ad\u5f03\u4e66\uff01"}, {"userName": "\u7231\u4e0a\u4f1a\u5403\u9c7c\u7684\u72d7", "userReviewDate": "2018-05-28", "userURL": "https://my.qidian.com/user/218742248", "userReview": "\u5230\u5e95\u6709\u591a\u5c11\u4eba\u5728\u770b\u80d6\u5b50\u8fd9\u672c\u4e66\uff0c\u4e00\u4e2a\u4eba10\u5e01\uff0c10\u4e2a\u4eba100\u5e01\uff0c\u4e0d\u8981\u76d6\u697c\uff0c\u8c22\u8c22"}], "description": "\u3010\u519b\u4e8b\u5f81\u6587\u7b2c\u4e00\u5b63\u00b7\u8840\u67d3\u7ea2\u65d7\u6218\u4e0d\u4f11\u3011\u53c2\u8d5b\u4f5c\u54c1", "title": "\u4e0d\u5012\u7684\u519b\u65d7", "url": "https://book.qidian.com/info/1011244560", "average": -1.0, "cover": "//qidian.qpic.cn/qdbimg/349573/1011244560/180", "reviews": -1, "authors": [{"url": "https://me.qidian.com/authorIndex.aspx?id=10133473", "name": "\u5403\u8089\u7684\u5927\u80d6\u5b50"}], "type": ["\u519b\u4e8b", "\u519b\u65c5\u751f\u6daf"], "outlinks": ["https://book.qidian.com/info/1011244560", "https://book.qidian.com/info/1011432900", "https://book.qidian.com/info/1011432900", "https://book.qidian.com/info/1011112688", "https://book.qidian.com/info/1011112688", "https://book.qidian.com/info/1010566274", "https://book.qidian.com/info/1010566274", "https://book.qidian.com/info/1011443047", "https://book.qidian.com/info/1011443047", "https://book.qidian.com/info/1009886556", "https://book.qidian.com/info/1009886556", "https://book.qidian.com/info/1004052452", "https://book.qidian.com/info/1004052452", "https://book.qidian.com/info/1005114019", "https://book.qidian.com/info/1005114019", "https://book.qidian.com/info/1011081338", "https://book.qidian.com/info/1011081338", "https://book.qidian.com/info/1011227671", "https://book.qidian.com/info/1011227671", "https://book.qidian.com/info/1011719657", "https://book.qidian.com/info/1011719657", "https://book.qidian.com/info/1011773651", "https://book.qidian.com/info/1011792881", "https://book.qidian.com/info/1011766727", "https://book.qidian.com/info/1011816033", "https://book.qidian.com/info/1011910483", "https://book.qidian.com/info/1011695819", "https://book.qidian.com/info/1011962771", "https://book.qidian.com/info/1011786182", "https://book.qidian.com/info/1011837374", "https://book.qidian.com/info/1011724908"]}