{"ratings": 0.0, "userreviews": [{"userName": "\u6d77\u6cc5", "userReviewDate": "6\u5c0f\u65f6\u524d", "userURL": "https://my.qidian.com/user/306179410", "userReview": "\u90a3\u4e2a\u51e0d\u51e0\u662f\u4ec0\u4e48\u610f\u601d\u554a"}, {"userName": "\u5175\u8005\u8be1\u9053\u4e5fY", "userReviewDate": "13\u5c0f\u65f6\u524d", "userURL": "https://my.qidian.com/user/216969364", "userReview": "\u6211\u770b\u4e0d\u61c2\u5440\uff0c\u54c7\u54c7\u60f3\u54ed\uff01"}, {"userName": "lh9hl", "userReviewDate": "16\u5c0f\u65f6\u524d", "userURL": "https://my.qidian.com/user/169104866", "userReview": "\u4e0d\u662f\u5f88\u6e05\u695a\u65e7\u652f\u548c\u5916\u795e\u533a\u522b"}, {"userName": "kb\u4e36sword", "userReviewDate": "21\u5c0f\u65f6\u524d", "userURL": "https://my.qidian.com/user/221074370", "userReview": "\u8fd9\u672c\u4e66\u4e25\u91cd\u8d85\u6e38\uff0c\u4e0d\u8fc7\u4f5c\u4e3a\u5c0f\u8bf4\u8fd8\u662f\u86ee\u6709\u610f\u601d\u7684"}, {"userName": "\u660e\u5fc3\u89c1\u7ee3", "userReviewDate": "2018-06-07", "userURL": "https://my.qidian.com/user/214768500", "userReview": "\u5c0f\u59d0\u59d0\u5b55\u80b2\u51fa\u7f57\u683c\uff1f\u90a3\u5c0f\u59d0\u59d0\u5c31\u662f\u540d\u82b1\u6709\u4e3b\u4e86\uff0c\u4e3b\u89d2\u8981ntr?"}, {"userName": "\u516d\u516d\u516d\u557e\u557e\u557e", "userReviewDate": "2018-06-07", "userURL": "https://my.qidian.com/user/216566252", "userReview": "\u9ece\u660e\u524d\u5915\u662f\u5220\u4e86\u4e48\uff1f\u600e\u4e48\u627e\u4e0d\u5230\u4e86\uff1f"}, {"userName": "lh9hl", "userReviewDate": "2018-06-07", "userURL": "https://my.qidian.com/user/169104866", "userReview": "\u6211\u770b\u4e86\u8fd9\u4e24\u7ae0\uff0c\u6253\u6df1\u6e0a\u90fd\u6362\u59ec\u5b50"}, {"userName": "\u4e66\u53cb20170615151516252", "userReviewDate": "2018-06-07", "userURL": "https://my.qidian.com/user/303623967", "userReview": "kp:\u53ea\u8981\u5931\u6557\u5c31\u6703\u6295\u5c04\u5230\u73fe\u5be6\uff0c\u986b\u6296\u5427\u51e1\u4eba\uff01\u4ec0\u9ebc\uff01\u73a9\u5bb6\u5011\u7adf\u7136\u89ba\u5f97\u9ed1\u5316O\u723e\u6258\u8389\u96c5\u7d55\u8b9a\uff0c\u9060O\u5bb6\u8a08"}, {"userName": "\u59b9\u7ea2\u9171\u4e36\u8d5b\u9ad8", "userReviewDate": "2018-06-06", "userURL": "https://my.qidian.com/user/210304681", "userReview": "\u8bba\u6296m\u5230\u5e95\u6709\u591a\u5c11\u5c0f\u53f7\uff0c\u5c31\u7b97\u6296m\u73b0\u5728\u4e0d\u9ed1\u8f66\u4e86\uff0c\u8fd8\u662f\u5fc3\u7406\u9634\u5f71\uff0cemmmmm"}, {"userName": "\u5c16\u5854sua", "userReviewDate": "2018-06-06", "userURL": "https://my.qidian.com/user/301028859", "userReview": "\u603b\u611f\u89c9\u592a\u5c40\u9650\u4e8e\u4f20\u7edf\u8dd1\u56e2\u4e86\uff0c\u5982\u679c\u53d1\u5c55\u5230\u5168\u606f\u6295\u5f71\u6e38\u620f\uff0c\u5c31\u7b97\u5931\u8d25\u6709\u5de8\u5927\u635f\u5931\u2026\u2026\u6211\u8ddf\u4f60\u8bb2\uff0c\u613f\u610f\u51b2\u4e0a"}, {"userName": "\u575fSong", "userReviewDate": "2018-06-06", "userURL": "https://my.qidian.com/user/19613715", "userReview": "\u95e8\u5916\u6c49\u7684\u6211\u60f3\u95ee\u4e0b\uff0c\u9ed1\u4e61\u5728coc\u8bb0\u5fc6\u5168\u90e8\u5c01\u9501\u7684\u60c5\u51b5\u4e0b\uff0c\u73b0\u5b9e\u8dd1\u56e2\u5982\u4f55\u8dd1\uff0c\u90a3\u4e0d\u662f\u4e00\u4e0b\u8d85\u6e38\u4e86\u5417\u3002"}, {"userName": "\u5723\u8000\u4eba\u95f4", "userReviewDate": "2018-06-06", "userURL": "https://my.qidian.com/user/217974600", "userReview": "\u54c8\u65af\u5854\u54c8\u54c8\u54c8"}, {"userName": "lh9hl", "userReviewDate": "2018-06-06", "userURL": "https://my.qidian.com/user/169104866", "userReview": "\u8fd9\u624d\u662f\u7b2c\u4e00\u5377"}, {"userName": "\u53f8\u7a7a\u794e\u5bb8", "userReviewDate": "2018-06-06", "userURL": "https://my.qidian.com/user/226335797", "userReview": "\u4f5c\u8005\u52a0\u6cb9\u554a\uff0c\u671f\u5f85\u4e0b\u4e00\u5377"}], "description": "\u8086\u610f\u6325\u6d12\u6fc0\u60c5\u7684\u6e38\u620f\u4eba\u751f\uff0c\u6253\u7834\u73b0\u5b9e\u6846\u67b6\u7684\u65e0\u5c3d\u5e7b\u60f3\uff01", "title": "\u4e0d\u53ef\u540d\u72b6\u7684\u65e5\u8bb0\u7c3f", "url": "https://book.qidian.com/info/1011280743", "average": -1.0, "cover": "//qidian.qpic.cn/qdbimg/349573/1011280743/180", "reviews": -1, "authors": [{"url": "https://me.qidian.com/authorIndex.aspx?id=2350164", "name": "\u60b2\u4f24\u4e4b\u4eba\u7684\u7edd\u5531"}], "type": ["\u6e38\u620f", "\u865a\u62df\u7f51\u6e38"], "outlinks": ["https://book.qidian.com/info/1011280743", "https://book.qidian.com/info/1009812197", "https://book.qidian.com/info/1009812197", "https://book.qidian.com/info/1009268571", "https://book.qidian.com/info/1009268571", "https://book.qidian.com/info/1010799024", "https://book.qidian.com/info/1010799024", "https://book.qidian.com/info/1009247741", "https://book.qidian.com/info/1009247741", "https://book.qidian.com/info/1006286506", "https://book.qidian.com/info/1006286506", "https://book.qidian.com/info/1009667313", "https://book.qidian.com/info/1009667313", "https://book.qidian.com/info/2844526", "https://book.qidian.com/info/2844526", "https://book.qidian.com/info/3079843", "https://book.qidian.com/info/3079843", "https://book.qidian.com/info/3199370", "https://book.qidian.com/info/3199370", "https://book.qidian.com/info/1001757103", "https://book.qidian.com/info/1001757103", "https://book.qidian.com/info/1003457230", "https://book.qidian.com/info/1003457230", "https://book.qidian.com/info/1011944539", "https://book.qidian.com/info/1011967882", "https://book.qidian.com/info/1011856614", "https://book.qidian.com/info/1011979301", "https://book.qidian.com/info/1010667415", "https://book.qidian.com/info/1011736169", "https://book.qidian.com/info/1011797289", "https://book.qidian.com/info/1011808514", "https://book.qidian.com/info/1011901619", "https://book.qidian.com/info/1011962316"]}