{"ratings": 0.0, "userreviews": [{"userName": "\u4e66\u53cb160518231815376", "userReviewDate": "2018-06-07", "userURL": "https://my.qidian.com/user/217368934", "userReview": "\u4f5c\u8005\u52a0\u6cb9\u554a\uff01\u867d\u7136\u4f60\u7684\u4e66\u672c\u672c\u6251\u8857\uff0c\u4f46\u6211\u5f88\u559c\u6b22\u8fd9\u79cd\u98ce\u683c\uff0c\u5bf9\u4e86\uff0c\u80fd\u5c11\u6b7b\u4e9b\u841d\u8389\u4e48\uff1f"}, {"userName": "\u975e\u6d32\u914b\u957f\u7ee7\u627f\u4eba", "userReviewDate": "2018-06-07", "userURL": "https://my.qidian.com/user/304949102", "userReview": "\u4eba\u6c14\u95ee\u9898\u4e3b\u8981\u662f\u5f00\u5934\u770b\u8d77\u6765\u5c31\u662f\u5355\u7eaf\u7684\u8dd1\u56e2\u8bb0\u5f55\u3002\u3002\u3002\u5bf9\u4e8e\u67d0\u4e9b\u6025\u4e00\u4e9b\u7684\u8bfb\u8005\u6765\u8bb2\u53ef\u80fd\u5c31\u5f03\u4e86\u3002\u3002\u3002"}, {"userName": "\u4e66\u53cb160518231815376", "userReviewDate": "2018-06-07", "userURL": "https://my.qidian.com/user/217368934", "userReview": "\u867d\u7136\u4f60\u7684\u4e66\u672c\u672c\u6251\u8857\uff0c\u4f46\u6211\u5f88\u559c\u6b22\u8fd9\u79cd\u6c1b\u56f4\u554a\uff0cemmmmmmmm,\uff01\u8981\u662f\u841d\u8389\u5c11\u6b7b\u4e00\u4e9b\u5c31\u66f4\u597d\u4e86\u3002"}, {"userName": "\u98ce\u4e4b\u4e91\u9704", "userReviewDate": "2018-06-07", "userURL": "https://my.qidian.com/user/231358734", "userReview": "\u6628\u5929\u665a\u4e0a\u770b\u5b8c\u4e86\uff0c\u53d1\u73b0\u5199\u7684\u4ee4\u4eba\u610f\u5916\u7684\u5f88\u597d(\u4e2a\u4eba\u89c1\u89e3)\u3002\u611f\u89c9\u548c\u65e5\u8bb0\u8584\u6bd4\u8d77\u6765\u5c11\u4e86\u5f88\u591a\u7f51\u6e38\u6c14\u606f\uff0c\u611f"}, {"userName": "\u6211\u662f\u9ed1\u9b54\u5bfc", "userReviewDate": "2018-06-06", "userURL": "https://my.qidian.com/user/3207532", "userReview": "\u5076\u7136\u770b\u5230\u8fd9\u672c\u4e66\uff0ccoc\u672c\u6765\u7b97\u662f\u5c0f\u4f17\u3002 \u76ee\u524d\u4f1a\u6bcf\u5929\u90fd\u6295\u63a8\u8350\uff0c\u5982\u679c\u662f\u4e3a\u4e86\u5206\u4eab\u514b\u82cf\u9c81\u8dd1\u56e2\u5e26\u6765\u7684\u6b22"}, {"userName": "\u5415\u5929\u867e13303", "userReviewDate": "2018-06-05", "userURL": "https://my.qidian.com/user/316309795", "userReview": "\u543c\u543c\u543c\u543c\u543c\uff0c\u7b7e\u5230\uff01"}, {"userName": "\u98ce\u4e4b\u4e91\u9704", "userReviewDate": "2018-05-29", "userURL": "https://my.qidian.com/user/231358734", "userReview": "\u8fd9\u4e2a\u53e4\u8302\u5bc6\u6797\u662f7\u7248\u89c4\u5219\u4e66\u4e0a\u7684\u90a3\u4e2a\u5417"}, {"userName": "\u98ce\u4e4b\u4e91\u9704", "userReviewDate": "2018-05-29", "userURL": "https://my.qidian.com/user/231358734", "userReview": "\u53d1\u73b0\u5e7c\u82d7\u60f3\u8981\u5c1d\u8bd5"}, {"userName": "\u9ed1\u68ee\u6797\u7684\u594f\u9e23\u8005", "userReviewDate": "2018-05-19", "userURL": "https://my.qidian.com/user/314846352", "userReview": "\u6b63\u5728\u770b\u514b\u82cf\u9c81\u795e\u8bdd\uff0c\u8fd9\u4e2a\u8fd8\u6ca1\u770b\u5230\uff0c\u5148\u6536\u85cf\u5427"}, {"userName": "\u68a6\u7684\u5475\u5475", "userReviewDate": "2018-05-19", "userURL": "https://my.qidian.com/user/199106460", "userReview": "\u7adf\u7136\u8dd1\u4e86\u5361\u68ee\u5fb7\u62c9\uff0c\u5e0c\u671b\u4f60\u4eec\u80fd\u6491\u5230\u6700\u540e"}, {"userName": "\u82b1\u5f00\u5ff5\u4f0a\u4eba", "userReviewDate": "2018-05-19", "userURL": "https://my.qidian.com/user/115618962", "userReview": "\u53c8\u4e00\u672c\u8dd1\u56e2\u7684\u65b0\u4e66\uff0c\u517b\u80a5\u4e2d"}, {"userName": "\u6797\u601d\u8a00y", "userReviewDate": "2018-05-15", "userURL": "https://my.qidian.com/user/312351848", "userReview": "\u7b7e\u52305\u4e2a\u5b57"}, {"userName": "\u68a6\u7684\u5475\u5475", "userReviewDate": "2018-05-13", "userURL": "https://my.qidian.com/user/199106460", "userReview": "\u5173\u4e8e\u5199\u6cd5\u4f60\u53ef\u4ee5\u53c2\u8003\u4e00\u4e0b\u5176\u4ed6\u6210\u7ee9\u53ef\u4ee5\u7684\u4e66"}, {"userName": "\u6211\u662f\u5927\u9b54\u738b\u55ef\u54c8\u54c8\u54c8", "userReviewDate": "2018-05-12", "userURL": "https://my.qidian.com/user/300927216", "userReview": "\u5148\u8bd5\u8bd5\u6bd2\uff0c\u9898\u6750\u5176\u5b9e\u633a\u597d\u7684"}], "description": "\u3010\u4e8c\u6b21\u5143\u7f51\u6587\u4e4b\u738b\uff1a\u4e00\u5e1d\u56db\u7687\u901a\u7f09\u4ee4\u3011\u53c2\u8d5b\u4f5c\u54c1", "title": "\u4e0d\u53ef\u540d\u72b6\u7684\u6e38\u620f\u5b9e\u51b5", "url": "https://book.qidian.com/info/1011608529", "average": -1.0, "cover": "//qidian.qpic.cn/qdbimg/349573/1011608529/180", "reviews": -1, "authors": [{"url": "https://me.qidian.com/authorIndex.aspx?id=5070076", "name": "\u4eba\u5076\u6ca1\u6709\u8bb0\u5fc6"}], "type": ["\u4e8c\u6b21\u5143", "\u53d8\u8eab\u5165\u66ff", "\u4e8c\u6b21\u5143"], "outlinks": ["https://book.qidian.com/info/1011608529", "https://book.qidian.com/info/1011790963", "https://book.qidian.com/info/1011790963", "https://book.qidian.com/info/1009454060", "https://book.qidian.com/info/1009454060", "https://book.qidian.com/info/1006603393", "https://book.qidian.com/info/1006603393", "https://book.qidian.com/info/1011450553", "https://book.qidian.com/info/1011450553", "https://book.qidian.com/info/1004920679", "https://book.qidian.com/info/1004920679", "https://book.qidian.com/info/1009645408", "https://book.qidian.com/info/1009645408", "https://book.qidian.com/info/3665192", "https://book.qidian.com/info/3665192", "https://book.qidian.com/info/1003598192", "https://book.qidian.com/info/1003598192", "https://book.qidian.com/info/1009367517", "https://book.qidian.com/info/1009367517", "https://book.qidian.com/info/1011443057", "https://book.qidian.com/info/1011977706", "https://book.qidian.com/info/1011970575", "https://book.qidian.com/info/1011722301", "https://book.qidian.com/info/1012058179", "https://book.qidian.com/info/1010868275", "https://book.qidian.com/info/1012020887", "https://book.qidian.com/info/1011904081"]}