{"ratings": 0.0, "userreviews": [{"userName": "\u846c\u4e16\u4ed9", "userReviewDate": "2018-06-03", "userURL": "https://my.qidian.com/user/200686103", "userReview": "\u7ed3\u5c40\uff0c\u4e3b\u89d2\u548c\u8431\u8431\u660e\u6708\u5e78\u798f\u5feb\u4e50\u5730\u751f\u6d3b\u5728\u4e86\u4e00\u8d77\uff0c\u53ef\u6709\u4eba\u60f3\u8fc7\u4e3b\u89d2\u7684\u51e0\u4e2a\u7ea2\u989c\u5728\u4f55\u65b9\uff1f\u534e\u4e91\u4ed9\u867d\u7136\u53ea\u662f"}, {"userName": "\u5feb\u4e50\u5929\u4f7f\u59ae\u6ce5", "userReviewDate": "2018-05-25", "userURL": "https://my.qidian.com/user/4330103", "userReview": "\u4ee5\u524d\u4e0d\u662f\u90fd\u89e3\u7981\u4e86\uff0c\u73b0\u5728\u600e\u4e48\u53c8\u4e0aVIP\u4e86"}, {"userName": "ohman~", "userReviewDate": "2018-05-25", "userURL": "https://my.qidian.com/user/136211424", "userReview": "\u5c31\u6ca1\u4eba\u8ddf\u6211\u4e00\u6837\u89c9\u5f97\u8fb0\u4e1c\u7684\u4e66\u662f\u7ed9\u5c0f\u5b66\u751f\u770b\u7684\uff1f"}, {"userName": "\u5982\u679c\u56de\u5230\u4ece\u524d\u4e00\u5207\u662f\u5426\u6539\u53d8", "userReviewDate": "2018-05-14", "userURL": "https://my.qidian.com/user/314306602", "userReview": "\u8fd9\u672c\u5c0f\u8bf4\u8fd8\u53ef\u4ee5\uff0c\u503c\u5f97\u4e00\u770b\uff01"}, {"userName": "\u7d05\u5875\u6cea", "userReviewDate": "2018-05-10", "userURL": "https://my.qidian.com/user/6955003", "userReview": "\u7b7e\u5230(\u0e51\u2022\u0300\u0952 \u0eb9\u0952\u2022\u0301\u0e51)\u5566\u5566\u5566"}, {"userName": "\u4e66\u53cb20180330155949296", "userReviewDate": "2018-04-30", "userURL": "https://my.qidian.com/user/315192119", "userReview": "\u7b7e\u5230\u8981\u7ecf\u9a8c"}, {"userName": "\u4e2d\u534e\u81f3\u5c0aFZH", "userReviewDate": "2018-04-26", "userURL": "https://my.qidian.com/user/312017042", "userReview": "\u7b7e\u5230\u6c34\u7ecf\u9a8c"}, {"userName": "\u4e2d\u534e\u81f3\u5c0aFZH", "userReviewDate": "2018-04-26", "userURL": "https://my.qidian.com/user/312017042", "userReview": "\u7b7e\u5230\u6c34\u7ecf\u9a8c"}, {"userName": "\u4e2d\u534e\u81f3\u5c0aFZH", "userReviewDate": "2018-04-26", "userURL": "https://my.qidian.com/user/312017042", "userReview": "\u7b7e\u5230\u6c34\u7ecf\u9a8c"}, {"userName": "\u4e2d\u534e\u81f3\u5c0aFZH", "userReviewDate": "2018-04-26", "userURL": "https://my.qidian.com/user/312017042", "userReview": "\u7b7e\u5230\u6c34\u7ecf\u9a8c"}, {"userName": "\u4e2d\u534e\u81f3\u5c0aFZH", "userReviewDate": "2018-04-26", "userURL": "https://my.qidian.com/user/312017042", "userReview": "\u7b7e\u5230\u6c34\u7ecf\u9a8c"}, {"userName": "\u4e2d\u534e\u81f3\u5c0aFZH", "userReviewDate": "2018-04-26", "userURL": "https://my.qidian.com/user/312017042", "userReview": "\u7b7e\u5230\u6c34\u7ecf\u9a8c"}, {"userName": "\u4e2d\u534e\u81f3\u5c0aFZH", "userReviewDate": "2018-04-26", "userURL": "https://my.qidian.com/user/312017042", "userReview": "\u7b7e\u5230\u6c34\u7ecf\u9a8c"}, {"userName": "\u4e2d\u534e\u81f3\u5c0aFZH", "userReviewDate": "2018-04-26", "userURL": "https://my.qidian.com/user/312017042", "userReview": "\u7b7e\u5230\u6c34\u7ecf\u9a8c"}], "description": "\u501f\u4e09\u5c3a\u660e\u6708\uff0c\u8854\u4e24\u8896\u9752\u9f99\uff0c\u8f7b\u5251\u5feb\u9a6c\u6063\u610f\uff0c\u643a\u4fa3\u6c5f\u6e56\u540c\u6e38\uff01", "title": "\u4e0d\u6b7b\u4e0d\u706d", "url": "https://book.qidian.com/info/20117", "average": -1.0, "cover": "//qidian.qpic.cn/qdbimg/349573/20117/180", "reviews": -1, "authors": [{"url": "https://me.qidian.com/authorIndex.aspx?id=4362453", "name": "\u8fb0\u4e1c"}], "type": ["\u6b66\u4fa0", "\u6b66\u4fa0\u5e7b\u60f3"], "outlinks": ["https://book.qidian.com/info/20117", "https://book.qidian.com/info/1006441087", "https://book.qidian.com/info/1006441087", "https://book.qidian.com/info/1003786485", "https://book.qidian.com/info/1003786485", "https://book.qidian.com/info/1003527421", "https://book.qidian.com/info/1003527421", "https://book.qidian.com/info/1010138672", "https://book.qidian.com/info/1010138672", "https://book.qidian.com/info/1009907155", "https://book.qidian.com/info/1009907155", "https://book.qidian.com/info/1004994594", "https://book.qidian.com/info/1004994594", "https://book.qidian.com/info/63856", "https://book.qidian.com/info/63856", "https://book.qidian.com/info/1097850", "https://book.qidian.com/info/1097850", "https://book.qidian.com/info/1735921", "https://book.qidian.com/info/1735921", "https://book.qidian.com/info/2952453", "https://book.qidian.com/info/2952453", "https://book.qidian.com/info/1004608738", "https://book.qidian.com/info/1004608738", "https://book.qidian.com/info/1011815974", "https://book.qidian.com/info/1011216976", "https://book.qidian.com/info/1012036528", "https://book.qidian.com/info/1011985057", "https://book.qidian.com/info/1011631528", "https://book.qidian.com/info/1011928444", "https://book.qidian.com/info/1011771234", "https://book.qidian.com/info/1011973127", "https://book.qidian.com/info/1005784137", "https://book.qidian.com/info/1011916945"]}