{"ratings": 0.0, "userreviews": [{"userName": "\u9b5a\u91cc", "userReviewDate": "2018-04-29", "userURL": "https://my.qidian.com/user/222549422", "userReview": "\u5728\u8fd9\u91cc\u53ef\u4ee5\u7545\u6240\u6b32\u8a00\uff0c\u4efb\u4f55\u610f\u89c1\u5efa\u8bae\u6216\u8005\u770b\u6cd5\u90fd\u53ef\u4ee5\u5bf9\u6211\u8bf4\u3002\u6765\u5427\uff01\u5411\u6211\u5f00\u70ae\uff01\u5f53\u7136\uff0c\u5982\u679c\u60f3\u8981\u4e0e\u6211\u66f4"}, {"userName": "\u4e66\u53cb20180123090437567", "userReviewDate": "2\u5c0f\u65f6\u524d", "userURL": "https://my.qidian.com/user/312931156", "userReview": "\u4f60\u53ef\u80fd\u5bf9\u6253\u6e38\u620f\u7684\u5b85\u7537\u8eab\u4f53\u6709\u6df1\u6df1\u7684\u8bef\u89e3"}, {"userName": "\u827e\u9f24", "userReviewDate": "15\u5c0f\u65f6\u524d", "userURL": "https://my.qidian.com/user/174807212", "userReview": "\u8def\u904e\u6c34\u7d93\u9a57~"}, {"userName": "\u5241\u6912\u714e\u725b\u6392", "userReviewDate": "2018-06-07", "userURL": "https://my.qidian.com/user/219593508", "userReview": "\u542c\u8bf4\u4e0d\u79cd\u9a6c\u4e0d\u540e\u5bab\uff0c\u4e5f\u4e0d\u8fdb\u5bab\uff0c\u66f4\u4e0d\u540e\u653b\u7684\u6d77\u8d3c\u540c\u4eba\uff01\u6536\u85cf\u770b\u770b\uff01"}, {"userName": "\u6728\u9752\u866b\u5fc3", "userReviewDate": "2018-06-07", "userURL": "https://my.qidian.com/user/212895204", "userReview": "\u8fd9\u672c\u4e66\u6211\u5df2\u7ecf\u4e0d\u770b\u4e86\u5076\u7136\u518d\u6b21\u770b\u5230\uff0c\u6765\u5410\u69fd\u4e00\u4e0b\u3002\u672c\u6765\u6211\u770b\u7684\u597d\u597d\u7684\uff0c\u5bf9\u6587\u98ce\u4ec0\u4e48\u7684\u4e5f\u633a\u559c\u6b22\u3002\u53ef\u662f\u4f60"}, {"userName": "\u9171\u6cb9\u961f\u957f", "userReviewDate": "2018-05-30", "userURL": "https://my.qidian.com/user/173072551", "userReview": "\u8bdd\u8bf4\u2026\u2026\u822a\u6d77\u58eb\u5a1c\u7f8e\u90fd\u548c\u4e3b\u89d2\u8d70\u4e86\u3002\u90a3\u4e48\u8def\u98de\u51fa\u6d77\u7684\u65f6\u5019\u5c82\u4e0d\u662f\u8981\u4e00\u76f4\u5e26\u7740\u7d22\u9686\u548c\u5c71\u6cbb\u4e00\u76f4\u5728\u4e1c\u6d77\u8f6c\u5708"}, {"userName": "\u5947\u5f02\u9a91\u58eb", "userReviewDate": "2018-05-20", "userURL": "https://my.qidian.com/user/314664501", "userReview": "\u4e0d\u5408\u7406\uff0c\u7b2c\u4e00\u6b21\u6218\u6597\u7684\u65f6\u5019\uff0c\u770b\u5230\u5251\u6253\u8fc7\u6765\uff0c\u4eba\u80af\u5b9a\u7728\u773c\uff0c\u53c8\u4e0d\u7ecf\u5e38\u6253\u67b6\u6216\u8005\u7ecf\u5e38\u5bf9\u51b3\uff0c\u4e5f\u6ca1\u6709\u4e00\u51fa\u6765"}, {"userName": "\u3003Nice", "userReviewDate": "2018-03-26", "userURL": "https://my.qidian.com/user/187973921", "userReview": "\u74dc\u76ae\u7684\u4e9a\u7d22\u559c\u611f\u5341\u8db3"}, {"userName": "\u65e0\u9650\u4e0d\u53ef\u803b", "userReviewDate": "2018-03-16", "userURL": "https://my.qidian.com/user/218127413", "userReview": "\u4e00\u672c\u4e0d\u8ddf\u4e3b\u7ebf\u5267\u60c5\u53d1\u5c55\u7684\uff0c\u4ee5\u4e2a\u4eba\u4e3a\u4e2d\u5fc3\u70b9\u5f00\u59cb\uff0c\u4e0d\u56f4\u7ed5\u7740\u4e3b\u89d2\u8def\u98de\uff0c\u6709\u70b9\u5c0f\u767d\uff0c\u4f46\u5f88\u723d\u5f88\u591a\u723d\u70b9\u3002"}, {"userName": "\u2121\u7334\u5b50\u8bf7\u6765\u7684", "userReviewDate": "2018-03-11", "userURL": "https://my.qidian.com/user/202335720", "userReview": "\u8eab\u7a7f\uff1f\u90a3\u6cd5\u533b\u662f\u4ece\u54ea\u91cc\u5f97\u51fa\u7684\u731d\u6b7b\uff1f\u4e0d\u662f\u5e94\u8be5\u5931\u8e2a\uff1f"}, {"userName": "\u4e66\u53cb20170410204153336", "userReviewDate": "2018-03-09", "userURL": "https://my.qidian.com/user/300333781", "userReview": "\u6ca1\u60f3\u5230\u554a\uff0c\u770b\u5230\u6700\u540e\u672c\u4eba\u5f88\u751f\u6c14\u3002\u5c45\u7136\u53c8\u8dd1\u5230\u706b\u5f71\u4e16\u754c\uff0c\u8fd8\u662f\u4e2a\u5f00\u5934\uff0c\u732a\u811a\u6700\u540e\u8fd8\u662f\u4e2a\u5904\u7537\u3002\u5509\uff0c\u53ef\u60dc"}, {"userName": "\u7eaa\u4e09\u5c81", "userReviewDate": "2018-02-19", "userURL": "https://my.qidian.com/user/221211769", "userReview": "\u540d\u58f0\uff0c\u8d22\u5bcc\uff0c\u529b\u91cf\uff0c******\u6709\u6ca1\u6709\u548c\u6211\u4e00\u6837\u770b\u9519\u7684"}, {"userName": "\u65c5\u884c\u7684\u8def\u4e0ao", "userReviewDate": "2018-02-09", "userURL": "https://my.qidian.com/user/304969697", "userReview": "\u9738\u738b\u8272\u53ea\u80fd\u9707\u6655\u70ae\u7070\u7684\u3002\u8fd9\u91cc\u6709\u70b9\u5938\u5f20\u4e86\u3002\u529b\u91cf\u4f53\u7cfb\u6709\u70b9\u4e71\u3002"}, {"userName": "\u4e66\u53cb161029204210376", "userReviewDate": "2018-02-07", "userURL": "https://my.qidian.com/user/224935820", "userReview": "\u770b\u5230\u5996\u5200\u80fd\u60f3\u4eba\u4e00\u6837\u601d\u8003\u8bf4\u8bdd\uff0c\u8fd8\u662f\u4e2a\u9017b\u2026\u2026\u2026\u2026\u6211\u5c31\u64a4\u4e86"}], "description": "\u6fc0\u840c\u7684\u841d\u8389\uff0c\u70ed\u8840\u7684\u5c11\u5e74\uff0c\u4e3a\u6253\u7834\u6b21\u5143\u58c1\u4e00\u5f80\u65e0\u524d\uff01", "title": "\u4e0d\u60f3\u5f53\u6d77\u8d3c\u738b\u7684\u5251\u8c6a\u5927\u4eba", "url": "https://book.qidian.com/info/1009766803", "average": -1.0, "cover": "//qidian.qpic.cn/qdbimg/349573/1009766803/180", "reviews": -1, "authors": [{"url": "https://me.qidian.com/authorIndex.aspx?id=8502503", "name": "\u7237\u9165\u4e86"}], "type": ["\u4e8c\u6b21\u5143", "\u884d\u751f\u540c\u4eba", "\u4e8c\u6b21\u5143"], "outlinks": ["https://book.qidian.com/info/1009766803", "https://book.qidian.com/info/1010775322", "https://book.qidian.com/info/1010775322", "https://book.qidian.com/info/1010826002", "https://book.qidian.com/info/1010826002", "https://book.qidian.com/info/1010577496", "https://book.qidian.com/info/1010577496", "https://book.qidian.com/info/1010795394", "https://book.qidian.com/info/1010795394", "https://book.qidian.com/info/1010805299", "https://book.qidian.com/info/1010805299", "https://book.qidian.com/info/1010885608", "https://book.qidian.com/info/1010885608", "https://book.qidian.com/info/1011159002", "https://book.qidian.com/info/1011159002", "https://book.qidian.com/info/1011443057", "https://book.qidian.com/info/1011977706", "https://book.qidian.com/info/1011970575", "https://book.qidian.com/info/1011722301", "https://book.qidian.com/info/1012058179", "https://book.qidian.com/info/1010868275", "https://book.qidian.com/info/1012020887", "https://book.qidian.com/info/1011904081"]}