{"ratings": 0.0, "userreviews": [{"userName": "\u5415\u5929\u867e13565", "userReviewDate": "\u6628\u65e500:04", "userURL": "https://my.qidian.com/user/316842674", "userReview": "\u7b7e\u4e2a\u6c34\u7ecf\u9a8c\u3002"}, {"userName": "\u65a9\u4e50cs", "userReviewDate": "2018-06-04", "userURL": "https://my.qidian.com/user/197068797", "userReview": "\u6536\u85cf\u8bc4\u8bba\u70b9\u51fb\u63a8\u8350\u7968\u8ba2\u9605\u4e00\u6ce2\uff0c\u8d70\u8fc7\u8def\u8fc7\u522b\u5fd8\u8bb0\u4e86\u554a\uff01"}, {"userName": "\u8d77\u540d\u4ec0\u4e48\u7684\u597d\u96be\u8bf6", "userReviewDate": "2018-05-29", "userURL": "https://my.qidian.com/user/314569785", "userReview": "\u5df2\u6253\u8d4f\uff0c\u7ee7\u7eed\u65e5\u4e07\uff0c\u4f60\u7684\u7c89\u4e1d\u699c\u9996\u6211\u627f\u5305\u4e86\uff01"}, {"userName": "\u5bb8\u662d", "userReviewDate": "2018-05-29", "userURL": "https://my.qidian.com/user/308043249", "userReview": "\u6355\u6349\u5230\u4e00\u53ea\u65b0\u9c9c\u7684\u5341\u65b9\u5927\u5927\uff0c\u8981\u6e05\u84b8\u8fd8\u662f\u5364\u716e?"}, {"userName": "\u5927\u83e0\u841d\u51e4\u68a8", "userReviewDate": "2018-05-26", "userURL": "https://my.qidian.com/user/308341552", "userReview": "\u5199\u7684\u5f88\u4e0d\u9519\uff0c\u8ffd\u5b9a\u4e86\uff0c\u4f5c\u8005\u7ee7\u7eed\u65e5\u66f4\u4e07\u5b57\u554a\uff01\uff01\uff01\uff01"}, {"userName": "\u67d0\u53ea\u8def\u8fc7\u7684\u9ec4\u9e2d", "userReviewDate": "2018-05-25", "userURL": "https://my.qidian.com/user/313992511", "userReview": "\u560e\u560e\u560e\u560e\u560e"}, {"userName": "\u8d77\u540d\u4ec0\u4e48\u7684\u597d\u96be\u8bf6", "userReviewDate": "2018-05-18", "userURL": "https://my.qidian.com/user/314569785", "userReview": "\u7ec8\u4e8e\u88ab\u6211\u627e\u5230\u4e86\uff01\u5bfb\u627e\u5f02\u57df\u5c38\u738b\u7684\u5728\u8fd9\u91cc\uff01\u5657\u5657\u5657\uff01\uff01\u6253\u5361\u6ef4\uff01"}], "description": "\u9b54\u517d\u8df5\u8e0f\uff0c\u5de8\u9f99\u5486\u54ee\uff0c\u5deb\u5e08\u8bc5\u5492\uff0c\u9b54\u6cd5\u7480\u74a8\u4e4b\u5149\u7167\u8000\u77e5\u8bc6\u706f\u5854\uff01", "title": "\u4e0d\u6b7b\u8005\u7684\u5f81\u9014", "url": "https://book.qidian.com/info/1011986850", "average": -1.0, "cover": "//qidian.qpic.cn/qdbimg/349573/1011986850/180", "reviews": -1, "authors": [{"url": "https://me.qidian.com/authorIndex.aspx?id=402035761", "name": "\u5341\u65b9\u8c0b\u58eb"}], "type": ["\u5947\u5e7b", "\u53e6\u7c7b\u5e7b\u60f3"], "outlinks": ["https://book.qidian.com/info/1011986850", "https://book.qidian.com/info/1011424531", "https://book.qidian.com/info/1011424531", "https://book.qidian.com/info/1004073922", "https://book.qidian.com/info/1004073922", "https://book.qidian.com/info/1011775411", "https://book.qidian.com/info/1011775411", "https://book.qidian.com/info/1011291999", "https://book.qidian.com/info/1011291999", "https://book.qidian.com/info/1009719184", "https://book.qidian.com/info/1009719184", "https://book.qidian.com/info/1003899336", "https://book.qidian.com/info/1003899336", "https://book.qidian.com/info/1011477653", "https://book.qidian.com/info/1011477653", "https://book.qidian.com/info/1011783317", "https://book.qidian.com/info/1011783317", "https://book.qidian.com/info/1011194349", "https://book.qidian.com/info/1011966445", "https://book.qidian.com/info/1011923635", "https://book.qidian.com/info/1011996030", "https://book.qidian.com/info/1011894816", "https://book.qidian.com/info/1011954628", "https://book.qidian.com/info/1011324769", "https://book.qidian.com/info/1005209240", "https://book.qidian.com/info/1011806768", "https://book.qidian.com/info/1011417251"]}