{"ratings": 0.0, "userreviews": [{"userName": "\u5c0f\u7c73\u79d1\u83ab", "userReviewDate": "2018-05-19", "userURL": "https://my.qidian.com/user/214417689", "userReview": "\u8fd9\u672c\u4e66\uff0c\u662f\u9752\u94dc\u4e66\uff0c\u8fd8\u662f\u4e00\u672c\u4f4e\u667a\u4e66\uff0c\uff0c\u5982\u679c\u4f60\u662f15\u5c81\u4ee5\u4e0a\u7684\uff0c\u5c31\u4e0d\u8981\u770b\u4e86\uff0c\u4f60\u4f1a\u8c22\u6211\u7684"}, {"userName": "\u5341\u5e74\u4e66\u866b2017", "userReviewDate": "2018-05-10", "userURL": "https://my.qidian.com/user/231573048", "userReview": "\u8bf4\u4e0d\u4e0a\u4e0d\u597d\u770b  \u6ca1\u5565\u723d\u70b9  \u6bd2\u70b9\u4e0d\u591a  \u6ca1\u5565\u610f\u601d"}, {"userName": "\u8bdd\u4e0d\u67d3", "userReviewDate": "2018-05-07", "userURL": "https://my.qidian.com/user/210533298", "userReview": "\u624d\u4e00\u4e07\u591a\u4eba\u770b\u8fc7\u5c31\u6709\u56db\u767e\u591a\u6708\u7968\u4e86\uff0c\u55de\u55de\uff0c\u6709\u795e\u519c\u5417?"}, {"userName": "\u7190\u76ee", "userReviewDate": "2018-05-07", "userURL": "https://my.qidian.com/user/202429702", "userReview": "\u4ec0\u4e48\u60c5\u51b5\uff0c\u4e00\u4e2a\u8bc4\u8bba\u90fd\u6ca1\u6709\uff1f\uff1f\uff1f"}, {"userName": "Ljun", "userReviewDate": "2018-04-22", "userURL": "https://my.qidian.com/user/474234", "userReview": "\u8eab\u8fb9\u59b9\u5b50\u8d8a\u591a\u8d28\u91cf\u8d8a\u9ad8\u5b9e\u529b\u5c31\u8d8a\u5f3a"}, {"userName": "\u81ea\u7136\u98ce\u683c", "userReviewDate": "2018-04-16", "userURL": "https://my.qidian.com/user/130609723", "userReview": "\u597d\u5947\u602a\uff0c\u662f\u90fd\u5220\u4e86\u5417"}], "description": "\u5fc3\u6f6e\u6f8e\u6e43\uff0c\u65e0\u9650\u5e7b\u60f3\uff0c\u8fce\u98ce\u6325\u51fb\u5343\u5c42\u6d6a\uff0c\u5c11\u5e74\u4e0d\u8d25\u70ed\u8840\uff01", "title": "\u4e0d\u6b7b\u5251\u4fee", "url": "https://book.qidian.com/info/1011126556", "average": -1.0, "cover": "//qidian.qpic.cn/qdbimg/349573/1011126556/180", "reviews": -1, "authors": [{"url": "https://me.qidian.com/authorIndex.aspx?id=401634010", "name": "\u5b87\u5b99\u4e2d\u884c\u8d70"}], "type": ["\u7384\u5e7b", "\u4e1c\u65b9\u7384\u5e7b"], "outlinks": ["https://book.qidian.com/info/1011126556", "https://book.qidian.com/info/1009329519", "https://book.qidian.com/info/1009329519", "https://book.qidian.com/info/20", "https://book.qidian.com/info/20", "https://book.qidian.com/info/110", "https://book.qidian.com/info/110", "https://book.qidian.com/info/128", "https://book.qidian.com/info/128", "https://book.qidian.com/info/878", "https://book.qidian.com/info/878", "https://book.qidian.com/info/1479", "https://book.qidian.com/info/1479", "https://book.qidian.com/info/1011988403", "https://book.qidian.com/info/1009595922", "https://book.qidian.com/info/1011844784", "https://book.qidian.com/info/1011892497", "https://book.qidian.com/info/1011095320", "https://book.qidian.com/info/1011996851", "https://book.qidian.com/info/1011856434", "https://book.qidian.com/info/1011879207", "https://book.qidian.com/info/1011833256", "https://book.qidian.com/info/1011967674"]}