{"ratings": 0.0, "userreviews": [{"userName": "\u6469\u8bc3\u65e0\u91cf0", "userReviewDate": "2017-10-11", "userURL": "https://my.qidian.com/user/213714302", "userReview": "\u6240\u6709\u5e7f\u544a\u8bf7\u5728\u8fd9\u91cc\u6253\uff0c\u5728\u5916\u9762\u4e00\u5f8b\u6c38\u7981\u5220\u9664\uff0c\u8c22\u8c22\u914d\u5408\u3002"}, {"userName": "\u6469\u8bc3\u65e0\u91cf0", "userReviewDate": "2017-09-22", "userURL": "https://my.qidian.com/user/213714302", "userReview": "\u5982\u679c\u5927\u5bb6\u6709\u4ec0\u4e48\u542c\u4e0a\u53bb\u5f88\u6709\u903c\u683c\u7684\u98de\u5251\u6cd5\u5b9d\uff0c\u53ef\u4ee5\u5728\u6b64\u697c\u53d1\u8d34\u3002\u683c\u5f0f\uff1a\u6cd5\u5b9a/\u98de\u5251\u540d\uff0c\u4ecb\u7ecd\u3002\u5c5e\u6027\uff0c\u9644"}, {"userName": "\u6469\u8bc3\u65e0\u91cf0", "userReviewDate": "2017-05-13", "userURL": "https://my.qidian.com/user/213714302", "userReview": "\u5929\u5929\u60f3\u65b0\u5267\u60c5\u5b9e\u5728\u662f\u5fc3\u7d2f\uff0c\u51b3\u5b9a\u96c6\u601d\u5e7f\u76ca\uff0c\u5927\u5bb6\u6709\u4ec0\u4e48\u89c9\u5f97\u597d\u7684\u5267\u60c5\u53ef\u4ee5\u5728\u4e0b\u9762\u56de\u590d\uff0c\u6211\u770b\u4e86\u89c9\u5f97\u597d\u7684"}, {"userName": "\u6e56\u4e4b\u5149", "userReviewDate": "2018-05-27", "userURL": "https://my.qidian.com/user/133032684", "userReview": "\u517b\u4e86\u767e\u591a\u7ae0\u76f4\u63a5\u5c31\u517b\u6b7b\u4e86"}, {"userName": "\u4fee\u94c1", "userReviewDate": "2018-05-20", "userURL": "https://my.qidian.com/user/103429592", "userReview": "\u770b\u5230\u73b0\u5728 \u56de\u987e\u62c9\u4e0b\u8fdb\u5ea6 \u6700\u5927\u7684\u8d25\u7b14\u795e\u8bdd\u795e\u8bdd\u7ea7\u7ea2\u4f1e\u5973 \u8fd9\u4e2a\u4f5c\u8005\u7684\u8001\u6bdb\u75c5 \u867d\u7136\u6ca1\u4ee5\u524d\u7684\u7a81\u7136\u7684\u81ea"}, {"userName": "\u80e1\u5bb6\u541b", "userReviewDate": "2018-05-12", "userURL": "https://my.qidian.com/user/219665381", "userReview": "\u5c0f\u8bf4\u8bbe\u5b9a\u4e0d\u9519\uff0c\u4f46\u662f\u88ab\u5199\u5e9f\u4e86\uff0c\u4e3b\u89d2\u89c9\u9192\u6700\u9876\u7ea7\u7684\u5de8\u517d\u8840\u8109\uff0c\u8fd8\u548c \u5e9f \u7269 \u6ca1\u4e24\u6837\uff0c\u8981\u77e5\u9053\u89c9\u9192\u8840\u8109"}, {"userName": "\u4e66\u53cb20171212182040680", "userReviewDate": "2018-04-30", "userURL": "https://my.qidian.com/user/311675647", "userReview": "\u672c\u6765\u633a\u559c\u6b22\u8fd9\u4e2a\u8bbe\u5b9a\uff0c\u4f46\u4f5c\u8005\u786c\u662f\u628a\u4ed6\u7ed9\u5199\u6bc1\u4e86"}, {"userName": "\u661f\u7a7a\u7269\u8bed666", "userReviewDate": "2018-04-14", "userURL": "https://my.qidian.com/user/306229851", "userReview": "\u7b7e\u5230\u6c34\u7ecf\u9a8c"}, {"userName": "\u5929\u5c11\u964d\u4e34", "userReviewDate": "2018-02-17", "userURL": "https://my.qidian.com/user/308700195", "userReview": "\u88ab\u4e66\u540d\u548c\u5b8c\u672c\u5b57\u6570\u591a\u5438\u5f15\u8fdb\u6765\uff0c\u4ed4\u7ec6\u4e00\u770b\u7adf\u7136\u662f\u7f51\u6e38\u3002\u3002\u3002\u65e0\u8bed\u4e86"}, {"userName": "\u68ee\u6797A\u77f3\u5934", "userReviewDate": "2018-02-17", "userURL": "https://my.qidian.com/user/157584863", "userReview": "\u8fd9\u672c\u4e66\u5417\uff0c\u4e00\u822c\uff0c\u6bd2\u70b9\u4e0d\u5c11\uff0c\u504f\u5c0f\u767d\uff0c\u4f46\u662f******\u8bfb\u8005\u66f4\u591a\uff0c\u7ae0\u8282\u8bf4\u5efa\u8bae\u4e0d\u8981\u5f00\u3002\u6211\u770b\u7740\u90a3\u4e9b\u4e00"}, {"userName": "\u62e5\u62b1\u5b87\u5b99", "userReviewDate": "2018-01-29", "userURL": "https://my.qidian.com/user/213754343", "userReview": "\u7b7e\u5230\u3002\u3002\u3002"}, {"userName": "\u5251\u8005", "userReviewDate": "2018-01-19", "userURL": "https://my.qidian.com/user/424887", "userReview": "\u4e3b\u89d2\u7684\u6027\u683c\u4e0d\u559c\u6b22\uff0c\u770b\u4e0d\u4e0b\u53bb"}, {"userName": "\u5251\u8005", "userReviewDate": "2018-01-18", "userURL": "https://my.qidian.com/user/424887", "userReview": "\u7ed3\u5c3e\u597d\u96be\u770b\u554a"}, {"userName": "\u5251\u8005", "userReviewDate": "2018-01-17", "userURL": "https://my.qidian.com/user/424887", "userReview": "\u4e0d\u7528\u8bf4\uff0c\u8d8a\u770b\u8d8a\u7cbe\u5f69\uff01"}], "description": "\u8086\u610f\u6325\u6d12\u6fc0\u60c5\u7684\u6e38\u620f\u4eba\u751f\uff0c\u6253\u7834\u73b0\u5b9e\u6846\u67b6\u7684\u65e0\u5c3d\u5e7b\u60f3\uff01", "title": "\u4e0d\u673d\u9053\u679c", "url": "https://book.qidian.com/info/1004977731", "average": -1.0, "cover": "//qidian.qpic.cn/qdbimg/349573/1004977731/180", "reviews": -1, "authors": [{"url": "https://me.qidian.com/authorIndex.aspx?id=5073378", "name": "\u65e0\u91cf\u6469\u8bc3"}], "type": ["\u6e38\u620f", "\u865a\u62df\u7f51\u6e38"], "outlinks": ["https://book.qidian.com/info/1004977731", "https://book.qidian.com/info/1010707468", "https://book.qidian.com/info/1010707468", "https://book.qidian.com/info/1010860381", "https://book.qidian.com/info/1010860381", "https://book.qidian.com/info/1010702972", "https://book.qidian.com/info/1010702972", "https://book.qidian.com/info/1010799373", "https://book.qidian.com/info/1010799373", "https://book.qidian.com/info/1010922231", "https://book.qidian.com/info/1010922231", "https://book.qidian.com/info/1010673591", "https://book.qidian.com/info/1010673591", "https://book.qidian.com/info/3665906", "https://book.qidian.com/info/3665906", "https://book.qidian.com/info/1003582510", "https://book.qidian.com/info/1003582510", "https://book.qidian.com/info/1010473170", "https://book.qidian.com/info/1010473170", "https://book.qidian.com/info/1011776636", "https://book.qidian.com/info/1011776636", "https://book.qidian.com/info/1011944539", "https://book.qidian.com/info/1011967882", "https://book.qidian.com/info/1011856614", "https://book.qidian.com/info/1011979301", "https://book.qidian.com/info/1010667415", "https://book.qidian.com/info/1011736169", "https://book.qidian.com/info/1011797289", "https://book.qidian.com/info/1011808514", "https://book.qidian.com/info/1011901619", "https://book.qidian.com/info/1011962316"]}