{"ratings": 0.0, "userreviews": [{"userName": "\u821e\u6708\u5c14\u7075\u5c14\u821e", "userReviewDate": "2018-03-27", "userURL": "https://my.qidian.com/user/311326505", "userReview": "\u821e\u6708\u5c14\u7075\u5c14\u821e\u6253\u8d4f\u9e45\u662f\u8001\u4e94 50000\u8d77\u70b9\u5e01  \u4e0d\u673d\u51e1\u4eba"}, {"userName": "\u4e66\u53cb171220093715835", "userReviewDate": "2017-12-30", "userURL": "https://my.qidian.com/user/230663746", "userReview": "\u4e66\u53cb171220093715835\u6253\u8d4f\u9e45\u662f\u8001\u4e94 50000\u8d77\u70b9\u5e01  \u4e0d\u673d\u51e1\u4eba"}, {"userName": "\u6deb\u5e1d\u4ed6\u7239", "userReviewDate": "2017-12-06", "userURL": "https://my.qidian.com/user/213318237", "userReview": "\u6deb\u5e1d\u4ed6\u7239\u6253\u8d4f\u9e45\u662f\u8001\u4e94 1000000\u8d77\u70b9\u5e01  \u6211\u4eec\u4e0a\u5e8a\u5427\u54c8\u54c8\u54c8"}, {"userName": "\u5976\u633a\u54e5", "userReviewDate": "2017-12-03", "userURL": "https://my.qidian.com/user/226156492", "userReview": "\u5976\u633a\u54e5\u6253\u8d4f\u9e45\u662f\u8001\u4e94 50000\u8d77\u70b9\u5e01  \u4e0d\u673d\u51e1\u4eba"}, {"userName": "Cover\u4e36\u9e45\u662f\u8001\u4e94", "userReviewDate": "2\u5c0f\u65f6\u524d", "userURL": "https://my.qidian.com/user/218592514", "userReview": "\u65b0\u6765\u7684\u670b\u53cb\u8fd8\u4e0d\u80fd\u6295\u63a8\u8350\u7968\u7ed9\u4e94\u54e5\u6211\u6559\u4f60  \u4f60\u6bcf\u5929\u767b\u5f552\u70b9 \u7b7e\u523010\u70b9\u8fd8\u6709\u8d77\u70b9\u5e01 \u7136\u540e\u6765\u4e94\u54e5\u5c0f"}, {"userName": "yourtlbb", "userReviewDate": "2\u5c0f\u65f6\u524d", "userURL": "https://my.qidian.com/user/130614665", "userReview": "\u7b7e\u5230\u6c34\u7ecf\u9a8c"}, {"userName": "\u5065\u6ee1\u6ee1", "userReviewDate": "2\u5c0f\u65f6\u524d", "userURL": "https://my.qidian.com/user/223357101", "userReview": "\u6211\u7b49\u5230\u82b1\u513f\u4e5f\u8c22\u4e86"}, {"userName": "\u5b87\u68502006", "userReviewDate": "4\u5c0f\u65f6\u524d", "userURL": "https://my.qidian.com/user/218603805", "userReview": "\u5df2\u6295\u63a8\u8350\u7968"}, {"userName": "\u5b87\u68502006", "userReviewDate": "4\u5c0f\u65f6\u524d", "userURL": "https://my.qidian.com/user/218603805", "userReview": "\u5df2\u6295\u63a8\u8350\u7968"}, {"userName": "\u75f4\u9605\u6c49", "userReviewDate": "5\u5c0f\u65f6\u524d", "userURL": "https://my.qidian.com/user/223356529", "userReview": "\u6bcf\u5929\u7b7e\u5230\u5e76\u6295\u63a8\u8350\u7968\u652f\u6301\u4f60"}, {"userName": "\u7530\u4e00\u6e90", "userReviewDate": "6\u5c0f\u65f6\u524d", "userURL": "https://my.qidian.com/user/188185647", "userReview": "\u4eca\u5929\u53c8\u6765\u4e86"}, {"userName": "\u7b80\u5355\u7684\u4e00~\u4e00", "userReviewDate": "12\u5c0f\u65f6\u524d", "userURL": "https://my.qidian.com/user/303629286", "userReview": "\u53ea\u662f\u6765\u7b7e\u5230\u6df7\u7ecf\u9a8c"}, {"userName": "wx\u6613\u6c34\u5bd2", "userReviewDate": "13\u5c0f\u65f6\u524d", "userURL": "https://my.qidian.com/user/190639513", "userReview": "\u7b7e\u5230\u600e\u4e48\u770b\u4e0d\u89c1"}, {"userName": "brqbrq", "userReviewDate": "14\u5c0f\u65f6\u524d", "userURL": "https://my.qidian.com/user/2750253", "userReview": "\u7b7e\u5230    "}], "description": "\u8c01\u8bf4\u51e1\u4eba\u4e0d\u53ef\u4fee\u4ed9\uff0c\u6211\u504f\u504f\u8981\u8bd5\u8bd5\uff0c\u5b9a\u8981\u8ba9\u90a3\u4e9b\u72d7\u773c\u77a7\u77a7\u5389\u5bb3\uff01", "title": "\u4e0d\u673d\u51e1\u4eba", "url": "https://book.qidian.com/info/1003307568", "average": -1.0, "cover": "//qidian.qpic.cn/qdbimg/349573/1003307568/180", "reviews": -1, "authors": [{"url": "https://me.qidian.com/authorIndex.aspx?id=2342811", "name": "\u9e45\u662f\u8001\u4e94"}], "type": ["\u4ed9\u4fa0", "\u5e7b\u60f3\u4fee\u4ed9"], "outlinks": ["https://book.qidian.com/info/1003307568", "https://book.qidian.com/info/1010468795", "https://book.qidian.com/info/1010468795", "https://book.qidian.com/info/1005317872", "https://book.qidian.com/info/1005317872", "https://book.qidian.com/info/1010259609", "https://book.qidian.com/info/1010259609", "https://book.qidian.com/info/1010015512", "https://book.qidian.com/info/1010015512", "https://book.qidian.com/info/1010566688", "https://book.qidian.com/info/1010566688", "https://book.qidian.com/info/1005373310", "https://book.qidian.com/info/1005373310", "https://book.qidian.com/info/1888336", "https://book.qidian.com/info/1888336", "https://book.qidian.com/info/2136047", "https://book.qidian.com/info/2136047", "https://book.qidian.com/info/2248950", "https://book.qidian.com/info/2248950", "https://book.qidian.com/info/3195551", "https://book.qidian.com/info/3195551", "https://book.qidian.com/info/1011831961", "https://book.qidian.com/info/1011831961", "https://book.qidian.com/info/1010327039", "https://book.qidian.com/info/1012016027", "https://book.qidian.com/info/1011630501", "https://book.qidian.com/info/1012010192", "https://book.qidian.com/info/1011834598", "https://book.qidian.com/info/1011672705", "https://book.qidian.com/info/1011966835", "https://book.qidian.com/info/1011940680", "https://book.qidian.com/info/1011491390", "https://book.qidian.com/info/1011995376"]}