{"ratings": 0.0, "userreviews": [{"userName": "\u865a\u65e0\u5929\u7687", "userReviewDate": "2015-08-14", "userURL": "https://my.qidian.com/user/132207877", "userReview": "\u4e3a\u4e86\u4fdd\u8bc1\u4e0d\u673d\u4e66\u8bc4\u533a\u7684\u9875\u9762\u6574\u6d01\uff0c\u8bf7\u628a\u5e7f\u544a\uff0c\u9274\u4e66\u8d34\u53d1\u5728\u6b64\u697c\u91cc\uff0c\u8fdd\u53cd\u8005\u9690\u8d34\u7981\u8a00\u4e00\u5468\uff0c\u8c22\u8c22\u5408\u4f5c\uff01\uff01"}, {"userName": "\u6cb3\u5357\u5c0f\u674e", "userReviewDate": "2013-12-11", "userURL": "https://my.qidian.com/user/21533523", "userReview": "\u7281\u5929\u7684\u725b\u7684\u65b0\u4e66.\u7384\u5e7b\u7c7b\u7684&lt;&lt;\u4e0d\u673d\u795e\u738b&gt;&gt;\u8001\u725b\u4e0a\u672c\u4e66&lt;&lt;"}, {"userName": "\u53e4\u554a\u53e4\u554a", "userReviewDate": "2013-05-16", "userURL": "https://my.qidian.com/user/3091785", "userReview": "\u70ed\u5e16\u6807\u51c6\uff1a\u4fd7\u79f0\u76845\uff0b50\uff0b6\u3002\u5373\u6807\u9898\u4e94\u5b57\u4ee5\u4e0a\uff0c\u6b63\u6587\u4e94\u5341\u5b57\u4ee5\u4e0a\uff08\u5185\u5bb9\u4e0d\u591f\u53ef\u7528\u8868\u60c5\u7b26\u53f7\u4ee3\u66ff\uff0c\u4e00"}, {"userName": "\u6211\u662f\u8272\u72fc\u7231\u8c01\u8c01", "userReviewDate": "2013-05-16", "userURL": "https://my.qidian.com/user/2509387", "userReview": "\u8001\u725b\u7684\u4e66\u6bcf\u672c\u90fd\u770b\u4e86\uff0c\u6c14\u51b2\u661f\u6cb3\u524d\u671f\u4e2d\u671f\u7ecf\u5178\u3002\u8fd9\u672c\u4e66\u4e0d\u673d\u5f00\u5934\u6ca1\u6709\u6c14\u51b2\u75af\u72c2\uff0c\u4e0d\u8fc7\u5199\u5230\u8fd9\u611f\u89c9\u5df2\u7ecf\u8ffd"}, {"userName": "\u7281\u5929\u7684\u725b", "userReviewDate": "2012-09-11", "userURL": "https://my.qidian.com/user/119278046", "userReview": "\u8981\u6c421.\u4e66\u662f\u4e1c\u65b9\u7384\u5e7b\uff0c\u6240\u4ee5\u540d\u5b57\u4e00\u5b9a\u8981\u662f\u4e1c\u65b9\u8272\u5f69\u7684\u3002\u5e26\u6709\u897f\u5e7b\u548c\u73b0\u4ee3\u90fd\u5e02\u98ce\u683c\u7684\u540d\u5b57\uff0c\u5927\u5bb6\u5343\u4e07\u522b"}, {"userName": "\u6625\u6751\u513f", "userReviewDate": "2012-07-29", "userURL": "https://my.qidian.com/user/107260043", "userReview": "\u4e0d\u65ad\u66f4\u65b0\u5b8c\u5584\u4e2d.."}, {"userName": "\u6625\u6751\u513f", "userReviewDate": "2011-10-19", "userURL": "https://my.qidian.com/user/107260043", "userReview": "\uff08\u4e00\uff09\u57fa\u672c\u4fe1\u606f\uff1a\u7281\u5929\uff1a\u672c\u540d\u674e\u6d9b\u5bb6\u5ead\uff1a\u5df2\u5a5a\uff0c\u6709\u4e00\u5b50\u751f\u65e5\uff1a1983\u5e747\u670815\u65e5\u5730\u5740\uff1a\u7956\u7c4d\u4e2d\u56fd\u6c5f"}, {"userName": "\u9752\u886b\u9752\u4f60\u59b9", "userReviewDate": "2018-05-31", "userURL": "https://my.qidian.com/user/111155237", "userReview": "\u7adf\u7136\u4e0d\u77e5\u9053\u8fd8\u6709\u60a8\u8fd9\u4e2a\u767d\u91d1\u3002\u3002\u3002\u3002\u3002\u3002\u8131\u79bb\u7f51\u6587\u5708\u592a\u4e45\u4e86\u4e48\uff1f\u8fd8\u662f\u592a\u4e45\u4e0d\u770b\u7384\u5e7b\u4e86\u7684\u9505"}, {"userName": "\u5b81Ning1988", "userReviewDate": "2018-04-19", "userURL": "https://my.qidian.com/user/216389051", "userReview": "\u770b\u7740\u770b\u7740\u5b9e\u5728\u770b\u4e0d\u4e0b\u53bb\u4e86\uff01\u6545\u4e8b\u8854\u63a5\uff0c\u8bed\u8a00\u8868\u8fbe\uff0c\u4eba\u7269\u63cf\u5199\u90fd\u662f\u4e00\u80a1\u521d\u4e2d\u751f\u5473\u9053\uff01\u6709\u65f6\u5019\u4f1a\u4e32\u4e86\u4eba\u79f0\uff0c"}, {"userName": "\u4fee\u9053\u957f\u751f\u8005", "userReviewDate": "2018-03-13", "userURL": "https://my.qidian.com/user/6661646", "userReview": "\u3010\u6b66\u9053\u5883\u754c\u3011\u7b51\u57fa\uff08\u4e00\u81f3\u4e5d\u91cd\uff09\uff0c\u5929\u4eba\u5883\uff081-3\u4e3a\u94c5\u4e39\uff0c4-6\u4e3a\u94f6\u4e39\uff0c7-9\u4e3a\u91d1\u4e39\uff09\uff0c\u795e\u901a\u5883\uff08"}, {"userName": "\u5251\u6c14\u5982\u971c7", "userReviewDate": "2018-02-14", "userURL": "https://my.qidian.com/user/226289269", "userReview": "\u7b80\u4ecb\u4e00\u80a1\u6d53\u6d53\u7684\u5c0f\u5b66\u751f\u98ce"}, {"userName": "\u662f\u6709\u4e5d\u65e5", "userReviewDate": "2018-02-12", "userURL": "https://my.qidian.com/user/309433491", "userReview": "\u706d\u795e\u5492\u8d85\u597d\u770b\uff0c\u665a\u4e0a\u8eb2\u5728\u88ab\u7a9d\u770b"}, {"userName": "\u7ea2\u4e42\u7236", "userReviewDate": "2018-02-09", "userURL": "https://my.qidian.com/user/148403801", "userReview": "\u5929\u5730\u53ef\u706d\uff0c\u552f\u6211\u4e0d\u706d\uff0c\u6b64\u4e3a\u4e0d\u673d\u795e\u738b\u3002\u3000\u3000\u5929\u624d\u5f3a\u8005\u4efb\u82cd\u7a79\uff0c\u5927\u707e\u4e4b\u4e2d\u65e0\u529b\u4fdd\u62a4\u5bb6\u4eba\uff0c\u5e26\u7740\u6df1\u6df1\u7684\u9057\u61be"}, {"userName": "\u4e66\u53cb150503161036710", "userReviewDate": "2018-01-23", "userURL": "https://my.qidian.com/user/202062803", "userReview": "\u770b\u5230\u7b80\u4ecb\u6211\u5410\u4e86"}], "description": "\u5fc3\u6f6e\u6f8e\u6e43\uff0c\u65e0\u9650\u5e7b\u60f3\uff0c\u8fce\u98ce\u6325\u51fb\u5343\u5c42\u6d6a\uff0c\u5c11\u5e74\u4e0d\u8d25\u70ed\u8840\uff01", "title": "\u4e0d\u673d\u795e\u738b", "url": "https://book.qidian.com/info/2136336", "average": -1.0, "cover": "//qidian.qpic.cn/qdbimg/349573/2136336/180", "reviews": -1, "authors": [{"url": "https://me.qidian.com/authorIndex.aspx?id=4363000", "name": "\u7281\u5929"}], "type": ["\u7384\u5e7b", "\u4e1c\u65b9\u7384\u5e7b"], "outlinks": ["https://book.qidian.com/info/2136336", "https://book.qidian.com/info/1009459840", "https://book.qidian.com/info/1009459840", "https://book.qidian.com/info/1010000699", "https://book.qidian.com/info/1010000699", "https://book.qidian.com/info/1009913443", "https://book.qidian.com/info/1009913443", "https://book.qidian.com/info/1009997161", "https://book.qidian.com/info/1009997161", "https://book.qidian.com/info/1003510168", "https://book.qidian.com/info/1003510168", "https://book.qidian.com/info/1010799783", "https://book.qidian.com/info/1010799783", "https://book.qidian.com/info/1712249", "https://book.qidian.com/info/1712249", "https://book.qidian.com/info/3366482", "https://book.qidian.com/info/3366482", "https://book.qidian.com/info/1003510168", "https://book.qidian.com/info/1003510168", "https://book.qidian.com/info/1011988403", "https://book.qidian.com/info/1009595922", "https://book.qidian.com/info/1011844784", "https://book.qidian.com/info/1011892497", "https://book.qidian.com/info/1011095320", "https://book.qidian.com/info/1011996851", "https://book.qidian.com/info/1011856434", "https://book.qidian.com/info/1011879207", "https://book.qidian.com/info/1011833256", "https://book.qidian.com/info/1011967674"]}