{"ratings": 0.0, "userreviews": [{"userName": "\u96ea\u5929\u541b", "userReviewDate": "2018-06-05", "userURL": "https://my.qidian.com/user/225749893", "userReview": "\u611f\u89c9\u548c\u4e0d\u6b7b\u6b66\u5c0a\u5dee\u4e0d\u591a"}, {"userName": "fastww", "userReviewDate": "2018-06-04", "userURL": "https://my.qidian.com/user/216541367", "userReview": "\u8fd9\u4e66\u524d\u9762\u4ecb\u7ecd\u7684\u597d\u50cf\u5f88\u725b\uff0c\u903c\uff0c\u5176\u5b9e\u4e5f\u5c31\u90a3\u6837\u5427\uff0c\u4ec0\u4e48\u516d\u9053\u8f6e\u56de\uff0c\u5927\u5bb6\u65cf\u554a\uff0c\u7ed3\u679c\u5bb6\u65cf\u6700\u9ad8\u5883\u754c\u7684\u4e5f\u53ea"}, {"userName": "\u5929\u9053\u738b\u5ea7", "userReviewDate": "2018-06-02", "userURL": "https://my.qidian.com/user/301035667", "userReview": "\u662f\u4e0d\u6b7b\u6b66\u5c0a\u7684\u540e\u8f6c\u5417\uff1f\u6709\u5ba2\u4e32\u6c92"}, {"userName": "\u4e66\u53cb161231201127311", "userReviewDate": "2018-06-02", "userURL": "https://my.qidian.com/user/227559258", "userReview": "\u628a\u5c01\u795e\u699c\u7ed9\u5f04\u51fa\u6765\u4e86\u3002"}, {"userName": "\u7edc\u9047", "userReviewDate": "2018-06-01", "userURL": "https://my.qidian.com/user/300690450", "userReview": "\u6bcf\u4e00\u672c\u65b0\u4e66\uff0c\u90fd\u662f\u4e00\u682a\u5a07\u5ae9\u7684\u6811\u82d7\uff0c\u5b83\u60f3\u8981\u8301\u58ee\u5730\u6210\u957f\u4e0b\u53bb\uff0c\u5c31\u9700\u8981\u9633\u5149\uff0c\u8425\u517b\u548c\u6c34\u5206\u3002\u6240\u8c13\u7684\u9633\u5149\uff0c"}], "description": "\u5fc3\u6f6e\u6f8e\u6e43\uff0c\u65e0\u9650\u5e7b\u60f3\uff0c\u8fce\u98ce\u6325\u51fb\u5343\u5c42\u6d6a\uff0c\u5c11\u5e74\u4e0d\u8d25\u70ed\u8840\uff01", "title": "\u4e0d\u6b7b\u6b66\u7687", "url": "https://book.qidian.com/info/1012011377", "average": -1.0, "cover": "//qidian.qpic.cn/qdbimg/349573/1012011377/180", "reviews": -1, "authors": [{"url": "https://me.qidian.com/authorIndex.aspx?id=4362417", "name": "\u5996\u6708\u591c"}], "type": ["\u7384\u5e7b", "\u4e1c\u65b9\u7384\u5e7b"], "outlinks": ["https://book.qidian.com/info/1012011377", "https://book.qidian.com/info/3347577", "https://book.qidian.com/info/3347577", "https://book.qidian.com/info/1011058239", "https://book.qidian.com/info/1011058239", "https://book.qidian.com/info/1011033516", "https://book.qidian.com/info/1011033516", "https://book.qidian.com/info/1003121988", "https://book.qidian.com/info/1003121988", "https://book.qidian.com/info/1003414055", "https://book.qidian.com/info/1003414055", "https://book.qidian.com/info/3690449", "https://book.qidian.com/info/3690449", "https://book.qidian.com/info/2881696", "https://book.qidian.com/info/2881696", "https://book.qidian.com/info/3347577", "https://book.qidian.com/info/3347577", "https://book.qidian.com/info/1001389020", "https://book.qidian.com/info/1001389020", "https://book.qidian.com/info/1011988403", "https://book.qidian.com/info/1009595922", "https://book.qidian.com/info/1011844784", "https://book.qidian.com/info/1011892497", "https://book.qidian.com/info/1011095320", "https://book.qidian.com/info/1011996851", "https://book.qidian.com/info/1011856434", "https://book.qidian.com/info/1011879207", "https://book.qidian.com/info/1011833256", "https://book.qidian.com/info/1011967674"]}