{"ratings": 0.0, "userreviews": [{"userName": "\u827e\u9f24", "userReviewDate": "2018-06-05", "userURL": "https://my.qidian.com/user/174807212", "userReview": "\u7c3d\u5230\u6c34\u7d93\u9a57[fn=10]"}, {"userName": "\u827e\u9f24", "userReviewDate": "2018-06-01", "userURL": "https://my.qidian.com/user/174807212", "userReview": "\u8def\u904e\u770b\u770b\u66f4\u65b0\u4e86\u6c92"}, {"userName": "\u827e\u9f24", "userReviewDate": "2018-05-29", "userURL": "https://my.qidian.com/user/174807212", "userReview": "\u7c3d\u5230\u7c3d\u5230\u7c3d\u5230"}, {"userName": "Lazurite", "userReviewDate": "2018-05-20", "userURL": "https://my.qidian.com/user/312386039", "userReview": "\u626f\u6de1\u4e86\u521a\u627e\u5230\u672c\u6709\u70b9\u521b\u610f\u7684\u4e66\u7ed3\u679c\u53c8\u592a\u76d1\u4e86"}, {"userName": "\u73a9\u73a9\u7231", "userReviewDate": "2018-05-19", "userURL": "https://my.qidian.com/user/146375945", "userReview": "\u51c9\u51c9\u3002\u4e0d\u5728"}, {"userName": "\u8fc7\u5f80\u7684\u9519", "userReviewDate": "2018-05-16", "userURL": "https://my.qidian.com/user/211072701", "userReview": "\u5509\uff5e\u5e0c\u671b\u80fd\u7ee7\u7eed\u5199\u5427"}, {"userName": "\u73a9\u73a9\u7231", "userReviewDate": "2018-05-16", "userURL": "https://my.qidian.com/user/146375945", "userReview": "\u641e\u6bdb\u554a\u03a3(\u3063 \u00b0\u0414 \u00b0;)\u3063\uff0c\u66f4\u65b0\u597d\u5c11"}, {"userName": "\u6d77\u3003\u89d2", "userReviewDate": "2018-05-15", "userURL": "https://my.qidian.com/user/131088325", "userReview": "\u4eca\u5929\u51e0\u8ddf[fn=39]"}, {"userName": "\u7231\u5b85\u7231\u52a8\u6f2b", "userReviewDate": "2018-05-15", "userURL": "https://my.qidian.com/user/161735980", "userReview": "\u53ea\u6709\u6211\u60f3\u77e5\u9053\u90a3\u4e2a\u5973\u6559\u5e08\u662f\u4e0d\u662f\u521d\u6b21\u4e48?      = ="}, {"userName": "\u4e66\u53cb20170416052642162", "userReviewDate": "2018-05-14", "userURL": "https://my.qidian.com/user/300556756", "userReview": "\u4e0d\u662f\u6539\u540d\u53eb\u827e\u8fbe\u6765\u5417\uff1f\u600e\u4e48\u8001\u662f\u5199\u5979\u554a"}, {"userName": "\u4eba\u5934\u843d\u5730", "userReviewDate": "2018-05-12", "userURL": "https://my.qidian.com/user/313833867", "userReview": "\u5199\u4e3b\u89d2\u554a\u5199\u5973\u7684\u5e72\u4ec0\u4e48"}, {"userName": "\u5357\u5bab\u8c1b", "userReviewDate": "2018-05-12", "userURL": "https://my.qidian.com/user/178449816", "userReview": "\u770b\u5c01\u9762\u8fd8\u4ee5\u4e3a\u662f\u9aa8\u738b\u7684\u897f\u4f2f\u5229\u4e9a\u4ed3\u9f20\u3002\u6ca1\u60f3\u5230\u662f\u5934\u732a"}, {"userName": "\u65e0\u60c5\u5c0f\u6d27", "userReviewDate": "2018-05-10", "userURL": "https://my.qidian.com/user/218981564", "userReview": "\u8d76\u7d27\u5199\u4e3b\u89d2\uff0c\u4e0d\u770b\u8fd9\u51e0\u4e2a\u5973\u7684\uff0c\u5728\u5199\u8fd9\u51e0\u4e2a\u5973\u7684\u6211\u5220\u9664\u4e66\u67b6\u4e86"}, {"userName": "\u66fe\u7ecf\u5c11\u5e74\u65e0\u77e5\u8fc7\u2033", "userReviewDate": "2018-05-10", "userURL": "https://my.qidian.com/user/122982557", "userReview": "\u6211\u4e5f\u662f\u9189\u4e86\uff0c\u5230\u5e95\u8c01\u624d\u662f\u4e3b\u89d2\u554a\uff1f\uff0c\u4e0d\u770b\u4e86\uff0c\u770b\u7684\u7d2f\u4eba"}], "description": "\u3010\u4e8c\u6b21\u5143\u7f51\u6587\u4e4b\u738b\uff1a\u4e00\u5e1d\u56db\u7687\u901a\u7f09\u4ee4\u3011\u53c2\u8d5b\u4f5c\u54c1", "title": "\u4e0d\u60f3\u88ab\u52c7\u8005\u6740\u6389\u7684BOSS", "url": "https://book.qidian.com/info/1011731016", "average": -1.0, "cover": "//qidian.qpic.cn/qdbimg/349573/1011731016/180", "reviews": -1, "authors": [{"url": "https://me.qidian.com/authorIndex.aspx?id=12147257", "name": "\u8682\u8681\u4e0b\u5c71"}], "type": ["\u4e8c\u6b21\u5143", "\u53d8\u8eab\u5165\u66ff"], "outlinks": ["https://book.qidian.com/info/1011731016", "https://book.qidian.com/info/1009389788", "https://book.qidian.com/info/1009389788", "https://book.qidian.com/info/1004974833", "https://book.qidian.com/info/1004974833", "https://book.qidian.com/info/1010837556", "https://book.qidian.com/info/1010837556", "https://book.qidian.com/info/1011447411", "https://book.qidian.com/info/1011447411", "https://book.qidian.com/info/1009380198", "https://book.qidian.com/info/1009380198", "https://book.qidian.com/info/1010506853", "https://book.qidian.com/info/1010506853", "https://book.qidian.com/info/1009389788", "https://book.qidian.com/info/1009389788", "https://book.qidian.com/info/1012209474", "https://book.qidian.com/info/1012209474", "https://book.qidian.com/info/1011443057", "https://book.qidian.com/info/1011977706", "https://book.qidian.com/info/1011970575", "https://book.qidian.com/info/1011722301", "https://book.qidian.com/info/1012058179", "https://book.qidian.com/info/1010868275", "https://book.qidian.com/info/1012020887", "https://book.qidian.com/info/1011904081"]}