{"ratings": 0.0, "userreviews": [{"userName": "\u67d8\u706b", "userReviewDate": "2018-05-21", "userURL": "https://my.qidian.com/user/187446504", "userReview": "\u6211\u5c31\u60f3\u77e5\u9053\uff0c\u5973\u4e3b\u662f\u8c01"}, {"userName": "\u654f\u6377\u80d6\u5b50", "userReviewDate": "2018-05-20", "userURL": "https://my.qidian.com/user/218426399", "userReview": "\u5199\u4e3b\u89d2\u5427\uff0c\u591a\u4e45\u6ca1\u51fa\u73b0\u4e86\uff0c\u90fd\u5feb\u628a\u4ed6\u5fd8\u4e86\uff0c\u5927\u53e4\u63d0\u4e00\u63d0\u5c31\u7b97\u4e86"}, {"userName": "God\u900d\u9065VIII", "userReviewDate": "2018-05-20", "userURL": "https://my.qidian.com/user/311806299", "userReview": "\u66f4\u65b0\u4e86\uff01\uff01\u5413\u5f97\u6211\u8d76\u7d27\u70b9\u8fdb\u6765OB\u4e00\u6ce2\ud83c\udf1d"}, {"userName": "10\u51ac\u51ac01", "userReviewDate": "2018-05-13", "userURL": "https://my.qidian.com/user/214441674", "userReview": "\u4e3b\u89d2\u6709\u70b9\u5723\u6bcd\u5c5e\u6027\uff0c\u4ed6\u4eba\u8650\u4ed6\u5343\u767e\u904d\uff0c\u4ed6\u5f85\u2026\u2026\u2026\u2026"}, {"userName": "1\u96e8\u540e\u5f69\u86791", "userReviewDate": "2018-05-12", "userURL": "https://my.qidian.com/user/216338321", "userReview": "\u90a3\u4e2a\u4e0d\u8981\u6c42\u592a\u9ad8\u4e00\u5468\u4e00\u66f4\u6216\u8005\u534a\u6708\u4e00\u66f4\u751a\u81f3\u4e00\u6708\u4e00\u66f4\uff0c\u522b\u592a\u76d1\u5c31\u597d"}, {"userName": "\u6e05\u96f6\u54d0\u5577", "userReviewDate": "2018-05-11", "userURL": "https://my.qidian.com/user/309375617", "userReview": "\u5988\u86cb\uff0c\u4e00\u5b9a\u8981\u8d70\u539f\u5267\u60c5\u4e48\uff0c\u9876\u591a\u662f\u4ee3\u66ff\u8fea\u8fe6\u6253\u6b7b\u51e0\u4e2a\u5c0f\u602a\u517d\u3002\u5176\u5b9e\u6211\u5f88\u597d\u5947\u9ad8\u7ea7\u6587\u660e\u7684\u957f\u751f\u79cd\u5728\u4e00\u4e2a\u661f"}, {"userName": "\u4e66\u53cb20171115004833654", "userReviewDate": "2018-05-11", "userURL": "https://my.qidian.com/user/310638623", "userReview": "\u4f5c\u8005\u5199\u5965\u7279\u66fc\u53ef\u4ee5\u501f\u9274\u5948\u514b\u745f\u65af\u7b2c\u4e00\u4e2a\u53d8\u8eab\u8005\u7684\u884c\u4e3a\uff01\u4f4e\u8c03\u4e0d\u66b4\u9732\u8eab\u4efd\uff01\u5e73\u65f6\u5c31\u88c5\u6210\u4e00\u4e2a\u666e\u901a\u4eba\u3002\u5f53\u672c"}, {"userName": "\u5143\u7d20\u5c0f\u6cd51", "userReviewDate": "2018-05-08", "userURL": "https://my.qidian.com/user/210168949", "userReview": "\u8bf4\u5b9e\u8bdd\u5965\u7279\u66fc\u4e5f\u662f\u5916\u661f\u4eba\uff0c\u600e\u4e48\u6b7b\u4e5f\u8981\u4fdd\u62a4\u4eba\u7c7b"}, {"userName": "\u9752\u5c71\u846c\u5f80\u6614", "userReviewDate": "2018-05-07", "userURL": "https://my.qidian.com/user/228950222", "userReview": "\u597d\u5427\uff0c\u5f00\u73a9\u7b11\u7684\u3002"}, {"userName": "\u9752\u5c71\u846c\u5f80\u6614", "userReviewDate": "2018-05-07", "userURL": "https://my.qidian.com/user/228950222", "userReview": "\u7ec8\u4e8e\u66f4\u4e86\uff0c\u7b2c\u4e00\u3002"}, {"userName": "1\u96e8\u540e\u5f69\u86791", "userReviewDate": "2018-05-06", "userURL": "https://my.qidian.com/user/216338321", "userReview": "\u72b6\u6001\u5dee\u662f\u4e94\u4e00\u4e0d\u4e24\u66f4\u7684\u7406\u7531\u5417"}, {"userName": "\u5b87\u5b99\u8d85\u4eba\u521d\u4ee3\u5965\u7279\u66fc", "userReviewDate": "2018-05-02", "userURL": "https://my.qidian.com/user/303451503", "userReview": "\u8fd9\u672c\u5c0f\u8bf4\u611f\u89c9\u633a\u4f24\u611f\u7684"}, {"userName": "\u9b45\u529b\u840c\u4e3b", "userReviewDate": "2018-05-02", "userURL": "https://my.qidian.com/user/212179143", "userReview": "\u4e0d\u5feb\u5feb\u66f4\u65b0\u7684\u4f5c\u8005\u4e0d\u662f\u597d\u4f5c\u8005   \u4e0d\u7206\u53d1\u66f4\u65b0\u7684\u4f5c\u8005\u4e0d\u662f\u4f5c\u8005"}, {"userName": "1\u96e8\u540e\u5f69\u86791", "userReviewDate": "2018-04-30", "userURL": "https://my.qidian.com/user/216338321", "userReview": "\u867d\u7136\u5927\u53e4\u53ef\u80fd\u662ftpc\u91cc\u5dee\u7684\uff0c\u4f46\u4e5f\u4e0d\u81f3\u4e8e\u8fde\u82f1\u8bed\u90fd\u4e0d\u4f1a\uff0c\u8981\u77e5\u9053\u751f\u7269\u5b66\u4e0d\u7b80\u5355\u7684"}], "description": "\u6fc0\u840c\u7684\u841d\u8389\uff0c\u70ed\u8840\u7684\u5c11\u5e74\uff0c\u4e3a\u6253\u7834\u6b21\u5143\u58c1\u4e00\u5f80\u65e0\u524d\uff01", "title": "\u4e0d\u60f3\u5f53\u4e3b\u89d2\u7684\u5965\u7279\u66fc", "url": "https://book.qidian.com/info/1007464227", "average": -1.0, "cover": "//qidian.qpic.cn/qdbimg/349573/1007464227/180", "reviews": -1, "authors": [{"url": "https://me.qidian.com/authorIndex.aspx?id=11722045", "name": "\u6d41\u98ce\u98de\u6c99"}], "type": ["\u4e8c\u6b21\u5143", "\u884d\u751f\u540c\u4eba", "\u4e8c\u6b21\u5143"], "outlinks": ["https://book.qidian.com/info/1007464227", "https://book.qidian.com/info/1010755370", "https://book.qidian.com/info/1010755370", "https://book.qidian.com/info/1010263725", "https://book.qidian.com/info/1010263725", "https://book.qidian.com/info/1009383457", "https://book.qidian.com/info/1009383457", "https://book.qidian.com/info/1009600132", "https://book.qidian.com/info/1009600132", "https://book.qidian.com/info/1009965342", "https://book.qidian.com/info/1009965342", "https://book.qidian.com/info/1009640195", "https://book.qidian.com/info/1009640195", "https://book.qidian.com/info/1011443057", "https://book.qidian.com/info/1011977706", "https://book.qidian.com/info/1011970575", "https://book.qidian.com/info/1011722301", "https://book.qidian.com/info/1012058179", "https://book.qidian.com/info/1010868275", "https://book.qidian.com/info/1012020887", "https://book.qidian.com/info/1011904081"]}