{"ratings": 0.0, "userreviews": [{"userName": "\u65b9\u6cd5\u4e8c\u5341\u5206", "userReviewDate": "15\u5c0f\u65f6\u524d", "userURL": "https://my.qidian.com/user/210823815", "userReview": "\u4e00\u5ea7\u5948\u4f55\u6865\uff0c\u4e00\u7897\u5b5f\u5a46\u6c64"}, {"userName": "\u5927\u5927\u4e0d\u5403\u7cd6", "userReviewDate": "2018-06-07", "userURL": "https://my.qidian.com/user/311446126", "userReview": "\u4e3a\u4ec0\u4e48\u8001\u662f\u5199\u514b\u82cf\u9c81\u8fd9\u4e2a\u6897\uff0c\u5bf9\u4e8e\u6ca1\u542c\u8fc7\u7684\u4eba\u6765\u8bf4\u771f\u7684\u5f88\u5c2c"}, {"userName": "\u5415\u5929\u867e4304", "userReviewDate": "2018-06-06", "userURL": "https://my.qidian.com/user/313363460", "userReview": "\u80fd\u7206\u66f4\u5417\u3002\u6c42\u7206\u554a\u3002 \u76d7\u7248\u90fd\u6ca1\u6709\u53bb \u4e00\u76f4\u5728\u8ffd\u3002\u770b\u7684\u5f88\u4e0d\u723d     \u6c42\u7206\u66f4\u3002\u76d6\u697c  \u76d6\u697c \u6c42\u7206"}, {"userName": "\u4e60\u60ef\u4e0e\u91ca\u6000\u4e36", "userReviewDate": "2018-06-02", "userURL": "https://my.qidian.com/user/218915874", "userReview": "\u8fd9\u672c\u4e66\u786e\u5b9e\u597d\u770b\uff0c\u53ea\u4e0d\u8fc7\u6211\u611f\u89c9\u5267\u60c5\u6709\u4e9b\u62d6\u4e86"}, {"userName": "KimetaroFuji", "userReviewDate": "2018-04-27", "userURL": "https://my.qidian.com/user/219586062", "userReview": "\u8001\u94c1\uff0c\u548b\u4f11\u66f4\u4e86\u8fd9\u4e48\u591a\u5929\u54c7\u3002\u3002"}, {"userName": "KimetaroFuji", "userReviewDate": "2018-04-21", "userURL": "https://my.qidian.com/user/219586062", "userReview": "\ud83c\udf38\ud83c\udf38\ud83c\udf38\ud83c\udf38\ud83c\udf38\ud83c\udf38\ud83c\udf38\ud83c\udf38\ud83c\udf38\u4e0a\u67b6\u6492\u82b1\u82b1\ud83c\udf38\ud83c\udf38\ud83c\udf38\ud83c\udf38\ud83c\udf38\ud83c\udf38\ud83c\udf38"}, {"userName": "KimetaroFuji", "userReviewDate": "2018-04-12", "userURL": "https://my.qidian.com/user/219586062", "userReview": "\u770b\u5f97\u633a\u723d\u7684\u54c7\uff0c\u5c31\u662f\u75b1\u4e01\u4f5c\u4e3a\u4e3b\u89d2\u51fa\u73b0\u7684\u5c11\u4e86\u70b9\uff1f\u4e0d\u8fc7\u7ec6\u7ec6\u54c1\u5473\u53d1\u73b0\uff0c\u672c\u4e66\u4eff\u4f5b\u6ca1\u6709\u4e3b\u89d2\uff0c\u800c\u662f\u7ad9\u5728\u4e00"}, {"userName": "\u552f\u7f8e\u7684\u6708", "userReviewDate": "2018-04-10", "userURL": "https://my.qidian.com/user/149034266", "userReview": "\u2026\u2026\u2026\u6211\u5df2\u7ecf\u597d\u4e45\u6ca1\u6709\u770b\u8fc7\u8fd9\u4e48\u5938\u7537\u4e3b\u5bb9\u8c8c\u7684\u5c0f\u8bf4\u4e86\u2192_\u2192\u771f\u4e0d\u77e5\u9053\u8be5\u600e\u4e48\u8bf4"}, {"userName": "KimetaroFuji", "userReviewDate": "2018-04-10", "userURL": "https://my.qidian.com/user/219586062", "userReview": "\u54c7\u7b49\u5f97\u8f9b\u82e6\u554a\ud83d\ude02\u597d\u770b\u5f97\u5fc3\u75d2"}, {"userName": "\u6211\u975e\u84ec\u84bf", "userReviewDate": "2018-03-24", "userURL": "https://my.qidian.com/user/224490155", "userReview": "\u300a\u6211\u662f\u751f\u6b7b\u7c3f\u300b\u5e7f\u544a\uff0c\u4e0d\u559c\u7248\u4e3b\u8bf7\u5220\u9664\uff0c\u8c22\u8c22\uff01"}, {"userName": "\u79bb\u6e0a\u4e0d\u7834\u767e\u6f84\u6d77", "userReviewDate": "2018-03-23", "userURL": "https://my.qidian.com/user/226063163", "userReview": "\u6765\u73a9\u4e00\u6ce2\u6210\u8bed\u63a5\u9f99\u6e38\u620f\uff0c\u5fc3\u5fc3\u76f8\u5370"}, {"userName": "\u65e5\u5ddd\u5c97\u677f007", "userReviewDate": "2018-02-16", "userURL": "https://my.qidian.com/user/310359498", "userReview": "\u8fd8\u4e0d\u9519\uff0c\u5f88\u597d\u770b"}, {"userName": "\u9189\u7f6a\u4e2d", "userReviewDate": "2018-02-13", "userURL": "https://my.qidian.com/user/223448823", "userReview": "\u633a\u597d\u770b(\uff61\uff65\u03c9\uff65\uff61)\uff89\u2661\u7684\uff0c\u5360\u697c"}, {"userName": "\u767d\u5bd2\u9e7f", "userReviewDate": "2018-02-13", "userURL": "https://my.qidian.com/user/202725721", "userReview": "\u672c\u6765\u53ea\u662f\u968f\u4fbf\u770b\u4e86\u8a00\u7b80\u4ecb\uff0c\u7ed3\u679c\u4e00\u5835\u4e4b\u4e0b\u53d1\u73b0\u7b80\u4ecb\u5185\u5bb9\u8d85\u5c4c"}], "description": "\u7b97\u547d\u63a2\u9669\u70b9\u98ce\u6c34\uff0c\u60ca\u609a\u4fa6\u63a2\u964d\u9b3c\u602a\uff0c\u6700\u4f20\u7edf\u4e2d\u56fd\u6587\u5316\uff0c\u6700\u795e\u79d8\u7075\u5f02\u4f20\u5947\uff01", "title": "\u4e0d\u6b7b\u9b3c\u53a8", "url": "https://book.qidian.com/info/1010853829", "average": -1.0, "cover": "//qidian.qpic.cn/qdbimg/349573/1010853829/180", "reviews": -1, "authors": [{"url": "https://me.qidian.com/authorIndex.aspx?id=401340839", "name": "\u672c\u5ff5\u4fe1\u4ef0"}], "type": ["\u7075\u5f02", "\u7075\u5f02\u9b3c\u602a"], "outlinks": ["https://book.qidian.com/info/1010853829", "https://book.qidian.com/info/1010505347", "https://book.qidian.com/info/1010505347", "https://book.qidian.com/info/1010733309", "https://book.qidian.com/info/1010733309", "https://book.qidian.com/info/1010776108", "https://book.qidian.com/info/1010776108", "https://book.qidian.com/info/1009373932", "https://book.qidian.com/info/1009373932", "https://book.qidian.com/info/1010670850", "https://book.qidian.com/info/1010670850", "https://book.qidian.com/info/1004986370", "https://book.qidian.com/info/1004986370", "https://book.qidian.com/info/1011837610", "https://book.qidian.com/info/1011987732", "https://book.qidian.com/info/1011825122", "https://book.qidian.com/info/1011825450", "https://book.qidian.com/info/1011945422", "https://book.qidian.com/info/1011826884", "https://book.qidian.com/info/1011790544", "https://book.qidian.com/info/1011825290", "https://book.qidian.com/info/1011896879", "https://book.qidian.com/info/1011875452"]}