{"ratings": 0.0, "userreviews": [{"userName": "\u4e94\u7af9", "userReviewDate": "2018-04-01", "userURL": "https://my.qidian.com/user/3657061", "userReview": "\u4e66\u540d\u5c31\u9738\u6c14\uff0c\u8d5e\u4e00\u4e2a\u5148\u3002\u7b2c\u4e00\u7ae0\u5341\u5206\u5927\u6c14\uff0c\u5996\u5723\u201c\u5bd2\u58c1\u201d\u3001\u9b54\u5e1d\u201c\u9006\u7434\u201d\u3001\u6218\u795e\u201c\u68b5\u4ed9\u201d\u3001\u5929\u5e1d\u201c\u51cc\u9704"}, {"userName": "\u96ea\u513f\u683c\u683c", "userReviewDate": "2018-03-07", "userURL": "https://my.qidian.com/user/230524437", "userReview": "\u4f5c\u8005\u541b\u4f60\u5199\u7684\u548b\u8fd9\u4e48\u597d\u5462\uff01\u5fc5\u987b\u8d4f\u8d4f\u52a0\u6cb9\uff01[fn=7][fn=7][fn=7]"}, {"userName": "\u9010\u5b87", "userReviewDate": "2017-12-02", "userURL": "https://my.qidian.com/user/218267145", "userReview": "\u770b\u6765\u8fd8\u771f\u662f\u6709\u7f18\u5462\uff0c\u5927\u529b\u652f\u6301\uff01"}, {"userName": "\u6709\u732b\u56f4\u89c2", "userReviewDate": "4\u5c0f\u65f6\u524d", "userURL": "https://my.qidian.com/user/231008736", "userReview": "\u6211\u7684\u4e66\u8bc4\u4e3a\u4ec0\u4e48\u603b\u662f\u6d88\u5931\uff1f"}, {"userName": "\u91d1\u4e2d\u826f", "userReviewDate": "6\u5c0f\u65f6\u524d", "userURL": "https://my.qidian.com/user/220652854", "userReview": "\u638c\u5fc3\u96f7\uff0c\u652f\u6301\u597d\u53cb[fn=2]"}, {"userName": "\u91d1\u4e39\u70e7\u997c", "userReviewDate": "7\u5c0f\u65f6\u524d", "userURL": "https://my.qidian.com/user/216118923", "userReview": "\u5f00\u4e2a\u65b0\u697c\uff0c\u652f\u6301\u5927\u4f5c\u6765\u4e86[fn=32]"}, {"userName": "\u65f6\u5149\u5ffd\u5411\u5de6", "userReviewDate": "2018-06-07", "userURL": "https://my.qidian.com/user/202749845", "userReview": "\u8ba2\u9605\u652f\u6301\u597d\u53cb"}, {"userName": "\u7a7a\u7075\u8d4b", "userReviewDate": "2018-06-06", "userURL": "https://my.qidian.com/user/213262014", "userReview": "\u8ba2\u9605\u652f\u6301\u6c5f\u9675\u597d\u53cb[fn=59]"}, {"userName": "\u65f6\u5149\u5ffd\u5411\u5de6", "userReviewDate": "2018-06-05", "userURL": "https://my.qidian.com/user/202749845", "userReview": "\u7b7e\u5230\u52a0\u6cb9 "}, {"userName": "\u5927\u6f20\u5b64\u6b4c", "userReviewDate": "2018-06-05", "userURL": "https://my.qidian.com/user/223209131", "userReview": "\u5141\u8bb8\u6211\u6253\u4e2a\u5e7f\u544a\u300a\u6211\u6751\u540e\u9762\u6709\u5ea7\u4ed9\u5c71\u300b"}, {"userName": "\u9ad8\u697c\u671b\u670816", "userReviewDate": "2018-06-01", "userURL": "https://my.qidian.com/user/108086213", "userReview": "14\u7968\u652f\u6301"}, {"userName": "\u65f6\u5149\u5ffd\u5411\u5de6", "userReviewDate": "2018-05-29", "userURL": "https://my.qidian.com/user/202749845", "userReview": "\u8ba2\u9605\u652f\u6301\u597d\u53cb"}, {"userName": "\u585e\u5916\u5b64\u96c1", "userReviewDate": "2018-05-27", "userURL": "https://my.qidian.com/user/225516661", "userReview": "\u5404\u4f4d\u4e66\u53cb\u597d\uff0c\u65b0\u4e66\u5df2\u53d1\uff0c\u8bf7\u5927\u5bb6\u652f\u6301\u65b0\u4e66\u300a\u91cd\u751f\u4e1c\u6e38\u8bb0\u300b\uff0c\u8c22\u8c22\u5927\u5bb6\u3002"}, {"userName": "\u9ad8\u697c\u671b\u670816", "userReviewDate": "2018-05-26", "userURL": "https://my.qidian.com/user/108086213", "userReview": "14\u7968\u652f\u6301"}], "description": "\u4fee\u4ed9\u89c5\u957f\u751f\uff0c\u70ed\u8840\u4efb\u900d\u9065\uff0c\u8e0f\u83b2\u66f3\u6ce2\u6da4\u5251\u9aa8\uff0c\u51ed\u865a\u5fa1\u98ce\u5851\u5723\u9b42\uff01", "title": "\u4e0d\u60f3\u5f53\u5929\u5e1d", "url": "https://book.qidian.com/info/1010464622", "average": -1.0, "cover": "//qidian.qpic.cn/qdbimg/349573/1010464622/180", "reviews": -1, "authors": [{"url": "https://me.qidian.com/authorIndex.aspx?id=9242147", "name": "\u585e\u4e0a\u5b64\u5ba2"}], "type": ["\u4ed9\u4fa0", "\u4fee\u771f\u6587\u660e"], "outlinks": ["https://book.qidian.com/info/1010464622", "https://book.qidian.com/info/1004593610", "https://book.qidian.com/info/1004593610", "https://book.qidian.com/info/1010376745", "https://book.qidian.com/info/1010376745", "https://book.qidian.com/info/1005373310", "https://book.qidian.com/info/1005373310", "https://book.qidian.com/info/1010836785", "https://book.qidian.com/info/1010836785", "https://book.qidian.com/info/1003247509", "https://book.qidian.com/info/1003247509", "https://book.qidian.com/info/1010657682", "https://book.qidian.com/info/1010657682", "https://book.qidian.com/info/1011882674", "https://book.qidian.com/info/1011882674", "https://book.qidian.com/info/1010327039", "https://book.qidian.com/info/1012016027", "https://book.qidian.com/info/1011630501", "https://book.qidian.com/info/1012010192", "https://book.qidian.com/info/1011834598", "https://book.qidian.com/info/1011672705", "https://book.qidian.com/info/1011966835", "https://book.qidian.com/info/1011940680", "https://book.qidian.com/info/1011491390", "https://book.qidian.com/info/1011995376"]}