{"ratings": 0.0, "userreviews": [{"userName": "\u8d77\u70b9\u4e2d\u6587\u7f51", "userReviewDate": "2013-08-01", "userURL": "https://my.qidian.com/user/33597", "userReview": "\u8f9b\u82e6\u603b\u4f1a\u6709\u56de\u62a5\u7684\uff0c\u53ea\u8981\u6708\u4e2d\u9634\u7528\u5fc3\u5199\u4e66\uff0c\u5c31\u4f1a\u6709\u8d8a\u6765\u8d8a\u591a\u7684\u8bfb\u8005\u5173\u6ce8\u4f60\u7684\u4f5c\u54c1\uff01\u81ea\u672c\u606d\u8d3a\u4e3b\u9898\u53d1\u5e03\u540e"}, {"userName": "\u7eff\u6e56\u871c", "userReviewDate": "2013-07-29", "userURL": "https://my.qidian.com/user/124026610", "userReview": "\u7eff\u6e56\u871c\u6253\u8d4f\u6708\u4e2d\u9634 588\u8d77\u70b9\u5e01\u3000\u8fd9\u672c\u4e66\u592a\u68d2\u4e86\uff01\u7292\u52b3\u4e00\u4e0b\uff0c\u5e0c\u671b\u540e\u7eed\u66f4\u7cbe\u5f69\uff01"}, {"userName": "\u7eff\u6e56\u871c", "userReviewDate": "2013-07-23", "userURL": "https://my.qidian.com/user/124026610", "userReview": "\u7eff\u6e56\u871c\u6253\u8d4f\u6708\u4e2d\u9634 588\u8d77\u70b9\u5e01\u3000\u90a3\u4e2a\u4ec0\u4e48\u65f6\u5019\u628a\u8840\u8109\u5f55\u66f4\u65b0\u5b8c\u554a\u3002\u3002"}, {"userName": "wilijia", "userReviewDate": "2013-07-23", "userURL": "https://my.qidian.com/user/114665927", "userReview": "wilijia\u6253\u8d4f\u6708\u4e2d\u9634 100\u8d77\u70b9\u5e01\u3000\u8fd9\u672c\u4e66\u592a\u68d2\u4e86\uff01\u7292\u52b3\u4e00\u4e0b\uff0c\u5e0c\u671b\u540e\u7eed\u66f4\u52a0\u7cbe\u5f69\uff01"}, {"userName": "\u7eff\u6e56\u871c", "userReviewDate": "2013-07-23", "userURL": "https://my.qidian.com/user/124026610", "userReview": "\u7eff\u6e56\u871c\u6253\u8d4f\u6708\u4e2d\u9634 588\u8d77\u70b9\u5e01\u3000\u8fd9\u672c\u4e66\u592a\u68d2\u4e86\uff01\u7292\u52b3\u4e00\u4e0b\uff0c\u5e0c\u671b\u540e\u7eed\u66f4\u7cbe\u5f69\uff01"}, {"userName": "\u4e66\u53cb20180417015038141", "userReviewDate": "2018-05-01", "userURL": "https://my.qidian.com/user/315763408", "userReview": "\u5168\u672c\uff1f\u795e\u7ecf\u5427\u770b\u4e00\u534a"}, {"userName": "\u6697\u9ed1\u591c\u6e38", "userReviewDate": "2018-01-07", "userURL": "https://my.qidian.com/user/310345094", "userReview": "\u53ef\u60dc\u4e86\u3002 \u90fd\u770b\u4e86\u4e00\u534a\u4e86"}, {"userName": "\u7eff\u6e56\u871c", "userReviewDate": "2017-06-28", "userURL": "https://my.qidian.com/user/124026610", "userReview": "\u6655\u6b7b8\u7ea7\u8fd8\u662f\u4e00\u5f20\u63a8\u8350\u7968\u3002\u3002\u8c01\u80fd\u544a\u8bc9\u6211\u7b2c\u4e8c\u5f20\u63a8\u8350\u7968\u662f\u54ea\u91cc\u6765\u7684\uff1f"}, {"userName": "\u7eff\u6e56\u871c", "userReviewDate": "2013-08-01", "userURL": "https://my.qidian.com/user/124026610", "userReview": "\u8fd9\u4e66\u4ec0\u4e48\u65f6\u5019\u4e0a\u67b6?"}, {"userName": "\u9633\u5149\u6d12\u843d", "userReviewDate": "2013-07-31", "userURL": "https://my.qidian.com/user/153883537", "userReview": "\u6700\u540e\u4e00\u5929\u4e86\uff01\u518d\u8fdb\u4e00\u4f4d\u5427\uff01\u63a8\u8350\uff01\u4f1a\u5458\u70b9\uff01\u5c11\u5e74\uff01\u52a0\u6cb9\u554a\uff01"}, {"userName": "\u7eff\u6e56\u871c", "userReviewDate": "2013-07-30", "userURL": "https://my.qidian.com/user/124026610", "userReview": "\u542c\u8bf4\u8fd9\u6837\u662f\u6709\u7ecf\u9a8c\u7684\u3002\u662f\u4e0d\u662f\u53d1\u4e66\u8bc4\u6709\u7ecf\u9a8c\u554a\uff1f"}, {"userName": "\u9633\u5149\u6d12\u843d", "userReviewDate": "2013-07-29", "userURL": "https://my.qidian.com/user/153883537", "userReview": "\u51b2\u554a\uff01\u5feb\u4e0b\u699c\u4e86\uff01\u63a8\u8350\uff01\u4f1a\u5458\u70b9\uff01\u5927\u5bb6\u4e00\u8d77\u52a0\u6cb9\u554a\uff01\u8001\u6708\uff01\u52a0\u6cb9\uff01"}, {"userName": "\u552f\u7f8eOO\u7ea2\u989c\u6b87", "userReviewDate": "2013-07-28", "userURL": "https://my.qidian.com/user/150820493", "userReview": "\u770b\u5b8c\u672c\u4e66\uff0c\u4e0d\u723d\uff0c\u592a\u5c11\u4e86\uff0c\u7b49\u7b49\u517b\u80a5\u518d\u5bb0\uff0c\u7acb\u697c\u4e3a\u8bc1[fn=8][fn=8][fn=8]"}, {"userName": "\u9633\u5149\u6d12\u843d", "userReviewDate": "2013-07-28", "userURL": "https://my.qidian.com/user/153883537", "userReview": "\u52a0\u6cb9\uff01\u52a0\u6cb9\uff01"}], "description": "\u5fc3\u6f6e\u6f8e\u6e43\uff0c\u65e0\u9650\u5e7b\u60f3\uff0c\u8fce\u98ce\u6325\u51fb\u5343\u5c42\u6d6a\uff0c\u5c11\u5e74\u4e0d\u8d25\u70ed\u8840\uff01", "title": "\u4e0d\u706d\u795e\u9014", "url": "https://book.qidian.com/info/2862160", "average": -1.0, "cover": "//qidian.qpic.cn/qdbimg/349573/2862160/180", "reviews": -1, "authors": [{"url": "https://me.qidian.com/authorIndex.aspx?id=1922209", "name": "\u6708\u4e2d\u9634"}], "type": ["\u7384\u5e7b", "\u4e1c\u65b9\u7384\u5e7b"], "outlinks": ["https://book.qidian.com/info/2862160", "https://book.qidian.com/info/1010799783", "https://book.qidian.com/info/1010799783", "https://book.qidian.com/info/1009973627", "https://book.qidian.com/info/1009973627", "https://book.qidian.com/info/1010961896", "https://book.qidian.com/info/1010961896", "https://book.qidian.com/info/1009997161", "https://book.qidian.com/info/1009997161", "https://book.qidian.com/info/1010760286", "https://book.qidian.com/info/1010760286", "https://book.qidian.com/info/1010244929", "https://book.qidian.com/info/1010244929", "https://book.qidian.com/info/1572232", "https://book.qidian.com/info/1572232", "https://book.qidian.com/info/1676292", "https://book.qidian.com/info/1676292", "https://book.qidian.com/info/1791258", "https://book.qidian.com/info/1791258", "https://book.qidian.com/info/1960518", "https://book.qidian.com/info/1960518", "https://book.qidian.com/info/2427046", "https://book.qidian.com/info/2427046", "https://book.qidian.com/info/2471136", "https://book.qidian.com/info/2471136", "https://book.qidian.com/info/2545040", "https://book.qidian.com/info/2545040", "https://book.qidian.com/info/3017651", "https://book.qidian.com/info/3017651", "https://book.qidian.com/info/3389264", "https://book.qidian.com/info/3389264", "https://book.qidian.com/info/1009329519", "https://book.qidian.com/info/1009329519", "https://book.qidian.com/info/1011988403", "https://book.qidian.com/info/1009595922", "https://book.qidian.com/info/1011844784", "https://book.qidian.com/info/1011892497", "https://book.qidian.com/info/1011095320", "https://book.qidian.com/info/1011996851", "https://book.qidian.com/info/1011856434", "https://book.qidian.com/info/1011879207", "https://book.qidian.com/info/1011833256", "https://book.qidian.com/info/1011967674"]}