{"ratings": 0.0, "userreviews": [], "description": "\u91cd\u751f\u8fc7\u53bb\u3001\u7545\u60f3\u672a\u6765\u3001\u68a6\u5e7b\u73b0\u5b9e\uff0c\u518d\u5851\u4f20\u5947\u4eba\u751f\uff01", "title": "\u4e0d\u8fdc\u5915\u9633", "url": "https://book.qidian.com/info/1012257211", "average": -1.0, "cover": "//qidian.qpic.cn/qdbimg/349573/1012257211/180", "reviews": -1, "authors": [{"url": "https://me.qidian.com/authorIndex.aspx?id=402544590", "name": "\u516e\u65f8"}], "type": ["\u90fd\u5e02", "\u90fd\u5e02\u751f\u6d3b"], "outlinks": ["https://book.qidian.com/info/1012257211", "https://book.qidian.com/info/31885", "https://book.qidian.com/info/31885", "https://book.qidian.com/info/86766", "https://book.qidian.com/info/86766", "https://book.qidian.com/info/138715", "https://book.qidian.com/info/138715", "https://book.qidian.com/info/158872", "https://book.qidian.com/info/158872", "https://book.qidian.com/info/174075", "https://book.qidian.com/info/174075", "https://book.qidian.com/info/182898", "https://book.qidian.com/info/182898", "https://book.qidian.com/info/1012260759", "https://book.qidian.com/info/1012260759", "https://book.qidian.com/info/1011932150", "https://book.qidian.com/info/1012029544", "https://book.qidian.com/info/1012015699", "https://book.qidian.com/info/1012018201", "https://book.qidian.com/info/1011879101", "https://book.qidian.com/info/1011790606", "https://book.qidian.com/info/1011971435", "https://book.qidian.com/info/1009695534", "https://book.qidian.com/info/1011890878", "https://book.qidian.com/info/1010537314"]}