{"ratings": 0.0, "userreviews": [{"userName": "\u5fae\u7b11\u7684\u8bd7\u610f", "userReviewDate": "\u6628\u65e510:33", "userURL": "https://my.qidian.com/user/19732676", "userReview": "\u5904\u5904\u53ef\u89c1\u4f5c\u8005\u5199\u4f5c\u529f\u529b\u4e4b\u6df1\u3002"}, {"userName": "\u6768\u4e00\u7b11\u51cc\u865a\u5b50", "userReviewDate": "\u6628\u65e509:50", "userURL": "https://my.qidian.com/user/189710560", "userReview": "\u82e5\u662f\u80fd\u957f\u751f\u8981\u4e2a\u52b3\u4ec0\u5b50\u7684\u5f1f\u5b50"}, {"userName": "Sweet2333", "userReviewDate": "2018-06-07", "userURL": "https://my.qidian.com/user/215978131", "userReview": "\u8fd8\u4e0d\u9519\u54e6\uff01\uff01"}, {"userName": "babeile", "userReviewDate": "2018-06-07", "userURL": "https://my.qidian.com/user/132652389", "userReview": "\u7b7e\u5230!!!"}, {"userName": "\u5c0f\u8bf4\u7f51\u53cb", "userReviewDate": "2018-06-06", "userURL": "https://my.qidian.com/user/134508983", "userReview": "\u4f5c\u8005\u4f5c\u6b7b\uff0c\u6389\u6211\u80c3\u53e3\uff0c\u5feb\u70b9\u51fa\u6765\u66f4\u65b0\uff0c\u4e0d\u7136\u6253\u5c41\u5c41\u3002"}, {"userName": "\u82b1\u65e0\u7f3aMendelian", "userReviewDate": "2018-06-05", "userURL": "https://my.qidian.com/user/224474889", "userReview": "\u300a\u53e4\u5251\u7fa4\u4fa0\u5f55\u300b\u6765\u7a7f\u95e8\u4e86\uff0c\u5199\u7684\u5f88\u4e0d\u9519\uff0c\u662f\u91d1\u53e4\u6b66\u4fa0\u7684\u98ce\u683c\uff0c\u5927\u5927\u52a0\u6cb9\uff01"}, {"userName": "\u591c\u6d41\u6e05\u672c\u5c0a", "userReviewDate": "2018-06-05", "userURL": "https://my.qidian.com/user/308410895", "userReview": "\u5199\u7684\u5f88\u597d\uff0c\u300a\u6728\u53f6\u4e4b\u8d77\u821e\u7684\u5b87\u667a\u6ce2\u300b\uff0c\u6c42\u5404\u4f4d\u5927\u4f6c\u5173\u6ce8"}, {"userName": "\u4e66\u53cb120205233422863", "userReviewDate": "2018-06-05", "userURL": "https://my.qidian.com/user/136112562", "userReview": "\u867d\u7136\u8bf4\u5973\u4e3b\u66e6\u7a46\u5f64\u7684\u7ecf\u5386\u591a\u707e\u591a\u96be\uff0c\u770b\u7740\u7cbe\u5f69\uff0c\u4f46\u662f\u4f5c\u8005\u8fd8\u662f\u4e0d\u8981\u592a\u8650\u5973\u4e3b\u4e86\uff0c\u6211\u4eec\u8fd9\u4e9b\u771f\u7231\u7c89\u4f1a\u597d\u96be"}, {"userName": "\u78a7\u53f6\u5c0f\u82b1", "userReviewDate": "2018-06-04", "userURL": "https://my.qidian.com/user/146935334", "userReview": "\u5199\u5f97\u597d\u770b\uff0c\u652f\u6301\u4f5c\u8005"}, {"userName": "\u88f4\u5c0f\u88f4", "userReviewDate": "2018-06-04", "userURL": "https://my.qidian.com/user/133445721", "userReview": "\u517b\u80a5\u4e86\u518d\u770b~\uff01\uff01"}, {"userName": "\u6210\u5929\u66062\u53f7", "userReviewDate": "2018-06-04", "userURL": "https://my.qidian.com/user/306869727", "userReview": "\u4e0d\u660e\u89c9\u5389\uff0c\u4f46\u8fd8\u662f\u8981\u8bf4\u52a0\u6cb9(\u0e07 \u2022\u0300_\u2022\u0301)\u0e07"}, {"userName": "\u5988\u5988\u7231\u866b\u866b", "userReviewDate": "2018-06-04", "userURL": "https://my.qidian.com/user/123539285", "userReview": "\u5982\u679c\u540e\u7eed\u5199\u7684\u597d\u7684\u8bdd\uff0c\u5fc5\u7136\u5927\u706b\u3002"}, {"userName": "\u767b\u5c71\u5ba2", "userReviewDate": "2018-06-04", "userURL": "https://my.qidian.com/user/20623159", "userReview": "\u6295\u4e0a\u4e8c\u7968\u4e86"}, {"userName": "\u585e\u5df4\u65af\u8482\u5b89\u8096", "userReviewDate": "2018-06-03", "userURL": "https://my.qidian.com/user/209855533", "userReview": "\u6bcf\u7ae0\u5c311234\u6ca1\u4e2a\u540d\u5b57\uff0c\u80fd\u529d\u9000\u5f88\u591a\u4eba\u3002\u5305\u62ec\u6211\u4e5f\u88ab\u4f60\u529d\u9000\u4e86\u3002[fn=34]\u518d\u4e5f\u4e0d\u89c1\uff01"}], "description": "\u3010\u7b2c\u4e09\u5c4a\u7f51\u7edc\u539f\u521b\u6587\u5b66\u73b0\u5b9e\u4e3b\u4e49\u9898\u6750\u5f81\u6587\u5927\u8d5b\u3011\u53c2\u8d5b\u4f5c\u54c1", "title": "\u4e0d\u8001\u957f\u751f\u7b93", "url": "https://book.qidian.com/info/1012071024", "average": -1.0, "cover": "//qidian.qpic.cn/qdbimg/349573/1012071024/180", "reviews": -1, "authors": [{"url": "https://me.qidian.com/authorIndex.aspx?id=7912489", "name": "\u51b0\u6eaa01"}], "type": ["\u6b66\u4fa0", "\u4f20\u7edf\u6b66\u4fa0"], "outlinks": ["https://book.qidian.com/info/1012071024", "https://book.qidian.com/info/8334", "https://book.qidian.com/info/8334", "https://book.qidian.com/info/13495", "https://book.qidian.com/info/13495", "https://book.qidian.com/info/14181", "https://book.qidian.com/info/14181", "https://book.qidian.com/info/20117", "https://book.qidian.com/info/20117", "https://book.qidian.com/info/22154", "https://book.qidian.com/info/22154", "https://book.qidian.com/info/41230", "https://book.qidian.com/info/41230", "https://book.qidian.com/info/1011815974", "https://book.qidian.com/info/1011216976", "https://book.qidian.com/info/1012036528", "https://book.qidian.com/info/1011985057", "https://book.qidian.com/info/1011631528", "https://book.qidian.com/info/1011928444", "https://book.qidian.com/info/1011771234", "https://book.qidian.com/info/1011973127", "https://book.qidian.com/info/1005784137", "https://book.qidian.com/info/1011916945"]}