{"ratings": 0.0, "userreviews": [{"userName": "\u5c11\u4f1f\u3002", "userReviewDate": "2018-05-08", "userURL": "https://my.qidian.com/user/209345829", "userReview": "\u5475\u5475\u2192_\u2192"}, {"userName": "\u9648\u5c0f\u840d", "userReviewDate": "2018-04-23", "userURL": "https://my.qidian.com/user/307351958", "userReview": "\u770b\u8fd9\u90e8\u5c0f\u8bf4\u662f\u4e00\u79cd\u4eab\u53d7\uff0c\u6765\u52b2\u3002"}, {"userName": "\u70bd\u7ffc\u5927\u5b9d", "userReviewDate": "2018-04-16", "userURL": "https://my.qidian.com/user/118013561", "userReview": "\u5927\u5927\u5c0f\u8bf4\u4e2d\u7684\u4eba\u7269\u7684\u89d2\u8272\u540d\u53d6\u7684\u5f88\u597d\uff0c\u6c1b\u56f4\uff0c\u80cc\u666f\u90fd\u8425\u9020\u5f97\u4e0d\u9519\uff0c\u8d5e\u4e00\u4e2a\u3002"}, {"userName": "heart \u515c\u515c", "userReviewDate": "2018-04-16", "userURL": "https://my.qidian.com/user/122970073", "userReview": "\u6bcf\u6b21\u5f53\u4e3b\u89d2\u7684\u611f\u60c5\u7206\u53d1\u65f6\uff0c\u90fd\u89c9\u5f97\u7279\u522b\u6709\u611f\u67d3\u529b\uff0c\u80fd\u591f\u6253\u52a8\u6bcf\u4e00\u4e2a\u8bfb\u8005\u3002"}, {"userName": "NOXQ", "userReviewDate": "2018-04-16", "userURL": "https://my.qidian.com/user/133557993", "userReview": "\u5927\u5927\u52a0\u6cb9\u52a0\u6cb9\u52a0\u6cb9"}, {"userName": "XJDX", "userReviewDate": "2018-04-08", "userURL": "https://my.qidian.com/user/146636782", "userReview": "\u5199\u5f97\u4e0d\u9519\uff0c\u63a8\u8350\u7968\u90fd\u7ed9\u4f60\uff01"}, {"userName": "aya29", "userReviewDate": "2018-04-07", "userURL": "https://my.qidian.com/user/114925452", "userReview": "\u4e66\u4e0d\u9519\uff0c\u6bcf\u5929\u90fd\u6295\u63a8\u8350\u7968\u3002"}, {"userName": "\u94f6\u8def\u6613", "userReviewDate": "2018-04-06", "userURL": "https://my.qidian.com/user/118769146", "userReview": "\u4e0d\u5f97\u4e0d\u611f\u53f9\u4e00\u53e5\uff0c\u4f69\u670d\u5927\u5927\u5851\u9020\u4eba\u7269\u7684\u529f\u529b\u3002"}, {"userName": "\u4e66\u53cb140912165859178", "userReviewDate": "2018-04-05", "userURL": "https://my.qidian.com/user/191833043", "userReview": "\u4e3b\u89d2\u771f\u7684\u5f88\u63a5\u5730\u6c14\u4eba\u6c14\u7684\u4e3b\u89d2\uff0c\u7231\u770b\u3002"}, {"userName": "\u97f5\u8f69\u8f95", "userReviewDate": "2018-04-04", "userURL": "https://my.qidian.com/user/113175265", "userReview": "\u5f88\u559c\u6b22\u8fd9\u4e2a\u9898\u6750\uff01\u5e0c\u671b\u4f5c\u8005\u7ee7\u7eed\u5199\u4e0b\u53bb\uff01"}, {"userName": "\u9648\u5c0f\u840d", "userReviewDate": "2018-04-03", "userURL": "https://my.qidian.com/user/307351958", "userReview": "\u597d\u4e66\u554a\uff0c\u7528\u5f15\u4eba\u5165\u80dc\u4e00\u70b9\u4e0d\u8fc7\u5206\uff0c\u8d8a\u6765\u8d8a\u7cbe\u5f69\uff0c\u770b\u5230114\u7ae0\uff0c\u4f5c\u8005\u7684\u7528\u7b14\u600e\u4e48\u5f62\u5bb9\u5462\uff0c\u6211\u8fd8\u8bbe\u60f3\u597d\u3002"}, {"userName": "\u4e66\u53cb130222121108835", "userReviewDate": "2018-04-02", "userURL": "https://my.qidian.com/user/157852905", "userReview": "\u597d\u4e66\u5440\uff0c\u771f\u662f\u5f15\u4eba\u5165\u80dc\uff0c\u6211\u89c9\u5f97\u4f5c\u8005\u628a\u4efb\u52a1\u7684\u5fc3\u7406\u627f\u53d7\u638c\u63e1\u7684\u7279\u522b\u7684\u597d\u3002"}, {"userName": "\u5fc3\u60c5\u51ac\u96ea", "userReviewDate": "2018-04-01", "userURL": "https://my.qidian.com/user/20549206", "userReview": "\u4e0d\u9519\u7684\u4e66\uff0c\u5230\u540e\u9762\u8d8a\u6765\u8d8a\u597d\u770b\uff0c\u4e00\u53e3\u6c14\u5c31\u770b\u5b8c\u4e86\uff0c\u867d\u7136\u6700\u8fd1\u90fd\u662f\u4e09\u66f4\uff0c\u4f46\u8fd8\u662f\u60f3\u7528\u5c0f\u76ae\u97ad\u62bd\u4e00\u62bd\u4f5c\u8005\uff0c"}, {"userName": "\u5c31\u9a74\u5b50", "userReviewDate": "2018-04-01", "userURL": "https://my.qidian.com/user/11156238", "userReview": "\u8fd9\u4e48\u597d\u7684\u4e66\uff0c\u600e\u4e48\u770b\u7684\u4eba\u8fd9\u4e48\u5c11\u554a"}], "description": "\u3010\u519b\u4e8b\u5f81\u6587\u7b2c\u4e00\u5b63\u00b7\u8840\u67d3\u7ea2\u65d7\u6218\u4e0d\u4f11\u3011\u53c2\u8d5b\u4f5c\u54c1", "title": "\u4e0d\u9760\u8c31\u7279\u5de5", "url": "https://book.qidian.com/info/1011327346", "average": -1.0, "cover": "//qidian.qpic.cn/qdbimg/349573/1011327346/180", "reviews": -1, "authors": [{"url": "https://me.qidian.com/authorIndex.aspx?id=401718658", "name": "\u5fc3\u60c5\u9a6c\u7532"}], "type": ["\u519b\u4e8b", "\u8c0d\u6218\u7279\u5de5"], "outlinks": ["https://book.qidian.com/info/1011327346", "https://book.qidian.com/info/1010398240", "https://book.qidian.com/info/1010398240", "https://book.qidian.com/info/1010073463", "https://book.qidian.com/info/1010073463", "https://book.qidian.com/info/1004650252", "https://book.qidian.com/info/1004650252", "https://book.qidian.com/info/1005042490", "https://book.qidian.com/info/1005042490", "https://book.qidian.com/info/1011028489", "https://book.qidian.com/info/1011028489", "https://book.qidian.com/info/1004829455", "https://book.qidian.com/info/1004829455", "https://book.qidian.com/info/1011773651", "https://book.qidian.com/info/1011792881", "https://book.qidian.com/info/1011766727", "https://book.qidian.com/info/1011816033", "https://book.qidian.com/info/1011910483", "https://book.qidian.com/info/1011695819", "https://book.qidian.com/info/1011962771", "https://book.qidian.com/info/1011786182", "https://book.qidian.com/info/1011837374", "https://book.qidian.com/info/1011724908"]}