{"ratings": 0.0, "userreviews": [{"userName": "\u6d45\u7b11\u8f7b\u7eb1", "userReviewDate": "2013-09-09", "userURL": "https://my.qidian.com/user/6690419", "userReview": "\u6d45\u7b11\u8f7b\u7eb1\u6253\u8d4f\u5bd2\u6b66\u8bb0 50000\u8d77\u70b9\u5e01\u3000\u300a\u4e0e\u5b50\u5055\u884c\u300b\u5b57\u5b57\u73e0\u7391\uff0c\u5982\u9b3c\u65a7\u795e\u5de5\u3002\u6d45\u7b11\u8f7b\u7eb1\u501f\u5f97\u4e09\u751f\u77f3"}, {"userName": "\u6d45\u7b11\u8f7b\u7eb1", "userReviewDate": "2013-01-30", "userURL": "https://my.qidian.com/user/6690419", "userReview": "\u6d45\u7b11\u8f7b\u7eb1\u6253\u8d4f\u5bd2\u6b66\u8bb0 50000\u8d77\u70b9\u5e01\u3000\u300a\u4e0e\u5b50\u5055\u884c\u300b\u5b57\u5b57\u73e0\u7391\uff0c\u5982\u9b3c\u65a7\u795e\u5de5\u3002\u6d45\u7b11\u8f7b\u7eb1\u501f\u5f97\u4e09\u751f\u77f3"}, {"userName": "\u6d45\u7b11\u8f7b\u7eb1", "userReviewDate": "2013-01-30", "userURL": "https://my.qidian.com/user/6690419", "userReview": "\u6d45\u7b11\u8f7b\u7eb1\u6253\u8d4f\u5bd2\u6b66\u8bb0 50000\u8d77\u70b9\u5e01\u3000\u6d45\u7b11\u8f7b\u7eb1\u5728\u7476\u6c60\u52e4\u52e4\u6073\u6073\u6253\u7406\u836f\u5703\u82b1\u56ed\u4e94\u767e\u5e74\uff0c\u5f97\u7075\u79cd\u4e00\u679a"}, {"userName": "\u6d45\u7b11\u8f7b\u7eb1", "userReviewDate": "2013-01-30", "userURL": "https://my.qidian.com/user/6690419", "userReview": "\u6d45\u7b11\u8f7b\u7eb1\u6253\u8d4f\u5bd2\u6b66\u8bb0 50000\u8d77\u70b9\u5e01\u3000\u6d45\u7b11\u8f7b\u7eb1\u5728\u7476\u6c60\u52e4\u52e4\u6073\u6073\u6253\u7406\u836f\u5703\u82b1\u56ed\u4e94\u767e\u5e74\uff0c\u5f97\u7075\u79cd\u4e00\u679a"}, {"userName": "\u4e28\u706cSoul\u4e36\u843d\u5e55", "userReviewDate": "2013-01-29", "userURL": "https://my.qidian.com/user/148932839", "userReview": "\u4e28\u706cSoul\u4e36\u843d\u5e55\u6253\u8d4f\u5bd2\u6b66\u8bb0 50000\u8d77\u70b9\u5e01\u3000\u300a\u4e0e\u5b50\u5055\u884c\u300b\u5b57\u5b57\u73e0\u7391\uff0c\u5982\u9b3c\u65a7\u795e\u5de5\u3002\u4e28\u706cSo"}, {"userName": "\u4e0e\u5b50\u3058\u2606ve", "userReviewDate": "2013-01-24", "userURL": "https://my.qidian.com/user/150267739", "userReview": "\u4e66\u8bc4\u533a\u7f6e\u9876\u5e16\u6709\u9650\uff0c\u6545\u6536\u96c6\u4e86\u5404\u4f4d\u4e66\u53cb\u4ece\u4e0e\u5b50\u5055\u884c\u5f00\u6587\u5f00\u59cb\u4ee5\u6765\u7684\u957f\u8bc4\uff0c\u4f9b\u5927\u5bb6\u6b23\u8d4f\uff0c\u4ee5\u4e0b\u957f\u8bc4\u4ee5\u65f6\u95f4"}, {"userName": "see_an", "userReviewDate": "2013-01-08", "userURL": "https://my.qidian.com/user/136069192", "userReview": "see_an\u6253\u8d4f\u5bd2\u6b66\u8bb0 100000\u8d77\u70b9\u5e01\u3000\u4e00\u6392\u86cb\u86cb\u653e\u5728\u76d2\u5b50\u91cc\uff0c\u603b\u6709\u90a3\u4e48\u4e00\u679a\u5f88\u7279\u522b\u2026\u2026\u201c\u770b"}, {"userName": "\u50b2\u4e16~``~\u82cd\u9f99", "userReviewDate": "2018-04-05", "userURL": "https://my.qidian.com/user/4880150", "userReview": "\u4e09\u62dc\u4e5d\u53e9\u56de\u5bb6"}, {"userName": "\u4e66\u53cb170103075315963", "userReviewDate": "2018-03-19", "userURL": "https://my.qidian.com/user/227692262", "userReview": "\u597d\u770b\u5417\uff1f[fn=31]"}, {"userName": "\u67ab\u6797\u9752\u9752", "userReviewDate": "2018-03-18", "userURL": "https://my.qidian.com/user/122539564", "userReview": "\u53c8\u770b\u5b8c\u4e00\u904d\u4e86\uff0c\u53ea\u80fd\u8bf4\uff0c\u53ef\u60dc\u4e86\u5b89\u90e1\u738b\ud83d\ude2d\ud83d\ude2d\ud83d\ude2d\ud83d\ude2d"}, {"userName": "\u50b2\u4e16~``~\u82cd\u9f99", "userReviewDate": "2018-03-14", "userURL": "https://my.qidian.com/user/4880150", "userReview": "\u5de1\u8003\u5c31\u90a3\u4e48"}, {"userName": "\u7389\u537f\u8863", "userReviewDate": "2018-03-02", "userURL": "https://my.qidian.com/user/219083851", "userReview": "\u6c34\u7ecf\u9a8c\u6c34\u7ecf\u9a8c"}, {"userName": "\u50b2\u4e16~``~\u82cd\u9f99", "userReviewDate": "2018-02-27", "userURL": "https://my.qidian.com/user/4880150", "userReview": "\u53cc\u63a7\u5f00\u5173\u597d"}, {"userName": "\u5eb7\u5e73\u5988\u5988", "userReviewDate": "2018-02-01", "userURL": "https://my.qidian.com/user/110223032", "userReview": "\u597d\u591a\u63ed\u79d8\u548c\u9ad8\u6f6e\u7ae0\u8282\u90fd\u770b\u4e0d\u5230\uff0c\u770b\u7684\u592a\u90c1\u95f7\u4e86\uff0c\u8fd9\u4e48\u591a\u5e74\u575a\u6301\u82b1\u94b1\u770b\u6b63\u7248\u5c31\u770b\u5230\u8fd9\u4e2a\u6548\u679c\uff0c\u592a\u4ee4\u4eba\u4f24\u5fc3"}], "description": "\u9752\u7816\u7eff\u74e6\uff0c\u964c\u4e0a\u82b1\u5f00\u9999\u67d3\u8863\uff1b\u6731\u95e8\u7d2b\u6bbf\uff0c\u7d20\u624b\u6458\u661f\u9713\u4f5c\u88f3\u3002", "title": "\u4e0e\u5b50\u5055\u884c", "url": "https://book.qidian.com/info/2371387", "average": -1.0, "cover": "//qidian.qpic.cn/qdbimg/349573/2371387/180", "reviews": -1, "authors": [{"url": "https://me.qidian.com/authorIndex.aspx?id=2419771", "name": "\u5bd2\u6b66\u8bb0"}], "type": ["\u53e4\u4ee3\u8a00\u60c5", "\u7a7f\u8d8a\u5947\u60c5"], "outlinks": ["https:https://book.qidian.com/info/1011421405?qd_game_key=1011421405&qd_dd_p1=11272", "https://book.qidian.com/info/2371387", "https://book.qidian.com/info/1009549788", "https://book.qidian.com/info/1009549788", "https://book.qidian.com/info/1009456472", "https://book.qidian.com/info/1009456472", "https://book.qidian.com/info/1009530425", "https://book.qidian.com/info/1009530425", "https://book.qidian.com/info/1010304328", "https://book.qidian.com/info/1010304328", "https://book.qidian.com/info/1008844598", "https://book.qidian.com/info/1008844598", "https://book.qidian.com/info/1010745560", "https://book.qidian.com/info/1010745560", "https://book.qidian.com/info/1954695", "https://book.qidian.com/info/1954695", "https://book.qidian.com/info/2147744", "https://book.qidian.com/info/2147744", "https://book.qidian.com/info/2538368", "https://book.qidian.com/info/2538368", "https://book.qidian.com/info/2568179", "https://book.qidian.com/info/2568179", "https://book.qidian.com/info/3192931", "https://book.qidian.com/info/3192931", "https://book.qidian.com/info/3471207", "https://book.qidian.com/info/3471207", "https://book.qidian.com/info/1003517327", "https://book.qidian.com/info/1003517327", "https://book.qidian.com/info/1004439621", "https://book.qidian.com/info/1010699142", "https://book.qidian.com/info/1010673874", "https://book.qidian.com/info/1010228299", "https://book.qidian.com/info/1011254335", "https://book.qidian.com/info/1010623336", "https://book.qidian.com/info/1011901077", "https://book.qidian.com/info/1010774701", "https://book.qidian.com/info/1010808763", "https://book.qidian.com/info/1011306057"]}