{"ratings": 0.0, "userreviews": [{"userName": "\u841d\u8389\u5450\u8001\u8868", "userReviewDate": "2018-04-28", "userURL": "https://my.qidian.com/user/216948222", "userReview": "\u841d\u8389\u5450\u8001\u8868\u6253\u8d4f\u5c71\u4e0b\u51fa\u6c34 50000\u8d77\u70b9\u5e01  \u8fd9\u672c\u4e66\u5199\u7684\u592a\u597d\u4e86,\u7292\u52b3\u4e00\u4e0b\u5e0c\u671b\u540e\u7eed\u66f4\u7cbe\u5f69!"}, {"userName": "\u8001\u677f\u6765\u4e00\u4e2a\u624b\u6293\u997c", "userReviewDate": "2018-04-12", "userURL": "https://my.qidian.com/user/226006542", "userReview": "\u5927\u5510\u98ce\u534e\u8def\u8fc7\u6765\u7684\uff0c\u6211\u5728\u8363\u8000\u770b\u4e66\uff0c\u8d77\u70b9\u6253\u8d4f\uff0c\u6211\u770b\u4e66\u4ece\u6765\u90fd\u662f\u4e0d\u6253\u8d4f\u7684\uff0c\u4f46\u4f5c\u8005\u7684\u7684\u4e66\u8f7b\u677e\u6709\u8da3\uff0c\u5f15"}, {"userName": "\u4e34\u6c82\u72ee\u5b50", "userReviewDate": "2018-04-09", "userURL": "https://my.qidian.com/user/304363497", "userReview": "\u4e34\u6c82\u72ee\u5b50\u6253\u8d4f\u5c71\u4e0b\u51fa\u6c34 50000\u8d77\u70b9\u5e01  \u4e0e\u56fd\u5171\u6b66"}, {"userName": "\u4e34\u6c82\u72ee\u5b50", "userReviewDate": "2018-04-09", "userURL": "https://my.qidian.com/user/304363497", "userReview": "\u4e34\u6c82\u72ee\u5b50\u6253\u8d4f\u5c71\u4e0b\u51fa\u6c34 50000\u8d77\u70b9\u5e01  \u4e0e\u56fd\u5171\u6b66"}, {"userName": "\u6df5\u6e90\u95a3", "userReviewDate": "20\u5206\u949f\u524d", "userURL": "https://my.qidian.com/user/304807660", "userReview": "\u90a3\u4e2a\u7eaa\u5343\u5343\u8ddf\u79e6\u6dee\u6cb3\u7eaa\u828a\u828a\u6709\u4ec0\u4e48\u5173\u7cfb\uff1f"}, {"userName": "\u6211\u60f3\u5c0f\u751f\u544a\u8bc9\u4f60", "userReviewDate": "25\u5206\u949f\u524d", "userURL": "https://my.qidian.com/user/211827873", "userReview": "\u73b0\u5728\u8d77\u70b9\u770b\u76d7\u7248\u7684\u90fd\u6562\u5927\u58f0\u8bf4\u8bdd\u4e86\uff1f"}, {"userName": "FBFZHENG", "userReviewDate": "42\u5206\u949f\u524d", "userURL": "https://my.qidian.com/user/304114427", "userReview": "\u6709\u6ca1\u6709\u795e\u519c\uff1f"}, {"userName": "\u67ef\u5170\uff0c\u6de1\u6de1\u5170\u9999", "userReviewDate": "2\u5c0f\u65f6\u524d", "userURL": "https://my.qidian.com/user/123752906", "userReview": "\u67ef\u5170\uff0c\u6de1\u6de1\u5170\u9999\u6253\u8d4f\u5c71\u4e0b\u51fa\u6c34 1000000\u8d77\u70b9\u5e01  \u5fc3\u6f6e\u6f8e\u6e43\uff0c\u76f8\u89c1\u6068\u665a\uff0c\u767e\u4e07\u867d\u5de8\uff0c\u4ea6\u96be\u8868\u543e"}, {"userName": "\u591c\u8fb0\u7eb1", "userReviewDate": "2\u5c0f\u65f6\u524d", "userURL": "https://my.qidian.com/user/161243390", "userReview": "\u8bb2\u9053\u7406\u4f5c\u8005\u4e0d\u8981\u4e3a\u4e86\u723d\u60f3\u600e\u4e48\u6765\u5c31\u600e\u4e48\u6765\u554a\uff0c\u524d\u9762\u4e3b\u89d2\u8fd8\u662f\u90a3\u79cd\u5c0f\u5fc3\u7ffc\u7ffc\u7684\uff0c\u540e\u9762\u5374\u5404\u79cd\u7316\u72c2\uff0c\u5404\u79cd\u8ddf"}, {"userName": "\u8c0b\u9b42\u5929\u4e0b", "userReviewDate": "2\u5c0f\u65f6\u524d", "userURL": "https://my.qidian.com/user/225357123", "userReview": "\u597d\u6709\u9762\u5b50\u7684\u4e66"}, {"userName": "\u6b22\u4e50\u5c0f\u571f\u8c46", "userReviewDate": "2\u5c0f\u65f6\u524d", "userURL": "https://my.qidian.com/user/218549146", "userReview": "\u5c71\u4e0b\u51fa\u6c34\uff0c\u4eba\u540e\u51fa\u7fd4"}, {"userName": "\u5b66\u6d770\u65e0\u6daf", "userReviewDate": "3\u5c0f\u65f6\u524d", "userURL": "https://my.qidian.com/user/214945423", "userReview": "\u5927\u58f0\u544a\u8bc9\u6211\uff0c\u4e00\u767e\u4e07\u80fd\u51e0\u6b21\u5927\u5b9d\u5251"}, {"userName": "\u5509\u8001\u7528\u6237\u65b0\u8d26\u53f7", "userReviewDate": "5\u5c0f\u65f6\u524d", "userURL": "https://my.qidian.com/user/228853235", "userReview": "100\u4e07\u554a\u8fc7\u6765\u770b\u770b\u725b\u4e0d\u725b"}, {"userName": "\u4e66\u8352\u4e00\u767e\u6495\u4e0d\u5f97\u9a91\u59d0\u4e00", "userReviewDate": "6\u5c0f\u65f6\u524d", "userURL": "https://my.qidian.com/user/231610528", "userReview": "\u672c\u6765\u6253\u7b97\u770b\u770b\u7684\uff0c\u624d\u53d1\u73b0\u53ea\u670928w\u5b57\u3002\u3002\u3002\u3002\u5148\u6536\u85cf\u5427\u3002\u3002\u3002\u3002\u3002\u3002\u3002\u9aa8\u67b6\u5b50\u597d\u770b\u4e0d\u597d\u5403\uff0c\u8fd8\u662f\u4e30\u6ee1"}], "description": "\u9192\u638c\u5929\u4e0b\u6743\uff0c\u9189\u5367\u7f8e\u4eba\u819d\uff0c\u4e94\u5343\u5e74\u98ce\u534e\u70df\u96e8\uff0c\u662f\u975e\u6210\u8d25\u8f6c\u5934\u7a7a\uff01", "title": "\u4e0e\u56fd\u5171\u6b66", "url": "https://book.qidian.com/info/1011694302", "average": -1.0, "cover": "//qidian.qpic.cn/qdbimg/349573/1011694302/180", "reviews": -1, "authors": [{"url": "https://me.qidian.com/authorIndex.aspx?id=4805783", "name": "\u5c71\u4e0b\u51fa\u6c34"}], "type": ["\u5386\u53f2", "\u67b6\u7a7a\u5386\u53f2"], "outlinks": ["https://book.qidian.com/info/1011694302", "https://book.qidian.com/info/1004892351", "https://book.qidian.com/info/1004892351", "https://book.qidian.com/info/1009911459", "https://book.qidian.com/info/1009911459", "https://book.qidian.com/info/1004175804", "https://book.qidian.com/info/1004175804", "https://book.qidian.com/info/1004984707", "https://book.qidian.com/info/1004984707", "https://book.qidian.com/info/1004588586", "https://book.qidian.com/info/1004588586", "https://book.qidian.com/info/1009882772", "https://book.qidian.com/info/1009882772", "https://book.qidian.com/info/1004892351", "https://book.qidian.com/info/1004892351", "https://book.qidian.com/info/1011800596", "https://book.qidian.com/info/1010891668", "https://book.qidian.com/info/1011773910", "https://book.qidian.com/info/1011783347", "https://book.qidian.com/info/1011643843", "https://book.qidian.com/info/1011476924", "https://book.qidian.com/info/1011635441", "https://book.qidian.com/info/1009999928", "https://book.qidian.com/info/1006932473", "https://book.qidian.com/info/1005080011"]}