{"ratings": 0.0, "userreviews": [{"userName": "Simge", "userReviewDate": "2011-01-16", "userURL": "https://my.qidian.com/user/105003118", "userReview": "\u7279\u522b\u559c\u6b22\u4f5c\u8005\u5199\u7684\u4e66\uff01\u52a0\u6cb9\uff01\u6211\u4e5f\u662f\u5c0f\u8bfb\u8005\uff0c\u6ca1\u6709\u4ec0\u4e48\u7968\u554a\u7684\u7ed9\u4f5c\u8005\uff0c\u4f46\u771f\u5fc3\u5e0c\u671b\u4f5c\u8005\u52a0\u6cb9\uff01"}, {"userName": "\u6e38\u5ba2", "userReviewDate": "2010-10-15", "userURL": "https://my.qidian.com/user/0", "userReview": "\u5927\u529b\u652f\u6301\u4e00\u4e0b\uff0c\u5e0c\u671b\u5c3d\u65e9\u4e70\u5230\u8fd9\u672c\u4e66\u3002\u52a0\u6cb9\u5427\uff0c\u5b9d\u8d1d\u513f\uff01"}, {"userName": "\u6e38\u5ba2", "userReviewDate": "2010-10-06", "userURL": "https://my.qidian.com/user/0", "userReview": "\u5199\u7684\u4e0d\u9519\uff0c\u4e0d\u8fc7\u611f\u89c9\u7f3a\u5c11\u70b9\u9ad8\u6f6e\uff0c\u6709\u70b9\u5e73\u6de1"}, {"userName": "\u6e38\u5ba2", "userReviewDate": "2010-08-27", "userURL": "https://my.qidian.com/user/0", "userReview": "\u9876\u5f88\u597d\u4f69\u670d"}, {"userName": "/\u5c71\u5c9a\uff0c\u3001", "userReviewDate": "2009-12-31", "userURL": "https://my.qidian.com/user/112361551", "userReview": "\u4f5c\u8005\u52a0\u6cb9\uff01"}, {"userName": "/\u5c71\u5c9a\uff0c\u3001", "userReviewDate": "2009-12-31", "userURL": "https://my.qidian.com/user/112361551", "userReview": "\u52a0\u6cb9\u66f4\u65b0\uff0c"}, {"userName": "", "userReviewDate": "2009-12-12", "userURL": "https://my.qidian.com/user/112947014", "userReview": "\u4e66\u5e97\u6709\u6ca1\u6709\u5356?"}, {"userName": "\u53e8\u53e8\u53e8\u2018\u771f\u5200", "userReviewDate": "2009-11-07", "userURL": "https://my.qidian.com/user/112241995", "userReview": "\u4f5c\u8005\u52a0\u6cb9\uff01"}, {"userName": "\u5c0f\u5c0f\u98ce\u8377", "userReviewDate": "2009-10-19", "userURL": "https://my.qidian.com/user/12450317", "userReview": "\u51b7\u51b7\u51b7\uff0c\u522b\u6709\u4e00\u756a\u6ecb\u5473\u5728\u5fc3\u5934\u3002"}, {"userName": "\u4e91\u6816\u543e\u57ce", "userReviewDate": "2017-08-16", "userURL": "https://my.qidian.com/user/304002600", "userReview": "\u4fee\u884c\u4e09\u8981\u7d20\uff0c\u5929\u8d4b\u7b2c\u4e8c\uff0c\u6052\u5fc3\u7b2c\u4e09\u3002\u7b2c\u4e00\u662f\u4ec0\u4e48\uff1f\u5f53\u7136\u662f\u91d1\u94b1\uff01\u4f5c\u4e3a\u5929\u4e0b\u7b2c\u4e00\u96c4\u57ce\u7684\u5c11\u57ce\u4e3b\uff0c\u65bd\u77e5\u4e49\u5e76"}, {"userName": "\u5feb\u73b2", "userReviewDate": "2017-08-11", "userURL": "https://my.qidian.com/user/230720898", "userReview": "\u5f88\u4e0d\u9519\uff0c\u4f46\u662f\u5982\u679c\u662f\u6211\u7edd\u5bf9\u4e0d\u4f1a\u5c31\u8fd9\u6837\u606f\u4e8b\u5b81\u4eba\uff0c\u5982\u679c\u4e00\u6b21\u4e24\u6b21\u7684\u5fcd\u8ba9\u80fd\u6362\u6765\u548c\u5e73\u4e5f\u884c\uff0c\u4f46\u662f\u5982\u679c\u6362\u6210"}, {"userName": "\u6c34\u5370mm", "userReviewDate": "2010-09-21", "userURL": "https://my.qidian.com/user/21344167", "userReview": "\u7ae5\u8bdd\u4e00\u6837\u7684\u7ed3\u5c40\uff0c\u8ba9\u4eba\u611f\u52a8~"}, {"userName": "/\u5c71\u5c9a\uff0c\u3001", "userReviewDate": "2010-01-24", "userURL": "https://my.qidian.com/user/112361551", "userReview": "\u9119\u89c6\u4f60\uff0c\u9119\u89c6\u4f60\u3002\u4e3a\u4ec0\u4e48\u5199\u8fd9\u4e48\u4e00\u70b9,,\u591a\u5199\u70b9\u561b,\u6211\u5bb6\u5395\u6240\u53c8\u6ca1\u7eb8\u4e86.\u4e0b\u672c\u4e66\u4e0d\u8981\u8fd9\u4e48\u5feb\u5b8c\u7ed3\u4e86,"}, {"userName": "\u5929\u4f7f\u732b\u5988", "userReviewDate": "2010-01-05", "userURL": "https://my.qidian.com/user/108740459", "userReview": "\u597d\u6df1\u4e00\u4e2a\u5751\uff0c\u66f4\u65b0\u5f97\u592a\u6162\u4e86"}], "description": "", "title": "\u4e0e\u5a46\u5a46\u540c\u5c45\u7684\u65e5\u5b50", "url": "https://book.qidian.com/info/1367780", "average": -1.0, "cover": "//qidian.qpic.cn/qdbimg/349573/1367780/180", "reviews": -1, "authors": [{"url": "https://me.qidian.com/authorIndex.aspx?id=1705170", "name": "\u6d77\u5e95\u7b71\u5973\u5deb"}], "type": ["\u77ed\u7bc7", "\u77ed\u7bc7\u5c0f\u8bf4"], "outlinks": ["https://book.qidian.com/info/1367780", "https://book.qidian.com/info/1182948", "https://book.qidian.com/info/1182948", "https://book.qidian.com/info/1830315", "https://book.qidian.com/info/1830315", "https://book.qidian.com/info/2083451", "https://book.qidian.com/info/2083451", "https://book.qidian.com/info/1003429173", "https://book.qidian.com/info/1003429173", "https://book.qidian.com/info/2548528", "https://book.qidian.com/info/2548528", "https://book.qidian.com/info/1010150447", "https://book.qidian.com/info/1010150447", "https://book.qidian.com/info/1009312005", "https://book.qidian.com/info/1136277", "https://book.qidian.com/info/1830315", "https://book.qidian.com/info/1011168558", "https://book.qidian.com/info/1004575373", "https://book.qidian.com/info/1004088722", "https://book.qidian.com/info/1945698", "https://book.qidian.com/info/1010642969", "https://book.qidian.com/info/1003669419", "https://book.qidian.com/info/1011683374"]}