{"ratings": 0.0, "userreviews": [{"userName": "\u6210\u620a\u620c", "userReviewDate": "2018-05-27", "userURL": "https://my.qidian.com/user/227344763", "userReview": "\u611f\u8c22\u54e5\u4eec\u513f\u900d\u9065\u660e\u738b\u7684\u6708\u7968\uff0c\u4e59\u536b\u611f\u6fc0\u4e0d\u5c3d\uff0c\u957f\u65f6\u95f4\u7684\u966a\u4f34\u72b9\u5982\u7ed9\u6211\u5b64\u5bc2\u7684\u524d\u8def\u683d\u6ee1\u4e86\u9c9c\u82b1\uff0c\u8c22\u4e86\uff0c\u54e5"}, {"userName": "\u6210\u620a\u620c", "userReviewDate": "2018-05-26", "userURL": "https://my.qidian.com/user/227344763", "userReview": "\u611f\u8c22\u201c\u543e\u4f3c\u4f60\u7238\u7238\u201d\u73cd\u8d35\u7684\u4e00\u5f20\u6708\u7968\u53ca\u4e09\u5f20\u63a8\u8350\u7968\u7684\u652f\u6301\uff01\u5728\u4e0b\u611f\u6fc0\u6d95\u96f6\uff0c\u53e9\u9996\u81f4\u8c22!\u4f60\u7684\u652f\u6301\u5c31\u662f\u6211"}, {"userName": "\u6728\u6728\u5316\u6728", "userReviewDate": "2018-05-26", "userURL": "https://my.qidian.com/user/201995410", "userReview": "258\u8d25\u9000\u3002\u4e0d\u77e5\u9053\u4f5c\u8005\u662f\u4e0d\u662f\u6362\u4eba\u4e86\u3002\u6211\u5c31\u65e0\u8bed\u4e86\uff0c\u4e00\u4e2a\u6562\u8ba1\u8c0b\u5c3d\u51fa\uff0c\u5751\u6740\u664b\u5e03\u7684\u4eba\u3002\u4e4b\u540e\u53cd\u5012\u8d8a\u53d8"}, {"userName": "\u68b5\u5c27", "userReviewDate": "2018-05-16", "userURL": "https://my.qidian.com/user/224855640", "userReview": "\u6709\u521b\u610f\uff0c\u6709\u60f3\u6cd5\uff0c\u4e5f\u6709\u6587\u7b14\u3002\u5386\u53f2\u672c\u6765\u5c31\u662f\u4efb\u4eba\u6253\u626e\u7684\u5c0f\u59d1\u5a18\uff0c\u4e2d\u534e\u4e0a\u4e0b\u4e94\u5343\u5e74\u7684\u5386\u53f2\u9690\u57cb\u4e86\u592a\u591a\u79d8\u5bc6"}, {"userName": "\u5415\u5929\u867e11743", "userReviewDate": "2018-05-13", "userURL": "https://my.qidian.com/user/315027310", "userReview": "\u7ed3\u675f\u4e86\uff0c\u7b7e\u5230"}, {"userName": "\u7ea2\u6708\u4e0b\u7684\u5f7c\u5cb8\u82b1", "userReviewDate": "2018-05-09", "userURL": "https://my.qidian.com/user/190920742", "userReview": "Emmmm\u8bb2\u9053\u7406\u79e6\u56fd"}, {"userName": "\u6210\u620a\u620c", "userReviewDate": "2018-05-03", "userURL": "https://my.qidian.com/user/227344763", "userReview": "\u611f\u8c22\u900d\u9065\u660e\u738b\u6bcf\u65e5\u4e0d\u8f8d\u7684\u63a8\u8350\u7968\u652f\u6301\uff01\u4f5c\u8005\u541b\u8868\u793a\u5f88\u611f\u52a8\uff0c\u54e5\u4eec\u513f\u8c22\u4e86\uff01"}, {"userName": "\u543e\u51b3\u4e0d\u8dea\u8214", "userReviewDate": "2018-03-03", "userURL": "https://my.qidian.com/user/218873359", "userReview": "\u79e6\u59cb\u7687\u554a\uff0c\u5e0c\u671b\u5199\u51fa\u4ed6\u7684\u9738\u6c14"}, {"userName": "\u7edd\u3005\u4ed9", "userReviewDate": "2018-02-22", "userURL": "https://my.qidian.com/user/8147599", "userReview": "\u4f5c\u8005\u5927\u5927\u662f\u771f\u7684\u6709\u6bc5\u529b\uff0c\u5c31\u51b2\u8fd9\u6bc5\u529b\uff0c\u63a5\u4e0b\u6765\u4e00\u5468\u7684\u63a8\u8350\u7968\u5c31\u5728\u4f60\u8fd9\u843d\u6237\u4e86\u3002[fn=2]"}, {"userName": "\u535c\u559c\u6b22\u58f9\u55f0\u4eba", "userReviewDate": "2018-02-02", "userURL": "https://my.qidian.com/user/101881380", "userReview": "\u5148\u6536\u85cf\u4e86\uff01"}, {"userName": "\u96c1\u897f\u6e56\u58a8\u5fb7", "userReviewDate": "2018-01-21", "userURL": "https://my.qidian.com/user/214406251", "userReview": "\u800c\u4e14\u516d\u56fd\u5c31\u7b97\u7edf\u4e00\u4e86\uff0c\u4e5f\u6c11\u5fc3\u4e0d\u7a33\uff0c\u8bf8\u5b50\u767e\u5bb6\u7684\u95ee\u9898\u3002"}, {"userName": "\u5b85\u7537\u7231\u770b\u4e66\uff01", "userReviewDate": "2017-12-26", "userURL": "https://my.qidian.com/user/169012655", "userReview": "\u8fd9\u5e8f\u8a00\u4e0d\u9519\uff0c\u8df3\u51fa\u524d\u4eba\u7ed9\u7684\u601d\u60f3\u6846\u67b6\uff0c\u6211\u89c9\u5f97\u8fd9\u4e66\u80fd\u770b\u770b[fn=33]"}, {"userName": "\u6210\u620a\u620c", "userReviewDate": "2017-12-23", "userURL": "https://my.qidian.com/user/227344763", "userReview": "\u611f\u8c22\u5984\u60f3\u7684\u767d\u72d0\u8bda\u631a\u63a8\u8350\uff0c\u4f60\u7684\u652f\u6301\u5c31\u662f\u6211\u524d\u8fdb\u7684\u52a8\u529b!"}, {"userName": "\u6210\u620a\u620c", "userReviewDate": "2017-12-23", "userURL": "https://my.qidian.com/user/227344763", "userReview": "\u611f\u8c22\u5c0f\u6d69\u71a0\u8bda\u631a\u63a8\u8350\uff0c\u4f60\u7684\u652f\u6301\u5c31\u662f\u6211\u524d\u8fdb\u7684\u52a8\u529b!"}], "description": "\u9192\u638c\u5929\u4e0b\u6743\uff0c\u9189\u5367\u7f8e\u4eba\u819d\uff0c\u4e94\u5343\u5e74\u98ce\u534e\u70df\u96e8\uff0c\u662f\u975e\u6210\u8d25\u8f6c\u5934\u7a7a\uff01", "title": "\u4e0e\u79e6\u59cb\u7687\u505a\u54e5\u4eec\u513f", "url": "https://book.qidian.com/info/1004984468", "average": -1.0, "cover": "//qidian.qpic.cn/qdbimg/349573/1004984468/180", "reviews": -1, "authors": [{"url": "https://me.qidian.com/authorIndex.aspx?id=9703905", "name": "\u620a\u4e59\u536b"}], "type": ["\u5386\u53f2", "\u79e6\u6c49\u4e09\u56fd"], "outlinks": ["https://book.qidian.com/info/1004984468", "https://book.qidian.com/info/1010588582", "https://book.qidian.com/info/1010588582", "https://book.qidian.com/info/1009537270", "https://book.qidian.com/info/1009537270", "https://book.qidian.com/info/1010950381", "https://book.qidian.com/info/1010950381", "https://book.qidian.com/info/1004826749", "https://book.qidian.com/info/1004826749", "https://book.qidian.com/info/1009373800", "https://book.qidian.com/info/1009373800", "https://book.qidian.com/info/1006996584", "https://book.qidian.com/info/1006996584", "https://book.qidian.com/info/1011800596", "https://book.qidian.com/info/1010891668", "https://book.qidian.com/info/1011773910", "https://book.qidian.com/info/1011783347", "https://book.qidian.com/info/1011643843", "https://book.qidian.com/info/1011476924", "https://book.qidian.com/info/1011635441", "https://book.qidian.com/info/1009999928", "https://book.qidian.com/info/1006932473", "https://book.qidian.com/info/1005080011"]}