{"ratings": 0.0, "userreviews": [{"userName": "\u963f\u98de100", "userReviewDate": "2011-06-08", "userURL": "https://my.qidian.com/user/203022", "userReview": "\u8001\u9ed1\u7684\u5fc3\u7406\u9762\u591f\u9634\u6697\u7684!!\u4f46\u5173\u4e8e\u4e5e\u4e10\u90a3\u4e00\u6bb5\u662f\u63cf\u7ed8\u7684\u5165\u9aa8\u4e09\u5206,\u628a\u793e\u4f1a\u4e8b\u5b9e\u5b58\u5728\u7684\u9634\u6697\u9762\u5168\u63ed\u51fa\u6765\u4e86"}, {"userName": "\u53cc\u5b50\u661f\u7075\u70c1", "userReviewDate": "2010-10-07", "userURL": "https://my.qidian.com/user/7398504", "userReview": "\u3000\u3000\u8c01\u8bf4\u79d1\u5e7b\u5c0f\u8bf4\u4e00\u5b9a\u8981\u62d8\u6ce5\u4e8e\u73b0\u5b9e\u7684\uff1f\uff01\u6211\u5c31\u4e0d\u540c\u610f\uff0c\u79d1\u5e7b\u5c0f\u8bf4\u5728\u67d0\u79cd\u7a0b\u5ea6\u4e0a\u53ef\u4ee5\u53d1\u5c55\u5230\u4eba\u6240\u672a\u77e5\u7684"}, {"userName": "\u70c8\u7130\u5973\u738b", "userReviewDate": "2018-05-24", "userURL": "https://my.qidian.com/user/187132968", "userReview": "\u8001\u9ed1\uff0c\u6211\u7ed9\u4f60\u6295\u4e86\u63a8\u8350\u7968\uff0c\u6708\u7968\uff0c\u6253\u8d4f\u3002\u4f60\u8fd8\u7ee7\u7eed\u5199\u4e0d\uff1f"}, {"userName": "\u70c8\u7130\u5973\u738b", "userReviewDate": "2018-05-23", "userURL": "https://my.qidian.com/user/187132968", "userReview": "\u4f60\u5c31\u662f\u4e0d\u65ad\u70c2\u5c3e"}], "description": "\u4fee\u4ed9\u89c5\u957f\u751f\uff0c\u70ed\u8840\u4efb\u900d\u9065\uff0c\u8e0f\u83b2\u66f3\u6ce2\u6da4\u5251\u9aa8\uff0c\u51ed\u865a\u5fa1\u98ce\u5851\u5723\u9b42\uff01", "title": "\u4e10\u9b54", "url": "https://book.qidian.com/info/1001409", "average": -1.0, "cover": "//qidian.qpic.cn/qdbimg/349573/1001409/180", "reviews": -1, "authors": [{"url": "https://me.qidian.com/authorIndex.aspx?id=4363035", "name": "\u9ed1\u5929\u9b54\u795e"}], "type": ["\u4ed9\u4fa0", "\u5e7b\u60f3\u4fee\u4ed9"], "outlinks": ["https://book.qidian.com/info/1001409", "https://book.qidian.com/info/1010904726", "https://book.qidian.com/info/1010904726", "https://book.qidian.com/info/1005373310", "https://book.qidian.com/info/1005373310", "https://book.qidian.com/info/1010804088", "https://book.qidian.com/info/1010804088", "https://book.qidian.com/info/1009810920", "https://book.qidian.com/info/1009810920", "https://book.qidian.com/info/1005317872", "https://book.qidian.com/info/1005317872", "https://book.qidian.com/info/1004593610", "https://book.qidian.com/info/1004593610", "https://book.qidian.com/info/68983", "https://book.qidian.com/info/68983", "https://book.qidian.com/info/1194506", "https://book.qidian.com/info/1194506", "https://book.qidian.com/info/1707218", "https://book.qidian.com/info/1707218", "https://book.qidian.com/info/1011121783", "https://book.qidian.com/info/1011121783", "https://book.qidian.com/info/1010327039", "https://book.qidian.com/info/1012016027", "https://book.qidian.com/info/1011630501", "https://book.qidian.com/info/1012010192", "https://book.qidian.com/info/1011834598", "https://book.qidian.com/info/1011672705", "https://book.qidian.com/info/1011966835", "https://book.qidian.com/info/1011940680", "https://book.qidian.com/info/1011491390", "https://book.qidian.com/info/1011995376"]}