{"ratings": 0.0, "userreviews": [{"userName": "\u5410\u65b0\u82bd", "userReviewDate": "2015-11-16", "userURL": "https://my.qidian.com/user/212937428", "userReview": "\u6211\u76ee\u524d\u8fd8\u6ca1\u6709\u6c34\u5e73\u8bc4\u8bba\u4efb\u4f55\u4e00\u90e8\u4f5c\u54c1\uff0c\u6240\u4ee5\uff0c\u6211\u4e5f\u5c31\u4e0d\u5984\u52a0\u8bc4\u8bba\u4f60\u5927\u4f5c\u7684\u4ec0\u4e48\u5199\u4f5c\u98ce\u683c\u5566\uff0c\u4ec0\u4e48\u6784\u601d\u6280"}, {"userName": "\u541d\u556c\u5976\u5a03", "userReviewDate": "2015-11-01", "userURL": "https://my.qidian.com/user/202404671", "userReview": "\u5976\u5a03\u643a\u300a\u4fef\u89c6\u82cd\u832b\u300b\u6bcf\u65e5\u7b7e\u5230\u62dc\u8bfb\uff0c\u6211\u77e5\u9053\uff0c\u6211\u4eec\u90fd\u5f88\u4e0d\u5bb9\u6613\uff0c\u6211\u80fd\u4f53\u4f1a\u8fd9\u4efd\u5fc3\u9178\u548c\u6e34\u671b\uff0c\u4e5f\u8bb8\u67d0\u5929\uff0c"}, {"userName": "\u91ce\u9e20\u87f9\u719f\u6ef4", "userReviewDate": "2015-10-31", "userURL": "https://my.qidian.com/user/212926419", "userReview": "\u8fc7\u7136\uff0c\u770b\u4e66\u5c31\u50cf\u517b\u732a\uff01\u8981\u517b\u80a5\u4e86\u518d\u6740\uff0c\u5c11\u4e86\u770b\u8d77\u6ca1\u610f\u601d[fn=10][fn=10][fn=10]"}, {"userName": "\u91ce\u9e20\u87f9\u719f\u6ef4", "userReviewDate": "2015-10-20", "userURL": "https://my.qidian.com/user/212926419", "userReview": "\u4e0d\u77e5\u9053\u600e\u4e48\u56de\u4e8b\uff0c\u6ca1\u63a8\u8350\u7968\u4e86\u2026\u2026\u5443\uff0c\u6253\u8d4f\u4e00\u767e\uff0c\u52a0\u6cb9\u54e6\u2026\u2026\u52aa\u529b\uff0c\u6211\u53ef\u80fd\u4e0d\u80fd\u7ed9\u4e88\u4f60\u591a\u5c11\u652f\u6301\uff0c\u4f46\u6211"}, {"userName": "\u6d2a\u4e09\u5143", "userReviewDate": "2018-06-02", "userURL": "https://my.qidian.com/user/202612963", "userReview": "\u6df1\u60c5\u795d\u798f[fn=27]"}, {"userName": "\u7d0b\u7d0b...\u6211\u597d\u60f3\u59b3", "userReviewDate": "2018-03-31", "userURL": "https://my.qidian.com/user/113039598", "userReview": "\u5766\u767d\u8aaa\uff0c\u524d\u5169\u7ae0\u771f\u7684\u5f88\u52f8\u9000\u4eba\u300204\u5e74\u4e86\uff0c\u4e3b\u89d2\u65e2\u7121\u91cd\u751f\u4e5f\u7121\u5916\u639b\u53ef\u7528\uff0c\u5c45\u7136\u653e\u68c4\u81ea\u5df1\u6700\u5927\u7684\u512a\u52e2\uff0c\u60f3"}, {"userName": "\u5b64\u751f\u7684\u948a\u7237", "userReviewDate": "2018-03-29", "userURL": "https://my.qidian.com/user/215623561", "userReview": "\u6211\u662f\u88ab\u90a3\u4e9b\u4eba\u540d\u6253\u8d25\u7684"}, {"userName": "\u989c\u76cf\u541b", "userReviewDate": "2017-11-18", "userURL": "https://my.qidian.com/user/201513319", "userReview": "\u5982\u679c\u4e0d\u662f\u73b0\u5728\u519c\u6751\u57ce\u5e02\u5316\uff0c\u5f88\u591a\u6751\u91cc\u4f9d\u65e7\u751f\u6d3b\u4e0d\u5bcc\u88d5\uff0c\u4f46\u8bf4\u5b9e\u5728\u7684\uff0c\u5e72\u5efa\u7b51\uff0c\u90a3\u5e74\u5934\u5f88\u96be\u5f97\u5403\u8089\u8fd8\u662f\u5f88"}, {"userName": "\u8d77\u70b9\u4e2d\u6587\u7f51", "userReviewDate": "2017-08-22", "userURL": "https://my.qidian.com/user/33597", "userReview": "\u6c89\u821f\u4fa7\u7554\u5343\u4e66\u8fc7\uff0c\u65b0\u4e66\u524d\u5934\u4e07\u6728\u6625\uff0c\u4eca\u65e5\u770b\u541b\u4e66\u4e00\u672c\uff0c\u6682\u51ed\u70b9\u51fb\u957f\u7cbe\u795e\uff0c\u606d\u559c\u70b9\u51fb\u7834\u4e07\uff01 \u81ea\u672c\u606d\u8d3a\u4e3b"}, {"userName": "\u6797\u5915\u516c\u5b50", "userReviewDate": "2016-02-26", "userURL": "https://my.qidian.com/user/213645105", "userReview": "[fn=8]"}, {"userName": "\u7d20\u8863\u6d45\u8776", "userReviewDate": "2016-02-06", "userURL": "https://my.qidian.com/user/191947637", "userReview": "\u4e0d\u5fd8\u521d\u5fc3\uff0c\u65b9\u5f97\u59cb\u7ec8\u2026\u2026"}, {"userName": "\u4e0d\u518d\u7231\u4f60LN", "userReviewDate": "2016-01-12", "userURL": "https://my.qidian.com/user/197672864", "userReview": "\u611f\u89c9\u6709\u70b9\u5047\uff0c\u4e3b\u89d2\u6709\u70b9\u592a\u504f\u6267\u4e86\u3002\u4e00\u4e2a16\u5c81\u4e0a\u9ad8\u4e8c\u7684\u5b69\u5b50\u559c\u6b22\u8bb2\u8bfe\uff0c\u7a81\u7136\u5fc3\u75bc\u7236\u6bcd\uff0c\u8f8d\u5b66\u4e86\u3002\u8fd9\u91cc\u770b"}, {"userName": "\u9ec4\u4fdd\u4fdd", "userReviewDate": "2015-12-02", "userURL": "https://my.qidian.com/user/226995207", "userReview": "\u540c\u6765\u62dc\u8bfb\uff0c\u5171\u52c9\u3002"}, {"userName": "\u8bda\u5bc2\u5be5IIII", "userReviewDate": "2015-11-19", "userURL": "https://my.qidian.com/user/212521999", "userReview": "\u5e0c\u671b\u770b\u5230\u6211\u7684\u8bc4\u8bba\u7684\u8bfb\u8005\u60f3\u4e00\u4e0b\uff0c\u90a3\u4e9b\u89c1\u5230\u5973\u4eba\u5c31\u5230\u624b\uff0c\u89c1\u5230\u654c\u4eba\u5c31\u7206\u5934\u7684\u60c5\u8282\u597d\u4e0d\u597d\uff1f\u7eaf\u7cb9\u81ea\u5df1\u5e7c\u7a1a"}], "description": "\u201c\u7f51\u7edc\u539f\u521b\u6587\u5b66\u73b0\u5b9e\u4e3b\u4e49\u9898\u6750\u5f81\u6587\u5927\u8d5b\u201d\u53c2\u8d5b\u4f5c\u54c1", "title": "\u4e11\u7537\u7684\u594b\u6597", "url": "https://book.qidian.com/info/3609671", "average": -1.0, "cover": "//qidian.qpic.cn/qdbimg/349573/3609671/180", "reviews": -1, "authors": [{"url": "https://me.qidian.com/authorIndex.aspx?id=4377321", "name": "\u5218\u6bc5"}], "type": ["\u73b0\u5b9e", "\u73b0\u5b9e\u767e\u6001"], "outlinks": ["https://book.qidian.com/info/3609671", "https://book.qidian.com/info/1010709025", "https://book.qidian.com/info/1010709025", "https://book.qidian.com/info/1005001309", "https://book.qidian.com/info/1005001309", "https://book.qidian.com/info/1010528252", "https://book.qidian.com/info/1010528252", "https://book.qidian.com/info/1010865567", "https://book.qidian.com/info/1010865567", "https://book.qidian.com/info/1010709881", "https://book.qidian.com/info/1010709881", "https://book.qidian.com/info/1009525461", "https://book.qidian.com/info/1009525461", "https://book.qidian.com/info/1003509089", "https://book.qidian.com/info/1003509089", "https://book.qidian.com/info/1003719342", "https://book.qidian.com/info/1003719342", "https://book.qidian.com/info/1011633094", "https://book.qidian.com/info/1011456133", "https://book.qidian.com/info/1011634147", "https://book.qidian.com/info/1011681836", "https://book.qidian.com/info/1010536358", "https://book.qidian.com/info/1011815512", "https://book.qidian.com/info/1011779536", "https://book.qidian.com/info/1011822376", "https://book.qidian.com/info/1010906320", "https://book.qidian.com/info/1011955761"]}