{"ratings": 0.0, "userreviews": [{"userName": "\u9896\u55b5\u55b5\u55b5", "userReviewDate": "7\u5c0f\u65f6\u524d", "userURL": "https://my.qidian.com/user/230261787", "userReview": "\u8f9b\u82e6\u5566\u8f9b\u82e6\u5566\u5389\u5bb3\u5566\u5389\u5bb3\u5566\u4f11\u606f\u5566\u4f11\u606f\u5566\uff08\u6709\u4e09\u6b21\u5f3a\u8feb\u75c7\u60a3\u8005\u4e48\u2026\u6211\u5c31\u4e0d\uff09"}, {"userName": "\u6211\u53eb\u738b\u5c0f\u6b6a", "userReviewDate": "\u6628\u65e509:51", "userURL": "https://my.qidian.com/user/226637595", "userReview": "\u606d\u559c\u51dd\u51dd\u65b0\u4e66\u4e0a\u67b6\uff01\u8ba2\u9605\u652f\u6301\uff01\u9001\u4f60\u82b1\u82b1[fn=2]"}, {"userName": "\u9896\u55b5\u55b5\u55b5", "userReviewDate": "\u6628\u65e509:25", "userURL": "https://my.qidian.com/user/230261787", "userReview": "..(\uff61\u2022\u02c7\u2038\u02c7\u2022\uff61)\u2026\u53d8\u53d8\u53d8\u27a0\u80a5"}, {"userName": "\u6dd8\u6c14\u98ce\u706b\u8f6e", "userReviewDate": "\u6628\u65e507:13", "userURL": "https://my.qidian.com/user/214474983", "userReview": "\u66f4\u65b0\u901f\u5ea6\u6050\u6016\u5982\u65af[fn=35][fn=35]"}, {"userName": "\u6797\u9d3b\u6069", "userReviewDate": "2018-06-07", "userURL": "https://my.qidian.com/user/312414302", "userReview": "\u6df7\u4e00\u4e0b\u7d93\u9a57\u5594"}, {"userName": "\u4e03\u6708\u534a\u6708\u4e0a\u706f", "userReviewDate": "2018-06-06", "userURL": "https://my.qidian.com/user/304913576", "userReview": "\u8fd9\u672c\u4e66\u6211\u5728\u53ea\u5728\u66f4\u65b0\u699c\u91cc\u770b\u5230\uff0c\u4f5c\u8005\u52a0\u6cb9"}, {"userName": "\u4e03\u6708\u534a\u6708\u4e0a\u706f", "userReviewDate": "2018-06-06", "userURL": "https://my.qidian.com/user/304913576", "userReview": "\u4e07\u66f4\u5230\u9ebb\u6728\u22ef\u4f5c\u8005\u5389\u5bb3"}, {"userName": "\u7d2f\u8db4\u4e0b\u5566", "userReviewDate": "2018-06-06", "userURL": "https://my.qidian.com/user/308975996", "userReview": "\u5929\u5929\u4e07\u66f4\u554a\uff0c\u4f5c\u8005\u597d\u5f3a\uff01\u770b\u5f97\u597d\u723d\u3002"}, {"userName": "\u4e0d\u4e00\u6837\u7684\u8def\u8def", "userReviewDate": "2018-06-06", "userURL": "https://my.qidian.com/user/308069116", "userReview": "\u5b59\u5929\u559c\u5c45\u7136\u4e0d\u662f\u86c7\uff1f\uff01\uff01\uff01"}, {"userName": "\u5b99\u5b99\u7684\u5b99", "userReviewDate": "2018-06-05", "userURL": "https://my.qidian.com/user/169447159", "userReview": "\u5b99\u5b99\u6765\u9876 \u5199\u5f97\u8d8a\u6765\u8d8a\u597d\u4e86 [fn=7][fn=7][fn=7]"}, {"userName": "\u6dd8\u6c14\u98ce\u706b\u8f6e", "userReviewDate": "2018-06-05", "userURL": "https://my.qidian.com/user/214474983", "userReview": "\u683c\u5c40\u7b2c\u4e00\u261d\ufe0f"}, {"userName": "\u9896\u55b5\u55b5\u55b5", "userReviewDate": "2018-06-03", "userURL": "https://my.qidian.com/user/230261787", "userReview": "\u56fd\u5e08\u524d\u4e16\u88ab\u5170\u4e0d\u8fdc\u5751\u8fc7\u4e48\u2026[fn=33]\u603b\u6709\u79cd\u7231\u5728\u5fc3\u53e3\u96be\u5f00\u4e4b\u611f"}, {"userName": "\u4e0d\u4e00\u6837\u7684\u8def\u8def", "userReviewDate": "2018-06-02", "userURL": "https://my.qidian.com/user/308069116", "userReview": "\u6211\u5c31\u8fd9\u4e48\u671f\u5f85\u5973\u4e3b\u5012\u9709\u5462\uff1f\u5979\u4e00\u5403\u762a\u6211\u5c31\u7b11\u51fa\u732a\u811a\u54c8\u54c8\u54c8\u54c8\u54c8\u54c8"}, {"userName": "\u591c\u591c\u591c\u591c1", "userReviewDate": "2018-06-01", "userURL": "https://my.qidian.com/user/225023916", "userReview": "\u5170\u4e0d\u8fdc\u771f\u7684\u662f\u8870\u795e\u9644\u8eab\u554a\uff01\u7b11\u6b7b\u6211\u4e86\uff01\u5927\u5927\u5929\u5929\u52a0\u66f4\u8981\u6ce8\u610f\u8eab\u4f53\u5662\uff01"}], "description": "\u4ed9\u8def\u7f25\u7f08\uff0c\u6e05\u6b4c\u8e0f\u6708\u4e0a\u4e5d\u5929\uff1b\u4e91\u5c71\u4e07\u52ab\uff0c\u4e00\u5251\u5929\u5149\u95ee\u60c5\u7f18\u3002", "title": "\u4e16\u4e0d\u8a00\u4ed9", "url": "https://book.qidian.com/info/1010803940", "average": -1.0, "cover": "//qidian.qpic.cn/qdbimg/349573/1010803940/180", "reviews": -1, "authors": [{"url": "https://me.qidian.com/authorIndex.aspx?id=10637379", "name": "\u633d\u51dd"}], "type": ["\u4ed9\u4fa0\u5947\u7f18", "\u53e4\u5178\u4ed9\u4fa0"], "outlinks": ["https:https://book.qidian.com/info/1011421405?qd_game_key=1011421405&qd_dd_p1=11272", "https://book.qidian.com/info/1010803940", "https://book.qidian.com/info/1011136604", "https://book.qidian.com/info/1011136604", "https://book.qidian.com/info/1011159040", "https://book.qidian.com/info/1011159040", "https://book.qidian.com/info/1003310469", "https://book.qidian.com/info/1003310469", "https://book.qidian.com/info/1010609420", "https://book.qidian.com/info/1010609420", "https://book.qidian.com/info/1004825057", "https://book.qidian.com/info/1004825057", "https://book.qidian.com/info/1003430935", "https://book.qidian.com/info/1003430935", "https://book.qidian.com/info/1005364159", "https://book.qidian.com/info/1005364159", "https://book.qidian.com/info/1011871222", "https://book.qidian.com/info/1011879261", "https://book.qidian.com/info/1011607526", "https://book.qidian.com/info/1010505110", "https://book.qidian.com/info/1010285798", "https://book.qidian.com/info/1011976900", "https://book.qidian.com/info/1010905500", "https://book.qidian.com/info/1010257077", "https://book.qidian.com/info/1003815703", "https://book.qidian.com/info/1011427728"]}