{"ratings": 0.0, "userreviews": [{"userName": "\u7ec8\u6210\u81f3\u91d1", "userReviewDate": "2018-05-29", "userURL": "https://my.qidian.com/user/212332332", "userReview": "\u597d\u4e66\uff0c\u771f\u597d\u770b\u3002"}, {"userName": "\u5e1d\u9633\u516e", "userReviewDate": "2018-05-28", "userURL": "https://my.qidian.com/user/219105424", "userReview": "\u652f\u6301\u4e0b\uff0c\u52a0\u6cb9\u5199\u4e0b\u53bb"}, {"userName": "\u70b8\u6625\u5377er", "userReviewDate": "2018-05-28", "userURL": "https://my.qidian.com/user/306076823", "userReview": "\u7b7e\u5230\uff0c\u52a0\u6cb9\uff5e"}, {"userName": "\u58a8\u5d16\u767d\u9e26", "userReviewDate": "2018-05-27", "userURL": "https://my.qidian.com/user/316430398", "userReview": "\u52a0\u6cb9\u4f5c\u8005\u541b\uff0c\u5df2\u6536\u85cf\u6295\u7968\u3002"}, {"userName": "\u6800\u9065", "userReviewDate": "2018-05-19", "userURL": "https://my.qidian.com/user/210416454", "userReview": "\u3010\u8fd9\u662f\u6211\u770b\u8fc7\u7684\u7b2c8\u7bc7\u5973\u9891\uff0c\u6682\u63a8\u3011\u3010\u53f6\u5b50\u88ab\u97ad\u6253\u65f6\u7684\u90a3\u79cd\u7ec6\u8282\u63cf\u5199\u8fd8\u53ef\u4ee5\u66f4\u52a0\u6df1\u523b\u4e00\u4e0b\uff0c\u7136\u540e\u5168\u7bc7\u6587"}, {"userName": "\u5815\u843d\u4e07\u9b42", "userReviewDate": "2018-05-18", "userURL": "https://my.qidian.com/user/213080207", "userReview": "\u672c\u6587\u8bfb\u8d77\u6765\u6709\u4e00\u79cd\u6e29\u6da6\u5982\u7389\u7684\u611f\u89c9\uff0c\u8282\u594f\u4e0d\u6025\u4e0d\u7f13\uff0c\u4f83\u4f83\u800c\u8c08\u3002\u8bed\u8a00\u751f\u52a8\u5f62\u8c61\uff0c\u522b\u5177\u4e00\u683c\u3002\u4e3b\u89d2\u4e5d\u53f6\u7684"}, {"userName": "\u4f5c\u5bb6\u00b7\u98ce\u96e8\u4e0d\u987b\u5f52", "userReviewDate": "2018-05-16", "userURL": "https://my.qidian.com/user/302145361", "userReview": "\u52a0\u6cb9\u5427[fn=2][fn=3]"}, {"userName": "\u4f5c\u5bb6\u00b7\u98ce\u96e8\u4e0d\u987b\u5f52", "userReviewDate": "2018-05-15", "userURL": "https://my.qidian.com/user/302145361", "userReview": "\u8c22\u8c22\u4f60\u7684\u4e66\u8bc4\uff0c\u4f46\u7968\u5b50\u6628\u665a\u6295\u7ed9\u522b\u4eba\u4e86\uff0c\u6240\u4ee5\u5148\u6536\u85cf\u5230\u4e66\u67b6\uff0c\u4ece\u660e\u5929\u5f00\u59cb\u6295\u3002\u7136\u540e\u8fdb\u53bb\u770b\u770b\u2026\u2026\u4f60\u8bf4\u6253"}, {"userName": "\u5815\u843d\u4e07\u9b42", "userReviewDate": "2018-05-08", "userURL": "https://my.qidian.com/user/213080207", "userReview": "[fn=2]\u6e05\u65b0\u8131\u4fd7[fn=4]"}], "description": "\u9752\u7816\u7eff\u74e6\uff0c\u964c\u4e0a\u82b1\u5f00\u9999\u67d3\u8863\uff1b\u6731\u95e8\u7d2b\u6bbf\uff0c\u7d20\u624b\u6458\u661f\u9713\u4f5c\u88f3\u3002", "title": "\u4e16\u5b50\u7237\u7684\u8ddf\u73ed\u4e66\u7ae5", "url": "https://book.qidian.com/info/1011781381", "average": -1.0, "cover": "//qidian.qpic.cn/qdbimg/349573/1011781381/180", "reviews": -1, "authors": [{"url": "https://me.qidian.com/authorIndex.aspx?id=8042233", "name": "\u5c0f\u751f\u5498\u88c1"}], "type": ["\u53e4\u4ee3\u8a00\u60c5", "\u53e4\u4ee3\u60c5\u7f18"], "outlinks": ["https:https://book.qidian.com/info/1011421405?qd_game_key=1011421405&qd_dd_p1=11272", "https://book.qidian.com/info/1011781381", "https://book.qidian.com/info/1011629640", "https://book.qidian.com/info/1011629640", "https://book.qidian.com/info/1010767062", "https://book.qidian.com/info/1010767062", "https://book.qidian.com/info/3359552", "https://book.qidian.com/info/3359552", "https://book.qidian.com/info/3536620", "https://book.qidian.com/info/3536620", "https://book.qidian.com/info/1004183346", "https://book.qidian.com/info/1004183346", "https://book.qidian.com/info/1011006168", "https://book.qidian.com/info/1011006168", "https://book.qidian.com/info/1003732344", "https://book.qidian.com/info/1003732344", "https://book.qidian.com/info/1012048575", "https://book.qidian.com/info/1012048575", "https://book.qidian.com/info/1004439621", "https://book.qidian.com/info/1010699142", "https://book.qidian.com/info/1010673874", "https://book.qidian.com/info/1010228299", "https://book.qidian.com/info/1011254335", "https://book.qidian.com/info/1010623336", "https://book.qidian.com/info/1011901077", "https://book.qidian.com/info/1010774701", "https://book.qidian.com/info/1010808763", "https://book.qidian.com/info/1011306057"]}