{"ratings": 0.0, "userreviews": [{"userName": "\u7cd6\u6709\u4e9b\u82e6", "userReviewDate": "23\u5c0f\u65f6\u524d", "userURL": "https://my.qidian.com/user/311348328", "userReview": "\u4f5c\u8005\u541b\u5199\u7684\u5f88\u597d\u5440\uff0c\u548b\u597d\u7aef\u7aef\u5c31\u505c\u4e86\u2026\u2026\u763e\u90fd\u4e0a\u6765\u4e86~"}, {"userName": "\u6211\u4e3a\u8c2a\u4ed9\u4eba", "userReviewDate": "2018-06-02", "userURL": "https://my.qidian.com/user/215828997", "userReview": "\u6211\u7684\u54e5\u3002\u3002\u6211\u8fd9\u672c\u4e66\u600e\u4e48\u6709\u4eba\u4e07\u8d4f\u554a\u3002\u3002\u3002\u53bb\u770b\u6211\u65b0\u4e66\u5427\uff0c\u522b\u88ab\u5751\u4e86\u3002\u3002\u65b0\u4e66\u5c31\u662f\u6839\u636e\u8fd9\u4e2a\u6539\u7684\u3002\u540d\u5b57"}, {"userName": "\u82b3\u8349\u840b\u840biu", "userReviewDate": "2018-02-03", "userURL": "https://my.qidian.com/user/308538488", "userReview": "\u8fd9\u4e2a\u7b80\u4ecb\u5f88\u5e26\u611f\u554a\uff0c\u53ef\u662f\u6211\u770b\u4e86\u4e0b\u597d\u50cf\u662f\u4e2a\u5751\uff1f\uff1f\u72b9\u8c6b\uff0c\u770b\u4e0d\u770b\uff1f\uff1f\u4e07\u4e00\u6389\u5751\u91cc\u722c\u4e0d\u51fa\u6765\u4e0d\u5c31\u5b8c\u86cb\u4e86\uff0c"}, {"userName": "\u5957\u8def\u591a", "userReviewDate": "2017-09-12", "userURL": "https://my.qidian.com/user/217379498", "userReview": "\u4e0d\u662f\uff0c\u4f5c\u8005\u541b\u8fd9\u672c\u4e66\u597d\u597d\u7684\uff0c\u4f60\u505c\u520a\uff1f"}, {"userName": "anshen\u6697\u795e", "userReviewDate": "2017-09-11", "userURL": "https://my.qidian.com/user/209461094", "userReview": "\u6cd5\u6d77\u4ec0\u4e48\u65f6\u5019\u9a91\u767d\u9a6c\u4e86\uff1f"}, {"userName": "\u5927\u795e520", "userReviewDate": "2017-06-28", "userURL": "https://my.qidian.com/user/118533334", "userReview": "\u8fd9\u662f\u592a\u76d1\u4e86\u3002\u3002\u3002\u3002"}, {"userName": "\u7687\u9a6c\u9c9c\u8089\u5362\u5361\u65af", "userReviewDate": "2017-02-13", "userURL": "https://my.qidian.com/user/218214078", "userReview": "\u53c8\u6765\u652f\u6301\u4f60\u5566"}, {"userName": "\u7687\u9a6c\u9c9c\u8089\u5362\u5361\u65af", "userReviewDate": "2017-02-09", "userURL": "https://my.qidian.com/user/218214078", "userReview": "\u63a8\u8350\u7968\u732e\u4e0a"}, {"userName": "\u5e73123\u51e1", "userReviewDate": "2017-01-14", "userURL": "https://my.qidian.com/user/222590760", "userReview": "\u6253\u8d4f500\u610f\u601d\u4e00\u4e0b\uff0c\u597d\u597d\u5199\uff0c\u517b\u80a5\u4e86\u518d\u6740"}, {"userName": "\u7687\u9a6c\u9c9c\u8089\u5362\u5361\u65af", "userReviewDate": "2017-01-14", "userURL": "https://my.qidian.com/user/218214078", "userReview": "\u63a8\u8350\u7968\u732e\u4e0a\uff0c\u52a0\u6cb9\uff0c\u4e0d\u51c6\u518d\u592a\u76d1\uff0c\u4e0d\u7136\u8bc5\u5492\u4f60\u4ee5\u540e\u6ca1\u5973\u53cb(\uffe3^\uffe3\u309c)"}], "description": "\u9192\u638c\u5929\u4e0b\u6743\uff0c\u9189\u5367\u7f8e\u4eba\u819d\uff0c\u4e94\u5343\u5e74\u98ce\u534e\u70df\u96e8\uff0c\u662f\u975e\u6210\u8d25\u8f6c\u5934\u7a7a\uff01", "title": "\u4e16\u5b50\u6bbf\u4e0b", "url": "https://book.qidian.com/info/1005009167", "average": -1.0, "cover": "//qidian.qpic.cn/qdbimg/349573/1005009167/180", "reviews": -1, "authors": [{"url": "https://me.qidian.com/authorIndex.aspx?id=6429007", "name": "\u6211\u4e3a\u8c2a\u4ed9\u4eba"}], "type": ["\u5386\u53f2", "\u67b6\u7a7a\u5386\u53f2"], "outlinks": ["https://book.qidian.com/info/1005009167", "https://book.qidian.com/info/1010691475", "https://book.qidian.com/info/1010691475", "https://book.qidian.com/info/1010562236", "https://book.qidian.com/info/1010562236", "https://book.qidian.com/info/1010929415", "https://book.qidian.com/info/1010929415", "https://book.qidian.com/info/1010811240", "https://book.qidian.com/info/1010811240", "https://book.qidian.com/info/1010991103", "https://book.qidian.com/info/1010991103", "https://book.qidian.com/info/1010779202", "https://book.qidian.com/info/1010779202", "https://book.qidian.com/info/1003344573", "https://book.qidian.com/info/1003344573", "https://book.qidian.com/info/1004440006", "https://book.qidian.com/info/1004440006", "https://book.qidian.com/info/1005824205", "https://book.qidian.com/info/1005824205", "https://book.qidian.com/info/1010808341", "https://book.qidian.com/info/1010808341", "https://book.qidian.com/info/1011944068", "https://book.qidian.com/info/1011944068", "https://book.qidian.com/info/1011800596", "https://book.qidian.com/info/1010891668", "https://book.qidian.com/info/1011773910", "https://book.qidian.com/info/1011783347", "https://book.qidian.com/info/1011643843", "https://book.qidian.com/info/1011476924", "https://book.qidian.com/info/1011635441", "https://book.qidian.com/info/1009999928", "https://book.qidian.com/info/1006932473", "https://book.qidian.com/info/1005080011"]}