{"ratings": 0.0, "userreviews": [{"userName": "\u591c\u5357\u542c\u98ce", "userReviewDate": "2018-02-06", "userURL": "https://my.qidian.com/user/220560492", "userReview": "\u60f3\u8981\u5ba2\u4e32\u7684\uff0c\u53ef\u4ee5\u5728\u6b64\u697c\u7559\u4e0b\u8db3\u8ff9\uff0c\u9002\u5408\u7684\u4f1a\u76f4\u63a5\u91c7\u7eb3\uff0c\u611f\u8c22\u5927\u5bb6\u7684\u652f\u6301\u3002[fn=1]"}, {"userName": "1\u7b14\u68a6\u661f\u8fb01", "userReviewDate": "2018-02-03", "userURL": "https://my.qidian.com/user/124661421", "userReview": "1\u7b14\u68a6\u661f\u8fb01\u6253\u8d4f\u591c\u5357\u542c\u98ce 100000\u8d77\u70b9\u5e01  \u5929\u82b1\u4e71\u5760\uff0c\u611f\u52a8\u6d95\u96f6\uff0c\u5148\u751f\u4e4b\u624d\u5f53\u53d7\u6b64\u8d4f\uff01"}, {"userName": "\u6587\u5728\u5426", "userReviewDate": "2018-01-28", "userURL": "https://my.qidian.com/user/229488321", "userReview": "\u6587\u5728\u5426\u6253\u8d4f\u591c\u5357\u542c\u98ce 50000\u8d77\u70b9\u5e01  \u4e16\u5c0a"}, {"userName": "\u6ed1\u7a3d\u5927\u840c", "userReviewDate": "2018-01-03", "userURL": "https://my.qidian.com/user/3906297", "userReview": "\u6ed1\u7a3d\u5927\u840c\u6253\u8d4f\u591c\u5357\u542c\u98ce 50000\u8d77\u70b9\u5e01  \u6211\u662f\u4f5c\u8005\u541b\u76843\u672c\u4e66\u7684\u5168\u8ba2\u8bfb\u8005\uff0c\u6211\u53c8\u6253\u8d4f\u4e865\u4e07\u70b9\uff0c"}, {"userName": "\u9b4f\u4e4b\u950b", "userReviewDate": "2018-06-04", "userURL": "https://my.qidian.com/user/218681589", "userReview": "\u7b7e\u5230\u3002\u3002\u3002"}, {"userName": "\u4e07\u5723\u9f99\u738b", "userReviewDate": "2018-06-01", "userURL": "https://my.qidian.com/user/1479243", "userReview": "\u6709\u4e9b\u4f5c\u8005\u90fd\u90a3\u6837\uff0c\u5206\u7c7b\u91cc\u767b\u9876\u4e86\u5c31\u8dd1\u53bb\u5199\u7384\u5e7b\u3002"}, {"userName": "\u5929\u7a7a\u306e\u8ddd\u79bb", "userReviewDate": "2018-05-24", "userURL": "https://my.qidian.com/user/171652712", "userReview": "\u5199\u7684\u591a\u597d\u3002"}, {"userName": "\u4e66\u53cb20170804204237521", "userReviewDate": "2018-05-16", "userURL": "https://my.qidian.com/user/306368567", "userReview": "\u7b80\u4ecb\u90fd\u5199\u5f97\u524d\u540e\u77db\u76fe"}, {"userName": "\u866b\u866b\u5c11", "userReviewDate": "2018-05-13", "userURL": "https://my.qidian.com/user/212419752", "userReview": "\u88ab\u4e00\u7fa4\u6492\u6bd4\u55b7\u7684\u592a\u76d1\u4e86"}, {"userName": "\u5ffd\u60a0\u795e\u4e8c", "userReviewDate": "2018-05-08", "userURL": "https://my.qidian.com/user/189636827", "userReview": "\u53c8\u4e00\u672c\u517b\u6b7b\u7684\u4e66"}, {"userName": "\u5927\u8868\u54e5101", "userReviewDate": "2018-05-08", "userURL": "https://my.qidian.com/user/217468203", "userReview": "\u600e\u4e48\u517b\u7740\u517b\u7740\u5c31\u6b7b\u4e86\ud83d\ude14"}, {"userName": "\u51ac\u5929\u4e0d\u7a7f\u68c9\u8863", "userReviewDate": "2018-05-07", "userURL": "https://my.qidian.com/user/197580678", "userReview": "\u7b7e\u5230\u3002\u3002\u3002\u3002\u3002"}, {"userName": "\u684c\u4e0b\u5a1c\u5a1c", "userReviewDate": "2018-05-07", "userURL": "https://my.qidian.com/user/116284684", "userReview": "........\u5199\u7684\u597d\u597d\u7684\uff0c\u83ab\u540d\u7684\u6c34\u4e8610\u591a\u7ae0\uff0c\u7136\u540e\u5c31\u5199\u4e0d\u4e0b\u53bb\u4e86\u3002"}, {"userName": "\u51ac\u5929\u4e0d\u7a7f\u68c9\u8863", "userReviewDate": "2018-05-05", "userURL": "https://my.qidian.com/user/197580678", "userReview": "\u7b7e\u5230\u3002\u3002\u3002"}], "description": "\u5fc3\u6f6e\u6f8e\u6e43\uff0c\u65e0\u9650\u5e7b\u60f3\uff0c\u8fce\u98ce\u6325\u51fb\u5343\u5c42\u6d6a\uff0c\u5c11\u5e74\u4e0d\u8d25\u70ed\u8840\uff01", "title": "\u4e16\u5c0a", "url": "https://book.qidian.com/info/1010895781", "average": -1.0, "cover": "//qidian.qpic.cn/qdbimg/349573/1010895781/180", "reviews": -1, "authors": [{"url": "https://me.qidian.com/authorIndex.aspx?id=8011607", "name": "\u591c\u5357\u542c\u98ce"}], "type": ["\u7384\u5e7b", "\u4e1c\u65b9\u7384\u5e7b"], "outlinks": ["https://book.qidian.com/info/1010895781", "https://book.qidian.com/info/1010209791", "https://book.qidian.com/info/1010209791", "https://book.qidian.com/info/1009635311", "https://book.qidian.com/info/1009635311", "https://book.qidian.com/info/1009329519", "https://book.qidian.com/info/1009329519", "https://book.qidian.com/info/1009703312", "https://book.qidian.com/info/1009703312", "https://book.qidian.com/info/1009841628", "https://book.qidian.com/info/1009841628", "https://book.qidian.com/info/1009602961", "https://book.qidian.com/info/1009602961", "https://book.qidian.com/info/1003714606", "https://book.qidian.com/info/1003714606", "https://book.qidian.com/info/1005235019", "https://book.qidian.com/info/1005235019", "https://book.qidian.com/info/1011421197", "https://book.qidian.com/info/1011421197", "https://book.qidian.com/info/1011774352", "https://book.qidian.com/info/1011774352", "https://book.qidian.com/info/1011988403", "https://book.qidian.com/info/1009595922", "https://book.qidian.com/info/1011844784", "https://book.qidian.com/info/1011892497", "https://book.qidian.com/info/1011095320", "https://book.qidian.com/info/1011996851", "https://book.qidian.com/info/1011856434", "https://book.qidian.com/info/1011879207", "https://book.qidian.com/info/1011833256", "https://book.qidian.com/info/1011967674"]}