{"ratings": 0.0, "userreviews": [{"userName": "\u5415\u5929\u867e13464", "userReviewDate": "5\u5c0f\u65f6\u524d", "userURL": "https://my.qidian.com/user/316292692", "userReview": "\u7b7e\u5230\u6c34\u6c34\u6c34\u6c34\u6c34\u6c34"}, {"userName": "\u6211\u4e0d\u662f\u592a\u767di", "userReviewDate": "6\u5c0f\u65f6\u524d", "userURL": "https://my.qidian.com/user/225464584", "userReview": "\u4f53\u80b2\u6709\u70b9\u51b7\u95e8\uff0c\u5e0c\u671b\u4f5c\u8005\u80fd\u575a\u6301\u4f4f\uff0c\u5927\u5bb6\u4e5f\u90fd\u6295\u6295\u63a8\u8350\uff0c\u53cd\u6b63\u6211\u770b\u7684\u5f88\u8212\u670d"}, {"userName": "piao12345", "userReviewDate": "14\u5c0f\u65f6\u524d", "userURL": "https://my.qidian.com/user/37617", "userReview": "\u63a8\u8350\u7968\u5df2\u8ddf\u4e0a"}, {"userName": "\u6211\u4eec\u4e00\u8d77\u98de", "userReviewDate": "2018-06-07", "userURL": "https://my.qidian.com/user/3603270", "userReview": "\u66f4\u65b0\u592a\u6162\u4e86\n"}, {"userName": "\u5343\u9a91\u5377", "userReviewDate": "2018-06-07", "userURL": "https://my.qidian.com/user/215293655", "userReview": "\u5f53\u5e74\u9c81\u5c3cc\u7f57\u5341\u516b\u4e5d\u5c81\u5360\u636e\u8c6a\u95e8\u91cd\u8981\u4f4d\u7f6e\uff0c\u90a3\u6015\u662f\u56fd\u5185\u7684\u5b59\u7ee7\u6d77\u3001\u8463\u56fd\u738b\u3001\u90dd\u6d77\u4e1c\u90fd\u662f\u5341\u4e03\u516b\u5c81\u5c31\u662f\u4e3b"}, {"userName": "\u9050\u60f320160987", "userReviewDate": "2018-06-06", "userURL": "https://my.qidian.com/user/181011765", "userReview": "\u6b63\u662f\u65f6\u5019\u662f\u4ec0\u4e48\u65f6\u5019"}, {"userName": "\u6c94\u57ce", "userReviewDate": "2018-06-06", "userURL": "https://my.qidian.com/user/216332938", "userReview": "\u4f5c\u8005\u541b\u575a\u6301\u4f4f\uff0c\u6709\u70b9\u5c0f\u4f17\u9898\u6750\uff0c\u4f46\u662f\u975e\u5e38\u8fc7\u763e\uff0c\u591a\u66f4\u6211\u4f1a\u8ba2\u9605\u7684\u3002"}, {"userName": "\u6d69\u7136\u6b63\u6c14\u8d2f\u957f\u8679", "userReviewDate": "2018-06-06", "userURL": "https://my.qidian.com/user/147511498", "userReview": "\u597d\u6162~ \u6162 ~"}, {"userName": "piao12345", "userReviewDate": "2018-06-06", "userURL": "https://my.qidian.com/user/37617", "userReview": "\u63a8\u8350\u7968\u8ddf\u4e0a\uff01\uff01\uff01\uff01\uff01\uff01"}, {"userName": "\u7ea2\u8272\u7537\u8001\u5e08", "userReviewDate": "2018-06-05", "userURL": "https://my.qidian.com/user/215256429", "userReview": "\u6211\u60f3\u77e5\u9053\u4f60\u5230\u5e95\u662f\u5728\u4e3a\u8c01\u8e22\u7403"}, {"userName": "\u6b64\u5f7c", "userReviewDate": "2018-06-05", "userURL": "https://my.qidian.com/user/131353521", "userReview": "\u300a\u9c81\u8c6b\u6709\u7ea6\u300b\u5d14\u6c38\u5143\u548c\u9c81\u8c6b\u5bf9\u8bdd\uff0c\u8282\u9009\u5d14\u6c38\u5143\uff1a\u4f60\u662f\u62a5\u65b0\u95fb\uff0c\u4ec0\u4e48\u53eb\u65b0\u95fb\u554a\uff0c\u4f60\u665a\u4e24\u79d2\u5c31\u4e0d\u662f\u4f60\u7684\u65b0\u95fb"}, {"userName": "\u66ccSAMA", "userReviewDate": "2018-06-05", "userURL": "https://my.qidian.com/user/308139822", "userReview": "\u56fd\u5185\u5916\u7403\u5458\u5dee\u8ddd\u592a\u5927\u4e86\uff0c\u8463\u521a\u521a\u53bb\u66fc\u8054\u7684\u65f6\u5019\u8fd8\u662fc\u7f57\u524d\u8f88\uff0cc\u7f57\u8fd8\u8981\u6309\u66fc\u8054\u7684\u89c4\u77e9\u7ed9\u8463\u62ce\u5305\uff0c\u8463\u5728\u66fc"}, {"userName": "piao12345", "userReviewDate": "2018-06-05", "userURL": "https://my.qidian.com/user/37617", "userReview": "\u4ec0\u4e48\u65f6\u5019\u80fd\u591f\u7206\u53d1\u554a"}, {"userName": "\u666f\u5929\u5c0f\u53f7", "userReviewDate": "2018-06-04", "userURL": "https://my.qidian.com/user/121038189", "userReview": "\u4e0d\u662f\u5bf9\u79d1\u5a01\u7279\u5417\uff0c\u600e\u4e48\u53d8\u5361\u5854\u5c14\u4e86"}], "description": "\u4f53\u575b\u591a\u82f1\u96c4\uff0c\u8d5b\u573a\u6211\u4e3a\u738b\uff0c\u70ed\u8840\u6f8e\u6e43\u7684\u7ade\u6280\u4f53\u80b2\uff01", "title": "\u4e16\u754c\u7b2c\u4e00\u7b2c\u4e8c\u7b2c\u4e09\u90fd\u662f\u6211", "url": "https://book.qidian.com/info/1011831893", "average": -1.0, "cover": "//qidian.qpic.cn/qdbimg/349573/1011831893/180", "reviews": -1, "authors": [{"url": "https://me.qidian.com/authorIndex.aspx?id=3765764", "name": "\u5927\u5934\u6587"}], "type": ["\u4f53\u80b2", "\u8db3\u7403\u8fd0\u52a8"], "outlinks": ["https://book.qidian.com/info/1011831893", "https://book.qidian.com/info/1009746270", "https://book.qidian.com/info/1009746270", "https://book.qidian.com/info/1006629843", "https://book.qidian.com/info/1006629843", "https://book.qidian.com/info/1004600033", "https://book.qidian.com/info/1004600033", "https://book.qidian.com/info/1005405873", "https://book.qidian.com/info/1005405873", "https://book.qidian.com/info/1004139368", "https://book.qidian.com/info/1004139368", "https://book.qidian.com/info/1010817979", "https://book.qidian.com/info/1010817979", "https://book.qidian.com/info/3091193", "https://book.qidian.com/info/3091193", "https://book.qidian.com/info/3656207", "https://book.qidian.com/info/3656207", "https://book.qidian.com/info/1003508181", "https://book.qidian.com/info/1003508181", "https://book.qidian.com/info/1010817979", "https://book.qidian.com/info/1010817979", "https://book.qidian.com/info/1011026048", "https://book.qidian.com/info/1011932684", "https://book.qidian.com/info/3675910", "https://book.qidian.com/info/1011342003", "https://book.qidian.com/info/1011687020", "https://book.qidian.com/info/1011446896", "https://book.qidian.com/info/1011767969", "https://book.qidian.com/info/1011676779", "https://book.qidian.com/info/1005095075", "https://book.qidian.com/info/1011814696"]}