{"ratings": 0.0, "userreviews": [{"userName": "\u7405\u9a91\u7af9\u9a6c", "userReviewDate": "2018-05-17", "userURL": "https://my.qidian.com/user/307743173", "userReview": "\u6765\u8bbf\u597d\u53cb\uff0c\u7b7e\u5230\u76d6\u697c"}], "description": "\u5fc3\u6f6e\u6f8e\u6e43\uff0c\u65e0\u9650\u5e7b\u60f3\uff0c\u8fce\u98ce\u6325\u51fb\u5343\u5c42\u6d6a\uff0c\u5c11\u5e74\u4e0d\u8d25\u70ed\u8840\uff01", "title": "\u4e16\u7eaa\u4e4b\u73e0", "url": "https://book.qidian.com/info/1010505694", "average": -1.0, "cover": "//qidian.qpic.cn/qdbimg/349573/1010505694/180", "reviews": -1, "authors": [{"url": "https://me.qidian.com/authorIndex.aspx?id=7493661", "name": "\u6668\u4e91\u6d41\u534e"}], "type": ["\u7384\u5e7b", "\u4e1c\u65b9\u7384\u5e7b"], "outlinks": ["https://book.qidian.com/info/1010505694", "https://book.qidian.com/info/179491", "https://book.qidian.com/info/179491", "https://book.qidian.com/info/3265654", "https://book.qidian.com/info/3265654", "https://book.qidian.com/info/1010495773", "https://book.qidian.com/info/1010495773", "https://book.qidian.com/info/1009703312", "https://book.qidian.com/info/1009703312", "https://book.qidian.com/info/3389264", "https://book.qidian.com/info/3389264", "https://book.qidian.com/info/1010015512", "https://book.qidian.com/info/1010015512", "https://book.qidian.com/info/1012235351", "https://book.qidian.com/info/1012235351", "https://book.qidian.com/info/1011988403", "https://book.qidian.com/info/1009595922", "https://book.qidian.com/info/1011844784", "https://book.qidian.com/info/1011892497", "https://book.qidian.com/info/1011095320", "https://book.qidian.com/info/1011996851", "https://book.qidian.com/info/1011856434", "https://book.qidian.com/info/1011879207", "https://book.qidian.com/info/1011833256", "https://book.qidian.com/info/1011967674"]}