{"ratings": 0.0, "userreviews": [{"userName": "\u8fc7\u591a\u7684\u8ff7\u832b", "userReviewDate": "2012-08-30", "userURL": "https://my.qidian.com/user/113093295", "userReview": "\u6211\u662f\u963f\u72f8\u795d\u4f60\u65b0\u4e66\u5927\u7ea2\u5927\u7d2b"}, {"userName": "\u5c0f\u7834\u5b69\u7684\u68d2\u68d2\u7cd6", "userReviewDate": "2012-07-15", "userURL": "https://my.qidian.com/user/20954826", "userReview": "\u6012\u51b2\u65b0\u4e66\u699c\u5427~~~"}, {"userName": "\u5e0c\u306e\u7ffc", "userReviewDate": "2012-07-13", "userURL": "https://my.qidian.com/user/3708885", "userReview": "\u52a0\u6cb9\u54e6\u5c0f\u90ce\u541b\u7ed9\u4e2a\u6536\u85cf\u63a8\u8350\uff01"}, {"userName": "\u79f0\u540d\u95f4\u7a7a", "userReviewDate": "2012-07-13", "userURL": "https://my.qidian.com/user/130731458", "userReview": "\u55ef\uff0c\u8fc5\u901f\u9041\u8d70 "}, {"userName": "\u84dd\u96ea\u59ec", "userReviewDate": "2012-07-13", "userURL": "https://my.qidian.com/user/11995472", "userReview": "9\u7968\u652f\u6301"}, {"userName": "\u9ebb\u8fa3\u5496\u5561\u98ef", "userReviewDate": "2012-07-13", "userURL": "https://my.qidian.com/user/124583518", "userReview": "\u52a0\u6cb9~\n\u662f\u91d1\u5b50\u7e3d\u6703\u767c\u5149\u7684\n\n[fn=4]"}, {"userName": "\u9ec4\u6cc9\u6b66", "userReviewDate": "2017-08-12", "userURL": "https://my.qidian.com/user/219860257", "userReview": "\u6ee1\u4e16\u754c\u6316\u5751\u554a"}, {"userName": "\u79c1\u624d\u4e0d\u662f\u59b9\u63a7", "userReviewDate": "2017-08-04", "userURL": "https://my.qidian.com/user/305223943", "userReview": "\u5403\u54b1\u4e00\u8bb0\u6d1b\u9633\u94f2"}, {"userName": "\u7231\u5c0f\u8bf4\u7684\u59b9\u7eb8", "userReviewDate": "2012-07-19", "userURL": "https://my.qidian.com/user/132758062", "userReview": "\u7231\u5c0f\u8bf4\u7684\u59b9\u7eb8\u6253\u8d4f\u6c34\u6676\u5c0f\u72fc 100\u8d77\u70b9\u5e01\u3000\u8fd9\u672c\u4e66\u592a\u68d2\u4e86\uff01\u7292\u52b3\u4e00\u4e0b\uff0c\u5e0c\u671b\u540e\u7eed\u66f4\u52a0\u7cbe\u5f69\uff01"}, {"userName": "\u8d77\u70b9\u4e2d\u6587\u7f51", "userReviewDate": "2012-07-14", "userURL": "https://my.qidian.com/user/33597", "userReview": "\u5199\u4f5c\u7684\u9053\u8def\u662f\u5bc2\u5bde\u7684\uff0c\u4f46\u540c\u65f6\u4e5f\u662f\u559c\u60a6\u7684\uff0c\u4f46\u662f\u4ece\u7b2c\u4e00\u4e2a\u4e66\u53cb\u6536\u85cf\u4f60\u7684\u5c0f\u8bf4\u5f00\u59cb\uff0c\u6c34\u6676\u5c0f\u72fc\u7684\u5199\u4f5c\u5c31\u4e0d"}], "description": "\u9b54\u517d\u8df5\u8e0f\uff0c\u5de8\u9f99\u5486\u54ee\uff0c\u5deb\u5e08\u8bc5\u5492\uff0c\u9b54\u6cd5\u7480\u74a8\u4e4b\u5149\u7167\u8000\u77e5\u8bc6\u706f\u5854\uff01", "title": "\u4e16\u754c\u82f1\u96c4", "url": "https://book.qidian.com/info/2402323", "average": -1.0, "cover": "//qidian.qpic.cn/qdbimg/349573/2402323/180", "reviews": -1, "authors": [{"url": "https://me.qidian.com/authorIndex.aspx?id=2233741", "name": "\u6c34\u6676\u5c0f\u72fc"}], "type": ["\u5947\u5e7b", "\u5251\u4e0e\u9b54\u6cd5"], "outlinks": ["https://book.qidian.com/info/2402323", "https://book.qidian.com/info/1004073922", "https://book.qidian.com/info/1004073922", "https://book.qidian.com/info/3489766", "https://book.qidian.com/info/3489766", "https://book.qidian.com/info/1011605296", "https://book.qidian.com/info/1011605296", "https://book.qidian.com/info/1004179514", "https://book.qidian.com/info/1004179514", "https://book.qidian.com/info/1115277", "https://book.qidian.com/info/1115277", "https://book.qidian.com/info/1003899336", "https://book.qidian.com/info/1003899336", "https://book.qidian.com/info/1788775", "https://book.qidian.com/info/1788775", "https://book.qidian.com/info/1804953", "https://book.qidian.com/info/1804953", "https://book.qidian.com/info/3559073", "https://book.qidian.com/info/3559073", "https://book.qidian.com/info/1009927743", "https://book.qidian.com/info/1009927743", "https://book.qidian.com/info/1011194349", "https://book.qidian.com/info/1011966445", "https://book.qidian.com/info/1011923635", "https://book.qidian.com/info/1011996030", "https://book.qidian.com/info/1011894816", "https://book.qidian.com/info/1011954628", "https://book.qidian.com/info/1011324769", "https://book.qidian.com/info/1005209240", "https://book.qidian.com/info/1011806768", "https://book.qidian.com/info/1011417251"]}