{"ratings": 0.0, "userreviews": [], "description": "\u3010\u4e8c\u6b21\u5143\u7f51\u6587\u4e4b\u738b\uff1a\u4e00\u5e1d\u56db\u7687\u901a\u7f09\u4ee4\u3011\u53c2\u8d5b\u4f5c\u54c1", "title": "\u4e16\u754c\u77f3\u7684\u4f17\u5999\u4e4b\u95e8", "url": "https://book.qidian.com/info/1011821484#Catalog", "average": -1.0, "cover": "//qidian.qpic.cn/qdbimg/349573/1011821484/180", "reviews": -1, "authors": [{"url": "https://me.qidian.com/authorIndex.aspx?id=2246039", "name": "\u8fb0V\u9633"}], "type": ["\u4e8c\u6b21\u5143", "\u539f\u751f\u5e7b\u60f3", "\u4e8c\u6b21\u5143"], "outlinks": ["https://book.qidian.com/info/1011821484", "https://book.qidian.com/info/2641122", "https://book.qidian.com/info/2641122", "https://book.qidian.com/info/2820988", "https://book.qidian.com/info/2820988", "https://book.qidian.com/info/3221654", "https://book.qidian.com/info/3221654", "https://book.qidian.com/info/1130497", "https://book.qidian.com/info/1130497", "https://book.qidian.com/info/2207954", "https://book.qidian.com/info/2207954", "https://book.qidian.com/info/2264078", "https://book.qidian.com/info/2264078", "https://book.qidian.com/info/1011443057", "https://book.qidian.com/info/1011977706", "https://book.qidian.com/info/1011970575", "https://book.qidian.com/info/1011722301", "https://book.qidian.com/info/1012058179", "https://book.qidian.com/info/1010868275", "https://book.qidian.com/info/1012020887", "https://book.qidian.com/info/1011904081"]}