{"ratings": 0.0, "userreviews": [{"userName": "\u672b\u9b54\u65b9", "userReviewDate": "2018-02-11", "userURL": "https://my.qidian.com/user/226828410", "userReview": "\u89d2\u8272\u521b\u5efa\u8d34\uff1a\u8981\u4ec0\u4e48\u89d2\u8272\u5728\u8fd9\u53d1\u4e0b\u3002\u5177\u4f53\u8981\u6c42\u5982\u4e0b\u3002\u59d3\u540d\uff1aXX\u3002\u80fd\u529b\uff1aXX\uff08\u522b\u592a\u53d8\u6001\uff0c\u73b0\u5728\u8fd8\u662f\u524d"}, {"userName": "\u5343\u6708\u77e2", "userReviewDate": "23\u5c0f\u65f6\u524d", "userURL": "https://my.qidian.com/user/188138399", "userReview": "\u597d\u4e71\u597d\u4e71\u597d\u4e71\n"}, {"userName": "\u51e1\u5c18\u5927\u5e1d", "userReviewDate": "\u6628\u65e505:21", "userURL": "https://my.qidian.com/user/305385229", "userReview": "\u5f00\u5934\u5c31\u5f03\u4e86\uff0c\u4f5c\u8005\u4f60\u4e0d\u77e5\u9053\u8d77\u70b9\u5fb7\u7c89\u8d85\u591a\u5417?\u5f00\u5c40\u6253\u5fb7\u6682\u4e14\u4e0d\u63d0\uff0c\u8fd8\u6c34\u6210\u4e86\u592a\u5e73\u6d0b\u3002\u3002\u3002\u3002"}, {"userName": "\u4ed6\u8bf4\u5979\u542c", "userReviewDate": "2018-06-06", "userURL": "https://my.qidian.com/user/304658413", "userReview": "\u4e3b\u89d2\u4e00\u4e2a\u5b85\u7537\uff0c\u54ea\u91cc\u4f1a\u62a2\uff0c\u6211\u53bb\u8fd8\u662f\u7cbe\u901a\u30026666"}, {"userName": "\u559c\u6b22\u4e3a\u4e86\u770b\u4e66\u5fd8\u4e86\u5403\u996d", "userReviewDate": "2018-06-04", "userURL": "https://my.qidian.com/user/216170492", "userReview": "\u8fd9\u5199\u7684\u4ec0\u4e48\uff1f\u770b\u7684\u597d\u7d2f"}, {"userName": "\u53f6\u5b50\u6ce2\u6d9b", "userReviewDate": "2018-06-02", "userURL": "https://my.qidian.com/user/2528308", "userReview": "\u52a0\u6cb9\u554a\uff0c\u4f5c\u8005\u5927\u5927\u3002"}, {"userName": "\u963f\u5239\u8fc8\u4e36\u52b3", "userReviewDate": "2018-05-30", "userURL": "https://my.qidian.com/user/152354822", "userReview": "\u8bb2\u771f\u8bbe\u5b9a\u771f\u7684\u662f\u6211\u6700\u559c\u6b22\u7684\u7c7b\u578b\uff01\u5728\u6f2b\u5a01\u53c8\u53ef\u4ee5\u5230\u5176\u4ed6\u4e16\u754c\u63a0\u593a\u79d1\u6280\uff01\u800c\u4e14\u4e3b\u89d2\u4e5f\u4e0d\u662f\u4e2a\u5723\u6bcd\u767d\u83b2\u82b1\uff01"}, {"userName": "\u6700\u559c\u6b22\u5410\u69fd", "userReviewDate": "2018-05-29", "userURL": "https://my.qidian.com/user/209462109", "userReview": "\u8bc4\u8bba\u597d\u6709\u610f\u601d\u3002"}, {"userName": "\u9752\u8863\u9189\u6e05\u5c18", "userReviewDate": "2018-05-28", "userURL": "https://my.qidian.com/user/222786908", "userReview": "\u5267\u60c5\u592a\u5feb\u4e86\uff0c\u4e0d\uff0c\u51e0\u4e4e\u6ca1\u6709\u5267\u60c5\uff0c\u60f3\u4e00\u51fa\u662f\u4e00\u51fa\u7684\uff0c\u548c\u7f8e\u6f2b\u51e0\u4e4e\u6ca1\u5565\u5173\u7cfb\uff0c\u9876\u591a\u5c31\u662f\u7a7f\u5230\u7f8e\u6f2b\u5728\u53bb\u5176\u4ed6"}, {"userName": "\u53f6\u5b50\u6ce2\u6d9b", "userReviewDate": "2018-05-22", "userURL": "https://my.qidian.com/user/2528308", "userReview": "\u52a0\u6cb9\u554a\uff0c\u4f5c\u8005\u5927\u5927\u3002"}, {"userName": "\u4e36\u64ce\u4e28\u5929\u67f1", "userReviewDate": "2018-05-21", "userURL": "https://my.qidian.com/user/202652472", "userReview": "\u4e4b\u524d\u90a3\u4e2a\u5315\u9996\u53ef\u4ee5\u79bb\u5f00\u732a\u811a2KM\uff0c\u5e94\u8be5\u662f\u591a\u5199\u4e2a\u4e2aK\uff0c\u7b2c5\u7ae0\uff0c\u732a\u811a\u57286KM\u5916\u5f00\u67aa\uff0c\u7206\u70b8\u7684\u6ce5\u571f\u8fd8"}, {"userName": "\u53e4\u8001\u7684\u795e\u660e", "userReviewDate": "2018-05-20", "userURL": "https://my.qidian.com/user/197274511", "userReview": "\u600e\u4e48\u8bf4\u5462\uff0c\u6c34\u5012\u8fd8\u597d\uff0c\u5c31\u662f\u5b9e\u5728\u592a\u4e71\u4e86\uff0c\u517b\u7740\u5427"}, {"userName": "\u6ea1\u7dd4\u30e1\u8d35\u65cf", "userReviewDate": "2018-05-20", "userURL": "https://my.qidian.com/user/190629687", "userReview": "\u6211\u4e5f\u4e0d\u77e5\u9053\u8be5\u8bf4\u4ec0\u4e48\u4e86\u3002  \u4f60\u96be\u9053\u4e0d\u77e5\u9053\u6709\u4e2a\u8bcd\u53eb\u505a\u8774\u8776\u6548\u5e94\uff1f \u5b8c\u5168\u7167\u7740\u5267\u60c5\u8d70\uff0c\u4f60\u600e\u4e48\u6b7b\u7684\u90fd\u4e0d"}, {"userName": "\u54c8\u55bd\u5317\u9f3b\u738b\u83ab\u6cf0", "userReviewDate": "2018-05-19", "userURL": "https://my.qidian.com/user/213540610", "userReview": "\u8bf4\u662f\u7a7f\u8d8a\u5230\u6f2b\u5a01\u4e16\u754c  \u770b\u4e8610\u5f20  \u6ca1\u770b\u61c2"}], "description": "\u661f\u6d77\u6f2b\u6e38\uff0c\u65f6\u7a7a\u7a7f\u68ad\uff0c\u673a\u68b0\u79d1\u6280\uff0c\u76ee\u6807\u662f\u672a\u77e5\u7684\u661f\u8fb0\u5927\u6d77\uff01", "title": "\u4e16\u754c\u7ea7BOSS", "url": "https://book.qidian.com/info/1009392070", "average": -1.0, "cover": "//qidian.qpic.cn/qdbimg/349573/1009392070/180", "reviews": -1, "authors": [{"url": "https://me.qidian.com/authorIndex.aspx?id=12152191", "name": "\u672b\u65e5\u9b54\u65b9"}], "type": ["\u79d1\u5e7b", "\u65f6\u7a7a\u7a7f\u68ad", "\u4e8c\u6b21\u5143"], "outlinks": ["https://book.qidian.com/info/1009392070", "https://book.qidian.com/info/1009372794", "https://book.qidian.com/info/1009372794", "https://book.qidian.com/info/1011067362", "https://book.qidian.com/info/1011067362", "https://book.qidian.com/info/1005829052", "https://book.qidian.com/info/1005829052", "https://book.qidian.com/info/1010378998", "https://book.qidian.com/info/1010378998", "https://book.qidian.com/info/1007093626", "https://book.qidian.com/info/1007093626", "https://book.qidian.com/info/1009406892", "https://book.qidian.com/info/1009406892", "https://book.qidian.com/info/1011814764", "https://book.qidian.com/info/1011636462", "https://book.qidian.com/info/1012011143", "https://book.qidian.com/info/1011989615", "https://book.qidian.com/info/1011979302", "https://book.qidian.com/info/1011962232", "https://book.qidian.com/info/1012020634", "https://book.qidian.com/info/1011923738", "https://book.qidian.com/info/1012020834", "https://book.qidian.com/info/1011973977"]}