{"ratings": 0.0, "userreviews": [{"userName": "\u5475\u54752589", "userReviewDate": "2018-05-06", "userURL": "https://my.qidian.com/user/200953821", "userReview": "\u6211\u6765\u603b\u7ed3\u4e0b\u51cc\u706b\u706b\u7684\u529b\u91cf\uff1a1.\u300a\u5251\u5178\u300b(\u5251\u672f\u4ee5\u53ca\u5251\u610f)2.\u4e94\u9636\u7684\u751f\u547d\u5c42\u6b213.\u8840\u8109\u4e8c\u6b21\u89c9\u9192(\u5996"}, {"userName": "\u5475\u54752589", "userReviewDate": "2018-05-03", "userURL": "https://my.qidian.com/user/200953821", "userReview": "\u5c31\u6ca1\u6709\u7b7e\u5230\u697c\u5417\uff1f\u6211\u53ef\u4e0d\u53ef\u4ee5\u5efa\u4e00\u4e2a\u2026\u2026"}, {"userName": "DIOS", "userReviewDate": "2\u5c0f\u65f6\u524d", "userURL": "https://my.qidian.com/user/153034881", "userReview": "\u6700\u8ba8\u538c\u4e3b\u89d2\u52a8\u4e0d\u52a8\u5c31\u5973\u88c5"}, {"userName": "Durgn", "userReviewDate": "3\u5c0f\u65f6\u524d", "userURL": "https://my.qidian.com/user/218840299", "userReview": "\u4f30\u8ba1\u53f6\u4fee\u4e00\u4f19\u8981\u51fa\u6765\u4e86"}, {"userName": "\u5415\u5929\u867e3576", "userReviewDate": "16\u5c0f\u65f6\u524d", "userURL": "https://my.qidian.com/user/313130592", "userReview": "\u5feb\u70b9\u66f4\u65b0\u554a"}, {"userName": "\u9648\u5927\u5927\u5df2\u7ecf\u5b58\u5728", "userReviewDate": "2018-06-07", "userURL": "https://my.qidian.com/user/187183865", "userReview": "\u6ca1\u770b\u61c2\u90a3\u4e2a\u662f\u4e3b\u89d2\uff0c\u5199\u7684\u597d\u4e71\u3002"}, {"userName": "\u5415\u5929\u867e3463", "userReviewDate": "2018-06-06", "userURL": "https://my.qidian.com/user/313162904", "userReview": "\u6c9f\u6c9f\u58d1\u58d1\u597d"}, {"userName": "\u5929\u7a7a\u5206\u4e3a\u4e24\u7247\u5929", "userReviewDate": "2018-06-06", "userURL": "https://my.qidian.com/user/306485849", "userReview": "\u633a\u597d\u770b\u7684\uff0c\u52a0\u6cb9\u5427\uff0c\u7968\u7968\u7559\u7ed9\u4f60"}, {"userName": "\u4e66\u53cb151226205830483", "userReviewDate": "2018-06-06", "userURL": "https://my.qidian.com/user/214020334", "userReview": "\u6211\u89c9\u5f97\u5ba4\u53cb\u90a3\u672c\u633a\u597d\u770b\u7684"}, {"userName": "\u900d\u9065\u00a7\u6781", "userReviewDate": "2018-06-06", "userURL": "https://my.qidian.com/user/18618225", "userReview": "\u8fd9\u4e66\u4e0d\u706b\u5c31\u662f\u5267\u60c5\u4e8c\u6b21\u5143\u8bdd\u592a\u4e25\u91cd\u4e86\uff0c\u770b\u4e86\u524d\u51e0\u7ae0\u5f88\u6709\u8da3\u4e5f\u5f88\u597d\uff0c\u8fdb\u5165\u6e38\u620f\u516c\u53f8\u5f00\u59cb\u51fa\u73b0\u7684\u90a3\u51e0\u4e2a\u5973\u4eba"}, {"userName": "\u7fbd\u6cc9\u5929\u4e0b", "userReviewDate": "2018-06-06", "userURL": "https://my.qidian.com/user/220536514", "userReview": "\u841d\u5409\u5c14\u8fd9\u6027\u683c\u611f\u89c9\u6b20\u8c03\u6559\u554a"}, {"userName": "\u4e00\u70b9\u51e1\u5fc3\u60c5", "userReviewDate": "2018-06-06", "userURL": "https://my.qidian.com/user/312105969", "userReview": "\u795eTM\u5251\u5178\u5ef6\u5e74\u76ca      \u4eba\u5bb6\u7ec3\u4e86\u80fd\u98de\u5347    \u4f60\u7ec3\u4e86\u5c31\u53ea\u80fd\u5ef6\u5e74\u76ca\u5bff\uff1f\uff1f"}, {"userName": "Durgn", "userReviewDate": "2018-06-05", "userURL": "https://my.qidian.com/user/218840299", "userReview": "\u7b2c\u4e00\u66f4\u53bb\u54ea\u4e86\uff1f"}, {"userName": "\u5415\u5929\u867e3278", "userReviewDate": "2018-06-05", "userURL": "https://my.qidian.com/user/313086613", "userReview": "\u03a3(\u3063 \u00b0\u0414 \u00b0;)\u3063"}], "description": "\u6fc0\u840c\u7684\u841d\u8389\uff0c\u70ed\u8840\u7684\u5c11\u5e74\uff0c\u4e3a\u6253\u7834\u6b21\u5143\u58c1\u4e00\u5f80\u65e0\u524d\uff01", "title": "\u4e16\u754c\u672b\u65e5\u4e86\u548c\u6211\u771f\u7684\u6ca1\u6709\u5173\u7cfb", "url": "https://book.qidian.com/info/1010194906", "average": -1.0, "cover": "//qidian.qpic.cn/qdbimg/349573/1010194906/180", "reviews": -1, "authors": [{"url": "https://me.qidian.com/authorIndex.aspx?id=400595555", "name": "\u96c0\u9053\u5929\u51c9"}], "type": ["\u4e8c\u6b21\u5143", "\u539f\u751f\u5e7b\u60f3", "\u4e8c\u6b21\u5143"], "outlinks": ["https://book.qidian.com/info/1010194906", "https://book.qidian.com/info/1009939696", "https://book.qidian.com/info/1009939696", "https://book.qidian.com/info/1005313885", "https://book.qidian.com/info/1005313885", "https://book.qidian.com/info/1010207546", "https://book.qidian.com/info/1010207546", "https://book.qidian.com/info/1010838269", "https://book.qidian.com/info/1010838269", "https://book.qidian.com/info/1010705340", "https://book.qidian.com/info/1010705340", "https://book.qidian.com/info/1010334385", "https://book.qidian.com/info/1010334385", "https://book.qidian.com/info/1010551175", "https://book.qidian.com/info/1010551175", "https://book.qidian.com/info/1011307116", "https://book.qidian.com/info/1011307116", "https://book.qidian.com/info/1012004599", "https://book.qidian.com/info/1012004599", "https://book.qidian.com/info/1011443057", "https://book.qidian.com/info/1011977706", "https://book.qidian.com/info/1011970575", "https://book.qidian.com/info/1011722301", "https://book.qidian.com/info/1012058179", "https://book.qidian.com/info/1010868275", "https://book.qidian.com/info/1012020887", "https://book.qidian.com/info/1011904081"]}