{"ratings": 0.0, "userreviews": [], "description": "\u7b97\u547d\u63a2\u9669\u70b9\u98ce\u6c34\uff0c\u60ca\u609a\u4fa6\u63a2\u964d\u9b3c\u602a\uff0c\u6700\u4f20\u7edf\u4e2d\u56fd\u6587\u5316\uff0c\u6700\u795e\u79d8\u7075\u5f02\u4f20\u5947\uff01", "title": "\u4e16\u754c\u95f4\u9699", "url": "https://book.qidian.com/info/1012044012", "average": -1.0, "cover": "//qidian.qpic.cn/qdbimg/349573/1012044012/180", "reviews": -1, "authors": [{"url": "https://me.qidian.com/authorIndex.aspx?id=401140679", "name": "\u75af\u6b62"}], "type": ["\u7075\u5f02", "\u7075\u5f02\u9b3c\u602a"], "outlinks": ["https://book.qidian.com/info/1012044012", "https://book.qidian.com/info/4479", "https://book.qidian.com/info/4479", "https://book.qidian.com/info/53269", "https://book.qidian.com/info/53269", "https://book.qidian.com/info/71462", "https://book.qidian.com/info/71462", "https://book.qidian.com/info/78574", "https://book.qidian.com/info/78574", "https://book.qidian.com/info/108548", "https://book.qidian.com/info/108548", "https://book.qidian.com/info/116510", "https://book.qidian.com/info/116510", "https://book.qidian.com/info/1011837610", "https://book.qidian.com/info/1011987732", "https://book.qidian.com/info/1011825122", "https://book.qidian.com/info/1011825450", "https://book.qidian.com/info/1011945422", "https://book.qidian.com/info/1011826884", "https://book.qidian.com/info/1011790544", "https://book.qidian.com/info/1011825290", "https://book.qidian.com/info/1011896879", "https://book.qidian.com/info/1011875452"]}