{"ratings": 0.0, "userreviews": [{"userName": "\u5415\u5929\u867e12019", "userReviewDate": "2018-05-22", "userURL": "https://my.qidian.com/user/315114102", "userReview": "\u7b7e\u5230\u7b7e\u5230\u98ce\u5927\u4e07\u5c81"}, {"userName": "\u68c0\u5fbd\u4e0b\u7684\u5c11\u5e74", "userReviewDate": "2018-05-17", "userURL": "https://my.qidian.com/user/315493771", "userReview": "\u5199\u7684\u4e0d\u9519\uff0c\u52a0\u6cb9"}, {"userName": "\u4e00\u8c08\u6b7b\u6c34", "userReviewDate": "2018-05-13", "userURL": "https://my.qidian.com/user/222159987", "userReview": "\u5927\u706b\u8d77\u6765\u4e86\u5c31\u662f\u4e0d\u53ef\u80fd\u5b8c\u672c\u7684\uff0c\u4e0d\u6e29\u4e0d\u706b\u6700\u597d\uff0c\u6210\u7ee9\u592a\u5dee\u4f5c\u8005\u5f03\u5751\u5475\u3002"}, {"userName": "\u6d2a\u4e09\u5143", "userReviewDate": "2018-05-08", "userURL": "https://my.qidian.com/user/202612963", "userReview": "\u795d\u798f\u795e\u4f5c[fn=27]"}, {"userName": "\u5b8b\u5b8b\u7684\u5b8b\u5c0f\u55b5", "userReviewDate": "2018-05-03", "userURL": "https://my.qidian.com/user/314754370", "userReview": "\u4f5c\u8005\u52a0\u6cb9\uff0c\u65ad\u66f4\u6253\u6b7b\uff01_(:\u0437\u300d\u2220)_"}, {"userName": "\u65e0\u6bdb\u7ffc\u9f99", "userReviewDate": "2018-04-28", "userURL": "https://my.qidian.com/user/4344728", "userReview": "\u7b7e\u5230\u6c34\u7ecf\u9a8c\uff01"}, {"userName": "gtrhg", "userReviewDate": "2018-04-16", "userURL": "https://my.qidian.com/user/226750858", "userReview": "\u5199\u7684\u5f88\u597d\uff0c\u5f88\u4e0d\u9519\u3002"}, {"userName": "\u9a6c\u8def\u4e0a\u7684\u8def\u4eba", "userReviewDate": "2018-04-14", "userURL": "https://my.qidian.com/user/308046909", "userReview": "\u4e0b\u5468\u8981\u4e0a\u5f3a\u63a8\u4e86\uff0c\u5404\u4f4d\u4e66\u53cb\u8bf7\u591a\u6295\u6295\u63a8\u8350\u70b9\u7ed9\u4e2a\u6536\u85cf\uff0c\u62b1\u62f3\uff01"}, {"userName": "honghaijin", "userReviewDate": "2018-04-10", "userURL": "https://my.qidian.com/user/13711380", "userReview": "\u53ea\u8981\u592a\u77ed\u4e86\uff0c\u6240\u4ee5\u6ca1\u4eba\u8ffd"}, {"userName": "\u9a6c\u8def\u4e0a\u7684\u8def\u4eba", "userReviewDate": "2018-04-10", "userURL": "https://my.qidian.com/user/308046909", "userReview": "\u6709\u4eba\u5acc\u6211\u66f4\u7684\u592a\u6162\uff0c\u6ca1\u6709\u529e\u6cd5\u7684\u5440\uff01\u4f60\u4eec\u4e5f\u80fd\u770b\u5230\u6211\u6bcf\u5929\u53d1\u6587\u662f\u4ec0\u4e48\u65f6\u5019\u51e0\u4e4e\u90fd\u662f\u665a\u4e0a\u4e86\uff0c\u767d\u5929\u5fd9\u7684\u8981"}, {"userName": "\u963f\u65c1\u65c1\u65c1", "userReviewDate": "2018-04-08", "userURL": "https://my.qidian.com/user/10112292", "userReview": "\u54a6\uff0c\u600e\u4e48\u6ca1\u4eba\u3002\u3002\u4f5c\u8005\u5199\u7684\u5f88\u597d\u554a\uff5e"}], "description": "\u3010\u7b2c\u4e09\u5c4a\u7f51\u7edc\u539f\u521b\u6587\u5b66\u73b0\u5b9e\u4e3b\u4e49\u9898\u6750\u5f81\u6587\u5927\u8d5b\u3011\u53c2\u8d5b\u4f5c\u54c1", "title": "\u4e16\u8def\u8363\u67af", "url": "https://book.qidian.com/info/1011497365", "average": -1.0, "cover": "//qidian.qpic.cn/qdbimg/349573/1011497365/180", "reviews": -1, "authors": [{"url": "https://me.qidian.com/authorIndex.aspx?id=400919950", "name": "\u5bd2\u5bb6\u516c\u5b50"}], "type": ["\u73b0\u5b9e", "\u73b0\u5b9e\u767e\u6001"], "outlinks": ["https://book.qidian.com/info/1011497365", "https://book.qidian.com/info/3559897", "https://book.qidian.com/info/3559897", "https://book.qidian.com/info/3175231", "https://book.qidian.com/info/3175231", "https://book.qidian.com/info/3660695", "https://book.qidian.com/info/3660695", "https://book.qidian.com/info/2335572", "https://book.qidian.com/info/2335572", "https://book.qidian.com/info/1472044", "https://book.qidian.com/info/1472044", "https://book.qidian.com/info/1010139236", "https://book.qidian.com/info/1010139236", "https://book.qidian.com/info/1010507309", "https://book.qidian.com/info/1010507309", "https://book.qidian.com/info/1011999069", "https://book.qidian.com/info/1011999069", "https://book.qidian.com/info/1011633094", "https://book.qidian.com/info/1011456133", "https://book.qidian.com/info/1011634147", "https://book.qidian.com/info/1011681836", "https://book.qidian.com/info/1010536358", "https://book.qidian.com/info/1011815512", "https://book.qidian.com/info/1011779536", "https://book.qidian.com/info/1011822376", "https://book.qidian.com/info/1010906320", "https://book.qidian.com/info/1011955761"]}