{"ratings": 0.0, "userreviews": [{"userName": "jimzhou52512", "userReviewDate": "2018-05-05", "userURL": "https://my.qidian.com/user/5896177", "userReview": "\u7b7e\u5230\u7b7e\u5230\u4e86\u3002\u3002\u3002"}, {"userName": "\u82cf\u5168", "userReviewDate": "2018-05-04", "userURL": "https://my.qidian.com/user/3556064", "userReview": "haole"}, {"userName": "\u82cf\u5168", "userReviewDate": "2018-05-02", "userURL": "https://my.qidian.com/user/3556064", "userReview": "\u521a\u597d\u4e94\u4e2a\u5b57"}, {"userName": "\u82cf\u5168", "userReviewDate": "2018-05-02", "userURL": "https://my.qidian.com/user/3556064", "userReview": "525885"}, {"userName": "\u82cf\u5168", "userReviewDate": "2018-04-30", "userURL": "https://my.qidian.com/user/3556064", "userReview": "\u521a\u597d\u4e94\u4e2a\u5b57"}, {"userName": "\u82cf\u5168", "userReviewDate": "2018-04-30", "userURL": "https://my.qidian.com/user/3556064", "userReview": "haole"}, {"userName": "\u82cf\u5168", "userReviewDate": "2018-04-27", "userURL": "https://my.qidian.com/user/3556064", "userReview": "12345"}, {"userName": "\u82cf\u5168", "userReviewDate": "2018-04-27", "userURL": "https://my.qidian.com/user/3556064", "userReview": "\u7b7e\u5230   "}, {"userName": "\u82cf\u5168", "userReviewDate": "2018-04-26", "userURL": "https://my.qidian.com/user/3556064", "userReview": "\u7b7e\u5230\u4e94\u4e2a\u5b57"}, {"userName": "\u900d\u9065\u516c\u5b5050", "userReviewDate": "2018-04-10", "userURL": "https://my.qidian.com/user/118606292", "userReview": "\u7b7e\u5230\u4e86  \uff0c\uff0c\uff0c\uff0c\uff0c"}, {"userName": "\u54c8\u54c899223", "userReviewDate": "2018-03-31", "userURL": "https://my.qidian.com/user/2412629", "userReview": "\u7b2c\u4e00\u7ae0\uff0c\u4e00\u652f\u7cbe\u82f1\u4f5c\u6218\u5c0f\u7ec4\u4e2d\u5c45\u7136\u6ca1\u6709\u533b\u62a4\u6025\u6551\u7684\u4eba\u5458\u6216\u6280\u80fd\uff0c\u8fd8\u4e0d\u5e26\u6297\u751f\u7d20\u548c\u6b62\u75db\u836f\uff0c\u592a\u5047\u4e86"}, {"userName": "\u627f\u8bfa\u4ee5\u968f\u98ce\u6563\u53bb", "userReviewDate": "2018-03-19", "userURL": "https://my.qidian.com/user/220947491", "userReview": "\u521a\u597d\u4e94\u4e2a\u5b57"}, {"userName": "\u963f\u62c9\u8d21\u7684\u6c49\u5821\u5305", "userReviewDate": "2018-02-27", "userURL": "https://my.qidian.com/user/146169188", "userReview": "\u4f60\u6562\u5b66\u592a\u7956\u8bf4\u8bdd\uff0c\u627e\u6b7b\u5462"}, {"userName": "jimzhou52512", "userReviewDate": "2018-01-18", "userURL": "https://my.qidian.com/user/5896177", "userReview": "\u7b7e\u5230\u6c34\u7ecf\u9a8c\u4e86\u3002\u3002"}], "description": "\u70ed\u8840\u6218\u6597\uff0c\u4fdd\u5bb6\u536b\u56fd\uff0c\u8a93\u6b7b\u5b88\u62a4\uff0c\u50b2\u9aa8\u65e0\u53cc\u94f8\u519b\u9b42\uff01", "title": "\u4e1b\u6797\u6218\u795e", "url": "https://book.qidian.com/info/3680420", "average": -1.0, "cover": "//qidian.qpic.cn/qdbimg/349573/3680420/180", "reviews": -1, "authors": [{"url": "https://me.qidian.com/authorIndex.aspx?id=4363029", "name": "\u4e1b\u6797\u72fc"}], "type": ["\u519b\u4e8b", "\u519b\u4e8b\u6218\u4e89"], "outlinks": ["https://book.qidian.com/info/3680420", "https://book.qidian.com/info/1010961787", "https://book.qidian.com/info/1010961787", "https://book.qidian.com/info/1010566274", "https://book.qidian.com/info/1010566274", "https://book.qidian.com/info/1010179770", "https://book.qidian.com/info/1010179770", "https://book.qidian.com/info/1010275140", "https://book.qidian.com/info/1010275140", "https://book.qidian.com/info/1010957891", "https://book.qidian.com/info/1010957891", "https://book.qidian.com/info/1004593754", "https://book.qidian.com/info/1004593754", "https://book.qidian.com/info/2363711", "https://book.qidian.com/info/2363711", "https://book.qidian.com/info/3348326", "https://book.qidian.com/info/3348326", "https://book.qidian.com/info/1001414782", "https://book.qidian.com/info/1001414782", "https://book.qidian.com/info/1011096492", "https://book.qidian.com/info/1011096492", "https://book.qidian.com/info/1011773651", "https://book.qidian.com/info/1011792881", "https://book.qidian.com/info/1011766727", "https://book.qidian.com/info/1011816033", "https://book.qidian.com/info/1011910483", "https://book.qidian.com/info/1011695819", "https://book.qidian.com/info/1011962771", "https://book.qidian.com/info/1011786182", "https://book.qidian.com/info/1011837374", "https://book.qidian.com/info/1011724908"]}