{"ratings": 0.0, "userreviews": [{"userName": "bozel", "userReviewDate": "2018-06-04", "userURL": "https://my.qidian.com/user/6402581", "userReview": "\u8fd9\u672c\u4e66\u771f\u7684\u5f88\u4e0d\u9519\uff0c\u5728\u8d77\u70b9\u8fd9\u4e2a\u5e73\u53f0\u76f8\u5f53\u5c11\u89c1\uff0c\u4f5c\u8005\u5e94\u8be5\u662f\u4e0b\u4e86\u529f\u592b\u7684\uff0c\u5728\u7ec6\u8282\u7684\u63cf\u8ff0\u4e0a\u53ef\u5708\u53ef\u70b9\uff0c\u666f"}, {"userName": "\u4e00Winds", "userReviewDate": "2018-06-03", "userURL": "https://my.qidian.com/user/210238950", "userReview": "5\u5e01\u4e00\u697c\uff0c\u767e\u697c\u4e00\u7ed3\uff0c\u4e0a\u4e0d\u5c01\u9876\uff0c\u4e66\u53cb\u4eec\uff0c\u8ba9\u6211\u770b\u5230\u4f60\u4eec\u7684\u53cc\u624b!"}, {"userName": "\u661f\u591c\u98c4\u96ea", "userReviewDate": "2018-05-08", "userURL": "https://my.qidian.com/user/187442103", "userReview": "\u5f88\u559c\u6b61\u9019\u672c\uff0c\u5e0c\u671b\u4f5c\u8005\u7e7c\u7e8c\u52a0\u6cb9!"}, {"userName": "\u5f20\u9633\u660e", "userReviewDate": "20\u5206\u949f\u524d", "userURL": "https://my.qidian.com/user/209994824", "userReview": "\u6211\u5c31\u60f3\u77e5\u9053\u7761\u4e86\u51e0\u4e2a\u65e5\u672c\u5973\u4eba"}, {"userName": "\u5f04\u89d2\u5f04\u897f\u5c3c\u53e4\u5c3c", "userReviewDate": "58\u5206\u949f\u524d", "userURL": "https://my.qidian.com/user/216066764", "userReview": "\u53ef\u4ee5\u8ba9\u73b2\u5948\u591a\u4e0a\u7efc\u827a\u8282\u76ee\u53d1\u5c55\u6492\uff0c\u6574\u4e00\u4e2a\u63a8\u7406\u7efc\u827a\u8282\u76ee\uff0c\u73b2\u5948\u53ef\u4ee5\u573a\u5916\u6c42\u52a9\u4f5c\u4e3a\u65e5\u672c\u8457\u540d\u5211\u4e8b\u641c\u67e5\u5b98\u7684"}, {"userName": "\u8033\u7f8a\u82b1\u53f9", "userReviewDate": "4\u5c0f\u65f6\u524d", "userURL": "https://my.qidian.com/user/225765523", "userReview": "\u867d\u7136\u5267\u60c5\u8fd8\u6709\u9700\u8981\u63a8\u6572\u7684\u5730\u65b9\uff0c\u4f46\u8d8a\u6765\u8d8a\u80fd\u770b\u5230\u4f5c\u8005\u7684\u52aa\u529b\u3002\u4e0d\u8fc7\u5f88\u91cd\u8981\u7684\u4e00\u70b9\uff0c\u5c31\u662f\u6709\u5f88\u591a\u4f4e\u7ea7\u7684\u9519"}, {"userName": "HadesY", "userReviewDate": "7\u5c0f\u65f6\u524d", "userURL": "https://my.qidian.com/user/3758346", "userReview": "\u7b7e\u5230\u51e0\u4e2a\u5b57\uff01"}, {"userName": "\u5927\u540d\u6bdb\u5229", "userReviewDate": "13\u5c0f\u65f6\u524d", "userURL": "https://my.qidian.com/user/239868", "userReview": "qiandao"}, {"userName": "BLACKPOWDER", "userReviewDate": "14\u5c0f\u65f6\u524d", "userURL": "https://my.qidian.com/user/316776", "userReview": "\u63a8\u8350\u6c34\u7ecf\u9a8c"}, {"userName": "\u6731\u638c\u67dc", "userReviewDate": "15\u5c0f\u65f6\u524d", "userURL": "https://my.qidian.com/user/223471837", "userReview": "\u7b7e\u5230\u6c34\u7ecf\u9a8c"}, {"userName": "cyvhhc", "userReviewDate": "23\u5c0f\u65f6\u524d", "userURL": "https://my.qidian.com/user/300951008", "userReview": "\u6512\u4e86\u4e00\u4e2a\u591a\u6708\uff0c\u516b\u5341\u591a\u7ae0\uff0c\u4e00\u6574\u4e2a\u6848\u5b50\uff0c\u4ee5\u4e3a\u53ef\u4ee5\u5f88\u723d\u7684\u770b\u5f88\u957f\u65f6\u95f4\uff0c\u4f46\u662f\uff0c\u5728\u5f00\u59cb\u770b\u4e4b\u540e\uff0c\u6ca1\u611f\u89c9\u8fc7"}, {"userName": "HadesY", "userReviewDate": "\u6628\u65e511:29", "userURL": "https://my.qidian.com/user/3758346", "userReview": "\u7b7e\u5230\u51e0\u4e2a\u5b57\uff01"}, {"userName": "HadesY", "userReviewDate": "\u6628\u65e507:37", "userURL": "https://my.qidian.com/user/3758346", "userReview": "\u7b7e\u5230\u51e0\u4e2a\u5b57\uff01"}, {"userName": "BLACKPOWDER", "userReviewDate": "\u6628\u65e501:21", "userURL": "https://my.qidian.com/user/316776", "userReview": "\u63a8\u8350\u6c34\u7ecf\u9a8c"}], "description": "\u91cd\u751f\u8fc7\u53bb\u3001\u7545\u60f3\u672a\u6765\u3001\u68a6\u5e7b\u73b0\u5b9e\uff0c\u518d\u5851\u4f20\u5947\u4eba\u751f\uff01", "title": "\u4e1c\u4eac\u8b66\u4e8b", "url": "https://book.qidian.com/info/1009915979", "average": -1.0, "cover": "//qidian.qpic.cn/qdbimg/349573/1009915979/180", "reviews": -1, "authors": [{"url": "https://me.qidian.com/authorIndex.aspx?id=8485038", "name": "\u866b\u8349\u7530\u5341"}], "type": ["\u90fd\u5e02", "\u90fd\u5e02\u751f\u6d3b", "\u73b0\u5b9e"], "outlinks": ["https://book.qidian.com/info/1009915979", "https://book.qidian.com/info/1010442026", "https://book.qidian.com/info/1010442026", "https://book.qidian.com/info/1010500395", "https://book.qidian.com/info/1010500395", "https://book.qidian.com/info/1010770013", "https://book.qidian.com/info/1010770013", "https://book.qidian.com/info/1009713314", "https://book.qidian.com/info/1009713314", "https://book.qidian.com/info/1004704580", "https://book.qidian.com/info/1004704580", "https://book.qidian.com/info/1009514754", "https://book.qidian.com/info/1009514754", "https://book.qidian.com/info/1003901823", "https://book.qidian.com/info/1003901823", "https://book.qidian.com/info/1011932150", "https://book.qidian.com/info/1012029544", "https://book.qidian.com/info/1012015699", "https://book.qidian.com/info/1012018201", "https://book.qidian.com/info/1011879101", "https://book.qidian.com/info/1011790606", "https://book.qidian.com/info/1011971435", "https://book.qidian.com/info/1009695534", "https://book.qidian.com/info/1011890878", "https://book.qidian.com/info/1010537314"]}