{"ratings": 0.0, "userreviews": [{"userName": "\u9648\u601d\u4ead", "userReviewDate": "2018-03-19", "userURL": "https://my.qidian.com/user/219778015", "userReview": "\u52a0\u6cb9\uff01\u575a\u6301\u4e0b\u53bb[fn=7]"}, {"userName": "\u5fc3\u60c5\u6df1\u6df1\u5fc3\u96e8\u8499\u8499", "userReviewDate": "2018-03-13", "userURL": "https://my.qidian.com/user/302847752", "userReview": "\u9876\n\n\n\n\n\n\n\n\n\n\n\n\n\n\n\n"}, {"userName": "\u5fc3\u60c5\u6df1\u6df1\u5fc3\u96e8\u8499\u8499", "userReviewDate": "2018-03-13", "userURL": "https://my.qidian.com/user/302847752", "userReview": "\u9876\n\n\n\n\n\n\n"}, {"userName": "\u9752\u67e0\u7d05\u8336Hs", "userReviewDate": "2018-01-03", "userURL": "https://my.qidian.com/user/225044742", "userReview": "\u6545\u4e8b\u60c5\u8282\u611f\u89c9\u4e0d\u9519\uff0c\u53ea\u4e0d\u8fc7\u80fd\u628a\u7a0d\u5fae\u4f4e\u4fd7\u4e00\u70b9\u513f\u7684\u4e1c\u897f\u53bb\u9664\u6389\u5c31\u66f4\u5b8c\u7f8e\u4e86\uff0c\u9752\u94dc\uff0c\u7ee7\u7eed\u575a\u6301\u4e0b\u53bb\uff0c\u8fd9\u4e66"}, {"userName": "\u627e\u4e2a\u60c5\u4eba\u6253\u79cb\u98ce", "userReviewDate": "2018-01-01", "userURL": "https://my.qidian.com/user/229761974", "userReview": "\u600e\u4e48\u4e0d\u66f4\u65b0\u4e86\uff1f\u5143\u65e6\u4e5f\u653e\u5047\uff1f"}, {"userName": "\u7231\u53ef\u53ef\u53ef\u53ef\u53ef\u53ef\u53ef\u53ef\u53ef\u53ef\u53ef", "userReviewDate": "2017-12-28", "userURL": "https://my.qidian.com/user/311448078", "userReview": "\u8001\u94c1\u8001\u94c1\uff0c\u542c\u5230\u8bf7\u56de\u8bdd\uff01"}, {"userName": "\u4e91\u96e8\u9b3c\u7a9f", "userReviewDate": "2017-12-23", "userURL": "https://my.qidian.com/user/225612702", "userReview": "\u771f\u7684\u5f88\u597d\u770b\uff0c\u540e\u9762\u8fd8\u4f1a\u5199\u5230\u521d\u604b\u80e1\u96ea\u5417\uff1f"}, {"userName": "\u7231\u53ef\u53ef\u53ef\u53ef\u53ef\u53ef\u53ef\u53ef\u53ef\u53ef\u53ef", "userReviewDate": "2017-12-21", "userURL": "https://my.qidian.com/user/311448078", "userReview": "\u3002\u8001\u94c1\uff0c\u6708\u7968\u90fd\u7ed9\u4e86\uff0c\u7206\u4e2a3/4\u7ae0\u585e\uff01"}, {"userName": "\u7f8e\u9152\u8c01\u4e0e\u9189", "userReviewDate": "2017-11-22", "userURL": "https://my.qidian.com/user/229834864", "userReview": "\u6bcf\u6b21\u770b\u6211\u90fd\u662f\u6512\u7740\u4e00\u7ae0\u518d\u770b\uff0c\u5199\u7684\u5f88\u4e0d\u9519\uff0c\u4e0d\u9700\u8981\u66f4\u591a\u5feb\uff0c\u4fdd\u8bc1\u8d28\u91cf\u554a\uff01"}, {"userName": "\u51b0\u96e8\u4e7e\u98ce", "userReviewDate": "2017-10-27", "userURL": "https://my.qidian.com/user/215285609", "userReview": "\u770b\u5230\u7c89\u4e1d3\uff0c\u6211\u90fd\u6709\u70b9\u90a3\u5565\uff01"}, {"userName": "\u4e36Sting", "userReviewDate": "2017-10-04", "userURL": "https://my.qidian.com/user/175366578", "userReview": "\u4f60\u80fd\u4e0d\u80fd\u5bf9\u90a3\u4e9b\u5b64\u9b42\u91ce\u9b3c\u6001\u5ea6\u597d\u70b9\uff1f\u4e0a\u53e3\u5c31\u9a82\u4e0d\u539a\u9053\u554a\u4f60\uff01\u53ea\u8981\u4e0d\u7978\u5bb3\u4eba\uff0c\u80fd\u8d85\u5ea6\u5c31\u8d85\u5ea6\u5427\uff01"}, {"userName": "\u5929\u5730\u9053Z", "userReviewDate": "2017-09-23", "userURL": "https://my.qidian.com/user/212226401", "userReview": "\u77ed\u7bc7\u96be\u6709\u524d\u9014\u554a\uff01"}, {"userName": "\u5915\u5f7c\u5343\u5e74", "userReviewDate": "2017-09-17", "userURL": "https://my.qidian.com/user/307293519", "userReview": "\u7075\u5f02\u5199\u5f97\u6ca1\u6df1\u5ea6\u7684\u8bdd\uff0c\u8fd8\u662f\u6ca1\u4eba\u770b\u7684"}, {"userName": "\u4e66\u53cb20170224064600928", "userReviewDate": "2017-09-17", "userURL": "https://my.qidian.com/user/230006617", "userReview": "\u4e0d\u9519\u8001\u4e94\u52a0\u6cb9\uff0c\u4e00\u5b9a\u8981\u575a\u6301"}], "description": "", "title": "\u4e1c\u5317\u7075\u5f02\u56de\u5fc6\u5f55", "url": "https://book.qidian.com/info/1010150447", "average": -1.0, "cover": "//qidian.qpic.cn/qdbimg/349573/1010150447/180", "reviews": -1, "authors": [{"url": "https://me.qidian.com/authorIndex.aspx?id=400209821", "name": "\u9752\u94dc\u8001\u4e94"}], "type": ["\u77ed\u7bc7", "\u77ed\u7bc7\u5c0f\u8bf4"], "outlinks": ["https://book.qidian.com/info/1010150447", "https://book.qidian.com/info/1011168558", "https://book.qidian.com/info/1011168558", "https://book.qidian.com/info/3681469", "https://book.qidian.com/info/3681469", "https://book.qidian.com/info/3068279", "https://book.qidian.com/info/3068279", "https://book.qidian.com/info/2548528", "https://book.qidian.com/info/2548528", "https://book.qidian.com/info/1935805", "https://book.qidian.com/info/1935805", "https://book.qidian.com/info/1004133624", "https://book.qidian.com/info/1004133624", "https://book.qidian.com/info/1009843988", "https://book.qidian.com/info/1009843988", "https://book.qidian.com/info/1011128273", "https://book.qidian.com/info/1011128273", "https://book.qidian.com/info/1011565635", "https://book.qidian.com/info/1011565635", "https://book.qidian.com/info/1009312005", "https://book.qidian.com/info/1136277", "https://book.qidian.com/info/1830315", "https://book.qidian.com/info/1011168558", "https://book.qidian.com/info/1004575373", "https://book.qidian.com/info/1004088722", "https://book.qidian.com/info/1945698", "https://book.qidian.com/info/1010642969", "https://book.qidian.com/info/1003669419", "https://book.qidian.com/info/1011683374"]}