{"ratings": 0.0, "userreviews": [{"userName": "\u5415\u5929\u867e13493", "userReviewDate": "2018-06-07", "userURL": "https://my.qidian.com/user/316813892", "userReview": "\u7b7e\u5230\uff0c\u7b7e\u5230\uff0c\u7b7e\u5230\u3002"}, {"userName": "\u5728\u5395\u6240\u91cc\u770b\u7740\u4f60", "userReviewDate": "2018-06-06", "userURL": "https://my.qidian.com/user/314433636", "userReview": "\u4f5c\u8005\u5927\u5927\u662f\u8981\u52a0\u5165\u4e00\u70b9\u6c14\u8fd0\u6d41\u5417"}, {"userName": "\u5c0f\u5c0f\u7ef5\u7f8a", "userReviewDate": "2018-06-06", "userURL": "https://my.qidian.com/user/318039", "userReview": "\u672c\u4e66\u662f\u7a7f\u8d8a\u7684\u4e48\uff1f\u770b\u4e86\u5341\u6765\u7ae0\u6ca1\u770b\u51fa\u6765\uff0c\u4e0d\u662f\u7a7f\u8d8a\u7684\u8bdd\uff0c\u8fd9\u4eba\u7269\u5851\u9020\u7684\u5c31\u6709\u95ee\u9898\u4e86\uff0c\u4e00\u4e2a\u5c0f\u5c0f\u91cc\u6b63\u5341\u4e03"}, {"userName": "\u5343\u91cc\u6ce1\u599e", "userReviewDate": "2018-06-04", "userURL": "https://my.qidian.com/user/200203938", "userReview": "\u7b2c\u4e09\u5377\u5b8c\u600e\u4e48\u76f4\u63a5\u7b2c\u516d\u5377\u4e86\u3002"}, {"userName": "\u9738\u738b\u79f0\u96c4", "userReviewDate": "2018-06-04", "userURL": "https://my.qidian.com/user/215545641", "userReview": "\u7b7e\u5230\u65f6\u5019\u6765\u4e86"}, {"userName": "\u5c0f\u5fc6\u68c9\u82b1\u7cd6", "userReviewDate": "2018-06-03", "userURL": "https://my.qidian.com/user/165469661", "userReview": "\u6765\u665a\u4e86\uff0c\u795d\u5929\u9053\u65e9\u65e5\u5c01\u795e\u3002"}, {"userName": "\u9738\u738b\u79f0\u96c4", "userReviewDate": "2018-06-03", "userURL": "https://my.qidian.com/user/215545641", "userReview": "\u7b7e\u5230\u65f6\u5019\u6765\u4e86"}, {"userName": "\u695a\u5b57\u96f2", "userReviewDate": "2018-06-02", "userURL": "https://my.qidian.com/user/213219777", "userReview": "\u8fd9\u6837\u6211\u4eec\u770b\u8d77\u6765\u4e5f\u6709\u4e9b\u65f6\u4ee3\u611f\uff0c\u5173\u952e\u6211\u4eec\u90fd\u77e5\u9053\u6ca1\u6709\u79d1\u6280\u7684\u53d1\u5c55\uff0c\u5bf9\u767e\u59d3\u6765\u8bf4\u8fd8\u662f\u8d2b\u7a77\uff0c\u751f\u4ea7\u529b\u63d0\u4e0d\u4e0a"}, {"userName": "\u9738\u738b\u79f0\u96c4", "userReviewDate": "2018-06-01", "userURL": "https://my.qidian.com/user/215545641", "userReview": "\u7b7e\u5230\u65f6\u5019\u6765\u4e86"}, {"userName": "\u768e\u768e\u79cb\u6708\u660e", "userReviewDate": "2018-05-30", "userURL": "https://my.qidian.com/user/8421207", "userReview": "\u4e0d\u7a7f\u8d8a\u91cd\u751f\uff0c\u8bf7\u95ee\u600e\u4e48\u6539\u53d8\u5386\u53f2\uff0c\u6015\u662f\u5728\u505a\u68a6\u5427\u3002\u8981\u4e48\u4f60\u5c31\u5199\u67b6\u7a7a\uff0c\u4e0d\u7136\u5c0f\u8bf4\u662f\u4e0d\u6210\u7acb\u7684\u3002"}, {"userName": "\u90aa\u795e\u58a8\u5b50", "userReviewDate": "2018-05-29", "userURL": "https://my.qidian.com/user/8596438", "userReview": "fgjfgjfk"}, {"userName": "\u5728\u5395\u6240\u91cc\u770b\u7740\u4f60", "userReviewDate": "2018-05-29", "userURL": "https://my.qidian.com/user/314433636", "userReview": "\u90a3\u4e9b\u8bf4\u4e0d\u7a7f\u8d8a\u5c31\u6539\u53d8\u4e0d\u4e86\u5386\u53f2\u7684\uff0c\u7b14\u5c31\u5728\u4f5c\u8005\u624b\u91cc\u6539\u53d8\u4e0d\u5c31\u662f\u4e00\u7b14\u7684\u4e8b\u5417[fn=14]"}, {"userName": "\u5c0f\u98de\u4fa0\u6b27\u9633", "userReviewDate": "2018-05-29", "userURL": "https://my.qidian.com/user/315956999", "userReview": "\u5185\u5bb9\u8fd8\u4e0d\u9519\uff0c\u5c31\u662f\u4e66\u540d\u6709\u70b9\u602a\u602a\u7684\u3002"}, {"userName": "\u5728\u5395\u6240\u91cc\u770b\u7740\u4f60", "userReviewDate": "2018-05-28", "userURL": "https://my.qidian.com/user/314433636", "userReview": "\u4f5c\u8005\u5927\u5927\u9500\u552e\u699c\u524d\u5341\u4e86\u606d\u559c"}], "description": "\u9192\u638c\u5929\u4e0b\u6743\uff0c\u9189\u5367\u7f8e\u4eba\u819d\uff0c\u4e94\u5343\u5e74\u98ce\u534e\u70df\u96e8\uff0c\u662f\u975e\u6210\u8d25\u8f6c\u5934\u7a7a\uff01", "title": "\u4e1c\u664b\u5317\u5e9c\u4e00\u4e18\u516b", "url": "https://book.qidian.com/info/1010056141", "average": -1.0, "cover": "//qidian.qpic.cn/qdbimg/349573/1010056141/180", "reviews": -1, "authors": [{"url": "https://me.qidian.com/authorIndex.aspx?id=3768627", "name": "\u6307\u4e91\u7b11\u5929\u90531"}], "type": ["\u5386\u53f2", "\u4e24\u664b\u968b\u5510"], "outlinks": ["https://book.qidian.com/info/1010056141", "https://book.qidian.com/info/1010765389", "https://book.qidian.com/info/1010765389", "https://book.qidian.com/info/1010961787", "https://book.qidian.com/info/1010961787", "https://book.qidian.com/info/1010579888", "https://book.qidian.com/info/1010579888", "https://book.qidian.com/info/1009812096", "https://book.qidian.com/info/1009812096", "https://book.qidian.com/info/1005782958", "https://book.qidian.com/info/1005782958", "https://book.qidian.com/info/1010866412", "https://book.qidian.com/info/1010866412", "https://book.qidian.com/info/3095071", "https://book.qidian.com/info/3095071", "https://book.qidian.com/info/1011800596", "https://book.qidian.com/info/1010891668", "https://book.qidian.com/info/1011773910", "https://book.qidian.com/info/1011783347", "https://book.qidian.com/info/1011643843", "https://book.qidian.com/info/1011476924", "https://book.qidian.com/info/1011635441", "https://book.qidian.com/info/1009999928", "https://book.qidian.com/info/1006932473", "https://book.qidian.com/info/1005080011"]}