{"ratings": 0.0, "userreviews": [{"userName": "\u7ea2\u52a0\u84dd", "userReviewDate": "2018-04-10", "userURL": "https://my.qidian.com/user/164978875", "userReview": "\u3010\u8111\u6d1e\u697c\u3011\u4e2d\u65e5\u6f2b\u4e2d\u7684\u4e1c\u897f\uff0c\u8fd8\u6709\u80fd\u591f\u4e0a\u591a\u5c11\u7ea7"}, {"userName": "\u6797\u767b&#183;\u4e07", "userReviewDate": "2018-01-28", "userURL": "https://my.qidian.com/user/160971656", "userReview": "\u8bdd\u8bf4\u521a\u624d\u6253\u4e00\u6253\u4e66\u8bc4\u5ffd\u7136\u6709\u4e2a\u7075\u611f\u3002\u7f8e\u6f2b\u91cc\u7684\u53cd\u6d3e\u57fa\u672c\u90fd\u662f\u90a3\u79cd\u7a77\u51f6\u6781\u6076\u7834\u574f\u529b\u6781\u5927\u7684\u89d2\u8272\u3002\u90a3\u4e48\uff0c\u5982"}, {"userName": "\u6211\u7684\u59b9\u59b9\u53eb\u96cf\u75302265", "userReviewDate": "10\u5c0f\u65f6\u524d", "userURL": "https://my.qidian.com/user/317164534", "userReview": "\u7b7e\u5230\u4e86\u5404\u4f4d\u3002[fn=4]"}, {"userName": "slong88", "userReviewDate": "15\u5c0f\u65f6\u524d", "userURL": "https://my.qidian.com/user/18845052", "userReview": "jjhgj"}, {"userName": "slong88", "userReviewDate": "15\u5c0f\u65f6\u524d", "userURL": "https://my.qidian.com/user/18845052", "userReview": "mmmmm"}, {"userName": "\u609f\u60c5\u5c0f\u9053", "userReviewDate": "2018-06-07", "userURL": "https://my.qidian.com/user/104415802", "userReview": "\u9519\u5b57\u7387\u7a81\u7834\u5929\u9645\u2190_\u2190\u8fd9\u662f\u7528\u5f97\u8bed\u97f3\u5f55\u5165\u5417\u2026\u2026"}, {"userName": "\u697c\u4e0a\u662f\u5e05\u54e5", "userReviewDate": "2018-06-06", "userURL": "https://my.qidian.com/user/312190374", "userReview": "\u4e2a\u4eba\u611f\u89c9\uff0c\u4e16\u754c\u7b49\u7ea7\u5206\u7ea7\u4e0d\u4e25\u8c28\uff0c\u5982\u679c\u6309\u7167\u672c\u4e66\u91cc\u6765\u8bf4\uff0c\u4e16\u754c\u91cc\u9762\u7684\u4eba\u3001\u7269\u7b49~\u5404\u79cd\u8bbe\u5b9a\u6d41\u5f0a\u540a\u70b8\u5929\u7684"}, {"userName": "Hyacreaper", "userReviewDate": "2018-06-06", "userURL": "https://my.qidian.com/user/227530758", "userReview": "\u6211\u5f3a\u8c03\u4e00\u904d\uff0c\u6ca1\u4e86\u5b87\u5b99\u9b54\u65b9\u4f5c\u4e3a\u80fd\u6e90\u7684\u7ea2\u9ab7\u9ac5\u7684\u98de\u673a\u4e0d\u53ef\u80fd\u4ece\u5927\u897f\u6d0b\u98de\u5230\u5357\u6781\uff0c\u6240\u4ee5\u7f8e\u56fd\u961f\u957f\u662f\u5728\u5317\u6781"}, {"userName": "\u5e0c\u5937", "userReviewDate": "2018-06-06", "userURL": "https://my.qidian.com/user/43485", "userReview": "\u8fd9\u662f\u4f1a\u519b\u9053\u6740\u62f3\u7684\u9c81\u8fc5\u5417\uff01"}, {"userName": "\u5927\u90fd\u7763123", "userReviewDate": "2018-06-03", "userURL": "https://my.qidian.com/user/149668042", "userReview": "\u633a\u597d\u7684\uff0c\u4f5c\u8005\u541b\u7ee7\u7eed\u52a0\u6cb9\u554a\uff0c\u53e6\u5916\u6ce8\u610f\u4e00\u4e0b\uff0c\u6700\u8fd1\u51e0\u7ae0\u7684\u9519\u522b\u5b57\u6709\u70b9\u591a\u3002"}, {"userName": "\u795e\u5bab\u6708\u68a6\u7fce", "userReviewDate": "2018-06-01", "userURL": "https://my.qidian.com/user/231212897", "userReview": "\u4e3b\u89d2\u5b9e\u529b\u5b8c\u5168\u4e0d\u8db3\u4ee5\u63a7\u5236\u5c40\u52bf\u554a\uff01\u8fd9\u6837\u4e0b\u53bb\uff0c\u522b\u4eba\u7684\u5b9e\u529b\u8d8a\u6765\u8d8a\u5f3a\uff0c\u4e3b\u89d2\u5b9e\u529b\u5374\u6ca1\u6709\u63d0\u9ad8\u591a\u5c11\uff0c\u8fde\u8eab\u8fb9"}, {"userName": "\u5bf9\u5143", "userReviewDate": "2018-05-27", "userURL": "https://my.qidian.com/user/190098600", "userReview": "\u54ce\uff0c\u53c8\u51fa\u6765\u4e86\u554a\uff0c\u6211\u662f\u5728\u8003\u8bd5\u90a3\u6bb5\u5267\u60c5\u7b49\u6b7b\u7684\u3002\u3002\u3002"}, {"userName": "\u965b\u4e0b\u7687\u5929", "userReviewDate": "2018-05-27", "userURL": "https://my.qidian.com/user/181046757", "userReview": "\u6709\u610f\u601d\uff0c\u54c8\u54c8"}, {"userName": "\u597d\u60f3\u4e00\u76f4\u5b85", "userReviewDate": "2018-05-25", "userURL": "https://my.qidian.com/user/210193580", "userReview": "\u9c81\u8fc5\u2026\u2026\u7a81\u7136\u60f3\u5230\u90a3\u4e2a\u6211\u8981\u5728\u4f60\u8eab\u4e0a\u523b\u4e00\u4e2a\u65e9\u5b57\u7684\u56fe"}], "description": "\u661f\u6d77\u6f2b\u6e38\uff0c\u65f6\u7a7a\u7a7f\u68ad\uff0c\u673a\u68b0\u79d1\u6280\uff0c\u76ee\u6807\u662f\u672a\u77e5\u7684\u661f\u8fb0\u5927\u6d77\uff01", "title": "\u4e1c\u65b9\u6b21\u5143\u5165\u4fb5", "url": "https://book.qidian.com/info/1009372794", "average": -1.0, "cover": "//qidian.qpic.cn/qdbimg/349573/1009372794/180", "reviews": -1, "authors": [{"url": "https://me.qidian.com/authorIndex.aspx?id=11407514", "name": "\u6df1\u4e0d\u53ef\u4fa7"}], "type": ["\u79d1\u5e7b", "\u65f6\u7a7a\u7a7f\u68ad"], "outlinks": ["https://book.qidian.com/info/1009372794", "https://book.qidian.com/info/1011067362", "https://book.qidian.com/info/1011067362", "https://book.qidian.com/info/1010969487", "https://book.qidian.com/info/1010969487", "https://book.qidian.com/info/1010841054", "https://book.qidian.com/info/1010841054", "https://book.qidian.com/info/1010879578", "https://book.qidian.com/info/1010879578", "https://book.qidian.com/info/1010890987", "https://book.qidian.com/info/1010890987", "https://book.qidian.com/info/1010804210", "https://book.qidian.com/info/1010804210", "https://book.qidian.com/info/1011814764", "https://book.qidian.com/info/1011636462", "https://book.qidian.com/info/1012011143", "https://book.qidian.com/info/1011989615", "https://book.qidian.com/info/1011979302", "https://book.qidian.com/info/1011962232", "https://book.qidian.com/info/1012020634", "https://book.qidian.com/info/1011923738", "https://book.qidian.com/info/1012020834", "https://book.qidian.com/info/1011973977"]}