{"ratings": 0.0, "userreviews": [{"userName": "\u5415\u5929\u867e3027", "userReviewDate": "2018-06-01", "userURL": "https://my.qidian.com/user/313051520", "userReview": "\u7ec8\u6e05\u767d\u2026\u2026"}, {"userName": "\u5bd2\u98ce\u98d8\u98d8\u843d\u53f6\u5175", "userReviewDate": "2018-05-28", "userURL": "https://my.qidian.com/user/214905928", "userReview": "\u5927\u795e\u5feb\u66f4\u554a\ud83d\ude0a"}, {"userName": "\u534a\u9189\u534a\u9192\u4e3f\u534a\u6d6e\u751f", "userReviewDate": "2018-05-26", "userURL": "https://my.qidian.com/user/211598948", "userReview": "\u5f00\u5934\u6bd2\u3002\u3002\u4f60\u5199\u516c\u5b59\u74d2\u7684\u513f\u5b50\u4f60\u53ef\u4ee5\u53c2\u8003\u516c\u5b59\u767d\u72fc"}, {"userName": "\u534a\u9189\u534a\u9192\u4e3f\u534a\u6d6e\u751f", "userReviewDate": "2018-05-26", "userURL": "https://my.qidian.com/user/211598948", "userReview": "\u7b49\u6211\u795e\u519c\u53bb\u8bd5\u6bd2\uff0c\u53bb\u6211\u4e00\u53bb\u4e0d\u56de\uff0c\u90a3\u4fbf\u4e00\u53bb\u4e0d\u56de"}, {"userName": "\u5415\u5929\u867e3543", "userReviewDate": "2018-05-24", "userURL": "https://my.qidian.com/user/313079667", "userReview": "\u7b7e\u5230\u7b7e\u5230\u7b7e\u8bad"}, {"userName": "\u65e0\u804a\u91cd\u540d\u592a\u591a", "userReviewDate": "2018-02-27", "userURL": "https://my.qidian.com/user/305185013", "userReview": "PS:\u611f\u8c22\u5c81\u6708\u4e86\u65e0\u60c5\u6253\u8d4f500\u8d77\u70b9\u5e01\uff0c\u975e\u5e38\u611f\u8c22\uff01\u4f60\u7684\u652f\u6301\u5c31\u662f\u6211\u7684\u52a8\u529b\uff01[fn=3]"}, {"userName": "\u65e0\u804a\u91cd\u540d\u592a\u591a", "userReviewDate": "2018-01-26", "userURL": "https://my.qidian.com/user/305185013", "userReview": "\u672c\u4e66\u9700\u8981\u5927\u91cf\u7684\u9f99\u5957\u540d\u5b57\uff0c\u8bf7\u5e7f\u5927\u4e66\u53cb\uff0c\u4e0d\u541d\u8d50\u6559\uff0c\u656c\u8bf7\u7559\u8a00\uff0c\u6709\u5e0c\u671b\u4f1a\u88ab\u7528\u5728\u4e66\u4e2d\u54e6\uff01"}, {"userName": "\u65e0\u804a\u91cd\u540d\u592a\u591a", "userReviewDate": "2017-12-17", "userURL": "https://my.qidian.com/user/305185013", "userReview": "\u6253\u5e7f\u544a\u8bf7\u5230\u8fd9\u91cc\u6392\u961f\uff0c\u6587\u660e\u6253\u5e7f\u544a\u54e6\uff01\u7ef4\u62a4\u6211\u4eec\u7684\u73af\u5883\uff01[fn=18]"}, {"userName": "\u65e0\u804a\u91cd\u540d\u592a\u591a", "userReviewDate": "2017-12-17", "userURL": "https://my.qidian.com/user/305185013", "userReview": "\u6709\u559c\u6b22\u672c\u4e66\u7684\uff0c\u8bf7\u5230\u8fd9\u91cc\u7b7e\u5230\uff01[fn=35]"}, {"userName": "\u65e0\u804a\u91cd\u540d\u592a\u591a", "userReviewDate": "2017-12-17", "userURL": "https://my.qidian.com/user/305185013", "userReview": "\u5e7f\u5927\u4e66\u53cb\uff0c\u5bf9\u672c\u4e66\u5bf9\u4f5c\u8005\u6709\u597d\u7684\u5efa\u8bbe\u6027\u610f\u89c1\u7684\u53ef\u4ee5\u7559\u8a00\uff0c\u9a82\u4eba\u6216\u8005\u55b7\u5b50\u8bf7\u81ea\u91cd\uff0c\u597d\u7684\u610f\u89c1\u4f1a\u8003\u8651\uff01"}, {"userName": "\u76d7\u6728\u6709\u9053", "userReviewDate": "2017-10-18", "userURL": "https://my.qidian.com/user/126127983", "userReview": "\u6211\u9700\u8981\u4e09\u4ef6\u4e1c\u897f\uff1a\u7231\u60c5\u53cb\u8c0a\u548c\u56fe\u4e66\u3002\u800c\u7231\u60c5\u548c\u53cb\u8c0a\uff0c\u6211\u5728\u300a\u53f8\u6668\u8981\u6210\u4e3a\u604b\u611b\u4e4b\u795e\u300b\u4e2d\u627e\u5230\u4e86\u3002  "}, {"userName": "\u4e66\u53cb20170713225801980", "userReviewDate": "2017-08-28", "userURL": "https://my.qidian.com/user/305203070", "userReview": "\u300a\u7cfb\u7edf\u4e09\u56fdVS\u53e4\u4eca\u4e2d\u5916\u300b\u91cd\u751f\u6210\u8881\u672f\u4e4b\u5b50\uff0c\u6446\u660e\u4e86\u60f3\u81ea\u7acb\u4e3a\u5e1d\uff0c\u4f46\u8881\u8000\u5374\u8bf4\uff1a\u201c\u6b64\u751f\u613f\u505a\u4e00\u5bfc\u6e38\uff0c\u5e26"}, {"userName": "\u4e66\u53cb160613152458036", "userReviewDate": "2017-07-20", "userURL": "https://my.qidian.com/user/218467572", "userReview": "\u7528\u5c0f\u8bf4\u60c5\u8282\u5f15\u8d77\u8bfb\u8005\u5171\u9e23\u6027\u60c5\u611f\u548c\u8bc4\u4ef7\u6027\u60c5\u611f\uff0c\u589e\u5f3a\u5c0f\u8bf4\u7684\u8fd1\u73b0,\u606d\u5019\u6765\uff0c\u7fa4`\u3010\u248d\u30cb\u30cf1\u3001OO\u2490\u0417"}, {"userName": "\u4e66\u53cb160613152458036", "userReviewDate": "2017-07-20", "userURL": "https://my.qidian.com/user/218467572", "userReview": "\u7528\u5c0f\u8bf4\u60c5\u8282\u5f15\u8d77\u8bfb\u8005\u5171\u9e23\u6027\u60c5\u611f\u548c\u8bc4\u4ef7\u6027\u60c5\u611f\uff0c\u589e\u5f3a\u5c0f\u8bf4\u7684\u8fd1\u73b0,\u606d\u5019\u6765\uff0c\u7fa4`\u3010\u248d\u30cb\u30cf1\u3001OO\u2490\u0417"}], "description": "\u9192\u638c\u5929\u4e0b\u6743\uff0c\u9189\u5367\u7f8e\u4eba\u819d\uff0c\u4e94\u5343\u5e74\u98ce\u534e\u70df\u96e8\uff0c\u662f\u975e\u6210\u8d25\u8f6c\u5934\u7a7a\uff01", "title": "\u4e1c\u6c49\u91cd\u751f", "url": "https://book.qidian.com/info/1010000990", "average": -1.0, "cover": "//qidian.qpic.cn/qdbimg/349573/1010000990/180", "reviews": -1, "authors": [{"url": "https://me.qidian.com/authorIndex.aspx?id=400382099", "name": "\u897f\u534e\u4e0a\u4ed9"}], "type": ["\u5386\u53f2", "\u79e6\u6c49\u4e09\u56fd"], "outlinks": ["https://book.qidian.com/info/1010000990", "https://book.qidian.com/info/1010097057", "https://book.qidian.com/info/1010097057", "https://book.qidian.com/info/1011089722", "https://book.qidian.com/info/1011089722", "https://book.qidian.com/info/1010327138", "https://book.qidian.com/info/1010327138", "https://book.qidian.com/info/1009690513", "https://book.qidian.com/info/1009690513", "https://book.qidian.com/info/1005777299", "https://book.qidian.com/info/1005777299", "https://book.qidian.com/info/1010727894", "https://book.qidian.com/info/1010727894", "https://book.qidian.com/info/1011800596", "https://book.qidian.com/info/1010891668", "https://book.qidian.com/info/1011773910", "https://book.qidian.com/info/1011783347", "https://book.qidian.com/info/1011643843", "https://book.qidian.com/info/1011476924", "https://book.qidian.com/info/1011635441", "https://book.qidian.com/info/1009999928", "https://book.qidian.com/info/1006932473", "https://book.qidian.com/info/1005080011"]}