{"ratings": 0.0, "userreviews": [{"userName": "\u5c91\u8fbe\u8d85", "userReviewDate": "2018-04-20", "userURL": "https://my.qidian.com/user/302295017", "userReview": "\u8d77\u6765\uff0c\u4e0d\u613f404\u7684\u4f5c\u5bb6\uff0c\u628a\u4f60\u4eec\u7684\u4f5c\u54c1\uff0c\u90fd\u592a\u76d1\u4e86"}, {"userName": "\u5355\u5b63\u540c\u5b63", "userReviewDate": "2018-04-04", "userURL": "https://my.qidian.com/user/311550234", "userReview": "\u989d\uff0c8\u4e2a\u6708\u524d\uff0c\u597d\u5427\uff0c\u53d1\u9519\u5730\u65b9\u4e86\u3002"}, {"userName": "\u5355\u5b63\u540c\u5b63", "userReviewDate": "2018-04-04", "userURL": "https://my.qidian.com/user/311550234", "userReview": "\u4f5c\u8005\u541b\u52a0\u6cb9\u66f4\u65b0\u54c8\uff0c\u770b\u5b8c\u6b27\u7f8e\u5927\u5e08\uff0c\u5148\u770b\u4f60\u7684\u8001\u4e66\u67ad\u96c4\u8def\u4e86\uff0c\u8fd9\u672c\u65b0\u7684\u7b49\u5b57\u6570\u591a\u4e86\u518d\u5f00\u770b\u3002"}, {"userName": "\u901a\u5929\u5927\u89c9\u4e3b", "userReviewDate": "2018-01-29", "userURL": "https://my.qidian.com/user/310298685", "userReview": "\u611f\u89c9\u592a\u6050\u6016\ud83d\ude31\u4e86\u3002404\u65e0\u5904\u4e0d\u5728\u3002\u6d3b\u7684\u592a\u538b\u6291\u4e86\u3002"}, {"userName": "\u5927\u7f57\u5929\u4e3b", "userReviewDate": "2017-10-28", "userURL": "https://my.qidian.com/user/149809626", "userReview": "\u6211\u8fd8\u4ee5\u4e3a\u662f\u65b0\u4e1c\u65b9\u5e1d\u56fd[fn=17]"}, {"userName": "\u6cd5\u5e08\u7403", "userReviewDate": "2017-10-24", "userURL": "https://my.qidian.com/user/165416872", "userReview": "\u592a\u76d1\u554a\u2026\u2026"}, {"userName": "\u79e6\u701b", "userReviewDate": "2017-09-11", "userURL": "https://my.qidian.com/user/7396596", "userReview": "\u597d\u4e8b\u5c31\u5e9f\u4e86\uff0c\u592a\u53ef\u60dc\u4e86\uff0c\u4f60\u53ef\u4ee5\u4e0d\u53cd\u6e05\uff0c\u5728\u8fd8\u6d77\u5916\u5efa\u52bf\u529b\uff0c\u505a\u5f71\u5b50\u541b\u4e3b\u3002"}, {"userName": "\u68a6\u56de\u4e71\u70fd\u70df", "userReviewDate": "2017-09-09", "userURL": "https://my.qidian.com/user/214820706", "userReview": "\u6211\u662f\u4e3a\u4e86\u90a3\u524d\u56db\u7ae0\u6765\u7684\uff0c\u5751\u6bd4\u4f60\u505a\u4e86\u4ec0\u4e48\u4f5c\u8005\u3002\u90a3\u524d\u56db\u7ae0\u5462\uff1f\uff1f\uff1f"}, {"userName": "\u82cd\u8001\u6e7f\u5350\u4e66\u53cb", "userReviewDate": "2017-08-20", "userURL": "https://my.qidian.com/user/188005216", "userReview": "\u6253\u5e7f\u544a\u4e86\uff0c\u559c\u6b22\u6b64\u4e66\u7684\u76c6\u53cb\u4eec\uff0c\u9ebb\u70e6\u79fb\u4e00\u4e0b\u8d35\u6b65\uff0c\u53bb\u6b64\u4e66\u7684\u63a8\u8350\u4e66\u5355\uff0c\u627e\u5230\u6e7f\u5c0f\u5c0f\u4e66\u5355\uff0c\u5e2e\u6b64\u4e66\u70b9\u4e0a\u4e00"}, {"userName": "\u5915\u6155\u8f7b\u821e", "userReviewDate": "2017-08-18", "userURL": "https://my.qidian.com/user/225068532", "userReview": "\u505c\u6b62\u66f4\u65b0\u4e86"}, {"userName": "\u591a\u91cd", "userReviewDate": "2017-08-17", "userURL": "https://my.qidian.com/user/7103482", "userReview": "\u4ec0\u4e48\u65f6\u5019\u53d1\u65b0\u4e66\uff1f"}, {"userName": "\u591a\u91cd", "userReviewDate": "2017-08-17", "userURL": "https://my.qidian.com/user/7103482", "userReview": "\u4ec0\u4e48\u65f6\u5019\u53d1\u65b0\u4e66\uff1f"}, {"userName": "\u6211\u559c\u4e0b\u96e8", "userReviewDate": "2017-08-17", "userURL": "https://my.qidian.com/user/214561562", "userReview": "\u652f\u6301\u4f60\uff0c\u5fb7\u56fd\u7684\u7ea6\u7eb3\u65af\uff0c\u8fd9\u4e2a\u592a\u6709\u611f\u89c9\u4e86"}, {"userName": "\u80a5\u5927\u7684\u4e00\u5934\u732a\u795e", "userReviewDate": "2017-08-15", "userURL": "https://my.qidian.com/user/300857682", "userReview": "\u6362\u9a6c\u7532\u4e86\uff1f\uff1f\uff1f"}], "description": "\u9192\u638c\u5929\u4e0b\u6743\uff0c\u9189\u5367\u7f8e\u4eba\u819d\uff0c\u4e94\u5343\u5e74\u98ce\u534e\u70df\u96e8\uff0c\u662f\u975e\u6210\u8d25\u8f6c\u5934\u7a7a\uff01", "title": "\u4e1c\u65b9\u65b0\u5e1d\u56fd", "url": "https://book.qidian.com/info/1009831073", "average": -1.0, "cover": "//qidian.qpic.cn/qdbimg/349573/1009831073/180", "reviews": -1, "authors": [{"url": "https://me.qidian.com/authorIndex.aspx?id=1130874", "name": "\u6447\u6447-\u6b32\u5760"}], "type": ["\u5386\u53f2", "\u6e05\u53f2\u6c11\u56fd"], "outlinks": ["https://book.qidian.com/info/1009831073", "https://book.qidian.com/info/1010891668", "https://book.qidian.com/info/1010891668", "https://book.qidian.com/info/1010800497", "https://book.qidian.com/info/1010800497", "https://book.qidian.com/info/1010850032", "https://book.qidian.com/info/1010850032", "https://book.qidian.com/info/1010895412", "https://book.qidian.com/info/1010895412", "https://book.qidian.com/info/1010975749", "https://book.qidian.com/info/1010975749", "https://book.qidian.com/info/1010815636", "https://book.qidian.com/info/1010815636", "https://book.qidian.com/info/1001934501", "https://book.qidian.com/info/1001934501", "https://book.qidian.com/info/1010265422", "https://book.qidian.com/info/1010265422", "https://book.qidian.com/info/1011694114", "https://book.qidian.com/info/1011694114", "https://book.qidian.com/info/1011800596", "https://book.qidian.com/info/1010891668", "https://book.qidian.com/info/1011773910", "https://book.qidian.com/info/1011783347", "https://book.qidian.com/info/1011643843", "https://book.qidian.com/info/1011476924", "https://book.qidian.com/info/1011635441", "https://book.qidian.com/info/1009999928", "https://book.qidian.com/info/1006932473", "https://book.qidian.com/info/1005080011"]}