{"ratings": 0.0, "userreviews": [{"userName": "\u751c\u5fc3\u5b9dbei", "userReviewDate": "2018-05-26", "userURL": "https://my.qidian.com/user/227592123", "userReview": "\u770b\u5230\u5f88\u591a\u9ed1\u4eba\u7684\u5c0f\u53f7\uff0c\u63a5\u8fde\u4e0d\u65ad\u6765\u9a82\u5927\u5927\u548c\u4f5c\u54c1\uff0c\u6211\u8bf4\uff0c\u8fd9\u662f\u597d\u4e8b\uff0c\u56e0\u4e3a\u4f60\u699c\u5355\u6210\u7ee9\u597d\u4e86\uff0c\u5c31\u6709\u4eba\u6765\u5ac9"}, {"userName": "\u7231\u8001\u5a46\u7231\u5bb6\u7684\u6211", "userReviewDate": "2018-05-15", "userURL": "https://my.qidian.com/user/221619531", "userReview": "[\u795e\u63a2\u7b2c\u4e00\u5f55\u70b9\u8bc4]\u4f5c\u4e3a\u5f00\u7bc7\u7b2c\u4e00\u5f55\uff0c\u6211\u5bf9\u6b64\u8ba4\u771f\u8fdb\u884c\u4e86\u7814\u8bfb\uff0c\u5f88\u559c\u6b22\u6587\u7ae0\u4e2d\u7684\u8fd9\u6bb5\u8bdd:\u963b\u529b\u6211\u5f00\u59cb\u8ba4"}, {"userName": "\u5e03\u8863\u5ef7\u5c09", "userReviewDate": "2018-05-14", "userURL": "https://my.qidian.com/user/230044401", "userReview": "\u3010\u4e07\u8d4f\u7b54\u8c22\u697c\u3011\u867d\u7136\u540d\u4e3a\u4e07\u8d4f\u7b54\u8c22\u697c\uff0c\u4f46500\u70b9\u4ee5\u4e0a\u6253\u8d4f\u6216\u957f\u671f\u5c0f\u989d\u6253\u8d4f\u7684\u4e66\u53cb\u90fd\u5c06\u8fdb\u5165\u5e03\u8863\u7b54\u8c22\u8303"}, {"userName": "\u51db\u51ac\u4e37", "userReviewDate": "2018-01-29", "userURL": "https://my.qidian.com/user/222152195", "userReview": "\u3010\u9f99\u5957\u5f81\u96c6\u697c\u3011\u542c\u8bf4\u5f81\u96c6\u89d2\u8272\uff0c\u6211\u60f3\u3002\u3002\u4eba\u7269\uff1a\u80d6\u76db\uff0c\u4eba\u79f0\u60e8\u53eb\u76db\uff0c\u767d\u8138\u76db\u6027\u683c\uff1a\u770b\u4f3c\u8001\u5b9e\u5e73\u548c\uff0c\u5b9e\u5219"}, {"userName": "\u61e6\u5f31\u7684\u5a01", "userReviewDate": "17\u5c0f\u65f6\u524d", "userURL": "https://my.qidian.com/user/888605", "userReview": "\u3010\u84dd\u9999\u6797&Lan\u9b54\u7b7e\u5230\u697c\u3011\uff08\u2605\u2606\u2605\u4e3a\u4e86\u7248\u9762\u6574\u6d01\uff0c\u7279\u8bf7\u4f17\u4e66\u53cb\u79fb\u6b65\u672c\u697c\u7b7e\u5230[fn=2]"}, {"userName": "\u771fA\u661f", "userReviewDate": "17\u5c0f\u65f6\u524d", "userURL": "https://my.qidian.com/user/221054893", "userReview": "\u4e0d\u77e5\u9053\uff0c\uff0c\u83ab\u540d\u5730\uff0c\u6bcf\u6b21\u770b\u4e66\u90fd\u6709\u79cd\u3002\u3002\u3002\u5fc3-\u614c\u611f"}, {"userName": "Jafar", "userReviewDate": "2018-06-02", "userURL": "https://my.qidian.com/user/305563699", "userReview": "\u6c34\u6676\u7130\u6c34\u6676\u7130"}, {"userName": "\u9006\u6218\u82cd\u7a79999", "userReviewDate": "2018-06-01", "userURL": "https://my.qidian.com/user/159428267", "userReview": "\u6708\u7968\u4e8c\u8fde\u53d1\uff0c\u52a0\u6cb9"}, {"userName": "\u5931\u8def\u8005", "userReviewDate": "2018-05-31", "userURL": "https://my.qidian.com/user/215678465", "userReview": "\u8fd9\u662f\u4e0d\u662f\u54ea\u4e2a\u5927\u4f6c\uff1f[fn=11]"}, {"userName": "\u5415\u5929\u867e11908", "userReviewDate": "2018-05-29", "userURL": "https://my.qidian.com/user/315069774", "userReview": "\u53ea\u4e3a\u7ecf\u9a8c\u6765\u4e00\u53d1"}, {"userName": "\u54c7\u9760\u6709\u5b8c\u6ca1\u5b8c", "userReviewDate": "2018-05-29", "userURL": "https://my.qidian.com/user/218467584", "userReview": "\u7559\u722a\u722a\u7559\u722a\u722a"}, {"userName": "\u9752\u8863\u70db\u4e1d", "userReviewDate": "2018-05-29", "userURL": "https://my.qidian.com/user/217553733", "userReview": "\u7b7e\u5230\u7b7e\u5230\u7b7e\u5230"}, {"userName": "\u5b89\u5409\u5c14\u5854", "userReviewDate": "2018-05-25", "userURL": "https://my.qidian.com/user/216252252", "userReview": "\u7b7e\u5230\u4e86\u6c34\u7ecf\u9a8c\u4e86"}, {"userName": "\u571f\u5de6\u767e", "userReviewDate": "2018-05-24", "userURL": "https://my.qidian.com/user/214113317", "userReview": "\u7b2c\u4e00\u5f55\u70b9\u8bc4\u4e3a\u4e86\u5199\u4e2a\u957f\u8bc4\u6211\u53c8\u7ffb\u56de\u53bb\u91cd\u6e29\u4e86\u7b2c\u4e00\u5f55\uff0c\u611f\u89e6\u5f88\u6df1\u3002\u5c3d\u7ba1\u662f\u5199\u7b2c\u4e00\u5f55\u7684\u70b9\u8bc4\uff0c\u4f46\u8fd8\u662f\u60f3\u5148\u5199"}], "description": "\u7b97\u547d\u63a2\u9669\u70b9\u98ce\u6c34\uff0c\u60ca\u609a\u4fa6\u63a2\u964d\u9b3c\u602a\uff0c\u6700\u4f20\u7edf\u4e2d\u56fd\u6587\u5316\uff0c\u6700\u795e\u79d8\u7075\u5f02\u4f20\u5947\uff01", "title": "\u4e1c\u65b9\u795e\u63a2\u4e5d\u5f55", "url": "https://book.qidian.com/info/1006469018", "average": -1.0, "cover": "//qidian.qpic.cn/qdbimg/349573/1006469018/180", "reviews": -1, "authors": [{"url": "https://me.qidian.com/authorIndex.aspx?id=10657609", "name": "\u5e03\u8863\u5ef7\u5c09"}], "type": ["\u7075\u5f02", "\u60ac\u7591\u4fa6\u63a2"], "outlinks": ["https://book.qidian.com/info/1006469018", "https://book.qidian.com/info/1010650329", "https://book.qidian.com/info/1010650329", "https://book.qidian.com/info/1011006948", "https://book.qidian.com/info/1011006948", "https://book.qidian.com/info/1010863368", "https://book.qidian.com/info/1010863368", "https://book.qidian.com/info/1010976973", "https://book.qidian.com/info/1010976973", "https://book.qidian.com/info/1011019202", "https://book.qidian.com/info/1011019202", "https://book.qidian.com/info/1004934032", "https://book.qidian.com/info/1004934032", "https://book.qidian.com/info/1005373588", "https://book.qidian.com/info/1005373588", "https://book.qidian.com/info/1009276940", "https://book.qidian.com/info/1009276940", "https://book.qidian.com/info/1012079728", "https://book.qidian.com/info/1012079728", "https://book.qidian.com/info/1011837610", "https://book.qidian.com/info/1011987732", "https://book.qidian.com/info/1011825122", "https://book.qidian.com/info/1011825450", "https://book.qidian.com/info/1011945422", "https://book.qidian.com/info/1011826884", "https://book.qidian.com/info/1011790544", "https://book.qidian.com/info/1011825290", "https://book.qidian.com/info/1011896879", "https://book.qidian.com/info/1011875452"]}