{"ratings": 0.0, "userreviews": [{"userName": "V\u6b27\u9633\u4e0a\u5b98", "userReviewDate": "2017-12-18", "userURL": "https://my.qidian.com/user/173187595", "userReview": "\u8475\u82b1\u5b9d\u5178\uff0c\u6b63\u5728\u5411\u4f60\u62db\u624b\u3002"}, {"userName": "sany33", "userReviewDate": "2017-07-31", "userURL": "https://my.qidian.com/user/130203578", "userReview": "\u5feb\u66f4\u65b0\uff0c\u52a0\u6cb9"}, {"userName": "\u7fbd\u72fc\u540c\u5929", "userReviewDate": "2017-07-07", "userURL": "https://my.qidian.com/user/209510996", "userReview": "\u4e00\u5929\uff0c\u6211\u65e0\u610f\u4e2d\u9047\u89c1\u4e86\u4e0a\u5e1d\uff0c\u4e0a\u5e1d\u7b11\u563b\u563b\u7684\u8bf4\uff1a\u201c\u4f60\u9047\u5230\u4e86\u6211\uff0c\u90a3\u4f60\u53ef\u4ee5\u5411\u6211\u63d0\u4e00\u4e2a\u613f\u671b\u3002\u201d\u6211\u8bf4\uff1a\u201c"}, {"userName": "\u9ab7\u9ac5\u6d1e\u62a4\u6cd5", "userReviewDate": "2017-06-21", "userURL": "https://my.qidian.com/user/150401859", "userReview": "\u652f\u6301\u5893\u6d82\uff01"}, {"userName": "\u4e66\u53cb160610094632429", "userReviewDate": "2017-06-13", "userURL": "https://my.qidian.com/user/218333119", "userReview": "\u8fd9\u4e66\u6709\u65b0\u610f,\u606d\u5019\u6765\uff0c\u7fa4\u3011\u3010\u248d\u0437\u248d\u30cf1\u0437\u0437\u30cf\u248d\u3011"}, {"userName": "\u4e66\u53cb160610092218943", "userReviewDate": "2017-06-11", "userURL": "https://my.qidian.com/user/218332281", "userReview": "\u795e\u9a6c\u7684\u90fd\u4e0d\u9519\uff0c\u5199\u7684\u4e5f\u5f88\u597d,\u606d\u5019\u6765\uff0c\u7fa4\u3011\u3010\u248d\u0437\u248d\u30cf1\u0437\u0437\u30cf\u248d\u3011"}, {"userName": "\u4e66\u53cb160610091655795", "userReviewDate": "2017-06-09", "userURL": "https://my.qidian.com/user/218332099", "userReview": "\u7b7e\u5230\uff0c\u8bed\u8a00\u751f\u52a8\uff0c\u4e00\u672c\u597d\u4e66,\u606d\u5019\u6765\uff0c\u7fa4\u3011\u3010\u248d\u0437\u248d\u30cf1\u0437\u0437\u30cf\u248d\u3011"}, {"userName": "\u4e66\u53cb160610091100015", "userReviewDate": "2017-06-08", "userURL": "https://my.qidian.com/user/218331899", "userReview": "\u8fd9\u4e66\u6709\u65b0\u610f,\u606d\u5019\u6765\uff0c\u7fa4\u3011\u3010\u248d\u0437\u248d\u30cf1\u0437\u0437\u30cf\u248d\u3011"}, {"userName": "guojun1998", "userReviewDate": "2017-06-08", "userURL": "https://my.qidian.com/user/624952", "userReview": "\u5f00\u65b0\u4e86\uff0c\u4e0d\u586b\u65e7\u4e66\u5751\u4e86"}, {"userName": "\u4e5e\u4e10\u5c0f\u98a8", "userReviewDate": "2017-06-07", "userURL": "https://my.qidian.com/user/18907669", "userReview": "\u521d\u7ea7\u9b54\u6cd5\u90a3\u4e2a\u667a\u6167\u7684\uff0c\u53ef\u4ee5\u53e0\u52a0\u3002\u3002\u3002\u3002\u3002\u771f\u4e0d\u7b26\u5408\u903b\u8f91"}, {"userName": "sany33", "userReviewDate": "2017-06-06", "userURL": "https://my.qidian.com/user/130203578", "userReview": "\u624b\u673a\u7248\u7684\u8bc4\u8bba\u533a\u5047\u5982\u4e00\u4e2a\u8bc4\u8bba\u4e5f\u6ca1\u6709\uff0c\u8fd8\u6295\u4e0d\u4e86\u7968"}, {"userName": "sany33", "userReviewDate": "2017-06-06", "userURL": "https://my.qidian.com/user/130203578", "userReview": "\u6536\u85cf\u4e86"}], "description": "\u9b54\u517d\u8df5\u8e0f\uff0c\u5de8\u9f99\u5486\u54ee\uff0c\u5deb\u5e08\u8bc5\u5492\uff0c\u9b54\u6cd5\u7480\u74a8\u4e4b\u5149\u7167\u8000\u77e5\u8bc6\u706f\u5854\uff01", "title": "\u4e1c\u65b9\u8d70\u51fa\u7684\u9b54\u6cd5\u5e08", "url": "https://book.qidian.com/info/1009604045", "average": -1.0, "cover": "//qidian.qpic.cn/qdbimg/349573/1009604045/180", "reviews": -1, "authors": [{"url": "https://me.qidian.com/authorIndex.aspx?id=4382119", "name": "\u5893\u6d82"}], "type": ["\u5947\u5e7b", "\u73b0\u4ee3\u9b54\u6cd5"], "outlinks": ["https://book.qidian.com/info/1009604045", "https://book.qidian.com/info/1010685191", "https://book.qidian.com/info/1010685191", "https://book.qidian.com/info/1010763267", "https://book.qidian.com/info/1010763267", "https://book.qidian.com/info/1006905040", "https://book.qidian.com/info/1006905040", "https://book.qidian.com/info/1010679778", "https://book.qidian.com/info/1010679778", "https://book.qidian.com/info/1005177536", "https://book.qidian.com/info/1005177536", "https://book.qidian.com/info/1010521542", "https://book.qidian.com/info/1010521542", "https://book.qidian.com/info/3440456", "https://book.qidian.com/info/3440456", "https://book.qidian.com/info/1001814762", "https://book.qidian.com/info/1001814762", "https://book.qidian.com/info/1003638544", "https://book.qidian.com/info/1003638544", "https://book.qidian.com/info/1010685191", "https://book.qidian.com/info/1010685191", "https://book.qidian.com/info/1011194349", "https://book.qidian.com/info/1011966445", "https://book.qidian.com/info/1011923635", "https://book.qidian.com/info/1011996030", "https://book.qidian.com/info/1011894816", "https://book.qidian.com/info/1011954628", "https://book.qidian.com/info/1011324769", "https://book.qidian.com/info/1005209240", "https://book.qidian.com/info/1011806768", "https://book.qidian.com/info/1011417251"]}