{"ratings": 0.0, "userreviews": [{"userName": "\u76d6\u4e09\u7701\u4ee5\u53ca\u5468\u8fb9\u5404\u7701", "userReviewDate": "36\u5206\u949f\u524d", "userURL": "https://my.qidian.com/user/306986640", "userReview": "\u6709\u6ca1\u6709\u4eba\u6765\u770b\u4e66\u554a\uff0c\u6709\u7684\u8bdd\u5431\u4e00\u58f0\uff0c\u5355\u673a\u597d\u5b64\u72ec\u54e6[fn=12]"}, {"userName": "\u82b1\u5f00\u4e0a\u5fc3", "userReviewDate": "2018-06-07", "userURL": "https://my.qidian.com/user/230126492", "userReview": "\u8bc4\u8bba\u771f\u5c11 emmmm"}, {"userName": "\u9ab7\u9ac5\uff1f\u7ea2\u5c18", "userReviewDate": "2018-06-07", "userURL": "https://my.qidian.com/user/199298871", "userReview": "\u8fd9\u5c01\u9762\u8ddf\u95f9\u7740\u73a9\u4f3c\u7684"}, {"userName": "\u5415\u5929\u867e11969", "userReviewDate": "2018-06-04", "userURL": "https://my.qidian.com/user/315111188", "userReview": "\u7b7e\u5230\u7b7e\u5230\uff5e\uff5e"}, {"userName": "\u56db\u516b\u5341", "userReviewDate": "2018-06-03", "userURL": "https://my.qidian.com/user/301577896", "userReview": "\u662f\u51c6\u5907\u5199\u7cfb\u7edf\u7684\u9634\u8c0b\u8bba\uff1f\uff0c\u771f\u7684\u5f88\u4e0d\u611f\u5192\uff0c\u256d(\u256f\u03b5\u2570)\u256e\u8bf4\u5b9e\u8bdd\u7528\u4e00\u53e5\u96be\u542c\u7684\u8bdd\uff0c\u4e0d\u7ba1\u73b0\u5b9e\u793e\u4f1a\u8fd8\u662f"}, {"userName": "\u7f51\u7edc\u6e38\u4fa0\uff2e\uff2f\uff0e\uff11", "userReviewDate": "2018-06-03", "userURL": "https://my.qidian.com/user/721484", "userReview": "\u4e0d\u77e5\u9053\u600e\u4e48\u8bf4\uff0c\u5148\u653e\u7740\u770b\u770b"}, {"userName": "&\u7199\u5eb5\u7dc8&", "userReviewDate": "2018-06-02", "userURL": "https://my.qidian.com/user/199995499", "userReview": "wrheherth"}, {"userName": "\u4e66\u53cb20170626161333061", "userReviewDate": "2018-06-02", "userURL": "https://my.qidian.com/user/304159938", "userReview": "\u652f\u6301\u4e00\u4e0b\uff0c\u5f88\u6709\u610f\u601d\u7684\u4e00\u672c\u4e66\uff0c\u76f4\u63a5\u8ffd"}, {"userName": "\u4fee\u7f5752", "userReviewDate": "2018-06-02", "userURL": "https://my.qidian.com/user/118577481", "userReview": "\u73b0\u5728\u4e3b\u89d2\u4e00\u4e2a\u7cfb\u7edf\u8fd8\u4e0d\u591f\uff0c\u8fd8\u8981\u4e24\u4e2a\u8fd9\u4e3b\u89d2\u662f\u591a\u5e9f"}, {"userName": "\u5e7b\u60f3\u75c7\u5c11\u7237", "userReviewDate": "2018-06-02", "userURL": "https://my.qidian.com/user/199128306", "userReview": "\u8fd8\u6ca1\u770b\u3002\u4f46\u662f\u770b\u5230\u7b80\u4ecb\u662f\u9017\u6bd4\uff0c\u4ffa\u5728\u4f5c\u8005 \u5934\u4e0a\u62c9\u4e2a\u7fd4\u9ed8\u9ed8\u5730\u8d70\u4e86"}, {"userName": "\u7b11\u770b\u73b0\u5b9e\u7684\u65e0\u5948", "userReviewDate": "2018-06-02", "userURL": "https://my.qidian.com/user/202962758", "userReview": "\u5267\u60c5\u592a\u4e71\uff01\u4f5c\u8005\u6587\u7b14\u6709\u70b9\u5dee\uff01\u65e2\u7136\u4f60\u8bf4\u662f\u8f7b\u677e\u723d\u6587\uff01\u53ef\u662f\u4f60\u597d\u6b79\u80fd\u8ba9\u4eba\u770b\u61c2\u5427\uff01"}, {"userName": "\u7b2c9\u5e74\u7684\u6000\u5ff5", "userReviewDate": "2018-06-01", "userURL": "https://my.qidian.com/user/148481458", "userReview": "\u521b\u610f\u4e0d\u9519\uff0c\u6587\u7b14\u6709\u4e9b\u5dee"}, {"userName": "\u4ec0\u4e48???", "userReviewDate": "2018-06-01", "userURL": "https://my.qidian.com/user/189211865", "userReview": "\u770b\u5c01\u9762  \u4f60\u4eec\u770b\u61c2\u4e86\u5417\uff1f"}, {"userName": "\u4e66\u53cb20180509214649773", "userReviewDate": "2018-06-01", "userURL": "https://my.qidian.com/user/316468541", "userReview": "\u5feb  \u5feb    \u5feb\u66f4\u65b0"}], "description": "\u3010\u7f51\u6587\u4e4b\u738b\u7384\u5e7b\u201cBOSS\u6d41\u201d\u5f81\u6587\u3011\u53c2\u8d5b\u4f5c\u54c1", "title": "\u4e24\u4e2a\u7cfb\u7edf\u95ef\u4ed9\u754c", "url": "https://book.qidian.com/info/1011824314", "average": -1.0, "cover": "//qidian.qpic.cn/qdbimg/349573/1011824314/180", "reviews": -1, "authors": [{"url": "https://me.qidian.com/authorIndex.aspx?id=11211233", "name": "\u76d6\u4e09\u7701"}], "type": ["\u7384\u5e7b", "\u4e1c\u65b9\u7384\u5e7b"], "outlinks": ["https://book.qidian.com/info/1011824314", "https://book.qidian.com/info/1011774437", "https://book.qidian.com/info/1011774437", "https://book.qidian.com/info/1010210014", "https://book.qidian.com/info/1010210014", "https://book.qidian.com/info/1010421192", "https://book.qidian.com/info/1010421192", "https://book.qidian.com/info/1010348051", "https://book.qidian.com/info/1010348051", "https://book.qidian.com/info/1011862528", "https://book.qidian.com/info/1011862528", "https://book.qidian.com/info/1003728666", "https://book.qidian.com/info/1003728666", "https://book.qidian.com/info/1011988403", "https://book.qidian.com/info/1009595922", "https://book.qidian.com/info/1011844784", "https://book.qidian.com/info/1011892497", "https://book.qidian.com/info/1011095320", "https://book.qidian.com/info/1011996851", "https://book.qidian.com/info/1011856434", "https://book.qidian.com/info/1011879207", "https://book.qidian.com/info/1011833256", "https://book.qidian.com/info/1011967674"]}