{"ratings": 0.0, "userreviews": [{"userName": "\u5927\u773c\u4ed4", "userReviewDate": "6\u5c0f\u65f6\u524d", "userURL": "https://my.qidian.com/user/148375", "userReview": "\u5199\u7684\u5f88\u597d\uff0c\u8ffd\u7740\u770b\uff0c\u52a0\u6cb9\u66f4\u65b0\uff01"}, {"userName": "\u8fdf\u7531", "userReviewDate": "8\u5c0f\u65f6\u524d", "userURL": "https://my.qidian.com/user/1535552", "userReview": "\u7b7e\u5230\u6c34\u7ecf\u9a8c~~~\u7b7e\u5230\u6c34\u7ecf\u9a8c~~~"}, {"userName": "\u6d6e\u4e91\u6d41\u6c341989", "userReviewDate": "15\u5c0f\u65f6\u524d", "userURL": "https://my.qidian.com/user/153535543", "userReview": "\u7b7e\u5230\u6c34\u7ecf\u9a8c[fn=2]"}, {"userName": "\u4e66\u53cb161112173644608", "userReviewDate": "16\u5c0f\u65f6\u524d", "userURL": "https://my.qidian.com/user/225460173", "userReview": "\u63a8\u8350\u4fee\u4ed9\u795e\u4f5c\uff0c\u300a\u4ed9\u9006\u4ed9\u9006\u300b\u2718\u63a8\u8350\u79d1\u5e7b\u795e\u4f5c\uff0c\u300a\u5b8c\u7f8e\u5f62\u6001\u300b\u2718\u63a8\u8350\u70b9\u51fb\u7387\u795e\u4f5c\uff0c\u300a\u6597\u7834\u82cd\u7a79\u300b\u2718\u63a8\u8350"}, {"userName": "\u6f47\u6d12\u8d70\u4e00\u56de666", "userReviewDate": "18\u5c0f\u65f6\u524d", "userURL": "https://my.qidian.com/user/201096903", "userReview": "\u7b7e\u5230\u6c34\u7ecf\u9a8c"}, {"userName": "123000.", "userReviewDate": "19\u5c0f\u65f6\u524d", "userURL": "https://my.qidian.com/user/8694067", "userReview": "\u597d\u597d\u7684\u795e\u4e66\u88ab\u5f31\u667a\u5149\u73af\u641e\u574f\u5566\uff0c\u53bb\u6389\u65e0\u8111\u7684\u88c5\u903c\u60c5\u8282\uff0c\u5c31\u662f\u59a5\u59a5\u7684\u795e\u4e66\uff01"}, {"userName": "\u5251\u75d5\u7f18\u4efd", "userReviewDate": "23\u5c0f\u65f6\u524d", "userURL": "https://my.qidian.com/user/112929383", "userReview": "\u65f6\u4ea7\u80c6\u4e86\u4f1a\u7b7e\u5230\u3002"}, {"userName": "\u5927\u773c\u4ed4", "userReviewDate": "\u6628\u65e506:54", "userURL": "https://my.qidian.com/user/148375", "userReview": "\u4e66\u5f88\u597d\u770b\u7684\uff0c\u52a0\u6cb9\u66f4\u65b0!"}, {"userName": "\u6d6e\u4e91\u6d41\u6c341989", "userReviewDate": "\u6628\u65e504:11", "userURL": "https://my.qidian.com/user/153535543", "userReview": "\u7b7e\u5230\u6c34\u7ecf\u9a8c"}, {"userName": "\u6f47\u6d12\u8d70\u4e00\u56de666", "userReviewDate": "2018-06-07", "userURL": "https://my.qidian.com/user/201096903", "userReview": "123456789"}, {"userName": "\u5fc5\u987b\u4e2d\u4e00\u6b211000\u5e01", "userReviewDate": "2018-06-07", "userURL": "https://my.qidian.com/user/146389389", "userReview": "\u5927\u5bb6\u539f\u8c05\u4e0b\u4f5c\u8005 \u9650\u514d\u6253\u4e71\u4e86\u4f5c\u8005\u66f4\u65b0\u7684\u8282\u594f \u539f\u8ba1\u5212\u672c\u60f3\u66dd\u53d1\u4e0b \u7ed3\u679c\u4e00\u9650\u514d \u95f7\u4e86 \u5fc3\u91cc\u597d\u6c14 \u72b6"}, {"userName": "\u7956\u4f20\u7684\u5e10\u53f7", "userReviewDate": "2018-06-07", "userURL": "https://my.qidian.com/user/218464290", "userReview": "\u5b58\u4e86\u597d\u591a\u7ae0\uff0c\u6211\u5c31\u7b49\u4f60\u518d\u6b21\u9650\u514d"}, {"userName": "o\u5f71o\u7eddo", "userReviewDate": "2018-06-07", "userURL": "https://my.qidian.com/user/214026438", "userReview": "\u4f30\u8ba1\u4e5d\u9f0e\u80fd\u5199150\u7ae0\u5de6\u53f3"}, {"userName": "\u6c34\u51b0\u6dc7", "userReviewDate": "2018-06-07", "userURL": "https://my.qidian.com/user/213958998", "userReview": "\u53ea\u611f\u89c9\u4e3b\u89d2\u53bb\u8bfb\u4e66\u597d\u641e\u7b11"}], "description": "\u91cd\u751f\u8fc7\u53bb\u3001\u7545\u60f3\u672a\u6765\u3001\u68a6\u5e7b\u73b0\u5b9e\uff0c\u518d\u5851\u4f20\u5947\u4eba\u751f\uff01", "title": "\u4e24\u754c\u771f\u6b66", "url": "https://book.qidian.com/info/1010957580", "average": -1.0, "cover": "//qidian.qpic.cn/qdbimg/349573/1010957580/180", "reviews": -1, "authors": [{"url": "https://me.qidian.com/authorIndex.aspx?id=1673404", "name": "\u8317\u591c"}], "type": ["\u90fd\u5e02", "\u5f02\u672f\u8d85\u80fd"], "outlinks": ["https://book.qidian.com/info/1010957580", "https://book.qidian.com/info/1009710728", "https://book.qidian.com/info/1009710728", "https://book.qidian.com/info/1005129427", "https://book.qidian.com/info/1005129427", "https://book.qidian.com/info/1009461751", "https://book.qidian.com/info/1009461751", "https://book.qidian.com/info/1009641306", "https://book.qidian.com/info/1009641306", "https://book.qidian.com/info/1010360374", "https://book.qidian.com/info/1010360374", "https://book.qidian.com/info/1007380669", "https://book.qidian.com/info/1007380669", "https://book.qidian.com/info/1667167", "https://book.qidian.com/info/1667167", "https://book.qidian.com/info/2793563", "https://book.qidian.com/info/2793563", "https://book.qidian.com/info/3124604", "https://book.qidian.com/info/3124604", "https://book.qidian.com/info/1011932150", "https://book.qidian.com/info/1012029544", "https://book.qidian.com/info/1012015699", "https://book.qidian.com/info/1012018201", "https://book.qidian.com/info/1011879101", "https://book.qidian.com/info/1011790606", "https://book.qidian.com/info/1011971435", "https://book.qidian.com/info/1009695534", "https://book.qidian.com/info/1011890878", "https://book.qidian.com/info/1010537314"]}