{"ratings": 0.0, "userreviews": [{"userName": "\u77f3\u7eb9", "userReviewDate": "2018-06-02", "userURL": "https://my.qidian.com/user/151726635", "userReview": "\u8981\u6253\u5e7f\u544a\u7684\u81ea\u89c9\u8fd9\u91cc\u6765\uff0c\u5916\u9762\u90fd\u5220\uff01\uff01\uff01"}, {"userName": "\u4e00\u6bdb\u4e5f\u62d4\u5927\u5e08", "userReviewDate": "31\u5206\u949f\u524d", "userURL": "https://my.qidian.com/user/220098035", "userReview": "\u60f3\u7a7f\u8d8a\u7684\u90fd\u8fc7\u6765\u62a5\u540d\uff01\u6709\u8d44\u8d28\u7684\u8d4f\u65f6\u7a7a\u7a7f\u68ad\u6212\u4e00\u679a\uff01"}, {"userName": "xlnbalex", "userReviewDate": "33\u5206\u949f\u524d", "userURL": "https://my.qidian.com/user/135873445", "userReview": "\u7b2c\u4e8c\u767e\u516b\u5341\u4e09\u7ae0 \u60fa\u60fa\u76f8\u60dc"}, {"userName": "7Zero", "userReviewDate": "2\u5c0f\u65f6\u524d", "userURL": "https://my.qidian.com/user/218154097", "userReview": "\u63a8\u8350\u4e00\u4e0b\uff0c\u8fd9\u662f0"}, {"userName": "\u5e05\u6c14\u98ce\u7537", "userReviewDate": "7\u5c0f\u65f6\u524d", "userURL": "https://my.qidian.com/user/216116727", "userReview": "\u5feb\u70b9\u66f4\u65b0\u5427   \u770b\u7684\u4e0d\u8fc7\u763e\n"}, {"userName": "\u7eff\u5965", "userReviewDate": "13\u5c0f\u65f6\u524d", "userURL": "https://my.qidian.com/user/1448027", "userReview": "\u7b7e\u5230\u9876\u81ea\u5df1\u6765\u770b\u5230\u5c31\u8bf4\u7b7e\u7684"}, {"userName": "\u6b32\u671b\u73ab\u7470\u5760\u5929\u4f7f", "userReviewDate": "14\u5c0f\u65f6\u524d", "userURL": "https://my.qidian.com/user/125235503", "userReview": "\u4f5c\u8005\u52a0\u6cb9\uff0c\u6c38\u8fdc\u652f\u6301\u4f60\uff0c\u52aa\u529b\u52aa\u529b"}, {"userName": "*\u591c\u732b*", "userReviewDate": "14\u5c0f\u65f6\u524d", "userURL": "https://my.qidian.com/user/5571804", "userReview": "\u7b7e\u5230\u6c34\u7ecf\u9a8c"}, {"userName": "\u795e\u795e\u8bf4", "userReviewDate": "15\u5c0f\u65f6\u524d", "userURL": "https://my.qidian.com/user/212291626", "userReview": "\u7b7e\u5230\u5904\u7b7e\u5230"}, {"userName": "\u900d\u9065\u9601\u9601\u4e3b", "userReviewDate": "15\u5c0f\u65f6\u524d", "userURL": "https://my.qidian.com/user/8483376", "userReview": "\u7b7e\u5230\u8981\u4e94\u5b57"}, {"userName": "\u900d\u9065\u9601\u9601\u4e3b", "userReviewDate": "15\u5c0f\u65f6\u524d", "userURL": "https://my.qidian.com/user/8483376", "userReview": "\u7b7e\u5230\u8981\u4e94\u5b57"}, {"userName": "\u98d8\u6e3a\u7684\u98ce02", "userReviewDate": "15\u5c0f\u65f6\u524d", "userURL": "https://my.qidian.com/user/9519407", "userReview": "\u8d8a\u6765\u66f4\u65b0\u8d8a\u6162\uff0c\u8d8a\u6765\u66f4\u65b0\u8d8a\u5c11\uff01\u4f5c\u8005\u96be\u9053\u8fdb\u5165\u8001\u5e74\u671f\u4e86\uff1f\u65e0\u529b\u66f4\u65b0\u4e86\uff1f"}, {"userName": "\u9eef\u6708\u6b8b\u68a6", "userReviewDate": "16\u5c0f\u65f6\u524d", "userURL": "https://my.qidian.com/user/133098324", "userReview": "\u8fd9\u662f\u7384\u5e7b\u4e0d\u662f\u79d1\u5e7b\u554a\uff01"}, {"userName": "7Zero", "userReviewDate": "17\u5c0f\u65f6\u524d", "userURL": "https://my.qidian.com/user/218154097", "userReview": "\u592a\u76d1\u4e86\u5c31\u53ef\u60dc\u4e86\u54e6"}], "description": "\u661f\u6d77\u6f2b\u6e38\uff0c\u65f6\u7a7a\u7a7f\u68ad\uff0c\u673a\u68b0\u79d1\u6280\uff0c\u76ee\u6807\u662f\u672a\u77e5\u7684\u661f\u8fb0\u5927\u6d77\uff01", "title": "\u4e24\u754c\u642c\u8fd0\u5de5", "url": "https://book.qidian.com/info/1003713126", "average": -1.0, "cover": "//qidian.qpic.cn/qdbimg/349573/1003713126/180", "reviews": -1, "authors": [{"url": "https://me.qidian.com/authorIndex.aspx?id=3051016", "name": "\u77f3\u95fb"}], "type": ["\u79d1\u5e7b", "\u65f6\u7a7a\u7a7f\u68ad"], "outlinks": ["https://book.qidian.com/info/1003713126", "https://book.qidian.com/info/1010242566", "https://book.qidian.com/info/1010242566", "https://book.qidian.com/info/1010314675", "https://book.qidian.com/info/1010314675", "https://book.qidian.com/info/1010426071", "https://book.qidian.com/info/1010426071", "https://book.qidian.com/info/1009940237", "https://book.qidian.com/info/1009940237", "https://book.qidian.com/info/1010816527", "https://book.qidian.com/info/1010816527", "https://book.qidian.com/info/1010293035", "https://book.qidian.com/info/1010293035", "https://book.qidian.com/info/2508875", "https://book.qidian.com/info/2508875", "https://book.qidian.com/info/3474744", "https://book.qidian.com/info/3474744", "https://book.qidian.com/info/1011814764", "https://book.qidian.com/info/1011636462", "https://book.qidian.com/info/1012011143", "https://book.qidian.com/info/1011989615", "https://book.qidian.com/info/1011979302", "https://book.qidian.com/info/1011962232", "https://book.qidian.com/info/1012020634", "https://book.qidian.com/info/1011923738", "https://book.qidian.com/info/1012020834", "https://book.qidian.com/info/1011973977"]}