{"ratings": 0.0, "userreviews": [{"userName": "\u60f3\u5403\u5230\u9c7c\u7684\u732b", "userReviewDate": "2018-06-05", "userURL": "https://my.qidian.com/user/226179289", "userReview": "\u5168\u8ba2\u7684\u6765\u8fd9\u91cc\u62a5\u9053\uff0c\u7ed9\u4f5c\u8005\u83cc\u652f\u6301"}, {"userName": "\u6842\u6728\u5bb6\u7684\u795e\u5927\u4eba", "userReviewDate": "2018-01-17", "userURL": "https://my.qidian.com/user/229536562", "userReview": "\u6574\u6574\u4e00\u5957\uff0c23\u672c\uff0c\u8fde\u5e26\u8fdb\u51fb\u7bc7\u90fd\u4e70\u4e86\uff0c\u8fd9\u6b21\u597d\u597d\u8865\uff0c\u7528\u5fc3\u770b\uff01\uff01\uff01"}, {"userName": "\u6842\u6728\u5bb6\u7684\u795e\u5927\u4eba", "userReviewDate": "2017-12-13", "userURL": "https://my.qidian.com/user/229536562", "userReview": "\u6211\u8981\u7acb\u4e2aFlag\uff0c\u522b\u62e6\u6211\u2026\u2026\u5fc3\u91cc\u9ed8\u9ed8\u7684\u60f3\u7740\u4e07\u4e00\uff0c\u5982\u679c\u6709\u671d\u4e00\u65e5\u80fd\u5230\u4e07\u6536\uff0c\u5410\u8840\u52a0\u66f4\uff0c\u5982\u679c\u6709\u671d\u4e00"}, {"userName": "\u6842\u6728\u5bb6\u7684\u795e\u5927\u4eba", "userReviewDate": "2017-10-07", "userURL": "https://my.qidian.com/user/229536562", "userReview": "\u7fa4\u53f7\u662f\u4e09\u516b\u4e5d\u4e03\u516d\u4e8c\u4e94\u4e00\u56db\uff0c\u5e0c\u671b\u524d\u6765\u4ea4\u6d41\uff01\u8c22\u8c22\uff01[fn=7]"}, {"userName": "\u5f92\u5152", "userReviewDate": "13\u5c0f\u65f6\u524d", "userURL": "https://my.qidian.com/user/103747849", "userReview": "\u611f\u89ba\u4e3b\u89d2\u5f88\u5ee2\u7269\uff0c\u4e3b\u89d2\u667a\u5546\u628a\u4ed6\u672c\u8eab\u62c9\u4f4e\u4e86\uff0c\u9084\u6709\u65b0\u5ddd\u660c\u4e00\u80fd\u9003\u5230\u570b\u5916\u5b8c\u5168\u662f\u8166\u6b98\uff0c\u653f\u5e9c\u5728\u77e5\u9053\u8981\u8ffd\u6355"}, {"userName": "\u53f6\u843d\u7fbd\u5316", "userReviewDate": "\u6628\u65e500:40", "userURL": "https://my.qidian.com/user/217917139", "userReview": "\u4eba\u5bb6\u65d7\u6728\u5361\u5361\u897f\u5c31\u662f\u56e0\u4e3a\u6234\u4e86\u4e00\u53ea\u5199\u8f6e\u773c\u5c31\u5bfc\u81f4\u4ed6\u80be\u4e0d\u884c\uff0c\u84dd\u4e0d\u591f\uff0c\u800c\u4f60\u5374\u6234\u4e00\u53cc\uff01\u6709\u5fd7\u6c14\uff0c\u6211\u559c\u6b22"}, {"userName": "\u5bd2\u6c34\u843d\u4e91", "userReviewDate": "2018-06-07", "userURL": "https://my.qidian.com/user/303737365", "userReview": "\u672c\u4e66\u662f\u5ef6\u7eed\u4e86\u5404\u5200\u5251\u540c\u4eba\u62a2\u6850\u4eba\u540e\u5bab\u7684\u201c\u5149\u8363\u4f20\u7edf\u201d\u5462\uff0c\u8fd8\u662f\u6709\u6240\u6539\u53d8\uff1f"}, {"userName": "\u4e66\u53cb170131140704739", "userReviewDate": "2018-06-07", "userURL": "https://my.qidian.com/user/228976369", "userReview": "\u611f\u89c9\u50cf\u662f\u738b\u9053\u70ed\u8840\u6f2b\u753b"}, {"userName": "\u534e\u5c71\u95e8\u6d3e\u957f\u95e8\u4eba", "userReviewDate": "2018-06-07", "userURL": "https://my.qidian.com/user/209790116", "userReview": "\u76d6\u697c\u4e86 \u4e00\u697c\u5341\u5e01 \u6bcf\u6708\u4e00\u5343"}, {"userName": "\u660e\u6708\u622e", "userReviewDate": "2018-06-06", "userURL": "https://my.qidian.com/user/220480629", "userReview": "\u5624\u5624\u5624\u3002\u3002"}, {"userName": "\u5c0f\u9f99\u867e\u541b", "userReviewDate": "2018-06-06", "userURL": "https://my.qidian.com/user/307276625", "userReview": "\u4e56\u4e56\uff0c\u8bc8\u5c38\u4e86"}, {"userName": "\u5357\u7c89", "userReviewDate": "2018-06-03", "userURL": "https://my.qidian.com/user/214618693", "userReview": "\u54c7\u3002\u53c8\u66f4\u65b0\u4e86"}, {"userName": "\u8111\u5185\u6709\u604b\u788d\u9009\u9879", "userReviewDate": "2018-06-02", "userURL": "https://my.qidian.com/user/228720381", "userReview": "\u53c8\u8bc8\u5c38\u4e86\u3002\u3002\u3002\u3002"}, {"userName": "\u4e00\u5751\u901a\u884c", "userReviewDate": "2018-06-02", "userURL": "https://my.qidian.com/user/216248006", "userReview": "\u626b\u5893\uff0c\u597d\u610f\u5916"}], "description": "\u6fc0\u840c\u7684\u841d\u8389\uff0c\u70ed\u8840\u7684\u5c11\u5e74\uff0c\u4e3a\u6253\u7834\u6b21\u5143\u58c1\u4e00\u5f80\u65e0\u524d\uff01", "title": "\u4e2d\u4e8c\u75c5\u4e5f\u8981\u73a9\u5200\u5251", "url": "https://book.qidian.com/info/1005313885", "average": -1.0, "cover": "//qidian.qpic.cn/qdbimg/349573/1005313885/180", "reviews": -1, "authors": [{"url": "https://me.qidian.com/authorIndex.aspx?id=10468621", "name": "\u6842\u6728\u5bb6\u7684\u6842\u9a6c"}], "type": ["\u4e8c\u6b21\u5143", "\u884d\u751f\u540c\u4eba", "\u4e8c\u6b21\u5143"], "outlinks": ["https://book.qidian.com/info/1005313885", "https://book.qidian.com/info/1004979702", "https://book.qidian.com/info/1004979702", "https://book.qidian.com/info/1010627500", "https://book.qidian.com/info/1010627500", "https://book.qidian.com/info/1010676216", "https://book.qidian.com/info/1010676216", "https://book.qidian.com/info/1010795394", "https://book.qidian.com/info/1010795394", "https://book.qidian.com/info/1009474533", "https://book.qidian.com/info/1009474533", "https://book.qidian.com/info/1010207546", "https://book.qidian.com/info/1010207546", "https://book.qidian.com/info/1010992527", "https://book.qidian.com/info/1010992527", "https://book.qidian.com/info/1011443057", "https://book.qidian.com/info/1011977706", "https://book.qidian.com/info/1011970575", "https://book.qidian.com/info/1011722301", "https://book.qidian.com/info/1012058179", "https://book.qidian.com/info/1010868275", "https://book.qidian.com/info/1012020887", "https://book.qidian.com/info/1011904081"]}