{"ratings": 0.0, "userreviews": [{"userName": "asdah", "userReviewDate": "2015-12-16", "userURL": "https://my.qidian.com/user/92350", "userReview": "\u4e3a\u4ec0\u4e48\u8001\u8981\u7ea0\u7ed3\u4e8e\u56de\u66fc\u8054\uff1f\u5c31\u7b97\u53d7\u5176\u7236\u4eb2\u5f71\u54cd\u4f46\u662f\u732a\u811a\u624d\u53bb\u82f1\u56fd\u51e0\u5e74\u5c31\u6210\u66fc\u8054\u6b7b\u5fe0\u4e86\uff1f\u4f60\u8ba4\u4e3a\u4f60\u6253\u8001\u7235"}, {"userName": "\u8be0\u91ca&amp;\u4f4e\u8c03", "userReviewDate": "2015-12-14", "userURL": "https://my.qidian.com/user/172232699", "userReview": "\u5927\u53d4\u52a0\u6cb9\uff01\uff01\uff01 "}, {"userName": "\u4e36\u516d\u6839\u4e0d\u51c0", "userReviewDate": "2015-10-10", "userURL": "https://my.qidian.com/user/180064739", "userReview": "1\u3001\u53ef\u4ee5\u770b\u4f5c\u5fc3\u8def\u6210\u957f\uff0c\u5411\u66f4\u7eaf\u7cb9\u7684\u73b0\u4ee3\u804c\u4e1a\u7403\u5458\u8f6c\u53d8\u3002\u518d\u52a0\u4e0a\u5f17\u683c\u68ee\u80fd\u8f6c\u53d8\u90a3\u8fd8\u53eb\u5f17\u683c\u68ee\uff1f\uff01\u5f53\u5e74\u51fa"}, {"userName": "\u4e4c\u8272", "userReviewDate": "2015-03-21", "userURL": "https://my.qidian.com/user/167965975", "userReview": "\u7b2c\u4e00\u53d1\u7684\u8bc4\u8bba\u5c31\u662f\u6211\u7684\u5566\uff01\u52a0\u6cb9\uff0c\u60ca\u8273\uff01"}, {"userName": "\u4e66\u53cb160813225055902", "userReviewDate": "2017-12-02", "userURL": "https://my.qidian.com/user/221122110", "userReview": "\u770b\u4e86\u4e66\u8bc4\u6709\u4e00\u79cd\u4e0d\u60f3\u770b\u7684\u611f\u89c9"}, {"userName": "\u5927\u820c\u5c16", "userReviewDate": "2017-10-06", "userURL": "https://my.qidian.com/user/149665994", "userReview": "\u8fd9\u4e66\u662f\u7ed9\u521d\u4e00\u4ee5\u4e0b\u5b66\u751f\u770b\u7684\u5427"}, {"userName": "\u6cb9\u6cb9\u7684\u6e38\u6e38", "userReviewDate": "2017-09-30", "userURL": "https://my.qidian.com/user/102492618", "userReview": "\u8282\u594f\u62d6\u6c93\uff0c\u770b\u523027\u7ae0\u5c31\u4e0d\u60f3\u770b\u4e86"}, {"userName": "lk8", "userReviewDate": "2017-09-28", "userURL": "https://my.qidian.com/user/2439637", "userReview": "666666666"}, {"userName": "\u6211\u5c31\u4e00\u65e0\u540d\u5c0f\u5352", "userReviewDate": "2017-09-24", "userURL": "https://my.qidian.com/user/116102076", "userReview": "\u770b\u4e86\u8fd9\u4e48\u591a\u7ae0\uff0c\u522b\u7684\u4e0d\u8bf4\uff0c\u53cd\u6b63\u8bb8\u591a\u573a\u6bd4\u8d5b\u91cc\u6253\u4e2d\u95e8\u6846\u6a2a\u6881\u4e4b\u7c7b\u591a\u7684\u4e0d\u8981\u4e0d\u8981\u7684\u2026\u2026"}, {"userName": "lk8", "userReviewDate": "2017-09-23", "userURL": "https://my.qidian.com/user/2439637", "userReview": "66666666"}, {"userName": "lk8", "userReviewDate": "2017-09-22", "userURL": "https://my.qidian.com/user/2439637", "userReview": "666666666"}, {"userName": "lk8", "userReviewDate": "2017-09-19", "userURL": "https://my.qidian.com/user/2439637", "userReview": "66666666"}, {"userName": "\u795e\u5bab\u98de\u7fbd", "userReviewDate": "2017-08-27", "userURL": "https://my.qidian.com/user/224486771", "userReview": "\u4f5c\u8005\u662f\u66fc\u8054\u6b7b\u5fe0\u7c89\uff01"}, {"userName": "\u90a3\u6e05\u51b7\u7684\u6708\u5149", "userReviewDate": "2017-08-27", "userURL": "https://my.qidian.com/user/225598164", "userReview": "\u8111\u5b50\u79c0\u9017\u4e86\uff01\u975e\u8bf4\u56de\u66fc\u8054\uff01\u5173\u952e\u662f\u4eba\u4e0d\u8981\u4f60\uff01\u679c\u65ad\u5f03"}], "description": "\u4f53\u575b\u591a\u82f1\u96c4\uff0c\u8d5b\u573a\u6211\u4e3a\u738b\uff0c\u70ed\u8840\u6f8e\u6e43\u7684\u7ade\u6280\u4f53\u80b2\uff01", "title": "\u4e2d\u573a\u4e3b\u5bb0", "url": "https://book.qidian.com/info/3443522", "average": -1.0, "cover": "//qidian.qpic.cn/qdbimg/349573/3443522/180", "reviews": -1, "authors": [{"url": "https://me.qidian.com/authorIndex.aspx?id=3237320", "name": "\u60ca\u8273\u4e00\u811a"}], "type": ["\u4f53\u80b2", "\u8db3\u7403\u8fd0\u52a8"], "outlinks": ["https://book.qidian.com/info/3443522", "https://book.qidian.com/info/1010751134", "https://book.qidian.com/info/1010751134", "https://book.qidian.com/info/1010443891", "https://book.qidian.com/info/1010443891", "https://book.qidian.com/info/1010817979", "https://book.qidian.com/info/1010817979", "https://book.qidian.com/info/2364022", "https://book.qidian.com/info/2364022", "https://book.qidian.com/info/1005405873", "https://book.qidian.com/info/1005405873", "https://book.qidian.com/info/1010835777", "https://book.qidian.com/info/1010835777", "https://book.qidian.com/info/1004139368", "https://book.qidian.com/info/1004139368", "https://book.qidian.com/info/1011026048", "https://book.qidian.com/info/1011932684", "https://book.qidian.com/info/3675910", "https://book.qidian.com/info/1011342003", "https://book.qidian.com/info/1011687020", "https://book.qidian.com/info/1011446896", "https://book.qidian.com/info/1011767969", "https://book.qidian.com/info/1011676779", "https://book.qidian.com/info/1005095075", "https://book.qidian.com/info/1011814696"]}