{"ratings": 0.0, "userreviews": [{"userName": "\u6211\u4e22\u554a", "userReviewDate": "2016-12-16", "userURL": "https://my.qidian.com/user/5962912", "userReview": "\u7968\u738b\u6c42\u8d85\u8d8a!"}, {"userName": "\u4e50\u574f\u4e86\u4e00\u7fa4\u50bb\u74dc", "userReviewDate": "2016-12-05", "userURL": "https://my.qidian.com/user/21171897", "userReview": "\u5efa\u4e2a\u7b7e\u5230\u697c\u652f\u6301\u4f5c\u8005\u541b"}, {"userName": "\u772f\u773c886", "userReviewDate": "14\u5c0f\u65f6\u524d", "userURL": "https://my.qidian.com/user/215837930", "userReview": "\u6709\u7cfb\u7edf\u5417\uff1f\u6728\u6709\u4e0d\u770b"}, {"userName": "\u6696\uff5e\u7231", "userReviewDate": "2018-06-07", "userURL": "https://my.qidian.com/user/215057870", "userReview": "\u522b\u5199\u56fd\u5bb6\u961f\u884c\u5417\u2026\u770b\u7740\u5c31\u96be\u53d7\u5341\u51e0\u4ebf\u4eba\u91cc\u6311\u5341\u4e00\u4e2a\u8db3\u7403\u8e22\u5f97\u6700\u597d\u7684\uff0c\u80fd\u8e22\u6210\u8fd9\u6837\uff0c\u795e\u9a6c\u73a9\u610f\u554a\uff1f"}, {"userName": "66633", "userReviewDate": "2018-06-02", "userURL": "https://my.qidian.com/user/1942154", "userReview": "\u4e00\u88ab\u76ef\u5c31\u53d1\u6325\u4e0d\u884c\uff0c\u600e\u4e48\u6210\u4e86\u6838\u5fc3\uff1f\u53e6\u5916\u522b\u603b\u662f\u62ff\u65e5\u3001\u97e9\u7403\u5458\u6253\u522b\u4eba\u8138\uff01\u867d\u7136\u6211\u538c\u6076\u4ed6\u4eec\uff0c\u4f46\u6211\u8fd8\u662f\u77e5"}, {"userName": "\u5b64\u5bc2\u539f", "userReviewDate": "2018-05-30", "userURL": "https://my.qidian.com/user/153710815", "userReview": "\u7b7e\u5230\u7b7e\u5230\u4e86"}, {"userName": "BetterMan\u4e36", "userReviewDate": "2018-05-29", "userURL": "https://my.qidian.com/user/188316276", "userReview": "\u5df4\u8428\u8c8c\u4f3c\u4e0d\u662f\u7535\u5f71\u5b66\u9662\u51fa\u8eab\u5f88\u96be\u878d\u5165\u8fdb\u53bb"}, {"userName": "mm\u521d\u89c1\u6708", "userReviewDate": "2018-05-22", "userURL": "https://my.qidian.com/user/212546373", "userReview": "\u8bf4\u5c0f\u8bf4\u4e3b\u89d2\u6027\u683c\u6709\u95ee\u9898\u7684 \u90fd\u7279\u4e48\u7ed9\u8001\u5b50\u6eda\u597d\u5417 \u5728\u4e0b\u5148\u6eda\u4e3a\u656c"}, {"userName": "\u5c0f\u83e0\u83dc", "userReviewDate": "2018-05-20", "userURL": "https://my.qidian.com/user/3033794", "userReview": "\u6211\u662f\u65b0\u4eba\uff0c\u4f46\u662f\u6211\u597d\u559c\u6b22\uff01"}, {"userName": "\u95ee\u957f\u751f", "userReviewDate": "2018-05-14", "userURL": "https://my.qidian.com/user/131590242", "userReview": "\u770b\u4e86\u51e0\u7ae0 \u4e3b\u89d2\u6027\u683c\u6709\u95ee\u9898 \u53c8\u8bf4\u7528\u8111\u5b50\u8e22\u7403\u51b7\u9759 \u77db\u76fe \u5f53\u7136 \u4e3b\u8981\u8fd8\u662f\u4e0d\u4e60\u60ef\u6027\u683c \u5f03\u4e86"}, {"userName": "\u79cb17", "userReviewDate": "2018-05-07", "userURL": "https://my.qidian.com/user/7589025", "userReview": "\u6211\u6765\u7b7e\u4e2a\u5230"}, {"userName": "\u6211\u7684\u5200\u5fe0\u4e49\u5b5d\u7fa9", "userReviewDate": "2018-05-04", "userURL": "https://my.qidian.com/user/301826210", "userReview": "\u5c0f\u8bf4\u6709\u6bd2\uff0c\u5f03\u4e86\u3002"}, {"userName": "\u7231\u5403\u9c7c\u9c7c\u4eba", "userReviewDate": "2018-05-03", "userURL": "https://my.qidian.com/user/201170199", "userReview": "\u770b\u4e86150\u591a\u7ae0\u4e86\u5427\uff0c\u6709\u51e0\u4e2a\u60f3\u6cd5\u60f3\u5206\u4eab\u4e00\u4e0b\u3002\u5c0f\u8bf4\u4e3a\u4e86\u5851\u9020\u4eba\u7269\u5f62\u8c61\u7528\u5927\u4e86\u529b\u6c14\uff0c\u603b\u4e4b\u524d\u671f\u5c31\u662f\u7ed9\u4eba"}, {"userName": "741722", "userReviewDate": "2018-04-30", "userURL": "https://my.qidian.com/user/2686509", "userReview": "\u5c48\u670d\u4e86\u5417\u54e6"}], "description": "\u4f53\u575b\u591a\u82f1\u96c4\uff0c\u8d5b\u573a\u6211\u4e3a\u738b\uff0c\u70ed\u8840\u6f8e\u6e43\u7684\u7ade\u6280\u4f53\u80b2\uff01", "title": "\u4e2d\u573a\u7edf\u6cbb\u8005", "url": "https://book.qidian.com/info/1003811981", "average": -1.0, "cover": "//qidian.qpic.cn/qdbimg/349573/1003811981/180", "reviews": -1, "authors": [{"url": "https://me.qidian.com/authorIndex.aspx?id=4243502", "name": "\u6d41\u5e74\u975e\u6c34"}], "type": ["\u4f53\u80b2", "\u8db3\u7403\u8fd0\u52a8"], "outlinks": ["https://book.qidian.com/info/1003811981", "https://book.qidian.com/info/1010817979", "https://book.qidian.com/info/1010817979", "https://book.qidian.com/info/1010863551", "https://book.qidian.com/info/1010863551", "https://book.qidian.com/info/1010252885", "https://book.qidian.com/info/1010252885", "https://book.qidian.com/info/1006629843", "https://book.qidian.com/info/1006629843", "https://book.qidian.com/info/1010443891", "https://book.qidian.com/info/1010443891", "https://book.qidian.com/info/1010751134", "https://book.qidian.com/info/1010751134", "https://book.qidian.com/info/3361427", "https://book.qidian.com/info/3361427", "https://book.qidian.com/info/1011026048", "https://book.qidian.com/info/1011932684", "https://book.qidian.com/info/3675910", "https://book.qidian.com/info/1011342003", "https://book.qidian.com/info/1011687020", "https://book.qidian.com/info/1011446896", "https://book.qidian.com/info/1011767969", "https://book.qidian.com/info/1011676779", "https://book.qidian.com/info/1005095075", "https://book.qidian.com/info/1011814696"]}