{"ratings": 0.0, "userreviews": [{"userName": "\u4e09\u56fd\u66f9\u64cd", "userReviewDate": "2018-05-23", "userURL": "https://my.qidian.com/user/158942", "userReview": "\u66f4\u65b0\u662f\u786c\u4f24\u554a"}, {"userName": "\u82b1\u65d7\u7ec5\u58eb", "userReviewDate": "2018-05-16", "userURL": "https://my.qidian.com/user/303688636", "userReview": "\u52a0\u6cb9\u5427\uff01\u563f\u563f\uff01"}, {"userName": "\u5317\u8fb0\u5c11\u5e74517", "userReviewDate": "2018-05-12", "userURL": "https://my.qidian.com/user/301087678", "userReview": "\u52a0\u6cb9\uff0c\u4e92\u8bc4[fn=32]"}, {"userName": "\u7f8a\u548c\u5c71", "userReviewDate": "2018-05-11", "userURL": "https://my.qidian.com/user/102520212", "userReview": "\u7136\u800c\u6211\u8fd9\u4e2a\u94c1\u8def\u4eba\uff0c\u54ea\u91cc\u8d70\u673a\u4f1a\u641e\u8fd9\u4e9b\uff0c\u8fde\u8f6c\u5c97\u675c\u5f88\u96be\uff0c\u66f4\u4e0d\u8981\u8bf4\u6362\u94c1\u8def\u5c40\u4e86"}, {"userName": "\u7325\u7410\u7684\u8d31\u7b11", "userReviewDate": "2018-05-05", "userURL": "https://my.qidian.com/user/153452828", "userReview": "\u4e0d\u9519\uff0c\u6734\u5b9e\uff0c\u8ba9\u6211\u770b\u5230\u771f\u5b9e\u7684\u94c1\u8def\u4eba"}, {"userName": "\u85cf\u62d9\u7684\u732b", "userReviewDate": "2018-05-03", "userURL": "https://my.qidian.com/user/216582665", "userReview": "\u633a\u597d\u7684\uff0c\u52a0\u6cb9\uff01"}, {"userName": "\u82b1\u65d7\u7ec5\u58eb", "userReviewDate": "2018-04-29", "userURL": "https://my.qidian.com/user/303688636", "userReview": "\u52a0\u6cb9\uff01\u518d\u6b21\u52a0\u6cb9\uff01"}, {"userName": "\u82b1\u65d7\u7ec5\u58eb", "userReviewDate": "2018-04-21", "userURL": "https://my.qidian.com/user/303688636", "userReview": "\u52a0\u6cb9\uff01\uff01\u52a0\u6cb9\uff01\uff01"}, {"userName": "\u82b1\u65d7\u7ec5\u58eb", "userReviewDate": "2018-04-19", "userURL": "https://my.qidian.com/user/303688636", "userReview": "\u5982\u9898\uff0c\u592a\u77ed\uff0c\u7cbe\u5f69\u4e4b\u5904\uff0c\u6ca1\u4e86\uff01"}, {"userName": "\u82b1\u65d7\u7ec5\u58eb", "userReviewDate": "2018-04-18", "userURL": "https://my.qidian.com/user/303688636", "userReview": "[fn=1]\u7b80\u6d01\uff0c\u7cbe\u70bc"}, {"userName": "\u6d2a\u4e09\u5143", "userReviewDate": "2018-04-16", "userURL": "https://my.qidian.com/user/202612963", "userReview": "\u6df1\u60c5\u795d\u798f[fn=27]"}, {"userName": "\u82b1\u65d7\u7ec5\u58eb", "userReviewDate": "2018-04-16", "userURL": "https://my.qidian.com/user/303688636", "userReview": "\u600e\u4e48\u6ca1\u53d1\u51fa\u53bb\uff1f"}], "description": "\u9752\u6625\u5e74\u5c11\uff0c\u82b3\u534e\u6b63\u597d\uff0c\u5f53\u8d74\u4e00\u573a\u6d6a\u6f2b\u9082\u9005\uff01", "title": "\u4e2d\u56fd\u94c1\u8def\u4eba", "url": "https://book.qidian.com/info/1011593983", "average": -1.0, "cover": "//qidian.qpic.cn/qdbimg/349573/1011593983/180", "reviews": -1, "authors": [{"url": "https://me.qidian.com/authorIndex.aspx?id=402102930", "name": "\u6052\u4f20\u5f55"}], "type": ["\u6d6a\u6f2b\u9752\u6625", "\u9752\u6625\u75bc\u75db"], "outlinks": ["https:https://book.qidian.com/info/1011421405?qd_game_key=1011421405&qd_dd_p1=11272", "https://book.qidian.com/info/1011593983", "https://book.qidian.com/info/1010808476", "https://book.qidian.com/info/1010808476", "https://book.qidian.com/info/3688273", "https://book.qidian.com/info/3688273", "https://book.qidian.com/info/1216064", "https://book.qidian.com/info/1216064", "https://book.qidian.com/info/1430068", "https://book.qidian.com/info/1430068", "https://book.qidian.com/info/1438416", "https://book.qidian.com/info/1438416", "https://book.qidian.com/info/1502317", "https://book.qidian.com/info/1502317", "https://book.qidian.com/info/1012030486", "https://book.qidian.com/info/1011210991", "https://book.qidian.com/info/1011565142", "https://book.qidian.com/info/1011717053", "https://book.qidian.com/info/1011624655", "https://book.qidian.com/info/1003578204", "https://book.qidian.com/info/1011700120", "https://book.qidian.com/info/3199334", "https://book.qidian.com/info/1011432636", "https://book.qidian.com/info/1011204600"]}