{"ratings": 0.0, "userreviews": [{"userName": "1\u67d3\u8840\u8346\u68d8", "userReviewDate": "\u6628\u65e512:36", "userURL": "https://my.qidian.com/user/211574160", "userReview": "\u540e\u5bab\u6587\u771f\u5fc3\u4e0d\u600e\u4e48\u559c\u6b22\uff0c\u51e0\u4e2a\u5341\u51e0\u4e2a\u4e5f\u5dee\u4e0d\u591a\u4e86\u5427\u554a\uff0c\u51e0\u767e\u4e2a\uff0c\u96be\u9053\u5973\u4eba\u5728\u4f60\u5fc3\u4e2d\u771f\u7684\u90a3\u4e48\u4e0d\u503c\u4e00\u63d0\uff1f"}, {"userName": "\u4e66\u53cb150326133324197", "userReviewDate": "2018-06-06", "userURL": "https://my.qidian.com/user/201088359", "userReview": " \u4f60\u79cd\u9a6c\u6211\u4e0d\u8bf4\u4ec0\u4e48\uff0c\u4f46\u4f60\u957f\u8111\u5b50\u6ca1\u6709"}, {"userName": "\u8ff7\u5931\u5728\u5730\u7403\u7684\u5916\u661f\u7efc\u5408\u8230", "userReviewDate": "2018-06-04", "userURL": "https://my.qidian.com/user/302095099", "userReview": "\u6211\u770b\u7740\u8fd8\u4e0d\u9519\u5440\uff0c\u600e\u4e48\u80fd\u778e\u55b7\u3002\ud83d\udeb6\ud83c\udfc3\ud83d\udc83"}, {"userName": "\u6d6e\u751f\u76fc\u6709\u94b1", "userReviewDate": "2018-06-04", "userURL": "https://my.qidian.com/user/157804031", "userReview": "\u8fd9\u79cd\u5783\u573e\u5230\u9876\u70b9\u7684\u4e66\u600e\u4e48\u8fd8\u4f1a\u5728\u8d77\u70b9\u5b58\u5728\uff0c\u7eaf\u7cb9\u662f\u4e00\u4eba\u5f62\u81ea\u8d70\u70ae\u53f0\u548c\u5386\u53f2\u4eba\u7269\u767e\u79d1\u4ecb\u7ecd\u3002"}, {"userName": "\u6c34\u4e1d\u7ec3\u6c14\u7ed5\u543e\u8eab", "userReviewDate": "2018-06-03", "userURL": "https://my.qidian.com/user/229709669", "userReview": "\u8fd9\u8bb0\u5f55\u4e00\u5e74\u4e2d\u4e00\u6b21\u90fd\u4e0d\u610f\u5916\u3002\u592a\u6bd2\u4e0d\u770b\u4e86\u3002"}, {"userName": "\u5e84\u5883\u9e3f", "userReviewDate": "2018-06-02", "userURL": "https://my.qidian.com/user/201160752", "userReview": "\u5c0f\u767d\u6587\uff0c\u89c1\u4e86\u5973\u4eba\u5c31\u8d70\u4e0d\u52a8\uff0c\u778e\u641e\u554a\u81ea\u5df1\u5c0f\u547d\u90fd\u96be\u4fdd\u4e86\u8fd8\u653e\u4eba\u8d70\uff0c\u6253\u4ed7\u573a\u9762\u4e0d\u884c\uff0c\u9a7e\u9a6d\u4e0d\u4e86\u5c31\u4e0d\u8981\u5199\u8fd9"}, {"userName": "y\u6768\u54e5", "userReviewDate": "2018-05-31", "userURL": "https://my.qidian.com/user/312804745", "userReview": "\u540e\u5bab\u6210\u5343\u4e0a\u4e07\u6bcf\u70ae\u5341\u6b21\u6211\u7684\u5929\u54ea"}, {"userName": "\u9cb2\u9e4f3357", "userReviewDate": "2018-05-31", "userURL": "https://my.qidian.com/user/304694841", "userReview": "\u7b7e\u5230\u6c34\u7ecf\u9a8c"}, {"userName": "\u75af\u72c2\u6218\u6b7b", "userReviewDate": "2018-05-29", "userURL": "https://my.qidian.com/user/306423010", "userReview": "\u540e\u5bab\u5c0f\u767d\u6587\uff0c\u9274\u5b9a\u5b8c\u6bd5"}, {"userName": "\u60a6\u60a6\u5973\u738b", "userReviewDate": "2018-05-29", "userURL": "https://my.qidian.com/user/313023744", "userReview": "\u770b\u5230\u4e5d\u5341\u6765\u7ae0\uff0c\u5f03\u5751\uff0c\u6700\u8ba8\u538c\u540e\u5bab\u6587\uff0c\u56db\u4e94\u4e2a\u8fd8\u5728\u63a5\u53d7\u8303\u56f4\uff0c\u8fd9\u53ef\u597d\uff0c\u4e00\u767e\u7ae0\u6ca1\u6709\u5c31\u60f3\u7740\u4e09\u5bab\u516d\u9662\u4e03\u5341"}, {"userName": "\u6211\u7231\u53cb\u9e4f", "userReviewDate": "2018-05-28", "userURL": "https://my.qidian.com/user/225225110", "userReview": "\u6025\u9700\u8981\u6c42\u9ad8"}, {"userName": "sss\u901d\u6c34\u65e0\u75d5", "userReviewDate": "2018-05-27", "userURL": "https://my.qidian.com/user/178718133", "userReview": "\u770b\u4e86\u51e0\u7ae0\uff0c\u592a\u5723\u6bcd\u4e86"}, {"userName": "\u4e66\u53cb120531112543986", "userReviewDate": "2018-05-27", "userURL": "https://my.qidian.com/user/146934595", "userReview": "\u90a3\u4e48\u591a\u5175\uff0c\u5175\u5668\u90a3\u6765\u7684\uff01\u5730\u5f62\u548c\u5175\u529b\u8f93\u9001\u5f88\u8017\u65f6\u95f4\u4e86\u5427\uff01\uff01\uff01"}, {"userName": "\u6211\u7231\u53cb\u9e4f", "userReviewDate": "2018-05-27", "userURL": "https://my.qidian.com/user/225225110", "userReview": "\u7b7e\u5230\u5904\u5728\u610f"}], "description": "\u70ed\u8840\u6218\u6597\uff0c\u4fdd\u5bb6\u536b\u56fd\uff0c\u8a93\u6b7b\u5b88\u62a4\uff0c\u50b2\u9aa8\u65e0\u53cc\u94f8\u519b\u9b42\uff01", "title": "\u4e2d\u534e\u6b66\u5c06\u53ec\u5524\u7cfb\u7edf", "url": "https://book.qidian.com/info/1004976371", "average": -1.0, "cover": "//qidian.qpic.cn/qdbimg/349573/1004976371/180", "reviews": -1, "authors": [{"url": "https://me.qidian.com/authorIndex.aspx?id=4141279", "name": "\u9178\u5976\u916a"}], "type": ["\u519b\u4e8b", "\u6218\u4e89\u5e7b\u60f3"], "outlinks": ["https://book.qidian.com/info/1004976371", "https://book.qidian.com/info/1010773937", "https://book.qidian.com/info/1010773937", "https://book.qidian.com/info/1010619332", "https://book.qidian.com/info/1010619332", "https://book.qidian.com/info/1010830168", "https://book.qidian.com/info/1010830168", "https://book.qidian.com/info/1010473722", "https://book.qidian.com/info/1010473722", "https://book.qidian.com/info/1010566274", "https://book.qidian.com/info/1010566274", "https://book.qidian.com/info/1010867479", "https://book.qidian.com/info/1010867479", "https://book.qidian.com/info/1012054156", "https://book.qidian.com/info/1012054156", "https://book.qidian.com/info/1011773651", "https://book.qidian.com/info/1011792881", "https://book.qidian.com/info/1011766727", "https://book.qidian.com/info/1011816033", "https://book.qidian.com/info/1011910483", "https://book.qidian.com/info/1011695819", "https://book.qidian.com/info/1011962771", "https://book.qidian.com/info/1011786182", "https://book.qidian.com/info/1011837374", "https://book.qidian.com/info/1011724908"]}