{"ratings": 0.0, "userreviews": [{"userName": "\u8d1d\u58f3\u91cc\u7684\u7cd6", "userReviewDate": "2018-05-05", "userURL": "https://my.qidian.com/user/201661985", "userReview": "\u8fd9\u5c0f\u8bf4\u5199\u5f97\u548c\u6297\u65e5\u795e\u5267\u6709\u5f97\u4e00\u62fc\u4e86\uff01\u628a\u654c\u4eba\u90fd\u5199\u6210\u4e86\u5236\u6756\u3002"}, {"userName": "\u5c0f\u9ad8\u65af", "userReviewDate": "2018-04-04", "userURL": "https://my.qidian.com/user/197742809", "userReview": "\u4e66\u540d\u5267\u6bd2\uff0c\u8d77\u540d\u5b57\u53eb\u7b2c\u4e00\u5e1d\u56fd\uff0c\u610f\u601d\u662f\u4e4b\u540e\u8fd8\u6709\u7b2c\u4e8c\u7b2c\u4e09\uff1f\uff1f\uff1f\u8fd9\u4e2a\u5e1d\u56fd\u4e0a\u6765\u5c31\u544a\u8bc9\u522b\u4eba\u81ea\u5df1\u65e9\u665a\u5b8c\u86cb"}, {"userName": "\u5c0f\u4fa0\u76d7\u98de\u98de", "userReviewDate": "2018-03-18", "userURL": "https://my.qidian.com/user/217106767", "userReview": "\u519b\u670d\u5fc5\u987b\u7528\u8ff7\u5f69\uff1f\u5c31\u4e0d\u80fd\u6362\u6362\u3002"}, {"userName": "\u5c0f\u4fa0\u76d7\u98de\u98de", "userReviewDate": "2018-03-18", "userURL": "https://my.qidian.com/user/217106767", "userReview": "\u6276\u517b\u7687\u5b50\u65b9\u5f0f\u592a\u8fc7\u60f3\u5f53\u7136\u4e86\uff01\u6b20\u8003\u8651\uff01"}, {"userName": "\u7b28\u7b28\u718aVS\u76ae\u5361\u4e18", "userReviewDate": "2018-03-05", "userURL": "https://my.qidian.com/user/218593733", "userReview": "\u4f5c\u8005\u5e94\u8be5\u591a\u5199\u5199\u56fd\u5185\u7684\u53d1\u5c55"}, {"userName": "\u6f58\u8b10\u6698\u5b57\u664f\u6e05\u865f\u84c0\u7c3e", "userReviewDate": "2018-01-07", "userURL": "https://my.qidian.com/user/214418594", "userReview": "\u738b\u601d\u9510\uff0c\u6211\u603b\u662f\u83ab\u660e\u5176\u5999\u5730\u628a\u601d\u806a\u54e5\u4ee3\u5165\u8fdb\u53bb"}, {"userName": "\u54c7\u560e\u560e\uff1f\uff1f", "userReviewDate": "2017-11-26", "userURL": "https://my.qidian.com/user/200855400", "userReview": "\u4e00\u661f\uff0c\u725b\u903c"}, {"userName": "\u5b87\u8d8a\u795e", "userReviewDate": "2017-11-24", "userURL": "https://my.qidian.com/user/216857909", "userReview": "\u597d\u770b\u4e0d\uff1f\uff1f\uff1f"}, {"userName": "\u5927\u7237\u60f3\u53d1\u8d22", "userReviewDate": "2017-11-24", "userURL": "https://my.qidian.com/user/300458059", "userReview": "\u4f60\u662f\u5443\u4eba\u90fd\u4e0d\u597d\u73a9\u5b8c\u56de\u6765\u9e45\u9e45\u997f\u9e45\u7684\u65f6\u5019\u4f60\u4eec\u624d\u6ee1\u610f\u54e6\u73af\u5883\u4fdd\u62a4\u5de5\u4f5c\u53d6\u5f97\u7684\u6210\u7ee9\u593a\u5f97\u91d1\u724c\uff1f\u6211\u662f"}, {"userName": "\u80e1\u7121\u4eba\u6f22\u9053\u660c", "userReviewDate": "2017-11-13", "userURL": "https://my.qidian.com/user/213441918", "userReview": "\u8fd1\u6765\u8d34\u5427\u91cc\u501f\u8ba8\u8bba\u5112\u5bb6\u6587\u5316\u7684\u98ce\u8ba8\u8bba\u8d77\u4e86\u4e2d\u56fd\u4eba\u7684\u6c49\u5978\u95ee\u9898\uff0c\u89c9\u5f97\u633a\u6709\u610f\u601d\uff0c\u6211\u4e5f\u6765\u8bf4\u4e24\u53e5\u3002 \u7f51\u7edc\u4e0a"}, {"userName": "\u65e0\u77e5\u6709\u7f6a", "userReviewDate": "2017-09-30", "userURL": "https://my.qidian.com/user/10851371", "userReview": "\u4e3a\u4ec0\u4e48\u53ea\u6709\u4e00\u661f"}, {"userName": "\u4e66m\u866b", "userReviewDate": "2017-09-03", "userURL": "https://my.qidian.com/user/223814442", "userReview": "\u9996\u5148\u4f5c\u4e3a\u8bfb\u8005\u770b\u4e86\u672c\u4e66\u540e\u611f\u5230\u51cc\u4e71\uff0c\u4e00\u672c\u4e66\u60f3\u8981\u5438\u5f15\u8bfb\u8005\u5e9f\u5bdd\u5fd8\u98df\u7684\u8bfb\u4e0b\u53bb\u5c31\u8981\u6709\u5f88\u591a\u5751\uff0c\u672c\u4e66\u5728\u4eba\u7269"}, {"userName": "\u601d\u4e36\u65e0\u90aa", "userReviewDate": "2017-08-23", "userURL": "https://my.qidian.com/user/177524411", "userReview": "1.\u4f60\u611f\u60c5\u8def\u4e0d\u987a\u5417\uff1f \u987a\u554a\uff0c\u4e00\u8def\u4e0a\u90fd\u6ca1\u4ec0\u4e48\u4eba2.\u53ea\u8981\u4f60\u7ad6\u76f4\u5f80\u4e0a\u6254\uff0c\u4efb\u4f55\u4e1c\u897f\u90fd\u662f\u56de\u65cb\u95563.\u770b"}, {"userName": "\u8001\u767d\u732aa\u660e\u672b\u5c0f\u5e73\u6c11", "userReviewDate": "2017-08-22", "userURL": "https://my.qidian.com/user/191017983", "userReview": "\u8fd9\u90e8\u5c0f\u8bf4\u5199\u7684\u592a\u597d\u4e86\uff0c\u6211\u4e5f\u4e3a\u5927\u5bb6\u63a8\u8350\u4e00\u90e8\u5c0f\u8bf4\uff0c\u540d\u5b57\u53eb\u660e\u672b\u5c0f\u5e73\u6c11\uff0c\u7b14\u540d\u8001\u767d\u732a\uff0c\u6bcf\u5929\u4e24\u66f4\uff0c\u4e0d\u65ad\u66f4"}], "description": "\u9192\u638c\u5929\u4e0b\u6743\uff0c\u9189\u5367\u7f8e\u4eba\u819d\uff0c\u4e94\u5343\u5e74\u98ce\u534e\u70df\u96e8\uff0c\u662f\u975e\u6210\u8d25\u8f6c\u5934\u7a7a\uff01", "title": "\u4e2d\u534e\u7b2c\u4e00\u5e1d\u56fd", "url": "https://book.qidian.com/info/1003420723", "average": -1.0, "cover": "//qidian.qpic.cn/qdbimg/349573/1003420723/180", "reviews": -1, "authors": [{"url": "https://me.qidian.com/authorIndex.aspx?id=2485057", "name": "\u672b\u65e5\u6e38\u4fa0"}], "type": ["\u5386\u53f2", "\u6e05\u53f2\u6c11\u56fd"], "outlinks": ["https://book.qidian.com/info/1003420723", "https://book.qidian.com/info/3544783", "https://book.qidian.com/info/3544783", "https://book.qidian.com/info/1003304876", "https://book.qidian.com/info/1003304876", "https://book.qidian.com/info/1003640751", "https://book.qidian.com/info/1003640751", "https://book.qidian.com/info/1004140104", "https://book.qidian.com/info/1004140104", "https://book.qidian.com/info/1002234232", "https://book.qidian.com/info/1002234232", "https://book.qidian.com/info/3626695", "https://book.qidian.com/info/3626695", "https://book.qidian.com/info/3161193", "https://book.qidian.com/info/3161193", "https://book.qidian.com/info/1005834595", "https://book.qidian.com/info/1005834595", "https://book.qidian.com/info/1009999928", "https://book.qidian.com/info/1009999928", "https://book.qidian.com/info/1011800596", "https://book.qidian.com/info/1010891668", "https://book.qidian.com/info/1011773910", "https://book.qidian.com/info/1011783347", "https://book.qidian.com/info/1011643843", "https://book.qidian.com/info/1011476924", "https://book.qidian.com/info/1011635441", "https://book.qidian.com/info/1009999928", "https://book.qidian.com/info/1006932473", "https://book.qidian.com/info/1005080011"]}