{"ratings": 0.0, "userreviews": [{"userName": "Mrbeanwang", "userReviewDate": "2018-06-02", "userURL": "https://my.qidian.com/user/159380500", "userReview": "\u5728\u5965\u5c3c\u5c14\u548c\u5965\u62c9\u6731\u65fa\u6ca1\u6709\u53cc\u6838\u593a\u51a0\u7684\u65f6\u5019\u56db\u5927\u4e2d\u950b\u4e4b\u9996\u4e00\u76f4\u662f\u4e0a\u5c06\u554a[fn=31]\u4e2a\u4eba\u6570\u636e\u5237\u5230\u98de\u8d77"}, {"userName": "\u5415\u5929\u867e4538", "userReviewDate": "2018-04-27", "userURL": "https://my.qidian.com/user/313402175", "userReview": "\u7b7e\u5230\uff0c\u7b7e\u5230\uff0c\u5230"}, {"userName": "\u6843\u679d\u592d\u592di", "userReviewDate": "2018-03-15", "userURL": "https://my.qidian.com/user/227796173", "userReview": "\u6709\u6bd2\uff0c\u95ea\u3002"}, {"userName": "iccemoon", "userReviewDate": "2018-03-08", "userURL": "https://my.qidian.com/user/225597686", "userReview": "\u7b7e\u5230\uff01\u4f5c\u8005\u52a0\u6cb9\uff01\uff01"}, {"userName": "\u5ffd\u7c73\u4e86", "userReviewDate": "2018-03-03", "userURL": "https://my.qidian.com/user/3204284", "userReview": "96\u5e74\u5c31\u53c2\u52a0\u9009\u79c0\u4e86\uff0c\u7136\u540e\u6709\u80cc\u666f\uff0c\u7b492\u5e74\u518d\u8fdb\u5165NBA\uff0c\u8fd9\u6ca1\u5565\u95ee\u9898\u3002\u4f46\u95ee\u9898\u662f\uff0c\u5728\u5927\u5b662\u5e74\u4e0d\u80fd\u6253"}, {"userName": "\u5815\u843d\u795e\u9b54\u4e4b\u7ffc", "userReviewDate": "2018-02-12", "userURL": "https://my.qidian.com/user/215752203", "userReview": "\u597d\u65e0\u804a\uff0c\u770b\u5f97\u6211\u90fd\u60f3\u7761\u89c9\u4e86\u3002"}, {"userName": "\u51b0\u4eba12", "userReviewDate": "2018-02-07", "userURL": "https://my.qidian.com/user/228300433", "userReview": "\u7b7e\u5230\u6c34\u7ecf\u9a8c"}, {"userName": "\u71d5\u5bfb\u5e38", "userReviewDate": "2017-12-31", "userURL": "https://my.qidian.com/user/103309506", "userReview": "\u8fd9\u4e2a\u8d5b\u5b63\u593a\u51a0\u4e5f\u5e94\u8be5\u5c31\u5b8c\u672c\u4e86\u3002"}, {"userName": "\u5546\u5468\u843d\u53f6", "userReviewDate": "2017-12-12", "userURL": "https://my.qidian.com/user/215891931", "userReview": "\u6bcf\u5929\u6c34\u4e00\u6c34\uff0c\u8eab\u4f53\u66f4\u5065\u5eb7"}, {"userName": "\u4f9d\u4f9d\u516c\u4e3b2009", "userReviewDate": "2017-12-07", "userURL": "https://my.qidian.com/user/218516067", "userReview": "\u7b7e\u5230\u6c34\u7ecf\u9a8c"}, {"userName": "\u71d5\u5bfb\u5e38", "userReviewDate": "2017-10-05", "userURL": "https://my.qidian.com/user/103309506", "userReview": "\u7b2c\u4e00\u573a\u5e94\u8be5\u6e56\u4eba\u8d62\u4e86\u3002"}, {"userName": "\u5c0f\u90b92017", "userReviewDate": "2017-09-25", "userURL": "https://my.qidian.com/user/231461303", "userReview": "\u8fd8\u6ca1\u770b\uff0c\u4e0d\u8fc7\u732a\u811a\u540d\u5b57\u7740\u5b9e\u8ba9\u6211\u86cb\u75bc\uff0c\u597d\u597d\u7684\u7ade\u6280\u6587\uff0c\u5b66\u4ec0\u4e48\u90ed\u5c0f\u56db\u554a\uff0c\u53eb\u72d7\u86cb\u90fd\u6bd4\u8fd9\u4ec0\u4e48\u58a8\u60dc\u597d\uff0c\u5370"}, {"userName": "\u968f\u610f\u4e36\u5982\u98ce", "userReviewDate": "2017-09-22", "userURL": "https://my.qidian.com/user/225725043", "userReview": "\u7ec8\u4e8e\u627e\u5230\u4e00\u672c\u53ef\u4ee5\u8ffd\u7684\u4e86"}, {"userName": "jlee", "userReviewDate": "2017-09-08", "userURL": "https://my.qidian.com/user/168747", "userReview": "\u53c2\u52a0\u9009\u79c0\u540e\u662f\u4e0d\u80fd\u7ee7\u7eed\u6253NCAA\u7684"}], "description": "\u4f53\u575b\u591a\u82f1\u96c4\uff0c\u8d5b\u573a\u6211\u4e3a\u738b\uff0c\u70ed\u8840\u6f8e\u6e43\u7684\u7ade\u6280\u4f53\u80b2\uff01", "title": "\u4e2d\u950b\u4e0d\u6b7b", "url": "https://book.qidian.com/info/1005002508", "average": -1.0, "cover": "//qidian.qpic.cn/qdbimg/349573/1005002508/180", "reviews": -1, "authors": [{"url": "https://me.qidian.com/authorIndex.aspx?id=9793823", "name": "\u7426\u8bed\u7426"}], "type": ["\u4f53\u80b2", "\u7bee\u7403\u8fd0\u52a8"], "outlinks": ["https://book.qidian.com/info/1005002508", "https://book.qidian.com/info/1010919969", "https://book.qidian.com/info/1010919969", "https://book.qidian.com/info/1010495693", "https://book.qidian.com/info/1010495693", "https://book.qidian.com/info/1010863551", "https://book.qidian.com/info/1010863551", "https://book.qidian.com/info/1010679792", "https://book.qidian.com/info/1010679792", "https://book.qidian.com/info/1009814091", "https://book.qidian.com/info/1009814091", "https://book.qidian.com/info/1011075976", "https://book.qidian.com/info/1011075976", "https://book.qidian.com/info/1011026048", "https://book.qidian.com/info/1011932684", "https://book.qidian.com/info/3675910", "https://book.qidian.com/info/1011342003", "https://book.qidian.com/info/1011687020", "https://book.qidian.com/info/1011446896", "https://book.qidian.com/info/1011767969", "https://book.qidian.com/info/1011676779", "https://book.qidian.com/info/1005095075", "https://book.qidian.com/info/1011814696"]}