{"ratings": 0.0, "userreviews": [{"userName": "\u67e0\u6aac\u6cd5\u5e08", "userReviewDate": "20\u5c0f\u65f6\u524d", "userURL": "https://my.qidian.com/user/743063", "userReview": "\u3000\u3000\u9a6c\u4e0a\u8981\u6d89\u53ca\u5230\u53bb\u4e34\u9ad8\u5f00\u57fa\u5730\u4e86\uff0c\u867d\u7136\u67e5\u4e86\u4e34\u9ad8\u5730\u56fe\uff0c\u53c8\u67e5\u4e86\u5927\u80fd\u7684\u8c37\u6b4c\u5730\u7403\uff0c\u8fd8\u662f\u6ca1\u9009\u51fa\u4e00\u4e2a\u5408\u9002"}, {"userName": "hearn", "userReviewDate": "2018-02-01", "userURL": "https://my.qidian.com/user/118895242", "userReview": "\u4e34\u9ad8\u542f\u660e\u5427\u89e3\u5c01\u4e86\uff01\u7c97\u576f\u4eec\u90fd\u56de\u53bb\u9886\u8089\u5305\u554a\uff01\uff01\uff01"}, {"userName": "\u6c99\u6f20\u4e2d\u7684\u9e2d\u5b50", "userReviewDate": "2018-01-25", "userURL": "https://my.qidian.com/user/9304579", "userReview": "001\u3001\u6587\u5fb7\u55e3002\u3001\u8427\u5b50\u5c71003\u3001\u738b\u6d1b\u5bbe\u5de5\u4e1a004\u3001\u5c55\u65e0\u6daf\u5de5\u4e1a005\u3001\u9a6c\u5343\u77a9\u5de5\u4e1a006\u3001"}, {"userName": "\u5feb\u4e50\u5c0f\u5b87", "userReviewDate": "25\u5206\u949f\u524d", "userURL": "https://my.qidian.com/user/3707298", "userReview": "\u7a7f\u8d8a\u5230\u4e71\u4e16\u4e0d\u662f\u88ab\u96f7\u5288\uff0c\u662f\u4ed6\u4eec\u81ea\u5df1\u7684\u9009\u62e9"}, {"userName": "\u66ae\u770b\u5915\u9633\u96ea", "userReviewDate": "2\u5c0f\u65f6\u524d", "userURL": "https://my.qidian.com/user/212572850", "userReview": "\u8fd9\u4e66\u966a\u4e86\u6211\u5c0f\u5b66\uff0c\u521d\u4e2d\uff0c\u9ad8\u4e2d\uff0c\u660e\u5929\u5c31\u9ad8\u8003\u4e86\u3002"}, {"userName": "yhl001", "userReviewDate": "6\u5c0f\u65f6\u524d", "userURL": "https://my.qidian.com/user/142223", "userReview": "\u7b7e\u5230\u4e94\u4e2a\u5b57"}, {"userName": "\u5ff5\u5974\u5a07\u6000\u53e4", "userReviewDate": "13\u5c0f\u65f6\u524d", "userURL": "https://my.qidian.com/user/20000195", "userReview": "\u7b7e\u5230 \u7ecf\u9a8c"}, {"userName": "\u7834\u788ev", "userReviewDate": "14\u5c0f\u65f6\u524d", "userURL": "https://my.qidian.com/user/218835253", "userReview": "\u7b7e\u5230\u3002\u3002\u3002\u3002"}, {"userName": "\u51b0\u51bb\u9984\u9968", "userReviewDate": "21\u5c0f\u65f6\u524d", "userURL": "https://my.qidian.com/user/1628502", "userReview": "\u7b7e\u5230\u6c34\u7ecf\u9a8c"}, {"userName": "\u8001\u9ebb\u96c01", "userReviewDate": "\u6628\u65e509:03", "userURL": "https://my.qidian.com/user/215166051", "userReview": "\u53d1\u5e16\u7b7e\u5230\u6c34\u7ecf\u9a8c"}, {"userName": "\u5feb\u4e50\u5c0f\u5b87", "userReviewDate": "\u6628\u65e508:47", "userURL": "https://my.qidian.com/user/3707298", "userReview": "\u7a7f\u8d8a\u5230\u4e71\u4e16\u4e0d\u662f\u88ab\u96f7\u5288\uff0c\u662f\u4ed6\u4eec\u81ea\u5df1\u7684\u9009\u62e9"}, {"userName": "\u7834\u788ev", "userReviewDate": "\u6628\u65e508:18", "userURL": "https://my.qidian.com/user/218835253", "userReview": "\u7b7e\u5230\u3002\u3002\u3002\u3002"}, {"userName": "\u8001\u9ebb\u96c01", "userReviewDate": "2018-06-07", "userURL": "https://my.qidian.com/user/215166051", "userReview": "\u53d1\u5e16\u7b7e\u5230\u6c34\u7ecf\u9a8c"}, {"userName": "\u5ff5\u5974\u5a07\u6000\u53e4", "userReviewDate": "2018-06-07", "userURL": "https://my.qidian.com/user/20000195", "userReview": "\u7b7e\u5230 \u7ecf\u9a8c \u8981\u7ecf\u9a8c"}], "description": "\u9192\u638c\u5929\u4e0b\u6743\uff0c\u9189\u5367\u7f8e\u4eba\u819d\uff0c\u4e94\u5343\u5e74\u98ce\u534e\u70df\u96e8\uff0c\u662f\u975e\u6210\u8d25\u8f6c\u5934\u7a7a\uff01", "title": "\u4e34\u9ad8\u542f\u660e", "url": "https://book.qidian.com/info/1262627", "average": -1.0, "cover": "//qidian.qpic.cn/qdbimg/349573/1262627/180", "reviews": -1, "authors": [{"url": "https://me.qidian.com/authorIndex.aspx?id=1401252", "name": "\u5439\u725b\u8005"}], "type": ["\u5386\u53f2", "\u67b6\u7a7a\u5386\u53f2"], "outlinks": ["https://book.qidian.com/info/1262627", "https://book.qidian.com/info/1005782958", "https://book.qidian.com/info/1005782958", "https://book.qidian.com/info/1004947742", "https://book.qidian.com/info/1004947742", "https://book.qidian.com/info/1010136878", "https://book.qidian.com/info/1010136878", "https://book.qidian.com/info/1004957705", "https://book.qidian.com/info/1004957705", "https://book.qidian.com/info/1010815636", "https://book.qidian.com/info/1010815636", "https://book.qidian.com/info/1009408367", "https://book.qidian.com/info/1009408367", "https://book.qidian.com/info/1011800596", "https://book.qidian.com/info/1010891668", "https://book.qidian.com/info/1011773910", "https://book.qidian.com/info/1011783347", "https://book.qidian.com/info/1011643843", "https://book.qidian.com/info/1011476924", "https://book.qidian.com/info/1011635441", "https://book.qidian.com/info/1009999928", "https://book.qidian.com/info/1006932473", "https://book.qidian.com/info/1005080011"]}