{"ratings": 0.0, "userreviews": [{"userName": "\u9690\u4e3a\u8005", "userReviewDate": "2011-10-24", "userURL": "https://my.qidian.com/user/1579862", "userReview": "\u300a\u4e39\u9053\u4ed9\u9014\u300b\u9700\u8981\u5927\u5bb6\u7684\u652f\u6301\uff0c\u591a\u591a\u6536\u85cf\u7838\u7968\u5427\uff01\u80fd\u591f\u6bcf\u5929\u7838\u7968\u652f\u6301\u5c0f\u9690\u7684\u54e5\u4eec\uff0c\u6765\u4e39\u9053\u62a5\u9053\u5427\uff0c**"}, {"userName": "\u4ebf\u7b2c\u6708", "userReviewDate": "2010-12-15", "userURL": "https://my.qidian.com/user/29212", "userReview": "\u600e\u4e48\u6574\u4e86\u4e2a\u8ba9\u4eba\u91cd\u590d\u8ba2\u9605\u554a\uff0c\u4e24\u4e2a179\uff0c\u767d\u8ba2\u9605\u4e86\u4e00\u4e2a"}, {"userName": "\u9690\u4e3a\u8005", "userReviewDate": "2010-12-15", "userURL": "https://my.qidian.com/user/1579862", "userReview": "\u52a0\u7cbe\u697c\uff01"}, {"userName": "\u672a\u672a\u751f", "userReviewDate": "2018-06-06", "userURL": "https://my.qidian.com/user/316700805", "userReview": "\u7b7e\u5230\uff01\uff01\uff01"}, {"userName": "\u9ece\u6c0f\u738b\u671d", "userReviewDate": "2018-04-15", "userURL": "https://my.qidian.com/user/214861010", "userReview": "\u96f6\u51e0\u5e74\u524d\u770b\u7684\u5c0f\u8bf4\u3002\u3002\u3002"}, {"userName": "\u963f\u798f1658", "userReviewDate": "2018-02-05", "userURL": "https://my.qidian.com/user/304841797", "userReview": "\u600e\u4e48\u8001\u662f\u5c11\u7ae0\u8282"}, {"userName": "\u963f\u798f1658", "userReviewDate": "2018-01-31", "userURL": "https://my.qidian.com/user/304841797", "userReview": "46\u7ae0\u54ea\u53bb\u4e86"}, {"userName": "\u7b80\u5355\u7684\u5e78\u798f\u554a", "userReviewDate": "2018-01-19", "userURL": "https://my.qidian.com/user/219360860", "userReview": "\u7b7e\u5230\u7b7e\u5230\u7b7e\u5230"}, {"userName": "Afands", "userReviewDate": "2017-11-29", "userURL": "https://my.qidian.com/user/164198473", "userReview": "\u6211\u6700\u559c\u6b22\u7684\u4e00\u672c\u4e66"}, {"userName": "\u5f77\u5fa8\u4ebd\u6d41\u5e74", "userReviewDate": "2017-11-26", "userURL": "https://my.qidian.com/user/134255150", "userReview": "mmp\uff5e\u4f53\u7cfb\u6df7\u4e71\uff0c\u4f4e\u9636\u4fee\u58eb\u5c31\u80fd\u7ec3\u795e\u4e39\u2026\u2026"}, {"userName": "Lisa\u3043~", "userReviewDate": "2017-08-06", "userURL": "https://my.qidian.com/user/222306456", "userReview": "\u6655s\uff0c\u7ae0\u8282\u91cd\u590d\u4e86\uff0c\u8ba2\u4e86\u5df2\u7ecf\u770b\u8fc7\u7684\uff0c75\u7ae0\u6253\u540e\u51e0\u7ae0\u90fd\u91cd\u4e86"}], "description": "\u4fee\u4ed9\u89c5\u957f\u751f\uff0c\u70ed\u8840\u4efb\u900d\u9065\uff0c\u8e0f\u83b2\u66f3\u6ce2\u6da4\u5251\u9aa8\uff0c\u51ed\u865a\u5fa1\u98ce\u5851\u5723\u9b42\uff01", "title": "\u4e39\u9053\u4ed9\u9014", "url": "https://book.qidian.com/info/1072509", "average": -1.0, "cover": "//qidian.qpic.cn/qdbimg/349573/1072509/180", "reviews": -1, "authors": [{"url": "https://me.qidian.com/authorIndex.aspx?id=20691", "name": "\u9690\u4e3a\u8005"}], "type": ["\u4ed9\u4fa0", "\u73b0\u4ee3\u4fee\u771f"], "outlinks": ["https://book.qidian.com/info/1072509", "https://book.qidian.com/info/1009334165", "https://book.qidian.com/info/1009334165", "https://book.qidian.com/info/1009606125", "https://book.qidian.com/info/1009606125", "https://book.qidian.com/info/1010771394", "https://book.qidian.com/info/1010771394", "https://book.qidian.com/info/1005129146", "https://book.qidian.com/info/1005129146", "https://book.qidian.com/info/1005209812", "https://book.qidian.com/info/1005209812", "https://book.qidian.com/info/1005395194", "https://book.qidian.com/info/1005395194", "https://book.qidian.com/info/31709", "https://book.qidian.com/info/31709", "https://book.qidian.com/info/140739", "https://book.qidian.com/info/140739", "https://book.qidian.com/info/185203", "https://book.qidian.com/info/185203", "https://book.qidian.com/info/1322256", "https://book.qidian.com/info/1322256", "https://book.qidian.com/info/1551732", "https://book.qidian.com/info/1551732", "https://book.qidian.com/info/1751014", "https://book.qidian.com/info/1751014", "https://book.qidian.com/info/2076573", "https://book.qidian.com/info/2076573", "https://book.qidian.com/info/2983997", "https://book.qidian.com/info/2983997", "https://book.qidian.com/info/3615092", "https://book.qidian.com/info/3615092", "https://book.qidian.com/info/1003373579", "https://book.qidian.com/info/1003373579", "https://book.qidian.com/info/1003898330", "https://book.qidian.com/info/1003898330", "https://book.qidian.com/info/1005000718", "https://book.qidian.com/info/1005000718", "https://book.qidian.com/info/1010103283", "https://book.qidian.com/info/1010103283", "https://book.qidian.com/info/1011029555", "https://book.qidian.com/info/1011029555", "https://book.qidian.com/info/1011730175", "https://book.qidian.com/info/1011730175", "https://book.qidian.com/info/1010327039", "https://book.qidian.com/info/1012016027", "https://book.qidian.com/info/1011630501", "https://book.qidian.com/info/1012010192", "https://book.qidian.com/info/1011834598", "https://book.qidian.com/info/1011672705", "https://book.qidian.com/info/1011966835", "https://book.qidian.com/info/1011940680", "https://book.qidian.com/info/1011491390", "https://book.qidian.com/info/1011995376"]}