{"ratings": 0.0, "userreviews": [{"userName": "\u604b\u8fb9\u6668", "userReviewDate": "2018-05-28", "userURL": "https://my.qidian.com/user/314662337", "userReview": "\u52a0\u6cb9\u52a0\u6cb9\u52a0\u6cb9\uff01"}, {"userName": "\u9093\u987a\u5929\u6210", "userReviewDate": "2018-05-18", "userURL": "https://my.qidian.com/user/102640060", "userReview": "\u8bd7\u662f\u54c1\u5473\u4e07\u7269\u7684\u4e00\u79cd\u827a\u672f"}, {"userName": "\u604b\u8fb9\u6668", "userReviewDate": "2018-05-17", "userURL": "https://my.qidian.com/user/314662337", "userReview": "\u4e0d\u9519\u54e6\n\n\n"}], "description": "\u3010\u7b2c\u4e09\u5c4a\u7f51\u7edc\u539f\u521b\u6587\u5b66\u73b0\u5b9e\u4e3b\u4e49\u9898\u6750\u5f81\u6587\u5927\u8d5b\u3011\u53c2\u8d5b\u4f5c\u54c1", "title": "\u4e3a\u4f60\u884c\u8bd7", "url": "https://book.qidian.com/info/1011970865", "average": -1.0, "cover": "//qidian.qpic.cn/qdbimg/349573/1011970865/180", "reviews": -1, "authors": [{"url": "https://me.qidian.com/authorIndex.aspx?id=402092769", "name": "\u5b51\u604b\u8fb9\u6668"}], "type": ["\u77ed\u7bc7", "\u8bd7\u6b4c\u6563\u6587"], "outlinks": ["https://book.qidian.com/info/1011970865", "https://book.qidian.com/info/1011168558", "https://book.qidian.com/info/1011168558", "https://book.qidian.com/info/3068279", "https://book.qidian.com/info/3068279", "https://book.qidian.com/info/1421403", "https://book.qidian.com/info/1421403", "https://book.qidian.com/info/1620923", "https://book.qidian.com/info/1620923", "https://book.qidian.com/info/1761667", "https://book.qidian.com/info/1761667", "https://book.qidian.com/info/1830315", "https://book.qidian.com/info/1830315", "https://book.qidian.com/info/1011574652", "https://book.qidian.com/info/1011574652", "https://book.qidian.com/info/1011832720", "https://book.qidian.com/info/1011832720", "https://book.qidian.com/info/1009312005", "https://book.qidian.com/info/1136277", "https://book.qidian.com/info/1830315", "https://book.qidian.com/info/1011168558", "https://book.qidian.com/info/1004575373", "https://book.qidian.com/info/1004088722", "https://book.qidian.com/info/1945698", "https://book.qidian.com/info/1010642969", "https://book.qidian.com/info/1003669419", "https://book.qidian.com/info/1011683374"]}