{"ratings": 0.0, "userreviews": [{"userName": "\u96ea\u513f\u683c\u683c", "userReviewDate": "2018-05-23", "userURL": "https://my.qidian.com/user/230524437", "userReview": "\u672c\u4e66\u6bcf\u4e2a\u6848\u5b50\u9700\u8981\u5f88\u591a\u4eba\u7269\u540d\u5b57\uff0c\u53ef\u662f\u4f5c\u8005\u662f\u4e2a\u8d77\u540d\u5e9f\uff0c\u90a3\u5c31\u8ba9\u5927\u5bb6\u6765\u5f00\u52a8\u8111\u7b4b\u5427\uff01\u9f99\u5957\u62a5\u540d\u683c\u5f0f\u5982\u4e0b"}, {"userName": "\u591c\u7d6e\u7434\u7f18", "userReviewDate": "17\u5206\u949f\u524d", "userURL": "https://my.qidian.com/user/229273845", "userReview": "\u606d\u559c\u96ea\u59d0\u5f00\u65b0\u6587\uff01\u521a\u624d\u624d\u770b\u5b8c\u3002\u5168\u65b0\u7684\u89c6\u89c9\u51b2\u51fb\uff0c\u5f88\u68d2\u54df\uff01\u800c\u4e14\u4eca\u5929\u8fd8\u662f\u4e2a\u597d\u65e5\u5b50\uff0c\u671f\u5f85\u4f60\u7684\u66f4\u591a\u7cbe\u5f69"}, {"userName": "\u6811\u4e0b\u9053\u4eba", "userReviewDate": "21\u5206\u949f\u524d", "userURL": "https://my.qidian.com/user/216091669", "userReview": "\u6709\u70b9\u6bdb\u9aa8\u609a\u7136\uff0c\u683c\u683c\u5927\u7f8e\u5973\u4e0d\u5bb3\u6015\u5417\uff1f"}, {"userName": "\u968f\u6b32\u5929\u4e0b", "userReviewDate": "28\u5206\u949f\u524d", "userURL": "https://my.qidian.com/user/211893907", "userReview": "\u516d\u7968\uff0c\u5c0f\u8d4f\u4e00\u4e0b"}, {"userName": "\u591c\u5982\u8bd7", "userReviewDate": "30\u5206\u949f\u524d", "userURL": "https://my.qidian.com/user/219594740", "userReview": "\u6211\u6765\u665a\u4e86\uff0c\u8d76\u7d27\u5efa\u4e2a\u697c\uff0c\u606d\u559c\u96ea\u59d0\u59d0\u5f00\u65b0\u4e66\uff0c\u52a0\u6cb9\u52a0\u6cb9\uff01[fn=1][fn=1][fn=1]"}, {"userName": "\u4ea1\u4ea6\u58f0", "userReviewDate": "39\u5206\u949f\u524d", "userURL": "https://my.qidian.com/user/214803447", "userReview": "\u5468\u6d77\u4f60\u6b7b\u8005\u4ee3\u8a00\uff0c\u4ea1\u4ea6\u58f0\u6211\u4e3a\u751f\u8005\u7acb\u547d\uff0c\u5efa\u697c\u3002"}, {"userName": "\u9992\u5934\u4e3b\u4efb1", "userReviewDate": "47\u5206\u949f\u524d", "userURL": "https://my.qidian.com/user/12817202", "userReview": "\u5267\u60c5\u7cbe\u5f69\uff0c\u6587\u7b14\u7cbe\u70bc\uff0c\u597d\u4e66\u52a0\u6cb9\u3002"}, {"userName": "\u4f60\u59e5\u7237\u662f\u6211", "userReviewDate": "2\u5c0f\u65f6\u524d", "userURL": "https://my.qidian.com/user/187120708", "userReview": " \u840c\u65b0\u643a\u5e26\u65b0\u4e66\u300a\u8352\u53e4\u8be1\u9053\u300b\u6765\u8bbf\uff01"}, {"userName": "\u795e\u76ee\u9e92\u9e9f", "userReviewDate": "3\u5c0f\u65f6\u524d", "userURL": "https://my.qidian.com/user/177417236", "userReview": "\u606d\u559c\u96ea\u59d0\u59d0\u65b0\u4e66\u4e0a\u7ebf\uff0c\u4e50\u4e50\u5c0f\u53f7\u6536\u85cf\u6295\u7968\uff0c\u795d\u96ea\u59d0\u59d0\u65b0\u4e66\u5927\u706b\uff0c\u52a0\u6cb9\uff01"}, {"userName": "\u609f\u9053\u9189\u5f39\u6b4c", "userReviewDate": "3\u5c0f\u65f6\u524d", "userURL": "https://my.qidian.com/user/219805552", "userReview": "\u606d\u559c\u96ea\u513f\u59d0\u5f00\u65b0\u4e66\uff01"}, {"userName": "\u96bd\u7737\u53f6\u5b50", "userReviewDate": "3\u5c0f\u65f6\u524d", "userURL": "https://my.qidian.com/user/152004325", "userReview": "\u6211\u6765\u5efa\u4e2a\u7b7e\u5230\u697c~"}, {"userName": "\u6492\u76d0\u7684\u5496\u5561", "userReviewDate": "6\u5c0f\u65f6\u524d", "userURL": "https://my.qidian.com/user/224046890", "userReview": "\u5f88\u559c\u6b22\u770b\u7834\u6848\u7684\u5267\uff0c\u73b0\u5728\u5f00\u59cb\u8ffd\u5c0f\u8bf4\u3002\u68d2\u68d2\u54d2\uff01\uff01_(:\u0437\u300d\u2220)_\u5e0c\u671b\u591a\u66f4\u70b9\uff01"}, {"userName": "\u7476\u6c60\u9752\u83b2", "userReviewDate": "6\u5c0f\u65f6\u524d", "userURL": "https://my.qidian.com/user/213566402", "userReview": "\u5c0f\u53cb\u52a0\u6cb9\uff01"}, {"userName": "\u5186\u7237", "userReviewDate": "6\u5c0f\u65f6\u524d", "userURL": "https://my.qidian.com/user/218942241", "userReview": " \u55ef\uff0c\u6700\u8fd1\u6316\u5230\u4e00\u90e8\u7f51\u5267\uff0c\u4e5f\u662f\u8bb2\u6cd5\u533b\u5211\u4fa6\u7684\uff0c\u53eb\u505a\u300a\u9aa8\u8bed\u300b"}], "description": "\u7b97\u547d\u63a2\u9669\u70b9\u98ce\u6c34\uff0c\u60ca\u609a\u4fa6\u63a2\u964d\u9b3c\u602a\uff0c\u6700\u4f20\u7edf\u4e2d\u56fd\u6587\u5316\uff0c\u6700\u795e\u79d8\u7075\u5f02\u4f20\u5947\uff01", "title": "\u4e3a\u6b7b\u8005\u4ee3\u8a00", "url": "https://book.qidian.com/info/1011623919", "average": -1.0, "cover": "//qidian.qpic.cn/qdbimg/349573/1011623919/180", "reviews": -1, "authors": [{"url": "https://me.qidian.com/authorIndex.aspx?id=10853844", "name": "\u96ea\u513f\u683c\u683c"}], "type": ["\u7075\u5f02", "\u60ac\u7591\u4fa6\u63a2"], "outlinks": ["https://book.qidian.com/info/1011623919", "https://book.qidian.com/info/1003389190", "https://book.qidian.com/info/1003389190", "https://book.qidian.com/info/1004934032", "https://book.qidian.com/info/1004934032", "https://book.qidian.com/info/1009289388", "https://book.qidian.com/info/1009289388", "https://book.qidian.com/info/1011203929", "https://book.qidian.com/info/1011203929", "https://book.qidian.com/info/1011066055", "https://book.qidian.com/info/1011066055", "https://book.qidian.com/info/1011235650", "https://book.qidian.com/info/1011235650", "https://book.qidian.com/info/1005777024", "https://book.qidian.com/info/1005777024", "https://book.qidian.com/info/1011837610", "https://book.qidian.com/info/1011987732", "https://book.qidian.com/info/1011825122", "https://book.qidian.com/info/1011825450", "https://book.qidian.com/info/1011945422", "https://book.qidian.com/info/1011826884", "https://book.qidian.com/info/1011790544", "https://book.qidian.com/info/1011825290", "https://book.qidian.com/info/1011896879", "https://book.qidian.com/info/1011875452"]}