{"ratings": 0.0, "userreviews": [{"userName": "\u4e27\u5fc3\u75c5\u72c2\u4e27\u75c5\u83cc", "userReviewDate": "2017-07-18", "userURL": "https://my.qidian.com/user/123253483", "userReview": "\u4e27\u5fc3\u75c5\u72c2\u4e27\u75c5\u83cc\u6253\u8d4f\u5362\u78a7 100000\u8d77\u70b9\u5e01  \u8fd9\u672c\u4e66\u5199\u7684\u592a\u597d\u4e86,\u7292\u52b3\u4e00\u4e0b\u5e0c\u671b\u540e\u7eed\u66f4\u7cbe\u5f69!"}, {"userName": "\u5362\u78a7", "userReviewDate": "2017-07-14", "userURL": "https://my.qidian.com/user/178650118", "userReview": "\u7fa4\u53f7\uff1a\u516d\u4e94\u516d\u4e5d\u4e8c\u4e03\u4e00\u96f6\u4e5d\u8bf4\u597d\u6bcf500\u5747\u8ba2\u52a0\u4e00\u66f4\u7684\uff0c\u6211\u6bcf\u5929\u90fd\u4f1a\u628a\u8ba2\u9605\u622a\u56fe\u5206\u4eab\u7ed9\u5927\u5bb6\uff0c\u6b22\u8fce\u7763\u4fc3"}, {"userName": "\u5446\u840c\u9e1f", "userReviewDate": "7\u5c0f\u65f6\u524d", "userURL": "https://my.qidian.com/user/223921303", "userReview": "\u7b7e\u5230\u6253\u5361\u4e86"}, {"userName": "\u4e66\u53cb160215202238373", "userReviewDate": "\u6628\u65e501:30", "userURL": "https://my.qidian.com/user/214933284", "userReview": "\u63a8\u8350\u4fee\u4ed9\u795e\u4f5c\uff0c\u300a\u51e1\u4eba\u4fee\u4ed9\u4f20\u300b~~~~~~~~~\u63a8\u8350\u79d1\u5e7b\u795e\u4f5c\uff0c\u300a\u5b8c\u7f8e\u5f62\u6001\u300b~~~~~~~~~"}, {"userName": "\u94f6\u95ea\u95ea7", "userReviewDate": "2018-06-07", "userURL": "https://my.qidian.com/user/200076794", "userReview": "\u600e\u4e48\u8ddf\u706b\u5f71\u4e00\u6837\uff1f\u517b\u7740\u517b\u7740\u5c31\u6ca1\u4e86\uff1f(\u0ca5_\u0ca5)"}, {"userName": "\u7acb\u534e\u58a8", "userReviewDate": "2018-06-07", "userURL": "https://my.qidian.com/user/315484080", "userReview": "\u8dea\u6c42\u4f5c\u8005\u65b0\u4e66"}, {"userName": "\u70ab\u5f69\u598d\u5e0c", "userReviewDate": "2018-06-07", "userURL": "https://my.qidian.com/user/231313891", "userReview": "\u65b0\u4e66   emmm"}, {"userName": "\u5446\u840c\u9e1f", "userReviewDate": "2018-06-07", "userURL": "https://my.qidian.com/user/223921303", "userReview": "\u7b7e\u5230\u6253\u5361\u4e86"}, {"userName": "\u8ff7\u5931\u5728\u5730\u7403\u7684\u5916\u661f\u7efc\u5408\u8230", "userReviewDate": "2018-06-06", "userURL": "https://my.qidian.com/user/302095099", "userReview": "\ud83d\udc59\ud83d\udc59\ud83d\udc59\ud83d\udc59\ud83d\udc59\ud83d\udc59\ud83d\udc59"}, {"userName": "yolozeya\u94f6\u6851", "userReviewDate": "2018-06-06", "userURL": "https://my.qidian.com/user/213492217", "userReview": "\u539f\u4e66\u540d\u6bd4\u8f83\u597d"}, {"userName": "\u5446\u840c\u9e1f", "userReviewDate": "2018-06-06", "userURL": "https://my.qidian.com/user/223921303", "userReview": "\u7b7e\u5230\u6253\u5361\u4e86"}, {"userName": "\u5446\u840c\u9e1f", "userReviewDate": "2018-06-05", "userURL": "https://my.qidian.com/user/223921303", "userReview": "\u7b7e\u5230\u6253\u5361\u4e86\uff0c"}, {"userName": "\u901a\u7075\u77f3\u7334", "userReviewDate": "2018-06-03", "userURL": "https://my.qidian.com/user/310506402", "userReview": "\u7b7e\u5230\u5566\uff08\u0e51\u2727\u2200\u2727\u0e51\uff09\u2600"}, {"userName": "\u5446\u840c\u9e1f", "userReviewDate": "2018-06-03", "userURL": "https://my.qidian.com/user/223921303", "userReview": "\u7b7e\u5230\u3002\u3002\u3002"}], "description": "\u6fc0\u840c\u7684\u841d\u8389\uff0c\u70ed\u8840\u7684\u5c11\u5e74\uff0c\u4e3a\u6253\u7834\u6b21\u5143\u58c1\u4e00\u5f80\u65e0\u524d\uff01", "title": "\u4e3a\u7f8e\u597d\u7684\u5f02\u4e16\u732e\u4e0a\u79d1\u5b66", "url": "https://book.qidian.com/info/1009282972", "average": -1.0, "cover": "//qidian.qpic.cn/qdbimg/349573/1009282972/180", "reviews": -1, "authors": [{"url": "https://me.qidian.com/authorIndex.aspx?id=3852993", "name": "\u5362\u78a7"}], "type": ["\u4e8c\u6b21\u5143", "\u539f\u751f\u5e7b\u60f3", "\u4e8c\u6b21\u5143"], "outlinks": ["https://book.qidian.com/info/1009282972", "https://book.qidian.com/info/1010770545", "https://book.qidian.com/info/1010770545", "https://book.qidian.com/info/1010680093", "https://book.qidian.com/info/1010680093", "https://book.qidian.com/info/1010860831", "https://book.qidian.com/info/1010860831", "https://book.qidian.com/info/1010506991", "https://book.qidian.com/info/1010506991", "https://book.qidian.com/info/1010815544", "https://book.qidian.com/info/1010815544", "https://book.qidian.com/info/1010822580", "https://book.qidian.com/info/1010822580", "https://book.qidian.com/info/3138435", "https://book.qidian.com/info/3138435", "https://book.qidian.com/info/3417947", "https://book.qidian.com/info/3417947", "https://book.qidian.com/info/1004157721", "https://book.qidian.com/info/1004157721", "https://book.qidian.com/info/1011443057", "https://book.qidian.com/info/1011977706", "https://book.qidian.com/info/1011970575", "https://book.qidian.com/info/1011722301", "https://book.qidian.com/info/1012058179", "https://book.qidian.com/info/1010868275", "https://book.qidian.com/info/1012020887", "https://book.qidian.com/info/1011904081"]}