{"ratings": 0.0, "userreviews": [{"userName": "\u738b\u5927\u5e03", "userReviewDate": "2018-06-03", "userURL": "https://my.qidian.com/user/200187928", "userReview": "\u6765\u8fd9\u91cc\u76d6\u697c\u5427\uff0c\u8fd9\u662f\u4f60\u4eec\u7684\u5bb6\uff01"}, {"userName": "\u5b89\u6021\u738b\u7237", "userReviewDate": "6\u5c0f\u65f6\u524d", "userURL": "https://my.qidian.com/user/154281224", "userReview": "\u4f60\u8fd9\u9f9f\u901f\u554a\uff0c\u521a\u4e0a\u67b6\u5c31\u840e\u4e86\uff0c\u8fd9\u53ef\u4e0d\u662f\u597d\u73b0\u8c61\u554a"}, {"userName": "\u5415\u5929\u867e13346", "userReviewDate": "22\u5c0f\u65f6\u524d", "userURL": "https://my.qidian.com/user/316290601", "userReview": "\u597d\u65e0\u804a\u554a\uff0c\u597d\u60f3\u641e\u4e8b\u60c5\u554a"}, {"userName": "\u9a74\u5927\u70ae", "userReviewDate": "2018-06-07", "userURL": "https://my.qidian.com/user/189968952", "userReview": "\u5199\u5f97\u597d\uff01\u5982\u9898[fn=43]"}, {"userName": "\u8ff7\u5931\u5728\u5730\u7403\u7684\u5916\u661f\u7efc\u5408\u8230", "userReviewDate": "2018-06-06", "userURL": "https://my.qidian.com/user/302095099", "userReview": "\ud83d\ude1d\ud83d\ude2d\ud83d\ude2d\ud83d\ude2d\ud83d\ude2d"}, {"userName": "2001\u4f20\u5947", "userReviewDate": "2018-06-06", "userURL": "https://my.qidian.com/user/211134930", "userReview": "\u5c01\u9762\u597d\u4e11\u3002"}, {"userName": "\u5e7b\u821e5", "userReviewDate": "2018-06-06", "userURL": "https://my.qidian.com/user/158247057", "userReview": "\u7b7e\u5230\u987a\u5e26\u6295\u7968"}, {"userName": "\u6076\u9b54\u3065\u5316\u8eab", "userReviewDate": "2018-06-05", "userURL": "https://my.qidian.com/user/20753189", "userReview": "\u5176\u4ed6\u8fd8\u597d\u5c31\u662f\u539f\u521b\u5973\u4e3b\u4e0d\u723d\uff0c\u6ca1\u611f\u89c9\uff0c\u6ca1\u6709\u73b0\u5b9e\u660e\u661f\u6765\u7684\u6709\u611f\u89c9..."}, {"userName": "\u6765\u770b\u6c34\u9c7c", "userReviewDate": "2018-06-05", "userURL": "https://my.qidian.com/user/216470298", "userReview": "\u5168\u5b9a\u4e86\uff0c\u4f46\u662f\u4f60\u8fd9\u4e66\u53ef\u4ee5\u6539\u540d\u5b57\u4e86\uff0c\u7cfb\u7edf\u4e0d\u89c1\u4e86\uff0c\u76f4\u64ad\u4e0d\u89c1\u4e86\uff01\u73b0\u5728\u5df2\u7ecf\u5b8c\u5168\u504f\u79bb\u4e86\u4e3b\u9898\u3002\u6211\u4eec\u662f\u6765\u770b"}, {"userName": "Dsy~x", "userReviewDate": "2018-06-05", "userURL": "https://my.qidian.com/user/187412266", "userReview": "\u4f60\u8fd9\u7b80\u4ecb\u81ea\u5e26\u529d\u9000\u2026\u2026[fn=14]\u4ec0\u4e48\u4e1c\u897f\u4e00\u65e6\u5938\u5f20\u8fc7\u5934\u4e86\uff0c\u5c31\u8ba9\u4eba\u538c\u70e6[fn=34]"}, {"userName": "\u6447\u6446de\u732a", "userReviewDate": "2018-06-04", "userURL": "https://my.qidian.com/user/3160989", "userReview": "\u539f\u521b\u4e3b\u89d2\uff01\u5f03\u4e86"}, {"userName": "\u51b2\u6d6a\u7528\u5893\u7891", "userReviewDate": "2018-06-04", "userURL": "https://my.qidian.com/user/223407343", "userReview": "\u4e0a\u672c\u5199\u7403\u5458\uff0c\u8fd9\u672c\u5199\u6559\u7ec3\uff0c\u4f5c\u8005\u53ef\u80fd\u6ca1\u8f6c\u53d8\u8fc7\u6765\uff0c\u5927\u5bb6\u8010\u5fc3\u70b9"}, {"userName": "\u6cab\u6cab\u5507\u75d5", "userReviewDate": "2018-06-04", "userURL": "https://my.qidian.com/user/221387853", "userReview": "\u867d\u7136\u770b\u7740\u4e0d\u9519\u4f46\u4e0d\u662f\u6211\u60f3\u770b\u7684\u7c7b\u578b\u8fd8\u662f\u4e0d\u8ba2\u9605\u4e86[fn=11]"}, {"userName": "\u53ea\u6709\u4e00\u4e32\u6570\u5b57", "userReviewDate": "2018-06-03", "userURL": "https://my.qidian.com/user/150480420", "userReview": "\u73b0\u5728\u8d77\u70b9\u5174\u8d77\u4e3b\u64ad\u6d41\uff0c\u4f46\u5b9e\u5728\u662f\u65e0\u5174\u8da3\u554a"}], "description": "\u4f53\u575b\u591a\u82f1\u96c4\uff0c\u8d5b\u573a\u6211\u4e3a\u738b\uff0c\u70ed\u8840\u6f8e\u6e43\u7684\u7ade\u6280\u4f53\u80b2\uff01", "title": "\u4e3b\u5e05\u76f4\u64ad\u653b\u7565", "url": "https://book.qidian.com/info/1011629458", "average": -1.0, "cover": "//qidian.qpic.cn/qdbimg/349573/1011629458/180", "reviews": -1, "authors": [{"url": "https://me.qidian.com/authorIndex.aspx?id=4353433", "name": "\u738b\u5927\u5e03"}], "type": ["\u4f53\u80b2", "\u8db3\u7403\u8fd0\u52a8"], "outlinks": ["https://book.qidian.com/info/1011629458", "https://book.qidian.com/info/1005775611", "https://book.qidian.com/info/1005775611", "https://book.qidian.com/info/1011430623", "https://book.qidian.com/info/1011430623", "https://book.qidian.com/info/1010521762", "https://book.qidian.com/info/1010521762", "https://book.qidian.com/info/1003249119", "https://book.qidian.com/info/1003249119", "https://book.qidian.com/info/1006629843", "https://book.qidian.com/info/1006629843", "https://book.qidian.com/info/1010817979", "https://book.qidian.com/info/1010817979", "https://book.qidian.com/info/3426114", "https://book.qidian.com/info/3426114", "https://book.qidian.com/info/1003249119", "https://book.qidian.com/info/1003249119", "https://book.qidian.com/info/1005775611", "https://book.qidian.com/info/1005775611", "https://book.qidian.com/info/1011026048", "https://book.qidian.com/info/1011932684", "https://book.qidian.com/info/3675910", "https://book.qidian.com/info/1011342003", "https://book.qidian.com/info/1011687020", "https://book.qidian.com/info/1011446896", "https://book.qidian.com/info/1011767969", "https://book.qidian.com/info/1011676779", "https://book.qidian.com/info/1005095075", "https://book.qidian.com/info/1011814696"]}