{"ratings": 0.0, "userreviews": [], "description": "\u9192\u638c\u5929\u4e0b\u6743\uff0c\u9189\u5367\u7f8e\u4eba\u819d\uff0c\u4e94\u5343\u5e74\u98ce\u534e\u70df\u96e8\uff0c\u662f\u975e\u6210\u8d25\u8f6c\u5934\u7a7a\uff01", "title": "\u4e3b\u5bb0\u76db\u5510", "url": "https://book.qidian.com/info/1011932126", "average": -1.0, "cover": "//qidian.qpic.cn/qdbimg/349573/1011932126/180", "reviews": -1, "authors": [{"url": "https://me.qidian.com/authorIndex.aspx?id=402365529", "name": "\u6c49\u7b80\u5510\u7bc7"}], "type": ["\u5386\u53f2", "\u4e24\u664b\u968b\u5510"], "outlinks": ["https://book.qidian.com/info/1011932126", "https://book.qidian.com/info/1004588586", "https://book.qidian.com/info/1004588586", "https://book.qidian.com/info/1010651640", "https://book.qidian.com/info/1010651640", "https://book.qidian.com/info/1009882772", "https://book.qidian.com/info/1009882772", "https://book.qidian.com/info/1010361147", "https://book.qidian.com/info/1010361147", "https://book.qidian.com/info/1006996584", "https://book.qidian.com/info/1006996584", "https://book.qidian.com/info/1011783347", "https://book.qidian.com/info/1011783347", "https://book.qidian.com/info/1011800596", "https://book.qidian.com/info/1010891668", "https://book.qidian.com/info/1011773910", "https://book.qidian.com/info/1011783347", "https://book.qidian.com/info/1011643843", "https://book.qidian.com/info/1011476924", "https://book.qidian.com/info/1011635441", "https://book.qidian.com/info/1009999928", "https://book.qidian.com/info/1006932473", "https://book.qidian.com/info/1005080011"]}