{"ratings": 0.0, "userreviews": [{"userName": "\u6211\u7b49\u5f85\u672a\u6765", "userReviewDate": "2018-06-07", "userURL": "https://my.qidian.com/user/213755901", "userReview": "\u770b\u4e0d\u8d77\u5168\u9760\u7cfb\u7edf\u7684\u5c0f\u8bf4 \u6ca1\u4e86\u7cfb\u7edf\u4f60\u53ea\u662f\u54b8\u9c7c"}, {"userName": "\u68a6\u5fd8\u7ea2\u5c18", "userReviewDate": "2018-06-02", "userURL": "https://my.qidian.com/user/309358694", "userReview": "\u7b7e\u5230\u8868\u793a\u4e00\u4e0b"}, {"userName": "\u4e66\u53cb20170207201846269", "userReviewDate": "2018-06-02", "userURL": "https://my.qidian.com/user/229300916", "userReview": "\u7b7e\u5230\u4e86\u3002\u3002\u3002"}, {"userName": "\u5415\u5929\u867e4437", "userReviewDate": "2018-05-31", "userURL": "https://my.qidian.com/user/313355127", "userReview": "\u7b7e\u5230\u7b2c\u4e00\u8282"}, {"userName": "\u795e\u6b27\u9633\u6e05\u4e91", "userReviewDate": "2018-05-28", "userURL": "https://my.qidian.com/user/304108415", "userReview": "\u7968\u5c11\u662f\u4f60\u7684\u95ee\u9898\u3002\u5bb6\u4e3b\u4e4b\u4f4d\u6709\u591a\u597d\uff1f\u4e00\u5929\u8981\u64cd\u591a\u5c11\u5fc3\u3002\u5bb6\u65cf\u7269\u8d44\u3002\u8d44\u6e90\u5206\u914d\u3002\u4eba\u9645\u5173\u7cfb\u3002\u4eba\u5458\u7ba1\u7406\u3002\u7d2f"}, {"userName": "\u5415\u5929\u867e4587", "userReviewDate": "2018-05-19", "userURL": "https://my.qidian.com/user/313343102", "userReview": "\u53d1\u8868\u8bc4\u8bba\uff01"}, {"userName": "\u68a6\u5fd8\u7ea2\u5c18", "userReviewDate": "2018-05-15", "userURL": "https://my.qidian.com/user/309358694", "userReview": "\u7b7e\u4e2a\u5230\uff0c\u5185\u5bb9\u8fd8\u53ef\u4ee5[fn=35]"}, {"userName": "\u65e0\u804a\u770b\u770b\u4e66\u554a\u554a\u554a\u554a", "userReviewDate": "2018-05-11", "userURL": "https://my.qidian.com/user/219791783", "userReview": "\u5199\u7684\u4e0d\u9519\u5bf9\u6211\u80c3\u53e3"}, {"userName": "\u6d1b\u8427\u8fb0\u4e36", "userReviewDate": "2018-05-07", "userURL": "https://my.qidian.com/user/216923175", "userReview": "\u5f00\u5934\u5c31\u88ab\u6bd2\u6b7b"}, {"userName": "\u68a6\u5fd8\u7ea2\u5c18", "userReviewDate": "2018-05-04", "userURL": "https://my.qidian.com/user/309358694", "userReview": "\u6765\u7b7e\u5230\u4e00\u4e0b"}, {"userName": "\u60c5\u4e49\u3005\u8f89\u714c", "userReviewDate": "2018-05-04", "userURL": "https://my.qidian.com/user/4113215", "userReview": "\u5f00\u5c40\u8fd8\u4e0d\u523010\u7ae0\u5c31\u529d\u9000\u6211\u4e86"}, {"userName": "\u788c\u788c\u65e0\u4e3a~\u770b\u5c0f\u8bf4", "userReviewDate": "2018-04-12", "userURL": "https://my.qidian.com/user/138589356", "userReview": "\u591f\u7ecf\u9a8c\u8981\u7279\u610f\u7b49\u4efb\u52a1\uff0c\u7a81\u7834\u4efb\u52a1\u7279\u610f\u7b49\u4e00\u4e2a\u6708\uff0c\u5475\u5475\uff0c\u6bd2"}, {"userName": "\u5357\u5bab\u706d", "userReviewDate": "2018-03-25", "userURL": "https://my.qidian.com/user/7551950", "userReview": "\u8bdb\u4ed9\u5251\u8ddf\u90a3\u4e9b\u6e23\u6e23\u6446\u4e00\u8d77\uff0c\u826f\u5fc3\u75db\u4e48"}, {"userName": "\u4e66\u7bb1\u6ea2\u7ffc", "userReviewDate": "2018-03-15", "userURL": "https://my.qidian.com/user/310344129", "userReview": "\u53d1\u8868\u8bc4\u8bba\u4e00\u4e0b"}], "description": "\u8086\u610f\u6325\u6d12\u6fc0\u60c5\u7684\u6e38\u620f\u4eba\u751f\uff0c\u6253\u7834\u73b0\u5b9e\u6846\u67b6\u7684\u65e0\u5c3d\u5e7b\u60f3\uff01", "title": "\u4e3b\u52a8\u7a7f\u8d8a\u4e4b\u6700\u5f3a\u5347\u7ea7", "url": "https://book.qidian.com/info/1010871740", "average": -1.0, "cover": "//qidian.qpic.cn/qdbimg/349573/1010871740/180", "reviews": -1, "authors": [{"url": "https://me.qidian.com/authorIndex.aspx?id=401361868", "name": "\u6708\u661f\u6587"}], "type": ["\u6e38\u620f", "\u6e38\u620f\u5f02\u754c"], "outlinks": ["https://book.qidian.com/info/1010871740", "https://book.qidian.com/info/1010644330", "https://book.qidian.com/info/1010644330", "https://book.qidian.com/info/1010371602", "https://book.qidian.com/info/1010371602", "https://book.qidian.com/info/1010773789", "https://book.qidian.com/info/1010773789", "https://book.qidian.com/info/1009888384", "https://book.qidian.com/info/1009888384", "https://book.qidian.com/info/1004988247", "https://book.qidian.com/info/1004988247", "https://book.qidian.com/info/1005788751", "https://book.qidian.com/info/1005788751", "https://book.qidian.com/info/1011944539", "https://book.qidian.com/info/1011967882", "https://book.qidian.com/info/1011856614", "https://book.qidian.com/info/1011979301", "https://book.qidian.com/info/1010667415", "https://book.qidian.com/info/1011736169", "https://book.qidian.com/info/1011797289", "https://book.qidian.com/info/1011808514", "https://book.qidian.com/info/1011901619", "https://book.qidian.com/info/1011962316"]}