{"ratings": 0.0, "userreviews": [{"userName": "\u6ca1\u60f3\u4f60\u624d\u602a", "userReviewDate": "2018-05-17", "userURL": "https://my.qidian.com/user/169587775", "userReview": "\u6211\u662f\u4f5c\u8005\u513f\u5b50\uff0c\u4e0d\u7528\u591a\u8bf4\u4e86\u5427\uff01"}, {"userName": "\u8ff7\u541f", "userReviewDate": "20\u5c0f\u65f6\u524d", "userURL": "https://my.qidian.com/user/214353634", "userReview": "\u641e\u7b11\u4e86\uff0c\u738b\u8005\u8363\u8000\u4f60\u914d\u56fe\u914d\u4e2aEZ?"}, {"userName": "\u5415\u5929\u867e13418", "userReviewDate": "\u6628\u65e500:36", "userURL": "https://my.qidian.com/user/316357409", "userReview": "\u7b7e\u5230\uff01\u52a0\u6cb9\uff01"}, {"userName": "\u6d41\u4e71\u5f71", "userReviewDate": "2018-06-07", "userURL": "https://my.qidian.com/user/194842073", "userReview": "\u5929\uff0c\u4f5c\u8005\u771f\u6709\u6bc5\u529b"}, {"userName": "\u8c46\u6d46\u6cb9\u6761\u3001", "userReviewDate": "2018-06-03", "userURL": "https://my.qidian.com/user/201200485", "userReview": "\u770b\u4e0d\u61c2\uff08\uff03\uff0d.\uff0d\uff09"}, {"userName": "\u50b2\u5a07\u7684\u7070\u539f\u54c0\u6bbf\u4e0b", "userReviewDate": "2018-05-31", "userURL": "https://my.qidian.com/user/217760309", "userReview": "\u95ee\u4e00\u4e0b\u8fd9\u4e66\u91cd\u751f\u6d41\u8fd8\u662f\u7a7f\u8d8a\u6d41\uff1f"}, {"userName": "Abc\u8650\u4f60f", "userReviewDate": "2018-05-27", "userURL": "https://my.qidian.com/user/213624499", "userReview": "\u597d       "}, {"userName": "\u8584\u8d77\u6765", "userReviewDate": "2018-05-27", "userURL": "https://my.qidian.com/user/216993776", "userReview": "\u5199\u7684\u4ec0\u4e48\u4e1c\u897f\uff1f\uff1f\n"}, {"userName": "Alexeizo", "userReviewDate": "2018-05-17", "userURL": "https://my.qidian.com/user/215010748", "userReview": "\u4e3b\u673a\u5c31\u4e3a\u4e86\u738b\u8005\u8363\u8000 \u5475\u5475"}, {"userName": "xljoryju", "userReviewDate": "2018-05-13", "userURL": "https://my.qidian.com/user/214317860", "userReview": "\u7eaf\u7cb9\u7684\u770b\u4e0d\u61c2"}, {"userName": "\u4e66\u53cb161023175239626", "userReviewDate": "2018-05-12", "userURL": "https://my.qidian.com/user/224730172", "userReview": "\u5f31\u667a\u4e1c\u897f\uff0c\u4e0d\u62ff\u738b\u8005\u8363\u8000\u7684\u62ff\u6211\u8054\u76df\u7684\u56fe\u7247\u5e72\u561b"}, {"userName": "\u706f\u7684N\u6b21\u65b9", "userReviewDate": "2018-05-12", "userURL": "https://my.qidian.com/user/201784670", "userReview": "\u5934\u50cf\u662f\u6211lol\u7535\u73a9EZ\u5427 "}, {"userName": "\u9648\u9ed8v5", "userReviewDate": "2018-05-12", "userURL": "https://my.qidian.com/user/213747901", "userReview": "\u4f5c\u8005\u771f\u662f\u65e0\u804a\u554a"}, {"userName": "\u73ab\u7470H", "userReviewDate": "2018-05-12", "userURL": "https://my.qidian.com/user/216163706", "userReview": "\u6709\u4eba\u770b\u5417\uff1f"}], "description": "\u8086\u610f\u6325\u6d12\u6fc0\u60c5\u7684\u6e38\u620f\u4eba\u751f\uff0c\u6253\u7834\u73b0\u5b9e\u6846\u67b6\u7684\u65e0\u5c3d\u5e7b\u60f3\uff01", "title": "\u4e3b\u673a\u7ea7\u738b\u8005\u8363\u8000", "url": "https://book.qidian.com/info/1010800656", "average": -1.0, "cover": "//qidian.qpic.cn/qdbimg/349573/1010800656/180", "reviews": -1, "authors": [{"url": "https://me.qidian.com/authorIndex.aspx?id=401275881", "name": "\u900d\u9065\u5f20\u5927\u4ed9"}], "type": ["\u6e38\u620f", "\u7535\u5b50\u7ade\u6280"], "outlinks": ["https://book.qidian.com/info/1010800656", "https://book.qidian.com/info/1010640355", "https://book.qidian.com/info/1010640355", "https://book.qidian.com/info/1010770027", "https://book.qidian.com/info/1010770027", "https://book.qidian.com/info/1006631823", "https://book.qidian.com/info/1006631823", "https://book.qidian.com/info/1009762586", "https://book.qidian.com/info/1009762586", "https://book.qidian.com/info/1010535122", "https://book.qidian.com/info/1010535122", "https://book.qidian.com/info/1009906030", "https://book.qidian.com/info/1009906030", "https://book.qidian.com/info/1011944539", "https://book.qidian.com/info/1011967882", "https://book.qidian.com/info/1011856614", "https://book.qidian.com/info/1011979301", "https://book.qidian.com/info/1010667415", "https://book.qidian.com/info/1011736169", "https://book.qidian.com/info/1011797289", "https://book.qidian.com/info/1011808514", "https://book.qidian.com/info/1011901619", "https://book.qidian.com/info/1011962316"]}