{"ratings": 0.0, "userreviews": [{"userName": "\u95e8\u5c97\u548c\u4e09\u5c11", "userReviewDate": "2017-11-04", "userURL": "https://my.qidian.com/user/193528533", "userReview": "\u53d1\u5e7f\u544a\u7684\u4eba\u6ce8\u610f\u5566\u3002\u8fdb\u7fa4\u5973\u88c5\uff0c\u53d1\u56fe\u89c6\u9891\uff0c\u8fd9\u6837\u4f1a\u7ed9\u4f60\u5e26\u6765\u5de8\u5927\u6d41\u91cf\uff0c\u6240\u4ee5\u4e0d\u8981\u5728\u4e66\u8bc4\u533a\u53d1\u4e86\uff0c\u6709\u788d\u89c6"}, {"userName": "\u7a7a\u60f3\u5883\u754c", "userReviewDate": "2017-08-24", "userURL": "https://my.qidian.com/user/221069834", "userReview": "\u7fa4\u53f7\uff1a61\u300235\u300275\u3002396"}, {"userName": "\u5e7b\u97f3\u51cc\u6b66", "userReviewDate": "6\u5c0f\u65f6\u524d", "userURL": "https://my.qidian.com/user/314769420", "userReview": "\u6211\u89c9\u5f97\u8fd8\u662fif\u597d\u770b\uff0c\u4f46\u4f5c\u8005\u4e0d\u66f4\u600e\u4e48\u529e\u2026"}, {"userName": "\u300e\u5b88\u671b\u4e4b\u77b3\u300f", "userReviewDate": "22\u5c0f\u65f6\u524d", "userURL": "https://my.qidian.com/user/152642812", "userReview": "\u517b\u7740\u517b\u7740\u7a81\u7136\u4e0d\u8bb0\u5f97\u6211\u770b\u5230\u54ea\u4e86\uff0c\u548b\u6574\u3002\u3002\u3002"}, {"userName": "\u62ef\u6551\u4e09\u89c2", "userReviewDate": "2018-06-07", "userURL": "https://my.qidian.com/user/200100523", "userReview": "\u517b\u4e86\u597d\u4e45\uff0c\u7136\u540e\u770b\u770b\u4f5c\u8005\u66f4\u65b0\u901f\u5ea6\uff0c\u6ca1\u52c7\u6c14\u770b"}, {"userName": "\u4e66\u53cb160301142022535", "userReviewDate": "2018-06-07", "userURL": "https://my.qidian.com/user/215249951", "userReview": "\u4e2a\u4eba\u6b64\u4e66\u6d4b\u8bc4\uff08\u6d89\u5acc\u5267\u900f\uff09\uff1a\u672c\u4e66\u867d\u4ece\u4e00\u4ef6\u5e73\u51e1\u5e38\u89c1\u7684\u5c0f\u4e8b\u5c55\u5f00\uff0c\u4f46\u5728\u968f\u540e\u7684\u7d27\u51d1\u800c\u5145\u6ee1\u5e72\u8d27\u7684\u5267\u60c5\u63a8"}, {"userName": "\u671b\u5929\u84dd2\u53f7", "userReviewDate": "2018-06-06", "userURL": "https://my.qidian.com/user/228518596", "userReview": "\u4f5c\u8005\u7684\u540d\u5b57\u5f88\u6709\u4f5b\u6027\u554a\uff0c\u4e0e\u6211\u4f5b\u6709\u7f18\uff0c\u6709\u4f5b\u5048\u4e3a\u8bc1\uff1a\u5984\u60f3\u975e\u5883\u754c\uff0c\u58f0\u95fb\u4ea6\u975e\u5206\uff0c\u54c0\u60af\u8005\u6240\u8bf4\uff0c\u81ea\u89c9\u4e4b\u5883"}, {"userName": "\u81ea\u6b64\u59cb", "userReviewDate": "2018-06-04", "userURL": "https://my.qidian.com/user/108358599", "userReview": "\u65e0\u9650\u6d41\u770b\u7684\u6bd4\u8f83\u5c11\uff0c\u8fd9\u79cd\u7c7b\u578b\u7684\u8fd8\u662f\u7b2c\u4e00\u6b21\u89c1\uff0c\u86ee\u65b0\u9c9c\u7684\uff0c\u5e0c\u671b\u5927\u5927\u80fd\u66f4\u591a\u70b9\uff0c\u54c8\u54c8\u54c8"}, {"userName": "\u84dd\u767d\u51fa\u5f81", "userReviewDate": "2018-06-03", "userURL": "https://my.qidian.com/user/309658684", "userReview": "\u8fd9\u4e66\u662f\u592a\u76d1\u8fc7\u7684\u5427\uff0c\u6211\u8bb0\u5f97\u5f88\u4e45\u4ee5\u524d\u770b\u8fc7\u51e0\u7ae0\uff0c\u521b\u610f\u4e0d\u9519\u5c31\u662f\u4f5c\u8005\u5199\u7684\u3002\u3002\u3002"}, {"userName": "\u65e5\u6e10\u5706\u6da6\u7684\u56e2\u5b50", "userReviewDate": "2018-06-02", "userURL": "https://my.qidian.com/user/105191523", "userReview": "\u5c45\u7136\u8fd9\u4e48\u52e4\u5feb\u2501\u03a3(\uff9f\u0414\uff9f|||)\u2501\u4f60\u4e0d\u662f\u5984\u60f3\uff0c\u4f60\u660e\u660e\u665a\u4e0a\u8fd8\u5728\u5339\u914d"}, {"userName": "\u65e5\u6e10\u5706\u6da6\u7684\u56e2\u5b50", "userReviewDate": "2018-06-01", "userURL": "https://my.qidian.com/user/105191523", "userReview": "\u5c45\u7136\u66f4\u65b0\u4e86\uff1f"}, {"userName": "\u65ad\u7f6a\u9519\u7231", "userReviewDate": "2018-06-01", "userURL": "https://my.qidian.com/user/215585346", "userReview": "\u5934\u4e00\u6b21\u770b\u5230\u6709\u5173Sound horizon\u7684\u4e66"}, {"userName": "\u5173\u952e\u6211\u662f\u502a\u9756\u822a", "userReviewDate": "2018-06-01", "userURL": "https://my.qidian.com/user/214937959", "userReview": "\u5367\u69fd\uff0c\u8fa3\u4e48\u4e45\u4e0d\u66f4\u65b0\u6211\u8fd8\u4ee5\u4e3a\u592a\u76d1\u4e86\uff0c\u90fd\u5220\u4e86\uff0c\u7ffb\u4e86\u7ffb\u4e66\u5355\u4e00\u770b\u5367\u69fd\u8bc8\u5c38\u4e86"}, {"userName": "\u771f\u4e0d\u662f\u5927\u660e\u661f", "userReviewDate": "2018-06-01", "userURL": "https://my.qidian.com/user/303932213", "userReview": "\u5389\u5bb3\u4e86\uff0c10+\u5f00"}], "description": "\u91cd\u751f\u8fc7\u53bb\u3001\u7545\u60f3\u672a\u6765\u3001\u68a6\u5e7b\u73b0\u5b9e\uff0c\u518d\u5851\u4f20\u5947\u4eba\u751f\uff01", "title": "\u4e3b\u795e\u6b22\u8fce\u4f60", "url": "https://book.qidian.com/info/1009739564", "average": -1.0, "cover": "//qidian.qpic.cn/qdbimg/349573/1009739564/180", "reviews": -1, "authors": [{"url": "https://me.qidian.com/authorIndex.aspx?id=8274301", "name": "\u5984\u60f3\u5883\u754c"}], "type": ["\u90fd\u5e02", "\u90fd\u5e02\u751f\u6d3b", "\u4e8c\u6b21\u5143"], "outlinks": ["https://book.qidian.com/info/1009739564", "https://book.qidian.com/info/1010635740", "https://book.qidian.com/info/1010635740", "https://book.qidian.com/info/1010889823", "https://book.qidian.com/info/1010889823", "https://book.qidian.com/info/1010991657", "https://book.qidian.com/info/1010991657", "https://book.qidian.com/info/1010795768", "https://book.qidian.com/info/1010795768", "https://book.qidian.com/info/1010923103", "https://book.qidian.com/info/1010923103", "https://book.qidian.com/info/1010770013", "https://book.qidian.com/info/1010770013", "https://book.qidian.com/info/1004610532", "https://book.qidian.com/info/1004610532", "https://book.qidian.com/info/1004810353", "https://book.qidian.com/info/1004810353", "https://book.qidian.com/info/1006341223", "https://book.qidian.com/info/1006341223", "https://book.qidian.com/info/1009338787", "https://book.qidian.com/info/1009338787", "https://book.qidian.com/info/1010493511", "https://book.qidian.com/info/1010493511", "https://book.qidian.com/info/1010541166", "https://book.qidian.com/info/1010541166", "https://book.qidian.com/info/1010629302", "https://book.qidian.com/info/1010629302", "https://book.qidian.com/info/1010729092", "https://book.qidian.com/info/1010729092", "https://book.qidian.com/info/1011565855", "https://book.qidian.com/info/1011565855", "https://book.qidian.com/info/1011932150", "https://book.qidian.com/info/1012029544", "https://book.qidian.com/info/1012015699", "https://book.qidian.com/info/1012018201", "https://book.qidian.com/info/1011879101", "https://book.qidian.com/info/1011790606", "https://book.qidian.com/info/1011971435", "https://book.qidian.com/info/1009695534", "https://book.qidian.com/info/1011890878", "https://book.qidian.com/info/1010537314"]}