{"ratings": 0.0, "userreviews": [{"userName": "\u81ed\u81ed\u7684\u54b8\u9c7c", "userReviewDate": "2018-04-18", "userURL": "https://my.qidian.com/user/157315751", "userReview": "\u9ad8\u4e2d\u65f6\u5019\u770b\u7684\u641c\u795e\u86ee\u8352\uff0c\u671f\u5f85\u4f5c\u8005\u5927\u5927\u8c22\u8fd9\u4e00\u6bb5\u5267\u60c5\uff0c\u517b\u80a5\u5f85\u5bb0\u5427\u3002"}, {"userName": "\u5415\u5929\u867e14765", "userReviewDate": "2\u5c0f\u65f6\u524d", "userURL": "https://my.qidian.com/user/317186582", "userReview": "\u641e\u4e2a\u7b7e\u5230\u697c\u5927\u5bb6\u8981\u7b7e\u5230\u6765\u8fd9"}, {"userName": "\u65e0\u5173\u60f3\u5ff5\u53e3", "userReviewDate": "19\u5c0f\u65f6\u524d", "userURL": "https://my.qidian.com/user/189928663", "userReview": "\u7b80\u4ecb\u600e\u4e48\u6539\u4e86\uff1f"}, {"userName": "\u9053\u5c31\u9053", "userReviewDate": "21\u5c0f\u65f6\u524d", "userURL": "https://my.qidian.com/user/2047670", "userReview": "\u597d\u60f3\u50cf\u5c0f\u8bf4\u91cc\u6740\u4f10\u679c\u65ad\uff0c\u73b0\u5b9e\u91cc\u6709\u592a\u591a\u65e0\u5948 \u592a\u7a9d\u56ca"}, {"userName": "\u5403\u67d0\u4e00\u5200", "userReviewDate": "\u6628\u65e510:01", "userURL": "https://my.qidian.com/user/212901388", "userReview": "\u9999\u706b\u5927\u9053\u554a\uff0c\u4fbf\u662f\u4e09\u6e05\u9053\u7956\u4e5f\u8981\u9999\u706b\u4f9b\u517b\u3002\u7834\u9664\u4e00\u5207\u5e99\u5b87\u53ea\u4f9b\u5949\u9ec4\u5dfe\u9ad8\u5c42\uff0c\u80fd\u603c\u6b7b\u4e3b\u795e\u4e0d\uff1f"}, {"userName": "\u8d75\u65ed1991", "userReviewDate": "\u6628\u65e505:42", "userURL": "https://my.qidian.com/user/126763834", "userReview": "\u6709\u70b9\u8650\u4e86\uff0c\u4e3b\u89d2\u654c\u4eba\u4e00\u5927\u5806\uff0c\u81ea\u5df1\u5347\u7ea7\u901f\u5ea6\u6709\u70b9\u8ddf\u4e0d\u4e0a\uff0c\u73b0\u5728\u4e5f\u770b\u4e0d\u51fa\u6709\u4ec0\u4e48\u4f18\u52bf\uff0c\u4e2a\u4eba\u6b66\u529b\u592a\u9ad8\uff0c\u58eb"}, {"userName": "\u4e00\u4e16\u4e09\u751f\u964c\u8def\u4eba", "userReviewDate": "2018-06-07", "userURL": "https://my.qidian.com/user/225279105", "userReview": "\u4e3b\u795e\u54ea\u53bb\u4e86\uff1f"}, {"userName": "\u6211\u7231\u7f8a\u7f8a", "userReviewDate": "2018-06-06", "userURL": "https://my.qidian.com/user/1729935", "userReview": "\u9876\u4f60\u5230\u5e95\uff01"}, {"userName": "\u5730\u539a\u5929\u9ad8\u4eba\u8d85", "userReviewDate": "2018-06-05", "userURL": "https://my.qidian.com/user/210191004", "userReview": "\u652f\u6301\uff0c\u575a\u6301\u5c31\u662f\u80dc\u5229\u3002\u8fc2\u56de\u65e0\u7f6a"}, {"userName": "\u6218\u4e89\u5927\u5e1d", "userReviewDate": "2018-06-05", "userURL": "https://my.qidian.com/user/201191853", "userReview": "\u540e\u5bab\u4e0d    "}, {"userName": "\u6253\u5b8c\u9171\u6cb9\u518d\u6253\u918b", "userReviewDate": "2018-06-05", "userURL": "https://my.qidian.com/user/117425427", "userReview": "\u5982\u9898\uff0c\u5c31\u662f\u95ee\uff0c\u54ea\u4f4d\u5927\u795e\u521b\u9020\u4e86\u5b87\u5b99\u65f6\u7a7a\u4e3b\u795e\u5927\u5149\u7403\u8fd9\u4e2a\u6982\u5ff5\uff1f"}, {"userName": "135669", "userReviewDate": "2018-06-04", "userURL": "https://my.qidian.com/user/315544137", "userReview": "\u7b7e\u5230\u4e94\u4e2a\u5b57,\u51c6\u65f6\u4e0a\u4f20"}, {"userName": "\u5403\u67d0\u4e00\u5200", "userReviewDate": "2018-06-03", "userURL": "https://my.qidian.com/user/212901388", "userReview": "\u60f3\u95ee\u4e0b\u5404\u4f4d\u5927\u62ff\uff0c\u9053\u95e8\u70bc\u4f53\u548c\u4f5b\u95e8\u70bc\u4f53\u7684\u5dee\u5f02\u8c01\u77e5\u9053\uff1f"}, {"userName": "\u4f2f\u7b26\u9e1f", "userReviewDate": "2018-06-03", "userURL": "https://my.qidian.com/user/213188220", "userReview": "\u7504\u5bb6\u4e0d\u706d\u4e86\u7684\u8bdd(\u6700\u597d\u4e94\u5341\u7ae0\u4ee5\u5185)\u4f5c\u8005\u4f60\u5c31\u53ef\u4ee5\u5ba3\u5e03\u5b8c\u672c\u4e86\uff0c\u6ca1\u6709\u90a3\u4e48\u591a\u4eba\u559c\u6b22\u8650\u4e3b\u6587\u7684\uff0c\u4f60\u8fd9\u4e2a\u4e3b"}], "description": "\u4fee\u4ed9\u89c5\u957f\u751f\uff0c\u70ed\u8840\u4efb\u900d\u9065\uff0c\u8e0f\u83b2\u66f3\u6ce2\u6da4\u5251\u9aa8\uff0c\u51ed\u865a\u5fa1\u98ce\u5851\u5723\u9b42\uff01", "title": "\u4e3b\u795e\u516c\u654c", "url": "https://book.qidian.com/info/1011448576", "average": -1.0, "cover": "//qidian.qpic.cn/qdbimg/349573/1011448576/180", "reviews": -1, "authors": [{"url": "https://me.qidian.com/authorIndex.aspx?id=154547", "name": "\u9053\u5c31\u9053"}], "type": ["\u4ed9\u4fa0", "\u795e\u8bdd\u4fee\u771f"], "outlinks": ["https://book.qidian.com/info/1011448576", "https://book.qidian.com/info/1011039042", "https://book.qidian.com/info/1011039042", "https://book.qidian.com/info/1009843531", "https://book.qidian.com/info/1009843531", "https://book.qidian.com/info/1010933712", "https://book.qidian.com/info/1010933712", "https://book.qidian.com/info/1010920862", "https://book.qidian.com/info/1010920862", "https://book.qidian.com/info/1010916822", "https://book.qidian.com/info/1010916822", "https://book.qidian.com/info/1010389683", "https://book.qidian.com/info/1010389683", "https://book.qidian.com/info/1010327039", "https://book.qidian.com/info/1012016027", "https://book.qidian.com/info/1011630501", "https://book.qidian.com/info/1012010192", "https://book.qidian.com/info/1011834598", "https://book.qidian.com/info/1011672705", "https://book.qidian.com/info/1011966835", "https://book.qidian.com/info/1011940680", "https://book.qidian.com/info/1011491390", "https://book.qidian.com/info/1011995376"]}