{"ratings": 0.0, "userreviews": [{"userName": "\u5b88\u62d9\u7684\u7626\u5b50", "userReviewDate": "2018-06-03", "userURL": "https://my.qidian.com/user/304665000", "userReview": "\u5efa\u4e00\u4e2a\u7b7e\u5230\u697c\uff0c\u5341\u5e01\u4e00\u697c\uff0c\u767e\u697c\u4e00\u7ed3\uff0c\u5343\u697c\u5c01\u9876\u3002"}, {"userName": "\u53eb\u6211\u7965\u54e51111", "userReviewDate": "2018-05-28", "userURL": "https://my.qidian.com/user/300347394", "userReview": "\u76d6\u4e2a\u697c\u4e00\u697c10\u5e01\u767e\u697c\u4e00\u7ed3\u76df\u4e3b\u5c01\u9876\u8981\u5e26\u7965\u7684\u6210\u8bed\u3002"}, {"userName": "\u795e\u79d8\u9053\u4eba", "userReviewDate": "2018-05-11", "userURL": "https://my.qidian.com/user/112873239", "userReview": "\u7535\u5f71\uff0c\u7535\u89c6\u5267\uff0c\u5c0f\u8bf4\uff0c\u795e\u8bdd\u4f20\u8bf4\uff0c\u6e38\u620f\uff0c\u7b49\u7b49\u5c5e\u4e8e\u4ed9\u4fa0\u7684\uff0c\u6c42\u4e00\u4e9b\uff0c\u5404\u4f4d\u5c0f\u4f19\u4f34\u4eec\u7ed9\u529b\u4e00\u4e9b\u8e0a\u8dc3\u53d1\u8a00\u3002"}, {"userName": "\u795e\u79d8\u9053\u4eba", "userReviewDate": "2018-04-08", "userURL": "https://my.qidian.com/user/112873239", "userReview": "\u6253\u8d4f\u662f\u6267\u4e8b1\u66f4\uff0c\u8235\u4e3b2\u66f4\uff0c\u4f9d\u6b21\u7684\u63d0\u5347\u4e00\u4e2a\u7ea7\u522b\u52a0\u4e00\u66f4\uff0c\u5230\u76df\u4e3b\u4e5f\u5c31\u662f\u5341\u66f4\u4e86\u3002\u6708\u7968\u662f10\u5f20\u52a0\u4e00\u66f4"}, {"userName": "\u65e0\u9053\u7956", "userReviewDate": "2\u5c0f\u65f6\u524d", "userURL": "https://my.qidian.com/user/210621209", "userReview": "\u5199\u7684\u975e\u5e38\u597d\uff0c\u4ece\u897f\u6e38\u5f00\u59cb\u6211\u5c31\u4e00\u76f4\u8ffd\u4e86\uff0c\u5e0c\u671b\u4f5c\u8005\u4fdd\u8bc1\u8d28\u91cf\u7684\u540c\u65f6\uff0c\u591a\u66f4\u4e00\u70b9\u54c8\u54c8\u54c8\u8d2a\u5fc3\u4e86\u8d2a\u5fc3\u4e86"}, {"userName": "\u591c\u9b54\u767e\u4e07\u86ca\u65a9", "userReviewDate": "2\u5c0f\u65f6\u524d", "userURL": "https://my.qidian.com/user/314723356", "userReview": "\u9053\u4eba\u4f60\u4e0d\u8be5\u4e03\u66f4\u4e86\uff01\u8be5\u6539\u62104\u66f4\u60d1\u4e94\u66f4\u7684\uff01\uff08\u6bd5\u7adf\u4eba\u53c8\u4e0d\u53ef\u80fd\u4e00\u76f4\u91cd\u590d\u505a\u4e00\u4ef6\u4e8b\uff0c"}, {"userName": "\u591c\u9b54\u767e\u4e07\u86ca\u65a9", "userReviewDate": "2\u5c0f\u65f6\u524d", "userURL": "https://my.qidian.com/user/314723356", "userReview": "\u6bcf\u5929\u6211\u5c31\u53ea\u67091\u5f20\u63a8\u8350\u7968\u2190_\u2190\u4f60\u4eec\u591a\u5c11\uff1f\uff08\u542c\u8bf4\u662f\u5927\u4f6c\u6bcf\u5929\u90fd\u6709\u2469\u51e0\u7968\uff01"}, {"userName": "\u4f11\u606f\u662f\u4e3a\u4e86\u8d70\u66f4\u957f\u7684\u8def", "userReviewDate": "2\u5c0f\u65f6\u524d", "userURL": "https://my.qidian.com/user/130066599", "userReview": "\u753b\u864e\u4e0d\u6210\u53cd\u7c7b\u72ac\n"}, {"userName": "\u4e66\u53cb20170816122902760", "userReviewDate": "4\u5c0f\u65f6\u524d", "userURL": "https://my.qidian.com/user/307030069", "userReview": "\u6211\u4ee5\u4e3a\uff0c\u90d1\u91cd\u7684\u9053\u6b49\u662f\u6307\u7684\u8fd9\u672c\u4e66\u51c9\u4e86"}, {"userName": "\u8ffd\u98ce\u4e36\u4eba", "userReviewDate": "5\u5c0f\u65f6\u524d", "userURL": "https://my.qidian.com/user/199537772", "userReview": "\u5929\u5929\u81ea\u5df1\u8bf4\u7684\u8bdd\u5f53\u653e\u5c41\uff01\u505a\u7684\u5230\u5c31\u8bf4\u505a\u4e0d\u5230\u5c31\u4e0d\u8bf4\uff01\u4f60\u89c9\u5f97\u53eb\u4eba\u71ac\u591c\u7b49\u4f60\u7cca\u5f04\u4eba\u5f88\u597d\u73a9\u4e48\uff1f"}, {"userName": "\u6b22\u4e50\u5927\u7b28\u718a", "userReviewDate": "6\u5c0f\u65f6\u524d", "userURL": "https://my.qidian.com/user/136059121", "userReview": "\u6211\u64e6\uff0c\u7adf\u7136\u6210\u4e86\u6b66\u5927\u795e"}, {"userName": "\u591c\u591c\u5578\u6b4c", "userReviewDate": "6\u5c0f\u65f6\u524d", "userURL": "https://my.qidian.com/user/217371042", "userReview": "\u9898\u6750\u9009\u7684\u4e0d\u597d\uff0c\u7b2c\u4e8c\u4e2a\u526f\u672c\u5c31GG\u4e86\uff0c\u9009\u4e86\u4e2a\u672c\u6765\u5c31\u4e0d\u662f\u90a3\u4e48\u706b\u7684\u4f5c\u54c1\uff0c\u5404\u79cd\u5267\u60c5\u8fd8\u89e3\u91ca\u4e0d\u6e05\u695a\uff0c\u5916\u52a0"}, {"userName": "\u4f11\u606f\u662f\u4e3a\u4e86\u8d70\u66f4\u957f\u7684\u8def", "userReviewDate": "16\u5c0f\u65f6\u524d", "userURL": "https://my.qidian.com/user/130066599", "userReview": "\u4f5c\u8005\u540e\u9762\u6539\u4e86\u8bbe\u5b9a  \u5f00\u5934\u7684\u80fd\u4e0d\u80fd\u4e5f\u6539\u4e0b \u770b\u7740\u53d8\u626d"}, {"userName": "\u5929\u68a6\u771f", "userReviewDate": "17\u5c0f\u65f6\u524d", "userURL": "https://my.qidian.com/user/220564280", "userReview": "\u633a\u559c\u6b22\u4eba\u9053\u5929\u5802\u7684"}], "description": "\u4fee\u4ed9\u89c5\u957f\u751f\uff0c\u70ed\u8840\u4efb\u900d\u9065\uff0c\u8e0f\u83b2\u66f3\u6ce2\u6da4\u5251\u9aa8\uff0c\u51ed\u865a\u5fa1\u98ce\u5851\u5723\u9b42\uff01", "title": "\u4e3b\u795e\u900d\u9065", "url": "https://book.qidian.com/info/1011039042", "average": -1.0, "cover": "//qidian.qpic.cn/qdbimg/349573/1011039042/180", "reviews": -1, "authors": [{"url": "https://me.qidian.com/authorIndex.aspx?id=1785826", "name": "\u795e\u79d8\u9053\u4eba"}], "type": ["\u4ed9\u4fa0", "\u73b0\u4ee3\u4fee\u771f"], "outlinks": ["https://book.qidian.com/info/1011039042", "https://book.qidian.com/info/1007064065", "https://book.qidian.com/info/1007064065", "https://book.qidian.com/info/1010473765", "https://book.qidian.com/info/1010473765", "https://book.qidian.com/info/1005319995", "https://book.qidian.com/info/1005319995", "https://book.qidian.com/info/1009328847", "https://book.qidian.com/info/1009328847", "https://book.qidian.com/info/1010389683", "https://book.qidian.com/info/1010389683", "https://book.qidian.com/info/1007012618", "https://book.qidian.com/info/1007012618", "https://book.qidian.com/info/1445751", "https://book.qidian.com/info/1445751", "https://book.qidian.com/info/2357434", "https://book.qidian.com/info/2357434", "https://book.qidian.com/info/2439835", "https://book.qidian.com/info/2439835", "https://book.qidian.com/info/3423214", "https://book.qidian.com/info/3423214", "https://book.qidian.com/info/1010327039", "https://book.qidian.com/info/1012016027", "https://book.qidian.com/info/1011630501", "https://book.qidian.com/info/1012010192", "https://book.qidian.com/info/1011834598", "https://book.qidian.com/info/1011672705", "https://book.qidian.com/info/1011966835", "https://book.qidian.com/info/1011940680", "https://book.qidian.com/info/1011491390", "https://book.qidian.com/info/1011995376"]}