{"ratings": 0.0, "userreviews": [{"userName": "\u8d75\u8944\u65e0\u6064", "userReviewDate": "2018-06-07", "userURL": "https://my.qidian.com/user/308258838", "userReview": "\u4e3b\u89d2\u597d\u540d\u5b57\uff0c\u6562\u53eb\u4e1c\u6cfd\u7684\u6ca1\u51e0\u4e2a\u3002\u6b64\u4e66\u8ffd\u5b9a\u4e86"}, {"userName": "\u56de\u5fc6A\u5411\u5f80", "userReviewDate": "2018-06-07", "userURL": "https://my.qidian.com/user/159734822", "userReview": "\u4f5c\u8005\u6211\u6d3e\u4eba\u628a\u4e0d\u613f\u610f\u642c\u8fc1\u7684\u4eba\u90fd\u6253\u4e86\uff0c\u6253\u4e0d\u8fc7\u7684\u6211\u8bf4\u5bf9\u4e0d\u8d77\uff0c\u884c\u4e0d\u884c"}, {"userName": "\u541b\u738b\u9189\u503e\u57ce", "userReviewDate": "2018-06-03", "userURL": "https://my.qidian.com/user/310694934", "userReview": "\u62a2\u4e2a\u6c99\u53d1\u3002"}], "description": "\u661f\u6d77\u6f2b\u6e38\uff0c\u65f6\u7a7a\u7a7f\u68ad\uff0c\u673a\u68b0\u79d1\u6280\uff0c\u76ee\u6807\u662f\u672a\u77e5\u7684\u661f\u8fb0\u5927\u6d77\uff01", "title": "\u4e3b\u795e\u7684\u6f2b\u753b\u5c4b", "url": "https://book.qidian.com/info/1012052224", "average": -1.0, "cover": "//qidian.qpic.cn/qdbimg/349573/1012052224/180", "reviews": -1, "authors": [{"url": "https://me.qidian.com/authorIndex.aspx?id=401901498", "name": "\u6e05\u6c5f\u9c7c"}], "type": ["\u79d1\u5e7b", "\u65f6\u7a7a\u7a7f\u68ad"], "outlinks": ["https://book.qidian.com/info/1012052224", "https://book.qidian.com/info/1009769802", "https://book.qidian.com/info/1009769802", "https://book.qidian.com/info/1003597545", "https://book.qidian.com/info/1003597545", "https://book.qidian.com/info/1010463703", "https://book.qidian.com/info/1010463703", "https://book.qidian.com/info/1011189488", "https://book.qidian.com/info/1011189488", "https://book.qidian.com/info/1011126786", "https://book.qidian.com/info/1011126786", "https://book.qidian.com/info/1010053068", "https://book.qidian.com/info/1010053068", "https://book.qidian.com/info/1011814764", "https://book.qidian.com/info/1011636462", "https://book.qidian.com/info/1012011143", "https://book.qidian.com/info/1011989615", "https://book.qidian.com/info/1011979302", "https://book.qidian.com/info/1011962232", "https://book.qidian.com/info/1012020634", "https://book.qidian.com/info/1011923738", "https://book.qidian.com/info/1012020834", "https://book.qidian.com/info/1011973977"]}