{"ratings": 0.0, "userreviews": [{"userName": "\u5929\u7fbd\u4e36\u5929\u6708", "userReviewDate": "2017-10-28", "userURL": "https://my.qidian.com/user/212186441", "userReview": "\u5929\u7fbd\u4e36\u5929\u6708\u6253\u8d4f\u6d41\u5e74\u5f80\u4e8b 100000\u8d77\u70b9\u5e01  \u8fd9\u672c\u4e66\u5199\u7684\u592a\u597d\u4e86,\u7292\u52b3\u4e00\u4e0b\u5e0c\u671b\u540e\u7eed\u66f4\u7cbe\u5f69!"}, {"userName": "\u5b64\u72ec\u6b87\u5fc3", "userReviewDate": "2017-08-15", "userURL": "https://my.qidian.com/user/189299386", "userReview": "7\u670810\u65e5\u6240\u6709\u7c89\u4e1d\u503c\u4e0a\u4e09\u4e07\u7684\u6bcf\u4eba\u8d60\u9001\u4e00\u4e2a\u56fd\u4ea7\u624b\u529e\uff01"}, {"userName": "\u4e5d\u91cd\u661f\u6cb3", "userReviewDate": "2\u5206\u949f\u524d", "userURL": "https://my.qidian.com/user/215631810", "userReview": "\u4e3a\u4ec0\u4e48\u6bcf\u5929\u53ea\u6709\u4e00\u7ae0"}, {"userName": "\u5e05\u5f97\u88ab\u4eba\u6253o", "userReviewDate": "2\u5c0f\u65f6\u524d", "userURL": "https://my.qidian.com/user/309221393", "userReview": "\u4f5c\u8005\u4ec0\u4e48\u65f6\u95f4\u56de\u6765\u7684"}, {"userName": "\u4e66\u53cb20180326193303848", "userReviewDate": "2\u5c0f\u65f6\u524d", "userURL": "https://my.qidian.com/user/315086028", "userReview": "\u4f5c\u8005\u5c45\u7136\u8fd8\u6ca1\u6b7b\u554a\uff01\u6211\u8fd8\u4ee5\u4e3a\u4f5c\u8005\u8fdb\u5bab\u53bb\u4e86"}, {"userName": "\u83dc\u866b\u7238\u7238", "userReviewDate": "6\u5c0f\u65f6\u524d", "userURL": "https://my.qidian.com/user/222334069", "userReview": "\u542c\u8bf4\u4f5c\u8005\u5973\u88c5\u6df7\u8fdb\u5973\u6fa1\u5802\uff0c\u88ab\u6253\u540e\u521a\u4ece\u533b\u9662\u51fa\u6765[fn=10]"}, {"userName": "orz23333", "userReviewDate": "7\u5c0f\u65f6\u524d", "userURL": "https://my.qidian.com/user/306378231", "userReview": "\u5367\u5c6e\u8278\u8294\u66f4\u4e86\uff1f\uff1f\uff01"}, {"userName": "1\u8def\u4eba\u7532", "userReviewDate": "13\u5c0f\u65f6\u524d", "userURL": "https://my.qidian.com/user/212448810", "userReview": "\u597dv\u5403\u7ed9\u4f60\u770b"}, {"userName": "\u5b9e\u5728\u6ca1\u7684\u9009\u554a", "userReviewDate": "16\u5c0f\u65f6\u524d", "userURL": "https://my.qidian.com/user/148266446", "userReview": "\u63e1\u8349\u5c45\u7136\u66f4\u65b0\u4e86\uff0c\u5e0c\u671b\u4f5c\u8005\u80fd\u575a\u6301\u4e0b\u53bb\u3002"}, {"userName": "\u5b64\u5bc2\u7684\u5fc3\u674f", "userReviewDate": "17\u5c0f\u65f6\u524d", "userURL": "https://my.qidian.com/user/217031088", "userReview": "\u6211\u8279\uff0c\u5c45\u7136\u66f4\u65b0\u4e86\uff1f\u7b80\u76f4\u4e0d\u6562\u76f8\u4fe1"}, {"userName": "\u4f5c\u8005\u7684\u5973\u88c5\u7656", "userReviewDate": "18\u5c0f\u65f6\u524d", "userURL": "https://my.qidian.com/user/231481746", "userReview": "\u5367\u69fd\uff0c\u4f5c\u8005\u68fa\u6750\u677f\u88c2\u4e86"}, {"userName": "\u7d2b\u9704\u5929\u5b50", "userReviewDate": "18\u5c0f\u65f6\u524d", "userURL": "https://my.qidian.com/user/187382076", "userReview": "\u7ae0\u7ae0\u8ba2\u9605\uff01\u786e\u5b9e\u5199\u5f97\u5f88\u597d\uff01\u6211\u4e5f\u6765\u76d6\u697c\u5427\uff0c\u5343\u697c100\u5e01\uff0c\u7ecf\u6d4e\u4e0d\u662f\u5f88\u5bbd\u88d5\uff0c\u6240\u4ee5\u53ea\u80fd\u5343\u697c100\u5e01\uff0c"}, {"userName": "\u8d26\u53f7\u627e\u4e0d\u56de\u6765\u4e86555", "userReviewDate": "20\u5c0f\u65f6\u524d", "userURL": "https://my.qidian.com/user/308638432", "userReview": "\u5c0f\u8bf4\u4e2d\u51fa\u73b0\u522b\u7684\u5c0f\u8bf4\u91cc\u7684\u4eba\u548c\u4e1c\u897f\u6211\u5c31\u6d51\u8eab\u96be\u53d7\uff0c[fn=12]\u518d\u89c1[fn=12]"}, {"userName": "\u2121\u95ea\u8000\u306e\u661f\u256d\u3084", "userReviewDate": "20\u5c0f\u65f6\u524d", "userURL": "https://my.qidian.com/user/160015739", "userReview": "\u8bc8\u5c38\u4e86\u3002\u3002\u3002"}], "description": "\u5fc3\u6f6e\u6f8e\u6e43\uff0c\u65e0\u9650\u5e7b\u60f3\uff0c\u8fce\u98ce\u6325\u51fb\u5343\u5c42\u6d6a\uff0c\u5c11\u5e74\u4e0d\u8d25\u70ed\u8840\uff01", "title": "\u4e3b\u795e\u7684\u9ed1\u5e97", "url": "https://book.qidian.com/info/1007386189", "average": -1.0, "cover": "//qidian.qpic.cn/qdbimg/349573/1007386189/180", "reviews": -1, "authors": [{"url": "https://me.qidian.com/authorIndex.aspx?id=3583684", "name": "\u6d41\u5e74\u5f80\u4e8b"}], "type": ["\u7384\u5e7b", "\u5f02\u4e16\u5927\u9646", "\u4e8c\u6b21\u5143"], "outlinks": ["https://book.qidian.com/info/1007386189", "https://book.qidian.com/info/1005104206", "https://book.qidian.com/info/1005104206", "https://book.qidian.com/info/1010695671", "https://book.qidian.com/info/1010695671", "https://book.qidian.com/info/1010710147", "https://book.qidian.com/info/1010710147", "https://book.qidian.com/info/1010635438", "https://book.qidian.com/info/1010635438", "https://book.qidian.com/info/1010041028", "https://book.qidian.com/info/1010041028", "https://book.qidian.com/info/1009713135", "https://book.qidian.com/info/1009713135", "https://book.qidian.com/info/1003511096", "https://book.qidian.com/info/1003511096", "https://book.qidian.com/info/1011988403", "https://book.qidian.com/info/1009595922", "https://book.qidian.com/info/1011844784", "https://book.qidian.com/info/1011892497", "https://book.qidian.com/info/1011095320", "https://book.qidian.com/info/1011996851", "https://book.qidian.com/info/1011856434", "https://book.qidian.com/info/1011879207", "https://book.qidian.com/info/1011833256", "https://book.qidian.com/info/1011967674"]}