{"ratings": 0.0, "userreviews": [{"userName": "Medusa&amp;w", "userReviewDate": "2018-06-06", "userURL": "https://my.qidian.com/user/219466219", "userReview": "\u534a\u5929\u4e0d\u5230\u5168\u90e8\u4e00\u53e3\u6c14\u770b\u5b8c\u4e86\uff0c\u4f5c\u8005\u52a0\u6cb9\u66f4\u554a\uff0c\u5230\u65f6\u5019\u7968\u7968\u7ed9\u4f60"}, {"userName": "\u542c\u8bf4\u4f60\u6708\u66f4", "userReviewDate": "2018-05-17", "userURL": "https://my.qidian.com/user/313347530", "userReview": "\u6587\u7b14\u601d\u8def\uff0c\u4f5c\u8005\u771f\u7684\u53ef\u4ee5\uff0c\u5c31\u662f\u524d\u671f\u6ca1\u6709\u52a0\u4e0a\u7ae0\u8282\u540d\u529d\u9000\uff0c\u5bfc\u81f4\u6210\u7ee9\u90a3\u4e48\u5dee"}, {"userName": "\u6c34\u4e2d\u30b8\u843d\u53f6", "userReviewDate": "2018-05-03", "userURL": "https://my.qidian.com/user/5760584", "userReview": "\u5feb\u66f4\u65b0\u554a\uff0c\u6bcf\u5929\u8ffd\u7740\u770b\uff0c\u5199\u5f97\u5f88\u597d"}, {"userName": "\u5c0f\u53ee\u5f53\u6cd5\u5e08", "userReviewDate": "2018-03-08", "userURL": "https://my.qidian.com/user/189947259", "userReview": "\u5199\u7684\u4e0d\u9519\uff0c\u6bd4\u540c\u7c7b\u4f5c\u54c1\u597d\u5f88\u591a"}, {"userName": "\u5415\u5929\u867e4291", "userReviewDate": "2018-06-07", "userURL": "https://my.qidian.com/user/313324298", "userReview": "\u7b7e\u5230\u652f\u6301\u4f5c\u8005"}, {"userName": "\u53f6\u826f\u8fb0\u4f84\u5b50", "userReviewDate": "2018-06-06", "userURL": "https://my.qidian.com/user/212787828", "userReview": "\u597d\u50cf\u4ee5\u524d\u770b\u8fc7"}, {"userName": "\u9ec4\u6cc9\u5e7d", "userReviewDate": "2018-06-03", "userURL": "https://my.qidian.com/user/210620783", "userReview": "\u597d\u662f\u597d\uff0c\u5c31\u662f\u4e00\u5929\u5929\u770b\u7684\u4e0d\u8fc7\u763e\uff0c\u6253\u7b97\u517b\u4e2a\u51e0\u5341\u7ae0\u518d\u4e00\u8d77\u770b|\u00b4\u30fb\u03c9\u30fb)\u30ce"}, {"userName": "saber\u4e4b\u706b", "userReviewDate": "2018-06-03", "userURL": "https://my.qidian.com/user/219303868", "userReview": "\u4e0d\u9519[fn=32]\u5efa\u4e2a\u7b7e\u5230\u697c\u4e00\u697c10\u5e015000\u7ed3\u7b97\uff0c\u5e0c\u671b\u52a0\u7cbe\u6211\u5e94\u8be5\u662f\u7b2c\u4e00\u4e2a\u697c\u5427"}, {"userName": "wq102\u540d\u5b57\u597d\u96be\u53d6", "userReviewDate": "2018-06-02", "userURL": "https://my.qidian.com/user/310610238", "userReview": "\u90a3\u5565\uff0c\u6211\u4ee5\u4e3a\u592a\u76d1\u4e86\u7684\uff0c\u90fd\u4ece\u4e66\u67b6\u5220\u4e86\uff0c\u65ad\u4e86\u90a3\u4e48\u4e45\uff0c\uff0c\uff0c\u6ca1\u60f3\u5230\u4eca\u5929\u7a81\u7136\u770b\u5230\u4e86\uff0c\u70b9\u8fdb\u6765\u53d1\u73b0\u53c8\u5f00\u59cb"}, {"userName": "\u8f6c\u8eab\uff0c\u662f\u4f60", "userReviewDate": "2018-06-02", "userURL": "https://my.qidian.com/user/171893273", "userReview": "\u5176\u5b9e\u770b\u7740\u8212\u670d\u80fd\u4ee3\u5165\u5c31\u662f\u597d\u4e66"}, {"userName": "\u9ec4\u6cc9\u5e7d", "userReviewDate": "2018-05-31", "userURL": "https://my.qidian.com/user/210620783", "userReview": "\u8fd8\u662f\u7b2c\u4e00\u56de\u53ea\u662f\u8ba2\u9605\u5230\u6700\u65b0\u4e00\u7ae0\u7c89\u4e1d\u503c\u5c31\u4e8c\u5341\u51e0\u540d\u7684\uff0c\u611f\u89c9\u6709\u79cd\u770b\u7535\u5f71\u5305\u573a\u7684\u8d76\u811a(\u02f6\u203e\u1dc4\u207b\u032b\u203e\u1dc5\u02f5"}, {"userName": "\u9ec4\u6cc9\u5e7d", "userReviewDate": "2018-05-31", "userURL": "https://my.qidian.com/user/210620783", "userReview": "\u770b\u7740\u633a\u8212\u670d\u7684\uff0c\u770b\u597d\u4f60\u4f5c\u8005[fn=8]"}, {"userName": "\u5415\u5929\u867e4536", "userReviewDate": "2018-05-29", "userURL": "https://my.qidian.com/user/313376706", "userReview": "\u7b7e\u5230\u8def\u8fc7\u5212\u6c34"}, {"userName": "\u4e66\u53cb151229000022368", "userReviewDate": "2018-05-23", "userURL": "https://my.qidian.com/user/214071022", "userReview": "\u5f88\u6709\u8da3\u65e0\u9650\u7a7f\u8d8a\u6587\uff0c\u559c\u6b22\u7684\u6587\u98ce\uff0c\u5148\u52a0\u5173\u6ce8\u5566\uff0c\u8bf7\u95ee\u8981\u600e\u4e48\u52a0\u7c89\u4e1d\u5440\uff1f"}], "description": "\u5fc3\u6f6e\u6f8e\u6e43\uff0c\u65e0\u9650\u5e7b\u60f3\uff0c\u8fce\u98ce\u6325\u51fb\u5343\u5c42\u6d6a\uff0c\u5c11\u5e74\u4e0d\u8d25\u70ed\u8840\uff01", "title": "\u4e3b\u795e\u730e\u624b", "url": "https://book.qidian.com/info/1011121042", "average": -1.0, "cover": "//qidian.qpic.cn/qdbimg/349573/1011121042/180", "reviews": -1, "authors": [{"url": "https://me.qidian.com/authorIndex.aspx?id=8633408", "name": "\u6d41\u6d6a\u6708\u5149"}], "type": ["\u7384\u5e7b", "\u5f02\u4e16\u5927\u9646"], "outlinks": ["https://book.qidian.com/info/1011121042", "https://book.qidian.com/info/1011167044", "https://book.qidian.com/info/1011167044", "https://book.qidian.com/info/1010491119", "https://book.qidian.com/info/1010491119", "https://book.qidian.com/info/1011083937", "https://book.qidian.com/info/1011083937", "https://book.qidian.com/info/1011155822", "https://book.qidian.com/info/1011155822", "https://book.qidian.com/info/1009889436", "https://book.qidian.com/info/1009889436", "https://book.qidian.com/info/1010882979", "https://book.qidian.com/info/1010882979", "https://book.qidian.com/info/1004085074", "https://book.qidian.com/info/1004085074", "https://book.qidian.com/info/1011988403", "https://book.qidian.com/info/1009595922", "https://book.qidian.com/info/1011844784", "https://book.qidian.com/info/1011892497", "https://book.qidian.com/info/1011095320", "https://book.qidian.com/info/1011996851", "https://book.qidian.com/info/1011856434", "https://book.qidian.com/info/1011879207", "https://book.qidian.com/info/1011833256", "https://book.qidian.com/info/1011967674"]}