{"ratings": 0.0, "userreviews": [{"userName": "\u6de1\u68a6\u821e\u82b1\u5f71", "userReviewDate": "2018-06-06", "userURL": "https://my.qidian.com/user/4102380", "userReview": "\u8fd9\u51e0\u7ae0real\u8111\u6d1e\uff5e\u51b3\u5b9a\u4e3a\u4f5c\u8005\u518d\u6512\u4e00\u6ce2\u4eba\u6c14\uff01\u4e00\u697c\u767e\u5e01\uff0c\u4e94\u4e07\u5c01\u9876\uff01\u4e0b\u6b21\u518d\u6709\u6709\u8da3\u7ae0\u8282\u518d\u6765\u4e00\u6ce2\uff01"}, {"userName": "\u96f7^\u6b9b", "userReviewDate": "2018-05-26", "userURL": "https://my.qidian.com/user/201523377", "userReview": "\u5efa\u7acb\u4e00\u4e2a\u9f99\u5957\u697c    "}, {"userName": "\u5415\u5929\u867e13816", "userReviewDate": "2\u5c0f\u65f6\u524d", "userURL": "https://my.qidian.com/user/317116705", "userReview": "\u7b7e\u5230\u6df7\u7ecf\u9a8c+1"}, {"userName": "jiajskjld", "userReviewDate": "2\u5c0f\u65f6\u524d", "userURL": "https://my.qidian.com/user/197742827", "userReview": "\u4f5c\u8005\u6709\u6210\u795e\u8d44\u8d28\uff0c\u53ef\u60dc\u592a\u6c34\u4e86\uff0c\u4e09\u66f4\u56db\u66f4\u5267\u60c5\u786c\u662f\u6ca1\u6709\u4efb\u4f55\u8fdb\u5c55\u3002"}, {"userName": "\u4e00\u53ea\u8ffd\u68a6\u7684\u9c7c", "userReviewDate": "2\u5c0f\u65f6\u524d", "userURL": "https://my.qidian.com/user/314379329", "userReview": "\u6c34\u7ecf\u9a8c\u6c34\u7ecf\u9a8c"}, {"userName": "\u4e00\u53ea\u8ffd\u68a6\u7684\u9c7c", "userReviewDate": "2\u5c0f\u65f6\u524d", "userURL": "https://my.qidian.com/user/314379329", "userReview": "\u6c34\u7ecf\u9a8c\u6c34\u7ecf\u9a8c"}, {"userName": "\u4e00\u53ea\u8ffd\u68a6\u7684\u9c7c", "userReviewDate": "2\u5c0f\u65f6\u524d", "userURL": "https://my.qidian.com/user/314379329", "userReview": "\u6c34\u7ecf\u9a8c\u6c34\u7ecf\u9a8c"}, {"userName": "\u9189\u4e86\u5462", "userReviewDate": "4\u5c0f\u65f6\u524d", "userURL": "https://my.qidian.com/user/195401596", "userReview": "\u6765\u5efa\u6253\u8d4f\u697c\u4e86\uff0c\u4e00\u697c20\uff0c\u4e0a\u4e0d\u5c01\u9876\uff0c\u770b\u5fc3\u60c5\u7ed3\u7b97\uff0c\u56af\u56af\u56af\u3002\u6211\u7684\u56db\u4e2a\u8bc4\u8bba\u90fd\u884c\uff0c\u4f46\u4e3b\u8981\u8fd8\u662f\u8fd9\u4e2a\u5427\uff0c"}, {"userName": "\u7ea2\u5c0f\u8863", "userReviewDate": "4\u5c0f\u65f6\u524d", "userURL": "https://my.qidian.com/user/212816553", "userReview": "\u8fd9\u624d\u51e0\u5e74\u7684\u548c\u5e73\uff0c\u5c31\u51fa\u4e86\u5c0f\u6a31\u8fd9\u6837\u7684\u8111\u6b8b\u5fcd\u8005"}, {"userName": "\u5b8b\u65fa\u65fa", "userReviewDate": "6\u5c0f\u65f6\u524d", "userURL": "https://my.qidian.com/user/123099151", "userReview": "\u8fd8\u6ca1\u66f4\u65b0\u5417"}, {"userName": "\u6211\u672c\uff06\u75af\u72c2", "userReviewDate": "16\u5c0f\u65f6\u524d", "userURL": "https://my.qidian.com/user/844766", "userReview": "\u4f5c\u8005\u7684\u8111\u6d1e\u7b80\u76f4\u662f\u8ba9\u6211\u53f9\u4e3a\u89c2\u6b62\uff0c\u6709\u6210\u795e\u6f5c\u8d28"}, {"userName": "\u6276\u665a\u6620\u5c91", "userReviewDate": "17\u5c0f\u65f6\u524d", "userURL": "https://my.qidian.com/user/221121961", "userReview": "\u6700\u8fd1\u7206\u66f4\u592a\u731b\u4e86\uff0c\u56db\u5f20\u6708\u7968\u5949\u4e0a\uff01\u53e6\u5916\u80fd\u4e0d\u80fd\u57fa\u56e0\u6280\u672f\u8f6c\u5316\u5199\u8f6e\u773c\u7684\u65f6\u5019\uff0c\u987a\u4fbf\u8f6c\u51fa\u6765\u4e2a\u4f50\u4f50\u5b50\uff1f"}, {"userName": "\u9999\u6c34\u83e0\u841d", "userReviewDate": "17\u5c0f\u65f6\u524d", "userURL": "https://my.qidian.com/user/116024145", "userReview": "\u4ec0\u4e48\u7834\u4e66\u554a\uff0c\u5eb8\uff0c\u4fd7\uff01\u4f4e\uff0c\u4fd7\uff01\u5a9a\uff0c\u4fd7\uff01\u770b\u7684\u6211\u52b2\u513f\u52b2\u513f\u7684\u6839\u672c\u505c\u4e0d\u4e0b\u6765\u3002"}, {"userName": "\u8ffd\u98ce\u7684.\u7537\u5b50", "userReviewDate": "24\u5c0f\u65f6\u524d", "userURL": "https://my.qidian.com/user/200647010", "userReview": "\u8fd9\u4e2a\u4e3b\u795e\u89c9\u9192\u5ea6\u7ed9\u6211\u7684\u611f\u89c9\u662f\u8fd9\u6837\u7684\uff0c\u597d\u50cf\u6709\u95ee\u9898\uff0c\u55ef\uff0c\u6709\u95ee\u9898\uff0c\u771f\u7684\u6709\u95ee\u9898\uff0c\u5367\u69fd\uff0c\u771f\u7684\u6709\u95ee\u9898\u3002\u64b8"}], "description": "\u661f\u6d77\u6f2b\u6e38\uff0c\u65f6\u7a7a\u7a7f\u68ad\uff0c\u673a\u68b0\u79d1\u6280\uff0c\u76ee\u6807\u662f\u672a\u77e5\u7684\u661f\u8fb0\u5927\u6d77\uff01", "title": "\u4e3b\u795e\u8c03\u67e5\u5458", "url": "https://book.qidian.com/info/1010705571", "average": -1.0, "cover": "//qidian.qpic.cn/qdbimg/349573/1010705571/180", "reviews": -1, "authors": [{"url": "https://me.qidian.com/authorIndex.aspx?id=400827907", "name": "\u5c0f\u4ef2\u725b"}], "type": ["\u79d1\u5e7b", "\u65f6\u7a7a\u7a7f\u68ad", "\u4e8c\u6b21\u5143"], "outlinks": ["https://book.qidian.com/info/1010705571", "https://book.qidian.com/info/1009243008", "https://book.qidian.com/info/1009243008", "https://book.qidian.com/info/1010242566", "https://book.qidian.com/info/1010242566", "https://book.qidian.com/info/1009372794", "https://book.qidian.com/info/1009372794", "https://book.qidian.com/info/1009421609", "https://book.qidian.com/info/1009421609", "https://book.qidian.com/info/1009352060", "https://book.qidian.com/info/1009352060", "https://book.qidian.com/info/1009659758", "https://book.qidian.com/info/1009659758", "https://book.qidian.com/info/1010388618", "https://book.qidian.com/info/1010388618", "https://book.qidian.com/info/1011814764", "https://book.qidian.com/info/1011636462", "https://book.qidian.com/info/1012011143", "https://book.qidian.com/info/1011989615", "https://book.qidian.com/info/1011979302", "https://book.qidian.com/info/1011962232", "https://book.qidian.com/info/1012020634", "https://book.qidian.com/info/1011923738", "https://book.qidian.com/info/1012020834", "https://book.qidian.com/info/1011973977"]}