{"ratings": 0.0, "userreviews": [{"userName": "\u8fa3\u6912\u914d\u9171\u6cb9", "userReviewDate": "2018-04-10", "userURL": "https://my.qidian.com/user/214780511", "userReview": "\u63a8\u8350\u7ed9\u4f5c\u8005\u7684\u4e00\u4e2a\u975e\u5e38\u597d\u7684\u5efa\u8bae\uff0c\u672c\u4eba\u89c9\u5f97\u81f3\u9ad8\u795e\u5e76\u4e0d\u662f\u5c3d\u5934\uff0c\u56e0\u4e3a\u6210\u5c31\u81f3\u9ad8\u9700\u8981\u70bc\u5316\u4e00\u65b9\u4e16\u754c\u6765\u6210\u5c31"}, {"userName": "\u4e66\u53cb160906224239398", "userReviewDate": "2018-03-31", "userURL": "https://my.qidian.com/user/222482575", "userReview": "\u5f88\u559c\u6b22\u8fd9\u672c\u4e66\u554a\uff0c\u4e00\u76f4\u5728\u627e\u8fd9\u79cd\u7c7b\u578b\u3002\u611f\u89c9\u867d\u7136\u8fd9\u672c\u4e66\u521a\u51fa\u6765\u7684\u65f6\u5019\u662f\u897f\u5e7b\u804c\u4e1a\u8bbe\u5b9a\uff0c\u4f46\u662f\u5b9e\u9645\u4e0a\u4f3c\u4e4e"}, {"userName": "\u51cc\u4e36\u672a\u6668", "userReviewDate": "2018-02-14", "userURL": "https://my.qidian.com/user/213962458", "userReview": "\u6b22\u8fce\u52a0\u5165\u6211\u4eec\u7684\u5927\u5bb6\u5ead\uff0c\u6709\u4f5c\u8005\u83cc\u53ef\u4ee5\u8c03\u620f\u54e6\uff01\u7fa4\u4e3b\u8fd8\u662f\u4e2a\u6b63\u592a\uff01\u6709\u59b9\u5b50\u54e6\uff01\u8fd8\u53ef\u4ee5\u5411\u4f5c\u8005\u83cc\u63d0\u51fa\u4e00\u4e9b"}, {"userName": "\u6211\u770b\u4f4d\u9762", "userReviewDate": "2017-09-08", "userURL": "https://my.qidian.com/user/200723012", "userReview": "\u8fd9\u4e66\u786e\u5b9e\u5f88\u597d\u770b\uff0c\u672c\u6765\u6211\u521a\u770b\u65f6\u60f3\u55b7\u7684\uff0c\u56e0\u4e3a\u6211\u770b\u5230\u4e3b\u89d2\u4e0d\u521b\u9020\u4e1c\u65b9\u795e\u8bdd\u548c\u4f53\u7cfb\uff0c\u521b\u9020\u897f\u65b9\u8fd8\u81ea\u79f0\u521b\u4e16"}, {"userName": "\u7434\u5f26\u4e5d\u6b4c", "userReviewDate": "2017-07-31", "userURL": "https://my.qidian.com/user/195243532", "userReview": "\u70bc\u865a\u4e3a\u5b9e\uff0c\u5206\u5c42\u70bc\u51fa\u3002\u865a\u5b9e\u89c4\u5219\uff0c\u80fd\u91cf\u7269\u8d28\u8f6c\u5316\u3002\u8bb0\u5fc6\u4f20\u8f93\u3002\u5b87\u5b99\u4e2d\u6697\u7269\u8d28\u6700\u591a\uff0c\u4e14\u65e0\u5904\u4e0d\u5728\u3002\u7528\u7cbe\u795e"}, {"userName": "\u865a\u7a7a\u65e0\u8272\u4e07\u8c61\u8fd4\u7a7a", "userReviewDate": "30\u5206\u949f\u524d", "userURL": "https://my.qidian.com/user/214372596", "userReview": "\u6211\u5728\u60f3\u5982\u679c\u91cc\u9762\u51fa\u73b0\u4e86(\u2299o\u2299)\u54c7\u621a\uff0c\u4e00\u4e2a\u8d85\u5929\u5916\u9053\u5c0f\u6708\u6708\u662f\u6b7b\u4e86\uff0c\u8fd8\u662f\u6b7b\u4e86\uff0c\u8fd8\u662f\u6b7b\u4e86\u5462"}, {"userName": "\u8fd9\u662f\u7ea6\u5b9a", "userReviewDate": "2\u5c0f\u65f6\u524d", "userURL": "https://my.qidian.com/user/214705869", "userReview": "\u770b\u5230\u6709\u4eba\u559c\u6b22\u5624\u5624\u5624\u5624\uff0c\u6211\u51b3\u5b9a\u5f00\u4e2a\u5624\u5624\u5624\u697c\uff0c\u6bcf\u5929\u6311\u51e0\u4e2a\u5624\u5624\u602a\u4f9b\u6211\u6253\u6b7b\u30fd(\u2022\u03c9\u2022\u309e)"}, {"userName": "\u6c34\u679c\u51b0\u5fc3\u7cd6", "userReviewDate": "6\u5c0f\u65f6\u524d", "userURL": "https://my.qidian.com/user/213246755", "userReview": "\u770b\u5230\u4fdd\u6e29\u676f\uff0c\u5c31\u60f3\u5230\u8d75\u94c1\u67f1"}, {"userName": "\u4ea2\u7231\u6b23", "userReviewDate": "7\u5c0f\u65f6\u524d", "userURL": "https://my.qidian.com/user/212646475", "userReview": "\u524d\u51e0\u5341\u7ae0\u7ffb\u6765\u8986\u53bb\u770b\uff0c\u770b\u7740\u770b\u7740\u5c31\u770b\u4e0d\u4e0b\u53bb\u4e86\uff01\u80bf\u4e48\u56de\u4e8b\uff1f\u611f\u89c9\u8bbe\u5b9a\u4e0d\u9519"}, {"userName": "\u96e8\u540e\u5929\u6daf\u4eba", "userReviewDate": "7\u5c0f\u65f6\u524d", "userURL": "https://my.qidian.com/user/214675264", "userReview": "jjjkfgbb"}, {"userName": "\u66e6\u68a6\u6d41\u5e74", "userReviewDate": "7\u5c0f\u65f6\u524d", "userURL": "https://my.qidian.com/user/216565483", "userReview": "\u5728\u4e0b\u662frbp\uff0c\u4e00\u8eab\u6b63\u6c14\u65e0\u6240\u754f\u60e7\uff0c\u5443\uff0c\u4f60\u4eec\u522b\u5f53\u771f\u54c8\uff0c\u8ba9\u8fd9\u5e16\u5b50\u6c89\u4e86\u5427"}, {"userName": "\u5982\u65af\u957f\u591c\u6c38\u71c3\u660e\u706f", "userReviewDate": "7\u5c0f\u65f6\u524d", "userURL": "https://my.qidian.com/user/169635976", "userReview": "\u8fd9\u5783\u573e\u5c0f\u8bf4\u8fd8\u5728\u5199_(:_\u300d\u2220)_"}, {"userName": "\u53e4\u8427\u9633", "userReviewDate": "16\u5c0f\u65f6\u524d", "userURL": "https://my.qidian.com/user/214211113", "userReview": "dscsc"}, {"userName": "\u591cR\u5bc2\u9759", "userReviewDate": "18\u5c0f\u65f6\u524d", "userURL": "https://my.qidian.com/user/214758782", "userReview": "\u6211\u662f\u4e00\u4f4d\u795e\u79d8\u5546\u4eba\uff0c\u8fd9\u91cc\u51fa\u552e\u79d1\u6280\u6b66\u5668  \uff1a   \u4e8c\u5411\u7b94\uff08\u552f\u4e00\uff09\uff0c5000\u4e07\u5428\u7684\u6838\u5f39\uff08\u522b\u95ee\u6211\u54ea"}], "description": "\u661f\u6d77\u6f2b\u6e38\uff0c\u65f6\u7a7a\u7a7f\u68ad\uff0c\u673a\u68b0\u79d1\u6280\uff0c\u76ee\u6807\u662f\u672a\u77e5\u7684\u661f\u8fb0\u5927\u6d77\uff01", "title": "\u4e3b\u795e\u5927\u9053", "url": "https://book.qidian.com/info/1003532668", "average": -1.0, "cover": "//qidian.qpic.cn/qdbimg/349573/1003532668/180", "reviews": -1, "authors": [{"url": "https://me.qidian.com/authorIndex.aspx?id=7197335", "name": "\u53e4\u6708\u5c45\u58eb"}], "type": ["\u79d1\u5e7b", "\u65f6\u7a7a\u7a7f\u68ad"], "outlinks": ["https://book.qidian.com/info/1003532668", "https://book.qidian.com/info/1010242566", "https://book.qidian.com/info/1010242566", "https://book.qidian.com/info/1010770991", "https://book.qidian.com/info/1010770991", "https://book.qidian.com/info/1010942512", "https://book.qidian.com/info/1010942512", "https://book.qidian.com/info/1009421609", "https://book.qidian.com/info/1009421609", "https://book.qidian.com/info/1010708287", "https://book.qidian.com/info/1010708287", "https://book.qidian.com/info/1010563262", "https://book.qidian.com/info/1010563262", "https://book.qidian.com/info/1011814764", "https://book.qidian.com/info/1011636462", "https://book.qidian.com/info/1012011143", "https://book.qidian.com/info/1011989615", "https://book.qidian.com/info/1011979302", "https://book.qidian.com/info/1011962232", "https://book.qidian.com/info/1012020634", "https://book.qidian.com/info/1011923738", "https://book.qidian.com/info/1012020834", "https://book.qidian.com/info/1011973977"]}