{"ratings": 0.0, "userreviews": [{"userName": "\u5415\u5929\u867e13506", "userReviewDate": "11\u5c0f\u65f6\u524d", "userURL": "https://my.qidian.com/user/316816242", "userReview": "\u5173\u6ce8\u5fc5\u56de\u7c89"}, {"userName": "wenxin", "userReviewDate": "12\u5c0f\u65f6\u524d", "userURL": "https://my.qidian.com/user/274832", "userReview": "\u9898\u6750\u5f88\u65b0\u9896\u770b\u770b\u518d\u8bf4"}, {"userName": "\u5c0f\u84ddSR", "userReviewDate": "2018-06-07", "userURL": "https://my.qidian.com/user/222316751", "userReview": "\u54c8\u54c8\u54c8\u54c8\u4e3b\u89d2\u7684\u8d34\u8eab\u9ad8\u624b\uff01"}, {"userName": "\u4e66\u738b\u56db\u6c34\u541b", "userReviewDate": "2018-06-06", "userURL": "https://my.qidian.com/user/225649375", "userReview": "\u5199\u7684\u4e0d\u9519\u4e5f\u662f\u4e2a\u5c0f\u6d41\u6d3e\u4e86\u52a0\u7d27\u5199\u51fa\u6765\uff0c\u4f60\u5c31\u662f\u4e3b\u89d2\u5546\u5316\u6d41\u7684\u9f3b\u7956\u4e86\u4f5c\u8005\u6491\u4f4f\u554a"}, {"userName": "\u9ed1\u9f99\u9886\u4e3b\u7e41\u7855", "userReviewDate": "2018-06-05", "userURL": "https://my.qidian.com/user/313102122", "userReview": "\u4e0d\u5982\u4e3b\u795e\u6d41\uff0c\u5305\u4e3b\u89d2\u8fd8\u8981\u94b1\uff01\u6211\u7684\u4e16\u754c\u6211\u8bf4\u4e86\u7b97\uff01\uff01\uff01[fn=4]"}, {"userName": "\u543e\u4e43\u516c\u747e\u5927\u90fd\u7763", "userReviewDate": "2018-06-05", "userURL": "https://my.qidian.com/user/308325087", "userReview": "\u6211\u60f3\u517b\u517b\u8fd9\u672c\u4e66\uff0c\u4f5c\u8005\u5927\u5927\u575a\u6301\u4f4f\u554a\uff0c\u4f1a\u6295\u63a8\u8350\u7968\u7684"}, {"userName": "\u51a5\u66e6\u8840\u6708", "userReviewDate": "2018-06-05", "userURL": "https://my.qidian.com/user/217156887", "userReview": "\u8111\u6d1e\u4e0d\u9519\u54e6\uff0c\u52a0\u6cb9"}, {"userName": "\u51a5\u66e6\u8840\u6708", "userReviewDate": "2018-06-05", "userURL": "https://my.qidian.com/user/217156887", "userReview": "\u8bc4\u8bba\u53c8\u88ab\u541e\u4e86"}, {"userName": "\u8ba9\u4e00\u4e2a\u66f4\u597d", "userReviewDate": "2018-06-05", "userURL": "https://my.qidian.com/user/222389919", "userReview": "\u8fd9\u662f\u4e00\u672c\u597d\u4e66\uff0c\u4f5c\u8005\u522b\u8981\u8138\u4e86\u53bb\u6253\u5e7f\u544a\u5427\uff01\u4e0d\u5e0c\u671b\u8fd9\u672c\u4e66\u65e9\u592d"}, {"userName": "\u6d2a\u8352\u6728\u7956", "userReviewDate": "2018-06-05", "userURL": "https://my.qidian.com/user/222255665", "userReview": "\u8ddf\u5927\u6570\u636e\u4e16\u754c\u4e00\u6837\u7684\u8111\u6d1e\uff0c\u5927\u6570\u636e\u4e16\u754c\u4f5c\u8005\u540e\u9762\u81a8\u80c0\u4e86\uff0c\u524d\u4e2d\u671f\u795e\u4f5c\uff0c\u540e\u671f\u6c34\u4e16\u754c"}, {"userName": "\u814c\u841d\u767d", "userReviewDate": "2018-06-05", "userURL": "https://my.qidian.com/user/123846185", "userReview": "*********************[fn=31]"}, {"userName": "\u8ba9\u4e00\u4e2a\u66f4\u597d", "userReviewDate": "2018-06-05", "userURL": "https://my.qidian.com/user/222389919", "userReview": "\u68d2\u68d2\uff01\uff01\uff01:"}, {"userName": "\u6731\u67d0\u4eba\u7684\u5c0f\u8bf4\u65f6\u95f4", "userReviewDate": "2018-06-05", "userURL": "https://my.qidian.com/user/222598665", "userReview": "\u6211\u8ba8\u538c\u00f2\u11ba\u00f3\u620f\u5b50\uff0c\u56e0\u4e3a\u6211\u6709\u70b9\u76f4\u7537\u5ba1\u7f8e\u3002"}, {"userName": "\u6731\u67d0\u4eba\u7684\u5c0f\u8bf4\u65f6\u95f4", "userReviewDate": "2018-06-05", "userURL": "https://my.qidian.com/user/222598665", "userReview": "\u6211\u770b\uffe3 \uffe3)\u03c3\u7b80\u4ecb\u7684\uff0c\u63a8\u5012\uff0c\u4e0d\u4f1a\u662f\u771f\u63a8\u4e86\u5427\u3002"}], "description": "\u661f\u6d77\u6f2b\u6e38\uff0c\u65f6\u7a7a\u7a7f\u68ad\uff0c\u673a\u68b0\u79d1\u6280\uff0c\u76ee\u6807\u662f\u672a\u77e5\u7684\u661f\u8fb0\u5927\u6d77\uff01", "title": "\u4e3b\u89d2\u5b9a\u5236", "url": "https://book.qidian.com/info/1011962232", "average": -1.0, "cover": "//qidian.qpic.cn/qdbimg/349573/1011962232/180", "reviews": -1, "authors": [{"url": "https://me.qidian.com/authorIndex.aspx?id=402057650", "name": "\u7fe9\u9e4a"}], "type": ["\u79d1\u5e7b", "\u672a\u6765\u4e16\u754c"], "outlinks": ["https://book.qidian.com/info/1011962232", "https://book.qidian.com/info/1010463703", "https://book.qidian.com/info/1010463703", "https://book.qidian.com/info/1010766670", "https://book.qidian.com/info/1010766670", "https://book.qidian.com/info/1010691333", "https://book.qidian.com/info/1010691333", "https://book.qidian.com/info/1010652335", "https://book.qidian.com/info/1010652335", "https://book.qidian.com/info/1010890987", "https://book.qidian.com/info/1010890987", "https://book.qidian.com/info/1009999768", "https://book.qidian.com/info/1009999768", "https://book.qidian.com/info/1011814764", "https://book.qidian.com/info/1011636462", "https://book.qidian.com/info/1012011143", "https://book.qidian.com/info/1011989615", "https://book.qidian.com/info/1011979302", "https://book.qidian.com/info/1011962232", "https://book.qidian.com/info/1012020634", "https://book.qidian.com/info/1011923738", "https://book.qidian.com/info/1012020834", "https://book.qidian.com/info/1011973977"]}