{"ratings": 0.0, "userreviews": [{"userName": "OtherGods", "userReviewDate": "2017-07-10", "userURL": "https://my.qidian.com/user/191892024", "userReview": "OtherGods\u6253\u8d4f\u91ce\u5c71\u9ed1\u732a 100000\u8d77\u70b9\u5e01\u3000\u8fd9\u672c\u4e66\u592a\u68d2\u4e86\uff01\u7292\u52b3\u4e00\u4e0b\uff0c\u5e0c\u671b\u540e\u7eed\u66f4\u7cbe\u5f69"}, {"userName": "\u91ce\u5c71\u9ed1\u732a", "userReviewDate": "2017-06-16", "userURL": "https://my.qidian.com/user/161352436", "userReview": "\u672c\u4e66\u6700\u5927\u7684\u8c1c\u56e2\uff0c\u5f90\u5f90\u89e3\u5f00\u4e86\uff01\u300a\u4e3b\u89d2\u730e\u6740\u8005\u300b\u7684\u4e66\u76ee\uff0c\u5176\u5b9e\u662f\u6700\u5927\u7684\u53cd\u8bbd\u523a\u3002\u4eba\u7c7b\u7edd\u975e\u4e3b\u89d2\uff0c\u53ea\u662f\u88ab"}, {"userName": "\u91ce\u5c71\u9ed1\u732a", "userReviewDate": "2017-01-13", "userURL": "https://my.qidian.com/user/161352436", "userReview": "\u8bf7\u5927\u5bb6\u5173\u6ce8\u8001\u732a\u7684\u5fae-\u4fe1\u516c\u4f17\u53f7\uff0c\u6253\u5f00\u5fae-\u4fe1\uff0c\u641c\u7d22\u201c\u91ce\u5c71\u4e0a\u7684\u9ed1\u732a\u201d\u5fae-\u4fe1\u516c\u4f17\u53f7\uff0c\u52a0\u5173\u6ce8\u3002\u8001\u732a\u4e0d"}, {"userName": "OtherGods", "userReviewDate": "2016-03-02", "userURL": "https://my.qidian.com/user/191892024", "userReview": "OtherGods\u6253\u8d4f\u91ce\u5c71\u9ed1\u732a 100000\u8d77\u70b9\u5e01\u3000\u8fd9\u672c\u4e66\u592a\u68d2\u4e86\uff01\u7292\u52b3\u4e00\u4e0b\uff0c\u5e0c\u671b\u540e\u7eed\u66f4\u7cbe\u5f69"}, {"userName": "\u84dd\u6865\u591c\u5bd2", "userReviewDate": "2018-06-06", "userURL": "https://my.qidian.com/user/303810909", "userReview": "\u5176\u5b9e\u5199\u7684\u8fd8\u597d\u5566\uff0c\u5c31\u7b97\u6ca1\u6709\u8fbe\u5230\u5f20\u5927\u90a3\u4e2a\u6c34\u5e73\uff0c\u4e5f\u6bd4\u5927\u591a\u6570\u65e0\u9650\u6d41\u8981\u597d\u4e86"}, {"userName": "\u4e66\u53cb20161229175959664", "userReviewDate": "2018-06-06", "userURL": "https://my.qidian.com/user/227476445", "userReview": "\u4f5c\u8005\u541b\uff0c\u4f60TM\u6ca1\u89c1\u8fc7\u5973\u4eba\uff0c\u73b0\u5b9e\u4e2d\u4f60\u662f\u4e0d\u662f\u4e2a\u592a\u76d1\uff1f\u9633\u75ff\uff1f\u65e9\u6cc4\uff1f\u624d\u5728\u4e66\u4e2d\u53d1\u6cc4\uff0c\u8bf7\u4f60\u522b\u5199\u5c0f\u8bf4\u4e86\uff0c"}, {"userName": "\u4e66\u53cb161007153740914", "userReviewDate": "2018-06-05", "userURL": "https://my.qidian.com/user/223862040", "userReview": "\u7b7e\u5230\u6c34\u7ecf\u9a8c"}, {"userName": "\u4e66\u53cb161007153740914", "userReviewDate": "2018-06-05", "userURL": "https://my.qidian.com/user/223862040", "userReview": "\u7b7e\u5230\u6c34\u7ecf\u9a8c"}, {"userName": "\u5e73\u6de1\u7684\u4e00\u592912138", "userReviewDate": "2018-06-05", "userURL": "https://my.qidian.com/user/302058480", "userReview": "\u8fd8\u6ca1\u770b\uff0c\u4f46\u770b\u4e86\u8bc4\u8bba\uff0c\u8bc4\u8bba\u8bf4\u8fd9\u4e66\u524d\u671f\u8fd8\u884c\uff0c\u540e\u671f\u5d29\u4e86"}, {"userName": "\u897f\u65b9\u7684\u5996\u4e91", "userReviewDate": "2018-06-05", "userURL": "https://my.qidian.com/user/228344580", "userReview": "\u7c3d\u5230\u9700\u4e94\u5b57"}, {"userName": "\u7434\u5f26\u4e5d\u6b4c", "userReviewDate": "2018-06-04", "userURL": "https://my.qidian.com/user/195243532", "userReview": "\u6211\u90fd\u770b\u5230\u8fc7\u8fd9\u672c\u4e66\u597d\u591a\u6b21\u4e86\uff0c\u4f46\u662f\u6bcf\u6b21\u90fd\u8d25\u9000\u5728\u7b80\u4ecb\u7684\u7f8e\u5973\u4e4b\u4e2d"}, {"userName": "\u4e66\u53cb170201133558504", "userReviewDate": "2018-06-02", "userURL": "https://my.qidian.com/user/228928828", "userReview": "\u524d\u9762\u4e3b\u89d2\u8fd8\u633a\u806a\u660e\u7684\uff0c\u8d8a\u5f80\u540e\u667a\u5546\u8d8a\u4f4e\uff0c\u914d\u89d2\u4e5f\u662f\u8d8a\u5f80\u540e\u8d8a\u6c99\u5e01"}, {"userName": "\u96e8\u4e2d\u5446\u5b50", "userReviewDate": "2018-05-30", "userURL": "https://my.qidian.com/user/136095278", "userReview": "\u4e66\u5f88\u597d\uff0c\u5c31\u662f\u6570\u636e\u6709\u4e9b\u4e71\u3002\u3002\u3002\u4e00\u4f1a\u5185\u529b\u5feb100\u4e00\u4f1a\u53c850   \u9b45\u529b\u4e00\u4f1a1 \u7136\u540e\u52a0\u5168\u5c5e\u6027\u7279\u610f\u4ea4"}, {"userName": "821394111", "userReviewDate": "2018-05-27", "userURL": "https://my.qidian.com/user/132478169", "userReview": "\u6211\u611f\u89c9\u4ece\u5c01\u795e\u699c\u4e09\u751f\u4e09\u4e16\u5f00\u59cb\u597d\u50cf\u6362\u4e86\u4e2a\u4f5c\u8005\uff0c\u524d\u540e\u725b\u5934\u4e0d\u5bf9\u9a6c\u5634"}], "description": "\u661f\u6d77\u6f2b\u6e38\uff0c\u65f6\u7a7a\u7a7f\u68ad\uff0c\u673a\u68b0\u79d1\u6280\uff0c\u76ee\u6807\u662f\u672a\u77e5\u7684\u661f\u8fb0\u5927\u6d77\uff01", "title": "\u4e3b\u89d2\u730e\u6740\u8005", "url": "https://book.qidian.com/info/3681607", "average": -1.0, "cover": "//qidian.qpic.cn/qdbimg/349573/3681607/180", "reviews": -1, "authors": [{"url": "https://me.qidian.com/authorIndex.aspx?id=3348102", "name": "\u91ce\u5c71\u9ed1\u732a"}], "type": ["\u79d1\u5e7b", "\u65f6\u7a7a\u7a7f\u68ad", "\u4e8c\u6b21\u5143"], "outlinks": ["https://book.qidian.com/info/3681607", "https://book.qidian.com/info/1010830086", "https://book.qidian.com/info/1010830086", "https://book.qidian.com/info/1010242566", "https://book.qidian.com/info/1010242566", "https://book.qidian.com/info/1010942512", "https://book.qidian.com/info/1010942512", "https://book.qidian.com/info/1010474128", "https://book.qidian.com/info/1010474128", "https://book.qidian.com/info/1010293035", "https://book.qidian.com/info/1010293035", "https://book.qidian.com/info/1010314675", "https://book.qidian.com/info/1010314675", "https://book.qidian.com/info/3174115", "https://book.qidian.com/info/3174115", "https://book.qidian.com/info/3636364", "https://book.qidian.com/info/3636364", "https://book.qidian.com/info/1011641319", "https://book.qidian.com/info/1011641319", "https://book.qidian.com/info/1011814764", "https://book.qidian.com/info/1011636462", "https://book.qidian.com/info/1012011143", "https://book.qidian.com/info/1011989615", "https://book.qidian.com/info/1011979302", "https://book.qidian.com/info/1011962232", "https://book.qidian.com/info/1012020634", "https://book.qidian.com/info/1011923738", "https://book.qidian.com/info/1012020834", "https://book.qidian.com/info/1011973977"]}