{"ratings": 0.0, "userreviews": [{"userName": "\u7075\u77f3\u4e0a\u4eba", "userReviewDate": "12\u5c0f\u65f6\u524d", "userURL": "https://my.qidian.com/user/103268439", "userReview": "\u65b0\u5c01\u9762...\u539f\u6765\u662f \u4e3b\u89d2\u5f00\u59cb \u6bd4\u8f83\u5927\uff0c\u73b0\u5728\u662f \u62a5\u56e2\u5566 \u6bd4\u8f83\u5927\uff1f"}, {"userName": "\u7075\u77f3\u4e0a\u4eba", "userReviewDate": "14\u5c0f\u65f6\u524d", "userURL": "https://my.qidian.com/user/103268439", "userReview": "\u4eca\u59295\u5f20\u54e6\uff0c\u8bdd\u8bf4\u4e3b\u89d2\u4eec\u597d\u50cf\u4e00\u76f4\u662f\u5bf9\u6297\u8bf6\uff0c\u4ec0\u4e48\u65f6\u5019\u6709\u5404\u79cd\u6d41\u7684\u4e3b\u89d2\u62a5\u56e2\u4e00\u8d77\u7684\u5267\u60c5\u554a"}, {"userName": "\u8bd7\u4f73\u543e\u7231", "userReviewDate": "18\u5c0f\u65f6\u524d", "userURL": "https://my.qidian.com/user/225332162", "userReview": "\u6211\u5728\u5927\u773c\u73e0\u5b50\u7684\u65b0\u4e66\u7684\u4e66\u8bc4\u533a\u6d3b\u6349\u4e86\u4e00\u4e2a\u677e\u5b50"}, {"userName": "\u6728\u6709\u5e26\u8282\u64cd", "userReviewDate": "\u6628\u65e510:40", "userURL": "https://my.qidian.com/user/171933939", "userReview": "\u4f5c\u8005\u59ec\u9019\u672c\u66f8\u662f\u7d14\u611b\u6587\u9084\u662f\u5f8c\u5bae\u6587\u3002"}, {"userName": "\u6211\u6c38\u8fdc\u559c\u6b22\u73c2\u6735\u8389", "userReviewDate": "\u6628\u65e503:23", "userURL": "https://my.qidian.com/user/308726593", "userReview": "\u95ee\u4e00\u672c\u4e66\uff0c\u662f\u516c\u6284\u6587\uff0c\u4e3b\u89d2\u6284\u4e86\u300a\u767d\u591c\u884c\u300b\u8fd8\u662f\u4e0a\u67b6\u4e00\u7ae0\u5b8c\u672c\u7684\uff0c\u5fd8\u4e86\u53eb\u4ec0\u4e48\u4e86\uff0c\u6709\u5927\u4f6c\u544a\u8bc9\u4e00\u4e0b\u5417\uff1f"}, {"userName": "\u672c\u68f5\u7eaa\u5e74", "userReviewDate": "\u6628\u65e501:42", "userURL": "https://my.qidian.com/user/215196190", "userReview": "\u5624\u5624\u5624\u8fd9\u672c\u4e66\u7b80\u4ecb\u628a\u4e16\u754c\u8bbe\u5b9a\u8bf4\u5b8c\u4e86QAQ\u63a8\u8350\u8bed\u6ca1\u6cd5\u6c34\u5b57\u6570\u4e86\uff0c\u62ff\u7b80\u4ecb\u6765\u51d1\u5b57\u6570~QAQ"}, {"userName": "\u4e94\u4e94\u5f00k", "userReviewDate": "2018-06-07", "userURL": "https://my.qidian.com/user/305097456", "userReview": "\u4f60\u4eec\u8bf4\u9f99\u5578\u4e91\u7684\u706f\u82af\u4f1a\u4e0d\u4f1a\u662f\u674e\u5bfb\u6b22[fn=39][fn=39]"}, {"userName": "hzr123", "userReviewDate": "2018-06-07", "userURL": "https://my.qidian.com/user/311685577", "userReview": "\u7b7e\u5230\u697c\u5927\u5bb6\u6765\u7b7e\u5230"}, {"userName": "\u6211\u7684\u59b9\u59b9\u53eb\u96cf\u75301300", "userReviewDate": "2018-06-07", "userURL": "https://my.qidian.com/user/316931946", "userReview": "\u7b7e\u5230\u5566\u4f60\u548b\u5566"}, {"userName": "\u6211\u6b32\u5316\u9053\u53bb", "userReviewDate": "2018-06-06", "userURL": "https://my.qidian.com/user/219083307", "userReview": "\u4e3b\u89d2\u62b1\u56e2\uff0c\u6069\uff0c\u6211\u5e0c\u671b\u674e\u58a8\u3001\u9648\u6602\u3001\u674e\u8d8a\u7ec4\u56e2\u3002\u65b9\u5bd2\u3001\u65b9\u6e90\u3001\u97e9\u7acb\u3001\u738b...."}, {"userName": "\u6211\u7684\u59b9\u59b9\u53eb\u96cf\u75301257", "userReviewDate": "2018-06-05", "userURL": "https://my.qidian.com/user/316919122", "userReview": "\u8fc7\u6765\u4e5f\u7b7e\u4e2a\u5230"}, {"userName": "\u8bd7\u4f73\u543e\u7231", "userReviewDate": "2018-06-05", "userURL": "https://my.qidian.com/user/225332162", "userReview": "\u5927\u80f8\u5f1f\uff0c\u4f20\u706b\u4e0d\uff1f"}, {"userName": "\u5f53\u5f52\u767d\u82b7\u8f66\u524d\u5b50", "userReviewDate": "2018-06-04", "userURL": "https://my.qidian.com/user/308732030", "userReview": "\u4f60\u8981\u662f\u628a\u809a\u5b50\u5706\u5728\u7ed3\u5c3e\u5f04\u51fa\u6765\uff0c\u6211\u5c31\u670d\u4f60"}, {"userName": "\u58a8\u9633\u5929\u822a", "userReviewDate": "2018-06-03", "userURL": "https://my.qidian.com/user/225117521", "userReview": "\u5192\u4e2a\u6ce1\u2026\u2026\u7136\u540e\u4e0d\u591f\u4e94\u4e2a\u5b57"}], "description": "\u30102018\u8d77\u70b9\u4ed9\u4fa0\u6d41\u6d3e\u5f81\u6587\u3011\u53c2\u8d5b\u4f5c\u54c1", "title": "\u4e3b\u89d2\u5f00\u59cb\u62b1\u56e2\u5566", "url": "https://book.qidian.com/info/1012176045", "average": -1.0, "cover": "//qidian.qpic.cn/qdbimg/349573/1012176045/180", "reviews": -1, "authors": [{"url": "https://me.qidian.com/authorIndex.aspx?id=3640827", "name": "\u5bfb\u96fe\u8005"}], "type": ["\u4ed9\u4fa0", "\u5e7b\u60f3\u4fee\u4ed9"], "outlinks": ["https://book.qidian.com/info/1012176045", "https://book.qidian.com/info/1009841226", "https://book.qidian.com/info/1009841226", "https://book.qidian.com/info/1004073922", "https://book.qidian.com/info/1004073922", "https://book.qidian.com/info/1004179514", "https://book.qidian.com/info/1004179514", "https://book.qidian.com/info/1004183090", "https://book.qidian.com/info/1004183090", "https://book.qidian.com/info/1003899336", "https://book.qidian.com/info/1003899336", "https://book.qidian.com/info/1007386189", "https://book.qidian.com/info/1007386189", "https://book.qidian.com/info/3217347", "https://book.qidian.com/info/3217347", "https://book.qidian.com/info/1004071015", "https://book.qidian.com/info/1004071015", "https://book.qidian.com/info/1009841226", "https://book.qidian.com/info/1009841226", "https://book.qidian.com/info/1010327039", "https://book.qidian.com/info/1012016027", "https://book.qidian.com/info/1011630501", "https://book.qidian.com/info/1012010192", "https://book.qidian.com/info/1011834598", "https://book.qidian.com/info/1011672705", "https://book.qidian.com/info/1011966835", "https://book.qidian.com/info/1011940680", "https://book.qidian.com/info/1011491390", "https://book.qidian.com/info/1011995376"]}