{"ratings": 0.0, "userreviews": [{"userName": "\u9006\u2642\u6218", "userReviewDate": "2018-06-02", "userURL": "https://my.qidian.com/user/212257942", "userReview": "\u4e00\u4e2a\u4e2a\u5168\u662f\u50bb.\u540a\uff0c\u4e3b\u89d2\u6709\u91d1\u624b\u6307\uff0c\u4e3a\u4ec0\u4e48\u5c31\u4e0d\u80fd\u662f\u6c49\u65cf\uff1f\u4ec0\u4e48\u878d\u5408\u5f53\u5730\u7279\u8272\uff0c\u96be\u9053\u8981\u53d8\u7f8e\u5e1d\u4eba\uff1f\u7528\u91d1"}, {"userName": "\u6b8b\u971c\u6708", "userReviewDate": "2018-05-26", "userURL": "https://my.qidian.com/user/111598771", "userReview": "\u4f60\u7684\u5929\u4e0b\u68cb\u5c40\u5462"}, {"userName": "\u4e14\u770b\u6c49\u5bb6\u90ce", "userReviewDate": "2018-05-09", "userURL": "https://my.qidian.com/user/215473204", "userReview": "\u5199\u7684\u4e0d\u9519\uff0c\u4f5c\u8005\u8d76\u5feb\u5f00\u65b0\u4e66\u5427\uff0c\u6700\u597d\u4e0d\u8981\u52a0\u7cfb\u7edf"}, {"userName": "\u4e0d\u6298\u5929\u5802", "userReviewDate": "2018-05-08", "userURL": "https://my.qidian.com/user/212480973", "userReview": "\u671f\u5f85\u4f5c\u8005\u7684\u4e0b\u4e00\u672c\u4e66"}, {"userName": "ljldas", "userReviewDate": "2018-05-06", "userURL": "https://my.qidian.com/user/229269272", "userReview": "\u4e00\u7fa4\u9a82\u6c11\u65cf\u4e3b\u4e49\u7684\u4eba\uff0c\u771f\u662f\u60b2\u54c0\uff0c\u4e3b\u4f53\u6c11\u65cf\u88ab\u6253\u538b\uff0c\u4e3b\u6c11\u65cf\u7cbe\u795e\u88ab\u5404\u79cd\u8fb9\u7f18\u5316\uff0c\u8fde\u81ea\u5df1\u6c11\u65cf\u90fd\u9a82\uff0c\u771f\u662f"}, {"userName": "\u4e66\u53cb20170123212051717", "userReviewDate": "2018-04-28", "userURL": "https://my.qidian.com/user/228686185", "userReview": "\u4e3b\u89d2\u4eff\u4f5b\u667a\u969c\u2026\u2026\u4e00\u80a1\u6d53\u6d53\u7684\u4e2d\u4e8c\u75c5\u548c\u76f2\u76ee\u5927\u6c49\u65cf\u4e3b\u4e49"}, {"userName": "\u53c8\u95fb\u5b50\u89c4\u9e23\u6ce3\u65f6", "userReviewDate": "2018-04-17", "userURL": "https://my.qidian.com/user/221353602", "userReview": "\u8fd9\u7f51\u6587\u90fd\u80fd\u63a8\u8350\uff1f\u770b\u7b80\u4ecb\u6211\u5c31\u65e0\u8bed\uff0c\u4f60\u662f\u5927\u97e9\u6c11\u65cf\u5427\uff0c\u771f\u80fdYY\u3002"}, {"userName": "\u4e66\u53cb20180404214350601", "userReviewDate": "2018-04-09", "userURL": "https://my.qidian.com/user/315360353", "userReview": "\u6c34\u7ecf\u9a8c\u3002\u53ef\u4ee5\u7684"}, {"userName": "\u968f\u4fbf\u8d70\u8d70\u901b\u901b\u6478\u6478", "userReviewDate": "2018-04-03", "userURL": "https://my.qidian.com/user/215844380", "userReview": "\u8fa3\u9e21\u4e66\uff0c\u4e00\u7ae0\u90fd\u770b\u4e0d\u73a9"}, {"userName": "\u8ff7\u9189\u7684\u5fc3", "userReviewDate": "2018-03-27", "userURL": "https://my.qidian.com/user/134246444", "userReview": "\u5c31\u8fd9\u4e66\u8fd8\u4e0a\u63a8\u8350\uff0c\u771f\u4e0d\u77e5\u9053\u600e\u4e48\u60f3\u7684."}, {"userName": "\u76f8\u5fd8\u4e8e\u6c5f\u6e56LT", "userReviewDate": "2018-03-18", "userURL": "https://my.qidian.com/user/190685677", "userReview": "\u6211\u867d\u7136\u662f\u7687\u6c49\uff0c\u4f46\u770b\u4e0d\u4e0b\u53bb\u4e86\uff0c\u7b2c\u4e00\u7ae0\u6709\u6bd2"}, {"userName": "91115615", "userReviewDate": "2018-03-18", "userURL": "https://my.qidian.com/user/5336632", "userReview": "\u6240\u6709\u7684\u6c49\u4eba\u90fd\u5f53\u8fc7\u987a\u6c11(\u5143\u8499\u3001\u6ee1\u6e05\u65f6\u671f\uff0c\uff0c\u6ca1\u6709\u5565\u810a\u6881\u65ad\u4e86\u8fd9\u4e2a\u8bf4\u6cd5\uff0c\u987a\u4e5f\u662f\u56e0\u751f\u5b58\uff0c\u53cd\u4e5f\u662f\u4e3a\u751f\u5b58"}, {"userName": "\u6d1b\u6797\u7684\u9a91\u58eb", "userReviewDate": "2018-02-27", "userURL": "https://my.qidian.com/user/308644214", "userReview": "\u7eaa\u5ff5\u7891\uff01\uff01"}, {"userName": "\u4e66\u53cb151217215148264", "userReviewDate": "2018-01-27", "userURL": "https://my.qidian.com/user/213855054", "userReview": "\u8fd9\u6bc1\u4eba\u751f\u7684\u4e66\u8fd8\u4e0d\u6d88\u9664"}], "description": "\u9192\u638c\u5929\u4e0b\u6743\uff0c\u9189\u5367\u7f8e\u4eba\u819d\uff0c\u4e94\u5343\u5e74\u98ce\u534e\u70df\u96e8\uff0c\u662f\u975e\u6210\u8d25\u8f6c\u5934\u7a7a\uff01", "title": "1451\u4e4b\u4e89\u96c4\u6b27\u9646", "url": "https://book.qidian.com/info/1009598351", "average": -1.0, "cover": "//qidian.qpic.cn/qdbimg/349573/1009598351/180", "reviews": -1, "authors": [{"url": "https://me.qidian.com/authorIndex.aspx?id=11279122", "name": "\u6447\u5934\u6643\u5deb"}], "type": ["\u5386\u53f2", "\u67b6\u7a7a\u5386\u53f2"], "outlinks": ["https://book.qidian.com/info/1009598351", "https://book.qidian.com/info/1010891668", "https://book.qidian.com/info/1010891668", "https://book.qidian.com/info/1010922971", "https://book.qidian.com/info/1010922971", "https://book.qidian.com/info/1009378477", "https://book.qidian.com/info/1009378477", "https://book.qidian.com/info/1009942152", "https://book.qidian.com/info/1009942152", "https://book.qidian.com/info/1010939538", "https://book.qidian.com/info/1010939538", "https://book.qidian.com/info/1010800497", "https://book.qidian.com/info/1010800497", "https://book.qidian.com/info/1011553813", "https://book.qidian.com/info/1011553813", "https://book.qidian.com/info/1011800596", "https://book.qidian.com/info/1010891668", "https://book.qidian.com/info/1011773910", "https://book.qidian.com/info/1011783347", "https://book.qidian.com/info/1011643843", "https://book.qidian.com/info/1011476924", "https://book.qidian.com/info/1011635441", "https://book.qidian.com/info/1009999928", "https://book.qidian.com/info/1006932473", "https://book.qidian.com/info/1005080011"]}