{"ratings": 0.0, "userreviews": [{"userName": "\u518d\u6b21\u7b49\u5019", "userReviewDate": "2018-02-06", "userURL": "https://my.qidian.com/user/157387146", "userReview": "\u660e\u767d\u65b0\u4eba\u4f5c\u8005\u7684\u4e0d\u6613\uff0c\u4e5f\u66fe\u7ecf\u662f\u65b0\u4eba\u3002\u4f46\u5e7f\u544a\u5b9e\u5728\u592a\u591a\uff0c\u5f71\u54cd\u4e66\u53cb\u4eec\u7684\u8ba8\u8bba\u3002\u53ea\u80fd\u62b1\u6b49\u3002\u5e0c\u671b\u5e7f\u544a\u90fd\u96c6"}, {"userName": "\u8f69\u8f95\u7d2b\u591cm", "userReviewDate": "7\u5c0f\u65f6\u524d", "userURL": "https://my.qidian.com/user/302251248", "userReview": "\u7b7e\u5230\u6df7\u7ecf\u9a8c"}, {"userName": "\u4e66\u866b\u9a7e\u5230", "userReviewDate": "13\u5c0f\u65f6\u524d", "userURL": "https://my.qidian.com/user/211508467", "userReview": "\u6211\u4e24\u5929\u770b\u5b8c\u4e8c\u767e\u591a\u7ae0\u4e0d\u5bb9\u6613\uff0c\u4e00\u5f00\u59cb\u771f\u5fc3\u6df7\u4e71\u548c\u5176\u5b83\u7f51\u6587\u5957\u8def\u4e0d\u540c\u5dee\u70b9\u770b\u4e0d\u4e0b\u53bb\u5f03\u4e66\uff0c\u4f46\u8ba2\u9605\u770b\u5b8c\u771f\u5fc3"}, {"userName": "\u6e05\u98ce\u30b3\u660e\u6708", "userReviewDate": "14\u5c0f\u65f6\u524d", "userURL": "https://my.qidian.com/user/104783230", "userReview": "\u5361\u5947\u5c3c\u4e9a \u8981\u641e\u5927\u4e8b"}, {"userName": "\u5415\u5929\u867e13637", "userReviewDate": "16\u5c0f\u65f6\u524d", "userURL": "https://my.qidian.com/user/316871454", "userReview": "\u7b7e\u5230\uff0c\u6c34\u7ecf\u9a8c\u3002"}, {"userName": "\u5b81\u9759\u81f4\u8fdcooooo", "userReviewDate": "\u6628\u65e513:06", "userURL": "https://my.qidian.com/user/308995809", "userReview": "\u672c\u4e66\u8001\u6210\u89c1\u8bc6\u6df1\u7684\u4eba\u770b\u7684\u61c2\uff0c\u5bf9\u4e66\u4e2d\u90a3\u4e2a\u65f6\u4ee3\u5404\u79cd\u4eba\u7269\u6240\u4ee3\u8868\u7684\u89d2\u8272\u8ba4\u8bc6\u6df1\u523b\uff0c\u6bcf\u4e2a\u914d\u89d2\u620f\u6240\u4ee3\u8868\u7684\u4eba"}, {"userName": "xiaoshi1988", "userReviewDate": "\u6628\u65e513:06", "userURL": "https://my.qidian.com/user/215417169", "userReview": "\u7b7e\u5230\u6c34\u7ecf\u9a8c"}, {"userName": "\u51b7\u5374\u7684\u70df\u82b1", "userReviewDate": "\u6628\u65e508:49", "userURL": "https://my.qidian.com/user/114453398", "userReview": "\u770b\u7684\u633a\u618b\u5c48\u7684\uff0c\u5927\u90e8\u5206\u5546\u4e1a\u6d3b\u52a8\uff0c\u4e8b\u4e1a\u89c4\u5212\uff0c\u540e\u8fb9\u90fd\u6709\u4e00\u4e2a\u4e2a\u8ba4\u8bc6\u6216\u8005\u521a\u8ba4\u8bc6\u6ca1\u51e0\u5929\u7684\u5973\u4eba\u7684\u5f71\u5b50\uff0c\u4e0d"}, {"userName": "\u6276\u5200", "userReviewDate": "\u6628\u65e507:59", "userURL": "https://my.qidian.com/user/301411652", "userReview": "\u8d8a\u6765\u8d8a\u7cbe\u5f69\u4e86\u3002\u3002\u3002"}, {"userName": "\u4e66\u53cb160924181330634", "userReviewDate": "\u6628\u65e501:37", "userURL": "https://my.qidian.com/user/223218008", "userReview": "\u63a8\u8350\u7968\u4e00\u5f20"}, {"userName": "\u75af\u72c2\u6bdb\u54e5", "userReviewDate": "2018-06-07", "userURL": "https://my.qidian.com/user/301597054", "userReview": "\u6211\u5c31\u60f3\u65ad\u66f4\u4ec0\u4e48\u610f\u601d"}, {"userName": "\u4e66\u53cb20170517184219482", "userReviewDate": "2018-06-07", "userURL": "https://my.qidian.com/user/301822714", "userReview": "\u4eca\u5929\u548b\u6ca1\u66f4[fn=11]"}, {"userName": "\u4fe1\u8005\u65e0\u654c", "userReviewDate": "2018-06-07", "userURL": "https://my.qidian.com/user/165056385", "userReview": "\u6700\u8fd1\u6279\u8bc4\u7684\u4eba\u5f88\u591a\u554a\uff0c\u4f46\u8bf4\u5b9e\u8bdd\uff0c\u524d100\u591a\u7ae0\u786e\u5b9e\u5f88\u8650\u3002\u6211\u57fa\u672c\u4e0d\u770b\u4e86\uff0c\u4ece\u8346\u5efa\u51fa\u56fd\u5f00\u59cb\uff0c\u624d\u8fdb\u5165\u6b63"}, {"userName": "\u6635\u79f0\u5df2\u65e5\u671f", "userReviewDate": "2018-06-07", "userURL": "https://my.qidian.com/user/217865696", "userReview": "\u597d\u4e66\u3002\u529d\u544a\u4f5c\u8005\u4e00\u53e5\uff0c\u60f3\u5199\u597d\u4e66\u5c31\u522b\u770b\u8bc4\u8bba\u3002\u4f1a\u62c9\u4f4e\u4f60\u7684\u667a\u5546\u3002"}], "description": "\u91cd\u751f\u8fc7\u53bb\u3001\u7545\u60f3\u672a\u6765\u3001\u68a6\u5e7b\u73b0\u5b9e\uff0c\u518d\u5851\u4f20\u5947\u4eba\u751f\uff01", "title": "1984\u4e4b\u72c2\u6f6e", "url": "https://book.qidian.com/info/1009808732", "average": -1.0, "cover": "//qidian.qpic.cn/qdbimg/349573/1009808732/180", "reviews": -1, "authors": [{"url": "https://me.qidian.com/authorIndex.aspx?id=3193168", "name": "\u518d\u6b21\u7b49\u5019"}], "type": ["\u90fd\u5e02", "\u90fd\u5e02\u751f\u6d3b"], "outlinks": ["https://book.qidian.com/info/1009808732", "https://book.qidian.com/info/1005983537", "https://book.qidian.com/info/1005983537", "https://book.qidian.com/info/1010709881", "https://book.qidian.com/info/1010709881", "https://book.qidian.com/info/1010674217", "https://book.qidian.com/info/1010674217", "https://book.qidian.com/info/1010101258", "https://book.qidian.com/info/1010101258", "https://book.qidian.com/info/1010908372", "https://book.qidian.com/info/1010908372", "https://book.qidian.com/info/1009859779", "https://book.qidian.com/info/1009859779", "https://book.qidian.com/info/2613446", "https://book.qidian.com/info/2613446", "https://book.qidian.com/info/1011932150", "https://book.qidian.com/info/1012029544", "https://book.qidian.com/info/1012015699", "https://book.qidian.com/info/1012018201", "https://book.qidian.com/info/1011879101", "https://book.qidian.com/info/1011790606", "https://book.qidian.com/info/1011971435", "https://book.qidian.com/info/1009695534", "https://book.qidian.com/info/1011890878", "https://book.qidian.com/info/1010537314"]}