{"ratings": 0.0, "userreviews": [{"userName": "hjjkk66", "userReviewDate": "2018-06-07", "userURL": "https://my.qidian.com/user/19036431", "userReview": "\u5f88\u597d\u770b\u554a\uff0c\u771f\u7684\u597d\u770b\uff01"}, {"userName": "\u5e0c\u884c\u7684\u8111\u6b8b\u7c89", "userReviewDate": "2018-06-05", "userURL": "https://my.qidian.com/user/313197309", "userReview": "\u8fd9\u7b80\u4ecb\u2026\n"}, {"userName": "\u9690\u8005x94", "userReviewDate": "2018-06-03", "userURL": "https://my.qidian.com/user/200734166", "userReview": "\u516d\u5f20\u63a8\u8350\u7968\u9001\u4e0a\u52a0\u6cb9"}, {"userName": "\u767e\u91cc\u6311\u58f9", "userReviewDate": "2018-06-03", "userURL": "https://my.qidian.com/user/211114399", "userReview": "\u7ecf\u9a8c\u4e0e\u6211\u540c\u5728"}, {"userName": "\u767e\u91cc\u6311\u58f9", "userReviewDate": "2018-06-03", "userURL": "https://my.qidian.com/user/211114399", "userReview": "\u7b7e\u5230\u6c34\u7ecf\u9a8c"}], "description": "\u9752\u7816\u7eff\u74e6\uff0c\u964c\u4e0a\u82b1\u5f00\u9999\u67d3\u8863\uff1b\u6731\u95e8\u7d2b\u6bbf\uff0c\u7d20\u624b\u6458\u661f\u9713\u4f5c\u88f3\u3002", "title": "\u4e50\u82b3\u83f2", "url": "https://book.qidian.com/info/1011961421", "average": -1.0, "cover": "//qidian.qpic.cn/qdbimg/349573/1011961421/180", "reviews": -1, "authors": [{"url": "https://me.qidian.com/authorIndex.aspx?id=2420195", "name": "\u5c24\u52a0\u5229"}], "type": ["\u53e4\u4ee3\u8a00\u60c5", "\u53e4\u5178\u67b6\u7a7a"], "outlinks": ["https:https://book.qidian.com/info/1011421405?qd_game_key=1011421405&qd_dd_p1=11272", "https://book.qidian.com/info/1011961421", "https://book.qidian.com/info/1005314353", "https://book.qidian.com/info/1005314353", "https://book.qidian.com/info/1010073292", "https://book.qidian.com/info/1010073292", "https://book.qidian.com/info/3606083", "https://book.qidian.com/info/3606083", "https://book.qidian.com/info/1004854383", "https://book.qidian.com/info/1004854383", "https://book.qidian.com/info/1004144781", "https://book.qidian.com/info/1004144781", "https://book.qidian.com/info/1004974953", "https://book.qidian.com/info/1004974953", "https://book.qidian.com/info/1955046", "https://book.qidian.com/info/1955046", "https://book.qidian.com/info/2205314", "https://book.qidian.com/info/2205314", "https://book.qidian.com/info/2380007", "https://book.qidian.com/info/2380007", "https://book.qidian.com/info/3254537", "https://book.qidian.com/info/3254537", "https://book.qidian.com/info/3491189", "https://book.qidian.com/info/3491189", "https://book.qidian.com/info/3683197", "https://book.qidian.com/info/3683197", "https://book.qidian.com/info/1003610308", "https://book.qidian.com/info/1003610308", "https://book.qidian.com/info/1009887334", "https://book.qidian.com/info/1009887334", "https://book.qidian.com/info/1004439621", "https://book.qidian.com/info/1010699142", "https://book.qidian.com/info/1010673874", "https://book.qidian.com/info/1010228299", "https://book.qidian.com/info/1011254335", "https://book.qidian.com/info/1010623336", "https://book.qidian.com/info/1011901077", "https://book.qidian.com/info/1010774701", "https://book.qidian.com/info/1010808763", "https://book.qidian.com/info/1011306057"]}