{"ratings": 0.0, "userreviews": [], "description": "\u4fee\u4ed9\u89c5\u957f\u751f\uff0c\u70ed\u8840\u4efb\u900d\u9065\uff0c\u8e0f\u83b2\u66f3\u6ce2\u6da4\u5251\u9aa8\uff0c\u51ed\u865a\u5fa1\u98ce\u5851\u5723\u9b42\uff01", "title": "\u4e58\u5fa1\u5929\u4e0b", "url": "https://book.qidian.com/info/1004854367", "average": -1.0, "cover": "//qidian.qpic.cn/qdbimg/349573/1004854367/180", "reviews": -1, "authors": [{"url": "https://me.qidian.com/authorIndex.aspx?id=9264364", "name": "\u695a\u9a9a"}], "type": ["\u4ed9\u4fa0", "\u4fee\u771f\u6587\u660e"], "outlinks": ["https://book.qidian.com/info/1004854367", "https://book.qidian.com/info/4935", "https://book.qidian.com/info/4935", "https://book.qidian.com/info/7098", "https://book.qidian.com/info/7098", "https://book.qidian.com/info/18636", "https://book.qidian.com/info/18636", "https://book.qidian.com/info/27372", "https://book.qidian.com/info/27372", "https://book.qidian.com/info/44173", "https://book.qidian.com/info/44173", "https://book.qidian.com/info/53234", "https://book.qidian.com/info/53234", "https://book.qidian.com/info/1009669350", "https://book.qidian.com/info/1009669350", "https://book.qidian.com/info/1009921632", "https://book.qidian.com/info/1009921632", "https://book.qidian.com/info/1010960173", "https://book.qidian.com/info/1010960173", "https://book.qidian.com/info/1010327039", "https://book.qidian.com/info/1012016027", "https://book.qidian.com/info/1011630501", "https://book.qidian.com/info/1012010192", "https://book.qidian.com/info/1011834598", "https://book.qidian.com/info/1011672705", "https://book.qidian.com/info/1011966835", "https://book.qidian.com/info/1011940680", "https://book.qidian.com/info/1011491390", "https://book.qidian.com/info/1011995376"]}