{"ratings": 0.0, "userreviews": [{"userName": "\u7d2b\u7fbd\u5e7d\u68a6", "userReviewDate": "2018-02-18", "userURL": "https://my.qidian.com/user/216067801", "userReview": "\u7d2b\u7fbd\u5e7d\u68a6\u6253\u8d4f\u4e91\u82a8 100000\u8d77\u70b9\u5e01  \u8fd9\u672c\u4e66\u5199\u7684\u592a\u597d\u4e86,\u7292\u52b3\u4e00\u4e0b\u5e0c\u671b\u540e\u7eed\u66f4\u7cbe\u5f69!"}, {"userName": "\u706f\u70db\u5149", "userReviewDate": "2018-02-12", "userURL": "https://my.qidian.com/user/162108407", "userReview": "\u706f\u70db\u5149\u6253\u8d4f\u4e91\u82a8 100000\u8d77\u70b9\u5e01  \u8fd9\u672c\u4e66\u5199\u7684\u592a\u597d\u4e86,\u7292\u52b3\u4e00\u4e0b\u5e0c\u671b\u540e\u7eed\u66f4\u7cbe\u5f69!"}, {"userName": "\u6155\u67b3", "userReviewDate": "2018-02-12", "userURL": "https://my.qidian.com/user/160289618", "userReview": "\u6155\u67b3\u6253\u8d4f\u4e91\u82a8 100000\u8d77\u70b9\u5e01  \u9019\u672c\u66f8\u5beb\u7684\u592a\u597d\u4e86,\u7292\u52de\u58f9\u4e0b\u5e0c\u671b\u5f8c\u7e8c\u66f4\u7cbe\u5f69!"}, {"userName": "\u6211\u4e43\u5927\u7f57\u91d1\u4ed9", "userReviewDate": "2018-02-12", "userURL": "https://my.qidian.com/user/111641126", "userReview": "\u6211\u4e43\u5927\u7f57\u91d1\u4ed9\u6253\u8d4f\u4e91\u82a8 50000\u8d77\u70b9\u5e01  \u8fd9\u672c\u4e66\u5199\u7684\u592a\u597d\u4e86,\u7292\u52b3\u4e00\u4e0b\u5e0c\u671b\u540e\u7eed\u66f4\u7cbe\u5f69!"}, {"userName": "\u6708\u5f71*\u6d1b\u8863", "userReviewDate": "13\u5206\u949f\u524d", "userURL": "https://my.qidian.com/user/174475313", "userReview": "\u65b0\u4e66\u4e0a\u7ebf\u5566\uff01\u6765\u5f00\u4e00\u4e2a\u7b7e\u5230\u697c\uff0c\u6bcf\u5929\u8981\u575a\u6301\u7b7e\u5230\uff0c\u7231\u4e91\u5927\u4e48\u4e48\u54d2\uff01"}, {"userName": "\u98ce\u8377\u73e0\u9732", "userReviewDate": "29\u5206\u949f\u524d", "userURL": "https://my.qidian.com/user/212939852", "userReview": "\u7a81\u7136\u89c9\u5f97\u7687\u5e1d\u633a\u8ba8\u538c\u7684\uff0c\u4ed6\u770b\u7740\u6768\u6b8a\u4e0d\u723d\uff0c\u600e\u4e48\u4e5f\u4e0d\u60f3\u60f3\u8d35\u5983\u770b\u7740\u4ed6\u7684\u5983\u5b50\u548c\u4e09\u4e2a\u513f\u5b50\u5f00\u4e0d\u5f00\u5fc3\uff0c\u8fd9\u4e5f"}, {"userName": "\u90b5\u6fef\u9704", "userReviewDate": "29\u5206\u949f\u524d", "userURL": "https://my.qidian.com/user/209705817", "userReview": "\u8d35\u5983\u5389\u5bb3\u7684\uff0c\u4e0d\u4e8f18\u5e74\u6069\u5ba0"}, {"userName": "\u5357\u6865\u6613\u4e5e", "userReviewDate": "56\u5206\u949f\u524d", "userURL": "https://my.qidian.com/user/225550883", "userReview": "\u6240\u4ee5\u524d\u4e16\u6768\u6b8a\u8ddf\u5e08\u5144\u95ef\u8361\u6c5f\u6e56\u53bb\u4e86\uff0c\u6700\u540e\u662f\u5f00\u5934\u90a3\u4f4d\u59dc\u59d3\u524d\u8f88\u3002"}, {"userName": "\u6ca7\u5ff5Coin", "userReviewDate": "2\u5c0f\u65f6\u524d", "userURL": "https://my.qidian.com/user/218231354", "userReview": "\u4e91\u5927\u4e91\u5927\u5927 \u7c89\u58a8\u767b\u573a\u597d\u50cf\u662f\u7528\u6765\u5f62\u5bb9\u574f\u4eba\u7684"}, {"userName": "\u62b1\u8d70\u4e00\u53ea\u840c\u83f2\u5305", "userReviewDate": "4\u5c0f\u65f6\u524d", "userURL": "https://my.qidian.com/user/219446890", "userReview": "\u6211\u89c9\u5f97\u5927\u5bb6\u5728\u5fc3\u75bc\u7687\u5e1d\u7684\u65f6\u5019\uff0c\u4e5f\u8981\u770b\u660e\u767d\u7687\u5e1d\u662f\u4e2a\u600e\u4e48\u6837\u7684\u4eba\uff0c\u4e0d\u63d0\u4ed6\u5728\u4e09\u738b\u4e4b\u4e89\u7684\u65f6\u5019\u624b\u5e72\u4e0d\u5e72\u51c0"}, {"userName": "\u7f25\u7f08\u7684\u5c0f\u5b50", "userReviewDate": "5\u5c0f\u65f6\u524d", "userURL": "https://my.qidian.com/user/306575787", "userReview": "\u7b7e\u5230\u6253\u5361\u3002"}, {"userName": "\u7231\u8d22\u7684\u4ed9\u5b9d", "userReviewDate": "7\u5c0f\u65f6\u524d", "userURL": "https://my.qidian.com/user/105674706", "userReview": "1.\u6389\u4e86\u7684\u5b69\u5b50\u662f\u4e0d\u4e3a\u6240\u7231\u7684\u5b69\u5b50\uff0c\u90a3\u4e48\u6768\u6b8a\u5c31\u662f\u7231\u7684\u7ed3\u6676\u4e86\uff0c\u6240\u4ee5\u8d35\u5983\u4e0d\u7231\u7687\u5e1d\u601d\u5ff5\u7687\u5b59\u30022.\u611f\u89c9"}, {"userName": "\u6e05\u5ced\u51cc\u4e91", "userReviewDate": "7\u5c0f\u65f6\u524d", "userURL": "https://my.qidian.com/user/225136848", "userReview": "\u8d35\u5983\u5f88\u6709\u667a\u6167\u3002"}, {"userName": "\u66fc\u513f\u537f\u537f", "userReviewDate": "7\u5c0f\u65f6\u524d", "userURL": "https://my.qidian.com/user/194069747", "userReview": "\u6bcf\u5929\u6765\u7b7e\u5230"}], "description": "\u9752\u7816\u7eff\u74e6\uff0c\u964c\u4e0a\u82b1\u5f00\u9999\u67d3\u8863\uff1b\u6731\u95e8\u7d2b\u6bbf\uff0c\u7d20\u624b\u6458\u661f\u9713\u4f5c\u88f3\u3002", "title": "\u4e58\u9e3e", "url": "https://book.qidian.com/info/1010935417", "average": -1.0, "cover": "//qidian.qpic.cn/qdbimg/349573/1010935417/180", "reviews": -1, "authors": [{"url": "https://me.qidian.com/authorIndex.aspx?id=2007522", "name": "\u4e91\u82a8"}], "type": ["\u53e4\u4ee3\u8a00\u60c5", "\u7a7f\u8d8a\u5947\u60c5"], "outlinks": ["https:https://book.qidian.com/info/1011421405?qd_game_key=1011421405&qd_dd_p1=11272", "https://book.qidian.com/info/1010935417", "https://book.qidian.com/info/1009310584", "https://book.qidian.com/info/1009310584", "https://book.qidian.com/info/1009397466", "https://book.qidian.com/info/1009397466", "https://book.qidian.com/info/1007063524", "https://book.qidian.com/info/1007063524", "https://book.qidian.com/info/1009810980", "https://book.qidian.com/info/1009810980", "https://book.qidian.com/info/1009642921", "https://book.qidian.com/info/1009642921", "https://book.qidian.com/info/1009530425", "https://book.qidian.com/info/1009530425", "https://book.qidian.com/info/1607346", "https://book.qidian.com/info/1607346", "https://book.qidian.com/info/2586940", "https://book.qidian.com/info/2586940", "https://book.qidian.com/info/1003310469", "https://book.qidian.com/info/1003310469", "https://book.qidian.com/info/1004439621", "https://book.qidian.com/info/1010699142", "https://book.qidian.com/info/1010673874", "https://book.qidian.com/info/1010228299", "https://book.qidian.com/info/1011254335", "https://book.qidian.com/info/1010623336", "https://book.qidian.com/info/1011901077", "https://book.qidian.com/info/1010774701", "https://book.qidian.com/info/1010808763", "https://book.qidian.com/info/1011306057"]}