{"ratings": 0.0, "userreviews": [{"userName": "\u6709\u5b9e\u65e0\u540d\u54e6\u660e", "userReviewDate": "2018-04-05", "userURL": "https://my.qidian.com/user/218520204", "userReview": "\u66f4\u65b0[fn=31]"}, {"userName": "\u6709\u5b9e\u65e0\u540d\u54e6\u660e", "userReviewDate": "2018-04-04", "userURL": "https://my.qidian.com/user/218520204", "userReview": "\u90a3\u672c\u5fae\u4fe1\u540e\u671f\u53ef\u4ee5\u8bf4\u5f88\u70c2\uff0c\u5e0c\u671b\u4f5c\u8005\u597d\u597d\u5199"}, {"userName": "poursxcz", "userReviewDate": "2018-03-05", "userURL": "https://my.qidian.com/user/306979822", "userReview": "\u4f5c\u8005\u5927\u5927\uff0c\u4e3a\u4ec0\u4e48\u4f60\u603b\u662f\u731d\u4e0d\u53ca\u9632\u7684\u5b8c\u7ed3\u4e66\u672c\uff1f\u6bcf\u6b21\u770b\u5230\u7cbe\u5f69\u65f6\u523b......\u5c3c\u739b\u5b8c\u7ed3\u4e86\u3002"}, {"userName": "\u9b3c\u9f99\u738b\u4f0f\u5b57\u7fb2", "userReviewDate": "2018-02-15", "userURL": "https://my.qidian.com/user/300674194", "userReview": "\u5927\u54e5\u554a\uff0c\u6211\u4ece\u795e\u9b54\u8fc7\u6765\uff0c\u5feb\u5b8c\u7ed3\u4e86\u5c31\u4e00\u6b21\u66f4\u5b8c\u795e\u9b54\u554a\uff0c\u8ba9\u6211\u4eec\u8fc7\u4e2a\u597d\u5e74[fn=14][fn=14]"}, {"userName": "\u6653\u6bc5GG", "userReviewDate": "2017-09-21", "userURL": "https://my.qidian.com/user/215916240", "userReview": "\u5c3c\u739b  \u5c45\u7136\u5f00\u65b0\u4e66\u4e86  \u795e\u9b54\u8d76\u7d27\u591a\u66f4\u65b0\u4e00\u70b9\u554a  \u4f60\u662f\u5929\u5929\u78d5\u4f1f\u54e5\u5417\uff1f\u8fd9\u4e48\u597d\u7684\u7cbe\u529b\u8fd8\u5f00\u65b0\u4e66"}, {"userName": "\u6211\u624d\u662f\u5929\u771f\u54e5\u54e5", "userReviewDate": "2017-09-04", "userURL": "https://my.qidian.com/user/225133751", "userReview": "\u8dea\u6c42\u795e\u9b54\u3002\u3002\u3002\n"}, {"userName": "\u730e\u7a91\u624b", "userReviewDate": "2017-08-24", "userURL": "https://my.qidian.com/user/228804913", "userReview": "\u8d76\u7d27\u795e\u9b54\u554a\uff01"}, {"userName": "\u6b7b\u5c3d\u7e41\u534e", "userReviewDate": "2017-08-19", "userURL": "https://my.qidian.com/user/219967285", "userReview": "\u6211\u64e6\uff0c\u4f60\u7279\u4e48\u5565\u65f6\u5019\u5f00\u7684\u65b0\u4e66\u2026\u2026\u8d76\u7d27\u628a\u795e\u9b54\u5b8c\u7ed3\u4e86\u518d\u8bf4\u5427"}, {"userName": "\u5c31\u770b\u770b\u5427OKbu", "userReviewDate": "2017-06-15", "userURL": "https://my.qidian.com/user/218086372", "userReview": "\u65ad\u6839\u4e86\u554a\u90a3\u4e9b\u7aed\u5c3d\u6240\u80fd"}, {"userName": "\u6708\u72ec\u8bed", "userReviewDate": "2017-05-26", "userURL": "https://my.qidian.com/user/218140415", "userReview": "\u65b0\u4e66\u597d\u770b\u554a\u61c2\u4e0d\u61c2\uff01\u7279\u522b\u662f\u5168\u5b87\u5b99\u90fd\u662f\u6211\u597d\u53cb\uff0c\u8d85\u7ea7\u597d\u770b"}, {"userName": "\u5fa1\u706c\u9082\u9005", "userReviewDate": "2017-05-20", "userURL": "https://my.qidian.com/user/215313432", "userReview": "\u540c\u65f6\u5f00\u4fe9\u672c\u65b0\u4e66\u554a   "}, {"userName": "\u9017\u6bd4\u9017\u6bd4\u4e40", "userReviewDate": "2017-05-20", "userURL": "https://my.qidian.com/user/229355430", "userReview": "\u3002\u3002\u3002"}], "description": "\u5fc3\u6f6e\u6f8e\u6e43\uff0c\u65e0\u9650\u5e7b\u60f3\uff0c\u8fce\u98ce\u6325\u51fb\u5343\u5c42\u6d6a\uff0c\u5c11\u5e74\u4e0d\u8d25\u70ed\u8840\uff01", "title": "\u4e5d\u5929\u6b66\u7956", "url": "https://book.qidian.com/info/1003692852", "average": -1.0, "cover": "//qidian.qpic.cn/qdbimg/349573/1003692852/180", "reviews": -1, "authors": [{"url": "https://me.qidian.com/authorIndex.aspx?id=7881145", "name": "\u4f55\u5904\u4e0d\u67d3\u5c18"}], "type": ["\u7384\u5e7b", "\u4e1c\u65b9\u7384\u5e7b"], "outlinks": ["https://book.qidian.com/info/1003692852", "https://book.qidian.com/info/1010799783", "https://book.qidian.com/info/1010799783", "https://book.qidian.com/info/1009841628", "https://book.qidian.com/info/1009841628", "https://book.qidian.com/info/1010860119", "https://book.qidian.com/info/1010860119", "https://book.qidian.com/info/1005298666", "https://book.qidian.com/info/1005298666", "https://book.qidian.com/info/1010873447", "https://book.qidian.com/info/1010873447", "https://book.qidian.com/info/1009889436", "https://book.qidian.com/info/1009889436", "https://book.qidian.com/info/1003768817", "https://book.qidian.com/info/1003768817", "https://book.qidian.com/info/1009240323", "https://book.qidian.com/info/1009240323", "https://book.qidian.com/info/1011253172", "https://book.qidian.com/info/1011253172", "https://book.qidian.com/info/1011988403", "https://book.qidian.com/info/1009595922", "https://book.qidian.com/info/1011844784", "https://book.qidian.com/info/1011892497", "https://book.qidian.com/info/1011095320", "https://book.qidian.com/info/1011996851", "https://book.qidian.com/info/1011856434", "https://book.qidian.com/info/1011879207", "https://book.qidian.com/info/1011833256", "https://book.qidian.com/info/1011967674"]}