{"ratings": 0.0, "userreviews": [{"userName": "\u75f4\u72c2\u4e66\u866b\u866b", "userReviewDate": "2014-04-28", "userURL": "https://my.qidian.com/user/20693805", "userReview": "\u8fb0\u5dde\u5e9c\u5e9c\u6cbb\u4e0d\u662f\u5728\u6000\u5316,\u800c\u662f\u5728\u6000\u5316\u5e02\u6c85\u9675\u53bf,\u6211\u5c31\u662f\u6c85\u9675\u4eba,\u6c85\u9675\u6709\u6c85\u6c5f\u9ec4\u91d1\u6c34\u9053,\u79e6\u7edf\u4e00\u4e2d\u56fd\u540e\uff0c"}, {"userName": "\u591a\u5c14\u886e\u7231\u5927\u660e", "userReviewDate": "2014-03-20", "userURL": "https://my.qidian.com/user/121929597", "userReview": "\uff08\u9996\u5148\u7533\u660e\u4e00\u4e0b\uff0c\u6211\u5c31\u662f\u672c\u4e66\u7684\u4f5c\u8005\uff1a\u6625\u5929\u7684\u80e1\u6768\u6797\uff0c\u56e0\u4e3a\u8d77\u70b9\u6635\u79f0\u548c\u7b14\u540d\u4e0d\u4e00\u6837\uff0c\u53d1\u8a00\u7684\u65f6\u5019\u53ea\u663e\u793a"}, {"userName": "\u8d77\u70b9\u4e2d\u6587\u7f51", "userReviewDate": "2013-04-15", "userURL": "https://my.qidian.com/user/0", "userReview": "\u89d2\u8272\u767e\u79d1\u8fce\u98ce\u6765\u88ad\uff01\u89d2\u8272\u5927\u8d5b\u96c6\u7ed3\u53f7\u5639\u4eae\u54cd\u8d77\uff012013\u65b0\u6625\u4f0a\u59cb\uff0c\u8d77\u70b9\u5168\u65b0\u529f\u80fd\u2014\u2014\u89d2\u8272\u767e\u79d1\u8fce\u98ce\u4e0a"}, {"userName": "stfd", "userReviewDate": "2018-06-03", "userURL": "https://my.qidian.com/user/3158889", "userReview": "\u524d\u9762\u4e0d\u9519\uff0c\u53ef\u60dc\u70c2\u5c3e\u4e86"}, {"userName": "\u795e\u6b87\u591c\u6e38", "userReviewDate": "2018-05-30", "userURL": "https://my.qidian.com/user/115061219", "userReview": "\u770b\u4e86\u4e8c\u5341\u5f20\uff0c\u4e00\u76f4\u7ed9\u8001\u6731\u5bb6\uff1f"}, {"userName": "\u9a9a\u5e74\u65e9\u70b9\u7761", "userReviewDate": "2018-03-15", "userURL": "https://my.qidian.com/user/216101857", "userReview": "\u8fd9\u672c\u4e66\u5931\u8d25\u5c31\u5931\u8d25\u5728\u53e3\u53f7\u558a\u7684\u5c71\u54cd\uff0c\u4e0d\u7528\u6210\u5929\u628a\u534e\u590f\u6302\u5728\u5634\u8fb9\u4e0a\uff0c\u91ce\u732a\u76ae\u662f\u4f60\u558a\u53e3\u53f7\u80fd\u6574\u6b7b\u7684\uff1f"}, {"userName": "\u5b50\u7384\u4e0a\u4eba", "userReviewDate": "2017-12-23", "userURL": "https://my.qidian.com/user/110995395", "userReview": "\u5199\u5f97\u8fd8\u597d\uff0c\u4e0d\u8fc7\u519b\u4e8b\u4e0a\u7684\u4e8b\u4e2a\u4eba\u89c9\u5f97\u5c11\u5199\u4e3a\u597d\uff0c\u56e0\u4e3a\u5728\u65b9\u5bb6\u773c\u91cc\u4f60\u8fd9\u6240\u8c13\u7684\u5148\u8fdb\u519b\u4e8b\u8bad\u7ec3\u3001\u4f5c\u6218\u65b9\u5f0f\u5176"}, {"userName": "\u8c79\u541b\u5b50", "userReviewDate": "2017-12-07", "userURL": "https://my.qidian.com/user/8767505", "userReview": "\u597d\u4e45\u6ca1\u770b\uff0c\u7adf\u7136\u5df2\u7ecf\u5b8c\u672c\u4e86\uff0c\u65e2\u7136\u8fd9\u6837\uff0c\u5168\u8ba2\u4ee5\u8868\u652f\u6301\u3002\u8fd9\u4e66\u4f30\u8ba1\u6210\u7ee9\u4e0d\u592a\u7406\u60f3\u5427\uff0c\u6709\u70b9\u4e0d\u5982\u4eba\u610f\uff0c\u8981"}, {"userName": "\u62d6\u62c9\u673a\u6015\u6015\u6015", "userReviewDate": "2017-12-02", "userURL": "https://my.qidian.com/user/226940668", "userReview": "\u4e66\u662f\u559c\u6b22\u7684\u7c7b\u578b\uff0c\u5199\u7684\u4e5f\u633a\u597d\uff0c\u5c31\u662f\u770b\u7684\u6ca1\u6709\u90a3\u4ec0\u4e48\uff0c\u9ad8\u6f6e\uff0c\u70ed\u8840\uff0c\u5bc6\u96c6\u51b2\u950b\uff0c\u4e00\u5929\u5927\u6218\u624d\u6b7b\u51e0\u5343\u4eba\uff0c"}, {"userName": "\u7231\u5c14\u5170\u7684\u601d\u5ff5", "userReviewDate": "2017-12-01", "userURL": "https://my.qidian.com/user/3394501", "userReview": "\u770b\u4e86\u7b2c\u4e09\u7ae0\uff0c\u7687\u6c49\u6587\uff0c\u884c\u5427\u3002"}, {"userName": "\u6211\u5fc3\u25cb\u5b89", "userReviewDate": "2017-11-14", "userURL": "https://my.qidian.com/user/222144532", "userReview": "\u63a8\u8350\uff0c\u626b\u660e"}, {"userName": "\u8001\u767d\u732aa\u660e\u672b\u5c0f\u5e73\u6c11", "userReviewDate": "2017-08-20", "userURL": "https://my.qidian.com/user/191017983", "userReview": "\u8fd9\u90e8\u5c0f\u8bf4\u5199\u7684\u592a\u597d\u4e86\uff0c\u6211\u4e5f\u4e3a\u5927\u5bb6\u63a8\u8350\u4e00\u90e8\u5c0f\u8bf4\uff0c\u540d\u5b57\u53eb\u660e\u672b\u5c0f\u5e73\u6c11\uff0c\u7b14\u540d\u8001\u767d\u732a\uff0c\u6bcf\u5929\u4e24\u66f4\uff0c\u4e0d\u65ad\u66f4"}, {"userName": "\u8033\u5143\u8033\u4e1c", "userReviewDate": "2017-08-04", "userURL": "https://my.qidian.com/user/301397251", "userReview": "\u300a\u65e0\u9650\u4e4b\u6b7b\u4ea1\u8bd5\u70bc\u300b\u89e3\u5bc6\u7c7b\u65e0\u9650\u6d41\u3002\u62f3\u5934\u624d\u662f\u786c\u9053\u7406\uff0c\u4f46\u52a0\u4e0a\u667a\u6167\u624d\u80fd\u8d70\u5230\u6700\u540e\u3002\u4e3b\u89d2\u5f00\u59cb\u8fdb\u5165\u7684\u7b2c\u4e00"}, {"userName": "\u539f\u7f6a\u5c0f\u5218", "userReviewDate": "2017-07-26", "userURL": "https://my.qidian.com/user/121624668", "userReview": "\u624b\u6301\u94a2\u5200\u4e5d\u5341\u4e5d\uff0c\u6740\u5c3d\u80e1\u513f\u65b9\u7f62\u624b\uff1b\u91d1\u9f13\u9f50\u9e23\u4e07\u4f17\u543c\uff0c\u4e0d\u7834\u9ec4\u9f99\u8a93\u4e0d\u4f11\uff01\u4f2a\u6e05\u987a\u6cbb\u5341\u4e8c\u5e74\uff0c\u5e7f\u4e1c\u65b0\u4f1a\u6c49"}], "description": "\u9192\u638c\u5929\u4e0b\u6743\uff0c\u9189\u5367\u7f8e\u4eba\u819d\uff0c\u4e94\u5343\u5e74\u98ce\u534e\u70df\u96e8\uff0c\u662f\u975e\u6210\u8d25\u8f6c\u5934\u7a7a\uff01", "title": "\u4e5d\u5dde\u6cb3\u5c71\u7686\u534e\u590f", "url": "https://book.qidian.com/info/2477817", "average": -1.0, "cover": "//qidian.qpic.cn/qdbimg/349573/2477817/180", "reviews": -1, "authors": [{"url": "https://me.qidian.com/authorIndex.aspx?id=3013181", "name": "\u6625\u5929\u7684\u80e1\u6768\u6797"}], "type": ["\u5386\u53f2", "\u4e24\u5b8b\u5143\u660e"], "outlinks": ["https://book.qidian.com/info/2477817", "https://book.qidian.com/info/1010553680", "https://book.qidian.com/info/1010553680", "https://book.qidian.com/info/1010274128", "https://book.qidian.com/info/1010274128", "https://book.qidian.com/info/1010924550", "https://book.qidian.com/info/1010924550", "https://book.qidian.com/info/3455927", "https://book.qidian.com/info/3455927", "https://book.qidian.com/info/1010869748", "https://book.qidian.com/info/1010869748", "https://book.qidian.com/info/1004947742", "https://book.qidian.com/info/1004947742", "https://book.qidian.com/info/1011800596", "https://book.qidian.com/info/1010891668", "https://book.qidian.com/info/1011773910", "https://book.qidian.com/info/1011783347", "https://book.qidian.com/info/1011643843", "https://book.qidian.com/info/1011476924", "https://book.qidian.com/info/1011635441", "https://book.qidian.com/info/1009999928", "https://book.qidian.com/info/1006932473", "https://book.qidian.com/info/1005080011"]}