{"ratings": 0.0, "userreviews": [], "description": "\u4fee\u4ed9\u89c5\u957f\u751f\uff0c\u70ed\u8840\u4efb\u900d\u9065\uff0c\u8e0f\u83b2\u66f3\u6ce2\u6da4\u5251\u9aa8\uff0c\u51ed\u865a\u5fa1\u98ce\u5851\u5723\u9b42\uff01", "title": "\u4e5d\u5929\u771f\u9b54\u4f20", "url": "https://book.qidian.com/info/1012011944", "average": -1.0, "cover": "//qidian.qpic.cn/qdbimg/349573/1012011944/180", "reviews": -1, "authors": [{"url": "https://me.qidian.com/authorIndex.aspx?id=402371253", "name": "\u98ce\u9152\u5251"}], "type": ["\u4ed9\u4fa0", "\u53e4\u5178\u4ed9\u4fa0"], "outlinks": ["https://book.qidian.com/info/1012011944", "https://book.qidian.com/info/1004995075", "https://book.qidian.com/info/1004995075", "https://book.qidian.com/info/1011195987", "https://book.qidian.com/info/1011195987", "https://book.qidian.com/info/1011581820", "https://book.qidian.com/info/1011581820", "https://book.qidian.com/info/1005814173", "https://book.qidian.com/info/1005814173", "https://book.qidian.com/info/1011126556", "https://book.qidian.com/info/1011126556", "https://book.qidian.com/info/1009520789", "https://book.qidian.com/info/1009520789", "https://book.qidian.com/info/1011941267", "https://book.qidian.com/info/1011941267", "https://book.qidian.com/info/1010327039", "https://book.qidian.com/info/1012016027", "https://book.qidian.com/info/1011630501", "https://book.qidian.com/info/1012010192", "https://book.qidian.com/info/1011834598", "https://book.qidian.com/info/1011672705", "https://book.qidian.com/info/1011966835", "https://book.qidian.com/info/1011940680", "https://book.qidian.com/info/1011491390", "https://book.qidian.com/info/1011995376"]}