{"ratings": 0.0, "userreviews": [{"userName": "\u4e66\u751f\uffe5\uffe5", "userReviewDate": "2018-04-06", "userURL": "https://my.qidian.com/user/216009273", "userReview": "\u5410\u69fd\u610f\u89c1\u697c\uff0c\u5e38\u8bbe\uff0c\u6b22\u8fce\u6765\u6c34\u256e(\u256f\u25bd\u2570)\u256d"}, {"userName": "\u5415\u5929\u867e11622", "userReviewDate": "2018-06-06", "userURL": "https://my.qidian.com/user/314886305", "userReview": "\u6765\u6765\u7b7e\u4e2a\u5230\uff01"}, {"userName": "LUHANZD", "userReviewDate": "2018-06-03", "userURL": "https://my.qidian.com/user/222476675", "userReview": "\u559c\u6b22\u7684\u70b9\u4e2a\u5173\u6ce8\uff0c\u6295\u4e2a\u63a8\u8350\u7968\uff0c\u518d\u518d\u6295\u4e2a\u6708\u7968\u3002\u7b7e\u4e2a\u5230\uff0c\u6c34\u4e2a\u7ecf\u9a8c\u3002\u518d\u6765\u6253\u4e2aCALL[fn=4]"}, {"userName": "\u4e2d\u4e8c\u4ed9\u4eba", "userReviewDate": "2018-06-01", "userURL": "https://my.qidian.com/user/225057124", "userReview": "\u9f99\u9633\u6d3e\uff0c\u54c8\u54c8"}, {"userName": "\u4e07\u80fd\u6cd5\u5e08", "userReviewDate": "2018-05-14", "userURL": "https://my.qidian.com/user/209925173", "userReview": "\u91cc\u9762\u6709\u5996\u7cbe\u4e48\uff1f\u5b83\u4f1a\u4e0d\u4f1a\u5438\u9633\u6c14"}, {"userName": "\u3005\u70df\u96e8\u968f\u98ce\u3005", "userReviewDate": "2018-05-13", "userURL": "https://my.qidian.com/user/115326871", "userReview": "\u53cd\u53cd\u590d\u590d\u7684\u63d0\u53ca\u529f\u6cd5\u540d\u8bcd\u611f\u89c9\u5f88\u5570\u55e6\uff0c\u8fd8\u6709\u4e00\u4e9b\u8bf4\u660e\u4e5f\u662f\u53cd\u53cd\u590d\u590d\u63d0\u53ca\uff0c\u592a\u5570\u55e6\uff01"}, {"userName": "\u4e66\u77b3\u4e16\u754c", "userReviewDate": "2018-05-11", "userURL": "https://my.qidian.com/user/182023936", "userReview": "\u60f3\u95ee\u95ee\u4f5c\u8005\u4e3b\u89d2\u4f1a\u7684\u6613\u7ecf\u723b\u8f9e\u80fd\u7528\u6765\u7b97\u5366\u77e5\u672a\u6765\u5417\uff0c\u80fd\u5c31\u770b\u770b"}, {"userName": "\u524d\u8f88\u9976\u547d\u554a", "userReviewDate": "2018-04-29", "userURL": "https://my.qidian.com/user/225272083", "userReview": "\u60c5\u8282\u4e0d\u9519\uff0c\u81f3\u5c11\u73b0\u5728\u8fd8\u6ca1\u6709\u4ec0\u4e48\u8fc7\u4e8e\u8001\u65e7\u7684\u4fee\u4ed9\u5957\u8def\u5267\u60c5"}, {"userName": "\u5c18\u7f18\u540e", "userReviewDate": "2018-04-25", "userURL": "https://my.qidian.com/user/216292399", "userReview": "\u524d\u6765\u9f13\u52b1\u4f5c\u8005\u541b"}, {"userName": "\u987e\u5c71\u7b80", "userReviewDate": "2018-04-21", "userURL": "https://my.qidian.com/user/213284879", "userReview": "\u7ec6\u8282\u4e0a\u5199\u5f97\u5dee"}, {"userName": "\u7384\u8f69\u9053\u4eba", "userReviewDate": "2018-04-12", "userURL": "https://my.qidian.com/user/161779029", "userReview": "\u4e00\u5929\u4e00\u66f4\u4f1a\u88ab\u5bc4\u5200\u7247\u7684\uff0c\u77e5\u9053\u5417[fn=31]"}, {"userName": "\u9e4f\u5929\u9e4f", "userReviewDate": "2018-04-02", "userURL": "https://my.qidian.com/user/214656215", "userReview": "\u4f5c\u8005\u52a0\u6cb9\uff0c\u6700\u597d\u591a\u70b9\u66f4\u65b0"}, {"userName": "\u9759\u5750\u9e3f\u8499", "userReviewDate": "2018-03-25", "userURL": "https://my.qidian.com/user/215389589", "userReview": "\u5f88\u597d\u7684\u4fee\u4ed9\u6587\uff0c\u6587\u98ce\u6b63\u7edf\uff0c\u4e0d\u843d\u719f\u5957\uff0c\u8fd8\u671b\u591a\u66f4\uff0c\u4e00\u65e5\u4e00\u66f4\u7ec8\u7a76\u4e0d\u8fc7\u763e [fn=31]"}], "description": "\u4fee\u4ed9\u89c5\u957f\u751f\uff0c\u70ed\u8840\u4efb\u900d\u9065\uff0c\u8e0f\u83b2\u66f3\u6ce2\u6da4\u5251\u9aa8\uff0c\u51ed\u865a\u5fa1\u98ce\u5851\u5723\u9b42\uff01", "title": "\u4e5d\u516d\u5341\u4e8c\u6cd5", "url": "https://book.qidian.com/info/1011524682", "average": -1.0, "cover": "//qidian.qpic.cn/qdbimg/349573/1011524682/180", "reviews": -1, "authors": [{"url": "https://me.qidian.com/authorIndex.aspx?id=6513026", "name": "\u6c34\u8d27\u771f\u4eba"}], "type": ["\u4ed9\u4fa0", "\u5e7b\u60f3\u4fee\u4ed9"], "outlinks": ["https://book.qidian.com/info/1011524682", "https://book.qidian.com/info/1010389683", "https://book.qidian.com/info/1010389683", "https://book.qidian.com/info/1005814173", "https://book.qidian.com/info/1005814173", "https://book.qidian.com/info/1010463239", "https://book.qidian.com/info/1010463239", "https://book.qidian.com/info/1010368906", "https://book.qidian.com/info/1010368906", "https://book.qidian.com/info/1005188549", "https://book.qidian.com/info/1005188549", "https://book.qidian.com/info/1005032527", "https://book.qidian.com/info/1005032527", "https://book.qidian.com/info/1010327039", "https://book.qidian.com/info/1012016027", "https://book.qidian.com/info/1011630501", "https://book.qidian.com/info/1012010192", "https://book.qidian.com/info/1011834598", "https://book.qidian.com/info/1011672705", "https://book.qidian.com/info/1011966835", "https://book.qidian.com/info/1011940680", "https://book.qidian.com/info/1011491390", "https://book.qidian.com/info/1011995376"]}