{"ratings": 0.0, "userreviews": [{"userName": "\u96e8\u5df7\u8fc7\u5ba2", "userReviewDate": "2017-07-02", "userURL": "https://my.qidian.com/user/13348530", "userReview": "\u5199\u7684\u633a\u6709\u610f\u601d   \u600e\u4e48\u4eba\u8fd9\u4e48\u5c11"}, {"userName": "WXC1996", "userReviewDate": "2017-06-02", "userURL": "https://my.qidian.com/user/119176365", "userReview": "\u7b7e\u5230"}, {"userName": "\u51c9\u5584", "userReviewDate": "2017-05-30", "userURL": "https://my.qidian.com/user/190701333", "userReview": "\u7cbe\u54c1\u6b66\u4fa0\uff0c\u503c\u5f97\u4e00\u770b\uff01"}, {"userName": "\u8d77\u70b9\u4e2d\u6587\u7f51", "userReviewDate": "2017-05-05", "userURL": "https://my.qidian.com/user/33597", "userReview": "30\u5f20\u6708\u7968\u5c0f\u610f\u601d\uff0c\u5927\u5bb6\u4e00\u8d77\u9876\u523050\u5427\uff01\u5404\u4f4d\u4e66\u53cb\uff0c\u6709\u6708\u7968\u7684\u6367\u4e2a\u7968\u573a\uff0c\u6ca1\u6708\u7968\u7684\u6367\u4e2a\u4eba\u573a\uff0c\u5927\u5bb6\u6709"}, {"userName": "\u5927\u8def\u671d\u5929\u5f20", "userReviewDate": "2017-05-03", "userURL": "https://my.qidian.com/user/216985808", "userReview": "\u7528\u4f5c\u5bb6\u52a9\u624b\u53d1\u7ea2\u5305\u6d3b\u4eba\u80fd\u62a2\u5230\u5c31\u4f1a\u6765\u7559\u722a\u4e86"}, {"userName": "\u4e66\u53cb161107160946214", "userReviewDate": "2017-05-03", "userURL": "https://my.qidian.com/user/225298001", "userReview": "\u6211\u4e00\u770b\u8bfb\u8005\u987b\u77e5\u4e0d\u5173\u4e3b\u89d2\u5199\u4e09\u5341\u4e07\u5b57\u611f\u89c9\u65b0\u4eba\u5c31\u662f\u65b0\u4eba\uff01\u4f60\u53ef\u4ee5\u5728\u5199\u4e3b\u89d2\u6210\u957f\u884c\u8d70\u6c5f\u6e56\u7684\u65f6\u5019\u6162\u6162\u70b9\u4ece"}, {"userName": "\u7ad9\u5728\u57ce\u95e8\u4e4b\u5916", "userReviewDate": "2017-05-01", "userURL": "https://my.qidian.com/user/229176244", "userReview": "\u7b7e\u5230\uff0c"}, {"userName": "\u8d77\u70b9\u4e2d\u6587\u7f51", "userReviewDate": "2017-05-01", "userURL": "https://my.qidian.com/user/33597", "userReview": "\u54c8\u54c8\u54c8\u54c8\uff0c\u7b2c\u4e00\u5f20\u6708\u7968\u7684\u6c99\u53d1\u603b\u7b97\u88ab\u6211\u62a2\u5230\u4e86\uff0c\u52a0\u6cb9\u7801\u5b57\uff0c\u52aa\u529b\u66f4\u65b0\uff0c\u6709\u4e86\u6708\u7968\u7684\u90fd\u6295\u4f60\uff01\u81ea\u672c\u606d\u8d3a\u4e3b"}, {"userName": "\u8d77\u70b9\u4e2d\u6587\u7f51", "userReviewDate": "2017-04-24", "userURL": "https://my.qidian.com/user/33597", "userReview": "\u8d8a\u6765\u8d8a\u591a\u7684\u670b\u53cb\u5173\u6ce8\u81ea\u5df1\u7684\u4f5c\u54c1\uff0c\u51c9\u5584\u662f\u4e0d\u662f\u5f88\u5f00\u5fc3\u5462\uff1f\u606d\u559c\u4f60\u52a0\u5165\u4e09\u767e\u6536\u85cf\u4ff1\u4e50\u90e8\uff01 \u81ea\u672c\u606d\u8d3a\u4e3b\u9898"}, {"userName": "\u8d77\u70b9\u4e2d\u6587\u7f51", "userReviewDate": "2017-04-22", "userURL": "https://my.qidian.com/user/33597", "userReview": "\u54c8\u54c8\u54c8\u54c8\uff0c\u7b2c\u4e00\u5f20\u6708\u7968\u7684\u6c99\u53d1\u603b\u7b97\u88ab\u6211\u62a2\u5230\u4e86\uff0c\u52a0\u6cb9\u7801\u5b57\uff0c\u52aa\u529b\u66f4\u65b0\uff0c\u6709\u4e86\u6708\u7968\u7684\u90fd\u6295\u4f60\uff01\u81ea\u672c\u606d\u8d3a\u4e3b"}, {"userName": "\u4e0b\u54c1\u7b51\u57fa\u4e39", "userReviewDate": "2017-04-22", "userURL": "https://my.qidian.com/user/215883085", "userReview": "[fn=17]\u7ea2\u5305\u770b\u5230\u7684\uff0c\u5199\u4e66\u4e0d\u6613\u3002"}], "description": "\u501f\u4e09\u5c3a\u660e\u6708\uff0c\u8854\u4e24\u8896\u9752\u9f99\uff0c\u8f7b\u5251\u5feb\u9a6c\u6063\u610f\uff0c\u643a\u4fa3\u6c5f\u6e56\u540c\u6e38\uff01", "title": "\u4e5d\u5e7d\u6d1b\u56fe\u8bf4", "url": "https://book.qidian.com/info/1005283005", "average": -1.0, "cover": "//qidian.qpic.cn/qdbimg/349573/1005283005/180", "reviews": -1, "authors": [{"url": "https://me.qidian.com/authorIndex.aspx?id=10514826", "name": "\u51c9\u5584"}], "type": ["\u6b66\u4fa0", "\u4f20\u7edf\u6b66\u4fa0"], "outlinks": ["https://book.qidian.com/info/1005283005", "https://book.qidian.com/info/3688686", "https://book.qidian.com/info/3688686", "https://book.qidian.com/info/3347329", "https://book.qidian.com/info/3347329", "https://book.qidian.com/info/1003460975", "https://book.qidian.com/info/1003460975", "https://book.qidian.com/info/1003527421", "https://book.qidian.com/info/1003527421", "https://book.qidian.com/info/42417", "https://book.qidian.com/info/42417", "https://book.qidian.com/info/1001425839", "https://book.qidian.com/info/1001425839", "https://book.qidian.com/info/1011815974", "https://book.qidian.com/info/1011216976", "https://book.qidian.com/info/1012036528", "https://book.qidian.com/info/1011985057", "https://book.qidian.com/info/1011631528", "https://book.qidian.com/info/1011928444", "https://book.qidian.com/info/1011771234", "https://book.qidian.com/info/1011973127", "https://book.qidian.com/info/1005784137", "https://book.qidian.com/info/1011916945"]}