{"ratings": 0.0, "userreviews": [{"userName": "\u5341\u5203\u845b\u529b\u59c6\u4e54", "userReviewDate": "14\u5c0f\u65f6\u524d", "userURL": "https://my.qidian.com/user/109673359", "userReview": "\u795d\u4f5c\u8005\u65e9\u65e5\u5eb7\u590d"}, {"userName": "\u85aa\u661f", "userReviewDate": "\u6628\u65e512:22", "userURL": "https://my.qidian.com/user/225578717", "userReview": "\u6211\u4e5f\u76d6\u4e2a\u7b7e\u5230\u697c\u5427\uff0c\u4e00\u697c\u4e00\u5e01\uff0c\u6709\u94b1\u7ed3\u3002"}, {"userName": "\u65e0\u617e\u5927\u5927", "userReviewDate": "\u6628\u65e500:28", "userURL": "https://my.qidian.com/user/225584000", "userReview": "\u611f\u89c9\u5267\u60c5\u63a8\u52a8\u7684\u5341\u5206\u5c2c   \u4e00\u70b9\u4e5f\u611f\u89c9\u4e0d\u5230\u6d41\u7545\u6587\u7b14\u8fd8\u6709\u5f85\u63d0\u9ad8   \u5f00\u5934\u80fd\u62ff\u51fa\u9ed1\u5361  \u8868\u793a\u6709\u4e00"}, {"userName": "BaoXiang", "userReviewDate": "2018-06-07", "userURL": "https://my.qidian.com/user/156844016", "userReview": "\u8ba2\u9605\u52a0\u63a8\u8350\u7968\u3002"}, {"userName": "BaoXiang", "userReviewDate": "2018-06-04", "userURL": "https://my.qidian.com/user/156844016", "userReview": "\u9001\u4e0a\u5168\u90e8\u63a8\u8350\u7968\u3002"}, {"userName": "\u7cbd\u5b50419", "userReviewDate": "2018-06-02", "userURL": "https://my.qidian.com/user/215392931", "userReview": "\u597d\u597d\u517b\u4f24\uff0c\u6708\u7968\u5949\u4e0a"}, {"userName": "BaoXiang", "userReviewDate": "2018-06-01", "userURL": "https://my.qidian.com/user/156844016", "userReview": "\u7ee7\u7eed\u63a8\u8350\u7968\u5949\u4e0a\u3002"}, {"userName": "joexzc", "userReviewDate": "2018-06-01", "userURL": "https://my.qidian.com/user/100676145", "userReview": "\u7b7e\u5230\u652f\u6301\u63a8\u8350"}, {"userName": "\u516b\u4e91\u9704", "userReviewDate": "2018-06-01", "userURL": "https://my.qidian.com/user/210121341", "userReview": "\u4e3a\u4ec0\u4e48\u6211\u770b\u5230\u8fd9\u4e66\u7684\u8bc4\u5206\u53ea\u67092\u5206\u554a\uff1f\u54ea\u4f4d\u5976\u5927\u7684\u7ed9\u4e2a\u89e3\u91ca"}, {"userName": "\u5929\u6210\u8def", "userReviewDate": "2018-05-31", "userURL": "https://my.qidian.com/user/216386604", "userReview": "\u4e0d\u591f\u770b\uff0c\u4e25\u91cd\u4e0d\u591f\u770b\u3002"}, {"userName": "BaoXiang", "userReviewDate": "2018-05-31", "userURL": "https://my.qidian.com/user/156844016", "userReview": "\u5168\u90e8\u63a8\u8350\u7968\u5949\u4e0a\u3002"}, {"userName": "\u7231\u770b\u4f20\u5947", "userReviewDate": "2018-05-30", "userURL": "https://my.qidian.com/user/112181793", "userReview": "\u4e66\u4e0d\u9519\u5440\uff0c\u5168\u8ba2\u652f\u6301\u4f5c\u8005\uff0c\u8981\u662f\u66f4\u65b0\u7a0d\u5fae\u591a\u70b9\u5c31\u66f4\u723d\u4e86"}, {"userName": "\u300e\u96c5\u51ef\u300f", "userReviewDate": "2018-05-30", "userURL": "https://my.qidian.com/user/3486723", "userReview": "\u4e3b\u89d2\u81ea\u5df1\u4e0d\u80fd\u655b\u8d22\uff0c\u6240\u4ee5\u4e3a\u4ed6\u4eba\u8c0b\u798f\u5229\uff01\u7279\u522b\u662f\u8fd9\u4e2a\u201c\u4ed6\u4eba\u201d\u8ddf\u4e3b\u89d2\u6ca1\u90a3\u4e48\u4eb2\u3002\u6d3b\u96f7\u950b\u554a\uff0c"}, {"userName": "BaoXiang", "userReviewDate": "2018-05-30", "userURL": "https://my.qidian.com/user/156844016", "userReview": "\u7ee7\u7eed\u52aa\u529b\u66f4\u65b0\u5427\uff01"}], "description": "\u7b97\u547d\u63a2\u9669\u70b9\u98ce\u6c34\uff0c\u60ca\u609a\u4fa6\u63a2\u964d\u9b3c\u602a\uff0c\u6700\u4f20\u7edf\u4e2d\u56fd\u6587\u5316\uff0c\u6700\u795e\u79d8\u7075\u5f02\u4f20\u5947\uff01", "title": "\u4e5d\u54c1\u5320\u5e08", "url": "https://book.qidian.com/info/1011449678", "average": -1.0, "cover": "//qidian.qpic.cn/qdbimg/349573/1011449678/180", "reviews": -1, "authors": [{"url": "https://me.qidian.com/authorIndex.aspx?id=6176043", "name": "\u87cb\u4e0e\u8749"}], "type": ["\u7075\u5f02", "\u98ce\u6c34\u79d8\u672f"], "outlinks": ["https://book.qidian.com/info/1011449678", "https://book.qidian.com/info/1003800945", "https://book.qidian.com/info/1003800945", "https://book.qidian.com/info/1011335417", "https://book.qidian.com/info/1011335417", "https://book.qidian.com/info/3542109", "https://book.qidian.com/info/3542109", "https://book.qidian.com/info/1010846649", "https://book.qidian.com/info/1010846649", "https://book.qidian.com/info/1010497185", "https://book.qidian.com/info/1010497185", "https://book.qidian.com/info/1004939100", "https://book.qidian.com/info/1004939100", "https://book.qidian.com/info/1002491345", "https://book.qidian.com/info/1002491345", "https://book.qidian.com/info/1003800945", "https://book.qidian.com/info/1003800945", "https://book.qidian.com/info/1010496719", "https://book.qidian.com/info/1010496719", "https://book.qidian.com/info/1011837610", "https://book.qidian.com/info/1011987732", "https://book.qidian.com/info/1011825122", "https://book.qidian.com/info/1011825450", "https://book.qidian.com/info/1011945422", "https://book.qidian.com/info/1011826884", "https://book.qidian.com/info/1011790544", "https://book.qidian.com/info/1011825290", "https://book.qidian.com/info/1011896879", "https://book.qidian.com/info/1011875452"]}