{"ratings": 0.0, "userreviews": [{"userName": "\u5927\u7b28\u86cbK", "userReviewDate": "2017-09-09", "userURL": "https://my.qidian.com/user/212476599", "userReview": "\u524d\u4e16\u4f60\u5230\u5e95\u662f\u4e0d\u662f\u795e\u7687\uff0c\u600e\u4e48\u50cf\u4e2a\u5f31\u667a\uff0c\u7279\u522b\u662f\u5728\u770b\u5230\u4ed6\u548c\u767d\u7384\u7684\u5bf9\u8bdd\uff0c\u7b80\u76f4\u5c31\u662f\u4e2a\u767d\u75f4\u3002\u4f60\u82b1\u4e86\u65e0\u5c3d"}, {"userName": "\u5927\u7b28\u86cbK", "userReviewDate": "2017-09-09", "userURL": "https://my.qidian.com/user/212476599", "userReview": "\u65e0\u8bed\uff0c\u4ee5\u4e3b\u89d2\u524d\u4e16\u7684\u8eab\u4efd\u4e0e\u773c\u5149\u7528\u4e0d\u7740\u8fd9\u6837\u6765\u8bc4\u4ef7\u59d3\u767d\u7684\u5973\u5b50\u5427\u3002[fn=10]\u4f60\u524d\u4e16\u53ef\u662f\u795e\uff0c\u90a3\u5973"}, {"userName": "\u62ef\u6551\u5e73\u884c\u5b87\u5b99", "userReviewDate": "2017-08-24", "userURL": "https://my.qidian.com/user/220449610", "userReview": "\u504f\u5c45\u4e00\u9685\uff0c\u5e03\u5c40\u4e09\u5e74\uff0c\u539f\u5730\u8e0f\u6b65\uff0c\u7cbe\u6c14\u795e\u5dc5\u5cf0\uff0c\u5929\u65f6\u5730\u5229\u4eba\u548c\uff0c\u53ea\u4e3a\u4e86\u89c9\u9192\u8840\u8109\uff0c\u8bf4\u7684\u597d\u53fc\u7684\u6837\u5b50\u3002\u5c31"}, {"userName": "\u70bc\u9053\u5b50", "userReviewDate": "2017-08-19", "userURL": "https://my.qidian.com/user/217386405", "userReview": "\u5883\u754c\u90a3\u4e48\u9ad8\u5728\u4f4e\u5883\u754c\u8fd8\u8981\u795e\u9a6c\u78e8\u783a\uff0c\u5c31\u7b97\u771f\u8981\u78e8\u783a\u4e5f\u8981\u9009\u80fd\u5168\u529b\u51fa\u624b\uff0c\u53ef\u4ee5\u4e0b\u6740\u624b\u7684\u5bf9\u8c61\u3002"}, {"userName": "\u7fbd\u83ab\u534e", "userReviewDate": "2017-07-15", "userURL": "https://my.qidian.com/user/228906090", "userReview": "\u300a\u4fee\u771f\u4e00\u9006\u300b\u5c0f\u5b66\u751f\u4f5c\u54c1\uff0c\u65e5\u66f4\u4e94\u5343\uff0c\u7edd\u4e0d\u65ad\u66f4\uff0c\u6c42\u5927\u5bb6\u5728\u770b\u5b8c\u5927\u795e\u4e66\u7684\u7a7a\u4f59\u65f6\u95f4\u62bd\u7a7a\u53bb\u770b\u770b\uff0c\u8c22\u8c22\u5927"}, {"userName": "\u8033\u5143\u8033\u4e1c", "userReviewDate": "2017-07-12", "userURL": "https://my.qidian.com/user/301397251", "userReview": "\u7b2c\u4e00\u6b21\u5199\u6587\uff0c\u4e5f\u77e5\u9053\u81ea\u5df1\u80af\u5b9a\u6709\u5f88\u591a\u4e0d\u8db3\uff0c\u903b\u8f91\u4e0a\u4f1a\u6709\u4e0d\u901a\u7684\u5730\u65b9\uff0c\u8bed\u53e5\u4e0a\u6709\u4e0d\u591f\u7cbe\u70bc\u7684\u5730\u65b9\uff0c\u4eba\u7269\u4e0a"}, {"userName": "\u767d\u677f\u7b14\u8bb0\u672c", "userReviewDate": "2017-07-10", "userURL": "https://my.qidian.com/user/230446538", "userReview": "\u6545\u4f5c\u9ad8\u6df1\uff0c\uff0c\uff0c\uff0c\uff0c\uff0c"}, {"userName": "\u6211\u7231\u7433\u8273", "userReviewDate": "2017-05-07", "userURL": "https://my.qidian.com/user/213406375", "userReview": "\u770b"}, {"userName": "\u8d77\u70b9\u4e2d\u6587\u7f51", "userReviewDate": "2017-05-01", "userURL": "https://my.qidian.com/user/33597", "userReview": "\u54c8\u54c8\u54c8\u54c8\uff0c\u7b2c\u4e00\u5f20\u6708\u7968\u7684\u6c99\u53d1\u603b\u7b97\u88ab\u6211\u62a2\u5230\u4e86\uff0c\u52a0\u6cb9\u7801\u5b57\uff0c\u52aa\u529b\u66f4\u65b0\uff0c\u6709\u4e86\u6708\u7968\u7684\u90fd\u6295\u4f60\uff01\u81ea\u672c\u606d\u8d3a\u4e3b"}, {"userName": "\u8d77\u70b9\u4e2d\u6587\u7f51", "userReviewDate": "2017-04-28", "userURL": "https://my.qidian.com/user/33597", "userReview": "30\u5f20\u6708\u7968\u5c0f\u610f\u601d\uff0c\u5927\u5bb6\u4e00\u8d77\u9876\u523050\u5427\uff01\u5404\u4f4d\u4e66\u53cb\uff0c\u6709\u6708\u7968\u7684\u6367\u4e2a\u7968\u573a\uff0c\u6ca1\u6708\u7968\u7684\u6367\u4e2a\u4eba\u573a\uff0c\u5927\u5bb6\u6709"}], "description": "\u5fc3\u6f6e\u6f8e\u6e43\uff0c\u65e0\u9650\u5e7b\u60f3\uff0c\u8fce\u98ce\u6325\u51fb\u5343\u5c42\u6d6a\uff0c\u5c11\u5e74\u4e0d\u8d25\u70ed\u8840\uff01", "title": "\u4e5d\u5929\u5e1d\u4e3b", "url": "https://book.qidian.com/info/3690754", "average": -1.0, "cover": "//qidian.qpic.cn/qdbimg/349573/3690754/180", "reviews": -1, "authors": [{"url": "https://me.qidian.com/authorIndex.aspx?id=6966866", "name": "\u6325\u65a5\u65b9\u9052"}], "type": ["\u7384\u5e7b", "\u4e1c\u65b9\u7384\u5e7b"], "outlinks": ["https://book.qidian.com/info/3690754", "https://book.qidian.com/info/1003814107", "https://book.qidian.com/info/1003814107", "https://book.qidian.com/info/1003510168", "https://book.qidian.com/info/1003510168", "https://book.qidian.com/info/1001729476", "https://book.qidian.com/info/1001729476", "https://book.qidian.com/info/1009997161", "https://book.qidian.com/info/1009997161", "https://book.qidian.com/info/1004878979", "https://book.qidian.com/info/1004878979", "https://book.qidian.com/info/1010109581", "https://book.qidian.com/info/1010109581", "https://book.qidian.com/info/3356090", "https://book.qidian.com/info/3356090", "https://book.qidian.com/info/1011988403", "https://book.qidian.com/info/1009595922", "https://book.qidian.com/info/1011844784", "https://book.qidian.com/info/1011892497", "https://book.qidian.com/info/1011095320", "https://book.qidian.com/info/1011996851", "https://book.qidian.com/info/1011856434", "https://book.qidian.com/info/1011879207", "https://book.qidian.com/info/1011833256", "https://book.qidian.com/info/1011967674"]}