{"ratings": 0.0, "userreviews": [], "description": "\u501f\u4e09\u5c3a\u660e\u6708\uff0c\u8854\u4e24\u8896\u9752\u9f99\uff0c\u8f7b\u5251\u5feb\u9a6c\u6063\u610f\uff0c\u643a\u4fa3\u6c5f\u6e56\u540c\u6e38\uff01", "title": "\u4e5d\u5929\u95ee\u9053\u4f20", "url": "https://book.qidian.com/info/1011277339", "average": -1.0, "cover": "//qidian.qpic.cn/qdbimg/349573/1011277339/180", "reviews": -1, "authors": [{"url": "https://me.qidian.com/authorIndex.aspx?id=401631867", "name": "\u82e5\u5996\u58a8"}], "type": ["\u6b66\u4fa0", "\u6b66\u4fa0\u5e7b\u60f3"], "outlinks": ["https://book.qidian.com/info/1011277339", "https://book.qidian.com/info/8334", "https://book.qidian.com/info/8334", "https://book.qidian.com/info/13495", "https://book.qidian.com/info/13495", "https://book.qidian.com/info/14181", "https://book.qidian.com/info/14181", "https://book.qidian.com/info/20117", "https://book.qidian.com/info/20117", "https://book.qidian.com/info/22154", "https://book.qidian.com/info/22154", "https://book.qidian.com/info/41230", "https://book.qidian.com/info/41230", "https://book.qidian.com/info/1011114998", "https://book.qidian.com/info/1011114998", "https://book.qidian.com/info/1011815974", "https://book.qidian.com/info/1011216976", "https://book.qidian.com/info/1012036528", "https://book.qidian.com/info/1011985057", "https://book.qidian.com/info/1011631528", "https://book.qidian.com/info/1011928444", "https://book.qidian.com/info/1011771234", "https://book.qidian.com/info/1011973127", "https://book.qidian.com/info/1005784137", "https://book.qidian.com/info/1011916945"]}