{"ratings": 0.0, "userreviews": [{"userName": "O\u51ac\u65e5\u98d8\u96eaO", "userReviewDate": "2018-04-16", "userURL": "https://my.qidian.com/user/216897732", "userReview": "\u55ef\u3002\u540e\u9762\u624d\u662f\u597d\u770b\u7684\u3002\u3002"}, {"userName": "\u9633\u7684\u53f6\u5b50", "userReviewDate": "2018-04-16", "userURL": "https://my.qidian.com/user/164296837", "userReview": "\u575a\u6301\u770b\u5230\u540e\u9762\u5730\u5929\u706b\uff0c\u8fd8\u662f\u4e0d\u9519\u7684"}, {"userName": "\u8bf7\u8f93\u5165\u4f60\u7684\u4e36\u6635\u79f0", "userReviewDate": "2018-01-12", "userURL": "https://my.qidian.com/user/220749967", "userReview": "\u5c31\u51ed\u4f5c\u8005\u5f00\u5934\u4e0d\u662f\u5e9f\u6750\u6d41\uff0c\u6211\u4e00\u540e\u7684\u7968\u7968\u90fd\u7ed9\u4f60\u4e86\uff0c\u5e0c\u671b\u4f5c\u8005\u575a\u6301\u4f4f\uff0c\u4e0d\u8981\u592a\u76d1\u4e86\u3002"}, {"userName": "love\u843d\u6d41\u5e74", "userReviewDate": "2017-12-19", "userURL": "https://my.qidian.com/user/212888804", "userReview": "\u6765\u6765\uff0c\u5927\u5927\u6536\u4e0b\u6211\u7684\u819d\u76d6\u3002\u3002"}, {"userName": "\u6850\u604b", "userReviewDate": "4\u5c0f\u65f6\u524d", "userURL": "https://my.qidian.com/user/218660179", "userReview": "\u54ce\uff0c\u8fd9\u672c\u4e66\u4eff\u7684\u592a\u4e25\u91cd\u4e86\u5427\uff0c\u524d\u671f\u5927\u4e3b\u5bb0\uff0c\u521a\u521a\u8bfb\u5230\u4e86\u4e94\u5341\u591a\u7ae0\uff0c\u73b0\u5728\u53c8\u4eff\u6597\u7834\uff0c\u54ce"}, {"userName": "\u5415\u5929\u867e10099", "userReviewDate": "2018-06-06", "userURL": "https://my.qidian.com/user/313659926", "userReview": "\u7b7e\u5230\u7b7e\u5230\u4e94\u4e2a\u5b57"}, {"userName": "\u5929\u5929\u55ef", "userReviewDate": "2018-05-22", "userURL": "https://my.qidian.com/user/213942123", "userReview": "\u600e\u4e48\u5c31\u50cf\u662f\u5927\u4e3b\u5bb0\u548c\u6597\u7834\u82cd\u7a79\u7684\u63a5\u5408\u4f53\uff0c"}, {"userName": "\u4e66\u53cb20180114124818718", "userReviewDate": "2018-05-20", "userURL": "https://my.qidian.com/user/312667632", "userReview": "\u4eff\u5927\u4e3b\u5bb0\u7684"}, {"userName": "chuanggege", "userReviewDate": "2018-05-12", "userURL": "https://my.qidian.com/user/300799471", "userReview": "\u7b7e\u5230\u6c34\u7ecf\u9a8c"}, {"userName": "\u542c\u5230\u4f60\u8bf4\u6167\u7231\u6211", "userReviewDate": "2018-05-12", "userURL": "https://my.qidian.com/user/305346890", "userReview": "\u5927\u4e3b\u5bb0\u4e48\uff1f"}, {"userName": "\u5218\u8292\u4e09", "userReviewDate": "2018-04-28", "userURL": "https://my.qidian.com/user/224960307", "userReview": "\u4f5c\u8005\u5199\u7684\u771f\u7684\u4e0d\u9519\uff0c\u52a0\u6cb9"}, {"userName": "\u5218\u8292\u4e09", "userReviewDate": "2018-04-22", "userURL": "https://my.qidian.com/user/224960307", "userReview": "\u4f5c\u8005\u52a0\u6cb9666666666666666"}, {"userName": "xinyue123456", "userReviewDate": "2018-04-17", "userURL": "https://my.qidian.com/user/122804751", "userReview": "\u8fd9\u672c\u4e66\u770b\u4e86\u4e00\u70b9\uff0c\u4ee3\u5165\u611f\u90fd\u6ca1\u6709\uff0c\u4e0d\u597d\u770b\u3002"}, {"userName": "\u95ee\u60c5\u8427\u5c11", "userReviewDate": "2018-03-25", "userURL": "https://my.qidian.com/user/215361416", "userReview": "\u6211\u60f3\u77e5\u9053\u600e\u4e48\u8054\u7cfb\u4f5c\u8005\uff1f"}], "description": "\u5fc3\u6f6e\u6f8e\u6e43\uff0c\u65e0\u9650\u5e7b\u60f3\uff0c\u8fce\u98ce\u6325\u51fb\u5343\u5c42\u6d6a\uff0c\u5c11\u5e74\u4e0d\u8d25\u70ed\u8840\uff01", "title": "\u4e5d\u661f\u5e1d\u4e3b", "url": "https://book.qidian.com/info/1009459840", "average": -1.0, "cover": "//qidian.qpic.cn/qdbimg/349573/1009459840/180", "reviews": -1, "authors": [{"url": "https://me.qidian.com/authorIndex.aspx?id=12240174", "name": "\u51cc\u590f\u98d8\u96ea"}], "type": ["\u7384\u5e7b", "\u5f02\u4e16\u5927\u9646"], "outlinks": ["https://book.qidian.com/info/1009459840", "https://book.qidian.com/info/1010269108", "https://book.qidian.com/info/1010269108", "https://book.qidian.com/info/1007401049", "https://book.qidian.com/info/1007401049", "https://book.qidian.com/info/1001729476", "https://book.qidian.com/info/1001729476", "https://book.qidian.com/info/1003309188", "https://book.qidian.com/info/1003309188", "https://book.qidian.com/info/1010857479", "https://book.qidian.com/info/1010857479", "https://book.qidian.com/info/1010109581", "https://book.qidian.com/info/1010109581", "https://book.qidian.com/info/1011988403", "https://book.qidian.com/info/1009595922", "https://book.qidian.com/info/1011844784", "https://book.qidian.com/info/1011892497", "https://book.qidian.com/info/1011095320", "https://book.qidian.com/info/1011996851", "https://book.qidian.com/info/1011856434", "https://book.qidian.com/info/1011879207", "https://book.qidian.com/info/1011833256", "https://book.qidian.com/info/1011967674"]}