{"ratings": 0.0, "userreviews": [{"userName": "\u4e66\u53cb161029173219071", "userReviewDate": "2018-05-19", "userURL": "https://my.qidian.com/user/224928493", "userReview": "\u5728\u6211\u7684\u624b\u91cc\u6ca1\u6709\u6cbb\u4e0d\u597d\u7684\u75c5\u4eba\uff0c\u56e0\u4e3a\u6cbb\u4e0d\u597d\u7684\u75c5\u4eba\u90fd\u88ab\u6211\u6253\u6b7b\u4e86"}, {"userName": "\u7d2b\u67d3\u68a6", "userReviewDate": "2018-05-02", "userURL": "https://my.qidian.com/user/155480328", "userReview": "\u5f00\u5934\u8fd8\u884c \u8d8a\u770b\u8d8a\u770b\u4e0d\u4e0b\u53bb\u4e86"}, {"userName": "\u77e5\u884c\u5408\u4e00zhp", "userReviewDate": "2018-05-01", "userURL": "https://my.qidian.com/user/220232917", "userReview": "\u7b7e\u5230\u7b7e\u5230\u7b7e\u5230"}, {"userName": "\u5415\u5929\u867e3288", "userReviewDate": "2018-04-21", "userURL": "https://my.qidian.com/user/313136031", "userReview": "\u52a0\u6cb9\u52aa\u529b\u594b\u6597"}, {"userName": "\u53d1\u9709\u7684\u5929\u7a7a", "userReviewDate": "2018-03-20", "userURL": "https://my.qidian.com/user/11223152", "userReview": "\u800c\u662f\u5bf9\u65b9\u8fc7\u540e\u56de\u5bb6"}, {"userName": "\u5c0f\u61d2\u86c777", "userReviewDate": "2018-01-20", "userURL": "https://my.qidian.com/user/1515448", "userReview": "\u7b7e\u5230\u6c34\u7ecf\u9a8c"}, {"userName": "\u5c0f\u61d2\u86c777", "userReviewDate": "2018-01-11", "userURL": "https://my.qidian.com/user/1515448", "userReview": "\u7b7e\u5230\u6c34\u7ecf\u9a8c"}, {"userName": "\u5c0f\u61d2\u86c777", "userReviewDate": "2018-01-02", "userURL": "https://my.qidian.com/user/1515448", "userReview": "\u7b7e\u5230\u6c34\u7ecf\u9a8c"}, {"userName": "\u5c0f\u61d2\u86c777", "userReviewDate": "2017-12-23", "userURL": "https://my.qidian.com/user/1515448", "userReview": "\u7b7e\u5230\u6c34\u7ecf\u9a8c"}, {"userName": "\u5c0f\u61d2\u86c777", "userReviewDate": "2017-12-14", "userURL": "https://my.qidian.com/user/1515448", "userReview": "\u7b7e\u5230\u6c34\u7ecf\u9a8c"}, {"userName": "w\u559c\u6b22\u96e8\u4e2d\u884c", "userReviewDate": "2017-12-12", "userURL": "https://my.qidian.com/user/106453960", "userReview": "\u7b7e\u5230\u4e94\u4e2a\u5b57"}, {"userName": "\u5c0f\u61d2\u86c777", "userReviewDate": "2017-12-10", "userURL": "https://my.qidian.com/user/1515448", "userReview": "\u7b7e\u5230\u6c34\u7ecf\u9a8c"}, {"userName": "\u5c0f\u61d2\u86c777", "userReviewDate": "2017-10-23", "userURL": "https://my.qidian.com/user/1515448", "userReview": "\u7b7e\u5230\u6c34\u7ecf\u9a8c"}, {"userName": "\u7941\u8fde\u5b50\u9f99", "userReviewDate": "2017-10-10", "userURL": "https://my.qidian.com/user/139408239", "userReview": "\u600e\u4e48\u4e0d\u66f4\u65b0\u4e86\uff01\uff1f"}], "description": "\u91cd\u751f\u8fc7\u53bb\u3001\u7545\u60f3\u672a\u6765\u3001\u68a6\u5e7b\u73b0\u5b9e\uff0c\u518d\u5851\u4f20\u5947\u4eba\u751f\uff01", "title": "\u4e5d\u6b7b\u533b\u751f", "url": "https://book.qidian.com/info/3686772", "average": -1.0, "cover": "//qidian.qpic.cn/qdbimg/349573/3686772/180", "reviews": -1, "authors": [{"url": "https://me.qidian.com/authorIndex.aspx?id=4362392", "name": "\u884c\u9053\u8fdf"}], "type": ["\u90fd\u5e02", "\u5f02\u672f\u8d85\u80fd"], "outlinks": ["https://book.qidian.com/info/3686772", "https://book.qidian.com/info/1006631076", "https://book.qidian.com/info/1006631076", "https://book.qidian.com/info/1010908372", "https://book.qidian.com/info/1010908372", "https://book.qidian.com/info/1010457704", "https://book.qidian.com/info/1010457704", "https://book.qidian.com/info/1006086266", "https://book.qidian.com/info/1006086266", "https://book.qidian.com/info/1010956925", "https://book.qidian.com/info/1010956925", "https://book.qidian.com/info/1010053636", "https://book.qidian.com/info/1010053636", "https://book.qidian.com/info/2705777", "https://book.qidian.com/info/2705777", "https://book.qidian.com/info/1011932150", "https://book.qidian.com/info/1012029544", "https://book.qidian.com/info/1012015699", "https://book.qidian.com/info/1012018201", "https://book.qidian.com/info/1011879101", "https://book.qidian.com/info/1011790606", "https://book.qidian.com/info/1011971435", "https://book.qidian.com/info/1009695534", "https://book.qidian.com/info/1011890878", "https://book.qidian.com/info/1010537314"]}