{"ratings": 0.0, "userreviews": [], "description": "\u4fee\u4ed9\u89c5\u957f\u751f\uff0c\u70ed\u8840\u4efb\u900d\u9065\uff0c\u8e0f\u83b2\u66f3\u6ce2\u6da4\u5251\u9aa8\uff0c\u51ed\u865a\u5fa1\u98ce\u5851\u5723\u9b42\uff01", "title": "\u4e5d\u7a8d\u771f\u4ed9", "url": "https://book.qidian.com/info/1003344573", "average": -1.0, "cover": "//qidian.qpic.cn/qdbimg/349573/1003344573/180", "reviews": -1, "authors": [{"url": "https://me.qidian.com/authorIndex.aspx?id=6429007", "name": "\u6211\u4e3a\u8c2a\u4ed9\u4eba"}], "type": ["\u4ed9\u4fa0", "\u4fee\u771f\u6587\u660e"], "outlinks": ["https://book.qidian.com/info/1003344573", "https://book.qidian.com/info/1009387802", "https://book.qidian.com/info/1009387802", "https://book.qidian.com/info/1005317872", "https://book.qidian.com/info/1005317872", "https://book.qidian.com/info/1009965674", "https://book.qidian.com/info/1009965674", "https://book.qidian.com/info/1009328847", "https://book.qidian.com/info/1009328847", "https://book.qidian.com/info/1010493117", "https://book.qidian.com/info/1010493117", "https://book.qidian.com/info/1010473765", "https://book.qidian.com/info/1010473765", "https://book.qidian.com/info/1004440006", "https://book.qidian.com/info/1004440006", "https://book.qidian.com/info/1005009167", "https://book.qidian.com/info/1005009167", "https://book.qidian.com/info/1005824205", "https://book.qidian.com/info/1005824205", "https://book.qidian.com/info/1010808341", "https://book.qidian.com/info/1010808341", "https://book.qidian.com/info/1011944068", "https://book.qidian.com/info/1011944068", "https://book.qidian.com/info/1010327039", "https://book.qidian.com/info/1012016027", "https://book.qidian.com/info/1011630501", "https://book.qidian.com/info/1012010192", "https://book.qidian.com/info/1011834598", "https://book.qidian.com/info/1011672705", "https://book.qidian.com/info/1011966835", "https://book.qidian.com/info/1011940680", "https://book.qidian.com/info/1011491390", "https://book.qidian.com/info/1011995376"]}