{"ratings": 0.0, "userreviews": [{"userName": "\u9ed1\u8272\u5b63\u540e\u8d5b", "userReviewDate": "2018-06-02", "userURL": "https://my.qidian.com/user/229359732", "userReview": "\u6bd2\u6bd2\u6bd2\uff0c\u5f53\u4e2a\u6740\u624b\u8fd8\u5de8\u4ed6\u5988\u5723\u6bcd\uff01\u6740\u4e86\u522b\u4eba\u5168\u5bb6\uff0c\u770b\u89c1\u662f\u5973\u7684\u5c31\u653e\u8fc7\u5979\uff0c\u8fd8\u88c5\u903c\u6211\u7b49\u4f60\u6765\u62a5\u4ec7"}, {"userName": "\u6ca6\u843d\u5929\u6daf", "userReviewDate": "2018-05-30", "userURL": "https://my.qidian.com/user/179095", "userReview": "762\u4e07  \u6211\u7684\u5929\u554a \u8fd9\u4e48\u70b9\u6570\u636e \u600e\u4e48\u575a\u6301\u7684\u554a"}, {"userName": "\u9752\u77f3\u5cad", "userReviewDate": "2018-05-22", "userURL": "https://my.qidian.com/user/231136715", "userReview": "\u4e3a\u4f60\u7684\u575a\u6301\u70b9\u8d5e\uff01\u6211\u521a\u770b\u4e86\u4e24\u7ae0\uff0c\u611f\u89c9\u4e0d\u9519\uff01\u4e0b\u7b14\u5f00\u95e8\u89c1\u5c71\u4ee3\u5165\u611f\u5f3a\u3001\u7acb\u610f\u660e\u786e\u3001\u8bed\u8a00\u51dd\u7ec3\u4e0d\u62d6\u6ce5\u5e26\u6c34"}, {"userName": "\u6c89\u7b52", "userReviewDate": "2018-05-17", "userURL": "https://my.qidian.com/user/314782588", "userReview": "\u7b7e\u5230\u6c34\u7ecf\u9a8c"}, {"userName": "15\u53ef\u7231", "userReviewDate": "2018-04-24", "userURL": "https://my.qidian.com/user/7635421", "userReview": "\u770b\u6210\u7ee9\u5c31\u77e5\u9053\u4e3a\u4ec0\u4e48\u4e86"}, {"userName": "\u672a\u66e6", "userReviewDate": "2018-04-24", "userURL": "https://my.qidian.com/user/20743070", "userReview": "\u6ca1\u60f3\u5230\u4f60\u4e5f\u53eb\u5929\u8317\uff01\uff01"}, {"userName": "\u5c0f\u5c0f\u54e56", "userReviewDate": "2018-04-22", "userURL": "https://my.qidian.com/user/310448849", "userReview": "\u6211\u60f3\u95ee\u4e00\u4e0b\u4f5c\u8005\u4f60\u8fd9\u7b49\u7ea7\u662f\u600e\u4e48\u5206\u7684\u5462\u6211\u5b8c\u5168\u6ca1\u770b\u61c2\u7b49\u7ea7\u662f\u600e\u4e48\u5212\u5206\u7684[fn=20][fn=20]"}, {"userName": "\u9752\u77f3\u5cad", "userReviewDate": "2018-03-13", "userURL": "https://my.qidian.com/user/231136715", "userReview": "\u770b\u4e86\u5341\u4e8c\u7ae0\u4e86\uff0c\u5fcd\u4e0d\u4f4f\u518d\u6765\u8bc4\u8bba\u4e0b\uff0c\u771f\u7684\u5f88\u4e0d\u9519\uff0c\u867d\u7136\u6545\u4e8b\u60c5\u8282\u5e76\u4e0d\u65b0\u9896\uff0c\u4f46\u4f5c\u8005\u63cf\u5199\u624b\u6cd5\u5374\u5f88\u8001\u5230\u3002"}, {"userName": "\u753b\u91cc\u7684\u4e00\u7f15\u98ce", "userReviewDate": "2018-03-03", "userURL": "https://my.qidian.com/user/229562992", "userReview": "\u5728\u7ebf\u7b49\uff0c\u6025"}, {"userName": "\u753b\u91cc\u7684\u4e00\u7f15\u98ce", "userReviewDate": "2018-02-25", "userURL": "https://my.qidian.com/user/229562992", "userReview": "\u597d\u770b\u5417\uff1f\uff1f\uff1f"}, {"userName": "\u65e0\u5c3d\u795e\u79d8", "userReviewDate": "2018-02-25", "userURL": "https://my.qidian.com/user/132735027", "userReview": "\u4e0d\u8fc7\u65e5\u66f41w6\u8fd8\u662f\u4f69\u670d\u7684\uff0c\u63a8\u8350\u7968\u9001\u4e0a"}, {"userName": "\u6233\u5ac2", "userReviewDate": "2018-02-25", "userURL": "https://my.qidian.com/user/312496570", "userReview": "\u51e1\u4eba\u5199\u5230300\u591a\u4e07\u7684\u65f6\u5019\u90fd\u6ca1\u51e0\u4e2a\u4eba\u770b\uff0c\u540e\u6765\u5c31\u4e00\u4e66\u5c01\u795e\u4e86"}, {"userName": "\u597d\u591a\u5148\u751f", "userReviewDate": "2018-02-10", "userURL": "https://my.qidian.com/user/211522000", "userReview": "\u4ec0\u4e48\u662f\u9b54\u4ec0\u4e48\u662f\u5996\uff1f\u5996\u9b54\u6ce8\u5b9a\u5371\u5bb3\u4e16\u754c\uff0c\u5fc5\u987b\u94f2\u9664\u5417\uff1f\u72fc\u5403\u7f8a\uff0c\u7f8a\u5403\u8349\uff0c\u5982\u679c\u8349\u662f\u4eba\uff0c\u7f8a\u662f\u5996\uff0c\u72fc\u662f\u9b54"}, {"userName": "\u5566\u54af\u5566\u54af\u5566\u8def\u53f8\u673a", "userReviewDate": "2018-02-01", "userURL": "https://my.qidian.com/user/227150666", "userReview": "\u8fd9\u4e48\u9ad8\u7684\u5b57\u6570\uff0c\u5c31\u51e0\u5343\u7c89\u4e1d\u3002\u8fd8\u6ca1\u5165\u5751\uff0c\u5185\u5bb9\u5982\u4f55\u6bd2\u4e0d\u6bd2"}], "description": "\u5fc3\u6f6e\u6f8e\u6e43\uff0c\u65e0\u9650\u5e7b\u60f3\uff0c\u8fce\u98ce\u6325\u51fb\u5343\u5c42\u6d6a\uff0c\u5c11\u5e74\u4e0d\u8d25\u70ed\u8840\uff01", "title": "\u4e5d\u8f6c\u9053\u7ecf", "url": "https://book.qidian.com/info/1000159714", "average": -1.0, "cover": "//qidian.qpic.cn/qdbimg/349573/1000159714/180", "reviews": -1, "authors": [{"url": "https://me.qidian.com/authorIndex.aspx?id=9665594", "name": "\u5929\u8317"}], "type": ["\u7384\u5e7b", "\u4e1c\u65b9\u7384\u5e7b"], "outlinks": ["https://book.qidian.com/info/1000159714", "https://book.qidian.com/info/1009509265", "https://book.qidian.com/info/1009509265", "https://book.qidian.com/info/1001729476", "https://book.qidian.com/info/1001729476", "https://book.qidian.com/info/1003510168", "https://book.qidian.com/info/1003510168", "https://book.qidian.com/info/1009273746", "https://book.qidian.com/info/1009273746", "https://book.qidian.com/info/1010109581", "https://book.qidian.com/info/1010109581", "https://book.qidian.com/info/1009380694", "https://book.qidian.com/info/1009380694", "https://book.qidian.com/info/1012010412", "https://book.qidian.com/info/1012010412", "https://book.qidian.com/info/1011988403", "https://book.qidian.com/info/1009595922", "https://book.qidian.com/info/1011844784", "https://book.qidian.com/info/1011892497", "https://book.qidian.com/info/1011095320", "https://book.qidian.com/info/1011996851", "https://book.qidian.com/info/1011856434", "https://book.qidian.com/info/1011879207", "https://book.qidian.com/info/1011833256", "https://book.qidian.com/info/1011967674"]}