{"ratings": 0.0, "userreviews": [{"userName": "\u8d77\u70b9\u4e2d\u6587\u7f51", "userReviewDate": "2018-06-01", "userURL": "https://my.qidian.com/user/33597", "userReview": "\u606d\u559c\u7ff1\u7fd4\u4e4b\u82cd\u9e70\u6210\u4e3a\u4e5d\u96f6\u4fcf\u4f73\u4eba\u76df\u4e3b\uff0c\u62ab\u8346\u65a9\u68d8\uff0c\u7ec8\u6210\u9738\u4e1a\uff01"}, {"userName": "\u6deb\u5e1d\u4ed6\u7239", "userReviewDate": "2018-05-18", "userURL": "https://my.qidian.com/user/213318237", "userReview": "\u6deb\u5e1d\u4ed6\u7239\u6253\u8d4f\u4e00\u697c 1000000\u8d77\u70b9\u5e01  !"}, {"userName": "Q\u6728\u5934", "userReviewDate": "2018-03-16", "userURL": "https://my.qidian.com/user/111723750", "userReview": "Q\u6728\u5934\u6253\u8d4f\u4e00\u697c 100000\u8d77\u70b9\u5e01  \u8fd9\u672c\u4e66\u5199\u7684\u592a\u597d\u4e86,\u7292\u52b3\u4e00\u4e0b\u5e0c\u671b\u540e\u7eed\u66f4\u7cbe\u5f69!"}, {"userName": "\u5929\u7fbd\u4e36\u5929\u6708", "userReviewDate": "2018-03-16", "userURL": "https://my.qidian.com/user/212186441", "userReview": "\u5929\u7fbd\u4e36\u5929\u6708\u6253\u8d4f\u4e00\u697c 100000\u8d77\u70b9\u5e01  \u8fd9\u672c\u4e66\u5199\u7684\u592a\u597d\u4e86,\u7292\u52b3\u4e00\u4e0b\u5e0c\u671b\u540e\u7eed\u66f4\u7cbe\u5f69!"}, {"userName": "\u661f\u6d77\u91d1\u6052", "userReviewDate": "12\u5c0f\u65f6\u524d", "userURL": "https://my.qidian.com/user/105838779", "userReview": "\u606d\u8d3a\u4e00\u697c\u65b0\u4e66\u4e0a\u67b6\uff01\u4e09\u5f20\u6708\u7968\u9001\u4e0a\uff01\u4e03\u5f20\u63a8\u8350\u9001\u4e0a\uff01\u5168\u8ba2\u8d8a\u9876\u8d77\u6765\uff01\u652f\u6301\u4e00\u697c\u7684\u5144\u5f1f\u59d0\u59b9\u4eec\u6708\u7968\u8ba2\u9605\u9876"}, {"userName": "\u6c38\u8bb0\u751f\u6001", "userReviewDate": "13\u5c0f\u65f6\u524d", "userURL": "https://my.qidian.com/user/225618822", "userReview": "\u8fd9\u4e66\u90fd\u633a\u597d\u770b\u7684\uff0c\u600e\u4e48\u8fd9\u4e48\u5c11\u8bc4\u8bba"}, {"userName": "\u6deb\u5e1d\u4ed6\u53d4", "userReviewDate": "22\u5c0f\u65f6\u524d", "userURL": "https://my.qidian.com/user/7324156", "userReview": "\u6deb\u5e1d\u4ed6\u53d4\u6253\u8d4f\u4e00\u697c 50000\u8d77\u70b9\u5e01  \u62e9\u65e5\u4e0d\u5982\u649e\u65e5\uff0c\u795d\u4e00\u697c\u66f4\u4e0a\u4e00\u5c42\u697c\uff01"}, {"userName": "\u6740\u624b\u4e4b\u5203\u4ee3\u8a00\u4eba", "userReviewDate": "2018-06-07", "userURL": "https://my.qidian.com/user/120224988", "userReview": "\u597d\u770b\uff0c\u52a0\u6cb9\uff3e\uff10\uff3e~\u5624\u5624\u5624\u90fd\u4e0d\u591f\u6211\u770b\u7684\uff0c"}, {"userName": "\u6d6a\u5b50\u6200\u98a8\u5875", "userReviewDate": "2018-06-03", "userURL": "https://my.qidian.com/user/7546687", "userReview": "\u4e03\u63a8\u5df2\u9001\uff0c\u52a0\u6cb9"}, {"userName": "\u642c\u7816\u4f6c", "userReviewDate": "2018-06-03", "userURL": "https://my.qidian.com/user/4801550", "userReview": "\u2728  \ufe35 (\"\\(\u25cf-\u25cf) \\ /     0\\ \\  (          )\"  \\_"}, {"userName": "\u5927\u6587\u4e94", "userReviewDate": "2018-06-03", "userURL": "https://my.qidian.com/user/311079764", "userReview": "\u52a0\u6cb9  \u652f\u6301\u4e0b"}, {"userName": "\u6ee1\u660e\u7199", "userReviewDate": "2018-06-01", "userURL": "https://my.qidian.com/user/188543074", "userReview": "\u606d\u559c\u59d0\u59d0\u4e0a\u67b6\uff0c\u5c0f\u51cc\u6765\u8fdf\u5566\uff01\u4e07\u5e01\u9001\u4e0a\uff0c\u59d0\u59d0\u83ab\u5acc\u3002\u59d0\u59d0\u68d2\u68d2\u68d2\uff0c\u5927\u4f5c\u706b\u706b\u706b\uff01\u6c38\u8fdc\u652f\u6301\u59d0\u59d0\uff0c\u4e48\u4e48\u54d2"}, {"userName": "\u5468\u81ea\u8861", "userReviewDate": "2018-06-01", "userURL": "https://my.qidian.com/user/111247114", "userReview": "\u795d\u5927\u706b[fn=1]"}, {"userName": "\u9f99\u592a\u5b50\u4e4b\u9b42", "userReviewDate": "2018-06-01", "userURL": "https://my.qidian.com/user/118513726", "userReview": "\u606d\u8d3a\u4e00\u697c\u4e0a\u67b6\u3002\u52a0\u6cb9\uff3e\uff10\uff3e~\uff3e\uff10\uff3e~"}], "description": "\u91cd\u751f\u82b1\u6837\u5e74\u534e\uff0c\u73a9\u8f6c\u5e02\u4e95\u8c6a\u95e8\uff0c\u643a\u624b\u9006\u88ad\u4eba\u751f\uff0c\u5171\u63fd\u4e00\u4e16\u98ce\u4e91\uff01", "title": "\u4e5d\u96f6\u4fcf\u4f73\u4eba", "url": "https://book.qidian.com/info/1011543625", "average": -1.0, "cover": "//qidian.qpic.cn/qdbimg/349573/1011543625/180", "reviews": -1, "authors": [{"url": "https://me.qidian.com/authorIndex.aspx?id=4342077", "name": "\u4e00\u697c"}], "type": ["\u73b0\u4ee3\u8a00\u60c5", "\u90fd\u5e02\u751f\u6d3b"], "outlinks": ["https:https://book.qidian.com/info/1011421405?qd_game_key=1011421405&qd_dd_p1=11272", "https://book.qidian.com/info/1011543625", "https://book.qidian.com/info/3679914", "https://book.qidian.com/info/3679914", "https://book.qidian.com/info/1010870243", "https://book.qidian.com/info/1010870243", "https://book.qidian.com/info/1001380934", "https://book.qidian.com/info/1001380934", "https://book.qidian.com/info/1005777024", "https://book.qidian.com/info/1005777024", "https://book.qidian.com/info/1010044151", "https://book.qidian.com/info/1010044151", "https://book.qidian.com/info/3677961", "https://book.qidian.com/info/3677961", "https://book.qidian.com/info/3438048", "https://book.qidian.com/info/3438048", "https://book.qidian.com/info/3679914", "https://book.qidian.com/info/3679914", "https://book.qidian.com/info/1005156004", "https://book.qidian.com/info/1005156004", "https://book.qidian.com/info/1009042280", "https://book.qidian.com/info/1009626115", "https://book.qidian.com/info/1010737445", "https://book.qidian.com/info/1012015372", "https://book.qidian.com/info/1005059261", "https://book.qidian.com/info/1011899546", "https://book.qidian.com/info/1011717868", "https://book.qidian.com/info/1009904779", "https://book.qidian.com/info/1011200502", "https://book.qidian.com/info/1011634310"]}