{"ratings": 0.0, "userreviews": [{"userName": "hankdzh", "userReviewDate": "11\u5c0f\u65f6\u524d", "userURL": "https://my.qidian.com/user/123323329", "userReview": "2222222222"}, {"userName": "\u6267\u5fc6\u7b11\u6d41\u5e74", "userReviewDate": "\u6628\u65e501:34", "userURL": "https://my.qidian.com/user/227062153", "userReview": "\u624d\u77e5\u9053\u8fd9\u91cc\u7684\u4e66\u8bc4\u539f\u6765  \u6ca1\u6709\u610f\u4e49\u8981\u8bc4\u8bba\u7684  \u53bb\u521b\u4e16  **\u9605\u8bfb  \u8bc4\u8bba\u539f\u7f51\u7ad9\u5728\u90a3\u91cc"}, {"userName": "\u4e66\u53cb161112173518558", "userReviewDate": "\u6628\u65e500:49", "userURL": "https://my.qidian.com/user/225460121", "userReview": "\u975e\u5e38\u6709\u70b9\u51fb\u91cf\u7684\u7684\u5c0f\u8bf4\uff0c\u300a\u6597\u7834\u82cd\u7a79\u300b\u2026\u2026\u2026\u2026\u2026\u975e\u5e38\u725b\u903c\u7684\u79d1\u5e7b\u53f2\u8bd7\u795e\u5c0f\u8bf4\uff0c\u300a\u4e09\u4f53\u300b\u2026\u2026\u2026\u2026\u2026\u975e"}, {"userName": "\u591c\u706b01", "userReviewDate": "2018-06-07", "userURL": "https://my.qidian.com/user/199997511", "userReview": "\u5f88\u4e45\u4ee5\u524d\u770b\u7684\u65f6\u5019\u4e5d\u9f99\u53e4\u795e\u624d\u521a\u521a\u51fa\u573a\uff0c\u8bdd\u8bf4\u4e3b\u89d2\u7684\u4e5d\u9f99\u795e\u9f0e\u4e0d\u5c31\u662f\u4ed6\u7684\u5417\uff0c\u5b7d\u5973\u4ec0\u4e48\u7684\u8fd8\u6ca1\u6302\uff0c\u611f\u89c9"}, {"userName": "\u6267\u5fc6\u7b11\u6d41\u5e74", "userReviewDate": "2018-06-06", "userURL": "https://my.qidian.com/user/227062153", "userReview": "\u66f4\u4e0d\u4e86\uff0c\u5c31\u4e0d\u8981\u7acbflag   ok?\u6bcf\u6b21\u90fd\u6253\u81ea\u5df1\u8138   \u6709\u610f\u601d\u4e48\uff1f\u4f60\u4e0d\u8bf4\u8bdd\u8fd8\u597d   \u4e00\u8bf4\u8bdd"}, {"userName": "\u6267\u5fc6\u7b11\u6d41\u5e74", "userReviewDate": "2018-06-06", "userURL": "https://my.qidian.com/user/227062153", "userReview": "\u4e2d\u5348\u5341\u4e8c\u70b9\u5de6\u53f3\uff0c\u4e24\u66f4"}, {"userName": "\u60c5_\u9ece", "userReviewDate": "2018-06-06", "userURL": "https://my.qidian.com/user/315863226", "userReview": "\u5f88\u597d\u7684\u4e66\uff0c\u662f\u6211\u559c\u6b22\u7684\u7c7b\u578b\uff01\u52a0\u6cb9\uff3e\uff10\uff3e~"}, {"userName": "\u5929\u68a6ll\u661f\u75d5", "userReviewDate": "2018-06-05", "userURL": "https://my.qidian.com/user/224502215", "userReview": "\u522b\u626d\u7684\u4e16\u754c\u3001\u5267\u60c5\u3001\u4eba\u7269\u6027\u683c\uff0c\u65e0\u8bed\ud83d\ude13"}, {"userName": "\u6728\u5934-\u8bb0", "userReviewDate": "2018-06-05", "userURL": "https://my.qidian.com/user/169928169", "userReview": "yvxecvb"}, {"userName": "\u6267\u5fc6\u7b11\u6d41\u5e74", "userReviewDate": "2018-06-04", "userURL": "https://my.qidian.com/user/227062153", "userReview": "\u6b63\u5982\u4f60\u7684\u7b7e\u540d\uff1a\u52aa\u529b\u594b\u6597\uff0c\u6c38\u8fdc\u90fd\u4e0d\u591f\uff01\uff01"}, {"userName": "\u4e00\u5fd8\u5929\u738b", "userReviewDate": "2018-06-03", "userURL": "https://my.qidian.com/user/219411707", "userReview": "\u52a0\u6cb9\u52a0\u6cb9\u518d\u52a0\u6cb9"}, {"userName": "\u4e66\u53cb20170905101544174", "userReviewDate": "2018-06-02", "userURL": "https://my.qidian.com/user/308004097", "userReview": "\u4e94\u6708\u4efd\u7684\u65f6\u5019\u4e0d\u662f\u8bf4\u516d\u4e00\u4f1a\u886520\u7ae0\uff1f\u53c8\u88ab\u5403\u4e86\u554a"}, {"userName": "\u4e66\u53cb20170905101544174", "userReviewDate": "2018-06-02", "userURL": "https://my.qidian.com/user/308004097", "userReview": "1.\u82cf\u7fbd\u8fd8\u662f\u9738\u4e3b\u7684\u65f6\u5019\uff0c\u5c31\u5f00\u542f\u4e86\u5723\u4f53\uff0c\u73b0\u5728\u7ed9\u6211\u8bf4\u6ca1\u6709\u4fe1\u4ef0\uff0c\u5723\u4f53\u4f1a\u89e3\u9664\uff1f\u5f53\u65f6\u8c01\u77e5\u9053\u82cf\u7fbd\u8fd9\u53f7\u4eba"}, {"userName": "\u6d6e\u4e91\u5b64\u72ec", "userReviewDate": "2018-05-29", "userURL": "https://my.qidian.com/user/135609359", "userReview": "[fn=1][fn=1] \u5199\u7684\u611f\u89c9\u8fd8\u662f\u53ef\u4ee5\uff0c\u9001\u4e0a\u6708\u7968\u63a8\u8350\u7968\u3002"}], "description": "\u5fc3\u6f6e\u6f8e\u6e43\uff0c\u65e0\u9650\u5e7b\u60f3\uff0c\u8fce\u98ce\u6325\u51fb\u5343\u5c42\u6d6a\uff0c\u5c11\u5e74\u4e0d\u8d25\u70ed\u8840\uff01", "title": "\u4e5d\u9f99\u795e\u9f0e", "url": "https://book.qidian.com/info/3363333", "average": -1.0, "cover": "//qidian.qpic.cn/qdbimg/349573/3363333/180", "reviews": -1, "authors": [{"url": "https://me.qidian.com/authorIndex.aspx?id=4245328", "name": "\u82cd\u5929\u9738\u4e3b"}], "type": ["\u7384\u5e7b", "\u4e1c\u65b9\u7384\u5e7b"], "outlinks": ["https://book.qidian.com/info/3363333", "https://book.qidian.com/info/1010450940", "https://book.qidian.com/info/1010450940", "https://book.qidian.com/info/1005031521", "https://book.qidian.com/info/1005031521", "https://book.qidian.com/info/1010495773", "https://book.qidian.com/info/1010495773", "https://book.qidian.com/info/3176570", "https://book.qidian.com/info/3176570", "https://book.qidian.com/info/1010799783", "https://book.qidian.com/info/1010799783", "https://book.qidian.com/info/1010695671", "https://book.qidian.com/info/1010695671", "https://book.qidian.com/info/1011086204", "https://book.qidian.com/info/1011086204", "https://book.qidian.com/info/1011988403", "https://book.qidian.com/info/1009595922", "https://book.qidian.com/info/1011844784", "https://book.qidian.com/info/1011892497", "https://book.qidian.com/info/1011095320", "https://book.qidian.com/info/1011996851", "https://book.qidian.com/info/1011856434", "https://book.qidian.com/info/1011879207", "https://book.qidian.com/info/1011833256", "https://book.qidian.com/info/1011967674"]}