{"ratings": 0.0, "userreviews": [{"userName": "\u4ffa\u5730\u5c0f\u751c\u5fc3", "userReviewDate": "\u6628\u65e509:15", "userURL": "https://my.qidian.com/user/312280931", "userReview": "\u5f88\u597d\u770b\uff0c\u6c42\u66f4\u65b0"}, {"userName": "\u79cb\u4ea6\u60dc\u8fb0", "userReviewDate": "2018-06-06", "userURL": "https://my.qidian.com/user/215946231", "userReview": "\u592a\u597d\u770b\u4e86\uff0c\u652f\u6301\u4f5c\u8005\uff0c\u4f5c\u8005\u52a0\u6cb9\u66f4\u65b0\u3002"}, {"userName": "NNI", "userReviewDate": "2018-06-05", "userURL": "https://my.qidian.com/user/121110010", "userReview": "\u5f20\u4e3d\u548c\u540c\u4f19\u5e74\u8f7b\u6c14\u76db\u786e\u5b9e\u6709\u4e0d\u5bf9\uff0c\u7537\u4e3b\u6709\u70b9\u5c0f\u9898\u5927\u505a\u4e86\u5427\uff0c\u8bf4\u522b\u4eba\u4e0d\u914d\u7a7f\u7740\u519b\u88c5\uff0c\u6211\u548b\u611f\u89c9\u7537\u4e3b\u4e5f\u5728\u62b9"}, {"userName": "\u5357\u7855\u5b81", "userReviewDate": "2018-06-05", "userURL": "https://my.qidian.com/user/301393111", "userReview": "\u53cc\u6d01\u5417\uff01\u8eab\u5fc3\u7684\u90a3\u79cd\uff01\u6211\u8981\u6253\u4e2a\u9884\u9632\u9488"}, {"userName": "\u6fef\u51c0", "userReviewDate": "2018-06-04", "userURL": "https://my.qidian.com/user/316673114", "userReview": "\u6c99\u53d1\u6c99\u53d1\uff0c\u8d85\u559c\u6b22\u4f5c\u8005\u5927\u5927\u6587\uff0c\u52a0\u6cb9\uff01"}, {"userName": "\u96e8\u7235", "userReviewDate": "2018-06-02", "userURL": "https://my.qidian.com/user/2701531", "userReview": "\u7b7e\u52304\u4e2a\u5b57"}, {"userName": "hjjkk66", "userReviewDate": "2018-05-28", "userURL": "https://my.qidian.com/user/19036431", "userReview": "\u5f88\u597d\u770b\u554a\uff0c\u771f\u7684\u597d\u770b\uff01"}], "description": "\u91cd\u751f\u82b1\u6837\u5e74\u534e\uff0c\u73a9\u8f6c\u5e02\u4e95\u8c6a\u95e8\uff0c\u643a\u624b\u9006\u88ad\u4eba\u751f\uff0c\u5171\u63fd\u4e00\u4e16\u98ce\u4e91\uff01", "title": "\u4e5d\u96f6\u795e\u7b97\u4fcf\u519b\u59bb", "url": "https://book.qidian.com/info/1011972710", "average": -1.0, "cover": "//qidian.qpic.cn/qdbimg/349573/1011972710/180", "reviews": -1, "authors": [{"url": "https://me.qidian.com/authorIndex.aspx?id=402374902", "name": "\u8340\u8340\u6155\u6155"}], "type": ["\u73b0\u4ee3\u8a00\u60c5", "\u90fd\u5e02\u5f02\u80fd"], "outlinks": ["https:https://book.qidian.com/info/1011421405?qd_game_key=1011421405&qd_dd_p1=11272", "https://book.qidian.com/info/1011972710", "https://book.qidian.com/info/1010193266", "https://book.qidian.com/info/1010193266", "https://book.qidian.com/info/1011435621", "https://book.qidian.com/info/1011435621", "https://book.qidian.com/info/1010697498", "https://book.qidian.com/info/1010697498", "https://book.qidian.com/info/1010865269", "https://book.qidian.com/info/1010865269", "https://book.qidian.com/info/1010494509", "https://book.qidian.com/info/1010494509", "https://book.qidian.com/info/1005836153", "https://book.qidian.com/info/1005836153", "https://book.qidian.com/info/1009042280", "https://book.qidian.com/info/1009626115", "https://book.qidian.com/info/1010737445", "https://book.qidian.com/info/1012015372", "https://book.qidian.com/info/1005059261", "https://book.qidian.com/info/1011899546", "https://book.qidian.com/info/1011717868", "https://book.qidian.com/info/1009904779", "https://book.qidian.com/info/1011200502", "https://book.qidian.com/info/1011634310"]}