{"ratings": 0.0, "userreviews": [{"userName": "\u6211\u5403\u756a\u8304", "userReviewDate": "2015-09-05", "userURL": "https://my.qidian.com/user/2592732", "userReview": "\u4e00\u8f6c\u773c\u5df2\u7ecf\u4e03\u6708\u4efd\u4e86\u3002\u8ddd\u79bb\u65b0\u4e66\u4e0a\u4f20\u7684\uff17\u6708\uff12\uff11\u53f7\u8d8a\u6765\u8d8a\u8fd1\u4e86\uff0c\u756a\u8304\u4f1a\u5728\uff17\u6708\uff12\uff11\u53f7\u51cc\u6668\u96f6\u70b9\u4e0a\u4f20\u65b0\u4e66"}, {"userName": "\u6c38\u4e50\u5927\u5e1d\u56fd", "userReviewDate": "7\u5c0f\u65f6\u524d", "userURL": "https://my.qidian.com/user/190102011", "userReview": "\u6211\u89c9\u5f97\u8fd9\u662f\u756a\u8304\u6700\u597d\u7684\u4e00\u672c\u4e66\uff01"}, {"userName": "\u6e10\u4fee\u65e0\u4e0a", "userReviewDate": "17\u5c0f\u65f6\u524d", "userURL": "https://my.qidian.com/user/136357015", "userReview": "\u7b7e\u5230\u6c34\u7ecf\u9a8c10"}, {"userName": "\u6e10\u4fee\u65e0\u4e0a", "userReviewDate": "2018-06-07", "userURL": "https://my.qidian.com/user/136357015", "userReview": "\u7b7e\u5230\u6c34\u7ecf\u9a8c10"}, {"userName": "\u6e10\u4fee\u65e0\u4e0a", "userReviewDate": "2018-06-06", "userURL": "https://my.qidian.com/user/136357015", "userReview": "\u7b7e\u5230\u6c34\u7ecf\u9a8c9"}, {"userName": "\u6e10\u4fee\u65e0\u4e0a", "userReviewDate": "2018-06-05", "userURL": "https://my.qidian.com/user/136357015", "userReview": "\u7b7e\u5230\u6c34\u7ecf\u9a8c8"}, {"userName": "\u4e66\u53cb20180217191418867", "userReviewDate": "2018-06-04", "userURL": "https://my.qidian.com/user/313826289", "userReview": "\u770b\u7740\u633a\u4e0d\u9519"}, {"userName": "\u6e10\u4fee\u65e0\u4e0a", "userReviewDate": "2018-06-04", "userURL": "https://my.qidian.com/user/136357015", "userReview": "\u7b7e\u5230\u6c34\u7ecf\u9a8c7"}, {"userName": "\u4e66\u53cb160924235721218", "userReviewDate": "2018-06-03", "userURL": "https://my.qidian.com/user/223230104", "userReview": "\u7ed3\u675f\u65f6\u6ed5\u9752\u5c71\u8bf4\u7684\u8bdd\u662f\u5728\u6697\u793a\u81f3\u5f3a\u8005\u90fd\u98de\u5347\u53bb\u4e86\u5730\u7403\u5417\uff1f\u79b9\u7687\u5c31\u662f\u5927\u79b9\uff0c\u79e6\u5cad\u5929\u5e1d\u662f\u79e6\u59cb\u7687\uff0c\u8bd7\u5251\u4ed9\u674e"}, {"userName": "\u4ee4\u72d0\u51b2\u8001\u7237", "userReviewDate": "2018-06-03", "userURL": "https://my.qidian.com/user/133101228", "userReview": "\u6587\u65e0\u7b2c\u4e00\u6b66\u65e0\u7b2c\u4e8c\uff0c\u5b9e\u9645\u4e0a\u662f\u6587\u6b66\u7686\u65e0\u7b2c\u4e00\u3002\u81f3\u5f3a\u4e4b\u9053\u5c31\u662f\u9a97\u4eba\u7684\uff0c\u4e0d\u79d1\u5b66\u7684\u3002\u6ca1\u6709\u6700\u5f3a\uff0c\u53ea\u6709\u66f4\u5f3a\uff0c"}, {"userName": "\u6e10\u4fee\u65e0\u4e0a", "userReviewDate": "2018-06-03", "userURL": "https://my.qidian.com/user/136357015", "userReview": "\u7b7e\u5230\u6c34\u7ecf\u9a8c6"}, {"userName": "\u4e66\u53cb170303211124688", "userReviewDate": "2018-06-03", "userURL": "https://my.qidian.com/user/230324055", "userReview": "\u611f\u89c9\u8fd9\u672c\u4e66\u90fd\u548c\u756a\u8304\u5176\u4ed6\u4e66\u5b8c\u5168\u4e0d\u4e00\u6837\uff0c\u6ca1\u90a3\u4e48\u50cf\u5176\u4ed6\u7684\u5c0f\u767d\u6587\uff0c\u6ca1\u6709\u4ec0\u4e48\u5929\u82b1\u4e71\u5760\u7684\u529f\u6cd5\u548c\u6570\u4e0d\u5c3d\u7684"}, {"userName": "\u6e10\u4fee\u65e0\u4e0a", "userReviewDate": "2018-06-02", "userURL": "https://my.qidian.com/user/136357015", "userReview": "\u7b7e\u5230\u6c34\u7ecf\u9a8c5"}, {"userName": "\u6742\u8349\u4e2d\u7684\u9738\u738b\u8349", "userReviewDate": "2018-06-02", "userURL": "https://my.qidian.com/user/312083940", "userReview": "\u6211\u4e00\u76f4\u89c9\u7684\u5c01\u9762\u4eba\u7269\u62ff\u7684\u662f\u4e2a\u9a6c\u6876\u585e\uff0c\u4eca\u5929\u4ed4\u7ec6\u770b\u624d\u53d1\u73b0\u662f\u6746\u67aa\uff0c\u6709\u6ca1\u6709\u548c\u6211\u4e00\u6837\u7684"}], "description": "\u501f\u4e09\u5c3a\u660e\u6708\uff0c\u8854\u4e24\u8896\u9752\u9f99\uff0c\u8f7b\u5251\u5feb\u9a6c\u6063\u610f\uff0c\u643a\u4fa3\u6c5f\u6e56\u540c\u6e38\uff01", "title": "\u4e5d\u9f0e\u8bb0", "url": "https://book.qidian.com/info/1321320", "average": -1.0, "cover": "//qidian.qpic.cn/qdbimg/349573/1321320/180", "reviews": -1, "authors": [{"url": "https://me.qidian.com/authorIndex.aspx?id=4362096", "name": "\u6211\u5403\u897f\u7ea2\u67ff"}], "type": ["\u6b66\u4fa0", "\u6b66\u4fa0\u5e7b\u60f3"], "outlinks": ["https://book.qidian.com/info/1321320", "https://book.qidian.com/info/1009926548", "https://book.qidian.com/info/1009926548", "https://book.qidian.com/info/1010968945", "https://book.qidian.com/info/1010968945", "https://book.qidian.com/info/1009907155", "https://book.qidian.com/info/1009907155", "https://book.qidian.com/info/1010138672", "https://book.qidian.com/info/1010138672", "https://book.qidian.com/info/1010873592", "https://book.qidian.com/info/1010873592", "https://book.qidian.com/info/1005406190", "https://book.qidian.com/info/1005406190", "https://book.qidian.com/info/44173", "https://book.qidian.com/info/44173", "https://book.qidian.com/info/78256", "https://book.qidian.com/info/78256", "https://book.qidian.com/info/118447", "https://book.qidian.com/info/118447", "https://book.qidian.com/info/1017141", "https://book.qidian.com/info/1017141", "https://book.qidian.com/info/1639199", "https://book.qidian.com/info/1639199", "https://book.qidian.com/info/2502372", "https://book.qidian.com/info/2502372", "https://book.qidian.com/info/3513193", "https://book.qidian.com/info/3513193", "https://book.qidian.com/info/1010468795", "https://book.qidian.com/info/1010468795", "https://book.qidian.com/info/1011815974", "https://book.qidian.com/info/1011216976", "https://book.qidian.com/info/1012036528", "https://book.qidian.com/info/1011985057", "https://book.qidian.com/info/1011631528", "https://book.qidian.com/info/1011928444", "https://book.qidian.com/info/1011771234", "https://book.qidian.com/info/1011973127", "https://book.qidian.com/info/1005784137", "https://book.qidian.com/info/1011916945"]}