{"ratings": 0.0, "userreviews": [{"userName": "&\u7199\u5eb5\u7dc8&", "userReviewDate": "2018-04-15", "userURL": "https://my.qidian.com/user/199995499", "userReview": "\u4e94\u5b57\u6df7\u7ecf\u9a8c"}, {"userName": "\u91d1\u9534", "userReviewDate": "2017-08-30", "userURL": "https://my.qidian.com/user/304010482", "userReview": "\u91d1\u6977\u643a\u300a\u9955\u9b42\u730e\u8005\u300b\u7279\u6765\u62dc\u8bfb\u5927\u5927\u7684\u4f73\u4f5c\uff0c\u4e00\u679a\u6536\u85cf\u4e0d\u6210\u656c\u610f\uff0c\u5927\u5927\u7684\u4f73\u4f5c\u6545\u4e8b\u7d27\u51d1\uff0c\u6263\u4eba\u5fc3\u5f26\uff0c\u8fd8\u671b"}, {"userName": "\u8352\u91ce\u8305\u5c4b\u4e66\u751f", "userReviewDate": "2017-07-05", "userURL": "https://my.qidian.com/user/301453583", "userReview": "\u300a\u4ed9\u547d\u957f\u751f\u300b\u7279\u6765\u62dc\u4f1a\u3002\u5c0f\u8bf4\u5199\u5230\u6b64\u65f6\uff0c\u5982\u4eba\u996e\u6c34\uff0c\u51b7\u6696\u81ea\u77e5\u3002\u7ecf\u5386\u7684\u574e\u5777\u3001\u78e8\u96be\uff0c\u5b9a\u4f1a\u8ba9\u6211\u66f4\u52a0\u5f3a\u5927"}], "description": "\u5fc3\u6f6e\u6f8e\u6e43\uff0c\u65e0\u9650\u5e7b\u60f3\uff0c\u8fce\u98ce\u6325\u51fb\u5343\u5c42\u6d6a\uff0c\u5c11\u5e74\u4e0d\u8d25\u70ed\u8840\uff01", "title": "\u4e5d\u9633\u7edd\u9b42", "url": "https://book.qidian.com/info/1009595892", "average": -1.0, "cover": "//qidian.qpic.cn/qdbimg/349573/1009595892/180", "reviews": -1, "authors": [{"url": "https://me.qidian.com/authorIndex.aspx?id=12853507", "name": "\u6c5f\u4e5d\u9633"}], "type": ["\u7384\u5e7b", "\u4e1c\u65b9\u7384\u5e7b"], "outlinks": ["https://book.qidian.com/info/1009595892", "https://book.qidian.com/info/1001729476", "https://book.qidian.com/info/1001729476", "https://book.qidian.com/info/1010269108", "https://book.qidian.com/info/1010269108", "https://book.qidian.com/info/1003814107", "https://book.qidian.com/info/1003814107", "https://book.qidian.com/info/1005774150", "https://book.qidian.com/info/1005774150", "https://book.qidian.com/info/1010501254", "https://book.qidian.com/info/1010501254", "https://book.qidian.com/info/1004878979", "https://book.qidian.com/info/1004878979", "https://book.qidian.com/info/1011988403", "https://book.qidian.com/info/1009595922", "https://book.qidian.com/info/1011844784", "https://book.qidian.com/info/1011892497", "https://book.qidian.com/info/1011095320", "https://book.qidian.com/info/1011996851", "https://book.qidian.com/info/1011856434", "https://book.qidian.com/info/1011879207", "https://book.qidian.com/info/1011833256", "https://book.qidian.com/info/1011967674"]}