{"ratings": 0.0, "userreviews": [{"userName": "\u6c83\u5c14\u54c8\u6df3\u537f", "userReviewDate": "2018-06-06", "userURL": "https://my.qidian.com/user/154496255", "userReview": "\u660e\u5929\u518d\u6765\u6295\u4e00\u5f20\uff0c5\u5f20\u6708\u7968\u5b8c\u6210\u30023\u7f8a\u597d\u597d\u5199\uff0c\u770b\u597d\u4f60\u54df~~~[fn=4]"}, {"userName": "\u6e34\u671b\u98de\u7fd476", "userReviewDate": "2018-06-06", "userURL": "https://my.qidian.com/user/150683530", "userReview": "\u4f5c\u4e3a\u4e00\u540d\u6bcd\u4eb2\uff0c\u5b9e\u5728\u4e0d\u80fd\u7406\u89e3\u4f24\u5bb3\u81ea\u5df1\u5b69\u5b50\u2026\uff0c\u8fd8\u662f\u5728\u4e0d\u7f3a\u94b1\u7684\u60c5\u51b5\u4e0b"}, {"userName": "uy1", "userReviewDate": "2018-06-06", "userURL": "https://my.qidian.com/user/665537", "userReview": "\u7b7e\u5230\u597d\u4e66\u63a8\u8350\u5927\u5bb6\u53ef\u4ee5\u770b\u770b\u8fd9\u4e9b"}, {"userName": "\u730e\u5f71\u5203", "userReviewDate": "2018-06-05", "userURL": "https://my.qidian.com/user/16598516", "userReview": "\u8d77\u70b9\u63a8\u8350\u6211\u4e5f\u63a8\u8350  9\u7968\u6765\u4e86"}, {"userName": "\u78a7\u6d77\u9189\u9752\u5929", "userReviewDate": "2018-06-05", "userURL": "https://my.qidian.com/user/213606340", "userReview": "\u8fd8\u597d\u6211\u628a\u6211\u76842\u5f20\u6708\u7968\u90fd\u7559\u7740\u4e86\uff0c\u8d76\u4e0a\u4e86\uff01\u6709\u4e86\u6708\u7968\u63a8\u8350\u7968\u90fd\u7559\u7ed9\u6211\u4eec\u7684\u7f8a\u7f8a\u7f8a\u3002"}, {"userName": "\u6211\u7684\u8033\u6839\u5728\u54ea\u91cc", "userReviewDate": "2018-06-05", "userURL": "https://my.qidian.com/user/217339962", "userReview": "\u6211\u90fd\u4e0d\u77e5\u9053\u4e0a\u67b6\u4e86\uff0c\u6708\u7968\u6ca1\u7559\u4f4f\ud83d\ude13\uff0c\u4e00\u76f4\u5728\u517b\u7740"}, {"userName": "\u78a7\u6d77\u9189\u9752\u5929", "userReviewDate": "2018-06-05", "userURL": "https://my.qidian.com/user/213606340", "userReview": "\u6211\u73b0\u5728\u5728\u770b\u5176\u4ed6\u7684\u4e66\uff0c\u5237\u51fa\u6708\u7968\u90fd\u7559\u7740\uff0c\u628a\u6211\u4eec\u7684\u7f8a\u7f8a\u597d\u597d\u517b\u7740\uff0c\u563f\u563f\ud83d\ude01\u7b49\u80a5\u4e86\u518d\u2026\u2026"}, {"userName": "\u4e50\u7b2c", "userReviewDate": "2018-06-03", "userURL": "https://my.qidian.com/user/311200118", "userReview": "\u7b7e\u5230\u6c34\u7ecf\u9a8c"}, {"userName": "\u534a\u526a\u6885\u82b1\u5f00", "userReviewDate": "2018-06-02", "userURL": "https://my.qidian.com/user/219016932", "userReview": "\u4e0a\u67b6\u4e86\uff0c\u606d\u559c"}, {"userName": "\u5faeY\u96e8", "userReviewDate": "2018-06-02", "userURL": "https://my.qidian.com/user/226904261", "userReview": "\u606d\u559c\uff01\u7ec8\u4e8e\u7b49\u5230\u4e0a\u67b6\u4e86\u3002\u671f\u5f85\u7740\u6bcf\u5929\u90fd\u6709\u7684\u66f4\u65b0\u548c\u52a0\u66f4[fn=26]"}, {"userName": "\u6c83\u5c14\u54c8\u6df3\u537f", "userReviewDate": "2018-06-02", "userURL": "https://my.qidian.com/user/154496255", "userReview": "\u7ec8\u4e8e\u4e0a\u67b6\u4e86\uff0c\u5728\u8fd9\u559c\u5e86\u7684\u65e5\u5b50\u91cc[fn=4]"}, {"userName": "\u4e66\u53cb160613234349495", "userReviewDate": "2018-06-01", "userURL": "https://my.qidian.com/user/218485832", "userReview": "\u8fd9\u4e66\u597d\u770b\u4e00\u76f4\u8ffd\u7740\uff0c\u80fd\u66f4\u65b0\u66f4\u5feb\u70b9\u5c31\u66f4\u597d\u4e86\u3002"}, {"userName": "\u6e34\u671b\u98de\u7fd476", "userReviewDate": "2018-06-01", "userURL": "https://my.qidian.com/user/150683530", "userReview": "\u4ece\u5f00\u65b0\u4e66\u517b\u5230\u73b0\u5728\uff0c\u4e00\u4e2a\u4e0b\u5348\u770b\u5b8c\u4e86[fn=6]\uff0c\u53d1\u73b0\u8fd8\u6ca1\u4e0a\u67b6\u554a"}, {"userName": "\u7530\u5929\u7b49\u66f4", "userReviewDate": "2018-06-01", "userURL": "https://my.qidian.com/user/147967390", "userReview": "\u4e66\u5199\u7684\u633a\u597d\uff0c\u600e\u4e48\u8fd8\u6ca1\u4e0a\u67b6\uff1f"}], "description": "\u91cd\u751f\u82b1\u6837\u5e74\u534e\uff0c\u73a9\u8f6c\u5e02\u4e95\u8c6a\u95e8\uff0c\u643a\u624b\u9006\u88ad\u4eba\u751f\uff0c\u5171\u63fd\u4e00\u4e16\u98ce\u4e91\uff01", "title": "\u4e5d\u96f6\u5999\u65f6\u5149", "url": "https://book.qidian.com/info/1011452935", "average": -1.0, "cover": "//qidian.qpic.cn/qdbimg/349573/1011452935/180", "reviews": -1, "authors": [{"url": "https://me.qidian.com/authorIndex.aspx?id=10486364", "name": "\u4e09\u7f8a\u6cf0\u6765"}], "type": ["\u73b0\u4ee3\u8a00\u60c5", "\u5a5a\u604b\u60c5\u7f18"], "outlinks": ["https:https://book.qidian.com/info/1011421405?qd_game_key=1011421405&qd_dd_p1=11272", "https://book.qidian.com/info/1011452935", "https://book.qidian.com/info/1010934439", "https://book.qidian.com/info/1010934439", "https://book.qidian.com/info/1011126409", "https://book.qidian.com/info/1011126409", "https://book.qidian.com/info/1005275989", "https://book.qidian.com/info/1005275989", "https://book.qidian.com/info/1011126585", "https://book.qidian.com/info/1011126585", "https://book.qidian.com/info/1011096140", "https://book.qidian.com/info/1011096140", "https://book.qidian.com/info/1011221163", "https://book.qidian.com/info/1011221163", "https://book.qidian.com/info/1005275989", "https://book.qidian.com/info/1005275989", "https://book.qidian.com/info/1009042280", "https://book.qidian.com/info/1009626115", "https://book.qidian.com/info/1010737445", "https://book.qidian.com/info/1012015372", "https://book.qidian.com/info/1005059261", "https://book.qidian.com/info/1011899546", "https://book.qidian.com/info/1011717868", "https://book.qidian.com/info/1009904779", "https://book.qidian.com/info/1011200502", "https://book.qidian.com/info/1011634310"]}