{"ratings": 0.0, "userreviews": [{"userName": "\u58f9\u4eea\u4ee5\u7ffc", "userReviewDate": "11\u5206\u949f\u524d", "userURL": "https://my.qidian.com/user/151609395", "userReview": "\u6211\u6709\u4e00\u4e2a\u60f3\u6cd5:\u4e3b\u89d2\u7684YY\u56e0\u4e3a\u4e0e\u5386\u53f2\u8fdb\u7a0b\u5b8c\u5168\u76f8\u540c\uff0c\u6240\u4ee5\u4e0e\u5386\u53f2\u4ea7\u751f\u5171\u9e23\uff0c\u4ece\u800c\u5f00\u542f\u4e86\u4e0a\u5e1d\u89c6\u89d2\u6280\u80fd"}, {"userName": "tinyfate", "userReviewDate": "3\u5c0f\u65f6\u524d", "userURL": "https://my.qidian.com/user/214581008", "userReview": "\u6765\u4e2a\u4e3e\u9ad8\u9ad8\u697c\u5427\uff0c1\u697c10\u5e01\uff0c\u4e0a\u67b6\u622a\u6b62\u3002\u6bcf\u65e5\u968f\u7f18\u7b7e\u5230\u5c31\u597d\uff0c\u8bf7\u52ff\u77ed\u65f6\u95f4\u5185\u91cd\u590d\u5237\u697c\uff0c\u8fd8\u662f\u5b66\u751f\uff0c\u8bf7"}, {"userName": "\u72c2\u51ff\u663e\u793a\u5668", "userReviewDate": "10\u5c0f\u65f6\u524d", "userURL": "https://my.qidian.com/user/217781115", "userReview": "\u4f5c\u8005\u628a\u4e66\u6295\u5230\u7384\u5e7b\u5206\u7c7b\u4eba\u6c14\u5e94\u8be5\u80fd\u597d\u4e00\u4e9b\u3002"}, {"userName": "\u68a6\u7684\u5475\u5475", "userReviewDate": "18\u5c0f\u65f6\u524d", "userURL": "https://my.qidian.com/user/199106460", "userReview": "\u4e3b\u89d2\u4e13\u6709\uff5e\u5634\u9041\u5373\u5c06\u4e0a\u7ebf"}, {"userName": "\u5b85\u5316\u4e4b\u65c5", "userReviewDate": "19\u5c0f\u65f6\u524d", "userURL": "https://my.qidian.com/user/222525860", "userReview": "\u6709\u534a\u7bc7\u90fd\u662f\u89e3\u91ca\u4ed6\u4e3a\u4ec0\u4e48\u8fd9\u4e48\u505a\u7684\u2026\u2026\u5f88\u65e0\u8bed\uff0c\u56e0\u4e3a\uff0c\u6240\u4ee5\uff0c\u53ea\u6709\uff0c\u8fd9\u6837\uff0c\u800c\u4e14\uff0c"}, {"userName": "\u5415\u5929\u867e13774", "userReviewDate": "\u6628\u65e500:17", "userURL": "https://my.qidian.com/user/317112191", "userReview": "\u6211\u6765\u7b7e\u5230\u4e86"}, {"userName": "\u4e66\u53cb20171228171151819", "userReviewDate": "2018-06-07", "userURL": "https://my.qidian.com/user/312151095", "userReview": "\u5176\u5b9e\u53ef\u4ee5\u5bf9\u7269\u54c1\u4f7f\u7528\u554a\uff0c\u6bd4\u5982\u5bf9\u6212\u6307\u4f7f\u7528\"\u62e5\u6709\u8fd9\u679a\u6212\u6307\u7684\u4eba\u53ef\u4ee5\u638c\u63a7\u65f6\u95f4\u3001\u7a7a\u95f4\u4e0e\u56db\u5927\u57fa\u672c\u529b\"\u8fd9\u6837"}, {"userName": "\u4eba\u751f\u91cd\u6765\u597d\u4e86", "userReviewDate": "2018-06-07", "userURL": "https://my.qidian.com/user/190152570", "userReview": "\u8230r\u7fa4\u91cc\u770b\u5230\u6709\u4eba\u5b89\u5229\u8fc7\u6765\u8f6c\u8f6c"}, {"userName": "D.D.D.", "userReviewDate": "2018-06-07", "userURL": "https://my.qidian.com/user/3883019", "userReview": "\u524d\u671f\u8bbe\u5b9a\u4e0d\u9519\uff0c\u611f\u89c9\u98ce\u683c\u6709\u70b9\u63a5\u8fd1\u4e8c\u6b21\u5143\uff0c\u5c31\u662f\u73b0\u5728\u5b57\u6570\u8fd8\u5c11\u770b\u4e0d\u8fc7\u763e\u554a\uff0c\u52a0\u6cb9\u5927\u5927\u575a\u6301\u66f4\u65b0\uff01"}, {"userName": "\u54ac\u4f60\u6e38\u9e64\u548f", "userReviewDate": "2018-06-07", "userURL": "https://my.qidian.com/user/212917047", "userReview": "\u770b\u7740\u6709\u70b9\u4f5c\u6709\u70b9\u5047  \u7279\u522b\u662f\u6e38\u4e50\u573a\u8bf4\u770b\u5230\u8868\u54e5  \u9752\u6885\u7af9\u9a6c\u8bf4\u8c0e\u770b\u4e0d\u51fa\u6765\u4e48   \u8fd8\u6709\u4f60\u4e00\u8fb9\u8bf4\u4e3b\u89d2"}, {"userName": "\u7231\u5403\u5e03\u4e01\u7684\u602a\u517d", "userReviewDate": "2018-06-06", "userURL": "https://my.qidian.com/user/308152816", "userReview": "\u4ed6\u73b0\u5728\u6bcf\u5929\u90fd\u5728\u6162\u8dd1\u53d8\u5f3a\u7136\u540e\u5f00\u59cb\u6bcf\u5929\u7684\u88c5\u903c\u751f\u6d3b\uff0c\u8fd9\u8fb9\u573a\u9762\u5df2\u7ecf\u63a7\u5236\u4e0d\u4f4f\u4e86"}, {"userName": "i\u4f8d", "userReviewDate": "2018-06-06", "userURL": "https://my.qidian.com/user/209818878", "userReview": "\u521b\u610f\u4e0d\u9519\uff0c\u6587\u7b14\u7a1a\u5ae9\u3002\u52a0\u6cb9\u3002"}, {"userName": "i\u4f8d", "userReviewDate": "2018-06-06", "userURL": "https://my.qidian.com/user/209818878", "userReview": "\u7b2c\u4e09\u7ae0\u63cf\u5199\u4e0d\u591f\u6709\u903c\u683c\uff0c\u8054\u7cfb\u4f5c\u8005\u4fee\u4e00\u4fee\u3002\u8fd9\u4e48\u5389\u5bb3\u7684\u91d1\u624b\u6307\u3002"}, {"userName": "\u51cc\u6668\u4e24\u70b9\u534a\u949f\u7684\u68a6", "userReviewDate": "2018-06-06", "userURL": "https://my.qidian.com/user/217167190", "userReview": "\u770b\u4e86\u8fd9\u4e48\u591a\u7ae0\uff0c\u5c31\u60f3\u77e5\u9053\u672c\u4e66\u5230\u5e95\u662f\u5565\u7c7b\u578b\u7684\uff1f\u90fd\u5e02\u65e0\u654c\u65e5\u5e38\u6d41\uff1f\u4e00\u62f3\u8d85\u4eba\u88c5\u903c\u6d41\uff1f\u667a\u5546\u5728\u7ebf\u5927BOS"}], "description": "\u3010\u4e8c\u6b21\u5143\u7f51\u6587\u4e4b\u738b\uff1a\u4e00\u5e1d\u56db\u7687\u901a\u7f09\u4ee4\u3011\u53c2\u8d5b\u4f5c\u54c1", "title": "\u4e5f\u8bb8\u6211\u662f\u795e", "url": "https://book.qidian.com/info/1011943513", "average": -1.0, "cover": "//qidian.qpic.cn/qdbimg/349573/1011943513/180", "reviews": -1, "authors": [{"url": "https://me.qidian.com/authorIndex.aspx?id=401806385", "name": "\u4f59\u5fd8\u8a00"}], "type": ["\u4e8c\u6b21\u5143", "\u9752\u6625\u65e5\u5e38", "\u4e8c\u6b21\u5143"], "outlinks": ["https://book.qidian.com/info/1011943513", "https://book.qidian.com/info/1010742918", "https://book.qidian.com/info/1010742918", "https://book.qidian.com/info/1005394024", "https://book.qidian.com/info/1005394024", "https://book.qidian.com/info/1010770545", "https://book.qidian.com/info/1010770545", "https://book.qidian.com/info/1006609070", "https://book.qidian.com/info/1006609070", "https://book.qidian.com/info/1011973264", "https://book.qidian.com/info/1011973264", "https://book.qidian.com/info/1011488188", "https://book.qidian.com/info/1011488188", "https://book.qidian.com/info/1011443057", "https://book.qidian.com/info/1011977706", "https://book.qidian.com/info/1011970575", "https://book.qidian.com/info/1011722301", "https://book.qidian.com/info/1012058179", "https://book.qidian.com/info/1010868275", "https://book.qidian.com/info/1012020887", "https://book.qidian.com/info/1011904081"]}