{"ratings": 0.0, "userreviews": [{"userName": "\u4e66\u53cb20170307141339004", "userReviewDate": "2017-12-09", "userURL": "https://my.qidian.com/user/230485460", "userReview": "\u7ed9\u522b\u4eba\u4e00\u76cf\u706f\uff0c\u4fbf\u662f\u7ed9\u4f60\u81ea\u5df1\u4e00\u76cf\u706f\uff0c\u5982\u679c\u4f60\u60f3\u7184\u706d\u522b\u4eba\u7684\u90a3\u76cf\u706f\uff0c\u6ce8\u5b9a\u4f60\u81ea\u5df1\u7684\u90a3\u4e00\u76cf\uff0c\u4e5f\u4e0d\u4f1a\u6709\u591a"}, {"userName": "\u7a7f\u7740\u88e4\u8869\u4e0a\u8857", "userReviewDate": "2018-06-07", "userURL": "https://my.qidian.com/user/196126409", "userReview": "\u61d2\u4eba\u7684\u5220\u51cf\u7248"}, {"userName": "2015\u5c0f\u4e66\u7ae5", "userReviewDate": "2018-05-22", "userURL": "https://my.qidian.com/user/199484374", "userReview": "\u4e3b\u89d2\u5230\u5e95\u662f\u4ec0\u4e48\u6027\u683c\u5440\uff0c\u770b\u4e86\u4e00\u767e\u591a\u7ae0\u8fd8\u662f\u4e0d\u660e\u767d\uff01\u52a8\u4e0d\u52a8\u5c31\u53d1\u6012\uff0c\u5c31\u6d41\u6cea\u54ed\uff0c\u8fd8\u4e0b\u8dea\uff0c\u6211\u8003\uff0c\u611f\u89c9\u4e3b"}, {"userName": "\u5468\u56db\u7684\u8086", "userReviewDate": "2018-05-18", "userURL": "https://my.qidian.com/user/194614197", "userReview": "\u5443\uff5e\u6bd2\u53d1\u8eab\u4ea1......"}, {"userName": "\u4e66\u53cb160218215132816", "userReviewDate": "2018-05-13", "userURL": "https://my.qidian.com/user/215001817", "userReview": "\u6ca1\u4ec0\u4e48\u610f\u601d\uff0c\u770b\u4e86\u4e24\u7ae0\u5c31\u4e0d\u884c\u4e86\uff0c\u8fd9\u79cd\u4e61\u571f\u61d2\u4eba\u7cfb\u5217\u7684\u6ca1\u51e0\u672c\u597d\u770b\u7684"}, {"userName": "0\u6697\u6de1\u7684\u661f\u8fb00", "userReviewDate": "2018-05-09", "userURL": "https://my.qidian.com/user/218386471", "userReview": "\u4ee5\u543e\u7b49\u8001\u4e66\u866b\u6765\u770b\uff0c\u6b64\u4e66\u2026\u2026\u5b9e\u5728\u662f\u2026\u4e0d\u548b\u6ef4"}, {"userName": "\u5e08\u4ece\u65e5\u6708", "userReviewDate": "2018-04-24", "userURL": "https://my.qidian.com/user/215481626", "userReview": "\u6587\u7ae0\u4e0d\u597d\uff0c\u4e00\u77ac\u95f4\u5c31\u5b66\u4f1a\u4e86\u6280\u80fd\u3002\u5269\u4e0b\u5168\u90e8\u90fd\u662f\u88c5\u903c\u3002"}, {"userName": "\u4e66\u53cb20170917095838460", "userReviewDate": "2018-04-18", "userURL": "https://my.qidian.com/user/308407496", "userReview": "\u770b\u4e86\u4e24\u7ae0\u5b9e\u5728\u770b\u4e0d\u4e0b\u53bb\u4e86     \u8ddf\u5c0f\u5b69\u8fc7\u53bb\u5bb6\u5bb6\u4f3c\u5f97"}, {"userName": "\u6b8b\u4f24~", "userReviewDate": "2018-03-14", "userURL": "https://my.qidian.com/user/146808992", "userReview": "\u4e61\u571f\u61d2\u4eba\u2026"}, {"userName": "\u4e66\u53cb20171108190926689", "userReviewDate": "2018-03-14", "userURL": "https://my.qidian.com/user/310440686", "userReview": "\u7cfb\u7edf\u4e4b\u4e61\u571f\u61d2\u4eba"}, {"userName": "\u5e84\u4e0d\u5e73", "userReviewDate": "2018-03-11", "userURL": "https://my.qidian.com/user/350450", "userReview": "\u5927\u6284\u7279\u6284\u2026\u2026"}, {"userName": "\u5fc3\u65e0\u6240\u7cfb\u4e36\u968f\u9047\u800c\u5b89", "userReviewDate": "2018-03-10", "userURL": "https://my.qidian.com/user/229474450", "userReview": "\u6709\u7cfb\u7edf\u4e86\u4e5f\u662f\u4eba\u6e23\uff0c\u8981\u662f\u6362\u4e86\u4e2a\u7075\u9b42\u8fd8\u597d\u8bf4\uff0c\u6e23\u6e23"}, {"userName": "hi=me", "userReviewDate": "2018-03-10", "userURL": "https://my.qidian.com/user/152438939", "userReview": "\u7b2c\u4e00\u7ae0\u5c31\u6284\u88ad\u6709\u610f\u601d\u4e48\uff0c\u548c\u61d2\u4eba\u7684\u4e00\u4e2a\u6865\u6bb5\u3002"}, {"userName": "\u4e03\u5f53\u5bb6\u7684", "userReviewDate": "2018-01-16", "userURL": "https://my.qidian.com/user/209641503", "userReview": "\u6284\u88ad\u53ef\u803b\uff01\uff01\uff01"}], "description": "\u91cd\u751f\u8fc7\u53bb\u3001\u7545\u60f3\u672a\u6765\u3001\u68a6\u5e7b\u73b0\u5b9e\uff0c\u518d\u5851\u4f20\u5947\u4eba\u751f\uff01", "title": "\u4e61\u6751\u5947\u4eba\u7cfb\u7edf", "url": "https://book.qidian.com/info/1010354791", "average": -1.0, "cover": "//qidian.qpic.cn/qdbimg/349573/1010354791/180", "reviews": -1, "authors": [{"url": "https://me.qidian.com/authorIndex.aspx?id=10851011", "name": "\u6697\u5f71\u5e1d\u5c0a"}], "type": ["\u90fd\u5e02", "\u90fd\u5e02\u751f\u6d3b"], "outlinks": ["https://book.qidian.com/info/1010354791", "https://book.qidian.com/info/1006631076", "https://book.qidian.com/info/1006631076", "https://book.qidian.com/info/1010392124", "https://book.qidian.com/info/1010392124", "https://book.qidian.com/info/1005074585", "https://book.qidian.com/info/1005074585", "https://book.qidian.com/info/1009281346", "https://book.qidian.com/info/1009281346", "https://book.qidian.com/info/1009603387", "https://book.qidian.com/info/1009603387", "https://book.qidian.com/info/1004947587", "https://book.qidian.com/info/1004947587", "https://book.qidian.com/info/1005765727", "https://book.qidian.com/info/1005765727", "https://book.qidian.com/info/1005797860", "https://book.qidian.com/info/1005797860", "https://book.qidian.com/info/1010477848", "https://book.qidian.com/info/1010477848", "https://book.qidian.com/info/1011107524", "https://book.qidian.com/info/1011107524", "https://book.qidian.com/info/1011579835", "https://book.qidian.com/info/1011579835", "https://book.qidian.com/info/1011881581", "https://book.qidian.com/info/1011881581", "https://book.qidian.com/info/1011932150", "https://book.qidian.com/info/1012029544", "https://book.qidian.com/info/1012015699", "https://book.qidian.com/info/1012018201", "https://book.qidian.com/info/1011879101", "https://book.qidian.com/info/1011790606", "https://book.qidian.com/info/1011971435", "https://book.qidian.com/info/1009695534", "https://book.qidian.com/info/1011890878", "https://book.qidian.com/info/1010537314"]}