{"ratings": 0.0, "userreviews": [{"userName": "\u5415\u5929\u867e13506", "userReviewDate": "24\u5c0f\u65f6\u524d", "userURL": "https://my.qidian.com/user/316816242", "userReview": "\u4e00\u5929\u4e00\u6b21\u7b7e\u5230"}, {"userName": "\u767d\u9e47", "userReviewDate": "\u6628\u65e506:56", "userURL": "https://my.qidian.com/user/5544818", "userReview": "\u6211\u53d1\u73b0\uff0c\u86d9\u5199\u4f5c\u7684\u98ce\u683c\u5dee\u4e0d\u591a\u5c31\u662f\u8fd9\u6837\uff0c\u5947\u602a\uff0c\u592a\u5947\u602a\uff0c\u96be\u9053\u56de\u8f66\u952e\u53ef\u4ee5\u591a\u5360\u4e24\u4e2a\u5b57\u7b26\u6570\u5417\uff1f"}, {"userName": "\u6211\u7684\u59b9\u59b9\u53eb\u96cf\u75302261", "userReviewDate": "2018-06-07", "userURL": "https://my.qidian.com/user/317183139", "userReview": "\u7b7e\u5230~\u52a0\u6cb9"}, {"userName": "\u5929\u5929\u5929\u5929\u90fd\u662f\u5929\u5929\u7684\u5929\u5929", "userReviewDate": "2018-06-07", "userURL": "https://my.qidian.com/user/309382302", "userReview": "\u732a\u811a\u88ab\u8d3e\u5b9d\u7389\u7684\u5854\u5f00\u667a\u4e86\uff0c\u4f46\u662f\u8fd9\u4e2a\u5ba1\u7f8e\u662f\u4e2a\u4ec0\u4e48\u9b3c"}, {"userName": "\u5411\u77b3", "userReviewDate": "2018-06-06", "userURL": "https://my.qidian.com/user/214770680", "userReview": "\u6211\u5148\u6765QAQ+1"}, {"userName": "\u5df4\u5398\u5c9b\u7684\u65e5\u5b50", "userReviewDate": "2018-06-06", "userURL": "https://my.qidian.com/user/212802584", "userReview": "\u5192\u6ce1\u3002\u3002\u3002\u3002"}, {"userName": "\u79cb\u8272\u591c\u96e8", "userReviewDate": "2018-06-04", "userURL": "https://my.qidian.com/user/308677543", "userReview": "\u7559\u4e2a\u524d\u6392\u3002"}, {"userName": "oriy2001", "userReviewDate": "2018-06-04", "userURL": "https://my.qidian.com/user/189358653", "userReview": "\u65b0\u4e66\u52a0\u6cb9\uff0c\u4ece\u7ea2\u697c\u8fc7\u6765\u7684\uff0c\u5e0c\u671b\u8fd9\u672c\u6bd4\u4e0a\u672c\u66f4\u7cbe\u5f69\u3002"}, {"userName": "\u661f\u8fb0\u6784\u60f3", "userReviewDate": "2018-06-04", "userURL": "https://my.qidian.com/user/218657797", "userReview": "\u6f5c\u4e2a\u6c34\u4e86\u3002\u3002\u3002"}, {"userName": "\u5929\u5929\u5929\u5929\u90fd\u662f\u5929\u5929\u7684\u5929\u5929", "userReviewDate": "2018-06-04", "userURL": "https://my.qidian.com/user/309382302", "userReview": "\u5feb\u66f4\u5feb\u66f4\uff0c\u65b0\u4e66\u4e0d\u6765\u4e2a\u4e00\u5929\u4e94\u66f4\u600e\u4e48\u884c"}, {"userName": "\u6768\u5148\u751f\u56e7", "userReviewDate": "2018-06-03", "userURL": "https://my.qidian.com/user/218346670", "userReview": "\u5934\u4e00\u5e74\u4ed6\u88ab\u6587\u4eba\u7684\u77e5\u8bc6\u5438\u5f15\uff0c\u7b2c\u4e8c\u5e74\u4ed6\u6ca6\u843d\u4e8e\u8fd9\u4e9b\u77e5\u8bc6\uff0c\u88ab\u77e5\u8bc6\u540c\u5316\uff0c\u7b2c\u4e09\u5e74\u5e61\u7136\u9192\u609f\u8fd4\u749e\u5f52\u771f\uff0c\u8fd9\u5c31"}, {"userName": "\u9f99$\u84dd", "userReviewDate": "2018-06-03", "userURL": "https://my.qidian.com/user/4229220", "userReview": "\u4e0d\u51fa\u6765\u5192\u4e2a\u6ce1\u6709\u70b9\u5bf9\u4e0d\u8d77\u4f5c\u8005\u3002"}, {"userName": "\u5317\u51a5\u7834\u6653", "userReviewDate": "2018-06-03", "userURL": "https://my.qidian.com/user/311666702", "userReview": "\u554a\u5466\uff0c\u624d\u53d1\u73b0\u3002"}, {"userName": "\u4e03\u70b9\u771f\u8fa3\u9e21", "userReviewDate": "2018-06-03", "userURL": "https://my.qidian.com/user/214549077", "userReview": "\u5360\u697c\u7565\u7565\u7565\u7565\u7565\u7565"}], "description": "\u3010\u7f51\u6587\u4e4b\u738b\u7384\u5e7b\u201cBOSS\u6d41\u201d\u5f81\u6587\u3011\u53c2\u8d5b\u4f5c\u54c1", "title": "\u4e66\u53cb\u4e07\u5c81", "url": "https://book.qidian.com/info/1012136971", "average": -1.0, "cover": "//qidian.qpic.cn/qdbimg/349573/1012136971/180", "reviews": -1, "authors": [{"url": "https://me.qidian.com/authorIndex.aspx?id=1993893", "name": "\u6d6a\u6f2b\u9752\u86d9"}], "type": ["\u7384\u5e7b", "\u4e1c\u65b9\u7384\u5e7b"], "outlinks": ["https://book.qidian.com/info/1012136971", "https://book.qidian.com/info/1010600815", "https://book.qidian.com/info/1010600815", "https://book.qidian.com/info/1004073922", "https://book.qidian.com/info/1004073922", "https://book.qidian.com/info/3680344", "https://book.qidian.com/info/3680344", "https://book.qidian.com/info/1004608738", "https://book.qidian.com/info/1004608738", "https://book.qidian.com/info/3657315", "https://book.qidian.com/info/3657315", "https://book.qidian.com/info/1008984041", "https://book.qidian.com/info/1008984041", "https://book.qidian.com/info/1597242", "https://book.qidian.com/info/1597242", "https://book.qidian.com/info/1661896", "https://book.qidian.com/info/1661896", "https://book.qidian.com/info/1003783936", "https://book.qidian.com/info/1003783936", "https://book.qidian.com/info/1005840925", "https://book.qidian.com/info/1005840925", "https://book.qidian.com/info/1010600815", "https://book.qidian.com/info/1010600815", "https://book.qidian.com/info/1011988403", "https://book.qidian.com/info/1009595922", "https://book.qidian.com/info/1011844784", "https://book.qidian.com/info/1011892497", "https://book.qidian.com/info/1011095320", "https://book.qidian.com/info/1011996851", "https://book.qidian.com/info/1011856434", "https://book.qidian.com/info/1011879207", "https://book.qidian.com/info/1011833256", "https://book.qidian.com/info/1011967674"]}