{"ratings": 0.0, "userreviews": [{"userName": "\u873b\u8713\u81ea\u5728\u98de\u82b1\u8f7b\u4f3c\u68a6", "userReviewDate": "2018-06-06", "userURL": "https://my.qidian.com/user/214609698", "userReview": "\u8fd9\u7bc7\u6587\u6784\u601d\u5f88\u597d\uff0c\u6709\u65b0\u9896\u7684\u5730\u65b9\uff0c\u4f46\u662f\u4f5c\u8005\u80fd\u4e0d\u80fd\u6539\u6539\u9519\u522b\u5b57\uff1f\u9519\u522b\u5b57\u5df2\u7ecf\u591a\u5230\u4e86\u4e25\u91cd\u5f71\u54cd\u9605\u8bfb\u4f53\u9a8c\u7684"}, {"userName": "\u8c03\u76ae\u5fae\u5fae", "userReviewDate": "2018-06-02", "userURL": "https://my.qidian.com/user/227499930", "userReview": "\u52a0\u6cb9\u66f4[fn=28]"}, {"userName": "\u9752\u9752\u82f9\u679c\u4e50", "userReviewDate": "2018-06-02", "userURL": "https://my.qidian.com/user/195822728", "userReview": "\u6211\u60f3\u8bf4\u4f5c\u8005\u662f\u4e0d\u662f\u5bf9\u7c73\u548c\u5e73\u65b9\u7c73\u6709\u8bef\u89e3\uff0c\u5b66\u9662\u9762\u79ef-2\u4e07\u5e73\u65b9\u7c73-\u4eb2\uff0c\u957f\u4e24\u767e\u7c73\u5bbd\u4e8c\u767e\u7c73\uff0c\u8fd9\u767e\u79ef\u90fd\u56db"}, {"userName": "\u7eff\u836b\u5c0f\u7b51", "userReviewDate": "2018-06-01", "userURL": "https://my.qidian.com/user/219340246", "userReview": "\u7b7e\u5230[fn=31]"}, {"userName": "\u8def\u8fc7\u8352w", "userReviewDate": "2018-05-27", "userURL": "https://my.qidian.com/user/197297816", "userReview": "\u539f\u5973\u4e3b\u4e0d\u662f\u4e0d\u77e5\u9053\u7389\u4f69\u7684\u79d8\u5bc6\u5417\uff1f\u2014\u2014\u524d\u6587\uff1b\u73b0\u5728\u600e\u4e48\u7a81\u7136\u77e5\u9053\u4e86"}, {"userName": "\u5c0f\u68c9Q", "userReviewDate": "2018-05-22", "userURL": "https://my.qidian.com/user/230619259", "userReview": "   \u4f5c\u8005\u541b\u4eca\u5929\u770b\u770b\u6587\u4e2d\u7684\u7559\u8a00\uff0c\u5f88\u591a\u4eb2\u90fd\u7559\u8a00\uff0c\u8bf4\u6211\u5199\u6709\u5173\u4e8e\u6f5c\u8d28\u6210\u6570\u65f6\u5f88\u6df7\u4e71\u3002   \u786e\u5b9e\u662f\uff0c"}, {"userName": "\u4e66\u53cb20170306000608012", "userReviewDate": "2018-05-15", "userURL": "https://my.qidian.com/user/230434715", "userReview": "\u8fd9\u4e48\u4e45\u4e86\u8fd8\u4e0d\u77e5\u9053\u7537\u4e3b\u662f\u8c01\uff0c\u611f\u89c9\u5973\u4e3b\u5b9e\u529b\u53ea\u662f\u8bf4\u5979\u6709\u591a\u9ad8\uff0c\u53ef\u770b\u7740\u5b9e\u5728\u592a\u4e0d\u600e\u4e48\u6837\uff0c\u597d\u65e0\u804a"}, {"userName": "\u4e00\u4e16\u957f\u6b22\u4e50", "userReviewDate": "2018-05-14", "userURL": "https://my.qidian.com/user/193037865", "userReview": "\u770b\u7b80\u4ecb\u8bf4\u5973\u4e3b\u4e0d\u4f1a\u5ac1\u4eba\u662f\u771f\u7684\u5417\uff1f\u90a3\u6709\u7537\u4e3b\u5417\uff1f"}, {"userName": "\u4e66\u53cb20170306000608012", "userReviewDate": "2018-05-08", "userURL": "https://my.qidian.com/user/230434715", "userReview": "\u7537\u4e3b\u5230\u5e95\u662f\u8c01"}, {"userName": "\u5c0f\u68c9Q", "userReviewDate": "2018-05-07", "userURL": "https://my.qidian.com/user/230619259", "userReview": "\u5e78\u4e8f\u6709\u4eb2\u4eec\u7684\u7559\u8a00\uff0c\u521a\u521a\u6349\u4e86\u597d\u51e0\u5904\u7684\u866b[fn=4]"}, {"userName": "\u4e66\u53cb20170614235338045", "userReviewDate": "2018-05-07", "userURL": "https://my.qidian.com/user/303600020", "userReview": "\u6ca1\u6709\u66f4[fn=12]"}, {"userName": "\u9065\u8fdc\u7684\u661f\u4e91Honey", "userReviewDate": "2018-05-06", "userURL": "https://my.qidian.com/user/227941492", "userReview": "\u4f5c\u8005\u662f\u7528\u7684\u4e94\u7b14\u8f93\u5165\u6cd5\u5427\uff1f\u9519\u522b\u5b57\u7684\u4fe1\u606f\u66b4\u9732\u4e86\u3002"}, {"userName": "\u8def\u8fc7\u8352w", "userReviewDate": "2018-05-04", "userURL": "https://my.qidian.com/user/197297816", "userReview": "\u4e0d\u662f\u5df2\u7ecf\u6709\u5916\u51fa\u7528\u7684\u5c0f\u5c4b\u4e86\u5417\uff1f\u600e\u4e48\u8fd8\u8001\u662f\u8eb2\u8fdb\u7a7a\u95f4\uff1f\u5f62\u6210\u4f9d\u8d56\u4e86\u600e\u4e48\u529e\uff1f"}, {"userName": "\u8def\u8fc7\u8352w", "userReviewDate": "2018-04-29", "userURL": "https://my.qidian.com/user/197297816", "userReview": "\u5176\u5b9e\u6211\u5f88\u60f3\u8bf4\u6211\u4e0d\u662f\u6545\u610f\u6311\u6bdb\u75c5\u6765\u7684\u3002\u4f46\u662f\u5973\u4e3b\u77e5\u9053\u201c\u5267\u60c5\u201d\u6309\u90e8\u5c31\u73ed\u751f\u6d3b\uff0c\u800c\u539f\u5973\u4e3b\u5374\u611f\u5e94\u5230\u5973\u4e3b\u662f"}], "description": "\u6d69\u701a\u4e16\u754c\uff0c\u65e0\u8fb9\u5c81\u6708\u3002\u6f2b\u4e91\u5973\u5b50\u4e0d\u82f1\u96c4\uff0c\u4e07\u91cc\u4e58\u98ce\u72ec\u5411\u4e1c\uff01", "title": "\u4e66\u7a7f\u5c0f\u70ae\u7070\u9006\u88ad\u8bb0", "url": "https://book.qidian.com/info/1011251000", "average": -1.0, "cover": "//qidian.qpic.cn/qdbimg/349573/1011251000/180", "reviews": -1, "authors": [{"url": "https://me.qidian.com/authorIndex.aspx?id=401765398", "name": "\u5c0f\u68c9Q"}], "type": ["\u7384\u5e7b\u8a00\u60c5", "\u5f02\u4e16\u5927\u9646"], "outlinks": ["https:https://book.qidian.com/info/1011421405?qd_game_key=1011421405&qd_dd_p1=11272", "https://book.qidian.com/info/1011251000", "https://book.qidian.com/info/1009454424", "https://book.qidian.com/info/1009454424", "https://book.qidian.com/info/1009281357", "https://book.qidian.com/info/1009281357", "https://book.qidian.com/info/3211928", "https://book.qidian.com/info/3211928", "https://book.qidian.com/info/1004909490", "https://book.qidian.com/info/1004909490", "https://book.qidian.com/info/1009288712", "https://book.qidian.com/info/1009288712", "https://book.qidian.com/info/3689023", "https://book.qidian.com/info/3689023", "https://book.qidian.com/info/1001731524", "https://book.qidian.com/info/1007099451", "https://book.qidian.com/info/1011886856", "https://book.qidian.com/info/1011554440", "https://book.qidian.com/info/1011850956", "https://book.qidian.com/info/1010267842", "https://book.qidian.com/info/1005836014", "https://book.qidian.com/info/1011251000", "https://book.qidian.com/info/1010737991", "https://book.qidian.com/info/1010533430"]}