{"ratings": 0.0, "userreviews": [{"userName": "\u7d2b\u708e\u706d\u5929", "userReviewDate": "2018-05-24", "userURL": "https://my.qidian.com/user/120957156", "userReview": "\u7d2b\u708e\u706d\u5929\u6253\u8d4f\u80d6\u4e4e\u4e4e\u7684\u6cb3\u9a6c 100000\u8d77\u70b9\u5e01  \u8fd9\u672c\u4e66\u5199\u7684\u592a\u597d\u4e86,\u7292\u52b3\u4e00\u4e0b\u5e0c\u671b\u540e\u7eed\u66f4\u7cbe\u5f69!"}, {"userName": "\u58a8\u821e\u98ce\u6708", "userReviewDate": "21\u5206\u949f\u524d", "userURL": "https://my.qidian.com/user/311070150", "userReview": "\u6211\u8bb0\u5f97\u6211\u770b\u8fc7\u8fd9\u7c7b\u4e66\uff0c\u5267\u60c5\u90fd\u5dee\u4e0d\u591a\uff0c\u4e0d\u8fc7\u4e3b\u89d2\u7684\u540d\u5b57\u4e0d\u662f\u8fd9\u4e2a\u3002\u3002\u3002"}, {"userName": "\u6b63\u4e49\u7684\u666e\u901a\u4eba", "userReviewDate": "22\u5206\u949f\u524d", "userURL": "https://my.qidian.com/user/306806856", "userReview": "\u4e0d\u4f1a\u8981\u5f00\u540e\u5bab\u5427\uff0c\u6211\u6b7b\u771f\u662f\u770b\u5230\u540e\u5bab\u5c31\u6076\u5fc3\uff0c\u6709\u6ca1\u6709\u770b\u5230\u540e\u9762\u7684\u56de\u4e00\u4e0b"}, {"userName": "\u5fc3\u96c4\u4e07\u592b", "userReviewDate": "23\u5206\u949f\u524d", "userURL": "https://my.qidian.com/user/220552996", "userReview": "\u6ca1\u6709\u5973\u4e3b\u6709\u70b9\u5947\u602a"}, {"userName": "\u5fc3\u96c4\u4e07\u592b", "userReviewDate": "23\u5206\u949f\u524d", "userURL": "https://my.qidian.com/user/220552996", "userReview": "\u5973\u5e1d\u4e4b\u8def\uff01"}, {"userName": "\u795e\u57511946", "userReviewDate": "40\u5206\u949f\u524d", "userURL": "https://my.qidian.com/user/230713849", "userReview": "\u4e00\u697c10\u5e01\u5343\u697c\u4e00\u7ed3\u767d\u94f6\u5c01\u9876"}, {"userName": "\u7238\u7238\u7adf\u7136\u4e00\u4e00", "userReviewDate": "5\u5c0f\u65f6\u524d", "userURL": "https://my.qidian.com/user/230808389", "userReview": "\u5176\u5b9e\u6709\u7684\u4e66\uff0c\u4e3b\u89d2\u4e00\u4e2a\u597d\u540d\u5b57\u80fd\u8d77\u5230\u5f88\u597d\u7684\u4f5c\u7528\uff0c\u6709\u7684\u540d\u5b57\u80fd\u76f4\u63a5\u529d\u9000\u4e00\u4e9b\u5f3a\u8feb\u75c7\uff0c\u4f5c\u8005\u8fd9\u540d\u5b57\u53d6\u5f97\u5c31"}, {"userName": "\u66f8\u53cb513195352", "userReviewDate": "14\u5c0f\u65f6\u524d", "userURL": "https://my.qidian.com/user/9150097", "userReview": "\u53c8\u662f\u7b49\u66f4\u65b0\u2026\u2026"}, {"userName": "\u80a5\u732b\u7684\u60a0\u95f2\u65f6\u5149", "userReviewDate": "23\u5c0f\u65f6\u524d", "userURL": "https://my.qidian.com/user/227867181", "userReview": "\u6392\u540d\u6389\u7684\u597d\u5feb\u5440[fn=11]\u6709\u6ca1\u6709\u767d\u94f6\u76df\u4e3b[fn=10]"}, {"userName": "\u541b\u60dc\u96ea\u706c\u6c38\u6052", "userReviewDate": "\u6628\u65e511:28", "userURL": "https://my.qidian.com/user/316752147", "userReview": "\u7b7e\u5230 \u6253\u5361"}, {"userName": "\u4e00\u822c\u7684\u5c0f\u767d", "userReviewDate": "\u6628\u65e510:03", "userURL": "https://my.qidian.com/user/136856232", "userReview": "\u53ef\u6bcf\u6b21\u770b\u5230\u4e3b\u89d2\u7684\u540d\u5b57\uff0c\u5c31\u679c\u65ad\u70b9\u4e86\u53f3\u4e0a\u89d2\u3002\u3002\u3002\u5567\u5567\u5567"}, {"userName": "\u66fe\u7ecf\u7684\u4f60\u5df2\u901d\u7559\u4e0b\u4f24\u5fc3\u7684\u6211", "userReviewDate": "\u6628\u65e509:44", "userURL": "https://my.qidian.com/user/217122493", "userReview": "\u8fd9\u4e66\u4e00\u767e\u4e8c\u4e09\u5341\u7ae0\u8001\u662f\u6263\u4e66\u6c14\u503c\u662f\u4f5c\u8005\u89c9\u5f97\u6570\u636e\u7206\u4e86\u8fd9\u6837\u6263\u6389\uff1f"}, {"userName": "\u54c8\u54c8\u5927\u7b11\u6c5f\u6e56\u4eba", "userReviewDate": "\u6628\u65e507:42", "userURL": "https://my.qidian.com/user/223694020", "userReview": "\u7b7e\u5230\u6c34\u7ecf\u9a8c"}, {"userName": "\u96f7\u8574\u4e5d\u9704", "userReviewDate": "\u6628\u65e507:16", "userURL": "https://my.qidian.com/user/310691636", "userReview": "\u7b7e\u5230\u6c34\u7ecf\u9a8c"}], "description": "\u5fc3\u6f6e\u6f8e\u6e43\uff0c\u65e0\u9650\u5e7b\u60f3\uff0c\u8fce\u98ce\u6325\u51fb\u5343\u5c42\u6d6a\uff0c\u5c11\u5e74\u4e0d\u8d25\u70ed\u8840\uff01", "title": "\u4e66\u7c4d\u4f9b\u5e94\u5546", "url": "https://book.qidian.com/info/1011393312", "average": -1.0, "cover": "//qidian.qpic.cn/qdbimg/349573/1011393312/180", "reviews": -1, "authors": [{"url": "https://me.qidian.com/authorIndex.aspx?id=401936821", "name": "\u80d6\u4e4e\u4e4e\u7684\u6cb3\u9a6c"}], "type": ["\u7384\u5e7b", "\u5f02\u4e16\u5927\u9646"], "outlinks": ["https://book.qidian.com/info/1011393312", "https://book.qidian.com/info/1010980743", "https://book.qidian.com/info/1010980743", "https://book.qidian.com/info/1011121421", "https://book.qidian.com/info/1011121421", "https://book.qidian.com/info/1010378782", "https://book.qidian.com/info/1010378782", "https://book.qidian.com/info/1009240323", "https://book.qidian.com/info/1009240323", "https://book.qidian.com/info/1007386189", "https://book.qidian.com/info/1007386189", "https://book.qidian.com/info/1010828991", "https://book.qidian.com/info/1010828991", "https://book.qidian.com/info/1011988403", "https://book.qidian.com/info/1009595922", "https://book.qidian.com/info/1011844784", "https://book.qidian.com/info/1011892497", "https://book.qidian.com/info/1011095320", "https://book.qidian.com/info/1011996851", "https://book.qidian.com/info/1011856434", "https://book.qidian.com/info/1011879207", "https://book.qidian.com/info/1011833256", "https://book.qidian.com/info/1011967674"]}