{"ratings": 0.0, "userreviews": [{"userName": "\u83e0\u83dc\u9762\u7b4b", "userReviewDate": "2016-07-28", "userURL": "https://my.qidian.com/user/172296423", "userReview": "\u672c\u4e66\u4e66\u53cb\u7fa4\uff0c111*800*170\uff0c\u6b22\u8fce\u5927\u5bb6\u8fdb\u7fa4"}, {"userName": "\u4e66\u53cb140507110522809", "userReviewDate": "2017-11-27", "userURL": "https://my.qidian.com/user/186907150", "userReview": "\u5df2\u7ecf\u62dc\u8bfb\u5927\u4f5c\uff0c\u5927\u5927\u5199\u7684\u5f88\u7cbe\u5f69\uff0c\u613f\u5927\u5927\u65e9\u65e5\u6210\u795e\uff0c\u5927\u5927\u62bd\u7a7a\u53bb\u770b\u770b\u6211\u7684\u5c0f\u8bf4\uff0c\u8c0d\u4e2d\u8c0d\u4e4b\u98ce\u4e91\u518d\u8d77\uff0c\u7b14"}, {"userName": "\u4e66\u53cb140507110522809", "userReviewDate": "2017-11-27", "userURL": "https://my.qidian.com/user/186907150", "userReview": "\u5df2\u7ecf\u62dc\u8bfb\u5927\u5927\u5927\u4f5c\uff0c\u5e0c\u671b\u5927\u5927\u65e9\u65e5\u6210\u795e\uff0c\u5927\u5927\u62bd\u7a7a\u53bb\u770b\u770b\u6211\u7684\u5c0f\u8bf4\uff0c\u8c0d\u4e2d\u8c0d\u4e4b\u98ce\u4e91\u518d\u8d77\uff0c\u7b14\u540d\u96ea\u7eb7\u7eb7\uff0c"}, {"userName": "\u6211\u80fd\u6446S\u884c\u548cP\u884c", "userReviewDate": "2017-10-02", "userURL": "https://my.qidian.com/user/215247686", "userReview": "\u5728\u53e4\u4ee3\u5f00\u5de5\u548c\u6253\u9020\u4e1c\u897f\u662f\u4e0d\u662f\u592a\u5feb\u4e86\uff0c\u52a8\u4e0d\u52a8\u5c31\u51e0\u4e07\u51e0\u4e07\u7684\u3002"}, {"userName": "\u6587\u4ea6\u58a8", "userReviewDate": "2017-10-02", "userURL": "https://my.qidian.com/user/214186645", "userReview": "\u201c\u6709\u4eba\u770b\u5e7f\u544a\u5417\uff1f\u6c42\u6c42\u597d\u5fc3\u7684\u8bfb\u8005\u770b\u770b\u5427\u3002\u201d\u5c0f\u5973\u5b69\u5728\u5bd2\u98ce\u4e2d\u54b3\u55fd\u8270\u96be\u5fae\u5fae\u98a4\u6296\u7684\u8bf4\u51fa\u8fd9\u53e5\u8bdd\uff0c\u5979\u4e0d\u6562"}, {"userName": "\u957f.\u7a7a.\u65e0.\u654c", "userReviewDate": "2017-08-22", "userURL": "https://my.qidian.com/user/361327", "userReview": "\u7b49\u4f60\u641e\u6e05\u695a\u4ec0\u4e48\u53eb\u8f6c\u4e1a\uff1f\u4ec0\u4e48\u53eb\u590d\u5458\uff1f\u518d\u5199\u519b\u6587\uff01"}, {"userName": "\u60d8\u7136\u95ee\u5929", "userReviewDate": "2016-09-12", "userURL": "https://my.qidian.com/user/161560980", "userReview": "\u6709\u6bb5\u65f6\u95f4\u6ca1\u770b\u8fd9\u672c\u4e66\u4e86\uff0c\u6ca1\u60f3\u5230\u771f\u7684\u5b8c\u672c\u4e86\u3002\u5728\u8bc4\u8bba\u91cc\u4f5c\u8005\u89e3\u91ca\u4e86\u4e00\u4e0b\u8bf4\uff0c\u8fd9\u672c\u4e66\u6210\u7ee9\u592a\u5dee\uff0c\u51c6\u5907\u653e\u5f03"}, {"userName": "\u6211\u662f\u4e66\u866b4", "userReviewDate": "2016-08-17", "userURL": "https://my.qidian.com/user/200800830", "userReview": "\u8fd9\u672c\u4e66\u5199\u7684\u4e0d\u9519\uff0c\u5168\u8ba2\u4e86\u3002\u987a\u4fbf\u518d\u8bf4\u4e00\u4e0b\u6bcf\u6b21\u5927\u6218\u90fd\u662f\u9ad8\u9ad8\u4e3e\u8d77\u8f7b\u8f7b\u843d\u4e0b\u770b\u7684\u5f88\u4e0d\u723d"}], "description": "\u70ed\u8840\u6218\u6597\uff0c\u4fdd\u5bb6\u536b\u56fd\uff0c\u8a93\u6b7b\u5b88\u62a4\uff0c\u50b2\u9aa8\u65e0\u53cc\u94f8\u519b\u9b42\uff01", "title": "\u4e71\u4e16\u4e4b\u738b", "url": "https://book.qidian.com/info/1001336094", "average": -1.0, "cover": "//qidian.qpic.cn/qdbimg/349573/1001336094/180", "reviews": -1, "authors": [{"url": "https://me.qidian.com/authorIndex.aspx?id=5147504", "name": "\u83e0\u83dc\u9762\u7b4b"}], "type": ["\u519b\u4e8b", "\u519b\u4e8b\u6218\u4e89"], "outlinks": ["https://book.qidian.com/info/1001336094", "https://book.qidian.com/info/1010850032", "https://book.qidian.com/info/1010850032", "https://book.qidian.com/info/1009488224", "https://book.qidian.com/info/1009488224", "https://book.qidian.com/info/1011030601", "https://book.qidian.com/info/1011030601", "https://book.qidian.com/info/1009942152", "https://book.qidian.com/info/1009942152", "https://book.qidian.com/info/1004593754", "https://book.qidian.com/info/1004593754", "https://book.qidian.com/info/1004184877", "https://book.qidian.com/info/1004184877", "https://book.qidian.com/info/1004052452", "https://book.qidian.com/info/1004052452", "https://book.qidian.com/info/1009817670", "https://book.qidian.com/info/1009817670", "https://book.qidian.com/info/1011773651", "https://book.qidian.com/info/1011792881", "https://book.qidian.com/info/1011766727", "https://book.qidian.com/info/1011816033", "https://book.qidian.com/info/1011910483", "https://book.qidian.com/info/1011695819", "https://book.qidian.com/info/1011962771", "https://book.qidian.com/info/1011786182", "https://book.qidian.com/info/1011837374", "https://book.qidian.com/info/1011724908"]}