{"ratings": 0.0, "userreviews": [{"userName": "\u989f\u9878\u4eba\u65ee\u65ef\u65ed", "userReviewDate": "2018-06-05", "userURL": "https://my.qidian.com/user/308395172", "userReview": "\u7b7e\u5230\u6c34\u7ecf\u9a8c\u7b7e\u5230\u6c34\u7ecf\u9a8c\u7b7e\u5230\u6c34\u7ecf\u9a8c"}, {"userName": "\u989f\u9878\u4eba\u65ee\u65ef\u65ed", "userReviewDate": "2018-05-23", "userURL": "https://my.qidian.com/user/308395172", "userReview": "\u7b7e\u5230\u6c34\u7ecf\u9a8c\u7b7e\u5230"}, {"userName": "\u989f\u9878\u4eba\u65ee\u65ef\u65ed", "userReviewDate": "2018-05-01", "userURL": "https://my.qidian.com/user/308395172", "userReview": "\u652f\u6301\u4f60\u63a8\u8350\u79681\u5f20"}, {"userName": "\u989f\u9878\u4eba\u65ee\u65ef\u65ed", "userReviewDate": "2018-04-09", "userURL": "https://my.qidian.com/user/308395172", "userReview": "\u7b7e\u5230\u6c34\u7ecf\u9a8c\u7b7e\u5230\u6c34\u7ecf\u9a8c\u7b7e\u5230\u6c34\u7ecf\u9a8c"}, {"userName": "\u8001\u864e\u5927\u9505", "userReviewDate": "2018-04-07", "userURL": "https://my.qidian.com/user/216095867", "userReview": "\u5199\u7684\u6e58\u897f\u5dde\u6c38\u987a\u90a3\u8fb9\u5427\u3002"}, {"userName": "\u660e\u6708\u660e\u6708\u591c", "userReviewDate": "2018-04-05", "userURL": "https://my.qidian.com/user/139283260", "userReview": "\u633a\u51b7\u8840\u81ea\u79c1\u7684\u4eba"}, {"userName": "\u5345\u7051", "userReviewDate": "2018-03-20", "userURL": "https://my.qidian.com/user/314177919", "userReview": "\u4f5c\u8005\u80af\u5b9a\u6709\u4e8b\u53bb\u4e86\uff01\u53ef\u4ee5\u53bb\u770b\u770b\u300a\u5996\u5b7d\u4fee\u4ed9\u8bb0\u300b"}, {"userName": "\u590f\u65e5\u51ac\u8749", "userReviewDate": "2018-03-16", "userURL": "https://my.qidian.com/user/194874778", "userReview": "\u5367\u69fd\uff0c\u7adf\u7136\u592a\u76d1\u4e86\uff0c\u6211\u53ea\u662f\u653e\u8fb9\u4e0a\u517b\u4e00\u517b\u3002\u7ed3\u679c\u592a\u76d1\u4e86\uff01"}, {"userName": "\u5251\u9053\u706d\u5929", "userReviewDate": "2018-02-26", "userURL": "https://my.qidian.com/user/302565769", "userReview": "\u5927\u79e6\u4e89\u4e16\u597d\u770b"}, {"userName": "\u6e56\u4e4b\u5149", "userReviewDate": "2018-02-08", "userURL": "https://my.qidian.com/user/133032684", "userReview": "\u5199\u7684\u8fd8\u4e0d\u9519\uff0c\u5c31\u662f\u592a\u76d1\u4e86"}, {"userName": "\u9519\u5176\u4e00\u751f", "userReviewDate": "2018-01-31", "userURL": "https://my.qidian.com/user/211797298", "userReview": "\u6c34\u7684\u4e00\u584c\u7cca\u6d82\uff0c\u4e00\u767e\u7ae0\u4e86\u624d\u5f00\u4e2a\u5934\u3002\u8fd8\u5199\u4e86\u90a3\u4e48\u591a\u548c\u6545\u4e8b\u4e3b\u7ebf\u6ca1\u4efb\u4f55\u5173\u7cfb\u7684\u5e9f\u8bdd\u3002\u597d\u597d\u7684\u521b\u610f\u6784\u601d\u5199\u5d29"}, {"userName": "\u989f\u9878\u4eba\u65ee\u65ef\u65ed", "userReviewDate": "2018-01-19", "userURL": "https://my.qidian.com/user/308395172", "userReview": "\u7b7e\u5230\u652f\u6301\u4f60"}, {"userName": "\u8840\u715e\u5341\u4e09\u9e70", "userReviewDate": "2018-01-17", "userURL": "https://my.qidian.com/user/113426054", "userReview": "\u8bf4\u5b9e\u8bdd\uff0c\u8fd9\u672c\u4e66\u771f\u5fc3\u4e0d\u9519\uff0c\u552f\u4e00\u8ba9\u4eba\u4f5c\u5455\u7684\u662f\u76f4\u64ad\u5267\u60c5\uff0c\u771f\u662f\u5f88\u5f3a\u5927\uff0c\u529d\u9000\u529f\u80fd\u592a\u5f3a\u5927\u4e86\uff01"}, {"userName": "\u95fb\u8336\u9999", "userReviewDate": "2018-01-17", "userURL": "https://my.qidian.com/user/214446774", "userReview": "\u8d35\u4ed9\u771f\u4e71\u3002\u3002\u3002\u3002\u3002\u3002"}], "description": "\u4fee\u4ed9\u89c5\u957f\u751f\uff0c\u70ed\u8840\u4efb\u900d\u9065\uff0c\u8e0f\u83b2\u66f3\u6ce2\u6da4\u5251\u9aa8\uff0c\u51ed\u865a\u5fa1\u98ce\u5851\u5723\u9b42\uff01", "title": "\u4e71\u4ed9", "url": "https://book.qidian.com/info/1009908143", "average": -1.0, "cover": "//qidian.qpic.cn/qdbimg/349573/1009908143/180", "reviews": -1, "authors": [{"url": "https://me.qidian.com/authorIndex.aspx?id=4104622", "name": "\u897f\u74dc\u6709\u76ae\u4e0d\u597d\u5403"}], "type": ["\u4ed9\u4fa0", "\u73b0\u4ee3\u4fee\u771f"], "outlinks": ["https://book.qidian.com/info/1009908143", "https://book.qidian.com/info/1010926157", "https://book.qidian.com/info/1010926157", "https://book.qidian.com/info/1010804088", "https://book.qidian.com/info/1010804088", "https://book.qidian.com/info/1010434913", "https://book.qidian.com/info/1010434913", "https://book.qidian.com/info/1010159082", "https://book.qidian.com/info/1010159082", "https://book.qidian.com/info/1010859828", "https://book.qidian.com/info/1010859828", "https://book.qidian.com/info/1010920862", "https://book.qidian.com/info/1010920862", "https://book.qidian.com/info/3664670", "https://book.qidian.com/info/3664670", "https://book.qidian.com/info/1001756434", "https://book.qidian.com/info/1001756434", "https://book.qidian.com/info/1010859828", "https://book.qidian.com/info/1010859828", "https://book.qidian.com/info/1010327039", "https://book.qidian.com/info/1012016027", "https://book.qidian.com/info/1011630501", "https://book.qidian.com/info/1012010192", "https://book.qidian.com/info/1011834598", "https://book.qidian.com/info/1011672705", "https://book.qidian.com/info/1011966835", "https://book.qidian.com/info/1011940680", "https://book.qidian.com/info/1011491390", "https://book.qidian.com/info/1011995376"]}