{"ratings": 0.0, "userreviews": [], "description": "\u7b97\u547d\u63a2\u9669\u70b9\u98ce\u6c34\uff0c\u60ca\u609a\u4fa6\u63a2\u964d\u9b3c\u602a\uff0c\u6700\u4f20\u7edf\u4e2d\u56fd\u6587\u5316\uff0c\u6700\u795e\u79d8\u7075\u5f02\u4f20\u5947\uff01", "title": "\u4e71\u4e16\u9b3c\u5f71", "url": "https://book.qidian.com/info/1011459398", "average": -1.0, "cover": "//qidian.qpic.cn/qdbimg/349573/1011459398/180", "reviews": -1, "authors": [{"url": "https://me.qidian.com/authorIndex.aspx?id=10456010", "name": "\u6708\u4e2d\u7b11"}], "type": ["\u7075\u5f02", "\u7075\u5f02\u9b3c\u602a"], "outlinks": ["https://book.qidian.com/info/1011459398", "https://book.qidian.com/info/1011514146", "https://book.qidian.com/info/1011514146", "https://book.qidian.com/info/1010377890", "https://book.qidian.com/info/1010377890", "https://book.qidian.com/info/1010708805", "https://book.qidian.com/info/1010708805", "https://book.qidian.com/info/1005250294", "https://book.qidian.com/info/1005250294", "https://book.qidian.com/info/3542109", "https://book.qidian.com/info/3542109", "https://book.qidian.com/info/1009813600", "https://book.qidian.com/info/1009813600", "https://book.qidian.com/info/1009594622", "https://book.qidian.com/info/1009594622", "https://book.qidian.com/info/1011837610", "https://book.qidian.com/info/1011987732", "https://book.qidian.com/info/1011825122", "https://book.qidian.com/info/1011825450", "https://book.qidian.com/info/1011945422", "https://book.qidian.com/info/1011826884", "https://book.qidian.com/info/1011790544", "https://book.qidian.com/info/1011825290", "https://book.qidian.com/info/1011896879", "https://book.qidian.com/info/1011875452"]}