{"ratings": 0.0, "userreviews": [{"userName": "\u4e66\u53cb161120002248829", "userReviewDate": "2018-05-14", "userURL": "https://my.qidian.com/user/225702760", "userReview": "\u548b\u6837\uff1f\u7ed9\u4ecb\u7ecd\u4ecb\u7ecd\u3002"}, {"userName": "\u4e91\u5cf0\u65ad\u5203", "userReviewDate": "2018-05-10", "userURL": "https://my.qidian.com/user/152273417", "userReview": "\u600e\u4e48\u90fd\u6ca1\u4eba\u8bf4\u8bdd"}, {"userName": "\u4e91\u5cf0\u65ad\u5203", "userReviewDate": "2018-05-10", "userURL": "https://my.qidian.com/user/152273417", "userReview": "\u6c34\u70b9\u7ecf\u9a8c\u54c8"}], "description": "\u9192\u638c\u5929\u4e0b\u6743\uff0c\u9189\u5367\u7f8e\u4eba\u819d\uff0c\u4e94\u5343\u5e74\u98ce\u534e\u70df\u96e8\uff0c\u662f\u975e\u6210\u8d25\u8f6c\u5934\u7a7a\uff01", "title": "\u4e71\u5b8b\u4e4b\u6c34\u6d52\u98ce\u4e91", "url": "https://book.qidian.com/info/1011409961", "average": -1.0, "cover": "//qidian.qpic.cn/qdbimg/349573/1011409961/180", "reviews": -1, "authors": [{"url": "https://me.qidian.com/authorIndex.aspx?id=8823951", "name": "\u4e91\u4e2d\u5942123"}], "type": ["\u5386\u53f2", "\u4e24\u5b8b\u5143\u660e"], "outlinks": ["https://book.qidian.com/info/1011409961", "https://book.qidian.com/info/1010835759", "https://book.qidian.com/info/1010835759", "https://book.qidian.com/info/1003679398", "https://book.qidian.com/info/1003679398", "https://book.qidian.com/info/1010504939", "https://book.qidian.com/info/1010504939", "https://book.qidian.com/info/1010346227", "https://book.qidian.com/info/1010346227", "https://book.qidian.com/info/1004984009", "https://book.qidian.com/info/1004984009", "https://book.qidian.com/info/1009911459", "https://book.qidian.com/info/1009911459", "https://book.qidian.com/info/1004176489", "https://book.qidian.com/info/1004176489", "https://book.qidian.com/info/1005275772", "https://book.qidian.com/info/1005275772", "https://book.qidian.com/info/1009893059", "https://book.qidian.com/info/1009893059", "https://book.qidian.com/info/1010556387", "https://book.qidian.com/info/1010556387", "https://book.qidian.com/info/1011800596", "https://book.qidian.com/info/1010891668", "https://book.qidian.com/info/1011773910", "https://book.qidian.com/info/1011783347", "https://book.qidian.com/info/1011643843", "https://book.qidian.com/info/1011476924", "https://book.qidian.com/info/1011635441", "https://book.qidian.com/info/1009999928", "https://book.qidian.com/info/1006932473", "https://book.qidian.com/info/1005080011"]}