{"ratings": 0.0, "userreviews": [{"userName": "\u9f99\u7fd4\u5347\u817e", "userReviewDate": "2018-05-13", "userURL": "https://my.qidian.com/user/225451153", "userReview": "\u7b7e\u5230\u652f\u6301\u4e0b\u672c\u4e66"}, {"userName": "\u9526\u4e91\u5b89\u5a1c", "userReviewDate": "2018-05-03", "userURL": "https://my.qidian.com/user/308539961", "userReview": "\u597d\u7b11\u53c8\u597d\u770b\uff0c\u723d\uff01"}], "description": "\u501f\u4e09\u5c3a\u660e\u6708\uff0c\u8854\u4e24\u8896\u9752\u9f99\uff0c\u8f7b\u5251\u5feb\u9a6c\u6063\u610f\uff0c\u643a\u4fa3\u6c5f\u6e56\u540c\u6e38\uff01", "title": "\u4e7e\u5764\u6b66\u5e1d\u8bb0", "url": "https://book.qidian.com/info/1011837916", "average": -1.0, "cover": "//qidian.qpic.cn/qdbimg/349573/1011837916/180", "reviews": -1, "authors": [{"url": "https://me.qidian.com/authorIndex.aspx?id=400503973", "name": "\u9634\u5c71\u864e"}], "type": ["\u6b66\u4fa0", "\u4f20\u7edf\u6b66\u4fa0"], "outlinks": ["https://book.qidian.com/info/1011837916", "https://book.qidian.com/info/1011403661", "https://book.qidian.com/info/1011403661", "https://book.qidian.com/info/3129273", "https://book.qidian.com/info/3129273", "https://book.qidian.com/info/1010644368", "https://book.qidian.com/info/1010644368", "https://book.qidian.com/info/1003599017", "https://book.qidian.com/info/1003599017", "https://book.qidian.com/info/1011031802", "https://book.qidian.com/info/1011031802", "https://book.qidian.com/info/1009985500", "https://book.qidian.com/info/1009985500", "https://book.qidian.com/info/1011815974", "https://book.qidian.com/info/1011216976", "https://book.qidian.com/info/1012036528", "https://book.qidian.com/info/1011985057", "https://book.qidian.com/info/1011631528", "https://book.qidian.com/info/1011928444", "https://book.qidian.com/info/1011771234", "https://book.qidian.com/info/1011973127", "https://book.qidian.com/info/1005784137", "https://book.qidian.com/info/1011916945"]}