{"ratings": 0.0, "userreviews": [{"userName": "nerd__", "userReviewDate": "20\u5c0f\u65f6\u524d", "userURL": "https://my.qidian.com/user/153069842", "userReview": "\u5927\u54e5\u662f\u4e0d\u662f\u5bf9\u9017\u53f7\u7684\u7528\u6cd5\u6709\u4ec0\u4e48\u8bef\u4f1a"}, {"userName": "\u4e66\u53cb160618101326741", "userReviewDate": "2018-06-07", "userURL": "https://my.qidian.com/user/218643932", "userReview": "\u4e00\u770b\u6ca1\u6709\u6708\u7968\uff0c\u8fd8\u662f\u7ed9\u4f60\u6253\u8d4f\u4e86\u3002\u53ea\u6c42\u7206\u66f4\uff01\uff01"}, {"userName": "\u6311\u6218KS\u6781\u9650", "userReviewDate": "2018-06-06", "userURL": "https://my.qidian.com/user/312128841", "userReview": "\u96be\u5f97\u8001\u5c18\u7206\u66f4\u4e86\u6709\u7968\u7684\u5feb\u70b9\u6295\u4e0a\u6765"}, {"userName": "\u4e66\u53cb160618101326741", "userReviewDate": "2018-06-06", "userURL": "https://my.qidian.com/user/218643932", "userReview": "\u4f60\u4e00\u4e2a\u66dd\u66f4\u3002\u6211\u628a\u7968\u90fd\u6295\u4e86\u3002"}, {"userName": "\u51b0\u5c01\u5c0f\u9c7c", "userReviewDate": "2018-06-05", "userURL": "https://my.qidian.com/user/2779235", "userReview": "\u5199\u4e86\u8fd9\u4e48\u957f\u7684\u4e66\uff0c\u4f5c\u8005\u5927\u5927\u8f9b\u82e6\u4e86\u3002\u666f\u8a00\u66fe\u662f\u666f\u5bb6\u6700\u4f18\u79c0\u7684\u5929\u624d\uff0c\u5341\u516d\u5c81\u7a81\u7834\u6b66\u9053\u4e5d\u91cd\u5929\u8e0f\u5165\u5148\u5929\u4e4b\u5883"}, {"userName": "\u73af\u7403\u96c5\u601d", "userReviewDate": "2018-06-05", "userURL": "https://my.qidian.com/user/217133705", "userReview": "\u867d\u7136\u5f88\u597d\u770b   \u4f46\u662f\u592a\u78e8\u53fd\u4e86\u6253\u4e2a\u6392\u4f4d\u8fd9\u4e48\u78e8\u53fd   \u7ba1\u538b\u4f4f\u5c31\u5199\u4e86\u90a3\u4e48\u591a\u5f20   "}, {"userName": "\u989d\u662f\u4e66\u75f4", "userReviewDate": "2018-06-05", "userURL": "https://my.qidian.com/user/168647981", "userReview": "\u7b7e\u5230\u3002\u3002\u3002\u3002\u3002"}, {"userName": "\u6311\u6218KS\u6781\u9650", "userReviewDate": "2018-06-05", "userURL": "https://my.qidian.com/user/312128841", "userReview": "\u6253\u6b7b\u4ed6\u2026\u2026\u52a0\u6cb9"}, {"userName": "\u5730\u4e3b\u6765\u6536\u79df", "userReviewDate": "2018-06-04", "userURL": "https://my.qidian.com/user/14710001", "userReview": "\u53d1\u4e2a\u63a8\u8350\u7968\u7ea2\u5305\u4e00\u79d2\u62a2\u5149\u4e86\uff0c\u8fd9\u8fd8\u80fd\u5f00\u6302\uff1f\u7ea2\u5305\u62a2\u4e86\u63a8\u8350\u7968\u6ca1\u53d8\u5316\u4ec0\u4e48\u60c5\u51b5\uff1f"}, {"userName": "\u5730\u4e3b\u6765\u6536\u79df", "userReviewDate": "2018-06-04", "userURL": "https://my.qidian.com/user/14710001", "userReview": "\u4fdd\u5e95\u4e09\u5f20\u6708\u7968\u5168\u6295\u4e86\uff0c\u6bcf\u5929\u67098\u63a8"}, {"userName": "\u5730\u4e3b\u6765\u6536\u79df", "userReviewDate": "2018-06-04", "userURL": "https://my.qidian.com/user/14710001", "userReview": "\u770b\u5230\u6211\u7684\u8bc4\u8bba\u88ab\u5220\u6211\u624d\u77e5\u9053\u7248\u4e3b\u8fd8\u6d3b\u7740\u3002"}, {"userName": "\u989d\u662f\u4e66\u75f4", "userReviewDate": "2018-06-04", "userURL": "https://my.qidian.com/user/168647981", "userReview": "\u8981\u592a\u76d1\u4e86\u5417\uff1f[fn=17]"}, {"userName": "\u6211\u662f\u8001\u5927003", "userReviewDate": "2018-06-03", "userURL": "https://my.qidian.com/user/164148030", "userReview": "\u5927\u4f6c\u52a0\u6cb9\u2196(^\u03c9^)\u2197"}, {"userName": "\u6211\u662f\u8001\u5927003", "userReviewDate": "2018-06-03", "userURL": "https://my.qidian.com/user/164148030", "userReview": "\u5751\u8d27\u65e0\u6781\u9650"}], "description": "\u4e0a\u53e4\u4e16\u7eaa\u5f81\u6587\u53c2\u8d5b\u4f5c\u54c1", "title": "\u4e7e\u5764\u5251\u795e", "url": "https://book.qidian.com/info/3373635", "average": -1.0, "cover": "//qidian.qpic.cn/qdbimg/349573/3373635/180", "reviews": -1, "authors": [{"url": "https://me.qidian.com/authorIndex.aspx?id=4256571", "name": "\u5c18\u5c71"}], "type": ["\u7384\u5e7b", "\u4e1c\u65b9\u7384\u5e7b"], "outlinks": ["https://book.qidian.com/info/3373635", "https://book.qidian.com/info/1009285178", "https://book.qidian.com/info/1009285178", "https://book.qidian.com/info/1009329519", "https://book.qidian.com/info/1009329519", "https://book.qidian.com/info/1005031521", "https://book.qidian.com/info/1005031521", "https://book.qidian.com/info/1009810487", "https://book.qidian.com/info/1009810487", "https://book.qidian.com/info/1010000699", "https://book.qidian.com/info/1010000699", "https://book.qidian.com/info/1010799783", "https://book.qidian.com/info/1010799783", "https://book.qidian.com/info/1011988403", "https://book.qidian.com/info/1009595922", "https://book.qidian.com/info/1011844784", "https://book.qidian.com/info/1011892497", "https://book.qidian.com/info/1011095320", "https://book.qidian.com/info/1011996851", "https://book.qidian.com/info/1011856434", "https://book.qidian.com/info/1011879207", "https://book.qidian.com/info/1011833256", "https://book.qidian.com/info/1011967674"]}