{"ratings": 0.0, "userreviews": [], "description": "\u5fc3\u6f6e\u6f8e\u6e43\uff0c\u65e0\u9650\u5e7b\u60f3\uff0c\u8fce\u98ce\u6325\u51fb\u5343\u5c42\u6d6a\uff0c\u5c11\u5e74\u4e0d\u8d25\u70ed\u8840\uff01", "title": "\u4e89\u9738\u4ece\u539f\u59cb\u4eba\u5f00\u59cb", "url": "https://book.qidian.com/info/1011966140", "average": -1.0, "cover": "//qidian.qpic.cn/qdbimg/349573/1011966140/180", "reviews": -1, "authors": [{"url": "https://me.qidian.com/authorIndex.aspx?id=402353838", "name": "\u5982\u68a6\u554a"}], "type": ["\u7384\u5e7b", "\u4e1c\u65b9\u7384\u5e7b"], "outlinks": ["https://book.qidian.com/info/1011966140", "https://book.qidian.com/info/1003773921", "https://book.qidian.com/info/1003773921", "https://book.qidian.com/info/1010541675", "https://book.qidian.com/info/1010541675", "https://book.qidian.com/info/1010771389", "https://book.qidian.com/info/1010771389", "https://book.qidian.com/info/1010768815", "https://book.qidian.com/info/1010768815", "https://book.qidian.com/info/3425938", "https://book.qidian.com/info/3425938", "https://book.qidian.com/info/1009380408", "https://book.qidian.com/info/1009380408", "https://book.qidian.com/info/1011988403", "https://book.qidian.com/info/1009595922", "https://book.qidian.com/info/1011844784", "https://book.qidian.com/info/1011892497", "https://book.qidian.com/info/1011095320", "https://book.qidian.com/info/1011996851", "https://book.qidian.com/info/1011856434", "https://book.qidian.com/info/1011879207", "https://book.qidian.com/info/1011833256", "https://book.qidian.com/info/1011967674"]}