{"ratings": 0.0, "userreviews": [{"userName": "\u8840\u8272\u2192\u6fc0\u60c5", "userReviewDate": "\u6628\u65e508:54", "userURL": "https://my.qidian.com/user/107960624", "userReview": "\u770b\u51e1\u4eba\u4e5f\u5f88\u5927\u4e00\u90e8\u5206\u662f\u88ab\u5947\u529f\u5f02\u672f\u6240\u5438\u5f15\uff0c\u8fd9\u4e66\u53ef\u6ca1\u5565\uff0c\u4e3b\u89d2\u9664\u4e86\u6cd5\u5b9d\u5c31\u662f\u6cd5\u5b9d\uff0c\u6218\u6597\u8d77\u6765\u8fde\u4e2a\u9760\u8c31\u7684"}, {"userName": "hi\u5ba2", "userReviewDate": "2018-06-05", "userURL": "https://my.qidian.com/user/312922584", "userReview": "\u4e00\u5929\u4e00\u7ae0\uff0c\u592a\u6162\u4e86\uff01"}, {"userName": "\u8a2b\u3058\u2606ve\u308a", "userReviewDate": "2018-06-05", "userURL": "https://my.qidian.com/user/7227028", "userReview": "\u4f5c\u8005\u8fd8\u5728\u4e0a\u67b6\u611f\u8a00\uff0c\u4fe1\u8a93\u65e6\u65e6\u8981\u6784\u9020\u4e00\u4e2a\u5b8f\u5927\u7684\u4ed9\u4fa0\u4e16\u754c\u3002"}, {"userName": "\u5357\u65b9\u68a7\u6850", "userReviewDate": "2018-06-03", "userURL": "https://my.qidian.com/user/214365172", "userReview": "\u600e\u4e48\u7a81\u7136\u5c31\u51fa\u6765\u4e86\u8840\u7389\u8718\u86db\ud83d\udd77\ufe0f\uff1f"}, {"userName": "\u6d41\u5931de\u8bb0\u5fc6", "userReviewDate": "2018-06-01", "userURL": "https://my.qidian.com/user/10785892", "userReview": "\u6b64\u4e66\u8650\u4e3b\uff0c\u732a\u811a\u662f\u6253\u9171\u6cb9\u7684\uff0c\u6beb\u65e0\u723d\u70b9\uff0c\u6bcf\u5230\u6709\u70b9\u6fc0\u60c5\u65f6\u4e0b\u9762\u5c31\u4e0d\u89c1\u4e86\uff0c\u771f\u4f69\u670d\u4f5c\u8005\u600e\u4e48\u5199\u7684\u51fa\u6765\u7684\uff01"}, {"userName": "\u9ec4\u8c26", "userReviewDate": "2018-06-01", "userURL": "https://my.qidian.com/user/13473", "userReview": "\u7ae0\u8282\u597d\u50cf\u5bf9\u4e0d\u4e0a\uff0c\u597d\u6b79\u4e5f\u5199\u4e2a\u7b2c\u4e00\u7ae0\u7b2c\u4e8c\u7ae0\u4e4b\u7c7b\u7684\u5427\uff0c\u65e2\u4e0d\u6807\u6ce8\u7b2c\u51e0\u7ae0\uff0c\u6309\u987a\u5e8f\u770b\u53c8\u8fde\u4e0d\u4e0a\u3002"}, {"userName": "\u989c\u86f0", "userReviewDate": "2018-05-30", "userURL": "https://my.qidian.com/user/213894739", "userReview": "\u603b\u4f53\u8fd8\u884c\uff0c\u5e73\u6de1\u53d9\u8ff0\uff0c\u5982\u6c34\u7eaa\u4e8b\uff0c\u53ef\u4ee5\u4e00\u89c2"}, {"userName": "\u8f7b\u971c\u63fd\u5bd2\u6708", "userReviewDate": "2018-05-28", "userURL": "https://my.qidian.com/user/313168800", "userReview": "\u52c9\u5f3a\u770b\u51e0\u767e\u7ae0"}, {"userName": "\u8f7b\u971c\u63fd\u5bd2\u6708", "userReviewDate": "2018-05-28", "userURL": "https://my.qidian.com/user/313168800", "userReview": "\u7b7e\u5230\u6c34\u7ecf\u9a8c"}, {"userName": "Watson_H", "userReviewDate": "2018-05-25", "userURL": "https://my.qidian.com/user/174741554", "userReview": "\u4e66\u524d\u9762\u51e0\u4e2a\u76ee\u5f55\u91cc\u5199\u7684\u4ec0\u4e48\u73a9\u610f\u3002\u770b\u4e86\u534a\u5929\u8fd8\u4ee5\u4e3a\u662f\u7ae0\u8282\u3002\u725b\u5934\u4e0d\u5bf9\u9a6c\u5634\u7684\u3002\u641e\u4e86\u534a\u5929\u662f\u81ea\u5df1\u770b\u9519\u4e86"}, {"userName": "\u5341\u4e00\u767d\u6c34", "userReviewDate": "2018-05-25", "userURL": "https://my.qidian.com/user/160995110", "userReview": "\u52a0\u6cb9\u52a0\u6cb9\u52a0\u6cb9\u7ed9\u4f60\u6253\u5e7f\u544a\u4e86"}, {"userName": "\u5415\u5929\u867e4450", "userReviewDate": "2018-05-21", "userURL": "https://my.qidian.com/user/313355576", "userReview": "\u8fd9\u4e66\u66f4\u65b0\u7a33\u5b9a\u4e0d\uff0c\u7a33\u5b9a\u5c31\u8ba2\u9605\uff01"}, {"userName": "\u5929\u4e0b\u30021", "userReviewDate": "2018-05-15", "userURL": "https://my.qidian.com/user/200302780", "userReview": "\u8fd9\u5199\u4ec0\u4e48\u5440\u4e00\u70b9\u4e5f\u4e0d\u51e1\u4eba\u4e86"}, {"userName": "\u51e1\u4eba\u8001\u9b54", "userReviewDate": "2018-05-13", "userURL": "https://my.qidian.com/user/312266284", "userReview": "\u7b7e\u5230\u6c34\u7ecf\u9a8c"}], "description": "\u4fee\u4ed9\u89c5\u957f\u751f\uff0c\u70ed\u8840\u4efb\u900d\u9065\uff0c\u8e0f\u83b2\u66f3\u6ce2\u6da4\u5251\u9aa8\uff0c\u51ed\u865a\u5fa1\u98ce\u5851\u5723\u9b42\uff01", "title": "\u4e8c\u4e16\u4ed9\u51e1\u9053", "url": "https://book.qidian.com/info/1010430850", "average": -1.0, "cover": "//qidian.qpic.cn/qdbimg/349573/1010430850/180", "reviews": -1, "authors": [{"url": "https://me.qidian.com/authorIndex.aspx?id=400839893", "name": "\u695a\u4e4b\u56da"}], "type": ["\u4ed9\u4fa0", "\u53e4\u5178\u4ed9\u4fa0"], "outlinks": ["https://book.qidian.com/info/1010430850", "https://book.qidian.com/info/1004819200", "https://book.qidian.com/info/1004819200", "https://book.qidian.com/info/1004849611", "https://book.qidian.com/info/1004849611", "https://book.qidian.com/info/1010653177", "https://book.qidian.com/info/1010653177", "https://book.qidian.com/info/1005226595", "https://book.qidian.com/info/1005226595", "https://book.qidian.com/info/1007011016", "https://book.qidian.com/info/1007011016", "https://book.qidian.com/info/1010771394", "https://book.qidian.com/info/1010771394", "https://book.qidian.com/info/1012134557", "https://book.qidian.com/info/1012134557", "https://book.qidian.com/info/1010327039", "https://book.qidian.com/info/1012016027", "https://book.qidian.com/info/1011630501", "https://book.qidian.com/info/1012010192", "https://book.qidian.com/info/1011834598", "https://book.qidian.com/info/1011672705", "https://book.qidian.com/info/1011966835", "https://book.qidian.com/info/1011940680", "https://book.qidian.com/info/1011491390", "https://book.qidian.com/info/1011995376"]}