{"ratings": 0.0, "userreviews": [], "description": "\u661f\u6d77\u6f2b\u6e38\uff0c\u65f6\u7a7a\u7a7f\u68ad\uff0c\u673a\u68b0\u79d1\u6280\uff0c\u76ee\u6807\u662f\u672a\u77e5\u7684\u661f\u8fb0\u5927\u6d77\uff01", "title": "\u4e8c\u4e8c\u4e09\u4e94\uff0c\u6211\u7684\u5b87\u5b99", "url": "https://book.qidian.com/info/1011324411", "average": -1.0, "cover": "//qidian.qpic.cn/qdbimg/349573/1011324411/180", "reviews": -1, "authors": [{"url": "https://me.qidian.com/authorIndex.aspx?id=401209562", "name": "\u5cb3\u6765"}], "type": ["\u79d1\u5e7b", "\u672a\u6765\u4e16\u754c"], "outlinks": ["https://book.qidian.com/info/1011324411", "https://book.qidian.com/info/1011582857", "https://book.qidian.com/info/1011582857", "https://book.qidian.com/info/1007381925", "https://book.qidian.com/info/1007381925", "https://book.qidian.com/info/1006638484", "https://book.qidian.com/info/1006638484", "https://book.qidian.com/info/1004943579", "https://book.qidian.com/info/1004943579", "https://book.qidian.com/info/1003290643", "https://book.qidian.com/info/1003290643", "https://book.qidian.com/info/1002504797", "https://book.qidian.com/info/1002504797", "https://book.qidian.com/info/1011092232", "https://book.qidian.com/info/1011092232", "https://book.qidian.com/info/1011814764", "https://book.qidian.com/info/1011636462", "https://book.qidian.com/info/1012011143", "https://book.qidian.com/info/1011989615", "https://book.qidian.com/info/1011979302", "https://book.qidian.com/info/1011962232", "https://book.qidian.com/info/1012020634", "https://book.qidian.com/info/1011923738", "https://book.qidian.com/info/1012020834", "https://book.qidian.com/info/1011973977"]}