{"ratings": 0.0, "userreviews": [{"userName": "\u5415\u5929\u867e3375", "userReviewDate": "2018-06-04", "userURL": "https://my.qidian.com/user/313234452", "userReview": "\u7b7e\u5230\uff0c\u6c34\u7ecf\u9a8c\u3002"}, {"userName": "\u4e3a\u6211\u8d85\u7535\u78c1\u70ae\u6c38\u5b58\u4e8e\u4e16", "userReviewDate": "2018-06-03", "userURL": "https://my.qidian.com/user/201924826", "userReview": "\u4f5c\u8005\u53eb\u6211\u4eec\u4ece\u7b2c\u4e8c\u7ae0\u8282\u5f00\u59cb\u770b\uff0c\u8c01\u770b\u5f97\u61c2\u554a\uff0c\u679c\u65ad\u5f03\u4e66"}, {"userName": "\u5415\u5929\u867e3818", "userReviewDate": "2018-05-31", "userURL": "https://my.qidian.com/user/313019411", "userReview": "\u7b7e\u5230\u6253\u9171\u6cb9"}, {"userName": "\u5185\u5e0c\u4ec0", "userReviewDate": "2018-05-30", "userURL": "https://my.qidian.com/user/229809067", "userReview": "666  "}, {"userName": "\u5415\u5929\u867e3873", "userReviewDate": "2018-05-30", "userURL": "https://my.qidian.com/user/313053324", "userReview": "\u52a0\u6cb9\uff01\uff01\uff01\uff01\uff01"}, {"userName": "\u6253\u547c\u7684\u5c0f\u866b", "userReviewDate": "2018-05-30", "userURL": "https://my.qidian.com/user/159412026", "userReview": "\u69fd\u70b9\u6ee1\u6ee1\u554a"}, {"userName": "\u65cb\u5f8b\u7684\u5996\u7cbe", "userReviewDate": "2018-05-29", "userURL": "https://my.qidian.com/user/305967763", "userReview": "\u6709\u4eba\u8ba8\u538c\u9ec4\u6bdb\u5417\uff0c\u4f0a\u85e4\u8bda\u90a3\u4e2a"}, {"userName": "\u56de\u516c\u53f8\u6253\u8fc7\u6765\u5c31\u521a\u624d", "userReviewDate": "2018-05-26", "userURL": "https://my.qidian.com/user/211489896", "userReview": "\u6709\u70b9\u6076\u5fc3\uff0c\u5a18\u5316\u7684\u7537\u7684\u6709\u70b9\u591a\uff0c\u5200\u5251\u795e\u57df\u4e2d\u8fde\u7259\u738b\u548c\u827e\u5c14\u57fa\u90fd\u5a18\u5316\u4e86\uff0c\u592a\u6076\u5fc3\u4e86\u3002"}, {"userName": "\u4e00\u7c73\u516b\u7684\u975e\u6d32\u9ed1\u5230\u53cd\u5149\u54cd", "userReviewDate": "2018-05-21", "userURL": "https://my.qidian.com/user/308535288", "userReview": "\u4f5c\u8005\u52a0\u6cb9\u554a\u6211\u8fd8\u7b49\u7740\u66f4\u65b0\u5462"}, {"userName": "\u516b\u610f\u6c38\u7433AN", "userReviewDate": "2018-05-19", "userURL": "https://my.qidian.com/user/310062622", "userReview": "\u5b66\u6218\u90fd\u5e02\u3001\u8d85\u795e\u5b66\u9662\u3001\u843d\u7b2c\u9a91\u58eb\u82f1\u96c4\u8c2d\u3001\u55dc\u8840\u72c2\u88ad\u3001\u4e03\u4eba\u9b54\u6cd5\u4f7f\u3001\u5996\u7cbe\u7684\u5c3e\u5df4\u3001\u963f\u5c14\u6cf0\u5c14\u3001\u65a9\u59b9\u3001\u5883\u754c"}, {"userName": "\u03b6\uff1f\uff1f\uff1f\uff1f\uff1f\u68a6\u4e3a\u7687\uff1f\uff1f", "userReviewDate": "2018-05-16", "userURL": "https://my.qidian.com/user/187258588", "userReview": "\u8d85\u795e\u5b66\u9662\n"}, {"userName": "\u857e\u8299\u4e3d52013\u4fe1\u8005\u5b64\u72ec", "userReviewDate": "2018-05-16", "userURL": "https://my.qidian.com/user/312754177", "userReview": "\u6700\u60f3\u770b\u5e7b\u60f3\u4e61\u548c\u7ea6\u4f1a\u5927\u4f5c\u6218\uff0c\u70ae\u59d0\u4e5f\u4e0d\u9519"}, {"userName": "\u516b\u610f\u6c38\u7433AN", "userReviewDate": "2018-05-15", "userURL": "https://my.qidian.com/user/310062622", "userReview": "\u6700\u5f31\u65e0\u8d25\u795e\u88c5\u673a\u9f99\u3001\u7ea6\u4f1a\u5927\u4f5c\u6218\u3001\u72d0\u5996\u5c0f\u7ea2\u5a18\u3001\u5e7b\u60f3\u4e61"}, {"userName": "\u8ff7\u79bb\u5c0f\u7f94\u7f8a", "userReviewDate": "2018-05-12", "userURL": "https://my.qidian.com/user/162537049", "userReview": "\u6c34\u7ecf\u9a8c\u4e00\u4e8c\u4e09\u4e94\u963f\u65af\u5229\u5eb7\u7684\u8fd8\u671b\u5927\u5bb6\u54e6\u662f\u554a\u53c8\u8981\u6211\u53bb\u865a\u7a7a\u9886\u4e3b\u975e\u6253\u6211\u963f\u65af\u987f\u53d1\u653e\u7ed9"}], "description": "\u3010\u4e8c\u6b21\u5143\u7f51\u6587\u4e4b\u738b\uff1a\u4e00\u5e1d\u56db\u7687\u901a\u7f09\u4ee4\u3011\u53c2\u8d5b\u4f5c\u54c1", "title": "\u4e8c\u6b21\u5143\u4e4b\u5b9d\u5e93\u7cfb\u7edf", "url": "https://book.qidian.com/info/1010826943", "average": -1.0, "cover": "//qidian.qpic.cn/qdbimg/349573/1010826943/180", "reviews": -1, "authors": [{"url": "https://me.qidian.com/authorIndex.aspx?id=401286998", "name": "\u5355\u811a\u7684\u4e4c\u9e26"}], "type": ["\u4e8c\u6b21\u5143", "\u539f\u751f\u5e7b\u60f3", "\u4e8c\u6b21\u5143"], "outlinks": ["https://book.qidian.com/info/1010826943", "https://book.qidian.com/info/1009358321", "https://book.qidian.com/info/1009358321", "https://book.qidian.com/info/1007095236", "https://book.qidian.com/info/1007095236", "https://book.qidian.com/info/1009596508", "https://book.qidian.com/info/1009596508", "https://book.qidian.com/info/1010858722", "https://book.qidian.com/info/1010858722", "https://book.qidian.com/info/1009231560", "https://book.qidian.com/info/1009231560", "https://book.qidian.com/info/1003599680", "https://book.qidian.com/info/1003599680", "https://book.qidian.com/info/1011443057", "https://book.qidian.com/info/1011977706", "https://book.qidian.com/info/1011970575", "https://book.qidian.com/info/1011722301", "https://book.qidian.com/info/1012058179", "https://book.qidian.com/info/1010868275", "https://book.qidian.com/info/1012020887", "https://book.qidian.com/info/1011904081"]}