{"ratings": 0.0, "userreviews": [{"userName": "WTF\u5927\u82cf\u6253", "userReviewDate": "52\u5206\u949f\u524d", "userURL": "https://my.qidian.com/user/136312779", "userReview": "\u94a2\u70bc\u6ca1\u600e\u4e48\u770b\u8fc7\uff0c\u6240\u4ee5\u6ca1\u4ec0\u4e48\u611f\u89c9\uff0c\u5750\u7b49\u4e0b\u4e00\u4e2a\u5267\u60c5"}, {"userName": "\u75af\u4e0d\u8bb3", "userReviewDate": "4\u5c0f\u65f6\u524d", "userURL": "https://my.qidian.com/user/209726318", "userReview": "\u7b7e\u5230\u6c34\u7ecf\u9a8c~~~"}, {"userName": "\u8d85\u52a8\u6f2b\u72c2\u8ff7", "userReviewDate": "\u6628\u65e513:25", "userURL": "https://my.qidian.com/user/213673498", "userReview": "\u6700\u5f3a\u4e4b\u77db\u662f\u666e\u83b1\u5fb7\u7684\u5f71\u5b50\u5200\u2026\u2026"}, {"userName": "\u9038\u767d\u591c", "userReviewDate": "\u6628\u65e508:45", "userURL": "https://my.qidian.com/user/316698773", "userReview": "\u4ece\u53bb\u98df\u7075\u5f00\u59cb\u517b\uff0c\u4f5c\u8005\u541b\u597d\u597d\u5199\u7efc\u6f2b\u5f88\u5bb9\u6613\u8e66\uff0c\u6211\u8fd8\u7b49\u7740\u9762\u7801\u5462(\u2256_\u2256 )"}, {"userName": "\u65e0\u804a\u65e0\u804a\u4e2d\u4eba", "userReviewDate": "\u6628\u65e507:59", "userURL": "https://my.qidian.com/user/1022202", "userReview": "\u6709\u5723\u676f\u5927\u6218\u6ca1\u6709"}, {"userName": "yolozeya\u94f6\u6851", "userReviewDate": "\u6628\u65e506:46", "userURL": "https://my.qidian.com/user/213492217", "userReview": "\u611f\u89c9\u8d8a\u5199\u8d8a\u504f"}, {"userName": "\u9189\u82e5\u661f\u8fb0", "userReviewDate": "\u6628\u65e506:22", "userURL": "https://my.qidian.com/user/19251296", "userReview": "\u7b7e\u5230\u4e94\u4e2a\u5b57"}, {"userName": "\u9634\u9633\u754c\u4e3b", "userReviewDate": "\u6628\u65e500:29", "userURL": "https://my.qidian.com/user/86683", "userReview": "\u8a71\u8aaa\u70ba\u561b\u6c92\u6709\u8d08\u5e63\u6a13\uff0c\u6211\u4f86\u5f04\u597d\u4e86\uff0c\u4e00\u6a13\u5341\u5e63\uff0c\u4e00\u5343\u6a13\u4e00\u7d50\u842c\u6a13\u7d50\u675f ! \u311f( \u2594, \u2594 )\u310f"}, {"userName": "\u97f5\u6a58", "userReviewDate": "2018-06-07", "userURL": "https://my.qidian.com/user/304899639", "userReview": "\u4f60\u4eec\u671f\u5f85\u4f5c\u8005\u5199\u4ec0\u4e48\u4e16\u754c"}, {"userName": "\u4e50\u5c0f\u5ddd", "userReviewDate": "2018-06-07", "userURL": "https://my.qidian.com/user/231379408", "userReview": "\u5176\u5b9e\u5427\uff0c\u6211\u5c31\u662f\u7b49\u4f5c\u8005\u4ec0\u4e48\u65f6\u5019\u590d\u6d3b\u9762\u7801\u3002\u4e00\u76f4\u5728\u7b49"}, {"userName": "STEAN", "userReviewDate": "2018-06-07", "userURL": "https://my.qidian.com/user/302804006", "userReview": "\u80fd\u5199\u4e0b\u9f99\u738b\u7684\u5de5\u4f5c\u5417"}, {"userName": "92CF", "userReviewDate": "2018-06-07", "userURL": "https://my.qidian.com/user/210603266", "userReview": "\u54c8\u54c8\uff0c\u6211\u5c31\u559c\u6b22\u770b\u524d\u9762\u7684\u68cb\u9b42\u4e86\uff0c\u540e\u9762\u7684\u52a8\u6f2b\u90fd\u6ca1\u6709\u770b\u8fc7\u3002"}, {"userName": "switchmind", "userReviewDate": "2018-06-07", "userURL": "https://my.qidian.com/user/231033880", "userReview": "\u611f\u89c9\u4f5c\u8005\u5199\u65e5\u5e38\uff0c\u4fa7\u91cd\u667a\u529b\u53d1\u5c55\u7684\u8bdd\uff0c\u4e5f\u53ef\u4ee5\u8bd5\u4e00\u8bd5\u67ef\u5357\uff0c\u50cf\u52a8\u6f2b\u70ed\u5728\u67ef\u5357\u91cc\u7528\u6cd5\u533b\u77e5\u8bc6\u8d85\u8d8a\u67ef\u5357\uff0c\u611f"}, {"userName": "\u75af\u4e0d\u8bb3", "userReviewDate": "2018-06-07", "userURL": "https://my.qidian.com/user/209726318", "userReview": "\u7b7e\u5230\u6c34\u7ecf\u9a8c~~~"}], "description": "\u6fc0\u840c\u7684\u841d\u8389\uff0c\u70ed\u8840\u7684\u5c11\u5e74\uff0c\u4e3a\u6253\u7834\u6b21\u5143\u58c1\u4e00\u5f80\u65e0\u524d\uff01", "title": "\u4e8c\u6b21\u5143\u4e4b\u771f\u7406\u4e4b\u95e8", "url": "https://book.qidian.com/info/1010504607", "average": -1.0, "cover": "//qidian.qpic.cn/qdbimg/349573/1010504607/180", "reviews": -1, "authors": [{"url": "https://me.qidian.com/authorIndex.aspx?id=5091875", "name": "\u660e\u955c\u4f9d\u975e\u53f0"}], "type": ["\u4e8c\u6b21\u5143", "\u884d\u751f\u540c\u4eba", "\u4e8c\u6b21\u5143"], "outlinks": ["https://book.qidian.com/info/1010504607", "https://book.qidian.com/info/1005313885", "https://book.qidian.com/info/1005313885", "https://book.qidian.com/info/1009888024", "https://book.qidian.com/info/1009888024", "https://book.qidian.com/info/1006611211", "https://book.qidian.com/info/1006611211", "https://book.qidian.com/info/1009934766", "https://book.qidian.com/info/1009934766", "https://book.qidian.com/info/1009474533", "https://book.qidian.com/info/1009474533", "https://book.qidian.com/info/1006888030", "https://book.qidian.com/info/1006888030", "https://book.qidian.com/info/1003501014", "https://book.qidian.com/info/1003501014", "https://book.qidian.com/info/1011443057", "https://book.qidian.com/info/1011977706", "https://book.qidian.com/info/1011970575", "https://book.qidian.com/info/1011722301", "https://book.qidian.com/info/1012058179", "https://book.qidian.com/info/1010868275", "https://book.qidian.com/info/1012020887", "https://book.qidian.com/info/1011904081"]}