{"ratings": 0.0, "userreviews": [{"userName": "\u6697\u9ed1\u65e0\u654c\u55b5\u661f\u4eba", "userReviewDate": "2018-02-04", "userURL": "https://my.qidian.com/user/189533912", "userReview": "\u5927\u5bb6\u6765\u60f3\u4e00\u60f3\u9ec4\u5934\u53d1\u7684\u8fd8\u6709\u8c01\u554a\uff01\u5b59\u609f\u7a7a(\u897f\u6e38)\u9ec4\u51e4\u602a(\u897f\u6e38)\u3010\u8d5b\u4e9a\u4eba(\u4e03\u9f99\u73e0)\u3011\u6f29\u6da1\u9e23\u4eba(\u706b"}, {"userName": "\u6f06\u9ed1\u7684\u6728\u5076", "userReviewDate": "2017-07-11", "userURL": "https://my.qidian.com/user/223302914", "userReview": "\u9ec4\u6bdb\u5199\u5b57\u697c\uff0c\u8bf4\u8bf4\u4e8c\u6b21\u5143\u7684\u9ec4\u6bdb\u541b(\u6ca1\u6709\u4eba\u6ca1\u5173\u7cfb\uff0c\u6211\u81ea\u5df1\u66f4)"}, {"userName": "\u6ca1\u9519\u6211\u662f\u4f60\u7238\u7238", "userReviewDate": "2017-05-09", "userURL": "https://my.qidian.com/user/201897865", "userReview": "\u4fdd\u8bc1\u4e0d\u592a\u76d1\uff0c\u5b57\u6570\uff0c\u7ed9\u76df\u4e3b"}, {"userName": "\u6ca1\u9519\u6211\u662f\u4f60\u7238\u7238", "userReviewDate": "2017-04-22", "userURL": "https://my.qidian.com/user/201897865", "userReview": "\u4e0d\u8981\u79cd\u9a6c\uff0c\u7ee7\u7eed\u6253\u8d4f\u4e00\u4e2a\u76df\u4e3b"}, {"userName": "\u9ed8\u7791\u306e\u6b87", "userReviewDate": "5\u5c0f\u65f6\u524d", "userURL": "https://my.qidian.com/user/210895231", "userReview": "\u5bf9\u4e8eRBQ\u4ec0\u4e48\u7684\uff0c\u6211\u53ea\u80fd\u8bf4:\u8089\u53d8\u94b1"}, {"userName": "\u8c6a\u76df\u660a\u5c11", "userReviewDate": "2018-06-06", "userURL": "https://my.qidian.com/user/212896141", "userReview": "\u89c9\u5f97\u8fd9\u672c\u4e66\u5982\u679c\u4e0d\u662f\u56e0\u4e3a\u5220\u51cf\u7684\u5185\u5bb9\u592a\u591a\uff0c\u8ba9\u4eba\u4e0d\u5f97\u4e0d\u53bb\u770b\u76d7\u7248\u7684\u8bdd\u6210\u7ee9\u5e94\u8be5\u4f1a\u597d\u5f88\u591a\u7684\u5427\u3002"}, {"userName": "\u8c6a\u76df\u660a\u5c11", "userReviewDate": "2018-06-06", "userURL": "https://my.qidian.com/user/212896141", "userReview": "\u6709\u7fa4\u4e48\uff1f\u6c42"}, {"userName": "\u4e66\u53cb161112154810693", "userReviewDate": "2018-06-04", "userURL": "https://my.qidian.com/user/225457137", "userReview": "\u975e\u5e38\u70b9\u51fb\u91cf\u7684\u7684\u5c0f\u8bf4\uff0c\u300a\u6597\u7834\u82cd\u7a79\u300b\u2014\u2014\u2014\u2014\u2014\u975e\u5e38\u6c34\u5e73\u7684\u672b\u4e16\u5c0f\u8bf4\uff0c\u300a\u5b8c\u7f8e\u5f62\u6001\u300b\u2014\u2014\u2014\u2014\u2014\u975e\u5e38\u770b"}, {"userName": "zxftfgyxy", "userReviewDate": "2018-06-02", "userURL": "https://my.qidian.com/user/305115675", "userReview": "\u770b\u5230\u706b\u5f71\u611f\u89c9\u72af\u4e86\u5c34\u5c2c\u764c"}, {"userName": "GG\u7684\u725b\u5976", "userReviewDate": "2018-05-31", "userURL": "https://my.qidian.com/user/215959792", "userReview": "\u65e5\u5728\u6821\u56ed\uff0c\u6bd2\uff0c\u4f46\u662f\u4ed6\u6ca1\u80fd\u6bd2\u6b7b\u6211\uff0c\u7279\u522b\u662f\u8ba9\u8bda\u54e5\u548c\u6cf0\u4ecb\u641e\u57fa\uff0c\u8ba9\u4eba\u89c9\u5f97\u54ce\u54df\uff0c\u8fd8\u6709\u8fd9\u79cd\u64cd\u4f5c\u3002\u6216\u8bb8\u6709"}, {"userName": "\u61c2\u4eba\u5fc3\u7684\u738b", "userReviewDate": "2018-05-31", "userURL": "https://my.qidian.com/user/201352379", "userReview": "1.\u65a9\u8d64\u7ea2\u4e4b\u77b3\u91cc\u9762\u4e3b\u89d2\u63a8\u7ffb\u4e86\u5783\u573e\uff0c\u5f53\u4e0a\u7687\u5e1d\uff0c\u89e3\u6551\u4e86\u65e0\u6570\u6beb\u65e0\u5c0a\u4e25\u53ef\u8a00\u7684\u5e73\u6c112.fate/ze"}, {"userName": "\u534a\u5206\u7b1111111", "userReviewDate": "2018-05-27", "userURL": "https://my.qidian.com/user/214380806", "userReview": "\u5176\u5b9e\u6211\u6bd4\u8f83\u559c\u6b22another\u8fd9\u4e00\u7c7b\u7684\u540c\u4eba\uff0c\u4e0d\u8fc7\u53ef\u80fd\u662f\u6bd4\u8f83\u70e7\u8111\u5427\uff0c\u5199\u8fd9\u79cd\u7684\u4f5c\u8005\u90fd\u592a\u5c11\u4e86\u3002\u3002"}, {"userName": "zeatg", "userReviewDate": "2018-05-22", "userURL": "https://my.qidian.com/user/118021122", "userReview": "\u6d77\u8d3c\u90a3\u7bc7\u662f\u5199\u7684\u6700\u6709\u610f\u601d\u7684\uff0c\u4f5c\u8005\u5176\u5b9e\u5199\u7684\u633a\u52aa\u529b\u7684\uff0c\u81f3\u4e8e\u540e\u5bab\u95ee\u9898\uff0c\u4e8c\u6b21\u5143\u7537\u4e3b\u4e0d\u540e\u5bab\u548c\u54b8\u9c7c\u6709\u4ec0\u4e48"}, {"userName": "\u591c\u65e0\u5fc3\u4e36", "userReviewDate": "2018-05-15", "userURL": "https://my.qidian.com/user/216215480", "userReview": "\u7b7e\u5230\u3002\u3002\u3002"}], "description": "\u6fc0\u840c\u7684\u841d\u8389\uff0c\u70ed\u8840\u7684\u5c11\u5e74\uff0c\u4e3a\u6253\u7834\u6b21\u5143\u58c1\u4e00\u5f80\u65e0\u524d\uff01", "title": "\u4e8c\u6b21\u5143\u9ec4\u6bdb\u7cfb\u7edf", "url": "https://book.qidian.com/info/1003780024", "average": -1.0, "cover": "//qidian.qpic.cn/qdbimg/349573/1003780024/180", "reviews": -1, "authors": [{"url": "https://me.qidian.com/authorIndex.aspx?id=8286095", "name": "\u54c6\u5566i\u68a6"}], "type": ["\u4e8c\u6b21\u5143", "\u884d\u751f\u540c\u4eba", "\u4e8c\u6b21\u5143"], "outlinks": ["https://book.qidian.com/info/1003780024", "https://book.qidian.com/info/1010770545", "https://book.qidian.com/info/1010770545", "https://book.qidian.com/info/1010680093", "https://book.qidian.com/info/1010680093", "https://book.qidian.com/info/1009474533", "https://book.qidian.com/info/1009474533", "https://book.qidian.com/info/1010795394", "https://book.qidian.com/info/1010795394", "https://book.qidian.com/info/1010860831", "https://book.qidian.com/info/1010860831", "https://book.qidian.com/info/1010705930", "https://book.qidian.com/info/1010705930", "https://book.qidian.com/info/1010705930", "https://book.qidian.com/info/1010705930", "https://book.qidian.com/info/1011443057", "https://book.qidian.com/info/1011977706", "https://book.qidian.com/info/1011970575", "https://book.qidian.com/info/1011722301", "https://book.qidian.com/info/1012058179", "https://book.qidian.com/info/1010868275", "https://book.qidian.com/info/1012020887", "https://book.qidian.com/info/1011904081"]}