{"ratings": 0.0, "userreviews": [{"userName": "\u771f\u708e\u66b4\u541b", "userReviewDate": "2017-05-05", "userURL": "https://my.qidian.com/user/147647640", "userReview": "\u771f\u708e\u66b4\u541b\u6253\u8d4f\u9752\u68d8 50000\u8d77\u70b9\u5e01\u3000\u8fd9\u672c\u4e66\u5199\u7684\u592a\u597d\u4e86,\u7292\u52b3\u4e00\u4e0b\u5e0c\u671b\u540e\u7eed\u66f4\u7cbe\u5f69!"}, {"userName": "\u68a6\u751f~\u60a0\u58eb", "userReviewDate": "2016-11-15", "userURL": "https://my.qidian.com/user/205362016", "userReview": "\u68a6\u751f~\u60a0\u58eb\u6253\u8d4f\u9752\u68d8 100000\u8d77\u70b9\u5e01\u3000\u8fd9\u672c\u4e66\u5199\u7684\u592a\u597d\u4e86,\u7292\u52b3\u4e00\u4e0b\u5e0c\u671b\u540e\u7eed\u66f4\u7cbe\u5f69!"}, {"userName": "\u9752\u82b1\u68d8", "userReviewDate": "2016-10-22", "userURL": "https://my.qidian.com/user/226994454", "userReview": "\u7fa4\u53f7324-961-237"}, {"userName": "\u9752\u82b1\u68d8", "userReviewDate": "2016-10-06", "userURL": "https://my.qidian.com/user/226994454", "userReview": "\u6211\u4f1a\u914c\u60c5\u91c7\u53d6\u3002\u4e3b\u8981\u63a8\u8350\u65e5\u6587\u6b4c\uff0c\u82f1\u6587\u6b4c\u4e5f\u53ef\u4ee5\uff0c\u6cd5\u8bed\u6b4c\u5fb7\u8bed\u6b4c\u897f\u73ed\u7259\u6b4c\u4e5f\u53ef\u80fd\u4f1a\u91c7\u7eb3\u3002"}, {"userName": "Heigei3201", "userReviewDate": "2018-04-29", "userURL": "https://my.qidian.com/user/217465180", "userReview": "\u7b7e\u5230\u3002\u3002\u3002"}, {"userName": "Heigei3201", "userReviewDate": "2018-04-27", "userURL": "https://my.qidian.com/user/217465180", "userReview": "\u7b7e\u5230\u3002\u3002\u3002"}, {"userName": "\u51b0\u5fc3\u65e0\u660e", "userReviewDate": "2018-04-25", "userURL": "https://my.qidian.com/user/301606592", "userReview": "\u7fa4\u5462\u6ca1\u4e86\u5417"}, {"userName": "\u60e8\u8ff9\u7684\u591c", "userReviewDate": "2018-03-06", "userURL": "https://my.qidian.com/user/212757174", "userReview": "\u8fd9\u672c\u4e66\u771f\u5fc3\u4e0d\u9519\uff0c\u5c24\u5176\u662f\u5f00\u5934\uff0c\u8bf4\u51fa\u4e86\u6211\u5f88\u591a\u7684\u5fc3\u58f0\uff0c\u6709\u5f88\u5927\u7684\u5171\u9e23\u3002\u4e0d\u8fc7\uff0c\u4e2d\u671f\u4f5c\u8005\u662f\u4e0d\u662f\u5fc3\u4e71\u4e86\uff0c"}, {"userName": "\u5b78\u8457\u770b\u66f8", "userReviewDate": "2018-02-28", "userURL": "https://my.qidian.com/user/100412731", "userReview": "\u8fd9\u7c7b\u4f5c\u54c1\u8fd8\u662f\u770b\u4e0d\u61c2\uff0c\u52a8\u753b\u6211\u80fd\u770b\u61c2\uff0c\u4f46\u662f\u5c0f\u8bf4\u5c31\u4e0d\u80fd\u7406\u89e3\u4e3a\u4ec0\u4e48\u770b\u4e0d\u61c2\uff1f"}, {"userName": "temporada", "userReviewDate": "2018-02-27", "userURL": "https://my.qidian.com/user/212793688", "userReview": "\u53ef\u4ee5\u770b\u4e0b\u53bb"}, {"userName": "\u82cd\u5e08\u6211\u7ba1", "userReviewDate": "2018-02-23", "userURL": "https://my.qidian.com/user/151377715", "userReview": "\u6211\u627e\u4f60\u8fd9\u4e2a\u54c8\u65e5\u65cf\u7684\u6b4c\u66f2\u597d\u7d2f\u554a"}, {"userName": "\u9633\u5149\u4e0b\u7684\u7f81\u7eca", "userReviewDate": "2018-02-23", "userURL": "https://my.qidian.com/user/310144539", "userReview": "\u7b7e\u5230\u6c34\u7ecf\u9a8c"}, {"userName": "\u9633\u5149\u4e0b\u7684\u7f81\u7eca", "userReviewDate": "2018-02-23", "userURL": "https://my.qidian.com/user/310144539", "userReview": "\u7b7e\u5230\u6c34\u7ecf\u9a8c"}, {"userName": "\u4e66\u53cb20180105212201865", "userReviewDate": "2018-02-22", "userURL": "https://my.qidian.com/user/312403251", "userReview": "\uff0c\uff0c\uff08*\uff3e\u30ef\uff3e*\uff09\uff0c\uff0c"}], "description": "\u91cd\u751f\u8fc7\u53bb\u3001\u7545\u60f3\u672a\u6765\u3001\u68a6\u5e7b\u73b0\u5b9e\uff0c\u518d\u5851\u4f20\u5947\u4eba\u751f\uff01", "title": "\u4e8c\u6b21\u5143\u4e4b\u60a0\u95f2", "url": "https://book.qidian.com/info/1003498202", "average": -1.0, "cover": "//qidian.qpic.cn/qdbimg/349573/1003498202/180", "reviews": -1, "authors": [{"url": "https://me.qidian.com/authorIndex.aspx?id=4062129", "name": "\u9752\u68d8"}], "type": ["\u90fd\u5e02", "\u90fd\u5e02\u751f\u6d3b", "\u4e8c\u6b21\u5143"], "outlinks": ["https://book.qidian.com/info/1003498202", "https://book.qidian.com/info/1010771333", "https://book.qidian.com/info/1010771333", "https://book.qidian.com/info/1010635740", "https://book.qidian.com/info/1010635740", "https://book.qidian.com/info/1010216437", "https://book.qidian.com/info/1010216437", "https://book.qidian.com/info/1010802544", "https://book.qidian.com/info/1010802544", "https://book.qidian.com/info/1010027789", "https://book.qidian.com/info/1010027789", "https://book.qidian.com/info/1010781736", "https://book.qidian.com/info/1010781736", "https://book.qidian.com/info/3432304", "https://book.qidian.com/info/3432304", "https://book.qidian.com/info/1006888030", "https://book.qidian.com/info/1006888030", "https://book.qidian.com/info/1010279627", "https://book.qidian.com/info/1010279627", "https://book.qidian.com/info/1011880612", "https://book.qidian.com/info/1011880612", "https://book.qidian.com/info/1012058179", "https://book.qidian.com/info/1012058179", "https://book.qidian.com/info/1011932150", "https://book.qidian.com/info/1012029544", "https://book.qidian.com/info/1012015699", "https://book.qidian.com/info/1012018201", "https://book.qidian.com/info/1011879101", "https://book.qidian.com/info/1011790606", "https://book.qidian.com/info/1011971435", "https://book.qidian.com/info/1009695534", "https://book.qidian.com/info/1011890878", "https://book.qidian.com/info/1010537314"]}