{"ratings": 0.0, "userreviews": [{"userName": "\u68a6\u751f~\u60a0\u58eb", "userReviewDate": "2017-07-14", "userURL": "https://my.qidian.com/user/205362016", "userReview": "\u68a6\u751f~\u60a0\u58eb\u6253\u8d4f\u9752\u68d8 100000\u8d77\u70b9\u5e01  \u8fd9\u672c\u4e66\u5199\u7684\u592a\u597d\u4e86,\u7292\u52b3\u4e00\u4e0b\u5e0c\u671b\u540e\u7eed\u66f4\u7cbe\u5f69!"}, {"userName": "\u4e0d\u5f03\u7684\u4e16\u754c\u4e0d\u5f03\u7684\u6211", "userReviewDate": "2\u5c0f\u65f6\u524d", "userURL": "https://my.qidian.com/user/212375884", "userReview": "\u5efa\u4e2a\u7b7e\u5230\u697c\uff0c\u8ba9\u4f5c\u8005\u660e\u767d\u6709\u591a\u5c11\u4eba\u770b\uff0c\u4e0d\u8981\u30fd(\u2267\u0414\u2266)\u30ce\u5728\u8bc8\u5c38\u554a\u554a\u554a\uff01\uff01\uff01\uff01"}, {"userName": "\u6700\u7231\u767d\u4e9a", "userReviewDate": "2018-06-07", "userURL": "https://my.qidian.com/user/221665333", "userReview": "\u8bc8\u5c38\u4e86\uff0coh my god"}, {"userName": "\u6ca1\u6709\u4f60\u7684\u65e0\u804a\u4e16\u754c", "userReviewDate": "2018-06-07", "userURL": "https://my.qidian.com/user/217388909", "userReview": "\u66f4\u65b0\u516d\u7ae0\u5c31\u53c8\u575a\u6301\u4e0d\u4f4f\u4e86\uff1f"}, {"userName": "\u7d2b\u6e9f\u60c5", "userReviewDate": "2018-06-07", "userURL": "https://my.qidian.com/user/304656453", "userReview": "\u82b1Q\u3002\u3002\u3002\u53c8\u6ca1\u4e86"}, {"userName": "\u4e66\u53cb170222171331232", "userReviewDate": "2018-06-07", "userURL": "https://my.qidian.com/user/229937869", "userReview": "\u52a0\u6cb9\u554a\uff0c\u4e0d\u8981\u5728\u610f\u9ed1\u7c89\u54c8\uff0c\u8fd9\u4e2a\u4e66\u6536\u85cf\u4e86\u5feb\u4e00\u5e74\u4e86\u80fd\u66f4\u65b0\u5f88\u611f\u8c22\u4f5c\u8005\u5927\u5927\u575a\u6301\uff0c\u5e0c\u671b\u4f60\u80fd\u4e00\u76f4\u5199\u4e0b\u53bb\u5230"}, {"userName": "\u5973\u738b\u5927\u5927\u55b5", "userReviewDate": "2018-06-06", "userURL": "https://my.qidian.com/user/193722797", "userReview": "\u5929\u963f\u8bc8\u5c38\u4e86\uff01"}, {"userName": "\u7c73\u5927\u53efMidac", "userReviewDate": "2018-06-06", "userURL": "https://my.qidian.com/user/311132791", "userReview": "\uff1f\uff1f\uff1f\uff1f\uff1f\uff1f\u8fd9\u4e66\u5c45\u7136\u8fd8\u5728\u66f4\u65b0\uff1f\uff1f\uff1f\uff1f"}, {"userName": "\u4e66\u53cb20170705005627146", "userReviewDate": "2018-06-06", "userURL": "https://my.qidian.com/user/304684667", "userReview": "\u6211\u73b0\u5728\u770b\u5230\u4e09\u5341\u516b\u7ae0\uff0c\u6709\u70b9\u529d\u9000\u4e86\uff0c\u4f5c\u8005\u6545\u610f\u628a\u4e3b\u89d2\u60c5\u5546\u5199\u8fd9\u4e48\u4f4e\uff0c\u6b63\u5e38\u4eba\u90fd\u80fd\u611f\u53d7\u5230\uff0c\u6211\u518d\u575a\u6301\u51e0\u7ae0"}, {"userName": "\u5c3c\u535c\u51bb", "userReviewDate": "2018-06-06", "userURL": "https://my.qidian.com/user/223637884", "userReview": "\u6cd5\u514b\u53c8\u8df3\u7968\u4e86"}, {"userName": "\u4e66\u53cb20180215072717660", "userReviewDate": "2018-06-06", "userURL": "https://my.qidian.com/user/313749595", "userReview": "\u8bc8\u5c38\u4e86[fn=11]\u3002"}, {"userName": "\u4e66\u53cb20170319211917836", "userReviewDate": "2018-06-05", "userURL": "https://my.qidian.com/user/230974398", "userReview": "\u7b49\u4e86\u4f6010\u4e2a\u6708\uff0c\u6512\u4e8620\u7ae0"}, {"userName": "\u5982\u65e5\u6d41\u5e74", "userReviewDate": "2018-06-05", "userURL": "https://my.qidian.com/user/220729901", "userReview": "\u597d\u51e0\u6b21\u7a81\u7136\u8bc8\u5c38\u662f\u4ec0\u4e48\u9b3c"}, {"userName": "\u590f\u6d1bxl", "userReviewDate": "2018-06-05", "userURL": "https://my.qidian.com/user/309274019", "userReview": "\u5367\u69fd\u3002\u3002\u3002\u5343\u5e74\u8001\u50f5\u8bc8\u5c38\u4e86"}], "description": "\u6fc0\u840c\u7684\u841d\u8389\uff0c\u70ed\u8840\u7684\u5c11\u5e74\uff0c\u4e3a\u6253\u7834\u6b21\u5143\u58c1\u4e00\u5f80\u65e0\u524d\uff01", "title": "\u4e8c\u6b21\u5143\u7684\u653b\u7565\u751f\u6d3b", "url": "https://book.qidian.com/info/1006888030", "average": -1.0, "cover": "//qidian.qpic.cn/qdbimg/349573/1006888030/180", "reviews": -1, "authors": [{"url": "https://me.qidian.com/authorIndex.aspx?id=4062129", "name": "\u9752\u68d8"}], "type": ["\u4e8c\u6b21\u5143", "\u539f\u751f\u5e7b\u60f3", "\u4e8c\u6b21\u5143"], "outlinks": ["https://book.qidian.com/info/1006888030", "https://book.qidian.com/info/1010770545", "https://book.qidian.com/info/1010770545", "https://book.qidian.com/info/1004979702", "https://book.qidian.com/info/1004979702", "https://book.qidian.com/info/1010676216", "https://book.qidian.com/info/1010676216", "https://book.qidian.com/info/1010838269", "https://book.qidian.com/info/1010838269", "https://book.qidian.com/info/1010822580", "https://book.qidian.com/info/1010822580", "https://book.qidian.com/info/1010355882", "https://book.qidian.com/info/1010355882", "https://book.qidian.com/info/3432304", "https://book.qidian.com/info/3432304", "https://book.qidian.com/info/1003498202", "https://book.qidian.com/info/1003498202", "https://book.qidian.com/info/1010279627", "https://book.qidian.com/info/1010279627", "https://book.qidian.com/info/1011880612", "https://book.qidian.com/info/1011880612", "https://book.qidian.com/info/1012058179", "https://book.qidian.com/info/1012058179", "https://book.qidian.com/info/1011443057", "https://book.qidian.com/info/1011977706", "https://book.qidian.com/info/1011970575", "https://book.qidian.com/info/1011722301", "https://book.qidian.com/info/1012058179", "https://book.qidian.com/info/1010868275", "https://book.qidian.com/info/1012020887", "https://book.qidian.com/info/1011904081"]}