{"ratings": 0.0, "userreviews": [{"userName": "\u5475\u5475\u547529979", "userReviewDate": "2018-05-16", "userURL": "https://my.qidian.com/user/214995549", "userReview": "\u6e9c\u4e86\u6e9c\u4e86\uff0c"}, {"userName": "\u5fc3\u4e71\u5982\u9ebb_1992", "userReviewDate": "2018-04-20", "userURL": "https://my.qidian.com/user/187864692", "userReview": "\u4f5c\u8005\u8d77\u540d\u6ca1\u8c01\u4e86\uff0c\u53c8\u5efa\u4eba\u53c8\u5c14\u970d\u53c8\u5565\u6bd4\u7684\uff0c\u771f\u7279\u4e48\u9189\u4e86"}, {"userName": "\u865a\u65e0\u4f2a\u88c5", "userReviewDate": "2018-03-31", "userURL": "https://my.qidian.com/user/209550740", "userReview": "\u4f5c\u8005\u5f88\u559c\u6b22\u706b\u9f99\u4e48\uff1f\u52a8\u4e0d\u52a8\u5c31\u662f\u706b\u7684\u706d\u9f99\u9b54\u6cd5\uff0c\u5c0f\u706b\u9f99\u55b7\u706b\u9f99\uff0c\u4e4b\u540e\u53c8\u4e00\u4e2a\u706b\u9f99\u679c\u5b9e\uff08\u6076\u9b54\u679c\u5b9e\uff09\uff0c\u4e4b"}, {"userName": "\u67e0\u6aacIcecream", "userReviewDate": "2018-03-22", "userURL": "https://my.qidian.com/user/212609838", "userReview": "\u770b\u5230\u5b8c\u7ed3\u4e00\u767e\u591a\u4e07\u5b57 13\u4e2a\u63a8\u8350\u7968 \u5c31\u77e5\u9053\u5267\u6bd2 "}, {"userName": "\u8473\u8564\u6d41\u7148", "userReviewDate": "2018-03-22", "userURL": "https://my.qidian.com/user/214934030", "userReview": "\u624d\u770b\u4e86\u4e09\u7ae0\u5c31\u60f3\u5410\u69fd\u3002\u4e3b\u89d2\u88ab\u6253\u4f24\u7684\u5730\u65b9\u81ea\u6765\u4e5f\u770b\u4e0d\u5230\u5417\uff1f\u4e3b\u89d2\u662f\u81ea\u6765\u4e5f\u670b\u53cb\u7684\u513f\u5b50\uff0c\u800c\u4e14\u4e3b\u89d2\u7236\u6bcd\u8fd8"}, {"userName": "\u8fdc\u4e1c\u82f9\u679c", "userReviewDate": "2018-03-20", "userURL": "https://my.qidian.com/user/162371197", "userReview": "\u4f5c\u8005\u628a\u524d\u9762\u6539\u4e86\u5c31\u662f\u672c\u4e0d\u9519\u7684\u4e66\u4e86\u3002"}, {"userName": "\u4e36\u64ce\u4e28\u5929\u67f1", "userReviewDate": "2018-03-14", "userURL": "https://my.qidian.com/user/202652472", "userReview": "\u7b2c\u4e94\u7ae0\uff0c\u732a\u811a\u7528\u4e86B\u7ea7\u5fcd\u672f\u90fd\u6ca1\u4eba\u60ca\u8bb6\uff0c\u4ed6\u5bf9\u624b\u7528\u4e2aC\u7ea7\u522b\u4eba\u53cd\u800c\u60ca\u8bb6\u4e86\uff1f\uff1f\uff1f\u8fd8\u6709\u8fd9\u4e2a\u7834\u80fd\u529b\u592a\u96be\u770b"}, {"userName": "\u4e66\u53cb20171224202233702", "userReviewDate": "2018-03-11", "userURL": "https://my.qidian.com/user/312039040", "userReview": "\u770b\u5230\u8fd9\u90e8\u5c0f\u8bf4\u5c31\u60f3\u8d77\u4e4b\u524d\u8ffd\u4e86\u597d\u4e45\u7684\u706b\u5f71\u4e4b\u5361\u7687\uff0c\u53ef\u60dc\u592a\u76d1\u4e86\u3002"}, {"userName": "1025\u9f991025", "userReviewDate": "2018-02-24", "userURL": "https://my.qidian.com/user/169052805", "userReview": "\u8def\u8fc7\u6c34\u7ecf\u9a8c\u3002\u3002\u3002"}, {"userName": "\u6b64\u6b21\u94f6\u7ffc\u6740\u624b", "userReviewDate": "2018-02-22", "userURL": "https://my.qidian.com/user/228946960", "userReview": "\u706d\u9f99\u9b54\u6cd5\u600e\u4e48\u53ef\u80fd\u662f\u8840\u7edf\uff0c\u5c31\u7b97\u7528\u5230\u6700\u540e\u4f1a\u9f99\u5316\u5b83\u4e5f\u53ea\u662f\u9b54\u6cd5\u554a\uff0c\u6280\u80fd\u624d\u5bf9\u5427"}, {"userName": "\u7570\u7378\u6771\u5ddf\u9d6c", "userReviewDate": "2018-02-18", "userURL": "https://my.qidian.com/user/229072883", "userReview": "\u770b\u5230\u5f20\u70e8\u5c31\u8df3\u620f\uff0c\u4f60\u8fd9\u4e48\u76ae\uff0c\u6c34\u9c7c\u77e5\u9053\u4e48\uff0c\u4f60\u8ba9\u5f20\u8001\u5e08\u600e\u4e48\u60f3\uff0c\u6015\u4e0d\u662f\u8981\u4e00\u592a\u6781\u62f3\u9524\u762a\u4f60\u54df\u3002"}, {"userName": "\u771f\u6d45\u84dd\u8272", "userReviewDate": "2018-02-11", "userURL": "https://my.qidian.com/user/214966212", "userReview": "\u524d\u9762\u8fd8\u884c\u5427\uff0c\u540e\u9762\u7684\u5267\u60c5\u5c31\u770b\u4e0d\u4e0b\u53bb\u4e86"}, {"userName": "\u9ec4\u9526\u6d9b\u5440", "userReviewDate": "2018-02-04", "userURL": "https://my.qidian.com/user/230333053", "userReview": "\u671f\u5f85\u4f60\u7684\u7b2c\u4e09\u672c\u4e66\uff0c\u53e3\u888b\u5996\u602a~~~~"}, {"userName": "\u6b8b\u9633\u5982\u96ea\u5251\u5982\u96e8", "userReviewDate": "2018-02-01", "userURL": "https://my.qidian.com/user/190650015", "userReview": "\u80fd\u5efa\u4e2a\u7fa4\u5417\uff1f"}], "description": "\u6fc0\u840c\u7684\u841d\u8389\uff0c\u70ed\u8840\u7684\u5c11\u5e74\uff0c\u4e3a\u6253\u7834\u6b21\u5143\u58c1\u4e00\u5f80\u65e0\u524d\uff01", "title": "\u4e8c\u6b21\u5143\u5361\u724c\u7cfb\u7edf", "url": "https://book.qidian.com/info/1005233855", "average": -1.0, "cover": "//qidian.qpic.cn/qdbimg/349573/1005233855/180", "reviews": -1, "authors": [{"url": "https://me.qidian.com/authorIndex.aspx?id=9874744", "name": "\u9752\u6885\u716e\u5976\u8336"}], "type": ["\u4e8c\u6b21\u5143", "\u884d\u751f\u540c\u4eba", "\u4e8c\u6b21\u5143"], "outlinks": ["https://book.qidian.com/info/1005233855", "https://book.qidian.com/info/1010992527", "https://book.qidian.com/info/1010992527", "https://book.qidian.com/info/1010803087", "https://book.qidian.com/info/1010803087", "https://book.qidian.com/info/1010775322", "https://book.qidian.com/info/1010775322", "https://book.qidian.com/info/1010795394", "https://book.qidian.com/info/1010795394", "https://book.qidian.com/info/1010045749", "https://book.qidian.com/info/1010045749", "https://book.qidian.com/info/1010258570", "https://book.qidian.com/info/1010258570", "https://book.qidian.com/info/1011384119", "https://book.qidian.com/info/1011384119", "https://book.qidian.com/info/1011443057", "https://book.qidian.com/info/1011977706", "https://book.qidian.com/info/1011970575", "https://book.qidian.com/info/1011722301", "https://book.qidian.com/info/1012058179", "https://book.qidian.com/info/1010868275", "https://book.qidian.com/info/1012020887", "https://book.qidian.com/info/1011904081"]}