{"ratings": 0.0, "userreviews": [{"userName": "\u661f\u7a7a\u4e0b\u7684\u91cd\u70ae\u624b", "userReviewDate": "2018-06-07", "userURL": "https://my.qidian.com/user/309843578", "userReview": "\u5b8c\u7ed3\u6492\u82b1\uff0c\u671f\u5f856.1\u7684\u65b0\u4f5c\u3002"}, {"userName": "1025\u9f991025", "userReviewDate": "2018-06-07", "userURL": "https://my.qidian.com/user/169052805", "userReview": "\u7b7e\u5230\u3002\u3002\u3002\u3002"}, {"userName": "\u5415\u5929\u867e13683", "userReviewDate": "2018-06-06", "userURL": "https://my.qidian.com/user/316902718", "userReview": "\u6ca1\u4e8b\u6765\u7b7e\u5230"}, {"userName": "\u5929\u4e4b\u7f8e\u4eba\u4e4b\u7a77\u4e66\u4e4b\u5c11", "userReviewDate": "2018-06-06", "userURL": "https://my.qidian.com/user/310900124", "userReview": "\u65b0\u4e66\u554a\ud83d\ude0a\u3002"}, {"userName": "surperwudi1", "userReviewDate": "2018-06-05", "userURL": "https://my.qidian.com/user/172372910", "userReview": ".     "}, {"userName": "\u4e66\u53cb20180501171032974", "userReviewDate": "2018-06-05", "userURL": "https://my.qidian.com/user/316215559", "userReview": "\u65b0\u4f86\u7684 \u96e3\u9053\u8c6c\u8173\u90fd\u4e0d\u77e5\u9053\u5287\u60c5\u55ce \u4ed6\u4e0d\u662f\u7a7f\u8d8a\u4f86\u5230\u55ce\uff1f"}, {"userName": "\u4e66\u53cbnvlLOSrJzmac7a4", "userReviewDate": "2018-06-05", "userURL": "https://my.qidian.com/user/8846290", "userReview": "\u4f5c\u8005\u4e00\u8def\u778eYY\uff0cClannad\u8fd9\u79cd\u6539\u7f16\u6210\u6e38\u620f\u4e5f\u5728\u7eaf\u6b7b\u5b85\u91cc\u624d\u4f1a\u771f\u5f53\u6210\u795e\u4f5c\uff0c\u73b0\u5b9e\u91cc\u6709\u8fd9\u4e2a\u6e38\u620f\uff0c"}, {"userName": "\u5929\u4e4b\u7f8e\u4eba\u4e4b\u7a77\u4e66\u4e4b\u5c11", "userReviewDate": "2018-06-04", "userURL": "https://my.qidian.com/user/310900124", "userReview": "\u4e3a\u561b\u4f60\u7684\u4e66\u8981\u6838\u5b9e\u4e00\u4e2a\u661f\u671f\u5462\uff1f"}, {"userName": "\u4e00\u4e0d\u5c0f\u5fc3\u6e85\u5230\u4f60", "userReviewDate": "2018-06-03", "userURL": "https://my.qidian.com/user/214587640", "userReview": "\u5192\u6ce1\u3002\u3002\u3002"}, {"userName": "\u840c\u840c\u82f1\u68a8\u68a8", "userReviewDate": "2018-06-02", "userURL": "https://my.qidian.com/user/313017345", "userReview": "\u4f5c\u8005\u5927\u5927\u52a0\u6cb9(\u0e07 \u2022\u0300_\u2022\u0301)\u0e07\uff01\u65e0\u8bba\u4f60\u5728\u54ea\u91cc\u6211\u90fd\u4f1a\u8ddf\u7740\u4f60\u7684\uff01\u52a0\u6cb9\uff01(\u10e6\u2661\u203f\u2661\u10e6)I Li"}, {"userName": "\u5bc2\u5bde\u591c\u6708wl", "userReviewDate": "2018-06-01", "userURL": "https://my.qidian.com/user/215168388", "userReview": "\u7ed3\u5c40\u6709\u6bd2\uff01\uff01\uff01\uff01\uff01\u5657\uff01\uff01\uff01\uff01\uff01"}, {"userName": "\u5929\u4e4b\u7f8e\u4eba\u4e4b\u7a77\u4e66\u4e4b\u5c11", "userReviewDate": "2018-05-31", "userURL": "https://my.qidian.com/user/310900124", "userReview": "\u5feb\u5f00\u65b0\u4e66\u3002"}, {"userName": "\u6770\u5b87\u7684\u50b3\u8aaa", "userReviewDate": "2018-05-31", "userURL": "https://my.qidian.com/user/192992651", "userReview": "\u54b3\u54b3\uff0c\u51ed\u826f\u5fc3\u8bf4\uff0c\u9664\u4e86\u4e07\u5e74\u5904\u7537\u4ee5\u53ca\u540e\u671f\u9b54\u6539\uff0c\u5176\u4ed6\u90fd\u633a\u4e0d\u9519\u7684\uff0c\u671f\u5f856.1\u7684\u65b0\u4e66"}, {"userName": "\u51e1\u4e50\u9605\u4e66", "userReviewDate": "2018-05-30", "userURL": "https://my.qidian.com/user/211692937", "userReview": "\u7b7e\u5230   "}], "description": "\u3010\u4e8c\u6b21\u5143\u7f51\u6587\u4e4b\u738b\uff1a\u4e00\u5e1d\u56db\u7687\u901a\u7f09\u4ee4\u3011\u53c2\u8d5b\u4f5c\u54c1", "title": "\u4e8c\u6b21\u5143\u4e4b\u5e7b\u60f3\u7cfb\u7edf", "url": "https://book.qidian.com/info/1009474533", "average": -1.0, "cover": "//qidian.qpic.cn/qdbimg/349573/1009474533/180", "reviews": -1, "authors": [{"url": "https://me.qidian.com/authorIndex.aspx?id=7207386", "name": "\u94f6\u95ea\u4e4b\u98ce"}], "type": ["\u4e8c\u6b21\u5143", "\u884d\u751f\u540c\u4eba", "\u4e8c\u6b21\u5143"], "outlinks": ["https://book.qidian.com/info/1009474533", "https://book.qidian.com/info/1005313885", "https://book.qidian.com/info/1005313885", "https://book.qidian.com/info/1004979702", "https://book.qidian.com/info/1004979702", "https://book.qidian.com/info/1010770545", "https://book.qidian.com/info/1010770545", "https://book.qidian.com/info/1010344352", "https://book.qidian.com/info/1010344352", "https://book.qidian.com/info/1010676216", "https://book.qidian.com/info/1010676216", "https://book.qidian.com/info/1010627500", "https://book.qidian.com/info/1010627500", "https://book.qidian.com/info/1003798923", "https://book.qidian.com/info/1003798923", "https://book.qidian.com/info/1007647034", "https://book.qidian.com/info/1007647034", "https://book.qidian.com/info/1012171657", "https://book.qidian.com/info/1012171657", "https://book.qidian.com/info/1011443057", "https://book.qidian.com/info/1011977706", "https://book.qidian.com/info/1011970575", "https://book.qidian.com/info/1011722301", "https://book.qidian.com/info/1012058179", "https://book.qidian.com/info/1010868275", "https://book.qidian.com/info/1012020887", "https://book.qidian.com/info/1011904081"]}