{"ratings": 0.0, "userreviews": [{"userName": "AceSeven", "userReviewDate": "2017-12-24", "userURL": "https://my.qidian.com/user/170006913", "userReview": "\u4f5c\u8005\u7684\u54b8\u9c7c\u7a0b\u5ea6\u6709\u76ee\u5171\u7779\uff0c\u867d\u7136\u662f\u60f3\u65e5\u66f410\u7ae0\uff0c\u5948\u4f55\u809d\u5df2\u7ecf\u5728\u4ee5\u524d\u73a9\u5d29\u5d29\u5d29\u7684\u65f6\u5019\u5c31\u4f7f\u7528\u8fc7\u5ea6\u256e(\u256f"}, {"userName": "\u5415\u5929\u867e4335", "userReviewDate": "21\u5c0f\u65f6\u524d", "userURL": "https://my.qidian.com/user/313353879", "userReview": "\u7ea2\u7ea2\u706b\u706b\u604d\u604d"}, {"userName": "\u4e66\u53cb150411192930232", "userReviewDate": "21\u5c0f\u65f6\u524d", "userURL": "https://my.qidian.com/user/201538980", "userReview": "\u70c2\u5c3e\u4e5f\u597d\u9668\u77f3\u9041\u4e5f\u597d\uff0c\u522b\u592a\u76d1\u597d\u4e0d\u597d\uff0c\u5f88\u96be\u53d7\u7684"}, {"userName": "\u8bd7\u4f73\u543e\u7231", "userReviewDate": "\u6628\u65e511:59", "userURL": "https://my.qidian.com/user/225332162", "userReview": "\u6211\u521a\u770b\u5230\u7b2c12\u7ae0\uff0c\u544a\u8bc9\u6211\uff0c\u4ed6\u4eec\u662f\u518d\u54ea\u4e00\u7ae0\u957f\u5927\u4e86\u7684\uff0c\u6211\u76f4\u63a5\u8df3\u5230\u90a3\u91cc\u53bb"}, {"userName": "\u591c\u5b50\u6668\u9e23", "userReviewDate": "2018-06-07", "userURL": "https://my.qidian.com/user/306565754", "userReview": "\u4f5c\u8005\u5934\u50cf\u8ba9\u4eba\u6ca1\u6709\u9605\u8bfb\u7684\u6b32\u671b\u3002"}, {"userName": "\u6781\u6b7b\u4e03\u591c\u5fd7\u8d35", "userReviewDate": "2018-06-05", "userURL": "https://my.qidian.com/user/230955908", "userReview": "\u66f4\u65b0\u6162\u6162\u6765"}, {"userName": "\u661f\u7a7a\u5c0f\u9e1f", "userReviewDate": "2018-06-02", "userURL": "https://my.qidian.com/user/202394914", "userReview": "\u98de \u82a6\u6709\u672c\u540d\u5b57\u4e00\u6837\u7684\u51e0\u767e\u4e07\u5b57\u4e86\u3002"}, {"userName": "\u661f\u7a7a\u5c0f\u9e1f", "userReviewDate": "2018-05-27", "userURL": "https://my.qidian.com/user/202394914", "userReview": "******\u6709\u672c\u540d\u5b57\u4e00\u6837\u7684\u4e0d\u77e5\u9053\u51e0\u767e\u4e07\u5b57\u4e86"}, {"userName": "\u9690\u5929\u673a", "userReviewDate": "2018-05-11", "userURL": "https://my.qidian.com/user/211885435", "userReview": "\u6240\u4ee5\u8bf4\u4e3b\u89d2\u4e4b\u540e\u4f1a\u88ab\u611f\u5316\uff1f"}, {"userName": "\u516b\u4e91\uff0d\u7d2b", "userReviewDate": "2018-04-23", "userURL": "https://my.qidian.com/user/131161125", "userReview": "\u5267\u60c5\u5f88\u6bd2\uff0c\u5e7c\u513f\u56ed\u65f6\u662f\u6696\u7537\uff0c\u5bf9\u4e0d\u7ba1\u7537\u5973\u90fd\u5f88\u548c\u5584\uff0c\u5237\u4e86\u597d\u591a\u5973\u4e3b\u7684\u597d\u611f\u5ea6\uff0c\u90fd\u5230\u4e8680.90\u5c31\u662f\u5728"}, {"userName": "\u817e\u543e", "userReviewDate": "2018-04-07", "userURL": "https://my.qidian.com/user/168318742", "userReview": "\u8ffd\u7d2f\u4e86\uff0c\u6e9c\u4e86"}, {"userName": "sekck", "userReviewDate": "2018-04-01", "userURL": "https://my.qidian.com/user/168859664", "userReview": "\u66f4\u65b0\u6709\u70b9\u6162"}, {"userName": "sekck", "userReviewDate": "2018-03-28", "userURL": "https://my.qidian.com/user/168859664", "userReview": "\u52a0\u6cb9\uff0c\u867d\u7136\u4e0d\u559c\u6b22\u7537\u4e3b\u7684\u884c\u4e3a\u3002"}, {"userName": "\u70ab\u5f69\u598d\u5e0c", "userReviewDate": "2018-03-20", "userURL": "https://my.qidian.com/user/231313891", "userReview": "\u51c9\u4e86\u51c9\u4e86   \u592a\u76d1\u4e86"}], "description": "\u3010\u4e8c\u6b21\u5143\u7f51\u6587\u4e4b\u738b\uff1a\u4e00\u5e1d\u56db\u7687\u901a\u7f09\u4ee4\u3011\u53c2\u8d5b\u4f5c\u54c1", "title": "\u4e8c\u6b21\u5143\u4f20\u6559\u58eb", "url": "https://book.qidian.com/info/1010355882", "average": -1.0, "cover": "//qidian.qpic.cn/qdbimg/349573/1010355882/180", "reviews": -1, "authors": [{"url": "https://me.qidian.com/authorIndex.aspx?id=4276689", "name": "\u4eca\u9752"}], "type": ["\u4e8c\u6b21\u5143", "\u9752\u6625\u65e5\u5e38", "\u4e8c\u6b21\u5143"], "outlinks": ["https://book.qidian.com/info/1010355882", "https://book.qidian.com/info/1009939696", "https://book.qidian.com/info/1009939696", "https://book.qidian.com/info/1004979702", "https://book.qidian.com/info/1004979702", "https://book.qidian.com/info/1009231560", "https://book.qidian.com/info/1009231560", "https://book.qidian.com/info/1010344352", "https://book.qidian.com/info/1010344352", "https://book.qidian.com/info/1010676216", "https://book.qidian.com/info/1010676216", "https://book.qidian.com/info/1009890992", "https://book.qidian.com/info/1009890992", "https://book.qidian.com/info/3384553", "https://book.qidian.com/info/3384553", "https://book.qidian.com/info/1011443057", "https://book.qidian.com/info/1011977706", "https://book.qidian.com/info/1011970575", "https://book.qidian.com/info/1011722301", "https://book.qidian.com/info/1012058179", "https://book.qidian.com/info/1010868275", "https://book.qidian.com/info/1012020887", "https://book.qidian.com/info/1011904081"]}