{"ratings": 0.0, "userreviews": [{"userName": "SISIISSISISI", "userReviewDate": "2018-06-06", "userURL": "https://my.qidian.com/user/3116607", "userReview": "\u7b2c\u4e00\u6b21\u89c1\u5230\u4e94\u5341\u4e03\u73a9\u70b9\u51fb\u4e8c\u5341\u4e8c\u4e66\u8bc4\u7684\u4e66\u3002\u3002\u3002\u3002\u6c42\u771f\u6bd2\u8fd8\u662f\u8349"}, {"userName": "\u9189\u773c\u6311\u706f\u770b\u4e66", "userReviewDate": "2018-06-06", "userURL": "https://my.qidian.com/user/230528691", "userReview": "\u7b7e\u5230\u4e86\u3002\u3002\u3002"}, {"userName": "\u75be\u98ce\u5251\u8c6a\u538b\u7f29", "userReviewDate": "2018-06-04", "userURL": "https://my.qidian.com/user/215681231", "userReview": "\u5267\u6bd2\uff01\uff01\uff01\uff01"}, {"userName": "\u9189\u773c\u6311\u706f\u770b\u4e66", "userReviewDate": "2018-05-23", "userURL": "https://my.qidian.com/user/230528691", "userReview": "\u7b7e\u5230\u4e86\u3002\u3002\u3002"}, {"userName": "\u9189\u773c\u6311\u706f\u770b\u4e66", "userReviewDate": "2018-05-18", "userURL": "https://my.qidian.com/user/230528691", "userReview": "\u7b7e\u5230\u4e86\u3002\u3002\u3002"}, {"userName": "\u79f0\u5b64\u6bbf\u4e0b", "userReviewDate": "2018-04-23", "userURL": "https://my.qidian.com/user/220562490", "userReview": "\u6bd2\uff0c\u5f88\u6bd2\uff0c\u9ed8\u9ed8\u65e0\u95fb\u7684\u6bd2\uff0c\u6beb\u65e0\u75d5\u8ff9\u7684\u6bd2\uff0c\u770b\u4e86100\u591a\u7ae0\uff0c\u5982\u679c\u4e0d\u662f\u6211\u78b0\u6bd2\u65e0\u6570\u90fd\u4e0d\u77e5\u9053\u6211\u5df2\u7ecf\u4e2d\u6bd2"}, {"userName": "\u4ef0\u8138\u7b49\u62bd", "userReviewDate": "2018-04-19", "userURL": "https://my.qidian.com/user/228694174", "userReview": "\u6562\u95ee\u795e\u519c\u5927\u4eba\u6b64\u4e66\u6bd2\u5426\uff1f"}, {"userName": "\u7384\u53f2\u6218\u5947\u90fd", "userReviewDate": "2018-04-17", "userURL": "https://my.qidian.com/user/169072702", "userReview": "\u770b\u4e86\u4e09\u767e\u591a\u7ae0\uff0c\u611f\u89c9\u4e3b\u89d2\u6ca1\u6709\u7537\u5b50\u6c49\u6c14\u6982\u554a\u3002"}, {"userName": "\u6dcb\u6f132\u80d6", "userReviewDate": "2018-04-07", "userURL": "https://my.qidian.com/user/213154177", "userReview": "\u6709\u6ca1\u6709\u6bd2\uff1f\u53ea\u6709\u81ea\u5df1\u8bd5\u8fc7\u624d\u77e5\u9053\uff0c\u841d\u535c\u9752\u83dc\u5404\u6709\u6240\u7231"}, {"userName": "\u65b9\u6d1b\u5d16", "userReviewDate": "2018-04-02", "userURL": "https://my.qidian.com/user/215069533", "userReview": "\u600e\u4e48\u6210\u7ee9\u8fd9\u4e48\u5dee\u554a \u662f\u4e0d\u662f\u6709\u6bd2\u554a"}, {"userName": "\u4e66\u53cb20180328105218643", "userReviewDate": "2018-04-01", "userURL": "https://my.qidian.com/user/315131304", "userReview": "\u7b7e\u5230\u6c34\u7ecf\u9a8c"}, {"userName": "\u521d\u4e00\u4e0d\u89c1\u5341\u4e94", "userReviewDate": "2018-03-27", "userURL": "https://my.qidian.com/user/312333384", "userReview": "\u611f\u89c9  \u6709\u6bd2\u5427\uff01"}, {"userName": "\u02c9\u5b50\u66f0", "userReviewDate": "2018-03-10", "userURL": "https://my.qidian.com/user/190157187", "userReview": "\u7b2c89\u7ae0   \u59d3\u4eac\u7684\u4e0d\u662f\u6b7b\u4e86\u5417"}, {"userName": "\u674f\u6797\u6a59\u5b50", "userReviewDate": "2018-03-10", "userURL": "https://my.qidian.com/user/304847044", "userReview": "\u5927\u79e6\u738b\u671d\u7684\u7687\u65cf\u600e\u4e48\u59d3\u79e6\u5440\uff0c\u53ea\u662f\u4e2a\u5c0f\u7ec6\u8282\uff0c\u65e0\u5173\u75db\u75d2\uff0c\u53ea\u662f\u60f3\u8bf4\u671d\u4ee3\u4e0e\u59d3\u6c0f\u4e00\u822c\u662f\u4e0d\u540c\u7684\uff0c\u8fd9\u4e0e\u98ce\u6c34"}], "description": "\u9192\u638c\u5929\u4e0b\u6743\uff0c\u9189\u5367\u7f8e\u4eba\u819d\uff0c\u4e94\u5343\u5e74\u98ce\u534e\u70df\u96e8\uff0c\u662f\u975e\u6210\u8d25\u8f6c\u5934\u7a7a\uff01", "title": "\u4e8c\u8d27\u5c0f\u738b\u7237", "url": "https://book.qidian.com/info/1010866813", "average": -1.0, "cover": "//qidian.qpic.cn/qdbimg/349573/1010866813/180", "reviews": -1, "authors": [{"url": "https://me.qidian.com/authorIndex.aspx?id=7382484", "name": "\u865a\u5ea6\u4eba\u751f"}], "type": ["\u5386\u53f2", "\u67b6\u7a7a\u5386\u53f2"], "outlinks": ["https://book.qidian.com/info/1010866813", "https://book.qidian.com/info/1010479495", "https://book.qidian.com/info/1010479495", "https://book.qidian.com/info/1010069112", "https://book.qidian.com/info/1010069112", "https://book.qidian.com/info/1009643186", "https://book.qidian.com/info/1009643186", "https://book.qidian.com/info/1009261642", "https://book.qidian.com/info/1009261642", "https://book.qidian.com/info/1004951918", "https://book.qidian.com/info/1004951918", "https://book.qidian.com/info/1010023856", "https://book.qidian.com/info/1010023856", "https://book.qidian.com/info/1003578610", "https://book.qidian.com/info/1003578610", "https://book.qidian.com/info/1004170308", "https://book.qidian.com/info/1004170308", "https://book.qidian.com/info/1009881677", "https://book.qidian.com/info/1009881677", "https://book.qidian.com/info/1010614347", "https://book.qidian.com/info/1010614347", "https://book.qidian.com/info/1011800596", "https://book.qidian.com/info/1010891668", "https://book.qidian.com/info/1011773910", "https://book.qidian.com/info/1011783347", "https://book.qidian.com/info/1011643843", "https://book.qidian.com/info/1011476924", "https://book.qidian.com/info/1011635441", "https://book.qidian.com/info/1009999928", "https://book.qidian.com/info/1006932473", "https://book.qidian.com/info/1005080011"]}