{"ratings": 0.0, "userreviews": [{"userName": "\u6765\u4e0d\u53ca\u5fe7\u4f24", "userReviewDate": "2018-06-03", "userURL": "https://my.qidian.com/user/118984839", "userReview": "\u300a\u4e8c\u9752\u300b\u8fd9\u4e66\u540d\uff0c\u662f\u6211\u5728\u5199\u597d\u5927\u7eb2\uff0c\u60f3\u4e66\u540d\u7684\u65f6\u5019\uff0c\u7075\u5149\u4e00\u95ea\uff0c\u7a81\u7136\u5192\u51fa\u6765\u7684\u3002\u540e\u6765\u60f3\u4e86\u633a\u4e45\uff0c\u8d8a\u60f3\u8d8a"}, {"userName": "\u4e91\u747e\u665e", "userReviewDate": "2\u5c0f\u65f6\u524d", "userURL": "https://my.qidian.com/user/152764442", "userReview": "\u4e0d\u77e5\u9053\u4e3a\u4ec0\u4e48\u770b\u7740\u8fd9\u5e73\u5e73\u6de1\u6de1\u7684\u6587\u7ae0\uff0c\u611f\u52a8\u7684\u4e00\u584c\u7cca\u6d82[fn=23][fn=23]"}, {"userName": "\u4e3a\u4f60\u611a", "userReviewDate": "3\u5c0f\u65f6\u524d", "userURL": "https://my.qidian.com/user/215510376", "userReview": "\u867d\u7136\u5904\u7406\u7ec6\u8282\u6709\u70b9\u5355\u8584\uff0c\u4f46\u662f\u4ece\u6545\u4e8b\u7684\u89d2\u5ea6\u6765\u8bf4\uff0c\u8db3\u591f\u4e86\uff0c\u5f88\u597d\u7684\u4e00\u672c\u4e66\u3002"}, {"userName": "o0\u534a\u68a6\u534a\u91920o", "userReviewDate": "4\u5c0f\u65f6\u524d", "userURL": "https://my.qidian.com/user/301886139", "userReview": "\u7b7e\u5230\u6c34\u7ecf\u9a8c"}, {"userName": "\u541b\u5b50\u68a6\u7f57\u5239\u9053", "userReviewDate": "5\u5c0f\u65f6\u524d", "userURL": "https://my.qidian.com/user/211960692", "userReview": "\u770b\u5230\u8fd9\u4e48\u591a\u8bc4\u8bba\u8bf4\u600e\u4e48\u600e\u4e48\u6ef4\uff0c\u53cd\u6b63\u6211\u5c31\u89c9\u5f97\u8fd9\u662f\u4e00\u672c\u5f88\u4e0d\u9519\u7684\u4e66\uff0c\u672c\u4e66\u5bf9\u611f\u60c5\u5904\u7406\u7684\u5f88\u7ec6\u817b\uff0c\u6709\u70b9\u521d"}, {"userName": "Axing\u82d2\u82d2", "userReviewDate": "5\u5c0f\u65f6\u524d", "userURL": "https://my.qidian.com/user/210729303", "userReview": "\u524d\u671f\u975e\u5e38\u597d\uff0c\u4f46\u662f\u540e\u6765\u611f\u89c9\u5c31\u53d8\u4e86\uff0c\u6240\u6709\u96cc\u6027\u751f\u7269\u90fd\u559c\u6b22\u7537\u4e3b\uff0c\u53d8\u76f8\u540e\u5bab\uff0c\u8ffd\u4e86\u8fd9\u4e48\u4e45\uff0c\u51b3\u5b9a\u5f03\u6587\u3002"}, {"userName": "\u6b66\u53cc\u5ca9", "userReviewDate": "7\u5c0f\u65f6\u524d", "userURL": "https://my.qidian.com/user/226971022", "userReview": "\u63a8\u8350\u7968\u4e00\u5f20"}, {"userName": "\u841d\u8389\u841d\u8389\u841d\u8389\u841d\u8389", "userReviewDate": "10\u5c0f\u65f6\u524d", "userURL": "https://my.qidian.com/user/168404721", "userReview": "\u6211\u521a\u770b\u5230100\u7ae0\u51fa\u5934\uff0c\u611f\u89c9\u524d\u671f\u5199\u7684\u975e\u5e38\u597d\uff0c\u5f88\u5bf9\u6211\u80c3\u53e3\uff0c\u53ef\u662f\u81ea\u4ece\uff0c\uff0c\u6211\u4e5f\u4e0d\u77e5\u9053\u54ea\u91cc\u4e86\uff0c\u53cd\u6b63\u611f"}, {"userName": "\u5929\u82cd\u4e5f\u5fd9", "userReviewDate": "12\u5c0f\u65f6\u524d", "userURL": "https://my.qidian.com/user/156261347", "userReview": "\u5df2\u7ecf\u6ca1\u6709\u90a3\u4e48\u597d\u770b\u4e86\uff0c\u611f\u89c9\u5e73\u6de1\u65e0\u5947\uff0c\u6ca1\u6709\u610f\u601d"}, {"userName": "\u8a37\u8afb", "userReviewDate": "13\u5c0f\u65f6\u524d", "userURL": "https://my.qidian.com/user/311776451", "userReview": "\u55ef\u54fc[fn=26]\uff0c\uff0c\uff0c\u90fd\u5728\u7b49\u7740\u66f4\u65b0\u5427\uff0c\uff0c\uff0c\u6211\u4eec\u73a9\u4e2a\u6210\u8bed\u63a5\u9f99\u5427[fn=4]\uff0c\uff0c\u8fb9\u73a9\u8fb9\u7b49\uff0c\u6211"}, {"userName": "\u5927\u5934\u677e", "userReviewDate": "14\u5c0f\u65f6\u524d", "userURL": "https://my.qidian.com/user/219771582", "userReview": "\u8def\u8fc7\u6c34\u7ecf\u9a8c\u3002"}, {"userName": "\u5415\u5929\u867e14711", "userReviewDate": "16\u5c0f\u65f6\u524d", "userURL": "https://my.qidian.com/user/317226307", "userReview": "\u7b7e\u5230\u8981\u4e94\u4e2a\u5b57\uff1a\u7b7e\u5230"}, {"userName": "\u98ce\u5f71@\u6d41\u661f\u9b42", "userReviewDate": "18\u5c0f\u65f6\u524d", "userURL": "https://my.qidian.com/user/155923617", "userReview": "\u63a8\u8350\u7968\u9632\u592a\u76d1"}, {"userName": "\u6b66\u53cc\u5ca9", "userReviewDate": "18\u5c0f\u65f6\u524d", "userURL": "https://my.qidian.com/user/226971022", "userReview": "\u63a8\u8350\u7968\u4e00\u5f20"}], "description": "\u4fee\u4ed9\u89c5\u957f\u751f\uff0c\u70ed\u8840\u4efb\u900d\u9065\uff0c\u8e0f\u83b2\u66f3\u6ce2\u6da4\u5251\u9aa8\uff0c\u51ed\u865a\u5fa1\u98ce\u5851\u5723\u9b42\uff01", "title": "\u4e8c\u9752", "url": "https://book.qidian.com/info/1010804088", "average": -1.0, "cover": "//qidian.qpic.cn/qdbimg/349573/1010804088/180", "reviews": -1, "authors": [{"url": "https://me.qidian.com/authorIndex.aspx?id=2125467", "name": "\u6765\u4e0d\u53ca\u5fe7\u4f24"}], "type": ["\u4ed9\u4fa0", "\u53e4\u5178\u4ed9\u4fa0"], "outlinks": ["https://book.qidian.com/info/1010804088", "https://book.qidian.com/info/1009965674", "https://book.qidian.com/info/1009965674", "https://book.qidian.com/info/1009387802", "https://book.qidian.com/info/1009387802", "https://book.qidian.com/info/1005373310", "https://book.qidian.com/info/1005373310", "https://book.qidian.com/info/1009908143", "https://book.qidian.com/info/1009908143", "https://book.qidian.com/info/1005317872", "https://book.qidian.com/info/1005317872", "https://book.qidian.com/info/1005395194", "https://book.qidian.com/info/1005395194", "https://book.qidian.com/info/1698872", "https://book.qidian.com/info/1698872", "https://book.qidian.com/info/1980800", "https://book.qidian.com/info/1980800", "https://book.qidian.com/info/2413639", "https://book.qidian.com/info/2413639", "https://book.qidian.com/info/3681154", "https://book.qidian.com/info/3681154", "https://book.qidian.com/info/1010500270", "https://book.qidian.com/info/1010500270", "https://book.qidian.com/info/1010327039", "https://book.qidian.com/info/1012016027", "https://book.qidian.com/info/1011630501", "https://book.qidian.com/info/1012010192", "https://book.qidian.com/info/1011834598", "https://book.qidian.com/info/1011672705", "https://book.qidian.com/info/1011966835", "https://book.qidian.com/info/1011940680", "https://book.qidian.com/info/1011491390", "https://book.qidian.com/info/1011995376"]}