{"ratings": 0.0, "userreviews": [{"userName": "\u5f35\u5c0f\u71a0", "userReviewDate": "2018-06-07", "userURL": "https://my.qidian.com/user/215534726", "userReview": "\u6240\u4ee5\u4e3b\u89d2\u7684\u72d7\u5934\u5c31\u88ab\u4e00\u53ea\u718a\u7ed9\u6478\u7a7f\u4e86\uff1f"}, {"userName": "\u8a79\u7490\u6052", "userReviewDate": "2018-06-07", "userURL": "https://my.qidian.com/user/156719769", "userReview": "\u6240\u6709\u7684\u95ee\u9898\u90fd\u53ef\u4ee5\u53d1\u5230\u6b64\u5e16\uff0c\u5b9a\u4f1a\u4e00\u4e00\u56de\u590d"}, {"userName": "\u6211\u662f\u4e8c\u8425\u957f", "userReviewDate": "2\u5c0f\u65f6\u524d", "userURL": "https://my.qidian.com/user/230030319", "userReview": "\u5178\u578b\u6b63\u7edf\u7684\u897f\u65b9\u5947\u5e7b\uff0c"}, {"userName": "\u65e0\u5c3d\u65ad\u7f6a", "userReviewDate": "5\u5c0f\u65f6\u524d", "userURL": "https://my.qidian.com/user/218201237", "userReview": "\u6709\u591a\u5c11\u770b\u56fe\u8fdb\u6765\u7684"}, {"userName": "\u996e\u4e00\u58f6\u7eff\u8681\u9053\u4e00\u58f0\u5251\u6765", "userReviewDate": "18\u5c0f\u65f6\u524d", "userURL": "https://my.qidian.com/user/316229625", "userReview": "\u5f88\u7ecf\u5178\u7684\u9898\u6750\uff0c\u5f88\u7279\u522b\u7684\u5f00\u573a\uff0c\u5f88\u5bf9\u6211\u5473\u53e3\uff0c\u8ffd\u4e86"}, {"userName": "lfygg", "userReviewDate": "20\u5c0f\u65f6\u524d", "userURL": "https://my.qidian.com/user/15023022", "userReview": "\u521a\u770b\u5230\u7b2c\u4e94\u7ae0\uff0c\u679c\u65ad\u6536\u85cf\uff01"}, {"userName": "dfcsd", "userReviewDate": "20\u5c0f\u65f6\u524d", "userURL": "https://my.qidian.com/user/2358025", "userReview": "\u4e00\u5165\u6b64\u5751\u6df1\u4f3c\u6d77[fn=11]"}, {"userName": "\uff1f\u8000\u4e1c", "userReviewDate": "20\u5c0f\u65f6\u524d", "userURL": "https://my.qidian.com/user/188926941", "userReview": "\u6211\u600e\u4e48\u5c31\u8fd9\u63a7\u5236\u4e0d\u4e86\u6211\u81ea\u5df1\u5462\uff01\u53d1\u8fc7\u8a93\u4e0d\u770b100\u4e07\u5b57\u4ee5\u4e0b\u7684\u5c0f\u8bf4"}, {"userName": "\u548c\u8d1e\u5728\u4e00\u8d77\u7684\u65e5\u5b50", "userReviewDate": "21\u5c0f\u65f6\u524d", "userURL": "https://my.qidian.com/user/4727157", "userReview": "\u8fd9\u79cd\u7c7b\u578b\u7684\u5c0f\u8bf4\u672c\u6765\u90fd\u5df2\u7ecf\u770b\u817b\u4e86\uff0c\u670b\u53cb\u5f3a\u70c8\u63a8\u8350\u8fd9\u672c\u4e66\u624d\u52c9\u5f3a\u770b\u4e86\u4e00\u4e0b\uff0c\u8c01\u77e5\u770b\u4e86\u4e00\u4e0b\u5c31\u88ab\u5438\u5f15\u4f4f\u4e86"}, {"userName": "\u7530\u9e21\u9f99", "userReviewDate": "21\u5c0f\u65f6\u524d", "userURL": "https://my.qidian.com/user/5961643", "userReview": "\u5f88\u5c11\u89c1\u5230\u8fd9\u4e48\u597d\u770b\u7684\u897f\u65b9\u5c0f\u8bf4\u3002"}, {"userName": "\u6211\u7684\u59b9\u59b9\u53eb\u96cf\u75301119", "userReviewDate": "2018-06-07", "userURL": "https://my.qidian.com/user/316858234", "userReview": "\u6c34\u7ecf\u9a8c\u5566\u5566"}, {"userName": "\u57ce\u5e02\u7684\u6708\u5149\u554a", "userReviewDate": "2018-06-07", "userURL": "https://my.qidian.com/user/316239301", "userReview": "\u8ddf\u8bfb\u4e86\u597d\u4e45\u5230\u4eca\u5929\u3002\u9996\u5148\u66f4\u65b0\u662f\u771f\u7684\u6ca1\u5565\u597d\u5410\u69fd\uff0c\u8fd9\u4e2a\u6587\u6700\u597d\u7684\u5730\u65b9\u5c31\u662f\u6587\u7b14\u548c\u903b\u8f91\uff0c\u5230\u76ee\u524d\u5e76\u6ca1\u6709\u975e"}, {"userName": "\u5bfb\u9999\u5c0f\u7bad", "userReviewDate": "2018-06-07", "userURL": "https://my.qidian.com/user/7567673", "userReview": "\u7b80\u76f4\u5c31\u662f\u7f51\u6587\u754c\u7684\u6ce5\u77f3\u6d41"}, {"userName": "\u65a9\u4e50cs", "userReviewDate": "2018-06-06", "userURL": "https://my.qidian.com/user/197068797", "userReview": "\u4f5c\u8005\u5927\u5927\u52a0\u6cb9\uff01\u4e00\u8d77\u52aa\u529b\uff01"}], "description": "\u9b54\u517d\u8df5\u8e0f\uff0c\u5de8\u9f99\u5486\u54ee\uff0c\u5deb\u5e08\u8bc5\u5492\uff0c\u9b54\u6cd5\u7480\u74a8\u4e4b\u5149\u7167\u8000\u77e5\u8bc6\u706f\u5854\uff01", "title": "\u4e91\u6d77\u5f7c\u7aef", "url": "https://book.qidian.com/info/1011894816", "average": -1.0, "cover": "//qidian.qpic.cn/qdbimg/349573/1011894816/180", "reviews": -1, "authors": [{"url": "https://me.qidian.com/authorIndex.aspx?id=402136153", "name": "\u8a79\u51cc\u97f3"}], "type": ["\u5947\u5e7b", "\u5251\u4e0e\u9b54\u6cd5"], "outlinks": ["https://book.qidian.com/info/1011894816", "https://book.qidian.com/info/1011482419", "https://book.qidian.com/info/1011482419", "https://book.qidian.com/info/1010873763", "https://book.qidian.com/info/1010873763", "https://book.qidian.com/info/3688228", "https://book.qidian.com/info/3688228", "https://book.qidian.com/info/1003715102", "https://book.qidian.com/info/1003715102", "https://book.qidian.com/info/1003569976", "https://book.qidian.com/info/1003569976", "https://book.qidian.com/info/1010985987", "https://book.qidian.com/info/1010985987", "https://book.qidian.com/info/1011194349", "https://book.qidian.com/info/1011966445", "https://book.qidian.com/info/1011923635", "https://book.qidian.com/info/1011996030", "https://book.qidian.com/info/1011894816", "https://book.qidian.com/info/1011954628", "https://book.qidian.com/info/1011324769", "https://book.qidian.com/info/1005209240", "https://book.qidian.com/info/1011806768", "https://book.qidian.com/info/1011417251"]}