{"ratings": 0.0, "userreviews": [{"userName": "\u4e3a\u866bor\u4e3a\u9f99", "userReviewDate": "2015-07-16", "userURL": "https://my.qidian.com/user/169585612", "userReview": "\u5176\u5b9e\u6211\u6709\u4e00\u4e2a\u7591\u95ee\uff0c\u4e3b\u89d2\u90fd\u638c\u63e1\u4e86\u90a3\u4e48\u591a\u519b\u961f\u4e86\uff0c\u53ef\u4ee5\u5b9e\u65bd\u65a9\u9996\u884c\u52a8\u554a\uff0c\u76f4\u63a5\u628a\u5b5d\u606d\u656c\u8fd8\u6709\u4ed6\u7684\u515a\u7fbd\u4e00"}, {"userName": "\u94c1\u5c0f\u732a", "userReviewDate": "2015-06-15", "userURL": "https://my.qidian.com/user/114785871", "userReview": "\u9886\u7565\u4e86\u58eb\u5175\u73b0\u4ee3\u6218\u4e89\u7684\u5c0f\u8bf4\uff0c\u4e5f\u770b\u4e86\u5b8b\u671d\u7684\u795e\u7bad\u65e0\u654c\u3002\u4e94\u5e74\u4e00\u4e2a\u8f6e\u56de\uff0c\u53c8\u6709\u58eb\u5175\u7684\u53e4\u4ee3\u5927\u4f5c\u51fa\u73b0\u4e86\uff0c\u4e00"}, {"userName": "\u8001\u6d77\u770b\u4e66", "userReviewDate": "2015-05-18", "userURL": "https://my.qidian.com/user/202492258", "userReview": "@\u8fdc\u5f81\u58eb\u5175\u5f88\u9ad8\u5174\u5728\u6587\u4e2d\u770b\u5230\u5144\u5f1f\u4e4b\u95f4\u996e\u9152\u52a8\u8364\u7684\u60c5\u8282\u3002\u56e0\u4e3a\u5728\u4e4b\u524d\u7684\u4f5c\u54c1\u4e2d\u4e0d\u662f\u5751\u9053\u4e2d\u538b\u7f29\u997c\u5e72\u5c31\u662f"}, {"userName": "\u4e66\u53cb150517034652616", "userReviewDate": "2015-05-17", "userURL": "https://my.qidian.com/user/202492258", "userReview": "\u56db\u7ae0\u5df2\u9605\uff0c\u611f\u89c9\u60c5\u8282\u94fa\u57ab\u521d\u5177\u89c4\u6a21\uff1b\u51fa\u573a\u4eba\u7269\u4e5f\u89c1\u7aef\u502a\u3002\u5e0c\u671b\u80fd\u5728\u4e66\u4e2d\u51fa\u73b0\u4e00\u4e9b\u65e5\u5e38\u751f\u6d3b\u7684\u60c5\u666f\uff1a\u6bd4\u5982"}, {"userName": "\u4e66\u53cb160127121424367", "userReviewDate": "2018-03-14", "userURL": "https://my.qidian.com/user/214617866", "userReview": "\u592a\u76d1\u4e86\u5417\uff1f\u4eb2\u4eec"}, {"userName": "\u4e66\u53cb160127121424367", "userReviewDate": "2018-03-13", "userURL": "https://my.qidian.com/user/214617866", "userReview": "\u4eb2\uff0c\u8fd8\u66f4\u5417\uff1f\u8fd8\u5199\u4e86\u8bdd\u6211\u5c31\u51c6\u5907\u5168\u8ba2\u4e86"}, {"userName": "\u6f2b\u58f0\u4e66\u97f3", "userReviewDate": "2018-02-17", "userURL": "https://my.qidian.com/user/209545803", "userReview": "\u7b7e\u5230\u6c34\u7ecf\u9a8c"}, {"userName": "\u6f2b\u58f0\u4e66\u97f3", "userReviewDate": "2018-02-16", "userURL": "https://my.qidian.com/user/209545803", "userReview": "\u7b7e\u5230\u6c34\u7ecf\u9a8c"}, {"userName": "\u795e\u5251Z", "userReviewDate": "2018-02-14", "userURL": "https://my.qidian.com/user/223492958", "userReview": "\u8ba8\u538c\u5112\u5bb6\u3002"}, {"userName": "\u6f2b\u58f0\u4e66\u97f3", "userReviewDate": "2018-02-09", "userURL": "https://my.qidian.com/user/209545803", "userReview": "\u7b7e\u5230\u6c34\u7ecf\u9a8c"}, {"userName": "\u6c89\u9759\u7740\u7684\u706b\u70ed", "userReviewDate": "2017-08-31", "userURL": "https://my.qidian.com/user/225517748", "userReview": "\u559c\u6b22\u770b\u58eb\u5175\u7684\u4e66\u3002\u652f\u6301\u58eb\u5175\u3002\u518d\u627e\u518d\u770b\u3002"}, {"userName": "\u6c89\u9759\u7740\u7684\u706b\u70ed", "userReviewDate": "2017-08-31", "userURL": "https://my.qidian.com/user/225517748", "userReview": "\u8ba2\u9605\u5230\u5c3e\u4e86\uff0c\u597d\u53ef\u60dc\u7684\u4e66\uff0c\u770b\u5f97\u662f\u6d25\u6d25\u6709\u5473\u554a \u3002\u3002\u3002"}, {"userName": "\u8863\u77e5\u4e16", "userReviewDate": "2017-07-13", "userURL": "https://my.qidian.com/user/211263206", "userReview": "\u3002\u3002\u3002\u3002\u53cd\u6d3e\u667a\u5546\u592a\u4f4e\u3002\u3002"}, {"userName": "\u6e29\u4e1c\u5175", "userReviewDate": "2017-06-18", "userURL": "https://my.qidian.com/user/216871482", "userReview": "\u652f\u6301\u4f5c\u8005\u52a0\u6cb9"}], "description": "\u9192\u638c\u5929\u4e0b\u6743\uff0c\u9189\u5367\u7f8e\u4eba\u819d\uff0c\u4e94\u5343\u5e74\u98ce\u534e\u70df\u96e8\uff0c\u662f\u975e\u6210\u8d25\u8f6c\u5934\u7a7a\uff01", "title": "\u4e94\u4ee3\u5341\u56fd\u4e00\u5112\u751f", "url": "https://book.qidian.com/info/3486370", "average": -1.0, "cover": "//qidian.qpic.cn/qdbimg/349573/3486370/180", "reviews": -1, "authors": [{"url": "https://me.qidian.com/authorIndex.aspx?id=4362336", "name": "\u8fdc\u5f81\u58eb\u5175"}], "type": ["\u5386\u53f2", "\u4e94\u4ee3\u5341\u56fd"], "outlinks": ["https://book.qidian.com/info/3486370", "https://book.qidian.com/info/1010193588", "https://book.qidian.com/info/1010193588", "https://book.qidian.com/info/1010926295", "https://book.qidian.com/info/1010926295", "https://book.qidian.com/info/1007417988", "https://book.qidian.com/info/1007417988", "https://book.qidian.com/info/1010747415", "https://book.qidian.com/info/1010747415", "https://book.qidian.com/info/1005297612", "https://book.qidian.com/info/1005297612", "https://book.qidian.com/info/1005054989", "https://book.qidian.com/info/1005054989", "https://book.qidian.com/info/68437", "https://book.qidian.com/info/68437", "https://book.qidian.com/info/1501306", "https://book.qidian.com/info/1501306", "https://book.qidian.com/info/2252155", "https://book.qidian.com/info/2252155", "https://book.qidian.com/info/2826791", "https://book.qidian.com/info/2826791", "https://book.qidian.com/info/3664562", "https://book.qidian.com/info/3664562", "https://book.qidian.com/info/1010193588", "https://book.qidian.com/info/1010193588", "https://book.qidian.com/info/1011800596", "https://book.qidian.com/info/1010891668", "https://book.qidian.com/info/1011773910", "https://book.qidian.com/info/1011783347", "https://book.qidian.com/info/1011643843", "https://book.qidian.com/info/1011476924", "https://book.qidian.com/info/1011635441", "https://book.qidian.com/info/1009999928", "https://book.qidian.com/info/1006932473", "https://book.qidian.com/info/1005080011"]}