{"ratings": 0.0, "userreviews": [{"userName": "\u82b1\u65e0\u7f3aMendelian", "userReviewDate": "58\u5206\u949f\u524d", "userURL": "https://my.qidian.com/user/224474889", "userReview": "\u5e08\u53d4\u6765\u4e5f\uff01"}, {"userName": "\u5927\u5e08\u5144\u5e08\u5085\u88ab\u5996\u602a\u6349\u8d70\u4e86", "userReviewDate": "58\u5206\u949f\u524d", "userURL": "https://my.qidian.com/user/227468902", "userReview": "\u5e08\u5f1f\u6765\u4e5f\uff0c\u5e08\u59d0\u52a0\u6cb9\uff01\uff01"}, {"userName": "\u98d8\u9038\u5927\u4fa0", "userReviewDate": "59\u5206\u949f\u524d", "userURL": "https://my.qidian.com/user/123173140", "userReview": "\u5e08\u5c0a\u6765\u4e5f\uff01"}, {"userName": "\u6d45\u8bed\u8bdd\u82cd\u7a79", "userReviewDate": "18\u5c0f\u65f6\u524d", "userURL": "https://my.qidian.com/user/309608001", "userReview": "\u6d45\u8bed\u8bdd\u82cd\u7a79\u6253\u8d4f\u591c\u66e6\u6f47 50000\u8d77\u70b9\u5e01  \u8fd9\u672c\u4e66\u5199\u7684\u592a\u597d\u4e86,\u7292\u52b3\u4e00\u4e0b\u5e0c\u671b\u540e\u7eed\u66f4\u7cbe\u5f69!"}, {"userName": "\u6728\u67c3\u6749", "userReviewDate": "20\u5c0f\u65f6\u524d", "userURL": "https://my.qidian.com/user/105205684", "userReview": "\u6253\u8d4f\u652f\u6301[fn=2]"}, {"userName": "dream\u94c3\u94db", "userReviewDate": "\u6628\u65e509:16", "userURL": "https://my.qidian.com/user/215217400", "userReview": "\u53ed\uff0c\u7b7e\u5230\u2265\ufe4f\u2264"}, {"userName": "\u6d1b\u58a8\u7fbd", "userReviewDate": "2018-06-07", "userURL": "https://my.qidian.com/user/230155545", "userReview": "\u5199\u7684\u4e0d\u9519\uff0c\u4f5c\u8005\u6587\u7b14\u8fd8\u53ef\u4ee5\uff0c\u4e0d\u8fc7\u8c8c\u4f3c\u662f\u65b0\u624b\u3002"}, {"userName": "\u5345\u53e4\u5f08\u5ba2", "userReviewDate": "2018-06-06", "userURL": "https://my.qidian.com/user/226331353", "userReview": "\u6e05\u5947\u7279\u6b8a\u8def\u7ebf\uff0c\u5c5e\u4e8e\u8d77\u70b9\u4e0a\u5c11\u89c1\u7684\u9752\u6625\u7eaf\u7231\u6587\uff08\u4ec5\u6307\u672c\u4eba\u9605\u5386\uff09\u3002\u5f00\u5934\u7b2c\u4e00\u7ae0\u6211\u88ab\u4f60\u7684\u4eba\u540d\u5f04\u5f97\u5f88\u4e71\uff0c"}, {"userName": "\u590f\u5b63\u5fae\u85b0\u5341\u6211\u7684\u6bd2\u820c\u5c0f\u5a07\u59bb", "userReviewDate": "2018-06-03", "userURL": "https://my.qidian.com/user/308464238", "userReview": "\u5df2\u6536\u85cf\uff0c\u5feb\u70b9\u66f4\uff0c\u4e0d\u591f\u770b"}, {"userName": "xinghaiyue", "userReviewDate": "2018-05-24", "userURL": "https://my.qidian.com/user/162333661", "userReview": "\u611f\u89c9\u4e0d\u9519\u561b\ud83d\ude04"}, {"userName": "\u6dd8\u6c14\u98ce\u706b\u8f6e", "userReviewDate": "2018-05-08", "userURL": "https://my.qidian.com/user/214474983", "userReview": "\u52a0\u6cb9\uff0c\u6536\u85cf\uff01"}, {"userName": "\u9526\u4f9d\u536b\u4e36cyeo", "userReviewDate": "2018-05-01", "userURL": "https://my.qidian.com/user/315434779", "userReview": "\u8fd9\u672c\u4e66\u548c\u8d77\u70b9\u73b0\u5728\u5927\u90e8\u5206\u5c0f\u8bf4\u7684\u6587\u98ce\u90fd\u4e0d\u4e00\u6837\uff0c\u867d\u7136\u4e0d\u662f\u65e0\u654c\u6587\u723d\u6587\u90a3\u6837\u5bb9\u6613\u5438\u5f15\u8bfb\u8005\u7684\u773c\u7403\uff0c\u4f46\u662f\u5b83"}, {"userName": "\u6e2d\u6c34\u6b87\u6b87", "userReviewDate": "2018-05-01", "userURL": "https://my.qidian.com/user/305292929", "userReview": "\u8d77\u70b9\u5f88\u5c11\u6709\u8fd9\u79cd\u98ce\u683c\u7684\u4e66\uff0c\u5927\u90e8\u5206\u662f\u5feb\u8282\u594f\u723d\u6587\u3001\u5c0f\u767d\u6587\u3002\u800c\u8fd9\u7c7b\u6587\u6211\u4e5f\u8bf4\u4e0d\u4e0a\u6765\uff0c\u4f46\u662f\u5185\u5bb9\u4e2d\u900f\u9732\u51fa"}, {"userName": "f0356", "userReviewDate": "2018-04-30", "userURL": "https://my.qidian.com/user/1341315", "userReview": "\u597d\u770b\u5440\uff01\u600e\u4e48\u8fd8\u4e0d\u66f4\uff1f"}], "description": "\u9752\u6625\u5e74\u5c11\uff0c\u82b3\u534e\u6b63\u597d\uff0c\u5f53\u8d74\u4e00\u573a\u6d6a\u6f2b\u9082\u9005\uff01", "title": "\u4e94\u5341\u7c73\u5c31\u6b64\u522b\u8fc7", "url": "https://book.qidian.com/info/1011700120", "average": -1.0, "cover": "//qidian.qpic.cn/qdbimg/349573/1011700120/180", "reviews": -1, "authors": [{"url": "https://me.qidian.com/authorIndex.aspx?id=402124582", "name": "\u591c\u66e6\u6f47"}], "type": ["\u6d6a\u6f2b\u9752\u6625", "\u9752\u6625\u75bc\u75db"], "outlinks": ["https:https://book.qidian.com/info/1011421405?qd_game_key=1011421405&qd_dd_p1=11272", "https://book.qidian.com/info/1011700120", "https://book.qidian.com/info/1011315322", "https://book.qidian.com/info/1011315322", "https://book.qidian.com/info/1008134820", "https://book.qidian.com/info/1008134820", "https://book.qidian.com/info/1004139401", "https://book.qidian.com/info/1004139401", "https://book.qidian.com/info/1011624365", "https://book.qidian.com/info/1011624365", "https://book.qidian.com/info/1005205992", "https://book.qidian.com/info/1005205992", "https://book.qidian.com/info/3691739", "https://book.qidian.com/info/3691739", "https://book.qidian.com/info/1012030486", "https://book.qidian.com/info/1011210991", "https://book.qidian.com/info/1011565142", "https://book.qidian.com/info/1011717053", "https://book.qidian.com/info/1011624655", "https://book.qidian.com/info/1003578204", "https://book.qidian.com/info/1011700120", "https://book.qidian.com/info/3199334", "https://book.qidian.com/info/1011432636", "https://book.qidian.com/info/1011204600"]}