{"ratings": 0.0, "userreviews": [{"userName": "cnm\u548ccnb", "userReviewDate": "2018-06-07", "userURL": "https://my.qidian.com/user/171077047", "userReview": "\u4f5c\u8005\u8bf4\u81ea\u5df1\u81ea\u5df1\u6210\u7ee9\u600e\u4e48\u8fd9\u4e48\u5dee\u4ec0\u4e48\u4ec0\u4e48\u7684\u8fd8\u8bf4\u4ec0\u4e48\u81ea\u5df1\u6587\u7ae0\u6ca1\u6709\u6beb\u65e0\u903b\u8f91\u7684\u723d\u70b9\uff0cemm\u3002\u8fd9\u7b97\u662f\u738b"}, {"userName": "trdfy", "userReviewDate": "2018-06-06", "userURL": "https://my.qidian.com/user/217448567", "userReview": "\u767d\u8d77\u7684\u5c5e\u6027\u591a\u5c11\uff1f"}, {"userName": "\u5927\u798f\u6d77\u76db", "userReviewDate": "2018-06-06", "userURL": "https://my.qidian.com/user/138659268", "userReview": "\u8bdd\u8bf4\u767d\u8d77\u662f\u600e\u4e48\u4f1a\u7a7a\u519b\u7684[fn=34]\uff0c\u6015\u4e0d\u662f\u53e4\u4ee3\u98ce\u7b5d\u8f7d\u4eba"}, {"userName": "\u795e\u72f1\u7687\u671d", "userReviewDate": "2018-06-06", "userURL": "https://my.qidian.com/user/212572897", "userReview": "\u53d1\u5c55\u592a\u6162\u4e86\uff0c\u90a3\u4e9b\u731b\u5c06\u73b0\u5728\u624d\u51fa\u9ad8\u987a"}, {"userName": "\u5415\u5929\u867e13394", "userReviewDate": "2018-06-05", "userURL": "https://my.qidian.com/user/316294435", "userReview": "\u6c34\u7ecf\u9a8c\u62a5\u9053"}, {"userName": "\u6c5f\u6e56\u516c\u8f66", "userReviewDate": "2018-06-05", "userURL": "https://my.qidian.com/user/212223276", "userReview": "\u7b7e\u5230\u6c34\u7ecf\u9a8c"}, {"userName": "\u98ce\u7684\u5fe7\u4f24\u706c", "userReviewDate": "2018-06-05", "userURL": "https://my.qidian.com/user/213372399", "userReview": "\u624d20\u5feb\u5c31\u53ef\u4ee5\u66f4\u65b0\u4e00\u5f20 \u5927\u5bb6\u8fd8\u5728\u7b49\u4ec0\u4e48\u5fc3\u52a8\u4e0d\u5982\u884c\u52a8\u554a"}, {"userName": "\u591c\u5149\u4e4b\u96f6", "userReviewDate": "2018-06-04", "userURL": "https://my.qidian.com/user/228099521", "userReview": "\u8bf4\u5b9e\u8bdd\uff0c\u6700\u4e0d\u5408\u7406\u7684\u5c31\u662f\u8fd9\u91cd\u751f\u8005\u662f\u4e0d\u662f\u91cd\u751f\u7684\u7565\u725b\uff1f\u4e09\u4e2a\u6708\u8fd9\u4e48\u725b\u4e86\u8ba9\u4eba\u6d3b\u5417\uff1f\u5c31\u7b97\u73a9\u4e86\u6e38\u620f\u4e5f\u53ea\u4e0d"}, {"userName": "\u9640\u8428\u86ee", "userReviewDate": "2018-06-04", "userURL": "https://my.qidian.com/user/229676755", "userReview": "\u6362\u6c64\u4e0d\u6362\u836f"}, {"userName": "\u4e09\u8bfb", "userReviewDate": "2018-06-04", "userURL": "https://my.qidian.com/user/70231", "userReview": "\u770b\u4e86\u7b80\u4ecb\u8fdb\u6765\u7684\uff0c\u5386\u53f2\u540d\u4eba\u4e0d\u597d\u5199\uff0c\u5199\u597d\u4e86\u5c31\u725b\u903c\u4e86\uff0c\u5c31\u6765\u770b\u770b\u5199\u5f97\u591a\u7cdf\u7cd5\u3002"}, {"userName": "\u67d0\u67d0\u5f88\u70e6\u600e\u4e48\u529e", "userReviewDate": "2018-06-04", "userURL": "https://my.qidian.com/user/211178831", "userReview": "\u7b2c\u4e00\u7ae0\u5f3a\u884c\u529d\u9000"}, {"userName": "\u55e8\u55e8\u86ee\u4e0d\u8bb2\u7406", "userReviewDate": "2018-06-03", "userURL": "https://my.qidian.com/user/116858707", "userReview": "\u770b\u5230\u817e\u8baf\u4e86\uff0c\u5148\u517b\u7740\u3002"}, {"userName": "\u5b87\u5b99\u65e0\u654c\u7490", "userReviewDate": "2018-06-03", "userURL": "https://my.qidian.com/user/224671093", "userReview": "\u54c8\u54c8\uff0cps\u662f\u603c\u67d0\u672c\u4e66\u5427\uff0c\u521a\u770b\u4e86\u90a3\u672c\u4e66\ud83d\ude02"}, {"userName": "\u91ca\u79d2\u660e", "userReviewDate": "2018-06-02", "userURL": "https://my.qidian.com/user/164748557", "userReview": "\u8fd9\u79cd\u5c0f\u8bf4\u662f\u90a3\u79cd\u780d\u4e00\u4e0b\u635f\u5931\u591a\u5c11\u8840\u7684\u8fd8\u662f\u8bf4\u73b0\u5b9e\u4e16\u754c\u8fd9\u79cd\uff0c\u770b\u4e86\u51e0\u5f20\u4e16\u754c\u5c42\u6b21\u662f\u8bf8\u5929\u4e07\u754c\u7684\u7384\u5e7b\u5417\uff0c\u6b66"}], "description": "\u8086\u610f\u6325\u6d12\u6fc0\u60c5\u7684\u6e38\u620f\u4eba\u751f\uff0c\u6253\u7834\u73b0\u5b9e\u6846\u67b6\u7684\u65e0\u5c3d\u5e7b\u60f3\uff01", "title": "\u4e94\u5343\u5e74\u534e\u590f\u98ce\u4e91", "url": "https://book.qidian.com/info/1011808514", "average": -1.0, "cover": "//qidian.qpic.cn/qdbimg/349573/1011808514/180", "reviews": -1, "authors": [{"url": "https://me.qidian.com/authorIndex.aspx?id=4966756", "name": "\u6267\u7b14\u7ed8\u82cd\u751f"}], "type": ["\u6e38\u620f", "\u6e38\u620f\u5f02\u754c"], "outlinks": ["https://book.qidian.com/info/1011808514", "https://book.qidian.com/info/1010922231", "https://book.qidian.com/info/1010922231", "https://book.qidian.com/info/1009894690", "https://book.qidian.com/info/1009894690", "https://book.qidian.com/info/1005005822", "https://book.qidian.com/info/1005005822", "https://book.qidian.com/info/1009795401", "https://book.qidian.com/info/1009795401", "https://book.qidian.com/info/1010277441", "https://book.qidian.com/info/1010277441", "https://book.qidian.com/info/1005779728", "https://book.qidian.com/info/1005779728", "https://book.qidian.com/info/3632767", "https://book.qidian.com/info/3632767", "https://book.qidian.com/info/1010490495", "https://book.qidian.com/info/1010490495", "https://book.qidian.com/info/1010622945", "https://book.qidian.com/info/1010622945", "https://book.qidian.com/info/1011944539", "https://book.qidian.com/info/1011967882", "https://book.qidian.com/info/1011856614", "https://book.qidian.com/info/1011979301", "https://book.qidian.com/info/1010667415", "https://book.qidian.com/info/1011736169", "https://book.qidian.com/info/1011797289", "https://book.qidian.com/info/1011808514", "https://book.qidian.com/info/1011901619", "https://book.qidian.com/info/1011962316"]}