{"ratings": 0.0, "userreviews": [{"userName": "\u5415\u5929\u867e4511", "userReviewDate": "2018-06-01", "userURL": "https://my.qidian.com/user/313393062", "userReview": "\u7b7e\u5230\u7b7e\u5230\u4e86"}, {"userName": "\u6708\u4e0b\u6572\u95e8\u72ec\u659f\u9152", "userReviewDate": "2018-05-01", "userURL": "https://my.qidian.com/user/227588860", "userReview": "\u6211\u6765\u51d1\u4e2a\u5341\uff0c\u51d1\u4e2a\u5341"}, {"userName": "no75me", "userReviewDate": "2018-04-26", "userURL": "https://my.qidian.com/user/142790895", "userReview": "\u8d95\u7dca\u7d50\u675f\uff0c\u91cd\u958b\u4e00\u672c\uff01\u9019\u672c\u5beb\u7684\u592a\u5dee\u4e86"}, {"userName": "no75me", "userReviewDate": "2018-04-25", "userURL": "https://my.qidian.com/user/142790895", "userReview": "\u662f\u4e0d\u662f\u5f88\u6bd2\u554a\uff1f\u8981\u4e0d\u7136\u600e\u9ebc\u624d\u516b\u500b\u4eba\u8a55\u8ad6[fn=16][fn=16][fn=16]"}, {"userName": "\u4e66\u53cb161014212846697", "userReviewDate": "2018-02-08", "userURL": "https://my.qidian.com/user/224409132", "userReview": "666\uff0c1314\u7684\u7c89\u4e1d"}, {"userName": "\u57ce\u5899\u5b88\u536b", "userReviewDate": "2018-01-21", "userURL": "https://my.qidian.com/user/308452857", "userReview": "\u6ca1\u4eba\u5417\n\uff0c\u8fd8\u662f\u6b21\u6570\u80ce\u6bd2"}, {"userName": "\u7f25\u7f08oOo\u5b64\u72ec", "userReviewDate": "2017-12-19", "userURL": "https://my.qidian.com/user/21231009", "userReview": "\u80fd\u4e0d\u80fd\u628a\u4fee\u4e3a\u7b49\u7ea7\u597d\u597d\u6574\u7406\u4e0b\u554a\uff0c\u770b\u7684\u6709\u4e9b\u4e71[fn=39]"}, {"userName": "\u5854\u51ef\u5362\u7279", "userReviewDate": "2017-12-05", "userURL": "https://my.qidian.com/user/222884019", "userReview": "\u5367\u69fd\u4ec0\u4e48\u60c5\u51b5"}, {"userName": "\u6728\u5b50\u4e8c\u4ee3", "userReviewDate": "2017-11-12", "userURL": "https://my.qidian.com/user/301029674", "userReview": "\u9707\u60ca\u4e86\u3002\u3002\u3002\u3002"}, {"userName": "\u706b\u4e09\u5473", "userReviewDate": "2017-08-10", "userURL": "https://my.qidian.com/user/146063764", "userReview": "\u8fd9\u79cd\u4e66\u6709\u4e2a\u602a\u73b0\u50cf\uff0c\u53cd\u6d3e\u5bb6\u65cf\u90fd\u56e2\u7ed3\u7684\u5f88\uff0c\u6709\u70b9\u597d\u4eba\u7684\u5bb6\u65cf\uff0c\u90fd\u662f\u5185\u6597\u4e0d\u65ad\u3002"}], "description": "\u5fc3\u6f6e\u6f8e\u6e43\uff0c\u65e0\u9650\u5e7b\u60f3\uff0c\u8fce\u98ce\u6325\u51fb\u5343\u5c42\u6d6a\uff0c\u5c11\u5e74\u4e0d\u8d25\u70ed\u8840\uff01", "title": "\u4e94\u9b42\u7834\u5929", "url": "https://book.qidian.com/info/1001729476", "average": -1.0, "cover": "//qidian.qpic.cn/qdbimg/349573/1001729476/180", "reviews": -1, "authors": [{"url": "https://me.qidian.com/authorIndex.aspx?id=5832361", "name": "\u625b\u5929"}], "type": ["\u7384\u5e7b", "\u5f02\u4e16\u5927\u9646"], "outlinks": ["https://book.qidian.com/info/1001729476", "https://book.qidian.com/info/1010269108", "https://book.qidian.com/info/1010269108", "https://book.qidian.com/info/1009459840", "https://book.qidian.com/info/1009459840", "https://book.qidian.com/info/1010109581", "https://book.qidian.com/info/1010109581", "https://book.qidian.com/info/1006886022", "https://book.qidian.com/info/1006886022", "https://book.qidian.com/info/1009509265", "https://book.qidian.com/info/1009509265", "https://book.qidian.com/info/1003597972", "https://book.qidian.com/info/1003597972", "https://book.qidian.com/info/1011988403", "https://book.qidian.com/info/1009595922", "https://book.qidian.com/info/1011844784", "https://book.qidian.com/info/1011892497", "https://book.qidian.com/info/1011095320", "https://book.qidian.com/info/1011996851", "https://book.qidian.com/info/1011856434", "https://book.qidian.com/info/1011879207", "https://book.qidian.com/info/1011833256", "https://book.qidian.com/info/1011967674"]}