{"ratings": 0.0, "userreviews": [{"userName": "\u90aa\u6708-\u8840", "userReviewDate": "2018-06-03", "userURL": "https://my.qidian.com/user/3202708", "userReview": "\u8fd9\u4e66\u4e0d\u592a\u597d\u770b\u61c2"}, {"userName": "\u5415\u5929\u867e13564", "userReviewDate": "2018-06-03", "userURL": "https://my.qidian.com/user/316842600", "userReview": "\u7b7e\u5230\u5566\u4f60\u548b\u5566"}, {"userName": "bbbbvgn", "userReviewDate": "2018-05-11", "userURL": "https://my.qidian.com/user/135268056", "userReview": "\u5077\u5077\u544a\u8bc9\u4f60\u4eec\uff0c\u4f5c\u8005\u662f\u4e2a\u8f6f\u59b9\u7eb8\uff5e"}, {"userName": "\u4ed9\u7075\u4e4b\u81ea\u7136\u7cbe\u7075", "userReviewDate": "2018-05-08", "userURL": "https://my.qidian.com/user/228737407", "userReview": "\u8fd9\u6837\u7684\u6a21\u5f0f\u2026\u2026\u4e0d\u5199\u5d29\u4e86\u554a\uff01\uff01\uff01"}], "description": "\u9b54\u517d\u8df5\u8e0f\uff0c\u5de8\u9f99\u5486\u54ee\uff0c\u5deb\u5e08\u8bc5\u5492\uff0c\u9b54\u6cd5\u7480\u74a8\u4e4b\u5149\u7167\u8000\u77e5\u8bc6\u706f\u5854\uff01", "title": "\u4e9a\u745e\u7279\u7684\u4f17\u795e\u4e4b\u4e3b", "url": "https://book.qidian.com/info/1011804814", "average": -1.0, "cover": "//qidian.qpic.cn/qdbimg/349573/1011804814/180", "reviews": -1, "authors": [{"url": "https://me.qidian.com/authorIndex.aspx?id=4214469", "name": "\u65e5\u672c\u8b66\u89c6\u5385\u7b2b\u56db\u641c\u67e5\u73ed\u8b66\u90e8"}], "type": ["\u5947\u5e7b", "\u5386\u53f2\u795e\u8bdd"], "outlinks": ["https://book.qidian.com/info/1011804814", "https://book.qidian.com/info/1010021857", "https://book.qidian.com/info/1010021857", "https://book.qidian.com/info/1010916822", "https://book.qidian.com/info/1010916822", "https://book.qidian.com/info/1005376846", "https://book.qidian.com/info/1005376846", "https://book.qidian.com/info/1011291999", "https://book.qidian.com/info/1011291999", "https://book.qidian.com/info/1009719184", "https://book.qidian.com/info/1009719184", "https://book.qidian.com/info/1003718149", "https://book.qidian.com/info/1003718149", "https://book.qidian.com/info/3341932", "https://book.qidian.com/info/3341932", "https://book.qidian.com/info/1005054119", "https://book.qidian.com/info/1005054119", "https://book.qidian.com/info/1010635376", "https://book.qidian.com/info/1010635376", "https://book.qidian.com/info/1011194349", "https://book.qidian.com/info/1011966445", "https://book.qidian.com/info/1011923635", "https://book.qidian.com/info/1011996030", "https://book.qidian.com/info/1011894816", "https://book.qidian.com/info/1011954628", "https://book.qidian.com/info/1011324769", "https://book.qidian.com/info/1005209240", "https://book.qidian.com/info/1011806768", "https://book.qidian.com/info/1011417251"]}