{"ratings": 0.0, "userreviews": [{"userName": "\u4e66\u53cb160613153611961", "userReviewDate": "2017-07-27", "userURL": "https://my.qidian.com/user/218467922", "userReview": "\u5efa\u7acb\u4eba\u7269\u5173\u7cfb\uff0c\u60c5\u8282\u5982\u4f55\u53d1\u5c55\uff0c\u6545\u4e8b\u7684\u4e3b\u5e72\u548c\u5206\u679d\u5982\u4f55\u7a7f\u63d2,\u606d\u5019\u6765\uff0c\u7fa4`\u3010\u248d\u30cb\u30cf1OO\u2490\u3001\u0417\u30cb\u3011"}, {"userName": "\u4e66\u53cb160613150354234", "userReviewDate": "2017-07-19", "userURL": "https://my.qidian.com/user/218466914", "userReview": "\u8fd9\u4e66\u6709\u65b0\u610f,\u606d\u5019\u6765\uff0c\u7fa4\u3011\u3010\u248d\u0437\u248d\u30cf1\u0437\u0437\u30cf\u248d\u3011"}, {"userName": "\u4e66\u53cb160613134804654", "userReviewDate": "2017-07-12", "userURL": "https://my.qidian.com/user/218464646", "userReview": "\u5438\u53d6\u4f17\u5bb6\u4e4b\u957f\uff0c\u5b8c\u5584\u81ea\u5df1\u4e0e\u4f17\u4e0d\u540c\u7684\u65b0\u610f,\u606d\u5019\u6765\uff0c\u7fa4`\u3010\u248d\u30cb\u30cf1OO\u3001\u2490\u0417\u30cb\u3011"}, {"userName": "\u672b\u767d\u5e0c\u671b", "userReviewDate": "2017-07-10", "userURL": "https://my.qidian.com/user/214534519", "userReview": "\u4f5c\u8005\u52a0\u6cb9\uff5e[fn=4][fn=4]"}, {"userName": "\u4e66\u53cb160610122656217", "userReviewDate": "2017-07-08", "userURL": "https://my.qidian.com/user/218339194", "userReview": "\u5438\u53d6\u4f17\u5bb6\u4e4b\u957f\uff0c\u5b8c\u5584\u81ea\u5df1\u4e0e\u4f17\u4e0d\u540c\u7684\u65b0\u610f,\u606d\u5019\u6765\uff0c\u7fa4`\u3010\u248d\u30cb\u30cf1OO\u2490\u0417\u30cb\u3011"}, {"userName": "\u4e66\u53cb160610102618025", "userReviewDate": "2017-06-30", "userURL": "https://my.qidian.com/user/218334553", "userReview": "\u63d0\u9ad8\u6587\u7b14\u548c\u5199\u4f5c\u601d\u8def\uff0c\u5199\u51fa\u4eba\u7269\u4e2a\u6027\uff0c\u66f4\u591a\u6280\u5de7\u4e0e\u4f60\u5206\u4eab\uff0c\u6765\u7fa4\u3010\u248d\u0437\u248d\u30cf1\u0437\u0437\u30cf\u248d\u3011"}, {"userName": "\u4e66\u53cb160610102630728", "userReviewDate": "2017-06-29", "userURL": "https://my.qidian.com/user/218334558", "userReview": "\u9700\u8981\u65f6\u523b\u4e86\u89e3\u81ea\u5df1\u6700\u8fd1\u60c5\u8282\u7684\u8d70\u52bf\u6709\u6ca1\u6709\u5927\u95ee\u9898\uff0c\u606d\u5019\u6765\uff0c\u7fa4\u3011\u3010\u248d\u0437\u248d\u30cf1\u0437\u0437\u30cf\u248d\u3011"}, {"userName": "\u4e66\u53cb160610102630728", "userReviewDate": "2017-06-28", "userURL": "https://my.qidian.com/user/218334558", "userReview": "\u770b\u7684\u51fa\u5f88\u7528\u5fc3\u5728\u5199,\u606d\u5019\u6765\uff0c\u7fa4\u3011\u3010\u248d\u0437\u248d\u30cf1\u0437\u0437\u30cf\u248d\u3011"}], "description": "\u8086\u610f\u6325\u6d12\u6fc0\u60c5\u7684\u6e38\u620f\u4eba\u751f\uff0c\u6253\u7834\u73b0\u5b9e\u6846\u67b6\u7684\u65e0\u5c3d\u5e7b\u60f3\uff01", "title": "\u4e9a\u745e\u7279\u6218\u795e\u4f20\u8bf4", "url": "https://book.qidian.com/info/1005054119", "average": -1.0, "cover": "//qidian.qpic.cn/qdbimg/349573/1005054119/180", "reviews": -1, "authors": [{"url": "https://me.qidian.com/authorIndex.aspx?id=4214469", "name": "\u65e5\u672c\u8b66\u89c6\u5385\u7b2b\u56db\u641c\u67e5\u73ed\u8b66\u90e8"}], "type": ["\u6e38\u620f", "\u6e38\u620f\u5f02\u754c"], "outlinks": ["https://book.qidian.com/info/1005054119", "https://book.qidian.com/info/9467", "https://book.qidian.com/info/9467", "https://book.qidian.com/info/22919", "https://book.qidian.com/info/22919", "https://book.qidian.com/info/24857", "https://book.qidian.com/info/24857", "https://book.qidian.com/info/31709", "https://book.qidian.com/info/31709", "https://book.qidian.com/info/37954", "https://book.qidian.com/info/37954", "https://book.qidian.com/info/40537", "https://book.qidian.com/info/40537", "https://book.qidian.com/info/3341932", "https://book.qidian.com/info/3341932", "https://book.qidian.com/info/1010635376", "https://book.qidian.com/info/1010635376", "https://book.qidian.com/info/1011804814", "https://book.qidian.com/info/1011804814", "https://book.qidian.com/info/1011944539", "https://book.qidian.com/info/1011967882", "https://book.qidian.com/info/1011856614", "https://book.qidian.com/info/1011979301", "https://book.qidian.com/info/1010667415", "https://book.qidian.com/info/1011736169", "https://book.qidian.com/info/1011797289", "https://book.qidian.com/info/1011808514", "https://book.qidian.com/info/1011901619", "https://book.qidian.com/info/1011962316"]}