{"ratings": 0.0, "userreviews": [{"userName": "\u5c0f\u9b54\u795eDOTA", "userReviewDate": "21\u5c0f\u65f6\u524d", "userURL": "https://my.qidian.com/user/107158469", "userReview": "\u4f5c\u8005\u5199\u4e86\u8fd9\u4e48\u591a\u4e86\uff0c\u8bc4\u8bba\u5f88\u5c11\u554a\uff0c\u5df2\u770b\u5b8c\uff0c\u4e3a\u4e66\u8352\u7684\u670b\u53cb\u63a8\u8350\u4e00\u628a1.\u4e3b\u89d2\u4e09\u89c2\u6b63\u5e38\uff0c\u76ee\u6807\u5c31\u662f\u53d8\u5f3a2"}, {"userName": "\u65a9\u4e50cs", "userReviewDate": "2018-06-06", "userURL": "https://my.qidian.com/user/197068797", "userReview": "\u4f5c\u8005\u5927\u5927\u52a0\u6cb9\uff01\u4e00\u8d77\u52aa\u529b\uff01"}, {"userName": "\u9ed1\u6708\u5de8\u5996", "userReviewDate": "2018-05-26", "userURL": "https://my.qidian.com/user/216018929", "userReview": "\u4f5c\u8005\u52a0\u6cb9\u3002"}, {"userName": "\u957f\u51fb\u8bba", "userReviewDate": "2018-05-19", "userURL": "https://my.qidian.com/user/1767534", "userReview": "\u4e66\u4e0d\u9519\uff0c\u8981\u575a\u6301\uff0c\u4e0d\u8981\u8fd9\u4e2a\u51e0\u4e07\u5b57\u5c31\u592a\u76d1"}], "description": "\u9b54\u517d\u8df5\u8e0f\uff0c\u5de8\u9f99\u5486\u54ee\uff0c\u5deb\u5e08\u8bc5\u5492\uff0c\u9b54\u6cd5\u7480\u74a8\u4e4b\u5149\u7167\u8000\u77e5\u8bc6\u706f\u5854\uff01", "title": "\u4ea1\u8005\u4e4b\u5385", "url": "https://book.qidian.com/info/1011844868", "average": -1.0, "cover": "//qidian.qpic.cn/qdbimg/349573/1011844868/180", "reviews": -1, "authors": [{"url": "https://me.qidian.com/authorIndex.aspx?id=4316572", "name": "\u9ed1\u73af"}], "type": ["\u5947\u5e7b", "\u9ed1\u6697\u5e7b\u60f3"], "outlinks": ["https://book.qidian.com/info/1011844868", "https://book.qidian.com/info/1010985987", "https://book.qidian.com/info/1010985987", "https://book.qidian.com/info/1011443713", "https://book.qidian.com/info/1011443713", "https://book.qidian.com/info/1004995908", "https://book.qidian.com/info/1004995908", "https://book.qidian.com/info/1010828991", "https://book.qidian.com/info/1010828991", "https://book.qidian.com/info/1003306811", "https://book.qidian.com/info/1003306811", "https://book.qidian.com/info/1010977810", "https://book.qidian.com/info/1010977810", "https://book.qidian.com/info/1011615984", "https://book.qidian.com/info/1011615984", "https://book.qidian.com/info/1011194349", "https://book.qidian.com/info/1011966445", "https://book.qidian.com/info/1011923635", "https://book.qidian.com/info/1011996030", "https://book.qidian.com/info/1011894816", "https://book.qidian.com/info/1011954628", "https://book.qidian.com/info/1011324769", "https://book.qidian.com/info/1005209240", "https://book.qidian.com/info/1011806768", "https://book.qidian.com/info/1011417251"]}