{"ratings": 0.0, "userreviews": [{"userName": "\u5e1d\u9cb2", "userReviewDate": "2018-04-14", "userURL": "https://my.qidian.com/user/202589931", "userReview": "\u672c\u4e66\u7684\u51c6\u7248\u4e3b\u3001\u62a4\u6cd5\u201c\u68a6\u6709\u6bd2\u201d\u5199\u4e86\u4e00\u672c\u300a\u68a6\u6709\u6bd2\u300b\uff0c\u884c\u6587\u5e7d\u9ed8\u6d41\u7545\uff0c\u5267\u60c5\u63a8\u8fdb\u5408\u7406\uff0c\u662f\u4e00\u672c\u7279\u522b\u53e6\u7c7b"}, {"userName": "\u7a97\u524d\u5c31\u662f\u6d77", "userReviewDate": "2017-06-28", "userURL": "https://my.qidian.com/user/112685379", "userReview": "\u9898\u6750\u6ca1\u5f97\u8bf4\uff0c\u7b2c\u4e00\u6b21\u89c1\u5230\u3002\u60c5\u8282\u6ca1\u5f97\u8bf4\uff0c\u4e00\u70b9\u4e0d\u72d7\u8840\u3002\u6587\u7b14\u6ca1\u5f97\u8bf4\uff0c\u7edd\u5bf9\u4e0d\u5e7c\u7a1a\u3002\u5c31\u662f\u5728\u65ad\u7ae0\u7684\u5730\u65b9\u7529"}, {"userName": "\u5f97\u610f\u975e\u51e1", "userReviewDate": "2017-06-25", "userURL": "https://my.qidian.com/user/188314722", "userReview": "\u4e24\u5929\u770b\u5b8c\u4e86\uff0c\u53c8\u4e66\u8352\u4e86\uff0c\u597d\u4e66\u600e\u4e48\u90a3\u4e48\u5c11\u90a3\uff01"}, {"userName": "\u767d\u6069\u7b11", "userReviewDate": "2017-04-21", "userURL": "https://my.qidian.com/user/227264576", "userReview": "\u901b\u8d77\u70b9\u65e0\u610f\u95f4\u53d1\u73b0\u4e86\u8fd9\u672c\u4e66\uff0c\u5f88\u5438\u5f15\u6211\uff0c\u4e00\u4e0b\u5348\u7684\u65f6\u95f4\u5168\u90e8\u7528\u5728\u4e86\u8fd9\u672c\u4e66\u4e0a\uff0c\u5e0c\u671b\u4f5c\u8005\u591a\u591a\u66f4\u65b0\uff0c\u4e3a\u4e86"}, {"userName": "\u5e1d\u9cb2", "userReviewDate": "37\u5206\u949f\u524d", "userURL": "https://my.qidian.com/user/202589931", "userReview": "\u606d\u8d3a\u201c\u67d0\u8c0b\u725f\u7738\u201d\u5750\u4e0a\u6267\u4e8b\u5b9d\u5ea7\uff01[fn=5]\u611f\u8c22\u67d0\u8c0b\u725f\u7738\u4e00\u76f4\u4ee5\u6765\u7684\u652f\u6301\uff01[fn=3]\u795d\u4f60\u5929\u5929"}, {"userName": "\u5415\u5929\u867e13601", "userReviewDate": "17\u5c0f\u65f6\u524d", "userURL": "https://my.qidian.com/user/316857910", "userReview": "\u7b7e\u5230\u8def\u8fc7\u5212\u6c34"}, {"userName": "\u4e66\u53cb150721213620959", "userReviewDate": "21\u5c0f\u65f6\u524d", "userURL": "https://my.qidian.com/user/210904930", "userReview": "\u5982\u679c\u4f60\u6709\u673a\u4f1a\u4ea4\u6362\u4eba\u751f\u53ef\u4ee5\u6362\u4e00\u5929\uff0c\u4f60\u662f\u60f3\u5f53\u51e1\u95f4\u5bcc\u4eba\u8fd8\u662f\u5f53\u4ed9\u754c\u5c0f\u5bcc\u7684\u4ed9\u4eba\u8fd8\u662f\u5f53\u795e\u754c\u666e\u901a\u795e\u8fd8\u662f\u5f53"}, {"userName": "\u68a6\u6709\u6bd2", "userReviewDate": "21\u5c0f\u65f6\u524d", "userURL": "https://my.qidian.com/user/219184524", "userReview": "[fn=2]\u6210\u8bed\u63a5\u9f99[fn=2]\u804a\u5929[fn=2]\u7b7e\u5230\u697c[fn=2][fn=2]\u770b\u5b8c\u4e66\u6765\u6c34\u4e00"}, {"userName": "\u5e1d\u9cb2", "userReviewDate": "2018-06-07", "userURL": "https://my.qidian.com/user/202589931", "userReview": "\u606d\u8d3a\u201c\u8c82\u8749\u5356\u6cb9\u7cd5\u201d\u8363\u5347\u8235\u4e3b\uff01[fn=5]\u611f\u8c22\u4f60\u4e00\u76f4\u4ee5\u6765\u7684\u652f\u6301\uff01[fn=3]\u795d\u4f60\u5929\u5929\u90fd\u6709\u597d\u4e66"}, {"userName": "\u5e1d\u9cb2", "userReviewDate": "2018-06-07", "userURL": "https://my.qidian.com/user/202589931", "userReview": "\u606d\u8d3a\u201c\u6c34\u91cc\u4eba\u771f\u4f1a\u73a9\u201d\u8363\u5347\u8235\u4e3b\uff01[fn=5]\u611f\u8c22\u4f60\u4e00\u76f4\u4ee5\u6765\u7684\u652f\u6301\uff01[fn=3]\u795d\u4f60\u5929\u5929\u90fd\u6709\u597d"}, {"userName": "\u5e1d\u9cb2", "userReviewDate": "2018-06-06", "userURL": "https://my.qidian.com/user/202589931", "userReview": "\u606d\u8d3a\u201c\u98ce\u5c7f\u57ce\u201d\u5750\u4e0a\u6267\u4e8b\u5b9d\u5ea7\uff01[fn=5]\u611f\u8c22\u98ce\u5c7f\u57ce\u4e00\u76f4\u4ee5\u6765\u7684\u652f\u6301\uff01[fn=3]\u795d\u4f60\u5929\u5929\u90fd\u6709"}, {"userName": "\u5e1d\u9cb2", "userReviewDate": "2018-06-06", "userURL": "https://my.qidian.com/user/202589931", "userReview": "\u606d\u8d3a\u201c\u4e88\u58a8\u4f9d\u4f9d\u201d\u5750\u4e0a\u6267\u4e8b\u5b9d\u5ea7\uff01[fn=5]\u611f\u8c22\u4e88\u58a8\u4f9d\u4f9d\u4e00\u76f4\u4ee5\u6765\u7684\u652f\u6301\uff01[fn=3]\u795d\u4f60\u5929\u5929"}, {"userName": "\u5e1d\u9cb2", "userReviewDate": "2018-06-06", "userURL": "https://my.qidian.com/user/202589931", "userReview": "\u606d\u8d3a\u201c\u6211\u4e0d\u50cf\u4e2a\u4eba\u6e23\u201d\u5750\u4e0a\u6267\u4e8b\u5b9d\u5ea7\uff01[fn=5]\u611f\u8c22\u4f60\u4e00\u76f4\u4ee5\u6765\u7684\u652f\u6301\uff01[fn=3]\u795d\u4f60\u5929\u5929\u90fd"}, {"userName": "\u5e1d\u9cb2", "userReviewDate": "2018-06-06", "userURL": "https://my.qidian.com/user/202589931", "userReview": "\u606d\u8d3a\u201c\u770b\u4f60\u7684\u5c0f\u86ee\u8170\u201d\u8363\u5347\u5802\u4e3b\uff01[fn=5]\u975e\u5e38\u611f\u8c22\u4f60\u4e00\u76f4\u4ee5\u6765\u7684\u652f\u6301\uff01[fn=3]\u795d\u4f60\u5929\u5929\u90fd"}], "description": "\u91cd\u751f\u8fc7\u53bb\u3001\u7545\u60f3\u672a\u6765\u3001\u68a6\u5e7b\u73b0\u5b9e\uff0c\u518d\u5851\u4f20\u5947\u4eba\u751f\uff01", "title": "\u4ea4\u6362\u4eba\u751f\u4ff1\u4e50\u90e8", "url": "https://book.qidian.com/info/1004991992", "average": -1.0, "cover": "//qidian.qpic.cn/qdbimg/349573/1004991992/180", "reviews": -1, "authors": [{"url": "https://me.qidian.com/authorIndex.aspx?id=4753720", "name": "\u5e1d\u9cb2"}], "type": ["\u90fd\u5e02", "\u90fd\u5e02\u751f\u6d3b", "\u4e8c\u6b21\u5143"], "outlinks": ["https://book.qidian.com/info/1004991992", "https://book.qidian.com/info/1010635740", "https://book.qidian.com/info/1010635740", "https://book.qidian.com/info/1010770013", "https://book.qidian.com/info/1010770013", "https://book.qidian.com/info/1007388410", "https://book.qidian.com/info/1007388410", "https://book.qidian.com/info/1010068112", "https://book.qidian.com/info/1010068112", "https://book.qidian.com/info/1009591831", "https://book.qidian.com/info/1009591831", "https://book.qidian.com/info/1005983537", "https://book.qidian.com/info/1005983537", "https://book.qidian.com/info/1003385187", "https://book.qidian.com/info/1003385187", "https://book.qidian.com/info/1011932150", "https://book.qidian.com/info/1012029544", "https://book.qidian.com/info/1012015699", "https://book.qidian.com/info/1012018201", "https://book.qidian.com/info/1011879101", "https://book.qidian.com/info/1011790606", "https://book.qidian.com/info/1011971435", "https://book.qidian.com/info/1009695534", "https://book.qidian.com/info/1011890878", "https://book.qidian.com/info/1010537314"]}