{"ratings": 0.0, "userreviews": [{"userName": "\u9d37\u70ec", "userReviewDate": "2018-02-07", "userURL": "https://my.qidian.com/user/219523886", "userReview": "\u9d37\u70ec\u6253\u8d4f\u53ef\u5927\u53ef\u5c0f 50000\u8d77\u70b9\u5e01  \u8fd9\u672c\u4e66\u5199\u7684\u592a\u597d\u4e86,\u7292\u52b3\u4e00\u4e0b\u5e0c\u671b\u540e\u7eed\u66f4\u7cbe\u5f69!"}, {"userName": "\u53ef\u5927\u53ef\u5c0f", "userReviewDate": "2017-11-13", "userURL": "https://my.qidian.com/user/11585526", "userReview": "\u5173\u4e8e\u5927\u5bb6\u63d0\u5230\u7684\u4eba\u540d\u9519\u8bef\uff0c\u5927\u53ef\u5f88\u6c57\u989c\uff0c\u56e0\u4e3a\u4eba\u540d\u90fd\u88ab\u8bbe\u7f6e\u6210\u8bcd\u7ec4\uff0c\u6709\u7684\u65f6\u5019\u624b\u6307\u4e00\u6296\uff0c\u5c31\u70b9\u9519\u4e86\u3002\u8bf7"}, {"userName": "\u9d37\u70ec", "userReviewDate": "2017-07-12", "userURL": "https://my.qidian.com/user/219523886", "userReview": "\u9d37\u70ec\u6253\u8d4f\u53ef\u5927\u53ef\u5c0f 50000\u8d77\u70b9\u5e01  \u8fd9\u672c\u4e66\u5199\u7684\u592a\u597d\u4e86,\u7292\u52b3\u4e00\u4e0b\u5e0c\u671b\u540e\u7eed\u66f4\u7cbe\u5f69!"}, {"userName": "\u4e66\u4e2d\u5c0f\u6ce5\u9cc5", "userReviewDate": "11\u5206\u949f\u524d", "userURL": "https://my.qidian.com/user/129709059", "userReview": "\u6587\u7ae0\u884c\u4e91\u6d41\u6c34\u786e\u5b9e\u5341\u5206\u4e0d\u9519\uff0c\u4f46\u6709\u4e00\u70b9\u732a\u811a\u7684\u884c\u52a8\u5341\u5206\u8fde\u7eed\u3001\u9891\u7e41\u3001\u4efb\u52a1\u63ba\u548c\u7684\u8fc7\u591a\uff0c\u8fd9\u662f\u6f5c\u4f0f\u7684\u5927\u5fcc"}, {"userName": "\u8d77dian\u7eaa\u68c0\u59d4", "userReviewDate": "4\u5c0f\u65f6\u524d", "userURL": "https://my.qidian.com/user/175275578", "userReview": "\u515a\u6d3e\u6597\u4e89\u7684\u4e8c\u4e94\u4ed4\u6700\u6076\u5fc3\uff0c\u6eda\u4f60\u9ebb\u75f9\u7684\uff0c\u4e3a\u4e86\u56fd\u5bb6\u8fd8\u662f\u82f1\u96c4\uff0c\u4e3a\u4e86\u515a\u6d3e\u6597\u4e89\u72d7\u5c41\u4e0d\u3002"}, {"userName": "\u4e66\u53cb20170720191652823", "userReviewDate": "13\u5c0f\u65f6\u524d", "userURL": "https://my.qidian.com/user/305555617", "userReview": "\u7b7e\u5230\u6765\u770b\u6587\u3002\n"}, {"userName": "\u70ba\u8ced\u2488\u53e3\u6c23", "userReviewDate": "16\u5c0f\u65f6\u524d", "userURL": "https://my.qidian.com/user/5065691", "userReview": "d\u7b7e\u5230\u6df7\u4e2a\u7ecf\u9a8c"}, {"userName": "\u70ba\u8ced\u2488\u53e3\u6c23", "userReviewDate": "16\u5c0f\u65f6\u524d", "userURL": "https://my.qidian.com/user/5065691", "userReview": "\u7b7e\u5230\u6df7\u4e2a\u7ecf\u9a8c"}, {"userName": "\u6d77\u9e23\u5fae", "userReviewDate": "17\u5c0f\u65f6\u524d", "userURL": "https://my.qidian.com/user/160965006", "userReview": "\u8fd9\u672c\u4e66\u57fa\u672c\u4e0a\u662f\u66f4\u65b0\u4e00\u70b9\u770b\u4e00\u70b9\uff0c\u4e5f\u662f\u8fd9\u672c\u4e66\u8ba9\u6211\u4e86\u89e3\u4e86\u6218\u4e89\u671f\u95f4\u7684\u5730\u4e0b\u5de5\u4f5c\u8005\u3002\u7ed3\u5c3e\u6709\u4e9b\u4ed3\u4fc3\uff0c\u7136\u540e"}, {"userName": "\u5403\u4e66\u7684\u98ce\u6d41\u6d6a\u5b50", "userReviewDate": "17\u5c0f\u65f6\u524d", "userURL": "https://my.qidian.com/user/215696588", "userReview": "\u51e1\u8d70\u8fc7\u5fc5\u7559\u4e0b\u75d5\u8ff9\uff0c\u8ddf\u4e3b\u89d2\u523b\u610f\u505a\u7684\u6709\u5173\u7684\u4e8b\u548c\u4eba\u53d1\u751f\u90a3\u4e48\u591a\u6b21\u60c5\u51b5\uff0c\u600e\u4e48\u53ef\u80fd\u8fd8\u4e00\u76f4\u4e0d\u88ab\u4eba\u6000\u7591\uff0c\u54ea"}, {"userName": "\u98ce\u94c32011", "userReviewDate": "18\u5c0f\u65f6\u524d", "userURL": "https://my.qidian.com/user/300121076", "userReview": "\u6295\u7968\u4e86\u3002\u3002\u3002"}, {"userName": "\u98ce\u94c32011", "userReviewDate": "18\u5c0f\u65f6\u524d", "userURL": "https://my.qidian.com/user/300121076", "userReview": "\u6295\u7968\u4e86\u3002\u3002\u3002"}, {"userName": "\u6211\u624d\u662f\u4f0a\u7b11", "userReviewDate": "\u6628\u65e508:56", "userURL": "https://my.qidian.com/user/148972544", "userReview": "\u4ea4\u950b\u7684\u4e3b\u89d2\u8c01\u6f14\u554a\uff1f\u522b\u627e\u5c0f\u9c9c\u8089\u554a\uff01\u4f1a\u6bc1\u5267\u7684\u54c7\uff01"}, {"userName": "\u72ec\u5b64\u81ea\u7136", "userReviewDate": "\u6628\u65e501:04", "userURL": "https://my.qidian.com/user/3506254", "userReview": "\u597d\u4e66\u4e66\u597d\u3002"}], "description": "\u70ed\u8840\u6218\u6597\uff0c\u4fdd\u5bb6\u536b\u56fd\uff0c\u8a93\u6b7b\u5b88\u62a4\uff0c\u50b2\u9aa8\u65e0\u53cc\u94f8\u519b\u9b42\uff01", "title": "\u4ea4\u950b", "url": "https://book.qidian.com/info/1004829455", "average": -1.0, "cover": "//qidian.qpic.cn/qdbimg/349573/1004829455/180", "reviews": -1, "authors": [{"url": "https://me.qidian.com/authorIndex.aspx?id=4362376", "name": "\u53ef\u5927\u53ef\u5c0f"}], "type": ["\u519b\u4e8b", "\u8c0d\u6218\u7279\u5de5"], "outlinks": ["https://book.qidian.com/info/1004829455", "https://book.qidian.com/info/1009667884", "https://book.qidian.com/info/1009667884", "https://book.qidian.com/info/1010961787", "https://book.qidian.com/info/1010961787", "https://book.qidian.com/info/1010566274", "https://book.qidian.com/info/1010566274", "https://book.qidian.com/info/1010578665", "https://book.qidian.com/info/1010578665", "https://book.qidian.com/info/1010850032", "https://book.qidian.com/info/1010850032", "https://book.qidian.com/info/1004893433", "https://book.qidian.com/info/1004893433", "https://book.qidian.com/info/134535", "https://book.qidian.com/info/134535", "https://book.qidian.com/info/1627655", "https://book.qidian.com/info/1627655", "https://book.qidian.com/info/3180133", "https://book.qidian.com/info/3180133", "https://book.qidian.com/info/3495389", "https://book.qidian.com/info/3495389", "https://book.qidian.com/info/1012069605", "https://book.qidian.com/info/1012069605", "https://book.qidian.com/info/1011773651", "https://book.qidian.com/info/1011792881", "https://book.qidian.com/info/1011766727", "https://book.qidian.com/info/1011816033", "https://book.qidian.com/info/1011910483", "https://book.qidian.com/info/1011695819", "https://book.qidian.com/info/1011962771", "https://book.qidian.com/info/1011786182", "https://book.qidian.com/info/1011837374", "https://book.qidian.com/info/1011724908"]}