{"ratings": 0.0, "userreviews": [{"userName": "\u4e28\u94c3\u79d1\u767e\u5408\u5b50\u4e28", "userReviewDate": "2015-05-21", "userURL": "https://my.qidian.com/user/132489478", "userReview": "\u4e28\u94c3\u79d1\u767e\u5408\u5b50\u4e28\u6253\u8d4f\u9752\u68d8 10000\u8d77\u70b9\u5e01\u3000\u8fd9\u672c\u4e66\u5199\u7684\u592a\u597d\u4e86,\u7292\u52b3\u4e00\u4e0b\u5e0c\u671b\u540e\u7eed\u66f4\u7cbe\u5f69!"}, {"userName": "\u5408\u6cd5\u4eba7", "userReviewDate": "2015-05-21", "userURL": "https://my.qidian.com/user/186344886", "userReview": "\u5408\u6cd5\u4eba7\u6253\u8d4f\u9752\u68d8 10000\u8d77\u70b9\u5e01\u3000\u8fd9\u672c\u4e66\u5199\u7684\u592a\u597d\u4e86,\u7292\u52b3\u4e00\u4e0b\u5e0c\u671b\u540e\u7eed\u66f4\u7cbe\u5f69!"}, {"userName": "\u70bc\u4e03\u591c", "userReviewDate": "2015-05-08", "userURL": "https://my.qidian.com/user/195736217", "userReview": "\u70bc\u4e03\u591c\u6253\u8d4f\u9752\u68d8 10000\u8d77\u70b9\u5e01\u3000\u8fd9\u672c\u4e66\u5199\u7684\u592a\u597d\u4e86,\u7292\u52b3\u4e00\u4e0b\u5e0c\u671b\u540e\u7eed\u66f4\u7cbe\u5f69!"}, {"userName": "\u96ea\u67d4\u9601\u5c0f\u53d7", "userReviewDate": "2018-04-21", "userURL": "https://my.qidian.com/user/219630608", "userReview": "\u54ce\uff0c\u626b\u4e00\u4e0b\u5893\u5427"}, {"userName": "\u738b\u8fdb\u6253\u9ad8\u4fc5", "userReviewDate": "2018-01-29", "userURL": "https://my.qidian.com/user/310268237", "userReview": "\u91d1\u5eb8\u5927\u5927\u90fd\u6ca1\u8ba4\u4e3a\u81ea\u5df1\u7684\u662f\u6587\u5b66\uff0c\u53c8\u4f55\u5fc5\u7ed9\u7f51\u6587\u8fd9\u4e48\u5927\u7684\u540d\u5934\uff0c\u7f51\u6587\u51e0\u767e\u5e74\u540e\u7684\u4eba\u5e94\u8be5\u80fd\u5224\u65ad\u3002"}, {"userName": "\u9ed8\u9ed8\u53ea\u662f\u4e0d\u60f3\u8bf4", "userReviewDate": "2017-11-14", "userURL": "https://my.qidian.com/user/148927403", "userReview": "\u7b2c\u4e00\u7ae0\u5462    "}, {"userName": "\u84dd\u8c03\u98de\u8776", "userReviewDate": "2017-11-01", "userURL": "https://my.qidian.com/user/198346148", "userReview": "\u6211\u4e2a\u4eba\u8ba4\u4e3a\u8fd9\u672c\u4e66\u7b97\u662f\u9752\u82b1\u59ec\u7684\u5dc5\u5cf0\u4e4b\u4f5c\u4e86\u3002\u53ef\u60dc\u70c2\u5c3e\u3002"}, {"userName": "\u620f\u68a6ing", "userReviewDate": "2017-10-29", "userURL": "https://my.qidian.com/user/309624645", "userReview": "\u4ea4\u5c01\u4e0d\u6740  \u5feb\u70b9\u4ea4\u5c01"}, {"userName": "\u751f\u4e4b\u865a\u7a7a1", "userReviewDate": "2017-10-17", "userURL": "https://my.qidian.com/user/158729943", "userReview": "\u611f\u89c9\u4f5c\u8005\u8fd9\u672c\u6bd4\u60a0\u95f2\u597d\u5f88\u591a"}, {"userName": "\u7430\u4e2d\u6c99", "userReviewDate": "2017-10-07", "userURL": "https://my.qidian.com/user/147744785", "userReview": "\u9752\u68d8\u662f\u59b9\u5b50\u5417\uff1f"}, {"userName": "\u840c\u840c\u738b\u5b50\u9171", "userReviewDate": "2017-09-14", "userURL": "https://my.qidian.com/user/210429160", "userReview": "\u7b7e\u5230\u6c34\u7ecf\u9a8c"}, {"userName": "\u7430\u4e2d\u6c99", "userReviewDate": "2017-09-13", "userURL": "https://my.qidian.com/user/147744785", "userReview": "\u4f5c\u8005\u80fd\u4e0d\u80fd\u8bb2\u4e0b\u5199\u5c0f\u8bf4\u7684\u65b9\u6cd5\u548c\u6280\u5de7\u5462\uff01\u611f\u89c9\u597d\u50cf\u5f88\u61c2\u7684\u6837\u5b50"}, {"userName": "\u90a3\u6211buff\u662f\u732a", "userReviewDate": "2017-08-31", "userURL": "https://my.qidian.com/user/307399348", "userReview": "\u5728\u8fd9\u91cc\u6c34\u6709\u7ecf\u9a8c\u5417"}, {"userName": "\u5973\u5a7f\u4f60\u597d\u6211\u53eb\u9b3c\u7236", "userReviewDate": "2017-08-23", "userURL": "https://my.qidian.com/user/306247463", "userReview": "\u770b\u5230mashiro\u6211\u5c31\u8fdb\u6765\u4e86\uff0c\u95ee\u4e00\u4e0b\u4e66\u600e\u4e48\u6837"}], "description": "\u91cd\u751f\u8fc7\u53bb\u3001\u7545\u60f3\u672a\u6765\u3001\u68a6\u5e7b\u73b0\u5b9e\uff0c\u518d\u5851\u4f20\u5947\u4eba\u751f\uff01", "title": "\u4eac\u90fd\u6587\u8c6a", "url": "https://book.qidian.com/info/3432304", "average": -1.0, "cover": "//qidian.qpic.cn/qdbimg/349573/3432304/180", "reviews": -1, "authors": [{"url": "https://me.qidian.com/authorIndex.aspx?id=4062129", "name": "\u9752\u68d8"}], "type": ["\u90fd\u5e02", "\u90fd\u5e02\u751f\u6d3b", "\u4e8c\u6b21\u5143"], "outlinks": ["https://book.qidian.com/info/3432304", "https://book.qidian.com/info/1010771333", "https://book.qidian.com/info/1010771333", "https://book.qidian.com/info/1010825547", "https://book.qidian.com/info/1010825547", "https://book.qidian.com/info/1010500395", "https://book.qidian.com/info/1010500395", "https://book.qidian.com/info/1010802544", "https://book.qidian.com/info/1010802544", "https://book.qidian.com/info/1010635740", "https://book.qidian.com/info/1010635740", "https://book.qidian.com/info/1010027789", "https://book.qidian.com/info/1010027789", "https://book.qidian.com/info/1003498202", "https://book.qidian.com/info/1003498202", "https://book.qidian.com/info/1006888030", "https://book.qidian.com/info/1006888030", "https://book.qidian.com/info/1010279627", "https://book.qidian.com/info/1010279627", "https://book.qidian.com/info/1011880612", "https://book.qidian.com/info/1011880612", "https://book.qidian.com/info/1012058179", "https://book.qidian.com/info/1012058179", "https://book.qidian.com/info/1011932150", "https://book.qidian.com/info/1012029544", "https://book.qidian.com/info/1012015699", "https://book.qidian.com/info/1012018201", "https://book.qidian.com/info/1011879101", "https://book.qidian.com/info/1011790606", "https://book.qidian.com/info/1011971435", "https://book.qidian.com/info/1009695534", "https://book.qidian.com/info/1011890878", "https://book.qidian.com/info/1010537314"]}