{"ratings": 0.0, "userreviews": [{"userName": "\u96e8\u843d\u6885\u82b1l", "userReviewDate": "24\u5c0f\u65f6\u524d", "userURL": "https://my.qidian.com/user/214722900", "userReview": "\u6211\u770b\u4e86\u6700\u5c11\u4e09\u904d\u4e86\uff0c\u8fd9\u4e48\u591a\u5e74\u4e86\u3002"}, {"userName": "night.cn", "userReviewDate": "\u6628\u65e513:28", "userURL": "https://my.qidian.com/user/14762607", "userReview": "\u6709\u4eba\u6709\u539f\u7248\u5417\uff1f\u5c31\u662f04\u5e7405\u5e74\u7684\u672a\u5220\u8282\u7248\u672c\u7684\uff1f\u91cd\u91d1\u6c42"}, {"userName": "night.cn", "userReviewDate": "2018-06-06", "userURL": "https://my.qidian.com/user/14762607", "userReview": "\u6709\u4eba\u8bf4\u8fd9\u672c\u4e66\u653e\u51fa\u6765\u662f\u56e0\u4e3a\u8981\u62cd\u7535\u89c6\u5267\u7684\uff0c\u6211\u60f3\u8bf4\uff0c\u4e0d\u53ef\u80fd\u7684\u3002\u672c\u4e66\u795e\u662f\u795e\u5728\u5bf9\u914d\u89d2\u7684\u5851\u9020\uff0c\u5bf9\u5c0f\u4eba\u7269"}, {"userName": "\u4e66\u53cb160215202238373", "userReviewDate": "2018-06-05", "userURL": "https://my.qidian.com/user/214933284", "userReview": "\u975e\u5e38\u70b9\u51fb\u91cf\u7684\u7684\u5c0f\u8bf4\uff0c\u300a\u6597\u7834\u82cd\u7a79\u300b\u2014\u2014\u2014\u2014\u2014\u975e\u5e38\u6c34\u5e73\u7684\u672b\u4e16\u5c0f\u8bf4\uff0c\u300a\u5b8c\u7f8e\u5f62\u6001\u300b\u2014\u2014\u2014\u2014\u2014\u975e\u5e38\u770b"}, {"userName": "\u6bd4\u4f01\u8c37\u4e00\u756a", "userReviewDate": "2018-06-03", "userURL": "https://my.qidian.com/user/312651977", "userReview": "\u4e0b\u9762\u6211\u7ed9\u5728\u5ea7\u7684\u5404\u4f4d\u6f14\u793a\u4e00\u6ce2\u6559\u79d1\u4e66\u822c\u7684\u4eb5\u6e0e"}, {"userName": "\u82cd\u7a79\u9ad8\u5904\u98ce\u5728\u6b4c\u5531", "userReviewDate": "2018-06-01", "userURL": "https://my.qidian.com/user/229442762", "userReview": "\u6ca1\u770b\u61c2\uff0c\u4e00\u8138\u61f5\u903c\uff0c\u5230\u5e95\u662f\u7f57\u683c\u662f\u4e3b\u89d2\u8fd8\u662f\u4ea1\u7075\u6cd5\u5e08\u662f\u4e3b\u89d2"}, {"userName": "\u7834\u81ea\u884c\u8f66", "userReviewDate": "2018-05-28", "userURL": "https://my.qidian.com/user/3151173", "userReview": "\u7b7e\u5230\u4e94\u4e2a\u5b57\u5e55\u540e\u6765\u5c45\u4e0a"}, {"userName": "\u4e66\u53cb130127223132069", "userReviewDate": "2018-05-26", "userURL": "https://my.qidian.com/user/156169431", "userReview": "\u5927\u795e\u53ea\u6709\u8fd9\u4e00\u672c\u4e66\uff1f"}, {"userName": "\u5e55\u5f8c\u54e5\u54e5", "userReviewDate": "2018-05-26", "userURL": "https://my.qidian.com/user/301843654", "userReview": "\u60f3\u660e\u767d\u751f\u547d\u7684\u610f\u4e49\u5417\uff1f\u60f3\u771f\u6b63\u6d3b\u7740\u5417\uff1f"}, {"userName": "\u4e8c\u7ea7\u5206\u7c7b", "userReviewDate": "2018-05-25", "userURL": "https://my.qidian.com/user/307146262", "userReview": "\u672a\u5220\u8282\u7684\u7248\u672c\u548c\u73b0\u5728\u7684\u7248\u672c\u6709\u4ec0\u4e48\u533a\u522b"}, {"userName": "\u5350\u4e56\u79bb", "userReviewDate": "2018-05-24", "userURL": "https://my.qidian.com/user/169324982", "userReview": "\u770b\u5230\u8fd9\u6211\u5c31\u60f3\u8d77\u66fe\u7ecf\u5e7b\uff01\u5251\u7684\u4e66"}, {"userName": "\u98a8\u98c4\u7fbd", "userReviewDate": "2018-05-18", "userURL": "https://my.qidian.com/user/314900272", "userReview": "\u7c3d\u5230\u6c34\u7d93\u9a57"}, {"userName": "\u98a8\u98c4\u7fbd", "userReviewDate": "2018-05-17", "userURL": "https://my.qidian.com/user/314900272", "userReview": "\u7b7e\u5230\u6c34\u7ecf\u9a8c"}, {"userName": "\u6ca1\u540d\u5b57\u7684\u5927\u795e", "userReviewDate": "2018-05-17", "userURL": "https://my.qidian.com/user/186686208", "userReview": "\u4e0a\u5b66\u7684\u65f6\u5019\u8bfb\u7684\u4e00\u672c\u5c0f\u8bf4\uff0c\u51c6\u5907\u5728\u8bfb\u4e00\u904d\uff0c\u503c\u5f97\u56de\u5473\u3002"}], "description": "\u9b54\u517d\u8df5\u8e0f\uff0c\u5de8\u9f99\u5486\u54ee\uff0c\u5deb\u5e08\u8bc5\u5492\uff0c\u9b54\u6cd5\u7480\u74a8\u4e4b\u5149\u7167\u8000\u77e5\u8bc6\u706f\u5854\uff01", "title": "\u4eb5\u6e0e", "url": "https://book.qidian.com/info/5060", "average": -1.0, "cover": "//qidian.qpic.cn/qdbimg/349573/5060/180", "reviews": -1, "authors": [{"url": "https://me.qidian.com/authorIndex.aspx?id=4362715", "name": "\u70df\u96e8\u6c5f\u5357"}], "type": ["\u5947\u5e7b", "\u5251\u4e0e\u9b54\u6cd5"], "outlinks": ["https://book.qidian.com/info/5060", "https://book.qidian.com/info/1010685191", "https://book.qidian.com/info/1010685191", "https://book.qidian.com/info/1010179339", "https://book.qidian.com/info/1010179339", "https://book.qidian.com/info/1010741169", "https://book.qidian.com/info/1010741169", "https://book.qidian.com/info/1010864272", "https://book.qidian.com/info/1010864272", "https://book.qidian.com/info/1010204993", "https://book.qidian.com/info/1010204993", "https://book.qidian.com/info/1010678713", "https://book.qidian.com/info/1010678713", "https://book.qidian.com/info/1011417531", "https://book.qidian.com/info/1011417531", "https://book.qidian.com/info/1011121310", "https://book.qidian.com/info/1011121310", "https://book.qidian.com/info/1011194349", "https://book.qidian.com/info/1011966445", "https://book.qidian.com/info/1011923635", "https://book.qidian.com/info/1011996030", "https://book.qidian.com/info/1011894816", "https://book.qidian.com/info/1011954628", "https://book.qidian.com/info/1011324769", "https://book.qidian.com/info/1005209240", "https://book.qidian.com/info/1011806768", "https://book.qidian.com/info/1011417251"]}