{"ratings": 0.0, "userreviews": [{"userName": "\u821e\u51a51", "userReviewDate": "2018-06-05", "userURL": "https://my.qidian.com/user/201129381", "userReview": "\u770b\u5230\u516b\u5341\u591a\u7ae0\uff0c\u6211\u90fd\u770b\u4e0d\u4e0b\u53bb\u4e86\u6211\u90fd\u2026\u2026"}, {"userName": "\u4eca\u5929\u6709\u96e8\u96ea", "userReviewDate": "2018-06-05", "userURL": "https://my.qidian.com/user/214654741", "userReview": "\u770b\u4e86\u516d\u7ae0\u5c31\u770b\u4e0d\u4e0b\u53bb\u4e86"}, {"userName": "\u8096\u96e8\u6cab", "userReviewDate": "2018-06-03", "userURL": "https://my.qidian.com/user/186607490", "userReview": "\u5988  \u7684 \u7ed9\u4f60\u7b97\u547d\u8001\u5b50\u8fd8\u8981\u8d1f\u8d23\uff1f\u90a3\u5bb6\u7b97\u547d\u5148\u751f\u7b97\u547d\u8fd8\u8981\u8d1f\u8d23\u7684\uff0c\u554a"}, {"userName": "\u660e\u79c0\u6697\u85cf", "userReviewDate": "2018-05-31", "userURL": "https://my.qidian.com/user/225014548", "userReview": "\u4f5c\u8005\u5927\u5927\u5440   \u4f60\u8fd9\u628a\u54ea\u5412\u90fd\u62c9\u51fa\u6765\u4e86  \u4e0d\u8981\u592a\u6bd2\u554a   \u518d\u89c1"}, {"userName": "\u4e66\u53cb20180125153802055", "userReviewDate": "2018-05-24", "userURL": "https://my.qidian.com/user/313000119", "userReview": "\u7b7e\u5230\u7b7e\u5230\u7b7e\u5230\u7b7e\u5230\u7b7e\u5230"}, {"userName": "\u82b8\u821c\u5e1d", "userReviewDate": "2018-05-23", "userURL": "https://my.qidian.com/user/210126266", "userReview": "\u4e3a\u4ec0\u4e48\u6211\u53ea\u89c9\u5f97\u524d\u9762\u597d\u770b\uff0c\u7136\u540e\u5230\u4e86\u8b66\u5bdf\u4e16\u5bb6\u6f2b\u5929\u795e\u9b54\u90a3\u4e00\u6bb5\u548c\u54ea\u5412\u5c31\u6ca1\u610f\u601d\u4e86\uff0c\u4e3b\u89d2\u592a\u88c5\u903c\u4e86"}, {"userName": "\u4e0d\u4f1a\u8d77\u540d\u7684\u72d7", "userReviewDate": "2018-05-18", "userURL": "https://my.qidian.com/user/307895580", "userReview": "\u6076\u5fc3\u4eba\uff0c\u70c2\u5c3e"}, {"userName": "\u4e66\u53cb160515152951034", "userReviewDate": "2018-05-14", "userURL": "https://my.qidian.com/user/217251837", "userReview": "\u4f60\u6709\u89c1\u8fc7\u6709\u4e09\u767e\u4e07\u7684\u4eba\u53bb\u6536\u4fdd\u62a4\u8d39\u7684\u5417\uff1f\u4ec0\u4e48\uff0c\u6ca1\u6709\u3002\u90a3\u4f60\u8fd8\u7b49\u4ec0\u4e48\u8fd9\u91cc\u6709\uff01"}, {"userName": "\u2192\u5760\u843d\u5929\u4f7f", "userReviewDate": "2018-05-07", "userURL": "https://my.qidian.com/user/8895901", "userReview": "\u522b\u7684\u4e0d\u8bf466\u4e07\u5b57\uff0c\u5b8c\u672c\uff0c\u503c\u5f97\u4e00\u770b\u4e0d\uff0c\u6211\u660e\u5929\u518d\u6765\uff0c\u7785\u7785"}, {"userName": "\u554a\u554a\u554a\u554a\u554a\u554a\u554a\u6211\u53bb", "userReviewDate": "2018-05-06", "userURL": "https://my.qidian.com/user/177713410", "userReview": "\u770b\u4e86\u5404\u4f4d\u5927\u4ed9\u7684\u8bc4\u8bba \u6211\u4e0d\u77e5\u9053\u6211\u80fd\u6491\u5230\u7b2c\u51e0\u7ae0"}, {"userName": "\u51db\u51ac\u5c06\u6b62", "userReviewDate": "2018-05-05", "userURL": "https://my.qidian.com/user/227686690", "userReview": "\u6211\u4ee5\u6bd2\u53d1\u8eab\u4ea1\uff5e\uff5e\uff5e"}, {"userName": "\u5deb\u5996\u738b\u7684\u5deb", "userReviewDate": "2018-05-03", "userURL": "https://my.qidian.com/user/300339892", "userReview": "\u8fd9\u79cd60\u591a\u4e07\u5b57\u7684\u592a\u76d1\u4e5f\u7ed9\u6211\u63a8\u8350\uff1f"}, {"userName": "\u7768\u5929\u6708", "userReviewDate": "2018-05-02", "userURL": "https://my.qidian.com/user/209591286", "userReview": "\u5199\u7684\u597d\uff0c\u52a0\u6cb9\uff0c\u4e0d\u8981\u88ab\u90a3\u4e9b\u778e\u903c\u903c\u7684\u8bc4\u8bba\u9a97\u4e86"}, {"userName": "\u7f25\u7f08\u4e36\u6697\u5f71", "userReviewDate": "2018-05-02", "userURL": "https://my.qidian.com/user/214393538", "userReview": "\u4f5c\u8005\u4f60\u5199\u9053\u5c31\u597d\u597d\u5199\uff01\u5199\u5c3c\u739b\u7684\u82f1\u96c4\u8054\u76df\uff01\u662f\u4e0d\u662f\u5199\u4f5c\u7684\u65f6\u5019\u4e0d\u5e26\u8111\u5b50\u8fd8\u662f\u8111\u5b50\u88ab\u72d7\u5403\u4e86\uff1f\u771f\u591f\u6076\u5fc3\u7684"}], "description": "\u91cd\u751f\u8fc7\u53bb\u3001\u7545\u60f3\u672a\u6765\u3001\u68a6\u5e7b\u73b0\u5b9e\uff0c\u518d\u5851\u4f20\u5947\u4eba\u751f\uff01", "title": "\u4eba\u754c\u7b2c\u4e00\u4ed9", "url": "https://book.qidian.com/info/1009898088", "average": -1.0, "cover": "//qidian.qpic.cn/qdbimg/349573/1009898088/180", "reviews": -1, "authors": [{"url": "https://me.qidian.com/authorIndex.aspx?id=12034869", "name": "\u84dd\u58a8\u767d"}], "type": ["\u90fd\u5e02", "\u5f02\u672f\u8d85\u80fd"], "outlinks": ["https://book.qidian.com/info/1009898088", "https://book.qidian.com/info/1010908372", "https://book.qidian.com/info/1010908372", "https://book.qidian.com/info/1010925483", "https://book.qidian.com/info/1010925483", "https://book.qidian.com/info/1010781736", "https://book.qidian.com/info/1010781736", "https://book.qidian.com/info/1010491255", "https://book.qidian.com/info/1010491255", "https://book.qidian.com/info/1010053636", "https://book.qidian.com/info/1010053636", "https://book.qidian.com/info/1010466428", "https://book.qidian.com/info/1010466428", "https://book.qidian.com/info/1011932150", "https://book.qidian.com/info/1012029544", "https://book.qidian.com/info/1012015699", "https://book.qidian.com/info/1012018201", "https://book.qidian.com/info/1011879101", "https://book.qidian.com/info/1011790606", "https://book.qidian.com/info/1011971435", "https://book.qidian.com/info/1009695534", "https://book.qidian.com/info/1011890878", "https://book.qidian.com/info/1010537314"]}