{"ratings": 0.0, "userreviews": [{"userName": "\u5357\u671d\u9648", "userReviewDate": "2013-09-23", "userURL": "https://my.qidian.com/user/135166206", "userReview": "\u4e0d\u79bb\u4e0d\u5f03\uff0c\u4ece\u8001\u4e66\u5230\u65b0\u4e66\uff0c\u4e00\u76f4\u4f34\u968f\u5357\u671d\u7684\u8bfb\u8005\u4e66\u53cb\u4eec\uff0c\u8bf7\u5728\u6b64\u8d34\u7559\u540d\uff0c\u597d\u8ba9\u5357\u671d\u77e5\u9053:\u6211\u4e0d\u662f\u4e00\u4e2a\u4eba"}, {"userName": "Alpha-Omega", "userReviewDate": "2013-07-04", "userURL": "https://my.qidian.com/user/112498351", "userReview": "Alpha-Omega\u6253\u8d4f\u5357\u671d\u9648 50000\u8d77\u70b9\u5e01\u3000\u8fd9\u672c\u4e66\u592a\u68d2\u4e86\uff01\u7292\u52b3\u4e00\u4e0b\uff0c\u5e0c\u671b\u540e\u7eed\u66f4\u52a0\u7cbe"}, {"userName": "Alpha-Omega", "userReviewDate": "2013-07-01", "userURL": "https://my.qidian.com/user/112498351", "userReview": "Alpha-Omega\u6253\u8d4f\u5357\u671d\u9648 50000\u8d77\u70b9\u5e01\u3000\u76f4\u63a5\u6765\u76df\u7b97\u4e86\u3002\u3002"}, {"userName": "\u6d41\u6c34Monkey", "userReviewDate": "2018-06-03", "userURL": "https://my.qidian.com/user/223032996", "userReview": "\u6b63\u7248\u5c45\u7136\u7f3a\u7ae0\u8282\uff0c\u903c\u6211\u53bb\u770b\u76d7\u7248\uff0c\u4e5f\u662f\u670d\u6c14\u4e86"}, {"userName": "\u4e66\u751f\u4e09\u5341", "userReviewDate": "2018-05-29", "userURL": "https://my.qidian.com/user/213588363", "userReview": "\u4e66\u8fd8\u4e0d\u9519\uff0c\u5c31\u662f\u8272\u9999\u5473\u4ff1\u4e0d\u5168\u2026\u2026\u53ef\u60dc\u53ef\u60dc"}, {"userName": "\u4e66\u751f\u4e09\u5341", "userReviewDate": "2018-05-29", "userURL": "https://my.qidian.com/user/213588363", "userReview": "\u8fd9\u7a81\u7136\u4e00\u5934\u8001\u725b\uff0c\u53ef\u771f\u662f\u795e\u6765\u4e4b\u7b14\uff0c\u54c8\u54c8\u54c8\uff01"}, {"userName": "\u4e66\u751f\u4e09\u5341", "userReviewDate": "2018-05-29", "userURL": "https://my.qidian.com/user/213588363", "userReview": "\u4ee5\u524d\u597d\u50cf\u770b\u8fc7\uff0c\u4f46\u4e0d\u8bb0\u5f97\u54ea\u91cc\u6bd2\u53d1\u8eab\u4ea1\u4e86\uff0c\u65e2\u7136\u5df2\u7ecf\u5b8c\u672c\u4e86\uff0c\u5c31\u518d\u5438\u4e00\u56de\u6bd2\u5427\uff0c\u53cd\u6b63\u5403\u9e21\u7684\u65f6\u5019\u5df2\u7ecf\u5438"}, {"userName": "leon_z", "userReviewDate": "2018-05-29", "userURL": "https://my.qidian.com/user/19599280", "userReview": "\u5e94\u8be5\u5199\uff0c\u60df\u4e0d\u4e89\uff0c\u5929\u4e0b\u83ab\u80fd\u4e0e\u4e4b\u4e89"}, {"userName": "\u771f\u547d\u6dfb\u5b50", "userReviewDate": "2018-05-15", "userURL": "https://my.qidian.com/user/216151212", "userReview": "\u7b7e\u5230\u4e94\u4e2a\u5b57"}, {"userName": "\u653e\u728a\u7684\u5496\u5561", "userReviewDate": "2018-05-06", "userURL": "https://my.qidian.com/user/202491270", "userReview": "\u7b80\u4ecb\u4e0d\u591f\u5438\u5f15\u4eba"}, {"userName": "\u767d\u9a6c\u738b\u5b50\u53ea\u8981\u521d\u5973", "userReviewDate": "2018-04-24", "userURL": "https://my.qidian.com/user/115788302", "userReview": "\u5510\u5b8b\u65f6\u671f\u5341\u56db\u4e94\u5c81\u5df2\u7ecf\u6210\u5e74\uff0c\u660e\u6e05\u662f\u5341\u516d\u5c81\u6210\u5e74\uff0c\u5426\u5219\u672a\u6765\u4eba\u5747\u4e09\u767e\u5c81\u662f\u4e0d\u662f\u4e5f\u8981\u5341\u516b\u6210\u5e74\uff08\u6b27\u7f8e\u662f\u5341"}, {"userName": "\u7eaf\u9633\u81f3\u5c0a", "userReviewDate": "2018-04-23", "userURL": "https://my.qidian.com/user/187180915", "userReview": "\u7b7e\u5230\uff0c\u6c34\u7ecf\u9a8c"}, {"userName": "\u5415\u5929\u867e11916", "userReviewDate": "2018-04-23", "userURL": "https://my.qidian.com/user/315087225", "userReview": "\u7b7e\u5230\u5566\u6295\u7968"}, {"userName": "\u5927\u5bcc\u54e5\u725b\u903c", "userReviewDate": "2018-04-03", "userURL": "https://my.qidian.com/user/199193801", "userReview": "\u633a\u597d\u770b\u7684\u4e00\u672c\u4e66\u554a\uff01\u600e\u4e48\u770b\u7684\u4eba\u4e0d\u591a\u554a\uff1f"}], "description": "\u4fee\u4ed9\u89c5\u957f\u751f\uff0c\u70ed\u8840\u4efb\u900d\u9065\uff0c\u8e0f\u83b2\u66f3\u6ce2\u6da4\u5251\u9aa8\uff0c\u51ed\u865a\u5fa1\u98ce\u5851\u5723\u9b42\uff01", "title": "\u4eba\u795e", "url": "https://book.qidian.com/info/2254554", "average": -1.0, "cover": "//qidian.qpic.cn/qdbimg/349573/2254554/180", "reviews": -1, "authors": [{"url": "https://me.qidian.com/authorIndex.aspx?id=4362816", "name": "\u5357\u671d\u9648"}], "type": ["\u4ed9\u4fa0", "\u4fee\u771f\u6587\u660e"], "outlinks": ["https://book.qidian.com/info/2254554", "https://book.qidian.com/info/1010926157", "https://book.qidian.com/info/1010926157", "https://book.qidian.com/info/1010804088", "https://book.qidian.com/info/1010804088", "https://book.qidian.com/info/1010859828", "https://book.qidian.com/info/1010859828", "https://book.qidian.com/info/1010015512", "https://book.qidian.com/info/1010015512", "https://book.qidian.com/info/1004849611", "https://book.qidian.com/info/1004849611", "https://book.qidian.com/info/1010653177", "https://book.qidian.com/info/1010653177", "https://book.qidian.com/info/2220824", "https://book.qidian.com/info/2220824", "https://book.qidian.com/info/2526085", "https://book.qidian.com/info/2526085", "https://book.qidian.com/info/3265654", "https://book.qidian.com/info/3265654", "https://book.qidian.com/info/1011672705", "https://book.qidian.com/info/1011672705", "https://book.qidian.com/info/1010327039", "https://book.qidian.com/info/1012016027", "https://book.qidian.com/info/1011630501", "https://book.qidian.com/info/1012010192", "https://book.qidian.com/info/1011834598", "https://book.qidian.com/info/1011672705", "https://book.qidian.com/info/1011966835", "https://book.qidian.com/info/1011940680", "https://book.qidian.com/info/1011491390", "https://book.qidian.com/info/1011995376"]}