{"ratings": 0.0, "userreviews": [{"userName": "\u9648\u7a79", "userReviewDate": "2018-05-01", "userURL": "https://my.qidian.com/user/218624172", "userReview": "\u8fd9\u672c\u4e66\u7684\u6570\u636e\u600e\u4e48\u56de\u4e8b\uff0c\u51e0\u767e\u70b9\u51fb\uff0c\u56db\u5341\u591a\u4e07\u5b57\uff0c\u4e00\u4e2a\u8bc4\u8bba\uff0c\u611f\u89c9\u662f\u5728\u4e4b\u524d\u88ab\u795e\u517d\u5c01\u5370\u4e86\u4e00\u6bb5\u65f6\u95f4\u3002"}], "description": "", "title": "\u4eba\u76ae\u4fe1", "url": "http://book.qidian.com/info/1004856385", "average": -1.0, "cover": "//qidian.qpic.cn/qdbimg/349573/1004856385/180", "reviews": -1, "authors": [{"url": "https://me.qidian.com/authorIndex.aspx?id=9266423", "name": "\u4e1c\u65b9\u8a00\u5c11"}], "type": ["\u77ed\u7bc7", "\u77ed\u7bc7\u5c0f\u8bf4"], "outlinks": ["https://book.qidian.com/info/1004856385", "https://book.qidian.com/info/3112756", "https://book.qidian.com/info/3112756", "https://book.qidian.com/info/3068279", "https://book.qidian.com/info/3068279", "https://book.qidian.com/info/1421403", "https://book.qidian.com/info/1421403", "https://book.qidian.com/info/1620923", "https://book.qidian.com/info/1620923", "https://book.qidian.com/info/1761667", "https://book.qidian.com/info/1761667", "https://book.qidian.com/info/1830315", "https://book.qidian.com/info/1830315", "https://book.qidian.com/info/1006204915", "https://book.qidian.com/info/1006204915", "https://book.qidian.com/info/1011726934", "https://book.qidian.com/info/1011726934", "https://book.qidian.com/info/1009312005", "https://book.qidian.com/info/1136277", "https://book.qidian.com/info/1830315", "https://book.qidian.com/info/1011168558", "https://book.qidian.com/info/1004575373", "https://book.qidian.com/info/1004088722", "https://book.qidian.com/info/1945698", "https://book.qidian.com/info/1010642969", "https://book.qidian.com/info/1003669419", "https://book.qidian.com/info/1011683374"]}