{"ratings": 0.0, "userreviews": [{"userName": "\u6deb\u5e1d\u7a97\u53d4", "userReviewDate": "2017-07-23", "userURL": "https://my.qidian.com/user/160648453", "userReview": "\u8bf7\u8001\u4e66\u53cb\u79fb\u6b65\u65b0\u4e66\u4e66\u8bc4\u533a\u3002\u53ef\u52a0qq\u7fa4\uff1a624/672/265\u804a\u5929\u6253\u5c41\u3002\u5173\u6ce8\u5b85\u732a\u5fae\u4fe1\u516c\u4f17\u53f7:z"}, {"userName": "\u5357\u5c71\u56db\u9b3c", "userReviewDate": "2017-03-08", "userURL": "https://my.qidian.com/user/195842224", "userReview": "\u5357\u5c71\u56db\u9b3c\u6253\u8d4f\u5b85\u732a 100000\u8d77\u70b9\u5e01  \u5929\u82b1\u4e71\u5760\uff0c\u611f\u52a8\u6d95\u96f6\uff0c\u5148\u751f\u4e4b\u624d\u5f53\u53d7\u6b64\u8d4f\uff01"}, {"userName": "\u67f3\u795e\u8f7b\u8bed", "userReviewDate": "2017-03-07", "userURL": "https://my.qidian.com/user/199737199", "userReview": "\u67f3\u795e\u8f7b\u8bed\u6253\u8d4f\u5b85\u732a 100000\u8d77\u70b9\u5e01  \u4e3b\u7ad9"}, {"userName": "\u7389\u5c0f\u6e05", "userReviewDate": "2017-02-18", "userURL": "https://my.qidian.com/user/191602843", "userReview": "\u7389\u5c0f\u6e05\u6253\u8d4f\u5b85\u732a 50000\u8d77\u70b9\u5e01  \u8fd9\u672c\u4e66\u5199\u7684\u592a\u597d\u4e86,\u7292\u52b3\u4e00\u4e0b\u5e0c\u671b\u540e\u7eed\u66f4\u7cbe\u5f69!"}, {"userName": "\u846c\u6b87\u6b87", "userReviewDate": "23\u5c0f\u65f6\u524d", "userURL": "https://my.qidian.com/user/195150789", "userReview": "[fn=43]\u70b9\u8d5e \u7684\u4e0d\u8981\uff0c\u5c31\u662f\u6d3b\u8dc3\u5ea6\u589e\u957f\uff0c\u957f\u7ecf\u9a8c\u800c\u5df2\u3002"}, {"userName": "\u79e6\u552f", "userReviewDate": "23\u5c0f\u65f6\u524d", "userURL": "https://my.qidian.com/user/216467532", "userReview": "\u552f\u4e00\u4e00\u672c\u4e0d\u662f\u56fe\u4e50\u5b50\u770b\u7684\u4e66  \u732a\u5199\u7684\u4e66\u7684\u786e\u6709\u5185\u5bb9    \u57fa\u672c\u6240\u6709\u5c0f\u8bf4 \u90fd\u662f\u8e66\u51fa\u6765\u4e2a\u8fdc\u53e4\u4eba\u7269\u5c31"}, {"userName": "\u4e00\u7267\u79e6\u5929", "userReviewDate": "\u6628\u65e512:21", "userURL": "https://my.qidian.com/user/303889190", "userReview": "\u600e\u4e48\u6ca1\u6709\u89d2\u8272\u70b9\u8d5e"}, {"userName": "\u4e00\u679a\u4e2d\u4e8c\u75c5", "userReviewDate": "\u6628\u65e512:20", "userURL": "https://my.qidian.com/user/231459727", "userReview": "\u5b85\u732a\u6700\u540e\u5199\u7684\u8fd9\u4e2a\u7ed3\u5c40\u7b97\u4e0d\u7b97\u6df7\u6c8c\u4e3b\u89d2\u7eff\u4e86\u6b63\u5e38\u7684\u4e3b\u89d2\uff1f\u6bd5\u7adf\u6211\u4e0d\u4fe1\u4e4b\u540e\u7684\u51e0\u4e07\u5e74\u6df7\u6c8c\u548c\u4ed6\u7684\u51e0\u4e07\u5983\u5b50"}, {"userName": "\u964c\u4e0a\u767d\u8863\u706c\u5fc3\u95f4\u5ba2", "userReviewDate": "\u6628\u65e512:07", "userURL": "https://my.qidian.com/user/228355285", "userReview": "\u672c\u7ae0\u8bf4\u6709\u5267\u900f\uff0c\u770b\u4e86\u4e4b\u540e\u53c8\u540e\u6094\u4e07\u5206\uff0c\u4f46\u5c31\u662f\u63a7\u5236\u4e0d\u4f4fzj"}, {"userName": "\u542f\u6838\u542f\u6838", "userReviewDate": "2018-06-06", "userURL": "https://my.qidian.com/user/209404662", "userReview": "[fn=33]"}, {"userName": "\u542f\u6838\u542f\u6838", "userReviewDate": "2018-06-06", "userURL": "https://my.qidian.com/user/209404662", "userReview": "[fn=31]"}, {"userName": "\u542f\u6838\u542f\u6838", "userReviewDate": "2018-06-05", "userURL": "https://my.qidian.com/user/209404662", "userReview": "[fn=17]"}, {"userName": "\u542f\u6838\u542f\u6838", "userReviewDate": "2018-06-05", "userURL": "https://my.qidian.com/user/209404662", "userReview": "[fn=32]"}, {"userName": "saiki", "userReviewDate": "2018-06-05", "userURL": "https://my.qidian.com/user/4666156", "userReview": "\u770b\u4e86\u4e24\u904d\uff0c\u60f3\u770b\u7b2c\u4e09\u904d\u7684\u65f6\u5019\u5c45\u7136\u770b\u4e0d\u8fdb\u53bb\u4e86\uff0c\u4e00\u770b\u7ae0\u8282\u540d\u5c31\u77e5\u9053\u5927\u81f4\u5185\u5bb9\uff0c\u5fc3\u585e\u585e\uff0c\u627e\u4e0d\u5230\u4e66\u770b\u4e86"}], "description": "\u5fc3\u6f6e\u6f8e\u6e43\uff0c\u65e0\u9650\u5e7b\u60f3\uff0c\u8fce\u98ce\u6325\u51fb\u5343\u5c42\u6d6a\uff0c\u5c11\u5e74\u4e0d\u8d25\u70ed\u8840\uff01", "title": "\u4eba\u9053\u81f3\u5c0a", "url": "https://book.qidian.com/info/3458639", "average": -1.0, "cover": "//qidian.qpic.cn/qdbimg/349573/3458639/180", "reviews": -1, "authors": [{"url": "https://me.qidian.com/authorIndex.aspx?id=4362125", "name": "\u5b85\u732a"}], "type": ["\u7384\u5e7b", "\u4e1c\u65b9\u7384\u5e7b"], "outlinks": ["https://book.qidian.com/info/3458639", "https://book.qidian.com/info/1010496369", "https://book.qidian.com/info/1010496369", "https://book.qidian.com/info/1010000699", "https://book.qidian.com/info/1010000699", "https://book.qidian.com/info/1010450940", "https://book.qidian.com/info/1010450940", "https://book.qidian.com/info/3176570", "https://book.qidian.com/info/3176570", "https://book.qidian.com/info/1009285178", "https://book.qidian.com/info/1009285178", "https://book.qidian.com/info/1010875768", "https://book.qidian.com/info/1010875768", "https://book.qidian.com/info/1000616", "https://book.qidian.com/info/1000616", "https://book.qidian.com/info/1111526", "https://book.qidian.com/info/1111526", "https://book.qidian.com/info/1455586", "https://book.qidian.com/info/1455586", "https://book.qidian.com/info/1924072", "https://book.qidian.com/info/1924072", "https://book.qidian.com/info/2540310", "https://book.qidian.com/info/2540310", "https://book.qidian.com/info/1009704712", "https://book.qidian.com/info/1009704712", "https://book.qidian.com/info/1011988403", "https://book.qidian.com/info/1009595922", "https://book.qidian.com/info/1011844784", "https://book.qidian.com/info/1011892497", "https://book.qidian.com/info/1011095320", "https://book.qidian.com/info/1011996851", "https://book.qidian.com/info/1011856434", "https://book.qidian.com/info/1011879207", "https://book.qidian.com/info/1011833256", "https://book.qidian.com/info/1011967674"]}