{"ratings": 0.0, "userreviews": [{"userName": "\u5076\u7c73\u7c89", "userReviewDate": "2018-05-20", "userURL": "https://my.qidian.com/user/157851184", "userReview": "\u51e1\u662f\u6d2a\u8352\u5b87\u5b99\u7684\u4e00\u5207\uff0c\u90fd\u53ef\u4ee5\u586b\u5145\u5176\u4e2d\uff0c\u5c0f\u7f16\u4e00\u4e2a\u4eba\u53ef\u80fd\u60f3\u7684\u4e0d\u662f\u5f88\u5168\u2026\u2026\u6700\u597d\uff0c\u5c06\u5f3a\u5f31\u5212\u5206\u4e00\u4e0b\u2026\u2026"}, {"userName": "\u5076\u7c73\u7c89", "userReviewDate": "2018-05-09", "userURL": "https://my.qidian.com/user/157851184", "userReview": "\u70ed\u70c8\u6b22\u8fce\u7684\uff01"}, {"userName": "\u6211\u662f\u72c2\u4eba976", "userReviewDate": "15\u5c0f\u65f6\u524d", "userURL": "https://my.qidian.com/user/230578731", "userReview": "\u8fd9\u4e2a\u7b97\u662f\u4eba\u9053\u81f3\u5c0a\u7684\u6a21\u4eff\u5ea7\u4e48\uff1f"}, {"userName": "\u6211\u662f\u72c2\u4eba976", "userReviewDate": "15\u5c0f\u65f6\u524d", "userURL": "https://my.qidian.com/user/230578731", "userReview": "\u5efa\u8bae\u4f5c\u8005\u53d6\u4e00\u4e2a\u597d\u70b9\u7684\u540d\u5b57\uff0c\u8d77\u8fd9\u4e2a\u540d\u5b57\u5c31\u597d\u6bd4\u4e00\u4e2a\u59d3\u4e3b\u53eb\u5e2d\u7684\u4eba\uff0c(\u5f53\u7136\u8fd9\u4e2a\u6bd4\u65b9\u6709\u70b9\u5938\u5f20)\uff0c\u6211\u89c9"}, {"userName": "\u5415\u5929\u867e12241", "userReviewDate": "2018-06-07", "userURL": "https://my.qidian.com/user/315180173", "userReview": "\u6bcf\u5929\u7b7e\u4e2a\u5230"}, {"userName": "\u8d4b\u697c\u513f", "userReviewDate": "2018-06-07", "userURL": "https://my.qidian.com/user/226121056", "userReview": "\u52a0\u6cb9\ud83d\udcaa\u3002 "}, {"userName": "\u8d4b\u697c\u513f", "userReviewDate": "2018-06-07", "userURL": "https://my.qidian.com/user/226121056", "userReview": "\u7b7e\u5230\u3002  \n"}, {"userName": "\u82cf\u5b50\u82e5\u90aa", "userReviewDate": "2018-06-06", "userURL": "https://my.qidian.com/user/210851513", "userReview": "\u4e3a\u4ec0\u4e48\u4e00\u5b9a\u8981\u56de\u53bb\u5462\u3002"}, {"userName": "\u6211\u8bf7\u4f60\u4e70\u4e86\u4e2a\u5305", "userReviewDate": "2018-06-05", "userURL": "https://my.qidian.com/user/215162204", "userReview": "\u4e3b\u89d2\u679c\u7136\u662f\u5bb3\u4eba\u7cbe\uff0c\u665a\u70b9\u5438\u706b\u53c8\u4e0d\u4f1a\u6b7b\uff0c\u504f\u504f\u7acb\u9a6c\u7ec3\u5b8c\u4e39\u5c31\u5438\u5bb3\u4e86\u81ea\u5df1\u4fbf\u5b9c\u5e08\u5085\u7684\u5b59\u5973\u8fd9\u6b21\u6ca1\u6cd5\u901a\u8fc7\uff0c"}, {"userName": "955\u66fe\u5927\u5927", "userReviewDate": "2018-06-05", "userURL": "https://my.qidian.com/user/214355940", "userReview": "\u597d\u50cf\u90a3\u672c\u53eb\u4ec0\u4e48\u4e66\u7684\u7b2c\u4e00\u5f20\uff1f\u5b85\u732a\u7684\u8fd8\u662f\u8c01\u7684\u5fd8\u4e86"}, {"userName": "\u96e8\u9732\u9017\u5915\u4ead", "userReviewDate": "2018-06-04", "userURL": "https://my.qidian.com/user/220909831", "userReview": "\u8fd9\u4e2a\u7b97\u662f\u501f\u9274\u5417\uff1f\u4f5c\u8005\u7b14\u529b\u8fd8\u662f\u6709\u5f85\u8fdb\u6b65\u5427\uff0c\u4e0d\u8fc7\u8fd8\u7b97\u53ef\u4ee5\u5427\uff0c\u6bd5\u7adf\u73e0\u7389\u5728\u524d"}, {"userName": "\u83ab\u82e5\u6d45\u7720", "userReviewDate": "2018-06-03", "userURL": "https://my.qidian.com/user/11278232", "userReview": "\u7b7e\u5230\u6700\u6838\u5fc3"}, {"userName": "\u5065\u5eb7\u4e0e\u5e73\u5eb8", "userReviewDate": "2018-06-03", "userURL": "https://my.qidian.com/user/307970135", "userReview": "\u8def\u8fc7\u7784\u4e00\u773c\uff01"}, {"userName": "\u7b19\u751f\u4e0d\u6613", "userReviewDate": "2018-06-02", "userURL": "https://my.qidian.com/user/217006640", "userReview": "6666\uff0c\u53ef\u4ee5\u4e0d\u9519\u5e0c\u671b\u4f5c\u8005\u7ee7\u7eed\u52aa\u529b\u7edd\u5bf9\u4e0d\u8981\u592a\u76d1"}], "description": "\u4fee\u4ed9\u89c5\u957f\u751f\uff0c\u70ed\u8840\u4efb\u900d\u9065\uff0c\u8e0f\u83b2\u66f3\u6ce2\u6da4\u5251\u9aa8\uff0c\u51ed\u865a\u5fa1\u98ce\u5851\u5723\u9b42\uff01", "title": "\u4eba\u9053\u5929\u5c0a", "url": "https://book.qidian.com/info/1011826834", "average": -1.0, "cover": "//qidian.qpic.cn/qdbimg/349573/1011826834/180", "reviews": -1, "authors": [{"url": "https://me.qidian.com/authorIndex.aspx?id=3201977", "name": "\u5076\u7c73\u7c89"}], "type": ["\u4ed9\u4fa0", "\u795e\u8bdd\u4fee\u771f"], "outlinks": ["https://book.qidian.com/info/1011826834", "https://book.qidian.com/info/1005032527", "https://book.qidian.com/info/1005032527", "https://book.qidian.com/info/1010389683", "https://book.qidian.com/info/1010389683", "https://book.qidian.com/info/1004086548", "https://book.qidian.com/info/1004086548", "https://book.qidian.com/info/1005814173", "https://book.qidian.com/info/1005814173", "https://book.qidian.com/info/1004409798", "https://book.qidian.com/info/1004409798", "https://book.qidian.com/info/1011075308", "https://book.qidian.com/info/1011075308", "https://book.qidian.com/info/1004409798", "https://book.qidian.com/info/1004409798", "https://book.qidian.com/info/1009642919", "https://book.qidian.com/info/1009642919", "https://book.qidian.com/info/1010327039", "https://book.qidian.com/info/1012016027", "https://book.qidian.com/info/1011630501", "https://book.qidian.com/info/1012010192", "https://book.qidian.com/info/1011834598", "https://book.qidian.com/info/1011672705", "https://book.qidian.com/info/1011966835", "https://book.qidian.com/info/1011940680", "https://book.qidian.com/info/1011491390", "https://book.qidian.com/info/1011995376"]}