{"ratings": 0.0, "userreviews": [{"userName": "\u6b6a\u5c0f\u4e1c1", "userReviewDate": "2018-05-29", "userURL": "https://my.qidian.com/user/200960556", "userReview": "\u672c\u4e66\u8bc4\u533a\u5e7f\u544a\u697c\uff0c\u8bf7\u6253\u5e7f\u544a\u7684\u5230\u8fd9\u91cc\u6765\uff0c\u8c22\u8c22\u5408\u4f5c\uff01"}, {"userName": "\u6c5f\u5357V\u795e\u8bdd", "userReviewDate": "2018-05-02", "userURL": "https://my.qidian.com/user/228645560", "userReview": "\u6c5f\u5357V\u795e\u8bdd\u6253\u8d4f\u5c71\u4eba\u6709\u5999\u8ba1 1000000\u8d77\u70b9\u5e01  \u606d\u559c\u65cf\u957f\u65b0\u4e66\u4e0a\u67b6\uff0c\u987a\u4fbf\u4e3a\u6211\u7684\u4e66\u5355\u300a\u6c5f\u5357\u767d"}, {"userName": "\u8fd9\u4e2a\u7537R", "userReviewDate": "2018-05-01", "userURL": "https://my.qidian.com/user/213778688", "userReview": "\u76d6\u697c\u4e86\uff0c\u8d70\u8fc7\u8def\u8fc7\u4e0d\u8981\u9519\u8fc7\u5927\u5bb6\u5e2e\u5fd9\u76d6\u76d6\u4e00\u4eba100\u5e01\uff0c\u76df\u4e3b\u4e3a\u6b62\uff0c\u672c\u697c\u957f\u671f\u6709\u6548[fn=7]"}, {"userName": "\u96d5\u523b\u7684\u9ab7\u9ac5", "userReviewDate": "2018-04-27", "userURL": "https://my.qidian.com/user/160042240", "userReview": "\u4e00\u3001\u8bf8\u4f4d\u8bfb\u8005\u5927\u4f6c\u6709\u4ec0\u4e48\u610f\u89c1\u53ef\u4ee5\u7559\u8a00\u56de\u5e16\u4e8c\u3001\u7ae0\u8282\u4e2d\u770b\u5230\u9519\u522b\u5b57\u53ef\u4ee5\u5728\u7ae0\u8282\u8bf4\u4e2d\u6307\u51fa\u6765\uff0c\u65cf\u957f\u4f1a\u53bb\u770b"}, {"userName": "\u5218\u96c1\u5cf0", "userReviewDate": "4\u5c0f\u65f6\u524d", "userURL": "https://my.qidian.com/user/307371835", "userReview": "\u7b7e\u5230\u6c34\u7ecf\u9a8c"}, {"userName": "\u61d2\u4eba\u6709\u61d2", "userReviewDate": "14\u5c0f\u65f6\u524d", "userURL": "https://my.qidian.com/user/216394519", "userReview": "\u7b7e\u5230\uff0c\u8def\u8fc7"}, {"userName": "\u5e06\u51ac", "userReviewDate": "14\u5c0f\u65f6\u524d", "userURL": "https://my.qidian.com/user/308849247", "userReview": "\u7b7e\u5230\u6c34\u7ecf\u9a8c"}, {"userName": "\u5e06\u51ac", "userReviewDate": "17\u5c0f\u65f6\u524d", "userURL": "https://my.qidian.com/user/308849247", "userReview": "\u7b7e\u5230\u6c34\u7ecf\u9a8c"}, {"userName": "\u5415\u5929\u867e13264", "userReviewDate": "17\u5c0f\u65f6\u524d", "userURL": "https://my.qidian.com/user/316266334", "userReview": "\u54c8\u54c8\uff0c\u7b7e\u5230\uff0c\u6c34\u7ecf\u9a8c"}, {"userName": "\u9b3c\u5b50\u8dea\u4e0b", "userReviewDate": "24\u5c0f\u65f6\u524d", "userURL": "https://my.qidian.com/user/216955642", "userReview": "\u91d1\u5a01\u8dd1\u54ea\u53bb\u4e86\uff1f"}, {"userName": "\u4e2d\u56fd\u98de\u54e5", "userReviewDate": "\u6628\u65e512:58", "userURL": "https://my.qidian.com/user/215884431", "userReview": "\u5566\u5566\u6478\u6478\u4f60"}, {"userName": "\u61d2\u4eba\u6709\u61d2", "userReviewDate": "\u6628\u65e512:38", "userURL": "https://my.qidian.com/user/216394519", "userReview": "\u7b7e\u5230\uff0c\u8def\u8fc7"}, {"userName": "\u65f6\u5200\u5175\u79cd", "userReviewDate": "\u6628\u65e512:08", "userURL": "https://my.qidian.com/user/214103283", "userReview": "\u7b7e\u5230\uff01\uff01\uff01"}, {"userName": "\u821e\u98d8\u98ce\u968f", "userReviewDate": "2018-06-07", "userURL": "https://my.qidian.com/user/111383115", "userReview": "\u6211\u53ea\u60f3\u8e6d\u70b9\u7ecf\u9a8c\u800c\u5df2\uff0c\u5e94\u8be5\u591f\u5b57\u6570\u4e86\u3002\u8d70\u4eba"}], "description": "\u5fc3\u6f6e\u6f8e\u6e43\uff0c\u65e0\u9650\u5e7b\u60f3\uff0c\u8fce\u98ce\u6325\u51fb\u5343\u5c42\u6d6a\uff0c\u5c11\u5e74\u4e0d\u8d25\u70ed\u8840\uff01", "title": "\u4eba\u9053\u5d1b\u8d77", "url": "https://book.qidian.com/info/1010450940", "average": -1.0, "cover": "//qidian.qpic.cn/qdbimg/349573/1010450940/180", "reviews": -1, "authors": [{"url": "https://me.qidian.com/authorIndex.aspx?id=5012945", "name": "\u5c71\u4eba\u6709\u5999\u8ba1"}], "type": ["\u7384\u5e7b", "\u4e1c\u65b9\u7384\u5e7b"], "outlinks": ["https://book.qidian.com/info/1010450940", "https://book.qidian.com/info/1009285178", "https://book.qidian.com/info/1009285178", "https://book.qidian.com/info/1009329519", "https://book.qidian.com/info/1009329519", "https://book.qidian.com/info/1010000699", "https://book.qidian.com/info/1010000699", "https://book.qidian.com/info/1009703312", "https://book.qidian.com/info/1009703312", "https://book.qidian.com/info/1009602961", "https://book.qidian.com/info/1009602961", "https://book.qidian.com/info/1010041028", "https://book.qidian.com/info/1010041028", "https://book.qidian.com/info/3662798", "https://book.qidian.com/info/3662798", "https://book.qidian.com/info/1011988403", "https://book.qidian.com/info/1009595922", "https://book.qidian.com/info/1011844784", "https://book.qidian.com/info/1011892497", "https://book.qidian.com/info/1011095320", "https://book.qidian.com/info/1011996851", "https://book.qidian.com/info/1011856434", "https://book.qidian.com/info/1011879207", "https://book.qidian.com/info/1011833256", "https://book.qidian.com/info/1011967674"]}