{"ratings": 0.0, "userreviews": [{"userName": "Y\u8f7bA\u72c2N\u4e66G\u751f", "userReviewDate": "2017-08-20", "userURL": "https://my.qidian.com/user/305549025", "userReview": "\u73b0\u5728\u4e66\u8bc4\u533a\u5df2\u7ecf\u6210\u4e3a\u4e86\u5e7f\u544a\u533a\uff0c\u6253\u5e7f\u544a\u7684\u4eba\u8d8a\u6765\u8d8a\u591a\uff0c\u5176\u5b9e\u8fd9\u79cd\u6253\u5e7f\u544a\u7684\u884c\u4e3a\u662f\u8d39\u529b\u4e0d\u8ba8\u597d\u7684\uff0c\u5e7f\u544a\u6253"}, {"userName": "\u5415\u5929\u867e4415", "userReviewDate": "2018-06-07", "userURL": "https://my.qidian.com/user/313348891", "userReview": "\u600e\u4e48\u8fd8\u6ca1\u66f4\u65b0\u554a\uff01\u6025\u6b7b\u4e86"}, {"userName": "\u5415\u5929\u867e4029", "userReviewDate": "2018-06-06", "userURL": "https://my.qidian.com/user/313276172", "userReview": "\u7b7e\u5230\u597d\u4e60\u60ef"}, {"userName": "\u5415\u5929\u867e4607", "userReviewDate": "2018-06-05", "userURL": "https://my.qidian.com/user/313399055", "userReview": "\u7b7e\u5230\u7ed9\u4f60\u4eec\u770b"}, {"userName": "\u767d\u4e91\u6e05\u8f7b", "userReviewDate": "2018-06-05", "userURL": "https://my.qidian.com/user/312604738", "userReview": "\u5355\u5973\u4e3b\u5417\uff1f"}, {"userName": "xueliangxu", "userReviewDate": "2018-04-24", "userURL": "https://my.qidian.com/user/6239204", "userReview": "\u52a0\u6cb9\u4f5c\u8005\u541b"}, {"userName": "\u65e0\u594f\u800c\u60ca\u5bc2", "userReviewDate": "2018-04-15", "userURL": "https://my.qidian.com/user/10927267", "userReview": "\u7b2c\u4e8c\u7ae0\u5168\u662f\u5e9f\u8bdd"}, {"userName": "\u65e0\u5c3d\u5149\u660e", "userReviewDate": "2018-03-02", "userURL": "https://my.qidian.com/user/128236284", "userReview": "\u7b7e\u5230\uff0c\u7b7e\u5230\u4e86\uff01\uff01"}, {"userName": "livercancer", "userReviewDate": "2018-03-02", "userURL": "https://my.qidian.com/user/220647740", "userReview": "\u7b7e\u5230\u6c34\u7ecf\u9a8c\uff0c\u7b7e\u5230\u5192\u4e2a\u6ce1\u7761\u89c9(\uff20\uffe3\u30fc\uffe3\uff20)"}, {"userName": "livercancer", "userReviewDate": "2018-03-02", "userURL": "https://my.qidian.com/user/220647740", "userReview": "\u7b7e\u5230\u6c34\u7ecf\u9a8c\uff0c\u7b7e\u5230\u5192\u4e2a\u6ce1\uff0c\u505c\u673a\u4e86"}, {"userName": "\u8c1b\u7409\u4ed9", "userReviewDate": "2018-02-14", "userURL": "https://my.qidian.com/user/212554204", "userReview": "\u8fd9\u4e2a\u70b9\u51fb\u4e70\u5f97\u6e9c\u554a"}, {"userName": "\u8bd7\u5982\u753bl\u8537\u8587", "userReviewDate": "2017-10-09", "userURL": "https://my.qidian.com/user/301804245", "userReview": "\u95ee\u4e00\u4e0b\uff0c\u6709\u4e00\u672c\u7075\u5f02\u4fee\u4ed9\u5c0f\u8bf4\uff0c\u524d\u671f\u662f\u4e00\u4e2a\u5c0f\u5b69\u5728\u68a6\u4e2d\u68a6\u5230\u4e00\u5e08\u5085\uff0c\u7136\u540e\u6bcf\u5929\u6559\u4ed6\u5deb\u672f\uff0c\u8eab\u8fb9\u8fd8\u6709\u4e94\u4e2a"}, {"userName": "\u5fb7\u739b\u897f\u4e9a\u4e4b\u8f62", "userReviewDate": "2017-09-25", "userURL": "https://my.qidian.com/user/217249174", "userReview": "\u4f5c\u8005\u7ea2\u5305\u5927\u4f6c"}, {"userName": "\u7530\u6167", "userReviewDate": "2017-09-23", "userURL": "https://my.qidian.com/user/3725443", "userReview": "\u8ba8\u538c\u5c0f\u5305\u5237\u5c4f\uff0c\u5e72\u770b\u3002\u3002\u3002\u3002"}], "description": "\u7b97\u547d\u63a2\u9669\u70b9\u98ce\u6c34\uff0c\u60ca\u609a\u4fa6\u63a2\u964d\u9b3c\u602a\uff0c\u6700\u4f20\u7edf\u4e2d\u56fd\u6587\u5316\uff0c\u6700\u795e\u79d8\u7075\u5f02\u4f20\u5947\uff01", "title": "\u4eba\u9b45", "url": "https://book.qidian.com/info/1009589447", "average": -1.0, "cover": "//qidian.qpic.cn/qdbimg/349573/1009589447/180", "reviews": -1, "authors": [{"url": "https://me.qidian.com/authorIndex.aspx?id=11818777", "name": "\u5c0f\u706b\u5149"}], "type": ["\u7075\u5f02", "\u5bfb\u5893\u63a2\u9669"], "outlinks": ["https://book.qidian.com/info/1009589447", "https://book.qidian.com/info/1010828265", "https://book.qidian.com/info/1010828265", "https://book.qidian.com/info/1010979319", "https://book.qidian.com/info/1010979319", "https://book.qidian.com/info/1010853829", "https://book.qidian.com/info/1010853829", "https://book.qidian.com/info/1010601441", "https://book.qidian.com/info/1010601441", "https://book.qidian.com/info/1010776108", "https://book.qidian.com/info/1010776108", "https://book.qidian.com/info/1010670850", "https://book.qidian.com/info/1010670850", "https://book.qidian.com/info/1009346161", "https://book.qidian.com/info/1009346161", "https://book.qidian.com/info/1010229567", "https://book.qidian.com/info/1010229567", "https://book.qidian.com/info/1011837610", "https://book.qidian.com/info/1011987732", "https://book.qidian.com/info/1011825122", "https://book.qidian.com/info/1011825450", "https://book.qidian.com/info/1011945422", "https://book.qidian.com/info/1011826884", "https://book.qidian.com/info/1011790544", "https://book.qidian.com/info/1011825290", "https://book.qidian.com/info/1011896879", "https://book.qidian.com/info/1011875452"]}