{"ratings": 0.0, "userreviews": [{"userName": "\u4e66\u53cb160613153606955", "userReviewDate": "2017-07-27", "userURL": "https://my.qidian.com/user/218467917", "userReview": "\u7528\u7b80\u6d01\u7684\u6587\u5b57\uff0c\u5728\u8bfb\u8005\u7684\u8111\u6d77\u4e2d\u7559\u4e0b\u4e3b\u89d2\u7684\u5370\u8c61,\u606d\u5019\u6765\uff0c\u7fa4`\u3010\u248d\u30cb\u30cf1O\u3001O\u2490\u0417\u30cb\u3011"}, {"userName": "\u4e66\u53cb160613153422605", "userReviewDate": "2017-07-25", "userURL": "https://my.qidian.com/user/218467849", "userReview": "\u5efa\u7acb\u4eba\u7269\u5173\u7cfb\uff0c\u60c5\u8282\u5982\u4f55\u53d1\u5c55\uff0c\u6545\u4e8b\u7684\u4e3b\u5e72\u548c\u5206\u679d\u5982\u4f55\u7a7f\u63d2,\u606d\u5019\u6765\uff0c\u7fa4`\u3010\u248d\u30cb\u30cf1OO\u2490\u3001\u0417\u30cb\u3011"}, {"userName": "\u4e66\u53cb160613150354234", "userReviewDate": "2017-07-19", "userURL": "https://my.qidian.com/user/218466914", "userReview": "\u63d0\u9ad8\u6587\u7b14\u548c\u5199\u4f5c\u601d\u8def\uff0c\u5199\u51fa\u4eba\u7269\u4e2a\u6027\uff0c\u66f4\u591a\u6280\u5de7\u4e0e\u4f60\u5206\u4eab\uff0c\u6765\u7fa4\u3010\u248d\u0437\u248d\u30cf1\u0437\u0437\u30cf\u248d\u3011"}], "description": "\u7b97\u547d\u63a2\u9669\u70b9\u98ce\u6c34\uff0c\u60ca\u609a\u4fa6\u63a2\u964d\u9b3c\u602a\uff0c\u6700\u4f20\u7edf\u4e2d\u56fd\u6587\u5316\uff0c\u6700\u795e\u79d8\u7075\u5f02\u4f20\u5947\uff01", "title": "\u4eba\u95f4\u65e0\u622e", "url": "https://book.qidian.com/info/1009984608", "average": -1.0, "cover": "//qidian.qpic.cn/qdbimg/349573/1009984608/180", "reviews": -1, "authors": [{"url": "https://me.qidian.com/authorIndex.aspx?id=400365138", "name": "\u4e1c\u5c71\u7684\u6c34"}], "type": ["\u7075\u5f02", "\u60ac\u7591\u4fa6\u63a2"], "outlinks": ["https://book.qidian.com/info/1009984608", "https://book.qidian.com/info/4479", "https://book.qidian.com/info/4479", "https://book.qidian.com/info/53269", "https://book.qidian.com/info/53269", "https://book.qidian.com/info/71462", "https://book.qidian.com/info/71462", "https://book.qidian.com/info/78574", "https://book.qidian.com/info/78574", "https://book.qidian.com/info/108548", "https://book.qidian.com/info/108548", "https://book.qidian.com/info/116510", "https://book.qidian.com/info/116510", "https://book.qidian.com/info/1011837610", "https://book.qidian.com/info/1011987732", "https://book.qidian.com/info/1011825122", "https://book.qidian.com/info/1011825450", "https://book.qidian.com/info/1011945422", "https://book.qidian.com/info/1011826884", "https://book.qidian.com/info/1011790544", "https://book.qidian.com/info/1011825290", "https://book.qidian.com/info/1011896879", "https://book.qidian.com/info/1011875452"]}