{"ratings": 0.0, "userreviews": [{"userName": "\u5c0f\u5357\u7af9", "userReviewDate": "2018-05-04", "userURL": "https://my.qidian.com/user/310263937", "userReview": "\u552f\u6211\u65a9\u5929\uff01"}, {"userName": "\u989d\u662f\u50bb\u767d\u751c", "userReviewDate": "2018-04-11", "userURL": "https://my.qidian.com/user/215329496", "userReview": "\u6700\u65b0\u4e00\u7ae0\u5199\u4ec0\u4e48\u4e86"}, {"userName": "\u989d\u662f\u50bb\u767d\u751c", "userReviewDate": "2018-04-11", "userURL": "https://my.qidian.com/user/215329496", "userReview": "\u600e\u4e48\u9b54\u738b\u6cb3\u87f9\u4e86\uff1f"}, {"userName": "\u738b\u5219\u695a", "userReviewDate": "2018-04-04", "userURL": "https://my.qidian.com/user/230686864", "userReview": "\u8def\u8fc7\uff0c\u53d1\u5e16\uff0c\u6df7\u4e00\u6ce2\u7ecf\u9a8c"}, {"userName": "228825.qdcn", "userReviewDate": "2018-04-01", "userURL": "https://my.qidian.com/user/181188560", "userReview": "\u6240\u4ee5\u4f5c\u8005\uff0c\u4f60\u8fd8\u66f4\u65b0\u5417\uff1f"}, {"userName": "\u5415\u5929\u867e3473", "userReviewDate": "2018-03-04", "userURL": "https://my.qidian.com/user/313201874", "userReview": "(??? \u0434 ???)!!!"}, {"userName": "zhizujie", "userReviewDate": "2018-02-21", "userURL": "https://my.qidian.com/user/227229063", "userReview": "@\u4f5c\u8005\u90fd10\u591a\u5929\u4e86\uff0c\u5e74\u4e5f\u8fc7\u4e86\uff01\u4f60\u770b\u8981\u4e0d\u8fc7\u51e0\u5929\u5c31\u5f00\u59cb\u66f4\u65b0\u597d\u4e0d\uff01"}, {"userName": "\u6211\u8fd8\u5728\u539f\u5730\u7b49\u5f85", "userReviewDate": "2018-02-17", "userURL": "https://my.qidian.com/user/305588636", "userReview": "\u4ec0\u4e48\u65f6\u5019\u66f4\u65b0\u554a"}, {"userName": "\u5415\u5929\u867e3417", "userReviewDate": "2018-02-08", "userURL": "https://my.qidian.com/user/313188737", "userReview": "\u5192\u4e2a\u6ce1\u6c34\u4e2a\u7ecf\u9a8c"}, {"userName": "\u5415\u5929\u867e3338", "userReviewDate": "2018-02-06", "userURL": "https://my.qidian.com/user/313233877", "userReview": "\u597d\u5427\uff01\u4f60\u5386\u5bb3\uff0c\u4f60\u8d62\u4e86\uff0c"}, {"userName": "\u827e\u513f\u5929\u7a7a003", "userReviewDate": "2018-02-02", "userURL": "https://my.qidian.com/user/21251068", "userReview": "\u8def\u8fc7\uff0c\u8e29\u4e00\u8e29"}, {"userName": "zhizujie", "userReviewDate": "2018-02-01", "userURL": "https://my.qidian.com/user/227229063", "userReview": "\u59b9\u59b9\u5462\uff1f\uff1f\u59b9\u59b9\u5462\uff1f\uff1f\u59b9\u59b9\uff1f\uff1f\u59b9\u59b9\u4f60\u5728\u54ea\u4f60\u5feb\u51fa\u6765\u554a\uff01\uff01\uff01"}, {"userName": "\u4e0d\u60f3\u8d77\u5e8a\u7684\u9e21", "userReviewDate": "2018-01-29", "userURL": "https://my.qidian.com/user/152831653", "userReview": "\u91cd\u8981\u7684\u4e8b\u60c5\u8981\u8bf4\u4e09\u904d\uff0c\u59b9\u59b9\u6700\u91cd\u8981\uff0c\u59b9\u59b9\u6700\u91cd\u8981\uff0c\u59b9\u59b9\u6700\u91cd\u8981\u3002( \u2229\u055e\u067c\u055e\u2229) \u55b5\uff5e\uff5e"}, {"userName": "\u7ed9\u5496\u5561\u52a0\u76d0", "userReviewDate": "2018-01-29", "userURL": "https://my.qidian.com/user/224951205", "userReview": "\u6bcf\u5929\u4e94\u4e2a\u5b57\uff01"}], "description": "\u4fee\u4ed9\u89c5\u957f\u751f\uff0c\u70ed\u8840\u4efb\u900d\u9065\uff0c\u8e0f\u83b2\u66f3\u6ce2\u6da4\u5251\u9aa8\uff0c\u51ed\u865a\u5fa1\u98ce\u5851\u5723\u9b42\uff01", "title": "\u4eba\u9053\u9b54\u5c0a", "url": "https://book.qidian.com/info/1011062963", "average": -1.0, "cover": "//qidian.qpic.cn/qdbimg/349573/1011062963/180", "reviews": -1, "authors": [{"url": "https://me.qidian.com/authorIndex.aspx?id=401572791", "name": "\u5241\u6912\u9f99\u5934"}], "type": ["\u4ed9\u4fa0", "\u4fee\u771f\u6587\u660e"], "outlinks": ["https://book.qidian.com/info/1011062963", "https://book.qidian.com/info/1011062021", "https://book.qidian.com/info/1011062021", "https://book.qidian.com/info/1004849611", "https://book.qidian.com/info/1004849611", "https://book.qidian.com/info/1009923532", "https://book.qidian.com/info/1009923532", "https://book.qidian.com/info/1010138428", "https://book.qidian.com/info/1010138428", "https://book.qidian.com/info/1007011016", "https://book.qidian.com/info/1007011016", "https://book.qidian.com/info/1009633510", "https://book.qidian.com/info/1009633510", "https://book.qidian.com/info/1011165998", "https://book.qidian.com/info/1011165998", "https://book.qidian.com/info/1010327039", "https://book.qidian.com/info/1012016027", "https://book.qidian.com/info/1011630501", "https://book.qidian.com/info/1012010192", "https://book.qidian.com/info/1011834598", "https://book.qidian.com/info/1011672705", "https://book.qidian.com/info/1011966835", "https://book.qidian.com/info/1011940680", "https://book.qidian.com/info/1011491390", "https://book.qidian.com/info/1011995376"]}