{"ratings": 0.0, "userreviews": [{"userName": "\u5415\u5929\u867e12356", "userReviewDate": "2018-06-07", "userURL": "https://my.qidian.com/user/315168539", "userReview": "\u592a\u597d\u770b\u4e86\uff0c\u610f\u72b9\u672a\u5c3d\u554a\uff0c\u5b57\u6570\u592a\u5c11\u4e86"}, {"userName": "\u7384\u9633\u9053\u5c0a", "userReviewDate": "2018-05-24", "userURL": "https://my.qidian.com/user/210832031", "userReview": "\u5c3c\u739b\u7684\u8fd8\u662f\u7a7f\u8d8a\u8005\uff0c\u88ab\u4e2a\u8001\u5934\u9a97\u53bb\u505a\u70ae\u7070\u3002\u4e3b\u89d2\u6ca1\u7a7f\u8d8a\u524d\u4e00\u76f4\u5728\u5e7c\u513f\u56ed\u5417\uff1f\u73b0\u4ee3\u4eba\u90a3\u4e2a\u6ca1\u70b9\u5fc3\u673a"}, {"userName": "\u6556\u3005\u95f0", "userReviewDate": "2018-05-20", "userURL": "https://my.qidian.com/user/5295967", "userReview": "\u662f\u597d\u4e66\uff0c\u5c31\u662f\u66f4\u65b0\u5b57\u6570\u592a\u5c11\u4e86\u3002"}, {"userName": "\u5929\u9b54\u963f\u6797", "userReviewDate": "2018-05-13", "userURL": "https://my.qidian.com/user/122343875", "userReview": "\u4e3b\u4f53\u8fd8\u6ca1\u94fa\u5f00\uff0c\u4f46\u524d\u9762\u786e\u5b9e\u6709\u4e9b\u6bd2"}, {"userName": "\u4e00\u6587\u91ce\u5b57", "userReviewDate": "2018-04-28", "userURL": "https://my.qidian.com/user/227557469", "userReview": "\u4f5c\u8005\u541b\u662f\u968f\u6027\u7231\u597d\uff0c\u8fd8\u662f\u5bf9\u8fd9\u4e8b\u6709\u7f81\u7eca\u4ec0\u4e48\u7684\u5462\uff1f"}, {"userName": "gfdgfdsg", "userReviewDate": "2018-04-27", "userURL": "https://my.qidian.com/user/130605392", "userReview": "\u54ce\uff0c\u8fd8\u5728\u517b"}, {"userName": "\u795e\u591c\u2642\u6d41\u98ce", "userReviewDate": "2018-04-26", "userURL": "https://my.qidian.com/user/145764527", "userReview": "\u7a81\u7136\u53d1\u73b0\u4f60\u8fd9\u662f\u4e00\u5929\u4e00\u7ae0\u554a\uff01[fn=20][fn=20][fn=20]\u8fd9\u4e66\u662f\u597d\u4e66\uff0c\u4e0d\u8fc7\u8fd8\u5f97\u517b"}, {"userName": "\u4e66\u53cb160308083207960", "userReviewDate": "2018-04-23", "userURL": "https://my.qidian.com/user/215377095", "userReview": "\u8fd8\u662f\u5199\u7684\u53ef\u4ee5\uff0c\u5feb\u53d1\u51fa\u6765\u3002"}, {"userName": "\u5b5f\u5e86\u6781", "userReviewDate": "2018-04-22", "userURL": "https://my.qidian.com/user/171837444", "userReview": "\u5e0c\u671b\u4f5c\u8005\u541b\u6709\u65f6\u95f4\u591a\u770b\u770b\u81ea\u5df1\u5199\u7684\uff0c\u6574\u4f53\u7684\u53bb\u770b\uff0c\u522b\u5149\u662f\u7801\u5b57\uff0c\u6709\u65f6\u95f4\u81ea\u5df1\u6d4f\u89c8\u51e0\u904d\uff0c\u597d\u4e66\u662f\u7cbe\u96d5\u7ec6\u7422"}, {"userName": "\u975e\u6cd5&#183;\u5b50", "userReviewDate": "2018-04-19", "userURL": "https://my.qidian.com/user/219314865", "userReview": "\u770b \u4e86 \u51e0\u5f20\u3002\u771f\u662f\u5929\u96f7\u6eda\u6eda\u554a\u3002\u6709\u4e00\u53e5\u8bdd\uff0c\u9632\u4eba\u4e4b\u5fc3\u4e0d\u53ef\u65e0\u3002\u521a\u8ba4\u8bc6\u7684\u4eba\uff0c\u8bf4\u6709\u5b9d\u7269\uff0c\u5c31\u5c41\u8dcc\u5c41\u8dcc\u7684"}, {"userName": "oppde/\u7d2b\u6052", "userReviewDate": "2018-04-16", "userURL": "https://my.qidian.com/user/122555534", "userReview": "\u5927\u5927\u8f9b\u82e6\u4e86\uff0c\u6545\u4e8b\u5199\u5f97\u8fd9\u4e48\u597d\u770b\uff0c\u6bcf\u5929\u66f4\u65b0\u8fd9\u4e48\u51c6\u65f6\uff0c\u771f\u8ba9\u4eba\u611f\u52a8\u3002"}, {"userName": "\u795e\u4ed9v\u6d3b\u4f5b", "userReviewDate": "2018-04-16", "userURL": "https://my.qidian.com/user/154665", "userReview": "\u6765\u6536\u85cf\uff0c\u670b\u53cb\u63a8\u8350\u7684\uff0c\u597d\u770b\uff0c\u6211\u4e5f\u8981\u63a8\u8350\u670b\u53cb\u6765\u770b\u3002"}, {"userName": "\u5929\u4e0b\u6709\u96ea112", "userReviewDate": "2018-04-15", "userURL": "https://my.qidian.com/user/123046529", "userReview": "\u770b\u4e86\u6709\u79cd\u8111\u6d1e\u5927\u5f00\u7684\u611f\u89c9\u3002"}, {"userName": "\u963f\u59c6\u65af\u7279\u6717", "userReviewDate": "2018-04-13", "userURL": "https://my.qidian.com/user/2101211", "userReview": "\u672c\u6765\u4e0d\u770b\u8fd9\u79cd\u6587\uff0c\u88ab\u95fa\u871c\u903c\u7740\u770b\u4e86\u5f00\u5934\uff0c\u7136\u540e\u5c31\u4e00\u76f4\u8ffd\u5230\u4e86\u73b0\u5728"}], "description": "\u4fee\u4ed9\u89c5\u957f\u751f\uff0c\u70ed\u8840\u4efb\u900d\u9065\uff0c\u8e0f\u83b2\u66f3\u6ce2\u6da4\u5251\u9aa8\uff0c\u51ed\u865a\u5fa1\u98ce\u5851\u5723\u9b42\uff01", "title": "\u4eba\u9053\u9f0e\u65b0", "url": "https://book.qidian.com/info/1011698474", "average": -1.0, "cover": "//qidian.qpic.cn/qdbimg/349573/1011698474/180", "reviews": -1, "authors": [{"url": "https://me.qidian.com/authorIndex.aspx?id=402161687", "name": "\u84b2\u6cb3\u751f"}], "type": ["\u4ed9\u4fa0", "\u53e4\u5178\u4ed9\u4fa0"], "outlinks": ["https://book.qidian.com/info/1011698474", "https://book.qidian.com/info/1010389683", "https://book.qidian.com/info/1010389683", "https://book.qidian.com/info/1005032527", "https://book.qidian.com/info/1005032527", "https://book.qidian.com/info/1010368906", "https://book.qidian.com/info/1010368906", "https://book.qidian.com/info/1005814173", "https://book.qidian.com/info/1005814173", "https://book.qidian.com/info/1005367721", "https://book.qidian.com/info/1005367721", "https://book.qidian.com/info/1010463239", "https://book.qidian.com/info/1010463239", "https://book.qidian.com/info/1010327039", "https://book.qidian.com/info/1012016027", "https://book.qidian.com/info/1011630501", "https://book.qidian.com/info/1012010192", "https://book.qidian.com/info/1011834598", "https://book.qidian.com/info/1011672705", "https://book.qidian.com/info/1011966835", "https://book.qidian.com/info/1011940680", "https://book.qidian.com/info/1011491390", "https://book.qidian.com/info/1011995376"]}