{"ratings": 0.0, "userreviews": [], "description": "\u91cd\u751f\u82b1\u6837\u5e74\u534e\uff0c\u73a9\u8f6c\u5e02\u4e95\u8c6a\u95e8\uff0c\u643a\u624b\u9006\u88ad\u4eba\u751f\uff0c\u5171\u63fd\u4e00\u4e16\u98ce\u4e91\uff01", "title": "\u4ebf\u4e07\u751c\u59bb\uff1a\u9f99\u5c11\uff0c\u82b1\u6837\u591a\uff01", "url": "https://book.qidian.com/info/1011279429", "average": -1.0, "cover": "//qidian.qpic.cn/qdbimg/349573/1011279429/180", "reviews": -1, "authors": [{"url": "https://me.qidian.com/authorIndex.aspx?id=400094212", "name": "\u5fc3\u6708\u5982\u521d"}], "type": ["\u73b0\u4ee3\u8a00\u60c5", "\u90fd\u5e02\u5f02\u80fd"], "outlinks": ["https:https://book.qidian.com/info/1011421405?qd_game_key=1011421405&qd_dd_p1=11272", "https://book.qidian.com/info/1011279429", "https://book.qidian.com/info/1011155750", "https://book.qidian.com/info/1011155750", "https://book.qidian.com/info/1011125254", "https://book.qidian.com/info/1011125254", "https://book.qidian.com/info/1011108929", "https://book.qidian.com/info/1011108929", "https://book.qidian.com/info/1011173298", "https://book.qidian.com/info/1011173298", "https://book.qidian.com/info/1011099681", "https://book.qidian.com/info/1011099681", "https://book.qidian.com/info/1011222038", "https://book.qidian.com/info/1011222038", "https://book.qidian.com/info/1009873731", "https://book.qidian.com/info/1009873731", "https://book.qidian.com/info/1009042280", "https://book.qidian.com/info/1009626115", "https://book.qidian.com/info/1010737445", "https://book.qidian.com/info/1012015372", "https://book.qidian.com/info/1005059261", "https://book.qidian.com/info/1011899546", "https://book.qidian.com/info/1011717868", "https://book.qidian.com/info/1009904779", "https://book.qidian.com/info/1011200502", "https://book.qidian.com/info/1011634310"]}