{"ratings": 0.0, "userreviews": [{"userName": "\u795e\u6b87\u9053\u9b42", "userReviewDate": "2018-03-29", "userURL": "https://my.qidian.com/user/172388636", "userReview": "\u5f97\u7f6a\uff0c\u544a\u8f9e"}, {"userName": "\u5c0f\u9152\u7684\u9152\u6e29", "userReviewDate": "2018-03-25", "userURL": "https://my.qidian.com/user/214358644", "userReview": "\u5220\u9664\u6b64\u4e66\u4e86"}, {"userName": "\u592a\u521d\u5929\u51cc", "userReviewDate": "2018-03-14", "userURL": "https://my.qidian.com/user/230936573", "userReview": "\u3002\u3002\u3002 \u6709\u6bd2\u5427\u3002"}, {"userName": "\u4e66\u53cb20170806231746974", "userReviewDate": "2018-02-25", "userURL": "https://my.qidian.com/user/306480917", "userReview": "\u4ec0\u4e48\u4e1c\u897f\u5440"}, {"userName": "\u6ca1\u6d3b\u8def\u4e86\u554a", "userReviewDate": "2018-02-25", "userURL": "https://my.qidian.com/user/149554746", "userReview": "\u611f\u89c9\u63a8\u8350\u5582\u4e86\u72d7"}, {"userName": "\u5de8\u971c\u5a01\u5a01", "userReviewDate": "2018-02-22", "userURL": "https://my.qidian.com/user/311886111", "userReview": "\u6211\u559c\u6b22\u8fd9\u672c\u4e66\u56e0\u4e3a\u8fd8\u884c\u8fd9\u672c\u4e66\u770b\u4e86\u524d\u9762\u7684\u51e0\u7ae0\uff0c\u6709\u7740\u4e30\u5bcc\u7684\u4fee\u4ed9\u540e\u7684\u8be6\u7ec6\u7269\u8d44\uff0c\u8fd8\u6709\u90a3\u53ef\u601c\u7684\u5c4b\u5b50\u63cf\u7ed8"}, {"userName": "\u4ed9\u6052", "userReviewDate": "2018-02-15", "userURL": "https://my.qidian.com/user/301757819", "userReview": "\u662f\u8c01\u5199\u4e0b\u4e86\u53f2\u5bb6\u4e4b\u7edd\u5531\uff0c\u65e0\u97f5\u4e4b\u79bb\u9a9a\uff1f \u662f\u53f8\u9a6c\u8fc1\uff0c\u662f\u592a\u76d1\uff01\u662f\u9609\u515a\uff01\u662f\u8c01\u6539\u826f\u4e86\u9020\u7eb8\u672f\uff0c\u4f20\u627f\u4e86\u4eba\u7c7b"}, {"userName": "\u8886\u58a8", "userReviewDate": "2018-02-12", "userURL": "https://my.qidian.com/user/193724594", "userReview": "\u4e0d\u5efa\u8bae\u770b\u5267\u6bd2\u5f31\u667a\u4e00\u5473\u7684\u5199\u4e3b\u89d2\u591a\u4e48\u591a\u4e48\u7684\u5f3a\u7136\u540e\u88ab\u877c\u8681\u4e00\u6837\u7684\u666e\u901a\u4eba\u675f\u7f1a \u5475\u5475"}, {"userName": "\u8096\u9633\u9633\u7684\u5915\u9633", "userReviewDate": "2018-02-10", "userURL": "https://my.qidian.com/user/177699744", "userReview": "\u8fd9\u4e2a\u592a\u76d1\u725b\u903c\n"}, {"userName": "\u9752x\u604b", "userReviewDate": "2018-02-07", "userURL": "https://my.qidian.com/user/224547643", "userReview": "\u6211tm\u770b\u7684\u6b63\u723d\uff0c\u7a81\u7136\u592a\u76d1\u4e86\u3002\u5475\u5475"}, {"userName": "Hot\u738b\u5c11", "userReviewDate": "2018-02-07", "userURL": "https://my.qidian.com/user/209557857", "userReview": "\u592a\u76d1\u7684\u4e66\u4e5f\u7ed9\u6211\u63a8\u8350\uff1f\uff1f\uff1f"}, {"userName": "\u592a\u5df2\u771f\u795e", "userReviewDate": "2018-01-24", "userURL": "https://my.qidian.com/user/302968515", "userReview": "\u592a\u76d1\u7684\u5389\u5bb3"}, {"userName": "\u6211\u7684\u5973\u795e\u8d75\u840c\u840c", "userReviewDate": "2018-01-24", "userURL": "https://my.qidian.com/user/214938073", "userReview": "\u4ece\u672a\u89c1\u8fc7\u5982\u6b64\u539a\u989c\u65e0\u803b\u4e4b\u4eba"}, {"userName": "\u7231\u7f57\u8389\u771f\u662f\u592a\u597d\u4e86", "userReviewDate": "2017-12-18", "userURL": "https://my.qidian.com/user/230924717", "userReview": "\u53c8\u770b\u89c1\u4f60\u7684\u52a8\u6001\u4e86\u3002\u4f60\u600e\u4e48\u603b\u5728\u4e0a\u7f51\u5440\uff0c\u4f60\u7684\u5b66\u4e60\u4efb\u52a1\u5b8c\u6210\u4e86\u5417\uff1f\u4f60\u5de5\u4f5c\u4efb\u52a1\u5b8c\u6210\u4e86\u5417\uff1f\u4f60\u7236\u6bcd\u4e0d\u4e3a\u4f60"}], "description": "\u5fc3\u6f6e\u6f8e\u6e43\uff0c\u65e0\u9650\u5e7b\u60f3\uff0c\u8fce\u98ce\u6325\u51fb\u5343\u5c42\u6d6a\uff0c\u5c11\u5e74\u4e0d\u8d25\u70ed\u8840\uff01", "title": "\u4ec5\u5b58\u7684\u795e", "url": "https://book.qidian.com/info/1010166235", "average": -1.0, "cover": "//qidian.qpic.cn/qdbimg/349573/1010166235/180", "reviews": -1, "authors": [{"url": "https://me.qidian.com/authorIndex.aspx?id=6730784", "name": "\u6211\u4e0d\u662f\u9648\u51a0\u951f"}], "type": ["\u7384\u5e7b", "\u4e1c\u65b9\u7384\u5e7b"], "outlinks": ["https://book.qidian.com/info/1010166235", "https://book.qidian.com/info/1010873447", "https://book.qidian.com/info/1010873447", "https://book.qidian.com/info/1010837177", "https://book.qidian.com/info/1010837177", "https://book.qidian.com/info/1010908171", "https://book.qidian.com/info/1010908171", "https://book.qidian.com/info/1009888353", "https://book.qidian.com/info/1009888353", "https://book.qidian.com/info/1010710147", "https://book.qidian.com/info/1010710147", "https://book.qidian.com/info/1010828991", "https://book.qidian.com/info/1010828991", "https://book.qidian.com/info/1003429403", "https://book.qidian.com/info/1003429403", "https://book.qidian.com/info/1005396448", "https://book.qidian.com/info/1005396448", "https://book.qidian.com/info/1009888353", "https://book.qidian.com/info/1009888353", "https://book.qidian.com/info/1010900125", "https://book.qidian.com/info/1010900125", "https://book.qidian.com/info/1011988403", "https://book.qidian.com/info/1009595922", "https://book.qidian.com/info/1011844784", "https://book.qidian.com/info/1011892497", "https://book.qidian.com/info/1011095320", "https://book.qidian.com/info/1011996851", "https://book.qidian.com/info/1011856434", "https://book.qidian.com/info/1011879207", "https://book.qidian.com/info/1011833256", "https://book.qidian.com/info/1011967674"]}