{"ratings": 0.0, "userreviews": [{"userName": "\u5c0f\u767d\u597d\u9017\u7684", "userReviewDate": "2018-05-15", "userURL": "https://my.qidian.com/user/225523226", "userReview": "\u521a\u770b\u5230\u8fd9\u672c\u4e66\u4e0d\u9519\uff0c\u8868\u793a\u652f\u6301\u8fd9\u65b0\u4e66\uff0c\u76d6\u4e2a\u7b7e\u5230\u697c\uff0c\u4e00\u697c\u4e00\u5e01\uff0c10000\u5df2\u6253\u8d4f\u3002\u4e4b\u524d\u7684\u90a3\u4e2a\u522b\u76d6\u4e86"}, {"userName": "\u5bb6\u5728\u5185\u8499\u53e4", "userReviewDate": "14\u5c0f\u65f6\u524d", "userURL": "https://my.qidian.com/user/214774046", "userReview": "\u7b7e\u5230\uff01\uff01\uff01"}, {"userName": "\u706b\u7130\u306e\u5408\u91d1", "userReviewDate": "16\u5c0f\u65f6\u524d", "userURL": "https://my.qidian.com/user/130097883", "userReview": "\u5f00\u7bc7\u9ec4\u91d1\u4e09\u7ae0\u5c31\u5f00\u59cb\u6709\u6bd2\u70b9\u4e86\u50cf\u5378\u8f7d\u6b66\u6280\u8fd8\u662f\u53ef\u4ee5\u63a5\u53d7\u53ef\u662f\u6839\u672c\u6ca1\u6709\u89e3\u91ca\u6e05\u695a\u4e3a\u4ec0\u4e48\u4e00\u4e2a\u5783\u573e\u56de\u6536\u7ad9\u7684"}, {"userName": "\u5415\u5929\u867e11734", "userReviewDate": "23\u5c0f\u65f6\u524d", "userURL": "https://my.qidian.com/user/315026818", "userReview": "\u7b7e\u5230\u4e86\u3002\u3002"}, {"userName": "\u5bb6\u5728\u5185\u8499\u53e4", "userReviewDate": "\u6628\u65e500:22", "userURL": "https://my.qidian.com/user/214774046", "userReview": "\u7b7e\u5230\uff01\uff01\uff01"}, {"userName": "Love\u9886\u4e3b", "userReviewDate": "2018-06-07", "userURL": "https://my.qidian.com/user/214025796", "userReview": "\u4e00\u4f1a\u7687\u5e1d\uff0c\u4e00\u4f1a\u9ec4\u5e1d\u3002\u90a3\u4e48\u95ee\u9898\u6765\u4e86\uff0c\u5230\u5e95\u662f\u9ec4\u5462\uff1f\u8fd8\u662f\u7687\u5462\uff1f\u9ec4\uff01\u7687\uff01\u7687\uff01\u9ec4\uff01\uff01\uff01"}, {"userName": "\u5bb6\u5728\u5185\u8499\u53e4", "userReviewDate": "2018-06-07", "userURL": "https://my.qidian.com/user/214774046", "userReview": "\u7b7e\u5230\uff01\uff01\uff01"}, {"userName": "\u4e66\u53cb20180319151539009", "userReviewDate": "2018-06-06", "userURL": "https://my.qidian.com/user/314844737", "userReview": "\u77e5\u6211\u8005\u8c13\u6211\u5fc3\u5fe7\u5199\u4f5c\u4e1a"}, {"userName": "\u5bb6\u5728\u5185\u8499\u53e4", "userReviewDate": "2018-06-06", "userURL": "https://my.qidian.com/user/214774046", "userReview": "\u7b7e\u5230\uff01\uff01\uff01"}, {"userName": "\u4e66\u53cb20170803134438945", "userReviewDate": "2018-06-06", "userURL": "https://my.qidian.com/user/306294490", "userReview": "\u597d\u597d\u7684\u5356\u86cb\u6765\u4e2a\u8fd9\u6837\u7684\u5267\u60c5"}, {"userName": "\u4e5d\u5929\u4e36\u661f\u8fb0", "userReviewDate": "2018-06-06", "userURL": "https://my.qidian.com/user/212225451", "userReview": "[fn=10]........"}, {"userName": "\u4e66\u53cb20180319151539009", "userReviewDate": "2018-06-05", "userURL": "https://my.qidian.com/user/314844737", "userReview": "\u6211\u4e5f\u60f3\u6d17\u6fa1"}, {"userName": "\u5bb6\u5728\u5185\u8499\u53e4", "userReviewDate": "2018-06-05", "userURL": "https://my.qidian.com/user/214774046", "userReview": "\u7b7e\u5230\uff01\uff01\uff01"}, {"userName": "\u4e66\u53cb110729031245392", "userReviewDate": "2018-06-04", "userURL": "https://my.qidian.com/user/130812509", "userReview": "\u80fd\u529b\u592a\u725b\u4e86\uff0c\u53ef\u4ee5\u8bf4\u662f\u4e0d\u6b7b\u7684\uff0c\u800c\u4e14\u5173\u952e\u4f5c\u8005\u5199\u7b2c\u51e0\u79cd\u672a\u6765\u7684\u65f6\u5019\u5df2\u7ecf\u5267\u900f\u4e86\u3002\u5982\u679c\u80fd\u529b\u6162\u6162\u5ef6\u957f\u65f6\u95f4"}], "description": "\u5fc3\u6f6e\u6f8e\u6e43\uff0c\u65e0\u9650\u5e7b\u60f3\uff0c\u8fce\u98ce\u6325\u51fb\u5343\u5c42\u6d6a\uff0c\u5c11\u5e74\u4e0d\u8d25\u70ed\u8840\uff01", "title": "\u4ece\u5783\u573e\u5de5\u5230\u661f\u7a7a\u6218\u795e", "url": "https://book.qidian.com/info/1011554340", "average": -1.0, "cover": "//qidian.qpic.cn/qdbimg/349573/1011554340/180", "reviews": -1, "authors": [{"url": "https://me.qidian.com/authorIndex.aspx?id=3655442", "name": "\u79bb\u706b\u52a0\u519c\u70ae"}], "type": ["\u7384\u5e7b", "\u9ad8\u6b66\u4e16\u754c"], "outlinks": ["https://book.qidian.com/info/1011554340", "https://book.qidian.com/info/1009329519", "https://book.qidian.com/info/1009329519", "https://book.qidian.com/info/1003692682", "https://book.qidian.com/info/1003692682", "https://book.qidian.com/info/1009337326", "https://book.qidian.com/info/1009337326", "https://book.qidian.com/info/1011305966", "https://book.qidian.com/info/1011305966", "https://book.qidian.com/info/1010961896", "https://book.qidian.com/info/1010961896", "https://book.qidian.com/info/1009661793", "https://book.qidian.com/info/1009661793", "https://book.qidian.com/info/3173749", "https://book.qidian.com/info/3173749", "https://book.qidian.com/info/3311673", "https://book.qidian.com/info/3311673", "https://book.qidian.com/info/3428883", "https://book.qidian.com/info/3428883", "https://book.qidian.com/info/3594977", "https://book.qidian.com/info/3594977", "https://book.qidian.com/info/1003716998", "https://book.qidian.com/info/1003716998", "https://book.qidian.com/info/1005038542", "https://book.qidian.com/info/1005038542", "https://book.qidian.com/info/1009337326", "https://book.qidian.com/info/1009337326", "https://book.qidian.com/info/1011988403", "https://book.qidian.com/info/1009595922", "https://book.qidian.com/info/1011844784", "https://book.qidian.com/info/1011892497", "https://book.qidian.com/info/1011095320", "https://book.qidian.com/info/1011996851", "https://book.qidian.com/info/1011856434", "https://book.qidian.com/info/1011879207", "https://book.qidian.com/info/1011833256", "https://book.qidian.com/info/1011967674"]}