{"ratings": 0.0, "userreviews": [{"userName": "\u7a7a\u57ce\u591c\u96e8", "userReviewDate": "2018-06-04", "userURL": "https://my.qidian.com/user/214098314", "userReview": "\u54e5\u662f\u7a77\u4eba\uff0c\u53ea\u80fd\u610f\u601d\u610f\u601d\u3002"}, {"userName": "\u5df3\u67d2", "userReviewDate": "2018-06-04", "userURL": "https://my.qidian.com/user/315709049", "userReview": "\u597d\u770b[fn=2]"}, {"userName": "\u591c\u534a\u6b4c\u672a\u592e", "userReviewDate": "2018-05-28", "userURL": "https://my.qidian.com/user/312622953", "userReview": "\u6253\u8d4f\u4e86\uff01\u50ac\u66f4\u50ac\u66f4~"}, {"userName": "\u591c\u534a\u6b4c\u672a\u592e", "userReviewDate": "2018-05-26", "userURL": "https://my.qidian.com/user/312622953", "userReview": "\u6587\u7b14\u4e0d\u9519\uff01\u5199\u7684\u5f88\u597d~\u52a0\u6cb9[fn=2][fn=2][fn=2]~\u671f\u5f85\u540e\u9762\u7684\u5267\u60c5\u3002"}], "description": "\u30102018\u4e8c\u6b21\u5143\u590f\u65e5\u796d\u5f81\u6587\u3011\u53c2\u8d5b\u4f5c\u54c1", "title": "\u4ece\u5f53\u6751\u957f\u5f00\u59cb\u79f0\u9738\u4e16\u754c", "url": "https://book.qidian.com/info/1012040354", "average": -1.0, "cover": "//qidian.qpic.cn/qdbimg/349573/1012040354/180", "reviews": -1, "authors": [{"url": "https://me.qidian.com/authorIndex.aspx?id=4824885", "name": "\u62fe\u4e0e\u5341\u4e8c\u6708"}], "type": ["\u4e8c\u6b21\u5143", "\u539f\u751f\u5e7b\u60f3", "\u4e8c\u6b21\u5143"], "outlinks": ["https://book.qidian.com/info/1012040354", "https://book.qidian.com/info/1009669002", "https://book.qidian.com/info/1009669002", "https://book.qidian.com/info/1011747962", "https://book.qidian.com/info/1011747962", "https://book.qidian.com/info/1010908011", "https://book.qidian.com/info/1010908011", "https://book.qidian.com/info/1011379899", "https://book.qidian.com/info/1011379899", "https://book.qidian.com/info/1011364832", "https://book.qidian.com/info/1011364832", "https://book.qidian.com/info/1009282972", "https://book.qidian.com/info/1009282972", "https://book.qidian.com/info/3590600", "https://book.qidian.com/info/3590600", "https://book.qidian.com/info/1011448550", "https://book.qidian.com/info/1011448550", "https://book.qidian.com/info/1011443057", "https://book.qidian.com/info/1011977706", "https://book.qidian.com/info/1011970575", "https://book.qidian.com/info/1011722301", "https://book.qidian.com/info/1012058179", "https://book.qidian.com/info/1010868275", "https://book.qidian.com/info/1012020887", "https://book.qidian.com/info/1011904081"]}