{"ratings": 0.0, "userreviews": [{"userName": "\u9010\u65e5\u9053\u4eba", "userReviewDate": "\u6628\u65e507:33", "userURL": "https://my.qidian.com/user/11487644", "userReview": "\u5efa\u4e00\u4e2a\u697c\uff0c\u4e00\u697c10\u5e01\uff0c\u4e07\u5e01\u4e00\u7ed3\uff0c\u6682\u4e0d\u5c01\u9876"}, {"userName": "\u5c0f\u5c0fzzg\u6740\u795e", "userReviewDate": "22\u5c0f\u65f6\u524d", "userURL": "https://my.qidian.com/user/101923414", "userReview": "\u7b7e\u5230    "}, {"userName": "\u5415\u5929\u867e11695", "userReviewDate": "\u6628\u65e507:55", "userURL": "https://my.qidian.com/user/315024398", "userReview": "\u7b7e\u5230    \u6253\u9171\u6cb9"}, {"userName": "\u6de1\u964c\u5170\u5fc3", "userReviewDate": "2018-06-07", "userURL": "https://my.qidian.com/user/218510527", "userReview": "\u5efa\u4e2a\u7b7e\u5230\u697c\uff0c\u6ca1\u4ec0\u4e48\u94b1\uff0c\u5c31\u4e00\u697c\u5341\u5e01\uff0c\u5343\u697c\u5c01\u9876\uff0c\u4e0a\u67b6\u6253\u8d4f"}, {"userName": "ZUROSHE", "userReviewDate": "2018-06-07", "userURL": "https://my.qidian.com/user/149130679", "userReview": "\u611f\u89c9\u88c5\u903c\u88c5\u6210******\u4e86"}, {"userName": "\u79cb\u98ce\u5377\u843d\u53f6\u4e5f\u2192\u5f85gui", "userReviewDate": "2018-06-06", "userURL": "https://my.qidian.com/user/229935141", "userReview": "\u6211\u517b\u4e86\u4e00\u4e2a\u661f\u671f\u554a\uff01\u4e00\u4e2a\u661f\u671f\uff0c\u8fde\u5341\u5206\u949f\u90fd\u6ca1\u6709\u5c31\u770b\u5b8c\u4e86\uff0c\u54ce\uff01\u65e0\u654c\u662f\u591a\u4e48\u5bc2\u5bde"}, {"userName": "\u6c38\u6052\u7684\u5c0f\u8c46\u8c46", "userReviewDate": "2018-06-06", "userURL": "https://my.qidian.com/user/20122281", "userReview": "\u53c8\u662f\u4e24\u5f20\u6708\u7968\u9001\u4e0a"}, {"userName": "\u8ff7\u5931\u5728\u5730\u7403\u7684\u5916\u661f\u7efc\u5408\u8230", "userReviewDate": "2018-06-06", "userURL": "https://my.qidian.com/user/302095099", "userReview": "\ud83d\udc59\ud83d\udc59\ud83d\udc59\ud83d\udc59\ud83d\udc59\ud83d\udc59\ud83d\udc57"}, {"userName": "\u6d41\u5370", "userReviewDate": "2018-06-05", "userURL": "https://my.qidian.com/user/229627054", "userReview": "\u5efa\u4e2a\u7b7e\u5230\u5904[fn=31]"}, {"userName": "\u540c\u5fc3\u7bc0", "userReviewDate": "2018-06-04", "userURL": "https://my.qidian.com/user/150547027", "userReview": "1\u6708\u7968\u652f\u6301\u4e0b"}, {"userName": "\u8212\u4e0d\u5e73", "userReviewDate": "2018-06-03", "userURL": "https://my.qidian.com/user/194971643", "userReview": "\u6728\u661f\u662f\u4e00\u9897\u6c14\u6001\u884c\u661f\uff0c\u5f88\u60ca\u5947\u672a\u6765\u4eba\u5982\u4f55\u5728\u4e0a\u9762\u751f\u6d3b"}, {"userName": "\u540c\u5fc3\u7bc0", "userReviewDate": "2018-06-03", "userURL": "https://my.qidian.com/user/150547027", "userReview": "\u86cb\u662f\u4e0d\u662f\u626f\u7684\u592a\u5927\u4e86\uff1f1\u3001\u533a\u533a500\u5e74\uff0c\u6bcd\u661f\u4eba\u53e36\u5343\u591a\u4ebf\uff0c\u5176\u4ed6\u661f\u57df\u4eba\u53e3\u53ea\u591a\u4e0d\u5c11\uff0c\u524d\u6587\u53ea\u8a00\u7247\u8bed"}, {"userName": "\u9ed8\u9ed8\u6ef4\u770b\u4e66\u4e0d\u8bf4\u8bdd", "userReviewDate": "2018-06-02", "userURL": "https://my.qidian.com/user/302084618", "userReview": "\u8fd8\u884c\uff0c\u80fd\u770b\u4e0b\u53bb\uff0c\u522b\u8fdb\u5bab\u554a\uff0c\u6211\u53ef\u82b1\u4e86\u5341\u51e0\u5757\u4e86[fn=4]"}, {"userName": "\u4e60\u60ef\u6027\u4e3f\u65e0\u610f", "userReviewDate": "2018-06-02", "userURL": "https://my.qidian.com/user/309820170", "userReview": "\u8fd9\u672c\u4e66\uff0c\u603b\u4f53\u6765\u8bf4\u8fd8\u662f\u53ef\u4ee5\u3002\u53ea\u662f\u4f5c\u8005\u5728\u5199\u611f\u60c5\u65b9\u9762\u6211\u5b9e\u5728\u662f\u53d7\u4e0d\uff0c\u5c24\u5176\u662f\u89c1\u5973\u4e3b\u5bb6\u957f\u548c\u90a3\u4e2a\u5c0f\u841d\u8389\u5bf9"}], "description": "\u5fc3\u6f6e\u6f8e\u6e43\uff0c\u65e0\u9650\u5e7b\u60f3\uff0c\u8fce\u98ce\u6325\u51fb\u5343\u5c42\u6d6a\uff0c\u5c11\u5e74\u4e0d\u8d25\u70ed\u8840\uff01", "title": "\u4ece\u5730\u7403\u5f00\u59cb\u53d8\u5f3a", "url": "https://book.qidian.com/info/1011161598", "average": -1.0, "cover": "//qidian.qpic.cn/qdbimg/349573/1011161598/180", "reviews": -1, "authors": [{"url": "https://me.qidian.com/authorIndex.aspx?id=7672890", "name": "\u4e16\u5357\u8a00"}], "type": ["\u7384\u5e7b", "\u4e1c\u65b9\u7384\u5e7b"], "outlinks": ["https://book.qidian.com/info/1011161598", "https://book.qidian.com/info/1011091517", "https://book.qidian.com/info/1011091517", "https://book.qidian.com/info/1011154716", "https://book.qidian.com/info/1011154716", "https://book.qidian.com/info/1010491046", "https://book.qidian.com/info/1010491046", "https://book.qidian.com/info/1004184652", "https://book.qidian.com/info/1004184652", "https://book.qidian.com/info/1009635311", "https://book.qidian.com/info/1009635311", "https://book.qidian.com/info/1003651923", "https://book.qidian.com/info/1003651923", "https://book.qidian.com/info/1004905773", "https://book.qidian.com/info/1004905773", "https://book.qidian.com/info/1011988403", "https://book.qidian.com/info/1009595922", "https://book.qidian.com/info/1011844784", "https://book.qidian.com/info/1011892497", "https://book.qidian.com/info/1011095320", "https://book.qidian.com/info/1011996851", "https://book.qidian.com/info/1011856434", "https://book.qidian.com/info/1011879207", "https://book.qidian.com/info/1011833256", "https://book.qidian.com/info/1011967674"]}