{"ratings": 0.0, "userreviews": [{"userName": "\u82e6\u6d77\u82cd\u832b", "userReviewDate": "57\u5206\u949f\u524d", "userURL": "https://my.qidian.com/user/221614381", "userReview": "\u6211\u770b\u8fc7\u5199\u6b66\u6797\u5916\u4f20\u540c\u4eba\u6700\u597d\u7684\u7684\u4e00\u672c\u4e66\u5c31\u662f\u6b66\u4fa0\u4f4d\u9762\u7545\u6e38\u8bb0\uff0c\u548c\u8fd9\u4e2a\u5f88\u76f8\u4f3c\uff0c\u4e5f\u662f\u4ee5\u6b66\u6797\u5916\u4f20\u4e3a\u4e3b\u4e16\u754c"}, {"userName": "\u4e66\u53cb140323211048599", "userReviewDate": "60\u5206\u949f\u524d", "userURL": "https://my.qidian.com/user/177933162", "userReview": "\u7b11\u50b2\u8fd9\u6bb5\u770b\u4e00\u5e2e******\u672c\u7ae0\u8bf4\u6765\u6c14\uff0c\u9ed1\u4ee4\u72d0\u51b2\uff0c\u6d17\u767d\u4ec0\u4e48\u6b63\u6d3e\u3002\u5218\u6b63\u98ce\u706d\u95e8\u7684\u4e8b\uff0c\u4f60\u4eec\u8c01\u778e\uff1f\u544a"}, {"userName": "\u81ea\u626c", "userReviewDate": "2\u5c0f\u65f6\u524d", "userURL": "https://my.qidian.com/user/291916", "userReview": "\u7b7e\u5230\uff0c\u6c34\u7ecf\u9a8c"}, {"userName": "\u592a\u5b50\u8352", "userReviewDate": "5\u5c0f\u65f6\u524d", "userURL": "https://my.qidian.com/user/200928018", "userReview": "\u5341\u672c\u5c0f\u8bf4\u4e3b\u89d2\uff0c6\u672c\u90fd\u662f\u7528\u5251\u7684\u3002\u3002\u3002\u4e2a\u4eba\u611f\u89c9\u5251\u521d\u59cb\u7528\u9014\u662f\u76f4\u523a\uff0c\u597d\u591a\u4eba\u90fd\u662f\u7528\u6765\u5288\u7684\u3002\u90a3\u6837\u7684\u8bdd\u7528"}, {"userName": "\u4e0b\u6c99\u6d45\u753b", "userReviewDate": "18\u5c0f\u65f6\u524d", "userURL": "https://my.qidian.com/user/201773068", "userReview": "\u4f5c\u8005\u52a0\u6cb9\n"}, {"userName": "jl621", "userReviewDate": "19\u5c0f\u65f6\u524d", "userURL": "https://my.qidian.com/user/3980343", "userReview": "\u6295\u7968\u7b7e\u5230\u5316\u6c34"}, {"userName": "\u4e66\u53cb140217135103496", "userReviewDate": "21\u5c0f\u65f6\u524d", "userURL": "https://my.qidian.com/user/176596864", "userReview": "\u4f5c\u8005\u5927\u5927\u52a0\u6cb9(\u0e07 \u2022\u0300_\u2022\u0301)\u0e07\u591a\u591a\u66f4\u65b0"}, {"userName": "\u6361\u5404\u5927\u897f\u74dc", "userReviewDate": "21\u5c0f\u65f6\u524d", "userURL": "https://my.qidian.com/user/301203000", "userReview": "\u4f5c\u8005\u7b2c\u4e00\u672c\u4e66\u805a\u96c6\u4eba\u6c14\uff0c\u7b2c\u4e8c\u672c\u4e66\u6210\u4e3a\u5927\u795e"}, {"userName": "\u4ffa\u55b5\u65e5\u5929", "userReviewDate": "21\u5c0f\u65f6\u524d", "userURL": "https://my.qidian.com/user/304012674", "userReview": "\u6211\u60f3\u95ee\u95ee\u770b\u4e86\u51e0\u5f20\u53d1\u73b0\u4e3b\u89d2\u548c\u90ed\u8299\u84c9\u641e\u66a7\u6627\u2026\u4e0d\u4f1a\u8fd9\u4e48\u91cd\u53e3\u628a\u65e0\u53cc\u4e0d\u597d\u5417\u256d(\u00b0A\u00b0`)\u256e"}, {"userName": "\u5141\u513f\u5fae\u7b11", "userReviewDate": "23\u5c0f\u65f6\u524d", "userURL": "https://my.qidian.com/user/216841996", "userReview": "\u8bf4\u5b9e\u8bdd\u6211\u8fd8\u6ca1\u770b\uff0c\u6211\u662f\u88ab\u8840\u7f18\u8bc5\u5492\u7684\u5c01\u9762\u5438\u5f15\u8fc7\u6765\u7684"}, {"userName": "\u5e7d\u5e7d\u5b50\u4e0d\u6b7b\u4e0e\u9965\u997f", "userReviewDate": "\u6628\u65e513:52", "userURL": "https://my.qidian.com/user/192367062", "userReview": "\u6700\u6050\u6016\u7684\u4e16\u754c\u662f\u513f\u7ae5\u5267 \u548c\u641e\u7b11\u5267"}, {"userName": "wdfxs", "userReviewDate": "\u6628\u65e513:39", "userURL": "https://my.qidian.com/user/219187675", "userReview": "\u65f6\u7a7a\u7ba1\u7406\u5c40\u90fd\u6765\u4e86\uff0c\u611f\u89c9\u53ef\u4ee5\u8fdb\u9ad8\u6b66\u526f\u672c\u4e86"}, {"userName": "\u6545\u4e8b\u4e3b\u89d2", "userReviewDate": "\u6628\u65e512:42", "userURL": "https://my.qidian.com/user/210831700", "userReview": "\u611f\u89c9\u6b66\u6797\u5916\u4f20\u5f88\u5c2c\uff0c\u4e2a\u4eba\u770b\u6cd5"}, {"userName": "\u58a8\u67d3\u4e3f\u9752\u4e66", "userReviewDate": "\u6628\u65e512:33", "userURL": "https://my.qidian.com/user/312767456", "userReview": "\u6211\u5199\u8fd9\u672c\u5c0f\u8bf4\u5176\u5b9e\u662f\u4e3a\u4e86\u548c\u5927\u5bb6\u4e00\u8d77\u56de\u5fc6\uff0c\u56de\u5fc6\u7ae5\u5e74\u770b\u7ecf\u5178\u7535\u5f71\u7535\u89c6\u65f6\u7684\u611f\u53d7\uff01\u5bf9\u4e8e\u8fd9\u4e9b\u7ecf\u5178\uff0c\u6211\u4f1a\u5c0a"}], "description": "\u661f\u6d77\u6f2b\u6e38\uff0c\u65f6\u7a7a\u7a7f\u68ad\uff0c\u673a\u68b0\u79d1\u6280\uff0c\u76ee\u6807\u662f\u672a\u77e5\u7684\u661f\u8fb0\u5927\u6d77\uff01", "title": "\u4ece\u540c\u798f\u5f00\u59cb", "url": "https://book.qidian.com/info/1011442910", "average": -1.0, "cover": "//qidian.qpic.cn/qdbimg/349573/1011442910/180", "reviews": -1, "authors": [{"url": "https://me.qidian.com/authorIndex.aspx?id=401707117", "name": "\u949f\u5c71\u6563\u4eba"}], "type": ["\u79d1\u5e7b", "\u65f6\u7a7a\u7a7f\u68ad"], "outlinks": ["https://book.qidian.com/info/1011442910", "https://book.qidian.com/info/1010870291", "https://book.qidian.com/info/1010870291", "https://book.qidian.com/info/1011081483", "https://book.qidian.com/info/1011081483", "https://book.qidian.com/info/1010293035", "https://book.qidian.com/info/1010293035", "https://book.qidian.com/info/1010242566", "https://book.qidian.com/info/1010242566", "https://book.qidian.com/info/1004903053", "https://book.qidian.com/info/1004903053", "https://book.qidian.com/info/1009243008", "https://book.qidian.com/info/1009243008", "https://book.qidian.com/info/1011172416", "https://book.qidian.com/info/1011172416", "https://book.qidian.com/info/1011814764", "https://book.qidian.com/info/1011636462", "https://book.qidian.com/info/1012011143", "https://book.qidian.com/info/1011989615", "https://book.qidian.com/info/1011979302", "https://book.qidian.com/info/1011962232", "https://book.qidian.com/info/1012020634", "https://book.qidian.com/info/1011923738", "https://book.qidian.com/info/1012020834", "https://book.qidian.com/info/1011973977"]}