{"ratings": 0.0, "userreviews": [{"userName": "\u4e00\u751f\u552f\u4e00\u5350K", "userReviewDate": "2018-06-07", "userURL": "https://my.qidian.com/user/200880315", "userReview": "\u8fd9\u662f\u8981\u5165\u5bab\u4e86\uff1f"}, {"userName": "\u5347\u5230", "userReviewDate": "2018-06-04", "userURL": "https://my.qidian.com/user/105770089", "userReview": "\u597d\u60e8\u7684\u5904\u5883\u5c45\u7136\u56db\u5929\u4e0d\u66f4\u65b0"}, {"userName": "\u4e00\u751f\u552f\u4e00\u5350K", "userReviewDate": "2018-06-04", "userURL": "https://my.qidian.com/user/200880315", "userReview": "mmp\u8ddf\u6591\u6253\u7684\u5267\u60c5\u5c31\u6390\u6389\u4e86\uff1f\uff1f\uff1f\uff1f\u6211tmd\uff0c\u8fd9\u5c31\u50cf\u8981\u51fa\u6765\u7684\u65f6\u5019\u7a81\u7136\u75ff\u4e86\u4e00\u6837\u6211\u66f9\uff01"}, {"userName": "\u5415\u5929\u867e13331", "userReviewDate": "2018-05-31", "userURL": "https://my.qidian.com/user/316318411", "userReview": "\u7b7e\u5230\u4e86\uff01\u7b7e\u5230\u4e86"}, {"userName": "\u5949\u5148\u6211\u513f", "userReviewDate": "2018-05-30", "userURL": "https://my.qidian.com/user/146703308", "userReview": "\u4e0d\u592a\u61c2\uff0c\u51e0\u4e2a\u666e\u901a\u4eba\u7c7b\u600e\u4e48\u80fd\u53c2\u4e0e\u5230\u9f2c\u548c\u957f\u95e8\u7684\u6218\u6597\u91cc\uff0c\u5c31\u662f\u4e00\u822c\u7684\u4e0a\u5fcd\u4e5f\u662f\u5206\u5206\u949f\u6302\u6389\u7684\u554a\uff01\u7b2c\u4e00\u4e2a"}, {"userName": "\u6211\u7279\u55b5\u4e0d\u4f1a\u6539\u540d\u5b57", "userReviewDate": "2018-05-29", "userURL": "https://my.qidian.com/user/308196781", "userReview": "\u633a\u597d\u770b\u7684\uff0c\u52a0\u6cb9\u66f4\u65b0"}, {"userName": "\u5b85\u65e0\u5fc3", "userReviewDate": "2018-05-24", "userURL": "https://my.qidian.com/user/197706132", "userReview": "\u8fd8\u4e0d\u9519\uff01\u6709\u70b9\u610f\u601d"}, {"userName": "\u7528\u98d8\u67d4\u5723\u50e7", "userReviewDate": "2018-05-23", "userURL": "https://my.qidian.com/user/215960450", "userReview": "\u4f5c\u8005\u597d\u53ef\u601c\uff0c\u6211\u6765\u5360\u4e00\u697c[fn=33][fn=33]"}], "description": "\u30102018\u4e8c\u6b21\u5143\u590f\u65e5\u796d\u5f81\u6587\u3011\u53c2\u8d5b\u4f5c\u54c1", "title": "\u4ece\u5fcd\u754c\u780d\u5230\u7f8e\u6f2b", "url": "https://book.qidian.com/info/1012014684", "average": -1.0, "cover": "//qidian.qpic.cn/qdbimg/349573/1012014684/180", "reviews": -1, "authors": [{"url": "https://me.qidian.com/authorIndex.aspx?id=402431505", "name": "\u613f\u5f97\u4e09\u5343\u706b\u9505"}], "type": ["\u4e8c\u6b21\u5143", "\u884d\u751f\u540c\u4eba", "\u4e8c\u6b21\u5143"], "outlinks": ["https://book.qidian.com/info/1012014684", "https://book.qidian.com/info/1010837556", "https://book.qidian.com/info/1010837556", "https://book.qidian.com/info/1009934766", "https://book.qidian.com/info/1009934766", "https://book.qidian.com/info/1009669002", "https://book.qidian.com/info/1009669002", "https://book.qidian.com/info/1005405753", "https://book.qidian.com/info/1005405753", "https://book.qidian.com/info/1010304081", "https://book.qidian.com/info/1010304081", "https://book.qidian.com/info/1005787955", "https://book.qidian.com/info/1005787955", "https://book.qidian.com/info/1011443057", "https://book.qidian.com/info/1011977706", "https://book.qidian.com/info/1011970575", "https://book.qidian.com/info/1011722301", "https://book.qidian.com/info/1012058179", "https://book.qidian.com/info/1010868275", "https://book.qidian.com/info/1012020887", "https://book.qidian.com/info/1011904081"]}