{"ratings": 0.0, "userreviews": [{"userName": "\u5996\u9b54\u4e4b\u738b\u5b59\u609f\u7a7a", "userReviewDate": "2018-06-05", "userURL": "https://my.qidian.com/user/309606036", "userReview": "\u4e00\u697c\u4e8c\u5341\uff0c\u5343\u697c2\u4e07\uff0c\u5c01\u9876\u7ed3\u7b97![fn=4][fn=4][fn=4]"}, {"userName": "\u6298\u6518", "userReviewDate": "2018-06-03", "userURL": "https://my.qidian.com/user/215825677", "userReview": "\u5404\u4f4d\u5927\u5927\u5f80\u8fd9\u91cc\u770b\uff01\uff01\uff01\u9f99\u5957\u697c\u5f81\u96c6\u683c\u5f0f\u4e0d\u9650\u4f46\u662f1\u4e0d\u4e00\u5b9a\u90fd\u75282\u53ef\u80fd\u4f1a\u9b54\u6539\uff0c\u6bd5\u7adf\u4f60\u5199\u5f97\u8d8a\u591a\uff0c\u6211\u80fd"}, {"userName": "\u767e\u6218\u4e0d\u6020", "userReviewDate": "2018-05-30", "userURL": "https://my.qidian.com/user/214071162", "userReview": "\u4e66\u53cb\u7fa4\u4e03\u4e8c\u56db\u516b\u96f6\u56db\u4e94\u4e00\u56db\uff0c\u542c\u8bf4\u6709\u8c03\u620f\u7fa4\u4e3b\uff0c\u8ba8\u8bba\u5267\u60c5\uff0c\u804a\u5929\u4ea4\u53cb\uff0c\u81ea\u5a31\u81ea\u4e50\uff0c\u8ba8\u8981\u9f99\u5957\u7b49\u7b49\u7b49\u4e30\u5bcc"}, {"userName": "VictoryHugo", "userReviewDate": "3\u5c0f\u65f6\u524d", "userURL": "https://my.qidian.com/user/220618223", "userReview": "\u54c8\u54c8\u54c8\u54c8\u54c8\uff01\u8001\u5b50\u9ad8\u8003\u7ed3\u675f\u5566\uff01\u6b63\u5f0f\u56de\u5f52\u8d77\u70b9\u961f\u5217\uff01\u6d3b\u513f\u8be5\u6211\u6512\u4e86\u4e00\u5468\uff0c\u548c\u540c\u5b66\u5403\u4e86\u987f\u996d\u5c31\u770b\u5b8c\u4e86"}, {"userName": "\u6298\u6518", "userReviewDate": "7\u5c0f\u65f6\u524d", "userURL": "https://my.qidian.com/user/215825677", "userReview": "\u4e0d\u6362\u4e86\uff0c\u5565\u90fd\u4e0d\u6362\u4e86\uff0c\u5e0c\u671b\u4e3a\u6b64\u64cd\u5fc3\u7684\u4e66\u53cb\u539f\u8c05\u4f5c\u8005\u8fd9\u4e2a\u9017\u6bd4\u3002\u8fd9\u51e0\u5929\u72b6\u6001\u4e0d\u597d\uff0c\u60a3\u5f97\u60a3\u5931\uff0c\u5176\u5b9e\u5c31\u662f"}, {"userName": "\u5154\u513f\u80a5", "userReviewDate": "7\u5c0f\u65f6\u524d", "userURL": "https://my.qidian.com/user/314262204", "userReview": "\u8fd9\u4e48\u597d\u7684\u6210\u7ee9  \u4f5c\u8005\u4f60\u4e3a\u4ec0\u4e48\u4e0d\u591a\u591a\u66f4\u65b0  [fn=15][fn=15][fn=15]  \u6709"}, {"userName": "\u7b49\u6211\u62ff\u53cc\u62d6\u978b", "userReviewDate": "12\u5c0f\u65f6\u524d", "userURL": "https://my.qidian.com/user/221303489", "userReview": "\u5f00\u4e2a\u7b7e\u5230\u697c\uff0c\u4e00\u697c\u4e8c\u5341\uff0c\u767e\u697c\u7ed3\u4e00\u6b21\uff01"}, {"userName": "VictoryHugo", "userReviewDate": "14\u5c0f\u65f6\u524d", "userURL": "https://my.qidian.com/user/220618223", "userReview": "\u3010\u5f00\u660e\u517d\u4e4b\u66c8\u00b7\u6012\u7075\u3011\u3010\u5df4\u86c7\u4e4b\u7259\u00b7\u66b4\u98df\u3011\u3010\u59d1\u83b7\u9e1f\u4e4b\u7075\u00b7\u94a9\u661f\u3011\u3010\u9955\u992e\u4e4b\u5fc3\u00b7\u98df\u6280\u3011\u3010\u91cd\u660e\u9e1f\u4e4b\u66c8\u00b7"}, {"userName": "\u767e\u6218\u4e0d\u6020", "userReviewDate": "14\u5c0f\u65f6\u524d", "userURL": "https://my.qidian.com/user/214071162", "userReview": "\u8fd9\u4e66\u662f\u672c\u4ed9\u8349\uff0c\u6392\u9664\u4e00\u90e8\u5206\u4e66\u53cb\u5410\u69fd\u7684\u4e66\u540d\u95ee\u9898\uff0c\u6392\u9664\u4e00\u90e8\u5206\u4e66\u53cb\u5410\u69fd\u7684\u7b2c\u4e00\u5377\u65b9\u8a00\u95ee\u9898\uff0c\u6392\u9664\u4f5c\u8005\u6bcf"}, {"userName": "\u54b8\u9c7c\u88c1\u51b3", "userReviewDate": "14\u5c0f\u65f6\u524d", "userURL": "https://my.qidian.com/user/314761286", "userReview": "\u5f00\u5934\u7684\u7ca4\u8bed\u548c\u666e\u901a\u8bdd\u5207\u6765\u53bb\uff0c\u597d\u6655"}, {"userName": "\u9ed1\u9762\u4eba666", "userReviewDate": "14\u5c0f\u65f6\u524d", "userURL": "https://my.qidian.com/user/301204918", "userReview": "\u60f3\u95ee\u4e3b\u89d2\u662f\u5973\u6027\u5417\uff1f\u6709\u6ca1\u6709\u524d\u8f88\u544a\u8bc9\u6211\u3002\u3002"}, {"userName": "\u5b89hcr", "userReviewDate": "15\u5c0f\u65f6\u524d", "userURL": "https://my.qidian.com/user/209496251", "userReview": "\u7279\u559c\u6b22\uff0c\u7279\u559c\u6b22\uff0c\u6253\u6597\u592a\u7cbe\u5f69\uff0c\u771f\u7684\u3002\u5f00\u5fc3"}, {"userName": "\u770b\u5f39\u5e55\u8fd8\u5f97\u70b9", "userReviewDate": "16\u5c0f\u65f6\u524d", "userURL": "https://my.qidian.com/user/308054876", "userReview": "\u5f31\u5f31\u8bf4\u4e00\u53e5\uff0c\u559c\u6b22\u8fd9\u4e66\u7684\u80fd\u4e0d\u80fd\u591a\u53d1\u4e9b\u4e66\u8bc4\uff0c\u628a\u90a3\u4e9b\u8d1f\u80fd\u91cf\u7684\u3001\u623e\u6c14\u91cd\u7684\u90fd\u8d76\u4e0b\u53bb\uff0c\u4e0d\u8981\u8ba9\u5b83\u4eec\u5f71\u54cd\u5fc3"}, {"userName": "\u62d3\u8dcb\u8dd6", "userReviewDate": "16\u5c0f\u65f6\u524d", "userURL": "https://my.qidian.com/user/107373104", "userReview": "\u6211\u6233\uff0c\u66f4\u65b0\u80fd\u8ddf\u4e0a\u8db3\u4ee5\u5c01\u795e\u554a\u5144\u5f1f\uff0c\u8fd8\u8bfb\u4ec0\u4e48\u4e66\uff0c\u6539\u5199\u4e66\u5427\u5927\u5144\u5f1f"}], "description": "\u661f\u6d77\u6f2b\u6e38\uff0c\u65f6\u7a7a\u7a7f\u68ad\uff0c\u673a\u68b0\u79d1\u6280\uff0c\u76ee\u6807\u662f\u672a\u77e5\u7684\u661f\u8fb0\u5927\u6d77\uff01", "title": "\u4ece\u59d1\u83b7\u9e1f\u5f00\u59cb", "url": "https://book.qidian.com/info/1011321110", "average": -1.0, "cover": "//qidian.qpic.cn/qdbimg/349573/1011321110/180", "reviews": -1, "authors": [{"url": "https://me.qidian.com/authorIndex.aspx?id=401161921", "name": "\u6d3b\u513f\u8be5"}], "type": ["\u79d1\u5e7b", "\u65f6\u7a7a\u7a7f\u68ad"], "outlinks": ["https://book.qidian.com/info/1011321110", "https://book.qidian.com/info/1011452759", "https://book.qidian.com/info/1011452759", "https://book.qidian.com/info/1010911953", "https://book.qidian.com/info/1010911953", "https://book.qidian.com/info/1010705571", "https://book.qidian.com/info/1010705571", "https://book.qidian.com/info/1011085659", "https://book.qidian.com/info/1011085659", "https://book.qidian.com/info/1004596214", "https://book.qidian.com/info/1004596214", "https://book.qidian.com/info/1010863368", "https://book.qidian.com/info/1010863368", "https://book.qidian.com/info/1010832708", "https://book.qidian.com/info/1010832708", "https://book.qidian.com/info/1010961448", "https://book.qidian.com/info/1010961448", "https://book.qidian.com/info/1011814764", "https://book.qidian.com/info/1011636462", "https://book.qidian.com/info/1012011143", "https://book.qidian.com/info/1011989615", "https://book.qidian.com/info/1011979302", "https://book.qidian.com/info/1011962232", "https://book.qidian.com/info/1012020634", "https://book.qidian.com/info/1011923738", "https://book.qidian.com/info/1012020834", "https://book.qidian.com/info/1011973977"]}