{"ratings": 0.0, "userreviews": [{"userName": "\u989ds", "userReviewDate": "5\u5c0f\u65f6\u524d", "userURL": "https://my.qidian.com/user/212667571", "userReview": "\u4e13\u7528\u7b7e\u5230\u697c(\u522b\u63d2\u697c)"}, {"userName": "\u5fc3\u91cc\u6709\u53ea\u9b54\u9b3c", "userReviewDate": "14\u5c0f\u65f6\u524d", "userURL": "https://my.qidian.com/user/172439145", "userReview": "\u5f00\u53d1\u4e00\u4e2a\u7535\u5b50\u5ba0\u7269\uff0c\u7535\u5b50\u60c5\u4fa3\uff0c\u597d\u4e0d\u597d\uff1f\u53ef\u4ee5\u501f\u52a9\u7535\u5b50\u4f34\u4fa3\u6765\u6697\u793a\u5f71\u54cd\u4eba\u7c7b\uff01"}, {"userName": "\u5347\u5230", "userReviewDate": "23\u5c0f\u65f6\u524d", "userURL": "https://my.qidian.com/user/105770089", "userReview": "\u575a\u6301\u4f4f\u522b\u65ad\u66f4"}, {"userName": "\u53d7\u547d\u4e8e\u5929\u65e2\u53d7\u6c38\u660c", "userReviewDate": "\u6628\u65e500:46", "userURL": "https://my.qidian.com/user/199262744", "userReview": "\u53ef\u4ee5\u8ba9\u7535\u8bdd\u5403\u6076\u9b54\u679c\u5b9e\uff0c\u6bd4\u5982\u95e8\u95e8\u679c\u5b9e\u3002\u6076\u9b54\u679c\u5b9e\u80fd\u529b\u53ef\u4ee5\u5728\u7535\u8bdd\u866b\u4e4b\u95f4\u5171\u4eab\u3002"}, {"userName": "\u4e66\u53cb20170915121824174", "userReviewDate": "2018-06-07", "userURL": "https://my.qidian.com/user/308341845", "userReview": "\u8fd9\u79cd\u66f4\u65b0\u901f\u5ea6\u7b80\u76f4\u4e86"}, {"userName": "\u5e73\u6de1\u7684\u4e00\u592912138", "userReviewDate": "2018-06-07", "userURL": "https://my.qidian.com/user/302058480", "userReview": "\u989d\uff0c\u8fd9\u5230\u5e95\u662f\u7a7f\u8d8a\u8fd8\u662f\u6e38\u620f\uff0c\uff08\u524d\u9762\u51e0\u7ae0\u6211\u6ca1\u8ba4\u771f\u770b\uff0c\u522b\u55b7\u6211\uff09"}, {"userName": "\u6211\u975e\u5e38\u559c\u6b22\u66f4\u7231\u770b\u4e66", "userReviewDate": "2018-06-07", "userURL": "https://my.qidian.com/user/157740964", "userReview": "\u7b7e\u5230\u6c34\u7ecf\u9a8c"}, {"userName": "\u4e66\u53cb150714192708006", "userReviewDate": "2018-06-07", "userURL": "https://my.qidian.com/user/210658966", "userReview": "\u7b7e\u5230\u3002\u3002\u3002"}, {"userName": "\u5f20\u5e9c", "userReviewDate": "2018-06-07", "userURL": "https://my.qidian.com/user/172515369", "userReview": "\u5957\u8def\u5957\u8def\uff0c\u6211\u8fd8\u662f\u5f88\u559c\u6b22\u9ed1\u80e1\u5b50\uff0c\u54ea\u6015\u4ed6\u5e72\u6389\u767d\u80e1\u5b50\u548c\u827e\u65af\u76f4\u63a5\u7b80\u63a5\u51f6\u624b"}, {"userName": "\u65ed\u7fbd\u5f71", "userReviewDate": "2018-06-06", "userURL": "https://my.qidian.com/user/12518400", "userReview": "\u4e0d\uff0c\u5176\u5b9e\u6211\u60f3\u770b\u4e00\u770b\u6d77\u519b\u6b20\u8d39\u7684\u4f1a\u600e\u4e48\u6837\uff1f\u8fd8\u6709\u5929\u9f99\u4eba\uff0c\u60f3\u60f3\u633a\u5947\u5999\u554a\uff01"}, {"userName": "\u6d41\u5149\u8f7b\u821e", "userReviewDate": "2018-06-06", "userURL": "https://my.qidian.com/user/171496538", "userReview": "\u90a3\u4e48\u6709\u4e2a\u95ee\u9898\uff0c\u7535\u8bdd\ud83d\udc1b\u6536\u94b1\u5462\u4e86\uff0c\u4f46\u662f\u5728\u54ea\u91cc\ud83c\udf38\u5462\uff1f\u8981\u662f\u4e0d\u82b1\u7684\u8bdd\u8fd9\u4e2a\u4e16\u754c\u7684\u94b1\u6700\u540e\u4e0d\u5c31\u6ca1\u4e86\u4e48\uff1f\u6d77\u8d3c"}, {"userName": "\u65e0\u9650\u4e91\u6781", "userReviewDate": "2018-06-06", "userURL": "https://my.qidian.com/user/225097549", "userReview": "\u66f4\u65b0\u597d\u6162\u54e6\uff0c\u517b\u4e86\u5927\u534a\u6708\u4e86\u8fd8\u662f\u6ca1\u51e0\u7ae0"}, {"userName": "\u718a\u718a\u718a\u80f8", "userReviewDate": "2018-06-05", "userURL": "https://my.qidian.com/user/313001167", "userReview": "\u54b8\u9c7c\u66f4\u65b0\u3002"}, {"userName": "\u5e73\u6de1\u7684\u4e00\u592912138", "userReviewDate": "2018-06-05", "userURL": "https://my.qidian.com/user/302058480", "userReview": "\u6211\u662f\u50bb\u5b50\uff0c\u53cd\u6b63\u6ca1\u4eba\u77e5\u9053\u6211\u662f\u8c01"}], "description": "\u30102018\u4e8c\u6b21\u5143\u590f\u65e5\u796d\u5f81\u6587\u3011\u53c2\u8d5b\u4f5c\u54c1", "title": "\u4ece\u6d77\u8d3c\u5f00\u59cb\u8111\u6d1e\u7206\u70b8", "url": "https://book.qidian.com/info/1010633888", "average": -1.0, "cover": "//qidian.qpic.cn/qdbimg/349573/1010633888/180", "reviews": -1, "authors": [{"url": "https://me.qidian.com/authorIndex.aspx?id=11206818", "name": "\u6d1b\u5e74\u6709\u77e5"}], "type": ["\u4e8c\u6b21\u5143", "\u884d\u751f\u540c\u4eba", "\u4e8c\u6b21\u5143"], "outlinks": ["https://book.qidian.com/info/1010633888", "https://book.qidian.com/info/1010506853", "https://book.qidian.com/info/1010506853", "https://book.qidian.com/info/1005235019", "https://book.qidian.com/info/1005235019", "https://book.qidian.com/info/1005985328", "https://book.qidian.com/info/1005985328", "https://book.qidian.com/info/1009352601", "https://book.qidian.com/info/1009352601", "https://book.qidian.com/info/1009934766", "https://book.qidian.com/info/1009934766", "https://book.qidian.com/info/1010837556", "https://book.qidian.com/info/1010837556", "https://book.qidian.com/info/1006611211", "https://book.qidian.com/info/1006611211", "https://book.qidian.com/info/1011443057", "https://book.qidian.com/info/1011977706", "https://book.qidian.com/info/1011970575", "https://book.qidian.com/info/1011722301", "https://book.qidian.com/info/1012058179", "https://book.qidian.com/info/1010868275", "https://book.qidian.com/info/1012020887", "https://book.qidian.com/info/1011904081"]}