{"ratings": 0.0, "userreviews": [{"userName": "\u82b1\u5f00\u6709\u65f6\u843d", "userReviewDate": "2018-06-07", "userURL": "https://my.qidian.com/user/160809527", "userReview": "\u4e3b\u89d2\u662f\u8c01\u554a\uff1f\u4e3b\u89d2\u548c\u914d\u89d2\u8981\u660e\u786e\u554a\uff01\u96be\u9053\u662f\u53cc\u4e3b\u89d2\uff1f"}, {"userName": "\u82b1\u5f00\u6709\u65f6\u843d", "userReviewDate": "2018-06-07", "userURL": "https://my.qidian.com/user/160809527", "userReview": "\u4f5c\u8005\u6709\u8bfb\u8005\u7fa4\uff1f"}, {"userName": "\u82b1\u5f00\u6709\u65f6\u843d", "userReviewDate": "2018-06-04", "userURL": "https://my.qidian.com/user/160809527", "userReview": "\u5c0f\u7ea2\u519b\u8fd8\u53ef\u4ee5\uff0c\u8fd9\u6837\u4e0d\u4f1a\u6d89\u53ca\u5230\u519b\u6587\u7684\u5929\u82b1\u677f\uff0c\u4f46\u662f\u8981\u7a81\u51fa\u4e3b\u89d2\u554a\uff01\u5176\u5b83\u914d\u89d2\u7684\u620f\u4efd\u8981\u5c11\u4e00\u4e9b\uff01"}], "description": "\u70ed\u8840\u6218\u6597\uff0c\u4fdd\u5bb6\u536b\u56fd\uff0c\u8a93\u6b7b\u5b88\u62a4\uff0c\u50b2\u9aa8\u65e0\u53cc\u94f8\u519b\u9b42\uff01", "title": "\u4ece\u6218\u706b\u785d\u70df\u4e2d\u8d70\u6765", "url": "https://book.qidian.com/info/1012123654", "average": -1.0, "cover": "//qidian.qpic.cn/qdbimg/349573/1012123654/180", "reviews": -1, "authors": [{"url": "https://me.qidian.com/authorIndex.aspx?id=401741638", "name": "\u82cd\u5c71\u843d\u65e5"}], "type": ["\u519b\u4e8b", "\u519b\u4e8b\u6218\u4e89"], "outlinks": ["https://book.qidian.com/info/1012123654", "https://book.qidian.com/info/1011768899", "https://book.qidian.com/info/1011768899", "https://book.qidian.com/info/1004161932", "https://book.qidian.com/info/1004161932", "https://book.qidian.com/info/1003308273", "https://book.qidian.com/info/1003308273", "https://book.qidian.com/info/1005042490", "https://book.qidian.com/info/1005042490", "https://book.qidian.com/info/1007103215", "https://book.qidian.com/info/1007103215", "https://book.qidian.com/info/1004868665", "https://book.qidian.com/info/1004868665", "https://book.qidian.com/info/1011209859", "https://book.qidian.com/info/1011209859", "https://book.qidian.com/info/1011773651", "https://book.qidian.com/info/1011792881", "https://book.qidian.com/info/1011766727", "https://book.qidian.com/info/1011816033", "https://book.qidian.com/info/1011910483", "https://book.qidian.com/info/1011695819", "https://book.qidian.com/info/1011962771", "https://book.qidian.com/info/1011786182", "https://book.qidian.com/info/1011837374", "https://book.qidian.com/info/1011724908"]}