{"ratings": 0.0, "userreviews": [{"userName": "\u541b\u4e14\u95ee\u4e0d\u5982\u6545", "userReviewDate": "2017-10-09", "userURL": "https://my.qidian.com/user/214255107", "userReview": "\u7cbe\u8f9f\u554a\uff01\u2014\u2014\u771f\u60c5\u7ecf\u4e0d\u8d77\u4e00\u6b21\u6b21\u6240\u8c13\u7684\u5370\u8bc1\u771f\u5fc3\u7684\u8bd5\u63a2\uff0c\u56e0\u4e3a\u90a3\u672c\u8eab\u5c31\u662f\u4e0d\u4fe1\u4efb\uff01\u256e(\u256f\u25bd\u2570)\u256d"}, {"userName": "\u67ab\u6797\u9752\u9752", "userReviewDate": "2017-09-11", "userURL": "https://my.qidian.com/user/122539564", "userReview": "\u4eca\u5929\u4e00\u5f00\u59cb\u770b\u5c31\u559c\u6b22\u4e86\u8fd9\u4e2a\u6897\uff0c\u7ecf\u5386\u8fc7\u672b\u4e16\uff0c\u5973\u4e3b\u4e0d\u5c0f\u767d\uff0c\u4f46\u4e5f\u4e0d\u51b2\u52a8\u6b7b\u8981\u5f3a\uff0c\u8fd8\u6709\u6211\u559c\u6b22\u7684\u91d1\u624b\u6307\uff0c"}, {"userName": "\u5c0f\u6d63\u718a\u9759\u51c0\u6d17", "userReviewDate": "2017-09-06", "userURL": "https://my.qidian.com/user/229216113", "userReview": "\u6211\u559c\u6b22\u672b\u4e16\u7684\u5973\u4e3b~\u81ea\u7acb\u81ea\u5f3a\uff0c\u4e0d\u6492\u5a07\uff0c\u4e0d\u800d\u5fc3\u673a\uff0c\u611f\u60c5\u4e0d\u62d6\u6ce5\u5e26\u6c34\u2026\u2026\u770b\u5230\u8fd9\u6837\u7684\u6587\u7ae0\uff0c\u9a6c\u4e0a\u770b\u8d77\u6765"}, {"userName": "\u679c\u679c\u679c\u8292", "userReviewDate": "2017-07-26", "userURL": "https://my.qidian.com/user/225265094", "userReview": "(\u2267\u25bd\u2266)\u6700\u559c\u6b22\u672b\u4e16\u5973\u4e3b\u7a7f\u8d8a\u7684\u6587\u4e86\uff5e\u5148\u6536\u85cf\u8d77\u6765\u517b\u7740\uff0c\u80a5\u4e86\u518d\u5bb0\uff0c\u4f5c\u8005\u5927\u5927\u52a0\u6cb9(\u2267\u25bd\u2266)"}, {"userName": "33LOVE", "userReviewDate": "2018-04-05", "userURL": "https://my.qidian.com/user/124391836", "userReview": "\u8111\u6d1e\u5f88\u597d\uff0c\u53ef\u60dc\u6587\u7b14\u5f88\u5dee\uff0c\u53ef\u4ee5\u591a\u7ec3\u7ec3\u6587\u7b14\u3002"}, {"userName": "\u9c7c\u513f\u6e38\u676586", "userReviewDate": "2018-03-29", "userURL": "https://my.qidian.com/user/217033710", "userReview": "\u4f4f\u5728\u5ba2\u6808\uff0c\u4e70\u4ec0\u4e48\u67f4\u7c73\u6cb9\u76d0\uff1f \u770b\u4e0d\u4e0b\u53bb\uff0c\u4e25\u91cd\u7f3a\u5c11\u903b\u8f91\u3002"}, {"userName": "\u4e1d\u4e1d\u4e01\u4e01", "userReviewDate": "2018-03-02", "userURL": "https://my.qidian.com/user/202389878", "userReview": "\u5509\uff0c\u8d77\u70b9\u6587\u5c31\u662f\u592a\u5570\u55e6\u4e86"}, {"userName": "\u82e5\u662f\u82b1\u5f00\u4f34\u53f6", "userReviewDate": "2018-02-27", "userURL": "https://my.qidian.com/user/300228037", "userReview": "\u5e0c\u671b\u5927\u5bb6\u652f\u6301\u4f5c\u8005\u7684\u65b0\u4e66\uff0c\u8c22\u8c22\uff01"}, {"userName": "\u6b64\u5cb8\u53f6\u843dSky", "userReviewDate": "2018-02-14", "userURL": "https://my.qidian.com/user/220007775", "userReview": "\u90fd\u8ba1\u8f83\u90a3\u4e48\u591a\u5e72\u561b\uff0c\u770b\u5c0f\u8bf4\u4e0d\u5c31\u662f\u653e\u677e\u6253\u53d1\u65f6\u95f4\u5417\uff0c\u90a3\u4e48\u8f83\u771f\u7d2f\u4e0d\u7d2f\uff0c\u9519\u5b57\u77e5\u9053\u5565\u610f\u601d\u4e0d\u5c31\u884c\u4e86"}, {"userName": "\u88d9\u9c7c", "userReviewDate": "2018-02-02", "userURL": "https://my.qidian.com/user/119083505", "userReview": "\u603b\u89c9\u5f97\u770b\u4e0d\u61c2\u6709\u4e9b\u8bdd"}, {"userName": "\u51b0\u51b7\u7684\u5fc34670", "userReviewDate": "2018-01-27", "userURL": "https://my.qidian.com/user/213674885", "userReview": "\u5973\u4e3b\u548c\u4eba\u6253\u6597\u7684\u65f6\u5019\u5f02\u80fd\u90fd\u53eb\u72d7\u5403\u4e86\u5417\uff0c\u8fd8\u5728\u672b\u4e16\u6df7\u4e86\u5341\u591a\u5e74\uff0c\u8fd8\u6709\u51b0\u7cfb\u5f02\u80fd4\u7ea7\uff0c\u7cbe\u795e\u5f02\u80fd7\u7ea7\uff0c\u5728"}, {"userName": "\u4e00\u4e2a\u5927\u5927\u7684\u5706", "userReviewDate": "2018-01-23", "userURL": "https://my.qidian.com/user/131756620", "userReview": " \u89c9\u5f97\u903b\u8f91\u6709\u95ee\u9898\uff0c\u4fee\u4ed9\u754c\u866b\u5b50\u5df2\u7ecf\u591f\u591a\u7684\u4e86\uff0c\u90fd\u8981\u51b2\u7834\u5c01\u5370\u6210\u707e\u4e86\uff0c\u4e3a\u4ec0\u4e48\u9690\u95e8\u8fd8\u9700\u8981\u5728\u661f\u9645\u517b\u866b\u5b50"}, {"userName": "\u832b\u7136\u54ce\u5929\u84dd", "userReviewDate": "2018-01-22", "userURL": "https://my.qidian.com/user/152528808", "userReview": "\ud83d\ude03\ud83d\ude03\ud83d\ude03\ud83d\ude03\ud83d\ude03"}, {"userName": "III\u6b7b\u5b85\u5230\u5e95", "userReviewDate": "2018-01-21", "userURL": "https://my.qidian.com/user/172245476", "userReview": "\ud83d\ude03\ud83d\ude03\ud83d\ude03"}], "description": "\u661f\u8fb0\u7834\u6653\uff0c\u7075\u9b42\u5c55\u7ffc\u3002\u8ffd\u5bfb\u5b87\u5b99\u7684\u5965\u79d8\uff0c\u76f4\u9762\u672a\u77e5\u7684\u6311\u6218\u3002", "title": "\u4ece\u672b\u4e16\u5230\u53e4\u4ee3", "url": "https://book.qidian.com/info/1007070677", "average": -1.0, "cover": "//qidian.qpic.cn/qdbimg/349573/1007070677/180", "reviews": -1, "authors": [{"url": "https://me.qidian.com/authorIndex.aspx?id=11438600", "name": "\u82e5\u662f\u82b1\u5f00\u4f34\u53f6"}], "type": ["\u79d1\u5e7b\u7a7a\u95f4", "\u65f6\u7a7a\u7a7f\u68ad"], "outlinks": ["https:https://book.qidian.com/info/1011421405?qd_game_key=1011421405&qd_dd_p1=11272", "https://book.qidian.com/info/1007070677", "https://book.qidian.com/info/1010808632", "https://book.qidian.com/info/1010808632", "https://book.qidian.com/info/1010260450", "https://book.qidian.com/info/1010260450", "https://book.qidian.com/info/1010853691", "https://book.qidian.com/info/1010853691", "https://book.qidian.com/info/1009731557", "https://book.qidian.com/info/1009731557", "https://book.qidian.com/info/1010197256", "https://book.qidian.com/info/1010197256", "https://book.qidian.com/info/1010875151", "https://book.qidian.com/info/1010875151", "https://book.qidian.com/info/1010910413", "https://book.qidian.com/info/1010910413", "https://book.qidian.com/info/1010973698", "https://book.qidian.com/info/1010973698", "https://book.qidian.com/info/1011689032", "https://book.qidian.com/info/1011573314", "https://book.qidian.com/info/1010751678", "https://book.qidian.com/info/1010513078", "https://book.qidian.com/info/1011787531", "https://book.qidian.com/info/1010808632", "https://book.qidian.com/info/1010731864", "https://book.qidian.com/info/1010943488", "https://book.qidian.com/info/1010845899", "https://book.qidian.com/info/1011936986"]}