{"ratings": 0.0, "userreviews": [{"userName": "\u4e66\u53cb120206171105261", "userReviewDate": "2018-05-02", "userURL": "https://my.qidian.com/user/136135673", "userReview": "       \u9ad8\u4e2d\u4e0a\u8bfe\u5077\u5077\u770b\u4e86\u4e09\u5e74\u5c0f\u8bf4\uff0c\u5927\u5b66\u8bfe\u90fd\u4e0d\u4e0a\uff0c\u9664\u4e86\u5403\u996d\uff0c\u7761\u89c9\uff0c\u8003\u8bd5\u524d\u51e0\u5929\uff0c\u5176\u5b83\u65f6\u5019"}, {"userName": "\u840c\u738b\u662f\u6211\u7684", "userReviewDate": "2018-02-25", "userURL": "https://my.qidian.com/user/310588671", "userReview": "\u633a\u4e0d\u9519\u7684\uff0c\u6709\u4e00\u79cd\u751f\u6d3b\u7684\u6c14\u606f\uff0c\u5728\u6b66\u4fa0\u5c0f\u8bf4\u4e2d\u5f88\u5c11\u770b\u5230\u3002\u770b\u5230\u4e8c\u5341\u591a\u7ae0\u7684\u65f6\u5019\uff0c\u5ffd\u7136\u611f\u89c9\u4e0d\u5982\u524d\u51e0\u7ae0\uff0c"}, {"userName": "\u5c31\u662f\u8981\u5751\u4f60\u54e6", "userReviewDate": "2018-01-10", "userURL": "https://my.qidian.com/user/305542113", "userReview": "\u6211\u7684\u4e66\u56e0\u4e3a\u5220\u9664\u7ae0\u8282\u88ab\u5c01\u4e86\uff0c\u53ef\u80fd\u8981\u7b49\u51e0\u5929\u624d\u80fd\u66f4\u65b0\u4e86\uff0c\u6211\u5df2\u7ecf\u6539\u5b8c\u4e86\uff0c\u8bf7\u8010\u5fc3\u7b49\u51e0\u5929\uff0c\u8c22\u8c22\uff01"}, {"userName": "\u591c\u6708\u51dd\u6b87", "userReviewDate": "2017-11-05", "userURL": "https://my.qidian.com/user/168622931", "userReview": "\u5176\u5b9e\u65b0\u4eba\u8fd9\u6837\u7684\u6587\u7b14\uff0c\u5df2\u7ecf\u5f88\u4e0d\u9519\u4e86\u5f00\u5934\u5bf9\u4eba\u7269\u7684\u8fd8\u539f\u5f88\u5f62\u8c61\uff0c\u8bed\u8a00\u523b\u753b\u4e5f\u5f88\u597d\uff0c\u4e0d\u8fc7\u6709\u5f88\u591a\u53ef\u4ee5\u7ec6\u5199"}, {"userName": "\u7d20\u7d202018", "userReviewDate": "3\u5c0f\u65f6\u524d", "userURL": "https://my.qidian.com/user/10301202", "userReview": "\u5efa\u4e2a\u7b7e\u5230\u697c"}, {"userName": "\u534a\u9619\u4e34\u5b89", "userReviewDate": "24\u5c0f\u65f6\u524d", "userURL": "https://my.qidian.com/user/224403578", "userReview": "\u5efa\u4e2a\u63a8\u8350\u697c\uff0c\u6bcf\u5929\u63a8\u8350"}, {"userName": "\u7396\u6d1b\u7fbd\u6674", "userReviewDate": "\u6628\u65e500:07", "userURL": "https://my.qidian.com/user/219108556", "userReview": "\u5514\u2026\u2026\u8fd9\u91cc\u4e5f\u8981\u8fc7\u6765\u6e9c\u8fbe\u7b7e\u5230"}, {"userName": "\u534a\u9619\u4e34\u5b89", "userReviewDate": "2018-06-07", "userURL": "https://my.qidian.com/user/224403578", "userReview": "\u597d\u770b\uff0c\u665a\u5b89"}, {"userName": "\u5415\u5929\u867e4516", "userReviewDate": "2018-06-06", "userURL": "https://my.qidian.com/user/313379643", "userReview": "\u7b7e\u5230\uff0c\u665a\u5b89[fn=33]"}, {"userName": "\u9752\u8863\u633d\u7ea2\u8896\u4e36", "userReviewDate": "2018-06-06", "userURL": "https://my.qidian.com/user/176360486", "userReview": "\u53d7\u4e0d\u4e86\u4e86\uff0c\u80fd\u4e0d\u80fd\u522b\u8001\u52a0\u554a\uff0c\u54c7\u4ec0\u4e48\u7684\u8bed\u6c14\u8bcd\uff0c\u770b\u7684\u70e6\u8e81\uff0c\u5f3a\u8feb\u75c7\u4f24\u4e0d\u8d77\u3002\u3002\u3002\u5c31\u8fd9\u4e9b\u554a\u554a\u554a\u8bed\u6c14\u8bcd\u628a"}, {"userName": "\u6211\u4e3a\u4f9d\u7136\u5986", "userReviewDate": "2018-06-05", "userURL": "https://my.qidian.com/user/219442301", "userReview": "\u4f5c\u8005\u4f60\u4e66\u91cc\u79d8\u7c4d\u4e71\u5199\u5417\uff1f"}, {"userName": "\u788e\u7761\u7761", "userReviewDate": "2018-06-05", "userURL": "https://my.qidian.com/user/219658359", "userReview": "\u6316\u5751\u6316\u5751\u6316\u5751\u2026\u2026\u2026"}, {"userName": "\u4e66\u53cb20180221143354946", "userReviewDate": "2018-06-04", "userURL": "https://my.qidian.com/user/313959441", "userReview": "\u5927\u4f6c\uff0c\u5176\u5b9e\u6211\u4e5f\u4e00\u76f4\u6709\u4f60\u7b2c\u4e00\u7ae0\u7684\u60f3\u6cd5"}, {"userName": "\u51b0\u51bb\u7130\u706b", "userReviewDate": "2018-06-03", "userURL": "https://my.qidian.com/user/107696391", "userReview": "\u8bf7\u95ee\u4e0b\uff0c\u8fd9\u672c\u4e66\u662f\u54ea\u672c\u6b66\u4fa0\u5c0f\u8bf4\u7684\u540c\u4eba\uff1f\u8fd8\u662f\u539f\u521b\uff1f"}], "description": "\u501f\u4e09\u5c3a\u660e\u6708\uff0c\u8854\u4e24\u8896\u9752\u9f99\uff0c\u8f7b\u5251\u5feb\u9a6c\u6063\u610f\uff0c\u643a\u4fa3\u6c5f\u6e56\u540c\u6e38\uff01", "title": "\u4ece\u7ea2\u5c18\u5ba2\u6808\u5f00\u59cb\u7684\u6b66\u4fa0\u4e4b\u65c5", "url": "https://book.qidian.com/info/1010613262", "average": -1.0, "cover": "//qidian.qpic.cn/qdbimg/349573/1010613262/180", "reviews": -1, "authors": [{"url": "https://me.qidian.com/authorIndex.aspx?id=401073068", "name": "\u65e0\u9650\u68a6\u4e4b\u6797"}], "type": ["\u6b66\u4fa0", "\u6b66\u4fa0\u5e7b\u60f3"], "outlinks": ["https://book.qidian.com/info/1010613262", "https://book.qidian.com/info/1006441087", "https://book.qidian.com/info/1006441087", "https://book.qidian.com/info/1009603735", "https://book.qidian.com/info/1009603735", "https://book.qidian.com/info/1004600167", "https://book.qidian.com/info/1004600167", "https://book.qidian.com/info/1009856960", "https://book.qidian.com/info/1009856960", "https://book.qidian.com/info/1005406190", "https://book.qidian.com/info/1005406190", "https://book.qidian.com/info/1005004293", "https://book.qidian.com/info/1005004293", "https://book.qidian.com/info/1011815974", "https://book.qidian.com/info/1011216976", "https://book.qidian.com/info/1012036528", "https://book.qidian.com/info/1011985057", "https://book.qidian.com/info/1011631528", "https://book.qidian.com/info/1011928444", "https://book.qidian.com/info/1011771234", "https://book.qidian.com/info/1011973127", "https://book.qidian.com/info/1005784137", "https://book.qidian.com/info/1011916945"]}