{"ratings": 0.0, "userreviews": [{"userName": "\u96c4\u658c", "userReviewDate": "13\u5c0f\u65f6\u524d", "userURL": "https://my.qidian.com/user/546443", "userReview": "\u7b7e\u5230\u652f\u6301\u4f5c\u8005\u5927\u5927\u3002"}, {"userName": "\u970d\u5927\u54e5", "userReviewDate": "22\u5c0f\u65f6\u524d", "userURL": "https://my.qidian.com/user/212972689", "userReview": "\u8fd9\u4e66\u5199\u7684\u53ef\u4ee5\u554a\uff0c\u54ea\u6709\u4f60\u4eec\u8bf4\u7684\u90a3\u4e48\u5dee"}, {"userName": "\u4eba\u843d\u9b44", "userReviewDate": "23\u5c0f\u65f6\u524d", "userURL": "https://my.qidian.com/user/315286445", "userReview": "[fn=4][fn=4]\u597d\u5f69\u5934"}, {"userName": "\u4e36\u98ce\u82b1\u96ea\u6708\u4e36\u4e8c\u53f7", "userReviewDate": "\u6628\u65e513:18", "userURL": "https://my.qidian.com/user/229411471", "userReview": "\u795e\u519c\u62bd\u70df\uff5e"}, {"userName": "\u753b\u91cc\u7684\u4e00\u7f15\u98ce", "userReviewDate": "\u6628\u65e512:59", "userURL": "https://my.qidian.com/user/229562992", "userReview": "\u8fd8\u884c\u5427\uff0c\u611f\u60c5\u592a\u4e71\u4e86"}, {"userName": "\u5446\u5446\u7684\u9c7c\u4e0e\u96e8", "userReviewDate": "\u6628\u65e501:20", "userURL": "https://my.qidian.com/user/216198837", "userReview": "\u77e5\u9053\u4e3a\u4ec0\u4e48\u88ab\u9a82\u5417\uff1f\u56e0\u4e3a\u4f60\u4e0d\u662f\u5b59\u7b11\u5ddd\u7684\u5f1f\u5b50\u3002\u6240\u4ee5\u5f1f\u5f1f\uff0c\u5f80\u540e\u7a0d\u7a0d\uff0c\u6328\u9a82\u5c31\u5b8c\u4e8b\u4e86"}, {"userName": "18717670760", "userReviewDate": "\u6628\u65e501:04", "userURL": "https://my.qidian.com/user/121627182", "userReview": "\u4e0d\u8bf4\u5176\u4ed6\uff0c\u5355\u8bf4\u4e70\u5f69\u7968\u4e2d\u5956\u5c31\u5b8c\u5168\u6ca1\u6709\u5e26\u5165\u611f\u3002\u540e\u7eed\u5199\u7684\u518d\u597d\uff0c\u8fd8\u662f\u770b\u4e0d\u4e0b\u53bb\u3002"}, {"userName": "\u79cb\u540d\u5c71\u5f00\u4e94\u83f1\u5b8f\u5149\u7684\u8001\u53f8\u673a", "userReviewDate": "2018-06-07", "userURL": "https://my.qidian.com/user/224905610", "userReview": "\u4eba\u7269\u5851\u9020\u4e0d\u9519\uff0c\u51e0\u4e2a\u914d\u89d2\u4e5f\u5f88\u9971\u6ee1\uff0c\u4e00\u4e9b\u5c0f\u7ec6\u8282\u4ea4\u4ee3\u7684\u4e0d\u662f\u7279\u522b\u81ea\u7136\u4e30\u5bcc\uff0c\u5176\u4ed6\u90fd\u5f88\u4e0d\u9519\u3002\u7cae\u8349+\uff0c\u4f5c"}, {"userName": "\u661f\u8fb0\u6653\u767d", "userReviewDate": "2018-06-07", "userURL": "https://my.qidian.com/user/113526686", "userReview": "\u9664\u4e86\u6323\u94b1\u4e0d\u592a\u5199\u5b9e\uff0c\u4eba\u7269\u90fd\u7b97\u662f\u6709\u8840\u6709\u8089\u7684[fn=11]"}, {"userName": "JF\u4e36\u826f\u4eba", "userReviewDate": "2018-06-07", "userURL": "https://my.qidian.com/user/224505208", "userReview": "\u6709\u70b9\u6bd2\uff0c\u625b\u4e0d\u4f4f\u4e86\uff0c\u5148\u64a4\u4e3a\u5999\u3002"}, {"userName": "\u857e\u7c73\u8389\u4e9a*\u65af\u5361\u96f7\u7279", "userReviewDate": "2018-06-07", "userURL": "https://my.qidian.com/user/123001799", "userReview": "\u6709\u94b1\u5c31\u60f3\u627e\u5c0f\u7684\uff0c\u77e5\u9053\u524d\u59bb\u4e0d\u9519\u6709\u94b1\u4e0d\u590d\u5a5a\u3002\u90a3\u5c31\u522b\u8ddf\u90a3\u4e9b\u8ba8\u503a\u7684\u8bb2\u60c5\u4e49\u4e86\u3002\u4e00\u8def\u8d27\u8272"}, {"userName": "\u4eba\u843d\u9b44", "userReviewDate": "2018-06-07", "userURL": "https://my.qidian.com/user/315286445", "userReview": "\u6ca1\u6709\u529e\u6cd5\uff0c\u4f17\u53e3\u96be\u8c03\uff0c\u6ee1\u8db3\u4e86\u8fd9\u4e2a\u6ca1\u529e\u6cd5\u6ee1\u8db3\u90a3\u4e2a\uff0c\u53ea\u597d\u5bf9\u4e0d\u4f4f\u67d0\u4e9b\u4eba\u4e86"}, {"userName": "\u4eba\u843d\u9b44", "userReviewDate": "2018-06-07", "userURL": "https://my.qidian.com/user/315286445", "userReview": "\u771f\u7684\u5f88\u60b2\u54c0\uff01"}, {"userName": "\u4eba\u843d\u9b44", "userReviewDate": "2018-06-07", "userURL": "https://my.qidian.com/user/315286445", "userReview": "\u88ab\u4eba\u9a82\u7684\u6211\u90fd\u4e0d\u6562\u7b7e\u7ea6"}], "description": "\u91cd\u751f\u8fc7\u53bb\u3001\u7545\u60f3\u672a\u6765\u3001\u68a6\u5e7b\u73b0\u5b9e\uff0c\u518d\u5851\u4f20\u5947\u4eba\u751f\uff01", "title": "\u4ece\u767e\u4e07\u8d1f\u7fc1\u5230\u4ebf\u4e07\u5bcc\u7fc1", "url": "https://book.qidian.com/info/1012053988", "average": -1.0, "cover": "//qidian.qpic.cn/qdbimg/349573/1012053988/180", "reviews": -1, "authors": [{"url": "https://me.qidian.com/authorIndex.aspx?id=402203876", "name": "\u7f57\u4f51\u4e66\u8352"}], "type": ["\u90fd\u5e02", "\u90fd\u5e02\u751f\u6d3b"], "outlinks": ["https://book.qidian.com/info/1012053988", "https://book.qidian.com/info/1009845790", "https://book.qidian.com/info/1009845790", "https://book.qidian.com/info/1009381745", "https://book.qidian.com/info/1009381745", "https://book.qidian.com/info/1010874584", "https://book.qidian.com/info/1010874584", "https://book.qidian.com/info/3684298", "https://book.qidian.com/info/3684298", "https://book.qidian.com/info/1003669565", "https://book.qidian.com/info/1003669565", "https://book.qidian.com/info/1004900395", "https://book.qidian.com/info/1004900395", "https://book.qidian.com/info/1011719098", "https://book.qidian.com/info/1011719098", "https://book.qidian.com/info/1011958840", "https://book.qidian.com/info/1011958840", "https://book.qidian.com/info/1011932150", "https://book.qidian.com/info/1012029544", "https://book.qidian.com/info/1012015699", "https://book.qidian.com/info/1012018201", "https://book.qidian.com/info/1011879101", "https://book.qidian.com/info/1011790606", "https://book.qidian.com/info/1011971435", "https://book.qidian.com/info/1009695534", "https://book.qidian.com/info/1011890878", "https://book.qidian.com/info/1010537314"]}