{"ratings": 0.0, "userreviews": [{"userName": "\u554a\u4e0a\u5584\u82e5\u6c34", "userReviewDate": "2018-02-03", "userURL": "https://my.qidian.com/user/179018915", "userReview": "\u6f2b\u5a01\u7528\u75c5\u6bd2\u53bb\u6bc1\u706d\uff1f\u80af\u5b9a\u4e0d\u884c\uff0c\u751f\u5316\u80fd\u884c\u662f\u56e0\u4e3a\u91cc\u9762\u6ca1\u6709\u795e\u8d85\u7ea7\u667a\u5546\u7684\u4eba\uff0c\u50cf\u91cc\u5fb7\u6258\u5c3c\u4e00\u7c7b\u7684\u5929\u624d\uff0c\u75c5"}, {"userName": "\u6211\u987e\u65e5\u5929", "userReviewDate": "2018-01-27", "userURL": "https://my.qidian.com/user/215945221", "userReview": "\u5927\u54e5\uff0c\u4f60\u4e0d\u662f\u5f00\u73a9\u7b11\u5427\uff01\u5728\u7f8e\u6f2b\u91cc\u9762\uff0c\u52a8\u7528t\u75c5\u6bd2\u3002\u4ed6\u8981\u662f\u80fd\u4f20\u67d3\u8d85\u8fc7\u4e00\u4e2a\u56fd\u6211\u90fd\u8ddf\u4f60\u59d3\uff0c\uff0c\u6f2b\u5a01\u4e16\u754c"}, {"userName": "\u55b0\u68a6\u4e4b\u86c7", "userReviewDate": "2017-07-03", "userURL": "https://my.qidian.com/user/220798199", "userReview": "\u4f5c\u8005\u5199\u4eba\u7269\u633a\u5389\u5bb3\u7684\uff0c\u65e0\u8bba\u662f\u9e70\u773c\u8fd8\u662f\u6258\u5c3c\uff0c\u90fd\u5199\u5f97\u5f88\u5f62\u8c61\u3002\u611f\u89c9\u6bd4\u7535\u5f71\u4e2d\u7684\u66f4\u4e30\u6ee1\u3002"}, {"userName": "\u4eba\u59bb\u5bb6\u9694\u58c1\u8001\u738b", "userReviewDate": "2017-07-02", "userURL": "https://my.qidian.com/user/171908600", "userReview": "\u6f2b\u5a01\u5c0f\u8bf4\uff0c\u6e05\u4e00\u8272\u7684\u62ef\u6551\u4e16\u754c\u3002\u597d\u65e0\u804a\u4f5c\u8005\u8fd9\u672c\u5c0f\u8bf4\u8ba9\u6211\u6362\u4e86\u4e00\u79cd\u53e3\u5473\u3002"}, {"userName": "\u81ea\u75312005", "userReviewDate": "2018-06-04", "userURL": "https://my.qidian.com/user/1417901", "userReview": "\u53c8\u517b\u6b7b\u4e86\u4e00\u672c\u2026\u2026\u30af"}, {"userName": "\u8349\u539f\u72fc\u9a91", "userReviewDate": "2018-05-19", "userURL": "https://my.qidian.com/user/9037252", "userReview": "\u6211\u60f3\u77e5\u9053\uff0c\u4e27\u5c38\u751f\u7269\u7684\u79cd\u7c7b\u6709\u54ea\u4e9b\uff0c\u662f\u4e0d\u662f\u6240\u6709\u751f\u7269\u90fd\u53ef\u4ee5\u88ab\u611f\u67d3\uff0c\u5e76\u4e14\u5f02\u5316\u3002"}, {"userName": "YDFFH", "userReviewDate": "2018-05-14", "userURL": "https://my.qidian.com/user/174876501", "userReview": "\u4e3b\u89d2\u4e0b\u4ee4\u4e27\u5c38\u4e0d\u8981\u53bb\u8fdb\u653b\u5c01\u9501\u7ebf\uff0c\u800c\u662f\u5411\u5185\u6536\u7f29\uff0c\u8fd9\u65e0\u7591\u662f\u4e00\u5927\u8d25\u7b14\uff0c\u56e0\u4e3a\u8fd9\u6837\u8d64\u88f8\u88f8\u7684\u5411\u5168\u4e16\u754c\u6311\u660e"}, {"userName": "\u8036\u548c\u534e\u7684\u5c0f\u53f7", "userReviewDate": "2018-05-06", "userURL": "https://my.qidian.com/user/215470655", "userReview": "\u70c2\u5c3e\u4e86\u3002\u3002\u3002\u3002\u3002"}, {"userName": "\u6c38\u591c\u796d\u7940", "userReviewDate": "2018-05-05", "userURL": "https://my.qidian.com/user/315953084", "userReview": "\u6f2b\u5a01\u4f53\u7cfb\u5f88\u6df7\u4e71\uff0c\u5145\u65a5\u7740\u81ea\u76f8\u77db\u76fe\u3002\u3002\u4e3b\u89d2\u8fd8\u4e00\u76f4\u5446\u5728\u6f2b\u5a01\u3002\u3002\u8fd9\u4e66\u3002\u3002\u65e0\u611f\u3002"}, {"userName": "\u5bd2\u51b7\u51ac\u5929\u8df3\u8dc3\u7684\u732b", "userReviewDate": "2018-05-04", "userURL": "https://my.qidian.com/user/219861300", "userReview": "\u75c5\u6bd2\u4e0d\u77e5\u9053\u6709\u6ca1\u6709\u6f5c\u4f0f\u671f\uff0c   \u5982\u679c\u6709\u7684\u8bdd\uff0c\u968f\u4fbf\u627e\u4e2a\u98de\u673a\u573a\u706b\u8f66\u7ad9\uff0c\u6cfc\u6d12\u75c5\u6bd2\uff0c\u57fa\u672c\u4e0a\u8fc7\u6bb5\u65f6\u95f4\u5c31"}, {"userName": "\u9f99V", "userReviewDate": "2018-04-27", "userURL": "https://my.qidian.com/user/20425021", "userReview": "\u70c2\u5c3e\u8fd8\u4e0d\u5982\u592a\u76d1\u5462"}, {"userName": "\u8ff7\u832b\u7b49\u6b7b\u7684\u767d\u75f4", "userReviewDate": "2018-04-25", "userURL": "https://my.qidian.com/user/311532897", "userReview": "\u8718\u86db\u4fa0\u6709\u90a3\u4e48\u66b4\u8e81\u5417\uff1f\u4e3b\u89d2\u6740\u4e86\u574f\u4eba\uff0c\u4ed6\u9876\u591a\u4e5f\u5c31\u662f\u5634\u70ae\u8fde\u8fde\u5427\uff0c\u4e0a\u53bb\u5c31\u5f00\u6253\u662f\u4ec0\u4e48\u9b3c\uff1f"}, {"userName": "\u6655\u6655hjfjfgjh", "userReviewDate": "2018-04-09", "userURL": "https://my.qidian.com/user/197975342", "userReview": "\u5c31\u6bc1\u706d\u4e86\u4e09\u4e2a\u4e16\u754c\uff1f\uff1f\uff1f\uff1f\u6f2b\u5a01\uff0c\u706b\u5f71\uff0c\u8fd8\u6709\u90a3\u4ec0\u4e48D\u7684\uff1f\uff1f\uff1f\u6ca1\u6709\u5176\u5b83\u7684\uff1f\uff1f\u6bd4\u5982\u5c0f\u8bf4\u91cc\u7684\u4ec0\u4e48\uff1f"}, {"userName": "\u6211\u9ed8\u9ed8\u5730\u770b\u7740\u4f60", "userReviewDate": "2018-03-31", "userURL": "https://my.qidian.com/user/220107740", "userReview": "\u8fd9\u7ed3\u5c40\u6709\u70b9\u8d76\u554a"}], "description": "\u661f\u6d77\u6f2b\u6e38\uff0c\u65f6\u7a7a\u7a7f\u68ad\uff0c\u673a\u68b0\u79d1\u6280\uff0c\u76ee\u6807\u662f\u672a\u77e5\u7684\u661f\u8fb0\u5927\u6d77\uff01", "title": "\u4ece\u7f8e\u6f2b\u5f00\u59cb\u6bc1\u706d\u4e16\u754c", "url": "https://book.qidian.com/info/1004837706", "average": -1.0, "cover": "//qidian.qpic.cn/qdbimg/349573/1004837706/180", "reviews": -1, "authors": [{"url": "https://me.qidian.com/authorIndex.aspx?id=9192242", "name": "\u6700\u7ec8\u5316\u77f3"}], "type": ["\u79d1\u5e7b", "\u65f6\u7a7a\u7a7f\u68ad", "\u4e8c\u6b21\u5143"], "outlinks": ["https://book.qidian.com/info/1004837706", "https://book.qidian.com/info/1010942512", "https://book.qidian.com/info/1010942512", "https://book.qidian.com/info/1010890987", "https://book.qidian.com/info/1010890987", "https://book.qidian.com/info/1011067362", "https://book.qidian.com/info/1011067362", "https://book.qidian.com/info/1010732587", "https://book.qidian.com/info/1010732587", "https://book.qidian.com/info/1010830086", "https://book.qidian.com/info/1010830086", "https://book.qidian.com/info/1010563262", "https://book.qidian.com/info/1010563262", "https://book.qidian.com/info/1011460270", "https://book.qidian.com/info/1011460270", "https://book.qidian.com/info/1011814764", "https://book.qidian.com/info/1011636462", "https://book.qidian.com/info/1012011143", "https://book.qidian.com/info/1011989615", "https://book.qidian.com/info/1011979302", "https://book.qidian.com/info/1011962232", "https://book.qidian.com/info/1012020634", "https://book.qidian.com/info/1011923738", "https://book.qidian.com/info/1012020834", "https://book.qidian.com/info/1011973977"]}