{"ratings": 0.0, "userreviews": [{"userName": "\u9493\u9c7c\u515a", "userReviewDate": "3\u5c0f\u65f6\u524d", "userURL": "https://my.qidian.com/user/310659346", "userReview": "\u6253\u5de5\u5427\uff01\u9b54\u738b\u3002\u8fd9\u4e2a\u4e16\u754c\u600e\u4e48\u6837"}, {"userName": "\u7edd\u51cc\u751f", "userReviewDate": "11\u5c0f\u65f6\u524d", "userURL": "https://my.qidian.com/user/304052243", "userReview": "\u5feb\u8d76\u5f97\u4e0a\u6625\u79cb\u7b14\u6cd5\u4e86\uff0c\u8fd9\u6837\u4e0b\u53bb\u8981\u4e48\u592a\u76d1\uff0c\u8981\u4e48\u5c31\u662f\u5c11\u5b57\u6570\u5b8c\u7ed3"}, {"userName": "\u8fc7\u5982\u82cf\u65b0\u96e8", "userReviewDate": "2018-06-07", "userURL": "https://my.qidian.com/user/225110291", "userReview": "\u4e0d\u7ba1\u592a\u76d1\u4e0d\u592a\u76d1\uff0c\u5148\u628a\u738b\u5bb6\u8fd9\u6076\u5fc3\u7684\u4e24\u4e2a\u73a9\u610f\u5148\u5f04\u6b7b"}, {"userName": "\u5b85\u65e0\u5fc3", "userReviewDate": "2018-06-05", "userURL": "https://my.qidian.com/user/197706132", "userReview": "\u6240\u8c13\u7b7e\u7ea6\u4e86\u5c31\u4e0d\u592a\u76d1\uff1f(\u0ca1\u03c9\u0ca1)hiahiahia\uff01\u8fd9\u4e2a\u7b11\u8bdd\u4e0d\u9519\uff01"}, {"userName": "\u4e00\u4e2a\u5f88\u795e\u5947\u7684\u540d\u5b57", "userReviewDate": "2018-06-04", "userURL": "https://my.qidian.com/user/314125113", "userReview": "\u4f5c\u8005\u4e0d\u4f1a\u592a\u76d1\u5427"}, {"userName": "\u5415\u5929\u867e12927", "userReviewDate": "2018-06-03", "userURL": "https://my.qidian.com/user/316044944", "userReview": "\u8fdf\u65e9\u8fd8\u662f\u8981\u8fd8\u7684"}, {"userName": "\u6df1\u6df1\u5730\u6b7b\u795e", "userReviewDate": "2018-06-01", "userURL": "https://my.qidian.com/user/210572068", "userReview": "\u738b\u4e5f\u5427\uff1f\u3002"}, {"userName": "\u5475\u5475\u59b2\u6211\u9760", "userReviewDate": "2018-05-29", "userURL": "https://my.qidian.com/user/224413682", "userReview": "\u4f5c\u8005\u83cc\uff0c\u4e0b\u4e00\u4e2a\u4e16\u754c\u662f\u4ec0\u4e48\uff1f\u63a8\u8350\u4e2a\u6211\u7684\u82f1\u96c4\u5b66\u9662"}, {"userName": "\u4f20\u8a00\u7684\u6df1\u5c71\u7075", "userReviewDate": "2018-05-29", "userURL": "https://my.qidian.com/user/311615343", "userReview": "\u6709\u5973\u4e3b\u89d2\u4e0d\uff1f"}, {"userName": "\u51b7\u6f88\u3001\u5fc3\u6249", "userReviewDate": "2018-05-27", "userURL": "https://my.qidian.com/user/187222694", "userReview": "\u8ffd\u5230\u6211\u6211\u5c31\u8ba9\u4f60|\u03c9\u30fb\uff09"}, {"userName": "\u793c\u4e50\u5fa1\u4e66", "userReviewDate": "2018-05-17", "userURL": "https://my.qidian.com/user/315417200", "userReview": "\u90a3\u4e2a\uff0c\u4e0d\u77e5\u9053\u4e3a\u4ec0\u4e48\uff0c\u7cfb\u7edf\u597d\u50cf\u4f1a\u5220\u8bc4\u8bba\uff0c\u4e0d\u5173\u6211\u7684\u4e8b\u4e0d\u8981\u6253\u6211\u2211(\u309c\u30ed\u309c;)"}, {"userName": "\u4e66\u53cb20170823112919741", "userReviewDate": "2018-05-03", "userURL": "https://my.qidian.com/user/307381238", "userReview": "\u53e6\u4e00\u672c\u4e66\u4e0d\u66f4\u5417\uff1f\u6211\u89c9\u90a3\u672c\u4e66\u5f88\u597d\u554a\uff01"}, {"userName": "\u6c5f\u83b1\u7684\u65e5\u5b50", "userReviewDate": "2018-05-03", "userURL": "https://my.qidian.com/user/306078230", "userReview": "\u5341\u4e94\u4e07\u4eba\u6c14\u6ca1\u6709\u8bc4\u8bba\u4e5f\u662f..."}], "description": "\u3010\u4e8c\u6b21\u5143\u7f51\u6587\u4e4b\u738b\uff1a\u4e00\u5e1d\u56db\u7687\u901a\u7f09\u4ee4\u3011\u53c2\u8d5b\u4f5c\u54c1", "title": "\u4ece\u7efc\u6f2b\u5230\u6e38\u620f", "url": "https://book.qidian.com/info/1011790745", "average": -1.0, "cover": "//qidian.qpic.cn/qdbimg/349573/1011790745/180", "reviews": -1, "authors": [{"url": "https://me.qidian.com/authorIndex.aspx?id=402227716", "name": "\u793c\u4e50\u5fa1\u4e66"}], "type": ["\u4e8c\u6b21\u5143", "\u53d8\u8eab\u5165\u66ff", "\u4e8c\u6b21\u5143"], "outlinks": ["https://book.qidian.com/info/1011790745", "https://book.qidian.com/info/1011066180", "https://book.qidian.com/info/1011066180", "https://book.qidian.com/info/1009954667", "https://book.qidian.com/info/1009954667", "https://book.qidian.com/info/1009669002", "https://book.qidian.com/info/1009669002", "https://book.qidian.com/info/1009596508", "https://book.qidian.com/info/1009596508", "https://book.qidian.com/info/1010663229", "https://book.qidian.com/info/1010663229", "https://book.qidian.com/info/3590795", "https://book.qidian.com/info/3590795", "https://book.qidian.com/info/1011776774", "https://book.qidian.com/info/1011776774", "https://book.qidian.com/info/1011747652", "https://book.qidian.com/info/1011747652", "https://book.qidian.com/info/1011443057", "https://book.qidian.com/info/1011977706", "https://book.qidian.com/info/1011970575", "https://book.qidian.com/info/1011722301", "https://book.qidian.com/info/1012058179", "https://book.qidian.com/info/1010868275", "https://book.qidian.com/info/1012020887", "https://book.qidian.com/info/1011904081"]}