{"ratings": 0.0, "userreviews": [{"userName": "VIP\u8001\u6deb\u5361", "userReviewDate": "5\u5c0f\u65f6\u524d", "userURL": "https://my.qidian.com/user/305382873", "userReview": "\u7b7e\u5230\u6c34\u7ecf\u9a8c"}, {"userName": "\u592a\u521d\u8f6e\u56de\u672c\u7eaa", "userReviewDate": "6\u5c0f\u65f6\u524d", "userURL": "https://my.qidian.com/user/215326976", "userReview": "\u7b7e\u5230\u6c34\u7ecf\u9a8c"}, {"userName": "VIP\u8001\u6deb\u5361", "userReviewDate": "18\u5c0f\u65f6\u524d", "userURL": "https://my.qidian.com/user/305382873", "userReview": "\u7b7e\u5230\u6c34\u7ecf\u9a8c"}, {"userName": "\u5929\u5143\u795e\u5c0a", "userReviewDate": "20\u5c0f\u65f6\u524d", "userURL": "https://my.qidian.com/user/161527711", "userReview": "\u4e0d\u5e94\u8be5\u662f\u5308\u5974\u5417\uff0c\u7a81\u53a5\u662f\u968b\u5510\u65f6\u671f\u7684"}, {"userName": "XX\u7279\u79d1", "userReviewDate": "\u6628\u65e513:20", "userURL": "https://my.qidian.com/user/122811706", "userReview": "\u770b\u4e0d\u4e0b\u53bb\uff0c\u8d85\u795e\u91cc\u6218\u4e89\u90fd\u6253\u8d77\u6765\u4e86\uff0c\u8bfb\u4e0d\u51fa\u4e00\u70b9\u7d27\u5f20\u611f"}, {"userName": "\u9b54\u661f\u8840\u715e", "userReviewDate": "2018-06-07", "userURL": "https://my.qidian.com/user/215266062", "userReview": "\u65e0\u804a\uff0c\u6211\u6700\u70e6\u7684\u5c31\u662f\u5e2e\u58a8\u5bb6\uff0c\u4ed6\u4eec\u7b80\u76f4\u5c31\u662f\u6bd2\u7624\uff0c\u4e00\u76f4\u60f3\u63a8\u5012\u79e6\u671d"}, {"userName": "\u53d1\u7535\u6210\u672c", "userReviewDate": "2018-06-07", "userURL": "https://my.qidian.com/user/202282252", "userReview": "\u7cfb\u7edf\u51fa\u4efb\u52a1\uff0c\u8981\u6c42\u653b\u7565\u5973\u4e3b\uff0c\u8fd9\u6837\u7684\u4e66\u6c38\u8fdc\u5783\u573e"}, {"userName": "\u4e5d\u5e7d\u68ee\u7f57", "userReviewDate": "2018-06-07", "userURL": "https://my.qidian.com/user/308928918", "userReview": "\u60f3\u8981\u5e72\u6389\u8346\u5929\u660e\u6572  1\u60f3\u8981\u5e72\u6389\u58a8\u5bb6\u6572   2\u60f3\u8981\u4e24\u4e2a\u90fd\u5e72\u6389\u7684\u6572   3"}, {"userName": "\u5929\u5143\u795e\u5c0a", "userReviewDate": "2018-06-07", "userURL": "https://my.qidian.com/user/161527711", "userReview": "\u9ad8\u6708\uff0c\u4e1c\u541b\uff0c\u7530\u8a00\uff0c\u6708\u795e\u8fd8\u4e0d\u51fa\u73b0\uff1f"}, {"userName": "VIP\u8001\u6deb\u5361", "userReviewDate": "2018-06-07", "userURL": "https://my.qidian.com/user/305382873", "userReview": "\u7b7e\u5230\u6c34\u7ecf\u9a8c"}, {"userName": "VIP\u8001\u6deb\u5361", "userReviewDate": "2018-06-07", "userURL": "https://my.qidian.com/user/305382873", "userReview": "\u7b7e\u5230\u6c34\u7ecf\u9a8c"}, {"userName": "\u4e66\u53cb20170510020819347", "userReviewDate": "2018-06-06", "userURL": "https://my.qidian.com/user/301514903", "userReview": "\u5475\u5475\n\u4e3b\u89d2\u76ee\u6d4b******\u4e00\u4e2a"}, {"userName": "\u706c\u4e03\u6e32\u67d3\u4e3f\u83ab\u4f24", "userReviewDate": "2018-06-06", "userURL": "https://my.qidian.com/user/202387637", "userReview": "\u6000\u7591\u672c\u4e66\u4e25\u91cd\u6709\u6bd2\uff0c\u90fd\u662f\u6709\u5251\u5fc3\u7684\u4eba\u4e86\uff0c\u5374\u8fd8\u5728\u8d85\u795e\u91cc\u7528\u62f3\u5934\u6253\u4eba\u5c31\u4e0d\u4f1a\u7528\u5251\u5417\uff1f\u6309\u7167\u524d\u9762\u7684\u8bf4\u6cd5\uff0c\u4e3b"}, {"userName": "\u4e66\u9b54\u706c\u53ea\u4e3a\u4e66\u72c2", "userReviewDate": "2018-06-06", "userURL": "https://my.qidian.com/user/229438498", "userReview": "\u91cd\u65b0\u5efa\u4e2a\u697c\uff0c\u4e00\u697c10\u5e01\uff0c\u767e\u697c\u4e00\u7ed3\uff0c10\u4e07\u5e01\u5c01\u9876\uff0c\u7ed9\u6211\u52a0\u4e2a\u7cbe\uff0c\u66f4\u65b0\u5427\uff01"}], "description": "\u661f\u6d77\u6f2b\u6e38\uff0c\u65f6\u7a7a\u7a7f\u68ad\uff0c\u673a\u68b0\u79d1\u6280\uff0c\u76ee\u6807\u662f\u672a\u77e5\u7684\u661f\u8fb0\u5927\u6d77\uff01", "title": "\u4ece\u8d85\u795e\u5b66\u9662\u5f00\u59cb\u7684\u7a7f\u8d8a\u65e5\u5e38", "url": "https://book.qidian.com/info/1010606730", "average": -1.0, "cover": "//qidian.qpic.cn/qdbimg/349573/1010606730/180", "reviews": -1, "authors": [{"url": "https://me.qidian.com/authorIndex.aspx?id=7607222", "name": "\u6211\u6b65\u5165\u5730\u72f1"}], "type": ["\u79d1\u5e7b", "\u65f6\u7a7a\u7a7f\u68ad"], "outlinks": ["https://book.qidian.com/info/1010606730", "https://book.qidian.com/info/1010563262", "https://book.qidian.com/info/1010563262", "https://book.qidian.com/info/1009999768", "https://book.qidian.com/info/1009999768", "https://book.qidian.com/info/1010242566", "https://book.qidian.com/info/1010242566", "https://book.qidian.com/info/1009810286", "https://book.qidian.com/info/1009810286", "https://book.qidian.com/info/1010841054", "https://book.qidian.com/info/1010841054", "https://book.qidian.com/info/1009352060", "https://book.qidian.com/info/1009352060", "https://book.qidian.com/info/1003635951", "https://book.qidian.com/info/1003635951", "https://book.qidian.com/info/1006889368", "https://book.qidian.com/info/1006889368", "https://book.qidian.com/info/1011814764", "https://book.qidian.com/info/1011636462", "https://book.qidian.com/info/1012011143", "https://book.qidian.com/info/1011989615", "https://book.qidian.com/info/1011979302", "https://book.qidian.com/info/1011962232", "https://book.qidian.com/info/1012020634", "https://book.qidian.com/info/1011923738", "https://book.qidian.com/info/1012020834", "https://book.qidian.com/info/1011973977"]}