{"ratings": 0.0, "userreviews": [{"userName": "\u96e8\u843d\u5929\u5149", "userReviewDate": "2018-05-16", "userURL": "https://my.qidian.com/user/169320168", "userReview": "\u53ef\u80fd\u662f\u6211\u5267\u770b\u7684\u4e0d\u591a\uff0c\u57fa\u672c\u4e0a\u6211\u770b\u8fc7\u7684\uff0c\u5176\u5b9e\u593a\u820d\u7684\u57fa\u672c\u6ca1\u6709\uff0c\u4e5f\u5c31\u4e00\u4e2a\u5f02\u5ea6\u9b54\u754c\u7684\u7389\u87fe\u5bab\u52c9\u5f3a\u80fd\u7b97\u3002"}, {"userName": "AC\u4e4b\u95f4", "userReviewDate": "4\u5206\u949f\u524d", "userURL": "https://my.qidian.com/user/104153729", "userReview": "\u7b11\u50b2\u7bc7\u5b8c\u7ed3\u4e4b\u9645\uff0c\u9739\u96f3\u9b42\u7206\u53d1\uff0c\u7ed9\u732a\u811a\u60f3\u4e86\u4e2a\u8bd7\u53f7\u4ee5\u5a31\u8bf8\u9053\u53cb\u3002\u8e0f\u8f6e\u56de\uff0c\u8bc1\u4eba\u4ed9\uff0c\u516c\u5b50\u65e0\u5fc3\uff0c\u5f26\u4e0a\u6709\u6625"}, {"userName": "\u5149\u4e4b\u5b50\u6700\u5149\u9634", "userReviewDate": "4\u5c0f\u65f6\u524d", "userURL": "https://my.qidian.com/user/217108347", "userReview": "\u867d\u7136\u6211\u53ea\u5bf9\u9739\u96f3\u7684\u5267\u60c5\u611f\u5174\u8da3\uff0c\u7b11\u50b2\u6c5f\u6e56\u6211\u66f4\u672c\u6ca1\u770b\uff0c\u4f46\u662f\u8fd8\u8981\u8bf4\u4e00\u58f0\uff0c\u4f5c\u8005\u5927\u5927\u5199\u7684\u5f88\u597d\uff0c\u52a0\u6cb9\uff3e\uff10"}, {"userName": "\u4e66\u53cb170107141901423", "userReviewDate": "5\u5c0f\u65f6\u524d", "userURL": "https://my.qidian.com/user/227858614", "userReview": "\u5199\u7684\u597d\u7b97\u662f\u6211\u770b\u9739\u96f3\u540c\u4eba\u91cc\u6700\u597d\u7684\uff0c\u5176\u4ed6\u7684\u8981\u4e0d\u662f\u5199\u7684\u903b\u8f91\u4e0d\u901a\uff0c\u8981\u4e0d\u5c31\u662f\u4e71\u4e03\u516b\u7cdf\uff0c\u6709\u7684\u76f4\u63a5\u4ece\u7b2c\u4e00"}, {"userName": "\u6ca7\u6d77\u9053\u4eba", "userReviewDate": "6\u5c0f\u65f6\u524d", "userURL": "https://my.qidian.com/user/214803451", "userReview": "\u9020\u53cd\u771f\u7684\u8fd9\u4e48\u968f\u610f\u5417\uff0c\u65e0\u5175\u65e0\u5c06\uff0c\u5c31\u9760\u5546\u4eba\u548c\u6587\u5b98\uff0c\u8fd8\u6709\u4e00\u7fa4\u6b66\u6797\u4eba\u58eb\uff01\u771f\u7684\u4e0d\u662f\u6211\u770b\u4e0d\u8d77\u4e3b\u89d2\uff0c\u4f4e\u6b66"}, {"userName": "\u95ea\u8000~~", "userReviewDate": "7\u5c0f\u65f6\u524d", "userURL": "https://my.qidian.com/user/200106558", "userReview": "\u8fd9\u4e1c\u65b9\u4e0d\u8d25\u7537\u7684\u8fd8\u662f\u5973\u7684\uff1f\uff1f\uff1f"}, {"userName": "\u4e66\u53cb20170725122852534", "userReviewDate": "14\u5c0f\u65f6\u524d", "userURL": "https://my.qidian.com/user/305796353", "userReview": "\u65e5\u5e38\u6c34\u7ecf\u9a8c"}, {"userName": "\u3010\u2237\u9f99\u543b\u2605\u3011", "userReviewDate": "14\u5c0f\u65f6\u524d", "userURL": "https://my.qidian.com/user/20111010", "userReview": "\u6bcf\u5929\u6c34\u7ecf\u9a8c"}, {"userName": "\u4f95\u6559\u5929\u673a\u5b50", "userReviewDate": "15\u5c0f\u65f6\u524d", "userURL": "https://my.qidian.com/user/219237191", "userReview": "\u8d70\u4e86\uff0c8\u4f60\u76848\u4e86"}, {"userName": "\u98ce\u9759\u4e91\u60a0", "userReviewDate": "16\u5c0f\u65f6\u524d", "userURL": "https://my.qidian.com/user/18605556", "userReview": "\u6512\u4e86\u591a\u5c11\u5b58\u7a3f\u4e86\uff0c\u597d\u4e45\u4e0a\u67b6\uff0c\u6211\u8981\u5168\u5b9a\uff0c\u4e0a\u67b6\u4ee5\u540e\u66f4\u65b0\u522b\u8fd9\u6837\uff0c\u592a\u5751\u7239\u4e86"}, {"userName": "\u623f\u95f4\u5916\u7684\u6735\u513f", "userReviewDate": "17\u5c0f\u65f6\u524d", "userURL": "https://my.qidian.com/user/212464686", "userReview": "\u7b11\u50b2\u4f30\u8ba1\u8fd8\u6709\u591a\u5c11\u7ae0\u5199\u5b8c \u770b\u5f97\u60f3\u5410\u4e86  \u5148\u517b\u7740\u7b49\u7b11\u50b2\u5199\u5b8c\u5728\u770b"}, {"userName": "\u82cd\u5929\u65e0\u5c18", "userReviewDate": "18\u5c0f\u65f6\u524d", "userURL": "https://my.qidian.com/user/1099061", "userReview": "\u4f30\u8ba1\u66f4\u4e0d\u4e86\u4ec0\u4e48\u4e86\uff0c\u8fdb\u5bab\u7684\u51e0\u7387\u5f88\u5927\uff01"}, {"userName": "AC\u4e4b\u95f4", "userReviewDate": "18\u5c0f\u65f6\u524d", "userURL": "https://my.qidian.com/user/104153729", "userReview": "\u9884\u8ba1\u4e0b\u4e00\u7ae0(\u5373\u7b2c48\u7ae0)\u5c06\u51fa\u73b0\u5c2c\u5230\u70b8\u7684\u60c5\u8282\u6216\u5bf9\u767d\uff0c\u52a3\u8005\u51c6\u5907\u7b49\u66f4\u65b0\uff0c\u770b\u5b8c\u518d\u7761\u3002\u65e0\u6bd4\u671f\u5f85\uff0c\u54c8\u54c8"}, {"userName": "\u672b\u65e5\u6625\u54e5", "userReviewDate": "18\u5c0f\u65f6\u524d", "userURL": "https://my.qidian.com/user/214291897", "userReview": "\u82e6\u5883\uff5e\u662f\u4ec0\u4e48\uff0c\u5c0f\u8bf4\uff0c\u7535\u5f71\uff0c\u8fd8\u662f\u7535\u89c6\u5267\uff0c\u540a\u5927\u7684\u7ed9\u529b\u7684\uff0c\u9ebb\u70e6\u544a\u8bc9\u4e00\u4e0b\uff0c\u597d\u4eba\u4e00\u751f\u5e73\u5b89O(\u2229_\u2229)"}], "description": "\u5fc3\u6f6e\u6f8e\u6e43\uff0c\u65e0\u9650\u5e7b\u60f3\uff0c\u8fce\u98ce\u6325\u51fb\u5343\u5c42\u6d6a\uff0c\u5c11\u5e74\u4e0d\u8d25\u70ed\u8840\uff01", "title": "\u4ece\u82e6\u5883\u5f00\u59cb\u5f53\u4e3b\u795e", "url": "https://book.qidian.com/info/1011856434", "average": -1.0, "cover": "//qidian.qpic.cn/qdbimg/349573/1011856434/180", "reviews": -1, "authors": [{"url": "https://me.qidian.com/authorIndex.aspx?id=4092891", "name": "\u5f26\u4e0a\u6709\u6625\u79cb"}], "type": ["\u7384\u5e7b", "\u4e1c\u65b9\u7384\u5e7b"], "outlinks": ["https://book.qidian.com/info/1011856434", "https://book.qidian.com/info/1010389683", "https://book.qidian.com/info/1010389683", "https://book.qidian.com/info/1005032527", "https://book.qidian.com/info/1005032527", "https://book.qidian.com/info/1009607977", "https://book.qidian.com/info/1009607977", "https://book.qidian.com/info/1004183090", "https://book.qidian.com/info/1004183090", "https://book.qidian.com/info/1007386189", "https://book.qidian.com/info/1007386189", "https://book.qidian.com/info/1010473765", "https://book.qidian.com/info/1010473765", "https://book.qidian.com/info/1003813814", "https://book.qidian.com/info/1003813814", "https://book.qidian.com/info/1011988403", "https://book.qidian.com/info/1009595922", "https://book.qidian.com/info/1011844784", "https://book.qidian.com/info/1011892497", "https://book.qidian.com/info/1011095320", "https://book.qidian.com/info/1011996851", "https://book.qidian.com/info/1011856434", "https://book.qidian.com/info/1011879207", "https://book.qidian.com/info/1011833256", "https://book.qidian.com/info/1011967674"]}