{"ratings": 0.0, "userreviews": [{"userName": "\u708e\u51b0\u706b\u51e4", "userReviewDate": "2\u5c0f\u65f6\u524d", "userURL": "https://my.qidian.com/user/114152276", "userReview": "\u6709\u88d9\u5417\uff0c\u6211\u8981\u8c03\u620f\u4f5c\u8005"}, {"userName": "\u708e\u51b0\u706b\u51e4", "userReviewDate": "3\u5c0f\u65f6\u524d", "userURL": "https://my.qidian.com/user/114152276", "userReview": "\u5176\u5b9e\u662f\u56e0\u4e3a\u53e6\u5916\u4e00\u672c\u4e66\u8fc7\u6765\u770b\u7684\uff0c\u4f46\u662f\u611f\u89c9\u4e66\u4e0d\u662f\u5f88\u5408\u81ea\u5df1\u53e3\u5473\uff0c\u5c31\u6ca1\u8ffd\uff0c\u4e0d\u8fc7\u770b\u89c1\uff0c\u4f5c\u8005\u5c45\u7136\u8fd9\u4e48\u540a"}, {"userName": "\u8d75\u5029\u4fd0031002", "userReviewDate": "4\u5c0f\u65f6\u524d", "userURL": "https://my.qidian.com/user/3344863", "userReview": "\u5747\u8ba2\u4e5f\u592a\u5c11\u4e86\u5427\uff1f"}, {"userName": "\u841d00\u8389XX\u63a7", "userReviewDate": "15\u5c0f\u65f6\u524d", "userURL": "https://my.qidian.com/user/178519995", "userReview": "\u4eca\u5929\u9ad8\u8003\uff01\u795d\u5404\u4f4d\u8003\u751f\u6251\u8857\uff01\uff01\uff01\u90fd\u9ad8\u8003\u4e86\u8fd8\u770b\u5c0f\u8bf4\u73a9\u8bc4\u8bba\uff0c\u4e0d\u6251\u8857\u6ca1\u5929\u7406\uff01\uff1f"}, {"userName": "\u5308\u5974\u6cd5\u5e08", "userReviewDate": "15\u5c0f\u65f6\u524d", "userURL": "https://my.qidian.com/user/4488501", "userReview": "\u6709\u7fa4\u8c08\u8bba\u65b9\u4fbf\u4e9b"}, {"userName": "\u9ad8\u6fb31987", "userReviewDate": "2018-06-07", "userURL": "https://my.qidian.com/user/215277517", "userReview": "\u8fd8\u597d\u4e86\uff0c\u770b\u7740\u4e0d\u9519"}, {"userName": "\u4e66\u53cb160923105737131", "userReviewDate": "2018-06-06", "userURL": "https://my.qidian.com/user/223172727", "userReview": "\u53cc\u67aa\u5c06\u8463\u5e73\u540d\u58f0\u5f88\u5dee\u5427\uff0c\u57fa\u672c\u6c34\u6d52\u7a7f\u8d8a\u5fc5\u6740\u4e4b\u4eba\u4e86\ud83d\ude2a\ud83d\ude2a\ud83d\ude2a\u5c31\u6ca1\u6709\u522b\u7684\u6881\u5c71\u597d\u6c49\u4e86\u5417"}, {"userName": "\u964c\u8def\u5fae\u96ea", "userReviewDate": "2018-06-05", "userURL": "https://my.qidian.com/user/212016773", "userReview": "\u4e66\u5f88\u597d\u770b\uff0c\u4f5c\u8005\u52a0\u6cb9"}, {"userName": "\u5815\u843d~\u5929\u4f7f", "userReviewDate": "2018-06-05", "userURL": "https://my.qidian.com/user/1254158", "userReview": "\u5199\u7684\u600e\u4e48\u6837\uff0c\u597d\u770b\u5417\uff1f"}, {"userName": "\u4e0d\u89ba\u5df2\u5343\u5e74\uff0e\u5922\u4e0d\u89ba", "userReviewDate": "2018-06-04", "userURL": "https://my.qidian.com/user/201577934", "userReview": "\u81f3\u5c11\u6709\u59cb\u6709\u7d42\u5427\uff0c\u6709\u4e9b\u6545\u4e8b\u5f8c\u9762\u53ef\u4ee5\u505a\u500b\u7d50\u5c3e\uff0c\u800c\u4e0d\u662f\u4e00\u4e0b\u5b50\u5c31\u8df3\u4e0b\u4e00\u7ae0\u611f\u89ba\u4e0d\u4e0a\u4e0d\u4e0b\u7684"}, {"userName": "\u6668\u706c\u66e6\u9633\u5202", "userReviewDate": "2018-06-04", "userURL": "https://my.qidian.com/user/203023124", "userReview": "[fn=4]\u4f5c\u8005 \u4f60\u61c2\u7684\u554a  \u50ac\u66f4\uff01 \u3010\u5bb9\u6211\u628a\u8fd9\u7834\u4e66\u9876\u8d77\u6765\u3011"}, {"userName": "\u5929\u6daf\u5f1f\u5f1f", "userReviewDate": "2018-06-03", "userURL": "https://my.qidian.com/user/222409156", "userReview": "\u54ce\uff0c\u591a\u8c22\u8001\u767d\u3002\u542c\u4e66\u770b\u620f\u8fd8\u8981\u95e8\u7968\uff0c\u9ad8\u5174\u4e86\u80af\u5b9a\u4e5f\u4f1a\u6709\u6253\u8d4f\uff0c\u4f55\u51b5\u662f\u4f60\u5c3d\u5fc3\u5c3d\u529b\u7684\u5199\u5c0f\u8bf4\uff0c\u6211\u8fd9\u624d\u54ea\u8ddf"}, {"userName": "\u841d00\u8389XX\u63a7", "userReviewDate": "2018-06-03", "userURL": "https://my.qidian.com/user/178519995", "userReview": "\u4e3a\u5565\u770b\u4e86\u4f5c\u8005\u83cc\u7684\u7c89\u4e1d\u699c\uff0c\u4e00\u80a1\u6251\u8857\u4e4b\u98ce\u8fce\u9762\u800c\u6765\uff1f\uff1f"}, {"userName": "\u5929\u6daf\u5f1f\u5f1f", "userReviewDate": "2018-06-03", "userURL": "https://my.qidian.com/user/222409156", "userReview": "\u6211\u521a\u624d\u6295\u4e86\u4e00\u5f20\u63a8\u8350\u7968\u53d1\u73b0\u63a8\u8350\u79681oo86\ud83d\ude02\ud83d\ude02\ud83d\ude02"}], "description": "\u9192\u638c\u5929\u4e0b\u6743\uff0c\u9189\u5367\u7f8e\u4eba\u819d\uff0c\u4e94\u5343\u5e74\u98ce\u534e\u70df\u96e8\uff0c\u662f\u975e\u6210\u8d25\u8f6c\u5934\u7a7a\uff01", "title": "\u4ece\u8bfe\u672c\u8d70\u5411\u5386\u53f2", "url": "https://book.qidian.com/info/1011451252", "average": -1.0, "cover": "//qidian.qpic.cn/qdbimg/349573/1011451252/180", "reviews": -1, "authors": [{"url": "https://me.qidian.com/authorIndex.aspx?id=6458577", "name": "\u58a8\u5b88\u767d"}], "type": ["\u5386\u53f2", "\u4e24\u664b\u968b\u5510"], "outlinks": ["https://book.qidian.com/info/1011451252", "https://book.qidian.com/info/1011025064", "https://book.qidian.com/info/1011025064", "https://book.qidian.com/info/1011097497", "https://book.qidian.com/info/1011097497", "https://book.qidian.com/info/1004985944", "https://book.qidian.com/info/1004985944", "https://book.qidian.com/info/1006894811", "https://book.qidian.com/info/1006894811", "https://book.qidian.com/info/1005405504", "https://book.qidian.com/info/1005405504", "https://book.qidian.com/info/1005064061", "https://book.qidian.com/info/1005064061", "https://book.qidian.com/info/1003352971", "https://book.qidian.com/info/1003352971", "https://book.qidian.com/info/1005312852", "https://book.qidian.com/info/1005312852", "https://book.qidian.com/info/1011008905", "https://book.qidian.com/info/1011008905", "https://book.qidian.com/info/1011800596", "https://book.qidian.com/info/1010891668", "https://book.qidian.com/info/1011773910", "https://book.qidian.com/info/1011783347", "https://book.qidian.com/info/1011643843", "https://book.qidian.com/info/1011476924", "https://book.qidian.com/info/1011635441", "https://book.qidian.com/info/1009999928", "https://book.qidian.com/info/1006932473", "https://book.qidian.com/info/1005080011"]}