{"ratings": 0.0, "userreviews": [{"userName": "\u5973\u6fa1\u5802\u4e13\u4e1a\u6413\u6fa1\u5de5", "userReviewDate": "48\u5206\u949f\u524d", "userURL": "https://my.qidian.com/user/170712803", "userReview": "\u8fd9\u4e66\u628a\u6b66\u5c06\u7684\u80fd\u529b\u65e0\u9650\u653e\u5927\u4e86\uff0c\u51e0\u4e2a\u9876\u7ea7\u6b66\u5c06\u5728\u4e07\u519b\u4e2d\u6765\u53bb\u81ea\u5982\uff0c\u4e3b\u89d2\u8fd9\u70b9\u5b9e\u529b\u8981\u4e0d\u662f\u4f5c\u8005\u5f00\u6302\u6b7b\u4fdd\u65e9"}, {"userName": "sk\u5b88\u62a4\u661f\u5ea7ty", "userReviewDate": "3\u5c0f\u65f6\u524d", "userURL": "https://my.qidian.com/user/301912067", "userReview": "\u7b7e\u5230\u6c34\u91ccmix"}, {"userName": "sk\u5b88\u62a4\u661f\u5ea7ty", "userReviewDate": "3\u5c0f\u65f6\u524d", "userURL": "https://my.qidian.com/user/301912067", "userReview": "\u7b7e\u5230\u6c34\u7ecf\u9a8c"}, {"userName": "sk\u5b88\u62a4\u661f\u5ea7ty", "userReviewDate": "3\u5c0f\u65f6\u524d", "userURL": "https://my.qidian.com/user/301912067", "userReview": "\u5e0c\u671b\u540e\u671f\u80fd\u770b\u5230\u5175\u56e2\u7cbe\u5f69\u7684\u8868\u73b0\uff0c\u611f\u89c9\u4e00\u76f4\u90fd\u662f\u4ed6\u4eec\u51e0\u4e2a\u9876\u5c16\u7684\u6253\u6765\u6253\u53bb"}, {"userName": "\u5415\u5929\u867e11643", "userReviewDate": "3\u5c0f\u65f6\u524d", "userURL": "https://my.qidian.com/user/314893494", "userReview": "\u7b7e\u5230\u6c34\u4e94\u5b57"}, {"userName": "\u6ca1\u5fc3\u6ca1\u80ba\u5f97\u6d3b\u7740", "userReviewDate": "7\u5c0f\u65f6\u524d", "userURL": "https://my.qidian.com/user/201674257", "userReview": "\u7b2c\u4e00\u6b21\u7ed9\u4f5c\u54c1\u6253\u8d4f\u3002\u73b0\u5728\u5efa\u4e2a\u6253\u8d4f\u697c\u30021\u697c1\u5e01\uff01\u767e\u697c\u4e00\u7ed3\uff01\u7a77\u4eba\u4e00\u679a\u6ca1\u529e\u6cd5\uff0c\u8bf7\u5927\u5bb6\u591a\u591a\u652f\u6301\u3002"}, {"userName": "sk\u5b88\u62a4\u661f\u5ea7ty", "userReviewDate": "24\u5c0f\u65f6\u524d", "userURL": "https://my.qidian.com/user/301912067", "userReview": "\u7b7e\u5230\u6c34\u7ecf\u9a8c"}, {"userName": "sk\u5b88\u62a4\u661f\u5ea7ty", "userReviewDate": "24\u5c0f\u65f6\u524d", "userURL": "https://my.qidian.com/user/301912067", "userReview": "\u7b7e\u5230\u6c34\u7ecf\u9a8c"}, {"userName": "\u8f69\u8f95\u7d2b\u591cm", "userReviewDate": "\u6628\u65e507:38", "userURL": "https://my.qidian.com/user/302251248", "userReview": "\u7b7e\u5230\u6df7\u7ecf\u9a8c"}, {"userName": "\u732a\u516b\u6212zZ", "userReviewDate": "2018-06-07", "userURL": "https://my.qidian.com/user/227705799", "userReview": "\u5e0c\u671b  \u662f\u4e89\u9738\u6587  \u4e0d\u662f\u7384\u5e7b\u6587"}, {"userName": "\u5047\u9c7c", "userReviewDate": "2018-06-06", "userURL": "https://my.qidian.com/user/76574", "userReview": "\u611f\u89c9\u5199\u54ea\u7b97\u54ea\u7684\u6837\u5b50"}, {"userName": "sk\u5b88\u62a4\u661f\u5ea7ty", "userReviewDate": "2018-06-06", "userURL": "https://my.qidian.com/user/301912067", "userReview": "\u7b7e\u5230\u6c34\u7ecf\u9a8c"}, {"userName": "sk\u5b88\u62a4\u661f\u5ea7ty", "userReviewDate": "2018-06-06", "userURL": "https://my.qidian.com/user/301912067", "userReview": "\u7b7e\u5230\u6c34\u7ecf\u9a8c"}, {"userName": "\u7834\u2606\u6653", "userReviewDate": "2018-06-06", "userURL": "https://my.qidian.com/user/162655908", "userReview": "\u7b7e\u5230\u6df7\u7ecf\u9a8c[fn=57]"}], "description": "\u8086\u610f\u6325\u6d12\u6fc0\u60c5\u7684\u6e38\u620f\u4eba\u751f\uff0c\u6253\u7834\u73b0\u5b9e\u6846\u67b6\u7684\u65e0\u5c3d\u5e7b\u60f3\uff01", "title": "\u4ece\u8352\u5c9b\u5f00\u59cb\u4e89\u9738", "url": "https://book.qidian.com/info/1011203795", "average": -1.0, "cover": "//qidian.qpic.cn/qdbimg/349573/1011203795/180", "reviews": -1, "authors": [{"url": "https://me.qidian.com/authorIndex.aspx?id=2969856", "name": "\u6012\u7b11"}], "type": ["\u6e38\u620f", "\u6e38\u620f\u5f02\u754c"], "outlinks": ["https://book.qidian.com/info/1011203795", "https://book.qidian.com/info/1009894690", "https://book.qidian.com/info/1009894690", "https://book.qidian.com/info/1005005822", "https://book.qidian.com/info/1005005822", "https://book.qidian.com/info/1009382296", "https://book.qidian.com/info/1009382296", "https://book.qidian.com/info/1010938961", "https://book.qidian.com/info/1010938961", "https://book.qidian.com/info/1010922231", "https://book.qidian.com/info/1010922231", "https://book.qidian.com/info/1009527873", "https://book.qidian.com/info/1009527873", "https://book.qidian.com/info/3017137", "https://book.qidian.com/info/3017137", "https://book.qidian.com/info/1004151306", "https://book.qidian.com/info/1004151306", "https://book.qidian.com/info/1011944539", "https://book.qidian.com/info/1011967882", "https://book.qidian.com/info/1011856614", "https://book.qidian.com/info/1011979301", "https://book.qidian.com/info/1010667415", "https://book.qidian.com/info/1011736169", "https://book.qidian.com/info/1011797289", "https://book.qidian.com/info/1011808514", "https://book.qidian.com/info/1011901619", "https://book.qidian.com/info/1011962316"]}