{"ratings": 0.0, "userreviews": [{"userName": "\u8fd9\u4e2a\u7b11\u5bb9\u6211\u6765\u5b88\u62a4", "userReviewDate": "2017-10-08", "userURL": "https://my.qidian.com/user/190469584", "userReview": "\u8dea\u6c42\u8dea\u6c42\uff01\uff01\uff01"}, {"userName": "\u771e\u660e", "userReviewDate": "2017-09-22", "userURL": "https://my.qidian.com/user/214680662", "userReview": "\u4f5c\u8005\u4f60\u7b2c\u4e00\u7ae0\u5462    \u6ca1\u7b2c\u4e00\u7ae0\u548b\u770b"}, {"userName": "\u9e25\u626c\u914c\u72f1", "userReviewDate": "2017-08-03", "userURL": "https://my.qidian.com/user/217979412", "userReview": "\u5efa\u4e2a\u7b7e\u5230\u697c\uff0c\u4e00\u697c\u5341\u5e01\uff0c\u4e00\u767e\u697c\u7ed3\u4e00\u6b21\u3002"}, {"userName": "654826", "userReviewDate": "2018-05-20", "userURL": "https://my.qidian.com/user/218860603", "userReview": "\u6211\u5168\u5b9a\u4e86  \u771f\u7684\u540e\u6094\u4e86 \u91cc\u9762\u4f60\u80fd\u60f3\u5230\u7684\u6bd2\u70b9\u90fd\u6709 \u7b2c\u4e8c\u6b3e\u5927\u6742\u70e9 \u5404\u79cd\u52a8\u6f2b\u90fd\u6709 \u7ed3\u679c\u5168\u662f\u8def\u4eba "}, {"userName": "\u6025\u901f\u70ab\u98ce", "userReviewDate": "2018-05-16", "userURL": "https://my.qidian.com/user/170305507", "userReview": "\u7b7e\u5230\u6c34\u7ecf\u9a8c[fn=2]"}, {"userName": "\u7834\u77f3\u5934\u4e4b\u95e8\u7684\u6e38\u620f\u4eba\u751f", "userReviewDate": "2018-04-18", "userURL": "https://my.qidian.com/user/310625698", "userReview": "\u7b2c\u4e00\u4e2a\u4e16\u754c\u4ece\u96f6\u5199\u7684\u4e0d\u9519 \u4f46\u7b2c\u4e8c\u4e2a\u4e16\u754c\u7537\u4e3b\u5931\u5fc6 \u96f7\u59c6\u5931\u8e2a\u5c31\u6709\u70b9\u90a3\u5565\u4e86\u5427"}, {"userName": "\u4e0d\u6094\u66fe\u7ecf\u7684\u9009\u62e9", "userReviewDate": "2018-04-08", "userURL": "https://my.qidian.com/user/220407346", "userReview": "\u516b\u5e74\u4e66\u866b\u4e2a\u4eba\u611f\u89c9RE\u5377\u662f\u6700\u5927\u7684\u770b\u70b9\uff0c\u4eba\u7269\u523b\u753b\u5f88\u4e30\u6ee1\uff0c\u867d\u7136\u5267\u60c5\u6709\u4e9b\u642c\u5957\uff0c\u4f46\u603b\u4f53\u6765\u8bf4\u80fd\u8ba9\u4eba\u5f15\u53d1"}, {"userName": "\u7d2b\u8272\u7684\u5a01\u4e25", "userReviewDate": "2018-04-08", "userURL": "https://my.qidian.com/user/312424899", "userReview": "\u8fd9\u672c\u5c0f\u8bf4\u662f\u771f\u6709\u6bd2\uff0c\u6211330\u7c89\u4e1d\u503c\u724c108\u4f4d"}, {"userName": "\u4e66\u53cb20170814195845290", "userReviewDate": "2018-04-02", "userURL": "https://my.qidian.com/user/306922082", "userReview": "\u8fd9\u672c\u4e66\u53ef\u80fd\u4e0d\u597d\u770b\uff0c\u56e0\u4e3a\u6ca1\u6709\u82b1\u5f00\u516d\u5341\u4e09\u7684\u5e7f\u544a"}, {"userName": "\u4e66\u53cb150502202615454", "userReviewDate": "2018-04-02", "userURL": "https://my.qidian.com/user/202035767", "userReview": "\u8fd9\u672c\u4e66\u6cbe\u4e86\u52a8\u6f2b\u7684\u5149\uff0c\u611f\u89c9\u4e66\u4e2d\u7684\u4e3b\u89d2\u5b8c\u5168\u662f\u7ed9\u52a8\u6f2b\u4e3b\u89d2\u64e6\u5c41\u80a1\u7684\u5b58\u5728\uff0c\u5bf9\u4e0d\u8d77\uff0c\u6211\u8bf4\u9519\u4e86\uff0c\u611f\u89c9\u6709\u597d"}, {"userName": "\u8352\u53e4\u9690\u79d8", "userReviewDate": "2018-04-02", "userURL": "https://my.qidian.com/user/303036086", "userReview": "\u540c\u4eba\u754c\u2014\u2014\u5200\u5251\u795e\u57df\u7b2c\u4e00\u5377\uff0c\u6c42\u2014\u2014\u5173\u6ce8\u3002\u5927\u795e\u63a5\u4e2a\u4f4d\u7f6e\u2014\u2014\u5df2\u7ecf\u8ba2\u9605\u4f60\u7684\u7b2c\u4e00\u7ae0\u2014\u2014\u8868\u793a\u4e00\u4e0b\u3002"}, {"userName": "\u82b1\u989c\u8bf1\u4eba\u9189\u901d", "userReviewDate": "2018-04-01", "userURL": "https://my.qidian.com/user/306979498", "userReview": "\u4f5c\u8005\u52a0\u6cb9\uff01\u559c\u6b22\u4ece\u96f6\u5377"}, {"userName": "\u5a07\u4e09\u63a7", "userReviewDate": "2018-03-31", "userURL": "https://my.qidian.com/user/228764820", "userReview": "\u7b2c\u4e00\u5377\uff0c\u4f5c\u8005\u4f60\u8001\u5b9e\u8bf4\uff0c\u91cc\u9762\u7684\u4eba\u90fd\u662f\u6709\u8840\u6709\u8089\u7684\u4f46\u662f\u6211\u603b\u662f\u611f\u89c9\u4e0d\u5230\u4f60\u6709\u54ea\u4e9b\u523b\u753b\uff0c\u611f\u89c9\u5c31\u597d\u50cf\u5728\u8fd9"}, {"userName": "\u5415\u5929\u867e4385", "userReviewDate": "2018-03-28", "userURL": "https://my.qidian.com/user/313353834", "userReview": "\u80fd\u7206\u66f4\u5417\u3002\u6c42\u7206\u554a\u3002 \u76d7\u7248\u90fd\u6ca1\u6709\u53bb \u4e00\u76f4\u5728\u8ffd\u3002\u770b\u7684\u5f88\u4e0d\u723d     \u6c42\u7206\u66f4\u3002\u76d6\u697c  \u76d6\u697c \u6c42\u7206"}], "description": "\u6fc0\u840c\u7684\u841d\u8389\uff0c\u70ed\u8840\u7684\u5c11\u5e74\uff0c\u4e3a\u6253\u7834\u6b21\u5143\u58c1\u4e00\u5f80\u65e0\u524d\uff01", "title": "\u4ece\u96f6\u5f00\u59cb\u7684\u7a7f\u8d8a\u751f\u6daf", "url": "https://book.qidian.com/info/1005166711", "average": -1.0, "cover": "//qidian.qpic.cn/qdbimg/349573/1005166711/180", "reviews": -1, "authors": [{"url": "https://me.qidian.com/authorIndex.aspx?id=10243218", "name": "\u6210\u6709\u9053"}], "type": ["\u4e8c\u6b21\u5143", "\u884d\u751f\u540c\u4eba", "\u4e8c\u6b21\u5143"], "outlinks": ["https://book.qidian.com/info/1005166711", "https://book.qidian.com/info/1010207546", "https://book.qidian.com/info/1010207546", "https://book.qidian.com/info/1004979702", "https://book.qidian.com/info/1004979702", "https://book.qidian.com/info/1010676216", "https://book.qidian.com/info/1010676216", "https://book.qidian.com/info/1010858722", "https://book.qidian.com/info/1010858722", "https://book.qidian.com/info/1009596508", "https://book.qidian.com/info/1009596508", "https://book.qidian.com/info/1010627500", "https://book.qidian.com/info/1010627500", "https://book.qidian.com/info/1010551173", "https://book.qidian.com/info/1010551173", "https://book.qidian.com/info/1010575923", "https://book.qidian.com/info/1010575923", "https://book.qidian.com/info/1012121834", "https://book.qidian.com/info/1012121834", "https://book.qidian.com/info/1011443057", "https://book.qidian.com/info/1011977706", "https://book.qidian.com/info/1011970575", "https://book.qidian.com/info/1011722301", "https://book.qidian.com/info/1012058179", "https://book.qidian.com/info/1010868275", "https://book.qidian.com/info/1012020887", "https://book.qidian.com/info/1011904081"]}