{"ratings": 0.0, "userreviews": [{"userName": "\u597d\u5a03\u54c7", "userReviewDate": "2017-12-16", "userURL": "https://my.qidian.com/user/193047847", "userReview": "\u597d\u5a03\u54c7\u6253\u8d4f\u98ce\u90bb\u6669 100000\u8d77\u70b9\u5e01  \u8fd9\u672c\u4e66\u5199\u7684\u592a\u597d\u4e86,\u7292\u52b3\u4e00\u4e0b\u5e0c\u671b\u540e\u7eed\u66f4\u7cbe\u5f69!"}, {"userName": "\u846c\u9f992017", "userReviewDate": "4\u5c0f\u65f6\u524d", "userURL": "https://my.qidian.com/user/219175564", "userReview": "\u8fd9\u51e0\u5f20\u5199\u7684\u4ec0\u4e48\u4e1c\u897f\uff0c\u4e00\u8fb9\u8bf4\u5229\u5df1\u4e3b\u4e49\u8005\uff0c\u4e00\u8fb9\u4e0d\u987e\u6539\u53d8\u5267\u60c5\u5343\u91cc\u8fe2\u8fe2\u8dd1\u5230\u65e5\u672c\u6740\u5929\u7687\uff0c\u8fd9\u4e9b\u6709\u4ec0\u4e48\u610f"}, {"userName": "\u846c\u9f992017", "userReviewDate": "7\u5c0f\u65f6\u524d", "userURL": "https://my.qidian.com/user/219175564", "userReview": "\u7b7e\u5230\u4e94\u4e2a\u5b57"}, {"userName": "\u9eef\u6b87\u90aa\u9f20", "userReviewDate": "8\u5c0f\u65f6\u524d", "userURL": "https://my.qidian.com/user/201015362", "userReview": "\u624d\u770b\u4e8640\u591a\u7ae0\uff0c\u597d\u591a\u9519\u5b57\u6f0f\u5b57\uff0c\u611f\u89c9\u50cf\u770b\u76d7\u7248\u4e00\u6837\uff0c\u4e0d\u77e5\u9053\u540e\u9762\u662f\u4e0d\u662f\u4e5f\u8fd9\u6837"}, {"userName": "\u5047\u5982\u70b9\u5a18\u9001\u6211\u4e00\u5343\u4e07\u70b9\u5e01", "userReviewDate": "11\u5c0f\u65f6\u524d", "userURL": "https://my.qidian.com/user/316235734", "userReview": "\u597d\u4e0d\u5bb9\u6613\u624d\u6512\u4e86500\u7ecf\u9a8c\u7ec8\u4e8e\u53ef\u4ee5\u8bf4\u8bdd\u4e86\uff01\u90a3\u4e2a\u5565\u5176\u5b9e\u80ce\u76d8\u542b\u6709\u4e30\u5bcc\u7684\u8425\u517b\u7ecf\u5e38\u5403\u6709\u76ca\u5065\u5eb7\uff0c\u4f60\u4eec\u7edd"}, {"userName": "\u5047\u5982\u70b9\u5a18\u9001\u6211\u4e00\u5343\u4e07\u70b9\u5e01", "userReviewDate": "12\u5c0f\u65f6\u524d", "userURL": "https://my.qidian.com/user/316235734", "userReview": "\u6211\u53d1\u73b0\u4e00\u4e2a\u9a9a\u64cd\u4f5c\u8fc7\u7a0b\u662f\u8fd9\u6837\u7684\uff01\u90a3\u65f6\u5019\u6211\u6b63\u5728\u63a5\u751f\u4e0d\u5c0f\u5fc3\u628a\u624b\u673a\u6454\u574f\u4e86\uff0c\u7136\u540e\u4fee\u624b\u673a\u8981\u597d\u51e0\u5929\u6211\u5c31\u53c8"}, {"userName": "\u5415\u5929\u867e12857", "userReviewDate": "14\u5c0f\u65f6\u524d", "userURL": "https://my.qidian.com/user/315465978", "userReview": "\u7b7e\u5230\u914b\u653e\u5f03"}, {"userName": "\u310d\u540e\u6765", "userReviewDate": "2018-06-07", "userURL": "https://my.qidian.com/user/226351894", "userReview": "\u6587\u7b14\u6709\u5f85\u52a0\u5f3a \u7ae0\u8282\u5e73\u6de1 \u8df3\u7740\u770b\u57fa\u672c\u6ca1\u5f71\u54cd"}, {"userName": "\u6885\u80af\u706b\u67aa", "userReviewDate": "2018-06-07", "userURL": "https://my.qidian.com/user/195152327", "userReview": "\u63a8\u8350\u6211\u8fd9\u672c\u4e66\u2026\u2026\u56e0\u4e3a\u770b\u8fc7\u5927\u7a7f\u8d8a\u65f6\u4ee3\uff0c\u90a3\u4e48\u95ee\u9898\u6765\u4e86\uff0c\u8fd9\u91cc\u9762\u6709\u6ee1\u4e16\u754c\u79cd\u8611\u83c7\uff0c\u5f3a\u884c\u53d7\u5b55\u5973\u7a7f\u8d8a\u8005\u7684"}, {"userName": "\u5047\u88c5\u6709\u4e2a\u540d\u5b57", "userReviewDate": "2018-06-07", "userURL": "https://my.qidian.com/user/224945667", "userReview": "\u8bf4\u5b9e\u8bdd\uff0c\uff0c\u4ee5\u524d\u770b\u8fc7\u4e00\u672c\u5f88\u4e0d\u9519\u7684\u7efc\u6f2b\uff0c\uff0c\u7ed3\u679c\u88ab\u79cd\u9a6c\u6076\u5fc3\u8d70\u4e86\uff0c\uff0c\u867d\u8bf4\u90a3\u91cc\u9762\u611f\u60c5\u63cf\u5199\u7684\u8fd8\u4e0d\u9519\uff0c\uff0c"}, {"userName": "\u7eaf\u6d01\u7684\u9b54\u738b", "userReviewDate": "2018-06-07", "userURL": "https://my.qidian.com/user/212611701", "userReview": "\u867d\u7136k\u6ca1\u770b\u8fc7 \u4f46\u770b\u5230\u8bc4\u8bba888\u6761\u8fd8\u662f\u5fcd\u4e0d\u4f4f\u63d2\u4e00\u4e0b"}, {"userName": "\u8bf8\u5929\u9053\u4eba", "userReviewDate": "2018-06-07", "userURL": "https://my.qidian.com/user/306317245", "userReview": "\u63a8\u8350\u4e86\uff0c\u4e94\u661f\u8bc4\u4ef7\u4e86\u3002\u98d8\u8fc7"}, {"userName": "\u4e0d\u77e5\u9053\u7684\u8717\u725b", "userReviewDate": "2018-06-06", "userURL": "https://my.qidian.com/user/308059768", "userReview": "\u8ba9\u6211\u60f3\u8d77\u4e86\u5d29\u574f"}, {"userName": "Vesalius", "userReviewDate": "2018-06-06", "userURL": "https://my.qidian.com/user/229433492", "userReview": "\u8fd9\u672c\u4e66\u6700\u5927\u7684\u95ee\u9898\uff0c\u6211\u611f\u89c9\u5c31\u662f\u7528\u8bcd\u95ee\u9898\u3002\u3002\u3002\u3002\u7c97\u53e3\u5f20\u53e3\u5c31\u6765\uff0c\u4e00\u7ae0\u5c31\u529d\u9000"}], "description": "\u661f\u6d77\u6f2b\u6e38\uff0c\u65f6\u7a7a\u7a7f\u68ad\uff0c\u673a\u68b0\u79d1\u6280\uff0c\u76ee\u6807\u662f\u672a\u77e5\u7684\u661f\u8fb0\u5927\u6d77\uff01", "title": "\u4ece\u9ed8\u793a\u5f55\u5f00\u59cb", "url": "https://book.qidian.com/info/1010830086", "average": -1.0, "cover": "//qidian.qpic.cn/qdbimg/349573/1010830086/180", "reviews": -1, "authors": [{"url": "https://me.qidian.com/authorIndex.aspx?id=4606594", "name": "\u98ce\u90bb\u6669"}], "type": ["\u79d1\u5e7b", "\u65f6\u7a7a\u7a7f\u68ad"], "outlinks": ["https://book.qidian.com/info/1010830086", "https://book.qidian.com/info/1009243008", "https://book.qidian.com/info/1009243008", "https://book.qidian.com/info/1010242566", "https://book.qidian.com/info/1010242566", "https://book.qidian.com/info/1010563262", "https://book.qidian.com/info/1010563262", "https://book.qidian.com/info/1009632990", "https://book.qidian.com/info/1009632990", "https://book.qidian.com/info/1009352060", "https://book.qidian.com/info/1009352060", "https://book.qidian.com/info/1010094065", "https://book.qidian.com/info/1010094065", "https://book.qidian.com/info/3515140", "https://book.qidian.com/info/3515140", "https://book.qidian.com/info/3662393", "https://book.qidian.com/info/3662393", "https://book.qidian.com/info/1010579969", "https://book.qidian.com/info/1010579969", "https://book.qidian.com/info/1010711399", "https://book.qidian.com/info/1010711399", "https://book.qidian.com/info/1011937512", "https://book.qidian.com/info/1011937512", "https://book.qidian.com/info/1011814764", "https://book.qidian.com/info/1011636462", "https://book.qidian.com/info/1012011143", "https://book.qidian.com/info/1011989615", "https://book.qidian.com/info/1011979302", "https://book.qidian.com/info/1011962232", "https://book.qidian.com/info/1012020634", "https://book.qidian.com/info/1011923738", "https://book.qidian.com/info/1012020834", "https://book.qidian.com/info/1011973977"]}