{"ratings": 0.0, "userreviews": [{"userName": "Vesalius", "userReviewDate": "13\u5c0f\u65f6\u524d", "userURL": "https://my.qidian.com/user/229433492", "userReview": "\u6218\u9524\u795e\u5ea7\u8fc7\u6765\u7684\uff0c\u6807\u8bb0\u4e00\u4e0b"}, {"userName": "\u9060\u53e4\u7684\u98a8", "userReviewDate": "2018-06-03", "userURL": "https://my.qidian.com/user/159204688", "userReview": "\u554a\uff0c\u6211\u7684\u773c\u775b\uff01"}, {"userName": "\u9752\u83b2\u706c\u9053\u4eba", "userReviewDate": "2018-06-02", "userURL": "https://my.qidian.com/user/134103416", "userReview": "\u8fd8\u6ca1\u770b\uff0c\u770b\u770b\u7b80\u4ecb\u5199\u4e86\u5565:\u739b\u96c5\u65f6\u4ee3+\u8bf8\u795e\u9ec4\u660f\u3002\u9752\u94dc\u65f6\u4ee3\u5f00\u542f\uff01"}, {"userName": "\u4e66\u53cb20180124113948104", "userReviewDate": "2018-05-31", "userURL": "https://my.qidian.com/user/312963203", "userReview": "\u4e3a\u5565\u4f60\u4eec\u90a3\u4e48\u5feb\u5c31\u53ef\u4ee5\u9886\u53d6\u5b8c"}, {"userName": "player\u9f99\u6e38", "userReviewDate": "2018-05-31", "userURL": "https://my.qidian.com/user/114887543", "userReview": "\u53c8\u662f\u4e00\u672cdnd\u7684\uff0c\u5e0c\u671b\u4e0d\u592a\u76d1"}, {"userName": "\u61d2\u61d2\u7684\u5e94\u9f99", "userReviewDate": "2018-05-29", "userURL": "https://my.qidian.com/user/101075081", "userReview": "\u4e8e\u662f\u6536\u85cf\u6295\u7968\u517b\u4e00\u4e0b"}, {"userName": "\u84dd\u989c\u4e50\u6b63", "userReviewDate": "2018-05-28", "userURL": "https://my.qidian.com/user/220966119", "userReview": "\u63cf\u5199\u592a\u91cd\u590d\"\u820d\u751f\u5fd8\u6b7b\"\u8fd8\u6709\u4e00\u4e9b\u5730\u5927\u91cf\u91cd\u63cf\u5199\uff0c\u6709\u79cd\u4e3a\u6c34\u5b57\u6570\u800c\u6c34\u5b57\u6570\u7684\u611f\u89c9\u3002"}, {"userName": "\u4ece\u5c71\u6765", "userReviewDate": "2018-05-28", "userURL": "https://my.qidian.com/user/188319576", "userReview": "\u53ef\u4ee5\uff0c\u52a0\u6cb9"}, {"userName": "\u590f\u4e4b\u591c\u8272", "userReviewDate": "2018-05-28", "userURL": "https://my.qidian.com/user/212572881", "userReview": "\u7b7e\u5230\u3002\u3002\u3002\u3002\u3002"}, {"userName": "\u5c71\u5cb3\u4e4b\u5dc5", "userReviewDate": "2018-05-27", "userURL": "https://my.qidian.com/user/14287594", "userReview": "\u4ece\u6218\u9524\u795e\u5ea7\u8fc7\u6765\u7684+2"}, {"userName": "\u4e36\u534a\u4e16\u6d6e\u534e\u4e36", "userReviewDate": "2018-05-27", "userURL": "https://my.qidian.com/user/122630330", "userReview": "\u5199\u7684\u8fd8\u4e0d\u9519\u52a0\u6cb9\u2196(^\u03c9^)\u2197\uff0c\u4e5f\u7ecf\u6536\u85cf\u5343\u4e07\u4e0d\u8981\u592a\u76d1\u4e86\u3002"}, {"userName": "\u72ec\u9189\u9752\u4e1d", "userReviewDate": "2018-05-27", "userURL": "https://my.qidian.com/user/212432862", "userReview": "\u4e5f\u662f\u4ece\u6218\u9524\u795e\u5ea7\u800c\u6765\u3002\u8bf4\u4e0b\u4e2a\u4eba\u770b\u6cd5\uff0c\u611f\u89c9\u4f5c\u8005\u5199\u7684\u524d\u4e09\u7ae0\u77db\u76fe\u6781\u5927\uff0c\u524d\u4e24\u7ae0\u4e3b\u89d2\u53ef\u4ee5\u8bf4\u662f\u5c0f\u5fc3\u8c28\u614e\u4e86"}, {"userName": "\u80d6\u65ad\u6c34", "userReviewDate": "2018-05-27", "userURL": "https://my.qidian.com/user/168854546", "userReview": "\u5199\u7684\u5f88\u6709\u611f\u89c9[fn=7]"}, {"userName": "\u4e66\u53cb20170710175917957", "userReviewDate": "2018-05-27", "userURL": "https://my.qidian.com/user/305027970", "userReview": "\u52a0\u4e00\u4ece\u6218\u795e\u795e\u5ea7\u8fc7\u6765\u7684"}], "description": "\u9b54\u517d\u8df5\u8e0f\uff0c\u5de8\u9f99\u5486\u54ee\uff0c\u5deb\u5e08\u8bc5\u5492\uff0c\u9b54\u6cd5\u7480\u74a8\u4e4b\u5149\u7167\u8000\u77e5\u8bc6\u706f\u5854\uff01", "title": "\u4ece\u96f6\u5f00\u59cb\u7684\u6d6e\u7a7a\u57ce", "url": "https://book.qidian.com/info/1012058189", "average": -1.0, "cover": "//qidian.qpic.cn/qdbimg/349573/1012058189/180", "reviews": -1, "authors": [{"url": "https://me.qidian.com/authorIndex.aspx?id=11928747", "name": "\u5341\u4e03\u7b5d"}], "type": ["\u5947\u5e7b", "\u5251\u4e0e\u9b54\u6cd5"], "outlinks": ["https://book.qidian.com/info/1012058189", "https://book.qidian.com/info/1011223144", "https://book.qidian.com/info/1011223144", "https://book.qidian.com/info/1003586227", "https://book.qidian.com/info/1003586227", "https://book.qidian.com/info/1010985987", "https://book.qidian.com/info/1010985987", "https://book.qidian.com/info/1005818830", "https://book.qidian.com/info/1005818830", "https://book.qidian.com/info/1007994514", "https://book.qidian.com/info/1007994514", "https://book.qidian.com/info/1010463961", "https://book.qidian.com/info/1010463961", "https://book.qidian.com/info/1009283231", "https://book.qidian.com/info/1009283231", "https://book.qidian.com/info/1010500290", "https://book.qidian.com/info/1010500290", "https://book.qidian.com/info/1011039568", "https://book.qidian.com/info/1011039568", "https://book.qidian.com/info/1011194349", "https://book.qidian.com/info/1011966445", "https://book.qidian.com/info/1011923635", "https://book.qidian.com/info/1011996030", "https://book.qidian.com/info/1011894816", "https://book.qidian.com/info/1011954628", "https://book.qidian.com/info/1011324769", "https://book.qidian.com/info/1005209240", "https://book.qidian.com/info/1011806768", "https://book.qidian.com/info/1011417251"]}