{"ratings": 0.0, "userreviews": [{"userName": "\u5e7d\u9038\u6e90", "userReviewDate": "3\u5c0f\u65f6\u524d", "userURL": "https://my.qidian.com/user/119562604", "userReview": "\u6bcf\u65e510\u5f20\u63a8\u8350\u7968\uff01"}, {"userName": "\u96f7\u8574\u4e5d\u9704", "userReviewDate": "3\u5c0f\u65f6\u524d", "userURL": "https://my.qidian.com/user/310691636", "userReview": "\u7b7e\u5230\u6c34\u7ecf\u9a8c"}, {"userName": "\u78ca\u843d999", "userReviewDate": "9\u5c0f\u65f6\u524d", "userURL": "https://my.qidian.com/user/201317588", "userReview": "\u7b7e\u5230\uff01\uff01\uff01"}, {"userName": "\u78ca\u843d999", "userReviewDate": "9\u5c0f\u65f6\u524d", "userURL": "https://my.qidian.com/user/201317588", "userReview": "\u7b7e\u5230\uff01\uff01\uff01"}, {"userName": "\u82b1\u51cb\u753b\u96f6", "userReviewDate": "13\u5c0f\u65f6\u524d", "userURL": "https://my.qidian.com/user/230222057", "userReview": "\u65e0\u654c\u6587\u5c31\u5199\u65e0\u654c\u554a\u5f3a\u884c\u964d\u4f4e\u5b9e\u529b\u662f\u4ec0\u4e48\u9b3c\u6253\u4e2a\u4e8c\u5341\u591a\u7ea7\u7684\u8fd8\u6709\u50f5\u76f4\uff1f\uff1f\uff1f"}, {"userName": "\u534a\u7a7a\u96ea\u821e", "userReviewDate": "14\u5c0f\u65f6\u524d", "userURL": "https://my.qidian.com/user/116777005", "userReview": "\u7b7e\u5230\u6c34\u7ecf\u9a8c\u7b7e\u5230\u6c34\u7ecf\u9a8c\u7b7e\u5230\u6c34\u7ecf\u9a8c"}, {"userName": "\u865b\u5e7b\u4e4b\u57ce", "userReviewDate": "22\u5c0f\u65f6\u524d", "userURL": "https://my.qidian.com/user/215265404", "userReview": "\u4f5c\u8005\u4e0d\u8003\u8651\u653e\u5f03\u8fd9\u672c\u5417\uff1f\u4ece\u6765\u6ca1\u770b\u8fc7\u4f5c\u8005\u7684\u4e00\u672c\u4e66\u662f\u50cf\u8fd9\u6837\uff0c\u4e66\u8bc4\u4e00\u8def\u8d1f\u8bc4\u5230\u5e95\uff0c\u522b\u8bf4\u65b0\u4eba\u4e86\uff0c\u5149\u8001\u8bfb"}, {"userName": "\u5e7d\u9038\u6e90", "userReviewDate": "22\u5c0f\u65f6\u524d", "userURL": "https://my.qidian.com/user/119562604", "userReview": "\u6bcf\u65e510\u5f20\u63a8\u8350\u7968\uff01"}, {"userName": "\u4e66\u53cb20170831215116512", "userReviewDate": "24\u5c0f\u65f6\u524d", "userURL": "https://my.qidian.com/user/307806628", "userReview": "\u4f5c\u8005\u4e0d\u662f\u8bf4\u5e08\u5085\u4e00\u4e2a\u6708\u4e00\u66f4\u5417\uff0c\u8fd9\u4e48\u4e45\u4e86\u8fd8\u662f\u7b2c152\u7ae0\u53d6\u56de\u81ea\u5df1\u7684\u4e1c\u897f"}, {"userName": "\u4e66\u53cb20170831215116512", "userReviewDate": "\u6628\u65e514:00", "userURL": "https://my.qidian.com/user/307806628", "userReview": "\u8fd9\u672c\u4e5f\u8fd8\u53ef\u4ee5"}, {"userName": "\u4e66\u53cb20170831215116512", "userReviewDate": "\u6628\u65e514:00", "userURL": "https://my.qidian.com/user/307806628", "userReview": "\u5176\u5b9e\u6211\u4e5f\u89c9\u5f97\u5e08\u5085\u597d\u8fc7"}, {"userName": "\u78ca\u843d999", "userReviewDate": "\u6628\u65e506:30", "userURL": "https://my.qidian.com/user/201317588", "userReview": "\u7b7e\u5230\uff01\uff01\uff01"}, {"userName": "\u8001\u592b\u7231\u770b\u4e66", "userReviewDate": "\u6628\u65e500:31", "userURL": "https://my.qidian.com/user/218701187", "userReview": "\u5973\u513f\u6bd4\u513f\u5b50\u597d\u591a\u4e86\uff0c\u5973\u513f\u53ef\u4ee5\u4eb2\u4eb2\u62b1\u62b1\uff0c\u513f\u5b50\u8fd8\u662fgun\u4e00\u8fb9\u73a9\u6ce5\u5df4\u597d\uff0c\u597d\u50cf\u8981\u4e2a\u5973\u513f\u554a\u3002\u3002\u3002\u7b49\u7b49\uff0c"}, {"userName": "\u5415\u5929\u867e13686", "userReviewDate": "2018-06-07", "userURL": "https://my.qidian.com/user/316871627", "userReview": "\u6253\u5361\u8c01\u7ecf\u9a8c"}], "description": "\u8086\u610f\u6325\u6d12\u6fc0\u60c5\u7684\u6e38\u620f\u4eba\u751f\uff0c\u6253\u7834\u73b0\u5b9e\u6846\u67b6\u7684\u65e0\u5c3d\u5e7b\u60f3\uff01", "title": "\u4ece\u96f6\u5f00\u59cb\u7684\u5976\u7238\u751f\u6d3b", "url": "https://book.qidian.com/info/1011482452", "average": -1.0, "cover": "//qidian.qpic.cn/qdbimg/349573/1011482452/180", "reviews": -1, "authors": [{"url": "https://me.qidian.com/authorIndex.aspx?id=2233257", "name": "\u6728\u725b\u6d41\u732b"}], "type": ["\u6e38\u620f", "\u6e38\u620f\u5f02\u754c"], "outlinks": ["https://book.qidian.com/info/1011482452", "https://book.qidian.com/info/2564116", "https://book.qidian.com/info/2564116", "https://book.qidian.com/info/1011448624", "https://book.qidian.com/info/1011448624", "https://book.qidian.com/info/1011453062", "https://book.qidian.com/info/1011453062", "https://book.qidian.com/info/1011435533", "https://book.qidian.com/info/1011435533", "https://book.qidian.com/info/1010860381", "https://book.qidian.com/info/1010860381", "https://book.qidian.com/info/1003529357", "https://book.qidian.com/info/1003529357", "https://book.qidian.com/info/1782861", "https://book.qidian.com/info/1782861", "https://book.qidian.com/info/2116060", "https://book.qidian.com/info/2116060", "https://book.qidian.com/info/2564116", "https://book.qidian.com/info/2564116", "https://book.qidian.com/info/1005835369", "https://book.qidian.com/info/1005835369", "https://book.qidian.com/info/1011944539", "https://book.qidian.com/info/1011967882", "https://book.qidian.com/info/1011856614", "https://book.qidian.com/info/1011979301", "https://book.qidian.com/info/1010667415", "https://book.qidian.com/info/1011736169", "https://book.qidian.com/info/1011797289", "https://book.qidian.com/info/1011808514", "https://book.qidian.com/info/1011901619", "https://book.qidian.com/info/1011962316"]}