{"ratings": 0.0, "userreviews": [{"userName": "a00800700800", "userReviewDate": "5\u5c0f\u65f6\u524d", "userURL": "https://my.qidian.com/user/1678564", "userReview": "\u7b7e\u5230\u6bcf\u4e00\u5929"}, {"userName": "\u5929\u5929\u53d4\u53d4\u53d4", "userReviewDate": "13\u5c0f\u65f6\u524d", "userURL": "https://my.qidian.com/user/213310071", "userReview": "\u7b7e\u5230   "}, {"userName": "\u5929\u5929\u53d4\u53d4\u53d4", "userReviewDate": "14\u5c0f\u65f6\u524d", "userURL": "https://my.qidian.com/user/213310071", "userReview": "\u7b7e\u5230   "}, {"userName": "\u5929\u5929\u53d4\u53d4\u53d4", "userReviewDate": "14\u5c0f\u65f6\u524d", "userURL": "https://my.qidian.com/user/213310071", "userReview": "\u7b7e\u5230    "}, {"userName": "\u5206\u624b\u5b63", "userReviewDate": "14\u5c0f\u65f6\u524d", "userURL": "https://my.qidian.com/user/210630721", "userReview": "2019\u4e07\u5b57\u3002\u771f\u53ef\u8c13\u662f\u5b57\u6570\u6700\u591a\u7684\u4e00\u672c\u4e66\u4e86\u5427\u3002"}, {"userName": "\u00a7\u4f0d\u6708\u00b7\u6b8b\u98a8\u00a7", "userReviewDate": "24\u5c0f\u65f6\u524d", "userURL": "https://my.qidian.com/user/1283210", "userReview": "\u7b7e\u5230\u7559\u722a\u7b7e\u5230\u7559\u722a\u7b7e\u5230\u7559\u722a"}, {"userName": "\u70e7\u7434\u716e\u9e64", "userReviewDate": "\u6628\u65e512:26", "userURL": "https://my.qidian.com/user/212672316", "userReview": "\u6b63\u7248\u770b\u5b8c\u5c31\u5feb\u80fd\u5f53\u76df\u4e3b\u7684\u4e66\uff0c\u65e9\u77e5\u9053\u5efa\u8bae\u4f5c\u8005\u522b\u5b8c\u672c\uff0c\u518d\u591a\u5199\u4e2a\u51e0\u767e\u4e07\u5b57\uff0c\u5f04\u4e00\u672c\u5168\u8ba2\u76df\u4e3b\u7684\u4e66\uff0c\u90a3\u6837"}, {"userName": "\u65e0\u654c\u8d34\u91d1\u521a", "userReviewDate": "\u6628\u65e507:21", "userURL": "https://my.qidian.com/user/2969565", "userReview": "\u7b7e\u5230\u4e94\u4e2a\u5b57"}, {"userName": "a00800700800", "userReviewDate": "\u6628\u65e506:46", "userURL": "https://my.qidian.com/user/1678564", "userReview": "\u7b7e\u5230\u6bcf\u4e00\u5929"}, {"userName": "\u3042\u306a\u305f\u4f1a\u3044\u305f\u3044", "userReviewDate": "\u6628\u65e501:52", "userURL": "https://my.qidian.com/user/213098559", "userReview": "\u7b2c\u516d\u904d\u867d\u7136\u6bcf\u6b21\u90fd\u6ca1\u770b\u5b8c[fn=27]"}, {"userName": "\u5929\u5929\u53d4\u53d4\u53d4", "userReviewDate": "\u6628\u65e501:52", "userURL": "https://my.qidian.com/user/213310071", "userReview": "\u7b7e\u5230    "}, {"userName": "\u5929\u5929\u53d4\u53d4\u53d4", "userReviewDate": "\u6628\u65e501:52", "userURL": "https://my.qidian.com/user/213310071", "userReview": "\u7b7e\u5230   "}, {"userName": "a00800700800", "userReviewDate": "2018-06-07", "userURL": "https://my.qidian.com/user/1678564", "userReview": "\u7b7e\u5230\u6bcf\u4e00\u5929"}, {"userName": "\u5929\u5929\u53d4\u53d4\u53d4", "userReviewDate": "2018-06-07", "userURL": "https://my.qidian.com/user/213310071", "userReview": "\u7b7e\u5230   "}], "description": "\u5175\u4e0d\u8840\u5203\u5e72\u6389\u4e00\u4e2a\u56fd\u5bb6\uff0c\u904d\u5e03\u5168\u7403\u7684\u8d85\u7ea7\u6e38\u620f\uff0c\u4e00\u4e2a\u5f7b\u5934\u5f7b\u5c3e\u7684\u91d1\u878d\u70b8\u5f39\uff01", "title": "\u4ece\u96f6\u5f00\u59cb", "url": "https://book.qidian.com/info/22919", "average": -1.0, "cover": "//qidian.qpic.cn/qdbimg/349573/22919/180", "reviews": -1, "authors": [{"url": "https://me.qidian.com/authorIndex.aspx?id=13342", "name": "\u96f7\u4e91\u98ce\u66b4"}], "type": ["\u6e38\u620f", "\u865a\u62df\u7f51\u6e38"], "outlinks": ["https://book.qidian.com/info/22919", "https://book.qidian.com/info/1010044301", "https://book.qidian.com/info/1010044301", "https://book.qidian.com/info/1010377389", "https://book.qidian.com/info/1010377389", "https://book.qidian.com/info/1007091338", "https://book.qidian.com/info/1007091338", "https://book.qidian.com/info/1960818", "https://book.qidian.com/info/1960818", "https://book.qidian.com/info/1009330301", "https://book.qidian.com/info/1009330301", "https://book.qidian.com/info/1009953965", "https://book.qidian.com/info/1009953965", "https://book.qidian.com/info/1003496579", "https://book.qidian.com/info/1003496579", "https://book.qidian.com/info/1011944539", "https://book.qidian.com/info/1011967882", "https://book.qidian.com/info/1011856614", "https://book.qidian.com/info/1011979301", "https://book.qidian.com/info/1010667415", "https://book.qidian.com/info/1011736169", "https://book.qidian.com/info/1011797289", "https://book.qidian.com/info/1011808514", "https://book.qidian.com/info/1011901619", "https://book.qidian.com/info/1011962316"]}