{"ratings": 0.0, "userreviews": [{"userName": "\u5f69\u8272\u8759\u8760", "userReviewDate": "2017-05-16", "userURL": "https://my.qidian.com/user/714086", "userReview": "\u5f69\u8272\u8759\u8760\u6253\u8d4f\u7ed9\u60a8\u6dfb\u8611\u83c7\u5566 100000\u8d77\u70b9\u5e01\u3000\u8fd9\u4e66\u5230\u73b0\u5728\u90fd\u6ca1\u6709\u76df\u4e3b\uff0c\u6211\u4e5f\u662f\u670d\u4e86\uff01\uff01"}, {"userName": "\u83f1\u53f7\u4f7f\u5f92", "userReviewDate": "2018-06-04", "userURL": "https://my.qidian.com/user/222766311", "userReview": "\u8fd9\u91cc\u9762\u4e5f\u6ca1\u5199\u4e2d\u56fd\u600e\u4e48\u4e0d\u597d\uff1f\u4e3a\u4ec0\u4e48\u5c01\uff1f\u6709\u7684\u4e66\u3002\u5929\u5929\u8279\uff0c\u9a6c\u5316\u817e\u3002\u4e5f\u6ca1\u89c1\u5c01\u3002\u800c\u4e14\u8fd9\u662f\u5199\u5916\u56fd\u7684\u3002\u7b80"}, {"userName": "\u4ef2\u4e8c\u54e5", "userReviewDate": "2018-05-27", "userURL": "https://my.qidian.com/user/210123150", "userReview": "\u8fd9\u4e66\u5199\u7684\u662f\u771f\u597d\uff0c\u53ef\u60dc\u4e86"}, {"userName": "\u6587\u767d\u6211\u7684\u7231", "userReviewDate": "2018-05-24", "userURL": "https://my.qidian.com/user/222651432", "userReview": "\u65e5\u5e38\u91cd\u6e29\u626b\u5893\u2026\u2026\u5e0c\u671b\u672a\u6765\u6709\u4e2a\u571f\u8c6a\u7838\u94b1\u8ba9\u8fd9\u672c\u5199\u5b8c\u554a\u2026\u2026\u771f\u7684\u597d\u60f3\u597d\u60f3\u597d\u60f3\u770b\u540e\u9762\u7684\u5267\u60c5\u2026\u2026"}, {"userName": "C\u306e\u5c0f\u6653", "userReviewDate": "2018-05-19", "userURL": "https://my.qidian.com/user/108516017", "userReview": "\u90fd\u8bf4\u8fd9\u4e66\u597d\uff0c\u770b\u5230\u7b2c\u516d\u5f20\uff0c\u611f\u89c9\u4e3b\u89d2\u597dlow\u554a\uff01"}, {"userName": "\u5929\u6697\u4e4b\u5b50", "userReviewDate": "2018-05-19", "userURL": "https://my.qidian.com/user/4440799", "userReview": "\u770b\u4e86\u4f5c\u8005\u5927\u90e8\u5206\u7684\u4f5c\u54c1\uff0c\u8fd9\u672c\u4e66\u5982\u679c\u5199\u4e0b\u53bb\uff0c\u4f5c\u8005\u53ef\u80fd\u4f1a\u8d70\u51fa\u81ea\u5df1\u7684\u4e00\u6761\u8def\uff0c\u53ef\u60dc\u548c\u8c10\u4e86\uff0c\u540e\u9762\u7684\u4f5c\u54c1"}, {"userName": "\u6700\u7231\u4f60\u7684\u4ed6lrx", "userReviewDate": "2018-05-19", "userURL": "https://my.qidian.com/user/212050004", "userReview": "\u770b\u4e0d\u61c2\u5199\u7684\u5565\uff0c\u8df3\u7740\u770b\u7684"}, {"userName": "\u4e66\u53cb150620184329712", "userReviewDate": "2018-05-19", "userURL": "https://my.qidian.com/user/209892752", "userReview": "\u4f5c\u8005\u5927\u5927\uff0c\u4e0d\u5982\u5728\u7fa4\u91cc\u7ee7\u7eed\u66f4\u554a\uff0c\u4ed8\u8d39\u7684"}, {"userName": "\u4f1f\u5927\u7684\u8d31\u72d7", "userReviewDate": "2018-05-19", "userURL": "https://my.qidian.com/user/307143994", "userReview": "\u8bf4\u5b9e\u8bdd\uff0c\u5173\u4e8e\u8a79\u59ae\u6d17\u6fa1\u6076\u4f5c\u5267\u90a3\u6bb5\uff0c\u8fc7\u4e86\uff0c\u86ee\u8fc7\u5206\u7684\uff0c\u5f53\u7136\uff0c\u6211\u88ab\u8bc4\u8bba\u4e3a\u76f4\u7537\u764c\uff0c\u4f46\u662f\uff0c\u6211\u771f\u7684\u8ba8\u538c\u8fd9"}, {"userName": "\u4e66\u53cb160114072218717", "userReviewDate": "2018-05-19", "userURL": "https://my.qidian.com/user/214399981", "userReview": "\u7b2c\u4e00\u773c\u770b\u5230\u8fd9\u672c\u4e66\uff0c\u6211\u5c31\u5fae\u5fae\u4e00\u7b11:\u54ea\u4e2a\u4e0d\u6015\u6b7b\u7684\u5e7c\u7a1a\u7537\u6562\u6316\u8fd9\u79cd\u5751\uff1f\u8fd9\u4e66\u540d\u5c31\u662f\u4e00\u4e2a\u5de8\u5751\u554a\uff01\u4e0d\u540c\u7684"}, {"userName": "\u77f3\u77f6\u51c9\u51c9", "userReviewDate": "2018-05-15", "userURL": "https://my.qidian.com/user/194837554", "userReview": "\u770b\u4e86\u4e00\u534a\u53d1\u73b0\u2026\u2026\u8fd9\u7bc7\u6587\u88ab\u780d\u4e86[fn=38]"}, {"userName": "HeartLover", "userReviewDate": "2018-05-05", "userURL": "https://my.qidian.com/user/199989029", "userReview": "\u597d\u4e66\u90fd\u88ab\u8d77\u70b9\u5c01\u7981\u4e86\uff0c\u8d77\u70b9\u7684\u597d\u4e66\u8d8a\u6765\u8d8a\u5c11\u4e86\u3002\u5144\u5f1f\u59d0\u59b9\u4eec\u8d70\u8d77-QQ\u9605\u8bfb"}, {"userName": "\u95ea\u5149\u57cb", "userReviewDate": "2018-04-24", "userURL": "https://my.qidian.com/user/209592646", "userReview": "\u4f5c\u8005\u662f\u8981\u7b49\u5230*********\u9000\u4f4d\u624d\u80af\u66f4\u65b0\u5417\uff0c\u4e0d\u8981\u6002\u54c7"}, {"userName": "\u7433\u6167\u513f", "userReviewDate": "2018-04-18", "userURL": "https://my.qidian.com/user/188530096", "userReview": "\u554a\u5e0c\u671b\u80fd\u6709\u91cd\u65b0\u66f4\u7684\u4e00\u5929\u5427\u2026\u2026"}], "description": "\u91cd\u751f\u8fc7\u53bb\u3001\u7545\u60f3\u672a\u6765\u3001\u68a6\u5e7b\u73b0\u5b9e\uff0c\u518d\u5851\u4f20\u5947\u4eba\u751f\uff01", "title": "\u4ece\u96f6\u5f00\u59cb\u7ade\u9009\u603b\u7edf", "url": "https://book.qidian.com/info/1004055305", "average": -1.0, "cover": "//qidian.qpic.cn/qdbimg/349573/1004055305/180", "reviews": -1, "authors": [{"url": "https://me.qidian.com/authorIndex.aspx?id=2977617", "name": "\u7ed9\u60a8\u6dfb\u8611\u83c7\u5566"}], "type": ["\u90fd\u5e02", "\u90fd\u5e02\u751f\u6d3b"], "outlinks": ["https://book.qidian.com/info/1004055305", "https://book.qidian.com/info/1010635740", "https://book.qidian.com/info/1010635740", "https://book.qidian.com/info/1010770013", "https://book.qidian.com/info/1010770013", "https://book.qidian.com/info/1010812654", "https://book.qidian.com/info/1010812654", "https://book.qidian.com/info/1010068112", "https://book.qidian.com/info/1010068112", "https://book.qidian.com/info/1010442026", "https://book.qidian.com/info/1010442026", "https://book.qidian.com/info/1010889823", "https://book.qidian.com/info/1010889823", "https://book.qidian.com/info/2431891", "https://book.qidian.com/info/2431891", "https://book.qidian.com/info/2985359", "https://book.qidian.com/info/2985359", "https://book.qidian.com/info/3331958", "https://book.qidian.com/info/3331958", "https://book.qidian.com/info/1002043720", "https://book.qidian.com/info/1002043720", "https://book.qidian.com/info/1004881070", "https://book.qidian.com/info/1004881070", "https://book.qidian.com/info/1010068112", "https://book.qidian.com/info/1010068112", "https://book.qidian.com/info/1011556938", "https://book.qidian.com/info/1011556938", "https://book.qidian.com/info/1011932150", "https://book.qidian.com/info/1012029544", "https://book.qidian.com/info/1012015699", "https://book.qidian.com/info/1012018201", "https://book.qidian.com/info/1011879101", "https://book.qidian.com/info/1011790606", "https://book.qidian.com/info/1011971435", "https://book.qidian.com/info/1009695534", "https://book.qidian.com/info/1011890878", "https://book.qidian.com/info/1010537314"]}