{"ratings": 0.0, "userreviews": [{"userName": "\u6211\u3223\u4e66\u4ed9", "userReviewDate": "2018-06-05", "userURL": "https://my.qidian.com/user/12582046", "userReview": "\u53ea\u6709\u63a8\u8350\u7968\uff0c\u5c3d\u70b9\u529b\u3002"}, {"userName": "\u4e00\u82b1\u969c\u76ee", "userReviewDate": "2018-06-05", "userURL": "https://my.qidian.com/user/1191037", "userReview": "\u5199\u5f97\u6162\u3002\u3002\u3002[fn=10]"}, {"userName": "\u55e8~\u5a1c\u5a1c", "userReviewDate": "2018-06-05", "userURL": "https://my.qidian.com/user/100792914", "userReview": "\u597d\u4e66\uff0c\u5feb\u66f4\u3002\u3002"}, {"userName": "\u9ad8\u96e8\u6668", "userReviewDate": "2018-06-05", "userURL": "https://my.qidian.com/user/7682510", "userReview": "\u652f\u6301\uff0c\u52a0\u6cb9\uff0c\u9876\u8d77\u3002"}, {"userName": "\u65b0\u6905", "userReviewDate": "2018-06-05", "userURL": "https://my.qidian.com/user/593369", "userReview": "\u6c34\u7ecf\u9a8c\u6c34\u7ecf\u9a8c"}, {"userName": "\u963f\u514b\u987f", "userReviewDate": "2018-06-05", "userURL": "https://my.qidian.com/user/14427471", "userReview": "\u8fd9\u4e66\u4e0d\u9519\uff0c\u5148\u6536\u4e86"}, {"userName": "goodlove1", "userReviewDate": "2018-06-05", "userURL": "https://my.qidian.com/user/2260202", "userReview": "\u597d\u4f5c\u54c1\u3002\u5e0c\u671b\u575a\u6301\u5b8c\u672c\u3002"}, {"userName": "\u98ce\u4e2d\u7684~~?", "userReviewDate": "2018-06-05", "userURL": "https://my.qidian.com/user/1599660", "userReview": "\u5b57\u6570\u592a\u5c11\u4e86\u3002"}, {"userName": "`L`SayK!lo", "userReviewDate": "2018-06-05", "userURL": "https://my.qidian.com/user/105506284", "userReview": "\u6b63\u5728\u6512\u6587\u4e2d"}, {"userName": "\u5343\u5f71\u5e7b\u9e4f", "userReviewDate": "2018-06-05", "userURL": "https://my.qidian.com/user/2595210", "userReview": "\u7b7e\u5230\u6c42\u66f4\u65b0"}, {"userName": "\u6f47\u4e881", "userReviewDate": "2018-06-05", "userURL": "https://my.qidian.com/user/4480305", "userReview": "\u60c5\u8282\u63cf\u5199\u7ec6\u817b\u3002"}, {"userName": "supermanchen", "userReviewDate": "2018-06-05", "userURL": "https://my.qidian.com/user/109418471", "userReview": "\u66f4\u65b0\u8fd8\u662f\u8981\u4fdd\u8bc1\u554a\uff01"}, {"userName": "1+1=1\u53cc", "userReviewDate": "2018-06-05", "userURL": "https://my.qidian.com/user/20988553", "userReview": "\u597d\u770b\u3002\u52a0\u6cb9\u2196(^\u03c9^)\u2197"}, {"userName": "\u5927\u4e50\u4e50\u718a", "userReviewDate": "2018-06-05", "userURL": "https://my.qidian.com/user/1675869", "userReview": "\u52a0\u6cb9\uff0c\u4e48\u4e48\u54d2\u3002[fn=35]"}], "description": "\u3010\u7b2c\u4e09\u5c4a\u7f51\u7edc\u539f\u521b\u6587\u5b66\u73b0\u5b9e\u4e3b\u4e49\u9898\u6750\u5f81\u6587\u5927\u8d5b\u3011\u53c2\u8d5b\u4f5c\u54c1", "title": "\u4ed6\u5931\u53bb\u7684\u4e00\u5207", "url": "https://book.qidian.com/info/1012221592", "average": -1.0, "cover": "//qidian.qpic.cn/qdbimg/349573/1012221592/180", "reviews": -1, "authors": [{"url": "https://me.qidian.com/authorIndex.aspx?id=402526698", "name": "\u4f60\u4f60\u4f60\u4f60\u4f60\u6211"}], "type": ["\u77ed\u7bc7", "\u751f\u6d3b\u968f\u7b14"], "outlinks": ["https://book.qidian.com/info/1012221592", "https://book.qidian.com/info/3068279", "https://book.qidian.com/info/3068279", "https://book.qidian.com/info/1421403", "https://book.qidian.com/info/1421403", "https://book.qidian.com/info/1620923", "https://book.qidian.com/info/1620923", "https://book.qidian.com/info/1761667", "https://book.qidian.com/info/1761667", "https://book.qidian.com/info/1830315", "https://book.qidian.com/info/1830315", "https://book.qidian.com/info/1882181", "https://book.qidian.com/info/1882181", "https://book.qidian.com/info/1009312005", "https://book.qidian.com/info/1136277", "https://book.qidian.com/info/1830315", "https://book.qidian.com/info/1011168558", "https://book.qidian.com/info/1004575373", "https://book.qidian.com/info/1004088722", "https://book.qidian.com/info/1945698", "https://book.qidian.com/info/1010642969", "https://book.qidian.com/info/1003669419", "https://book.qidian.com/info/1011683374"]}