{"ratings": 0.0, "userreviews": [{"userName": "\u5415\u5929\u867e13290", "userReviewDate": "2018-05-24", "userURL": "https://my.qidian.com/user/316300961", "userReview": "\u7b7e\u5230\u6253\u5361\u6c42\u7ecf\u9a8c"}, {"userName": "\u4f60\u7684\u6307\u5c16\u8f7b\u89e6", "userReviewDate": "2018-05-05", "userURL": "https://my.qidian.com/user/132671934", "userReview": "\u793e\u533a\u9001\u6e29\u6696(\uff61\uff65\u03c9\uff65\uff61)"}, {"userName": "\u6590\u6212", "userReviewDate": "2018-04-27", "userURL": "https://my.qidian.com/user/213767154", "userReview": "\u5f00\u5c40\u4e0d\u9519\uff0c\u4fdd\u6301\uff01"}, {"userName": "\u62ac\u624b\u5c31\u662f\u4e00\u5200", "userReviewDate": "2018-04-25", "userURL": "https://my.qidian.com/user/316021106", "userReview": "\u8fd8\u4e0d\u9519\uff0c\u52a0\u6cb9\uff01"}], "description": "\u7b97\u547d\u63a2\u9669\u70b9\u98ce\u6c34\uff0c\u60ca\u609a\u4fa6\u63a2\u964d\u9b3c\u602a\uff0c\u6700\u4f20\u7edf\u4e2d\u56fd\u6587\u5316\uff0c\u6700\u795e\u79d8\u7075\u5f02\u4f20\u5947\uff01", "title": "\u4ed6\u662f\u5730\u5e9c\u516c\u52a1\u5458", "url": "https://book.qidian.com/info/1011771949", "average": -1.0, "cover": "//qidian.qpic.cn/qdbimg/349573/1011771949/180", "reviews": -1, "authors": [{"url": "https://me.qidian.com/authorIndex.aspx?id=401781280", "name": "\u6211\u6709\u96c1\u7fce\u5200"}], "type": ["\u7075\u5f02", "\u7075\u5f02\u9b3c\u602a"], "outlinks": ["https://book.qidian.com/info/1011771949", "https://book.qidian.com/info/1006637979", "https://book.qidian.com/info/1006637979", "https://book.qidian.com/info/1009272869", "https://book.qidian.com/info/1009272869", "https://book.qidian.com/info/1010708805", "https://book.qidian.com/info/1010708805", "https://book.qidian.com/info/1009816256", "https://book.qidian.com/info/1009816256", "https://book.qidian.com/info/1009813600", "https://book.qidian.com/info/1009813600", "https://book.qidian.com/info/1005080333", "https://book.qidian.com/info/1005080333", "https://book.qidian.com/info/1011837610", "https://book.qidian.com/info/1011987732", "https://book.qidian.com/info/1011825122", "https://book.qidian.com/info/1011825450", "https://book.qidian.com/info/1011945422", "https://book.qidian.com/info/1011826884", "https://book.qidian.com/info/1011790544", "https://book.qidian.com/info/1011825290", "https://book.qidian.com/info/1011896879", "https://book.qidian.com/info/1011875452"]}