{"ratings": 0.0, "userreviews": [{"userName": "dwy6", "userReviewDate": "2018-05-24", "userURL": "https://my.qidian.com/user/301139672", "userReview": "\u60c5\u8282\u63cf\u5199\u7ec6\u817b"}, {"userName": "\u6212\u70df\u7537\u4eba\uff10\uff10\uff10", "userReviewDate": "2018-05-21", "userURL": "https://my.qidian.com/user/18195645", "userReview": "\u6700\u8fd1\u770b\u4e865\u672c\u4e66\uff0c\u65e0\u4e00\u4f8b\u5916\uff0c\u5168\u662f\u5b64\u513f\u3002\u6211\u771f\u7684\u5f88\u60f3\u95ee\u67d0\u70b9\uff0c\u4e0d\u662f\u5b64\u513f\u5c31\u5199\u4e0d\u4e0b\u53bb\u5417\uff1f\u771f\u4e0d\u77e5\u9053\u8bfb\u8005\u5f88"}, {"userName": "\u72ec\u81ea\u56de\u5fc6\u5f80\u4e8b", "userReviewDate": "2018-05-09", "userURL": "https://my.qidian.com/user/200987339", "userReview": "\u53c8\u662f\u4e00\u4e2a\u6df7\u5168\u52e4\u7684\u3002"}, {"userName": "\u5b64\u72ec\u60a3\u8005\u7ec8\u8001\u65e5", "userReviewDate": "2018-05-02", "userURL": "https://my.qidian.com/user/212763200", "userReview": "\u8001\u5957\u8def  \u72d7\u8840\u7684\u5267\u60c5"}, {"userName": "\u4e66\u53cb150620125910088", "userReviewDate": "2018-04-30", "userURL": "https://my.qidian.com/user/209881339", "userReview": "\u597d\u5e7c\u7a1a\u7684\u8bed\u8a00"}, {"userName": "\u6b66\u6c49\u5c0f\u55e8\u54e5", "userReviewDate": "2018-04-28", "userURL": "https://my.qidian.com/user/314309822", "userReview": "\u600e\u4e48\u8d8a\u5f80\u540e\u5199\u7684\u8d8a\u770b\u4e0d\u5230\u5e0c\u671b"}, {"userName": "dwy6", "userReviewDate": "2018-04-28", "userURL": "https://my.qidian.com/user/301139672", "userReview": "\u60c5\u8282\u63cf\u5199\u7ec6\u817b"}, {"userName": "\u4e1c\u65b9\u8403\u60f3", "userReviewDate": "2018-04-20", "userURL": "https://my.qidian.com/user/210078473", "userReview": "\u540e\u53f0\u771f\u786c\uff01"}, {"userName": "\u541b\u5e7c\u8c26", "userReviewDate": "2018-04-19", "userURL": "https://my.qidian.com/user/210506985", "userReview": "\u8fd9\u4e48\u8001\u7684\u5957\u8def\u8fd8\u80fd\u4e00\u4e66\u6210\u795e\uff1f"}, {"userName": "\u5730\u7403\u65ee\u65ef", "userReviewDate": "2018-04-10", "userURL": "https://my.qidian.com/user/209839744", "userReview": "\u732a\u811a\u6709\u900f\u89c6\uff0c\u8d4c\u77f3\u662f\u4e0d\u53ef\u80fd\u7684\u3002\u8fd9\u8f88\u5b50\u90fd\u4e0d\u53ef\u80fd\u7684\u3002\u5f53\u5175\u51fa\u6765\u4ec0\u4e48\u90fd\u4e0d\u4f1a\uff0c\u4e5f\u4e0d\u6562\u50cf\u53d1\u54e5\u4e00\u6837\u53bb\u505a\u8d4c\u795e"}, {"userName": "\u7167\u4eae\u4f60\u7684\u4e16\u754c\u4e36", "userReviewDate": "2018-04-06", "userURL": "https://my.qidian.com/user/211523322", "userReview": "\u641e\u4e0d\u61c2\u4e3a\u4ec0\u4e48\u90a3\u4e48\u591a\u90fd\u5e02\u5f02\u80fd\u5199\u7740\u5199\u7740\u5199\u6210\u4fee\u771f"}, {"userName": "\u5434\u4ea6\u51e0", "userReviewDate": "2018-04-05", "userURL": "https://my.qidian.com/user/313740365", "userReview": "\u5175\u738b\uff1f\u4fdd\u9556\uff1f\u7f8e\u5c11\u5973\u8001\u677f\uff1f\u4fd7\u7684\u4e00\u903c"}, {"userName": "\u661f\u661f\u7167\u6211\u5fc369", "userReviewDate": "2018-03-29", "userURL": "https://my.qidian.com/user/109768571", "userReview": "\u5750\u7b49\u66f4\u65b0[fn=32][fn=32]"}, {"userName": "LSakura", "userReviewDate": "2018-03-27", "userURL": "https://my.qidian.com/user/216033016", "userReview": "\u8fd9\u672c\u4e66\uff0c\u4e0d\u7ba1\u600e\u4e48\u8bf4\uff0c\u6211\u5f88\u559c\u6b22\uff0c\u6211\u4f1a\u4e00\u76f4\u770b\u4e0b\u53bb\u7684"}], "description": "\u91cd\u751f\u8fc7\u53bb\u3001\u7545\u60f3\u672a\u6765\u3001\u68a6\u5e7b\u73b0\u5b9e\uff0c\u518d\u5851\u4f20\u5947\u4eba\u751f\uff01", "title": "\u4ed6\u8eab\u4e0a\u6709\u6761\u9f99", "url": "https://book.qidian.com/info/3362327", "average": -1.0, "cover": "//qidian.qpic.cn/qdbimg/349573/3362327/180", "reviews": -1, "authors": [{"url": "https://me.qidian.com/authorIndex.aspx?id=4244388", "name": "\u9ed1\u591c\u4e0e\u5b64\u57ce"}], "type": ["\u90fd\u5e02", "\u5f02\u672f\u8d85\u80fd"], "outlinks": ["https://book.qidian.com/info/3362327", "https://book.qidian.com/info/1010908372", "https://book.qidian.com/info/1010908372", "https://book.qidian.com/info/1006631076", "https://book.qidian.com/info/1006631076", "https://book.qidian.com/info/1010925483", "https://book.qidian.com/info/1010925483", "https://book.qidian.com/info/1010491255", "https://book.qidian.com/info/1010491255", "https://book.qidian.com/info/1009710728", "https://book.qidian.com/info/1009710728", "https://book.qidian.com/info/1010781736", "https://book.qidian.com/info/1010781736", "https://book.qidian.com/info/1011932150", "https://book.qidian.com/info/1012029544", "https://book.qidian.com/info/1012015699", "https://book.qidian.com/info/1012018201", "https://book.qidian.com/info/1011879101", "https://book.qidian.com/info/1011790606", "https://book.qidian.com/info/1011971435", "https://book.qidian.com/info/1009695534", "https://book.qidian.com/info/1011890878", "https://book.qidian.com/info/1010537314"]}