{"ratings": 0.0, "userreviews": [{"userName": "\u91cd\u75c7\u62d6\u5ef6", "userReviewDate": "2018-03-17", "userURL": "https://my.qidian.com/user/313045648", "userReview": "\u6708\u796850\u52a0\u66f4\u4e00\u6b21\u63a8\u8350\u7968500\u52a0\u66f4\u4e00\u6b21\u6253\u8d4f1000\u70b9\u52a0\u66f4\u4e00\u6b21\u957f\u8bc4\u4ee5\u53ca\u4f5c\u54c1\u76f8\u5173\u5c0f\u5267\u573a\u914c\u60c5\u52a0\u66f4\u54e6"}, {"userName": "\u4e66\u53cb20180126225755020", "userReviewDate": "2018-02-23", "userURL": "https://my.qidian.com/user/313045648", "userReview": "\u6c42\u6536\u85cf\uff0c\u6c42\u63a8\u8350\uff0c\u6c42\u6708\u7968\uff0c\u6c42\u8ba2\u9605\uff0c\u5404\u79cd\u6c42ing...[fn=27]"}, {"userName": "Sy123abcd", "userReviewDate": "3\u5c0f\u65f6\u524d", "userURL": "https://my.qidian.com/user/301226848", "userReview": "\u7b7e\u4e2a\u5230( \u00a8\u032e )"}, {"userName": "\u82b1\u95ee\u82b12015", "userReviewDate": "14\u5c0f\u65f6\u524d", "userURL": "https://my.qidian.com/user/212140068", "userReview": "\u7b7e\u5230\uff01\uff01\uff01\uff01"}, {"userName": "\u7fbf\u6587\u4e66\u53cb", "userReviewDate": "2018-06-05", "userURL": "https://my.qidian.com/user/311080668", "userReview": "\u559c\u6b22\u5b98\u914d\u4e07\u7956\n"}, {"userName": "nancy_lyzm", "userReviewDate": "2018-06-05", "userURL": "https://my.qidian.com/user/189370971", "userReview": "\u7537\u4e3b\u662f\u5e08\u53d4\u7956\u5427\uff01\u6211\u770b\u62ff\u51fa\u6765\u9152\uff0c\u5c31\u77e5\u9053\u4ed6\u4e0d\u6000\u597d\u610f\uff01"}, {"userName": "\u7fe6\u97e9", "userReviewDate": "2018-06-04", "userURL": "https://my.qidian.com/user/3520331", "userReview": "\u770b\u5230\u67d0\u4eba\u5403\u918b\u4e86\uff0c\u5e7c\u7a1a\u554a"}, {"userName": "Blake\u591c", "userReviewDate": "2018-06-03", "userURL": "https://my.qidian.com/user/135027866", "userReview": "\u611f\u89c9\u6ca1\u600e\u4e48\u770b\u5c31\u770b\u5b8c\u4e86\u2026"}, {"userName": "\u6e14\u6709\u7bac\u7b20", "userReviewDate": "2018-06-01", "userURL": "https://my.qidian.com/user/197812906", "userReview": "\u770b\u5b8c\u4e86\uff0c\u8fdb\u5ea6\u7b2c\u4e8c\u537748\u7ae0\uff0c\u518d\u8c08\u8c08\u611f\u60f3\u5427\u3002\u7b2c\u4e00\uff0c\u5973\u4e3b\u7684\u9053\u662f\u4ec0\u4e48\u3002\u867d\u7136\u9053\u662f\u4fee\u4ed9\u5c0f\u8bf4\u4e2d\u5e38\u89c1\u5143\u7d20\uff0c"}, {"userName": "\u963f\u72f8\u963f\u9ece", "userReviewDate": "2018-06-01", "userURL": "https://my.qidian.com/user/314485829", "userReview": "\u66f4\u65b0\u597d\u5c11\u54e6"}, {"userName": "Sy123abcd", "userReviewDate": "2018-05-30", "userURL": "https://my.qidian.com/user/301226848", "userReview": "\u7b7e\u4e2a\u5230\u0b2a( \u02d8\u1d55\u02d8 ) \u0a6d \u2606"}, {"userName": "\u7ea2\u82f9\u679c0169", "userReviewDate": "2018-05-30", "userURL": "https://my.qidian.com/user/116282256", "userReview": "\u52a0\u6cb9\u66f4\u65b0\u54df\u54df\u54df"}, {"userName": "\u751f\u800c\u5982\u68a6\u5982\u6d6e\u751f", "userReviewDate": "2018-05-30", "userURL": "https://my.qidian.com/user/219415936", "userReview": "\u6709\u7537\u4e3b\uff1f\u90a3\u7b97\u4e86"}, {"userName": "\u84dd\u9ad8\u8ddf", "userReviewDate": "2018-05-29", "userURL": "https://my.qidian.com/user/222457673", "userReview": "\u8bfb\u4e86\u4e24\u7ae0\u6ca1\u5165\u620f\uff08\u8fd9\u5c31\u6bd4\u8f83\u5c34\u5c2c\u4e86\uff09\u4f5c\u8005\u5f00\u5934\u7ed9\u51fa\u7684\u4fe1\u606f\u91cf\u8fc7\u591a\uff0c\u5bfc\u81f4\u6709\u4e9b\u65b0\u8bfb\u8005\u96be\u4ee5\u6295\u5165\u9605\u8bfb\uff0c\u7279\u522b"}], "description": "\u6d69\u701a\u4e16\u754c\uff0c\u65e0\u8fb9\u5c81\u6708\u3002\u6f2b\u4e91\u5973\u5b50\u4e0d\u82f1\u96c4\uff0c\u4e07\u91cc\u4e58\u98ce\u72ec\u5411\u4e1c\uff01", "title": "\u4ed9\u4e09\u4ee3\u7684\u65e5\u5e38\u751f\u6d3b", "url": "https://book.qidian.com/info/1011231305", "average": -1.0, "cover": "//qidian.qpic.cn/qdbimg/349573/1011231305/180", "reviews": -1, "authors": [{"url": "https://me.qidian.com/authorIndex.aspx?id=401765025", "name": "\u611f\u89c9\u633a\u51b7"}], "type": ["\u7384\u5e7b\u8a00\u60c5", "\u4e1c\u65b9\u7384\u5e7b"], "outlinks": ["https:https://book.qidian.com/info/1011421405?qd_game_key=1011421405&qd_dd_p1=11272", "https://book.qidian.com/info/1011231305", "https://book.qidian.com/info/1003488960", "https://book.qidian.com/info/1003488960", "https://book.qidian.com/info/1010383543", "https://book.qidian.com/info/1010383543", "https://book.qidian.com/info/1003568787", "https://book.qidian.com/info/1003568787", "https://book.qidian.com/info/3211928", "https://book.qidian.com/info/3211928", "https://book.qidian.com/info/3363612", "https://book.qidian.com/info/3363612", "https://book.qidian.com/info/3115320", "https://book.qidian.com/info/3115320", "https://book.qidian.com/info/1011467182", "https://book.qidian.com/info/1011467182", "https://book.qidian.com/info/1001731524", "https://book.qidian.com/info/1007099451", "https://book.qidian.com/info/1011886856", "https://book.qidian.com/info/1011554440", "https://book.qidian.com/info/1011850956", "https://book.qidian.com/info/1010267842", "https://book.qidian.com/info/1005836014", "https://book.qidian.com/info/1011251000", "https://book.qidian.com/info/1010737991", "https://book.qidian.com/info/1010533430"]}