{"ratings": 0.0, "userreviews": [{"userName": "\u6f47\u6e58\u591c\u96e800", "userReviewDate": "2018-03-12", "userURL": "https://my.qidian.com/user/312131637", "userReview": "\u4f60\u8fd9\u4e66\u5b8c\u5168\u6ca1\u6709\u5883\u754c\u5212\u5206\uff1f\u770b\u7740\u50cf\u6b66\u4fa0\uff0c\u6839\u672c\u4e0d\u50cf\u4ed9\u4fa0\uff01"}, {"userName": "\u5929\u5927\u5730\u6211\u6700\u5927", "userReviewDate": "2018-02-23", "userURL": "https://my.qidian.com/user/120464868", "userReview": "\u6709\u4e86\u5b97\u95e8\u7c7b\u4e86\u4e3a\u5565\u8fd8\u8981\u8bbe\u5b9a\u5b66\u6821\u7c7b\u7684\uff0c\u800c\u4e14\u95e8\u6d3e\u5f1f\u5b50\u8fd8\u8981\u53bb\u5b66\u6821\u5b66\u4e60\u90a3\u8fd8\u8981\u8fd9\u4e9b\u95e8\u6d3e\u5e72\u561b\uff0c\u611f\u89c9\u6709\u70b9\u4e0d"}, {"userName": "\u9ed1\u591c\u00b0\u5047\u9762", "userReviewDate": "2018-01-18", "userURL": "https://my.qidian.com/user/154858205", "userReview": "\u8fd9\u4e66\u6211\u770b\u4e86\u5feb30\u7ae0\u4e86\uff0c\u6ca1\u5565\u6bd2\u70b9\u554a\u3002\u3002\u3002\u4e3a\u4ec0\u4e48\u6210\u7ee9\u8fd9\u4e48\u5dee\u3002\u3002\uff1f"}, {"userName": "\u5e7b\u661f\u54e5", "userReviewDate": "2017-12-24", "userURL": "https://my.qidian.com/user/154589644", "userReview": "\u5341\u4e5d\u4e2a\u7c89\u4e1d\u867d\u7136\u5c34\u5c2c\u2026\u2026\u4f46\u80fd\u7b7e\u7ea6\u5c31\u6709\u5176\u4eae\u70b9\uff0c\u52a0\u6cb9\uff01\u4e00\u76f4\u60f3\u5199\u5c0f\u8bf4\u4e24\u5e74\u6ca1\u5b8c\u6210\u4e00\u7ae0\u2026\u2026"}, {"userName": "\u5434\u5c0f\u5e97\u5c06", "userReviewDate": "2017-12-19", "userURL": "https://my.qidian.com/user/169930914", "userReview": "\u7b7e\u5230\u6c34\u7ecf\u9a8c"}, {"userName": "\u6c38\u6052\u7684\u590f\u4e9a", "userReviewDate": "2017-12-04", "userURL": "https://my.qidian.com/user/7518776", "userReview": "\u4f5c\u8005\u5199\u5f97\u597d\uff0c\u52a0\u6cb9"}, {"userName": "16537\u4e8c\u8d27", "userReviewDate": "2017-09-25", "userURL": "https://my.qidian.com/user/216730104", "userReview": "\u4f5c\u8005\uff0c\u8fd9\u6210\u7ee9\u8fd8\u600e\u4e48\u52aa\u529b\u3002\u4f69\u670d\u3002"}, {"userName": "\u5e03\u8863\uff06\u65e0\u540d", "userReviewDate": "2017-09-24", "userURL": "https://my.qidian.com/user/202433166", "userReview": "\u8001\u54e5\uff0c\u4f60\u6700\u8fd1\u8fd9\u7ae0\u8282\u540d\u4e5f\u592a\u61d2\u4e86\u5427\uff0c\u90fd\u6392\u5230\u597d\u51e0\u5341\u4e86\u2026\u2026[fn=10]"}, {"userName": "\u738b\u78ca104", "userReviewDate": "2017-08-07", "userURL": "https://my.qidian.com/user/104523749", "userReview": "\u597d\u4e66[fn=31]"}, {"userName": "\u4e66\u53cb160916121606828", "userReviewDate": "2017-07-08", "userURL": "https://my.qidian.com/user/222763663", "userReview": "\u300a\u5149\u5f71\u65e0\u6781\u300b\u5320\u5fc3\u4f5c\u54c1\uff0c\u80cc\u666f\u5b8f\u5927\uff0c\u6784\u601d\u4e25\u8c28\uff0c\u6587\u91c7\u6590\u7136\uff0c\u5b57\u659f\u53e5\u914c\uff0c\u867d\u7136\u5b57\u6570\u5c11\uff0c\u4f46\u662f\u8d28\u91cf\u9ad8\uff0c\u770b\u4e86"}, {"userName": "\u897f\u95e8\u897f\u5317", "userReviewDate": "2017-06-20", "userURL": "https://my.qidian.com/user/202908334", "userReview": "\u52a0\u6cb9\uff0c\u4e0d\u9519\u554a\uff01[fn=1]"}, {"userName": "\u8d77\u70b9\u4e2d\u6587\u7f51", "userReviewDate": "2017-05-24", "userURL": "https://my.qidian.com/user/33597", "userReview": "\u54c8\u54c8\u54c8\u54c8\uff0c\u7b2c\u4e00\u5f20\u6708\u7968\u7684\u6c99\u53d1\u603b\u7b97\u88ab\u6211\u62a2\u5230\u4e86\uff0c\u52a0\u6cb9\u7801\u5b57\uff0c\u52aa\u529b\u66f4\u65b0\uff0c\u6709\u4e86\u6708\u7968\u7684\u90fd\u6295\u4f60\uff01\u81ea\u672c\u606d\u8d3a\u4e3b"}, {"userName": "\u5e03\u8863\uff06\u65e0\u540d", "userReviewDate": "2017-04-23", "userURL": "https://my.qidian.com/user/202433166", "userReview": "\u8001\u54e5\uff0c\u9876\u4f60"}], "description": "\u4fee\u4ed9\u89c5\u957f\u751f\uff0c\u70ed\u8840\u4efb\u900d\u9065\uff0c\u8e0f\u83b2\u66f3\u6ce2\u6da4\u5251\u9aa8\uff0c\u51ed\u865a\u5fa1\u98ce\u5851\u5723\u9b42\uff01", "title": "\u4ed9\u4fa0\u4e16\u754c\u6f14\u4e49", "url": "https://book.qidian.com/info/1005235541", "average": -1.0, "cover": "//qidian.qpic.cn/qdbimg/349573/1005235541/180", "reviews": -1, "authors": [{"url": "https://me.qidian.com/authorIndex.aspx?id=10396944", "name": "\u96f6\u70b9Q"}], "type": ["\u4ed9\u4fa0", "\u4fee\u771f\u6587\u660e"], "outlinks": ["https://book.qidian.com/info/1005235541", "https://book.qidian.com/info/1005376194", "https://book.qidian.com/info/1005376194", "https://book.qidian.com/info/1006459531", "https://book.qidian.com/info/1006459531", "https://book.qidian.com/info/1009984218", "https://book.qidian.com/info/1009984218", "https://book.qidian.com/info/1009315749", "https://book.qidian.com/info/1009315749", "https://book.qidian.com/info/1009323001", "https://book.qidian.com/info/1009323001", "https://book.qidian.com/info/1009387802", "https://book.qidian.com/info/1009387802", "https://book.qidian.com/info/1010327039", "https://book.qidian.com/info/1012016027", "https://book.qidian.com/info/1011630501", "https://book.qidian.com/info/1012010192", "https://book.qidian.com/info/1011834598", "https://book.qidian.com/info/1011672705", "https://book.qidian.com/info/1011966835", "https://book.qidian.com/info/1011940680", "https://book.qidian.com/info/1011491390", "https://book.qidian.com/info/1011995376"]}