{"ratings": 0.0, "userreviews": [{"userName": "\u548c\u8c10a", "userReviewDate": "2018-04-18", "userURL": "https://my.qidian.com/user/224844615", "userReview": "\u4e00\u53e5\u8bdd\u4f5c\u4e3a\u4e00\u4e2a\u65b0\u4eba\u80fd\u5199\u5230\u8fd9\u4e2a\u7a0b\u5ea6\u5df2\u7ecf\u5f88\u4e0d\u9519\u4e86\uff0c\u591a\u7684\u4e0d\u8bf4\u4e86\uff0c\u5927\u5bb6\u6362\u4f4d\u601d\u8003\uff0c\u4f5c\u8005\u52a0\u6cb9\u3002"}, {"userName": "BURBERRYcc", "userReviewDate": "2018-03-27", "userURL": "https://my.qidian.com/user/304779304", "userReview": "\u5927\u5bb6\u4e0d\u8981\u88ab\u521a\u5f00\u5934\u7684\u5927\u767d\u6587\u6c14\u8d28\u6253\u9000\uff0c\u5176\u5b9e\u540e\u9762\u8d8a\u6765\u8d8a\u7cbe\u5f69\uff0c\u6709\u79cd\u8bf4\u4e0d\u51fa\u7684\u5f88\u8ff7\u2026\u2026\u7684\u5473\u9053\uff0c\u8ba2\u9605\u7ae0\u8282"}, {"userName": "\u4e00\u5251\u60c5\u4e00\u5251\u9053", "userReviewDate": "2018-02-15", "userURL": "https://my.qidian.com/user/224039616", "userReview": "\u4e2a\u4eba\u89c9\u5f97\u4f5c\u4e3a\u4e00\u4e2a\u65b0\u4eba\uff0c\u5199\u5f97\u5f88\u4e0d\u9519\u3002[fn=59]"}, {"userName": "\u7231\u542cv\u97f3\u4e50", "userReviewDate": "2018-01-30", "userURL": "https://my.qidian.com/user/305394338", "userReview": "\u9519\u5b57\u75c5\u53e5\u6709\u70b9\u591a\uff0c\u5e0c\u671b\u8001\u738b\u5199\u597d\u81ea\u67e5\u770b\u4e00\u4e0b\u4e0d\u8981\u4e3a\u4e86\u66f4\u65b0\u800c\u66f4\u65b0\u2026\u2026\u6211\u8111\u888b\u74dc\u5b50\u5927\u53ef\u4ee5\u770b\u5f97\u8fc7\u53bb\u4f46\u522b\u4eba"}, {"userName": "\u9759\u6cd3\u4e4b\u6709\u732b\u56f4\u89c2", "userReviewDate": "\u6628\u65e506:01", "userURL": "https://my.qidian.com/user/215365284", "userReview": "\u8ba2\u9605\u652f\u6301\ud83d\ude0a"}, {"userName": "\u4e66\u53cb20170218004047416", "userReviewDate": "2018-06-06", "userURL": "https://my.qidian.com/user/229728272", "userReview": "\u573a\u666f\u8f6c\u6362\u592a\u9891\u7e41\uff0c\u53d9\u8ff0\u4e0d\u5b8c\u6574\uff0c\u6545\u4e8b\u7247\u6bb5\u5316"}, {"userName": "\u7231\u542cv\u97f3\u4e50", "userReviewDate": "2018-06-03", "userURL": "https://my.qidian.com/user/305394338", "userReview": "\u8fd8\u6709\u53ef\u80fd\u66f4\u65b0\uff1f\u4eca\u5929\u5403\u5565\u795e\u836f\u4e86"}, {"userName": "\u5415\u5929\u867e4316", "userReviewDate": "2018-06-03", "userURL": "https://my.qidian.com/user/313351728", "userReview": "\u90fd\u662f\u7b7e\u5230\u5e16"}, {"userName": "\u9f99\u7fd4\u5347\u817e", "userReviewDate": "2018-05-28", "userURL": "https://my.qidian.com/user/225451153", "userReview": "\u7b7e\u5230\u652f\u6301\u4e0b\u672c\u4e66"}, {"userName": "zcsmehere", "userReviewDate": "2018-05-28", "userURL": "https://my.qidian.com/user/219886187", "userReview": "\u8bf4\u771f\u7684\uff0c\u5199\u7684\u4e0d\u884c\uff0c\u770b\u5f00\u5934\u5c31\u662f\u8fd9\u79cd\u611f\u89c9"}, {"userName": "\u72ec\u5b64\u65e0\u6709", "userReviewDate": "2018-05-24", "userURL": "https://my.qidian.com/user/194794145", "userReview": "\u5199\u7684\u4e0d\u9519\uff0c\u4e0d\u8fc7\u6709\u7684\u4eba\u4fee\u70bc\u5883\u754c\u592a\u4e71\u4e86\uff0c\u4e00\u4f1a\u7ec3\u6c14\uff0c\u4e00\u4f1a\u7b51\u57fa\uff0c\u9519\u522b\u5b57\u5230\u8fd8\u662f\u5176\u6b21\uff0c\u8fd8\u6709\u4e3b\u89d2\u6709\u4e00\u70b9\u70b9"}, {"userName": "Bennyr", "userReviewDate": "2018-05-20", "userURL": "https://my.qidian.com/user/219622076", "userReview": "\u8282\u7ae0\u53c8\u4e71\u4e86\uff0c\u4e0d\u662f\u5e94\u8be5\u4e03\u767e\u7ae0\u4e86\u5417\uff1f"}, {"userName": "\u7eb5\u6a2a\u795e", "userReviewDate": "2018-05-17", "userURL": "https://my.qidian.com/user/213291676", "userReview": "\u52a0\u6cb9\uff0c\u7edd\u5bf9\u4e0d\u53ef\u4ee5\u653e\u5f03\uff01\u65b0\u4eba\u5199\u4f5c\u4e0d\u5bb9\u6613\uff0c\u5927\u5bb6\u90fd\u652f\u6301\u4e00\u4e0b\u8001\u5996[fn=1]"}, {"userName": "\u7231\u542cv\u97f3\u4e50", "userReviewDate": "2018-05-16", "userURL": "https://my.qidian.com/user/305394338", "userReview": "\u7b7e\u5230\u8868\u793a\u770b\u5b8c\u4e86"}], "description": "\u4fee\u4ed9\u89c5\u957f\u751f\uff0c\u70ed\u8840\u4efb\u900d\u9065\uff0c\u8e0f\u83b2\u66f3\u6ce2\u6da4\u5251\u9aa8\uff0c\u51ed\u865a\u5fa1\u98ce\u5851\u5723\u9b42\uff01", "title": "\u4ed9\u4fee\u516b\u8352", "url": "https://book.qidian.com/info/1005222031", "average": -1.0, "cover": "//qidian.qpic.cn/qdbimg/349573/1005222031/180", "reviews": -1, "authors": [{"url": "https://me.qidian.com/authorIndex.aspx?id=10367208", "name": "\u9694\u58c1\u738b\u8001\u5996"}], "type": ["\u4ed9\u4fa0", "\u4fee\u771f\u6587\u660e"], "outlinks": ["https://book.qidian.com/info/1005222031", "https://book.qidian.com/info/1004985021", "https://book.qidian.com/info/1004985021", "https://book.qidian.com/info/1004849611", "https://book.qidian.com/info/1004849611", "https://book.qidian.com/info/1006872761", "https://book.qidian.com/info/1006872761", "https://book.qidian.com/info/1004934699", "https://book.qidian.com/info/1004934699", "https://book.qidian.com/info/1004819200", "https://book.qidian.com/info/1004819200", "https://book.qidian.com/info/1005987694", "https://book.qidian.com/info/1005987694", "https://book.qidian.com/info/1011970566", "https://book.qidian.com/info/1011970566", "https://book.qidian.com/info/1010327039", "https://book.qidian.com/info/1012016027", "https://book.qidian.com/info/1011630501", "https://book.qidian.com/info/1012010192", "https://book.qidian.com/info/1011834598", "https://book.qidian.com/info/1011672705", "https://book.qidian.com/info/1011966835", "https://book.qidian.com/info/1011940680", "https://book.qidian.com/info/1011491390", "https://book.qidian.com/info/1011995376"]}