{"ratings": 0.0, "userreviews": [{"userName": "\u6d6e\u751f\u76fc\u6709\u94b1", "userReviewDate": "2018-06-04", "userURL": "https://my.qidian.com/user/157804031", "userReview": "\u4e00\u5929\u4e00\u66f4\uff0c\u4f60\u5199\u5230\u6b7b\u4e5f\u7ea2\u4e0d\u4e86"}, {"userName": "\u7a7a\u6c14\u4e2d\u7684\u6cea", "userReviewDate": "2018-06-01", "userURL": "https://my.qidian.com/user/7185971", "userReview": "\u8fd9\u4e66\u5c31\u662f\u5c0f\u5b69\u5199\u7ed9\u5c0f\u5b69\u770b\u7684\uff01\u6211\u6562\u6253\u8d4c\uff0c\u8fd9\u5b69\u5b50\u8d85\u4e0d\u8fc718\u5c81\uff01\u5199\u7684\u4e1c\u897f\u903b\u8f91\u601d\u7ef4\u548c\u6210\u5e74\u4eba\u4ea7\u751f\u4e0d\u4e86\u516c"}, {"userName": "\u770b\u4e66\u4e0d\u723d\u4f7f\u52b2\u55b7", "userReviewDate": "2018-05-31", "userURL": "https://my.qidian.com/user/199519233", "userReview": "\u4e0d\u884c\u4e86\uff0c\u6bd2\u53d1\u8eab\u4ea1\uff0c\u6094\u4e0d\u8be5\u542c\u4e0d\u542c\u795e\u519c\u5927\u4eba\u7684\u8bdd\uff0c"}, {"userName": "\u534a\u4e16\u4ed9\u7f18", "userReviewDate": "2018-05-30", "userURL": "https://my.qidian.com/user/1792334", "userReview": "\u8fd9\u4e66\u4e0d\u80fd\u770b\uff0c\u5df2\u4e3e\u62a5\u3002\u5b8c\u5168\u5e26\u574f\u5c0f\u5b69\u5b50\uff0c\u4e09\u89c2\u4e0d\u6b63\uff0c\u4e0d\u5c0a\u5e08\u9053\u3002"}, {"userName": "\u660e\u4e28\u795e", "userReviewDate": "2018-05-16", "userURL": "https://my.qidian.com/user/219870917", "userReview": "\u5199\u7684\u5f88\u597d\uff0c\u5e0c\u671b\u5f52\u6765\uff0c\u4f11\u606f\u4e86\u4e00\u4e2a\u6708\u4e86\uff0c\u4e5f\u770b\u5f00\u4e86\u5427\uff01\u52a0\u6cb9"}, {"userName": "\u661f\u7a7a\u7e41\u534e", "userReviewDate": "2018-05-16", "userURL": "https://my.qidian.com/user/186204283", "userReview": "\u9898\u6750\u5f88\u597d\uff0c\u5199\u7684\u4e0d\u9519\u3002\u5c31\u662f\u8001\u662f\u6709\u4e9b\u6760\u7cbe\uff0c\u5634\u5f3a\u738b\u8005\uff0c\u6709\u672c\u4e8b\u4f60\u81ea\u5df1\u5199\u554a\u3002\u8bf4\u8fd9\u8bf4\u90a3\uff0c\u81ea\u5df1\u62ff\u51fa\u672c\u4e8b\u6765"}, {"userName": "\u519b\u4e8b\u90e8\u7f72bzb", "userReviewDate": "2018-05-13", "userURL": "https://my.qidian.com/user/210517216", "userReview": "\u54c8\u54c8\uff0c\u6211\u5f00\u59cb\u770b\u7740\u6709\u70b9\u4e0d\u9519\u3002\u770b\u89c1\u7ae0\u8282\u592a\u5c11\u4e86\u3002\u6211\u540e\u4f5c\u8005\u4e0a\u4e00\u672c\u53c8\u592a\u76d1\u4e86\u3002\u5e78\u597d\u6211\u6ca1\u770b"}, {"userName": "\u4e73\u71d5\u6295\u6797", "userReviewDate": "2018-05-09", "userURL": "https://my.qidian.com/user/189277954", "userReview": "\u7b7e\u5230\u4e86\u7ecf\u9a8c"}, {"userName": "\u7ea2\u65d7\u5c0f\u5206\u961f", "userReviewDate": "2018-05-08", "userURL": "https://my.qidian.com/user/213734428", "userReview": "\u4e09\u6c5f\u699c\u4e0d\u5982\u6539\u540d\u53eb\u592a\u76d1\u699c\u7b97\u4e86"}, {"userName": "\u8fd9\u4e00\u5b9a\u662f\u6761\u5047\u54b8\u9c7c", "userReviewDate": "2018-05-06", "userURL": "https://my.qidian.com/user/301875173", "userReview": "\u7a81\u7136\u53d1\u73b0\u8fd9\u672c\u4e66\u53c8\u88ab\u6211\u7ed9\u517b\u6b7b\u4e86.\u5230\u5904\u90fd\u662f\u55b7\u5b50.\u73b0\u5728\u600e\u4e48\u6ca1\u4eba\u5220\u4e66\u8bc4.\u7981\u8a00\u554a\uff01\u6211\u4e4b\u524d19\u7ea7\u7684\u53f7\u82b1"}, {"userName": "\u83aa\u3001\u6d33\u6cda\u60f3\u6cb5", "userReviewDate": "2018-05-04", "userURL": "https://my.qidian.com/user/8831134", "userReview": "\u81ea\u5df1\u4f5c\u6b7b\u88ab\u5c4f\u853d\u8fd8\u602a\u8bfb\u8005\u8bf4...."}, {"userName": "\u8f7b\u6c64\u7c73\u7ebf", "userReviewDate": "2018-05-01", "userURL": "https://my.qidian.com/user/312652796", "userReview": "\u6709\u7684\u5730\u65b9\uff0c\u6211\u7ec8\u5c06\u8e0f\u8db3\uff0c\u5c31\u7b97\u4e00\u65e0\u6240\u6709\uff0c\u54ea\u6015\u4e07\u4e16\u5b64\u72ec\u3002\u90a3\u662f\u6211\u7684\u68a6\uff0c\u662f\u6211\u7684\u9053\uff0c\u662f\u6211\u7684\u547d\u3002\u2014\u2014\u2014\u2014"}, {"userName": "\u7968\u623f\u51a0\u519b", "userReviewDate": "2018-04-30", "userURL": "https://my.qidian.com/user/214852919", "userReview": "\u770b\u4e86\u51e0\u7ae0\uff0c\u4e66\u53ef\u60dc\u4e86\uff01\u5341\u5e74\u524d\u53ef\u4ee5\u6210\u795e\uff0c\u4e09\u5e74\u524d\u53ef\u4ee5\u4e0a\u7cbe\u54c1\uff0c\u73b0\u5728\u6211\u53ea\u60f3\u5410\uff01\u540c\u7c7b\u578b\u770b\u591a\u4e86\uff01\u975e\u8981\u7ed9\u4e3b"}, {"userName": "\u957f\u751f\u4e4b\u59cb", "userReviewDate": "2018-04-30", "userURL": "https://my.qidian.com/user/219948630", "userReview": "\u6bd2\u53d1\u8eab\u4ea1\uff01\uff01\uff01\u8d2b\u9053\u5df2\u6b7b\uff0c\uff0c\u52ff\u5fd8\u3002\u3002\u3002"}], "description": "\u4fee\u4ed9\u89c5\u957f\u751f\uff0c\u70ed\u8840\u4efb\u900d\u9065\uff0c\u8e0f\u83b2\u66f3\u6ce2\u6da4\u5251\u9aa8\uff0c\u51ed\u865a\u5fa1\u98ce\u5851\u5723\u9b42\uff01", "title": "\u4ed9\u4fa0\u8bba\u575b", "url": "https://book.qidian.com/info/1011130376", "average": -1.0, "cover": "//qidian.qpic.cn/qdbimg/349573/1011130376/180", "reviews": -1, "authors": [{"url": "https://me.qidian.com/authorIndex.aspx?id=4181999", "name": "\u4eba\u6c10\u8a00\u5468"}], "type": ["\u4ed9\u4fa0", "\u73b0\u4ee3\u4fee\u771f"], "outlinks": ["https://book.qidian.com/info/1011130376", "https://book.qidian.com/info/1010860637", "https://book.qidian.com/info/1010860637", "https://book.qidian.com/info/1007064065", "https://book.qidian.com/info/1007064065", "https://book.qidian.com/info/1010493117", "https://book.qidian.com/info/1010493117", "https://book.qidian.com/info/1010213475", "https://book.qidian.com/info/1010213475", "https://book.qidian.com/info/1010804864", "https://book.qidian.com/info/1010804864", "https://book.qidian.com/info/1005319995", "https://book.qidian.com/info/1005319995", "https://book.qidian.com/info/3410976", "https://book.qidian.com/info/3410976", "https://book.qidian.com/info/3641484", "https://book.qidian.com/info/3641484", "https://book.qidian.com/info/1010982468", "https://book.qidian.com/info/1010982468", "https://book.qidian.com/info/1010327039", "https://book.qidian.com/info/1012016027", "https://book.qidian.com/info/1011630501", "https://book.qidian.com/info/1012010192", "https://book.qidian.com/info/1011834598", "https://book.qidian.com/info/1011672705", "https://book.qidian.com/info/1011966835", "https://book.qidian.com/info/1011940680", "https://book.qidian.com/info/1011491390", "https://book.qidian.com/info/1011995376"]}