{"ratings": 0.0, "userreviews": [{"userName": "\u91d1\u6bc5\u5f81.", "userReviewDate": "2018-05-21", "userURL": "https://my.qidian.com/user/111465938", "userReview": "\u6211\u53c8\u56de\u6765\u5f00\u5751\u4e86\uff0c\u8fd9\u6b21\u5c1d\u8bd5\u5199\u7075\u5f02\uff0c\u540c\u65f6\u5c1d\u8bd5\u4e00\u6539\u4ee5\u5f80\u7684\u53d9\u4e8b\u98ce\u683c\u548c\u6587\u5b57\u98ce\u683c\uff0c\u5e0c\u671b\u80fd\u5e26\u7ed9\u8bfb\u53cb\u4eec\u4e0d\u4e00"}, {"userName": "\u6770\u7c73\u6817", "userReviewDate": "4\u5c0f\u65f6\u524d", "userURL": "https://my.qidian.com/user/230105198", "userReview": "\u7b7e\u5230\u6c34\u7ecf\u9a8c"}, {"userName": "\u5415\u5929\u867e13717", "userReviewDate": "2018-06-07", "userURL": "https://my.qidian.com/user/316925521", "userReview": "\u7b7e\u5230\u8981\u4e94\u4e2a\u5b57\uff1a\u7b7e\u5230"}, {"userName": "xiaohuazeng", "userReviewDate": "2018-06-02", "userURL": "https://my.qidian.com/user/2835434", "userReview": "\u7b7e\u4e2a\u5230[fn=4]"}, {"userName": "\u957f\u4e0d\u5927\u7684\u963f\u53d4", "userReviewDate": "2018-06-02", "userURL": "https://my.qidian.com/user/213959979", "userReview": "\u652f\u6301\uff0c\u7b7e\u5230"}, {"userName": "\u8c22\u6b23\u71362016", "userReviewDate": "2018-05-30", "userURL": "https://my.qidian.com/user/214980761", "userReview": "\u5927\u5927\uff0c\u53d1\u5305\u7528\u4f5c\u5bb6\u52a9\u624b\u53d1\uff0c\u4e0d\u7136\u90fd\u8ba9\u6302\u62a2\u4e86\uff0c\u5565\u5565\u90fd\u4e0d\u6da8\uff01"}], "description": "\u30102018\u7075\u5f02\u60ac\u7591\u4e0a\u5df3\u796d\u3011\u53c2\u8d5b\u4f5c\u54c1", "title": "\u4ed9\u5e08\u60ca\u60c5", "url": "https://book.qidian.com/info/1012044401", "average": -1.0, "cover": "//qidian.qpic.cn/qdbimg/349573/1012044401/180", "reviews": -1, "authors": [{"url": "https://me.qidian.com/authorIndex.aspx?id=2728554", "name": "\u91d1\u6bc5\u5f81"}], "type": ["\u7075\u5f02", "\u7075\u5f02\u9b3c\u602a"], "outlinks": ["https://book.qidian.com/info/1012044401", "https://book.qidian.com/info/1009706252", "https://book.qidian.com/info/1009706252", "https://book.qidian.com/info/1011100325", "https://book.qidian.com/info/1011100325", "https://book.qidian.com/info/1009266474", "https://book.qidian.com/info/1009266474", "https://book.qidian.com/info/1004074056", "https://book.qidian.com/info/1004074056", "https://book.qidian.com/info/1009699431", "https://book.qidian.com/info/1009699431", "https://book.qidian.com/info/1009814745", "https://book.qidian.com/info/1009814745", "https://book.qidian.com/info/3177150", "https://book.qidian.com/info/3177150", "https://book.qidian.com/info/3475750", "https://book.qidian.com/info/3475750", "https://book.qidian.com/info/1003814907", "https://book.qidian.com/info/1003814907", "https://book.qidian.com/info/1010243357", "https://book.qidian.com/info/1010243357", "https://book.qidian.com/info/1010610973", "https://book.qidian.com/info/1010610973", "https://book.qidian.com/info/1011837610", "https://book.qidian.com/info/1011987732", "https://book.qidian.com/info/1011825122", "https://book.qidian.com/info/1011825450", "https://book.qidian.com/info/1011945422", "https://book.qidian.com/info/1011826884", "https://book.qidian.com/info/1011790544", "https://book.qidian.com/info/1011825290", "https://book.qidian.com/info/1011896879", "https://book.qidian.com/info/1011875452"]}