{"ratings": 0.0, "userreviews": [{"userName": "\u4e66\u53cb20171121002236457", "userReviewDate": "2018-06-04", "userURL": "https://my.qidian.com/user/310949565", "userReview": "\u8fd9\u662f\u5728\u9017\u6211\u5417\uff1f\u516d\u4e00\u8fc7\u8282\u53bb\u4e86\uff1f"}, {"userName": "\u897f\u9b54\u874e", "userReviewDate": "2018-06-01", "userURL": "https://my.qidian.com/user/220599254", "userReview": "\u600e\u4e48\u4e0d\u66f4\u4e86\uff0c\u516d\u4e00\u4e86\uff1f"}, {"userName": "\u5415\u5929\u867e12566", "userReviewDate": "2018-05-30", "userURL": "https://my.qidian.com/user/315362807", "userReview": "\u7b7e\u5230[fn=4]"}, {"userName": "\u5d14\u5fc3\u6d6a", "userReviewDate": "2018-05-25", "userURL": "https://my.qidian.com/user/228099621", "userReview": "\u54ce\uff0c\u5355\u673a\u5341\u51e0\u4e07\u5b57\uff0c\u6709\u70b9\u7d2f\u4e86\u3002\u4e0d\u77e5\u9053\u6709\u6ca1\u6709\u5728\u770b\u8fd9\u672c\u4e66\u7684\u670b\u53cb\uff0c\u51fa\u6765\u804a\u5341\u5757\u94b1\u7684\uff1f"}, {"userName": "\u91ca\u8fe6\u6478\u4f60", "userReviewDate": "2018-04-25", "userURL": "https://my.qidian.com/user/115070653", "userReview": "\u4e00\u53e3\u6c14\u770b\u5b8c \u7edd\u5bf9\u662f\u4ed9\u4fa0\u98ce\u7684\u4e00\u80a1\u6e05\u6d41 \u6709\u521b\u610f\u6709\u5957\u8def \u671f\u5f85"}], "description": "\u3010\u7f51\u6587\u4e4b\u738b\u7384\u5e7b\u201cBOSS\u6d41\u201d\u5f81\u6587\u3011\u53c2\u8d5b\u4f5c\u54c1", "title": "\u4ed9\u541b\u6162\u8d70", "url": "https://book.qidian.com/info/1011816171", "average": -1.0, "cover": "//qidian.qpic.cn/qdbimg/349573/1011816171/180", "reviews": -1, "authors": [{"url": "https://me.qidian.com/authorIndex.aspx?id=402284234", "name": "\u4f69\u5947\u7684\u5f1f\u5f1f"}], "type": ["\u7384\u5e7b", "\u4e1c\u65b9\u7384\u5e7b"], "outlinks": ["https://book.qidian.com/info/1011816171", "https://book.qidian.com/info/3394273", "https://book.qidian.com/info/3394273", "https://book.qidian.com/info/1010421192", "https://book.qidian.com/info/1010421192", "https://book.qidian.com/info/1011004712", "https://book.qidian.com/info/1011004712", "https://book.qidian.com/info/1005784196", "https://book.qidian.com/info/1005784196", "https://book.qidian.com/info/1010280375", "https://book.qidian.com/info/1010280375", "https://book.qidian.com/info/1005062008", "https://book.qidian.com/info/1005062008", "https://book.qidian.com/info/1011988403", "https://book.qidian.com/info/1009595922", "https://book.qidian.com/info/1011844784", "https://book.qidian.com/info/1011892497", "https://book.qidian.com/info/1011095320", "https://book.qidian.com/info/1011996851", "https://book.qidian.com/info/1011856434", "https://book.qidian.com/info/1011879207", "https://book.qidian.com/info/1011833256", "https://book.qidian.com/info/1011967674"]}