{"ratings": 0.0, "userreviews": [{"userName": "\u9038\u8c6a999", "userReviewDate": "2018-05-24", "userURL": "https://my.qidian.com/user/302312448", "userReview": "\u60f3\u95ee\u95ee\u4f5c\u8005@\u767e\u91cc\u73ba\uff0c\u4e3a\u4ec0\u4e48\u4e00\u8fb9\u8bf4\u571f\u65cf\u4e0d\u80fd\u4fee\u70bc\uff0c\u800c\u4e3b\u89d2\u8eab\u8fb9\u6709\u4e94\u4e2a\u571f\u65cf\u536b\u58eb\uff1f"}, {"userName": "\u4e66\u53cb20180417080434057", "userReviewDate": "2018-05-16", "userURL": "https://my.qidian.com/user/315765832", "userReview": "\u53c8\u662f\u8001\u5957\u8def\uff0c\u662f\u5973\u7684\u624d\u6551\uff0c\u8fd9\u6837\u7684\u5c0f\u8bf4\u6ca1\u6cd5\u770b\uff0c\u6740\u4eba\u593a\u5b9d\uff0c\u95f7\u58f0\u53d1\u5927\u8d22\u624d\u662f\u738b\u9053"}, {"userName": "\u4ee4\u72d0\u51b2\u8001\u7237", "userReviewDate": "2018-05-14", "userURL": "https://my.qidian.com/user/133101228", "userReview": "\u672c\u4e66\u603b\u4f53\u6765\u8bf4\u53ef\u770b\ud83d\ude04\uff0c\u53f6\u79e6\u5230\u53f6\u9ed8\uff0c\u7ec6\u8282\u3001\u4eba\u7269\u4e0d\u9519\u3002\u4f46\u641e\u51fa\u9cb2\u9e4f\u795e\u5b97\u626f\u5c60\u51e1\u9006\u4ed9[fn=17],\u9677"}, {"userName": "rfyapple", "userReviewDate": "2018-05-14", "userURL": "https://my.qidian.com/user/139408091", "userReview": "\u559c\u6b22\ud83d\ude0a\u4f46\u6700\u559c\u6b22\u7684\u8fd8\u662f\u7d2b\u5e9c"}, {"userName": "\u6d41\u6d41\u6d41666", "userReviewDate": "2018-05-14", "userURL": "https://my.qidian.com/user/216089080", "userReview": "\u6211\u89c9\u5f97\u4f5c\u8005\u7684\u4ed9\u57ce\u6d41\u4e0d\u662f\u5f88\u80fd\u5438\u5f15\u4eba\u554a\uff0c\u7ed9\u4eba\u83ab\u540d\u7684\u5c34\u5c2c\u611f\u89c9"}, {"userName": "\u67f3\u8f7b\u9038", "userReviewDate": "2018-05-14", "userURL": "https://my.qidian.com/user/190533149", "userReview": "\u52a0\u6cb9\u4e0d\u8981\u8ddf\u7d2b\u5e9c\u4e00\u6837\u70c2\u5c3e\uff0c\u5f53\u5e74\u770b\u7d2b\u5e9c\u8ddf\u51e1\u4eba\u4e00\u6837\u8ff7\u7684\uff0c\u53ef\u4ee5\u66f4\u65b0\u592a\u6162\uff0c\u53c8\u70c2\u5c3e\uff0c\u4e0d\u7136\u53c8\u591a\u4e86\u4e00\u4e2a\u7d2b\u5e9c"}, {"userName": "\u730e\u6237\u5ea7\u725b\u4eba", "userReviewDate": "2018-05-14", "userURL": "https://my.qidian.com/user/119251338", "userReview": "\u6e38\u620f\u4fee\u771f\u5c0f\u8bf4\uff0c\u672c\u4eba\u6ca1\u770b\u51fa\u53f6\u9ed8\u9664\u4e86\u7ec3\u4f53\u5916\uff0c\u529f\u6cd5\u6cd5\u5b9d\u5f3a\u5728\u54ea\u91cc\uff0c\u4e3a\u4f55\u80fd\u529b\u538b\u540c\u7ea7\u4fee\u58eb\uff0c\u4e14\u8981\u4ec0\u4e48\u6709\u4ec0"}, {"userName": "\u4e5d\u5dde\u8046\u9752", "userReviewDate": "2018-05-11", "userURL": "https://my.qidian.com/user/217325481", "userReview": "...\u771f\u7684\u662f\u5927\u795e\u5199\u7684\u5417\uff1f\u65e0\u8111\u723d\u6587\u6d41\uff0c\u914d\u89d2\u9047\u4e0a\u4e3b\u89d2\u667a\u5546\u4e0b\u7ebf\uff0c\u8ba9\u4eba\u597d\u5947\u914d\u89d2\u600e\u4e48\u957f\u8fd9\u4e48\u5927\u7684\uff0c\u4e00\u70b9"}, {"userName": "\u4ee4\u72d0\u51b2\u8001\u7237", "userReviewDate": "2018-05-10", "userURL": "https://my.qidian.com/user/133101228", "userReview": "\u770b\u5230\u5c0f\u8349\u82cf\u6210\u4e3a\u81f3\u5f3a\u8005\u3002\u539f\u6765\u6545\u4e8b\u56f4\u7ed5\u5e73\u51e1\u4e0e\u8d85\u51e1\u4e4b\u4e89\uff0c\u54c8\u54c8\ud83d\ude04\uff01\u8fd9\u5c31\u662f\u672a\u6765\u6218\u6597\u7684\u7406\u7531\uff1f\u53f6\u9ed8\u5df2\u7ecf\u878d"}, {"userName": "\u4ee4\u72d0\u51b2\u8001\u7237", "userReviewDate": "2018-05-05", "userURL": "https://my.qidian.com/user/133101228", "userReview": "\u4e94\u76df\u5927\u6218\uff0c\u4f30\u8ba1\u53f6\u6c0f\u51fa\u53e3\u6218\u8239\u6b66\u5668\uff0c\u4ece\u6b64\u6280\u672f\u6c34\u5e73\u9ad8\u51fa\u522b\u4eba\u4e00\u5927\u622a\u3002\u73b0\u5b9e\u4e2d\u7f8e\u5e1d\u600e\u4e48\u80fd\u505a\u5230\u8fd9\u4e00\u70b9\uff1f\u6211"}, {"userName": "\u4ee4\u72d0\u51b2\u8001\u7237", "userReviewDate": "2018-05-04", "userURL": "https://my.qidian.com/user/133101228", "userReview": "\u770b\u5230\u7075\u5c9b\u751f\u5b58\u8270\u96be\uff0c\u53f6\u9ed8\u4f5c\u4e3a\u9996\u9886\u53bb\u6316\u77ff\uff0c\u8ba9\u624b\u4e0b\u4fee\u70bc\u3002\u5176\u5b9e\u8ba9\u90a3\u4e9b\u624b\u4e0b\u90fd\u6765\u6316\u77ff\u4f53\u9a8c\u4e00\u6bb5\u65f6\u95f4\u672a\u5c1d\u4e0d"}, {"userName": "\u503e\u68a6\u4e91\u70df", "userReviewDate": "2018-04-15", "userURL": "https://my.qidian.com/user/202205607", "userReview": "\u51fa\u62db\u524d\u8fd8\u628a\u62db\u5f0f\u558a\u51fa\u6765******\u516e\u516e\u7684\uff0c\u6709\u90a3\u558a\u7684\u529b\u6c14\u4e0d\u5982\u90fd\u7528\u5728\u62db\u5f0f\u4e0a\uff0c\u4f5c\u8005\u662f\u7f8e\u56fd\u5417"}, {"userName": "\u67ab\u53f6\u661f\u8fb0ZZ", "userReviewDate": "2018-04-15", "userURL": "https://my.qidian.com/user/310279152", "userReview": "\u7b7e\u5230\u6c34\u7ecf\u9a8c"}, {"userName": "\u4e66\u53cb20180319135841058", "userReviewDate": "2018-03-25", "userURL": "https://my.qidian.com/user/314842934", "userReview": "\u3002\u3002\u3002\u6211\u4e5f\u6765"}], "description": "\u4fee\u4ed9\u89c5\u957f\u751f\uff0c\u70ed\u8840\u4efb\u900d\u9065\uff0c\u8e0f\u83b2\u66f3\u6ce2\u6da4\u5251\u9aa8\uff0c\u51ed\u865a\u5fa1\u98ce\u5851\u5723\u9b42\uff01", "title": "\u4ed9\u57ce\u4e4b\u738b", "url": "https://book.qidian.com/info/3347535", "average": -1.0, "cover": "//qidian.qpic.cn/qdbimg/349573/3347535/180", "reviews": -1, "authors": [{"url": "https://me.qidian.com/authorIndex.aspx?id=4362236", "name": "\u767e\u91cc\u73ba"}], "type": ["\u4ed9\u4fa0", "\u5e7b\u60f3\u4fee\u4ed9"], "outlinks": ["https://book.qidian.com/info/3347535", "https://book.qidian.com/info/1010259609", "https://book.qidian.com/info/1010259609", "https://book.qidian.com/info/1005395194", "https://book.qidian.com/info/1005395194", "https://book.qidian.com/info/1009854468", "https://book.qidian.com/info/1009854468", "https://book.qidian.com/info/1007377615", "https://book.qidian.com/info/1007377615", "https://book.qidian.com/info/1003802803", "https://book.qidian.com/info/1003802803", "https://book.qidian.com/info/1010771394", "https://book.qidian.com/info/1010771394", "https://book.qidian.com/info/173601", "https://book.qidian.com/info/173601", "https://book.qidian.com/info/1341662", "https://book.qidian.com/info/1341662", "https://book.qidian.com/info/2236900", "https://book.qidian.com/info/2236900", "https://book.qidian.com/info/3516209", "https://book.qidian.com/info/3516209", "https://book.qidian.com/info/1010259609", "https://book.qidian.com/info/1010259609", "https://book.qidian.com/info/1010327039", "https://book.qidian.com/info/1012016027", "https://book.qidian.com/info/1011630501", "https://book.qidian.com/info/1012010192", "https://book.qidian.com/info/1011834598", "https://book.qidian.com/info/1011672705", "https://book.qidian.com/info/1011966835", "https://book.qidian.com/info/1011940680", "https://book.qidian.com/info/1011491390", "https://book.qidian.com/info/1011995376"]}