{"ratings": 0.0, "userreviews": [{"userName": "\u5815\u843d\u963f\u65af\u987f", "userReviewDate": "2018-06-05", "userURL": "https://my.qidian.com/user/139736282", "userReview": "\u5f88\u6076\u5fc3\u554a\uff0c\u7cfb\u7edf\u4e3b\u5bb0\u7a7f\u8d8a\u8005\u7684\u4e00\u5207\u6d3b\u52a8\uff0c\u90a3\u8981\u7a7f\u8d8a\u8005\u6709\u4ec0\u4e48\u7528\uff1f"}, {"userName": "JBN9632", "userReviewDate": "2018-06-04", "userURL": "https://my.qidian.com/user/153077097", "userReview": "\u5e7c\u7a1a\u56ed\u96c6\u4e2d\u8425"}, {"userName": "\u738b\u5927\u773c\u888b", "userReviewDate": "2018-05-30", "userURL": "https://my.qidian.com/user/303310090", "userReview": "\u4e66\u633a\u597d\u770b\u7684\uff0c\u52a0\u6cb9"}, {"userName": "\u9b3d\u6c34\u697c", "userReviewDate": "2018-05-29", "userURL": "https://my.qidian.com/user/215581618", "userReview": "\u5f97\u5230\u6210\u795e\u4ed9\u7cfb\u7edf\u7684\u4e3b\u89d2\u5728\u571f\u8457\u5927\u660e\u6210\u795e\u7684\u9017\u6bd4\u65c5\u9014"}, {"userName": "\u5b85\u7537\u5c0f\u4e66\u9738", "userReviewDate": "2018-05-27", "userURL": "https://my.qidian.com/user/211613561", "userReview": "\u597d\u597d\u7684\u5c31\u5199\u4eba\uff0c\u7cfb\u7edf\u63a7\u5236\u4eba\u770b\u7740\u4e0d\u8212\u670d\uff0c\u5f03\u4e86"}, {"userName": "\u68a6\u60f3\u5929\u795e", "userReviewDate": "2018-05-27", "userURL": "https://my.qidian.com/user/145895203", "userReview": "\u7eaa\u7eb2\u662f\u6731\u68e3\u65f6\u671f\u7684\u4eba\u3002"}, {"userName": "\u96e8\u8def\u9065", "userReviewDate": "2018-05-20", "userURL": "https://my.qidian.com/user/119428206", "userReview": "\u7b80\u4ecb\u4e0d\u9519\uff0c\u6211\u5c31\u559c\u6b22\u4e3b\u89d2\u8fd9\u79cd\u9017\u6bd4"}], "description": "\u30102018\u8d77\u70b9\u4ed9\u4fa0\u6d41\u6d3e\u5f81\u6587\u3011\u53c2\u8d5b\u4f5c\u54c1", "title": "\u4ed9\u5728\u5927\u660e", "url": "https://book.qidian.com/info/1011971933", "average": -1.0, "cover": "//qidian.qpic.cn/qdbimg/349573/1011971933/180", "reviews": -1, "authors": [{"url": "https://me.qidian.com/authorIndex.aspx?id=400924968", "name": "\u529b\u798f\u6d77"}], "type": ["\u4ed9\u4fa0", "\u5e7b\u60f3\u4fee\u4ed9"], "outlinks": ["https://book.qidian.com/info/1011971933", "https://book.qidian.com/info/1005405425", "https://book.qidian.com/info/1005405425", "https://book.qidian.com/info/1005032527", "https://book.qidian.com/info/1005032527", "https://book.qidian.com/info/1009644217", "https://book.qidian.com/info/1009644217", "https://book.qidian.com/info/1010389683", "https://book.qidian.com/info/1010389683", "https://book.qidian.com/info/1005097433", "https://book.qidian.com/info/1005097433", "https://book.qidian.com/info/1009273623", "https://book.qidian.com/info/1009273623", "https://book.qidian.com/info/1010503844", "https://book.qidian.com/info/1010503844", "https://book.qidian.com/info/1010771812", "https://book.qidian.com/info/1010771812", "https://book.qidian.com/info/1010327039", "https://book.qidian.com/info/1012016027", "https://book.qidian.com/info/1011630501", "https://book.qidian.com/info/1012010192", "https://book.qidian.com/info/1011834598", "https://book.qidian.com/info/1011672705", "https://book.qidian.com/info/1011966835", "https://book.qidian.com/info/1011940680", "https://book.qidian.com/info/1011491390", "https://book.qidian.com/info/1011995376"]}