{"ratings": 0.0, "userreviews": [{"userName": "\u5973\u513f\u53eb\u60a6\u60a6", "userReviewDate": "2017-06-29", "userURL": "https://my.qidian.com/user/215141003", "userReview": "\u672c\u4e66\u5df2\u7ecf\u5728\u4e66\u5355\u91cc\u4e86\uff0c\u559c\u6b22\u7684\u4e66\u53cb\u53ef\u4ee5\u53bb\u70b9\u559c\u6b22\u5566\uff0c\u968f\u4fbf\u5173\u6ce8\u4e00\u4e0b\u6211\u7684\u4e66\u5355\uff0c\u300a\u6c5f\u5357\u70df\u96e8\u9601\u300b\u6b22\u8fce\u5927\u5bb6"}, {"userName": "\u80d6\u5927\u5c3c", "userReviewDate": "2017-06-27", "userURL": "https://my.qidian.com/user/227670333", "userReview": "\u65b0\u4eba\u5199\u4f5c\u4e0d\u6613\uff0c\u53ea\u67096\u5f20\u63a8\u8350\u7a0d\u8868\u5fc3\u610f\u4e86"}, {"userName": "\u591a\u591a\u8ff7", "userReviewDate": "2017-06-08", "userURL": "https://my.qidian.com/user/211919962", "userReview": "\u6536\u85cf\u6536\u85cf\u6536\u85cf \u4eba\u8981\u662f\u771f\u7684\u80fd\u957f\u751f\u591a\u597d\uff0c\u4e0d\u7528\u591a\u6d3b\u4e2a\u5343\u5c81\u5c31\u884c \u54c8\u54c8"}, {"userName": "\u65b0\u6865\u6728\u5934", "userReviewDate": "2017-06-04", "userURL": "https://my.qidian.com/user/220860488", "userReview": "4\u7968\uff0c\u591a\u66f4\u65b0\u70b9\uff0c\uff0c\u3002\u524d\u671f\uff01\u7a33\u4f4f\u66f4\u65b0\u624d\u91cd\u8981"}, {"userName": "\u91d1\u4e2d\u826f", "userReviewDate": "5\u5c0f\u65f6\u524d", "userURL": "https://my.qidian.com/user/220652854", "userReview": "\u672c\u4eba\u4f5c\u54c1\uff0c\u638c\u5fc3\u96f7"}, {"userName": "\u5415\u5929\u867e3893", "userReviewDate": "2018-06-03", "userURL": "https://my.qidian.com/user/313245209", "userReview": "\u5404\u4f4d\u6295\u7968\u554a\uff01"}, {"userName": "\u5415\u5929\u867e3302", "userReviewDate": "2018-05-29", "userURL": "https://my.qidian.com/user/313233397", "userReview": "\u5237\u8138\u3002\u3002\u3002"}, {"userName": "\u5415\u5929\u867e3330", "userReviewDate": "2018-05-27", "userURL": "https://my.qidian.com/user/313185986", "userReview": "\u8fd9\u7ae0\u731d\u4e0d\u53ca\u9632"}, {"userName": "\u661f\u8fb0\u7834\u788e\u661f\u821e", "userReviewDate": "2018-05-25", "userURL": "https://my.qidian.com/user/303599460", "userReview": "\u6211\u5f88\u597d\u5947\uff0c\u8fd9\u672c\u4e66\u5199\u4e86\u8fd9\u4e48\u591a\u7ae0\uff0c\u5c31\u8fd9\u4e48\u70b9\u4eba\u548c\u4e66\u8bc4\u5417\uff1f"}, {"userName": "\u9694\u58c1\u7684\u6587\u53d4\u53d4", "userReviewDate": "2018-05-21", "userURL": "https://my.qidian.com/user/213129428", "userReview": "\u524d\u9762\u8bf4\u9605\u89c8\u5ba4\u5f88\u5b89\u9759\u7684\u53ef\u6015\uff0c\u4e3b\u89d2\u4e00\u53bb\u5c31\u95f9\u8d77\u6765\u4e86\uff1f\u5475\u5475\uff0c\u679c\u7136\u662f\u4e3b\u89d2\u7279\u6743"}, {"userName": "\u9694\u58c1\u7684\u6587\u53d4\u53d4", "userReviewDate": "2018-05-21", "userURL": "https://my.qidian.com/user/213129428", "userReview": "\u4e00\u4e2a\u8fd9\u4e48\u5927\u7684\u95e8\u6d3e\uff0c\u7cbe\u795e\u4fee\u70bc\u5c45\u7136\u53ea\u6709\u6b8b\u672c\uff0c\u6015\u662f\u8111\u6b8b\u95e8\u6d3e\u5427"}, {"userName": "\u9694\u58c1\u7684\u6587\u53d4\u53d4", "userReviewDate": "2018-05-20", "userURL": "https://my.qidian.com/user/213129428", "userReview": "\u53ea\u60f3\u8bf4\u80fd\u529b\u4e0d\u591f \u8fd8\u6b63\u4e49\u611f\u7206\u68da\uff0c\u679c\u7136\u662f\u4e3b\u89d2\u82b1\u6837\u4f5c\u6b7b\uff0c\u4e5f\u4e0d\u4f1a\u6b7b"}, {"userName": "\u5415\u5929\u867e3740", "userReviewDate": "2018-05-16", "userURL": "https://my.qidian.com/user/313205105", "userReview": "\u597d\u4e66\u52a0\u6cb9\uff01"}, {"userName": "\u5415\u5929\u867e3888", "userReviewDate": "2018-05-12", "userURL": "https://my.qidian.com/user/313244397", "userReview": "\u7b7e\u5230\u5566\u54c8\u54c8"}], "description": "\u5fc3\u6f6e\u6f8e\u6e43\uff0c\u65e0\u9650\u5e7b\u60f3\uff0c\u8fce\u98ce\u6325\u51fb\u5343\u5c42\u6d6a\uff0c\u5c11\u5e74\u4e0d\u8d25\u70ed\u8840\uff01", "title": "\u4ed9\u547d\u957f\u751f", "url": "https://book.qidian.com/info/1009380694", "average": -1.0, "cover": "//qidian.qpic.cn/qdbimg/349573/1009380694/180", "reviews": -1, "authors": [{"url": "https://me.qidian.com/authorIndex.aspx?id=12130278", "name": "\u5c0f\u7c73\u4e00\u7897"}], "type": ["\u7384\u5e7b", "\u4e1c\u65b9\u7384\u5e7b"], "outlinks": ["https://book.qidian.com/info/1009380694", "https://book.qidian.com/info/1009509265", "https://book.qidian.com/info/1009509265", "https://book.qidian.com/info/1009640826", "https://book.qidian.com/info/1009640826", "https://book.qidian.com/info/1007401049", "https://book.qidian.com/info/1007401049", "https://book.qidian.com/info/1009273746", "https://book.qidian.com/info/1009273746", "https://book.qidian.com/info/1010926595", "https://book.qidian.com/info/1010926595", "https://book.qidian.com/info/1009594054", "https://book.qidian.com/info/1009594054", "https://book.qidian.com/info/1011988403", "https://book.qidian.com/info/1009595922", "https://book.qidian.com/info/1011844784", "https://book.qidian.com/info/1011892497", "https://book.qidian.com/info/1011095320", "https://book.qidian.com/info/1011996851", "https://book.qidian.com/info/1011856434", "https://book.qidian.com/info/1011879207", "https://book.qidian.com/info/1011833256", "https://book.qidian.com/info/1011967674"]}