{"ratings": 0.0, "userreviews": [{"userName": "\u6ec7\u4e2d\u5feb\u624b", "userReviewDate": "2017-04-08", "userURL": "https://my.qidian.com/user/224633810", "userReview": "\u9996\u5148\u8981\u611f\u8c22\u5404\u4f4d\u8bfb\u8005\u670b\u53cb\u5bf9\u6211\u7684\u652f\u6301\uff0c\u5982\u679c\u5927\u5bb6\u81ea\u5df1\u60f3\u51fa\u73b0\u5728\u6545\u4e8b\u4e2d\uff0c\u6216\u8005\u6709\u559c\u6b22\u7684\u4eba\u7269\uff0c\u5e76\u4e14\u5e0c\u671b\u4ed6"}, {"userName": "zmg0913", "userReviewDate": "2018-05-16", "userURL": "https://my.qidian.com/user/20426973", "userReview": "\u540e\u9762\u7684\u5185\u5bb9\u662f\u5565\u554a\uff1f\uff01\u9632\u76d7\u4e0d\u4f1a\u4e00\u76f4\u4e0d\u662f\u6700\u7ec8\u7684\u5185\u5bb9\u5427\u3002"}, {"userName": "\u6b87\u4e0d\u6ce3", "userReviewDate": "2018-05-10", "userURL": "https://my.qidian.com/user/141865441", "userReview": "\u770b\u5230\u7b2c\u4e8c\u7ae0\uff0c\u6751\u957f\u7684\u60c5\u8282\uff0c\u679c\u65ad\u5f03\u5751\uff0c\u88ab\u6bd2\u6b7b\u4e86"}, {"userName": "\u5c0f\u75afhy", "userReviewDate": "2018-04-09", "userURL": "https://my.qidian.com/user/301377959", "userReview": "\u6211\u628a\u8fd9\u672c\u5c0f\u8bf4\u5b8c\u5b8c\u6574\u6574\u5730\u770b\u4e86\u4e00\u4e0b\uff0c\u6709\u51e0\u4e2a\u95ee\u9898\u60f3\u95ee\u4e00\u4e0b\u4f5c\u8005\u541b\u30021,\u8fd9\u672c\u5c0f\u8bf4\u4f1a\u6709\u591a\u5c11\u4e2a\u5973\u4e3b\uff1f2,"}, {"userName": "\u4e66\u53cb20180101204257032", "userReviewDate": "2018-03-30", "userURL": "https://my.qidian.com/user/312287720", "userReview": "\u6c34\u7ecf\u9a8c\u3002\u3002\u3002"}, {"userName": "catherine27", "userReviewDate": "2018-03-07", "userURL": "https://my.qidian.com/user/119263079", "userReview": "\u6bd2\u70b9\u592a\u591a\u4e86\u3002\u5148\u4e0d\u8bf4\u5973\u8b66\uff0c\u524d\u5973\u53cb\uff0c\u8fd8\u6709\u90a3\u6751\u957f\u3002\u5c31\u8bf4\u4e70\u8f66\u65f6\u88ab\u72d7\u773c\u770b\u4eba\u4f4e\u4e86\u3002\u4ed6\u8fde\u5728\u519c\u6751\u65f6\u90fd\u7a7f\u7740\u963f"}, {"userName": "\u53e4\u5858\u4e3f\u6751\u4eba", "userReviewDate": "2018-03-06", "userURL": "https://my.qidian.com/user/199704080", "userReview": "\u5c31\u5f00\u5934\u516d\u7ae0\uff0c\u5df2\u7ecf\u4e24\u4e2a\u5973\u7684\u4e86\u3002\u3002\u8fd9\u662f\u5927\u79cd\u9a6c\u8282\u594f\u554a"}, {"userName": "\u5415\u5929\u867e3985", "userReviewDate": "2018-03-02", "userURL": "https://my.qidian.com/user/313036140", "userReview": "\u7b49\u4e00\u4e2a\u7206\u53d1"}, {"userName": "\u5415\u5929\u867e3185", "userReviewDate": "2018-03-01", "userURL": "https://my.qidian.com/user/313210739", "userReview": "\u80fd\u76d6\u697c\u5417\uff1f"}, {"userName": "\u5415\u5929\u867e3457", "userReviewDate": "2018-02-28", "userURL": "https://my.qidian.com/user/313049995", "userReview": "\u7b7e\u5230\uff0c\u6c34\u7ecf\u9a8c\u3002"}, {"userName": "\u4e66\u53cb160817181515431", "userReviewDate": "2018-02-28", "userURL": "https://my.qidian.com/user/221445223", "userReview": "\u4e66\u5199\u7684\u5f88\u4e0d\u9519\uff0c\u795d\u4f5c\u80052018\u65fa\u65fa\uff01[fn=35][fn=55]"}, {"userName": "\u6301\u4e45\u5c0a", "userReviewDate": "2018-02-26", "userURL": "https://my.qidian.com/user/229844078", "userReview": "\u7b2c\u5341\u5230\u5341\u4e09\u7ae0\u6709\u6bd2\uff0c\u518d\u5c01\u95ed\u7684\u6751\u5e84\u4e5f\u77e5\u9053\u95ee\u4eba\u786e\u8ba4\u662f\u4e0d\u662f\u628a\u503a\u52a1\u8f6c\u7ed9\u522b\u4eba\u4e86\uff0c\u7236\u5b50\u4fe9\u4e2a\u90fd\u4e0d\u662f\u597d\u9e1f\uff0c\u8fd9"}, {"userName": "\u5927\u6811\u7cbe", "userReviewDate": "2018-02-11", "userURL": "https://my.qidian.com/user/130724460", "userReview": "\u7b7e\u5230\u52a0\u6cb9\u2196(^\u03c9^)\u2197"}, {"userName": "\u4e66\u53cb20171007212626608", "userReviewDate": "2018-01-22", "userURL": "https://my.qidian.com/user/309168390", "userReview": "\u600e\u4e48\u6709\u91cd\u590d\u7684"}], "description": "\u91cd\u751f\u8fc7\u53bb\u3001\u7545\u60f3\u672a\u6765\u3001\u68a6\u5e7b\u73b0\u5b9e\uff0c\u518d\u5851\u4f20\u5947\u4eba\u751f\uff01", "title": "\u4ed9\u5bb6\u5c0f\u519c\u6c11", "url": "https://book.qidian.com/info/1005810433", "average": -1.0, "cover": "//qidian.qpic.cn/qdbimg/349573/1005810433/180", "reviews": -1, "authors": [{"url": "https://me.qidian.com/authorIndex.aspx?id=8954028", "name": "\u6ec7\u4e2d\u5feb\u624b"}], "type": ["\u90fd\u5e02", "\u5f02\u672f\u8d85\u80fd"], "outlinks": ["https://book.qidian.com/info/1005810433", "https://book.qidian.com/info/1009470050", "https://book.qidian.com/info/1009470050", "https://book.qidian.com/info/1010996215", "https://book.qidian.com/info/1010996215", "https://book.qidian.com/info/1010053636", "https://book.qidian.com/info/1010053636", "https://book.qidian.com/info/1010354791", "https://book.qidian.com/info/1010354791", "https://book.qidian.com/info/1009501103", "https://book.qidian.com/info/1009501103", "https://book.qidian.com/info/1011034242", "https://book.qidian.com/info/1011034242", "https://book.qidian.com/info/1010122076", "https://book.qidian.com/info/1010122076", "https://book.qidian.com/info/1011932150", "https://book.qidian.com/info/1012029544", "https://book.qidian.com/info/1012015699", "https://book.qidian.com/info/1012018201", "https://book.qidian.com/info/1011879101", "https://book.qidian.com/info/1011790606", "https://book.qidian.com/info/1011971435", "https://book.qidian.com/info/1009695534", "https://book.qidian.com/info/1011890878", "https://book.qidian.com/info/1010537314"]}