{"ratings": 0.0, "userreviews": [{"userName": "\u90a3\u5929\u90a3\u98ce", "userReviewDate": "2018-04-05", "userURL": "https://my.qidian.com/user/191709153", "userReview": "\u90a3\u5929\u90a3\u98ce\u6253\u8d4f\u706d\u51e4 50000\u8d77\u70b9\u5e01\u3000\u8fd9\u672c\u4e66\u5199\u7684\u592a\u597d\u4e86,\u7292\u52b3\u4e00\u4e0b\u5e0c\u671b\u540e\u7eed\u66f4\u7cbe\u5f69!"}, {"userName": "\u300e\u706d\u51e4\u300f", "userReviewDate": "2016-12-16", "userURL": "https://my.qidian.com/user/103693575", "userReview": "\u9f99\u5957\u697c\n\u6069\uff0c\u6b22\u8fce\u5927\u5bb6\u62a5\u540d"}, {"userName": "\u7eef\u9bce", "userReviewDate": "2016-11-12", "userURL": "https://my.qidian.com/user/7931388", "userReview": "\u7eef\u9bce\u6253\u8d4f\u706d\u51e4 100000\u8d77\u70b9\u5e01\u3000\u8fd9\u672c\u4e66\u592a\u68d2\u4e86\uff01\u7292\u52b3\u4e00\u4e0b\uff0c\u5e0c\u671b\u540e\u7eed\u66f4\u7cbe\u5f69\uff01"}, {"userName": "\u7eef\u9bce", "userReviewDate": "2016-11-12", "userURL": "https://my.qidian.com/user/7931388", "userReview": "\u7eef\u9bce\u6253\u8d4f\u706d\u51e4 50000\u8d77\u70b9\u5e01\u3000\u300a\u4ed9\u5bb6\u840c\u55b5\u5a07\u517b\u6210\u300b\u5b57\u5b57\u73e0\u7391\uff0c\u5982\u9b3c\u65a7\u795e\u5de5\u3002\u7eef\u9bce\u501f\u5f97\u4e09\u751f\u77f3\u4e00\u89c2"}, {"userName": "\u5e90\u5c71\u8def\u4e0a\u6389\u4e86\u94b1", "userReviewDate": "2016-11-11", "userURL": "https://my.qidian.com/user/190894542", "userReview": "\u5e90\u5c71\u8def\u4e0a\u6389\u4e86\u94b1\u6253\u8d4f\u706d\u51e4 100000\u8d77\u70b9\u5e01\u3000\u8fd9\u672c\u4e66\u5199\u7684\u592a\u597d\u4e86,\u7292\u52b3\u4e00\u4e0b\u5e0c\u671b\u540e\u7eed\u66f4\u7cbe\u5f69!"}, {"userName": "\u8721\u70db\u7c91\u7c91", "userReviewDate": "2016-11-11", "userURL": "https://my.qidian.com/user/200120797", "userReview": "\u8721\u70db\u7c91\u7c91\u6253\u8d4f\u706d\u51e4 50000\u8d77\u70b9\u5e01\u3000\u8fd9\u672c\u4e66\u592a\u68d2\u4e86\uff01\u7292\u52b3\u4e00\u4e0b\uff0c\u5e0c\u671b\u540e\u7eed\u66f4\u52a0\u7cbe\u5f69\uff01"}, {"userName": "\u8721\u70db\u7c91\u7c91", "userReviewDate": "2016-11-01", "userURL": "https://my.qidian.com/user/200120797", "userReview": "\u8721\u70db\u7c91\u7c91\u6253\u8d4f\u706d\u51e4 50000\u8d77\u70b9\u5e01\u3000\u8fd9\u672c\u4e66\u5199\u7684\u592a\u597d\u4e86,\u7292\u52b3\u4e00\u4e0b\u5e0c\u671b\u540e\u7eed\u66f4\u7cbe\u5f69!"}, {"userName": "\u72d7\u5c0f\u660e", "userReviewDate": "5\u5206\u949f\u524d", "userURL": "https://my.qidian.com/user/309007282", "userReview": "\u5973\u9891\u7968\u7968\u90fd\u7ed9\u4f60"}, {"userName": "q\u8363\u521a", "userReviewDate": "11\u5c0f\u65f6\u524d", "userURL": "https://my.qidian.com/user/200526709", "userReview": "\u7b7e\u5230\u7b7e\u5230\u6253\u4e2a\u5361"}, {"userName": "q\u8363\u521a", "userReviewDate": "11\u5c0f\u65f6\u524d", "userURL": "https://my.qidian.com/user/200526709", "userReview": "\u7b7e\u5230\u7b7e\u5230\u6253\u4e2a\u5361"}, {"userName": "q\u8363\u521a", "userReviewDate": "11\u5c0f\u65f6\u524d", "userURL": "https://my.qidian.com/user/200526709", "userReview": "\u7ed9\u81ea\u5df1\u4e00\u4efd\u597d\u5fc3\u60c5\uff0c\u8ba9\u4e16\u754c\u5bf9\u7740\u4f60\u5fae\u7b11\uff1a\u7ed9\u522b\u4eba\u4e00\u4efd\u597d\u5fc3\u60c5\uff0c\u8ba9\u751f\u6d3b\u5bf9\u6211\u4eec\u5fae\u7b11\uff0c\u597d\u5fc3\u60c5\u662f\u4eba\u751f\u7684\u8d22\u5bcc"}, {"userName": "q\u8363\u521a", "userReviewDate": "11\u5c0f\u65f6\u524d", "userURL": "https://my.qidian.com/user/200526709", "userReview": "\u884c\u8d70\u7ea2\u5c18\uff0c\u522b\u88ab\u6b32\u671b\u5de6\u53f3\u8ff7\u5931\u4e86\u65b9\u5411\uff0c\u522b\u88ab\u7269\u8d28\u6253\u8d25\u505a\u4e86\u751f\u6d3b\u7684\u5974\u96b6\uff0c\u7ed9\u5fc3\u7075\u817e\u51fa\u4e00\u65b9\u7a7a\u95f4\uff0c\u8ba9\u90a3\u4e9b\u591f"}, {"userName": "\u9648\u5148\u751f189", "userReviewDate": "12\u5c0f\u65f6\u524d", "userURL": "https://my.qidian.com/user/132751595", "userReview": "\u6bcf\u5929\u4e03\u7968\u7968\u6ca1\u6bdb\u75c5"}, {"userName": "\u505a\u505a\u559c\u6b22", "userReviewDate": "16\u5c0f\u65f6\u524d", "userURL": "https://my.qidian.com/user/5162707", "userReview": "\u7b7e\u5230\u6253\u5361\u4e4b\u591a\u5c11"}], "description": "\u4ed9\u8def\u7f25\u7f08\uff0c\u6e05\u6b4c\u8e0f\u6708\u4e0a\u4e5d\u5929\uff1b\u4e91\u5c71\u4e07\u52ab\uff0c\u4e00\u5251\u5929\u5149\u95ee\u60c5\u7f18\u3002", "title": "\u4ed9\u5bb6\u840c\u55b5\u5a07\u517b\u6210", "url": "https://book.qidian.com/info/1003815703", "average": -1.0, "cover": "//qidian.qpic.cn/qdbimg/349573/1003815703/180", "reviews": -1, "authors": [{"url": "https://me.qidian.com/authorIndex.aspx?id=1151999", "name": "\u706d\u51e4"}], "type": ["\u4ed9\u4fa0\u5947\u7f18", "\u73b0\u4ee3\u4fee\u771f"], "outlinks": ["https:https://book.qidian.com/info/1011421405?qd_game_key=1011421405&qd_dd_p1=11272", "https://book.qidian.com/info/1003815703", "https://book.qidian.com/info/1010576025", "https://book.qidian.com/info/1010576025", "https://book.qidian.com/info/1010034551", "https://book.qidian.com/info/1010034551", "https://book.qidian.com/info/1010960845", "https://book.qidian.com/info/1010960845", "https://book.qidian.com/info/1009907705", "https://book.qidian.com/info/1009907705", "https://book.qidian.com/info/1009006915", "https://book.qidian.com/info/1009006915", "https://book.qidian.com/info/1004892994", "https://book.qidian.com/info/1004892994", "https://book.qidian.com/info/2854297", "https://book.qidian.com/info/2854297", "https://book.qidian.com/info/3123930", "https://book.qidian.com/info/3123930", "https://book.qidian.com/info/3682118", "https://book.qidian.com/info/3682118", "https://book.qidian.com/info/1011871222", "https://book.qidian.com/info/1011879261", "https://book.qidian.com/info/1011607526", "https://book.qidian.com/info/1010505110", "https://book.qidian.com/info/1010285798", "https://book.qidian.com/info/1011976900", "https://book.qidian.com/info/1010905500", "https://book.qidian.com/info/1010257077", "https://book.qidian.com/info/1003815703", "https://book.qidian.com/info/1011427728"]}