{"ratings": 0.0, "userreviews": [{"userName": "\u3010\u609f\u6027\u3011", "userReviewDate": "2015-08-13", "userURL": "https://my.qidian.com/user/105246627", "userReview": "\u3010\u609f\u6027\u3011\u6253\u8d4f\u767e\u91cc\u73ba 100000\u8d77\u70b9\u5e01\u3000\u8fd9\u672c\u4e66\u592a\u68d2\u4e86\uff01\u7292\u52b3\u4e00\u4e0b\uff0c\u5e0c\u671b\u540e\u7eed\u66f4\u52a0\u7cbe\u5f69\uff01"}, {"userName": "\u6e05\u6c34\u6d17\u6768", "userReviewDate": "2015-07-23", "userURL": "https://my.qidian.com/user/122785906", "userReview": "\u6e05\u6c34\u6d17\u6768\u6253\u8d4f\u767e\u91cc\u73ba 100000\u8d77\u70b9\u5e01\u3000\u8fd9\u672c\u4e66\u592a\u68d2\u4e86\uff01\u7292\u52b3\u4e00\u4e0b\uff0c\u5e0c\u671b\u540e\u7eed\u66f4\u52a0\u7cbe\u5f69\uff01"}, {"userName": "\u7528\u5fc3\u56de\u590d", "userReviewDate": "2015-07-23", "userURL": "https://my.qidian.com/user/3419526", "userReview": "\u8877\u5fc3\u5e0c\u671b\u767e\u91cc\u5144\uff0c\u80fd\u591f\u9759\u4e0b\u5fc3\u6765\uff0c\u597d\u597d\u7684\u5199\u5b8c\u4e00\u672c\u4e66\u3002\u8bf4\u5b9e\u5728\u8bdd\uff0c\u8ffd\u7740\u770b\u7684\u4f5c\u5bb6\u4e0d\u591a\u7684\uff0c\u767e\u91cc\u5144\u7684\u6784\u601d"}, {"userName": "\u6e05\u6c34\u6d17\u6768", "userReviewDate": "2015-07-23", "userURL": "https://my.qidian.com/user/122785906", "userReview": "\u6e05\u6c34\u6d17\u6768\u6253\u8d4f\u767e\u91cc\u73ba 50000\u8d77\u70b9\u5e01\u3000\u8fd9\u672c\u4e66\u592a\u68d2\u4e86\uff01\u7292\u52b3\u4e00\u4e0b\uff0c\u5e0c\u671b\u540e\u7eed\u66f4\u52a0\u7cbe\u5f69\uff01"}, {"userName": "\u8d3a\u5170\u5c71\u7684\u9b42", "userReviewDate": "2015-07-23", "userURL": "https://my.qidian.com/user/132669796", "userReview": "\u8d3a\u5170\u5c71\u7684\u9b42\u6253\u8d4f\u767e\u91cc\u73ba 100000\u8d77\u70b9\u5e01\u3000\u8fd9\u672c\u4e66\u592a\u68d2\u4e86\uff01\u7292\u52b3\u4e00\u4e0b\uff0c\u5e0c\u671b\u540e\u7eed\u66f4\u52a0\u7cbe\u5f69\uff01"}, {"userName": "\u7d2b\u5e9c\u771f\u4eba", "userReviewDate": "2014-11-29", "userURL": "https://my.qidian.com/user/129977388", "userReview": "\u54c7\u54e6\uff0c\u6bd4\u4f18\u76df\u4e3b\u597d\u5e05\u554a\uff0c\u9ad8\u5bcc\u5e05\u7684\u5b58\u5728\u554a\u3002\u3002[fn=42][fn=42][fn=2]"}, {"userName": "\u8d77\u70b9\u4e2d\u6587\u7f51", "userReviewDate": "2013-09-12", "userURL": "https://my.qidian.com/user/33597", "userReview": "\u606d\u559c\u4e0d\u80dc\u4eba\u751f\u4e00\u573a\u7761\u6210\u4e3a\u4ed9\u5e9c\u4e4b\u7f18\u638c\u95e8\uff0c\u5f00\u95e8\u7acb\u6d3e\uff0c\u5a01\u9707\u516b\u65b9\uff01"}, {"userName": "\u4e66\u53cb20170417005344420", "userReviewDate": "2018-05-25", "userURL": "https://my.qidian.com/user/300598129", "userReview": "\u521a\u5f00\u59cb\u770b\u7740\u8fd8\u89c9\u5f97\u53ef\u4ee5\u770b\uff0c\u770b\u5230\u4e3b\u89d2\u5168\u7cfb\u7075\u6839\u4e4b\u540e\u611f\u89c9\u6ca1\u5565\u770b\u5934\u4e86 \uff0c\u6709\u6697\u5c5e\u6027\u6ca1\u5149\u5c5e\u6027\u8fd8\u771f\u7279\u4e48\u9017\uff0c"}, {"userName": "\u59ec\u5b58\u5e0c", "userReviewDate": "2018-05-25", "userURL": "https://my.qidian.com/user/309587387", "userReview": "\u8fd9\u662f\u7d2b\u5e9c\u7684\u7eed\u7bc7\uff0c\u4e3a\u5565\u767e\u91cc\u5199\u7684\u90fd\u662f\u8ddf\u7d2b\u5e9c\u4e00\u4e2a\u5957\u8def"}, {"userName": "\u4e66\u53cb160720005440306", "userReviewDate": "2018-04-29", "userURL": "https://my.qidian.com/user/219997273", "userReview": "\u592a\u76d1\u7b2c\u4e00\u4eba\uff0c\u91d1\u4e39\u4e8c\u5c42\u5c45\u7136\u592a\u76d1"}, {"userName": "\u4e66\u53cb130117035530245", "userReviewDate": "2018-04-10", "userURL": "https://my.qidian.com/user/155627618", "userReview": "\u592a\u76d1\u770b\u7684\u591a\u4e86\uff0c\u4f46\u662f\u50cf\u767e\u91cc\u8fd9\u6837\u65e0\u803b\u4e0b\u6d41\u5351\u9119\u9f8c\u9f8a\u7684\u6b7b\u592a\u76d1\u8fd8\u771f\u662f\u5934\u4e00\u56de\u65e0\u804a\uff0c\u505a\u4eba\u600e\u4e48\u80fd\u8fd9\u6837\u65e0\u4fe1\uff1f"}, {"userName": "\u6f2b\u6b65\u7684\u6211", "userReviewDate": "2018-04-04", "userURL": "https://my.qidian.com/user/134114813", "userReview": "\u767e\u91cc\u592a\u76d1\u51fa\u6765"}, {"userName": "\u731b\u62ff\u529b\u674088", "userReviewDate": "2018-03-28", "userURL": "https://my.qidian.com/user/230157173", "userReview": "\u7b7e\u5230\u4e94\u4e2a\u5b57"}, {"userName": "\u731b\u62ff\u529b\u674088", "userReviewDate": "2018-03-27", "userURL": "https://my.qidian.com/user/230157173", "userReview": "\u7b7e\u5230\u4e94\u4e2a\u5b57"}], "description": "\u4fee\u4ed9\u89c5\u957f\u751f\uff0c\u70ed\u8840\u4efb\u900d\u9065\uff0c\u8e0f\u83b2\u66f3\u6ce2\u6da4\u5251\u9aa8\uff0c\u51ed\u865a\u5fa1\u98ce\u5851\u5723\u9b42\uff01", "title": "\u4ed9\u5e9c\u4e4b\u7f18", "url": "https://book.qidian.com/info/2236900", "average": -1.0, "cover": "//qidian.qpic.cn/qdbimg/349573/2236900/180", "reviews": -1, "authors": [{"url": "https://me.qidian.com/authorIndex.aspx?id=4362236", "name": "\u767e\u91cc\u73ba"}], "type": ["\u4ed9\u4fa0", "\u5e7b\u60f3\u4fee\u4ed9"], "outlinks": ["https://book.qidian.com/info/2236900", "https://book.qidian.com/info/1009854468", "https://book.qidian.com/info/1009854468", "https://book.qidian.com/info/1010259609", "https://book.qidian.com/info/1010259609", "https://book.qidian.com/info/1010653177", "https://book.qidian.com/info/1010653177", "https://book.qidian.com/info/1007377615", "https://book.qidian.com/info/1007377615", "https://book.qidian.com/info/1010771394", "https://book.qidian.com/info/1010771394", "https://book.qidian.com/info/1005395194", "https://book.qidian.com/info/1005395194", "https://book.qidian.com/info/173601", "https://book.qidian.com/info/173601", "https://book.qidian.com/info/1341662", "https://book.qidian.com/info/1341662", "https://book.qidian.com/info/3347535", "https://book.qidian.com/info/3347535", "https://book.qidian.com/info/3516209", "https://book.qidian.com/info/3516209", "https://book.qidian.com/info/1010259609", "https://book.qidian.com/info/1010259609", "https://book.qidian.com/info/1010327039", "https://book.qidian.com/info/1012016027", "https://book.qidian.com/info/1011630501", "https://book.qidian.com/info/1012010192", "https://book.qidian.com/info/1011834598", "https://book.qidian.com/info/1011672705", "https://book.qidian.com/info/1011966835", "https://book.qidian.com/info/1011940680", "https://book.qidian.com/info/1011491390", "https://book.qidian.com/info/1011995376"]}