{"ratings": 0.0, "userreviews": [{"userName": "\u52e4\u5feb", "userReviewDate": "2\u5c0f\u65f6\u524d", "userURL": "https://my.qidian.com/user/626969", "userReview": "\u54c7\u5494\u5494\uff0c\u8bb8\u4e45\u4e0d\u5173\u6ce8\uff0c\u7adf\u7136\u6709\u6708\u7968\u51fa\u73b0\uff0c\u4e00\u770b\uff0c\u539f\u6765\u662f\u72cd\u5b50\uff0c\u7f18\u5206\u554a\uff0c\u4e94\u7968\u6295\u4e0a"}, {"userName": "\u6211\u8bf4\u6211\u662f\u53ea\u7f8a\u4f60\u4fe1\u5417", "userReviewDate": "2\u5c0f\u65f6\u524d", "userURL": "https://my.qidian.com/user/228734509", "userReview": "\u7b2c\u4e00\u6b21\u76d6\u697c\uff0c\u4e00\u697c\u5341\u5e01 \u5343\u5e01\u4e00\u7ed3\u3002\u5b66\u751f\u515a    \u6ca1\u591a\u5c11\u94b1\u3002"}, {"userName": "\u5415\u5929\u867e13238", "userReviewDate": "16\u5c0f\u65f6\u524d", "userURL": "https://my.qidian.com/user/316288033", "userReview": "\u7b7e\u5230\u5b57\u6570\u4e0d\u80fd\u5c11"}, {"userName": "\u5deb\u5973\u5e15\u5170", "userReviewDate": "2018-06-06", "userURL": "https://my.qidian.com/user/223572854", "userReview": "\u72ec\u81ea\u7b7e\u5230     "}, {"userName": "\u82cd\u6708\u51a5\u96ea", "userReviewDate": "2018-06-06", "userURL": "https://my.qidian.com/user/386379", "userReview": "\u8bb2\u9053\u7406\u786e\u5b9e\u5f88\u597d\u770b\uff0c\u4f46\u662f\u4e3a\u5565\u60c5\u8282\u8981*********\u554a\uff0c\u660e\u660e\u8fd8\u80fd\u5199\u5f88\u591a\u6545\u4e8b\u7684"}, {"userName": "\u82cd\u6708\u51a5\u96ea", "userReviewDate": "2018-06-06", "userURL": "https://my.qidian.com/user/386379", "userReview": "\u5d29\u7684\u4e0d\u8981\u592a\u5feb"}, {"userName": "\u5fc6\u6b87\u901d\uff06", "userReviewDate": "2018-06-06", "userURL": "https://my.qidian.com/user/215306001", "userReview": "\u5b66\u751f\u515a\u5efa\u4e2a\u697c\uff0c10\u5e01\u4e00\u697c\uff0c\u767e\u697c\u7ed3\u3002\u3002\u3002\u5e0c\u671b\u8fd9\u6b21\u53d1\u7684\u4e0d\u8981\u518d\u6d88\u5931\u4e86\u2192_\u2192"}, {"userName": "\u90bb\u5c45\u5bb6\u7684\u738b\u53d4\u53d4", "userReviewDate": "2018-06-06", "userURL": "https://my.qidian.com/user/213180100", "userReview": "\u8981\u4e0d\u2026\u54b1\u4e5f\u5efa\u4e2a\u697c!\uff1f\u4e00\u697c10\u5e01\u4e00\u4e07\u5c01\u9876\u2026\uff1f\uff081000\u4e00\u7ed3\uff09"}, {"userName": "\u6668\u66e6\u6765\u4e34", "userReviewDate": "2018-06-06", "userURL": "https://my.qidian.com/user/211270438", "userReview": "\u5efa\u4e2a\u697c\uff0c\u4e00\u697c\u5341\u5e01\uff0c\u767e\u697c\u7ed3\u3002"}, {"userName": "\u72c2\u6241\u5c0f\u670b\u53cb\u4e36", "userReviewDate": "2018-06-06", "userURL": "https://my.qidian.com/user/227949799", "userReview": " \u597d\u65e0\u804a\uff0c\u6709\u6728\u6709\u4eba\u73a9\u6210\u8bed\u63a5\u9f99\uff0c\u6211\u5148\u6765\uff0c\u5929\u4e0a\u5730\u4e0b\u3002"}, {"userName": "\u5723\u676f\u91cc\u7684\u6c34", "userReviewDate": "2018-06-05", "userURL": "https://my.qidian.com/user/3886270", "userReview": "\u7b7e\u5230\u6c34\u7ecf\u9a8c"}, {"userName": "\u5c0f\u9e45\u5471\u5471\u53eb", "userReviewDate": "2018-06-05", "userURL": "https://my.qidian.com/user/170362165", "userReview": "\u6211\u53ea\u60f3\u77e5\u9053\u600e\u4e48\u770b\u72cd\u5b50\u8fd9\u4e66\u591a\u5c11\u5747\u8ba2\u4e86"}, {"userName": "\u840c\u826f\u6728", "userReviewDate": "2018-06-04", "userURL": "https://my.qidian.com/user/225616182", "userReview": "\u60f3\u5ff5\u5c0f\u821e[fn=19]"}, {"userName": "\u771fBUG", "userReviewDate": "2018-06-04", "userURL": "https://my.qidian.com/user/311875310", "userReview": "      \u4eca\u5929\uff0c\u4f60\u4eec\u6253\u602a\u517d\u4e86\u5417\uff1f      \u6ca1\u52a0\u6218\u961f\u7684\u52a0\u4e00\u4e0b\uff0c\u52a0\u522b\u7684\u6218\u961f\u7684\u6362\u4e00\u4e0b\uff0c\u52a0\u4e86\u6211"}], "description": "\u6fc0\u840c\u7684\u841d\u8389\uff0c\u70ed\u8840\u7684\u5c11\u5e74\uff0c\u4e3a\u6253\u7834\u6b21\u5143\u58c1\u4e00\u5f80\u65e0\u524d\uff01", "title": "\u4ed9\u5b50\u9976\u547d", "url": "https://book.qidian.com/info/1010930360", "average": -1.0, "cover": "//qidian.qpic.cn/qdbimg/349573/1010930360/180", "reviews": -1, "authors": [{"url": "https://me.qidian.com/authorIndex.aspx?id=2228622", "name": "\u738b\u888d"}], "type": ["\u4e8c\u6b21\u5143", "\u641e\u7b11\u5410\u69fd", "\u4e8c\u6b21\u5143"], "outlinks": ["https://book.qidian.com/info/1010930360", "https://book.qidian.com/info/1009888024", "https://book.qidian.com/info/1009888024", "https://book.qidian.com/info/1006611211", "https://book.qidian.com/info/1006611211", "https://book.qidian.com/info/1009927743", "https://book.qidian.com/info/1009927743", "https://book.qidian.com/info/1009877843", "https://book.qidian.com/info/1009877843", "https://book.qidian.com/info/1009812658", "https://book.qidian.com/info/1009812658", "https://book.qidian.com/info/1007088565", "https://book.qidian.com/info/1007088565", "https://book.qidian.com/info/1789892", "https://book.qidian.com/info/1789892", "https://book.qidian.com/info/2020737", "https://book.qidian.com/info/2020737", "https://book.qidian.com/info/2250072", "https://book.qidian.com/info/2250072", "https://book.qidian.com/info/2362300", "https://book.qidian.com/info/2362300", "https://book.qidian.com/info/3358665", "https://book.qidian.com/info/3358665", "https://book.qidian.com/info/3369043", "https://book.qidian.com/info/3369043", "https://book.qidian.com/info/3473954", "https://book.qidian.com/info/3473954", "https://book.qidian.com/info/1003371335", "https://book.qidian.com/info/1003371335", "https://book.qidian.com/info/1004174662", "https://book.qidian.com/info/1004174662", "https://book.qidian.com/info/1010836663", "https://book.qidian.com/info/1010836663", "https://book.qidian.com/info/1011443057", "https://book.qidian.com/info/1011977706", "https://book.qidian.com/info/1011970575", "https://book.qidian.com/info/1011722301", "https://book.qidian.com/info/1012058179", "https://book.qidian.com/info/1010868275", "https://book.qidian.com/info/1012020887", "https://book.qidian.com/info/1011904081"]}