{"ratings": 0.0, "userreviews": [{"userName": "\u7687\u9a6c\u9c9c\u8089\u5362\u5361\u65af", "userReviewDate": "2018-02-09", "userURL": "https://my.qidian.com/user/218214078", "userReview": "\u8001\u8bfb\u8005\u7b7e\u5230\u697c(\u0e51\u2022 . \u2022\u0e51)"}, {"userName": "\u6211\u4e3a\u8c2a\u4ed9\u4eba", "userReviewDate": "2017-12-25", "userURL": "https://my.qidian.com/user/215828997", "userReview": "\u4e3b\u4e16\u754c\u9f99\u5957\u96c6\u5408\uff01\u59d3\u540d\u6027\u522b\u7231\u597d\u8bd7\u53f7\u53e3\u5934\u8bed\u7c7b\u522b\uff1a\u7ec3\u6c14\uff0c\u7ec3\u4f53\uff0c\u5112\uff0c\u9053\uff0c\u4f5b\uff0c\u4fe1\u4ef0\u6210\u795e\uff0c\u5929\u754c\u795e\u4ed9\uff0c\u5996"}, {"userName": "\u9752\u5c71\u5f25\u6708", "userReviewDate": "2018-06-06", "userURL": "https://my.qidian.com/user/225036340", "userReview": "\u8fd9\u672c\u4e66\u5199\u7684\u8fd8\u662f\u5f88\u4e0d\u9519\u7684\uff0c\u5c31\u662f\u7ed3\u5c3e\u592a\u7a81\u7136\u4e86\uff0c\u5b8c\u5168\u53ef\u4ee5\u5199\u4e2a800\u5230\u4e00\u5343\u7ae0\u3002\u53ef\u60dc\u4e86"}, {"userName": "\u6d6e\u751f\u76fc\u6709\u94b1", "userReviewDate": "2018-06-04", "userURL": "https://my.qidian.com/user/157804031", "userReview": "\u95ee\u4e0b\uff0c\u4e66\u7684\u8bc4\u4ef7\u5728\u54ea\u91cc\uff1f"}, {"userName": "\u4f51\u4f51z", "userReviewDate": "2018-05-28", "userURL": "https://my.qidian.com/user/215214150", "userReview": "\u770b\u5b8c\u521a\u5f00\u59cb\u7684\u5c11\u6797\u7bc7\u611f\u89c9\u8fd8\u884c\u554a\uff0c\u4e3a\u4ec0\u4e48\u540e\u9762\u76f4\u63a5\u6251\u8857\u4e86\uff1f"}, {"userName": "\u4e66\u53cb20170308185723496", "userReviewDate": "2018-05-13", "userURL": "https://my.qidian.com/user/230530932", "userReview": "\u7b7e\u5230\u6c34\u7ecf\u9a8c\uff01"}, {"userName": "\u6e38\u8361\u8fb9\u7f18\u7684\u4eba", "userReviewDate": "2018-05-08", "userURL": "https://my.qidian.com/user/129871849", "userReview": " \u517b\u7740\u517b\u7740  \u51c9\u4e86"}, {"userName": "\u738b\u5927\u95247\u53f7", "userReviewDate": "2018-05-06", "userURL": "https://my.qidian.com/user/200520576", "userReview": "\u8349\u4f5c\u8005  "}, {"userName": "\u7b14\u4e0b\u7b26\u6587", "userReviewDate": "2018-04-18", "userURL": "https://my.qidian.com/user/177593838", "userReview": "\u7b49\u4f60\u4e0b\u672c\u3002\u3002"}, {"userName": "\u897f\u6797\u9171", "userReviewDate": "2018-04-12", "userURL": "https://my.qidian.com/user/214006851", "userReview": "\u5929\u5929\u5bfc\u8bfb\u5c31\u662f\u8fd9\u4e9b\u9611\u5c3e\u4e66"}, {"userName": "\u4e66\u53cb20170308185723496", "userReviewDate": "2018-04-06", "userURL": "https://my.qidian.com/user/230530932", "userReview": "\u7b7e\u5230\u6c34\u7ecf\u9a8c\u3002"}, {"userName": "\u865a\u9762\u6b7b\u795e", "userReviewDate": "2018-04-06", "userURL": "https://my.qidian.com/user/309039477", "userReview": "mad\u667a\u969c\u4f5c\u8005\uff0c\u53c8\u70c2\u5c3e\u4e86"}, {"userName": "LinJiasen", "userReviewDate": "2018-04-02", "userURL": "https://my.qidian.com/user/150205069", "userReview": "\u827e\u8349\uff0c\u8d77\u70b9\u53c8\u63a8\u70c2\u5c3e\u4e66\uff01"}, {"userName": "\u598d\u598d\u4e36", "userReviewDate": "2018-04-01", "userURL": "https://my.qidian.com/user/225362756", "userReview": "\u5df4\u62c9\u5df4\u62c9\u5df4\u62c9"}], "description": "\u661f\u6d77\u6f2b\u6e38\uff0c\u65f6\u7a7a\u7a7f\u68ad\uff0c\u673a\u68b0\u79d1\u6280\uff0c\u76ee\u6807\u662f\u672a\u77e5\u7684\u661f\u8fb0\u5927\u6d77\uff01", "title": "\u4ed9\u6b66\u4e16\u754c\u5927\u7a7f\u8d8a", "url": "https://book.qidian.com/info/1010808341", "average": -1.0, "cover": "//qidian.qpic.cn/qdbimg/349573/1010808341/180", "reviews": -1, "authors": [{"url": "https://me.qidian.com/authorIndex.aspx?id=6429007", "name": "\u6211\u4e3a\u8c2a\u4ed9\u4eba"}], "type": ["\u79d1\u5e7b", "\u65f6\u7a7a\u7a7f\u68ad", "\u4e8c\u6b21\u5143"], "outlinks": ["https://book.qidian.com/info/1010808341", "https://book.qidian.com/info/1010242566", "https://book.qidian.com/info/1010242566", "https://book.qidian.com/info/1009969633", "https://book.qidian.com/info/1009969633", "https://book.qidian.com/info/1009665511", "https://book.qidian.com/info/1009665511", "https://book.qidian.com/info/1010125745", "https://book.qidian.com/info/1010125745", "https://book.qidian.com/info/1009243008", "https://book.qidian.com/info/1009243008", "https://book.qidian.com/info/1010293035", "https://book.qidian.com/info/1010293035", "https://book.qidian.com/info/1003344573", "https://book.qidian.com/info/1003344573", "https://book.qidian.com/info/1004440006", "https://book.qidian.com/info/1004440006", "https://book.qidian.com/info/1005009167", "https://book.qidian.com/info/1005009167", "https://book.qidian.com/info/1005824205", "https://book.qidian.com/info/1005824205", "https://book.qidian.com/info/1011944068", "https://book.qidian.com/info/1011944068", "https://book.qidian.com/info/1011814764", "https://book.qidian.com/info/1011636462", "https://book.qidian.com/info/1012011143", "https://book.qidian.com/info/1011989615", "https://book.qidian.com/info/1011979302", "https://book.qidian.com/info/1011962232", "https://book.qidian.com/info/1012020634", "https://book.qidian.com/info/1011923738", "https://book.qidian.com/info/1012020834", "https://book.qidian.com/info/1011973977"]}