{"ratings": 0.0, "userreviews": [{"userName": "\u5bfb\u90bbQ", "userReviewDate": "2018-04-23", "userURL": "https://my.qidian.com/user/216328671", "userReview": "\u7b7e\u5230\u3002\u3002\u3002"}, {"userName": "\u5b64\u72ec.\u5c18\u5c01", "userReviewDate": "2018-04-19", "userURL": "https://my.qidian.com/user/199130901", "userReview": "\u65b0\u4e66\u4ec0\u4e48\u65f6\u5019\u53d1\uff1f"}, {"userName": "\u8f72\u9ed8", "userReviewDate": "2018-01-25", "userURL": "https://my.qidian.com/user/220287178", "userReview": "\u6700\u540e\u7684boss \u4e0d\u662f\u4e01\u6b63\uff0c\u662f\u5468\u80dc\uff0c\u4f5c\u8005\u63d0\u8fc7\u662f\u4ed9\u9053\u524d\uff0c\u90a3\u6700\u540e\u8fd8\u662f\u5f00\u521b\u4e86\u540e\u7eed\u957f\u751f\u5883\u754c"}, {"userName": "\u8f72\u9ed8", "userReviewDate": "2017-11-01", "userURL": "https://my.qidian.com/user/220287178", "userReview": "\u7d2b\u821e\u6015\u662f\u5728\u5927\u7eb2\u91cc\u8981\u6b7b\u4e8e\u5927\u6bbf\u4e3b\u7684\u590d\u6d3b\uff0c\u4f5c\u8005\u541b\u80fd\u5bf9\u7d2b\u821e\u597d\u4e00\u70b9\u5417\u2026\u2026\u771f\u7684\u6709\u70b9\u4e0d\u6562\u770b\u4e0b\u53bb\u4e86\uff0c\u770b\u8fdb\u5ea6"}, {"userName": "\u4e66\u53cb150615210306621", "userReviewDate": "2018-06-06", "userURL": "https://my.qidian.com/user/209734793", "userReview": "\u4e0d\u77e5\u9053\u662f\u6ca1\u770b\u4ed4\u7ec6\u8fd8\u662f\u6316\u5751\u4e86\u3002\u3002\u4e00\u4e2a\u662f\u7eb1\u6700\u540e\u8fd8\u662f\u6ca1\u56de\u6765\uff1f\u53e6\u5916\u4e00\u4e2a\u662f\u767d\u8863\u7684\u6837\u5b50\u3002"}, {"userName": "Tianqi", "userReviewDate": "2018-05-30", "userURL": "https://my.qidian.com/user/130839697", "userReview": "\u602a\u4e0d\u5f97\u6ca1\u591a\u5c11\u4eba\u770b\u5462\u3002"}, {"userName": "\u5bfb\u90bbQ", "userReviewDate": "2018-05-01", "userURL": "https://my.qidian.com/user/216328671", "userReview": "\u7b7e\u5230\u3002\u3002\u3002\u3002"}, {"userName": "\u5415\u5929\u867e4446", "userReviewDate": "2018-04-17", "userURL": "https://my.qidian.com/user/313392875", "userReview": "\u6709\u70b9\u8282\u594f\u4e86\u3002\u3002\u3002"}, {"userName": "\u82b1\u843d\u68a6\u98d8\u96f6", "userReviewDate": "2018-04-17", "userURL": "https://my.qidian.com/user/227328355", "userReview": "\u300a\u4ed9\u6028\u4f20\u8bf4\u300b\u5df2\u6b63\u5f0f\u5b8c\u7ed3\u4e86\uff0c\u5341\u5206\u611f\u8c22\u5404\u4f4d\u4e66\u53cb\u652f\u6301\uff0c\u7b49\u89e3\u7981\u4e4b\u540e\u4f1a\u7279\u522b\u4e0a\u4f20\u611f\u8c22\u7ae0\u8282\u548c\u5173\u4e8e\u65b0\u4e66\u7684\u4e8b"}, {"userName": "\u5b64\u72ec.\u5c18\u5c01", "userReviewDate": "2018-04-12", "userURL": "https://my.qidian.com/user/199130901", "userReview": "\u8fd9\u662f\uff0c\u5b8c\u7ed3\u4e86\uff1f"}, {"userName": "\u5b64\u72ec\u4f34\u70c8\u9152\u795e", "userReviewDate": "2018-04-03", "userURL": "https://my.qidian.com/user/314614352", "userReview": "\u7b7e\u5230..."}, {"userName": "\u5b64\u72ec.\u5c18\u5c01", "userReviewDate": "2018-03-24", "userURL": "https://my.qidian.com/user/199130901", "userReview": "\u7b7e\u5230\u2026\u2026\u2026\u2026"}, {"userName": "\u5b64\u72ec.\u5c18\u5c01", "userReviewDate": "2018-03-05", "userURL": "https://my.qidian.com/user/199130901", "userReview": "\u7b7e\u5230\u2026\u2026\u2026\u2026"}, {"userName": "\u5b64\u72ec.\u5c18\u5c01", "userReviewDate": "2018-03-03", "userURL": "https://my.qidian.com/user/199130901", "userReview": "\u7b7e\u5230\u2026\u2026\u2026\u2026"}], "description": "\u4fee\u4ed9\u89c5\u957f\u751f\uff0c\u70ed\u8840\u4efb\u900d\u9065\uff0c\u8e0f\u83b2\u66f3\u6ce2\u6da4\u5251\u9aa8\uff0c\u51ed\u865a\u5fa1\u98ce\u5851\u5723\u9b42\uff01", "title": "\u4ed9\u6028\u4f20\u8bf4", "url": "https://book.qidian.com/info/1004983447", "average": -1.0, "cover": "//qidian.qpic.cn/qdbimg/349573/1004983447/180", "reviews": -1, "authors": [{"url": "https://me.qidian.com/authorIndex.aspx?id=9695340", "name": "\u7941\u975e"}], "type": ["\u4ed9\u4fa0", "\u5e7b\u60f3\u4fee\u4ed9"], "outlinks": ["https://book.qidian.com/info/1004983447", "https://book.qidian.com/info/1004849611", "https://book.qidian.com/info/1004849611", "https://book.qidian.com/info/1010653177", "https://book.qidian.com/info/1010653177", "https://book.qidian.com/info/1010771394", "https://book.qidian.com/info/1010771394", "https://book.qidian.com/info/1009635998", "https://book.qidian.com/info/1009635998", "https://book.qidian.com/info/1007923881", "https://book.qidian.com/info/1007923881", "https://book.qidian.com/info/1009854468", "https://book.qidian.com/info/1009854468", "https://book.qidian.com/info/1010327039", "https://book.qidian.com/info/1012016027", "https://book.qidian.com/info/1011630501", "https://book.qidian.com/info/1012010192", "https://book.qidian.com/info/1011834598", "https://book.qidian.com/info/1011672705", "https://book.qidian.com/info/1011966835", "https://book.qidian.com/info/1011940680", "https://book.qidian.com/info/1011491390", "https://book.qidian.com/info/1011995376"]}