{"ratings": 0.0, "userreviews": [{"userName": "\u5929\u8fb0OL", "userReviewDate": "2018-06-05", "userURL": "https://my.qidian.com/user/200042749", "userReview": "\u6211\u662f\u7b2c\u4e8c\u4e2a"}, {"userName": "\u5de8\u575112138", "userReviewDate": "2018-06-04", "userURL": "https://my.qidian.com/user/195396122", "userReview": "\u6ca1\u4eba\uff1f\u6211\u662f\u7b2c\u4e00\u4e2a\uff1f"}], "description": "\u661f\u6d77\u6f2b\u6e38\uff0c\u65f6\u7a7a\u7a7f\u68ad\uff0c\u673a\u68b0\u79d1\u6280\uff0c\u76ee\u6807\u662f\u672a\u77e5\u7684\u661f\u8fb0\u5927\u6d77\uff01", "title": "\u4ed9\u6b66\u4e16\u754c\u7a7f\u68ad\u7cfb\u7edf", "url": "https://book.qidian.com/info/1012206606", "average": -1.0, "cover": "//qidian.qpic.cn/qdbimg/349573/1012206606/180", "reviews": -1, "authors": [{"url": "https://me.qidian.com/authorIndex.aspx?id=400780956", "name": "\u7389\u7c73\u4e0d\u662f\u7389"}], "type": ["\u79d1\u5e7b", "\u65f6\u7a7a\u7a7f\u68ad"], "outlinks": ["https://book.qidian.com/info/1012206606", "https://book.qidian.com/info/1010800039", "https://book.qidian.com/info/1010800039", "https://book.qidian.com/info/1010691511", "https://book.qidian.com/info/1010691511", "https://book.qidian.com/info/1010959566", "https://book.qidian.com/info/1010959566", "https://book.qidian.com/info/1004985810", "https://book.qidian.com/info/1004985810", "https://book.qidian.com/info/1004867576", "https://book.qidian.com/info/1004867576", "https://book.qidian.com/info/1011120767", "https://book.qidian.com/info/1011120767", "https://book.qidian.com/info/1010494825", "https://book.qidian.com/info/1010494825", "https://book.qidian.com/info/1011814764", "https://book.qidian.com/info/1011636462", "https://book.qidian.com/info/1012011143", "https://book.qidian.com/info/1011989615", "https://book.qidian.com/info/1011979302", "https://book.qidian.com/info/1011962232", "https://book.qidian.com/info/1012020634", "https://book.qidian.com/info/1011923738", "https://book.qidian.com/info/1012020834", "https://book.qidian.com/info/1011973977"]}