{"ratings": 0.0, "userreviews": [{"userName": "\u67d0\u5bb6\u9189\u4e86", "userReviewDate": "2017-09-25", "userURL": "https://my.qidian.com/user/148999429", "userReview": "\u6211\u6c49\u5bb6\u513f\u90ce\u5a01\u6b66\uff01\u6c49\u5bb6\u513f\u90ce\u7684\u5a01\u98ce\u4f55\u5728\uff1f\u6c49\u5bb6\u7684\u810a\u6881\u5462\uff1f\u6c49\u5bb6\u4eba\u82e6\u554a\uff0c\u626c\u5dde\u5341\u65e5\uff0c\u5609\u5b9a\u4e09\u5c60\uff0c\u5708\u5730\u4ee4\uff0c"}, {"userName": "\u8d77\u70b9\u4e2d\u6587\u7f51", "userReviewDate": "2017-05-30", "userURL": "https://my.qidian.com/user/33597", "userReview": "30\u5f20\u6708\u7968\u5c0f\u610f\u601d\uff0c\u5927\u5bb6\u4e00\u8d77\u9876\u523050\u5427\uff01\u5404\u4f4d\u4e66\u53cb\uff0c\u6709\u6708\u7968\u7684\u6367\u4e2a\u7968\u573a\uff0c\u6ca1\u6708\u7968\u7684\u6367\u4e2a\u4eba\u573a\uff0c\u5927\u5bb6\u6709"}, {"userName": "\u8d77\u70b9\u4e2d\u6587\u7f51", "userReviewDate": "2017-04-01", "userURL": "https://my.qidian.com/user/33597", "userReview": "\u4ee5\u540e\uff0c\u4f60\u53ef\u4ee5\u56de\u9996\u8fd9\u83b7\u5f9730000\u7968\u7684\u65f6\u523b\uff0c\u4f60\u4f1a\u89c9\u5f97\u5feb\u4e50\u548c\u6e29\u6696\u3002\u56e0\u4e3a\u6709\u90a3\u4e48\u591a\u4e66\u53cb\u8ddf\u4f60\u4e00\u8d77\u6218\u6597"}, {"userName": "\u5929\u874e\u4e1c\u65b9\u8d64", "userReviewDate": "2016-08-14", "userURL": "https://my.qidian.com/user/192492434", "userReview": "\u8bf7\u4e66\u53cb\u4eec\u591a\u591a\u5e2e\u5fd9\uff0c\u8bbe\u5b9a\u51e0\u4e2a\u4e3b\u4e16\u754c\u7684\u9f99\u5957\u51fa\u6765\uff01"}, {"userName": "\u6c49\u7cef\u7c73", "userReviewDate": "2018-06-05", "userURL": "https://my.qidian.com/user/216209064", "userReview": "\u4e3a\u4ec0\u4e48\u4ed9\u4fa0\u7c7b\u8dd1\u6765\u79d1\u6280\u7c7b\u4e66\u4e66\u91cc\u4e86\uff0c\u96be\u9053\u4e2d\u56fd\u79d1\u5e7b\u5c31\u662f\u4fee\u4ed9\u5417"}, {"userName": "\u5b59\u5927\u5b9d\ufe11", "userReviewDate": "2018-06-05", "userURL": "https://my.qidian.com/user/307682113", "userReview": "\u4e00\u770b\u7b80\u4ecb\u5c31\u79cd\u9a6c\u4e66\u65e9\u5df2\u8fc7\u6765\u770b\u79cd\u9a6c\u4e66\u7684\u5e74\u9f84  "}, {"userName": "\u7ba1\u4e8b\u5c0f\u4e66\u7ae5", "userReviewDate": "2018-06-01", "userURL": "https://my.qidian.com/user/200117967", "userReview": "\u4e00\u770b\u8bc4\u8bba\u5c31\u77e5\u9053\u662f\u79cd\u9a6c\u5c0f\u8bf4\uff0c\u8fd8\u6562\u770b\u4e48\uff1f"}, {"userName": "\u7231\u4e0a\u5154\u5b50\u7684\u5929\u68a6", "userReviewDate": "2018-05-30", "userURL": "https://my.qidian.com/user/309459825", "userReview": "\u8111\u6b8b\u4f5c\u8005\uff0c\u4f60\u5199\u4e66\u6ca1\u5e26\u8111\u5b50\uff0c\u6709\u75c5\uff0c\u540c\u610f\u7684\u4e0b\u9762666"}, {"userName": "\u5c0f\u8bf4\u4e2d\u81ea\u6709\u989c\u5982\u7389", "userReviewDate": "2018-05-23", "userURL": "https://my.qidian.com/user/154291377", "userReview": "\u55ef\uff0c\u6700\u540e\u4e00\u7ae0\u8bf4\u8fd9\u672c\u4e6640\u591a\u4e2a\u5973\u4e3b\u2026\u202640\u591a\u2026\u2026"}, {"userName": "\u8c222112", "userReviewDate": "2018-05-14", "userURL": "https://my.qidian.com/user/222007464", "userReview": "\u53e4\u971c\u513f\u540e\u6765\u600e\u4e48\u4e86"}, {"userName": "\u6a97\u51db", "userReviewDate": "2018-05-11", "userURL": "https://my.qidian.com/user/211219464", "userReview": "\u521a\u8bf4\u5b8c\u9879\u5c11\u9f99\u600e\u4e48\u600e\u4e48\u89c1\u4e00\u4e2a\u7231\u4e00\u4e2a\uff0c\u63a5\u7740\u5c31\u548c\u59b9\u5b50\u597d\u4e0a\u4e86\uff0c\u4f60tama\u76f4\u63a5\u8bf4\u81ea\u5df1\u559c\u6b22\u5973\u4eba\u600e\u4e48\u4e86\uff0c"}, {"userName": "\u4eba\u6d3b\u5728\u4e16\u4e0a\u662f\u4e3a\u4e86\u4ec0\u4e48", "userReviewDate": "2018-04-30", "userURL": "https://my.qidian.com/user/309871396", "userReview": "\u4ee5\u4eba\u4e3a\u836f\u8fd9\u5f20\u6211\u5f7b\u5e95\u6bd2\u53d1\u751f\u4ea1\u4e86\uff0c\u4ed6\u5927\u7237\u7684\u4f60\u5bb3\u5f97\u6211\u4e00\u665a\u4e0a\u90fd\u4e0d\u8212\u670d\uff0c\u6211\u770b\u8fd9\u4e48\u591a\u5e74\u5c0f\u8bf4\u8fd9\u8fd8\u662f\u7b2c\u4e00\u6b21"}, {"userName": "\u4e66\u53cb20170829105911787", "userReviewDate": "2018-04-26", "userURL": "https://my.qidian.com/user/307681132", "userReview": "\u9002\u5408\u5c0f\u767d\u770b\uff0c\u6210\u5e74\u4eba\u548c\u8001\u767d\u6212\u5165"}, {"userName": "\u4e66\u53cb20180228222946997", "userReviewDate": "2018-04-24", "userURL": "https://my.qidian.com/user/314238185", "userReview": "\u725b\u903c\u725b\u903c\uff0c\u4e00\u4e2a\u521d\u7ea7\u4e16\u754c\u5199\u8fd9\u4e48\u957f\uff0c\u5389\u5bb3\u5389\u5bb3"}], "description": "\u661f\u6d77\u6f2b\u6e38\uff0c\u65f6\u7a7a\u7a7f\u68ad\uff0c\u673a\u68b0\u79d1\u6280\uff0c\u76ee\u6807\u662f\u672a\u77e5\u7684\u661f\u8fb0\u5927\u6d77\uff01", "title": "\u4ed9\u6b66\u4e16\u754c\u5927\u53cd\u6d3e", "url": "https://book.qidian.com/info/3595109", "average": -1.0, "cover": "//qidian.qpic.cn/qdbimg/349573/3595109/180", "reviews": -1, "authors": [{"url": "https://me.qidian.com/authorIndex.aspx?id=4129273", "name": "\u8840\u6708\u5ba2"}], "type": ["\u79d1\u5e7b", "\u65f6\u7a7a\u7a7f\u68ad"], "outlinks": ["https://book.qidian.com/info/3595109", "https://book.qidian.com/info/1010293035", "https://book.qidian.com/info/1010293035", "https://book.qidian.com/info/1010242566", "https://book.qidian.com/info/1010242566", "https://book.qidian.com/info/1009665511", "https://book.qidian.com/info/1009665511", "https://book.qidian.com/info/1010808341", "https://book.qidian.com/info/1010808341", "https://book.qidian.com/info/1010956913", "https://book.qidian.com/info/1010956913", "https://book.qidian.com/info/1010942512", "https://book.qidian.com/info/1010942512", "https://book.qidian.com/info/1010572452", "https://book.qidian.com/info/1010572452", "https://book.qidian.com/info/1011814764", "https://book.qidian.com/info/1011636462", "https://book.qidian.com/info/1012011143", "https://book.qidian.com/info/1011989615", "https://book.qidian.com/info/1011979302", "https://book.qidian.com/info/1011962232", "https://book.qidian.com/info/1012020634", "https://book.qidian.com/info/1011923738", "https://book.qidian.com/info/1012020834", "https://book.qidian.com/info/1011973977"]}