{"ratings": 0.0, "userreviews": [{"userName": "\u4e00\u5ff5\u6210\u9b54\u541b\u65e0\u6eda", "userReviewDate": "2\u5c0f\u65f6\u524d", "userURL": "https://my.qidian.com/user/219700791", "userReview": "\u8fd8\u4e0d\u66f4\u65b0\uff1f"}, {"userName": "\u5495\u565c\u5495\u565c9999", "userReviewDate": "3\u5c0f\u65f6\u524d", "userURL": "https://my.qidian.com/user/224204310", "userReview": "\u9a97\u70ae\u4e0d\u6210\uff0c\u5c31\u53d1\u813e\u6c14\uff1f\u4e09\u7ae0\u529d\u9000"}, {"userName": "\u6c0f\u7533", "userReviewDate": "24\u5c0f\u65f6\u524d", "userURL": "https://my.qidian.com/user/210353286", "userReview": "\u5bf9\u4e8e\u5916\u56fd\u7684\u8282\u65e5\uff0c\u6211\u5927\u90e8\u5206\u90fd\u4e0d\u600e\u4e48\u6837\u5173\u6ce8\uff0c\u552f\u72ec\u7236\u6bcd\u4eb2\u8282\u6bd4\u8f83\u652f\u6301\uff0c\u7279\u522b\u662f\u5f88\u591a\u516c\u4f17\u53f7\u7684\u8f6f\u6587\u90fd\u4e0d\u9519"}, {"userName": "\u4e00\u5ff5\u6210\u9b54\u541b\u65e0\u6eda", "userReviewDate": "2018-06-07", "userURL": "https://my.qidian.com/user/219700791", "userReview": "\u7206\u53d1\u66f4\u65b0\u5440"}, {"userName": "\u6c0f\u7533", "userReviewDate": "2018-06-07", "userURL": "https://my.qidian.com/user/210353286", "userReview": "\u6709\u4e9b\u4e8b\u4ef6\u5176\u5b9e\u5b89\u6392\u592a\u5de7\u5408\u4e0d\u592a\u597d\uff0c\u6700\u597d\u662f\u5206\u51fa\u4e00\u90e8\u5206\u63d0\u524d\u6697\u793a\u4e00\u4e0b\uff0c\u4e00\u70b9\u70b9\u7684\u5c55\u5f00\uff0c\u6bd4\u5982\u661f\u7a7a\u7684\u4fee\u70bc\u4f53"}, {"userName": "\u6211\u53eb\u4e66\u5723", "userReviewDate": "2018-06-07", "userURL": "https://my.qidian.com/user/200879346", "userReview": "\u5949\u529d\u90a3\u4e9b\u770b\u8bc4\u8bba\u7684\u8bfb\u8005\u4e0d\u8981\u628a\u8fd9\u4e9b\u8bc4\u8bba\u5f53\u56de\u4e8b\uff0c\u56e0\u4e3a\u6bcf\u672c\u4e66\u8ddf\u7ed9\u6bcf\u4e2a\u4eba\u7684\u611f\u89c9\u90fd\u4e0d\u4e00\u6837\uff0c1000\u4e2a\u4eba"}, {"userName": "\u4e66\u53cb20171015183254965", "userReviewDate": "2018-06-07", "userURL": "https://my.qidian.com/user/309525622", "userReview": "\u5199\u7740\u5199\u7740\u4f5c\u8005\u5c31\u628a\u81ea\u5df1\u5e26\u5165\u4e86\u88c5\u903c\u72b6\u6001\uff0c\u5b97\u95e8\u5927\u6bd4\u662f\u4e00\u4e2a\u8d25\u7b14\u4e3b\u89d2\u597d\u50cf\u6c38\u8fdc\u662f\u6ee1\u8840\u6ee1\u84dd\uff0c\u521a\u6311\u6218\u5b8c\u4e00\u4e2a"}, {"userName": "\u4e59\u4ea5\u4e09\u6708\u96e8", "userReviewDate": "2018-06-04", "userURL": "https://my.qidian.com/user/213076746", "userReview": "\u5929\u7ec4\u7ec7\u2026\u2026\u90a3\u5c31\u906e\u5929"}, {"userName": "\u6c0f\u7533", "userReviewDate": "2018-06-04", "userURL": "https://my.qidian.com/user/210353286", "userReview": "\u6df7\u6c8c\u4f53\u7684\u7cbe\u8840\uff0c\u672c\u6e90\u4e4b\u7c7b\u7684\uff0c\u7535\u89c6\u5267\u4e0d\u662f\u53ef\u4ee5\u591a\u6253\u51e0\u6b21\u6fc0\u6218\u5c31\u6709\u4e86\u4e48\uff1f\u4f55\u5fc5\u6536\u201c\u6316\u6398\u201d\u90a3\u4e48\u591a"}, {"userName": "\u4e59\u4ea5\u4e09\u6708\u96e8", "userReviewDate": "2018-06-04", "userURL": "https://my.qidian.com/user/213076746", "userReview": "\u795e\u5893\u94fa\u57ab\u65e9\u6709\u4e86"}, {"userName": "\u6c0f\u7533", "userReviewDate": "2018-06-03", "userURL": "https://my.qidian.com/user/210353286", "userReview": "\u597d\u4e0d\u5bb9\u6613\u653e\u5047\u534a\u5929\uff0c\u4e0d\u5bb9\u6613\u554a"}, {"userName": "\u4e8c\u6708\u8bdd", "userReviewDate": "2018-06-02", "userURL": "https://my.qidian.com/user/225931838", "userReview": "\u5efa\u8bae\u4f5c\u8005\u5728\u51c6\u5907\u62cd\u54ea\u90e8\u7535\u89c6\u5267\u65f6\uff0c\u8981\u662f\u60f3\u7528\u4ec0\u4e48\u52bf\u529b\uff0c\u4eba\u7269\uff0c\u53ef\u4ee5\u5728\u62cd\u7535\u89c6\u5267\u7684\u60f3\u6cd5\u51fa\u6765\u524d\uff0c\u63d0\u524d\u5c06\u52bf"}, {"userName": "\u6768\u67f3\u4ed9", "userReviewDate": "2018-06-02", "userURL": "https://my.qidian.com/user/212766633", "userReview": "\u4f5c\u8005\u662f\u6253\u7b97\u628a\u906e\u5929\u7684\u4e16\u5bb6\u52bf\u529b\u90fd\u7167\u732b\u753b\u864e\u7684\u642c\u8fc7\u6765\uff0c\u7136\u540e\u627e\u4ed6\u4eec\u62cd\uff1f\u2192_\u2192\u8fd9\u4e48\u505a\u867d\u7136\u884c\uff0c\u662f\u4e2a\u8282\u7ea6\u8111"}, {"userName": "\u61e6\u5f31\u7684\u5927\u4fa0", "userReviewDate": "2018-06-01", "userURL": "https://my.qidian.com/user/212374524", "userReview": "\u5177\u73b0\u80fd\u529b\u4e00\u5b9a\u8981\u662f\u81ea\u5df1\u62cd\u7684\uff1f\u8fd8\u8981\u4e00\u5b9a\u62cd\u5927\u957f\u7bc7\uff1f\u5982\u679c\u4e0d\u662f\u76f4\u63a5\u62cd\u5b59\u7334\u5b50\u5077\u6843\u90a3\u51e0\u5206\u949f\u4e0d\u884c\uff1f\u6709\u8fd9\u79cd\u91d1"}], "description": "\u5fc3\u6f6e\u6f8e\u6e43\uff0c\u65e0\u9650\u5e7b\u60f3\uff0c\u8fce\u98ce\u6325\u51fb\u5343\u5c42\u6d6a\uff0c\u5c11\u5e74\u4e0d\u8d25\u70ed\u8840\uff01", "title": "\u4ed9\u6b66\u5927\u660e\u661f", "url": "https://book.qidian.com/info/1009326878", "average": -1.0, "cover": "//qidian.qpic.cn/qdbimg/349573/1009326878/180", "reviews": -1, "authors": [{"url": "https://me.qidian.com/authorIndex.aspx?id=7504413", "name": "\u4e0a\u6c5f\u541b"}], "type": ["\u7384\u5e7b", "\u5f02\u4e16\u5927\u9646"], "outlinks": ["https://book.qidian.com/info/1009326878", "https://book.qidian.com/info/1010824803", "https://book.qidian.com/info/1010824803", "https://book.qidian.com/info/1010799783", "https://book.qidian.com/info/1010799783", "https://book.qidian.com/info/1005104206", "https://book.qidian.com/info/1005104206", "https://book.qidian.com/info/1010983687", "https://book.qidian.com/info/1010983687", "https://book.qidian.com/info/1010695671", "https://book.qidian.com/info/1010695671", "https://book.qidian.com/info/1010986526", "https://book.qidian.com/info/1010986526", "https://book.qidian.com/info/1003613171", "https://book.qidian.com/info/1003613171", "https://book.qidian.com/info/1011988403", "https://book.qidian.com/info/1009595922", "https://book.qidian.com/info/1011844784", "https://book.qidian.com/info/1011892497", "https://book.qidian.com/info/1011095320", "https://book.qidian.com/info/1011996851", "https://book.qidian.com/info/1011856434", "https://book.qidian.com/info/1011879207", "https://book.qidian.com/info/1011833256", "https://book.qidian.com/info/1011967674"]}