{"ratings": 0.0, "userreviews": [{"userName": "\u4e66\u53cb160507223341923", "userReviewDate": "2018-05-11", "userURL": "https://my.qidian.com/user/216941773", "userReview": "\u4e66\u53cb160507223341923\u6253\u8d4f\u60f3\u6795\u5934\u7684\u778c\u7761 50000\u8d77\u70b9\u5e01  \u4ed9\u754c\u79d1\u6280"}, {"userName": "\u4e00\u534a\u590f", "userReviewDate": "13\u5206\u949f\u524d", "userURL": "https://my.qidian.com/user/223346710", "userReview": "\u8868\u793a\uff0c\u6709\u70b9\u5fcd\u53d7\u4e0d\u4e86"}, {"userName": "\u6211\u8981\u6ce1\u4f60\u59b9", "userReviewDate": "4\u5c0f\u65f6\u524d", "userURL": "https://my.qidian.com/user/150583914", "userReview": "\u8111\u6d1e\u4e0d\u9519\uff0c\u53ea\u662f\u592a\u5e7c\u7a1a\uff0c\u9002\u5408\u5c0f\u767d\u770b\uff0c\u8001\u4e66\u866b\u5c31\u7b97\u4e86"}, {"userName": "\u5a01\u54e5\u4e00\u53f7", "userReviewDate": "5\u5c0f\u65f6\u524d", "userURL": "https://my.qidian.com/user/219713956", "userReview": "\u7b7e\u5230    "}, {"userName": "LOLOeeee", "userReviewDate": "5\u5c0f\u65f6\u524d", "userURL": "https://my.qidian.com/user/308710107", "userReview": "\u770b\u5230\u7b80\u4ecb\u8bf4  \u4fee\u4ed9\u4ec0\u4e48\u90fd\u662f\u6d6e\u4e91\u2026\u2026\u5c31\u6ca1\u770b\u8fc7\uff0c\u6562\u95ee\u5404\u4f4d\u6709\u8fc7\u8bd5\u6bd2\u7684\u4e48"}, {"userName": "\u51b7\u591c\u957f\u7a7a", "userReviewDate": "17\u5c0f\u65f6\u524d", "userURL": "https://my.qidian.com/user/105022787", "userReview": "\u7b7e\u5230\u680f\uff0c\u7b7e\u5230\u6c34\u7ecf\u9a8c\u4e86\u3002"}, {"userName": "\u4f11\u95f2\u54e5\u54e5", "userReviewDate": "23\u5c0f\u65f6\u524d", "userURL": "https://my.qidian.com/user/313354086", "userReview": "\u5199\u7684\u592a\u597d\u4e86\uff01"}, {"userName": "\u4e00\u53f6\u81f3\u51ac", "userReviewDate": "23\u5c0f\u65f6\u524d", "userURL": "https://my.qidian.com/user/308314541", "userReview": "\u8fd9\u5c4a\u5929\u5ead\uff0c\u8be5\u6362\u4e86\uff01                                    "}, {"userName": "\u6728\u5934-\u8bb0", "userReviewDate": "\u6628\u65e508:13", "userURL": "https://my.qidian.com/user/169928169", "userReview": "\u5199\u7684\u5f88\u597d\uff0c\u52a0\u6cb9"}, {"userName": "h0301", "userReviewDate": "\u6628\u65e500:06", "userURL": "https://my.qidian.com/user/3444029", "userReview": "\u7c3d\u5230\n\u6295\u7968*12\n\u4efb\u52d9"}, {"userName": "\u6b8b\u591c125", "userReviewDate": "2018-06-07", "userURL": "https://my.qidian.com/user/201349150", "userReview": "\u7b7e\u5230\u6295\u7968\u52a0\u6cb9"}, {"userName": "\u5a01\u54e5\u4e00\u53f7", "userReviewDate": "2018-06-07", "userURL": "https://my.qidian.com/user/219713956", "userReview": "\u7b7e\u5230   "}, {"userName": "\u5415\u5929\u867e12961", "userReviewDate": "2018-06-06", "userURL": "https://my.qidian.com/user/316043857", "userReview": "\u6295\u7968\u7b7e\u5230\uff5e\uff5e"}, {"userName": "\u8ff7\u5931\u5728\u5730\u7403\u7684\u5916\u661f\u7efc\u5408\u8230", "userReviewDate": "2018-06-06", "userURL": "https://my.qidian.com/user/302095099", "userReview": "\u6211\u662f\u6765\u770b\u4e66\u7684\u3002\n\ud83d\udc59\ud83d\udc59\ud83d\udc59\ud83d\udc59\ud83d\udc59"}], "description": "\u91cd\u751f\u8fc7\u53bb\u3001\u7545\u60f3\u672a\u6765\u3001\u68a6\u5e7b\u73b0\u5b9e\uff0c\u518d\u5851\u4f20\u5947\u4eba\u751f\uff01", "title": "\u4ed9\u754c\u79d1\u6280", "url": "https://book.qidian.com/info/1009845993", "average": -1.0, "cover": "//qidian.qpic.cn/qdbimg/349573/1009845993/180", "reviews": -1, "authors": [{"url": "https://me.qidian.com/authorIndex.aspx?id=2920723", "name": "\u60f3\u6795\u5934\u7684\u778c\u7761"}], "type": ["\u90fd\u5e02", "\u5f02\u672f\u8d85\u80fd"], "outlinks": ["https://book.qidian.com/info/1009845993", "https://book.qidian.com/info/1010903770", "https://book.qidian.com/info/1010903770", "https://book.qidian.com/info/1010925483", "https://book.qidian.com/info/1010925483", "https://book.qidian.com/info/1010908372", "https://book.qidian.com/info/1010908372", "https://book.qidian.com/info/1009667341", "https://book.qidian.com/info/1009667341", "https://book.qidian.com/info/1010053636", "https://book.qidian.com/info/1010053636", "https://book.qidian.com/info/1010781736", "https://book.qidian.com/info/1010781736", "https://book.qidian.com/info/2383409", "https://book.qidian.com/info/2383409", "https://book.qidian.com/info/3280066", "https://book.qidian.com/info/3280066", "https://book.qidian.com/info/3342933", "https://book.qidian.com/info/3342933", "https://book.qidian.com/info/1003481793", "https://book.qidian.com/info/1003481793", "https://book.qidian.com/info/1011932150", "https://book.qidian.com/info/1012029544", "https://book.qidian.com/info/1012015699", "https://book.qidian.com/info/1012018201", "https://book.qidian.com/info/1011879101", "https://book.qidian.com/info/1011790606", "https://book.qidian.com/info/1011971435", "https://book.qidian.com/info/1009695534", "https://book.qidian.com/info/1011890878", "https://book.qidian.com/info/1010537314"]}