{"ratings": 0.0, "userreviews": [], "description": "\u4fee\u4ed9\u89c5\u957f\u751f\uff0c\u70ed\u8840\u4efb\u900d\u9065\uff0c\u8e0f\u83b2\u66f3\u6ce2\u6da4\u5251\u9aa8\uff0c\u51ed\u865a\u5fa1\u98ce\u5851\u5723\u9b42\uff01", "title": "\u4ed9\u754c\u81f3\u5c0a\u4e4b\u79f0\u9738\u516d\u754c", "url": "https://book.qidian.com/info/1011595121", "average": -1.0, "cover": "//qidian.qpic.cn/qdbimg/349573/1011595121/180", "reviews": -1, "authors": [{"url": "https://me.qidian.com/authorIndex.aspx?id=402101367", "name": "\u661f\u7a7a\u6709\u6bdb\u6bdb\u866b"}], "type": ["\u4ed9\u4fa0", "\u4fee\u771f\u6587\u660e"], "outlinks": ["https://book.qidian.com/info/1011595121", "https://book.qidian.com/info/1010280375", "https://book.qidian.com/info/1010280375", "https://book.qidian.com/info/1010749957", "https://book.qidian.com/info/1010749957", "https://book.qidian.com/info/1006464846", "https://book.qidian.com/info/1006464846", "https://book.qidian.com/info/1011430387", "https://book.qidian.com/info/1011430387", "https://book.qidian.com/info/1003636993", "https://book.qidian.com/info/1003636993", "https://book.qidian.com/info/1003739767", "https://book.qidian.com/info/1003739767", "https://book.qidian.com/info/1012012141", "https://book.qidian.com/info/1012012141", "https://book.qidian.com/info/1011591994", "https://book.qidian.com/info/1011591994", "https://book.qidian.com/info/1010327039", "https://book.qidian.com/info/1012016027", "https://book.qidian.com/info/1011630501", "https://book.qidian.com/info/1012010192", "https://book.qidian.com/info/1011834598", "https://book.qidian.com/info/1011672705", "https://book.qidian.com/info/1011966835", "https://book.qidian.com/info/1011940680", "https://book.qidian.com/info/1011491390", "https://book.qidian.com/info/1011995376"]}