{"ratings": 0.0, "userreviews": [{"userName": "\u6b62\u6230\u4e4b\u6ba4\u4e28\u68a6", "userReviewDate": "2018-04-22", "userURL": "https://my.qidian.com/user/231034683", "userReview": "\u6b22\u8fce\u5168\u8ba2\u7684\u5c0f\u4f19\u4f34\u52a0\u5165\u4e0d\u6b63\u7ecf\u7684\u641e\u4e8b\u7fa4\uff08\u9700\u8981\u5168\u8ba2\u622a\u56fe\uff09\uff0c704620442\uff0c\u6a58\u5b50\u6811\u5df2\u7ecf\u5907\u597d\uff0c\u8fd8"}, {"userName": "\u5c0f\u767d\u5f88\u8fc7\u5206", "userReviewDate": "2018-03-15", "userURL": "https://my.qidian.com/user/113727166", "userReview": "\u3010\u53cb\u60c5\u63d0\u793a\u3011\u9605\u8bfb\u300a\u4ed9\u738b\u7684\u65e5\u5e38\u751f\u6d3b\u300b\u4f60\u5fc5\u987b\u77e5\u9053\u7684\u51e0\u4ef6\u4e8b1\uff1a\u6709\u5173\u4eba\u8bbe\u95ee\u9898\uff0c\u67af\u7384\u5927\u5927\u5df2\u7ecf\u5728\u300a\u4f5c\u54c1"}, {"userName": "\u62a4\u536b\u56e2\u957f\u4e91\u4f5b", "userReviewDate": "2018-02-06", "userURL": "https://my.qidian.com/user/218411300", "userReview": "\u5168\u8ba2V\u88d9\uff1a\u4e03\uff0c\u96f6\uff0c\u56db\uff0c\u516d\uff0c\u4e8c\uff0c\u96f6\uff0c\u56db\uff0c\u56db\uff0c\u4e8c\uff01\u5e74\u524d\u4f1a\u6709\u4e00\u6ce2\u62bd\u5956\u6d3b\u52a8\u53d1\u653e\uff0c\u5178\u85cf\u7248\u5b9e\u4f53\u4e66\uff5e\u5feb\u6765"}, {"userName": "\u5c0f\u767d\u5f88\u8fc7\u5206", "userReviewDate": "2018-01-06", "userURL": "https://my.qidian.com/user/113727166", "userReview": "\u3010\u798f\u5229\u9884\u544a\u3011\u5927\u5bb6\u5e94\u8be5\u90fd\u77e5\u9053\u67af\u7384\u541b\u662f\u6df7b\u7ad9\u7684\u5427\u3002\u540c\u65f6\u624b\u4e0b\u4e5f\u6709\u81ea\u5df1\u4e13\u5c5e\u7684\u97f3\u4e50\u56e2\u961f(V.C\u97f3\u4e50)"}, {"userName": "\u5fbd\u5c71\u7d2b\u8863", "userReviewDate": "4\u5c0f\u65f6\u524d", "userURL": "https://my.qidian.com/user/219385756", "userReview": "\u8fd9\u4e66\u6709\u5973\u4e3b\u5417\u80fd\u900f\u9732\u4e0b\u4e0d\uff0c\u6ca1\u5973\u4e3b\u6211\u770b\u4e0d\u4e0b\u53bb\u7684[fn=26]"}, {"userName": "\u65e0\u540d\u6c0f\u4e4b\u75af\u8005", "userReviewDate": "5\u5c0f\u65f6\u524d", "userURL": "https://my.qidian.com/user/214394397", "userReview": "\u7b7e\u5230\u5904\uff08\u543e\u72ec\u7528\uff0c\u4e00\u697c\u4e00\u63a8\u8350\uff09"}, {"userName": "\u4e91\u65d7\u9601\u4e3b", "userReviewDate": "7\u5c0f\u65f6\u524d", "userURL": "https://my.qidian.com/user/224425600", "userReview": "\u9694\u73e0\u6211\u7684\u7b7e\u5230\u697c"}, {"userName": "\u68a6\u5929\u8bfa", "userReviewDate": "14\u5c0f\u65f6\u524d", "userURL": "https://my.qidian.com/user/311767993", "userReview": "\u5973\u4e3b\u662f\u8c01\u554a\uff01\uff01"}, {"userName": "\u6b62\u6230\u4e4b\u6ba4\u4e28\u68a6", "userReviewDate": "14\u5c0f\u65f6\u524d", "userURL": "https://my.qidian.com/user/231034683", "userReview": "\u6bcf\u65e5\u7b7e\u5230\uff0c\u8bc1\u660e\u5b58\u5728"}, {"userName": "\u5c0f\u767d\u5f88\u8fc7\u5206", "userReviewDate": "16\u5c0f\u65f6\u524d", "userURL": "https://my.qidian.com/user/113727166", "userReview": "\u4e3a\u907f\u514d\u6c34\u519b\uff0c\u6240\u6709\u4f4e\u7b49\u7ea7\u4ee5\u53ca0\u8ba2\u9605\u7684\u8d26\u53f7\u53d1\u5e03\u7684\u4e66\u8bc4\uff0c\u4f1a\u53ca\u65f6\u6e05\u7406\u3002"}, {"userName": "\u5343\u5c71\u5343\u5e1d", "userReviewDate": "16\u5c0f\u65f6\u524d", "userURL": "https://my.qidian.com/user/308092763", "userReview": "\u4e8c\u72d7\u5b50\u548c\u9738\u5b8b\u4e00\u6837\u662f\u6c34\u8d27\u5927\u4f6c"}, {"userName": "\u9f99\u529b", "userReviewDate": "18\u5c0f\u65f6\u524d", "userURL": "https://my.qidian.com/user/290319", "userReview": "\u600e\u4e48\u8bf4\u5462\uff0c\u4ed9\u738b\u8fde\u8f7d\u5230\u73b0\u5728140\u4e07\u5b57\u4e86\uff0c\u67af\u7384\u5199\u51fa\u4e86\u81ea\u5df1\u7684\u98ce\u683c\uff0c\u5149\u9760\u9f50\u795e\u7684\u6ce1\u9762\u5267\u60c5\u662f\u5199\u4e0d\u957f\u7684\u3002"}, {"userName": "\u5c0f\u767d\u5f88\u8fc7\u5206", "userReviewDate": "18\u5c0f\u65f6\u524d", "userURL": "https://my.qidian.com/user/113727166", "userReview": "\u6709\u5173\u672c\u4f5c\u5f00\u7bc7\u4ee5\u53ca\u4e00\u4e9b\u5df2\u7ecf\u89e3\u91ca\u8fc7\u7684\u95ee\u9898\uff0c\u5c31\u52b3\u70e6\u4e0d\u8981\u518d\u91cd\u590d\u63d0\u95ee\u4e86\uff0c\u7cbe\u534e\u91cc\u90fd\u6709\u3002"}, {"userName": "\u75af\u6e05\u626c123", "userReviewDate": "20\u5c0f\u65f6\u524d", "userURL": "https://my.qidian.com/user/150003005", "userReview": "\u5982\u679c\u4e24\u5305\u5e72\u8106\u9762\u6389\u8fdb\u6c34\u91cc\uff0c\u738b\u4ee4\u4f1a\u6551\u8c01"}], "description": "\u6fc0\u840c\u7684\u841d\u8389\uff0c\u70ed\u8840\u7684\u5c11\u5e74\uff0c\u4e3a\u6253\u7834\u6b21\u5143\u58c1\u4e00\u5f80\u65e0\u524d\uff01", "title": "\u4ed9\u738b\u7684\u65e5\u5e38\u751f\u6d3b", "url": "https://book.qidian.com/info/1005394024", "average": -1.0, "cover": "//qidian.qpic.cn/qdbimg/349573/1005394024/180", "reviews": -1, "authors": [{"url": "https://me.qidian.com/authorIndex.aspx?id=3137889", "name": "\u67af\u7384"}], "type": ["\u4e8c\u6b21\u5143", "\u9752\u6625\u65e5\u5e38", "\u4e8c\u6b21\u5143"], "outlinks": ["https://book.qidian.com/info/1005394024", "https://book.qidian.com/info/1010770545", "https://book.qidian.com/info/1010770545", "https://book.qidian.com/info/1010860831", "https://book.qidian.com/info/1010860831", "https://book.qidian.com/info/1010815544", "https://book.qidian.com/info/1010815544", "https://book.qidian.com/info/1009877843", "https://book.qidian.com/info/1009877843", "https://book.qidian.com/info/1010822580", "https://book.qidian.com/info/1010822580", "https://book.qidian.com/info/1009599405", "https://book.qidian.com/info/1009599405", "https://book.qidian.com/info/2565562", "https://book.qidian.com/info/2565562", "https://book.qidian.com/info/2975800", "https://book.qidian.com/info/2975800", "https://book.qidian.com/info/3609887", "https://book.qidian.com/info/3609887", "https://book.qidian.com/info/1011443057", "https://book.qidian.com/info/1011977706", "https://book.qidian.com/info/1011970575", "https://book.qidian.com/info/1011722301", "https://book.qidian.com/info/1012058179", "https://book.qidian.com/info/1010868275", "https://book.qidian.com/info/1012020887", "https://book.qidian.com/info/1011904081"]}