{"ratings": 0.0, "userreviews": [{"userName": "sky\u4e00cj", "userReviewDate": "2018-02-25", "userURL": "https://my.qidian.com/user/300578721", "userReview": "\u672c\u6765\u89c9\u5f97\u8fd8\u4e0d\u9519\u4f46\u4f60\u5b8c\u7ed3\u4e86\u662f\u4ec0\u4e48\u9b3c\u3002\u3002\u5c31\u8fd9\u6837\u592a\u76d1\u4e86\uff1f"}, {"userName": "\u72c2\u70ed\u7684\u6218\u795e", "userReviewDate": "2017-12-21", "userURL": "https://my.qidian.com/user/115197317", "userReview": "\u4e0d\u4f1a\u5b8c\u4e86\u5427"}, {"userName": "\u5929\u6cea\u5e84", "userReviewDate": "2017-09-15", "userURL": "https://my.qidian.com/user/301746557", "userReview": "\u7b7e\u5230\u6c34\u7ecf\u9a8c"}, {"userName": "\u6e5b\u84dd\u77e5\u591c", "userReviewDate": "2017-09-12", "userURL": "https://my.qidian.com/user/224539175", "userReview": "\u5509\uff01\u8fd9\u4f5c\u8005\u7684\u6bcf\u4e00\u672c\u4e66\u6c34\u5e73\u8fd8\u884c\uff0c\u4f46\u662f\u7f3a\u5c11\u65b0\u610f\uff01"}, {"userName": "\u897f\u75af\u9a6c", "userReviewDate": "2017-08-30", "userURL": "https://my.qidian.com/user/160965304", "userReview": "5\u7968\u5148\u540e\u653e\u4e0b"}, {"userName": "\u6539\u6843", "userReviewDate": "2017-08-21", "userURL": "https://my.qidian.com/user/224639326", "userReview": "\u5927\u5bb6\u597d\uff01\u63a8\u8350\u300a\u79d1\u6280\u5927\u4ed9\u5b97\u300b\u7ed9\u5927\u5bb6\uff0c\u7384\u5e7b\u7c7b\u578b\uff0c\u7a7f\u8d8a\uff0c\u79d1\u6280\u4fee\u4ed9\u3002\u8fde\u8f7d\u4e2d\uff0c\u5df2200\u591a\u4e07\u5b57\uff0c\u670b\u53cb\u4eec"}, {"userName": "\u6ca7\u6d77\u9053\u4eba", "userReviewDate": "2017-08-21", "userURL": "https://my.qidian.com/user/214803451", "userReview": "\u4f5c\u8005\u4f60\u548c\u65e0\u751f\u8001\u7239\u4ec0\u4e48\u5173\u7cfb"}, {"userName": "\u80a5\u5927\u7684\u4e00\u5934\u732a\u795e", "userReviewDate": "2017-08-21", "userURL": "https://my.qidian.com/user/300857682", "userReview": "\u5443\uff0c\u600e\u4e48\u8bf4\u5462\uff0c\u4e0d\u77e5\u9053\u600e\u4e48\u8bf4\uff0c\u7b97\u4e86Y(^_^)Y"}, {"userName": "ffdffdf", "userReviewDate": "2017-08-10", "userURL": "https://my.qidian.com/user/160331115", "userReview": "\u3002\u3002\u3002\u7c7b\u4f3c\u9898\u6750\u5f88\u591a\u3002\u3002"}, {"userName": "\u4e66\u53cb160613175343876", "userReviewDate": "2017-08-02", "userURL": "https://my.qidian.com/user/218472003", "userReview": "\u5904\u7406\u7ec6\u8282\u548c\u5236\u9020\u60ac\u5ff5\u5438\u5f15\u8bfb\u8005,\u6765\uff0c\u7fa4`\u3010\u248d\u3001\u30cb\u30cf1OO\u2490\u0417\u30cb\u3011"}, {"userName": "\u53ea\u662f\u4e00\u9ede\u661f\u706b", "userReviewDate": "2017-08-01", "userURL": "https://my.qidian.com/user/225271289", "userReview": "\u6211\u5f88\u559c\u6b61\u9019\u672c\u66f8 \u52a0\u6cb9"}, {"userName": "\u4e66\u53cb160613175339929", "userReviewDate": "2017-08-01", "userURL": "https://my.qidian.com/user/218471997", "userReview": "\u5904\u7406\u7ec6\u8282\u548c\u5236\u9020\u60ac\u5ff5\u5438\u5f15\u8bfb\u8005,\u6765\uff0c\u7fa4`\u3010\u248d\u3001\u30cb\u30cf1OO\u2490\u0417\u30cb\u3011"}, {"userName": "\u4e66\u53cb160613154609489", "userReviewDate": "2017-07-30", "userURL": "https://my.qidian.com/user/218468204", "userReview": "\u5904\u7406\u7ec6\u8282\u548c\u5236\u9020\u60ac\u5ff5\u5438\u5f15\u8bfb\u8005,\u6765\uff0c\u7fa4`\u3010\u248d\u3001\u30cb\u30cf1OO\u2490\u0417\u30cb\u3011"}, {"userName": "\u4e66\u53cb160613154558051", "userReviewDate": "2017-07-29", "userURL": "https://my.qidian.com/user/218468198", "userReview": "\u5efa\u7acb\u4eba\u7269\u5173\u7cfb\uff0c\u60c5\u8282\u5982\u4f55\u53d1\u5c55\uff0c\u6545\u4e8b\u7684\u4e3b\u5e72\u548c\u5206\u679d\u5982\u4f55\u7a7f\u63d2,\u606d\u5019\u6765\uff0c\u7fa4`\u3010\u248d\u30cb\u30cf1OO\u2490\u3001\u0417\u30cb\u3011"}], "description": "\u91cd\u751f\u8fc7\u53bb\u3001\u7545\u60f3\u672a\u6765\u3001\u68a6\u5e7b\u73b0\u5b9e\uff0c\u518d\u5851\u4f20\u5947\u4eba\u751f\uff01", "title": "\u4ed9\u754c\u63a5\u5f15\u4f7f", "url": "https://book.qidian.com/info/1010113039", "average": -1.0, "cover": "//qidian.qpic.cn/qdbimg/349573/1010113039/180", "reviews": -1, "authors": [{"url": "https://me.qidian.com/authorIndex.aspx?id=10638866", "name": "\u672c\u738b\u4f1a\u98de"}], "type": ["\u90fd\u5e02", "\u5f02\u672f\u8d85\u80fd"], "outlinks": ["https://book.qidian.com/info/1010113039", "https://book.qidian.com/info/1010472373", "https://book.qidian.com/info/1010472373", "https://book.qidian.com/info/1010053636", "https://book.qidian.com/info/1010053636", "https://book.qidian.com/info/1005390970", "https://book.qidian.com/info/1005390970", "https://book.qidian.com/info/1003913187", "https://book.qidian.com/info/1003913187", "https://book.qidian.com/info/1006631076", "https://book.qidian.com/info/1006631076", "https://book.qidian.com/info/1005074585", "https://book.qidian.com/info/1005074585", "https://book.qidian.com/info/1005369286", "https://book.qidian.com/info/1005369286", "https://book.qidian.com/info/1009510948", "https://book.qidian.com/info/1009510948", "https://book.qidian.com/info/1010643893", "https://book.qidian.com/info/1010643893", "https://book.qidian.com/info/1010803514", "https://book.qidian.com/info/1010803514", "https://book.qidian.com/info/1011664463", "https://book.qidian.com/info/1011664463", "https://book.qidian.com/info/1011750315", "https://book.qidian.com/info/1011750315", "https://book.qidian.com/info/1011932150", "https://book.qidian.com/info/1012029544", "https://book.qidian.com/info/1012015699", "https://book.qidian.com/info/1012018201", "https://book.qidian.com/info/1011879101", "https://book.qidian.com/info/1011790606", "https://book.qidian.com/info/1011971435", "https://book.qidian.com/info/1009695534", "https://book.qidian.com/info/1011890878", "https://book.qidian.com/info/1010537314"]}