{"ratings": 0.0, "userreviews": [{"userName": "\u65e0\u8272\u4f5b", "userReviewDate": "2018-05-16", "userURL": "https://my.qidian.com/user/316596542", "userReview": "\u6bcf\u5929\u575a\u6301\u4e8c\u66f4\u3002[fn=1]"}], "description": "\u30102018\u8d77\u70b9\u4ed9\u4fa0\u6d41\u6d3e\u5f81\u6587\u3011\u53c2\u8d5b\u4f5c\u54c1", "title": "\u4ed9\u754c\u540d\u4eba\u699c", "url": "https://book.qidian.com/info/1011931685", "average": -1.0, "cover": "//qidian.qpic.cn/qdbimg/349573/1011931685/180", "reviews": -1, "authors": [{"url": "https://me.qidian.com/authorIndex.aspx?id=402066619", "name": "\u65b9\u5929\u884c"}], "type": ["\u4ed9\u4fa0", "\u5e7b\u60f3\u4fee\u4ed9"], "outlinks": ["https://book.qidian.com/info/1011931685", "https://book.qidian.com/info/1010280375", "https://book.qidian.com/info/1010280375", "https://book.qidian.com/info/3528999", "https://book.qidian.com/info/3528999", "https://book.qidian.com/info/1006488029", "https://book.qidian.com/info/1006488029", "https://book.qidian.com/info/1011797092", "https://book.qidian.com/info/1011797092", "https://book.qidian.com/info/1009704712", "https://book.qidian.com/info/1009704712", "https://book.qidian.com/info/1009311558", "https://book.qidian.com/info/1009311558", "https://book.qidian.com/info/1010327039", "https://book.qidian.com/info/1012016027", "https://book.qidian.com/info/1011630501", "https://book.qidian.com/info/1012010192", "https://book.qidian.com/info/1011834598", "https://book.qidian.com/info/1011672705", "https://book.qidian.com/info/1011966835", "https://book.qidian.com/info/1011940680", "https://book.qidian.com/info/1011491390", "https://book.qidian.com/info/1011995376"]}