{"ratings": 0.0, "userreviews": [{"userName": "\u6587\u6b66\u4e4b\u738b", "userReviewDate": "5\u5c0f\u65f6\u524d", "userURL": "https://my.qidian.com/user/314225108", "userReview": "\u597d\uff0c\u8d5e\ud83d\udc4d\u300a\u4ed9\u8349\u4f9b\u5e94\u5546\u300b"}, {"userName": "\u4e66\u53cb20180201000359958", "userReviewDate": "7\u5c0f\u65f6\u524d", "userURL": "https://my.qidian.com/user/313230838", "userReview": "\u7b7e\u5230\u6c34\u7ecf\u9a8c"}, {"userName": "\u5510\u4f2f\u5bc5", "userReviewDate": "13\u5c0f\u65f6\u524d", "userURL": "https://my.qidian.com/user/1397984", "userReview": "\u6765\u4e2a\u4eba\u89e3\u91ca\u4e00\u4e0b\uff1f"}, {"userName": "\u6e05\u6d45\u5ba2", "userReviewDate": "24\u5c0f\u65f6\u524d", "userURL": "https://my.qidian.com/user/9649094", "userReview": "\u4f5c\u8005\u7684\u6bdb\u6bdb\u866b\u6709\u51e0\u516c\u5206\u5440\uff1f\uff1f\uff1f[fn=4]"}, {"userName": "\u4e66\u866b\u4e4b\u866b\u4e2d\u4e4b\u866b", "userReviewDate": "2018-06-07", "userURL": "https://my.qidian.com/user/1548295", "userReview": "\u4e3a\u6bdb\u6bdb\u866b\u9876\u4e00\u4e2a\uff01\uff01\uff01\uff01[fn=43]"}, {"userName": "\u4e66\u53cb20171129072234323", "userReviewDate": "2018-06-07", "userURL": "https://my.qidian.com/user/311221327", "userReview": "\u95e8\u6d3e\u90a3\u4e48\u591a\u4eba\uff0c\u5c31\u4ed6\u4e00\u4eba\u5c3f\u5c3f\u554a\uff0c\u592a\u6ca1\u610f\u601d\u4e86"}, {"userName": "\u900d\u9065\u8001\u519c", "userReviewDate": "2018-06-07", "userURL": "https://my.qidian.com/user/468647", "userReview": "\u4e3a\u4e86\u4f5c\u8005\u7684\u6bdb\u6bdb\u866b\u800c\u7b7e\u5230\u6c34\u7ecf\u9a8c\u3002[fn=43]"}, {"userName": "\u5730\u539a\u5929\u9ad8\u4eba\u8d85", "userReviewDate": "2018-06-07", "userURL": "https://my.qidian.com/user/210191004", "userReview": "\u7b7e\u5230\uff0c\u52a0\u6cb9\uff0c\u628a\u4ed9\u8349\u5750\u5b9e\u4e86"}, {"userName": "\u5e7c\u8272", "userReviewDate": "2018-06-06", "userURL": "https://my.qidian.com/user/214225921", "userReview": "\u5341\u4e00\u7ae0\u54ea\u91cc\uff0c\u4e00\u8fb9\u56d4\u56d4\u7740\u65f6\u95f4\u7d27\u8feb\uff0c\u4e00\u8fb9\u975e\u8981\u5728\u5916\u9762\u4fee\u70bc\u4e00\u5929\u4e00\u591c\uff0c\u7a7a\u95f4\u91cc\u9762\u5df2\u7ecf\u5341\u5929\u5341\u591c\u4e86\u5427\u3002"}, {"userName": "\u522b\u770b\u6211\u5413\u5230\u4f60", "userReviewDate": "2018-06-05", "userURL": "https://my.qidian.com/user/967254", "userReview": "\u76ee\u524d\u770b\u7740\u8fd8\u4e0d\u9519\u3002\uff0c\u52a0\u6cb9\u5427"}, {"userName": "\u4fee\u5fc3\u65e0\u6211", "userReviewDate": "2018-06-05", "userURL": "https://my.qidian.com/user/4081231", "userReview": "\u539f\u6587\uff1a\u6700\u8ba9\u738b\u957f\u751f\u9ad8\u5174\u7684\u662f\uff0c"}, {"userName": "\u7159\u96e8\u695a\u96f2\u79c0", "userReviewDate": "2018-06-05", "userURL": "https://my.qidian.com/user/314522496", "userReview": "\u6c34\u7ecf\u9a8c\uff0c\uff0c"}, {"userName": "\u6e1b\u91cd\u7684\u6a58\u55b5", "userReviewDate": "2018-06-05", "userURL": "https://my.qidian.com/user/228545055", "userReview": "\u6b61\u8fce\u770b\u4e00\u4e0b\u65b9\u60f3\u7684\u4fee\u771f\u4e16\u754c\uff0c\u6263\u9664\u90a3\u9846\u73e0\u5b50\uff0c\u524d\u9762\u7528\u5e9a\u91d1\u8a23\u6bba\u87f2\uff0c\u771f\u50cf\u3002\u76ee\u524d\u70ba\u6b62\uff0c\u90a3\u500b\u77f3\u5c4b\u7684\u554f\u984c\uff0c"}, {"userName": "\u4f5c\u5bb6\u7f8a\u874e\u5b50", "userReviewDate": "2018-06-04", "userURL": "https://my.qidian.com/user/227769836", "userReview": "\u53ea\u662f\u7b7e\u5230\u6c34\u7ecf\u9a8c"}], "description": "\u30102018\u8d77\u70b9\u4ed9\u4fa0\u6d41\u6d3e\u5f81\u6587\u3011\u53c2\u8d5b\u4f5c\u54c1", "title": "\u4ed9\u8349\u4f9b\u5e94\u5546", "url": "https://book.qidian.com/info/1012016027", "average": -1.0, "cover": "//qidian.qpic.cn/qdbimg/349573/1012016027/180", "reviews": -1, "authors": [{"url": "https://me.qidian.com/authorIndex.aspx?id=402288695", "name": "\u5bc2\u5bde\u6211\u72ec\u8d70"}], "type": ["\u4ed9\u4fa0", "\u5e7b\u60f3\u4fee\u4ed9"], "outlinks": ["https://book.qidian.com/info/1012016027", "https://book.qidian.com/info/1010259609", "https://book.qidian.com/info/1010259609", "https://book.qidian.com/info/1005395194", "https://book.qidian.com/info/1005395194", "https://book.qidian.com/info/1010389683", "https://book.qidian.com/info/1010389683", "https://book.qidian.com/info/1010192932", "https://book.qidian.com/info/1010192932", "https://book.qidian.com/info/1005405425", "https://book.qidian.com/info/1005405425", "https://book.qidian.com/info/1005020060", "https://book.qidian.com/info/1005020060", "https://book.qidian.com/info/1010327039", "https://book.qidian.com/info/1012016027", "https://book.qidian.com/info/1011630501", "https://book.qidian.com/info/1012010192", "https://book.qidian.com/info/1011834598", "https://book.qidian.com/info/1011672705", "https://book.qidian.com/info/1011966835", "https://book.qidian.com/info/1011940680", "https://book.qidian.com/info/1011491390", "https://book.qidian.com/info/1011995376"]}