{"ratings": 0.0, "userreviews": [{"userName": "\u6708\u9690\u6e05\u96f2", "userReviewDate": "2017-12-05", "userURL": "https://my.qidian.com/user/114883970", "userReview": "\u96be\u5f97\u770b\u5230\u4e00\u672c\u770b\u5f97\u8212\u5fc3\u7684\u4ed9\u4fa0\u3002"}, {"userName": "\u6210\u9b54\u554a\u554a\u554a", "userReviewDate": "2017-12-04", "userURL": "https://my.qidian.com/user/190418574", "userReview": "\u73b0\u5728\u8d77\u70b9\u80fd\u770b\u8fdb\u53bb\u7684\u4ed9\u4fa0\u5c0f\u8bf4\u4e0d\u591a\u4e86\uff0c\u4f5c\u8005\u541b\u8fd9\u672c\u5f88\u597d\uff0c\u4e0d\u50cf\u522b\u7684\uff0c\u90fd\u53ea\u4f1a\u88c5\u903c\u610f\u6deb\uff0c\u8d8a\u770b\u8d8a\u5012\u80c3\u53e3\u3002"}, {"userName": "\u7f8e\u98df\u65c5\u4eba", "userReviewDate": "2017-11-14", "userURL": "https://my.qidian.com/user/300132917", "userReview": "\u4e0d\u9519\uff0c\u633a\u597d\u770b\u7684\uff0c\u71ac\u591c\u4e00\u53e3\u6c14\u770b\u5b8c\u4e86\uff01"}, {"userName": "\u5415\u5929\u867e3407", "userReviewDate": "19\u5c0f\u65f6\u524d", "userURL": "https://my.qidian.com/user/313201373", "userReview": "\u5199\u7ed9\u5927\u5bb6\u5206\u4eab"}, {"userName": "\u4f17\u9633", "userReviewDate": "2018-06-07", "userURL": "https://my.qidian.com/user/173874882", "userReview": "\u53ef\u4ee5\u8003\u8651\u4f7f\u7528\u7f57\u5c39\u4e4b\u6756\u4e3a\u6b66\u5668\u4e86"}, {"userName": "\u4f17\u9633", "userReviewDate": "2018-06-07", "userURL": "https://my.qidian.com/user/173874882", "userReview": "\u732a\u811a\u667a\u5546\u8d8a\u6765\u8d8a\u4f4e\u4e86"}, {"userName": "700965.qdcn", "userReviewDate": "2018-06-05", "userURL": "https://my.qidian.com/user/184026472", "userReview": "\u4ec0\u4e48\u53eb\u65e0\u654c\u6c14\u8fd0\uff0c\u5c31\u662f\u4f60\u4fe9\u6253\u67b6\u4f60\u90fd\u6709\u53ef\u80fd\u81ea\u5df1\u6454\u6b7b\u3002"}, {"userName": "\u4e66\u53cb20170518091111618", "userReviewDate": "2018-06-05", "userURL": "https://my.qidian.com/user/301913215", "userReview": "\u76d6\u4e2a\u6253\u8d4f\u697c\uff5e\u4e00\u697c10\u5e01\uff0c\u767e\u697c\u4e00\u7ed3\u5c01\u9876\u4e8c\u5343\u697c\uff5e(\uffe3\u25bd\uffe3\uff5e)~"}, {"userName": "\u5c0f\u76d7\u83ab\u975e\u9053", "userReviewDate": "2018-06-04", "userURL": "https://my.qidian.com/user/152552585", "userReview": "\u51e0\u4e4e\u6ca1\u4e24\u884c\u5c31\u6709\u4e00\u4e2a\u4e86\u5b57\uff0c\u770b\u5f97\u4eba\u592a\u96be\u53d7\u4e86\uff0c\u660e\u660e\u53ef\u4ee5\u4e0d\u8981\u4e86\u7684\u53e5\u5b50\uff0c\u540e\u9762\u4e5f\u975e\u5f97\u8ddf\u4e00\u4e2a\u4e86\uff0c\u90a3\u4e48\u591a\u4e86"}, {"userName": "\u5415\u5929\u867e3516", "userReviewDate": "2018-06-03", "userURL": "https://my.qidian.com/user/313076642", "userReview": "\u7b7e\u5230\u4e86\u3002\u3002"}, {"userName": "\u4e66\u53cb20170628121958592", "userReviewDate": "2018-06-02", "userURL": "https://my.qidian.com/user/304290168", "userReview": "\u603b\u611f\u89c9\u90a3\u4e2a\u751f\u6b7b\u8584\u7684\u5668\u7075\u662f\u4e2a\u5e55\u540e\u9ed1\u624b\uff0c\u6bd5\u7adf\u4e5f\u6709\u8001\u7237\u7237\u53cd\u566c\u4e3b\u89d2\u7684\u5957\u8def\u554a\u3002"}, {"userName": "\u5306\u5306\u5c81\u6708\u884c", "userReviewDate": "2018-06-02", "userURL": "https://my.qidian.com/user/218472890", "userReview": "\u4e0a\u67b6\u524d\u90a3\u4e00\u6bb5\u6211\u90fd\u80fd\u731c\u5230\u4e86\uff0c\u5dee\u8bc4\uff0c\u660e\u660e\u77e5\u9053\u522b\u4eba\u6709\u795e\u9b42\u8fd8\u9001\u4e0a\u95e8\uff0c\u53ef\u89c1\u662f\u975e\u5e38\u777f\u667a\u4e86\u3002"}, {"userName": "\u4e66\u53cb140605215031915", "userReviewDate": "2018-05-31", "userURL": "https://my.qidian.com/user/188060366", "userReview": "\u4fee\u4ed9\u754c\u6740\u4eba\u4e0d\u6d88\u9b42\uff0c\u4f60\u5728\u9017\u6211\uff1f"}, {"userName": "\u4f60\u5fd8\u4f60\u53c8\u4f55\u66fe", "userReviewDate": "2018-05-30", "userURL": "https://my.qidian.com/user/190195413", "userReview": "\u8bf4\u5b9e\u8bdd\uff0c\u5c31\u7b2c\u4e00\u7ae0\u800c\u8a00\u6211\u5c31\u51c6\u5907\u8d70\u4e86\uff0c\u8eab\u4efd\u53eb\u5c0f\u4e3b\u4eba\uff0c\u5728\u5730\u7403\u751f\u6d3b\u4e86\u597d\u591a\u5e74\uff0c\u600e\u4e48\u4f1a\u6709\u8fd9\u79cd\u60f3\u6cd5\uff0c\u6709\u6bd2"}], "description": "\u4fee\u4ed9\u89c5\u957f\u751f\uff0c\u70ed\u8840\u4efb\u900d\u9065\uff0c\u8e0f\u83b2\u66f3\u6ce2\u6da4\u5251\u9aa8\uff0c\u51ed\u865a\u5fa1\u98ce\u5851\u5723\u9b42\uff01", "title": "\u4ed9\u8def\u4e91\u9704", "url": "https://book.qidian.com/info/1010653177", "average": -1.0, "cover": "//qidian.qpic.cn/qdbimg/349573/1010653177/180", "reviews": -1, "authors": [{"url": "https://me.qidian.com/authorIndex.aspx?id=401110657", "name": "\u58f6\u4e2d\u541b"}], "type": ["\u4ed9\u4fa0", "\u53e4\u5178\u4ed9\u4fa0"], "outlinks": ["https://book.qidian.com/info/1010653177", "https://book.qidian.com/info/1004849611", "https://book.qidian.com/info/1004849611", "https://book.qidian.com/info/1009854468", "https://book.qidian.com/info/1009854468", "https://book.qidian.com/info/1010255643", "https://book.qidian.com/info/1010255643", "https://book.qidian.com/info/1005226595", "https://book.qidian.com/info/1005226595", "https://book.qidian.com/info/1010771394", "https://book.qidian.com/info/1010771394", "https://book.qidian.com/info/1009633510", "https://book.qidian.com/info/1009633510", "https://book.qidian.com/info/1010327039", "https://book.qidian.com/info/1012016027", "https://book.qidian.com/info/1011630501", "https://book.qidian.com/info/1012010192", "https://book.qidian.com/info/1011834598", "https://book.qidian.com/info/1011672705", "https://book.qidian.com/info/1011966835", "https://book.qidian.com/info/1011940680", "https://book.qidian.com/info/1011491390", "https://book.qidian.com/info/1011995376"]}