{"ratings": 0.0, "userreviews": [{"userName": "\u6ce0\u4ea6\u7396", "userReviewDate": "2018-03-25", "userURL": "https://my.qidian.com/user/230190518", "userReview": "\u8fd9\u4e2a\u4e16\u754c\u7684\u4fee\u4ed9\u7b49\u7ea7\u5206\u4e3a\u953b\u4f53\u3001\u7ec3\u6c14\u3001\u7b51\u57fa\u3001\u7075\u5bc2\u3001\u7ed3\u4e39\u3001\u5143\u5a74\u3001\u5206\u795e\u3001\u6e21\u52ab\u3001\u5927\u4e58\u3002\u6bcf\u4e00\u4e2a\u7b49\u7ea7\u4e4b\u4e2d"}, {"userName": "\u6ce0\u4ea6\u7396", "userReviewDate": "2018-02-13", "userURL": "https://my.qidian.com/user/230190518", "userReview": "(\u0e51\u2022\u0300\u03c9\u2022\u0301\u0e05)\u5feb\u6765\uff0c\u8fd9\u6709\u4e00\u4e2a\u7b7e\u5230\u697c(\u0e51\u2022\u0300\u03c9\u2022\u0301\u0e05)\u55f7\u545c\uff5e\uff5e\uff5e [fn=4]"}, {"userName": "\u6ce0\u4ea6\u7396", "userReviewDate": "2018-02-08", "userURL": "https://my.qidian.com/user/230190518", "userReview": "\u5929\u5730\u7384\u9ec4\uff0c\u5b87\u5b99\u6d2a\u8352\u3002\u5174\u8870\u8363\u8fb1\uff0c\u6e90\u6b62\u65e0\u5e38\u3002\u6570\u5343\u5e74\u524d\u7684\u4ed9\u9b54\u5927\u6218\u4ee5\u4ed9\u754c\u83b7\u80dc\u544a\u7ec8\uff0c\u5176\u540e\u5f3a\u5927\u7684\u7ed3\u754c\u5c06"}, {"userName": "\u7c89\u7ea2\u83b2\u79c0", "userReviewDate": "17\u5c0f\u65f6\u524d", "userURL": "https://my.qidian.com/user/312641032", "userReview": "\u63d2\u73ed\u751f^O^\u5148\u7b7e\u4e2a\u5230\u54c8\uff01"}, {"userName": "\u4e66\u53cb20170302221538050", "userReviewDate": "\u6628\u65e503:06", "userURL": "https://my.qidian.com/user/230286127", "userReview": "\u6211\u662f\u4e00\u540d\u8d77\u70b9\u7537\u751f\u90a3\u8fb9\u7684\u4f5c\u8005\uff0c\u6211\u7531\u4e8e\u7b49\u7ea7\u6709\u5341\u56db\u7ea7\uff0c\u6bcf\u5929\u90fd\u6709\u4e24\u5f20\u5973\u9891\u63a8\u8350\u7968\uff0c\u4e0d\u7528\u4e5f\u6d6a\u8d39\u4e86\uff0c\u548c\u4f60"}, {"userName": "\u83ab\u638c\u67dc", "userReviewDate": "2018-05-26", "userURL": "https://my.qidian.com/user/168611931", "userReview": "\u7a81\u7136\u60f3\u8d77\u6765\uff0c\u5c31\u8fc7\u6765\u770b\u770b\uff0c\u53d1\u73b0\u4f5c\u8005\u8981\u8003\u7814\u4e86\uff0c\u8003\u7814\uff0c\u8fd8\u4fdd\u6301\u66f4\u65b0\uff0c\u4f60\u4e5f\u662f\u80fd\uff0c\u6211\u5f53\u5e74\u51c6\u5907\u8003\u7814\u4e00\u8fb9\u51c6"}, {"userName": "\u70d9\u7321", "userReviewDate": "2018-05-09", "userURL": "https://my.qidian.com/user/219989037", "userReview": "\u7d2b\u8272\u7684\u5927\u773c\u775b\u6251\u95ea\u6251\u95ea\u7684\u770b\uff0c\u60f3\u5230\u4ec0\u4e48\u6ca1\u6709\uff0c\u4e66\u8fd8\u662f\u53ef\u4ee5\u7684\uff0c\u53ef\u4ee5\u6162\u6162\u517b\u7740\uff01\u2014\u2014\u624b\u52a8\u6ed1\u7a3d\uff0c\u6ca1\u9519\u5c31\u662f"}, {"userName": "\u767d\u6c90\u6c90V", "userReviewDate": "2018-05-09", "userURL": "https://my.qidian.com/user/307077943", "userReview": "\u597d\u7626\u554a\u6ca1\u6562\u770b\uff0c\u6587\u600e\u4e48\u6837\uff1f\u0669\ua4b0\u0e51\u2022 \u032b\u2022\u0e51\ua4b1\u06f6"}, {"userName": "\u70d9\u7321", "userReviewDate": "2018-04-15", "userURL": "https://my.qidian.com/user/219989037", "userReview": "\u6211\u4e0d\u8bf4\u8bdd\uff0c\u6211\u5c31\u6765\u770b\u770b[fn=58]"}, {"userName": "\u65e0\u9650\u9ed1\u6d1e", "userReviewDate": "2018-03-29", "userURL": "https://my.qidian.com/user/320499", "userReview": "\u597d\u770b\u4e0d\uff1f\uff1f\uff1f"}, {"userName": "\u70d9\u7321", "userReviewDate": "2018-03-27", "userURL": "https://my.qidian.com/user/219989037", "userReview": "\u7396\u7396\u600e\u4e48\u65ad\u66f4\uff1f[fn=39]"}, {"userName": "\u4e5d\u5dde\u72ec\u5e7d", "userReviewDate": "2018-03-26", "userURL": "https://my.qidian.com/user/222779023", "userReview": "\u8003\u7814\u52a0\u6cb9~[fn=29]~\u8270\u82e6\u594b\u6597\u7684\u5c81\u6708\u5f00\u59cb\u4e86\uff0c\u4e0d\u8fc7\u4f60\u662f\u8003\u9738\uff0c\u5e94\u8be5\u6ca1\u95ee\u9898\u7684\u5427~\u795d\u987a\u5229~"}, {"userName": "\u79cb\u6c34\u4e4b\u521d", "userReviewDate": "2018-03-26", "userURL": "https://my.qidian.com/user/201662862", "userReview": "\u3010\u80e1\u8a00\u4e71\u8bed\u4e4b\u7d6e\u7d6e\u53e8\u53e8\u3011\u5f00\u59cb\u770b\u4e66\uff0c\u7136\u540e\u6211\u5c31\u662f\u60f3\u627e\u4e2a\u5730\u513f\uff0c\u5f00\u5f00\u5fc3\u5fc3\u7684\u5410\u69fd\u2026\u2026\u5478\uff0c\u662f\u8ba4\u771f\u7684\u63d0\u610f\u89c1"}, {"userName": "\u58f0\u58f0\u65e0\u97f3", "userReviewDate": "2018-03-24", "userURL": "https://my.qidian.com/user/218465304", "userReview": "\u7b7e\u5230~(\u0e05>\u03c9<*\u0e05)\u8ba2\u9605~\u52a0\u6cb9\u54df~"}], "description": "\u4ed9\u8def\u7f25\u7f08\uff0c\u6e05\u6b4c\u8e0f\u6708\u4e0a\u4e5d\u5929\uff1b\u4e91\u5c71\u4e07\u52ab\uff0c\u4e00\u5251\u5929\u5149\u95ee\u60c5\u7f18\u3002", "title": "\u4ed9\u8def\u63d2\u73ed\u751f", "url": "https://book.qidian.com/info/1010905500", "average": -1.0, "cover": "//qidian.qpic.cn/qdbimg/349573/1010905500/180", "reviews": -1, "authors": [{"url": "https://me.qidian.com/authorIndex.aspx?id=10721173", "name": "\u6ce0\u4ea6\u7396"}], "type": ["\u4ed9\u4fa0\u5947\u7f18", "\u53e4\u5178\u4ed9\u4fa0"], "outlinks": ["https:https://book.qidian.com/info/1011421405?qd_game_key=1011421405&qd_dd_p1=11272", "https://book.qidian.com/info/1010905500", "https://book.qidian.com/info/1010928782", "https://book.qidian.com/info/1010928782", "https://book.qidian.com/info/1010749492", "https://book.qidian.com/info/1010749492", "https://book.qidian.com/info/1010702928", "https://book.qidian.com/info/1010702928", "https://book.qidian.com/info/1009229029", "https://book.qidian.com/info/1009229029", "https://book.qidian.com/info/1009347719", "https://book.qidian.com/info/1009347719", "https://book.qidian.com/info/1005429189", "https://book.qidian.com/info/1005429189", "https://book.qidian.com/info/1011871222", "https://book.qidian.com/info/1011879261", "https://book.qidian.com/info/1011607526", "https://book.qidian.com/info/1010505110", "https://book.qidian.com/info/1010285798", "https://book.qidian.com/info/1011976900", "https://book.qidian.com/info/1010905500", "https://book.qidian.com/info/1010257077", "https://book.qidian.com/info/1003815703", "https://book.qidian.com/info/1011427728"]}