{"ratings": 0.0, "userreviews": [{"userName": "silence999", "userReviewDate": "2017-07-29", "userURL": "https://my.qidian.com/user/181101", "userReview": "\u3010\u4e03\u51f0\u754c\u8bbe\u5b9a\u3011\u203b\u4e0a\u53e4\u4e4b\u65f6\u6709\u521b\u4e16\u4e03\u51f0\uff1a\u5929\u51f0\u8f9f\u6df7\u6c8c\uff0c\u79bb\u51f0\u5b9a\u4e94\u884c\uff0c\u7fb2\u51f0\u5316\u65e5\uff0c\u51a5\u51f0\u70bc\u72f1\uff0c\u5a32\u51f0\u9020\u4eba\uff0c"}, {"userName": "\u653e\u6b4c\u56db\u5b63", "userReviewDate": "2015-12-29", "userURL": "https://my.qidian.com/user/19216226", "userReview": "\u6005\u7136\u4e00\u68a6\u7ec8\u6709\u9192,\u539f\u6765\u6b64\u89c9\u662f\u9ec4\u6881....\u86e4\u87c6\u4e4b\u4e66\u4ece\u6765\u5f00\u5c40\u4eff\u82e5\u4e5d\u5929\u94f6\u6cb3\u76f4\u6302\u4eba\u95f4,\u4e86\u4e86\u7adf\u6210\u6d93\u6d93\u7ec6"}, {"userName": "\u6768\u5929\u5a01", "userReviewDate": "2015-08-13", "userURL": "https://my.qidian.com/user/4366", "userReview": "\u5c24\u5176\u662f\u4e66\u540d\u2026\u2026\u53e6\u5916\uff0c\u4f5c\u8005\u8981\u5230\u5f02\u754c\u5417\uff1f\u6211\u5728\u90a3\u8fb9\u53ef\u6ca1\u6709\u70b9\u6570\u2026\u2026[fn=3]"}, {"userName": "\u4e00\u56e2\u7ce8\u7cca", "userReviewDate": "2011-02-20", "userURL": "https://my.qidian.com/user/111896", "userReview": "\u8bb8\u591a\u4eba\u7ea0\u7ed3\u7684\uff0c\u8fd8\u4e0d\u5c31\u662f\u5c0f\u51f0\u513f\u4e48\uff1f\uff01\u5f53\u521d\u90fd\u7ed9\u4e86\u7126\u98de\u673a\u4f1a\uff0c\u4ed6\u90fd\u4e0d\u80af\u6d3e\u4f5b\u9640\u53bb\u6253\u4e2a\u7167\u9762\uff0c\u4e22\u4e86\u4e5f\u5c31\u4e22"}, {"userName": "\u79e6\u5c0f\u851a", "userReviewDate": "\u6628\u65e510:52", "userURL": "https://my.qidian.com/user/305978205", "userReview": "\u8bdd\u8bf4\u3002\u3002\u3002\u846b\u82a6\u5728\u54ea"}, {"userName": "\u9759\u9759\u6c89\u7761\u7684\u75be\u98ce", "userReviewDate": "2018-06-07", "userURL": "https://my.qidian.com/user/201174438", "userReview": "\u7b49\u7b49\u6211\u5728\u4e8c\u6b21\u5143\u5b8c\u672c\u533a\u70b9\u5f00\u4e86\u8fd9\u672c\u4e66\uff1f\uff1f\uff1f\uff1f"}, {"userName": "\u5706\u89c4\u7684\u5fc3", "userReviewDate": "2018-06-06", "userURL": "https://my.qidian.com/user/197414170", "userReview": "\u5176\u5b9e\u770b\u4e66\u3002 \u4e3b\u8981\u770b\u7684\u662f\u4e3b\u89d2\u3002\u4e3b\u89d2\u7a9d\u56ca\u3002\u8bbe\u5b9a\u518d\u597d\u3002\u4e5f\u770b\u4e0d\u4e0b\u53bb\u3002"}, {"userName": "\u946b\u6797\u6dfc\u7131\u571f", "userReviewDate": "2018-06-06", "userURL": "https://my.qidian.com/user/212906000", "userReview": "\u611f\u89c9\u8bbe\u5b9a\u6709\u4e9b\u95ee\u9898\uff0c\u4e3b\u89d2\u521a\u62dc\u5e08\u5c31\u5b66\u5230\u53ef\u4ee5\u4fee\u5230\u957f\u751f\u7684\u300a\u9ed1\u6c34\u771f\u6cd5\u300b\uff0c\u540e\u56e0\u6551\u82cf\u771f\u88ab\u4f20\u6388\u300a\u5929\u6cb3\u6b63\u6cd5\u300b"}, {"userName": "\u6211\u4ecd\u5728\u627e\u5bfb\u90a3\u5c5e\u4e8e\u6211\u7684\u672a\u6765", "userReviewDate": "2018-06-05", "userURL": "https://my.qidian.com/user/310820966", "userReview": "\u770b\u4e86\u7b2c\u4e00\u7ae0\uff0c\u4e3b\u89d2\u4ec0\u4e48\u90fd\u4e0d\u8bf4\u5c31\u8fd9\u6837\u79bb\u53bb\uff0c\u6797\u5c0f\u83b2\u5c31\u7b97\u4e86\uff0c\u7236\u6bcd\u90fd\u4e0d\u8bf4\u4e00\u58f0\u672a\u514d\u592a\u4e0d\u5b5d\u4e86"}, {"userName": "\u7075\u68a6\u7684\u85cf\u5b9d\u7bb1", "userReviewDate": "2018-06-05", "userURL": "https://my.qidian.com/user/301315242", "userReview": "\u8bf4\u5b9e\u8bdd\uff0c\u8fd9\u672c\u4e66\u6765\u56de\u770b\u4e86\u597d\u591a\u6b21\uff0c\u4f46\u662f\u90fd\u611f\u89c9\u597d\u4ed6\u5988\u618b\u5c48\u3002\u4e3b\u89d2\u6027\u683c\u592a\u5723\u6bcd\uff0c\u4eba\u5bb6\u5f53\u9762\u7529\u4ed6\u8138\u5b50\uff0c\u80cc\u540e"}, {"userName": "\u4e1c\u6714\u98de\u4eba", "userReviewDate": "2018-06-04", "userURL": "https://my.qidian.com/user/214091804", "userReview": "\u8fd8\u6ca1\u770b\uff0c\u4e0d\u8fc7\u8c8c\u4f3c\u4e0d\u9519\uff0c\u548c\u51e1\u5973\u4ed9\u846b\u6709\u5173\u7cfb\u5417\uff1f"}, {"userName": "\u5984\u611a", "userReviewDate": "2018-06-02", "userURL": "https://my.qidian.com/user/300702784", "userReview": "\u7a7f\u8d8a\u6d2a\u8352\u5b87\u5b993\u4ebf\u5e74\uff0c\u63ed\u79d8\u79d1\u5b66\u4fee\u4ed9\u7684\u5927\u9053\uff0c\u957f\u751f\u4e0d\u518d\u662f\u5e7b\u60f3\uff01\u300a\u4fee\u4ed9\u5947\u5f02\u5fd7\u300b\u5173\u4e8e\u5b87\u5b99\u6d2a\u8352\u5f02\u754c\u4e2d\u4e00"}, {"userName": "\u9ad8\u6548\u8f6c\u6362", "userReviewDate": "2018-05-30", "userURL": "https://my.qidian.com/user/311848022", "userReview": "\u597d\u4e66\uff0c\u6bcf\u65e5\u770b\u770b\uff0c\u7cbe\u5f69\u5f97\u5f88"}, {"userName": "\u8776\u68a6\u5e84\u5468\u6211\u68a6", "userReviewDate": "2018-05-28", "userURL": "https://my.qidian.com/user/105956613", "userReview": "\u4e49\u4e49\u4e5d(\uff61\uff65\u3268\uff65\uff61)\uff89\u2661 \u7231\u4f60\u4e48\u4e48\u54d2"}], "description": "\u4fee\u4ed9\u89c5\u957f\u751f\uff0c\u70ed\u8840\u4efb\u900d\u9065\uff0c\u8e0f\u83b2\u66f3\u6ce2\u6da4\u5251\u9aa8\uff0c\u51ed\u865a\u5fa1\u98ce\u5851\u5723\u9b42\uff01", "title": "\u4ed9\u846b", "url": "https://book.qidian.com/info/1475169", "average": -1.0, "cover": "//qidian.qpic.cn/qdbimg/349573/1475169/180", "reviews": -1, "authors": [{"url": "https://me.qidian.com/authorIndex.aspx?id=421", "name": "\u6d41\u6d6a\u7684\u86e4\u87c6"}], "type": ["\u4ed9\u4fa0", "\u4fee\u771f\u6587\u660e"], "outlinks": ["https://book.qidian.com/info/1475169", "https://book.qidian.com/info/1009854468", "https://book.qidian.com/info/1009854468", "https://book.qidian.com/info/1010653177", "https://book.qidian.com/info/1010653177", "https://book.qidian.com/info/1004849611", "https://book.qidian.com/info/1004849611", "https://book.qidian.com/info/1010015512", "https://book.qidian.com/info/1010015512", "https://book.qidian.com/info/1010926157", "https://book.qidian.com/info/1010926157", "https://book.qidian.com/info/1005373310", "https://book.qidian.com/info/1005373310", "https://book.qidian.com/info/1014", "https://book.qidian.com/info/1014", "https://book.qidian.com/info/1281", "https://book.qidian.com/info/1281", "https://book.qidian.com/info/18201", "https://book.qidian.com/info/18201", "https://book.qidian.com/info/54288", "https://book.qidian.com/info/54288", "https://book.qidian.com/info/57431", "https://book.qidian.com/info/57431", "https://book.qidian.com/info/148396", "https://book.qidian.com/info/148396", "https://book.qidian.com/info/1008880", "https://book.qidian.com/info/1008880", "https://book.qidian.com/info/1135460", "https://book.qidian.com/info/1135460", "https://book.qidian.com/info/3623328", "https://book.qidian.com/info/3623328", "https://book.qidian.com/info/1010327039", "https://book.qidian.com/info/1012016027", "https://book.qidian.com/info/1011630501", "https://book.qidian.com/info/1012010192", "https://book.qidian.com/info/1011834598", "https://book.qidian.com/info/1011672705", "https://book.qidian.com/info/1011966835", "https://book.qidian.com/info/1011940680", "https://book.qidian.com/info/1011491390", "https://book.qidian.com/info/1011995376"]}