{"ratings": 0.0, "userreviews": [{"userName": "\u67af\u821f\u6446\u6e21", "userReviewDate": "2018-02-25", "userURL": "https://my.qidian.com/user/227701471", "userReview": "\u633a\u597d\u7684\u4e00\u672c\u4e66\uff0c\u4f5c\u4e3a\u4e00\u4e2a\u8001\u4e66\u866b\uff0c\u80fd\u8ba9\u6211\u5b89\u5b89\u9759\u9759\u5730\u8bfb\u4e0b\u53bb\u7684\u4e66\u4e0d\u591a\uff0c\u8fd9\u672c\u4e66\u771f\u4e0d\u9519\uff0c\u6ca1\u6709\u592a\u591a\u52fe\u5fc3\u6597"}, {"userName": "\u534a\u4e16\u4ed9\u7f18", "userReviewDate": "2017-07-24", "userURL": "https://my.qidian.com/user/1792334", "userReview": "\u672c\u4e66\u6709\u541b\u7f8a\uff1a4\u67d2\u4e03\u4e09\u53c10\u2464\u4e03"}, {"userName": "\u534a\u4e16\u4ed9\u7f18", "userReviewDate": "2017-07-11", "userURL": "https://my.qidian.com/user/1792334", "userReview": "\u534a\u4e16\u4ed9\u7f18\u6253\u8d4f\u9b3c\u96e8 1000000\u8d77\u70b9\u5e01  \u77b3\u77b3\u7684\u5b88\u62a4\u8005\uff0c\u8ddf\u4e0a\uff01\u8ddf\u4e0d\u4e0a\u5c31\u628a\u4f60\u90a3\u7834\u8d34\u5220\u4e86\uff01"}, {"userName": "\u8ba9\u7c89\u4e0d\u4e1d", "userReviewDate": "2\u5c0f\u65f6\u524d", "userURL": "https://my.qidian.com/user/148094048", "userReview": "\u4f8b\u884c\u7b7e\u5230\u4e86\u3002"}, {"userName": "\u5316\u795e\u540e\u671f\u6709\u540e\u671f", "userReviewDate": "4\u5c0f\u65f6\u524d", "userURL": "https://my.qidian.com/user/186201970", "userReview": "\u7b7e\u5230\u6c34\u7ecf\u9a8c"}, {"userName": "yxwnhs", "userReviewDate": "6\u5c0f\u65f6\u524d", "userURL": "https://my.qidian.com/user/213273810", "userReview": "\u7b7e\u5230     "}, {"userName": "\u95fb\u9999\u8bc6\u4e6669", "userReviewDate": "7\u5c0f\u65f6\u524d", "userURL": "https://my.qidian.com/user/218046629", "userReview": "\u7b7e\u5230\u6c34\u7ecf\u9a8c"}, {"userName": "\u6c38\u4e50\u5927\u5e1d\u56fd", "userReviewDate": "18\u5c0f\u65f6\u524d", "userURL": "https://my.qidian.com/user/190102011", "userReview": "\u7b80\u4ecb\u91cc\u5883\u754c\u5212\u5206\u90fd\u6ca1\u5199\u6e05\u695a\uff0c\u4f5c\u8005\u662f\u4e0d\u662f\u4e0d\u6309\u5927\u7eb2\u6765\u4e86\u554a\uff1f\u6211\u8bb0\u5f97\u5929\u4ed9\u540e\u9762\u6709\u4e2a\u4ed9\u7956\u7136\u540e\u662f\u91d1\u4ed9\u8fd8\u6709\u4ed9"}, {"userName": "\u4e0a\u5e1d\u662f\u4e2a\u5973\u5b69ManWu", "userReviewDate": "20\u5c0f\u65f6\u524d", "userURL": "https://my.qidian.com/user/314154561", "userReview": "\u633a\u559c\u6b22\u8fd9\u79cd\u7c7b\u578b\u7684\u5c0f\u8bf4\uff0c\u5bfb\u5b9d\uff0c\u63a2\u9669\u3002\u53ef\u662f\u786c\u751f\u751f\u7684\u8ba9\u4f5c\u8005\u5199\u6210\u4e86\u4e00\u573a\u573a\u6148\u5584\u665a\u4f1a\uff0c\u8fd8\u662f\u767d\u9001\u7684\u90a3\u79cd\u3002"}, {"userName": "yxwnhs", "userReviewDate": "\u6628\u65e512:08", "userURL": "https://my.qidian.com/user/213273810", "userReview": "\u7b7e\u5230    "}, {"userName": "\u51a5\u00b7\u738b", "userReviewDate": "\u6628\u65e510:37", "userURL": "https://my.qidian.com/user/21009165", "userReview": "\u7956\u5b59\u4e03\u63a2\u82b1\uff0c\u4e00\u95e8\u4e8c\u5341\u4e2a\u8fdb\u58eb\uff0c\u5047\u8bbe\u56db\u5e74\u4e00\u6b21\u79d1\u4e3e\uff0c\u56e0\u4e3a\u63a2\u82b1\u6bcf\u4e00\u5c4a\u53ea\u80fd\u51fa\u4e00\u4e2a\uff0c\u4e0d\u80fd\u6bcf\u6b21\u63a2\u82b1\u90fd\u662f\u4f60"}, {"userName": "\u5316\u795e\u540e\u671f\u6709\u540e\u671f", "userReviewDate": "\u6628\u65e509:18", "userURL": "https://my.qidian.com/user/186201970", "userReview": "\u7b7e\u5230\u6c34\u7ecf\u9a8c"}, {"userName": "\u8ba9\u7c89\u4e0d\u4e1d", "userReviewDate": "\u6628\u65e508:04", "userURL": "https://my.qidian.com/user/148094048", "userReview": "\u4f8b\u884c\u7b7e\u5230\u4e86\u3002"}, {"userName": "\u5415\u5929\u867e12728", "userReviewDate": "2018-06-07", "userURL": "https://my.qidian.com/user/315446777", "userReview": "\u7b7e\u5230\u6765\u4e00\u4e2a"}], "description": "\u4fee\u4ed9\u89c5\u957f\u751f\uff0c\u70ed\u8840\u4efb\u900d\u9065\uff0c\u8e0f\u83b2\u66f3\u6ce2\u6da4\u5251\u9aa8\uff0c\u51ed\u865a\u5fa1\u98ce\u5851\u5723\u9b42\uff01", "title": "\u4ed9\u85cf", "url": "https://book.qidian.com/info/1005395194", "average": -1.0, "cover": "//qidian.qpic.cn/qdbimg/349573/1005395194/180", "reviews": -1, "authors": [{"url": "https://me.qidian.com/authorIndex.aspx?id=4135", "name": "\u9b3c\u96e8"}], "type": ["\u4ed9\u4fa0", "\u795e\u8bdd\u4fee\u771f"], "outlinks": ["https://book.qidian.com/info/1005395194", "https://book.qidian.com/info/1010804088", "https://book.qidian.com/info/1010804088", "https://book.qidian.com/info/1005317872", "https://book.qidian.com/info/1005317872", "https://book.qidian.com/info/1010926157", "https://book.qidian.com/info/1010926157", "https://book.qidian.com/info/1010015512", "https://book.qidian.com/info/1010015512", "https://book.qidian.com/info/1010741811", "https://book.qidian.com/info/1010741811", "https://book.qidian.com/info/1010259609", "https://book.qidian.com/info/1010259609", "https://book.qidian.com/info/7098", "https://book.qidian.com/info/7098", "https://book.qidian.com/info/34037", "https://book.qidian.com/info/34037", "https://book.qidian.com/info/1010327039", "https://book.qidian.com/info/1012016027", "https://book.qidian.com/info/1011630501", "https://book.qidian.com/info/1012010192", "https://book.qidian.com/info/1011834598", "https://book.qidian.com/info/1011672705", "https://book.qidian.com/info/1011966835", "https://book.qidian.com/info/1011940680", "https://book.qidian.com/info/1011491390", "https://book.qidian.com/info/1011995376"]}