{"ratings": 0.0, "userreviews": [], "description": "\u30102018\u8d77\u70b9\u4ed9\u4fa0\u6d41\u6d3e\u5f81\u6587\u3011\u53c2\u8d5b\u4f5c\u54c1", "title": "\u4ed9\u8def\u6709\u5751", "url": "https://book.qidian.com/info/1012253647", "average": -1.0, "cover": "//qidian.qpic.cn/qdbimg/349573/1012253647/180", "reviews": -1, "authors": [{"url": "https://me.qidian.com/authorIndex.aspx?id=401708983", "name": "\u8def\u6709\u5751"}], "type": ["\u4ed9\u4fa0", "\u5e7b\u60f3\u4fee\u4ed9"], "outlinks": ["https://book.qidian.com/info/1012253647", "https://book.qidian.com/info/4935", "https://book.qidian.com/info/4935", "https://book.qidian.com/info/7098", "https://book.qidian.com/info/7098", "https://book.qidian.com/info/18636", "https://book.qidian.com/info/18636", "https://book.qidian.com/info/27372", "https://book.qidian.com/info/27372", "https://book.qidian.com/info/44173", "https://book.qidian.com/info/44173", "https://book.qidian.com/info/53234", "https://book.qidian.com/info/53234", "https://book.qidian.com/info/1011493391", "https://book.qidian.com/info/1011493391", "https://book.qidian.com/info/1010327039", "https://book.qidian.com/info/1012016027", "https://book.qidian.com/info/1011630501", "https://book.qidian.com/info/1012010192", "https://book.qidian.com/info/1011834598", "https://book.qidian.com/info/1011672705", "https://book.qidian.com/info/1011966835", "https://book.qidian.com/info/1011940680", "https://book.qidian.com/info/1011491390", "https://book.qidian.com/info/1011995376"]}