{"ratings": 0.0, "userreviews": [{"userName": "\u5c0f\u767d55555", "userReviewDate": "14\u5c0f\u65f6\u524d", "userURL": "https://my.qidian.com/user/169314722", "userReview": "\u4e66\u8bc4\u8fd9\u4e48\u5c11"}, {"userName": "\u5415\u5929\u867e13068", "userReviewDate": "\u6628\u65e500:10", "userURL": "https://my.qidian.com/user/316095372", "userReview": "\u7b7e\u5230\u652f\u6301\u4f60"}, {"userName": "\u52a8\u6b21\u6253\u6b21\u5494\u5693\u5623", "userReviewDate": "2018-06-07", "userURL": "https://my.qidian.com/user/220932260", "userReview": "\u8fd9\u4e2a\u4e66\u540d\u8ba9\u6211\u60f3\u8d77\u6765\u4ed9\u9b54\u5927\u79e6\uff0c\u6709\u6ca1\u6709\u770b\u8fc7\u7684\u8001\u94c1\u8fc7\u6765\u62a5\u4e2a\u5230"}, {"userName": "\u68a6\u91cc\u7684\u9017\u53f7", "userReviewDate": "2018-06-07", "userURL": "https://my.qidian.com/user/189250527", "userReview": "\u82ad\u82ad\u62c9\u80fd\u91cf\uff1f"}, {"userName": "\u6768\u51b0\u82af", "userReviewDate": "2018-06-05", "userURL": "https://my.qidian.com/user/162466683", "userReview": "\u66f4\u65b0\u8981\u5feb\n"}, {"userName": "\u661f\u706b\u71ce\u539f360", "userReviewDate": "2018-06-03", "userURL": "https://my.qidian.com/user/214862569", "userReview": "\u8dea\u6c42\u53cd\u6d3e\u667a\u5546\u4e0a\u7ebf"}, {"userName": "\u72fc\u4e48\u4e48\u54df", "userReviewDate": "2018-06-03", "userURL": "https://my.qidian.com/user/173842783", "userReview": "\u4f5c\u8005\u52a0\u6cb9\uff0c\u5feb\u70b9\u66f4"}, {"userName": "\u7d2b\u83f1\u4e36\u66e6\u5e7d\u6708", "userReviewDate": "2018-06-02", "userURL": "https://my.qidian.com/user/200015154", "userReview": "\u6295\u4e2a\u7968\u652f\u6301\u4e00\u4e0b\n"}, {"userName": "\u6e38\u620f\u4eba\u751f\u7684\u964c\u751f", "userReviewDate": "2018-06-02", "userURL": "https://my.qidian.com/user/216696779", "userReview": "\u5b57\u6570\u597d\u5c11\u554a"}, {"userName": "\u65b0\u5858\u98de\u54e5", "userReviewDate": "2018-06-02", "userURL": "https://my.qidian.com/user/306007474", "userReview": "\u5199\u7684\u5f88\u597d\u5440\uff0c\u600e\u4e48\u6210\u7ee9\u4e0d\u548b\u7684\u5462\uff0c"}, {"userName": "\u72fc\u4e48\u4e48\u54df", "userReviewDate": "2018-06-01", "userURL": "https://my.qidian.com/user/173842783", "userReview": "\u52a0\u6cb9\uff0c\u6211\u662f\u6bd4\u8f83\u559c\u6b22"}, {"userName": "\u65b0\u5858\u98de\u54e5", "userReviewDate": "2018-06-01", "userURL": "https://my.qidian.com/user/306007474", "userReview": "\u66f4\u65b0\u80fd\u731b\u70b9\u4e0d\uff0c\u770b\u7684\u4e0d\u8fc7\u763e\u5440\ud83d\ude04"}, {"userName": "\u5341\u5e74\u672a\u6539", "userReviewDate": "2018-06-01", "userURL": "https://my.qidian.com/user/225013725", "userReview": "\u66f4\u65b0\u592a\u6162\u4e86"}, {"userName": "\u5fc3\u60c5\u5c31\u8fd9\u6837", "userReviewDate": "2018-06-01", "userURL": "https://my.qidian.com/user/201095098", "userReview": "\u8fd9\u4e0d\u662f\u7528\u7684\u6587\u6284\u516c\u900d\u9065\u68a6\u8def\u91cc\u7684\u8bbe\u5b9a\u4e48\uff1f\u4e09\u5409\u95e8\u4e8c\u5e73\u95e8\u4e09\u51f6\u95e8\u9634\u9633\u751f\u6b7b\u56db\u5929\u5173"}], "description": "\u3010\u7f51\u6587\u4e4b\u738b\u7384\u5e7b\u201cBOSS\u6d41\u201d\u5f81\u6587\u3011\u53c2\u8d5b\u4f5c\u54c1", "title": "\u4ed9\u9b54\u5730\u7403", "url": "https://book.qidian.com/info/1011987572", "average": -1.0, "cover": "//qidian.qpic.cn/qdbimg/349573/1011987572/180", "reviews": -1, "authors": [{"url": "https://me.qidian.com/authorIndex.aspx?id=12323992", "name": "\u52c7\u6562\u7684\u7075\u9b42"}], "type": ["\u7384\u5e7b", "\u4e1c\u65b9\u7384\u5e7b"], "outlinks": ["https://book.qidian.com/info/1011987572", "https://book.qidian.com/info/1004608738", "https://book.qidian.com/info/1004608738", "https://book.qidian.com/info/1004179514", "https://book.qidian.com/info/1004179514", "https://book.qidian.com/info/1004086548", "https://book.qidian.com/info/1004086548", "https://book.qidian.com/info/1011075308", "https://book.qidian.com/info/1011075308", "https://book.qidian.com/info/1003692682", "https://book.qidian.com/info/1003692682", "https://book.qidian.com/info/1005032527", "https://book.qidian.com/info/1005032527", "https://book.qidian.com/info/1011116290", "https://book.qidian.com/info/1011116290", "https://book.qidian.com/info/1011988403", "https://book.qidian.com/info/1009595922", "https://book.qidian.com/info/1011844784", "https://book.qidian.com/info/1011892497", "https://book.qidian.com/info/1011095320", "https://book.qidian.com/info/1011996851", "https://book.qidian.com/info/1011856434", "https://book.qidian.com/info/1011879207", "https://book.qidian.com/info/1011833256", "https://book.qidian.com/info/1011967674"]}