{"ratings": 0.0, "userreviews": [{"userName": "Fning", "userReviewDate": "2018-01-28", "userURL": "https://my.qidian.com/user/4192964", "userReview": "\u4ed9\u9006\u5b8c\u672c\u4e86\uff0c\u5f88\u5f00\u5fc3\u8ba4\u8bc6\u4e86\u8033\u6839\uff0c\u5f88\u5f00\u5fc3\u8ba4\u8bc6\u4e86\u5404\u4f4d\u4e66\u53cb\uff0c\u8033\u6839\u7684\u4e0b\u672c\u4e66\u89c1\u3002"}, {"userName": "\u732a\u732b\u7ea2\u519b", "userReviewDate": "2017-12-28", "userURL": "https://my.qidian.com/user/5175808", "userReview": "\u732a\u732b\u7ea2\u519b\u6253\u8d4f\u8033\u6839 100000\u8d77\u70b9\u5e01\u3000\u8fd9\u672c\u4e66\u592a\u68d2\u4e86\uff01\u7292\u52b3\u4e00\u4e0b\uff0c\u5e0c\u671b\u540e\u7eed\u66f4\u52a0\u7cbe\u5f69\uff01 "}, {"userName": "\u98ce\u4e4b\u5927\u76d7", "userReviewDate": "2017-12-28", "userURL": "https://my.qidian.com/user/3096628", "userReview": "\u5148\u8bf4\u4e00\u4e0b\u706f\u706b\u9611\u73ca\uff01\u6307\u706f\u706b\u7a00\u758f,\u6307\u4eba\u70df\u7a00\u5c11\u3001\u6bd4\u8f83\u51b7\u6e05\u7684\u5730\u65b9\u3002\uff08\u4ed9\u9006\u663e\u7136\u4e0d\u662f\u6b64\u610f\uff09\u521d\u770b\u4ed9\u9006\u7b2c\u5341"}, {"userName": "\u5fae\u5fae\u624d", "userReviewDate": "2017-12-28", "userURL": "https://my.qidian.com/user/19365809", "userReview": "\u300a\u6211\u6b32\u5c01\u5929\u300bhttp://u.qidian.com/vQrUZb\u8033\u6839\u7ee7\u300a\u4ed9\u9006\u300b\u300a\u6c42\u9b54\u300b\u540e\u7684\uff0c\u7a81\u7834-\u95ee\u9f0e\u4e4b\u4f5c\u30022014\u5e74"}, {"userName": "\u4ed9\u9006\u6d6e\u751f\u82e5\u68a6", "userReviewDate": "2017-12-28", "userURL": "https://my.qidian.com/user/130055206", "userReview": "\u4e00\u76f4\u559c\u6b22\u770b\u4ed9\u9006\uff0c\u4e4b\u524d\u4e5f\u6ca1\u53d1\u8fc7\u4ec0\u4e48\u5e16\u5b50\uff0c\u8d77\u521d\u559c\u6b22\u4ed9\u9006\uff0c\u662f\u56e0\u4e3a\u559c\u6b22\u4ed9\u9006\u4e2d\u63cf\u5199\u7684\u60c5\u611f\uff0c\u548c\u5176\u4ed6\u7684\u4ed9"}, {"userName": "\u767d\u591c\u72c2\u4eba", "userReviewDate": "2017-12-28", "userURL": "https://my.qidian.com/user/113890083", "userReview": "1\u4ed9\u53e4\u7956\u4e4b\u6b7b2\u65e0\u91cf\u52ab3\u622e\u9ed84\u738b\u6797\u90a3\u4e48\u591a\u5206\u8eab\u53bb\u966a\u5176\u4ed6\u5973\u5b69\u3002\u738b\u6797\u591a\u60c5\uff1f5\u8f6e\u56de\uff1f5\u5929\u8fd0\u5b50\u8bf4\u7684\u50bb\u8bdd"}, {"userName": "\u68a6\u6d77\u84dd\u5929", "userReviewDate": "2017-12-28", "userURL": "https://my.qidian.com/user/120328988", "userReview": "\u300a\u4ed9\u9006\u300b\u770b\u7684\u662f\u610f\u5883\uff0c\u8bfb\u7684\u662f\u4eba\u751f\u4ed9\u9006,\u610f\u5883,\u4eba\u751f[\u5bfc\u8bfb]\u300a\u4ed9\u9006\u300b\u6709\u7740\u81ea\u5df1\u7684\u611f\u60c5\u3001\u534a\u5206\u51b7\u8840\u3001\u4e00"}, {"userName": "\u5b50\u53f3\u541b", "userReviewDate": "2017-12-28", "userURL": "https://my.qidian.com/user/118484912", "userReview": "\u65b0\u5e74\u524d\u5915\uff0c\u8001\u5927\u6b63\u5f0f\u767b\u4e0a\u8e0f\u5929\u4e4b\u9053\uff0c\u7a81\u7834\u516d\u5343\u4e07\uff0c\u529f\u5fb7\u5706\u6ee1\uff0c\u53ef\u559c\u53ef\u8d3a\uff01\uff01\uff01\u591a\u8bdd\u4e0d\u7528\u8bf4\uff0c\u5927\u5bb6\u4e00\u8d77\u6b22"}, {"userName": "Cherish.L.L", "userReviewDate": "2017-08-11", "userURL": "https://my.qidian.com/user/124017166", "userReview": "\u7ec8\u4e8e\u7ed3\u675f\u4e86.\u770b\u5b8c\u6700\u540e\uff0c\u5fc3\u7eea\u5f88\u5e73\u9759\uff0c\u6ca1\u6709\u8fc7\u591a\u7684\u6ce2\u6f9c\u8d77\u4f0f\uff0c\u53ea\u6709\u4e00\u79cd\u4f1a\u5fc3\u7684\u5fae\u7b11\u5f25\u6563\u5728\u4f60\u6211\u5fc3\u5e95\u3002\u6211"}, {"userName": "\u52fe\u5929\u7389", "userReviewDate": "3\u5c0f\u65f6\u524d", "userURL": "https://my.qidian.com/user/317058953", "userReview": "\u521a\u5f00\u59cb\u770b,\u8bb2\u662f\u6539\u5199\u8fc7\u7684,\u5267\u60c5\u4e71\u4e03\u516b\u7cdf,\u771f\u5fc3\u770b\u5f97\u7d2f"}, {"userName": "\u5984\u611a", "userReviewDate": "14\u5c0f\u65f6\u524d", "userURL": "https://my.qidian.com/user/300702784", "userReview": "\u5f53\u738b\u6797\u9047\u5230\u97e9\u7acb\uff0c\u4f1a\u662f\u4ec0\u4e48\u60c5\u51b5\uff1f\u300a\u4fee\u4ed9\u5947\u5f02\u5fd7\u300b\u8bb0\u5f55\u53f2\u8bd7\u822c\u5de8\u4eba\u7684\u4f1a\u9762\u3002"}, {"userName": "\u98a8\u65b7\u672b\u5d16", "userReviewDate": "15\u5c0f\u65f6\u524d", "userURL": "https://my.qidian.com/user/190769729", "userReview": "\u8fd9\u662f\u6211\u7b2c\u4e00\u672c\u4e00\u5b57\u4e0d\u6f0f\u5168\u90e8\u770b\u5b8c\u7684\u4ed9\u4fa0\u5c0f\u8bf4\uff0c\u5f53\u65f6\u8fd8\u5728\u4e0a\u5b66\uff0c\u6ca1\u5565\u94b1\uff0c\u6240\u4ee5\u770b\u7684\u662f\u76d7\u7248\uff0c\u73b0\u5728\u5de5\u4f5c\u4e5f\u6709"}, {"userName": "blackman2", "userReviewDate": "16\u5c0f\u65f6\u524d", "userURL": "https://my.qidian.com/user/3441479", "userReview": "\u7b7e\u5230\u4e94\u4e2a\u5b57"}, {"userName": "\u9ed8\u58a8\u83ab\u964c\u4e91", "userReviewDate": "16\u5c0f\u65f6\u524d", "userURL": "https://my.qidian.com/user/217560633", "userReview": "\u7b7e\u5230"}], "description": "\u4fee\u4ed9\u89c5\u957f\u751f\uff0c\u70ed\u8840\u4efb\u900d\u9065\uff0c\u8e0f\u83b2\u66f3\u6ce2\u6da4\u5251\u9aa8\uff0c\u51ed\u865a\u5fa1\u98ce\u5851\u5723\u9b42\uff01", "title": "\u4ed9\u9006", "url": "https://book.qidian.com/info/1264634", "average": -1.0, "cover": "//qidian.qpic.cn/qdbimg/349573/1264634/180", "reviews": -1, "authors": [{"url": "https://me.qidian.com/authorIndex.aspx?id=4362120", "name": "\u8033\u6839"}], "type": ["\u4ed9\u4fa0", "\u5e7b\u60f3\u4fee\u4ed9"], "outlinks": ["https://book.qidian.com/info/1264634", "https://book.qidian.com/info/1010771394", "https://book.qidian.com/info/1010771394", "https://book.qidian.com/info/1009854468", "https://book.qidian.com/info/1009854468", "https://book.qidian.com/info/1010734492", "https://book.qidian.com/info/1010734492", "https://book.qidian.com/info/1010015512", "https://book.qidian.com/info/1010015512", "https://book.qidian.com/info/1010566688", "https://book.qidian.com/info/1010566688", "https://book.qidian.com/info/1010259609", "https://book.qidian.com/info/1010259609", "https://book.qidian.com/info/1243117", "https://book.qidian.com/info/1243117", "https://book.qidian.com/info/2070910", "https://book.qidian.com/info/2070910", "https://book.qidian.com/info/3106580", "https://book.qidian.com/info/3106580", "https://book.qidian.com/info/1003354631", "https://book.qidian.com/info/1003354631", "https://book.qidian.com/info/1004595892", "https://book.qidian.com/info/1004595892", "https://book.qidian.com/info/1010327039", "https://book.qidian.com/info/1010327039", "https://book.qidian.com/info/1010327039", "https://book.qidian.com/info/1012016027", "https://book.qidian.com/info/1011630501", "https://book.qidian.com/info/1012010192", "https://book.qidian.com/info/1011834598", "https://book.qidian.com/info/1011672705", "https://book.qidian.com/info/1011966835", "https://book.qidian.com/info/1011940680", "https://book.qidian.com/info/1011491390", "https://book.qidian.com/info/1011995376"]}