{"ratings": 0.0, "userreviews": [{"userName": "\u4e0d\u5706\u7684\u74dc", "userReviewDate": "2018-05-30", "userURL": "https://my.qidian.com/user/230959075", "userReview": "\u606d\u559c\u300a\u4ed9\u9053\u7b2c\u4e00\u300b\u83b7\u5f97\u8d77\u70b9APP\u5ba2\u6237\u7aef-\u514d\u8d39\u9875-\u4ed9\u4fa0\u4e13\u573a\u680f\u76ee\u63a8\u8350\uff0c\u4ece2018-06-01\u5f00\u59cb"}, {"userName": "yuikuiy", "userReviewDate": "2018-05-23", "userURL": "https://my.qidian.com/user/143704866", "userReview": "\u4ed9\u9053\u300b\u5f00\u7bc7\u4ecb\u7ecd\u4e86\u5927\u7684\u80cc\u666f\uff0c\u7ed9\u5218\u5eb8\u505a\u597d\u4e86\u5386\u53f2\u5b9a\u4f4d\uff0c\u79ef\u5f31\u5df2\u4e45\u7684\u4ed9\u9053\u7ec8\u4e8e\u88ab\u5112\u9053\u6253\u8d25\u5931\u53bb\u4e86\u56fd\u4e4b\u6cbb\u4e16"}, {"userName": "yuikuiy", "userReviewDate": "2018-05-23", "userURL": "https://my.qidian.com/user/143704866", "userReview": "\u5f00\u7bc7\u7684\u65f6\u5019\uff0c\u6211\u4e00\u76f4\u89c9\u5f97\u8fd9\u672c\u4e66\u7684\u4e3b\u89d2\u91d1\u624b\u6307\u592a\u5927\u4e86\uff0c\u968f\u968f\u4fbf\u4fbf\u5c31\u6361\u5230\u4e86\u96be\u5f97\u4e00\u89c1\u7684\u4e5d\u83b2\u5723\u6bcd\uff0c\u968f\u968f\u4fbf"}, {"userName": "\u6768\u5a01\u52291", "userReviewDate": "2018-05-22", "userURL": "https://my.qidian.com/user/323871", "userReview": "\u3000\u3000\u8fd9\u662f\u4f5c\u8005\u7684\u7b2c\u4e00\u672c\u4e66\u5417\uff1f\u5b9e\u5728\u51fa\u4eba\u610f\u5916\u7684\u597d\uff0c\u5f00\u7bc7\u6587\u98ce\u5c31\u7ed9\u4eba\u4e00\u79cd\u5927\u6c14\u78c5\u7934\u7684\u611f\u89c9\u3002\u5c31\u8fd9\u6587\u7b14\uff0c\u6211"}, {"userName": "\u7ea2\u70db\u51b7\u753b\u5c4f", "userReviewDate": "2018-06-05", "userURL": "https://my.qidian.com/user/213003602", "userReview": "\u5f00\u7bc7\u4e5f\u5fd2\u8f6f\u4e86\u4e9b\u5427\uff01\u4e00\u4e9b\u548c\u5c1a\u53eb\u56a3\uff0c\u62ac\u624b\u5c31\u7070\u7070\u4e86\u53bb\uff0c\u7259\u7f1d\u91cc\u6562\u8e66\u51fa\u534a\u4e2a\u4e0d\u5b57\uff0c\u8fde\u7075\u5c71\u4e00\u8d77\u7838\u4e86\uff0c\u8fd9\u624d"}, {"userName": "RXZERO", "userReviewDate": "2018-06-04", "userURL": "https://my.qidian.com/user/107929420", "userReview": "\u6211\u8fd8\u6ca1\u770b\u4e66\u4e66\uff0c\u6211\u662f\u770b\u5230\u63a8\u8350\u4e0a\u5199\u7684\u5c0f\u4ed9\u7ae5\u6551\u732a\u5c4e\u624d\u8fdb\u6765\u7684\uff0c\u83ab\u4e0d\u662f\u5c0f\u9053\u7ae5\u628a\u7956\u5e08\u6551\u51fa\u6765\u8c03\u6559\u6210RBQ"}, {"userName": "11hwe", "userReviewDate": "2018-05-30", "userURL": "https://my.qidian.com/user/219409532", "userReview": "\u5f00\u59cb\u8fd8\u662f\u4e0d\u9519\u7684 \u540e\u9762\u770b\u7684\u611f\u89c9\u4f53\u7cfb\u5f88\u4e71 \u6545\u4e8b\u60c5\u8282\u53d1\u5c55\u7684\u83ab\u540d\u5176\u5999 \u4f5b\u9053\u4e4b\u4e89\u5199\u7684\u592a\u8fc7\u513f\u620f \u6709\u79cd\u5c06"}, {"userName": "\u65e5\u843d\u5c71\u6cb3", "userReviewDate": "2018-05-30", "userURL": "https://my.qidian.com/user/3047761", "userReview": "\u52a0\u6cb9\u5199\uff0c\u5feb\u70b9\u66f4\uff0c\u8fd9\u672c\u4e66\u5f88\u5408\u6211\u80c3\u53e3"}, {"userName": "yuikuiy", "userReviewDate": "2018-05-30", "userURL": "https://my.qidian.com/user/143704866", "userReview": "\u5230\u4e86\u897f\u57df\uff0c\u9ad8\u6f6e\u8981\u6765\u4e86\u5427"}, {"userName": "yuikuiy", "userReviewDate": "2018-05-29", "userURL": "https://my.qidian.com/user/143704866", "userReview": "\u5218\u5eb8\u4e3a\u4ec0\u4e48\u4e0d\u63a8\u5012\u695a\u76c8\u76c8\uff1f\u76f4\u63a5\u63a8\u5012\u7b97\u4e86\u554a\uff01[fn=33][fn=33][fn=33]"}, {"userName": "yuikuiy", "userReviewDate": "2018-05-29", "userURL": "https://my.qidian.com/user/143704866", "userReview": "\u4e66\u53cb\u4eec\u6295\u7968\u652f\u6301\u4e00\u4e0b\u4ed9\u9053\uff0c\u63a8\u8350\u7968\u653e\u5728\u624b\u91cc\u4e5f\u6ca1\u7528[fn=8]"}, {"userName": "\u5415\u5929\u867e12863", "userReviewDate": "2018-05-27", "userURL": "https://my.qidian.com/user/315467690", "userReview": "\u8fd8\u56de\u5bb6\u90a3\u4f60\u5462"}, {"userName": "\u25c7.\u0440\u00f2s\u7368\u7279", "userReviewDate": "2018-05-27", "userURL": "https://my.qidian.com/user/847632", "userReview": "\u5c0f\u8bf4\u4e2d\u7684\u5267\u60c5\u597d\u7cbe\u5f69\u5440\uff0c\u770b\u4e86\u4e66\u6211\u5df2\u7ecf\u53d8\u6210\u4f5c\u8005\u7684\u7c89\u4e1d\u4e86\uff0c\u4f5c\u8005\u5927\u5927\u6c42\u66f4\u65b0\uff01"}, {"userName": "\u65e5\u843d\u5c71\u6cb3", "userReviewDate": "2018-05-27", "userURL": "https://my.qidian.com/user/3047761", "userReview": "\u679c\u7136\uff0c\u574f\u4eba\u5c31\u662f\u6b7b\u4e8e\u8bdd\u591a\u3002\u3002\u3002\u4e3b\u89d2\u9a6c\u4e0a\u5c31\u4e0a\u573a\u4e86\uff0c\u8fd8\u4e0d\u5feb\u70b9\u5e72\u6389\u9f99\u5957"}], "description": "\u4fee\u4ed9\u89c5\u957f\u751f\uff0c\u70ed\u8840\u4efb\u900d\u9065\uff0c\u8e0f\u83b2\u66f3\u6ce2\u6da4\u5251\u9aa8\uff0c\u51ed\u865a\u5fa1\u98ce\u5851\u5723\u9b42\uff01", "title": "\u4ed9\u9053\u7b2c\u4e00", "url": "https://book.qidian.com/info/1011651763", "average": -1.0, "cover": "//qidian.qpic.cn/qdbimg/349573/1011651763/180", "reviews": -1, "authors": [{"url": "https://me.qidian.com/authorIndex.aspx?id=11042511", "name": "\u5199\u8bda"}], "type": ["\u4ed9\u4fa0", "\u795e\u8bdd\u4fee\u771f"], "outlinks": ["https://book.qidian.com/info/1011651763", "https://book.qidian.com/info/1005367721", "https://book.qidian.com/info/1005367721", "https://book.qidian.com/info/1004085337", "https://book.qidian.com/info/1004085337", "https://book.qidian.com/info/1005097433", "https://book.qidian.com/info/1005097433", "https://book.qidian.com/info/1004934229", "https://book.qidian.com/info/1004934229", "https://book.qidian.com/info/1009644217", "https://book.qidian.com/info/1009644217", "https://book.qidian.com/info/1010368906", "https://book.qidian.com/info/1010368906", "https://book.qidian.com/info/1010327039", "https://book.qidian.com/info/1012016027", "https://book.qidian.com/info/1011630501", "https://book.qidian.com/info/1012010192", "https://book.qidian.com/info/1011834598", "https://book.qidian.com/info/1011672705", "https://book.qidian.com/info/1011966835", "https://book.qidian.com/info/1011940680", "https://book.qidian.com/info/1011491390", "https://book.qidian.com/info/1011995376"]}