{"ratings": 0.0, "userreviews": [{"userName": "\u8e49\u8dce\u4eba\u751fA", "userReviewDate": "2018-05-26", "userURL": "https://my.qidian.com/user/227355415", "userReview": "\u597d\u4e66\uff0c\u8d3c\u597d\u770b\n"}, {"userName": "\u4e0d\u770b\u597d\u60f3\u7761", "userReviewDate": "2018-05-13", "userURL": "https://my.qidian.com/user/1518262", "userReview": "\u661f\u9645\u65f6\u4ee3\u7684\u4ed9\u9053\uff0c\u771f\u7684\u4e0d\u5bb9\u6613\u5440\uff0c\u79d1\u6280\u8ddf\u4ed9\u7684\u78b0\u649e"}, {"userName": "\u83ab\u601d\u79cb", "userReviewDate": "2018-05-12", "userURL": "https://my.qidian.com/user/212666703", "userReview": "\u8fd9\u5c31\u662f\u6240\u4e3a\u7684\u6251\u8857\u4e66\u5417\uff1f\u6211\u770b\u770b\uffe3 \uffe3)\u03c3"}, {"userName": "\u6c38\u8fdc\u7684\u7a7a\u865a", "userReviewDate": "2018-05-05", "userURL": "https://my.qidian.com/user/313790626", "userReview": "\u6211\u770b\u770b\uff0c\u4e0d\u8981\u8ba9\u6211\u5931\u671b\u554a\n"}, {"userName": "\u85e4\u8513\u5f2f\u5f2f", "userReviewDate": "2018-03-18", "userURL": "https://my.qidian.com/user/212869346", "userReview": "\u4e0d\u7ba1\u600e\u4e48\u6837\uff0c\u6bc5\u529b\u8fd8\u662f\u503c\u5f97\u79f0\u8d5e\u7684"}, {"userName": "\u767e\u9e1f\u671d\u6715", "userReviewDate": "2018-03-10", "userURL": "https://my.qidian.com/user/305302007", "userReview": "\u6bcf\u4e00\u672c\u90fd\u8fd9\u4e48\u60e8\u554a"}, {"userName": "\u767e\u9e1f\u671d\u6715", "userReviewDate": "2018-03-10", "userURL": "https://my.qidian.com/user/305302007", "userReview": "\u8fd9\u54e5\u4eec\u513f\u771f\u80fd\u575a\u6301\u554a"}, {"userName": "\u50b2\u83e1\u65e0\u540d", "userReviewDate": "2018-01-19", "userURL": "https://my.qidian.com/user/124692845", "userReview": "\u771f\u65e0\u8bed\u3002  \u8fd9\u7ed3\u5c3e"}, {"userName": "\u4e66\u53cb170106115121131", "userReviewDate": "2018-01-15", "userURL": "https://my.qidian.com/user/227810359", "userReview": "\u6bcf\u6b21\u770b\u5230\u4fee\u4ed9\u8fd8\u8981\u9ad8\u8003\uff0c\u5c31\u5f7b\u5e95\u7684\u65e0\u8bed\u4e86\uff01\u7236\u6bcd\u60f3\u4f60\u53bb\u9ad8\u8003\u662f\u60f3\u4f60\u6709\u4e2a\u597d\u524d\u7a0b\uff0c\u4f60\u90fd\u53ef\u4ee5\u4fee\u4ed9\u4e86\u4f60\u8fd8\u56f4"}, {"userName": "\u9605\u4e66\u4e07\u8f7d", "userReviewDate": "2018-01-01", "userURL": "https://my.qidian.com/user/227387634", "userReview": "\u6211\u4e5f\u65e0\u8bed\u4e86\uff0c\u8fd9\u6837\u5c31\u5b8c\u7ed3\u4e86\uff1f"}, {"userName": "\u8981\u51fa\u5927\u738b", "userReviewDate": "2017-12-31", "userURL": "https://my.qidian.com/user/200258878", "userReview": "\u5730\u7403\u662f\u4e2a\u795e\u5947\u7684\u5730\u65b9\uff0c\u4e0d\u7ba1\u4f60\u5728\u5176\u4ed6\u5730\u65b9\u6d3b\u4e86\u591a\u4e45\uff0c\u5230\u4e86\u5730\u7403\u90fd\u4f1a\u53d8\u6210\u667a\u5546\u6709\u95ee\u9898\u7684\u4eba\uff0c\u70b9\u4e2a\u8d5e"}, {"userName": "xhxang01", "userReviewDate": "2017-12-28", "userURL": "https://my.qidian.com/user/231156921", "userReview": "\u7b7e\u5230\u6c34\u7ecf\u9a8c"}, {"userName": "\u5e1d\u4e66\u751f", "userReviewDate": "2017-12-09", "userURL": "https://my.qidian.com/user/19751554", "userReview": "\u4e0d\u5f00\u6302\u90fd\u6d3b\u4e0d\u8fc7\u4e24\u7ae0[fn=14]"}, {"userName": "\u7b14\u950b\u5e38\u78e8007", "userReviewDate": "2017-11-25", "userURL": "https://my.qidian.com/user/218871480", "userReview": "\u5e08\u5144\uff0c\u6211\u53c8\u56de\u6765\u4e86\ud83d\ude1c"}], "description": "\u4fee\u4ed9\u89c5\u957f\u751f\uff0c\u70ed\u8840\u4efb\u900d\u9065\uff0c\u8e0f\u83b2\u66f3\u6ce2\u6da4\u5251\u9aa8\uff0c\u51ed\u865a\u5fa1\u98ce\u5851\u5723\u9b42\uff01", "title": "\u4ed9\u9053\u6211\u4e3a\u9996", "url": "https://book.qidian.com/info/1010071627", "average": -1.0, "cover": "//qidian.qpic.cn/qdbimg/349573/1010071627/180", "reviews": -1, "authors": [{"url": "https://me.qidian.com/authorIndex.aspx?id=2717708", "name": "\u7d2b\u6c14\u4ed9\u5e1d"}], "type": ["\u4ed9\u4fa0", "\u73b0\u4ee3\u4fee\u771f"], "outlinks": ["https://book.qidian.com/info/1010071627", "https://book.qidian.com/info/1005752895", "https://book.qidian.com/info/1005752895", "https://book.qidian.com/info/1010868771", "https://book.qidian.com/info/1010868771", "https://book.qidian.com/info/1010836635", "https://book.qidian.com/info/1010836635", "https://book.qidian.com/info/1010759604", "https://book.qidian.com/info/1010759604", "https://book.qidian.com/info/1009747968", "https://book.qidian.com/info/1009747968", "https://book.qidian.com/info/1009606125", "https://book.qidian.com/info/1009606125", "https://book.qidian.com/info/3111953", "https://book.qidian.com/info/3111953", "https://book.qidian.com/info/1003763838", "https://book.qidian.com/info/1003763838", "https://book.qidian.com/info/1005366932", "https://book.qidian.com/info/1005366932", "https://book.qidian.com/info/1011829938", "https://book.qidian.com/info/1011829938", "https://book.qidian.com/info/1010327039", "https://book.qidian.com/info/1012016027", "https://book.qidian.com/info/1011630501", "https://book.qidian.com/info/1012010192", "https://book.qidian.com/info/1011834598", "https://book.qidian.com/info/1011672705", "https://book.qidian.com/info/1011966835", "https://book.qidian.com/info/1011940680", "https://book.qidian.com/info/1011491390", "https://book.qidian.com/info/1011995376"]}