{"ratings": 0.0, "userreviews": [{"userName": "\u4e66\u53cb161205135839331", "userReviewDate": "2017-10-10", "userURL": "https://my.qidian.com/user/226338205", "userReview": "\u4f60\u53cd\u800c\u53eb\u4eba\u5bb6\u8d3c\u8001\u5929\uff1f  \u4f60\u8111x\u5417\u4f60"}, {"userName": "\u8bfb\u4e07\u5377\u4e66x", "userReviewDate": "2017-09-21", "userURL": "https://my.qidian.com/user/186181702", "userReview": "\u4e0d\u597d\u770b\uff0c\u5f97\u5230\u4ed9\u5e9c\u8fd8\u5438\u6536\u4ed6\u7684\u6cd5\u529b\uff0c\u88ab\u6b3a\u8d1f\u6162\u6162\u5347\u7ea7\uff0c\u53c8\u88ab\u6b3a\u8d1f\uff0c\u6162\u6162\u5347\u7ea7\u2026\u7136\u540e\u65e0\u654c\uff0c\u5168\u4e66\u5b8c"}, {"userName": "\u4e66\u53cb160310143254180", "userReviewDate": "2017-09-17", "userURL": "https://my.qidian.com/user/215408404", "userReview": "\u65b0\u4e66\u4e3b\u89d2\u53c8\u59d3\u53f6[fn=10]"}, {"userName": "\u9f99\u57ce\u540e\u9662", "userReviewDate": "2017-09-02", "userURL": "https://my.qidian.com/user/218895799", "userReview": "\u8ffd\u4e86\u4e24\u5e74\u7ec8\u4e8e\u5b8c\u672c\u4e86[fn=19][fn=19]"}, {"userName": "\u9f99\u57ce\u540e\u9662", "userReviewDate": "2017-08-29", "userURL": "https://my.qidian.com/user/218895799", "userReview": "\u5feb\u70b9\u66f4\u65b0\uff0c\u6211\u8981\u770b"}, {"userName": "\u6c38\u8fdc\u7684\u5341\u516b1", "userReviewDate": "2017-08-15", "userURL": "https://my.qidian.com/user/209463413", "userReview": "\u6709\u5973\u4e3b\u5417  5\u4e2a\u5b57"}, {"userName": "\u53e4\u4ed9\u968f\u98ce", "userReviewDate": "2017-08-05", "userURL": "https://my.qidian.com/user/305489519", "userReview": "\u56e0\u4e3a\u770b\u89c1\u4f5c\u8005\u5199\u7684\u4e0d\u9519\uff0c\u6240\u6709\u8fc7\u6765\u6253\u4e2a\u5e7f\u544a\u300a\u4ed9\u65e0\u673d\u300b\u3002\u6ca1\u9519\u7406\u7531\u5c31\u662f\u8fd9\u4e48\u7275\u5f3a\u3002"}, {"userName": "\u9f99\u57ce\u540e\u9662", "userReviewDate": "2017-07-15", "userURL": "https://my.qidian.com/user/218895799", "userReview": "\u4e00\u5929\u4e24\u66f4\u592a\u5c11\u4e86"}, {"userName": "\u4e66\u53cb20170403172041396", "userReviewDate": "2017-06-28", "userURL": "https://my.qidian.com/user/231588608", "userReview": "\u63a8\u8350\u672c\u4e66\u300a\u62a4\u751f\u300b\u7384\u5e7b\u5c0f\u8bf4"}, {"userName": "\u8d77\u70b9\u4e2d\u6587\u7f51", "userReviewDate": "2017-05-26", "userURL": "https://my.qidian.com/user/33597", "userReview": "\u5404\u4f4d\u4e66\u53cb\uff0c\u6709\u6708\u7968\u7684\u6367\u4e2a\u7968\u573a\uff0c\u6ca1\u6708\u7968\u7684\u6367\u4e2a\u4eba\u573a\uff0c\u5927\u5bb6\u6709\u7968\u4f7f\u52b2\u7838\u5427\uff01 \u81ea\u672c\u606d\u8d3a\u4e3b\u9898\u53d1\u5e03\u540e2\u5929\u5185"}, {"userName": "hankwang", "userReviewDate": "2017-05-20", "userURL": "https://my.qidian.com/user/217140226", "userReview": "\u6700\u8fd1\u66f4\u65b0\u6162\u554a"}, {"userName": "\u9f99\u57ce\u540e\u9662", "userReviewDate": "2017-05-05", "userURL": "https://my.qidian.com/user/218895799", "userReview": "\u6bcf\u65e5\u56db\u66f4\u53bb\u54ea\u91cc\u4e86"}, {"userName": "\u8d77\u70b9\u4e2d\u6587\u7f51", "userReviewDate": "2017-05-04", "userURL": "https://my.qidian.com/user/33597", "userReview": "30\u5f20\u6708\u7968\u5c0f\u610f\u601d\uff0c\u5927\u5bb6\u4e00\u8d77\u9876\u523050\u5427\uff01\u5404\u4f4d\u4e66\u53cb\uff0c\u6709\u6708\u7968\u7684\u6367\u4e2a\u7968\u573a\uff0c\u6ca1\u6708\u7968\u7684\u6367\u4e2a\u4eba\u573a\uff0c\u5927\u5bb6\u6709"}, {"userName": "\u8d77\u70b9\u4e2d\u6587\u7f51", "userReviewDate": "2017-05-01", "userURL": "https://my.qidian.com/user/33597", "userReview": "\u54c8\u54c8\u54c8\u54c8\uff0c\u7b2c\u4e00\u5f20\u6708\u7968\u7684\u6c99\u53d1\u603b\u7b97\u88ab\u6211\u62a2\u5230\u4e86\uff0c\u52a0\u6cb9\u7801\u5b57\uff0c\u52aa\u529b\u66f4\u65b0\uff0c\u6709\u4e86\u6708\u7968\u7684\u90fd\u6295\u4f60\uff01\u81ea\u672c\u606d\u8d3a\u4e3b"}], "description": "\u4fee\u4ed9\u89c5\u957f\u751f\uff0c\u70ed\u8840\u4efb\u900d\u9065\uff0c\u8e0f\u83b2\u66f3\u6ce2\u6da4\u5251\u9aa8\uff0c\u51ed\u865a\u5fa1\u98ce\u5851\u5723\u9b42\uff01", "title": "\u4ed9\u9053\u90aa\u541b", "url": "https://book.qidian.com/info/3688003", "average": -1.0, "cover": "//qidian.qpic.cn/qdbimg/349573/3688003/180", "reviews": -1, "authors": [{"url": "https://me.qidian.com/authorIndex.aspx?id=6967007", "name": "\u6628\u591c\u5357\u98ce"}], "type": ["\u4ed9\u4fa0", "\u5e7b\u60f3\u4fee\u4ed9"], "outlinks": ["https://book.qidian.com/info/3688003", "https://book.qidian.com/info/1010771394", "https://book.qidian.com/info/1010771394", "https://book.qidian.com/info/3683195", "https://book.qidian.com/info/3683195", "https://book.qidian.com/info/1005987694", "https://book.qidian.com/info/1005987694", "https://book.qidian.com/info/1004883181", "https://book.qidian.com/info/1004883181", "https://book.qidian.com/info/1010255643", "https://book.qidian.com/info/1010255643", "https://book.qidian.com/info/1006872761", "https://book.qidian.com/info/1006872761", "https://book.qidian.com/info/3430116", "https://book.qidian.com/info/3430116", "https://book.qidian.com/info/1010044243", "https://book.qidian.com/info/1010044243", "https://book.qidian.com/info/1010996823", "https://book.qidian.com/info/1010996823", "https://book.qidian.com/info/1010327039", "https://book.qidian.com/info/1012016027", "https://book.qidian.com/info/1011630501", "https://book.qidian.com/info/1012010192", "https://book.qidian.com/info/1011834598", "https://book.qidian.com/info/1011672705", "https://book.qidian.com/info/1011966835", "https://book.qidian.com/info/1011940680", "https://book.qidian.com/info/1011491390", "https://book.qidian.com/info/1011995376"]}