{"ratings": 0.0, "userreviews": [{"userName": "\u4e36\u9752\u8863\u4e36", "userReviewDate": "2018-05-07", "userURL": "https://my.qidian.com/user/215730943", "userReview": "\u4e00\u5929\u4e09\u7ae0\uff0c\u8fde\u66f4\u534a\u6708\uff0c\u4e0a\u76df\u4e3b\uff0c\u7acb\u5e16\u4e3a\u8bc1\uff01"}, {"userName": "\u5929\u4e0a\u7684\u98de\u8239\u6709\u5f88\u591a", "userReviewDate": "2\u5c0f\u65f6\u524d", "userURL": "https://my.qidian.com/user/229911834", "userReview": "\u4e66\u5f88\u4e0d\u9519\uff0c\u5efa\u697c\u652f\u6301\uff0c\u4e00\u697c10\u5e01\uff0c\u5343\u697c\u4e00\u7ed3\uff0c\u76df\u4e3b\u5c01\u9876^_^"}, {"userName": "\u65e0\u7376", "userReviewDate": "17\u5c0f\u65f6\u524d", "userURL": "https://my.qidian.com/user/303530747", "userReview": "\u5f00\u59cb\u611f\u89c9\u4e66\u5f88\u4e0d\u9519\uff0c\u4f46\u662f\u770b\u7740\u770b\u7740\u6211\u5c31\u89c9\u5f97\u6709\u70b9\u5751\u4e86\u3002\u6253\u67b6\u5168\u9760\u6cd5\u5b9d\uff0c\u795e\u901a\u57fa\u672c\u6ca1\u5375\u7528\u3002\u54fc\u54c8\u4e8c\u6c14\u5bf9\u540c"}, {"userName": "\uff1f\u68a6\u9b47", "userReviewDate": "\u6628\u65e509:21", "userURL": "https://my.qidian.com/user/188919710", "userReview": "\u7b7e\u5230\u50ac\u66f4\u65b0"}, {"userName": "\u4e3f\u4e0b\u96e8\u4e36", "userReviewDate": "\u6628\u65e508:55", "userURL": "https://my.qidian.com/user/300343057", "userReview": "\u6162\u6162\u517b\u5427\uff0c\uff0c\u54ce"}, {"userName": "\u4f60\u8bf4\u76f8\u601d\u8d4b\u4e88\u8ab0", "userReviewDate": "2018-06-07", "userURL": "https://my.qidian.com/user/217333698", "userReview": "\u77ed\u5c0f\u65e0\u529b\u53c8\u4e00\u7ae0\u2026\u2026"}, {"userName": "\u543e\u8def\u5728\u4f55\u65b9", "userReviewDate": "2018-06-07", "userURL": "https://my.qidian.com/user/200281826", "userReview": "\u9053\u53cb\u679c\u7136\u662f\u6211\u8f88\u4e2d\u4eba  \u5165\u6211\u8f88\u65e0\u60c5\u9053  \u4fee\u6211\u9053\u6839\u672c\u4e0a\u4e58\u7ecf  \u9053\u53cb\u5927\u9053\u53ef\u671f\u77e3"}, {"userName": "\u767d\u6a0a", "userReviewDate": "2018-06-07", "userURL": "https://my.qidian.com/user/214022612", "userReview": "\u8d8a\u6765\u8d8a\u5047\u5927\u7a7a"}, {"userName": "\u7e41\u8302\u4e4b\u590f", "userReviewDate": "2018-06-07", "userURL": "https://my.qidian.com/user/196055091", "userReview": "\u6700\u65b0\u8fd9\u7ae0\u4f5c\u8005\u4e0d\u5e94\u8be5\u8ba9\u4e3b\u89d2\u628a\u795e\u706b\u4ee4\u62ff\u51fa\u6765\u653e\u7f6e\uff0c\u8fd0\u6c14\u4e0d\u597d\u5728\u95ed\u5173\u4fee\u70bc\u8fd8\u6ca1\u6210\u529f\u65f6\uff0c\u88ab\u4eba\u56e0\u4e3a\u795e\u706b\u4ee4\u627e"}, {"userName": "\u4e71\u4e16\u4e36\u6e05", "userReviewDate": "2018-06-06", "userURL": "https://my.qidian.com/user/220622954", "userReview": "\u6362\u4e86\u5730\u56fe\u540e\u611f\u89c9\u6709\u70b9\u522b\u626d"}, {"userName": "\u5b87\u8f69\u9038", "userReviewDate": "2018-06-06", "userURL": "https://my.qidian.com/user/177475066", "userReview": "\u600e\u4e48\u7ae0\u8282\u91cd\u590d\u53d1\u4e86\u4e24\u904d  \u6211\u8fd8\u4ee5\u4e3a\u4eca\u5929\u53d1\u4e86\u56db\u5343\u5927\u7ae0"}, {"userName": "\u5f52\u5143\u4ed9\u541b", "userReviewDate": "2018-06-06", "userURL": "https://my.qidian.com/user/170240937", "userReview": "\u6709\u6346\u4ed9\u7ef3\u8fd8\u4e0d\u591f\uff0c\u4e3b\u89d2\u8fd8\u7f3a\u6761\u9501\u9b42\u94fe\uff0c\u9501\u4f4f\u9b42\u9b44\u603b\u4e0d\u80fd\u81ea\u7206\u4e86\u5427"}, {"userName": "\u98ce\u5251\u8d70\u65e0\u5f62", "userReviewDate": "2018-06-06", "userURL": "https://my.qidian.com/user/217133783", "userReview": "\u6700\u8fd1\u7565\u5fae\u6709\u4e9b\u6162\u70ed\uff0c\u4e0d\u8fc7\u671f\u5f85\u9ad8\u6f6e\u6765\u4e34\uff0c\u5750\u7b49\u541b\u5317\u4e1a\u8e0f\u5165\u70bc\u6c14\u5316\u795e\uff0c\u5f00\u59cb\u4fee\u6301\u5143\u795e\u4e4b\u5883"}, {"userName": "\u5b88\u5c38\u9b3c", "userReviewDate": "2018-06-05", "userURL": "https://my.qidian.com/user/316515066", "userReview": "\u4e16\u754c\u5f88\u5927\uff0c\u4e0d\u77e5\u53ef\u6709\u6d6e\u4e91\u906e\u6708\u4e0d\u5206\u660e\uff0c\u8c01\u633d\u957f\u6c5f\u4e00\u6d17\u653e\u5929\u9752\uff1f"}], "description": "\u4fee\u4ed9\u89c5\u957f\u751f\uff0c\u70ed\u8840\u4efb\u900d\u9065\uff0c\u8e0f\u83b2\u66f3\u6ce2\u6da4\u5251\u9aa8\uff0c\u51ed\u865a\u5fa1\u98ce\u5851\u5723\u9b42\uff01", "title": "\u4ed9\u9053\u7eb5\u6a2a\u5f02\u4e16", "url": "https://book.qidian.com/info/1011486493", "average": -1.0, "cover": "//qidian.qpic.cn/qdbimg/349573/1011486493/180", "reviews": -1, "authors": [{"url": "https://me.qidian.com/authorIndex.aspx?id=4225419", "name": "\u4e5d\u5dde\u5996\u50e7"}], "type": ["\u4ed9\u4fa0", "\u795e\u8bdd\u4fee\u771f"], "outlinks": ["https://book.qidian.com/info/1011486493", "https://book.qidian.com/info/1010389683", "https://book.qidian.com/info/1010389683", "https://book.qidian.com/info/1010933712", "https://book.qidian.com/info/1010933712", "https://book.qidian.com/info/1009843531", "https://book.qidian.com/info/1009843531", "https://book.qidian.com/info/1004436983", "https://book.qidian.com/info/1004436983", "https://book.qidian.com/info/1010463239", "https://book.qidian.com/info/1010463239", "https://book.qidian.com/info/1009438258", "https://book.qidian.com/info/1009438258", "https://book.qidian.com/info/3675850", "https://book.qidian.com/info/3675850", "https://book.qidian.com/info/1005265493", "https://book.qidian.com/info/1005265493", "https://book.qidian.com/info/1010327039", "https://book.qidian.com/info/1012016027", "https://book.qidian.com/info/1011630501", "https://book.qidian.com/info/1012010192", "https://book.qidian.com/info/1011834598", "https://book.qidian.com/info/1011672705", "https://book.qidian.com/info/1011966835", "https://book.qidian.com/info/1011940680", "https://book.qidian.com/info/1011491390", "https://book.qidian.com/info/1011995376"]}