{"ratings": 0.0, "userreviews": [{"userName": "\u4e66\u53cb160813231317772", "userReviewDate": "4\u5c0f\u65f6\u524d", "userURL": "https://my.qidian.com/user/221123085", "userReview": "\u723d\ud83d\ude0a\u591a\u66f4\u65b0\u554a\u4e0d\u9519\u9ad8\u667a\u5546\u72af\u7f6a\uff01"}, {"userName": "\u4e66\u53cb150724081847145", "userReviewDate": "2018-05-27", "userURL": "https://my.qidian.com/user/210984722", "userReview": "\u4f5c\u8005\u52a0\u66f4\u554a"}], "description": "\u3010\u519b\u4e8b\u5f81\u6587\u7b2c\u4e00\u5b63\u00b7\u8840\u67d3\u7ea2\u65d7\u6218\u4e0d\u4f11\u3011\u53c2\u8d5b\u4f5c\u54c1", "title": "\u4ee3\u53f7\u60ca\u86f0", "url": "https://book.qidian.com/info/1011981792", "average": -1.0, "cover": "//qidian.qpic.cn/qdbimg/349573/1011981792/180", "reviews": -1, "authors": [{"url": "https://me.qidian.com/authorIndex.aspx?id=402297762", "name": "\u5218\u9ed82018"}], "type": ["\u519b\u4e8b", "\u8c0d\u6218\u7279\u5de5"], "outlinks": ["https://book.qidian.com/info/1011981792", "https://book.qidian.com/info/1011202959", "https://book.qidian.com/info/1011202959", "https://book.qidian.com/info/1009667884", "https://book.qidian.com/info/1009667884", "https://book.qidian.com/info/1011130414", "https://book.qidian.com/info/1011130414", "https://book.qidian.com/info/1004829455", "https://book.qidian.com/info/1004829455", "https://book.qidian.com/info/1005267217", "https://book.qidian.com/info/1005267217", "https://book.qidian.com/info/1005042490", "https://book.qidian.com/info/1005042490", "https://book.qidian.com/info/1011773651", "https://book.qidian.com/info/1011792881", "https://book.qidian.com/info/1011766727", "https://book.qidian.com/info/1011816033", "https://book.qidian.com/info/1011910483", "https://book.qidian.com/info/1011695819", "https://book.qidian.com/info/1011962771", "https://book.qidian.com/info/1011786182", "https://book.qidian.com/info/1011837374", "https://book.qidian.com/info/1011724908"]}