{"ratings": 0.0, "userreviews": [{"userName": "\u9648\u8d77\u96c4", "userReviewDate": "2018-06-07", "userURL": "https://my.qidian.com/user/9647751", "userReview": "\u4eca\u5929\u7684\u796812\u9001\u4e0a"}, {"userName": "\u9648\u8d77\u96c4", "userReviewDate": "2018-06-07", "userURL": "https://my.qidian.com/user/9647751", "userReview": "17\u768412\u7968\u7968\uff0c\u6765\u4e2a\u7cbe\uff0c\u534e\u5427\u3002"}, {"userName": "\u51e4\u4ed9\u5343\u6298", "userReviewDate": "2018-06-05", "userURL": "https://my.qidian.com/user/213170812", "userReview": "\u6709\u6ca1\u6709\u53d1\u73b0\u4e00\u4e2abug\uff0c\u524d\u9762\u8bf4\u67f3\u5983\u6000\u5b55\uff0c\u662f\u5a5a\u524d\uff0c\u53ef\u662f\u5979\u4e00\u4e2a\u591a\u6708\u5c31\u5ac1\u5165\u79bb\u738b\u5e9c\u4e86\uff0c\u63a5\u7740\u5c0f\u7687\u5b50\u5c31\u751f"}, {"userName": "\u832b\u7136\u54ce\u5929\u84dd", "userReviewDate": "2018-06-03", "userURL": "https://my.qidian.com/user/152528808", "userReview": "\u533b\u672f\u662f\u5973\u4e3b\u5fc5\u5907\u6280\u80fd\uff0c\u8eab\u4e2d\u5947\u6bd2\u6216\u5947\u602a\u75c5\u75c7\u67ff\u5b50\u7237\u662f\u5fc5\u5907\u7537\u4e3b\uff0c\u6076\u6bd2\u65e0\u8111\u540e\u5a18\uff0c\u5916\u9762\u5a01\u98ce\u5728\u5bb6\u675f\u624b\u65e0\u7b56"}, {"userName": "aggie111", "userReviewDate": "2018-05-30", "userURL": "https://my.qidian.com/user/154168266", "userReview": "\u540e\u9762\u603b\u662f\u8ddf\u7740\u4e00\u4e2a\u795e\u8865\u5200\uff0c\u8c01\u80fd\u770b\u7684\u4e0b\u53bb\u554a\uff01"}, {"userName": "\u4e66\u53cb20171103212513261", "userReviewDate": "2018-05-16", "userURL": "https://my.qidian.com/user/310272822", "userReview": "\u8fd9\u672c\u4e66\uff0c\u600e\u4e48\u8bf4\u5462\uff0c\u7537\u4e3b\u548c\u5973\u4e3b\u6027\u683c\u90fd\u4e0d\u9519\uff0c\u7537\u4e3b\u7279\u522b\u4e07\u80fd\u65e0\u654c\uff0c\u5973\u4e3b\u7279\u522b\u8822\uff0c\u4f46\u662f\u8822\u840c\u8822\u840c\u7684\uff0c\u4e0d\u8ba8"}, {"userName": "\u9648\u8d77\u96c4", "userReviewDate": "2018-05-13", "userURL": "https://my.qidian.com/user/9647751", "userReview": "13\u768412\u7968\u7968\u3002\u3002"}, {"userName": "\u9648\u8d77\u96c4", "userReviewDate": "2018-05-07", "userURL": "https://my.qidian.com/user/9647751", "userReview": "12\u63a8\u8350\uff0c\u7968\u3002\u6c42\u7cbe\u534e"}, {"userName": "cherylliang", "userReviewDate": "2018-04-27", "userURL": "https://my.qidian.com/user/215460615", "userReview": "\u6728\u5e76\u4e0d\u9002\u5408\u5199\u7384\u5e7b[fn=20][fn=20][fn=20]\u4e00\u6761\u86c7\u5c3e"}, {"userName": "\u7389\u537f\u8863", "userReviewDate": "2018-04-24", "userURL": "https://my.qidian.com/user/219083851", "userReview": "\u6c34\u6c34\u6c34\u6c34\u6c34\u6c34"}, {"userName": "\u9648\u8d77\u96c4", "userReviewDate": "2018-04-23", "userURL": "https://my.qidian.com/user/9647751", "userReview": "23\u768412\u63a8\u8350pp\u9001\u4e0a"}, {"userName": "\u4e66\u53cb120107154753260", "userReviewDate": "2018-04-20", "userURL": "https://my.qidian.com/user/135094314", "userReview": "\u597d\u770b\u597d\u770b\uff0c\u503c\u5f97\u63a8\u8350\u3002\u3002\u3002"}, {"userName": "ZZ\u5c0f\u9c7c", "userReviewDate": "2018-04-18", "userURL": "https://my.qidian.com/user/215742365", "userReview": "\u7b7e\u5230..."}, {"userName": "\u4e66\u53cb20180325164123442", "userReviewDate": "2018-04-18", "userURL": "https://my.qidian.com/user/315050059", "userReview": "\u5dee\u70b9\u6ca1\u770b\u5b8c\uff0c\u611f\u89c9\u5973\u4e3b\u4e0d\u591f\u5389\u5bb3"}], "description": "\u9752\u7816\u7eff\u74e6\uff0c\u964c\u4e0a\u82b1\u5f00\u9999\u67d3\u8863\uff1b\u6731\u95e8\u7d2b\u6bbf\uff0c\u7d20\u624b\u6458\u661f\u9713\u4f5c\u88f3\u3002", "title": "\u4ee5\u5ae1\u4e3a\u8d35", "url": "https://book.qidian.com/info/1007400974", "average": -1.0, "cover": "//qidian.qpic.cn/qdbimg/349573/1007400974/180", "reviews": -1, "authors": [{"url": "https://me.qidian.com/authorIndex.aspx?id=3626935", "name": "\u6728\u5b34"}], "type": ["\u53e4\u4ee3\u8a00\u60c5", "\u53e4\u5178\u67b6\u7a7a"], "outlinks": ["https:https://book.qidian.com/info/1011421405?qd_game_key=1011421405&qd_dd_p1=11272", "https://book.qidian.com/info/1007400974", "https://book.qidian.com/info/1009967381", "https://book.qidian.com/info/1009967381", "https://book.qidian.com/info/1009456472", "https://book.qidian.com/info/1009456472", "https://book.qidian.com/info/1008844598", "https://book.qidian.com/info/1008844598", "https://book.qidian.com/info/1009848110", "https://book.qidian.com/info/1009848110", "https://book.qidian.com/info/1009549788", "https://book.qidian.com/info/1009549788", "https://book.qidian.com/info/1010089027", "https://book.qidian.com/info/1010089027", "https://book.qidian.com/info/3020166", "https://book.qidian.com/info/3020166", "https://book.qidian.com/info/3173408", "https://book.qidian.com/info/3173408", "https://book.qidian.com/info/3627557", "https://book.qidian.com/info/3627557", "https://book.qidian.com/info/1003676361", "https://book.qidian.com/info/1003676361", "https://book.qidian.com/info/1011689458", "https://book.qidian.com/info/1011689458", "https://book.qidian.com/info/1004439621", "https://book.qidian.com/info/1010699142", "https://book.qidian.com/info/1010673874", "https://book.qidian.com/info/1010228299", "https://book.qidian.com/info/1011254335", "https://book.qidian.com/info/1010623336", "https://book.qidian.com/info/1011901077", "https://book.qidian.com/info/1010774701", "https://book.qidian.com/info/1010808763", "https://book.qidian.com/info/1011306057"]}