{"ratings": 0.0, "userreviews": [{"userName": "\u5415\u5929\u867e13012", "userReviewDate": "2018-06-02", "userURL": "https://my.qidian.com/user/316068135", "userReview": "\u7b7e\u5230\u6c34\u5747\u76ca\u65b9\u6cd5"}, {"userName": "QA98", "userReviewDate": "2018-06-01", "userURL": "https://my.qidian.com/user/153724996", "userReview": "\u4e66\u5199\u7684\u4e0d\u9519\u554a\uff0c\u600e\u4e48\u6ca1\u4eba\u770b\u5462"}, {"userName": "\u5543\u9aa8\u5934\u7684\u54e5", "userReviewDate": "2018-05-28", "userURL": "https://my.qidian.com/user/315112700", "userReview": "\u7b7e\u5230\u3002\u3002\u3002"}, {"userName": "\u9ed1\u86cb\u597d\u9ed1\u554a", "userReviewDate": "2018-05-28", "userURL": "https://my.qidian.com/user/314975371", "userReview": "\u7b7e\u5230\u3002\u3002\u3002"}, {"userName": "\u82cd\u5929\u5df2\u6b7b\u7ec5\u58eb\u5f53\u7acb", "userReviewDate": "2018-05-28", "userURL": "https://my.qidian.com/user/196005875", "userReview": "\u8fd9\u4e2a\u540d\u5b57\uff0c\u4e3b\u89d2\u8be5\u4e0d\u4f1a\u662f\u6700\u540e\u9886\u4fbf\u5f53\u4e86\u5427"}, {"userName": "\u5bfb\u6b22\u4f5c\u4e50\u5927\u5e05\u6bd4", "userReviewDate": "2018-05-26", "userURL": "https://my.qidian.com/user/228734903", "userReview": "\u5565\u65f6\u5019\u80fd\u4e0a\u67b6 \u6587\u7b14\u6211\u4e0d\u597d\u8bc4\u4ef7 \u53cd\u6b63\u6211\u559c\u6b22\u770b\u8fd9\u7c7b\u7684\u3002"}, {"userName": "QA98", "userReviewDate": "2018-05-26", "userURL": "https://my.qidian.com/user/153724996", "userReview": "\u4f5c\u8005\u541b\uff0c\u4e3a\u5565\u4e0d\u6539\u4e2a\u540d\u5b57\u554a\uff0c\u6539\u540d\u4f1a\u4e0d\u4f1a\u66f4\u597d\u70b9\u554a"}, {"userName": "QA98", "userReviewDate": "2018-05-26", "userURL": "https://my.qidian.com/user/153724996", "userReview": "\u4f5c\u8005\u541b\u8fd9\u672c\u4e66\u80fd\u6539\u4e0b\u540d\u5b57\u4e48\uff0c\u6211\u611f\u89c9\u6539\u4e00\u4e0b\u540d\u5b57\u4f1a\u66f4\u597d\u4e00\u4e9b\uff0c\u4eba\u4f1a\u591a\u4e9b\uff0c"}, {"userName": "\u5b9d\u5b9d\u4fdd\u59c6", "userReviewDate": "2018-05-21", "userURL": "https://my.qidian.com/user/121198680", "userReview": "\u6539\u540d\u70ae\u8b66\u4e4b\u547d\uff0c\u8fd9\u6837\u5f88\u591a\u4eba\u53ef\u4ee5\u5ffd\u60a0\u4e86"}, {"userName": "QA98", "userReviewDate": "2018-05-17", "userURL": "https://my.qidian.com/user/153724996", "userReview": "\u4f5c\u8005\u541b\u80fd\u4e0d\u80fd\u7206\u53d1\u4e00\u4e0b\u591a\u66f4\u65b0\u51e0\u5f20\u554a\u4e0d\u591f\u770b\u554a"}, {"userName": "QA98", "userReviewDate": "2018-05-14", "userURL": "https://my.qidian.com/user/153724996", "userReview": "\u4f5c\u8005\u541b\u5199\u7684\u4e0d\u9519\uff0c\u52a0\u6cb9\u554a\u7968\u90fd\u7ed9\u4f60\u4e86"}, {"userName": "\u8fdb\u51fb\u7684\u8282\u64cd\u541b", "userReviewDate": "2018-05-14", "userURL": "https://my.qidian.com/user/210024274", "userReview": "\u611f\u89c9\u5199\u7684\u6709\u4e00\u80a1\u97e7\u6027\uff0c\u771f\u5b9e\uff0c\u52a0\u6cb9"}], "description": "\u3010\u7b2c\u4e09\u5c4a\u7f51\u7edc\u539f\u521b\u6587\u5b66\u73b0\u5b9e\u4e3b\u4e49\u9898\u6750\u5f81\u6587\u5927\u8d5b\u3011\u53c2\u8d5b\u4f5c\u54c1", "title": "\u4ee5\u70ae\u7070\u4e4b\u540d", "url": "https://book.qidian.com/info/1011366626", "average": -1.0, "cover": "//qidian.qpic.cn/qdbimg/349573/1011366626/180", "reviews": -1, "authors": [{"url": "https://me.qidian.com/authorIndex.aspx?id=401905031", "name": "\u56e0\u4e3a\u8d2b\u7a77"}], "type": ["\u73b0\u5b9e", "\u9752\u6625\u6587\u5b66"], "outlinks": ["https://book.qidian.com/info/1011366626", "https://book.qidian.com/info/1004589124", "https://book.qidian.com/info/1004589124", "https://book.qidian.com/info/1004165354", "https://book.qidian.com/info/1004165354", "https://book.qidian.com/info/1003731853", "https://book.qidian.com/info/1003731853", "https://book.qidian.com/info/1005798487", "https://book.qidian.com/info/1005798487", "https://book.qidian.com/info/1395925", "https://book.qidian.com/info/1395925", "https://book.qidian.com/info/1006204754", "https://book.qidian.com/info/1006204754", "https://book.qidian.com/info/1011633094", "https://book.qidian.com/info/1011456133", "https://book.qidian.com/info/1011634147", "https://book.qidian.com/info/1011681836", "https://book.qidian.com/info/1010536358", "https://book.qidian.com/info/1011815512", "https://book.qidian.com/info/1011779536", "https://book.qidian.com/info/1011822376", "https://book.qidian.com/info/1010906320", "https://book.qidian.com/info/1011955761"]}