{"ratings": 0.0, "userreviews": [{"userName": "\u4e00\u9ad8\u51c9\u5c11", "userReviewDate": "11\u5206\u949f\u524d", "userURL": "https://my.qidian.com/user/228088289", "userReview": "\u4f60\u4eec\u8fd8\u5728\u4fee\u4ed9\u5417\uff01\u6211\u7684\u566c\u9cb2\u90fd\u5df2\u7ecf\u8fdb\u5316\u6210\u673a\u68b0\u8230\u9cb2\u4e86\uff01"}, {"userName": "\u5415\u5929\u867e13548", "userReviewDate": "2018-06-07", "userURL": "https://my.qidian.com/user/316841063", "userReview": "\u50ac\u66f4\u987a\u4fbf\u7b7e\u5230"}, {"userName": "\u6653\u826f\u4eba", "userReviewDate": "2018-06-06", "userURL": "https://my.qidian.com/user/229734941", "userReview": "\u6709\u70b9\u597d\u5947\uff0c\u5148\u6536\u85cf\uff0c\u517b\u4e00\u517b"}, {"userName": "\u6211\u7684\u59b9\u59b9\u53eb\u96cf\u75301051", "userReviewDate": "2018-06-04", "userURL": "https://my.qidian.com/user/316836088", "userReview": "\u52b3\u8d44\u53ea\u662f\u6765\u7b7e\u5230\u7684"}, {"userName": "\u5b64\u70df\u76f4\u51f5", "userReviewDate": "2018-06-03", "userURL": "https://my.qidian.com/user/314540287", "userReview": "\u7cae\u8349\uff0c\u5f88\u597d\uff0c\u4f5c\u8005\uff0c\u52a0\u6cb9\u3002"}, {"userName": "\u597d\u4e00\u4e2a\u82b1\u843d\u82b1\u98de\u82b1\u6ee1\u5929", "userReviewDate": "2018-05-29", "userURL": "https://my.qidian.com/user/302645489", "userReview": "\u8fd9\u79cd\u7c7b\u578b\u5f88\u96be\u5199\uff0c\u6ca1\u591a\u5c11\u4eba\u613f\u610f\u78b0\u7684\uff0c\u96be\u5ea6\u7cfb\u6570\u592a\u5927\uff0c\u4e00\u4e0d\u5c0f\u5fc3\u5c31\u6ca1\u4e86\u7384\u5e7b\u7684\u5473\u9053\u3002\u53e6\u5916\uff0c\u63d0\u4e2a\u5c0f\u5efa\u8bae"}], "description": "\u3010\u7f51\u6587\u4e4b\u738b\u7384\u5e7b\u201cBOSS\u6d41\u201d\u5f81\u6587\u3011\u53c2\u8d5b\u4f5c\u54c1", "title": "\u4ee5\u79d1\u6280\u4e4b\u540d", "url": "https://book.qidian.com/info/1011985155", "average": -1.0, "cover": "//qidian.qpic.cn/qdbimg/349573/1011985155/180", "reviews": -1, "authors": [{"url": "https://me.qidian.com/authorIndex.aspx?id=402408145", "name": "\u7686\u71c3"}], "type": ["\u7384\u5e7b", "\u5f02\u4e16\u5927\u9646"], "outlinks": ["https://book.qidian.com/info/1011985155", "https://book.qidian.com/info/1009880821", "https://book.qidian.com/info/1009880821", "https://book.qidian.com/info/1004179514", "https://book.qidian.com/info/1004179514", "https://book.qidian.com/info/1011622840", "https://book.qidian.com/info/1011622840", "https://book.qidian.com/info/1011775411", "https://book.qidian.com/info/1011775411", "https://book.qidian.com/info/1005062814", "https://book.qidian.com/info/1005062814", "https://book.qidian.com/info/1009336335", "https://book.qidian.com/info/1009336335", "https://book.qidian.com/info/1011988403", "https://book.qidian.com/info/1009595922", "https://book.qidian.com/info/1011844784", "https://book.qidian.com/info/1011892497", "https://book.qidian.com/info/1011095320", "https://book.qidian.com/info/1011996851", "https://book.qidian.com/info/1011856434", "https://book.qidian.com/info/1011879207", "https://book.qidian.com/info/1011833256", "https://book.qidian.com/info/1011967674"]}