{"ratings": 0.0, "userreviews": [{"userName": "\u6ec7\u5357\u98d8\u96ea", "userReviewDate": "12\u5c0f\u65f6\u524d", "userURL": "https://my.qidian.com/user/130015457", "userReview": "\u4eb2\u7231\u7684\u670b\u53cb\u4eec\uff0c\u62db\u62db\u624b\u8ba9\u6211\u770b\u5230\u4f60\u4eec\u7684\u5b58\u5728\u597d\u5417\uff1f"}, {"userName": "\u5415\u5929\u867e13249", "userReviewDate": "21\u5c0f\u65f6\u524d", "userURL": "https://my.qidian.com/user/316301835", "userReview": "\u7b7e\u5230\u4e86\uff0c\u52a0\u6cb9\u66f4\u65b0\uff0c\u5168\u5b9a\u652f\u6301"}, {"userName": "\u6ec7\u5357\u98d8\u96ea", "userReviewDate": "2018-06-05", "userURL": "https://my.qidian.com/user/130015457", "userReview": "\u5404\u4f4d\u5927\u4f6c\uff0c\u8c01\u7ed9\u8bd5\u8bd5\u6bd2\uff1f"}, {"userName": "\u6ec7\u5357\u98d8\u96ea", "userReviewDate": "2018-05-18", "userURL": "https://my.qidian.com/user/130015457", "userReview": "\u81ea\u5df1\u518d\u62a2\u4e2a\u5730\u677f\u3002"}, {"userName": "\u6ec7\u5357\u98d8\u96ea", "userReviewDate": "2018-05-18", "userURL": "https://my.qidian.com/user/130015457", "userReview": "\u81ea\u5df1\u62a2\u4e2a\u6c99\u53d1\uff01"}], "description": "\u3010\u7f51\u6587\u4e4b\u738b\u7384\u5e7b\u201cBOSS\u6d41\u201d\u5f81\u6587\u3011\u53c2\u8d5b\u4f5c\u54c1", "title": "\u4efb\u52a1\u6709\u70b9\u96be", "url": "https://book.qidian.com/info/1012015398", "average": -1.0, "cover": "//qidian.qpic.cn/qdbimg/349573/1012015398/180", "reviews": -1, "authors": [{"url": "https://me.qidian.com/authorIndex.aspx?id=6045357", "name": "\u6ec7\u5357\u98d8\u96ea"}], "type": ["\u7384\u5e7b", "\u5f02\u4e16\u5927\u9646"], "outlinks": ["https://book.qidian.com/info/1012015398", "https://book.qidian.com/info/20", "https://book.qidian.com/info/20", "https://book.qidian.com/info/110", "https://book.qidian.com/info/110", "https://book.qidian.com/info/128", "https://book.qidian.com/info/128", "https://book.qidian.com/info/878", "https://book.qidian.com/info/878", "https://book.qidian.com/info/1479", "https://book.qidian.com/info/1479", "https://book.qidian.com/info/16699", "https://book.qidian.com/info/16699", "https://book.qidian.com/info/1011988403", "https://book.qidian.com/info/1009595922", "https://book.qidian.com/info/1011844784", "https://book.qidian.com/info/1011892497", "https://book.qidian.com/info/1011095320", "https://book.qidian.com/info/1011996851", "https://book.qidian.com/info/1011856434", "https://book.qidian.com/info/1011879207", "https://book.qidian.com/info/1011833256", "https://book.qidian.com/info/1011967674"]}