{"ratings": 0.0, "userreviews": [{"userName": "\u98ce\u516e\u5927\u4eba", "userReviewDate": "2017-12-20", "userURL": "https://my.qidian.com/user/311244382", "userReview": "\u4e4b\u524d\u590d\u5174\u5171\u548c\u7684\u7b80\u4ecb\u662f\u987a\u624b\u5199\u7684\uff0c\u5df2\u7ecf\u6539\u4e86[fn=13]\u603b\u800c\u8a00\u4e4b\u8c22\u8c22\u5927\u5bb6\u5173\u6ce8"}, {"userName": "\u5415\u5929\u867e4458", "userReviewDate": "16\u5c0f\u65f6\u524d", "userURL": "https://my.qidian.com/user/313417811", "userReview": "\u5e78\u798f\u6765\u5f97\u592a\u7a81\u7136\u2026\u2026"}, {"userName": "\u5415\u5929\u867e3350", "userReviewDate": "\u6628\u65e500:38", "userURL": "https://my.qidian.com/user/313086800", "userReview": "\u7b7e\u5230\u7b7e\u5230\uff01\u826f\u5fc3\u4f5c\u8005\uff0c\u771f\u5fc3\u559c\u6b22"}, {"userName": "\u5927\u6b4c\u9882", "userReviewDate": "2018-06-06", "userURL": "https://my.qidian.com/user/130587648", "userReview": "\u8fd9\u51e0\u4e2a\u5341\u5b57\u519b\u56fd\u5bb6\u519b\u961f\u4e5f\u592a\u591a\u4e86\u70b9\uff0c\u4e24\u4e2a\u516c\u56fd\u90fd\u6709\u4e09\u56db\u4e07\u4eba\u4e86"}, {"userName": "\u4e13\u5f00\u6821\u8f66\u7684\u8001\u53f8\u673a", "userReviewDate": "2018-06-05", "userURL": "https://my.qidian.com/user/210986844", "userReview": "\u5386\u53f2\u5c0f\u8bf4\u91cc\u9762\u51fa\u73b0\u7384\u5e7b\u5143\u7d20\u771f\u662f\u63a5\u53d7\u4e0d\u80fd"}, {"userName": "\u9b3c\u4f7f\u767d\u5927\u4eba", "userReviewDate": "2018-06-04", "userURL": "https://my.qidian.com/user/214433204", "userReview": "\u5199\u5f97\u597d\u597d\uff01\u770b\u5f97\u6211\u9a6c\u4e0a\u73a9\u4e00\u628a\u6b27\u9646\u98ce\u4e91\u7528\u4e1c\u7f57\u529b\u633d\u72c2\u6f9c"}, {"userName": "\u574e\u7279\u96f7\u65af", "userReviewDate": "2018-06-02", "userURL": "https://my.qidian.com/user/133779070", "userReview": "\u5199\u7684\u771f\u597d\u554a\uff01\u62dc\u62dc\u7684\u6ca1\u843d\u592a\u4ee4\u4eba\u550f\u5618\u4e86\uff0c\u63a8\u8350\u7968\u9001\u4e0a"}, {"userName": "\u5965\u672f\u7687\u5e1d", "userReviewDate": "2018-05-31", "userURL": "https://my.qidian.com/user/195803140", "userReview": "\u9488\u5bf9\u4e8e\u80cc\u666f\u4e8b\u5b9e\uff0c\u4f5c\u8005\u4e0d\u59a8\u73a9\u4e00\u628a\u516c\u5929\u4e0b\u7684\u5927\u79e6\u5e1d\u56fd\uff0c\u519b\u529f\u6700\u9ad8\u8005\u4e3a\u50a8\u541b"}, {"userName": "\u5927\u6b4c\u9882", "userReviewDate": "2018-05-29", "userURL": "https://my.qidian.com/user/130587648", "userReview": "\u6469\u91cc\u4e9a\u534a\u5c9b\u52a0\u96c5\u5178\u5730\u533a\uff0c\u8fd9\u5df2\u7ecf\u662f\u4e00\u65b9\u8bf8\u4faf\u4e86"}, {"userName": "\u6240\u5411\u62ab\u9761\u5723\u82e5\u671b", "userReviewDate": "2018-05-28", "userURL": "https://my.qidian.com/user/222505850", "userReview": "\u770b\u7740\u4e00\u90e8\u4e1c\u7f57\u9a6c\u7684\u5c0f\u8bf4\uff0c\u542c\u7740\u795e\u7f57\u7684\u7687\u5e1d\u56db\u91cd\u594f\u777f\u667a\u7684\u541b\u4e3b\u4e3b\u4e49\u8005\uff0b20\u7a33\u5b9a\u5ea6\uff0b1\u89c9\u9192\u5ea6\uff0b2 \u53db\u4e71"}, {"userName": "\u5929\u5730\u2169\u6709\u96ea", "userReviewDate": "2018-05-26", "userURL": "https://my.qidian.com/user/225562125", "userReview": "\u4eca\u5929\u7684\u66f4\u65b0\u5462"}, {"userName": "\u5929\u5730\u2169\u6709\u96ea", "userReviewDate": "2018-05-25", "userURL": "https://my.qidian.com/user/225562125", "userReview": "\u770b\u5b8c\u9e70\u626c\u62dc\u5360\u5ead \u8fc7\u6765\u5168\u8ba2\u9001\u4e0a"}, {"userName": "\u88c1\u51b3\u8fd0\u8f93", "userReviewDate": "2018-05-25", "userURL": "https://my.qidian.com/user/151576399", "userReview": "1444\u5965\u65af\u66fc\u7684\u5d1b\u8d77"}, {"userName": "\u5e1d\u56fd\u7b2c\u4e09\u526f\u51ef\u6492", "userReviewDate": "2018-05-25", "userURL": "https://my.qidian.com/user/220427948", "userReview": "\u8fd9\u672c\u4e66\u771f\u7684\u4e0d\u9519\u3002\u6211\u633a\u559c\u6b22\u770b\u4e1c\u7f57\u9a6c\u7684\u4e66\u7684\u3002\u5c31\u662f\u95ee\u4e00\u4e0b\u3002\u6709\u6ca1\u6709\u672b\u671f\u7684\uff1f\u6700\u597d\u662f1450\u5e74\u5de6\u53f3\u7684"}], "description": "\u9192\u638c\u5929\u4e0b\u6743\uff0c\u9189\u5367\u7f8e\u4eba\u819d\uff0c\u4e94\u5343\u5e74\u98ce\u534e\u70df\u96e8\uff0c\u662f\u975e\u6210\u8d25\u8f6c\u5934\u7a7a\uff01", "title": "\u4f0a\u5e87\u9c81\u65af\u7684\u9e70\u65d7", "url": "https://book.qidian.com/info/1010939538", "average": -1.0, "cover": "//qidian.qpic.cn/qdbimg/349573/1010939538/180", "reviews": -1, "authors": [{"url": "https://me.qidian.com/authorIndex.aspx?id=401430535", "name": "\u98ce\u516e\u5927\u4eba"}], "type": ["\u5386\u53f2", "\u5916\u56fd\u5386\u53f2"], "outlinks": ["https://book.qidian.com/info/1010939538", "https://book.qidian.com/info/1005405689", "https://book.qidian.com/info/1005405689", "https://book.qidian.com/info/1005756625", "https://book.qidian.com/info/1005756625", "https://book.qidian.com/info/1009362680", "https://book.qidian.com/info/1009362680", "https://book.qidian.com/info/1009598351", "https://book.qidian.com/info/1009598351", "https://book.qidian.com/info/1005075675", "https://book.qidian.com/info/1005075675", "https://book.qidian.com/info/1007079683", "https://book.qidian.com/info/1007079683", "https://book.qidian.com/info/1011800596", "https://book.qidian.com/info/1010891668", "https://book.qidian.com/info/1011773910", "https://book.qidian.com/info/1011783347", "https://book.qidian.com/info/1011643843", "https://book.qidian.com/info/1011476924", "https://book.qidian.com/info/1011635441", "https://book.qidian.com/info/1009999928", "https://book.qidian.com/info/1006932473", "https://book.qidian.com/info/1005080011"]}