{"ratings": 0.0, "userreviews": [{"userName": "\u843d\u96e8\u4e5d\u6b87", "userReviewDate": "2018-04-22", "userURL": "https://my.qidian.com/user/222757198", "userReview": "\u9996\u53d1\u8d34\u5427\uff0c\u8ba8\u8bba\u7248\u5b57\u6570\u9650\u5236\u6bd4\u8f83\u5927\u4e5f\u4e0d\u80fd\u53d1\u56fe\u751a\u81f3\u65b9\u62ec\u53f7\u90fd\u4e0d\u80fd\u53d1\u5c31\u5f88\u5f71\u54cd\u9605\u8bfb\u4f53\u9a8c\u4e86\u3002\u63a8\u8350\u4f7f\u7528\u7535\u8111"}, {"userName": "\u7070\u767d\u591c\u7a7a", "userReviewDate": "2018-04-13", "userURL": "https://my.qidian.com/user/214784553", "userReview": "\u7070\u767d\u591c\u7a7a\u6253\u8d4f\u7eef\u708e 1000000\u8d77\u70b9\u5e01  \u9ebb\u70e6\u628a\u6211\u4ece\u7fa4\u91cc\u7684\u5c0f\u9ed1\u5c4b\u91cc\u653e\u51fa\u6765\u3002"}, {"userName": "\u4f20\u8bf4\u4e4b\u9a6c\u7532", "userReviewDate": "2018-03-16", "userURL": "https://my.qidian.com/user/10737116", "userReview": "\u5f53\u770b\u5230\u81ea\u5df1\u7684\u8eab\u5f71\u51fa\u73b0\u5728\u559c\u7231\u7684\u5c0f\u8bf4\u4e2d\uff0c\u662f\u5426\u4f1a\u6709\u4e00\u79cd\u559c\u60a6\u4e4b\u60c5\u5462\uff1f\u73b0\u5728\u5f00\u59cb\u52df\u96c6\u9f99\u5957\u89d2\u8272\uff0c\u6765\u5427\uff01\u5f00"}, {"userName": "\u843d\u96e8\u4e5d\u6b87", "userReviewDate": "2018-03-08", "userURL": "https://my.qidian.com/user/222757198", "userReview": "\u5495\u5495\u5495\u5495\u5495\u5495\uff1f\u5495\u5495\u5495\u5495\u5495\u5495~\u2014\u2014\u2014\u2014\u2014\u2014\u2014\u2014\u2014\u2014\u4e3a\u4e86\u8282\u7701\u81ea\u5df1\u7684\u5de5\u4f5c\u91cf\u4ee5\u53ca\u51cf\u5c11\u91cd\u590d\u4fe1\u606f\uff0c\u8be5\u8d34"}, {"userName": "\u66f9\u884c\u4e18", "userReviewDate": "31\u5206\u949f\u524d", "userURL": "https://my.qidian.com/user/225487691", "userReview": "\u4e5f\u5c31\u662f\u8bf4\u76ee\u524d\u6ca1\u6709\u9f99\u9b42\u7684\u52a0\u6301\uff0c\u6700\u591a\u53ef\u4ee5\u64cd\u63a7\u7684\u53d1\u6761\u5996\u7cbe\u7684\u6570\u91cf\u662f7\uff0c\u5e94\u8be5\u662f\u6709\u4e4b\u524d\u6240\u5b66\u4e60\u7684\u6784\u88c5\u9886\u4e3b"}, {"userName": "\u4e66\u53cb150207214023625", "userReviewDate": "39\u5206\u949f\u524d", "userURL": "https://my.qidian.com/user/199813527", "userReview": "\u4f1a\u4e0d\u4f1a\u517b\u592a\u76d1\u4e86?500\u7ae0\u5f00\u5bb0"}, {"userName": "\u4e00\u751f\u4e0e\u4f60\u76f8\u4f34", "userReviewDate": "2\u5c0f\u65f6\u524d", "userURL": "https://my.qidian.com/user/6024416", "userReview": "\u5929\u6c14\u4e0d\u9519\uff0c\u51c9\u723d"}, {"userName": "\u66f9\u884c\u4e18", "userReviewDate": "4\u5c0f\u65f6\u524d", "userURL": "https://my.qidian.com/user/225487691", "userReview": "\u54c7\uff0c\u4e03\u63a7\u662f\u771f\u7684\u5e05\u5230\u6211\u4e86\u3002"}, {"userName": "\u6b7b\u53bb\u7684\u76d6\u4e16\u592a\u4fdd", "userReviewDate": "6\u5c0f\u65f6\u524d", "userURL": "https://my.qidian.com/user/457785", "userReview": "\u6765\u6570\u6570\u540e\u5bab\u4eba\u9009\u5427\u3002\u4e0d\u7528\u8bf4\u7b2c\u4e00\u662f\u6d77\u9b54\u5973\uff0c\u7136\u540e\u662f\u5e0c\u5c14\uff0c\u7136\u540e\u662f\u7cbe\u7075\uff0c\u7b2c\u4e8c\u68af\u961f\u8fd8\u6709\u5929\u84dd\uff0c\u7b2c\u4e09\u68af\u961f\u5c31"}, {"userName": "\u557b\u4e9a\u7075\u9b42", "userReviewDate": "6\u5c0f\u65f6\u524d", "userURL": "https://my.qidian.com/user/214826634", "userReview": "\u597d\u770b\u4f46\u4e0d\u591f\u770b\uff0c\u6211\u6000\u5ff5\u4ee5\u524d\u7684\u65e5\u66f4\u5341\u4e07\u5f3a\u8005\u72d2(\u624b\u52a8\u6ed1\u7a3d)"}, {"userName": "\u8bf7\u53eb\u6211\u574f\u86cb6", "userReviewDate": "10\u5c0f\u65f6\u524d", "userURL": "https://my.qidian.com/user/212686953", "userReview": "????\u5199\u7684\u662f\u4ec0\u4e48\u9b3c\uff0c\u6211\u600e\u4e48\u770b\u4e0d\u61c2"}, {"userName": "\u51dd\u971c\u4e4b\u7bad", "userReviewDate": "11\u5c0f\u65f6\u524d", "userURL": "https://my.qidian.com/user/307291394", "userReview": "\u597d\u60f3\u770b\u66f4\u65b0\u554a\uff0c\u6211\u4e0d\u8be5\u8fd9\u4e48\u65e9\u5c31\u8ffd\u66f4\u7684\uff0c\u5e94\u8be5\u591a\u517b\u4e00\u6bb5\u65f6\u95f4[fn=24]"}, {"userName": "\u5f0c\u5c27", "userReviewDate": "11\u5c0f\u65f6\u524d", "userURL": "https://my.qidian.com/user/213864826", "userReview": "\u770b\u4e86\u4e94\u516d\u5341\u7ae0\uff0c\u4e0d\u77e5\u9053\u81ea\u5df1\u5728\u770b\u4ec0\u4e48\u3002\u5341\u591a\u5e74\u7684\u4e66\u866b\u4e86\uff0c\u5f53\u6211\u770b\u5230\u8fd9\u4e66\u540d\u7684\u65f6\u5019\u70b9\u4e86\u8fdb\u6765\uff0c\u5c3d\u529b\u4e86\uff0c\u5c31"}, {"userName": "\u8bfb\u4e66\u7684\u957f\u9888\u9e7f", "userReviewDate": "11\u5c0f\u65f6\u524d", "userURL": "https://my.qidian.com/user/219837118", "userReview": "\u52a0\u6cb9\uff01\u5148\u6536\u85cf"}], "description": "\u8086\u610f\u6325\u6d12\u6fc0\u60c5\u7684\u6e38\u620f\u4eba\u751f\uff0c\u6253\u7834\u73b0\u5b9e\u6846\u67b6\u7684\u65e0\u5c3d\u5e7b\u60f3\uff01", "title": "\u4f0a\u5854\u4e4b\u67f1", "url": "https://book.qidian.com/info/1011139133", "average": -1.0, "cover": "//qidian.qpic.cn/qdbimg/349573/1011139133/180", "reviews": -1, "authors": [{"url": "https://me.qidian.com/authorIndex.aspx?id=4362518", "name": "\u7eef\u708e"}], "type": ["\u6e38\u620f", "\u865a\u62df\u7f51\u6e38", "\u4e8c\u6b21\u5143"], "outlinks": ["https://book.qidian.com/info/1011139133", "https://book.qidian.com/info/1009812197", "https://book.qidian.com/info/1009812197", "https://book.qidian.com/info/1007091338", "https://book.qidian.com/info/1007091338", "https://book.qidian.com/info/1009382296", "https://book.qidian.com/info/1009382296", "https://book.qidian.com/info/1005373821", "https://book.qidian.com/info/1005373821", "https://book.qidian.com/info/1010319878", "https://book.qidian.com/info/1010319878", "https://book.qidian.com/info/1009942824", "https://book.qidian.com/info/1009942824", "https://book.qidian.com/info/43318", "https://book.qidian.com/info/43318", "https://book.qidian.com/info/1784765", "https://book.qidian.com/info/1784765", "https://book.qidian.com/info/1011944539", "https://book.qidian.com/info/1011967882", "https://book.qidian.com/info/1011856614", "https://book.qidian.com/info/1011979301", "https://book.qidian.com/info/1010667415", "https://book.qidian.com/info/1011736169", "https://book.qidian.com/info/1011797289", "https://book.qidian.com/info/1011808514", "https://book.qidian.com/info/1011901619", "https://book.qidian.com/info/1011962316"]}