{"ratings": 0.0, "userreviews": [{"userName": "\u5927\u5978\u548c\u5c1a", "userReviewDate": "11\u5c0f\u65f6\u524d", "userURL": "https://my.qidian.com/user/215452666", "userReview": "\u4f60\u8bf4\u6709\u9b54\u6212\u90a3\u4e2a\u5f13\u7bad\u624b\u6211\u624d\u770b\u7684\uff0c\u8be5\u53bb\u4e2d\u571f\u4e16\u754c\u4e86\u5427\uff0c\u987a\u4fbf\u518d\u770b\u770b\u6218\u6597\u6cd5\u5e08\u7684\u8001\u7956\u201c\u7518\u9053\u592b\u201d"}, {"userName": "\u4e66\u53cb20170317192357117", "userReviewDate": "11\u5c0f\u65f6\u524d", "userURL": "https://my.qidian.com/user/230873788", "userReview": "\u90e8\u843d\u73a9\u5bb6\u8868\u793a\u5bf9\u8054\u76df\u5267\u60c5\u4e0d\u5c51\u4e00\u987e\uff0c\u7b49\u8fc7\u4e86\u8fd9\u6bb5\u518d\u8bf4\u5427\u3002\u3002"}, {"userName": "SevenShang", "userReviewDate": "12\u5c0f\u65f6\u524d", "userURL": "https://my.qidian.com/user/8936476", "userReview": "\u53ef\u4ee5\u53bb\u6697\u9ed1\u554a\uff0c\u5f88\u591a\u4f53\u7cfb\uff0c\u72fc\u53d4\u8fc7\u53bb\u53ef\u4ee5\u8d70\u91ce\u86ee\u4eba\u7684\u8def\u5b50\uff0c\u4e3b\u89d2\u8fc7\u53bb\u4e5f\u53ef\u4ee5\u4fee\u6cd5\u5e08\u554a\uff0c\u6700\u4e3b\u8981\u7684\u662f\u628a\u795e"}, {"userName": "\u4e09\u5343\u7ffc\u5929\u4f7f", "userReviewDate": "13\u5c0f\u65f6\u524d", "userURL": "https://my.qidian.com/user/122806914", "userReview": "\u4f5c\u8005\u4f60\u662f\u4e0d\u662f\u592a\u770b\u5f97\u8d77\u6d1b\u57fa\u4e86\uff1f\u5982\u679c\u662f\u6f2b\u753b\u7248\u5c31\u7f62\u4e86\uff0c\u7535\u5f71\u7248\u5c31\u4e00\u641e\u7b11\u89d2\u8272\u597d\u5427\u3002\u9b54\u6cd5\u4e5f\u5c31\u51e0\u624b\u5e7b\u672f\uff0c"}, {"userName": "\u4e66\u53cb161031150439739", "userReviewDate": "14\u5c0f\u65f6\u524d", "userURL": "https://my.qidian.com/user/224998120", "userReview": "\u770b\u523034\u7ae0\u5f03\u4e86\uff0c\u603b\u8bf4\u5e95\u724c\uff0c\u5e95\u4e2a\u6bdb\u7ebf\u554a\uff0c\u6b7b\u4eba\u53c8\u4e0d\u4f1a\u8bf4\u8bdd\uff0c\u6d77\u4e0a\u6740\u5149\u5c31\u884c\u3002\u8ddf\u4eba\u6253\u534a\u5929\uff0c\u8fd8\u654c\u4eba\u5f3a\u5927"}, {"userName": "\u71d5\u96c0\u4e4b\u8eab", "userReviewDate": "14\u5c0f\u65f6\u524d", "userURL": "https://my.qidian.com/user/189269052", "userReview": "\u6211\u60f3\u95ee\u9b54\u517d\u5267\u60c5\u8fc7\u4e86\u5417"}, {"userName": "\u4ee3\u53f77\u591c", "userReviewDate": "\u6628\u65e507:28", "userURL": "https://my.qidian.com/user/217189398", "userReview": "\u7b7e\u5230\u4e94\u4e2a\u5b57"}, {"userName": "\u5c0f\u5f3a\u6ca1\u86c0\u7259", "userReviewDate": "\u6628\u65e505:43", "userURL": "https://my.qidian.com/user/100428", "userReview": "\u7b7e\u5230\u5192\u4e2a\u6ce1"}, {"userName": "259555", "userReviewDate": "\u6628\u65e501:41", "userURL": "https://my.qidian.com/user/188086268", "userReview": "\u6765\u5230\u827e\u6cfd\u62c9\u65af  \u4e0d\u53bb\u6293\u51e0\u4e2a\u5a1c\u8fe6\u505a\u8239\u5458\u4e48  \u9c7c\u4eba\u4e5f\u4e0d\u5dee  "}, {"userName": "chzjc", "userReviewDate": "2018-06-07", "userURL": "https://my.qidian.com/user/254748", "userReview": "\u600e\u4e48\u624d\u62bd\u4e86\u4e00\u6876\u8840\uff0c\u5c31\u9ed1\u9f99\u90a3\u4e48\u5927\u7684\u4f53\u683c\uff0c\u4f60\u4e0d\u62bd\u5b83\u4e00\u6e38\u6cf3\u6c60\u7684\u8840\uff0c\u4f60\u90fd\u662f\u77a7\u4e0d\u8d77\u4eba\u5bb6\u3002"}, {"userName": "\u4eca\u65e5\u542c\u541b\u6b4c\u4e00\u66f2", "userReviewDate": "2018-06-07", "userURL": "https://my.qidian.com/user/315395072", "userReview": "\u5982\u679c\u8bf4\u6539\u88c5\u6d77\u76d7\u8239\uff0c\u521d\u671f\u7684\u65f6\u5019\u6709\u4e00\u79cd\u53eb\u5bd2\u9e26\u53f7\u7684\u4e1c\u897f\u8001\u677f\u8981\u4e0d\u6765\u4e00\u8258"}, {"userName": "\u767d\u9cb8\u8def\u5200\u5ba2", "userReviewDate": "2018-06-07", "userURL": "https://my.qidian.com/user/217202488", "userReview": "\u706d\u9738\u6d88\u706d\u4e00\u534a\u5b87\u5b99\u7684\u76ee\u7684\u662f\u5e73\u8861\uff0c\u800c\u4ed6\u5fc3\u4e2d\u8fd8\u6709\u7231\uff08[fn=10]\uff09\uff0c\u5f53\u4ed6\u77e5\u9053\u4e3b\u89d2\u80fd\u7a7f\u8d8a\u5230\u522b\u7684\u5b87"}, {"userName": "\u7b80\u5982\u6e05\u98ce", "userReviewDate": "2018-06-07", "userURL": "https://my.qidian.com/user/306669098", "userReview": "\u5176\u5b9e\u8bf4\u5b9e\u8bdd\u7684\uff0c\u6211\u662f\u770b\u5230\u6234\u5b89\u5a1c\u5973\u795e\u624d\u8ffd\u4e86\u90a3\u4e48\u4e45\uff0c\u5982\u679c\u5973\u795e\u4e0d\u662f\u5973\u4e3b\u7684\u8bdd\uff0c\u90a3\u8fd8\u6709\u4ec0\u4e48\u610f\u4e49\uff1f"}, {"userName": "\u4ee3\u53f77\u591c", "userReviewDate": "2018-06-06", "userURL": "https://my.qidian.com/user/217189398", "userReview": "\u7b7e\u5230\u4e94\u4e2a\u5b57"}], "description": "\u9b54\u517d\u8df5\u8e0f\uff0c\u5de8\u9f99\u5486\u54ee\uff0c\u5deb\u5e08\u8bc5\u5492\uff0c\u9b54\u6cd5\u7480\u74a8\u4e4b\u5149\u7167\u8000\u77e5\u8bc6\u706f\u5854\uff01", "title": "\u4f0a\u68ee\u7684\u5947\u5e7b\u6f02\u6d41", "url": "https://book.qidian.com/info/1011283836", "average": -1.0, "cover": "//qidian.qpic.cn/qdbimg/349573/1011283836/180", "reviews": -1, "authors": [{"url": "https://me.qidian.com/authorIndex.aspx?id=126181", "name": "\u51a5\u57df\u5929\u4f7f"}], "type": ["\u5947\u5e7b", "\u53e6\u7c7b\u5e7b\u60f3"], "outlinks": ["https://book.qidian.com/info/1011283836", "https://book.qidian.com/info/1010717249", "https://book.qidian.com/info/1010717249", "https://book.qidian.com/info/1005818830", "https://book.qidian.com/info/1005818830", "https://book.qidian.com/info/1004995908", "https://book.qidian.com/info/1004995908", "https://book.qidian.com/info/1011025379", "https://book.qidian.com/info/1011025379", "https://book.qidian.com/info/1010144088", "https://book.qidian.com/info/1010144088", "https://book.qidian.com/info/1010693223", "https://book.qidian.com/info/1010693223", "https://book.qidian.com/info/155298", "https://book.qidian.com/info/155298", "https://book.qidian.com/info/1921658", "https://book.qidian.com/info/1921658", "https://book.qidian.com/info/2278191", "https://book.qidian.com/info/2278191", "https://book.qidian.com/info/3394940", "https://book.qidian.com/info/3394940", "https://book.qidian.com/info/1011194349", "https://book.qidian.com/info/1011966445", "https://book.qidian.com/info/1011923635", "https://book.qidian.com/info/1011996030", "https://book.qidian.com/info/1011894816", "https://book.qidian.com/info/1011954628", "https://book.qidian.com/info/1011324769", "https://book.qidian.com/info/1005209240", "https://book.qidian.com/info/1011806768", "https://book.qidian.com/info/1011417251"]}