{"ratings": 0.0, "userreviews": [{"userName": "\u51cc\u2606\u7fbd", "userReviewDate": "2018-05-10", "userURL": "https://my.qidian.com/user/212284957", "userReview": "\u51cc\u2606\u7fbd\u6253\u8d4f\u51c0\u65e0\u75d5 50000\u8d77\u70b9\u5e01  \u8fd9\u672c\u4e66\u5199\u7684\u592a\u597d\u4e86,\u7292\u52b3\u4e00\u4e0b\u5e0c\u671b\u540e\u7eed\u66f4\u7cbe\u5f69!"}, {"userName": "\u5c11\u5e74\u72fc\u5417", "userReviewDate": "2018-05-08", "userURL": "https://my.qidian.com/user/314508590", "userReview": "\u5c11\u5e74\u72fc\u5417\u6253\u8d4f\u51c0\u65e0\u75d5 50000\u8d77\u70b9\u5e01  \u4f0f\u5929\u6c0f"}, {"userName": "\u4e66\u53cb160801003904641", "userReviewDate": "2018-05-06", "userURL": "https://my.qidian.com/user/220539091", "userReview": "\u4e66\u53cb160801003904641\u6253\u8d4f\u51c0\u65e0\u75d5 50000\u8d77\u70b9\u5e01  \u51fb\u8282\u8d5e\u53f9\uff0c\u62cd\u6848\u800c\u8d77\uff0c\u975e\u6b64"}, {"userName": "\u620f\u8bf4\u524d\u8a00", "userReviewDate": "2018-04-29", "userURL": "https://my.qidian.com/user/315951913", "userReview": "\u620f\u8bf4\u524d\u8a00\u6253\u8d4f\u51c0\u65e0\u75d5 50000\u8d77\u70b9\u5e01  \u8fd9\u672c\u4e66\u5199\u7684\u592a\u597d\u4e86,\u7292\u52b3\u4e00\u4e0b\u5e0c\u671b\u540e\u7eed\u66f4\u7cbe\u5f69!"}, {"userName": "\u51cc\u5c0f\u8ed2", "userReviewDate": "3\u5206\u949f\u524d", "userURL": "https://my.qidian.com/user/219130881", "userReview": "\u7b7e\u5230\u6c34\u7ecf\u9a8c"}, {"userName": "\u71da\u4e36MengLong", "userReviewDate": "7\u5206\u949f\u524d", "userURL": "https://my.qidian.com/user/217145128", "userReview": "\u6c61\u75d5\uff0c\u5343\u4e07\u4e0d\u8981\u8ba4\u4e3a\u4f60\u73b0\u5728\u6210\u7ee9\u597d\uff0c\u5f00\u5fc3\u7684\u592a\u65e9\u4e86\uff01\u6211\u5077\u5077\u544a\u8bc9\u4f60\u4e00\u4e2a\u79d8\u5bc6\u201c\u5176\u5b9e\u8fd9\u4e9b\u90fd\u662f\u6211\u7684\u5c0f\u53f7\u201d"}, {"userName": "i\u4eca\u5fc3", "userReviewDate": "25\u5206\u949f\u524d", "userURL": "https://my.qidian.com/user/216080015", "userReview": "\u7b80\u4ecb\u6709\u95ee\u9898\u5417\uff1f\u5f00\u59cb\u662f\u4e24\u4e2a\u4eba\u600e\u4e48\u53eb\u4e00\u7edf"}, {"userName": "\u6d1e\u5ead\u6e56\u7684\u75de\u5b50", "userReviewDate": "44\u5206\u949f\u524d", "userURL": "https://my.qidian.com/user/218642011", "userReview": "\u660e\u4eba\u4e0d\u8bf4\u6697\u8bdd\uff0c\u6c61\u75d5\u8981\u662f\u7206\u53d1\u8fde\u66f4\u5341\u5f20\uff0c\u7acb\u9a6c\u5347\u76df\uff0c\u7acb\u5b57\u4e3a\u8bc1\u3002"}, {"userName": "\u4e66\u53cb180319094403843", "userReviewDate": "52\u5206\u949f\u524d", "userURL": "https://my.qidian.com/user/314489272", "userReview": "\u8d31\u4e00\u4e2a\u7b7e\u5230\u697c\uff0c\u6bcf\u65e5\u4e00\u7b7e\uff0c\u767e\u697c\u4e00\u5e01\uff0c\u4e07\u697c\u4e00\u7ed3\uff0c\u4ebf\u697c\u5c01\u9876\uff0c\u7acb\u5e16\u4e3a\u8bc1\uff0c\u4e66\u5728\u4eba\u5728\uff01"}, {"userName": "\u884c\u8d70\u9ed1\u591c\u7684\u8fc7\u5ba2", "userReviewDate": "2\u5c0f\u65f6\u524d", "userURL": "https://my.qidian.com/user/308021510", "userReview": "\u559c\u6b22\u8fd9\u79cd\u98ce\u683c"}, {"userName": "\u674e\u6c0f\u3001\u77f3\u5934", "userReviewDate": "3\u5c0f\u65f6\u524d", "userURL": "https://my.qidian.com/user/186777972", "userReview": "[fn=11]"}, {"userName": "\u661f\u6d77\u91d1\u6052", "userReviewDate": "3\u5c0f\u65f6\u524d", "userURL": "https://my.qidian.com/user/105838779", "userReview": "\u606d\u8d3a\u65e0\u75d5\u65b0\u4e66\u4f0f\u5929\u6c0f\uff01\u7279\u6253\u8d4f100000\u8d77\u70b9\u5e01\uff01\u5e7f\u5927\u4e66\u53cb\u670b\u53cb\u4eec\uff01\u652f\u6301\u65e0\u75d5\u5f00\u59cb\u8d77\u822a\uff01"}, {"userName": "\u661f\u54e51990", "userReviewDate": "5\u5c0f\u65f6\u524d", "userURL": "https://my.qidian.com/user/146027760", "userReview": "\u6709\u7406\u7531\u5c31\u67654\u7968"}, {"userName": "\u5929\u68a6\u7426\u54e5", "userReviewDate": "6\u5c0f\u65f6\u524d", "userURL": "https://my.qidian.com/user/216105952", "userReview": "\u6765\u6c34\u4e2a\u7ecf\u9a8c\u5427"}], "description": "\u5fc3\u6f6e\u6f8e\u6e43\uff0c\u65e0\u9650\u5e7b\u60f3\uff0c\u8fce\u98ce\u6325\u51fb\u5343\u5c42\u6d6a\uff0c\u5c11\u5e74\u4e0d\u8d25\u70ed\u8840\uff01", "title": "\u4f0f\u5929\u6c0f", "url": "https://book.qidian.com/info/1011058239", "average": -1.0, "cover": "//qidian.qpic.cn/qdbimg/349573/1011058239/180", "reviews": -1, "authors": [{"url": "https://me.qidian.com/authorIndex.aspx?id=4406509", "name": "\u51c0\u65e0\u75d5"}], "type": ["\u7384\u5e7b", "\u4e1c\u65b9\u7384\u5e7b"], "outlinks": ["https://book.qidian.com/info/1011058239", "https://book.qidian.com/info/1009635311", "https://book.qidian.com/info/1009635311", "https://book.qidian.com/info/1010209791", "https://book.qidian.com/info/1010209791", "https://book.qidian.com/info/1009285178", "https://book.qidian.com/info/1009285178", "https://book.qidian.com/info/1009703312", "https://book.qidian.com/info/1009703312", "https://book.qidian.com/info/1010474452", "https://book.qidian.com/info/1010474452", "https://book.qidian.com/info/1010000699", "https://book.qidian.com/info/1010000699", "https://book.qidian.com/info/3446747", "https://book.qidian.com/info/3446747", "https://book.qidian.com/info/1011988403", "https://book.qidian.com/info/1009595922", "https://book.qidian.com/info/1011844784", "https://book.qidian.com/info/1011892497", "https://book.qidian.com/info/1011095320", "https://book.qidian.com/info/1011996851", "https://book.qidian.com/info/1011856434", "https://book.qidian.com/info/1011879207", "https://book.qidian.com/info/1011833256", "https://book.qidian.com/info/1011967674"]}