{"ratings": 0.0, "userreviews": [{"userName": "\u968f\u610f\u4e4b\u540d", "userReviewDate": "4\u5c0f\u65f6\u524d", "userURL": "https://my.qidian.com/user/219706436", "userReview": "\u5728\u6b64\u5efa\u4e2a\u7b7e\u5230\u697c\uff0c\u6709\u5174\u8da3\u5c31\u6765\u7b7e\u4e0b\u5230\u5427\uff01"}, {"userName": "\u7434\u7687\u900d\u9065", "userReviewDate": "\u6628\u65e500:43", "userURL": "https://my.qidian.com/user/148148678", "userReview": "\u5415\u4e0d\u51e1\u51fa\u73b0\u5c31\u6709\u6bd2\u4e86  \u8c03\u620f\u5973\u4e3b  \u7537\u4e3b\u5fcd\u4e86  \u5c31\u95ee\u4f60\u4eec\u8fd8\u60f3\u4e0d\u60f3\u770b  \u8fd8\u4e0d\u53ea\u8c03\u620f\u4e00\u6b21  "}, {"userName": "\u6709\u5b9e\u65e0\u540d\u54e6\u660e", "userReviewDate": "2018-06-06", "userURL": "https://my.qidian.com/user/218520204", "userReview": "\u4e0d\u77e5\u9053\u4e3a\u5565\u770b\u4e0d\u8fdb\u53bb"}, {"userName": "\u6d41\u5929\u82e5\u68a6", "userReviewDate": "2018-06-05", "userURL": "https://my.qidian.com/user/314133742", "userReview": "\u96ea\u8304\u548c\u7eb8\u5305\u70df\u4e0d\u4e00\u6837\uff0c\u96ea\u8304\u548c\u7eb8\u5305\u70df\u4e0d\u4e00\u6837\uff0c\u96ea\u8304\u548c\u7eb8\u5305\u70df\u4e0d\u4e00\u6837\uff01\u771f\u7684\u4e0d\u4e00\u6837\uff01\u867d\u7136\u540c\u6837\u662f\u70df\uff0c\u4f46\u96ea"}, {"userName": "\u4e0d\u5468\u7ea2\u5c18", "userReviewDate": "2018-06-05", "userURL": "https://my.qidian.com/user/226289271", "userReview": "\u8bdd\u8bf4\u4f5c\u8005\uff0c\u4f60\u611f\u60c5\u5904\u7406\u7684\u597d\u5c34\u5c2c\uff0c\u4e00\u822c\u90fd\u662f\u76f4\u63a5\u8df3\u8fc7\u4e86\uff01"}, {"userName": "\u4f4e\u8c03\u5c31", "userReviewDate": "2018-06-04", "userURL": "https://my.qidian.com/user/217401472", "userReview": "\u5f03\u4e86o(\ufe36\ufe3f\ufe36)o\u5509\uff01\u6ca1\u5473\u9053\uff01\u7b49\u4f60\u65b0\u4e66o(\u256f\u25a1\u2570)o"}, {"userName": "\u5e93\u91cc\u5a03\u5927\u9ad8\u73a9", "userReviewDate": "2018-06-04", "userURL": "https://my.qidian.com/user/212890509", "userReview": "\u60c5\u8282\u63cf\u5199\u6709\u70b9\u5e73\u5eb8"}, {"userName": "\u6d41\u5929\u82e5\u68a6", "userReviewDate": "2018-06-03", "userURL": "https://my.qidian.com/user/314133742", "userReview": "\u300a\u9526\u745f\u300b\u91cc\u6709\u4e00\u6bb5\u8bd7\u53e5\uff1a\u201c\u84dd\u7530\u65e5\u6696\u7389\u751f\u70df\u201d\uff0c\u90a3\u91cc(\u84dd\u7530)\u597d\u50cf\u4e0d\u51fa\u540d\uff0c\u53ea\u5e0c\u671b\u4f5c\u8005\u5199\u73b0\u5b9e\u652f\u7ebf\u7684\u65f6"}, {"userName": "\u7ea2\u70e7\u7eff\u7bad\u4fa0", "userReviewDate": "2018-06-02", "userURL": "https://my.qidian.com/user/127995793", "userReview": "\u770b\u4e86\u524d\u51e0\u7ae0\u611f\u89c9\u6709\u70b9\u58a8\u8ff9"}, {"userName": "\u843d\u5c18LUCIFEI", "userReviewDate": "2018-06-02", "userURL": "https://my.qidian.com/user/311653550", "userReview": "\u6211\u4e0d\u77e5\u9053\u4f5c\u8005\u600e\u4e48\u60f3\u7684\uff0c\u597d\u597d\u7684NPC\u975e\u8981\u53bb\u5e2e\u52a9\u4e3b\u89d2\u7684\u6b7b\u654c\uff0c\u7f8e\u540d\u5176\u66f0\u662f\u4e3a\u4e86\u66f4\u597d\u7684\u953b\u70bc\uff0c\u5475\u5475\u3002\u8fd8"}, {"userName": "\u795e\u6218\u4e4b\u950b", "userReviewDate": "2018-06-01", "userURL": "https://my.qidian.com/user/130385176", "userReview": "\u6700\u70e6\u7528\u5b57\u6bcd\u4ee3\u66ff\u5b57\uff0cC\u5e02\uff0c\u4f60\u4e0d\u4f1a\u968f\u4fbf\u8d77\u4e2a\u540d\uff0c\u62dc\u62dc"}, {"userName": "\u65e5\u843d\u6708\u4e8f", "userReviewDate": "2018-06-01", "userURL": "https://my.qidian.com/user/195329779", "userReview": "\u7b7e\u5230\u6c34\u7ecf\u9a8c"}, {"userName": "\u5929\u597d\u767d", "userReviewDate": "2018-05-31", "userURL": "https://my.qidian.com/user/130101083", "userReview": "\u4e0d\u770b\u4e86\uff0c\u4e0d\u770b\u4e86\uff0c\u4e0d\u559c\u6b22\u4e3b\u89d2\u7684\u6027\u683c"}, {"userName": "\u5929\u597d\u767d", "userReviewDate": "2018-05-31", "userURL": "https://my.qidian.com/user/130101083", "userReview": "\u90fd\u770b\u5b8c\u4e86\u9690\u85cf\u5c5e\u6027\u5c45\u7136\u8fd8\u6ca1\u51fa\u6765"}], "description": "\u8086\u610f\u6325\u6d12\u6fc0\u60c5\u7684\u6e38\u620f\u4eba\u751f\uff0c\u6253\u7834\u73b0\u5b9e\u6846\u67b6\u7684\u65e0\u5c3d\u5e7b\u60f3\uff01", "title": "\u4f17\u795e\u964d\u4e34", "url": "https://book.qidian.com/info/1010695781", "average": -1.0, "cover": "//qidian.qpic.cn/qdbimg/349573/1010695781/180", "reviews": -1, "authors": [{"url": "https://me.qidian.com/authorIndex.aspx?id=7395786", "name": "\u5929\u7a7a\u6cea"}], "type": ["\u6e38\u620f", "\u865a\u62df\u7f51\u6e38"], "outlinks": ["https://book.qidian.com/info/1010695781", "https://book.qidian.com/info/1009894690", "https://book.qidian.com/info/1009894690", "https://book.qidian.com/info/1005005822", "https://book.qidian.com/info/1005005822", "https://book.qidian.com/info/1009795401", "https://book.qidian.com/info/1009795401", "https://book.qidian.com/info/1009886629", "https://book.qidian.com/info/1009886629", "https://book.qidian.com/info/1007093288", "https://book.qidian.com/info/1007093288", "https://book.qidian.com/info/1010900779", "https://book.qidian.com/info/1010900779", "https://book.qidian.com/info/1003581443", "https://book.qidian.com/info/1003581443", "https://book.qidian.com/info/1011944539", "https://book.qidian.com/info/1011967882", "https://book.qidian.com/info/1011856614", "https://book.qidian.com/info/1011979301", "https://book.qidian.com/info/1010667415", "https://book.qidian.com/info/1011736169", "https://book.qidian.com/info/1011797289", "https://book.qidian.com/info/1011808514", "https://book.qidian.com/info/1011901619", "https://book.qidian.com/info/1011962316"]}