{"ratings": 0.0, "userreviews": [{"userName": "\u4ece\u672a\u6765\u800c\u6765", "userReviewDate": "2018-06-05", "userURL": "https://my.qidian.com/user/303431146", "userReview": "\u867d\u7136\u4e0d\u77e5\u9053\u4f60\u80fd\u575a\u6301\u591a\u4e45\uff0c\u4f46\u662f\u53ea\u8981\u4f60\u8fd8\u5728\u5199\u6211\u5c31\u652f\u6301"}, {"userName": "\u4e0d\u62dc\u8427\u66f9", "userReviewDate": "2\u5c0f\u65f6\u524d", "userURL": "https://my.qidian.com/user/748440", "userReview": "\u4f5c\u8005\u83cc\u6015\u662f\u77f3\u4e50\u5fd7\u5427\uff0c\u6ca1\u63a8\u8350\u8fd8\u54c8\u54c8\u54c8\u2026\u2026\u4f60\u5e94\u8be5\u5624\u5624\u5624\u554a\uff0c4\u4e0d4\u50bb\uff01[fn=36]"}, {"userName": "\u5fae\u7b11\u4e36\u90aa\u6076\u5fae\u7b11", "userReviewDate": "3\u5c0f\u65f6\u524d", "userURL": "https://my.qidian.com/user/215427324", "userReview": "\u7b49\u603b\u88c1\u56de\u66fc\u8054\u4e86\u518d\u6765\u770b\u770b\u3002"}, {"userName": "\u661f\u671f\u5929\u4e0d\u5728\u5bb6", "userReviewDate": "4\u5c0f\u65f6\u524d", "userURL": "https://my.qidian.com/user/215618628", "userReview": "\u65af\u6258\u514b\u57ce\u8981\u662f\u7ee7\u7eed\u4fdd\u6301\u4ee5\u524d\u7684\u8e22\u6cd5\u4e5f\u8bb8\u5c31\u4e0d\u4f1a\u964d\u7ea7\u4e86   \u597d\u597d\u7684\u6559\u7ec3\u975e\u8981\u89e3\u96c7\u4e86"}, {"userName": "lzf-198409", "userReviewDate": "7\u5c0f\u65f6\u524d", "userURL": "https://my.qidian.com/user/1548626", "userReview": "\u6267\u7740\u4e8e\u66fc\u8054\uff1f\u4f5c\u8005\u541b\uff0c\u6267\u5ff5\u592a\u6df1\uff0c\u4f1a\u8d70\u706b\u5165\u9b54\u7684\uff01\u4f1f\u5927\u7684\u4ff1\u4e50\u90e8\u591a\u4e86\uff0c\u975e\u8981\u540a\u6b7b\u5728\u66fc\u8054\u8fd9\u4e00\u68f5\u6811\u4e0a\u662f\u600e"}, {"userName": "\u901b\u6765\u901b\u53bb", "userReviewDate": "7\u5c0f\u65f6\u524d", "userURL": "https://my.qidian.com/user/634117", "userReview": "\u7b2c\u4e00\u7ae0\u5c31\u6ca1\u770b\u660e\u767d\uff0c\u662f\u53cc\u80de\u80ce\u54e5\u54e5\uff1f"}, {"userName": "\u5415\u5929\u867e11599", "userReviewDate": "15\u5c0f\u65f6\u524d", "userURL": "https://my.qidian.com/user/314892279", "userReview": "\u7b7e\u5230\u697c\u65e0\u6545\u5931\u8e2a\uff0c\u751a\u4e3a\u8e4a\u8df7\u3002"}, {"userName": "\u6c34\u80fd\u716e\u7ca5q", "userReviewDate": "18\u5c0f\u65f6\u524d", "userURL": "https://my.qidian.com/user/196029834", "userReview": "\u8fd9\u4e2a\u7cfb\u7edf\u5c31\u4e3a\u4e86\u8ba9\u5927\u5bb6\u89c9\u5f97\u4e3b\u89d2\u6709\u5b9e\u529b\u662f\u6709\u7406\u7531\u7684\u5427\u3002\u5199\u7684\u592a\u5c11\u4e86 \u800c\u4e14\u7cfb\u7edf\u6570\u636e\u6709\u4e00\u4e2a\u975e\u5e38\u76f4\u89c2\u7684\u611f"}, {"userName": "\u989d\u7eed\u53d1", "userReviewDate": "24\u5c0f\u65f6\u524d", "userURL": "https://my.qidian.com/user/219373851", "userReview": "\u8d77\u70b9\u7ea2\u5305\u662f\u4e0d\u662f\u6709bug\uff0c\u521a\u53d1\u51fa\u53bb\u5c31\u6ca1\u4e86\uff1f\uff1f\uff1f"}, {"userName": "\uff32\u738b", "userReviewDate": "\u6628\u65e509:43", "userURL": "https://my.qidian.com/user/17593638", "userReview": "\u7136\u800c\uff0c\u5199\u5f97\u662f\u771f\u7684\u4e0d\u597d\u770b\uff0c\u7f51\u7edc\u5c0f\u8bf4\u4e3b\u89d2\u624d\u662f\u6838\u5fc3\uff0c\u7136\u800c\u4f60\u7684\u6bd4\u8d5b\u5199\u5f97\u50cf\u6559\u7ec3\u6587\u4e00\u6837\u3002\u3002\u3002"}, {"userName": "TuYin", "userReviewDate": "2018-06-07", "userURL": "https://my.qidian.com/user/229741522", "userReview": "\u4eca\u5929\u7684\u66f4\u65b0\u5462\uff1f"}, {"userName": "\u7bab\u7b19\u672a\u5c3d", "userReviewDate": "2018-06-07", "userURL": "https://my.qidian.com/user/313886086", "userReview": "\u770b\u4e86\u770b\u5f00\u5934\u89c9\u5f97\u8ddf\u6211\u60f3\u8c61\u7684\u5b8c\u5168\u4e0d\u4e00\u6837~\u633a\u597d\u770b\u7684\uff01(=\u2022\u0300\u53e3\u2022\u0301=)\u0648\u2727\u52a0\u6cb9\uff01"}, {"userName": "\u58a8\u5bb6\u5251\u4fee", "userReviewDate": "2018-06-07", "userURL": "https://my.qidian.com/user/155057844", "userReview": "\u611f\u89c9\u8bfb\u8005\u8001\u7237\u4eec\u597d\u96be\u4f8d\u5019\uff0c\u4f5c\u4e3a\u4f5c\u8005\u771f\u7684\u597d\u96be\u3002\u4e0d\u5165\u56fd\u5bb6\u961f\u5f03\u4e66\uff0c\u52a0\u5165\u56fd\u5bb6\u961f\u5f03\u4e66\u3002\u4f5c\u8005\u6101\u767d\u5934\u4e86\u6ca1\uff1f"}, {"userName": "\u4e0d\u62dc\u8427\u66f9", "userReviewDate": "2018-06-06", "userURL": "https://my.qidian.com/user/748440", "userReview": "\u7406\u89e3\u4f60\u4e2a\u76ae\u76ae\u867e\uff01\u4f60\u8fd9\u6837\u65ad\u66f4\u4f1a\u5931\u53bb\u5b9d\u5b9d\u4eec\u7684\u77e5\u9053\u5417\uff1f"}], "description": "\u4f53\u575b\u591a\u82f1\u96c4\uff0c\u8d5b\u573a\u6211\u4e3a\u738b\uff0c\u70ed\u8840\u6f8e\u6e43\u7684\u7ade\u6280\u4f53\u80b2\uff01", "title": "\u4f18\u96c5\u6740\u624b", "url": "https://book.qidian.com/info/1011516895", "average": -1.0, "cover": "//qidian.qpic.cn/qdbimg/349573/1011516895/180", "reviews": -1, "authors": [{"url": "https://me.qidian.com/authorIndex.aspx?id=10870416", "name": "\u82b1\u843d\u537f\u83ab\u79bb"}], "type": ["\u4f53\u80b2", "\u8db3\u7403\u8fd0\u52a8"], "outlinks": ["https://book.qidian.com/info/1011516895", "https://book.qidian.com/info/1011629458", "https://book.qidian.com/info/1011629458", "https://book.qidian.com/info/1005405873", "https://book.qidian.com/info/1005405873", "https://book.qidian.com/info/1004146064", "https://book.qidian.com/info/1004146064", "https://book.qidian.com/info/3690466", "https://book.qidian.com/info/3690466", "https://book.qidian.com/info/1010817979", "https://book.qidian.com/info/1010817979", "https://book.qidian.com/info/1010816089", "https://book.qidian.com/info/1010816089", "https://book.qidian.com/info/1011026048", "https://book.qidian.com/info/1011932684", "https://book.qidian.com/info/3675910", "https://book.qidian.com/info/1011342003", "https://book.qidian.com/info/1011687020", "https://book.qidian.com/info/1011446896", "https://book.qidian.com/info/1011767969", "https://book.qidian.com/info/1011676779", "https://book.qidian.com/info/1005095075", "https://book.qidian.com/info/1011814696"]}