{"ratings": 0.0, "userreviews": [{"userName": "desert_dust", "userReviewDate": "\u6628\u65e500:50", "userURL": "https://my.qidian.com/user/218699582", "userReview": "\u7136\u540e\u7b2c\u4e8c\u8d34\u3002\u4e3b\u89d2\u7684\u6027\u683c\u6ca1\u4ec0\u4e48\u597d\u8bf4\u7684\uff0c\u9876\u591a\u662f\u6211\u4e2a\u4eba\u4e0d\u592a\u559c\u6b22\uff0c\u4ee3\u8868\u4e0d\u4e86\u522b\u4eba\u3002\u4f46\u662f\u4e3b\u89d2\u7684\u524d\u540e\u53cd\u5dee"}, {"userName": "Hudson", "userReviewDate": "\u6628\u65e500:02", "userURL": "https://my.qidian.com/user/49445", "userReview": "\u52a0\u6cb9\u52a0\u6cb9\u52a0\u6cb9\uff0c\u5feb\u70b9\u66f4\u65b0"}, {"userName": "\u6697\u591c\u96e8\u7235", "userReviewDate": "2018-06-07", "userURL": "https://my.qidian.com/user/3720971", "userReview": "\u7b7e\u52304\u4e2a\u5b57"}, {"userName": "\u65b0\u6d0b", "userReviewDate": "2018-06-07", "userURL": "https://my.qidian.com/user/102243", "userReview": "\u4ece\u52a0\u83f2\u732b\u7684\u65e0\u9650\u4e4b\u65c5\u6765\u7684\uff0c\u611f\u89c9\u548c\u4e4b\u524d\u7684\u98ce\u683c\u6709\u70b9\u53d8\u5316\uff0c\u732b\u7684\u7279\u5f81\u53d8\u5c11\u4e86"}, {"userName": "\u6df1\u6df1\u5730\u6b7b\u795e", "userReviewDate": "2018-06-07", "userURL": "https://my.qidian.com/user/210572068", "userReview": "\u6240\u4ee5\u6211\u4e00\u70b9\u90fd\u4e0d\u559c\u6b22\u8b66\u5bdf\u7684\u8001\u7238\uff0c\u5728\u4ed6\u5fc3\u4e2d\u6c38\u8fdc\u90fd\u662f\u5c40\u91cc\u7684\u4e8b\u91cd\u8981\uff0c\u6211\u91cd\u51fa\u751f\u4ee5\u6765\u89c1\u8fc7\u4ed6\u7684\u6b21\u6570\u4e00\u53cc\u624b"}, {"userName": "\u5415\u5929\u867e13752", "userReviewDate": "2018-06-06", "userURL": "https://my.qidian.com/user/316925935", "userReview": "\u7b7e\u5230\u52a0\u6cb9\u575a\u6301\u4e0d\u61c8\u52aa\u529b"}, {"userName": "\u5356\u840c\u661f\u4eba", "userReviewDate": "2018-06-06", "userURL": "https://my.qidian.com/user/200874719", "userReview": "\u660e\u660e\u90fd\u662f\u4e0a\u4e86\u63a8\u8350\u4e86\uff0c\u8fd9\u66f4\u65b0\u7b80\u76f4\u6ca1\u8c01\u2026\u2026"}, {"userName": "\u6cd5\u7687\u52a01", "userReviewDate": "2018-06-05", "userURL": "https://my.qidian.com/user/305412926", "userReview": "\u52a0\u83f2\uff01\u52a0\u83f2\uff01"}, {"userName": "\u4e0d\u7231\u5403\u571f\u3086\u8c46", "userReviewDate": "2018-06-04", "userURL": "https://my.qidian.com/user/110233172", "userReview": "\u8bf4\u597d\u7684\u5927\u6a58\u4e3a\u91cd\u5462\uff01\uff01\uff01"}, {"userName": "\u9a8a\u9a6c", "userReviewDate": "2018-05-30", "userURL": "https://my.qidian.com/user/7463954", "userReview": "\u55b5\u55b5\u55b5 \u66f2\u4f53\u7533\u61d2\u8170 \u767d\u7684\u50cf\u4ed9\u5973 \u6a58\u7684\u4e00\u8eab\u779f"}, {"userName": "\u53f6\u9ed1\u53f6\u5929\u5e1d", "userReviewDate": "2018-05-29", "userURL": "https://my.qidian.com/user/301547914", "userReview": "\u8bf4\u597d\u7684\u53bb\u52a0\u83f2\u732b\u4e16\u754c\u5462\uff1f"}, {"userName": "\u5dc3\u6e5f\u7ffc", "userReviewDate": "2018-05-28", "userURL": "https://my.qidian.com/user/199758856", "userReview": "\u529f\u592b\u718a\u732b\u4f60\u662f\u6ca1\u770b\u7b2c\u4e09\u90e8\u5427\uff0c\u4e3a\u5565\u4f1a\u9009\u963f\u5b9d\u7b2c\u4e09\u90e8\u6709\u89e3\u91ca"}, {"userName": "\u8c22\u5f20\u5f20\u8c221", "userReviewDate": "2018-05-25", "userURL": "https://my.qidian.com/user/230760770", "userReview": "\u6709\u5c01\u9762\u4e86\u554a"}, {"userName": "\u5929\u8292\u661f\u8fb00", "userReviewDate": "2018-05-20", "userURL": "https://my.qidian.com/user/201511384", "userReview": "\u52a0\u6cb9\u2196(^\u03c9^)\u2197"}], "description": "\u661f\u6d77\u6f2b\u6e38\uff0c\u65f6\u7a7a\u7a7f\u68ad\uff0c\u673a\u68b0\u79d1\u6280\uff0c\u76ee\u6807\u662f\u672a\u77e5\u7684\u661f\u8fb0\u5927\u6d77\uff01", "title": "\u4f1a\u7a7f\u8d8a\u7684\u6a58\u732b", "url": "https://book.qidian.com/info/1011985952", "average": -1.0, "cover": "//qidian.qpic.cn/qdbimg/349573/1011985952/180", "reviews": -1, "authors": [{"url": "https://me.qidian.com/authorIndex.aspx?id=402363313", "name": "\u8d31\u8d31\u7684\u80a5\u732b"}], "type": ["\u79d1\u5e7b", "\u65f6\u7a7a\u7a7f\u68ad"], "outlinks": ["https://book.qidian.com/info/1011985952", "https://book.qidian.com/info/1010691511", "https://book.qidian.com/info/1010691511", "https://book.qidian.com/info/1010800039", "https://book.qidian.com/info/1010800039", "https://book.qidian.com/info/1010606730", "https://book.qidian.com/info/1010606730", "https://book.qidian.com/info/1009810357", "https://book.qidian.com/info/1009810357", "https://book.qidian.com/info/1011281418", "https://book.qidian.com/info/1011281418", "https://book.qidian.com/info/1009969633", "https://book.qidian.com/info/1009969633", "https://book.qidian.com/info/1011814764", "https://book.qidian.com/info/1011636462", "https://book.qidian.com/info/1012011143", "https://book.qidian.com/info/1011989615", "https://book.qidian.com/info/1011979302", "https://book.qidian.com/info/1011962232", "https://book.qidian.com/info/1012020634", "https://book.qidian.com/info/1011923738", "https://book.qidian.com/info/1012020834", "https://book.qidian.com/info/1011973977"]}