{"ratings": 0.0, "userreviews": [{"userName": "\u8d77\u70b9\u4e2d\u6587\u7f51", "userReviewDate": "2016-09-14", "userURL": "https://my.qidian.com/user/33597", "userReview": "\u8f9b\u82e6\u603b\u4f1a\u6709\u56de\u62a5\u7684\uff0c\u53ea\u8981\u6843\u674e\u6210\u836b\u7528\u5fc3\u5199\u4e66\uff0c\u5c31\u4f1a\u6709\u8d8a\u6765\u8d8a\u591a\u7684\u8bfb\u8005\u5173\u6ce8\u4f60\u7684\u4f5c\u54c1\uff01\u81ea\u672c\u606d\u8d3a\u4e3b\u9898\u53d1\u5e03"}, {"userName": "\u8d77\u70b9\u4e2d\u6587\u7f51", "userReviewDate": "2016-08-26", "userURL": "https://my.qidian.com/user/33597", "userReview": "\u8d8a\u6765\u8d8a\u591a\u7684\u670b\u53cb\u5173\u6ce8\u81ea\u5df1\u7684\u4f5c\u54c1\uff0c\u6843\u674e\u6210\u836b\u662f\u4e0d\u662f\u5f88\u5f00\u5fc3\u5462\uff1f\u606d\u559c\u4f60\u52a0\u5165\u4e09\u767e\u6536\u85cf\u4ff1\u4e50\u90e8\uff01 \u81ea\u672c\u606d\u8d3a"}, {"userName": "\u5415\u5929\u867e12847", "userReviewDate": "23\u5c0f\u65f6\u524d", "userURL": "https://my.qidian.com/user/315461587", "userReview": "\u7b7e\u52305\u989d\u54c8\u54c8\u7231"}, {"userName": "\u9f99\u6606\u4ed1", "userReviewDate": "2018-05-29", "userURL": "https://my.qidian.com/user/117078678", "userReview": "\u5efa\u8bae\u4e3b\u89d2\u53bb\u3010\u7535\u89c6\u5267:\u65b0\u767d\u5a18\u5b50\u4f20\u5947\u3011\u7684\u4e16\u754c\u628a\u767d\u7d20\u8d1e\u548c\u5c0f\u9752\u7ed9\u4e0a\u4e86\u5e76\u5a36\u5165\u623f\u4e2d\u3002\u3010\u5929\u5730\u6210\u4e8e\u5143\u6c14\uff0c\u4e07"}, {"userName": "\u7528\u98d8\u67d4\u5723\u50e7", "userReviewDate": "2018-05-26", "userURL": "https://my.qidian.com/user/215960450", "userReview": "\u9f99\u6606\u4ed1\u4f60\u771f\u725bB\uff0c\u4f60\u8be5\u53bb\u70b9\u5a18\u505a\u7f16\u8f91\u7684\uff01\uff01\uff01"}, {"userName": "\u9f99\u6606\u4ed1", "userReviewDate": "2018-05-23", "userURL": "https://my.qidian.com/user/117078678", "userReview": "\u6240\u4ee5\u5f3a\u70c8\u5efa\u8bae\u4f5c\u8005\u8ba9\u4e3b\u89d2\u53bb\u3010\u5929\u5b50\u4f20\u5947\u516d\u4e4b\u6d2a\u6b66\u5927\u5e1d\u3011\u7684\u4e16\u754c\u5e76\u5728\u5929\u5b50\u4f20\u5947\u516d\u4e16\u754c\u81ea\u5df1\u505a\u5929\u5b50\u63a8\u7ffb\u5143\u671d"}, {"userName": "\u9f99\u6606\u4ed1", "userReviewDate": "2018-05-23", "userURL": "https://my.qidian.com/user/117078678", "userReview": "\u5929\u5b50\u4f20\u59476\u4e4b\u6d2a\u6b66\u5927\u5e1d\u4e16\u754c\u6709\u5bf9\u4e3b\u89d2\u5f88\u6709\u7528\u7684\u5929\u7fd4\u4e94\u7075\uff08\u4e07\u8c61\u73cd\u85cf\u3001\u6b66\u795e\u6218\u5668\u3001\u592a\u6781\u7384\u68fa\u3001\u805a\u5b9d\u76c6\u3001\u81f3"}, {"userName": "\u9f99\u6606\u4ed1", "userReviewDate": "2018-05-23", "userURL": "https://my.qidian.com/user/117078678", "userReview": "\u5efa\u8bae\u4f5c\u8005\u770b\u770b\u501f\u9274\u300a\u591a\u5143\u4e16\u754c\u6b66\u9053\u5217\u4f20\u300b\u4e2d\u5173\u4e8e\u5185\u529b\u771f\u6c14\u548c\u67e5\u514b\u62c9\u3001\u5fcd\u672f\u7684\u89c1\u89e3\u3002\u4ed6\u89e3\u91ca\u7684\u5f88\u597d\uff0c\u6211\u4e5f"}, {"userName": "\u6700\u559c\u6b22\u5410\u69fd", "userReviewDate": "2018-05-22", "userURL": "https://my.qidian.com/user/209462109", "userReview": "\u4f5c\u8005\u6587\u7b14\u4e0d\u9519\uff0c\u53ef\u60dc\u91d1\u624b\u6307\u7cfb\u7edf\u5199\u7684\u4e0d\u884c\u3002"}, {"userName": "QWERDF\u81ea\u4fe1\u56de\u5934", "userReviewDate": "2018-05-21", "userURL": "https://my.qidian.com/user/162508163", "userReview": "\u5929\u5730\u65e0\u6781\uff01\u4e7e\u5764\u501f\u6cd5\uff01\u533a\u533a\u4e00\u4e2a\u624d\u5c38\u5316\u534a\u5e74\u7684\u4f5c\u8005\u7adf\u7136\u6562\u8bc8\u5c38\uff1f\uff01\uff01\u6025\u6025\u5982\u610f\u4ee4\uff0c\u5996\u9b54\u9b3c\u602a\u7edf\u7edf\u9000\u6563\uff01"}, {"userName": "\u5e05\u5230\u88ab\u6697\u6740", "userReviewDate": "2018-05-15", "userURL": "https://my.qidian.com/user/1156120", "userReview": "\u70b8\u5c38\u4e86\u2026\u2026"}, {"userName": "\u4e66\u53cb140627171537510", "userReviewDate": "2018-05-07", "userURL": "https://my.qidian.com/user/188809967", "userReview": "\u597d\u70e6\u9f50\u660a\u8fd9\u4e2a\u4e0d\u8981\u8138\u7684\u5bb6\u4f19\uff0c\u660e\u660e\u5e74\u7eaa\u4e00\u767e\u591a\u4e86\uff0c\u5b8c\u5168\u53ef\u4ee5\u505a\u7530\u7075\u513f\u7237\u7237\u4e86\u90fd\uff0c\u8fd8\u8981\u9690\u7792\u5e74\u7eaa\u53bb\u6ce1\u7530\u7075"}, {"userName": "\u6708\u4e0b\u5b50\u537f", "userReviewDate": "2018-05-03", "userURL": "https://my.qidian.com/user/212328871", "userReview": "\u91d1\u676f\u4e0d\u662f\u5728\u53e4\u7075\u9601\u5b9d\u5e93\u5417\uff1f"}, {"userName": "kexing", "userReviewDate": "2016-12-11", "userURL": "https://my.qidian.com/user/1277469", "userReview": "\u4e0a\u67b6\u4e86\uff0c\u4f5c\u8005\u7ee7\u7eed\u52aa\u529b\uff0c\u8d8a\u5199\u8d8a\u597d[fn=4]"}], "description": "\u661f\u6d77\u6f2b\u6e38\uff0c\u65f6\u7a7a\u7a7f\u68ad\uff0c\u673a\u68b0\u79d1\u6280\uff0c\u76ee\u6807\u662f\u672a\u77e5\u7684\u661f\u8fb0\u5927\u6d77\uff01", "title": "\u4f1a\u7a7f\u8d8a\u7684\u660e\u661f", "url": "https://book.qidian.com/info/1003728727", "average": -1.0, "cover": "//qidian.qpic.cn/qdbimg/349573/1003728727/180", "reviews": -1, "authors": [{"url": "https://me.qidian.com/authorIndex.aspx?id=2962521", "name": "\u6843\u674e\u6210\u836b"}], "type": ["\u79d1\u5e7b", "\u65f6\u7a7a\u7a7f\u68ad"], "outlinks": ["https://book.qidian.com/info/1003728727", "https://book.qidian.com/info/1010043855", "https://book.qidian.com/info/1010043855", "https://book.qidian.com/info/1010703179", "https://book.qidian.com/info/1010703179", "https://book.qidian.com/info/1010804210", "https://book.qidian.com/info/1010804210", "https://book.qidian.com/info/1010859271", "https://book.qidian.com/info/1010859271", "https://book.qidian.com/info/1009313529", "https://book.qidian.com/info/1009313529", "https://book.qidian.com/info/1010234032", "https://book.qidian.com/info/1010234032", "https://book.qidian.com/info/1003672313", "https://book.qidian.com/info/1003672313", "https://book.qidian.com/info/1011814764", "https://book.qidian.com/info/1011636462", "https://book.qidian.com/info/1012011143", "https://book.qidian.com/info/1011989615", "https://book.qidian.com/info/1011979302", "https://book.qidian.com/info/1011962232", "https://book.qidian.com/info/1012020634", "https://book.qidian.com/info/1011923738", "https://book.qidian.com/info/1012020834", "https://book.qidian.com/info/1011973977"]}