{"ratings": 0.0, "userreviews": [{"userName": "\u5f7c\u65b9\u7684\u5cb8", "userReviewDate": "2018-01-15", "userURL": "https://my.qidian.com/user/195814578", "userReview": "\u95ee\u4e00\u4e0b\u4f5c\u8005\uff0c\u8fd9\u662f\u54ea\u79cd\u5723\u6bcd\u578b\u4e3b\u89d2\u5417?\u5c31\u662f\u5565\u4e8b\u90fd\u559c\u6b22\u5e2e\uff0c\u5565\u4e8b\u90fd\u559c\u6b22\u7ba1\u7684\u54ea\u79cd\uff01"}, {"userName": "\u86cb\u7cd5\u4e94\u5206\u719f", "userReviewDate": "2017-12-21", "userURL": "https://my.qidian.com/user/215101567", "userReview": "\u7cae\u8349\uff0c\u88ab\u7eff\u6d32\u4e2d\u7684\u9886\u4e3b\u4f5c\u8005\u63a8\u8350\u8fc7\u6765\u770b\u770b\uff0c\u53ef\u4ee5\u517b\u80a5\u3002\uff3e\uff10\uff3e~\u54e6"}, {"userName": "S\u5929S\u884cS", "userReviewDate": "2018-04-29", "userURL": "https://my.qidian.com/user/304488414", "userReview": "\u4f5c\u8005\u4f60\u8fd8\u5728\u4eba\u4e16\u5417\uff1f"}, {"userName": "\u6635\u79f0\u5df2\u5b58\u5728120", "userReviewDate": "2018-04-12", "userURL": "https://my.qidian.com/user/169009459", "userReview": "\u672c\u6765\u60f3\u6512\u5230100\u7ae0\u5f00\u5bb0\u7684\uff01\u73b0\u5728\u4f60\u8ba9\u6211\u770b\u8fd8\u662f\u4e0d\u770b\u554a\uff01"}, {"userName": "\u4f5c\u8005\u83cc\u5c0f\u53f7", "userReviewDate": "2018-04-10", "userURL": "https://my.qidian.com/user/168919707", "userReview": "\u4f5c\u8005\u600e\u4e48\u5566\uff1f\u7528\u4e0d\u7528\u52df\u6350\u554a\uff1f\u4e0d\u5b66\u5927\u5e42\u5e42\uff0c\u6211\u51fa\u4e00\u4e2a\u7075\u80fd\u70b9"}, {"userName": "\u5f20\u4e09\u5927\u7237", "userReviewDate": "2018-04-10", "userURL": "https://my.qidian.com/user/201617048", "userReview": "\u8001\u54e5\uff0c\u6709\u4e00\u70b9\uff0c\u672f\u58eb\u5728dnd\u91cc\u5403\u8840\u8109\uff0c\u5fc3\u7075\u672f\u58eb\u8840\u8109\u4e00\u822c\u90aa\u6076\u751f\u7269\uff0c\u4e5f\u5c31\u662f\u51fa\u751f\u9635\u8425\u5c31\u90aa\u6076\uff0c\u800c\u4e14\u672f"}, {"userName": "\u697c\u4e0a\u4f60\u7684\u8282\u64cd\u6389\u4e86", "userReviewDate": "2018-04-09", "userURL": "https://my.qidian.com/user/222101925", "userReview": "\u771f\u5fc3\u4e0d\u9519\u7684\u5c0f\u8bf4\u2026\u2026"}, {"userName": "\u53f2\u5bc6\u65af\u7ea6\u7ff0", "userReviewDate": "2018-04-03", "userURL": "https://my.qidian.com/user/193770070", "userReview": "\u8fd8\u6ca1\u597d\u5417\uff1f"}, {"userName": "\u82b1\u857e\u4e4b\u95f4", "userReviewDate": "2018-03-30", "userURL": "https://my.qidian.com/user/4730768", "userReview": "\u770b\u4e86\u4e0b\u9635\u8425\u662f\u5b88\u5e8f\u5584\u826f\u3002\u3002\u3002\u77ac\u95f4\u65e0\u7231\u3002\u3002\u3002\u6df7\u4e71\u4e2d\u7acb\u8def\u8fc7"}, {"userName": "\u827e\u4f0a\u5c14512", "userReviewDate": "2018-03-27", "userURL": "https://my.qidian.com/user/222881406", "userReview": "\u4e3a\u4ec0\u4e48\u4e0d\u9009\u9f99\u8109\u672f\u58eb\u5440\uff1f\u641e\u673a\u5173\u4eba\u8840\u8109\uff1f\u673a\u5173\u4eba\u6709\u8840\u8109\u4e48\uff1f\u80fd\u5f3a\u5927\u4e48\uff1f\u9760\u4e3b\u89d2\u5149\u73af\uff1f"}, {"userName": "\u5927\u4fdd\u5065\u4e4b\u738b", "userReviewDate": "2018-02-22", "userURL": "https://my.qidian.com/user/202173307", "userReview": "\u50ac\u66f4\u4e00\u4e0b\u4e0b"}, {"userName": "\u6d1b\u6d1b\u6d1b\u6d1b\u6d1b\u6d1b\u6d1b\u6d1b", "userReviewDate": "2018-02-21", "userURL": "https://my.qidian.com/user/216161257", "userReview": "\u4f5c\u8005\u5230\u73b0\u5728\u4e00\u70b9\u6d88\u606f\u90fd\u6ca1\u6709\uff0c\u771f\u7684\u5f88\u5bb3\u6015\uff0c\u4e3a\u4f60\u7948\u7977"}, {"userName": "aide1117", "userReviewDate": "2018-02-11", "userURL": "https://my.qidian.com/user/267235", "userReview": "\u4f5c\u8005\u8eab\u4f53\u597d\u4e86\u6ca1\uff0c\u671f\u5f85\u4f60\u56de\u6765\u5199"}, {"userName": "\u4e00\u65e5\u4e00\u6b21\u4e00\u6b21\u4e00\u65e5", "userReviewDate": "2018-01-30", "userURL": "https://my.qidian.com/user/225753626", "userReview": "\u4e9a\u7537\uff1f\uff1f\uff1f\u6211\u8001\u8868\u540d\u5b57\uff01"}], "description": "\u8086\u610f\u6325\u6d12\u6fc0\u60c5\u7684\u6e38\u620f\u4eba\u751f\uff0c\u6253\u7834\u73b0\u5b9e\u6846\u67b6\u7684\u65e0\u5c3d\u5e7b\u60f3\uff01", "title": "\u4f20\u5947\u5fc3\u7075\u672f\u58eb", "url": "https://book.qidian.com/info/1010919131", "average": -1.0, "cover": "//qidian.qpic.cn/qdbimg/349573/1010919131/180", "reviews": -1, "authors": [{"url": "https://me.qidian.com/authorIndex.aspx?id=401390259", "name": "\u7d2b\u589f"}], "type": ["\u6e38\u620f", "\u6e38\u620f\u5f02\u754c"], "outlinks": ["https://book.qidian.com/info/1010919131", "https://book.qidian.com/info/1010429057", "https://book.qidian.com/info/1010429057", "https://book.qidian.com/info/1006286506", "https://book.qidian.com/info/1006286506", "https://book.qidian.com/info/1009268571", "https://book.qidian.com/info/1009268571", "https://book.qidian.com/info/1006549210", "https://book.qidian.com/info/1006549210", "https://book.qidian.com/info/1010319878", "https://book.qidian.com/info/1010319878", "https://book.qidian.com/info/1010799024", "https://book.qidian.com/info/1010799024", "https://book.qidian.com/info/1011944539", "https://book.qidian.com/info/1011967882", "https://book.qidian.com/info/1011856614", "https://book.qidian.com/info/1011979301", "https://book.qidian.com/info/1010667415", "https://book.qidian.com/info/1011736169", "https://book.qidian.com/info/1011797289", "https://book.qidian.com/info/1011808514", "https://book.qidian.com/info/1011901619", "https://book.qidian.com/info/1011962316"]}