{"ratings": 0.0, "userreviews": [], "description": "\u9b54\u517d\u8df5\u8e0f\uff0c\u5de8\u9f99\u5486\u54ee\uff0c\u5deb\u5e08\u8bc5\u5492\uff0c\u9b54\u6cd5\u7480\u74a8\u4e4b\u5149\u7167\u8000\u77e5\u8bc6\u706f\u5854\uff01", "title": "\u4f20\u5947\u5927\u9053\u5c0a", "url": "https://book.qidian.com/info/1011169020", "average": -1.0, "cover": "//qidian.qpic.cn/qdbimg/349573/1011169020/180", "reviews": -1, "authors": [{"url": "https://me.qidian.com/authorIndex.aspx?id=10798982", "name": "\u5e05\u6c14\u5929\u9f99"}], "type": ["\u5947\u5e7b", "\u53e6\u7c7b\u5e7b\u60f3"], "outlinks": ["https://book.qidian.com/info/1011169020", "https://book.qidian.com/info/1007097684", "https://book.qidian.com/info/1007097684", "https://book.qidian.com/info/1003692682", "https://book.qidian.com/info/1003692682", "https://book.qidian.com/info/1010348051", "https://book.qidian.com/info/1010348051", "https://book.qidian.com/info/1004073922", "https://book.qidian.com/info/1004073922", "https://book.qidian.com/info/1009329519", "https://book.qidian.com/info/1009329519", "https://book.qidian.com/info/1010466025", "https://book.qidian.com/info/1010466025", "https://book.qidian.com/info/1005755548", "https://book.qidian.com/info/1005755548", "https://book.qidian.com/info/1011129619", "https://book.qidian.com/info/1011129619", "https://book.qidian.com/info/1011502104", "https://book.qidian.com/info/1011502104", "https://book.qidian.com/info/1011583218", "https://book.qidian.com/info/1011583218", "https://book.qidian.com/info/1011194349", "https://book.qidian.com/info/1011966445", "https://book.qidian.com/info/1011923635", "https://book.qidian.com/info/1011996030", "https://book.qidian.com/info/1011894816", "https://book.qidian.com/info/1011954628", "https://book.qidian.com/info/1011324769", "https://book.qidian.com/info/1005209240", "https://book.qidian.com/info/1011806768", "https://book.qidian.com/info/1011417251"]}