{"ratings": 0.0, "userreviews": [{"userName": "\u5415\u5929\u867e3077", "userReviewDate": "2018-06-05", "userURL": "https://my.qidian.com/user/313131781", "userReview": "\u7c3d\u5230\uff01\uff01\uff01"}, {"userName": "\u5415\u5929\u867e3867", "userReviewDate": "2018-06-05", "userURL": "https://my.qidian.com/user/313086533", "userReview": "\u5404\u4f4d\u6295\u7968\u554a\uff01"}, {"userName": "\u5415\u5929\u867e3991", "userReviewDate": "2018-05-22", "userURL": "https://my.qidian.com/user/313262835", "userReview": "\u7206\u53d1\u5427\uff0c\uff0c\uff0c\uff0c\uff0c"}, {"userName": "\u66fc\u79c0\u857e\u6566", "userReviewDate": "2018-05-22", "userURL": "https://my.qidian.com/user/312501643", "userReview": "\ud83d\ude33\ud83d\ude33\ud83d\ude33\ud83d\ude33\ud83d\ude33"}, {"userName": "\u5ef7\u6708\u5929", "userReviewDate": "2018-05-18", "userURL": "https://my.qidian.com/user/307211887", "userReview": "\u4e0d\u8981\u653e\u5f03\uff0c\u52a0\u6cb9\uff01"}, {"userName": "\u5251\u8457\u53f2\u8bd7\u7684\u4f5c\u8005", "userReviewDate": "2018-05-18", "userURL": "https://my.qidian.com/user/309921673", "userReview": "\u52a0\u6cb9\u52a0\u6cb9\u4f5c\u8005\uff0c\u52a0\u6cb9\u5566\u5566\u62c9\u5566\u62c9\u5566\u62c9\u5566\u62c9\u5566\u62c9\u5566\u62c9\u5566\u62c9\u5e26\u5410\u5427\u3002"}, {"userName": "\u5251\u8457\u53f2\u8bd7\u7684\u4f5c\u8005", "userReviewDate": "2018-05-13", "userURL": "https://my.qidian.com/user/309921673", "userReview": "\u8fd9\u662f\u4e00\u672c\u597d\u4e66"}, {"userName": "\u5b64\u98ce\u971c\u6708", "userReviewDate": "2018-05-07", "userURL": "https://my.qidian.com/user/308749013", "userReview": "\u7ed9\u6211\u7684\u611f\u89c9\u6709\u70b9\u50cf\u76d8\u9f99\u554a"}, {"userName": "\u6f06\u9ed1\u4e3b\u57ce", "userReviewDate": "2018-03-19", "userURL": "https://my.qidian.com/user/213778037", "userReview": "\u4f5c\u8005\uff0c\u4e66\u4ec0\u4e48\u65f6\u5019\u4e0a\u67b6\u554a"}], "description": "\u9b54\u517d\u8df5\u8e0f\uff0c\u5de8\u9f99\u5486\u54ee\uff0c\u5deb\u5e08\u8bc5\u5492\uff0c\u9b54\u6cd5\u7480\u74a8\u4e4b\u5149\u7167\u8000\u77e5\u8bc6\u706f\u5854\uff01", "title": "\u4f20\u5947\u6cd5\u5e08\u83ab\u6797", "url": "https://book.qidian.com/info/1011066079", "average": -1.0, "cover": "//qidian.qpic.cn/qdbimg/349573/1011066079/180", "reviews": -1, "authors": [{"url": "https://me.qidian.com/authorIndex.aspx?id=400899151", "name": "\u6216\u8dc3"}], "type": ["\u5947\u5e7b", "\u5251\u4e0e\u9b54\u6cd5"], "outlinks": ["https://book.qidian.com/info/1011066079", "https://book.qidian.com/info/1010230971", "https://book.qidian.com/info/1010230971", "https://book.qidian.com/info/1005060969", "https://book.qidian.com/info/1005060969", "https://book.qidian.com/info/1009309660", "https://book.qidian.com/info/1009309660", "https://book.qidian.com/info/1007097555", "https://book.qidian.com/info/1007097555", "https://book.qidian.com/info/1010197022", "https://book.qidian.com/info/1010197022", "https://book.qidian.com/info/1009962822", "https://book.qidian.com/info/1009962822", "https://book.qidian.com/info/1010485606", "https://book.qidian.com/info/1010485606", "https://book.qidian.com/info/1011194349", "https://book.qidian.com/info/1011966445", "https://book.qidian.com/info/1011923635", "https://book.qidian.com/info/1011996030", "https://book.qidian.com/info/1011894816", "https://book.qidian.com/info/1011954628", "https://book.qidian.com/info/1011324769", "https://book.qidian.com/info/1005209240", "https://book.qidian.com/info/1011806768", "https://book.qidian.com/info/1011417251"]}