{"ratings": 0.0, "userreviews": [{"userName": "\u4e1c\u5b87\u5927\u5e1d", "userReviewDate": "2018-02-04", "userURL": "https://my.qidian.com/user/187159559", "userReview": "\u53ef\u704c\u6c34\uff0c\u53ef\u91cd\u590d"}, {"userName": "\u9ed1\u767d\u886c\u886b\u7684\u5c11\u5e74", "userReviewDate": "2018-02-04", "userURL": "https://my.qidian.com/user/218072379", "userReview": "\u627f\u8bfa\u7684\u4e07\u8d4f\u5230\u54af[fn=4]"}, {"userName": "\u6052\u519b", "userReviewDate": "2017-12-23", "userURL": "https://my.qidian.com/user/115951749", "userReview": "NBA\u4e94\u5927\u7edd\u6280----1\u3001\u5f20\u4f2f\u4f26\u7684\u4f53\u80fd\u65e0\u9650\u7edd\u6280\uff0c\u201c\u5f20\u4e24\u4e07\u201d\uff1a\u4f53\u80fd120\uff0c\u6280\u80fd\u6548\u679c\uff0c\u5728\u65e0\u52a0\u65f6"}, {"userName": "\u65af\u6587\u5ba2\u5357\u5bab\u6068", "userReviewDate": "2017-03-30", "userURL": "https://my.qidian.com/user/213057854", "userReview": "\u4f60\u5199\u4e66\u4e0d\u6613\uff0c\u6211\u78b0\u5230\u5408\u81ea\u5df1\u5fc3\u610f\u7684\u4e66\u66f4\u4e0d\u6613\u2026\u2026\u4e00\u70b9\u8584\u8d44\uff0c\u7565\u8868\u5fc3\u610f\u3002\u5343\u91cc\u9e45\u6bdb\uff0c\u793c\u8f7b\u60c5\u91cd"}, {"userName": "\u7f18\u8d77\u7f18\u706d~\u90a3\u6bb5\u5c18\u7f18", "userReviewDate": "16\u5c0f\u65f6\u524d", "userURL": "https://my.qidian.com/user/156670722", "userReview": "\u6211\u89c9\u5f97\u9000\u5f79\u540e\u4fee\u517b\u4e00\u4e24\u5e74\u5230\u65f6\u5019\u518d\u590d\u51fa\uff0c\u7ed9\u4ed6\u4eec\u4e00\u4e2a\u60ca\u5413\u66f4\u597d"}, {"userName": "\u5355\u7231\u5df2\u6210\u5f80\u4e8b", "userReviewDate": "16\u5c0f\u65f6\u524d", "userURL": "https://my.qidian.com/user/173802016", "userReview": "\u8fd9\u672c\u4e66\u4e3b\u89d2\u662f\u7a7f\u8d8a\u7684\u8fd8\u662f\u5c31\u662f\u90a3\u4e2a\u5e74\u4ee3\u7684\u4eba\u90a3\u4e2a\u770b\u8fc7\u7684\u7684\u5927\u54e5\u8bf4\u4e00\u4e0b"}, {"userName": "\u6211\u8981\u9192\u638c\u5929\u4e0b", "userReviewDate": "\u6628\u65e511:18", "userURL": "https://my.qidian.com/user/220931170", "userReview": "4:2\u5e72\u540a\u70ed\u706b"}, {"userName": "1025\u9f991025", "userReviewDate": "2018-06-05", "userURL": "https://my.qidian.com/user/169052805", "userReview": "\u7b7e\u5230\u3002\u3002\u3002\u3002\u3002"}, {"userName": "foxcool", "userReviewDate": "2018-06-04", "userURL": "https://my.qidian.com/user/4137187", "userReview": "\u8fd9\u4e2a\u7ecf\u7eaa\u4eba\u53ef\u771f\u6bd2"}, {"userName": "\u4e00\u53ea\u53eb\u6625\u7684\u7f8a", "userReviewDate": "2018-06-03", "userURL": "https://my.qidian.com/user/1246846", "userReview": "\u4e3a\u5565\u4e0b\u534a\u573a\u90fd\u662f\u66ff\u8865\u9635\u5bb9\u4e0a\u573a\u554a\ud83d\ude33NBA\u53ef\u4e0d\u662f\u8fd9\u6837\u5b50\u7684"}, {"userName": "\u5415\u5929\u867e4397", "userReviewDate": "2018-06-03", "userURL": "https://my.qidian.com/user/313350288", "userReview": "\u518d\u6765\u7b7e\u4e2a\u5230"}, {"userName": "1025\u9f991025", "userReviewDate": "2018-05-27", "userURL": "https://my.qidian.com/user/169052805", "userReview": "\u7b7e\u5230\u3002\u3002\u3002\u3002"}, {"userName": "\u65af\u6587\u5ba2\u5357\u5bab\u6068", "userReviewDate": "2018-05-26", "userURL": "https://my.qidian.com/user/213057854", "userReview": "\u6700\u8fd1\u8fd9\u4e2a\u66f4\u65b0\u901f\u5ea6\uff0c\u963f\u51e4\u4f60\u4e0d\u9519\u554a\uff01"}, {"userName": "\u5251\u5fc3\u4e36\u8086\u610f", "userReviewDate": "2018-05-16", "userURL": "https://my.qidian.com/user/200285974", "userReview": "\u5367\u69fd \u4f5c\u8005\u8fd9\u662f\u78b0\u89c1\u4ec0\u4e48\u559c\u4e8b\u4e86 \u5fc3\u60c5\u8fd9\u4e48\u597d  \u8fd9\u4e24\u5929\u66f4\u65b0\u4e86\u597d\u51e0\u7ae0\u4e86 [fn=21]"}], "description": "\u4f53\u575b\u591a\u82f1\u96c4\uff0c\u8d5b\u573a\u6211\u4e3a\u738b\uff0c\u70ed\u8840\u6f8e\u6e43\u7684\u7ade\u6280\u4f53\u80b2\uff01", "title": "\u4f20\u5947\u5de8\u661f", "url": "https://book.qidian.com/info/1004085032", "average": -1.0, "cover": "//qidian.qpic.cn/qdbimg/349573/1004085032/180", "reviews": -1, "authors": [{"url": "https://me.qidian.com/authorIndex.aspx?id=8586103", "name": "\u68a7\u6816\u51e4"}], "type": ["\u4f53\u80b2", "\u7bee\u7403\u8fd0\u52a8"], "outlinks": ["https://book.qidian.com/info/1004085032", "https://book.qidian.com/info/1010863551", "https://book.qidian.com/info/1010863551", "https://book.qidian.com/info/1010252885", "https://book.qidian.com/info/1010252885", "https://book.qidian.com/info/1009814091", "https://book.qidian.com/info/1009814091", "https://book.qidian.com/info/1010001185", "https://book.qidian.com/info/1010001185", "https://book.qidian.com/info/1010919969", "https://book.qidian.com/info/1010919969", "https://book.qidian.com/info/1009843749", "https://book.qidian.com/info/1009843749", "https://book.qidian.com/info/1011026048", "https://book.qidian.com/info/1011932684", "https://book.qidian.com/info/3675910", "https://book.qidian.com/info/1011342003", "https://book.qidian.com/info/1011687020", "https://book.qidian.com/info/1011446896", "https://book.qidian.com/info/1011767969", "https://book.qidian.com/info/1011676779", "https://book.qidian.com/info/1005095075", "https://book.qidian.com/info/1011814696"]}