{"ratings": 0.0, "userreviews": [{"userName": "\u80d6\u561f\u561f\u7684\u5b89\u5b50\u5927\u4eba", "userReviewDate": "2018-02-22", "userURL": "https://my.qidian.com/user/212703989", "userReview": "\u5df2\u7ecf\u592a\u76d1\u4e09\u5e74\u4e86\uff0c\u3002\u3002"}, {"userName": "\u5916\u5356\u4ed4\u4f55\u91d1\u94f6", "userReviewDate": "2017-12-02", "userURL": "https://my.qidian.com/user/224191256", "userReview": "\u6316\u575f\u4e86\u6316\u575f\u4e86"}, {"userName": "\u65d7\u67d3\u96ea", "userReviewDate": "2015-10-11", "userURL": "https://my.qidian.com/user/193519024", "userReview": "\u4e66\u5199\u7684\u4e0d\u9519\uff0c\u5c31\u662f\u80fd\u52e4\u5feb\u70b9\u4e48"}, {"userName": "\u7389\u5c0f\u6e05", "userReviewDate": "2015-10-11", "userURL": "https://my.qidian.com/user/191602843", "userReview": "\u8fd9\u672c\u4e66\u7684\u5f20\u4f2f\u4f26\u4f1a\u8fbe\u6210\u4e24\u4e07\u65a9\u6210\u5c31\u5417\uff1f"}, {"userName": "\u6797\u6749\u6749", "userReviewDate": "2015-10-11", "userURL": "https://my.qidian.com/user/5987546", "userReview": "\u597d\u5427...\u4f5c\u8005\u8fd9\u662f\u5728\u6697\u793a\u4ec0\u4e48\u4e48.........."}, {"userName": "\u7d2b\u8431\u521d\u82ac\u82b3", "userReviewDate": "2015-10-09", "userURL": "https://my.qidian.com/user/151296457", "userReview": "[fn=2][fn=2_2]"}, {"userName": "\u82b1\u821e\u6708\u8a60", "userReviewDate": "2015-10-09", "userURL": "https://my.qidian.com/user/18371107", "userReview": "\u4e0d\u9519\uff0c\u7ae0\u8282\u5168\u9f50\u770b\u8d77\u6765\u8212\u670d\u592a\u591a\u4e86\uff0c\u4e00\u53e3\u6c14\u628a\u5b83\u770b\u5b8c\u4e86[fn=4]\u52a0\u6cb9\uff0c\u7b49\u7740\u8ffd\u8ddf\u5462"}, {"userName": "\u98de\u53f6\u65e0\u75d5", "userReviewDate": "2015-09-30", "userURL": "https://my.qidian.com/user/320379", "userReview": "\u8fd8\u6ca1\u770b\uff0c\u5efa\u8bae\u4f60\u6539\u7b80\u4ecb\u3002\u8fd9\u7b80\u4ecb\u592a2\u4e86\u3002\u5c06\u4e3b\u7269\u8d28\u4f4d\u9762\u62c9\u5165\u6df1\u6e0a\uff0c\u6050\u6015\u6df7\u6c8c\u4e4b\u540e\u4e5f\u6ca1\u8fd9\u672c\u4e8b\u3002"}, {"userName": "\u5317\u6668\u843d", "userReviewDate": "2015-09-30", "userURL": "https://my.qidian.com/user/118781603", "userReview": "\u51c6\u5907\u62d6\u5230\u6212\u6307\u91cc\u5f3a\u6740\u4e48\uff1f\u8fd8\u662f\u6212\u6307\u91cc\u90a3\u4e2a\u6559\u8bad\u4ed6\uff1f"}, {"userName": "\u5317\u6d0b\u6c34\u624b7", "userReviewDate": "2015-09-26", "userURL": "https://my.qidian.com/user/20471675", "userReview": "\u8fd9\u4e2a\u66f2\u5b50\u662f\u4ec0\u4e48\u9b3c"}, {"userName": "\u5317\u6668\u843d", "userReviewDate": "2015-09-26", "userURL": "https://my.qidian.com/user/118781603", "userReview": "\u600e\u4e48\u611f\u89c9\u53c8\u662f\u8001\u5957\u5267\u60c5\u4e86\u3002\u8fd9\u53cd\u5e94\u592a\u719f\u6089\u4e86"}, {"userName": "\u5a74\u9ab8", "userReviewDate": "2015-09-25", "userURL": "https://my.qidian.com/user/186429146", "userReview": "\u5f31\u5c0f\u5c31\u8981\u4e0d\u62e9\u624b\u6bb5\uff0c\u5f3a\u8005\u624d\u6709\u8d44\u683c\u4ec1\u6148\u601c\u60af\uff0c\u679c\u65ad\u683d\u8d43\u5ac1\u7978\u800c\u540e\u6740\u4eba\u5347\u7ea7\uff0c\uff0c\u8bdd\u8bf4\u4e3a\u4f55\u4e3b\u89d2\u804c\u4e1a\u4e0d\u662f\u6cd5"}, {"userName": "\u5a74\u9ab8", "userReviewDate": "2015-09-24", "userURL": "https://my.qidian.com/user/186429146", "userReview": "\u4e3b\u89d2\u53ef\u4ee5\u5316\u5986\u6210\u522b\u7684\u8eab\u4efd\uff0c\u730e\u6740\u4eba\u7c7b\u5347\u7ea7"}, {"userName": "\u5317\u6668\u843d", "userReviewDate": "2015-09-23", "userURL": "https://my.qidian.com/user/118781603", "userReview": "\u5927\u5bb6\u6211\u4eec\u4e00\u8d77\u628a\u4f5c\u8005\u780d\u4e86\u5427\u3002\u7adf\u7136\u7761\u4e24\u4e2a\u840c\u59b9\u5b50"}], "description": "\u8086\u610f\u6325\u6d12\u6fc0\u60c5\u7684\u6e38\u620f\u4eba\u751f\uff0c\u6253\u7834\u73b0\u5b9e\u6846\u67b6\u7684\u65e0\u5c3d\u5e7b\u60f3\uff01", "title": "\u4f20\u5947\u91ce\u86ee\u4eba", "url": "https://book.qidian.com/info/3570792", "average": -1.0, "cover": "//qidian.qpic.cn/qdbimg/349573/3570792/180", "reviews": -1, "authors": [{"url": "https://me.qidian.com/authorIndex.aspx?id=3978145", "name": "\u6211\u77e5\u9c7c\u4e4b\u4e50"}], "type": ["\u6e38\u620f", "\u6e38\u620f\u5f02\u754c"], "outlinks": ["https://book.qidian.com/info/3570792", "https://book.qidian.com/info/1010773789", "https://book.qidian.com/info/1010773789", "https://book.qidian.com/info/1010956088", "https://book.qidian.com/info/1010956088", "https://book.qidian.com/info/1011055431", "https://book.qidian.com/info/1011055431", "https://book.qidian.com/info/1009888384", "https://book.qidian.com/info/1009888384", "https://book.qidian.com/info/1010429057", "https://book.qidian.com/info/1010429057", "https://book.qidian.com/info/1010319878", "https://book.qidian.com/info/1010319878", "https://book.qidian.com/info/3298026", "https://book.qidian.com/info/3298026", "https://book.qidian.com/info/1003801533", "https://book.qidian.com/info/1003801533", "https://book.qidian.com/info/1011055431", "https://book.qidian.com/info/1011055431", "https://book.qidian.com/info/1011944539", "https://book.qidian.com/info/1011967882", "https://book.qidian.com/info/1011856614", "https://book.qidian.com/info/1011979301", "https://book.qidian.com/info/1010667415", "https://book.qidian.com/info/1011736169", "https://book.qidian.com/info/1011797289", "https://book.qidian.com/info/1011808514", "https://book.qidian.com/info/1011901619", "https://book.qidian.com/info/1011962316"]}