{"ratings": 0.0, "userreviews": [{"userName": "\u5415\u5929\u867e13340", "userReviewDate": "18\u5c0f\u65f6\u524d", "userURL": "https://my.qidian.com/user/316303070", "userReview": "\u6bcf\u5929\u8981\u7b7e\u5230\u4e86."}, {"userName": "\u9ed1\u86cb\u597d\u9ed1\u554a", "userReviewDate": "2018-05-31", "userURL": "https://my.qidian.com/user/314975371", "userReview": "\u7b7e\u5230\u3002\u3002\u3002\u3002"}, {"userName": "\u6ee1\u8eab\u98ce\u5c18", "userReviewDate": "2018-05-28", "userURL": "https://my.qidian.com/user/112909319", "userReview": "\u524d\u8fb9\u5f88\u597d\uff0c\u4f46\u662f\u8ddf\u82cf\u5b89\u59ae\u5173\u7cfb\u6539\u53d8\u6709\u70b9\u786c\u3002\u3002\u3002\u3002\u6216\u8bb8\u662f\u6211\u5fc3\u4e2d\u6709\u623e\u6c14\u5427\u3002\u603b\u89c9\u5f97\u8981\u62a5\u590d\u5979\u4e00\u4e0b\u624d\u7b97\u5b8c"}], "description": "\u4f53\u575b\u591a\u82f1\u96c4\uff0c\u8d5b\u573a\u6211\u4e3a\u738b\uff0c\u70ed\u8840\u6f8e\u6e43\u7684\u7ade\u6280\u4f53\u80b2\uff01", "title": "\u4f20\u6b66\u4e0e\u683c\u6597", "url": "https://book.qidian.com/info/1011976875", "average": -1.0, "cover": "//qidian.qpic.cn/qdbimg/349573/1011976875/180", "reviews": -1, "authors": [{"url": "https://me.qidian.com/authorIndex.aspx?id=402293052", "name": "\u8001\u9053\u54a9\u54a9\u5b50"}], "type": ["\u4f53\u80b2", "\u4f53\u80b2\u8d5b\u4e8b"], "outlinks": ["https://book.qidian.com/info/1011976875", "https://book.qidian.com/info/1010503417", "https://book.qidian.com/info/1010503417", "https://book.qidian.com/info/1004868547", "https://book.qidian.com/info/1004868547", "https://book.qidian.com/info/1004600033", "https://book.qidian.com/info/1004600033", "https://book.qidian.com/info/1004437956", "https://book.qidian.com/info/1004437956", "https://book.qidian.com/info/1011443037", "https://book.qidian.com/info/1011443037", "https://book.qidian.com/info/3467820", "https://book.qidian.com/info/3467820", "https://book.qidian.com/info/1011026048", "https://book.qidian.com/info/1011932684", "https://book.qidian.com/info/3675910", "https://book.qidian.com/info/1011342003", "https://book.qidian.com/info/1011687020", "https://book.qidian.com/info/1011446896", "https://book.qidian.com/info/1011767969", "https://book.qidian.com/info/1011676779", "https://book.qidian.com/info/1005095075", "https://book.qidian.com/info/1011814696"]}