{"ratings": 0.0, "userreviews": [], "description": "\u9b54\u517d\u8df5\u8e0f\uff0c\u5de8\u9f99\u5486\u54ee\uff0c\u5deb\u5e08\u8bc5\u5492\uff0c\u9b54\u6cd5\u7480\u74a8\u4e4b\u5149\u7167\u8000\u77e5\u8bc6\u706f\u5854\uff01", "title": "\u4f20\u627f\u6218\u4e89", "url": "https://book.qidian.com/info/1011824829", "average": -1.0, "cover": "//qidian.qpic.cn/qdbimg/349573/1011824829/180", "reviews": -1, "authors": [{"url": "https://me.qidian.com/authorIndex.aspx?id=402291566", "name": "\u6211\u4e5f\u60f3\u9759\u9759"}], "type": ["\u5947\u5e7b", "\u9ed1\u6697\u5e7b\u60f3"], "outlinks": ["https://book.qidian.com/info/1011824829", "https://book.qidian.com/info/5060", "https://book.qidian.com/info/5060", "https://book.qidian.com/info/8361", "https://book.qidian.com/info/8361", "https://book.qidian.com/info/57821", "https://book.qidian.com/info/57821", "https://book.qidian.com/info/93706", "https://book.qidian.com/info/93706", "https://book.qidian.com/info/96484", "https://book.qidian.com/info/96484", "https://book.qidian.com/info/104523", "https://book.qidian.com/info/104523", "https://book.qidian.com/info/1011194349", "https://book.qidian.com/info/1011966445", "https://book.qidian.com/info/1011923635", "https://book.qidian.com/info/1011996030", "https://book.qidian.com/info/1011894816", "https://book.qidian.com/info/1011954628", "https://book.qidian.com/info/1011324769", "https://book.qidian.com/info/1005209240", "https://book.qidian.com/info/1011806768", "https://book.qidian.com/info/1011417251"]}