{"ratings": 0.0, "userreviews": [{"userName": "\u5415\u5929\u867e13726", "userReviewDate": "5\u5c0f\u65f6\u524d", "userURL": "https://my.qidian.com/user/316929467", "userReview": "\u7b7e\u5230\u6253\u9171\u6cb9"}, {"userName": "\u5317\u5b88\u516c\u826f", "userReviewDate": "23\u5c0f\u65f6\u524d", "userURL": "https://my.qidian.com/user/210380367", "userReview": "\u4e3b\u89d2\u5148\u53d1\u8a93\u53ea\u559c\u6b22\u8427\u8339\u4e00\u4eba...\u540e\u9762\u53c8\u6765\u731c\u8427\u8339\u540d\u5b57\u662f\u4ec0\u4e48...\u8fd9..."}, {"userName": "\u661f\u591c\u5317\u6781\u661f", "userReviewDate": "\u6628\u65e506:18", "userURL": "https://my.qidian.com/user/222629054", "userReview": "\u4ece\u6765\u6ca1\u8d77\u6765\u8fd9\u4e48\u65e9\u8fc7\uff0c\u7b7e\u5230\u3002"}, {"userName": "belcheri", "userReviewDate": "2018-06-06", "userURL": "https://my.qidian.com/user/169078919", "userReview": "\u7b80\u4ecb\u53bb\u6389\u6700\u540e\u4e00\u53e5\u4f1a\u597d\u5f88\u591a\uff0c\u6700\u53cd\u611f\u8fd9\u79cd\u8bf4\u6cd5\u6216\u8005\u591a\u5e74\u4ee5\u540e\u600e\u4e48\u600e\u4e48\u6837\u3002"}, {"userName": "\u4e2d\u4e8c\u4ed9\u4eba", "userReviewDate": "2018-06-06", "userURL": "https://my.qidian.com/user/225057124", "userReview": "\u679c\u7136\u4f20\u7edf\u3002\u8d70\u4e86"}, {"userName": "\u94ed\u89c5\u4eba", "userReviewDate": "2018-06-06", "userURL": "https://my.qidian.com/user/189787563", "userReview": "\u6545\u4e8b\u60c5\u8282\u8fd8\u8fc7\u5f97\u53bb\uff0c\u4e00\u6d89\u53ca\u5230\u6b66\u529f\uff0c\u65e0\u8bba\u662f\u540d\u5b57\u8fd8\u662f\u7acb\u610f\u90fdlow\u5f97\u4e0d\u884c"}, {"userName": "\u516b\u8352\u96f6", "userReviewDate": "2018-06-05", "userURL": "https://my.qidian.com/user/100812107", "userReview": "\u4e66\u5199\u7684\u4e0d\u9519"}, {"userName": "\u6211\u7684\u59b9\u59b9\u53eb\u96cf\u75301056", "userReviewDate": "2018-06-03", "userURL": "https://my.qidian.com/user/316840001", "userReview": "\u7b7e\u5230\uff0c\u6253\u5361"}, {"userName": "\u77ed\u6682\u5feb\u4e50\u4ed4", "userReviewDate": "2018-05-06", "userURL": "https://my.qidian.com/user/134811267", "userReview": "\u8fd9\u4e2a\u91d1\u624b\u6307\u6709\u70b9\u50cf\u86ca\u771f\u4eba\u7684\u300a\u8fd0\u63a7\u300b"}], "description": "\u5fc3\u6f6e\u6f8e\u6e43\uff0c\u65e0\u9650\u5e7b\u60f3\uff0c\u8fce\u98ce\u6325\u51fb\u5343\u5c42\u6d6a\uff0c\u5c11\u5e74\u4e0d\u8d25\u70ed\u8840\uff01", "title": "\u4f20\u7edf\u6b66\u4fa0\u5947\u9047\u8bb0", "url": "https://book.qidian.com/info/1011832410", "average": -1.0, "cover": "//qidian.qpic.cn/qdbimg/349573/1011832410/180", "reviews": -1, "authors": [{"url": "https://me.qidian.com/authorIndex.aspx?id=4383379", "name": "\u5934\u9876\u56db\u4e2a\u65cb"}], "type": ["\u7384\u5e7b", "\u5f02\u4e16\u5927\u9646"], "outlinks": ["https://book.qidian.com/info/1011832410", "https://book.qidian.com/info/1005097433", "https://book.qidian.com/info/1005097433", "https://book.qidian.com/info/1005032527", "https://book.qidian.com/info/1005032527", "https://book.qidian.com/info/1009525093", "https://book.qidian.com/info/1009525093", "https://book.qidian.com/info/1004927985", "https://book.qidian.com/info/1004927985", "https://book.qidian.com/info/1003773921", "https://book.qidian.com/info/1003773921", "https://book.qidian.com/info/1003792605", "https://book.qidian.com/info/1003792605", "https://book.qidian.com/info/3468579", "https://book.qidian.com/info/3468579", "https://book.qidian.com/info/1003371365", "https://book.qidian.com/info/1003371365", "https://book.qidian.com/info/1011988403", "https://book.qidian.com/info/1009595922", "https://book.qidian.com/info/1011844784", "https://book.qidian.com/info/1011892497", "https://book.qidian.com/info/1011095320", "https://book.qidian.com/info/1011996851", "https://book.qidian.com/info/1011856434", "https://book.qidian.com/info/1011879207", "https://book.qidian.com/info/1011833256", "https://book.qidian.com/info/1011967674"]}