{"ratings": 0.0, "userreviews": [{"userName": "\u96e8\u7235", "userReviewDate": "2018-06-05", "userURL": "https://my.qidian.com/user/2701531", "userReview": "\u7b7e\u52304\u4e2a\u5b57"}, {"userName": "\u80fd\u767b\u512a\u5e0c", "userReviewDate": "2018-06-05", "userURL": "https://my.qidian.com/user/215297698", "userReview": "\u5176\u5be6\u9019\u66f8\u6211\u9084\u6c92\u770b\uff0c\u4e0a\u4e00\u672c\u5230\u76ee\u524d\u4e5f\u624d\u770b\u4e86\u4e00\u534a\u2026\u56e0\u70ba\u6211\u559c\u6b61\u770b\u5b8c\u672c\u7684\u66f8(\u8d85\u9577\u7684\u4e0d\u7b97)\uff0c\u7279\u5225\u662f\u7576\u4e00"}, {"userName": "\u8346\u73de\u9038", "userReviewDate": "2018-05-30", "userURL": "https://my.qidian.com/user/197505868", "userReview": "\u5988\u8036\u2026\u2026\u65ad\u5728\u8fd9\u91cc\u4e86\u2026\u2026\u597d\u7126\u5fc3\u554a\u2026\u2026"}, {"userName": "\u4e66\u53cb20180512091138959", "userReviewDate": "2018-05-27", "userURL": "https://my.qidian.com/user/316536886", "userReview": "\u7b7e\u5230\u70b9\u51fb\u6536\u85cf\u63a8\u8350\uff0c\u6587\u7b14\u4f18\u7f8e\uff0c\u597d\u4e66\uff01\u671b\u5173\u6ce8\u300a\u4e5d\u77b3\u9b54\u7687\u300b\uff0c\u4e0d\u9519\u7684\u7384\u5e7b\uff01"}, {"userName": "\u6f20\u67d3\u5c18\u57c3", "userReviewDate": "2018-05-24", "userURL": "https://my.qidian.com/user/220289935", "userReview": "\u52a0\u6cb9\uff0c\u8fd9\u4e2a\u8111\u6d1e\u5f88\u597d\uff0c\u53ea\u8981\u4e0d\u5199\u5d29\u4e86\uff0c\u80af\u5b9a\u4f1a\u706b"}, {"userName": "\u8c9d\u8389", "userReviewDate": "2018-05-23", "userURL": "https://my.qidian.com/user/221015945", "userReview": "\u601d\u601d\u5de5\u4f5c\u8f9b\u82e6\u4e86\u3002\u4e0b\u6b21\u4e0d\u8981\u5728\u9375\u76e4\u4e0a\u7761\u4e86\uff0c\u65e9\u4e0a\u6703\u4e0d\u8212\u670d\u554a\u3002"}, {"userName": "\u7ed9\u5496\u5561\u52a0\u76d0", "userReviewDate": "2018-05-22", "userURL": "https://my.qidian.com/user/224951205", "userReview": "\u5a01\u6b66\u9738\u6c14\uff01"}, {"userName": "\u8346\u73de\u9038", "userReviewDate": "2018-05-11", "userURL": "https://my.qidian.com/user/197505868", "userReview": "\u54c8\u54c8\u54c8\u54c8\u9646\u5c0f\u660e\u4f60\u662f\u5b66\u4e0d\u4f1a\u7684\uff01\uff01\uff01"}, {"userName": "\u8346\u73de\u9038", "userReviewDate": "2018-05-10", "userURL": "https://my.qidian.com/user/197505868", "userReview": "\u2026\u2026\u54c7\u2026\u2026\u8fd9\u4e2a\u9646\u94ed\u2026\u2026\u600e\u4e48\u770b\u600e\u4e48\u70e6\u554a\u2026\u4fdd\u4f51\u4ed6\u4e0d\u662f\u7537\u4e3b"}, {"userName": "\u8c9d\u8389", "userReviewDate": "2018-05-10", "userURL": "https://my.qidian.com/user/221015945", "userReview": "\u6211\u7684\u9810\u611f\u5c0d\u4e86\uff0c\u5973\u4e3b\u679c\u7136\u6536\u4e86\u4e00\u7fa4\u5c0f\u52d5\u7269\u505a\u5c0f\u5f1f(\u9ede\u5a18\u4e0d\u8981\u518d\u541e\u6211\u7684\u8a55"}, {"userName": "\u8c9d\u8389", "userReviewDate": "2018-05-09", "userURL": "https://my.qidian.com/user/221015945", "userReview": "\u601d\u601d\u554a\uff0c\u4f60\u9019\u65b0\u66f8\u770b\u4f86\u4e0d\u559c\u6b61\u6211\u561b\uff0c\u6211\u53c8\u88ab\u5403\u8a55\u4e86[fn=19]"}, {"userName": "\u8346\u73de\u9038", "userReviewDate": "2018-05-09", "userURL": "https://my.qidian.com/user/197505868", "userReview": "\u563b\u563b\u563bv\u8d85\u559c\u6b22\u8fd9\u4e2a\u8fdb\u5c55\uff01\u6bcf\u5929\u90fd\u7a33\u7a33\u7684\u4e00\u66f4\u7ed9\u5927\u5927\u70b9\u8d5e\uff01\uff01\uff01\uff01\u671f\u5f85\u540e\u6587\uff01\u611f\u89c9\u4f5c\u8005\u5927\u5927\u8bbe\u5b9a\u5f88\u5b8f\u5927"}, {"userName": "\u8346\u73de\u9038", "userReviewDate": "2018-05-09", "userURL": "https://my.qidian.com/user/197505868", "userReview": "\u56af\u5440\uff01\u611f\u89c9\u597d\u9177\u554a\uff01\uff01\uff01\u8d85\u597d\u5947\u5973\u4e3b\u7684\u6765\u5386\u554a\uff01\u671f\u5f85\u540e\u6587\uff01\u5927\u5927\u52a0\u6cb9\uff01"}, {"userName": "\u8c9d\u8389", "userReviewDate": "2018-05-08", "userURL": "https://my.qidian.com/user/221015945", "userReview": "\u597d\u4f3c\u53c8\u88ab\u5403\u8a55\u4e86"}], "description": "\u661f\u8fb0\u7834\u6653\uff0c\u7075\u9b42\u5c55\u7ffc\u3002\u8ffd\u5bfb\u5b87\u5b99\u7684\u5965\u79d8\uff0c\u76f4\u9762\u672a\u77e5\u7684\u6311\u6218\u3002", "title": "\u4f2a\u6218\u795e\u6210\u957f\u624b\u518c", "url": "https://book.qidian.com/info/1011937258", "average": -1.0, "cover": "//qidian.qpic.cn/qdbimg/349573/1011937258/180", "reviews": -1, "authors": [{"url": "https://me.qidian.com/authorIndex.aspx?id=8323930", "name": "\u672a\u53ef\u601d\u601d"}], "type": ["\u79d1\u5e7b\u7a7a\u95f4", "\u672a\u6765\u4e16\u754c"], "outlinks": ["https:https://book.qidian.com/info/1011421405?qd_game_key=1011421405&qd_dd_p1=11272", "https://book.qidian.com/info/1011937258", "https://book.qidian.com/info/1009650292", "https://book.qidian.com/info/1009650292", "https://book.qidian.com/info/1010648372", "https://book.qidian.com/info/1010648372", "https://book.qidian.com/info/3692683", "https://book.qidian.com/info/3692683", "https://book.qidian.com/info/3625530", "https://book.qidian.com/info/3625530", "https://book.qidian.com/info/1004063532", "https://book.qidian.com/info/1004063532", "https://book.qidian.com/info/1011036331", "https://book.qidian.com/info/1011036331", "https://book.qidian.com/info/1003784926", "https://book.qidian.com/info/1003784926", "https://book.qidian.com/info/1004043203", "https://book.qidian.com/info/1004043203", "https://book.qidian.com/info/1009939933", "https://book.qidian.com/info/1009939933", "https://book.qidian.com/info/1011689032", "https://book.qidian.com/info/1011573314", "https://book.qidian.com/info/1010751678", "https://book.qidian.com/info/1010513078", "https://book.qidian.com/info/1011787531", "https://book.qidian.com/info/1010808632", "https://book.qidian.com/info/1010731864", "https://book.qidian.com/info/1010943488", "https://book.qidian.com/info/1010845899", "https://book.qidian.com/info/1011936986"]}