{"ratings": 0.0, "userreviews": [{"userName": "\u82e5\u65e0\u534a\u70b9\u8102\u7c89\u8273", "userReviewDate": "2\u5c0f\u65f6\u524d", "userURL": "https://my.qidian.com/user/216660033", "userReview": "\u5efa\u7b7e\u5230\u697c\uff0c\u4e00\u697c5\u5e01\uff0c\u4e8c\u5341\u697c\u7ed3\u4e00\u6b21\uff0c\u6682\u65f6\u8235\u4e3b\u6b62\uff0c\u5b66\u751f\u515a\uff0c\u73a9\u4e00\u4e0b\u5efa\u697c\ud83d\ude43"}, {"userName": "\u964c\u964c\u964c\u989c", "userReviewDate": "2018-05-12", "userURL": "https://my.qidian.com/user/222462245", "userReview": "\u964c\u964c\u964c\u989c\u6253\u8d4f\u51ac\u5929\u7684\u67f3\u53f6 100000\u8d77\u70b9\u5e01  \u8fd9\u672c\u4e66\u5199\u7684\u592a\u597d\u4e86,\u7292\u52b3\u4e00\u4e0b\u5e0c\u671b\u540e\u7eed\u66f4\u7cbe\u5f69!"}, {"userName": "\u51ac\u83491125", "userReviewDate": "2018-03-02", "userURL": "https://my.qidian.com/user/213142297", "userReview": "\u51ac\u83491125\u6253\u8d4f\u51ac\u5929\u7684\u67f3\u53f6 100000\u8d77\u70b9\u5e01  \u8fd9\u672c\u4e66\u5199\u7684\u592a\u597d\u4e86,\u7292\u52b3\u4e00\u4e0b\u5e0c\u671b\u540e\u7eed\u66f4\u7cbe\u5f69"}, {"userName": "\u5929\u7fbd\u4e36\u5929\u6708", "userReviewDate": "2018-02-26", "userURL": "https://my.qidian.com/user/212186441", "userReview": "\u5929\u7fbd\u4e36\u5929\u6708\u6253\u8d4f\u51ac\u5929\u7684\u67f3\u53f6 100000\u8d77\u70b9\u5e01  \u8fd9\u672c\u4e66\u5199\u7684\u592a\u597d\u4e86,\u7292\u52b3\u4e00\u4e0b\u5e0c\u671b\u540e\u7eed\u66f4\u7cbe\u5f69!"}, {"userName": "\u4e66\u53cb20180114215914082", "userReviewDate": "4\u5206\u949f\u524d", "userURL": "https://my.qidian.com/user/312683543", "userReview": "\u7b7e\u5230\uff01\u7b7e\u5230\uff01\u52a0\u6cb9\u66f4\uff01"}, {"userName": "\u964c\u964c\u964c\u989c", "userReviewDate": "5\u5206\u949f\u524d", "userURL": "https://my.qidian.com/user/222462245", "userReview": "\u90c1\u4e03\u6765\u89c1\u67f3\u53f6\u3002\u8bf4\uff1a\u4eb2\u5988\uff0c\u4f60\u53ef\u662f\u6211\u4eb2\u5988\uff0c\u53ef\u4e0d\u80fd\u542c\u5979\u4eec\u7684\uff0c\u4f3c\u4f3c\u662f\u6211\u7684\uff0c\u53ef\u4e0d\u80fd\u7ed9\u7537\u914d[fn=6]"}, {"userName": "\u6211\u4e43\u5927\u7f57\u91d1\u4ed9", "userReviewDate": "5\u5206\u949f\u524d", "userURL": "https://my.qidian.com/user/111641126", "userReview": "\u5e0c\u671b\u5973\u4e3b\u5ac1\u7ed9\u7504\u884d \u4ee5\u540e\u8ddf\u516c\u516c\u4e00\u8d77\u4e13\u5fc3\u7834\u6848[fn=32]\u4f1a\u6bd4\u8ddf\u4f59\u4e03\u8c08\u516b\u8f88\u5b50\u604b\u7231\u597d\u770b\u591a\u4e86"}, {"userName": "\u5176\u5b9e\u30c4\u5f88\u77dc\u6301", "userReviewDate": "2\u5c0f\u65f6\u524d", "userURL": "https://my.qidian.com/user/117940202", "userReview": "\u5973\u4e3b\u548c\u7537\u4e3b\u5565\u65f6\u624d\u6709\u8fdb\u5c55\u5462"}, {"userName": "\u7eff\u80a5\u7ea2\u76262", "userReviewDate": "3\u5c0f\u65f6\u524d", "userURL": "https://my.qidian.com/user/213779713", "userReview": "\u6c42\u7206\u66f4\uff0c\u591a\u591a\u5199"}, {"userName": "\u4e5d\u5929\u60ac\u68a6", "userReviewDate": "3\u5c0f\u65f6\u524d", "userURL": "https://my.qidian.com/user/316996642", "userReview": "\u7b7e\u5230\uff01\uff01\uff01"}, {"userName": "\u51b0\u70b9\u65e0\u5c18", "userReviewDate": "3\u5c0f\u65f6\u524d", "userURL": "https://my.qidian.com/user/152337748", "userReview": "\u5e0c\u671b\u53ef\u4ee5\u770b\u5230\u7537\u5973\u4e3b\u89d2\u7684\u4e92\u52a8\u3002"}, {"userName": "\u4e5d\u5929\u60ac\u68a6", "userReviewDate": "3\u5c0f\u65f6\u524d", "userURL": "https://my.qidian.com/user/316996642", "userReview": "\u7b7e\u5230~~~"}, {"userName": "\u8df3\u52a8\u7684\u706b\u7403", "userReviewDate": "5\u5c0f\u65f6\u524d", "userURL": "https://my.qidian.com/user/104830064", "userReview": "\u7b7e\u5230\u9886\u7ecf\u9a8c"}, {"userName": "\u5feb\u4e50\u7684\u6c30\u5316\u94be", "userReviewDate": "5\u5c0f\u65f6\u524d", "userURL": "https://my.qidian.com/user/216808627", "userReview": "\u6211\u4e5f\u7b7e\u5230\u63a8\u8350"}], "description": "\u9752\u7816\u7eff\u74e6\uff0c\u964c\u4e0a\u82b1\u5f00\u9999\u67d3\u8863\uff1b\u6731\u95e8\u7d2b\u6bbf\uff0c\u7d20\u624b\u6458\u661f\u9713\u4f5c\u88f3\u3002", "title": "\u4f3c\u9526", "url": "https://book.qidian.com/info/1010996366", "average": -1.0, "cover": "//qidian.qpic.cn/qdbimg/349573/1010996366/180", "reviews": -1, "authors": [{"url": "https://me.qidian.com/authorIndex.aspx?id=2432708", "name": "\u51ac\u5929\u7684\u67f3\u53f6"}], "type": ["\u53e4\u4ee3\u8a00\u60c5", "\u53e4\u5178\u67b6\u7a7a"], "outlinks": ["https:https://book.qidian.com/info/1011421405?qd_game_key=1011421405&qd_dd_p1=11272", "https://book.qidian.com/info/1010996366", "https://book.qidian.com/info/1007063524", "https://book.qidian.com/info/1007063524", "https://book.qidian.com/info/1009310584", "https://book.qidian.com/info/1009310584", "https://book.qidian.com/info/1005721012", "https://book.qidian.com/info/1005721012", "https://book.qidian.com/info/1009605158", "https://book.qidian.com/info/1009605158", "https://book.qidian.com/info/1008844598", "https://book.qidian.com/info/1008844598", "https://book.qidian.com/info/1009938033", "https://book.qidian.com/info/1009938033", "https://book.qidian.com/info/1966461", "https://book.qidian.com/info/1966461", "https://book.qidian.com/info/2263971", "https://book.qidian.com/info/2263971", "https://book.qidian.com/info/3166682", "https://book.qidian.com/info/3166682", "https://book.qidian.com/info/3478373", "https://book.qidian.com/info/3478373", "https://book.qidian.com/info/3606083", "https://book.qidian.com/info/3606083", "https://book.qidian.com/info/1004825364", "https://book.qidian.com/info/1004825364", "https://book.qidian.com/info/1004439621", "https://book.qidian.com/info/1010699142", "https://book.qidian.com/info/1010673874", "https://book.qidian.com/info/1010228299", "https://book.qidian.com/info/1011254335", "https://book.qidian.com/info/1010623336", "https://book.qidian.com/info/1011901077", "https://book.qidian.com/info/1010774701", "https://book.qidian.com/info/1010808763", "https://book.qidian.com/info/1011306057"]}