{"ratings": 0.0, "userreviews": [{"userName": "\u6211\u7684\u59b9\u59b9\u53eb\u96cf\u75301094", "userReviewDate": "2018-06-07", "userURL": "https://my.qidian.com/user/316845888", "userReview": "\u4eca\u5929\u7ee7\u7eed\u7b7e\u5230\u8ba2\u9605+5"}, {"userName": "\u6211\u7684\u59b9\u59b9\u53eb\u96cf\u75301002", "userReviewDate": "2018-06-05", "userURL": "https://my.qidian.com/user/316811637", "userReview": "\u8bb8\u660c\u7684\u6765\u7b7e\u4e2a\u5230\uff5e"}, {"userName": "\u900d\u9065\u4ed6\u54e5\u54e5", "userReviewDate": "2018-06-05", "userURL": "https://my.qidian.com/user/151083258", "userReview": "\u751f\u62c9\u786c\u62fd\u7684\u5bf9\u767d\uff0c\u795e\u519c\u8d70\u4e5f"}, {"userName": "\u6211\u7684\u59b9\u59b9\u53eb\u96cf\u75301113", "userReviewDate": "2018-06-02", "userURL": "https://my.qidian.com/user/316831976", "userReview": "\u7b7e\u5230\u6253\u5361\u697c~"}, {"userName": "\u6211\u7684\u59b9\u59b9\u53eb\u96cf\u75301051", "userReviewDate": "2018-06-01", "userURL": "https://my.qidian.com/user/316836088", "userReview": "\u7b7e\u540d\u62a5\u5230\u4e86."}, {"userName": "\u594b\u6597\u7684\u6b32\u82cd\u7a79", "userReviewDate": "2017-09-27", "userURL": "https://my.qidian.com/user/230656052", "userReview": "\u6ca1\u60f3\u5230\u4f60\u8fd9\u4e2a\u5bb6\u4f19\u6765\u9605\u6587\u4e86\uff0c\u54c8\u54c8\uff0c\u5c0f\u9a9a\u8d27\u3002"}, {"userName": "\u4e71\u4e16\u4e00\u5343\u795e", "userReviewDate": "2017-08-22", "userURL": "https://my.qidian.com/user/159008865", "userReview": "\u8fd8\u4e0d\u9519\u7684\u4e00\u672c\u4e66\uff01\u52a0\u6cb9\uff01"}, {"userName": "\u4e66\u53cb160613181330910", "userReviewDate": "2017-08-05", "userURL": "https://my.qidian.com/user/218472648", "userReview": "\u5199\u51fa\u592a\u591a\u8ba9\u4eba\u6478\u4e0d\u7740\u5934\u8111\u7684\u4e8b\u60c5\u800c\u540e\u7eed\u53c8\u53bb\u9010\u6b65\u6316\u6398\u63a2\u7d22\u56fa\u7136\u662f\u4e2a\u4e0d\u9519\u7684\u65b9\u6cd5\uff0c\u6b22\u8fce\u6765\uff0c\u7fa4\u3011\u3016\u248d\u0437\u248d"}, {"userName": "\u4e66\u53cb160613180049535", "userReviewDate": "2017-08-04", "userURL": "https://my.qidian.com/user/218472240", "userReview": "\u8ba9\u4e00\u4e9b\u8d44\u6df1\u8bfb\u8005\uff0c\u4e5f\u53c2\u4e0e\u5230\u81ea\u5df1\u7684\u521b\u4f5c\u4e2d\u6765,,\u606d\u5019\u6765\uff0c\u7fa4`\u3010\u248d\u30cb\u3001\u30cf1OO\u2490\u0417\u30cb\u3011"}, {"userName": "\u4e66\u53cb160613175339929", "userReviewDate": "2017-08-01", "userURL": "https://my.qidian.com/user/218471997", "userReview": "\u5904\u7406\u7ec6\u8282\u548c\u5236\u9020\u60ac\u5ff5\u5438\u5f15\u8bfb\u8005,\u6765\uff0c\u7fa4`\u3010\u248d\u3001\u30cb\u30cf1OO\u2490\u0417\u30cb\u3011"}, {"userName": "\u4e66\u53cb160613154603504", "userReviewDate": "2017-07-30", "userURL": "https://my.qidian.com/user/218468201", "userReview": "\u5438\u53d6\u4f17\u5bb6\u4e4b\u957f\uff0c\u5b8c\u5584\u81ea\u5df1\u4e0e\u4f17\u4e0d\u540c\u7684\u65b0\u610f,\u606d\u5019\u6765\uff0c\u7fa4`\u3010\u248d\u30cb\u30cf1OO\u3001\u2490\u0417\u30cb\u3011"}], "description": "\u9192\u638c\u5929\u4e0b\u6743\uff0c\u9189\u5367\u7f8e\u4eba\u819d\uff0c\u4e94\u5343\u5e74\u98ce\u534e\u70df\u96e8\uff0c\u662f\u975e\u6210\u8d25\u8f6c\u5934\u7a7a\uff01", "title": "\u4f4d\u5c0a\u52bf\u91cd", "url": "https://book.qidian.com/info/1010069112", "average": -1.0, "cover": "//qidian.qpic.cn/qdbimg/349573/1010069112/180", "reviews": -1, "authors": [{"url": "https://me.qidian.com/authorIndex.aspx?id=400455008", "name": "\u8776\u5316\u866b\u5b50"}], "type": ["\u5386\u53f2", "\u67b6\u7a7a\u5386\u53f2"], "outlinks": ["https://book.qidian.com/info/1010069112", "https://book.qidian.com/info/1009643186", "https://book.qidian.com/info/1009643186", "https://book.qidian.com/info/1004419071", "https://book.qidian.com/info/1004419071", "https://book.qidian.com/info/1010562236", "https://book.qidian.com/info/1010562236", "https://book.qidian.com/info/1010811240", "https://book.qidian.com/info/1010811240", "https://book.qidian.com/info/1007394305", "https://book.qidian.com/info/1007394305", "https://book.qidian.com/info/1010996173", "https://book.qidian.com/info/1010996173", "https://book.qidian.com/info/1011800596", "https://book.qidian.com/info/1010891668", "https://book.qidian.com/info/1011773910", "https://book.qidian.com/info/1011783347", "https://book.qidian.com/info/1011643843", "https://book.qidian.com/info/1011476924", "https://book.qidian.com/info/1011635441", "https://book.qidian.com/info/1009999928", "https://book.qidian.com/info/1006932473", "https://book.qidian.com/info/1005080011"]}