{"ratings": 0.0, "userreviews": [{"userName": "\u6dfa\u60a0\u6dbc", "userReviewDate": "2018-06-04", "userURL": "https://my.qidian.com/user/156916549", "userReview": "\u5e0c\u671b\u4e3b\u89d2\u8fdb\u5165\u4ec0\u4e48\u4e16\u754c\u4f5c\u6b7b\uff0c\u53ef\u4ee5\u5199\u4e0b\u6765\uff0c\u6211\u4f1a\u53c2\u8003\u53c2\u8003\u3002"}, {"userName": "\u6dfa\u60a0\u6dbc", "userReviewDate": "2018-04-26", "userURL": "https://my.qidian.com/user/156916549", "userReview": "RT,\u5982\u679c\u6709\u4ec0\u4e48\u6709\u8da3\u7684\u6b7b\u4ea1\u65b9\u6cd5\uff0c\u53ef\u4ee5\u63d0\u51fa\u6765\uff0c\u5982\u679c\u5408\u9002\u7684\u8bdd\uff0c\u6211\u5c06\u4f1a\u62ff\u6765\u7528\u3002"}, {"userName": "\u51ef\u5c14\u8428\u65af\u7684\u708e\u7206", "userReviewDate": "24\u5206\u949f\u524d", "userURL": "https://my.qidian.com/user/195386224", "userReview": "\u770b\u4e86\u51e0\u7ae0\uff0c\u611f\u89c9\u4f5c\u8005\u5199\u7684\u5973\u6027\u90fd\u597d\u667a\u969c\u554a\u3002\u3002\u3002\u5988\u7684\u89c1\u9762\u51e0\u5206\u949f\u5c31\u8138\u7ea2\u4e86\u5c31\u4ef0\u6155\u4e86\u5c31\u7231\u4e0a\u4e86\uff0c\u4e3b\u89d2\u81ea\u5e26"}, {"userName": "\u5f77\u5fa8\u800c\u7acb", "userReviewDate": "33\u5206\u949f\u524d", "userURL": "https://my.qidian.com/user/192550241", "userReview": "\u770b\u5230\u50f5\u5c38\u9053\u957f\u90a3\uff0c\u7adf\u7136\u6ca1\u4e70\u6ca1\u4e70\u4f4d\u9762\u5b66\u58eb\u8d44\u6599\u771f\u611f\u89c9\u5f31\u667a\uff0c\u6b7b\u4e86\u51e0\u767e\u56de\uff0c\u8fd8\u5230\u8fd9\u79cd\u9519\u8bef\uff0c\u53c8\u4e0d\u662f\u7f3a\u79ef\u5206"}, {"userName": "\u767d\u516d\u4e00", "userReviewDate": "37\u5206\u949f\u524d", "userURL": "https://my.qidian.com/user/303445148", "userReview": "\u884c\u661f\uff0c\u6052\u661f\uff0c\u5b87\u5b99\uff0c\u4e3b\u795e\uff0c\u5b87\u5b99\u5929\u795e\uff0c\u5355\u4f53\u5b87\u5b99\uff0c\u591a\u5143\u5b87\u5b99\uff0c\u706d\u4e16\uff0c\u521b\u4e16\u3002\u6211\u53ea\u60f3\u77e5\u9053\u4e3b\u89d2\u8fd8\u8981\u7ecf\u5386\u591a"}, {"userName": "\u767d\u516d\u4e00", "userReviewDate": "38\u5206\u949f\u524d", "userURL": "https://my.qidian.com/user/303445148", "userReview": "\u8fd9\u6b21\u5206\u4e86\u591a\u5c11\u4e2a\u6212\u6307\uff0c\u5c31\u80fd\u5199\u591a\u5c11\u4e2a\u5965\u7279\u4e16\u754c\uff0c\u76ee\u6d4b\u53ef\u4ee5\u5199\u4e2a4\u30015\u6708[fn=12]"}, {"userName": "\u6211\u53ef\u4ee5\u6362\u4e2a\u601d\u8def", "userReviewDate": "2\u5c0f\u65f6\u524d", "userURL": "https://my.qidian.com/user/213085777", "userReview": "\u7b7e\u5230\u6c34\u7ecf\u9a8c"}, {"userName": "\u5c0f\u6f20\u51dbSAMA", "userReviewDate": "6\u5c0f\u65f6\u524d", "userURL": "https://my.qidian.com/user/304708624", "userReview": "\u4f5c\u8005\u4f60\u662f\u6709\u591a\u7231\u5965\u7279\u66fc\uff0c\u65b0\u7ae0\u662f\u5965\u7279\u66fc\uff0c\u5927\u4e8b\u4ef6\u90fd\u662f\u5965\u7279\u66fc\uff0c\u597d\u9189"}, {"userName": "shun\u59da", "userReviewDate": "10\u5c0f\u65f6\u524d", "userURL": "https://my.qidian.com/user/229243322", "userReview": "\u6309\u7167\u8fd9\u79cd\u6d88\u8017\u7684\u8bdd\uff0c\u4f1a\u4e0d\u4f1a\u5f88\u5feb\u5c31\u628a\u91cd\u751f\u6b21\u6570\u603b\u5149\u5462"}, {"userName": "\u4f60\u4e0d\u662f\u6211\u7684\u513f\u5b50", "userReviewDate": "14\u5c0f\u65f6\u524d", "userURL": "https://my.qidian.com/user/218641244", "userReview": "\u7b7e\u5230\uff0c\u7b7e\u5230\u3002"}, {"userName": "\u4f60\u4e0d\u662f\u6211\u7684\u513f\u5b50", "userReviewDate": "14\u5c0f\u65f6\u524d", "userURL": "https://my.qidian.com/user/218641244", "userReview": "\u7b7e\u5230[fn=32]"}, {"userName": "\u5415\u5929\u867e13406", "userReviewDate": "14\u5c0f\u65f6\u524d", "userURL": "https://my.qidian.com/user/316355271", "userReview": "\u7b7e\u9876\u7b7e\u5230\u7b7e\u9876\u7b7e\u5230"}, {"userName": "\u4f60\u4e0d\u662f\u6211\u7684\u513f\u5b50", "userReviewDate": "15\u5c0f\u65f6\u524d", "userURL": "https://my.qidian.com/user/218641244", "userReview": "\u7b7e\u5230[fn=32]"}, {"userName": "\u4f60\u4e0d\u662f\u6211\u7684\u513f\u5b50", "userReviewDate": "\u6628\u65e501:27", "userURL": "https://my.qidian.com/user/218641244", "userReview": "\u7b7e\u5230[fn=32]"}], "description": "\u661f\u6d77\u6f2b\u6e38\uff0c\u65f6\u7a7a\u7a7f\u68ad\uff0c\u673a\u68b0\u79d1\u6280\uff0c\u76ee\u6807\u662f\u672a\u77e5\u7684\u661f\u8fb0\u5927\u6d77\uff01", "title": "\u4f4d\u9762\u65e0\u9650\u91cd\u751f", "url": "https://book.qidian.com/info/1004160702", "average": -1.0, "cover": "//qidian.qpic.cn/qdbimg/349573/1004160702/180", "reviews": -1, "authors": [{"url": "https://me.qidian.com/authorIndex.aspx?id=3188585", "name": "\u6d45\u60a0\u51c9"}], "type": ["\u79d1\u5e7b", "\u65f6\u7a7a\u7a7f\u68ad", "\u4e8c\u6b21\u5143"], "outlinks": ["https://book.qidian.com/info/1004160702", "https://book.qidian.com/info/1010942512", "https://book.qidian.com/info/1010942512", "https://book.qidian.com/info/1010830086", "https://book.qidian.com/info/1010830086", "https://book.qidian.com/info/1010242566", "https://book.qidian.com/info/1010242566", "https://book.qidian.com/info/1009421609", "https://book.qidian.com/info/1009421609", "https://book.qidian.com/info/1010890987", "https://book.qidian.com/info/1010890987", "https://book.qidian.com/info/1010510263", "https://book.qidian.com/info/1010510263", "https://book.qidian.com/info/2715338", "https://book.qidian.com/info/2715338", "https://book.qidian.com/info/3400845", "https://book.qidian.com/info/3400845", "https://book.qidian.com/info/1011814764", "https://book.qidian.com/info/1011636462", "https://book.qidian.com/info/1012011143", "https://book.qidian.com/info/1011989615", "https://book.qidian.com/info/1011979302", "https://book.qidian.com/info/1011962232", "https://book.qidian.com/info/1012020634", "https://book.qidian.com/info/1011923738", "https://book.qidian.com/info/1012020834", "https://book.qidian.com/info/1011973977"]}