{"ratings": 0.0, "userreviews": [{"userName": "\u543e\u4e43\u674e\u4f73\u7389", "userReviewDate": "2018-04-24", "userURL": "https://my.qidian.com/user/300469388", "userReview": "\u5176\u5b9e\u5361\u5bc6\u62c9\u662f\u6211\u6bd4\u8f83\u559c\u6b22\u7684\u89d2\u8272\uff0c\u662f\u4e2a\u75f4\u60c5\u7684\u5973\u4eba\uff0c\u590d\u6d3b\u4e4b\u540e\u53bb\u627e\u81ea\u5df1\u8001\u516c\uff0c\u53ef\u5374\u53d1\u73b0\u4ed6\u7adf\u7136\u5a36\u4e86\u522b\u7684"}, {"userName": "Angel\u4e4b\u6cea", "userReviewDate": "3\u5206\u949f\u524d", "userURL": "https://my.qidian.com/user/215493320", "userReview": "\u770b\u523040\u770b\u4e0d\u4e0b\u53bb\u4e86\uff0c\u4f60\u662f\u4e3b\u89d2\u554a\uff0c\u5f04\u7389\u662f\u8c01\uff0c\u603b\u5b57\u6570\u6ca1\u6709\u4e00\u7ae0\u7684\u89d2\u8272\uff0c\u5979\u8bf4\u5565\u5c31\u662f\u5565\uff1f\u5979\u662f\u8c01\uff1f\uff1f\uff1f"}, {"userName": "\u4e66\u53cb20180121200526521", "userReviewDate": "14\u5c0f\u65f6\u524d", "userURL": "https://my.qidian.com/user/312888781", "userReview": "\u4f5c\u8005\uff0c\u4f60\u96be\u9053\u4e0d\u77e5\u9053\u5308\u5974\u4e5f\u662f\u708e\u9ec4\u5b50\u5b59\u5417\uff1f\u4e5d\u9ece\uff0c\u5e1d\u6c5f\u90a3\u90e8\u3002\u3002\u3002"}, {"userName": "\u5929\u7984\u7433\u7405\u7136\u5e76\u5375", "userReviewDate": "17\u5c0f\u65f6\u524d", "userURL": "https://my.qidian.com/user/225506708", "userReview": "\u4f60\u8fd9\u4e16\u754c\u548c\u4ed9\u4eba\u7684\u7b49\u7ea7\u4e0d\u5bf9\u79f0\u554a\uff0c\u9e3f\u94a7\u80fd\u521b\u9020\u4e16\u754c\u4e0d\u5931\u8d25\u5417\uff0c\u4ed6\u5408\u9053\u540e\u4e0d\u4e00\u5b9a\u80fd\u6253\u5f97\u8fc7\u76d8\u53e4\u5462\uff0c"}, {"userName": "\u9ec4\u98ce\u602a\u5c3e\u7ffc", "userReviewDate": "17\u5c0f\u65f6\u524d", "userURL": "https://my.qidian.com/user/209455167", "userReview": "\u9ad8\u8fbe\uff0c\u9ad8\u8fbe\uff0c\u9ad8\u8fbe\uff0c\u53bb\uff0c\u9ad8\u8fbe\u554a"}, {"userName": "\u3006\u666f\u9053\u5b50", "userReviewDate": "22\u5c0f\u65f6\u524d", "userURL": "https://my.qidian.com/user/152650238", "userReview": "\u90a3\u4ec0\u4e48\uff0c\u8ddd\u79bb\u51e0\u5149\u5e74\u7684\u661f\u7403\uff0c\u770b\u5230\u95ea\u5149\uff0c\u90a3\u4e0d\u662f\u5f97\u7b49\u4e2a\u51e0\u5e74\u624d\u884c\u4e48\u3002"}, {"userName": "\u5929\u4f7f1100000", "userReviewDate": "\u6628\u65e505:50", "userURL": "https://my.qidian.com/user/119592405", "userReview": "\u7b7e\u5230\u6c34\u7ecf\u9a8c"}, {"userName": "LAKS", "userReviewDate": "2018-06-07", "userURL": "https://my.qidian.com/user/215557686", "userReview": "\u8d85\u795e\u5b66\u9662\u4e4b\u96c4\u5175\u8fde\u3002\u53ef\u4ee5\u8003\u8651\u52a0\u8fdb\u53bb\u7684\uff0c\u4f5c\u8005\u5927\u5927\uff0c\u5f88\u5408\u9002\u7684[fn=43]"}, {"userName": "LAKS", "userReviewDate": "2018-06-07", "userURL": "https://my.qidian.com/user/215557686", "userReview": "\u7b7e\u5230\u6c34\u7ecf\u9a8c"}, {"userName": "\u4e66\u53cb140401222910156", "userReviewDate": "2018-06-07", "userURL": "https://my.qidian.com/user/178574436", "userReview": "\u611f\u60c5\u620f\u5199\u7684\u4e5f\u592a\u6bd2\u4e86\u70b9\uff0c\u8fd9\u662f\u5f3a\u70c8\u529d\u9000\u7684\u8282\u594f\u554a\uff0c\u8ba9\u4eba\u65e0\u529b\u5410\u69fd\uff01"}, {"userName": "\u5415\u5929\u867e13141", "userReviewDate": "2018-06-07", "userURL": "https://my.qidian.com/user/316088545", "userReview": "\u517b\u80a5\u518d\u770b\u5427"}, {"userName": "\u51fa\u95e8\u5e26\u7740\u8001\u864e", "userReviewDate": "2018-06-06", "userURL": "https://my.qidian.com/user/170611698", "userReview": "\u5efa\u8bae\u662f   \u66f4\u65b0\u592a\u6162\uff01  \u592a\u6162\uff01\uff01  \u592a\u6162\uff01\uff01\uff01\u91cd\u8981\u7684\u4e8b\u60c5\u8bf4\u4e09\u904d   \u5728\u8bf4\u4e09\u904d \u66f4\u65b0 \u592a\u6162"}, {"userName": "\u543e\u4e43\u674e\u4f73\u7389", "userReviewDate": "2018-06-05", "userURL": "https://my.qidian.com/user/300469388", "userReview": "\u8ddf\u65b0\u592a\u6162\u4e86"}, {"userName": "\u5929\u4f7f1100000", "userReviewDate": "2018-06-05", "userURL": "https://my.qidian.com/user/119592405", "userReview": "\u7b7e\u5230\u6c34\u7ecf\u9a8c"}], "description": "\u661f\u6d77\u6f2b\u6e38\uff0c\u65f6\u7a7a\u7a7f\u68ad\uff0c\u673a\u68b0\u79d1\u6280\uff0c\u76ee\u6807\u662f\u672a\u77e5\u7684\u661f\u8fb0\u5927\u6d77\uff01", "title": "\u4f4d\u9762\u4e4b\u53ec\u5524\u5927\u519b", "url": "https://book.qidian.com/info/1010053068", "average": -1.0, "cover": "//qidian.qpic.cn/qdbimg/349573/1010053068/180", "reviews": -1, "authors": [{"url": "https://me.qidian.com/authorIndex.aspx?id=12583397", "name": "\u75af\u72c2\u7684K"}], "type": ["\u79d1\u5e7b", "\u65f6\u7a7a\u7a7f\u68ad"], "outlinks": ["https://book.qidian.com/info/1010053068", "https://book.qidian.com/info/1009352060", "https://book.qidian.com/info/1009352060", "https://book.qidian.com/info/1011067362", "https://book.qidian.com/info/1011067362", "https://book.qidian.com/info/1009436374", "https://book.qidian.com/info/1009436374", "https://book.qidian.com/info/1009984006", "https://book.qidian.com/info/1009984006", "https://book.qidian.com/info/1009969633", "https://book.qidian.com/info/1009969633", "https://book.qidian.com/info/1005829052", "https://book.qidian.com/info/1005829052", "https://book.qidian.com/info/1007092683", "https://book.qidian.com/info/1007092683", "https://book.qidian.com/info/1011814764", "https://book.qidian.com/info/1011636462", "https://book.qidian.com/info/1012011143", "https://book.qidian.com/info/1011989615", "https://book.qidian.com/info/1011979302", "https://book.qidian.com/info/1011962232", "https://book.qidian.com/info/1012020634", "https://book.qidian.com/info/1011923738", "https://book.qidian.com/info/1012020834", "https://book.qidian.com/info/1011973977"]}