{"ratings": 0.0, "userreviews": [{"userName": "\u4e5d\u8272\u83b2\u82b11", "userReviewDate": "5\u5c0f\u65f6\u524d", "userURL": "https://my.qidian.com/user/200855667", "userReview": "\u6211\u662f\u770b\u5230\u4e3b\u89d2\u7684\u540d\u5b57\u5c31\u5f03\u7684"}, {"userName": "\u542c\u96e8\u7684\u65cb\u5f8b", "userReviewDate": "\u6628\u65e513:05", "userURL": "https://my.qidian.com/user/211968886", "userReview": "\u8fd8\u6ca1\u6709\u4e0a\u4e00\u90e8\u597d\u770b\u3002\u3002\u3002\u3002"}, {"userName": "\u54d2\u54d2\u54d2520", "userReviewDate": "\u6628\u65e500:36", "userURL": "https://my.qidian.com/user/220740625", "userReview": "\u6218\u4e94\u6e23\uff0c\u6ca1\u6bdb\u75c5"}, {"userName": "\u4e66\u53cb150105102240015", "userReviewDate": "\u6628\u65e500:09", "userURL": "https://my.qidian.com/user/198188229", "userReview": "\u4f5c\u8005\u96be\u9053\u4e0d\u770b\u4e0b\u4e0a\u4f20\u7684\u5185\u5bb9\u5417\uff1f \u65e0\u9650\u91cd\u590d\u704c\u6c34"}, {"userName": "\u541b\u5411\u6f47\u6e58\u6211\u5411\u79e6", "userReviewDate": "2018-06-07", "userURL": "https://my.qidian.com/user/307034552", "userReview": "\u4e3b\u89d2\u540d\u5b57\u5c31\u8ba9\u6211\u6ca1\u6709\u770b\u8fd9\u672c\u4e66\u7684\u5174\u8da3\u4e86"}, {"userName": "\u5f04\u54e6\u632a\u4e2a", "userReviewDate": "2018-06-07", "userURL": "https://my.qidian.com/user/227181523", "userReview": "\u6218\u4e94\u6e23\u8fd8\u80fd\u5f53\u4e3b\u89d2\uff0c\u5f53\u4e86\u4e3b\u89d2\u540e\u5c31\u4e0d\u53ef\u80fd\u518d\u662f\u6218\u4e94\u6e23\u3002\u540d\u5b57\u592a\u5410\u69fd\u4e86\u3002\u8fd9\u662f\u8fd9\u672c\u4e66\u4e3b\u89d2\u4e00\u751f\u7684\u75db\uff0c\u5728\u725b"}, {"userName": "\u662d\u4e91\u66ae\u96e8", "userReviewDate": "2018-06-07", "userURL": "https://my.qidian.com/user/212022175", "userReview": "\u770b\u4e86\u4e00\u767e\u591a\u7ae0\uff0c\u4e3b\u89d2\u6bcf\u6b21\u7a7f\u8d8a\u56de\u6765\u90fd\u8981\u88ab\u5438\u5e72\u529f\u529b\uff0c\u91cd\u65b0\u4fee\u70bc\uff0c\u8fd9\u6837\u6709\u610f\u601d\u5417"}, {"userName": "\u770b\u5c0f\u8bf4\u5f81\u9053", "userReviewDate": "2018-06-07", "userURL": "https://my.qidian.com/user/214902675", "userReview": "\u4e0d\u4f1a\u7ed3\u5c40\u53c8\u6765\u4e00\u6b21\uff0c\u6211\u662f\u8c01\uff1f\u6211\u5728\u54ea\uff1f\uff0c\u5427"}, {"userName": "\u86c0\u4e66\u6bdb\u6bdb\u866b", "userReviewDate": "2018-06-05", "userURL": "https://my.qidian.com/user/230174632", "userReview": "\u7b2c\u4e00\u7ae0\u7684\u5957\u8def\u4f60\u5c31\u544a\u8bc9\u6211\u8fd9\u662f\u4e00\u672c\u4f20\u7edf\u7684\u5c0f\u767d\u6587\uff0c\u7136\u540e\u767e\u7ae0\u5185\u4f60\u5c31\u8bc1\u660e\u4e86\u8fd9\u662f\u4e00\u672c\u65e0\u8111\u6d41\u723d\u6587\u3002"}, {"userName": "\u3010\u2237\u9f99\u543b\u2605\u3011", "userReviewDate": "2018-06-05", "userURL": "https://my.qidian.com/user/20111010", "userReview": "\u7b7e\u5230\u6c34\u7ecf\u9a8c"}, {"userName": "\u841d\u8389\u5230\u7897\u91cc\u6765", "userReviewDate": "2018-06-03", "userURL": "https://my.qidian.com/user/210981927", "userReview": "\u4e3b\u89d2\u540d\u5b57\u5947\u8469\u4f1a\u529d\u9000\u5f88\u591a\u4eba"}, {"userName": "\u70bd\u5929\u4f7f\u98de\u68a6", "userReviewDate": "2018-06-03", "userURL": "https://my.qidian.com/user/124110838", "userReview": "\u6211\u53bb645\u8fd8\u662f\u9632\u76d7 "}, {"userName": "\u95fb\u8336\u9999", "userReviewDate": "2018-06-03", "userURL": "https://my.qidian.com/user/214446774", "userReview": "\u72ac\u591c\u53c9\u7684\u7ed3\u5c40\u662f\u70c2\u5c3e\u7684\uff0c\u4ee5\u524d\u770b\u4e86\u51e0\u767e\u96c6\uff0c\u5230\u6700\u540e\u6700\u7ec8boss\u968f\u4fbf\u5c31\u6b7b\u4e86\uff0c\u5f7b\u5e95\u5931\u671b\uff0c\u524d\u671fboss"}, {"userName": "\u5b70\u4e91\u767d\u672a\u7384", "userReviewDate": "2018-06-02", "userURL": "https://my.qidian.com/user/216459481", "userReview": "\u8fd8\u6ca1\u770b\u8fd9\u672c\u4e66\uff0c\u4f46\u770b\u4e3b\u89d2\u540d\u5b57\u5c31\u60f3\u5230\u4e86\u90d1\u5412"}], "description": "\u661f\u6d77\u6f2b\u6e38\uff0c\u65f6\u7a7a\u7a7f\u68ad\uff0c\u673a\u68b0\u79d1\u6280\uff0c\u76ee\u6807\u662f\u672a\u77e5\u7684\u661f\u8fb0\u5927\u6d77\uff01", "title": "\u4f4d\u9762\u952e\u76d8", "url": "https://book.qidian.com/info/1009894541", "average": -1.0, "cover": "//qidian.qpic.cn/qdbimg/349573/1009894541/180", "reviews": -1, "authors": [{"url": "https://me.qidian.com/authorIndex.aspx?id=4609263", "name": "\u592a\u7384\u963f\u4e5d"}], "type": ["\u79d1\u5e7b", "\u65f6\u7a7a\u7a7f\u68ad"], "outlinks": ["https://book.qidian.com/info/1009894541", "https://book.qidian.com/info/1010043855", "https://book.qidian.com/info/1010043855", "https://book.qidian.com/info/1010234032", "https://book.qidian.com/info/1010234032", "https://book.qidian.com/info/1010255877", "https://book.qidian.com/info/1010255877", "https://book.qidian.com/info/1010861308", "https://book.qidian.com/info/1010861308", "https://book.qidian.com/info/1010804210", "https://book.qidian.com/info/1010804210", "https://book.qidian.com/info/1010007512", "https://book.qidian.com/info/1010007512", "https://book.qidian.com/info/3516056", "https://book.qidian.com/info/3516056", "https://book.qidian.com/info/3614681", "https://book.qidian.com/info/3614681", "https://book.qidian.com/info/1011814764", "https://book.qidian.com/info/1011636462", "https://book.qidian.com/info/1012011143", "https://book.qidian.com/info/1011989615", "https://book.qidian.com/info/1011979302", "https://book.qidian.com/info/1011962232", "https://book.qidian.com/info/1012020634", "https://book.qidian.com/info/1011923738", "https://book.qidian.com/info/1012020834", "https://book.qidian.com/info/1011973977"]}