{"ratings": 0.0, "userreviews": [{"userName": "\u5f20\u72c2\u6253\u4e4b", "userReviewDate": "2018-03-29", "userURL": "https://my.qidian.com/user/178547927", "userReview": "\u6211\u662f\u7c89\u4e1d\uff0c\u6c42\u5927\u5927\u52a0\u7cbe\uff0c\u770b\u5230\u73b0\u5728\u975e\u5e38\u559c\u6b22\u8fd9\u672c\u4e66\uff0c\u60f3\u8981\u641e\u4e00\u4e2a\u6d3b\u52a8\uff0c\u4e1c\u65b9\u7389\u4e0b\u4e00\u6b21\u4f1a\u7a7f\u8d8a\u5230\u4ec0\u4e48\u4f4d\u9762"}, {"userName": "\u8d77\u70b9\u4e2d\u6587\u7f51", "userReviewDate": "2017-11-21", "userURL": "https://my.qidian.com/user/33597", "userReview": "\u8fd9\u6837\u7684\u559c\u4e8b\uff0c\u4eca\u665a\u505a\u68a6\u90fd\u4f1a\u5077\u7740\u4e50\u5427\uff0c\u6709\u8fd9\u6837\u5e9e\u5927\u7684\u8bfb\u8005\u505a\u540e\u76fe\uff0c\u5343\u7fe0\u767e\u604b\u7684\u5199\u4f5c\u65c5\u9014\u80af\u5b9a\u4e0d\u4f1a\u5bc2\u5bde\uff01"}, {"userName": "\u7687\u65cf\u4e3f\u964d\u4e34", "userReviewDate": "2016-12-05", "userURL": "https://my.qidian.com/user/201736115", "userReview": "\u7687\u65cf\u4e3f\u964d\u4e34\u6253\u8d4f\u5343\u7fe0\u767e\u604b 100000\u8d77\u70b9\u5e01\u3000\u4e0b\u6b21\u7535\u68af\u7a7f\u5230\u52a8\u6f2b\u6b7b\u795e\u91cc\uff01\uff01\uff01"}, {"userName": "\u5e7b\u5929\u7693\u6708", "userReviewDate": "2016-11-22", "userURL": "https://my.qidian.com/user/154827844", "userReview": "\u5e7b\u5929\u7693\u6708\u6253\u8d4f\u5343\u7fe0\u767e\u604b 50000\u8d77\u70b9\u5e01\u3000\u8fd9\u672c\u4e66\u5199\u7684\u592a\u597d\u4e86,\u7292\u52b3\u4e00\u4e0b\u5e0c\u671b\u540e\u7eed\u66f4\u7cbe\u5f69!"}, {"userName": "\u5411\u5bb6\u5c11\u5e74", "userReviewDate": "20\u5206\u949f\u524d", "userURL": "https://my.qidian.com/user/223092792", "userReview": "\u8fd8\u6709\u4eba\u770b\uff1f\u4f30\u8ba1\u4e5f\u5c31\u662f\u571f\u661f\u6728\u661f\u5927\u5c0f\u7684\u6d2a\u8352\u5c45\u7136\u8fd8\u6709\u4eba\u770b\uff1f\u4f60\u4eec\u662f\u89c9\u5f97\u5723\u4eba\u4e0d\u591f\u5f31\u5417\uff1f\u5176\u5b9e\u4f5c\u8005\u5199\u7684\u4e5f"}, {"userName": "\u6b32\u671b\u73ab\u7470\u5760\u5929\u4f7f", "userReviewDate": "56\u5206\u949f\u524d", "userURL": "https://my.qidian.com/user/125235503", "userReview": "\u4f5c\u8005\u5927\u5927\u53ef\u4ee5\u5199\uff08\u4e71\u9a6c2\uff0f1\uff09\uff0c\uff08\u72ac\u591c\u53c9\uff09\uff08\u673a\u5668\u732b\uff09\u5427"}, {"userName": "\u6076\u4e36\u5416", "userReviewDate": "2\u5c0f\u65f6\u524d", "userURL": "https://my.qidian.com/user/303967577", "userReview": "\u6709\u5996\u732b\u4f20\u5417\uff0c\u5199\u5199\u5996\u732b\u4f20\u5427\uff0c\u559c\u6b22\u8fd9\u90e8\u7535\u5f71\u7684\u62dc\u6258\u5144\u5f1f\u59d0\u59b9\u4eec\u9876\u4e00\u4e0b"}, {"userName": "\u5578\u8bed\u51b0", "userReviewDate": "9\u5c0f\u65f6\u524d", "userURL": "https://my.qidian.com/user/213605917", "userReview": "nfnsv"}, {"userName": "\u5578\u8bed\u51b0", "userReviewDate": "9\u5c0f\u65f6\u524d", "userURL": "https://my.qidian.com/user/213605917", "userReview": "fbbsv"}, {"userName": "7758", "userReviewDate": "18\u5c0f\u65f6\u524d", "userURL": "https://my.qidian.com/user/31111", "userReview": "\u6211\u662f\u6765\u5b8c\u6210\u4e66\u8bc4\u4efb\u52a1\u7684"}, {"userName": "\u6b7b\u795e\u5341\u5203", "userReviewDate": "20\u5c0f\u65f6\u524d", "userURL": "https://my.qidian.com/user/214673817", "userReview": "\u5e9f\u4e86\uff0c\u5f00\u65b0\u4e66\u5427\uff01"}, {"userName": "\u518d\u8a01", "userReviewDate": "24\u5c0f\u65f6\u524d", "userURL": "https://my.qidian.com/user/305291994", "userReview": "\u5f53\u7136\uff0c\u6211\u5bf9\u6b64\u8868\u793a\u8d28\u7591"}, {"userName": "\u963f\u6ce2\u83f2\u65af\u4e4b\u5149", "userReviewDate": "\u6628\u65e511:39", "userURL": "https://my.qidian.com/user/167118077", "userReview": "\u6bcf\u5929\u4e00\u7b7e\u5230\uff0c\u7b7e\u5230\u5f97\u7ecf\u9a8c"}, {"userName": "\u67af\u53f6\u8fc7\u6cb3\u5168\u9760\u6d6a", "userReviewDate": "\u6628\u65e506:18", "userURL": "https://my.qidian.com/user/224855054", "userReview": "\u609f\u7a7a\u7bc7\u4e0d\u60f3\u770b\u4e86\u8df3\u8fc7\u5750\u7b49\u66f4\u65b0"}], "description": "\u65e0\u9650\u6d41\u4f73\u54c1\uff0c\u4e58\u5750\u4e00\u4e2a\u80fd\u591f\u4f20\u9001\u65f6\u7a7a\u7684\u8001\u65e7\u7535\u68af\uff0c\u4e07\u5206\u7cbe\u5f69\uff01", "title": "\u4f4d\u9762\u7535\u68af", "url": "https://book.qidian.com/info/1003353824", "average": -1.0, "cover": "//qidian.qpic.cn/qdbimg/349573/1003353824/180", "reviews": -1, "authors": [{"url": "https://me.qidian.com/authorIndex.aspx?id=6462293", "name": "\u5343\u7fe0\u767e\u604b"}], "type": ["\u79d1\u5e7b", "\u65f6\u7a7a\u7a7f\u68ad", "\u4e8c\u6b21\u5143"], "outlinks": ["https://book.qidian.com/info/1003353824", "https://book.qidian.com/info/1010242566", "https://book.qidian.com/info/1010242566", "https://book.qidian.com/info/1010293035", "https://book.qidian.com/info/1010293035", "https://book.qidian.com/info/1010830086", "https://book.qidian.com/info/1010830086", "https://book.qidian.com/info/1010859271", "https://book.qidian.com/info/1010859271", "https://book.qidian.com/info/1010942512", "https://book.qidian.com/info/1010942512", "https://book.qidian.com/info/1010563262", "https://book.qidian.com/info/1010563262", "https://book.qidian.com/info/1011814764", "https://book.qidian.com/info/1011636462", "https://book.qidian.com/info/1012011143", "https://book.qidian.com/info/1011989615", "https://book.qidian.com/info/1011979302", "https://book.qidian.com/info/1011962232", "https://book.qidian.com/info/1012020634", "https://book.qidian.com/info/1011923738", "https://book.qidian.com/info/1012020834", "https://book.qidian.com/info/1011973977"]}