{"ratings": 0.0, "userreviews": [{"userName": "\u6211\u624b\u6709\u6bd2", "userReviewDate": "2018-05-30", "userURL": "https://my.qidian.com/user/304773717", "userReview": "\u8d77\u70b9\u5c31\u8be5\u591a\u4e00\u70b9\u8fd9\u6837\u7684\u4eba\u624d"}, {"userName": "\u6700\u70e6\u5723\u6bcd\u5a4a", "userReviewDate": "2018-05-31", "userURL": "https://my.qidian.com/user/312738288", "userReview": "\u597d\u4e66\uff0c\uff01\uff01\uff01\uff01\uff01\uff01"}, {"userName": "\u840c\u53d1\u7231\u7231", "userReviewDate": "2018-05-30", "userURL": "https://my.qidian.com/user/124434533", "userReview": "\u592a******\u4e86\uff0c\u3002"}, {"userName": "\u6b7b\u4eba\u603b\u4f1a\u6b7b", "userReviewDate": "2018-05-26", "userURL": "https://my.qidian.com/user/213413401", "userReview": "\u5b57\u6570\u592a\u5c11\u4e86\uff0c\u4e0d\u8fc7\u5199\u7684\u8fd8\u53ef\u4ee5\u5427"}], "description": "\u9b54\u517d\u8df5\u8e0f\uff0c\u5de8\u9f99\u5486\u54ee\uff0c\u5deb\u5e08\u8bc5\u5492\uff0c\u9b54\u6cd5\u7480\u74a8\u4e4b\u5149\u7167\u8000\u77e5\u8bc6\u706f\u5854\uff01", "title": "\u4f4d\u9762\u6700\u5f3a\u4fee\u6539\u5668", "url": "https://book.qidian.com/info/1012019823", "average": -1.0, "cover": "//qidian.qpic.cn/qdbimg/349573/1012019823/180", "reviews": -1, "authors": [{"url": "https://me.qidian.com/authorIndex.aspx?id=402435895", "name": "\u7eaf\u6d01\u7684\u5409"}], "type": ["\u5947\u5e7b", "\u53e6\u7c7b\u5e7b\u60f3"], "outlinks": ["https://book.qidian.com/info/1012019823", "https://book.qidian.com/info/1010348051", "https://book.qidian.com/info/1010348051", "https://book.qidian.com/info/1010210014", "https://book.qidian.com/info/1010210014", "https://book.qidian.com/info/1010051104", "https://book.qidian.com/info/1010051104", "https://book.qidian.com/info/1004866979", "https://book.qidian.com/info/1004866979", "https://book.qidian.com/info/1005784196", "https://book.qidian.com/info/1005784196", "https://book.qidian.com/info/1004995075", "https://book.qidian.com/info/1004995075", "https://book.qidian.com/info/1011194349", "https://book.qidian.com/info/1011966445", "https://book.qidian.com/info/1011923635", "https://book.qidian.com/info/1011996030", "https://book.qidian.com/info/1011894816", "https://book.qidian.com/info/1011954628", "https://book.qidian.com/info/1011324769", "https://book.qidian.com/info/1005209240", "https://book.qidian.com/info/1011806768", "https://book.qidian.com/info/1011417251"]}