{"ratings": 0.0, "userreviews": [{"userName": "\u5343\u4e4b\u7409\u7483", "userReviewDate": "2018-06-01", "userURL": "https://my.qidian.com/user/201390682", "userReview": "\u600e\u4e48\u56de\u4e8b\u7535\u7ade\u770b\u4e0d\u5230\u4e86"}, {"userName": "\u4e07\u4e16\u8f6e\u56deaa", "userReviewDate": "2018-05-31", "userURL": "https://my.qidian.com/user/308859781", "userReview": "\u7b7e\u5230\u3002\u3002\u3002"}, {"userName": "\u65e0\u60c5\u9053\u5c0a", "userReviewDate": "2018-05-30", "userURL": "https://my.qidian.com/user/146658419", "userReview": "\u53ea\u8981\u56de\u590d\u4e5d\u5c31\u53ef\u4ee5\u7a7f\u8d8a\uff01"}, {"userName": "\u771f\u5b9e\u795e\u6811", "userReviewDate": "2018-05-26", "userURL": "https://my.qidian.com/user/187931580", "userReview": "\u624d\u770b\uff0c\u95ee\u4e00\u4e0b\u6709\u51e0\u4e2a\u5973\u4e3b"}, {"userName": "\u5929\u7f5a\u52ab\u706b", "userReviewDate": "2018-05-26", "userURL": "https://my.qidian.com/user/177381285", "userReview": "\u652f\u6301\u56fd\u6f2b\uff01\u6700\u8fd1\u51e0\u5e74\u56fd\u6f2b\u53d1\u5c55\u8fc5\u901f\uff01\u867d\u7136\u52a8\u6f2b\u753b\u9762\u5236\u4f5c\u65b9\u9762\u8fd8\u4e0d\u80fd\u4e0e\u65e5\u672c\u8fd9\u79cd\u56fd\u5bb6\u76f8\u6bd4\uff01\uff01\u4f46\u8eab\u4e3a\u4e2d\u56fd"}, {"userName": "\u53eb\u6211\u738b\u4e0a", "userReviewDate": "2018-05-24", "userURL": "https://my.qidian.com/user/213747472", "userReview": "\u9b3c\u8c37\u4e00\u751f\u53ea\u6536\u4e24\u540d\u5f1f\u5b50\uff0c\u5343\u5e74\u4e0d\u6539\uff0c\u5c31\u95ee\u4e3b\u89d2\u51ed\u4ec0\u4e48\u8ba9\u9b3c\u8c37\u7834\u4f8b\uff1f\u8fd8\u80fd\u8ba9\u6211\u5927\u536b\u5e84\u5bf9\u4f60\u75bc\u7231\u6709\u52a0\uff1f"}, {"userName": "\u75f4\u795e\u5440", "userReviewDate": "2018-04-28", "userURL": "https://my.qidian.com/user/117954247", "userReview": "\u518d\u52a0\u4e00\u53e5\u8bdd\uff0c\u4e3b\u89d2\u7684\u76ee\u6807\u662f\u4ec0\u4e48\uff1f[fn=39]\u611f\u89c9\u5c31\u662f\u8ddf\u7740\u5267\u60c5\u8d70\u5728\u6253\u9171\u6cb9\u3002"}, {"userName": "\u900d\u9065\u4eba\u751f\u900d\u9065\u8def", "userReviewDate": "2018-04-23", "userURL": "https://my.qidian.com/user/308767460", "userReview": "\u7b80\u4ecb\u597d\u6c14\u4eba\u54e6\ufeff\u2299\u2200\u2299\uff01"}, {"userName": "\u771f\u5b9e\u5341\u6c0f", "userReviewDate": "2018-04-07", "userURL": "https://my.qidian.com/user/308313701", "userReview": "\u6211\u5c31\u8fd9\u4e48\u8bf4\u5427\u3002\u8fd9\u90e8\u5c0f\u8bf4\u770b\u4e86\u7684\u4e0d\u6015\u667a\u5546\u4ece100\u8dcc\u501210\u7684\u5c3d\u7ba1\u770b"}, {"userName": "\u75f4\u795e\u5440", "userReviewDate": "2018-04-03", "userURL": "https://my.qidian.com/user/117954247", "userReview": "\u770b\u8fc7\u52a8\u753b\u7684\u6211\u8868\u793a\u5f88\u5c34\u5c2c\ud83d\ude13\uff0c\u51e0\u4e4e\u4e00\u6210\u4e0d\u53d8\uff01"}, {"userName": "\u98ce\u95f4\u5e7d\u9999\u516b\u4e91\u58a8", "userReviewDate": "2018-03-19", "userURL": "https://my.qidian.com/user/229191228", "userReview": "\u4e5d\uff0c\u6211\u7a7f\u8d8a\u4e86"}, {"userName": "\u9b16\u66d0\u767d", "userReviewDate": "2018-03-12", "userURL": "https://my.qidian.com/user/224939747", "userReview": "\u8bf7\u52a1\u97ad\u5c38\uff0c\u8bf7\u52a1\u5fc5\u97ad\u5c38\uff0c\uff0c\uff0c\uff0c\uff0c"}, {"userName": "\u4e66\u8352\u4e4b\u8c1c", "userReviewDate": "2018-03-07", "userURL": "https://my.qidian.com/user/214782818", "userReview": "\u65e0\u8bed\u4e86\uff0cAK\u540e\u5750\u529b\u7b97\u662f\u5f88\u5c0f\u7684\u4e86\uff0c\u4e3b\u89d2\u7ec3\u4e86\u8fd9\u4e48\u591a\u5e74\u7684\u529f\u592b\u8fd8\u4f1a\u88ab\u9876\u98de\uff1f\uff0c\u771f\u6bd2"}, {"userName": "bling\u6208\u6b4c", "userReviewDate": "2018-03-07", "userURL": "https://my.qidian.com/user/310484675", "userReview": "      \u7b7e\u5230"}], "description": "\u6fc0\u840c\u7684\u841d\u8389\uff0c\u70ed\u8840\u7684\u5c11\u5e74\uff0c\u4e3a\u6253\u7834\u6b21\u5143\u58c1\u4e00\u5f80\u65e0\u524d\uff01", "title": "\u4f4d\u9762\u56e0\u679c\u7cfb\u7edf", "url": "https://book.qidian.com/info/1004199946", "average": -1.0, "cover": "//qidian.qpic.cn/qdbimg/349573/1004199946/180", "reviews": -1, "authors": [{"url": "https://me.qidian.com/authorIndex.aspx?id=7489256", "name": "\u4e03\u661f\u5c11\u5c06"}], "type": ["\u4e8c\u6b21\u5143", "\u884d\u751f\u540c\u4eba", "\u4e8c\u6b21\u5143"], "outlinks": ["https://book.qidian.com/info/1004199946", "https://book.qidian.com/info/1010770545", "https://book.qidian.com/info/1010770545", "https://book.qidian.com/info/1010860831", "https://book.qidian.com/info/1010860831", "https://book.qidian.com/info/1010279341", "https://book.qidian.com/info/1010279341", "https://book.qidian.com/info/1010795394", "https://book.qidian.com/info/1010795394", "https://book.qidian.com/info/1010775322", "https://book.qidian.com/info/1010775322", "https://book.qidian.com/info/1009474533", "https://book.qidian.com/info/1009474533", "https://book.qidian.com/info/1003648925", "https://book.qidian.com/info/1003648925", "https://book.qidian.com/info/1005762481", "https://book.qidian.com/info/1005762481", "https://book.qidian.com/info/1009877843", "https://book.qidian.com/info/1009877843", "https://book.qidian.com/info/1011447361", "https://book.qidian.com/info/1011447361", "https://book.qidian.com/info/1011443057", "https://book.qidian.com/info/1011977706", "https://book.qidian.com/info/1011970575", "https://book.qidian.com/info/1011722301", "https://book.qidian.com/info/1012058179", "https://book.qidian.com/info/1010868275", "https://book.qidian.com/info/1012020887", "https://book.qidian.com/info/1011904081"]}