{"ratings": 0.0, "userreviews": [{"userName": "\u54ac\u6587\u56bc\u7eb8", "userReviewDate": "2018-04-29", "userURL": "https://my.qidian.com/user/222501004", "userReview": "1\u3001\u78b3\u6676\u7535\u6c60\u7684\u6765\u6e90\u524d\u6587\u505a\u4e86\u5f88\u591a\u94fa\u57ab\uff0c\u4eceIICE\u8bbe\u5907\u518d\u5230\u84dd\u661f\u79d1\u5b66\u5bb6\u5b89\u5fb7\u6c11\u63d0\u70b9\u83b7\u5f97\u56fe\u7eb8\uff0c\u518d\u5230\u4ece"}, {"userName": "\u65e0\u804a\u6ca1\u4e8b\u5e72\u5e72\u5e72", "userReviewDate": "2017-11-08", "userURL": "https://my.qidian.com/user/307837185", "userReview": "\u65e0\u804a\u6ca1\u4e8b\u5e72\u5e72\u5e72\u6253\u8d4f\u54ac\u6587\u56bc\u7eb8 100000\u8d77\u70b9\u5e01  \u8fd9\u672c\u4e66\u5199\u7684\u592a\u597d\u4e86,\u7292\u52b3\u4e00\u4e0b\u5e0c\u671b\u540e\u7eed\u66f4\u7cbe\u5f69"}, {"userName": "\u6b66\u5668\u54e6\u6492", "userReviewDate": "6\u5c0f\u65f6\u524d", "userURL": "https://my.qidian.com/user/13334827", "userReview": "\u6b27\u6d32\u7684\u96be\u6c11\u4e0d\u503c\u5f97\u540c\u60c5\uff0c\u628a\u8001\u5a46\u5973\u5b69\u6254\u4e86\uff0c\u81ea\u5df1\u5077\u6e21\u3002\u8fd9\u4e00\u70b9\u5c31\u77e5\u5230\u662f\u4ec0\u4e48\u4e1c\u897f\u4e86\uff01"}, {"userName": "\u81ea\u52a8\u66f4\u65b0999999", "userReviewDate": "6\u5c0f\u65f6\u524d", "userURL": "https://my.qidian.com/user/171387739", "userReview": "\u4e0d\u660e\u767d\u6211\u4e5f\u4e0d\u770b\u76d7\u7248\u4e86\uff0c\u5c31\u95ee\u4e00\u4e0b\uff0c\u8ba2\u9605\uff0c\u6253\u8d4f\uff0c\u7ea2\u5305\u3002\u6211\u90fd\u676510\u5757\u94b1\u7684\uff0c\u4f5c\u8005\u6536\u5230\u662f\u4e00\u6837\u591a\u5417\uff1f\u5982"}, {"userName": "\u4e66\u53cb160922210517109", "userReviewDate": "8\u5c0f\u65f6\u524d", "userURL": "https://my.qidian.com/user/223158271", "userReview": "\u84c9\u57ce\u600e\u4e48\u4e86\u4f60\u5ff5\u5ff5\u4e0d\u5fd8\uff1f\u5bf9\u6bd4\u4e00\u4e0b\u540c\u7ea7\u522b\u57ce\u5e02\u7684\u623f\u4ef7\u4ee5\u540e\u518d\u6765\u54d4\u54d4"}, {"userName": "\u828a\u5c71o\u66ae\u96ea", "userReviewDate": "9\u5c0f\u65f6\u524d", "userURL": "https://my.qidian.com/user/303442186", "userReview": "\u600e\u4e48\u8fd8\u4e0d\u66f4\u65b0\u554a\uff0c\u7761\u89c9\ud83d\udca4\u660e\u5929\u770b\u4e86"}, {"userName": "\u828a\u5c71o\u66ae\u96ea", "userReviewDate": "2018-06-07", "userURL": "https://my.qidian.com/user/303442186", "userReview": "\u84dd\u7626\uff0c\u9999\u83c7\u4e5f\u53d1\u4e0d\u51fa\u6765\u4e86[fn=39]"}, {"userName": "\u828a\u5c71o\u66ae\u96ea", "userReviewDate": "2018-06-07", "userURL": "https://my.qidian.com/user/303442186", "userReview": "\n\u4e0d\u4fe1\u53d1\u4e0d\u51fa\u6765"}, {"userName": "\u6f84\u6d77\u6728\u5b50", "userReviewDate": "2018-06-07", "userURL": "https://my.qidian.com/user/216906933", "userReview": "\u697c\u5e02\u5d29\u6e83\u4e86\u5f71\u54cd\u9762\u5c31\u5927\u4e86"}, {"userName": "\u828a\u5c71o\u66ae\u96ea", "userReviewDate": "2018-06-06", "userURL": "https://my.qidian.com/user/303442186", "userReview": "\u66fe\u6709\u4e66\u53cb\u8bf4\u4e0d\u660e\u767d\u4e3b\u89d2\u4e3a\u4f55\u4e0d\u97ec\u5149\u517b\u6666\uff0c\u5728\u5730\u7403\u8fd9\u4e48\u5192\u5934\u5f88\u5371\u9669\uff0c\u5176\u5b9e\u770b\u5230\u6700\u65b0\u7ae0\u8282\u6211\u4eec\u5e94\u8be5\u5c31\u660e\u767d\u4f5c"}, {"userName": "\u828a\u5c71o\u66ae\u96ea", "userReviewDate": "2018-06-04", "userURL": "https://my.qidian.com/user/303442186", "userReview": "\u4e00\u6709\u8ba2\u9605\u6708\u7968\u5c31\u5168\u6295\u7ed9\u4f60\u4e86\uff0c\u52a0\u6cb9\uff0c\u518d\u63a5\u518d\u52b1\u54df"}, {"userName": "\u5927\u5634\u82b1", "userReviewDate": "2018-06-04", "userURL": "https://my.qidian.com/user/108042991", "userReview": "\u623f\u4ef7\u5e76\u4e0d\u4f53\u73b0\u5728\u623f\u5b50\u4e0a\uff0c\u800c\u662f\u623f\u5b50\u5e26\u6765\u7684\u516c\u5171\u8d44\u6e90\u4e0a\u3002\u57ce\u5e02\u6559\u80b2\u8d44\u6e90\uff0c\u533b\u7597\u8d44\u6e90\uff0c\u653f\u6cbb\u8d44\u6e90\uff0c\u5de5\u4f5c\u8d44\u6e90"}, {"userName": "\u6f84\u6d77\u6728\u5b50", "userReviewDate": "2018-06-04", "userURL": "https://my.qidian.com/user/216906933", "userReview": "\u52a0\u6cb9\u52a0\u6cb9\u66f4\u65b0\u54c8"}, {"userName": "\u56fd\u96453A\u7ea7\u5c0f\u8bf4\u9274\u5b9a\u5e08", "userReviewDate": "2018-06-03", "userURL": "https://my.qidian.com/user/306145577", "userReview": "\u770b\u8fd9\u672c\u4e66\u7684\u732a\u811a\u8fd9\u91cc\u4e00\u68d2\u69cc\u54ea\u91cc\u4e00\u68d2\u69cc\u7684\u778e\u641e\u8de8\u754c\uff0c\u8de8\u884c\u4e1a\u7684\u53d1\u660e\uff0c\u522b\u4eba\u4e0d\u4f1a\u6000\u7591\u4ec0\u4e48\u5417\uff0c\u8981\u77e5\u9053\u5728\u73b0"}], "description": "\u661f\u6d77\u6f2b\u6e38\uff0c\u65f6\u7a7a\u7a7f\u68ad\uff0c\u673a\u68b0\u79d1\u6280\uff0c\u76ee\u6807\u662f\u672a\u77e5\u7684\u661f\u8fb0\u5927\u6d77\uff01", "title": "\u4f4d\u9762\u9ed1\u79d1\u6280", "url": "https://book.qidian.com/info/1010702540", "average": -1.0, "cover": "//qidian.qpic.cn/qdbimg/349573/1010702540/180", "reviews": -1, "authors": [{"url": "https://me.qidian.com/authorIndex.aspx?id=8487605", "name": "\u54ac\u6587\u56bc\u7eb8"}], "type": ["\u79d1\u5e7b", "\u65f6\u7a7a\u7a7f\u68ad", "\u4e8c\u6b21\u5143"], "outlinks": ["https://book.qidian.com/info/1010702540", "https://book.qidian.com/info/1007385343", "https://book.qidian.com/info/1007385343", "https://book.qidian.com/info/1010242566", "https://book.qidian.com/info/1010242566", "https://book.qidian.com/info/1010582019", "https://book.qidian.com/info/1010582019", "https://book.qidian.com/info/1009585880", "https://book.qidian.com/info/1009585880", "https://book.qidian.com/info/1010174389", "https://book.qidian.com/info/1010174389", "https://book.qidian.com/info/1010816527", "https://book.qidian.com/info/1010816527", "https://book.qidian.com/info/1004015249", "https://book.qidian.com/info/1004015249", "https://book.qidian.com/info/1011814764", "https://book.qidian.com/info/1011636462", "https://book.qidian.com/info/1012011143", "https://book.qidian.com/info/1011989615", "https://book.qidian.com/info/1011979302", "https://book.qidian.com/info/1011962232", "https://book.qidian.com/info/1012020634", "https://book.qidian.com/info/1011923738", "https://book.qidian.com/info/1012020834", "https://book.qidian.com/info/1011973977"]}