{"ratings": 0.0, "userreviews": [{"userName": "\u8ff7\u5931\u5728\u6d77\u6d0bhx", "userReviewDate": "2016-06-03", "userURL": "https://my.qidian.com/user/112722500", "userReview": "\u8ff7\u5931\u5728\u6d77\u6d0bhx\u6253\u8d4f\u4f4d\u9762\u52ab\u532a 10000\u8d77\u70b9\u5e01\u3000\u8fd9\u672c\u4e66\u5199\u7684\u592a\u597d\u4e86,\u7292\u52b3\u4e00\u4e0b\u5e0c\u671b\u540e\u7eed\u66f4\u7cbe\u5f69!"}, {"userName": "\u8431\u79b9", "userReviewDate": "2016-05-17", "userURL": "https://my.qidian.com/user/190247217", "userReview": "\u8431\u79b9\u6253\u8d4f\u4f4d\u9762\u52ab\u532a 10000\u8d77\u70b9\u5e01\u3000\u8fd9\u672c\u4e66\u592a\u68d2\u4e86\uff01\u7292\u52b3\u4e00\u4e0b\uff0c\u5e0c\u671b\u540e\u7eed\u66f4\u52a0\u7cbe\u5f69\uff01"}, {"userName": "\u9646\u653e\u98de", "userReviewDate": "2015-10-04", "userURL": "https://my.qidian.com/user/129034008", "userReview": "\u9996\u5148\u4e3b\u89d2\u5c5e\u4e8e\u90a3\u79cd\u6bd4\u8f83\u201c\u60dc\u547d\u7684\u666e\u901a\u4eba\u201d\uff0c\u8bf4\u4ed6\u60dc\u547d\u662f\u56e0\u4e3a\u6587\u4e2d\u8bf4\u7684\u4e0d\u9519\uff0c\u6709\u597d\u4e9b\u7535\u5f71\u7535\u89c6\u5267\u4e2d\u7684\u4e3b\u89d2"}, {"userName": "\u4e8c\u5341\u4e09\u4e1d\u52a8\u7d2b\u714c", "userReviewDate": "2015-05-09", "userURL": "https://my.qidian.com/user/7910291", "userReview": "\u672c\u4e66\u5c0f\u8bf4\u7fa4\u5df2\u7ecf\u5efa\u7acb\uff0c\u8bf7\u5927\u5bb6\u6765\u4ea4\u6d41\u3002\u7fa4\u53f7\uff1a7\u30023\u30021\u30026\u30029\u30028\u30025\u30023"}, {"userName": "\u5e1d\u570b\u5143\u9996", "userReviewDate": "2018-06-05", "userURL": "https://my.qidian.com/user/119351485", "userReview": "\u600e\u4e48\u7a81\u7136\u5b8c\u672c\u4e86\uff0c\u4e0b\u9762\u90a3\uff1f\uff1f"}, {"userName": "\u4e1c\u4e1c66666", "userReviewDate": "2018-05-25", "userURL": "https://my.qidian.com/user/222712426", "userReview": "\u600e\u4e48\u8fd9\u4e48\u4e45\u6ca1\u66f4\u65b0\uff0c\u6015\u4e0d\u662f\u8fdb\u5bab\u4e86"}, {"userName": "\u8c6a\u65cf\u3001\u4e1c\u7687\u592a\u4e00", "userReviewDate": "2018-05-16", "userURL": "https://my.qidian.com/user/198333328", "userReview": "\u5404\u4f4d\u4e66\u53cb\u5e2e\u6211\u5237\u5230\u4e00\u5343\u697c\u6211\u8981\u52cb\u7ae0[fn=9][fn=9][fn=9]"}, {"userName": "\u6211\u662f\u4f20\u5947\u53f8\u9a6c\u8fc1", "userReviewDate": "2018-04-30", "userURL": "https://my.qidian.com/user/212448817", "userReview": "\u5404\u4f4d\u4e66\u53cb\u5e2e\u6211\u5237\u4e00\u5343\u697c  \u6211\u8981\u52cb\u7ae0"}, {"userName": "\u6548\u7237\u5927\u5e1d", "userReviewDate": "2018-03-02", "userURL": "https://my.qidian.com/user/194844980", "userReview": "[fn=47]\u600e\u4e48\u8fd8\u4e0d\u66f4\u65b0\uff1f\u8c01\u77e5\u9053\u4f5c\u8005\u7684\u5730\u5740\uff1f\u7237\u8981\u4e0a\u4e86\u5979\uff01"}, {"userName": "134586", "userReviewDate": "2018-02-19", "userURL": "https://my.qidian.com/user/215911945", "userReview": "\u65ad\u66f4\u4e86\uff0c\u8fd8\u662f\u8fdb\u5bab\u4e86"}, {"userName": "\u6c99\u4e2d\u6d77\u7855", "userReviewDate": "2018-01-25", "userURL": "https://my.qidian.com/user/215123636", "userReview": "\u4f60\u4eec\u6162\u6162\u5938\u5427 \u8bc4\u8bba\u90fd\u662f\u82b1\u94b1\u5237\u51fa\u6765\u7684  \u5199\u7684\u4ec0\u4e48\u51e0\u628a\u73a9\u610f"}, {"userName": "\u8584\u8377Gods", "userReviewDate": "2018-01-25", "userURL": "https://my.qidian.com/user/216041387", "userReview": "\u597d\u4e45\u4e4b\u524d\u770b\u8fc7\uff5e\uff5e\uff5e"}, {"userName": "\u6211\u53bb\u540d\u5b57\u597d\u96be\u53d6\u554a", "userReviewDate": "2018-01-24", "userURL": "https://my.qidian.com/user/197715193", "userReview": "\u4f5c\u8005\u8bc8\u5c38\u4e86"}, {"userName": "\u6548\u7237\u5927\u5e1d", "userReviewDate": "2018-01-06", "userURL": "https://my.qidian.com/user/194844980", "userReview": "[fn=47]\u5a18\u5e0c\u5339\uff0c\u5230\u5e95\u4ec0\u4e48\u65f6\u5019\u66f4\u65b0\uff1f"}], "description": "\u661f\u6d77\u6f2b\u6e38\uff0c\u65f6\u7a7a\u7a7f\u68ad\uff0c\u673a\u68b0\u79d1\u6280\uff0c\u76ee\u6807\u662f\u672a\u77e5\u7684\u661f\u8fb0\u5927\u6d77\uff01", "title": "\u4f4d\u9762\u52ab\u532a", "url": "https://book.qidian.com/info/3434000", "average": -1.0, "cover": "//qidian.qpic.cn/qdbimg/349573/3434000/180", "reviews": -1, "authors": [{"url": "https://me.qidian.com/authorIndex.aspx?id=3571135", "name": "\u4f4d\u9762\u52ab\u532a"}], "type": ["\u79d1\u5e7b", "\u65f6\u7a7a\u7a7f\u68ad"], "outlinks": ["https://book.qidian.com/info/3434000", "https://book.qidian.com/info/1011067362", "https://book.qidian.com/info/1011067362", "https://book.qidian.com/info/1010094065", "https://book.qidian.com/info/1010094065", "https://book.qidian.com/info/1010890987", "https://book.qidian.com/info/1010890987", "https://book.qidian.com/info/1010859271", "https://book.qidian.com/info/1010859271", "https://book.qidian.com/info/1010810478", "https://book.qidian.com/info/1010810478", "https://book.qidian.com/info/1010804210", "https://book.qidian.com/info/1010804210", "https://book.qidian.com/info/3044013", "https://book.qidian.com/info/3044013", "https://book.qidian.com/info/3263814", "https://book.qidian.com/info/3263814", "https://book.qidian.com/info/1003580733", "https://book.qidian.com/info/1003580733", "https://book.qidian.com/info/1011067362", "https://book.qidian.com/info/1011067362", "https://book.qidian.com/info/1011814764", "https://book.qidian.com/info/1011636462", "https://book.qidian.com/info/1012011143", "https://book.qidian.com/info/1011989615", "https://book.qidian.com/info/1011979302", "https://book.qidian.com/info/1011962232", "https://book.qidian.com/info/1012020634", "https://book.qidian.com/info/1011923738", "https://book.qidian.com/info/1012020834", "https://book.qidian.com/info/1011973977"]}