{"ratings": 0.0, "userreviews": [{"userName": "\u8001\u8f93\u6b65\u67aa", "userReviewDate": "2018-06-07", "userURL": "https://my.qidian.com/user/1013396", "userReview": "\u9b54\u6539\u7248\u672c\u7684\u98ce\u4e91\uff0c\u662f\u6211\u8ddf\u4f5c\u8005\u770b\u7684\u4e0d\u662f\u540c\u4e00\u4e2a\u7535\u89c6\u5267\u8fd8\u662f\u4ec0\u4e48\u9b3c\uff0c\u5b54\u6148\u4e0d\u662f\u4e49\u5973\u5417\uff1f\u600e\u4e48\u53d8\u6b63\u5f0f\u5973\u513f\u4e86"}, {"userName": "\u4e66\u53cb20170124180450743", "userReviewDate": "2018-05-26", "userURL": "https://my.qidian.com/user/228717587", "userReview": "\u9876\u7740\u4e2a\u5916\u56fd\u4eba\u7684\u540d\u5b57\uff0c\u7b97\u8ba1\u4e86\u8fd9\u4e2a\u7b97\u8ba1\u90a3\u4e2a\uff0c\u5b9e\u5728\u770b\u4e0d\u4e0b\u53bb\u3002"}, {"userName": "\u4e66\u53cb20161222235125128", "userReviewDate": "2018-05-23", "userURL": "https://my.qidian.com/user/227236032", "userReview": "\u6587\u7b14\u548c\u60c5\u8282\u90fd\u5904\u7406\u7684\u6bd4\u8f83\u7ec6\u817b\uff0c\u4ee5\u767d\u96ea\u516c\u4e3b\u4e16\u754c\u4e3a\u5f00\u5934\u4e5f\u5f88\u65b0\u5947\uff0c\u867d\u7136\u4e0d\u77e5\u9053\u4f60\u540e\u9762\u4f1a\u5199\u4ec0\u4e48\u4e16\u754c\uff0c\u4f46"}, {"userName": "\u6211\u4eec\u4e2d\u51fa\u4e86\u4e00\u4e2a\u53db\u5f920", "userReviewDate": "2018-05-20", "userURL": "https://my.qidian.com/user/314634268", "userReview": "\u4ec0\u4e48\u5783\u573e\uff0c\u662f\u4f5c\u8005\u667a\u5546\u4e0d\u5728\u7ebf\u8fd8\u662f\u4e3b\u89d2\u662fzz\uff1f"}, {"userName": "\u521b\u4e16\u8bfb\u8005TCS", "userReviewDate": "2018-04-06", "userURL": "https://my.qidian.com/user/313162040", "userReview": "\u5b8c\u7ed3\u4e86\uff1f\u8fd8\u662f\u592a\u76d1\uff1f"}, {"userName": "\u4e66\u53cb20170124180450743", "userReviewDate": "2018-03-25", "userURL": "https://my.qidian.com/user/228717587", "userReview": "\u4e3b\u89d2\u7684\u540d\u5b57\u771f\u662f\u522b\u626d\uff0c\u6839\u672c\u8bfb\u4e0d\u4e0b\u53bb\u3002"}, {"userName": "\u6307\u95f4\u78020", "userReviewDate": "2018-03-17", "userURL": "https://my.qidian.com/user/218734105", "userReview": "\u770b\u5230\u4e3b\u89d2\u540d\u5b57\u5c31\u4e0d\u60f3\u770b\u4e86"}, {"userName": "\u5f7c\u65b9\u4e4b\u6bd5\u65b9", "userReviewDate": "2018-03-02", "userURL": "https://my.qidian.com/user/228973792", "userReview": "\u7b2c\u4e00\u90e8\u5206\u5b8c\u7ed3\u4e4b\u540e\u5e94\u8be5\u6362\u4e2a\u540d\u5b57\uff0c\u77e5\u4e0d\u77e5\u9053\u7528\u897f\u65b9\u4eba\u7684\u540d\u5b57\u7a7f\u8d8a\u5728\u4e1c\u65b9\u7384\u5e7b\uff0c\u6b66\u4fa0\u4e16\u754c\u5f88\u6709\u8fdd\u5408\u611f\u7684\uff0c"}, {"userName": "\u771f\u5b9e\u5341\u6c0f", "userReviewDate": "2018-02-26", "userURL": "https://my.qidian.com/user/308313701", "userReview": "\u77e5\u9053\u5417\uff1f\u4f5c\u8005\u4f60\u8fd9\u662f\u4e3b\u89d2\u662f\u9f99\u5957\u540d\uff0c\u4ec0\u4e48\u540d\u5b57\uff0c\u6c49\u65af\uff1f\uff1f\uff1f"}, {"userName": "\u5415\u5929\u867e3377", "userReviewDate": "2018-02-24", "userURL": "https://my.qidian.com/user/313101162", "userReview": "\u5feb\u70b9\u66f4\u65b0\u554a"}, {"userName": "\u5e05\u54e5\u7231\u900d\u9065", "userReviewDate": "2018-02-22", "userURL": "https://my.qidian.com/user/310340193", "userReview": "\u4f5c\u8005\u4f60\u77e5\u9053\u5417\uff0c\u4e3b\u89d2\u540d\u5b57\u592a\u65e0\u8bed\u4e86\uff0c\u5982\u679c\u4e0d\u662f\u8fd9\u4e2a\u540d\u5b57\u7684\u8bdd\u770b\u7684\u4eba\u53ef\u80fd\u5c31\u4f1a\u591a\u4e86\uff0c\u4e0b\u672c\u4e66\u522b\u8fd9\u6837\u4e86\u3002"}, {"userName": "\u767d\u6cfd\u77b3", "userReviewDate": "2018-02-12", "userURL": "https://my.qidian.com/user/222546796", "userReview": "\u989d\uff0c\u4f5c\u8005\u662f\u5916\u56fd\u4eba\uff1f"}, {"userName": "\u5415\u5929\u867e3441", "userReviewDate": "2018-02-07", "userURL": "https://my.qidian.com/user/313047093", "userReview": "\u7b7e\u5230\u62bd\u7b7e\u89e3\u7b7e"}, {"userName": "\u58a8\u7389\u91d1\u9e92\u9e9f", "userReviewDate": "2018-01-31", "userURL": "https://my.qidian.com/user/227763088", "userReview": "\u9274\u5b9a\u5b8c\u6bd5\uff0c\u6709\u6bd2"}], "description": "\u661f\u6d77\u6f2b\u6e38\uff0c\u65f6\u7a7a\u7a7f\u68ad\uff0c\u673a\u68b0\u79d1\u6280\uff0c\u76ee\u6807\u662f\u672a\u77e5\u7684\u661f\u8fb0\u5927\u6d77\uff01", "title": "\u4f4d\u9762\u4e4b\u6700\u5f3a\u8d85\u51e1", "url": "https://book.qidian.com/info/1010547798", "average": -1.0, "cover": "//qidian.qpic.cn/qdbimg/349573/1010547798/180", "reviews": -1, "authors": [{"url": "https://me.qidian.com/authorIndex.aspx?id=400276658", "name": "\u5439\u52a8\u5fc3\u4e2d\u70ed\u706b"}], "type": ["\u79d1\u5e7b", "\u65f6\u7a7a\u7a7f\u68ad"], "outlinks": ["https://book.qidian.com/info/1010547798", "https://book.qidian.com/info/1007093626", "https://book.qidian.com/info/1007093626", "https://book.qidian.com/info/1009894541", "https://book.qidian.com/info/1009894541", "https://book.qidian.com/info/1010094065", "https://book.qidian.com/info/1010094065", "https://book.qidian.com/info/1010893253", "https://book.qidian.com/info/1010893253", "https://book.qidian.com/info/1006638484", "https://book.qidian.com/info/1006638484", "https://book.qidian.com/info/1010002223", "https://book.qidian.com/info/1010002223", "https://book.qidian.com/info/1009914932", "https://book.qidian.com/info/1009914932", "https://book.qidian.com/info/1011814764", "https://book.qidian.com/info/1011636462", "https://book.qidian.com/info/1012011143", "https://book.qidian.com/info/1011989615", "https://book.qidian.com/info/1011979302", "https://book.qidian.com/info/1011962232", "https://book.qidian.com/info/1012020634", "https://book.qidian.com/info/1011923738", "https://book.qidian.com/info/1012020834", "https://book.qidian.com/info/1011973977"]}