{"ratings": 0.0, "userreviews": [{"userName": "sun\u00b7\u78ca\u78ca", "userReviewDate": "2017-12-05", "userURL": "https://my.qidian.com/user/195895724", "userReview": "\u7b7e\u5230\uff0c\u610f\u89c1\u53d1\u8868\u8d34"}, {"userName": "\u542c\u98ce\u5f04\u5f71", "userReviewDate": "2017-07-22", "userURL": "https://my.qidian.com/user/302407456", "userReview": "\u8c22\u8c22\u5404\u4f4d\u5927\u4f6c"}, {"userName": "LostEA", "userReviewDate": "2\u5c0f\u65f6\u524d", "userURL": "https://my.qidian.com/user/118235597", "userReview": "\u6709\u591a\u5c11\u662f\u7b80\u4ecb\u529d\u9000\u7684\ud83d\ude02\uff0c\u529f\u6cd5\uff1f\u5929\u6750\u5730\u5b9d\uff1f\u8fd9\u4e9b\u90fdOk\uff0c\u4f46\u5973\u4eba\u5c31\u7b97\u4e86\u597d\u5417\uff0c\u79cd\u9a6c\u540e\u5bab\u4e0d\u6d41\u884c\u4e86"}, {"userName": "\u74dc\u76ae\u8d31\u957f", "userReviewDate": "14\u5c0f\u65f6\u524d", "userURL": "https://my.qidian.com/user/305488088", "userReview": "\u770b\u89c1\u90a3\u4e2a\u5973\u4eba\uff0c\u6211\u8fde\u4e66\u4e5f\u6ca1\u770b\uff0c\u6211\u5c31\u4e0d\u770b\u4e86\u3002"}, {"userName": "\u6307\u95f4\u78020", "userReviewDate": "2018-06-06", "userURL": "https://my.qidian.com/user/218734105", "userReview": "\u8981\u592a\u76d1\u4e86\u5417\uff1f"}, {"userName": "\u58de\u4ebe\u72c6\u54cb\u655f\u7b35", "userReviewDate": "2018-06-01", "userURL": "https://my.qidian.com/user/121626964", "userReview": "\u540e\u5bab\u4e0d\u6d41\u884c\u4e86\uff1f\u6709\u94b1\u4eba\u6709\u51e0\u4e2a\u6ca1\u5c0f\u4e09\u5c0f\u56db\u5c0f\u4e94\u5c0f\u871c\uff0c\u53ea\u602a\u4f60\u6ca1\u94b1\uff0c\u53ea\u80fd\u88c5\u4e2a\u536b\u9053\u58eb\u8c01\u77e5\u9053\u5fc3\u91cc\u591a\u9f8c\u9f8a"}, {"userName": "\u5415\u5929\u867e10021", "userReviewDate": "2018-05-30", "userURL": "https://my.qidian.com/user/313649040", "userReview": "\u7b7e\u5230\u6295\u7968\u515a"}, {"userName": "\u9c7c\u7c7b~", "userReviewDate": "2018-05-24", "userURL": "https://my.qidian.com/user/178608841", "userReview": "\u8fd9\u4e3b\u89d2\u5728************\u505a\u7684\u592a\u6076\u5fc3\u4e86\u5427\u3002\u4f60\u63a7\u5236\u4e86\u6574\u4e2a\u4e16\u754c\u968f\u624b\u505a\u4e9b\u5b89\u6392\u5c31\u53ef\u4ee5\u5f88\u5927\u7a0b\u5ea6"}, {"userName": "\u5e7b\u50b2", "userReviewDate": "2018-05-23", "userURL": "https://my.qidian.com/user/3403048", "userReview": "\u5929\u5730\u4f1a\u662f\u4ec0\u9ebc\u9b3c\uff0c\u96e3\u9053\u96c4\u9738\u662f\u9673\u8fd1\u5357\uff0c\u6b66\u6797\u81f3\u5c0a\u662f\u5eb7\u7199"}, {"userName": "\u9f99\u5389\u5947", "userReviewDate": "2018-05-22", "userURL": "https://my.qidian.com/user/310890330", "userReview": "\u597d\u5427(\u2229_\u2229)\uff0c\u4e3b\u89d2\u7684\u5206\u8eab\u540d\u4e49\u4e0a\u662f\u81ea\u5df1\u5f92\u5f1f\u53f6\u51e1\u7684\u513f\u5b50\uff0c\u3002\u3002\u3002"}, {"userName": "\u6ed1\u5934\u5077\u61d2", "userReviewDate": "2018-05-20", "userURL": "https://my.qidian.com/user/220236585", "userReview": "\u522b\u7684\u4e0d\u8bf4\u5c31\u8bf4\u4f5c\u8005\u5199\u4e86\u5341\u51e0\u4e2a\u4e16\u754c\u5c31\u4e09\u4e2a\u4e1c\u65b9\u7684\u5c31\u662f\u6700\u5927\u7684\u5931\u8d25"}, {"userName": "\u9759\u5750\uff0c\u81ea\u8bed\u60f3\u5ff5\u3002", "userReviewDate": "2018-05-19", "userURL": "https://my.qidian.com/user/169108924", "userReview": "\u6cf0\u8fea\u624d\u4f1a\u628a\u7a7a\u6c14\u6469\u64e6\u51fa\u706b\u661f  \uff0c  \u4e8c\u54c8\u4e0d\u4f1a  \u3002"}, {"userName": "\u5178\u4e36\u70b9", "userReviewDate": "2018-05-18", "userURL": "https://my.qidian.com/user/212574258", "userReview": "\u4e3a\u4ec0\u4e48\u90fd\u559c\u6b22\u751f\u5316\u5f00\u5934\u5462\uff1f\u90fd\u770b\u5410\u4e86"}, {"userName": "\u4e66\u53cb150907174505640", "userReviewDate": "2018-05-13", "userURL": "https://my.qidian.com/user/212259411", "userReview": "\u53d8\u8eab\u5927\u79cd\u9a6c\uff0c\u5dee\u8bc4\u5728\u89c1"}], "description": "\u661f\u6d77\u6f2b\u6e38\uff0c\u65f6\u7a7a\u7a7f\u68ad\uff0c\u673a\u68b0\u79d1\u6280\uff0c\u76ee\u6807\u662f\u672a\u77e5\u7684\u661f\u8fb0\u5927\u6d77\uff01", "title": "\u4f4d\u9762\u4e4b\u63a0\u593a\u7cfb\u7edf", "url": "https://book.qidian.com/info/1010002223", "average": -1.0, "cover": "//qidian.qpic.cn/qdbimg/349573/1010002223/180", "reviews": -1, "authors": [{"url": "https://me.qidian.com/authorIndex.aspx?id=400058578", "name": "\u542c\u98ce\u5f04\u5f71"}], "type": ["\u79d1\u5e7b", "\u65f6\u7a7a\u7a7f\u68ad"], "outlinks": ["https://book.qidian.com/info/1010002223", "https://book.qidian.com/info/1010043855", "https://book.qidian.com/info/1010043855", "https://book.qidian.com/info/1010007512", "https://book.qidian.com/info/1010007512", "https://book.qidian.com/info/1009894541", "https://book.qidian.com/info/1009894541", "https://book.qidian.com/info/1009984006", "https://book.qidian.com/info/1009984006", "https://book.qidian.com/info/1010234032", "https://book.qidian.com/info/1010234032", "https://book.qidian.com/info/1010094065", "https://book.qidian.com/info/1010094065", "https://book.qidian.com/info/1009826126", "https://book.qidian.com/info/1009826126", "https://book.qidian.com/info/1011814764", "https://book.qidian.com/info/1011636462", "https://book.qidian.com/info/1012011143", "https://book.qidian.com/info/1011989615", "https://book.qidian.com/info/1011979302", "https://book.qidian.com/info/1011962232", "https://book.qidian.com/info/1012020634", "https://book.qidian.com/info/1011923738", "https://book.qidian.com/info/1012020834", "https://book.qidian.com/info/1011973977"]}