{"ratings": 0.0, "userreviews": [{"userName": "\u58eb\u8f69\u8df3\u8df3", "userReviewDate": "2018-01-18", "userURL": "https://my.qidian.com/user/125361089", "userReview": "\u5927\u5bb6\u6709\u60f3\u53bb\u5f71\u89c6\u3001\u5c0f\u8bf4\u3001\u52a8\u6f2b\u3001\u6e38\u620f\u4e16\u754c\u90fd\u5199\u51fa\u6765\uff0c\u4e45\u732b\u90fd\u4f1a\u914c\u60c5\u8003\u8651\uff0c\u4f46\u662f\u5751\u522b\u592a\u591a\u54e6\uff01"}, {"userName": "\u58eb\u8f69\u8df3\u8df3", "userReviewDate": "2018-01-13", "userURL": "https://my.qidian.com/user/125361089", "userReview": "\u4f60\u4eec\u53ef\u4ee5\u770b\u76d7\u7248\uff0c\u53ef\u4ee5\u53d1\u8868\u610f\u89c1\uff0c\u66f4\u53ef\u4ee5\u63d0\u4e00\u4e9b\u65e0\u7406\u7684\u8981\u6c42\u3002\u4f46\u662f\uff0c\u522b\u4eba\u8eab\u653b\u51fb\uff0c\u66f4\u522b\u8bf4\u51fa\u95ee\u5019\u4eba\u5168\u5bb6"}, {"userName": "\u58eb\u8f69\u8df3\u8df3", "userReviewDate": "2017-09-14", "userURL": "https://my.qidian.com/user/125361089", "userReview": "\u5927\u5bb6\u90fd\u4ec0\u4e48\u610f\u89c1\uff0c\u53ef\u4ee5\u63d0\uff01\u4e45\u732b\u90fd\u4f1a\u4e00\u4e2a\u4e2a\u770b\uff0c\u6709\u65f6\u5267\u60c5\u8d70\u5411\uff0c\u5927\u5bb6\u53ef\u80fd\u4f1a\u89c9\u5f97\u5f88\u7a81\u5140\uff0c\u4e0d\u8fc7\u5927\u5bb6\u522b\u62c5"}, {"userName": "\u58eb\u8f69\u8df3\u8df3", "userReviewDate": "2017-08-18", "userURL": "https://my.qidian.com/user/125361089", "userReview": "\u5982\u9898\uff01"}, {"userName": "\u65b0\u751f\u519c\u6c11", "userReviewDate": "2018-06-07", "userURL": "https://my.qidian.com/user/120335542", "userReview": "\u8bf4\u5b9e\u8bdd\u8fd9\u672c\u4e66\u633a\u6bd2\u7684\uff0c"}, {"userName": "\u8d70\u904d\u4e16\u754c\u7684\u68a6", "userReviewDate": "2018-06-05", "userURL": "https://my.qidian.com/user/114358464", "userReview": "\u4f60\u7684\u964d\u9f99\u5341\u516b\u638c\u6211\u770b\u4e0d\u4e0b\u53bb\u4e86\uff0c\u800c\u4e14\u5f88\u591a\u8bf4\u51fa\u7684\u8bdd\u90fd\u5f88\u77db\u76fe\uff0c\u867d\u7136\u5199\u7684\u5f88\u7528\u52b2\uff0c\u53ef\u4ee5\u6ca1\u5185\u6db5\uff0c\u9002\u5408\u5c0f\u4e66"}, {"userName": "\u70ae\u59d0\u5bf9\u6211\u6765\u4e00\u70ae", "userReviewDate": "2018-06-05", "userURL": "https://my.qidian.com/user/187087422", "userReview": "\u770b\u5230\u5341\u7ae0\uff0c\u8001\u5934\u6b7b\u4e86\uff0c\u4e0d\u5feb\u53bb\u6551\u5176\u5b59\u5973\uff0c\u8fd8\u5728\u90a3\u91cc\u56de\u5fc6\u54ed\uff0c\u7136\u540e\u65bd\u5c55\u6d51\u8eab\u52b2\u529b\uff0c\u6316\u4e2a\u5751\u57cb\u4eba\uff0c\u8981\u4e0d\u662f\u4e3b"}, {"userName": "\u9ed8\u57ce\u70df\u67f3", "userReviewDate": "2018-06-05", "userURL": "https://my.qidian.com/user/224662873", "userReview": "\u80fd\u770b\u5b8c\u7684\u5df2\u7ecf\u6210\u4ed9\u4e86\uff01"}, {"userName": "\u963f\u5c14\u6cd5sss", "userReviewDate": "2018-06-02", "userURL": "https://my.qidian.com/user/222718892", "userReview": "\u4e3b\u89d2\u8001\u662f\u63d0\u5230\u81ea\u5df1\u7684\u8ff7\u7cca\u5c5e\u6027\uff0c\u592a\u6bd2\u4e86\uff0c\u8d70\u8def\u8ff7\u7cca\uff0c\u7ec3\u529f\u8ff7\u7cca\uff0c\u9ebb\u86cb\u7684\u7eaf\u7cb9\u662f\u4e2a\u667a\u969c\uff0c\u4f5c\u8005\u5783\u573e\u5783\u573e\u5783"}, {"userName": "\u5e7c\u513f\u56ed\u5927\u73ed\u73ed\u957f\u7684\u5927\u54e5\u54e5", "userReviewDate": "2018-05-31", "userURL": "https://my.qidian.com/user/230912629", "userReview": "\u5988\u5440\uff0c\u6211\u770b\u4e86\u4e00\u4e0b\uff0c\u4f5c\u8005\uff0c\u7684\u4e66\u8bc4\u3002\u597d\u591a\u90fd\u662f\u53e4\u4ee3\u8a00\u60c5\u3002"}, {"userName": "\u6ea1\u7dd4\u30e1\u8d35\u65cf", "userReviewDate": "2018-05-31", "userURL": "https://my.qidian.com/user/190629687", "userReview": "\u8fd8\u6ca1\u6709\u770b\u5185\u5bb9\uff0c\u4f46\u662f\u4e00\u770b\u76ee\u5f55\u77ac\u95f4\u611f\u89c9\u8981\u88ab\u6bd2\u6b7b\u4e86\u3002  \u4e54\u5cf0\uff0c\u5f20\u4e09\u4e30\u5728\u4e00\u4e2a\u65f6\u4ee3\uff1f \u4e22\u4f60\u697c\u4ea9\u554a\u3002"}, {"userName": "\u9648\u54c8\u54c8\u5475\u5475\u54c8\u54c8", "userReviewDate": "2018-05-24", "userURL": "https://my.qidian.com/user/212211075", "userReview": "\u5728\u8fd9\u672c\u4e66\u91cc\u51e1\u4e8b\u6551\u8fc7\u4e3b\u89d2\u3001\u4e3b\u89d2\u4eb2\u4eba\u3001\u5bf9\u4e3b\u89d2\u597d\u7684\uff0c\u90fd\u4f1a\u5404\u79cd\u5012\u9709\u3002\u96be\u602a\u8fd9\u4e48\u591a\u4eba\u9a82\u3002"}, {"userName": "\u7121\u9700\u5b89\u653e\u7684\u9752\u6625", "userReviewDate": "2018-05-21", "userURL": "https://my.qidian.com/user/214364269", "userReview": "\u521a\u770b\u51e0\u7ae0\uff0c\u4f60\u6068\u6211\u8bf4\u964d\u9f99\u5341\u516b\u638c\u521a\u67d4\u5e76\u6d4e\uff1f\u4f60\u7279\u4e48\u4ee5\u4e3a\u592a\u6781\u5462\u554a"}, {"userName": "\u7231\u4e86\u4e0d\u66fe\u540e\u6094", "userReviewDate": "2018-05-20", "userURL": "https://my.qidian.com/user/197792191", "userReview": "\u5176\u5b9e\u6ca1\u4ec0\u4e48\u611f\u89c9\uff0c\u5c31\u662f\u4e3b\u89d2\u7684\u540d\u5b57\u8ba9\u6211\u770b\u4e0d\u4e0b\u53bb\u4e86"}], "description": "\u661f\u6d77\u6f2b\u6e38\uff0c\u65f6\u7a7a\u7a7f\u68ad\uff0c\u673a\u68b0\u79d1\u6280\uff0c\u76ee\u6807\u662f\u672a\u77e5\u7684\u661f\u8fb0\u5927\u6d77\uff01", "title": "\u4f4d\u9762\u4e4b\u65f6\u7a7a\u4e4b\u5319", "url": "https://book.qidian.com/info/1003475385", "average": -1.0, "cover": "//qidian.qpic.cn/qdbimg/349573/1003475385/180", "reviews": -1, "authors": [{"url": "https://me.qidian.com/authorIndex.aspx?id=6609044", "name": "\u4e45\u732b"}], "type": ["\u79d1\u5e7b", "\u65f6\u7a7a\u7a7f\u68ad"], "outlinks": ["https://book.qidian.com/info/1003475385", "https://book.qidian.com/info/1010043855", "https://book.qidian.com/info/1010043855", "https://book.qidian.com/info/1010293035", "https://book.qidian.com/info/1010293035", "https://book.qidian.com/info/1010242566", "https://book.qidian.com/info/1010242566", "https://book.qidian.com/info/1010859271", "https://book.qidian.com/info/1010859271", "https://book.qidian.com/info/1009665511", "https://book.qidian.com/info/1009665511", "https://book.qidian.com/info/1010703179", "https://book.qidian.com/info/1010703179", "https://book.qidian.com/info/1011615983", "https://book.qidian.com/info/1011615983", "https://book.qidian.com/info/1011989615", "https://book.qidian.com/info/1011989615", "https://book.qidian.com/info/1011814764", "https://book.qidian.com/info/1011636462", "https://book.qidian.com/info/1012011143", "https://book.qidian.com/info/1011989615", "https://book.qidian.com/info/1011979302", "https://book.qidian.com/info/1011962232", "https://book.qidian.com/info/1012020634", "https://book.qidian.com/info/1011923738", "https://book.qidian.com/info/1012020834", "https://book.qidian.com/info/1011973977"]}