{"ratings": 0.0, "userreviews": [{"userName": "\u6b32\u671b\u73ab\u7470\u5760\u5929\u4f7f", "userReviewDate": "2018-06-07", "userURL": "https://my.qidian.com/user/125235503", "userReview": "\u4e3b\u89d2\u7684\u6027\u683c\u7279\u5f81\uff0c\u4ece\u4f5c\u8005\u5f00\u5934\u5176\u5b9e\u5df2\u7ecf\u5199\u7684\u5f88\u6e05\u695a\u4e86\uff0c\u90a3\u5c31\u662f\u61d2\u60f0\uff0c\u597d\u9038\u6076\u52b3\uff0c\u603b\u5962\u671b\u6e34\u6c42\u6709\u5947\u9047\u53d1\u751f"}, {"userName": "\u6b32\u671b\u73ab\u7470\u5760\u5929\u4f7f", "userReviewDate": "2018-06-07", "userURL": "https://my.qidian.com/user/125235503", "userReview": "\u6709\u65f6\u5019\u5728\u60f3\uff0c\u50cf\u4e3b\u89d2\u8fd9\u6837\u7684\u4eba\u51ed\u5565\u6709\u5947\u9047\uff0c\u5c11\u5e74\u4e0d\u52aa\u529b\u8001\u5927\u5f92\u4f24\u60b2\uff0c\u53ef\u662f\u8f6c\u5ff5\u4e00\u60f3\uff0c\u6b63\u56e0\u4e3a\u662f\u8fd9\u6837\u7684\u4eba"}, {"userName": "\u601d\u5ff5\u548c\u5e73", "userReviewDate": "2018-06-05", "userURL": "https://my.qidian.com/user/229451713", "userReview": "\u5415\u7d20\u662f\u4e2a\u597d\u5973\u5b69\uff0c\u795e\u8bdd\u5973\u4e3b\u91cc\u6211\u89c9\u5f97\u5415\u7d20\u662f\u6700\u597d\u7684\u5176\u4ed6\u7684\u611f\u89c9\u6ca1\u5979\u597d\u3002"}, {"userName": "\u8dc3\u9f99\u95e8\u55bd", "userReviewDate": "2018-05-26", "userURL": "https://my.qidian.com/user/229103950", "userReview": "\u6211\u672c\u6765\u662f\u5954\u7740\u8d85\u795e\u5b66\u9662\u6765\u7684\u4f46\u662f\u6211\u770b\u5230100\u6765\u7ae0\u5c31\u4e2d\u6bd2\u4e86\u3002\u5267\u6bd2\u3002\u4f5c\u8005\u662f\u5c0f\u5b66\u751f\u5427\uff0c\u4e3b\u89d2\u5199\u7684\u8fd9\u4e48\u5f31"}, {"userName": "\u60f3\u4f6063", "userReviewDate": "2018-05-21", "userURL": "https://my.qidian.com/user/221113850", "userReview": "\u524d\u9762\u8fd8\u597d\uff0c\u540e\u9762\u7eaf\u5c5e\u51d1\u5b57\u4e00\u4e2a\u6e38\u620f\u4f4d\u9762\u662f\u4e0d\u662f\u5f97\u5199\u51e0\u767e\u7ae0\uff1f"}, {"userName": "aqmyj", "userReviewDate": "2018-05-16", "userURL": "https://my.qidian.com/user/6070608", "userReview": "\u70c2\u5927\u8857\u7684\u4f5c\u54c1"}, {"userName": "\u6781\u9177\u7684\u7c92", "userReviewDate": "2018-05-13", "userURL": "https://my.qidian.com/user/199648307", "userReview": "\u3002\u3002\u3002\u5230\u4e86\u540e\u9762\u5b8c\u5168\u8ddf\u4e2a\u5e9f\u7269\u4e00\u6837  \u4ec0\u4e48\u90fd\u4e0d\u505a \u8001\u662f\u5f97\u5230\u4e9b\u539f\u8457\u6ca1\u6709\u7684\u4e1c\u897f\u76f4\u63a5\u65e0\u654c\u4e86  \u5230\u5904\u73a9"}, {"userName": "\u4e2d\u4e8c\u4ed9\u4eba", "userReviewDate": "2018-05-09", "userURL": "https://my.qidian.com/user/225057124", "userReview": "\u5b66\u4e60\u7cfb\u7edf\u548b\u5c31\u6ca1\u6709\u628a\u4e3b\u89d2\u667a\u5546\u63d0\u9ad8\u4e86"}, {"userName": "\u53d1\u53d19483", "userReviewDate": "2018-05-06", "userURL": "https://my.qidian.com/user/215902406", "userReview": "\u6d1b\u57fa\u4e00\u4e2a\u51b0\u971c\u5de8\u4eba\uff0c\u7528\u706b\u7130\u5200\uff1f*********\u5728\u9017\u6211"}, {"userName": "\u97e9\u4fe1\u8f7b\u4e00\u70b9", "userReviewDate": "2018-04-27", "userURL": "https://my.qidian.com/user/307809805", "userReview": "\u4fee\u70bc\u4f53\u7cfb\u8981\u662f\u641e\u4e0d\u6e05\u7684\u8bdd\uff0c\u5c31\u641e\u4e2a\u5168\u77e5\u5168\u80fd\u5883\u754c\u51fa\u6765"}, {"userName": "\u97e9\u4fe1\u8f7b\u4e00\u70b9", "userReviewDate": "2018-04-25", "userURL": "https://my.qidian.com/user/307809805", "userReview": "\u6211\u6e34\u671b\u529b\u91cf\uff0c\u4f46\u6211\u66f4\u6e34\u671b\u5976\u5b50\uff0c\u6709\u4e86\u5976\u5b50\uff0c\u5c31\u7b49\u62e5\u6709\u4e00\u5207(\u3065 \u25cf\u2500\u25cf )\u3065\u2026\u2026"}, {"userName": "\u53e4\u8001\u7684\u6b7b\u7075", "userReviewDate": "2018-04-19", "userURL": "https://my.qidian.com/user/15070487", "userReview": "\u4e00\u770b\u5230\u795e\u8bdd\u5c31\u76f4\u63a5\u70b9X\u4e86\uff0c\u8fd9\u5957\u8def\u5df2\u7ecf\u7528\u7684\u592a\u8001\u4e86\u5427\uff0c\u53c8\u662f\u62ab\u7684\u7a7f\u8d8a\u7cfb\u7edf\u7684\u4ed9\u4fa0/\u6b66\u4fa0\u5c0f\u8bf4\uff0c\u5199\u8fd9\u7c7b\u5c0f"}, {"userName": "\u5929\u4f7f1100000", "userReviewDate": "2018-04-19", "userURL": "https://my.qidian.com/user/119592405", "userReview": "\u7b7e\u5230\u6c34\u7ecf\u9a8c"}, {"userName": "\u9b54\u7d2b\u591c", "userReviewDate": "2018-04-12", "userURL": "https://my.qidian.com/user/301765088", "userReview": "\u6709\u5973\u4e3b\u5417\uff0c"}], "description": "\u661f\u6d77\u6f2b\u6e38\uff0c\u65f6\u7a7a\u7a7f\u68ad\uff0c\u673a\u68b0\u79d1\u6280\uff0c\u76ee\u6807\u662f\u672a\u77e5\u7684\u661f\u8fb0\u5927\u6d77\uff01", "title": "\u4f4d\u9762\u8d85\u7ea7\u5b66\u4e60\u7cfb\u7edf", "url": "https://book.qidian.com/info/1010711301", "average": -1.0, "cover": "//qidian.qpic.cn/qdbimg/349573/1010711301/180", "reviews": -1, "authors": [{"url": "https://me.qidian.com/authorIndex.aspx?id=8531973", "name": "\u98ce\u4e91\u5341\u4e09\u53d8"}], "type": ["\u79d1\u5e7b", "\u65f6\u7a7a\u7a7f\u68ad"], "outlinks": ["https://book.qidian.com/info/1010711301", "https://book.qidian.com/info/1010002223", "https://book.qidian.com/info/1010002223", "https://book.qidian.com/info/1010043855", "https://book.qidian.com/info/1010043855", "https://book.qidian.com/info/1009894541", "https://book.qidian.com/info/1009894541", "https://book.qidian.com/info/1010125745", "https://book.qidian.com/info/1010125745", "https://book.qidian.com/info/1006638484", "https://book.qidian.com/info/1006638484", "https://book.qidian.com/info/1010007512", "https://book.qidian.com/info/1010007512", "https://book.qidian.com/info/1004996030", "https://book.qidian.com/info/1004996030", "https://book.qidian.com/info/1011814764", "https://book.qidian.com/info/1011636462", "https://book.qidian.com/info/1012011143", "https://book.qidian.com/info/1011989615", "https://book.qidian.com/info/1011979302", "https://book.qidian.com/info/1011962232", "https://book.qidian.com/info/1012020634", "https://book.qidian.com/info/1011923738", "https://book.qidian.com/info/1012020834", "https://book.qidian.com/info/1011973977"]}