{"ratings": 0.0, "userreviews": [{"userName": "\u8d77\u70b9\u4e2d\u6587\u7f51", "userReviewDate": "2018-04-21", "userURL": "https://my.qidian.com/user/33597", "userReview": "\u7728\u773c\u4e4b\u95f4\uff0c\u6536\u85cf\u5df2\u7ecf\u8fc7\u4e24\u4e07\u4e86\uff0c\u6a2a\u7a7a\u65e5\u6708\u5728\u6210\u529f\u7684\u8def\u4e0a\u594b\u6597\u4e0d\u60dc\uff0c\u52a0\u6cb9\u554a\uff01 \u81ea\u672c\u606d\u8d3a\u4e3b\u9898\u53d1\u5e03\u540e2\u5929"}, {"userName": "\u5415\u5929\u867e4547", "userReviewDate": "3\u5c0f\u65f6\u524d", "userURL": "https://my.qidian.com/user/313427135", "userReview": "\u6bd4\u4e0a\u4e00\u672c\u597d\u770b"}, {"userName": "\u7535\u8111\u7ef4\u4fee\u5de5ps\u5927\u795e", "userReviewDate": "3\u5c0f\u65f6\u524d", "userURL": "https://my.qidian.com/user/300993799", "userReview": "\u6f2b\u5a01\u7684\u9b54\u6cd5\u5e08\u4e0d\u90fd\u662f\u8fd1\u6218\u6cd5\u5e08\u5417\uff1f\u4ed6\u4eec\u9700\u8981\u5ff5\u5492\u8bed\uff1f\u4e0d\u662f\u76f4\u63a5\u7528\u624b\u505a\u4e00\u4e9b\u52a8\u4f5c\u5c31\u53ef\u4ee5\u65bd\u5c55\u9b54\u6cd5\u5417\uff1f"}, {"userName": "\u9c7b\u751f\u60a8\u597d", "userReviewDate": "20\u5c0f\u65f6\u524d", "userURL": "https://my.qidian.com/user/222959713", "userReview": "\u770b\u4e86\u4e09\u5341\u4e8c\u7ae0\u611f\u89ba\u4f5c\u8005\u8fd9\u79cd\u4eba\u4e0d\u5e94\u8be5\u6709\u4eb2\u4eba\uff0c\u53bb\u505a\u5b64\u513f\u5427\u3002"}, {"userName": "\u5415\u5929\u867e3549", "userReviewDate": "21\u5c0f\u65f6\u524d", "userURL": "https://my.qidian.com/user/313087524", "userReview": "\u5feb\u7ae0\u5feb\u5feb\u5199"}, {"userName": "\u65e0\u826f\u7684\u868a\u5b50", "userReviewDate": "21\u5c0f\u65f6\u524d", "userURL": "https://my.qidian.com/user/113851990", "userReview": "\u5bf9\u4e8e\u7b2c\u4e09\u5341\u4e8c\u7ae0\uff0c\u660e\u660e\u5f88\u5408\u903b\u8f91\uff0c\u89c9\u5f97\u6bd2\u7684\u4eba\uff0c\u6211\u89c9\u5f97\u4f60\u4eec\u624d\u662f\u771f\u7684\u6bd2\uff0c\u6587\u6284\u516c\u6d41\u7684\u5c0f\u8bf4\u770b\u591a\u4e86\u5427\uff0c\u4e00"}, {"userName": "\u6c37\u6b87", "userReviewDate": "24\u5c0f\u65f6\u524d", "userURL": "https://my.qidian.com/user/216542288", "userReview": "\u670d\u4e86\u8bf4\u4e09\u5341\u51e0\u7ae0\u6bd2\u6b7b\u7684\uff0c\u7528\u5c41\u80a1\u60f3\u4e8b\u60c5\u7684\u5417?\u5148\u77e5\u6302\u53ef\u4ee5\u5f00\u4f46\u4e0d\u662f\u65e0\u6240\u4e0d\u77e5\u7684\u5168\u77e5\u6302\uff0c\u8fd9\u90e8\u970d\u5143\u7532\u662f\u5f88"}, {"userName": "\u5415\u5929\u867e3984", "userReviewDate": "2018-06-07", "userURL": "https://my.qidian.com/user/313238180", "userReview": "\u6211\u60f3\u770b\u4e2a\u591f"}, {"userName": "\u4e66\u53cb180204101824704", "userReviewDate": "2018-06-06", "userURL": "https://my.qidian.com/user/216726695", "userReview": "\u5927\u5bb6\u4e0d\u89c9\u5f97\u4f5c\u8005\u5199\u7684\u5e9f\u8bdd\u7279\u522b\u591a\u5417\uff0c\u660e\u660e\u4e24\u53e5\u8bdd\u8bf4\u5b8c\u7684\uff0cjjyy\u597d\u51e0\u7ae0\uff0c\u6709\u610f\u4e49\uff1f\uff1f\u60f3\u4e0d\u901a\uff0c\u53ea\u80fd\u8bf4"}, {"userName": "\u9752\u6c34\u72d0", "userReviewDate": "2018-06-05", "userURL": "https://my.qidian.com/user/190893066", "userReview": "\u50ac\u66f4\u554a\uff0c\u52a0\u6cb9\u554a\uff0c\u8bf7\u5047\u4e0d\u8981\u90a3\u4e48\u6e05\u65b0\u8131\u4fd7\u554a\uff0c\u627e\u70b9\u7406\u7531\u554a\uff0c\u597d\u6b79\u591a\u5199\u51e0\u4e2a\u5b57\u554a\uff01\u554a"}, {"userName": "\u5e7b\u7075\u8349", "userReviewDate": "2018-06-04", "userURL": "https://my.qidian.com/user/10854697", "userReview": "\u6ca1\u80fd\u625b\u8fc7\u7b2c\u4e00\u7bc7\u970d\u5143\u7532\u7684\u6765\u62a5\u4e2a\u5230\uff0c\u54e5\u5df2\u5728\u4e09\u5341\u4e09\u7ae0\u88ab\u6bd2\u6b7b\u4e86\uff0c\u770b\u770b\u6bd2\u6b7b\u4e86\u591a\u5c11\u4eba"}, {"userName": "\u6d6e\u751f\u672a\u6b47\u2121", "userReviewDate": "2018-06-04", "userURL": "https://my.qidian.com/user/186779542", "userReview": "\u4e0d\u60f3\u770b\u7684\uff0c\u89c9\u5f97\u5199\u7684\u4e0d\u597d\u7684\uff0c\u8bf7\u51fa\u95e8\u53f3\u8f6c\uff0c\u53bb\u770b\u5c0f\u767d\u6587\u597d\u5427\u3002"}, {"userName": "\u82cd\u51a5\u5e7d\u5e7d", "userReviewDate": "2018-06-03", "userURL": "https://my.qidian.com/user/216543196", "userReview": "\u4f5c\u8005\u5927\u5927\u8fd8\u8bb0\u5f97\u5f00\u5934\u7684\u201c\u864e\u5934\u201d\u5417\uff1f\u662f\u6709\u4ec0\u4e48\u4f0f\u7b14\u5417\uff1f\u8fd9\u4e48\u957f\u65f6\u95f4\u90fd\u6ca1\u6709\u770b\u89c1\u5b83\uff0c\u4e0d\u8981\u5fd8\u4e86\u5440 \u30fd(\u2267"}, {"userName": "\u597d\u591a\u7f51\u540d\u90fd\u5b58\u5728\u554a", "userReviewDate": "2018-06-02", "userURL": "https://my.qidian.com/user/151871092", "userReview": "\u600e\u4e48\u8bf4\u5462\uff0c\u524d\u51e0\u4e2a\u4f4d\u9762\u5199\u7684\u90fd\u8fd8\u4e0d\u9519\uff0c\u4f46\u5b9d\u83b2\u706f\u8fd9\u4e2a\u5199\u7684\u611f\u89c9\u5f88\u6076\u5fc3\u554a   \u4e8b\u5b9e\u4e0a\u5929\u6761\u4e2d\u4ed9\u4eba\u548c\u4ed9\u4eba"}], "description": "\u661f\u6d77\u6f2b\u6e38\uff0c\u65f6\u7a7a\u7a7f\u68ad\uff0c\u673a\u68b0\u79d1\u6280\uff0c\u76ee\u6807\u662f\u672a\u77e5\u7684\u661f\u8fb0\u5927\u6d77\uff01", "title": "\u4f4d\u9762\u6e38\u8f6e", "url": "https://book.qidian.com/info/1005033039", "average": -1.0, "cover": "//qidian.qpic.cn/qdbimg/349573/1005033039/180", "reviews": -1, "authors": [{"url": "https://me.qidian.com/authorIndex.aspx?id=9835036", "name": "\u6a2a\u7a7a\u65e5\u6708"}], "type": ["\u79d1\u5e7b", "\u65f6\u7a7a\u7a7f\u68ad", "\u4e8c\u6b21\u5143"], "outlinks": ["https://book.qidian.com/info/1005033039", "https://book.qidian.com/info/1010293035", "https://book.qidian.com/info/1010293035", "https://book.qidian.com/info/1010242566", "https://book.qidian.com/info/1010242566", "https://book.qidian.com/info/1010942512", "https://book.qidian.com/info/1010942512", "https://book.qidian.com/info/1010859271", "https://book.qidian.com/info/1010859271", "https://book.qidian.com/info/1010830086", "https://book.qidian.com/info/1010830086", "https://book.qidian.com/info/1010870291", "https://book.qidian.com/info/1010870291", "https://book.qidian.com/info/1011814764", "https://book.qidian.com/info/1011636462", "https://book.qidian.com/info/1012011143", "https://book.qidian.com/info/1011989615", "https://book.qidian.com/info/1011979302", "https://book.qidian.com/info/1011962232", "https://book.qidian.com/info/1012020634", "https://book.qidian.com/info/1011923738", "https://book.qidian.com/info/1012020834", "https://book.qidian.com/info/1011973977"]}