{"ratings": 0.0, "userreviews": [{"userName": "\u5979\u50cf\u53ea\u732b", "userReviewDate": "6\u5c0f\u65f6\u524d", "userURL": "https://my.qidian.com/user/229851749", "userReview": "\u4e00\u5929\u4e00\u66f4  \u6c14\u6b7b\u4e2a\u4eba"}, {"userName": "\u73b2\u73d1\u6c34\u84dd", "userReviewDate": "7\u5c0f\u65f6\u524d", "userURL": "https://my.qidian.com/user/229614983", "userReview": "\u6ee1\u8840\u590d\u6d3b\u3002\u66f4\u65b0\u597d\u52e4\u5feb"}, {"userName": "\u771f\u732a\u811a\u5218\u68d2", "userReviewDate": "21\u5c0f\u65f6\u524d", "userURL": "https://my.qidian.com/user/302111535", "userReview": "\u795etm\u53c8\u590d\u6d3b\u4e86"}, {"userName": "Destiny\u4e3f\u5b64", "userReviewDate": "\u6628\u65e511:39", "userURL": "https://my.qidian.com/user/190033805", "userReview": "\u7b7e\u5230\u3002\u3002\u3002"}, {"userName": "\u4e66\u835213\u5e74", "userReviewDate": "\u6628\u65e507:34", "userURL": "https://my.qidian.com/user/191746427", "userReview": "\u82cf\u4e2d\u8981\u7684\u662f\u672c\u6e90\uff0c\u6740\u4e86\u7687\u5e1d\u76f4\u63a5\u9003\u8dd1\u7684\u5230\u672c\u6e90\u66f4\u591a\u5427\u4e0d\u7b49\uff0c\u4e16\u754c\u5288\u4ed6\u4ed6\u5c31\u8dd1\u4e86\u5c31\u597d\ud83d\ude04"}, {"userName": "berrycake", "userReviewDate": "\u6628\u65e507:32", "userURL": "https://my.qidian.com/user/175781716", "userReview": "\u98db\u9df9\u66b4\u8d70\u5f71\u97ff\u592a\u5927\uff0c\u53ea\u8981\u4f86\u7684\u53ca\u9003\u51fa\u4e16\u754c\uff0c\u8cfa\u7ffb\u4e86!"}, {"userName": "\u6307\u95f4\u78020", "userReviewDate": "2018-06-07", "userURL": "https://my.qidian.com/user/218734105", "userReview": "\u5c45\u7136\u66f4\u65b0\u4e86[fn=11]"}, {"userName": "\u73b2\u73d1\u6c34\u84dd", "userReviewDate": "2018-06-07", "userURL": "https://my.qidian.com/user/229614983", "userReview": "\u4eca\u5929\u53c8\u6ca1\u66f4\u2026"}, {"userName": "\u9006\u6d41\u800c\u4e0a\u4e4b\u65e0\u754f", "userReviewDate": "2018-06-07", "userURL": "https://my.qidian.com/user/229460141", "userReview": "\u8981\u662f\u53ea\u8bf4\u73b0\u5b9e\u6765\u573a\u5927\u707e\u53d8\uff0c\u5c31\u7f8e\u6ecb\u6ecb\u4e86\uff01\uff01"}, {"userName": "x808x", "userReviewDate": "2018-06-06", "userURL": "https://my.qidian.com/user/217995492", "userReview": "\u5404\u4f4d\uff0c\u6211\u60f3\u95ee\u4e00\u4e0b\u4f60\u4eec\u8fd8\u6709\u591a\u5c11\u4eba\u5728\u7684\uff1f"}, {"userName": "\u5730\u539a\u5929\u9ad8\u4eba\u8d85", "userReviewDate": "2018-06-06", "userURL": "https://my.qidian.com/user/210191004", "userReview": "\u6eda\u6eda\u559c\u6b22\u808c\u8089\u7537\uff0c\u8def\u80dc\u6765\u4e86\uff01"}, {"userName": "\u9ad8\u7ea7\u7528\u6237", "userReviewDate": "2018-06-06", "userURL": "https://my.qidian.com/user/506735", "userReview": "\u7b7e\u5230\u4e94\u4e2a\u5b57"}, {"userName": "berrycake", "userReviewDate": "2018-06-05", "userURL": "https://my.qidian.com/user/175781716", "userReview": "\u4e00\u7fa4\u7da0\u80d6\u5e73A\u904e\u53bb\uff0cOh..."}, {"userName": "\u73b2\u73d1\u6c34\u84dd", "userReviewDate": "2018-06-05", "userURL": "https://my.qidian.com/user/229614983", "userReview": "\u80fd\u5feb\u4e00\u70b9\u66f4\u65b0\u5417\uff1f"}], "description": "\u661f\u6d77\u6f2b\u6e38\uff0c\u65f6\u7a7a\u7a7f\u68ad\uff0c\u673a\u68b0\u79d1\u6280\uff0c\u76ee\u6807\u662f\u672a\u77e5\u7684\u661f\u8fb0\u5927\u6d77\uff01", "title": "\u4f4d\u9762\u7834\u574f\u795e", "url": "https://book.qidian.com/info/3368425", "average": -1.0, "cover": "//qidian.qpic.cn/qdbimg/349573/3368425/180", "reviews": -1, "authors": [{"url": "https://me.qidian.com/authorIndex.aspx?id=4250684", "name": "\u5352\u5370"}], "type": ["\u79d1\u5e7b", "\u65f6\u7a7a\u7a7f\u68ad"], "outlinks": ["https://book.qidian.com/info/3368425", "https://book.qidian.com/info/1010942512", "https://book.qidian.com/info/1010942512", "https://book.qidian.com/info/1010293035", "https://book.qidian.com/info/1010293035", "https://book.qidian.com/info/1010830086", "https://book.qidian.com/info/1010830086", "https://book.qidian.com/info/1010859271", "https://book.qidian.com/info/1010859271", "https://book.qidian.com/info/1010870291", "https://book.qidian.com/info/1010870291", "https://book.qidian.com/info/1010510263", "https://book.qidian.com/info/1010510263", "https://book.qidian.com/info/1011814764", "https://book.qidian.com/info/1011636462", "https://book.qidian.com/info/1012011143", "https://book.qidian.com/info/1011989615", "https://book.qidian.com/info/1011979302", "https://book.qidian.com/info/1011962232", "https://book.qidian.com/info/1012020634", "https://book.qidian.com/info/1011923738", "https://book.qidian.com/info/1012020834", "https://book.qidian.com/info/1011973977"]}