{"ratings": 0.0, "userreviews": [{"userName": "\u4e3a\u4f60\u4e00\u7b11\u95f4", "userReviewDate": "3\u5c0f\u65f6\u524d", "userURL": "https://my.qidian.com/user/225717894", "userReview": "\u5c11\u4e86\u70b9\uff0c\uff0c\uff0c"}, {"userName": "\u4e3a\u4f60\u4e00\u7b11\u95f4", "userReviewDate": "3\u5c0f\u65f6\u524d", "userURL": "https://my.qidian.com/user/225717894", "userReview": "\u7b7e\u5230\u6c34\u6676\u7130"}, {"userName": "\u7d2b\u661f\u6d41\u4e91555", "userReviewDate": "6\u5c0f\u65f6\u524d", "userURL": "https://my.qidian.com/user/227608677", "userReview": "\u8001\u732b\u7ec8\u4e8e\u51fa\u65b0\u4e66\u4e86"}, {"userName": "\u9752\u706b\u9611\u73ca", "userReviewDate": "6\u5c0f\u65f6\u524d", "userURL": "https://my.qidian.com/user/171886939", "userReview": "\u7528\u7740\u51e0\u5341\u5e74\u524d\u7684\u4e3b\u89d2\u6a21\u677f\uff0c\u8fd8\u65f6\u4e0d\u65f6\u7ed9\u4e3b\u89d2\u964d\u4f4e\u667a\u5546"}, {"userName": "\u751f\u6d3b\u5c31\u662f\u4fee\u884c", "userReviewDate": "14\u5c0f\u65f6\u524d", "userURL": "https://my.qidian.com/user/212084970", "userReview": "\u6740\u5f97\u6211\u5fc3\u91cc\u9762\u8212\u670d      \u723d\u554a \u3002   \u901f\u5ea6\u7684\u66f4\u65b0\u4e0d\u591f\u770b\u7684"}, {"userName": "\u4e66\u53cb20171010205628458", "userReviewDate": "17\u5c0f\u65f6\u524d", "userURL": "https://my.qidian.com/user/309303438", "userReview": "\u4f5c\u8005\u8fd9\u672c\u4e66\u660e\u663e\u5438\u7c89\uff0c\u7ee7\u7eed\u52a0\u6cb9\ud83d\udcaa"}, {"userName": "\u90b9\u66f2\u9756", "userReviewDate": "17\u5c0f\u65f6\u524d", "userURL": "https://my.qidian.com/user/214642960", "userReview": "\u732a\u811a\u4e0d\u662f\u7a7f\u8d8a\u4e16\u754c\u4fee\u884c\u5417\uff1f\u600e\u4e48\u5728\u505a\u5546\u8d29\u5462\u3002"}, {"userName": "\u7b28\u72d7\u9aa8\u5934", "userReviewDate": "19\u5c0f\u65f6\u524d", "userURL": "https://my.qidian.com/user/231527309", "userReview": "\u521a\u770b\u523020\u51e0\u7ae0\uff0c\u53ea\u611f\u89c9\u5957\u8def\u597d\u8001"}, {"userName": "\u83ab\u8bed\uff5e", "userReviewDate": "19\u5c0f\u65f6\u524d", "userURL": "https://my.qidian.com/user/202501160", "userReview": "\u770b\u4e86\u51e0\u7ae0\uff0c\u597d\u618b\u5c48\uff0c\u6551\u4e2a\u4eba\u8fd8\u80fd\u5165\u9b54\uff0c\u8fd9\u8fd8\u662f\u7a7f\u8d8a\u8005\uff1f\uff1f\uff1f\u4f60\u8981\u662f\u8bf4\u571f\u8457\u8fd8\u8bf4\u7684\u8fc7\u53bb\uff0c\u4e00\u4e2a\u73b0\u4ee3\u4eba\u88ab\u5fe0"}, {"userName": "Myata", "userReviewDate": "19\u5c0f\u65f6\u524d", "userURL": "https://my.qidian.com/user/142730120", "userReview": "\u5220\u4e66\u4e86\uff0c\u6709\u6bd2"}, {"userName": "\u5203\u920a", "userReviewDate": "20\u5c0f\u65f6\u524d", "userURL": "https://my.qidian.com/user/229911054", "userReview": "\u8fd9\u672c\u4e66\u4e3b\u89d2\u7684\u4eba\u8bbe\u8fc7\u65f6\u4e86\uff0c\u597d\u51e0\u5e74\u524d\u7684\u4eba\u8bbe \u3002\u770b\u7740\u5c31\u611f\u89c9\u4e3b\u89d2\u4e0d\u662f\u73b0\u4ee3\u4eba\u3002"}, {"userName": "\u5415\u5929\u867e13162", "userReviewDate": "24\u5c0f\u65f6\u524d", "userURL": "https://my.qidian.com/user/316095129", "userReview": "\u7b7e\u5230\u6c34\u7ecf\u9a8c\u3002\u3002"}, {"userName": "\u5931\u843d\u7684\u662f\u5fc3", "userReviewDate": "\u6628\u65e510:18", "userURL": "https://my.qidian.com/user/122738284", "userReview": "\u4f5c\u8005\u770b\u5230\u56de\u590d\u4e00\u4e0b\uff0c\u8fd9\u672c\u4e66\u4f60\u4e0d\u4f1a\u5f00\u540e\u5bab\u5427\uff1f"}, {"userName": "\u4e66\u751f654", "userReviewDate": "\u6628\u65e508:20", "userURL": "https://my.qidian.com/user/201611709", "userReview": "\u723d\u662f\u723d\u4e86\uff0c\u5c31\u6015\u548c\u8c10\u4e86"}], "description": "\u661f\u6d77\u6f2b\u6e38\uff0c\u65f6\u7a7a\u7a7f\u68ad\uff0c\u673a\u68b0\u79d1\u6280\uff0c\u76ee\u6807\u662f\u672a\u77e5\u7684\u661f\u8fb0\u5927\u6d77\uff01", "title": "\u4f4d\u9762\u4e4b\u91d1\u699c\u9898\u540d", "url": "https://book.qidian.com/info/1011989615", "average": -1.0, "cover": "//qidian.qpic.cn/qdbimg/349573/1011989615/180", "reviews": -1, "authors": [{"url": "https://me.qidian.com/authorIndex.aspx?id=6609044", "name": "\u4e45\u732b"}], "type": ["\u79d1\u5e7b", "\u65f6\u7a7a\u7a7f\u68ad"], "outlinks": ["https://book.qidian.com/info/1011989615", "https://book.qidian.com/info/1009969633", "https://book.qidian.com/info/1009969633", "https://book.qidian.com/info/1010691511", "https://book.qidian.com/info/1010691511", "https://book.qidian.com/info/1010800039", "https://book.qidian.com/info/1010800039", "https://book.qidian.com/info/1010831245", "https://book.qidian.com/info/1010831245", "https://book.qidian.com/info/1004200296", "https://book.qidian.com/info/1004200296", "https://book.qidian.com/info/1010293035", "https://book.qidian.com/info/1010293035", "https://book.qidian.com/info/1003475385", "https://book.qidian.com/info/1003475385", "https://book.qidian.com/info/1011615983", "https://book.qidian.com/info/1011615983", "https://book.qidian.com/info/1011814764", "https://book.qidian.com/info/1011636462", "https://book.qidian.com/info/1012011143", "https://book.qidian.com/info/1011989615", "https://book.qidian.com/info/1011979302", "https://book.qidian.com/info/1011962232", "https://book.qidian.com/info/1012020634", "https://book.qidian.com/info/1011923738", "https://book.qidian.com/info/1012020834", "https://book.qidian.com/info/1011973977"]}