{"ratings": 0.0, "userreviews": [{"userName": "\u8272\u5361\u53611", "userReviewDate": "2018-06-06", "userURL": "https://my.qidian.com/user/191584272", "userReview": "\u53d1\u73b0\u633a\u591a\u8bfb\u8005\u8981\u6c42\u7684\uff0c\u5c31\u6765\u4e00\u4e2a\u9f99\u5957\u697c\u5427\uff0c\u5927\u5bb6\u6709\u4ec0\u4e48\u60f3\u6cd5\u548c\u8bbe\u5b9a\uff0c\u53ef\u4ee5\u5728\u4e0b\u9762\u7559\u8a00\uff0c\u672c\u4e66\u9f99\u5957\u5f88\u591a\uff0c"}, {"userName": "\u8d75\u6dd1\u6d01", "userReviewDate": "2018-05-25", "userURL": "https://my.qidian.com/user/222329352", "userReview": "  \u52a0\u66f4\uff01\uff01\uff01\uff01\u4e0a\u67b6\u76df\u4e3b\uff01"}, {"userName": "\u58a8\u7075\u83ab\u8bed", "userReviewDate": "2018-05-16", "userURL": "https://my.qidian.com/user/211735815", "userReview": "\u52a0\u4e00\u4e2a\u5148\uff0c10\u5e01\u4e00\u697c\uff0c\u5343\u697c\u5c01\u9876[fn=24]"}, {"userName": "\u5e74\u8f7bc1\u5996\u5a06\u2032\u6697\u591c", "userReviewDate": "2\u5c0f\u65f6\u524d", "userURL": "https://my.qidian.com/user/118218705", "userReview": "\u6d77\u4f26\u770b\u5230\u59b9\u59b9\u7684\u6b7b\u53bb\u4ea7\u751f\u590d\u6d3b\u59b9\u59b9\u7684\u6b32\u671b\uff0c\u4ece\u800c\u4e0d\u80fd\u6210\u4e3a\u6b32\u671b\u4e4b\u795e\uff01\u4f46\u662f\u51ed\u4ec0\u4e48\u5df4\u7279\u770b\u5230\u6d77\u4f26\u4e34\u6b7b\u524d\u90a3"}, {"userName": "\u538b\u6291\u7684\u767d\u8272", "userReviewDate": "2\u5c0f\u65f6\u524d", "userURL": "https://my.qidian.com/user/186947084", "userReview": "\u6740\u4eba\u653e\u706b\u91d1\u8170\u5e26 \u653e\u4e0b\u5c60\u5200\u5c31\u662f\u4f5b  MMP"}, {"userName": "\u4e66\u53cb151019194506480", "userReviewDate": "2\u5c0f\u65f6\u524d", "userURL": "https://my.qidian.com/user/212951233", "userReview": "\u6211\u770b\u5230\u4eba\u9c7c\u7adf\u7136\u88ab\u4eba\u7c7b\u5728\u6d77\u4e0a\u6253\u8d25\u4e86\u6211\u5c31\u53d7\u4e0d\u4e86\u4e86\uff0c\u8fd8\u6d77\u795e\u4e4b\u5b50\u5462\uff01\u8fd8\u80fd\u64cd\u63a7\u6d77\u602a\uff1f\u80fd\u88ab\u4eba\u5728\u6d77\u4e0a\u6253\u8d25"}, {"userName": "\u4e0d\u5e78\u7684\u72fc", "userReviewDate": "2\u5c0f\u65f6\u524d", "userURL": "https://my.qidian.com/user/532972", "userReview": "\u6700\u540e\u4e00\u4e2a\u4ec0\u4e48\u795e\uff0c\u5b58\u6863\u4e4b\u795e\u5417"}, {"userName": "\u597d\u4e66\u63a8\u8350\u4e2a", "userReviewDate": "4\u5c0f\u65f6\u524d", "userURL": "https://my.qidian.com/user/168758180", "userReview": "\u597d\u4e66\u63a8\u8350\u4e2a\u6253\u8d4f\u5386\u53f2\u91cc\u5439\u5439\u98ce 100000\u8d77\u70b9\u5e01  \u8fd9\u672c\u4e66\u5199\u7684\u592a\u597d\u4e86,\u7292\u52b3\u4e00\u4e0b\u5e0c\u671b\u540e\u7eed\u66f4\u7cbe\u5f69"}, {"userName": "\u7af9\u53d4\u53d4", "userReviewDate": "4\u5c0f\u65f6\u524d", "userURL": "https://my.qidian.com/user/150144538", "userReview": "\u5367\u69fd\uff0c\u6628\u5929\u7684\u6b32\u671b\u4e4b\u795e\uff08\u7ec8\uff09\uff0c\u8ba9\u6211\u4ee5\u4e3a\u8fd9\u672c\u4e66\u5199\u5b8c\u4e86\uff0c\u8fd8\u5947\u602a\u8bc4\u8bba\u91cc\u600e\u4e48\u6ca1\u4eba\u5410\u69fd\u5c31\u8fd9\u6837\u70c2\u5c3e\u4e86\uff0c\u8fd8"}, {"userName": "\u5929\u72fc\u6b8b\u6b87", "userReviewDate": "6\u5c0f\u65f6\u524d", "userURL": "https://my.qidian.com/user/214827496", "userReview": "\u7b7e\u5230\u4e94\u4e2a\u5b57"}, {"userName": "qjtynyes", "userReviewDate": "6\u5c0f\u65f6\u524d", "userURL": "https://my.qidian.com/user/122895967", "userReview": "[fn=4]"}, {"userName": "\u5218\u632f\u5b871", "userReviewDate": "7\u5c0f\u65f6\u524d", "userURL": "https://my.qidian.com/user/226821110", "userReview": "\u9f99\u5957\u697c\u9f99\u5957\u697c"}, {"userName": "\u539f\u5b50\u86cb\u75bc", "userReviewDate": "7\u5c0f\u65f6\u524d", "userURL": "https://my.qidian.com/user/220474446", "userReview": "\u65e5\u5e38\u50ac\u66f4\u4e2d"}, {"userName": "\u4e66\u53cb150806142822015", "userReviewDate": "10\u5c0f\u65f6\u524d", "userURL": "https://my.qidian.com/user/211390806", "userReview": "\u521a\u8fc7\u516c\u53f86\u4e2a\u5b9e\u4e60\u671f  \u4ece\u4e0a\u7f51\u81ea\u5e26\u767d\u5f00\u6c34\u5347\u7ea7\u559d\u77ff\u6cc9\u6c34  \u5e86\u795d\u4e00\u6ce2  \u76d6\u4e2a\u697c\u4e00\u697c10\u5e01500\u697c"}], "description": "\u9b54\u517d\u8df5\u8e0f\uff0c\u5de8\u9f99\u5486\u54ee\uff0c\u5deb\u5e08\u8bc5\u5492\uff0c\u9b54\u6cd5\u7480\u74a8\u4e4b\u5149\u7167\u8000\u77e5\u8bc6\u706f\u5854\uff01", "title": "\u4f4e\u7ef4\u6e38\u620f", "url": "https://book.qidian.com/info/1010985987", "average": -1.0, "cover": "//qidian.qpic.cn/qdbimg/349573/1010985987/180", "reviews": -1, "authors": [{"url": "https://me.qidian.com/authorIndex.aspx?id=4164086", "name": "\u5386\u53f2\u91cc\u5439\u5439\u98ce"}], "type": ["\u5947\u5e7b", "\u53f2\u8bd7\u5947\u5e7b"], "outlinks": ["https://book.qidian.com/info/1010985987", "https://book.qidian.com/info/1009719184", "https://book.qidian.com/info/1009719184", "https://book.qidian.com/info/1009465179", "https://book.qidian.com/info/1009465179", "https://book.qidian.com/info/1005818830", "https://book.qidian.com/info/1005818830", "https://book.qidian.com/info/1009730567", "https://book.qidian.com/info/1009730567", "https://book.qidian.com/info/1010032521", "https://book.qidian.com/info/1010032521", "https://book.qidian.com/info/1004995908", "https://book.qidian.com/info/1004995908", "https://book.qidian.com/info/3435824", "https://book.qidian.com/info/3435824", "https://book.qidian.com/info/1003587142", "https://book.qidian.com/info/1003587142", "https://book.qidian.com/info/1009436575", "https://book.qidian.com/info/1009436575", "https://book.qidian.com/info/1010437449", "https://book.qidian.com/info/1010437449", "https://book.qidian.com/info/1011194349", "https://book.qidian.com/info/1011966445", "https://book.qidian.com/info/1011923635", "https://book.qidian.com/info/1011996030", "https://book.qidian.com/info/1011894816", "https://book.qidian.com/info/1011954628", "https://book.qidian.com/info/1011324769", "https://book.qidian.com/info/1005209240", "https://book.qidian.com/info/1011806768", "https://book.qidian.com/info/1011417251"]}