{"ratings": 0.0, "userreviews": [{"userName": "jiecygm", "userReviewDate": "2017-12-29", "userURL": "https://my.qidian.com/user/1947668", "userReview": "\u597d\u957f\u65f6\u95f4\u6ca1\u770b\u5230\u80fd\u591f\u575a\u6301\u6bcf\u5929\u4e07\u5b57\u66f4\u65b0\u7684\u4f5c\u8005\u4e86\uff0c\u5c31\u51ed\u8fd9\u66f4\u65b0\u901f\u5ea6\u4e5f\u503c\u5f97\u652f\u6301\uff0c\u4f5c\u8005\u52a0\u6cb9\uff01"}, {"userName": "\u98de\u9e70\u5c55\u5403", "userReviewDate": "2017-12-08", "userURL": "https://my.qidian.com/user/1081368", "userReview": "\u90fd\u8bf4\u4e86\u4f5c\u8005\u8fd9\u4e2a\u5957\u8def\u5f88\u7ed9\u8bfb\u8005\u6dfb\u5835\u3002\u4f5c\u8005\u53ef\u80fd\u4e5f\u8bf4\u4e86\u8ddf\u4ee5\u524d\u90a3\u4e9b\u4e0d\u4e00\u6837\u3002\u4f46\u662f\u4f5c\u8005\u5927\u5927\u4f60\u662f\u65b0\u4eba\u554a\u3002\u4eba"}, {"userName": "\u6768\u6768\u662f\u4e2a\u7b28\u86cb", "userReviewDate": "2017-11-04", "userURL": "https://my.qidian.com/user/215080302", "userReview": "\u9996\u5148\u65b0\u4e66\u9700\u8981\u63a8\u8350\u6765\u57ab\u5e95\uff0c\u63a8\u8350\u7968\u591a\u8d77\u6765\u540e\u770b\u7684\u4eba\u624d\u4f1a\u591a\u3002\u7136\u540e\u4eba\u591a\u4e86\u5c31\u80fd\u5e26\u52a8\u4e66\u7684\u6210\u7ee9\u4e86\u3002\u6211\u662f\u4e66\u5355"}, {"userName": "\u96e8\u540e\u6674\u59291314", "userReviewDate": "9\u5c0f\u65f6\u524d", "userURL": "https://my.qidian.com/user/230697955", "userReview": "\u6211\u6709\u4e00\u53e5MMP\u4e0d\u77e5\u5f53\u8bb2\u4e0d\u5f53\u8bb2\u3002"}, {"userName": "\u963f\u5416\u5416q", "userReviewDate": "2018-06-03", "userURL": "https://my.qidian.com/user/222401321", "userReview": "\u6574\u5f97\u50cf\u540e\u5bab\u6587\u4e00\u6837"}, {"userName": "\u778e\u7785\u4e11", "userReviewDate": "2018-05-30", "userURL": "https://my.qidian.com/user/192131750", "userReview": "\u4f60\u597d\u6bd2\u4f60\u597d\u6bd2\uff0c\u4f60\u597d\u6bd2\u6bd2\u6bd2\u6bd2\u6bd2\u3002"}, {"userName": "\u4e66\u53cb20171028091233378", "userReviewDate": "2018-04-25", "userURL": "https://my.qidian.com/user/310024605", "userReview": "\u6211\u6ef4\u5929\u5450\uff0c\u6ca1\u667a\u5546\u554a"}, {"userName": "\u5723\u5e1d\u6218\u4e7e\u5764", "userReviewDate": "2018-04-21", "userURL": "https://my.qidian.com/user/212802306", "userReview": "\u770b\u7684\u6211\u90fd\u50bb-\u903c\u4e86\u8d8a\u770b\u8d8a\u96be\u53d7"}, {"userName": "\u52ff\u5fd8\u62111978", "userReviewDate": "2018-04-19", "userURL": "https://my.qidian.com/user/1960698", "userReview": "\u7b2c\u4e00\u7ae0\u5c31\u6709\u70b9\u88ab\u6bd2\u4e86[fn=11]"}, {"userName": "\u660e\u4eae\u7684\u4f60", "userReviewDate": "2018-04-17", "userURL": "https://my.qidian.com/user/216190075", "userReview": "\u4f60\u8fd9\u5199\u7684\u662f\u4e00\u7279\u79cd\u5175\u5417\uff1f\u7b80\u76f4\u662f\u7279******\u4e48\uff01"}, {"userName": "ZZ\u5c0f\u9c7c", "userReviewDate": "2018-04-10", "userURL": "https://my.qidian.com/user/215742365", "userReview": "\u6c34\u7ecf\u9a8c\u7b7e\u5230"}, {"userName": "\u9676\u6dc5", "userReviewDate": "2018-03-19", "userURL": "https://my.qidian.com/user/304883540", "userReview": "\u6211\u770b\u5230\u7b2c\u5341\u56db\u7ae0\u5b9e\u5728\u662f\u770b\u4e0d\u4e0b\u53bb\u4e86\u3002\u524d\u9762\u7537\u4e3b\u8f7b\u6613\u5c31\u63a5\u53d7\u4e86\u4e00\u4e2a\u5973\u513f\u6211\u5012\u662f\u8fd8\u53ef\u4ee5\u63a5\u53d7\uff0c\u4f46\u662f\u4ed6\u62cd\u684c\u5b50"}, {"userName": "\u4e66\u53cb160901063457558", "userReviewDate": "2018-02-20", "userURL": "https://my.qidian.com/user/222299206", "userReview": "\u770b\u4e86\u524d\u9762\u51e0\u7ae0\uff0c\u63d0\u70b9\u4e2a\u4eba\u89c2\u70b9\u4e0d\u559c\u52ff\u55b7\u3002\u7537\u4e3b\u89d2\u4e0d\u8981\u52a8\u4e0d\u52a8\u5c31\u51b7\u51b7\u7684\u8bf4\u8bdd\uff0c\u611f\u89c9\u50cf\u5341\u51e0\u5e74\u524d\u7684\u5c0f\u8bf4\u3002\u8fd8"}, {"userName": "\u5979\u50cf\u53ea\u732b", "userReviewDate": "2018-02-17", "userURL": "https://my.qidian.com/user/229851749", "userReview": "\u521a\u770b\u51e0\u7ae0\u7684\u8868\u793a\u63a5\u53d7\u4e0d\u4e86\u559c\u5f53\u7239     \u63a5\u53d7\u4e0d\u4e86\u8fd8\u6ca1\u7ed3\u5a5a\u5c31\u7ed9\u522b\u4eba\u517b\u5b69\u5b50  \u53ef\u80fd\u6211\u5c31\u662f\u4e2a\u81ea\u79c1\u7684"}], "description": "\u91cd\u751f\u8fc7\u53bb\u3001\u7545\u60f3\u672a\u6765\u3001\u68a6\u5e7b\u73b0\u5b9e\uff0c\u518d\u5851\u4f20\u5947\u4eba\u751f\uff01", "title": "\u4f4e\u8c03\u7684\u5de8\u661f\u5976\u7238", "url": "https://book.qidian.com/info/1010629073", "average": -1.0, "cover": "//qidian.qpic.cn/qdbimg/349573/1010629073/180", "reviews": -1, "authors": [{"url": "https://me.qidian.com/authorIndex.aspx?id=4253971", "name": "\u672b\u8def\u7e41\u534e.QD"}], "type": ["\u90fd\u5e02", "\u5a31\u4e50\u660e\u661f"], "outlinks": ["https://book.qidian.com/info/1010629073", "https://book.qidian.com/info/1010714274", "https://book.qidian.com/info/1010714274", "https://book.qidian.com/info/1009915605", "https://book.qidian.com/info/1009915605", "https://book.qidian.com/info/1010540347", "https://book.qidian.com/info/1010540347", "https://book.qidian.com/info/1009832745", "https://book.qidian.com/info/1009832745", "https://book.qidian.com/info/1009698352", "https://book.qidian.com/info/1009698352", "https://book.qidian.com/info/1007005774", "https://book.qidian.com/info/1007005774", "https://book.qidian.com/info/1010782872", "https://book.qidian.com/info/1010782872", "https://book.qidian.com/info/1011232206", "https://book.qidian.com/info/1011232206", "https://book.qidian.com/info/1011932150", "https://book.qidian.com/info/1012029544", "https://book.qidian.com/info/1012015699", "https://book.qidian.com/info/1012018201", "https://book.qidian.com/info/1011879101", "https://book.qidian.com/info/1011790606", "https://book.qidian.com/info/1011971435", "https://book.qidian.com/info/1009695534", "https://book.qidian.com/info/1011890878", "https://book.qidian.com/info/1010537314"]}