{"ratings": 0.0, "userreviews": [{"userName": "\u00a4\u84bc\u712a\u2642\u9f4f\u6ec5", "userReviewDate": "2017-10-03", "userURL": "https://my.qidian.com/user/114209732", "userReview": "\u6253\u5427\uff0c\u4f7f\u52b2\u6253\u5427\uff01\u53ea\u6709\u8fd9\u6837\u4e3b\u89d2\u7684\u5fc3\u6001\u624d\u80fd\u8f6c\u53d8\u8fc7\u6765\uff01\u624d\u4f1a\u660e\u767d\u5bf9\u4e8e\u5730\u7403\u548c\u4eba\u7c7b\u6765\u8bf4\u4ed6\u81ea\u5df1\u771f\u7684\u662f\u4e00\u4e2a"}, {"userName": "\u00a4\u84bc\u712a\u2642\u9f4f\u6ec5", "userReviewDate": "2017-09-22", "userURL": "https://my.qidian.com/user/114209732", "userReview": "\u5176\u5b9e\u6211\u633a\u80fd\u7406\u89e3\u4f5c\u8005\u541b\u7684\u82e6\u607c\u7684\uff0c\u4f5c\u8005\u541b\u60f3\u8981\u628a\u73b0\u5728\u5df2\u6709\u7684\u7535\u5f71\u5267\u60c5\u7ed9\u5199\u5b8c\uff0c\u6240\u4ee5\u5c31\u4e0d\u80fd\u628a\u5267\u60c5\u7ed9\u7834\u574f"}, {"userName": "745834679", "userReviewDate": "2018-06-07", "userURL": "https://my.qidian.com/user/124488833", "userReview": "\u8fd9\u903c\u4e66\u4ed6\u5988\u90fd\u5199\u591a\u4e45\u4e86\uff1f"}, {"userName": "\u4e66\u53cb20170517170836896", "userReviewDate": "2018-06-07", "userURL": "https://my.qidian.com/user/301794970", "userReview": "\u8d8a\u770b\u8d8a\u6ca1\u52b2\uff0c\u65e0\u8bed"}, {"userName": "\u65ed\u65e5\u4e1c\u5347\u4e0b\u96e8", "userReviewDate": "2018-06-06", "userURL": "https://my.qidian.com/user/308125700", "userReview": "\u53c8\u662f\u540e\u5bab\uff0c\u4e0d\u770b\u4e86"}, {"userName": "\u62d4\u53d4a", "userReviewDate": "2018-06-06", "userURL": "https://my.qidian.com/user/311019377", "userReview": "\u5f03\u4e86\uff0c\u4ec0\u4e48\u9b3c\u554a"}, {"userName": "\u5f52\u53bb\u6765\u516e\u5ff5\u5974\u5a07", "userReviewDate": "2018-06-05", "userURL": "https://my.qidian.com/user/215766406", "userReview": "\u52a0\u6cb9\u4f5c\u8005\uff0c\u4e0d\u8981\u592a\u76d1\u4e86\uff0c\u4e0d\u7136\u7ed9\u4f60\u5bc4\u5200\u7247"}, {"userName": "\u9759\u5f85\u6709\u7f18", "userReviewDate": "2018-06-04", "userURL": "https://my.qidian.com/user/177858551", "userReview": "\u7279\u4e48\u7684\u5076\u5c14\u8bc8\u5c38\u4e00\u6b21\uff0c\u5413\u6b7b\u4eba"}, {"userName": "\u552f\u6211\u766b\u75af\u7b11\u5929", "userReviewDate": "2018-06-04", "userURL": "https://my.qidian.com/user/214013524", "userReview": "\u5076\u5c14\u8bc8\u5c38\u3002\u3002\uff1f"}, {"userName": "\u4e66\u53cb160621190205587", "userReviewDate": "2018-06-04", "userURL": "https://my.qidian.com/user/218777166", "userReview": "\u5c45\u7136\u66f4\u65b0\u4e86!"}, {"userName": "\u8282\u64cd\u6ee1\u6ee1\u7684\u591c\u884c\u8005", "userReviewDate": "2018-06-04", "userURL": "https://my.qidian.com/user/305340887", "userReview": "\u54b8\u9c7c\u7ffb\u8eab\uff1f\u9519\u89c9\uff01"}, {"userName": "\u6d69\u701aDe\u7ef5\u7f8a", "userReviewDate": "2018-06-04", "userURL": "https://my.qidian.com/user/158314856", "userReview": "\u989d\uff0c\u6700\u8fd1\u51e0\u5929\u6709\u66f4\u65b0\u4e86\u3002\u3002\u3002"}, {"userName": "\u6768\u4ed5\u9526", "userReviewDate": "2018-06-03", "userURL": "https://my.qidian.com/user/219765215", "userReview": "\u6708\u66f4\u4e0d\u9519\u4e86"}, {"userName": "\u5f52\u53bb\u6765\u516e\u5ff5\u5974\u5a07", "userReviewDate": "2018-06-03", "userURL": "https://my.qidian.com/user/215766406", "userReview": "\u5367\u69fd\uff0c\u592a\u76d1\u4f5c\u8005\u53c8\u957f\u4e86\u4e2a\u8001\u4e8c\uff0c\u53ef\u559c\u53ef\u8d3a"}], "description": "\u661f\u6d77\u6f2b\u6e38\uff0c\u65f6\u7a7a\u7a7f\u68ad\uff0c\u673a\u68b0\u79d1\u6280\uff0c\u76ee\u6807\u662f\u672a\u77e5\u7684\u661f\u8fb0\u5927\u6d77\uff01", "title": "\u4f50\u5fb7\u4e4b\u5b50", "url": "https://book.qidian.com/info/1006062892", "average": -1.0, "cover": "//qidian.qpic.cn/qdbimg/349573/1006062892/180", "reviews": -1, "authors": [{"url": "https://me.qidian.com/authorIndex.aspx?id=3001411", "name": "\u540d\u5251\u54e5"}], "type": ["\u79d1\u5e7b", "\u8fdb\u5316\u53d8\u5f02"], "outlinks": ["https://book.qidian.com/info/1006062892", "https://book.qidian.com/info/1011067362", "https://book.qidian.com/info/1011067362", "https://book.qidian.com/info/1010890987", "https://book.qidian.com/info/1010890987", "https://book.qidian.com/info/1010969487", "https://book.qidian.com/info/1010969487", "https://book.qidian.com/info/1010879578", "https://book.qidian.com/info/1010879578", "https://book.qidian.com/info/1010942512", "https://book.qidian.com/info/1010942512", "https://book.qidian.com/info/1010810478", "https://book.qidian.com/info/1010810478", "https://book.qidian.com/info/2452239", "https://book.qidian.com/info/2452239", "https://book.qidian.com/info/1011814764", "https://book.qidian.com/info/1011636462", "https://book.qidian.com/info/1012011143", "https://book.qidian.com/info/1011989615", "https://book.qidian.com/info/1011979302", "https://book.qidian.com/info/1011962232", "https://book.qidian.com/info/1012020634", "https://book.qidian.com/info/1011923738", "https://book.qidian.com/info/1012020834", "https://book.qidian.com/info/1011973977"]}