{"ratings": 0.0, "userreviews": [], "description": "\u4f53\u575b\u591a\u82f1\u96c4\uff0c\u8d5b\u573a\u6211\u4e3a\u738b\uff0c\u70ed\u8840\u6f8e\u6e43\u7684\u7ade\u6280\u4f53\u80b2\uff01", "title": "\u4f53\u575b\u9020\u795e\u8005", "url": "https://book.qidian.com/info/1011947074", "average": -1.0, "cover": "//qidian.qpic.cn/qdbimg/349573/1011947074/180", "reviews": -1, "authors": [{"url": "https://me.qidian.com/authorIndex.aspx?id=402297790", "name": "\u6da9\u9053"}], "type": ["\u4f53\u80b2", "\u4f53\u80b2\u8d5b\u4e8b"], "outlinks": ["https://book.qidian.com/info/1011947074", "https://book.qidian.com/info/1011041249", "https://book.qidian.com/info/1011041249", "https://book.qidian.com/info/1006629843", "https://book.qidian.com/info/1006629843", "https://book.qidian.com/info/1010521762", "https://book.qidian.com/info/1010521762", "https://book.qidian.com/info/1010552002", "https://book.qidian.com/info/1010552002", "https://book.qidian.com/info/1009746270", "https://book.qidian.com/info/1009746270", "https://book.qidian.com/info/1009520020", "https://book.qidian.com/info/1009520020", "https://book.qidian.com/info/1011026048", "https://book.qidian.com/info/1011932684", "https://book.qidian.com/info/3675910", "https://book.qidian.com/info/1011342003", "https://book.qidian.com/info/1011687020", "https://book.qidian.com/info/1011446896", "https://book.qidian.com/info/1011767969", "https://book.qidian.com/info/1011676779", "https://book.qidian.com/info/1005095075", "https://book.qidian.com/info/1011814696"]}