{"ratings": 0.0, "userreviews": [], "description": "\u4f53\u575b\u591a\u82f1\u96c4\uff0c\u8d5b\u573a\u6211\u4e3a\u738b\uff0c\u70ed\u8840\u6f8e\u6e43\u7684\u7ade\u6280\u4f53\u80b2\uff01", "title": "\u4f53\u575b\u4e4b\u7bee\u7403\u6559\u7236", "url": "https://book.qidian.com/info/1011041249#Catalog", "average": -1.0, "cover": "//qidian.qpic.cn/qdbimg/349573/1011041249/180", "reviews": -1, "authors": [{"url": "https://me.qidian.com/authorIndex.aspx?id=4105672", "name": "\u8089\u672b\u5927\u8304\u5b50"}], "type": ["\u4f53\u80b2", "\u7bee\u7403\u8fd0\u52a8"], "outlinks": ["https://book.qidian.com/info/1011041249", "https://book.qidian.com/info/1010252885", "https://book.qidian.com/info/1010252885", "https://book.qidian.com/info/1009520020", "https://book.qidian.com/info/1009520020", "https://book.qidian.com/info/1009843749", "https://book.qidian.com/info/1009843749", "https://book.qidian.com/info/1010001185", "https://book.qidian.com/info/1010001185", "https://book.qidian.com/info/1004911971", "https://book.qidian.com/info/1004911971", "https://book.qidian.com/info/1009814091", "https://book.qidian.com/info/1009814091", "https://book.qidian.com/info/3280139", "https://book.qidian.com/info/3280139", "https://book.qidian.com/info/3651476", "https://book.qidian.com/info/3651476", "https://book.qidian.com/info/1004055308", "https://book.qidian.com/info/1004055308", "https://book.qidian.com/info/1011026048", "https://book.qidian.com/info/1011932684", "https://book.qidian.com/info/3675910", "https://book.qidian.com/info/1011342003", "https://book.qidian.com/info/1011687020", "https://book.qidian.com/info/1011446896", "https://book.qidian.com/info/1011767969", "https://book.qidian.com/info/1011676779", "https://book.qidian.com/info/1005095075", "https://book.qidian.com/info/1011814696"]}