{"ratings": 0.0, "userreviews": [{"userName": "book(4)\u61ff", "userReviewDate": "2018-06-02", "userURL": "https://my.qidian.com/user/121907851", "userReview": "\u53ef\u4ee5\u4e00\u770b\uff0c\u6709\u773c\u524d\u4e00\u4eae\u7684\u611f\u89c9\uff0c\u8282\u594f\u5f88\u5feb\u5f88\u723d\uff01"}, {"userName": "\u6768\u95e8\u72c2\u5c11", "userReviewDate": "2018-06-01", "userURL": "https://my.qidian.com/user/186367951", "userReview": "\u4e16\u754c\u7bee\u7403\u8054\u8d5b\uff0c\u63a7\u5236\u4e94\u5927\u8054\u8d5b\uff0c\u6709\u610f\u601d\u3002"}, {"userName": "\u5415\u5929\u867e11895", "userReviewDate": "18\u5c0f\u65f6\u524d", "userURL": "https://my.qidian.com/user/315081843", "userReview": "\u7b7e\u4e2a\u5230\uff0c\u6c42\u66f4\u65b0\uff01"}, {"userName": "\u98ce\u5b50\u4e49", "userReviewDate": "2018-06-07", "userURL": "https://my.qidian.com/user/219387819", "userReview": "\u8fd9\u672c\u4e66\u7684\u521b\u610f\u771f\u4e0d\u9519\uff0c\u8981\u662f\u8282\u594f\u6162\u70b9\uff0c\u5f00\u5c40\u4ece5\u5927\u8054\u8d5b\u7684\u7403\u961f\u5ef6\u4f38\uff0c\u5728\u5f00\u59cb\u8fdb\u5165\u4e2d\u8d85\u8054\u8d5b\uff0c\u4e00\u5b9a\u80fd\u4e00\u4e66"}, {"userName": "\u5fc3\u65e0\u6240\u7cfb\u4e36\u968f\u9047\u800c\u5b89", "userReviewDate": "2018-06-03", "userURL": "https://my.qidian.com/user/229474450", "userReview": "\u5475\u5475\uff0c\u624b\u4e0b\u53eb\u8001\u677f\u5c0f\u5fb7\uff1f\u725b\u903c\u554a"}, {"userName": "\u5c0f\u5b32\u513f", "userReviewDate": "2018-06-02", "userURL": "https://my.qidian.com/user/122354121", "userReview": "\u767e\u5206\u767e\u6295\u7bee\u547d\u4e2d\u7387\uff0c\u8fd9\u732a\u811a\u7684\u7bee\u7403\u961f\u8fd8\u4e0d\u662f\u65e0\u654c\uff0c\u522b\u7684\u961f\u73a9\u4e2a\u5c41\uff0c\u6280\u80fd\u592a\u53d8\u6001\u4e86"}, {"userName": "\u4e66\u53cb20180517160058405", "userReviewDate": "2018-05-30", "userURL": "https://my.qidian.com/user/316683418", "userReview": "\u8fd9\u7279\u4e48\u7684\u662f\u4e00\u672c\u795e\u4e66\u3002\u3002\u3002\uff01\uff01\u503c\u5f97\u4e00\u770b"}, {"userName": "\u6ce2\u9ebb\u4e0a\u82cd", "userReviewDate": "2018-05-28", "userURL": "https://my.qidian.com/user/231196303", "userReview": "\u8d76\u7d27\u70b9\u4eae\u6e38\u6cf3\u7248\u5757\uff0c\u8fd9\u6837\u5965\u8fd0\u4f1a\u4e0a\u4e2d\u56fd\u5965\u8fd0\u91d1\u724c\u624d\u80fd\u7b2c\u4e00"}, {"userName": "\u9ec4\u5148\u751f0", "userReviewDate": "2018-05-22", "userURL": "https://my.qidian.com/user/210159763", "userReview": "\u4e0d\u9519\u4e0d\u9519\u597d\u770b"}, {"userName": "\u7b11\u6e38\u6c5f\u6e56\u8def", "userReviewDate": "2018-04-23", "userURL": "https://my.qidian.com/user/130393646", "userReview": "\u4f5c\u8005\u541b\uff0c\u6bcf\u5929\u7a33\u5b9a\u66f4\u65b0\u554a\u3002\u8fd8\u6709\uff0c\u4f60\u4e0d\u89c9\u5f97\u6bcf\u5929\u4e00\u66f4\u4e0d\u8fc7\u763e\u5417\uff1f[fn=4][fn=4]"}, {"userName": "\u6ce2\u9ebb\u4e0a\u82cd", "userReviewDate": "2018-04-19", "userURL": "https://my.qidian.com/user/231196303", "userReview": "\u3010\u968f\u673a\u76f4\u64ad\u95f4\u3011\u8def\u8fc7\uff0c\u770b\u4e86\u8fd9\u672c\u4e66\uff0c\u7761\u89c9\u90fd\u7761\u4e0d\u7740\u4e86\u3002"}, {"userName": "\u4e5f\u60f3\u652f\u6301\u6b63\u7248", "userReviewDate": "2018-04-04", "userURL": "https://my.qidian.com/user/117580314", "userReview": "\u8fd8\u6ca1\u6709\u4eba\u7559\u8a00\uff0c\u6211\u6765\u505a\u7b2c\u4e00\u4e2a\uff0c\u90a3\u4e2a\u5fb7\u56fd\u5973\u4eba\u600e\u4e48\u5904\u7406\u554a\uff01"}], "description": "\u4f53\u575b\u591a\u82f1\u96c4\uff0c\u8d5b\u573a\u6211\u4e3a\u738b\uff0c\u70ed\u8840\u6f8e\u6e43\u7684\u7ade\u6280\u4f53\u80b2\uff01", "title": "\u4f53\u575b\u5927\u4ea8", "url": "https://book.qidian.com/info/1011571291", "average": -1.0, "cover": "//qidian.qpic.cn/qdbimg/349573/1011571291/180", "reviews": -1, "authors": [{"url": "https://me.qidian.com/authorIndex.aspx?id=402091207", "name": "\u7a7f\u8349\u978b\u8df3\u821e"}], "type": ["\u4f53\u80b2", "\u4f53\u80b2\u8d5b\u4e8b"], "outlinks": ["https://book.qidian.com/info/1011571291", "https://book.qidian.com/info/1011041249", "https://book.qidian.com/info/1011041249", "https://book.qidian.com/info/1009289450", "https://book.qidian.com/info/1009289450", "https://book.qidian.com/info/1004085032", "https://book.qidian.com/info/1004085032", "https://book.qidian.com/info/1004851718", "https://book.qidian.com/info/1004851718", "https://book.qidian.com/info/1010252885", "https://book.qidian.com/info/1010252885", "https://book.qidian.com/info/1009843749", "https://book.qidian.com/info/1009843749", "https://book.qidian.com/info/1011972987", "https://book.qidian.com/info/1011972987", "https://book.qidian.com/info/1011026048", "https://book.qidian.com/info/1011932684", "https://book.qidian.com/info/3675910", "https://book.qidian.com/info/1011342003", "https://book.qidian.com/info/1011687020", "https://book.qidian.com/info/1011446896", "https://book.qidian.com/info/1011767969", "https://book.qidian.com/info/1011676779", "https://book.qidian.com/info/1005095075", "https://book.qidian.com/info/1011814696"]}