{"ratings": 0.0, "userreviews": [{"userName": "\u53e8\u53e8\u5510", "userReviewDate": "2017-06-06", "userURL": "https://my.qidian.com/user/191160915", "userReview": "\u8304\u5b50\u7801\u5b57\u65e0\u804a\uff0c\u6765\u8ddf\u5927\u5bb6\u4e92\u52a8\u4e86\uff0c\u53ea\u8981\u7ed9\u8304\u5b50\u6295\u4e86\u6708\u7968\u6216\u8005\u6253\u8d4f\u8fc7\u7684\u540c\u5b66\uff0c\u5728\u8fd9\u697c\u5192\u6ce1\uff0c\u8304\u5b50\u90fd\u4f1a\u9001\u7ecf"}, {"userName": "\u6211\u662f\u5bb3\u866b\u6211\u662f\u5927\u5bb3\u866b", "userReviewDate": "2017-04-19", "userURL": "https://my.qidian.com/user/120772964", "userReview": "\u6211\u662f\u5bb3\u866b\u6211\u662f\u5927\u5bb3\u866b\u6253\u8d4f\u8089\u672b\u5927\u8304\u5b50 100000\u8d77\u70b9\u5e01  \u8fd9\u672c\u4e66\u5199\u7684\u592a\u597d\u4e86,\u7292\u52b3\u4e00\u4e0b\u5e0c\u671b\u540e\u7eed"}, {"userName": "\u7b2c\u4e00\u6ef4\u6dda\u71d9\u5fc3", "userReviewDate": "2017-03-09", "userURL": "https://my.qidian.com/user/215362883", "userReview": "\u7b2c\u4e00\u6ef4\u6dda\u71d9\u5fc3\u6253\u8d4f\u8089\u672b\u5927\u8304\u5b50 100000\u8d77\u70b9\u5e01  \u4e3b\u7ad9"}, {"userName": "\u53e8\u53e8\u5510", "userReviewDate": "2017-02-16", "userURL": "https://my.qidian.com/user/191160915", "userReview": "\u73b0\u5728\u4e66\u4e2d\u63d0\u53ca\u548c\u6d89\u53ca\u5230\u7684\u8fd0\u52a8\u5df2\u7ecf\u4e0d\u5c11\u4e86\uff0c\u4f46\u8fd8\u6709\u6ca1\u51fa\u73b0\u8fc7\u7684\uff0c\u73b0\u5728\u96c6\u601d\u5e7f\u76ca\uff0c\u770b\u770b\u5927\u5bb6\u6709\u4ec0\u4e48\u5efa\u8bae\uff0c"}, {"userName": "\u62e5\u62b1\u5b87\u5b99", "userReviewDate": "2018-05-25", "userURL": "https://my.qidian.com/user/213754343", "userReview": "\u7b7e\u5230\u3002\u3002\u3002"}, {"userName": "\u4e5d\u706f\u4f60\u5feb\u70b9", "userReviewDate": "2018-05-20", "userURL": "https://my.qidian.com/user/213428279", "userReview": "\u633a\u597d\uff0c\u81f3\u5c11\u611f\u60c5\u4e0a\u5f25\u8865\u4e86\u5f88\u591a\u9057\u61be\uff0c\u6709\u4e00\u70b9\u963f\u7518\u7684\u610f\u601d\uff0c\u4e5f\u53cd\u6620\u51fa\u73b0\u5728\u592a\u591a\u7684\u56fd\u4eba\u5fd8\u8bb0\u4e86\u6211\u4eec\u7684\u7956\u5148\u7684"}, {"userName": "\u6d41\u67ab\u5d16", "userReviewDate": "2018-04-13", "userURL": "https://my.qidian.com/user/219526288", "userReview": "\u8c01\u80fd\u591f\u8fde\u7eed\u6253\u51fa8\u4e2a8(\u4e0d\u8981\u7a7a\u683c)\uff0c\u6211\u5c31\u7b97\u8c01\u5389\u5bb3\u3002"}, {"userName": "\u4e66\u6d77\u4e00\u8ff7\u866b", "userReviewDate": "2018-04-06", "userURL": "https://my.qidian.com/user/304196167", "userReview": "\u53d1\u4e2a\u4e66\u8bc4\u7b7e\u4e2a\u5230"}, {"userName": "\u8981\u6302\u79d1\u4e86\u676f\u5177", "userReviewDate": "2018-03-24", "userURL": "https://my.qidian.com/user/305985098", "userReview": "mmp  \u770b\u8fd9\u4e2a\u7b80\u4ecb\u8fd8\u4ee5\u4e3a\u662f\u628a\u731b\u5c06\u53ec\u5524\u51fa\u6765 \u6ca1\u60f3\u5230\u53ea\u662f\u5355\u5355\u53ec\u5524\u80fd\u529b  \u767d\u671f\u5f85\u4e86"}, {"userName": "\u56e0\u8870\u88ab\u5224\u65e0\u51c4", "userReviewDate": "2018-03-24", "userURL": "https://my.qidian.com/user/307089909", "userReview": "(\u7537\u7684)\u5982\u679c\u6709\u4e00\u5929\uff0c\u4f60\u4e00\u89c9\u8d77\u6765\uff0c\u53d1\u73b0\u4f60\u91cd\u751f\u4e86\uff0c\u91cd\u751f\u4e3a\u4e00\u4e2a\u767d\u5bcc\u7f8e\uff0c\u518d\u4e00\u6b21\u5076\u7136\u7684\u65f6\u5019\uff0c\u4f60\u8ba4\u8bc6\u4e86"}, {"userName": "\u4e66\u6d77\u4e00\u8ff7\u866b", "userReviewDate": "2018-03-19", "userURL": "https://my.qidian.com/user/304196167", "userReview": "\u5feb\u70b9\u66f4\u65b0[fn=35][fn=35]"}, {"userName": "\u9a6c\u5c719527", "userReviewDate": "2018-03-05", "userURL": "https://my.qidian.com/user/226107870", "userReview": "\u6211\u60f3\u95ee\u95ee\u62f3\u51fb\u966a\u804a\u5de5\u8d44\u90a3\u4e48\u9ad8\uff1f\u4e3b\u89d2\u7adf\u7136\u7ed915\u4e07\u7684\u5468\u85aa"}, {"userName": "zpc\u2605\u541b\u54e5", "userReviewDate": "2018-02-15", "userURL": "https://my.qidian.com/user/193635193", "userReview": "666666"}, {"userName": "\u82b1\u8857\u5c0f\u50e7", "userReviewDate": "2018-01-18", "userURL": "https://my.qidian.com/user/306353680", "userReview": "\u672c\u4e66\u8650\u97e9\uff1f\uff1f\uff1f\uff1f\uff1f\u8349                     \u4f60\u8fd9\u4e48\u8bf4\u54b1\u4eec\u5c31\u662f\u670b\u53cb\u4e86  "}], "description": "\u4f53\u575b\u591a\u82f1\u96c4\uff0c\u8d5b\u573a\u6211\u4e3a\u738b\uff0c\u70ed\u8840\u6f8e\u6e43\u7684\u7ade\u6280\u4f53\u80b2\uff01", "title": "\u4f53\u575b\u4e4b\u53ec\u5524\u731b\u5c06", "url": "https://book.qidian.com/info/1004055308", "average": -1.0, "cover": "//qidian.qpic.cn/qdbimg/349573/1004055308/180", "reviews": -1, "authors": [{"url": "https://me.qidian.com/authorIndex.aspx?id=4105672", "name": "\u8089\u672b\u5927\u8304\u5b50"}], "type": ["\u4f53\u80b2", "\u4f53\u80b2\u8d5b\u4e8b"], "outlinks": ["https://book.qidian.com/info/1004055308", "https://book.qidian.com/info/1010252885", "https://book.qidian.com/info/1010252885", "https://book.qidian.com/info/1009843749", "https://book.qidian.com/info/1009843749", "https://book.qidian.com/info/1010870807", "https://book.qidian.com/info/1010870807", "https://book.qidian.com/info/1006629843", "https://book.qidian.com/info/1006629843", "https://book.qidian.com/info/1010817979", "https://book.qidian.com/info/1010817979", "https://book.qidian.com/info/1010863551", "https://book.qidian.com/info/1010863551", "https://book.qidian.com/info/3280139", "https://book.qidian.com/info/3280139", "https://book.qidian.com/info/3651476", "https://book.qidian.com/info/3651476", "https://book.qidian.com/info/1011041249", "https://book.qidian.com/info/1011041249", "https://book.qidian.com/info/1011026048", "https://book.qidian.com/info/1011932684", "https://book.qidian.com/info/3675910", "https://book.qidian.com/info/1011342003", "https://book.qidian.com/info/1011687020", "https://book.qidian.com/info/1011446896", "https://book.qidian.com/info/1011767969", "https://book.qidian.com/info/1011676779", "https://book.qidian.com/info/1005095075", "https://book.qidian.com/info/1011814696"]}