{"ratings": 0.0, "userreviews": [{"userName": "\u4e5d\u53f6\u5929\u5b50", "userReviewDate": "2018-05-16", "userURL": "https://my.qidian.com/user/119976481", "userReview": "\u4f5c\u8005\u7684\u793e\u4f1a\u9605\u5386\u4e0e\u601d\u60f3\u6c34\u5e73\u5c31\u662f\u4e2d\u5b66\u653f\u6cbb\u8bfe\u672c\u7684\u6c34\u5e73 \u800c\u4e14\u8fd8\u6709\u53d7\u8feb\u5bb3\u5984\u60f3\u75c7 "}, {"userName": "\u4e94\u5cb3\u4e4b\u4e3b", "userReviewDate": "2018-01-17", "userURL": "https://my.qidian.com/user/301827014", "userReview": "\u4e0d\u662f\u6bd2  \u800c\u662f\u5185\u5bb9\u6ca1\u6709\u5438\u5f15\u529b  \u4e5f\u4e0d\u662f\u767d  "}, {"userName": "\u4e8c\u697c\u79bb\u6708\u4eae\u66f4\u8fd1\u4e00\u70b9", "userReviewDate": "2018-01-14", "userURL": "https://my.qidian.com/user/230133840", "userReview": "\u4eba\u8bbe\u975e\u5e38\u7684\u8111\u6b8b "}, {"userName": "\u661f\u5c18RM", "userReviewDate": "2017-11-08", "userURL": "https://my.qidian.com/user/210087792", "userReview": "\u8fd9\u662f\u70c2\u5c3e\u4e86\uff1f"}, {"userName": "\u76db\u590f\u591c\u7684\u7e41\u661f", "userReviewDate": "2017-09-25", "userURL": "https://my.qidian.com/user/225996662", "userReview": "\u6211\u5c31\u6c34\u4e2a\u7ecf\u9a8c"}, {"userName": "\u8fd8\u6709\u6ca1\u6709\u80fd\u770b\u7684\u4e66", "userReviewDate": "2017-09-12", "userURL": "https://my.qidian.com/user/218308104", "userReview": "\u81ea\u4ece\u51fa\u4e86\u672c\u5168\u80fd\u8fd0\u52a8\u5458\uff0c\u5c31\u5404\u79cd\u6284\u88ad\u8ddf\u98ce\u7684\u4e66\u51fa\u6765\uff0c\u4e00\u672c\u6bd4\u4e00\u672c\u8111\u6b8b\uff0c\u6284\u90fd\u6284\u4e0d\u597d\uff0c\u5199\u4ec0\u4e48\u4e66"}, {"userName": "\u5c81\u6708\u6253\u6e7f\u9633\u5149", "userReviewDate": "2017-09-11", "userURL": "https://my.qidian.com/user/212362310", "userReview": "\u732a\u811a\u914d\u89d2\u5c31\u6ca1\u4e00\u4e2a\u4e0d\u8111\u6b8b\u7684"}, {"userName": "\u5c81\u6708\u6253\u6e7f\u9633\u5149", "userReviewDate": "2017-09-04", "userURL": "https://my.qidian.com/user/212362310", "userReview": "\u4e00\u5806\u5c0f\u5b66\u751f\u73a9\u8fc7\u5bb6\u5bb6\u7684\u6e38\u620f\uff0c"}, {"userName": "\u5feb\u4e50\u65e0\u58f0\u5bfb\u5f00\u5fc3", "userReviewDate": "2017-09-03", "userURL": "https://my.qidian.com/user/4945425", "userReview": "\u6c34\u7ecf\u9a8c\u6c34\u7ecf\u9a8c\u6c34\u7ecf\u9a8c"}, {"userName": "\u6708\u591c2", "userReviewDate": "2017-08-30", "userURL": "https://my.qidian.com/user/112787894", "userReview": "\u4f5c\u8005\u662f\ud83d\udc37\uff0c\u4f5c\u8005\u662f\ud83d\udc36\uff0c\u4f5c\u8005\u662f\u50bb\u903c\uff0c\u4f5c\u8005\u662f\u8111\u6b8b\uff01"}, {"userName": "\u65c5\u9014\u4e0a\u7684\u98ce\u666f", "userReviewDate": "2017-08-27", "userURL": "https://my.qidian.com/user/1501876", "userReview": "\u53ea\u770b\u7b80\u4ecb\u7684\u8bdd\uff0c\u4e3b\u89d2\u597d\u50cf\u5c31\u662f\u4ec0\u4e48\u90fd\u4e0d\u7cbe\u7684\u666e\u901a\u4eba\u554a\u3002\u201c\u7530\u5f84\u754c\u91cc\u6ed1\u51b0\u6700\u597d\u201d\uff0c\u7530\u5f84\u91cc\u9762\u8981\u6ed1\u51b0\u6280\u80fd\u6709"}, {"userName": "\u5c0f\u5c0f\u5d14", "userReviewDate": "2017-08-26", "userURL": "https://my.qidian.com/user/1712389", "userReview": "\u7b7e\u5230\uff0c\u600e\u4e48\u611f\u89c9\u8fd9\u672c\u6709\u70b9\u5168\u80fd\u8fd0\u52a8\u5458\u7684\u5957\u8def"}, {"userName": "\u72fc\u661f", "userReviewDate": "2017-08-15", "userURL": "https://my.qidian.com/user/162722", "userReview": "\u4ec0\u4e48\u90fd\u90a3\u4e48\u725b\uff0cYY\u5f97\u592a\u8fc7\u4e86"}, {"userName": "\u963f\u5e15\u5947888", "userReviewDate": "2017-08-13", "userURL": "https://my.qidian.com/user/225181206", "userReview": "\u4f5c\u8005\u600e\u4e48\u8fd8\u4e0d\u4fee\u6539\uff0c\u522b\u4eba\u90fd\u662f\u8111\u6b8b\u8fd9\u4e2a\u70b9\uff0c\u592a\u6076\u5fc3\u4eba\u4e86\uff0c"}], "description": "\u4f53\u575b\u591a\u82f1\u96c4\uff0c\u8d5b\u573a\u6211\u4e3a\u738b\uff0c\u70ed\u8840\u6f8e\u6e43\u7684\u7ade\u6280\u4f53\u80b2\uff01", "title": "\u4f53\u80b2\u5927\u660e\u661f", "url": "https://book.qidian.com/info/1003581679", "average": -1.0, "cover": "//qidian.qpic.cn/qdbimg/349573/1003581679/180", "reviews": -1, "authors": [{"url": "https://me.qidian.com/authorIndex.aspx?id=7395863", "name": "\u91d1\u624b\u6307\u7cfb\u7edf"}], "type": ["\u4f53\u80b2", "\u4f53\u80b2\u8d5b\u4e8b"], "outlinks": ["https://book.qidian.com/info/1003581679", "https://book.qidian.com/info/1010364437", "https://book.qidian.com/info/1010364437", "https://book.qidian.com/info/1010817979", "https://book.qidian.com/info/1010817979", "https://book.qidian.com/info/1010252885", "https://book.qidian.com/info/1010252885", "https://book.qidian.com/info/1010238096", "https://book.qidian.com/info/1010238096", "https://book.qidian.com/info/1010906961", "https://book.qidian.com/info/1010906961", "https://book.qidian.com/info/1010835777", "https://book.qidian.com/info/1010835777", "https://book.qidian.com/info/1010238096", "https://book.qidian.com/info/1010238096", "https://book.qidian.com/info/1011988140", "https://book.qidian.com/info/1011988140", "https://book.qidian.com/info/1011026048", "https://book.qidian.com/info/1011932684", "https://book.qidian.com/info/3675910", "https://book.qidian.com/info/1011342003", "https://book.qidian.com/info/1011687020", "https://book.qidian.com/info/1011446896", "https://book.qidian.com/info/1011767969", "https://book.qidian.com/info/1011676779", "https://book.qidian.com/info/1005095075", "https://book.qidian.com/info/1011814696"]}