{"ratings": 0.0, "userreviews": [{"userName": "\u6b8b\u591c\u82b1\u6b87", "userReviewDate": "2018-06-02", "userURL": "https://my.qidian.com/user/191628107", "userReview": "\u642c\u4e2a\u5c0f\u677f\u51f3\uff0c\u5750\u7b49\u66f4\u65b0"}, {"userName": "\u6d2a\u4e09\u5143", "userReviewDate": "2018-06-01", "userURL": "https://my.qidian.com/user/202612963", "userReview": "\u6df1\u60c5\u795d\u798f[fn=27]"}, {"userName": "\u5fc3\u5b89\uff01", "userReviewDate": "2018-05-31", "userURL": "https://my.qidian.com/user/201167620", "userReview": "\u5c31\u4e24\u7ae0\uff01\uff01\uff01\uff01\u5367\u4e86\u4e2a\u5927\u69fd\uff01\uff01\uff01\uff01\uff01"}, {"userName": "\u4e5f\u8bb8\u5bf9\u4e5f\u8bb8\u9519", "userReviewDate": "2018-05-31", "userURL": "https://my.qidian.com/user/215307331", "userReview": "\u4f5c\u8005\u5927\u5927\u7adf\u7136\u53cc\u5f00\uff01"}, {"userName": "\u5fc3\u5b89\uff01", "userReviewDate": "2018-05-30", "userURL": "https://my.qidian.com/user/201167620", "userReview": "\u5c31\u4e00\u7ae0\uff01\uff01\uff01\uff01\u5367\u4e86\u4e2a\u5927\u69fd\uff01\uff01\uff01\uff01\uff01"}], "description": "\u91cd\u751f\u8fc7\u53bb\u3001\u7545\u60f3\u672a\u6765\u3001\u68a6\u5e7b\u73b0\u5b9e\uff0c\u518d\u5851\u4f20\u5947\u4eba\u751f\uff01", "title": "\u4f55\u4ee5\u620f\u547d", "url": "https://book.qidian.com/info/1011763986", "average": -1.0, "cover": "//qidian.qpic.cn/qdbimg/349573/1011763986/180", "reviews": -1, "authors": [{"url": "https://me.qidian.com/authorIndex.aspx?id=12000669", "name": "\u4e0d\u559d\u8336\u7684\u828b\u5934"}], "type": ["\u90fd\u5e02", "\u90fd\u5e02\u751f\u6d3b"], "outlinks": ["https://book.qidian.com/info/1011763986", "https://book.qidian.com/info/1001667168", "https://book.qidian.com/info/1001667168", "https://book.qidian.com/info/1001806722", "https://book.qidian.com/info/1001806722", "https://book.qidian.com/info/1003528406", "https://book.qidian.com/info/1003528406", "https://book.qidian.com/info/1006408218", "https://book.qidian.com/info/1006408218", "https://book.qidian.com/info/1004893588", "https://book.qidian.com/info/1004893588", "https://book.qidian.com/info/3686919", "https://book.qidian.com/info/3686919", "https://book.qidian.com/info/1009315490", "https://book.qidian.com/info/1009315490", "https://book.qidian.com/info/1010506767", "https://book.qidian.com/info/1010506767", "https://book.qidian.com/info/1010748069", "https://book.qidian.com/info/1010748069", "https://book.qidian.com/info/1010980743", "https://book.qidian.com/info/1010980743", "https://book.qidian.com/info/1011932150", "https://book.qidian.com/info/1012029544", "https://book.qidian.com/info/1012015699", "https://book.qidian.com/info/1012018201", "https://book.qidian.com/info/1011879101", "https://book.qidian.com/info/1011790606", "https://book.qidian.com/info/1011971435", "https://book.qidian.com/info/1009695534", "https://book.qidian.com/info/1011890878", "https://book.qidian.com/info/1010537314"]}