{"ratings": 0.0, "userreviews": [{"userName": "\u82cf\u53c9\u53c9hp", "userReviewDate": "2018-06-05", "userURL": "https://my.qidian.com/user/226201332", "userReview": "\u672c\u6765\u60f3\u517b\u80a5\u4e86\u770b  \u7ed3\u679c\u517b\u4e86-40\u591a\u7ae0  \u4e00\u770b\u66f4\u65b0\u65e5\u671f3\u6708\u5206  \u4f60tm\u4e0d\u4f1a\u592a\u76d1\u4e86\u5427  \u6211\u6211\u6211"}, {"userName": "\u6df1\u6d77\u9c7c309", "userReviewDate": "2018-05-28", "userURL": "https://my.qidian.com/user/306827233", "userReview": "..com"}, {"userName": "\u51ff\u781a", "userReviewDate": "2018-05-24", "userURL": "https://my.qidian.com/user/133675826", "userReview": "\u5173\u4e8e\u4e24\u661f\u7684\u95ee\u9898\uff0c\u8fd9\u662f\u4e2a\u7cfb\u7edf\u9519\u8bef\u554a"}, {"userName": "\u79bb\u5f00\u4e16\u754c\u7684\u65e9\u6668", "userReviewDate": "2018-05-24", "userURL": "https://my.qidian.com/user/200168889", "userReview": "\u4f5c\u8005\u5927\u5927\u662f\u8001\u5e08\uff0c\u5fd8\u8bb0\u662f\u521d\u4e2d\u8fd8\u662f\u9ad8\u4e2d\u7684\u4e86\u3002\u5982\u679c\u662f\u9ad8\u4e2d\u7684\u8bdd\u90a3\u5c31\u53ef\u4ee5\u7406\u89e3\uff0c\u73b0\u5728\u5b66\u751f\u8001\u5e08\u90fd\u633a\u7d27\u5f20\u7684"}, {"userName": "\u6797oo", "userReviewDate": "2018-05-22", "userURL": "https://my.qidian.com/user/301156886", "userReview": "\u517b\u6b7b\u4e86\ud83d\ude2d"}, {"userName": "\u85aa\u610f", "userReviewDate": "2018-05-18", "userURL": "https://my.qidian.com/user/197187325", "userReview": "[fn=43]\u6821\u957f\u5927\u5927\uff0c\u6211\u662f\u4e00\u540d\u840c\u65b0\u7684\u5c0f\u5199\u624b\uff0c\u81ea\u4ece\u770b\u4e86\u4f60\u4e0a\u4e00\u672c\u4e66\u4e4b\u540e\uff0c\u6211\u5c31\u8ff7\u4e0a\u4e86\u4f60\uff0c\u73b0\u5728\u518d"}, {"userName": "\u69fd\u70b9\u6ee1\u6ee1\u5410\u69fd", "userReviewDate": "2018-05-15", "userURL": "https://my.qidian.com/user/226170798", "userReview": "WTF\u600e\u4e48\u517b\u6b7b\u4e86\uff1f\uff01\uff01\uff01\uff01"}, {"userName": "\u7ec6\u788e\u7684\u5ff5\u60f3", "userReviewDate": "2018-05-15", "userURL": "https://my.qidian.com/user/302314248", "userReview": "\u770b\u89c1\u4e00\u672c\u4e66\uff0c\u7b80\u4ecb\u91cc\u8bf4\u6700\u540e\u8981\u7a7f\u8fdb\u7cfb\u7edf\u4f9b\u5e94\u5546\u548c\u674e\u8c6b\u73a9\u6b63\u9762\u2026\u2026"}, {"userName": "\u72ec\u9189\u4eba\u95f4\u541b\u83ab\u7b11", "userReviewDate": "2018-05-13", "userURL": "https://my.qidian.com/user/229346688", "userReview": "\u8fd9\u5c31\u6ca1\u5566\uff1f\uff1f\uff1f"}, {"userName": "\u4f9d\u7136\u63d2\u66f2", "userReviewDate": "2018-05-11", "userURL": "https://my.qidian.com/user/148794541", "userReview": "\u4e00\u76f4\u517b\u7740 \u4eca\u5929\u51c6\u5907\u641e\u8d77\u7684 \u8fd9\u662f\u4ec0\u4e48\u60c5\u51b5\u3002\u3002\u3002\u3002\u3002\u3002\u3002\u3002\u3002"}, {"userName": "\u6df7\u8499\u94a7\u5929", "userReviewDate": "2018-05-08", "userURL": "https://my.qidian.com/user/213553360", "userReview": "\u65b0\u4e66\u7cbe\u9009\uff0c\u592a\u76d1\u4e24\u6708"}, {"userName": "Evan\u7e41\u661f", "userReviewDate": "2018-05-01", "userURL": "https://my.qidian.com/user/301391176", "userReview": "\u6b64\u4e66\u65b0\u5f00\u53d1\u4e00\u4e2a\u5e16\u5b50\u7559\u540d\u5907\u7528\uff0c\u7b49\u5b8c\u7ed3\u7684\u65f6\u5019\u6211\u518d\u6316\u51fa\u6765\u6652\u6652"}, {"userName": "\u661f\u7a7a\u4e2d\u9ed1\u8272\u7684\u773c\u775b", "userReviewDate": "2018-05-01", "userURL": "https://my.qidian.com/user/215991083", "userReview": "\u7b7e\u5230\u3002\u3002\u3002"}, {"userName": "\u4e91\u96e8\u5927\u5927\u7684\u8ff7\u5f1f", "userReviewDate": "2018-04-29", "userURL": "https://my.qidian.com/user/311184466", "userReview": "\u4f5c\u8005\u5927\u5927\u4f60\u5df2\u7ecf\u6ca1\u6709\u601d\u8def\u5199\u4e86\u5417\uff1f\uff08\u7cfb\u7edf\u4f9b\u5e94\u5546)\u4e00\u672c\u4e4b\u540e\u6ca1\u6709\u4e4b\u524d\u7684\u72b6\u6001\u4e86\u5417\uff1f\u3002\u3002\u3002\u3002\u3002\u3002"}], "description": "\u5fc3\u6f6e\u6f8e\u6e43\uff0c\u65e0\u9650\u5e7b\u60f3\uff0c\u8fce\u98ce\u6325\u51fb\u5343\u5c42\u6d6a\uff0c\u5c11\u5e74\u4e0d\u8d25\u70ed\u8840\uff01", "title": "\u4f55\u65b9\u5996\u5b7d", "url": "https://book.qidian.com/info/1011154768", "average": -1.0, "cover": "//qidian.qpic.cn/qdbimg/349573/1011154768/180", "reviews": -1, "authors": [{"url": "https://me.qidian.com/authorIndex.aspx?id=2670263", "name": "\u51ff\u781a"}], "type": ["\u7384\u5e7b", "\u4e1c\u65b9\u7384\u5e7b"], "outlinks": ["https://book.qidian.com/info/1011154768", "https://book.qidian.com/info/1009602961", "https://book.qidian.com/info/1009602961", "https://book.qidian.com/info/1009635311", "https://book.qidian.com/info/1009635311", "https://book.qidian.com/info/1010040580", "https://book.qidian.com/info/1010040580", "https://book.qidian.com/info/1007386189", "https://book.qidian.com/info/1007386189", "https://book.qidian.com/info/1010209791", "https://book.qidian.com/info/1010209791", "https://book.qidian.com/info/3013811", "https://book.qidian.com/info/3013811", "https://book.qidian.com/info/1003638362", "https://book.qidian.com/info/1003638362", "https://book.qidian.com/info/1004183090", "https://book.qidian.com/info/1004183090", "https://book.qidian.com/info/1011807322", "https://book.qidian.com/info/1011807322", "https://book.qidian.com/info/1011988403", "https://book.qidian.com/info/1009595922", "https://book.qidian.com/info/1011844784", "https://book.qidian.com/info/1011892497", "https://book.qidian.com/info/1011095320", "https://book.qidian.com/info/1011996851", "https://book.qidian.com/info/1011856434", "https://book.qidian.com/info/1011879207", "https://book.qidian.com/info/1011833256", "https://book.qidian.com/info/1011967674"]}