{"ratings": 0.0, "userreviews": [{"userName": "\u65e0\u6211\u65e0\u5929\u65e0\u5730\u65e0\u4eba", "userReviewDate": "7\u5c0f\u65f6\u524d", "userURL": "https://my.qidian.com/user/210441944", "userReview": "\u7b7e\u5230    "}, {"userName": "\u65e0\u6211\u65e0\u5929\u65e0\u5730\u65e0\u4eba", "userReviewDate": "7\u5c0f\u65f6\u524d", "userURL": "https://my.qidian.com/user/210441944", "userReview": "\u7b7e\u5230   "}, {"userName": "\u65e0\u6211\u65e0\u5929\u65e0\u5730\u65e0\u4eba", "userReviewDate": "2018-06-04", "userURL": "https://my.qidian.com/user/210441944", "userReview": "\u7b7e\u5230   "}, {"userName": "\u65e0\u6211\u65e0\u5929\u65e0\u5730\u65e0\u4eba", "userReviewDate": "2018-06-04", "userURL": "https://my.qidian.com/user/210441944", "userReview": "\u7b7e\u5230   "}, {"userName": "\u6770\u7c73\u6817", "userReviewDate": "2018-06-04", "userURL": "https://my.qidian.com/user/230105198", "userReview": "\u7b7e\u5230\u4e94\u4e2a\u5b57"}, {"userName": "\u4e66\u6b32\u4e0e\u5929\u5730\u8bd5\u95ee", "userReviewDate": "2018-06-03", "userURL": "https://my.qidian.com/user/186624938", "userReview": "\u548c\u7535\u89c6\u5267\u7684\u60c5\u8282\u4e00\u6837\u5417\uff1f"}, {"userName": "\u65e0\u6211\u65e0\u5929\u65e0\u5730\u65e0\u4eba", "userReviewDate": "2018-06-01", "userURL": "https://my.qidian.com/user/210441944", "userReview": "\u7b7e\u5230   "}, {"userName": "\u65e0\u6211\u65e0\u5929\u65e0\u5730\u65e0\u4eba", "userReviewDate": "2018-06-01", "userURL": "https://my.qidian.com/user/210441944", "userReview": "\u7b7e\u5230   "}, {"userName": "\u4e66\u53cb20170722121628201", "userReviewDate": "2018-06-01", "userURL": "https://my.qidian.com/user/305639625", "userReview": "\u7b7e\u5230\uff01\u5927\u5bb6\u90fd\u4e0d\u8981\u770b\u5c0f\u8bf4\u300a\u4e61\u8840\u300b"}, {"userName": "\u65e0\u6211\u65e0\u5929\u65e0\u5730\u65e0\u4eba", "userReviewDate": "2018-05-29", "userURL": "https://my.qidian.com/user/210441944", "userReview": "\u7b7e\u5230   "}, {"userName": "a\u67ab\u53f6a", "userReviewDate": "2018-05-26", "userURL": "https://my.qidian.com/user/215502305", "userReview": "\u7b7e\u5230      "}, {"userName": "\u65e0\u6211\u65e0\u5929\u65e0\u5730\u65e0\u4eba", "userReviewDate": "2018-05-25", "userURL": "https://my.qidian.com/user/210441944", "userReview": "\u7b7e\u5230   "}, {"userName": "\u65e0\u6211\u65e0\u5929\u65e0\u5730\u65e0\u4eba", "userReviewDate": "2018-05-25", "userURL": "https://my.qidian.com/user/210441944", "userReview": "\u7b7e\u5230   "}, {"userName": "\u65e0\u6211\u65e0\u5929\u65e0\u5730\u65e0\u4eba", "userReviewDate": "2018-05-25", "userURL": "https://my.qidian.com/user/210441944", "userReview": "\u7b7e\u5230   "}], "description": "\u9752\u6625\u5bc4\u8bed\uff0c\u751f\u6d3b\u65f6\u5c1a\uff0c\u4e61\u571f\u6587\u5316\uff0c\u5c55\u73b0\u73b0\u5b9e\u767e\u6001\uff01", "title": "\u4f59\u7f6a", "url": "https://book.qidian.com/info/3348312", "average": -1.0, "cover": "//qidian.qpic.cn/qdbimg/349573/3348312/180", "reviews": -1, "authors": [{"url": "https://me.qidian.com/authorIndex.aspx?id=4878156", "name": "\u5e38\u4e66\u6b23"}], "type": ["\u73b0\u5b9e", "\u73b0\u5b9e\u767e\u6001"], "outlinks": ["https://book.qidian.com/info/3348312", "https://book.qidian.com/info/1010908372", "https://book.qidian.com/info/1010908372", "https://book.qidian.com/info/1010674217", "https://book.qidian.com/info/1010674217", "https://book.qidian.com/info/1005983537", "https://book.qidian.com/info/1005983537", "https://book.qidian.com/info/3595000", "https://book.qidian.com/info/3595000", "https://book.qidian.com/info/1010558260", "https://book.qidian.com/info/1010558260", "https://book.qidian.com/info/1010046363", "https://book.qidian.com/info/1010046363", "https://book.qidian.com/info/1430017", "https://book.qidian.com/info/1430017", "https://book.qidian.com/info/1936629", "https://book.qidian.com/info/1936629", "https://book.qidian.com/info/2330383", "https://book.qidian.com/info/2330383", "https://book.qidian.com/info/3365815", "https://book.qidian.com/info/3365815", "https://book.qidian.com/info/1011633094", "https://book.qidian.com/info/1011456133", "https://book.qidian.com/info/1011634147", "https://book.qidian.com/info/1011681836", "https://book.qidian.com/info/1010536358", "https://book.qidian.com/info/1011815512", "https://book.qidian.com/info/1011779536", "https://book.qidian.com/info/1011822376", "https://book.qidian.com/info/1010906320", "https://book.qidian.com/info/1011955761"]}