{"ratings": 0.0, "userreviews": [{"userName": "\u5f00\u5f80\u51ac\u5929\u5730\u94c1", "userReviewDate": "2018-05-26", "userURL": "https://my.qidian.com/user/133412490", "userReview": "\u4f5c\u8005\u52a0\u6cb9\uff01"}, {"userName": "a\u5b89\u4fe1", "userReviewDate": "2018-05-21", "userURL": "https://my.qidian.com/user/229442553", "userReview": "\u8bf4\u5b9e\u8bdd\uff0c\u8fd9\u672c\u4e66\u770b\u8d77\u6765\u5f88\u6709\u6df1\u5ea6\u3002\u7136\u800c\u4e8b\u5b9e\u4e0a\u7ed9\u6211\u611f\u89c9\u5427\uff0c\u5dee\u5f3a\u4eba\u610f\u3002\u8fd8\u662f\u7f3a\u5c11\u6545\u4e8b\u3002"}, {"userName": "ananbaobei", "userReviewDate": "2018-05-13", "userURL": "https://my.qidian.com/user/2212872", "userReview": "\u73b0\u5b9e\u751f\u6d3b\u6240\u8feb\uff01"}], "description": "\u3010\u7b2c\u4e09\u5c4a\u7f51\u7edc\u539f\u521b\u6587\u5b66\u73b0\u5b9e\u4e3b\u4e49\u9898\u6750\u5f81\u6587\u5927\u8d5b\u3011\u53c2\u8d5b\u4f5c\u54c1", "title": "\u4f59\u7518\u679c", "url": "https://book.qidian.com/info/1011226247", "average": -1.0, "cover": "//qidian.qpic.cn/qdbimg/349573/1011226247/180", "reviews": -1, "authors": [{"url": "https://me.qidian.com/authorIndex.aspx?id=401000697", "name": "\u51b0\u51c9\u7684\u4f59\u7518\u679c"}], "type": ["\u73b0\u5b9e", "\u73b0\u5b9e\u767e\u6001"], "outlinks": ["https://book.qidian.com/info/1011226247", "https://book.qidian.com/info/3393401", "https://book.qidian.com/info/3393401", "https://book.qidian.com/info/3348312", "https://book.qidian.com/info/3348312", "https://book.qidian.com/info/1006899542", "https://book.qidian.com/info/1006899542", "https://book.qidian.com/info/1010139236", "https://book.qidian.com/info/1010139236", "https://book.qidian.com/info/1005405437", "https://book.qidian.com/info/1005405437", "https://book.qidian.com/info/3559897", "https://book.qidian.com/info/3559897", "https://book.qidian.com/info/1010568647", "https://book.qidian.com/info/1010568647", "https://book.qidian.com/info/1011633094", "https://book.qidian.com/info/1011456133", "https://book.qidian.com/info/1011634147", "https://book.qidian.com/info/1011681836", "https://book.qidian.com/info/1010536358", "https://book.qidian.com/info/1011815512", "https://book.qidian.com/info/1011779536", "https://book.qidian.com/info/1011822376", "https://book.qidian.com/info/1010906320", "https://book.qidian.com/info/1011955761"]}