{"ratings": 0.0, "userreviews": [{"userName": "\u4e00\u95fb\u8138\u5c31\u7ea2Oo", "userReviewDate": "\u6628\u65e503:14", "userURL": "https://my.qidian.com/user/190860131", "userReview": "\u8a93\u6b7b\u8ffd\u5927\u5927\uff0c\u7d27\u8ddf\u5927\u5927\u6b65\u4f10\uff0c\u5927\u5927\u8d70\u5230\u54ea\uff0c\u5c0f\u5f1f\u6211\u5c31\u8ffd\u5230\u54ea"}, {"userName": "coolabc", "userReviewDate": "2018-06-07", "userURL": "https://my.qidian.com/user/131998840", "userReview": "\u52a0\u66f4\u4e00\u7ae0\u4e0d\u591f\u554a\uff0c\u591a\u52a0\u591a\u52a0\u3002"}, {"userName": "\u4e66\u53cb161029141023045", "userReviewDate": "2018-06-06", "userURL": "https://my.qidian.com/user/224921802", "userReview": "\u539f\u6765\u767d\u8001\u5e08\u5c31\u662f\u90a3\u4e2a\u6545\u4e8b\u7684\u5973\u751f\u554a\uff0c\u96be\u602a\u4f1a\u627e\u9634\u590f\uff0c\u53ea\u662f\u771f\u7684\u4f1a\u8fd9\u4e48\u7b80\u5355\u4e48?\u6bd5\u7adf\u5f53\u521d\u88ab\u9644\u8eab\u8fc7\uff0c\u8fd9\u4e48"}, {"userName": "\u54c8\u4e44\u76ae", "userReviewDate": "2018-06-05", "userURL": "https://my.qidian.com/user/168709971", "userReview": "\u5927\u5927\u68d2\u68d2\u54d2\uff0c\u80fd\u66f4\u5feb\u4e00\u70b9\u5c31\u66f4\u68d2\u5566\u3002"}, {"userName": "\u96ea\u57ce\u6218\u795e", "userReviewDate": "2018-06-02", "userURL": "https://my.qidian.com/user/103775652", "userReview": "\u884c\u6c34\u6d41\u6c34\u822c\u7684\u6587\u5b57\uff0c\u529f\u5e95\u4e0d\u51e1\u3002\u7ed9\u529b"}, {"userName": "lowry7", "userReviewDate": "2018-06-01", "userURL": "https://my.qidian.com/user/228377860", "userReview": "\u5355\u770b\u5f00\u7bc7\u7684\u5267\u60c5\u5df2\u7ecf\u7ed9\u4f5c\u8005\u7684\u8111\u6d1e\u8dea\u4e86\uff0c\u5267\u60c5\u592a\u7cbe\u5f69\u4e0d\u53bb\u505a\u7f16\u5267\u53ef\u60dc\u4e86"}, {"userName": "\u771f\u5f20\u5927\u798f", "userReviewDate": "2018-05-31", "userURL": "https://my.qidian.com/user/122239565", "userReview": "\u597d\u4e66\uff0c\u60c5\u8282\u7cbe\u5f69\uff0c\u975e\u5e38\u503c\u5f97\u8ffd\u3002"}, {"userName": "\u4e66\u53cb111224181322078", "userReviewDate": "2018-05-29", "userURL": "https://my.qidian.com/user/134556704", "userReview": "\u62dc\u8bbf\uff01\u5b66\u4e60\uff01"}, {"userName": "yoyolove1314", "userReviewDate": "2018-05-28", "userURL": "https://my.qidian.com/user/1845760", "userReview": "\u6765\u8d77\u70b9\u53ef\u60dc\u4e86\uff0c\u5c01\u9762\u5f88\u6709\u611f\u89c9\u3002"}, {"userName": "PREDU", "userReviewDate": "2018-05-26", "userURL": "https://my.qidian.com/user/193687067", "userReview": "\u5f00\u59cb\u611f\u89c9\u8fd9\u672c\u4e66\u6bd4\u8f83\u60a0\u957f\uff0c\u5230\u4e86\u540e\u9762\u60c5\u8282\u7d27\u51d1\uff0c\u770b\u5f97\u8fc7\u763e"}, {"userName": "\u4e66\u53cb160602122515686", "userReviewDate": "2018-05-24", "userURL": "https://my.qidian.com/user/218006882", "userReview": "\u5475\u5475\u5475\u5475\uff0c\u8bf4\u771f\u5fc3\u8bdd\uff0c\u53cd\u6b63\u6211\u6562\u6253\u8d4c\uff0c\u8fd9\u80fd\u662f\u4e00\u4e2a\u65b0\u4eba\u521a\u5165\u884c\u4f5c\u8005\u5199\u7684\u4e66\uff1f\uff1f\uff1f"}, {"userName": "02081639780", "userReviewDate": "2018-05-24", "userURL": "https://my.qidian.com/user/133094941", "userReview": "\u60f3\u8c61\u4e30\u5bcc\uff0c\u4e0d\u72d7\u8840"}, {"userName": "\u65b9\u65b9\u54e5\u54e5", "userReviewDate": "2018-05-23", "userURL": "https://my.qidian.com/user/215948832", "userReview": "\u6700\u8fd1\u5f88\u591a\u4e66\u90fd\u8282\u594f\u8fc7\u5feb\uff0c\u7eaf\u6d88\u9063\u6587\uff0c\u80fd\u5199\u5f97\u8fd9\u4e48\u6709\u5185\u6db5\u7684\u771f\u5fc3\u4e0d\u591a"}, {"userName": "\u4e66\u53cb130509175959084", "userReviewDate": "2018-05-21", "userURL": "https://my.qidian.com/user/161238111", "userReview": "\u770b\u5230\u73b0\u5728\uff0c\u8fd9\u7bc7\u6587\u7ed9\u4eba\u7684\u611f\u89c9\u5c31\u662f\u5e72\u51c0\uff0c\u4e0d\u817b\uff01"}], "description": "\u3010\u7b2c\u4e09\u5c4a\u7f51\u7edc\u539f\u521b\u6587\u5b66\u73b0\u5b9e\u4e3b\u4e49\u9898\u6750\u5f81\u6587\u5927\u8d5b\u3011\u53c2\u8d5b\u4f5c\u54c1", "title": "\u4f59\u751f\u65e0\u591a", "url": "https://book.qidian.com/info/1011826588", "average": -1.0, "cover": "//qidian.qpic.cn/qdbimg/349573/1011826588/180", "reviews": -1, "authors": [{"url": "https://me.qidian.com/authorIndex.aspx?id=402293091", "name": "\u6768\u9ad8\u6500"}], "type": ["\u73b0\u5b9e", "\u6210\u529f\u52b1\u5fd7"], "outlinks": ["https://book.qidian.com/info/1011826588", "https://book.qidian.com/info/1010191960", "https://book.qidian.com/info/1010191960", "https://book.qidian.com/info/3362327", "https://book.qidian.com/info/3362327", "https://book.qidian.com/info/3393401", "https://book.qidian.com/info/3393401", "https://book.qidian.com/info/3488944", "https://book.qidian.com/info/3488944", "https://book.qidian.com/info/1007380669", "https://book.qidian.com/info/1007380669", "https://book.qidian.com/info/3630408", "https://book.qidian.com/info/3630408", "https://book.qidian.com/info/1011633094", "https://book.qidian.com/info/1011456133", "https://book.qidian.com/info/1011634147", "https://book.qidian.com/info/1011681836", "https://book.qidian.com/info/1010536358", "https://book.qidian.com/info/1011815512", "https://book.qidian.com/info/1011779536", "https://book.qidian.com/info/1011822376", "https://book.qidian.com/info/1010906320", "https://book.qidian.com/info/1011955761"]}