{"ratings": 0.0, "userreviews": [{"userName": "\u4e0d\u5fd8\u521d\u5fc320", "userReviewDate": "2018-05-10", "userURL": "https://my.qidian.com/user/312710866", "userReview": "\u8fdf\u5230\u60f3\u7279\u522b\u611f\u8c22\u4e00\u4e0b\u6728\u5076\u548c\u5e78\u798f\uff0c\u8c22\u8c22\u4f60\u4eec\u4e00\u76f4\u4ee5\u6765\u7684\u652f\u6301\uff01\uff01\uff01\u8c22\u8c22\uff01\uff01\uff01\u8c22\u8c22\uff01\uff01\uff01"}, {"userName": "\u5415\u5929\u867e13291", "userReviewDate": "17\u5c0f\u65f6\u524d", "userURL": "https://my.qidian.com/user/316288672", "userReview": "\u7b7e\u5230\u4e86\u5404\u4f4d\u3002[fn=4]"}, {"userName": "\u4e0d\u5fd8\u521d\u5fc320", "userReviewDate": "2018-06-02", "userURL": "https://my.qidian.com/user/312710866", "userReview": "\u771f\u5fc3\u4e0d\u6613\u554a\u2026\u2026"}, {"userName": "\u4e8c\u5341\u5e74\u7684\u5e78\u798f", "userReviewDate": "2018-06-01", "userURL": "https://my.qidian.com/user/314706149", "userReview": "\u597d\u8c61\u8fd9\u662f\u7b2c\u4e00\u6b21\u4e94\u66f4\u5594\uff0c\u8fdf\u5230\u52a0\u6cb9\uff01\u671f\u5f85\u4f60\u540e\u9762\u7684\u8868\u73b0\uff01\u770b\u597d\u4f60\uff01"}, {"userName": "\u4e8c\u5341\u5e74\u7684\u5e78\u798f", "userReviewDate": "2018-05-28", "userURL": "https://my.qidian.com/user/314706149", "userReview": "\u6253\u6597\u573a\u9762\u51fa\u6765\u4e86\uff0c\u4e3b\u89d2\u4e5f\u9738\u6c14\u4e86\uff0c\u4f46\u4f3c\u4e4e\u5c11\u4e86\u5728\u96ea\u5c71\u4e0a\u7684\u90a3\u4e00\u6bb5\u611f\u52a8\u3002\u4f5c\u8005\u4ec0\u4e48\u65f6\u5019\u591a\u52a0\u4e00\u4e9b\u611f\u60c5\u620f\u8fdb"}, {"userName": "\u5c1a\u7ef8", "userReviewDate": "2018-05-24", "userURL": "https://my.qidian.com/user/217095759", "userReview": "\u6ca1\u6709\u91d1\u624b\u6307\uff0c\u6ca1\u6709\u91cd\u751f\uff0c\u6ca1\u6709\u7a7f\u8d8a\uff0c\u770b\u4f60\u7684\u5c0f\u8bf4\u4e0d\u5982\u770b\u91d1\u5eb8\u7684\u3002\u91d1\u5eb8\u4e4b\u540e\uff0c\u518d\u65e0\u6b66\u4fa0\u3002\u4f60\u5f88\u6709\u52c7\u6c14\u3002"}, {"userName": "\u4e66\u53cb20180315201849391", "userReviewDate": "2018-05-04", "userURL": "https://my.qidian.com/user/314706149", "userReview": "\u56e0\u4e3a\u4f5b\u6148\u60b2\u4e3a\u6000\uff0c\u5374\u53c8\u6709\u62a4\u6cd5\u91d1\u521a\uff0c\u6240\u4ee5\u4f5b\u662f\u6148\u60b2\u4e0e\u53ef\u6015\u7684\u7ed3\u5408\u4f53\uff0c\u96be\u602a\u53eb\u4f5b\u624b\u5723\u5fc3\uff0c\u4e0d\u53eb\u5723\u624b\u4f5b\u5fc3\uff0c"}, {"userName": "\u4e66\u53cb161112224419842", "userReviewDate": "2018-05-02", "userURL": "https://my.qidian.com/user/225471272", "userReview": "\u662f\u6211\u773c\u82b1\u4e86\u8fd8\u662f\u70b9\u5a18\u4efb\u6027\u4e86\uff0c\u4e0d\u7b97\u6211\u4e09\u4e2a\u8bc4\u8bba\uff1f\uff1f\uff1f"}, {"userName": "\u4e66\u53cb20180315201849391", "userReviewDate": "2018-04-30", "userURL": "https://my.qidian.com/user/314706149", "userReview": "\u9999\u513f\u592a\u5b8c\u7f8e\u4e86\uff0c\u8001\u9b54\u5934\u5f88\u53ef\u7231\uff0c\u7279\u559c\u6b22\u8fd9\u4e24\u4e2a\u89d2\u8272\u3002\uff01\u8fdf\u5230\u52a0\u6cb9\uff01\uff01\uff01"}, {"userName": "\u4f1a\u6c89\u9ed8\u7684\u8098\u5b50", "userReviewDate": "2018-04-24", "userURL": "https://my.qidian.com/user/312299881", "userReview": "\u6c5d\u4f5b\u6148\u60b2\u8fd8\u662f\u5fc3\u9ed1\u624b\u51b7\uff1f"}, {"userName": "\u4e66\u53cb20180115215303890", "userReviewDate": "2018-04-15", "userURL": "https://my.qidian.com/user/312710866", "userReview": "\u4e00\u672c\u5f88\u4f20\u7edf\u7684\u6b66\u4fa0\uff0c\u6709\u6fc0\u60c5\uff0c\u6709\u7231\u60c5\uff0c\u4e5f\u6709\u4eb2\u60c5\uff0e\uff0e\uff0e\uff0e\uff0e\uff0e"}], "description": "\u501f\u4e09\u5c3a\u660e\u6708\uff0c\u8854\u4e24\u8896\u9752\u9f99\uff0c\u8f7b\u5251\u5feb\u9a6c\u6063\u610f\uff0c\u643a\u4fa3\u6c5f\u6e56\u540c\u6e38\uff01", "title": "\u4f5b\u624b\u5723\u5fc3", "url": "https://book.qidian.com/info/1011588957", "average": -1.0, "cover": "//qidian.qpic.cn/qdbimg/349573/1011588957/180", "reviews": -1, "authors": [{"url": "https://me.qidian.com/authorIndex.aspx?id=402098708", "name": "\u8fdf\u5230\u4e8c\u5341\u5e74"}], "type": ["\u6b66\u4fa0", "\u4f20\u7edf\u6b66\u4fa0"], "outlinks": ["https://book.qidian.com/info/1011588957", "https://book.qidian.com/info/1010713741", "https://book.qidian.com/info/1010713741", "https://book.qidian.com/info/1003527421", "https://book.qidian.com/info/1003527421", "https://book.qidian.com/info/3129273", "https://book.qidian.com/info/3129273", "https://book.qidian.com/info/3688686", "https://book.qidian.com/info/3688686", "https://book.qidian.com/info/1007107977", "https://book.qidian.com/info/1007107977", "https://book.qidian.com/info/1001425839", "https://book.qidian.com/info/1001425839", "https://book.qidian.com/info/1011815974", "https://book.qidian.com/info/1011216976", "https://book.qidian.com/info/1012036528", "https://book.qidian.com/info/1011985057", "https://book.qidian.com/info/1011631528", "https://book.qidian.com/info/1011928444", "https://book.qidian.com/info/1011771234", "https://book.qidian.com/info/1011973127", "https://book.qidian.com/info/1005784137", "https://book.qidian.com/info/1011916945"]}