{"ratings": 0.0, "userreviews": [{"userName": "\u6d2a\u8352\u641c\u624b", "userReviewDate": "2010-06-28", "userURL": "https://my.qidian.com/user/116253861", "userReview": "\u5927\u9053\u662f\u4ec0\u4e48\uff1f\u5929\u9053\u662f\u4ec0\u4e48\uff1f\u5c31\u662f\u4e3a\u4e86\u82b1\u4e2a\u4ebf\u4e07\u5e74\u4e0d\u5403\u4e0d\u559d\u4e0d\u54ed\u4e0d\u7b11\u4e0d\u60f3\u4e0d\u6c42\u7684\u4e2a\u4e0d\u6b7b\u4e0d\u706d\u5417\uff1f\u90a3\u8ddf\u6b7b\u4e86"}, {"userName": "\u5929\u5929\u5fc3\u60c5\u90fd\u8981\u597d", "userReviewDate": "2010-06-25", "userURL": "https://my.qidian.com/user/104850299", "userReview": "\u82f1\u56fd\u5f53\u4ee3\u8bd7\u4eba\u897f\u683c\u592b\u91cc.\u8428\u677e\u66fe\u5199\u8fc7\u4e00\u884c\u4e0d\u673d\u7684\u8b66\u53e5\uff1aIn me the tiger sniff"}, {"userName": "\u4e66\u53cb100519023133384", "userReviewDate": "2010-06-20", "userURL": "https://my.qidian.com/user/116196138", "userReview": "\u300a\u91cd\u751f\u8f89\u714c\u4e4b\u8def\u300b\u4e66\u53f7\uff1a1.6.1.0.0.9.4\u4e00\u4f4d\u795e\u8bdd\u822c\u7684\u9f99\u7ec4\u7cbe\u9510\uff0c\u5374\u5728\u4e00\u6b21\u4efb\u52a1\u4e2d\u7075\u9b42\u8f6c"}, {"userName": "\u5929\u5929\u5fc3\u60c5\u90fd\u8981\u597d", "userReviewDate": "2010-06-15", "userURL": "https://my.qidian.com/user/104850299", "userReview": "\u5468\u9752\u81ea\u6740\u4f10\u4e2d\u8d77,\u4e09\u767e\u5e74\u6210\u9053!\u7cbe\u4e8e\u7b97\u8ba1,\u64c5\u6253\u95f7\u68cd!\u7ffb\u8138\u65e0\u60c5,\u4e0d\u51fa\u624b\u5219\u5df2,\u4e00\u51fa\u624b\u5219\u65a9\u5c3d\u6740\u7edd\u6c38\u9664"}, {"userName": "\u5929\u5929\u5fc3\u60c5\u90fd\u8981\u597d", "userReviewDate": "2010-06-11", "userURL": "https://my.qidian.com/user/104850299", "userReview": "\u4e66\u7c4d\u5c5e\u6027\uff1a\u300a\u4f5b\u672c\u662f\u9053\u300b\u4f5c\u8005\uff1a\u68a6\u5165\u795e\u673a\u3000\u5171\u6709\u7ae0\u8282\uff1a466\u7ae0\u3000\u5168\u6587\u5b57\u6570\uff1a2033 614\u5b57\u8d77\u70b9"}, {"userName": "\u5929\u5929\u5fc3\u60c5\u90fd\u8981\u597d", "userReviewDate": "2010-06-01", "userURL": "https://my.qidian.com/user/104850299", "userReview": "11\\\u51cc\u82e5\u6c34\u5446\u5446\u7684\u770b\u7740\u81ea\u5df1\u624b\u8155\u4e0a\u7684\u7ec6\u5c0f\u7b26\u5f55\uff0c\u5fc3\u91cc\u4e0d\u77e5\u9053\u4ec0\u4e48\u6ecb\u5473\uff0c\u81ea\u5df1\u4e00\u5411\u5bf9\u81ea\u5df1\u7684\u673a\u667a\u5f88\u6709\u4fe1"}, {"userName": "\u5929\u5929\u5fc3\u60c5\u90fd\u8981\u597d", "userReviewDate": "2010-06-01", "userURL": "https://my.qidian.com/user/104850299", "userReview": "1\\\u5ed6\u5c0f\u8fdb\u770b\u7740\u624b\u4e0a\u62ff\u7740\u53ef\u4e50\u548c\u80af\u5f97\u9e21\u8fb9\u8d70\u8fb9\u5403\u7684\u5c0f\u72d0\u72f8\u9053\uff1a\u201c\u6211\u8bf4\u5c0f\u72d0\u72f8\uff0c\u4f60\u5c31\u8fd9\u4e48\u559c\u6b22\u5403\u9e21\uff1f\u5929\u5929"}, {"userName": "\u5929\u5929\u5fc3\u60c5\u90fd\u8981\u597d", "userReviewDate": "2010-06-01", "userURL": "https://my.qidian.com/user/104850299", "userReview": "\u68a6\u5165\u795e\u673a\u4ece\u5c0f\u5c31\u559c\u6b22\u770b\u6b66\u4fa0\u5c0f\u8bf4\uff0c\u5076\u7136\u95f4\u53d1\u73b0\u502a\u5321\u7684\u4e00\u672c\u7d2b\u9752\u53cc\u5251\u5f55\uff0c\u770b\u4e86\u4ee5\u540e\u5982\u83b7\u81f3\u5b9d\uff0c\u770b\u5b8c\u4e66\u624d\u53d1"}, {"userName": "\u5929\u5929\u5fc3\u60c5\u90fd\u8981\u597d", "userReviewDate": "2010-06-01", "userURL": "https://my.qidian.com/user/104850299", "userReview": "\u8d77\u70b9\u4ed9\u4fa0\u201c\u68a6\u5165\u795e\u673a\u201d\u3000\u3000\u539f\u540d\u738b\u949f\uff0c\u804c\u4e1a\u68cb\u624b\uff0c\u5728\u8d77\u70b9\u4e2d\u6587\u7f51\u56e0\u521b\u4f5c\u300a\u4f5b\u672c\u662f\u9053\u300b\u4e00\u4e66\u800c\u540d\u58f0\u5927\u9707\uff0c"}], "description": "\u4fee\u4ed9\u89c5\u957f\u751f\uff0c\u70ed\u8840\u4efb\u900d\u9065\uff0c\u8e0f\u83b2\u66f3\u6ce2\u6da4\u5251\u9aa8\uff0c\u51ed\u865a\u5fa1\u98ce\u5851\u5723\u9b42\uff01", "title": "\u4f5b\u672c\u662f\u9053", "url": "https://book.qidian.com/info/53234", "average": -1.0, "cover": "//qidian.qpic.cn/qdbimg/349573/53234/180", "reviews": -1, "authors": [{"url": "https://me.qidian.com/authorIndex.aspx?id=4362073", "name": "\u68a6\u5165\u795e\u673a"}], "type": ["\u4ed9\u4fa0", "\u795e\u8bdd\u4fee\u771f"], "outlinks": ["https://book.qidian.com/info/53234", "https://book.qidian.com/info/1005373310", "https://book.qidian.com/info/1005373310", "https://book.qidian.com/info/1005317872", "https://book.qidian.com/info/1005317872", "https://book.qidian.com/info/1010804088", "https://book.qidian.com/info/1010804088", "https://book.qidian.com/info/2066661", "https://book.qidian.com/info/2066661", "https://book.qidian.com/info/1009965674", "https://book.qidian.com/info/1009965674", "https://book.qidian.com/info/1010926157", "https://book.qidian.com/info/1010926157", "https://book.qidian.com/info/1321622", "https://book.qidian.com/info/1321622", "https://book.qidian.com/info/3236044", "https://book.qidian.com/info/3236044", "https://book.qidian.com/info/1010327039", "https://book.qidian.com/info/1012016027", "https://book.qidian.com/info/1011630501", "https://book.qidian.com/info/1012010192", "https://book.qidian.com/info/1011834598", "https://book.qidian.com/info/1011672705", "https://book.qidian.com/info/1011966835", "https://book.qidian.com/info/1011940680", "https://book.qidian.com/info/1011491390", "https://book.qidian.com/info/1011995376"]}