{"ratings": 0.0, "userreviews": [{"userName": "\u5f20\u82f1\u4fca\u563f\u563f\u563f\u563f", "userReviewDate": "2018-02-10", "userURL": "https://my.qidian.com/user/188863138", "userReview": "\u8fd9\u4e0d\u5e94\u8be5\u5728\u5973\u9891\u5417\uff1f"}, {"userName": "\u4ffa\u6751\u4ffa\u6700\u997f", "userReviewDate": "2017-12-02", "userURL": "https://my.qidian.com/user/161892243", "userReview": "\u4e0d\u9519\u7684\u4e66\uff0c\u5e2e\u75f4\u5446\u4e8c\u5c11\u6295\u56db\u7968\u652f\u6301\u4e2d[fn=1]"}], "description": "\u3010\u7b2c\u4e09\u5c4a\u7f51\u7edc\u539f\u521b\u6587\u5b66\u73b0\u5b9e\u4e3b\u4e49\u9898\u6750\u5f81\u6587\u5927\u8d5b\u3011\u53c2\u8d5b\u4f5c\u54c1", "title": "\u4f60\u5728\u54ea\u91cc\uff0c\u6211\u5728\u8fd9\u91cc\u7b49\u4f60", "url": "https://book.qidian.com/info/1010597192", "average": -1.0, "cover": "//qidian.qpic.cn/qdbimg/349573/1010597192/180", "reviews": -1, "authors": [{"url": "https://me.qidian.com/authorIndex.aspx?id=401056880", "name": "\u543e\u70df\u82b1\u4f3c\u96e8"}], "type": ["\u73b0\u5b9e", "\u9752\u6625\u6587\u5b66"], "outlinks": ["https://book.qidian.com/info/1010597192", "https://book.qidian.com/info/1010835424", "https://book.qidian.com/info/1010835424", "https://book.qidian.com/info/1009525461", "https://book.qidian.com/info/1009525461", "https://book.qidian.com/info/1010968244", "https://book.qidian.com/info/1010968244", "https://book.qidian.com/info/1010642496", "https://book.qidian.com/info/1010642496", "https://book.qidian.com/info/1010528252", "https://book.qidian.com/info/1010528252", "https://book.qidian.com/info/1010709025", "https://book.qidian.com/info/1010709025", "https://book.qidian.com/info/1011633094", "https://book.qidian.com/info/1011456133", "https://book.qidian.com/info/1011634147", "https://book.qidian.com/info/1011681836", "https://book.qidian.com/info/1010536358", "https://book.qidian.com/info/1011815512", "https://book.qidian.com/info/1011779536", "https://book.qidian.com/info/1011822376", "https://book.qidian.com/info/1010906320", "https://book.qidian.com/info/1011955761"]}