{"ratings": 0.0, "userreviews": [{"userName": "\u5e84\u7cca\u6d82123", "userReviewDate": "2018-05-11", "userURL": "https://my.qidian.com/user/229738479", "userReview": "\u75af\u4eba\u9662\u5c0f\u65e5\u5e38\u4e4b\u56f0\u60d1...\u8fd9\u662f\u4e00\u95f4\u51b0\u51b7\u7684\u75c5\u623f\u3002\u7eaf\u767d\u8272\u7684\u51b7\u6f20\uff0c\u4e00\u5982\u5f53\u521d\u5357\u56fd\u77a5\u89c1\u8fc7\u7684\u60ca\u609a\u3002\u53ea\u662f\u73b0"}, {"userName": "\u5e84\u7cca\u6d82123", "userReviewDate": "2018-04-14", "userURL": "https://my.qidian.com/user/229738479", "userReview": "\u75af\u4eba\u9662\u5c0f\u65e5\u5e38\u4e4b\u5730\u4e0b\u5ba4\u91cc\u7684\u7738\u5b50\u00b7\u00b7\u00b7\u4e09\u5e74\u524d\uff0c\u4ed6\u4eec\u53eb\u6211\u5b89\u5b50\u4e09\u5e74\u540e\uff0c\u4ed6\u4eec\u53eb\u6211\u75af\u5b50\u6211\u8fd8\u8bb0\u5f97\u90a3\u5929\u7684\u60c5"}, {"userName": "\u5e84\u7cca\u6d82123", "userReviewDate": "2018-04-09", "userURL": "https://my.qidian.com/user/229738479", "userReview": "\u75af\u4eba\u9662\u5c0f\u65e5\u5e38\u4e4b\u4eba\u7269\u4ecb\u7ecd\uff1a\u2026\u2026\u8fd9\u662f\u4e00\u4e2a\u9633\u5149\u660e\u5a9a\u7684\u65e5\u5b50\uff0c\u8001\u95f7\u5728\u4fee\u7406\u81ea\u5df1\u524d\u5217\u817a\uff0c\u50bb\u5b50\u5728\u8349\u576a\u4e0a\u6293\u82cd"}, {"userName": "\u963f\u98de\u82b6", "userReviewDate": "15\u5c0f\u65f6\u524d", "userURL": "https://my.qidian.com/user/215539668", "userReview": "\u4e3a\u5565\u8fd9\u4e48\u597d\u7684\u4e66\u770b\u7684\u4eba\u8fd9\u4e48\u5c11\uff1f"}, {"userName": "\u5415\u5929\u867e10991", "userReviewDate": "2018-06-05", "userURL": "https://my.qidian.com/user/313983116", "userReview": "\u5c31\u662f\u6765\u7b7e\u5230\u7684"}, {"userName": "\u6d6a\u8361\u7684\u5c0f\u9a6c\u9a79", "userReviewDate": "2018-06-03", "userURL": "https://my.qidian.com/user/159091564", "userReview": "\u4e66\u662f\u597d\u4e66\uff0c\u6df7\u5728\u5728\u7f51\u6587\u91cc\uff0c\u600e\u4e48\u80fd\u706b[fn=10]"}, {"userName": "\u611f\u5929\u52a8\u5730\u5927\u9b54\u738b", "userReviewDate": "2018-06-02", "userURL": "https://my.qidian.com/user/310417483", "userReview": "\u6545\u4e8b\uff0c\u903b\u8f91\u6027\u90fd\u5f88\u597d\uff0c\u662f\u4e0d\u9519\u7684\u5c0f\u8bf4\u3002\u3002\u8bdd\u8bf4\u4e3a\u4f55\u4eba\u8fd9\u4e48\u5c11\u5462\uff0c\u6211\u60f3\u7b2c\u4e00\u5e94\u8be5\u662f\u9898\u6750\u5c0f\u4f17\uff0c\u4f46\u5f71\u54cd\u4e5f\u4e0d"}, {"userName": "\u5e84\u7cca\u6d82123", "userReviewDate": "2018-06-01", "userURL": "https://my.qidian.com/user/229738479", "userReview": "\u56fd\u738b\u7684\u548f\u53f9\u8c03\uff1a...\u5982\u679c\u8981\u6211\u8bf4\u4ed6\u4eec\u7684\u6545\u4e8b\u6211\u4f1a\u8bf4\u66fe\u7ecf\u6709\u4e00\u5929\u5c18\u4e16\u7684\u738b\u5ea7\u5bf9\u56fd\u738b\u8bf4\u4f60\u662f\u6211\u7684\u56fd\u738b\u6b22\u6b4c"}, {"userName": "\u5e84\u7cca\u6d82123", "userReviewDate": "2018-05-30", "userURL": "https://my.qidian.com/user/229738479", "userReview": "\u660e\u5929\u51fa\u9662\uff0c\u540e\u5929\u7206\u66f4\uff0c\u6ee1\u8840\u590d\u6d3b[fn=46]"}, {"userName": "\u5e84\u7cca\u6d82123", "userReviewDate": "2018-05-29", "userURL": "https://my.qidian.com/user/229738479", "userReview": "\u5404\u4f4d\u8bfb\u8005\uff0c\u5f88\u62b1\u6b49\uff0c\u672c\u4eba\u56e0\u75c5\u4f4f\u9662\uff0c\u8981\u8bf7\u5047\u4e24\u5929\u5de6\u53f3\uff0c\u8fd8\u8bf7\u6d77\u6db5[fn=3]"}, {"userName": "\u6f06\u9ed1\u4e00\u7247\u5c0fQ", "userReviewDate": "2018-05-09", "userURL": "https://my.qidian.com/user/312367000", "userReview": "\u7b7e\u5230\u697c\uff0c\u81ea\u5df1\u5efa\u4e00\u4e2a\u3002"}, {"userName": "\u6625\u5377\u9171er_", "userReviewDate": "2018-05-09", "userURL": "https://my.qidian.com/user/306122907", "userReview": "\u770b\u7b80\u4ecb\u8ddf\u5f00\u5934\u90fd\u5f88\u6709\u8da3\u554a\uff0c\u5df2\u6536\u5f55\u4e66\u5355\uff0c\u52a0\u6cb9~~"}, {"userName": "\u4f59\u751f\u638c\u67dc", "userReviewDate": "2018-05-08", "userURL": "https://my.qidian.com/user/306129090", "userReview": "\u770b\u4e86\u4e94\u5341\u7ae0\uff0c\u76ee\u524d\u8fd8\u4e0d\u9519\uff0c\u5148\u517b\u517b"}, {"userName": "\u4e66\u53cb20170108205649742", "userReviewDate": "2018-05-08", "userURL": "https://my.qidian.com/user/227922726", "userReview": "\u660e\u660e\u662f\u672c\u975e\u5e38\u6709\u610f\u601d\u7684\u4e66\uff0c\u4f46\u4e0d\u77e5\u9053\u4e3a\u4ec0\u4e48\u4eba\u5f88\u5c11\u3002\u60c5\u8282\u867d\u7136\u8352\u8bde\u5374\u4e0d\u8ba9\u4eba\u53cd\u611f\uff0c\u5012\u662f\u5e73\u6dfb\u4e86\u51e0\u5206\u8da3\u5473"}], "description": "\u9752\u6625\u5bc4\u8bed\uff0c\u751f\u6d3b\u65f6\u5c1a\uff0c\u4e61\u571f\u6587\u5316\uff0c\u5c55\u73b0\u73b0\u5b9e\u767e\u6001\uff01", "title": "\u4f60\u597d\u56fd\u738b", "url": "https://book.qidian.com/info/1011088102", "average": -1.0, "cover": "//qidian.qpic.cn/qdbimg/349573/1011088102/180", "reviews": -1, "authors": [{"url": "https://me.qidian.com/authorIndex.aspx?id=10554606", "name": "\u5e84\u7cca\u6d82"}], "type": ["\u73b0\u5b9e", "\u73b0\u5b9e\u767e\u6001"], "outlinks": ["https://book.qidian.com/info/1011088102", "https://book.qidian.com/info/1004976324", "https://book.qidian.com/info/1004976324", "https://book.qidian.com/info/1005405437", "https://book.qidian.com/info/1005405437", "https://book.qidian.com/info/1010191960", "https://book.qidian.com/info/1010191960", "https://book.qidian.com/info/3602691", "https://book.qidian.com/info/3602691", "https://book.qidian.com/info/1009915605", "https://book.qidian.com/info/1009915605", "https://book.qidian.com/info/1011063122", "https://book.qidian.com/info/1011063122", "https://book.qidian.com/info/1009287279", "https://book.qidian.com/info/1009287279", "https://book.qidian.com/info/1011633094", "https://book.qidian.com/info/1011456133", "https://book.qidian.com/info/1011634147", "https://book.qidian.com/info/1011681836", "https://book.qidian.com/info/1010536358", "https://book.qidian.com/info/1011815512", "https://book.qidian.com/info/1011779536", "https://book.qidian.com/info/1011822376", "https://book.qidian.com/info/1010906320", "https://book.qidian.com/info/1011955761"]}