{"ratings": 0.0, "userreviews": [{"userName": "\u6cab\u6cabmoshi", "userReviewDate": "2018-05-27", "userURL": "https://my.qidian.com/user/231553249", "userReview": "\u90d1\u91cd\u58f0\u660e\u4e00\u4e0b\uff0c\u51e1\u4e8b\u50ac\u5b8c\u7ed3\u7684\uff0c\u9884\u77e5\u5b8c\u7ed3\u7684\u8d34\u5b50\u5c06\u4f1a\u88ab\u5220\u9664\u3002\u8be5\u5b8c\u7ed3\u7684\u65f6\u5019\u5c31\u4f1a\u5b8c\u7ed3\uff0c\u4e0d\u8981\u5f71\u54cd\u5927\u5927\u7684"}, {"userName": "Jackiecici", "userReviewDate": "2018-04-26", "userURL": "https://my.qidian.com/user/217982423", "userReview": "\u6781\u5c11\u6709\u4eba\u7684\u7231\u60c5\u7ecf\u5386\u8fc7\u751f\u6b7b\uff0c\u5305\u62ec\u4f5c\u8005\u81ea\u5df1\u4e5f\u6ca1\u6709\u7ecf\u5386\u8fc7\uff0c\u6240\u4ee5\u7a76\u7adf\u7ecf\u5386\u751f\u6b7b\u540e\u7684\u5ff5\u4e4b\u8be5\u5982\u4f55\u53bb\u5904\u7406\u5979"}, {"userName": "\u6cab\u6cabmoshi", "userReviewDate": "2018-04-16", "userURL": "https://my.qidian.com/user/231553249", "userReview": "\u300a\u4f60\u597d\uff0c\u5c11\u5c06\u5927\u4eba\u300b\u5f00\u7c89\u4e1d\u7fa4\u5566\uff01\uff01\uff01\u5404\u4f4d\u559c\u6b22\u300a\u4f60\u597d\uff0c\u5c11\u5c06\u5927\u4eba\u300b\u7684\u5c0f\u4e3b\u4eec\uff0c\u6211\u4eec\u5f00\u7c89\u4e1d\u7fa4\u4e86\uff01\u8fd9\u4e2a"}, {"userName": "\u5c0f\u67d2\u4e45", "userReviewDate": "2018-01-19", "userURL": "https://my.qidian.com/user/306993654", "userReview": "N\u5927\u7406\u7531\u544a\u8bc9\u4f60\u300a\u4f60\u597d\uff0c\u5c11\u5c06\u5927\u4eba\uff01\u300b\u662f\u4e00\u7bc7\u503c\u5f97\u5165\u5751\u7684\u6df1\u5ea6\u597d\u6587\uff01\uff083\uff094\u3001\u4eba\u7269\u3002\u8fd9\u90e8\u5c0f\u8bf4\u5230\u76ee\u524d"}, {"userName": "\u843d\u65e5\u957f\u70df1215", "userReviewDate": "41\u5206\u949f\u524d", "userURL": "https://my.qidian.com/user/212123091", "userReview": "\u770b\u6765\u771f\u662f\u6e29\u5a4a\u7684\u4eb2\u5988\u4e86\uff0c\u7136\u540e\u5ff5\u4e4b\u53c8\u798f\u4e34\u5fc3\u81f3\u60f3\u6d4b\u4e0b\u81ea\u5df1\u4e0e\u79e6\u7684DNA.\u7ed3\u679c\u53c8......"}, {"userName": "desirachen", "userReviewDate": "2\u5c0f\u65f6\u524d", "userURL": "https://my.qidian.com/user/132302679", "userReview": "\u5ff5\u4e4b\u662f\u987e\u7238\u548c\u79e6\u7d20\u95ee\u7684\u5973\u513f\uff0c\u5e94\u8be5\u662f\u53ef\u4ee5\u60f3\u8c61\u7684\u3002\u4f46\u6211\u5bf9\u5f88\u591a\u4eba\u731c\u7684\u6e29\u5b88\u5fc6\u662f\u6e29\u5927\u6709\u548c\u79e6\u7476\u5149\u7684\u5973\u513f\uff0c"}, {"userName": "\u8fa3\u5988\u7684\u4e16\u754c", "userReviewDate": "3\u5c0f\u65f6\u524d", "userURL": "https://my.qidian.com/user/223376808", "userReview": "\u5b9e\u5728\u662f\u770b\u4e0d\u4e0b\u53bb\u4e86\uff0c\u770b\u79e6XX\u8fd9\u6837\u6253\u4e24\u5c81\u7684\u5ff5\u4e4b\uff0c\u5979\u600e\u4e48\u4e0b\u7684\u4e86\u624b\uff01\u771f\u60f3\u6740\u4e86\u5979\uff01\u5fc3\u75bc\u5c0f\u5ff5\u4e4b\uff0c\u60f3\u54ed\uff0c"}, {"userName": "\u671d\u82b1\u62fe\u9057", "userReviewDate": "3\u5c0f\u65f6\u524d", "userURL": "https://my.qidian.com/user/196601223", "userReview": "\u5973\u4e3b\u771f\u662f\u592a\u4efb\u6027\u4e86\uff0c\u800c\u4e14\u73bb\u7483\u5fc3\u3002"}, {"userName": "2674282", "userReviewDate": "3\u5c0f\u65f6\u524d", "userURL": "https://my.qidian.com/user/154033095", "userReview": "\u65e2\u7136DNA\u80fd\u8bf4\u660e\u95ee\u9898\uff0c\u90a3\u5c31\u6d4b\u5457\uff01"}, {"userName": "\u50bb\u50bb\u5ffd\u5ffd", "userReviewDate": "3\u5c0f\u65f6\u524d", "userURL": "https://my.qidian.com/user/113784015", "userReview": "\u79e6\u5a4a\u8bf4\u6d4bDNA\u4e0d\u8bf4\u660e\u95ee\u9898\u662f\u4e0d\u662f\u610f\u5473\u7740\u5ff5\u4e4b\u7684DNA\u548c\u5979\u6709\u76f8\u4f3c\u4e0d\u8bf4\u660e\u662f\u6bcd\u5973\uff1f"}, {"userName": "zhuxyhh01", "userReviewDate": "3\u5c0f\u65f6\u524d", "userURL": "https://my.qidian.com/user/122725822", "userReview": "\u4e0d\u591f\u770b\u554a\uff0c\u8981\u517b\u6587\u4e86"}, {"userName": "\u5929\u5802\u3065\u7cd6\u7cd6", "userReviewDate": "4\u5c0f\u65f6\u524d", "userURL": "https://my.qidian.com/user/9145693", "userReview": "\u6211\u4e5f\u597d\u559c\u6b22\u81ea\u5df1\u641e\u4e2a\u7b7e\u5230\u697c~\u63d0\u9192\u81ea\u5df1\u63d0\u9192\u5927\u5bb6\u6bcf\u5929\u90fd\u5230\u4e66\u8bc4\u533a\u62a5\u9053\u4e00\u4e0b~\u6295\u4e0a\u63a8\u4ecb\u7968\u548c\u6708\u7968\u7ed9\u5bd2\u5927~"}, {"userName": "\u516b\u6212\u4e4b\u6212", "userReviewDate": "4\u5c0f\u65f6\u524d", "userURL": "https://my.qidian.com/user/9047308", "userReview": "\u5728\u4e66\u8bc4\u533a\u5192\u4e2a\u6ce1\uff0c\u76d6\u4e2a\u697c"}, {"userName": "\u5f88\u60f3\u505a\u4e2a\u7406\u667a\u7684\u4eba", "userReviewDate": "5\u5c0f\u65f6\u524d", "userURL": "https://my.qidian.com/user/155442443", "userReview": "\u4eca\u5929\u80bf\u4e48\u8fd8\u6ca1\u66f4\u65b0\u5462\uff1f\u6349\u6025\u770b\u4e0b\u6587"}], "description": "\u91cd\u751f\u82b1\u6837\u5e74\u534e\uff0c\u73a9\u8f6c\u5e02\u4e95\u8c6a\u95e8\uff0c\u643a\u624b\u9006\u88ad\u4eba\u751f\uff0c\u5171\u63fd\u4e00\u4e16\u98ce\u4e91\uff01", "title": "\u4f60\u597d\uff0c\u5c11\u5c06\u5927\u4eba", "url": "https://book.qidian.com/info/1003517327", "average": -1.0, "cover": "//qidian.qpic.cn/qdbimg/349573/1003517327/180", "reviews": -1, "authors": [{"url": "https://me.qidian.com/authorIndex.aspx?id=2419771", "name": "\u5bd2\u6b66\u8bb0"}], "type": ["\u73b0\u4ee3\u8a00\u60c5", "\u8c6a\u95e8\u4e16\u5bb6"], "outlinks": ["https:https://book.qidian.com/info/1011421405?qd_game_key=1011421405&qd_dd_p1=11272", "https://book.qidian.com/info/1003517327", "https://book.qidian.com/info/1010176014", "https://book.qidian.com/info/1010176014", "https://book.qidian.com/info/1009549788", "https://book.qidian.com/info/1009549788", "https://book.qidian.com/info/1009603822", "https://book.qidian.com/info/1009603822", "https://book.qidian.com/info/1010147900", "https://book.qidian.com/info/1010147900", "https://book.qidian.com/info/1010563158", "https://book.qidian.com/info/1010563158", "https://book.qidian.com/info/1010311508", "https://book.qidian.com/info/1010311508", "https://book.qidian.com/info/1954695", "https://book.qidian.com/info/1954695", "https://book.qidian.com/info/2147744", "https://book.qidian.com/info/2147744", "https://book.qidian.com/info/2371387", "https://book.qidian.com/info/2371387", "https://book.qidian.com/info/2538368", "https://book.qidian.com/info/2538368", "https://book.qidian.com/info/2568179", "https://book.qidian.com/info/2568179", "https://book.qidian.com/info/3192931", "https://book.qidian.com/info/3192931", "https://book.qidian.com/info/3471207", "https://book.qidian.com/info/3471207", "https://book.qidian.com/info/1009042280", "https://book.qidian.com/info/1009626115", "https://book.qidian.com/info/1010737445", "https://book.qidian.com/info/1012015372", "https://book.qidian.com/info/1005059261", "https://book.qidian.com/info/1011899546", "https://book.qidian.com/info/1011717868", "https://book.qidian.com/info/1009904779", "https://book.qidian.com/info/1011200502", "https://book.qidian.com/info/1011634310"]}