{"ratings": 0.0, "userreviews": [{"userName": "\u4e66\u53cb161218083524394", "userReviewDate": "2017-01-16", "userURL": "https://my.qidian.com/user/227076927", "userReview": "\u5199\u7684\u771f\u597d\uff0c\u52a0\u6cb9"}, {"userName": "\u7231\u98ce\u7231\u96e8\u7231\u5f69\u8679", "userReviewDate": "2016-10-09", "userURL": "https://my.qidian.com/user/152587490", "userReview": "\u597d\u4e66\uff01\u52a0\u6cb9"}, {"userName": "\u4e66\u53cb161006182747981", "userReviewDate": "2016-10-08", "userURL": "https://my.qidian.com/user/223791137", "userReview": "\u697c\u4e3b\uff0c\u6211\u5df2\u7ecf\u770b\u5b8c\u5566\uff0c\u5feb\u70b9\u66f4\u65b0\uff0c\u6211\u7b49\u7740\uff01\u633a\u4f60"}, {"userName": "\u4e66\u53cb161006182747981", "userReviewDate": "2016-10-06", "userURL": "https://my.qidian.com/user/223791137", "userReview": "\u6545\u4e8b\u60c5\u8282\u5f88\u7cbe\u5f69\uff0c\u697c\u4e3b\u52a0\u6cb9\uff01\u633a\u4f60\uff01"}, {"userName": "\u5317\u6155\u57ce\u5357lxw", "userReviewDate": "2016-10-04", "userURL": "https://my.qidian.com/user/223574188", "userReview": "\u697c\u4e3b\uff0c\u52a0\u6cb9\u54e6\uff0c\u6c42\u66f4\u65b0"}, {"userName": "\u5415\u5929\u867e10062", "userReviewDate": "2018-05-13", "userURL": "https://my.qidian.com/user/313652424", "userReview": "\u7b7e\u5230\u7b7e\u5230\u7b7e\u5230\u4e86\u3002\u3002\u3002"}, {"userName": "\u7ea2\u8336\u7684\u989c\u8272", "userReviewDate": "2018-05-12", "userURL": "https://my.qidian.com/user/216932482", "userReview": "\u5199\u7684\u5f88\u597d\uff0c\u4f5c\u8005\u6587\u7b14\u987a\u7545\uff0c\u9063\u8bcd\u9020\u53e5\u770b\u8d77\u6765\u5f88\u8212\u670d\uff0c\u5bf9\u5148\u8d24\u8bd7\u8bcd\u7684\u5f15\u7528\u540c\u6837\u975e\u5e38\u6070\u5f53\uff01\u5df2\u5168\u8ba2\uff0c\u4f5c\u8005\u52a0"}, {"userName": "\u7167\u548c\u65f6\u4ee3\u4e4b\u9ad9\u9060", "userReviewDate": "2018-05-08", "userURL": "https://my.qidian.com/user/308194103", "userReview": "\u5199\u5f97\u771f\u597d\u53ef\u4ee5\u652f\u6301"}, {"userName": "\u98ce\u91cc\u96e8\u91cc\u9ed8\u9ed8\u5b88\u62a4\u5728\u539f\u5730", "userReviewDate": "2018-01-17", "userURL": "https://my.qidian.com/user/199886420", "userReview": "\u597d\u770b\u5c31\u662f\u6709\u70b9\u5570\u55e6\u3002\u6361\u4e86\u4e00\u4e2a\u5b69\u5b50\u7136\u540e\u8bb2\u8001\u5934\uff0c\u8001\u5934\u8bb2\u7740\u8bb2\u7740\u8bb2\u5230\u5149\u5934\uff0c\u5149\u5934\u8bb2\u7740\u53c8\u8dd1\u504f\u4e86\u3002\u8ffd\u6eaf\u4e86\u51e0"}, {"userName": "\u9752\u4e91\u5341\u4e8c", "userReviewDate": "2017-12-05", "userURL": "https://my.qidian.com/user/215903302", "userReview": "\u7a81\u7136\u505c\u4e0d\u4e0b\u6765"}, {"userName": "\u62e5\u62b1\u5b87\u5b99", "userReviewDate": "2017-09-28", "userURL": "https://my.qidian.com/user/213754343", "userReview": "\u7b7e\u5230\u6c34\u7ecf\u9a8c"}, {"userName": "58603250", "userReviewDate": "2017-09-23", "userURL": "https://my.qidian.com/user/223328174", "userReview": "\u611f\u8c22\u4e2d\u56fdAK47600\u6253\u8d4f\u652f\u6301\uff0c\u975e\u5e38\u611f\u8c22\uff01\u611f\u8c22\u5404\u4f4d\u8bfb\u8005\u652f\u6301\uff01"}, {"userName": "\u6613\u6c34\u96be\u6c5b", "userReviewDate": "2017-09-12", "userURL": "https://my.qidian.com/user/306792343", "userReview": "\u5f88\u6709\u610f\u601d\u7684\u6587\u7ae0 \u9876[fn=7]"}, {"userName": "\u96c5\u718f\u777f\u83e1", "userReviewDate": "2017-09-10", "userURL": "https://my.qidian.com/user/301134089", "userReview": "\u6211\u521a\u5f00\u59cb\u770b\uff0c\u611f\u89c9\u6587\u5b57\u8fd8\u53ef\u4ee5\uff0c\u633a\u597d\u7684\uff0c\u7b2c\u4e00\u5929 56\u5c42\u697c\u68af\u7684\u9898\u8bb0\u6211\u5f88\u559c\u6b22\uff0c\u5199\u7684\u5f88\u597d\uff0c\u5e0c\u671b\u4e0b\u9762\u7684"}], "description": "", "title": "\u4f60\u60f3\u8981\u7684\uff0c\u65f6\u95f4\u90fd\u4f1a\u7ed9\u4f60", "url": "https://book.qidian.com/info/1004158901", "average": -1.0, "cover": "//qidian.qpic.cn/qdbimg/349573/1004158901/180", "reviews": -1, "authors": [{"url": "https://me.qidian.com/authorIndex.aspx?id=8702118", "name": "\u6f47\u6e58\u58a8\u957f"}], "type": ["\u77ed\u7bc7", "\u77ed\u7bc7\u5c0f\u8bf4"], "outlinks": ["https://book.qidian.com/info/1004158901", "https://book.qidian.com/info/3681469", "https://book.qidian.com/info/3681469", "https://book.qidian.com/info/1011168558", "https://book.qidian.com/info/1011168558", "https://book.qidian.com/info/1010390083", "https://book.qidian.com/info/1010390083", "https://book.qidian.com/info/1691147", "https://book.qidian.com/info/1691147", "https://book.qidian.com/info/2280900", "https://book.qidian.com/info/2280900", "https://book.qidian.com/info/1008159762", "https://book.qidian.com/info/1008159762", "https://book.qidian.com/info/1009312005", "https://book.qidian.com/info/1136277", "https://book.qidian.com/info/1830315", "https://book.qidian.com/info/1011168558", "https://book.qidian.com/info/1004575373", "https://book.qidian.com/info/1004088722", "https://book.qidian.com/info/1945698", "https://book.qidian.com/info/1010642969", "https://book.qidian.com/info/1003669419", "https://book.qidian.com/info/1011683374"]}