{"ratings": 0.0, "userreviews": [{"userName": "\u8179\u9ed1\u54b2\u591c", "userReviewDate": "14\u5c0f\u65f6\u524d", "userURL": "https://my.qidian.com/user/115234631", "userReview": "\u4e00\u7c73\u516b\u4e94\u90fd\u80fd\u88ab\u51e0\u4e2a\u4eba\u6b3a\u8d1f\u7684\u5417"}, {"userName": "\u4e66\u53cb20180226221453538", "userReviewDate": "\u6628\u65e511:23", "userURL": "https://my.qidian.com/user/314167304", "userReview": "\u4e0d\uff0c\u6211\u6e34\u671b\u5976\u5b50"}, {"userName": "\u963f\u72f8\u6ca1\u6709\u88e4\u8869", "userReviewDate": "\u6628\u65e502:00", "userURL": "https://my.qidian.com/user/200336948", "userReview": "\u4e0d\u77e5\u9053\u4e3a\u5565\uff0c\u6700\u8fd1\u8fde\u7eed\u770b\u4e86\u597d\u51e0\u672c\u8fd9\u4e2a\u7c7b\u578b\u7684\u5c0f\u8bf4\uff0c\u90fd\u9047\u5230\u4e00\u4e2a\u88ab\u53cd\u6d3e\u4fae\u8fb1\u7684\u5c11\u5973\uff0c\u7136\u540e\u88ab\u4e3b\u89d2\u6536\u4e3a\u624b"}, {"userName": "\u4e66\u53cb120127050431423", "userReviewDate": "\u6628\u65e500:43", "userURL": "https://my.qidian.com/user/135813271", "userReview": "\u4e5f\u4e0d\u77e5\u9053\u600e\u4e48\u548c\u4f5c\u8005\u8bf4\u53cd\u6b63\u770b\u7740\u4e0d\u8212\u670d"}, {"userName": "\u4e2d\u4e8c\u4ed9\u4eba", "userReviewDate": "2018-06-07", "userURL": "https://my.qidian.com/user/225057124", "userReview": "\u6211\u6e34\u671b\u5927\u4e43\u5b50"}, {"userName": "\u5415\u5929\u867e13453", "userReviewDate": "2018-06-07", "userURL": "https://my.qidian.com/user/316356297", "userReview": "\u7b7e\u5230\u52a0\u6cb9\u5199\u7684\u4e0d\u9519\u6211\u559c\u6b22\uff01"}, {"userName": "\u4e94\u884c\u4e4b\u6c14\u8c03\u9634\u9633", "userReviewDate": "2018-06-03", "userURL": "https://my.qidian.com/user/202881295", "userReview": "\u6ce8\u610f\u9519\u5b57\u3002"}, {"userName": "\u597d\u5c71\u597d\u6c34\u5929\u4f5c\u753b", "userReviewDate": "2018-06-02", "userURL": "https://my.qidian.com/user/308668930", "userReview": "\u4f5c\u8005\u5927\u5927\uff0c\u52a0\u6cb9\uff01"}, {"userName": "\u4e66\u53cb20180517225313434", "userReviewDate": "2018-06-01", "userURL": "https://my.qidian.com/user/316693544", "userReview": "\u770b\u4e86\u4e00\u4e0b\u611f\u89c9\u8fd8\u4e0d\u9519\uff0c\u575a\u6301\u81ea\u5df1\u7684\u4e1c\u897f\uff0c\u4e0d\u8981\u88ab\u5e26\u8dd1\u4e86\uff0c\u597d\u597d\u5199\uff01"}, {"userName": "\u5fc3\u5982\u5e73\u955c\u65e0\u7269\u4f55\u5904\u60f9\u5c18\u57c3", "userReviewDate": "2018-06-01", "userURL": "https://my.qidian.com/user/314888713", "userReview": "\u52a0\u6cb9\uff0c\u6211\u7684\u7537\u795e\u3002\u9ad8\u5e05\u7684\u7537\u795e\uff0c\uff0c\u7b49\u4f60\u4e66\u706b\u4e86\uff0c\u4f60\u5c31\u662f\u9ad8\u5bcc\u5e05\u7537\u795e\u4e86\uff0c\u54c8\u54c8\u54c8\u3002"}, {"userName": "\u5fc3\u5982\u5e73\u955c\u65e0\u7269\u4f55\u5904\u60f9\u5c18\u57c3", "userReviewDate": "2018-06-01", "userURL": "https://my.qidian.com/user/314888713", "userReview": "\u6211\u7ed9\u4f60\u6295\u7968\uff0c\u4e0d\u7528\u8c22\u6211\u3002"}, {"userName": "bingduti", "userReviewDate": "2018-06-01", "userURL": "https://my.qidian.com/user/19102896", "userReview": "7\uff0c8\u5e74\u524d\u90fd\u5e02\u6587\u7684\u5957\u8def\uff0c\u6ca1\u4ec0\u4e48\u65b0\u610f\uff0c\u800c\u4e14\u4e66\u91cc\u6709\u4e9b\u903b\u8f91\u4e0d\u662f\u5f88\u901a\u987a\u3002\u9996\u5148\uff0c10\u500d\u8eab\u4f53\u7d20\u8d28\u662f\u600e\u4e48"}, {"userName": "\u7a7a\u6d6e\u8bda", "userReviewDate": "2018-05-31", "userURL": "https://my.qidian.com/user/214222419", "userReview": "\u5199\u7684\u86ee\u597d\u7684\uff0c\u5e0c\u671b\u53ef\u4ee5\u4e0a3\u6c5f"}, {"userName": "\u6211\u662f\u5c0f\u5f3a29", "userReviewDate": "2018-05-31", "userURL": "https://my.qidian.com/user/161716269", "userReview": "\u7b7e\u5230\u6c34\u7ecf\u9a8c"}], "description": "\u661f\u6d77\u6f2b\u6e38\uff0c\u65f6\u7a7a\u7a7f\u68ad\uff0c\u673a\u68b0\u79d1\u6280\uff0c\u76ee\u6807\u662f\u672a\u77e5\u7684\u661f\u8fb0\u5927\u6d77\uff01", "title": "\u4f60\u6e34\u671b\u529b\u91cf\u4e48", "url": "https://book.qidian.com/info/1011947189", "average": -1.0, "cover": "//qidian.qpic.cn/qdbimg/349573/1011947189/180", "reviews": -1, "authors": [{"url": "https://me.qidian.com/authorIndex.aspx?id=5740571", "name": "\u8001\u730e"}], "type": ["\u79d1\u5e7b", "\u65f6\u7a7a\u7a7f\u68ad"], "outlinks": ["https://book.qidian.com/info/1011947189", "https://book.qidian.com/info/1010800039", "https://book.qidian.com/info/1010800039", "https://book.qidian.com/info/1010691511", "https://book.qidian.com/info/1010691511", "https://book.qidian.com/info/1009810286", "https://book.qidian.com/info/1009810286", "https://book.qidian.com/info/1009352060", "https://book.qidian.com/info/1009352060", "https://book.qidian.com/info/1010606730", "https://book.qidian.com/info/1010606730", "https://book.qidian.com/info/1005382708", "https://book.qidian.com/info/1005382708", "https://book.qidian.com/info/1011814764", "https://book.qidian.com/info/1011636462", "https://book.qidian.com/info/1012011143", "https://book.qidian.com/info/1011989615", "https://book.qidian.com/info/1011979302", "https://book.qidian.com/info/1011962232", "https://book.qidian.com/info/1012020634", "https://book.qidian.com/info/1011923738", "https://book.qidian.com/info/1012020834", "https://book.qidian.com/info/1011973977"]}