{"ratings": 0.0, "userreviews": [{"userName": "\u9b3c\u755c\u5927\u7ec5\u58eb", "userReviewDate": "2018-05-22", "userURL": "https://my.qidian.com/user/172505860", "userReview": "\u628a\u513f\u5b50\u8f9b\u8f9b\u82e6\u82e6\u6253\u804c\u4e1a\u8d5a\u5f97\u94b1\u5168\u9001\u7ed9\u81ea\u5df1\u518d\u5a5a\u7684\u8d4c\u9b3c\u524d\u592b\u53bb\u8d4c\uff1f\u6709\u8fd9\u6837\u5751\u513f\u5b50\u7684\u6bcd\u4eb2\uff1f\u4e3b\u89d2\u4e5f\u4e0d\u53bb\u4ed8\u8bf8"}, {"userName": "\u5c01\u5347", "userReviewDate": "2018-05-21", "userURL": "https://my.qidian.com/user/7095202", "userReview": "\u65e0\u8bed\u8fd9\u6837\u7684\u4eba\u667a\u5546\u6709\u7f3a\u9677\u5427\uff0c\u5199\u7684\u592a\u8fc7\u4e86\uff01"}, {"userName": "nigeyaer", "userReviewDate": "2018-04-24", "userURL": "https://my.qidian.com/user/516617", "userReview": "\u6587\u7b14\u5c31\u4e0d\u591a\u8bf4\u4e86\uff0c\u4e2d\u5b66\u751f\u4f5c\u6587\u7684\u6c34\u5e73\u3002\u4f60\u4e00\u4e2aS6\u4e16\u754c\u51a0\u519b\uff0c\u8fd8\u662fmvp\u7ed3\u679c\u5468\u56f4\u90a3\u4e48\u591a\u73a9lol\u7684\u5c45"}, {"userName": "\u5bfb\u68a6\u4e36\u4e36", "userReviewDate": "2018-04-24", "userURL": "https://my.qidian.com/user/213957025", "userReview": "\u626f\u728a\u5b50\uff0c\u5f3a\u884c\u79cd\u9a6c\u3002\u6211\u4e0d\u660e\u767d\u4e3a\u4ec0\u4e48\u7f51\u5427\u91cc\u6709\u8fd9\u4e48\u591a\u73a9LOL\u7684\u59b9\u5b50\u3002\u621110\u5e74\u7f51\u9f84\uff0c\u53bb\u8fc7\u7684\u7f51\u5427\u6ca1\u6709"}, {"userName": "\u6708\u96c5\u8431001", "userReviewDate": "2018-03-29", "userURL": "https://my.qidian.com/user/213880329", "userReview": "\u4e66\u8bc4\u90fd\u88ab\u5403\u4e86\u561b"}, {"userName": "\u4ffa\u6751\u4ffa\u6700\u62fdlc", "userReviewDate": "2018-02-16", "userURL": "https://my.qidian.com/user/222510256", "userReview": "\u770b\u5b8c\u7b2c\u4e5d\u7ae0\uff0c\u5c31\u6ca1\u5174\u8da3\u770b\u4e0b\u53bb\u4e86"}, {"userName": "\u4e66\u53cb161008213110886", "userReviewDate": "2017-11-29", "userURL": "https://my.qidian.com/user/223962813", "userReview": "\u52a0\u6cb9\u554a\uff0c\u5927\u795e\u5927\u795e"}, {"userName": "\u4e66\u53cb161008213110886", "userReviewDate": "2017-11-29", "userURL": "https://my.qidian.com/user/223962813", "userReview": "\u6211\u521a\u770b\u5230\u524d\u9762\uff0c\u5927\u795e\u4e0d\u9519\uff0c\u5e0c\u671b\u6709\u52a8\u529b\u7ee7\u7eed\u5199\u554a"}, {"userName": "\u4e66\u53cb161008213110886", "userReviewDate": "2017-11-29", "userURL": "https://my.qidian.com/user/223962813", "userReview": "\u518d\u600e\u4e48\u6c34\u4e00\u767e\u4e07\u5b57\u4e5f\u4e0d\u81f3\u4e8e\u624d\u8fd9\u4e48\u70b9\u63a8\u8350\u5427"}, {"userName": "\u67f3\u6c89\u9c7c", "userReviewDate": "2017-11-25", "userURL": "https://my.qidian.com/user/176071608", "userReview": "\u8bf4GDV\u83dc\uff0c\u4f60\u6015\u662f\u6709\u75c5\u5427\u3002\u867d\u7136\u610f\u8bc6\u5dee\uff0c\u4f46\u662f\u64cd\u4f5c\u80af\u5b9a\u4e0d\u5dee\uff0c\u4f60\u53bb\u627e\u4e00\u4e2aS5\u80fd\u8ddfpawn\u6253\u7684\u4eba\uff0c"}, {"userName": "\u9152\u8336i", "userReviewDate": "2017-10-02", "userURL": "https://my.qidian.com/user/213935540", "userReview": "\u53c8\u662f\u8fd9\u79cd\u591a\u725b\u76ae\u7136\u540e\u56de\u5927\u5b66\u88c5B\u8650\u83dc\u7684\u6545\u4e8b"}, {"userName": "\u65b9\u58a8\u5357", "userReviewDate": "2017-08-24", "userURL": "https://my.qidian.com/user/215850376", "userReview": "\u4f5c\u8005\u597d\u6709\u6bc5\u529b\uff0c25\u5f20\u63a8\u8350\u7968\u8fd8\u65e5\u66f4\u516d\u5343\u3002"}, {"userName": "\u5355\u8eab\u72d7\u7684\u51dd\u89c6", "userReviewDate": "2017-08-21", "userURL": "https://my.qidian.com/user/177742038", "userReview": "\u8fd9\u5b66\u6821\u91cc\u7684\u4eba\u90fd\u4e0d\u770b\u6bd4\u8d5b\u7684\u4e48\uff1f\u5f3a\u884c\u6ca1\u4eba\u8ba4\u8bc6\u4e3b\u89d2\u3002\u6211\u4e5f\u662f\u9189\u4e86\ud83d\ude12"}, {"userName": "\u6587\u4ea6\u58a8", "userReviewDate": "2017-08-16", "userURL": "https://my.qidian.com/user/214186645", "userReview": "\u201c\u6709\u4eba\u770b\u5e7f\u544a\u5417\uff1f\u6c42\u6c42\u597d\u5fc3\u7684\u8bfb\u8005\u770b\u770b\u5427\u3002\u201d\u5c0f\u5973\u5b69\u5728\u5bd2\u98ce\u4e2d\u54b3\u55fd\u8270\u96be\u5fae\u5fae\u98a4\u6296\u7684\u8bf4\u51fa\u8fd9\u53e5\u8bdd\uff0c\u5979\u4e0d\u6562"}], "description": "\u8086\u610f\u6325\u6d12\u6fc0\u60c5\u7684\u6e38\u620f\u4eba\u751f\uff0c\u6253\u7834\u73b0\u5b9e\u6846\u67b6\u7684\u65e0\u5c3d\u5e7b\u60f3\uff01", "title": "\u4f60\u7684\u91ce\u533a\u6211\u505a\u4e3b", "url": "https://book.qidian.com/info/1005176265", "average": -1.0, "cover": "//qidian.qpic.cn/qdbimg/349573/1005176265/180", "reviews": -1, "authors": [{"url": "https://me.qidian.com/authorIndex.aspx?id=9219309", "name": "\u800d\u7b14\u6746\u5b50"}], "type": ["\u6e38\u620f", "\u7535\u5b50\u7ade\u6280"], "outlinks": ["https://book.qidian.com/info/1005176265", "https://book.qidian.com/info/1010057161", "https://book.qidian.com/info/1010057161", "https://book.qidian.com/info/1010863318", "https://book.qidian.com/info/1010863318", "https://book.qidian.com/info/1010844084", "https://book.qidian.com/info/1010844084", "https://book.qidian.com/info/1010546621", "https://book.qidian.com/info/1010546621", "https://book.qidian.com/info/1006757019", "https://book.qidian.com/info/1006757019", "https://book.qidian.com/info/1010667415", "https://book.qidian.com/info/1010667415", "https://book.qidian.com/info/1004842266", "https://book.qidian.com/info/1004842266", "https://book.qidian.com/info/1011944539", "https://book.qidian.com/info/1011967882", "https://book.qidian.com/info/1011856614", "https://book.qidian.com/info/1011979301", "https://book.qidian.com/info/1010667415", "https://book.qidian.com/info/1011736169", "https://book.qidian.com/info/1011797289", "https://book.qidian.com/info/1011808514", "https://book.qidian.com/info/1011901619", "https://book.qidian.com/info/1011962316"]}