{"ratings": 0.0, "userreviews": [{"userName": "\u94c1\u8840\u65d7\u961f\u957f", "userReviewDate": "2017-09-23", "userURL": "https://my.qidian.com/user/227590", "userReview": "\u4f63\u5175\u7684\u6218\u4e89\u4e66\u53cb\u670d\u52a1\u793e - \u9644\u672c\u4e66\u8bc4\u533a\u53d1\u5e16\u89c4\u5219\u4e0e\u7cbe\u534e\u6388\u4e88\u6807\u51c6\u5404\u4f4d\u4e66\u53cb\uff1a\u81ea4\u67086\u65e5\u4e0a\u4efb\u4f0a\u59cb\uff0c\u300a"}, {"userName": "\u94c1\u8840\u65d7\u961f\u957f", "userReviewDate": "2017-08-31", "userURL": "https://my.qidian.com/user/227590", "userReview": "\u4e09\u5e74\uff0c\u4f63\u5175\u4e0e\u6211\u98ce\u96e8\u540c\u821f\uff01\u300a\u4f63\u5175\u7684\u6218\u4e89\u300b\u966a\u4f34\u7740\u6211\u4eec\u4e09\u4e2a\u591a\u5e74\u5934\u4e86\uff0c\u6c34\u5927\u4e5f\u662f\u4e00\u4f4d\u52e4\u52b3\u7684\u4f5c\u8005\uff0c\u4e2d\u6691"}, {"userName": "\u6545\u68a6\u5e74\u83ef", "userReviewDate": "2017-08-26", "userURL": "https://my.qidian.com/user/301607668", "userReview": "\u9738\u6c14\u4fa7\u6f0f\u3001\u6696\u5165\u5fc3\u5934\uff0c\u6c34\u5206\u5b50\u8111\u6d1e\u5b8c\u7f8e\u7ec8\u7ae0\u8ba1\u5212\uff1a\u51c6\u5907\u65b9\u9762:\u5728\u5230\u8fbe\u5927\u4f0a\u4e07\u7684\u5730\u76d8\u540e\u3002\u8865\u5145\u597d\u6700\u5145\u8db3\u7684"}, {"userName": "\u5176\u5b9e\u5f88\u5e73\u5e38", "userReviewDate": "2017-06-18", "userURL": "https://my.qidian.com/user/222131383", "userReview": "\u6574\u7406\u4e86\u4e00\u4e0b\u6492\u65e6\u7684\u4eba\u5458\uff0c\u6309\u52a0\u5165\u6492\u65e6\u987a\u5e8f\u6392\u5217:\u9ad8\u626c(\u516c\u7f8a)\uff0c\u5d14\u52c3(\u5154\u5b50)\uff0c\u683c\u7f57\u5ed6\u592b(\u5927\u72d7)\uff0c\u674e"}, {"userName": "Annazhou", "userReviewDate": "4\u5c0f\u65f6\u524d", "userURL": "https://my.qidian.com/user/231681441", "userReview": "\u7b49\u7740\u628a\u95f4\u8c0d\u517b\u80a5\u7684\u7a7a\u9699\uff0c\u987a\u4fbf\u628a\u4f63\u5175\u7684\u6218\u4e89\u518d\u770b\u4e00\u904d\u3002\u4f9d\u7136\u90a3\u4e48\u7684\u6709\u5438\u5f15\u529b\uff5e"}, {"userName": "zhym", "userReviewDate": "6\u5c0f\u65f6\u524d", "userURL": "https://my.qidian.com/user/1170766", "userReview": "\u81f4\u94c1\u8840\u65d7\u961f\u957f\uff1a\u5982\u679c\u6211\u8fde\u7eed\u4e94\u5929\u6ca1\u7b7e\u5230\uff0c\u90a3\u5c31\u8868\u793a\u6211\u5df2\u7ecf\u5927\u9650\u5df2\u5230\uff0c\u8bf7\u5e2e\u6211\u7ee7\u7eed\u7b7e\u5230\uff0c\u56e0\u4e3a\u6211\u60f3\u7ee7\u7eed\u4e0b"}, {"userName": "\u4e91\u4e2d\u770b\u6708xy", "userReviewDate": "20\u5c0f\u65f6\u524d", "userURL": "https://my.qidian.com/user/217921883", "userReview": "\u7b7e\u5230\u6c34\u7ecf\u9a8c"}, {"userName": "\u96e8\u58a8\u5c71\u6cb3\u5954\u96ea\u9047", "userReviewDate": "2018-06-07", "userURL": "https://my.qidian.com/user/216576483", "userReview": "\u4e03\u767e\u591a\u4e07\u5199\u4e86\u591a\u4e45\u554a"}, {"userName": "\u8ff7\u5931\u5728\u5730\u7403\u7684\u5916\u661f\u7efc\u5408\u8230", "userReviewDate": "2018-06-06", "userURL": "https://my.qidian.com/user/302095099", "userReview": "\ud83d\udc60\ud83d\udc60\ud83d\udc60\ud83d\udc60\ud83d\udc60\ud83d\udc60\ud83d\udc60"}, {"userName": "\u4e91\u4e2d\u770b\u6708xy", "userReviewDate": "2018-06-06", "userURL": "https://my.qidian.com/user/217921883", "userReview": "\u7b7e\u5230\u6c34\u7ecf\u9a8c"}, {"userName": "\u731c\u731c\u6211\u7684\u540d\u5b57\u4e3a\u4ec0\u4e48\u8fd9\u4e48\u957f", "userReviewDate": "2018-06-06", "userURL": "https://my.qidian.com/user/225460450", "userReview": "\u53ea\u662f\u60f3\u95ee\u4e00\u4e0b\uff0c\u73b0\u5728\u8fd8\u6709\u8c01\u77e5\u9053\u72fc\u7fa4\u3002"}, {"userName": "\u94c1\u8840\u65d7\u961f\u957f", "userReviewDate": "2018-06-04", "userURL": "https://my.qidian.com/user/227590", "userReview": "\u300a\u4f63\u5175\u7684\u6218\u4e89\u300b\u4e66\u8bc4\u533a\u7edf\u4e00\u7b7e\u5230\u697c\u81ea\u672c\u5e16\u53d1\u8868\u8d77\uff0c\u300a\u4f63\u5175\u7684\u6218\u4e89\u300b\u4e66\u53cb\u8bf7\u7edf\u4e00\u5728\u6b64\u53c2\u4e0e\u7b7e\u5230\u3002\u8fd1\u6765\u6536\u5230"}, {"userName": "\u4e91\u4e2d\u770b\u6708xy", "userReviewDate": "2018-06-04", "userURL": "https://my.qidian.com/user/217921883", "userReview": "\u7b7e\u5230\u6c34\u7ecf\u9a8c"}, {"userName": "qhsqhs", "userReviewDate": "2018-06-03", "userURL": "https://my.qidian.com/user/212641333", "userReview": ".....\u7b7e\u5230"}], "description": "\u8d77\u70b9\u519b\u4e8b\u6700\u706b\u7206\u4f5c\u54c1\uff0c\u5e26\u4f60\u8d70\u8fdb\u4f63\u5175\u7684\u4e16\u754c\uff01", "title": "\u4f63\u5175\u7684\u6218\u4e89", "url": "https://book.qidian.com/info/3056070", "average": -1.0, "cover": "//qidian.qpic.cn/qdbimg/349573/3056070/180", "reviews": -1, "authors": [{"url": "https://me.qidian.com/authorIndex.aspx?id=3688308", "name": "\u5982\u6c34\u610f"}], "type": ["\u519b\u4e8b", "\u6218\u4e89\u5e7b\u60f3"], "outlinks": ["https://book.qidian.com/info/3056070", "https://book.qidian.com/info/1010539872", "https://book.qidian.com/info/1010539872", "https://book.qidian.com/info/1010176376", "https://book.qidian.com/info/1010176376", "https://book.qidian.com/info/1010566274", "https://book.qidian.com/info/1010566274", "https://book.qidian.com/info/1010848665", "https://book.qidian.com/info/1010848665", "https://book.qidian.com/info/1010193588", "https://book.qidian.com/info/1010193588", "https://book.qidian.com/info/1010961787", "https://book.qidian.com/info/1010961787", "https://book.qidian.com/info/1010539872", "https://book.qidian.com/info/1010539872", "https://book.qidian.com/info/1011773651", "https://book.qidian.com/info/1011792881", "https://book.qidian.com/info/1011766727", "https://book.qidian.com/info/1011816033", "https://book.qidian.com/info/1011910483", "https://book.qidian.com/info/1011695819", "https://book.qidian.com/info/1011962771", "https://book.qidian.com/info/1011786182", "https://book.qidian.com/info/1011837374", "https://book.qidian.com/info/1011724908"]}