{"ratings": 0.0, "userreviews": [{"userName": "\u6211\u7231\u7f8a\u7f8a", "userReviewDate": "2018-06-06", "userURL": "https://my.qidian.com/user/1729935", "userReview": "\u7ee7\u7eed\u52a0\u6cb9\u5427\uff01"}, {"userName": "\u6211\u7231\u7f8a\u7f8a", "userReviewDate": "2018-06-05", "userURL": "https://my.qidian.com/user/1729935", "userReview": "\u7ee7\u7eed\u52a0\u6cb9\u5427\uff01"}, {"userName": "\u5415\u5929\u867e13037", "userReviewDate": "2018-06-05", "userURL": "https://my.qidian.com/user/316071999", "userReview": "\u7b7e\u5230\u7b7e\u5230\u7b7e\u5230\uff01\uff01\uff01"}, {"userName": "\u6211\u7231\u7f8a\u7f8a", "userReviewDate": "2018-06-01", "userURL": "https://my.qidian.com/user/1729935", "userReview": "\u7ee7\u7eed\u52a0\u6cb9\u5427\uff01"}, {"userName": "\u6211\u7231\u7f8a\u7f8a", "userReviewDate": "2018-05-31", "userURL": "https://my.qidian.com/user/1729935", "userReview": "\u7ee7\u7eed\u52a0\u6cb9\u5427\uff01"}, {"userName": "\u620e\u620a\u620c\u620d", "userReviewDate": "2018-05-31", "userURL": "https://my.qidian.com/user/101649248", "userReview": "\u78e8\u78e8\u5527\u5527\u7684\u4f5c\u8005"}, {"userName": "\u9648\u4f51\u9706", "userReviewDate": "2018-05-30", "userURL": "https://my.qidian.com/user/229413358", "userReview": "\u6700\u65b0\u8fd9\u7ae0\u770b\u7684\u90fd\u60f3\u6740\u4eba"}, {"userName": "\u6211\u7231\u7f8a\u7f8a", "userReviewDate": "2018-05-29", "userURL": "https://my.qidian.com/user/1729935", "userReview": "\u7ee7\u7eed\u52a0\u6cb9\u5427\uff01"}, {"userName": "\u6211\u7231\u7f8a\u7f8a", "userReviewDate": "2018-05-28", "userURL": "https://my.qidian.com/user/1729935", "userReview": "\u7ee7\u7eed\u52a0\u6cb9\u5427\uff01"}, {"userName": "\u6211\u7231\u7f8a\u7f8a", "userReviewDate": "2018-05-27", "userURL": "https://my.qidian.com/user/1729935", "userReview": "\u7ee7\u7eed\u52a0\u6cb9\u5427\uff01"}, {"userName": "\u4e66\u6b32\u4e0e\u5929\u5730\u8bd5\u95ee", "userReviewDate": "2018-05-26", "userURL": "https://my.qidian.com/user/186624938", "userReview": "\u5199\u5f97\u4e0d\u9519\uff0c\u5feb\u66f4\u65b0\u2026\u2026\u770b\u4e86\u534a\u5929\u4e0d\u5230\u5c31\u6ca1\u4e86"}, {"userName": "yuyueyu", "userReviewDate": "2018-05-25", "userURL": "https://my.qidian.com/user/122756165", "userReview": "\u8fd9\u4e0d\u662f\u4e09\u82e6\u4e4b\u4e00\u7684\u6297\u8054\uff0c\u800c\u662f\u62db\u5f85\u4e61\u4e0b\u7a77\u4eb2\u621a\u3002"}, {"userName": "\u53cc\u7ba1\u9730\u5f39\u67aa", "userReviewDate": "2018-05-25", "userURL": "https://my.qidian.com/user/314076183", "userReview": "\u4f5c\u8005\u5927\u5927\u4fdd\u8bc1\u66f4\u65b0\u7684\u65f6\u5019\u4e5f\u522b\u5fd8\u4e86\u4f11\u606f"}, {"userName": "\u6211\u7231\u7f8a\u7f8a", "userReviewDate": "2018-05-25", "userURL": "https://my.qidian.com/user/1729935", "userReview": "\u7ee7\u7eed\u52a0\u6cb9\u5427\uff01"}], "description": "\u3010\u519b\u4e8b\u5f81\u6587\u7b2c\u4e00\u5b63\u00b7\u8840\u67d3\u7ea2\u65d7\u6218\u4e0d\u4f11\u3011\u53c2\u8d5b\u4f5c\u54c1", "title": "\u4f7f\u547d1941", "url": "https://book.qidian.com/info/1011816033", "average": -1.0, "cover": "//qidian.qpic.cn/qdbimg/349573/1011816033/180", "reviews": -1, "authors": [{"url": "https://me.qidian.com/authorIndex.aspx?id=402284113", "name": "\u94c1\u8d28\u52cb\u7ae0"}], "type": ["\u519b\u4e8b", "\u6297\u6218\u70fd\u706b"], "outlinks": ["https://book.qidian.com/info/1011816033", "https://book.qidian.com/info/1011198650", "https://book.qidian.com/info/1011198650", "https://book.qidian.com/info/1005042490", "https://book.qidian.com/info/1005042490", "https://book.qidian.com/info/1005267217", "https://book.qidian.com/info/1005267217", "https://book.qidian.com/info/1009490702", "https://book.qidian.com/info/1009490702", "https://book.qidian.com/info/1011837374", "https://book.qidian.com/info/1011837374", "https://book.qidian.com/info/1006576036", "https://book.qidian.com/info/1006576036", "https://book.qidian.com/info/1011773651", "https://book.qidian.com/info/1011792881", "https://book.qidian.com/info/1011766727", "https://book.qidian.com/info/1011816033", "https://book.qidian.com/info/1011910483", "https://book.qidian.com/info/1011695819", "https://book.qidian.com/info/1011962771", "https://book.qidian.com/info/1011786182", "https://book.qidian.com/info/1011837374", "https://book.qidian.com/info/1011724908"]}