{"ratings": 0.0, "userreviews": [], "description": "\u661f\u6d77\u6f2b\u6e38\uff0c\u65f6\u7a7a\u7a7f\u68ad\uff0c\u673a\u68b0\u79d1\u6280\uff0c\u76ee\u6807\u662f\u672a\u77e5\u7684\u661f\u8fb0\u5927\u6d77\uff01", "title": "\u4f7f\u5f92\u7684\u6218\u4e89", "url": "https://book.qidian.com/info/1011788428", "average": -1.0, "cover": "//qidian.qpic.cn/qdbimg/349573/1011788428/180", "reviews": -1, "authors": [{"url": "https://me.qidian.com/authorIndex.aspx?id=402076530", "name": "\u666f\u58f9"}], "type": ["\u79d1\u5e7b", "\u672b\u4e16\u5371\u673a"], "outlinks": ["https://book.qidian.com/info/1011788428", "https://book.qidian.com/info/501", "https://book.qidian.com/info/501", "https://book.qidian.com/info/1048", "https://book.qidian.com/info/1048", "https://book.qidian.com/info/25455", "https://book.qidian.com/info/25455", "https://book.qidian.com/info/54111", "https://book.qidian.com/info/54111", "https://book.qidian.com/info/56763", "https://book.qidian.com/info/56763", "https://book.qidian.com/info/68983", "https://book.qidian.com/info/68983", "https://book.qidian.com/info/1011905148", "https://book.qidian.com/info/1011905148", "https://book.qidian.com/info/1011814764", "https://book.qidian.com/info/1011636462", "https://book.qidian.com/info/1012011143", "https://book.qidian.com/info/1011989615", "https://book.qidian.com/info/1011979302", "https://book.qidian.com/info/1011962232", "https://book.qidian.com/info/1012020634", "https://book.qidian.com/info/1011923738", "https://book.qidian.com/info/1012020834", "https://book.qidian.com/info/1011973977"]}