{"ratings": 0.0, "userreviews": [{"userName": "\u70df\u96e8\u56fd\u5ea6", "userReviewDate": "2018-04-12", "userURL": "https://my.qidian.com/user/6388227", "userReview": "\u8bc4\u661f\u8981\u767b\u5f55PC\u7aef\uff0c\u7136\u540e\u4e66\u540d\u65c1\u8fb9\u6709\u7a7a\u7684\u4e94\u9897\u661f\uff0c\u70b9\u51fb\u4e00\u4e0b\u5c31\u77e5\u9053\u4e86\uff0c\u5ba2\u6237\u7aef\u4e0d\u652f\u6301\u8bc4\u661f\uff0c10\u4eba\u4ee5\u4e0a"}, {"userName": "\u5c0f\u96e8\uff11\uff12", "userReviewDate": "2018-03-27", "userURL": "https://my.qidian.com/user/14692565", "userReview": "\u6211\u4e5f\u6765\u76d6\u697c\uff0c\u54b1\u4eec\u6765\u8ba8\u8bba\u8ba8\u8bba\u7ae0\u8282\uff0c\u8bf4\u8bf4\u88ab\u8650\u7684\u5973\u4e3b\uff0c\u4f60\u4eec\u671f\u5f85\u5979\u662f\u4ec0\u4e48\u6837\u5b50\uff01\u671f\u5f85\u4f5c\u8005\u8fbe\u5230\u65b0\u7684\u9ad8\u5ea6"}, {"userName": "minorshunv0", "userReviewDate": "6\u5c0f\u65f6\u524d", "userURL": "https://my.qidian.com/user/187701045", "userReview": "\u4f5c\u8005\u5389\u5bb3\u4e86\uff01\u6613\u8fd9\u662f\u4e5f\u6709\u90a3\u4e00\u4e16\u8bb0\u5fc6 \u800c\u4e14\u628a\u5c0f\u679d\u5f53\u7cbe\u795e\u5411\u5bfc\uff1f\u8fd9\u53d1\u5c55 66"}, {"userName": "minorshunv0", "userReviewDate": "6\u5c0f\u65f6\u524d", "userURL": "https://my.qidian.com/user/187701045", "userReview": "\u770b\u6765\u5927\u5bb6\u8ddf\u6211\u4e00\u6837 \u90fd\u662f\u5634\u4e0a\u8bf4\u8bf4\u559c\u6b22\u662d\u534e\u5462[fn=10]"}, {"userName": "minorshunv0", "userReviewDate": "13\u5c0f\u65f6\u524d", "userURL": "https://my.qidian.com/user/187701045", "userReview": "\u5c0f\u679d\u7684\u5206\u8eab\u4e5f\u96be\u9003\u672c\u4f53\u7684\u547d\u554a \u540c\u60c5\u6211\u4eec\u5b50\u89c4\uff01\uff01"}, {"userName": "minorshunv0", "userReviewDate": "13\u5c0f\u65f6\u524d", "userURL": "https://my.qidian.com/user/187701045", "userReview": "\u6ca1\u60f3\u5230\u4f60\u662f\u8fd9\u6837\u7684\u9646\u957f\u5149[fn=11]\u592a\u6b8b\u5fcd\u5566\uff01\u5c0f\u679d\u5df2\u7ecf\u65e0\u4ea7\u4e86 \u8fd8\u5077\u5077\u542c\u5979\u7684\u5996\u517d\u5c38\u9aa8\u70bc\u4e39"}, {"userName": "\u963f\u8fdcmin", "userReviewDate": "14\u5c0f\u65f6\u524d", "userURL": "https://my.qidian.com/user/187633245", "userReview": "\u6700\u540e\u4e00\u5f20\u662f\u5565\uff1f[fn=11]"}, {"userName": "\u82b1\u72f8\u4e0e\u963f\u6c6a", "userReviewDate": "14\u5c0f\u65f6\u524d", "userURL": "https://my.qidian.com/user/311073999", "userReview": "\u4e00\u4e2a\u662f\u6735\u4e91\uff0c\u4e00\u4e2a\u662f\u6367\u571f\uff0c\u4eca\u4e16\u5dee\u8ddd\u592a\u5927\u9e1f\u3002\u671f\u5f85\u53cd\u8f6c\uff0c\u4f5c\u8005\u5927\u5927\u8bf7\u52a0\u6cb9\uff0c\u6211\u7ed9\u4f60\u6253\u6c14[fn=4]"}, {"userName": "\u5168\u5929\u4e0b\u7b2c\u4e00\u7f8e\u5973", "userReviewDate": "14\u5c0f\u65f6\u524d", "userURL": "https://my.qidian.com/user/317255647", "userReview": "\u66ff\u6362\u6389\u7684\u7b97\u4eca\u5929\u7684\u5417\ud83c\udf1d"}, {"userName": "\u70df\u96e8\u56fd\u5ea6", "userReviewDate": "15\u5c0f\u65f6\u524d", "userURL": "https://my.qidian.com/user/6388227", "userReview": "\u5567\uff0c\u8d8a\u6765\u8d8a\u7cbe\u5f69\u4e86\u5462\uff01[fn=1]"}, {"userName": "\u9b54\u6cd5\u5c11\u5973\u5ff5\u5ff5", "userReviewDate": "24\u5c0f\u65f6\u524d", "userURL": "https://my.qidian.com/user/149381246", "userReview": "\u8d8a\u770b\u8d8a\u559c\u6b22\u62c2\u6708\u4e86\uff0c\u53f6\u516c\u597d\u9f99\u7684\u90a3\u79cd\u3002\u524d\u671f\u6e29\u6da6\u5982\u7389\u7684\u75c5\u5f31\u516c\u5b50\u5c31\u7b97\u6211\u4e00\u76f4\u5f88\u559c\u6b22\u7684\u6b3e\uff0c\u540e\u671f\u795e\u7ecf\u75c5\u610f"}, {"userName": "Tincanhuman", "userReviewDate": "\u6628\u65e508:40", "userURL": "https://my.qidian.com/user/172171208", "userReview": "\u539f\u6765\u662f\u6389\u5165\u65e0\u9650\u6700\u540e\u4e00\u5c40\u7684\u9677\u9631\u4e86..."}, {"userName": "\u7f00\u665a\u70df", "userReviewDate": "\u6628\u65e508:39", "userURL": "https://my.qidian.com/user/209799327", "userReview": "\u770b\u4e86\u4eba\u7269\u4ecb\u7ecd\uff0c\u53ef\u4ee5\u5929\u5929\u6765\u7ed9\u5fd8\u5ddd\u5c0f\u53ef\u7231\u6253call\u4e86\u3002\u8bf4\u8d77\u6765\u662d\u534e\u7684\u540d\u5b57\u6ca1\u6709\u5c01\u53f7\u5927\u6c14\u96be\u602a\u5c0f\u50b2\u5a07\u4e0d"}, {"userName": "shenel", "userReviewDate": "\u6628\u65e508:38", "userURL": "https://my.qidian.com/user/147030407", "userReview": "\u7537\u914d\u80fd\u4e0d\u80fd\u589e\u52a0\u4e00\u4e2a\u8346\u591c\uff1f\u6bd5\u7adf\u4ed6\u4e5f\u5f88\u559c\u6b22\u5c0f\u679d\u554a\uff5e\u4f53\u8d34\u53c8\u5bb3\u7f9e\u7684\u90a3\u79cd\u76f4\u7537\u5927\u54e5\u54e5"}], "description": "\u4ed9\u8def\u7f25\u7f08\uff0c\u6e05\u6b4c\u8e0f\u6708\u4e0a\u4e5d\u5929\uff1b\u4e91\u5c71\u4e07\u52ab\uff0c\u4e00\u5251\u5929\u5149\u95ee\u60c5\u7f18\u3002", "title": "\u4f8d\u5251\u4eba", "url": "https://book.qidian.com/info/1011136604", "average": -1.0, "cover": "//qidian.qpic.cn/qdbimg/349573/1011136604/180", "reviews": -1, "authors": [{"url": "https://me.qidian.com/authorIndex.aspx?id=401672976", "name": "\u9152\u5bf9\u82b1"}], "type": ["\u4ed9\u4fa0\u5947\u7f18", "\u53e4\u5178\u4ed9\u4fa0"], "outlinks": ["https:https://book.qidian.com/info/1011421405?qd_game_key=1011421405&qd_dd_p1=11272", "https://book.qidian.com/info/1011136604", "https://book.qidian.com/info/1010996014", "https://book.qidian.com/info/1010996014", "https://book.qidian.com/info/1005429189", "https://book.qidian.com/info/1005429189", "https://book.qidian.com/info/1009481052", "https://book.qidian.com/info/1009481052", "https://book.qidian.com/info/1009505639", "https://book.qidian.com/info/1009505639", "https://book.qidian.com/info/1010749492", "https://book.qidian.com/info/1010749492", "https://book.qidian.com/info/1009317446", "https://book.qidian.com/info/1009317446", "https://book.qidian.com/info/1011871222", "https://book.qidian.com/info/1011879261", "https://book.qidian.com/info/1011607526", "https://book.qidian.com/info/1010505110", "https://book.qidian.com/info/1010285798", "https://book.qidian.com/info/1011976900", "https://book.qidian.com/info/1010905500", "https://book.qidian.com/info/1010257077", "https://book.qidian.com/info/1003815703", "https://book.qidian.com/info/1011427728"]}