{"ratings": 0.0, "userreviews": [], "description": "\u501f\u4e09\u5c3a\u660e\u6708\uff0c\u8854\u4e24\u8896\u9752\u9f99\uff0c\u8f7b\u5251\u5feb\u9a6c\u6063\u610f\uff0c\u643a\u4fa3\u6c5f\u6e56\u540c\u6e38\uff01", "title": "\u4fa0\u5b57\u8bc0", "url": "https://book.qidian.com/info/1012243255", "average": -1.0, "cover": "//qidian.qpic.cn/qdbimg/349573/1012243255/180", "reviews": -1, "authors": [{"url": "https://me.qidian.com/authorIndex.aspx?id=402455107", "name": "\u5929\u4e4b\u989c"}], "type": ["\u6b66\u4fa0", "\u4f20\u7edf\u6b66\u4fa0"], "outlinks": ["https://book.qidian.com/info/1012243255", "https://book.qidian.com/info/8334", "https://book.qidian.com/info/8334", "https://book.qidian.com/info/13495", "https://book.qidian.com/info/13495", "https://book.qidian.com/info/14181", "https://book.qidian.com/info/14181", "https://book.qidian.com/info/20117", "https://book.qidian.com/info/20117", "https://book.qidian.com/info/22154", "https://book.qidian.com/info/22154", "https://book.qidian.com/info/41230", "https://book.qidian.com/info/41230", "https://book.qidian.com/info/1011815974", "https://book.qidian.com/info/1011216976", "https://book.qidian.com/info/1012036528", "https://book.qidian.com/info/1011985057", "https://book.qidian.com/info/1011631528", "https://book.qidian.com/info/1011928444", "https://book.qidian.com/info/1011771234", "https://book.qidian.com/info/1011973127", "https://book.qidian.com/info/1005784137", "https://book.qidian.com/info/1011916945"]}