{"ratings": 0.0, "userreviews": [{"userName": "\u72d9\u51fb\u624b\u72c4\u70c8", "userReviewDate": "2018-02-20", "userURL": "https://my.qidian.com/user/224773682", "userReview": "\u606d\u8d3a\u4fa0\u6b66\u5927\u5b8b\u4e0a\u67b6\uff0c\u611f\u8c22\u5b87\u5b99\u5927\u5927\u5949\u732e\u7ed9\u6211\u4eec\u4fa0\u6b66\u7cbe\u795e\uff0c\u7075\u9b42\u98df\u7cae\u3002"}, {"userName": "\u4e0d\u59d3\u79e6", "userReviewDate": "2017-12-30", "userURL": "https://my.qidian.com/user/188319126", "userReview": "\u4e00\u76f4\u5728\u770b\u5b87\u5b99\u5927\u53d4\u5199\u7684\uff0c\u4ece\u76ee\u524d\u6765\u770b\uff0c\u300a\u4fa0\u6b66\u5927\u5b8b\u300b\u5df2\u7ecf\u6709\u4e86\u5386\u53f2\u6587\u5927\u683c\u5c40\u7684\u6c14\u8c61\uff0c\u53ef\u4ee5\u9884\u89c1\u672a\u6765\u6ce2\u6f9c"}, {"userName": "\u4e0d\u5403\u836f\u4e5f\u840c", "userReviewDate": "2\u5c0f\u65f6\u524d", "userURL": "https://my.qidian.com/user/226117702", "userReview": "\u770b\u4f3c\u7a33\u4e2d\u5e26\u76ae\uff0c\u5b9e\u662f\u9a9a\u4e2d\u5e26\u6025"}, {"userName": "\u6715\u5728\u8f93\u5165", "userReviewDate": "3\u5c0f\u65f6\u524d", "userURL": "https://my.qidian.com/user/202626103", "userReview": "\u8fc7\u591a\u7684\u63cf\u5199\u6c34\u6d52\u4f20\u4e86\uff0c\u800c\u63cf\u5199\u91d1\u5eb8\u5c0f\u8bf4\u7684\u592a\u5c11\u4e86\uff0c\u6211\u89c9\u5f97\u66f4\u591a\u7684\u4eba\u770b\u8fd9\u672c\u4e66\u90fd\u662f\u51b2\u7740\u91d1\u5eb8\u5c0f\u8bf4\u6765\u7684\u5427\uff1f"}, {"userName": "\u5f02\u80fd\u4fa0", "userReviewDate": "\u6628\u65e504:04", "userURL": "https://my.qidian.com/user/111264026", "userReview": "\u6c34\u7ecf\u9a8c\u8def\u8fc7\uff0c\u6b66\u4fa0\u4e0d\u597d\u5199\uff0c\u52a0\u6cb9\uff0c\u4fa0\u58eb\u3002"}, {"userName": "\u5415\u5929\u867e11615", "userReviewDate": "2018-06-07", "userURL": "https://my.qidian.com/user/314894228", "userReview": "\u518d\u6c34\u7ecf\u9a8c\u6c34\u7ecf\u9a8c"}, {"userName": "\u6715\u5728\u8f93\u5165", "userReviewDate": "2018-06-06", "userURL": "https://my.qidian.com/user/202626103", "userReview": "\u522b\u7684\u4e66\u5199\u91d1\u5eb8\u5c0f\u8bf4\u4e3a\u4ec0\u4e48\u5c31\u6ca1\u4e8b\uff1f\u8d77\u70b9\u5f88\u591a\u8fd9\u6837\u7684\u4e66\u554a"}, {"userName": "\u4e66\u53cb20171028091233378", "userReviewDate": "2018-06-04", "userURL": "https://my.qidian.com/user/310024605", "userReview": "\u5206\u5f97\u6e05\u4e3b\u6b21\u5728\u5199\u5c0f\u8bf4\u5427\uff0c\u4e00\u8c03\u8c03\u7406\u90fd\u6ca1\u6709\u554a"}, {"userName": "a14907", "userReviewDate": "2018-06-03", "userURL": "https://my.qidian.com/user/202958730", "userReview": "\u5c0f\u5b66\u751f\u6587\u7b14\u529d\u9000"}, {"userName": "\u4e66\u751f\u6210\u795e", "userReviewDate": "2018-06-02", "userURL": "https://my.qidian.com/user/301244949", "userReview": "\u5199\u7684\u771f\u5783\u573e"}, {"userName": "LuffyDLang", "userReviewDate": "2018-05-31", "userURL": "https://my.qidian.com/user/216514678", "userReview": "\u597d\u5947\u60f3\u770b\u770b\u6709\u591a\u5c11\u662f\u6536\u7ea2\u5305\u8fdb\u6765\u7684\uff0c\u90fd\u5728\u8fd9\u91cc\u7b7e\u4e2a\u5230\u5427"}, {"userName": "\u4e1c\u5929\u72e9", "userReviewDate": "2018-05-29", "userURL": "https://my.qidian.com/user/312220849", "userReview": "\u8fd8\u662f\u60f3\u8bf4\u4e00\u53e5\u8fd9\u662f\u4ec0\u4e48\u73a9\u610f\uff0c\u5929\u5929\u8bf4\u7ec3\u6b66\u7ec3\u6b66\uff0c\u4f46\u5c31\u4e0d\u7ec3\uff0c\u5c31\u4e0d\u80fd\u628a\u6b66\u7ec3\u597d\u5728\u51fa\u6765\u4e48\uff0c\u4f60\u7ec3\u4e00\u5929\u6bd4\u4ed6\u4eec"}, {"userName": "\u5584\u826f\u7684\u4ec1", "userReviewDate": "2018-05-29", "userURL": "https://my.qidian.com/user/222452551", "userReview": "\u8fd9\u91cc\u7684\u4e3b\u89d2\u4f1a\u9020\u53cd\u5417\uff1f\u4f1a\u81ea\u5df1\u6253\u6c5f\u5c71\u5417\uff1f\u5982\u679c\u4f1a\u7684\u8bdd\u5c31\u6700\u597d\uff0c\u5317\u5b8b\u4eba\u6c11\u5c31\u4e0d\u4f1a\u53d7\u5230\u8feb\u5bb3\uff0c\u77e5\u9053\u4e0d\uff0c\u90a3\u4e3b"}, {"userName": "\u9053\u5f25\u516d\u5408", "userReviewDate": "2018-05-28", "userURL": "https://my.qidian.com/user/225805527", "userReview": "\u540c\u540c\u5f88\u7cbe\u5f69"}], "description": "\u501f\u4e09\u5c3a\u660e\u6708\uff0c\u8854\u4e24\u8896\u9752\u9f99\uff0c\u8f7b\u5251\u5feb\u9a6c\u6063\u610f\uff0c\u643a\u4fa3\u6c5f\u6e56\u540c\u6e38\uff01", "title": "\u4fa0\u6b66\u5927\u5b8b", "url": "https://book.qidian.com/info/1010803033", "average": -1.0, "cover": "//qidian.qpic.cn/qdbimg/349573/1010803033/180", "reviews": -1, "authors": [{"url": "https://me.qidian.com/authorIndex.aspx?id=5339006", "name": "\u5bc2\u5bde\u5b87\u5b99"}], "type": ["\u6b66\u4fa0", "\u6b66\u4fa0\u5e7b\u60f3"], "outlinks": ["https://book.qidian.com/info/1010803033", "https://book.qidian.com/info/1005406190", "https://book.qidian.com/info/1005406190", "https://book.qidian.com/info/1009603735", "https://book.qidian.com/info/1009603735", "https://book.qidian.com/info/1006441087", "https://book.qidian.com/info/1006441087", "https://book.qidian.com/info/1009725616", "https://book.qidian.com/info/1009725616", "https://book.qidian.com/info/1009681601", "https://book.qidian.com/info/1009681601", "https://book.qidian.com/info/1009235498", "https://book.qidian.com/info/1009235498", "https://book.qidian.com/info/1006670901", "https://book.qidian.com/info/1006670901", "https://book.qidian.com/info/1011815974", "https://book.qidian.com/info/1011216976", "https://book.qidian.com/info/1012036528", "https://book.qidian.com/info/1011985057", "https://book.qidian.com/info/1011631528", "https://book.qidian.com/info/1011928444", "https://book.qidian.com/info/1011771234", "https://book.qidian.com/info/1011973127", "https://book.qidian.com/info/1005784137", "https://book.qidian.com/info/1011916945"]}