{"ratings": 0.0, "userreviews": [{"userName": "\u60c5\u6df1\u70ba\u8ab0", "userReviewDate": "2018-06-06", "userURL": "https://my.qidian.com/user/1962842", "userReview": "\u597d\u8bc4\uff0c\u6b66\u4fa0\u5f53\u4e2d\uff0c\u96be\u5f97\u4e00\u89c1\u7684\u597d\u4e66\uff0c\u503c\u5f97\u79f0\u8d5e\uff0c\u795d\u8d8a\u6765\u8d8a\u706b\uff0c\u8ba9\u66f4\u591a\u7684\u4eba\uff0c\u63a5\u89e6\u5230\u8fd9\u672c\u4e66\u3002"}, {"userName": "\u4e66\u53cb20180106190657681", "userReviewDate": "2018-05-17", "userURL": "https://my.qidian.com/user/312431336", "userReview": "\u7528\u667a\uff0c\u6bd4\u7528\u529b\uff0c\u66f4\u5438\u5f15\u4eba\uff01\u534e\u67ab\u5c55\u793a\u529b\u7684\u65f6\u5019\u5c11\uff0c\u5c55\u793a\u667a\u7684\u65f6\u5019\u591a\uff01\u5267\u60c5\u8bbe\u8ba1\u6728\u6709\u4e1d\u6beb\u95ee\u9898\u3002\u5c31\u662f\u4e0d\u591f"}, {"userName": "\u6b66\u9053\u8702\u871c", "userReviewDate": "2018-05-11", "userURL": "https://my.qidian.com/user/307964350", "userReview": "\u9605\u8bfb\u58f0\u660e:\u672c\u4e66\u6b63\u5b97\u65e0\u654c\u6d41\uff01\u65e0\u7cfb\u7edf\u3001\u65e0\u91cd\u751f\u3001\u65e0\u7a7f\u8d8a\uff01\u4e3b\u89d2\u56e0\u5929\u8d4b\u3001\u523b\u82e6\u3001\u5947\u9047\uff0c\u8fbe\u8d85\u51e1\u5165\u865a\u4e4b\u5883\uff0c"}, {"userName": "\u7a7a\u7559\u5c18\u7f18\u53f9", "userReviewDate": "2018-04-17", "userURL": "https://my.qidian.com/user/302316757", "userReview": "\u6240\u4ee5 \u5c45\u7136\u662f\u4e00\u8840[fn=4] \u6587\u7b14\u4e0d\u9519 \u52a0\u6cb9"}, {"userName": "\u6d41\u6c13\u661f\u541b", "userReviewDate": "2\u5c0f\u65f6\u524d", "userURL": "https://my.qidian.com/user/301375607", "userReview": "\u6708\u7968\u7ed9\u4e0d\u8d77\uff0c\u8ba2\u9605\u8fd8\u662f\u53ef\u4ee5\u7684"}, {"userName": "\u6d2a\u4e09\u5143", "userReviewDate": "15\u5c0f\u65f6\u524d", "userURL": "https://my.qidian.com/user/202612963", "userReview": "\u795d\u798f\u795e\u4f5c\u5927\u7206\u53d1"}, {"userName": "\u7231\u7403e", "userReviewDate": "\u6628\u65e513:10", "userURL": "https://my.qidian.com/user/313179254", "userReview": "\u5927\u6c49\u6765\u5566\u3002"}, {"userName": "\u4e66\u53cb20180106190657681", "userReviewDate": "\u6628\u65e512:10", "userURL": "https://my.qidian.com/user/312431336", "userReview": "\u9ad8\u8003\u4eba\u751f\uff0c\u534e\u67ab\u4e5f\u5904\u4e8e\u4eba\u751f\u9ad8\u8003\u4e2d"}, {"userName": "\u6211\u7231\u7f8a\u7f8a", "userReviewDate": "\u6628\u65e510:25", "userURL": "https://my.qidian.com/user/1729935", "userReview": "\u518d\u63a5\u518d\u5389\u5427\uff01"}, {"userName": "\u4e66\u53cb20180106190657681", "userReviewDate": "\u6628\u65e508:59", "userURL": "https://my.qidian.com/user/312431336", "userReview": "\u4eca\u5929\u9ad8\u8003\uff0c\u5e0c\u671b\u5404\u4f4d\u8003\u751f\u4e5f\u7686\u5927\u6b22\u559c\uff01[fn=4][fn=4][fn=4]"}, {"userName": "\u6d2a\u4e09\u5143", "userReviewDate": "2018-06-07", "userURL": "https://my.qidian.com/user/202612963", "userReview": "\u795d\u798f\u795e\u4f5c\u5927\u7206\u53d1"}, {"userName": "\u6211\u7231\u7f8a\u7f8a", "userReviewDate": "2018-06-07", "userURL": "https://my.qidian.com/user/1729935", "userReview": "\u7ee7\u7eed\u52a0\u6cb9\u5427\uff01"}, {"userName": "\u65e0\u6b7b\u89d2\u6696\u4f60", "userReviewDate": "2018-06-07", "userURL": "https://my.qidian.com/user/190448957", "userReview": "\u8fc7\u4e24\u5929\u5c31\u770b"}, {"userName": "\u6d2a\u4e09\u5143", "userReviewDate": "2018-06-06", "userURL": "https://my.qidian.com/user/202612963", "userReview": "\u795d\u798f\u795e\u4f5c\u5927\u7206\u53d1"}], "description": "\u501f\u4e09\u5c3a\u660e\u6708\uff0c\u8854\u4e24\u8896\u9752\u9f99\uff0c\u8f7b\u5251\u5feb\u9a6c\u6063\u610f\uff0c\u643a\u4fa3\u6c5f\u6e56\u540c\u6e38\uff01", "title": "\u4fa0\u6b66\u65e0\u654c", "url": "https://book.qidian.com/info/1011082185", "average": -1.0, "cover": "//qidian.qpic.cn/qdbimg/349573/1011082185/180", "reviews": -1, "authors": [{"url": "https://me.qidian.com/authorIndex.aspx?id=400929351", "name": "\u6e05\u98ce\u6de1\u83ca"}], "type": ["\u6b66\u4fa0", "\u4f20\u7edf\u6b66\u4fa0"], "outlinks": ["https://book.qidian.com/info/1011082185", "https://book.qidian.com/info/1010956407", "https://book.qidian.com/info/1010956407", "https://book.qidian.com/info/8334", "https://book.qidian.com/info/8334", "https://book.qidian.com/info/13495", "https://book.qidian.com/info/13495", "https://book.qidian.com/info/14181", "https://book.qidian.com/info/14181", "https://book.qidian.com/info/20117", "https://book.qidian.com/info/20117", "https://book.qidian.com/info/22154", "https://book.qidian.com/info/22154", "https://book.qidian.com/info/1011815974", "https://book.qidian.com/info/1011216976", "https://book.qidian.com/info/1012036528", "https://book.qidian.com/info/1011985057", "https://book.qidian.com/info/1011631528", "https://book.qidian.com/info/1011928444", "https://book.qidian.com/info/1011771234", "https://book.qidian.com/info/1011973127", "https://book.qidian.com/info/1005784137", "https://book.qidian.com/info/1011916945"]}