{"ratings": 0.0, "userreviews": [{"userName": "\u5ff5\u5915\u7a7a", "userReviewDate": "2018-05-17", "userURL": "https://my.qidian.com/user/115035685", "userReview": "[fn=53]Z\u7cfb\u4e66\u8ff7\u603b\u7fa4[fn=53]\u3010Q\u88d9\u53f7\uff1a403\uff0c065\uff0c2\u3011\u5165\u7fa4\u95ee\u9898\u8bb0\u5f97\u56de\u7b54\u3002"}, {"userName": "\u4fbf\u4fbf\u85cftt", "userReviewDate": "2017-10-23", "userURL": "https://my.qidian.com/user/132039109", "userReview": "\u3010\u201c\u5507\u67aa\u820c\u5251\u201d\u4e13\u7528\u6c34\u697c\u3011\u8fd9\u91cc\u662f\u4e00\u4e9b\u5bf9\u5267\u60c5\u53d1\u5c55\u601d\u8003\u6709\u4e0d\u540c\u7ed3\u8bba\uff0c\u6545\u800c\u9700\u8981\u4ee5\u53e3\u820c\u4e4b\u4e89\u6765\u5207\u2642\u78cb\u7684\u7c89"}, {"userName": "\u6e05\u5ec9\u6b63\u76f4\u5751\u5751\u5b50", "userReviewDate": "2017-08-31", "userURL": "https://my.qidian.com/user/200995359", "userReview": "\u6e05\u5ec9\u6b63\u76f4\u5751\u5751\u5b50\u6253\u8d4fzhttty 100000\u8d77\u70b9\u5e01\u3000\u7b2c\u4e8c\u4e2a23333"}, {"userName": "\u6728\u5934\u602a", "userReviewDate": "2017-08-05", "userURL": "https://my.qidian.com/user/1209476", "userReview": "\u6728\u5934\u602a\u6253\u8d4fzhttty 100000\u8d77\u70b9\u5e01\u3000\u611a\u8822\u7684\u5b57\u6bcd\u554a \u5343\u4e07\u522b\u65ad\u66f4\u54e6x"}, {"userName": "\u4fbf\u4fbf\u85cftt", "userReviewDate": "2\u5c0f\u65f6\u524d", "userURL": "https://my.qidian.com/user/132039109", "userReview": "\u300a\u4fa0\u884c\u5929\u4e0b\u300b\u8fd1\u671f\u66f4\u65b0\u8ba1\u5212V8.0\u2605\u50ac\u66f4\u3001\u8ba2\u9605\u6307\u5357\u3001\u7b7e\u52308\u53f7\u5927\u53a6\u3010\u591a\u529f\u80fd\u6c34\u519b\u4e13\u7528\u8d34\u3011\u2605\u6b22\u8fce\u8ba2"}, {"userName": "\u5c0f\u65f6\u5019\u6ca1\u8bfb\u8fc7\u4e66", "userReviewDate": "2\u5c0f\u65f6\u524d", "userURL": "https://my.qidian.com/user/302748705", "userReview": "\u7b7e\u5230\u3002\u3002\u3002"}, {"userName": "chree", "userReviewDate": "2\u5c0f\u65f6\u524d", "userURL": "https://my.qidian.com/user/5427905", "userReview": "\u7b7e\u5230\u7b7e\u5230\u4e86"}, {"userName": "\u6309\u65f6\u5927\u5927\u5927", "userReviewDate": "3\u5c0f\u65f6\u524d", "userURL": "https://my.qidian.com/user/212816414", "userReview": "\u7b7e\u5230\uff0c\u53e6\u6c42\u8350\u4e66"}, {"userName": "\u955c\u82b1\u6c34\u6708\u7a7a\u7a7a\u65d6\u65ce", "userReviewDate": "3\u5c0f\u65f6\u524d", "userURL": "https://my.qidian.com/user/146598918", "userReview": "\u7b7e\u5230\u2026\u3002\u3002\u3002"}, {"userName": "\u955c\u82b1\u6c34\u6708\u7a7a\u7a7a\u65d6\u65ce", "userReviewDate": "3\u5c0f\u65f6\u524d", "userURL": "https://my.qidian.com/user/146598918", "userReview": "\u7b7e\u5230\uff0c\uff0c\uff0c\uff0c"}, {"userName": "\u7247\u523b\u4f34\u4fa3", "userReviewDate": "4\u5c0f\u65f6\u524d", "userURL": "https://my.qidian.com/user/809462", "userReview": "\u7b7e\u5230\u3002\u3002\u3002"}, {"userName": "\u4eba\u8eab\u96be\u5f97\u4e2d\u56fd\u96be\u751f", "userReviewDate": "5\u5c0f\u65f6\u524d", "userURL": "https://my.qidian.com/user/316042931", "userReview": "\u7b7e\u5230\uff01\uff01\uff01\uff01"}, {"userName": "\u4eba\u8eab\u96be\u5f97\u4e2d\u56fd\u96be\u751f", "userReviewDate": "5\u5c0f\u65f6\u524d", "userURL": "https://my.qidian.com/user/316042931", "userReview": "\u7b7e\u5230\uff01\uff01\uff01\uff01"}, {"userName": "\u695a\u8f69Pious", "userReviewDate": "5\u5c0f\u65f6\u524d", "userURL": "https://my.qidian.com/user/202642145", "userReview": "\u6211\u7684\u697c\u7ec8\u4e8e\u88ab\u5220\u4e86\uff0c\u554a\u54c8\u54c8\uff0c\u6211\u80e1\u6c49\u695a\u53c8\u56de\u6765\u4e86\uff0c\u8001\u5f20\uff0c\u53d7\u6b7b\u5427\u3002"}], "description": "zhttty\u6b66\u4fa0\u529b\u4f5c\uff0c\u5341\u5e74\u78e8\u4e00\u5251\uff0c\u62d4\u5200\u76f8\u52a9\u6c5f\u6e56\u68a6\u3002\u6545\u4e8b\u4ece\u4e00\u4e2a\u540d\u53eb\u4e00\u5251\u7684\u5927\u5b66\u5f00\u59cb\uff01", "title": "\u4fa0\u884c\u5929\u4e0b", "url": "https://book.qidian.com/info/1001827159", "average": -1.0, "cover": "//qidian.qpic.cn/qdbimg/349573/1001827159/180", "reviews": -1, "authors": [{"url": "https://me.qidian.com/authorIndex.aspx?id=4362811", "name": "zhttty"}], "type": ["\u6b66\u4fa0", "\u6b66\u4fa0\u5e7b\u60f3"], "outlinks": ["https://book.qidian.com/info/1001827159", "https://book.qidian.com/info/1010968945", "https://book.qidian.com/info/1010968945", "https://book.qidian.com/info/1009907155", "https://book.qidian.com/info/1009907155", "https://book.qidian.com/info/1009926548", "https://book.qidian.com/info/1009926548", "https://book.qidian.com/info/1010277759", "https://book.qidian.com/info/1010277759", "https://book.qidian.com/info/1010559838", "https://book.qidian.com/info/1010559838", "https://book.qidian.com/info/1005406190", "https://book.qidian.com/info/1005406190", "https://book.qidian.com/info/109222", "https://book.qidian.com/info/109222", "https://book.qidian.com/info/1128401", "https://book.qidian.com/info/1128401", "https://book.qidian.com/info/1394264", "https://book.qidian.com/info/1394264", "https://book.qidian.com/info/2113490", "https://book.qidian.com/info/2113490", "https://book.qidian.com/info/3347854", "https://book.qidian.com/info/3347854", "https://book.qidian.com/info/1011815974", "https://book.qidian.com/info/1011216976", "https://book.qidian.com/info/1012036528", "https://book.qidian.com/info/1011985057", "https://book.qidian.com/info/1011631528", "https://book.qidian.com/info/1011928444", "https://book.qidian.com/info/1011771234", "https://book.qidian.com/info/1011973127", "https://book.qidian.com/info/1005784137", "https://book.qidian.com/info/1011916945"]}