{"ratings": 0.0, "userreviews": [{"userName": "\u4e66\u53cb180309102130090", "userReviewDate": "\u6628\u65e512:02", "userURL": "https://my.qidian.com/user/313055403", "userReview": "[fn=1]"}, {"userName": "\u4e66\u53cb180309102130090", "userReviewDate": "2018-06-07", "userURL": "https://my.qidian.com/user/313055403", "userReview": "[fn=1]"}, {"userName": "\u4e66\u53cb180309102130090", "userReviewDate": "2018-06-07", "userURL": "https://my.qidian.com/user/313055403", "userReview": "[fn=1]"}, {"userName": "\u98de\u84dd\u5e1d\u51e4", "userReviewDate": "2018-06-06", "userURL": "https://my.qidian.com/user/214071906", "userReview": "\u770b\u4e86\u5f88\u591a\u4e66\u3002\u672c\u4e66\u5199\u5230\u73b0\u5728\u89c9\u5f97\u5f88\u597d\uff0c\u6587\u7b14\u4e0d\u9519\u3002\u73b0\u5728\u8a00\u8a00\u88ab\u8212\u8212\u5404\u79cd\u64a9\u2026\u671f\u5f85\u6728\u695e\u8a00\u8a00\u5316\u8eab\u4e3a\u72fc\u7684\u4e00"}, {"userName": "\u5446\u5446\u7684\u83ab\u6614\u6614", "userReviewDate": "2018-06-06", "userURL": "https://my.qidian.com/user/315075088", "userReview": "\u5927\u5927\u662f\u7b2c\u4e00\u6b21\u5199\u4e66\u5417\uff1f\u5199\u5f97\u771f\u597d\u597d\u5440\uff0c\u517b\u80a5\u518d\u5f00\u5bb0\uff0c\u563b\u563b"}, {"userName": "\u4e66\u53cb180309102130090", "userReviewDate": "2018-06-06", "userURL": "https://my.qidian.com/user/313055403", "userReview": "[fn=1]"}, {"userName": "\u4e66\u53cb180309102130090", "userReviewDate": "2018-06-06", "userURL": "https://my.qidian.com/user/313055403", "userReview": "[fn=1]"}, {"userName": "\u4e66\u53cb180309102130090", "userReviewDate": "2018-06-05", "userURL": "https://my.qidian.com/user/313055403", "userReview": "[fn=1]"}, {"userName": "\u4e66\u53cb180309102130090", "userReviewDate": "2018-06-05", "userURL": "https://my.qidian.com/user/313055403", "userReview": "[fn=1]"}, {"userName": "\u9970\u83f2love", "userReviewDate": "2018-06-04", "userURL": "https://my.qidian.com/user/217018242", "userReview": "\u7b7e\u5230\u5566(\uff61\uff65\u03c9\uff65\uff61)\uff89\u2661"}, {"userName": "\u59d2\u5b9d\u5b9d", "userReviewDate": "2018-06-04", "userURL": "https://my.qidian.com/user/307741650", "userReview": "[fn=4]"}, {"userName": "\u653e\u8086DE\u6d41\u5e74", "userReviewDate": "2018-06-04", "userURL": "https://my.qidian.com/user/229924581", "userReview": "\u8fd9\u4e48\u4e00\u6765\u53ef\u4ee5\u63a5\u53d7\u4f60\u7684\u751f\u6d3b\u91cc\u6700\u5927"}, {"userName": "\u4e66\u53cb180309102130090", "userReviewDate": "2018-06-04", "userURL": "https://my.qidian.com/user/313055403", "userReview": "[fn=2]"}, {"userName": "\u4e66\u53cb180309102130090", "userReviewDate": "2018-06-04", "userURL": "https://my.qidian.com/user/313055403", "userReview": "[fn=1]"}], "description": "\u9752\u7816\u7eff\u74e6\uff0c\u964c\u4e0a\u82b1\u5f00\u9999\u67d3\u8863\uff1b\u6731\u95e8\u7d2b\u6bbf\uff0c\u7d20\u624b\u6458\u661f\u9713\u4f5c\u88f3\u3002", "title": "\u4faf\u5e9c\u5a07\u5ba0", "url": "https://book.qidian.com/info/1011251703", "average": -1.0, "cover": "//qidian.qpic.cn/qdbimg/349573/1011251703/180", "reviews": -1, "authors": [{"url": "https://me.qidian.com/authorIndex.aspx?id=401789121", "name": "\u6735\u5f66\u5f66"}], "type": ["\u53e4\u4ee3\u8a00\u60c5", "\u53e4\u5178\u67b6\u7a7a"], "outlinks": ["https:https://book.qidian.com/info/1011421405?qd_game_key=1011421405&qd_dd_p1=11272", "https://book.qidian.com/info/1011251703", "https://book.qidian.com/info/1010961183", "https://book.qidian.com/info/1010961183", "https://book.qidian.com/info/1011090704", "https://book.qidian.com/info/1011090704", "https://book.qidian.com/info/3322619", "https://book.qidian.com/info/3322619", "https://book.qidian.com/info/1005016707", "https://book.qidian.com/info/1005016707", "https://book.qidian.com/info/1005288967", "https://book.qidian.com/info/1005288967", "https://book.qidian.com/info/1010956943", "https://book.qidian.com/info/1010956943", "https://book.qidian.com/info/1004439621", "https://book.qidian.com/info/1010699142", "https://book.qidian.com/info/1010673874", "https://book.qidian.com/info/1010228299", "https://book.qidian.com/info/1011254335", "https://book.qidian.com/info/1010623336", "https://book.qidian.com/info/1011901077", "https://book.qidian.com/info/1010774701", "https://book.qidian.com/info/1010808763", "https://book.qidian.com/info/1011306057"]}