{"ratings": 0.0, "userreviews": [{"userName": "\u4e3a\u4e86\u4e91\u79e6", "userReviewDate": "2\u5c0f\u65f6\u524d", "userURL": "https://my.qidian.com/user/210058113", "userReview": "\u9650\u514d\u770b\u7684\uff0c\u672c\u6765\u60f3\u76f4\u63a5\u6253\u8d4f\u3002\u8fd8\u662f\u6765\u4e2a\u7b7e\u5230\u697c\u5427\uff0c\u4e00\u697c\u5341\u5e01\uff0c100\u697c\u4e00\u7ed3"}, {"userName": "\u7f51\u6587\u4e09\u4ee3", "userReviewDate": "2\u5c0f\u65f6\u524d", "userURL": "https://my.qidian.com/user/230459556", "userReview": "\u5199\u7684\u5f88\u4e0d\u9519\uff0c\u76f8\u4fe1\u4f1a\u7cbe\u54c1\u7684\uff0c\u89c1\u8fd8\u6ca1\u6709\u7b7e\u5230\u697c\uff0c\u6211\u6765\u4e00\u4e2a\u5427\u3002\u4e00\u697c\u5341\u5e01\uff0c\u767e\u697c\u4e00\u7ed3\uff0c\u5343\u697c\u5c01\u9876\uff0c\u7f51\u4e09\u4e5f"}, {"userName": "\u6771\u5858", "userReviewDate": "9\u5c0f\u65f6\u524d", "userURL": "https://my.qidian.com/user/213821489", "userReview": "\u7b7e\u5230\u52a0\u6cb9\u3002"}, {"userName": "\u51b0\u706b\u2103\u9e92\u9e9f", "userReviewDate": "21\u5c0f\u65f6\u524d", "userURL": "https://my.qidian.com/user/12939739", "userReview": "\u603b\u4f53\u6765\u8bf4\u8fd8\u4e0d\u9519"}, {"userName": "\u6211\u8981\u4ee5\u8eab\u8bd5\u6bd2", "userReviewDate": "24\u5c0f\u65f6\u524d", "userURL": "https://my.qidian.com/user/314496463", "userReview": "\u6211\u5927\u54e5\u4e0a\u5927\u5b66\uff0c\u90a3\u65f6\u501997\u5e74\u5de6\u53f3\u5427\uff01\u5bb6\u91cc\u4e00\u5e74\u6536\u5165\u90fd\u6ca1\u6709\u7a81\u7834\u8fc7\u4e07\u7684\uff0c\u4e00\u6708\u6700\u591a\u4e5f\u5c31\u4e09\u56db\u767e\u5de6\u53f3\u5427\uff0c"}, {"userName": "\u534e\u590f\u4eba", "userReviewDate": "\u6628\u65e512:06", "userURL": "https://my.qidian.com/user/1853432", "userReview": "\u7b7e\u5230\u6c34\u7ecf\u9a8c"}, {"userName": "\u6211\u8981\u4ee5\u8eab\u8bd5\u6bd2", "userReviewDate": "\u6628\u65e507:00", "userURL": "https://my.qidian.com/user/314496463", "userReview": "\u6587\u7b14\u901a\u7545\uff0c\u7ec8\u4e8e\u9047\u5230\u4e3b\u89d2\u4e0d\u662f\u770b\u5230\u7f8e\u5973\u5c31\u65e0\u5c1d\u66ff\u4eba\u529e\u4e8b\uff0c\u5404\u79cd\u88c5\u903c\uff0c\u5f3a\u884c\u62c9\u4f4e\u667a\u5546\u4e86\uff01\u5c31\u662f\u4e09\u53e5\u8bdd\u4e0d\u79bb"}, {"userName": "\u6771\u5858", "userReviewDate": "\u6628\u65e505:55", "userURL": "https://my.qidian.com/user/213821489", "userReview": "\u7b7e\u5230\u52a0\u6cb9\u3002"}, {"userName": "\u6211\u672c\u5e0c\u5937\u5fae", "userReviewDate": "\u6628\u65e503:58", "userURL": "https://my.qidian.com/user/219152624", "userReview": "\u4f60\u5982\u679c\u60f3\u770b\u90a3\u79cd\u671d\u6e38\u5317\u6d77\u66ae\u82cd\u51a5\uff0c\u631f\u6cf0\u5c71\u8d85\u5317\u6d77\uff0c\u90a3\u5f53\u7136\u4e0d\u53ef\u80fd\uff0c\u8fd9\u672c\u4e66\u7684\u6218\u6597\u529b\u6ca1\u6709\u9ad8\u5230\u8fd9\u79cd\u7a0b\u5ea6\u3002"}, {"userName": "\u4e00\u676f\u6d4a\u9152\u4f59\u53c8\u6b20", "userReviewDate": "\u6628\u65e503:53", "userURL": "https://my.qidian.com/user/314065751", "userReview": "40\u7ae0\u4ee5\u540e\u770b\u7684\u5f88\u522b\u626d\uff0c\u523b\u610f\u628a\u7384\u5b66\u5199\u6210\u7c7b\u4f3c\u4e8e\u5e7b\u672f\u7684\u73a9\u610f\u3002\u6211\u60f3\u8bf4\u4f5c\u8005\u8be5\u53bb\u770b\u770b\u9053\u5bb6\u5178\u7c4d\uff0c\u4f60\u6240\u63cf\u5199"}, {"userName": "58219", "userReviewDate": "2018-06-07", "userURL": "https://my.qidian.com/user/172140335", "userReview": "\u8fd9\u6ce2\u6e29\u99a8 \u786e\u89c1\u529f\u529b\u3002\u3002\u3002\u53ef\u4f60\u518d\u8fd9\u4e48\u717d\u4e0b\u53bb\u3002\u3002\u771f\u7684\u597d\u4e48\u3002\u3002"}, {"userName": "\u534e\u590f\u4eba", "userReviewDate": "2018-06-07", "userURL": "https://my.qidian.com/user/1853432", "userReview": "\u7b7e\u5230\u6c34\u7ecf\u9a8c"}, {"userName": "\u6771\u5858", "userReviewDate": "2018-06-07", "userURL": "https://my.qidian.com/user/213821489", "userReview": "\u7b7e\u5230\u52a0\u6cb9\u3002"}, {"userName": "pwfxlfp", "userReviewDate": "2018-06-06", "userURL": "https://my.qidian.com/user/2692920", "userReview": "\u7b7e\u5230\u6c34\u7ecf\u9a8c"}], "description": "\u91cd\u751f\u8fc7\u53bb\u3001\u7545\u60f3\u672a\u6765\u3001\u68a6\u5e7b\u73b0\u5b9e\uff0c\u518d\u5851\u4f20\u5947\u4eba\u751f\uff01", "title": "\u4fd7\u4e16\u5730\u4ed9", "url": "https://book.qidian.com/info/1010046363", "average": -1.0, "cover": "//qidian.qpic.cn/qdbimg/349573/1010046363/180", "reviews": -1, "authors": [{"url": "https://me.qidian.com/authorIndex.aspx?id=4362266", "name": "\u77ed\u5203"}], "type": ["\u90fd\u5e02", "\u5f02\u672f\u8d85\u80fd"], "outlinks": ["https://book.qidian.com/info/1010046363", "https://book.qidian.com/info/1010908372", "https://book.qidian.com/info/1010908372", "https://book.qidian.com/info/1009710728", "https://book.qidian.com/info/1009710728", "https://book.qidian.com/info/1005983537", "https://book.qidian.com/info/1005983537", "https://book.qidian.com/info/1009667341", "https://book.qidian.com/info/1009667341", "https://book.qidian.com/info/1009915605", "https://book.qidian.com/info/1009915605", "https://book.qidian.com/info/1009526658", "https://book.qidian.com/info/1009526658", "https://book.qidian.com/info/1906260", "https://book.qidian.com/info/1906260", "https://book.qidian.com/info/1004926559", "https://book.qidian.com/info/1004926559", "https://book.qidian.com/info/1011932150", "https://book.qidian.com/info/1012029544", "https://book.qidian.com/info/1012015699", "https://book.qidian.com/info/1012018201", "https://book.qidian.com/info/1011879101", "https://book.qidian.com/info/1011790606", "https://book.qidian.com/info/1011971435", "https://book.qidian.com/info/1009695534", "https://book.qidian.com/info/1011890878", "https://book.qidian.com/info/1010537314"]}