{"ratings": 0.0, "userreviews": [{"userName": "\u5251\u67d3\u9752\u8863\u989c", "userReviewDate": "2018-03-19", "userURL": "https://my.qidian.com/user/216539206", "userReview": "\u624d\u534e\u53ef\u4e0e\u91d1\u94b1\u4e00\u640f\uff01\u6211\u662f90\u540e\uff0c\u4ece\u5c0f\u5b66\u516d\u5e74\u7ea7\u7684\u7b2c\u4e00\u672c\u7f51\u6e38\u5c0f\u8bf4\u4ece\u96f6\u5f00\u59cb\u76f4\u81f3\u4eca\u65e5\u5e9a\u4e0d\u8ba9\u7684\u4fd7\u4eba\u56de\u6863"}, {"userName": "\u4e86\u4e86\u800c\u7acb1", "userReviewDate": "2018-02-27", "userURL": "https://my.qidian.com/user/307518028", "userReview": "        \u6700\u521d\u7684\u8463\u96ea\uff0c\u4e00\u9047\u8001\u8fb9\u8bef\u7ec8\u751f\uff0c\u5979\u7231\u7684\u8ba9\u4eba\u5fc3\u75bc\uff0c\u4e5f\u53ea\u6709\u5979\u7684\u7231\u662f\u6700\u7eaf\u6d01\u7684\uff0c\u76f8\u8bc6\u4e0e"}, {"userName": "\u53f7\u6ca1\u4e86\u91cd\u65b0\u6765\u8fc7\u5012\u9709\u718a\u5b69\u5b50", "userReviewDate": "2017-09-02", "userURL": "https://my.qidian.com/user/225558056", "userReview": "gbr188\u5e9a\u4e0d\u8ba9\u5fae\u4fe1\u516c\u4f17\u53f7\uff0c\u6b22\u8fce\u5173\u6ce8"}, {"userName": "\u7eff\u6bdb\u9e66\u9e49", "userReviewDate": "3\u5c0f\u65f6\u524d", "userURL": "https://my.qidian.com/user/4685149", "userReview": "\u63a8\u8350\u6253\u8d4f\u6708\u7968\u4e00\u6ce2\u6d41"}, {"userName": "\u6700\u8fd1\u62c9\u94fe\u603b\u5939\u6bdb", "userReviewDate": "4\u5c0f\u65f6\u524d", "userURL": "https://my.qidian.com/user/200871188", "userReview": "        i"}, {"userName": "\u4e1c\u5927\u9648\u51a0\u7a00", "userReviewDate": "6\u5c0f\u65f6\u524d", "userURL": "https://my.qidian.com/user/219122927", "userReview": "\u7b7e\u5230\u4e94\u4e2a\u5b57"}, {"userName": "\u4e1c\u5927\u9648\u51a0\u7a00", "userReviewDate": "6\u5c0f\u65f6\u524d", "userURL": "https://my.qidian.com/user/219122927", "userReview": "\u7b7e\u5230\u4e94\u4e2a\u5b57"}, {"userName": "\u767d\u83dc\u5934YY", "userReviewDate": "6\u5c0f\u65f6\u524d", "userURL": "https://my.qidian.com/user/147446842", "userReview": "\u7b7e\u5230\u4e94\u4e2a\u5b57"}, {"userName": "\u82e5\u591c27", "userReviewDate": "7\u5c0f\u65f6\u524d", "userURL": "https://my.qidian.com/user/216559937", "userReview": "\u7b7e\u5230\u62bd\u7b7e\u89e3\u7b7e"}, {"userName": "\u661f\u8000\u8d1d\u52a0\u5c14", "userReviewDate": "7\u5c0f\u65f6\u524d", "userURL": "https://my.qidian.com/user/215637105", "userReview": "1.\u7a77\u4e0d\u5012\u5fd7\uff0c\u5bcc\u4e0d\u766b\u72c2\u30022.\u5584\u4e3a\u81f3\u5b9d\u4e00\u751f\u7528\uff0c\u5fc3\u82e5\u826f\u7530\u767e\u4e16\u8015\u30023.\u767e\u5c81\u5b89\u751f\u5e38\u542b\u7b11\uff0c\u4e00\u751f\u559c\u4e50\u4e0d"}, {"userName": "\u535c\u54e5\u54e5", "userReviewDate": "8\u5c0f\u65f6\u524d", "userURL": "https://my.qidian.com/user/117572814", "userReview": "\u4e09\u63a8\u8350\u7968\u6765\u4e86"}, {"userName": "\u535c\u54e5\u54e5", "userReviewDate": "8\u5c0f\u65f6\u524d", "userURL": "https://my.qidian.com/user/117572814", "userReview": "\u4e09\u63a8\u8350\u7968\u6765\u4e86"}, {"userName": "\u535c\u54e5\u54e5", "userReviewDate": "8\u5c0f\u65f6\u524d", "userURL": "https://my.qidian.com/user/117572814", "userReview": "\u4e09\u63a8\u8350\u7968\u6765\u4e86"}, {"userName": "\u4efb\u6027\u6709\u7406", "userReviewDate": "8\u5c0f\u65f6\u524d", "userURL": "https://my.qidian.com/user/211271290", "userReview": "\u7b7e\u5230\u4e0e\u63a8\u8350"}], "description": "\u91cd\u751f\u8fc7\u53bb\u3001\u7545\u60f3\u672a\u6765\u3001\u68a6\u5e7b\u73b0\u5b9e\uff0c\u518d\u5851\u4f20\u5947\u4eba\u751f\uff01", "title": "\u4fd7\u4eba\u56de\u6863", "url": "https://book.qidian.com/info/3347952", "average": -1.0, "cover": "//qidian.qpic.cn/qdbimg/349573/3347952/180", "reviews": -1, "authors": [{"url": "https://me.qidian.com/authorIndex.aspx?id=3799943", "name": "\u5e9a\u4e0d\u8ba9"}], "type": ["\u90fd\u5e02", "\u90fd\u5e02\u751f\u6d3b"], "outlinks": ["https://book.qidian.com/info/3347952", "https://book.qidian.com/info/1010674217", "https://book.qidian.com/info/1010674217", "https://book.qidian.com/info/1005983537", "https://book.qidian.com/info/1005983537", "https://book.qidian.com/info/1010709881", "https://book.qidian.com/info/1010709881", "https://book.qidian.com/info/1010101258", "https://book.qidian.com/info/1010101258", "https://book.qidian.com/info/1007399635", "https://book.qidian.com/info/1007399635", "https://book.qidian.com/info/1010908372", "https://book.qidian.com/info/1010908372", "https://book.qidian.com/info/1011932150", "https://book.qidian.com/info/1012029544", "https://book.qidian.com/info/1012015699", "https://book.qidian.com/info/1012018201", "https://book.qidian.com/info/1011879101", "https://book.qidian.com/info/1011790606", "https://book.qidian.com/info/1011971435", "https://book.qidian.com/info/1009695534", "https://book.qidian.com/info/1011890878", "https://book.qidian.com/info/1010537314"]}