{"ratings": 0.0, "userreviews": [{"userName": "xf-haha", "userReviewDate": "2018-06-02", "userURL": "https://my.qidian.com/user/2936779", "userReview": "xf-haha\u6253\u8d4f\u98ce\u884c\u6c34\u4e91\u95f4 100000\u8d77\u70b9\u5e01  \u8fd9\u672c\u4e66\u5199\u7684\u592a\u597d\u4e86,\u7292\u52b3\u4e00\u4e0b\u5e0c\u671b\u540e\u7eed\u66f4\u7cbe"}, {"userName": "\u98ce\u884c\u6c34\u4e91\u95f4", "userReviewDate": "3\u5c0f\u65f6\u524d", "userURL": "https://my.qidian.com/user/8268305", "userReview": "\u8fd9\u91cc\u662f6\u6708\u7684\u6253\u8d4f\u50ac\u66f4\u697c\u672c\u5c0a\uff01\u8981\u50ac\u66f4\u3001\u8981\u9886\u53d6\u300a\u56fd\u5e08\u5927\u4eba\u300b\u4e3b\u9898\u624b\u673a\u58f3\u3001\u8981\u9886\u53d6\u6c34\u4e91\u751f\u65e5\u4e13\u8d3a\u7684\uff0c\u90fd"}, {"userName": "\u8fea\u98de\u513f", "userReviewDate": "4\u5c0f\u65f6\u524d", "userURL": "https://my.qidian.com/user/152887526", "userReview": "\u6709\u501f\u6709\u8fd8\uff0c\u518d\u501f\u4e0d\u96be\u3002\u6709\u501f\u65e0\u8fd8\uff1f\u5475\u5475\u5475\u5475"}, {"userName": "\u957f\u889c\u5b50\u76ae\u76aeC", "userReviewDate": "5\u5c0f\u65f6\u524d", "userURL": "https://my.qidian.com/user/222258312", "userReview": "\u7b7e\u5230\u6c34\u7ecf\u9a8c"}, {"userName": "\u8f7b\u98ce\u67d4\u96ea", "userReviewDate": "5\u5c0f\u65f6\u524d", "userURL": "https://my.qidian.com/user/223318770", "userReview": "\u6295\u7968\u7b7e\u5230\u6c34\u7ecf\u9a8c"}, {"userName": "\u4e66\u888b\u5b500478", "userReviewDate": "6\u5c0f\u65f6\u524d", "userURL": "https://my.qidian.com/user/136482169", "userReview": "\u6765\u6765\u6765\uff0c\u8fd9\u662f\u55b5\u55b5\u697c\uff0c\u53ea\u8bb8\u55b5\u55b5\u55b5\u7684\u90a3\u79cd\uff5e"}, {"userName": "\u89c5\u5f71\u796c\u590f", "userReviewDate": "6\u5c0f\u65f6\u524d", "userURL": "https://my.qidian.com/user/200307443", "userReview": "\u5566\u5566\u5566\uff0c\u7b7e\u5230\u697c\u5c31\u662f\u6211\uff0c\u6211\u5c31\u662f\u7b7e\u5230\u697c\u5566\uff01\uff01\uff01\u6211\u5728\u8fd9\u5efa\u4e2a\u7b7e\u5230\u697c\u5566\uff0c\u6211\u4eec\u4e00\u8d77\u5212\u6c34\u6df7\u7ecf\u9a8c"}, {"userName": "\u5999\u5999\u5c0f\u5b9d", "userReviewDate": "6\u5c0f\u65f6\u524d", "userURL": "https://my.qidian.com/user/211424022", "userReview": "\u7b7e\u5230\u63a8\u8350\u7968\u652f\u6301"}, {"userName": "\u6e05\u5ced\u51cc\u4e91", "userReviewDate": "7\u5c0f\u65f6\u524d", "userURL": "https://my.qidian.com/user/225136848", "userReview": "\u7b7e\u5230\u63a8\u8350\u7968"}, {"userName": "\u6d1e\u5ead\u6d1e\u5ead", "userReviewDate": "7\u5c0f\u65f6\u524d", "userURL": "https://my.qidian.com/user/218652228", "userReview": "\u5feb\u5f00\u59cb\u8650\u56fd\u5e08\u5427"}, {"userName": "\u6e05\u5ced\u51cc\u4e91", "userReviewDate": "18\u5c0f\u65f6\u524d", "userURL": "https://my.qidian.com/user/225136848", "userReview": "10\u4e07\u5b57\u4e86\uff0c\u7537\u4e3b\u8fd8\u5728\u6253\u9171\u6cb9\u7684\u3002\u3002\u3002"}, {"userName": "\u4e91\u4e0a\u521d\u6653", "userReviewDate": "19\u5c0f\u65f6\u524d", "userURL": "https://my.qidian.com/user/308802746", "userReview": "\u5514\uff0c\u8fd8\u662f\u592a\u5c11\u4e86\uff0c\u517b\u7740"}, {"userName": "\u957f\u889c\u5b50\u76ae\u76aeC", "userReviewDate": "23\u5c0f\u65f6\u524d", "userURL": "https://my.qidian.com/user/222258312", "userReview": "\u7b7e\u5230\u6c34\u7ecf\u9a8c"}, {"userName": "\u5c0f\u5b9dY3", "userReviewDate": "24\u5c0f\u65f6\u524d", "userURL": "https://my.qidian.com/user/112904920", "userReview": "\u5c3d\u7136\u6392\u5728\u7b2c\u4e8c\uff1f\u8fd9\u624d\u5199\u8fd9\u4e48\u70b9\u5c31\u62cd\u7b2c\u4e8c\u4e86"}], "description": "\u6d69\u701a\u4e16\u754c\uff0c\u65e0\u8fb9\u5c81\u6708\u3002\u6f2b\u4e91\u5973\u5b50\u4e0d\u82f1\u96c4\uff0c\u4e07\u91cc\u4e58\u98ce\u72ec\u5411\u4e1c\uff01", "title": "\u4fdd\u536b\u56fd\u5e08\u5927\u4eba", "url": "https://book.qidian.com/info/1011831117", "average": -1.0, "cover": "//qidian.qpic.cn/qdbimg/349573/1011831117/180", "reviews": -1, "authors": [{"url": "https://me.qidian.com/authorIndex.aspx?id=3829431", "name": "\u98ce\u884c\u6c34\u4e91\u95f4"}], "type": ["\u7384\u5e7b\u8a00\u60c5", "\u4e1c\u65b9\u7384\u5e7b"], "outlinks": ["https:https://book.qidian.com/info/1011421405?qd_game_key=1011421405&qd_dd_p1=11272", "https://book.qidian.com/info/1011831117", "https://book.qidian.com/info/1011718497", "https://book.qidian.com/info/1011718497", "https://book.qidian.com/info/1004767594", "https://book.qidian.com/info/1004767594", "https://book.qidian.com/info/1004173553", "https://book.qidian.com/info/1004173553", "https://book.qidian.com/info/3130996", "https://book.qidian.com/info/3130996", "https://book.qidian.com/info/1003488960", "https://book.qidian.com/info/1003488960", "https://book.qidian.com/info/3486912", "https://book.qidian.com/info/3486912", "https://book.qidian.com/info/3130996", "https://book.qidian.com/info/3130996", "https://book.qidian.com/info/1001731524", "https://book.qidian.com/info/1007099451", "https://book.qidian.com/info/1011886856", "https://book.qidian.com/info/1011554440", "https://book.qidian.com/info/1011850956", "https://book.qidian.com/info/1010267842", "https://book.qidian.com/info/1005836014", "https://book.qidian.com/info/1011251000", "https://book.qidian.com/info/1010737991", "https://book.qidian.com/info/1010533430"]}