{"ratings": 0.0, "userreviews": [{"userName": "\u4e09\u5c0f\u7403\u8ff7", "userReviewDate": "2018-06-07", "userURL": "https://my.qidian.com/user/224659457", "userReview": "\u597d\u597d\u7684\u90fd\u5e02\u53d8\u6210\u4e86\u4fee\u771f\uff0c\u5b9e\u5728\u662f\u4ece\u4e0d\u770b\u4fee\u771f\u5c0f\u8bf4\uff0c\u4e0d\u597d\u610f\u601d\u4e86\uff01\u4e0b\u672c\u5982\u679c\u662f\u90fd\u5e02\u518d\u6765\u770b\u3002"}, {"userName": "\u4e66\u53cb170113091709266", "userReviewDate": "2018-06-06", "userURL": "https://my.qidian.com/user/228095330", "userReview": "\u8fd8\u662f\u6bd4\u8f83\u559c\u6b22\u90fd\u5e02\u90e8\u5206\u7684\uff0c\u4fee\u4ed9\u770b\u4e0d\u4e0b\u53bb\u3002\u3002"}, {"userName": "\u6770\u679c\u679c", "userReviewDate": "2018-06-06", "userURL": "https://my.qidian.com/user/227366380", "userReview": "\u8def\u8fc7\u2026\u2026\u2026"}, {"userName": "\u5415\u5929\u867e3415", "userReviewDate": "2018-06-05", "userURL": "https://my.qidian.com/user/313170526", "userReview": "\u6709\u70b9\u8282\u594f\u4e86\u3002\u3002\u3002"}, {"userName": "\u6635\u79f0\u5df2\u5b58\u5728X", "userReviewDate": "2018-06-03", "userURL": "https://my.qidian.com/user/119587951", "userReview": "\u770b\u4e86\u56db\u5341\u7ae0\u5168\u662f\u5728\u90a3\u4e2a\u5c0f\u623f\u95f4\u91cc\u548c\u4e24\u4e2a\u5973\u4eba\u626f\u6de1\uff0c\u54ce"}, {"userName": "\u5415\u5929\u867e3201", "userReviewDate": "2018-06-03", "userURL": "https://my.qidian.com/user/313097427", "userReview": "\u80fd\u76d6\u697c\u5417\uff1f"}, {"userName": "\u7231\u8bf4\u68a6\u8bdd\u7684\u60a8", "userReviewDate": "2018-06-02", "userURL": "https://my.qidian.com/user/641659", "userReview": "\u524d\u9762\u8c22\u7684\u633a\u597d\uff0c\u8d8a\u5230\u540e\u9762\u5c31\u8d8a\u662f\u5957\u8def\uff0c"}, {"userName": "\u6770\u679c\u679c", "userReviewDate": "2018-05-30", "userURL": "https://my.qidian.com/user/227366380", "userReview": "\u7784\u4e00\u773c\n.\n.\n.\n.\n.\n\n\n\n\u665a\u5b89"}, {"userName": "\u843d\u65e5\u8ffd\u6d6e\u4e91", "userReviewDate": "2018-05-29", "userURL": "https://my.qidian.com/user/214241175", "userReview": "\u672c\u4eba\u5c4c\u4e1d\u4e00\u679a\uff0c\u559c\u6b22\u7f8e\u98df\uff0c\u559c\u6b22\u8f7b\u677e\u90fd\u5e02\u6587\u3002\u73b0\u5728\u76d6\u4e00\u680b\u7b7e\u5230\u697c\u652f\u6301\u3002\u4e00\u697c50\u5e01\uff0c\u53ef\u4ee5\u5237\u697c\uff0c\u76df\u4e3b\u4e3a"}, {"userName": "\u6c34\u4e2d\u30b8\u843d\u53f6", "userReviewDate": "2018-05-26", "userURL": "https://my.qidian.com/user/5760584", "userReview": "\u8fd9\u672c\u4e66\u5982\u679c\u6709\u63a8\u8350\u7684\u8bdd\u5c31\u4f1a\u6709\u6781\u54c1\u5bb6\u4e01\u90a3\u6837\u7ea2\u4e86\uff0c\u4e66\u5199\u5f97\u786e\u5b9e\u4e0d\u9519"}, {"userName": "\u5c0f\u5a1f\u5a1f\u7684\u6770\u5b9d\u5b9d", "userReviewDate": "2018-05-25", "userURL": "https://my.qidian.com/user/216138534", "userReview": "\u4e5f\u8ba2\u4e86\u70b9\uff0c\u5b66\u751f\u515a\u4e0d\u662f\u5f88\u5bcc\uff0c\u8fd8\u6709\u4e00\u4e2a\u5c0f\u5973\u670b\u53cb\u201d\u6240\u4ee5\u8ba2\u9605\u4f1a\u6709\u70b9\u70b9\u5c11\u89c1\u8c05\uff0c\u4f5c\u8005\u83cc\uff0c\u6709\u94b1\uff0c\u5c31\u6765\u8ba2\u9605"}, {"userName": "\u5c0f\u5a1f\u5a1f\u7684\u6770\u5b9d\u5b9d", "userReviewDate": "2018-05-25", "userURL": "https://my.qidian.com/user/216138534", "userReview": "\u7968\u5df2\u6295\u4e86\u3002\u3002\u3002\u4e24"}, {"userName": "\u9f99\u7fd4\u5347\u817e", "userReviewDate": "2018-05-16", "userURL": "https://my.qidian.com/user/225451153", "userReview": "\u7b7e\u5230\u52a0\u6cb9\u5427"}, {"userName": "\u6770\u679c\u679c", "userReviewDate": "2018-05-04", "userURL": "https://my.qidian.com/user/227366380", "userReview": "\u7b7e\u5230    "}], "description": "\u91cd\u751f\u8fc7\u53bb\u3001\u7545\u60f3\u672a\u6765\u3001\u68a6\u5e7b\u73b0\u5b9e\uff0c\u518d\u5851\u4f20\u5947\u4eba\u751f\uff01", "title": "\u4fdd\u5b89\u7684\u9006\u88ad", "url": "https://book.qidian.com/info/1009861946", "average": -1.0, "cover": "//qidian.qpic.cn/qdbimg/349573/1009861946/180", "reviews": -1, "authors": [{"url": "https://me.qidian.com/authorIndex.aspx?id=400228254", "name": "\u591c\u5e55\u4e0b\u7684\u4e5d\u5c3e"}], "type": ["\u90fd\u5e02", "\u5f02\u672f\u8d85\u80fd"], "outlinks": ["https://book.qidian.com/info/1009861946", "https://book.qidian.com/info/1006631076", "https://book.qidian.com/info/1006631076", "https://book.qidian.com/info/1009332628", "https://book.qidian.com/info/1009332628", "https://book.qidian.com/info/1009710728", "https://book.qidian.com/info/1009710728", "https://book.qidian.com/info/1009521611", "https://book.qidian.com/info/1009521611", "https://book.qidian.com/info/1010053636", "https://book.qidian.com/info/1010053636", "https://book.qidian.com/info/1005390970", "https://book.qidian.com/info/1005390970", "https://book.qidian.com/info/1011695850", "https://book.qidian.com/info/1011695850", "https://book.qidian.com/info/1011932150", "https://book.qidian.com/info/1012029544", "https://book.qidian.com/info/1012015699", "https://book.qidian.com/info/1012018201", "https://book.qidian.com/info/1011879101", "https://book.qidian.com/info/1011790606", "https://book.qidian.com/info/1011971435", "https://book.qidian.com/info/1009695534", "https://book.qidian.com/info/1011890878", "https://book.qidian.com/info/1010537314"]}