{"ratings": 0.0, "userreviews": [{"userName": "\u56ed\u957f\u7231\u559d\u8336", "userReviewDate": "2018-06-04", "userURL": "https://my.qidian.com/user/162691893", "userReview": "\u56ed\u957f\u7231\u559d\u8336\u6253\u8d4f\u9690\u4e3a\u8005 50000\u8d77\u70b9\u5e01  \u98d8\u4e2a\u7ea2\uff0c\u652f\u6301\u4e0b\uff0c\u5929\u5730\u8001\u8bfb\u8005..."}, {"userName": "\u6709\u8179\u808c\u7684\u56ed\u957f", "userReviewDate": "2018-04-25", "userURL": "https://my.qidian.com/user/307433897", "userReview": "\u6709\u8179\u808c\u7684\u56ed\u957f\u6253\u8d4f\u9690\u4e3a\u8005 100000\u8d77\u70b9\u5e01  \u4f5c\u8005\u53f7\u4e5f\u6253\u8d4f\u4e0b^_^"}, {"userName": "\u5c0f\u65f6\u4e56\u5440", "userReviewDate": "45\u5206\u949f\u524d", "userURL": "https://my.qidian.com/user/148672843", "userReview": "\u9996\u5148\u8bf4\u660e\uff01\u672c\u4e66\u4e0d\u9519\uff01\u6ca1\u6709\u6bd2\u70b9\uff01\u5f88\u8010\u770b\uff01\u90a3\u4e9b\u5531\u8870\u7684\u6211\u60f3\u8bf4\uff01\u4f60\u884c\u4f60\u6765\u5199\uff01\u4e0d\u884c\u522bbb\uff01\u672c\u4e66\u4e0d\u9519\uff01"}, {"userName": "\u96f7\u8574\u4e5d\u9704", "userReviewDate": "3\u5c0f\u65f6\u524d", "userURL": "https://my.qidian.com/user/310691636", "userReview": "\u7b7e\u5230\u6c34\u7ecf\u9a8c"}, {"userName": "\u5415\u5929\u867e13369", "userReviewDate": "14\u5c0f\u65f6\u524d", "userURL": "https://my.qidian.com/user/316333325", "userReview": "\u7b7e\u5230  \u4e94\u4e2a\u5b57"}, {"userName": "\u5366\u8005\u7af9\u53f6", "userReviewDate": "14\u5c0f\u65f6\u524d", "userURL": "https://my.qidian.com/user/225727531", "userReview": "\u662f\u539f\u4f5c\u8005\u8fd8\u662f\u6709\u4eba\u51fa\u94b1\u8d2d\u4e70\u4e86\u4f5c\u8005\u7684\u8fd9\u4e2a\u8d26\u53f7 \uff1f"}, {"userName": "madchina04", "userReviewDate": "14\u5c0f\u65f6\u524d", "userURL": "https://my.qidian.com/user/3744919", "userReview": "\u7c3d\u5230\uff01\uff01\uff01"}, {"userName": "\u4e00\u89c1\u5fc3\u60ca", "userReviewDate": "23\u5c0f\u65f6\u524d", "userURL": "https://my.qidian.com/user/214433516", "userReview": "\u8fd9\u4e0d\u662f\u9690\u4e3a\u8005\u5427 \u8fd9\u6587\u7b14\u4e5f\u5dee\u592a\u8fdc\u4e86 \u5b8c\u5168\u53e3\u6c34\u6587"}, {"userName": "\u672a\u672a\u751f", "userReviewDate": "\u6628\u65e513:36", "userURL": "https://my.qidian.com/user/316700805", "userReview": "\u7b7e\u5230!!!"}, {"userName": "\u5366\u8005\u7af9\u53f6", "userReviewDate": "\u6628\u65e511:33", "userURL": "https://my.qidian.com/user/225727531", "userReview": "\u7b7e\u5230 \u63a8\u8350\u7968\u7ed9\u4f60\n"}, {"userName": "\u5366\u8005\u7af9\u53f6", "userReviewDate": "\u6628\u65e500:24", "userURL": "https://my.qidian.com/user/225727531", "userReview": "\u770b\u5f97\u5f88\u723d \u4f5c\u8005\u52a0\u6cb9 \u63a8\u8350\u7968\u90fd\u7ed9\u4f60"}, {"userName": "madchina04", "userReviewDate": "\u6628\u65e500:13", "userURL": "https://my.qidian.com/user/3744919", "userReview": "\u7c3d\u5230\uff01\uff01\uff01"}, {"userName": "\u5366\u8005\u7af9\u53f6", "userReviewDate": "2018-06-07", "userURL": "https://my.qidian.com/user/225727531", "userReview": "\u5f88\u559c\u6b22\u4f60\u7684\u90a3\u672c\u5929\u5730\u7f51\u6e38\u5c0f\u8bf4\uff0c\u521a\u770b\u4f60\u8fd9\u672c\u65b0\u4e66 \u52a0\u6cb9"}, {"userName": "\u964c\u5199\u4e09\u751f", "userReviewDate": "2018-06-07", "userURL": "https://my.qidian.com/user/216830974", "userReview": "\u6740\u51e0\u4e2a\u4eba\u6839\u672c\u89e3\u51b3\u4e0d\u4e86\u95ee\u9898\uff0c\u6211\u89c9\u5f97\u4e3b\u89d2\u5e94\u8be5\u5148\u5efa\u7acb\u5236\u5ea6\uff0c\u7136\u540e\u518d\u628a\u963b\u788d\u5236\u5ea6\u7684\u4eba\uff0c\u6309\u6761\u4f8b\u5904\u7f5a!\u4e0d\u7136"}], "description": "\u5fc3\u6f6e\u6f8e\u6e43\uff0c\u65e0\u9650\u5e7b\u60f3\uff0c\u8fce\u98ce\u6325\u51fb\u5343\u5c42\u6d6a\uff0c\u5c11\u5e74\u4e0d\u8d25\u70ed\u8840\uff01", "title": "\u4fe1\u4ef0\u4e07\u5c81", "url": "https://book.qidian.com/info/1011730175", "average": -1.0, "cover": "//qidian.qpic.cn/qdbimg/349573/1011730175/180", "reviews": -1, "authors": [{"url": "https://me.qidian.com/authorIndex.aspx?id=20691", "name": "\u9690\u4e3a\u8005"}], "type": ["\u7384\u5e7b", "\u5f02\u4e16\u5927\u9646"], "outlinks": ["https://book.qidian.com/info/1011730175", "https://book.qidian.com/info/1010103283", "https://book.qidian.com/info/1010103283", "https://book.qidian.com/info/1010700358", "https://book.qidian.com/info/1010700358", "https://book.qidian.com/info/1011512936", "https://book.qidian.com/info/1011512936", "https://book.qidian.com/info/1011085623", "https://book.qidian.com/info/1011085623", "https://book.qidian.com/info/1010695687", "https://book.qidian.com/info/1010695687", "https://book.qidian.com/info/1010635438", "https://book.qidian.com/info/1010635438", "https://book.qidian.com/info/31709", "https://book.qidian.com/info/31709", "https://book.qidian.com/info/140739", "https://book.qidian.com/info/140739", "https://book.qidian.com/info/185203", "https://book.qidian.com/info/185203", "https://book.qidian.com/info/1072509", "https://book.qidian.com/info/1072509", "https://book.qidian.com/info/1322256", "https://book.qidian.com/info/1322256", "https://book.qidian.com/info/1551732", "https://book.qidian.com/info/1551732", "https://book.qidian.com/info/1751014", "https://book.qidian.com/info/1751014", "https://book.qidian.com/info/2076573", "https://book.qidian.com/info/2076573", "https://book.qidian.com/info/2983997", "https://book.qidian.com/info/2983997", "https://book.qidian.com/info/3615092", "https://book.qidian.com/info/3615092", "https://book.qidian.com/info/1003373579", "https://book.qidian.com/info/1003373579", "https://book.qidian.com/info/1003898330", "https://book.qidian.com/info/1003898330", "https://book.qidian.com/info/1005000718", "https://book.qidian.com/info/1005000718", "https://book.qidian.com/info/1010103283", "https://book.qidian.com/info/1010103283", "https://book.qidian.com/info/1011029555", "https://book.qidian.com/info/1011029555", "https://book.qidian.com/info/1011988403", "https://book.qidian.com/info/1009595922", "https://book.qidian.com/info/1011844784", "https://book.qidian.com/info/1011892497", "https://book.qidian.com/info/1011095320", "https://book.qidian.com/info/1011996851", "https://book.qidian.com/info/1011856434", "https://book.qidian.com/info/1011879207", "https://book.qidian.com/info/1011833256", "https://book.qidian.com/info/1011967674"]}