{"ratings": 0.0, "userreviews": [{"userName": "\u6d41\u4e91\u7b1b\u58f0", "userReviewDate": "2018-04-24", "userURL": "https://my.qidian.com/user/161845889", "userReview": "\u5927\u5bb6\u89c9\u5f97\uff0c\u8fd8\u6709\u54ea\u4e9b\u4f5c\u54c1\u662f\u503c\u5f97\u5199\u7684\uff0c\u53ef\u4ee5\u8bf4\u51fa\u6765\uff0c\u6211\u4f1a\u914c\u60c5\u8003\u8651\u7684\u3002\u6bd5\u7adf\uff0c\u6211\u867d\u7136\u770b\u4e86\u591a\u5e74\u7f51\u6587\uff0c\u4f46"}, {"userName": "\uffe1\u633d\u6b4c\uffe1", "userReviewDate": "2018-04-01", "userURL": "https://my.qidian.com/user/131447658", "userReview": "\u4f5c\u8005\u60f3\u8fc7\u6ca1\u6709\uff0c\u6240\u8c13\u5185\u529f\u6b66\u5b66\uff0c\u4fee\u4ed9\u4e4b\u6cd5\uff0c\u5e76\u4e0d\u9002\u5408\u90fd\u5e02\u3002\u7075\u6c14\u5bf9\u4e8e\u73af\u5883\u7684\u8981\u6c42\u592a\u8fc7\u5f3a\u5927\uff0c\u6ca1\u6709\u4e00\u4e2a\u597d"}, {"userName": "\u6df1\u6d77\u91cc\u7684\u658c", "userReviewDate": "2018-03-20", "userURL": "https://my.qidian.com/user/303737157", "userReview": "\u6df1\u6d77\u91cc\u7684\u658c\u6253\u8d4f\u591c\u8272\u9759\u6084\u6084 100000\u8d77\u70b9\u5e01  \u8fd9\u672c\u4e66\u5199\u7684\u592a\u597d\u4e86,\u7292\u52b3\u4e00\u4e0b\u5e0c\u671b\u540e\u7eed\u66f4\u7cbe\u5f69!"}, {"userName": "\u6d41\u4e91\u7b1b\u58f0", "userReviewDate": "2018-02-28", "userURL": "https://my.qidian.com/user/161845889", "userReview": "\u6709\u60f3\u8981\u9f99\u5957\u7684\u5c0f\u4f19\u4f34\uff0c\u53ef\u4ee5\u5e2e\u5fd9\u60f3\u9f99\u5957\u4e86\u2026\u2026\u53ef\u4ee5\u63d0\u4e00\u4e9b\u8981\u6c42\uff0c\u6211\u914c\u60c5\u8003\u8651\u3002PS\uff1a\u6211\u624d\u4e0d\u4f1a\u8bf4\uff0c\u56e0\u4e3a"}, {"userName": "\u5f77\u5fa8\u800c\u7acb", "userReviewDate": "18\u5c0f\u65f6\u524d", "userURL": "https://my.qidian.com/user/192550241", "userReview": "\u540e\u534a\u90e8\u5199\u5d29\u4e86\uff0c\u540e\u9762\u7b80\u76f4\u4e0d\u80fd\u770b\uff0c\u4f30\u8ba1\u5176\u4ed6\u4eba\u4e5f\u662f\u4e00\u6837\uff0c\u5306\u5306\u5b8c\u672c\u4e5f\u662f\u610f\u6599\u4e2d\u7684\uff01"}, {"userName": "\u4e66\u53cb161112173518558", "userReviewDate": "\u6628\u65e500:50", "userURL": "https://my.qidian.com/user/225460121", "userReview": "\u63a8\u8350\u4fee\u4ed9\u795e\u4f5c\uff0c\u300a\u51e1\u4eba\u4fee\u4ed9\u4f20\u300b\u2714\u2714\u2714\u2714\u2714\u2714\u2714\u63a8\u8350\u79d1\u5e7b\u795e\u4f5c\uff0c\u300a\u5b8c\u7f8e\u5f62\u6001\u300b\u2714\u2714\u2714\u2714\u2714\u2714\u2714\u2714\u63a8\u8350\u70b9"}, {"userName": "\u8ff7\u5931\u5728\u5730\u7403\u7684\u5916\u661f\u7efc\u5408\u8230", "userReviewDate": "2018-06-06", "userURL": "https://my.qidian.com/user/302095099", "userReview": "\ud83d\udc59\ud83d\udc59\ud83d\udc57\ud83d\udc57\ud83d\udc59\ud83d\udc59\ud83d\udc57\ud83d\udc57"}, {"userName": "\u8ba4\u771f\u8bfb\u4e66\u8ba4\u771f\u5b66\u4e60", "userReviewDate": "2018-06-06", "userURL": "https://my.qidian.com/user/111435157", "userReview": "\u7f51\u7edc\u6251\u8857\u5199\u624b\u5218\u5317\uff0c\u7a7f\u8d8a\u5230\u4e86\u4e00\u4e2a\u4e0e\u5730\u7403\u76f8\u4f3c\u7684\u5e73\u884c\u4e16\u754c\u3002\u3000\u3000\u5728\u8fd9\u4e2a\u4e16\u754c\uff0c\u4e0e\u539f\u672c\u7684\u4e16\u754c\uff0c\u6ca1\u591a\u5c11\u5dee"}, {"userName": "\u7a76\u7adf\u6d85\u78d02", "userReviewDate": "2018-06-05", "userURL": "https://my.qidian.com/user/310356581", "userReview": "\u7b7e\u5230\u3002\u3002\u3002\u3002\u3002"}, {"userName": "\u971c\u53f6\u51db", "userReviewDate": "2018-06-02", "userURL": "https://my.qidian.com/user/174263226", "userReview": "\u597d\u5c2c\uff0c\u4f46\u4e66\u8352\u4e86\u6253\u53d1\u65f6\u95f4\u8fd8\u662f\u4e0d\u9519\u7684  \u54c8\u54c8"}, {"userName": "\u6062\u6ca1", "userReviewDate": "2018-06-01", "userURL": "https://my.qidian.com/user/314365867", "userReview": "\u5f00\u59cb\u662f\u5954\u7740\u8111\u6d1e\u6765\u7684\uff0c\u770b\u4e86\u5927\u6982\u5341\u7ae0\uff0c\u5b9e\u5728\u770b\u4e0d\u4e0b\u53bb\u4e86\uff0c\u611f\u89c9\u8981\u5d29\uff0c\u770b\u4e86\u4e0b\u5b8c\u7ed3\u611f\u8a00\u679c\u7136\uff0c\u4f5c\u8005\u8111\u6d1e\u503c"}, {"userName": "\u8bda\u5b9e\u7684\u5c0f\u5e97\u4e3b", "userReviewDate": "2018-06-01", "userURL": "https://my.qidian.com/user/313892407", "userReview": "\u5c31\u516c\u4ea4\u8f66\u90a3\u6bb5\u633a\u597d\u7684\uff0c\u540e\u9762\u7684\u8ba9\u6211\u6028\u5ff5+10000"}, {"userName": "\u68a6\u4e2d\u4e94\u65ec", "userReviewDate": "2018-05-31", "userURL": "https://my.qidian.com/user/307189432", "userReview": "\u4e71\u7cdf\u7cdf\u7684\u770b\u4e0d\u61c2"}, {"userName": "\u4e66\u53cb20180102121159135", "userReviewDate": "2018-05-31", "userURL": "https://my.qidian.com/user/312303844", "userReview": "\u7b80\u4ecb\u7684\u6700\u540e\u4e00\u53e5\u597d\u6709\u529d\u9000\u6548\u679c"}], "description": "\u5fc3\u6f6e\u6f8e\u6e43\uff0c\u65e0\u9650\u5e7b\u60f3\uff0c\u8fce\u98ce\u6325\u51fb\u5343\u5c42\u6d6a\uff0c\u5c11\u5e74\u4e0d\u8d25\u70ed\u8840\uff01", "title": "\u4fe1\u4ef0\u5927\u7206\u70b8", "url": "https://book.qidian.com/info/1010635438", "average": -1.0, "cover": "//qidian.qpic.cn/qdbimg/349573/1010635438/180", "reviews": -1, "authors": [{"url": "https://me.qidian.com/authorIndex.aspx?id=3372264", "name": "\u591c\u8272\u9759\u6084\u6084"}], "type": ["\u7384\u5e7b", "\u4e1c\u65b9\u7384\u5e7b", "\u4e8c\u6b21\u5143"], "outlinks": ["https://book.qidian.com/info/1010635438", "https://book.qidian.com/info/1007386189", "https://book.qidian.com/info/1007386189", "https://book.qidian.com/info/1009602961", "https://book.qidian.com/info/1009602961", "https://book.qidian.com/info/1009703312", "https://book.qidian.com/info/1009703312", "https://book.qidian.com/info/1009326878", "https://book.qidian.com/info/1009326878", "https://book.qidian.com/info/1009713135", "https://book.qidian.com/info/1009713135", "https://book.qidian.com/info/1004832519", "https://book.qidian.com/info/1004832519", "https://book.qidian.com/info/1010040580", "https://book.qidian.com/info/1010040580", "https://book.qidian.com/info/1011988403", "https://book.qidian.com/info/1009595922", "https://book.qidian.com/info/1011844784", "https://book.qidian.com/info/1011892497", "https://book.qidian.com/info/1011095320", "https://book.qidian.com/info/1011996851", "https://book.qidian.com/info/1011856434", "https://book.qidian.com/info/1011879207", "https://book.qidian.com/info/1011833256", "https://book.qidian.com/info/1011967674"]}