{"ratings": 0.0, "userreviews": [{"userName": "\u5bc2\u591c\u98ce\u884c", "userReviewDate": "2018-02-14", "userURL": "https://my.qidian.com/user/209723090", "userReview": "\u5bc2\u591c\u98ce\u884c\u6253\u8d4f\u671d\u4e0d\u4fdd\u5915 100000\u8d77\u70b9\u5e01  \u5929\u82b1\u4e71\u5760\uff0c\u611f\u52a8\u6d95\u96f6\uff0c\u5148\u751f\u4e4b\u624d\u5f53\u53d7\u6b64\u8d4f\uff01"}, {"userName": "\u5bc2\u591c\u98ce\u884c", "userReviewDate": "2018-02-13", "userURL": "https://my.qidian.com/user/209723090", "userReview": "\u5bc2\u591c\u98ce\u884c\u6253\u8d4f\u671d\u4e0d\u4fdd\u5915 50000\u8d77\u70b9\u5e01  \u4fe1\u4ef0\u8bf8\u5929"}, {"userName": "\u5510\u98ce\u5b8b\u4eea", "userReviewDate": "2017-12-01", "userURL": "https://my.qidian.com/user/121025320", "userReview": "\u6253\u8d4f\u697c\uff0c\u4e00\u697c\u4e00\u767e\u5e01\u3002\u4e0a\u4e0d\u5c01\u9876\u3002\u5728\u4e0b\u867d\u65e0\u5927\u7528\uff0c\u4f46\u4e5f\u8981\u8d5e\u52a9\u4e00\u4e8c\u3002\u652f\u6301\u4f5c\u8005\u3002\u52a0\u6cb9\u3002"}, {"userName": "\u5bc2\u591c\u98ce\u884c", "userReviewDate": "2017-07-06", "userURL": "https://my.qidian.com/user/209723090", "userReview": "\u5bc2\u591c\u98ce\u884c\u6253\u8d4f\u671d\u4e0d\u4fdd\u5915 100000\u8d77\u70b9\u5e01  \u5929\u82b1\u4e71\u5760\uff0c\u611f\u52a8\u6d95\u96f6\uff0c\u5148\u751f\u4e4b\u624d\u5f53\u53d7\u6b64\u8d4f\uff01\u8bf4\u5230\u505a\u5230"}, {"userName": "\u53e4\u6717\u591c\u884c", "userReviewDate": "\u6628\u65e507:03", "userURL": "https://my.qidian.com/user/302056131", "userReview": "\u7a7f\u8d8a\u6d41\u5c0f\u8bf4\u300a\u9006\u6d41\u8bc1\u9053\u300b\u8def\u8fc7\uff0c\u5e7f\u544a\u4e00\u6ce2"}, {"userName": "\u53f6\u66e6\u98ce", "userReviewDate": "\u6628\u65e506:20", "userURL": "https://my.qidian.com/user/309340468", "userReview": "\u5988\u7684\uff0c\u4e3b\u89d2\u540d\u5b57\u592a\u51fa\u620f\u4e86\uff0c\u6211\u4e00\u4e2a\u670b\u53cb\u7684\u540d\u5b57\u4e5f\u53eb\u6797\u5915\uff0c\u770b\u7740\u5165\u4e0d\u4e86\u72b6\u6001"}, {"userName": "\u4e66\u53cb161112173356686", "userReviewDate": "2018-06-07", "userURL": "https://my.qidian.com/user/225460089", "userReview": "\u975e\u5e38\u6709\u70b9\u51fb\u91cf\u7684\u7684\u5c0f\u8bf4\uff0c\u300a\u6597\u7834\u82cd\u7a79\u300b\u2026\u2026\u2026\u2026\u2026\u975e\u5e38\u725b\u903c\u7684\u79d1\u5e7b\u53f2\u8bd7\u795e\u5c0f\u8bf4\uff0c\u300a\u4e09\u4f53\u300b\u2026\u2026\u2026\u2026\u2026\u975e"}, {"userName": "\u8ffd\u5fc6\u901d\u6c34\u5e74\u534e\u7fbd", "userReviewDate": "2018-06-06", "userURL": "https://my.qidian.com/user/226709684", "userReview": "\u906e\u5929\u5199\u7684\u5f88\u5d29\uff0c\u8bbe\u5b9a\u53d8\u6765\u53d8\u53bb\uff0c\u5927\u7f57\u91d1\u4ed9\u624d\u662f\u7ea2\u5c18\u4ed9\u7ea7\u522b"}, {"userName": "\u8ff7\u5931\u5728\u5730\u7403\u7684\u5916\u661f\u7efc\u5408\u8230", "userReviewDate": "2018-06-04", "userURL": "https://my.qidian.com/user/302095099", "userReview": "\ud83d\udc81\ud83d\ude45\ud83d\ude46\ud83d\udc87\ud83d\udc86"}, {"userName": "\u7f2e\u6027\u523b\u610f", "userReviewDate": "2018-06-02", "userURL": "https://my.qidian.com/user/200286452", "userReview": "\u72e0\u4eba\uff1a\u6211\u54e5\u54e5\uff1f\u6211\u600e\u4e48\u7a81\u7136\u591a\u4e86\u8fd9\u4e48\u591a\u54e5\u54e5\u4e86"}, {"userName": "\u4e66\u53cb151114203313626", "userReviewDate": "2018-05-29", "userURL": "https://my.qidian.com/user/213339535", "userReview": "\u6c34\u7ecf\u9a8c1\u6c34\u7ecf\u9a8c2"}, {"userName": "\u4e66\u53cb151114203313626", "userReviewDate": "2018-05-29", "userURL": "https://my.qidian.com/user/213339535", "userReview": "\u53cd\u6b63\u6700\u540e\u90fd\u662f\u4e00\u6837\u7684"}, {"userName": "\u591c\u865a\u95ee", "userReviewDate": "2018-05-27", "userURL": "https://my.qidian.com/user/118077918", "userReview": "\u5c01\u9762\u4e0d\u662f\u4e91\u98a0\u571f\u8c6a\u84dd\u6323\u5417\uff1f"}, {"userName": "\u7403\u7403\u6559\u4e3b", "userReviewDate": "2018-05-26", "userURL": "https://my.qidian.com/user/222457022", "userReview": "\u5feb\u5b8c\u672c\u4e86\uff0c\u53d1\u4e2a\u4e66\u8bc4\u5427\u3002\u6211\u662f\u4e0a\u672c\u4e66\u8ddf\u8fc7\u6765\u7684\u8bfb\u8005\uff0c\u4e00\u5f00\u59cb\u662f\u5728\u76d7\u7248\u7f51\u7ad9\u770b\u5230\u6700\u5f3a\u4e3b\u795e\uff0c\u53d1\u73b0\u610f\u5916\u7684\u8fd8"}], "description": "\u5fc3\u6f6e\u6f8e\u6e43\uff0c\u65e0\u9650\u5e7b\u60f3\uff0c\u8fce\u98ce\u6325\u51fb\u5343\u5c42\u6d6a\uff0c\u5c11\u5e74\u4e0d\u8d25\u70ed\u8840\uff01", "title": "\u4fe1\u4ef0\u8bf8\u5929", "url": "https://book.qidian.com/info/1006441469", "average": -1.0, "cover": "//qidian.qpic.cn/qdbimg/349573/1006441469/180", "reviews": -1, "authors": [{"url": "https://me.qidian.com/authorIndex.aspx?id=7655573", "name": "\u671d\u4e0d\u4fdd\u5915"}], "type": ["\u7384\u5e7b", "\u4e1c\u65b9\u7384\u5e7b", "\u4e8c\u6b21\u5143"], "outlinks": ["https://book.qidian.com/info/1006441469", "https://book.qidian.com/info/1005104206", "https://book.qidian.com/info/1005104206", "https://book.qidian.com/info/1010824803", "https://book.qidian.com/info/1010824803", "https://book.qidian.com/info/1010695671", "https://book.qidian.com/info/1010695671", "https://book.qidian.com/info/1010696572", "https://book.qidian.com/info/1010696572", "https://book.qidian.com/info/1010041028", "https://book.qidian.com/info/1010041028", "https://book.qidian.com/info/1010248623", "https://book.qidian.com/info/1010248623", "https://book.qidian.com/info/1003648118", "https://book.qidian.com/info/1003648118", "https://book.qidian.com/info/1011198239", "https://book.qidian.com/info/1011198239", "https://book.qidian.com/info/1011988403", "https://book.qidian.com/info/1009595922", "https://book.qidian.com/info/1011844784", "https://book.qidian.com/info/1011892497", "https://book.qidian.com/info/1011095320", "https://book.qidian.com/info/1011996851", "https://book.qidian.com/info/1011856434", "https://book.qidian.com/info/1011879207", "https://book.qidian.com/info/1011833256", "https://book.qidian.com/info/1011967674"]}