{"ratings": 0.0, "userreviews": [{"userName": "\u4e66\u53cb150706162855629", "userReviewDate": "17\u5c0f\u65f6\u524d", "userURL": "https://my.qidian.com/user/210404577", "userReview": "\u597d\ud83d\udd25\ud83d\udd25\ud83d\udd25\ud83d\udd25"}, {"userName": "\u5927\u8c46\u903c", "userReviewDate": "2018-06-07", "userURL": "https://my.qidian.com/user/219750427", "userReview": "\u4f60\u4eec\u6709\u6ca1\u6709\u7c7b\u4f3c\u8fd9\u672c\u4e66\u4e00\u6837\u7684\u4e66\u2026\u2026"}, {"userName": "\u7d2b\u864e\u53f6", "userReviewDate": "2018-06-04", "userURL": "https://my.qidian.com/user/216061264", "userReview": "\u4e0d\u597d\u770b\u554a\uff0c"}, {"userName": "\u4f1a\u753b\u753b\u7684\u773c\u955c", "userReviewDate": "2018-06-03", "userURL": "https://my.qidian.com/user/226912066", "userReview": "\u4e00\u822c\u5f02\u7c7b\u4e3b\u89d2\u53d8\u4eba\u5f88\u5bb9\u6613\u5199\u8e66\uff0c\u770b\u4e86\u597d\u591a\u672c\uff0c10\u672c\u67098\u672c\u5199\u5d29\u7684 \uff0c\u800c\u4e14\u90e8\u5206\u8bfb\u8005\u770b\u5f02\u517d\u5f53\u4e3b\u89d2\u5c31\u662f"}, {"userName": "\u6797\u5915\u4f55\u516e", "userReviewDate": "2018-06-03", "userURL": "https://my.qidian.com/user/193795490", "userReview": "\u63a8\u7684\u90a3\u672c\u4e66\uff0c\u4ecb\u7ecd\u770b\u4e86\u611f\u89c9\u5c31\u50cf\u662f\u6211\u521a\u63a5\u89e6\u7f51\u6587\u65f6\u7684\u90a3\u79cd\uff0c\u6cd5\u5e08\uff0c\u5927\u6cd5\u5e08\uff0c\u9b54\u5bfc\u5e08\uff0c\u5927\u9b54\u5bfc\u5e08\u2026\u2026"}, {"userName": "\u7231\u5f88\u6df1\u6c89", "userReviewDate": "2018-05-22", "userURL": "https://my.qidian.com/user/209775794", "userReview": "\u5efa\u4e2a\u7b7e\u5230\u697c\uff01\u6c42\u652f\u6301\uff01\u6c42\u52a0\u7cbe\uff01"}, {"userName": "\u9f99\u7fd4\u5347\u817e", "userReviewDate": "2018-05-13", "userURL": "https://my.qidian.com/user/225451153", "userReview": "\u7b7e\u5230\u652f\u6301\u4e0b"}, {"userName": "\u6211\u662f\u5927\u660e\u6e56\u7554\u7684\u5c0f\u9c9c\u8089", "userReviewDate": "2018-05-02", "userURL": "https://my.qidian.com/user/215156262", "userReview": "\u770b\u523082\u7ae0\uff0c\u611f\u89c9\u4e0d\u53ef\u601d\u8bae\uff0c\u771f\u795e\u8f6c\u4e16\u4e4b\u8eab\u88ab\u4e00\u7fa4\u4fe1\u5f92\u8d28\u7591\uff1f\u8fd8\u544a\u8bc9\u6211\u8fd9\u4e9b\u4eba\u5c5e\u4e8e\u72c2\u4fe1\u5f92\uff1f\u7adf\u7136\u8fd8\u8003\u9a8c"}, {"userName": "\u4e66\u53cb160904211413710", "userReviewDate": "2018-04-24", "userURL": "https://my.qidian.com/user/222421632", "userReview": "\u770b\u5230\u8bf4\u6700\u540e\u6210\u4eba\u4e86\uff0c\u987f\u65f6\u5c31\u4e0d\u60f3\u770b\u4e86\uff0c\u65e2\u7136\u4f60\u8981\u5199\u4eba\uff0c\u90a3\u76f4\u63a5\u5199\u5457\uff0c\u975e\u5f97\u5199\u4ec0\u4e48\u6811"}, {"userName": "\u8302\u6770\u5144", "userReviewDate": "2018-04-17", "userURL": "https://my.qidian.com/user/111041548", "userReview": "\u53d8\u6210\u4eba\u4e4b\u540e\u5c31\u6ca1\u770b\u4e86\uff0c\u4e3a\u4ec0\u4e48\u6240\u6709\u7684\u52a8\u690d\u7269\u90fd\u6ce8\u5b9a\u53d8\u6210\u4eba"}, {"userName": "\u79cd\u82b1\u5bb6\u5154\u9171", "userReviewDate": "2018-04-09", "userURL": "https://my.qidian.com/user/230535721", "userReview": "\u795e\u519c\u5462\uff1f\u4ed9\u8349\u8fd8\u662f\u6bd2\u8349\uff1f"}, {"userName": "\u9006\u5929\u840c\u65b0", "userReviewDate": "2018-03-20", "userURL": "https://my.qidian.com/user/230490345", "userReview": "\u770b\u4e0d\u4e0b\u53bb\uff0c\u662f\u4e00\u68f5\u6811\u80fd\u4e0d\u80fd\u597d\u597d\u505a\u4e00\u68f5\u6811\u5462\uff1f"}, {"userName": "Anemoi", "userReviewDate": "2018-03-04", "userURL": "https://my.qidian.com/user/219419455", "userReview": "\u53c8\u662f\u5347\u7ea7\u90fd\u662f\u795e\u4e86\u8fd8\u8981\u5347\u7ea7"}, {"userName": "\u4e66\u53cb20180111131631046", "userReviewDate": "2018-02-03", "userURL": "https://my.qidian.com/user/312580191", "userReview": "\u4ece\u53e4\u5230\u4eca\u7684\u795e\u8bdd\u6545\u4e8b\u5f02\u7c7b\u4e0d\u662f\u90fd\u5316\u4f5c\u4eba\u5f62\u561b\uff01\u53d8\u6210\u4eba\u5f88\u6b63\u5e38\u554a\uff01"}], "description": "\u9b54\u517d\u8df5\u8e0f\uff0c\u5de8\u9f99\u5486\u54ee\uff0c\u5deb\u5e08\u8bc5\u5492\uff0c\u9b54\u6cd5\u7480\u74a8\u4e4b\u5149\u7167\u8000\u77e5\u8bc6\u706f\u5854\uff01", "title": "\u4fe1\u4ef0\u795e\u56fd", "url": "https://book.qidian.com/info/1004875164", "average": -1.0, "cover": "//qidian.qpic.cn/qdbimg/349573/1004875164/180", "reviews": -1, "authors": [{"url": "https://me.qidian.com/authorIndex.aspx?id=9331397", "name": "\u4e24\u53ea\u9648\u6d01\u5357"}], "type": ["\u5947\u5e7b", "\u5386\u53f2\u795e\u8bdd"], "outlinks": ["https://book.qidian.com/info/1004875164", "https://book.qidian.com/info/1010685191", "https://book.qidian.com/info/1010685191", "https://book.qidian.com/info/1010741169", "https://book.qidian.com/info/1010741169", "https://book.qidian.com/info/1010985987", "https://book.qidian.com/info/1010985987", "https://book.qidian.com/info/1010924388", "https://book.qidian.com/info/1010924388", "https://book.qidian.com/info/1010587517", "https://book.qidian.com/info/1010587517", "https://book.qidian.com/info/1010700358", "https://book.qidian.com/info/1010700358", "https://book.qidian.com/info/1010032521", "https://book.qidian.com/info/1010032521", "https://book.qidian.com/info/1011194349", "https://book.qidian.com/info/1011966445", "https://book.qidian.com/info/1011923635", "https://book.qidian.com/info/1011996030", "https://book.qidian.com/info/1011894816", "https://book.qidian.com/info/1011954628", "https://book.qidian.com/info/1011324769", "https://book.qidian.com/info/1005209240", "https://book.qidian.com/info/1011806768", "https://book.qidian.com/info/1011417251"]}