{"ratings": 0.0, "userreviews": [{"userName": "Nonc\u4e36Vedi", "userReviewDate": "4\u5c0f\u65f6\u524d", "userURL": "https://my.qidian.com/user/216244411", "userReview": "\u4e07\u4e08\u9ad8\u697c\u5e73\u5730\u8d77 \u5976\u7238\u8fd8\u662f\u5c0f\u516c\u4e3e \u9700\u8981\u5475\u62a4 \u548c\u5173\u7167 \u6240\u4ee5\u5728\u6b64\u6253\u57fa 1\u697c10\u5e01 \u767e\u697c\u4e00\u7ed3"}, {"userName": "\u5168\u56fd\u6296\u817f\u603b\u51a0\u519b", "userReviewDate": "2018-06-01", "userURL": "https://my.qidian.com/user/301109631", "userReview": "\u5f88\u559c\u6b22\u4f5c\u8005\u7684\u4e66 \u6211\u4e5f\u76d6\u4e2a\u697c\u5427  \u4e00\u697c10\u5e01 \u767e\u697c\u4e00\u7ed3  \u76df\u4e3b\u5c01\u9876\uff01"}, {"userName": "\u8def\u8fc7\u8def\u8fc7\u5728\u8def\u8fc7", "userReviewDate": "2018-04-10", "userURL": "https://my.qidian.com/user/217759025", "userReview": "\u76d6\u4e2a\u697c\uff0c\u524d\u9762\u90a3\u697c\u6253\u9519\u5b57\u4e86\u2026\u2026\u4e00\u697c\u5341\u5e01\uff0c\u767e\u697c\u4e00\u7ed3\uff0c\u76df\u4e3b\u5c01\u9876"}, {"userName": "\u501a\u4e95\u5df2\u6789\u7136", "userReviewDate": "2\u5c0f\u65f6\u524d", "userURL": "https://my.qidian.com/user/314203170", "userReview": "\u7b80\u4ecb\u91cc\u4e94\u767e\u5e74\u524d\u79bb\u5f00\uff0c\u7136\u800c\u53ea\u8fc7\u4e86\u4e94\u5e74\u3002\u5947\u8469\u903b\u8f91\u3002\u256e\uff08\u256f\uff3f\u2570\uff09\u256d"}, {"userName": "katatsumuri", "userReviewDate": "3\u5c0f\u65f6\u524d", "userURL": "https://my.qidian.com/user/231388394", "userReview": "\u6211\u60f3\u4e0a\u767d\u94f6\uff0c\u4f46\u662f\u6ca1\u52a8\u529b\u554a\uff0c\u770b\u770b\u4e66\u53cb\u4eec\u7684\u53cd\u5e94\u3002\u91cd\u65b0\u76d6\u4e2a\u697c\uff0c\u4e00\u697c100\u5e01\uff0c\u4e07\u697c1\u7ed3\uff0c\u53ea\u76d6\u4e00\u4e07\u697c"}, {"userName": "RUY16109", "userReviewDate": "4\u5c0f\u65f6\u524d", "userURL": "https://my.qidian.com/user/317076255", "userReview": "\u5e0c\u671b\u8fd8\u662f\u4ee5\u201c\u5976\u7238\u201d\u4e3a\u7740\u91cd\u70b9\u5427\uff0c\u76ee\u524d\u611f\u89c9\u6709\u70b9\u201c\u5730\u7403\u7075\u6c14\u590d\u82cf\u201d\u7684\u610f\u601d\u4e86"}, {"userName": "\u5c0f\u75afhy", "userReviewDate": "6\u5c0f\u65f6\u524d", "userURL": "https://my.qidian.com/user/301377959", "userReview": "\u770b\u4f5c\u8005\u7684\u4e66\uff0c\u8ba4\u4e3a\u94b1\u6ca1\u6709\u767d\u8d39\u7684\u4eba\u6765\u8fd9\u91cc\u7b7e\u4e2a\u5230\uff0c\u8ba9\u4f5c\u8005\u770b\u770b\uff0c\u6709\u591a\u5c11\u4eba\u7ad9\u5728\u4ed6\u7684\u8eab\u540e\u652f\u6301\u4ed6\uff01"}, {"userName": "9\u5e74\u770b\u4e66\u6ca1\u53d1\u94b1", "userReviewDate": "7\u5c0f\u65f6\u524d", "userURL": "https://my.qidian.com/user/218294684", "userReview": "\u6211\u60f3\u95ee\u4e00\u4e0b\u9694\u4e86\u51e0\u4e2a\u661f\u7cfb\u65f6\u95f4\u5c31\u5dee\u4e86\u4e00\u767e\u500d\u5417\uff1f"}, {"userName": "\u6771\u5858", "userReviewDate": "9\u5c0f\u65f6\u524d", "userURL": "https://my.qidian.com/user/213821489", "userReview": "\u7b7e\u5230\u52a0\u6cb9\u3002"}, {"userName": "\u8bb0\u5f97\u7ed9\u81ea\u5df1\u5076\u5c14\u52a0\u52a0\u6cb9", "userReviewDate": "16\u5c0f\u65f6\u524d", "userURL": "https://my.qidian.com/user/209739458", "userReview": "\u73b0\u5728\u8ba2\u9605\u591a\u5c11\u4e86"}, {"userName": "\u4e2d\u5cb3\u5d69\u5c71", "userReviewDate": "17\u5c0f\u65f6\u524d", "userURL": "https://my.qidian.com/user/127413692", "userReview": "231\u4ec0\u4e48\u65f6\u5019\u51fa\u6765\uff0c\u53d1\u73b0\u73b0\u5728\u8d77\u70b9\u5f88\u591a\u5c0f\u8bf4\u90fd\u4e0d\u5168\u3002"}, {"userName": "\u7231\u62bd\u7d2b\u4e91", "userReviewDate": "22\u5c0f\u65f6\u524d", "userURL": "https://my.qidian.com/user/225741824", "userReview": "\u7239\u5988\u8d70\u4e86\u4e94\u5e74\uff0c\u5973\u513f\u624d\u56db\u5c81\uff0c\u8fd9\u4e2a\u53c8\u662f\u77f3\u5934\u8e66\u51fa\u6765\u7684\u5c0f\u5b69\u4eec\uff0c\u8bf7\u95ee\u4ed6\u4eec\u90fd\u79bb\u5bb6\u51fa\u8d70\u7684\u4e00\u5e74\u540e\u662f\u600e\u4e48\u628a\u5b69"}, {"userName": "\u5357\u5cad\u4e00\u75f4\u4eba", "userReviewDate": "\u6628\u65e512:58", "userURL": "https://my.qidian.com/user/105183002", "userReview": "\u7b7e\u5230     "}, {"userName": "\u6771\u5858", "userReviewDate": "\u6628\u65e505:58", "userURL": "https://my.qidian.com/user/213821489", "userReview": "\u7b7e\u5230\u52a0\u6cb9\u3002"}], "description": "\u91cd\u751f\u8fc7\u53bb\u3001\u7545\u60f3\u672a\u6765\u3001\u68a6\u5e7b\u73b0\u5b9e\uff0c\u518d\u5851\u4f20\u5947\u4eba\u751f\uff01", "title": "\u4fee\u4ed9\u5f52\u6765\u5f53\u5976\u7238", "url": "https://book.qidian.com/info/1010781736", "average": -1.0, "cover": "//qidian.qpic.cn/qdbimg/349573/1010781736/180", "reviews": -1, "authors": [{"url": "https://me.qidian.com/authorIndex.aspx?id=10646137", "name": "\u897f\u7a97\u767d"}], "type": ["\u90fd\u5e02", "\u90fd\u5e02\u751f\u6d3b"], "outlinks": ["https://book.qidian.com/info/1010781736", "https://book.qidian.com/info/1009915605", "https://book.qidian.com/info/1009915605", "https://book.qidian.com/info/1010092001", "https://book.qidian.com/info/1010092001", "https://book.qidian.com/info/1010925483", "https://book.qidian.com/info/1010925483", "https://book.qidian.com/info/1009898088", "https://book.qidian.com/info/1009898088", "https://book.qidian.com/info/1009710728", "https://book.qidian.com/info/1009710728", "https://book.qidian.com/info/1009531496", "https://book.qidian.com/info/1009531496", "https://book.qidian.com/info/1011932150", "https://book.qidian.com/info/1012029544", "https://book.qidian.com/info/1012015699", "https://book.qidian.com/info/1012018201", "https://book.qidian.com/info/1011879101", "https://book.qidian.com/info/1011790606", "https://book.qidian.com/info/1011971435", "https://book.qidian.com/info/1009695534", "https://book.qidian.com/info/1011890878", "https://book.qidian.com/info/1010537314"]}