{"ratings": 0.0, "userreviews": [{"userName": "\u590f\u968f\u98ce\u4e14\u968f\u98ce", "userReviewDate": "2018-05-29", "userURL": "https://my.qidian.com/user/200943620", "userReview": "\u5f88\u4e45\u6ca1\u770b\u5230\u8fd9\u6837\u7684\u6545\u4e8b\u4e86\u3002\u6211\u4e00\u76f4\u90fd\u4e0d\u559c\u6b22\u592a\u8fc7\u6c89\u91cd\u7684\u6545\u4e8b\uff0c\u5f88\u7d2f\uff0c\u770b\u8d77\u6765\u5fc3\u8eab\u4ff1\u75b2\u3002\u56e0\u4e3a\u4e0d\u559c\u6b22\u5f31\u5c0f"}, {"userName": "\u767d\u5763", "userReviewDate": "2018-05-10", "userURL": "https://my.qidian.com/user/211655381", "userReview": "#\u89d2\u8272\u8bbf\u8c08#\u9646\u51c9\u6709\u4eba\u8f7b\u63cf\u6de1\u5199\u5730\u4ee5\u4e16\u754c\u4e3a\u68cb\u5b50\u3002\u4e5f\u6709\u4eba\u8f97\u8f6c\u4e8e\u751f\u6b7b\u8fb9\u7f18\u6323\u624e\u6c42\u5b58\u3002\u90a3\u53e5\u201c\u4f60\u547d\u6570\u5df2\u5c3d"}, {"userName": "\u695a\u4e91\u9ece", "userReviewDate": "2018-04-29", "userURL": "https://my.qidian.com/user/306024327", "userReview": "\u5efa\u4e2a\u5f81\u96c6\u697c\u5427\uff0c\u4e00\u4e9b\u914d\u89d2\u548c\u9f99\u5957\u540d\u5b57\u4e0d\u8981\u5927\u610f\u6ef4\u6765\u5427\uff0c\u7ed9\u8d77\u540d\u5e9f\u4f5c\u8005\u4e00\u4e2a\u633d\u6551\u667a\u5546\u7684\u673a\u4f1a\u2026\u2026"}, {"userName": "\u5239\u90a3\u5c18\u57c3", "userReviewDate": "2018-04-10", "userURL": "https://my.qidian.com/user/165005", "userReview": "\u6d3b\u52a8\u4e66\u8bc4\u751f\u4e3a\u6b7b\u8005\u81f3\uff0c\u6b7b\u56e0\u751f\u8005\u4ea1\u3002\u4e00\u4e2a\u4e2a\u9971\u6ee1\u4e2a\u6027\u7684\u4eba\u7269\uff0c\u5145\u65a5\u7740\u8bdd\u4e0d\u5c3d\u7684\u60b2\u51c9\uff0c\u8fd9\u65b9\u4e16\u754c\u8981\u4ea1\uff0c\u8fd9"}, {"userName": "\u695a\u4e91\u9ece", "userReviewDate": "18\u5c0f\u65f6\u524d", "userURL": "https://my.qidian.com/user/306024327", "userReview": "\u2026\u2026\u6536\u85cf\u53d1\u751f\u4e86\u4ec0\u4e48\uff1f\u4eba\u90fd\u662f\u54ea\u91cc\u6765\u7684\uff1f\uff1f_(:3\u300d\u2220)_\u4e00\u8138\u61f5\u903c\u7684\u6211\u3002"}, {"userName": "\u535c\u53f6\u661f", "userReviewDate": "2018-06-07", "userURL": "https://my.qidian.com/user/212714601", "userReview": "\u7b2c\u4e00\u8d34\uff0c\u610f\u5916\u7684\u4e00\u672c\u597d\u4e66"}, {"userName": "\u841d\u8389\u63a7\u90fd\u4e0d\u662f\u574f\u4eba", "userReviewDate": "2018-06-03", "userURL": "https://my.qidian.com/user/304848563", "userReview": "\u8bdd\u8bf4\u90a3\u4e2a\u59d3\u8212\u7684\u6b7b\u4e86\u5417"}, {"userName": "\u91cd\u75c7\u62d6\u5ef6", "userReviewDate": "2018-05-26", "userURL": "https://my.qidian.com/user/313045648", "userReview": "\u8ba4\u771f\u8138\u2026\u2026\u50ac\u66f4\u2026\u2026"}, {"userName": "\u695a\u4e91\u9ece", "userReviewDate": "2018-05-22", "userURL": "https://my.qidian.com/user/306024327", "userReview": "emmm\uff0c\u6211\u60f3\u7740\u80fd\u60f3\u597d\u5b8c\u6574\u5267\u60c5\u518d\u52a8\u7b14\u5199\uff0c\u6700\u8fd1\u6709\u70b9\u4e0d\u5728\u72b6\u6001\u3002\u5f53\u7136\u6545\u4e8b\u7684\u7ed3\u5c40\u6211\u662f\u5f88\u6e05\u695a\u7684\uff0c\u4e5f\u77e5"}, {"userName": "\u767d\u5763", "userReviewDate": "2018-05-21", "userURL": "https://my.qidian.com/user/211655381", "userReview": "\u6709\u4ece\u4e13\u680f\u8fc7\u6765\u7684\u5417\uff08\u8bd5\u63a2\uff09"}, {"userName": "\u767d\u5763", "userReviewDate": "2018-05-15", "userURL": "https://my.qidian.com/user/211655381", "userReview": "\u671f\u5f85\u5730\u70b9\u5f00\u4f5c\u54c1\u76f8\u5173\u91cc\u9762\u7684\u98df\u7528\u8bf4\u660e\u7136\u540e\u2026\u2026(\u256f\u00b0\u0414\u00b0\uff09\u256f\ufe35 /(.\u25a1 . \\)\u6211\u60f3\u770b\u7684\u4e0d\u662f\u8fd9"}, {"userName": "\u5239\u90a3\u5c18\u57c3", "userReviewDate": "2018-05-10", "userURL": "https://my.qidian.com/user/165005", "userReview": "\u5bf9\u4e86\uff0cpc\u7aef\u8fd8\u6709\u5173\u4e8e\u63a8\u8350\u7968\u4e4b\u661f\u4efb\u52a1\u7684\uff0c\u5171\u516d\u5b63\uff0c\u6bcf\u5b8c\u6210\u4e00\u5b63\u7ed9\u4e00\u5b9a\u91cf\u7ecf\u9a8c\u503c\u3002\u7b2c\u4e00\u5b63\u6295\u63a8\u8350\u7968\u4e00\u5f20"}, {"userName": "\u5239\u90a3\u5c18\u57c3", "userReviewDate": "2018-05-10", "userURL": "https://my.qidian.com/user/165005", "userReview": "\u5973\u751f\u63a8\u8350\u7968\u548c\u7537\u9891\u63a8\u8350\u7968\u4e0d\u51b2\u7a81\u7684\u554a\uff01\u53ef\u4ee5\u56fa\u5b9a\u5f53\u505a\u6295\u653e\u70b9\uff0c\u4f3c\u4e4e\u8fd8\u53ef\u4ee5\u589e\u52a0\u7ecf\u9a8c\u503c\u5462!"}, {"userName": "\u5239\u90a3\u5c18\u57c3", "userReviewDate": "2018-05-10", "userURL": "https://my.qidian.com/user/165005", "userReview": "\u7533\u8bf7\u7248\u4e3b\u7b2c\u4e00\u8d34\uff1a\u6709\u4e66\u5355\u8fc7\u6765\u7684\u5417\uff1f\u6709\u5c31\u5431\u4e2a\u58f0\uff0c\u8bc1\u660e\u4e0b\u4e66\u5355\u8fd8\u662f\u6709\u7528\u7684"}], "description": "\u4ed9\u8def\u7f25\u7f08\uff0c\u6e05\u6b4c\u8e0f\u6708\u4e0a\u4e5d\u5929\uff1b\u4e91\u5c71\u4e07\u52ab\uff0c\u4e00\u5251\u5929\u5149\u95ee\u60c5\u7f18\u3002", "title": "\u4fee\u4ed9\u754c\u751f\u5b58\u624b\u672d", "url": "https://book.qidian.com/info/1010427393", "average": -1.0, "cover": "//qidian.qpic.cn/qdbimg/349573/1010427393/180", "reviews": -1, "authors": [{"url": "https://me.qidian.com/authorIndex.aspx?id=400836605", "name": "\u5371\u7fbd"}], "type": ["\u4ed9\u4fa0\u5947\u7f18", "\u53e4\u5178\u4ed9\u4fa0"], "outlinks": ["https:https://book.qidian.com/info/1011421405?qd_game_key=1011421405&qd_dd_p1=11272", "https://book.qidian.com/info/1010427393", "https://book.qidian.com/info/1011018532", "https://book.qidian.com/info/1011018532", "https://book.qidian.com/info/1010928782", "https://book.qidian.com/info/1010928782", "https://book.qidian.com/info/1010996014", "https://book.qidian.com/info/1010996014", "https://book.qidian.com/info/1010891323", "https://book.qidian.com/info/1010891323", "https://book.qidian.com/info/1011064143", "https://book.qidian.com/info/1011064143", "https://book.qidian.com/info/1010702928", "https://book.qidian.com/info/1010702928", "https://book.qidian.com/info/1011871222", "https://book.qidian.com/info/1011879261", "https://book.qidian.com/info/1011607526", "https://book.qidian.com/info/1010505110", "https://book.qidian.com/info/1010285798", "https://book.qidian.com/info/1011976900", "https://book.qidian.com/info/1010905500", "https://book.qidian.com/info/1010257077", "https://book.qidian.com/info/1003815703", "https://book.qidian.com/info/1011427728"]}