{"ratings": 0.0, "userreviews": [{"userName": "\u5f20\u626c\u98de\u98de", "userReviewDate": "2018-03-10", "userURL": "https://my.qidian.com/user/1944641", "userReview": "\u867d\u7136\u662f\u5c0f\u767d\u6587\uff0c\u4f46\u662f\u8fd8\u53ef\u4ee5\u4e86\uff0c\u4e0d\u8981\u903c\u903c\u5565\u7684\uff0c\u4eba\u5bb6\u5199\u4e86\u4f60\u770b\u5c31\u884c\uff0c\u4e0d\u670d\u81ea\u5df1\u5199\uff0c\u8fd8\u6709\u8fd9\u4e2a\u4f5c\u8005\u6211\u8bf4\u4e00"}, {"userName": "\u5927\u5929\u5ead", "userReviewDate": "2018-03-07", "userURL": "https://my.qidian.com/user/199361671", "userReview": "\u4e0d\u9519\uff0c\u4e0d\u9519\uff0c\u597d\u4e45\u6ca1\u770b\u5230\u8fd9\u6837\u4e0d\u6574\u5929\u6253\u8138\uff0c\u4e0d\u9017\u6bd4\uff0c\u8fd9\u6837\u4e00\u6b65\u6b65\u6162\u6162\u5347\u7ea7\u7684\u5c0f\u8bf4\u3002\u5e0c\u671b\u4f5c\u8005\u540e\u9762\u4e0d\u8981\u7ed9"}, {"userName": "\u6df1\u8272\u8c03\u5982\u98ce", "userReviewDate": "2018-02-13", "userURL": "https://my.qidian.com/user/222367175", "userReview": "\u8c01\u90fd\u662f\u6162\u6162\u6210\u957f\u7684  \u4e5f\u8bb8\u4e0a\u4e00\u90e8\u4e0d\u592a\u597d \u4f46\u662f\u603b\u662f\u8981\u652f\u6301"}, {"userName": "\u4e00\u68a6\u5e7b\u672f", "userReviewDate": "2018-01-05", "userURL": "https://my.qidian.com/user/225205322", "userReview": "\u5267\u60c5\u53d1\u5c55\u592a\u5feb\uff0c\u5f88\u591a\u5730\u65b9\u90fd\u662f\u4e00\u7b14\u5e26\u8fc7\uff0c\u5267\u60c5\u8854\u63a5\u5904\u7406\u7684\u4e0d\u592a\u597d\u3002"}, {"userName": "\u4e66\u53cb170114203503013", "userReviewDate": "2018-06-07", "userURL": "https://my.qidian.com/user/228171576", "userReview": "\u6ca1\u6709\u52a8\u9759\u4e86[fn=12]"}, {"userName": "Fate. \u5b89\u964c", "userReviewDate": "2018-06-05", "userURL": "https://my.qidian.com/user/190445472", "userReview": "\u592a\u76d1\u4e86[fn=1][fn=1]"}, {"userName": "\u7092\u9e21\u86cb", "userReviewDate": "2018-06-01", "userURL": "https://my.qidian.com/user/2840826", "userReview": "\u53ef\u60dc\u4e86\ud83d\ude02\ud83d\ude02"}, {"userName": "\u89c1\u6211\u5982\u6cab", "userReviewDate": "2018-05-28", "userURL": "https://my.qidian.com/user/197194589", "userReview": "\u53c8\u517b\u6b7b\u4e00\u4e2a"}, {"userName": "AlonelyKing", "userReviewDate": "2018-05-18", "userURL": "https://my.qidian.com/user/307030410", "userReview": "\u4f5c\u8005\u4f60\u6b7b\u54ea\u53bb\u4e86  \u5feb\u51fa\u6765\u66f4\u65b0"}, {"userName": "\u9177\u9177D\u00e9\u98ce", "userReviewDate": "2018-05-15", "userURL": "https://my.qidian.com/user/11934326", "userReview": "\u600e\u4e48\u4e0d\u66f4\u65b0\u4e86\uff0c\u521b\u610f\u4e0d\u9519\u7684\u554a"}, {"userName": "\u661f\u706c\u706b\u723a", "userReviewDate": "2018-05-08", "userURL": "https://my.qidian.com/user/212619561", "userReview": "\u5df2\u70e7    "}, {"userName": "\u4e66\u53cb20180416173500345", "userReviewDate": "2018-05-07", "userURL": "https://my.qidian.com/user/315749807", "userReview": "\u4f5c\u8005\u5df2\u6b7b\uff0c\u6709\u4e8b\u70e7\u7eb8"}, {"userName": "\u98d8\u96ea\u4f9d\u4f9d\u98d8\u96ea", "userReviewDate": "2018-05-06", "userURL": "https://my.qidian.com/user/200687820", "userReview": "\u517b\u7740\u517b\u7740\uff0c\u5f53\u7136\u8981\u6b7b\u4e86\u3002\u4f60\u4eec\u53c8\u4e0d\u7ed9\u4ed6\u5582\u9971\u4e86\u3002"}, {"userName": "\u5f20\u9633\u660e", "userReviewDate": "2018-05-03", "userURL": "https://my.qidian.com/user/209994824", "userReview": "\u53c8\u517b\u6b7b\u4e86\u4e00\u672c\u3002\u3002"}], "description": "\u91cd\u751f\u8fc7\u53bb\u3001\u7545\u60f3\u672a\u6765\u3001\u68a6\u5e7b\u73b0\u5b9e\uff0c\u518d\u5851\u4f20\u5947\u4eba\u751f\uff01", "title": "\u4fee\u4ed9\u4f9b\u8d27\u5546", "url": "https://book.qidian.com/info/1010991199", "average": -1.0, "cover": "//qidian.qpic.cn/qdbimg/349573/1010991199/180", "reviews": -1, "authors": [{"url": "https://me.qidian.com/authorIndex.aspx?id=1692797", "name": "\u58ee\u4e61\u5c0f\u4ee8"}], "type": ["\u90fd\u5e02", "\u90fd\u5e02\u751f\u6d3b"], "outlinks": ["https://book.qidian.com/info/1010991199", "https://book.qidian.com/info/1009710728", "https://book.qidian.com/info/1009710728", "https://book.qidian.com/info/1010360374", "https://book.qidian.com/info/1010360374", "https://book.qidian.com/info/1009461751", "https://book.qidian.com/info/1009461751", "https://book.qidian.com/info/1009641306", "https://book.qidian.com/info/1009641306", "https://book.qidian.com/info/1009964627", "https://book.qidian.com/info/1009964627", "https://book.qidian.com/info/1006631076", "https://book.qidian.com/info/1006631076", "https://book.qidian.com/info/1369046", "https://book.qidian.com/info/1369046", "https://book.qidian.com/info/2004747", "https://book.qidian.com/info/2004747", "https://book.qidian.com/info/2332269", "https://book.qidian.com/info/2332269", "https://book.qidian.com/info/1011932150", "https://book.qidian.com/info/1012029544", "https://book.qidian.com/info/1012015699", "https://book.qidian.com/info/1012018201", "https://book.qidian.com/info/1011879101", "https://book.qidian.com/info/1011790606", "https://book.qidian.com/info/1011971435", "https://book.qidian.com/info/1009695534", "https://book.qidian.com/info/1011890878", "https://book.qidian.com/info/1010537314"]}