{"ratings": 0.0, "userreviews": [{"userName": "\u5a1c\u62ff\u90a3", "userReviewDate": "2018-04-27", "userURL": "https://my.qidian.com/user/218469926", "userReview": "\u7b7e\u5230\u6c34\u7ecf\u9a8c"}, {"userName": "\u6e90\u81ea\u6709\u6e0a", "userReviewDate": "2018-03-11", "userURL": "https://my.qidian.com/user/312607565", "userReview": "\u7b7e\u5230\u6c34\u7ecf\u9a8c"}, {"userName": "\u6211c7\u70b9\u5927\u7237", "userReviewDate": "2018-02-24", "userURL": "https://my.qidian.com/user/194660266", "userReview": "\u770b\u7b80\u4ecb\uff0c\u5c31\u662f\u6251\u8857\u6587"}, {"userName": "\u9648\u82b7\u96c5", "userReviewDate": "2018-01-15", "userURL": "https://my.qidian.com/user/168856229", "userReview": "5556455"}], "description": "\u4ed9\u8def\u7f25\u7f08\uff0c\u6e05\u6b4c\u8e0f\u6708\u4e0a\u4e5d\u5929\uff1b\u4e91\u5c71\u4e07\u52ab\uff0c\u4e00\u5251\u5929\u5149\u95ee\u60c5\u7f18\u3002", "title": "\u4fee\u4ed9\u4e4b\u6781\u54c1\u5973\u5996", "url": "https://book.qidian.com/info/2983573", "average": -1.0, "cover": "//qidian.qpic.cn/qdbimg/349573/2983573/180", "reviews": -1, "authors": [{"url": "https://me.qidian.com/authorIndex.aspx?id=3556923", "name": "\u5e74\u534e"}], "type": ["\u4ed9\u4fa0\u5947\u7f18", "\u53e4\u5178\u4ed9\u4fa0"], "outlinks": ["https:https://book.qidian.com/info/1011421405?qd_game_key=1011421405&qd_dd_p1=11272", "https://book.qidian.com/info/2983573", "https://book.qidian.com/info/1004892994", "https://book.qidian.com/info/1004892994", "https://book.qidian.com/info/1004947556", "https://book.qidian.com/info/1004947556", "https://book.qidian.com/info/1010576666", "https://book.qidian.com/info/1010576666", "https://book.qidian.com/info/3354016", "https://book.qidian.com/info/3354016", "https://book.qidian.com/info/1009679230", "https://book.qidian.com/info/1009679230", "https://book.qidian.com/info/1009347719", "https://book.qidian.com/info/1009347719", "https://book.qidian.com/info/3129724", "https://book.qidian.com/info/3129724", "https://book.qidian.com/info/3346635", "https://book.qidian.com/info/3346635", "https://book.qidian.com/info/3474114", "https://book.qidian.com/info/3474114", "https://book.qidian.com/info/3531417", "https://book.qidian.com/info/3531417", "https://book.qidian.com/info/1005020556", "https://book.qidian.com/info/1005020556", "https://book.qidian.com/info/1009870439", "https://book.qidian.com/info/1009870439", "https://book.qidian.com/info/1011978489", "https://book.qidian.com/info/1011978489", "https://book.qidian.com/info/1011871222", "https://book.qidian.com/info/1011879261", "https://book.qidian.com/info/1011607526", "https://book.qidian.com/info/1010505110", "https://book.qidian.com/info/1010285798", "https://book.qidian.com/info/1011976900", "https://book.qidian.com/info/1010905500", "https://book.qidian.com/info/1010257077", "https://book.qidian.com/info/1003815703", "https://book.qidian.com/info/1011427728"]}