{"ratings": 0.0, "userreviews": [{"userName": "\u4e00\u98d9\u503e\u57ce", "userReviewDate": "2018-06-03", "userURL": "https://my.qidian.com/user/146194890", "userReview": "\u521b\u4e16\u7684\u4e66\u90fd\u662f\u5783\u573e"}, {"userName": "viemc", "userReviewDate": "2018-06-02", "userURL": "https://my.qidian.com/user/556760", "userReview": "\u5beb\u624b\uff0c\u4f60\u9700\u81ea\u6211\u5fc3\u7406\u91cd\u5efa\u4e86\uff0c\u5beb\u66f8\u5f88\u80fd\u66b4\u9732\u81ea\u6211\u5fc3\u614b\uff0c\u5c24\u5176\u662f\u9019\u7a2e\u8166\u6b98\u9803\u5411+\u6975\u81f4\u81ea\u5351\u3002"}, {"userName": "\u51f6\u731b\u7684\u5927\u72d7", "userReviewDate": "2018-06-02", "userURL": "https://my.qidian.com/user/154607993", "userReview": "\u67d0\u67d0\u4eba\u5199\u88c5\u903c\u5c0f\u8bf4\u5f88\u706b\uff0c\u53ef\u662f\u67d0\u67d0\u4eba\u5199\u88c5\u903c\u5c0f\u8bf4\uff0c\u4f1a\u5f88\u6251\u8857\u3002"}, {"userName": "\u51f6\u731b\u7684\u5927\u72d7", "userReviewDate": "2018-06-02", "userURL": "https://my.qidian.com/user/154607993", "userReview": "\u4e00\u6761\u9f99\u5728\u4e00\u7fa4\u5c0f\u8682\u8681\u9762\u524d\u5c3d\u60c5\u7684\u88c5\u903c\u3002\u7279\u522b\u65e0\u804a\u3002"}, {"userName": "\u5343\u53e4\u65ad\u4ee3\u552f\u5251\u591c\u7687", "userReviewDate": "2018-06-02", "userURL": "https://my.qidian.com/user/228222951", "userReview": "\u53ef\u4ee5\u8282\u594f\u5f88\u5feb"}, {"userName": "\u6731\u5148\u751f0074", "userReviewDate": "2018-06-01", "userURL": "https://my.qidian.com/user/212444094", "userReview": "\u770b\u4e86\u4e24\u7ae0\uff0c\u5267\u6bd2\u65e0\u6bd4"}, {"userName": "\u660e\u79c0\u6697\u85cf", "userReviewDate": "2018-05-31", "userURL": "https://my.qidian.com/user/225014548", "userReview": "\u8ddf  \u91cd\u751f\u4e4b\u90fd\u5e02\u4fee\u4ed9  \u76f8\u4f3c\u5ea6\u767e\u5206\u4e4b70"}, {"userName": "\u5343\u53e4\u65ad\u4ee3\u552f\u5251\u591c\u7687", "userReviewDate": "2018-05-31", "userURL": "https://my.qidian.com/user/228222951", "userReview": "\u52a0\u66f4\u600e\u4e48\u7b97"}, {"userName": "\u5343\u53e4\u65ad\u4ee3\u552f\u5251\u591c\u7687", "userReviewDate": "2018-05-31", "userURL": "https://my.qidian.com/user/228222951", "userReview": "\u4eca\u5929\u4f60\u8fd9\u662f\u641e\u4e8b  \u9ad8\u6f6e\u5230\u4e86\u6ca1\u4e86"}, {"userName": "q4627899", "userReviewDate": "2018-05-28", "userURL": "https://my.qidian.com/user/12668345", "userReview": "\u770b\u4e86\u51e0\u672c\u7c7b\u4f3c\u7684\u5c0f\u8bf4\uff0c\u611f\u89c9\u732a\u811a\u5728\u4ed9\u754c\u4fee\u70bc\u7684\u662f\u300a\u8475\u82b1\u5b9d\u5178\u300b\uff0c\u91cd\u751f\u540e\u9664\u4e86\u6253\u602a\u5347\u7ea7\uff0c\u5bf9MM\u57fa\u672c\u4e0a\u662f"}, {"userName": "\u5343\u53e4\u65ad\u4ee3\u552f\u5251\u591c\u7687", "userReviewDate": "2018-05-27", "userURL": "https://my.qidian.com/user/228222951", "userReview": "\u53ef\u4ee5\u4e0d\u9519\u54e6"}, {"userName": "\u5e05\u5230\u88ab\u6697\u6740", "userReviewDate": "2018-05-26", "userURL": "https://my.qidian.com/user/1156120", "userReview": "\u6211\u60f3\u770b\u4e3b\u89d2\u524d\u4e16\uff0c\u4ed6\u662f\u600e\u4e48\u6210\u4e3a\u4ed9\u5e1d\u7684\uff0c\u51ed\u5565\u4fee\u70bc\u5230\u4ed9\u5e1d\uff0c\u53e6\u5f00\u4e00\u672c\u5566"}, {"userName": "\u4e0d\u8981\u592a\u5728\u610foo", "userReviewDate": "2018-05-26", "userURL": "https://my.qidian.com/user/216052705", "userReview": "\u8fd9\u4e9b\u914d\u89d2\u7684\u667a\u5546\u662f\u600e\u4e48\u8d5a\u5230\u90a3\u4e48\u591a\u94b1\u7684\uff1f\u90fd\u5e02\u4fee\u4ed9\u600e\u4e48\u88c5\u903c\u4e00\u4e2a\u5957\u8def\uff1f"}, {"userName": "\u79cb17", "userReviewDate": "2018-05-23", "userURL": "https://my.qidian.com/user/7589025", "userReview": "\u6211\u6765\u7b7e\u4e2a\u5230"}], "description": "\u91cd\u751f\u8fc7\u53bb\u3001\u7545\u60f3\u672a\u6765\u3001\u68a6\u5e7b\u73b0\u5b9e\uff0c\u518d\u5851\u4f20\u5947\u4eba\u751f\uff01", "title": "\u4fee\u4ed9\u4e4b\u91cd\u751f\u4ed9\u5e1d", "url": "https://book.qidian.com/info/1011606547", "average": -1.0, "cover": "//qidian.qpic.cn/qdbimg/349573/1011606547/180", "reviews": -1, "authors": [{"url": "https://me.qidian.com/authorIndex.aspx?id=402111102", "name": "\u7ff1\u7fd4\u7684\u70e7\u9e21"}], "type": ["\u90fd\u5e02", "\u5f02\u672f\u8d85\u80fd"], "outlinks": ["https://book.qidian.com/info/1011606547", "https://book.qidian.com/info/1010523248", "https://book.qidian.com/info/1010523248", "https://book.qidian.com/info/1010864022", "https://book.qidian.com/info/1010864022", "https://book.qidian.com/info/1010696722", "https://book.qidian.com/info/1010696722", "https://book.qidian.com/info/1011422571", "https://book.qidian.com/info/1011422571", "https://book.qidian.com/info/1010983693", "https://book.qidian.com/info/1010983693", "https://book.qidian.com/info/1011285253", "https://book.qidian.com/info/1011285253", "https://book.qidian.com/info/1011932150", "https://book.qidian.com/info/1012029544", "https://book.qidian.com/info/1012015699", "https://book.qidian.com/info/1012018201", "https://book.qidian.com/info/1011879101", "https://book.qidian.com/info/1011790606", "https://book.qidian.com/info/1011971435", "https://book.qidian.com/info/1009695534", "https://book.qidian.com/info/1011890878", "https://book.qidian.com/info/1010537314"]}