{"ratings": 0.0, "userreviews": [{"userName": "\u5929\u624d\u54e5tc", "userReviewDate": "2018-03-05", "userURL": "https://my.qidian.com/user/222194783", "userReview": "\u6211\u662f\u4f5c\u8005\uff01\uff01"}, {"userName": "\u51cc\u5b87\u4f20\u8bf4", "userReviewDate": "2\u5c0f\u65f6\u524d", "userURL": "https://my.qidian.com/user/213611135", "userReview": "\u90fd\u5e02\u4fee\u70bc\u5b9a\u5219\uff1a1.\u8981\u4ece\u5934\u4fee\u70bc2.\u9047\u5230\u5404\u79cd\u7f8e\u59733.\u4f1a\u6551\u4e00\u4e2a\u8001\u5934\u5b50\uff0c\u7ed3\u679c\u4eba\u5bb6\u662f\u5927\u4f6c\uff0c\u5728\u524d\u671f\u7b97\u662f"}, {"userName": "\u7136\u98ce\u683c\u62dc\u62dc", "userReviewDate": "2\u5c0f\u65f6\u524d", "userURL": "https://my.qidian.com/user/218189782", "userReview": "\u4e94\u5343\u5e74\u5c31\u4e3b\u5bb0\u6709\u70b9\u5047\u4e86"}, {"userName": "\u864e\u5578\u9f99\u6deb", "userReviewDate": "15\u5c0f\u65f6\u524d", "userURL": "https://my.qidian.com/user/5651350", "userReview": "\u770b\u8fd9\u4e66\u540d\u5c31\u4e0d\u60f3\u70b9\u8fdb\u53bb\u3002"}, {"userName": "zmg0913", "userReviewDate": "18\u5c0f\u65f6\u524d", "userURL": "https://my.qidian.com/user/20426973", "userReview": "\u5144\u5f1f\uff0c\u5c0f\u8bf4\u6709\u4eba\u770b\uff0c\u4e14\u6709\u4eba\u50ac\u770b\uff0c\u8bf4\u660e\u4f60\u5df2\u7ecf\u6210\u529f\u4e86\u3002\u81f3\u4e8e\u5176\u4ed6\u7684\uff0c\u90fd\u53ef\u4ee5\u5ffd\u7565\u4e0d\u8ba1\u3002"}, {"userName": "\u8ffd\u5fc6\u3065\u6c38\u6052", "userReviewDate": "20\u5c0f\u65f6\u524d", "userURL": "https://my.qidian.com/user/4806192", "userReview": "\u5199\u7684\u592a\u597d\u4e86"}, {"userName": "\u8ffd\u5fc6\u3065\u6c38\u6052", "userReviewDate": "2018-06-07", "userURL": "https://my.qidian.com/user/4806192", "userReview": "\u5199\u7684\u592a\u597d\u4e86"}, {"userName": "\u78a7\u6c5f\u5f71\u6708", "userReviewDate": "2018-06-07", "userURL": "https://my.qidian.com/user/122472464", "userReview": "\u6bd5\u4e1a\u8bbe\u8ba1\u91cd\u8981"}, {"userName": "\u7080\u4e36\u89de", "userReviewDate": "2018-06-07", "userURL": "https://my.qidian.com/user/211340705", "userReview": "\u8bf4\u5b9e\u8bdd\uff0c\u8fd9\u672c\u5c0f\u8bf4\u5199\u7684\u771f\u5fc3\u53ef\u4ee5\uff0c\u4e0d\u8fc7\u548c\u4fee\u4ed9\u5f52\u6765\u505a\u5976\u7238\u6709\u70b9\u76f8\u4f3c"}, {"userName": "\u67ab\u706c\u4e66\u8ff7", "userReviewDate": "2018-06-07", "userURL": "https://my.qidian.com/user/217941817", "userReview": "\u4e66\u4e0d\u7740\u6025\u8d28\u91cf\u6700\u91cd\u8981\uff0c\u6ca1\u94b1\u4e5f\u5168\u5b9a\u652f\u6301"}, {"userName": "\u4e66\u53cb20170129223647759", "userReviewDate": "2018-06-07", "userURL": "https://my.qidian.com/user/228918525", "userReview": "\u8fd9\u4e66\u5199\u7684\u4e0d\u9519\uff0c\u5c31\u662f\u6709\u70b9\u62d6\u3002\u6253\u8d4f\u662f\u4e0d\u53ef\u80fd\u6253\u8d4f\u7684\uff0c\u8fd9\u8f88\u5b50\u90fd\u4e0d\u53ef\u80fd\u6253\u8d4f\u7684\u3002\u4f46\u7ed9\u7ed9\u63a8\u8350\u7968\u8fd8\u662f\u53ef\u4ee5\u7684"}, {"userName": "\u7a7f\u7740\u88e4\u8869\u4e0a\u8857", "userReviewDate": "2018-06-06", "userURL": "https://my.qidian.com/user/196126409", "userReview": "\u597d\u4e8b\u591a\u78e8\u96be\uff0c\u597d\u4e66\u4e0d\u6015\u665a"}, {"userName": "chaochengwu", "userReviewDate": "2018-06-06", "userURL": "https://my.qidian.com/user/227820149", "userReview": "\u66f8\u4e0d\u6025\uff0c\u5148\u7562\u696d\u518d\u8aaa\u5176\u4ed6\u7684\n"}, {"userName": "\u8ffd\u5fc6\u3065\u6c38\u6052", "userReviewDate": "2018-06-06", "userURL": "https://my.qidian.com/user/4806192", "userReview": "\u5199\u7684\u592a\u597d\u4e86"}], "description": "\u4fee\u4ed9\u89c5\u957f\u751f\uff0c\u70ed\u8840\u4efb\u900d\u9065\uff0c\u8e0f\u83b2\u66f3\u6ce2\u6da4\u5251\u9aa8\uff0c\u51ed\u865a\u5fa1\u98ce\u5851\u5723\u9b42\uff01", "title": "\u4fee\u4ed9\u5f52\u6765\u4e4b\u4e3b\u5bb0\u65e0\u8bed", "url": "https://book.qidian.com/info/1011430387", "average": -1.0, "cover": "//qidian.qpic.cn/qdbimg/349573/1011430387/180", "reviews": -1, "authors": [{"url": "https://me.qidian.com/authorIndex.aspx?id=9206650", "name": "\u5929\u624d\u54e5"}], "type": ["\u4ed9\u4fa0", "\u73b0\u4ee3\u4fee\u771f"], "outlinks": ["https://book.qidian.com/info/1011430387", "https://book.qidian.com/info/1011075308", "https://book.qidian.com/info/1011075308", "https://book.qidian.com/info/1010781736", "https://book.qidian.com/info/1010781736", "https://book.qidian.com/info/1004052606", "https://book.qidian.com/info/1004052606", "https://book.qidian.com/info/1011064398", "https://book.qidian.com/info/1011064398", "https://book.qidian.com/info/1010864022", "https://book.qidian.com/info/1010864022", "https://book.qidian.com/info/1010704754", "https://book.qidian.com/info/1010704754", "https://book.qidian.com/info/1009575888", "https://book.qidian.com/info/1009575888", "https://book.qidian.com/info/1010327039", "https://book.qidian.com/info/1012016027", "https://book.qidian.com/info/1011630501", "https://book.qidian.com/info/1012010192", "https://book.qidian.com/info/1011834598", "https://book.qidian.com/info/1011672705", "https://book.qidian.com/info/1011966835", "https://book.qidian.com/info/1011940680", "https://book.qidian.com/info/1011491390", "https://book.qidian.com/info/1011995376"]}