{"ratings": 0.0, "userreviews": [], "description": "\u91cd\u751f\u8fc7\u53bb\u3001\u7545\u60f3\u672a\u6765\u3001\u68a6\u5e7b\u73b0\u5b9e\uff0c\u518d\u5851\u4f20\u5947\u4eba\u751f\uff01", "title": "\u4fee\u58eb\u7684\u8bde\u751f", "url": "https://book.qidian.com/info/1011763337", "average": -1.0, "cover": "//qidian.qpic.cn/qdbimg/349573/1011763337/180", "reviews": -1, "authors": [{"url": "https://me.qidian.com/authorIndex.aspx?id=400545044", "name": "\u767d\u7389\u753b\u6b4c"}], "type": ["\u90fd\u5e02", "\u5f02\u672f\u8d85\u80fd"], "outlinks": ["https://book.qidian.com/info/1011763337", "https://book.qidian.com/info/31885", "https://book.qidian.com/info/31885", "https://book.qidian.com/info/86766", "https://book.qidian.com/info/86766", "https://book.qidian.com/info/138715", "https://book.qidian.com/info/138715", "https://book.qidian.com/info/158872", "https://book.qidian.com/info/158872", "https://book.qidian.com/info/174075", "https://book.qidian.com/info/174075", "https://book.qidian.com/info/182898", "https://book.qidian.com/info/182898", "https://book.qidian.com/info/1011968684", "https://book.qidian.com/info/1011968684", "https://book.qidian.com/info/1011932150", "https://book.qidian.com/info/1012029544", "https://book.qidian.com/info/1012015699", "https://book.qidian.com/info/1012018201", "https://book.qidian.com/info/1011879101", "https://book.qidian.com/info/1011790606", "https://book.qidian.com/info/1011971435", "https://book.qidian.com/info/1009695534", "https://book.qidian.com/info/1011890878", "https://book.qidian.com/info/1010537314"]}