{"ratings": 0.0, "userreviews": [{"userName": "\u94f6\u57ce\u4e66\u97f5", "userReviewDate": "\u6628\u65e507:34", "userURL": "https://my.qidian.com/user/176779390", "userReview": "12345"}, {"userName": "\u94f6\u57ce\u4e66\u97f5", "userReviewDate": "\u6628\u65e507:33", "userURL": "https://my.qidian.com/user/176779390", "userReview": "12345"}, {"userName": "E\u5b88\u671b\u8005", "userReviewDate": "\u6628\u65e507:33", "userURL": "https://my.qidian.com/user/134258688", "userReview": "66666666666"}, {"userName": "\u4e66\u53cb20170711175527009", "userReviewDate": "2018-06-07", "userURL": "https://my.qidian.com/user/305085095", "userReview": "\u8001\u5b9e\u8bdd\uff1a\u8fd9\u672c\u4e66\u8fd8\u662f\u633a\u597d\u7684\uff0c\u8981\u8bf4\u6709\u9057\u61be\u7684\u5730\u65b9\u6709\u4e24\u4e2a\uff0c\u7b2c\u4e00\u5c31\u662f\u7ed3\u5c3e\u7684\u65f6\u5019\u6211\u600e\u4e48\u6ca1\u770b\u5230\u6587\u9611\u98ce\u548c\u9732"}, {"userName": "\u4e1c\u6d77\u9752\u87ad", "userReviewDate": "2018-06-07", "userURL": "https://my.qidian.com/user/194832940", "userReview": "\u4e3a\u4ec0\u4e48\u6211\u5728\u4e8c\u6b21\u5143\u5206\u533a\u770b\u5230\u8fd9\u672c\u4e66\uff1f"}, {"userName": "\u94f6\u57ce\u4e66\u97f5", "userReviewDate": "2018-06-07", "userURL": "https://my.qidian.com/user/176779390", "userReview": "12345"}, {"userName": "\u94f6\u57ce\u4e66\u97f5", "userReviewDate": "2018-06-07", "userURL": "https://my.qidian.com/user/176779390", "userReview": "12345"}, {"userName": "\u70ae\u5175\u4e36\u5c0f\u7384\u5b50", "userReviewDate": "2018-06-07", "userURL": "https://my.qidian.com/user/148976472", "userReview": "\u5feb\u770b\u5b8c\u4e86\uff0c\u4e00\u6761\u8bc4\u8bba\u6ca1\u53d1\uff0c\u7b80\u76f4\u4e0d\u6562\u8bf4\u662f\u8001\u8dc3\u7684\u5fe0\u7c89\uff01\u5148\u8bf4\u4e00\u4e0b\u770b\u8001\u8dc3\u4e66\u7684\u987a\u5e8f\uff0c\u98de\u5929\uff0c\u9053\u541b\uff0c\u8d25\u7c7b\uff0c"}, {"userName": "\u83dc\u9e1f\u52a0\u65b0\u4eba", "userReviewDate": "2018-06-07", "userURL": "https://my.qidian.com/user/215897422", "userReview": "\u8fd9\u672c\u4e66\u5199\u7684\u5565\u73a9\u610f\u554a\uff1f\u4e3b\u89d2\u5230\u5e95\u662f\u5565\u4eba\uff1f\u7cbe\u795e\u5206\u88c2\uff1f\u4e00\u8fb9\u5fc3\u72e0\u624b\u8fa3\u4ec0\u4e48\u4eba\u90fd\u4e0d\u653e\u8fc7\u4e00\u8fb9\u53c8\u4ee5\u5fb7\u62a5\u6028\uff0c\u4e3b"}, {"userName": "\u51b0cc\u4e36", "userReviewDate": "2018-06-06", "userURL": "https://my.qidian.com/user/101622869", "userReview": "SB\u8d77\u70b9\uff0c\u628a\u4ed9\u4fa0\u7c7b\u653e\u4e8c\u6b21\u5143\u5206\u7c7b\u91cc\uff1f"}, {"userName": "\u94f6\u57ce\u4e66\u97f5", "userReviewDate": "2018-06-05", "userURL": "https://my.qidian.com/user/176779390", "userReview": "12345"}, {"userName": "\u94f6\u57ce\u4e66\u97f5", "userReviewDate": "2018-06-05", "userURL": "https://my.qidian.com/user/176779390", "userReview": "12345"}, {"userName": "\u674e\u8fde\u6770\u7504\u5b50\u4e39", "userReviewDate": "2018-06-04", "userURL": "https://my.qidian.com/user/215211491", "userReview": "\u5176\u5b9e\uff0c\u8fd9\u662f\u4e00\u90e8\u975e\u5e38\u9002\u540880\u540e\u9605\u8bfb\u7684\u4e66\uff0c\u4ec0\u4e48\u5267\u6bd2\u90fd\u5c3c\u739b\u7684\u72d7\u5c41\u3002\u4f60\u53ef\u66fe\u60f3\u8fc7\uff0c\u6b4c\u58f0\u4e4b\u4e2d\uff0c\u60df\u6709\u77e5\u5df1"}, {"userName": "\u6211\u662f\u72c2\u4eba976", "userReviewDate": "2018-06-04", "userURL": "https://my.qidian.com/user/230578731", "userReview": "\u542c\u8bf4\u8fd9\u4e3b\u89d2\u559c\u6b22\u88ab\u7eff\u5e3d\uff1f\u9001\u5973\u4eba\u8fd8\u542c\u5973\u7684\u88ab\u522b\u4eba\u6deb\uff1f  \u6211\u51c6\u5907\u770b\u8fd9\u90e8\u5c0f\u8bf4\uff0c\u4f46\u662f\u5982\u679c\u4e0d\u641e\u6e05\u8fd9\u4e9b\u4e1c\u897f"}], "description": "\u4fee\u4ed9\u89c5\u957f\u751f\uff0c\u70ed\u8840\u4efb\u900d\u9065\uff0c\u8e0f\u83b2\u66f3\u6ce2\u6da4\u5251\u9aa8\uff0c\u51ed\u865a\u5fa1\u98ce\u5851\u5723\u9b42\uff01", "title": "\u4fee\u771f\u754c\u8d25\u7c7b", "url": "https://book.qidian.com/info/1455603", "average": -1.0, "cover": "//qidian.qpic.cn/qdbimg/349573/1455603/180", "reviews": -1, "authors": [{"url": "https://me.qidian.com/authorIndex.aspx?id=4362895", "name": "\u8dc3\u5343\u6101"}], "type": ["\u4ed9\u4fa0", "\u5e7b\u60f3\u4fee\u4ed9"], "outlinks": ["https://book.qidian.com/info/1455603", "https://book.qidian.com/info/1009854468", "https://book.qidian.com/info/1009854468", "https://book.qidian.com/info/1005373310", "https://book.qidian.com/info/1005373310", "https://book.qidian.com/info/1010771394", "https://book.qidian.com/info/1010771394", "https://book.qidian.com/info/1010015512", "https://book.qidian.com/info/1010015512", "https://book.qidian.com/info/1005317872", "https://book.qidian.com/info/1005317872", "https://book.qidian.com/info/1010468795", "https://book.qidian.com/info/1010468795", "https://book.qidian.com/info/2227457", "https://book.qidian.com/info/2227457", "https://book.qidian.com/info/1005236478", "https://book.qidian.com/info/1005236478", "https://book.qidian.com/info/1010327039", "https://book.qidian.com/info/1012016027", "https://book.qidian.com/info/1011630501", "https://book.qidian.com/info/1012010192", "https://book.qidian.com/info/1011834598", "https://book.qidian.com/info/1011672705", "https://book.qidian.com/info/1011966835", "https://book.qidian.com/info/1011940680", "https://book.qidian.com/info/1011491390", "https://book.qidian.com/info/1011995376"]}