{"ratings": 0.0, "userreviews": [{"userName": "\u8179\u9ed1\u706c\u53d7", "userReviewDate": "23\u5c0f\u65f6\u524d", "userURL": "https://my.qidian.com/user/120667764", "userReview": "\u6bcf\u65e5\u4e94\u5f20\u63a8\u8350\u7b7e\u5230"}, {"userName": "1127961690", "userReviewDate": "\u6628\u65e510:53", "userURL": "https://my.qidian.com/user/168707372", "userReview": "\u6709QQ\u7fa4\u6ca1"}, {"userName": "\u79bb\u602a\u8fdc\u5b89\u5168", "userReviewDate": "\u6628\u65e509:14", "userURL": "https://my.qidian.com/user/2504209", "userReview": "\u652f\u6301\u65b0\u4e66\u3002"}, {"userName": "Ambition\u4e1c\u4ed9", "userReviewDate": "2018-06-07", "userURL": "https://my.qidian.com/user/213958757", "userReview": "\u5f00\u8f66\u5417\uff0c\u5927\u4f6c\u4eec[fn=10]"}, {"userName": "\u79bb\u602a\u8fdc\u5b89\u5168", "userReviewDate": "2018-06-07", "userURL": "https://my.qidian.com/user/2504209", "userReview": "\u884c\u6587\u903b\u8f91\u4e5f\u5f88\u597d\uff0c\u8fc7\u6765\u629511\u7968\u63a8\u8350\u3002"}, {"userName": "\u5fc3\u60a6\u8bda\u5fc3", "userReviewDate": "2018-06-06", "userURL": "https://my.qidian.com/user/186262846", "userReview": "\u652f\u6301\uff01\uff01\uff01\uff01"}, {"userName": "\u963f\u4e36\u5764", "userReviewDate": "2018-06-06", "userURL": "https://my.qidian.com/user/301290910", "userReview": "\u7ed9\u5c0f\u4f08\u4f08\u4e00\u4e2a\u9762\u5b50\uff0c\u6765\u4e66\u8bc4\u51d1\u4e2a\u6570"}, {"userName": "\u5341\u5168\u5927\u8865\u4e38\u5b50", "userReviewDate": "2018-06-05", "userURL": "https://my.qidian.com/user/134065307", "userReview": "\u652f\u6301\u4e00\u4e0b\uff0c\u5c31\u662f\u4e0a\u4e00\u672c\u4e66\u8ba2\u9605\u4e86\u51c6\u5907\u517b\u80a5\u4e86\u770b\u7ed3\u679c\u88ab\u548c\u8c10\u4e86\uff0c\u8d77\u70b9\u4e5f\u4e0d\u9000\u94b1\u7ed9\u6211[fn=10]"}, {"userName": "\u6f5c\u6c34\u4e0d\u770b\u4e66", "userReviewDate": "2018-06-05", "userURL": "https://my.qidian.com/user/135104811", "userReview": "\u73b0\u5728\u8d77\u70b9\u8fde\u5185\u8863******\u90fd\u4e0d\u80fd\u51fa\u73b0\u4e86\u5417\uff1f"}, {"userName": "\u840c\u65b0\u51fa\u5f81", "userReviewDate": "2018-06-05", "userURL": "https://my.qidian.com/user/221366599", "userReview": "\u4e66\u53cb\u7fa4\u7684\u53f8\u673a\u4eec\u6765\u62a5\u9053enmmmmmm"}, {"userName": "\u8fce\u98ce\u98d8\u7fbd", "userReviewDate": "2018-06-05", "userURL": "https://my.qidian.com/user/13863482", "userReview": "\u8bf4\u5b9e\u8bdd\uff0c\u5bf9\u5929\u673a\u95e8\u7981\u8a00\u8fd9\u4e2a\u5267\u60c5\uff0c\u6211\u5df2\u7ecf\u8111\u8865\u4e86\u81f3\u5c11\u5341\u4e07\u5b57\u7684\u5c0fH\u6587******\u4f60\u4eec\u4fe1\u4e0d\u4fe1"}, {"userName": "\u9c7c\u9c7c\u75af", "userReviewDate": "2018-06-04", "userURL": "https://my.qidian.com/user/217295186", "userReview": "\u5c0f\u4f08\u4e66\u5f88\u597d  \u8fd9\u6b21\u53ef\u4ee5\u81ea\u7531\u53d1\u6325\u4e86"}, {"userName": "\u7ea2\u4eba\u9986^O^\u5c0f\u574f", "userReviewDate": "2018-06-04", "userURL": "https://my.qidian.com/user/186777800", "userReview": "\u8fd8\u6ca1\u770b\uff0c\u770b\u5230\u7b80\u4ecb\u540e\u9762\u4e5f\u5c31\u662f\u8bf4\u6bcf\u4e0a\u7cbe\u54c1\u5c31404\u592a\u76d1\uff1f"}, {"userName": "\u5e73\u51e1\u8bfb\u4e66\u4eba", "userReviewDate": "2018-06-04", "userURL": "https://my.qidian.com/user/950507", "userReview": "\u8d77\u7801\u517b\u523020\u4e07\u4ee5\u4e0a\u624d\u5f00\u5bb0\uff0c\u73b0\u5728\u4e5f\u5c31\u6bcf\u5929\u6295\u6295\u63a8\u8350\u7968\u5427\u3002"}], "description": "\u91cd\u751f\u8fc7\u53bb\u3001\u7545\u60f3\u672a\u6765\u3001\u68a6\u5e7b\u73b0\u5b9e\uff0c\u518d\u5851\u4f20\u5947\u4eba\u751f\uff01", "title": "\u4fee\u771f\u8fd8\u884c", "url": "https://book.qidian.com/info/1012214100", "average": -1.0, "cover": "//qidian.qpic.cn/qdbimg/349573/1012214100/180", "reviews": -1, "authors": [{"url": "https://me.qidian.com/authorIndex.aspx?id=4368424", "name": "\u5c0f\u4f08"}], "type": ["\u90fd\u5e02", "\u90fd\u5e02\u751f\u6d3b"], "outlinks": ["https://book.qidian.com/info/1012214100", "https://book.qidian.com/info/1010795768", "https://book.qidian.com/info/1010795768", "https://book.qidian.com/info/1003276162", "https://book.qidian.com/info/1003276162", "https://book.qidian.com/info/1004079399", "https://book.qidian.com/info/1004079399", "https://book.qidian.com/info/1009915605", "https://book.qidian.com/info/1009915605", "https://book.qidian.com/info/1011515913", "https://book.qidian.com/info/1011515913", "https://book.qidian.com/info/1006025880", "https://book.qidian.com/info/1006025880", "https://book.qidian.com/info/1003276162", "https://book.qidian.com/info/1003276162", "https://book.qidian.com/info/1010795768", "https://book.qidian.com/info/1010795768", "https://book.qidian.com/info/1011932150", "https://book.qidian.com/info/1012029544", "https://book.qidian.com/info/1012015699", "https://book.qidian.com/info/1012018201", "https://book.qidian.com/info/1011879101", "https://book.qidian.com/info/1011790606", "https://book.qidian.com/info/1011971435", "https://book.qidian.com/info/1009695534", "https://book.qidian.com/info/1011890878", "https://book.qidian.com/info/1010537314"]}