{"ratings": 0.0, "userreviews": [{"userName": "\u62b5\u62e2\u6363\u62d0", "userReviewDate": "2018-04-01", "userURL": "https://my.qidian.com/user/132423789", "userReview": "\u7b7e\u5230\u697c\uff0c\u4e00\u697c5\u5e01\uff0c\u65e0\u4e0a\u9650 , \u4e0a\u67b6\u5f53\u5929\u7ed3\u7b97\u3002"}, {"userName": "\u5565\u6740\u6c99\u7eb1\u9c7c", "userReviewDate": "2017-08-20", "userURL": "https://my.qidian.com/user/228065570", "userReview": "\u5565\u6740\u6c99\u7eb1\u9c7c\u6253\u8d4f\u5c0f\u9c7c\u5403\u9f99\u8089 100000\u8d77\u70b9\u5e01  \u8fd9\u672c\u4e66\u5199\u7684\u592a\u597d\u4e86,\u7292\u52b3\u4e00\u4e0b\u5e0c\u671b\u540e\u7eed\u66f4\u7cbe\u5f69!"}, {"userName": "\u5c0f\u9c7c\u5403\u732a\u8089", "userReviewDate": "2017-08-13", "userURL": "https://my.qidian.com/user/225570961", "userReview": "\u65b0\u4e66\u671f\u95f4\u8bf7\u4e0d\u8981\u53d1\u4efb\u4f55\u7ea2\u5305\uff0c\u8c22\u8c22\u5404\u4f4d\u652f\u6301\u7684\u8001\u94c1\uff01"}, {"userName": "\u6587\u7ae0H", "userReviewDate": "7\u5c0f\u65f6\u524d", "userURL": "https://my.qidian.com/user/225380729", "userReview": "[fn=11]"}, {"userName": "\u6587\u7ae0H", "userReviewDate": "7\u5c0f\u65f6\u524d", "userURL": "https://my.qidian.com/user/225380729", "userReview": "[fn=32]"}, {"userName": "\u6587\u7ae0H", "userReviewDate": "7\u5c0f\u65f6\u524d", "userURL": "https://my.qidian.com/user/225380729", "userReview": "[fn=11]"}, {"userName": "\u6587\u7ae0H", "userReviewDate": "7\u5c0f\u65f6\u524d", "userURL": "https://my.qidian.com/user/225380729", "userReview": "[fn=37]"}, {"userName": "\u6587\u7ae0H", "userReviewDate": "7\u5c0f\u65f6\u524d", "userURL": "https://my.qidian.com/user/225380729", "userReview": "[fn=12]"}, {"userName": "\u6587\u7ae0H", "userReviewDate": "\u6628\u65e501:02", "userURL": "https://my.qidian.com/user/225380729", "userReview": "[fn=11]"}, {"userName": "\u6587\u7ae0H", "userReviewDate": "\u6628\u65e501:02", "userURL": "https://my.qidian.com/user/225380729", "userReview": "[fn=11]"}, {"userName": "\u6211c7\u70b9\u5927\u7237", "userReviewDate": "2018-06-07", "userURL": "https://my.qidian.com/user/194660266", "userReview": "\u9189\u4e86\uff0c\u5927\u9505\u996d\u5e74\u4ee3\uff0c\u77f3\u6cb9\uff1fAK47"}, {"userName": "\u6587\u7ae0H", "userReviewDate": "2018-06-07", "userURL": "https://my.qidian.com/user/225380729", "userReview": "[fn=32]"}, {"userName": "\u6587\u7ae0H", "userReviewDate": "2018-06-07", "userURL": "https://my.qidian.com/user/225380729", "userReview": "[fn=32]"}, {"userName": "\u6587\u7ae0H", "userReviewDate": "2018-06-06", "userURL": "https://my.qidian.com/user/225380729", "userReview": "[fn=50]"}], "description": "\u91cd\u751f\u8fc7\u53bb\u3001\u7545\u60f3\u672a\u6765\u3001\u68a6\u5e7b\u73b0\u5b9e\uff0c\u518d\u5851\u4f20\u5947\u4eba\u751f\uff01", "title": "\u4fee\u771f\u7684\u914b\u957f", "url": "https://book.qidian.com/info/1009895050", "average": -1.0, "cover": "//qidian.qpic.cn/qdbimg/349573/1009895050/180", "reviews": -1, "authors": [{"url": "https://me.qidian.com/authorIndex.aspx?id=9261345", "name": "\u5c0f\u9c7c\u5403\u9f99\u8089"}], "type": ["\u90fd\u5e02", "\u90fd\u5e02\u751f\u6d3b"], "outlinks": ["https://book.qidian.com/info/1009895050", "https://book.qidian.com/info/1010908372", "https://book.qidian.com/info/1010908372", "https://book.qidian.com/info/1005816471", "https://book.qidian.com/info/1005816471", "https://book.qidian.com/info/1010925483", "https://book.qidian.com/info/1010925483", "https://book.qidian.com/info/1009582559", "https://book.qidian.com/info/1009582559", "https://book.qidian.com/info/1010956925", "https://book.qidian.com/info/1010956925", "https://book.qidian.com/info/1009710728", "https://book.qidian.com/info/1009710728", "https://book.qidian.com/info/1004853338", "https://book.qidian.com/info/1004853338", "https://book.qidian.com/info/1011148533", "https://book.qidian.com/info/1011148533", "https://book.qidian.com/info/1011932150", "https://book.qidian.com/info/1012029544", "https://book.qidian.com/info/1012015699", "https://book.qidian.com/info/1012018201", "https://book.qidian.com/info/1011879101", "https://book.qidian.com/info/1011790606", "https://book.qidian.com/info/1011971435", "https://book.qidian.com/info/1009695534", "https://book.qidian.com/info/1011890878", "https://book.qidian.com/info/1010537314"]}