{"ratings": 0.0, "userreviews": [{"userName": "\u6768\u6708\u5149", "userReviewDate": "2018-05-18", "userURL": "https://my.qidian.com/user/216212535", "userReview": "\u5fae\u4fe1\u8f6c\u8fc7\u6765\u7684\u3002\u5047\u8bbe\u6709\u90a3\u4e48\u4e00\u4e2a\u4fee\u771f\u4e16\u754c\uff0c\u5728\u653e\u8086\u751f\u957f\u3001\u5d29\u6bc1\u53c8\u91cd\u751f\u4e4b\u540e\uff0c\u7adf\u4ece\u4e2d\u5b55\u80b2\u51fa\u4e86\u73b0\u4ee3\u79d1\u6280\u6587"}, {"userName": "\u82b1\u548c\u6d77", "userReviewDate": "2018-04-23", "userURL": "https://my.qidian.com/user/165228474", "userReview": "      \u957f\u8bc4\uff0c\u4e5f\u8bb8\u6bcf\u4e2a\u4eba\u5fc3\u4e2d\u90fd\u6709\u5584\u610f\uff0c\u4e5f\u503e\u5411\u4e8e\u793e\u4f1a\u5584\u826f\u5b88\u5e8f\uff0c\u5e74\u7eaa\u8fd8\u5c0f\u7684\u65f6\u5019\uff0c\u770b\u90aa\u98ce\u66f2\uff0c"}, {"userName": "\u66b4\u98ce\u4e4b\u5e15\u5c14\u5361", "userReviewDate": "2018-02-13", "userURL": "https://my.qidian.com/user/225087993", "userReview": "\u4e00\u4e2a\u6708\u524d\u5165\u5f97\u5751\uff0c\u770b\u5230\u8840\u5996\u7bc7\u5c31\u5df2\u7ecf\u6b32\u7f62\u4e0d\u80fd\uff0c\u73b0\u5728\u53e4\u5723\u7bc7\u521a\u770b\u5b8c\u3002\u4e8c\u8bdd\u4e0d\u8bf4\uff0c\u5145\u503c\u6253\u8d4f\u3002\u8bf4\u51fa\u6765\u4f60\u4eec"}, {"userName": "\u4e91\u6536\u96fe\u655b\u4e00\u6839\u70df", "userReviewDate": "2018-02-06", "userURL": "https://my.qidian.com/user/124686450", "userReview": "\u4e91\u6536\u96fe\u655b\u4e00\u6839\u70df\u6253\u8d4f\u5367\u725b\u771f\u4eba 1000000\u8d77\u70b9\u5e01  \u4e3b\u7ad9"}, {"userName": "\u7fbd\u7ffcLG", "userReviewDate": "17\u5206\u949f\u524d", "userURL": "https://my.qidian.com/user/218104810", "userReview": "\u4f5c\u4e3a\u672c\u4e66\u7684\u8bfb\u8005\uff0c\u4f60\u4eec\u90fd\u4e0d\u7ed9\u4eba\u5bb6\u6295\u6708\u7968\u5417\uff1f\u6211\u4e0d\u6295\u662f\u56e0\u4e3a\u6211\u4e0d\u559c\u6b22\u770b\u3002"}, {"userName": "\u72d0\u72f8\u561b", "userReviewDate": "34\u5206\u949f\u524d", "userURL": "https://my.qidian.com/user/316844140", "userReview": "\u6700\u8fd1\u56e0\u4e3a\u8001\u725b\u5728\u5199\u7403\u7bc7\u4e86\u561b\uff0c\u4e8e\u662f\u4fee\u56db\u7684\u524d\u56db\u767e\u591a\u7ae0\u81ea\u9ed1\u4e86\u65e0\u6570\u6b21\ud83d\ude02\ud83d\ude02\u3002\u4e0d\u8fc7\u8fd9\u91cc\u6211\u5c31\u60f3\u95ee\u4e00\u53e5\u662f\u4e0d\u662f"}, {"userName": "\u4e66\u53cb140806115900492", "userReviewDate": "39\u5206\u949f\u524d", "userURL": "https://my.qidian.com/user/190294304", "userReview": "\u7b2c\u4e00\u767e\u4e09\u5341\u4e09\u7ae0\u771f\u7684\u610f\u60f3\u4e0d\u5230\u7684\u5f00\u5c40\uff0c\u5f88\u5f3a(\uff9f\u22bf\uff9f)\uff82"}, {"userName": "\u81ea\u79f0\u4e0d\u6253\u547c\u565c\u7684\u5ba4\u53cb", "userReviewDate": "40\u5206\u949f\u524d", "userURL": "https://my.qidian.com/user/302406352", "userReview": "\u840c\u65b0\u95ee\u4e00\u4e0b\u600e\u4e48\u624d\u80fd\u83b7\u5f97\u7c89\u4e1d\u79f0\u53f7\u554a"}, {"userName": "\u8046\u542cv\u56de\u5fc6", "userReviewDate": "56\u5206\u949f\u524d", "userURL": "https://my.qidian.com/user/175006843", "userReview": "\u4e00\u770b\u5230\u5f00\u5934\u4e3b\u89d2\u662f\u4e2a\u9ad8\u4e2d\u5b66\u751f\uff0c\u53c8\u662f\u4e2a\u7a77\u5c0f\u5b50\uff0c\u53c8\u9006\u88ad\uff0c\u53c8\u662f\u9ad8\u8003\uff0c\u53c8\u548c\u6821\u82b1\u6709\u4e86\u4ea4\u96c6\uff0c\u53c8\u62db\u60f9\u4e86\u9ad8\u5bcc"}, {"userName": "\u7ae0\u6167\u654f", "userReviewDate": "2\u5c0f\u65f6\u524d", "userURL": "https://my.qidian.com/user/303473015", "userReview": "\u597d\u770b\uff0c\u5982\u679c\u6211\u8bf4\u524d\u9762\u56db\u767e\u7ae0\u597d\u770b\uff0c\u5927\u5bb6\u4f1a\u4e0d\u4f1a\u89c9\u5f97\u6211\u5f88low"}, {"userName": "\u8d75\u7834\u864f", "userReviewDate": "3\u5c0f\u65f6\u524d", "userURL": "https://my.qidian.com/user/222718952", "userReview": "\u6211\u9760\uff0c\u6211\u79f0\u53f7\u5462\uff1f\u90a3\u4e48\u725b\u6c14\u51b2\u5929\u4e00\u79f0\u53f7\uff0c\u5c31\u6302\u540e\u8fb9\uff0c\u600e\u4e48\u4e00\u56de\u5934\u5c31\u6ca1\u4e86\uff1f"}, {"userName": "\u5b64\u72ec\u7684\u767d\u5934\u7fc1", "userReviewDate": "4\u5c0f\u65f6\u524d", "userURL": "https://my.qidian.com/user/218701373", "userReview": "\u5367\u69fd\ud83d\ude31\u4e00\u5343\u4e07\u5b57\u7684\u5c0f\u8bf4\u3002\u3002\u3002\u3002"}, {"userName": "\u7684\u4e8b\u53d1\u751f\u5927\u5e45", "userReviewDate": "4\u5c0f\u65f6\u524d", "userURL": "https://my.qidian.com/user/119613355", "userReview": "\u7b7e\u5230\u4e94\u4e2a\u5b57"}, {"userName": "\u70df\u706b\u7eaa\u5143", "userReviewDate": "6\u5c0f\u65f6\u524d", "userURL": "https://my.qidian.com/user/219116757", "userReview": "\u4e0d\u5c0f\u5fc3\u71ac\u591c\u770b\u5230\u73b0\u5728\uff0c\u5e1d\u56fd\u7bc7\u771f\u7684\u76f8\u5f53\u8111\u6d1e\u554a\uff01\u6709\u70b9\u540e\u6094\u8df3\u7740\u770b\u4e86\u4e00\u4e0b\u540e\u9762\uff0c\u88ab\u5267\u900f\u4e00\u8138\u2026\u2026\u4f46\u662f\u6211\u771f"}], "description": "\u661f\u6d77\u6f2b\u6e38\uff0c\u65f6\u7a7a\u7a7f\u68ad\uff0c\u673a\u68b0\u79d1\u6280\uff0c\u76ee\u6807\u662f\u672a\u77e5\u7684\u661f\u8fb0\u5927\u6d77\uff01", "title": "\u4fee\u771f\u56db\u4e07\u5e74", "url": "https://book.qidian.com/info/3439785", "average": -1.0, "cover": "//qidian.qpic.cn/qdbimg/349573/3439785/180", "reviews": -1, "authors": [{"url": "https://me.qidian.com/authorIndex.aspx?id=4380856", "name": "\u5367\u725b\u771f\u4eba"}], "type": ["\u79d1\u5e7b", "\u672a\u6765\u4e16\u754c"], "outlinks": ["https://book.qidian.com/info/3439785", "https://book.qidian.com/info/1010426071", "https://book.qidian.com/info/1010426071", "https://book.qidian.com/info/1010174389", "https://book.qidian.com/info/1010174389", "https://book.qidian.com/info/1010314675", "https://book.qidian.com/info/1010314675", "https://book.qidian.com/info/1009940237", "https://book.qidian.com/info/1009940237", "https://book.qidian.com/info/1010168527", "https://book.qidian.com/info/1010168527", "https://book.qidian.com/info/1010463703", "https://book.qidian.com/info/1010463703", "https://book.qidian.com/info/1011814764", "https://book.qidian.com/info/1011636462", "https://book.qidian.com/info/1012011143", "https://book.qidian.com/info/1011989615", "https://book.qidian.com/info/1011979302", "https://book.qidian.com/info/1011962232", "https://book.qidian.com/info/1012020634", "https://book.qidian.com/info/1011923738", "https://book.qidian.com/info/1012020834", "https://book.qidian.com/info/1011973977"]}