{"ratings": 0.0, "userreviews": [{"userName": "\u300e\u706d\u51e4\u300f", "userReviewDate": "2018-06-07", "userURL": "https://my.qidian.com/user/103693575", "userReview": "\u3010\u539f\u8d34\u7ecf\u5e38\u88ab\u541e\u8d34\uff0c\u4e0d\u65b9\u4fbf\u5ba1\u6838\uff0c\u56e0\u6b64\u7279\u5f00\u6b64\u697c\u3011V\u7fa4\u5df2\u7ecf\u516c\u5f00\u7fa4\u53f7\u5728\u7b80\u4ecb\u3002\u672c\u5e16\u4ec5\u4f9bV\u7fa4\u8ba4\u8bc1\u4f7f\u7528\uff0c"}, {"userName": "\u5723\u9a91\u58eb\u7684\u4f20\u8bf4", "userReviewDate": "2018-06-06", "userURL": "https://my.qidian.com/user/12746086", "userReview": "\u672c\u697c\u53ef\u4ee5\u5b89\u7f6e\u9f99\u5957\u3001\u89d2\u8272\u3002\u7136\u540e\uff0c\u6709\u53d1\u73b0\u9519\u522b\u5b57\u3001\u6216\u662f\u88ab\u548c\u8c10\u6389\u7684**\uff0c\u4ee5\u53ca\u5404\u79cd\u660e\u663e\u7684BUG\u90fd\u53d1\u8fd9"}, {"userName": "\u590f\u306e\u2465\u6708\u98de\u96ea", "userReviewDate": "2018-06-02", "userURL": "https://my.qidian.com/user/3307373", "userReview": "\u4f5c\u4e3a\u4e00\u672c\u96c6\u5927\u4f17\u667a\u6167\u4e8e\u4e00\u4f53\u7684\u795e\u4f5c\u4f60\u662f\u4e0d\u662f\u4e5f\u6709\u5f88\u591a\u5f88\u6709\u610f\u601d\u7684\u70b9\u5b50\u60f3\u8d21\u732e\u51fa\u6765\uff0c\u53c8\u6015\u5976\u9a91\u770b\u4e0d\u5230\u3002\u673a"}, {"userName": "\u5bf9\u5143", "userReviewDate": "4\u5206\u949f\u524d", "userURL": "https://my.qidian.com/user/190098600", "userReview": "\u603b\u89c9\u5f97\u5929\u5e1d\u6700\u540e\u4f1a\u88ab\u81ea\u5df1\u73a9\u6210\u96e8\u67d4\u5b50\u7684\u5206\u8eab\u554a"}, {"userName": "\u5c0fz\u6960", "userReviewDate": "7\u5206\u949f\u524d", "userURL": "https://my.qidian.com/user/224109274", "userReview": "\u5929\u5e1d\u4e00\u81c9\u7d55\u671b\uff0c\u5979\u7d42\u65bc\u767c\u73fe\u7f6a\u9b41\u798d\u9996\u662f\u8ab0\u4e86\u3002\u4e0e\u5176\u8bf4\u627e\u5230\u7f6a\u9b41\u798d\u9996\uff0c\u4f46\u5176\u5b9e\u771f\u7684\u53ea\u5269\u4e0b\u4e2a\u5934\u4e86\u3002"}, {"userName": "\u5b89\u7fe0\u6b50", "userReviewDate": "16\u5206\u949f\u524d", "userURL": "https://my.qidian.com/user/300591850", "userReview": "\u5009\u9f20\u771f\u53ef\u611b~\u5e0c\u671b\u6232\u4efd\u591a\u4e00\u4e9b"}, {"userName": "\u9006~\u83b2", "userReviewDate": "23\u5206\u949f\u524d", "userURL": "https://my.qidian.com/user/197061820", "userReview": "\u8981\u6709\u9ad8\u5ea6\u4e3b\u7f16\u770b\u4e86\u770b\u5c0f\u674e\u7684\u6587\u7ae0\uff0c\u8bed\u91cd\u5fc3\u957f\u7684\u8bf4\uff1a\u201c\u5e74\u8f7b\u4eba\uff0c\u5199\u6587\u7ae0\u8981\u6709\u9ad8\u5ea6\u201d\uff0c\u5c0f\u674e\u6df1\u6df1\u7684\u70b9\u4e86\u70b9\u5934"}, {"userName": "\u840c\u840c\u54d2\u7684\u5b8b\u5c18", "userReviewDate": "24\u5206\u949f\u524d", "userURL": "https://my.qidian.com/user/217982015", "userReview": "\u90a3\u4e2a\u5e1d\u6d41\u6d46\u7684\u662f\u5929\u79c0\u5427\u3002\u3002\u3002"}, {"userName": "\u5e7b\u7ffc\u7075\u5251\u795e", "userReviewDate": "45\u5206\u949f\u524d", "userURL": "https://my.qidian.com/user/188641147", "userReview": "\u611f\u89c9\u554a\uff0c\u5b8b\u4e66\u822a\u7684\u5200\u6cd5\u5929\u8d4b\u5176\u5b9e\u662f\u6982\u5ff5\u4e0a\u7684\uff0c\u8fd9\u8fab\u5200\u4e5d\u65a9\u867d\u8bf4\u662f\u5200\u6cd5\uff0c\u4f46\u5b83\u9996\u5148\u662f\u64cd\u63a7\u5934\u53d1\u7684\u6280\u5de7\u554a\uff0c"}, {"userName": "\u877c\u8681\u6709\u68a6", "userReviewDate": "55\u5206\u949f\u524d", "userURL": "https://my.qidian.com/user/215255601", "userReview": "\u4eca\u5929\u5c0f\u8bf4\u4e0a\u67b6\u7b2c\u4e00\u5929\uff0c\u6765\u62dc\u767d\u524d\u8f88\uff01\u4e0d\u6c42\u5927\u5356\u4ec0\u4e48\u7684\uff0c\u90a3\u662f\u4e0d\u53ef\u80fd\u7684\uff0c\u53ea\u6c42\u80fd\u591f\u8d5a\u5230\u70b9\u94b1\uff0c\u7136\u540e\u6765\u770b\u6b63"}, {"userName": "\u5c0fz\u6960", "userReviewDate": "2\u5c0f\u65f6\u524d", "userURL": "https://my.qidian.com/user/224109274", "userReview": "\u867d\u7136\u77e5\u9053\u662f\u4e0d\u53ef\u80fd\u7684\u5566\uff0c\u4f46\u4e00\u60f3\u5230\u5929\u5e1d\u50cf\u8d64\u9704\u528d\u4e00\u6837\u53bb\u8ba8\u517b\u5200\u672f\u7684\u65f6\u5019\uff0c\u753b\u98ce\u7b80\u76f4\u2026\u2026\u2026\u2026\u2026"}, {"userName": "\u6e38\u4fa0647", "userReviewDate": "2\u5c0f\u65f6\u524d", "userURL": "https://my.qidian.com/user/215760686", "userReview": "             \u7279\u5927\u6d88\u606f\uff01           \u7279\u5927\u6d88\u606f\uff01     \u4e5d\u5dde\u4e00\u53f7\u7fa4\u6709"}, {"userName": "\u745e\u5b89\u00b7\u5170\u6bd4\u65af", "userReviewDate": "2\u5c0f\u65f6\u524d", "userURL": "https://my.qidian.com/user/1290351", "userReview": "\u201c\u2026\u2026\u5982\u679c\u80fd\u51cf\u5c11\u7231\u672f\u65f6\u7684\u77ac\u95f4\u4f24\u5bb3\u201d\uff0cWTF\uff0c\u539f\u6765\u517b\u5200\u672f\u7684\u771f\u76f8\u662f\u8fd9\u6837\uff0c\u7231\u2026\u7231\u2026\u672f\uff1f\u517b\u2026\u2026\u5200\uff08"}, {"userName": "\u671b\u5929\u800c\u8bba", "userReviewDate": "2\u5c0f\u65f6\u524d", "userURL": "https://my.qidian.com/user/149348378", "userReview": "\u6211\u7528\u4e86\u4e5d\u5e74\u7684\u7f51\u540d\u554a\uff0c\u5c31\u8fd9\u6837\u88ab\u8fd9\u672c\u4e66\u7ed9\u6bc1\u4e86\u3002T\ufe4fT"}], "description": "\u5b8b\u4e66\u822a\u610f\u5916\u52a0\u5165\u4e00\u4e2a\u4ed9\u4fa0\u4e2d\u4e8c\u75c5\u8d44\u6df1\u60a3\u8005\u7684\u4ea4\u6d41\u7fa4\uff0c\u7fa4\u6210\u5458\uff0c\u7adf\u7136\u5168\u90e8\u662f\u4fee\u771f\u8005", "title": "\u4fee\u771f\u804a\u5929\u7fa4", "url": "https://book.qidian.com/info/3602691", "average": -1.0, "cover": "//qidian.qpic.cn/qdbimg/349573/3602691/180", "reviews": -1, "authors": [{"url": "https://me.qidian.com/authorIndex.aspx?id=4362241", "name": "\u5723\u9a91\u58eb\u7684\u4f20\u8bf4"}], "type": ["\u90fd\u5e02", "\u5f02\u672f\u8d85\u80fd", "\u4e8c\u6b21\u5143"], "outlinks": ["https://book.qidian.com/info/3602691", "https://book.qidian.com/info/1010191960", "https://book.qidian.com/info/1010191960", "https://book.qidian.com/info/1009915605", "https://book.qidian.com/info/1009915605", "https://book.qidian.com/info/1010908372", "https://book.qidian.com/info/1010908372", "https://book.qidian.com/info/1007065503", "https://book.qidian.com/info/1007065503", "https://book.qidian.com/info/1010092001", "https://book.qidian.com/info/1010092001", "https://book.qidian.com/info/1010781736", "https://book.qidian.com/info/1010781736", "https://book.qidian.com/info/143157", "https://book.qidian.com/info/143157", "https://book.qidian.com/info/1226165", "https://book.qidian.com/info/1226165", "https://book.qidian.com/info/2584143", "https://book.qidian.com/info/2584143", "https://book.qidian.com/info/3355989", "https://book.qidian.com/info/3355989", "https://book.qidian.com/info/1011932150", "https://book.qidian.com/info/1012029544", "https://book.qidian.com/info/1012015699", "https://book.qidian.com/info/1012018201", "https://book.qidian.com/info/1011879101", "https://book.qidian.com/info/1011790606", "https://book.qidian.com/info/1011971435", "https://book.qidian.com/info/1009695534", "https://book.qidian.com/info/1011890878", "https://book.qidian.com/info/1010537314"]}