{"ratings": 0.0, "userreviews": [{"userName": "\u67af\u8363\u5c0a\u8005", "userReviewDate": "2018-05-31", "userURL": "https://my.qidian.com/user/211477181", "userReview": "\u4f5c\u8005\u52a0\u6cb9\uff0c\u4f60\u7684\u4e0a\u4e00\u672c\u4e66\u5341\u5206\u4e0d\u9519\u72ec\u7279\u7684\u4fee\u70bc\u4f53\u7cfb\u5c31\u662f\u7ed3\u5c3e\u6bd4\u8f83\u5306\u5fd9\u52a0\u6cb9\uff3e\uff10\uff3e~"}], "description": "\u30102018\u8d77\u70b9\u4ed9\u4fa0\u6d41\u6d3e\u5f81\u6587\u3011\u53c2\u8d5b\u4f5c\u54c1", "title": "\u4fee\u771f\u957f\u751f\u9053", "url": "https://book.qidian.com/info/1012053507", "average": -1.0, "cover": "//qidian.qpic.cn/qdbimg/349573/1012053507/180", "reviews": -1, "authors": [{"url": "https://me.qidian.com/authorIndex.aspx?id=400999511", "name": "\u6c81\u6c34\u7684\u9e1f"}], "type": ["\u4ed9\u4fa0", "\u5e7b\u60f3\u4fee\u4ed9"], "outlinks": ["https://book.qidian.com/info/1012053507", "https://book.qidian.com/info/1004133955", "https://book.qidian.com/info/1004133955", "https://book.qidian.com/info/1005395194", "https://book.qidian.com/info/1005395194", "https://book.qidian.com/info/1010389683", "https://book.qidian.com/info/1010389683", "https://book.qidian.com/info/1005317161", "https://book.qidian.com/info/1005317161", "https://book.qidian.com/info/1005814173", "https://book.qidian.com/info/1005814173", "https://book.qidian.com/info/1010259609", "https://book.qidian.com/info/1010259609", "https://book.qidian.com/info/1010566865", "https://book.qidian.com/info/1010566865", "https://book.qidian.com/info/1010327039", "https://book.qidian.com/info/1012016027", "https://book.qidian.com/info/1011630501", "https://book.qidian.com/info/1012010192", "https://book.qidian.com/info/1011834598", "https://book.qidian.com/info/1011672705", "https://book.qidian.com/info/1011966835", "https://book.qidian.com/info/1011940680", "https://book.qidian.com/info/1011491390", "https://book.qidian.com/info/1011995376"]}