{"ratings": 0.0, "userreviews": [{"userName": "\u661f\u6708\u72fc", "userReviewDate": "2018-03-12", "userURL": "https://my.qidian.com/user/1856203", "userReview": "\u3010\u4fee\u70bc\u72c2\u6f6eVIP\u7fa4\u3011\u7fa4\u53f7\uff1a463--696--926V\u7fa4\u8fdb\u7fa4\u6761\u4ef6\uff1a\u6b66\u795e\u7a7a\u95f4,\u98de\u5347\u5927\u8352,\u91cd\u751f"}, {"userName": "Woshi2b", "userReviewDate": "2017-08-03", "userURL": "https://my.qidian.com/user/110077383", "userReview": "Woshi2b\u6253\u8d4f\u5085\u5578\u5c18 100000\u8d77\u70b9\u5e01  \u8fd9\u672c\u4e66\u5199\u7684\u592a\u597d\u4e86,\u7292\u52b3\u4e00\u4e0b\u5e0c\u671b\u540e\u7eed\u66f4\u7cbe\u5f69!"}, {"userName": "\u6248\u6015who", "userReviewDate": "2017-04-27", "userURL": "https://my.qidian.com/user/215202234", "userReview": "\u6248\u6015who\u6253\u8d4f\u5085\u5578\u5c18 1000000\u8d77\u70b9\u5e01\u3000\u5fc3\u6f6e\u6f8e\u6e43\uff0c\u76f8\u89c1\u6068\u665a\uff0c\u767e\u4e07\u867d\u5de8\uff0c\u4ea6\u96be\u8868\u543e\u4e4b\u559c\u7231\uff01"}, {"userName": "\u5085\u5578\u5c18", "userReviewDate": "2017-02-19", "userURL": "https://my.qidian.com/user/122597038", "userReview": "\u5982\u9898\uff0c\u5c31\u662f\u4e00\u4e2a\u9f99\u5957\u62a5\u540d\u7684\u5e16\u5b50\uff0c\u5927\u5bb6\u628a\u81ea\u5df1\u60f3\u8981\u5ba2\u4e32\u7684\u4eba\u7269\u540d\u5b57\uff0c\u7528\u5565\u5175\u5668\uff0c\u5565\u529f\u6cd5\uff0c\u5565\u52bf\u529b\uff0c\u7b49\u7b49"}, {"userName": "\u7ed9\u4f60\u4e00\u4e2a\u751c\u751c\u7684\u543b", "userReviewDate": "59\u5206\u949f\u524d", "userURL": "https://my.qidian.com/user/222545220", "userReview": "\u6b7b\u4e00\u4e2a\u4eba\u80fd\u4e00\u7ae0\uff0c\u8981\u662f\u6211\u4f7f\u51fa\u706b\u661f\u7edd\u5b66\u706d\u6389\u4e00\u4e2a\u94f6\u6cb3\u7cfb\uff0c\u5c31\u7b97\u662f\u795e\u738b\u8981\u770b\u5c0f\u8bf4\u4e0d\u5f97\u575f\u5934\u8349\u4e09\u4e07\u7c73\u957f"}, {"userName": "\u4e66\u53cb150222201225180", "userReviewDate": "4\u5c0f\u65f6\u524d", "userURL": "https://my.qidian.com/user/200160834", "userReview": "\u5c31\u4e00\u573aPK\u80fd\u6c34\u5341\u7ae0\u6211\u4e5f\u662f\u670d\u4e86\uff0c\u6740\u4e00\u4e2a\u53cd\u6d3e\u8981\u4e00\u7ae0\uff0c\u4f60\u662f\u5199\u5c0f\u8bf4\uff0c\u53c8\u4e0d\u662f\u5199\u6b66\u529f\u79d8\u8bc0\u7684\uff0c"}, {"userName": "ffhoijekji", "userReviewDate": "5\u5c0f\u65f6\u524d", "userURL": "https://my.qidian.com/user/819248", "userReview": "\u7b7e\u5230\u6c34\u7ecf\u9a8c"}, {"userName": "\u5cf0\u7687\u98ce", "userReviewDate": "7\u5c0f\u65f6\u524d", "userURL": "https://my.qidian.com/user/302931255", "userReview": "\u4ec0\u4e48\u7834\u70c2\u73a9\u610f"}, {"userName": "\u8001\u9648009", "userReviewDate": "9\u5c0f\u65f6\u524d", "userURL": "https://my.qidian.com/user/308342795", "userReview": "\u652f\u6301\u4e00\u4e0b\ud83d\ude01"}, {"userName": "zjn999", "userReviewDate": "9\u5c0f\u65f6\u524d", "userURL": "https://my.qidian.com/user/431188", "userReview": "\u7b7e\u5230\uff01\uff01\uff01"}, {"userName": "\uff23\uff2f\uff2f\uff2c", "userReviewDate": "9\u5c0f\u65f6\u524d", "userURL": "https://my.qidian.com/user/300587136", "userReview": "\u7b7e\u5230\u6c34\u7ecf\u9a8c"}, {"userName": "\uff23\uff2f\uff2f\uff2c", "userReviewDate": "9\u5c0f\u65f6\u524d", "userURL": "https://my.qidian.com/user/300587136", "userReview": "\u7b7e\u5230\u6c34\u7ecf\u9a8c"}, {"userName": "\u6211\u6765\u81ea\u6c5f\u6e56666", "userReviewDate": "14\u5c0f\u65f6\u524d", "userURL": "https://my.qidian.com/user/171544510", "userReview": "\u81ea\u5df1\u5f04\u4e2a\u8d34\u7b7e\u5230\uff01\u652f\u6301\u4fee\u70bc\u72c2\u6f6e\uff01\u652f\u6301\u5578\u5c18\uff01\u672c\u4e66\u662f\u6211\u7684\u7b2c\u4e00\u76df\uff01\u6b64\u8d34\u5230\u4e07\u697c\u4e5f\u662f\u6211\u767b\u9886\u76df\u4e3b\u4e4b\u5b9d\u5ea7\uff01"}, {"userName": "\u70cf\u9f9c_\u516c\u5b50", "userReviewDate": "19\u5c0f\u65f6\u524d", "userURL": "https://my.qidian.com/user/222396817", "userReview": "\u7b7e\u5230\u6c34\u7ecf\u9a8c"}], "description": "\u5fc3\u6f6e\u6f8e\u6e43\uff0c\u65e0\u9650\u5e7b\u60f3\uff0c\u8fce\u98ce\u6325\u51fb\u5343\u5c42\u6d6a\uff0c\u5c11\u5e74\u4e0d\u8d25\u70ed\u8840\uff01", "title": "\u4fee\u70bc\u72c2\u6f6e", "url": "https://book.qidian.com/info/1003630241", "average": -1.0, "cover": "//qidian.qpic.cn/qdbimg/349573/1003630241/180", "reviews": -1, "authors": [{"url": "https://me.qidian.com/authorIndex.aspx?id=4362508", "name": "\u5085\u5578\u5c18"}], "type": ["\u7384\u5e7b", "\u4e1c\u65b9\u7384\u5e7b"], "outlinks": ["https://book.qidian.com/info/1003630241", "https://book.qidian.com/info/1010000699", "https://book.qidian.com/info/1010000699", "https://book.qidian.com/info/1010495773", "https://book.qidian.com/info/1010495773", "https://book.qidian.com/info/1010325796", "https://book.qidian.com/info/1010325796", "https://book.qidian.com/info/3176570", "https://book.qidian.com/info/3176570", "https://book.qidian.com/info/1010695671", "https://book.qidian.com/info/1010695671", "https://book.qidian.com/info/1009329519", "https://book.qidian.com/info/1009329519", "https://book.qidian.com/info/1878693", "https://book.qidian.com/info/1878693", "https://book.qidian.com/info/2127051", "https://book.qidian.com/info/2127051", "https://book.qidian.com/info/2407162", "https://book.qidian.com/info/2407162", "https://book.qidian.com/info/1011988403", "https://book.qidian.com/info/1009595922", "https://book.qidian.com/info/1011844784", "https://book.qidian.com/info/1011892497", "https://book.qidian.com/info/1011095320", "https://book.qidian.com/info/1011996851", "https://book.qidian.com/info/1011856434", "https://book.qidian.com/info/1011879207", "https://book.qidian.com/info/1011833256", "https://book.qidian.com/info/1011967674"]}