{"ratings": 0.0, "userreviews": [{"userName": "\u590f\u672b\u5341\u91cc", "userReviewDate": "2018-06-06", "userURL": "https://my.qidian.com/user/313366401", "userReview": "\u8fd9\u672c\u4e6666666666666"}, {"userName": "\u54ea\u6709\u4ec0\u4e48\u540d\u5b57", "userReviewDate": "2018-06-06", "userURL": "https://my.qidian.com/user/210887612", "userReview": "\u8fd9\u672c\u4e66\u771f\u7684\u5f88\u4e0d\u9519\uff0c\u4e00\u5b9a\u4f1a\u706b"}, {"userName": "\u5c0f\u6587\u5200\u4e71\u7a7f", "userReviewDate": "2018-06-05", "userURL": "https://my.qidian.com/user/312507493", "userReview": "\u8282\u594f\u6709\u70b9\u6162\u4e86\uff0c\u4f46\u6211\u66f4\u62c5\u5fc3\u7684\u662f\u4f1a404\uff0c\u53d6\u540d\u7684\u65f6\u5019\u6700\u597d\u8c28\u614e\u4e00\u70b9\uff0c\u5e0c\u671b\u662f\u6211\u591a\u5fc3\u4e86\u3002"}, {"userName": "\u5c0f\u6587\u5200\u4e71\u7a7f", "userReviewDate": "2018-06-05", "userURL": "https://my.qidian.com/user/312507493", "userReview": "\u8fd9\u4e66\u4e0d\u9519\uff01\u52a0\u6cb9\uff01"}, {"userName": "\u5341\u4f59\u6843\u82b1", "userReviewDate": "2018-06-04", "userURL": "https://my.qidian.com/user/317086905", "userReview": "\u5427\u64e6\u9ed1\uff0c\u64e6\u6d6a\u563f\u5466"}, {"userName": "\u5415\u5929\u867e12044", "userReviewDate": "2018-06-03", "userURL": "https://my.qidian.com/user/315047261", "userReview": "\u6c34\u7ecf\u9a8c\uff0c\u54c8\u54c8\uff0c\u7b7e\u5230"}, {"userName": "\u6e90\u6708\u65e0\u7f3a", "userReviewDate": "2018-06-02", "userURL": "https://my.qidian.com/user/310622216", "userReview": "\u5389\u5bb3\u554a\uff0c\u63a8\u8350\u4e0d\u65ad\uff1f\u819c\u62dc\u5927\u4f6c"}, {"userName": "\u8ffd\u7740UFO\u8def\u8fc7", "userReviewDate": "2018-06-01", "userURL": "https://my.qidian.com/user/313500251", "userReview": "\u5f88\u597d\u7684\u4e66\u554a\uff0c\u5c31\u662f\u770b\u7684\u4eba\u592a\u5c11\u3002"}, {"userName": "\u9f99\u7fd4\u5347\u817e", "userReviewDate": "2018-06-01", "userURL": "https://my.qidian.com/user/225451153", "userReview": "\u7b7e\u5230\u652f\u6301\u4e0b\uff0c\u52a0\u6cb9"}, {"userName": "\u54ea\u6709\u4ec0\u4e48\u540d\u5b57", "userReviewDate": "2018-05-31", "userURL": "https://my.qidian.com/user/210887612", "userReview": "\u5f88\u68d2\uff0c\u5c31\u662f\u66f4\u7684\u592a\u6162"}, {"userName": "\u82cf\u683c\u62c9\u5f88\u6709\u7231", "userReviewDate": "2018-05-31", "userURL": "https://my.qidian.com/user/216864913", "userReview": "\u521b\u610f\u4e0d\u9519\u3002\u7b2c\u4e00\u6b21\u770b\u89c1\u9700\u8981\u7b7e\u7ea6\u7684\u4fee\u58eb\uff0c\u6536\u4e86\u3002"}, {"userName": "lenth", "userReviewDate": "2018-05-31", "userURL": "https://my.qidian.com/user/2752379", "userReview": "\u5199\u5f97\u4e0d\u9519\u554a\uff0c\u7ee7\u7eed\u52a0\u6cb9\uff0c\u4e0b\u4e00\u4e2a\u5927\u795e\u5c31\u662f\u4f60"}, {"userName": "\u6e90\u6708\u65e0\u7f3a", "userReviewDate": "2018-05-29", "userURL": "https://my.qidian.com/user/310622216", "userReview": "\u50ac\u66f4\uff01\uff01\uff01\u53e6\u5916\u6211\u6765\u7b7e\u4e2a\u5230\uff01"}, {"userName": "\u5f20\u4e5d\u9f84VS\u67f3\u6c38", "userReviewDate": "2018-05-29", "userURL": "https://my.qidian.com/user/315388183", "userReview": "\u4eba\u6c14\u5f88\u9ad8\uff0c\u52a0\u6cb9\u2196(^\u03c9^)\u2197\u54e6\u3002\u6587\u7b14\u4e0d\u9519\uff0c\u6545\u4e8b\u6709\u8da3\u3002"}], "description": "\u4fee\u4ed9\u89c5\u957f\u751f\uff0c\u70ed\u8840\u4efb\u900d\u9065\uff0c\u8e0f\u83b2\u66f3\u6ce2\u6da4\u5251\u9aa8\uff0c\u51ed\u865a\u5fa1\u98ce\u5851\u5723\u9b42\uff01", "title": "\u4fee\u771f\u9664\u5996\u5f55", "url": "https://book.qidian.com/info/1011678119", "average": -1.0, "cover": "//qidian.qpic.cn/qdbimg/349573/1011678119/180", "reviews": -1, "authors": [{"url": "https://me.qidian.com/authorIndex.aspx?id=402125460", "name": "\u8d8a\u5c0f\u5343"}], "type": ["\u4ed9\u4fa0", "\u73b0\u4ee3\u4fee\u771f"], "outlinks": ["https://book.qidian.com/info/1011678119", "https://book.qidian.com/info/1004179514", "https://book.qidian.com/info/1004179514", "https://book.qidian.com/info/1010368906", "https://book.qidian.com/info/1010368906", "https://book.qidian.com/info/1011075308", "https://book.qidian.com/info/1011075308", "https://book.qidian.com/info/1010468795", "https://book.qidian.com/info/1010468795", "https://book.qidian.com/info/1004073922", "https://book.qidian.com/info/1004073922", "https://book.qidian.com/info/1003747185", "https://book.qidian.com/info/1003747185", "https://book.qidian.com/info/1010327039", "https://book.qidian.com/info/1012016027", "https://book.qidian.com/info/1011630501", "https://book.qidian.com/info/1012010192", "https://book.qidian.com/info/1011834598", "https://book.qidian.com/info/1011672705", "https://book.qidian.com/info/1011966835", "https://book.qidian.com/info/1011940680", "https://book.qidian.com/info/1011491390", "https://book.qidian.com/info/1011995376"]}