{"ratings": 0.0, "userreviews": [{"userName": "\u5415\u5929\u867e13444", "userReviewDate": "2018-06-02", "userURL": "https://my.qidian.com/user/316372582", "userReview": "\u5929\u5929\u90fd\u8981\u505a\u7684\u4e8b\u60c5\u662f\u8bc4\u8bba\u7b7e\u5230\u6295\u7968\uff0c\u5efa\u697c\u3002"}, {"userName": "\u4e66\u53cb20170827135306468", "userReviewDate": "2018-05-29", "userURL": "https://my.qidian.com/user/307588068", "userReview": "\u4f5c\u8005\u5c31\u4e0d\u80fd\u5199\u7684\u773c\u775b\u4e4b\u5916\u7684\u4e1c\u897f\u4e86\u4e48\uff1f"}, {"userName": "\u72c2\u70ed\u4e09\u56fd", "userReviewDate": "2018-05-28", "userURL": "https://my.qidian.com/user/7480288", "userReview": "\u4fee\u7f57\u4e0d\u5e94\u8be5\u662f\u6700\u5f3a\u4e0d\u9508\u94a2\u4e48\uff08\u6ed1\u7a3d\uff09[fn=58]"}, {"userName": "\u4e66\u53cb20170810165208721", "userReviewDate": "2018-05-27", "userURL": "https://my.qidian.com/user/306680550", "userReview": "\u4f5c\u8005\u52a0\u6cb9\uff01"}, {"userName": "\u7ec6\u96e8\u542c\u98ce", "userReviewDate": "2018-05-27", "userURL": "https://my.qidian.com/user/1049930", "userReview": "\u65b9\u5341\u516b\u8fc7\u6765\u7684\uff0c\u4f5c\u8005\u52a0\u6cb9"}, {"userName": "\u4e66\u53cb20171121082054327", "userReviewDate": "2018-05-26", "userURL": "https://my.qidian.com/user/310953237", "userReview": "\u5b50\u5348\u661f\u5251\u2026\u2026\u522b\u8d70\uff0c\u6211\u8fd8\u80fd\u7334\uff01"}, {"userName": "\u8d64\u9b42\u51ef\u98ce", "userReviewDate": "2018-05-20", "userURL": "https://my.qidian.com/user/300950554", "userReview": "\u53ef\u4ee5\uff0c\u597d\u770b\uff0c\u4f5c\u8005\u52a0\u6cb9\u3002\u3002\u3002"}, {"userName": "Bladewolf", "userReviewDate": "2018-05-17", "userURL": "https://my.qidian.com/user/226245175", "userReview": "\u76f4\u6b7b\u4e4b\u9b54\u773c\uff1f\n"}, {"userName": "jancei", "userReviewDate": "2018-05-13", "userURL": "https://my.qidian.com/user/161372247", "userReview": "\u770b\u5230\u7eb8\u540e\uff0c\u6797\u7237\u7237\u8868\u60c5\u524d\u6240\u672a\u6709\u7684\u4e25\u8083\uff0c\u53ef\u89c1\u4e8b\u60c5\u662f\u771f\u7684\u5f88\u4e25\u8083\uff0c\u8fde\u65b9\u6cd5\u90fd\u6293\u7d27\u5bf9\u9634\u590f\u8bf4\u4e86\uff0c\u4ed6\u4e5f\u771f\u5fc3"}, {"userName": "\u51b0\u51c9\u706c\u9b54\u9b47", "userReviewDate": "2018-05-12", "userURL": "https://my.qidian.com/user/214540574", "userReview": "made\uff0c\u521a\u521a\u53bb\u8865\u4e86\u4e00\u4e0b\u4e4b\u524d\u90a3\u672c\u4e66\uff0c\u4f60\u4e2b\u7684\u53bb\u6551\u4eba\u529b\u91cf\u90fd\u4e0d\u63d0\u5347\u4e00\u4e0b\uff0c\u600e\u4e48\uff0c1.3\u7684\u529b\u91cf\u8ba9\u4f60\u4e3a"}, {"userName": "\u4e07\u8c61\u4fee\u7f57\u662f\u6211\u8bfb\u7684\u7b2c\u4e00\u672c\u4e66", "userReviewDate": "2018-05-12", "userURL": "https://my.qidian.com/user/190110001", "userReview": "\u4f5c\u8005\u541b\u52a0\u6cb9\uff0c\u7f57\u5929\u5f81\u8fc7\u6765\u7684"}, {"userName": "\u795e\u7ea7\u8089\u76fe", "userReviewDate": "2018-05-11", "userURL": "https://my.qidian.com/user/188839276", "userReview": "\u8fd8\u5728\u65b9\u5341\u516b\u91cc\u9762\uff0c[fn=24]\u6d3b\u7684\u592a\u5e7b\u706d\u4e86\u3002\u624e\u5fc3\u4e86\u8001\u94c1\uff0c\u8fd8\u6ca1\u8d70\u51fa\u6765"}, {"userName": "\u4e66\u53cb20171012003830463", "userReviewDate": "2018-05-10", "userURL": "https://my.qidian.com/user/309356626", "userReview": "\u521a\u521a\u4ece\u65b9\u5341\u516b\u90a3\u8fc7\u6765 "}, {"userName": "\u674e\u767d\u4e0d\u592a\u767d\u52a0\u6cb9", "userReviewDate": "2018-05-10", "userURL": "https://my.qidian.com/user/313705445", "userReview": "\u7ee7\u7eed\u652f\u6301\u5427\u3002"}], "description": "\u661f\u6d77\u6f2b\u6e38\uff0c\u65f6\u7a7a\u7a7f\u68ad\uff0c\u673a\u68b0\u79d1\u6280\uff0c\u76ee\u6807\u662f\u672a\u77e5\u7684\u661f\u8fb0\u5927\u6d77\uff01", "title": "\u4fee\u7f57\u4e3b\u5bb0\u7cfb\u7edf", "url": "https://book.qidian.com/info/1011933141", "average": -1.0, "cover": "//qidian.qpic.cn/qdbimg/349573/1011933141/180", "reviews": -1, "authors": [{"url": "https://me.qidian.com/authorIndex.aspx?id=2133757", "name": "\u5c11\u5e74\u51fa\u82f1\u96c4"}], "type": ["\u79d1\u5e7b", "\u8fdb\u5316\u53d8\u5f02"], "outlinks": ["https://book.qidian.com/info/1011933141", "https://book.qidian.com/info/1009719053", "https://book.qidian.com/info/1009719053", "https://book.qidian.com/info/1010691511", "https://book.qidian.com/info/1010691511", "https://book.qidian.com/info/1011199441", "https://book.qidian.com/info/1011199441", "https://book.qidian.com/info/1010691333", "https://book.qidian.com/info/1010691333", "https://book.qidian.com/info/1009810357", "https://book.qidian.com/info/1009810357", "https://book.qidian.com/info/1009942254", "https://book.qidian.com/info/1009942254", "https://book.qidian.com/info/1704768", "https://book.qidian.com/info/1704768", "https://book.qidian.com/info/1874431", "https://book.qidian.com/info/1874431", "https://book.qidian.com/info/3137464", "https://book.qidian.com/info/3137464", "https://book.qidian.com/info/3682357", "https://book.qidian.com/info/3682357", "https://book.qidian.com/info/1004876914", "https://book.qidian.com/info/1004876914", "https://book.qidian.com/info/1005190836", "https://book.qidian.com/info/1005190836", "https://book.qidian.com/info/1009942254", "https://book.qidian.com/info/1009942254", "https://book.qidian.com/info/1011814764", "https://book.qidian.com/info/1011636462", "https://book.qidian.com/info/1012011143", "https://book.qidian.com/info/1011989615", "https://book.qidian.com/info/1011979302", "https://book.qidian.com/info/1011962232", "https://book.qidian.com/info/1012020634", "https://book.qidian.com/info/1011923738", "https://book.qidian.com/info/1012020834", "https://book.qidian.com/info/1011973977"]}