{"ratings": 0.0, "userreviews": [{"userName": "\u6cd5\u751f\u4e09\u821e", "userReviewDate": "2018-05-28", "userURL": "https://my.qidian.com/user/219274659", "userReview": "\u6b64\u4e66\u5185\u5bb9\u7ec6\u817b\uff0c\u8282\u594f\u7d27\u51d1\u4e0d\u5931\u5f20\u5ea6\uff0c\u4f60\u751a\u81f3\u53ef\u4ee5\u628a\u5b83\u5f53\u505a\u6559\u6750\uff0c\u6700\u4ee4\u4eba\u9707\u60ca\u7684\u4e00\u70b9\uff0c\u5b83\u7adf\u7136\u662f\u672c\u5c0f\u8bf4\uff01"}, {"userName": "\u8f69\u7f18\u5f71\u6708", "userReviewDate": "13\u5c0f\u65f6\u524d", "userURL": "https://my.qidian.com/user/130262394", "userReview": "\u6709\u4e2a\u95ee\u9898\u60f3\u8bf7\u6559\u4e0b\u5154\u5b50 \u8bbe\u5b9a\u4e2d\u6697\u80fd\u91cf\u5e94\u8be5\u4e0d\u4f1a\u65e0\u7f18\u65e0\u6545\u5c31\u968f\u673a\u8f6c\u6362\u6210\u5176\u4ed6\u80fd\u91cf\u5427\uff1f\u5e72\u6270\u5916\u90e8\u7269\u8d28\u7684\u70ed"}, {"userName": "\u7687\u9053\u884c\u4e4b", "userReviewDate": "\u6628\u65e508:24", "userURL": "https://my.qidian.com/user/111742263", "userReview": "\u4e0a\u672c\u53ef\u4ee5\u5c3d\u5feb\u5b8c\u7ed3\uff0c\u628a\u7cbe\u529b\u653e\u5728\u8fd9\u672c\u3002\u8fd9\u79cd\u79d1\u5b66\u4fee\u771f\u4e00\u5929\u4e00\u66f4\u4e0d\u591f\u770b\u554a\u3002\u5f97\u517b\u5230\u4ec0\u4e48\u65f6\u5019\uff0c\u5230\u65f6\u4eba\u6c14\u4e5f"}, {"userName": "\u4e5d\u949f\u4faf", "userReviewDate": "\u6628\u65e500:24", "userURL": "https://my.qidian.com/user/226123246", "userReview": "\u8bbe\u5b9a\u4e0d\u9519 \u5267\u60c5\u5dee\u70b9"}, {"userName": "\u4e66\u53cb20170531083254390", "userReviewDate": "2018-06-07", "userURL": "https://my.qidian.com/user/302527082", "userReview": "\u73b0\u4ee3\u4eba\u5bf9\u7384\u5b66\u662f\u8868\u793a\u9119\u89c6\uff0c\u5230\u4e86\u53e4\u4ee3\uff0c\u5374\u662f\u53d8\u6210\u4e86\u9119\u89c6\u7684\u6a21\u6837\uff0c\u771f\u7279\u4e48\u90fd\u662f\u6c14\u4eba\u7684\u611f\u89c9\uff0c\u770b\u6765\u4e0d\u7ba1\u662f\u54ea"}, {"userName": "\u5149\u6697\u5927\u5929\u5c0a", "userReviewDate": "2018-06-07", "userURL": "https://my.qidian.com/user/212751588", "userReview": "\u4e00\u76f4\u4e0d\u660e\u767d\uff0c\u5f88\u591a\u5c0f\u8bf4\u8bbe\u5b9a\u7684\u673a\u68b0\u5168\u90e8\u5931\u6548\u662f\u57fa\u4e8e\u4ec0\u4e48\u539f\u7406\u7684\uff0c\u6bd5\u7adf\u5f88\u5927\u4e00\u90e8\u5206\u673a\u68b0\u7684\u8fd0\u4f5c\u4ec5\u4ec5\u9760\u7684\u5355"}, {"userName": "\u5415\u5929\u867e13557", "userReviewDate": "2018-06-05", "userURL": "https://my.qidian.com/user/316842057", "userReview": "\u70e7\u8111\u7b7e\u5230\u7b7e\u5230"}, {"userName": "\u4e66\u53cb161226022221817", "userReviewDate": "2018-05-31", "userURL": "https://my.qidian.com/user/227354327", "userReview": "\u7b7e\u5230\u4e86\u554a\uff01"}, {"userName": "\u6842\u7af9\u6797", "userReviewDate": "2018-05-30", "userURL": "https://my.qidian.com/user/216418472", "userReview": "\u7c3d\u5230+++"}, {"userName": "404\u4e4b\u738b", "userReviewDate": "2018-05-29", "userURL": "https://my.qidian.com/user/219899758", "userReview": "\u731c\u4e3b\u89d2\u662f\u4ec0\u4e48\u80fd\u529b\u5566"}, {"userName": "\u4e66\u53cb161226022221817", "userReviewDate": "2018-05-29", "userURL": "https://my.qidian.com/user/227354327", "userReview": "\u7b7e\u5230\u4e00\u4e0b\u5b50"}, {"userName": "404\u4e4b\u738b", "userReviewDate": "2018-05-28", "userURL": "https://my.qidian.com/user/219899758", "userReview": "\u6211\u4eec\u6765\u731c\u731c\u4e3b\u89d2\u7684\u529b\u91cf\u4f53\u7cfb"}, {"userName": "\u5c71\u884c\u571f\u5730", "userReviewDate": "2018-05-26", "userURL": "https://my.qidian.com/user/309503481", "userReview": "\u5e0c\u671b\u4e66\u91cc\u65f6\u95f4\u4e0d\u90a3\u4e48\u6162"}, {"userName": "moarte", "userReviewDate": "2018-05-26", "userURL": "https://my.qidian.com/user/149005343", "userReview": "\u4e3b\u89d2\u65e0\u8bba\u6709\u6ca1\u6709\u7a7f\u8d8a\u90fd\u662f\u8fd9\u68372333"}], "description": "\u3010\u7f51\u6587\u4e4b\u738b\u7384\u5e7b\u201cBOSS\u6d41\u201d\u5f81\u6587\u3011\u53c2\u8d5b\u4f5c\u54c1", "title": "\u4fee\u771f\u539f\u7406", "url": "https://book.qidian.com/info/1012068889", "average": -1.0, "cover": "//qidian.qpic.cn/qdbimg/349573/1012068889/180", "reviews": -1, "authors": [{"url": "https://me.qidian.com/authorIndex.aspx?id=400968777", "name": "\u9ab7\u9ac5\u5927\u767d\u5154"}], "type": ["\u7384\u5e7b", "\u4e1c\u65b9\u7384\u5e7b"], "outlinks": ["https://book.qidian.com/info/1012068889", "https://book.qidian.com/info/1010540745", "https://book.qidian.com/info/1010540745", "https://book.qidian.com/info/1004086548", "https://book.qidian.com/info/1004086548", "https://book.qidian.com/info/1004179514", "https://book.qidian.com/info/1004179514", "https://book.qidian.com/info/3489766", "https://book.qidian.com/info/3489766", "https://book.qidian.com/info/1003488962", "https://book.qidian.com/info/1003488962", "https://book.qidian.com/info/3600493", "https://book.qidian.com/info/3600493", "https://book.qidian.com/info/1010540745", "https://book.qidian.com/info/1010540745", "https://book.qidian.com/info/1011988403", "https://book.qidian.com/info/1009595922", "https://book.qidian.com/info/1011844784", "https://book.qidian.com/info/1011892497", "https://book.qidian.com/info/1011095320", "https://book.qidian.com/info/1011996851", "https://book.qidian.com/info/1011856434", "https://book.qidian.com/info/1011879207", "https://book.qidian.com/info/1011833256", "https://book.qidian.com/info/1011967674"]}