{"ratings": 0.0, "userreviews": [{"userName": "\u91d1\u53e4\u516e", "userReviewDate": "2018-05-06", "userURL": "https://my.qidian.com/user/218848042", "userReview": "\u5c0f\u5343\u4e16\u754c\u5f81\u96c6\u4e2d\uff0c\u5404\u4f4d\u8bfb\u8005\u53ef\u4ee5\u7ed9\u6211\u63d0\u51fa\u4e00\u4e9b\u4ecb\u610f\u3002"}, {"userName": "\u7231\u5f88\u6df1\u6c89", "userReviewDate": "2\u5c0f\u65f6\u524d", "userURL": "https://my.qidian.com/user/209775794", "userReview": "(\u60f3\u660e\u767d\u751f\u547d\u7684\u610f\u4e49\u5417\uff1f\u60f3\u771f\u6b63\u7684\u6d3b\u7740\u5417\uff1f)                         "}, {"userName": "\u4ee3\u53f7\u91cd\u542f", "userReviewDate": "6\u5c0f\u65f6\u524d", "userURL": "https://my.qidian.com/user/122158792", "userReview": "\u9009\u4e16\u754c\u6ca1\u9009\u5bf9\u554a\uff0c\u65e9\u671f\u7684\u4e16\u754c\u5728\u70c2\u5927\u8857\u90fd\u662f\u7ecf\u5178\uff0c\u4e2d\u540e\u671f\u7684\u4e16\u754c\u540d\u6c14\u518d\u5927\u4e5f\u540c\u6837\u70c2\u5927\u8857\u800c\u4e14\u8fd8\u5f88\u5c11\u6709\u4eba"}, {"userName": "\u5415\u5929\u867e3408", "userReviewDate": "\u6628\u65e509:18", "userURL": "https://my.qidian.com/user/313234702", "userReview": "\u52a0\u6cb9\uff01\uff01\uff01\uff01\uff01"}, {"userName": "\u5077\u4e66\u7684\u67e0\u6aac", "userReviewDate": "2018-06-06", "userURL": "https://my.qidian.com/user/211659249", "userReview": "\u6211\u9760\uff01\u80fd\u8ba9\u4e3b\u89d2\u5c11\u8bf4\u70b9\u5e9f\u8bdd\u591a\u884c\u52a8\u5417\uff1f\u53cd\u6d3e\u6b7b\u4e8e\u8bdd\u591a\u554a\uff01"}, {"userName": "\u5415\u5929\u867e3381", "userReviewDate": "2018-06-06", "userURL": "https://my.qidian.com/user/313138179", "userReview": "\u7b7e\u5230\uff01\uff01\uff01\uff01"}, {"userName": "\u9053\u9022\u4e61\u91cc\u4eba", "userReviewDate": "2018-06-06", "userURL": "https://my.qidian.com/user/212755705", "userReview": "\u7b7e\u5230\u6c34\u7ecf\u9a8c"}, {"userName": "\u96a8\u4e36 \u7de3", "userReviewDate": "2018-06-04", "userURL": "https://my.qidian.com/user/157255181", "userReview": "600\u7ae0\u4e4b\u524d\u8fd8\u884c\uff0c600\u7ae0\u4e4b\u540e\u8eab\u5916\u5316\u8eab\u51fa\u6765\u5c31\u6ca1\u6cd5\u770b\u4e86\uff0c\u62dc\u62dc"}, {"userName": "\u6f29\u6da1\u72f1\u5b5d", "userReviewDate": "2018-06-02", "userURL": "https://my.qidian.com/user/220829325", "userReview": "\u9519\u5b57\u8fde\u7bc7\uff0c\u65e0\u6570\u6b21\u7528\u4e3b\u89d2\u7684\u540d\u5b57\u53bb\u8bf4\u522b\u4eba\u7684\u8bdd\uff0c\u8fde\u4e3b\u89d2\u7684\u59d3\u90fd\u80fd\u6253\u9519\uff0c\u4f60\u8fd9\u5c0f\u8bf4\u5199\u7684\u53ef\u771f\u968f\u610f"}, {"userName": "\u96a8\u4e36 \u7de3", "userReviewDate": "2018-06-01", "userURL": "https://my.qidian.com/user/157255181", "userReview": "\u5c31\u5730\u7403\u8fd9\u6027\u683c\u65e9\u8be5\u6b7b\u516b\u767e\u5e74\u4e86"}, {"userName": "\u96a8\u4e36 \u7de3", "userReviewDate": "2018-06-01", "userURL": "https://my.qidian.com/user/157255181", "userReview": "\u8eab\u5916\u5316\u8eab\u4ee5\u540e\u5c31\u4e0d\u60f3\u770b\u4e86\uff0c\u6574\u4e2a\u5565\u7684\u7834\u5316\u8eab\u5462\uff01\u8fd8\u8bf4\u5316\u8eab\u7684\u6027\u683c\u548c\u5730\u7403\u65f6\u4e00\u6837\uff0c**********"}, {"userName": "\u4e66\u53cb20170209161210128", "userReviewDate": "2018-06-01", "userURL": "https://my.qidian.com/user/229384730", "userReview": "\u5c0f\u767d\u6587\u554a\uff0c\u611f\u89c9\u4e3b\u89d2\u667a\u5546\u662f\u5145\u8bdd\u8d39\u9001\u7684\uff0c\u8bf4\u8bdd\u505a\u4e8b\u90fd\u90a3\u4e48\u4e8c\uff0c\u5f03\u4e66"}, {"userName": "\u91d1\u53e4\u516e", "userReviewDate": "2018-05-31", "userURL": "https://my.qidian.com/user/218848042", "userReview": "\u79e6\u65f6\u660e\u6708\u6709\u60ca\u559c"}, {"userName": "\u60dc\u7f18...\u5929\u5e1d", "userReviewDate": "2018-05-30", "userURL": "https://my.qidian.com/user/191435000", "userReview": "\u8bdd\u8bf4\uff0c\u5218\u6b63\u98ce\u5168\u5bb6\u6b7b\u7edd\u771f\u7684\u6d3b\u8be5\u554a\uff0c\u4e0d\u770b\u770b\u8861\u5c71\u5148\u7956\u6709\u591a\u5c11\u6b7b\u5728\u9b54\u6559\u624b\u4e2d\uff0c"}], "description": "\u661f\u6d77\u6f2b\u6e38\uff0c\u65f6\u7a7a\u7a7f\u68ad\uff0c\u673a\u68b0\u79d1\u6280\uff0c\u76ee\u6807\u662f\u672a\u77e5\u7684\u661f\u8fb0\u5927\u6d77\uff01", "title": "\u4fee\u884c\u5728\u4e07\u754c\u661f\u7a7a", "url": "https://book.qidian.com/info/1006638484", "average": -1.0, "cover": "//qidian.qpic.cn/qdbimg/349573/1006638484/180", "reviews": -1, "authors": [{"url": "https://me.qidian.com/authorIndex.aspx?id=7960818", "name": "\u53e4\u4eca\u516e"}], "type": ["\u79d1\u5e7b", "\u65f6\u7a7a\u7a7f\u68ad"], "outlinks": ["https://book.qidian.com/info/1006638484", "https://book.qidian.com/info/1010043855", "https://book.qidian.com/info/1010043855", "https://book.qidian.com/info/1009665511", "https://book.qidian.com/info/1009665511", "https://book.qidian.com/info/1009313529", "https://book.qidian.com/info/1009313529", "https://book.qidian.com/info/1010861308", "https://book.qidian.com/info/1010861308", "https://book.qidian.com/info/1010703179", "https://book.qidian.com/info/1010703179", "https://book.qidian.com/info/1010234032", "https://book.qidian.com/info/1010234032", "https://book.qidian.com/info/1011716377", "https://book.qidian.com/info/1011716377", "https://book.qidian.com/info/1011814764", "https://book.qidian.com/info/1011636462", "https://book.qidian.com/info/1012011143", "https://book.qidian.com/info/1011989615", "https://book.qidian.com/info/1011979302", "https://book.qidian.com/info/1011962232", "https://book.qidian.com/info/1012020634", "https://book.qidian.com/info/1011923738", "https://book.qidian.com/info/1012020834", "https://book.qidian.com/info/1011973977"]}