{"ratings": 0.0, "userreviews": [{"userName": "\u5f80\u65e5c", "userReviewDate": "2018-06-01", "userURL": "https://my.qidian.com/user/306208172", "userReview": "\u770b\u5f52\u6765\u5c31\u662f\u4e3a\u4e86\u770b\u5e26\u7740\u4fee\u4e3a\u7684\uff0c\u600e\u4e48\u4e00\u4e2a\u4e2a\u7684\u5439\u7684\u6709\u591a\u725b\u903c\uff0c\u5f52\u6765\u8fd8\u4e0d\u662f\u5565\u4fee\u4e3a\u90fd\u6ca1\u4e86\uff1f\u770b\u7740\u4e00\u70b9\u610f\u601d"}, {"userName": "\u9752\u886bcycle", "userReviewDate": "2018-05-12", "userURL": "https://my.qidian.com/user/224024417", "userReview": "\u600e\u4e48\u53c8\u662f\u4e00\u672c\u91cd\u751f\u5728\u9ad8\u4e2d\u7684\u4e66\uff0c\u9ad8\u4e2d \u9ad8\u4e2d\uff0c\u9ad8\u4e2d\u53d7\u4e86\u523a\u6fc0\u4e86\u5417"}, {"userName": "\u5eb7\u7ef4\u5341\u4e94", "userReviewDate": "2018-05-12", "userURL": "https://my.qidian.com/user/11960456", "userReview": "\u4e3b\u89d2\u8d8a\u6765\u8d8a\u8111\u6b8b\uff0c\u6240\u8c13\u7684\u6536\u670d\u706b\u7075\u600e\u4e48\u6536\u670d\uff1f\u6beb\u65e0\u5fe0\u8bda\u53ef\u8a00\uff0c\u601d\u60f3\u4e0a\u603b\u60f3\u7740\u4e3b\u89d2\u6b7b\uff0c\u751a\u81f3\u60f3\u7740\u53bb\u654c\u4eba\u90a3"}, {"userName": "\u5434\u5a01\u5ec9", "userReviewDate": "2018-05-09", "userURL": "https://my.qidian.com/user/176133115", "userReview": "\u5475\u5475\uff0c\u770b\u5230\u8bf4\u662f\u5355\u4eb2\uff0c\u6211\u5c31\u60f3\u5230\u4e3b\u89d2\u7684\u7236\u4eb2\u4e0d\u662f\u5927\u5bb6\u65cf\u5927\u5c11\u5c31\u662f\u90e8\u7ea7\u4ee5\u4e0a\u7684\u4eba\uff0c\u6211\u4e5f\u4e0d\u660e\u767d\u4e3a\u4ec0\u4e48\u6211\u4f1a"}, {"userName": "345897023", "userReviewDate": "2018-05-08", "userURL": "https://my.qidian.com/user/14331260", "userReview": "\u611f\u89c9\u5199\u7684\u6709\u70b9\u6b8b\uff0c\u8be5\u5f3a\u786c\u7684\u65f6\u5019\u4e0d\u5f3a\u786c\uff0c\u4e0d\u7528\u5f3a\u786c\u7684\u65f6\u5019\u5230\u5904\u88c5\u903c"}, {"userName": "\u522b\u52a8ai\u5fc3", "userReviewDate": "2018-05-08", "userURL": "https://my.qidian.com/user/313389927", "userReview": "\u53c8\u662f\u4e00\u672c\u4ece\u5730\u7403\u7a7f\u8d8a\u5f02\u754c\u4fee\u70bc\u5230\u6700\u5f3a\uff0c\u7ed3\u679c\u56de\u5230\u5730\u7403\u4fee\u4e3a\u5168\u5e9f\u7684\u5c0f\u8bf4"}, {"userName": "\u4e66\u53cb20170517182210033", "userReviewDate": "2018-04-19", "userURL": "https://my.qidian.com/user/301817726", "userReview": "\u90a3\u5973\u4eba\u6709\u70b9\u70e6\uff0c\u4e0d\u770b\u597d\u8fd9\u672c\u4e66"}, {"userName": "\u6211\u4e36\u7269\u4e1a\u8d39", "userReviewDate": "2018-04-11", "userURL": "https://my.qidian.com/user/313356898", "userReview": "\u6069\u2026\u2026\u5938\u5f20"}, {"userName": "\u5bf0\u5b87\u4e4b\u72fc", "userReviewDate": "2018-03-30", "userURL": "https://my.qidian.com/user/216136255", "userReview": "\u6bcf\u65e5\u4e09\u66f4[fn=27]"}, {"userName": "\u7089\u4e2d\u9752\u706b", "userReviewDate": "2018-03-27", "userURL": "https://my.qidian.com/user/117825679", "userReview": "\u4e0d\u662f\u7ed9\u4f60\u6253\u7834\u6c34\uff0c\u6253\u6d88\u4f60\u7684\u79ef\u6781\u6027\uff0c\u4f60\u4e5f\u77e5\u9053\u73b0\u5728\u7684\u5f62\u52bf\u6709\u591a\u7d27\uff0c\u6d89\u3001\u3001\u9ec4\u3002\u6d89\u3001\u3001\u653f\uff0c\u90a3\u90fd\u662f\u8981\u4e0d\u5f97"}, {"userName": "\u5434\u76db\u5357", "userReviewDate": "2018-03-26", "userURL": "https://my.qidian.com/user/227420727", "userReview": "\u5982\u679c\u4e8c\u4ee3\u90fd\u662f\u8fd9\u4e48\u6ca1\u8111\u5b50\u7684\u8bdd\uff01\u6211\u60f3\u4e5f\u4e0d\u7528\u770b\u4e0b\u53bb\u4e86"}, {"userName": "\u4e66\u53cb20171001090559137", "userReviewDate": "2018-03-24", "userURL": "https://my.qidian.com/user/308858376", "userReview": "\u5c0f\u4eba\u6c92\u6709\u5206\u7a2e\u65cf\u548c\u6027\u5225\uff0c\u6b7b\u4eba\u4e5f\u6c92\u6709\u3002\u4e0d\u6253\u5973\u7684\uff0c\u6211\u5c31\u6709\u5475\u5475 \u7136\u5f8c\u653e\u68c4\u9019\u672c\u66f8\u3002"}, {"userName": "\u661f\u5149\u72ec\u9189", "userReviewDate": "2018-03-19", "userURL": "https://my.qidian.com/user/215286137", "userReview": "\u5957\u8def\u592a\u8001\u4e86"}, {"userName": "\u4eba\u5bb6\u8bf4\u6635\u79f0\u8981\u53c8\u81ed\u53c8\u957f", "userReviewDate": "2018-03-12", "userURL": "https://my.qidian.com/user/215681612", "userReview": "\u5bb6\u4eba\u91cd\u8981\uff01\u66f4\u65b0\u6162\u70b9\u5c31\u6162\u70b9\u5427\uff0c\u5c31\u5f53\u517b\u517b\u80a5\uff5e"}], "description": "\u91cd\u751f\u8fc7\u53bb\u3001\u7545\u60f3\u672a\u6765\u3001\u68a6\u5e7b\u73b0\u5b9e\uff0c\u518d\u5851\u4f20\u5947\u4eba\u751f\uff01", "title": "\u4fee\u9053\u5343\u5e74\u5f52\u6765", "url": "https://book.qidian.com/info/1011091415", "average": -1.0, "cover": "//qidian.qpic.cn/qdbimg/349573/1011091415/180", "reviews": -1, "authors": [{"url": "https://me.qidian.com/authorIndex.aspx?id=7232858", "name": "\u53f6\u4e09\u4ed9"}], "type": ["\u90fd\u5e02", "\u5f02\u672f\u8d85\u80fd"], "outlinks": ["https://book.qidian.com/info/1011091415", "https://book.qidian.com/info/1009551527", "https://book.qidian.com/info/1009551527", "https://book.qidian.com/info/1009332628", "https://book.qidian.com/info/1009332628", "https://book.qidian.com/info/1005390970", "https://book.qidian.com/info/1005390970", "https://book.qidian.com/info/1005175384", "https://book.qidian.com/info/1005175384", "https://book.qidian.com/info/1006466031", "https://book.qidian.com/info/1006466031", "https://book.qidian.com/info/1004947587", "https://book.qidian.com/info/1004947587", "https://book.qidian.com/info/1003499864", "https://book.qidian.com/info/1003499864", "https://book.qidian.com/info/1011932150", "https://book.qidian.com/info/1012029544", "https://book.qidian.com/info/1012015699", "https://book.qidian.com/info/1012018201", "https://book.qidian.com/info/1011879101", "https://book.qidian.com/info/1011790606", "https://book.qidian.com/info/1011971435", "https://book.qidian.com/info/1009695534", "https://book.qidian.com/info/1011890878", "https://book.qidian.com/info/1010537314"]}