{"ratings": 0.0, "userreviews": [{"userName": "\u519b\u4e8b\u5386\u53f2\u73b0\u4ee3", "userReviewDate": "24\u5c0f\u65f6\u524d", "userURL": "https://my.qidian.com/user/223180249", "userReview": "\u770b\u5230\u6709\u7cfb\u7edf\u51fa\u4efb\u52a1\u4e86\uff0c\u5c31\u5475\u5475\uff0c\u4e00\u4e2a\u88ab\u7cfb\u7edf\u63a7\u5236\u7684\u4e66\u6ca1\u5565\u770b\u5934\u3002"}, {"userName": "\u6211\u662f\u70df\u6c11", "userReviewDate": "2018-06-06", "userURL": "https://my.qidian.com/user/13476157", "userReview": "\u6bd4\u8d5b\u5f53\u4e2d\u5185\u5fc3\u620f\u80fd\u4e0d\u80fd\u5c11\u70b9\uff1f\u611f\u89c9\u8ba9\u4eba\u51fa\u620f\u6ca1\u4ee3\u5165\u611f\u3002\u3002\u3002\u7403\u573a\u77ac\u606f\u4e07\u53d8\u54ea\u6709\u65f6\u95f4\u60f3\u4e03\u60f3\u516b\uff0c\uff0c\u6211\u89c9\u5f97"}, {"userName": "\u5d14\u4e9a\u5b81", "userReviewDate": "2018-06-06", "userURL": "https://my.qidian.com/user/225115380", "userReview": "\u4e0a\u6765\u53c8\u662f\u5f00\u59cb\u5c31\u9047\u89c1\u827e\u739b\u6c83\u7279\u68ee\uff0c\u7136\u540e\u53c8\u662f\u83ab\u540d\u7684\u597d\u611f"}, {"userName": "\u5415\u5929\u867e3007", "userReviewDate": "2018-06-06", "userURL": "https://my.qidian.com/user/313020150", "userReview": "\u52a0\u6cb9\uff0c\u7a77\u4eba\uff0c\u53ea\u6709\u8ba2\u9605\u652f\u6301\u3002"}, {"userName": "\u4e0d\u5f97\u4e0d\u4e3a\u4e4b", "userReviewDate": "2018-06-06", "userURL": "https://my.qidian.com/user/215403311", "userReview": "\u8fd8\u662f\u4e0d\u9519\u7684\uff0c\u52a0\u6cb9\u5427"}, {"userName": "\u8840\u715e\u5341\u4e09\u9e70", "userReviewDate": "2018-06-05", "userURL": "https://my.qidian.com/user/113426054", "userReview": "\u672c\u6765\u4e66\u8fd8\u4e0d\u9519\uff0c\u7ed3\u679c\u4e00\u76f4\u5c31\u662f\u827e\u739b\u00b7\u6c83\u7279\u68ee\uff0c\u64a4\u4eba\u5427\uff01"}, {"userName": "\u6211\u4e0d\u662f\u7b2c\u4e00", "userReviewDate": "2018-06-05", "userURL": "https://my.qidian.com/user/219365193", "userReview": "\u53c8\u662f\u827e\u739b\u3002\u7b97\u4e86\u7b97\u4e86\u3002"}, {"userName": "\u6c38\u6052X", "userReviewDate": "2018-06-05", "userURL": "https://my.qidian.com/user/4971229", "userReview": "\u5199\u7684\u4e0d\u9519\uff0c\u6211\u4f1a\u7ee7\u7eed\u652f\u6301\u7684"}, {"userName": "\u533f\u540d\u79f0\u53f7", "userReviewDate": "2018-06-04", "userURL": "https://my.qidian.com/user/214025282", "userReview": "\u770b\u8fd9\u8282\u594f\uff0c\u5feb\u8239\u8981\u593a\u51a0\u554a"}, {"userName": "\u4e50\u6e05\u5c0f\u5b85\u7537", "userReviewDate": "2018-06-03", "userURL": "https://my.qidian.com/user/215663054", "userReview": "\u591a\u66f4\u70b9\uff0c\u597d\u770b\u3002"}, {"userName": "ctrler001", "userReviewDate": "2018-06-03", "userURL": "https://my.qidian.com/user/213103198", "userReview": "\u51c6\u5907\u6251\u8857\u4e86\u5199\u8fd9\u4e48\u591a\u56fd\u5bb6\u961f"}, {"userName": "\u6c38\u6052\u5929\u821f\u6b66\u5893", "userReviewDate": "2018-06-02", "userURL": "https://my.qidian.com/user/214997825", "userReview": "\u600e\u4e48\u8fd8\u5728\u5199\u56fd\u5bb6\u961f\u7684\u4e8b\u60c5\uff1f\u8fd8\u662f\u5728\u4e3b\u89d2\u6ca1\u6709\u5165\u9009\u56fd\u5bb6\u961f\u7684\u60c5\u51b5\u4e0b\u8dd1\u53bb\u8dea\u8214\u7684\uff0c\u4f5c\u8005\u8fd8\u5199\u8fd9\u4e48\u591a\u3002"}, {"userName": "\u7f18\u8d77\u7f18\u706d\uff06", "userReviewDate": "2018-06-02", "userURL": "https://my.qidian.com/user/5440702", "userReview": "\u63a8\u8350\u7968\u9001\u4e0a"}, {"userName": "\u6211\u7684\u4e16\u754c\u4e00\u7247\u6f06\u9ed1", "userReviewDate": "2018-06-02", "userURL": "https://my.qidian.com/user/186466598", "userReview": "\u4e0d\u77e5\u9053\u80fd\u4e0d\u80fd\u770b\u4e0b\u53bb\uff0c\u4f46\u662f\u524d\u9762\u770b\u7684\u8fd8\u597d\u5148\u652f\u6301\u4e2a\u9996\u5b9a"}], "description": "\u4f53\u575b\u591a\u82f1\u96c4\uff0c\u8d5b\u573a\u6211\u4e3a\u738b\uff0c\u70ed\u8840\u6f8e\u6e43\u7684\u7ade\u6280\u4f53\u80b2\uff01", "title": "\u4fef\u77b0\u7403\u573a", "url": "https://book.qidian.com/info/1011072453", "average": -1.0, "cover": "//qidian.qpic.cn/qdbimg/349573/1011072453/180", "reviews": -1, "authors": [{"url": "https://me.qidian.com/authorIndex.aspx?id=401583827", "name": "\u6df1\u79cb\u5341\u6708"}], "type": ["\u4f53\u80b2", "\u7bee\u7403\u8fd0\u52a8"], "outlinks": ["https://book.qidian.com/info/1011072453", "https://book.qidian.com/info/1010495693", "https://book.qidian.com/info/1010495693", "https://book.qidian.com/info/1010919969", "https://book.qidian.com/info/1010919969", "https://book.qidian.com/info/1009814091", "https://book.qidian.com/info/1009814091", "https://book.qidian.com/info/1009832512", "https://book.qidian.com/info/1009832512", "https://book.qidian.com/info/1009673415", "https://book.qidian.com/info/1009673415", "https://book.qidian.com/info/1005002508", "https://book.qidian.com/info/1005002508", "https://book.qidian.com/info/1011026048", "https://book.qidian.com/info/1011932684", "https://book.qidian.com/info/3675910", "https://book.qidian.com/info/1011342003", "https://book.qidian.com/info/1011687020", "https://book.qidian.com/info/1011446896", "https://book.qidian.com/info/1011767969", "https://book.qidian.com/info/1011676779", "https://book.qidian.com/info/1005095075", "https://book.qidian.com/info/1011814696"]}