{"ratings": 0.0, "userreviews": [{"userName": "\u84dd\u773c\u6c83\u9f99", "userReviewDate": "2018-05-19", "userURL": "https://my.qidian.com/user/230707355", "userReview": "\u52a0\u6cb9\uff0c\u5148\u6536\u85cf"}, {"userName": "\u5b9b\u5982\u5fae\u5c18", "userReviewDate": "2018-06-07", "userURL": "https://my.qidian.com/user/123138923", "userReview": "\u8fd9\u79cd\u7c7b\u578b\u7684\u4e66\u4e0d\u9002\u5408\u53d1\u7f51\u4e0a\uff0c\u53ea\u662f\u6587\u7b14\u597d\u662f\u5438\u5f15\u4e0d\u5230\u8bfb\u8005\u7684\u3002\u90a3\u4e9b\u5927\u706b\u7684\u7f51\u6587\u90fd\u6709\u5f88\u663e\u8457\u7684\u7279\u70b9\uff0c\u6587\u7b14"}, {"userName": "\u5415\u5929\u867e13555", "userReviewDate": "2018-06-05", "userURL": "https://my.qidian.com/user/316842032", "userReview": "\u7b7e\u5230\uff01\uff01\uff01"}, {"userName": "\u9ed1\u86cb\u597d\u9ed1\u554a", "userReviewDate": "2018-05-26", "userURL": "https://my.qidian.com/user/314975371", "userReview": "\u7b7e\u5230\u3002\u3002\u3002"}], "description": "\u3010\u7b2c\u4e09\u5c4a\u7f51\u7edc\u539f\u521b\u6587\u5b66\u73b0\u5b9e\u4e3b\u4e49\u9898\u6750\u5f81\u6587\u5927\u8d5b\u3011\u53c2\u8d5b\u4f5c\u54c1", "title": "\u5014\u5f3a\u7684\u7a77\u5c0f\u5b50", "url": "https://book.qidian.com/info/1011822376", "average": -1.0, "cover": "//qidian.qpic.cn/qdbimg/349573/1011822376/180", "reviews": -1, "authors": [{"url": "https://me.qidian.com/authorIndex.aspx?id=401895599", "name": "\u5929\u5916\u95f2\u9e64"}], "type": ["\u73b0\u5b9e", "\u6210\u529f\u52b1\u5fd7"], "outlinks": ["https://book.qidian.com/info/1011822376", "https://book.qidian.com/info/1010139236", "https://book.qidian.com/info/1010139236", "https://book.qidian.com/info/1011049283", "https://book.qidian.com/info/1011049283", "https://book.qidian.com/info/1010870747", "https://book.qidian.com/info/1010870747", "https://book.qidian.com/info/1003516585", "https://book.qidian.com/info/1003516585", "https://book.qidian.com/info/1009915605", "https://book.qidian.com/info/1009915605", "https://book.qidian.com/info/3691513", "https://book.qidian.com/info/3691513", "https://book.qidian.com/info/1011633094", "https://book.qidian.com/info/1011456133", "https://book.qidian.com/info/1011634147", "https://book.qidian.com/info/1011681836", "https://book.qidian.com/info/1010536358", "https://book.qidian.com/info/1011815512", "https://book.qidian.com/info/1011779536", "https://book.qidian.com/info/1011822376", "https://book.qidian.com/info/1010906320", "https://book.qidian.com/info/1011955761"]}