{"ratings": 0.0, "userreviews": [{"userName": "\u777f\u745e", "userReviewDate": "2018-06-06", "userURL": "https://my.qidian.com/user/5472614", "userReview": "\u7559\u4e2a\u722a\u5370\u4ee5\u793a\u9f13\u52b1[fn=4]"}, {"userName": "\u652f\u6301\u9ed1\u6697\u6587", "userReviewDate": "2018-06-02", "userURL": "https://my.qidian.com/user/224475512", "userReview": "\u8fd9\u5c01\u9762\u633a\u597d\u770b\u7684"}, {"userName": "\u5415\u5929\u867e4544", "userReviewDate": "2018-05-28", "userURL": "https://my.qidian.com/user/313391480", "userReview": "\u7b7e\u5230\u3002\u3002\u3002"}, {"userName": "\u5415\u5929\u867e3714", "userReviewDate": "2018-05-23", "userURL": "https://my.qidian.com/user/313174648", "userReview": "\u8fd9\u7ae0\u731d\u4e0d\u53ca\u9632"}, {"userName": "\u8000\u745e\u5a01", "userReviewDate": "2018-05-18", "userURL": "https://my.qidian.com/user/116055965", "userReview": "\u6797\u5982\u610f\u5f97\u7626\u9a6c\u4ee4\u524d\u6765\u652f\u6301\uff0c\u76d6\u4e2a\u7b7e\u5230\u697c\uff01"}, {"userName": "\u96ea\u513f\u683c\u683c", "userReviewDate": "2018-05-14", "userURL": "https://my.qidian.com/user/230524437", "userReview": "\u665a\u4e0a\u597d\u7626\u9a6c\u5927\u5927\u4ecb\u7ecd\u8fc7\u6765\u8e29\u8e29\u70b9\u513f\uff01[fn=4][fn=4][fn=4][fn=4]"}, {"userName": "\u6d2a\u4e09\u5143", "userReviewDate": "2018-05-08", "userURL": "https://my.qidian.com/user/202612963", "userReview": "\u795d\u798f\u795e\u4f5c[fn=27]"}, {"userName": "y7er15i95", "userReviewDate": "2018-04-27", "userURL": "https://my.qidian.com/user/169237264", "userReview": "\u8bd5\u8bd5\u6c34\uff0c\u770b\u770b\u6709\u6ca1\u6709\u6bd2"}, {"userName": "\u4e66\u53cb20170618185540591", "userReviewDate": "2018-04-22", "userURL": "https://my.qidian.com/user/303783389", "userReview": "\u7d2b\u725b\u725b\u5199\u7684\u592a\u597d\u4e86\uff0c\u6bd4\u8033\u6839\u597d\u591a\u4e86"}, {"userName": "L\u8f7b\u821f\u716e\u9152", "userReviewDate": "2018-04-13", "userURL": "https://my.qidian.com/user/227148069", "userReview": "\u5f88\u4e0d\u9519\uff0c\u63a8\u8350\u7968\u5df2\u6295\u3002"}, {"userName": "\u4e66\u77b3\u4e16\u754c", "userReviewDate": "2018-03-12", "userURL": "https://my.qidian.com/user/182023936", "userReview": "\u8fd9\u672c\u4e66\u6211\u6ca1\u770b\uff0c\u60f3\u95ee\u4e00\u4e0b\u8fd9\u672c\u4e66\u91cc\u7684\u9b54\u662f\u4ec0\u4e48\u610f\u601d\u5417\uff0c\u501f\u9b54\u6210\u795e\u7684\u542b\u4e49\u662f\u4ec0\u4e48\u554a\uff1f"}, {"userName": "\u6668\u767d\u4e91", "userReviewDate": "2018-02-13", "userURL": "https://my.qidian.com/user/2351282", "userReview": "\u9020\u795e\u4e66\u5355\u6765\u7b7e\u5230\uff0c\u52a0\u6cb9\uff0c\u4f5c\u8005\u541b\uff0c\u68d2\u68d2\u54d2\uff01"}, {"userName": "\u70e7\u9e45\u7096\u9a6c", "userReviewDate": "2018-02-10", "userURL": "https://my.qidian.com/user/301926942", "userReview": "\u6765\u7785\u7785\u770b\u770b"}, {"userName": "\u8001\u767d\u5c31\u662f\u6211", "userReviewDate": "2018-02-05", "userURL": "https://my.qidian.com/user/227803364", "userReview": "\u8fd9\u672c\u4e66\u548c\u9b54\u6709\u5c41\u7684\u5173\u7cfb\u554a \u73b0\u5728\u7684\u5c0f\u8bf4\u5c31\u4e60\u60ef\u62ab\u7740\u7f8a\u5934\u5356\u72d7\u8089"}], "description": "\u5fc3\u6f6e\u6f8e\u6e43\uff0c\u65e0\u9650\u5e7b\u60f3\uff0c\u8fce\u98ce\u6325\u51fb\u5343\u5c42\u6d6a\uff0c\u5c11\u5e74\u4e0d\u8d25\u70ed\u8840\uff01", "title": "\u501f\u9b54\u6210\u795e", "url": "https://book.qidian.com/info/1010501254", "average": -1.0, "cover": "//qidian.qpic.cn/qdbimg/349573/1010501254/180", "reviews": -1, "authors": [{"url": "https://me.qidian.com/authorIndex.aspx?id=400921723", "name": "\u7d2b\u725b\u725b"}], "type": ["\u7384\u5e7b", "\u4e1c\u65b9\u7384\u5e7b"], "outlinks": ["https://book.qidian.com/info/1010501254", "https://book.qidian.com/info/1010860455", "https://book.qidian.com/info/1010860455", "https://book.qidian.com/info/1007401049", "https://book.qidian.com/info/1007401049", "https://book.qidian.com/info/1010535977", "https://book.qidian.com/info/1010535977", "https://book.qidian.com/info/1010832301", "https://book.qidian.com/info/1010832301", "https://book.qidian.com/info/1009640826", "https://book.qidian.com/info/1009640826", "https://book.qidian.com/info/1011988403", "https://book.qidian.com/info/1009595922", "https://book.qidian.com/info/1011844784", "https://book.qidian.com/info/1011892497", "https://book.qidian.com/info/1011095320", "https://book.qidian.com/info/1011996851", "https://book.qidian.com/info/1011856434", "https://book.qidian.com/info/1011879207", "https://book.qidian.com/info/1011833256", "https://book.qidian.com/info/1011967674"]}