{"ratings": 0.0, "userreviews": [{"userName": "\u8d77\u4e2a\u540d\u5b57\u53eb\u5565\u5462", "userReviewDate": "17\u5c0f\u65f6\u524d", "userURL": "https://my.qidian.com/user/213816890", "userReview": "\u7b7e\u5230\u6c34\u7ecf\u9a8c"}, {"userName": "\u8d77\u4e2a\u540d\u5b57\u53eb\u5565\u5462", "userReviewDate": "17\u5c0f\u65f6\u524d", "userURL": "https://my.qidian.com/user/213816890", "userReview": "\u7b7e\u5230\u6c34\u7ecf\u9a8c"}, {"userName": "\u8001\u864e\u706b", "userReviewDate": "\u6628\u65e511:43", "userURL": "https://my.qidian.com/user/200854689", "userReview": "\u7b7e\u5230\u6c34\u7ecf\u9a8c"}, {"userName": "\u8001\u864e\u706b", "userReviewDate": "\u6628\u65e511:43", "userURL": "https://my.qidian.com/user/200854689", "userReview": "\u7b7e\u5230\u6c34\u7ecf\u9a8c"}, {"userName": "\u539f\u6765\u662f\u963fLI", "userReviewDate": "\u6628\u65e510:00", "userURL": "https://my.qidian.com/user/211963946", "userReview": "\u6709\u6bdb\u75c5\uff0c\u770b\u4e86\u4e00\u767e\u591a\u5143\u8fd8\u6ca1\u770b\u5b8c\uff0c\u8fd8\u8981\u5145\u503c\uff0c\u600e\u4e48\u4e0d\u53bbSI\uff0c\u770b\u5b8c\u8fd9\u672c\uff0c\u4e0d\u770b\u4e86\uff0c\u5783\u573e\uff0c\u4e70\u4e00\u672c\u5c0f\u8bf4\u624d"}, {"userName": "\u8d77\u4e2a\u540d\u5b57\u53eb\u5565\u5462", "userReviewDate": "2018-06-07", "userURL": "https://my.qidian.com/user/213816890", "userReview": "\u7b7e\u5230\u6c34\u7ecf\u9a8c"}, {"userName": "\u8d77\u4e2a\u540d\u5b57\u53eb\u5565\u5462", "userReviewDate": "2018-06-07", "userURL": "https://my.qidian.com/user/213816890", "userReview": "\u7b7e\u5230\u6c34\u7ecf\u9a8c"}, {"userName": "\u8001\u864e\u706b", "userReviewDate": "2018-06-07", "userURL": "https://my.qidian.com/user/200854689", "userReview": "\u7b7e\u5230\u6c34\u7ecf\u9a8c"}, {"userName": "\u8001\u864e\u706b", "userReviewDate": "2018-06-07", "userURL": "https://my.qidian.com/user/200854689", "userReview": "\u7b7e\u5230\u6c34\u7ecf\u9a8c"}, {"userName": "\u8d77\u4e2a\u540d\u5b57\u53eb\u5565\u5462", "userReviewDate": "2018-06-06", "userURL": "https://my.qidian.com/user/213816890", "userReview": "\u7b7e\u5230\u6c34\u7ecf\u9a8c"}, {"userName": "\u8d77\u4e2a\u540d\u5b57\u53eb\u5565\u5462", "userReviewDate": "2018-06-06", "userURL": "https://my.qidian.com/user/213816890", "userReview": "\u7b7e\u5230\u6c34\u7ecf\u9a8c"}, {"userName": "\u8001\u864e\u706b", "userReviewDate": "2018-06-06", "userURL": "https://my.qidian.com/user/200854689", "userReview": "\u7b7e\u5230\u6c34\u7ecf\u9a8c"}, {"userName": "\u8001\u864e\u706b", "userReviewDate": "2018-06-06", "userURL": "https://my.qidian.com/user/200854689", "userReview": "\u7b7e\u5230\u6c34\u7ecf\u9a8c"}, {"userName": "_\u55b5\u4e86\u4e2a\u54aa\u5440", "userReviewDate": "2018-06-06", "userURL": "https://my.qidian.com/user/150176510", "userReview": "\u8fd9\u672c\u4e66\u8d76\u524d\u4e00\u672c\u76db\u4e16\u5996\u989c\u5dee\u4e86\u5341\u4e07\u516b\u5343\u91cc\uff0c\u7b80\u76f4\u4e0d\u50cf\u4e00\u4e2a\u4eba\u5199\u7684\u3002\u770b\u4e86\u4e00\u90e8\u5206\u7b80\u76f4\u770b\u4e0d\u4e0b\u53bb\u4e86\u3002\u5973\u4e3b\u7684"}], "description": "\u9752\u7816\u7eff\u74e6\uff0c\u964c\u4e0a\u82b1\u5f00\u9999\u67d3\u8863\uff1b\u6731\u95e8\u7d2b\u6bbf\uff0c\u7d20\u624b\u6458\u661f\u9713\u4f5c\u88f3\u3002", "title": "\u503e\u4e16\u5ba0\u59bb", "url": "https://book.qidian.com/info/3471207", "average": -1.0, "cover": "//qidian.qpic.cn/qdbimg/349573/3471207/180", "reviews": -1, "authors": [{"url": "https://me.qidian.com/authorIndex.aspx?id=2419771", "name": "\u5bd2\u6b66\u8bb0"}], "type": ["\u53e4\u4ee3\u8a00\u60c5", "\u53e4\u5178\u67b6\u7a7a"], "outlinks": ["https:https://book.qidian.com/info/1011421405?qd_game_key=1011421405&qd_dd_p1=11272", "https://book.qidian.com/info/3471207", "https://book.qidian.com/info/1009967381", "https://book.qidian.com/info/1009967381", "https://book.qidian.com/info/1009549788", "https://book.qidian.com/info/1009549788", "https://book.qidian.com/info/1009456472", "https://book.qidian.com/info/1009456472", "https://book.qidian.com/info/1009848110", "https://book.qidian.com/info/1009848110", "https://book.qidian.com/info/1010176014", "https://book.qidian.com/info/1010176014", "https://book.qidian.com/info/1010089027", "https://book.qidian.com/info/1010089027", "https://book.qidian.com/info/1954695", "https://book.qidian.com/info/1954695", "https://book.qidian.com/info/2147744", "https://book.qidian.com/info/2147744", "https://book.qidian.com/info/2371387", "https://book.qidian.com/info/2371387", "https://book.qidian.com/info/2538368", "https://book.qidian.com/info/2538368", "https://book.qidian.com/info/2568179", "https://book.qidian.com/info/2568179", "https://book.qidian.com/info/3192931", "https://book.qidian.com/info/3192931", "https://book.qidian.com/info/1003517327", "https://book.qidian.com/info/1003517327", "https://book.qidian.com/info/1004439621", "https://book.qidian.com/info/1010699142", "https://book.qidian.com/info/1010673874", "https://book.qidian.com/info/1010228299", "https://book.qidian.com/info/1011254335", "https://book.qidian.com/info/1010623336", "https://book.qidian.com/info/1011901077", "https://book.qidian.com/info/1010774701", "https://book.qidian.com/info/1010808763", "https://book.qidian.com/info/1011306057"]}