{"ratings": 0.0, "userreviews": [{"userName": "\u9f99\u6e38\u5927\u6d77\u864e\u5578\u5c71\u6797", "userReviewDate": "2018-05-25", "userURL": "https://my.qidian.com/user/109535666", "userReview": "\u8fd9\u662f\u6211\u770b\u7684\u5199\u7684\u6700\u597d\u7684\u4e00\u672c\u79e6\u5c0f\u8bf4\uff0c\u5b9e\u4f53\u9664\u5916"}, {"userName": "\u8001\u8872\u9707\u7cbe\u77e3", "userReviewDate": "2018-05-13", "userURL": "https://my.qidian.com/user/214018383", "userReview": "\u79e6  \u5728\u6211\u5fc3\u76ee\u4e2d\u662f\u72ec\u4e00\u65e0\u4e8c\u7684\u3002\u867d\u7136\u5386\u53f2\u4e0a\u6709\u9057\u61be\uff0c\u4f46\u662f\u5728\u5c0f\u8bf4\u4e2d\u5e0c\u671b\u80fd\u591f\u5b8c\u7f8e\u7684\u5448\u73b0\u3002"}, {"userName": "\u6276\u6447\u4e0d\u4e56", "userReviewDate": "2018-05-10", "userURL": "https://my.qidian.com/user/315164800", "userReview": "\u5f00\u4e2a\u9519\u5b57\u697c\uff0c\u5927\u5bb6\u8bf4\u8bf4\u6587\u4e2d\u7684\u9519\u5b57\uff0c\u6211\u4fee\u6539\u4e00\u4e0b\uff01[fn=4]"}, {"userName": "ASDking", "userReviewDate": "2018-05-10", "userURL": "https://my.qidian.com/user/149381987", "userReview": "\u6536\u85cf\u7b7e\u5230\u4e2d"}, {"userName": "\u6587\u6b66\u4e4b\u738b", "userReviewDate": "5\u5c0f\u65f6\u524d", "userURL": "https://my.qidian.com/user/314225108", "userReview": "\u597d\uff0c\u8d5e\ud83d\udc4d\u300a\u503e\u5371\u5927\u79e6\u300b"}, {"userName": "\u4e2d\u7acb\u9635\u8425", "userReviewDate": "11\u5c0f\u65f6\u524d", "userURL": "https://my.qidian.com/user/216477493", "userReview": "\u80e1\u4ea5\u7ee7\u4f4d\u8fd9\u624d\u51e0\u5929\u554a\uff0c\u5168\u56fd\u5404\u5730\u5c31\u5546\u91cf\u597d\u4e86\u4e00\u8d77\u9020\u53cd\uff0c\u4f5c\u8005\u80fd\u597d\u6b79\u628a\u65f6\u95f4\u4ea4\u4ee3\u4e00\u4e0b\u5427\uff01\u4e24\u4e09\u7ae0\u5927\u79e6\u5e1d\u56fd"}, {"userName": "\u98de\u901d\u7434", "userReviewDate": "14\u5c0f\u65f6\u524d", "userURL": "https://my.qidian.com/user/131210026", "userReview": "\u521a\u770b\u4e86\u5341\u51e0\u7ae0\uff0c\u60f3\u95ee\u4e00\u4e0b\u672c\u4e66\u662f\u5426\u5ef6\u7eed\u5386\u53f2\u4e0a\u79e6\u672b\u7684\u4eba\u6c11\u8d77\u4e49\uff0c\u4e2a\u4eba\u662f\u4e0d\u592a\u5e0c\u671b\u53c8\u7206\u53d1\u4e00\u573a\u4e71\u4e16\uff0c\u800c\u4e3b"}, {"userName": "\u8001\u4e66\u866b\u4e36", "userReviewDate": "14\u5c0f\u65f6\u524d", "userURL": "https://my.qidian.com/user/200127747", "userReview": "\u4f5c\u8005\u5b8c\u5168\u662f\u4ee5\u201c\u4e0a\u5e1d\u201d\u7684\u89c6\u89d2\u5728\u5199\u79e6\u56fd\u5386\u53f2\u3002       \u9ad8\u9ad8\u5728\u4e0a\u4fef\u89c6\u79e6\u56fd\u5927\u5730\u3002      \u4e3b"}, {"userName": "\u6c49\u4e50\u5e1d", "userReviewDate": "14\u5c0f\u65f6\u524d", "userURL": "https://my.qidian.com/user/315638260", "userReview": "\u4f5c\u8005\uff0c\u52a0\u6cb9\uff0c\u4e0d\u8981\u8fc7\u591a\u5728\u610f\u4ed6\u4eba\u770b\u6cd5\u3002\u8fd8\u6709\uff0c\u4e0d\u8981\u8fdb\u5bae[fn=32][fn=32][fn=32]"}, {"userName": "\u5927\u9523\u795e", "userReviewDate": "15\u5c0f\u65f6\u524d", "userURL": "https://my.qidian.com/user/308740839", "userReview": "\u770b\u8fc7\u4e00\u672c\u5199\u79e6\u7684\uff0c\u5728\u73b0\u4ee3\uff0c\u59cb\u7687\u590d\u751f\uff0c\u5f81\u6218\u661f\u7a7a"}, {"userName": "\u7ad9\u5728\u8fdc\u5904\u5fc6\u7ae5\u5e74", "userReviewDate": "15\u5c0f\u65f6\u524d", "userURL": "https://my.qidian.com/user/223248685", "userReview": "\u5176\u5b9e\u6276\u82cf\u6ca1\u5f53\u7687\u5e1d\u7684\u547d\uff0c\u8c08\u8c08\u6211\u7684\u770b\u6cd5\uff0c\u660c\u5e73\u541b\u662f\u6276\u82cf\u7684\u8205\u8205\uff0c\u660c\u5e73\u541b\u6240\u4f5c\u6240\u4e3a\u8ba9\u79e6\u59cb\u7687\u5931\u671b\uff0c\u65e2\u800c\u8ba9"}, {"userName": "\u4e66\u53cb170102182002291", "userReviewDate": "19\u5c0f\u65f6\u524d", "userURL": "https://my.qidian.com/user/227670996", "userReview": "\u4f5c\u8005\u3002\u4f60\u53c8\u8ba9\u6211\u71c3\u8d77\u4e86\u770b\u4e66\u7684\u3002\u5ff5\u60f3\uff0c\u52a0\u6cb9"}, {"userName": "\u6885\u897f111", "userReviewDate": "20\u5c0f\u65f6\u524d", "userURL": "https://my.qidian.com/user/210495699", "userReview": "\u6211\u4e00\u76f4\u5728\u915d\u917f\u4e00\u4e2a\u5173\u4e8e\u79e6\u56fd\u7684\u5927\u7eb2\uff0c\u4e3b\u89d2\u4e5f\u662f\u6276\u82cf\uff0c\u4e0d\u8fc7\u683c\u5c40\u53ea\u5927\u4e0d\u4e9a\u4e8e\u4e09\u4f53\uff0c\u6240\u4ee5\u6709\u65f6\u95f4\u5c31\u6ce1\u9655\u897f\u56fe"}, {"userName": "jerryszy", "userReviewDate": "20\u5c0f\u65f6\u524d", "userURL": "https://my.qidian.com/user/118392910", "userReview": "\u770b\u4e0d\u52a8\u8fd9\u4e66\uff0c\u6709\u540c\u611f\u7684\u4e0d\u3002"}], "description": "\u9192\u638c\u5929\u4e0b\u6743\uff0c\u9189\u5367\u7f8e\u4eba\u819d\uff0c\u4e94\u5343\u5e74\u98ce\u534e\u70df\u96e8\uff0c\u662f\u975e\u6210\u8d25\u8f6c\u5934\u7a7a\uff01", "title": "\u503e\u5371\u5927\u79e6", "url": "https://book.qidian.com/info/1011800596", "average": -1.0, "cover": "//qidian.qpic.cn/qdbimg/349573/1011800596/180", "reviews": -1, "authors": [{"url": "https://me.qidian.com/authorIndex.aspx?id=402180658", "name": "\u6276\u6447\u4e0d\u4e56"}], "type": ["\u5386\u53f2", "\u79e6\u6c49\u4e09\u56fd"], "outlinks": ["https://book.qidian.com/info/1011800596", "https://book.qidian.com/info/1011852709", "https://book.qidian.com/info/1011852709", "https://book.qidian.com/info/1010504939", "https://book.qidian.com/info/1010504939", "https://book.qidian.com/info/3691153", "https://book.qidian.com/info/3691153", "https://book.qidian.com/info/1010835759", "https://book.qidian.com/info/1010835759", "https://book.qidian.com/info/1010346227", "https://book.qidian.com/info/1010346227", "https://book.qidian.com/info/1010017789", "https://book.qidian.com/info/1010017789", "https://book.qidian.com/info/1011800596", "https://book.qidian.com/info/1010891668", "https://book.qidian.com/info/1011773910", "https://book.qidian.com/info/1011783347", "https://book.qidian.com/info/1011643843", "https://book.qidian.com/info/1011476924", "https://book.qidian.com/info/1011635441", "https://book.qidian.com/info/1009999928", "https://book.qidian.com/info/1006932473", "https://book.qidian.com/info/1005080011"]}