{"ratings": 0.0, "userreviews": [], "description": "\u4ed9\u8def\u7f25\u7f08\uff0c\u6e05\u6b4c\u8e0f\u6708\u4e0a\u4e5d\u5929\uff1b\u4e91\u5c71\u4e07\u52ab\uff0c\u4e00\u5251\u5929\u5149\u95ee\u60c5\u7f18\u3002", "title": "\u503e\u5929\u957f\u60c5", "url": "https://book.qidian.com/info/1011790737", "average": -1.0, "cover": "//qidian.qpic.cn/qdbimg/349573/1011790737/180", "reviews": -1, "authors": [{"url": "https://me.qidian.com/authorIndex.aspx?id=402043298", "name": "\u9646\u6708\u8587\u989c"}], "type": ["\u4ed9\u4fa0\u5947\u7f18", "\u53e4\u5178\u4ed9\u4fa0"], "outlinks": ["https:https://book.qidian.com/info/1011421405?qd_game_key=1011421405&qd_dd_p1=11272", "https://book.qidian.com/info/1011790737", "https://book.qidian.com/info/1009351207", "https://book.qidian.com/info/1009351207", "https://book.qidian.com/info/1003527252", "https://book.qidian.com/info/1003527252", "https://book.qidian.com/info/1006609445", "https://book.qidian.com/info/1006609445", "https://book.qidian.com/info/1009747253", "https://book.qidian.com/info/1009747253", "https://book.qidian.com/info/1010609420", "https://book.qidian.com/info/1010609420", "https://book.qidian.com/info/3690652", "https://book.qidian.com/info/3690652", "https://book.qidian.com/info/1011871222", "https://book.qidian.com/info/1011879261", "https://book.qidian.com/info/1011607526", "https://book.qidian.com/info/1010505110", "https://book.qidian.com/info/1010285798", "https://book.qidian.com/info/1011976900", "https://book.qidian.com/info/1010905500", "https://book.qidian.com/info/1010257077", "https://book.qidian.com/info/1003815703", "https://book.qidian.com/info/1011427728"]}