{"ratings": 0.0, "userreviews": [{"userName": "\u5415\u5929\u867e13416", "userReviewDate": "17\u5c0f\u65f6\u524d", "userURL": "https://my.qidian.com/user/316356197", "userReview": "\u8ddf\u98ce\u7b7e\u4e2a\u5230"}, {"userName": "\u5df2\u7b11\u7ea2\u5c18", "userReviewDate": "2018-06-07", "userURL": "https://my.qidian.com/user/201563985", "userReview": "\u53cb\u54c8\u5df4\u8d6b\u4ed6\u81ea\u5df1\u505a\u8fc7\u4e00\u4e2a\u5f88\u5f62\u8c61\u7684\u6bd4\u55bb\uff0c\u90a3\u5c31\u662f\u4ed6\u53ef\u4ee5\u4ece\u4e00\u5806\u6c99\u5b50\u91cc\uff0c\u627e\u5230\u81ea\u5df1\u8981\u7684\u90a3\u4e00\u9897\uff0c\u7136\u540e\u628a\u73b0"}, {"userName": "\u4e00\u751f\u552f\u4e00\u5350K", "userReviewDate": "2018-06-04", "userURL": "https://my.qidian.com/user/200880315", "userReview": "\u8bdd\u8bf4\u7b2c\u516d\u7ae0\u6709\u70b9\u6bdb\u75c5\u554a\uff0c\u90a3\u51e0\u4e2a\u4eba\u5fc3\u773c\u8fd9\u4e48\u76f4\u4e48\uff0c\u8fd9\u79cd\u8c0e\u8bdd\u90fd\u80fd\u9a97\u8fc7\uff1f"}, {"userName": "\u5b9b\u4f3c\u68a6", "userReviewDate": "2018-06-04", "userURL": "https://my.qidian.com/user/212334682", "userReview": "\u770b\u5230\u592a\u538b\u6291\u4e86\uff0c\u6211\u6765\u770b\u5c0f\u8bf4\u662f\u4e3a\u4e86\u653e\u677e\uff0c\u4e0d\u662f\u518d\u6b21\u538b\u6291\u81ea\u5df1\u7684\u5fc3"}, {"userName": "\u6d6e\u751f\u82e5\u68a6\u590f\u5c0f\u590f", "userReviewDate": "2018-06-04", "userURL": "https://my.qidian.com/user/195948883", "userReview": "\u4f5c\u8005\u554a\uff0c\u4f60\u4e00\u76f4\u5728\u8bf4\u5e55\u540e\u9ed1\u624b\u662f\u4e3b\u89d2\u81ea\u5df1\uff0c\u4f0f\u7b14\u554a\u4ec0\u4e48\u7684\u3002\u95ee\u9898\u662f\u6211\u4eec\u53c8\u6ca1\u770b\u8fc7\u5927\u7eb2\uff0c\u6211\u4eec\u53ea\u8ba4\u73b0\u5728\u7684"}, {"userName": "\u66b4\u8d70\u7684\u6b7b\u795eL", "userReviewDate": "2018-06-02", "userURL": "https://my.qidian.com/user/210216323", "userReview": "\u521a\u521a\u770b\u4e00\u70b9\uff0c\u611f\u89c9\u732a\u811a\u88ab\u90a3\u4e2a\u9762\u5177\u7537\u7275\u7740\u9f3b\u5b50\u8d70\uff0c\u975e\u5e38\u4e0d\u559c\u6b22\uff0c\u4f60\u518d\u5f31\u4e5f\u6709\u4e0d\u9700\u8981\u8fd9\u6837\u5199\u6765\u8868\u8fbe\u554a\u3002"}, {"userName": "\u70e8\u5b50\u4f60\u4e2b\u4e8c", "userReviewDate": "2018-06-02", "userURL": "https://my.qidian.com/user/215997557", "userReview": "\u5927\u7231\uff01\uff01\uff01"}, {"userName": "\u6211\u7684\u59b9\u59b9\u53eb\u96cf\u75301216", "userReviewDate": "2018-06-02", "userURL": "https://my.qidian.com/user/316907994", "userReview": "\u517b\u4e86\u597d\u4e45\u4e86\u3002\u5e94\u8be5\u53ef\u4ee5\u5bb0\u4e86"}, {"userName": "\u66b4\u8d70\u7684\u6b7b\u795eL", "userReviewDate": "2018-06-02", "userURL": "https://my.qidian.com/user/210216323", "userReview": "\u8fd8\u6709\u7a81\u7136\u51fa\u73b0\u7684\u90a3\u7fa4\u8981\u6740\u732a\u811a\u7684\u4eba\u4e5f\u975e\u5e38\u523b\u610f\u597d\u50cf\u662f\u9762\u5177\u7537\u7279\u610f\u5b89\u6392\u7684\u4e00\u6837\uff0c\u5c31\u662f\u4e3a\u4e86\u9a8c\u8bc1\u81ea\u5df1\u7684\u8bdd\uff0c"}, {"userName": "\u5f25\u7f57\u65af", "userReviewDate": "2018-05-29", "userURL": "https://my.qidian.com/user/306754227", "userReview": "\u603b\u611f\u89c9\u4e3b\u89d2\u50cf\u7275\u7ebf\u6728\u5076\u4e00\u6837\uff0c\u6ca1\u6709\u81ea\u5df1\u7684\u51b3\u5b9a\uff0c\u62e5\u6709\u51e0\u4e07\u4eba\u7684\u8bb0\u5fc6\uff0c\u5374\u6ca1\u6709\u6781\u7aef\u7684\u610f\u5fd7\uff0c\u4ed6\u600e\u4e48\u4fdd\u6301\u8ba4"}], "description": "\u30102018\u4e8c\u6b21\u5143\u590f\u65e5\u796d\u5f81\u6587\u3011\u53c2\u8d5b\u4f5c\u54c1", "title": "\u5047\u9762\u7684\u65e0\u9650\u8bfb\u53d6", "url": "https://book.qidian.com/info/1012052263", "average": -1.0, "cover": "//qidian.qpic.cn/qdbimg/349573/1012052263/180", "reviews": -1, "authors": [{"url": "https://me.qidian.com/authorIndex.aspx?id=9652899", "name": "\u767d\u7c73\u716e\u7a00\u996d"}], "type": ["\u4e8c\u6b21\u5143", "\u884d\u751f\u540c\u4eba", "\u4e8c\u6b21\u5143"], "outlinks": ["https://book.qidian.com/info/1012052263", "https://book.qidian.com/info/1005235019", "https://book.qidian.com/info/1005235019", "https://book.qidian.com/info/1009368096", "https://book.qidian.com/info/1009368096", "https://book.qidian.com/info/1009934766", "https://book.qidian.com/info/1009934766", "https://book.qidian.com/info/1010506853", "https://book.qidian.com/info/1010506853", "https://book.qidian.com/info/1005405753", "https://book.qidian.com/info/1005405753", "https://book.qidian.com/info/1004974833", "https://book.qidian.com/info/1004974833", "https://book.qidian.com/info/1004974712", "https://book.qidian.com/info/1004974712", "https://book.qidian.com/info/1011443057", "https://book.qidian.com/info/1011977706", "https://book.qidian.com/info/1011970575", "https://book.qidian.com/info/1011722301", "https://book.qidian.com/info/1012058179", "https://book.qidian.com/info/1010868275", "https://book.qidian.com/info/1012020887", "https://book.qidian.com/info/1011904081"]}