{"ratings": 0.0, "userreviews": [{"userName": "\u5929\u660e\u7684\u5929", "userReviewDate": "2017-10-26", "userURL": "https://my.qidian.com/user/658888", "userReview": "\u300a\u552f\u6211\u65e0\u4e0a\u300b\u9a9a\u5e74\u65b0\u4e66\uff0c\u5927\u5bb6\u6536\u85cf\u63a8\u8350\u4e00\u4e0b\uff0c\u8c22\u8c22\uff01\uff01\uff01\u94fe\u63a5\uff1ahttps://book.qidi"}, {"userName": "\u857e\u9e4f\u6bc5", "userReviewDate": "5\u5c0f\u65f6\u524d", "userURL": "https://my.qidian.com/user/209595458", "userReview": "\u7b7e\u5230\uff01\uff01\uff01"}, {"userName": "\u857e\u9e4f\u6bc5", "userReviewDate": "2018-06-06", "userURL": "https://my.qidian.com/user/209595458", "userReview": "\u7b7e\u5230\uff01\uff01\uff01"}, {"userName": "\u857e\u9e4f\u6bc5", "userReviewDate": "2018-06-06", "userURL": "https://my.qidian.com/user/209595458", "userReview": "\u7b7e\u5230\uff01\uff01\uff01"}, {"userName": "\u5404\u79cd\u9547\u538b", "userReviewDate": "2018-06-04", "userURL": "https://my.qidian.com/user/212813700", "userReview": "\u674e\u8d1e\u8d24\u4ec0\u4e48\u9b3c\uff1f"}, {"userName": "hjf9999", "userReviewDate": "2018-06-03", "userURL": "https://my.qidian.com/user/611028", "userReview": "\u7b7e\u5230\u6c34\u7ecf\u9a8c"}, {"userName": "\u54d2\u6f22\u9326\u92a5\u885b", "userReviewDate": "2018-05-29", "userURL": "https://my.qidian.com/user/133599802", "userReview": "QDSJY"}, {"userName": "\u857e\u9e4f\u6bc5", "userReviewDate": "2018-05-23", "userURL": "https://my.qidian.com/user/209595458", "userReview": "\u7b7e\u5230\uff01\uff01\uff01"}, {"userName": "\u857e\u9e4f\u6bc5", "userReviewDate": "2018-05-23", "userURL": "https://my.qidian.com/user/209595458", "userReview": "\u7b7e\u5230\uff01\uff01\uff01"}, {"userName": "\u8bb2\u4e0b\u7b11\u59d0", "userReviewDate": "2018-05-18", "userURL": "https://my.qidian.com/user/220722010", "userReview": "\u4e0d\u600e\u4e48\u559c\u6b22\u56fd\u5185\u7684\u5973\u660e\u661f \u592a\u9ad8\u50b2\u4e86 \u88ab\u56fd\u5185\u7684\u7c89\u4e1d\u5ba0\u4e0a\u5929\u4e86 \u5e0c\u671b\u522b\u52a0\u56fd\u5185\u7684"}, {"userName": "\u5415\u5929\u867e4394", "userReviewDate": "2018-05-18", "userURL": "https://my.qidian.com/user/313380171", "userReview": "\u8fdf\u65e9\u8fd8\u662f\u8981\u8fd8\u7684"}, {"userName": "\u54d2\u6f22\u9326\u92a5\u885b", "userReviewDate": "2018-05-12", "userURL": "https://my.qidian.com/user/133599802", "userReview": "\u7b7e\u5230\u6c34\u7ecf\u9a8c"}, {"userName": "Lovealone\u62bd\u62bd", "userReviewDate": "2018-05-08", "userURL": "https://my.qidian.com/user/308745837", "userReview": "\u5973\u4e3b\u662f\u8ab0\u554a\uff1f"}, {"userName": "\u857e\u9e4f\u6bc5", "userReviewDate": "2018-04-29", "userURL": "https://my.qidian.com/user/209595458", "userReview": "\u7b7e\u5230\uff01\uff01\uff01"}], "description": "\u91cd\u751f\u8fc7\u53bb\u3001\u7545\u60f3\u672a\u6765\u3001\u68a6\u5e7b\u73b0\u5b9e\uff0c\u518d\u5851\u4f20\u5947\u4eba\u751f\uff01", "title": "\u5076\u50cf\u81f3\u4e0a", "url": "https://book.qidian.com/info/1009404081", "average": -1.0, "cover": "//qidian.qpic.cn/qdbimg/349573/1009404081/180", "reviews": -1, "authors": [{"url": "https://me.qidian.com/authorIndex.aspx?id=3919484", "name": "\u9a9a\u5e74\u4e0d\u5728"}], "type": ["\u90fd\u5e02", "\u90fd\u5e02\u751f\u6d3b"], "outlinks": ["https://book.qidian.com/info/1009404081", "https://book.qidian.com/info/1010893214", "https://book.qidian.com/info/1010893214", "https://book.qidian.com/info/1010707996", "https://book.qidian.com/info/1010707996", "https://book.qidian.com/info/1010834962", "https://book.qidian.com/info/1010834962", "https://book.qidian.com/info/1005747008", "https://book.qidian.com/info/1005747008", "https://book.qidian.com/info/1010948062", "https://book.qidian.com/info/1010948062", "https://book.qidian.com/info/1005036177", "https://book.qidian.com/info/1005036177", "https://book.qidian.com/info/3596053", "https://book.qidian.com/info/3596053", "https://book.qidian.com/info/1011932150", "https://book.qidian.com/info/1012029544", "https://book.qidian.com/info/1012015699", "https://book.qidian.com/info/1012018201", "https://book.qidian.com/info/1011879101", "https://book.qidian.com/info/1011790606", "https://book.qidian.com/info/1011971435", "https://book.qidian.com/info/1009695534", "https://book.qidian.com/info/1011890878", "https://book.qidian.com/info/1010537314"]}