{"ratings": 0.0, "userreviews": [{"userName": "\u5df3\u6c11\u4e59", "userReviewDate": "4\u5c0f\u65f6\u524d", "userURL": "https://my.qidian.com/user/161162316", "userReview": "\u504f\u5927\u7b7e\u5230\u7684\uff1f"}, {"userName": "\u5df3\u6c11\u4e59", "userReviewDate": "4\u5c0f\u65f6\u524d", "userURL": "https://my.qidian.com/user/161162316", "userReview": "\u80e1\u8bf4\u516b\u9053\u8857\u4e0a\u53f7\u4e86\uff1f"}, {"userName": "\u5df3\u6c11\u4e59", "userReviewDate": "4\u5c0f\u65f6\u524d", "userURL": "https://my.qidian.com/user/161162316", "userReview": "\u6545\u4e8b\u7684\u80e1\u8bf4\u516b\u9053"}, {"userName": "\u5df3\u6c11\u4e59", "userReviewDate": "2018-06-07", "userURL": "https://my.qidian.com/user/161162316", "userReview": "\u552f\u6211\u72ec\u5c0a\u552f\u6211\u72ec\u5c0a"}, {"userName": "\u5df3\u6c11\u4e59", "userReviewDate": "2018-06-06", "userURL": "https://my.qidian.com/user/161162316", "userReview": "\u8bdd\u8bf4\u8be5\u70e7\u8111\u4e86"}, {"userName": "\u5df3\u6c11\u4e59", "userReviewDate": "2018-06-04", "userURL": "https://my.qidian.com/user/161162316", "userReview": "\u8bdd\u8bf4\u6211\u997f\u4e86"}, {"userName": "\u5df3\u6c11\u4e59", "userReviewDate": "2018-06-04", "userURL": "https://my.qidian.com/user/161162316", "userReview": "\u8fd8\u4e0d\u9519\u7684\u7b7e\u5230"}, {"userName": "\u5df3\u6c11\u4e59", "userReviewDate": "2018-06-02", "userURL": "https://my.qidian.com/user/161162316", "userReview": "\u6545\u4e8b\u7684\u80e1\u8bf4\u516b\u9053"}, {"userName": "\u6726\u9f99", "userReviewDate": "2018-06-01", "userURL": "https://my.qidian.com/user/103328444", "userReview": "\u5b59v\u4e86\u5417\u4e0d\u80fd"}, {"userName": "\u5df3\u6c11\u4e59", "userReviewDate": "2018-05-31", "userURL": "https://my.qidian.com/user/161162316", "userReview": "\u7b7e\u5230\u7684\u80e1\u8bf4\u516b\u9053"}, {"userName": "\u5df3\u6c11\u4e59", "userReviewDate": "2018-05-30", "userURL": "https://my.qidian.com/user/161162316", "userReview": "gogogo"}, {"userName": "FredZhu", "userReviewDate": "2018-05-28", "userURL": "https://my.qidian.com/user/311645909", "userReview": "h........"}, {"userName": "\u5df3\u6c11\u4e59", "userReviewDate": "2018-05-27", "userURL": "https://my.qidian.com/user/161162316", "userReview": "\u6c99\u6f20\u91cc\u7b7e\u5230\u7684"}, {"userName": "FredZhu", "userReviewDate": "2018-05-23", "userURL": "https://my.qidian.com/user/311645909", "userReview": "z......."}], "description": "\u4fee\u4ed9\u89c5\u957f\u751f\uff0c\u70ed\u8840\u4efb\u900d\u9065\uff0c\u8e0f\u83b2\u66f3\u6ce2\u6da4\u5251\u9aa8\uff0c\u51ed\u865a\u5fa1\u98ce\u5851\u5723\u9b42\uff01", "title": "\u5077\u5929", "url": "https://book.qidian.com/info/1909465", "average": -1.0, "cover": "//qidian.qpic.cn/qdbimg/349573/1909465/180", "reviews": -1, "authors": [{"url": "https://me.qidian.com/authorIndex.aspx?id=4362118", "name": "\u8840\u7ea2"}], "type": ["\u4ed9\u4fa0", "\u4fee\u771f\u6587\u660e"], "outlinks": ["https://book.qidian.com/info/1909465", "https://book.qidian.com/info/1010566688", "https://book.qidian.com/info/1010566688", "https://book.qidian.com/info/1010771394", "https://book.qidian.com/info/1010771394", "https://book.qidian.com/info/1009854468", "https://book.qidian.com/info/1009854468", "https://book.qidian.com/info/1010015512", "https://book.qidian.com/info/1010015512", "https://book.qidian.com/info/1005317872", "https://book.qidian.com/info/1005317872", "https://book.qidian.com/info/1010468795", "https://book.qidian.com/info/1010468795", "https://book.qidian.com/info/3162", "https://book.qidian.com/info/3162", "https://book.qidian.com/info/4935", "https://book.qidian.com/info/4935", "https://book.qidian.com/info/16699", "https://book.qidian.com/info/16699", "https://book.qidian.com/info/27372", "https://book.qidian.com/info/27372", "https://book.qidian.com/info/1502261", "https://book.qidian.com/info/1502261", "https://book.qidian.com/info/2311686", "https://book.qidian.com/info/2311686", "https://book.qidian.com/info/3094349", "https://book.qidian.com/info/3094349", "https://book.qidian.com/info/3210567", "https://book.qidian.com/info/3210567", "https://book.qidian.com/info/3552978", "https://book.qidian.com/info/3552978", "https://book.qidian.com/info/1005238666", "https://book.qidian.com/info/1005238666", "https://book.qidian.com/info/1010327039", "https://book.qidian.com/info/1012016027", "https://book.qidian.com/info/1011630501", "https://book.qidian.com/info/1012010192", "https://book.qidian.com/info/1011834598", "https://book.qidian.com/info/1011672705", "https://book.qidian.com/info/1011966835", "https://book.qidian.com/info/1011940680", "https://book.qidian.com/info/1011491390", "https://book.qidian.com/info/1011995376"]}