{"ratings": 0.0, "userreviews": [{"userName": "\u4e9a\u8bfaJoe", "userReviewDate": "8\u5c0f\u65f6\u524d", "userURL": "https://my.qidian.com/user/225910296", "userReview": "\u8bf4\u4e00\u4e0b\u5427  \u7537\u4e3b\u7ed9\u6211\u7684\u611f\u89c9\u5c31\u662f\u5c4c\u4e1d   \u4e66\u4e2d\u4e5f\u6709\u8001\u5957\u8def\u5f3a\u884c\u88c513\u7b49   \u8fd8\u6709\u6211\u611f\u89c9\u4f5c\u8005\u662f\u4e0d"}, {"userName": "\u5415\u5929\u867e13172", "userReviewDate": "16\u5c0f\u65f6\u524d", "userURL": "https://my.qidian.com/user/316267378", "userReview": "\u7b7e\u5230\u4e4b\u5fd7\uff0c\u81f3\u6b7b\u65b9\u4f11"}, {"userName": "\u6d6e\u534e\u8f6c\u503e\u57ce", "userReviewDate": "19\u5c0f\u65f6\u524d", "userURL": "https://my.qidian.com/user/202330392", "userReview": "\u4e0d\u770b\u4e86\u3002\u521d\u4e2d\u751f\u90fd\u6bd4\u4e3b\u89d2\u6709\u57ce\u5e9c\uff0c\u6709\u4e2a\u7cfb\u7edf\u7b2c\u4e00\u613f\u671b\u5c45\u7136\u662f\u5356\u94b1\uff0c\u8fd8\u7279\u4e48\u6ca1\u903b\u8f91\u7684\u778e\u5356\u3002\u76ee\u6d4b\u4f5c\u8005\u7a77\u75af"}, {"userName": "\u6f20\u5200\u9053\u9b54", "userReviewDate": "20\u5c0f\u65f6\u524d", "userURL": "https://my.qidian.com/user/214018673", "userReview": "\u771f\u770b\u4e0d\u4e0b\u53bb\u4e86\uff0c\u8fd9\u8111\u56de\u8def\u7b80\u76f4\u4e86\u5c31\u662f."}, {"userName": "\u9cb2\u9e4f\u6b23", "userReviewDate": "20\u5c0f\u65f6\u524d", "userURL": "https://my.qidian.com/user/224769133", "userReview": "\u770b\u4e86\u5341\u4e94\u7ae0\uff0c\u611f\u89c9\u4e3b\u89d2\u4ece\u5c0f\u5230\u5927\u90fd\u6ca1\u6709\u89c1\u8fc7\u94b1\u7684\u4f4e\u667a\u5546\u4eba"}, {"userName": "\u4e66\u53cb180417100121481", "userReviewDate": "24\u5c0f\u65f6\u524d", "userURL": "https://my.qidian.com/user/315625432", "userReview": "\u7b7e\u5230\u7b7e\u5230\u4e86"}, {"userName": "\u4e66\u53cb161112173518558", "userReviewDate": "\u6628\u65e500:56", "userURL": "https://my.qidian.com/user/225460121", "userReview": "\u63a8\u8350\u4fee\u4ed9\u795e\u4f5c\uff0c\u300a\u4ed9\u9006\u4ed9\u9006\u4ed9\u300b***************\u63a8\u8350\u79d1\u5e7b\u795e\u4f5c\uff0c\u300a\u5b8c\u7f8e\u5f62\u6001\u300b***"}, {"userName": "\u4f11\u95f2\u662f\u751f\u6d3b", "userReviewDate": "2018-06-07", "userURL": "https://my.qidian.com/user/218258431", "userReview": "\u652f\u6301\u7206\u53d1\uff0c\u652f\u6301\u65b0\u4e66\uff01"}, {"userName": "\u4e66\u53cb20180528201049643", "userReviewDate": "2018-06-07", "userURL": "https://my.qidian.com/user/317024038", "userReview": "\u7b7e\u5230\u6c34\u7ecf\u9a8c"}, {"userName": "\u7eaa\u5ff5\u8303\u52a0\u5c14", "userReviewDate": "2018-06-07", "userURL": "https://my.qidian.com/user/167517208", "userReview": "\u633a\u597d\u770b\u7684\u4e3b\u89d2\u6bd4\u8f83\u6709\u60f3\u6cd5"}, {"userName": "\u90aa\u9b42\u9b44\u9aa8", "userReviewDate": "2018-06-07", "userURL": "https://my.qidian.com/user/222184740", "userReview": "\u770b\u4e86\u4e00\u773c\uff0c\u8fd9\u597d\u50cf\u548c\u5782\u9493\u8bf8\u5929\u6ca1\u5565\u533a\u522b\u554a"}, {"userName": "\u6211\u7231\u674e\u5ba3", "userReviewDate": "2018-06-07", "userURL": "https://my.qidian.com/user/169138187", "userReview": "\u5957\u8def\u90fd\u662f\u4e00\u6837\u7684\u554a"}, {"userName": "\u5347\u5230", "userReviewDate": "2018-06-07", "userURL": "https://my.qidian.com/user/105770089", "userReview": "\u56fd\u5185\u6b66\u672f\u6211\u8ba4\u4e3a\u8f93\u4e86\u624d\u597d  \u53ea\u6709\u8f93\u4e86\u624d\u4f1a\u4e0d\u7518\u5fc3\u624d\u4f1a\u4ea7\u751f\u8fdb\u53d6\u5fc3  \u63a8\u52a8\u6f14\u53d8 \u53d8\u5f97\u66f4\u5f3a"}, {"userName": "\u606d\u559c\u70b9\u5a18\u6210\u7acb15\u5468\u5e74", "userReviewDate": "2018-06-06", "userURL": "https://my.qidian.com/user/209483474", "userReview": "\u76d6\u697c\uff0c1\u697c\u5341\u5e01\uff0c\u767e\u697c\u4e00\u7ed3\uff0c\u4e07\u697c\u5c01\u9876\uff01"}], "description": "\u91cd\u751f\u8fc7\u53bb\u3001\u7545\u60f3\u672a\u6765\u3001\u68a6\u5e7b\u73b0\u5b9e\uff0c\u518d\u5851\u4f20\u5947\u4eba\u751f\uff01", "title": "\u5077\u76d7\u4e07\u754c", "url": "https://book.qidian.com/info/1010026121", "average": -1.0, "cover": "//qidian.qpic.cn/qdbimg/349573/1010026121/180", "reviews": -1, "authors": [{"url": "https://me.qidian.com/authorIndex.aspx?id=4947585", "name": "\u98ce\u4e91\u6307\u4e0a"}], "type": ["\u90fd\u5e02", "\u5f02\u672f\u8d85\u80fd"], "outlinks": ["https://book.qidian.com/info/1010026121", "https://book.qidian.com/info/1011034242", "https://book.qidian.com/info/1011034242", "https://book.qidian.com/info/1009710728", "https://book.qidian.com/info/1009710728", "https://book.qidian.com/info/1004898068", "https://book.qidian.com/info/1004898068", "https://book.qidian.com/info/1009483958", "https://book.qidian.com/info/1009483958", "https://book.qidian.com/info/1005129427", "https://book.qidian.com/info/1005129427", "https://book.qidian.com/info/1010053636", "https://book.qidian.com/info/1010053636", "https://book.qidian.com/info/1011468740", "https://book.qidian.com/info/1011468740", "https://book.qidian.com/info/1011932150", "https://book.qidian.com/info/1012029544", "https://book.qidian.com/info/1012015699", "https://book.qidian.com/info/1012018201", "https://book.qidian.com/info/1011879101", "https://book.qidian.com/info/1011790606", "https://book.qidian.com/info/1011971435", "https://book.qidian.com/info/1009695534", "https://book.qidian.com/info/1011890878", "https://book.qidian.com/info/1010537314"]}