{"ratings": 0.0, "userreviews": [{"userName": "\u8f69\u8f95\u82cd\u6708", "userReviewDate": "2018-02-22", "userURL": "https://my.qidian.com/user/3039634", "userReview": "\u8f69\u8f95\u82cd\u6708\u6253\u8d4f\u58a8\u6b66 100000\u8d77\u70b9\u5e01  \u8fd9\u672c\u4e66\u5199\u7684\u592a\u597d\u4e86,\u7292\u52b3\u4e00\u4e0b\u5e0c\u671b\u540e\u7eed\u66f4\u7cbe\u5f69!"}, {"userName": "\u60dc\u7f18\uffe1\u5929\u6daf", "userReviewDate": "2018-02-04", "userURL": "https://my.qidian.com/user/18697277", "userReview": "1.\u90ed\u5609\u6b66\u529f\u4e0d\u4f4e\u7406\u7531\uff1aa.\u5165\u79cb\u65f6\u5206\uff0c\u90a3\u4eba\u8fd8\u7a7f\u7740\u6728\u5c50\uff0c\u4e00\u53ea\u811a\u4e0a\u7684\u889c\u5b50\u5f88\u6709\u5206\u6c61\u8272\uff0c\u53e6\u5916\u4e00\u53ea\u811a\u6ca1"}, {"userName": "GaryYao", "userReviewDate": "2017-11-17", "userURL": "https://my.qidian.com/user/215847172", "userReview": "GaryYao\u6253\u8d4f\u58a8\u6b66 100000\u8d77\u70b9\u5e01  \u5929\u82b1\u4e71\u5760\uff0c\u611f\u52a8\u6d95\u96f6\uff0c\u5148\u751f\u4e4b\u624d\u5f53\u53d7\u6b64\u8d4f\uff01"}, {"userName": "\u611b\u5730\u7403", "userReviewDate": "2017-10-15", "userURL": "https://my.qidian.com/user/10096130", "userReview": "\u58a8\u6b66\uff0c\u8d77\u70b9\u4f5c\u54c1\uff0c\u300a\u5077\u9999\u300b\u58a8\u6b66\uff0c\u8d77\u70b9\u8457\u540d\u4f5c\u8005\uff0c\u6ee1\u809a\u7b14\u58a8\uff0c\u7ec6\u5fc3\u4e2d\u5e26\u6709\u968f\u610f\uff0c\u73b0\u5b9e\u5374\u53c8\u5939\u6709\u98d8\u9038\uff0c\u60b2"}, {"userName": "\u6731\u74a7\u534e", "userReviewDate": "39\u5206\u949f\u524d", "userURL": "https://my.qidian.com/user/155594922", "userReview": "\u5f80\u524d\u4e00\u70b9\uff0c\u5148\u79e6\uff1f"}, {"userName": "\u222e\u54ed\u4e86\u2248", "userReviewDate": "4\u5c0f\u65f6\u524d", "userURL": "https://my.qidian.com/user/78634", "userReview": "\u4e0b\u4e00\u672c\u5565\u65f6\u5019\u5f00[fn=11]"}, {"userName": "\u58a8jay", "userReviewDate": "14\u5c0f\u65f6\u524d", "userURL": "https://my.qidian.com/user/215371699", "userReview": "\u4e3a\u8001\u58a8\u5efa\u680b\u9ad8\u697c\uff0c\u4e0e\u672c\u4e66\u5171\u6210\u957f\uff01"}, {"userName": "\u5fae\u7b11de\u5c0f\u9c7c", "userReviewDate": "15\u5c0f\u65f6\u524d", "userURL": "https://my.qidian.com/user/10344368", "userReview": "\u6253\u5361\uff0c\u63a8\u8350"}, {"userName": "\u4e66\u53cb150122150653333", "userReviewDate": "2018-06-07", "userURL": "https://my.qidian.com/user/199422044", "userReview": "\u5b8c\u672c\u4e86\uff1f\u5e0c\u671b\u628a\u4fa0\u5f71\u72c2\u5200\u5199\u5b8c"}, {"userName": "\u6731\u74a7\u534e", "userReviewDate": "2018-06-07", "userURL": "https://my.qidian.com/user/155594922", "userReview": "\u54e6\uff0c\u539f\u6765\u5b8c\u672c\u4e86\u3002"}, {"userName": "\u5c0f\u832b\u679c", "userReviewDate": "2018-06-06", "userURL": "https://my.qidian.com/user/216544133", "userReview": "\u3002\u3002\u3002\u3002\u3002\u4e0d\u662f\u8bf4\u5386\u53f2\u6587\u4e48\uff1f\u7b80\u4ecb\u4e0a\u4e5f\u6ca1\u6709\u8bf4\u4ec0\u4e48\u9ad8\u79d1\u6280\u554a\uff01\u4e09\u56fd\u4ec0\u4e48\u9b3c\uff0c\u6211\u770b\u540e\u9762\u76ee\u5f55\u5c45\u7136\u6709\u79fb\u5c45\u571f"}, {"userName": "\u5341\u6708\u98de\u96e8", "userReviewDate": "2018-06-05", "userURL": "https://my.qidian.com/user/224820427", "userReview": "\u4e00\uff1a\u5927\u5c0f\u59d0\u66f9\u5b81\u513f\u6700\u540e\u5982\u4f55\u4e86\uff01\u4e8c\uff1a\u4e5d\u5929\u7384\u5973\u5462\uff0c\u5c31\u5192\u4e2a\u6ce1\u6ca1\u4e0b\u6587\u4e86\uff1f\u4e09\uff1a\u5218\u6b66\u7a7f\u8d8a\u56de\u53bb\u4e86\uff0c\u600e\u4e48\u53c8\u7a7f"}, {"userName": "\u5fc3\u4f3c\u7684\u8749", "userReviewDate": "2018-06-04", "userURL": "https://my.qidian.com/user/312688397", "userReview": "\u4f60\u5230\u5e95\u662f\u4e0d\u662f\u7a0b\u5927\u8def\uff0c\u662f\u7684\u8bdd\u5c31\u628a\u4fa0\u5f71\u72c2\u5200\u5199\u4e0b\u53bb\u5427\uff01\u6700\u7231\u7684\u4e00\u672c\u6b66\u4fa0\u5c45\u7136\u662f\u592a\u76d1\u6587\u3002\u3002\u3002"}, {"userName": "\u963f\u62c9\u963f\u62c9\u561f\u565c\u561f\u565c", "userReviewDate": "2018-06-04", "userURL": "https://my.qidian.com/user/215140706", "userReview": "\u671f\u5f85\u58a8\u5927\u4e0b\u672c\uff0c\u4f60\u60f3\u8981\u4ec0\u4e48\u7c7b\u578b\u7684\uff1f1\u2014\u2014\u5386\u53f22\u2014\u2014\u7384\u5e7b3\u2014\u2014\u90fd\u5e024\u2014\u2014\u591a\u79cd\u878d\u5408"}], "description": "\u9192\u638c\u5929\u4e0b\u6743\uff0c\u9189\u5367\u7f8e\u4eba\u819d\uff0c\u4e94\u5343\u5e74\u98ce\u534e\u70df\u96e8\uff0c\u662f\u975e\u6210\u8d25\u8f6c\u5934\u7a7a\uff01", "title": "\u5077\u9999", "url": "https://book.qidian.com/info/3687132", "average": -1.0, "cover": "//qidian.qpic.cn/qdbimg/349573/3687132/180", "reviews": -1, "authors": [{"url": "https://me.qidian.com/authorIndex.aspx?id=4362345", "name": "\u58a8\u6b66"}], "type": ["\u5386\u53f2", "\u79e6\u6c49\u4e09\u56fd"], "outlinks": ["https://book.qidian.com/info/3687132", "https://book.qidian.com/info/1010011232", "https://book.qidian.com/info/1010011232", "https://book.qidian.com/info/1009999928", "https://book.qidian.com/info/1009999928", "https://book.qidian.com/info/1010136878", "https://book.qidian.com/info/1010136878", "https://book.qidian.com/info/1010578665", "https://book.qidian.com/info/1010578665", "https://book.qidian.com/info/1005276026", "https://book.qidian.com/info/1005276026", "https://book.qidian.com/info/1010009787", "https://book.qidian.com/info/1010009787", "https://book.qidian.com/info/138715", "https://book.qidian.com/info/138715", "https://book.qidian.com/info/1025888", "https://book.qidian.com/info/1025888", "https://book.qidian.com/info/1784685", "https://book.qidian.com/info/1784685", "https://book.qidian.com/info/1011800596", "https://book.qidian.com/info/1010891668", "https://book.qidian.com/info/1011773910", "https://book.qidian.com/info/1011783347", "https://book.qidian.com/info/1011643843", "https://book.qidian.com/info/1011476924", "https://book.qidian.com/info/1011635441", "https://book.qidian.com/info/1009999928", "https://book.qidian.com/info/1006932473", "https://book.qidian.com/info/1005080011"]}