{"ratings": 0.0, "userreviews": [{"userName": "\u68a6\u5e7b\u4e36\u5427", "userReviewDate": "2016-10-18", "userURL": "https://my.qidian.com/user/199209047", "userReview": "\u68a6\u5e7b\u4e36\u5427\u6253\u8d4f\u66fe\u7ecf\u62e5\u6709\u7684\u65b9\u5411\u611f 50000\u8d77\u70b9\u5e01\u3000\u5c0f\u60ca\u559c\u5230\u4e86\u3002"}, {"userName": "\u5723\u4eba\u91cd\u8fd4\u90fd\u5e02", "userReviewDate": "2016-10-18", "userURL": "https://my.qidian.com/user/121622231", "userReview": "\u5723\u4eba\u91cd\u8fd4\u90fd\u5e02\u6253\u8d4f\u66fe\u7ecf\u62e5\u6709\u7684\u65b9\u5411\u611f 50000\u8d77\u70b9\u5e01\u3000\u76df\u732a\u4e86\uff0c\u65b9\u5411\u52a0\u66f4\u554a"}, {"userName": "\u9ec4\u6c0f\u5b57\u65cf", "userReviewDate": "2016-10-18", "userURL": "https://my.qidian.com/user/116626220", "userReview": "\u9ec4\u6c0f\u5b57\u65cf\u6253\u8d4f\u66fe\u7ecf\u62e5\u6709\u7684\u65b9\u5411\u611f 100000\u8d77\u70b9\u5e01\u3000\u4ee5\u524d\u770b\u8fc7\u4f5c\u8005\u5199\u7684\u4e66\uff0c\u73b0\u5728\u8fd9\u672c\u4e5f\u4e0d\u9519\uff01\u6c42\u4e2a"}, {"userName": "\u9a91\u7740\u5ae6\u5a25\u5531\u5f81\u670d", "userReviewDate": "2016-10-18", "userURL": "https://my.qidian.com/user/193604978", "userReview": "\u9a91\u7740\u5ae6\u5a25\u5531\u5f81\u670d\u6253\u8d4f\u66fe\u7ecf\u62e5\u6709\u7684\u65b9\u5411\u611f 50000\u8d77\u70b9\u5e01"}, {"userName": "\u9ec4\u94bb2017", "userReviewDate": "2018-05-01", "userURL": "https://my.qidian.com/user/227664951", "userReview": "\u6700\u5927\u7684\u8d25\u7b14\u5c31\u662f\u5199\u4e86\u4e00\u6b21\u5730\u7403\u90a3\u6bb5\u3002"}, {"userName": "\u793e\u4f1a\u4f60\u98de\u732a\u54e5", "userReviewDate": "2018-04-02", "userURL": "https://my.qidian.com/user/306606779", "userReview": "\u4e0a\u82cd\u4e4b\u4f4d\u7ecf\u6d4e\u5b66\uff08\u5b8f\u89c2\u7ecf\u6d4e\u5b66\u3001\u5fae\u89c2\u7ecf\u6d4e\u5b66\u3001\u56fd\u9645\u91d1\u878d\u3001\u56fd\u9645\u8d38\u6613\uff09\u4e0a\u82cd\u4e4b\u4f4d\uff0c"}, {"userName": "\u793e\u4f1a\u4f60\u98de\u732a\u54e5", "userReviewDate": "2018-04-02", "userURL": "https://my.qidian.com/user/306606779", "userReview": "\u597d\u770b\u5230\u54ed[fn=12]\uff01"}, {"userName": "ZUROSHE", "userReviewDate": "2018-03-24", "userURL": "https://my.qidian.com/user/149130679", "userReview": "\u8d77\u70b9\u5927\u795e\u771f\u4e0d\u503c\u94b1\uff0c\u6709\u5b9e\u529b\u7684\u53cd\u800c\u4e0d\u662f\u5927\u795e\u3002"}, {"userName": "\u5c0f\u732a\u5403\u5feb\u9910", "userReviewDate": "2018-01-30", "userURL": "https://my.qidian.com/user/14026627", "userReview": "\u52a0\u56de\u54cd\u56e0\u987a\u5229"}, {"userName": "\u9648\u865e\u6d1b\u71d5", "userReviewDate": "2018-01-21", "userURL": "https://my.qidian.com/user/102142445", "userReview": "\u4f5c\u8005\u541b\u5728\u672c\u4e66\u89e3\u51b3\u4e86\u4e24\u5927\u751f\u7406\u96be\u9898:\u7b2c\u4e00\uff0c\u80e1\u5b50\u53ef\u4ee5\u4e0d\u65ad\u62d4\u554a\u62d4\u554a\u7684\u4e5f\u5c31\u4e60\u60ef\u4e86\uff1b\u7b2c\u4e8c\uff0c\u5410\u8840\u53ef\u4ee5\u4e0d\u65ad"}, {"userName": "\u5c0f\u732a\u5403\u5feb\u9910", "userReviewDate": "2018-01-16", "userURL": "https://my.qidian.com/user/14026627", "userReview": "\u52a0\u6cb9\u52a0\u6cb9\u52a0\u6cb9"}, {"userName": "\u5c0f\u732a\u5403\u5feb\u9910", "userReviewDate": "2018-01-15", "userURL": "https://my.qidian.com/user/14026627", "userReview": "\u52a0\u6cb9\u52a0\u6cb9\u52a0"}, {"userName": "\u5c0f\u732a\u5403\u5feb\u9910", "userReviewDate": "2018-01-12", "userURL": "https://my.qidian.com/user/14026627", "userReview": "\u52a0\u6cb9\u56de\u54cd\u52a0\u6cb9"}, {"userName": "\u5c0f\u732a\u5403\u5feb\u9910", "userReviewDate": "2018-01-08", "userURL": "https://my.qidian.com/user/14026627", "userReview": "\u52a0\u6cb9\u52a0\u6cb9\u52a0\u6cb9"}], "description": "\u5fc3\u6f6e\u6f8e\u6e43\uff0c\u65e0\u9650\u5e7b\u60f3\uff0c\u8fce\u98ce\u6325\u51fb\u5343\u5c42\u6d6a\uff0c\u5c11\u5e74\u4e0d\u8d25\u70ed\u8840\uff01", "title": "\u50b2\u4e16\u6b66\u7687", "url": "https://book.qidian.com/info/3259003", "average": -1.0, "cover": "//qidian.qpic.cn/qdbimg/349573/3259003/180", "reviews": -1, "authors": [{"url": "https://me.qidian.com/authorIndex.aspx?id=1625300", "name": "\u66fe\u7ecf\u62e5\u6709\u7684\u65b9\u5411\u611f"}], "type": ["\u7384\u5e7b", "\u4e1c\u65b9\u7384\u5e7b"], "outlinks": ["https://book.qidian.com/info/3259003", "https://book.qidian.com/info/1010799783", "https://book.qidian.com/info/1010799783", "https://book.qidian.com/info/1010000699", "https://book.qidian.com/info/1010000699", "https://book.qidian.com/info/1009459840", "https://book.qidian.com/info/1009459840", "https://book.qidian.com/info/1009997161", "https://book.qidian.com/info/1009997161", "https://book.qidian.com/info/1010269108", "https://book.qidian.com/info/1010269108", "https://book.qidian.com/info/1009285178", "https://book.qidian.com/info/1009285178", "https://book.qidian.com/info/1753416", "https://book.qidian.com/info/1753416", "https://book.qidian.com/info/2139407", "https://book.qidian.com/info/2139407", "https://book.qidian.com/info/2987646", "https://book.qidian.com/info/2987646", "https://book.qidian.com/info/3600331", "https://book.qidian.com/info/3600331", "https://book.qidian.com/info/1005244891", "https://book.qidian.com/info/1005244891", "https://book.qidian.com/info/1011988403", "https://book.qidian.com/info/1009595922", "https://book.qidian.com/info/1011844784", "https://book.qidian.com/info/1011892497", "https://book.qidian.com/info/1011095320", "https://book.qidian.com/info/1011996851", "https://book.qidian.com/info/1011856434", "https://book.qidian.com/info/1011879207", "https://book.qidian.com/info/1011833256", "https://book.qidian.com/info/1011967674"]}