{"ratings": 0.0, "userreviews": [{"userName": "TikiLee", "userReviewDate": "2017-08-06", "userURL": "https://my.qidian.com/user/121039534", "userReview": "TikiLee\u6253\u8d4f\u68a6\u843d\u542c\u8776 100000\u8d77\u70b9\u5e01  \u8fd9\u672c\u4e66\u5199\u7684\u592a\u597d\u4e86,\u7292\u52b3\u4e00\u4e0b\u5e0c\u671b\u540e\u7eed\u66f4\u7cbe\u5f69"}, {"userName": "TikiLee", "userReviewDate": "2017-07-17", "userURL": "https://my.qidian.com/user/121039534", "userReview": "TikiLee\u6253\u8d4f\u68a6\u843d\u542c\u8776 50000\u8d77\u70b9\u5e01  \u8fd9\u672c\u4e66\u5199\u7684\u592a\u597d\u4e86,\u7292\u52b3\u4e00\u4e0b\u5e0c\u671b\u540e\u7eed\u66f4\u7cbe\u5f69!"}, {"userName": "\u6c34\u6df1\u5219\u9759", "userReviewDate": "2017-07-14", "userURL": "https://my.qidian.com/user/4091755", "userReview": "\u6c34\u6df1\u5219\u9759\u6253\u8d4f\u68a6\u843d\u542c\u8776 50000\u8d77\u70b9\u5e01  \u8fd9\u672c\u4e66\u5199\u7684\u592a\u597d\u4e86,\u7292\u52b3\u4e00\u4e0b\u5e0c\u671b\u540e\u7eed\u66f4\u7cbe\u5f69!"}, {"userName": "\u5149\u6655233", "userReviewDate": "2018-06-07", "userURL": "https://my.qidian.com/user/231638781", "userReview": "\u7b7e\u5230\u3002\u3002\u3002"}, {"userName": "\u6f47\u6f47\u6155\u6155", "userReviewDate": "2018-06-06", "userURL": "https://my.qidian.com/user/221738538", "userReview": "\u7b7e\u5230\u3002\u3002\u3002"}, {"userName": "\u5149\u6655233", "userReviewDate": "2018-06-06", "userURL": "https://my.qidian.com/user/231638781", "userReview": "\u7b7e\u5230\u3002\u3002\u3002"}, {"userName": "\u6885\u68850407", "userReviewDate": "2018-06-05", "userURL": "https://my.qidian.com/user/221751436", "userReview": "\u7b7e\u5230\u3002\u3002\u3002"}, {"userName": "\u660e\u59298888", "userReviewDate": "2018-06-05", "userURL": "https://my.qidian.com/user/302428378", "userReview": "\u7b7e\u5230\u3002\u3002\u3002"}, {"userName": "\u6f47\u6f47\u6155\u6155", "userReviewDate": "2018-06-04", "userURL": "https://my.qidian.com/user/221738538", "userReview": "\u7b7e\u5230\u3002\u3002\u3002"}, {"userName": "\u6885\u68850407", "userReviewDate": "2018-06-04", "userURL": "https://my.qidian.com/user/221751436", "userReview": "\u7b7e\u5230\u3002\u3002\u3002"}, {"userName": "\u5149\u6655233", "userReviewDate": "2018-06-03", "userURL": "https://my.qidian.com/user/231638781", "userReview": "\u7b7e\u5230\u3002\u3002\u3002"}, {"userName": "\u6f47\u6f47\u6155\u6155", "userReviewDate": "2018-06-02", "userURL": "https://my.qidian.com/user/221738538", "userReview": "\u7b7e\u5230\u3002\u3002\u3002"}, {"userName": "\u5149\u6655233", "userReviewDate": "2018-06-02", "userURL": "https://my.qidian.com/user/231638781", "userReview": "\u7b7e\u5230\u3002\u3002\u3002"}, {"userName": "\u6f47\u6f4747", "userReviewDate": "2018-06-02", "userURL": "https://my.qidian.com/user/223201360", "userReview": "\u7b7e\u5230\u3002\u3002\u3002"}], "description": "\u91cd\u751f\u82b1\u6837\u5e74\u534e\uff0c\u73a9\u8f6c\u5e02\u4e95\u8c6a\u95e8\uff0c\u643a\u624b\u9006\u88ad\u4eba\u751f\uff0c\u5171\u63fd\u4e00\u4e16\u98ce\u4e91\uff01", "title": "\u50b2\u5a07\u5973\u795e\uff0c\u9006\u88ad\u5427\uff01", "url": "https://book.qidian.com/info/1009904779", "average": -1.0, "cover": "//qidian.qpic.cn/qdbimg/349573/1009904779/180", "reviews": -1, "authors": [{"url": "https://me.qidian.com/authorIndex.aspx?id=400273253", "name": "\u68a6\u843d\u542c\u8776"}], "type": ["\u73b0\u4ee3\u8a00\u60c5", "\u90fd\u5e02\u5f02\u80fd"], "outlinks": ["https:https://book.qidian.com/info/1011421405?qd_game_key=1011421405&qd_dd_p1=11272", "https://book.qidian.com/info/1009904779", "https://book.qidian.com/info/1010742041", "https://book.qidian.com/info/1010742041", "https://book.qidian.com/info/1010707752", "https://book.qidian.com/info/1010707752", "https://book.qidian.com/info/1010807786", "https://book.qidian.com/info/1010807786", "https://book.qidian.com/info/1010700502", "https://book.qidian.com/info/1010700502", "https://book.qidian.com/info/1010880182", "https://book.qidian.com/info/1010880182", "https://book.qidian.com/info/1010737445", "https://book.qidian.com/info/1010737445", "https://book.qidian.com/info/1009042280", "https://book.qidian.com/info/1009626115", "https://book.qidian.com/info/1010737445", "https://book.qidian.com/info/1012015372", "https://book.qidian.com/info/1005059261", "https://book.qidian.com/info/1011899546", "https://book.qidian.com/info/1011717868", "https://book.qidian.com/info/1009904779", "https://book.qidian.com/info/1011200502", "https://book.qidian.com/info/1011634310"]}