{"ratings": 0.0, "userreviews": [{"userName": "\u7530\u4e00\u6e90", "userReviewDate": "6\u5c0f\u65f6\u524d", "userURL": "https://my.qidian.com/user/188185647", "userReview": "\u575a\u6301\u6295\u7968\u4e86"}, {"userName": "\u7530\u4e00\u6e90", "userReviewDate": "\u6628\u65e506:33", "userURL": "https://my.qidian.com/user/188185647", "userReview": "\u575a\u6301\u6295\u7968\u4e86"}, {"userName": "\u7530\u4e00\u6e90", "userReviewDate": "2018-06-06", "userURL": "https://my.qidian.com/user/188185647", "userReview": "\u4eca\u5929\u53c8\u6765\u4e86\u6295\u7968\u4e86"}, {"userName": "\u7530\u4e00\u6e90", "userReviewDate": "2018-06-05", "userURL": "https://my.qidian.com/user/188185647", "userReview": "\u575a\u6301\u6295\u7968\u4e86"}, {"userName": "\u7530\u4e00\u6e90", "userReviewDate": "2018-06-04", "userURL": "https://my.qidian.com/user/188185647", "userReview": "\u4eca\u5929\u53c8\u6765\u4e86\u7b7e\u5230\u4e86"}, {"userName": "\u7530\u4e00\u6e90", "userReviewDate": "2018-06-03", "userURL": "https://my.qidian.com/user/188185647", "userReview": "\u4eca\u5929\u53c8\u6765\u4e86"}, {"userName": "\u7530\u4e00\u6e90", "userReviewDate": "2018-06-02", "userURL": "https://my.qidian.com/user/188185647", "userReview": "\u5883\u754c\u63d0\u5347\u592a\u5feb\u4e86\u5427"}, {"userName": "\u7530\u4e00\u6e90", "userReviewDate": "2018-06-02", "userURL": "https://my.qidian.com/user/188185647", "userReview": "\u575a\u6301\u4e0d\u61c8\u7684\u52aa\u529b"}, {"userName": "\u7530\u4e00\u6e90", "userReviewDate": "2018-06-02", "userURL": "https://my.qidian.com/user/188185647", "userReview": "\u4eca\u5929\u53c8\u6765\u4e86\u7b7e\u5230\u4e86"}, {"userName": "\u7530\u4e00\u6e90", "userReviewDate": "2018-06-01", "userURL": "https://my.qidian.com/user/188185647", "userReview": "\u516d\u4e00\u8282\u5feb\u4e50"}, {"userName": "\u7530\u4e00\u6e90", "userReviewDate": "2018-05-30", "userURL": "https://my.qidian.com/user/188185647", "userReview": "\u4eca\u5929\u53c8\u6765\u4e86\u6295\u7968"}, {"userName": "\u7530\u4e00\u6e90", "userReviewDate": "2018-05-29", "userURL": "https://my.qidian.com/user/188185647", "userReview": "\u4eca\u5929\u53c8\u6765\u4e86"}, {"userName": "\u7530\u4e00\u6e90", "userReviewDate": "2018-05-28", "userURL": "https://my.qidian.com/user/188185647", "userReview": "\u4eca\u5929\u53c8\u6765\u4e86\u7b7e\u5230\u4e86"}, {"userName": "\u7530\u4e00\u6e90", "userReviewDate": "2018-05-27", "userURL": "https://my.qidian.com/user/188185647", "userReview": "\u4eca\u5929\u53c8\u6295\u4e86\u4e00\u5f20\u6708\u7968"}], "description": "\u5fc3\u6f6e\u6f8e\u6e43\uff0c\u65e0\u9650\u5e7b\u60f3\uff0c\u8fce\u98ce\u6325\u51fb\u5343\u5c42\u6d6a\uff0c\u5c11\u5e74\u4e0d\u8d25\u70ed\u8840\uff01", "title": "\u50b2\u5251\u5929\u7a79", "url": "https://book.qidian.com/info/3347784", "average": -1.0, "cover": "//qidian.qpic.cn/qdbimg/349573/3347784/180", "reviews": -1, "authors": [{"url": "https://me.qidian.com/authorIndex.aspx?id=4362291", "name": "\u5c0f\u5200\u950b\u5229"}], "type": ["\u7384\u5e7b", "\u4e1c\u65b9\u7384\u5e7b"], "outlinks": ["https://book.qidian.com/info/3347784", "https://book.qidian.com/info/1009459840", "https://book.qidian.com/info/1009459840", "https://book.qidian.com/info/1009285178", "https://book.qidian.com/info/1009285178", "https://book.qidian.com/info/1009913443", "https://book.qidian.com/info/1009913443", "https://book.qidian.com/info/1009997161", "https://book.qidian.com/info/1009997161", "https://book.qidian.com/info/1010269108", "https://book.qidian.com/info/1010269108", "https://book.qidian.com/info/1010000699", "https://book.qidian.com/info/1010000699", "https://book.qidian.com/info/130435", "https://book.qidian.com/info/130435", "https://book.qidian.com/info/1158728", "https://book.qidian.com/info/1158728", "https://book.qidian.com/info/1414604", "https://book.qidian.com/info/1414604", "https://book.qidian.com/info/1743644", "https://book.qidian.com/info/1743644", "https://book.qidian.com/info/2104762", "https://book.qidian.com/info/2104762", "https://book.qidian.com/info/3582993", "https://book.qidian.com/info/3582993", "https://book.qidian.com/info/3660591", "https://book.qidian.com/info/3660591", "https://book.qidian.com/info/1009265821", "https://book.qidian.com/info/1009265821", "https://book.qidian.com/info/1011988403", "https://book.qidian.com/info/1009595922", "https://book.qidian.com/info/1011844784", "https://book.qidian.com/info/1011892497", "https://book.qidian.com/info/1011095320", "https://book.qidian.com/info/1011996851", "https://book.qidian.com/info/1011856434", "https://book.qidian.com/info/1011879207", "https://book.qidian.com/info/1011833256", "https://book.qidian.com/info/1011967674"]}