{"ratings": 0.0, "userreviews": [{"userName": "johnny1120", "userReviewDate": "2015-08-13", "userURL": "https://my.qidian.com/user/3401537", "userReview": "\u6628\u5929\u770b\u5230\u9ec4\u57d4\u6708\u7684\u771f\u5b9e\u6765\u5386\uff0c\u770b\u7684\u6211\u6d51\u8eab\u53d1\u9ebb\uff0c\u60c5\u4e0d\u81ea\u5df2\uff0c\u6545\u6709\u5e78\u8ddf\u5c0f\u5200\u8fd9\u5927\u5a76\uff08\u6069\u6ca1\u9519\u662f\u5927\u5a76\uff0c\u56e0\u4e3a"}, {"userName": "\u4f1a\u4e0a\u6811\u7684\u9b54\u6cd5\u732a", "userReviewDate": "2015-08-13", "userURL": "https://my.qidian.com/user/111601883", "userReview": "\u672c\u6765\u8fd9\u4e2a\u6211\u662f\u4e0d\u60f3\u53d1\u7684\uff0c\u56e0\u4e3a\u60c5\u51b5\u5f88\u591a\u79cd\uff0c\u4e0d\u80fd\u5355\u51ed\u4e3b\u89d2\u80fd\u91cf\u539a\u5ea6\u6765\u8bc4\u5b9a\u7684\uff0c\u597d\u5427\u6211\u6765\u8bf4\u5b9e\u6218\u80fd\u529b\u5bf9\u6bd4"}, {"userName": "\u4f1a\u4e0a\u6811\u7684\u9b54\u6cd5\u732a", "userReviewDate": "2015-08-13", "userURL": "https://my.qidian.com/user/111601883", "userReview": "\u4e66\u53cb\u4eec\uff0c\u732a\u4ed4\u89e3\u51b3\u4e86\u5f88\u591a\u4e2a\u4e66\u53cb\u7684\u95ee\u9898\uff0c\u53d1\u73b0\u4e66\u53cb\u4eec\u5bf9\u672c\u4e66\u90fd\u6709\u5404\u81ea\u7684\u95ee\u9898\uff0c\u4e3a\u4e86\u5e2e\u52a9\u4e66\u53cb\u4eec\u66f4\u597d\u7684\u770b"}, {"userName": "\u4e66\u53cb161112154810693", "userReviewDate": "2018-06-04", "userURL": "https://my.qidian.com/user/225457137", "userReview": "\u975e\u5e38\u725b\u903c\u7684\u79d1\u5e7b\u53f2\u8bd7\u5c0f\u8bf4\uff0c\u300a\u4e09\u4f53\u300b\u2026\u2026\u2026\u2026\u2026\u3001\u975e\u5e38\u6c34\u5e73\u7684\u672b\u4e16\u5c0f\u8bf4\uff0c\u300a\u5b8c\u7f8e\u5f62\u6001\u300b\u2026\u2026\u2026\u2026\u2026\u3001\u975e"}, {"userName": "\u5bd2\u6f6d\u4e00\u65b9", "userReviewDate": "2018-05-04", "userURL": "https://my.qidian.com/user/220576206", "userReview": "\u81ea\u8350\u300a\u4ed9\u4e91\u957f\u6b4c\u300b\u6ca1\u6709\u91d1\u624b\u6307\uff0c\u6ca1\u6709\u65e0\u8111\u7684\u88c5\u903c\u6253\u8138\uff0c\u903b\u8f91\u4e25\u8c28\uff0c\u7531\u51e1\u5230\u4ed9\uff0c\u4e00\u4e2a\u6062\u5b8f\u6d69\u5927\u7684\u4ed9\u4e91\u4e16\u754c"}, {"userName": "\u5b50\u8449\u6c90\u967d", "userReviewDate": "2018-04-11", "userURL": "https://my.qidian.com/user/220843209", "userReview": "\u597d\u770b\u597d\u770b\u597d\u770b"}, {"userName": "\u865a\u76df\u591c\u732b\u5b50", "userReviewDate": "2018-03-21", "userURL": "https://my.qidian.com/user/311437031", "userReview": "\u5c11\u70b9\u72d7\u8840\u4e0d\u597d\u4e48\uff1f\u4f60\u4e00\u72d7\u8840\u5267\u60c5\u8981\u5199\u5341\u51e0\u4e8c\u5341\u7ae0\u3002xxxxxxxx"}, {"userName": "\u662f\u6709\u4e5d\u65e5", "userReviewDate": "2018-03-20", "userURL": "https://my.qidian.com/user/309433491", "userReview": "\u706d\u795e\u5492\u8d85\u597d\u770b\uff0c\u665a\u4e0a\u8eb2\u5728\u88ab\u7a9d\u770b"}, {"userName": "I\u767e\u5e74\u4e66\u75f4", "userReviewDate": "2018-03-18", "userURL": "https://my.qidian.com/user/209740993", "userReview": "\u5c31\u770b\u4e8628\u7ae0\uff0c\u5b9e\u5728\u592a\u6bd2\u4e86\u51e0\u4e4e\u6bcf\u4e00\u7ae0\u90fd\u662f\u5410\u69fd\u70b9"}, {"userName": "\u4fee\u9053\u957f\u751f\u8005", "userReviewDate": "2018-03-13", "userURL": "https://my.qidian.com/user/6661646", "userReview": "\u3010\u7b49\u7ea7\u4f53\u7cfb\u3011\uff08\u4e8c\uff09\u5251\u795e\uff1a\u624b\u4e2d\u65e0\u5251\uff0c\u5fc3\u4e2d\u65e0\u5251\uff0c\u4e07\u7269\u7686\u5251\u3002\u76f8\u5f53\u4e8e\u51fa\u7a8d\u4e2d\u671f\u5dc5\u5cf0\u548c\u51fa\u7a8d\u540e\u671f\u3002\u5148\u5929\u521d"}, {"userName": "\u4fee\u9053\u957f\u751f\u8005", "userReviewDate": "2018-03-13", "userURL": "https://my.qidian.com/user/6661646", "userReview": "\u3010\u7b49\u7ea7\u4f53\u7cfb\u3011\uff08\u4e00\uff09\u5251\u4f8d\uff1a\u7cbe\u901a\u6218\u6597\u6280\u5de7\u7684\u52c7\u58eb\uff0c\u4ee5\u5251\u4e3a\u6b66\u5668\u3002\u9ad8\u547d\u4e2d\u3001\u9ad8\u95ea\u907f\u662f\u5251\u4f8d\u7684\u7279\u8272\u3002\u4ed6\u4eec\u8fd8"}, {"userName": "\u4fee\u9053\u957f\u751f\u8005", "userReviewDate": "2018-03-13", "userURL": "https://my.qidian.com/user/6661646", "userReview": "\u3010\u4e3b\u8981\u4eba\u7269\u3011\u51cc\u900d\uff1a\u84dd\u6708\u5e1d\u56fd\u8d35\u65cf\uff0c\u56e0\u662f\u5929\u8109\u8005\u65e0\u6cd5\u4fee\u70bc\u3002\u540e\u88ab\u540c\u540d\u540c\u59d3\u6765\u81ea\u4fee\u771f\u754c\u7684\u51cc\u900d\u9644\u8eab\uff0c\u5f00\u59cb"}, {"userName": "\u4e66\u53cb161125021800815", "userReviewDate": "2017-12-23", "userURL": "https://my.qidian.com/user/225906467", "userReview": "\u597d\u4e66\uff0c\u503c\u5f97\u4e00\u770b"}, {"userName": "\u7231\u4f0a\u523b\u9aa8", "userReviewDate": "2017-12-08", "userURL": "https://my.qidian.com/user/179432322", "userReview": "\u7528\u5e9f\u6750\u4f53\u8d28\u6765\u8bc1\u660e\u81ea\u5df1\u554a"}], "description": "\u5fc3\u6f6e\u6f8e\u6e43\uff0c\u65e0\u9650\u5e7b\u60f3\uff0c\u8fce\u98ce\u6325\u51fb\u5343\u5c42\u6d6a\uff0c\u5c11\u5e74\u4e0d\u8d25\u70ed\u8840\uff01", "title": "\u50b2\u5251\u51cc\u4e91", "url": "https://book.qidian.com/info/1414604", "average": -1.0, "cover": "//qidian.qpic.cn/qdbimg/349573/1414604/180", "reviews": -1, "authors": [{"url": "https://me.qidian.com/authorIndex.aspx?id=4362291", "name": "\u5c0f\u5200\u950b\u5229"}], "type": ["\u7384\u5e7b", "\u5f02\u4e16\u5927\u9646"], "outlinks": ["https://book.qidian.com/info/1414604", "https://book.qidian.com/info/1009285178", "https://book.qidian.com/info/1009285178", "https://book.qidian.com/info/1009459840", "https://book.qidian.com/info/1009459840", "https://book.qidian.com/info/1010041028", "https://book.qidian.com/info/1010041028", "https://book.qidian.com/info/1009997161", "https://book.qidian.com/info/1009997161", "https://book.qidian.com/info/1010000699", "https://book.qidian.com/info/1010000699", "https://book.qidian.com/info/1010496369", "https://book.qidian.com/info/1010496369", "https://book.qidian.com/info/130435", "https://book.qidian.com/info/130435", "https://book.qidian.com/info/1158728", "https://book.qidian.com/info/1158728", "https://book.qidian.com/info/1743644", "https://book.qidian.com/info/1743644", "https://book.qidian.com/info/2104762", "https://book.qidian.com/info/2104762", "https://book.qidian.com/info/3347784", "https://book.qidian.com/info/3347784", "https://book.qidian.com/info/3582993", "https://book.qidian.com/info/3582993", "https://book.qidian.com/info/3660591", "https://book.qidian.com/info/3660591", "https://book.qidian.com/info/1009265821", "https://book.qidian.com/info/1009265821", "https://book.qidian.com/info/1011988403", "https://book.qidian.com/info/1009595922", "https://book.qidian.com/info/1011844784", "https://book.qidian.com/info/1011892497", "https://book.qidian.com/info/1011095320", "https://book.qidian.com/info/1011996851", "https://book.qidian.com/info/1011856434", "https://book.qidian.com/info/1011879207", "https://book.qidian.com/info/1011833256", "https://book.qidian.com/info/1011967674"]}