{"ratings": 0.0, "userreviews": [], "description": "\u5fc3\u6f6e\u6f8e\u6e43\uff0c\u65e0\u9650\u5e7b\u60f3\uff0c\u8fce\u98ce\u6325\u51fb\u5343\u5c42\u6d6a\uff0c\u5c11\u5e74\u4e0d\u8d25\u70ed\u8840\uff01", "title": "\u50b2\u5251\u9547\u5929", "url": "https://book.qidian.com/info/3615092", "average": -1.0, "cover": "//qidian.qpic.cn/qdbimg/349573/3615092/180", "reviews": -1, "authors": [{"url": "https://me.qidian.com/authorIndex.aspx?id=20691", "name": "\u9690\u4e3a\u8005"}], "type": ["\u7384\u5e7b", "\u4e1c\u65b9\u7384\u5e7b"], "outlinks": ["https://book.qidian.com/info/3615092", "https://book.qidian.com/info/1010875768", "https://book.qidian.com/info/1010875768", "https://book.qidian.com/info/1009285178", "https://book.qidian.com/info/1009285178", "https://book.qidian.com/info/1009329519", "https://book.qidian.com/info/1009329519", "https://book.qidian.com/info/1009997161", "https://book.qidian.com/info/1009997161", "https://book.qidian.com/info/1010496369", "https://book.qidian.com/info/1010496369", "https://book.qidian.com/info/1010961896", "https://book.qidian.com/info/1010961896", "https://book.qidian.com/info/31709", "https://book.qidian.com/info/31709", "https://book.qidian.com/info/140739", "https://book.qidian.com/info/140739", "https://book.qidian.com/info/185203", "https://book.qidian.com/info/185203", "https://book.qidian.com/info/1072509", "https://book.qidian.com/info/1072509", "https://book.qidian.com/info/1322256", "https://book.qidian.com/info/1322256", "https://book.qidian.com/info/1551732", "https://book.qidian.com/info/1551732", "https://book.qidian.com/info/1751014", "https://book.qidian.com/info/1751014", "https://book.qidian.com/info/2076573", "https://book.qidian.com/info/2076573", "https://book.qidian.com/info/2983997", "https://book.qidian.com/info/2983997", "https://book.qidian.com/info/1003373579", "https://book.qidian.com/info/1003373579", "https://book.qidian.com/info/1003898330", "https://book.qidian.com/info/1003898330", "https://book.qidian.com/info/1005000718", "https://book.qidian.com/info/1005000718", "https://book.qidian.com/info/1010103283", "https://book.qidian.com/info/1010103283", "https://book.qidian.com/info/1011029555", "https://book.qidian.com/info/1011029555", "https://book.qidian.com/info/1011730175", "https://book.qidian.com/info/1011730175", "https://book.qidian.com/info/1011988403", "https://book.qidian.com/info/1009595922", "https://book.qidian.com/info/1011844784", "https://book.qidian.com/info/1011892497", "https://book.qidian.com/info/1011095320", "https://book.qidian.com/info/1011996851", "https://book.qidian.com/info/1011856434", "https://book.qidian.com/info/1011879207", "https://book.qidian.com/info/1011833256", "https://book.qidian.com/info/1011967674"]}