{"ratings": 0.0, "userreviews": [{"userName": "\u53ef\u9274", "userReviewDate": "2018-06-07", "userURL": "https://my.qidian.com/user/7647645", "userReview": "\u4e00\u5f00\u59cb\u8fd8\u597d\uff0c\u540e\u6765\u519b\u8425\u7684\u626e\u732a\u5403\u8001\u864e\uff0c\u6709\u529d\u9000\u6548\u679c"}, {"userName": "\u6211\u662f\u4e00\u68f5\u8349ing", "userReviewDate": "2018-06-06", "userURL": "https://my.qidian.com/user/311733670", "userReview": "\u53ea\u6709\u6211\u611f\u89c9\u4e3b\u89d2\u8ddf******\u4e00\u6837\u5417\uff1f"}, {"userName": "\u51a5\u4e36\u5fc3", "userReviewDate": "2018-06-04", "userURL": "https://my.qidian.com/user/114496297", "userReview": "\u4e3a\u4ec0\u4e48\u4e0d\u5151\u6362\u76d8\u53e4\u8840\u5462\uff1f\u4e0d\u662f3\u4ebf\u5417\uff1f\u6709\u76d8\u53e4\u8840\u8fd8\u7a81\u7834\u4e0d\u4e86\uff1f"}, {"userName": "\u51a5\u4e36\u5fc3", "userReviewDate": "2018-06-02", "userURL": "https://my.qidian.com/user/114496297", "userReview": "\u53f6\u5b64\u57ce\uff1a\u6211\u5c31\u662f\u65b0\u624b\u6307\u5bfc\u5458\uff01\u4e0d\u8981\u95ee\u6211\u540e\u671f\u4e3a\u5565\u6ca1\u51fa\u6765\uff0c\u56e0\u4e3a\u6211\u771f\u6b63\u7684\u540d\u5b57\u53eb*********"}, {"userName": "\u4e66\u53cb151209160902451", "userReviewDate": "2018-06-01", "userURL": "https://my.qidian.com/user/213723631", "userReview": "\u7b7e\u5230   "}, {"userName": "\u51e1\u4e50\u9605\u4e66", "userReviewDate": "2018-05-31", "userURL": "https://my.qidian.com/user/211692937", "userReview": "\u7b7e\u5230   "}, {"userName": "\u67d0\u67d0\u866b\u5b50", "userReviewDate": "2018-05-30", "userURL": "https://my.qidian.com/user/146618114", "userReview": "\u5267\u60c5\u770b\u5f97\u6709\u4e9b\u4e71.."}, {"userName": "\u4e66\u53cb150103140256090", "userReviewDate": "2018-05-27", "userURL": "https://my.qidian.com/user/197852826", "userReview": "\u5728\u9a82\u4e2a\u4eba\u770b\u770b\u5417\uff0c\u8bf4\u4e0d\u5b9a\u5c31\u706b\u5927\u4e86\u5462"}, {"userName": "\u4e66\u53cb150103140256090", "userReviewDate": "2018-05-27", "userURL": "https://my.qidian.com/user/197852826", "userReview": "\u54c7\uff0c\u7f8e\u5973\u3002\u771f\u662f\u8981\u547d\uff0c\u6ca1\u52b2\u4e86"}, {"userName": "\u6708\u5f71\u4e0b\u7684\u897f\u5170\u82b1", "userReviewDate": "2018-05-26", "userURL": "https://my.qidian.com/user/301173344", "userReview": "\u624d\u770b\u5230\u7b2c\u4e03\u7ae0\u5c31\u770b\u4e0d\u4e0b\u53bb\u4e86\uff0c\u8d70\u4e86"}, {"userName": "\u732b\u7684\u7b2c\u2468\u6b21\u662f\u6b7b\u4ea1", "userReviewDate": "2018-05-25", "userURL": "https://my.qidian.com/user/199859490", "userReview": "\u50f5\u5c38\uff0c\u96c6\u5929\u5730\u6028\u6c14\u79fd\u6c14\u800c\u751f\uff0c\u4e0d\u8001\u4e0d\u6b7b\u4e0d\u706d\uff0c\u88ab\u5929\u5730\u4eba\u4e09\u754c\u6452\u5f03\u4f17\u751f\u516d\u9053\u4e4b\u5916\uff0c\u6d6a\u8361\u65e0\u4f9d\u6d41\u79bb\u5931\u6240\uff0c\u5728"}, {"userName": "zz\u963f\u822a", "userReviewDate": "2018-05-25", "userURL": "https://my.qidian.com/user/230306730", "userReview": "\u80fd\u51991300\u7ae0\uff0c\u4f60\u662f\u771f\u7684\u5934\u94c1"}, {"userName": "\u8d44\u6df1\u4e94\u867e\u8ff7", "userReviewDate": "2018-05-21", "userURL": "https://my.qidian.com/user/227420404", "userReview": "\u4f5c\u8005\u52a0\u6cb9\uff01\u8eab\u4e3a\u4e00\u4e2a\u6e38\u5ba2\uff0c\u76ee\u524d\u770b\u523020\u7ae0\uff0c\u732a\u811a\u548c\u914d\u89d2\uff0c\u667a\u5546\u90fd\u5728\u7ebf\u3002\u5e0c\u671b\u4e00\u76f4\u4fdd\u6301\u4e0b\u53bb\uff0c\uff0c\u4e0d\u8981\u6709"}, {"userName": "\u5218\u5b89\u98ce", "userReviewDate": "2018-05-21", "userURL": "https://my.qidian.com/user/225465047", "userReview": "\u62ab\u7740\u50f5\u5c38\u76ae\u7684\u8fa3\u9e21\u5c0f\u8bf4\uff0c\u4fae\u8fb1\u50f5\u5c38\u4e8c\u5b57\uff0c\u6eda\u5427\uff01\u5509\uff01\u6ca1\u60f3\u5230\u6211\u4e5f\u6709\u53d8\u66b4\u8e81\u8001\u54e5\u7684\u4e00\u5929"}], "description": "\u6fc0\u840c\u7684\u841d\u8389\uff0c\u70ed\u8840\u7684\u5c11\u5e74\uff0c\u4e3a\u6253\u7834\u6b21\u5143\u58c1\u4e00\u5f80\u65e0\u524d\uff01", "title": "\u50f5\u5c38\u5d1b\u8d77\u7cfb\u7edf", "url": "https://book.qidian.com/info/1009380198", "average": -1.0, "cover": "//qidian.qpic.cn/qdbimg/349573/1009380198/180", "reviews": -1, "authors": [{"url": "https://me.qidian.com/authorIndex.aspx?id=6974991", "name": "\u8a00\u9f99"}], "type": ["\u4e8c\u6b21\u5143", "\u884d\u751f\u540c\u4eba", "\u4e8c\u6b21\u5143"], "outlinks": ["https://book.qidian.com/info/1009380198", "https://book.qidian.com/info/1010279341", "https://book.qidian.com/info/1010279341", "https://book.qidian.com/info/1006611211", "https://book.qidian.com/info/1006611211", "https://book.qidian.com/info/1010860831", "https://book.qidian.com/info/1010860831", "https://book.qidian.com/info/1010399709", "https://book.qidian.com/info/1010399709", "https://book.qidian.com/info/1010821247", "https://book.qidian.com/info/1010821247", "https://book.qidian.com/info/1010642748", "https://book.qidian.com/info/1010642748", "https://book.qidian.com/info/3398487", "https://book.qidian.com/info/3398487", "https://book.qidian.com/info/1003682865", "https://book.qidian.com/info/1003682865", "https://book.qidian.com/info/1011443057", "https://book.qidian.com/info/1011977706", "https://book.qidian.com/info/1011970575", "https://book.qidian.com/info/1011722301", "https://book.qidian.com/info/1012058179", "https://book.qidian.com/info/1010868275", "https://book.qidian.com/info/1012020887", "https://book.qidian.com/info/1011904081"]}