{"ratings": 0.0, "userreviews": [{"userName": "\u6b66\u5bb6\u5c0f\u5b50", "userReviewDate": "2017-11-14", "userURL": "https://my.qidian.com/user/213600111", "userReview": "\u8fd9\u5c3c\u739b\u6b63\u7248\u8fd8\u662f\u76d7\u7248\u5c45\u7136\u7f3a\u7ae0\u8282\uff0c\u4e00\u6b21\u4e0d\u884c\u8fd8\u7f3a\u4e24\u6b21\uff0c\u4f5c\u8005\u4f60\u8d70\u70b9\u5fc3\u884c\u4e0d\uff1f"}, {"userName": "\u9b54\u4ebamike", "userReviewDate": "2017-10-22", "userURL": "https://my.qidian.com/user/300444689", "userReview": "\u6ca1\u4eba\u5417\uff1f\u8fd9\u633a\u597d\u770b\u7684"}, {"userName": "\u7ba1\u4e8b\u5c0f\u4e66\u7ae5", "userReviewDate": "2017-08-16", "userURL": "https://my.qidian.com/user/200117967", "userReview": "\u8fd9\u662f\u7384\u5e7b\u5c0f\u8bf4\u5427\uff1f"}, {"userName": "\u8d77\u70b9\u4e2d\u6587\u7f51", "userReviewDate": "2017-05-09", "userURL": "https://my.qidian.com/user/33597", "userReview": "\u54c8\u54c8\u54c8\u54c8\uff0c\u7b2c\u4e00\u5f20\u6708\u7968\u7684\u6c99\u53d1\u603b\u7b97\u88ab\u6211\u62a2\u5230\u4e86\uff0c\u52a0\u6cb9\u7801\u5b57\uff0c\u52aa\u529b\u66f4\u65b0\uff0c\u6709\u4e86\u6708\u7968\u7684\u90fd\u6295\u4f60\uff01\u81ea\u672c\u606d\u8d3a\u4e3b"}, {"userName": "\u8d77\u70b9\u4e2d\u6587\u7f51", "userReviewDate": "2017-04-23", "userURL": "https://my.qidian.com/user/33597", "userReview": "\u54c8\u54c8\u54c8\u54c8\uff0c\u7b2c\u4e00\u5f20\u6708\u7968\u7684\u6c99\u53d1\u603b\u7b97\u88ab\u6211\u62a2\u5230\u4e86\uff0c\u52a0\u6cb9\u7801\u5b57\uff0c\u52aa\u529b\u66f4\u65b0\uff0c\u6709\u4e86\u6708\u7968\u7684\u90fd\u6295\u4f60\uff01\u81ea\u672c\u606d\u8d3a\u4e3b"}], "description": "\u91cd\u751f\u8fc7\u53bb\u3001\u7545\u60f3\u672a\u6765\u3001\u68a6\u5e7b\u73b0\u5b9e\uff0c\u518d\u5851\u4f20\u5947\u4eba\u751f\uff01", "title": "\u50f5\u5c38\u8b66\u5bdf", "url": "https://book.qidian.com/info/3347232", "average": -1.0, "cover": "//qidian.qpic.cn/qdbimg/349573/3347232/180", "reviews": -1, "authors": [{"url": "https://me.qidian.com/authorIndex.aspx?id=4224256", "name": "\u679c\u82ad"}], "type": ["\u90fd\u5e02", "\u5f02\u672f\u8d85\u80fd"], "outlinks": ["https://book.qidian.com/info/3347232", "https://book.qidian.com/info/1010466428", "https://book.qidian.com/info/1010466428", "https://book.qidian.com/info/1010908372", "https://book.qidian.com/info/1010908372", "https://book.qidian.com/info/1010781736", "https://book.qidian.com/info/1010781736", "https://book.qidian.com/info/2300492", "https://book.qidian.com/info/2300492", "https://book.qidian.com/info/1010046363", "https://book.qidian.com/info/1010046363", "https://book.qidian.com/info/1009958915", "https://book.qidian.com/info/1009958915", "https://book.qidian.com/info/3435912", "https://book.qidian.com/info/3435912", "https://book.qidian.com/info/1003578910", "https://book.qidian.com/info/1003578910", "https://book.qidian.com/info/1011932150", "https://book.qidian.com/info/1012029544", "https://book.qidian.com/info/1012015699", "https://book.qidian.com/info/1012018201", "https://book.qidian.com/info/1011879101", "https://book.qidian.com/info/1011790606", "https://book.qidian.com/info/1011971435", "https://book.qidian.com/info/1009695534", "https://book.qidian.com/info/1011890878", "https://book.qidian.com/info/1010537314"]}