{"ratings": 0.0, "userreviews": [{"userName": "\u714c\u8fb0\u68b5\u7131", "userReviewDate": "2018-06-07", "userURL": "https://my.qidian.com/user/11756310", "userReview": "\u7b2c\u4e00\u7ae0\u4e71\u4e03\u516b\u7cdf\u7684\u8eab\u4efd\u771f\u7684\u5f88\u6bd2\uff0c\u770b\u4e86\u540e\u8fd8\u80fd\u9762\u4e0d\u6539\u8272\u7ee7\u7eed\u770b\u4e0b\u53bb\u7684\u662f\u771f\u7684\u795e\u519c\u3002\u8eab\u4efd\u90a3\u4e48\u591a\uff0c\u7ed3\u679c\u523b"}, {"userName": "\u4e71\u7801Numb", "userReviewDate": "2018-06-05", "userURL": "https://my.qidian.com/user/211260389", "userReview": "\u8bbe\u5b9a\u4e0d\u9519\uff0c\u53ef\u4ee5\u5c31\u662f\u6587\u7b14"}, {"userName": "\u60c5\u4fa3\u7ec8\u6210\u5144\u59b9\u8fdb\u5fb7\u9aa8", "userReviewDate": "2018-06-04", "userURL": "https://my.qidian.com/user/301924339", "userReview": "\u4f5c\u8005\u4ec0\u4e48\u65f6\u5019\u80fd\u5199\u5996\u5c3e\u548c\u5e7b\u60f3\u4e61\uff1f"}, {"userName": "\u4e66\u53cb20180212213448968", "userReviewDate": "2018-05-31", "userURL": "https://my.qidian.com/user/313674868", "userReview": "\u8981\u4e0d\u7136\u5149\u6709\u4fe1\u606f\u6ca1\u5185\u5bb9\u600e\u4e48\u770b"}, {"userName": "\u4e66\u53cb20180212213448968", "userReviewDate": "2018-05-31", "userURL": "https://my.qidian.com/user/313674868", "userReview": "\u4f5c\u8005\u4ec0\u4e48\u65f6\u5019\u53ef\u4ee5\u628a\u4e4b\u524d\u7684\u4e16\u754c\u5199\u4e0b"}, {"userName": "\u68a6\u9053\u9053", "userReviewDate": "2018-05-31", "userURL": "https://my.qidian.com/user/159880051", "userReview": "\u9002\u5408\u5c0f\u767d\u770b"}, {"userName": "\u9006\u9633\u795e", "userReviewDate": "2018-05-02", "userURL": "https://my.qidian.com/user/228063961", "userReview": "\u770b\u4e86\u51e0\u7ae0\u540e   \u4e2a\u4eba\u7684\u8bc4\u4ef7\u5c31\u662f   \u5b8c\u5168\u5c31\u662f\u81ea\u55e8  \u867d\u7136  \u521b\u610f\u4e0d\u9519  \u4f46\u63a9\u76d6\u4e0d\u4e86\u8fd9\u662f\u4f5c\u8005"}, {"userName": "\u5ff5\u4e00\u58a8\u8a00", "userReviewDate": "2018-05-02", "userURL": "https://my.qidian.com/user/224408996", "userReview": "\u5b8c\u4e86\u8981\u8dea\u7684\u611f\u89c9"}, {"userName": "\u841d\u8389\u5230\u7897\u91cc\u6765", "userReviewDate": "2018-04-07", "userURL": "https://my.qidian.com/user/210981927", "userReview": "\u4e00\u770b\u7b2c\u4e00\u7ae0\u90a3\u4e00\u5927\u5806\u8eab\u4efd\u4ecb\u7ecd\uff0c\u6709\u6bdb\u7528\uff1f"}, {"userName": "\u4e16\u754c\u4e0e\u5927\u9053\u4e4b\u521b\u9020\u8005", "userReviewDate": "2018-03-08", "userURL": "https://my.qidian.com/user/313035499", "userReview": "\u597d\u6162......\u8fd9\u66f4\u65b0\u901f\u5ea6\uff01\u6211\u8fde\u81ea\u5df1\u90fd\u4e0d\u670d\u5c31\u670d\u4f5c\u8005\uff01\u6162\u7684\u4e00\u6279\uff01\uff01\uff01\u10e6\u2299\u25a1\u2299\u2571\u8138\u4f38\u8fc7\u6765\u8ba9\u6211\u6253"}, {"userName": "\u68a6\u82e5\u98d8\u96ea\u96ea\u5fc5\u76db", "userReviewDate": "2018-03-02", "userURL": "https://my.qidian.com/user/301251698", "userReview": "\u4e00\u4e2a\u661f\u671f\u53ea\u6709\u4e00\u66f4\uff1f\u4f60\u5728\u9017\u6211\u5417\uff1f\u597d\u5427\u5c31\u7b97\u4f60\u6ca1\u6709\u9017\u6211\uff0c\u90a3\u4f60\u5c31\u662f\u771f\u7684\u4e00\u4e2a\u661f\u671f\u53ea\u6709\u4e00\u66f4\uff1f7\u5929\u4e00\u66f4\uff1f"}, {"userName": "\u5e0c\u671b\u5f88\u5e78\u8fd0", "userReviewDate": "2018-01-06", "userURL": "https://my.qidian.com/user/225360329", "userReview": "\u521a\u5f00\u59cb\u770b\uff0c\u603b\u89c9\u5f97\u662f\u67d0\u4e00\u90e8\u4e66\u7684\u7b2c\u4e8c\u90e8\u4f3c\u7684\u3002\u3002"}, {"userName": "\u6770\u54e5\u98ce\u6e38\u5929\u4e0b", "userReviewDate": "2018-01-04", "userURL": "https://my.qidian.com/user/202777006", "userReview": "\u7b7e\u5230\u6c34\u7ecf\u9a8c"}, {"userName": "\u6211\u8981\u7a7f\u8d8a\u6211\u8981\u7cfb\u7edf", "userReviewDate": "2017-12-27", "userURL": "https://my.qidian.com/user/224074046", "userReview": "\u52a0\u6cb9\uff0c\u4f5c\u8005"}], "description": "\u6fc0\u840c\u7684\u841d\u8389\uff0c\u70ed\u8840\u7684\u5c11\u5e74\uff0c\u4e3a\u6253\u7834\u6b21\u5143\u58c1\u4e00\u5f80\u65e0\u524d\uff01", "title": "\u50f5\u7956\u6b21\u5143\u4e4b\u65c5", "url": "https://book.qidian.com/info/1009954667", "average": -1.0, "cover": "//qidian.qpic.cn/qdbimg/349573/1009954667/180", "reviews": -1, "authors": [{"url": "https://me.qidian.com/authorIndex.aspx?id=400135251", "name": "\u516b\u4e91\u91cd\u6a31"}], "type": ["\u4e8c\u6b21\u5143", "\u884d\u751f\u540c\u4eba", "\u4e8c\u6b21\u5143"], "outlinks": ["https://book.qidian.com/info/1009954667", "https://book.qidian.com/info/1003599680", "https://book.qidian.com/info/1003599680", "https://book.qidian.com/info/1003843579", "https://book.qidian.com/info/1003843579", "https://book.qidian.com/info/1010887003", "https://book.qidian.com/info/1010887003", "https://book.qidian.com/info/1010858722", "https://book.qidian.com/info/1010858722", "https://book.qidian.com/info/1010826943", "https://book.qidian.com/info/1010826943", "https://book.qidian.com/info/1009358321", "https://book.qidian.com/info/1009358321", "https://book.qidian.com/info/1009740391", "https://book.qidian.com/info/1009740391", "https://book.qidian.com/info/1009931231", "https://book.qidian.com/info/1009931231", "https://book.qidian.com/info/1010872518", "https://book.qidian.com/info/1010872518", "https://book.qidian.com/info/1011443057", "https://book.qidian.com/info/1011977706", "https://book.qidian.com/info/1011970575", "https://book.qidian.com/info/1011722301", "https://book.qidian.com/info/1012058179", "https://book.qidian.com/info/1010868275", "https://book.qidian.com/info/1012020887", "https://book.qidian.com/info/1011904081"]}