{"ratings": 0.0, "userreviews": [{"userName": "\u51b7\u6696", "userReviewDate": "2018-05-30", "userURL": "https://my.qidian.com/user/1712379", "userReview": "\u5168\u8ba2\u9605\u88d9\uff1a334-169-222\u8981\u6c42\u5168\u8ba2\u9605\u5112\u9053\u81f3\u5723\uff0c\u8fdb\u7fa4\u9700\u622a\u56fe\u9a8c\u8bc1\u3002\u4e66\u53cb\u666e\u901a\u7fa4\uff1a\u4e00\uff1a321"}, {"userName": "\u51b7\u6696", "userReviewDate": "2018-05-30", "userURL": "https://my.qidian.com/user/1712379", "userReview": "\u65b0\u4eba\u4e0d\u6613\uff0c\u6253\u5e7f\u544a\u662f\u4eba\u4e4b\u5e38\u60c5\u4f46\u662f\u4e3a\u4e86\u4e66\u8bc4\u533a\u7248\u9762\u7f8e\u89c2\uff0c\u56e0\u6b64\u8bbe\u7acb\u5e7f\u544a\u697c\u5e0c\u671b\u5927\u5bb6\u70b9\u51fb\u6536\u85cf\u4e3a\u65b9\u4fbf\u6536\u85cf"}, {"userName": "\u661f\u606c", "userReviewDate": "2018-04-27", "userURL": "https://my.qidian.com/user/4614875", "userReview": "\u5112\u9053\u66f2:\u7434\u5e08\u8bcd/\u7b56:\u661f\u606c\u6b4c\u541b:\u6e05\u6697\u540e\u671f:\u67f3\u5200\u624b\u7f8e\u5de5:\u9985\u513f\u8f7b\u541f\u82b1\u843d\u8c01\u77e5\u5176\u58f0\u5e7d\u5e7d\u6380\u5f00\u5112\u9053\u4e00\u679d\u72ec"}, {"userName": "\u843d\u82b1\u65e0\u610f\u98d8\u96f6", "userReviewDate": "25\u5206\u949f\u524d", "userURL": "https://my.qidian.com/user/135982864", "userReview": "\u76d6\u4e2a\u5c5e\u4e8e\u81ea\u5df1\u7684\u7b7e\u5230\u697c\uff0c\u6ca1\u4e8b\u5c31\u6765\u6dfb\u5757\u7816\uff0c\u4e0a\u5757\u74e6\u2026\u2026\ud83d\ude4f\ud83d\ude4f\ud83d\ude4f\u270a\u270a\u270a\u270a\u270a\u270a\u270a\u270a\u270a"}, {"userName": "\u6beb\u5fae\u7eb3\u76ae\u98de", "userReviewDate": "29\u5206\u949f\u524d", "userURL": "https://my.qidian.com/user/230674721", "userReview": "\u5fcd\u4f4f\uff0c\u6211\u4e00\u5b9a\u8981\u5fcd\u4f4f\uff0c\u4e0d\u5c31\u4e00\u4e2a\u661f\u671f\u561b\uff0c\u4e00\u4e2a\u661f\u671f\u8fd8\u517b\u4e0d\u4f4f\uff1f\u73b0\u5728\u624d\u7b2c\u4e00\u5929\uff0c\u4e0d\u770b\uff0c\u4e0d\u770b\uff0c\u4e0d\u770b\uff0c\u6211\u7231"}, {"userName": "\u67ab\u542c\u98ce", "userReviewDate": "32\u5206\u949f\u524d", "userURL": "https://my.qidian.com/user/213317054", "userReview": "\u6742\u5bb6\u5168\u9762\u5c01\u7981\u4e4b\u540e\u6015\u4e0d\u662f\u666f\u56fd\u5e9f\u9664\u6742\u5bb6\u7136\u540e\u521b\u7acb\u653f'\u6cbb\u5bb6"}, {"userName": "\u6211\u6765\u81ea\u6c5f\u6e56666", "userReviewDate": "54\u5206\u949f\u524d", "userURL": "https://my.qidian.com/user/171544510", "userReview": "\u5b58\u4e24\u767e\u591a\u7ae0\u4e86\u3002\u3002\u3002\u3002\u65b9\u8fd0\u4e0d\u5230\u6587\u5b97\u4e0d\u5f00\u5bb0\u3002\u3002\u3002"}, {"userName": "\u7ea2\u8272\u6ce1\u9762", "userReviewDate": "2\u5c0f\u65f6\u524d", "userURL": "https://my.qidian.com/user/222558931", "userReview": "\u7b7e\u5230\u6c34\u7ecf\u9a8c\u3002\u3002\u3002"}, {"userName": "chree", "userReviewDate": "2\u5c0f\u65f6\u524d", "userURL": "https://my.qidian.com/user/5427905", "userReview": "\u7b7e\u5230\u7b7e\u5230\u4e86"}, {"userName": "\u6de1\u6de1de\uff1f", "userReviewDate": "3\u5c0f\u65f6\u524d", "userURL": "https://my.qidian.com/user/199662258", "userReview": "JQKJA"}, {"userName": "\u7a0b\u5e8f\u5c0f\u733f", "userReviewDate": "3\u5c0f\u65f6\u524d", "userURL": "https://my.qidian.com/user/159178946", "userReview": "\u65b9\u8fd0\u6253\u9020\u4e86\u94c1\u6876\u4e00\u822c\u7684\u6c5f\u5c71\u54ea~"}, {"userName": "\u8fe6\u53f6C\u4e36", "userReviewDate": "3\u5c0f\u65f6\u524d", "userURL": "https://my.qidian.com/user/120737273", "userReview": "67890"}, {"userName": "\u8fe6\u53f6C\u4e36", "userReviewDate": "3\u5c0f\u65f6\u524d", "userURL": "https://my.qidian.com/user/120737273", "userReview": "12345"}, {"userName": "\u4f55\u987b\u58a8\u4f5c\u9b42", "userReviewDate": "3\u5c0f\u65f6\u524d", "userURL": "https://my.qidian.com/user/212726401", "userReview": "\u60f3\u76d6\u4e00\u5ea7\u697c\uff0c\u8ba9\u8001\u706b\u77e5\u9053\u867d\u7136\u5f88\u591a\u65f6\u5019\u4ed6\u7684\u94c1\u7c89\u4e0d\u4f1a\u53d1\u8a00\uff0c\u4e5f\u61d2\u5f97\u548c\u4eba\u4e89\u8fa9\uff0c\u4f46\u6211\u4eec\u662f\u5728\u4e00\u76f4\u9ed8\u9ed8\u652f\u6301"}], "description": "\u5fc3\u6f6e\u6f8e\u6e43\uff0c\u65e0\u9650\u5e7b\u60f3\uff0c\u8fce\u98ce\u6325\u51fb\u5343\u5c42\u6d6a\uff0c\u5c11\u5e74\u4e0d\u8d25\u70ed\u8840\uff01", "title": "\u5112\u9053\u81f3\u5723", "url": "https://book.qidian.com/info/3173393", "average": -1.0, "cover": "//qidian.qpic.cn/qdbimg/349573/3173393/180", "reviews": -1, "authors": [{"url": "https://me.qidian.com/authorIndex.aspx?id=4362410", "name": "\u6c38\u6052\u4e4b\u706b"}], "type": ["\u7384\u5e7b", "\u4e1c\u65b9\u7384\u5e7b"], "outlinks": ["https://book.qidian.com/info/3173393", "https://book.qidian.com/info/1010000699", "https://book.qidian.com/info/1010000699", "https://book.qidian.com/info/1009713135", "https://book.qidian.com/info/1009713135", "https://book.qidian.com/info/1009285178", "https://book.qidian.com/info/1009285178", "https://book.qidian.com/info/1010378782", "https://book.qidian.com/info/1010378782", "https://book.qidian.com/info/1010041028", "https://book.qidian.com/info/1010041028", "https://book.qidian.com/info/1010496369", "https://book.qidian.com/info/1010496369", "https://book.qidian.com/info/1011988403", "https://book.qidian.com/info/1009595922", "https://book.qidian.com/info/1011844784", "https://book.qidian.com/info/1011892497", "https://book.qidian.com/info/1011095320", "https://book.qidian.com/info/1011996851", "https://book.qidian.com/info/1011856434", "https://book.qidian.com/info/1011879207", "https://book.qidian.com/info/1011833256", "https://book.qidian.com/info/1011967674"]}