{"ratings": 0.0, "userreviews": [{"userName": "\u82b1\u82b1h", "userReviewDate": "20\u5c0f\u65f6\u524d", "userURL": "https://my.qidian.com/user/199503784", "userReview": "\u65e5\u5e38\u6c42\u4e92\u7c89"}, {"userName": "\u5de6\u8def\u53f3\u8ff7\u79bb", "userReviewDate": "\u6628\u65e510:45", "userURL": "https://my.qidian.com/user/116835063", "userReview": "\u5367\u69fd\u8fd8\u6f0f\u7ae0\uff0c\u6211\u7279\u4e48\u8fd8\u4e70\u4e86\u5168\u672c\uff01\u65e5\uff0c\u6211\u540e\u6765\u4ece\u7f51\u4e0a\u627e\u7684\u76d7\u7248\u90fd\u628a\u6b63\u7248\u6f0f\u7ae0\u8865\u4e0a\u4e86\uff0c\u65e5\u4e86\u72d7\uff0c\u6211\u82b1\u94b1\u770b"}, {"userName": "\u4f9d\u7136\u70ab", "userReviewDate": "\u6628\u65e501:48", "userURL": "https://my.qidian.com/user/215861679", "userReview": "\u5982\u679c\u6211\u518d\u770b\u4f60\u5199\u7684\u5c0f\u8bf4\uff0c\u6211\u5c31\u8349\u6ce5\u9a6c\u3002"}, {"userName": "h\u82b1\u82b1", "userReviewDate": "2018-06-07", "userURL": "https://my.qidian.com/user/176089540", "userReview": "\u65e5\u5e38\u6c42\u4e92\u7c89"}, {"userName": "\u82b1\u82b1h", "userReviewDate": "2018-06-07", "userURL": "https://my.qidian.com/user/199503784", "userReview": "\u65e5\u5e38\u6c42\u4e92\u7c89"}, {"userName": "\u6c5f\u5c71\u6ce5\u7c89", "userReviewDate": "2018-06-07", "userURL": "https://my.qidian.com/user/14875913", "userReview": "\u7b7e\u5230\u4e94\u4e2a\u5b57"}, {"userName": "h\u82b1\u82b1", "userReviewDate": "2018-06-06", "userURL": "https://my.qidian.com/user/176089540", "userReview": "\u65e5\u5e38\u6c42\u4e92\u7c89"}, {"userName": "\u82b1\u82b1h", "userReviewDate": "2018-06-06", "userURL": "https://my.qidian.com/user/199503784", "userReview": "\u65e5\u5e38\u6c42\u4e92\u7c89"}, {"userName": "\u6df1\u591c\u7ffb\u4e66\u4e0d\u89c9\u56f0", "userReviewDate": "2018-06-06", "userURL": "https://my.qidian.com/user/225376354", "userReview": "\u4e00\u672c\u633a\u597d\u7684\u4e66\u600e\u4e48\u5c31\u70c2\u5c3e\u4e86\u3002\u5199\u4e2a\u8fd8\u6709\u540e\u7eed\u7b2c\u4e8c\u90e8\u4e5f\u597d\u3002\u600e\u4e48\u5c31\u8349\u8349\u6536\u7b14\u4e86\uff0c\u8fd8\u671f\u5f85\u7740\u4ed6\u53bb\u8c61\u4eac\u5462\u3002\u8ff7"}, {"userName": "\u82b1\u82b1h", "userReviewDate": "2018-06-05", "userURL": "https://my.qidian.com/user/199503784", "userReview": "\u65e5\u5e38\u6c42\u4e92\u7c89"}, {"userName": "h\u82b1\u82b1", "userReviewDate": "2018-06-05", "userURL": "https://my.qidian.com/user/176089540", "userReview": "\u65e5\u5e38\u6c42\u4e92\u7c89"}, {"userName": "\u82b1\u82b1h", "userReviewDate": "2018-06-04", "userURL": "https://my.qidian.com/user/199503784", "userReview": "\u65e5\u5e38\u6c42\u4e92\u7c89"}, {"userName": "h\u82b1\u82b1", "userReviewDate": "2018-06-04", "userURL": "https://my.qidian.com/user/176089540", "userReview": "\u65e5\u5e38\u6c42\u4e92\u7c89"}, {"userName": "\u82b1\u82b1h", "userReviewDate": "2018-06-03", "userURL": "https://my.qidian.com/user/199503784", "userReview": "\u65e5\u5e38\u6c42\u4e92\u7c89"}], "description": "\u5f20\u541b\u5b9d\u6700\u65b0\u529b\u4f5c\uff0c\u591a\u91cd\u4eba\u683c\u89c9\u9192\uff0c\u6210\u4e3a\u5168\u80fd\u5c11\u5e74\uff0c\u5f88\u6709\u521b\u610f\u7684\u5c0f\u8bf4", "title": "\u5143\u6c14\u5c11\u5e74", "url": "https://book.qidian.com/info/1003698462", "average": -1.0, "cover": "//qidian.qpic.cn/qdbimg/349573/1003698462/180", "reviews": -1, "authors": [{"url": "https://me.qidian.com/authorIndex.aspx?id=4490440", "name": "\u5f20\u541b\u5b9d"}], "type": ["\u90fd\u5e02", "\u90fd\u5e02\u751f\u6d3b"], "outlinks": ["https://book.qidian.com/info/1003698462", "https://book.qidian.com/info/1010908372", "https://book.qidian.com/info/1010908372", "https://book.qidian.com/info/1010781736", "https://book.qidian.com/info/1010781736", "https://book.qidian.com/info/1010635740", "https://book.qidian.com/info/1010635740", "https://book.qidian.com/info/1010474842", "https://book.qidian.com/info/1010474842", "https://book.qidian.com/info/1009526658", "https://book.qidian.com/info/1009526658", "https://book.qidian.com/info/1010674217", "https://book.qidian.com/info/1010674217", "https://book.qidian.com/info/135713", "https://book.qidian.com/info/135713", "https://book.qidian.com/info/180916", "https://book.qidian.com/info/180916", "https://book.qidian.com/info/1565903", "https://book.qidian.com/info/1565903", "https://book.qidian.com/info/1011932150", "https://book.qidian.com/info/1012029544", "https://book.qidian.com/info/1012015699", "https://book.qidian.com/info/1012018201", "https://book.qidian.com/info/1011879101", "https://book.qidian.com/info/1011790606", "https://book.qidian.com/info/1011971435", "https://book.qidian.com/info/1009695534", "https://book.qidian.com/info/1011890878", "https://book.qidian.com/info/1010537314"]}