{"ratings": 0.0, "userreviews": [{"userName": "\u5c71\u5c45\u5251\u5f71", "userReviewDate": "2018-05-25", "userURL": "https://my.qidian.com/user/224470812", "userReview": "\u4e3b\u89d2\u662f\u59dc\u6052\uff01\u542c\u8bf4\u6709\u4e9b\u8bfb\u8005\u5728\u7b2c\u4e00\u7ae0\u5206\u4e0d\u6e05\u4e3b\u89d2\u662f\u8c01[fn=20]"}, {"userName": "ah95ieet", "userReviewDate": "9\u5c0f\u65f6\u524d", "userURL": "https://my.qidian.com/user/196789055", "userReview": "\u672c\u6765\u5c31\u662f\u8349\u6839\u8981\u52c7\u4e8e\u53c2\u4e0e\u4e4b\u4e2d\u3002\u597d\u4e66\u5c31\u662f\u8981\u9876\u9876\u8fd8\u6709\u3002\u7fa4\u529b\u53e3\u2026\u2026\u3010\u5c14\u3001\u3001\u7075\uff0c\u5df4\uff0c \u671f\uff0c\uff0c\u30cf\u3002\u8d30\uff1b"}, {"userName": "\u5415\u5929\u867e13253", "userReviewDate": "22\u5c0f\u65f6\u524d", "userURL": "https://my.qidian.com/user/316277085", "userReview": "\u9a6c\u6709\u5fb7\u7b7e\u5230\u6765\u8fc7\u7b49\u66f4"}, {"userName": "\u6c11\u65cf\u5468\u5929", "userReviewDate": "2018-06-06", "userURL": "https://my.qidian.com/user/312809905", "userReview": "\u4e0d\u66f4\u4e86\uff1f\uff1f\uff1f"}, {"userName": "\u6c11\u65cf\u5468\u5929", "userReviewDate": "2018-06-06", "userURL": "https://my.qidian.com/user/312809905", "userReview": "\u795e\u9a6c\u60c5\u51b5\uff1f\uff1f\uff1f\uff1f"}, {"userName": "\u6c11\u65cf\u5468\u5929", "userReviewDate": "2018-06-04", "userURL": "https://my.qidian.com/user/312809905", "userReview": "\u4eca\u5929\u4e0d\u66f4\u5417"}, {"userName": "\u6c11\u65cf\u5468\u5929", "userReviewDate": "2018-06-04", "userURL": "https://my.qidian.com/user/312809905", "userReview": "\u52a0\u6cb9  \u4e0d\u8981\u653e\u5f03"}, {"userName": "\u5c71\u5c45\u5251\u5f71", "userReviewDate": "2018-06-03", "userURL": "https://my.qidian.com/user/224470812", "userReview": "\u5f88\u6c14\uff01\u81ea\u5df1\u6253\u8d4f\u81ea\u5df1\u4e00\u6ce2\uff01"}, {"userName": "\u5c71\u5c45\u5251\u5f71", "userReviewDate": "2018-06-03", "userURL": "https://my.qidian.com/user/224470812", "userReview": "\u6c42\u8bc4\u8bba\uff01\u6c42\u6536\u85cf\uff01555~\uff01"}, {"userName": "\u5f69\u971exiajie", "userReviewDate": "2018-05-31", "userURL": "https://my.qidian.com/user/140475071", "userReview": "\u7537\u4e3b\u6765\u8fd9\u8fb9\u600e\u4e48\u5c31\u662f\u4e1c\u901b\u897f\u901b\uff0c\u600e\u4e48\u90fd\u6ca1\u6709\u4fee\u70bc\u554a"}, {"userName": "\u518d\u89c1\u7e41\u82b1\u8840\u666f", "userReviewDate": "2018-05-31", "userURL": "https://my.qidian.com/user/169642481", "userReview": "\u59dc\u6052\u73b0\u5728\u662f\u81ea\u5df1\u5728\u4fee\u70bc\uff0c\u6ca1\u6709\u548c\u522b\u4eba\u8fdb\u884c\u5bf9\u6bd4\uff0c\u6240\u4ee5\u4ed6\u4e0d\u77e5\u9053\u81ea\u5df1\u7684\u5b9e\u529b\u6709\u591a\u5f3a\u608d"}, {"userName": "\u8ba4\u771f\u590d\u4e60", "userReviewDate": "2018-05-30", "userURL": "https://my.qidian.com/user/110935277", "userReview": "\u7537\u4e3b\u8fd8\u771f\u662f\u957f\u5728\u6df1\u5c71\u6ca1\u6709\u89c1\u8fc7\u4e16\u9762\uff0c\u8fd9\u4e0a\u54c1\u8d27\u4e5f\u80fd\u5f53\u4e0b\u54c1\u8d27\u4f7f\u7528\u554a"}, {"userName": "KJ\u9f99\u98ce", "userReviewDate": "2018-05-30", "userURL": "https://my.qidian.com/user/102247690", "userReview": "\u594b\u6597\u5427\uff0c\u9a9a\u5e74\uff0c\u4f60\u8981\u597d\u597d\u52a0\u6cb9\uff0c\u5148\u5929\u4e0d\u8db3\u5c31\u8981\u7528\u540e\u5929\u6765\u5f25\u8865"}, {"userName": "\u82cf\u6728\u9752\u9633", "userReviewDate": "2018-05-29", "userURL": "https://my.qidian.com/user/105222703", "userReview": "\u770b\u6765\u548c\u7537\u4e3b\u4eb2\u8fd1\u7684\u4e24\u4e2a\u5973\u7968\u90fd\u5f88\u5f3a\u554a\uff0c\u8fd9\u662f\u8981\u4e0a\u6f14\u4e00\u573a\u5973\u5f3a\u7537\u5f31\u7684\u620f\u7801\u554a"}], "description": "\u30102018\u8d77\u70b9\u4ed9\u4fa0\u6d41\u6d3e\u5f81\u6587\u3011\u53c2\u8d5b\u4f5c\u54c1", "title": "\u5143\u795e\u95ee\u9053", "url": "https://book.qidian.com/info/1011942995", "average": -1.0, "cover": "//qidian.qpic.cn/qdbimg/349573/1011942995/180", "reviews": -1, "authors": [{"url": "https://me.qidian.com/authorIndex.aspx?id=401455712", "name": "\u5c71\u5c45\u5251\u5f71"}], "type": ["\u4ed9\u4fa0", "\u53e4\u5178\u4ed9\u4fa0"], "outlinks": ["https://book.qidian.com/info/1011942995", "https://book.qidian.com/info/1009631704", "https://book.qidian.com/info/1009631704", "https://book.qidian.com/info/1009854468", "https://book.qidian.com/info/1009854468", "https://book.qidian.com/info/1003521360", "https://book.qidian.com/info/1003521360", "https://book.qidian.com/info/1003802803", "https://book.qidian.com/info/1003802803", "https://book.qidian.com/info/1010399782", "https://book.qidian.com/info/1010399782", "https://book.qidian.com/info/1004133955", "https://book.qidian.com/info/1004133955", "https://book.qidian.com/info/1010327039", "https://book.qidian.com/info/1012016027", "https://book.qidian.com/info/1011630501", "https://book.qidian.com/info/1012010192", "https://book.qidian.com/info/1011834598", "https://book.qidian.com/info/1011672705", "https://book.qidian.com/info/1011966835", "https://book.qidian.com/info/1011940680", "https://book.qidian.com/info/1011491390", "https://book.qidian.com/info/1011995376"]}