{"ratings": 0.0, "userreviews": [{"userName": "\u52ab\u9556\u65d7", "userReviewDate": "2018-06-01", "userURL": "https://my.qidian.com/user/224966983", "userReview": "\u6211\u53d1\u73b0\u6b7b\u795e444\u4e66\u5355  \u8d5e\u6bd4\u7816\u591a\u7684\u82b1\u8bdd\u90fd\u662f\u597d\u4e66[fn=8][fn=8][fn=8]"}, {"userName": "\u65e0\u6daf\u865a\u7a7a", "userReviewDate": "2018-05-31", "userURL": "https://my.qidian.com/user/215775082", "userReview": "\u6740\u4e86\u90a3\u4e48\u591a\u9e70\u8eab\u4eba\u2026\u8fd8\u60f3\u8ba9\u522b\u4eba\u670d\u4ece\u4f60\u2026\u8fd9\u4e0d\u662f\u6e38\u620f\u554a\u2026"}, {"userName": "\u795e\u65e0\u6708\uff0e", "userReviewDate": "2018-05-29", "userURL": "https://my.qidian.com/user/134931082", "userReview": "overload7\u6708\u7b2c\u4e09\u5b63    \u8bdd\u8bf4\u8fd9\u672c\u4e66\u771f\u7684\u501f\u4e86\u9aa8\u738b\u7684\u4e16\u754c\u89c2\uff1f\u53c8\u6709\u51e0\u5206\u76f8\u4f3c\uff1f   \u770b\u8fc7"}, {"userName": "\u7279\u522b\u6f02\u4eae\u53c8\u53ef\u7231\u4e66\u53cb", "userReviewDate": "2018-05-08", "userURL": "https://my.qidian.com/user/202765842", "userReview": "\u8fd9\u672c\u4e66\u521a\u5f00\u59cb\u6211\u5c31\u53d1\u73b0\u5f88\u50cf\u4e00\u90e8\u65e5\u672c\u7684\u52a8\u753b\uff0c\u679c\u7136\uff0c\u52a8\u753b\u65b0\u4e00\u5b63\u6ca1\u66f4\u65b0\uff0c\u8fd9\u8fb9\u5c31\u5b8c\u7ed3\u4e86\u3002"}, {"userName": "\u65e7\u68a6\u8650\u5fc3\uff1f\uff1f", "userReviewDate": "2018-04-17", "userURL": "https://my.qidian.com/user/199908975", "userReview": "\u6211\u89c9\u5f97\u633a\u4e0d\u9519\u7684\uff0c\u6709\u4e9b\u4e8b\u603b\u662f\u8981\u4e00\u6ce2\u4e09\u6298\u7684\uff0c\u600e\u4e48\u53ef\u80fd\u4e8b\u4e8b\u5982\u610f\u5462\uff1f\u6211\u5c31\u559c\u6b22\u8fd9\u6837\u3002"}, {"userName": "\u4e5d\u547d\u7684\u9b3c", "userReviewDate": "2018-01-27", "userURL": "https://my.qidian.com/user/215415921", "userReview": "\u56e0\u4e3a\u96f7gay\u6765\u770b"}, {"userName": "Hot\u738b\u5c11", "userReviewDate": "2017-11-24", "userURL": "https://my.qidian.com/user/209557857", "userReview": "\u7b7e\u5230\u697c\uff0c\u76d6\u697c"}, {"userName": "\u6253\u4e0d\u6b7b\u53cd\u6d3e", "userReviewDate": "2017-11-07", "userURL": "https://my.qidian.com/user/308666217", "userReview": "overload\uff0c\u8d85\u559c\u6b22\u7684\u8f7b\u5c0f\u8bf4\uff0c\u9876\u9876\u9876"}, {"userName": "\u865a\u4e4b\u5b64", "userReviewDate": "2017-11-04", "userURL": "https://my.qidian.com/user/215209536", "userReview": "\u5b8c\u7ed3 \u6b63\u5e38\u7684  \u5f00\u5c40 \u9876\u7ea7\u7684\u52bf\u529b \u4e4b\u540e\u968f\u968f\u4fbf\u4fbf\u7684\u73a9\u800d\u5c31\u7ed3\u675f\u4e86 \u6b63\u5e38\u7684 "}, {"userName": "\u51a5\u738b\u7279\u5de5", "userReviewDate": "2017-10-18", "userURL": "https://my.qidian.com/user/309472140", "userReview": "\u6211\u6765\u5192\u4e2a\u6ce1\uff01\u6c42\u5173\u6ce8\uff01"}, {"userName": "\u8f6c\u77ac\u5373\u901d\u800c\u53c8\u523b\u82e6\u94ed\u5fc3", "userReviewDate": "2017-10-17", "userURL": "https://my.qidian.com/user/228707544", "userReview": "\u65e0\u5948\uff0c\u5c45\u7136\u5c31\u8fd9\u4e48\u5b8c\u7ed3\u4e86\u2026\u2026"}, {"userName": "Clown\u5df2\u5b58\u5728", "userReviewDate": "2017-10-16", "userURL": "https://my.qidian.com/user/229758049", "userReview": "\u8fd9\u7ed3\u5c3e\uff0c\u8ba9\u6211\u6b32\u8a00\u53c8\u6b62"}, {"userName": "\u82cd\u9b42\u65e0\u68a6", "userReviewDate": "2017-10-12", "userURL": "https://my.qidian.com/user/213551778", "userReview": "\u6211\u53bb\u8fd9\u5c31\u5b8c\u4e86\uff1f"}, {"userName": "\u4e09\u5929\u4e24\u89c9cjy", "userReviewDate": "2017-10-12", "userURL": "https://my.qidian.com/user/213416443", "userReview": "\u4e0d\u6b7b\u8005\u4e4b\u738b"}], "description": "\u8086\u610f\u6325\u6d12\u6fc0\u60c5\u7684\u6e38\u620f\u4eba\u751f\uff0c\u6253\u7834\u73b0\u5b9e\u6846\u67b6\u7684\u65e0\u5c3d\u5e7b\u60f3\uff01", "title": "\u5143\u7d20\u4e4b\u738b", "url": "https://book.qidian.com/info/1008295082", "average": -1.0, "cover": "//qidian.qpic.cn/qdbimg/349573/1008295082/180", "reviews": -1, "authors": [{"url": "https://me.qidian.com/authorIndex.aspx?id=3651357", "name": "\u9752\u6da9\u82cd\u7a79"}], "type": ["\u6e38\u620f", "\u6e38\u620f\u5f02\u754c"], "outlinks": ["https://book.qidian.com/info/1008295082", "https://book.qidian.com/info/1010860381", "https://book.qidian.com/info/1010860381", "https://book.qidian.com/info/1010822153", "https://book.qidian.com/info/1010822153", "https://book.qidian.com/info/1010945706", "https://book.qidian.com/info/1010945706", "https://book.qidian.com/info/1010799373", "https://book.qidian.com/info/1010799373", "https://book.qidian.com/info/1010799024", "https://book.qidian.com/info/1010799024", "https://book.qidian.com/info/1010922231", "https://book.qidian.com/info/1010922231", "https://book.qidian.com/info/3032348", "https://book.qidian.com/info/3032348", "https://book.qidian.com/info/3560112", "https://book.qidian.com/info/3560112", "https://book.qidian.com/info/1001442426", "https://book.qidian.com/info/1001442426", "https://book.qidian.com/info/1005197704", "https://book.qidian.com/info/1005197704", "https://book.qidian.com/info/1010535744", "https://book.qidian.com/info/1010535744", "https://book.qidian.com/info/1012138052", "https://book.qidian.com/info/1012138052", "https://book.qidian.com/info/1011944539", "https://book.qidian.com/info/1011967882", "https://book.qidian.com/info/1011856614", "https://book.qidian.com/info/1011979301", "https://book.qidian.com/info/1010667415", "https://book.qidian.com/info/1011736169", "https://book.qidian.com/info/1011797289", "https://book.qidian.com/info/1011808514", "https://book.qidian.com/info/1011901619", "https://book.qidian.com/info/1011962316"]}