{"ratings": 0.0, "userreviews": [{"userName": "\u6211\u60f3\u4f60\u662f\u7231\u6211\u7684", "userReviewDate": "2\u5c0f\u65f6\u524d", "userURL": "https://my.qidian.com/user/2529238", "userReview": "\u4ece\u4eca\u5929\u5f00\u59cb\uff0c\u6bcf\u592913\u63a8\u8350\u7968\u90fd\u7ed9\u4f60\uff0c\u53ea\u6c42\u5feb\u66f4"}, {"userName": "\u6211\u60f3\u4f60\u662f\u7231\u6211\u7684", "userReviewDate": "2\u5c0f\u65f6\u524d", "userURL": "https://my.qidian.com/user/2529238", "userReview": "\u5feb\u66f4\u5feb\u66f4\u65b0"}, {"userName": "\u4e07\u5e74\u8f93\u866b", "userReviewDate": "3\u5c0f\u65f6\u524d", "userURL": "https://my.qidian.com/user/218686177", "userReview": "\u7b7e\u5230\u2026\u2026\u2026"}, {"userName": "\u4e66\u53cb20180426122806334", "userReviewDate": "3\u5c0f\u65f6\u524d", "userURL": "https://my.qidian.com/user/316047533", "userReview": "\u5148\u62a5\u4e2a\u5230\uff0c"}, {"userName": "\u9ed1\u4e2d\u7559\u767d", "userReviewDate": "3\u5c0f\u65f6\u524d", "userURL": "https://my.qidian.com/user/227397407", "userReview": "\u7b7e\u5230\u4e94\u4e2a\u5b57"}, {"userName": "\u51ed\u680f\u6c5f\u96ea", "userReviewDate": "13\u5c0f\u65f6\u524d", "userURL": "https://my.qidian.com/user/209810995", "userReview": "\u6362\u5c01\u9762\u4e86\u54df\uff0c\u8fd9\u6b21\u5c01\u9762\u4e00\u74f6\u53d1\u6012\u70b9"}, {"userName": "\u8fb0\u827a\u6f6e", "userReviewDate": "14\u5c0f\u65f6\u524d", "userURL": "https://my.qidian.com/user/307675415", "userReview": "\u80f8\u85cf\u6587\u58a8\u865a\u82e5\u8c37 \u8179\u6709\u8bd7\u4e66\u6c14\u81ea\u534e"}, {"userName": "\u738b\u5d07\u6d0b", "userReviewDate": "16\u5c0f\u65f6\u524d", "userURL": "https://my.qidian.com/user/168720841", "userReview": "\u4e09\u597d\u7238\u7238\uff0c\u53ef\u4ee5\u4e00\u5929\u4e8c\u66f4\uff1f"}, {"userName": "\u8776\u7fbd\u4eac\u90fd", "userReviewDate": "16\u5c0f\u65f6\u524d", "userURL": "https://my.qidian.com/user/5034588", "userReview": "\u517b\u7740\u5427\uff0c\u660e\u5e74\u770b!"}, {"userName": "\u80cc\u53db\u795e\u7684\u5929\u4f7f", "userReviewDate": "20\u5c0f\u65f6\u524d", "userURL": "https://my.qidian.com/user/1487557", "userReview": "\u5200\u4e00\u66f4\u80fd\u6539\u6210\u5200\u5341\u66f4\u5c31\u597d\u4e86"}, {"userName": "\u9c7c\u5927\u4fa066666", "userReviewDate": "24\u5c0f\u65f6\u524d", "userURL": "https://my.qidian.com/user/219017135", "userReview": "\u8def\u8fc7\u4e00\u4e0b\u554a"}, {"userName": "051419", "userReviewDate": "\u6628\u65e512:57", "userURL": "https://my.qidian.com/user/217345436", "userReview": "\u6bcf\u59294\u5f20\u63a8\u8350\u7968\u652f\u6301\uff0c\u8001\u5200\u52a0\u6cb9\u554a\uff0c\u652f\u6301\u4f60\uff01"}, {"userName": "wudonghui", "userReviewDate": "\u6628\u65e512:45", "userURL": "https://my.qidian.com/user/222094786", "userReview": "\u4e3a\u5565\u4e0d\u80fd\u540e\u5bab\u6587\uff1f\u4e0a\u4e00\u672c\u4e0d\u662f\u51e0\u4e2a\u6027\u606a\u5404\u5f02\u7684\u5973\u4e3b\u80fd\u5927\u706b\uff1f"}, {"userName": "\u5361\u59ae\u96c5", "userReviewDate": "\u6628\u65e510:55", "userURL": "https://my.qidian.com/user/88796", "userReview": "\u4ece\u5b8c\u7f8e\u4eba\u751f\u6765\u7684\u5148\u517b\u7740\u5427\u592a\u5c11"}], "description": "\u5fc3\u6f6e\u6f8e\u6e43\uff0c\u65e0\u9650\u5e7b\u60f3\uff0c\u8fce\u98ce\u6325\u51fb\u5343\u5c42\u6d6a\uff0c\u5c11\u5e74\u4e0d\u8d25\u70ed\u8840\uff01", "title": "\u5143\u72e9", "url": "https://book.qidian.com/info/1012122911", "average": -1.0, "cover": "//qidian.qpic.cn/qdbimg/349573/1012122911/180", "reviews": -1, "authors": [{"url": "https://me.qidian.com/authorIndex.aspx?id=4609396", "name": "\u5200\u4e00\u8015"}], "type": ["\u7384\u5e7b", "\u4e1c\u65b9\u7384\u5e7b"], "outlinks": ["https://book.qidian.com/info/1012122911", "https://book.qidian.com/info/1004608738", "https://book.qidian.com/info/1004608738", "https://book.qidian.com/info/1010496369", "https://book.qidian.com/info/1010496369", "https://book.qidian.com/info/3347595", "https://book.qidian.com/info/3347595", "https://book.qidian.com/info/1004179514", "https://book.qidian.com/info/1004179514", "https://book.qidian.com/info/1003306811", "https://book.qidian.com/info/1003306811", "https://book.qidian.com/info/1009704712", "https://book.qidian.com/info/1009704712", "https://book.qidian.com/info/3516230", "https://book.qidian.com/info/3516230", "https://book.qidian.com/info/1011988403", "https://book.qidian.com/info/1009595922", "https://book.qidian.com/info/1011844784", "https://book.qidian.com/info/1011892497", "https://book.qidian.com/info/1011095320", "https://book.qidian.com/info/1011996851", "https://book.qidian.com/info/1011856434", "https://book.qidian.com/info/1011879207", "https://book.qidian.com/info/1011833256", "https://book.qidian.com/info/1011967674"]}