{"ratings": 0.0, "userreviews": [{"userName": "lcl\u4e00\u8def\u6709\u4f60", "userReviewDate": "6\u5206\u949f\u524d", "userURL": "https://my.qidian.com/user/231527388", "userReview": "\u770b\u4e86\u4e00\u4e2a\u591a\u5c0f\u65f6\uff0c\u4e00\u76f4\u5728\u5f53\u72d7\u3002\u9664\u4e86\u9762\u9996\u6709\u51fa\u8def\u5417\uff1f\u9a7e\u9a6d\u4e0d\u4e86\u5c31\u522b\u5199\u8fd9\u79cd\u8111\u6b8b\u51fa\u8eab\uff0c\u4e5f\u4e0d\u662f\u79d1\u6280\u6587\u3002"}, {"userName": "\u9003\u79bb\u90a3\u4e2a\u5730\u7403", "userReviewDate": "4\u5c0f\u65f6\u524d", "userURL": "https://my.qidian.com/user/301944247", "userReview": "\u3000\u795e\u63a2\u72c4\u4ec1\u6770\u6b66\u529f\u6392\u540d\uff08\u4f9b\u4f5c\u8005\u53c2\u8003\uff09\u3000\u3000\u3000\u3000\u9876\u7ea7\uff1a\u674e\u5143\u82b3\u3001\u5143\u9f50\u3001\u867a\u6587\u5fe0\u3001\u864e\u656c\u6656\u3001\u4e4c\u52d2\u8d28\u3001\u8840\u7075"}, {"userName": "\u4e34\u6c5f\u5bd2\u67f3", "userReviewDate": "6\u5c0f\u65f6\u524d", "userURL": "https://my.qidian.com/user/225039909", "userReview": "\u8def\u8fc7\uff0c\u4f5c\u8005\u541b\u52a0\u6cb9"}, {"userName": "\u8def\u8fc7\u4f60\u54ac\u6211", "userReviewDate": "6\u5c0f\u65f6\u524d", "userURL": "https://my.qidian.com/user/221472360", "userReview": "\u63d0\u4e2a\u5c0f\u610f\u89c1 \u4f5c\u4e3a\u5927\u86c7\u7075\u7684\u6740\u4eba \u600e\u4e48\u53ef\u4ee5\u4e0d\u7a7f\u7d2b\u8272\u8863\u670d\u5462 \u5dee\u8bc4"}, {"userName": "sjjdiejnj", "userReviewDate": "12\u5c0f\u65f6\u524d", "userURL": "https://my.qidian.com/user/229834616", "userReview": "\u4e0d\u9519\u7684\u4e66\uff0c\u4f46\u6211\u60f3\u95ee\u4e00\u4e0b\u4f5c\u8005\uff0c\u5230\u73b0\u5728\u4e3a\u6b62\uff0c\u4e00\u76f4\u90fd\u4e0d\u89c9\u5f97\u5185\u5bb9\u4e0e\u4e66\u540d\u7b26\u5408\uff0c\u9664\u975e\u4e3b\u89d2\u5c31\u662f\u65e5\u540e\u7684\u674e\u5143"}, {"userName": "\u6700\u70e6\u7687\u6c49\u7f51\u6c11", "userReviewDate": "14\u5c0f\u65f6\u524d", "userURL": "https://my.qidian.com/user/307507206", "userReview": "\u4f5c\u8005\u8ba9\u4e3b\u89d2\u641e\u5973\u540e\u554a\uff0c\u5230\u65f6\u5019\u548c\u5979\u73a9sm\uff0c\u5973\u4eba\u7231\u72d7\u72d7\uff0c\u5728\u59d8\u5934\u8f6ep\uff0c\u60f3\u60f360,70\u5feb\u6b7b\u7684\u8001\u592a\u5a46\u88ab"}, {"userName": "\u5c3c\u53e4\u4e01\u6587\u5b57", "userReviewDate": "19\u5c0f\u65f6\u524d", "userURL": "https://my.qidian.com/user/221906405", "userReview": "\u4f5c\u8005\u5927\u5927\uff0c\u6709\u7fa4\u5417\uff1f\uff1f\uff1f"}, {"userName": "Thiee", "userReviewDate": "19\u5c0f\u65f6\u524d", "userURL": "https://my.qidian.com/user/192348179", "userReview": "\u559c\u6b22\u6709\u70b9\u6fc0\u60c5 \u9634\u6697 \u8ba1\u8c0b\u7684  \n"}, {"userName": "\u732b\u4e5d\u559c\u6b22\u9c7c\u4e03", "userReviewDate": "2018-06-07", "userURL": "https://my.qidian.com/user/212584715", "userReview": " \u7b7e\u5230\u6c34\u7ecf\u9a8c"}, {"userName": "\u7231\u5403\u6708\u7ecf\u6ce1\u996d", "userReviewDate": "2018-06-06", "userURL": "https://my.qidian.com/user/187895223", "userReview": "\u542c\u8bf4\u6709\u8f66\u9707\u6811\u9707\u6211\u5c31\u6765\u4e86\uff0c\u540e\u9762\u6709\u8239\u9707\u5417"}, {"userName": "bai\u6495\u4e0d\u5f97\u9a91\u59d0", "userReviewDate": "2018-06-06", "userURL": "https://my.qidian.com/user/216423674", "userReview": "\u8fd9\u4e2a\u53ef\u4ee5\u6709\uff0c\u6bd5\u7adf\u662f\u4e00\u4ee3\u5973\u7687\u5417"}, {"userName": "\u732b\u4e5d\u559c\u6b22\u9c7c\u4e03", "userReviewDate": "2018-06-06", "userURL": "https://my.qidian.com/user/212584715", "userReview": "\u7b7e\u5230\u6c34\u7ecf\u9a8c"}, {"userName": "\u9003\u79bb\u90a3\u4e2a\u5730\u7403", "userReviewDate": "2018-06-06", "userURL": "https://my.qidian.com/user/301944247", "userReview": "\u5bf9\u4e86\uff0c\u4e0a\u6b21\u8fd8\u6f0f\u4e86\u4e00\u4e2a\u9526\u5a18\uff0c\u8fd9\u4e2a\u4e00\u5b9a\u8981\u6536\u554a\uff01"}, {"userName": "\u91cc\u9f9a\u5148\u751f", "userReviewDate": "2018-06-06", "userURL": "https://my.qidian.com/user/105189892", "userReview": "\u77ed\u5c0f\u65e0\u529b\u2026\u2026\u2026\u2026\uff01"}], "description": "\u9192\u638c\u5929\u4e0b\u6743\uff0c\u9189\u5367\u7f8e\u4eba\u819d\uff0c\u4e94\u5343\u5e74\u98ce\u534e\u70df\u96e8\uff0c\u662f\u975e\u6210\u8d25\u8f6c\u5934\u7a7a\uff01", "title": "\u5143\u82b3\uff0c\u4f60\u600e\u4e48\u770b", "url": "https://book.qidian.com/info/1011938530", "average": -1.0, "cover": "//qidian.qpic.cn/qdbimg/349573/1011938530/180", "reviews": -1, "authors": [{"url": "https://me.qidian.com/authorIndex.aspx?id=10650542", "name": "\u8288\u9ecd\u79bb"}], "type": ["\u5386\u53f2", "\u67b6\u7a7a\u5386\u53f2"], "outlinks": ["https://book.qidian.com/info/1011938530", "https://book.qidian.com/info/1010504939", "https://book.qidian.com/info/1010504939", "https://book.qidian.com/info/1010017789", "https://book.qidian.com/info/1010017789", "https://book.qidian.com/info/3688742", "https://book.qidian.com/info/3688742", "https://book.qidian.com/info/1004893582", "https://book.qidian.com/info/1004893582", "https://book.qidian.com/info/1004588586", "https://book.qidian.com/info/1004588586", "https://book.qidian.com/info/1004984009", "https://book.qidian.com/info/1004984009", "https://book.qidian.com/info/1009279621", "https://book.qidian.com/info/1009279621", "https://book.qidian.com/info/1011800596", "https://book.qidian.com/info/1010891668", "https://book.qidian.com/info/1011773910", "https://book.qidian.com/info/1011783347", "https://book.qidian.com/info/1011643843", "https://book.qidian.com/info/1011476924", "https://book.qidian.com/info/1011635441", "https://book.qidian.com/info/1009999928", "https://book.qidian.com/info/1006932473", "https://book.qidian.com/info/1005080011"]}