{"ratings": 0.0, "userreviews": [{"userName": "\u4eba\u5728\u5c71\u8c37", "userReviewDate": "14\u5c0f\u65f6\u524d", "userURL": "https://my.qidian.com/user/307980075", "userReview": "\u7b7e\u5230   "}, {"userName": "\u4eba\u5728\u5c71\u8c37", "userReviewDate": "\u6628\u65e505:09", "userURL": "https://my.qidian.com/user/307980075", "userReview": "\u7b7e\u5230   "}, {"userName": "\u4eba\u5728\u5c71\u8c37", "userReviewDate": "\u6628\u65e503:10", "userURL": "https://my.qidian.com/user/307980075", "userReview": "\u7b7e\u5230   "}, {"userName": "\u4eba\u5728\u5c71\u8c37", "userReviewDate": "2018-06-06", "userURL": "https://my.qidian.com/user/307980075", "userReview": "\u7b7e\u5230   "}, {"userName": "\u4eba\u5728\u5c71\u8c37", "userReviewDate": "2018-06-05", "userURL": "https://my.qidian.com/user/307980075", "userReview": "\u7b7e\u5230   "}, {"userName": "\u4eba\u5728\u5c71\u8c37", "userReviewDate": "2018-06-04", "userURL": "https://my.qidian.com/user/307980075", "userReview": "\u7b7e\u5230   "}, {"userName": "\u4eba\u5728\u5c71\u8c37", "userReviewDate": "2018-06-03", "userURL": "https://my.qidian.com/user/307980075", "userReview": "\u7b7e\u5230   "}, {"userName": "\u4eba\u5728\u5c71\u8c37", "userReviewDate": "2018-06-02", "userURL": "https://my.qidian.com/user/307980075", "userReview": "\u7b7e\u5230   "}, {"userName": "\u68a6\u5e7b\u4e2d\u7684\u5929\u97f3", "userReviewDate": "2018-06-01", "userURL": "https://my.qidian.com/user/210690483", "userReview": "\u606d\u559c\u4f5c\u8005\u6210\u529f\u592a\u76d1\u2026\u2026\u554a\u5478\u662f\u7b2c\u4e00\u5377\u5b8c\u672c\uff0c\u671f\u5f85\u65b0\u4e66\uff0c\u52a0\u6cb9\uff01"}, {"userName": "\u4eba\u5728\u5c71\u8c37", "userReviewDate": "2018-06-01", "userURL": "https://my.qidian.com/user/307980075", "userReview": "\u7b7e\u5230   "}, {"userName": "\u4eba\u5728\u5c71\u8c37", "userReviewDate": "2018-05-31", "userURL": "https://my.qidian.com/user/307980075", "userReview": "\u7b7e\u5230   "}, {"userName": "\u4eba\u5728\u5c71\u8c37", "userReviewDate": "2018-05-30", "userURL": "https://my.qidian.com/user/307980075", "userReview": "\u7b7e\u5230   "}, {"userName": "\u9f99\u7fd4\u5347\u817e", "userReviewDate": "2018-05-29", "userURL": "https://my.qidian.com/user/225451153", "userReview": "\u7b7e\u5230\u652f\u6301\u4e0b"}, {"userName": "lwee", "userReviewDate": "2018-05-29", "userURL": "https://my.qidian.com/user/213403900", "userReview": "\u6253\u4e86\u51e0\u5343\u5e74\u7684\u4e08\uff0c\u4f1a\u4e00\u70b9\u8fdb\u6b65\u4e5f\u6ca1\u6709\uff1f\u90a3\u4e48\u591a\u4e2a\u56fd\u5bb6\u6df7\u6218\u4e86\u51e0\u5343\u5e74\uff0c\u8fd8\u662f\u53ea\u77e5\u9053\u51b2\u950b\u64a4\u9000\uff1f\u5c31\u7b97\u662f\u767d\u75f4"}], "description": "\u9b54\u517d\u8df5\u8e0f\uff0c\u5de8\u9f99\u5486\u54ee\uff0c\u5deb\u5e08\u8bc5\u5492\uff0c\u9b54\u6cd5\u7480\u74a8\u4e4b\u5149\u7167\u8000\u77e5\u8bc6\u706f\u5854\uff01", "title": "\u5143\u9a91\u58eb", "url": "https://book.qidian.com/info/1011082620", "average": -1.0, "cover": "//qidian.qpic.cn/qdbimg/349573/1011082620/180", "reviews": -1, "authors": [{"url": "https://me.qidian.com/authorIndex.aspx?id=400161415", "name": "LV1\u674e\u7ef4"}], "type": ["\u5947\u5e7b", "\u53f2\u8bd7\u5947\u5e7b"], "outlinks": ["https://book.qidian.com/info/1011082620", "https://book.qidian.com/info/1011062865", "https://book.qidian.com/info/1011062865", "https://book.qidian.com/info/1010201379", "https://book.qidian.com/info/1010201379", "https://book.qidian.com/info/1009309660", "https://book.qidian.com/info/1009309660", "https://book.qidian.com/info/1009647903", "https://book.qidian.com/info/1009647903", "https://book.qidian.com/info/1010741169", "https://book.qidian.com/info/1010741169", "https://book.qidian.com/info/1009719184", "https://book.qidian.com/info/1009719184", "https://book.qidian.com/info/1011194349", "https://book.qidian.com/info/1011966445", "https://book.qidian.com/info/1011923635", "https://book.qidian.com/info/1011996030", "https://book.qidian.com/info/1011894816", "https://book.qidian.com/info/1011954628", "https://book.qidian.com/info/1011324769", "https://book.qidian.com/info/1005209240", "https://book.qidian.com/info/1011806768", "https://book.qidian.com/info/1011417251"]}