{"ratings": 0.0, "userreviews": [], "description": "\u91cd\u751f\u82b1\u6837\u5e74\u534e\uff0c\u73a9\u8f6c\u5e02\u4e95\u8c6a\u95e8\uff0c\u643a\u624b\u9006\u88ad\u4eba\u751f\uff0c\u5171\u63fd\u4e00\u4e16\u98ce\u4e91\uff01", "title": "\u5148\u5a5a\u540e\u7231\uff1a\u8001\u5a46\uff0c\u4e0d\u79bb\u5a5a", "url": "https://book.qidian.com/info/3355340", "average": -1.0, "cover": "//qidian.qpic.cn/qdbimg/349573/3355340/180", "reviews": -1, "authors": [{"url": "https://me.qidian.com/authorIndex.aspx?id=7715914", "name": "\u4e54\u9ea6"}], "type": ["\u73b0\u4ee3\u8a00\u60c5", "\u90fd\u5e02\u751f\u6d3b"], "outlinks": ["https:https://book.qidian.com/info/1011421405?qd_game_key=1011421405&qd_dd_p1=11272", "https://book.qidian.com/info/3355340", "https://book.qidian.com/info/3481178", "https://book.qidian.com/info/3481178", "https://book.qidian.com/info/3360125", "https://book.qidian.com/info/3360125", "https://book.qidian.com/info/3354558", "https://book.qidian.com/info/3354558", "https://book.qidian.com/info/3443007", "https://book.qidian.com/info/3443007", "https://book.qidian.com/info/3611769", "https://book.qidian.com/info/3611769", "https://book.qidian.com/info/3377818", "https://book.qidian.com/info/3377818", "https://book.qidian.com/info/3360125", "https://book.qidian.com/info/3360125", "https://book.qidian.com/info/3481178", "https://book.qidian.com/info/3481178", "https://book.qidian.com/info/1004952029", "https://book.qidian.com/info/1004952029", "https://book.qidian.com/info/1011398840", "https://book.qidian.com/info/1011398840", "https://book.qidian.com/info/1009042280", "https://book.qidian.com/info/1009626115", "https://book.qidian.com/info/1010737445", "https://book.qidian.com/info/1012015372", "https://book.qidian.com/info/1005059261", "https://book.qidian.com/info/1011899546", "https://book.qidian.com/info/1011717868", "https://book.qidian.com/info/1009904779", "https://book.qidian.com/info/1011200502", "https://book.qidian.com/info/1011634310"]}