{"ratings": 0.0, "userreviews": [{"userName": "\u4e66\u53cb20170102013927985", "userReviewDate": "2018-06-07", "userURL": "https://my.qidian.com/user/227642893", "userReview": "\u6ca1\u4eba\u5417\uff1f\u6211\u8bd5\u4e0b\u6bd2\u5427"}, {"userName": "\u5361\u8428\u5150", "userReviewDate": "2018-06-03", "userURL": "https://my.qidian.com/user/215852195", "userReview": "\u6c99\u53d1 \u6709\u7ecf\u9a8c\u5417"}], "description": "\u3010\u7f51\u6587\u4e4b\u738b\u7384\u5e7b\u201cBOSS\u6d41\u201d\u5f81\u6587\u3011\u53c2\u8d5b\u4f5c\u54c1", "title": "\u5148\u5929\u6b66\u795e", "url": "https://book.qidian.com/info/1011865685", "average": -1.0, "cover": "//qidian.qpic.cn/qdbimg/349573/1011865685/180", "reviews": -1, "authors": [{"url": "https://me.qidian.com/authorIndex.aspx?id=402314317", "name": "\u89c2\u51f0"}], "type": ["\u7384\u5e7b", "\u4e1c\u65b9\u7384\u5e7b"], "outlinks": ["https://book.qidian.com/info/1011865685", "https://book.qidian.com/info/1010450940", "https://book.qidian.com/info/1010450940", "https://book.qidian.com/info/1011075308", "https://book.qidian.com/info/1011075308", "https://book.qidian.com/info/1010280375", "https://book.qidian.com/info/1010280375", "https://book.qidian.com/info/1003905713", "https://book.qidian.com/info/1003905713", "https://book.qidian.com/info/1009281077", "https://book.qidian.com/info/1009281077", "https://book.qidian.com/info/3690449", "https://book.qidian.com/info/3690449", "https://book.qidian.com/info/1011988403", "https://book.qidian.com/info/1009595922", "https://book.qidian.com/info/1011844784", "https://book.qidian.com/info/1011892497", "https://book.qidian.com/info/1011095320", "https://book.qidian.com/info/1011996851", "https://book.qidian.com/info/1011856434", "https://book.qidian.com/info/1011879207", "https://book.qidian.com/info/1011833256", "https://book.qidian.com/info/1011967674"]}