{"ratings": 0.0, "userreviews": [{"userName": "\u4e66\u53cb20180326144848286", "userReviewDate": "2018-06-06", "userURL": "https://my.qidian.com/user/315078840", "userReview": "\u4e00\u4e2a\u61d2\u60f0\u5c11\u5e74\uff0c\u56e0\u4e3a\u6027\u683c\u539f\u56e0\u9009\u5b66\u4e86\u65e0\u4eba\u95ee\u6d25\u7684\u5149\u7cfb\u9b54\u6cd5\uff0c\u65e0\u610f\u4e2d\u7adf\u8fdb\u5316\u51fa\u8c22\u5e7f\u9cb2\uff01\uff01"}, {"userName": "\u7d2b\u7fbd\u68a6\u4f9d", "userReviewDate": "2018-06-06", "userURL": "https://my.qidian.com/user/122657941", "userReview": "\u5982\u679c\u6211\u6ca1\u8bb0\u9519\u7684\u8bdd\u8fd9\u662f\u4e09\u5c11\u7684\u7b2c\u4e00\u672c\u4e66\uff0c\u4e8b\u5b9e\u4e0a\u6211\u5148\u770b\u7684\u72c2\u795e\u7136\u540e\u662f\u7a7a\u901f\u661f\u75d5\uff0c\u540e\u6765\u5c31\u662f\u5584\u826f\u7684\u6b7b\u795e\u5566"}, {"userName": "mabing34", "userReviewDate": "2018-05-31", "userURL": "https://my.qidian.com/user/5117685", "userReview": "\u770b\u89c1\u8fd9\u4e2a\u540d\u5b57\uff0c\u7a81\u7136\u60f3\u8d77\u4e86\u4e00\u672c\u53d8\u8eab\u5c0f\u8bf4\uff0c\u597d\u50cf\u662f\u5019\u8865\u5723\u5973\uff0c\u5e94\u8be5\u662f\u3002"}, {"userName": "\u7b11\u610f\u4fee", "userReviewDate": "2018-05-29", "userURL": "https://my.qidian.com/user/202306016", "userReview": "\u6211\u4eba\u751f\u7684\u7b2c\u4e00\u672c\u5c0f\u8bf4\uff0c\u8c22\u8c22"}, {"userName": "\u5be5\u96e8\u8fb0", "userReviewDate": "2018-05-26", "userURL": "https://my.qidian.com/user/228918613", "userReview": "\u8c22\u8c22\u4e09\u5c11\u7684\u5e7d\u9ed8\u98ce\u683c"}, {"userName": "\u4e66\u53cb20171115202606321", "userReviewDate": "2018-05-26", "userURL": "https://my.qidian.com/user/310664167", "userReview": "\u7b7e\u5230     "}, {"userName": "\u9ed1\u8272\u9340\u5e7d\u9ed8", "userReviewDate": "2018-05-25", "userURL": "https://my.qidian.com/user/309675509", "userReview": "\u8fd9\u672c\u4e66\u662f\u6211\u770b\u7684\u4e09\u5c11\u7b2c\u4e00\u672c\u4e66\uff0c\u7136\u540e\u5c31\u5165\u5751\u4e86\uff01[fn=12][fn=12]"}, {"userName": "\u4e66\u53cb20180419215522216", "userReviewDate": "2018-05-19", "userURL": "https://my.qidian.com/user/315840107", "userReview": "\u7b7e\u5230\u4e86    "}, {"userName": "\u5bd2\u7a79\u6ca7\u6708", "userReviewDate": "2018-05-13", "userURL": "https://my.qidian.com/user/227208638", "userReview": "\u6211\u5728\u60f3\u4ec0\u4e48\u65f6\u5019\u5149\u4e4b\u5b50\u4e5f\u6539\u6210\u6f2b\u753b\u554a\uff1f"}, {"userName": "\u5b88\u671b\u5c41\u5c41", "userReviewDate": "2018-05-12", "userURL": "https://my.qidian.com/user/220017763", "userReview": "\u79c0\u5e08\u6e38\u5386\u8fbe\u8def\u56fd\uff0c\u4e66\u672c\u5b8c\u7ed3\u4e5f\u672a\u5f52\uff0c\u4e09\u5c11\u4f55\u65f6\u586b\u5927\u5751\uff0c\u5706\u6211\u8bfb\u8005\u5b8c\u4e66\u68a6\u3002"}, {"userName": "\u7b28\u86cb\u522b\u5acc\u6d3b\u592a\u7d2f", "userReviewDate": "2018-05-11", "userURL": "https://my.qidian.com/user/211181913", "userReview": "\u4e00\u672c\u5584\u826f\u7684\u6b7b\u795e\uff0c\u8ff7\u5012\u4e86\u5168\u73ed\u540c\u5b66\uff0c\u8001\u5e08\uff0c\u8fd8\u6709\u6211\u7684\u5988\u5988\u3002\u3002"}, {"userName": "\u5c0fCV", "userReviewDate": "2018-05-03", "userURL": "https://my.qidian.com/user/307308376", "userReview": "\u7b7e\u5230\u4e00\u4e0b[fn=4]"}, {"userName": "\u6893\u7b26", "userReviewDate": "2018-05-02", "userURL": "https://my.qidian.com/user/150567605", "userReview": "\u4e07\u4e07\u6ca1\u60f3\u5230\uff0c\u5927\u795e\u5f88\u4e45\u4ee5\u524d\u7684\u4f5c\u54c1\u8fd9\u4e48\u840c\u2026\u2026"}, {"userName": "\u5b5f\u79cb\u8fdf", "userReviewDate": "2018-05-02", "userURL": "https://my.qidian.com/user/118034688", "userReview": "\u600e\u4e48\u4f60\u7684\u4e66\u8001\u662f\u4e0a\u5b66\u5462\uff1f"}], "description": "\u9b54\u517d\u8df5\u8e0f\uff0c\u5de8\u9f99\u5486\u54ee\uff0c\u5deb\u5e08\u8bc5\u5492\uff0c\u9b54\u6cd5\u7480\u74a8\u4e4b\u5149\u7167\u8000\u77e5\u8bc6\u706f\u5854\uff01", "title": "\u5149\u4e4b\u5b50", "url": "https://book.qidian.com/info/8361", "average": -1.0, "cover": "//qidian.qpic.cn/qdbimg/349573/8361/180", "reviews": -1, "authors": [{"url": "https://me.qidian.com/authorIndex.aspx?id=4921", "name": "\u5510\u5bb6\u4e09\u5c11"}], "type": ["\u5947\u5e7b", "\u73b0\u4ee3\u9b54\u6cd5"], "outlinks": ["https://book.qidian.com/info/8361", "https://book.qidian.com/info/1010685191", "https://book.qidian.com/info/1010685191", "https://book.qidian.com/info/1004834548", "https://book.qidian.com/info/1004834548", "https://book.qidian.com/info/1010204993", "https://book.qidian.com/info/1010204993", "https://book.qidian.com/info/1009390583", "https://book.qidian.com/info/1009390583", "https://book.qidian.com/info/1004600098", "https://book.qidian.com/info/1004600098", "https://book.qidian.com/info/1010829475", "https://book.qidian.com/info/1010829475", "https://book.qidian.com/info/23813", "https://book.qidian.com/info/23813", "https://book.qidian.com/info/26423", "https://book.qidian.com/info/26423", "https://book.qidian.com/info/40717", "https://book.qidian.com/info/40717", "https://book.qidian.com/info/53885", "https://book.qidian.com/info/53885", "https://book.qidian.com/info/70705", "https://book.qidian.com/info/70705", "https://book.qidian.com/info/101839", "https://book.qidian.com/info/101839", "https://book.qidian.com/info/173050", "https://book.qidian.com/info/173050", "https://book.qidian.com/info/1115277", "https://book.qidian.com/info/1115277", "https://book.qidian.com/info/1436015", "https://book.qidian.com/info/1436015", "https://book.qidian.com/info/1777445", "https://book.qidian.com/info/1777445", "https://book.qidian.com/info/2162767", "https://book.qidian.com/info/2162767", "https://book.qidian.com/info/2517792", "https://book.qidian.com/info/2517792", "https://book.qidian.com/info/3354701", "https://book.qidian.com/info/3354701", "https://book.qidian.com/info/3450647", "https://book.qidian.com/info/3450647", "https://book.qidian.com/info/3681560", "https://book.qidian.com/info/3681560", "https://book.qidian.com/info/1011194349", "https://book.qidian.com/info/1011966445", "https://book.qidian.com/info/1011923635", "https://book.qidian.com/info/1011996030", "https://book.qidian.com/info/1011894816", "https://book.qidian.com/info/1011954628", "https://book.qidian.com/info/1011324769", "https://book.qidian.com/info/1005209240", "https://book.qidian.com/info/1011806768", "https://book.qidian.com/info/1011417251"]}