{"ratings": 0.0, "userreviews": [{"userName": "\u7b14\u5ff5\u82cd\u751f", "userReviewDate": "2018-05-19", "userURL": "https://my.qidian.com/user/219743791", "userReview": "\u5927\u5bb6\u5e0c\u671b\u62cd\u4ec0\u4e48\u7535\u5f71\uff0c\u51fa\u73b0\u4ec0\u4e48\u89d2\u8272\uff0c\u5267\u60c5\u600e\u4e48\u53d1\u5c55\uff0c\u90fd\u53ef\u4ee5\u5728\u8fd9\u4e2a\u5e16\u5b50\u4e0a\u7559\u8a00\u54e6\uff0c\u5982\u679c\u6709\u4ec0\u4e48\u6bd2\u70b9\uff0c"}, {"userName": "\u5415\u5929\u867e4664", "userReviewDate": "2018-06-07", "userURL": "https://my.qidian.com/user/313430989", "userReview": "\u52a0\u6cb9\u66f4\u65b0\u54e6\u3002"}, {"userName": "\u4e66\u53cb20170520110956160", "userReviewDate": "2018-06-07", "userURL": "https://my.qidian.com/user/302028446", "userReview": "\u52a0\u6cb9\uff0c\u652f\u6301\u4f60"}, {"userName": "\u98ce\u96e8\u7231\u534e", "userReviewDate": "2018-06-06", "userURL": "https://my.qidian.com/user/216522416", "userReview": "\u679c\u7136\u53ea\u6709\u534e\u5a31\u4e0a\u53e4\u5e74\u4ee3\u624d\u80fd\u6d3b\u5440\n"}, {"userName": "CQ\u4eae", "userReviewDate": "2018-06-06", "userURL": "https://my.qidian.com/user/218543535", "userReview": "449\u5230450\uff0c\u611f\u89c9\u6709\u70b9\u8df3\uff0c\u4e0d\u662f\u8fd8\u5728\u91d1\u9e21\uff0c\u4e00\u4e0b\u5c31\u8df3\u5230\u7535\u5f71\u624b\u673a"}, {"userName": "\u56db\u5c11\u7237\u9738\u7231\u9177\u516c\u4e3b", "userReviewDate": "2018-06-06", "userURL": "https://my.qidian.com/user/218761199", "userReview": "\u4f60\u8fd9\u70ed\u5ea6\u8e6d\u7684\uff0c\u591f\u53ef\u4ee5\u7684\u3002"}, {"userName": "\u6620\u6708\u82b1\u6ee1\u697c", "userReviewDate": "2018-06-01", "userURL": "https://my.qidian.com/user/196061843", "userReview": "\u5509\u9ad8\u8003\u5c31\u4e0d\u80fd\u6b63\u5e38\u70b9\u5417\uff1f\u6211\u603b\u89c9\u5f97\u54ea\u4e2a\u9ad8\u8003\u6ee1\u5206\u72b6\u5143\u8111\u5b50\u6709\u5751\u624d\u4f1a\u53bb\u5b66\u8868\u6f14\u554a\uff1f"}, {"userName": "\u56db\u5c11\u7237\u9738\u7231\u9177\u516c\u4e3b", "userReviewDate": "2018-05-29", "userURL": "https://my.qidian.com/user/218761199", "userReview": "\u534e\u5a31\u4e4b\u5149\u5f71\u65f6\u4ee3\u7b2c\u4e03\u5341\u7ae0\u5c31\u662f\u4f60\u6284\u88ad\u4f60\u7684\u5c0f\u8bf4\u540d\u5b57\u90fd\u6ca1\u6362\u3002\u6709\u7a7a\u4f60\u53ef\u4ee5\u770b\u770b\u3002"}, {"userName": "\u75c5\u6bd21976", "userReviewDate": "2018-05-28", "userURL": "https://my.qidian.com/user/159425888", "userReview": "\u770b\u4e86\u51e0\u7ae0\uff0c\u4e3b\u89d2\u505a\u6f14\u5458\u554a\uff0c\u56fd\u5185\u6f14\u5458\u51fa\u5934\u7684\u6709\u51e0\u4e2a\uff1f\u8fd8\u53d7\u5236\u4e8e\u5404\u65b9\u2026\u2026\u518d\u770b\u770b\u5982\u4eca\uff0c\u6709\u51e0\u4e2a\u6f14\u5458\u4ece\u4e00\u800c"}, {"userName": "\u56db\u5c11\u7237\u9738\u7231\u9177\u516c\u4e3b", "userReviewDate": "2018-05-28", "userURL": "https://my.qidian.com/user/218761199", "userReview": "\u6709\u4eba\u6284\u88ad\u4f60\u7684\u5c0f\u8bf4"}, {"userName": "\u6de1\u6de1\u7684\u96fe1993", "userReviewDate": "2018-05-28", "userURL": "https://my.qidian.com/user/132350590", "userReview": "\u4e0d\u592a\u61c2\u7535\u5f71\u7968\u623f\u600e\u4e48\u8bb0\u7684\uff0c\u4e0d\u8fc7\u6211\u8fd9\u8fb9\u7535\u5f71\u96623D\u5927\u7247\u5f80\u5f80\u680780\uff5e100\u5757\uff0c\u4f46\u5b9e\u9645\u53ea\u4e7040\u5757\uff08\u5373"}, {"userName": "CQ\u4eae", "userReviewDate": "2018-05-27", "userURL": "https://my.qidian.com/user/218543535", "userReview": "\u53ea\u8981\u4f5c\u8005\u80fd\u7a33\u5b9a\u66f4\u65b0\uff0c\u4e00\u5207\u90fd\u597d\u8bf4"}, {"userName": "CQ\u4eae", "userReviewDate": "2018-05-27", "userURL": "https://my.qidian.com/user/218543535", "userReview": "\u5c31\u6765\u4e00\u7ae0\u554a\uff1f"}, {"userName": "\u6fef\u5b87", "userReviewDate": "2018-05-25", "userURL": "https://my.qidian.com/user/3809227", "userReview": "RT\u3002\u3002\u3002\u3002\u3002\u3002\u3002"}], "description": "\u91cd\u751f\u8fc7\u53bb\u3001\u7545\u60f3\u672a\u6765\u3001\u68a6\u5e7b\u73b0\u5b9e\uff0c\u518d\u5851\u4f20\u5947\u4eba\u751f\uff01", "title": "\u5149\u5f71\u98ce\u534e", "url": "https://book.qidian.com/info/1009510529", "average": -1.0, "cover": "//qidian.qpic.cn/qdbimg/349573/1009510529/180", "reviews": -1, "authors": [{"url": "https://me.qidian.com/authorIndex.aspx?id=7694397", "name": "\u7b14\u5ff5\u82cd\u751f"}], "type": ["\u90fd\u5e02", "\u5a31\u4e50\u660e\u661f"], "outlinks": ["https://book.qidian.com/info/1009510529", "https://book.qidian.com/info/1005279520", "https://book.qidian.com/info/1005279520", "https://book.qidian.com/info/1010770013", "https://book.qidian.com/info/1010770013", "https://book.qidian.com/info/1010953410", "https://book.qidian.com/info/1010953410", "https://book.qidian.com/info/1010939411", "https://book.qidian.com/info/1010939411", "https://book.qidian.com/info/1010442026", "https://book.qidian.com/info/1010442026", "https://book.qidian.com/info/1009505713", "https://book.qidian.com/info/1009505713", "https://book.qidian.com/info/1003657376", "https://book.qidian.com/info/1003657376", "https://book.qidian.com/info/1011932150", "https://book.qidian.com/info/1012029544", "https://book.qidian.com/info/1012015699", "https://book.qidian.com/info/1012018201", "https://book.qidian.com/info/1011879101", "https://book.qidian.com/info/1011790606", "https://book.qidian.com/info/1011971435", "https://book.qidian.com/info/1009695534", "https://book.qidian.com/info/1011890878", "https://book.qidian.com/info/1010537314"]}