{"ratings": 0.0, "userreviews": [{"userName": "\u6cd5\u5b9d\u4e0d\u8981\u94b1", "userReviewDate": "2018-06-07", "userURL": "https://my.qidian.com/user/104512441", "userReview": "\u7b7e\u5230\u697c\u3002\u3002\u3002\u3002\u4e00\u697c\u5341\u5e01\uff0c\u767e\u697c\u4e00\u7ed3\uff0c\u5343\u697c\u5c01\u9876"}, {"userName": "0\u57c3\u7f57\u8292\u963f0", "userReviewDate": "2018-05-11", "userURL": "https://my.qidian.com/user/213037193", "userReview": "\u5efa\u4e00\u6ce2\u697c\uff5e\u4e00\u697c10\u5e01\uff0c\u767e\u697c\u7ed3\u5343\u697c\u6b62\u52a0\u6cb9\u554a\u54b8\u9c7c\u4f5c\u8005"}, {"userName": "\u6613\u4f24\u79cb\u8005", "userReviewDate": "2018-05-11", "userURL": "https://my.qidian.com/user/211924941", "userReview": "\u6b22\u8fce\u5927\u5bb6\u6307\u51fa\u5173\u4e8e\u672c\u4e66\u7684\u5267\u60c5\u95ee\u9898\u548c\u7ec6\u8282bug\uff0c\u5f53\u7136\u4e3a\u4e86\u5c0a\u4e25\uff08\u5077\u61d2\uff09\uff0c\u6211\u4f1a\u5148\u4ea4\u6d89\uff08\u53e3\u80e1\uff09\u4e00\u6ce2\uff0c"}, {"userName": "\u897f\u65af\u5bb6\u65cf", "userReviewDate": "4\u5c0f\u65f6\u524d", "userURL": "https://my.qidian.com/user/200267000", "userReview": "\u611f\u89c9\u4e3b\u89d2\u7684\u7279\u70b9\u5c31\u662f\uff1a\u667a\u5546\u4e0d\u591f\uff0c\u76f4\u89c9\u6765\u51d1\u3002\u5c5e\u6027\u4e0d\u9ad8\uff0c\u5f00\u6302\u7206\u5c5e\u6027\u3002\u4f24\u5bb3\u592a\u4f4e\uff0c\u591a\u6765\u51e0\u53ea\u624b\uff0c\u7136\u540e\u4e00"}, {"userName": "0\u76db\u590f\u7684\u5269\u4e0b0", "userReviewDate": "12\u5c0f\u65f6\u524d", "userURL": "https://my.qidian.com/user/202655226", "userReview": "\u5927\u5c0f\u81ea\u5982+\u5343\u53d8\u4e07\u5316+\u91d1\u521a\u4e0d\u574f=\u516b\u4e5d\u7384\u529f\uff1f"}, {"userName": "xsn1996", "userReviewDate": "15\u5c0f\u65f6\u524d", "userURL": "https://my.qidian.com/user/211273113", "userReview": "\u7b3c\u7edf\u7684\u8bf4\u4e00\u53e5\uff0c\u4e0d\u4f1a\u5f00\u8f66\u7684\u53f8\u673a\u90fd\u4e0d\u662f\u597d\u4f5c\u8005\uff0c\u6211\u5bf9\u4f5c\u8005\u5bf9\u6495\u88c2\u6d41\u522b\u51fa\u5fc3\u88c1\u7684\u4f7f\u7528\u65b9\u5f0f\u8868\u793a\u4f69\u670d\uff01"}, {"userName": "\u897f\u65af\u5bb6\u65cf", "userReviewDate": "16\u5c0f\u65f6\u524d", "userURL": "https://my.qidian.com/user/200267000", "userReview": "\u4e3b\u89d2\u8fd9\u7b49\u7ea7\u548c\u5c5e\u6027\u4e13\u957f\uff0c\u4f60\u544a\u8bc9\u6211\u4ed6\u8fd8\u6ca1\u6709\u5341\u7ea7\uff1f"}, {"userName": "\u8d3e\u4e0d\u4e88", "userReviewDate": "21\u5c0f\u65f6\u524d", "userURL": "https://my.qidian.com/user/301188199", "userReview": "\u3010\u795e\u8bdd\u3011\u600e\u4e48\u53ef\u80fd\u6392\u5728\u3010\u4f20\u8bf4\u3011\u548c\u3010\u53f2\u8bd7\u3011\u4e0b\u9762\u5462\uff1f\u6bd4\u5982\u8bf4\uff1a\u8bf8\u845b\u4eae\u662f\u8700\u56fd\u4e1e\u76f8\u2014\u2014\u53f2\u8bd7\u3002\u8bf8\u845b\u4eae\u4e0d\u4ec5"}, {"userName": "\u51b0\u5c01\u5c38\u754c", "userReviewDate": "21\u5c0f\u65f6\u524d", "userURL": "https://my.qidian.com/user/123994745", "userReview": "1\u7c7365\uff1f"}, {"userName": "\u4e09\u8bfb", "userReviewDate": "\u6628\u65e510:42", "userURL": "https://my.qidian.com/user/70231", "userReview": "\u7b7e\u5230\u6c34\u7ecf\u9a8c"}, {"userName": "\u5723\u6bbf\u9a91\u58eb\u65af\u5df4\u8fbe", "userReviewDate": "2018-06-07", "userURL": "https://my.qidian.com/user/10211762", "userReview": "\u6240\u4ee5\uff0c\u5341\u7ea7\u4ee5\u540e\u8fdb\u9636\u6cfd\u65af\u4fee\u58eb\u5417?\u7075\u80fd\u548c\u547d\u8fd0\u90fd\u6709\u4e86"}, {"userName": "\u897f\u65af\u5bb6\u65cf", "userReviewDate": "2018-06-07", "userURL": "https://my.qidian.com/user/200267000", "userReview": "\u4f5c\u8005\u5bf9\u4e8e\u8d85\u51e1\u611f\u77e5\u7684\u60f3\u6cd5\u662f\u4ec0\u4e48\u6837\u5b50\u7684\uff0c\u6709\u6ca1\u6709\u5927\u4f6c\u9884\u6d4b\u4e00\u6ce2\uff0c\u611f\u89c9\u60f3\u82df\u7684\u8bdd\uff0c\u9009\u6b7b\u4ea1\u9884\u77e5\u548c\u547d\u8fd0\uff0c\u60f3"}, {"userName": "\u4e09\u8bfb", "userReviewDate": "2018-06-07", "userURL": "https://my.qidian.com/user/70231", "userReview": "\u53d1\u5e16\u4e3a\u4e86\u7b7e\u5230"}, {"userName": "\u90aa\u6076\u4f4e\u8bed", "userReviewDate": "2018-06-07", "userURL": "https://my.qidian.com/user/139516476", "userReview": "\u6211\u60f3\u77e5\u9053\u8fd9\u5c0f\u8bf4\u6709\u4e3b\u7ebf\u4e48\uff0c\u5929\u5929\u6253\u672cpk\uff0c\u6ca1\u770b\u61c2\u5267\u60c5"}], "description": "\u8086\u610f\u6325\u6d12\u6fc0\u60c5\u7684\u6e38\u620f\u4eba\u751f\uff0c\u6253\u7834\u73b0\u5b9e\u6846\u67b6\u7684\u65e0\u5c3d\u5e7b\u60f3\uff01", "title": "\u5149\u5934\u6b66\u50e7\u5728\u90fd\u5e02", "url": "https://book.qidian.com/info/1011159802", "average": -1.0, "cover": "//qidian.qpic.cn/qdbimg/349573/1011159802/180", "reviews": -1, "authors": [{"url": "https://me.qidian.com/authorIndex.aspx?id=10407730", "name": "\u6613\u4f24\u79cb\u8005"}], "type": ["\u6e38\u620f", "\u6e38\u620f\u5f02\u754c"], "outlinks": ["https://book.qidian.com/info/1011159802", "https://book.qidian.com/info/1006286506", "https://book.qidian.com/info/1006286506", "https://book.qidian.com/info/1010503417", "https://book.qidian.com/info/1010503417", "https://book.qidian.com/info/1010773789", "https://book.qidian.com/info/1010773789", "https://book.qidian.com/info/1009372563", "https://book.qidian.com/info/1009372563", "https://book.qidian.com/info/1009812197", "https://book.qidian.com/info/1009812197", "https://book.qidian.com/info/1010319878", "https://book.qidian.com/info/1010319878", "https://book.qidian.com/info/1005240898", "https://book.qidian.com/info/1005240898", "https://book.qidian.com/info/1011944539", "https://book.qidian.com/info/1011967882", "https://book.qidian.com/info/1011856614", "https://book.qidian.com/info/1011979301", "https://book.qidian.com/info/1010667415", "https://book.qidian.com/info/1011736169", "https://book.qidian.com/info/1011797289", "https://book.qidian.com/info/1011808514", "https://book.qidian.com/info/1011901619", "https://book.qidian.com/info/1011962316"]}