{"ratings": 0.0, "userreviews": [{"userName": "\u4e28\u706cSoul\u4e36\u6b87\u795e", "userReviewDate": "2017-12-08", "userURL": "https://my.qidian.com/user/105063760", "userReview": "\u5b8c\u672c\u7eaa\u5ff5\uff01\u65b0\u4e66\u4e0d\u79bb\u4e0d\u5f03\uff01"}, {"userName": "\u5929\u9f99\u5fa1\u9b54\u7ecf", "userReviewDate": "2017-12-08", "userURL": "https://my.qidian.com/user/153572235", "userReview": "\u4e49\u6c14\u65e0\u53cc\u8840\u732a\u5934\uff01\u5149\u660e\u7eaa\u5143\u7ea2\u5929\u4e0b\uff01\u7eb5\u89c2\u5927\u795e\u4eba\u7269\u8fd9\u4e00\u7ea7\uff0c\u8c01\u4eba\u4e49\u6c14\u53ef\u4e0e\u732a\u5934\u76f8\u6bd4\uff1f\u522b\u7684\u4e0d\u8bf4\uff0c\u5355\u5355\u770b"}, {"userName": "\ue816\u83fd\u309d", "userReviewDate": "2017-12-08", "userURL": "https://my.qidian.com/user/148932839", "userReview": "\u4eba\u8bf4\u505a\u732a\u5934\u7c89\u6700\u5e78\u798f\u3002\u4f55\u6765\u5e78\u798f\uff1f\u522b\u4eba\u7206\u53d1\u4e09\u66f4\u3001\u56db\u66f4\uff01\u732a\u5934\u4fdd\u5e95\u56db\u66f4\uff01\u5c0f\u7206\u516b\u66f4\uff01\u5927\u7206\u5341\u4e8c\u66f4\uff1f\u5e78\u798f"}, {"userName": "\u5929\u9f99\u5fa1\u9b54\u7ecf", "userReviewDate": "2017-12-08", "userURL": "https://my.qidian.com/user/153572235", "userReview": "\u771f\u7684\u8840\u4e1d\uff0c\u662f\u5584\u4e8e\u7406\u89e3\u548c\u652f\u6301\u732a\u5934\u7684\u3002\u6211\u662f\u5929\u9f99\u5fa1\u9b54\u7ecf\uff0c\u6211\u662f\u8096\u6069\uff0c\u4f46\u6211\u548c\u4f60\u4eec\u4e00\u6837\uff0c\u6709\u4e00\u4e2a\u5171\u540c\u7684\u540d"}, {"userName": "\u5929\u9f99\u5fa1\u9b54\u7ecf", "userReviewDate": "2015-06-19", "userURL": "https://my.qidian.com/user/153572235", "userReview": "\u4e4c\u4e91\uff0c\u7b3c\u7f69\u7740\u8fd9\u4e2a\u5c0f\u57ce\u7684\u5929\u7a7a\uff01\u72c2\u98ce\uff0c\u97ad\u6253\u7740\u8fd9\u5ea7\u5c0f\u57ce\u7684\u8eaf\u4f53\uff01\u66b4\u96e8\uff0c\u8086\u8650\u7740\u5c0f\u57ce\u7684\u6bcf\u4e00\u89d2\u843d\uff01\u539f\u672c\u5e94"}, {"userName": "\ue816\u83fd\u309d", "userReviewDate": "2015-03-19", "userURL": "https://my.qidian.com/user/148932839", "userReview": "2013-5-21\u3002\u9694\u4e00\u91cd\u5c71\u6c34\uff0c\u4f60\u662f\u6211\u4eca\u751f\u4e0d\u80fd\u9760\u8fd1\u7684\u5f7c\u5cb8\u3002\u5728\u8f6e\u56de\u7684\u77ac\u95f4\uff0c\u4e0d\u5b9a\u6765\u4e16\u8fd8\u505a\u82b1\u6735\uff0c"}, {"userName": "\u5c0f\u674e\uff0f\u8001\u4e18", "userReviewDate": "2015-03-19", "userURL": "https://my.qidian.com/user/159690130", "userReview": "\u5149\u660eTV.***\u524d\u60c5\u56de\u987e\uff1a\u4e0a\u96c6\u4e00\u5343\u56db\u767e\u516d\u5341\u4e8c\u7ae0\uff08\u7a81\u53d1\u4e8b\u4ef6\uff09\u4e4b\u4e2d\uff0c\u6211\u4eec\u8bf4\u5230\u6797\u4e0d\u4e50\u5229\u7528\u5bb6\u65cf\u7977\u6587"}, {"userName": "\u5929\u9f99\u5fa1\u9b54\u7ecf", "userReviewDate": "2015-03-19", "userURL": "https://my.qidian.com/user/153572235", "userReview": "\u6069\uff0c\u6211\u4eec\u6765\u770b\u770b\u732a\u5934\u5728\u5e72\u4ec0\u4e48\u3002\u5f53\u6211\u4eec\u5728\u73a9\u7684\u65f6\u5019\uff0c\u732a\u5934\u5728\u7801\u5b57\uff1b\u5f53\u6211\u4eec\u770b\u4e66\u770b\u5f97\u5f88\u723d\u7684\u65f6\u5019\uff0c\u732a\u5934\u5728"}, {"userName": "\u5929\u9f99\u5fa1\u9b54\u7ecf", "userReviewDate": "2015-03-19", "userURL": "https://my.qidian.com/user/153572235", "userReview": "\u6211\u662f\u4e00\u540d\u8840\u4e1d\uff0c\u8d77\u70b9\u6635\u79f0\u662f\u5929\u9f99\u5fa1\u9b54\u7ecf\uff0c\u670b\u53cb\u4eec\u53eb\u6211\u8096\u6069\uff0c\u4e00\u4e2a\u666e\u666e\u901a\u901a\u7684\u6c49\u5b50\u3002\u7b2c\u4e00\u6b21\u63a5\u89e6\u732a\u5934\u7684\u4e66"}, {"userName": "\u043a\u012bss..\u311a\u00f2\u3072", "userReviewDate": "7\u5c0f\u65f6\u524d", "userURL": "https://my.qidian.com/user/102089938", "userReview": "\u4e8b\u4e0e\u613f\u8fdd\u7684\u4e16\u754c\uff0c\u6211\u4eec\u8981\u5b66\u4f1a\u9006\u6765\u987a\u53d7\u3002[fn=13]"}, {"userName": "\u043a\u012bss..\u311a\u00f2\u3072", "userReviewDate": "\u6628\u65e502:46", "userURL": "https://my.qidian.com/user/102089938", "userReview": "\u6709\u4e9b\u8bdd\uff0c\u8bf4\u7684\u4eba\u52a8\u52a8\u5634\uff0c\u542c\u7684\u4eba\u5374\u52a8\u4e86\u5fc3\u3002[fn=43]"}, {"userName": "\u043a\u012bss..\u311a\u00f2\u3072", "userReviewDate": "2018-06-07", "userURL": "https://my.qidian.com/user/102089938", "userReview": "\u5317\u65b9\u7684\u98ce\u634e\u53bb\u95ee\u5019\uff0c\u56f4\u7089\u6210\u9152\u71ac\u4e00\u573a\u76f8\u9022\u3002[fn=14]"}, {"userName": "\u043a\u012bss..\u311a\u00f2\u3072", "userReviewDate": "2018-06-06", "userURL": "https://my.qidian.com/user/102089938", "userReview": "\u7b49\u6211\u54ea\u5929\u7fc5\u8180\u786c\u4e86\uff0c\u4e00\u5b9a\u5e26\u4f60\u5403\u904d\u5168\u4e16\u754c\u3002[fn=23]"}, {"userName": "\u53d6\u4e2a\u6635\u79f0\u90a3\u4e48\u9ebb\u70e6", "userReviewDate": "2018-06-05", "userURL": "https://my.qidian.com/user/303455504", "userReview": "\u7325\u7410\u7684\u9ed1\u9a74\uff0c\u4e0d\u6b7b\u6842\u82b1\u6811\uff0c\u625b\u7740\u6363\u836f\u68cd\u7684\u5154\u5b50\u3002\u3002\u3002\u3002"}], "description": "\u5fc3\u6f6e\u6f8e\u6e43\uff0c\u65e0\u9650\u5e7b\u60f3\uff0c\u8fce\u98ce\u6325\u51fb\u5343\u5c42\u6d6a\uff0c\u5c11\u5e74\u4e0d\u8d25\u70ed\u8840\uff01", "title": "\u5149\u660e\u7eaa\u5143", "url": "https://book.qidian.com/info/2311686", "average": -1.0, "cover": "//qidian.qpic.cn/qdbimg/349573/2311686/180", "reviews": -1, "authors": [{"url": "https://me.qidian.com/authorIndex.aspx?id=4362118", "name": "\u8840\u7ea2"}], "type": ["\u7384\u5e7b", "\u4e1c\u65b9\u7384\u5e7b"], "outlinks": ["https://book.qidian.com/info/2311686", "https://book.qidian.com/info/1010496369", "https://book.qidian.com/info/1010496369", "https://book.qidian.com/info/1010875768", "https://book.qidian.com/info/1010875768", "https://book.qidian.com/info/1010298084", "https://book.qidian.com/info/1010298084", "https://book.qidian.com/info/2278933", "https://book.qidian.com/info/2278933", "https://book.qidian.com/info/1010000699", "https://book.qidian.com/info/1010000699", "https://book.qidian.com/info/1009601645", "https://book.qidian.com/info/1009601645", "https://book.qidian.com/info/3162", "https://book.qidian.com/info/3162", "https://book.qidian.com/info/4935", "https://book.qidian.com/info/4935", "https://book.qidian.com/info/16699", "https://book.qidian.com/info/16699", "https://book.qidian.com/info/27372", "https://book.qidian.com/info/27372", "https://book.qidian.com/info/1502261", "https://book.qidian.com/info/1502261", "https://book.qidian.com/info/1909465", "https://book.qidian.com/info/1909465", "https://book.qidian.com/info/3094349", "https://book.qidian.com/info/3094349", "https://book.qidian.com/info/3210567", "https://book.qidian.com/info/3210567", "https://book.qidian.com/info/3552978", "https://book.qidian.com/info/3552978", "https://book.qidian.com/info/1005238666", "https://book.qidian.com/info/1005238666", "https://book.qidian.com/info/1011988403", "https://book.qidian.com/info/1009595922", "https://book.qidian.com/info/1011844784", "https://book.qidian.com/info/1011892497", "https://book.qidian.com/info/1011095320", "https://book.qidian.com/info/1011996851", "https://book.qidian.com/info/1011856434", "https://book.qidian.com/info/1011879207", "https://book.qidian.com/info/1011833256", "https://book.qidian.com/info/1011967674"]}