{"ratings": 0.0, "userreviews": [{"userName": "\u5929\u9b54\u8d31\u5723", "userReviewDate": "19\u5206\u949f\u524d", "userURL": "https://my.qidian.com/user/224497851", "userReview": "\u88ab\u732a\u811a\u903c\u7684\u8df3\u697c\u7684\u90a3\u4e2a\u5bcc\u8c6a\u662f\u90a3\u4e2a\uff1f"}, {"userName": "\u908b\u9062\u5927\u738b708", "userReviewDate": "3\u5c0f\u65f6\u524d", "userURL": "https://my.qidian.com/user/314647878", "userReview": "\u8d76\u7d27\u52a0\u66f410\u7ae0\uff0c\u53c8\u670910\u4e07\u6253\u8d4f\u5165\u8d26[fn=5]\u611f\u89c9\u4f5c\u8005\u541b\u6c38\u8fdc\u8fd8\u4e0d\u6e05\u8d26[fn=10]"}, {"userName": "\u6211\u672c\u5e0c\u5937\u5fae", "userReviewDate": "3\u5c0f\u65f6\u524d", "userURL": "https://my.qidian.com/user/219152624", "userReview": "\u6551\u547d\u554a\uff0c\u5624\u5624\u5624\u5165\u7fa4\u7684\u95ee\u9898\u600e\u4e48\u505a\u554a\u554a\uff0c\u5fd8\u8bb0\u4e4b\u524d\u7684\u5267\u60c5\u4e86"}, {"userName": "][p[po[o", "userReviewDate": "4\u5c0f\u65f6\u524d", "userURL": "https://my.qidian.com/user/103711933", "userReview": "\u56e0\u4e3a\u7231\u60c5\uff01"}, {"userName": "\u706c\u4e36\u6708", "userReviewDate": "4\u5c0f\u65f6\u524d", "userURL": "https://my.qidian.com/user/10184627", "userReview": "\u6211\u4e5f\u51b3\u5b9a\u81ea\u5df1\u5efa\u4e2a\u7b7e\u5230\u697c"}, {"userName": "Crazyperson", "userReviewDate": "4\u5c0f\u65f6\u524d", "userURL": "https://my.qidian.com/user/213776056", "userReview": "\u6211\u51b3\u5b9a\u4e86\u9532\u800c\u4e0d\u820d\u7684\u517b\u7740\u3002\u7b49\u5230\u660e\u5e74\u9ad8\u8003\u8003\u5b8c\u3002\u6bcf\u4e2a\u6708\u6253\u8d4f\u4e00\u5757\u94b1(\uffe3\u03b5(#\uffe3)"}, {"userName": "\u8f66\u592a\u86aa", "userReviewDate": "4\u5c0f\u65f6\u524d", "userURL": "https://my.qidian.com/user/314085513", "userReview": "\u4ec0\u4e48\u9b3c\uff0cO_o?\u4e3a\u5565\u4e00\u89c9\u8d77\u6765\uff0c\u8bfb\u8005\u7fa4\u89e3\u6563\u4e86!!!"}, {"userName": "\u9648\u4e30\u6cfd\u5927\u7237\u4e07\u5c81\u554a", "userReviewDate": "4\u5c0f\u65f6\u524d", "userURL": "https://my.qidian.com/user/301622983", "userReview": "\u6211\u611f\u89c9\u4f5c\u8005\u5927\u5927\u8981\u662f\u5199\u6d77\u8d3c\u738b\u540c\u4eba\u5c0f\u8bf4\uff0c\u80af\u5b9a\u4e0d\u6bd4\u6d77\u8d3c\u6cd5\u5178\u5dee\uff0c\u800c\u4e14\u8fd8\u4e0d\u592a\u76d1\uff0c\u66f4\u65b0\u8fd8\u90a3\u4e48\u591a\uff0c\u5c31\u7b97\u4e0d"}, {"userName": "\u79cb\u8d4f\u7e41\u6a31", "userReviewDate": "5\u5c0f\u65f6\u524d", "userURL": "https://my.qidian.com/user/214246964", "userReview": "\u79cb\u8d4f\u7e41\u6a31\u6253\u8d4f\u4e09\u811a\u67b6 50000\u8d77\u70b9\u5e01  \u514b\u65af\u739b\u5e1d\u56fd"}, {"userName": "\u79cb\u8d4f\u7e41\u6a31", "userReviewDate": "5\u5c0f\u65f6\u524d", "userURL": "https://my.qidian.com/user/214246964", "userReview": "\u79cb\u8d4f\u7e41\u6a31\u6253\u8d4f\u4e09\u811a\u67b6 50000\u8d77\u70b9\u5e01  \u514b\u65af\u739b\u5e1d\u56fd"}, {"userName": "\u5403\u53e3\u74dc", "userReviewDate": "5\u5c0f\u65f6\u524d", "userURL": "https://my.qidian.com/user/227026719", "userReview": "\u76d6\u4e2a\u697c\u7b7e\u5230"}, {"userName": "\u9b54\u53d1\u52a9\u7406\u5e08\uff5e\u51af\u58a8\u829d", "userReviewDate": "6\u5c0f\u65f6\u524d", "userURL": "https://my.qidian.com/user/191797412", "userReview": "\u7b2c\u4e00\u6b21\u8fd9\u4e48\u505a!\u4e00\u5e01\u5341\u697c\u5343\u697c\u5c01\u9876\u6c42\u5c04\u7cbe"}, {"userName": "\u6708\u5bd2\u65e5\u6696\u714e\u4eba\u5bff", "userReviewDate": "6\u5c0f\u65f6\u524d", "userURL": "https://my.qidian.com/user/306253385", "userReview": "\u91cd\u65b0\u76d6\u697c\uff0c\u4e00\u697c\u5341\u5e01\u5343\u697c\u5c01\u9876\uff0c\u4f5c\u8005\u52a0\u4e2a\u7cbe\u5457\u3002"}, {"userName": "cienaga", "userReviewDate": "6\u5c0f\u65f6\u524d", "userURL": "https://my.qidian.com/user/312083152", "userReview": "\u7b2c\u4e00\u6b21\u8fd9\u4e48\u505a\uff01\u4e00\u697c\u5341\u5e01\u5343\u697c\u5c01\u9876\u6c42\u52a0\u7cbe"}], "description": "\u9b54\u517d\u8df5\u8e0f\uff0c\u5de8\u9f99\u5486\u54ee\uff0c\u5deb\u5e08\u8bc5\u5492\uff0c\u9b54\u6cd5\u7480\u74a8\u4e4b\u5149\u7167\u8000\u77e5\u8bc6\u706f\u5854\uff01", "title": "\u514b\u65af\u739b\u5e1d\u56fd", "url": "https://book.qidian.com/info/1011034776", "average": -1.0, "cover": "//qidian.qpic.cn/qdbimg/349573/1011034776/180", "reviews": -1, "authors": [{"url": "https://me.qidian.com/authorIndex.aspx?id=4954280", "name": "\u4e09\u811a\u67b6"}], "type": ["\u5947\u5e7b", "\u53f2\u8bd7\u5947\u5e7b"], "outlinks": ["https://book.qidian.com/info/1011034776", "https://book.qidian.com/info/1009309660", "https://book.qidian.com/info/1009309660", "https://book.qidian.com/info/1009719184", "https://book.qidian.com/info/1009719184", "https://book.qidian.com/info/1009711525", "https://book.qidian.com/info/1009711525", "https://book.qidian.com/info/1009647903", "https://book.qidian.com/info/1009647903", "https://book.qidian.com/info/1010454141", "https://book.qidian.com/info/1010454141", "https://book.qidian.com/info/1010179339", "https://book.qidian.com/info/1010179339", "https://book.qidian.com/info/3633197", "https://book.qidian.com/info/3633197", "https://book.qidian.com/info/1001776616", "https://book.qidian.com/info/1001776616", "https://book.qidian.com/info/1004173440", "https://book.qidian.com/info/1004173440", "https://book.qidian.com/info/1011194349", "https://book.qidian.com/info/1011966445", "https://book.qidian.com/info/1011923635", "https://book.qidian.com/info/1011996030", "https://book.qidian.com/info/1011894816", "https://book.qidian.com/info/1011954628", "https://book.qidian.com/info/1011324769", "https://book.qidian.com/info/1005209240", "https://book.qidian.com/info/1011806768", "https://book.qidian.com/info/1011417251"]}