{"ratings": 0.0, "userreviews": [{"userName": "Crazy\u66b4\u541b", "userReviewDate": "2\u5c0f\u65f6\u524d", "userURL": "https://my.qidian.com/user/199417975", "userReview": "\u606d\u559c\u5927\u9ec4\u5f00\u65b0\u4e66\uff0c\u987a\u4fbf\u5f00\u4e2a\u7b7e\u5230\u697c\uff0c\u4e00\u697c\u5341\u5e01\uff0c\u76df\u4e3b\u5c01\u9876\uff0c\u4e0a\u67b6\u7ed3\u7b97\uff0c\u5927\u5bb6\u8e0a\u8dc3\u53d1\u8a00\uff0c\u6c42\u5e26\u6c42\u7968\u7968\uff0c\u6c42"}, {"userName": "\u6ca1\u8010\u6027\u7684\u5c0f\u5b69", "userReviewDate": "2\u5c0f\u65f6\u524d", "userURL": "https://my.qidian.com/user/2237149", "userReview": "\u606d\u559c\u5927\u9ec4\u5f00\u65b0\u4e66\uff0c\u987a\u4fbf\u5f00\u4e2a\u7b7e\u5230\u697c\uff0c\u4e00\u697c\u5341\u5e01\uff0c\u76df\u4e3b\u5c01\u9876\uff0c\u4e0a\u67b6\u7ed3\u7b97\uff0c\u5927\u5bb6\u8e0a\u8dc3\u53d1\u8a00\u6c42\u7968\u7968\u6c42\u7968\u7968"}, {"userName": "\u6211\u4f9d\u65e7\u6c89\u9ed8", "userReviewDate": "3\u5c0f\u65f6\u524d", "userURL": "https://my.qidian.com/user/175733415", "userReview": "\u8bb0\u5f97\u6709\u90e8\u52a8\u6f2b\u4e5f\u662f\u5154\u5b50\u4e3b\u89d2\u3002\u3002\u50bb\u5154\u5b50"}, {"userName": "\u6211\u6b32\u5316\u9053\u53bb", "userReviewDate": "3\u5c0f\u65f6\u524d", "userURL": "https://my.qidian.com/user/219083307", "userReview": "\u597d\u50cf\u67d0\u5362\u4e5f\u6709\u672c\u8bbe\u5b9a\u5dee\u4e0d\u591a\u7684\uff0c\u4e3b\u89d2\u662f\u7389\u5154\uff0c\u4e00\u6837\u80fd\u5403\uff0c\u5c31\u4e0d\u77e5\u9053\u540e\u9762\u7684\u5185\u5bb9\u662f\u5426...."}, {"userName": "\u5b8b\u4e66\u822a\u4e66\u53cb", "userReviewDate": "4\u5c0f\u65f6\u524d", "userURL": "https://my.qidian.com/user/228866097", "userReview": "\u7b7e\u5230   "}, {"userName": "\u9752\u7eb1\u65e7\u5df7", "userReviewDate": "6\u5c0f\u65f6\u524d", "userURL": "https://my.qidian.com/user/224575870", "userReview": "\u533a\u533a\u4e09\u4e07\u5b57\uff0c\u5ae6\u5a25\u7684\u521d\u543b\u5c31\u6ca1\u6709\u4e86\uff0c\u6b7b\u5154\u5b50\u8fd8\u4e0d\u6ee1\u610f\uff08\u256f' - ')\u256f\ufe35 \u253b\u2501\u253b "}, {"userName": "\u4e91\u4e0a\u7684\u5149", "userReviewDate": "9\u5c0f\u65f6\u524d", "userURL": "https://my.qidian.com/user/202484687", "userReview": "\u5154\u5b50\uff1f\u4f60\u8fd9\u662f\u5728\u5f71\u5c04\u5f53\u4eca\u671d\u5ef7\u554a"}, {"userName": "\u5b8b\u4e66\u822a\u4e66\u53cb", "userReviewDate": "16\u5c0f\u65f6\u524d", "userURL": "https://my.qidian.com/user/228866097", "userReview": "\u7b7e\u5230   "}, {"userName": "\u5b8b\u4e66\u822a\u4e66\u53cb", "userReviewDate": "16\u5c0f\u65f6\u524d", "userURL": "https://my.qidian.com/user/228866097", "userReview": "\u5624\u5624\u5624\uff0c\u5c01\u9762\u6362\u56de\u6765\u4e86\uff0c\u8fd8\u662f\u8fd9\u4e2a\u597d"}, {"userName": "yeyu54", "userReviewDate": "19\u5c0f\u65f6\u524d", "userURL": "https://my.qidian.com/user/2201512", "userReview": "\u54c8\u54c8\u54c8\u86ee\u597d\u73a9\u7684"}, {"userName": "\u9ed1\u591c\u4f20\u8bf4666", "userReviewDate": "20\u5c0f\u65f6\u524d", "userURL": "https://my.qidian.com/user/218834644", "userReview": "\u7b7e\u5230\u6c34\u7ecf\u9a8c"}, {"userName": "\u5b8b\u4e66\u822a\u4e66\u53cb", "userReviewDate": "\u6628\u65e513:10", "userURL": "https://my.qidian.com/user/228866097", "userReview": "\u7b7e\u5230   "}, {"userName": "\u5706\u68a6\u7cbe\u7075", "userReviewDate": "\u6628\u65e511:52", "userURL": "https://my.qidian.com/user/153775020", "userReview": "\u73b0\u5728\u624d\u53d1\u73b0\u51fa\u65b0\u4e66\u4e86\u2026\u2026\u5df2\u6536\u85cf\u3002\u6b63\u5728\u62dc\u8bfb\u4f60\u7684\u300a\u8001\u8872\u8981\u8fd8\u4fd7\u300b\u3002[fn=25][fn=2]"}, {"userName": "\u5b59\u5c0fC", "userReviewDate": "\u6628\u65e511:35", "userURL": "https://my.qidian.com/user/161300395", "userReview": "\u5efa\u8bae\u5c01\u9762\u6709\u4e00\u53ea\u8d31\u8d31\u7684\u5154\u5b50"}], "description": "\u30102018\u8d77\u70b9\u4ed9\u4fa0\u6d41\u6d3e\u5f81\u6587\u3011\u53c2\u8d5b\u4f5c\u54c1", "title": "\u5154\u5b50\u5fc5\u987b\u6b7b", "url": "https://book.qidian.com/info/1012174538", "average": -1.0, "cover": "//qidian.qpic.cn/qdbimg/349573/1012174538/180", "reviews": -1, "authors": [{"url": "https://me.qidian.com/authorIndex.aspx?id=8278346", "name": "\u4e00\u68a6\u9ec4\u7cb1"}], "type": ["\u4ed9\u4fa0", "\u795e\u8bdd\u4fee\u771f"], "outlinks": ["https://book.qidian.com/info/1012174538", "https://book.qidian.com/info/1004179514", "https://book.qidian.com/info/1004179514", "https://book.qidian.com/info/1004073922", "https://book.qidian.com/info/1004073922", "https://book.qidian.com/info/1004995075", "https://book.qidian.com/info/1004995075", "https://book.qidian.com/info/1003899336", "https://book.qidian.com/info/1003899336", "https://book.qidian.com/info/1007386189", "https://book.qidian.com/info/1007386189", "https://book.qidian.com/info/1009880821", "https://book.qidian.com/info/1009880821", "https://book.qidian.com/info/1003776376", "https://book.qidian.com/info/1003776376", "https://book.qidian.com/info/1005405437", "https://book.qidian.com/info/1005405437", "https://book.qidian.com/info/1010327039", "https://book.qidian.com/info/1012016027", "https://book.qidian.com/info/1011630501", "https://book.qidian.com/info/1012010192", "https://book.qidian.com/info/1011834598", "https://book.qidian.com/info/1011672705", "https://book.qidian.com/info/1011966835", "https://book.qidian.com/info/1011940680", "https://book.qidian.com/info/1011491390", "https://book.qidian.com/info/1011995376"]}