{"ratings": 0.0, "userreviews": [{"userName": "\u5415\u5929\u867e4362", "userReviewDate": "2018-06-06", "userURL": "https://my.qidian.com/user/313315868", "userReview": "\u52a0\u6cb9\u52a0\u6cb9\u54e6"}, {"userName": "\u7279\u72fc\u666e", "userReviewDate": "2018-06-06", "userURL": "https://my.qidian.com/user/170998779", "userReview": "\u8822\u5a46\u5a18\u8fd8\u6709\u8138\u8bf4\u4eba\u5bb6\u3002"}, {"userName": "\u5415\u5929\u867e3238", "userReviewDate": "2018-06-03", "userURL": "https://my.qidian.com/user/313053103", "userReview": "\u7d66\u4f60\u4e00\u4e0b\u4e0b\u5c31\u53ef\u4ee5\u4e86"}, {"userName": "\u5954\u9a70\u7684\u9ed1\u9a6c", "userReviewDate": "2018-05-30", "userURL": "https://my.qidian.com/user/225586308", "userReview": "\u6295\u4e0a\u6708\u7968\u4e00\u5f20\uff0c\u52a0\u6cb9!"}, {"userName": "\u96f2\u52a8\u98ce\u5439", "userReviewDate": "2018-05-28", "userURL": "https://my.qidian.com/user/224156559", "userReview": "\u4e66\u5199\u5f97\u5f88\u597d\uff0c\u53ef\u60dc\u4eba\u4eec\u770b\u5c0f\u8bf4\u559c\u6b22\u770b\u7684\u662f\u6253\u8138\u88c5\u903c\u7684\u591a\uff0c\u4e0d\u662f\u6765\u770b\u732a\u811a\u5982\u4f55\u4e0d\u6210\u719f\uff0c\u5982\u4f55\u5f31\u667a\u88ab\u5751\uff0c\u627e"}, {"userName": "\u72ec\u5b64\u5584", "userReviewDate": "2018-05-22", "userURL": "https://my.qidian.com/user/158891794", "userReview": "3\u5f20\u63a8\u8350\u7968 \u5949\u4e0a\u3002\u652f\u6301\u4f5c\u8005\u3002"}, {"userName": "\u7ed9\u5496\u5561\u52a0\u76d0", "userReviewDate": "2018-05-22", "userURL": "https://my.qidian.com/user/224951205", "userReview": "\u7b7e\u5230\u6c34\u7ecf\u9a8c\uff01"}, {"userName": "\u7279\u72fc\u666e", "userReviewDate": "2018-05-22", "userURL": "https://my.qidian.com/user/170998779", "userReview": "\u4e0d\u8981\u8bf4\u4ec0\u4e48"}, {"userName": "\u674e\u5609\u8f891", "userReviewDate": "2018-05-21", "userURL": "https://my.qidian.com/user/225732666", "userReview": "\u8fd9\u79cd\u597d\u4e66\u600e\u4e48\u8fd8\u4e0d\u4e0a\u67b6"}, {"userName": "\u7279\u72fc\u666e", "userReviewDate": "2018-05-21", "userURL": "https://my.qidian.com/user/170998779", "userReview": "\u6211\u662f\u5e9f\u67f4\u4e00\u6761\u3002"}, {"userName": "\u7ea2\u5d16\u53e4\u6d1e", "userReviewDate": "2018-05-15", "userURL": "https://my.qidian.com/user/214669514", "userReview": "\u770b\u6765\u770b\u53bb\u89c9\u5f97\u9648\u5f3a\u6709\u70b9\u7a9d\u56ca\uff0c\u4e00\u4e2a\u4ea4\u9645\u82b1\u5c31\u628a\u9648\u5f3a\u5f04\u7684\u6655\u5934\u8f6c\u5411\u65e0\u6240\u9002\u4ece"}, {"userName": "\u7279\u72fc\u666e", "userReviewDate": "2018-05-15", "userURL": "https://my.qidian.com/user/170998779", "userReview": "\u5929\u6c14\u4e0d\u9519\u5462\uff01"}, {"userName": "\u53f8\u9a6c\u76db", "userReviewDate": "2018-05-13", "userURL": "https://my.qidian.com/user/177299265", "userReview": "\u52a0\u6cb9\uff01\u6bcf\u6b21\u770b\u548c\u5bf9\u8bdd\u603b\u6709\u4e00\u79cd\u5c2c\u804a\u7684\u611f\u89c9\uff01"}, {"userName": "\u6211\u73a9\u738b\u8005", "userReviewDate": "2018-05-11", "userURL": "https://my.qidian.com/user/211247369", "userReview": "\u53ea\u53ef\u4ee5\u8ddf\u4f60\u8bf4\u52a0\u6cb9\u5199\u7684\u53ef\u4ee5"}], "description": "\u3010\u7b2c\u4e09\u5c4a\u7f51\u7edc\u539f\u521b\u6587\u5b66\u73b0\u5b9e\u4e3b\u4e49\u9898\u6750\u5f81\u6587\u5927\u8d5b\u3011\u53c2\u8d5b\u4f5c\u54c1", "title": "\u5165\u4ed512\u5e74", "url": "https://book.qidian.com/info/1010528252", "average": -1.0, "cover": "//qidian.qpic.cn/qdbimg/349573/1010528252/180", "reviews": -1, "authors": [{"url": "https://me.qidian.com/authorIndex.aspx?id=400953414", "name": "\u591c\u98ce\u68f1\u68f1"}], "type": ["\u73b0\u5b9e", "\u6210\u529f\u52b1\u5fd7"], "outlinks": ["https://book.qidian.com/info/1010528252", "https://book.qidian.com/info/1010742537", "https://book.qidian.com/info/1010742537", "https://book.qidian.com/info/1005045086", "https://book.qidian.com/info/1005045086", "https://book.qidian.com/info/1010709881", "https://book.qidian.com/info/1010709881", "https://book.qidian.com/info/1006204673", "https://book.qidian.com/info/1006204673", "https://book.qidian.com/info/1010709025", "https://book.qidian.com/info/1010709025", "https://book.qidian.com/info/1010337558", "https://book.qidian.com/info/1010337558", "https://book.qidian.com/info/1010874964", "https://book.qidian.com/info/1010874964", "https://book.qidian.com/info/1011193260", "https://book.qidian.com/info/1011193260", "https://book.qidian.com/info/1011633094", "https://book.qidian.com/info/1011456133", "https://book.qidian.com/info/1011634147", "https://book.qidian.com/info/1011681836", "https://book.qidian.com/info/1010536358", "https://book.qidian.com/info/1011815512", "https://book.qidian.com/info/1011779536", "https://book.qidian.com/info/1011822376", "https://book.qidian.com/info/1010906320", "https://book.qidian.com/info/1011955761"]}