{"ratings": 0.0, "userreviews": [{"userName": "\u4e91\u4e2d\u6708\u68a6", "userReviewDate": "6\u5c0f\u65f6\u524d", "userURL": "https://my.qidian.com/user/216284993", "userReview": "\u597d\u770b\uff0c\u559c\u6b22\u3002\u514d\u9650\u8fdb\u6765\u7684\uff0c\u4e0d\u8fc7\u514d\u9650\u540e\u4e0d\u662f\u5e94\u8be5\u7206\u66f4\u5417\uff1f\u6bd5\u7adf\u8fd9\u6587\u8fd8\u4e0d\u957f\u3002\u8bf7\u53eb\u6211\u50ac\u66f4\u5c0f\u80fd\u624b"}, {"userName": "\u8def\u4ebaZ", "userReviewDate": "6\u5c0f\u65f6\u524d", "userURL": "https://my.qidian.com/user/4699203", "userReview": "\u62dc\u8bbf\u7b7e\u5230\uff0c\u63a8\u8350\u79688\uff0c\u652f\u6301\u3002"}, {"userName": "\u4e66\u53cb20170306201006617", "userReviewDate": "17\u5c0f\u65f6\u524d", "userURL": "https://my.qidian.com/user/230460770", "userReview": "\u7a81\u7136\u53d1\u73b0\u8fd9\u4e2a\u6587\u7684 \u5f88\u559c\u6b22\u554a\uff0c\u4f5c\u8005\u52a0\u6cb9\uff01"}, {"userName": "\u77e5\u5426123", "userReviewDate": "18\u5c0f\u65f6\u524d", "userURL": "https://my.qidian.com/user/215859151", "userReview": "\u597d\u6587\u554a\uff01\u5973\u5f3a\u723d\u6587\uff0c\u57fa\u672c\u5408\u7406\u6027\u4e0d\u7f3a\uff0c\u867d\u7136\u4e5f\u6709\u597d\u4e9bbug\uff08\u6bd4\u5982\u7b49\u7ea7\u95ee\u9898\uff0c31\u7ea7\u5c31\u5143\u5a7441\u7ea7\u8fd8\u662f"}, {"userName": "\u51b0\u51b7\u7684\u5fc34670", "userReviewDate": "23\u5c0f\u65f6\u524d", "userURL": "https://my.qidian.com/user/213674885", "userReview": "\u8fd9\u672c\u4e66\u5199\u7684\u5f88\u597d\u554a\uff0c\u5973\u4e3b\u6740\u4f10\u679c\u65ad\uff0c\u4e0d\u8111\u6b8b\uff0c\u4e0d\u50bb\u767d\u751c\uff0c\u4e0d\u8c08\u7231\u60c5\uff1b\u6bd4\u54ea\u4e9b\u6253\u7740\u5973\u5f3a\u7684\u65d7\u53f7\uff0c\u7ed3\u679c\u90fd\u662f"}, {"userName": "\u4e66\u53cb20170606221612117", "userReviewDate": "\u6628\u65e509:17", "userURL": "https://my.qidian.com/user/302956031", "userReview": "200\u7ae0\u6d88\u5931\u4e86"}, {"userName": "CHARAsaid", "userReviewDate": "\u6628\u65e508:55", "userURL": "https://my.qidian.com/user/225814354", "userReview": "\u5973\u4e3b\u7684\u4eb2\u4eba\u8d8a\u5230\u540e\u9762\u8d8a\u5f97\u5bf8\u8fdb\u5c3a \u770b\u7740\u592a\u8188\u5e94\u4e86"}, {"userName": "\u5c0f\u5c0f\u82b1\u751f\u7c73007", "userReviewDate": "\u6628\u65e506:44", "userURL": "https://my.qidian.com/user/11444776", "userReview": "\u5199\u5f97\u8fd8\u662f\u5f88\u6709\u65b0\u610f\uff0c\u633a\u597d\u770b\u7684"}, {"userName": "\u8def\u4ebaZ", "userReviewDate": "\u6628\u65e506:32", "userURL": "https://my.qidian.com/user/4699203", "userReview": "\u9001\u4e0a\u63a8\u8350\u79688\u5f20\uff0c\u65e9\u8d77\u7b7e\u5230\u3002"}, {"userName": "\u82b1\u5e03\u7483", "userReviewDate": "\u6628\u65e500:04", "userURL": "https://my.qidian.com/user/213174617", "userReview": "\u4e00\u5f00\u59cb\u4ee5\u4e3a\u662f\u7a7f\u8d8a\u6587 \u770b\u4e86\u4e00\u534a\u624d\u53d1\u73b0\u662f\u7f51\u6e38\u6587\u554a"}, {"userName": "\u6094\u6539\u7684\u5fc3", "userReviewDate": "2018-06-07", "userURL": "https://my.qidian.com/user/308085831", "userReview": "\u597d\u770b\uff0c\u867d\u7136\u6ca1\u6709\u7ec8\u6781boss\u6216\u4f0f\u7ebf, \u51cf\u5c11\u53ef\u8ffd\u770b\u6027\uff0c\u4f46\u9898\u6750\u65b0\u9896\uff0c\u5404\u4eba\u7269\u6027\u683c\u7279\u51fa\uff0c\u5f88\u597d\u770b\u3002\u4e2a\u4eba"}, {"userName": "\u4e66\u53cb160801092439170", "userReviewDate": "2018-06-07", "userURL": "https://my.qidian.com/user/220547835", "userReview": "\u6c34\u7ecf\u9a8c\u3002\u3002"}, {"userName": "\u8def\u4ebaZ", "userReviewDate": "2018-06-07", "userURL": "https://my.qidian.com/user/4699203", "userReview": "\u7b7e\u5230\u6253\u5361\uff0c8\u5f20\u63a8\u8350\u7968\uff0c\u5929\u5929\u652f\u6301\uff01"}, {"userName": "\u8def\u4ebaZ", "userReviewDate": "2018-06-06", "userURL": "https://my.qidian.com/user/4699203", "userReview": "\u63a8\u8350\u79688\u5f20\u652f\u6301\uff0c\u52a0\u6cb9\u597d\u4e66\u3002"}], "description": "\u5728\u865a\u62df\u4e16\u754c\u7b56\u9a6c\u6c5f\u6e56\uff0c\u7eb5\u60c5\u7b19\u6b4c\u3002\u4f60\u7684\u8363\u8000\uff0c\u6211\u6765\u5b88\u62a4\uff01", "title": "\u5168\u4e16\u754c\u90fd\u662fNPC", "url": "https://book.qidian.com/info/1011086014", "average": -1.0, "cover": "//qidian.qpic.cn/qdbimg/349573/1011086014/180", "reviews": -1, "authors": [{"url": "https://me.qidian.com/authorIndex.aspx?id=401598761", "name": "\u7a7f\u98ce\u8863\u7684\u5c71\u9b3c"}], "type": ["\u6e38\u620f\u7ade\u6280", "\u6e38\u620f\u5f02\u754c"], "outlinks": ["https:https://book.qidian.com/info/1011421405?qd_game_key=1011421405&qd_dd_p1=11272", "https://book.qidian.com/info/1011086014", "https://book.qidian.com/info/1009906735", "https://book.qidian.com/info/1009906735", "https://book.qidian.com/info/1006633024", "https://book.qidian.com/info/1006633024", "https://book.qidian.com/info/1011056474", "https://book.qidian.com/info/1011056474", "https://book.qidian.com/info/1010690766", "https://book.qidian.com/info/1010690766", "https://book.qidian.com/info/1010624395", "https://book.qidian.com/info/1010624395", "https://book.qidian.com/info/1010579196", "https://book.qidian.com/info/1010579196", "https://book.qidian.com/info/1011757040", "https://book.qidian.com/info/1011757040", "https://book.qidian.com/info/1012046805", "https://book.qidian.com/info/1012046805", "https://book.qidian.com/info/1011647406", "https://book.qidian.com/info/1011749942", "https://book.qidian.com/info/1011170117", "https://book.qidian.com/info/1011065095", "https://book.qidian.com/info/1011766598", "https://book.qidian.com/info/1011820203", "https://book.qidian.com/info/1011489286", "https://book.qidian.com/info/1006633024", "https://book.qidian.com/info/1011580693", "https://book.qidian.com/info/1011696126"]}