{"ratings": 0.0, "userreviews": [{"userName": "Treenumen", "userReviewDate": "2\u5c0f\u65f6\u524d", "userURL": "https://my.qidian.com/user/201393066", "userReview": "\u8001\u53f8\u673a\u6700\u7231\u3002"}, {"userName": "\u6211\u611b\u5403\u9c7c", "userReviewDate": "2\u5c0f\u65f6\u524d", "userURL": "https://my.qidian.com/user/4148340", "userReview": "\u770b\u4e86\u795e\u9b54\u624d\u6765\u770b\u8fd9\u4e2a\u7684\uff0c\u6ca1\u60f3\u5230\u5c45\u7136\u8fd9\u4e48\u8ba9\u4eba\u5931\u671b"}, {"userName": "\u7ea2\u85af\u8543\u8304", "userReviewDate": "2\u5c0f\u65f6\u524d", "userURL": "https://my.qidian.com/user/224539919", "userReview": "\u6e23\u6e23\uff0c\u732a\u811a\u592a\u5e9f\uff0c\u660e\u660e\u5df2\u7ecf\u53ef\u4ee5\u63d0\u5347\u5b9e\u529b\u8fd8\u975e\u8981\u53bb\u5347\u7ea7\u5e97\u94fa\uff0c\u5df2\u7ecf\u53ef\u4ee5\u540a\u6253\u91d1\u4e39\u5c45\u7136\u8fd8\u4f1a\u88ab\u51e0\u9897\u624b\u96f7\u70b8"}, {"userName": "5464697", "userReviewDate": "2018-06-06", "userURL": "https://my.qidian.com/user/216008576", "userReview": "\u4e3b\u89d2\u540d\u5b57\u6709\u70b9\u5947\u8469\uff0c\u6c5f\u9053\u79bb\uff0c\u5988\u86cb\uff0c\u6211\u5c31\u4e0d\u8bb2\u9053\u7406\uff0c\u600e\u4e48\u6ef4\uff1f\u53eb\u6c5f\u9053\u6216\u8005\u6c5f\u79bb\u90fd\u597d\u542c\u5440"}, {"userName": "\u4e66\u53cb20170531161706194", "userReviewDate": "2018-05-11", "userURL": "https://my.qidian.com/user/302545440", "userReview": "\u6211\u5927\u5b66\u7684\u65f6\u5019\u604b\u7231\u671f\u95f4\u5973\u670b\u53cb\u5288\u817f\u4e86\uff0c\u4e0d\u8fc7\u6211\u63a5\u53d7\u5e76\u539f\u8c05\u5979\u4e86\u3002\u6211\u8ffd\u5979\u7684\u65f6\u5019\u5c31\u77e5\u9053\u5979\u662f\u4e2a\u6c34\u6027\u6768\u82b1\u7684"}, {"userName": "\u70bd\u5929\u4f7f\u98de\u68a6", "userReviewDate": "2018-04-17", "userURL": "https://my.qidian.com/user/124110838", "userReview": "\u672c\u6765\u524d\u767e\u7ae0\u4e0d\u9519\u7684\u53ef\u60dc\u542c\u4e86\u4e00\u7fa4\u667a\u969c\u8bf4\u4e0d\u6740\u4f10\u679c\u65ad  \u672c\u6765\u5f00\u5934\u5c31\u662f\u5954\u7740\u79cd\u7530\u53bb\u7684  \u6ca1\u4e8b\u5ffd\u60a0\u795e\u4ed9\u7684"}, {"userName": "\u256d\u2605\u94f6\u8272\u00a7\u6708\u5149\u2605\u256e", "userReviewDate": "2018-04-16", "userURL": "https://my.qidian.com/user/8039593", "userReview": "\u6797\u5a34\u7684\u8bbe\u5b9a\u7a81\u7136\u6539\u4e86\uff0c\u5148\u5f00\u59cb\u4e0e\u4e3b\u89d2\u76f8\u4eb2\u540e\uff0c\u542c\u95fb\u4e3b\u89d2\u5305\u9c7c\u5858\u662f\u72af\u50bb\uff0c\u7136\u540e\u8bf4\u662f\u5979\u7236\u6bcd\u4fbf\u4e0d\u8ba9\u5979\u4e0e\u72af\u50bb"}, {"userName": "jqfang607", "userReviewDate": "2018-04-14", "userURL": "https://my.qidian.com/user/5315471", "userReview": "\u63a8\u835011\u7968\uff0c\u6211\u662f\u770b\u4e8612\u7ae0\u5c31\u5f03\u4e66\u4e86"}, {"userName": "\u4e66\u53cb20170316090409273", "userReviewDate": "2018-04-08", "userURL": "https://my.qidian.com/user/230816357", "userReview": "\u518d\u8865\u5145\u4e0b\uff0c\u8fd9\u672c\u5c0f\u8bf4\u5f88\u597d\u5f88\u597d\uff0c\u8fd9\u662f\u4e00\u4e2a\u666e\u901a\u4eba\u8fdb\u5316\u4e4b\u8def"}, {"userName": "\u4e66\u53cb20170316090409273", "userReviewDate": "2018-04-08", "userURL": "https://my.qidian.com/user/230816357", "userReview": "57\u7ae0\u597d\u4e86(\u25cf\u00b0u\u00b0\u25cf)\u200b\u00a0\u300d"}, {"userName": "\u4e66\u53cb20170316090409273", "userReviewDate": "2018-04-08", "userURL": "https://my.qidian.com/user/230816357", "userReview": "\u4f5c\u8005\uff0c50\u7ae0\u5de6\u53f3\uff0c\u5f00\u59cb\u4e71\u7801\u4e86"}, {"userName": "\u4e66\u53cb20170316090409273", "userReviewDate": "2018-04-08", "userURL": "https://my.qidian.com/user/230816357", "userReview": "\u9189\u4e86\uff0c\u770b\u7740\u90a3\u4e48\u723d\uff0c\u5ffd\u7136\u95f4\u51fa\u4e71\u7801\u662f\u51e0\u4e2a\u610f\u601d"}, {"userName": "Sky\u4e36Night", "userReviewDate": "2018-04-08", "userURL": "https://my.qidian.com/user/168642266", "userReview": "\u3010\u5df1\u89c1\u3011\u76ee\u524d\u6765\u770b\uff0c\u6211\u89c9\u5f97\u8fd9\u672c\u4e66\u786e\u5b9e\u4e0d\u9519\u3002\u4e0d\u8981\u770b\u4e86\u4e00\u70b9\u5c31\u5f00\u55b7\u5723\u6bcd\u5a4a\u79cd\u9a6c\u4e4b\u7c7b\u7684\u3002\u5b8c\u5168\u90fd\u6ca1\u6709\u3002\u6562"}, {"userName": "\u62fe\u58f9\u8d30\u62fe\u4f0d", "userReviewDate": "2018-04-03", "userURL": "https://my.qidian.com/user/175095704", "userReview": "\u8fd9\u672c\u4e66\u6210\u7ee9\u4e0d\u592a\u7406\u60f3\uff0c\u4f46\u662f\u6211\u770b\u8fc7\u611f\u89c9\u8fd8\u53ef\u4ee5\u3002\u4f5c\u8005\u7528\u5fc3\u826f\u82e6\uff0c\u4e3a\u4e86\u4e3b\u89d2\u5fc3\u6027\u7684\u8f6c\u53d8\u57cb\u4e86\u4e00\u4e2a\u957f\u7ebf\uff0c\u4e2a"}], "description": "\u91cd\u751f\u8fc7\u53bb\u3001\u7545\u60f3\u672a\u6765\u3001\u68a6\u5e7b\u73b0\u5b9e\uff0c\u518d\u5851\u4f20\u5947\u4eba\u751f\uff01", "title": "\u5168\u5b87\u5b99\u90fd\u662f\u6211\u597d\u53cb", "url": "https://book.qidian.com/info/1003768817", "average": -1.0, "cover": "//qidian.qpic.cn/qdbimg/349573/1003768817/180", "reviews": -1, "authors": [{"url": "https://me.qidian.com/authorIndex.aspx?id=7881145", "name": "\u4f55\u5904\u4e0d\u67d3\u5c18"}], "type": ["\u90fd\u5e02", "\u5f02\u672f\u8d85\u80fd"], "outlinks": ["https://book.qidian.com/info/1003768817", "https://book.qidian.com/info/1010053636", "https://book.qidian.com/info/1010053636", "https://book.qidian.com/info/1010925483", "https://book.qidian.com/info/1010925483", "https://book.qidian.com/info/1010903770", "https://book.qidian.com/info/1010903770", "https://book.qidian.com/info/1010937516", "https://book.qidian.com/info/1010937516", "https://book.qidian.com/info/1010908372", "https://book.qidian.com/info/1010908372", "https://book.qidian.com/info/1010781736", "https://book.qidian.com/info/1010781736", "https://book.qidian.com/info/1003692852", "https://book.qidian.com/info/1003692852", "https://book.qidian.com/info/1009240323", "https://book.qidian.com/info/1009240323", "https://book.qidian.com/info/1011253172", "https://book.qidian.com/info/1011253172", "https://book.qidian.com/info/1011932150", "https://book.qidian.com/info/1012029544", "https://book.qidian.com/info/1012015699", "https://book.qidian.com/info/1012018201", "https://book.qidian.com/info/1011879101", "https://book.qidian.com/info/1011790606", "https://book.qidian.com/info/1011971435", "https://book.qidian.com/info/1009695534", "https://book.qidian.com/info/1011890878", "https://book.qidian.com/info/1010537314"]}