{"ratings": 0.0, "userreviews": [{"userName": "\u6668\u767d\u4e91", "userReviewDate": "18\u5c0f\u65f6\u524d", "userURL": "https://my.qidian.com/user/2351282", "userReview": "\u9020\u795e\u4e66\u5355\u606d\u559c\u5c0f\u8bf4\u4e0a \u67b6\uff01\ud83c\udf37\ud83c\udf37\ud83c\udf37\u9996 \u8ba2\u652f\u6301\uff0c\u5927\u5bb6\u4e5f\u6765\u652f\u6301\u4e00\u6ce2\u5427\uff0c\u8c22\u8c22\uff01"}, {"userName": "\u4e56\u4e56\u7684\u5e78\u798f\u7740", "userReviewDate": "23\u5c0f\u65f6\u524d", "userURL": "https://my.qidian.com/user/314854339", "userReview": "\u7b7e\u5230\u7b7e\u5230\u7b7e\u5230\u7684"}, {"userName": "\u5415\u5929\u867e12058", "userReviewDate": "2018-05-27", "userURL": "https://my.qidian.com/user/315055257", "userReview": "\u7b7e\u5230\u7b7e\u5230\u7b7e\u5230\u7684"}, {"userName": "\u98d8\u8fc7\u7684\u98celsf", "userReviewDate": "2018-05-19", "userURL": "https://my.qidian.com/user/314973575", "userReview": "\u76d6\u697c\uff0c\u586b\u7816"}, {"userName": "\u98d8\u8fc7\u7684\u98celsf", "userReviewDate": "2018-05-15", "userURL": "https://my.qidian.com/user/314973575", "userReview": "\u7b7e\u5230\u7b7e\u5230\u7b7e\u5230\u7684\uff01"}, {"userName": "\u6d2a\u4e09\u5143", "userReviewDate": "2018-05-05", "userURL": "https://my.qidian.com/user/202612963", "userReview": "\u6df1\u60c5\u795d\u798f[fn=27]"}, {"userName": "\u6d2a\u4e09\u5143", "userReviewDate": "2018-04-29", "userURL": "https://my.qidian.com/user/202612963", "userReview": "\u6df1\u60c5\u795d\u798f[fn=27]"}, {"userName": "\u6d2a\u4e09\u5143", "userReviewDate": "2018-04-26", "userURL": "https://my.qidian.com/user/202612963", "userReview": "\u795d\u798f\u652f\u6301\u795d\u798f\u652f\u6301"}, {"userName": "\u6d2a\u4e09\u5143", "userReviewDate": "2018-04-25", "userURL": "https://my.qidian.com/user/202612963", "userReview": "\u6df1\u60c5\u795d\u798f[fn=27]"}, {"userName": "\u4e5d\u66f2\u51cc\u4e91\u5bab", "userReviewDate": "2018-04-24", "userURL": "https://my.qidian.com/user/200441749", "userReview": "\u82e5\u662f\u6709\u4e00\u5929\uff0c\u770b\u7740\u6211\u4eec\u901d\u53bb\u7684\u9752\u6625\uff0c\u56de\u5934\u671b\u671b\uff0c\u624d\u4f1a\u53d1\u73b0\uff0c\u81ea\u5df1\u7559\u5728\u8eab\u540e\u7684\u5e7c\u7a1a\u662f\u591a\u4e48\u7684\u7f8e\u597d\u548c\u96be\u5f97\u3002"}, {"userName": "\u6d2a\u4e09\u5143", "userReviewDate": "2018-04-23", "userURL": "https://my.qidian.com/user/202612963", "userReview": "\u6df1\u60c5\u795d\u798f[fn=27]"}, {"userName": "\u6d2a\u4e09\u5143", "userReviewDate": "2018-04-22", "userURL": "https://my.qidian.com/user/202612963", "userReview": "\u6df1\u60c5\u795d\u798f[fn=27]"}, {"userName": "\u6d2a\u4e09\u5143", "userReviewDate": "2018-04-21", "userURL": "https://my.qidian.com/user/202612963", "userReview": "\u6df1\u60c5\u795d\u798f\uff01"}, {"userName": "\u4e56\u4e56\u7684\u5e78\u798f\u7740", "userReviewDate": "2018-04-21", "userURL": "https://my.qidian.com/user/314854339", "userReview": "\u6211\u5c31\u60f3\u77e5\u9053\uff0c\u6bcf\u5929\u8981\u5b8c\u6210\u4efb\u52a1\u7684\u90a3\u4e00\u680f\u54ea\u91cc\u53bb\u4e86\uff1f\u8fd8\u6709\u7b54\u9898\u73af\u8282\u4e5f\u6ca1\u4e86\uff0c\u4ee5\u524d\u505a\u4efb\u52a1\u53ef\u4ee5\u6709\u8d60\u8c46\uff0c\u4e3a\u5565"}], "description": "\u9752\u6625\u5bc4\u8bed\uff0c\u751f\u6d3b\u65f6\u5c1a\uff0c\u4e61\u571f\u6587\u5316\uff0c\u5c55\u73b0\u73b0\u5b9e\u767e\u6001\uff01", "title": "\u5168\u529b\u8ffd\u8d76\u7684\u9752\u6625", "url": "https://book.qidian.com/info/1011546139", "average": -1.0, "cover": "//qidian.qpic.cn/qdbimg/349573/1011546139/180", "reviews": -1, "authors": [{"url": "https://me.qidian.com/authorIndex.aspx?id=12138049", "name": "\u67d0\u517b\u8001\u5c11\u5e74"}], "type": ["\u73b0\u5b9e", "\u9752\u6625\u6587\u5b66"], "outlinks": ["https://book.qidian.com/info/1011546139", "https://book.qidian.com/info/1004813582", "https://book.qidian.com/info/1004813582", "https://book.qidian.com/info/1006899542", "https://book.qidian.com/info/1006899542", "https://book.qidian.com/info/1005815575", "https://book.qidian.com/info/1005815575", "https://book.qidian.com/info/1003672619", "https://book.qidian.com/info/1003672619", "https://book.qidian.com/info/3689932", "https://book.qidian.com/info/3689932", "https://book.qidian.com/info/1011063122", "https://book.qidian.com/info/1011063122", "https://book.qidian.com/info/1009381412", "https://book.qidian.com/info/1009381412", "https://book.qidian.com/info/1011633094", "https://book.qidian.com/info/1011456133", "https://book.qidian.com/info/1011634147", "https://book.qidian.com/info/1011681836", "https://book.qidian.com/info/1010536358", "https://book.qidian.com/info/1011815512", "https://book.qidian.com/info/1011779536", "https://book.qidian.com/info/1011822376", "https://book.qidian.com/info/1010906320", "https://book.qidian.com/info/1011955761"]}