{"ratings": 0.0, "userreviews": [{"userName": "\u96fe\u83f2\u96fe\u7684\u60c5\u601d", "userReviewDate": "15\u5c0f\u65f6\u524d", "userURL": "https://my.qidian.com/user/215998990", "userReview": "\u6709\u7537\u4e3b\u6ca1\uff1f\uff1f\u6c42\u5267\u900f"}, {"userName": "\u53f8\u5f92\u7981", "userReviewDate": "2018-05-03", "userURL": "https://my.qidian.com/user/172243733", "userReview": "\u73b0\u5728\u8fd8\u6709\u5b58\u7a3f42\u7ae0\u2026\u2026\u6211\u4f1a\u52aa\u529b\u54d2\uff01[fn=24]"}, {"userName": "xyy\u7684\u5c0f\u8ff7\u59b9", "userReviewDate": "2018-04-23", "userURL": "https://my.qidian.com/user/309156220", "userReview": "\u52a0\u6cb9\u554a\u4f5c\u8005\uff0c\u662f\u6211\u975e\u5e38\u559c\u6b22\u7684\u4f5c\u8005\u554a\u55b5\u55b5\u55b5~\u91cd\u63a8!\u52a0\u6cb9!\u73b0\u5728\u8fd8\u4e0d\u591a\u6512\u80a5\u4e86\u770b!*\u3002\u0669(\u02ca\u03c9\u02cb*)"}], "description": "\u5728\u865a\u62df\u4e16\u754c\u7b56\u9a6c\u6c5f\u6e56\uff0c\u7eb5\u60c5\u7b19\u6b4c\u3002\u4f60\u7684\u8363\u8000\uff0c\u6211\u6765\u5b88\u62a4\uff01", "title": "\u5168\u606f\u7f51\u6e38\u5934\u53f7\u73a9\u5bb6", "url": "https://book.qidian.com/info/1011773091", "average": -1.0, "cover": "//qidian.qpic.cn/qdbimg/349573/1011773091/180", "reviews": -1, "authors": [{"url": "https://me.qidian.com/authorIndex.aspx?id=7279418", "name": "\u5b81\u955c\u5fc3"}], "type": ["\u6e38\u620f\u7ade\u6280", "\u7f51\u6e38\u60c5\u7f18"], "outlinks": ["https:https://book.qidian.com/info/1011421405?qd_game_key=1011421405&qd_dd_p1=11272", "https://book.qidian.com/info/1011773091", "https://book.qidian.com/info/1005050429", "https://book.qidian.com/info/1005050429", "https://book.qidian.com/info/3589582", "https://book.qidian.com/info/3589582", "https://book.qidian.com/info/1004986449", "https://book.qidian.com/info/1004986449", "https://book.qidian.com/info/1005002734", "https://book.qidian.com/info/1005002734", "https://book.qidian.com/info/3641360", "https://book.qidian.com/info/3641360", "https://book.qidian.com/info/3347080", "https://book.qidian.com/info/3347080", "https://book.qidian.com/info/1004897257", "https://book.qidian.com/info/1004897257", "https://book.qidian.com/info/1010708301", "https://book.qidian.com/info/1010708301", "https://book.qidian.com/info/1011647406", "https://book.qidian.com/info/1011749942", "https://book.qidian.com/info/1011170117", "https://book.qidian.com/info/1011065095", "https://book.qidian.com/info/1011766598", "https://book.qidian.com/info/1011820203", "https://book.qidian.com/info/1011489286", "https://book.qidian.com/info/1006633024", "https://book.qidian.com/info/1011580693", "https://book.qidian.com/info/1011696126"]}