{"ratings": 0.0, "userreviews": [{"userName": "\u58a8\u7ea2\u97f5", "userReviewDate": "2018-05-13", "userURL": "https://my.qidian.com/user/227430011", "userReview": "\u4f5c\u8005\u6709\u7fa4\u5417\uff0c\u7ed9\u4e00\u4e2a"}, {"userName": "\u661f\u7a7a\u4e0b\u6708\u751f", "userReviewDate": "35\u5206\u949f\u524d", "userURL": "https://my.qidian.com/user/305489537", "userReview": "\u5e94\u8be5\u8fd9\u6837\uff0c\u6bcf\u4e00\u4e2a\u7ea7\u522b\u6709\u4e5d\u6bb5\uff0c\u5974\u4ec6\u7ea7  \u6218\u5c06\u7ea7  \u7edf\u9886\u7ea7  \u541b\u4e3b\u7ea7  \u5e1d\u7687\u7ea7 \u4e3b\u5bb0\u7ea7    "}, {"userName": "\u5fc3\u733f\u6df1\u9501", "userReviewDate": "2\u5c0f\u65f6\u524d", "userURL": "https://my.qidian.com/user/197425719", "userReview": "\u76ee\u6d4b\u4f1a\u706b\uff0c\u5148\u7559\u4e2a\u540d\u8d76\u7d27\u5efa\u4e00\u4e2a\u8bcd\u8bed\u63a5\u9f99\u697c\u5148\u8bf4\u4e3a\u656c\uff1a\u5168\u6c11\u517b\u9cb2"}, {"userName": "\u5185\u6db5\u6bb5\u5b50\u853a\u5c0f\u534e", "userReviewDate": "2\u5c0f\u65f6\u524d", "userURL": "https://my.qidian.com/user/314830235", "userReview": "\u8fd9\uff0c\uff0c\u548c\u5e7f\u544a\uff0c\u597d\u50cf\u554a\uff0c\u3002"}, {"userName": "\u697c\u5c0f\u697c66", "userReviewDate": "5\u5c0f\u65f6\u524d", "userURL": "https://my.qidian.com/user/313919378", "userReview": "\u6211\u89c9\u5f97\u6709\u4e00\u4e2a\u4e66\u53cb\u7684\u5efa\u8bae\u4e0d\u9519     \u53ef\u4ee5\u52a0\u4e00\u4e2a\u8fdb\u5316\u5931\u8d25  \u6211\u89c9\u5f97\u5982\u679c\u8fdb\u5316\u5931\u8d25\u4e86\u5c31\u65e0\u6cd5\u518d\u6b21\u8fdb"}, {"userName": "\u6211\u771f\u7684\u4f1a\u98de\u5347", "userReviewDate": "5\u5c0f\u65f6\u524d", "userURL": "https://my.qidian.com/user/213011569", "userReview": "\u4f5c\u8005\u9898\u675010\u5206\uff0c\u5c31\u662f\u5199\u7684\u4e0d\u600e\u4e48\u6837\u5927\u69826\u5206\u5427\uff0c\u5927\u6982\u662f\u6211\u4e0d\u559c\u6b22\u8fd9\u6837\u7684\u5267\u60c5\u3002\u3002\u522b\u55b7\u6211\u3002\u3002\u3002\u4e2a\u4eba\u8bc4"}, {"userName": "\u82b1\u7b19\u7c730\u6b87\u5fc3", "userReviewDate": "5\u5c0f\u65f6\u524d", "userURL": "https://my.qidian.com/user/308891597", "userReview": "\u4f5c\u8005\u8fd9\u672c\u4e66\u91cc\u8fdb\u5316\u8981\u541e\u566c\u540c\u7c7b\u7684\u3002\u611f\u89c9\u5c31\u662f\u628a\u9cb2\u5f53\u5de5\u5177\uff0c\u7528\u5b8c\u611f\u89c9\u4e0d\u597d\u7528\u5c31\u53ef\u4ee5\u4e22\u7684\u90a3\u79cd\u3002\u8fd8\u662f\u795e\u5ba0\u8fdb"}, {"userName": "\u82b1\u7b19\u7c730\u6b87\u5fc3", "userReviewDate": "5\u5c0f\u65f6\u524d", "userURL": "https://my.qidian.com/user/308891597", "userReview": "\u5475\uff01\u8bf4\u662f\u9cb2\uff0c\u5199\u505a\u517d!\u770b\u7684\u597d\u522b\u626d\u3002\u86c7\u9cb2\u8fd8\u4e0d\u5982\u5c31\u5199\u67d0\u67d0\u86c7\u3002"}, {"userName": "\u590f\u5c9a\u8347\u5fb7\u6d41", "userReviewDate": "6\u5c0f\u65f6\u524d", "userURL": "https://my.qidian.com/user/217541450", "userReview": "\u5410\u4e2a\u69fd\uff0c\u8fd9\u4e66\u662f\u9b54\u6539\u7248\u5ba0\u7269\u5c0f\u7cbe\u7075\u5417"}, {"userName": "\u7279\u6b8a\u5de5\u4f5c\u8005", "userReviewDate": "6\u5c0f\u65f6\u524d", "userURL": "https://my.qidian.com/user/12627843", "userReview": "\u4e09\u4e2a\u4e07\u80fd\u6750\u6599 \u8fdb\u5316\u767e\u53d8\u9cb2\u3002 \u80fd\u53d8\u5316\u540c\u7ea7\u9cb2\u3002\u8fdb\u9636\u9700\u4e07\u80fd\u6750\u6599\u3002\u7b49\u7ea7\u8d8a\u9ad8 \u80fd\u591f\u8bb0\u5fc6\u7684\u9cb2\u79cd\u8d8a\u591a"}, {"userName": "Metatron79", "userReviewDate": "10\u5c0f\u65f6\u524d", "userURL": "https://my.qidian.com/user/212260370", "userReview": "\u6211\u5c31\u60f3\u95ee\u95ee\u6709\u8c22\u5e7f\u5764\u5417\uff1f"}, {"userName": "\u5de8\u5927\u7684\u4eba", "userReviewDate": "18\u5c0f\u65f6\u524d", "userURL": "https://my.qidian.com/user/213138257", "userReview": "\u600e\u4e48\u7a81\u7136\u8fd9\u4e48\u591a\u517b\u9cb2\u7684"}, {"userName": "\u4e66\u53cb20170803005718434", "userReviewDate": "19\u5c0f\u65f6\u524d", "userURL": "https://my.qidian.com/user/306273257", "userReview": "\u6211\u60f3\u8bf4\u8bbe\u5b9a\u662f\u6ca1\u6709\u6750\u6599\u5c31\u4e0d\u80fd\u8fdb\u5316\uff0c\u90a3\u4e09\u767e\u5e74\u524d\u7684\u4eba\u662f\u600e\u4e48\u53ef\u4ee5\u6d3b\u5230\u73b0\u5728\u7684\u800c\u4e14\u4ee5\u524d\u4ed6\u4eec\u600e\u4e48\u8ba9\u9cb2\u53d8\u6210"}, {"userName": "\u56db\u5347\u5c0f\u7c73", "userReviewDate": "19\u5c0f\u65f6\u524d", "userURL": "https://my.qidian.com/user/224874334", "userReview": "\u4f5c\u8005\u80fd\u770b\u5230\u5417\uff1f\u524d\u9762\u8bf4\u4e86\u4e00\u53ea\u6781\u54c1\u7684\u4e8c\u7ea7\u9cb2\u4e5f\u624d\u51e0\u5343\u5427\uff1f\u4f46\u662f\u4f60\u770b\uff0c\u4e3b\u89d2\u517b\u7684\u5e9f\u9cb2\u82b1\u4e86\u591a\u5c11\u8054\u90a6\u5e01\u4e86\uff1f"}], "description": "\u5fc3\u6f6e\u6f8e\u6e43\uff0c\u65e0\u9650\u5e7b\u60f3\uff0c\u8fce\u98ce\u6325\u51fb\u5343\u5c42\u6d6a\uff0c\u5c11\u5e74\u4e0d\u8d25\u70ed\u8840\uff01", "title": "\u5168\u6c11\u517b\u9cb2\u8fdb\u5316", "url": "https://book.qidian.com/info/1011892497", "average": -1.0, "cover": "//qidian.qpic.cn/qdbimg/349573/1011892497/180", "reviews": -1, "authors": [{"url": "https://me.qidian.com/authorIndex.aspx?id=8154797", "name": "\u6797\u4e8c\u5341\u4e00"}], "type": ["\u7384\u5e7b", "\u5f02\u4e16\u5927\u9646"], "outlinks": ["https://book.qidian.com/info/1011892497", "https://book.qidian.com/info/1011512936", "https://book.qidian.com/info/1011512936", "https://book.qidian.com/info/1009971399", "https://book.qidian.com/info/1009971399", "https://book.qidian.com/info/1003692682", "https://book.qidian.com/info/1003692682", "https://book.qidian.com/info/1004073922", "https://book.qidian.com/info/1004073922", "https://book.qidian.com/info/1011424531", "https://book.qidian.com/info/1011424531", "https://book.qidian.com/info/1009589402", "https://book.qidian.com/info/1009589402", "https://book.qidian.com/info/1003801459", "https://book.qidian.com/info/1003801459", "https://book.qidian.com/info/1004893258", "https://book.qidian.com/info/1004893258", "https://book.qidian.com/info/1005210431", "https://book.qidian.com/info/1005210431", "https://book.qidian.com/info/1010771389", "https://book.qidian.com/info/1010771389", "https://book.qidian.com/info/1011655783", "https://book.qidian.com/info/1011655783", "https://book.qidian.com/info/1011988403", "https://book.qidian.com/info/1009595922", "https://book.qidian.com/info/1011844784", "https://book.qidian.com/info/1011892497", "https://book.qidian.com/info/1011095320", "https://book.qidian.com/info/1011996851", "https://book.qidian.com/info/1011856434", "https://book.qidian.com/info/1011879207", "https://book.qidian.com/info/1011833256", "https://book.qidian.com/info/1011967674"]}