{"ratings": 0.0, "userreviews": [{"userName": "\u8def\u8fc7\u7684\u8d85\u7ea7\u751f\u62bd", "userReviewDate": "12\u5206\u949f\u524d", "userURL": "https://my.qidian.com/user/131164125", "userReview": "166\u7ae0\u9999\u514b\u65af\u90a3\u91cc\u771f\u7684\u5c34\u5230\u4e0d\u884c\u3002\u3002\u3002\u9999\u514b\u65af\u662f\u6d77\u8d3c\uff0c\u732a\u811a\u4e5f\u662f\u6d77\u8d3c\u3002\u5728\u5927\u6d77\u4e0a\u78b0\u5230\u8c01\u8ddf\u4f60\u626f\u90a3\u4e9b\u4e1c"}, {"userName": "\u4e07\u5723\u9f99\u738b", "userReviewDate": "7\u5c0f\u65f6\u524d", "userURL": "https://my.qidian.com/user/1479243", "userReview": "\u770b\u8ffd\u5b8c\u6700\u540e30\u7ae0\uff0c\u611f\u89c9\u8fd8\u884c\u3002\u4f46\u662f\u66f4\u65b0\u592a\u6162\u4e86"}, {"userName": "\u64c1\u62b1\u7740\u5f71\u5b50", "userReviewDate": "10\u5c0f\u65f6\u524d", "userURL": "https://my.qidian.com/user/311565151", "userReview": "\u4f5c\u8005 \u4f60\u4e24\u90e8\u5c0f\u8bf4\u90fd\u5728\u770b \u5c31\u662f\u66f4\u65b0\u592a\u6162 \u770b\u7684\u4e0d\u723d"}, {"userName": "\u7834\u788e\u5bf0\u5b87", "userReviewDate": "14\u5c0f\u65f6\u524d", "userURL": "https://my.qidian.com/user/211062625", "userReview": "\u8868\u793a\u6728\u6709\u770b\u8fc7\u6d77\u8d3c\uff0c\u4e0d\u4e86\u89e3\u4e5f\u4e0d\u559c\u6b22\u540d\u5b57\u592a\u957f\u7684\u4eba\u540d"}, {"userName": "\u7d2b\u70ab030", "userReviewDate": "15\u5c0f\u65f6\u524d", "userURL": "https://my.qidian.com/user/229968743", "userReview": "\u7c3d\u5230    "}, {"userName": "edfffffffff", "userReviewDate": "15\u5c0f\u65f6\u524d", "userURL": "https://my.qidian.com/user/114172539", "userReview": "\u4e66\u8fd8\u884c\uff0c\u80fd\u770b\u7684\u4e0b\u53bb\uff0c\u4e0d\u77e5\u9053\u4e3a\u5565\uff0c\u73b0\u5728\u8d77\u70b9\u4e66\u8bc4\u533a\u5f62\u6210\u4e86\u4e00\u80a1\u4e71\u55b7\u7684\u98ce\u6c14\uff0c\u5341\u4e2a\u91cc\u9762\u6709\u4e5d\u4e2a\u662f\u6545\u610f\u627e"}, {"userName": "\u6218\u795e\u706c\u547d\u9b3c", "userReviewDate": "20\u5c0f\u65f6\u524d", "userURL": "https://my.qidian.com/user/200597077", "userReview": "\u660e\u5929\u9ad8\u8003\u4e86\uff0c\u6211\u6765\u53d1\u6cc4\u4e00\u4e0b\u60c5\u7eea\uff01\uff01\uff01\u5982\u679c\u53ef\u4ee5\u7684\u8bdd\uff0c\u5e0c\u671b\u6709140-150\u8d5e\uff08\u5355\u79d1\u6210\u7ee9\uff09\u6216\u8005\u662f6"}, {"userName": "\u5415\u5929\u867e10708", "userReviewDate": "\u6628\u65e510:34", "userURL": "https://my.qidian.com/user/313807894", "userReview": "\u8d77\u70b9\u4e2d\u6587\u7f51\u7b7e\u5230"}, {"userName": "\u6d1e\u623f_\u4e0d\u8d25", "userReviewDate": "\u6628\u65e503:47", "userURL": "https://my.qidian.com/user/122625025", "userReview": "\u7b2c2\u7ae0\u5c31\u88ab\u6bd2\u4e86\uff0c\u8001\u5957\u8def\uff0c\u7b2c\u4e00\u4e2a\u8fdb\u6e38\u620f\uff1f\u548c\u521d\u59cb\u5ba2\u670d\u5973\u5e1d\u8c03\u60c5\uff1f\u8fdb\u53bb\u6536\u670dsss\u53e4\u4f0a\u5a1c\u5f92\u5f1f\uff1f\u5927\u5199\u7684"}, {"userName": "521\u6e05\u4e00\u8272", "userReviewDate": "\u6628\u65e500:07", "userURL": "https://my.qidian.com/user/216977619", "userReview": "\u4f5c\u4e3a\u4e00\u4e2a\u4f5c\u8005\uff0c\u4e0d\u5e94\u8be5\u4f20\u64ad\u6b63\u80fd\u91cf\u5417\uff0c\u8001\u662f\u53bb\u5199\u65e5\u672c\u52a8\u6f2b\uff0c\u641e\u5f97\u4e2d\u56fd\u5c31\u6ca1\u52a8\u6f2b\u4f3c\u7684"}, {"userName": "\u64b8\u5927\u53d4", "userReviewDate": "2018-06-07", "userURL": "https://my.qidian.com/user/110492167", "userReview": "\u6ca1\u8bb0\u9519\u7684\u8bdd\u6843\u5154\u662f\u679c\u5b9e\u80fd\u529b\u8005\u5427\uff0c\u62cd\u5230\u6d77\u91cc\uff1f\u8fd8\u6325\u5200\uff1f"}, {"userName": "\u7d2b\u70ab030", "userReviewDate": "2018-06-05", "userURL": "https://my.qidian.com/user/229968743", "userReview": "\u7c3d\u5230      "}, {"userName": "\u4e3f\u591c\u4e36\u51b7\u79cb", "userReviewDate": "2018-06-05", "userURL": "https://my.qidian.com/user/152953016", "userReview": "\u66f4\u7684\u662f\u771f\u6162"}, {"userName": "c1450051750.qdcn", "userReviewDate": "2018-06-05", "userURL": "https://my.qidian.com/user/179318490", "userReview": "Emm\u5c01\u9762\u4e0a\u7684\u84dd\u67d3\u770b\u5f97\u6211\u5f88\u7ea0\u7ed3\u554a"}], "description": "\u6fc0\u840c\u7684\u841d\u8389\uff0c\u70ed\u8840\u7684\u5c11\u5e74\uff0c\u4e3a\u6253\u7834\u6b21\u5143\u58c1\u4e00\u5f80\u65e0\u524d\uff01", "title": "\u5168\u606f\u6d77\u8d3c\u65f6\u4ee3", "url": "https://book.qidian.com/info/1011066335", "average": -1.0, "cover": "//qidian.qpic.cn/qdbimg/349573/1011066335/180", "reviews": -1, "authors": [{"url": "https://me.qidian.com/authorIndex.aspx?id=400459247", "name": "\u7f57\u79e6"}], "type": ["\u4e8c\u6b21\u5143", "\u884d\u751f\u540c\u4eba", "\u4e8c\u6b21\u5143"], "outlinks": ["https://book.qidian.com/info/1011066335", "https://book.qidian.com/info/1006611211", "https://book.qidian.com/info/1006611211", "https://book.qidian.com/info/1006684093", "https://book.qidian.com/info/1006684093", "https://book.qidian.com/info/1010775322", "https://book.qidian.com/info/1010775322", "https://book.qidian.com/info/1009766803", "https://book.qidian.com/info/1009766803", "https://book.qidian.com/info/1005985328", "https://book.qidian.com/info/1005985328", "https://book.qidian.com/info/1005313885", "https://book.qidian.com/info/1005313885", "https://book.qidian.com/info/1010109879", "https://book.qidian.com/info/1010109879", "https://book.qidian.com/info/1011139364", "https://book.qidian.com/info/1011139364", "https://book.qidian.com/info/1011443057", "https://book.qidian.com/info/1011977706", "https://book.qidian.com/info/1011970575", "https://book.qidian.com/info/1011722301", "https://book.qidian.com/info/1012058179", "https://book.qidian.com/info/1010868275", "https://book.qidian.com/info/1012020887", "https://book.qidian.com/info/1011904081"]}