{"ratings": 0.0, "userreviews": [{"userName": "\u695a\u7559\u5148", "userReviewDate": "2018-03-31", "userURL": "https://my.qidian.com/user/302362195", "userReview": "\u5982\u9898\uff0c\u60f3\u51fa\u573a\u6e9c\u4e00\u5708\u7684\uff0c\u706b\u901f\u7559\u540d\u5427\u3002"}, {"userName": "\u695a\u7559\u5148", "userReviewDate": "2018-03-13", "userURL": "https://my.qidian.com/user/302362195", "userReview": "\u4e3b\u8981\u662f\u7279\u6b8a\u89c9\u9192\u6280\u80fd\u60f3\u4e0d\u51fa\u6765\u4e86\uff0c\u5927\u5bb6\u6709\u4ec0\u4e48\u597d\u70b9\u5b50\u90fd\u8bf4\u8bf4\uff0c\u6ce8\u610f\u8d34\u8fd1\u672c\u4e66\u5185\u5bb9\u554a\uff0c\u522b\u592a\u626f\uff0c\u6211\u9a7e\u9a6d\u4e0d"}, {"userName": "\u6e05\u98ce\u5f90\u6c34\u626c\u6ce2", "userReviewDate": "21\u5c0f\u65f6\u524d", "userURL": "https://my.qidian.com/user/19106090", "userReview": "\u7a7f\u8d8a\u4e86\uff1f\u5927\u80f8\u5927\u5c41\u80a1\u4e0d\u5199\uff0c\u975e\u8981\u5199\u4ec0\u4e48\u5927\u4e49\uff0c\u6251\u8857\u4e86\u5427"}, {"userName": "\u684c\u5b50\u6b6a\u4e8687", "userReviewDate": "2018-06-07", "userURL": "https://my.qidian.com/user/199882461", "userReview": "\u65ad\u66f41\u4e2a\u6708\u5566\uff01\u4f60\u8fd9\u75c5\u5165\u818f\u8093\u4e86\u5427\uff1f"}, {"userName": "zhuizhuo\u8ffd\u6c42\u6267\u7740", "userReviewDate": "2018-06-04", "userURL": "https://my.qidian.com/user/228393836", "userReview": "\u4f5c\u8005\u600e\u4e48\u4e86\uff0c\u5feb\u4e00\u4e2a\u6708\u4e86\uff0c\u600e\u4e48\u8fd8\u6ca1\u6062\u590d\u66f4\u65b0\u554a\uff1f"}, {"userName": "\u5929\u592a\u4e00\u9f99", "userReviewDate": "2018-06-03", "userURL": "https://my.qidian.com/user/224512254", "userReview": "\u592a\u76d1\u55bd\uff0c\u4f5c\u4e3a\u4e00\u4e2a\u8bfb\u8005\uff0c\u592a\u6124\u6012\u4e86\uff0c\u6240\u4ee5\u6211\u8981\u770b\u4e00\u672c\u4e66\uff0c\u8981\u5b66\u4e60\u6211\u7684\u7cbe\u795e\u5b8c\u7ed3\u4e0d\u592a\u76d1\u3002"}, {"userName": "\u5f80\u4f9d\u6765\u970f", "userReviewDate": "2018-06-03", "userURL": "https://my.qidian.com/user/200803036", "userReview": "\u4f5c\u8005\u610f\u5916\u4e86"}, {"userName": "\u4e3a\u4ec0\u4e48\u5168\u5b58\u5728", "userReviewDate": "2018-05-30", "userURL": "https://my.qidian.com/user/214273852", "userReview": "\u8fd8\u4e0d\u66f4\u65b0\u5417\uff1f"}, {"userName": "\u5de6\u53f3\u7231\u60c5", "userReviewDate": "2018-05-30", "userURL": "https://my.qidian.com/user/196640692", "userReview": "\u8c8c\u4f3c\u8981\u56de\u5f52\u7684\u8282\u594f\u2026\u2026\u63a8\u8350\u7968\u6709\u4e0a\u5347\u2026\u2026\u7ed9\u4f5c\u8005\u4e00\u70b9\u52a8\u529b\u5427\uff0c\u63a8\u8350\u7968\u5927\u5bb6\u7ed9\u4e00\u7ed9\uff0c\u80fd\u6253\u8d4f\u7684\u5c31\u66f4\u68d2\u54af\u2026"}, {"userName": "tiantian19", "userReviewDate": "2018-05-29", "userURL": "https://my.qidian.com/user/503889", "userReview": "\u6211\u89c9\u5f97\u5199\u7684\u4e0d\u9519\uff0c\u4f5c\u8005\u7684\u786e\u662f\u6709\u91cd\u8981\u7684\u4e8b\u60c5\u7684\u8bdd\uff0c\u53ef\u4ee5\u7406\u89e3\u7684\uff0c\u4e0d\u4f1a\u4e0b\u67b6\uff0c\u7b49\u5f85\u66f4\u65b0\u3002"}, {"userName": "\u5b99\u65af\u76d8\u53e4", "userReviewDate": "2018-05-28", "userURL": "https://my.qidian.com/user/7512698", "userReview": "\u8bf4\u5b9e\u8bdd\uff0c\u6700\u8fd1\u8fd9\u6279\u597d\u591a\u5f88\u597d\u7684\u6709\u667a\u5546\u7684\u4e66\u8ba2\u9605\u90fd\u5f88\u4f4e\u3002\u6bd4\u5982\u8fd9\u4e2a\uff0c\u6bd4\u5982\u90a3\u4e2a\u5730\u7403\u5f00\u59cb\u3002\u4e5f\u4e0d\u77e5\u9053\u662f\u600e\u4e48"}, {"userName": "\u96f7\u7206\u7535\u5149", "userReviewDate": "2018-05-26", "userURL": "https://my.qidian.com/user/86755", "userReview": "\u6211\u90fd\u4ee5\u4e3a\u51c9\u51c9\u4e86"}, {"userName": "zhuizhuo\u8ffd\u6c42\u6267\u7740", "userReviewDate": "2018-05-25", "userURL": "https://my.qidian.com/user/228393836", "userReview": "\u672c\u6765\u90fd\u51c6\u5907\u770b\u672c\u4e66\u4e86\uff0c\u53ef\u662f\u4e00\u770b\u8fd9\u4e2a\u67b6\u52bf\uff0c\u53ef\u6709\u70b9\u4e0d\u6562\u770b\u4e86\u3002"}, {"userName": "\u536b\u6d77", "userReviewDate": "2018-05-25", "userURL": "https://my.qidian.com/user/85299", "userReview": "\u600e\u4e48\u5199\u4e00\u672c\u5c31\u592a\u76d1\u4e00\u672c\uff1f"}], "description": "\u8086\u610f\u6325\u6d12\u6fc0\u60c5\u7684\u6e38\u620f\u4eba\u751f\uff0c\u6253\u7834\u73b0\u5b9e\u6846\u67b6\u7684\u65e0\u5c3d\u5e7b\u60f3\uff01", "title": "\u5168\u7403\u7a7f\u8d8a\u65f6\u4ee3", "url": "https://book.qidian.com/info/1010893996", "average": -1.0, "cover": "//qidian.qpic.cn/qdbimg/349573/1010893996/180", "reviews": -1, "authors": [{"url": "https://me.qidian.com/authorIndex.aspx?id=12663427", "name": "\u695a\u7559\u5148"}], "type": ["\u6e38\u620f", "\u6e38\u620f\u5f02\u754c"], "outlinks": ["https://book.qidian.com/info/1010893996", "https://book.qidian.com/info/1009894690", "https://book.qidian.com/info/1009894690", "https://book.qidian.com/info/1005005822", "https://book.qidian.com/info/1005005822", "https://book.qidian.com/info/1010900779", "https://book.qidian.com/info/1010900779", "https://book.qidian.com/info/1009266172", "https://book.qidian.com/info/1009266172", "https://book.qidian.com/info/1010922231", "https://book.qidian.com/info/1010922231", "https://book.qidian.com/info/1005005767", "https://book.qidian.com/info/1005005767", "https://book.qidian.com/info/1009562377", "https://book.qidian.com/info/1009562377", "https://book.qidian.com/info/1011944539", "https://book.qidian.com/info/1011967882", "https://book.qidian.com/info/1011856614", "https://book.qidian.com/info/1011979301", "https://book.qidian.com/info/1010667415", "https://book.qidian.com/info/1011736169", "https://book.qidian.com/info/1011797289", "https://book.qidian.com/info/1011808514", "https://book.qidian.com/info/1011901619", "https://book.qidian.com/info/1011962316"]}