{"ratings": 0.0, "userreviews": [{"userName": "\u72ec\u9189\u5929\u5d16", "userReviewDate": "24\u5206\u949f\u524d", "userURL": "https://my.qidian.com/user/2500375", "userReview": "\u633a\u597d\u770b\u7684\uff01\u5c31\u662f\u5341\u5206\u6c34\uff0c\u53ef\u80fd\u662f\u4e0a\u672c\u4e66\u540e\u671f\u7559\u4e0b\u7684\u540e\u9057\u75c7\uff01\u60c5\u8282\u5c55\u5f00\u6709\u70b9\u6162\uff01"}, {"userName": "\u6881\u7b71\u6d01", "userReviewDate": "31\u5206\u949f\u524d", "userURL": "https://my.qidian.com/user/201617717", "userReview": "\u65b0\u4e66\u62a5\u9053\u4e86\uff0c\u4eba\u7a7750\u5e01\u4e00\u697c\uff0c\u4e00\u767e\u4e00\u7ed3[fn=31][fn=31][fn=31]"}, {"userName": "\u6211\u60f3\u4f60\u662f\u7231\u6211\u7684", "userReviewDate": "2\u5c0f\u65f6\u524d", "userURL": "https://my.qidian.com/user/2529238", "userReview": "\u8bf7\u7ee7\u7eed\u4f60\u7684\u8868\u6f14\u5427\uff01\u9a9a\u5e74"}, {"userName": "\u5218\u91d1\u67f1", "userReviewDate": "2\u5c0f\u65f6\u524d", "userURL": "https://my.qidian.com/user/123220259", "userReview": "\u8001\u9e70\u771f\u662f\u611a\u8822\u5199\u8fd9\u4e2a\u9898\u6750\uff0c\u8d22\u6e90\u8fd9\u4e2a\u9898\u6750\uff0c\u672c\u8eab\u79ef\u7d2f\u7684\u4eba\u7fa4\u90fd\u662f\u90fd\u5e02\u73b0\u5b9e\u7c7b\uff0c\u541b\u4e0d\u89c1\u51e0\u4e2a\u6362\u9898\u6750\u80fd\u5199\u597d"}, {"userName": "\u5f39\u6307ai\u7ea2\u989c", "userReviewDate": "2\u5c0f\u65f6\u524d", "userURL": "https://my.qidian.com/user/193117613", "userReview": "\u7b7e\u5230\u5566\u5566\u5566\u5566\u5566\uff0c\u8fd9\u4e2a\u9898\u6750\u4e0d\u9519\u554a\uff0c\u540e\u671f\u4e5f\u53ef\u4ee5\u53d1\u5c55\u51fa\u5730\u7403\u3002\u867d\u7136\u521a\u5f00\u59cb\u6709\u70b9\u5c34\u5c2c\uff0c\u4f46\u73b0\u5728\u597d\u4e00\u70b9\u4e86\u3002"}, {"userName": "\u8ffd\u5fc63795", "userReviewDate": "2\u5c0f\u65f6\u524d", "userURL": "https://my.qidian.com/user/226829506", "userReview": "\u672c\u6765\u671f\u5f85\u5546\u4e1a\u6587\u7684\u3002\u6ca1\u60f3\u5230\u5c0f\u9e21\u8981\u6311\u6218\u7384\u5e7b\uff0c\u5e0c\u671b\u4f60\u80fd\u6210\u529f\uff01\u53ea\u8981\u5199\u7684\u597d\u5c31\u884c\uff0c\u53cd\u6b63\u4ec0\u4e48\u7c7b\u578b\u7684\u5c0f\u8bf4\u90fd"}, {"userName": "\u5609\u6587\u56db\u4e16WWE", "userReviewDate": "3\u5c0f\u65f6\u524d", "userURL": "https://my.qidian.com/user/228656235", "userReview": "\u4f60\u8fd9\u9898\u6750\u5199\u9519\u4e86\uff0c\u90fd\u662f\u90fd\u5e02\u6587\u7c89\u4e1d\uff0c\u4f60\u5199\u8fd9\u4e2a\u6839\u672c\u770b\u4e0d\u4e0b\u53bb"}, {"userName": "\u4e66\u9999\u4e66\u5473", "userReviewDate": "3\u5c0f\u65f6\u524d", "userURL": "https://my.qidian.com/user/312533360", "userReview": "\u6211\u60f3\u8d77\u6765\u6211\u8981\u53d1\u4ec0\u4e48\u8bc4\u8bba\u4e86\uff01\u96f6\u516b\u5e74\u5341\u4e8c\u4e09\u5c81\u7684\u65b9\u5706\uff0c\u5706\u6eda\u6eda\u8ddf\u6211\u5dee\u4e0d\u591a\u5927\u5440\uff01\u840c\u840c\u54d2\u7684\u5706\u6eda\u6eda\uff0c(\ufe36"}, {"userName": "\u4e00\u987f\u5927\u9910", "userReviewDate": "3\u5c0f\u65f6\u524d", "userURL": "https://my.qidian.com/user/187505629", "userReview": "\u6709\u4eba\u652f\u6301\u76df\u4e3b\u5417 \u4e00\u697c\u4e00\u767e \u62d2\u7edd\u5237\u697c \u4e0a\u67b6\u5151\u73b0 \u7ed9\u6211\u70b9\u65f6\u95f4\u642c\u7816\u6323\u94b1"}, {"userName": "\u5355\u8eab\u662f\u4e00\u79cd\u751f\u6d3b\u6001\u5ea6", "userReviewDate": "3\u5c0f\u65f6\u524d", "userURL": "https://my.qidian.com/user/159197007", "userReview": "\u8001\u4e66\u8fc7\u6765\u7684\u5144\u5f1f\u7b7e\u4e2a\u5230\u5427\uff01"}, {"userName": "\u72c2\u75af\u6d6a\u7239", "userReviewDate": "4\u5c0f\u65f6\u524d", "userURL": "https://my.qidian.com/user/2383291", "userReview": "\u662f\u6211\u592a\u7a77\u4e86\u5417\uff0c\u90a3\u4e00\u697c10\u5e01\u3002\u5343\u697c\u4e00\u7ed3\u4e07\u697c\u5c01\u9876\u3002\u4e0d\u8981\u770b\u6211\u7a77\uff0c\u4f46\u662f\u6211\u4eba\u7a77\u5fd7\u4e0d\u7a77"}, {"userName": "F\u4e36F", "userReviewDate": "4\u5c0f\u65f6\u524d", "userURL": "https://my.qidian.com/user/302626741", "userReview": "Emmm  \u65b0\u624b\u5f00\u53d1\u5546   \u5efa\u4e2a\u76df\u4e3b\u697c\u5427[fn=25][fn=25]   \u4e00\u697c\u4e00\u767e  \u76df\u4e3b"}, {"userName": "\u661f\u9645~\u98de\u9c7c", "userReviewDate": "4\u5c0f\u65f6\u524d", "userURL": "https://my.qidian.com/user/213462201", "userReview": "\u5fcd\u4e0d\u4f4f\u5f00\u770b\u4e86\uff0c\u73b0\u5728\u540e\u6094\u4e86\uff0c\u53c8\u8981\u8ffd\u7740\u770b\uff0c\u5fc3\u75d2\u75d2\u7684"}, {"userName": "479953537", "userReviewDate": "4\u5c0f\u65f6\u524d", "userURL": "https://my.qidian.com/user/219185359", "userReview": "\u674e\u4e2d\u5357\u6765\u62a5\u9053\uff0c\u6bcf\u6402\u4e00\u767e\u5e01\uff0c\u4e00\u4e2a\u9ec4\u91d1\u76df\u7ed3\u4e00\u6b21\uff0c\u6b22\u8fce\u5237\u697c"}], "description": "\u91cd\u751f\u8fc7\u53bb\u3001\u7545\u60f3\u672a\u6765\u3001\u68a6\u5e7b\u73b0\u5b9e\uff0c\u518d\u5851\u4f20\u5947\u4eba\u751f\uff01", "title": "\u5168\u7403\u9ad8\u6b66", "url": "https://book.qidian.com/info/1012237441", "average": -1.0, "cover": "//qidian.qpic.cn/qdbimg/349573/1012237441/180", "reviews": -1, "authors": [{"url": "https://me.qidian.com/authorIndex.aspx?id=3228548", "name": "\u8001\u9e70\u5403\u5c0f\u9e21"}], "type": ["\u90fd\u5e02", "\u5f02\u672f\u8d85\u80fd"], "outlinks": ["https://book.qidian.com/info/1012237441", "https://book.qidian.com/info/1003580078", "https://book.qidian.com/info/1003580078", "https://book.qidian.com/info/3681640", "https://book.qidian.com/info/3681640", "https://book.qidian.com/info/1005291434", "https://book.qidian.com/info/1005291434", "https://book.qidian.com/info/1001815789", "https://book.qidian.com/info/1001815789", "https://book.qidian.com/info/3623463", "https://book.qidian.com/info/3623463", "https://book.qidian.com/info/3347952", "https://book.qidian.com/info/3347952", "https://book.qidian.com/info/1003580078", "https://book.qidian.com/info/1003580078", "https://book.qidian.com/info/1011932150", "https://book.qidian.com/info/1012029544", "https://book.qidian.com/info/1012015699", "https://book.qidian.com/info/1012018201", "https://book.qidian.com/info/1011879101", "https://book.qidian.com/info/1011790606", "https://book.qidian.com/info/1011971435", "https://book.qidian.com/info/1009695534", "https://book.qidian.com/info/1011890878", "https://book.qidian.com/info/1010537314"]}