{"ratings": 0.0, "userreviews": [{"userName": "\u4e66\u53cb110712125148179", "userReviewDate": "2018-05-26", "userURL": "https://my.qidian.com/user/130433117", "userReview": "\u633a\u6709\u65b0\u610f\u7684\u4e00\u672c\u4e66\uff0c\u7ee7\u7eed\u5173\u6ce8\uff0c\u5e0c\u671b\u4e0d\u8981\u80be\u865a\u3002"}, {"userName": "\u6728\u5320\u5320\u6728", "userReviewDate": "2018-05-23", "userURL": "https://my.qidian.com/user/7632717", "userReview": "\u57fa\u672c\u5e38\u8bc6\u8fd8\u662f\u8981\u6709\u7684:\u5149\u5e74\u662f\u4e00\u4e2a\u957f\u5ea6\u5355\u4f4d\uff0c\u4e00\u5343\u5149\u5e74\u5373\u5149\u8981\u8d70\u4e00\u5343\u5e74\uff0c\u4ece\u5149\u53d1\u51fa\uff0c\u4ee5\u5149\u901f\u4f20\u64ad\uff0c\u4e00\u5343"}, {"userName": "\u4e0a\u5b98\u5927\u53f8\u9a6c", "userReviewDate": "12\u5c0f\u65f6\u524d", "userURL": "https://my.qidian.com/user/305779580", "userReview": "\u6709\u6ca1\u6709\u6bd2\uff1f"}, {"userName": "\u840c\u840c\u9e22\u4e00\u6298\u7eb8", "userReviewDate": "16\u5c0f\u65f6\u524d", "userURL": "https://my.qidian.com/user/214348974", "userReview": "\u561b\u6211\u4eec\u6240\u5728\u7684\u5b87\u5b99 \u79d1\u6280\u624d\u662f\u6700\u5389\u5bb3\u7684  \u6240\u8c13\u4fee\u70bc\u8005\u4e0d\u8fc7\u662f\u866b\u5b50  \u4e3b\u4e0d\u5728\u4e4e"}, {"userName": "\u767d\u6cfd\u5927\u5e1d", "userReviewDate": "2018-06-04", "userURL": "https://my.qidian.com/user/172130554", "userReview": "\u521a\u770b\u7b2c\u4e00\u7ae0\u3002\u3002\u3002\u4f5c\u8005\u7269\u7406\u6015\u662f\u770b\u95e8\u7684\u79e6\u5927\u7237\u4ea4\u7684\u3002\u3002\u3002"}, {"userName": "\u9547\u5929\u5357", "userReviewDate": "2018-06-03", "userURL": "https://my.qidian.com/user/213281767", "userReview": "\u8bf7\u95ee\u8fd9\u672c\u4e66\u4e66\u662f\u5f18\u626c\u4eba\u7c7b\u547d\u8fd0\u5171\u540c\u4f53\u8fd9\u4e00\u5148\u8fdb\u7406\u5ff5\u7684\u5417\uff1f"}, {"userName": "\u4e66\u53cb110712125148179", "userReviewDate": "2018-05-31", "userURL": "https://my.qidian.com/user/130433117", "userReview": "\u7b7e\u5230\uff0c\u53ef\u4ee5\u76d6\u4e00\u5ea7\u697c\u3002"}, {"userName": "\u6211\u7684\u59b9\u59b9\u53eb\u96cf\u75301198", "userReviewDate": "2018-05-30", "userURL": "https://my.qidian.com/user/316868255", "userReview": "\u7b7e\u5230\u76d6\u697c\u5904"}, {"userName": "\u4e0a\u5b98\u5927\u53f8\u9a6c", "userReviewDate": "2018-05-28", "userURL": "https://my.qidian.com/user/305779580", "userReview": "\u8fd9\u4e66\u725b\u903c\u554a\u554a\u554a\u554a"}, {"userName": "\u5d29\u574f\u7684\u8111\u888b", "userReviewDate": "2018-05-27", "userURL": "https://my.qidian.com/user/214233447", "userReview": "\u6211\u60f3\u770b\u4e94\u5e38\u6d41\u6c13\u7684\u2026\u2026"}, {"userName": "\u5760\u5929\u884c", "userReviewDate": "2018-05-27", "userURL": "https://my.qidian.com/user/213774028", "userReview": "\u4e0d\u9519\uff0c\u5feb\u66f4\u65b0\uff01"}, {"userName": "\u4e66\u53cb110712125148179", "userReviewDate": "2018-05-27", "userURL": "https://my.qidian.com/user/130433117", "userReview": "\u597d\u4e66\u8981\u5438\u5f15\u4eba\uff0c\u5fc5\u987b\u591a\u591a\u66f4\u3002\u66f4\u7684\u5c11\u4e86\u8d8a\u6765\u8d8a\u6ca1\u6709\u770b\u7684\u52a8\u529b\u4e86\u3002"}, {"userName": "\u4e03\u79d2\u8bb0\u5fc6\u82b1", "userReviewDate": "2018-05-26", "userURL": "https://my.qidian.com/user/311715193", "userReview": "\u501f\u4e66\u4e3b\u697c\u63a8\u8350\u4e00\u4e0b\u300a\u5c0f\u9b3c\u96c7\u4f63\u5175\u300b\uff0c\u867d\u7136\u6211\u81ea\u5df1\u77e5\u9053\u6253\u5e7f\u544a\u4e0d\u597d\uff0c\u4f46\u662f\u65b0\u4eba\u4f5c\u8005\u8fd8\u662f\u60f3\u54ea\u6015\u591a\u4e00\u4e24\u4e2a\u8bfb"}, {"userName": "\u4e66\u53cb20170722121628201", "userReviewDate": "2018-05-26", "userURL": "https://my.qidian.com/user/305639625", "userReview": "\u5c0f\u8bf4\u300a\u4e61\u8840\u300b\u8868\u793a\u652f\u6301\uff01"}], "description": "\u3010\u7f51\u6587\u4e4b\u738b\u7384\u5e7b\u201cBOSS\u6d41\u201d\u5f81\u6587\u3011\u53c2\u8d5b\u4f5c\u54c1", "title": "\u5168\u7403\u4eba\u7684\u547d\u8fd0", "url": "https://book.qidian.com/info/1011923476", "average": -1.0, "cover": "//qidian.qpic.cn/qdbimg/349573/1011923476/180", "reviews": -1, "authors": [{"url": "https://me.qidian.com/authorIndex.aspx?id=400374190", "name": "\u72ee\u6bdb"}], "type": ["\u7384\u5e7b", "\u4e1c\u65b9\u7384\u5e7b"], "outlinks": ["https://book.qidian.com/info/1011923476", "https://book.qidian.com/info/1004608738", "https://book.qidian.com/info/1004608738", "https://book.qidian.com/info/1010468795", "https://book.qidian.com/info/1010468795", "https://book.qidian.com/info/1009329519", "https://book.qidian.com/info/1009329519", "https://book.qidian.com/info/1003651309", "https://book.qidian.com/info/1003651309", "https://book.qidian.com/info/1009704712", "https://book.qidian.com/info/1009704712", "https://book.qidian.com/info/1004073922", "https://book.qidian.com/info/1004073922", "https://book.qidian.com/info/1011592149", "https://book.qidian.com/info/1011592149", "https://book.qidian.com/info/1011988403", "https://book.qidian.com/info/1009595922", "https://book.qidian.com/info/1011844784", "https://book.qidian.com/info/1011892497", "https://book.qidian.com/info/1011095320", "https://book.qidian.com/info/1011996851", "https://book.qidian.com/info/1011856434", "https://book.qidian.com/info/1011879207", "https://book.qidian.com/info/1011833256", "https://book.qidian.com/info/1011967674"]}