{"ratings": 0.0, "userreviews": [{"userName": "\u53d6\u540d\u5b57\u9019\u64cb\u4e8b\u561b", "userReviewDate": "11\u5c0f\u65f6\u524d", "userURL": "https://my.qidian.com/user/310628168", "userReview": "\u600e\u7a81\u7136\u4e00\u7ae0\u6d88\u5931\u4e86\u554a \u88ab\u5c01\u4e86\u55ce"}, {"userName": "\u6211\u7231\u7f8a\u7f8a", "userReviewDate": "2018-06-07", "userURL": "https://my.qidian.com/user/1729935", "userReview": "\u7ee7\u7eed\u52a0\u6cb9\u5427\uff01"}, {"userName": "\u6211\u662fMTOTM", "userReviewDate": "2018-06-07", "userURL": "https://my.qidian.com/user/229896330", "userReview": "\u4f5c\u8005\u662f\u4e0d\u662f\u53e6\u6709\u6240\u7231\u4e86\uff0c\u66f4\u65b0\u8fd9\u4e48\u6162\uff0c\u65b0\u7684\u5c0f\u8bf4\u5728\u90a3\u63ed\u53d1\u4e00\u4e0b\u540d\u5b57\u5144\u5f1f\u4eec"}, {"userName": "\u6211\u7231\u7f8a\u7f8a", "userReviewDate": "2018-06-06", "userURL": "https://my.qidian.com/user/1729935", "userReview": "\u518d\u63a5\u518d\u5389\u5427\uff01"}, {"userName": "\u6211\u7231\u7f8a\u7f8a", "userReviewDate": "2018-06-05", "userURL": "https://my.qidian.com/user/1729935", "userReview": "\u7ee7\u7eed\u52a0\u6cb9\u5427\uff01"}, {"userName": "\u72fc\u773c\u775b", "userReviewDate": "2018-06-05", "userURL": "https://my.qidian.com/user/313823985", "userReview": "6666666"}, {"userName": "\u72ec\u7231\u5c0f\u57ce\u6545\u4e8b", "userReviewDate": "2018-06-04", "userURL": "https://my.qidian.com/user/201474028", "userReview": "\u611f\u89c9\u8d8a\u6765\u8d8a\u6c34\u4e86\uff0c\u6ca1\u6709\u4ee5\u524d\u5199\u7684\u597d\uff0c\u611f\u89c9\u8981\u592a\u76d1\u4e86"}, {"userName": "\u6211\u7684\u59b9\u59b9\u53eb\u96cf\u75301268", "userReviewDate": "2018-06-03", "userURL": "https://my.qidian.com/user/316935572", "userReview": "\u7b7e\u5230\u5566\uff0c\u5feb\u6765\u5440"}, {"userName": "\u6211\u7231\u7f8a\u7f8a", "userReviewDate": "2018-06-03", "userURL": "https://my.qidian.com/user/1729935", "userReview": "\u518d\u63a5\u518d\u5389\u5427\uff01"}, {"userName": "\u4e66\u53cb20170318203314020", "userReviewDate": "2018-06-03", "userURL": "https://my.qidian.com/user/230922594", "userReview": "\u5f88\u6076\u5fc3\uff0c\u5c0f\u80d6\u8fd8\u597d\uff0c\u7b2c\u4e8c\u4e2a\u89d2\u8272\u5c31\u5f00\u59cb\u6076\u5fc3\u4eba\u4e86\uff0c\u4e00\u4e2a\u5341\u56db\u5c81\u7684\u5973\u5b69\u513f\uff0c\u542c\u8bf4\u522b\u4eba\u5bb6\u6559\u5f88\u5389\u5bb3\uff0c\u5c31\u8dd1\u8fc7"}, {"userName": "\u7d2b\u7af9\u82d1\u60c5\u6b4c", "userReviewDate": "2018-06-02", "userURL": "https://my.qidian.com/user/230743542", "userReview": "\u652f\u6301\u4e00\u4e0b\u5427\ud83d\ude0a\uff01"}, {"userName": "\u7d2b\u7af9\u82d1\u60c5\u6b4c", "userReviewDate": "2018-06-02", "userURL": "https://my.qidian.com/user/230743542", "userReview": "\u652f\u6301\u4e00\u4e0b\u5427\ud83d\ude0a\uff01"}, {"userName": "\u6211\u7231\u7f8a\u7f8a", "userReviewDate": "2018-06-01", "userURL": "https://my.qidian.com/user/1729935", "userReview": "\u518d\u63a5\u518d\u5389\u5427\uff01"}, {"userName": "\u840c\u840c\u54d2\u541b\u541b", "userReviewDate": "2018-05-31", "userURL": "https://my.qidian.com/user/222630476", "userReview": "\u6bd2\u53d1\u8eab\u4ea1\uff01\uff01\uff01\uff01\u8c01\u628a\u5b83\u52a0\u8fdb\u65e0\u5973\u4e3b\u4e66\u5355\u7684\uff0c\u51fa\u6765\uff0c\u6211\u4eec\u804a\u804a\u4eba\u751f\uff01\uff01\uff01\u4eba\u5bb6\u624d17\u5c81\u554a\uff0c\u4f60\u600e\u4e48\u4e0b\u5f97"}], "description": "\u91cd\u751f\u8fc7\u53bb\u3001\u7545\u60f3\u672a\u6765\u3001\u68a6\u5e7b\u73b0\u5b9e\uff0c\u518d\u5851\u4f20\u5947\u4eba\u751f\uff01", "title": "\u5168\u804c\u4e1a\u8bad\u7ec3\u5e08", "url": "https://book.qidian.com/info/1009910214", "average": -1.0, "cover": "//qidian.qpic.cn/qdbimg/349573/1009910214/180", "reviews": -1, "authors": [{"url": "https://me.qidian.com/authorIndex.aspx?id=400280441", "name": "\u5341\u4e2a\u83b2\u84ec"}], "type": ["\u90fd\u5e02", "\u5546\u6218\u804c\u573a"], "outlinks": ["https://book.qidian.com/info/1009910214", "https://book.qidian.com/info/1009710728", "https://book.qidian.com/info/1009710728", "https://book.qidian.com/info/1010025369", "https://book.qidian.com/info/1010025369", "https://book.qidian.com/info/1010908372", "https://book.qidian.com/info/1010908372", "https://book.qidian.com/info/1009834308", "https://book.qidian.com/info/1009834308", "https://book.qidian.com/info/1005129427", "https://book.qidian.com/info/1005129427", "https://book.qidian.com/info/1010466428", "https://book.qidian.com/info/1010466428", "https://book.qidian.com/info/1011932150", "https://book.qidian.com/info/1012029544", "https://book.qidian.com/info/1012015699", "https://book.qidian.com/info/1012018201", "https://book.qidian.com/info/1011879101", "https://book.qidian.com/info/1011790606", "https://book.qidian.com/info/1011971435", "https://book.qidian.com/info/1009695534", "https://book.qidian.com/info/1011890878", "https://book.qidian.com/info/1010537314"]}