{"ratings": 0.0, "userreviews": [{"userName": "\u6e56\u7554\u9a91\u58eb", "userReviewDate": "2017-10-04", "userURL": "https://my.qidian.com/user/152420604", "userReview": "\u7b7e\u5230\u697c\u867d\u7136\u672c\u4e66\u5df2\u7ecf\u5b8c\u672c\u4e86\uff0c\u4f5c\u8005\u8fd8\u5728\u7b79\u5907\u65b0\u4e66\u3002\u90a3\u4e48\uff0c\u559c\u6b22\u672c\u4e66\u7684\u5c31\u6765\u76d6\u4e2a\u697c\u5427~~"}, {"userName": "\u6e56\u7554\u9a91\u58eb", "userReviewDate": "2017-06-28", "userURL": "https://my.qidian.com/user/152420604", "userReview": "\u4e3a\u4e86\u4e0d\u5f71\u54cd\u4e66\u8bc4\u533a\u5927\u5bb6\u7684\u8ba8\u8bba\u4e0e\u5410\u69fd\uff0c\u8fd8\u6709\u5404\u79cd\u9017\u6bd4\u6bb5\u5b50\u624b\u3002\u8bf7\u9700\u8981\u5ba3\u4f20\u81ea\u5df1\u4e66\u7684\u670b\u53cb\uff0c\u8bf7\u96c6\u4e2d\u5728\u6b64\u5e16"}, {"userName": "\u8d8a\uff0c\u75d5", "userReviewDate": "2016-07-05", "userURL": "https://my.qidian.com/user/129755637", "userReview": "\u8bdd\u8bf4\uff0c\u65e2\u7136\u6a21\u677f\u4e4b\u95f4\u53ef\u4ee5\u76f8\u4e92\u8f6c\u5316\uff0c\u4e24\u4e2a\u5927\u5956\u82f1\u96c4\u6a21\u677f\u8981\u6c42\u7684\u662f\u201c\u6709\u8da3\u7684\u7ecf\u5386\u201d\uff0cBOSS\u6a21\u677f\u8981\u6c42\u7684"}, {"userName": "\u708e\u706b\u795e", "userReviewDate": "2016-06-17", "userURL": "https://my.qidian.com/user/4091727", "userReview": "\u708e\u706b\u795e\u6253\u8d4f\u5b9d\u6708\u6d41\u5149 100000\u8d77\u70b9\u5e01\u3000\u8fd9\u672c\u4e66\u5199\u7684\u592a\u597d\u4e86,\u7292\u52b3\u4e00\u4e0b\u5e0c\u671b\u540e\u7eed\u66f4\u7cbe\u5f69!"}, {"userName": "\u4e07\u519b\u8fc7\u5883", "userReviewDate": "22\u5c0f\u65f6\u524d", "userURL": "https://my.qidian.com/user/201226963", "userReview": "\u6211\u662f\u771f\u7684\u70e6\u4e00\u4e9b\u4f5c\u8005\u5f00\u65b0\u4e66\u5c31\u628a\u8001\u4e66\u7684\u7b80\u4ecb\u7ed9\u5220\u4e86\u7136\u540e\u63a8\u65b0\u4e66\uff0c\u4f60\u5728\u540e\u9762\u6216\u524d\u9762\u52a0\u4e00\u6bb5\u4e0d\u884c\u4e48\uff1f\u975e\u8981\u628a"}, {"userName": "zyzwr", "userReviewDate": "2018-06-03", "userURL": "https://my.qidian.com/user/5228002", "userReview": "\u7b7e\u5230\u6c34\u7ecf\u9a8c"}, {"userName": "\u964c\u4e0a\u82b1\u6e6e\u9ed8", "userReviewDate": "2018-05-29", "userURL": "https://my.qidian.com/user/305409997", "userReview": "\u94b1\u5230\u6c34\u7ecf\u9a8c"}, {"userName": "\u4e07\u6c34\u5343\u5c71\u5c3d", "userReviewDate": "2018-05-29", "userURL": "https://my.qidian.com/user/315785394", "userReview": "\u524d\u4e00\u534a\u53ef\u4ee5\u770b\uff0c\u540e\u9762\u6211\u6000\u7591\u4f5c\u8005\u90fd\u4e0d\u77e5\u9053\u81ea\u5df1\u5728\u5199\u4ec0\u4e48\u3002\u3002\u3002"}, {"userName": "zyzwr", "userReviewDate": "2018-05-16", "userURL": "https://my.qidian.com/user/5228002", "userReview": "\u7b7e\u5230\u6c34\u7ecf\u9a8c"}, {"userName": "\u6beb\u5fae\u7eb3\u76ae\u98de", "userReviewDate": "2018-05-03", "userURL": "https://my.qidian.com/user/230674721", "userReview": "\u7b7e\u5230\u6c34\u7ecf\u9a8c"}, {"userName": "\u516d\u9053\u7b2c\u4e00\u6ed1\u7a3d", "userReviewDate": "2018-05-01", "userURL": "https://my.qidian.com/user/214599399", "userReview": "\u770b\u8fd9\u672c\u4e66\u611f\u89c9\u5f88\u86cb\u75bc\uff0c\u770b\u4e3b\u89d2\u4e3a\u4e86300w\u7684\u94b1\u75b2\u4e8e\u5954\u547d\uff0c\u4e00\u4e2a\u51e0\u4ebf\u4eba\u7684\u6e38\u620f\uff0c\u505a\u5230\u602a\u7269\u699c\u7b2c\u56db\uff0c\u8fd8\u4e00"}, {"userName": "zyzwr", "userReviewDate": "2018-04-23", "userURL": "https://my.qidian.com/user/5228002", "userReview": "\u7b7e\u5230\u6c34\u7ecf\u9a8c"}, {"userName": "\u7384\u9f99\u541f", "userReviewDate": "2018-04-11", "userURL": "https://my.qidian.com/user/213854026", "userReview": "\u300a\u82cd\u7a79\u4e16\u754c\u300b\u65b0\u578b\u6536\u8d39\u7f51\u6e38\uff0c\u4e0d\u662f\u9053\u5177\u6536\u8d39\uff0c\u4e0d\u662f\u65f6\u95f4\u6536\u8d39\uff0c\u800c\u662f\u6a21\u677f\u6536\u8d39\u3002    \u602a\u7269\u6a21\u677f\u3001\u5b88\u536b"}, {"userName": "zyzwr", "userReviewDate": "2018-04-10", "userURL": "https://my.qidian.com/user/5228002", "userReview": "\u7b7e\u5230\u6c34\u7ecf\u9a8c"}], "description": "\u6536\u8d39\u6a21\u7248\uff0c\u53ef\u4ee5\u5e2e\u52a9\u4f60\u6210\u4e3a\u6e38\u620f\u4e2d\u7684\u4efb\u610f\u89d2\u8272\uff0c\u5c0f\u602a\u7269\u7684BOSS\u6210\u957f\u8def\u3002", "title": "\u5168\u804cBOSS", "url": "https://book.qidian.com/info/1001794116", "average": -1.0, "cover": "//qidian.qpic.cn/qdbimg/349573/1001794116/180", "reviews": -1, "authors": [{"url": "https://me.qidian.com/authorIndex.aspx?id=5857363", "name": "\u5b9d\u6708\u6d41\u5149"}], "type": ["\u6e38\u620f", "\u865a\u62df\u7f51\u6e38"], "outlinks": ["https://book.qidian.com/info/1001794116", "https://book.qidian.com/info/1007091338", "https://book.qidian.com/info/1007091338", "https://book.qidian.com/info/1010044301", "https://book.qidian.com/info/1010044301", "https://book.qidian.com/info/1010934998", "https://book.qidian.com/info/1010934998", "https://book.qidian.com/info/1010870870", "https://book.qidian.com/info/1010870870", "https://book.qidian.com/info/1010377389", "https://book.qidian.com/info/1010377389", "https://book.qidian.com/info/1010799024", "https://book.qidian.com/info/1010799024", "https://book.qidian.com/info/1005401455", "https://book.qidian.com/info/1005401455", "https://book.qidian.com/info/1010934998", "https://book.qidian.com/info/1010934998", "https://book.qidian.com/info/1011944539", "https://book.qidian.com/info/1011967882", "https://book.qidian.com/info/1011856614", "https://book.qidian.com/info/1011979301", "https://book.qidian.com/info/1010667415", "https://book.qidian.com/info/1011736169", "https://book.qidian.com/info/1011797289", "https://book.qidian.com/info/1011808514", "https://book.qidian.com/info/1011901619", "https://book.qidian.com/info/1011962316"]}