{"ratings": 0.0, "userreviews": [{"userName": "\u5415\u5929\u867e11897", "userReviewDate": "5\u5c0f\u65f6\u524d", "userURL": "https://my.qidian.com/user/315098415", "userReview": "\u6211\u60f3\uff0c\u6211\u5f97\u8bf4\u70b9\u4ec0\u4e48~~"}, {"userName": "\u98ce\u5fc6\u884c", "userReviewDate": "\u6628\u65e512:48", "userURL": "https://my.qidian.com/user/218742017", "userReview": "\u4f5c\u8005\u7ec6\u8282\u628a\u63e1\u7684\u4e0d\u592a\u597d\uff0c\u9996\u5148\u4e3b\u89d2\u662f\u4e2a\u5f53\u5175\u65f6\u6ca1\u6709\u6253\u4e2a\u591a\u5c11\u62a2\u7684\u9000\u5f79\u519b\u4eba\uff0c\u81f3\u5c11\u77e5\u9053\u4e00\u4e9b\u519b\u4e8b\u7d20\u517b\uff0c\u641e"}, {"userName": "\u987e\u558611111", "userReviewDate": "\u6628\u65e512:17", "userURL": "https://my.qidian.com/user/150469004", "userReview": "\u6240\u4ee5\u65e0\u70df\u706b\u836f\u4f60\u662f\u901a\u8fc7\u7cfb\u7edf\u53d8\u51fa\u6765\u7684\u4e48 "}, {"userName": "\u309b\u4e60\u60ef&#176;", "userReviewDate": "\u6628\u65e508:41", "userURL": "https://my.qidian.com/user/116267989", "userReview": "\u6709\u670b\u53cb\u5f53\u5175\u4e24\u5e74\u6ca1\u6253\u8fc7\u5b9e\u5f39\uff0c\u7a7a\u5305\u5f39\u4e5f\u6ca1\u6709\uff0c\u662f2010\u5e74\u5de6\u53f3\u5f53\u5175\u7684\uff0c\u4f60\u4eec\u4fe1\u4e0d\u4fe1\u3002"}, {"userName": "\u5b59\u51ef\u5f3a", "userReviewDate": "\u6628\u65e506:46", "userURL": "https://my.qidian.com/user/217930174", "userReview": "\u4f60\u4e0a\u67b6\u4e86\u5012\u662f\u7206\u53d1\u4e00\u4e0b\u554a\uff01\u80fd\u6025\u6b7b\u4e2a\u4eba\uff01\uff01\uff01"}, {"userName": "\u72ec\u77bb\u76db\u4e16", "userReviewDate": "\u6628\u65e502:34", "userURL": "https://my.qidian.com/user/202172294", "userReview": "\u5509\uff0c\u8fd9\u66f4\u65b0\u8981\u547d\u554a\uff0c\u8fd8\u662f\u5148\u517b\u7740\u5427\uff01\u5565\u65f6\u5019\u80a5\u4e86\u518d\u6740\uff01"}, {"userName": "\u5b59\u51ef\u5f3a", "userReviewDate": "2018-06-07", "userURL": "https://my.qidian.com/user/217930174", "userReview": "\u597d\u770b\u5417\uff1f\u5148\u517b\u7740\uff01"}, {"userName": "\u738b\u83ca\u957f", "userReviewDate": "2018-06-07", "userURL": "https://my.qidian.com/user/220950024", "userReview": "\u8fd9\u4e66\u540e\u53f0\u771f\u786c"}, {"userName": "\u98ce\u821e\u53f6\u4e4b\u96ea", "userReviewDate": "2018-06-07", "userURL": "https://my.qidian.com/user/119783711", "userReview": "\u7b7e\u5230\u6c34\u7ecf\u9a8c"}, {"userName": "\u65e0\u80fd\u7684\u82ad\u8549", "userReviewDate": "2018-06-07", "userURL": "https://my.qidian.com/user/10388537", "userReview": "\u5c3c\u739b\uff0c\u6ca1\u4e86\uff1f\u8fd9\u5c31\u6ca1\u4e86\uff1f\u6211\u7968\u90fd\u51c6\u5907\u597d\u4e86\u5c3c\u739b\u7adf\u7136\u6ca1\u4e86?\u770b\u6765\u8fd8\u5f97\u517b\u517b\uff01"}, {"userName": "\u67d0\u8d85", "userReviewDate": "2018-06-07", "userURL": "https://my.qidian.com/user/190786057", "userReview": "\u519b\u5de5\u7cfb\u7edf\uff0c\u4e0d\u662f\u519b\u5de5\u8bbe\u8ba1\u5e08"}, {"userName": "\u8ff7\u5931\u5728\u5730\u7403\u7684\u5916\u661f\u7efc\u5408\u8230", "userReviewDate": "2018-06-06", "userURL": "https://my.qidian.com/user/302095099", "userReview": "\ud83d\ude45\ud83d\ude45\ud83d\ude45\ud83d\ude45\ud83d\ude45\ud83d\ude45\ud83d\ude45"}, {"userName": "\u4e5d\u65f6\u5b63", "userReviewDate": "2018-06-06", "userURL": "https://my.qidian.com/user/215592799", "userReview": "\u7b7e\u5230\u3002\u3002\u3002\u3002"}, {"userName": "\u4e66\u6d77\u9057\u866b", "userReviewDate": "2018-06-06", "userURL": "https://my.qidian.com/user/3511172", "userReview": "\u8fd9\u8111\u6d1e\u771f\u662f\u6ca1\u7761\u4e86"}], "description": "\u3010\u519b\u4e8b\u5f81\u6587\u7b2c\u4e00\u5b63\u00b7\u8840\u67d3\u7ea2\u65d7\u6218\u4e0d\u4f11\u3011\u53c2\u8d5b\u4f5c\u54c1", "title": "\u5168\u80fd\u519b\u5de5\u8bbe\u8ba1\u5e08", "url": "https://book.qidian.com/info/1011724908", "average": -1.0, "cover": "//qidian.qpic.cn/qdbimg/349573/1011724908/180", "reviews": -1, "authors": [{"url": "https://me.qidian.com/authorIndex.aspx?id=8430306", "name": "\u8840\u6d77\u5175\u950b"}], "type": ["\u519b\u4e8b", "\u6218\u4e89\u5e7b\u60f3"], "outlinks": ["https://book.qidian.com/info/1011724908", "https://book.qidian.com/info/1011198650", "https://book.qidian.com/info/1011198650", "https://book.qidian.com/info/1007090268", "https://book.qidian.com/info/1007090268", "https://book.qidian.com/info/1009882772", "https://book.qidian.com/info/1009882772", "https://book.qidian.com/info/1010107766", "https://book.qidian.com/info/1010107766", "https://book.qidian.com/info/1003813524", "https://book.qidian.com/info/1003813524", "https://book.qidian.com/info/1011443047", "https://book.qidian.com/info/1011443047", "https://book.qidian.com/info/1004957683", "https://book.qidian.com/info/1004957683", "https://book.qidian.com/info/1011773651", "https://book.qidian.com/info/1011792881", "https://book.qidian.com/info/1011766727", "https://book.qidian.com/info/1011816033", "https://book.qidian.com/info/1011910483", "https://book.qidian.com/info/1011695819", "https://book.qidian.com/info/1011962771", "https://book.qidian.com/info/1011786182", "https://book.qidian.com/info/1011837374", "https://book.qidian.com/info/1011724908"]}