{"ratings": 0.0, "userreviews": [{"userName": "\u5415\u5929\u867e13222", "userReviewDate": "18\u5c0f\u65f6\u524d", "userURL": "https://my.qidian.com/user/316284939", "userReview": "\u7b7e\u5230\u7b7e\u5230\u554a"}, {"userName": "\u62ac\u9ad8", "userReviewDate": "\u6628\u65e510:14", "userURL": "https://my.qidian.com/user/158823908", "userReview": "\u524d\u4e24\u5f20\u8bf4\u4e3b\u89d2\u624b\u611f\uff0c\u7403\u5546\u90fd\u662f\u5929\u8d4b\uff0c\u4f46\u662f\u5728\u7a7a\u95f4\u7ec3\u4e866\u5e74\uff08\u5916\u9762\u4e24\u5e74\uff09\uff0c\u5feb\u901f\u51fa\u624b\u8fd8\u6ca1\u7ec3\u597d\uff0c\u7403\u961f\u6218\u672f"}, {"userName": "k\u4e36\u5b9d\u5b9d", "userReviewDate": "2018-06-07", "userURL": "https://my.qidian.com/user/217655987", "userReview": "\u4f5c\u8005\u592a\u538b\u7740\u4e3b\u89d2\u4e86\uff0c\u611f\u89c9\u7a7a\u95f4\u8bad\u7ec36\u5e74\u6ca1\u9e21\u513f\u7528\u554a"}, {"userName": "\u5339\u592b\u53ef\u4e3a\u5929\u4e0b\u5e08", "userReviewDate": "2018-05-31", "userURL": "https://my.qidian.com/user/231346109", "userReview": "\u732a\u811a\u662f\u5e7f\u573a\u821e\u625b\u628a\u5b50\u5927\u5f20\u4f1f"}, {"userName": "\u6668\u66e6\u9a84\u9633\u9ec4\u660f", "userReviewDate": "2018-05-31", "userURL": "https://my.qidian.com/user/196227022", "userReview": "\u89c9\u5f97\u5f88\u597d\uff0c\u5e0c\u671b\u89d2\u8272\u7684\u667a\u5546\uff0c\u4eba\u7269\uff0c\u60c5\u8282\uff0c\u4eba\u8bbe\u671f\u671b\u4e00\u76f4\u5728\u7ebf\u3002\u4e0d\u8981\u50cf\u6709\u7684\u5c0f\u8bf4\u4eba\u7269\u8ddf\u4eba\u7269\u7684\u4eba\u8bbe\u8ddf\u6027"}, {"userName": "\u6668\u66e6\u9a84\u9633\u9ec4\u660f", "userReviewDate": "2018-05-31", "userURL": "https://my.qidian.com/user/196227022", "userReview": "\u52a0\u6cb9\uff3e\uff10\uff3e~"}, {"userName": "\u8fc7\u5f80\u70df\u4e91111", "userReviewDate": "2018-05-30", "userURL": "https://my.qidian.com/user/228727986", "userReview": "\u5f20\u5927\u4e3a\u2026\u2026\u4e3a\u4ec0\u4e48\u603b\u4f1a\u60f3\u5230\u5927\u5f20\u4f1f\u2026\u2026"}, {"userName": "Leepo", "userReviewDate": "2018-05-29", "userURL": "https://my.qidian.com/user/201778492", "userReview": "\u4e0d\u9519\uff0c\u7ee7\u7eed\u52aa\u529b"}, {"userName": "\u4e66\u53cb20180127103144977", "userReviewDate": "2018-05-29", "userURL": "https://my.qidian.com/user/313055954", "userReview": "\u5199\u7684\u8fd8\u53ef\u4ee5\uff0c\u5c31\u662f\u6709\u7684\u65f6\u5019\u53e5\u5b50\u4e0d\u592a\u597d\uff0c\u7ec6\u5fc3\u70b9\u4f1a\u66f4\u597d"}, {"userName": "\u543e\u4e43\u5f90\u5143\u76f4", "userReviewDate": "2018-05-29", "userURL": "https://my.qidian.com/user/199530997", "userReview": "\u6587\u4e2d\u6709\u592a\u591a\u7684\u201c\u56e0\u4e3a\u201d\u4e86\uff01\u60f3\u5199\u7684\u597d\u770b\u5c31\u8981\u6539\u6389\u8fd9\u4e9b\u574f\u4e60\u60ef"}, {"userName": "\u9f99\u7fd4\u5347\u817e", "userReviewDate": "2018-05-28", "userURL": "https://my.qidian.com/user/225451153", "userReview": "\u7b7e\u5230\u652f\u6301\u4e0b\uff0c\u52a0\u6cb9\uff01"}, {"userName": "dear\u61c2\u6211\u51e0\u610f", "userReviewDate": "2018-05-28", "userURL": "https://my.qidian.com/user/107700474", "userReview": "\u4e0d\u9519\u633a\u597d\u7684\uff0c\u5e2e\u4f60\u63a8\u8350\u4e00\u4e0b"}, {"userName": "\u83ca\u81ea\u6e05\u8f7b", "userReviewDate": "2018-05-28", "userURL": "https://my.qidian.com/user/6756761", "userReview": "\u52a0\u6cb9\u3002\u3002\u3002"}, {"userName": "\u5b64.\u5fc3", "userReviewDate": "2018-05-23", "userURL": "https://my.qidian.com/user/116447480", "userReview": "\u52a0\u6cb9  \u5144\u5f1f  "}], "description": "\u3010\u7b2c\u4e09\u5c4a\u7f51\u7edc\u539f\u521b\u6587\u5b66\u73b0\u5b9e\u4e3b\u4e49\u9898\u6750\u5f81\u6587\u5927\u8d5b\u3011\u53c2\u8d5b\u4f5c\u54c1", "title": "\u5168\u80fd\u6447\u6446\u4eba", "url": "https://book.qidian.com/info/1012050919", "average": -1.0, "cover": "//qidian.qpic.cn/qdbimg/349573/1012050919/180", "reviews": -1, "authors": [{"url": "https://me.qidian.com/authorIndex.aspx?id=4722782", "name": "\u88c5\u50bb\u5356\u50bb"}], "type": ["\u4f53\u80b2", "\u7bee\u7403\u8fd0\u52a8"], "outlinks": ["https://book.qidian.com/info/1012050919", "https://book.qidian.com/info/1011005428", "https://book.qidian.com/info/1011005428", "https://book.qidian.com/info/1004085032", "https://book.qidian.com/info/1004085032", "https://book.qidian.com/info/1011688428", "https://book.qidian.com/info/1011688428", "https://book.qidian.com/info/1010001185", "https://book.qidian.com/info/1010001185", "https://book.qidian.com/info/1009814091", "https://book.qidian.com/info/1009814091", "https://book.qidian.com/info/1009843749", "https://book.qidian.com/info/1009843749", "https://book.qidian.com/info/3553761", "https://book.qidian.com/info/3553761", "https://book.qidian.com/info/1011026048", "https://book.qidian.com/info/1011932684", "https://book.qidian.com/info/3675910", "https://book.qidian.com/info/1011342003", "https://book.qidian.com/info/1011687020", "https://book.qidian.com/info/1011446896", "https://book.qidian.com/info/1011767969", "https://book.qidian.com/info/1011676779", "https://book.qidian.com/info/1005095075", "https://book.qidian.com/info/1011814696"]}