{"ratings": 0.0, "userreviews": [{"userName": "\u4e07\u4fdf\u65d6\u897f", "userReviewDate": "2018-04-28", "userURL": "https://my.qidian.com/user/122748004", "userReview": "\u7b80\u4ecb\uff1a\u7fa4\u5185\u8774\u8776\u5076\u5c14\u51fa\u6ca1\uff0c\u4e5f\u5e38\u6709\u5267\u60c5\u8ba8\u8bba\uff0c\u66f4\u591a\u65f6\u5019\u662f\u5927\u5bb6\u704c\u6c34\u95f2\u804a\uff0c\u6211\u4eec\u7684\u65e5\u5e38\u662f\u4e00\u8d77\u7528\u7231\u53d1\u7535\uff1f"}, {"userName": "\u4e07\u4fdf\u65d6\u897f", "userReviewDate": "2018-04-21", "userURL": "https://my.qidian.com/user/122748004", "userReview": "\u3010\u738b\u8005\u65f6\u523b\u3011https://book.qidian.com/info/1011831862"}, {"userName": "\u4e07\u4fdf\u65d6\u897f", "userReviewDate": "2018-04-05", "userURL": "https://my.qidian.com/user/122748004", "userReview": "\u4e3a\u4e86\u80fd\u8ba9\u6240\u6709\u7684\u4e66\u53cb\u66f4\u65b9\u4fbf\u7684\u67e5\u770b\u5230\u5168\u804c\u4e66\u8bc4\u6240\u6709\u4f18\u79c0\u7684\u5e16\u5b50\uff0c\u672c\u5e16\u4e3a\u5927\u5bb6\u5206\u7c7b\u6574\u7406\u5404\u7c7b\u4e66\u8bc4\u7684\u94fe\u63a5\u3002"}, {"userName": "\u4e07\u4fdf\u65d6\u897f", "userReviewDate": "2017-12-29", "userURL": "https://my.qidian.com/user/122748004", "userReview": "\u3010\u5929\u9192\u4e4b\u8def\u3011http://www.qidian.com/Book/3206900.aspx"}, {"userName": "\u8c01\u53d6\u4e86\u6211\u7684\u6635\u79f0", "userReviewDate": "4\u5206\u949f\u524d", "userURL": "https://my.qidian.com/user/221537002", "userReview": "\u7b7e\u5230   "}, {"userName": "\u8c01\u53d6\u4e86\u6211\u7684\u6635\u79f0", "userReviewDate": "4\u5206\u949f\u524d", "userURL": "https://my.qidian.com/user/221537002", "userReview": "\u7b7e\u5230    "}, {"userName": "littlefat38", "userReviewDate": "5\u5c0f\u65f6\u524d", "userURL": "https://my.qidian.com/user/300486496", "userReview": "\u53f6\u4fee\u6700\u68d2\uff01"}, {"userName": "\u7231\u4e16\u754c\u7231\u53f6\u4fee", "userReviewDate": "14\u5c0f\u65f6\u524d", "userURL": "https://my.qidian.com/user/309653056", "userReview": "\u65e5\u5e38\u8868\u767d\u6211\u53f6"}, {"userName": "\u591c\u5154\u795evi", "userReviewDate": "14\u5c0f\u65f6\u524d", "userURL": "https://my.qidian.com/user/147292731", "userReview": "(\uff61\uff65\u03c9\uff65\uff61)\uff89\u2661"}, {"userName": "Towaiwai", "userReviewDate": "14\u5c0f\u65f6\u524d", "userURL": "https://my.qidian.com/user/309845565", "userReview": "\u7c3d\u5230..."}, {"userName": "\u63d0\u4f2f\u65af_", "userReviewDate": "15\u5c0f\u65f6\u524d", "userURL": "https://my.qidian.com/user/311888777", "userReview": "\u7b7e\u5230\u4e94\u4e2a\u5b57"}, {"userName": "\u63d0\u4f2f\u65af_", "userReviewDate": "15\u5c0f\u65f6\u524d", "userURL": "https://my.qidian.com/user/311888777", "userReview": "\u7b7e\u5230\u4e94\u4e2a\u5b57"}, {"userName": "\u8c01\u53d6\u4e86\u6211\u7684\u6635\u79f0", "userReviewDate": "15\u5c0f\u65f6\u524d", "userURL": "https://my.qidian.com/user/221537002", "userReview": "\u7b7e\u5230    "}, {"userName": "\u5341\u4e09\u4fe1", "userReviewDate": "16\u5c0f\u65f6\u524d", "userURL": "https://my.qidian.com/user/171815463", "userReview": "\u770b\u5230\u5168\u804c\u9884\u544a\u7247\u5c31\u77e5\u9053\u53c8\u662f\u4e00\u90e8\u6bc1\u539f\u8457\u7684\u7535\u89c6\u3002\u4ed6\u8bf4\u5982\u679c\u559c\u6b22\u5c31\u628a\u8fd9\u4e00\u5207\u5f53\u4f5c\u8363\u8000\u800c\u4e0d\u662f\u70ab\u8000\uff0c\u4e2d\u6c14\u5341"}], "description": "\u62e5\u6709\u5341\u5e74\u6e38\u620f\u7ecf\u9a8c\u7684\u4ed6\uff0c\u5e26\u7740\u5bf9\u5f80\u6614\u7684\u56de\u5fc6\uff0c\u5f00\u59cb\u4e86\u91cd\u8fd4\u5dc5\u5cf0\u4e4b\u8def\u3002", "title": "\u5168\u804c\u9ad8\u624b", "url": "https://book.qidian.com/info/1887208", "average": -1.0, "cover": "//qidian.qpic.cn/qdbimg/349573/1887208/180", "reviews": -1, "authors": [{"url": "https://me.qidian.com/authorIndex.aspx?id=4362593", "name": "\u8774\u8776\u84dd"}], "type": ["\u6e38\u620f", "\u865a\u62df\u7f51\u6e38"], "outlinks": ["https://book.qidian.com/info/1887208", "https://book.qidian.com/info/1010377389", "https://book.qidian.com/info/1010377389", "https://book.qidian.com/info/1009953965", "https://book.qidian.com/info/1009953965", "https://book.qidian.com/info/1009480992", "https://book.qidian.com/info/1009480992", "https://book.qidian.com/info/1009893555", "https://book.qidian.com/info/1009893555", "https://book.qidian.com/info/1010044301", "https://book.qidian.com/info/1010044301", "https://book.qidian.com/info/1006757019", "https://book.qidian.com/info/1006757019", "https://book.qidian.com/info/24857", "https://book.qidian.com/info/24857", "https://book.qidian.com/info/88071", "https://book.qidian.com/info/88071", "https://book.qidian.com/info/1039430", "https://book.qidian.com/info/1039430", "https://book.qidian.com/info/3206900", "https://book.qidian.com/info/3206900", "https://book.qidian.com/info/1011831862", "https://book.qidian.com/info/1011831862", "https://book.qidian.com/info/1011944539", "https://book.qidian.com/info/1011967882", "https://book.qidian.com/info/1011856614", "https://book.qidian.com/info/1011979301", "https://book.qidian.com/info/1010667415", "https://book.qidian.com/info/1011736169", "https://book.qidian.com/info/1011797289", "https://book.qidian.com/info/1011808514", "https://book.qidian.com/info/1011901619", "https://book.qidian.com/info/1011962316"]}