{"ratings": 0.0, "userreviews": [{"userName": "\u900d\u9065\u8001\u9f99\u738b", "userReviewDate": "3\u5c0f\u65f6\u524d", "userURL": "https://my.qidian.com/user/309017686", "userReview": "\u4f5c\u8005\u4f60\u5bf9\u519c\u6751\u519c\u60c5\u662f\u4e00\u70b9\u4e5f\u4e0d\u61c2\u554a\u3002\u6211\u4e00\u4e2a\u519c\u6c11\u770b\u4f60\u7684\u4e66\u597d\u5c34\u5c2c\u5440\u3002\u79cd\u70b9\u7eff\u8272\u852c\u83dc\u4e70\u7caa\u80a5\u5c45\u71361000"}, {"userName": "\u827e\u542f\u739b", "userReviewDate": "4\u5c0f\u65f6\u524d", "userURL": "https://my.qidian.com/user/220251411", "userReview": "\u80fd\u4e0d\u80fd\u66f4\u65b0\u4e86"}, {"userName": "\u4ee5\u592a\u6bd2", "userReviewDate": "4\u5c0f\u65f6\u524d", "userURL": "https://my.qidian.com/user/222551506", "userReview": "\u7b80\u4ecb-\u9057\u7269-\u8ff7\u4e4b\u5c34\u5c2c"}, {"userName": "\u8ff7\u7136\u5e76\u5375", "userReviewDate": "13\u5c0f\u65f6\u524d", "userURL": "https://my.qidian.com/user/223470556", "userReview": "\u770b\u8fd9\u7b80\u4ecb\u88ab\u8f9e\u9000\u4e86\u5c31\u5fc3\u7070\u610f\u51b7\u5c31\u8fd9\u5fc3\u91cc\u627f\u53d7\u529b"}, {"userName": "\u4f60\u4eca\u5929\u770b\u4e66\u6ca1", "userReviewDate": "\u6628\u65e511:30", "userURL": "https://my.qidian.com/user/227871821", "userReview": "\u8fd9\u672c\u4e66\u5199\u7684\u4e0d\u9519"}, {"userName": "\u4f1a\u8bf4\u8bdd\u7684\u5927\u5730", "userReviewDate": "\u6628\u65e507:24", "userURL": "https://my.qidian.com/user/124571674", "userReview": "\u9762\u58c1\u4e00\u5468\uff0c\u624d\u4e00\u5929\u4e00\u66f4\u5417\uff1f"}, {"userName": "\u4e2d\u56fd\u7537\u4ebaMAN", "userReviewDate": "2018-06-07", "userURL": "https://my.qidian.com/user/108223950", "userReview": "\u7b7e\u5230\u52a0\u52a0\u52a0"}, {"userName": "\u6211\u7684\u59b9\u59b9\u53eb\u96cf\u75301331", "userReviewDate": "2018-06-07", "userURL": "https://my.qidian.com/user/317128176", "userReview": "\u52a0\u6cb9\uff0c\u7b7e\u5230\u4e86\u3002"}, {"userName": "\u4e5d\u5929\u8fea", "userReviewDate": "2018-06-07", "userURL": "https://my.qidian.com/user/158932663", "userReview": "\u4e00\u5929\u4e00\u66f4\u5417\uff1f"}, {"userName": "\u6211\u672c\u5929\u624d\u7684\u6211", "userReviewDate": "2018-06-07", "userURL": "https://my.qidian.com/user/4144254", "userReview": "\u7b7e\u5230\u652f\u6301\u597d\u770b"}, {"userName": "\u5403\u6491\u6b7b\u7684\u5c0f\u5f3a", "userReviewDate": "2018-06-06", "userURL": "https://my.qidian.com/user/214262530", "userReview": "\u8fdb\u5bab\u4e00\u5468\uff0c\u6211\u8fd8\u4ee5\u4e3a\u592a\u76d1\u4e86\u5462\uff1f\u6ca1\u60f3\u5230\u53c8\u51fa\u5bab\u6062\u590d\u66f4\u65b0\u4e86\uff0c\u5c31\u5e0c\u671b\u5927\u5927\u7ed9\u6211\u4eec\u4e00\u4e2a\u51c6\u4fe1\u5427\uff01\u4f1a\u4e0d\u4f1a\u518d\u6b21"}, {"userName": "\u597d\u540d\u5b57\u500d\u72d7\u8d77\u4e86", "userReviewDate": "2018-06-05", "userURL": "https://my.qidian.com/user/222011529", "userReview": "\u611f\u89c9\u5199\u7684\u6362\u53ef\u4ee5\u554a\uff01\u600e\u4e48\u5c31\u5207\u4e86\u5462\uff1f"}, {"userName": "\u5929\u661f\u5c0f\u53f6", "userReviewDate": "2018-06-05", "userURL": "https://my.qidian.com/user/141356836", "userReview": "\u4f5c\u8005\u5e94\u8be5\u662f\u4e2a\u9ad8\u4e2d\u751f\u5427"}, {"userName": "\u591c\u4e36\u5e7d\u72fc", "userReviewDate": "2018-06-04", "userURL": "https://my.qidian.com/user/303012249", "userReview": "\u7b7e\u5230\u6df7\u7ecf\u9a8c"}], "description": "\u91cd\u751f\u8fc7\u53bb\u3001\u7545\u60f3\u672a\u6765\u3001\u68a6\u5e7b\u73b0\u5b9e\uff0c\u518d\u5851\u4f20\u5947\u4eba\u751f\uff01", "title": "\u5168\u804c\u519c\u592b", "url": "https://book.qidian.com/info/1010996215", "average": -1.0, "cover": "//qidian.qpic.cn/qdbimg/349573/1010996215/180", "reviews": -1, "authors": [{"url": "https://me.qidian.com/authorIndex.aspx?id=401501452", "name": "\u94c1\u4e0d\u62d0"}], "type": ["\u90fd\u5e02", "\u90fd\u5e02\u751f\u6d3b"], "outlinks": ["https://book.qidian.com/info/1010996215", "https://book.qidian.com/info/1009710728", "https://book.qidian.com/info/1009710728", "https://book.qidian.com/info/1010392124", "https://book.qidian.com/info/1010392124", "https://book.qidian.com/info/1009835087", "https://book.qidian.com/info/1009835087", "https://book.qidian.com/info/1009281346", "https://book.qidian.com/info/1009281346", "https://book.qidian.com/info/1005816471", "https://book.qidian.com/info/1005816471", "https://book.qidian.com/info/1009964627", "https://book.qidian.com/info/1009964627", "https://book.qidian.com/info/1011932150", "https://book.qidian.com/info/1012029544", "https://book.qidian.com/info/1012015699", "https://book.qidian.com/info/1012018201", "https://book.qidian.com/info/1011879101", "https://book.qidian.com/info/1011790606", "https://book.qidian.com/info/1011971435", "https://book.qidian.com/info/1009695534", "https://book.qidian.com/info/1011890878", "https://book.qidian.com/info/1010537314"]}