{"ratings": 0.0, "userreviews": [{"userName": "\u4f20\u5947\u675c\u54e5", "userReviewDate": "2018-05-29", "userURL": "https://my.qidian.com/user/224597734", "userReview": "\u5efa\u4e2a\u697c\uff0c\u4e00\u697c\u5341\u5e01\uff0c\u76df\u4e3b\u5c01\u9876\u3002\u6b22\u8fce\u7b7e\u5230\uff0c\u704c\u6c34\u3002"}, {"userName": "\u7acb\u96c4", "userReviewDate": "6\u5c0f\u65f6\u524d", "userURL": "https://my.qidian.com/user/214906227", "userReview": "\u4f5c\u8005\uff0c\u987a\u5e94\u6c11\u5fc3\u628a\u5973\u4e3b\u2718\u6389\u5427\uff0c\u6211\u5c31\u770b\u4e86"}, {"userName": "2015\u5c0f\u4e66\u7ae5", "userReviewDate": "17\u5c0f\u65f6\u524d", "userURL": "https://my.qidian.com/user/199484374", "userReview": "\u4e0d\u770b\u4e86\uff0c\u770b\u7684\u723d\u65f6\uff0c\u8fd9\u5973\u4eba\u7684\u51fa\u73b0\uff0c\u4f60\u5199\u7684\u8154\u8c03\uff0c\u597d\u6076\u5fc3\uff0c\u80fd\u628a\u5973\u7684\u611f\u60c5\u620f\u5f31\u5316\u5417\uff0c\u50cf\u541e\u82cd\u8747\u5361\u5589\u5499\u4e00"}, {"userName": "2015\u5c0f\u4e66\u7ae5", "userReviewDate": "17\u5c0f\u65f6\u524d", "userURL": "https://my.qidian.com/user/199484374", "userReview": "\u7ec3\u6c14\u58eb\u662f\u897f\u65b9\u7684\uff1f\uff1f"}, {"userName": "\u7a7f\u5929\u8d8a\u5730", "userReviewDate": "2018-06-07", "userURL": "https://my.qidian.com/user/124320461", "userReview": "\u8fd9\u672c\u4e66\u611f\u60c5\u620f\u6211\u770b\u7740\u96be\u53d7\u5f03\u4e86\u2026\u2026\u4f5c\u8005\u52a0\u6cb9\u5176\u4ed6\u4eba\u4f1a\u559c\u6b22\u770b\u7684"}, {"userName": "\u5356\u6d41\u91cf\u7684\u706b\u67f4\u732b", "userReviewDate": "2018-06-07", "userURL": "https://my.qidian.com/user/195352231", "userReview": "\u4f5c\u8005\u4f60\u522b\u5199\u611f\u60c5\u620f\u4e86\u597d\u4e0d\uff1f\u8fd9\u5783\u573e\u5996\u7cbe\u770b\u7684\u4eba\u6076\u5fc3\u53c8\u5c34\u5c2c\u554a"}, {"userName": "\u4e66\u53cb180403102803483", "userReviewDate": "2018-06-07", "userURL": "https://my.qidian.com/user/225600441", "userReview": "\u6211\u770b\u7b2c\u4e00\u7ae0\u524d\u5c31\u60f3\uff0c\u4e0d\u7ba1\u591a\u597d\u770b\u7684\u4e66\uff0c\u53ea\u8981\u4e3b\u89d2\u6b7b\u4e86\u7239\u5988\uff0c\u6216\u8005\u88ab\u7eff\u4e86\u6211\u5c31\u4e0d\u770b\uff0c\u679c\u7136\u6ca1\u8ba9\u6211\u5931\u671b"}, {"userName": "\u89c1\u8fc7\u5404\u4f4d\u5cb3\u7236\u5927\u4eba", "userReviewDate": "2018-06-06", "userURL": "https://my.qidian.com/user/310525135", "userReview": "\u672c\u4e66\u6700\u5927\u7684bug\u5c31\u662f\u6e38\u620f\u5df2\u7ecf\u8fd9\u4e48\u53d1\u8fbe\u4e86\uff0c\u5feb\u9012\u7adf\u7136\u8fd8\u8981\u4eba\u9001\ud83c\udf1a"}, {"userName": "\u7a7a\u7075\u8d4b", "userReviewDate": "2018-06-06", "userURL": "https://my.qidian.com/user/213262014", "userReview": "\u6295\u7968\u652f\u6301\uff0c\u7b7e\u5230\u70b9\u9605[fn=31]"}, {"userName": "\u4e66\u53cb20180326101830270", "userReviewDate": "2018-06-06", "userURL": "https://my.qidian.com/user/315072492", "userReview": "\u4e66\u8bc4\u8bf4\u5f97\u5bf9\uff0c\u7559\u4e2a\u811a\u5370\uff0c\uff08\u8def\u8fc7\uff09"}, {"userName": "\u6551\u5fc3\u73a9", "userReviewDate": "2018-06-04", "userURL": "https://my.qidian.com/user/219968009", "userReview": "\u5c0f\u8d4f\u5927\u4f5c\uff01\u8bf7\u652f\u6301\u65b0\u4e66\u300a\u5723\u587e\u795e\u589f\u300b"}, {"userName": "o\u5f71o\u7eddo", "userReviewDate": "2018-06-03", "userURL": "https://my.qidian.com/user/214026438", "userReview": "\u8fd9\u4e66\u600e\u4e48\u8bf4\u5462\uff0c\u575a\u6301\u770b\u4e8673\u7ae0\u5f03\u5751\u4e86\uff0c\u611f\u89c9\u50cf\u5355\u673a\u6e38\u620f\u6ca1\u610f\u601d"}, {"userName": "\u857e\u4e1dii", "userReviewDate": "2018-06-03", "userURL": "https://my.qidian.com/user/306552891", "userReview": "\u5988\u86cb  \u53d1\u7ea2\u5305\u5c45\u7136\u6ca1\u6709\u7c89\u4e1d\u503c"}, {"userName": "Allure\u4e36\u6cab\u503e\u57ce", "userReviewDate": "2018-06-03", "userURL": "https://my.qidian.com/user/215356296", "userReview": "\u7b2c\u4e00\u7ae0\u5c31\u8bf4\u660e\u732a\u811a\u6709\u5973\u670b\uff0c\u53cb\u5e76\u4e14\u8fd8\u6709\u4e2a\u660e\u77e5\u5bf9\u65b9\u6709\u5973\u670b\u53cb\u8fd8\u8981\u64a9\u732a\u811a\u7684\u5973\u4eba\u3002\u7740\u662f\u4e0d\u662f\u610f\u5473\u7740\u672c\u4e66\u5fc5"}], "description": "\u8086\u610f\u6325\u6d12\u6fc0\u60c5\u7684\u6e38\u620f\u4eba\u751f\uff0c\u6253\u7834\u73b0\u5b9e\u6846\u67b6\u7684\u65e0\u5c3d\u5e7b\u60f3\uff01", "title": "\u5168\u80fd\u5feb\u9012\u5458", "url": "https://book.qidian.com/info/1010477291", "average": -1.0, "cover": "//qidian.qpic.cn/qdbimg/349573/1010477291/180", "reviews": -1, "authors": [{"url": "https://me.qidian.com/authorIndex.aspx?id=8818379", "name": "\u9e93\u6cfd"}], "type": ["\u6e38\u620f", "\u865a\u62df\u7f51\u6e38", "\u4e8c\u6b21\u5143"], "outlinks": ["https://book.qidian.com/info/1010477291", "https://book.qidian.com/info/1010707468", "https://book.qidian.com/info/1010707468", "https://book.qidian.com/info/1011055431", "https://book.qidian.com/info/1011055431", "https://book.qidian.com/info/1010956088", "https://book.qidian.com/info/1010956088", "https://book.qidian.com/info/1010799373", "https://book.qidian.com/info/1010799373", "https://book.qidian.com/info/1010690206", "https://book.qidian.com/info/1010690206", "https://book.qidian.com/info/1010860381", "https://book.qidian.com/info/1010860381", "https://book.qidian.com/info/1004174906", "https://book.qidian.com/info/1004174906", "https://book.qidian.com/info/1005787934", "https://book.qidian.com/info/1005787934", "https://book.qidian.com/info/1011944539", "https://book.qidian.com/info/1011967882", "https://book.qidian.com/info/1011856614", "https://book.qidian.com/info/1011979301", "https://book.qidian.com/info/1010667415", "https://book.qidian.com/info/1011736169", "https://book.qidian.com/info/1011797289", "https://book.qidian.com/info/1011808514", "https://book.qidian.com/info/1011901619", "https://book.qidian.com/info/1011962316"]}