{"ratings": 0.0, "userreviews": [{"userName": "\u6211\u6700\u6d6a", "userReviewDate": "2018-05-29", "userURL": "https://my.qidian.com/user/311182159", "userReview": "\u81ea\u5efa\u4e00\u4e2a\u50ac\u66f4\u697c\uff0c\u6211\u770b\u770b\u6709\u591a\u5c11\u4eba\u2026\u2026\u5c3d\u7ba1\u50ac\uff0c\u591a\u66f4\u4e00\u7ae0\u7b97\u6211\u8f93\u3002\ud83d\ude0f\u4e0d\u4f1a\u51fa\u73b0\u80d6\u54e5\u4e00\u6837\u7684\u5927\u4f6c\u5427\uff1f"}, {"userName": "~~\u7231\u554a\uff01~~", "userReviewDate": "14\u5c0f\u65f6\u524d", "userURL": "https://my.qidian.com/user/102418026", "userReview": "\u592a\u6c34\u4e86\uff0c\u522b\u628a\u81ea\u5df1\u73a9\u6b7b\u4e86\ud83d\ude14"}, {"userName": "\u65e5\u66ae\u897f\u5c71\u5df2\u5782\u5371", "userReviewDate": "14\u5c0f\u65f6\u524d", "userURL": "https://my.qidian.com/user/172443176", "userReview": "\u4e00\u697c\u767e\u5e01\uff0c\u76df\u4e3b\u7ed3\u7b97\u3002\u52a0\u6cb9\u54e6\uff01"}, {"userName": "\u601d\u6628\u65e5", "userReviewDate": "15\u5c0f\u65f6\u524d", "userURL": "https://my.qidian.com/user/211106242", "userReview": "\u7b7e\u5230\u6c34\u7ecf\u9a8c"}, {"userName": "\u5415\u5929\u867e13398", "userReviewDate": "2018-06-07", "userURL": "https://my.qidian.com/user/316364794", "userReview": "\u7b7e\u5230\u914b\u7b7e\u5230"}, {"userName": "\u6211\u662f\u5927\u5e05\u6bd412581", "userReviewDate": "2018-06-07", "userURL": "https://my.qidian.com/user/310518440", "userReview": "\u4e00\u5929\u4e00\u66f4\uff0c\u4f5c\u8005\u4f60\u8fd8\u662f\u628a\u4f60\u90a3\u672c\u8001\u4e66\u592a\u76d1\u5427"}, {"userName": "\u5251\u9053\u795e", "userReviewDate": "2018-06-07", "userURL": "https://my.qidian.com/user/200897726", "userReview": "\u592a\u6c34\u4e86\u3002\u3002\u3002\u3002"}, {"userName": "\u9e64V\u821e\u4e91\u971e", "userReviewDate": "2018-06-06", "userURL": "https://my.qidian.com/user/224154604", "userReview": "\u672c\u4e66\u552f\u4e00\u7684\u9ad8\u6f6e\u52a0\u770b\u70b9\u7b2c\u4e00\u7ae0\u770b\u5b8c\u5c31\u53ef\u4ee5\u64a4\u4e86\uff01"}, {"userName": "\u601d\u6628\u65e5", "userReviewDate": "2018-06-06", "userURL": "https://my.qidian.com/user/211106242", "userReview": "\u7b7e\u5230\u6c34\u7ecf\u9a8c"}, {"userName": "\u6715\u7684\u5927\u79e6\u90fd\u4ea1\u4e86", "userReviewDate": "2018-06-04", "userURL": "https://my.qidian.com/user/227565981", "userReview": "\u6211\u4e0d\u77e5\u9053\u4e3a\u4ec0\u4e48\u73b0\u5728\u90a3\u4e48\u591a\u5c0f\u8bf4\u7231\u5199\u5973\u88c5\u5973\u88c5\u5927\u4f6c\uff0c\u611f\u89c9\u5f88\u90a3\u5565\u54ce"}, {"userName": "\u96ea\u57dfII", "userReviewDate": "2018-06-04", "userURL": "https://my.qidian.com/user/111126131", "userReview": "\u5fa1\u9053\u7edf\u770b\u5230\u4e86\u8fd9\u672c\u4e66\uff0c\u597d\u4e0d\u597d\u770b\uff1f"}, {"userName": "\u534e\u5c71\u8bba\u5251n", "userReviewDate": "2018-06-04", "userURL": "https://my.qidian.com/user/219447938", "userReview": "\u6709\u4e9b\u7ae0\u8282\u770b\u4e0d\u61c2\uff0c\u7f57\u91cc\u5427\u55e6\u7684\uff08\u4e0d\u662f\u5c0f\u8bf4\u7684\u5185\u5bb9\uff09\uff0c\u4e0d\u77e5\u9053\u8bf4\u7684\u4ec0\u4e48\uff0c\u6c34\u4e5f\u4e0d\u662f\u8fd9\u4e2a\u6c34\u53d1\u5427\u3002"}, {"userName": "\u96f6*\u5ea6", "userReviewDate": "2018-06-03", "userURL": "https://my.qidian.com/user/186573201", "userReview": "\u770b\u4f60\u5929\u5929\u6c42\u7968\u6c42\u7968\u3002\u90a3\u6211\u4e00\u5929\u56db\u7968\u4ee5\u540e\u5c31\u7ed9\u4f60\u4e86\uff0c\u8981\u4e0d\u7136\u4e5f\u662f\u7b2c\u4e8c\u5929\u5237\u65b0\u6389\uff01"}, {"userName": "\u9e21\u86cb\u571f\u8c46\u4e1d", "userReviewDate": "2018-06-03", "userURL": "https://my.qidian.com/user/189872500", "userReview": "\u5988\u8036\uff0c\u4e24\u66f4\u4e86\u3002\u3002\u3002"}], "description": "\u91cd\u751f\u8fc7\u53bb\u3001\u7545\u60f3\u672a\u6765\u3001\u68a6\u5e7b\u73b0\u5b9e\uff0c\u518d\u5851\u4f20\u5947\u4eba\u751f\uff01", "title": "\u5168\u80fd\u5c0f\u8bf4\u5bb6", "url": "https://book.qidian.com/info/1011971912", "average": -1.0, "cover": "//qidian.qpic.cn/qdbimg/349573/1011971912/180", "reviews": -1, "authors": [{"url": "https://me.qidian.com/authorIndex.aspx?id=401421767", "name": "\u6211\u6700\u6d6a01"}], "type": ["\u90fd\u5e02", "\u5a31\u4e50\u660e\u661f"], "outlinks": ["https://book.qidian.com/info/1011971912", "https://book.qidian.com/info/1009915605", "https://book.qidian.com/info/1009915605", "https://book.qidian.com/info/1005305925", "https://book.qidian.com/info/1005305925", "https://book.qidian.com/info/1005206699", "https://book.qidian.com/info/1005206699", "https://book.qidian.com/info/3688114", "https://book.qidian.com/info/3688114", "https://book.qidian.com/info/1006466524", "https://book.qidian.com/info/1006466524", "https://book.qidian.com/info/1010806542", "https://book.qidian.com/info/1010806542", "https://book.qidian.com/info/1010924815", "https://book.qidian.com/info/1010924815", "https://book.qidian.com/info/1011379629", "https://book.qidian.com/info/1011379629", "https://book.qidian.com/info/1011932150", "https://book.qidian.com/info/1012029544", "https://book.qidian.com/info/1012015699", "https://book.qidian.com/info/1012018201", "https://book.qidian.com/info/1011879101", "https://book.qidian.com/info/1011790606", "https://book.qidian.com/info/1011971435", "https://book.qidian.com/info/1009695534", "https://book.qidian.com/info/1011890878", "https://book.qidian.com/info/1010537314"]}