{"ratings": 0.0, "userreviews": [{"userName": "\u9752\u5bf5", "userReviewDate": "\u6628\u65e510:31", "userURL": "https://my.qidian.com/user/315384148", "userReview": "\u5e0c\u671b\u80fd\u5c11\u70b9\u6253\u8138\u7684\u60c5\u8282\u3002\n\u5c0f\u5efa\u8bae"}, {"userName": "\u6de1\u91d1\u8272\u7684\u5947\u8ff9", "userReviewDate": "\u6628\u65e506:05", "userURL": "https://my.qidian.com/user/121920191", "userReview": "\u6211\u53ea\u770b\u4e86\u7b80\u4ecb\u6211\u60f3\u8bf4\u90aa\u7075\u597d\u53ef\u601c\uff0c\u4ed6\u4eec\u997f\u6b7b\u524d\u6709\u51e0\u4e2a\u89c1\u8fc7\u4eba"}, {"userName": "\u65e0\u9650\u5251\u5251", "userReviewDate": "2018-06-07", "userURL": "https://my.qidian.com/user/172325991", "userReview": "\u5220\u8bc4\u8bba\u5220\u7684\u771f\u5feb"}, {"userName": "\u9075\u4ece\u5185\u5fc3", "userReviewDate": "2018-06-04", "userURL": "https://my.qidian.com/user/308732659", "userReview": "\u6362\u76ae\u723d\u6587\uff0c\u6beb\u65e0\u65b0\u610f\u2026\u2026"}, {"userName": "\u8ffd\u98ce525782", "userReviewDate": "2018-05-31", "userURL": "https://my.qidian.com/user/202373930", "userReview": "\u597d\u4e66\uff0c\u60c5\u8282\u7cbe\u5f69\uff0c\u975e\u5e38\u503c\u5f97\u8ffd\u3002"}, {"userName": "\u613f\u5929\u4e0b\u6709\u60c5\u4ebb\u7ec8\u6210\u5144\u59b9", "userReviewDate": "2018-05-28", "userURL": "https://my.qidian.com/user/170704369", "userReview": "\u54c8\u54c8\uff0c\u723d\u6587\u554a\uff0c\u4e00\u5f00\u59cb\u5c31\u5f00\u91d1\u624b\u6307\uff0c\u5c31\u559c\u6b22\u8fd9\u6837\u5feb\u8282\u594f\u7684\u723d\u6587\uff0c\u672c\u6765\u4e0a\u73ed\u4f11\u606f\u65f6\u95f4\u5c31\u4e0d\u591a\uff0c\u53ef\u4ee5\u597d\u597d\u770b"}, {"userName": "\u4e00\u987f\u9965\u4e00\u987f\u9971", "userReviewDate": "2018-05-25", "userURL": "https://my.qidian.com/user/134105296", "userReview": "\u5230\u7b7e\u5230\u7b7e\u5230\u7b7e\u5230\u7b7e\u5230\u7b7e\u5230\u7b7e\u5230\u7b7e\u5230\u7b7e\u5230\u7b7e\u5230\u7b7e\u5230\u7b7e\u5230\u7b7e\u5230\u7b7e\u5230..."}, {"userName": "\u4e66\u53cb161015222728315", "userReviewDate": "2018-05-24", "userURL": "https://my.qidian.com/user/224454981", "userReview": "\u63a8\u8350\u7968\u9001\u4e0a\u4e86\uff01\uff01\uff01"}, {"userName": "\u5415\u5929\u867e13262", "userReviewDate": "2018-05-23", "userURL": "https://my.qidian.com/user/316311238", "userReview": "\u7b7e\u5230\u7b7e\u5230\u8def\u8fc7\u8def\u8fc7"}, {"userName": "\u4e66\u53cb130909202623036", "userReviewDate": "2018-05-21", "userURL": "https://my.qidian.com/user/169416010", "userReview": "\u5267\u60c5\u7d27\u51d1\u3001\u7cbe\u5f69\uff0c\u770b\u5f97\u8fc7\u763e\u3002"}, {"userName": "\u863f\u5bc6\u6b50", "userReviewDate": "2018-05-18", "userURL": "https://my.qidian.com/user/135027397", "userReview": "\u597d\u597d\u770b\u54e6\uff0c\u5feb\u66f4\u65b0"}, {"userName": "\u5317\u67e0\u58a8\u67d3", "userReviewDate": "2018-05-16", "userURL": "https://my.qidian.com/user/224255559", "userReview": "\u5199\u7684\u4e0d\u9519\uff0c\u5c31\u662f\u66f4\u65b0\u6709\u70b9\u6162\u3002"}], "description": "\u3010\u4e8c\u6b21\u5143\u7f51\u6587\u4e4b\u738b\uff1a\u4e00\u5e1d\u56db\u7687\u901a\u7f09\u4ee4\u3011\u53c2\u8d5b\u4f5c\u54c1", "title": "\u5168\u804c\u9a71\u90aa\u5e08", "url": "https://book.qidian.com/info/1011951543", "average": -1.0, "cover": "//qidian.qpic.cn/qdbimg/349573/1011951543/180", "reviews": -1, "authors": [{"url": "https://me.qidian.com/authorIndex.aspx?id=10625960", "name": "\u8c28\u8a00I"}], "type": ["\u4e8c\u6b21\u5143", "\u539f\u751f\u5e7b\u60f3", "\u4e8c\u6b21\u5143"], "outlinks": ["https://book.qidian.com/info/1011951543", "https://book.qidian.com/info/1001425911", "https://book.qidian.com/info/1001425911", "https://book.qidian.com/info/3681932", "https://book.qidian.com/info/3681932", "https://book.qidian.com/info/1011447411", "https://book.qidian.com/info/1011447411", "https://book.qidian.com/info/1011440333", "https://book.qidian.com/info/1011440333", "https://book.qidian.com/info/1006609070", "https://book.qidian.com/info/1006609070", "https://book.qidian.com/info/1004199946", "https://book.qidian.com/info/1004199946", "https://book.qidian.com/info/1005360094", "https://book.qidian.com/info/1005360094", "https://book.qidian.com/info/1011443057", "https://book.qidian.com/info/1011977706", "https://book.qidian.com/info/1011970575", "https://book.qidian.com/info/1011722301", "https://book.qidian.com/info/1012058179", "https://book.qidian.com/info/1010868275", "https://book.qidian.com/info/1012020887", "https://book.qidian.com/info/1011904081"]}