{"ratings": 0.0, "userreviews": [{"userName": "StevenZ", "userReviewDate": "2018-03-15", "userURL": "https://my.qidian.com/user/222756955", "userReview": "\u5982\u9898lol\uff0c\u9f99\u5957\u697c\uff0c\u53ef\u4ee5\u662f\u52a8\u7269\uff0c\u690d\u7269\u6216\u8005\u4eba\uff08\u975e\u4eba\uff09\u6b22\u8fce\u5927\u5bb6\u7559\u4e0b\u610f\u89c1lol"}, {"userName": "\u51ac\u5929\u6674\u5929", "userReviewDate": "2\u5c0f\u65f6\u524d", "userURL": "https://my.qidian.com/user/198323183", "userReview": "\u6253\u8138\u7684\u65f6\u5019\u5c45\u7136\u65ad\u7ae0\u256d(\u00b0A\u00b0`)\u256e"}, {"userName": "\u8f69\u8f95\u7fbd\u51e1", "userReviewDate": "4\u5c0f\u65f6\u524d", "userURL": "https://my.qidian.com/user/121873172", "userReview": "\u600e\u4e48\u8bf4\u5462\uff0c\u4e66\u5176\u5b9e\u662f\u597d\u4e66\uff0c\u4e09\u89c2\u5f88\u6b63\uff0c\u69fd\u70b9\u591a\u591a\uff0c\u4e0d\u8fc7\u5427\u95ee\u9898\u51fa\u5728\u6587\u7b14\u548c\u903b\u8f91\u4e0a\u3002\u5f88\u591a\u65f6\u5019\u903b\u8f91\u592a\u5e7c\u7a1a"}, {"userName": "\u6c14\u5929\u5947\u624d1", "userReviewDate": "6\u5c0f\u65f6\u524d", "userURL": "https://my.qidian.com/user/193785669", "userReview": "\u5b58\u4e86\u534a\u4e2a\u6708\uff0c\u5728\u770b\u8212\u670d\u662f\u8212\u670d\u4e86\uff0c\u8fd9\u4e2a\u65ad\u7ae0\u96be\u53d7\u554a"}, {"userName": "\u5415\u5929\u867e3540", "userReviewDate": "6\u5c0f\u65f6\u524d", "userURL": "https://my.qidian.com/user/313060229", "userReview": "\u7b7e\u5230\u6c34\u4e00\u6ce2"}, {"userName": "\u5403\u85d5\u5c11\u5973\u51cc\u51cc\u6f06", "userReviewDate": "\u6628\u65e500:22", "userURL": "https://my.qidian.com/user/305890055", "userReview": "\u770b\u4e86\u524d\u51e0\u7ae0\uff0c\u552f\u4e00\u7684\u611f\u89c9\u3002\u3002\u3002\u5f88\u96be\u53d7\uff0c\u903b\u8f91\u65e0\u6cd5\u81ea\u6d3d\uff0c\u6e9c\u4e86\u6e9c\u4e86"}, {"userName": "\u7d2b\u5a03\u5152", "userReviewDate": "2018-06-07", "userURL": "https://my.qidian.com/user/177907517", "userReview": "\u6700\u8fd1\u6cb3\u87f9\u8086\u8650\uff0c\u5e0c\u671b\u8fd9\u4e66\u4e0d\u8981\u51fa\u4e8b"}, {"userName": "\u767d\u9a6c\u5c71\u4eba", "userReviewDate": "2018-06-07", "userURL": "https://my.qidian.com/user/758502", "userReview": "\u61d2\u61d2\u7684\u7b7e\u5230\uff01"}, {"userName": "\u6d41\u6d6a\u661f\u8fb0\u9f99", "userReviewDate": "2018-06-07", "userURL": "https://my.qidian.com/user/214728309", "userReview": "\u7b7e\u5230\u7b7e\u5230\u554a"}, {"userName": "\u5c0f\u767d\u4e0d\u662f\u8521", "userReviewDate": "2018-06-07", "userURL": "https://my.qidian.com/user/214905759", "userReview": "\u6765\u6765\u6765\uff0c\u5efa\u697c\u4e86\uff0c\u4e00\u697c\u767e\u5e01\uff0c\u76df\u4e3b\u5c01\u9876"}, {"userName": "\u732a\u5b50\u767e\u5bb6\u64ce", "userReviewDate": "2018-06-06", "userURL": "https://my.qidian.com/user/302299422", "userReview": "\u600e\u6837\u624d\u80fd\u5f97\u5230\u61d2\u515a\u7c89\u4e1d\u79f0\u53f7"}, {"userName": "\u9f99\u8f69\u53f6", "userReviewDate": "2018-06-06", "userURL": "https://my.qidian.com/user/197617318", "userReview": "\u8fd9\u4e24\u5929\u7684\u5267\u60c5\u7a81\u7136\u70ed\u8840\u4e86\u8d77\u6765\uff0c\u5c31\u662f\u54c8\u53d4\u592a\u77ed\u4e86"}, {"userName": "\u8ff7\u79bb\u9999", "userReviewDate": "2018-06-06", "userURL": "https://my.qidian.com/user/1079819", "userReview": "\u7b7e\u4e2a\u5230\uff0c\u597d\u770b\ud83d\ude0a"}, {"userName": "\u541b\u5723\u4ed9", "userReviewDate": "2018-06-06", "userURL": "https://my.qidian.com/user/314935806", "userReview": "\u8001\u592b\u4fee\u9053\u4e00\u4e07\u4e09\u5343\u4e94\u5341\u4e5d\u5e74\uff0c\u4e00\u751f\u673a\u7f18\u65e0\u6570\uff0c\u96c6\u5929\u5730\u6c14\u8fd0\u4e8e\u4e00\u8eab\uff0c\u6545\u6709\u5927\u6210\u5c31  \u5f53\u8001\u592b\u4fee\u81f3\u5927\u9053\u4ed9\u65f6"}], "description": "\u661f\u6d77\u6f2b\u6e38\uff0c\u65f6\u7a7a\u7a7f\u68ad\uff0c\u673a\u68b0\u79d1\u6280\uff0c\u76ee\u6807\u662f\u672a\u77e5\u7684\u661f\u8fb0\u5927\u6d77\uff01", "title": "\u5168\u80fd\u5e84\u56ed", "url": "https://book.qidian.com/info/1010056296", "average": -1.0, "cover": "//qidian.qpic.cn/qdbimg/349573/1010056296/180", "reviews": -1, "authors": [{"url": "https://me.qidian.com/authorIndex.aspx?id=4406488", "name": "\u541b\u4e0d\u89c1"}], "type": ["\u79d1\u5e7b", "\u8d85\u7ea7\u79d1\u6280"], "outlinks": ["https://book.qidian.com/info/1010056296", "https://book.qidian.com/info/1010918358", "https://book.qidian.com/info/1010918358", "https://book.qidian.com/info/1011067362", "https://book.qidian.com/info/1011067362", "https://book.qidian.com/info/1010314675", "https://book.qidian.com/info/1010314675", "https://book.qidian.com/info/1010855202", "https://book.qidian.com/info/1010855202", "https://book.qidian.com/info/1010754566", "https://book.qidian.com/info/1010754566", "https://book.qidian.com/info/1010702540", "https://book.qidian.com/info/1010702540", "https://book.qidian.com/info/81271", "https://book.qidian.com/info/81271", "https://book.qidian.com/info/1011708", "https://book.qidian.com/info/1011708", "https://book.qidian.com/info/1194143", "https://book.qidian.com/info/1194143", "https://book.qidian.com/info/1354525", "https://book.qidian.com/info/1354525", "https://book.qidian.com/info/1595512", "https://book.qidian.com/info/1595512", "https://book.qidian.com/info/2240520", "https://book.qidian.com/info/2240520", "https://book.qidian.com/info/3356440", "https://book.qidian.com/info/3356440", "https://book.qidian.com/info/3469899", "https://book.qidian.com/info/3469899", "https://book.qidian.com/info/1009775643", "https://book.qidian.com/info/1009775643", "https://book.qidian.com/info/1011814764", "https://book.qidian.com/info/1011636462", "https://book.qidian.com/info/1012011143", "https://book.qidian.com/info/1011989615", "https://book.qidian.com/info/1011979302", "https://book.qidian.com/info/1011962232", "https://book.qidian.com/info/1012020634", "https://book.qidian.com/info/1011923738", "https://book.qidian.com/info/1012020834", "https://book.qidian.com/info/1011973977"]}