{"ratings": 0.0, "userreviews": [{"userName": "\u77e5\u4e00\u534a", "userReviewDate": "2018-04-06", "userURL": "https://my.qidian.com/user/187309255", "userReview": "\u67f3\u6021\u9189\u7684\u6f02\u4eae\uff0c\u6d1b\u8431\u7684\u80fd\u5e72\uff0c\u6797\u590f\u7684\u5201\u86ee\u9738\u6c14\uff0c\u5218\u5ff5\u7684\u6e05\u7eaf\u77e5\u793c\uff0c\u56db\u4e2a\u4eba\u7269\u6027\u683c\u5404\u4e0d\u76f8\u540c\u2026\u2026\u5230\u73b0\u5728\u8fd8"}, {"userName": "\u4e71\u4e03\u9ece", "userReviewDate": "2018-01-10", "userURL": "https://my.qidian.com/user/136959996", "userReview": "\u76ee\u524d\u60c5\u8282\u548c\u5957\u8def\u6211\u90fd\u559c\u6b22\uff0c\u6211\u4e2a\u4eba\u53e3\u5473\u53ef\u662f\u5f88\u5201\u7684\uff0c\u5c45\u7136\u6ca1\u4e0d\u8212\u670d\u7684\u60c5\u8282\uff0c\u5f88\u4e0d\u9519\u3002\u5c31\u7b97\u662f\u79bb\u5a5a\u90a3\u6bb5\uff0c"}, {"userName": "\u597d\u540d\u5b57\u500d\u72d7\u8d77\u4e86", "userReviewDate": "40\u5206\u949f\u524d", "userURL": "https://my.qidian.com/user/222011529", "userReview": "\u81ea\u4ece\u4e60\u60ef\u770b\u8bc4\u8bba\u4ee5\u540e\uff0c\u4e00\u76f4\u4e66\u8352\u4e2d~"}, {"userName": "\u5415\u5929\u867e13331", "userReviewDate": "2018-06-07", "userURL": "https://my.qidian.com/user/316318411", "userReview": "\u7c3d\u5230\u7c3d\u5230\u7c3d\u5230"}, {"userName": "\u4e66\u53cb160926124555728", "userReviewDate": "2018-06-07", "userURL": "https://my.qidian.com/user/223274530", "userReview": "\u7b7e\u5230     "}, {"userName": "\u6211\u604b\u7231\u6211\u5bb9\u6613\u5417", "userReviewDate": "2018-06-06", "userURL": "https://my.qidian.com/user/888933", "userReview": "\u611f\u89c9\u4e3b\u89d2\u771f\u662f\u5927\u65b9\u554a\uff0c\u662f\u60f3\u88c5\u6bd4\u5417\uff0c\u88c5\u7684\u8ddf\u4e2a\u6c99\u6bd4\u4f3c\u7684"}, {"userName": "\u5b64\u72ec\u256d\u2192..\u5c9a", "userReviewDate": "2018-06-05", "userURL": "https://my.qidian.com/user/107343687", "userReview": "\u4f5c\u8005\u505a\u4eba\u662f\u4e0d\u4e5f\u8fd9\u4e48\u5927\u6c14\uff0c\u4e00\u9996\u6b4c\u9001\u4e86\u65e0\u6240\u8c13\uff0c\u8fd9\u53c8\u6765\u4e86\u4e2a\u4e00\u6708\u4e94\u9996\uff0c\u771f\u7684\u725b\u903c\u3002\u524d\u9762\u4e00\u9996\u6b4c\u5356\u4e86\u4e24\u767e"}, {"userName": "\u9992\u5934\u7231\u770b\u5c0f\u8bf4", "userReviewDate": "2018-06-04", "userURL": "https://my.qidian.com/user/218525354", "userReview": "\u5218\u5ff5\u5b8c\u5168\u6ca1\u4ee3\u5165\u611f\uff0c\u867d\u7136\u620f\u4efd\u633a\u591a\u7684\u3002\u8fd9\u4e2a\u5973\u670b\u53cb\u662f\u4f5c\u8005\u4e3a\u4e86\u5267\u60c5\u5f3a\u52a0\u7ed9\u4e3b\u89d2\u7684\u5427\uff01\u592a\u751f\u786c\u4e86\u3002\u5750\u770b\u5c0f"}, {"userName": "\u4f55\u6240\u590f\u51c9\u039e", "userReviewDate": "2018-06-03", "userURL": "https://my.qidian.com/user/215935632", "userReview": "\u8bf4\u5b9e\u8bdd\u70ed\u7684\u592a\u6162\u4e86  \u5728\u8fd9\u4e48\u8017\u4e0b\u53bb\u8bfb\u8005\u4f1a\u6ca1\u6709\u8010\u5fc3\u7684 \u90fd\u4e0a\u67b6\u4e86\u8fd8\u5728\u4e00\u4e2a\u5c0f\u7535\u53f0\u6df7 \u771f\u7684\u6ca1\u6709\u610f\u601d"}, {"userName": "\u56db\u5915\u8001\u7237", "userReviewDate": "2018-06-02", "userURL": "https://my.qidian.com/user/10714147", "userReview": "\u6b64\u4e66\u51ed\u4ec0\u4e48\u63a8\u8350 \u8d77\u70b9\u8fdf\u65e9\u88ab\u8fd9\u4e9b\u5c0f\u5b66\u7f16\u8f91\u4f5c\u6b7b\u6210\u529f"}, {"userName": "\u8fbe\u4f50", "userReviewDate": "2018-05-31", "userURL": "https://my.qidian.com/user/110311171", "userReview": "\u770b\u4e86\u51e0\u7ae0\u5c31\u6ca1\u6cd5\u770b\u4e86\uff0c\u5927\u534a\u591c\u7684\u8c01\u542c\u4e2a\u7535\u53f0\u8fd8\u547c\u670b\u5524\u53cb\u7684\uff0c\u627e\u9a82\u5462\uff01\u5199\u5c0f\u8bf4\u5c31\u662f\u8bb2\u6545\u4e8b\uff0c\u53ef\u662f\u6545\u4e8b\u60c5\u8282"}, {"userName": "\u4ece\u6765\u5929\u90530\u7edd\u4eba\u6211", "userReviewDate": "2018-05-30", "userURL": "https://my.qidian.com/user/210691082", "userReview": "\u770b\u4e86\u51e0\u5341\u7ae0\uff0c\u5b9e\u5728\u770b\u4e0d\u4e0b\u53bb\u4e86\uff0c\u4e0d\u662f\u5199\u7684\u4e0d\u597d\uff0c\u6587\u7b14\u8fd8\u662f\u633a\u597d\u7684\uff0c\u5c31\u662f\u5957\u8def\u6211\u5b9e\u5728\u53d7\u4e0d\u4e86\uff0c\u53ef\u80fd\u662f\u6211\u6bd4"}, {"userName": "\u7687\u65cf~\u5927\u80d6", "userReviewDate": "2018-05-30", "userURL": "https://my.qidian.com/user/121273432", "userReview": "\u592a\u6c34\u4e86 \u53d7\u4e0d\u4e86 \u62dc\u62dc"}, {"userName": "\u7231\u5403\u6708\u7ecf\u6ce1\u996d", "userReviewDate": "2018-05-28", "userURL": "https://my.qidian.com/user/187895223", "userReview": "\u6709\u9f99\u5957\u5417\uff0c\u7ed9\u6211\u5b89\u6392\u4e00\u4e2a\u53cd\u6d3e\u89d2\u8272\u628a\uff0c\u6211\u53eb\u9646\u603b\uff0c\u539f\u540d:\u9646\u6bb7\u5927\uff0c\u4e00\u4e2a\u5927\u8179\u4fbf\u4fbf\uff0c\u559c\u6b22\u6f5c\u89c4\u5219\u5458\u5de5\u7684\u574f"}], "description": "\u91cd\u751f\u8fc7\u53bb\u3001\u7545\u60f3\u672a\u6765\u3001\u68a6\u5e7b\u73b0\u5b9e\uff0c\u518d\u5851\u4f20\u5947\u4eba\u751f\uff01", "title": "\u5168\u80fd\u4e3b\u6301", "url": "https://book.qidian.com/info/1010901725", "average": -1.0, "cover": "//qidian.qpic.cn/qdbimg/349573/1010901725/180", "reviews": -1, "authors": [{"url": "https://me.qidian.com/authorIndex.aspx?id=10502421", "name": "\u597d\u5feb\u7684\u5200"}], "type": ["\u90fd\u5e02", "\u5a31\u4e50\u660e\u661f"], "outlinks": ["https://book.qidian.com/info/1010901725", "https://book.qidian.com/info/1009710728", "https://book.qidian.com/info/1009710728", "https://book.qidian.com/info/1007005774", "https://book.qidian.com/info/1007005774", "https://book.qidian.com/info/1009915605", "https://book.qidian.com/info/1009915605", "https://book.qidian.com/info/1010016257", "https://book.qidian.com/info/1010016257", "https://book.qidian.com/info/1006635077", "https://book.qidian.com/info/1006635077", "https://book.qidian.com/info/1009698352", "https://book.qidian.com/info/1009698352", "https://book.qidian.com/info/1005335637", "https://book.qidian.com/info/1005335637", "https://book.qidian.com/info/1011932150", "https://book.qidian.com/info/1012029544", "https://book.qidian.com/info/1012015699", "https://book.qidian.com/info/1012018201", "https://book.qidian.com/info/1011879101", "https://book.qidian.com/info/1011790606", "https://book.qidian.com/info/1011971435", "https://book.qidian.com/info/1009695534", "https://book.qidian.com/info/1011890878", "https://book.qidian.com/info/1010537314"]}