{"ratings": 0.0, "userreviews": [{"userName": "\u4e3a\u4e66\u75f4\u72c2\u62ec\u53f7", "userReviewDate": "18\u5c0f\u65f6\u524d", "userURL": "https://my.qidian.com/user/229111253", "userReview": "\u8c01\u90fd\u4e0d\u670d\u5c31\u670d\u4f5c\u8005\uff0c\u4e66\u8fd8\u662f\u4e0d\u9519\u7684  \u6211\u4e5f\u5efa\u4e2a\u697c\uff0c\u53cd\u6b63\u4e66\u8bc4\u533a\u4eba\u5c11\u5c31\u4e00\u697c10\u5e01\u5427\u30021\u4e07\u4e00\u7ed3\u3002\u987a\u4fbf"}, {"userName": "\u5962\u5c18\u671b\u6708", "userReviewDate": "2018-06-07", "userURL": "https://my.qidian.com/user/303639710", "userReview": "\u652f\u6301\u652f\u6301\uff01\u7ec8\u4e8e\u53c8\u8ba9\u6211\u627e\u5230\u597d\u770b\u7684\u4e86\uff01\u5c31\u662f\u4e3a\u5565\u6211\u60f3\u770b\u7684\u90fd\u662f\u6ca1\u5b8c\u7ed3\u7684\u554a\uff014\u5f20\u6708\u7968\u7ed9\u4e86\uff01\u4e5f\u5f04\u4e2a\u7b7e\u5230"}, {"userName": "\u661f\u7a7a\u4e0b\u7684\u65e0\u5c3d\u9ed1\u591c", "userReviewDate": "2018-06-07", "userURL": "https://my.qidian.com/user/315592167", "userReview": "\u5efa\u4e2a\u7b7e\u5230\u697c\u5427\u4e00\u697c10\u5e01[fn=26]300\u697c\u4e00\u7ed3\u5148\u7ed3300\u697c"}, {"userName": "80\u540e\u5c0f\u6613", "userReviewDate": "2018-06-07", "userURL": "https://my.qidian.com/user/217011637", "userReview": "\u652f\u6301\u4f5c\u8005\uff0c\u6211\u4e5f\u76d6\u4e2a\u7b7e\u5230\u697c\u5427\uff01\u4e00\u697c10\u5e01\uff0c\u767e\u697c\u4e00\u7ed3\uff0c\u4e0a\u4e0d\u5c01\u9876\uff01\u5148\u9884\u4ed8\u4e2a\u4e09\u767e\u697c\u7684\uff01[fn=7]"}, {"userName": "\u5b64\u96ea\u5cf0", "userReviewDate": "18\u5c0f\u65f6\u524d", "userURL": "https://my.qidian.com/user/11390614", "userReview": "\u8fd8\u662f\u6bd4\u8f83\u559c\u6b22\u8fd9\u79cd\u5f53\u8001\u5e08\u7684\u7c7b\u578b\u7684\u5c0f\u8bf4\u3002"}, {"userName": "\u6211\u7684\u59b9\u59b9\u53eb\u96cf\u75301264", "userReviewDate": "2018-06-07", "userURL": "https://my.qidian.com/user/316933982", "userReview": "\u7b7e\u5230\u52a0\u6cb9\u2196(^\u03c9^)\u2197"}, {"userName": "578783", "userReviewDate": "2018-06-07", "userURL": "https://my.qidian.com/user/19432583", "userReview": "\u5c11\u5e26\u70b9\u79c1\u8d27\u3002\u4e0d\u8981\u52a8\u4e0d\u52a8\u5c31\u626f\u4e0a\u534e\u590f\u600e\u4e48\u600e\u4e48\u6837\u3002\u5f88\u6076\u5fc3\u4eba\u77e5\u9053\u4e0d"}, {"userName": "\u8fdb\u53bb\u4e0d\u591f\u4e86\u6015\u5934", "userReviewDate": "2018-06-06", "userURL": "https://my.qidian.com/user/210885505", "userReview": "\u5199\u7684\u633a\u597d\u7684\u554a"}, {"userName": "\u8ff7\u5931\u5728\u5730\u7403\u7684\u5916\u661f\u7efc\u5408\u8230", "userReviewDate": "2018-06-06", "userURL": "https://my.qidian.com/user/302095099", "userReview": "\ud83d\udeb6\ud83c\udfc3\ud83d\udc83\ud83d\udc6f"}, {"userName": "\u6211\u7684\u59b9\u59b9\u53eb\u96cf\u75301096", "userReviewDate": "2018-06-06", "userURL": "https://my.qidian.com/user/316847116", "userReview": "\u60ca\u4e0d\u60ca\u559c\u610f\u4e0d\u610f\u5916\uff1f"}, {"userName": "\u6211\u653e\u624b\u4f60\u98de", "userReviewDate": "2018-06-06", "userURL": "https://my.qidian.com/user/213299599", "userReview": "\u4f5c\u8005\uff0c\u4f5c\u8005\uff0c\u5199\u4e3b\u89d2\u5531\u4e00\u9996\u201c\u6211\u7684\u5c06\u519b\u554a\u201d\u3002\u597d\u4e0d\u597d\uff1f"}, {"userName": "\u58a8\u6b8b\u94ed", "userReviewDate": "2018-06-06", "userURL": "https://my.qidian.com/user/304815404", "userReview": "\u5927\u54e5\uff0c\u4f60\u90fd\u5728\u4ec0\u4e48\u65f6\u95f4\u6bb5\u66f4\u65b0\u554a\uff1f\u6349\u6025\uff01\u770b\u770b\u4e00\u904d\u6ca1\u66f4\u65b0\uff0c\u770b\u770b\u4e00\u904d\u6ca1\u66f4\u65b0\u2026\u2026\u2026\u2026"}, {"userName": "82\u5e74\u666e\u6d31", "userReviewDate": "2018-06-06", "userURL": "https://my.qidian.com/user/300941193", "userReview": "\u620f\u547d\u5e08\uff0c\u8d3c\u51fa\u620f[fn=14]"}, {"userName": "\u58a8\u6b8b\u94ed", "userReviewDate": "2018-06-06", "userURL": "https://my.qidian.com/user/304815404", "userReview": "\u52a0\u6cb9\uff01\u559c\u6b22\u4f60\u8fd9\u79cd\u98ce\u683c\uff01"}], "description": "\u5fc3\u6f6e\u6f8e\u6e43\uff0c\u65e0\u9650\u5e7b\u60f3\uff0c\u8fce\u98ce\u6325\u51fb\u5343\u5c42\u6d6a\uff0c\u5c11\u5e74\u4e0d\u8d25\u70ed\u8840\uff01", "title": "\u5168\u80fd\u5e08\u5c0a", "url": "https://book.qidian.com/info/1010980743", "average": -1.0, "cover": "//qidian.qpic.cn/qdbimg/349573/1010980743/180", "reviews": -1, "authors": [{"url": "https://me.qidian.com/authorIndex.aspx?id=12000669", "name": "\u4e0d\u559d\u8336\u7684\u828b\u5934"}], "type": ["\u7384\u5e7b", "\u5f02\u4e16\u5927\u9646"], "outlinks": ["https://book.qidian.com/info/1010980743", "https://book.qidian.com/info/1009841628", "https://book.qidian.com/info/1009841628", "https://book.qidian.com/info/1010840437", "https://book.qidian.com/info/1010840437", "https://book.qidian.com/info/1010103283", "https://book.qidian.com/info/1010103283", "https://book.qidian.com/info/1005104112", "https://book.qidian.com/info/1005104112", "https://book.qidian.com/info/1007386189", "https://book.qidian.com/info/1007386189", "https://book.qidian.com/info/1009315490", "https://book.qidian.com/info/1009315490", "https://book.qidian.com/info/1010506767", "https://book.qidian.com/info/1010506767", "https://book.qidian.com/info/1010748069", "https://book.qidian.com/info/1010748069", "https://book.qidian.com/info/1011763986", "https://book.qidian.com/info/1011763986", "https://book.qidian.com/info/1011988403", "https://book.qidian.com/info/1009595922", "https://book.qidian.com/info/1011844784", "https://book.qidian.com/info/1011892497", "https://book.qidian.com/info/1011095320", "https://book.qidian.com/info/1011996851", "https://book.qidian.com/info/1011856434", "https://book.qidian.com/info/1011879207", "https://book.qidian.com/info/1011833256", "https://book.qidian.com/info/1011967674"]}