{"ratings": 0.0, "userreviews": [{"userName": "\u904a\u5f0b", "userReviewDate": "2018-05-02", "userURL": "https://my.qidian.com/user/212470226", "userReview": "\u904a\u5f0b\u6253\u8d4f\u4e71 100000\u8d77\u70b9\u5e01\u3000\u558f\uff0c\u6708\u7968\uff0c\u7ed9\u4f60\u3002"}, {"userName": "\u522e\u4e0b\u7684\u9c7c\u9cde", "userReviewDate": "2018-04-26", "userURL": "https://my.qidian.com/user/110974645", "userReview": "\u4e0d\u77e5\u4e0d\u89c9\u3010\u5168\u804c\u6cd5\u5e08\u3011\u4ece\u5f00\u5751\u5230\u73b0\u5728\u8fc7\u4e86\u4e24\u4e2a\u591a\u6708\u4e86\uff0c\u6211\u4eec\u4e5f\u88ab\u4e71\u53d4\u7684\u65e0\u8111\u6c42\u63a8\u8350\u7968\u6467\u6b8b\u4e86\u4e24\u4e2a\u6708\u4e86\uff01"}, {"userName": "\u5b87\u9e3f\u98de\u5929", "userReviewDate": "2018-04-12", "userURL": "https://my.qidian.com/user/210866179", "userReview": "\u5b87\u9e3f\u98de\u5929\u6253\u8d4f\u4e71 50000\u8d77\u70b9\u5e01\u3000\u8fd9\u672c\u4e66\u592a\u68d2\u4e86\uff01\u7292\u52b3\u4e00\u4e0b\uff0c\u5e0c\u671b\u540e\u7eed\u66f4\u52a0\u7cbe\u5f69\uff01"}, {"userName": "\u534e\u7f8e\u82b1\u6da7", "userReviewDate": "2017-07-07", "userURL": "https://my.qidian.com/user/209969666", "userReview": "\u534e\u7f8e\u82b1\u6da7\u6253\u8d4f\u4e71 50000\u8d77\u70b9\u5e01\u3000\u8fd9\u672c\u4e66\u592a\u68d2\u4e86\uff01\u7292\u52b3\u4e00\u4e0b\uff0c\u5e0c\u671b\u540e\u7eed\u66f4\u52a0\u7cbe\u5f69\uff01"}, {"userName": "\u5fd8\u5374\u4e4b\u5c18", "userReviewDate": "2\u5c0f\u65f6\u524d", "userURL": "https://my.qidian.com/user/311775291", "userReview": "\u65b0\u5efa\u7b7e\u5230\u697c\u6b22\u8fce\u5404\u4f4d\u8fdb\u6765\u7b7e\u5230\u6c34\u7ecf\u9a8c"}, {"userName": "\u9189\u6e38\u8361", "userReviewDate": "3\u5c0f\u65f6\u524d", "userURL": "https://my.qidian.com/user/216538882", "userReview": "\u7b7e\u5230\u6c34\u7ecf\u9a8c\u554a"}, {"userName": "\u597d\u5427\u5c31\u53eb\u8fd9\u4e2a\u540d\u5b57", "userReviewDate": "4\u5c0f\u65f6\u524d", "userURL": "https://my.qidian.com/user/213864190", "userReview": "\uff08\uff61\u00f2 \u2200 \u00f3\uff61\uff09"}, {"userName": "\u4e91\u843d\u4e4b\u96ea", "userReviewDate": "4\u5c0f\u65f6\u524d", "userURL": "https://my.qidian.com/user/134140509", "userReview": "\u7b7e\u5230\u4e94\u4e2a\u5b57"}, {"userName": "\u86cb\u9762\u541b", "userReviewDate": "4\u5c0f\u65f6\u524d", "userURL": "https://my.qidian.com/user/307146404", "userReview": "\u53ef\u4ee5 \u4e0d\u9519"}, {"userName": "\u8d77\u70b9\u5c0f\u9ed1", "userReviewDate": "4\u5c0f\u65f6\u524d", "userURL": "https://my.qidian.com/user/231577194", "userReview": "\u529b\u8350\u529b\u8350\u529b\u8350"}, {"userName": "\u98ce88888", "userReviewDate": "4\u5c0f\u65f6\u524d", "userURL": "https://my.qidian.com/user/553918", "userReview": "\u4e71\u53c8\u4e71\u5199[fn=33]\uff0c\u5361\u6587\u4e86\u5427\u3002\u8fd9\u7b49\u627e\u5230\u5434\u82e6\uff0c\u9ec4\u82b1\u83dc\u90fd\u51c9\u4e86"}, {"userName": "SummerGod", "userReviewDate": "4\u5c0f\u65f6\u524d", "userURL": "https://my.qidian.com/user/640263", "userReview": "\u989d\uff0c\u6211\u53c8\u517b\u6b7b\u4e86\u4e00\u4e2a\uff1f\uff1f"}, {"userName": "\u54e6\u54a7\u54e6\u8036", "userReviewDate": "5\u5c0f\u65f6\u524d", "userURL": "https://my.qidian.com/user/226404610", "userReview": "\u4e71:\u7b49\u50ac\uff0c\u4e0d\u66f4\u3002"}, {"userName": "\u541b\u7941\u65bc", "userReviewDate": "5\u5c0f\u65f6\u524d", "userURL": "https://my.qidian.com/user/312845503", "userReview": "\u7b49\u66f4 \u4e0d\u50ac"}], "description": "\u5fc3\u6f6e\u6f8e\u6e43\uff0c\u65e0\u9650\u5e7b\u60f3\uff0c\u8fce\u98ce\u6325\u51fb\u5343\u5c42\u6d6a\uff0c\u5c11\u5e74\u4e0d\u8d25\u70ed\u8840\uff01", "title": "\u5168\u804c\u6cd5\u5e08", "url": "https://book.qidian.com/info/3489766", "average": -1.0, "cover": "//qidian.qpic.cn/qdbimg/349573/3489766/180", "reviews": -1, "authors": [{"url": "https://me.qidian.com/authorIndex.aspx?id=4224572", "name": "\u4e71"}], "type": ["\u7384\u5e7b", "\u5f02\u4e16\u5927\u9646", "\u4e8c\u6b21\u5143"], "outlinks": ["https://book.qidian.com/info/3489766", "https://book.qidian.com/info/1010000699", "https://book.qidian.com/info/1010000699", "https://book.qidian.com/info/1010325796", "https://book.qidian.com/info/1010325796", "https://book.qidian.com/info/1009713135", "https://book.qidian.com/info/1009713135", "https://book.qidian.com/info/1010378782", "https://book.qidian.com/info/1010378782", "https://book.qidian.com/info/1009329519", "https://book.qidian.com/info/1009329519", "https://book.qidian.com/info/1009601645", "https://book.qidian.com/info/1009601645", "https://book.qidian.com/info/3347395", "https://book.qidian.com/info/3347395", "https://book.qidian.com/info/1011988403", "https://book.qidian.com/info/1009595922", "https://book.qidian.com/info/1011844784", "https://book.qidian.com/info/1011892497", "https://book.qidian.com/info/1011095320", "https://book.qidian.com/info/1011996851", "https://book.qidian.com/info/1011856434", "https://book.qidian.com/info/1011879207", "https://book.qidian.com/info/1011833256", "https://book.qidian.com/info/1011967674"]}