{"ratings": 0.0, "userreviews": [{"userName": "\u9a91\u5929\u5927\u80be", "userReviewDate": "2018-06-02", "userURL": "https://my.qidian.com/user/316854081", "userReview": "\u66f4\u65b0\u592a\u6162\u4e86"}, {"userName": "\u597d\u8bfb\u6709\u8bfb", "userReviewDate": "2018-05-16", "userURL": "https://my.qidian.com/user/132778964", "userReview": "\u8fd8\u5728\u7ee7\u7eed\u6512\u6587\u3002"}, {"userName": "\u4f60\u5bb6\u4f0f\u54e5\u54e5", "userReviewDate": "2018-05-13", "userURL": "https://my.qidian.com/user/231285613", "userReview": "\u8fc7\u6765\u7b7e\u4e2a\u5230"}, {"userName": "\u732b\u54aa\u5728\u770b\u4e66", "userReviewDate": "2018-05-12", "userURL": "https://my.qidian.com/user/169889804", "userReview": "\u5199\u7684\u5f88\u4e0d\u9519\uff0c\u652f\u6301\u4f5c\u8005\uff01\u7ee7\u7eed\u52a0\u6cb9\uff01"}, {"userName": "\u732b\u54aa\u5728\u770b\u4e66", "userReviewDate": "2018-05-11", "userURL": "https://my.qidian.com/user/169889804", "userReview": "\u5199\u7684\u5f88\u4e0d\u9519\uff0c\u652f\u6301\u4f5c\u8005\uff01\u7ee7\u7eed\u52a0\u6cb9\uff01"}, {"userName": "\u732b\u54aa\u5728\u770b\u4e66", "userReviewDate": "2018-05-11", "userURL": "https://my.qidian.com/user/169889804", "userReview": "\u52a0\u6cb9\uff01\u652f\u6301\uff01"}, {"userName": "\u732b\u54aa\u5728\u770b\u4e66", "userReviewDate": "2018-05-11", "userURL": "https://my.qidian.com/user/169889804", "userReview": "\u52a0\u6cb9\uff01\u652f\u6301\uff01"}, {"userName": "\u732b\u54aa\u5728\u770b\u4e66", "userReviewDate": "2018-05-11", "userURL": "https://my.qidian.com/user/169889804", "userReview": "\u52a0\u6cb9\uff01\u652f\u6301\uff01"}, {"userName": "\u5bc2\u5bde\u4e0e\u5b81\u9759", "userReviewDate": "2018-05-09", "userURL": "https://my.qidian.com/user/12778842", "userReview": "\u600e\u4e48\u8ba2\u4e86\u4ee5\u540e\u53c8\u8981\u91cd\u65b0\u8ba2\u9605"}, {"userName": "123\uff5e", "userReviewDate": "2018-05-04", "userURL": "https://my.qidian.com/user/223880855", "userReview": "\u6709\u6ca1\u6709\u7fa4\u554a"}, {"userName": "Lovealone\u62bd\u62bd", "userReviewDate": "2018-05-02", "userURL": "https://my.qidian.com/user/308745837", "userReview": "\u4f5c\u8005\uff0c\u6709\u6ca1\u6709\u5973\u4e3b\u554a\uff1f"}, {"userName": "\u732b\u54aa\u5728\u770b\u4e66", "userReviewDate": "2018-05-02", "userURL": "https://my.qidian.com/user/169889804", "userReview": "\u52a0\u6cb9\uff01\u652f\u6301\uff01"}, {"userName": "\u7b1b\u5b50\u7684\u7261\u4e39\u574a", "userReviewDate": "2018-05-02", "userURL": "https://my.qidian.com/user/20349064", "userReview": "\u5931\u8054\u4e86\u3002\u3002\u3002\u3002"}, {"userName": "95013", "userReviewDate": "2018-04-29", "userURL": "https://my.qidian.com/user/2737007", "userReview": "\u8fc7\u6765\u7b7e\u4e2a\u5230"}], "description": "\u3010\u519b\u4e8b\u5f81\u6587\u7b2c\u4e00\u5b63\u00b7\u8840\u67d3\u7ea2\u65d7\u6218\u4e0d\u4f11\u3011\u53c2\u8d5b\u4f5c\u54c1", "title": "\u5168\u80fd\u5c16\u5175", "url": "https://book.qidian.com/info/1011443047", "average": -1.0, "cover": "//qidian.qpic.cn/qdbimg/349573/1011443047/180", "reviews": -1, "authors": [{"url": "https://me.qidian.com/authorIndex.aspx?id=9181478", "name": "\u4e0a\u5141"}], "type": ["\u519b\u4e8b", "\u519b\u65c5\u751f\u6daf"], "outlinks": ["https://book.qidian.com/info/1011443047", "https://book.qidian.com/info/1010566274", "https://book.qidian.com/info/1010566274", "https://book.qidian.com/info/1004052452", "https://book.qidian.com/info/1004052452", "https://book.qidian.com/info/3646748", "https://book.qidian.com/info/3646748", "https://book.qidian.com/info/1009886556", "https://book.qidian.com/info/1009886556", "https://book.qidian.com/info/1010276884", "https://book.qidian.com/info/1010276884", "https://book.qidian.com/info/1004895675", "https://book.qidian.com/info/1004895675", "https://book.qidian.com/info/1004895675", "https://book.qidian.com/info/1004895675", "https://book.qidian.com/info/1009886556", "https://book.qidian.com/info/1009886556", "https://book.qidian.com/info/1011773651", "https://book.qidian.com/info/1011792881", "https://book.qidian.com/info/1011766727", "https://book.qidian.com/info/1011816033", "https://book.qidian.com/info/1011910483", "https://book.qidian.com/info/1011695819", "https://book.qidian.com/info/1011962771", "https://book.qidian.com/info/1011786182", "https://book.qidian.com/info/1011837374", "https://book.qidian.com/info/1011724908"]}