{"ratings": 0.0, "userreviews": [{"userName": "\u4e5f\u8bb8\u5427\u7b97\u6211\u50bb", "userReviewDate": "2018-01-14", "userURL": "https://my.qidian.com/user/224258780", "userReview": "\u4e5f\u8bb8\u5427\u7b97\u6211\u50bb\u6253\u8d4f\u5954\u8dd1\u7684\u50bb\u5154 50000\u8d77\u70b9\u5e01  \u5168\u80fd\u5de8\u661f\u5976\u7238"}, {"userName": "\u4e66\u53cb160318111147588", "userReviewDate": "2018-01-12", "userURL": "https://my.qidian.com/user/215551917", "userReview": "\u4e66\u53cb160318111147588\u6253\u8d4f\u5954\u8dd1\u7684\u50bb\u5154 50000\u8d77\u70b9\u5e01  \u5168\u80fd\u5de8\u661f\u5976\u7238"}, {"userName": "\u65e0\u654c\u80f8\u55b5\u4eba", "userReviewDate": "2017-12-14", "userURL": "https://my.qidian.com/user/311725694", "userReview": "\u65e0\u654c\u80f8\u55b5\u4eba\u6253\u8d4f\u5954\u8dd1\u7684\u50bb\u5154 50000\u8d77\u70b9\u5e01  \u8fd9\u672c\u4e66\u5199\u7684\u592a\u597d\u4e86,\u7292\u52b3\u4e00\u4e0b\u5e0c\u671b\u540e\u7eed\u66f4\u7cbe\u5f69!"}, {"userName": "\u60a0\u7136\u7684\u98de\u9e1f", "userReviewDate": "4\u5c0f\u65f6\u524d", "userURL": "https://my.qidian.com/user/169353475", "userReview": "\u5154\u5b50\u597d\u597d\u4f11\u606f\u5427\uff0c\u4e00\u8def\u8d70\u597d\u3002"}, {"userName": "sjjdiejnj", "userReviewDate": "5\u5c0f\u65f6\u524d", "userURL": "https://my.qidian.com/user/229834616", "userReview": "\u6709\u65e0\u5973\u4e3b\uff1f\u662f\u5426\u6210\u4e3a\u7537\u5973\u670b\u53cb\u4e86\uff1f"}, {"userName": "\u67af\u9aa82015", "userReviewDate": "7\u5c0f\u65f6\u524d", "userURL": "https://my.qidian.com/user/213489549", "userReview": "\u4eca\u5929\u6211\u6765\u7b7e\u5230"}, {"userName": "\u6211\u5bb6\u7684\u5c0f\u9ca4\u9c7c", "userReviewDate": "13\u5c0f\u65f6\u524d", "userURL": "https://my.qidian.com/user/214390410", "userReview": "\u4f5c\u4e3a\u840c\u5154\u7684\u5fe0\u5b9e\u7c89\u4e1d\uff0c\u5c0f\u9c7c\u5efa\u4e2a\u6253\u8d4f\u697c\uff0c\u4e00\u697c10\u5e01\uff0c\u5343\u697c\u4e00\u7ed3\uff0c\u76df\u4e3b\u4e3a\u6b62\uff01\uff01\uff01\u6b22\u8fce\u5404\u4f4d\u4e66\u53cb\u968f\u4fbf\u6c34"}, {"userName": "\u5317%\u8fb0", "userReviewDate": "14\u5c0f\u65f6\u524d", "userURL": "https://my.qidian.com/user/108516574", "userReview": "\u5c01\u9762\u6ca1\u4ee5\u524d\u7684\u597d\u770b\u3002"}, {"userName": "\u8a71\u8a9e\u6d05\u4e5c\u8aaa\u535f\u51fa\u6d90\u65f3\u4f9d\u8cf4", "userReviewDate": "\u6628\u65e512:29", "userURL": "https://my.qidian.com/user/164010192", "userReview": "\u6709\u8fd9\u6837\u7684\u7236\u4eb2 \u76f4\u63a5\u8bf7\u4e2a\u4fdd\u59c6\u90fd\u6bd4\u653e\u4ed6\u7238\u54ea\u91cc\u6709\u7528 \u4e3a\u4ec0\u4e48\u5927\u90e8\u5206\u5976\u7238\u6587\u90fd\u8981\u6309\u4e00\u4e2a\u8fd9\u79cd\u8111 c\u4e00\u6837\u7684"}, {"userName": "\u4e66\u53cb20170919124642161", "userReviewDate": "\u6628\u65e512:29", "userURL": "https://my.qidian.com/user/308488559", "userReview": "\u662f\u4e0d\u662f\u4e0d\u80fd\u8fdbQ\u7fa4\u554a\uff1f"}, {"userName": "\u4e45\u8bb8\u4e45\u8bb8", "userReviewDate": "\u6628\u65e508:56", "userURL": "https://my.qidian.com/user/308133179", "userReview": "\u6211\u4e5f\u6765\u4e00\u4e2a\uff0c\u4e45\u8bb8\u7b7e\u5230\u697c[fn=32]"}, {"userName": "\u767d\u70ed\u70ed", "userReviewDate": "\u6628\u65e507:25", "userURL": "https://my.qidian.com/user/215788793", "userReview": "\u7b7e\u5230\u6c34\u7ecf\u9a8c"}, {"userName": "langyue520", "userReviewDate": "\u6628\u65e500:10", "userURL": "https://my.qidian.com/user/5628855", "userReview": "\u53ef\u7231\u7684\u5973\u5b69\uff0c\u5929\u4f7f\u7684\u5fc3\u5730\u3002\u652f\u6301\uff0c11\u7968\u3002"}, {"userName": "\u5415\u5929\u867e13164", "userReviewDate": "2018-06-07", "userURL": "https://my.qidian.com/user/316080838", "userReview": "\u559c\u6b22\u5c31\u6765\u7b7e\u5230\u4e2a\u7ecf\u9a8c"}], "description": "\u91cd\u751f\u8fc7\u53bb\u3001\u7545\u60f3\u672a\u6765\u3001\u68a6\u5e7b\u73b0\u5b9e\uff0c\u518d\u5851\u4f20\u5947\u4eba\u751f\uff01", "title": "\u5168\u80fd\u5de8\u661f\u5976\u7238", "url": "https://book.qidian.com/info/1010806542", "average": -1.0, "cover": "//qidian.qpic.cn/qdbimg/349573/1010806542/180", "reviews": -1, "authors": [{"url": "https://me.qidian.com/authorIndex.aspx?id=10910650", "name": "\u5954\u8dd1\u7684\u50bb\u5154"}], "type": ["\u90fd\u5e02", "\u5a31\u4e50\u660e\u661f"], "outlinks": ["https://book.qidian.com/info/1010806542", "https://book.qidian.com/info/1010540347", "https://book.qidian.com/info/1010540347", "https://book.qidian.com/info/1009710728", "https://book.qidian.com/info/1009710728", "https://book.qidian.com/info/1007005774", "https://book.qidian.com/info/1007005774", "https://book.qidian.com/info/1009711178", "https://book.qidian.com/info/1009711178", "https://book.qidian.com/info/1009915605", "https://book.qidian.com/info/1009915605", "https://book.qidian.com/info/1010925483", "https://book.qidian.com/info/1010925483", "https://book.qidian.com/info/1009635261", "https://book.qidian.com/info/1009635261", "https://book.qidian.com/info/1011932150", "https://book.qidian.com/info/1012029544", "https://book.qidian.com/info/1012015699", "https://book.qidian.com/info/1012018201", "https://book.qidian.com/info/1011879101", "https://book.qidian.com/info/1011790606", "https://book.qidian.com/info/1011971435", "https://book.qidian.com/info/1009695534", "https://book.qidian.com/info/1011890878", "https://book.qidian.com/info/1010537314"]}