{"ratings": -1, "userreviews": [{"userName": "MinE&#55356;&#57197;", "userReviewDate": "2017-12-04", "userURL": "http://user.17k.com/58719887", "userReview": "[\u6253\u8d4f]\u6211\u6253\u8d4f\u4e86188\u5143\u7ea2\u5305\uff01\uff01"}, {"userName": "\u4e00\u4e2a\u4eba\u7684\u98ce\u666f452778461", "userReviewDate": "2017-11-24", "userURL": "http://user.17k.com/58522894", "userReview": "[\u6253\u8d4f]\u6211\u6253\u8d4f\u4e86188\u5143\u7ea2\u5305\uff01\uff01"}, {"userName": "\u540d\u4e3a\u653e\u9010", "userReviewDate": "2017-11-21", "userURL": "http://user.17k.com/52333858", "userReview": "[\u6253\u8d4f]\u6211\u6253\u8d4f\u4e86188\u5143\u7ea2\u5305\uff01\uff01"}, {"userName": "\u7405\u740a\u4e00\u53f7", "userReviewDate": "2017-10-06", "userURL": "http://user.17k.com/54303968", "userReview": "<span style='color:red'>\u65b0\u7fa4\u5efa\u7acb\u4e86\uff0c\u7fa4\u53f7\uff1a676088881\uff0c\u6b22\u8fce\u5404\u4f4d\u5927\u795e\u5165\u9a7b\uff0c\u52a0\u7fa4\u8005\u7537\u795e\u4ed9\u9b45\u529b\u52a0100\uff0c\u5973\u795e\u4ed9\u9b45\u529b\u52a01001\uff0c\u7405\u740a\u5728\u7fa4\u626b\u69bb\u76f8\u5f85\uff01<img src='http://img.17k.com/images/face/107xf.gif' /><img src='http://img.17k.com/images/face/107xf.gif' /><img src='http://img.17k.com/images/face/107xf.gif' /></span>"}, {"userName": "\u7405\u740a\u4e00\u53f7", "userReviewDate": "2017-05-21", "userURL": "http://user.17k.com/54303968", "userReview": "<span style='color:red'>\u5f81\u96c6\u5e16\uff01\u672c\u4e66\u73b0\u5728\u5f81\u96c6\u5404\u79cd\u795e\u4ed9\u3001\u6cd5\u5b9d\u3001\u6cd5\u672f\u795e\u901a\u7684\u540d\u5b57\uff0c\u8bf7\u5927\u5bb6\u8e0a\u8dc3\u53d1\u8a00\uff0c\u5c3d\u91cf\u5199\u4e00\u4e9b\u4e66\u91cc\u8fd8\u6ca1\u6709\u51fa\u73b0\u8fc7\u7684\uff0c\u6bd4\u8f83\u751f\u50fb\u7684\u795e\u4ed9\u540d\u5b57\u6cd5\u5b9d\uff0c\u5c0f\u7405\u4f1a\u4e00\u4e00\u91c7\u7eb3\uff01\u6bd4\u5982\uff1a\u9f50\u5929\u5927\u5723\uff0c\u6cd5\u5b9d\uff1a\u5982\u610f\u91d1\u7b8d\u68d2\uff0c\u6cd5\u672f\u795e\u901a\uff1a\u4e03\u5341\u4e8c\u53d8\uff0c\u7b4b\u6597\u4e91\uff01\u4ee5\u6b64\u7c7b\u63a8\uff01</span>"}, {"userName": "\u96e8\u6668233", "userReviewDate": "2018-06-07", "userURL": "http://user.17k.com/60804302", "userReview": "\u665a\u597d~\u52a0\u6cb9!"}, {"userName": "\u90a3\u5e74380652210", "userReviewDate": "2018-06-07", "userURL": "http://user.17k.com/43862336", "userReview": "<span style='color:black'><a target='_blank' href='http://www.17k.com/book/2737782.html'>\u300a\u5e9f\u6750\u533b\u4ed9\u300b</a>\u8001\u5c4c\u4e1d\u7684\u9006\u88ad\uff0c\u501f\u5b9d\u5730\u6253\u4e2a\u5e7f\u544a\u3002</span>"}, {"userName": "yukai059368035", "userReviewDate": "2018-06-06", "userURL": "http://user.17k.com/55661682", "userReview": "\u798f\u798f\u798f\u5495\u53fd\u5495\u53fd"}, {"userName": "yukai059368035", "userReviewDate": "2018-06-04", "userURL": "http://user.17k.com/55661682", "userReview": "\u521a\u521a\u53d1\u53cd\u53cd\u590d\u590d"}, {"userName": "yukai059368035", "userReviewDate": "2018-06-03", "userURL": "http://user.17k.com/55661682", "userReview": "\u4ece\u53cd\u53cd\u590d\u590d"}, {"userName": "17K\u4e66\u53cb5JB5S4D3", "userReviewDate": "2018-05-31", "userURL": "http://user.17k.com/58869231", "userReview": "\u6b64\u4e66\u5199\u90fd\u4e0d\u9519"}, {"userName": "17K\u4e66\u53cb5JB5S4D3", "userReviewDate": "2018-05-30", "userURL": "http://user.17k.com/58869231", "userReview": "\u6b64\u4e66\u5199\u90fd\u4e0d\u9519"}, {"userName": "17K\u4e66\u53cbuqd5vzmo", "userReviewDate": "2018-05-29", "userURL": "http://user.17k.com/55620689", "userReview": "\u770b\u5230\u540e\u9762\u89c9\u5f97\u4e0d\u597d\u770b\u4e86"}, {"userName": "\u606c\u9759\u7684\u795e", "userReviewDate": "2018-05-26", "userURL": "http://user.17k.com/51073979", "userReview": "\u901f\u5ea6\u4e0e\u6fc0\u60c5"}, {"userName": "\u4e1c\u5357\u897f\u5317\u98cedj887152902", "userReviewDate": "2018-05-24", "userURL": "http://user.17k.com/54497674", "userReview": "66666"}, {"userName": "17K\u4e66\u53cb5JB5S4D3", "userReviewDate": "2018-05-23", "userURL": "http://user.17k.com/58869231", "userReview": "\u6b64\u4e66\u5199\u90fd\u4e0d\u9519"}, {"userName": "\u82b7\u662f300296\u4e00\u77ac\u95f4", "userReviewDate": "2018-05-19", "userURL": "http://user.17k.com/24562981", "userReview": "\uff01\uff01\uff01\uff01\uff01\uff01"}, {"userName": "\u82b7\u662f300296\u4e00\u77ac\u95f4", "userReviewDate": "2018-05-19", "userURL": "http://user.17k.com/24562981", "userReview": "\uff01\uff01\uff01\uff01\uff01\uff01"}, {"userName": "\u4e48\u4e48\u54d2\u03b5\u0e51&nbsp;\u2083&nbsp;7\u0437\u2026", "userReviewDate": "2018-05-18", "userURL": "http://user.17k.com/56873536", "userReview": "\u641e\u4ec0\u4e48\u540d\u5802\uff0c\u8bf4\u662f\u5305\u6708\u7684\uff0c\u4e00\u8f6c\u773c\u53c8\u5f00\u59cb\u6536\u8d39\u4e86"}, {"userName": "\u773c\u955c822339503", "userReviewDate": "2018-05-18", "userURL": "http://user.17k.com/51686306", "userReview": "676088881"}], "description": "\u7fa4\u53f7\uff1a\u3010676088881\u3011\u6b22\u8fce\u5404\u4f4d\u795e\u4ed9\u5165\u7fa4\uff01\uff01\uff01\u3000\u3000\u5929\u5730\u4eba\u4e09\u754c\uff0c\u4ed9\u5996\u9b54\u5171\u5b58\uff01\u3000\u3000\u4e00\u673a\u5728\u624b\uff0c\u5929\u4e0b\u6211\u6709\uff0c\u62a2\u5c3d\u5404\u8def\u5996\u9b54\u795e\u4ed9\u5b9d\u8d1d\uff01\u3000\u3000\u4ed9\u5b50\uff0c\u6c42\u522b\u6015\uff01\u4e0d\u62a2\u4f60\uff01\u5c31\u8bf7\u4f60\u4e00\u8d77\u8d4f\u98ce\u82b1\u96ea\u6708\u2026\u2026\u3000\u3000\u4e0d\u7b54\u5e94\uff0c\u4fe1\u4e0d\u4fe1\u6211\u62a2\u7684\u4f60\u8fde\u5185\u5185\u90fd\u4e0d\u4f1a\u7559\u4e0b\uff01\uff01\uff01\u3000\u3000\u4e00\u90e8\u53d8\u5f02\u768424K\u949b\u5408\u91d1\u624b\u673a\uff01\u4e00\u4e2a\u795e\u5947\u7684\u8d44\u6e90\u7fa4\uff01\u4e00\u6b3e\u9006\u5929\u7684\u8fc5\u96f7\u8f6f\u4ef6\uff01\u547d\u8fd0\u8f6e\u76d8\u8f6c\u52a8\uff0c\u6539\u53d8\u4e86\u5e73\u51e1\u9752\u5e74\u9646\u6e38\u7684\u4e00\u751f\uff01\u3000\u3000\u201c\u53ee\uff0c\u606d\u559c\u4f60\u4e0b\u8f7d\u5b8c\u6210\u592a\u4e0a\u8001\u541b\u7684\u8d44\u6e90\u4e00\u4efd\uff0c\u83b7\u5f97\u4e5d\u8f6c\u751f\u6b7b\u4e39\u4e00\u679a\uff01\u201d\u3000\u3000\u201c\u53ee\uff0c\u606d\u559c\u4f60\u4e0b\u8f7d\u5b8c\u6210\u5ae6\u5a25\u4ed9\u5b50\u7684\u8d44\u6e90\u4e00\u4efd\uff0c\u83b7\u5f97\u96ea\u9f99\u8695\u4e1d\u5185\u5185\u4e00\u5957\u2026\u2026\u201d\u3000\u3000\u201c\u53ee\uff0c\u606d\u559c\u4f60\u4e0b\u8f7d\u5b8c\u6210\u79e6\u5e7f\u738b\u7684\u8d44\u6e90\u4e00\u4efd\uff0c\u83b7\u5f97\u751f\u6b7b\u7c3f\u4e0a\u5377\u2026\u2026\u201d\u3000\u3000\u201c\u6ef4\u6ef4\uff01\u641c\u5230\u901a\u5929\u6559\u4e3b\u8d44\u6e90\u4e00\u4efd\uff0c\u62b1\u6b49\uff01\u60a8\u7f51\u901f\u4e0d\u7ed9\u529b\uff0c\u9519\u5931\u673a\u7f18\uff0c\u5df2\u88ab\u522b\u4eba\u4e0b\u8f7d\uff01\uff01\u201d", "title": "\u4e09\u754c\u8fc5\u96f7\u8d44\u6e90\u7fa4", "url": "http://www.17k.com/book/2437309.html", "average": -1.0, "cover": "http://img.17k.com/images/bookcover/2017/12186/60/2437309-1492131694000.jpg", "reviews": 3122772, "authors": [{"url": "http://www.17k.com/zuozhe/54303968", "name": "\u7405\u740a\u4e00\u53f7"}], "type": ["\u90fd\u5e02\u5f02\u80fd"], "outlinks": ["http://www.17k.com/book/2794982.html", "http://www.17k.com/book/2801292.html", "http://www.17k.com/book/2816318.html", "http://www.17k.com/book/2797575.html", "http://www.17k.com/book/2802516.html", "http://www.17k.com/book/2812195.html", "http://www.17k.com/book/2820143.html", "http://www.17k.com/book/2807943.html", "http://www.17k.com/book/2813457.html", "http://www.17k.com/book/2798058.html", "http://www.17k.com/book/2815617.html", "http://www.17k.com/book/2805259.html", "http://www.17k.com/book/2760255.html", "http://www.17k.com/book/2686894.html", "http://www.17k.com/book/2797016.html", "http://www.17k.com/book/2767246.html", "http://www.17k.com/book/2764239.html", "http://www.17k.com/book/2754498.html", "http://www.17k.com/book/2754900.html", "http://www.17k.com/book/2625740.html", "http://www.17k.com/book/2213315.html", "http://www.17k.com/book/2402178.html", "http://www.17k.com/book/2691221.html", "http://www.17k.com/book/2210699.html", "http://www.17k.com/book/1797752.html", "http://www.17k.com/book/2575507.html", "http://www.17k.com/book/2705181.html", "http://www.17k.com/book/2702539.html", "http://www.17k.com/book/2474887.html", "http://www.17k.com/book/2674733.html", "http://www.17k.com/book/2822076.html", "http://www.17k.com/book/2809894.html", "http://www.17k.com/book/2822077.html", "http://www.17k.com/book/2811930.html", "http://www.17k.com/book/2815548.html", "http://www.17k.com/book/2819620.html", "http://www.17k.com/book/2809964.html", "http://www.17k.com/book/2808200.html", "http://www.17k.com/book/2820100.html", "http://www.17k.com/book/2822978.html", "http://www.17k.com/book/2804337.html", "http://www.17k.com/book/2798814.html", "http://www.17k.com/book/2785153.html", "http://www.17k.com/book/2731559.html", "http://www.17k.com/book/2722533.html", "http://www.17k.com/book/2458377.html", "http://www.17k.com/book/2743300.html", "http://www.17k.com/book/973809.html", "http://www.17k.com/book/2651367.html", "http://www.17k.com/book/2726194.html", "http://www.17k.com/book/2790214.html", "http://www.17k.com/book/493239.html", "http://www.17k.com/book/108821.html", "http://www.17k.com/book/1398783.html", "http://www.17k.com/book/83528.html", "http://www.17k.com/book/1859126.html", "http://www.17k.com/book/1741975.html", "http://www.17k.com/book/192453.html", "http://www.17k.com/book/2459058.html", "http://www.17k.com/book/1050747.html", "http://www.17k.com/book/2700315.html", "http://www.17k.com/book/2818940.html", "http://www.17k.com/book/2819519.html", "http://www.17k.com/book/2816390.html", "http://www.17k.com/book/2819588.html", "http://www.17k.com/book/2813768.html", "http://www.17k.com/book/2822406.html", "http://www.17k.com/book/2772164.html", "http://www.17k.com/book/2784023.html", "http://www.17k.com/book/2811877.html", "http://www.17k.com/book/2809119.html", "http://www.17k.com/book/2803700.html", "http://www.17k.com/book/2819561.html", "http://www.17k.com/book/2746506.html", "http://www.17k.com/book/2811836.html", "http://www.17k.com/book/2614810.html", "http://www.17k.com/book/1592435.html", "http://www.17k.com/book/1949748.html", "http://www.17k.com/book/2265802.html", "http://www.17k.com/book/2743240.html", "http://www.17k.com/book/2657437.html", "http://www.17k.com/book/2644502.html", "http://www.17k.com/book/2199900.html", "http://www.17k.com/book/2725436.html", "http://www.17k.com/book/2629978.html"]}