{"ratings": -1, "userreviews": [{"userName": ".\u590f\u5e74", "userReviewDate": "2018-06-08", "userURL": "http://user.17k.com/62620787", "userReview": "\u8fd8\u662f\u633a\u611f\u4eba\u7684\uff0c\u4e0d\u4f1a\u8981\u6765\u4e2a\u91cd\u751f\u5427"}, {"userName": "\u6211\u7684\u5c0f\u674f\u82b1&#55356;&#57144;", "userReviewDate": "2018-06-06", "userURL": "http://user.17k.com/62563432", "userReview": "\u66f4\u65b0\u554a\u2026\u2026\u4f5c\u8005\u5927\u5927"}, {"userName": "\u9752\u9752\u6cb3\u8fb9\u8349725250960", "userReviewDate": "2018-06-04", "userURL": "http://user.17k.com/62520007", "userReview": "\u52aa\u529b\u52a0\u6cb9\u5427\uff01"}, {"userName": "\u2661236783885", "userReviewDate": "2018-06-03", "userURL": "http://user.17k.com/62461909", "userReview": "\u52a0\u6cb9\uff3e\uff10\uff3e~"}, {"userName": "\u6708\u843d\u68a6\u8ffd\u5fc6", "userReviewDate": "2018-06-02", "userURL": "http://user.17k.com/57478135", "userReview": "\u5199\u4e66\u4e0d\u6613\uff0c\u8ffd\u5fc6\u524d\u6765\u52a9\u9635\uff0c\u5f3a\u52bf\u652f\u6301"}], "description": "\u987e\u70df\u7ec8\u4e8e\u63d0\u51fa\u4e86\u79bb\u5a5a\uff0c\u8bed\u6c14\u8f7b\u6de1\u7684\u50cf\u662f\u5728\u8bf4\u201c\u4eca\u5929\u5929\u6c14\u5f88\u597d\u3002\u201d\u3000\u3000\u6c5f\u8fb0\u5e0c\u5f97\u5230\u4e86\u68a6\u5bd0\u4ee5\u6c42\u7684\u81ea\u7531\uff0c\u5e26\u7740\u72d0\u670b\u72d7\u53cb\u4e00\u987f\u82b1\u5929\u9152\u5730\uff0c\u9189\u9152\u540e\u56de\u5230\u5bb6\u4e2d\uff0c\u9762\u5bf9\u7684\u53ea\u6709\u51b7\u6e05\u7684\u623f\u95f4\u4e0e\u51b0\u51b7\u7684\u5bb6\u5177\uff0c\u4ed6\u611f\u89c9\u5fc3\u91cc\u597d\u50cf\u5c11\u4e86\u4e00\u5757\u3002\u3000\u3000\u7b49\u4ed6\u56de\u5934\u60f3\u8981\u770b\u4e00\u773c\u987e\u70df\u7684\u8eab\u5f71\uff0c\u5374\u53d1\u73b0\u90a3\u4e2a\u5973\u4eba\u65e9\u5df2\u6d88\u5931\u4e0d\u89c1\u3002\u3000\u3000\u6c5f\u8fb0\u5e0c\u95ee\u987e\u871c\uff1a\u987e\u70df\u5462\uff1f\u3000\u3000\u987e\u871c\uff1a\u5979\u5df2\u7ecf\u6b7b\u4e86\u2026\u2026", "title": "\u4e0d\u826f\u9c9c\u59bb\u6709\u70b9\u751c", "url": "http://www.17k.com/book/2823487.html", "average": -1.0, "cover": "http://img.17k.com/images/bookcover/2018/14117/70/2823487-1528337050000.jpg", "reviews": 12356, "authors": [{"url": "http://www.17k.com/zuozhe/61667985", "name": "\u96ea\u6b4c\u6b4c"}], "type": ["\u603b\u88c1\u8c6a\u95e8"], "outlinks": ["http://www.17k.com/book/2794982.html", "http://www.17k.com/book/2801292.html", "http://www.17k.com/book/2816318.html", "http://www.17k.com/book/2797575.html", "http://www.17k.com/book/2802516.html", "http://www.17k.com/book/2812195.html", "http://www.17k.com/book/2820143.html", "http://www.17k.com/book/2807943.html", "http://www.17k.com/book/2813457.html", "http://www.17k.com/book/2798058.html", "http://www.17k.com/book/2815617.html", "http://www.17k.com/book/2805259.html", "http://www.17k.com/book/2760255.html", "http://www.17k.com/book/2686894.html", "http://www.17k.com/book/2797016.html", "http://www.17k.com/book/2767246.html", "http://www.17k.com/book/2764239.html", "http://www.17k.com/book/2754498.html", "http://www.17k.com/book/2754900.html", "http://www.17k.com/book/2625740.html", "http://www.17k.com/book/2213315.html", "http://www.17k.com/book/2402178.html", "http://www.17k.com/book/2691221.html", "http://www.17k.com/book/2210699.html", "http://www.17k.com/book/1797752.html", "http://www.17k.com/book/2575507.html", "http://www.17k.com/book/2705181.html", "http://www.17k.com/book/2702539.html", "http://www.17k.com/book/2474887.html", "http://www.17k.com/book/2674733.html", "http://www.17k.com/book/2822076.html", "http://www.17k.com/book/2809894.html", "http://www.17k.com/book/2822077.html", "http://www.17k.com/book/2811930.html", "http://www.17k.com/book/2815548.html", "http://www.17k.com/book/2819620.html", "http://www.17k.com/book/2809964.html", "http://www.17k.com/book/2808200.html", "http://www.17k.com/book/2820100.html", "http://www.17k.com/book/2822978.html", "http://www.17k.com/book/2804337.html", "http://www.17k.com/book/2798814.html", "http://www.17k.com/book/2785153.html", "http://www.17k.com/book/2731559.html", "http://www.17k.com/book/2722533.html", "http://www.17k.com/book/2458377.html", "http://www.17k.com/book/2743300.html", "http://www.17k.com/book/973809.html", "http://www.17k.com/book/2651367.html", "http://www.17k.com/book/2726194.html", "http://www.17k.com/book/2790214.html", "http://www.17k.com/book/493239.html", "http://www.17k.com/book/108821.html", "http://www.17k.com/book/1398783.html", "http://www.17k.com/book/83528.html", "http://www.17k.com/book/1859126.html", "http://www.17k.com/book/1741975.html", "http://www.17k.com/book/192453.html", "http://www.17k.com/book/2459058.html", "http://www.17k.com/book/1050747.html", "http://www.17k.com/book/2700315.html", "http://www.17k.com/book/2818940.html", "http://www.17k.com/book/2819519.html", "http://www.17k.com/book/2816390.html", "http://www.17k.com/book/2819588.html", "http://www.17k.com/book/2813768.html", "http://www.17k.com/book/2822406.html", "http://www.17k.com/book/2772164.html", "http://www.17k.com/book/2784023.html", "http://www.17k.com/book/2811877.html", "http://www.17k.com/book/2809119.html", "http://www.17k.com/book/2803700.html", "http://www.17k.com/book/2819561.html", "http://www.17k.com/book/2746506.html", "http://www.17k.com/book/2811836.html", "http://www.17k.com/book/2614810.html", "http://www.17k.com/book/1592435.html", "http://www.17k.com/book/1949748.html", "http://www.17k.com/book/2265802.html", "http://www.17k.com/book/2743240.html", "http://www.17k.com/book/2657437.html", "http://www.17k.com/book/2644502.html", "http://www.17k.com/book/2199900.html", "http://www.17k.com/book/2725436.html", "http://www.17k.com/book/2629978.html"]}