{"ratings": -1, "userreviews": [{"userName": "17K\u4e66\u53cbrh7069nn", "userReviewDate": "2018-05-18", "userURL": "http://user.17k.com/60183314", "userReview": "\u3002\u3002\u3002\u3002\u3002\u3002\u3002"}, {"userName": "\u7c97\u72c2\u6a35\u592b", "userReviewDate": "2018-04-27", "userURL": "http://user.17k.com/61103761", "userReview": "\u5404\u4f4d\u5927\u5927\u643a<a target='_blank' href='http://www.17k.com/book/2812469.html'>\u300a\u629a\u5929\u9053\u300b</a>\u6765\u652f\u6301\uff0c\u795d\u5927\u5927\u7684\u4e66\u8d8a\u6765\u8d8a\u7ea2\u706b\u3002"}, {"userName": "\u58a8\u6d53\u6620\u9edb\u7709", "userReviewDate": "2018-04-18", "userURL": "http://user.17k.com/56345656", "userReview": "\u52a0\u6cb9\u52a0\u6cb9\uff01"}, {"userName": "\u67e0\u6aac\u9178\u4e0d\u53ca\u6211\u5fc3\u9178", "userReviewDate": "2018-04-17", "userURL": "http://user.17k.com/49272780", "userReview": "<span style='color:black'><a target='_blank' href='http://www.17k.com/book/2192482.html'>\u300aTFBOYS\u604b\u4e4b\u590f\u300b</a>&nbsp;\u5927\u5927\uff0c\u6765\u8bbf\uff01</span>"}, {"userName": "\u6708\u843d\u68a6\u8ffd\u5fc6", "userReviewDate": "2018-04-07", "userURL": "http://user.17k.com/57478135", "userReview": "\u60a8\u7684\u4e00\u5f20\u652f\u6301\u5361\u5df2\u5230\u8d27\uff0c\u8bf7\u53ca\u65f6\u7b7e\u6536"}, {"userName": "\u8d75\u7ffc512282253", "userReviewDate": "2018-03-30", "userURL": "http://user.17k.com/58784118", "userReview": "\u5c01\u9762\u5f88\u6f02\u4eae\uff0c\u5efa\u8bae\u5662"}, {"userName": "\u8d75\u7ffc512282253", "userReviewDate": "2018-03-30", "userURL": "http://user.17k.com/58784118", "userReview": "<a target='_blank' href='http://www.17k.com/book/2705953.html'>\u300a\u9b3c\u8ff9\u5bfb\u8e2a\u300b</a>\u6765\u8bbf\uff0c\u62dc\u8bfb\u4f73\u4f5c\uff0c\u652f\u6301\u4e00\u4e0b\u5927\u5927"}, {"userName": "Tia\u5927\u67da\u5b50", "userReviewDate": "2018-03-30", "userURL": "http://user.17k.com/59467398", "userReview": "\u8fc7\u6765\u652f\u6301\u4e00\u4e0b\uff0c\u52a0\u6cb9\u54e6&#55357;&#56490;"}, {"userName": "\u7d2b\u8559\u8559", "userReviewDate": "2018-03-21", "userURL": "http://user.17k.com/54596030", "userReview": "\u652f\u6301\uff01"}], "description": "\u8bb8\u4f73\u53d7\u7535\u89c6\u523a\u6fc0\uff0c\u8981\u51cf\u80a5\uff0c\u5374\u60f3\u4e0d\u5230\u5979\u80d6\u6210\u73b0\u5728\u8fd9\u6837\u7adf\u662f\u8001\u516c\u4e00\u624b\u7b56\u5212\uff0c\u80cc\u540e\u7f18\u7531\u7adf\u662f\u8001\u516c\u610f\u56fe\u8c0b\u5bb3\u3002\u88ab\u8499\u5728\u9f13\u91cc\u7684\u8bb8\u4f73\u62fc\u547d\u51cf\u80a5\uff0c\u5374\u8ba9\u8001\u516c\u6df1\u6df1\u4e0d\u5b89\uff0c\u7adf\u8bbe\u8ba1\u5c06\u5979\u63a8\u4e0b\u60ac\u5d16\u3002\u7a76\u7adf\u662f\u7531\u7231\u751f\u6068\uff0c\u8fd8\u662f\u53e6\u6709\u9634\u8c0b\uff1f", "title": "\u4e11\u5973\u5927\u4f5c\u6218", "url": "http://www.17k.com/book/2790963.html", "average": -1.0, "cover": "http://img.17k.com/images/bookcover/2018/13954/69/2790963-1521037577000.jpg", "reviews": 33899, "authors": [{"url": "http://www.17k.com/zuozhe/60346127", "name": "\u80cc\u5305\u718a"}], "type": ["\u552f\u7f8e\u7eaf\u7231"], "outlinks": ["http://www.17k.com/book/2794982.html", "http://www.17k.com/book/2801292.html", "http://www.17k.com/book/2816318.html", "http://www.17k.com/book/2797575.html", "http://www.17k.com/book/2802516.html", "http://www.17k.com/book/2812195.html", "http://www.17k.com/book/2820143.html", "http://www.17k.com/book/2807943.html", "http://www.17k.com/book/2813457.html", "http://www.17k.com/book/2798058.html", "http://www.17k.com/book/2815617.html", "http://www.17k.com/book/2805259.html", "http://www.17k.com/book/2760255.html", "http://www.17k.com/book/2686894.html", "http://www.17k.com/book/2797016.html", "http://www.17k.com/book/2767246.html", "http://www.17k.com/book/2764239.html", "http://www.17k.com/book/2754498.html", "http://www.17k.com/book/2754900.html", "http://www.17k.com/book/2625740.html", "http://www.17k.com/book/2213315.html", "http://www.17k.com/book/2402178.html", "http://www.17k.com/book/2691221.html", "http://www.17k.com/book/2210699.html", "http://www.17k.com/book/1797752.html", "http://www.17k.com/book/2575507.html", "http://www.17k.com/book/2705181.html", "http://www.17k.com/book/2702539.html", "http://www.17k.com/book/2474887.html", "http://www.17k.com/book/2674733.html", "http://www.17k.com/book/2822076.html", "http://www.17k.com/book/2809894.html", "http://www.17k.com/book/2822077.html", "http://www.17k.com/book/2811930.html", "http://www.17k.com/book/2815548.html", "http://www.17k.com/book/2819620.html", "http://www.17k.com/book/2809964.html", "http://www.17k.com/book/2808200.html", "http://www.17k.com/book/2820100.html", "http://www.17k.com/book/2822978.html", "http://www.17k.com/book/2804337.html", "http://www.17k.com/book/2798814.html", "http://www.17k.com/book/2785153.html", "http://www.17k.com/book/2731559.html", "http://www.17k.com/book/2722533.html", "http://www.17k.com/book/2458377.html", "http://www.17k.com/book/2743300.html", "http://www.17k.com/book/973809.html", "http://www.17k.com/book/2651367.html", "http://www.17k.com/book/2726194.html", "http://www.17k.com/book/2790214.html", "http://www.17k.com/book/493239.html", "http://www.17k.com/book/108821.html", "http://www.17k.com/book/1398783.html", "http://www.17k.com/book/83528.html", "http://www.17k.com/book/1859126.html", "http://www.17k.com/book/1741975.html", "http://www.17k.com/book/192453.html", "http://www.17k.com/book/2459058.html", "http://www.17k.com/book/1050747.html", "http://www.17k.com/book/2700315.html", "http://www.17k.com/book/2818940.html", "http://www.17k.com/book/2819519.html", "http://www.17k.com/book/2816390.html", "http://www.17k.com/book/2819588.html", "http://www.17k.com/book/2813768.html", "http://www.17k.com/book/2822406.html", "http://www.17k.com/book/2772164.html", "http://www.17k.com/book/2784023.html", "http://www.17k.com/book/2811877.html", "http://www.17k.com/book/2809119.html", "http://www.17k.com/book/2803700.html", "http://www.17k.com/book/2819561.html", "http://www.17k.com/book/2746506.html", "http://www.17k.com/book/2811836.html", "http://www.17k.com/book/2614810.html", "http://www.17k.com/book/1592435.html", "http://www.17k.com/book/1949748.html", "http://www.17k.com/book/2265802.html", "http://www.17k.com/book/2743240.html", "http://www.17k.com/book/2657437.html", "http://www.17k.com/book/2644502.html", "http://www.17k.com/book/2199900.html", "http://www.17k.com/book/2725436.html", "http://www.17k.com/book/2629978.html"]}