{"ratings": -1, "userreviews": [{"userName": "\u68a6\u5165\u6d2a\u8352", "userReviewDate": "2018-05-19", "userURL": "http://user.17k.com/2186660", "userReview": "\u5f00\u7bc7\u4e0d\u9519\uff0c \u6709\u60ac\u5ff5\uff0c\u6709\u77db\u76fe\uff0c\u5267\u60c5\u5f88\u6709\u610f\u601d\uff0c\u52a0\u6cb9\uff01"}, {"userName": "\u6881\u4e03\u5c11", "userReviewDate": "2018-04-23", "userURL": "http://user.17k.com/37531531", "userReview": "\u770b\u4e86\u5f00\u5934\uff0c\u60c5\u8282\u4e5f\u5f88\u987a\u7545\uff0c\u597d\u597d\u52a0\u6cb9\u3002"}, {"userName": "o\u7b14\u4ed9\u5728\u68a6\u6e38o", "userReviewDate": "2018-04-22", "userURL": "http://user.17k.com/2352868", "userReview": "\u52a0\u6cb9\u5171\u52c9~\u563f\u563f~"}, {"userName": "\u65af\u6587\u732b\u965b\u4e0b", "userReviewDate": "2018-04-13", "userURL": "http://user.17k.com/37764708", "userReview": "<span style='color:red'>\u3010\u5e7f\u544a\u697c\u3011\u5199\u4e66\u4e0d\u6613\uff0c\u76f8\u4e92\u652f\u6301\uff01\u6253\u5e7f\u544a\u7684\u9ebb\u70e6\u8fdb\u8fd9\u91cc\uff0c\u770b\u5230\u540e\u4e00\u5b9a\u4e00\u4e00\u56de\u8bbf\u62dc\u8bfb\uff0c\u4ee5\u5916\u7684\u5e7f\u544a\u4f1a\u88ab\u6e05\u9664\uff0c\u8c22\u8c22\uff01\uff01\uff01</span>"}, {"userName": "\u7b11\u7b11\u661f\u513f", "userReviewDate": "2018-04-06", "userURL": "http://user.17k.com/2606656", "userReview": "\u9898\u6750\u65b0\u9896\uff0c\u8bed\u8a00\u7b80\u6d01\uff0c\u76ee\u6d4b\u6b64\u4e66\u5fc5\u706b\uff01\u89c2\u671b\u4e2d\u2014\u2014\u2014\u2014"}, {"userName": "\u82cf\u4e5d\u6708", "userReviewDate": "2018-03-25", "userURL": "http://user.17k.com/36971837", "userReview": "\u8fc7\u6765\u652f\u6301\u4e00\u4e0b\uff0c\u52a0\u6cb9\uff0c\u795d\u65b0\u4e66\u5927\u706b\u3002"}, {"userName": "\u6258\u94b5\u6751\u592b", "userReviewDate": "2018-06-08", "userURL": "http://user.17k.com/56861952", "userReview": "\u8bfb\u4e66\u8bbf\u53cb\uff0c\u9876\u8d5e\u652f\u6301\uff0c\u606d\u795d\u6587\u5b89\uff01"}, {"userName": "\u661f\u7a7a\u591c\u68a6\u58f9", "userReviewDate": "2018-06-07", "userURL": "http://user.17k.com/58116533", "userReview": "\u965b\u4e0b\u665a\u4e0a\u597d"}, {"userName": "\u90d1\u9e3f\u9b41", "userReviewDate": "2018-06-07", "userURL": "http://user.17k.com/60059338", "userReview": "\u965b\u4e0b\u597d\uff01\u5feb\u5230\u5341\u4e07\u4e86\uff0c\u795d\u8d3a\uff01\uff01"}, {"userName": "\u6258\u94b5\u6751\u592b", "userReviewDate": "2018-06-07", "userURL": "http://user.17k.com/56861952", "userReview": "\u89c2\u81ea\u5728\u83e9\u8428\uff0c\u884c\u6df1\u822c\u82e5\u6ce2\u7f57\u871c\u591a\u65f6\uff0c\u7167\u89c1\u4e94\u8574\u7686\u7a7a\uff0c\u5ea6\u4e00\u5207\u82e6\u5384\u3002\u820d\u5229\u5b50\uff0c\u8272\u4e0d\u5f02\u7a7a\uff0c\u7a7a\u4e0d\u5f02\u8272\uff0c\u8272\u5373\u662f\u7a7a\uff0c\u7a7a\u5373\u662f\u8272\uff0c\u53d7\u60f3\u884c\u8bc6\uff0c\u4ea6\u590d\u5982\u662f\u3002\u820d\u5229\u5b50\uff0c\u662f\u8bf8\u6cd5\u7a7a\u76f8\uff0c\u4e0d\u751f\u4e0d\u706d\uff0c\u4e0d\u57a2\u4e0d\u51c0\uff0c\u4e0d\u589e\u4e0d\u51cf\u3002\u662f\u6545\u7a7a\u4e2d\u65e0\u8272\uff0c\u65e0\u53d7\u60f3\u884c\u8bc6\uff0c\u65e0\u773c\u8033\u9f3b\u820c\u8eab\u610f\uff0c\u65e0\u8272\u58f0\u9999\u5473\u89e6\u6cd5\uff0c\u65e0\u773c\u754c\u4e43\u81f3\u65e0\u610f\u8bc6\u754c\uff0c\u65e0\u65e0\u660e\u4ea6\u65e0\u65e0\u660e\u5c3d\uff0c\u4e43\u81f3\u65e0\u8001\u6b7b\u4ea6\u65e0\u8001\u6b7b\u5c3d\uff0c\u65e0\u82e6\u96c6\u706d\u9053\uff0c\u65e0\u667a\u4ea6\u65e0\u5f97\u3002\u4ee5\u65e0\u6240\u5f97\u6545\uff0c\u83e9\u63d0\u8428\u57f5\uff0c\u4f9d\u822c\u82e5\u6ce2\u7f57\u871c\u591a\u6545\uff0c\u5fc3\u65e0\u6302\u788d\u3002\u65e0\u6302\u788d\u6545\uff0c\u65e0\u6709\u6050\u6016\uff0c\u8fdc\u79bb\u98a0\u5012\u68a6\u60f3\uff0c\u7a76\u7adf\u6d85\u69c3\u3002\u4e09\u4e16\u8bf8\u4f5b\uff0c\u4f9d\u822c\u82e5\u6ce2\u7f57\u871c\u591a\u6545\uff0c\u5f97\u963f\u8028\u591a\u7f57\u4e09\u85d0\u4e09\u83e9\u63d0\u3002\u6545\u77e5\u822c\u82e5\u6ce2\u7f57\u871c\u591a\uff0c\u662f\u5927\u795e\u5492\uff0c\u662f\u5927\u660e\u5492\uff0c\u662f\u65e0\u4e0a\u5492\uff0c\u662f\u65e0\u7b49\u7b49\u5492\u3002\u80fd\u9664\u4e00\u5207\u82e6\uff0c\u771f\u5b9e\u4e0d\u865a\u3002\u6545\u8bf4\u822c\u82e5\u6ce2\u7f57\u871c\u591a\u5492\uff0c\u5373\u8bf4\u5492\u66f0\uff1a\u63ed\u8c1b\u63ed\u8c1b\u6ce2\u7f57\u63ed\u8c1b\u6ce2\u7f57..."}, {"userName": "\u6d77\u4e4b\u70750", "userReviewDate": "2018-06-06", "userURL": "http://user.17k.com/43483568", "userReview": "\u732b\u732b\u665a\u7f8e\uff01\u6765\u9053\u4e00\u58f0\u665a\u5b89"}, {"userName": "\u7287\u547d\u725b", "userReviewDate": "2018-06-06", "userURL": "http://user.17k.com/1879956", "userReview": "\u8fd8\u6ca1\u4e0a\u67b6\u4e48\uff1f"}, {"userName": "\u51ef\u662f\u738b\u5417", "userReviewDate": "2018-06-06", "userURL": "http://user.17k.com/52361820", "userReview": "\u5728\u8fd9\u513f\u571f\u8c6a\u53ef\u4ee5\u53bb\u770b\u770b\u6211\u5199\u7684<a target='_blank' href='http://www.17k.com/book/2568375.html'>\u300a\u7075\u5951\u7075\u9b3c\u5728\u7ebf\u300b</a>\u5417\u5927\u4f6c"}, {"userName": "\u6258\u94b5\u6751\u592b", "userReviewDate": "2018-06-06", "userURL": "http://user.17k.com/56861952", "userReview": "\u65e9\u8bfb\u8bbf\u53cb\uff0c\u652f\u6301\u4f73\u4f5c\uff0c\u606d\u795d\u65e9\u5b89\uff01\u7801\u5b57\u6109\u5feb\uff01"}, {"userName": "\u90d1\u9e3f\u9b41", "userReviewDate": "2018-06-06", "userURL": "http://user.17k.com/60059338", "userReview": "\u965b\u4e0b\u597d\uff0c\u66f4\u4e0a\u4e00\u5c42\u697c\uff01"}, {"userName": "\u5c24\u6d9fyolin", "userReviewDate": "2018-06-05", "userURL": "http://user.17k.com/43210357", "userReview": "\u665a\u4e0a\u597d\uff0c\u524d\u6765\u652f\u6301\uff0c\u4eca\u540e\u8fd8\u4f1a\u4e00\u76f4\u5173\u6ce8\u30fe(\u2267O\u2266)\u3003\u55f7~"}, {"userName": "\u661f\u6d77\u5f26\u6708", "userReviewDate": "2018-06-05", "userURL": "http://user.17k.com/58311798", "userReview": "\u665a\u4e0a\u597d\u2026\u2026\u597d\u4e45\u4e0d\u89c1"}, {"userName": "Eeri007", "userReviewDate": "2018-06-05", "userURL": "http://user.17k.com/58287614", "userReview": "\u66f4\u65b0\u3002\u3002\u3002"}, {"userName": "Eeri007", "userReviewDate": "2018-06-05", "userURL": "http://user.17k.com/58287614", "userReview": "\u66f4\u65b0\u3002\u3002\u3002"}, {"userName": "\u5bfb\u627e\u4e16\u754c\u4e0a\u6700\u516c\u5e73\u7684\u56fd\u5bb6", "userReviewDate": "2018-06-05", "userURL": "http://user.17k.com/53842388", "userReview": "\u4e0b\u5348\u597d\u5927\u5927\uff0c\u66fe\u7ecf\u5c0f\u65f6\u5019\u7684\u4f19\u4f34\uff0c\u80d6\u599e\u674e\u96ea\u8fc7\u6765\u6551\u79e6\u98de\u4e86\uff0c\u79e6\u98de\u66fe\u7ecf\u6551\u8fc7\u674e\u96ea\uff0c\u5979\u88ab\u4e09\u4e2a\u574f\u5c0f\u5b50\u6b3a\u8d1f\u65f6\uff0c\u540e\u6765\u5341\u4e8c\u5e74\uff0c\u674e\u96ea\u88ab\u7236\u4eb2\u5e26\u8d70\uff0c\u674e\u96ea\u56de\u6765\u540e\uff0c\u53d8\u6210\u4e86\u4e00\u4e2a\u5927\u7f8e\u5973\uff0c\u4ed6\u4eec\u8fd8\u8ba4\u51fa\u4e86\u5f7c\u6b64\u3002\u671b\u80fd\u56de\u8bbf\u3002"}], "description": "\u672b\u65e5\u964d\u4e34\uff0c\u4e27\u5c38\u6765\u88ad\u3002\u3000\u3000\u610f\u5916\u88ab\u4e27\u5c38\u54ac\u4f24\u7684\u6211\uff0c\u56e0\u7978\u5f97\u798f\uff0c\u6210\u4e3a\u4e86\u8fdb\u5316\u4eba\uff01\u3000\u3000\u53d8\u5f02\u5de8\u517d\uff0c\u4e5d\u5934\u72c2\u87d2\uff0c\u98df\u5c38\u864e\u9c7c\uff0c\u86c7\u6d77\u5996\u9f99\uff0c\u7ea2\u5c3e\u8840\u72fc\uff0c\u514b\u9686\u5f02\u79cd\uff01\u3000\u3000\u5404\u7c7b\u524d\u6240\u672a\u95fb\u7684\u7269\u79cd\u7eb7\u7eb7\u51fa\u73b0\u2026\u2026\u3000\u3000\u3010\u4e66\u53cbQ\u7fa4\uff1a164123330\u3011", "title": "\u4e27\u5c38\u4fdd\u5b89", "url": "http://www.17k.com/book/1088354.html", "average": -1.0, "cover": "http://img.17k.com/images/bookcover/2018/5441/27/1088354-1527956233000.jpg", "reviews": 97683, "authors": [{"url": "http://www.17k.com/zuozhe/37764708", "name": "\u65af\u6587\u732b"}], "type": ["\u672b\u4e16\u5371\u673a"], "outlinks": ["http://www.17k.com/book/2794982.html", "http://www.17k.com/book/2801292.html", "http://www.17k.com/book/2816318.html", "http://www.17k.com/book/2797575.html", "http://www.17k.com/book/2802516.html", "http://www.17k.com/book/2812195.html", "http://www.17k.com/book/2820143.html", "http://www.17k.com/book/2807943.html", "http://www.17k.com/book/2813457.html", "http://www.17k.com/book/2798058.html", "http://www.17k.com/book/2815617.html", "http://www.17k.com/book/2805259.html", "http://www.17k.com/book/2760255.html", "http://www.17k.com/book/2686894.html", "http://www.17k.com/book/2797016.html", "http://www.17k.com/book/2767246.html", "http://www.17k.com/book/2764239.html", "http://www.17k.com/book/2754498.html", "http://www.17k.com/book/2754900.html", "http://www.17k.com/book/2625740.html", "http://www.17k.com/book/2213315.html", "http://www.17k.com/book/2402178.html", "http://www.17k.com/book/2691221.html", "http://www.17k.com/book/2210699.html", "http://www.17k.com/book/1797752.html", "http://www.17k.com/book/2575507.html", "http://www.17k.com/book/2705181.html", "http://www.17k.com/book/2702539.html", "http://www.17k.com/book/2474887.html", "http://www.17k.com/book/2674733.html", "http://www.17k.com/book/2822076.html", "http://www.17k.com/book/2809894.html", "http://www.17k.com/book/2822077.html", "http://www.17k.com/book/2811930.html", "http://www.17k.com/book/2815548.html", "http://www.17k.com/book/2819620.html", "http://www.17k.com/book/2809964.html", "http://www.17k.com/book/2808200.html", "http://www.17k.com/book/2820100.html", "http://www.17k.com/book/2822978.html", "http://www.17k.com/book/2804337.html", "http://www.17k.com/book/2798814.html", "http://www.17k.com/book/2785153.html", "http://www.17k.com/book/2731559.html", "http://www.17k.com/book/2722533.html", "http://www.17k.com/book/2458377.html", "http://www.17k.com/book/2743300.html", "http://www.17k.com/book/973809.html", "http://www.17k.com/book/2651367.html", "http://www.17k.com/book/2726194.html", "http://www.17k.com/book/2790214.html", "http://www.17k.com/book/493239.html", "http://www.17k.com/book/108821.html", "http://www.17k.com/book/1398783.html", "http://www.17k.com/book/83528.html", "http://www.17k.com/book/1859126.html", "http://www.17k.com/book/1741975.html", "http://www.17k.com/book/192453.html", "http://www.17k.com/book/2459058.html", "http://www.17k.com/book/1050747.html", "http://www.17k.com/book/2700315.html", "http://www.17k.com/book/2818940.html", "http://www.17k.com/book/2819519.html", "http://www.17k.com/book/2816390.html", "http://www.17k.com/book/2819588.html", "http://www.17k.com/book/2813768.html", "http://www.17k.com/book/2822406.html", "http://www.17k.com/book/2772164.html", "http://www.17k.com/book/2784023.html", "http://www.17k.com/book/2811877.html", "http://www.17k.com/book/2809119.html", "http://www.17k.com/book/2803700.html", "http://www.17k.com/book/2819561.html", "http://www.17k.com/book/2746506.html", "http://www.17k.com/book/2811836.html", "http://www.17k.com/book/2614810.html", "http://www.17k.com/book/1592435.html", "http://www.17k.com/book/1949748.html", "http://www.17k.com/book/2265802.html", "http://www.17k.com/book/2743240.html", "http://www.17k.com/book/2657437.html", "http://www.17k.com/book/2644502.html", "http://www.17k.com/book/2199900.html", "http://www.17k.com/book/2725436.html", "http://www.17k.com/book/2629978.html"]}