{"ratings": -1, "userreviews": [{"userName": "\u4e09\u9752613393525", "userReviewDate": "2016-06-14", "userURL": "http://user.17k.com/43861512", "userReview": "\u671d\u9732\u6619\u82b1\uff0c\u54ab\u5c3a\u5929\u6daf\uff0c\u4eba\u9053\u662f\u9ec4\u6cb3\u5341\u66f2\uff0c\u6bd5\u7adf\u4e1c\u6d41\u53bb\u3002\u516b\u5343\u5e74\u7389\u8001\uff0c\u4e00\u591c\u67af\u9ec4\uff0c\u95ee\u82cd\u5929\u6b64\u751f\u4f55\u5fc5\uff1f\u6628\u591c\u98ce\u5439\u5904\uff0c\u843d\u82f1\u542c\u8c01\u7ec6\u6570\u3002\u4e5d\u4e07\u91cc\u82cd\u7a79\uff0c\u5fa1\u98ce\u5f04\u5f71\uff0c\u8c01\u4eba\u4e0e\u5171\uff1f\u5343\u79cb\u5317\u6597\uff0c\u7476\u5bab\u5bd2\u82e6\uff0c\u4e0d\u82e5\u795e\u4ed9\u7737\u4fa3\uff0c\u767e\u5e74\u6c5f\u6e56\u957f\u3002"}, {"userName": "\u7a7a\u57ce\u4eba\u6d77", "userReviewDate": "2015-12-23", "userURL": "http://user.17k.com/35574793", "userReview": "I support you, too, heart and soul. I wish that you and your heroes could go farther. Thank you for your hard work and your inspiration."}, {"userName": "\u533f\u540dE4285F", "userReviewDate": "2015-12-23", "userURL": "http://user.17k.com/43040233", "userReview": "These words are positive energy transfer. The author shares our positive feelings. He qualified the hero as an ambitious youth. He describes the real phenomenon in social relations. I like the story very much.I think it's the best book I've ever read."}, {"userName": "\u533f\u540dE4285F", "userReviewDate": "2015-12-05", "userURL": "http://user.17k.com/43040233", "userReview": "This is an inspiring story.When read the book my first time,l feel very exciting and interesting.So I read it again and again,each time I have different feelings and enlightenments.The role of the story is Spring.Spring is a sunny and optimistic younger teacher.He is intelligent,positive, diligen..."}, {"userName": "\u51cc\u4e71\u7684\u5510\u5c3c\u739b", "userReviewDate": "2015-09-15", "userURL": "http://user.17k.com/41855354", "userReview": "<span style='color:red'>\u5510\u5c3c\u739b\u5e26\u7206\u7b11\u5c0f\u8bf4<a target='_blank' href='http://www.17k.com/book/1281566.html'>\u300a\u76d6\u4e16\u5927\u5723\u300b</a>\u6765\u8bbf\uff0c\u8d85\u7ea7\u9017\u4e50\uff0c\u4e0d\u9017\u4e50\u4f60\u780d\u6211\uff01\u987a\u4fbf\u6597\u80c6\u8c08\u8c08\u4f5c\u8005\u7684\u5927\u4f5c\uff0c\u4e0d\u559c\u52ff\u602a\uff0c\u957f\u671f\u5199\u4f5c\u5f88\u5bb9\u6613\u5931\u53bb\u575a\u6301\u4e0b\u53bb\u7684\u52c7\u6c14\uff0c\u4f5c\u8005\u4e4b\u95f4\u66f4\u9700\u8981\u4e92\u76f8\u652f\u6301\u548c\u9f13\u52b1\u3002\u770b\u4e86\u6b64\u4e66,\u60f3\u8bf4\u70b9\u4ec0\u4e48.\u4f46\u89c9\u5f97\u5b9e\u5728\u627e\u4e0d\u51fa\u8bed\u8a00\u6765\u5f62\u5bb9.\u53ea\u80fd\u9ed8\u9ed8\u7684\u5173\u6ce8\u7740\u8fd9\u672c\u4e66,\u5173\u6ce8\u7740\u4f5c\u8005.\u6211\u60f3,\u4eba\u4e16\u95f4\u6d4a\u6d41\u6eda\u6eda,\u4f7f\u4eba\u7a92\u606f\uff0c\u800c\u4f5c\u8005\u7684\u8fd9\u7bc7\u5927\u4f5c\u5c31\u5982\u4e00\u80a1\u6e05\u6f88\u7684\u6cc9\u6c34\uff0c\u4e00\u7247\u6e05\u65b0\u7684\u7a7a\u6c14\uff0c\u8ba9\u6211\u8033\u76ee\u4e00\u65b0\uff0c\u7545\u5feb\u4e0d\u5df2\u3002 \u5f53\u7136\uff0c\u767d\u74a7\u5fae\u7455\uff0c\u5982\u679c\u672c\u4e66\u80fd\u591f\u52a0\u5f3a\u80cc\u666f\u6697\u7ebf\u7684\u63cf\u5199\uff0c\u5728\u6700\u540e\u518d\u52a0\u4e00\u4e9b\u6bd4\u8f83\u717d\u60c5\u7684\u7247\u65ad\uff0c\u90a3\u4e48\u6240\u80fd\u591f\u8fbe\u5230\u7684\u9707\u64bc\u6548\u679c\u4f1a\u6bd4\u73b0\u5728\u5f3a\u4e0a\u4e0d\u5c11\u3002\u8fd9\u5927\u6982\u5c31\u662f\u73b0\u5728\u6240\u8c13\u6d12\u72d7\u8840\u7684\u529f\u592b\uff0c\u5f53\u7136\uff0c\u72d7\u8840\u4e8c\u5b57\u53ef\u80fd\u5bf9\u4f5c\u8005\u5927\u5927\u6709\u6240\u4e0d\u656c\uff0c\u4e0d\u8fc7...</span>"}, {"userName": "AA8899", "userReviewDate": "2018-05-27", "userURL": "http://user.17k.com/4091252", "userReview": "\u52a0\u6cb9\u554a\uff01\u770b\u5230\u540e\u9762\u600e\u4e48\u56de\u4e8b\u5982\u540c\u56bc\u8721\u2026"}, {"userName": "Dorom\uff0e", "userReviewDate": "2018-05-24", "userURL": "http://user.17k.com/55798554", "userReview": "I fell you very good \u3002Please kind people speak my book it is <a target='_blank' href='http://www.17k.com/book/2542026.html'>\u300a\u82cd\u7a79\u98a0\u4e0b\u300b</a>"}, {"userName": "\u81f3\u540c", "userReviewDate": "2018-05-14", "userURL": "http://user.17k.com/42347855", "userReview": "\u665a\u4e0a\u597d\uff0c\u52a0\u6cb9\u3002"}, {"userName": "\u90ed\u97562933", "userReviewDate": "2018-05-14", "userURL": "http://user.17k.com/35123835", "userReview": "\u597d\u957f\u65f6\u95f4\u6ca1\u6709\u5173\u6ce8\u4e86\uff0c\u4eca\u5929\u4e0a\u6765\u770b\u770b\uff01"}, {"userName": "AA8899", "userReviewDate": "2018-04-11", "userURL": "http://user.17k.com/4091252", "userReview": "\u90fd\u90a3\u4e48\u4e45\u4e86\uff0c\u6625\u5929\u600e\u4e48\u603b\u60f3\u7740\u5218\u9752\u5462\uff1f\u4e0d\u7b26\u5408\u5e38\u7406"}, {"userName": "\u5c0f\u4e11955995762", "userReviewDate": "2018-03-08", "userURL": "http://user.17k.com/60264561", "userReview": "\u8fd9\u662f\u4e00\u4e2a\u82df\u5ef6\u6b8b\u5598\u7684\u65f6\u4ee3\uff0c\u8fd9\u662f\u4e00\u4e2a\u4e27\u5c38\u6a2a\u884c\u7684\u5e74\u4ee3\uff0c\u8fd9\u662f\u4e00\u4e2a\u6ca1\u6709\u672a\u6765\u7684\u5e74\u4ee3\uff1b \u4ed6\u53ea\u662f\u4e2a\u666e\u901a\u4eba\uff0c\u4ed6\u53ea\u662f\u4e3a\u4e86\u6d3b\u547d\uff0c\u4ed6\u4e0d\u5149\u8981\u9762\u5bf9\u51f6\u9669\u4e07\u5206\u7684\u5f02\u7c7b\u602a\u7269\uff0c\u8fd8\u8981\u8eb2\u907f\u81ea\u5df1\u540c\u7c7b\u7684\u72d9\u6740"}, {"userName": "17K\u4e66\u53cbmciao1ie", "userReviewDate": "2018-02-20", "userURL": "http://user.17k.com/59725695", "userReview": "[\u6253\u8d4f]\u6211\u6253\u8d4f\u4e862\u5143\u7ea2\u5305\uff01\uff01"}, {"userName": "K\u5c0f\u5f00", "userReviewDate": "2018-02-15", "userURL": "http://user.17k.com/58509881", "userReview": "\u4eca\u5929\u9664\u5915\uff0c<a target='_blank' href='http://www.17k.com/book/2724684.html'>\u300a\u4e00\u5ff5\u539f\u7f6a\u300b</a>\u6765\u62dc\u5e74\u4e86\uff01\u72d7\u5e74\u5927\u5409\uff01\u795d\u5927\u5927\u6765\u5e74\u8d22\u6e90\u6eda\u6eda\uff0c\u559c\u4e50\u5b89\u5eb7\uff01"}, {"userName": "K\u5c0f\u5f00", "userReviewDate": "2018-02-14", "userURL": "http://user.17k.com/58509881", "userReview": "\u4e0b\u5348\u597d\uff0c\u60c5\u4eba\u8282\u5feb\u4e50\uff01&#55357;&#56842;&#55357;&#56842;"}, {"userName": "K\u5c0f\u5f00", "userReviewDate": "2018-02-03", "userURL": "http://user.17k.com/58509881", "userReview": "\u5468\u672b\u5feb\u4e50\uff01\u5c0f\u5f00\u6765\u8bfb\u4e66\u4e86\uff01"}, {"userName": "K\u5c0f\u5f00", "userReviewDate": "2018-01-28", "userURL": "http://user.17k.com/58509881", "userReview": "<a target='_blank' href='http://www.17k.com/book/2724684.html'>\u300a\u4e00\u5ff5\u539f\u7f6a\u300b</a>\u518d\u6b21\u524d\u6765\u62dc\u8bfb\u4f73\u4f5c\uff01\u5468\u672b\u6109\u5feb\uff01"}, {"userName": "kool\u6377", "userReviewDate": "2018-01-22", "userURL": "http://user.17k.com/56730892", "userReview": "\u63a8\u8350\u4e00\u672c\u597d\u770b\u7684\u4e66<a target='_blank' href='http://www.17k.com/book/2551937.html'>\u300a\u8d85\u65b0\u4eba\u300b</a>\uff0c\u60ca\u9669\u523a\u6fc0\u6d6a\u6f2b\u6696\u5473\u4e0d\u65ad\uff0c\u591a\u591a\u652f\u6301\uff0c\u6765\u4e2a\u6536\u85cf\u3002\u70b9\u51fb\u4e66\u540d\u5c31\u53ef\u4ee5\u770b\u5230\u4e66\u4e86\u3002"}, {"userName": "kool\u6377", "userReviewDate": "2018-01-22", "userURL": "http://user.17k.com/56730892", "userReview": "\u63a8\u8350\u4e00\u672c\u597d\u770b\u7684\u4e66<a target='_blank' href='http://www.17k.com/book/2551937.html'>\u300a\u8d85\u65b0\u4eba\u300b</a>\uff0c\u60ca\u9669\u523a\u6fc0\u6d6a\u6f2b\u6696\u5473\u4e0d\u65ad\uff0c\u591a\u591a\u652f\u6301\uff0c\u6765\u4e2a\u6536\u85cf\u3002\u70b9\u51fb\u4e66\u540d\u5c31\u53ef\u4ee5\u770b\u5230\u4e66\u4e86\u3002"}, {"userName": "K\u5c0f\u5f00", "userReviewDate": "2018-01-17", "userURL": "http://user.17k.com/58509881", "userReview": "\u597d\u4e66\uff01\u652f\u6301\uff01\u8ffd\u4e66\u4e2d\uff01\u5434\u5f00\u9633\u643a<a target='_blank' href='http://www.17k.com/book/2724684.html'>\u300a\u6211\u4e0d\u662f\u6740\u4eba\u72af\u300b</a>\u518d\u6b21\u524d\u6765\u62dc\u8bbf\uff01\u795d\u5927\u5927\u7684\u4e66\u5927\u5927\u6ef4\u7545\u9500\uff0c\u65e9\u65e5\u5c01\u795e\uff01"}, {"userName": "K\u5c0f\u5f00", "userReviewDate": "2018-01-14", "userURL": "http://user.17k.com/58509881", "userReview": "\u597d\u4e66\uff01\u652f\u6301\uff01\u5434\u5f00\u9633\u643a<a target='_blank' href='http://www.17k.com/book/2724684.html'>\u300a\u6211\u4e0d\u662f\u6740\u4eba\u72af\u300b</a>\u524d\u6765\u62dc\u8bbf\uff01\u5468\u672b\u6109\u5feb\uff01"}], "description": "\u4eba\u751f\u5982\u620f\uff0c\u620f\u5982\u4eba\u751f\u3002\u3000\u3000\u6b63\u6240\u8c13\uff1a\u4e71\u54c4\u54c4\u4f60\u65b9\u5531\u7f62\u6211\u767b\u573a\uff01\u3000\u3000\u7ea2\u5c18\u4e2d\u7684\u82b8\u82b8\u4f17\u751f\uff0c\u751f\u65e6\u51c0\u672b\u4e11\u8f6e\u756a\u4eae\u76f8\u00b7\u00b7\u00b7\u3000\u3000\u4e61\u6751\u6559\u80b2\u6218\u7ebf\u7684\u201c\u5b98\u573a\u201d\u5927\u620f\u62c9\u5f00\u5e37\u5e55\uff01", "title": "\u4e5d\u671d\u5143\u8001", "url": "http://www.17k.com/book/1392988.html", "average": -1.0, "cover": "http://img.17k.com/images/bookcover/2017/6964/34/1392988-1511833555000.jpg", "reviews": 3500835, "authors": [{"url": "http://www.17k.com/zuozhe/42910372", "name": "\u5341\u4e09\u5723\u5b50"}], "type": ["\u5b98\u573a\u98ce\u4e91"], "outlinks": ["http://www.17k.com/book/2794982.html", "http://www.17k.com/book/2801292.html", "http://www.17k.com/book/2816318.html", "http://www.17k.com/book/2797575.html", "http://www.17k.com/book/2802516.html", "http://www.17k.com/book/2812195.html", "http://www.17k.com/book/2820143.html", "http://www.17k.com/book/2807943.html", "http://www.17k.com/book/2813457.html", "http://www.17k.com/book/2798058.html", "http://www.17k.com/book/2815617.html", "http://www.17k.com/book/2805259.html", "http://www.17k.com/book/2760255.html", "http://www.17k.com/book/2686894.html", "http://www.17k.com/book/2797016.html", "http://www.17k.com/book/2767246.html", "http://www.17k.com/book/2764239.html", "http://www.17k.com/book/2754498.html", "http://www.17k.com/book/2754900.html", "http://www.17k.com/book/2625740.html", "http://www.17k.com/book/2213315.html", "http://www.17k.com/book/2402178.html", "http://www.17k.com/book/2691221.html", "http://www.17k.com/book/2210699.html", "http://www.17k.com/book/1797752.html", "http://www.17k.com/book/2575507.html", "http://www.17k.com/book/2705181.html", "http://www.17k.com/book/2702539.html", "http://www.17k.com/book/2474887.html", "http://www.17k.com/book/2674733.html", "http://www.17k.com/book/2822076.html", "http://www.17k.com/book/2809894.html", "http://www.17k.com/book/2822077.html", "http://www.17k.com/book/2811930.html", "http://www.17k.com/book/2815548.html", "http://www.17k.com/book/2819620.html", "http://www.17k.com/book/2809964.html", "http://www.17k.com/book/2808200.html", "http://www.17k.com/book/2820100.html", "http://www.17k.com/book/2822978.html", "http://www.17k.com/book/2804337.html", "http://www.17k.com/book/2798814.html", "http://www.17k.com/book/2785153.html", "http://www.17k.com/book/2731559.html", "http://www.17k.com/book/2722533.html", "http://www.17k.com/book/2458377.html", "http://www.17k.com/book/2743300.html", "http://www.17k.com/book/973809.html", "http://www.17k.com/book/2651367.html", "http://www.17k.com/book/2726194.html", "http://www.17k.com/book/2790214.html", "http://www.17k.com/book/493239.html", "http://www.17k.com/book/108821.html", "http://www.17k.com/book/1398783.html", "http://www.17k.com/book/83528.html", "http://www.17k.com/book/1859126.html", "http://www.17k.com/book/1741975.html", "http://www.17k.com/book/192453.html", "http://www.17k.com/book/2459058.html", "http://www.17k.com/book/1050747.html", "http://www.17k.com/book/2700315.html", "http://www.17k.com/book/2818940.html", "http://www.17k.com/book/2819519.html", "http://www.17k.com/book/2816390.html", "http://www.17k.com/book/2819588.html", "http://www.17k.com/book/2813768.html", "http://www.17k.com/book/2822406.html", "http://www.17k.com/book/2772164.html", "http://www.17k.com/book/2784023.html", "http://www.17k.com/book/2811877.html", "http://www.17k.com/book/2809119.html", "http://www.17k.com/book/2803700.html", "http://www.17k.com/book/2819561.html", "http://www.17k.com/book/2746506.html", "http://www.17k.com/book/2811836.html", "http://www.17k.com/book/2614810.html", "http://www.17k.com/book/1592435.html", "http://www.17k.com/book/1949748.html", "http://www.17k.com/book/2265802.html", "http://www.17k.com/book/2743240.html", "http://www.17k.com/book/2657437.html", "http://www.17k.com/book/2644502.html", "http://www.17k.com/book/2199900.html", "http://www.17k.com/book/2725436.html", "http://www.17k.com/book/2629978.html"]}