{"ratings": -1, "userreviews": [{"userName": "\u5927\u6c5f\u9648\u8ff9", "userReviewDate": "2018-06-06", "userURL": "http://user.17k.com/59082119", "userReview": "\u4e0a\u5348\u597d\uff01\u6765\u652f\u6301\uff01"}, {"userName": "\u5927\u6c5f\u9648\u8ff9", "userReviewDate": "2018-06-06", "userURL": "http://user.17k.com/59082119", "userReview": "\u4e0a\u5348\u597d\uff01\u6765\u652f\u6301\uff01"}, {"userName": "\u5927\u6c5f\u9648\u8ff9", "userReviewDate": "2018-06-05", "userURL": "http://user.17k.com/59082119", "userReview": "\u70b9\u8d5e\uff0c\u9001\u82b1\uff01"}, {"userName": "\u7eff\u80a5\u7ea2\u7626\u6d77\u68e0\u4f9d\u65e7", "userReviewDate": "2018-06-04", "userURL": "http://user.17k.com/60290989", "userReview": "\u5927\u5927\uff0c\u662f\u4e0d\u662f\u8981\u5f00\u8650\u4e86\uff1f"}, {"userName": "\u7fbd\u5148\u68ee1125", "userReviewDate": "2018-05-29", "userURL": "http://user.17k.com/58545402", "userReview": "\u7ec8\u4e8e\u7834\u4e24\u4e07\uff0c\u60b2\u50ac\u7684\u81ea\u6211\u5e86\u795d\u4e00\u4e0b\u4e0b"}, {"userName": "\u4e0a\u5b98\u4e00\u9526", "userReviewDate": "2018-05-26", "userURL": "http://user.17k.com/61813457", "userReview": "\u6765\u770b\u770b\uff0c\u5f88\u751c\uff0c\u7ee7\u7eed\u52aa\u529b"}, {"userName": "\u6708\u843d\u68a6\u8ffd\u5fc6", "userReviewDate": "2018-05-20", "userURL": "http://user.17k.com/57478135", "userReview": "\u7fbd\u7fbd\u8282\u65e5\u6109\u5feb\uff0c\u6c6aemmmm"}, {"userName": "\u4e0a\u5b98\u4e00\u9526", "userReviewDate": "2018-05-15", "userURL": "http://user.17k.com/61813457", "userReview": "[\u6253\u8d4f]\u6211\u6253\u8d4f\u4e868\u5143\u7ea2\u5305\uff01\uff01"}, {"userName": "\u7d2b\u6728\u8d1d", "userReviewDate": "2018-04-12", "userURL": "http://user.17k.com/59582799", "userReview": "\u5927\u5927\uff0c\u6625\u96e8\u4e2d\u524d\u6765\u652f\u6301"}, {"userName": "\u7eff\u80a5\u7ea2\u7626\u6d77\u68e0\u4f9d\u65e7", "userReviewDate": "2018-03-25", "userURL": "http://user.17k.com/60290989", "userReview": "\u5927\u5927\uff0c\u65b0\u7684\u4e00\u5468\u8981\u5f00\u59cb\u4e86\uff0c\u5feb\u70b9\u66f4\u5427\uff01"}, {"userName": "\u9752\u79be\u5c9a", "userReviewDate": "2018-03-24", "userURL": "http://user.17k.com/60354568", "userReview": "\u52a0\u6cb9\u5927\u5927"}, {"userName": "\u7d2b\u6728\u8d1d", "userReviewDate": "2018-03-22", "userURL": "http://user.17k.com/59582799", "userReview": "\u8010\u5fc3\u8bfb\u4e0b\u53bb\uff0c\u4f1a\u53d1\u73b0\u60ca\u559c\uff0c\u5927\u5927\uff0c\u6492\u82b1\u652f\u6301"}, {"userName": "\u7fbd\u5148\u751f924395678", "userReviewDate": "2018-03-20", "userURL": "http://user.17k.com/60455956", "userReview": "\u5927\u5927\u6211\u53c8\u6765\u770b\u770b\u4f60\uff0c\u52a0\u6cb9\u54e6"}, {"userName": "\u5fae\u8f9e\u5c0f\u59d0\u59d0", "userReviewDate": "2018-03-18", "userURL": "http://user.17k.com/60459923", "userReview": "\u770b\u6765\u4f5c\u8005\u5927\u5927\u5f88\u559c\u6b22\u5f20\u7231\u73b2\u554a"}, {"userName": "\u5fae\u8f9e\u5c0f\u59d0\u59d0", "userReviewDate": "2018-03-18", "userURL": "http://user.17k.com/60459923", "userReview": "\u597d\u6587\u6536\u85cf"}, {"userName": "\u90ce\u91cc\u683c\u90ce", "userReviewDate": "2018-03-18", "userURL": "http://user.17k.com/60473445", "userReview": "\u52a0\u6cb9\uff01"}, {"userName": "\u7d2b\u8559\u8559", "userReviewDate": "2018-03-16", "userURL": "http://user.17k.com/54596030", "userReview": "\u52a0\u6cb9\uff01"}, {"userName": "\u7d2b\u8559\u8559", "userReviewDate": "2018-03-15", "userURL": "http://user.17k.com/54596030", "userReview": "\u70b9\u8d5e\u652f\u6301\u3002"}, {"userName": "\u96ea_\u7eb7\u98de", "userReviewDate": "2018-03-14", "userURL": "http://user.17k.com/59184942", "userReview": "\u6765\u8bbf\u652f\u6301\uff01"}, {"userName": "\u65af\u6587\u732b\u965b\u4e0b", "userReviewDate": "2018-03-14", "userURL": "http://user.17k.com/37764708", "userReview": "\u5348\u5b89\uff0c\u52a0\u6cb9\uff0c"}], "description": "\u521d\u4e2d\u65f6\u521a\u5f00\u59cb\u63a5\u89e6\u5f20\u7231\u73b2\u5c0f\u8bf4\u7684\u674e\u9752\u513f\uff0c\u6781\u5176\u4fe1\u5949\u5979\u7684\u7231\u60c5\u4fe1\u6761\uff0c\u59cb\u7ec8\u76f8\u4fe1\uff1a\u4eba\u751f\u6700\u5927\u7684\u5e78\u798f\uff0c\u662f\u53d1\u73b0\u81ea\u5df1\u7231\u7684\u4eba\u6b63\u597d\u4e5f\u7231\u7740\u81ea\u5df1\u3002\u6211\u8981\u4f60\u77e5\u9053\uff0c\u8fd9\u4e2a\u4e16\u754c\u4e0a\u6709\u4e00\u4e2a\u4eba\u4f1a\u6c38\u8fdc\u7b49\u7740\u4f60\u3002\u65e0\u8bba\u4ec0\u4e48\u65f6\u5019\uff0c\u65e0\u8bba\u4f60\u5728\u4ec0\u4e48\u5730\u65b9\uff0c\u53cd\u6b63\u4f60\u77e5\u9053\u603b\u4f1a\u6709\u8fd9\u6837\u4e00\u4e2a\u4eba\u3002\u800c\u738b\u7fbd\u822a\u4fbf\u662f\u90a3\u4e2a\u5979\u4e8e\u5343\u4e07\u4e4b\u4e2d\u9047\u5230\u7684\u90a3\u4e2a\u4eba\uff0c\u6ca1\u6709\u65e9\u4e00\u6b65\uff0c\u4e5f\u6ca1\u6709\u665a\u4e00\u6b65\uff0c\u521a\u5de7\u8d76\u4e0a\u3002\u3000\u3000\u5e74\u5c11\u7684\u6211\u4eec\u66fe\u4ee5\u4e3a\uff0c\u76f8\u7231\u7684\u4eba\u5c31\u80fd\u5230\u6c38\u8fdc\u3002\u5f53\u6211\u4eec\u76f8\u4fe1\u60c5\u5230\u6df1\u5904\u4f1a\u5728\u4e00\u8d77\u65f6\uff0c\u7adf\u4e5f\u542c\u4e0d\u89c1\u98ce\u4e2d\u7684\u53f9\u606f\u3002\u8c01\u53c8\u77e5\u9053\u7231\u662f\u4ec0\u4e48\uff0c\u77ed\u6682\u7684\u76f8\u9047\u5374\u5ff5\u5ff5\u4e0d\u5fd8\uff0c\u7528\u5c3d\u4e00\u751f\u7684\u65f6\u95f4\u7adf\u5b66\u4e0d\u4f1a\u9057\u5fd8\u2026\u2026", "title": "\u4eca\u751f\u4e3a\u4f60\u800c\u6765", "url": "http://www.17k.com/book/2726684.html", "average": -1.0, "cover": "http://img.17k.com/images/bookcover/2018/13633/68/2726684-1516112816000.jpg", "reviews": 20340, "authors": [{"url": "http://www.17k.com/zuozhe/58545402", "name": "\u7fbd\u5148\u68ee"}], "type": ["\u6821\u56ed\u9752\u6625"], "outlinks": ["http://www.17k.com/book/2794982.html", "http://www.17k.com/book/2801292.html", "http://www.17k.com/book/2816318.html", "http://www.17k.com/book/2797575.html", "http://www.17k.com/book/2802516.html", "http://www.17k.com/book/2812195.html", "http://www.17k.com/book/2820143.html", "http://www.17k.com/book/2807943.html", "http://www.17k.com/book/2813457.html", "http://www.17k.com/book/2798058.html", "http://www.17k.com/book/2815617.html", "http://www.17k.com/book/2805259.html", "http://www.17k.com/book/2760255.html", "http://www.17k.com/book/2686894.html", "http://www.17k.com/book/2797016.html", "http://www.17k.com/book/2767246.html", "http://www.17k.com/book/2764239.html", "http://www.17k.com/book/2754498.html", "http://www.17k.com/book/2754900.html", "http://www.17k.com/book/2625740.html", "http://www.17k.com/book/2213315.html", "http://www.17k.com/book/2402178.html", "http://www.17k.com/book/2691221.html", "http://www.17k.com/book/2210699.html", "http://www.17k.com/book/1797752.html", "http://www.17k.com/book/2575507.html", "http://www.17k.com/book/2705181.html", "http://www.17k.com/book/2702539.html", "http://www.17k.com/book/2474887.html", "http://www.17k.com/book/2674733.html", "http://www.17k.com/book/2822076.html", "http://www.17k.com/book/2809894.html", "http://www.17k.com/book/2822077.html", "http://www.17k.com/book/2811930.html", "http://www.17k.com/book/2815548.html", "http://www.17k.com/book/2819620.html", "http://www.17k.com/book/2809964.html", "http://www.17k.com/book/2808200.html", "http://www.17k.com/book/2820100.html", "http://www.17k.com/book/2822978.html", "http://www.17k.com/book/2804337.html", "http://www.17k.com/book/2798814.html", "http://www.17k.com/book/2785153.html", "http://www.17k.com/book/2731559.html", "http://www.17k.com/book/2722533.html", "http://www.17k.com/book/2458377.html", "http://www.17k.com/book/2743300.html", "http://www.17k.com/book/973809.html", "http://www.17k.com/book/2651367.html", "http://www.17k.com/book/2726194.html", "http://www.17k.com/book/2790214.html", "http://www.17k.com/book/493239.html", "http://www.17k.com/book/108821.html", "http://www.17k.com/book/1398783.html", "http://www.17k.com/book/83528.html", "http://www.17k.com/book/1859126.html", "http://www.17k.com/book/1741975.html", "http://www.17k.com/book/192453.html", "http://www.17k.com/book/2459058.html", "http://www.17k.com/book/1050747.html", "http://www.17k.com/book/2700315.html", "http://www.17k.com/book/2818940.html", "http://www.17k.com/book/2819519.html", "http://www.17k.com/book/2816390.html", "http://www.17k.com/book/2819588.html", "http://www.17k.com/book/2813768.html", "http://www.17k.com/book/2822406.html", "http://www.17k.com/book/2772164.html", "http://www.17k.com/book/2784023.html", "http://www.17k.com/book/2811877.html", "http://www.17k.com/book/2809119.html", "http://www.17k.com/book/2803700.html", "http://www.17k.com/book/2819561.html", "http://www.17k.com/book/2746506.html", "http://www.17k.com/book/2811836.html", "http://www.17k.com/book/2614810.html", "http://www.17k.com/book/1592435.html", "http://www.17k.com/book/1949748.html", "http://www.17k.com/book/2265802.html", "http://www.17k.com/book/2743240.html", "http://www.17k.com/book/2657437.html", "http://www.17k.com/book/2644502.html", "http://www.17k.com/book/2199900.html", "http://www.17k.com/book/2725436.html", "http://www.17k.com/book/2629978.html"]}