{"ratings": -1, "userreviews": [{"userName": "\u6c89\u6b4c\u672c\u5c0a", "userReviewDate": "2018-05-02", "userURL": "http://user.17k.com/38584084", "userReview": "\u597d\u53cb \u4ed6\u4e61\u7684\u706f\u706b\u65b0\u4e66<a target='_blank' href='http://www.17k.com/book/2773272.html'>\u300a\u5b98\u7f51\u4e4b\u4e58\u98ce\u7834\u6d6a\u300b</a>http://www.17k.com/book/2773272.html&nbsp;\uff1a\u5b98\u7f51\u4e09\u90e8\u66f2\uff0c\u6210\u5c31\u706b\u70ed\u4f20\u5947\u3002\u5ba6\u6d77\u4eba\u751f\u4e4b\u65c5\uff0c\u8c31\u5199\u7740\u751f\u547d\u4e4b\u6b4c\uff01\u6ee1\u6ee1\u7684\u6b63\u4e49\u7bc7\u7ae0\uff0c\u900f\u6f0f\u7740\u65e0\u9650\u7684\u6fc0\u60c5\uff0c\u4f18\u7f8e\u7684\u5b57\u91cc\u884c\u95f4\uff0c\u5145\u6ee1\u4e86\u8bf1\u60d1\u7684\u7eaf\u7231\u6c14\u606f\u3002\u8270\u96be\u7684\u5347\u8fc1\u4e4b\u8def\uff0c\u4fef\u51b2\u5728\u82cd\u7a79\u4e4b\u4e0a\uff0c\u4e0d\u5c48\u4e0e\u65e5\u6708\u4e89\u8f89\uff0c\u9738\u6c14\u4e0e\u5929\u5730\u5171\u5b58\u3002\u5b64\u513f\u8e0f\u4e0a\u4ed5\u9014\uff0c\u8747\u5934\u5c0f\u540f\u60af\u82cd\u751f\uff01\u5ffd\u7136\u4e00\u65e5\u8ba4\u7956\u5f52\u5b97\uff0c\u4ece\u6b64\u9006\u8f6c\u4eba\u751f\u501f\u52bf\u800c\u8d77\uff01\u5f3a\u5927\u7684\u5bb6\u65cf\u52bf\u529b\u652f\u6491\uff0c\u51e0\u4f4d\u7ea2\u989c\u77e5\u5df1\u505a\u81c2\u52a9\uff0c\u5fd7\u540c\u9053\u5408\u8005\u76f8\u4e92\u6276\u6301\uff0c\u8ba9\u66fe\u7ecf\u5351\u5fae\u5230\u5c18\u57c3\u7684\u738b\u54f2\uff0c\u5e73\u6b65\u9752\u4e91\u4e00\u6b65\u6b65\u8d70\u5411\u4eba\u751f\u5dc5\u5cf0\u3002\u8eab\u5c45\u9ad8\u4f4d\u4e0d\u5fd8\u51fa\u8eab\uff0c\u7ec8\u4e8e\u4e58\u98ce\u7834\u6d6a\u5165\u7ea2\u5899\uff01\u5510\u6b63\u98de\u6848\u4ef6\u3001\u8c79\u5b50\u4e09\u5144\u5f1f\u7684\u4e0b\u573a\uff0c\u672a..."}, {"userName": "\u6c89\u6b4c\u672c\u5c0a", "userReviewDate": "2017-09-10", "userURL": "http://user.17k.com/38584084", "userReview": "\u5e7f\u544a\u697c\uff0c\u697c\u5916\u5220\u5e16\u3002"}, {"userName": "\u4ed6\u4e61\u7684\u706f\u706b", "userReviewDate": "2017-09-01", "userURL": "http://user.17k.com/11264192", "userReview": "[\u6253\u8d4f]\u6211\u6253\u8d4f\u4e86188\u5143\u7ea2\u5305\uff01\uff01"}, {"userName": "\u770b\u89c1\u6b7b\u795e", "userReviewDate": "2017-09-01", "userURL": "http://user.17k.com/42289612", "userReview": "[\u6253\u8d4f]\u6211\u6253\u8d4f\u4e86118\u5143\u7ea2\u5305\uff01\uff01"}, {"userName": "\u4e00\u676f\u666e\u6d31\u8336", "userReviewDate": "2017-09-01", "userURL": "http://user.17k.com/36809130", "userReview": "[\u6253\u8d4f]\u6211\u6253\u8d4f\u4e86108\u5143\u7ea2\u5305\uff01\uff01"}, {"userName": "\u6f2b\u5929\u661f\u8424", "userReviewDate": "2018-05-25", "userURL": "http://user.17k.com/56871683", "userReview": "\u665a\u7f8e\uff0c\u52a0\u6cb9\uff01"}, {"userName": "\u5fc3\u7a7a\u7f6a\u4ea6\u4ea1", "userReviewDate": "2018-05-02", "userURL": "http://user.17k.com/56355515", "userReview": "\u770b\u597d\u4e66\u652f\u6301\u672c\u5c0a\uff0c\u5199\u4f5c\u6109\u5feb\u3002"}, {"userName": "\u6e051\u8272922338732", "userReviewDate": "2018-05-01", "userURL": "http://user.17k.com/59260519", "userReview": "\u8282\u65e5\u5feb\u4e50\u3002\u3002\u3002\u3002"}, {"userName": "\u5fc3\u7a7a\u7f6a\u4ea6\u4ea1", "userReviewDate": "2018-04-30", "userURL": "http://user.17k.com/56355515", "userReview": "\u770b\u597d\u4e66\u8bbf\u6c89\u54e5\uff0c\u8282\u65e5\u6109\u5feb\u3002"}, {"userName": "\u5fc3\u7a7a\u7f6a\u4ea6\u4ea1", "userReviewDate": "2018-04-23", "userURL": "http://user.17k.com/56355515", "userReview": "\u770b\u597d\u4e66\u652f\u6301\u6c89\u6b4c\u3002\u5199\u4f5c\u6109\u5feb\u3002"}, {"userName": "\u5b81\u9759\u4ee5\u81f4\u8fdc742234682", "userReviewDate": "2018-04-18", "userURL": "http://user.17k.com/60256224", "userReview": "6666666"}, {"userName": "\u5b81\u9759\u4ee5\u81f4\u8fdc742234682", "userReviewDate": "2018-04-18", "userURL": "http://user.17k.com/60256224", "userReview": "6666666"}, {"userName": "\u5b81\u9759\u4ee5\u81f4\u8fdc742234682", "userReviewDate": "2018-04-14", "userURL": "http://user.17k.com/60256224", "userReview": "6666666"}, {"userName": "\u5b81\u9759\u4ee5\u81f4\u8fdc742234682", "userReviewDate": "2018-04-13", "userURL": "http://user.17k.com/60256224", "userReview": "666666"}, {"userName": "\u65af\u6587\u732b\u965b\u4e0b", "userReviewDate": "2018-04-12", "userURL": "http://user.17k.com/37764708", "userReview": "\u52a0\u6cb9\uff0c\u652f\u6301\u4e0b\uff0c\u665a\u597d\uff0c"}, {"userName": "\u5317\u5e84", "userReviewDate": "2018-04-12", "userURL": "http://user.17k.com/57496771", "userReview": "\u652f\u6301\u5927\u5927\uff0c\u5c0f\u5f1f\uff0c\u8bf7\u6c42\u6307\u70b9"}, {"userName": "\u5357\u65b9\u591c\u96e8\u6f47\u6f47", "userReviewDate": "2018-04-11", "userURL": "http://user.17k.com/37360539", "userReview": "\u4eba\u7269\u63cf\u5199\u7684\u975e\u5e38\u771f\u5b9e\uff0c\u52a0\u6cb9\uff0c\u6f47\u6f47\u6765\u4e86\uff0c\u5e0c\u671b\u5927\u5927\u591a\u591a\u7684\u8ba2\u9605\uff0c\u6253\u8d4f\uff0c\u5927\u5bb6\u5171\u540c\u4ea4\u6d41\uff0c\u4e48\u4e48\u54d2"}, {"userName": "\u84dd\u8272\u571f\u8033\u5176021173892", "userReviewDate": "2018-04-10", "userURL": "http://user.17k.com/46045253", "userReview": "\u4faf\u536b\u4e1c\u5347\u5b98\u8bb0\u7684\u7ffb\u7248\u5417\uff1f"}, {"userName": "\u6e051\u8272922338732", "userReviewDate": "2018-04-09", "userURL": "http://user.17k.com/59260519", "userReview": "\u597d\u770b\uff0c\uff0c\uff0c\uff0c \uff0c"}, {"userName": "\u5b81\u9759\u4ee5\u81f4\u8fdc742234682", "userReviewDate": "2018-04-07", "userURL": "http://user.17k.com/60256224", "userReview": "666666"}], "description": "\u5546\u754c\u7cbe\u82f1\u9648\u660e\u5b87\u5728\u4f01\u4e1a\u9677\u5165\u5de8\u5927\u5371\u673a\u7684\u65f6\u5019\u68a6\u56de\u4e5d\u4e8c\uff0c\u83b7\u5f97\u4e86\u91cd\u5199\u4eba\u751f\u7684\u673a\u4f1a\u3002\u4f5c\u4e3a\u4e00\u4e2a\u8fbe\u5c14\u6587\u4e3b\u4e49\u7684\u5fe0\u5b9e\u4fe1\u5f92\uff0c\u4ed6\u4fe1\u5949\u7684\u662f\u6d3b\u5728\u5f53\u4e0b\u3001\u751f\u5b58\u7b2c\u4e00\u3001\u6210\u529f\u81f3\u4e0a\uff01\u8fd9\u4e00\u6b21\uff0c\u4ed6\u767e\u65e0\u7981\u5fcc\uff0c\u51b3\u5b9a\u7acb\u8db3\u4e8e\u5b98\u573a\uff0c\u5728\u8fd9\u4e2a\u6ce2\u6f9c\u58ee\u9614\u7684\u5927\u65f6\u4ee3\u4e2d\u4e66\u5199\u81ea\u5df1\u7684\u4f20\u5947\u4e4b\u8def\u3002\u7fa4\u53f7\uff1a497616017", "title": "\u4ed5\u9014\u8363\u8000", "url": "http://www.17k.com/book/2648669.html", "average": -1.0, "cover": "http://img.17k.com/images/bookcover/2017/13243/66/2648669-1504237544000.jpg", "reviews": 2684635, "authors": [{"url": "http://www.17k.com/zuozhe/38584084", "name": "\u6c89\u6b4c"}], "type": ["\u5b98\u573a\u98ce\u4e91"], "outlinks": ["http://www.17k.com/book/2794982.html", "http://www.17k.com/book/2801292.html", "http://www.17k.com/book/2816318.html", "http://www.17k.com/book/2797575.html", "http://www.17k.com/book/2802516.html", "http://www.17k.com/book/2812195.html", "http://www.17k.com/book/2820143.html", "http://www.17k.com/book/2807943.html", "http://www.17k.com/book/2813457.html", "http://www.17k.com/book/2798058.html", "http://www.17k.com/book/2815617.html", "http://www.17k.com/book/2805259.html", "http://www.17k.com/book/2760255.html", "http://www.17k.com/book/2686894.html", "http://www.17k.com/book/2797016.html", "http://www.17k.com/book/2767246.html", "http://www.17k.com/book/2764239.html", "http://www.17k.com/book/2754498.html", "http://www.17k.com/book/2754900.html", "http://www.17k.com/book/2625740.html", "http://www.17k.com/book/2213315.html", "http://www.17k.com/book/2402178.html", "http://www.17k.com/book/2691221.html", "http://www.17k.com/book/2210699.html", "http://www.17k.com/book/1797752.html", "http://www.17k.com/book/2575507.html", "http://www.17k.com/book/2705181.html", "http://www.17k.com/book/2702539.html", "http://www.17k.com/book/2474887.html", "http://www.17k.com/book/2674733.html", "http://www.17k.com/book/2822076.html", "http://www.17k.com/book/2809894.html", "http://www.17k.com/book/2822077.html", "http://www.17k.com/book/2811930.html", "http://www.17k.com/book/2815548.html", "http://www.17k.com/book/2819620.html", "http://www.17k.com/book/2809964.html", "http://www.17k.com/book/2808200.html", "http://www.17k.com/book/2820100.html", "http://www.17k.com/book/2822978.html", "http://www.17k.com/book/2804337.html", "http://www.17k.com/book/2798814.html", "http://www.17k.com/book/2785153.html", "http://www.17k.com/book/2731559.html", "http://www.17k.com/book/2722533.html", "http://www.17k.com/book/2458377.html", "http://www.17k.com/book/2743300.html", "http://www.17k.com/book/973809.html", "http://www.17k.com/book/2651367.html", "http://www.17k.com/book/2726194.html", "http://www.17k.com/book/2790214.html", "http://www.17k.com/book/493239.html", "http://www.17k.com/book/108821.html", "http://www.17k.com/book/1398783.html", "http://www.17k.com/book/83528.html", "http://www.17k.com/book/1859126.html", "http://www.17k.com/book/1741975.html", "http://www.17k.com/book/192453.html", "http://www.17k.com/book/2459058.html", "http://www.17k.com/book/1050747.html", "http://www.17k.com/book/2700315.html", "http://www.17k.com/book/2818940.html", "http://www.17k.com/book/2819519.html", "http://www.17k.com/book/2816390.html", "http://www.17k.com/book/2819588.html", "http://www.17k.com/book/2813768.html", "http://www.17k.com/book/2822406.html", "http://www.17k.com/book/2772164.html", "http://www.17k.com/book/2784023.html", "http://www.17k.com/book/2811877.html", "http://www.17k.com/book/2809119.html", "http://www.17k.com/book/2803700.html", "http://www.17k.com/book/2819561.html", "http://www.17k.com/book/2746506.html", "http://www.17k.com/book/2811836.html", "http://www.17k.com/book/2614810.html", "http://www.17k.com/book/1592435.html", "http://www.17k.com/book/1949748.html", "http://www.17k.com/book/2265802.html", "http://www.17k.com/book/2743240.html", "http://www.17k.com/book/2657437.html", "http://www.17k.com/book/2644502.html", "http://www.17k.com/book/2199900.html", "http://www.17k.com/book/2725436.html", "http://www.17k.com/book/2629978.html"]}