{"ratings": -1, "userreviews": [{"userName": "sivbnebk", "userReviewDate": "2018-06-07", "userURL": "http://user.17k.com/60351590", "userReview": "\u9b3c\u795f\u4f5b\u9014 &nbsp;\u5a31\u4e50\u5a31\u4e50"}, {"userName": "\u65e5\u756a\u8c37\u51ac\u72ee\u90ceKYQ", "userReviewDate": "2018-06-06", "userURL": "http://user.17k.com/59139707", "userReview": "\u5f88\u597d\u7684\u63a8\u7406\u6587\uff0c\u4eba\u7269\u9c9c\u660e\uff0c\u67d4\u4e2d\u5e26\u7ec6\uff0c\u9001\u4e0a\u9c9c\u82b1\uff01"}, {"userName": "\u661f\u7a7a\u591c\u68a6\u58f9", "userReviewDate": "2018-05-10", "userURL": "http://user.17k.com/58116533", "userReview": "\u5199\u5f97\u4e0d\u9519\uff0c\u5f88\u559c\u6b22\uff0c\u7ee7\u7eed\u52a0\u6cb9\u2196(^\u03c9^)\u2197"}, {"userName": "\u6de1\u7b11\u770b\u4eba\u751f", "userReviewDate": "2018-03-02", "userURL": "http://user.17k.com/45473276", "userReview": "<a target='_blank' href='http://www.17k.com/book/1728734.html'>\u300a\u8d5a\u94b1\u8bb0\u300b</a>\u795d\u5927\u5927\u5143\u5bb5\u5feb\u4e50\u3002"}, {"userName": "\u6708\u843d\u68a6\u8ffd\u5fc6", "userReviewDate": "2018-03-02", "userURL": "http://user.17k.com/57478135", "userReview": "\u5c06\u575b\u9187\u9152\u51b0\u6d46\u7ec6,\u5143\u591c\u9080\u5bbe\u706f\u706b\u65b0\u3002\u8ffd\u5fc6\u524d\u6765\u652f\u6301\uff0c\u5143\u5bb5\u5feb\u4e50~\\(\u2267\u25bd\u2266)/~"}, {"userName": "\u65af\u6587\u732b\u965b\u4e0b", "userReviewDate": "2018-03-01", "userURL": "http://user.17k.com/37764708", "userReview": "\u4ece\u8a00\u60c5\uff0c\u8f6c\u6218\u60ac\u7591\u5c0f\u8bf4\uff0c\u5f88\u5927\u7684\u5c1d\u8bd5\u548c\u7a81\u7834\uff0c\u7ed9\u5927\u5927\u7684\u52c7\u6c14\u70b9\u8d5e\uff0c\u5f00\u7bc7\u5f88\u7cbe\u5f69\uff0c\u4e00\u4e0b\u5c31\u878d\u5165\u5230\u4f60\u5c0f\u8bf4\u91cc\u4e86\uff0c\u6545\u4e8b\u4e5f\u5f88\u68d2\uff0c\u52a0\u6cb9\uff0c\u575a\u6301\u5199\u4e0b\u53bb\uff0c"}, {"userName": "\u6708\u843d\u68a6\u8ffd\u5fc6", "userReviewDate": "2018-03-01", "userURL": "http://user.17k.com/57478135", "userReview": "\u4e0b\u5348\u597d\uff0c\u8ffd\u5fc6\u524d\u6765\u652f\u6301\uff0c\u66f4\u6587\u7684\u540c\u65f6\u4e5f\u8981\u6ce8\u610f\u4f11\u606f\u54e6(*^__^*)"}, {"userName": "\u6708\u843d\u68a6\u8ffd\u5fc6", "userReviewDate": "2018-02-28", "userURL": "http://user.17k.com/57478135", "userReview": "\u8ffd\u5fc6\u524d\u6765\u7b7e\u5230\uff0c\u6253\u5361\u652f\u6301o(\u2267v\u2266)o"}, {"userName": "\u6708\u843d\u68a6\u8ffd\u5fc6", "userReviewDate": "2018-02-27", "userURL": "http://user.17k.com/57478135", "userReview": "\u665a\u6765\u6253\u5361\uff0c\u652f\u6301~\\(\u2267\u25bd\u2266)/~"}, {"userName": "\u60ca\u5929\u9ece", "userReviewDate": "2018-02-27", "userURL": "http://user.17k.com/52600644", "userReview": "<a target='_blank' href='http://www.17k.com/book/2783566.html'>\u300a\u4e5d\u76f8\u66f2\u300b</a>\u524d\u6765\u5b66**\u4f5c\uff0c\u4f5c\u54c1\u4e0d\u9519\uff0c\u5df2\u6536\u85cf\uff0c\u8c22\u8c22\u56de\u8bbf\uff01"}, {"userName": "\u6708\u843d\u68a6\u8ffd\u5fc6", "userReviewDate": "2018-02-26", "userURL": "http://user.17k.com/57478135", "userReview": "\u5600\u2014\u2014\u652f\u6301\u5361=\uffe3\u03c9\uffe3=\u5348\u597d"}, {"userName": "\u6708\u843d\u68a6\u8ffd\u5fc6", "userReviewDate": "2018-02-24", "userURL": "http://user.17k.com/57478135", "userReview": "\u5600\u2014\u2014\u652f\u6301\u5361(&gt;^\u03c9^&lt;)"}, {"userName": "\u86d9\u513f\u7eb8", "userReviewDate": "2018-02-24", "userURL": "http://user.17k.com/60083535", "userReview": "[\u6253\u8d4f]\u6211\u6253\u8d4f\u4e862\u5143\u7ea2\u5305\uff01\uff01"}, {"userName": "\u963f\u62c9\u7684\u82b1", "userReviewDate": "2018-02-22", "userURL": "http://user.17k.com/58629809", "userReview": "\u652f\u6301<a target='_blank' href='http://www.17k.com/book/2738241.html'>\u300a\u63a8\u80cc\u56fe\u6f14\u4e49\u300b</a>\uff0c\u52a0\u6cb9"}, {"userName": "\u7d2b\u8559\u8559", "userReviewDate": "2018-02-21", "userURL": "http://user.17k.com/54596030", "userReview": "\u652f\u6301\u3002\u597d\u6709\u610f\u601d\u7684\u7b14\u540d\u3002"}, {"userName": "\u7409\u7483383171115", "userReviewDate": "2018-02-21", "userURL": "http://user.17k.com/60082515", "userReview": "<span style='color:black'>------</span>"}, {"userName": "\u6708\u843d\u68a6\u8ffd\u5fc6", "userReviewDate": "2018-02-15", "userURL": "http://user.17k.com/57478135", "userReview": "\u5927\u5927\u9664\u5915\u5feb\u4e50\uff0c\u5e0c\u671b\u5927\u5927\u7684\u6587\u8d8a\u6765\u8d8a\u706b\uff0c\u6c38\u8fdc\u652f\u6301\u5927\u5927~\\(\u2267\u25bd\u2266)/~"}, {"userName": "\u5c0f\u68a6mmmm", "userReviewDate": "2018-02-13", "userURL": "http://user.17k.com/52894610", "userReview": "\u6700\u559c\u6b22\u4fa6\u63a2\u63a8\u7406\u7c7b\u7684\u6587\u4e86\uff0c\u5148\u6536\u85cf\u7740\uff0c\u6709\u65f6\u95f4\u770b^_^"}, {"userName": "\u7ec8\u6781\u70c2\u5c3e\u697c", "userReviewDate": "2018-02-12", "userURL": "http://user.17k.com/50359896", "userReview": "\u633a\u559c\u6b22\u8fd9\u79cd\u884c\u6587\u98ce\u683c\u3002\u52a0\u6cb9\uff01"}, {"userName": "Mi\u51c9\u5bb5", "userReviewDate": "2018-02-12", "userURL": "http://user.17k.com/49402059", "userReview": "\u6211\u5148\u5360\u4e2a\u5751\uff0c\u8fd9\u4e48\u597d\u770b\u7684\u5c0f\u8bf4\u80af\u5b9a\u8981\u5927\u706b\uff0c\u597d\u559c\u6b22\u90a3\u4e2a\u6d01\u7656\u7537\u4e3b~"}], "description": "\u5979\u662f\u6e29\u7389\uff0c\u6e38\u79bb\u5728\u57ce\u5e02\u8fb9\u7f18\u7684\u5165\u6b93\u5e08\uff0c\u4e00\u53cc\u5e72\u51c0\u7ec6\u767d\u7684\u624b\uff0c\u629a\u6170\u7740\u4ea1\u8005\u6700\u540e\u7684\u5c0a\u4e25\uff0c\u4e5f\u4ece\u86db\u4e1d\u9a6c\u8ff9\u4e2d\u770b\u7834\u9057\u8a00\u3002\u3000\u3000\u4ed6\u662f\u79e6\u664b\u65ec\uff0c\u95fb\u540d\u9050\u8fe9\u7684\u72af\u7f6a\u987e\u95ee\uff0c\u4f17\u4eba\u773c\u4e2d\u4e0d\u8fd1\u4eba\u60c5\u7684\u5b8c\u7f8e\u53d8\u6001\uff0c\u53ea\u4e0e\u6700\u7a77\u51f6\u6781\u6076\u7684\u7f6a\u72af\u4e3a\u90bb\u3002\u3000\u3000\u65e0\u8fb9\u7684\u9ed1\u6697\u4e2d\uff0c\u4ed6\u5b51\u5b53\u4e00\u8eab\uff0c\u9047\u5230\u5979\uff0c\u4ed6\u5984\u52a8\u4e86\u4e03\u60c5\u516d\u6b32\u3002\u3000\u3000\u81ea\u6b64\uff0c\u6e05\u51b7\u514b\u5236\u7684\u7537\u4eba\u6267\u7740\u4e8e\u63a2\u7a76\u5979\u5185\u5fc3\u7684\u6bcf\u4e00\u5bf8\u9886\u5730\uff0c\u4ee5\u53ca\u5979\u80cc\u540e\u4e0d\u4e3a\u4eba\u77e5\u7684\u9690\u79d8\u3002\u3000\u3000\u4ed6\u4ece\u4e0d\u77e5\u7231\u4e3a\u4f55\u7269\uff0c\u5374\u60f3\uff0c\u4e3a\u5979\u660e\u767d\u3002\u3000\u3000\u3010\u9053\u8c8c\u5cb8\u7136\u540d\u4fa6\u63a2\u7537\u4e3b*\u51b7\u9759\u81ea\u5236\u6cd5\u533b\u5973\u4e3b\u3011\u3000\u3000\u5fae\u535a@\u56fd\u6c11\u5973\u5deb\u6f02\u6d41\u8bb0", "title": "\u4ed6\u4ece\u6697\u591c\u91cc\u6765", "url": "http://www.17k.com/book/2751149.html", "average": -1.0, "cover": "http://img.17k.com/images/bookcover/2018/13755/68/2751149-1521601045000.jpg", "reviews": 8269, "authors": [{"url": "http://www.17k.com/zuozhe/55477129", "name": "\u56fd\u6c11\u5973\u6c61"}], "type": ["\u4fa6\u63a2\u63a8\u7406"], "outlinks": ["http://www.17k.com/book/2794982.html", "http://www.17k.com/book/2801292.html", "http://www.17k.com/book/2816318.html", "http://www.17k.com/book/2797575.html", "http://www.17k.com/book/2802516.html", "http://www.17k.com/book/2812195.html", "http://www.17k.com/book/2820143.html", "http://www.17k.com/book/2807943.html", "http://www.17k.com/book/2813457.html", "http://www.17k.com/book/2798058.html", "http://www.17k.com/book/2815617.html", "http://www.17k.com/book/2805259.html", "http://www.17k.com/book/2760255.html", "http://www.17k.com/book/2686894.html", "http://www.17k.com/book/2797016.html", "http://www.17k.com/book/2767246.html", "http://www.17k.com/book/2764239.html", "http://www.17k.com/book/2754498.html", "http://www.17k.com/book/2754900.html", "http://www.17k.com/book/2625740.html", "http://www.17k.com/book/2213315.html", "http://www.17k.com/book/2402178.html", "http://www.17k.com/book/2691221.html", "http://www.17k.com/book/2210699.html", "http://www.17k.com/book/1797752.html", "http://www.17k.com/book/2575507.html", "http://www.17k.com/book/2705181.html", "http://www.17k.com/book/2702539.html", "http://www.17k.com/book/2474887.html", "http://www.17k.com/book/2674733.html", "http://www.17k.com/book/2822076.html", "http://www.17k.com/book/2809894.html", "http://www.17k.com/book/2822077.html", "http://www.17k.com/book/2811930.html", "http://www.17k.com/book/2815548.html", "http://www.17k.com/book/2819620.html", "http://www.17k.com/book/2809964.html", "http://www.17k.com/book/2808200.html", "http://www.17k.com/book/2820100.html", "http://www.17k.com/book/2822978.html", "http://www.17k.com/book/2804337.html", "http://www.17k.com/book/2798814.html", "http://www.17k.com/book/2785153.html", "http://www.17k.com/book/2731559.html", "http://www.17k.com/book/2722533.html", "http://www.17k.com/book/2458377.html", "http://www.17k.com/book/2743300.html", "http://www.17k.com/book/973809.html", "http://www.17k.com/book/2651367.html", "http://www.17k.com/book/2726194.html", "http://www.17k.com/book/2790214.html", "http://www.17k.com/book/493239.html", "http://www.17k.com/book/108821.html", "http://www.17k.com/book/1398783.html", "http://www.17k.com/book/83528.html", "http://www.17k.com/book/1859126.html", "http://www.17k.com/book/1741975.html", "http://www.17k.com/book/192453.html", "http://www.17k.com/book/2459058.html", "http://www.17k.com/book/1050747.html", "http://www.17k.com/book/2700315.html", "http://www.17k.com/book/2818940.html", "http://www.17k.com/book/2819519.html", "http://www.17k.com/book/2816390.html", "http://www.17k.com/book/2819588.html", "http://www.17k.com/book/2813768.html", "http://www.17k.com/book/2822406.html", "http://www.17k.com/book/2772164.html", "http://www.17k.com/book/2784023.html", "http://www.17k.com/book/2811877.html", "http://www.17k.com/book/2809119.html", "http://www.17k.com/book/2803700.html", "http://www.17k.com/book/2819561.html", "http://www.17k.com/book/2746506.html", "http://www.17k.com/book/2811836.html", "http://www.17k.com/book/2614810.html", "http://www.17k.com/book/1592435.html", "http://www.17k.com/book/1949748.html", "http://www.17k.com/book/2265802.html", "http://www.17k.com/book/2743240.html", "http://www.17k.com/book/2657437.html", "http://www.17k.com/book/2644502.html", "http://www.17k.com/book/2199900.html", "http://www.17k.com/book/2725436.html", "http://www.17k.com/book/2629978.html"]}