{"ratings": -1, "userreviews": [{"userName": "\u7af9\u4e0b\u661f\u67f3", "userReviewDate": "2018-05-26", "userURL": "http://user.17k.com/56040077", "userReview": "\u53a8\u623f\u652f\u6301\uff01"}, {"userName": "\u6708\u843d\u68a6\u8ffd\u5fc6", "userReviewDate": "2018-05-26", "userURL": "http://user.17k.com/57478135", "userReview": "\u521d\u8bbf\u652f\u6301\uff0c\u8bf7\u6536\u8ffd\u5fc6\u4e00\u8bb0\u819d\u76d6"}, {"userName": "\u6797\u7ecf\u767d", "userReviewDate": "2018-05-26", "userURL": "http://user.17k.com/61480290", "userReview": "\u4f5c\u8005\u5927\u5927\u52a0\u6cb9\u54e6\uff01\u5171\u52c9\uff01"}, {"userName": "\u7af9\u4e0b\u661f\u67f3", "userReviewDate": "2018-05-23", "userURL": "http://user.17k.com/56040077", "userReview": "\u52a0\u6cb9\u5427"}, {"userName": "\u8482\u8299\u5c3c\u7426", "userReviewDate": "2018-05-02", "userURL": "http://user.17k.com/59111368", "userReview": "\u5360\u4e2a\u6c99\u53d1\uff0c\u5927\u5927\u52a0\u6cb9\uff01\u770b\u597d\u4f60\u5466\uff01"}], "description": "\u4e16\u4e0a\u6700\u53ef\u60b2\u4e4b\u4e8b\uff0c\u83ab\u8fc7\u4e8e\u8981\u5ac1\u4e4b\u4eba\u4e0d\u662f\u6240\u7231......\u3000\u3000\u56e0\u5229\u76ca\u5ac1\u7ed9\u8a00\u7075\u56fd\u7b2c\u4e00\u7f8e\u7537\u5b50\u8a00\u5e1d\u5c01\uff0c\u65c1\u4eba\u7fa1\u6155\u4e0d\u5df2\uff0c\u5979\u5374\u5fc3\u5982\u6b62\u6c34\u3002\u3000\u3000\u65c1\u7684\u592b\u59bb\u4f60\u4fac\u6211\u4fac\uff0c\u4ea4\u9888\u800c\u5367\u3002\u3000\u3000\u5979\u548c\u4ed6\u5462\uff1f\u3000\u3000\u8868\u9762\u76f8\u656c\u5982\u5bbe\uff0c\u6697\u4e2d\u4f60\u6b7b\u6211\u6d3b......", "title": "\u4ed9\u5983\u503e\u4e16", "url": "http://www.17k.com/book/2809020.html", "average": -1.0, "cover": "http://img.17k.com/images/bookcover/2018/14045/70/2809020-1524630642000.jpg", "reviews": 2541, "authors": [{"url": "http://www.17k.com/zuozhe/59562066", "name": "\u5b89\u5c0f\u52d2"}], "type": ["\u5feb\u610f\u6c5f\u6e56"], "outlinks": ["http://www.17k.com/book/2794982.html", "http://www.17k.com/book/2801292.html", "http://www.17k.com/book/2816318.html", "http://www.17k.com/book/2797575.html", "http://www.17k.com/book/2802516.html", "http://www.17k.com/book/2812195.html", "http://www.17k.com/book/2820143.html", "http://www.17k.com/book/2807943.html", "http://www.17k.com/book/2813457.html", "http://www.17k.com/book/2798058.html", "http://www.17k.com/book/2815617.html", "http://www.17k.com/book/2805259.html", "http://www.17k.com/book/2760255.html", "http://www.17k.com/book/2686894.html", "http://www.17k.com/book/2797016.html", "http://www.17k.com/book/2767246.html", "http://www.17k.com/book/2764239.html", "http://www.17k.com/book/2754498.html", "http://www.17k.com/book/2754900.html", "http://www.17k.com/book/2625740.html", "http://www.17k.com/book/2213315.html", "http://www.17k.com/book/2402178.html", "http://www.17k.com/book/2691221.html", "http://www.17k.com/book/2210699.html", "http://www.17k.com/book/1797752.html", "http://www.17k.com/book/2575507.html", "http://www.17k.com/book/2705181.html", "http://www.17k.com/book/2702539.html", "http://www.17k.com/book/2474887.html", "http://www.17k.com/book/2674733.html", "http://www.17k.com/book/2822076.html", "http://www.17k.com/book/2809894.html", "http://www.17k.com/book/2822077.html", "http://www.17k.com/book/2811930.html", "http://www.17k.com/book/2815548.html", "http://www.17k.com/book/2819620.html", "http://www.17k.com/book/2809964.html", "http://www.17k.com/book/2808200.html", "http://www.17k.com/book/2820100.html", "http://www.17k.com/book/2822978.html", "http://www.17k.com/book/2804337.html", "http://www.17k.com/book/2798814.html", "http://www.17k.com/book/2785153.html", "http://www.17k.com/book/2731559.html", "http://www.17k.com/book/2722533.html", "http://www.17k.com/book/2458377.html", "http://www.17k.com/book/2743300.html", "http://www.17k.com/book/973809.html", "http://www.17k.com/book/2651367.html", "http://www.17k.com/book/2726194.html", "http://www.17k.com/book/2790214.html", "http://www.17k.com/book/493239.html", "http://www.17k.com/book/108821.html", "http://www.17k.com/book/1398783.html", "http://www.17k.com/book/83528.html", "http://www.17k.com/book/1859126.html", "http://www.17k.com/book/1741975.html", "http://www.17k.com/book/192453.html", "http://www.17k.com/book/2459058.html", "http://www.17k.com/book/1050747.html", "http://www.17k.com/book/2700315.html", "http://www.17k.com/book/2818940.html", "http://www.17k.com/book/2819519.html", "http://www.17k.com/book/2816390.html", "http://www.17k.com/book/2819588.html", "http://www.17k.com/book/2813768.html", "http://www.17k.com/book/2822406.html", "http://www.17k.com/book/2772164.html", "http://www.17k.com/book/2784023.html", "http://www.17k.com/book/2811877.html", "http://www.17k.com/book/2809119.html", "http://www.17k.com/book/2803700.html", "http://www.17k.com/book/2819561.html", "http://www.17k.com/book/2746506.html", "http://www.17k.com/book/2811836.html", "http://www.17k.com/book/2614810.html", "http://www.17k.com/book/1592435.html", "http://www.17k.com/book/1949748.html", "http://www.17k.com/book/2265802.html", "http://www.17k.com/book/2743240.html", "http://www.17k.com/book/2657437.html", "http://www.17k.com/book/2644502.html", "http://www.17k.com/book/2199900.html", "http://www.17k.com/book/2725436.html", "http://www.17k.com/book/2629978.html"]}