{"ratings": -1, "userreviews": [{"userName": "\u738b\u8005\u8363\u8000\u65e0\u654c\u6e23\u6e23\u8f89", "userReviewDate": "2018-06-05", "userURL": "http://user.17k.com/62550350", "userReview": "\u5e0c\u671b\u4f5c\u8005\u591a\u591a\u66f4\u65b0\u3002\u597d\u597d\u52a0\u6cb9\uff01\u671f\u5f85\u4e0b\u4e00\u8bdd"}, {"userName": "\u7528\u62376541364698", "userReviewDate": "2018-05-05", "userURL": "http://user.17k.com/61506805", "userReview": "\u4f5c\u8005\u4e0d\u8981\u505c\u66f4\u554a"}, {"userName": "ljc\u5b9d\u5a1c\u65af", "userReviewDate": "2018-04-29", "userURL": "http://user.17k.com/61337025", "userReview": "\u4f5c\u8005\uff0c\u4e0d\u8981\u505c\u66f4\u554a"}, {"userName": "\u5251\u5fc3609535063", "userReviewDate": "2018-04-29", "userURL": "http://user.17k.com/60203143", "userReview": "\u4f5c\u8005\u52a0\u6cb9\u2196(^\u03c9^)\u2197\uff0c\u4e0d\u8981\u505c\u66f4"}, {"userName": "\u6e05\u6cc9\u53ee\u549a265914104", "userReviewDate": "2018-04-29", "userURL": "http://user.17k.com/61331868", "userReview": "\u52a0\u6cb9\uff01\u52a0\u6cb9\uff01"}, {"userName": "\u4e16\u95f4\u54ea\u6709\u771f\u60c5\u5728108539658", "userReviewDate": "2018-04-24", "userURL": "http://user.17k.com/61209400", "userReview": "\u52a0\u6cb9\u2196(^\u03c9^)\u2197\uff0c\u4e0d\u8981\u505c\u66f4\uff0c\u5df2\u6536\u85cf"}, {"userName": "\u9192266297257", "userReviewDate": "2018-04-24", "userURL": "http://user.17k.com/61207144", "userReview": "\u52a0\u6cb9"}, {"userName": "\u9ed8\u7136214791922", "userReviewDate": "2018-04-24", "userURL": "http://user.17k.com/61206702", "userReview": "\u52a0\u6cb9\u4e0d\u8981\u505c\u66f4"}, {"userName": "mq\u6d77\u87ba\u59d1\u5a18", "userReviewDate": "2018-03-23", "userURL": "http://user.17k.com/60566299", "userReview": "\u52a0\u6cb9\uff0c\u4e0d\u8981\u505c\u66f4\uff0c\u5df2\u6536\u85cf"}, {"userName": "\u706b\u9f99\u679c&#55356;&#57171;&#55356;&#57171;", "userReviewDate": "2018-03-16", "userURL": "http://user.17k.com/60439782", "userReview": "\u4e0d\u8981\u505c\u66f4\uff0c\u7ee7\u7eed\u52aa\u529b\u52a0\u6cb9\uff0c\u795d\u65e9\u65e5\u7b7e\u7ea6\u3002"}, {"userName": "\u5fae\u670d\u79c1\u8bbf+", "userReviewDate": "2018-03-15", "userURL": "http://user.17k.com/60426606", "userReview": "\u7ee7\u7eed\u52aa\u529b\u52a0\u6cb9"}, {"userName": "\u8d75\u536b\u9752250770338", "userReviewDate": "2018-03-04", "userURL": "http://user.17k.com/60270752", "userReview": "\u4e0d\u8981\u505c\u66f4\uff0c\u7ee7\u7eed\u52aa\u529b\uff0c\u795d\u65e9\u65e5\u7b7e\u7ea6\u3002"}, {"userName": "\u5e7d\u9999\u6021\u4eba", "userReviewDate": "2018-03-03", "userURL": "http://user.17k.com/60262937", "userReview": "\u539f\u4f5c\u8005\u7ee7\u7eed\u52aa\u529b\uff0c\u52a0\u6cb9"}, {"userName": "shmily&#55357;&#56469;&#55357;&#56469;", "userReviewDate": "2018-03-03", "userURL": "http://user.17k.com/60261342", "userReview": "\u795d\u4f5c\u8005\u7ee7\u7eed\u52a0\u6cb9\u3002"}, {"userName": "\u8ff9\u2664", "userReviewDate": "2018-03-03", "userURL": "http://user.17k.com/60258878", "userReview": "\u52a0\u6cb9\u52a0\u6cb9,\u52aa\u529b\u52aa\u529b,\u4e3a\u4e86\u4eba\u6c11\u5e01&#55356;&#57114;&#55356;&#57114;&#55356;&#57114;&#55357;&#56834;&#55357;&#56834;&#55357;&#56834;&#55357;&#56834;&#55357;&#56834;"}, {"userName": "\u5c0f\u8273079690281", "userReviewDate": "2018-03-03", "userURL": "http://user.17k.com/60258789", "userReview": "\u613f\u4f5c\u8005\u7ee7\u7eed\u52aa\u529b\u52a0\u6cb9\uff01"}, {"userName": "\u591a\u6101\u5584\u611f.453852848", "userReviewDate": "2018-03-03", "userURL": "http://user.17k.com/60258650", "userReview": "\u52a0\u6cb9\u5c0f\u7f16\uff0c\u8ba4\u8bc6\u4e00\u4e0b\u6211\u662f\u5c0f\u5927\u5927\uff0c\u5f88\u9ad8\u5174\u8ba4\u8bc6\u4f60\uff0c\u53e4\u8bd7\u5185\u5bb9\u7cbe\u5f69\u7edd\u4f26\uff0c\u8ba9\u4eba\u767e\u770b\u4e0d\u538c\uff0c\u771f\u597d\u633a\u597d\u768423333&#55357;&#56834;&#55357;&#56834;&#55357;&#56834;&#55357;&#56834;&#55357;&#56836;&#55357;&#56836;&#55357;&#56836;&#55357;&#56836;&#55357;&#56833;&#55357;&#56833;&#55357;&#56833;&#55357;&#56833;"}, {"userName": "\u871c\u6c41\u732b\u997c", "userReviewDate": "2018-03-02", "userURL": "http://user.17k.com/60249436", "userReview": "\u4eb2\u53cb\u89c2\u5149\u56e2\u524d\u6765\u62a5\u5230\uff0c\u52a0\u6cb9\u554a(\uff61\uff65\u03c9\uff65\uff61)\uff89"}, {"userName": "\u6768\u5c0f\u4e5d376944295", "userReviewDate": "2018-03-02", "userURL": "http://user.17k.com/60249181", "userReview": "\u4f5c\u8005\u52a0\u6cb9\uff01\uff01\uff01\u4e0d\u8981\u5f03\u5751\u554a\uff01\uff01\uff01"}, {"userName": "\u591c\u9b45\u661f\u8fb0\u672c\u5c0a", "userReviewDate": "2018-03-02", "userURL": "http://user.17k.com/15601070", "userReview": "<a target='_blank' href='http://www.17k.com/book/2784873.html'>\u300a\u5168\u804c\u6740\u624b\u4e4b\u6211\u7684\u6781\u54c1\u672a\u5a5a\u59bb\u300b</a>\u795d\u5927\u5927\u7ea2\u7ea2\u706b\u706b\uff0c\u65e9\u65e5\u7b7e\u7ea6\uff0c\u5df2\u6536\u85cf"}], "description": "\u6211\u9648\u9633\uff0c\u4eca\u5e74\u5341\u516b\u5c81\uff0c\u516d\u5c81\u4e60\u6b66\uff0c\u516b\u5c81\u5b66\u4e60\u533b\u672f\u548c\u7a74\u4f4d\uff0c\u5341\u4e8c\u5c81\u51fa\u53bb\u53c2\u52a0\u4e00\u7cfb\u5217\u7684\u201c\u6d3b\u52a8\u201d\u3002\u3000\u3000\u6240\u4ee5\u8fd9\u6b21\uff0c\u7b2c\u4e00\u6b21\u5949\u6211\u5bb6\u8001\u5934\u5b50\u7684\u547d\u4ee4\uff0c\u524d\u5f80\u5170\u6d77\u5e02\u5f53\u5bcc\u5bb6\u5927\u5c0f\u59d0\u7684\u8d34\u8eab\u4fdd\u9556\uff0c\u966a\u5979\u4e0a\u5b66\uff0c\u653e\u5b66\uff0c\u5e76\u7167\u987e\u5979\u7684\u65e5\u5e38\u996e\u98df\u8d77\u5c45......", "title": "\u4fdd\u9556\u5728\u6821\u56ed", "url": "http://www.17k.com/book/2786029.html", "average": -1.0, "cover": "http://img.17k.com/images/bookcover/default_cover2.jpg", "reviews": 544, "authors": [{"url": "http://www.17k.com/zuozhe/60189998", "name": "\u5b9d\u5a1c\u65af"}], "type": ["\u90fd\u5e02\u5f02\u80fd"], "outlinks": ["http://www.17k.com/book/2794982.html", "http://www.17k.com/book/2801292.html", "http://www.17k.com/book/2816318.html", "http://www.17k.com/book/2797575.html", "http://www.17k.com/book/2802516.html", "http://www.17k.com/book/2812195.html", "http://www.17k.com/book/2820143.html", "http://www.17k.com/book/2807943.html", "http://www.17k.com/book/2813457.html", "http://www.17k.com/book/2798058.html", "http://www.17k.com/book/2815617.html", "http://www.17k.com/book/2805259.html", "http://www.17k.com/book/2760255.html", "http://www.17k.com/book/2686894.html", "http://www.17k.com/book/2797016.html", "http://www.17k.com/book/2767246.html", "http://www.17k.com/book/2764239.html", "http://www.17k.com/book/2754498.html", "http://www.17k.com/book/2754900.html", "http://www.17k.com/book/2625740.html", "http://www.17k.com/book/2213315.html", "http://www.17k.com/book/2402178.html", "http://www.17k.com/book/2691221.html", "http://www.17k.com/book/2210699.html", "http://www.17k.com/book/1797752.html", "http://www.17k.com/book/2575507.html", "http://www.17k.com/book/2705181.html", "http://www.17k.com/book/2702539.html", "http://www.17k.com/book/2474887.html", "http://www.17k.com/book/2674733.html", "http://www.17k.com/book/2822076.html", "http://www.17k.com/book/2809894.html", "http://www.17k.com/book/2822077.html", "http://www.17k.com/book/2811930.html", "http://www.17k.com/book/2815548.html", "http://www.17k.com/book/2819620.html", "http://www.17k.com/book/2809964.html", "http://www.17k.com/book/2808200.html", "http://www.17k.com/book/2820100.html", "http://www.17k.com/book/2822978.html", "http://www.17k.com/book/2804337.html", "http://www.17k.com/book/2798814.html", "http://www.17k.com/book/2785153.html", "http://www.17k.com/book/2731559.html", "http://www.17k.com/book/2722533.html", "http://www.17k.com/book/2458377.html", "http://www.17k.com/book/2743300.html", "http://www.17k.com/book/973809.html", "http://www.17k.com/book/2651367.html", "http://www.17k.com/book/2726194.html", "http://www.17k.com/book/2790214.html", "http://www.17k.com/book/493239.html", "http://www.17k.com/book/108821.html", "http://www.17k.com/book/1398783.html", "http://www.17k.com/book/83528.html", "http://www.17k.com/book/1859126.html", "http://www.17k.com/book/1741975.html", "http://www.17k.com/book/192453.html", "http://www.17k.com/book/2459058.html", "http://www.17k.com/book/1050747.html", "http://www.17k.com/book/2700315.html", "http://www.17k.com/book/2818940.html", "http://www.17k.com/book/2819519.html", "http://www.17k.com/book/2816390.html", "http://www.17k.com/book/2819588.html", "http://www.17k.com/book/2813768.html", "http://www.17k.com/book/2822406.html", "http://www.17k.com/book/2772164.html", "http://www.17k.com/book/2784023.html", "http://www.17k.com/book/2811877.html", "http://www.17k.com/book/2809119.html", "http://www.17k.com/book/2803700.html", "http://www.17k.com/book/2819561.html", "http://www.17k.com/book/2746506.html", "http://www.17k.com/book/2811836.html", "http://www.17k.com/book/2614810.html", "http://www.17k.com/book/1592435.html", "http://www.17k.com/book/1949748.html", "http://www.17k.com/book/2265802.html", "http://www.17k.com/book/2743240.html", "http://www.17k.com/book/2657437.html", "http://www.17k.com/book/2644502.html", "http://www.17k.com/book/2199900.html", "http://www.17k.com/book/2725436.html", "http://www.17k.com/book/2629978.html"]}