{"ratings": -1, "userreviews": [{"userName": "\u97e9\u4ed9\u5251", "userReviewDate": "2018-06-01", "userURL": "http://user.17k.com/57159020", "userReview": "<a target='_blank' href='http://www.17k.com/book/2645086.html'>\u300a\u601c\u4ed9\u300b</a>\u62dc\u8bbf\uff0c\u52a0\u6cb9\uff01"}, {"userName": "\u516d\u73ed\u638c\u95e8", "userReviewDate": "2018-05-30", "userURL": "http://user.17k.com/13274236", "userReview": "<a target='_blank' href='http://www.17k.com/book/2752920.html'>\u300a\u76f8\u533b\u6218\u7eaa\u300b</a>\u524d\u6765\u9c9c\u82b1\u652f\u6301\u4e86\uff01\u52a0\u6cb9\uff01"}, {"userName": "17k\u4e66\u53cbuv8lqrb3d", "userReviewDate": "2018-05-30", "userURL": "http://user.17k.com/62331446", "userReview": "[\u6253\u8d4f]\u6211\u6253\u8d4f\u4e861\u5143\u7ea2\u5305\uff01\uff01"}, {"userName": "miss\u8096\u767d", "userReviewDate": "2018-05-29", "userURL": "http://user.17k.com/59616212", "userReview": "\u643a<a target='_blank' href='http://www.17k.com/book/2765697.html'>\u300a\u4e3a\u81ea\u5df1\u627e\u4e2a\u7406\u7531\u6d3b\u4e0b\u53bb\u300b</a>\u524d\u6765\u652f\u6301\uff01"}, {"userName": "\u6f2b\u5929\u661f\u8424", "userReviewDate": "2018-05-29", "userURL": "http://user.17k.com/56871683", "userReview": "\u661f\u8424\u524d\u6765\u9001\u82b1\u652f\u6301\u5927\u5927\u4f5c\u54c1\uff01\uff01\u5927\u5927\u6709\u7a7a\u5e38\u6765\u661f\u8424\u90a3\u73a9\u54e6"}, {"userName": "\u5e7d\u83b9Luna", "userReviewDate": "2018-05-28", "userURL": "http://user.17k.com/61159268", "userReview": "\u643a<a target='_blank' href='http://www.17k.com/book/2814462.html'>\u300a\u4e5d\u5c3e\u6708\u534e\u5f55\u300b</a>\u524d\u6765\u652f\u6301\uff01"}, {"userName": "\u6797\u963f\u8fe9", "userReviewDate": "2018-05-27", "userURL": "http://user.17k.com/62228940", "userReview": "\u300a\u6d6e\u5c18\u4e4b\u6843\u5b7d\u300b\u524d\u6765\u62dc\u8bbf\u3002"}, {"userName": "\u4f18\u4f18\u5416", "userReviewDate": "2018-05-27", "userURL": "http://user.17k.com/61308631", "userReview": "<a target='_blank' href='http://www.17k.com/book/2829075.html'>\u300a\u518d\u8bf4\u4e00\u6b21\u4f60\u8bf4\u7231\u6211\u300b</a>\u6765\u62dc\u8bbf\u5566\uff0c\u795d\u5927\u7ea2\u5927\u7d2b"}, {"userName": "\u6613\u601d\u51e1", "userReviewDate": "2018-05-27", "userURL": "http://user.17k.com/55414737", "userReview": "\u6211\u53ea\u60f3\u662f\uff0c\u5973\u4e3b\u89d2\u771f\u7684\u51fa\u8f68\u4e86\uff1f\u8fd8\u6709\u7537\u4e3b\u89d2\u90a3\u4e48\u626d\u626d\u634f\u634f\u7684\uff0c\u771f\u4ed6\u5988\u7684\u63ea\u5fc3\u554a"}, {"userName": "\u6f2b\u5929\u661f\u8424", "userReviewDate": "2018-05-27", "userURL": "http://user.17k.com/56871683", "userReview": "\u65e9\u5b89\uff0c\u652f\u6301\u3002"}, {"userName": "\u6708\u843d\u68a6\u8ffd\u5fc6", "userReviewDate": "2018-05-26", "userURL": "http://user.17k.com/57478135", "userReview": "\u8bf7\u6536\u8ffd\u5fc6\u4e00\u8bb0\u819d\u76d6"}, {"userName": "\u53e4\u591c\u73a5", "userReviewDate": "2018-05-26", "userURL": "http://user.17k.com/56608297", "userReview": "\u6324\u4e00\u6324"}, {"userName": "\u5e7d\u83b9Luna", "userReviewDate": "2018-05-26", "userURL": "http://user.17k.com/61159268", "userReview": "\u51fa\u8bbf\u652f\u6301\u5927\u5927\uff01"}, {"userName": "\u2229_\u2229406659239", "userReviewDate": "2018-05-25", "userURL": "http://user.17k.com/61936981", "userReview": "\u6211\u89c9\u5f97\u5f88\u597d\u5427"}, {"userName": "17K\u4e66\u53cbXG2NAFEQ", "userReviewDate": "2018-05-24", "userURL": "http://user.17k.com/62125655", "userReview": "\u7a7a\u59d0\uff0c\u5475\u5475"}, {"userName": "\u5218\u8bda\u79b9", "userReviewDate": "2018-05-22", "userURL": "http://user.17k.com/60400643", "userReview": "\u4f5c\u8005\u5728\u4e48\uff1f\u6211\u6709\u70b9\u4e8b\u60c5\u60f3\u95ee\u4f60\u80fd\u52a0\u6211\u5fae\u4fe1\u4e48\uff1f\u5fae\u4fe1\u53f7\u662f13946515203"}, {"userName": "\u3123\u901d\u53bb\u2570\u2606\u3077_\u901d\u53bb.....\ufe56", "userReviewDate": "2018-05-22", "userURL": "http://user.17k.com/53108576", "userReview": "<a target='_blank' href='http://www.17k.com/book/2812764.html'>\u300a\u4e5d\u5c3e\u732b\u4ed9\u300b</a>\u9a7b\u8db3"}, {"userName": "\u72c2\u60f3\u66f2\u5927\u7206\u70b8", "userReviewDate": "2018-05-17", "userURL": "http://user.17k.com/42844870", "userReview": "\u98d8\u6e3a\u7684\u5b64\u72ec\u524d\u6765\u62dc\u8bbf"}, {"userName": "\u7231\u5403\u9c7c\u7684\u4e8c\u54c8", "userReviewDate": "2018-05-15", "userURL": "http://user.17k.com/49956158", "userReview": "\u5199\u7684\u5f88\u4e0d\u9519\uff0c\u90fd\u8bf4\u7537\u4eba\u51fa\u8f68\uff0c\u5973\u4eba\u4f1a\u5ffd\u7136\u53d8\u6210\u798f\u5c14\u6469\u65af\uff0c\u4f46\u5176\u5b9e\u5973\u4eba\u51fa\u8f68\uff0c\u7537\u4eba\u4e5f\u4e00\u6837\uff0c\u552f\u4e00\u7684\u533a\u522b\u65e0\u975e\u662f\u5973\u4eba\u505a\u7684\u6ef4\u6c34\u4e0d\u6f0f\u800c\u5df2\u3002\u5176\u5b9e\u65f6\u95f4\u957f\u4e86\uff0c\u80af\u5b9a\u771f\u76f8\u4f1a\u6d6e\u51fa\u6c34\u9762\u7684\uff0c\u671f\u5f85\u540e\u9762\u7684\u5267\u60c5\u53d1\u5c55"}, {"userName": "\u65af\u6587\u732b\u965b\u4e0b", "userReviewDate": "2018-05-14", "userURL": "http://user.17k.com/37764708", "userReview": "\u52a0\u6cb9\uff0c"}], "description": "\u610f\u5916\u56de\u5bb6\uff0c\u53d1\u73b0\u59bb\u5b50\u7684\u79d8\u5bc6\uff0c\u7531\u6b64\u5f15\u7533\u51fa\u4e00\u6bb5\u6251\u6714\u8ff7\u79bb\u7684\u6545\u4e8b\uff0c\u4ece\u672a\u60f3\u8fc7\u8d24\u6dd1\u7684\u59bb\u5b50\u80cc\u540e\u7adf\u662f\u8fd9\u822c\u9762\u76ee\uff0c\u771f\u76f8\u5230\u5e95\u662f\u4ec0\u4e48\uff0c\u6211\u7adf\u65e0\u6cd5\u8bf4\u51fa\uff01", "title": "\u5047\u9762\u5a07\u59bb", "url": "http://www.17k.com/book/2809878.html", "average": -1.0, "cover": "http://img.17k.com/images/bookcover/2018/14049/70/2809878-1523847012000.jpg", "reviews": 54314, "authors": [{"url": "http://www.17k.com/zuozhe/61032569", "name": "\u8d4c\u795e\u5927\u53f8\u9a6c"}], "type": ["\u73b0\u5b9e\u7ecf\u5386"], "outlinks": ["http://www.17k.com/book/2794982.html", "http://www.17k.com/book/2801292.html", "http://www.17k.com/book/2816318.html", "http://www.17k.com/book/2797575.html", "http://www.17k.com/book/2802516.html", "http://www.17k.com/book/2812195.html", "http://www.17k.com/book/2820143.html", "http://www.17k.com/book/2807943.html", "http://www.17k.com/book/2813457.html", "http://www.17k.com/book/2798058.html", "http://www.17k.com/book/2815617.html", "http://www.17k.com/book/2805259.html", "http://www.17k.com/book/2760255.html", "http://www.17k.com/book/2686894.html", "http://www.17k.com/book/2797016.html", "http://www.17k.com/book/2767246.html", "http://www.17k.com/book/2764239.html", "http://www.17k.com/book/2754498.html", "http://www.17k.com/book/2754900.html", "http://www.17k.com/book/2625740.html", "http://www.17k.com/book/2213315.html", "http://www.17k.com/book/2402178.html", "http://www.17k.com/book/2691221.html", "http://www.17k.com/book/2210699.html", "http://www.17k.com/book/1797752.html", "http://www.17k.com/book/2575507.html", "http://www.17k.com/book/2705181.html", "http://www.17k.com/book/2702539.html", "http://www.17k.com/book/2474887.html", "http://www.17k.com/book/2674733.html", "http://www.17k.com/book/2822076.html", "http://www.17k.com/book/2809894.html", "http://www.17k.com/book/2822077.html", "http://www.17k.com/book/2811930.html", "http://www.17k.com/book/2815548.html", "http://www.17k.com/book/2819620.html", "http://www.17k.com/book/2809964.html", "http://www.17k.com/book/2808200.html", "http://www.17k.com/book/2820100.html", "http://www.17k.com/book/2822978.html", "http://www.17k.com/book/2804337.html", "http://www.17k.com/book/2798814.html", "http://www.17k.com/book/2785153.html", "http://www.17k.com/book/2731559.html", "http://www.17k.com/book/2722533.html", "http://www.17k.com/book/2458377.html", "http://www.17k.com/book/2743300.html", "http://www.17k.com/book/973809.html", "http://www.17k.com/book/2651367.html", "http://www.17k.com/book/2726194.html", "http://www.17k.com/book/2790214.html", "http://www.17k.com/book/493239.html", "http://www.17k.com/book/108821.html", "http://www.17k.com/book/1398783.html", "http://www.17k.com/book/83528.html", "http://www.17k.com/book/1859126.html", "http://www.17k.com/book/1741975.html", "http://www.17k.com/book/192453.html", "http://www.17k.com/book/2459058.html", "http://www.17k.com/book/1050747.html", "http://www.17k.com/book/2700315.html", "http://www.17k.com/book/2818940.html", "http://www.17k.com/book/2819519.html", "http://www.17k.com/book/2816390.html", "http://www.17k.com/book/2819588.html", "http://www.17k.com/book/2813768.html", "http://www.17k.com/book/2822406.html", "http://www.17k.com/book/2772164.html", "http://www.17k.com/book/2784023.html", "http://www.17k.com/book/2811877.html", "http://www.17k.com/book/2809119.html", "http://www.17k.com/book/2803700.html", "http://www.17k.com/book/2819561.html", "http://www.17k.com/book/2746506.html", "http://www.17k.com/book/2811836.html", "http://www.17k.com/book/2614810.html", "http://www.17k.com/book/1592435.html", "http://www.17k.com/book/1949748.html", "http://www.17k.com/book/2265802.html", "http://www.17k.com/book/2743240.html", "http://www.17k.com/book/2657437.html", "http://www.17k.com/book/2644502.html", "http://www.17k.com/book/2199900.html", "http://www.17k.com/book/2725436.html", "http://www.17k.com/book/2629978.html"]}