{"ratings": -1, "userreviews": [{"userName": "\u4e54\u5c0f\u4e54070500386", "userReviewDate": "2018-05-30", "userURL": "http://user.17k.com/55518769", "userReview": "\u8fd8\u7b97\u4e0d\u9519\uff0c\u7ee7\u7eed\u52a0\u6cb9\u5427\uff01"}], "description": "\u543e\u81ea\u5316\u661f\u8fb0\uff0c\u661f\u7a7a\u5723\u7075\u5fc3\uff1b\u624b\u63e1\u4e7e\u5764\u5f13\uff0c\u91d1\u4e4c\u70bc\u5e7d\u51a5\uff1b\u795e\u8840\u878d\u5929\u5730\uff0c\u9955\u992e\u4e3a\u5750\u9a91\uff1b\u8fdc\u53e4\u795e\u9f99\u51fa\uff0c\u65b9\u53ef\u638c\u4e7e\u5764\u3002\u3000\u3000\u8fd9\u662f\u4e00\u4e2a\uff0c\u5c60\u4e00\u4e3a\u6076\uff0c\u5c60\u4e07\u4e3a\u96c4\uff0c\u5c60\u7684\u4e5d\u767e\u4e07\uff0c\u65b9\u4e3a\u96c4\u4e2d\u96c4\u7684\u6b8b\u9177\u4e16\u754c\uff0c\u4ea6\u662f\u4e00\u4e2a\u5f92\u638c\u788e\u661f\u8fb0\uff0c\u6325\u8896\u65ad\u5c71\u6cb3\u7684\u5f3a\u8005\u4e16\u754c\u3002\u3000\u3000\u83bd\u62f3\u9547\u5e7d\u51a5\uff0c\u4e00\u6307\u9707\u82cd\u7a79\uff1b\u7aa5\u7834\u751f\u6b7b\uff0c\u6267\u638c\u5929\u5730\u4e7e\u5764\uff1b\u811a\u8e0f\u8bf8\u5929\u4e07\u57df\uff0c\u4e0d\u5165\u8f6e\u56de\u8f6c\u4e16\uff0c\u9006\u5929\u800c\u884c\u2014\u2014\u2014\u2014\u5c3d\u5728\u6b64\u4e66\u3000\u3000\u5728\u8fd9\u91cc\u6709\u6fc0\u60c5\uff0c\u6709\u70ed\u8840\uff0c\u770b\u4e0b\u53bb\uff0c\u4f60\u4fbf\u4f1a\u517d\u8840\u6cb8\u817e\u3002", "title": "\u50b2\u4e16\u8f6e\u56de\u661f\u8fb0", "url": "http://www.17k.com/book/2831641.html", "average": -1.0, "cover": "http://img.17k.com/images/bookcover/default_cover2.jpg", "reviews": 243, "authors": [{"url": "http://www.17k.com/zuozhe/62266293", "name": "\u6c5f\u5c71\u9668\u661f\u8fb0"}], "type": ["\u4e1c\u65b9\u7384\u5e7b"], "outlinks": ["http://www.17k.com/book/2794982.html", "http://www.17k.com/book/2801292.html", "http://www.17k.com/book/2816318.html", "http://www.17k.com/book/2797575.html", "http://www.17k.com/book/2802516.html", "http://www.17k.com/book/2812195.html", "http://www.17k.com/book/2820143.html", "http://www.17k.com/book/2807943.html", "http://www.17k.com/book/2813457.html", "http://www.17k.com/book/2798058.html", "http://www.17k.com/book/2815617.html", "http://www.17k.com/book/2805259.html", "http://www.17k.com/book/2760255.html", "http://www.17k.com/book/2686894.html", "http://www.17k.com/book/2797016.html", "http://www.17k.com/book/2767246.html", "http://www.17k.com/book/2764239.html", "http://www.17k.com/book/2754498.html", "http://www.17k.com/book/2754900.html", "http://www.17k.com/book/2625740.html", "http://www.17k.com/book/2213315.html", "http://www.17k.com/book/2402178.html", "http://www.17k.com/book/2691221.html", "http://www.17k.com/book/2210699.html", "http://www.17k.com/book/1797752.html", "http://www.17k.com/book/2575507.html", "http://www.17k.com/book/2705181.html", "http://www.17k.com/book/2702539.html", "http://www.17k.com/book/2474887.html", "http://www.17k.com/book/2674733.html", "http://www.17k.com/book/2822076.html", "http://www.17k.com/book/2809894.html", "http://www.17k.com/book/2822077.html", "http://www.17k.com/book/2811930.html", "http://www.17k.com/book/2815548.html", "http://www.17k.com/book/2819620.html", "http://www.17k.com/book/2809964.html", "http://www.17k.com/book/2808200.html", "http://www.17k.com/book/2820100.html", "http://www.17k.com/book/2822978.html", "http://www.17k.com/book/2804337.html", "http://www.17k.com/book/2798814.html", "http://www.17k.com/book/2785153.html", "http://www.17k.com/book/2731559.html", "http://www.17k.com/book/2722533.html", "http://www.17k.com/book/2458377.html", "http://www.17k.com/book/2743300.html", "http://www.17k.com/book/973809.html", "http://www.17k.com/book/2651367.html", "http://www.17k.com/book/2726194.html", "http://www.17k.com/book/2790214.html", "http://www.17k.com/book/493239.html", "http://www.17k.com/book/108821.html", "http://www.17k.com/book/1398783.html", "http://www.17k.com/book/83528.html", "http://www.17k.com/book/1859126.html", "http://www.17k.com/book/1741975.html", "http://www.17k.com/book/192453.html", "http://www.17k.com/book/2459058.html", "http://www.17k.com/book/1050747.html", "http://www.17k.com/book/2700315.html", "http://www.17k.com/book/2818940.html", "http://www.17k.com/book/2819519.html", "http://www.17k.com/book/2816390.html", "http://www.17k.com/book/2819588.html", "http://www.17k.com/book/2813768.html", "http://www.17k.com/book/2822406.html", "http://www.17k.com/book/2772164.html", "http://www.17k.com/book/2784023.html", "http://www.17k.com/book/2811877.html", "http://www.17k.com/book/2809119.html", "http://www.17k.com/book/2803700.html", "http://www.17k.com/book/2819561.html", "http://www.17k.com/book/2746506.html", "http://www.17k.com/book/2811836.html", "http://www.17k.com/book/2614810.html", "http://www.17k.com/book/1592435.html", "http://www.17k.com/book/1949748.html", "http://www.17k.com/book/2265802.html", "http://www.17k.com/book/2743240.html", "http://www.17k.com/book/2657437.html", "http://www.17k.com/book/2644502.html", "http://www.17k.com/book/2199900.html", "http://www.17k.com/book/2725436.html", "http://www.17k.com/book/2629978.html"]}