{"ratings": -1, "userreviews": [{"userName": "\u4f5c\u8005\u4e91\u6cea\u5929\u96e8", "userReviewDate": "2016-03-03", "userURL": "http://user.17k.com/2275184", "userReview": "\u54c8\u54c8\u54c8\uff0c\u4e24\u5929100\u4e07\u5b57\u7ec8\u4e8e\u4f20\u5b8c\u4e86\uff0c\u6b64\u65f6\u6b64\u523b\u6211\u7684\u5fc3\u60c5\u662f\u5d29\u6e83\u7684\u3002 \u65b0\u7684\u5f81\u7a0b\uff0c\u65b0\u7684**\uff0c\u65b0\u7684\u5f00\u59cb\uff0c\u8bf7\u5927\u5bb6\u8ddf\u968f\u53f6\u6668\u98ce\u8e0f\u4e0a\u51cc\u50b2\u4e5d\u5929\u7684\u5f81\u7a0b\uff0c\u811a\u8e0f\u82cd\u832b\u5927\u5730\uff0c\u6267\u638c\u4e07\u53e4\u82cd\u7a79\uff0c\u4e00\u4eba\u4e00\u5251\uff0c\u6210\u5c31\u516b\u8352\u5251\u795e\uff01 \u8bf8\u4f4d\uff0c\u5f52\u4f4d\u4e86\uff01\uff01\uff01"}, {"userName": "17K\u4e66\u53cb03b7n46q", "userReviewDate": "2018-06-08", "userURL": "http://user.17k.com/59992150", "userReview": "\u4f5c\u8005\u53f6\u6668\u98ce\u5462\uff1f\uff1f\uff1f\uff01\u600e\u4e48\u770b\u4e0d\u5230\u4e86\uff1f\uff1f\uff1f"}, {"userName": "17K\u4e66\u53cb03b7n46q", "userReviewDate": "2018-06-08", "userURL": "http://user.17k.com/59992150", "userReview": "\u53f6\u6668\u98ce\u5462\uff1f\uff1f\uff1f"}, {"userName": "17K\u4e66\u53cb6P0MP4L8", "userReviewDate": "2018-06-06", "userURL": "http://user.17k.com/61273239", "userReview": "\u3002\uff1f\uff1f\uff1f\uff01"}, {"userName": "17K\u4e66\u53cbt67czfav", "userReviewDate": "2018-06-06", "userURL": "http://user.17k.com/60172057", "userReview": "\uff1f\uff1f\uff1f\uff1f\uff1f"}, {"userName": "17K\u4e66\u53cb6P0MP4L8", "userReviewDate": "2018-06-05", "userURL": "http://user.17k.com/61273239", "userReview": "\u3002\u3002\u3002\u3002\u3002"}, {"userName": "17K\u4e66\u53cb6P0MP4L8", "userReviewDate": "2018-06-04", "userURL": "http://user.17k.com/61273239", "userReview": "\u3002\u3002\u3002\u3002\u3002"}, {"userName": "17K\u4e66\u53cb6P0MP4L8", "userReviewDate": "2018-06-04", "userURL": "http://user.17k.com/61273239", "userReview": "\u3002\u3002\u3002\u3002\u3002"}, {"userName": "17K\u4e66\u53cb6P0MP4L8", "userReviewDate": "2018-06-03", "userURL": "http://user.17k.com/61273239", "userReview": "\uff1f\uff1f\uff1f\uff1f\uff1f"}, {"userName": "17K\u4e66\u53cb6P0MP4L8", "userReviewDate": "2018-06-02", "userURL": "http://user.17k.com/61273239", "userReview": "\uff1f\uff1f\uff1f\uff1f\uff1f"}, {"userName": "\u5723\u9690\u5e1d\u5143", "userReviewDate": "2018-06-02", "userURL": "http://user.17k.com/57760595", "userReview": "\u7b7e\u5230\u652f\u6301\uff01"}, {"userName": "17K\u4e66\u53cb6P0MP4L8", "userReviewDate": "2018-06-01", "userURL": "http://user.17k.com/61273239", "userReview": "\u3002\u3002\u3002\u3002\u3002"}, {"userName": "17K\u4e66\u53cbt67czfav", "userReviewDate": "2018-06-01", "userURL": "http://user.17k.com/60172057", "userReview": "\uff1f\uff1f\uff1f\uff1f\uff1f\uff1f"}, {"userName": "17K\u4e66\u53cb6P0MP4L8", "userReviewDate": "2018-05-31", "userURL": "http://user.17k.com/61273239", "userReview": "\u3002\u3002\u3002\u3002\u3002"}, {"userName": "17K\u4e66\u53cb6P0MP4L8", "userReviewDate": "2018-05-30", "userURL": "http://user.17k.com/61273239", "userReview": "\u3002\u3002\u3002\u3002\u3002"}, {"userName": "17K\u4e66\u53cb6P0MP4L8", "userReviewDate": "2018-05-29", "userURL": "http://user.17k.com/61273239", "userReview": "\uff1f\uff1fii\u8fc7\uff0c\uff0c\uff0c\uff0c"}, {"userName": "17K\u4e66\u53cb6P0MP4L8", "userReviewDate": "2018-05-28", "userURL": "http://user.17k.com/61273239", "userReview": "i\uff1f\uff1f\uff1f\uff1f"}, {"userName": "17K\u4e66\u53cb6P0MP4L8", "userReviewDate": "2018-05-27", "userURL": "http://user.17k.com/61273239", "userReview": "\uff01\uff01\uff01\u70ed\u6c34\u5668"}, {"userName": "17K\u4e66\u53cb6P0MP4L8", "userReviewDate": "2018-05-26", "userURL": "http://user.17k.com/61273239", "userReview": "\uff1f\uff1f\uff1f\uff1f\uff1f"}, {"userName": "17K\u4e66\u53cb6P0MP4L8", "userReviewDate": "2018-05-24", "userURL": "http://user.17k.com/61273239", "userReview": "\uff1f\uff1f\uff1f\uff1f\uff1f"}], "description": "\u661f\u8fb0\u6f14\u5316\u5927\u9053\uff0c\u65e5\u6708\u7e41\u884d\u89c4\u5219\u3002\u5f3a\u8005\u65e0\u654c\u4e8e\u4e16\uff0c\u593a\u5929\u5730\u4e4b\u9020\u5316\u3002\u3000\u3000\u53f6\u6668\u98ce\u8eab\u8d1f\u795e\u79d8\u91d1\u8272\u8840\u6db2\uff0c\u878d\u5408\u566c\u795e\u4e4b\u8111\uff0c\u7ee7\u627f\u6052\u53e4\u4e0d\u673d\u610f\u5fd7\uff0c\u4e00\u5ff5\u4e07\u9aa8\u67af\uff0c\u4e00\u5251\u6ca7\u6d77\u5e73\uff0c\u4e00\u4eba\u4e00\u5251\u6a2a\u626b\u5929\u5730\u516b\u8352\uff0c\u6c14\u51cc\u4e07\u53e4\u82cd\u7a79\uff0c\u6210\u5c31\u516b\u8352\u5251\u795e\uff01\u3000\u3000\u4e91\u6cea\u5929\u96e8\u5fae\u4fe1\u516c\u4f17\u53f7\uff1aylty83", "title": "\u516b\u8352\u5251\u795e", "url": "http://www.17k.com/book/1724398.html", "average": -1.0, "cover": "http://img.17k.com/images/bookcover/2016/8621/43/1724398-1457273041000.jpg", "reviews": 99545006, "authors": [{"url": "http://www.17k.com/zuozhe/2275184", "name": "\u4e91\u6cea\u5929\u96e8"}], "type": ["\u4e1c\u65b9\u7384\u5e7b"], "outlinks": ["http://www.17k.com/book/2794982.html", "http://www.17k.com/book/2801292.html", "http://www.17k.com/book/2816318.html", "http://www.17k.com/book/2797575.html", "http://www.17k.com/book/2802516.html", "http://www.17k.com/book/2812195.html", "http://www.17k.com/book/2820143.html", "http://www.17k.com/book/2807943.html", "http://www.17k.com/book/2813457.html", "http://www.17k.com/book/2798058.html", "http://www.17k.com/book/2815617.html", "http://www.17k.com/book/2805259.html", "http://www.17k.com/book/2760255.html", "http://www.17k.com/book/2686894.html", "http://www.17k.com/book/2797016.html", "http://www.17k.com/book/2767246.html", "http://www.17k.com/book/2764239.html", "http://www.17k.com/book/2754498.html", "http://www.17k.com/book/2754900.html", "http://www.17k.com/book/2625740.html", "http://www.17k.com/book/2213315.html", "http://www.17k.com/book/2402178.html", "http://www.17k.com/book/2691221.html", "http://www.17k.com/book/2210699.html", "http://www.17k.com/book/1797752.html", "http://www.17k.com/book/2575507.html", "http://www.17k.com/book/2705181.html", "http://www.17k.com/book/2702539.html", "http://www.17k.com/book/2474887.html", "http://www.17k.com/book/2674733.html", "http://www.17k.com/book/2822076.html", "http://www.17k.com/book/2809894.html", "http://www.17k.com/book/2822077.html", "http://www.17k.com/book/2811930.html", "http://www.17k.com/book/2815548.html", "http://www.17k.com/book/2819620.html", "http://www.17k.com/book/2809964.html", "http://www.17k.com/book/2808200.html", "http://www.17k.com/book/2820100.html", "http://www.17k.com/book/2822978.html", "http://www.17k.com/book/2804337.html", "http://www.17k.com/book/2798814.html", "http://www.17k.com/book/2785153.html", "http://www.17k.com/book/2731559.html", "http://www.17k.com/book/2722533.html", "http://www.17k.com/book/2458377.html", "http://www.17k.com/book/2743300.html", "http://www.17k.com/book/973809.html", "http://www.17k.com/book/2651367.html", "http://www.17k.com/book/2726194.html", "http://www.17k.com/book/2790214.html", "http://www.17k.com/book/493239.html", "http://www.17k.com/book/108821.html", "http://www.17k.com/book/1398783.html", "http://www.17k.com/book/83528.html", "http://www.17k.com/book/1859126.html", "http://www.17k.com/book/1741975.html", "http://www.17k.com/book/192453.html", "http://www.17k.com/book/2459058.html", "http://www.17k.com/book/1050747.html", "http://www.17k.com/book/2700315.html", "http://www.17k.com/book/2818940.html", "http://www.17k.com/book/2819519.html", "http://www.17k.com/book/2816390.html", "http://www.17k.com/book/2819588.html", "http://www.17k.com/book/2813768.html", "http://www.17k.com/book/2822406.html", "http://www.17k.com/book/2772164.html", "http://www.17k.com/book/2784023.html", "http://www.17k.com/book/2811877.html", "http://www.17k.com/book/2809119.html", "http://www.17k.com/book/2803700.html", "http://www.17k.com/book/2819561.html", "http://www.17k.com/book/2746506.html", "http://www.17k.com/book/2811836.html", "http://www.17k.com/book/2614810.html", "http://www.17k.com/book/1592435.html", "http://www.17k.com/book/1949748.html", "http://www.17k.com/book/2265802.html", "http://www.17k.com/book/2743240.html", "http://www.17k.com/book/2657437.html", "http://www.17k.com/book/2644502.html", "http://www.17k.com/book/2199900.html", "http://www.17k.com/book/2725436.html", "http://www.17k.com/book/2629978.html"]}