{"ratings": -1, "userreviews": [{"userName": "\u6e05\u5982\u4ed9\u7d2b", "userReviewDate": "2018-05-20", "userURL": "http://user.17k.com/59645825", "userReview": "\u5bb6\u91cc\u5b69\u5b50\u751f\u75c5\u4e86\uff0c\u4e0d\u5f97\u5df2\uff0c\u65e9\u70b9\u5b8c\u7ed3\u4e86\u3002\u8bf7\u5927\u5bb6\u539f\u8c05\uff01\uff01\uff01"}, {"userName": "\u6e05\u5982\u4ed9\u7d2b", "userReviewDate": "2018-04-25", "userURL": "http://user.17k.com/59645825", "userReview": "\u6211\u7684\u5c0f\u8bf4\u6700\u8fd1\u76d7\u7248\u6bd4\u8f83\u591a\uff0c\u5e0c\u671b\u5927\u5bb6\u652f\u6301\u6b63\u7248\u3002"}, {"userName": "\u6e05\u5982\u4ed9\u7d2b", "userReviewDate": "2018-04-25", "userURL": "http://user.17k.com/59645825", "userReview": "\u7ed9\u81ea\u5df1\u70b9\u9f13\u52b1\uff0c\u52a0\u6cb9\u3002"}, {"userName": "\u6e05\u5982\u4ed9\u7d2b", "userReviewDate": "2018-04-25", "userURL": "http://user.17k.com/59645825", "userReview": "[\u6253\u8d4f]\u6211\u6253\u8d4f\u4e861\u4e2a'\u5c0f\u5fc3\u5fc3'\uff01\uff01"}, {"userName": "\u6e05\u5982\u4ed9\u7d2b", "userReviewDate": "2018-04-25", "userURL": "http://user.17k.com/59645825", "userReview": "[\u6253\u8d4f]\u6211\u6253\u8d4f\u4e861\u4e2a'\u9e21\u8840'\uff01\uff01"}, {"userName": "\u5996\u5200051518029", "userReviewDate": "2018-04-01", "userURL": "http://user.17k.com/56673695", "userReview": "\u5927\u59d0\u5c0f\u5f1f\u524d\u6765\u652f\u6301\u3002\u52a0\u6cb9"}, {"userName": "\u6e05\u5982\u4ed9\u7d2b", "userReviewDate": "2018-03-27", "userURL": "http://user.17k.com/59645825", "userReview": "\u6211\u73b0\u5728\u628a\u6211\u7684\u66f4\u65b0\u65f6\u95f4\u6539\u4e3a\u4e86\u6bcf\u5929\u7684\u4e94\u70b9\uff0c\u4e3a\u4e86\u66f4\u65b9\u4fbf\u5927\u5bb6\u7684\u9605\u8bfb\u3002"}, {"userName": "\u6e05\u5982\u4ed9\u7d2b", "userReviewDate": "2018-03-27", "userURL": "http://user.17k.com/59645825", "userReview": "\u6211\u7684\u5c0f\u8bf4\u91cc\u6709\u5f88\u591a\u7684\u51fa\u5176\u4e0d\u610f\uff0c\u4f60\u53ea\u6709\u770b\u5230\u6700\u540e\uff0c\u624d\u80fd\u89e3\u91ca\u6e05\u695a\uff0c\u6211\u5c0f\u8bf4\u91cc\u7684\u7591\u95ee\u8c1c\u56e2\uff0c\u4e5f\u8bb8\u6211\u7684\u6587\u7b14\u4e0d\u662f\u6700\u597d\u7684\uff0c\u4f46\u6211\u6545\u4e8b\u4e00\u5b9a\u4e0d\u4f1a\u8ba9\u4f60\u5931\u671b\u7684\uff01"}, {"userName": "\u5996\u5200051518029", "userReviewDate": "2018-03-25", "userURL": "http://user.17k.com/56673695", "userReview": "\u5927\u59d0\u5c0f\u5f1f\u524d\u6765\u652f\u6301\uff01"}, {"userName": "\u2462676103674", "userReviewDate": "2018-03-23", "userURL": "http://user.17k.com/58211743", "userReview": "\u5996\u4e8c\u4ee3\u6765\u5566\uff0c\u52a0\u6cb9(\u0e07 \u2022\u0300_\u2022\u0301)\u0e07\uff01"}, {"userName": "\u7a7a\u8c37\u7559\u60c5", "userReviewDate": "2018-03-22", "userURL": "http://user.17k.com/45016341", "userReview": "<a target='_blank' href='http://www.17k.com/book/2790998.html'>\u300a\u9738\u9053\u4e13\u5c5e\u300b</a>\u6765\u8bbf\u652f\u6301"}, {"userName": "\u6ca7\u6d77\u6d69\u7136", "userReviewDate": "2018-03-22", "userURL": "http://user.17k.com/58428158", "userReview": "[\u6253\u8d4f]\u6211\u6253\u8d4f\u4e862\u5143\u7ea2\u5305\uff01\uff01"}, {"userName": "\u4e91\u5c71\u63fd\u6708\u4eba", "userReviewDate": "2018-03-19", "userURL": "http://user.17k.com/38267891", "userReview": "\u5927\u4f5c\u5df2\u6536\u85cf\uff0c\u52a0\u6cb9"}, {"userName": "\u96e8\u4e2d\u7199\u7199", "userReviewDate": "2018-03-18", "userURL": "http://user.17k.com/57643495", "userReview": "<a target='_blank' href='http://www.17k.com/book/2672666.html'>\u300a\u4e24\u79e6\u76f8\u60a6\u300b</a>\u6765\u8bbf\uff0c\u652f\u6301\u5927\u5927\uff01"}, {"userName": "\u539f\u521d\u5e7b\u60f3\u4f4e\u9e23\u66f2", "userReviewDate": "2018-03-17", "userURL": "http://user.17k.com/53679359", "userReview": "\u770b\u4e00\u770b\u8f6c\u4e00\u8f6csay hi\uff5e(\u10e6\u309d\u25e1\u2579)\u30ce\u2661"}, {"userName": "zx687034474", "userReviewDate": "2018-03-17", "userURL": "http://user.17k.com/60416015", "userReview": "\u52a0\u6cb9\uff0c\u652f\u6301"}, {"userName": "\u6e05\u5982\u4ed9\u7d2b", "userReviewDate": "2018-03-16", "userURL": "http://user.17k.com/59645825", "userReview": "\u6211\u4f1a\u6bcf\u665a7\u70b9\u5de6\u53f3\u66f4\u65b0\uff0c\u6211\u4f1a\u5728\u90a3\u7b49\u7740\u4f60(\u2299o\u2299)\u54e6\uff01"}, {"userName": "\u6e05\u5982\u4ed9\u7d2b", "userReviewDate": "2018-03-15", "userURL": "http://user.17k.com/59645825", "userReview": "\u8c22\u8c22\uff0c\u5927\u5bb6\u7684\u652f\u6301\uff0c\u6211\u4e00\u5b9a\u66f4\u66f4\u66f4\u52a0\u7684\u52aa\u529b\u7684\uff01"}, {"userName": "\u795e\u7ecf\u75c5yi", "userReviewDate": "2018-03-15", "userURL": "http://user.17k.com/59507981", "userReview": "[\u6253\u8d4f]\u6211\u6253\u8d4f\u4e862\u5143\u7ea2\u5305\uff01\uff01"}, {"userName": "\u2462676103674", "userReviewDate": "2018-03-15", "userURL": "http://user.17k.com/58211743", "userReview": "\u52a0\u6cb9(\u0e07 \u2022\u0300_\u2022\u0301)\u0e07\uff01"}], "description": "\u4e25\u6d69\u5929\u4f60\u5bb3\u6b7b\u6211\u7684\u5b69\u5b50\uff0c\u6709\u4ec0\u4e48\u8d44\u683c\u6765\u7231\u6211\uff0c\u4f60\u4e0d\u914d\uff01\u9664\u975e\u4f60\u628a\u6211\u5b69\u5b50\u7684\u547d\u8fd8\u6765\uff01\u3000\u3000\u597d\uff0c\u7d2b\u5fc3\u53ea\u8981\u4f60\u80fd\u7231\u6211\uff0c\u62ff\u8d77\u5200\u523a\u5411\u81ea\u5df1\u2026\u2026", "title": "\u51b7\u5fc3\u840c\u59bb\u592a\u96be\u5ba0", "url": "http://www.17k.com/book/2772270.html", "average": -1.0, "cover": "http://img.17k.com/images/bookcover/2018/13861/69/2772270-1521110711000.jpg", "reviews": 2887, "authors": [{"url": "http://www.17k.com/zuozhe/59645825", "name": "\u6e05\u5982\u4ed9\u7d2b"}], "type": ["\u90fd\u5e02\u60c5\u7f18"], "outlinks": ["http://www.17k.com/book/2794982.html", "http://www.17k.com/book/2801292.html", "http://www.17k.com/book/2816318.html", "http://www.17k.com/book/2797575.html", "http://www.17k.com/book/2802516.html", "http://www.17k.com/book/2812195.html", "http://www.17k.com/book/2820143.html", "http://www.17k.com/book/2807943.html", "http://www.17k.com/book/2813457.html", "http://www.17k.com/book/2798058.html", "http://www.17k.com/book/2815617.html", "http://www.17k.com/book/2805259.html", "http://www.17k.com/book/2760255.html", "http://www.17k.com/book/2686894.html", "http://www.17k.com/book/2797016.html", "http://www.17k.com/book/2767246.html", "http://www.17k.com/book/2764239.html", "http://www.17k.com/book/2754498.html", "http://www.17k.com/book/2754900.html", "http://www.17k.com/book/2625740.html", "http://www.17k.com/book/2213315.html", "http://www.17k.com/book/2402178.html", "http://www.17k.com/book/2691221.html", "http://www.17k.com/book/2210699.html", "http://www.17k.com/book/1797752.html", "http://www.17k.com/book/2575507.html", "http://www.17k.com/book/2705181.html", "http://www.17k.com/book/2702539.html", "http://www.17k.com/book/2474887.html", "http://www.17k.com/book/2674733.html", "http://www.17k.com/book/2822076.html", "http://www.17k.com/book/2809894.html", "http://www.17k.com/book/2822077.html", "http://www.17k.com/book/2811930.html", "http://www.17k.com/book/2815548.html", "http://www.17k.com/book/2819620.html", "http://www.17k.com/book/2809964.html", "http://www.17k.com/book/2808200.html", "http://www.17k.com/book/2820100.html", "http://www.17k.com/book/2822978.html", "http://www.17k.com/book/2804337.html", "http://www.17k.com/book/2798814.html", "http://www.17k.com/book/2785153.html", "http://www.17k.com/book/2731559.html", "http://www.17k.com/book/2722533.html", "http://www.17k.com/book/2458377.html", "http://www.17k.com/book/2743300.html", "http://www.17k.com/book/973809.html", "http://www.17k.com/book/2651367.html", "http://www.17k.com/book/2726194.html", "http://www.17k.com/book/2790214.html", "http://www.17k.com/book/493239.html", "http://www.17k.com/book/108821.html", "http://www.17k.com/book/1398783.html", "http://www.17k.com/book/83528.html", "http://www.17k.com/book/1859126.html", "http://www.17k.com/book/1741975.html", "http://www.17k.com/book/192453.html", "http://www.17k.com/book/2459058.html", "http://www.17k.com/book/1050747.html", "http://www.17k.com/book/2700315.html", "http://www.17k.com/book/2818940.html", "http://www.17k.com/book/2819519.html", "http://www.17k.com/book/2816390.html", "http://www.17k.com/book/2819588.html", "http://www.17k.com/book/2813768.html", "http://www.17k.com/book/2822406.html", "http://www.17k.com/book/2772164.html", "http://www.17k.com/book/2784023.html", "http://www.17k.com/book/2811877.html", "http://www.17k.com/book/2809119.html", "http://www.17k.com/book/2803700.html", "http://www.17k.com/book/2819561.html", "http://www.17k.com/book/2746506.html", "http://www.17k.com/book/2811836.html", "http://www.17k.com/book/2614810.html", "http://www.17k.com/book/1592435.html", "http://www.17k.com/book/1949748.html", "http://www.17k.com/book/2265802.html", "http://www.17k.com/book/2743240.html", "http://www.17k.com/book/2657437.html", "http://www.17k.com/book/2644502.html", "http://www.17k.com/book/2199900.html", "http://www.17k.com/book/2725436.html", "http://www.17k.com/book/2629978.html"]}