{"ratings": -1, "userreviews": [{"userName": "\u89c2\u68cb", "userReviewDate": "2017-05-19", "userURL": "http://user.17k.com/38917527", "userReview": "\u9f99\u5957\u697c\uff0c\u5fae\u4fe1\u8d34\u5427\u4e0a\uff0c\u5927\u5bb6\u7559\u4e86\u9f99\u5957\u697c\uff0c\u89c2\u68cb\u5b58\u7a3f\u4e2d\u7528\u4e86\u4e00\u4e9b\u3002\u4f46\u4e0d\u591a\u3002\u5728\u6b64\u91cd\u8bbe\u9f99\u5957\u697c\uff0c\u6709\u9700\u8981\u7684\u524d\u6765\u9762\u8bd5\u554a\u3002\u73b0\u5728\uff0c\u6025\u7f3a\u7684\u5bb6\u65cf\u9f99\u5957\u6709\uff0c\u5b34\u6c0f\u3001\u53f6\u8d6b\u6c0f\u3001\u59dc\u6c0f\u3001\u5468\u6c0f\u3002\u8fd8\u6709\u5176\u5b83\u540d\u5b57\u7684\uff0c\u4e5f\u53ef\u4ee5\u9762\u8bd5\u54c8\uff01\u6b22\u8fce\u6b22\u8fce\uff01"}, {"userName": "\u89c2\u68cb", "userReviewDate": "2017-05-19", "userURL": "http://user.17k.com/38917527", "userReview": "\u5927\u5bb6\u597d\uff0c\u6211\u662f\u89c2\u68cb\uff0c\u611f\u8c22\u652f\u6301\u65b0\u4e66\u51cc\u9704\u4e4b\u4e0a\u3002\u65b0\u4e66\u7b79\u5907\u51e0\u4e2a\u6708\uff0c\u4e2d\u9014\u5220\u4e86\u51e0\u4e2a\u7248\u672c\uff0c\u6700\u65b0\u7248\u672c\uff0c\u4e0e\u5927\u5bb6\u89c1\u9762\u4e86\uff0c\u5e0c\u671b\u5927\u5bb6\u591a\u591a\u5173\u7167\u3002"}, {"userName": "\u79cb\u5929620196823", "userReviewDate": "2018-06-08", "userURL": "http://user.17k.com/59472569", "userReview": "123456"}, {"userName": "\u7fbd\u5341\u4e09\u90ce", "userReviewDate": "2018-06-08", "userURL": "http://user.17k.com/54385301", "userReview": "\u7fbd\u5341\u4e09\u90ce\u643a\u53e4\u5178\u4ed9\u4fa0<a target='_blank' href='http://www.17k.com/book/2828857.html'>\u300a\u6843\u5251\u7b11\u6625\u98ce\u300b</a>\u501f\u8d35\u5730\u4e00\u63a8\uff0c\u62dc\u6c42\u652f\u6301\uff01"}, {"userName": "\u5566\u5566\u5566055777318", "userReviewDate": "2018-06-08", "userURL": "http://user.17k.com/55805093", "userReview": "\u89c2\u5927\u52a0\u6cb9\uff5e"}, {"userName": "\u6587\u5eb7727666122", "userReviewDate": "2018-06-08", "userURL": "http://user.17k.com/55741145", "userReview": "\u5f88\u4e0d\u9519\uff0c\u63a8\u8350"}, {"userName": "\u6267\u5ff5140724058", "userReviewDate": "2018-06-08", "userURL": "http://user.17k.com/48676219", "userReview": "\u7b7e\u5230\u4efb\u52a1\u5b8c\u6210"}, {"userName": "\u6211\u662f\u5b88\u6052", "userReviewDate": "2018-06-08", "userURL": "http://user.17k.com/38933598", "userReview": "\u5927\u5bb6\u65e9\u4e0a\u597d"}, {"userName": "\u611a\u62d9094446675", "userReviewDate": "2018-06-07", "userURL": "http://user.17k.com/55290184", "userReview": "\u5566\u5566\u5566\u5566\u5566"}, {"userName": "\u5165\u4e91\u3001\u6816", "userReviewDate": "2018-06-07", "userURL": "http://user.17k.com/55466883", "userReview": "\u4f60\u4e0d\u6562\u53d1\u7684"}, {"userName": "ziyu366658516", "userReviewDate": "2018-06-07", "userURL": "http://user.17k.com/56471511", "userReview": "\u505a\u4efb\u52a1\u7684\u5b8c\u6210\u4e86"}, {"userName": "\u5de6\u6c0f\u5c0f\u732a", "userReviewDate": "2018-06-07", "userURL": "http://user.17k.com/33807972", "userReview": "\u5b66**\u8fd9\u5199\u4f5c\u624b\u7b14"}, {"userName": "\u542c\u98ce\u5fc6\u666f", "userReviewDate": "2018-06-07", "userURL": "http://user.17k.com/32279628", "userReview": "\u54af\u5c31\u90a3\u4e48\u997f\u4e86\u865e\u59ec\uff0c\u4e0a\u6211\u5bb6"}, {"userName": "17k_123575846285", "userReviewDate": "2018-06-07", "userURL": "http://user.17k.com/56657005", "userReview": "\u522b\u7684\u4ec0\u4e48\u5427\u3002"}, {"userName": "\u5566\u5566\u5566055777318", "userReviewDate": "2018-06-07", "userURL": "http://user.17k.com/55805093", "userReview": "\u6bcf\u65e5\u7b7e\u5230\uff0c\u89c2\u5927\u52a0\u6cb9"}, {"userName": "\u6267\u5ff5140724058", "userReviewDate": "2018-06-07", "userURL": "http://user.17k.com/48676219", "userReview": "\u7b7e\u5230\u4efb\u52a1\u5b8c\u6210"}, {"userName": "\u6211\u662f\u5b88\u6052", "userReviewDate": "2018-06-07", "userURL": "http://user.17k.com/38933598", "userReview": "\u5927\u5bb6\u65e9\u4e0a\u597d"}, {"userName": "17K\u4e66\u53cb4drwgvgh", "userReviewDate": "2018-06-07", "userURL": "http://user.17k.com/58052223", "userReview": "7890654"}, {"userName": "\u5165\u4e91\u3001\u6816", "userReviewDate": "2018-06-06", "userURL": "http://user.17k.com/55466883", "userReview": "\u770b\u5230\u4f60\u7684\u670b\u53cb\u5708"}, {"userName": "Allen\u3042", "userReviewDate": "2018-06-06", "userURL": "http://user.17k.com/62514618", "userReview": "[\u6253\u8d4f]\u6211\u6253\u8d4f\u4e861\u5143\u7ea2\u5305\uff01\uff01"}], "description": "\u738b\u96c4\u89c9\u9192\u524d\u4e16\u8bb0\u5fc6\uff0c\u91cd\u638c\u4eba\u95f4\u6743\u67c4\uff0c\u643a\u5343\u519b\u4e07\u9a6c\uff0c\u53d1\u5927\u6740\u673a\uff0c\u91cd\u8e6c\u4ed9\u754c\u65e7\u5730\uff0c\u5f81\u4f10\u56db\u65b9\u4ed9\u795e\uff0c\u6597\u8f6c\u661f\u79fb\uff0c\u5929\u7ffb\u5730\u8986\uff01\u3000\u3000-------\u3000\u3000\u5927\u5bb6\u53ef\u4ee5\u52a0\u6211\u7684\u5fae\u4fe1\u516c\u4f17\u53f7\uff1aaiguanqi\u3000\u3000\u5fae\u4fe1\u516c\u4f17\u53f7\u4e0a\u6709\u89c2\u68cb\u7684\u6240\u6709\u5c0f\u8bf4\uff0c\u6709\u5927\u5bb6\u7684\u8bc4\u8bba\u533a\uff0c\u6709\u89c2\u68cb\u7684QQ\uff0c\u89c2\u68cb\u7684QQ\u7fa4\uff0c\u6709\u5174\u8da3\u7684\u670b\u53cb\uff0c\u8bf7\u52a0\u5fae\u4fe1\u516c\u4f17\u53f7\u3002", "title": "\u51cc\u9704\u4e4b\u4e0a", "url": "http://www.17k.com/book/2469390.html", "average": -1.0, "cover": "http://img.17k.com/images/bookcover/2017/12346/61/2469390-1495161503000.jpg", "reviews": 13385875, "authors": [{"url": "http://www.17k.com/zuozhe/38917527", "name": "\u89c2\u68cb"}], "type": ["\u53e4\u5178\u4ed9\u4fa0"], "outlinks": ["http://www.17k.com/book/2794982.html", "http://www.17k.com/book/2801292.html", "http://www.17k.com/book/2816318.html", "http://www.17k.com/book/2797575.html", "http://www.17k.com/book/2802516.html", "http://www.17k.com/book/2812195.html", "http://www.17k.com/book/2820143.html", "http://www.17k.com/book/2807943.html", "http://www.17k.com/book/2813457.html", "http://www.17k.com/book/2798058.html", "http://www.17k.com/book/2815617.html", "http://www.17k.com/book/2805259.html", "http://www.17k.com/book/2760255.html", "http://www.17k.com/book/2686894.html", "http://www.17k.com/book/2797016.html", "http://www.17k.com/book/2767246.html", "http://www.17k.com/book/2764239.html", "http://www.17k.com/book/2754498.html", "http://www.17k.com/book/2754900.html", "http://www.17k.com/book/2625740.html", "http://www.17k.com/book/2213315.html", "http://www.17k.com/book/2402178.html", "http://www.17k.com/book/2691221.html", "http://www.17k.com/book/2210699.html", "http://www.17k.com/book/1797752.html", "http://www.17k.com/book/2575507.html", "http://www.17k.com/book/2705181.html", "http://www.17k.com/book/2702539.html", "http://www.17k.com/book/2474887.html", "http://www.17k.com/book/2674733.html", "http://www.17k.com/book/2822076.html", "http://www.17k.com/book/2809894.html", "http://www.17k.com/book/2822077.html", "http://www.17k.com/book/2811930.html", "http://www.17k.com/book/2815548.html", "http://www.17k.com/book/2819620.html", "http://www.17k.com/book/2809964.html", "http://www.17k.com/book/2808200.html", "http://www.17k.com/book/2820100.html", "http://www.17k.com/book/2822978.html", "http://www.17k.com/book/2804337.html", "http://www.17k.com/book/2798814.html", "http://www.17k.com/book/2785153.html", "http://www.17k.com/book/2731559.html", "http://www.17k.com/book/2722533.html", "http://www.17k.com/book/2458377.html", "http://www.17k.com/book/2743300.html", "http://www.17k.com/book/973809.html", "http://www.17k.com/book/2651367.html", "http://www.17k.com/book/2726194.html", "http://www.17k.com/book/2790214.html", "http://www.17k.com/book/493239.html", "http://www.17k.com/book/108821.html", "http://www.17k.com/book/1398783.html", "http://www.17k.com/book/83528.html", "http://www.17k.com/book/1859126.html", "http://www.17k.com/book/1741975.html", "http://www.17k.com/book/192453.html", "http://www.17k.com/book/2459058.html", "http://www.17k.com/book/1050747.html", "http://www.17k.com/book/2700315.html", "http://www.17k.com/book/2818940.html", "http://www.17k.com/book/2819519.html", "http://www.17k.com/book/2816390.html", "http://www.17k.com/book/2819588.html", "http://www.17k.com/book/2813768.html", "http://www.17k.com/book/2822406.html", "http://www.17k.com/book/2772164.html", "http://www.17k.com/book/2784023.html", "http://www.17k.com/book/2811877.html", "http://www.17k.com/book/2809119.html", "http://www.17k.com/book/2803700.html", "http://www.17k.com/book/2819561.html", "http://www.17k.com/book/2746506.html", "http://www.17k.com/book/2811836.html", "http://www.17k.com/book/2614810.html", "http://www.17k.com/book/1592435.html", "http://www.17k.com/book/1949748.html", "http://www.17k.com/book/2265802.html", "http://www.17k.com/book/2743240.html", "http://www.17k.com/book/2657437.html", "http://www.17k.com/book/2644502.html", "http://www.17k.com/book/2199900.html", "http://www.17k.com/book/2725436.html", "http://www.17k.com/book/2629978.html"]}