{"ratings": -1, "userreviews": [{"userName": "\u53ef\u4e50535164049", "userReviewDate": "2018-06-07", "userURL": "http://user.17k.com/62584512", "userReview": "\u4e00\u770b\u5c31\u559c\u6b22\u4e0a\u4e86\uff0c\u5fc5\u8ffd\u5c0f\u8bf4\uff01\u63a8\u8350\u5927\u5bb6\u770b\uff01"}, {"userName": "17K\u4e66\u53cb0XB58SMZ", "userReviewDate": "2018-06-06", "userURL": "http://user.17k.com/62582822", "userReview": "[\u6253\u8d4f]\u6211\u6253\u8d4f\u4e861\u4e2a'\u5c0f\u5fc3\u5fc3'\uff01\uff01"}, {"userName": "17K\u4e66\u53cb0XB58SMZ", "userReviewDate": "2018-06-06", "userURL": "http://user.17k.com/62582822", "userReview": "\u6ca1\u4e66\u770b\u4e86\uff0c\u95f2\u901b\u770b\u5230\u4e86\u8fd9\u672c\uff0c\u8bd5\u7740\u770b\u4e86\u4e00\u4e0b\uff0c\u8fd8\u4e0d\u9519\uff0c\u65b0\u4eba\u5199\u5403\u6210\u8fd9\u6837\uff0c\u5e94\u8be5\u5f88\u52aa\u529b\uff0c\u652f\u6301\u4e00\u4e0b\uff01"}, {"userName": "\u98ce\u4e91\u6668\u9038&#55356;&#57155;", "userReviewDate": "2018-06-06", "userURL": "http://user.17k.com/62582716", "userReview": "\u563f\u563f\uff0c\u597d\u4e66\uff0c\u5c0f\u53f7\u4e5f\u652f\u6301\u4e00\u4e0b\uff01"}, {"userName": "a'\u309e \u6668\u9038Q2420\u2026", "userReviewDate": "2018-06-06", "userURL": "http://user.17k.com/62582601", "userReview": "\u5feb\u66f4\uff0c\u5feb\u66f4\uff0c\u5f88\u68d2\uff0c\u6b63\u597d\u4e66\u8352\u4e86\uff0c\u5c31\u8ffd\u8fd9\u4e2a\u4e86\u3002"}, {"userName": "\u6d6a\u5317\u79bb\u522b\u610f", "userReviewDate": "2018-06-06", "userURL": "http://user.17k.com/62575644", "userReview": "[\u6253\u8d4f]\u6211\u6253\u8d4f\u4e861\u4e2a'\u5c0f\u5fc3\u5fc3'\uff01\uff01"}, {"userName": "\u6d6a\u5317\u79bb\u522b\u610f", "userReviewDate": "2018-06-06", "userURL": "http://user.17k.com/62575644", "userReview": "\u5f88\u6709\u8fde\u8d2f\u6027\uff0c\u5f88\u4e0d\u9519\u7684\u4e00\u90e8\u5c0f\u8bf4\uff0c\u5c31\u662f\u521a\u5f00\u59cb\u5199\uff0c\u8fd8\u6ca1\u770b\u4e0a\u763e\uff0c\u5c31\u6ca1\u4e86\uff0c\u5e0c\u671b\u4f5c\u8005\u5feb\u70b9\u66f4\u65b0\u3002"}, {"userName": "\u516c\u5b50\u4e16\u65e0\u53cc.710731758", "userReviewDate": "2018-06-06", "userURL": "http://user.17k.com/62575604", "userReview": "\u4e00\u4e2a\u840c\u65b0\u80fd\u5199\u51fa\u8fd9\u79cd\u6c34\u51c6\uff0c\u8fd8\u662f\u4e0d\u9519\u7684\uff0c\u63a8\u8350\u5927\u5bb6\u770b\u3002"}, {"userName": "\u5bd2\u95e8\u9b3c\u7b14\u4e66\u751f", "userReviewDate": "2018-06-06", "userURL": "http://user.17k.com/62471834", "userReview": "[\u6253\u8d4f]\u6211\u6253\u8d4f\u4e866\u5143\u7ea2\u5305\uff01\uff01"}], "description": "\u795e\u754c\u4e4b\u4e0b\uff0c\u65b9\u4e3a\u5723\u754c\uff0c\u5723\u754c\u4e4b\u4e0b\uff0c\u4e43\u4eba\u754c\uff0c\u4eba\u754c\u4e5d\u57df\uff0c\u4e2d\u57df\u4e3a\u9996\uff0c\u4e00\u57df\u767e\u56fd\uff0c\u56fd\u5206\u6570\u90e1\u3002\u3000\u3000\u770b\u5c11\u5e74\u5982\u4f55\u811a\u8e0f\u5b9e\u5730\uff0c\u4e00\u6b65\u4e00\u6b65\uff0c\u8d70\u5230\u5dc5\u5cf0\u3002\u3000\u3000(\u65b0\u4e66\u65b0\u4eba\uff0c\u65b0\u7684\u98ce\u683c\uff0c\u6b22\u8fce\u5404\u5927\u5e73\u53f0\u4e66\u53cb\u9605\u8bfb\u3002\uff09\u3000\u3000\uff3b\u8bf8\u541b\uff0c\u5411\u73b0\u5728\u7684\u7384\u5e7b\u4fee\u771f\u754c\u62d4\u5251\u5427\uff01\uff3d", "title": "\u51e1\u4fee\u5e1d\u5c0a", "url": "http://www.17k.com/book/2834374.html", "average": -1.0, "cover": "http://img.17k.com/images/bookcover/default_cover1.jpg", "reviews": 75, "authors": [{"url": "http://www.17k.com/zuozhe/62471834", "name": "\u5bd2\u95e8\u9b3c\u7b14\u4e66\u751f"}], "type": ["\u5f02\u754c\u5927\u9646"], "outlinks": ["http://www.17k.com/book/2794982.html", "http://www.17k.com/book/2801292.html", "http://www.17k.com/book/2816318.html", "http://www.17k.com/book/2797575.html", "http://www.17k.com/book/2802516.html", "http://www.17k.com/book/2812195.html", "http://www.17k.com/book/2820143.html", "http://www.17k.com/book/2807943.html", "http://www.17k.com/book/2813457.html", "http://www.17k.com/book/2798058.html", "http://www.17k.com/book/2815617.html", "http://www.17k.com/book/2805259.html", "http://www.17k.com/book/2760255.html", "http://www.17k.com/book/2686894.html", "http://www.17k.com/book/2797016.html", "http://www.17k.com/book/2767246.html", "http://www.17k.com/book/2764239.html", "http://www.17k.com/book/2754498.html", "http://www.17k.com/book/2754900.html", "http://www.17k.com/book/2625740.html", "http://www.17k.com/book/2213315.html", "http://www.17k.com/book/2402178.html", "http://www.17k.com/book/2691221.html", "http://www.17k.com/book/2210699.html", "http://www.17k.com/book/1797752.html", "http://www.17k.com/book/2575507.html", "http://www.17k.com/book/2705181.html", "http://www.17k.com/book/2702539.html", "http://www.17k.com/book/2474887.html", "http://www.17k.com/book/2674733.html", "http://www.17k.com/book/2822076.html", "http://www.17k.com/book/2809894.html", "http://www.17k.com/book/2822077.html", "http://www.17k.com/book/2811930.html", "http://www.17k.com/book/2815548.html", "http://www.17k.com/book/2819620.html", "http://www.17k.com/book/2809964.html", "http://www.17k.com/book/2808200.html", "http://www.17k.com/book/2820100.html", "http://www.17k.com/book/2822978.html", "http://www.17k.com/book/2804337.html", "http://www.17k.com/book/2798814.html", "http://www.17k.com/book/2785153.html", "http://www.17k.com/book/2731559.html", "http://www.17k.com/book/2722533.html", "http://www.17k.com/book/2458377.html", "http://www.17k.com/book/2743300.html", "http://www.17k.com/book/973809.html", "http://www.17k.com/book/2651367.html", "http://www.17k.com/book/2726194.html", "http://www.17k.com/book/2790214.html", "http://www.17k.com/book/493239.html", "http://www.17k.com/book/108821.html", "http://www.17k.com/book/1398783.html", "http://www.17k.com/book/83528.html", "http://www.17k.com/book/1859126.html", "http://www.17k.com/book/1741975.html", "http://www.17k.com/book/192453.html", "http://www.17k.com/book/2459058.html", "http://www.17k.com/book/1050747.html", "http://www.17k.com/book/2700315.html", "http://www.17k.com/book/2818940.html", "http://www.17k.com/book/2819519.html", "http://www.17k.com/book/2816390.html", "http://www.17k.com/book/2819588.html", "http://www.17k.com/book/2813768.html", "http://www.17k.com/book/2822406.html", "http://www.17k.com/book/2772164.html", "http://www.17k.com/book/2784023.html", "http://www.17k.com/book/2811877.html", "http://www.17k.com/book/2809119.html", "http://www.17k.com/book/2803700.html", "http://www.17k.com/book/2819561.html", "http://www.17k.com/book/2746506.html", "http://www.17k.com/book/2811836.html", "http://www.17k.com/book/2614810.html", "http://www.17k.com/book/1592435.html", "http://www.17k.com/book/1949748.html", "http://www.17k.com/book/2265802.html", "http://www.17k.com/book/2743240.html", "http://www.17k.com/book/2657437.html", "http://www.17k.com/book/2644502.html", "http://www.17k.com/book/2199900.html", "http://www.17k.com/book/2725436.html", "http://www.17k.com/book/2629978.html"]}