{"ratings": -1, "userreviews": [{"userName": "\u65f6\u5149\u6df1\u5df7\u5c11\u5973\u4e0e\u732bi&#55356;&#57270;", "userReviewDate": "2017-07-23", "userURL": "http://user.17k.com/53682042", "userReview": "\u672c\u4e66\u9605\u542c\u9996\u53d1\uff0c\u6211\u5148\u8bf4\u4e00\u4e0b\u3002"}, {"userName": "\u6f3e\u9761\u6d9f\u6f2a", "userReviewDate": "2017-07-03", "userURL": "http://user.17k.com/54867423", "userReview": "\u4e0d\u9519\uff0c\u4e0d\u9519"}], "description": "\u4e00\u671d\u7a7f\u8d8a\u4e3a\u5ae1\u5973\u7684\u5979\uff0c\u672c\u6765\u662f\u9f0e\u9f0e\u6709\u540d\u7684\u6740\u624b\uff0c\u5374\u56e0\u670b\u53cb\u800c\u6b7b\uff0c\u53ef\u7b11\uff0c\u5979\u8fd8\u662f\u592a\u5929\u771f\u4e86\u3002\u3000\u3000\u5979\u51e4\u5e9c\u5ae1\u5973\u51e4\u503e\u8776\u672c\u8be5\u662f\u4e07\u5343\u8363\u5ba0\uff0c\u53ef\u60dc\u8eab\u4e3a\u5e9f\u7269\uff0c\u4e11\u989c\u6d41\u653e\u5728\u5916\uff0c\u53d7\u5c3d\u5eb6\u5973\u6b3a\u51cc\uff0c\u5374\u4e0d\u76f4\u8a00\u4e0d\u8bb3\u3002\u3000\u3000\u5979\u7a7f\u8d8a\u4e3a\u5979\uff0c\u4e00\u5207\u90fd\u53d8\u4e86\uff0c\u4ec0\u4e48\u5eb6\u5973\uff0c\u59e8\u5a18\uff0c\u6e23\u7537\uff0c\u5979\u53c8\u6709\u4f55\u4ff1\uff0c\u6765\u4e00\u4e2a\u63cd\u4e00\u4e2a\u3002\u3000\u3000\u5979\u62e5\u6709\u795e\u517d\u65f6\uff0c\u8ba9\u4eba\u7fa1\u6155\u5ac9\u5992\u6068\u3002\u3000\u3000\u4ed6\u4e00\u540d\u8ba9\u767e\u59d3\u4e2a\u4e2a\u60ca\u614c\u5931\u63aa\u7684\u4eba\u7269\uff0c\u521d\u6b21\u89c1\u9762\u4ed6\u5374\u7231\u4e0a\u4e86\u5979\uff0c\u4e3a\u5979\u6e21\u8fc7\u6240\u6709\u52ab\u96be\u3002\u3000\u3000\u4ed6\u51f0\u5317\u591c\u4e00\u751f\u53ea\u5728\u4e4e\u5979\uff0c\u6709\u5979\u6709\u6211\uff0c\u65e0\u5979\u4fbf\u65e0\u6211\uff0c\u5bf9\u5979\u8bb8\u4e0b\u8bfa\u8a00\u4e00\u751f\u4e00\u4e16\u4e00\u53cc\u4eba\uff0c\u6b64\u60c5\u53ef\u5f85\u6210\u8ffd\u5fc6\uff0c\u4e00\u5f26\u4e00\u67f1\u601d\u534e\u5e74\u3002\u3000\u3000\u4f5c\u8005\u7559\u8a00:\u4e0d\u559c\u52ff\u55b7\u3000\u3000\u65b0\u4e66:\u5996\u5b7d\u5973\u513f:\u5e9f\u67f4\u5a18\u4eb2\uff0c\u5e0c\u671b\u5927\u5bb6\u591a\u591a\u652f\u6301\u3002\u3000\u3000QQ2539327683", "title": "\u51e4\u821e\u4e5d\u5929\u8179\u9ed1\u5927\u5c0f\u59d0", "url": "http://www.17k.com/book/2496207.html", "average": -1.0, "cover": "http://img.17k.com/images/bookcover/default_cover1.jpg", "reviews": 2319, "authors": [{"url": "http://www.17k.com/zuozhe/53682042", "name": "\u51e4\u503e\u8776"}], "type": ["\u7a7f\u8d8a\u65f6\u7a7a"], "outlinks": ["http://www.17k.com/book/2794982.html", "http://www.17k.com/book/2801292.html", "http://www.17k.com/book/2816318.html", "http://www.17k.com/book/2797575.html", "http://www.17k.com/book/2802516.html", "http://www.17k.com/book/2812195.html", "http://www.17k.com/book/2820143.html", "http://www.17k.com/book/2807943.html", "http://www.17k.com/book/2813457.html", "http://www.17k.com/book/2798058.html", "http://www.17k.com/book/2815617.html", "http://www.17k.com/book/2805259.html", "http://www.17k.com/book/2760255.html", "http://www.17k.com/book/2686894.html", "http://www.17k.com/book/2797016.html", "http://www.17k.com/book/2767246.html", "http://www.17k.com/book/2764239.html", "http://www.17k.com/book/2754498.html", "http://www.17k.com/book/2754900.html", "http://www.17k.com/book/2625740.html", "http://www.17k.com/book/2213315.html", "http://www.17k.com/book/2402178.html", "http://www.17k.com/book/2691221.html", "http://www.17k.com/book/2210699.html", "http://www.17k.com/book/1797752.html", "http://www.17k.com/book/2575507.html", "http://www.17k.com/book/2705181.html", "http://www.17k.com/book/2702539.html", "http://www.17k.com/book/2474887.html", "http://www.17k.com/book/2674733.html", "http://www.17k.com/book/2822076.html", "http://www.17k.com/book/2809894.html", "http://www.17k.com/book/2822077.html", "http://www.17k.com/book/2811930.html", "http://www.17k.com/book/2815548.html", "http://www.17k.com/book/2819620.html", "http://www.17k.com/book/2809964.html", "http://www.17k.com/book/2808200.html", "http://www.17k.com/book/2820100.html", "http://www.17k.com/book/2822978.html", "http://www.17k.com/book/2804337.html", "http://www.17k.com/book/2798814.html", "http://www.17k.com/book/2785153.html", "http://www.17k.com/book/2731559.html", "http://www.17k.com/book/2722533.html", "http://www.17k.com/book/2458377.html", "http://www.17k.com/book/2743300.html", "http://www.17k.com/book/973809.html", "http://www.17k.com/book/2651367.html", "http://www.17k.com/book/2726194.html", "http://www.17k.com/book/2790214.html", "http://www.17k.com/book/493239.html", "http://www.17k.com/book/108821.html", "http://www.17k.com/book/1398783.html", "http://www.17k.com/book/83528.html", "http://www.17k.com/book/1859126.html", "http://www.17k.com/book/1741975.html", "http://www.17k.com/book/192453.html", "http://www.17k.com/book/2459058.html", "http://www.17k.com/book/1050747.html", "http://www.17k.com/book/2700315.html", "http://www.17k.com/book/2818940.html", "http://www.17k.com/book/2819519.html", "http://www.17k.com/book/2816390.html", "http://www.17k.com/book/2819588.html", "http://www.17k.com/book/2813768.html", "http://www.17k.com/book/2822406.html", "http://www.17k.com/book/2772164.html", "http://www.17k.com/book/2784023.html", "http://www.17k.com/book/2811877.html", "http://www.17k.com/book/2809119.html", "http://www.17k.com/book/2803700.html", "http://www.17k.com/book/2819561.html", "http://www.17k.com/book/2746506.html", "http://www.17k.com/book/2811836.html", "http://www.17k.com/book/2614810.html", "http://www.17k.com/book/1592435.html", "http://www.17k.com/book/1949748.html", "http://www.17k.com/book/2265802.html", "http://www.17k.com/book/2743240.html", "http://www.17k.com/book/2657437.html", "http://www.17k.com/book/2644502.html", "http://www.17k.com/book/2199900.html", "http://www.17k.com/book/2725436.html", "http://www.17k.com/book/2629978.html"]}