{"ratings": -1, "userreviews": [{"userName": "\u7d2b\u8559\u8559", "userReviewDate": "2018-03-01", "userURL": "http://user.17k.com/54596030", "userReview": "\u652f\u6301\uff01"}, {"userName": "\u661f\u7a7a\u591c\u68a6\u58f9", "userReviewDate": "2018-01-16", "userURL": "http://user.17k.com/58116533", "userReview": "\u5927\u5927\u65e9\u4e0a\u597d\uff01\u661f\u7a7a\u65e9\u8bfb\u652f\u6301\u597d\u4e66\uff0c\u795d\u4f60\u521b\u4f5c\u5feb\u4e50\uff01\u7ea2\u7ea2\u706b\u706b"}, {"userName": "\u672a\u6765\u8001\u9f20", "userReviewDate": "2018-01-14", "userURL": "http://user.17k.com/46396493", "userReview": "\u5927\u5927\u52a0\u6cb9\uff0c\u7801\u5b57\u4e0d\u6613\uff0c\u9c9c\u82b1\u9001\u4e0a<a target='_blank' href='http://www.17k.com/book/2725309.html'>\u300a\u534a\u7c73\u9633\u5149\u84dd\u5c71\u5357\u300b</a>\u6765\u8bbf"}, {"userName": "\u661f\u7a7a\u591c\u68a6\u58f9", "userReviewDate": "2018-01-11", "userURL": "http://user.17k.com/58116533", "userReview": "\u7eb3\u5170\u5927\u5927\u665a\u4e0a\u597d\u5566\uff01\u795d\u4f60\u521b\u4f5c\u5feb\u4e50\u554a\uff01\u4f60\u7684\u5927\u4f5c\u975e\u5e38\u4e0d\u9519\uff0c\u5f88\u6709\u770b\u5934\u5662\uff0c\u503c\u5f97\u7ec6\u7ec6\u54c1\u8bfb\u3002\u5e0c\u671b\u4f60\u518d\u63a5\u518d\u5389\uff0c\u52c7\u521b\u4f73\u7ee9\u5566\uff01\u671f\u5f85\u4f60\u7684\u5927\u4f5c\u80fd\u591f\u65e9\u65e5\u7b7e\u7ea6\u6210\u529f\uff01\u661f\u7a7a\u643a\u62d9\u4f5c<a target='_blank' href='http://www.17k.com/book/2705953.html'>\u300a\u9b3c\u8ff9\u5bfb\u8e2a\u300b</a>\u62dc\u8bfb\u4f73\u4f5c\uff0c\u8bbf\u53cb\u7559\u7b14\uff0c\u652f\u6301\u597d\u5566\uff01"}, {"userName": "Dear\u6731\u7802", "userReviewDate": "2018-01-09", "userURL": "http://user.17k.com/56029588", "userReview": "\u5927\u5927\u7684\u6587\u5199\u5f97\u5f88\u597d\uff0c\u53ef\u662f\u6211\u6709\u4e00\u4e2a\u5c0f\u7591\u95ee\uff0c\u5973\u4e3b\u7684\u7238\u7238\u75c5\u4e86\uff0c\u96be\u9053\u5979\u4e0d\u53ef\u4ee5\u627e\u670b\u53cb\u501f\u94b1\u5417\uff1f\u6ca1\u6709\u4eb2\u621a\u4e4b\u7c7b\u7684\u5417\uff1f\u53ef\u80fd\u6211\u8fd8\u6ca1\u770b\u5b8c\uff0c\u6211\u518d\u5f80\u4e0b\u770b\u770b\u5427"}], "description": "\u5979\u4e3a\u9999\u6c34\u800c\u751f\uff0c\u4e0d\u8d39\u5439\u7070\u4e4b\u529b\u5c31\u8c03\u51fa\u4e3e\u4e16\u65e0\u53cc\u7684\u72ec\u7279\u9999\u6c34\u3002\u3000\u3000\u4ed6\u751f\u6765\u51b7\u9177\uff0c\u662f\u5bcc\u53ef\u654c\u56fd\u7684\u9999\u6c34\u4e1a\u9738\u4e3b\uff0c\u5374\u8fa9\u4e0d\u51fa\u4efb\u4f55\u9999\u5473\u3002\u3000\u3000\u5929\u547d\u60c5\u7f18\uff0c\u5374\u4ece\u4ec7\u654c\u5f00\u59cb\u2026\u2026\u3000\u3000\u201c\u4f60\u4f1a\u4e0d\u4f1a\u5f00\u8f66\uff01\u201d\u3000\u3000\u201c\u5173\u4f60\u4ec0\u4e48\u4e8b\uff1f\u201d\u97e9\u58a8\u5bb8\u7738\u5149\u51b7\u50b2\uff0c\u66f4\u6e85\u5f97\u82cf\u5ff5\u5b89\u4e00\u8eab\u6ce5\u6c34\u3002\u3000\u3000\u201c\u4f60\uff0c\u4ec0\u4e48\u610f\u601d\uff1f\u201d\u3000\u3000\u201c\u4f60\uff0c\u505a\u6211\u7684\u60c5\u5987\uff01\u201d\u97e9\u58a8\u5bb8\u8bed\u6c14\u5028\u50b2\uff0c\u60f9\u5f97\u82cf\u5ff5\u5b89\u6124\u6068\u4e0d\u5df2\u3002\u3000\u3000\u201c\u6211\u8981\u8d70\u4e86\uff0c\u4f60\uff0c\u53ef\u4e0d\u53ef\u4ee5\u7b49\u6211\uff0c\u5341\u5e74\uff1f\u201d\u97e9\u58a8\u5bb8\u9ed8\u7136\u4e0d\u8bed\uff0c\u5374\u4ece\u6b64\u4e0d\u518d\u78b0\u4efb\u4f55\u5973\u4eba\u3002\u3000\u3000\u4ed6\u7684\u60c5\u6bd2\uff0c\u53ea\u7b49\u5979\u7684\u99a8\u9999\u6765\u89e3\u2026\u2026", "title": "\u51f6\u731bboss\u8bf7\u653e\u624b", "url": "http://www.17k.com/book/2732365.html", "average": -1.0, "cover": "http://img.17k.com/images/bookcover/2018/13661/68/2732365-1514867647000.jpg", "reviews": 3515, "authors": [{"url": "http://www.17k.com/zuozhe/58672027", "name": "\u7eb3\u5170\u82e5\u5f64"}], "type": ["\u603b\u88c1\u8c6a\u95e8"], "outlinks": ["http://www.17k.com/book/2794982.html", "http://www.17k.com/book/2801292.html", "http://www.17k.com/book/2816318.html", "http://www.17k.com/book/2797575.html", "http://www.17k.com/book/2802516.html", "http://www.17k.com/book/2812195.html", "http://www.17k.com/book/2820143.html", "http://www.17k.com/book/2807943.html", "http://www.17k.com/book/2813457.html", "http://www.17k.com/book/2798058.html", "http://www.17k.com/book/2815617.html", "http://www.17k.com/book/2805259.html", "http://www.17k.com/book/2760255.html", "http://www.17k.com/book/2686894.html", "http://www.17k.com/book/2797016.html", "http://www.17k.com/book/2767246.html", "http://www.17k.com/book/2764239.html", "http://www.17k.com/book/2754498.html", "http://www.17k.com/book/2754900.html", "http://www.17k.com/book/2625740.html", "http://www.17k.com/book/2213315.html", "http://www.17k.com/book/2402178.html", "http://www.17k.com/book/2691221.html", "http://www.17k.com/book/2210699.html", "http://www.17k.com/book/1797752.html", "http://www.17k.com/book/2575507.html", "http://www.17k.com/book/2705181.html", "http://www.17k.com/book/2702539.html", "http://www.17k.com/book/2474887.html", "http://www.17k.com/book/2674733.html", "http://www.17k.com/book/2822076.html", "http://www.17k.com/book/2809894.html", "http://www.17k.com/book/2822077.html", "http://www.17k.com/book/2811930.html", "http://www.17k.com/book/2815548.html", "http://www.17k.com/book/2819620.html", "http://www.17k.com/book/2809964.html", "http://www.17k.com/book/2808200.html", "http://www.17k.com/book/2820100.html", "http://www.17k.com/book/2822978.html", "http://www.17k.com/book/2804337.html", "http://www.17k.com/book/2798814.html", "http://www.17k.com/book/2785153.html", "http://www.17k.com/book/2731559.html", "http://www.17k.com/book/2722533.html", "http://www.17k.com/book/2458377.html", "http://www.17k.com/book/2743300.html", "http://www.17k.com/book/973809.html", "http://www.17k.com/book/2651367.html", "http://www.17k.com/book/2726194.html", "http://www.17k.com/book/2790214.html", "http://www.17k.com/book/493239.html", "http://www.17k.com/book/108821.html", "http://www.17k.com/book/1398783.html", "http://www.17k.com/book/83528.html", "http://www.17k.com/book/1859126.html", "http://www.17k.com/book/1741975.html", "http://www.17k.com/book/192453.html", "http://www.17k.com/book/2459058.html", "http://www.17k.com/book/1050747.html", "http://www.17k.com/book/2700315.html", "http://www.17k.com/book/2818940.html", "http://www.17k.com/book/2819519.html", "http://www.17k.com/book/2816390.html", "http://www.17k.com/book/2819588.html", "http://www.17k.com/book/2813768.html", "http://www.17k.com/book/2822406.html", "http://www.17k.com/book/2772164.html", "http://www.17k.com/book/2784023.html", "http://www.17k.com/book/2811877.html", "http://www.17k.com/book/2809119.html", "http://www.17k.com/book/2803700.html", "http://www.17k.com/book/2819561.html", "http://www.17k.com/book/2746506.html", "http://www.17k.com/book/2811836.html", "http://www.17k.com/book/2614810.html", "http://www.17k.com/book/1592435.html", "http://www.17k.com/book/1949748.html", "http://www.17k.com/book/2265802.html", "http://www.17k.com/book/2743240.html", "http://www.17k.com/book/2657437.html", "http://www.17k.com/book/2644502.html", "http://www.17k.com/book/2199900.html", "http://www.17k.com/book/2725436.html", "http://www.17k.com/book/2629978.html"]}