{"ratings": -1, "userreviews": [{"userName": "\u539a\u8f9e\u8d70\u5eca", "userReviewDate": "2016-07-13", "userURL": "http://user.17k.com/46683924", "userReview": "[\u6253\u8d4f]\u6211\u6253\u8d4f\u4e862\u5143\u7ea2\u5305\uff01\uff01"}, {"userName": "\u6211\u624d\u80fd\u6ca1", "userReviewDate": "2016-07-11", "userURL": "http://user.17k.com/48134220", "userReview": "[\u6253\u8d4f]\u6211\u6253\u8d4f\u4e862\u5143\u7ea2\u5305\uff01\uff01"}, {"userName": "\u8717\u725b345068235", "userReviewDate": "2016-07-06", "userURL": "http://user.17k.com/46874552", "userReview": "[\u6253\u8d4f]\u6211\u6253\u8d4f\u4e8618\u5143\u7ea2\u5305\uff01\uff01"}, {"userName": "\u7206\u86cb\u8d85\u4eba", "userReviewDate": "2018-04-18", "userURL": "http://user.17k.com/26585589", "userReview": "\u5176\u5b9e\u4f5c\u8005\u8fd8\u6709\u5f88\u591a\u6ca1\u89e3\u91ca\u7684\u5730\u65b9\uff0c\u53ef\u4ee5\u591a\u5199\u4e9b\uff0c\u756a\u5916\u7bc7\u4e5f\u884c\uff5e\uff5e\uff5e\uff5e\uff5e"}, {"userName": "\u9ec4\u74dc\u7684\u5bbf\u547d", "userReviewDate": "2018-02-10", "userURL": "http://user.17k.com/53195742", "userReview": "<a target='_blank' href='http://www.17k.com/book/2377865.html'>\u300a\u81f3\u9738\u82cd\u751f\u8bc0\u300b</a>\u6765\u8bbf\uff0c\u6c42\u652f\u6301\u6c42\u6269\u6563\uff0c\u87f9\u87f9\u3002"}, {"userName": "\u675c\u963f\u67ab", "userReviewDate": "2018-01-14", "userURL": "http://user.17k.com/44234414", "userReview": "<span style='color:black'>\u665a\u4e0a\u597d\uff0c\u963f\u67ab\u5e26\u7740<a target='_blank' href='http://www.17k.com/book/2659347.html'>\u300a\u5c0f\u57ce\u8be1\u6848\u5f55\u300b</a>\u524d\u6765\u62dc\u8bbf\u5b66\u4e60~</span>"}, {"userName": "\u82b1\u5a07\u7537", "userReviewDate": "2018-01-09", "userURL": "http://user.17k.com/55234459", "userReview": "<a target='_blank' href='http://www.17k.com/book/2529850.html'>\u300a\u5b8c\u7f8e\u7f6a\u4eba\u300b</a>\u8bb2\u8ff0\u4e86\u4eba\u4e0e\u4e27\u5c38\u7684\u7f6a\u6848\uff0c\u7537\u4e3b\u4e00\u5473\u6c42\u77e5\u6848\u4ef6\u771f\u76f8\uff0c\u5374\u4e00\u6b65\u6b65\u8d70\u53bb\u6df1\u6e0a\uff0c\u7a76\u7adf\u591c\u84b2\u5973\u8150\u5c38\u6a2a\u73b0\u5df7\u53e3\uff0c\u53d7\u4eba\u7231\u6234\u7684\u7f51\u7edc\u4f5c\u5bb6\u4e1c\u91ce\u51c9\u7684\u60e8\u6b7b\uff0c\u7f81\u7eca\u8005\u534a\u751f\u7684\u5224\u6b7b..."}, {"userName": "\u4ed6\u4eec\u53eb\u6211\u4e5d\u53d4", "userReviewDate": "2017-12-08", "userURL": "http://user.17k.com/55419563", "userReview": "\u6211\u53eb\u6797\u4e5d\u82f1\uff0c\u9547\u4e0a\u7684\u4eba\u5356\u6211\u9762\u5b50\uff0c\u624d\u53eb\u6211\u4e00\u58f0\u4e5d\u53d4\uff0c\u5176\u5b9e\u6211\u53ea\u4e0d\u8fc7\u662f\u4e00\u4e2a\u666e\u666e\u901a\u901a\u7684\u9053\u58eb\u7f62\u4e86\u3002 \u6211\u8fd9\u4e00\u751f\uff0c\u89c1\u8fc7\u592a\u591a\u7684\u6b7b\u4eba\uff0c\u548c\u6076\u9b3c\u90aa\u795e\u6253\u8fc7\u592a\u591a\u7684\u4ea4\u9053\uff0c\u7ec8\u4e8e\uff0c\u6211\u4e5f\u8eba\u8fdb\u4e86\u68fa\u6750\u3002 \u6211\u6b7b\u4e86\u540e\uff0c\u79cb\u751f\u548c\u6587\u624d\u4e5f\u8f6c\u4e86\u884c\uff0c\u5750\u8d77\u4e86\u751f\u610f\uff0c\u65e5\u5b50\u8fc7\u5f97\u5f88\u5b89\u9038\u3002 \u56de\u5f80\u6211\u8dcc\u5b95\u8d77\u4f0f\u7684\u4eba\u751f\uff0c\u6709\u592a\u591a\u7684\u4eba\u548c\u4e8b\u503c\u5f97\u6211\u53bb\u6000\u5ff5\uff0c\u4f46\u8fd9\u4ec5\u4ec5\u662f\u4e2a\u5f00\u59cb\u2026\u2026 \u6740\u5996\uff0c\u706d\u9b3c\uff0c\u6597\u50f5\u5c38\uff01\u4e00\u5207\u5c3d\u5728<a target='_blank' href='http://www.17k.com/book/2663878.html'>\u300a\u4ed6\u4eec\u53eb\u6211\u4e5d\u53d4\u300b</a>\u3002 \u9996\u5377boss\uff1a\u4e0d\u5316\u9aa8\u3002\u6bcf\u65e50\u70b9\u66f4\u65b0\u3002"}, {"userName": "\u674e\u65e0\u547d", "userReviewDate": "2017-11-25", "userURL": "http://user.17k.com/57024055", "userReview": "\u5c0f\u5f1f\u65b0\u4e66<a target='_blank' href='http://www.17k.com/book/2654528.html'>\u300a\u51a5\u5929\u697c\u300b</a>\u7279\u6765\u62dc\u8bbf\uff0c\u6c42\u5404\u4f4d\u5927\u795e\u3001\u5927\u4f6c\u591a\u591a\u6307\u6559..."}, {"userName": "\u674e\u65e0\u547d", "userReviewDate": "2017-10-26", "userURL": "http://user.17k.com/57024055", "userReview": "\u5927\u5927\u5199\u5f97\u771f\u597d\uff0c\u819c\u62dc\u5927\u5927\uff0c\u5389\u5bb3\uff0c<a target='_blank' href='http://www.17k.com/book/2654528.html'>\u300a\u51a5\u5929\u697c\u300b</a>\u6765\u8bbf\uff0c\u65b0\u4eba\u65b0\u4e66\uff0c\u5e0c\u671b\u5404\u4f4d\u591a\u591a\u6307\u70b9\u2026"}, {"userName": "\u5439\u7901", "userReviewDate": "2017-08-20", "userURL": "http://user.17k.com/48506682", "userReview": "\u5439\u7901\u4e5f\u5199\u5c0f\u8bf4\u5566\uff0c\u8bf7\u89c2\u770b\uff5e\u987a\u4fbf\u4e00\u63d0\u8fd9\u90e8\u5c0f\u8bf4\u53eb\u505a<a target='_blank' href='http://www.17k.com/book/2630515.html'>\u300a\u6211\u6b32\u7f62\u82e6\u300b</a>\uff0c\u5f88\u597d\u770b\u54e6\uff01\u4e0d\u8fc7\uff0c\u53ea\u6709\u572817k\u624d\u80fd\u627e\u5230\u3002"}, {"userName": "\u82b1\u5a07\u7537", "userReviewDate": "2017-08-18", "userURL": "http://user.17k.com/55234459", "userReview": "\u60ac\u7591\u6050\u6016\u6587<a target='_blank' href='http://www.17k.com/book/2529850.html'>\u300a\u5b8c\u7f8e\u7f6a\u4eba\u300b</a>\u5e26\u4f60\u611f\u53d7\u552f\u7f8e\u7684\u7f6a\u4eba\uff0c\u5e0c\u671b\u4f60\u80fd\u82b1\u8d39\u4e00\u70b9\u70b9\u5b9d\u8d35\u65f6\u95f4\u5982\u8bfb\u4e00\u4e0b\uff0c\u5728\u6b64\u6211\u5148\u611f\u8c22\u3002"}, {"userName": "\u9646\u6653\u75af", "userReviewDate": "2017-07-23", "userURL": "http://user.17k.com/14776216", "userReview": "<a target='_blank' href='http://www.17k.com/book/2410552.html'>\u300a\u76d7\u4ed9\u8bb0\u300b</a>\u6765\u8bbf\u4e86\uff0c\u5927\u5927\u52a0\u6cb9\u4e86\u54c8\u3002"}, {"userName": "\u5b66\u4e0d\u574f\u600e\u4e48\u529e", "userReviewDate": "2017-03-04", "userURL": "http://user.17k.com/53972931", "userReview": "\u6df7\u6c8c\u539f\u6765\u662f\u4e2a\u5c41\uff0c\u9e3f\u8499\u4e0d\u8fc7\u4e00\u55b7\u568f\u3002\u4e5d\u51e4\u64d2\u4f4f\u771f\u9f99\u65e5\uff0c\u81f3\u5c0a\u6b66\u9b42\u8087\u7384\u57fa\uff01\u65b0\u4e66<a target='_blank' href='http://www.17k.com/book/2410790.html'>\u300a\u4e5d\u51e4\u64d2\u9f99\u300b</a>\u524d\u6765\u62dc\u5c71\uff1a\u795e\u5149\u8bf7\u666e\u7167\uff0c\u9e21\u72ac\u671b\u98de\u5347\u3002"}, {"userName": "\u5b64\u72ec\u6c42\u72c8", "userReviewDate": "2017-03-01", "userURL": "http://user.17k.com/53903120", "userReview": "<a target='_blank' href='http://www.17k.com/book/2407571.html'>\u300a\u9020\u5316\u6781\u9650\u300b</a>\u7684\u89c2\u70b9\uff1a\u4e00\u672c\u4e66\u597d\u4e0d\u597d\u770b\uff0c\u770b\u4e00\u7ae0\u5c31\u5b8c\u5168\u80fd\u65ad\u5b9a\u4e86\u3002\u5927\u5bb6\u53ef\u4ee5\u8bd5\u4e00\u8bd5\uff0c\u8bd5\u5b8c\u8981\u55b7\u4e5f\u884c\u7684\u3002"}, {"userName": "\u6211\u662f\u67d2\u53f7", "userReviewDate": "2017-02-18", "userURL": "http://user.17k.com/47099295", "userReview": "\u6b22\u8fce\u5927\u5927\u6765\u8bbf~\u8385\u4e34\u6307\u5bfc\u4e00\u4e8c~<a target='_blank' href='http://www.17k.com/book/2370103.html'>\u300a\u9b3c\u85cf\u4e4b\u7ecf\u300b</a>"}, {"userName": "\u538b\u529b\u8f6c\u6f5c\u529b\u80a1", "userReviewDate": "2017-02-15", "userURL": "http://user.17k.com/43733139", "userReview": "\u5927\u5927\u7684\u5c0f\u8bf4\u9898\u6750\u5f88\u65b0\u9896\uff0c\u8d5e\uff01<a target='_blank' href='http://www.17k.com/book/2380304.html'>\u300a\u9b54\u6cd5\u68d8\u300b</a>\u6765\u62dc\u8bbf\uff0c\u6b22\u8fce\u6765\u9605\uff01\u9c9c\u82b1\u5949\u4e0a"}, {"userName": "\u5343\u58a8\u5f71", "userReviewDate": "2017-02-08", "userURL": "http://user.17k.com/51861537", "userReview": "<a target='_blank' href='http://www.17k.com/book/2301661.html'>\u300a\u4f17\u795e\u4e3a\u654c\u300b</a>\u6765\u8bbf\uff0c\u6c42\u6492\u82b1\uff0c\u6253\u8d4f\uff0c\u6536\u85cf\uff0c\u8bc4\u8bba\u3002\u53e4\u795e\uff1a&quot;\u6211\u6bc1\u4e86\u5929\u5802\uff0c\u706d\u4e86\u5730\u72f1\uff0c\u4e3a\u4f60\u8eab\u6b7b\u9053\u6d88\uff0c\u4f46\u5f52\u6765\u4e4b\u65f6\uff0c\u6211\u5b9a\u5c06\u4e0e\u4f17\u795e\u4e3a\u654c\u3002&quot;"}, {"userName": "\u7ea2\u8c46\u6708\u6708", "userReviewDate": "2017-02-08", "userURL": "http://user.17k.com/52250331", "userReview": "\u6211\u4eec\u7684\u4e3b\u89d2\u4ece\u4f70\u5ea6\u5f15\u64ce\u4e0a\u641c\u7d22\u51fa\u4e86\u600e\u6837\u7684\u9b3c\u602a\u7cbe\u7075\uff1f\u8fd9\u672c\u5c0f\u8bf4\u5199\u5f97\u597d\u795e\u79d8\u54df\uff0c\u5f88\u503c\u5f97\u4e00\u8bfb\uff01\u613f\u505a\u4f60\u7684\u957f\u671f\u8bfb\u8005\uff01\u7ea2\u8c46\u6708\u6708\u643a<a target='_blank' href='http://www.17k.com/book/2309336.html'>\u300a\u76f8\u601d\u957f\u6068\u6b4c\u300b</a>\u6765\u8bbf\u5e76\u6536\u5165\u4e66\u67b6\uff1b\u76fc\u671b\u5728\u4f60\u7684\u4e66\u67b6\u4e2d\u770b\u5230\u6211\u7684\u4f5c\u54c1\u3002\u6211\u4eec\u76f8\u4e92\u652f\u6301\uff0c\u5171\u540c\u52a0\u6cb9\uff01"}, {"userName": "\u53e4\u53f6\u79cb\u98ce", "userReviewDate": "2017-02-08", "userURL": "http://user.17k.com/50416675", "userReview": "<a target='_blank' href='http://www.17k.com/book/2219751.html'>\u300a\u8bdb\u7075\u4eba\u300b</a>\u6765\u8bbf\uff0c\u5927\u5927\u5389\u5bb3\u4e86"}], "description": "\u6211\u6700\u8fd1\u548c\u4f70\u5ea6\u6253\u4e86\u4e00\u67b6\uff0c\u8bf4\u51fa\u6765\u4f60\u53ef\u80fd\u4e0d\u4fe1\uff0c\u662f\u4f70\u5ea6\u5148\u52a8\u5730\u624b\u3002\u3000\u3000\u4e8b\u60c5\u662f\u8fd9\u6837\u7684\uff0c\u6211\u81ea\u4ece\u5b66\u4f1a\u4e0a\u7f51\u5f00\u59cb\uff0c\u5c31\u4e00\u76f4\u7528\u4f70\u5ea6\u641c\u5c0f\u8bf4,\u641c\u89c6\u9891\uff0c\u641c\u97f3\u4e50\uff0c\u751a\u81f3\u641c\u8bd5\u9898\u7b54\u6848\uff0c\u53cd\u6b63\u5c31\u662f\u641c\u7d22\u4e00\u5207\u6211\u611f\u5174\u8da3\u7684\u4e1c\u897f\u3002\u3000\u3000\u90a3\u5929\u542c\u8bf4\u4f70\u5ea6\u51fa\u4e86\u65b0\u529f\u80fd\uff0c\u641c\u7d22\u9ed1\u6d1e\u5c31\u4f1a\u51fa\u73b0\u9ed1\u6d1e\uff0c\u641c\u7d22\u97ad\u70ae\u5c31\u4f1a\u51fa\u73b0\u97ad\u70ae\uff0c\u6240\u4ee5\u6211\u4e5f\u53bb\u8bd5\u4e86\u8bd5\u3002\u3000\u3000\u7136\u540e\uff0c\u6211\u7684\u4eba\u751f\u5c31\u6ca1\u6709\u7136\u540e\u4e86\uff0c\u4f60\u7edd\u5bf9\u60f3\u4e0d\u5230\uff0c\u6211\u90fd\u641c\u51fa\u6765\u4e00\u4e9b\u4ec0\u4e48\u73a9\u610f\u3002\u3000\u3000\u5982\u679c\u4f60\u80c6\u5b50\u5f88\u5c0f\u6216\u8005\u597d\u5947\u5fc3\u7279\u5f3a\uff0c\u90a3\u6211\u529d\u4f60\u7edd\u5bf9\u4e0d\u8981\u53bb\u641c\u7d22\uff0c\u56e0\u4e3a\u8fd9\u4e9b\u73a9\u610f\u5b9e\u5728\u662f.....\u3000\u3000\u6781\uff01\u5ea6\uff01\u6050\uff01\u6016\uff01\u3000\u3000\u5ea6\uff01\u3000\u3000\u795e\uff01\u3000\u3000\u79d8\uff01", "title": "\u51f6\u7075\u641c\u7d22\u5f15\u64ce", "url": "http://www.17k.com/book/1857413.html", "average": -1.0, "cover": "http://img.17k.com/images/bookcover/2016/9287/46/1857413-1462529832000.jpg", "reviews": 2000162, "authors": [{"url": "http://www.17k.com/zuozhe/46451997", "name": "\u602a\u4f5c\u8005"}], "type": ["\u6050\u6016\u60ac\u7591"], "outlinks": ["http://www.17k.com/book/2794982.html", "http://www.17k.com/book/2801292.html", "http://www.17k.com/book/2816318.html", "http://www.17k.com/book/2797575.html", "http://www.17k.com/book/2802516.html", "http://www.17k.com/book/2812195.html", "http://www.17k.com/book/2820143.html", "http://www.17k.com/book/2807943.html", "http://www.17k.com/book/2813457.html", "http://www.17k.com/book/2798058.html", "http://www.17k.com/book/2815617.html", "http://www.17k.com/book/2805259.html", "http://www.17k.com/book/2760255.html", "http://www.17k.com/book/2686894.html", "http://www.17k.com/book/2797016.html", "http://www.17k.com/book/2767246.html", "http://www.17k.com/book/2764239.html", "http://www.17k.com/book/2754498.html", "http://www.17k.com/book/2754900.html", "http://www.17k.com/book/2625740.html", "http://www.17k.com/book/2213315.html", "http://www.17k.com/book/2402178.html", "http://www.17k.com/book/2691221.html", "http://www.17k.com/book/2210699.html", "http://www.17k.com/book/1797752.html", "http://www.17k.com/book/2575507.html", "http://www.17k.com/book/2705181.html", "http://www.17k.com/book/2702539.html", "http://www.17k.com/book/2474887.html", "http://www.17k.com/book/2674733.html", "http://www.17k.com/book/2822076.html", "http://www.17k.com/book/2809894.html", "http://www.17k.com/book/2822077.html", "http://www.17k.com/book/2811930.html", "http://www.17k.com/book/2815548.html", "http://www.17k.com/book/2819620.html", "http://www.17k.com/book/2809964.html", "http://www.17k.com/book/2808200.html", "http://www.17k.com/book/2820100.html", "http://www.17k.com/book/2822978.html", "http://www.17k.com/book/2804337.html", "http://www.17k.com/book/2798814.html", "http://www.17k.com/book/2785153.html", "http://www.17k.com/book/2731559.html", "http://www.17k.com/book/2722533.html", "http://www.17k.com/book/2458377.html", "http://www.17k.com/book/2743300.html", "http://www.17k.com/book/973809.html", "http://www.17k.com/book/2651367.html", "http://www.17k.com/book/2726194.html", "http://www.17k.com/book/2790214.html", "http://www.17k.com/book/493239.html", "http://www.17k.com/book/108821.html", "http://www.17k.com/book/1398783.html", "http://www.17k.com/book/83528.html", "http://www.17k.com/book/1859126.html", "http://www.17k.com/book/1741975.html", "http://www.17k.com/book/192453.html", "http://www.17k.com/book/2459058.html", "http://www.17k.com/book/1050747.html", "http://www.17k.com/book/2700315.html", "http://www.17k.com/book/2818940.html", "http://www.17k.com/book/2819519.html", "http://www.17k.com/book/2816390.html", "http://www.17k.com/book/2819588.html", "http://www.17k.com/book/2813768.html", "http://www.17k.com/book/2822406.html", "http://www.17k.com/book/2772164.html", "http://www.17k.com/book/2784023.html", "http://www.17k.com/book/2811877.html", "http://www.17k.com/book/2809119.html", "http://www.17k.com/book/2803700.html", "http://www.17k.com/book/2819561.html", "http://www.17k.com/book/2746506.html", "http://www.17k.com/book/2811836.html", "http://www.17k.com/book/2614810.html", "http://www.17k.com/book/1592435.html", "http://www.17k.com/book/1949748.html", "http://www.17k.com/book/2265802.html", "http://www.17k.com/book/2743240.html", "http://www.17k.com/book/2657437.html", "http://www.17k.com/book/2644502.html", "http://www.17k.com/book/2199900.html", "http://www.17k.com/book/2725436.html", "http://www.17k.com/book/2629978.html"]}