{"ratings": -1, "userreviews": [{"userName": "\u4e45\u8317", "userReviewDate": "2018-05-26", "userURL": "http://user.17k.com/62219496", "userReview": "\u52a0\u6cb9\u52a0\u6cb9\u2196(^\u03c9^)\u2197"}, {"userName": "\u65e5\u756a\u8c37\u51ac\u72ee\u90ceKYQ", "userReviewDate": "2018-05-25", "userURL": "http://user.17k.com/59139707", "userReview": "\u5c0f\u65d7\u5076\u7136\u8def\u8fc7\uff0c\u8bed\u8a00\u5e72\u7ec3\u7b80\u5355\uff0c\u6848\u4ef6\u6251\u6714\u8ff7\u79bb\uff0c\u52a0\u6cb9\uff0c\u529b\u633a\uff01"}, {"userName": "\u6512\u4e00\u888b\u8292\u679c", "userReviewDate": "2018-05-20", "userURL": "http://user.17k.com/55437270", "userReview": "\u5468\u672b\u6109\u5feb520\u5feb\u4e50"}, {"userName": "\u661f\u7a7a\u591c\u68a6\u58f9", "userReviewDate": "2018-05-19", "userURL": "http://user.17k.com/58116533", "userReview": "\u6b64\u4e66\u5199\u5f97\u4e0d\u9519"}, {"userName": "\u864e\u5c0f\u6cc9", "userReviewDate": "2018-05-17", "userURL": "http://user.17k.com/32412417", "userReview": "\u91cd\u590d\u7ae0\u8282\u597d\u591a\uff0c\u6848\u4ef6\u6709\u5751\u672a\u586b\uff01\u4e0d\u7b97\u597d\u4e66\uff01"}, {"userName": "\u81f3\u540c", "userReviewDate": "2018-05-16", "userURL": "http://user.17k.com/42347855", "userReview": "\u652f\u6301\u4f5c\u8005\u3002\u52a0\u6cb9\uff01"}, {"userName": "\u5c0f\u4e2b\u5934\u83ab\u513f", "userReviewDate": "2018-05-14", "userURL": "http://user.17k.com/47604333", "userReview": "\u6765\u5b66\u4e60\u4e86"}, {"userName": "17k\u4e66\u53cbofa9k3ckc", "userReviewDate": "2018-05-12", "userURL": "http://user.17k.com/61689751", "userReview": "\u521a\u770b\u5b8c\u7b2c\u4e00\u4e2a\u6545\u4e8b\uff0c\u90a3\u4e09\u4e2a\u8001\u4eba\u8c01\u6740\u5f97\u90fd\u6ca1\u8bf4\u4f60\u5c31\u7ed3\u6848\u4e86\uff1f\uff1f"}, {"userName": "\u80c6\u5c0f\u9b3c523354172", "userReviewDate": "2018-05-11", "userURL": "http://user.17k.com/59636293", "userReview": "\u6536\u85cf\u652f\u6301\uff0c\u5927\u5927\u52a0\u6cb9\uff01"}, {"userName": "dark619145666", "userReviewDate": "2018-05-11", "userURL": "http://user.17k.com/60283239", "userReview": "\u597d\u770b"}, {"userName": "\u9690\u60a3\u7834\u706d\u6839\u6e90", "userReviewDate": "2018-05-07", "userURL": "http://user.17k.com/60383560", "userReview": "\u6211\u4e5f\u662f\u5199\u60ac\u7591\u7075\u5f02\u7684\uff0c\u8fc7\u6765\u652f\u6301\u4e0b"}, {"userName": "\u4e5d\u5c3e\u795e\u5a46", "userReviewDate": "2018-05-06", "userURL": "http://user.17k.com/38701448", "userReview": "\u9001\u82b1\u652f\u6301\uff0c\u600e\u4e48\u65ad\u4e86\uff1f\u597d\u770b\uff0c\u8ffd\u4e66\u3002"}, {"userName": "\u8d75\u7ffc512282253", "userReviewDate": "2018-04-03", "userURL": "http://user.17k.com/58784118", "userReview": "\u52a0\u6cb9\u2196(^\u03c9^)\u2197\uff0c\u770b\u4e66\u652f\u6301"}, {"userName": "\u661f\u7a7a\u591c\u68a6\u58f9", "userReviewDate": "2018-04-01", "userURL": "http://user.17k.com/58116533", "userReview": "<span style='color:red'>\u65e9\u4e0a\u597d\uff0c\u5468\u672b\u6109\u5feb\uff0c\u6492\u82b1\u652f\u6301\u597d\u4e66</span>"}, {"userName": "\u661f\u7a7a\u591c\u68a6\u8d30", "userReviewDate": "2018-03-31", "userURL": "http://user.17k.com/58011970", "userReview": "\u665a\u5b89\uff0c\u52a0\u6cb9\u2196(^\u03c9^)\u2197"}, {"userName": "\u8015\u8bb7\u658b\u4e3b", "userReviewDate": "2018-03-27", "userURL": "http://user.17k.com/53122581", "userReview": "\u7cbe\u5f69\u3001\u52a0\u6cb9\u3002"}, {"userName": "\u8537\u8587\u73a5\u9171V", "userReviewDate": "2018-03-27", "userURL": "http://user.17k.com/55984899", "userReview": "\u559c\u6b22\u4f60\u7684\u5c01\u9762\u5450\u30fd(\uffe3\u03c9\uffe3(\uffe3\u03c9\uffe3\u3003)\u309d\u52a0\u6cb9"}, {"userName": "\u661f\u7a7a\u591c\u68a6\u58f9", "userReviewDate": "2018-03-24", "userURL": "http://user.17k.com/58116533", "userReview": "\u52a0\u6cb9\u2196(^\u03c9^)\u2197\uff0c\u770b\u4e66\u652f\u6301\uff0c\u529b\u633a\u5927\u5927"}, {"userName": "\u661f\u7a7a\u591c\u68a6\u58f9", "userReviewDate": "2018-03-17", "userURL": "http://user.17k.com/58116533", "userReview": "\u65f6\u95f4\u8fc7\u5f97\u771f\u5feb\u554a\uff01\u8f6c\u773c\u4e4b\u95f4\u53c8\u5230\u5468\u672b\u4e86\uff0c\u795d\u4f60\u5468\u672b\u6109\u5feb\uff0c\u7801\u5b57\u6512\u7a3f\u5feb\u4e50\uff01\u54c8\u54c8\uff01\u661f\u7a7a\u5148\u51fa\u53bb\u6d6a\u4f1a\u513f\uff0c\u7801\u5b57\u592a\u7279\u4e48\u7d2f\u4e86\uff0c\u91ca\u653e\u4e00\u4e0b\u5fc3\u60c5\uff0c\u6d3b\u52a8\u6d3b\u52a8\u7b4b\u9aa8\uff0c\u665a\u4e0a\u7ee7\u7eed\u594b\u6597\u518d\u8bb2<a target='_blank' href='http://www.17k.com/book/2705953.html'>\u300a\u9b3c\u8ff9\u5bfb\u8e2a\u300b</a>\u7684\u6545\u4e8b\u3002\u52a0\u6cb9\u2196(^\u03c9^)\u2197\uff0c\u4e00\u8d77\u52aa\u529b\u5427\uff0c\u661f\u7a7a\u6709\u7a7a\u4f1a\u5e38\u6765\u7684\u3002"}, {"userName": "\u65af\u6587\u732b\u965b\u4e0b", "userReviewDate": "2018-03-11", "userURL": "http://user.17k.com/37764708", "userReview": "\u52a0\u6cb9\u52a0\u6cb9\uff0c\u652f\u6301\u4f9d\u65e7"}], "description": "\u9b3c\u4e0d\u53ef\u6015\uff0c\u53ef\u6015\u7684\u662f\u4eba\u5fc3\uff0c\u626d\u66f2\u7684\u4eba\u6027\u5982\u540c\u9ed1\u6d1e\uff0c\u541e\u566c\u4e00\u5207\u3002\u3000\u3000\u6076\u9b54\u4ece\u6765\u90fd\u4e0d\u662f\u6765\u81ea\u5730\u72f1\uff0c\u800c\u662f\u4eba\u7684\u5185\u5fc3\u3002\u3000\u3000\u4ece\u4e8b\u5211\u8b66\u5de5\u4f5c\u7684\u6211\uff0c\u521a\u5165\u884c\u534a\u5e74\uff0c\u4fbf\u89c1\u8bc1\u4e86\u7b2c\u4e00\u8d77\uff0c\u3000\u3000\u4eba\u6027\u7684\u626d\u66f2\u2026\u2026", "title": "\u5211\u51f6", "url": "http://www.17k.com/book/2782641.html", "average": -1.0, "cover": "http://img.17k.com/images/bookcover/2018/13913/69/2782641-1519556018000.jpg", "reviews": 213030, "authors": [{"url": "http://www.17k.com/zuozhe/60100769", "name": "\u5211\u6728"}], "type": ["\u4fa6\u63a2\u63a8\u7406"], "outlinks": ["http://www.17k.com/book/2794982.html", "http://www.17k.com/book/2801292.html", "http://www.17k.com/book/2816318.html", "http://www.17k.com/book/2797575.html", "http://www.17k.com/book/2802516.html", "http://www.17k.com/book/2812195.html", "http://www.17k.com/book/2820143.html", "http://www.17k.com/book/2807943.html", "http://www.17k.com/book/2813457.html", "http://www.17k.com/book/2798058.html", "http://www.17k.com/book/2815617.html", "http://www.17k.com/book/2805259.html", "http://www.17k.com/book/2760255.html", "http://www.17k.com/book/2686894.html", "http://www.17k.com/book/2797016.html", "http://www.17k.com/book/2767246.html", "http://www.17k.com/book/2764239.html", "http://www.17k.com/book/2754498.html", "http://www.17k.com/book/2754900.html", "http://www.17k.com/book/2625740.html", "http://www.17k.com/book/2213315.html", "http://www.17k.com/book/2402178.html", "http://www.17k.com/book/2691221.html", "http://www.17k.com/book/2210699.html", "http://www.17k.com/book/1797752.html", "http://www.17k.com/book/2575507.html", "http://www.17k.com/book/2705181.html", "http://www.17k.com/book/2702539.html", "http://www.17k.com/book/2474887.html", "http://www.17k.com/book/2674733.html", "http://www.17k.com/book/2822076.html", "http://www.17k.com/book/2809894.html", "http://www.17k.com/book/2822077.html", "http://www.17k.com/book/2811930.html", "http://www.17k.com/book/2815548.html", "http://www.17k.com/book/2819620.html", "http://www.17k.com/book/2809964.html", "http://www.17k.com/book/2808200.html", "http://www.17k.com/book/2820100.html", "http://www.17k.com/book/2822978.html", "http://www.17k.com/book/2804337.html", "http://www.17k.com/book/2798814.html", "http://www.17k.com/book/2785153.html", "http://www.17k.com/book/2731559.html", "http://www.17k.com/book/2722533.html", "http://www.17k.com/book/2458377.html", "http://www.17k.com/book/2743300.html", "http://www.17k.com/book/973809.html", "http://www.17k.com/book/2651367.html", "http://www.17k.com/book/2726194.html", "http://www.17k.com/book/2790214.html", "http://www.17k.com/book/493239.html", "http://www.17k.com/book/108821.html", "http://www.17k.com/book/1398783.html", "http://www.17k.com/book/83528.html", "http://www.17k.com/book/1859126.html", "http://www.17k.com/book/1741975.html", "http://www.17k.com/book/192453.html", "http://www.17k.com/book/2459058.html", "http://www.17k.com/book/1050747.html", "http://www.17k.com/book/2700315.html", "http://www.17k.com/book/2818940.html", "http://www.17k.com/book/2819519.html", "http://www.17k.com/book/2816390.html", "http://www.17k.com/book/2819588.html", "http://www.17k.com/book/2813768.html", "http://www.17k.com/book/2822406.html", "http://www.17k.com/book/2772164.html", "http://www.17k.com/book/2784023.html", "http://www.17k.com/book/2811877.html", "http://www.17k.com/book/2809119.html", "http://www.17k.com/book/2803700.html", "http://www.17k.com/book/2819561.html", "http://www.17k.com/book/2746506.html", "http://www.17k.com/book/2811836.html", "http://www.17k.com/book/2614810.html", "http://www.17k.com/book/1592435.html", "http://www.17k.com/book/1949748.html", "http://www.17k.com/book/2265802.html", "http://www.17k.com/book/2743240.html", "http://www.17k.com/book/2657437.html", "http://www.17k.com/book/2644502.html", "http://www.17k.com/book/2199900.html", "http://www.17k.com/book/2725436.html", "http://www.17k.com/book/2629978.html"]}