{"ratings": -1, "userreviews": [{"userName": "\u81f3\u540c", "userReviewDate": "2018-05-21", "userURL": "http://user.17k.com/42347855", "userReview": "\u9001\u82b1\u82b1\u7ed9\u4f60\uff0c\u52a0\u6cb9\u3002"}, {"userName": "\u92ae\u6c34", "userReviewDate": "2018-05-20", "userURL": "http://user.17k.com/60182949", "userReview": "<span style='color:black'>\u5927\u5927\u5730\u597d</span>"}, {"userName": "\u92ae\u6c34", "userReviewDate": "2018-05-20", "userURL": "http://user.17k.com/60182949", "userReview": "<span style='color:black'>\u7ee7\u7eed\u52a0\u6cb9</span>"}, {"userName": "\u92ae\u6c34", "userReviewDate": "2018-05-20", "userURL": "http://user.17k.com/60182949", "userReview": "\u5199\u5f97\u4e0d\u9519"}, {"userName": "\u5947\u5e7b\u7684\u7231", "userReviewDate": "2018-02-27", "userURL": "http://user.17k.com/10006987", "userReview": "\u65e9\u4e0a\u597d\uff0c\u52a0\u6cb9"}, {"userName": "\u9752\u8349\u5e3d\u5b50", "userReviewDate": "2018-01-16", "userURL": "http://user.17k.com/58032805", "userReview": "\u7b7e\u5230\u652f\u6301"}, {"userName": "\u9752\u8349\u5e3d\u5b50", "userReviewDate": "2018-01-15", "userURL": "http://user.17k.com/58032805", "userReview": "\u597d\u770b\u597d\u770b\uff0c\u9752\u8349\u5148\u6536\u85cf\u652f\u6301\uff01\u6c42\u56de\u8bbf\u54e6\uff01"}, {"userName": "\u6211\u7231\u9ed1\u66fc\u5df4", "userReviewDate": "2017-12-07", "userURL": "http://user.17k.com/58400286", "userReview": "\u5199\u7684\u597d\uff0c<a target='_blank' href='http://www.17k.com/book/2718743.html'>\u300a\u4e0d\u6b7b\u4e4b\u8eaf\u300b</a>\u6765\u8bbf"}, {"userName": "\u672a\u6765\u8001\u9f20", "userReviewDate": "2017-12-01", "userURL": "http://user.17k.com/46396493", "userReview": "\u5927\u5927\uff0c\u665a\u597d\uff0c\u665a\u597d<a target='_blank' href='http://www.17k.com/book/2725309.html'>\u300a\u534a\u7c73\u9633\u5149\u84dd\u5c71\u5357\u300b</a>\u6765\u8bbf\u5e0c\u671b\u5927\u5927\u53ef\u4ee5\u56de\u8bbf"}, {"userName": "\u672a\u6765\u8001\u9f20", "userReviewDate": "2017-12-01", "userURL": "http://user.17k.com/46396493", "userReview": "\u5927\u5927\uff0c\u665a\u597d\uff0c\u665a\u597d<a target='_blank' href='http://www.17k.com/book/2725309.html'>\u300a\u534a\u7c73\u9633\u5149\u84dd\u5c71\u5357\u300b</a>\u6765\u8bbf\u5e0c\u671b\u5927\u5927\u53ef\u4ee5\u56de\u8bbf"}, {"userName": "\u6708\u96e8SAKURA", "userReviewDate": "2017-11-30", "userURL": "http://user.17k.com/33286189", "userReview": "\u643a<a target='_blank' href='http://www.17k.com/book/2730993.html'>\u300a\u6076\u9b54\u738b\u5b50\u662f\u7af9\u9a6c\u300b</a>\u6765\u8bbf"}, {"userName": "\u601d\u5ff5\u5f52\u9014", "userReviewDate": "2017-10-22", "userURL": "http://user.17k.com/57760269", "userReview": "yyyuop\u6c42\u5165\u5751<a target='_blank' href='http://www.17k.com/book/2695767.html'>\u300a\u6211\u7684\u5cb3\u7236\u5927\u5927\u662f\u960e\u738b\u300b</a>"}, {"userName": "\u601d\u5ff5\u5f52\u9014", "userReviewDate": "2017-10-22", "userURL": "http://user.17k.com/57760269", "userReview": "yyyuop\u6c42\u5165\u5751<a target='_blank' href='http://www.17k.com/book/2695767.html'>\u300a\u6211\u7684\u5cb3\u7236\u5927\u5927\u662f\u960e\u738b\u300b</a>"}, {"userName": "\u601d\u5ff5\u5f52\u9014", "userReviewDate": "2017-10-22", "userURL": "http://user.17k.com/57760269", "userReview": "oooo\u6c42\u5165\u5751<a target='_blank' href='http://www.17k.com/book/2695767.html'>\u300a\u6211\u7684\u5cb3\u7236\u5927\u5927\u662f\u960e\u738b\u300b</a>"}, {"userName": "\u7231\u5403\u9c7c\u7684\u4e8c\u54c8", "userReviewDate": "2017-09-28", "userURL": "http://user.17k.com/49956158", "userReview": "<a target='_blank' href='http://www.17k.com/book/2604129.html'>\u300a\u5f7c\u5cb8\u82b1\u7684\u60f3\u5ff5\u300b</a>\u6765\u8bbf\uff0c\u5927\u5927\u6587\u7b14\u4e0d\u9519\uff0c\u7ee7\u7eed\u52a0\u6cb9\uff0c\u671b\u56de\u8bbf\u3002"}, {"userName": "\u6587\u58a8\u5c0f\u4e8c", "userReviewDate": "2017-08-06", "userURL": "http://user.17k.com/55932922", "userReview": "<a target='_blank' href='http://www.17k.com/book/2550693.html'>\u300a\u987e\u5c0f\u78ca\u522b\u6765\u65e0\u6059\u300b</a>\u591a\u591a\u652f\u6301\uff0c\u671b\u56de\u8bbf\u3002"}, {"userName": "\u7ec8\u4e8e\u4e5f\u7ec8\u4e8e", "userReviewDate": "2017-08-05", "userURL": "http://user.17k.com/56629424", "userReview": "\u5927\u5927\u52a0\u6cb9\uff01<a target='_blank' href='http://www.17k.com/book/2600228.html'>\u300a\u83e9\u63d0\u6811\u4e0b\u7684\u65e0\u82b1\u679c\u300b</a>\u6765\u8bbf\uff0c\u5e0c\u671b\u56de\u8bbf\uff0c\u4e00\u8d77\u52a0\u6cb9\u54e6"}], "description": "\u4e24\u5c0f\u65e0\u731c\uff0c\u9752\u6885\u7af9\u9a6c\uff0c\u643a\u624b\u7ea2\u6bef\uff0c\u5e78\u798f\u7f8e\u6ee1\uff01\u3000\u3000\u6797\u6893\u6c50\u5374\u4e0d\u6ee1\u8db3\uff0c\u7ed9\u97e9\u4ea6\u8fb0\u6234\u4e86\u4e00\u9876\u59cb\u6599\u672a\u53ca\u7684\u7eff\u5e3d\u5b50\u2026\u2026\u3000\u3000\u9ad8\u50b2\u51b7\u6f20\u3001\u4e0d\u53ef\u4e00\u4e16\u7684\u97e9\u4ea6\u8fb0\u6210\u4e3a\u5168\u57ce\u6700\u5927\u7684\u7b11\u67c4\uff01\u3000\u3000\u4e94\u5e74\u540e\u3000\u3000\u60c5\u654c\u72e0\u72e0\u7529\u4e86\u5979\u4e24\u4e2a\u5df4\u638c\uff0c\u201c\u6797\u6893\u6c50\uff0c\u4f60\u4ee5\u4e3a\u4ed6\u662f\u771f\u7684\u60f3\u8ddf\u4f60\u590d\u5a5a\uff1f\u4e0d\u8fc7\u662f\u4ed6\u7684\u62a5\u590d\uff01\u4f60\u7684\u75db\u82e6\u6298\u78e8\u624d\u521a\u521a\u5f00\u573a\u2026\u2026\u201d\u3000\u3000\u66fe\u6367\u5979\u5728\u624b\u5fc3\u7684\u7537\u4eba\uff0c\u6076\u72e0\u72e0\u5730\u62fd\u7740\u8d64\u8eab\u88f8\u4f53\u7684\u5979\u5230\u955c\u5b50\u524d\uff0c\u201c\u6797\u6893\u6c50\uff0c\u4f60\u5168\u8eab\u4e0a\u4e0b\u7684\u6bcf\u4e00\u5bf8\u76ae\u80a4\u90fd\u5df2\u88ab\u522b\u7684\u7537\u4eba\u5360\u6709\uff0c\u4f60\u4ee5\u4e3a\u6211\u8fd8\u4f1a\u5ba0\u4f60\u5982\u521d\uff1f\u201d\u3000\u3000\u6797\u6893\u6c50\u671b\u7740\u7a97\u5916\u768e\u768e\u6708\u5149\uff0c\u6cea\uff0c\u4e24\u884c\u2026\u2026", "title": "\u524d\u59bb\u7684\u8c0e\u8a00", "url": "http://www.17k.com/book/2507569.html", "average": -1.0, "cover": "http://img.17k.com/images/bookcover/2017/12537/62/2507569-1502436048000.jpg", "reviews": 18003, "authors": [{"url": "http://www.17k.com/zuozhe/55320421", "name": "\u6653\u6653\u6885\u82b1"}], "type": ["\u5a5a\u604b\u7231\u60c5"], "outlinks": ["http://www.17k.com/book/2794982.html", "http://www.17k.com/book/2801292.html", "http://www.17k.com/book/2816318.html", "http://www.17k.com/book/2797575.html", "http://www.17k.com/book/2802516.html", "http://www.17k.com/book/2812195.html", "http://www.17k.com/book/2820143.html", "http://www.17k.com/book/2807943.html", "http://www.17k.com/book/2813457.html", "http://www.17k.com/book/2798058.html", "http://www.17k.com/book/2815617.html", "http://www.17k.com/book/2805259.html", "http://www.17k.com/book/2760255.html", "http://www.17k.com/book/2686894.html", "http://www.17k.com/book/2797016.html", "http://www.17k.com/book/2767246.html", "http://www.17k.com/book/2764239.html", "http://www.17k.com/book/2754498.html", "http://www.17k.com/book/2754900.html", "http://www.17k.com/book/2625740.html", "http://www.17k.com/book/2213315.html", "http://www.17k.com/book/2402178.html", "http://www.17k.com/book/2691221.html", "http://www.17k.com/book/2210699.html", "http://www.17k.com/book/1797752.html", "http://www.17k.com/book/2575507.html", "http://www.17k.com/book/2705181.html", "http://www.17k.com/book/2702539.html", "http://www.17k.com/book/2474887.html", "http://www.17k.com/book/2674733.html", "http://www.17k.com/book/2822076.html", "http://www.17k.com/book/2809894.html", "http://www.17k.com/book/2822077.html", "http://www.17k.com/book/2811930.html", "http://www.17k.com/book/2815548.html", "http://www.17k.com/book/2819620.html", "http://www.17k.com/book/2809964.html", "http://www.17k.com/book/2808200.html", "http://www.17k.com/book/2820100.html", "http://www.17k.com/book/2822978.html", "http://www.17k.com/book/2804337.html", "http://www.17k.com/book/2798814.html", "http://www.17k.com/book/2785153.html", "http://www.17k.com/book/2731559.html", "http://www.17k.com/book/2722533.html", "http://www.17k.com/book/2458377.html", "http://www.17k.com/book/2743300.html", "http://www.17k.com/book/973809.html", "http://www.17k.com/book/2651367.html", "http://www.17k.com/book/2726194.html", "http://www.17k.com/book/2790214.html", "http://www.17k.com/book/493239.html", "http://www.17k.com/book/108821.html", "http://www.17k.com/book/1398783.html", "http://www.17k.com/book/83528.html", "http://www.17k.com/book/1859126.html", "http://www.17k.com/book/1741975.html", "http://www.17k.com/book/192453.html", "http://www.17k.com/book/2459058.html", "http://www.17k.com/book/1050747.html", "http://www.17k.com/book/2700315.html", "http://www.17k.com/book/2818940.html", "http://www.17k.com/book/2819519.html", "http://www.17k.com/book/2816390.html", "http://www.17k.com/book/2819588.html", "http://www.17k.com/book/2813768.html", "http://www.17k.com/book/2822406.html", "http://www.17k.com/book/2772164.html", "http://www.17k.com/book/2784023.html", "http://www.17k.com/book/2811877.html", "http://www.17k.com/book/2809119.html", "http://www.17k.com/book/2803700.html", "http://www.17k.com/book/2819561.html", "http://www.17k.com/book/2746506.html", "http://www.17k.com/book/2811836.html", "http://www.17k.com/book/2614810.html", "http://www.17k.com/book/1592435.html", "http://www.17k.com/book/1949748.html", "http://www.17k.com/book/2265802.html", "http://www.17k.com/book/2743240.html", "http://www.17k.com/book/2657437.html", "http://www.17k.com/book/2644502.html", "http://www.17k.com/book/2199900.html", "http://www.17k.com/book/2725436.html", "http://www.17k.com/book/2629978.html"]}