{"ratings": -1, "userreviews": [{"userName": "\u9057\u58a8\u5b50", "userReviewDate": "2018-01-05", "userURL": "http://user.17k.com/57257853", "userReview": "<img src='http://img.17k.com/images/face/107xf.gif' />\u5e7f\u544a\u697c~\u53e6\u5916\u559c\u6b22<a target='_blank' href='http://www.17k.com/book/2651063.html'>\u300a\u5251\u4fa0\u5e03\u888b\u620f\u300b</a>\u7684\u670b\u53cb\u5728\u53d1\u73b0\u672c\u4e66\u4e2d\u5b58\u5728\u9519\u522b\u5b57\u7b49\u95ee\u9898\u7684\u65f6\u5019\uff0c\u53ef\u4ee5\u5728\u6b64\u8d34\u4e2d\u6307\u51fa\u54e6~\u9057\u58a8\u5b50\u5c06\u4f1a\u865a\u5fc3\u63a5\u53d7\u5404\u4f4d\u5927\u5927\u63d0\u51fa\u7684\u5efa\u8bae"}, {"userName": "\u6709\u51e0\u4eba", "userReviewDate": "2017-10-15", "userURL": "http://user.17k.com/56867208", "userReview": "\u786e\u5b9e\u5199\u5f97\u597d\uff0c\u5982\u679c\u629b\u5f00\u53f6\u5a67\u8863\u8fd9\u4e9b\u672c\u6709\u7684\u8bbe\u5b9a\u4eba\u7269\u4e0d\u8bf4\uff0c\u5f88\u6709\u4f20\u7edf\u7ae0\u56de\u6b66\u4fa0\u5c0f\u8bf4\u7684\u611f\u89c9\u3002\u8fd8\u6709\u8fd9\u6587\u6ca1\u4ec0\u4e48\u660e\u663e\u7684\u6ee5\u5957\u8def\uff0c\u4e91\u884c\u821f\u662f\u4e3b\u89d2\u5427\uff1f\u8fd9\u6837\u975e\u5e9f\u67f4\u975e\u7ea8\u7ed4\u975e\u5175\u738b\u7684\u4e3b\u89d2\u8bbe\u5b9a\u5f88\u65b0\u9896\uff0c\u521a\u8bfb\u65f6\u4f1a\u89c9\u5f97\u4ed6\u662f\u4e0d\u662f\u5728\u963f\u8428\u8f9b\u9762\u524d\u8868\u73b0\u592a\u5f3a\uff0c\u540e\u6765\u8bf4\u662f\u4e3a\u514d\u5931\u4e86\u6c14\u52bf\u6551\u4e0d\u5230\u4eba\u624d\u5f3a\u6491\u7740\uff0c\u65e2\u5207\u5b9e\u53c8\u8ba9\u8ba9\u4eba\u611f\u52a8\u3002"}, {"userName": "\u6d1b\u4e8c\u5341\u4e09", "userReviewDate": "2018-06-04", "userURL": "http://user.17k.com/45731080", "userReview": "\u665a\u4e0a\u597d\u5566\uff0c\u52a0\u6cb9\u54c8"}, {"userName": "\u6b66\u6797\u8840\u9f99", "userReviewDate": "2018-06-04", "userURL": "http://user.17k.com/33121411", "userReview": "[\u6253\u8d4f]\u6211\u6253\u8d4f\u4e862\u5143\u7ea2\u5305\uff01\uff01"}, {"userName": "\u6d1b\u4e8c\u5341\u4e09", "userReviewDate": "2018-06-02", "userURL": "http://user.17k.com/45731080", "userReview": "\u4e92\u8ba2\u4e00\u6ce2\uff0c\u5927\u5927\u662f\u4e0d\u662f\u5f00\u59cb\u53bb\u5199\u6f2b\u753b\u811a\u672c\u4e86\uff1f"}, {"userName": "\u6d1b\u4e8c\u5341\u4e09", "userReviewDate": "2018-06-01", "userURL": "http://user.17k.com/45731080", "userReview": "\u5348\u5b89"}, {"userName": "\u6709\u51e0\u4eba", "userReviewDate": "2018-05-29", "userURL": "http://user.17k.com/56867208", "userReview": "\u9a91\u718a\u732b\u7684\u7f8e\u5c11\u5973\uff0c\u54c8\uff0c\u6211\u778e\u731c\u731c\uff0c\u662f\u4ee5\u5c0f\u58a8\u5973\u53cb\u4e3a\u539f\u578b\uff1f"}, {"userName": "\u6d1b\u4e8c\u5341\u4e09", "userReviewDate": "2018-05-28", "userURL": "http://user.17k.com/45731080", "userReview": "\u5348\u5b89\uff0c\u597d\u4e45\u4e0d\u89c1\u4e86"}, {"userName": "\u6709\u51e0\u4eba", "userReviewDate": "2018-05-26", "userURL": "http://user.17k.com/56867208", "userReview": "\u6267\u5937\uff1f\u5973\u4e3b\u89d2\uff1f\u96be\u9053\u524d\u9762\u90a3\u4e9b\u5168\u662f\u8def\u4eba\uff1f"}, {"userName": "\u6d1b\u4e8c\u5341\u4e09", "userReviewDate": "2018-05-13", "userURL": "http://user.17k.com/45731080", "userReview": "\u5348\u5b89"}, {"userName": "\u6d1b\u4e8c\u5341\u4e09", "userReviewDate": "2018-05-12", "userURL": "http://user.17k.com/45731080", "userReview": "\u4e0b\u5348\u597d"}, {"userName": "\u6d1b\u4e8c\u5341\u4e09", "userReviewDate": "2018-05-07", "userURL": "http://user.17k.com/45731080", "userReview": "\u6062\u590d\u66f4\u65b0\u4e86\u554a\uff0c\u52a0\u6cb9\u52a0\u6cb9\uff0c\u6492\u82b1"}, {"userName": "\u6709\u51e0\u4eba", "userReviewDate": "2018-05-01", "userURL": "http://user.17k.com/56867208", "userReview": "\u5047\u671f\u7ed3\u675f\uff0c\u53ef\u4ee5\u5f00\u66f4\u4e86\u5427\uff1f\u54c8\uff0c\u60f3\u4e0d\u5230\u5c0f\u58a8\u662f\u6210\u90fd\u5973\u5a7f\u5462\u3002"}, {"userName": "\u5723\u9690\u5e1d\u5143", "userReviewDate": "2018-04-29", "userURL": "http://user.17k.com/57760595", "userReview": "\u7b7e\u5230\u652f\u6301"}, {"userName": "\u6709\u51e0\u4eba", "userReviewDate": "2018-04-24", "userURL": "http://user.17k.com/56867208", "userReview": "\u9053\u6d77\u5b64\u5e06.\u9752\u8863\u5b50\u771f\u6210\u5b64\u5e06\u4e00\u7247"}, {"userName": "\u6d1b\u4e8c\u5341\u4e09", "userReviewDate": "2018-04-12", "userURL": "http://user.17k.com/45731080", "userReview": "\u8d76\u7d27\u6765\u8ba2\u9605\u4e86\uff0c\u5348\u5b89\u5348\u5b89"}, {"userName": "\u6709\u51e0\u4eba", "userReviewDate": "2018-04-11", "userURL": "http://user.17k.com/56867208", "userReview": "\u4e91\u884c\u821f\u4ed6\u4eec\u5728\u67ab\u534e\u8c37\u7684\u8c0b\u5212\u80fd\u5e73\u606f\u5e72\u6208\uff1f\u67ab\u6797\u7684\u90a3\u6bb5\u914d\u4e50\u6700\u5b81\u9759\u60a0\u8fdc\uff0c\u4ee5\u524d\u4e00\u6709\u70e6\u5fc3\u4e8b\u5c31\u5355\u66f2\u5faa\u73af\u8fd9\u9996\u3002\u5728\u90a3\u91cc\u505a\u51fa\u7684\u51b3\u5b9a\u5e94\u8be5\u662f\u80fd\u5316\u89e3\u4ec7\u6028\u7684"}, {"userName": "\u6709\u51e0\u4eba", "userReviewDate": "2018-04-10", "userURL": "http://user.17k.com/56867208", "userReview": "\u95ee\u9898\u89e3\u51b3\u4e86\u5427\uff1f"}, {"userName": "\u6d1b\u4e8c\u5341\u4e09", "userReviewDate": "2018-04-10", "userURL": "http://user.17k.com/45731080", "userReview": "\u52a0\u6cb9\u6765\u4e86\uff0c\u5348\u5b89\u5348\u5b89"}, {"userName": "\u6709\u51e0\u4eba", "userReviewDate": "2018-04-09", "userURL": "http://user.17k.com/56867208", "userReview": "\u4f60\u8fd9\u4e66\u602a\u54c9\uff0c\u4ece\u6076\u9053\u5c01\u767d\u5e1d\u90a3\u7ae0\u5f00\u59cb\u5c31\u8ba2\u4e0d\u4e0a\uff0c\u603b\u662f\u4e0d\u505c\u5f39\u56de\u53bb\uff0c\u597d\u51e0\u5929\u4e86\u3002\u660e\u5929\u518d\u8bd5\u8bd5\u3002"}], "description": "\u4e00\u53e3\u9053\u5c3d\u5929\u4e0b\u4e8b\uff0c\u7a7a\u624b\u64cd\u5f04\u767e\u4e07\u5175\u3002\u3000\u3000\u6c5f\u6e56\u9738\u4e1a\u8c01\u505a\u4e3b\uff1f\u7ea2\u5c18\u5251\u4fa0\u68a6\u4e2d\u542c\u3002\u3000\u3000\u4f5b\u9053\u5112\u4e09\u6559\uff0c\u8c01\u5c45\u9ccc\u9996\uff1f\u3000\u3000\u5929\u4e0b\u5f81\u6218\u4e8b\uff0c\u8c01\u4e3b\u6c89\u6d6e\uff1f\u3000\u3000\u4e00\u540d\u6b66\u6797\u65b0\u79c0\uff0c\u4e0d\u5728\u4e09\u6559\uff0c\u5374\u5fc3\u6000\u5929\u4e0b\uff1b\u4e0d\u604b\u6743\u52bf\uff0c\u5374\u5ff5\u6000\u82cd\u751f\u3000\u3000\u8bd5\u95ee\u5176\u8981\u5982\u4f55\u8d70\u51fa\u81ea\u5df1\u7684\u6c5f\u6e56\u8def\uff1f\u3000\u3000\uff08\u672c\u4f5c\u54c1\u6539\u7f16\u81ea\u897f\u5c71\u5c45\u7f51\u6e38\u300a\u5251\u4fa0\u60c5\u7f18\u4e09\u300b\uff09", "title": "\u5251\u4fa0\u5e03\u888b\u620f", "url": "http://www.17k.com/book/2651063.html", "average": -1.0, "cover": "http://img.17k.com/images/bookcover/2017/13255/66/2651063-1505813736000.jpg", "reviews": 50595, "authors": [{"url": "http://www.17k.com/zuozhe/57257853", "name": "\u9057\u58a8\u5b50"}], "type": ["\u6e38\u620f\u540c\u4eba"], "outlinks": ["http://www.17k.com/book/2794982.html", "http://www.17k.com/book/2801292.html", "http://www.17k.com/book/2816318.html", "http://www.17k.com/book/2797575.html", "http://www.17k.com/book/2802516.html", "http://www.17k.com/book/2812195.html", "http://www.17k.com/book/2820143.html", "http://www.17k.com/book/2807943.html", "http://www.17k.com/book/2813457.html", "http://www.17k.com/book/2798058.html", "http://www.17k.com/book/2815617.html", "http://www.17k.com/book/2805259.html", "http://www.17k.com/book/2760255.html", "http://www.17k.com/book/2686894.html", "http://www.17k.com/book/2797016.html", "http://www.17k.com/book/2767246.html", "http://www.17k.com/book/2764239.html", "http://www.17k.com/book/2754498.html", "http://www.17k.com/book/2754900.html", "http://www.17k.com/book/2625740.html", "http://www.17k.com/book/2213315.html", "http://www.17k.com/book/2402178.html", "http://www.17k.com/book/2691221.html", "http://www.17k.com/book/2210699.html", "http://www.17k.com/book/1797752.html", "http://www.17k.com/book/2575507.html", "http://www.17k.com/book/2705181.html", "http://www.17k.com/book/2702539.html", "http://www.17k.com/book/2474887.html", "http://www.17k.com/book/2674733.html", "http://www.17k.com/book/2822076.html", "http://www.17k.com/book/2809894.html", "http://www.17k.com/book/2822077.html", "http://www.17k.com/book/2811930.html", "http://www.17k.com/book/2815548.html", "http://www.17k.com/book/2819620.html", "http://www.17k.com/book/2809964.html", "http://www.17k.com/book/2808200.html", "http://www.17k.com/book/2820100.html", "http://www.17k.com/book/2822978.html", "http://www.17k.com/book/2804337.html", "http://www.17k.com/book/2798814.html", "http://www.17k.com/book/2785153.html", "http://www.17k.com/book/2731559.html", "http://www.17k.com/book/2722533.html", "http://www.17k.com/book/2458377.html", "http://www.17k.com/book/2743300.html", "http://www.17k.com/book/973809.html", "http://www.17k.com/book/2651367.html", "http://www.17k.com/book/2726194.html", "http://www.17k.com/book/2790214.html", "http://www.17k.com/book/493239.html", "http://www.17k.com/book/108821.html", "http://www.17k.com/book/1398783.html", "http://www.17k.com/book/83528.html", "http://www.17k.com/book/1859126.html", "http://www.17k.com/book/1741975.html", "http://www.17k.com/book/192453.html", "http://www.17k.com/book/2459058.html", "http://www.17k.com/book/1050747.html", "http://www.17k.com/book/2700315.html", "http://www.17k.com/book/2818940.html", "http://www.17k.com/book/2819519.html", "http://www.17k.com/book/2816390.html", "http://www.17k.com/book/2819588.html", "http://www.17k.com/book/2813768.html", "http://www.17k.com/book/2822406.html", "http://www.17k.com/book/2772164.html", "http://www.17k.com/book/2784023.html", "http://www.17k.com/book/2811877.html", "http://www.17k.com/book/2809119.html", "http://www.17k.com/book/2803700.html", "http://www.17k.com/book/2819561.html", "http://www.17k.com/book/2746506.html", "http://www.17k.com/book/2811836.html", "http://www.17k.com/book/2614810.html", "http://www.17k.com/book/1592435.html", "http://www.17k.com/book/1949748.html", "http://www.17k.com/book/2265802.html", "http://www.17k.com/book/2743240.html", "http://www.17k.com/book/2657437.html", "http://www.17k.com/book/2644502.html", "http://www.17k.com/book/2199900.html", "http://www.17k.com/book/2725436.html", "http://www.17k.com/book/2629978.html"]}