{"ratings": -1, "userreviews": [{"userName": "\u5bd2\u53f6\u76df\u3001\u5c0f\u767d", "userReviewDate": "2016-11-08", "userURL": "http://user.17k.com/11293938", "userReview": "&nbsp; &nbsp;\u5bd2\u53f6\u76dfVIP\u7fa4\u6536\u4eba\u5566\uff01\uff01\u7fa4\u53f7\uff1a213517779&nbsp;&nbsp; &nbsp;\u53ea\u9700\u8981100\u5757\uff0c\u5373\u53ef\u8fd1\u8ddd\u79bb\u89c2\u6469\u5927\u795e\uff01\uff01\uff01&nbsp; &nbsp;\u5e73\u5e38\u4e00\u4e9b\u4e66\u4e2d\u7684\u95ee\u9898\uff0c\u53ef\u4ee5\u95ee\u5927\u795e\u3002\u8fd8\u53ef\u4ee5\u548c\u5927\u795e\u4e00\u8d77\u7ec4\u961f\u5f00\u9ed1\uff01\uff01\uff01&nbsp; &nbsp;\u66f4\u91cd\u8981\u4ece\u6b64\u4f60\u4e0d\u518d\u662f\u4e00\u4e2a\u5b64\u5355\u7684\u4e66\u53cb\uff0c\u4f60\u53ef\u4ee5\u5c3d\u60c5\u8c03\u620f\u7fa4\u91cc\u7684\u5c0f\u59d0\u59d0\u4eec\uff01\uff01\uff01&nbsp; &nbsp;100\u5757\u4f60\u4e70\u4e0d\u4e86\u5403\u4e8f\uff0c100\u5757\u4f60\u4e70\u4e0d\u4e86\u4e0a\u5f53\uff0c100\u5757\u8ba9\u4f60\u4eab\u53d7\u8d35\u65cf\u5f85\u9047\uff0c100\u5757\u8ba9\u4f60\u7684\u9f99\u5957\u4e0d\u518d\u662f\u68a6\u60f3\uff01\uff01\uff01&nbsp; &nbsp;\u9a9a\u5e74\u90ce\u8d76\u5feb\u767b\u5165\u4f60\u7684QQ\uff0c\u52a0\u7fa4213517779\u5427\uff01"}, {"userName": "\u5931\u843d\u53f6", "userReviewDate": "2016-10-05", "userURL": "http://user.17k.com/540405", "userReview": "\u5e7f\u544a\u697c\uff0c\u5404\u4f4d\u5199\u6587\u7684\u5927\u5144\u5f1f\u4e0d\u8981\u53d1\u5728\u7248\u9762\u4e0a\u4e86\uff0c\u4e0d\u7136\u8981\u5220\u5566~~~"}, {"userName": "\u5931\u843d\u53f6", "userReviewDate": "2016-08-24", "userURL": "http://user.17k.com/540405", "userReview": "\u91cd\u65b0\u5f00\u4e2a\u89d2\u8272\u5f81\u96c6\u697c\uff0c\u53ea\u8981\u540d\u5b57\u5c31\u597d\uff0c\u522b\u7684\u4e0d\u7528\u8bbe\u5b9a\uff0c\u540d\u5b57\u7b26\u5408\u672c\u4e66\u98ce\u683c\u5c31\u66f4\u597d\u4e86\uff0c\u4e0a\u4e00\u4e2a\u5e16\u5b50\u5df2\u7ecf\u91c7\u7528\u4e86\u8bb8\u591a\uff0c\u5927\u5bb6\u8bf7\u7ee7\u7eed\u52a0\u6cb9\u3002"}, {"userName": "17K\u4e66\u53cbgnz44hr8", "userReviewDate": "2018-06-08", "userURL": "http://user.17k.com/58721210", "userReview": "\u53f6\u5b50\u7684\u4e66\u8d8a\u6765\u8d8a\u597d\u770b\u4e86\uff01"}, {"userName": "\u8bf8\u845b\u592a\u4eae", "userReviewDate": "2018-06-07", "userURL": "http://user.17k.com/13485948", "userReview": "66666666"}, {"userName": "\u8bf8\u845b\u592a\u4eae", "userReviewDate": "2018-06-06", "userURL": "http://user.17k.com/13485948", "userReview": "66666666"}, {"userName": "\u8bf8\u845b\u592a\u4eae", "userReviewDate": "2018-06-05", "userURL": "http://user.17k.com/13485948", "userReview": "666666"}, {"userName": "\u8bf8\u845b\u592a\u4eae", "userReviewDate": "2018-06-05", "userURL": "http://user.17k.com/13485948", "userReview": "666666"}, {"userName": "\u8bf8\u845b\u592a\u4eae", "userReviewDate": "2018-06-01", "userURL": "http://user.17k.com/13485948", "userReview": "6666666"}, {"userName": "\u8bf8\u845b\u592a\u4eae", "userReviewDate": "2018-06-01", "userURL": "http://user.17k.com/13485948", "userReview": "6666666"}, {"userName": "\u8bf8\u845b\u592a\u4eae", "userReviewDate": "2018-06-01", "userURL": "http://user.17k.com/13485948", "userReview": "6666666"}, {"userName": "\u8bf8\u845b\u592a\u4eae", "userReviewDate": "2018-05-31", "userURL": "http://user.17k.com/13485948", "userReview": "666666666"}, {"userName": "\u8f6c\u8eab\u95f4\u5fd8\u6389\u4f60", "userReviewDate": "2018-05-30", "userURL": "http://user.17k.com/6950724", "userReview": "17k\u624b\u673a\u7248\u7ec8\u751f\u4f1a\u5458\uff0c\u4e86\u89e3\u4e0b"}, {"userName": "\u8bf8\u845b\u592a\u4eae", "userReviewDate": "2018-05-29", "userURL": "http://user.17k.com/13485948", "userReview": "666666666"}, {"userName": "17K\u4e66\u53cbPWDQNCKP", "userReviewDate": "2018-05-28", "userURL": "http://user.17k.com/62259888", "userReview": "\u7b2c\u4e00\u4eba\u79f0\uff1f\u5f03\u4e86"}, {"userName": "17K\u4e66\u53cbn9c5grxw", "userReviewDate": "2018-05-25", "userURL": "http://user.17k.com/62021141", "userReview": "\u771f\u7684\u4e0d\u9519\u54e6"}, {"userName": "\u8bf8\u845b\u592a\u4eae", "userReviewDate": "2018-05-23", "userURL": "http://user.17k.com/13485948", "userReview": "6666666"}, {"userName": "\u8bf8\u845b\u592a\u4eae", "userReviewDate": "2018-05-22", "userURL": "http://user.17k.com/13485948", "userReview": "66666666"}, {"userName": "\u5723\u9690\u5e1d\u5143", "userReviewDate": "2018-05-19", "userURL": "http://user.17k.com/57760595", "userReview": "\u7b7e\u5230\u652f\u6301"}, {"userName": "\u8bf8\u845b\u592a\u4eae", "userReviewDate": "2018-05-18", "userURL": "http://user.17k.com/13485948", "userReview": "666666"}], "description": "\u5929\u5fc3\u4e2d\u5dde\u8d77\u5929\u98ce\uff0c\u56db\u6d77\u82f1\u8c6a\u9010\u767d\u9e7f\u3002\u3000\u3000\u4e71\u4e16\u4e2d\uff0c\u4e00\u4f4d\u5c11\u5e74\u4eba\u738b\u624b\u6301\u795e\u5251\uff0c\u8e0f\u4e07\u53e4\u5929\u8def\uff0c\u8bdb\u8bf8\u5929\u90aa\u9b54\uff0c\u94f8\u4e00\u6bb5\u5251\u738b\u4f20\u8bf4\uff01\u3000\u3000\u2014\u2014\u2014\u2014\u2014\u2014\u2014\u2014\u2014\u2014\u2014\u2014\u2014\u2014\u2014\u2014\u2014\u2014\u2014\u2014\u2014\u2014\u3000\u3000\u2460\u7fa4577150731\u3000\u3000\u2461\u7fa4428545141\u3000\u3000\u2462\u7fa411267222", "title": "\u5251\u738b\u4f20\u8bf4", "url": "http://www.17k.com/book/1974174.html", "average": -1.0, "cover": "http://img.17k.com/images/bookcover/2016/9870/49/1974174-1470016152000.jpg", "reviews": 228759607, "authors": [{"url": "http://www.17k.com/zuozhe/540405", "name": "\u5931\u843d\u53f6"}], "type": ["\u5f02\u754c\u5927\u9646"], "outlinks": ["http://www.17k.com/book/2794982.html", "http://www.17k.com/book/2801292.html", "http://www.17k.com/book/2816318.html", "http://www.17k.com/book/2797575.html", "http://www.17k.com/book/2802516.html", "http://www.17k.com/book/2812195.html", "http://www.17k.com/book/2820143.html", "http://www.17k.com/book/2807943.html", "http://www.17k.com/book/2813457.html", "http://www.17k.com/book/2798058.html", "http://www.17k.com/book/2815617.html", "http://www.17k.com/book/2805259.html", "http://www.17k.com/book/2760255.html", "http://www.17k.com/book/2686894.html", "http://www.17k.com/book/2797016.html", "http://www.17k.com/book/2767246.html", "http://www.17k.com/book/2764239.html", "http://www.17k.com/book/2754498.html", "http://www.17k.com/book/2754900.html", "http://www.17k.com/book/2625740.html", "http://www.17k.com/book/2213315.html", "http://www.17k.com/book/2402178.html", "http://www.17k.com/book/2691221.html", "http://www.17k.com/book/2210699.html", "http://www.17k.com/book/1797752.html", "http://www.17k.com/book/2575507.html", "http://www.17k.com/book/2705181.html", "http://www.17k.com/book/2702539.html", "http://www.17k.com/book/2474887.html", "http://www.17k.com/book/2674733.html", "http://www.17k.com/book/2822076.html", "http://www.17k.com/book/2809894.html", "http://www.17k.com/book/2822077.html", "http://www.17k.com/book/2811930.html", "http://www.17k.com/book/2815548.html", "http://www.17k.com/book/2819620.html", "http://www.17k.com/book/2809964.html", "http://www.17k.com/book/2808200.html", "http://www.17k.com/book/2820100.html", "http://www.17k.com/book/2822978.html", "http://www.17k.com/book/2804337.html", "http://www.17k.com/book/2798814.html", "http://www.17k.com/book/2785153.html", "http://www.17k.com/book/2731559.html", "http://www.17k.com/book/2722533.html", "http://www.17k.com/book/2458377.html", "http://www.17k.com/book/2743300.html", "http://www.17k.com/book/973809.html", "http://www.17k.com/book/2651367.html", "http://www.17k.com/book/2726194.html", "http://www.17k.com/book/2790214.html", "http://www.17k.com/book/493239.html", "http://www.17k.com/book/108821.html", "http://www.17k.com/book/1398783.html", "http://www.17k.com/book/83528.html", "http://www.17k.com/book/1859126.html", "http://www.17k.com/book/1741975.html", "http://www.17k.com/book/192453.html", "http://www.17k.com/book/2459058.html", "http://www.17k.com/book/1050747.html", "http://www.17k.com/book/2700315.html", "http://www.17k.com/book/2818940.html", "http://www.17k.com/book/2819519.html", "http://www.17k.com/book/2816390.html", "http://www.17k.com/book/2819588.html", "http://www.17k.com/book/2813768.html", "http://www.17k.com/book/2822406.html", "http://www.17k.com/book/2772164.html", "http://www.17k.com/book/2784023.html", "http://www.17k.com/book/2811877.html", "http://www.17k.com/book/2809119.html", "http://www.17k.com/book/2803700.html", "http://www.17k.com/book/2819561.html", "http://www.17k.com/book/2746506.html", "http://www.17k.com/book/2811836.html", "http://www.17k.com/book/2614810.html", "http://www.17k.com/book/1592435.html", "http://www.17k.com/book/1949748.html", "http://www.17k.com/book/2265802.html", "http://www.17k.com/book/2743240.html", "http://www.17k.com/book/2657437.html", "http://www.17k.com/book/2644502.html", "http://www.17k.com/book/2199900.html", "http://www.17k.com/book/2725436.html", "http://www.17k.com/book/2629978.html"]}