{"ratings": -1, "userreviews": [{"userName": "Hu\u67ab", "userReviewDate": "2017-07-14", "userURL": "http://user.17k.com/52288817", "userReview": "[\u6253\u8d4f]\u6211\u6253\u8d4f\u4e86500\u5143\u7ea2\u5305\uff01\uff01"}, {"userName": "\u51ac\u591c\u5c0f\u61a9", "userReviewDate": "2016-01-27", "userURL": "http://user.17k.com/10812328", "userReview": "\u624b\u673a\u4e00\u6539\u7248\u627e\u4e0d\u5230\u4ece\u54ea\u513f\u53d1\u4fe1\u606f\u4e86\uff0c17k\u628a\u6211\u641e\u7cca\u6d82\u4e86\uff0c\u53ea\u80fd\u8ddf\u7740\u8fd9\u4e48\u770b\u3002\u6211\u6765\u63d0\u610f\u89c1\u597d\u4e0d\u597d\uff0c\u540e\u9762\u90e8\u5206\u7684\u60c5\u8282\u5982\u679c\u80fd\u518d\u7d27\u51d1\u4e00\u4e9b\u4f1a\u770b\u7740\u66f4\u8212\u670d\u3002"}, {"userName": "\u80fd\u51fa\u6ca1\u6ce8\u610f", "userReviewDate": "2016-01-04", "userURL": "http://user.17k.com/38335788", "userReview": "\u5728\u4e0b\u662f<a target='_blank' href='http://user.17k.com/16214176'>@\u6d41\u795e\u6b66\u8f66</a> \u7684<a target='_blank' href='http://www.17k.com/book/1601780.html'>\u300a\u505a\u5076\u50cf\u548c\u4fee\u771f\u54ea\u4e2a\u96be\u300b</a>\u7684\u5fe0\u5b9e\u5e2e\u4f17\uff0c\u5df2\u4e3a\u5e2e\u4e3b\u60a8\u5728<a target='_blank' href='http://user.17k.com/32845976'>@\u4f46\u613f\u65e0\u6127</a> \u7684<a target='_blank' href='http://www.17k.com/book/1025265.html'>\u300a\u5288\u5929\u65a9\u795e\u300b</a>\u9996\u6218\u593a\u4e0b\u4e00\u4e2a\u63a8\u8350\u4f4d\uff0c\u8bf7\u5e2e\u4e3b\u5173\u6ce8\u5f1f\u5b50\u7684\u540e\u7eed\u8868\u73b0\uff01"}, {"userName": "\u5f39\u5251\u79c0\u624d", "userReviewDate": "2018-06-08", "userURL": "http://user.17k.com/46752401", "userReview": "\u819c\u62dc\u597d\u53cb\u4f73\u4f5c"}, {"userName": "\u5c18\u7985686702213", "userReviewDate": "2018-06-08", "userURL": "http://user.17k.com/45232705", "userReview": "\u5144\u5f1f\u597d\uff01"}, {"userName": "\u95fb\u9999\u53ef\u4eba", "userReviewDate": "2018-06-08", "userURL": "http://user.17k.com/52694972", "userReview": "\u54c8\uff0c\u7528\u529b\u6253"}, {"userName": "\u516c\u5b59\u7b71\u4f9d", "userReviewDate": "2018-06-07", "userURL": "http://user.17k.com/50423221", "userReview": "<span style='color:black'>\u52a0\u6cb9\uff01\u9001\u82b1\uff01</span>"}, {"userName": "\u80fd\u51fa\u6ca1\u6ce8\u610f", "userReviewDate": "2018-06-07", "userURL": "http://user.17k.com/38335788", "userReview": "\u90a3\u5c31\u6478\u9c7c\u5570"}, {"userName": "\u5de6\u6c0f\u5c0f\u732a", "userReviewDate": "2018-06-07", "userURL": "http://user.17k.com/33807972", "userReview": "\u592a\u7ed9\u529b\uff0c\u8fd9\u4e66"}, {"userName": "\u95fb\u9999\u53ef\u4eba", "userReviewDate": "2018-06-07", "userURL": "http://user.17k.com/52694972", "userReview": "\u5566\u5566\u5566\uff0c\u9ad8\u8003\u7ed3\u675f\uff0c\u6765\u770b\u732b\u5e08\u5144"}, {"userName": "\u516c\u5b59\u7b71\u4f9d", "userReviewDate": "2018-06-06", "userURL": "http://user.17k.com/50423221", "userReview": "\u82b1\u82b1\u652f\u6301\uff01"}, {"userName": "\u80fd\u51fa\u6ca1\u6ce8\u610f", "userReviewDate": "2018-06-06", "userURL": "http://user.17k.com/38335788", "userReview": "\u7ea6\u8d77"}, {"userName": "\u5f20\u6e58\u5b50", "userReviewDate": "2018-06-06", "userURL": "http://user.17k.com/45287399", "userReview": "\u627e\u4e86\u4e00\u5708\uff0c\u8fd8\u597d\u4f60\u8fd8\u5728\uff0c\u4e0d\u8fc7\u8981\u5411\u4f60\u770b\u9f50\u4e86\uff0c1300\u591a\u5929\u4e86"}, {"userName": "\u77e5\u79cb\u61c2\u79cb\u8d4f\u79cb", "userReviewDate": "2018-06-06", "userURL": "http://user.17k.com/56115906", "userReview": "\u4e00\u95f2\u5927\u5927\u5348\u597d\u3002"}, {"userName": "\u95fb\u9999\u53ef\u4eba", "userReviewDate": "2018-06-06", "userURL": "http://user.17k.com/52694972", "userReview": "\u90a3\u4eba\u53bb\u54ea\u513f\u4e86\uff1f"}, {"userName": "\u516c\u5b59\u7b71\u4f9d", "userReviewDate": "2018-06-05", "userURL": "http://user.17k.com/50423221", "userReview": "\u665a\u4e0a\u597d\uff01"}, {"userName": "\u516c\u5b50\u9e3d", "userReviewDate": "2018-06-05", "userURL": "http://user.17k.com/32767958", "userReview": "\u665a\u597d---"}, {"userName": "\u80fd\u51fa\u6ca1\u6ce8\u610f", "userReviewDate": "2018-06-05", "userURL": "http://user.17k.com/38335788", "userReview": "\u8981\u4e60\u60ef\u6b66\u529b"}, {"userName": "\u5f39\u5251\u79c0\u624d", "userReviewDate": "2018-06-05", "userURL": "http://user.17k.com/46752401", "userReview": "\u4e00\u5973\u5b50\u56b7\u56b7\u9053\uff1a\u201c\u6211\u60f3\u5b66\u6c14\u529f\u517b\u751f\u3002\u201d \u201c\u4f60\u4e0d\u7528\u82b1\u94b1\u5b66\uff0c\u6211\u5c31\u4f1a\u6c14\u529f\u3002\u201d\u7537\u5b50\u7b54\u9053\u3002 \u201c\u7ed3\u5a5a\u8fd9\u4e48\u591a\u5e74\uff0c\u6211\u600e\u4e48\u6ca1\u770b\u51fa\u4f60\u6709\u8fd9\u672c\u4e8b\u5462?\u201d\u5973\u5b50\u60ca\u5440\u7684\u95ee\u9053\u3002 \u201c\u6211\u73b0\u5728\u5c31\u8868\u6f14\u7ed9\u4f60\u770b\u3002\u201d\u7537\u5b50\u8bf4\u9053\u3002 \u201c\u4f60\u8868\u6f14\u5427\uff0c\u6211\u77a7\u7740\u5462\u3002\u201d\u5973\u5b50\u8bf4\u9053\u3002 \u201c\u6211\u9700\u8981\u4f60\u7684\u914d\u5408\uff0c\u4f60\u6253\u5f00\u62bd\u5c49\uff0c\u62ff\u51fa\u5b58\u6298\u540e\u7ffb\u5f00\u3002\u201d\u7537\u5b50\u8bf4\u9053\u3002 \u59bb\u5b50\u6253\u5f00\u5b58\u6298\u770b\uff0c\u4e0a\u9762\u7684\u4f59\u989d\u4e3a\u96f6\u3002 \u201c\u94b1\u5462?\u201d\u59bb\u5b50\u751f\u6c14\u7684\u95ee\u3002 \u201c\u6211\u501f\u7ed9\u5c0f\u5c71\u4e86(\u5c0f\u4e09)\u3002\u201d\u7537\u5b50\u7b54\u9053\u3002 \u201c\u6562\u80cc\u7740\u6211\u517b\u60c5\u5987\u4e86\u3002\u201d \u4e00\u987f\u66b4\u6253\uff0c\u7537\u5b50\u7684\u5934\u88ab\u6253\u8499\u3002 \u201c\u6c14\u529f\u6211\u4f1a\u4e86\uff0c\u4f60\u4f1a\u94c1\u5934\u529f\u5417?\u201d \u201c\u6211\u6ca1\u517b\u5c0f\u4e09\uff0c\u662f\u6211\u7684\u54e5\u4eec\u53eb\u5c0f\u5c71\u3002\u201d \u8fd9\u5c31\u662f\u89e3\u91ca\u4e0d\u529b\u7684\u60b2\u5267\u3002\u54c8\u54c8"}, {"userName": "\u95fb\u9999\u53ef\u4eba", "userReviewDate": "2018-06-05", "userURL": "http://user.17k.com/52694972", "userReview": "\u4e0d\u653e\uff0c\u653e\u4e86\u627e\u8c01\u73a9\u53bb"}], "description": "\u5c01\u5370\u5c06\u7834\uff0c\u9b3c\u3001\u9b54\u8822\u8822\u6b32\u52a8\uff0c\u5a01\u80c1\u5929\u4e0b\u82cd\u751f\uff01\u3000\u3000\u5c11\u5e74\u9038\u5c18\uff0c\u4fee\u300a\u5927\u4e94\u884c\u8bc0\u300b\uff0c\u5f97\u65e0\u6781\u5251\uff0c\u805a\u661f\u8fb0\u4e4b\u529b\uff0c\u62e5\u9020\u5316\u4e4b\u529f\u3002\u3000\u3000\u5165\u9b3c\u57df\u95ef\u9b54\u754c\uff0c\u5929\u4e0b\u521d\u5b9a\u3002\u3000\u3000\u672a\u5f97\u5598\u606f\u4e4b\u673a\uff0c\u5371\u673a\u53c8\u81f3\uff0c\u771f\u6b63\u7684\u6d69\u52ab\u624d\u521a\u521a\u62c9\u5f00\u5e8f\u5e55\u2026\u2026\u3000\u3000\u2014\u2014\u2014\u2014\u3000\u3000\u4e0d\u4e00\u6837\u7684\u7384\u5e7b\uff0c\u4e0d\u4e00\u6837\u7684\u7cbe\u5f69\uff01\u3000\u3000\u8bfb\u8005\u7fa4\u53f7375502878\uff0c\u6b22\u8fce\u52a0\u5165\uff01", "title": "\u5288\u5929\u65a9\u795e", "url": "http://www.17k.com/book/1025265.html", "average": -1.0, "cover": "http://img.17k.com/images/bookcover/2014/5126/25/1025265-1415156670000.jpg", "reviews": 9695425, "authors": [{"url": "http://www.17k.com/zuozhe/32845976", "name": "\u6c5f\u8fb9\u4e00\u95f2"}], "type": ["\u4e1c\u65b9\u7384\u5e7b"], "outlinks": ["http://www.17k.com/book/2794982.html", "http://www.17k.com/book/2801292.html", "http://www.17k.com/book/2816318.html", "http://www.17k.com/book/2797575.html", "http://www.17k.com/book/2802516.html", "http://www.17k.com/book/2812195.html", "http://www.17k.com/book/2820143.html", "http://www.17k.com/book/2807943.html", "http://www.17k.com/book/2813457.html", "http://www.17k.com/book/2798058.html", "http://www.17k.com/book/2815617.html", "http://www.17k.com/book/2805259.html", "http://www.17k.com/book/2760255.html", "http://www.17k.com/book/2686894.html", "http://www.17k.com/book/2797016.html", "http://www.17k.com/book/2767246.html", "http://www.17k.com/book/2764239.html", "http://www.17k.com/book/2754498.html", "http://www.17k.com/book/2754900.html", "http://www.17k.com/book/2625740.html", "http://www.17k.com/book/2213315.html", "http://www.17k.com/book/2402178.html", "http://www.17k.com/book/2691221.html", "http://www.17k.com/book/2210699.html", "http://www.17k.com/book/1797752.html", "http://www.17k.com/book/2575507.html", "http://www.17k.com/book/2705181.html", "http://www.17k.com/book/2702539.html", "http://www.17k.com/book/2474887.html", "http://www.17k.com/book/2674733.html", "http://www.17k.com/book/2822076.html", "http://www.17k.com/book/2809894.html", "http://www.17k.com/book/2822077.html", "http://www.17k.com/book/2811930.html", "http://www.17k.com/book/2815548.html", "http://www.17k.com/book/2819620.html", "http://www.17k.com/book/2809964.html", "http://www.17k.com/book/2808200.html", "http://www.17k.com/book/2820100.html", "http://www.17k.com/book/2822978.html", "http://www.17k.com/book/2804337.html", "http://www.17k.com/book/2798814.html", "http://www.17k.com/book/2785153.html", "http://www.17k.com/book/2731559.html", "http://www.17k.com/book/2722533.html", "http://www.17k.com/book/2458377.html", "http://www.17k.com/book/2743300.html", "http://www.17k.com/book/973809.html", "http://www.17k.com/book/2651367.html", "http://www.17k.com/book/2726194.html", "http://www.17k.com/book/2790214.html", "http://www.17k.com/book/493239.html", "http://www.17k.com/book/108821.html", "http://www.17k.com/book/1398783.html", "http://www.17k.com/book/83528.html", "http://www.17k.com/book/1859126.html", "http://www.17k.com/book/1741975.html", "http://www.17k.com/book/192453.html", "http://www.17k.com/book/2459058.html", "http://www.17k.com/book/1050747.html", "http://www.17k.com/book/2700315.html", "http://www.17k.com/book/2818940.html", "http://www.17k.com/book/2819519.html", "http://www.17k.com/book/2816390.html", "http://www.17k.com/book/2819588.html", "http://www.17k.com/book/2813768.html", "http://www.17k.com/book/2822406.html", "http://www.17k.com/book/2772164.html", "http://www.17k.com/book/2784023.html", "http://www.17k.com/book/2811877.html", "http://www.17k.com/book/2809119.html", "http://www.17k.com/book/2803700.html", "http://www.17k.com/book/2819561.html", "http://www.17k.com/book/2746506.html", "http://www.17k.com/book/2811836.html", "http://www.17k.com/book/2614810.html", "http://www.17k.com/book/1592435.html", "http://www.17k.com/book/1949748.html", "http://www.17k.com/book/2265802.html", "http://www.17k.com/book/2743240.html", "http://www.17k.com/book/2657437.html", "http://www.17k.com/book/2644502.html", "http://www.17k.com/book/2199900.html", "http://www.17k.com/book/2725436.html", "http://www.17k.com/book/2629978.html"]}