{"ratings": -1, "userreviews": [{"userName": "\u6700\u5e05\u7684\u5e05\u767d", "userReviewDate": "2018-03-28", "userURL": "http://user.17k.com/47577798", "userReview": "\u5e7f\u544a\u697c\uff01\u6700\u8fd1\u4e66\u8bc4\u5e7f\u544a\u592a\u591a\uff0c\u5f00\u4e2a\u5e7f\u544a\u697c\uff0c\u60f3\u53d1\u5e7f\u544a\u7684\u5c0f\u5e7f\u544a\u53d1\u5728\u8fd9\u91cc\uff0c\u53d1\u5728\u5916\u8fb9\u7684\u7b2c\u4e00\u6b21\u5220\u9664\uff0c\u7b2c\u4e8c\u6b21\u7981\u8a00\uff0c\u8c22\u8c22\u5408\u4f5c\uff01"}, {"userName": "\u300e\u9970\u8bec\u300f", "userReviewDate": "2018-06-08", "userURL": "http://user.17k.com/7286661", "userReview": "[\u6253\u8d4f]\u6211\u6253\u8d4f\u4e861\u4e2a'\u5927\u529b\u7801\u5b57\u4e38'\uff01\uff01"}, {"userName": "\u5929\u610f823455045", "userReviewDate": "2018-06-08", "userURL": "http://user.17k.com/60269502", "userReview": "\u54c8\u54c8\u54c8\u54c8\u54c8\u54c8\u54c8\u54c8"}, {"userName": "\u5929\u610f823455045", "userReviewDate": "2018-06-07", "userURL": "http://user.17k.com/60269502", "userReview": "\u611f\u89c9\u597d\u5047\u554a"}, {"userName": "\u5357\u8001", "userReviewDate": "2018-06-07", "userURL": "http://user.17k.com/43411262", "userReview": "\u671f\u5f85\u5267\u60c5\u53d1\u5c55"}, {"userName": "GTs.\u6d54", "userReviewDate": "2018-06-06", "userURL": "http://user.17k.com/30466913", "userReview": "\u662f\u4e0d\u662f\u592a\u61e6\u5f31\uff1f"}, {"userName": "17K\u4e66\u53cbYFLEKWYU", "userReviewDate": "2018-06-06", "userURL": "http://user.17k.com/59489723", "userReview": "[\u6253\u8d4f]\u6211\u6253\u8d4f\u4e861\u5143\u7ea2\u5305\uff01\uff01"}, {"userName": "\u5929\u610f823455045", "userReviewDate": "2018-06-06", "userURL": "http://user.17k.com/60269502", "userReview": "\u4f5c\u8005\u5e94\u8be5\u662f\u533b\u751f\u5427"}, {"userName": "\u5929\u610f823455045", "userReviewDate": "2018-06-05", "userURL": "http://user.17k.com/60269502", "userReview": "\u66f4\u65b0\u5feb\u70b9\u554a\uff1f"}, {"userName": "\u5929\u610f823455045", "userReviewDate": "2018-06-04", "userURL": "http://user.17k.com/60269502", "userReview": "&#55357;&#56881;&#55357;&#56881;&#55357;&#56881;&#55357;&#56881;&#55357;&#56881;&#55357;&#56881;"}, {"userName": "\u5357\u8001", "userReviewDate": "2018-06-04", "userURL": "http://user.17k.com/43411262", "userReview": "\u53c8\u4e71\u53d1\u5e7f\u544a\u7684\uff0c\u751a\u81f3\u662f\u8fdd\u6cd5\u5e7f\u544a"}, {"userName": "\u98ce\u4e4d\u8d77307377488", "userReviewDate": "2018-06-03", "userURL": "http://user.17k.com/62487843", "userReview": "\u767d\u2026\u2026\u2026\u2026\u2026\u2026"}, {"userName": "\u68a6\u9192\u5929\u5dee", "userReviewDate": "2018-06-03", "userURL": "http://user.17k.com/59595211", "userReview": "\u5927\u5927\u52a0\u6cb9\uff01"}, {"userName": "\u5357\u8001", "userReviewDate": "2018-06-03", "userURL": "http://user.17k.com/43411262", "userReview": "\u4f5c\u8005\u5b66\u533b\u7684\u5427"}, {"userName": "\u5929\u610f823455045", "userReviewDate": "2018-06-03", "userURL": "http://user.17k.com/60269502", "userReview": "&#55357;&#56490;&#55357;&#56490;&#55357;&#56490;&#55357;&#56490;&#55357;&#56490;&#55357;&#56490;"}, {"userName": "\u5929\u610f823455045", "userReviewDate": "2018-06-02", "userURL": "http://user.17k.com/60269502", "userReview": "&#55357;&#56882;&#55357;&#56882;&#55357;&#56882;&#55357;&#56882;&#55357;&#56882;&#55357;&#56882;&#55357;&#56882;"}, {"userName": "\u5357\u8001", "userReviewDate": "2018-06-02", "userURL": "http://user.17k.com/43411262", "userReview": "\u8fd9\u4e2a\u9759\u6d77\u548c\u6211\u5bb6\u5929\u6d25\u7684\u9759\u6d77\u6709\u5173\u7cfb\u5417"}, {"userName": "\u5be1\u5973\uff1f", "userReviewDate": "2018-06-01", "userURL": "http://user.17k.com/15920074", "userReview": "[\u6253\u8d4f]\u6211\u6253\u8d4f\u4e861\u4e2a'\u5c0f\u5fc3\u5fc3'\uff01\uff01"}, {"userName": "\u5929\u610f823455045", "userReviewDate": "2018-06-01", "userURL": "http://user.17k.com/60269502", "userReview": "&#55357;&#56397;&#55357;&#56397;&#55357;&#56397;&#55357;&#56397;&#55357;&#56397;&#55357;&#56397;"}, {"userName": "\u5357\u8001", "userReviewDate": "2018-06-01", "userURL": "http://user.17k.com/43411262", "userReview": "\u8fd9\u4e66\u5230\u8fd9\u6709\u70b9\u8650\u5fc3\u4e86"}], "description": "\u5b9e\u4e60\u9a6c\u4e0a\u7ed3\u675f\uff0c\u5bf9\u7559\u9662\u5df2\u7ecf\u4e0d\u62b1\u4efb\u4f55\u5e0c\u671b\u7684\u695a\u5929\u7fbd\u6709\u7684\u53ea\u5269\u4e0b\u5bf9\u672a\u6765\u7684\u8ff7\u832b\uff0c\u4f46\u5c31\u5728\u8fd9\u65f6\u5019\u4e0a\u5e1d\u8ddf\u4ed6\u5f00\u4e86\u4e00\u4e2a\u5929\u5927\u7684\u73a9\u7b11\uff0c\u8ba9\u4ed6\u53ef\u4ee5\u5728\u672b\u4e16\u4e0e\u73b0\u5b9e\u4e16\u754c\u81ea\u7531\u7a7f\u68ad\uff0c\u4e00\u4e2a\u5d2d\u65b0\u7684\u5927\u65f6\u4ee3\u5411\u695a\u5929\u7fbd\u6253\u5f00\u4e86\u4e00\u6247\u5927\u95e8\uff01\u3000\u3000\u4e66\u53cb\u7fa41\uff1a177488682\uff08\u559c\u6b22\u804a\u5929\u7684\u670b\u53cb\u8fdb\uff09", "title": "\u533b\u8def\u98ce\u4e91", "url": "http://www.17k.com/book/2699069.html", "average": -1.0, "cover": "http://img.17k.com/images/bookcover/2017/13495/67/2699069-1509957435000.jpg", "reviews": 1749921, "authors": [{"url": "http://www.17k.com/zuozhe/47577798", "name": "\u6700\u5e05\u7684\u5e05\u767d"}], "type": ["\u90fd\u5e02\u5f02\u80fd"], "outlinks": ["http://www.17k.com/book/2794982.html", "http://www.17k.com/book/2801292.html", "http://www.17k.com/book/2816318.html", "http://www.17k.com/book/2797575.html", "http://www.17k.com/book/2802516.html", "http://www.17k.com/book/2812195.html", "http://www.17k.com/book/2820143.html", "http://www.17k.com/book/2807943.html", "http://www.17k.com/book/2813457.html", "http://www.17k.com/book/2798058.html", "http://www.17k.com/book/2815617.html", "http://www.17k.com/book/2805259.html", "http://www.17k.com/book/2760255.html", "http://www.17k.com/book/2686894.html", "http://www.17k.com/book/2797016.html", "http://www.17k.com/book/2767246.html", "http://www.17k.com/book/2764239.html", "http://www.17k.com/book/2754498.html", "http://www.17k.com/book/2754900.html", "http://www.17k.com/book/2625740.html", "http://www.17k.com/book/2213315.html", "http://www.17k.com/book/2402178.html", "http://www.17k.com/book/2691221.html", "http://www.17k.com/book/2210699.html", "http://www.17k.com/book/1797752.html", "http://www.17k.com/book/2575507.html", "http://www.17k.com/book/2705181.html", "http://www.17k.com/book/2702539.html", "http://www.17k.com/book/2474887.html", "http://www.17k.com/book/2674733.html", "http://www.17k.com/book/2822076.html", "http://www.17k.com/book/2809894.html", "http://www.17k.com/book/2822077.html", "http://www.17k.com/book/2811930.html", "http://www.17k.com/book/2815548.html", "http://www.17k.com/book/2819620.html", "http://www.17k.com/book/2809964.html", "http://www.17k.com/book/2808200.html", "http://www.17k.com/book/2820100.html", "http://www.17k.com/book/2822978.html", "http://www.17k.com/book/2804337.html", "http://www.17k.com/book/2798814.html", "http://www.17k.com/book/2785153.html", "http://www.17k.com/book/2731559.html", "http://www.17k.com/book/2722533.html", "http://www.17k.com/book/2458377.html", "http://www.17k.com/book/2743300.html", "http://www.17k.com/book/973809.html", "http://www.17k.com/book/2651367.html", "http://www.17k.com/book/2726194.html", "http://www.17k.com/book/2790214.html", "http://www.17k.com/book/493239.html", "http://www.17k.com/book/108821.html", "http://www.17k.com/book/1398783.html", "http://www.17k.com/book/83528.html", "http://www.17k.com/book/1859126.html", "http://www.17k.com/book/1741975.html", "http://www.17k.com/book/192453.html", "http://www.17k.com/book/2459058.html", "http://www.17k.com/book/1050747.html", "http://www.17k.com/book/2700315.html", "http://www.17k.com/book/2818940.html", "http://www.17k.com/book/2819519.html", "http://www.17k.com/book/2816390.html", "http://www.17k.com/book/2819588.html", "http://www.17k.com/book/2813768.html", "http://www.17k.com/book/2822406.html", "http://www.17k.com/book/2772164.html", "http://www.17k.com/book/2784023.html", "http://www.17k.com/book/2811877.html", "http://www.17k.com/book/2809119.html", "http://www.17k.com/book/2803700.html", "http://www.17k.com/book/2819561.html", "http://www.17k.com/book/2746506.html", "http://www.17k.com/book/2811836.html", "http://www.17k.com/book/2614810.html", "http://www.17k.com/book/1592435.html", "http://www.17k.com/book/1949748.html", "http://www.17k.com/book/2265802.html", "http://www.17k.com/book/2743240.html", "http://www.17k.com/book/2657437.html", "http://www.17k.com/book/2644502.html", "http://www.17k.com/book/2199900.html", "http://www.17k.com/book/2725436.html", "http://www.17k.com/book/2629978.html"]}