{"ratings": -1, "userreviews": [{"userName": "\u6728\u6210\u96ea\u672c\u5c0a", "userReviewDate": "2018-06-07", "userURL": "http://user.17k.com/61431037", "userReview": "\u6211\u4e5f\u5efa\u4e2a\u5e7f\u544a\u697c\u5427\uff01\u4f5c\u8005\u90fd\u633a\u4e0d\u5bb9\u6613\u7684\uff0c\u53c8\u56e0\u4e3a\u7cfb\u7edf\u4f1a\u81ea\u52a8\u5220\u9664\u6253\u5e7f\u544a\u7684\uff0c\u6240\u4ee5\uff0c\u5c31\u5728\u8fd9\u91cc\u6253\u5e7f\u544a\u5427\uff01"}, {"userName": "\u96e8\u6668233", "userReviewDate": "2018-06-08", "userURL": "http://user.17k.com/60804302", "userReview": "\u5348\u597d\u554a~^o^"}, {"userName": "\u4e3a\u4f60@\u5b88\u5019737315491", "userReviewDate": "2018-06-08", "userURL": "http://user.17k.com/62615660", "userReview": "\u633a\u597d\u7684\u5566\uff0c\u52a0\u6cb9"}, {"userName": "\u98de\u7684\u66f4\u9ad8zwm", "userReviewDate": "2018-06-07", "userURL": "http://user.17k.com/62603984", "userReview": "\u6211\u975e\u5e38\u671f\u5f85"}, {"userName": "\u7269\u8bed\u5fc3\u75d5\u4eae", "userReviewDate": "2018-06-06", "userURL": "http://user.17k.com/60958050", "userReview": "\u597d\u770b\uff0c\u52a0\u6cb9\u66f4\u65b0\uff01"}, {"userName": "17k\u4e66\u53cbwoflahi3s", "userReviewDate": "2018-06-04", "userURL": "http://user.17k.com/62221105", "userReview": "\u90a3\u513f\u840c\u840c\u54d2\u8fd9\u4e00\u7bc7\u7684\u4eba\u7269\u5bf9\u767d\uff0c\u5199\u7684\u592a\u6709\u5473\u4e86\uff0c\u9876\u4e00\u4e2a\uff0c\u52a0\u6cb9\u554a\uff01"}, {"userName": "AAA\u5a01", "userReviewDate": "2018-05-28", "userURL": "http://user.17k.com/62258818", "userReview": "[\u6253\u8d4f]\u6211\u6253\u8d4f\u4e862\u5143\u7ea2\u5305\uff01\uff01"}, {"userName": "\u98de\u821e\u98de\u7fd4\u98de", "userReviewDate": "2018-05-28", "userURL": "http://user.17k.com/62255430", "userReview": "[\u6253\u8d4f]\u6211\u6253\u8d4f\u4e862\u5143\u7ea2\u5305\uff01\uff01"}, {"userName": "\u6d3d\u5982\u4e00\u68a6", "userReviewDate": "2018-05-24", "userURL": "http://user.17k.com/46366445", "userReview": "\u4e66\u540d\u4e0d\u9519\uff0c\u6211\u53bb\u770b\u770b\uff01"}, {"userName": "\u6a1f\u6811\u9752\u9752", "userReviewDate": "2018-05-23", "userURL": "http://user.17k.com/60331207", "userReview": "\u76f8\u4e92\u652f\u6301\uff0c\u70b9\u4e2a\u8d5e\uff01"}, {"userName": "22\u5929", "userReviewDate": "2018-05-23", "userURL": "http://user.17k.com/62091350", "userReview": "\u5389\u5bb3"}, {"userName": "\u7269\u8bed\u5fc3\u75d5\u4eae", "userReviewDate": "2018-05-22", "userURL": "http://user.17k.com/60958050", "userReview": "\u7ec8\u4e8e\u53c8\u770b\u5230\u5927\u5927\u53d1\u65b0\u4e66\uff0c\u7279\u6765\u795d\u8d3a\uff01"}, {"userName": "17k\u4e66\u53cbeipv929ck", "userReviewDate": "2018-05-22", "userURL": "http://user.17k.com/62066595", "userReview": "[\u6253\u8d4f]\u6211\u6253\u8d4f\u4e868\u5143\u7ea2\u5305\uff01\uff01"}, {"userName": "\u72c2\u60f3\u66f2\u5927\u7206\u70b8", "userReviewDate": "2018-05-17", "userURL": "http://user.17k.com/42844870", "userReview": "\u98d8\u6e3a\u7684\u5b64\u72ec\u524d\u6765\u62dc\u8bbf"}, {"userName": "\u661f\u7a7a\u591c\u68a6\u58f9", "userReviewDate": "2018-05-10", "userURL": "http://user.17k.com/58116533", "userReview": "\u6587\u6587\u4e0d\u9519\uff0c\u5f00\u7bc7\u5f88\u7cbe\u5f69\uff0c\u8bb0\u5f97\u7b2c\u4e00\u6bb5\u7a7a\u683c\u4e24\u4e2a\u5b57\u54df\uff01"}, {"userName": "\u661f\u7a7a\u591c\u68a6\u58f9", "userReviewDate": "2018-05-10", "userURL": "http://user.17k.com/58116533", "userReview": "<a target='_blank' href='http://www.17k.com/book/2705953.html'>\u300a\u9b3c\u8ff9\u5bfb\u8e2a\u300b</a>\u6765\u8bbf\uff0c\u770b\u4e66\u652f\u6301"}, {"userName": "\u661f\u7a7a\u591c\u68a6\u58f9", "userReviewDate": "2018-05-10", "userURL": "http://user.17k.com/58116533", "userReview": "\u62a2\u8d70\u6c99\u53d1\u54af"}], "description": "\u62e5\u6f02\u4eae\u5973\u540c\u4e8b\uff0c\u62b1\u6027\u611f\u5973\u4e0a\u53f8\uff0c\u9493\u5a31\u4e50\u5973\u660e\u661f\u2026\u2026\u4e00\u5207\u90fd\u56e0\u4e3a\uff0c\u6211\u7684\u90a3\u5f20\u5343\u4e07\u5f69\u7968\u2026\u2026", "title": "\u5343\u4e07\u5927\u5956", "url": "http://www.17k.com/book/2819620.html", "average": -1.0, "cover": "http://img.17k.com/images/bookcover/2018/14098/70/2819620-1525676172000.jpg", "reviews": 20727, "authors": [{"url": "http://www.17k.com/zuozhe/61431037", "name": "\u6728\u6210\u96ea\u672c\u5c0a"}], "type": ["\u90fd\u5e02\u751f\u6d3b"], "outlinks": ["http://www.17k.com/book/2794982.html", "http://www.17k.com/book/2801292.html", "http://www.17k.com/book/2816318.html", "http://www.17k.com/book/2797575.html", "http://www.17k.com/book/2802516.html", "http://www.17k.com/book/2812195.html", "http://www.17k.com/book/2820143.html", "http://www.17k.com/book/2807943.html", "http://www.17k.com/book/2813457.html", "http://www.17k.com/book/2798058.html", "http://www.17k.com/book/2815617.html", "http://www.17k.com/book/2805259.html", "http://www.17k.com/book/2760255.html", "http://www.17k.com/book/2686894.html", "http://www.17k.com/book/2797016.html", "http://www.17k.com/book/2767246.html", "http://www.17k.com/book/2764239.html", "http://www.17k.com/book/2754498.html", "http://www.17k.com/book/2754900.html", "http://www.17k.com/book/2625740.html", "http://www.17k.com/book/2213315.html", "http://www.17k.com/book/2402178.html", "http://www.17k.com/book/2691221.html", "http://www.17k.com/book/2210699.html", "http://www.17k.com/book/1797752.html", "http://www.17k.com/book/2575507.html", "http://www.17k.com/book/2705181.html", "http://www.17k.com/book/2702539.html", "http://www.17k.com/book/2474887.html", "http://www.17k.com/book/2674733.html", "http://www.17k.com/book/2822076.html", "http://www.17k.com/book/2809894.html", "http://www.17k.com/book/2822077.html", "http://www.17k.com/book/2811930.html", "http://www.17k.com/book/2815548.html", "http://www.17k.com/book/2819620.html", "http://www.17k.com/book/2809964.html", "http://www.17k.com/book/2808200.html", "http://www.17k.com/book/2820100.html", "http://www.17k.com/book/2822978.html", "http://www.17k.com/book/2804337.html", "http://www.17k.com/book/2798814.html", "http://www.17k.com/book/2785153.html", "http://www.17k.com/book/2731559.html", "http://www.17k.com/book/2722533.html", "http://www.17k.com/book/2458377.html", "http://www.17k.com/book/2743300.html", "http://www.17k.com/book/973809.html", "http://www.17k.com/book/2651367.html", "http://www.17k.com/book/2726194.html", "http://www.17k.com/book/2790214.html", "http://www.17k.com/book/493239.html", "http://www.17k.com/book/108821.html", "http://www.17k.com/book/1398783.html", "http://www.17k.com/book/83528.html", "http://www.17k.com/book/1859126.html", "http://www.17k.com/book/1741975.html", "http://www.17k.com/book/192453.html", "http://www.17k.com/book/2459058.html", "http://www.17k.com/book/1050747.html", "http://www.17k.com/book/2700315.html", "http://www.17k.com/book/2818940.html", "http://www.17k.com/book/2819519.html", "http://www.17k.com/book/2816390.html", "http://www.17k.com/book/2819588.html", "http://www.17k.com/book/2813768.html", "http://www.17k.com/book/2822406.html", "http://www.17k.com/book/2772164.html", "http://www.17k.com/book/2784023.html", "http://www.17k.com/book/2811877.html", "http://www.17k.com/book/2809119.html", "http://www.17k.com/book/2803700.html", "http://www.17k.com/book/2819561.html", "http://www.17k.com/book/2746506.html", "http://www.17k.com/book/2811836.html", "http://www.17k.com/book/2614810.html", "http://www.17k.com/book/1592435.html", "http://www.17k.com/book/1949748.html", "http://www.17k.com/book/2265802.html", "http://www.17k.com/book/2743240.html", "http://www.17k.com/book/2657437.html", "http://www.17k.com/book/2644502.html", "http://www.17k.com/book/2199900.html", "http://www.17k.com/book/2725436.html", "http://www.17k.com/book/2629978.html"]}