{"ratings": -1, "userreviews": [{"userName": "\u5b88\u671b\u4e00\u7247\u5929\u7a7a", "userReviewDate": "2018-06-07", "userURL": "http://user.17k.com/51831991", "userReview": "(&acute;\uff65\u03c9\uff65`)\u4e0d\u591f\u770b\u554a \u963f\u897f\u5427\uff01"}, {"userName": "\u5b88\u671b\u4e00\u7247\u5929\u7a7a", "userReviewDate": "2018-06-05", "userURL": "http://user.17k.com/51831991", "userReview": "\u633a\u4e0d\u9519\u7684\uff0c\u5e0c\u671b\u80fd\u4e00\u5929\u591a\u66f4\u65b0\u51e0\u7ae0\uff01"}, {"userName": "\u7af9\u4e0b\u661f\u67f3", "userReviewDate": "2018-06-04", "userURL": "http://user.17k.com/56040077", "userReview": "\u652f\u6301\u65b0\u4e66\uff0c\u52a0\u6cb9\uff01\u5f88\u4e0d\u9519\u54e6\uff01"}, {"userName": "\u6708\u843d\u68a6\u8ffd\u5fc6", "userReviewDate": "2018-06-02", "userURL": "http://user.17k.com/57478135", "userReview": "\u5199\u4e66\u4e0d\u6613\uff0c\u8ffd\u5fc6\u524d\u6765\u52a9\u9635\uff0c\u5f3a\u52bf\u652f\u6301"}, {"userName": "\u661f\u7a7a\u591c\u68a6\u58f9", "userReviewDate": "2018-05-31", "userURL": "http://user.17k.com/58116533", "userReview": "\u7ee7\u7eed\u52a0\u6cb9\u5440\uff0c\u575a\u6301\u66f4\u65b0\uff0c\u4f60\u662f\u6700\u68d2\u7684"}, {"userName": "\u661f\u7a7a\u591c\u68a6\u58f9", "userReviewDate": "2018-05-31", "userURL": "http://user.17k.com/58116533", "userReview": "\u7b2c\u4e00\u7ae0\u5c31\u7a7f\u8d8a\u4e86\u5440\uff01\u597d\u5427(\u2229_\u2229) \u90a3\u5c31\u7a7f\u5427\uff0c\u63a5\u4e0b\u6765\u7684\u5267\u60c5\u7cbe\u5f69\u624d\u662f\u91cd\u70b9"}, {"userName": "\u661f\u7a7a\u591c\u68a6\u58f9", "userReviewDate": "2018-05-31", "userURL": "http://user.17k.com/58116533", "userReview": "\u6c99\u53d1\u5f52\u661f\u7a7a\uff0c\u5176\u4ed6\u7684\u4f60\u4eec\u770b\u7740\u529e\uff0c\u54c8\u54c8"}], "description": "\u73b0\u4ee3\u9ad8\u7ea7\u53a8\u5e08\u7a7f\u8d8a\u5230\u843d\u540e\u7684\u53e4\u4ee3\uff0c\u6447\u8eab\u4e00\u53d8\u6210\u4e3a\u4e00\u4e2a\u8eab\u65e0\u957f\u7269\u7684\u5c0f\u4e2b\u5934\u3002\u4e00\u8d2b\u5982\u6d17\u7684\u5bb6\u91cc\uff0c\u5e95\u4e0b\u8fd8\u6709\u4e00\u5806\u7684\u5c0f\u841d\u535c\u5934\uff0c\u5916\u8fd8\u6709\u51f6\u6076\u72e0\u6bd2\u7684\u201c\u5976\u5976\u201d\u864e\u89c6\u7708\u7708\u7684\u8981\u5c06\u5979\u5356\u6389\u3002\u8fd9\u6837\u7684\u65e5\u5b50\uff0c\u76db\u537f\u537f\u600e\u4e48\u80fd\u5fcd\u5f97\u4f4f\uff01\u6597\u6076\u5a46\uff0c\u517b\u5b69\u5b50\uff0c\u8eab\u8d1f\u7a7a\u95f4\u7684\u5979\u5feb\u5200\u65a9\u4e71\u9ebb\u3002\u3000\u3000\u6ca1\u6709\u7c73\u4e0b\u9505\uff1f\u7a7a\u95f4\u6709\uff01\u3000\u3000\u6ca1\u6709\u94f6\u94b1\u82b1\uff1f\u5356\u4e86\u7a7a\u95f4\u7684\u83dc\u5c31\u884c\uff01\u3000\u3000\u4e00\u5bf9\u5f1f\u59b9\u8eab\u5b50\u4e0d\u597d\uff1f\u7a7a\u95f4\u7684\u6cc9\u6c34\u5305\u6cbb\u767e\u75c5\uff01\u3000\u3000\u8212\u8212\u670d\u670d\u7684\u5c0f\u65e5\u5b50\uff0c\u8fd8\u662f\u8981\u81ea\u5df1\u52aa\u529b\u624d\u884c\u3002\u3000\u3000\u7b49\u7b49\uff0c\u8fd9\u4f4d\u516c\u5b50\uff0c\u4f60\u5e72\u561b\u51d1\u90a3\u4e48\u8fd1\uff1f\u6211\u7684\u83dc\u662f\u660e\u7801\u6807\u4ef7\u7684\uff01\u3000\u3000\u67d0\u4eba\uff1a\u201c\u4f46\u6211\u53ea\u60f3\u8981\u4f60\u7684\u4eba\u3002\u201d", "title": "\u53a8\u5a18\u81f4\u5bcc\u8bb0", "url": "http://www.17k.com/book/2822876.html", "average": -1.0, "cover": "http://img.17k.com/images/bookcover/2018/14114/70/2822876-1527509039000.jpg", "reviews": 10225, "authors": [{"url": "http://www.17k.com/zuozhe/46899296", "name": "\u6e05\u884cslyvia"}], "type": ["\u7ecf\u5546\u79cd\u7530"], "outlinks": ["http://www.17k.com/book/2794982.html", "http://www.17k.com/book/2801292.html", "http://www.17k.com/book/2816318.html", "http://www.17k.com/book/2797575.html", "http://www.17k.com/book/2802516.html", "http://www.17k.com/book/2812195.html", "http://www.17k.com/book/2820143.html", "http://www.17k.com/book/2807943.html", "http://www.17k.com/book/2813457.html", "http://www.17k.com/book/2798058.html", "http://www.17k.com/book/2815617.html", "http://www.17k.com/book/2805259.html", "http://www.17k.com/book/2760255.html", "http://www.17k.com/book/2686894.html", "http://www.17k.com/book/2797016.html", "http://www.17k.com/book/2767246.html", "http://www.17k.com/book/2764239.html", "http://www.17k.com/book/2754498.html", "http://www.17k.com/book/2754900.html", "http://www.17k.com/book/2625740.html", "http://www.17k.com/book/2213315.html", "http://www.17k.com/book/2402178.html", "http://www.17k.com/book/2691221.html", "http://www.17k.com/book/2210699.html", "http://www.17k.com/book/1797752.html", "http://www.17k.com/book/2575507.html", "http://www.17k.com/book/2705181.html", "http://www.17k.com/book/2702539.html", "http://www.17k.com/book/2474887.html", "http://www.17k.com/book/2674733.html", "http://www.17k.com/book/2822076.html", "http://www.17k.com/book/2809894.html", "http://www.17k.com/book/2822077.html", "http://www.17k.com/book/2811930.html", "http://www.17k.com/book/2815548.html", "http://www.17k.com/book/2819620.html", "http://www.17k.com/book/2809964.html", "http://www.17k.com/book/2808200.html", "http://www.17k.com/book/2820100.html", "http://www.17k.com/book/2822978.html", "http://www.17k.com/book/2804337.html", "http://www.17k.com/book/2798814.html", "http://www.17k.com/book/2785153.html", "http://www.17k.com/book/2731559.html", "http://www.17k.com/book/2722533.html", "http://www.17k.com/book/2458377.html", "http://www.17k.com/book/2743300.html", "http://www.17k.com/book/973809.html", "http://www.17k.com/book/2651367.html", "http://www.17k.com/book/2726194.html", "http://www.17k.com/book/2790214.html", "http://www.17k.com/book/493239.html", "http://www.17k.com/book/108821.html", "http://www.17k.com/book/1398783.html", "http://www.17k.com/book/83528.html", "http://www.17k.com/book/1859126.html", "http://www.17k.com/book/1741975.html", "http://www.17k.com/book/192453.html", "http://www.17k.com/book/2459058.html", "http://www.17k.com/book/1050747.html", "http://www.17k.com/book/2700315.html", "http://www.17k.com/book/2818940.html", "http://www.17k.com/book/2819519.html", "http://www.17k.com/book/2816390.html", "http://www.17k.com/book/2819588.html", "http://www.17k.com/book/2813768.html", "http://www.17k.com/book/2822406.html", "http://www.17k.com/book/2772164.html", "http://www.17k.com/book/2784023.html", "http://www.17k.com/book/2811877.html", "http://www.17k.com/book/2809119.html", "http://www.17k.com/book/2803700.html", "http://www.17k.com/book/2819561.html", "http://www.17k.com/book/2746506.html", "http://www.17k.com/book/2811836.html", "http://www.17k.com/book/2614810.html", "http://www.17k.com/book/1592435.html", "http://www.17k.com/book/1949748.html", "http://www.17k.com/book/2265802.html", "http://www.17k.com/book/2743240.html", "http://www.17k.com/book/2657437.html", "http://www.17k.com/book/2644502.html", "http://www.17k.com/book/2199900.html", "http://www.17k.com/book/2725436.html", "http://www.17k.com/book/2629978.html"]}