{"ratings": -1, "userreviews": [{"userName": "17k\u4e66\u53cbjg4taw8qn", "userReviewDate": "2018-06-06", "userURL": "http://user.17k.com/62569393", "userReview": "[\u6253\u8d4f]\u6211\u6253\u8d4f\u4e861\u5143\u7ea2\u5305\uff01\uff01"}, {"userName": "17k\u4e66\u53cb3tqgb2yur", "userReviewDate": "2018-06-06", "userURL": "http://user.17k.com/62105784", "userReview": "[\u6253\u8d4f]\u6211\u6253\u8d4f\u4e861\u5143\u7ea2\u5305\uff01\uff01"}, {"userName": "17k\u4e66\u53cb3tqgb2yur", "userReviewDate": "2018-06-06", "userURL": "http://user.17k.com/62105784", "userReview": "\u7801\u5b57\u80fd\u5feb\u70b9\u5417"}, {"userName": "17K\u4e66\u53cb3BKABY97", "userReviewDate": "2018-06-01", "userURL": "http://user.17k.com/62289405", "userReview": "[\u6253\u8d4f]\u6211\u6253\u8d4f\u4e861\u5143\u7ea2\u5305\uff01\uff01"}, {"userName": "17K\u4e66\u53cbo4eq9gkt", "userReviewDate": "2018-05-31", "userURL": "http://user.17k.com/62293088", "userReview": "[\u6253\u8d4f]\u6211\u6253\u8d4f\u4e861\u4e2a'\u5c0f\u5fc3\u5fc3'\uff01\uff01"}, {"userName": "\u672a\u6765\u6211\u6765484525962", "userReviewDate": "2018-05-29", "userURL": "http://user.17k.com/62294923", "userReview": "\u7b7e\u5230\u652f\u6301\uff0c\u52a0\u6cb9"}, {"userName": "17K\u4e66\u53cbo4eq9gkt", "userReviewDate": "2018-05-29", "userURL": "http://user.17k.com/62293088", "userReview": "\u6536\u85cf\u5b66\u4e60\uff0c\u7b7e\u5230\u652f\u6301\uff01"}, {"userName": "17K\u4e66\u53cb3BKABY97", "userReviewDate": "2018-05-29", "userURL": "http://user.17k.com/62289405", "userReview": "[\u6253\u8d4f]\u6211\u6253\u8d4f\u4e861\u4e2a'\u5c0f\u5fc3\u5fc3'\uff01\uff01"}, {"userName": "17K\u4e66\u53cb3BKABY97", "userReviewDate": "2018-05-29", "userURL": "http://user.17k.com/62289405", "userReview": "\u6587\u7b14\u5f88\u597d\uff0c\u52a0\u6cb9\uff01"}, {"userName": "\u5723\u9690\u5e1d\u5143", "userReviewDate": "2018-05-13", "userURL": "http://user.17k.com/57760595", "userReview": "\u7b7e\u5230\u652f\u6301"}, {"userName": "17k\u4e66\u53cbn53bhvvau", "userReviewDate": "2018-05-03", "userURL": "http://user.17k.com/61454303", "userReview": "\u5199\u7684\u4e0d\u9519\uff0c"}, {"userName": "*\u79bb\u4e16\u2665\u5e94\u8bed\u304b", "userReviewDate": "2018-04-11", "userURL": "http://user.17k.com/61005449", "userReview": "[\u6253\u8d4f]\u6211\u6253\u8d4f\u4e861\u4e2a'\u5c0f\u5fc3\u5fc3'\uff01\uff01"}], "description": "\u6211\u51fa\u8eab\u5351\u5fae\uff0c\u6211\u8d44\u8d28\u4e0d\u9ad8\uff0c\u3000\u3000\u4f46\u6211\u6709\u7740\u4e00\u9897\u71c3\u70e7\u7740\u6c38\u6052\u4e4b\u706b\u7684\u5fc3\u3002\u3000\u3000\u5b83\u6307\u5f15\u7740\u6211\u8de8\u8fc7\u5c71\uff0c\u8dc3\u8fc7\u6d77\uff0c\u3000\u3000\u76f4\u5230\u8fd9\u5929\u5730\uff0c\u518d\u4e5f\u906e\u4e0d\u4f4f\u6211\u7684\u773c\uff0c\u57cb\u4e0d\u4f4f\u6211\u7684\u5fc3\u3002\u3000\u3000\u8fd9\u7edd\u4e0d\u662f\u5984\u81ea\u83f2\u8584\uff0c\u54ea\u6015\u6709\u5929\u6211\u51cb\u96f6\u5728\u8fd9\u5929\u5730\u4e4b\u95f4\uff0c\u7ee7\u627f\u6211\u610f\u5fd7\u7684\u4eba\u4e5f\u7ec8\u5c06\u5b8c\u6210\u8fd9\u6e3a\u5c0f\u7684\u5919\u613f\u3002\u3000\u3000\u4f60\u672a\u66fe\u8d70\u8fc7\u7684\u5730\u65b9\uff0c\u5c31\u8ba9\u6211\u6765\u5e2e\u4f60\u8e0f\u8db3\u5427\u3002", "title": "\u541b\u6101", "url": "http://www.17k.com/book/2808611.html", "average": -1.0, "cover": "http://img.17k.com/images/bookcover/2018/14043/70/2808611-1524660387000.jpg", "reviews": 2729, "authors": [{"url": "http://www.17k.com/zuozhe/58988248", "name": "\u6885\u745e\u6e90"}], "type": ["\u4e1c\u65b9\u7384\u5e7b"], "outlinks": ["http://www.17k.com/book/2794982.html", "http://www.17k.com/book/2801292.html", "http://www.17k.com/book/2816318.html", "http://www.17k.com/book/2797575.html", "http://www.17k.com/book/2802516.html", "http://www.17k.com/book/2812195.html", "http://www.17k.com/book/2820143.html", "http://www.17k.com/book/2807943.html", "http://www.17k.com/book/2813457.html", "http://www.17k.com/book/2798058.html", "http://www.17k.com/book/2815617.html", "http://www.17k.com/book/2805259.html", "http://www.17k.com/book/2760255.html", "http://www.17k.com/book/2686894.html", "http://www.17k.com/book/2797016.html", "http://www.17k.com/book/2767246.html", "http://www.17k.com/book/2764239.html", "http://www.17k.com/book/2754498.html", "http://www.17k.com/book/2754900.html", "http://www.17k.com/book/2625740.html", "http://www.17k.com/book/2213315.html", "http://www.17k.com/book/2402178.html", "http://www.17k.com/book/2691221.html", "http://www.17k.com/book/2210699.html", "http://www.17k.com/book/1797752.html", "http://www.17k.com/book/2575507.html", "http://www.17k.com/book/2705181.html", "http://www.17k.com/book/2702539.html", "http://www.17k.com/book/2474887.html", "http://www.17k.com/book/2674733.html", "http://www.17k.com/book/2822076.html", "http://www.17k.com/book/2809894.html", "http://www.17k.com/book/2822077.html", "http://www.17k.com/book/2811930.html", "http://www.17k.com/book/2815548.html", "http://www.17k.com/book/2819620.html", "http://www.17k.com/book/2809964.html", "http://www.17k.com/book/2808200.html", "http://www.17k.com/book/2820100.html", "http://www.17k.com/book/2822978.html", "http://www.17k.com/book/2804337.html", "http://www.17k.com/book/2798814.html", "http://www.17k.com/book/2785153.html", "http://www.17k.com/book/2731559.html", "http://www.17k.com/book/2722533.html", "http://www.17k.com/book/2458377.html", "http://www.17k.com/book/2743300.html", "http://www.17k.com/book/973809.html", "http://www.17k.com/book/2651367.html", "http://www.17k.com/book/2726194.html", "http://www.17k.com/book/2790214.html", "http://www.17k.com/book/493239.html", "http://www.17k.com/book/108821.html", "http://www.17k.com/book/1398783.html", "http://www.17k.com/book/83528.html", "http://www.17k.com/book/1859126.html", "http://www.17k.com/book/1741975.html", "http://www.17k.com/book/192453.html", "http://www.17k.com/book/2459058.html", "http://www.17k.com/book/1050747.html", "http://www.17k.com/book/2700315.html", "http://www.17k.com/book/2818940.html", "http://www.17k.com/book/2819519.html", "http://www.17k.com/book/2816390.html", "http://www.17k.com/book/2819588.html", "http://www.17k.com/book/2813768.html", "http://www.17k.com/book/2822406.html", "http://www.17k.com/book/2772164.html", "http://www.17k.com/book/2784023.html", "http://www.17k.com/book/2811877.html", "http://www.17k.com/book/2809119.html", "http://www.17k.com/book/2803700.html", "http://www.17k.com/book/2819561.html", "http://www.17k.com/book/2746506.html", "http://www.17k.com/book/2811836.html", "http://www.17k.com/book/2614810.html", "http://www.17k.com/book/1592435.html", "http://www.17k.com/book/1949748.html", "http://www.17k.com/book/2265802.html", "http://www.17k.com/book/2743240.html", "http://www.17k.com/book/2657437.html", "http://www.17k.com/book/2644502.html", "http://www.17k.com/book/2199900.html", "http://www.17k.com/book/2725436.html", "http://www.17k.com/book/2629978.html"]}