{"ratings": -1, "userreviews": [{"userName": "\u5468\u5bb6\u5c0f\u59d0\u59d0", "userReviewDate": "2018-05-26", "userURL": "http://user.17k.com/59004807", "userReview": "\u652f\u6301"}, {"userName": "\u51b0\u5c01\u6708\u591c\u8def", "userReviewDate": "2018-05-01", "userURL": "http://user.17k.com/60169897", "userReview": "\u652f\u6301\u652f\u6301\uff0c\u5fc5\u987b\u652f\u6301"}, {"userName": "\u5ca9\u5c0f\u59ae", "userReviewDate": "2018-04-25", "userURL": "http://user.17k.com/59456510", "userReview": "\u5f88\u68d2\u554a\uff01\u652f\u6301\uff01"}, {"userName": "\u66ae\u96e8\u5345\u5929", "userReviewDate": "2018-04-25", "userURL": "http://user.17k.com/59856518", "userReview": "\u6536\u85cf\u5566\uff01\u6162\u6162\u770b\u3002\u518d\u7ed9\u4f60\u4e2a\u82b1\u82b1\uff01\u52a0\u6cb9\u54e6\uff01"}, {"userName": "\u51b0\u5c01\u6708\u591c\u8def", "userReviewDate": "2018-04-23", "userURL": "http://user.17k.com/60169897", "userReview": "\u6211\u6765\u8e29\u8e29 \u4f5c\u8005\u5927\u5927\u52a0\u6cb9\u3002"}], "description": "\u5438\u8840\u4e00\u65cf\uff0c\u4e0e\u5929\u5730\u540c\u5bff\uff0c\u65e5\u6708\u540c\u5149\uff0c\u4ed6\u4eec\u5728\u81ea\u5df1\u7684\u4e16\u754c\u91cc\u751f\u5b58\u4e86\u51e0\u5343\u5e74\uff0c\u867d\u957f\u751f\uff0c\u5374\u514d\u4e0d\u4e86\u5c14\u865e\u6211\u8bc8\uff0c\u751f\u6b7b\u76f8\u4e89\u3002\u4ed6\u4eec\u7684\u4e16\u754c\uff0c\u6709\u9ed1\u6697\u3001\u6709\u5149\u660e\uff0c\u6709\u81f3\u6b7b\u4e0d\u53d8\u7684\u53cb\u60c5\uff0c\u6709\u751f\u6b7b\u76f8\u4f9d\u7684\u7231\u60c5\uff0c\u6709\u65e0\u6cd5\u78e8\u706d\u7684\u4f24\u75d5\uff0c\u6709\u51e0\u767e\u5e74\u90fd\u65e0\u6cd5\u5fd8\u5374\u7684\u82e6\u75db\u3002", "title": "\u5438\u8840\u4f20\u8bf4\u4e4b\u9ed1\u767d\u65e0\u754c", "url": "http://www.17k.com/book/2812887.html", "average": -1.0, "cover": "http://img.17k.com/images/bookcover/2018/14064/70/2812887-1524800567000.jpg", "reviews": 427, "authors": [{"url": "http://www.17k.com/zuozhe/48172843", "name": "\u7384\u98ce\u5c18"}], "type": ["\u4e1c\u65b9\u7384\u5e7b"], "outlinks": ["http://www.17k.com/book/2794982.html", "http://www.17k.com/book/2801292.html", "http://www.17k.com/book/2816318.html", "http://www.17k.com/book/2797575.html", "http://www.17k.com/book/2802516.html", "http://www.17k.com/book/2812195.html", "http://www.17k.com/book/2820143.html", "http://www.17k.com/book/2807943.html", "http://www.17k.com/book/2813457.html", "http://www.17k.com/book/2798058.html", "http://www.17k.com/book/2815617.html", "http://www.17k.com/book/2805259.html", "http://www.17k.com/book/2760255.html", "http://www.17k.com/book/2686894.html", "http://www.17k.com/book/2797016.html", "http://www.17k.com/book/2767246.html", "http://www.17k.com/book/2764239.html", "http://www.17k.com/book/2754498.html", "http://www.17k.com/book/2754900.html", "http://www.17k.com/book/2625740.html", "http://www.17k.com/book/2213315.html", "http://www.17k.com/book/2402178.html", "http://www.17k.com/book/2691221.html", "http://www.17k.com/book/2210699.html", "http://www.17k.com/book/1797752.html", "http://www.17k.com/book/2575507.html", "http://www.17k.com/book/2705181.html", "http://www.17k.com/book/2702539.html", "http://www.17k.com/book/2474887.html", "http://www.17k.com/book/2674733.html", "http://www.17k.com/book/2822076.html", "http://www.17k.com/book/2809894.html", "http://www.17k.com/book/2822077.html", "http://www.17k.com/book/2811930.html", "http://www.17k.com/book/2815548.html", "http://www.17k.com/book/2819620.html", "http://www.17k.com/book/2809964.html", "http://www.17k.com/book/2808200.html", "http://www.17k.com/book/2820100.html", "http://www.17k.com/book/2822978.html", "http://www.17k.com/book/2804337.html", "http://www.17k.com/book/2798814.html", "http://www.17k.com/book/2785153.html", "http://www.17k.com/book/2731559.html", "http://www.17k.com/book/2722533.html", "http://www.17k.com/book/2458377.html", "http://www.17k.com/book/2743300.html", "http://www.17k.com/book/973809.html", "http://www.17k.com/book/2651367.html", "http://www.17k.com/book/2726194.html", "http://www.17k.com/book/2790214.html", "http://www.17k.com/book/493239.html", "http://www.17k.com/book/108821.html", "http://www.17k.com/book/1398783.html", "http://www.17k.com/book/83528.html", "http://www.17k.com/book/1859126.html", "http://www.17k.com/book/1741975.html", "http://www.17k.com/book/192453.html", "http://www.17k.com/book/2459058.html", "http://www.17k.com/book/1050747.html", "http://www.17k.com/book/2700315.html", "http://www.17k.com/book/2818940.html", "http://www.17k.com/book/2819519.html", "http://www.17k.com/book/2816390.html", "http://www.17k.com/book/2819588.html", "http://www.17k.com/book/2813768.html", "http://www.17k.com/book/2822406.html", "http://www.17k.com/book/2772164.html", "http://www.17k.com/book/2784023.html", "http://www.17k.com/book/2811877.html", "http://www.17k.com/book/2809119.html", "http://www.17k.com/book/2803700.html", "http://www.17k.com/book/2819561.html", "http://www.17k.com/book/2746506.html", "http://www.17k.com/book/2811836.html", "http://www.17k.com/book/2614810.html", "http://www.17k.com/book/1592435.html", "http://www.17k.com/book/1949748.html", "http://www.17k.com/book/2265802.html", "http://www.17k.com/book/2743240.html", "http://www.17k.com/book/2657437.html", "http://www.17k.com/book/2644502.html", "http://www.17k.com/book/2199900.html", "http://www.17k.com/book/2725436.html", "http://www.17k.com/book/2629978.html"]}