{"ratings": -1, "userreviews": [{"userName": "\u6717\u660e\u6708", "userReviewDate": "2018-06-02", "userURL": "http://user.17k.com/56875656", "userReview": "\u723d,ok"}, {"userName": "\u5317\u5e84", "userReviewDate": "2018-05-31", "userURL": "http://user.17k.com/57496771", "userReview": "\u5927\u795e\u597d\u554a\uff0c\u52a0\u6cb9\u54e6"}, {"userName": "\u975e\u5584\u7c7b&quot;", "userReviewDate": "2018-05-31", "userURL": "http://user.17k.com/61676487", "userReview": "\u300a\u524d\u591c\u7684\u6545\u4e8b\u4e0e\u5979\u300b\u6765\u8bbf"}, {"userName": "\u661f\u7a7a\u591c\u68a6\u58f9", "userReviewDate": "2018-05-30", "userURL": "http://user.17k.com/58116533", "userReview": "\u54c7\u54e6\uff0c\u8fd9\u4e2a\u5c01\u9762\u597d\u9ad8\u6e05\u5440\uff0c\u4ece\u4e0d\u62d0\u5f2f\u62b9\u89d2\uff0c\u90a3\u4e2a\u7f8e\u5973\u6211\u559c\u6b22\uff0c\u6211\u62b1\u8d70\u4e86\uff0c\u54c8\u54c8\uff5e"}, {"userName": "\u4e91\u9752\u5c71", "userReviewDate": "2018-05-28", "userURL": "http://user.17k.com/4889402", "userReview": "<span style='color:black'><a target='_blank' href='http://www.17k.com/book/192453.html'>\u300a\u6b66\u9006\u300b</a>\u90fd\u53d1\u53cd\u53cd\u590d\u590d\u4ed8\u4ed8\u4ed8\u4ed8\u4ed8\u4ed8\u4e8c\u5341\u56db\u53f2\u6240\u6240\u6240</span>"}, {"userName": "\u4e91\u9752\u5c71", "userReviewDate": "2018-05-28", "userURL": "http://user.17k.com/4889402", "userReview": "<a target='_blank' href='http://www.17k.com/book/192453.html'>\u300a\u6b66\u9006\u300b</a>\u6b66\u9006\u6d4b\u8bd5\u6d4b\u8bd5"}], "description": "\u4e00\u573a\u98ce\u6d6a\u8fc7\u540e\uff0c\u6211\u548c\u7f8e\u5973\u8eab\u5904\u4e00\u4e2a\u8352\u5c9b\uff0c\u4ece\u6b64\u5f00\u542f\u4e86\u6211\u4eec\u7684\u8352\u5c9b\u751f\u6d3b......", "title": "\u548c\u7f8e\u5973\u8352\u5c9b\u6c42\u751f\u7684\u65e5\u5b50", "url": "http://www.17k.com/book/2821873.html", "average": -1.0, "cover": "http://img.17k.com/images/bookcover/2018/14109/70/2821873-1527079704000.jpg", "reviews": 28118, "authors": [{"url": "http://www.17k.com/zuozhe/61470247", "name": "\u6c5f\u6cb3\u4e4b\u4e3b"}], "type": ["\u73b0\u5b9e\u7ecf\u5386"], "outlinks": ["http://www.17k.com/book/2794982.html", "http://www.17k.com/book/2801292.html", "http://www.17k.com/book/2816318.html", "http://www.17k.com/book/2797575.html", "http://www.17k.com/book/2802516.html", "http://www.17k.com/book/2812195.html", "http://www.17k.com/book/2820143.html", "http://www.17k.com/book/2807943.html", "http://www.17k.com/book/2813457.html", "http://www.17k.com/book/2798058.html", "http://www.17k.com/book/2815617.html", "http://www.17k.com/book/2805259.html", "http://www.17k.com/book/2760255.html", "http://www.17k.com/book/2686894.html", "http://www.17k.com/book/2797016.html", "http://www.17k.com/book/2767246.html", "http://www.17k.com/book/2764239.html", "http://www.17k.com/book/2754498.html", "http://www.17k.com/book/2754900.html", "http://www.17k.com/book/2625740.html", "http://www.17k.com/book/2213315.html", "http://www.17k.com/book/2402178.html", "http://www.17k.com/book/2691221.html", "http://www.17k.com/book/2210699.html", "http://www.17k.com/book/1797752.html", "http://www.17k.com/book/2575507.html", "http://www.17k.com/book/2705181.html", "http://www.17k.com/book/2702539.html", "http://www.17k.com/book/2474887.html", "http://www.17k.com/book/2674733.html", "http://www.17k.com/book/2822076.html", "http://www.17k.com/book/2809894.html", "http://www.17k.com/book/2822077.html", "http://www.17k.com/book/2811930.html", "http://www.17k.com/book/2815548.html", "http://www.17k.com/book/2819620.html", "http://www.17k.com/book/2809964.html", "http://www.17k.com/book/2808200.html", "http://www.17k.com/book/2820100.html", "http://www.17k.com/book/2822978.html", "http://www.17k.com/book/2804337.html", "http://www.17k.com/book/2798814.html", "http://www.17k.com/book/2785153.html", "http://www.17k.com/book/2731559.html", "http://www.17k.com/book/2722533.html", "http://www.17k.com/book/2458377.html", "http://www.17k.com/book/2743300.html", "http://www.17k.com/book/973809.html", "http://www.17k.com/book/2651367.html", "http://www.17k.com/book/2726194.html", "http://www.17k.com/book/2790214.html", "http://www.17k.com/book/493239.html", "http://www.17k.com/book/108821.html", "http://www.17k.com/book/1398783.html", "http://www.17k.com/book/83528.html", "http://www.17k.com/book/1859126.html", "http://www.17k.com/book/1741975.html", "http://www.17k.com/book/192453.html", "http://www.17k.com/book/2459058.html", "http://www.17k.com/book/1050747.html", "http://www.17k.com/book/2700315.html", "http://www.17k.com/book/2818940.html", "http://www.17k.com/book/2819519.html", "http://www.17k.com/book/2816390.html", "http://www.17k.com/book/2819588.html", "http://www.17k.com/book/2813768.html", "http://www.17k.com/book/2822406.html", "http://www.17k.com/book/2772164.html", "http://www.17k.com/book/2784023.html", "http://www.17k.com/book/2811877.html", "http://www.17k.com/book/2809119.html", "http://www.17k.com/book/2803700.html", "http://www.17k.com/book/2819561.html", "http://www.17k.com/book/2746506.html", "http://www.17k.com/book/2811836.html", "http://www.17k.com/book/2614810.html", "http://www.17k.com/book/1592435.html", "http://www.17k.com/book/1949748.html", "http://www.17k.com/book/2265802.html", "http://www.17k.com/book/2743240.html", "http://www.17k.com/book/2657437.html", "http://www.17k.com/book/2644502.html", "http://www.17k.com/book/2199900.html", "http://www.17k.com/book/2725436.html", "http://www.17k.com/book/2629978.html"]}