{"ratings": -1, "userreviews": [{"userName": "17K\u4e66\u53cbnxyljhi1", "userReviewDate": "2018-06-08", "userURL": "http://user.17k.com/61401895", "userReview": "\u65b0\u4e66\uff01\u65b0\u4e66\uff01\u65b0\u4e66\uff01 <a target='_blank' href='http://www.17k.com/book/2819156.html'>\u300a\u6b66\u7eb9\u5927\u9646\u4e4b\u5a9e\u96c5\u8fe9\u7684\u590d\u5174\u300b</a> \u8fd8\u8bf7\u5927\u5bb6\u5173\u6ce8\u2026\u2026"}, {"userName": "17K\u4e66\u53cbccjpn3o7", "userReviewDate": "2018-06-06", "userURL": "http://user.17k.com/62506274", "userReview": "\u94b1\u600e\u4e48\u5145\u4e0d\u4e86\u5462\uff0c\u4ece\u54ea\u91cc\u8054\u7cfb\u5ba2\u670d\u5440"}, {"userName": "\u304b\u5e05163503553", "userReviewDate": "2018-06-06", "userURL": "http://user.17k.com/62562916", "userReview": "17k\u4f5c\u5bb6\u5728\u54ea\u91cc\u767b\u9646"}, {"userName": "\u5c0f\u65ed\u20141015", "userReviewDate": "2018-06-06", "userURL": "http://user.17k.com/32670158", "userReview": "\u5feb\u70b9\u66f4\u65b0\u554a"}, {"userName": "\u5934\u53d1\u4e71\u4e86&#55357;&#56485;", "userReviewDate": "2018-06-05", "userURL": "http://user.17k.com/55621458", "userReview": "\u6211\u64e6\u6536\u8d39\u554a"}, {"userName": "\u5c0f\u65ed\u20141015", "userReviewDate": "2018-06-04", "userURL": "http://user.17k.com/32670158", "userReview": "\u4e0d\u9519\u4e0d\u9519\u4e0d\u9519"}, {"userName": "17K\u4e66\u53cbY8QO86FL", "userReviewDate": "2018-06-02", "userURL": "http://user.17k.com/62384911", "userReview": "[\u6253\u8d4f]\u6211\u6253\u8d4f\u4e861\u5143\u7ea2\u5305\uff01\uff01"}, {"userName": "17k_2012.9", "userReviewDate": "2018-06-02", "userURL": "http://user.17k.com/62314843", "userReview": "\u8981\u6536\u8d39\u4e86\uff0c\u672c\u6765\u5c31\u662f\u51b2\u7740\u514d\u8d39\u624d\u770b\u7684\uff0c\u8981\u662f\u6536\u8d39\u5c31\u7b97\u4e86\uff0c\u6ca1\u5fc5\u8981\u770b\u4e86\uff0c\u9519\u5b57\u7279\u591a\u3002"}, {"userName": "Shmily_J&#55357;&#56459;", "userReviewDate": "2018-06-01", "userURL": "http://user.17k.com/61485184", "userReview": "\u600e\u4e48\u8981\u6536\u8d39\u4e86"}, {"userName": "\u5934\u53d1\u4e71\u4e86&#55357;&#56485;", "userReviewDate": "2018-05-31", "userURL": "http://user.17k.com/55621458", "userReview": "\u4e3a\u4ec0\u4e48\u770b\u4e0d\u4e86\uff1f"}, {"userName": "\u4e66\u795e\u4e4b1", "userReviewDate": "2018-05-30", "userURL": "http://user.17k.com/58166357", "userReview": "[\u6253\u8d4f]\u6211\u6253\u8d4f\u4e861\u4e2a'\u5c0f\u5fc3\u5fc3'\uff01\uff01"}, {"userName": "\u5934\u53d1\u4e71\u4e86&#55357;&#56485;", "userReviewDate": "2018-05-29", "userURL": "http://user.17k.com/55621458", "userReview": "\u591a\u591a\u66f4\u65b0 \u52a0\u6cb9"}, {"userName": "1\u53f7\u7537\u5609\u5bbe", "userReviewDate": "2018-05-29", "userURL": "http://user.17k.com/58751601", "userReview": "\u66f4\u65b0\u4e0d\u591f\u770b"}, {"userName": "17K\u4e66\u53cbWPVY39ML", "userReviewDate": "2018-05-29", "userURL": "http://user.17k.com/56274648", "userReview": "\u9519\u522b\u5b57\u592a\u591a\uff0c\u5199\u7684\u4e71\u4e03\u516b\u7cdf\u7684"}, {"userName": "17K\u4e66\u53cb284c06im", "userReviewDate": "2018-05-28", "userURL": "http://user.17k.com/60536899", "userReview": "\u5feb\u66f4\u65b0\u554a\u554a\u554a\u554a"}, {"userName": "17K\u4e66\u53cb3eisavw5", "userReviewDate": "2018-05-28", "userURL": "http://user.17k.com/61739760", "userReview": "\u597d\u597d\u770b\u4e66\u6cd5\u5bb6\u62c2\u58eb"}, {"userName": "\u82cf\u5b87087484083", "userReviewDate": "2018-05-26", "userURL": "http://user.17k.com/59041278", "userReview": "\u5c0f\u7f16\u4f60\u8fd8\u6709\u52c7\u6c14\u5199\u4e0b\u53bb\uff1f\u53ef\u6211\u5b9e\u5728\u6ca1\u5fc3\u601d\u5f80\u4e0b\u770b\uff0c\u672c\u60f3\u6253\u53d1\u70b9\u65f6\u95f4\uff0c\u4e0d\u77e5\u8d8a\u770b\u8d8a\u70e6\uff01\u76f4\u63a5\u5220\u9664"}, {"userName": "\u533f\u540d2567212", "userReviewDate": "2018-05-26", "userURL": "http://user.17k.com/25391208", "userReview": "\u66f4\u65b0\u592a\u6162\u4e86\uff01\uff01"}, {"userName": "\u8981\u8d70\u4f60\u5c31\u6325\u6325\u624b", "userReviewDate": "2018-05-25", "userURL": "http://user.17k.com/61561656", "userReview": "\u4f5c\u8005\u5feb\u66f4\u65b0\u5427\uff01\u4e0d\u8fc7\u763e"}, {"userName": "17K\u4e66\u53cbm1uuo0fn", "userReviewDate": "2018-05-25", "userURL": "http://user.17k.com/61601363", "userReview": "\u6709\u6ca1\u6709\u5730\u65b9\u53ef\u4ee5\u514d\u8d39\u770b\u7684"}], "description": "\u5531\u4e27\u662f\u4e60\u4fd7\uff0c\u5531\u4e27\u5c31\u662f\u9001\u9b3c\u3002\u3000\u3000\u9b3c\u6765\u4e86\uff0c\u80fd\u4e0d\u80fd\u9001\u8d70\uff0c\u5531\u4e27\u4eba\u4e5f\u6ca1\u6709\u5341\u8db3\u7684\u628a\u63e1\u3002\u3000\u3000\u80fd\u9001\u8d70\uff0c\u90a3\u5c31\u6536\u94b1\u4e86\u8d26\uff0c\u5982\u679c\u9001\u4e0d\u8d70\uff0c\u90a3\u5c31\u2014\u2014", "title": "\u5531\u4e27", "url": "http://www.17k.com/book/2793405.html", "average": -1.0, "cover": "http://img.17k.com/images/bookcover/2018/13967/69/2793405-1522722197000.jpg", "reviews": 105233, "authors": [{"url": "http://www.17k.com/zuozhe/60398416", "name": "\u9b3c\u8c37\u975e\u5b50"}], "type": ["\u4e61\u6751\u4e61\u571f"], "outlinks": ["http://www.17k.com/book/2794982.html", "http://www.17k.com/book/2801292.html", "http://www.17k.com/book/2816318.html", "http://www.17k.com/book/2797575.html", "http://www.17k.com/book/2802516.html", "http://www.17k.com/book/2812195.html", "http://www.17k.com/book/2820143.html", "http://www.17k.com/book/2807943.html", "http://www.17k.com/book/2813457.html", "http://www.17k.com/book/2798058.html", "http://www.17k.com/book/2815617.html", "http://www.17k.com/book/2805259.html", "http://www.17k.com/book/2760255.html", "http://www.17k.com/book/2686894.html", "http://www.17k.com/book/2797016.html", "http://www.17k.com/book/2767246.html", "http://www.17k.com/book/2764239.html", "http://www.17k.com/book/2754498.html", "http://www.17k.com/book/2754900.html", "http://www.17k.com/book/2625740.html", "http://www.17k.com/book/2213315.html", "http://www.17k.com/book/2402178.html", "http://www.17k.com/book/2691221.html", "http://www.17k.com/book/2210699.html", "http://www.17k.com/book/1797752.html", "http://www.17k.com/book/2575507.html", "http://www.17k.com/book/2705181.html", "http://www.17k.com/book/2702539.html", "http://www.17k.com/book/2474887.html", "http://www.17k.com/book/2674733.html", "http://www.17k.com/book/2822076.html", "http://www.17k.com/book/2809894.html", "http://www.17k.com/book/2822077.html", "http://www.17k.com/book/2811930.html", "http://www.17k.com/book/2815548.html", "http://www.17k.com/book/2819620.html", "http://www.17k.com/book/2809964.html", "http://www.17k.com/book/2808200.html", "http://www.17k.com/book/2820100.html", "http://www.17k.com/book/2822978.html", "http://www.17k.com/book/2804337.html", "http://www.17k.com/book/2798814.html", "http://www.17k.com/book/2785153.html", "http://www.17k.com/book/2731559.html", "http://www.17k.com/book/2722533.html", "http://www.17k.com/book/2458377.html", "http://www.17k.com/book/2743300.html", "http://www.17k.com/book/973809.html", "http://www.17k.com/book/2651367.html", "http://www.17k.com/book/2726194.html", "http://www.17k.com/book/2790214.html", "http://www.17k.com/book/493239.html", "http://www.17k.com/book/108821.html", "http://www.17k.com/book/1398783.html", "http://www.17k.com/book/83528.html", "http://www.17k.com/book/1859126.html", "http://www.17k.com/book/1741975.html", "http://www.17k.com/book/192453.html", "http://www.17k.com/book/2459058.html", "http://www.17k.com/book/1050747.html", "http://www.17k.com/book/2700315.html", "http://www.17k.com/book/2818940.html", "http://www.17k.com/book/2819519.html", "http://www.17k.com/book/2816390.html", "http://www.17k.com/book/2819588.html", "http://www.17k.com/book/2813768.html", "http://www.17k.com/book/2822406.html", "http://www.17k.com/book/2772164.html", "http://www.17k.com/book/2784023.html", "http://www.17k.com/book/2811877.html", "http://www.17k.com/book/2809119.html", "http://www.17k.com/book/2803700.html", "http://www.17k.com/book/2819561.html", "http://www.17k.com/book/2746506.html", "http://www.17k.com/book/2811836.html", "http://www.17k.com/book/2614810.html", "http://www.17k.com/book/1592435.html", "http://www.17k.com/book/1949748.html", "http://www.17k.com/book/2265802.html", "http://www.17k.com/book/2743240.html", "http://www.17k.com/book/2657437.html", "http://www.17k.com/book/2644502.html", "http://www.17k.com/book/2199900.html", "http://www.17k.com/book/2725436.html", "http://www.17k.com/book/2629978.html"]}