{"ratings": -1, "userreviews": [{"userName": "\u5b89\u742a324816334", "userReviewDate": "2018-06-08", "userURL": "http://user.17k.com/59264092", "userReview": "\u597d\u597d\u597d\u597d\u597d\u597d"}, {"userName": "\u5b89\u742a324816334", "userReviewDate": "2018-06-06", "userURL": "http://user.17k.com/59264092", "userReview": "666666666"}, {"userName": "\u5b89\u742a324816334", "userReviewDate": "2018-06-05", "userURL": "http://user.17k.com/59264092", "userReview": "55555555555556"}, {"userName": "\u5b89\u742a324816334", "userReviewDate": "2018-06-04", "userURL": "http://user.17k.com/59264092", "userReview": "66666666"}, {"userName": "\u9759468017831", "userReviewDate": "2018-05-28", "userURL": "http://user.17k.com/56249465", "userReview": "\u5929\u5929\u90fd\u5728\u8ffd\u8ffd\u8ffd"}, {"userName": "\u516c\u5b59\u7b71\u4f9d", "userReviewDate": "2018-05-12", "userURL": "http://user.17k.com/50423221", "userReview": "\u66f4\u65b0\u8fd9\u4e48\u591a\uff0c\u4e3a\u4ec0\u4e48\u6ca1\u6709\u4e0a\u67b6\u3002\u7b71\u4f9d\u6765\u8bbf\u52a0\u6cb9\uff01"}, {"userName": "\u4e09952393880", "userReviewDate": "2018-05-12", "userURL": "http://user.17k.com/61546499", "userReview": "\u71ac\u591c\u770b\u5b8c\u4e86\uff0c\u6211\u53ef\u80fd\u4f1a\u731d\u6b7b"}, {"userName": "17K\u4e66\u53cblfsmr0mq", "userReviewDate": "2018-05-11", "userURL": "http://user.17k.com/59522040", "userReview": "\u8fd8\u53ef\u4ee5\u5427\uff0c\u7ee7\u7eed\u5f80\u4e0b\u770b"}, {"userName": "tricklet", "userReviewDate": "2018-04-12", "userURL": "http://user.17k.com/56100718", "userReview": "<a target='_blank' href='http://www.17k.com/book/2561373.html'>\u300a\u7a7a\u57ce\u5bfb\u300b</a>\u6765\u8bbf\u652f\u6301\uff0c\u4f5c\u8005\u5927\u5927\u8f9b\u82e6\u4e86\uff0c\u52a0\u6cb9\u52a0\u6cb9"}, {"userName": "\u55b5\u55b5693288715", "userReviewDate": "2018-03-29", "userURL": "http://user.17k.com/60262405", "userReview": "\u5f88\u597d\u770b\uff0c\u5c31\u662f\u5b57\u6570\u592a\u5c11\uff0c\u4f5c\u8005\u66f4\u65b0\u5feb\u70b9"}, {"userName": "\u574f\u5c0f\u5b50\u7684\u7eaf\u60c5", "userReviewDate": "2018-03-22", "userURL": "http://user.17k.com/60383691", "userReview": "<a target='_blank' href='http://www.17k.com/book/2798234.html'>\u300a\u90aa\u6027\u6b8b\u60c5\u300b</a>\u8e6d\u8e6d\u70ed\u5ea6\uff0c\u5927\u5927\u7b14\u4e0b\u5999\u7b14\u751f\u82b1\uff0c\u732e\u4e11\u4e86\u3002"}, {"userName": "\u7b71\u7b71\u7b71\u7b71\u5f71", "userReviewDate": "2018-03-17", "userURL": "http://user.17k.com/49325577", "userReview": "<a target='_blank' href='http://www.17k.com/book/2670624.html'>\u300a\u7f6a\u7f5a\u56e0\u679c\u300b</a>\u62dc\u8bbf\u652f\u6301"}, {"userName": "\u9690\u60a3\u7834\u706d\u6839\u6e90", "userReviewDate": "2018-03-16", "userURL": "http://user.17k.com/60383560", "userReview": "\u8bfb<a target='_blank' href='http://www.17k.com/book/2792861.html'>\u300a\u6797\u5e7d\u6811\u300b</a>\uff0c\u5b89\u8c27\u9759\u6001\u7684\u51c0\u5316\u4e66\uff0c\u611f\u81ea\u7136\u98ce\u7269\u7f8e"}, {"userName": "\u7a7a\u8c37\u7559\u60c5", "userReviewDate": "2018-03-14", "userURL": "http://user.17k.com/45016341", "userReview": "<a target='_blank' href='http://www.17k.com/book/2790998.html'>\u300a\u9738\u9053\u4e13\u5c5e\u300b</a>\u6765\u8bbf\uff0c\u5927\u5927\u5199\u5f97\u5f88\u597d\uff0c\u5df2\u7ecf\u6536\u85cf\uff0c\u671f\u5f85\u56de\u8bbf\u548c\u6536\u85cf"}, {"userName": "\u592e\u5b50\u5440", "userReviewDate": "2018-03-13", "userURL": "http://user.17k.com/60344960", "userReview": "<a target='_blank' href='http://www.17k.com/book/2792493.html'>\u300a\u72d0\u7231\u4e4b\u8bf4\u300b</a>\u524d\u6765\u62dc\u8bbf"}, {"userName": "\u55b5\u55b5693288715", "userReviewDate": "2018-03-12", "userURL": "http://user.17k.com/60262405", "userReview": "\u597d\u770b\uff0c\u5b57\u6570\u592a\u5c11"}, {"userName": "\u773c\u79d1\u5b66", "userReviewDate": "2018-03-11", "userURL": "http://user.17k.com/60350391", "userReview": "<span style='color:red'><a target='_blank' href='http://www.17k.com/book/2791159.html'>\u300a\u987e\u5148\u751f\u7684\u6f2b\u6f2b\u8ffd\u59bb\u8def\u300b</a>\u6765\u8bbf~\u5411\u5927\u5927\u5b66\u4e60\uff0c\u4e3a\u60a8\u6253call\uff01\u8bf7\u5927\u5bb6\u591a\u591a\u5173\u6ce8~</span>"}, {"userName": "\u5357\u7389\u6696\u70df", "userReviewDate": "2018-03-09", "userURL": "http://user.17k.com/58707472", "userReview": "\u5927\u5927\u7684\u6587\u7b14\u7b80\u6d01\uff0c\u53ef\u60dc\u4e0d\u591f\u770b\uff0c\u52a0\u6cb9\uff01"}, {"userName": "\u6e05\u5f71\u5e7d\u72d0", "userReviewDate": "2018-03-08", "userURL": "http://user.17k.com/49328521", "userReview": "\u597d\u770b\uff0c\u52a0\u6cb9&#55357;&#56490;"}, {"userName": "\u82a5\u672b\u6cbe\u767d\u7cd6", "userReviewDate": "2018-03-07", "userURL": "http://user.17k.com/43412698", "userReview": "9\u6735\u9c9c\u82b1\u6765\u652f\u6301\u3002"}], "description": "\u674e\u8559\u8d28\u505a\u68a6\u90fd\u60f3\u4e0d\u5230\u5979\u4f1a\u6210\u4e3a\u4e00\u4e2a\u5c0f\u519c\u5973\uff01\u4eba\u5bb6\u5c0f\u9f99\u5973\u6709\u6768\u8fc7\u5728\u8eab\u8fb9\u75f4\u60c5\u5b88\u7740\uff0c\u5979\u674e\u8559\u8d28\u53ea\u6709\u4e00\u4e2a\u50bb\u76f8\u516c\u5728\u8eab\u8fb9\u8e6d\u5403\u8e6d\u559d\u8e6d\u7761\uff01\u8fd9\u6837\u95f9\u817e\u4e5f\u5c31\u7b97\u4e86\uff0c\u7325\u7410\u516c\u516c\u3001\u6076\u6bd2\u5a46\u5a46\u3001\u6781\u54c1\u90bb\u5c45\uff0c\u4e00\u4e2a\u4e2a\u513f\u7684\u90fd\u6765\u7ed9\u5979\u627e\u9ebb\u70e6\uff01\u3000\u3000\u53ef\u662f\u6700\u5927\u7684\u52ab\u4ece\u6765\u90fd\u4e0d\u662f\u79cd\u83dc\uff0c\u5f53\u5c0f\u519c\u5973\u6ee1\u7ea7\u4e4b\u540e\uff0c\u674e\u8559\u8d28\u53c8\u89e3\u9501\u4e86\u4e0b\u4e00\u4e2a\u4eba\u7269\uff01\u4ec0\u4e48\uff0c\u7adf\u7136\u8fd8\u8981\u73a9\u513f\u5bab\u5fc3\u8ba1\uff1f\u62dc\u6258\uff0c\u6211\u5c31\u53ea\u662f\u6765\u79cd\u4e2a\u7530\u800c\u5df2\u7684\u5c0f\u519c\u5973\u597d\u4e48\uff01\u3000\u3000\u4eba\u751f\u5904\u5904\u90fd\u662f\u70b8\u5f39\uff0c\u674e\u8559\u8d28\u603b\u7ed3\u51fa\u6765\u4e00\u70b9\uff1a\u7a7f\u8d8a\u4e0d\u597d\u73a9\u513f\uff0c\u7a7f\u8d8a\u4e4b\u540e\u4e0d\u65ad\u89e3\u9501\u65b0\u751f\u6d3b\u66f4\u4e0d\u597d\u73a9\u513f\uff01", "title": "\u559c\u5ac1\u826f\u7f18\uff1a\u519c\u95e8\u5c0f\u5a07\u5a18", "url": "http://www.17k.com/book/2758672.html", "average": -1.0, "cover": "http://img.17k.com/images/bookcover/2018/13793/68/2758672-1518146813000.jpg", "reviews": 61980, "authors": [{"url": "http://www.17k.com/zuozhe/59468634", "name": "\u8fdf\u9e3d"}], "type": ["\u7ecf\u5546\u79cd\u7530"], "outlinks": ["http://www.17k.com/book/2794982.html", "http://www.17k.com/book/2801292.html", "http://www.17k.com/book/2816318.html", "http://www.17k.com/book/2797575.html", "http://www.17k.com/book/2802516.html", "http://www.17k.com/book/2812195.html", "http://www.17k.com/book/2820143.html", "http://www.17k.com/book/2807943.html", "http://www.17k.com/book/2813457.html", "http://www.17k.com/book/2798058.html", "http://www.17k.com/book/2815617.html", "http://www.17k.com/book/2805259.html", "http://www.17k.com/book/2760255.html", "http://www.17k.com/book/2686894.html", "http://www.17k.com/book/2797016.html", "http://www.17k.com/book/2767246.html", "http://www.17k.com/book/2764239.html", "http://www.17k.com/book/2754498.html", "http://www.17k.com/book/2754900.html", "http://www.17k.com/book/2625740.html", "http://www.17k.com/book/2213315.html", "http://www.17k.com/book/2402178.html", "http://www.17k.com/book/2691221.html", "http://www.17k.com/book/2210699.html", "http://www.17k.com/book/1797752.html", "http://www.17k.com/book/2575507.html", "http://www.17k.com/book/2705181.html", "http://www.17k.com/book/2702539.html", "http://www.17k.com/book/2474887.html", "http://www.17k.com/book/2674733.html", "http://www.17k.com/book/2822076.html", "http://www.17k.com/book/2809894.html", "http://www.17k.com/book/2822077.html", "http://www.17k.com/book/2811930.html", "http://www.17k.com/book/2815548.html", "http://www.17k.com/book/2819620.html", "http://www.17k.com/book/2809964.html", "http://www.17k.com/book/2808200.html", "http://www.17k.com/book/2820100.html", "http://www.17k.com/book/2822978.html", "http://www.17k.com/book/2804337.html", "http://www.17k.com/book/2798814.html", "http://www.17k.com/book/2785153.html", "http://www.17k.com/book/2731559.html", "http://www.17k.com/book/2722533.html", "http://www.17k.com/book/2458377.html", "http://www.17k.com/book/2743300.html", "http://www.17k.com/book/973809.html", "http://www.17k.com/book/2651367.html", "http://www.17k.com/book/2726194.html", "http://www.17k.com/book/2790214.html", "http://www.17k.com/book/493239.html", "http://www.17k.com/book/108821.html", "http://www.17k.com/book/1398783.html", "http://www.17k.com/book/83528.html", "http://www.17k.com/book/1859126.html", "http://www.17k.com/book/1741975.html", "http://www.17k.com/book/192453.html", "http://www.17k.com/book/2459058.html", "http://www.17k.com/book/1050747.html", "http://www.17k.com/book/2700315.html", "http://www.17k.com/book/2818940.html", "http://www.17k.com/book/2819519.html", "http://www.17k.com/book/2816390.html", "http://www.17k.com/book/2819588.html", "http://www.17k.com/book/2813768.html", "http://www.17k.com/book/2822406.html", "http://www.17k.com/book/2772164.html", "http://www.17k.com/book/2784023.html", "http://www.17k.com/book/2811877.html", "http://www.17k.com/book/2809119.html", "http://www.17k.com/book/2803700.html", "http://www.17k.com/book/2819561.html", "http://www.17k.com/book/2746506.html", "http://www.17k.com/book/2811836.html", "http://www.17k.com/book/2614810.html", "http://www.17k.com/book/1592435.html", "http://www.17k.com/book/1949748.html", "http://www.17k.com/book/2265802.html", "http://www.17k.com/book/2743240.html", "http://www.17k.com/book/2657437.html", "http://www.17k.com/book/2644502.html", "http://www.17k.com/book/2199900.html", "http://www.17k.com/book/2725436.html", "http://www.17k.com/book/2629978.html"]}