{"ratings": -1, "userreviews": [{"userName": "K\u5c0f\u5f00", "userReviewDate": "2018-05-13", "userURL": "http://user.17k.com/58509881", "userReview": "\u4eca\u5929\u6bcd\u4eb2\u8282\uff0c\u5f00\u9633\u5728\u6b64\u795d\u613f\uff0c\u5929\u4e0b\u7684\u6bcd\u4eb2\u5065\u5eb7\u5409\u7965\uff01\u795d\u613f\u5927\u5927\u7684\u6bcd\u4eb2\u5927\u4eba\uff0c\u559c\u4e50\u5b89\u5eb7\uff01\u5927\u5927\u5982\u679c\u95f2\u6687\uff0c\u56de\u5934\u6307\u70b9\u4e00\u4e8c\uff0c\u611f\u6fc0\u4e0d\u5c3d\uff01"}, {"userName": "\u5c0f\u8f89973436188", "userReviewDate": "2018-05-02", "userURL": "http://user.17k.com/61397632", "userReview": "[\u6253\u8d4f]\u6211\u6253\u8d4f\u4e862\u5143\u7ea2\u5305\uff01\uff01"}, {"userName": "\u5723\u9690\u5e1d\u5143", "userReviewDate": "2018-04-30", "userURL": "http://user.17k.com/57760595", "userReview": "\u7b7e\u5230\u652f\u6301"}, {"userName": "\u738b\u7406\u5145", "userReviewDate": "2018-04-24", "userURL": "http://user.17k.com/13086425", "userReview": "[\u6253\u8d4f]\u6211\u6253\u8d4f\u4e862\u5143\u7ea2\u5305\uff01\uff01"}, {"userName": "juh", "userReviewDate": "2018-04-22", "userURL": "http://user.17k.com/467432", "userReview": "\u51b3\u5b9a\u8ffd\u8fd9\u672c\u597d\u4e66"}, {"userName": "\u300a\u5343\u53e4\u4e00\u8c0b\u5723\u300b\u6700\u5fc6\u662f\u5b50\u623f\u2026", "userReviewDate": "2018-04-18", "userURL": "http://user.17k.com/55047130", "userReview": "\u4efb\u52a1\u3002\u3002\u3002\u3002\u3002\u3002\u3002"}, {"userName": "\u9648\u732e\u4e39", "userReviewDate": "2018-04-18", "userURL": "http://user.17k.com/49901719", "userReview": "\u5267\u60c5\u90a3\u4e48\u957f\uff0c\u4fe9\u6b21\u7a7f\u8d8a\u4e86\uff0c\u80fd\u4e0d\u80fd\u7206\u66f4\u4e00\u4e0b\u554a\uff0c\u8fd9\u6837\u4e0b\u53bb\u5f88\u96be\u770b\u4e0b\u53bb\u554a"}, {"userName": "\u5409\u5bb6\u5730\u4ea7-\u5c0f\u718a", "userReviewDate": "2018-04-10", "userURL": "http://user.17k.com/60545029", "userReview": "\u5f00\u901a\u4e86\u5305\u6708\uff0c\u94b1\u90fd\u7ed9\u4e86\uff0c\u8fd8\u770b\u4e0d\u4e86\u4e66\uff0c\u5b8c\u5168\u662f\u9a97\u5b50\uff0c\u4f5c\u8005\u80fd\u4e0d\u80fd\u8054\u7cfb\uff0c\u8fd9\u4ed8\u8d39\u8fd8\u4e0d\u8ba9\u770b\u4e66"}, {"userName": "17K\u4e66\u53cb88bj8rko", "userReviewDate": "2018-04-07", "userURL": "http://user.17k.com/60943578", "userReview": "\u5feb\u5feb\u66f4\u65b0\u5427"}, {"userName": "\u533f\u540d3400024", "userReviewDate": "2018-04-04", "userURL": "http://user.17k.com/26140318", "userReview": "[\u6253\u8d4f]\u6211\u6253\u8d4f\u4e862\u5143\u7ea2\u5305\uff01\uff01"}, {"userName": "\u52ff\u5fd8\u521d\u5fc3310135581", "userReviewDate": "2018-04-03", "userURL": "http://user.17k.com/60614947", "userReview": "\u4e0d\u9519\u4e0d\u9519\u4e0d\u9519"}, {"userName": "17K\u4e66\u53cbcoku78gm", "userReviewDate": "2018-03-30", "userURL": "http://user.17k.com/60632385", "userReview": "\u4e0d\u9519\u4e0d\u9519&#55357;&#56842;"}, {"userName": "\u8001\u5bb6\u7684\u674e\u54e5", "userReviewDate": "2018-03-27", "userURL": "http://user.17k.com/60139170", "userReview": "[\u6253\u8d4f]\u6211\u6253\u8d4f\u4e862\u5143\u7ea2\u5305\uff01\uff01"}, {"userName": "\u79e6\u6c90\u767d", "userReviewDate": "2018-03-25", "userURL": "http://user.17k.com/59344387", "userReview": "\u4ec0\u4e48\u4e71\u4e03\u516b\u7cdf\u7684\uff1f\u4e4b\u524d\u5199\u7684\u9a6c\u9a6c\u864e\u864e\u8fd8\u80fd\u770b\uff0c\u8fd9\u73b0\u5728\u662f\u4ec0\u4e48\u8282\u594f\uff1f\u53c8\u7a7f\u8d8a\u4e86\uff1f\u7a46\u6842\u82f1\u90fd\u51fa\u6765\u4e86\uff01\uff01\u6211\u53bb\u7684"}, {"userName": "\u8001\u5bb6\u7684\u674e\u54e5", "userReviewDate": "2018-03-20", "userURL": "http://user.17k.com/60139170", "userReview": "[\u6253\u8d4f]\u6211\u6253\u8d4f\u4e862\u5143\u7ea2\u5305\uff01\uff01"}, {"userName": "K\u5c0f\u5f00", "userReviewDate": "2018-03-18", "userURL": "http://user.17k.com/58509881", "userReview": "\u5468\u672b\u6109\u5feb\uff01<a target='_blank' href='http://www.17k.com/book/2724684.html'>\u300a\u4e00\u5ff5\u539f\u7f6a\u300b</a>\u524d\u6765\u6c42\u6559\uff0c\u4e00\u6bb5\u75db\u5f7b\u5fc3\u6249\u7684\u7231\u60c5\u6545\u4e8b\uff0c\u4e00\u6bb5\u5b64\u72ec\u65e0\u4f9d\u7684\u5bfb\u627e\u4e4b\u65c5\uff0c\u4e00\u6bb5\u4ee5\u7f6a\u8d4e\u7f6a\u7684\u6551\u8d4e\u4e4b\u8def\uff0c\u65b0\u4eba\u65b0\u4f5c\uff0c\u671b\u6307\u70b9\u4e00\u4e8c\uff0c\u611f\u6fc0\u4e0d\u5c3d\uff01"}, {"userName": "\u5b64\u50b2\u3001\u4e5f\u662f\u4e00\u79cd\u6001\u5ea6\u309c\u2026927226045", "userReviewDate": "2018-03-16", "userURL": "http://user.17k.com/57480634", "userReview": "\u8fd9\u4e66\u662f\u4e0d\u662f\u540e\u671f\u91cd\u5199\u4e86"}, {"userName": "\u7a7a\u8c37\u7559\u60c5", "userReviewDate": "2018-03-15", "userURL": "http://user.17k.com/45016341", "userReview": "\u4e00\u672c\u597d\u770b\u7684\u4e66<a target='_blank' href='http://www.17k.com/book/2790998.html'>\u300a\u9738\u9053\u4e13\u5c5e\u300b</a>\u6821\u56ed\u603b\u88c1\u957f\u817f\u738b\u5b50\u3001\u9752\u6885\u7af9\u9a6c\u6587<a target='_blank' href='http://www.17k.com/book/2790998.html'>\u300a\u9738\u9053\u4e13\u5c5e\u300b</a>\u524d\u6765\u652f\u6301\uff0c\u559c\u6b22\u7684\u53ef\u4ee5\u6536\u85cf\u8fd8\u6709\u6295\u7968\uff0c\u8c22\u8c22\u3002\u7b80\u4ecb\uff1a\u65bd\u96e8\u7af9\u76ee\u5149\u5446\u6ede\u5730\u770b\u7740\u957f\u817f\u5e05\u54e5\u5149\u7740\u7684\u4e0a\u534a\u8eab\u597d\u534a\u664c\uff0c\u56de\u8fc7\u795e\u6765\u540e\u4f38\u624b\u64e6\u4e86\u64e6\u5634\u89d2\u6839\u672c\u4e0d\u5b58\u5728\u7684\u53e3\u6c34\uff0c\u5979\u662f\u5e94\u8be5\u8d81\u673a\u628a\u5bf9\u65b9\u7684\u4e0a\u8863\u90fd\u8131\u5149\u5462\uff0c\u8fd8\u662f\u5c31\u8fd9\u4e48\u5e2e\u5bf9\u65b9\u64e6\u4e00\u4e0b\u4e0a\u8eab\u7ee7\u7eed\u7a7f\u56de\u53bb\uff1f"}, {"userName": "A\u661f\u661f\u70b9\u706f", "userReviewDate": "2018-03-15", "userURL": "http://user.17k.com/55972875", "userReview": "2018\u63a8\u8350\u4e00\u672c\u597d\u770b\u7684\u4e66<a target='_blank' href='http://www.17k.com/book/2728167.html'>\u300a\u6211\u548c\u5996\u517d\u6709\u4e2a\u7ea6\u4f1a\u300b</a>\uff0c\u60ca\u9669\u523a\u6fc0\uff0c\u6d6a\u6f2b\u6ee1\u5c4b\uff0c\u70ed\u8840\u683c\u6597\uff0c\u751f\u6b7b\u7231\u604b\uff0c\u6696\u6627\u4e0d\u65ad\uff0c\u5929\u5929\u66f4\u65b0\uff0c\u8bf7\u591a\u5173\u7167\uff0c\u6765\u4e2a\u6536\u85cf\u554a!\uff0c\u70b9\u51fb\u4e66\u540d\u5c31\u53ef\u4ee5\u770b\u5230\u4e66\u4e86\u3002"}, {"userName": "\u7b71\u7b71\u7b71\u7b71\u5f71", "userReviewDate": "2018-03-11", "userURL": "http://user.17k.com/49325577", "userReview": "<a target='_blank' href='http://www.17k.com/book/2670624.html'>\u300a\u7f6a\u7f5a\u56e0\u679c\u300b</a>\u6765\u8bbf \u5348\u5b89"}], "description": "\u6700\u5f3a\u72d9\u51fb\u624b\u738b\u707f\u56de\u5230\u4e09\u56fd\uff0c\u5f81\u6218\u5929\u4e0b\u3002\u3000\u3000\u4e00\u5957\u73b0\u4ee3\u7279\u79cd\u6218\u672f\u6218\u65e0\u4e0d\u80dc\u653b\u65e0\u4e0d\u514b\uff0c\u4e00\u624b\u51fa\u795e\u5165\u5316\u7684\u7bad\u672f\u53d6\u654c\u9996\u7ea7\u5982\u63a2\u56ca\u53d6\u7269\uff0c\u6536\u731b\u5c06\u3001\u62a2\u5730\u76d8\u3001\u6536\u7f8e\u5973\uff0c\u4e0e\u8bf8\u4faf\u4e89\u9738\u4e09\u56fd\uff01", "title": "\u56de\u5230\u4e09\u56fd\u7684\u7279\u79cd\u72d9\u51fb\u624b", "url": "http://www.17k.com/book/97132.html", "average": -1.0, "cover": "http://img.17k.com/images/bookcover/2017/485/2/97132-1513769063000.jpg", "reviews": 80117789, "authors": [{"url": "http://www.17k.com/zuozhe/3651886", "name": "\u4e1c\u4e00\u65b9"}], "type": ["\u5386\u53f2\u7a7f\u8d8a"], "outlinks": ["http://www.17k.com/book/2794982.html", "http://www.17k.com/book/2801292.html", "http://www.17k.com/book/2816318.html", "http://www.17k.com/book/2797575.html", "http://www.17k.com/book/2802516.html", "http://www.17k.com/book/2812195.html", "http://www.17k.com/book/2820143.html", "http://www.17k.com/book/2807943.html", "http://www.17k.com/book/2813457.html", "http://www.17k.com/book/2798058.html", "http://www.17k.com/book/2815617.html", "http://www.17k.com/book/2805259.html", "http://www.17k.com/book/2760255.html", "http://www.17k.com/book/2686894.html", "http://www.17k.com/book/2797016.html", "http://www.17k.com/book/2767246.html", "http://www.17k.com/book/2764239.html", "http://www.17k.com/book/2754498.html", "http://www.17k.com/book/2754900.html", "http://www.17k.com/book/2625740.html", "http://www.17k.com/book/2213315.html", "http://www.17k.com/book/2402178.html", "http://www.17k.com/book/2691221.html", "http://www.17k.com/book/2210699.html", "http://www.17k.com/book/1797752.html", "http://www.17k.com/book/2575507.html", "http://www.17k.com/book/2705181.html", "http://www.17k.com/book/2702539.html", "http://www.17k.com/book/2474887.html", "http://www.17k.com/book/2674733.html", "http://www.17k.com/book/2822076.html", "http://www.17k.com/book/2809894.html", "http://www.17k.com/book/2822077.html", "http://www.17k.com/book/2811930.html", "http://www.17k.com/book/2815548.html", "http://www.17k.com/book/2819620.html", "http://www.17k.com/book/2809964.html", "http://www.17k.com/book/2808200.html", "http://www.17k.com/book/2820100.html", "http://www.17k.com/book/2822978.html", "http://www.17k.com/book/2804337.html", "http://www.17k.com/book/2798814.html", "http://www.17k.com/book/2785153.html", "http://www.17k.com/book/2731559.html", "http://www.17k.com/book/2722533.html", "http://www.17k.com/book/2458377.html", "http://www.17k.com/book/2743300.html", "http://www.17k.com/book/973809.html", "http://www.17k.com/book/2651367.html", "http://www.17k.com/book/2726194.html", "http://www.17k.com/book/2790214.html", "http://www.17k.com/book/493239.html", "http://www.17k.com/book/108821.html", "http://www.17k.com/book/1398783.html", "http://www.17k.com/book/83528.html", "http://www.17k.com/book/1859126.html", "http://www.17k.com/book/1741975.html", "http://www.17k.com/book/192453.html", "http://www.17k.com/book/2459058.html", "http://www.17k.com/book/1050747.html", "http://www.17k.com/book/2700315.html", "http://www.17k.com/book/2818940.html", "http://www.17k.com/book/2819519.html", "http://www.17k.com/book/2816390.html", "http://www.17k.com/book/2819588.html", "http://www.17k.com/book/2813768.html", "http://www.17k.com/book/2822406.html", "http://www.17k.com/book/2772164.html", "http://www.17k.com/book/2784023.html", "http://www.17k.com/book/2811877.html", "http://www.17k.com/book/2809119.html", "http://www.17k.com/book/2803700.html", "http://www.17k.com/book/2819561.html", "http://www.17k.com/book/2746506.html", "http://www.17k.com/book/2811836.html", "http://www.17k.com/book/2614810.html", "http://www.17k.com/book/1592435.html", "http://www.17k.com/book/1949748.html", "http://www.17k.com/book/2265802.html", "http://www.17k.com/book/2743240.html", "http://www.17k.com/book/2657437.html", "http://www.17k.com/book/2644502.html", "http://www.17k.com/book/2199900.html", "http://www.17k.com/book/2725436.html", "http://www.17k.com/book/2629978.html"]}