{"ratings": -1, "userreviews": [{"userName": "\u82cf\u4e5d\u6708", "userReviewDate": "2017-09-01", "userURL": "http://user.17k.com/36971837", "userReview": "<span style='color:red'>\u5341\u5206\u611f\u8c22\u5404\u4f4d\u8bfb\u8005\u7684\u652f\u6301\uff0c\u672c\u4e66\u5df2\u7ecf\u4e0a\u67b6\uff0c\u4f5c\u8005\u627f\u8bfa\uff0c\u51b3\u4e0d\u65ad\u66f4\uff0c\u4e0d\u62d6\u66f4\uff01\u611f\u8c22\u8d23\u7f16\u7684\u5927\u529b\u652f\u6301\u3002\u591a\u8c22\u8bf8\u4f4d\u5927\u795e\u7684\u9f0e\u529b\u6367\u573a\uff0c\u8001\u65bd\uff0c\u7b14\u4ed9\u5728\u68a6\u6e38\uff0c\u7b11\u7b11\u661f\u513f\uff0c\u82cf\u6708\u5915\uff0c\u5728\u6b64\u8c22\u8fc7\u3002\u7279\u522b\u611f\u8c22\uff1a\u7b11\u7b11\u661f\u513f\u7684\u9f0e\u529b\u652f\u6301\u3002\u82cf\u6708\u5915\u7684\u9f0e\u529b\u652f\u6301\uff0c\u4ee5\u53ca<a target='_blank' href='http://www.17k.com/book/1050747.html'>\u300a\u9f99\u7eb9\u6218\u795e\u300b</a>\u4e0d\u7559\u4f59\u529b\u7684\u4e3a\u672c\u4e66\u7ae0\u63a8\u3002\u672c\u4e66\u575a\u6301\u5199\u4e00\u7ae0\uff0c\u7cbe\u4fee\u4e00\u7ae0\uff0c\u6570\u91cf\u4e0e\u8d28\u91cf\u4e4b\u95f4\u7684\u8861\u91cf\u4e4b\u540e\uff0c\u672c\u4eba\u89c9\u5f97\u8fd8\u662f\u8d28\u91cf\u6700\u4e3a\u91cd\u8981\uff0c\u53ef\u80fd\u7206\u66f4\u4f1a\u6bd4\u8f83\u5c11\uff0c\u4f46\u7edd\u4e0d\u62d6\u66f4\uff0c\u66f4\u4e0d\u4f1a\u65ad\u66f4\uff0c\u5e0c\u671b\u5927\u5bb6\u652f\u6301\u3002\u5728\u6b64\u8c22\u8fc7\u3002&nbsp; &nbsp; &nbsp; &nbsp; &nbsp; &nbsp;\u2014\u2014\u82cf\u4e5d\u6708</span>"}, {"userName": "o\u7b14\u4ed9\u5728\u68a6\u6e38o", "userReviewDate": "2017-08-12", "userURL": "http://user.17k.com/2352868", "userReview": "\u52a0\u6cb9\u52a0\u6cb9 \u606d\u559c\u65b0\u4e66\u5927\u5356\u7279\u5356~~"}, {"userName": "\u597d\u5927\u4e00\u4e2a\u51f6\u5146", "userReviewDate": "2017-08-07", "userURL": "http://user.17k.com/4125068", "userReview": "\u65b0\u4e66\u65b0\u5f00\u59cb\uff0c\u52a0\u6cb9\uff01"}, {"userName": "\u7b11\u7b11\u661f\u513f", "userReviewDate": "2017-08-07", "userURL": "http://user.17k.com/2606656", "userReview": "\u606d\u559c\u4e5d\u6708\u65b0\u4e66\uff0c\u65b0\u4e66\u5927\u706b\uff01\uff01\uff01"}, {"userName": "\u82cf\u6708\u5915", "userReviewDate": "2017-08-07", "userURL": "http://user.17k.com/7257885", "userReview": "\u606d\u559c\u4e5d\u6708\u65b0\u4e66\uff0c\u795d\u5927\u706b\u2026\u2026"}, {"userName": "\u897f\u671b2077", "userReviewDate": "2018-06-02", "userURL": "http://user.17k.com/49186443", "userReview": "\u597d\u4e66\u6536\u85cf\u4e86"}, {"userName": "\u65f6\u65f6\u96e8\u96e8", "userReviewDate": "2018-06-01", "userURL": "http://user.17k.com/62102185", "userReview": "\u665a\u597d~\u6765\u770b\u770b\u5427\uff0c\u4eca\u5929\u516d\u4e00\u6211\u52a0\u66f4\u4e86\u54e6~"}, {"userName": "\u5c0f\u5c0f\u83f2\u5b50\u9171", "userReviewDate": "2018-06-01", "userURL": "http://user.17k.com/58737392", "userReview": "\u563f\u563f\uff0c\u516d\u4e00\u5feb\u4e50\uff0c*\u7f52\u25bd\u7f52*"}, {"userName": "\u5fc3\u7a7a\u7f6a\u4ea6\u4ea1", "userReviewDate": "2018-06-01", "userURL": "http://user.17k.com/56355515", "userReview": "\u597d\u4e66\uff0c\u6536\u85cf\u6162\u6162\u7814\u8bfb\u5b66\u4e60\u3002"}, {"userName": "\u7af9\u4e0b\u661f\u67f3", "userReviewDate": "2018-06-01", "userURL": "http://user.17k.com/56040077", "userReview": "\u5927\u5927\u597d\uff01\u7b2c\u4e00\u6b21\u6765\u7684\u8fd9\u91cc\u6df7\u4e2a\u773c\u719f\uff01"}, {"userName": "\u5fc3\u7a7a\u7f6a\u4ea6\u4ea1", "userReviewDate": "2018-05-31", "userURL": "http://user.17k.com/56355515", "userReview": "\u770b\u4e66\u53d6\u7ecf\uff0c\u62dc\u8bbf\u7396\u6708\u795e\uff0c\u652f\u6301\u4e0d\u53d8\uff0c\u5199\u4f5c\u6109\u5feb\u3002"}, {"userName": "\u5fc3\u7a7a\u7f6a\u4ea6\u4ea1", "userReviewDate": "2018-05-30", "userURL": "http://user.17k.com/56355515", "userReview": "\u770b\u597d\u4e66\u62dc\u8bbf\u7396\u6708\uff0c\u9001\u4f60\u4e00\u5929\u597d\u5fc3\u60c5\u3002"}, {"userName": "\u4e45\u8317", "userReviewDate": "2018-05-27", "userURL": "http://user.17k.com/62219496", "userReview": "\u4f5c\u8005\u5927\u5927\u52a0\u6cb9\u30fe(\u25cd&deg;\u2207&deg;\u25cd)\uff89\uff9e"}, {"userName": "\u9526\u7ee3\u82b3\u83f2", "userReviewDate": "2018-05-26", "userURL": "http://user.17k.com/53849640", "userReview": "\u7b7e\u4e2a\u5230\uff0c\u52a0\u6cb9\uff0c\u5230\u665a\u5b89\uff0c"}, {"userName": "\u4e00\u534a\u662f\u8bb0\u5fc6\u3002", "userReviewDate": "2018-05-25", "userURL": "http://user.17k.com/54467555", "userReview": "\u597d\u597d\u597d\u597d\u770b"}, {"userName": "\u77e5\u79cb\u61c2\u79cb\u8d4f\u79cb", "userReviewDate": "2018-05-22", "userURL": "http://user.17k.com/56115906", "userReview": "\u4e0d\u80fd\u6bd4\uff0c\u6211\u9ed8\u9ed8\u770b\u4e66\u3002"}, {"userName": "\u6c90\u7efe\u5fc3", "userReviewDate": "2018-05-22", "userURL": "http://user.17k.com/56322246", "userReview": "\u5927\u795e\u7684\u70b9\u51fb\u7387\u597d\u53ef\u6015\uff0c\u52a0\u6cb9\uff0c\u7efe\u5fc3\u5411\u4f60\u5b66\u4e60\u3002"}, {"userName": "\u73af\u73af\u4e00\u8885\u695a\u5bab\u8170", "userReviewDate": "2018-05-19", "userURL": "http://user.17k.com/59811233", "userReview": "\u660e\u5929\u5c31\u662f520\u5566\uff01\u63d0\u524d\u6765\u95ee\u5019\uff01\u795d\u597d\u5fc3\u60c5\uff01"}, {"userName": "\u77e5\u79cb\u61c2\u79cb\u8d4f\u79cb", "userReviewDate": "2018-05-19", "userURL": "http://user.17k.com/56115906", "userReview": "\u5468\u672b\u5feb\u4e50\u3002"}, {"userName": "17K\u4e66\u53cbytx8keka", "userReviewDate": "2018-05-19", "userURL": "http://user.17k.com/61684666", "userReview": "\u7ee7\u7eed\u52a0\u6cb9\u2196(^\u03c9^)\u2197\u52aa\u529b\u7684\u5199\u5427"}], "description": "\u8352\u51c9\u7684\u6208\u58c1\u6ee9\u4e0a\uff0c\u4e00\u4e2a\u5947\u602a\u7684\u76d7\u6d1e\u63ed\u5f00\u4e86\u4e00\u6bb5\u795e\u79d8\u7684\u65c5\u7a0b\uff0c\u76d7\u5893\u8005\u6f5c\u5165\u5893\u7a74\uff0c\u5374\u53c8\u6df1\u9677\u7edd\u5883\uff0c\u6b65\u6b65\u60ca\u5fc3\u7684\u5893\u9053\u4e4b\u4e2d\u5230\u5e95\u6697\u85cf\u4e86\u591a\u5c11\u673a\u5173\uff1f\u3000\u3000\u5343\u5e74\u53e4\u5893\u5230\u5e95\u5c18\u5c01\u4e86\u591a\u5c11\u4e0d\u4e3a\u4eba\u77e5\u7684\u79d8\u5bc6\uff0c\u51b0\u5c42\u4e4b\u4e0b\u90a3\u4e00\u5806\u57cb\u9aa8\u4ea1\u9b42\u53c8\u662f\u4f55\u4eba\uff1f\u3000\u3000\u8be1\u5f02\u7684\u5893\u846c\uff0c\u81f4\u547d\u7684\u6bd2\u86ca\uff0c\u79bb\u5947\u7684\u8840\u5c38\uff0c\u8ba9\u4eba\u4e0d\u5bd2\u800c\u6817\uff0c\u9762\u5bf9\u672a\u77e5\u7684\u9677\u9631\uff0c\u662f\u5f00\u68fa\uff1f\u8fd8\u662f\u9003\u547d\uff1f\u3000\u3000\u795e\u79d8\u7684\u5730\u4e0b\u5893\u7a74\uff0c\u8fd8\u6709\u591a\u5c11\u79d1\u5b66\u4e0d\u80fd\u89e3\u91ca\u7684\u5947\u602a\u73b0\u8c61\uff1f\u3000\u3000\u897f\u51c9\u5893\u4e2d\u7684\u77f3\u50cf\u5230\u5e95\u6709\u4ec0\u4e48\u79d8\u5bc6\uff1f\u3000\u3000\u6606\u4ed1\u5c71\u5ce1\u8c37\u660f\u6697\u7684\u5730\u4e0b\u752c\u9053\u6697\u85cf\u4e86\u591a\u5c11\u673a\u5173\u3002\u3000\u3000\u770b\u4e91\u5357\u53e4\u5893\u6df1\u5904\uff0c\u5982\u4f55\u7834\u89e3\u6bd2\u86ca\u50f5\u5c38\u3002\u3000\u3000\u89c2\u5c4b\u5c71\u9b3c\u738b\u5893\u4e2d\uff0c\u5982\u4f55\u8d70\u51fa\u7634\u6c14\u8ff7\u9635\u3002\u3000\u3000\u60f3\u77e5\u9053\u62c9\u6602\u9519\u6e56\u4e0b\u9b3c\u57ce\u5230\u5e95\u8fd8\u6709\u4ec0\u4e48\u4e0d\u53ef\u601d\u8bae\u7684\u4e8b\u60c5\uff1f\u3000\u3000\u6b63\u6240\u8c13\uff1a\u3000\u3000\u4e00\u5165\u76d7\u95e8\u6df1\u4f3c\u6d77\uff0c\u4ece\u6b64\u751f\u6b7b\u7f6e\u5ea6\u5916\u3000\u3000\u820d\u547d\u6478\u91d1\u6c42\u5bcc\u8d35\uff0c\u9669\u4e2d\u6c42\u751f\u7834\u673a\u5173\u3000\u3000\u5347\u5b98\u53d1\u8d22\u76d7\u6709\u9053\uff0c\u7eb8\u9189\u91d1\u8ff7\u751f\u662f\u975e\u3000\u3000\u884c\u6709\u884c\u89c4\u6478\u9006\u884c\uff0c\u5bfb\u5893\u6478\u91d1\u6709\u6cd5\u95e8\u3002", "title": "\u5893\u76d7\u4e66", "url": "http://www.17k.com/book/2614810.html", "average": -1.0, "cover": "http://img.17k.com/images/bookcover/2017/13074/65/2614810-1502097288000.jpg", "reviews": 8144072, "authors": [{"url": "http://www.17k.com/zuozhe/36971837", "name": "\u82cf\u4e5d\u6708"}], "type": ["\u63a2\u9669\u63ed\u79d8"], "outlinks": ["http://www.17k.com/book/2794982.html", "http://www.17k.com/book/2801292.html", "http://www.17k.com/book/2816318.html", "http://www.17k.com/book/2797575.html", "http://www.17k.com/book/2802516.html", "http://www.17k.com/book/2812195.html", "http://www.17k.com/book/2820143.html", "http://www.17k.com/book/2807943.html", "http://www.17k.com/book/2813457.html", "http://www.17k.com/book/2798058.html", "http://www.17k.com/book/2815617.html", "http://www.17k.com/book/2805259.html", "http://www.17k.com/book/2760255.html", "http://www.17k.com/book/2686894.html", "http://www.17k.com/book/2797016.html", "http://www.17k.com/book/2767246.html", "http://www.17k.com/book/2764239.html", "http://www.17k.com/book/2754498.html", "http://www.17k.com/book/2754900.html", "http://www.17k.com/book/2625740.html", "http://www.17k.com/book/2213315.html", "http://www.17k.com/book/2402178.html", "http://www.17k.com/book/2691221.html", "http://www.17k.com/book/2210699.html", "http://www.17k.com/book/1797752.html", "http://www.17k.com/book/2575507.html", "http://www.17k.com/book/2705181.html", "http://www.17k.com/book/2702539.html", "http://www.17k.com/book/2474887.html", "http://www.17k.com/book/2674733.html", "http://www.17k.com/book/2822076.html", "http://www.17k.com/book/2809894.html", "http://www.17k.com/book/2822077.html", "http://www.17k.com/book/2811930.html", "http://www.17k.com/book/2815548.html", "http://www.17k.com/book/2819620.html", "http://www.17k.com/book/2809964.html", "http://www.17k.com/book/2808200.html", "http://www.17k.com/book/2820100.html", "http://www.17k.com/book/2822978.html", "http://www.17k.com/book/2804337.html", "http://www.17k.com/book/2798814.html", "http://www.17k.com/book/2785153.html", "http://www.17k.com/book/2731559.html", "http://www.17k.com/book/2722533.html", "http://www.17k.com/book/2458377.html", "http://www.17k.com/book/2743300.html", "http://www.17k.com/book/973809.html", "http://www.17k.com/book/2651367.html", "http://www.17k.com/book/2726194.html", "http://www.17k.com/book/2790214.html", "http://www.17k.com/book/493239.html", "http://www.17k.com/book/108821.html", "http://www.17k.com/book/1398783.html", "http://www.17k.com/book/83528.html", "http://www.17k.com/book/1859126.html", "http://www.17k.com/book/1741975.html", "http://www.17k.com/book/192453.html", "http://www.17k.com/book/2459058.html", "http://www.17k.com/book/1050747.html", "http://www.17k.com/book/2700315.html", "http://www.17k.com/book/2818940.html", "http://www.17k.com/book/2819519.html", "http://www.17k.com/book/2816390.html", "http://www.17k.com/book/2819588.html", "http://www.17k.com/book/2813768.html", "http://www.17k.com/book/2822406.html", "http://www.17k.com/book/2772164.html", "http://www.17k.com/book/2784023.html", "http://www.17k.com/book/2811877.html", "http://www.17k.com/book/2809119.html", "http://www.17k.com/book/2803700.html", "http://www.17k.com/book/2819561.html", "http://www.17k.com/book/2746506.html", "http://www.17k.com/book/2811836.html", "http://www.17k.com/book/2614810.html", "http://www.17k.com/book/1592435.html", "http://www.17k.com/book/1949748.html", "http://www.17k.com/book/2265802.html", "http://www.17k.com/book/2743240.html", "http://www.17k.com/book/2657437.html", "http://www.17k.com/book/2644502.html", "http://www.17k.com/book/2199900.html", "http://www.17k.com/book/2725436.html", "http://www.17k.com/book/2629978.html"]}