{"ratings": -1, "userreviews": [{"userName": "\u9673\u5c0f\u7487", "userReviewDate": "2018-05-24", "userURL": "http://user.17k.com/45406982", "userReview": "\u52a0\u6cb9\u52a0\u6cb9!"}, {"userName": "\u5e7d\u83b9Luna", "userReviewDate": "2018-05-20", "userURL": "http://user.17k.com/61159268", "userReview": "<a target='_blank' href='http://www.17k.com/book/2814462.html'>\u300a\u4e5d\u5c3e\u6708\u534e\u5f55\u300b</a>\u524d\u6765\u652f\u6301\uff01\uff01\u795d\u5927\u5927\u8d8a\u5199\u8d8a\u597d\u54e6\uff01"}, {"userName": "17K\u4e66\u53cbC840YZKJ", "userReviewDate": "2018-05-20", "userURL": "http://user.17k.com/61978512", "userReview": "<a target='_blank' href='http://www.17k.com/book/2826095.html'>\u300a\u95ee\u9053\u9010\u6d41\u300b</a>\u524d\u6765\u62dc\u8bbf\u3002"}, {"userName": "\u5723\u9690\u5e1d\u5143", "userReviewDate": "2018-05-18", "userURL": "http://user.17k.com/57760595", "userReview": "\u7b7e\u5230\u652f\u6301"}, {"userName": "17k\u4e66\u53cbpqhjv5kth", "userReviewDate": "2018-05-15", "userURL": "http://user.17k.com/61812173", "userReview": "\u4e5f"}, {"userName": "17k\u4e66\u53cbofa9k3ckc", "userReviewDate": "2018-05-12", "userURL": "http://user.17k.com/61689751", "userReview": "\u6cb3\u795e\uff1f"}, {"userName": "\u80c6\u5c0f\u9b3c523354172", "userReviewDate": "2018-05-11", "userURL": "http://user.17k.com/59636293", "userReview": "\u524d\u6765\u819c\u62dc\u5927\u795e\uff0c\u4e0d\u80fd\u6253\u8d4f\u4ec0\u4e48\uff0c\u4ee5\u6536\u85cf\u8868\u793a\u5fc3\u610f\uff0c\u52a0\u6cb9\u5927\u5927\u3002"}, {"userName": "\u9690\u60a3\u7834\u706d\u6839\u6e90", "userReviewDate": "2018-05-11", "userURL": "http://user.17k.com/60383560", "userReview": "\u8fd8\u53ef\u4ee5\uff0c\u633a\u795e\u79d8\u7684"}, {"userName": "\u7687\u5929\u9756", "userReviewDate": "2018-05-10", "userURL": "http://user.17k.com/60315739", "userReview": "\u5927\u5927\u597d\uff0c\u7687\u5929\u9756\u643a<a target='_blank' href='http://www.17k.com/book/2790923.html'>\u300a\u591c\u534a\u6b87\u4e0d\u4f24\u300b</a>\u524d\u6765\u62dc\u8bbf\u3002"}, {"userName": "\u4e3a\u68a6\u60f3\u7801\u5b57", "userReviewDate": "2018-05-08", "userURL": "http://user.17k.com/61486396", "userReview": "\u63a8\u8350<a target='_blank' href='http://www.17k.com/book/2820358.html'>\u300a\u5927\u73a9\u5bb6\u4e4b\u4e16\u955c\u300b</a>\uff0c\u4e0d\u4e00\u6837\u7684\u79d1\u5e7b+\u6e38\u620f\u9898\u6750"}, {"userName": "\u73af\u73af\u4e00\u8885\u695a\u5bab\u8170", "userReviewDate": "2018-05-03", "userURL": "http://user.17k.com/59811233", "userReview": "\u4e0b\u5348\u597d\uff0c\u73af\u73af\u6765\u770b\u770b\uff01"}, {"userName": "\u73af\u73af\u4e00\u8885\u695a\u5bab\u8170", "userReviewDate": "2018-04-27", "userURL": "http://user.17k.com/59811233", "userReview": "\u65e9\u4e0a\u597d\uff01\u73af\u73af\u6765\u4e86\uff0c\u9a6c\u4e0a\u5c31\u8981\u653e\u5047\u4e86\u54df\uff01"}, {"userName": "\u54c6\u5566\u597d\u68a6", "userReviewDate": "2018-04-26", "userURL": "http://user.17k.com/46133631", "userReview": "\u6765\u5411\u5927\u5927\u5b66\u4e60"}, {"userName": "\u59e3\u59e3295903542", "userReviewDate": "2018-04-25", "userURL": "http://user.17k.com/61223588", "userReview": "\u8fd8\u53ef\u4ee5\uff0c\u52a0\u6cb9\u5427"}, {"userName": "\u73af\u73af\u4e00\u8885\u695a\u5bab\u8170", "userReviewDate": "2018-04-25", "userURL": "http://user.17k.com/59811233", "userReview": "\u65e9\u4e0a\u597d\uff0c\u73af\u73af\u6765\u4e86\uff01"}, {"userName": "\u51b7\u7738\u8ff7\u671b\u7740\uffe1\u54ea\u4e2a\u8def\u53e3", "userReviewDate": "2018-04-24", "userURL": "http://user.17k.com/61025774", "userReview": "\u6211\u7684<a target='_blank' href='http://www.17k.com/book/2810121.html'>\u300a\u795e\u79d8\u7684\u5f02\u65f6\u7a7a\u300b</a>\u5957\u8def\u591a\uff0c\u8282\u594f\u5feb\uff0c\u4f60\u4eec\u6700\u559c\u6b22\u7684\u6253\u6597\u5c0f\u8bf4\u3002"}, {"userName": "\u73af\u73af\u4e00\u8885\u695a\u5bab\u8170", "userReviewDate": "2018-04-24", "userURL": "http://user.17k.com/59811233", "userReview": "\u5348\u597d\uff0c\u6492\u82b1\u82b1\uff01"}, {"userName": "\u6545\u4e61\u7684\u4e91342395662", "userReviewDate": "2018-04-22", "userURL": "http://user.17k.com/60219907", "userReview": "\u5468\u672b\u6109\u5feb\uff0c\u52a0\u6cb9\uff01\uff01\uff01"}, {"userName": "\u5341\u56db\u4e2a\u571f\u65b9", "userReviewDate": "2018-04-18", "userURL": "http://user.17k.com/49433961", "userReview": "\u665a\u4e0a\u597d\uff0c\u5931\u8e2a\u4e00\u5468\u7684\u6211\u53c8\u56de\u6765\u4e86\uff0c\u8fd9\u4e00\u5468\u662f\u771f\u7684\u5fd9\uff0c\u7ec8\u4e8e\u5fd9\u5b8c\u4e86\uff0c\u7ee7\u7eed\u6765\u652f\u6301\uff01\uff01"}, {"userName": "\u58a8\u6d53\u6620\u9edb\u7709", "userReviewDate": "2018-04-18", "userURL": "http://user.17k.com/56345656", "userReview": "\u52a0\u6cb9\u52a0\u6cb9\uff01"}], "description": "\u4e71\u4e16\u751f\u5b58\uff0c\u5982\u76f2\u8005\u591c\u884c\u3002\u3000\u3000\u4e00\u5207\u7684\u8be1\u5f02\u4e0d\u8fc7\u90fd\u662f\u5229\u76ca\u4e4b\u4e0b\u7684\u4f2a\u88c5\u3002\u3000\u3000\u54e5\u54e5\u8bf4\u6211\u7684\u773c\u775b\u80fd\u770b\u7a7f\u8fd9\u4e71\u4e16\uff0c\u800c\u6211\u53ef\u80fd\u8fd9\u4e2a\u6708\u90fd\u6d3b\u4e0d\u8fc7\u53bb\u3002\u3000\u3000\u6211\u4e0d\u5f97\u4ee5\u8981\u6740\u6389\u4ed6\u4eec\uff0c\u6211\u4e0d\u60f3\uff0c\u4f46\u6211\u6ca1\u529e\u6cd5\uff0c\u56e0\u4e3a\u4ed6\u4eec\u4e5f\u8981\u6740\u6211\u3002\u3000\u3000\u54e5\u54e5\u8bf4\u8981\u6d3b\u4e0b\u53bb\u3002\u6d3b\u4e0b\u53bb\uff0c\u4e00\u5207\u624d\u80fd\u6709\u5e0c\u671b\u3002", "title": "\u591c\u884c", "url": "http://www.17k.com/book/2798814.html", "average": -1.0, "cover": "http://img.17k.com/images/bookcover/2018/13994/69/2798814-1522818012000.jpg", "reviews": 959932, "authors": [{"url": "http://www.17k.com/zuozhe/50841150", "name": "\u6218\u6b4c"}], "type": ["\u90fd\u5e02\u5f02\u80fd"], "outlinks": ["http://www.17k.com/book/2794982.html", "http://www.17k.com/book/2801292.html", "http://www.17k.com/book/2816318.html", "http://www.17k.com/book/2797575.html", "http://www.17k.com/book/2802516.html", "http://www.17k.com/book/2812195.html", "http://www.17k.com/book/2820143.html", "http://www.17k.com/book/2807943.html", "http://www.17k.com/book/2813457.html", "http://www.17k.com/book/2798058.html", "http://www.17k.com/book/2815617.html", "http://www.17k.com/book/2805259.html", "http://www.17k.com/book/2760255.html", "http://www.17k.com/book/2686894.html", "http://www.17k.com/book/2797016.html", "http://www.17k.com/book/2767246.html", "http://www.17k.com/book/2764239.html", "http://www.17k.com/book/2754498.html", "http://www.17k.com/book/2754900.html", "http://www.17k.com/book/2625740.html", "http://www.17k.com/book/2213315.html", "http://www.17k.com/book/2402178.html", "http://www.17k.com/book/2691221.html", "http://www.17k.com/book/2210699.html", "http://www.17k.com/book/1797752.html", "http://www.17k.com/book/2575507.html", "http://www.17k.com/book/2705181.html", "http://www.17k.com/book/2702539.html", "http://www.17k.com/book/2474887.html", "http://www.17k.com/book/2674733.html", "http://www.17k.com/book/2822076.html", "http://www.17k.com/book/2809894.html", "http://www.17k.com/book/2822077.html", "http://www.17k.com/book/2811930.html", "http://www.17k.com/book/2815548.html", "http://www.17k.com/book/2819620.html", "http://www.17k.com/book/2809964.html", "http://www.17k.com/book/2808200.html", "http://www.17k.com/book/2820100.html", "http://www.17k.com/book/2822978.html", "http://www.17k.com/book/2804337.html", "http://www.17k.com/book/2798814.html", "http://www.17k.com/book/2785153.html", "http://www.17k.com/book/2731559.html", "http://www.17k.com/book/2722533.html", "http://www.17k.com/book/2458377.html", "http://www.17k.com/book/2743300.html", "http://www.17k.com/book/973809.html", "http://www.17k.com/book/2651367.html", "http://www.17k.com/book/2726194.html", "http://www.17k.com/book/2790214.html", "http://www.17k.com/book/493239.html", "http://www.17k.com/book/108821.html", "http://www.17k.com/book/1398783.html", "http://www.17k.com/book/83528.html", "http://www.17k.com/book/1859126.html", "http://www.17k.com/book/1741975.html", "http://www.17k.com/book/192453.html", "http://www.17k.com/book/2459058.html", "http://www.17k.com/book/1050747.html", "http://www.17k.com/book/2700315.html", "http://www.17k.com/book/2818940.html", "http://www.17k.com/book/2819519.html", "http://www.17k.com/book/2816390.html", "http://www.17k.com/book/2819588.html", "http://www.17k.com/book/2813768.html", "http://www.17k.com/book/2822406.html", "http://www.17k.com/book/2772164.html", "http://www.17k.com/book/2784023.html", "http://www.17k.com/book/2811877.html", "http://www.17k.com/book/2809119.html", "http://www.17k.com/book/2803700.html", "http://www.17k.com/book/2819561.html", "http://www.17k.com/book/2746506.html", "http://www.17k.com/book/2811836.html", "http://www.17k.com/book/2614810.html", "http://www.17k.com/book/1592435.html", "http://www.17k.com/book/1949748.html", "http://www.17k.com/book/2265802.html", "http://www.17k.com/book/2743240.html", "http://www.17k.com/book/2657437.html", "http://www.17k.com/book/2644502.html", "http://www.17k.com/book/2199900.html", "http://www.17k.com/book/2725436.html", "http://www.17k.com/book/2629978.html"]}