{"ratings": -1, "userreviews": [{"userName": "WAP1D8172", "userReviewDate": "2018-06-01", "userURL": "http://user.17k.com/43413462", "userReview": "[\u6253\u8d4f]\u6211\u6253\u8d4f\u4e862\u5143\u7ea2\u5305\uff01\uff01"}, {"userName": "\u6770\u5361\u83f2\u65af", "userReviewDate": "2018-04-17", "userURL": "http://user.17k.com/33687744", "userReview": "\u597d(\u272a\u25bd\u272a)"}, {"userName": "gd592635357", "userReviewDate": "2018-04-16", "userURL": "http://user.17k.com/36591539", "userReview": "\u662f\u4e0d\u662f\u6709\u4e0a\u90e8\uff1f"}, {"userName": "\u6770\u5361\u83f2\u65af", "userReviewDate": "2018-04-16", "userURL": "http://user.17k.com/33687744", "userReview": "\u597d(\u272a\u25bd\u272a)"}, {"userName": "17K\u4e66\u53cbtfsovnfy", "userReviewDate": "2018-04-15", "userURL": "http://user.17k.com/61062126", "userReview": "\u4e0d\u9519\u4e0d\u9519\u4e0d\u9519"}, {"userName": "\u51af\u5584\u9f99", "userReviewDate": "2018-04-14", "userURL": "http://user.17k.com/61060507", "userReview": "\u522b\u70c2\u5c3e\u5c31\u884c\u4e86"}, {"userName": "\u6770\u5361\u83f2\u65af", "userReviewDate": "2018-04-14", "userURL": "http://user.17k.com/33687744", "userReview": "\u597d(\u272a\u25bd\u272a)"}, {"userName": "wt2000", "userReviewDate": "2018-04-14", "userURL": "http://user.17k.com/2761591", "userReview": "\u5199\u7684\u4e0d\u9519\u54e6"}, {"userName": "\u261e\u964c\u751f\u4eba\u261c598041231", "userReviewDate": "2018-04-14", "userURL": "http://user.17k.com/61045702", "userReview": "666666"}, {"userName": "17K\u4e66\u53cbWIP94AEG", "userReviewDate": "2018-04-13", "userURL": "http://user.17k.com/58129450", "userReview": "\u5468\u672b\u6109\u5feb\uff01"}, {"userName": "17K\u4e66\u53cblf1rtcu6", "userReviewDate": "2018-04-12", "userURL": "http://user.17k.com/61026383", "userReview": "\u597d\u597d\u770b\u770b\u3002"}, {"userName": "Ming674752042", "userReviewDate": "2018-04-12", "userURL": "http://user.17k.com/58971174", "userReview": "66666"}, {"userName": "\u6770\u5361\u83f2\u65af", "userReviewDate": "2018-04-10", "userURL": "http://user.17k.com/33687744", "userReview": "\u597d(\u272a\u25bd\u272a)"}, {"userName": "K\u5c0f\u5f00", "userReviewDate": "2018-03-10", "userURL": "http://user.17k.com/58509881", "userReview": "\u5468\u672b\u6109\u5feb\uff01<a target='_blank' href='http://www.17k.com/book/2724684.html'>\u300a\u4e00\u5ff5\u539f\u7f6a\u300b</a>\u524d\u6765\u6c42\u6559\uff0c\u6307\u70b9\u4e00\u4e8c\uff0c\u611f\u6fc0\u4e0d\u5c3d\uff01"}, {"userName": "\u60a6\u6eaa\u4ead", "userReviewDate": "2018-03-08", "userURL": "http://user.17k.com/60312645", "userReview": "<a target='_blank' href='http://www.17k.com/book/2790008.html'>\u300a\u65e5\u9633\u5927\u9646\u300b</a>\u524d\u6765\u62a5\u5230\uff0c\u8fd9\u91cc\u6709\u4f60\u4eec\u60f3\u770b\u7684\u2026\u2026"}, {"userName": "\u94b1\u6cd3\u5e0c", "userReviewDate": "2018-03-01", "userURL": "http://user.17k.com/44416968", "userReview": "\u5e74\u4e5f\u8fc7\u5dee\u4e0d\u591a\u4e86\uff0c\u8d76\u5feb\u6765\u652f\u6301\u9a6c\u8001\u5e08\u3002\u5e0c\u671b\u8001\u5e08\u4e0d\u8981\u602a\u6211\u8fd9\u4e48\u665a\u624d\u6765\u3002&#55357;&#56842;"}, {"userName": "\u94b1\u6cd3\u5e0c", "userReviewDate": "2018-03-01", "userURL": "http://user.17k.com/44416968", "userReview": "[\u6253\u8d4f]\u6211\u6253\u8d4f\u4e8618\u5143\u7ea2\u5305\uff01\uff01"}, {"userName": "\u7985\u95e8\u521d\u5165", "userReviewDate": "2018-02-25", "userURL": "http://user.17k.com/14789067", "userReview": "\u4e00\u4e0a\u6765\u770b\u5230\u66f4\u65b0"}, {"userName": "\u6ca1\u7a7a\u8f6c\u8f6c", "userReviewDate": "2018-02-22", "userURL": "http://user.17k.com/49348093", "userReview": "\u5927\u6d77\u5546\u4e0d\u66f4\u4e86\u5417\uff1f"}, {"userName": "\u7985\u95e8\u521d\u5165", "userReviewDate": "2018-02-22", "userURL": "http://user.17k.com/14789067", "userReview": "\u9762\u5bf9\u9762\u7684\u4ea4\u6d41\u4e0e\u5408\u4f5c"}], "description": "\u624d\u5b50\u8d74\u4eac\u5316\u8eab\u5e55\u50da\uff0c\u6743\u529b\u5dc5\u5cf0\u6e38\u5203\u6709\u4f59\uff0c\u5929\u5b50\u501a\u91cd\uff0c\u5185\u6709\u767e\u5e74\u7687\u5bb6\u9690\u60c5\u3002\u8361\u502d\u5bc7\uff0c\u5e73\u6d77\u76d7\uff0c\u5f00\u4e00\u4ee3\u6d77\u4e0a\u4e1d\u7ef8\u4e4b\u8def\uff0c\u529f\u5fb7\u65e0\u91cf\uff0c\u4ee4\u4e16\u4eba\u656c\u4ef0\uff0c\u5374\u6709\u4e07\u822c\u8270\u9669\uff0c\u751f\u6b7b\u4e24\u832b\u832b\u3002", "title": "\u5927\u6d77\u5546", "url": "http://www.17k.com/book/2732013.html", "average": -1.0, "cover": "http://img.17k.com/images/bookcover/2017/13660/68/2732013-1512094274000.jpg", "reviews": 73832, "authors": [{"url": "http://www.17k.com/zuozhe/44292062", "name": "\u5c1a\u5357\u5c71"}], "type": ["\u5386\u53f2\u4f20\u5947"], "outlinks": ["http://www.17k.com/book/2794982.html", "http://www.17k.com/book/2801292.html", "http://www.17k.com/book/2816318.html", "http://www.17k.com/book/2797575.html", "http://www.17k.com/book/2802516.html", "http://www.17k.com/book/2812195.html", "http://www.17k.com/book/2820143.html", "http://www.17k.com/book/2807943.html", "http://www.17k.com/book/2813457.html", "http://www.17k.com/book/2798058.html", "http://www.17k.com/book/2815617.html", "http://www.17k.com/book/2805259.html", "http://www.17k.com/book/2760255.html", "http://www.17k.com/book/2686894.html", "http://www.17k.com/book/2797016.html", "http://www.17k.com/book/2767246.html", "http://www.17k.com/book/2764239.html", "http://www.17k.com/book/2754498.html", "http://www.17k.com/book/2754900.html", "http://www.17k.com/book/2625740.html", "http://www.17k.com/book/2213315.html", "http://www.17k.com/book/2402178.html", "http://www.17k.com/book/2691221.html", "http://www.17k.com/book/2210699.html", "http://www.17k.com/book/1797752.html", "http://www.17k.com/book/2575507.html", "http://www.17k.com/book/2705181.html", "http://www.17k.com/book/2702539.html", "http://www.17k.com/book/2474887.html", "http://www.17k.com/book/2674733.html", "http://www.17k.com/book/2822076.html", "http://www.17k.com/book/2809894.html", "http://www.17k.com/book/2822077.html", "http://www.17k.com/book/2811930.html", "http://www.17k.com/book/2815548.html", "http://www.17k.com/book/2819620.html", "http://www.17k.com/book/2809964.html", "http://www.17k.com/book/2808200.html", "http://www.17k.com/book/2820100.html", "http://www.17k.com/book/2822978.html", "http://www.17k.com/book/2804337.html", "http://www.17k.com/book/2798814.html", "http://www.17k.com/book/2785153.html", "http://www.17k.com/book/2731559.html", "http://www.17k.com/book/2722533.html", "http://www.17k.com/book/2458377.html", "http://www.17k.com/book/2743300.html", "http://www.17k.com/book/973809.html", "http://www.17k.com/book/2651367.html", "http://www.17k.com/book/2726194.html", "http://www.17k.com/book/2790214.html", "http://www.17k.com/book/493239.html", "http://www.17k.com/book/108821.html", "http://www.17k.com/book/1398783.html", "http://www.17k.com/book/83528.html", "http://www.17k.com/book/1859126.html", "http://www.17k.com/book/1741975.html", "http://www.17k.com/book/192453.html", "http://www.17k.com/book/2459058.html", "http://www.17k.com/book/1050747.html", "http://www.17k.com/book/2700315.html", "http://www.17k.com/book/2818940.html", "http://www.17k.com/book/2819519.html", "http://www.17k.com/book/2816390.html", "http://www.17k.com/book/2819588.html", "http://www.17k.com/book/2813768.html", "http://www.17k.com/book/2822406.html", "http://www.17k.com/book/2772164.html", "http://www.17k.com/book/2784023.html", "http://www.17k.com/book/2811877.html", "http://www.17k.com/book/2809119.html", "http://www.17k.com/book/2803700.html", "http://www.17k.com/book/2819561.html", "http://www.17k.com/book/2746506.html", "http://www.17k.com/book/2811836.html", "http://www.17k.com/book/2614810.html", "http://www.17k.com/book/1592435.html", "http://www.17k.com/book/1949748.html", "http://www.17k.com/book/2265802.html", "http://www.17k.com/book/2743240.html", "http://www.17k.com/book/2657437.html", "http://www.17k.com/book/2644502.html", "http://www.17k.com/book/2199900.html", "http://www.17k.com/book/2725436.html", "http://www.17k.com/book/2629978.html"]}