{"ratings": -1, "userreviews": [{"userName": "\u4e5d\u5a74_", "userReviewDate": "2017-09-27", "userURL": "http://user.17k.com/54293965", "userReview": "[\u6253\u8d4f]\u6211\u6253\u8d4f\u4e8688\u5143\u7ea2\u5305\uff01\uff01"}, {"userName": "\u5357\u98ce", "userReviewDate": "2017-09-25", "userURL": "http://user.17k.com/4473", "userReview": "\u4e66\u540d\u867d\u4fd7\uff0c\u5185\u5bb9\u4e0d\u4fd7\u3002\u8304\u5b50\u5199\u4e66\u8d8a\u6765\u8d8a\u597d\u770b\u4e86\uff0c\u52a0\u6cb9\uff0c\u795d\u5927\u5356\uff01"}, {"userName": "\u7b11\u7b11\u661f\u513f", "userReviewDate": "2017-09-25", "userURL": "http://user.17k.com/2606656", "userReview": "[\u6253\u8d4f]\u6211\u6253\u8d4f\u4e861000\u5143\u7ea2\u5305\uff01\uff01"}, {"userName": "\u63a0\u75d5", "userReviewDate": "2017-09-25", "userURL": "http://user.17k.com/1161103", "userReview": "[\u6253\u8d4f]\u6211\u6253\u8d4f\u4e861000\u5143\u7ea2\u5305\uff01\uff01"}, {"userName": "\u963f\u798f\u2014\u798f\u5c11", "userReviewDate": "2017-09-25", "userURL": "http://user.17k.com/2093221", "userReview": "\u8304\u5b50\u7684\u65b0\u4e66\u5f00\u7bc7\u521b\u610f\u4e0a\uff0c\u8f83\u4e4b\u524d\u7684\u4f5c\u54c1\u8fd8\u662f\u6709\u4e0d\u5c0f\u7684\u7a81\u7834\uff0c\u5e0c\u671b\u540e\u7eed\u7684\u5185\u5bb9\u80fd\u591f\u63a8\u9648\u51fa\u65b0\uff0c\u52a0\u6cb9"}, {"userName": "29014199", "userReviewDate": "2018-06-08", "userURL": "http://user.17k.com/57940206", "userReview": "8\u53f7\u4e24\u66f4\u3002\u627f\u8bfa9\u53f7\u56db\u66f4"}, {"userName": "\u533f\u540dE65F60", "userReviewDate": "2018-06-08", "userURL": "http://user.17k.com/43378668", "userReview": "6666666"}, {"userName": "\u6254\u6389\uff01\u53ef\u60dc\uff1f", "userReviewDate": "2018-06-08", "userURL": "http://user.17k.com/58206271", "userReview": "1235699"}, {"userName": "\u2570\u2192\u7b80\u7b80\u5355\u5355", "userReviewDate": "2018-06-08", "userURL": "http://user.17k.com/45920646", "userReview": "\u8fd8tm\u7b54\u5e94\u4f60\u4eec\uff0c\u4f60\u53bb\u6b7b\u5427\uff0c\u8bf4\u8bdd\u548c\u653e\u5c41\u4e00\u6837\uff0c\u5783\u573e"}, {"userName": "17K\u4e66\u53cbGOL6LBGG", "userReviewDate": "2018-06-07", "userURL": "http://user.17k.com/57726272", "userReview": "66666666"}, {"userName": "\u826f\u5b50201068734", "userReviewDate": "2018-06-07", "userURL": "http://user.17k.com/55026647", "userReview": "\u80fd\u4e0d\u80fd\u591a\u66f4\u51e0\u7ae0\uff1f"}, {"userName": "17K\u4e66\u53cbAADQ23FW", "userReviewDate": "2018-06-07", "userURL": "http://user.17k.com/61458536", "userReview": "[\u6253\u8d4f]\u6211\u6253\u8d4f\u4e861\u4e2a'\u5c0f\u5fc3\u5fc3'\uff01\uff01"}, {"userName": "\u6c61\u3001236299619", "userReviewDate": "2018-06-07", "userURL": "http://user.17k.com/62107763", "userReview": "\u86ee\u597d\u770b\u7684\u554a\u3002"}, {"userName": "\u6254\u6389\uff01\u53ef\u60dc\uff1f", "userReviewDate": "2018-06-07", "userURL": "http://user.17k.com/58206271", "userReview": "25863369"}, {"userName": "29014199", "userReviewDate": "2018-06-07", "userURL": "http://user.17k.com/57940206", "userReview": "7\u53f7\u4e09\u66f4...\u7ee7\u7eed\u52a0\u6cb9\uff01"}, {"userName": "17K\u4e66\u53cbGOL6LBGG", "userReviewDate": "2018-06-06", "userURL": "http://user.17k.com/57726272", "userReview": "66666666"}, {"userName": "17k\u4e66\u53cbc7vxqxsn7", "userReviewDate": "2018-06-06", "userURL": "http://user.17k.com/62578543", "userReview": "[\u6253\u8d4f]\u6211\u6253\u8d4f\u4e865\u5143\u7ea2\u5305\uff01\uff01"}, {"userName": "29014199", "userReviewDate": "2018-06-06", "userURL": "http://user.17k.com/57940206", "userReview": "6\u53f7\u6253\u5361...\u4fdd\u5e95\u4e09\u66f4\u3002\u86ee\u597d\u86ee\u597d"}, {"userName": "\u767d\u4e911828645", "userReviewDate": "2018-06-06", "userURL": "http://user.17k.com/24711047", "userReview": "\u770b\u5230\u5510\u6b22\u7684\u5973\u4eba\u4eec\u805a\u96c6\u5230\u4e00\u8d77\uff0c\u771f\u7684\u4e50\u4e86"}, {"userName": "\u6254\u6389\uff01\u53ef\u60dc\uff1f", "userReviewDate": "2018-06-06", "userURL": "http://user.17k.com/58206271", "userReview": "45639985"}], "description": "\u4ed6\u662f\u56fd\u4e4b\u5229\u5203\uff0c\u662f\u8eab\u4e16\u6210\u8c1c\u7684\u8d85\u7ea7\u6218\u795e\u3002\u4ed6\u80f8\u53e3\u7684\u90a3\u6761\u5de8\u9f99\uff0c\u662f\u7528\u9c9c\u8840\u6d47\u7b51\u800c\u6210\u3002\u3000\u3000\u73b0\u5982\u4eca\uff0c\u4ed6\u662f\u4e09\u6d41\u5a31\u4e50\u516c\u53f8\u7ba1\u7406\u5c0f\u6a21\u7279\u5c0f\u660e\u661f\u7684\u7ecf\u7eaa\u4eba\uff0c\u4ed6\u672c\u8981\u4eab\u53d7\u9152\u6c60\u8089\u6797\uff0c\u65e0\u5948\u7f8e\u5973\u4e0a\u53f8\u7684\u81f4\u547d\u4efb\u52a1\uff0c\u6253\u7834\u4e86\u4ed6\u548c\u8c10\u7f8e\u597d\u7684\u751f\u6d3b\u3002\u3000\u3000\u201c\u7b7e\u8d85\u7ea7\u5929\u540e\uff1f\u4e0d\u5c31\u662f\u6ce1\u5927\u660e\u661f\u561b\uff01\u201d\u3000\u3000\u5510\u6b22\u6697\u6697\u54ac\u7259\uff0c\u6709\u70b9\u7834\u7f50\u5b50\u7834\u6454\u7684\u4ed6\u5ffd\u7136\u60f3\u548c\u623f\u4e1c\u4e0a\u53f8\u79c9\u70db\u591c\u8c08\u2026\u3000\u3000****\u3000\u3000\u516c\u4f17\u53f7\uff1a\u80a5\u8304\u5b50\u3000\u3000\u5927\u660e\u661f\u5343\u4eba\u7fa4\uff1a649860302", "title": "\u5927\u660e\u661f\u7684\u8d34\u8eab\u4fdd\u9556", "url": "http://www.17k.com/book/2648046.html", "average": -1.0, "cover": "http://img.17k.com/images/bookcover/2017/13240/66/2648046-1506308405000.jpg", "reviews": 6879633, "authors": [{"url": "http://www.17k.com/zuozhe/7166284", "name": "\u80a5\u8304\u5b50"}], "type": ["\u90fd\u5e02\u751f\u6d3b"], "outlinks": ["http://www.17k.com/book/2794982.html", "http://www.17k.com/book/2801292.html", "http://www.17k.com/book/2816318.html", "http://www.17k.com/book/2797575.html", "http://www.17k.com/book/2802516.html", "http://www.17k.com/book/2812195.html", "http://www.17k.com/book/2820143.html", "http://www.17k.com/book/2807943.html", "http://www.17k.com/book/2813457.html", "http://www.17k.com/book/2798058.html", "http://www.17k.com/book/2815617.html", "http://www.17k.com/book/2805259.html", "http://www.17k.com/book/2760255.html", "http://www.17k.com/book/2686894.html", "http://www.17k.com/book/2797016.html", "http://www.17k.com/book/2767246.html", "http://www.17k.com/book/2764239.html", "http://www.17k.com/book/2754498.html", "http://www.17k.com/book/2754900.html", "http://www.17k.com/book/2625740.html", "http://www.17k.com/book/2213315.html", "http://www.17k.com/book/2402178.html", "http://www.17k.com/book/2691221.html", "http://www.17k.com/book/2210699.html", "http://www.17k.com/book/1797752.html", "http://www.17k.com/book/2575507.html", "http://www.17k.com/book/2705181.html", "http://www.17k.com/book/2702539.html", "http://www.17k.com/book/2474887.html", "http://www.17k.com/book/2674733.html", "http://www.17k.com/book/2822076.html", "http://www.17k.com/book/2809894.html", "http://www.17k.com/book/2822077.html", "http://www.17k.com/book/2811930.html", "http://www.17k.com/book/2815548.html", "http://www.17k.com/book/2819620.html", "http://www.17k.com/book/2809964.html", "http://www.17k.com/book/2808200.html", "http://www.17k.com/book/2820100.html", "http://www.17k.com/book/2822978.html", "http://www.17k.com/book/2804337.html", "http://www.17k.com/book/2798814.html", "http://www.17k.com/book/2785153.html", "http://www.17k.com/book/2731559.html", "http://www.17k.com/book/2722533.html", "http://www.17k.com/book/2458377.html", "http://www.17k.com/book/2743300.html", "http://www.17k.com/book/973809.html", "http://www.17k.com/book/2651367.html", "http://www.17k.com/book/2726194.html", "http://www.17k.com/book/2790214.html", "http://www.17k.com/book/493239.html", "http://www.17k.com/book/108821.html", "http://www.17k.com/book/1398783.html", "http://www.17k.com/book/83528.html", "http://www.17k.com/book/1859126.html", "http://www.17k.com/book/1741975.html", "http://www.17k.com/book/192453.html", "http://www.17k.com/book/2459058.html", "http://www.17k.com/book/1050747.html", "http://www.17k.com/book/2700315.html", "http://www.17k.com/book/2818940.html", "http://www.17k.com/book/2819519.html", "http://www.17k.com/book/2816390.html", "http://www.17k.com/book/2819588.html", "http://www.17k.com/book/2813768.html", "http://www.17k.com/book/2822406.html", "http://www.17k.com/book/2772164.html", "http://www.17k.com/book/2784023.html", "http://www.17k.com/book/2811877.html", "http://www.17k.com/book/2809119.html", "http://www.17k.com/book/2803700.html", "http://www.17k.com/book/2819561.html", "http://www.17k.com/book/2746506.html", "http://www.17k.com/book/2811836.html", "http://www.17k.com/book/2614810.html", "http://www.17k.com/book/1592435.html", "http://www.17k.com/book/1949748.html", "http://www.17k.com/book/2265802.html", "http://www.17k.com/book/2743240.html", "http://www.17k.com/book/2657437.html", "http://www.17k.com/book/2644502.html", "http://www.17k.com/book/2199900.html", "http://www.17k.com/book/2725436.html", "http://www.17k.com/book/2629978.html"]}