{"ratings": -1, "userreviews": [{"userName": "\u4e5d\u6735\u7e41\u534e", "userReviewDate": "2018-02-10", "userURL": "http://user.17k.com/42337595", "userReview": "\u6700\u5fd9\u7684\u5e74\u5c3e\u7ec8\u4e8e\u5feb\u8fc7\u53bb\u4e86\uff0c\u60c5\u4eba\u8282\u4e09\u66f4\uff0c\u4ee5\u540e\u4e0d\u5b9a\u671f\u52a0\u66f4\uff0c\u7231\u4f60\u4eec~"}, {"userName": "17K\u4e66\u53cb06AVXPIA", "userReviewDate": "2018-06-08", "userURL": "http://user.17k.com/59463268", "userReview": "\u516d\u5929\u4e86\uff0c\u8fd8\u4e0d\u66f4\u65b0\uff1f\uff1f"}, {"userName": "\u03b6\u309b\u6c90\u7b71\u6653945653711", "userReviewDate": "2018-06-04", "userURL": "http://user.17k.com/59247307", "userReview": "\u662f\u7ed3\u5c40\u4e86\u5417\uff1f"}, {"userName": "17K\u4e66\u53cb06AVXPIA", "userReviewDate": "2018-06-03", "userURL": "http://user.17k.com/59463268", "userReview": "\u5199\u5f97\u4e0d\u9519\uff0c\u652f\u6301"}, {"userName": "17K\u4e66\u53cbXXXY1C0V", "userReviewDate": "2018-06-02", "userURL": "http://user.17k.com/58213721", "userReview": "580\u7ae0\uff0c\u5927\u7ed3\u5c40\u4e86\u5417\uff1f"}, {"userName": "\u6240\u6709\u56de\u61b6\u3001\u5728\u5c0f\u53ee\u5679\u53e3\u888b\u88cf\u2026", "userReviewDate": "2018-05-31", "userURL": "http://user.17k.com/56880870", "userReview": "\u68d2\u68d2\u54d2\u652f\u6301"}, {"userName": "17K\u4e66\u53cbpisenzat", "userReviewDate": "2018-05-21", "userURL": "http://user.17k.com/61947255", "userReview": "\u68d2\u68d2\u54d2\u652f\u6301"}, {"userName": "17K\u4e66\u53cbhjbc7mjq", "userReviewDate": "2018-05-20", "userURL": "http://user.17k.com/57992586", "userReview": "\u66f4\u65b0\u597d\u6162\u554a"}, {"userName": "17K\u4e66\u53cbhjbc7mjq", "userReviewDate": "2018-05-20", "userURL": "http://user.17k.com/57992586", "userReview": "\u66f4\u65b0\u597d\u6162\u554a"}, {"userName": "17K\u4e66\u53cb06AVXPIA", "userReviewDate": "2018-05-18", "userURL": "http://user.17k.com/59463268", "userReview": "[\u6253\u8d4f]\u6211\u6253\u8d4f\u4e861\u5143\u7ea2\u5305\uff01\uff01"}, {"userName": "lok713", "userReviewDate": "2018-05-16", "userURL": "http://user.17k.com/45053950", "userReview": "\u597d\u770b\uff0c\u52a0\u6cb9\u3002"}, {"userName": "&deg;\u5fae\u7b11\u30df\u6211\u6700\u521d\u7684\u4fe1\u4ef0", "userReviewDate": "2018-05-14", "userURL": "http://user.17k.com/55725247", "userReview": "\u52a0\u6cb9\uff0c\u52a0\u6cb9\u3002\u5f88\u559c\u6b22\u770b\u8fd9\u672c\u4e66\uff0c\u4e00\u76f4\u518d\u8ffd\u3002"}, {"userName": "17K\u4e66\u53cbS7QZ3DTU", "userReviewDate": "2018-05-08", "userURL": "http://user.17k.com/54665650", "userReview": "\u5f88\u597d\u770b\u7684\u4e66\uff0c\u55ef\u55ef\u55ef\u55ef"}, {"userName": "\u4f60\u53ef\u611b\u7684\u7239", "userReviewDate": "2018-05-07", "userURL": "http://user.17k.com/57709089", "userReview": "\u6240\u4ee5\u8fd9\u5c31\u7ed3\u5c40\u4e86\uff1f\uff01"}, {"userName": "17K\u4e66\u53cbO1NEH9E4", "userReviewDate": "2018-05-06", "userURL": "http://user.17k.com/58635800", "userReview": "\u8f9b\u82e6\u8f9b\u82e6\u4e86\uff0c\u5199\u4e86\u90a3\u4e48\u591a\uff0c\u597d\u770b\u5462"}, {"userName": "\u6240\u6709\u56de\u61b6\u3001\u5728\u5c0f\u53ee\u5679\u53e3\u888b\u88cf\u2026", "userReviewDate": "2018-05-05", "userURL": "http://user.17k.com/56880870", "userReview": "\u52a0\u6cb9\u54e6\u2299\u2200\u2299\uff01\u54e6\u6211\u5728"}, {"userName": "\u6240\u6709\u56de\u61b6\u3001\u5728\u5c0f\u53ee\u5679\u53e3\u888b\u88cf\u2026", "userReviewDate": "2018-05-03", "userURL": "http://user.17k.com/56880870", "userReview": "\u52a0\u6cb9\uff3e\uff10\uff3e~\u52a0\u6cb9\u52a0\u6cb9\uff3e\uff10\uff3e~"}, {"userName": "\u6708\u5149\u98ce\u73b2\u68a6", "userReviewDate": "2018-05-02", "userURL": "http://user.17k.com/61026239", "userReview": "\u52a0\u6cb9\uff0c\u7ee7\u7eed\u52aa\u529b"}, {"userName": "\u6240\u6709\u56de\u61b6\u3001\u5728\u5c0f\u53ee\u5679\u53e3\u888b\u88cf\u2026", "userReviewDate": "2018-05-01", "userURL": "http://user.17k.com/56880870", "userReview": "\u597d\u770b\u54e6\uff01\u52a0\u6cb9\uff3e\uff10\uff3e~"}, {"userName": "\u6708\u5149\u98ce\u73b2\u68a6", "userReviewDate": "2018-04-29", "userURL": "http://user.17k.com/61026239", "userReview": "\u8fd8\u6709\u5417\uff1f\u5f88\u597d\u770b"}], "description": "\u590f\u5189\u5189\u4e0d\u6562\u76f8\u4fe1\uff0c\u9614\u522b\u4e03\u5e74\u7684\u5c11\u7237\u53c8\u56de\u6765\u4e86\u3002\u3000\u3000\u4ee4\u5979\u754f\u60e7\u7684\u5c11\u7237\u5f52\u6765\u4e4b\u540e\u593a\u8d70\u4e86\u5979\u7684\u521d\u543b\uff0c\u9738\u5360\u5979\u7684\u4e00\u5207\u3002\u3000\u3000\u539f\u672c\u60f3\u8981\u8eb2\u5230\u6708\u7403\u4e5f\u4e0d\u60f3\u4e0e\u4e4b\u89c1\u9762\u7684\uff0c\u6700\u540e\u5374\u7ed3\u4e86\u5a5a\u3002\u3000\u3000\u201c\u7a46\u5c11\u6960\uff0c\u6211\u4eec\u79bb\u5a5a\uff01\u201d\u3000\u3000\u201c\u590f\u5189\u5189\uff0c\u4f60\u7684\u540d\u5b57\u53ea\u80fd\u5199\u5728\u6211\u5bb6\u7684\u6237\u53e3\u672c\u4e0a\uff01\u201d", "title": "\u5929\u4ef7\u5c0f\u5973\u4f63", "url": "http://www.17k.com/book/2532138.html", "average": -1.0, "cover": "http://img.17k.com/images/bookcover/2017/12660/63/2532138-1499841145000.jpg", "reviews": 1062234, "authors": [{"url": "http://www.17k.com/zuozhe/42337595", "name": "\u4e5d\u6735"}], "type": ["\u5a5a\u604b\u7231\u60c5"], "outlinks": ["http://www.17k.com/book/2794982.html", "http://www.17k.com/book/2801292.html", "http://www.17k.com/book/2816318.html", "http://www.17k.com/book/2797575.html", "http://www.17k.com/book/2802516.html", "http://www.17k.com/book/2812195.html", "http://www.17k.com/book/2820143.html", "http://www.17k.com/book/2807943.html", "http://www.17k.com/book/2813457.html", "http://www.17k.com/book/2798058.html", "http://www.17k.com/book/2815617.html", "http://www.17k.com/book/2805259.html", "http://www.17k.com/book/2760255.html", "http://www.17k.com/book/2686894.html", "http://www.17k.com/book/2797016.html", "http://www.17k.com/book/2767246.html", "http://www.17k.com/book/2764239.html", "http://www.17k.com/book/2754498.html", "http://www.17k.com/book/2754900.html", "http://www.17k.com/book/2625740.html", "http://www.17k.com/book/2213315.html", "http://www.17k.com/book/2402178.html", "http://www.17k.com/book/2691221.html", "http://www.17k.com/book/2210699.html", "http://www.17k.com/book/1797752.html", "http://www.17k.com/book/2575507.html", "http://www.17k.com/book/2705181.html", "http://www.17k.com/book/2702539.html", "http://www.17k.com/book/2474887.html", "http://www.17k.com/book/2674733.html", "http://www.17k.com/book/2822076.html", "http://www.17k.com/book/2809894.html", "http://www.17k.com/book/2822077.html", "http://www.17k.com/book/2811930.html", "http://www.17k.com/book/2815548.html", "http://www.17k.com/book/2819620.html", "http://www.17k.com/book/2809964.html", "http://www.17k.com/book/2808200.html", "http://www.17k.com/book/2820100.html", "http://www.17k.com/book/2822978.html", "http://www.17k.com/book/2804337.html", "http://www.17k.com/book/2798814.html", "http://www.17k.com/book/2785153.html", "http://www.17k.com/book/2731559.html", "http://www.17k.com/book/2722533.html", "http://www.17k.com/book/2458377.html", "http://www.17k.com/book/2743300.html", "http://www.17k.com/book/973809.html", "http://www.17k.com/book/2651367.html", "http://www.17k.com/book/2726194.html", "http://www.17k.com/book/2790214.html", "http://www.17k.com/book/493239.html", "http://www.17k.com/book/108821.html", "http://www.17k.com/book/1398783.html", "http://www.17k.com/book/83528.html", "http://www.17k.com/book/1859126.html", "http://www.17k.com/book/1741975.html", "http://www.17k.com/book/192453.html", "http://www.17k.com/book/2459058.html", "http://www.17k.com/book/1050747.html", "http://www.17k.com/book/2700315.html", "http://www.17k.com/book/2818940.html", "http://www.17k.com/book/2819519.html", "http://www.17k.com/book/2816390.html", "http://www.17k.com/book/2819588.html", "http://www.17k.com/book/2813768.html", "http://www.17k.com/book/2822406.html", "http://www.17k.com/book/2772164.html", "http://www.17k.com/book/2784023.html", "http://www.17k.com/book/2811877.html", "http://www.17k.com/book/2809119.html", "http://www.17k.com/book/2803700.html", "http://www.17k.com/book/2819561.html", "http://www.17k.com/book/2746506.html", "http://www.17k.com/book/2811836.html", "http://www.17k.com/book/2614810.html", "http://www.17k.com/book/1592435.html", "http://www.17k.com/book/1949748.html", "http://www.17k.com/book/2265802.html", "http://www.17k.com/book/2743240.html", "http://www.17k.com/book/2657437.html", "http://www.17k.com/book/2644502.html", "http://www.17k.com/book/2199900.html", "http://www.17k.com/book/2725436.html", "http://www.17k.com/book/2629978.html"]}