{"ratings": -1, "userreviews": [{"userName": "\u60b2\u4f24\u7684\u5b69\u7eb8575053994", "userReviewDate": "2018-06-08", "userURL": "http://user.17k.com/60320570", "userReview": "\u4ed9\u5cf0\u9053\u9aa8\u643a<a target='_blank' href='http://www.17k.com/book/2814826.html'>\u300a\u9b3c\u59bb\u7684\u8bf1\u60d1\u300b</a>\u524d\u6765\u62dc\u8bbf\uff0c\u5e0c\u671b\u5404\u4f4d\u5982\u679c\u6709\u5174\u8da3\u5c31\u591a\u591a\u652f\u6301\u4f5c\u8005\u3002"}, {"userName": "\u6a59\u5b50\u9ec4\u4e862", "userReviewDate": "2018-06-08", "userURL": "http://user.17k.com/48385844", "userReview": "\u7b7e\u5230\u3002\u9876\u3002"}, {"userName": "\u706c\u30df\u4e36\u4e3a\u4f60\u2198\u653e\u5f03\u4e00\u5207", "userReviewDate": "2018-06-07", "userURL": "http://user.17k.com/49249204", "userReview": "\u65e0\u8bed\u4e86\u770b\u8fd9\u770b\u8fd9\u5c31\u73b0\u5728\u624d\u7a81\u7136\u8bf4\u8981\u6536\u8d39"}, {"userName": "x_Andrew", "userReviewDate": "2018-06-07", "userURL": "http://user.17k.com/58736037", "userReview": "\u52a0\u6cb9 \u7b49\u66f4"}, {"userName": "Seraph_bbg", "userReviewDate": "2018-06-06", "userURL": "http://user.17k.com/57410838", "userReview": "\u9072\u5230\u7684\u662f\u5c0f\u72d7&#55358;&#56611;&#55358;&#56611;&#55358;&#56612;"}, {"userName": "x_Andrew", "userReviewDate": "2018-06-06", "userURL": "http://user.17k.com/58736037", "userReview": "[\u6253\u8d4f]\u6211\u6253\u8d4f\u4e862\u5143\u7ea2\u5305\uff01\uff01"}, {"userName": "x_Andrew", "userReviewDate": "2018-06-06", "userURL": "http://user.17k.com/58736037", "userReview": "\u52a0\u6cb9\u554a \u4f5c\u8005\u5927\u5927"}, {"userName": "17K\u4e66\u53cbNNQWZVPR", "userReviewDate": "2018-06-06", "userURL": "http://user.17k.com/61992099", "userReview": "66666"}, {"userName": "17K\u4e66\u53cbNNQWZVPR", "userReviewDate": "2018-06-06", "userURL": "http://user.17k.com/61992099", "userReview": "66666"}, {"userName": "17K\u4e66\u53cbNNQWZVPR", "userReviewDate": "2018-06-06", "userURL": "http://user.17k.com/61992099", "userReview": "66666"}, {"userName": "\u90d1\u5c0f\u5584", "userReviewDate": "2018-06-05", "userURL": "http://user.17k.com/37057023", "userReview": "\u6211\u662f\u4e0d\u662f\u4e5f\u8981\u987a\u5e94\u5927\u4f17\uff0c\u6765\u4e00\u53e5\u8e6d\u70ed\u5ea6\uff1f"}, {"userName": "\u591c\u9b45\u661f\u8fb0\u672c\u5c0a", "userReviewDate": "2018-06-05", "userURL": "http://user.17k.com/15601070", "userReview": "\u70ed\u5ea6\u4e0d\u591f\uff0c\u5168\u9760\u8e6d\u2026\u2026"}, {"userName": "17K\u4e66\u53cbur4t4u84", "userReviewDate": "2018-06-04", "userURL": "http://user.17k.com/61931866", "userReview": "[\u6253\u8d4f]\u6211\u6253\u8d4f\u4e861\u5143\u7ea2\u5305\uff01\uff01"}, {"userName": "17k\u4e66\u53cbmy81ql738", "userReviewDate": "2018-06-04", "userURL": "http://user.17k.com/62378444", "userReview": "\u8fd9\u4e2a\u4e0d\u9519\uff01\u53ef\u4ee5\u770b\u770b\u3002"}, {"userName": "\u987a\u5176\u81ea\u7136207768027", "userReviewDate": "2018-06-04", "userURL": "http://user.17k.com/62497903", "userReview": "\u70ed\u5ea6\u4e0d\u591f\uff0c\u5168\u9760\u8e6d\uff0c\u770b\u4e86\u65e0\u9650\u6b4c\u8c23\u5b63\uff0c\u5b66\u4f1a\u4e86\u8fd9\u53e5\uff01"}, {"userName": "Seraph_bbg", "userReviewDate": "2018-06-04", "userURL": "http://user.17k.com/57410838", "userReview": "\u600e\u9ebc\u6c92\u66f4\uff1f\uff1f"}, {"userName": "\u6a59\u5b50\u9ec4\u4e862", "userReviewDate": "2018-06-04", "userURL": "http://user.17k.com/48385844", "userReview": "\u6765\u8e6d\u4eba\u6c14\u3002\u592a\u68d2\u4e86\u3002"}, {"userName": "17K\u4e66\u53cbNNQWZVPR", "userReviewDate": "2018-06-04", "userURL": "http://user.17k.com/61992099", "userReview": "\u4f5c\u8005\u5199\u7684\u5f88\u597d"}, {"userName": "A\u8881\u6167\u5764", "userReviewDate": "2018-06-03", "userURL": "http://user.17k.com/60446824", "userReview": "666666666"}, {"userName": "17K\u4e66\u53cbNNQWZVPR", "userReviewDate": "2018-06-03", "userURL": "http://user.17k.com/61992099", "userReview": "6666666"}], "description": "\u5e94\u5c0f\u5ddd\u67d0\u65e5\u7a81\u7136\u88ab\u62c9\u5165\u4e00\u4e2a\u7fa4\uff0c\u5728\u91cc\u9762\u81ea\u79f0\u592a\u767d\u91d1\u661f\u7684\u5ffd\u60a0\u4e0b\uff0c\u83ab\u540d\u6210\u4e86\u201c\u5929\u5ead\u5730\u5e9c\u529e\u4e8b\u5458\u201d\u3002\u3000\u3000\u8fd9\u7fa4\u91cc\u8fd8\u6d3b\u8dc3\u7740\u4e00\u7fa4\u81ea\u79f0\u5929\u5ead\u3001\u5730\u5e9c\u7684\u795e\u4ed9\u4eec\uff0c\u4ed6\u4eec\u95f2\u7740\u65e0\u4e8b\u5c31\u5439\u725b\u704c\u6c34\uff0c\u5076\u5c14\u4e5f\u4e3a\u5929\u5ead\u5730\u5e9c\u7684\u6392\u4f4d\uff0c\u5435\u67b6\u6253\u95f9\u4e0d\u4ea6\u4e50\u4e4e\u3002\u3000\u3000\u5f53\u7136\uff0c\u66f4\u591a\u65f6\u5019\uff0c\u4ed6\u4eec\u4e60\u60ef\u4e8e\u4e00\u8a00\u4e0d\u5408\u53d1\u7ea2\u5305\u3002\u3000\u3000\u4e8e\u662f\u5e94\u5c0f\u5ddd\u53d1\u8fbe\u4e86\uff0c\u95f2\u7740\u65e0\u4e8b\u901b\u901b\u5fae\u4fe1\u7fa4\uff0c\u624b\u6307\u4e00\u52a8\uff0c\u7ea2\u5305\u5230\u624b\uff01", "title": "\u5929\u5ead\u5730\u5e9c\u5fae\u4fe1\u7fa4", "url": "http://www.17k.com/book/2790214.html", "average": -1.0, "cover": "http://img.17k.com/images/bookcover/2018/13951/69/2790214-1522203211000.jpg", "reviews": 856198, "authors": [{"url": "http://www.17k.com/zuozhe/60319072", "name": "\u90fd\u5e02\u730e\u4eba"}], "type": ["\u90fd\u5e02\u5f02\u80fd"], "outlinks": ["http://www.17k.com/book/2794982.html", "http://www.17k.com/book/2801292.html", "http://www.17k.com/book/2816318.html", "http://www.17k.com/book/2797575.html", "http://www.17k.com/book/2802516.html", "http://www.17k.com/book/2812195.html", "http://www.17k.com/book/2820143.html", "http://www.17k.com/book/2807943.html", "http://www.17k.com/book/2813457.html", "http://www.17k.com/book/2798058.html", "http://www.17k.com/book/2815617.html", "http://www.17k.com/book/2805259.html", "http://www.17k.com/book/2760255.html", "http://www.17k.com/book/2686894.html", "http://www.17k.com/book/2797016.html", "http://www.17k.com/book/2767246.html", "http://www.17k.com/book/2764239.html", "http://www.17k.com/book/2754498.html", "http://www.17k.com/book/2754900.html", "http://www.17k.com/book/2625740.html", "http://www.17k.com/book/2213315.html", "http://www.17k.com/book/2402178.html", "http://www.17k.com/book/2691221.html", "http://www.17k.com/book/2210699.html", "http://www.17k.com/book/1797752.html", "http://www.17k.com/book/2575507.html", "http://www.17k.com/book/2705181.html", "http://www.17k.com/book/2702539.html", "http://www.17k.com/book/2474887.html", "http://www.17k.com/book/2674733.html", "http://www.17k.com/book/2822076.html", "http://www.17k.com/book/2809894.html", "http://www.17k.com/book/2822077.html", "http://www.17k.com/book/2811930.html", "http://www.17k.com/book/2815548.html", "http://www.17k.com/book/2819620.html", "http://www.17k.com/book/2809964.html", "http://www.17k.com/book/2808200.html", "http://www.17k.com/book/2820100.html", "http://www.17k.com/book/2822978.html", "http://www.17k.com/book/2804337.html", "http://www.17k.com/book/2798814.html", "http://www.17k.com/book/2785153.html", "http://www.17k.com/book/2731559.html", "http://www.17k.com/book/2722533.html", "http://www.17k.com/book/2458377.html", "http://www.17k.com/book/2743300.html", "http://www.17k.com/book/973809.html", "http://www.17k.com/book/2651367.html", "http://www.17k.com/book/2726194.html", "http://www.17k.com/book/2790214.html", "http://www.17k.com/book/493239.html", "http://www.17k.com/book/108821.html", "http://www.17k.com/book/1398783.html", "http://www.17k.com/book/83528.html", "http://www.17k.com/book/1859126.html", "http://www.17k.com/book/1741975.html", "http://www.17k.com/book/192453.html", "http://www.17k.com/book/2459058.html", "http://www.17k.com/book/1050747.html", "http://www.17k.com/book/2700315.html", "http://www.17k.com/book/2818940.html", "http://www.17k.com/book/2819519.html", "http://www.17k.com/book/2816390.html", "http://www.17k.com/book/2819588.html", "http://www.17k.com/book/2813768.html", "http://www.17k.com/book/2822406.html", "http://www.17k.com/book/2772164.html", "http://www.17k.com/book/2784023.html", "http://www.17k.com/book/2811877.html", "http://www.17k.com/book/2809119.html", "http://www.17k.com/book/2803700.html", "http://www.17k.com/book/2819561.html", "http://www.17k.com/book/2746506.html", "http://www.17k.com/book/2811836.html", "http://www.17k.com/book/2614810.html", "http://www.17k.com/book/1592435.html", "http://www.17k.com/book/1949748.html", "http://www.17k.com/book/2265802.html", "http://www.17k.com/book/2743240.html", "http://www.17k.com/book/2657437.html", "http://www.17k.com/book/2644502.html", "http://www.17k.com/book/2199900.html", "http://www.17k.com/book/2725436.html", "http://www.17k.com/book/2629978.html"]}