{"ratings": -1, "userreviews": [{"userName": "\u515c\u91cc\u6bd4\u8138\u8fd8\u5e72\u51c0", "userReviewDate": "2018-06-02", "userURL": "http://user.17k.com/48062380", "userReview": "[\u6253\u8d4f]\u6211\u6253\u8d4f\u4e861\u4e2a'\u5c0f\u5fc3\u5fc3'\uff01\uff01"}, {"userName": "\u5e05\u70b8\u82cd\u7a79\u7684\u82cf\u9177", "userReviewDate": "2018-05-21", "userURL": "http://user.17k.com/51553324", "userReview": "\u66fe\u7ecf\u770b\u8fc7\u5927\u5927\u7684\u4e66\uff0c\uff0c\uff0c\u73b0\u5728\u5c45\u7136\u5f00\u65b0\u4e66\u4e86\uff01\uff1f\u6211\u5c45\u7136\u4ec0\u4e48\u90fd\u4e0d\u77e5\u9053\uff01\uff1f\u8d76\u7d27\u6536\u85cf"}, {"userName": "\u559c\u5267\u5c0f\u8bf4\u5357\u53f0", "userReviewDate": "2018-04-25", "userURL": "http://user.17k.com/58916797", "userReview": "<span style='color:blue'>\u54e6\uff0c\u9ec4\u5c0f\u5317\uff01\u52a0\u6cb9\u3002\u963f\u5f25\u9640\u4f5b\uff01</span>"}, {"userName": "A\u661f\u661f\u70b9\u706f", "userReviewDate": "2018-03-14", "userURL": "http://user.17k.com/55972875", "userReview": "2018\u63a8\u8350\u4e00\u672c\u597d\u770b\u7684\u4e66<a target='_blank' href='http://www.17k.com/book/2728167.html'>\u300a\u6211\u548c\u5996\u517d\u6709\u4e2a\u7ea6\u4f1a\u300b</a>\uff0c\u60ca\u9669\u523a\u6fc0\uff0c\u6d6a\u6f2b\u6ee1\u5c4b\uff0c\u70ed\u8840\u683c\u6597\uff0c\u751f\u6b7b\u7231\u604b\uff0c\u6696\u6627\u4e0d\u65ad\uff0c\u5929\u5929\u66f4\u65b0\uff0c\u8bf7\u591a\u5173\u7167\uff0c\u6765\u4e2a\u6536\u85cf\u554a!\uff0c\u70b9\u51fb\u4e66\u540d\u5c31\u53ef\u4ee5\u770b\u5230\u4e66\u4e86\u3002"}, {"userName": "\u65e0\u5c3d\u7e41\u661f,\u9b54\u6b87", "userReviewDate": "2018-03-11", "userURL": "http://user.17k.com/56211986", "userReview": "\u4e3a\u4ec0\u4e48\u6700\u8fd1\u6ca1\u4eba\u8bf4\u8bdd\u4e86\uff1f\u8bdd\u8bf4\u6211\u4e5f\u4e0a\u5b66\u4e86\uff0c\u4e0d\u80fd\u7ecf\u5e38\u770b\u4e86\uff0c\u4f46\u662f\u5c0f\u4f1f\u54e5\u52a0\u6cb9\u54e6&#55357;&#56490;"}, {"userName": "\u65af\u6587\u732b\u965b\u4e0b", "userReviewDate": "2018-03-09", "userURL": "http://user.17k.com/37764708", "userReview": "\u52a0\u6cb9\u52a0\u6cb9\uff0c"}, {"userName": "\u963f\u62c9\u7684\u82b1", "userReviewDate": "2018-03-03", "userURL": "http://user.17k.com/58629809", "userReview": "<a target='_blank' href='http://www.17k.com/book/2738241.html'>\u300a\u63a8\u80cc\u56fe\u6f14\u4e49\u300b</a>\u6765\u62dc\u8bbf\u5b66\u4e60\u6709\u65f6\u95f4\u6307\u70b9\u4e00\u4e0b\u8c22\u8c22\uff01"}, {"userName": "\u98de\u96ea\u4e71\u6e05\u98ce", "userReviewDate": "2018-02-25", "userURL": "http://user.17k.com/45159154", "userReview": "<a target='_blank' href='http://www.17k.com/book/2677053.html'>\u300a\u9b54\u5984\u300b</a>\u6765\u8bbf\uff0c\u4e0a\u5348\u597d\uff0c\u5c0f\u4f1f"}, {"userName": "A\u725b\u9b54\u738b", "userReviewDate": "2018-02-19", "userURL": "http://user.17k.com/56738425", "userReview": "\u597d\u4e66\u9700\u8981\u63a8\u5e7f\uff0c\u6b63\u80fd\u91cf!2018\u63a8\u8350\u4e00\u672c\u597d\u770b\u7684\u4e66<a target='_blank' href='http://www.17k.com/book/2551937.html'>\u300a\u8d85\u65b0\u4eba\u300b</a>\uff0c\u60ca\u9669\u523a\u6fc0\uff0c\u6d6a\u6f2b\u6ee1\u5c4b\uff0c\u70ed\u8840\u683c\u6597\uff0c\u751f\u6b7b\u7231\u604b\uff0c\u6696\u6627\u4e0d\u65ad\uff0c\u5929\u5929\u66f4\u65b0\uff0c\u8bf7\u591a\u5173\u7167\uff0c\u6765\u4e2a\u6536\u85cf\u554a!\uff0c\u70b9\u51fb\u4e66\u540d\u5c31\u53ef\u4ee5\u770b\u5230\u4e66\u4e86\u3002"}, {"userName": "A\u725b\u9b54\u738b", "userReviewDate": "2018-02-18", "userURL": "http://user.17k.com/56738425", "userReview": "2018\u63a8\u8350\u4e00\u672c\u597d\u770b\u7684\u4e66<a target='_blank' href='http://www.17k.com/book/2551937.html'>\u300a\u8d85\u65b0\u4eba\u300b</a>\uff0c\u60ca\u9669\u523a\u6fc0\uff0c\u6d6a\u6f2b\u6ee1\u5c4b\uff0c\u70ed\u8840\u683c\u6597\uff0c\u751f\u6b7b\u7231\u604b\uff0c\u6696\u6627\u4e0d\u65ad\uff0c\u5929\u5929\u66f4\u65b0\uff0c\u8bf7\u591a\u5173\u7167\uff0c\u6765\u4e2a\u6536\u85cf\u554a!\uff0c\u70b9\u51fb\u4e66\u540d\u5c31\u53ef\u4ee5\u770b\u5230\u4e66\u4e86\u3002"}, {"userName": "\u9ec4\u74dc\u7684\u5bbf\u547d", "userReviewDate": "2018-02-17", "userURL": "http://user.17k.com/53195742", "userReview": "<a target='_blank' href='http://www.17k.com/book/2377865.html'>\u300a\u81f3\u9738\u82cd\u751f\u8bc0\u300b</a>\u6765\u8bbf\uff0c\u6c42\u652f\u6301\u6c42\u9c9c\u82b1\u7ea2\u5305\uff0c\u563f\u563f\uff0c\u87f9\u87f9\u54df\u3002"}, {"userName": "A\u725b\u9b54\u738b", "userReviewDate": "2018-02-13", "userURL": "http://user.17k.com/56738425", "userReview": "\u63a8\u8350\u4e00\u672c\u597d\u770b\u7684\u4e66<a target='_blank' href='http://www.17k.com/book/2551937.html'>\u300a\u8d85\u65b0\u4eba\u300b</a>\uff0c\u60ca\u9669\u523a\u6fc0\uff0c\u6d6a\u6f2b\u6ee1\u5c4b\uff0c\u70ed\u8840\u683c\u6597\uff0c\u751f\u6b7b\u7231\u604b\uff0c\u6696\u6627\u4e0d\u65ad\uff0c\u5929\u5929\u66f4\u65b0\uff0c\u8bf7\u591a\u5173\u7167\uff0c\u6765\u4e2a\u6536\u85cf\u554a!\uff0c\u70b9\u51fb\u4e66\u540d\u5c31\u53ef\u4ee5\u770b\u5230\u4e66\u4e86\u3002"}, {"userName": "\u66f2\u7ec8\u3005\u4eba\u6563", "userReviewDate": "2018-02-05", "userURL": "http://user.17k.com/55465780", "userReview": "\u563f\u563f\u563f\uff0c\u51e0\u5929\u4e0d\u89c1\uff0c\u5927\u53d4\u60f3\u6211\u6ca1\uff1f\u4e0d\u7528\u8bf4\uff0c\u6211\u77e5\u9053\u60f3\u7684\u3002\u6240\u4ee5\u5566\uff0c\u6211\u975e\u5e38\u90d1\u91cd\u7684\u9053\u522b\uff0c\u6211\u6d88\u5931\u4e00\u4e2a\u6708\u2026\u2026\u5927\u53d4\u8bb0\u5f97\u60f3\u6211"}, {"userName": "\u7ea6\u7ff0&middot;\u585e\u7eb3", "userReviewDate": "2018-02-03", "userURL": "http://user.17k.com/56611926", "userReview": "\u8bf4\u70b9\u5565\u5462\uff0c\u5c31\u8fd9\u6837\u5427\uff0c\u4f1f\u54e5\uff0c\u6700\u8fd1\u4e00\u4e2a\u591a\u6708\u6211\u627e\u4eba\u501f\u4e86\u51e0\u5341\u5145\u8bdd\u8d39\uff0c\u6240\u4ee5...\u8fc7\u51e0\u4e2a\u6708\u6211\u518d\u56de\u6765\u770b\u5427...\u4f60\u53ef\u8981\u591a\u5199\u554a\uff0c\u4e0d\u8981\u5230\u65f6\u5019\u6211\u56de\u6765\u4f60\u53d8\u77ed\u4e86\u6216\u8005\u4e0b\u9762\u6ca1\u6709\u4e86\uff0c\u4e0d\u8fc7\u6211\u60f3\u8fd9\u5bf9\u4e8e\u4f60\u6765\u8bf4\u5e94\u8be5\u4e0d\u53ef\u80fd\uff0c\u5c31\u8fd9\u6837\u5427...\u6211\u76f8\u4fe1\u4f60\u7684\uff0c\u4f1f\u54e5\uff0c\u6691\u5047\u89c1\uff01"}, {"userName": "\u4e5d\u9f99\u5486\u54ee", "userReviewDate": "2018-02-01", "userURL": "http://user.17k.com/49920879", "userReview": "<a target='_blank' href='http://www.17k.com/book/2746962.html'>\u300a\u9006\u5929\u5723\u9e92\u9e9f\u300b</a>\u6c42\u7384\u5e7b\u5927\u795e\u7ed9\u5efa\u8bae"}, {"userName": "K\u5c0f\u5f00", "userReviewDate": "2018-01-30", "userURL": "http://user.17k.com/58509881", "userReview": "<a target='_blank' href='http://www.17k.com/book/2724684.html'>\u300a\u4e00\u5ff5\u539f\u7f6a\u300b</a>\u518d\u6b21\u524d\u6765\u62dc\u8bfb\u4f73\u4f5c\uff01\u5929\u5bd2\u4e86\uff0c\u5927\u5927\u6ce8\u610f\u4fdd\u6696\uff01"}, {"userName": "\u661f\u7a7a\u591c\u68a6\u58f9", "userReviewDate": "2018-01-26", "userURL": "http://user.17k.com/58116533", "userReview": "\u5c0f\u4f1f\u52a0\u6cb9\u2196(^\u03c9^)\u2197\uff0c\u521b\u4f5c\u5feb\u4e50\uff01"}, {"userName": "\u5927\u6c5f\u9648\u8ff9", "userReviewDate": "2018-01-26", "userURL": "http://user.17k.com/59082119", "userReview": "<a target='_blank' href='http://www.17k.com/book/2746787.html'>\u300a\u4f2a\u7a7f\u8d8a\u4e4b\u5446\u840c\u5b66\u9738\u8981\u9ed1\u5316\u300b</a>\u6df1\u591c\u6765\u8bbf\uff0c\u613f\u597d\u68a6\u3002\u3002"}, {"userName": "\u7ea6\u7ff0&middot;\u585e\u7eb3", "userReviewDate": "2018-01-24", "userURL": "http://user.17k.com/56611926", "userReview": "\u8d85\u4e8624\u5c0f\u65f6\u6ca1\u66f4\uff0c\u6e9c\u4e86\u6e9c\u4e86\uff0c\u4f1f\u54e5\u51c9\u4e86"}, {"userName": "\u7ea6\u7ff0&middot;\u585e\u7eb3", "userReviewDate": "2018-01-23", "userURL": "http://user.17k.com/56611926", "userReview": "\u4f1f\u54e5\uff0c\u8bf4\u4e2a\u4e8b\uff0c\u6211\u628a\u201c\u7a7f\u8d8a\u201d\u548c\u201c\u8840\u65cf\u201d\u5206\u4eab\u7ed9\u6e38\u620f\u7fa4\u7684\u4eba\u770b\uff0c\u4f60\u4e0d\u4ecb\u610f\u5427\uff08\u4f1a\u6765\u9a82\u4eba\u8fd8\u662f\u4f1a\u6765\u82b1\u94b1\u770b\u4e66\u90fd\u4e0d\u8d1f\u8d23\u7684\u5206\u4eab\u90a3\u79cd\uff09"}], "description": "\u4eba\u751f\u4e0d\u6b62\u6709\u773c\u524d\u7684\u82df\u4e14\uff0c\u4ed4\u7ec6\u770b\uff0c\u8fd8\u6709\u66f4\u8fdc\u7684......", "title": "\u5929\u671d\u5c0f\u8840\u65cf", "url": "http://www.17k.com/book/2738487.html", "average": -1.0, "cover": "http://img.17k.com/images/bookcover/2017/13692/68/2738487-1513678546000.jpg", "reviews": 43639, "authors": [{"url": "http://www.17k.com/zuozhe/46002464", "name": "\u9ec4\u5c0f\u4f1f"}], "type": ["\u5e7b\u60f3\u7206\u7b11"], "outlinks": ["http://www.17k.com/book/2794982.html", "http://www.17k.com/book/2801292.html", "http://www.17k.com/book/2816318.html", "http://www.17k.com/book/2797575.html", "http://www.17k.com/book/2802516.html", "http://www.17k.com/book/2812195.html", "http://www.17k.com/book/2820143.html", "http://www.17k.com/book/2807943.html", "http://www.17k.com/book/2813457.html", "http://www.17k.com/book/2798058.html", "http://www.17k.com/book/2815617.html", "http://www.17k.com/book/2805259.html", "http://www.17k.com/book/2760255.html", "http://www.17k.com/book/2686894.html", "http://www.17k.com/book/2797016.html", "http://www.17k.com/book/2767246.html", "http://www.17k.com/book/2764239.html", "http://www.17k.com/book/2754498.html", "http://www.17k.com/book/2754900.html", "http://www.17k.com/book/2625740.html", "http://www.17k.com/book/2213315.html", "http://www.17k.com/book/2402178.html", "http://www.17k.com/book/2691221.html", "http://www.17k.com/book/2210699.html", "http://www.17k.com/book/1797752.html", "http://www.17k.com/book/2575507.html", "http://www.17k.com/book/2705181.html", "http://www.17k.com/book/2702539.html", "http://www.17k.com/book/2474887.html", "http://www.17k.com/book/2674733.html", "http://www.17k.com/book/2822076.html", "http://www.17k.com/book/2809894.html", "http://www.17k.com/book/2822077.html", "http://www.17k.com/book/2811930.html", "http://www.17k.com/book/2815548.html", "http://www.17k.com/book/2819620.html", "http://www.17k.com/book/2809964.html", "http://www.17k.com/book/2808200.html", "http://www.17k.com/book/2820100.html", "http://www.17k.com/book/2822978.html", "http://www.17k.com/book/2804337.html", "http://www.17k.com/book/2798814.html", "http://www.17k.com/book/2785153.html", "http://www.17k.com/book/2731559.html", "http://www.17k.com/book/2722533.html", "http://www.17k.com/book/2458377.html", "http://www.17k.com/book/2743300.html", "http://www.17k.com/book/973809.html", "http://www.17k.com/book/2651367.html", "http://www.17k.com/book/2726194.html", "http://www.17k.com/book/2790214.html", "http://www.17k.com/book/493239.html", "http://www.17k.com/book/108821.html", "http://www.17k.com/book/1398783.html", "http://www.17k.com/book/83528.html", "http://www.17k.com/book/1859126.html", "http://www.17k.com/book/1741975.html", "http://www.17k.com/book/192453.html", "http://www.17k.com/book/2459058.html", "http://www.17k.com/book/1050747.html", "http://www.17k.com/book/2700315.html", "http://www.17k.com/book/2818940.html", "http://www.17k.com/book/2819519.html", "http://www.17k.com/book/2816390.html", "http://www.17k.com/book/2819588.html", "http://www.17k.com/book/2813768.html", "http://www.17k.com/book/2822406.html", "http://www.17k.com/book/2772164.html", "http://www.17k.com/book/2784023.html", "http://www.17k.com/book/2811877.html", "http://www.17k.com/book/2809119.html", "http://www.17k.com/book/2803700.html", "http://www.17k.com/book/2819561.html", "http://www.17k.com/book/2746506.html", "http://www.17k.com/book/2811836.html", "http://www.17k.com/book/2614810.html", "http://www.17k.com/book/1592435.html", "http://www.17k.com/book/1949748.html", "http://www.17k.com/book/2265802.html", "http://www.17k.com/book/2743240.html", "http://www.17k.com/book/2657437.html", "http://www.17k.com/book/2644502.html", "http://www.17k.com/book/2199900.html", "http://www.17k.com/book/2725436.html", "http://www.17k.com/book/2629978.html"]}