{"ratings": -1, "userreviews": [{"userName": "\u697c\u7a7a\u7a7aSama", "userReviewDate": "2014-01-13", "userURL": "http://user.17k.com/16591397", "userReview": "<span style='color:red'>\u547c\uff0c<img src='http://img.17k.com/images/face/101gx.gif' />\u4e66\u5199\u4e86\u8fd9\u4e48\u4e45\u4e86\uff0c\u4f46\u4e66\u8bc4\u4f9d\u65e7\u5f88\u5c11\uff0c\u7a7a\u7a7a\u6211\u5176\u5b9e\u633a\u60f3\u77e5\u9053\u5230\u5e95\u6709\u591a\u5c11\u4eba\u786e\u5b9e\u5728\u770b\uff0c\u662f\u89c9\u5f97\u597d\u770b\u5462\uff1f\u8fd8\u662f\u89c9\u5f97\u65e0\u804a\u5462\uff1f<img src='http://img.17k.com/images/face/119yw.gif' />\u8981\u662f\u603b\u6ca1\u4e66\u8bc4\uff0c\u7ed9\u70b9\u53cd\u9988\uff0c\u7a7a\u7a7a\u6211\u5199\u7740\u5199\u7740\u5c31\u597d\u50cf\u5728\u5531\u72ec\u89d2\u620f\u4f3c\u7684<img src='http://img.17k.com/images/face/115ku.gif' />\u3002\u6240\u4ee5\u5462\uff0c<img src='http://img.17k.com/images/face/106mj.gif' />\u6211\u5e0c\u671b\u5e7f\u5927\u8bfb\u8005\u4eec\u80fd\u7a0d\u5fae\u62bd\u51fa\u70b9\u65f6\u95f4\uff0c\u8bc4\u8bba\u51e0\u4e2a\u5b57<img src='http://img.17k.com/images/face/209xh.gif' />\uff0c\u7a7a\u7a7a\u6211\u4f1a\u5f88\u9ad8\u5174\u7684<img src='http://img.17k.com/images/face/102hh.gif' />\uff0c\u4e5f\u4f1a\u5f88\u611f\u8c22\u4f60\u4eec\u7684\u652f\u6301\uff0c\u5199\u51fa\u66f4\u7cbe\u5f69\u7684\u5c0f\u8bf4\u30023Q\uff01<img src='http://img.17k.com/images/face/107xf.gif' /></span>"}, {"userName": "\u697c\u7a7a\u7a7aSama", "userReviewDate": "2013-09-29", "userURL": "http://user.17k.com/16591397", "userReview": "<span style='color:black'>\u5e7f\u544a\u697c\uff0c\u5e7f\u544a\u8bf7\u53d1\u6b64\u5904\u3002\n\u6c42\u5404\u4f4d\u7684\u6536\u85cf\u3001\u9c9c\u82b1\u3001\u7968\u7968\u54e6\uff01<img src='http://img.17k.com/images/face/209xh.gif' /></span>"}, {"userName": "\u697c\u7a7a\u7a7aSama", "userReviewDate": "2013-09-23", "userURL": "http://user.17k.com/16591397", "userReview": "<span style='color:red'>\u5929\u9646\u8ff7\u9014\u5427\u5df2\u521b\u5efa\uff0c\u6b22\u8fce\u6765\u8bbf\u3002<img src='http://img.17k.com/images/face/102hh.gif' />\n</span>"}, {"userName": "Fuck199959367", "userReviewDate": "2017-12-31", "userURL": "http://user.17k.com/59009687", "userReview": "\u5929\u6daf\u5b64\u5955\u643a<a target='_blank' href='http://www.17k.com/book/2743735.html'>\u300a\u795e\u7075\u5955\u300b</a>\u524d\u6765\u62dc\u8bbf\uff0c\u795d\u5927\u5927\u65e9\u65e5\u6210\u795e\u3002"}, {"userName": "\u5ca9\u6cca", "userReviewDate": "2017-12-30", "userURL": "http://user.17k.com/52703967", "userReview": "<a target='_blank' href='http://www.17k.com/book/2388836.html'>\u300a\u7fa3\u4ed9\u9b54\u5f71\u300b</a>\u6765\u652f\u6301\u652f\u6301"}, {"userName": "\u533f\u540dE7CC36", "userReviewDate": "2017-09-20", "userURL": "http://user.17k.com/43712707", "userReview": "<a target='_blank' href='http://www.17k.com/book/2650425.html'>\u300a\u82cd\u7a79\u4ed9\u9646\u300b</a>\u6765\u8bbf\uff0c\u652f\u6301\uff0c\u52a0\u6cb9<a target='_blank' href='http://user.17k.com/16591397'>@\u697c\u7a7a\u7a7aSama</a>"}, {"userName": "\u738b\u7f07\u6b22", "userReviewDate": "2017-09-02", "userURL": "http://user.17k.com/56361630", "userReview": "\u7f07\u6b22\u643a<a target='_blank' href='http://www.17k.com/book/2579759.html'>\u300a\u7ea2\u8896\u6709\u6bd2\u300b</a>\u524d\u6765\u62dc\u8bbf\uff0c\u672c\u4e66\u8bb2\u8ff0\u7684\u662f\u4e00\u4e2a\u4e5e\u4e10\u5973\u5b50\u5982\u4f55\u5728\u516d\u80a1\u52bf\u529b\u4e2d\u5b58\u6d3b\u5e76\u6307\u70b9\u6c5f\u5c71\u7684\u6545\u4e8b\uff0c\u671f\u5f85\u5927\u5927\u56de\u8bbf\uff0c\u70b9\u51fb\u3002"}, {"userName": "\u591c\u843d\u4f9d\u679d", "userReviewDate": "2017-08-29", "userURL": "http://user.17k.com/57105320", "userReview": "\u6b22\u8fce\u4e92\u7c89\uff0c\u4e92\u85cf\uff0c\u4e92\u8e29\uff0c\u8bf7\u5927\u5bb6\u652f\u6301\u4f5c\u8005\u548c\u591c\u843d\u4f9d\u679d\u7684<a target='_blank' href='http://www.17k.com/book/2640973.html'>\u300a\u6d6e\u9999\u5e7d\u68a6\u300b</a>~"}, {"userName": "xmqhome", "userReviewDate": "2017-08-25", "userURL": "http://user.17k.com/1121751", "userReview": "<a target='_blank' href='http://www.17k.com/book/799926.html'>\u300a\u4ed9\u7f18\u65e0\u9650\u300b</a>\u6765\u8bbf\uff0c\u9c9c\u82b1\u652f\u6301\uff0c\u795d\u5927\u4f5c\u8d8a\u5199\u8d8a\u597d\uff0c\u65e9\u6210\u5927\u795e\uff01\u540c\u65f6\uff0c\u501f\u8d35\u5b9d\u5730\u6253\u4e2a\u5e7f\u544a\uff0c\u672c\u4eba\u4f5c\u54c1\u6b63\u5728\u8fde\u8f7d\uff0c\u6b22\u8fce\u5404\u4f4d\u6709\u5174\u8da3\u7684\u8bfb\u8005\u591a\u591a\u524d\u5f80\u652f\u6301\u3002"}, {"userName": "\u8d85\u7ea7\u90fd\u5e02\u4fdd\u9556", "userReviewDate": "2017-06-26", "userURL": "http://user.17k.com/1810919", "userReview": "<a target='_blank' href='http://www.17k.com/book/2537047.html'>\u300a\u8d85\u7ea7\u90fd\u5e02\u4fdd\u9556\u300b</a>\u5411\u5927\u5927\u5b66\u4e60\uff01\u95ee\u597d\u3002"}, {"userName": "\u591c\u4e2d\u7684\u5b81\u9759", "userReviewDate": "2017-03-26", "userURL": "http://user.17k.com/54036370", "userReview": "<a target='_blank' href='http://www.17k.com/book/2427791.html'>\u300a\u67aa\u4e2d\u795e\u738b\u300b</a>\u81ea\u6127\u4e0d\u5982\uff0c\u671b\u80fd\u5f97\u5230\u5927\u5927\u7684\u6307\u70b9"}, {"userName": "\u767d\u4e91\u751f\u5904\u6709\u4eba\u5bb6", "userReviewDate": "2017-02-03", "userURL": "http://user.17k.com/52027746", "userReview": "\u6587\u7b14\u5f88\u6d41\u7545\uff0c\u8bed\u8a00\u751f\u52a8\u3002<a target='_blank' href='http://www.17k.com/book/2297023.html'>\u300a\u6dd8\u6c14\u9b3c\u548c\u5012\u9709\u86cb\u300b</a>\u5230\u8bbf\u3002"}, {"userName": "\u5218\u802a", "userReviewDate": "2016-08-15", "userURL": "http://user.17k.com/45927465", "userReview": "<a target='_blank' href='http://www.17k.com/book/1813866.html'>\u300a\u75af\u766b\u4fa0\u300b</a>\u2191\u2191\u2191\u2191\u5230\u8bbf\uff0c\u62dc\u8bfb\u5927\u4f5c"}, {"userName": "\u54cd\u9a6c\u4e66\u751f", "userReviewDate": "2016-08-08", "userURL": "http://user.17k.com/32312531", "userReview": "<span style='color:blue'><a target='_blank' href='http://www.17k.com/book/777317.html'>\u300a\u9006\u7075\u60ca\u795e\u300b</a>\u9a6c\u4e0a\u5b8c\u672c\uff0c\u7279\u6765\u8001\u5144\u8fd9\u91cc\u6765\u770b\u770b\uff0c\u7279\u6b64\u9e23\u8c22\uff0c\u7279\u6b64\u770b\u671b\u3002</span>"}, {"userName": "\u5c0f\u5934\u82cd\u8747", "userReviewDate": "2016-06-24", "userURL": "http://user.17k.com/14635511", "userReview": "<a target='_blank' href='http://www.17k.com/book/1705214.html'>\u300a\u8be1\u884c\u7eaa\u300b</a>\u6765\u8bbf\uff01@ID\u697c\u7a7a\u7a7a"}, {"userName": "\u6653\u711a", "userReviewDate": "2016-06-22", "userURL": "http://user.17k.com/47656610", "userReview": "<a target='_blank' href='http://www.17k.com/book/1943005.html'>\u300a\u7efc\u5408\u4e4b\u4e66\u300b</a>\u5230\u8bbf\uff0c\u5927\u4f5c\u62dc\u8bfb\u4e86\u3002"}, {"userName": "\u9093\u5c0f\u5b9dky", "userReviewDate": "2016-05-20", "userURL": "http://user.17k.com/42823086", "userReview": "<a target='_blank' href='http://user.17k.com/16591397'>@\u697c\u7a7a\u7a7aSama</a> <a target='_blank' href='http://www.17k.com/book/1370850.html'>\u300a\u91cd\u751f\u4e4b\u590d\u4ec7\u7684\u51e4\u51f0\u300b</a>\u6765\u8bbf\uff0c\u671b\u5927\u5927\u652f\u6301\u65b0\u4eba\u5c0f\u5b9d"}, {"userName": "\u5d16\u65e0\u8a00", "userReviewDate": "2016-05-01", "userURL": "http://user.17k.com/45012446", "userReview": "<a target='_blank' href='http://www.17k.com/book/1848812.html'>\u300a\u5251\u9b42\u81f3\u5c0a\u300b</a>\u524d\u6765\u62dc\u8bbf\uff0c\u671b\u4e00\u8d77\u52a0\u6cb9~\u8036\u8036\u8036\u2196(^\u03c9^)\u2197 \uff08\u4e00\u5b9a\u8981\u9605\u8bfb\u3001\u6295\u8d35\u5bbe\u3001\u7838\u82b1\u54e6\uff5e\uff09 \u540c\u65f6\u4e5f\u795d\u4f60\u300a\u4e94\u4e00\u5feb\u4e50\u300b"}, {"userName": "\u6c89\u5353", "userReviewDate": "2016-04-04", "userURL": "http://user.17k.com/45509510", "userReview": "<a target='_blank' href='http://www.17k.com/book/1735112.html'>\u300a\u6b66\u70bc\u6c38\u751f\u300b</a>\u6765\u8bbf\uff0c\u9001\u82b1\u652f\u6301\uff0c\u597d\u597d\u5199\uff0c\u672a\u6765\u7684\u5927\u795e\u4e2d\u5fc5\u6709\u4f60\u7684\u4e00\u5e2d\u4e4b\u5730\uff01\u540c\u65f6\uff0c\u672c\u4eba\u4f5c\u54c1\u6b63\u5728\u8fde\u8f7d\uff0c\u6b22\u8fce\u5404\u4f4d\u6709\u5174\u8da3\u7684\u8bfb\u8005\u591a\u591a\u524d\u5f80\u8ba2\u9605\u652f\u6301\u3002"}, {"userName": "\u5f67\u8368", "userReviewDate": "2016-02-23", "userURL": "http://user.17k.com/37654864", "userReview": "\u7559\u722a"}], "description": "\u53e4\u534e\u5929\u9646\u4e4b\u4e0a\uff0c\u81ea\u53e4\u4fbf\u6709\u9f99\u534e\u65cf\u3001\u5929\u7f57\u65cf\u3001\u53e4\u5170\u65cf\u4e09\u65cf\u751f\u5b58\u5ef6\u7eed\u3002\u3000\u3000\u4e09\u65cf\u4e4b\u4e2d\uff0c\u9f99\u534e\u65cf\u5c45\u4e8e\u4e2d\u539f\uff0c\u7531\u56db\u5927\u5bb6\u65cf\u4e16\u4ee3\u638c\u7ba1\u7edf\u6cbb\u653f\u6743\u3002\u3000\u3000\u65f6\u5149\u6d41\u8f6c\uff0c\u5929\u5143\u524d\u67d0\u5e74\uff0c\u5f02\u517d\u964d\u4e16\uff0c\u707e\u7978\u987f\u8d77\uff0c\u56db\u5927\u5bb6\u65cf\u906d\u9022\u5de8\u53d8\uff0c\u65e0\u5948\u9000\u9690\u3002\u3000\u3000\u5176\u540e\uff0c\u7fa4\u96c4\u5e76\u8d77\uff0c\u6218\u56fd\u4f0a\u59cb\uff0c\u4e71\u4e16\u4e4b\u4e0b\uff0c\u5404\u5bb6\u65cf\u6df7\u6218\u4e0d\u4f11\uff0c\u6218\u706b\u71c3\u904d\u4e2d\u539f\u3002\u3000\u3000\u6700\u7ec8\uff0c\u4e89\u9738\u4e8e\u4e2d\u539f\u7684\u4e03\u65cf\u4f9d\u7ea6\u4e8e\u540c\u4e00\u65e5\u5efa\u56fd\uff0c\u6682\u65f6\u5f62\u6210\u4e86\u8106\u5f31\u5982\u8584\u7eb8\u7684\u5e73\u8861\u3002\u3000\u3000\u90a3\u5e74\uff0c\u88ab\u53f2\u5b66\u5bb6\u5b9a\u4e3a\u5929\u5143\u5143\u5e74\u3002", "title": "\u5929\u9646\u8ff7\u9014", "url": "http://www.17k.com/book/657118.html", "average": -1.0, "cover": "http://img.17k.com/images/bookcover/2013/3285/16/657118-1382814005000.jpg", "reviews": 259160, "authors": [{"url": "http://www.17k.com/zuozhe/16591397", "name": "ID\u697c\u7a7a\u7a7a"}], "type": ["\u53e4\u5178\u4ed9\u4fa0"], "outlinks": ["http://www.17k.com/book/2794982.html", "http://www.17k.com/book/2801292.html", "http://www.17k.com/book/2816318.html", "http://www.17k.com/book/2797575.html", "http://www.17k.com/book/2802516.html", "http://www.17k.com/book/2812195.html", "http://www.17k.com/book/2820143.html", "http://www.17k.com/book/2807943.html", "http://www.17k.com/book/2813457.html", "http://www.17k.com/book/2798058.html", "http://www.17k.com/book/2815617.html", "http://www.17k.com/book/2805259.html", "http://www.17k.com/book/2760255.html", "http://www.17k.com/book/2686894.html", "http://www.17k.com/book/2797016.html", "http://www.17k.com/book/2767246.html", "http://www.17k.com/book/2764239.html", "http://www.17k.com/book/2754498.html", "http://www.17k.com/book/2754900.html", "http://www.17k.com/book/2625740.html", "http://www.17k.com/book/2213315.html", "http://www.17k.com/book/2402178.html", "http://www.17k.com/book/2691221.html", "http://www.17k.com/book/2210699.html", "http://www.17k.com/book/1797752.html", "http://www.17k.com/book/2575507.html", "http://www.17k.com/book/2705181.html", "http://www.17k.com/book/2702539.html", "http://www.17k.com/book/2474887.html", "http://www.17k.com/book/2674733.html", "http://www.17k.com/book/2822076.html", "http://www.17k.com/book/2809894.html", "http://www.17k.com/book/2822077.html", "http://www.17k.com/book/2811930.html", "http://www.17k.com/book/2815548.html", "http://www.17k.com/book/2819620.html", "http://www.17k.com/book/2809964.html", "http://www.17k.com/book/2808200.html", "http://www.17k.com/book/2820100.html", "http://www.17k.com/book/2822978.html", "http://www.17k.com/book/2804337.html", "http://www.17k.com/book/2798814.html", "http://www.17k.com/book/2785153.html", "http://www.17k.com/book/2731559.html", "http://www.17k.com/book/2722533.html", "http://www.17k.com/book/2458377.html", "http://www.17k.com/book/2743300.html", "http://www.17k.com/book/973809.html", "http://www.17k.com/book/2651367.html", "http://www.17k.com/book/2726194.html", "http://www.17k.com/book/2790214.html", "http://www.17k.com/book/493239.html", "http://www.17k.com/book/108821.html", "http://www.17k.com/book/1398783.html", "http://www.17k.com/book/83528.html", "http://www.17k.com/book/1859126.html", "http://www.17k.com/book/1741975.html", "http://www.17k.com/book/192453.html", "http://www.17k.com/book/2459058.html", "http://www.17k.com/book/1050747.html", "http://www.17k.com/book/2700315.html", "http://www.17k.com/book/2818940.html", "http://www.17k.com/book/2819519.html", "http://www.17k.com/book/2816390.html", "http://www.17k.com/book/2819588.html", "http://www.17k.com/book/2813768.html", "http://www.17k.com/book/2822406.html", "http://www.17k.com/book/2772164.html", "http://www.17k.com/book/2784023.html", "http://www.17k.com/book/2811877.html", "http://www.17k.com/book/2809119.html", "http://www.17k.com/book/2803700.html", "http://www.17k.com/book/2819561.html", "http://www.17k.com/book/2746506.html", "http://www.17k.com/book/2811836.html", "http://www.17k.com/book/2614810.html", "http://www.17k.com/book/1592435.html", "http://www.17k.com/book/1949748.html", "http://www.17k.com/book/2265802.html", "http://www.17k.com/book/2743240.html", "http://www.17k.com/book/2657437.html", "http://www.17k.com/book/2644502.html", "http://www.17k.com/book/2199900.html", "http://www.17k.com/book/2725436.html", "http://www.17k.com/book/2629978.html"]}