{"ratings": -1, "userreviews": [{"userName": "\u51a5\u57df\u4fee\u7f57", "userReviewDate": "2018-06-08", "userURL": "http://user.17k.com/28565008", "userReview": "\u770b\u52303400\u591a\u7ae0\uff0c\u5b9e\u5728\u662f\u5fcd\u4e0d\u4f4f\u60f3\u8981\u5410\u69fd\u4e86\uff0c\u8fd9\u4e2a\u4f5c\u8005\u81ea\u6253\u5634\u5df4\u7684\u6280\u672f\u592a\u5f3a\u4e86\uff01\uff01\uff01\uff01"}, {"userName": "\u65e0\u7275\u7eca", "userReviewDate": "2018-05-30", "userURL": "http://user.17k.com/44846355", "userReview": "\u5148\u8bf4\u660e \u6211\u4e0d\u55b7\u4eba \u7ecf\u5f97\u8d77\u6279\u8bc4\u624d\u6709\u8fdb\u6b65&nbsp; \u6211\u770b\u52301000\u591a\u96c6\u4e86 \u56e0\u4e3a\u6211\u559c\u6b22\u5199\u5251\u4fee\u7684 \u6240\u4ee5\u6211\u575a\u6301\u770b\u4e0b\u53bb.\u4e3b\u89d2\u65e0\u7279\u70b9 \u751a\u81f3\u6709\u70b9\u5fc3\u7406\u53d8\u6001 \u5347\u7ea7\u526f\u672c \u770b\u770b\u7ec3\u6c14 \u6c14\u6d77 \u5f80\u4e0a\u90fd\u662f\u4e00\u4e2a\u5957\u8def \u6362\u4e2a\u601d\u8def\u597d\u4e0d\u597d\u4e3b\u89d2\u7ecf\u5386\u7684\u4e8b\u60c5\u90fd\u5dee\u4e0d\u591a \u5c31\u662f\u4eba\u7269\u6362\u4e2a\u540d\u5b57\u800c\u5df2.\u592a\u6b7b\u677f \u770b\u4e0b\u6765\u6ca1\u7b11\u70b9&nbsp; \u522b\u8bf4\u5c0f\u8bf4\u65e0\u7b11\u70b9&nbsp; \u6211\u4e0d\u662f\u55b7\u4eba \u63d0\u70b9\u610f\u89c1\u800c\u5df2 \u5fc3\u91cc\u4e0d\u4e50\u610f\u5c31\u5f53\u6ca1\u770b\u5230\u597d\u4e86 \u6211\u8fd8\u662f\u4f1a\u575a\u6301\u770b\u4e0b\u53bb\u7684\u3002\u6211\u6587\u91c7\u6ca1\u4f5c\u8005\u597d&nbsp; \u4f46\u5c0f\u8bf4\u6211\u770b\u4e86\u5f88\u591a\u5f88\u591a \u8fd9\u4e48\u591a\u5e74\u4e0b\u6765 \u597d\u4e0d\u597d \u6211\u8fd8\u662f\u77e5\u9053\u7684"}, {"userName": "17k\u4e66\u53cb7fwet4st1", "userReviewDate": "2018-05-28", "userURL": "http://user.17k.com/62136208", "userReview": "\u5feb\u70b9\u66f4\u65b0\u554a\uff01\u7b49\u4e0d\u6025\u4e86"}, {"userName": "17k\u4e66\u53cbgs5v1m1kc", "userReviewDate": "2018-05-25", "userURL": "http://user.17k.com/62168092", "userReview": "[\u6253\u8d4f]\u6211\u6253\u8d4f\u4e862\u5143\u7ea2\u5305\uff01\uff01"}, {"userName": "17k\u4e66\u53cbqmuk1j1mf", "userReviewDate": "2018-05-22", "userURL": "http://user.17k.com/62074496", "userReview": "[\u6253\u8d4f]\u6211\u6253\u8d4f\u4e862\u5143\u7ea2\u5305\uff01\uff01"}, {"userName": "17k\u4e66\u53cbr6sa6sytg", "userReviewDate": "2018-05-17", "userURL": "http://user.17k.com/61869675", "userReview": "[\u6253\u8d4f]\u6211\u6253\u8d4f\u4e862\u5143\u7ea2\u5305\uff01\uff01"}, {"userName": "\u30d1250869884", "userReviewDate": "2018-05-09", "userURL": "http://user.17k.com/55530447", "userReview": "\u514d\u8d39\u7684\u770b\u4e0d\u4e86\u554a\uff01"}, {"userName": "17k\u4e66\u53cb346qjrefr", "userReviewDate": "2018-05-08", "userURL": "http://user.17k.com/61593216", "userReview": "[\u6253\u8d4f]\u6211\u6253\u8d4f\u4e868\u5143\u7ea2\u5305\uff01\uff01"}, {"userName": "\u5bd2\u53f6\u76df\u4e36\u51cc\u5929\u8fb0", "userReviewDate": "2018-05-03", "userURL": "http://user.17k.com/17415052", "userReview": "\u4f5c\u8005\u4e3a\u4ec0\u4e48\u524d\u51e0\u7ae0\u5143\u795e\u662f\u5e1d\u5883\uff0c3260\u7ae0\u53c8\u4e0d\u662f\u4e86\u54ea\uff1f\u4e09\u4e2a\u6761\u4ef6\u2026\u2026"}, {"userName": "\u5bd2\u53f6\u76df\u4e36\u51cc\u5929\u8fb0", "userReviewDate": "2018-05-03", "userURL": "http://user.17k.com/17415052", "userReview": "\u4f5c\u8005\u4e3a\u4ec0\u4e48\u524d\u51e0\u7ae0\u5143\u795e\u662f\u5e1d\u5883\uff0c3260\u7ae0\u53c8\u4e0d\u662f\u4e86\u54ea\uff1f\u4e09\u4e2a\u6761\u4ef6\u2026\u2026"}, {"userName": "\u5bd2\u53f6\u76df\u4e36\u51cc\u5929\u8fb0", "userReviewDate": "2018-05-03", "userURL": "http://user.17k.com/17415052", "userReview": "\u4f5c\u8005\u4e3a\u4ec0\u4e48\u524d\u51e0\u7ae0\u5143\u795e\u662f\u5e1d\u5883\uff0c3260\u7ae0\u53c8\u4e0d\u662f\u4e86\u54ea\uff1f\u4e09\u4e2a\u6761\u4ef6\u2026\u2026"}, {"userName": "\u5bd2\u53f6\u76df\u4e36\u51cc\u5929\u8fb0", "userReviewDate": "2018-05-03", "userURL": "http://user.17k.com/17415052", "userReview": "\u4f5c\u8005\u4e3a\u4ec0\u4e48\u524d\u51e0\u7ae0\u5143\u795e\u662f\u5e1d\u5883\uff0c3260\u7ae0\u53c8\u4e0d\u662f\u4e86\u54ea\uff1f\u4e09\u4e2a\u6761\u4ef6\u2026\u2026"}, {"userName": "\u5bd2\u53f6\u76df\u4e36\u51cc\u5929\u8fb0", "userReviewDate": "2018-05-03", "userURL": "http://user.17k.com/17415052", "userReview": "\u4f5c\u8005\u4e3a\u4ec0\u4e48\u524d\u51e0\u7ae0\u5143\u795e\u662f\u5e1d\u5883\uff0c3260\u7ae0\u53c8\u4e0d\u662f\u4e86\u54ea\uff1f\u4e09\u4e2a\u6761\u4ef6\u2026\u2026"}, {"userName": "Alvenlo", "userReviewDate": "2018-05-01", "userURL": "http://user.17k.com/61397678", "userReview": "\u66f4\u65b0\u592a\u6162\u4e86"}, {"userName": "17K\u4e66\u53cbEZSJZ75D", "userReviewDate": "2018-04-30", "userURL": "http://user.17k.com/61174610", "userReview": "\u770b\u52303000\u591a\u7ae0\u6ca1\u6709\u4e86"}, {"userName": "17K\u4e66\u53cbEZSJZ75D", "userReviewDate": "2018-04-29", "userURL": "http://user.17k.com/61174610", "userReview": "[\u6253\u8d4f]\u6211\u6253\u8d4f\u4e861\u5143\u7ea2\u5305\uff01\uff01"}, {"userName": "\u81ea\u7531\u5982\u98ce087256672", "userReviewDate": "2018-04-28", "userURL": "http://user.17k.com/61310967", "userReview": "\u4f5c\u8005\u662f\u5199\u7684\u592a\u6fc0\u60c5\u4e86\u5417 \u4e00\u4e0b\u65f6\u523b &nbsp;\u4e00\u4e0b\u51e0\u5206\u949f\u8868\u793a\uff1f &nbsp;\u80fd\u5426\u51cf\u5c11\u7528\u73b0\u4ee3\u65f6\u95f4\u5462\uff1f"}, {"userName": "17k\u4e66\u53cb5xhx8re59", "userReviewDate": "2018-04-27", "userURL": "http://user.17k.com/61288199", "userReview": "[\u6253\u8d4f]\u6211\u6253\u8d4f\u4e862\u5143\u7ea2\u5305\uff01\uff01"}, {"userName": "17k\u4e66\u53cbs7jn5016j", "userReviewDate": "2018-04-27", "userURL": "http://user.17k.com/61276150", "userReview": "[\u6253\u8d4f]\u6211\u6253\u8d4f\u4e862\u5143\u7ea2\u5305\uff01\uff01"}, {"userName": "\u56de\u5fc6\u56de\u5fc6520", "userReviewDate": "2018-04-16", "userURL": "http://user.17k.com/52873487", "userReview": "[\u6253\u8d4f]\u6211\u6253\u8d4f\u4e861\u4e2a'\u5c0f\u5fc3\u5fc3'\uff01\uff01"}], "description": "\u5e76\u6307\u9752\u4e91\uff0c\u6c14\u541e\u5e7d\u51a5\u3002\u5927\u9053\u4ea4\u9519\uff0c\u5251\u8005\u72ec\u5c0a\u3002\u3000\u3000\u8fd9\u662f\u4e00\u4e2a\u4eba\u548c\u4e00\u628a\u5251\u7684\u6545\u4e8b\uff01\u3000\u3000\u7ea2\u5c18\u4e09\u5343\u4e08\uff0c\u7409\u7483\u67d3\u5929\u9999\u3002\u7fa4\u96c4\u5171\u9010\u9e7f\uff0c\u5251\u5c0a\u638c\u82cd\u9ec4\u3002\u3000\u3000\u5251\u7684\u771f\u8c1b\uff0c\u4e07\u5e74\u4e4b\u79d8\uff0c\u4ee5\u8840\u6d77\u65e0\u6daf\u91cd\u94f8\u767b\u5929\u4e4b\u8def\uff0c\u4ee5\u4ebf\u4e07\u67af\u9aa8\u518d\u70bc\u5251\u9053\u7ecf\u4e66\u3002\u3000\u3000\u4e00\u5207\u5c3d\u5728\u592a\u53e4\u5251\u5c0a\u3002", "title": "\u592a\u53e4\u5251\u5c0a", "url": "http://www.17k.com/book/2700315.html", "average": -1.0, "cover": "http://img.17k.com/images/bookcover/partner/3/15/2700315/2700315.jpg", "reviews": 39109399, "authors": [{"url": "http://www.17k.com/zuozhe/56805906", "name": "\u9752\u77f3\u7ec6\u8bed"}], "type": ["\u4e1c\u65b9\u7384\u5e7b"], "outlinks": ["http://www.17k.com/book/2794982.html", "http://www.17k.com/book/2801292.html", "http://www.17k.com/book/2816318.html", "http://www.17k.com/book/2797575.html", "http://www.17k.com/book/2802516.html", "http://www.17k.com/book/2812195.html", "http://www.17k.com/book/2820143.html", "http://www.17k.com/book/2807943.html", "http://www.17k.com/book/2813457.html", "http://www.17k.com/book/2798058.html", "http://www.17k.com/book/2815617.html", "http://www.17k.com/book/2805259.html", "http://www.17k.com/book/2760255.html", "http://www.17k.com/book/2686894.html", "http://www.17k.com/book/2797016.html", "http://www.17k.com/book/2767246.html", "http://www.17k.com/book/2764239.html", "http://www.17k.com/book/2754498.html", "http://www.17k.com/book/2754900.html", "http://www.17k.com/book/2625740.html", "http://www.17k.com/book/2213315.html", "http://www.17k.com/book/2402178.html", "http://www.17k.com/book/2691221.html", "http://www.17k.com/book/2210699.html", "http://www.17k.com/book/1797752.html", "http://www.17k.com/book/2575507.html", "http://www.17k.com/book/2705181.html", "http://www.17k.com/book/2702539.html", "http://www.17k.com/book/2474887.html", "http://www.17k.com/book/2674733.html", "http://www.17k.com/book/2822076.html", "http://www.17k.com/book/2809894.html", "http://www.17k.com/book/2822077.html", "http://www.17k.com/book/2811930.html", "http://www.17k.com/book/2815548.html", "http://www.17k.com/book/2819620.html", "http://www.17k.com/book/2809964.html", "http://www.17k.com/book/2808200.html", "http://www.17k.com/book/2820100.html", "http://www.17k.com/book/2822978.html", "http://www.17k.com/book/2804337.html", "http://www.17k.com/book/2798814.html", "http://www.17k.com/book/2785153.html", "http://www.17k.com/book/2731559.html", "http://www.17k.com/book/2722533.html", "http://www.17k.com/book/2458377.html", "http://www.17k.com/book/2743300.html", "http://www.17k.com/book/973809.html", "http://www.17k.com/book/2651367.html", "http://www.17k.com/book/2726194.html", "http://www.17k.com/book/2790214.html", "http://www.17k.com/book/493239.html", "http://www.17k.com/book/108821.html", "http://www.17k.com/book/1398783.html", "http://www.17k.com/book/83528.html", "http://www.17k.com/book/1859126.html", "http://www.17k.com/book/1741975.html", "http://www.17k.com/book/192453.html", "http://www.17k.com/book/2459058.html", "http://www.17k.com/book/1050747.html", "http://www.17k.com/book/2700315.html", "http://www.17k.com/book/2818940.html", "http://www.17k.com/book/2819519.html", "http://www.17k.com/book/2816390.html", "http://www.17k.com/book/2819588.html", "http://www.17k.com/book/2813768.html", "http://www.17k.com/book/2822406.html", "http://www.17k.com/book/2772164.html", "http://www.17k.com/book/2784023.html", "http://www.17k.com/book/2811877.html", "http://www.17k.com/book/2809119.html", "http://www.17k.com/book/2803700.html", "http://www.17k.com/book/2819561.html", "http://www.17k.com/book/2746506.html", "http://www.17k.com/book/2811836.html", "http://www.17k.com/book/2614810.html", "http://www.17k.com/book/1592435.html", "http://www.17k.com/book/1949748.html", "http://www.17k.com/book/2265802.html", "http://www.17k.com/book/2743240.html", "http://www.17k.com/book/2657437.html", "http://www.17k.com/book/2644502.html", "http://www.17k.com/book/2199900.html", "http://www.17k.com/book/2725436.html", "http://www.17k.com/book/2629978.html"]}