{"ratings": -1, "userreviews": [{"userName": "\u653e\u7267\u7ae5\u7684\u725b", "userReviewDate": "2018-05-30", "userURL": "http://user.17k.com/59869089", "userReview": "\u4ece\u4eca\u5929\u5f00\u59cb\uff0c\u8981\u518d\u52a0\u628a\u529b\u7801\u5b57\u4e86\uff01"}, {"userName": "\u653e\u7267\u7ae5\u7684\u725b", "userReviewDate": "2018-03-12", "userURL": "http://user.17k.com/59869089", "userReview": "\u561b\uff0c\u5f88\u60f3\u5199\u8fd9\u6837\u5b50\u7684\u6545\u4e8b\u5462\uff0c\u5982\u679c\u6709\u4eba\u652f\u6301\u90a3\u5b9e\u5728\u662f\u611f\u8c22\u4e07\u5206\uff01"}, {"userName": "\u4e09\u65e5\u6708\u661f\u7a7a", "userReviewDate": "2018-06-05", "userURL": "http://user.17k.com/47875140", "userReview": "[\u6253\u8d4f]\u6211\u6253\u8d4f\u4e8618\u5143\u7ea2\u5305\uff01\uff01"}, {"userName": "\u65f6\u65f6\u96e8\u96e8", "userReviewDate": "2018-05-30", "userURL": "http://user.17k.com/62102185", "userReview": "\u5348\u597d\u554a~"}, {"userName": "\u987e\u503e\u843d", "userReviewDate": "2018-05-28", "userURL": "http://user.17k.com/61543251", "userReview": "\u725b\u90ce\u52a0\u6cb9"}, {"userName": "\u661f\u7a7a\u591c\u68a6\u8d30", "userReviewDate": "2018-05-22", "userURL": "http://user.17k.com/58011970", "userReview": "\u725b\u90ce\u5927\u5927\u65e9\u4e0a\u597d"}, {"userName": "\u5927\u767d\u9cb6", "userReviewDate": "2018-05-12", "userURL": "http://user.17k.com/61524186", "userReview": "\u5c0f\u5c0f\u610f\u601d\u4e0d\u6210\u656c\u610f\uff0c\u52a0\u6cb9\uff01"}, {"userName": "\u5343\u4e0e\u5343\u77b3", "userReviewDate": "2018-05-01", "userURL": "http://user.17k.com/57493690", "userReview": "\u606d\u559c\u4e0a\u67b6"}, {"userName": "\u653e\u7267\u7ae5\u7684\u725b", "userReviewDate": "2018-05-01", "userURL": "http://user.17k.com/59869089", "userReview": "\u4e0a\u67b6\u5566\uff01\u611f\u8c22\u8bf8\u4f4d\u4e00\u76f4\u4ee5\u6765\u7684\u652f\u6301\uff0c\u563f\uff0c\u8bf8\u4f4d\u8fd8\u597d\u5417\uff1f"}, {"userName": "\u65e5\u756a\u8c37\u51ac\u72ee\u90ceKYQ", "userReviewDate": "2018-04-30", "userURL": "http://user.17k.com/59139707", "userReview": "\u5f53\u7136\u5f97\u652f\u6301\u5566\uff01\u4f60\u7684\u6587\u7b14\u5f88\u7ec6\u817b\u554a\uff0c\u8bed\u8a00\u4e5f\u5f88\u6709\u611f\u67d3\u529b\uff0c\u603b\u80fd\u8f7b\u6613\u52fe\u8d77\u8bfb\u8005\u4eec\u7684\u597d\u5947\u5fc3\uff0c\u770b\u5f97\u51fa\u4f60\u786e\u5b9e\u662f\u5f88\u6709\u6f5c\u529b\u7684\u3002\u800c\u4e14\uff0c\u8fd9\u4f4d\u4f5c\u8005\u4e5f\u5341\u5206\u6709\u4e2a\u6027\uff0c\u53e5\u4e2d\u559c\u6b22\u52a0\u201c\u4e5f\u662f\u201d\uff0c\u897f\u5316\u7684\u540d\u5b57\u975e\u5e38\u7384\u5999\u3002\u770b\u5c01\u9762\u597d\u50cf\u8bb2\u5f97\u7684\u662f\u732b\u5973\u59d0\u59b9\u7684\u5427\uff0c\u600e\u4e48\u8bf4\u5462\uff0c\u6211\u597d\u60f3\u4e3a\u8d1d\u4f26\u5148\u751f\u8d34\u4e0a\u602a\u53d4\u53d4\u7684\u6807\u7b7e\u554a\u3002\u4e0d\u9519\uff0c\u8fd9\u6837\u7684\u5f02\u4e16\u754c\u65c5\u884c\u76f8\u5f53\u5947\u5999\uff0c\u9047\u4e0a\u5404\u79cd\u53e4\u602a\u7684\u4eba\uff0c\u78b0\u4e0a\u5404\u79cd\u5947\u5f02\u7684\u4e8b\uff0c\u5c24\u5176\u662f\u8fd9\u4f4d\u667a\u5546\u8d85\u5e38\u60c5\u5546\u6b20\u8d39\u7684\u6696\u7537\u9047\u4e0a\u4e86\u8fd9\u4e00\u5bf9\u4ee4\u4eba\u540c\u60c5\u7684\u5c0f\u840c\u7269\uff0c\u7b80\u76f4\u8ba9\u4eba\u5fc3\u9a70\u795e\u5f80\u3002\u6682\u4e14\u8bc4\u8bba\u5230\u8fd9\u91cc\uff0c\u987a\u4fbf\u4e00\u63d0\uff0c\u4e8c\u5341\u4e5d\u7ae0\u548c\u4e09\u5341\u7ae0\u91cd\u590d\u4e86\uff0c\u732e\u4e0a\u9c9c\u82b1\uff0c\u5df2\u6536\u85cf\uff0c\u4ee5\u540e\u518d\u6162\u6162\u9605\u8bfb\u3002"}, {"userName": "\u661f\u7a7a\u591c\u68a6\u58f9", "userReviewDate": "2018-04-25", "userURL": "http://user.17k.com/58116533", "userReview": "<span style='color:green'>\u8fc7\u6765\u770b\u4e66\uff0c\u770b\u725b\u90ce\uff0c\u7ee7\u7eed\u52aa\u529b\u66f4\u65b0\u5427</span>"}, {"userName": "\u7409\u592ew", "userReviewDate": "2018-04-14", "userURL": "http://user.17k.com/60925222", "userReview": "\u5348\u597d\uff01\u52a0\u6cb9\u54e6\uff01"}, {"userName": "\u661f\u7a7a\u591c\u68a6\u8d30", "userReviewDate": "2018-04-14", "userURL": "http://user.17k.com/58011970", "userReview": "\u725b\u90ce\u52a0\u6cb9\uff0c\u5468\u672b\u5feb\u4e50\uff01"}, {"userName": "\u661f\u7a7a\u591c\u68a6\u8d30", "userReviewDate": "2018-04-12", "userURL": "http://user.17k.com/58011970", "userReview": "\u725b\u90ce\u52a0\u6cb9\u2196(^\u03c9^)\u2197"}, {"userName": "\u5510\u5eb8\u5b81", "userReviewDate": "2018-04-08", "userURL": "http://user.17k.com/59073412", "userReview": "\u665a\u597d\uff5e\u52a0\u6cb9\uff01"}, {"userName": "\u7409\u592ew", "userReviewDate": "2018-04-07", "userURL": "http://user.17k.com/60925222", "userReview": "\u56e0\u4e3a\u6211\u60f3\u4f60\u554a\uff0c\u725b\u90ce"}, {"userName": "\u661f\u7a7a\u591c\u68a6\u8d30", "userReviewDate": "2018-04-07", "userURL": "http://user.17k.com/58011970", "userReview": "\u65e9\u4e0a\u597d\uff0c\u5468\u672b\u6109\u5feb\u54af\uff01"}, {"userName": "\u7409\u592ew", "userReviewDate": "2018-04-06", "userURL": "http://user.17k.com/60925222", "userReview": "\u6211\u5c31\u662f\u7ec7\u5973"}, {"userName": "\u661f\u7a7a\u591c\u68a6\u8d30", "userReviewDate": "2018-04-05", "userURL": "http://user.17k.com/58011970", "userReview": "<span style='color:red'>\u661f\u7a7a\u665a\u8bbf\uff0c\u770b\u4e66\u6492\u82b1\uff0c\u7ee7\u7eed\u652f\u6301\uff0c\u52a0\u6cb9\u2196(^\u03c9^)\u2197</span>"}, {"userName": "\u7231\u597d\u5077\u60c5", "userReviewDate": "2018-04-05", "userURL": "http://user.17k.com/41995721", "userReview": "\u4e0b\u5348\u597d"}], "description": "\u201c\u8d1d\u4f26\uff01\u53bb\u5de8\u9f99\u77f3\u7a9f\u770b\u770b\u5417\uff1f\u201d\u3000\u3000\u201c\u8d1d\u4f26\u5148\u751f\uff0c\u4eca\u665a\u5403\u4e9b\u4ec0\u4e48\u554a\uff1f\u201d\u3000\u3000\u201c\u683c\u5217\u5b89\uff0c\u4f60\u5c31\u4e0d\u80fd\u628a\u4f60\u7684\u5934\u53d1\u6574\u6574\u5417\uff1f\u201d\u3000\u3000\u672c\u662f\u6bd5\u4e1a\u4e8e\u9ad8\u7b49\u5b66\u56ed\u7684\u9ad8\u6750\u751f\uff0c\u4f46\u5374\u662f\u6ca6\u4e3a\u4e00\u4ecb\u5546\u4eba\uff0c\u7a76\u7adf\u53d1\u751f\u4e86\u4ec0\u4e48\u5462\uff1f\u3000\u3000\u672c\u6765\u5df2\u7ecf\u51b3\u5b9a\u8981\u8fc7\u5e73\u6de1\u65e5\u5b50\u7684\u8d1d\u4f26\uff0c\u9047\u4e0a\u4e86\u4e24\u4e2a\u732b\u8033\u5973\u5b69\u4e4b\u540e\uff0c\u5c31\u5f00\u59cb\u4e86\u4e0d\u5e73\u6de1\u7684\u65c5\u884c\u3002\u3000\u3000\u8fd9\u662f\u4e00\u4e2a\u5947\u5999\u7684\u5f02\u4e16\u754c\u65c5\u884c\uff0c\u5728\u65c5\u884c\u4e2d\u89c1\u8bc6\u6700\u7f8e\u7684\u98ce\u666f\uff0c\u62ef\u6551\u4e00\u4f4d\u4f4d\u5c11\u5973\u7684\u6545\u4e8b\uff0c\u6e29\u99a8\u800c\u53c8\u2026\u70ed\u8840\uff1f\u3000\u3000\u201c\u5450\uff0c\u8d1d\u4f26\uff0c\u5e2e\u6211\u62ef\u6551\u4e0b\u4e16\u754c\u5427\uff1f\u53bb\u8ba8\u4f10\u9b54\u738b\u600e\u4e48\u6837\uff1f\u201d\u3000\u3000\u5915\u9633\u4e0b\uff0c\u90a3\u540d\u5c11\u5973\u63d0\u8bae\u3002", "title": "\u5947\u5999\u7684\u5f02\u4e16\u754c\u65c5\u884c", "url": "http://www.17k.com/book/2774824.html", "average": -1.0, "cover": "http://img.17k.com/images/bookcover/2018/13874/69/2774824-1520488922000.jpg", "reviews": 6690, "authors": [{"url": "http://www.17k.com/zuozhe/59869089", "name": "\u653e\u7267\u7ae5\u7684\u725b\u90ce"}], "type": ["\u840c\u7cfb\u5c0f\u8bf4"], "outlinks": ["http://www.17k.com/book/2794982.html", "http://www.17k.com/book/2801292.html", "http://www.17k.com/book/2816318.html", "http://www.17k.com/book/2797575.html", "http://www.17k.com/book/2802516.html", "http://www.17k.com/book/2812195.html", "http://www.17k.com/book/2820143.html", "http://www.17k.com/book/2807943.html", "http://www.17k.com/book/2813457.html", "http://www.17k.com/book/2798058.html", "http://www.17k.com/book/2815617.html", "http://www.17k.com/book/2805259.html", "http://www.17k.com/book/2760255.html", "http://www.17k.com/book/2686894.html", "http://www.17k.com/book/2797016.html", "http://www.17k.com/book/2767246.html", "http://www.17k.com/book/2764239.html", "http://www.17k.com/book/2754498.html", "http://www.17k.com/book/2754900.html", "http://www.17k.com/book/2625740.html", "http://www.17k.com/book/2213315.html", "http://www.17k.com/book/2402178.html", "http://www.17k.com/book/2691221.html", "http://www.17k.com/book/2210699.html", "http://www.17k.com/book/1797752.html", "http://www.17k.com/book/2575507.html", "http://www.17k.com/book/2705181.html", "http://www.17k.com/book/2702539.html", "http://www.17k.com/book/2474887.html", "http://www.17k.com/book/2674733.html", "http://www.17k.com/book/2822076.html", "http://www.17k.com/book/2809894.html", "http://www.17k.com/book/2822077.html", "http://www.17k.com/book/2811930.html", "http://www.17k.com/book/2815548.html", "http://www.17k.com/book/2819620.html", "http://www.17k.com/book/2809964.html", "http://www.17k.com/book/2808200.html", "http://www.17k.com/book/2820100.html", "http://www.17k.com/book/2822978.html", "http://www.17k.com/book/2804337.html", "http://www.17k.com/book/2798814.html", "http://www.17k.com/book/2785153.html", "http://www.17k.com/book/2731559.html", "http://www.17k.com/book/2722533.html", "http://www.17k.com/book/2458377.html", "http://www.17k.com/book/2743300.html", "http://www.17k.com/book/973809.html", "http://www.17k.com/book/2651367.html", "http://www.17k.com/book/2726194.html", "http://www.17k.com/book/2790214.html", "http://www.17k.com/book/493239.html", "http://www.17k.com/book/108821.html", "http://www.17k.com/book/1398783.html", "http://www.17k.com/book/83528.html", "http://www.17k.com/book/1859126.html", "http://www.17k.com/book/1741975.html", "http://www.17k.com/book/192453.html", "http://www.17k.com/book/2459058.html", "http://www.17k.com/book/1050747.html", "http://www.17k.com/book/2700315.html", "http://www.17k.com/book/2818940.html", "http://www.17k.com/book/2819519.html", "http://www.17k.com/book/2816390.html", "http://www.17k.com/book/2819588.html", "http://www.17k.com/book/2813768.html", "http://www.17k.com/book/2822406.html", "http://www.17k.com/book/2772164.html", "http://www.17k.com/book/2784023.html", "http://www.17k.com/book/2811877.html", "http://www.17k.com/book/2809119.html", "http://www.17k.com/book/2803700.html", "http://www.17k.com/book/2819561.html", "http://www.17k.com/book/2746506.html", "http://www.17k.com/book/2811836.html", "http://www.17k.com/book/2614810.html", "http://www.17k.com/book/1592435.html", "http://www.17k.com/book/1949748.html", "http://www.17k.com/book/2265802.html", "http://www.17k.com/book/2743240.html", "http://www.17k.com/book/2657437.html", "http://www.17k.com/book/2644502.html", "http://www.17k.com/book/2199900.html", "http://www.17k.com/book/2725436.html", "http://www.17k.com/book/2629978.html"]}