{"ratings": -1, "userreviews": [{"userName": "\u7231\u505a\u5669\u68a6\u7684\u732b", "userReviewDate": "2018-05-01", "userURL": "http://user.17k.com/59264987", "userReview": "\u8c22\u8c22\u5404\u4f4d\u8bfb\u8005\u7684\u652f\u6301<img src='http://img.17k.com/images/face/101gx.gif' />"}, {"userName": "\u65af\u6587\u732b\u965b\u4e0b", "userReviewDate": "2018-04-13", "userURL": "http://user.17k.com/37764708", "userReview": "\u52a0\u6cb9\uff0c\u4eba\u6c14\u597d\u5f88\u591a\u4e86\uff0c\u575a\u6301\u5199\u4e0b\u53bb\uff0c\u6211\u4eec\u4e00\u8d77\u52a0\u6cb9\uff0c"}, {"userName": "\u65af\u6587\u732b\u965b\u4e0b", "userReviewDate": "2018-04-09", "userURL": "http://user.17k.com/37764708", "userReview": "\u665a\u597d\uff0c\u52a0\u6cb9\uff0c"}, {"userName": "\u65af\u6587\u732b\u965b\u4e0b", "userReviewDate": "2018-04-06", "userURL": "http://user.17k.com/37764708", "userReview": "\u5348\u5b89\uff0c\u52a0\u6cb9\uff0c"}, {"userName": "\u6625\u5c71\u4e00\u6735", "userReviewDate": "2018-04-06", "userURL": "http://user.17k.com/44606259", "userReview": "\u597d\u770b\uff0c\u8bb0\u53f7\u3002"}, {"userName": "\u90e6\u82e9", "userReviewDate": "2018-04-05", "userURL": "http://user.17k.com/60462861", "userReview": "\u597d\u5389\u5bb3\uff0c\u656c\u4f69\u656c\u4f69\u3002\u54c8\u54c8\u54c8"}, {"userName": "\u65af\u6587\u732b\u965b\u4e0b", "userReviewDate": "2018-04-05", "userURL": "http://user.17k.com/37764708", "userReview": "\u4e0a\u63a8\u8350\u4e86\uff0c\u606d\u559c\uff0c\u6162\u6162\u4eba\u6c14\u4f1a\u597d\u8d77\u6765\u7684\uff0c\u52a0\u6cb9\uff0c\u5348\u5b89"}, {"userName": "\u661f\u7a7a\u591c\u68a6\u8d30", "userReviewDate": "2018-04-05", "userURL": "http://user.17k.com/58011970", "userReview": "\u661f\u7a7a\u6df1\u591c\u9020\u8bbf\uff0c\u770b\u4e66\u652f\u6301\uff0c\u52a0\u6cb9\u2196(^\u03c9^)\u2197"}, {"userName": "\u65af\u6587\u732b\u965b\u4e0b", "userReviewDate": "2018-04-03", "userURL": "http://user.17k.com/37764708", "userReview": "\u5c0f\u53ef\u7231\uff0c\u665a\u597d\uff0c\u6700\u8fd1\u7801\u5b50\u6ca1\u6765\u770b\u4f60\uff0c\u62b1\u6b49\uff0c"}, {"userName": "\u4f60\u53ef\u7231\u7684\u723988", "userReviewDate": "2018-04-03", "userURL": "http://user.17k.com/60615427", "userReview": "\u6536\u85cf\u4e86\uff0c\u4e5f\u5e0c\u671b\u5927\u5927\u80fd\u770b\u4e00\u4e0b\u6211\u7684\u300a\u60c5\u4fa3\u5c3d\u5934\u662f\u6b22\u989c\u300b"}, {"userName": "\u65af\u6587\u732b\u965b\u4e0b", "userReviewDate": "2018-03-18", "userURL": "http://user.17k.com/37764708", "userReview": "\u52a0\u6cb9\uff0c\u5c0f\u53ef\u7231\uff0c\u6211\u4e00\u76f4\u5728\uff0c\u575a\u6301\u5199\u4e0b\u53bb\uff0c"}, {"userName": "\u661f\u7a7a\u591c\u68a6\u58f9", "userReviewDate": "2018-03-17", "userURL": "http://user.17k.com/58116533", "userReview": "\u55ef(\u2299_\u2299)\uff0c\u770b\u4e86\u51e0\u7ae0\uff0c\u597d\u4e0d\u9519\u561b\uff0c\u52a0\u6cb9\u54e6"}, {"userName": "\u661f\u7a7a\u591c\u68a6\u58f9", "userReviewDate": "2018-03-17", "userURL": "http://user.17k.com/58116533", "userReview": "\u65f6\u95f4\u8fc7\u5f97\u771f\u5feb\u554a\uff01\u8f6c\u773c\u4e4b\u95f4\u53c8\u5230\u5468\u672b\u4e86\uff0c\u795d\u4f60\u5468\u672b\u6109\u5feb\uff0c\u7801\u5b57\u6512\u7a3f\u5feb\u4e50\uff01\u54c8\u54c8\uff01\u661f\u7a7a\u5148\u51fa\u53bb\u6d6a\u4f1a\u513f\uff0c\u7801\u5b57\u592a\u7279\u4e48\u7d2f\u4e86\uff0c\u91ca\u653e\u4e00\u4e0b\u5fc3\u60c5\uff0c\u6d3b\u52a8\u6d3b\u52a8\u7b4b\u9aa8\uff0c\u665a\u4e0a\u7ee7\u7eed\u594b\u6597\u518d\u8bb2<a target='_blank' href='http://www.17k.com/book/2705953.html'>\u300a\u9b3c\u8ff9\u5bfb\u8e2a\u300b</a>\u7684\u6545\u4e8b\u3002\u52a0\u6cb9\u2196(^\u03c9^)\u2197\uff0c\u4e00\u8d77\u52aa\u529b\u5427\uff0c\u661f\u7a7a\u6709\u7a7a\u4f1a\u5e38\u6765\u7684\u3002"}, {"userName": "\u65af\u6587\u732b\u965b\u4e0b", "userReviewDate": "2018-03-16", "userURL": "http://user.17k.com/37764708", "userReview": "\u52a0\u6cb9\uff0c\u5348\u5b89\uff0c"}, {"userName": "\u65af\u6587\u732b\u965b\u4e0b", "userReviewDate": "2018-03-15", "userURL": "http://user.17k.com/37764708", "userReview": "\u5348\u5b89\uff0c\u6211\u4f1a\u4e00\u76f4\u652f\u6301\u4e0b\u53bb\u7684\uff0c"}, {"userName": "\u65af\u6587\u732b\u965b\u4e0b", "userReviewDate": "2018-03-14", "userURL": "http://user.17k.com/37764708", "userReview": "\u5348\u5b89\uff0c\u52a0\u6cb9\u52a0\u6cb9\uff0c"}, {"userName": "\u65af\u6587\u732b\u965b\u4e0b", "userReviewDate": "2018-03-13", "userURL": "http://user.17k.com/37764708", "userReview": "\u52a0\u6cb9\uff0c\u652f\u6301\u4e0b\uff0c"}, {"userName": "\u8fd8\u5728\u5929\u9999\u68a6\u91cc", "userReviewDate": "2018-03-11", "userURL": "http://user.17k.com/54805747", "userReview": "\u76d7\u7248\u54ea\u90fd\u6709\uff0c\u8fd9\u662f\u6ca1\u529e\u6cd5\u7684\u3002\u3002\u81f3\u4e8e\u4e66\u7684\u95ee\u9898\uff0c\u5929\u65f6\u5730\u5229\u4eba\u548c\uff0c\u90fd\u5f88\u91cd\u8981\u5462\u3002\u3002\u4f46\u662f\u6700\u5173\u952e\u7684\uff0c\u8fd8\u662f\u81ea\u5df1\u7684\u52aa\u529b\u7a0b\u5ea6\uff0c\u548c\u4e66\u7684\u8d28\u91cf\u3002\u3002\u3002\u4e0d\u662f\u6709\u53e5\u8bdd\u561b\uff0c\u4ed8\u51fa\u4e0d\u4e00\u5b9a\u6709\u56de\u62a5\uff0c\u4f46\u662f\u4e0d\u4ed8\u51fa\uff0c\u4e00\u5b9a\u6ca1\u6709\u56de\u62a5\u3002\u3002\u3002\u6240\u4ee5\uff0c\u52aa\u529b\uff0c\u575a\u6301\uff0c\u63d0\u5347\u81ea\u5df1\uff0c\uff0c\uff0c\u505a\u4e00\u6746\u80fd\u591f\u4eae\u51fa\u950b\u8292\u7684\u67aa\u3002\u3002\u3002"}, {"userName": "\u5c0f\u841d\u8389\u63a7\u8bf6", "userReviewDate": "2018-03-07", "userURL": "http://user.17k.com/43872315", "userReview": "\u65e5\u5e38\u4e00\u7b7e\uff0c\u732b\u732b\u52a0\u6cb9"}, {"userName": "\u5c0f\u841d\u8389\u63a7\u8bf6", "userReviewDate": "2018-03-06", "userURL": "http://user.17k.com/43872315", "userReview": "\u652f\u6301\uff0c\u665a\u5b89"}], "description": "\u300a\u5973\u516c\u5173\u7684\u5947\u95fb\u602a\u5f55\u300b\u7ed3\u5408\u4e2d\u56fd\u53e4\u8001\u7684\u795e\u8bdd\u548c\u9b3c\u602a\u3001\u7075\u5f02\u4e8b\u4ef6\u3001\u4f26\u7406\u7684\u6545\u4e8b\uff0c\u5973\u4e3b\u89d2\u662f\u4e00\u4e2a\u81ea\u79c1\u81ea\u5229\u3001\u7231\u8d22\u3001\u6ca1\u539f\u5219\u3001\u65e0\u5e95\u7ebf\u7684\u4eba\uff0c\u53ef\u4ee5\u4e3a\u4e86\u94b1\u800c\u53bb\u505a\u591c\u5e97\u7684\u5973\u516c\u5173\u3002\u5979\u8eab\u4e0a\u53ef\u4ee5\u8bf4\u51e0\u4e4e\u6beb\u65e0\u4f18\u70b9\uff0c\u7136\u800c\uff0c\u5927\u5b66\u6559\u6388\u4e3a\u4e86\u5979\u629b\u59bb\u5f03\u5b50\uff0c\u63a5\u8fd1\u5b8c\u7f8e\u7684\u9ad8\u5bcc\u5e05\u5374\u75af\u72c2\u7684\u7231\u4e0a\u5979\uff0c\u51e0\u4e4e\u4efb\u4f55\u7537\u4eba\u90fd\u5728\u4e3a\u5979\u75af\u72c2\uff0c\u5e78\u8fd0\u7737\u604b\u5979\u7684\u540c\u65f6\u4f34\u968f\u800c\u6765\u7684\u662f\u5404\u79cd\u5404\u6837\u6050\u6016\u7684\u7075\u5f02\u4e8b\u60c5\u5230\u6765\u2026\u2026\u3000\u3000\u6b22\u8fce\u5927\u5bb6\u52a0\u4f5c\u8005\u516c\u4f17\u53f7\uff1a\u7231\u505a\u5669\u68a6\u7684\u732b\uff08\u516c\u4f17\u53f7\u5e95\u4e0b\u6807\u6ce8\u5fae\u4fe1\u53f7gh-5d6dcc2bb8b5\uff09\uff0c\u3000\u3000\u6b22\u8fce\u4e0e\u4f5c\u8005\u4e92\u52a8\uff0c\u840c\u840c\u54d2\u3002", "title": "\u5973\u516c\u5173\u7684\u5947\u95fb\u602a\u5f55", "url": "http://www.17k.com/book/2754286.html", "average": -1.0, "cover": "http://img.17k.com/images/bookcover/2018/13771/68/2754286-1518711035000.jpg", "reviews": 21653, "authors": [{"url": "http://www.17k.com/zuozhe/59264987", "name": "\u7231\u505a\u5669\u68a6\u7684\u732b"}], "type": ["\u63a2\u9669\u63ed\u79d8"], "outlinks": ["http://www.17k.com/book/2794982.html", "http://www.17k.com/book/2801292.html", "http://www.17k.com/book/2816318.html", "http://www.17k.com/book/2797575.html", "http://www.17k.com/book/2802516.html", "http://www.17k.com/book/2812195.html", "http://www.17k.com/book/2820143.html", "http://www.17k.com/book/2807943.html", "http://www.17k.com/book/2813457.html", "http://www.17k.com/book/2798058.html", "http://www.17k.com/book/2815617.html", "http://www.17k.com/book/2805259.html", "http://www.17k.com/book/2760255.html", "http://www.17k.com/book/2686894.html", "http://www.17k.com/book/2797016.html", "http://www.17k.com/book/2767246.html", "http://www.17k.com/book/2764239.html", "http://www.17k.com/book/2754498.html", "http://www.17k.com/book/2754900.html", "http://www.17k.com/book/2625740.html", "http://www.17k.com/book/2213315.html", "http://www.17k.com/book/2402178.html", "http://www.17k.com/book/2691221.html", "http://www.17k.com/book/2210699.html", "http://www.17k.com/book/1797752.html", "http://www.17k.com/book/2575507.html", "http://www.17k.com/book/2705181.html", "http://www.17k.com/book/2702539.html", "http://www.17k.com/book/2474887.html", "http://www.17k.com/book/2674733.html", "http://www.17k.com/book/2822076.html", "http://www.17k.com/book/2809894.html", "http://www.17k.com/book/2822077.html", "http://www.17k.com/book/2811930.html", "http://www.17k.com/book/2815548.html", "http://www.17k.com/book/2819620.html", "http://www.17k.com/book/2809964.html", "http://www.17k.com/book/2808200.html", "http://www.17k.com/book/2820100.html", "http://www.17k.com/book/2822978.html", "http://www.17k.com/book/2804337.html", "http://www.17k.com/book/2798814.html", "http://www.17k.com/book/2785153.html", "http://www.17k.com/book/2731559.html", "http://www.17k.com/book/2722533.html", "http://www.17k.com/book/2458377.html", "http://www.17k.com/book/2743300.html", "http://www.17k.com/book/973809.html", "http://www.17k.com/book/2651367.html", "http://www.17k.com/book/2726194.html", "http://www.17k.com/book/2790214.html", "http://www.17k.com/book/493239.html", "http://www.17k.com/book/108821.html", "http://www.17k.com/book/1398783.html", "http://www.17k.com/book/83528.html", "http://www.17k.com/book/1859126.html", "http://www.17k.com/book/1741975.html", "http://www.17k.com/book/192453.html", "http://www.17k.com/book/2459058.html", "http://www.17k.com/book/1050747.html", "http://www.17k.com/book/2700315.html", "http://www.17k.com/book/2818940.html", "http://www.17k.com/book/2819519.html", "http://www.17k.com/book/2816390.html", "http://www.17k.com/book/2819588.html", "http://www.17k.com/book/2813768.html", "http://www.17k.com/book/2822406.html", "http://www.17k.com/book/2772164.html", "http://www.17k.com/book/2784023.html", "http://www.17k.com/book/2811877.html", "http://www.17k.com/book/2809119.html", "http://www.17k.com/book/2803700.html", "http://www.17k.com/book/2819561.html", "http://www.17k.com/book/2746506.html", "http://www.17k.com/book/2811836.html", "http://www.17k.com/book/2614810.html", "http://www.17k.com/book/1592435.html", "http://www.17k.com/book/1949748.html", "http://www.17k.com/book/2265802.html", "http://www.17k.com/book/2743240.html", "http://www.17k.com/book/2657437.html", "http://www.17k.com/book/2644502.html", "http://www.17k.com/book/2199900.html", "http://www.17k.com/book/2725436.html", "http://www.17k.com/book/2629978.html"]}