{"ratings": -1, "userreviews": [{"userName": "\u695a\u7434\u5b50", "userReviewDate": "2017-08-27", "userURL": "http://user.17k.com/44072227", "userReview": "\u540c\u8bfb\u4e00\u672c\u4e66\u662f\u4e00\u79cd\u7f18\u5206\uff0c\u672c\u4e66\u7fa4\uff1a365590974\u3002\u6b22\u8fce\u5404\u4f4d\u670b\u53cb\u8fdb\u6765\uff01"}, {"userName": "\u695a\u7434\u5b50", "userReviewDate": "2017-08-13", "userURL": "http://user.17k.com/44072227", "userReview": "\u5e7f\u544a\u680f\u5728\u6b64\uff0c\u5728\u5916\u9762\u6253\u5e7f\u544a\u7684\u4e00\u5f8b\u5220\uff01"}, {"userName": "\u76d2\u5b50\u5927\u738b", "userReviewDate": "2017-06-28", "userURL": "http://user.17k.com/41650646", "userReview": "<span style='color:red'>\u68d2\u68d2\u54d2\uff01\u597d\u597d\u7801\u5b57\uff0c\u7ee7\u7eed\u52a0\u6cb9~ &#55357;&#56495;</span>"}, {"userName": "\u5e73\u51e1\u7684\u9b54\u672f\u5e08", "userReviewDate": "2017-05-22", "userURL": "http://user.17k.com/13612658", "userReview": "\u795d\u65b0\u4e66\u5927\u706b\uff0c\u4e00\u672c\u5c01\u795e\u3002"}, {"userName": "\u9a84\u50b2\u7684\u72d7\u5c3e\u5df4\u8349", "userReviewDate": "2018-06-08", "userURL": "http://user.17k.com/62161917", "userReview": "\u5927\u795e\u5a01\u6b66\uff01<a target='_blank' href='http://www.17k.com/book/2799633.html'>\u300a\u4fe1\u4ef0\u4e4b\u52c7\u95ef\u5929\u6daf\u300b</a>\u524d\u6765\u819c\u62dc"}, {"userName": "\u963f\u5b89042303138", "userReviewDate": "2018-06-08", "userURL": "http://user.17k.com/60172395", "userReview": "[\u6253\u8d4f]\u6211\u6253\u8d4f\u4e862\u5143\u7ea2\u5305\uff01\uff01"}, {"userName": "17K\u4e66\u53cb98nk9zsd", "userReviewDate": "2018-06-07", "userURL": "http://user.17k.com/62603988", "userReview": "\u5565\u65f6\u5019\u652f\u6301\u542c\u4e66\u529f\u80fd\u554a\uff1f"}, {"userName": "trj666034072", "userReviewDate": "2018-06-07", "userURL": "http://user.17k.com/59508458", "userReview": "\u5feb\u5feb\u5feb\u5feb\u5feb\u5feb"}, {"userName": "\u533f\u540d14022700193198", "userReviewDate": "2018-06-07", "userURL": "http://user.17k.com/33487373", "userReview": "\u66f4\u65b0\u592a\u5feb\u4e86 \u7edd\u5bf9\u6253\u8d4f"}, {"userName": "\u533f\u540d14022700193198", "userReviewDate": "2018-06-07", "userURL": "http://user.17k.com/33487373", "userReview": "\u66f4\u65b0\u592a\u5feb\u4e86 \u7edd\u5bf9\u6253\u8d4f"}, {"userName": "\u533f\u540d14022700193198", "userReviewDate": "2018-06-07", "userURL": "http://user.17k.com/33487373", "userReview": "\u4e0d\u8ba9\u6211\u8bf4\u8bdd\u7559\u8a00\u4e48"}, {"userName": "\u5b89\u742a324816334", "userReviewDate": "2018-06-07", "userURL": "http://user.17k.com/59264092", "userReview": "6666777"}, {"userName": "\u9189\u5367\u5927\u5510", "userReviewDate": "2018-06-06", "userURL": "http://user.17k.com/15907592", "userReview": "[\u6253\u8d4f]\u6211\u6253\u8d4f\u4e8610000\u5143\u7ea2\u5305\uff01\uff01"}, {"userName": "\u70df\u96e8\u5982\u68a6486639894", "userReviewDate": "2018-06-06", "userURL": "http://user.17k.com/60956765", "userReview": "[\u6253\u8d4f]\u6211\u6253\u8d4f\u4e862\u5143\u7ea2\u5305\uff01\uff01"}, {"userName": "17K\u4e66\u53cb7xkkfi3h", "userReviewDate": "2018-06-04", "userURL": "http://user.17k.com/61748411", "userReview": "[\u6253\u8d4f]\u6211\u6253\u8d4f\u4e8610000\u5143\u7ea2\u5305\uff01\uff01"}, {"userName": "17k\u4e66\u53cb9du914k18", "userReviewDate": "2018-06-04", "userURL": "http://user.17k.com/62508976", "userReview": "[\u6253\u8d4f]\u6211\u6253\u8d4f\u4e861\u4e2a'\u5c0f\u5fc3\u5fc3'\uff01\uff01"}, {"userName": "\u9633\u5149maizi", "userReviewDate": "2018-06-04", "userURL": "http://user.17k.com/44123793", "userReview": "[\u6253\u8d4f]\u6211\u6253\u8d4f\u4e862500\u5143\u7ea2\u5305\uff01\uff01"}, {"userName": "\u9633\u5149maizi", "userReviewDate": "2018-06-04", "userURL": "http://user.17k.com/44123793", "userReview": "[\u6253\u8d4f]\u6211\u6253\u8d4f\u4e86500\u5143\u7ea2\u5305\uff01\uff01"}, {"userName": "17K\u4e66\u53cbxlphdu6v", "userReviewDate": "2018-06-04", "userURL": "http://user.17k.com/62362035", "userReview": "[\u6253\u8d4f]\u6211\u6253\u8d4f\u4e861\u4e2a'\u5c0f\u5fc3\u5fc3'\uff01\uff01"}, {"userName": "\u9633\u5149maizi", "userReviewDate": "2018-06-04", "userURL": "http://user.17k.com/44123793", "userReview": "[\u6253\u8d4f]\u6211\u6253\u8d4f\u4e863000\u5143\u7ea2\u5305\uff01\uff01"}], "description": "\u7b80\u4ecb\uff1a\u795e\u5dde\u9876\u5c16\u7279\u79cd\u7ec4\u7ec7\u6218\u795e\u7684\u8001\u5927\u2014\u2014\u695a\u6c5f\u56de\u5f52\u90fd\u5e02\uff0c\u4e3a\u4e86\u4e00\u4e2a\u5a5a\u7ea6\uff0c\u4ed6\u8fdb\u5165\u4e86\u503e\u57ce\u96c6\u56e2\uff0c\u4ece\u6b64\u5f00\u59cb\u4e86\u4ed6\u4e07\u82b1\u4e1b\u4e2d\u8fc7\u7684\u7cbe\u5f69\u4eba\u751f\uff0c\u6253\u8138\u3001\u88c5\u903c\u3001\u66a7\u6627\u5c42\u51fa\u4e0d\u7a77\u3002\u3000\u3000\u6700\u7ec8\uff0c\u695a\u6c5f\u7ad9\u5728\u4e16\u754c\u7684\u9876\u7aef\uff0c\u7b11\u770b\u5929\u4e0b\u98ce\u4e91\u3002qq\uff1a3058590018\u7fa4\uff1a365590974", "title": "\u5973\u603b\u88c1\u7684\u9006\u5929\u9ad8\u624b", "url": "http://www.17k.com/book/2505026.html", "average": -1.0, "cover": "http://img.17k.com/images/bookcover/2017/12525/62/2505026-1501483549000.jpg", "reviews": 7746619, "authors": [{"url": "http://www.17k.com/zuozhe/44072227", "name": "\u695a\u7434\u5b50"}], "type": ["\u90fd\u5e02\u751f\u6d3b"], "outlinks": ["http://www.17k.com/book/2794982.html", "http://www.17k.com/book/2801292.html", "http://www.17k.com/book/2816318.html", "http://www.17k.com/book/2797575.html", "http://www.17k.com/book/2802516.html", "http://www.17k.com/book/2812195.html", "http://www.17k.com/book/2820143.html", "http://www.17k.com/book/2807943.html", "http://www.17k.com/book/2813457.html", "http://www.17k.com/book/2798058.html", "http://www.17k.com/book/2815617.html", "http://www.17k.com/book/2805259.html", "http://www.17k.com/book/2760255.html", "http://www.17k.com/book/2686894.html", "http://www.17k.com/book/2797016.html", "http://www.17k.com/book/2767246.html", "http://www.17k.com/book/2764239.html", "http://www.17k.com/book/2754498.html", "http://www.17k.com/book/2754900.html", "http://www.17k.com/book/2625740.html", "http://www.17k.com/book/2213315.html", "http://www.17k.com/book/2402178.html", "http://www.17k.com/book/2691221.html", "http://www.17k.com/book/2210699.html", "http://www.17k.com/book/1797752.html", "http://www.17k.com/book/2575507.html", "http://www.17k.com/book/2705181.html", "http://www.17k.com/book/2702539.html", "http://www.17k.com/book/2474887.html", "http://www.17k.com/book/2674733.html", "http://www.17k.com/book/2822076.html", "http://www.17k.com/book/2809894.html", "http://www.17k.com/book/2822077.html", "http://www.17k.com/book/2811930.html", "http://www.17k.com/book/2815548.html", "http://www.17k.com/book/2819620.html", "http://www.17k.com/book/2809964.html", "http://www.17k.com/book/2808200.html", "http://www.17k.com/book/2820100.html", "http://www.17k.com/book/2822978.html", "http://www.17k.com/book/2804337.html", "http://www.17k.com/book/2798814.html", "http://www.17k.com/book/2785153.html", "http://www.17k.com/book/2731559.html", "http://www.17k.com/book/2722533.html", "http://www.17k.com/book/2458377.html", "http://www.17k.com/book/2743300.html", "http://www.17k.com/book/973809.html", "http://www.17k.com/book/2651367.html", "http://www.17k.com/book/2726194.html", "http://www.17k.com/book/2790214.html", "http://www.17k.com/book/493239.html", "http://www.17k.com/book/108821.html", "http://www.17k.com/book/1398783.html", "http://www.17k.com/book/83528.html", "http://www.17k.com/book/1859126.html", "http://www.17k.com/book/1741975.html", "http://www.17k.com/book/192453.html", "http://www.17k.com/book/2459058.html", "http://www.17k.com/book/1050747.html", "http://www.17k.com/book/2700315.html", "http://www.17k.com/book/2818940.html", "http://www.17k.com/book/2819519.html", "http://www.17k.com/book/2816390.html", "http://www.17k.com/book/2819588.html", "http://www.17k.com/book/2813768.html", "http://www.17k.com/book/2822406.html", "http://www.17k.com/book/2772164.html", "http://www.17k.com/book/2784023.html", "http://www.17k.com/book/2811877.html", "http://www.17k.com/book/2809119.html", "http://www.17k.com/book/2803700.html", "http://www.17k.com/book/2819561.html", "http://www.17k.com/book/2746506.html", "http://www.17k.com/book/2811836.html", "http://www.17k.com/book/2614810.html", "http://www.17k.com/book/1592435.html", "http://www.17k.com/book/1949748.html", "http://www.17k.com/book/2265802.html", "http://www.17k.com/book/2743240.html", "http://www.17k.com/book/2657437.html", "http://www.17k.com/book/2644502.html", "http://www.17k.com/book/2199900.html", "http://www.17k.com/book/2725436.html", "http://www.17k.com/book/2629978.html"]}