{"ratings": -1, "userreviews": [{"userName": "\u5bc2\u5bde\u7684\u821e\u8005", "userReviewDate": "2017-12-01", "userURL": "http://user.17k.com/4629352", "userReview": "\u5c0f\u4f19\u4f34\u4eec\uff0c\u8fd9\u51e0\u5929\u9664\u4e86\u6b63\u6587\u5916\uff0c\u5c0f\u821e\u8fd8\u4f1a\u66f4\u65b0\u756a\u5916\u3010\u90a3\u4f3d\u7bc7\u3011\uff0c\u5927\u5bb6\u5bf9\u4e8e\u756a\u5916\uff0c\u6709\u4ec0\u4e48\u60f3\u8bf4\u7684\uff0c\u5c3d\u7ba1\u8fdb\u6765\u7559\u8a00\u6216\u8005\u8ba8\u8bba~\u53e6\u5916\uff0c\u6709\u798f\u5229\u54e6~\u6211\u4f1a\u9009\u4e0d\u9519\u7684\u7559\u8a00\u52a0\u7cbe\uff0c\u7b49\u8fd9\u4e2a\u6d3b\u52a8\u540e\uff0c\u9001\u4f60\u4eec\u5468\u8fb9\u793c\u7269\uff0c\u6bd4\u5982\u952e\u76d8\u554a\uff0c\u9f20\u6807\u554a\u3001\u770b\u4e66\u7684\u4ee3\u91d1\u5238\u554a\u4e4b\u7c7b\uff0c\u5e0c\u671b\u5927\u5bb6\u591a\u591a\u7559\u8a00~~~"}, {"userName": "\u5b66\u957f\uffe5\u660e\u5929", "userReviewDate": "2018-06-08", "userURL": "http://user.17k.com/60524204", "userReview": "\u2718\u2718\u2718\u2718\u2718\u2718"}, {"userName": "\u77f3368519466", "userReviewDate": "2018-06-08", "userURL": "http://user.17k.com/54201522", "userReview": "\u6211\u60f3\u8bf4 \u8001\u7b97\u547d\u7684\u4ec0\u4e48\u65f6\u5019\u51fa\u6765 \u5199\u7684\u90a3\u4e48\u5389\u5bb3\u4ece\u672a\u51fa\u73b0\u8fc7"}, {"userName": "17K\u4e66\u53cbEULO04ED", "userReviewDate": "2018-06-08", "userURL": "http://user.17k.com/62594200", "userReview": "12345"}, {"userName": "\u7f18\u6765\u662f\u4f60497595882", "userReviewDate": "2018-06-08", "userURL": "http://user.17k.com/54462414", "userReview": "\u8fd8\u5dee\u4e24\u7ae0\u5417\uff1f\u4e0d\u5bf9\u54e6"}, {"userName": "17K\u4e66\u53cbb0fsyxsm", "userReviewDate": "2018-06-08", "userURL": "http://user.17k.com/58640876", "userReview": "\u3002\u3002\u3002\u3002\u3002"}, {"userName": "17K\u4e66\u53cbb0fsyxsm", "userReviewDate": "2018-06-08", "userURL": "http://user.17k.com/58640876", "userReview": "\u3002\u3002\u3002\u3002\u3002"}, {"userName": "\u4f60\u7792\u6211\u7792=_=348629988", "userReviewDate": "2018-06-08", "userURL": "http://user.17k.com/60412459", "userReview": "\u5927\u59d0\u592b\u5c31\u53ea\u662f"}, {"userName": "\u4f60\u7792\u6211\u7792=_=348629988", "userReviewDate": "2018-06-08", "userURL": "http://user.17k.com/60412459", "userReview": "\u5927\u59d0\u592b\u5c31\u53ea\u662f"}, {"userName": "\u4f60\u7792\u6211\u7792=_=348629988", "userReviewDate": "2018-06-08", "userURL": "http://user.17k.com/60412459", "userReview": "\u5927\u59d0\u592b\u5c31\u53ea\u662f"}, {"userName": "\u4f60\u7792\u6211\u7792=_=348629988", "userReviewDate": "2018-06-08", "userURL": "http://user.17k.com/60412459", "userReview": "\u5927\u59d0\u592b\u5c31\u53ea\u662f"}, {"userName": "17K\u4e66\u53cbv7bze0ia", "userReviewDate": "2018-06-08", "userURL": "http://user.17k.com/61501679", "userReview": "12\u70b9\uff0c\u5dee\u4e0d\u591a30\u5206|"}, {"userName": "\u738b\u52c7222935915", "userReviewDate": "2018-06-08", "userURL": "http://user.17k.com/59952748", "userReview": "12\u70b9\u96f67\u5206"}, {"userName": "17K\u4e66\u53cbq82faelf", "userReviewDate": "2018-06-08", "userURL": "http://user.17k.com/55531138", "userReview": "\uff01\uff01\uff01\uff01\uff01"}, {"userName": "\u8bf7\u5012\u6570\u4e09\u79d2", "userReviewDate": "2018-06-08", "userURL": "http://user.17k.com/45830974", "userReview": "\u3002\uff0c\u3002\uff0c\u3002"}, {"userName": "xuelan", "userReviewDate": "2018-06-08", "userURL": "http://user.17k.com/54812343", "userReview": "\u54e6\u54e6\u54e6\u54e6\u54e6\u54e6\u54e6\u54e6"}, {"userName": "\u7957\u662f\u6709\u70b9\u5c0f\u66a7\u6627", "userReviewDate": "2018-06-08", "userURL": "http://user.17k.com/47886461", "userReview": "\uff01\uff01\uff01\uff01\uff01\uff01\uff01\uff01"}, {"userName": "\u667a\u89c9cb", "userReviewDate": "2018-06-08", "userURL": "http://user.17k.com/56700047", "userReview": "\u79e6\u5170\u679c\u7136\u6709\u95ee\u9898"}, {"userName": "\u7b11\u50b2\u6c5f\u6e56108152292", "userReviewDate": "2018-06-08", "userURL": "http://user.17k.com/61477804", "userReview": "\u66f4\u65b0\u901f\u5ea6\u5feb\u70b9\u3002"}, {"userName": "\u8857\u89d2\u3001\u6162\u55e8757368651", "userReviewDate": "2018-06-08", "userURL": "http://user.17k.com/57456785", "userReview": "\u3002\u3002\u3002\u3002\u3002\u3002"}], "description": "\u4e3a\u4e86\u7537\u4eba\u7684\u627f\u8bfa\uff0c\u8427\u6668\u5f3a\u52bf\u56de\u5f52\uff0c\u5316\u8eab\u7f8e\u5973\u603b\u88c1\u7684\u8d34\u8eab\u4fdd\u9556\uff0c\u6a2a\u626b\u516b\u65b9\u4e4b\u654c\uff0c\u8c31\u5199\u738b\u8005\u4f20\u5947\uff01\u3000\u3000\u4ed6\u2014\u2014\u3000\u3000\u767b\u5dc5\u5cf0\uff0c\u638c\u751f\u6b7b\uff0c\u7eb5\u6a2a\u4e16\u754c\uff0c\u9192\u638c\u5929\u4e0b\u6743\uff1b\u3000\u3000\u6ce1\u7f8e\u5973\uff0c\u6269\u540e\u5bab\uff0c\u73a9\u7f8e\u65e0\u6570\uff0c\u9189\u5367\u7f8e\u4eba\u819d\uff01\u3000\u3000\u2014\u2014\u2014\u2014\u2014\u2014\u3000\u3000\u5c0f\u821e\u7684\u5fae\u4fe1\u516c\u4f17\u53f7\uff1a\u5bc2mo\u7684\u821e\u8005\uff0c\u53ef\u4ee5\u53bb\u5173\u6ce8\u54e6\uff01\u3000\u3000\u5c0f\u821e\u7684QQ\uff1a1589045849\uff0c\u53ef\u4ee5\u53bb\u52a0\u597d\u53cb\uff01\u3000\u3000\u552f\u821e\u72ec\u5c0a\u2460\u7fa4\uff1a545765633\uff01", "title": "\u5973\u603b\u88c1\u7684\u5168\u80fd\u5175\u738b", "url": "http://www.17k.com/book/1741975.html", "average": -1.0, "cover": "http://img.17k.com/images/bookcover/2016/8709/43/1741975-1459482737000.jpg", "reviews": 219544935, "authors": [{"url": "http://www.17k.com/zuozhe/4629352", "name": "\u5bc2\u5bde\u7684\u821e\u8005"}], "type": ["\u90fd\u5e02\u6fc0\u6218"], "outlinks": ["http://www.17k.com/book/2794982.html", "http://www.17k.com/book/2801292.html", "http://www.17k.com/book/2816318.html", "http://www.17k.com/book/2797575.html", "http://www.17k.com/book/2802516.html", "http://www.17k.com/book/2812195.html", "http://www.17k.com/book/2820143.html", "http://www.17k.com/book/2807943.html", "http://www.17k.com/book/2813457.html", "http://www.17k.com/book/2798058.html", "http://www.17k.com/book/2815617.html", "http://www.17k.com/book/2805259.html", "http://www.17k.com/book/2760255.html", "http://www.17k.com/book/2686894.html", "http://www.17k.com/book/2797016.html", "http://www.17k.com/book/2767246.html", "http://www.17k.com/book/2764239.html", "http://www.17k.com/book/2754498.html", "http://www.17k.com/book/2754900.html", "http://www.17k.com/book/2625740.html", "http://www.17k.com/book/2213315.html", "http://www.17k.com/book/2402178.html", "http://www.17k.com/book/2691221.html", "http://www.17k.com/book/2210699.html", "http://www.17k.com/book/1797752.html", "http://www.17k.com/book/2575507.html", "http://www.17k.com/book/2705181.html", "http://www.17k.com/book/2702539.html", "http://www.17k.com/book/2474887.html", "http://www.17k.com/book/2674733.html", "http://www.17k.com/book/2822076.html", "http://www.17k.com/book/2809894.html", "http://www.17k.com/book/2822077.html", "http://www.17k.com/book/2811930.html", "http://www.17k.com/book/2815548.html", "http://www.17k.com/book/2819620.html", "http://www.17k.com/book/2809964.html", "http://www.17k.com/book/2808200.html", "http://www.17k.com/book/2820100.html", "http://www.17k.com/book/2822978.html", "http://www.17k.com/book/2804337.html", "http://www.17k.com/book/2798814.html", "http://www.17k.com/book/2785153.html", "http://www.17k.com/book/2731559.html", "http://www.17k.com/book/2722533.html", "http://www.17k.com/book/2458377.html", "http://www.17k.com/book/2743300.html", "http://www.17k.com/book/973809.html", "http://www.17k.com/book/2651367.html", "http://www.17k.com/book/2726194.html", "http://www.17k.com/book/2790214.html", "http://www.17k.com/book/493239.html", "http://www.17k.com/book/108821.html", "http://www.17k.com/book/1398783.html", "http://www.17k.com/book/83528.html", "http://www.17k.com/book/1859126.html", "http://www.17k.com/book/1741975.html", "http://www.17k.com/book/192453.html", "http://www.17k.com/book/2459058.html", "http://www.17k.com/book/1050747.html", "http://www.17k.com/book/2700315.html", "http://www.17k.com/book/2818940.html", "http://www.17k.com/book/2819519.html", "http://www.17k.com/book/2816390.html", "http://www.17k.com/book/2819588.html", "http://www.17k.com/book/2813768.html", "http://www.17k.com/book/2822406.html", "http://www.17k.com/book/2772164.html", "http://www.17k.com/book/2784023.html", "http://www.17k.com/book/2811877.html", "http://www.17k.com/book/2809119.html", "http://www.17k.com/book/2803700.html", "http://www.17k.com/book/2819561.html", "http://www.17k.com/book/2746506.html", "http://www.17k.com/book/2811836.html", "http://www.17k.com/book/2614810.html", "http://www.17k.com/book/1592435.html", "http://www.17k.com/book/1949748.html", "http://www.17k.com/book/2265802.html", "http://www.17k.com/book/2743240.html", "http://www.17k.com/book/2657437.html", "http://www.17k.com/book/2644502.html", "http://www.17k.com/book/2199900.html", "http://www.17k.com/book/2725436.html", "http://www.17k.com/book/2629978.html"]}