{"ratings": -1, "userreviews": [{"userName": "wyy\u6708\u68a8", "userReviewDate": "2018-04-15", "userURL": "http://user.17k.com/59211432", "userReview": "<a target='_blank' href='http://www.17k.com/book/2751957.html'>\u300a\u96be\u9a6d\u5a07\u59bb\u300b</a>\u6765\u8bbf\uff0c\u5f88\u4e0d\u9519\u54e6\uff01\u7d20\u7136\u5927\u5927\u52a0\u6cb9\uff01"}, {"userName": "\u9648\u51cc\u516c\u5b50", "userReviewDate": "2018-04-15", "userURL": "http://user.17k.com/3546344", "userReview": "\u643a<a target='_blank' href='http://www.17k.com/book/2073394.html'>\u300a\u7edd\u8272\u62a4\u536b\u7978\u6c34\u5983\u300b</a>\u6765\u62dc\u8bfb\u5927\u5927\u7684\u795e\u4f5c\u2026"}, {"userName": "\u90dd\u5b50\u5148\u77e5", "userReviewDate": "2018-04-03", "userURL": "http://user.17k.com/50523340", "userReview": "\u86ee\u6709\u610f\u601d\u7684"}, {"userName": "\u5c0f\u5c0f\u83f2\u5b50\u9171", "userReviewDate": "2018-03-30", "userURL": "http://user.17k.com/58737392", "userReview": "\u5927\u5927\u5199\u5f97\u4e0d\u9519\uff0c\u80fd\u575a\u6301\u8fd9\u4e48\u4e45\u771f\u7684\u5f88\u4e0d\u5bb9\u6613\uff0c\u4f46\u575a\u6301\u5c31\u662f\u80dc\u5229\uff0c\u5e0c\u671b\u5927\u5927\u65e9\u65e5\u6210\u795e"}, {"userName": "King-\u68a6", "userReviewDate": "2018-03-24", "userURL": "http://user.17k.com/44117980", "userReview": "\u6536\u4e2a\u85cf\uff0c\u7b49\u5de5\u4f5c\u7a33\u5b9a\u5c31\u8ffd"}, {"userName": "\u7476\u7434\u5f26\u65ad", "userReviewDate": "2018-03-02", "userURL": "http://user.17k.com/59045489", "userReview": "<a target='_blank' href='http://www.17k.com/book/2745135.html'>\u300a\u964c\u4e0a\u4eba\u5982\u7389\u8427\u8427\u4f55\u6240\u5f52\u300b</a>\u9001\u82b1\u6765\u8bbf"}, {"userName": "\u88f4\u5143\u5bb8", "userReviewDate": "2018-02-20", "userURL": "http://user.17k.com/59945580", "userReview": "\u88f4\u5143\u5bb8\u643a<a target='_blank' href='http://www.17k.com/book/2780566.html'>\u300a\u6ca7\u92ae\u97f6\u4e34\u8d4b\u300b</a>\u7ed9\u4f5c\u8005\u62dc\u5e74\u5566\u4f5c\u54c1\u5f88\u68d2\uff0c\u671b\u56de\u8bbf\u3002"}, {"userName": "\u9ec4\u74dc\u7684\u5bbf\u547d", "userReviewDate": "2018-02-12", "userURL": "http://user.17k.com/53195742", "userReview": "<a target='_blank' href='http://www.17k.com/book/2377865.html'>\u300a\u81f3\u9738\u82cd\u751f\u8bc0\u300b</a>\u6765\u8bbf\uff0c\u6c42\u652f\u6301\u6c42\u6269\u6563\uff0c\u87f9\u87f9\u3002"}, {"userName": "\u5b89\u4e66\u7720", "userReviewDate": "2018-01-30", "userURL": "http://user.17k.com/59550168", "userReview": "\u4e66\u7720\u5b9d\u5b9d\u7684<a target='_blank' href='http://www.17k.com/book/2762853.html'>\u300a\u9006\u89e3\u76f8\u601d\u6263\u300b</a>~\u671b\u652f\u6301"}, {"userName": "kool\u6377", "userReviewDate": "2018-01-22", "userURL": "http://user.17k.com/56730892", "userReview": "\u63a8\u8350\u4e00\u672c\u975e\u5e38\u597d\u770b\u7684\u4e66<a target='_blank' href='http://www.17k.com/book/2551937.html'>\u300a\u8d85\u65b0\u4eba\u300b</a>\uff0c\u60ca\u9669\u523a\u6fc0\u6696\u6627\u4e0d\u65ad\uff0c\u5929\u5929\u66f4\u65b0\uff0c\u591a\u591a\u652f\u6301\uff0c\u6765\u4e2a\u53ce\u85cf\uff01\u70b9\u51fb\u4e66\u540d\u5c31\u53ef\u4ee5\u770b\u5230\u4e66\u4e86\u3002"}, {"userName": "Mi\u51c9\u5bb5", "userReviewDate": "2017-12-26", "userURL": "http://user.17k.com/49402059", "userReview": "\u665a\u597d\uff0c\u4e24\u767e\u4e07\u7684\u4f5c\u54c1\uff0c\u656c\u4f69"}, {"userName": "\u8d75\u5377\u5377", "userReviewDate": "2017-12-26", "userURL": "http://user.17k.com/58859113", "userReview": "<a target='_blank' href='http://www.17k.com/book/2739286.html'>\u300a104\u53f7\u5b9e\u9a8c\u300b</a>\u524d\u6765\u62dc\u8bbf\u5b66\u4e60 \u6253\u4e2a\u5e7f\u544a\uff5e\u5fa1\u59d0mina\u548c\u5c0f\u9c9c\u8089vic\u53d1\u73b0\u4e86\u5173\u4e8e\u7269\u79cd\u8fdb\u5316\u7684\u4ec0\u4e48\u79d8\u5bc6\uff1f\u6709\u7a7a\u6765\u770b\u5427"}, {"userName": "\u5996\u9b45\u4fd7\u4e16", "userReviewDate": "2017-12-18", "userURL": "http://user.17k.com/38263020", "userReview": "<a target='_blank' href='http://www.17k.com/book/2719794.html'>\u300a\u91cd\u751f\u4e4b\u906e\u5929\u5927\u5e1d\u300b</a>\u524d\u6765\u652f\u6301"}, {"userName": "\u6697\u591c\u6d41\u661f\u98de", "userReviewDate": "2017-12-14", "userURL": "http://user.17k.com/46865324", "userReview": "\u5927\u5927\u4e2d\u5e74\u5348\u597d\uff0c\u65b0\u4eba\u6765\u652f\u6301\uff0c\u9082\u9005\u5973\u795e\u540e\u4ed6\u2026\u2026\u2570(*&acute;\ufe36`*)\u256f"}, {"userName": "\u53f6\u8459\u82b8", "userReviewDate": "2017-12-06", "userURL": "http://user.17k.com/57517697", "userReview": "\u5927\u5927\u52a0\u6cb9\uff01\u643a<a target='_blank' href='http://www.17k.com/book/2663126.html'>\u300a\u4eba\u72d0\u4e4b\u7ea6\u300b</a>\u524d\u6765\u652f\u6301\uff01\u4eb2\u4eb2\u5feb\u6765\u770b\u54e6\uff01\u5c0f\u8bf4\u5730\u5740http://h5.17k.com/book/2663126.html"}, {"userName": "\u672a\u6765\u8001\u9f20", "userReviewDate": "2017-11-29", "userURL": "http://user.17k.com/46396493", "userReview": "\u5927\u5927\uff0c\u4f60\u95ee\u6211\u7231\u4f60\u6709\u591a\u6df1\uff0c\u5b57\u6570\u4ee3\u8868\u6211\u7684\u5fc3<a target='_blank' href='http://www.17k.com/book/2725309.html'>\u300a\u534a\u7c73\u9633\u5149\u84dd\u5c71\u5357\u300b</a>\u6765\u8bbf"}, {"userName": "\u674e\u65e0\u547d", "userReviewDate": "2017-11-27", "userURL": "http://user.17k.com/57024055", "userReview": "\u643a<a target='_blank' href='http://www.17k.com/book/2654528.html'>\u300a\u51a5\u5929\u697c\u300b</a>\u6765\u62dc\u8bfb\u5927\u5927\u7684\u795e\u4f5c\u2026"}, {"userName": "\u65e0\u803b\u65e0\u8d56\u65e0\u5fb7", "userReviewDate": "2017-11-19", "userURL": "http://user.17k.com/57711190", "userReview": "<a target='_blank' href='http://www.17k.com/book/2678011.html'>\u300a\u7075\u8776\u4e4b\u604b\u300b</a>\u6765\u8bbf\uff0c\u5927\u5927\u5feb\u66f4\u6587"}, {"userName": "\u98de\u96ea\u4e71\u6e05\u98ce", "userReviewDate": "2017-11-16", "userURL": "http://user.17k.com/45159154", "userReview": "<a target='_blank' href='http://www.17k.com/book/2677053.html'>\u300a\u9b54\u5984\u300b</a>\u6765\u8bbf\uff0c\u52a0\u6cb9"}, {"userName": "\u5c0f\u5c0f\u8a00\u6cea", "userReviewDate": "2017-11-15", "userURL": "http://user.17k.com/48159428", "userReview": "\u62dc\u8bbf\u6765\u5566\u3002"}], "description": "\u6211\u662f\u8c01\uff1f\u4e4b\u592d\uff1f\u7eaf\u9b44\u4e4b\u5fc3\u7684\u5bb9\u5668\uff1f\u8fd8\u662f......\u3000\u3000\u964d\u9b54\u795e\u5c06\u4e00\u8109\u5929\u751f\u7684\u4f7f\u547d\u5c31\u662f\u4fdd\u62a4\u6211......\u53ef\u662f\u90a3\u53c8\u600e\u4e48\u6837\uff01\u6211\u60f3\u8981\u7684\u53c8\u4e0d\u662f\u8fd9\u4e2a\uff01\u3000\u3000\u7384\u5341\u5929\uff0c\u964d\u9b54\u795e\u5c06\u4e00\u8109\uff0c\u7384\u5bb6\u7684\u4e8c\u5c11\u7237\uff0c\u6e29\u975e\u94b0\uff0c\u5996\u65cf\u4e4b\u738b\uff0c\u51a5\u90a2\uff0c\u9b3c\u65cf\u4e4b\u738b......\u6211\u65e0\u610f\u4e0e\u4ed6\u4eec\u7ea0\u7f20\uff0c\u5374\u53c8\u56e0\u7f18\u9645\u4f1a\uff0c\u7ea0\u7f20\u5728\u4e00\u8d77\u3002\u3000\u3000\u6211\u6c38\u8fdc\u5341\u56db\u5c81\uff0c\u516d\u5e74\u4e0d\u66fe\u957f\u5927\u4e00\u70b9\uff0c\u6211\u7684\u613f\u671b\u5c31\u662f\u5e0c\u671b\u80fd\u591f\u957f\u5927\uff0c\u80fd\u591f\u89e3\u5f00\u81ea\u5df1\u7684\u8eab\u4e16\u4e4b\u8c1c\u3002\u3000\u3000\u6211\u6ca1\u60f3\u8fc7\u505a\u7384\u5bb6\u7684\u4e8c\u592b\u4eba\uff0c\u6ca1\u60f3\u8fc7\u505a\u5996\u65cf\u7684\u5996\u540e\uff0c\u6ca1\u60f3\u8fc7\u505a\u9b3c\u65cf\u7684\u9b3c\u540e......\u53ef\u662f......\u3000\u3000\u7384\u5341\u5929\u5bf9\u6211\u8bf4\uff1a\u201c\u4e4b\u592d\uff0c\u6211\u7684\u4f7f\u547d\u5c31\u662f\u4fdd\u62a4\u4f60\uff01\u201d\u3000\u3000\u6e29\u975e\u94b0\u5bf9\u6211\u8bf4\uff1a\u201c\u4e4b\u592d\uff0c\u505a\u6211\u7684\u5996\u540e\uff0c\u6211\u7ed9\u4f60\u4f60\u60f3\u8981\u7684\u4e00\u5207\uff01\u201d\u3000\u3000\u51a5\u90a2\u5bf9\u6211\u8bf4\uff1a\u201c\u4e4b\u592d\uff0c\u6210\u4e3a\u6211\u7684\u9b3c\u540e\uff0c\u6574\u4e2a\u9b3c\u65cf\u7531\u4f60\u7edf\u9886\uff01\u201d\u3000\u3000\u6211......\u53ef\u4e0d\u53ef\u4ee5\u4e00\u4e2a\u4eba......", "title": "\u5983\u5e38\u96be\u6c42", "url": "http://www.17k.com/book/2482857.html", "average": -1.0, "cover": "http://img.17k.com/images/bookcover/2017/12414/62/2482857-1494295846000.jpg", "reviews": 78414, "authors": [{"url": "http://www.17k.com/zuozhe/54948993", "name": "\u9526\u9526\u7d20\u7136"}], "type": ["\u53e4\u4ee3\u91cd\u751f"], "outlinks": ["http://www.17k.com/book/2794982.html", "http://www.17k.com/book/2801292.html", "http://www.17k.com/book/2816318.html", "http://www.17k.com/book/2797575.html", "http://www.17k.com/book/2802516.html", "http://www.17k.com/book/2812195.html", "http://www.17k.com/book/2820143.html", "http://www.17k.com/book/2807943.html", "http://www.17k.com/book/2813457.html", "http://www.17k.com/book/2798058.html", "http://www.17k.com/book/2815617.html", "http://www.17k.com/book/2805259.html", "http://www.17k.com/book/2760255.html", "http://www.17k.com/book/2686894.html", "http://www.17k.com/book/2797016.html", "http://www.17k.com/book/2767246.html", "http://www.17k.com/book/2764239.html", "http://www.17k.com/book/2754498.html", "http://www.17k.com/book/2754900.html", "http://www.17k.com/book/2625740.html", "http://www.17k.com/book/2213315.html", "http://www.17k.com/book/2402178.html", "http://www.17k.com/book/2691221.html", "http://www.17k.com/book/2210699.html", "http://www.17k.com/book/1797752.html", "http://www.17k.com/book/2575507.html", "http://www.17k.com/book/2705181.html", "http://www.17k.com/book/2702539.html", "http://www.17k.com/book/2474887.html", "http://www.17k.com/book/2674733.html", "http://www.17k.com/book/2822076.html", "http://www.17k.com/book/2809894.html", "http://www.17k.com/book/2822077.html", "http://www.17k.com/book/2811930.html", "http://www.17k.com/book/2815548.html", "http://www.17k.com/book/2819620.html", "http://www.17k.com/book/2809964.html", "http://www.17k.com/book/2808200.html", "http://www.17k.com/book/2820100.html", "http://www.17k.com/book/2822978.html", "http://www.17k.com/book/2804337.html", "http://www.17k.com/book/2798814.html", "http://www.17k.com/book/2785153.html", "http://www.17k.com/book/2731559.html", "http://www.17k.com/book/2722533.html", "http://www.17k.com/book/2458377.html", "http://www.17k.com/book/2743300.html", "http://www.17k.com/book/973809.html", "http://www.17k.com/book/2651367.html", "http://www.17k.com/book/2726194.html", "http://www.17k.com/book/2790214.html", "http://www.17k.com/book/493239.html", "http://www.17k.com/book/108821.html", "http://www.17k.com/book/1398783.html", "http://www.17k.com/book/83528.html", "http://www.17k.com/book/1859126.html", "http://www.17k.com/book/1741975.html", "http://www.17k.com/book/192453.html", "http://www.17k.com/book/2459058.html", "http://www.17k.com/book/1050747.html", "http://www.17k.com/book/2700315.html", "http://www.17k.com/book/2818940.html", "http://www.17k.com/book/2819519.html", "http://www.17k.com/book/2816390.html", "http://www.17k.com/book/2819588.html", "http://www.17k.com/book/2813768.html", "http://www.17k.com/book/2822406.html", "http://www.17k.com/book/2772164.html", "http://www.17k.com/book/2784023.html", "http://www.17k.com/book/2811877.html", "http://www.17k.com/book/2809119.html", "http://www.17k.com/book/2803700.html", "http://www.17k.com/book/2819561.html", "http://www.17k.com/book/2746506.html", "http://www.17k.com/book/2811836.html", "http://www.17k.com/book/2614810.html", "http://www.17k.com/book/1592435.html", "http://www.17k.com/book/1949748.html", "http://www.17k.com/book/2265802.html", "http://www.17k.com/book/2743240.html", "http://www.17k.com/book/2657437.html", "http://www.17k.com/book/2644502.html", "http://www.17k.com/book/2199900.html", "http://www.17k.com/book/2725436.html", "http://www.17k.com/book/2629978.html"]}