{"ratings": -1, "userreviews": [{"userName": "\u7fe9\u7136\u70df\u96e8\u4e2d", "userReviewDate": "2018-02-27", "userURL": "http://user.17k.com/32447824", "userReview": "\u5982\u679c\u8981\u6253\u5e7f\u544a\u5c31\u6765\u8fd9\u697c\u5427\uff0c\u8c22\u8c22\u3002<img src='http://img.17k.com/images/face/209xh.gif' />"}, {"userName": "\u02c7M\u3002\u3003", "userReviewDate": "2018-06-07", "userURL": "http://user.17k.com/62444514", "userReview": "[\u6253\u8d4f]\u6211\u6253\u8d4f\u4e8618\u5143\u7ea2\u5305\uff01\uff01"}, {"userName": "\u53f6\u7e41\u7ec8\u552f\u67af864904661", "userReviewDate": "2018-06-07", "userURL": "http://user.17k.com/45311097", "userReview": "\u8d8a\u770b\u8d8a\u60f3\u770b\uff0c\u6c42\u66f4\u554a!!!!!!!"}, {"userName": "17k\u4e66\u53cbual1ol3ts", "userReviewDate": "2018-06-07", "userURL": "http://user.17k.com/62164158", "userReview": "[\u6253\u8d4f]\u6211\u6253\u8d4f\u4e861\u4e2a'\u5c0f\u5fc3\u5fc3'\uff01\uff01"}, {"userName": "\u02c7M\u3002\u3003", "userReviewDate": "2018-06-06", "userURL": "http://user.17k.com/62444514", "userReview": "[\u6253\u8d4f]\u6211\u6253\u8d4f\u4e868\u5143\u7ea2\u5305\uff01\uff01"}, {"userName": "\u02c7M\u3002\u3003", "userReviewDate": "2018-06-05", "userURL": "http://user.17k.com/62444514", "userReview": "\u52a0\u6cb9\uff0c\u6c42\u8f7b\u8650\u3002\u3002"}, {"userName": "17k\u4e66\u53cbj806uh6fw", "userReviewDate": "2018-06-05", "userURL": "http://user.17k.com/62490148", "userReview": "\u5367\u69fd\uff0c\u3002\u3002\u3002\u3002\u3002\u753b\u98ce\u3002\u3002\u3002\u7a81\u53d8\u554a"}, {"userName": "\u8000931280615", "userReviewDate": "2018-06-03", "userURL": "http://user.17k.com/61554002", "userReview": "\u52a0\u6cb9\u554a\uff0c\u770b\u5230\u6211\u6b32\u7f62\u4e0d\u80fd\u4e86"}, {"userName": "17K\u4e66\u53cbLJ2G3JI2", "userReviewDate": "2018-06-01", "userURL": "http://user.17k.com/61040273", "userReview": "\u5b8c\u6210\u4efb\u52a1\u4e86"}, {"userName": "17K\u4e66\u53cbLJ2G3JI2", "userReviewDate": "2018-05-31", "userURL": "http://user.17k.com/61040273", "userReview": "\u9898\u76ee\u662f\u4ec0\u4e48\u610f\u601d\u4e86"}, {"userName": "17k\u4e66\u53cbkln1x3ub9", "userReviewDate": "2018-05-30", "userURL": "http://user.17k.com/61897191", "userReview": "\u5199\u7684\u8fdb\u5ea6\u6162\u4e86"}, {"userName": "17K\u4e66\u53cbLJ2G3JI2", "userReviewDate": "2018-05-28", "userURL": "http://user.17k.com/61040273", "userReview": "\u7b49\u4e0b\u516b\u6781\u62f3\u51fa\u6765\u4e0d\uff1f"}, {"userName": "17k\u4e66\u53cb9pafzf7je", "userReviewDate": "2018-05-26", "userURL": "http://user.17k.com/62210236", "userReview": "[\u6253\u8d4f]\u6211\u6253\u8d4f\u4e868\u5143\u7ea2\u5305\uff01\uff01"}, {"userName": "17k\u4e66\u53cbyy23so2a0", "userReviewDate": "2018-05-26", "userURL": "http://user.17k.com/62189687", "userReview": "[\u6253\u8d4f]\u6211\u6253\u8d4f\u4e868\u5143\u7ea2\u5305\uff01\uff01"}, {"userName": "\u5c82\u65e0\u4f9d", "userReviewDate": "2018-05-25", "userURL": "http://user.17k.com/59232027", "userReview": "[\u6253\u8d4f]\u6211\u6253\u8d4f\u4e861\u5143\u7ea2\u5305\uff01\uff01"}, {"userName": "\u8000931280615", "userReviewDate": "2018-05-23", "userURL": "http://user.17k.com/61554002", "userReview": "\u592a\u5b8c\u7f8e\u4e86\uff0c\u70b9\u4e2a\u8d5e"}, {"userName": "\u8000931280615", "userReviewDate": "2018-05-23", "userURL": "http://user.17k.com/61554002", "userReview": "\u592a\u5b8c\u7f8e\u4e86\uff0c\u70b9\u4e2a\u8d5e"}, {"userName": "\u8000931280615", "userReviewDate": "2018-05-23", "userURL": "http://user.17k.com/61554002", "userReview": "\u592a\u5b8c\u7f8e\u4e86\uff0c\u70b9\u4e2a\u8d5e"}, {"userName": "\u90aa\u738b\u771f\u773c339283008", "userReviewDate": "2018-05-23", "userURL": "http://user.17k.com/61163671", "userReview": "[\u6253\u8d4f]\u6211\u6253\u8d4f\u4e862\u5143\u7ea2\u5305\uff01\uff01"}, {"userName": "\u90aa\u738b\u771f\u773c339283008", "userReviewDate": "2018-05-23", "userURL": "http://user.17k.com/61163671", "userReview": "[\u6253\u8d4f]\u6211\u6253\u8d4f\u4e868\u5143\u7ea2\u5305\uff01\uff01"}], "description": "\u4e00\u6b21\u9152\u540e\u5f52\u5bb6\uff0c\u59bb\u5b50\u7684\u4e1d\u889c\u4e0a\u5c45\u7136\u00b7\u00b7\u00b7\u00b7\u00b7\u00b7", "title": "\u59bb\u5fc3\u4f3c\u5200", "url": "http://www.17k.com/book/2746484.html", "average": -1.0, "cover": "http://img.17k.com/images/bookcover/2018/13732/68/2746484-1514983463000.jpg", "reviews": 322562, "authors": [{"url": "http://www.17k.com/zuozhe/32447824", "name": "\u7fe9\u7136\u70df\u96e8\u4e2d"}], "type": ["\u90fd\u5e02\u751f\u6d3b"], "outlinks": ["http://www.17k.com/book/2794982.html", "http://www.17k.com/book/2801292.html", "http://www.17k.com/book/2816318.html", "http://www.17k.com/book/2797575.html", "http://www.17k.com/book/2802516.html", "http://www.17k.com/book/2812195.html", "http://www.17k.com/book/2820143.html", "http://www.17k.com/book/2807943.html", "http://www.17k.com/book/2813457.html", "http://www.17k.com/book/2798058.html", "http://www.17k.com/book/2815617.html", "http://www.17k.com/book/2805259.html", "http://www.17k.com/book/2760255.html", "http://www.17k.com/book/2686894.html", "http://www.17k.com/book/2797016.html", "http://www.17k.com/book/2767246.html", "http://www.17k.com/book/2764239.html", "http://www.17k.com/book/2754498.html", "http://www.17k.com/book/2754900.html", "http://www.17k.com/book/2625740.html", "http://www.17k.com/book/2213315.html", "http://www.17k.com/book/2402178.html", "http://www.17k.com/book/2691221.html", "http://www.17k.com/book/2210699.html", "http://www.17k.com/book/1797752.html", "http://www.17k.com/book/2575507.html", "http://www.17k.com/book/2705181.html", "http://www.17k.com/book/2702539.html", "http://www.17k.com/book/2474887.html", "http://www.17k.com/book/2674733.html", "http://www.17k.com/book/2822076.html", "http://www.17k.com/book/2809894.html", "http://www.17k.com/book/2822077.html", "http://www.17k.com/book/2811930.html", "http://www.17k.com/book/2815548.html", "http://www.17k.com/book/2819620.html", "http://www.17k.com/book/2809964.html", "http://www.17k.com/book/2808200.html", "http://www.17k.com/book/2820100.html", "http://www.17k.com/book/2822978.html", "http://www.17k.com/book/2804337.html", "http://www.17k.com/book/2798814.html", "http://www.17k.com/book/2785153.html", "http://www.17k.com/book/2731559.html", "http://www.17k.com/book/2722533.html", "http://www.17k.com/book/2458377.html", "http://www.17k.com/book/2743300.html", "http://www.17k.com/book/973809.html", "http://www.17k.com/book/2651367.html", "http://www.17k.com/book/2726194.html", "http://www.17k.com/book/2790214.html", "http://www.17k.com/book/493239.html", "http://www.17k.com/book/108821.html", "http://www.17k.com/book/1398783.html", "http://www.17k.com/book/83528.html", "http://www.17k.com/book/1859126.html", "http://www.17k.com/book/1741975.html", "http://www.17k.com/book/192453.html", "http://www.17k.com/book/2459058.html", "http://www.17k.com/book/1050747.html", "http://www.17k.com/book/2700315.html", "http://www.17k.com/book/2818940.html", "http://www.17k.com/book/2819519.html", "http://www.17k.com/book/2816390.html", "http://www.17k.com/book/2819588.html", "http://www.17k.com/book/2813768.html", "http://www.17k.com/book/2822406.html", "http://www.17k.com/book/2772164.html", "http://www.17k.com/book/2784023.html", "http://www.17k.com/book/2811877.html", "http://www.17k.com/book/2809119.html", "http://www.17k.com/book/2803700.html", "http://www.17k.com/book/2819561.html", "http://www.17k.com/book/2746506.html", "http://www.17k.com/book/2811836.html", "http://www.17k.com/book/2614810.html", "http://www.17k.com/book/1592435.html", "http://www.17k.com/book/1949748.html", "http://www.17k.com/book/2265802.html", "http://www.17k.com/book/2743240.html", "http://www.17k.com/book/2657437.html", "http://www.17k.com/book/2644502.html", "http://www.17k.com/book/2199900.html", "http://www.17k.com/book/2725436.html", "http://www.17k.com/book/2629978.html"]}