{"ratings": -1, "userreviews": [{"userName": "\u82b1\u9b41_\u51c9\u7b19", "userReviewDate": "2018-06-07", "userURL": "http://user.17k.com/62229764", "userReview": "\u665a\u597d\u5450\u256e(\u256f\u25bd\u2570)\u256d"}, {"userName": "\u96e8\u6668233", "userReviewDate": "2018-06-07", "userURL": "http://user.17k.com/60804302", "userReview": "\u52a0\u6cb9!\u4e89\u53d6\u7b7e\u7ea6!"}, {"userName": "\u96e8\u6668233", "userReviewDate": "2018-06-07", "userURL": "http://user.17k.com/60804302", "userReview": "\u554a~\u70b9\u51fb\u91cf\u4e0d\u9519\u554a\uff0c\u6bd4\u6211\u597d\u592a\u591a\uff0c\u83dc\u83dc\u554a\uff0c\u652f\u6301\u4e0b\u6211"}, {"userName": "\u7434\u58f0\u60a0\u626c229522989", "userReviewDate": "2018-06-06", "userURL": "http://user.17k.com/62205259", "userReview": "&#55357;&#56876;\u52a0\u6cb9\u54e6"}, {"userName": "17k\u4e66\u53cbmbj94yhze", "userReviewDate": "2018-06-04", "userURL": "http://user.17k.com/62514870", "userReview": "[\u6253\u8d4f]\u6211\u6253\u8d4f\u4e86100\u5143\u7ea2\u5305\uff01\uff01"}, {"userName": "\u83dc\u9e1f\u7231\u5403\u9e21", "userReviewDate": "2018-05-27", "userURL": "http://user.17k.com/59314432", "userReview": "\u65e9\u554a"}, {"userName": "\u82b1\u9b41_\u51c9\u7b19", "userReviewDate": "2018-05-27", "userURL": "http://user.17k.com/62229764", "userReview": "\u65e9\u597d\u554a\uff0c\u6211\u662f\u767d\u8336\uff5e"}, {"userName": "17k\u4e66\u53cbmmz1dr4zw", "userReviewDate": "2018-05-20", "userURL": "http://user.17k.com/61723776", "userReview": "[\u6253\u8d4f]\u6211\u6253\u8d4f\u4e862\u5143\u7ea2\u5305\uff01\uff01"}, {"userName": "\u767d\u8336\u4e0e\u98ce24", "userReviewDate": "2018-05-19", "userURL": "http://user.17k.com/61045134", "userReview": "*^o^*\u6211\u6765\u4e86!\u665a\u597d\u554a\uff01"}, {"userName": "\u83dc\u9e1f\u7231\u5403\u9e21", "userReviewDate": "2018-05-18", "userURL": "http://user.17k.com/59314432", "userReview": "\u665a\u4e0a\u597d\u554a"}, {"userName": "\u9ece\u964c\u7fbd", "userReviewDate": "2018-05-18", "userURL": "http://user.17k.com/60445148", "userReview": "\u653e\u5047\u5f52\u6765\uff0c\u665a\u597d~\\(\u2267\u25bd\u2266)/~"}, {"userName": "\u03b5\u03be\u521d\u89c1\u03b5\u03be", "userReviewDate": "2018-05-18", "userURL": "http://user.17k.com/61909103", "userReview": "\u4f5c\u8005\u5927\u5927\uff0c\u5feb\u66f4\u54c7\uff01"}, {"userName": "\u03b5\u03be\u521d\u89c1\u03b5\u03be", "userReviewDate": "2018-05-18", "userURL": "http://user.17k.com/61909103", "userReview": "[\u6253\u8d4f]\u6211\u6253\u8d4f\u4e868\u5143\u7ea2\u5305\uff01\uff01"}, {"userName": "\u4e00\u5f80\u65e0\u524da", "userReviewDate": "2018-05-18", "userURL": "http://user.17k.com/58189036", "userReview": "\u6441\u3002\u524d\u6765\u63a2\u671b\u5927\u5927\uff0c\u5927\u5927\u52a0\u6cb9\uff01\uff01\uff01\uff01"}, {"userName": "\u6797\u4f9d\u96e8", "userReviewDate": "2018-05-17", "userURL": "http://user.17k.com/61513439", "userReview": "\u770b\u4e86\u51e0\u7ae0\uff0c\u5927\u5927\u5199\u7684\u5f88\u597d\uff0c\u6709\u6587\u7b14\uff0c\u6545\u4e8b\u6709\u5438\u5f15\u529b\uff0c\u52a0\u6cb9\uff01"}, {"userName": "\u5317\u5e84", "userReviewDate": "2018-05-16", "userURL": "http://user.17k.com/57496771", "userReview": "\u5927\u5927\uff0c\u575a\u6301\u5c31\u662f\u80dc\u5229\u54e6"}, {"userName": "\u96e8\u6668233", "userReviewDate": "2018-05-14", "userURL": "http://user.17k.com/60804302", "userReview": "\u4e5b^\u4e5b\u54ea\u91cc\u83dc\u4e86\uff0c\u90fd\u6536\u523016$\u4e86\uff0c\u6211\u7684<a target='_blank' href='http://www.17k.com/book/2808273.html'>\u300a\u7f18\u7ecf\u5341\u4e16\u300b</a>\u624d9$\uff0c\u8ba9\u6211\u591a\u4f24\u5fc3\u2026\u2026"}, {"userName": "\u6797\u4f9d\u96e8", "userReviewDate": "2018-05-13", "userURL": "http://user.17k.com/61513439", "userReview": "\u5927\u5927\u52a0\u6cb9\u3002\u5df2\u6536\u85cf\uff0c\u6211\u7684\u4e66<a target='_blank' href='http://www.17k.com/book/2820907.html'>\u300a\u9006\u5929\u8179\u9ed1\u9b54\u5973\u300b</a>\u6b22\u8fce\u56de\u8bbf"}, {"userName": "\u9ece\u964c\u7fbd", "userReviewDate": "2018-05-13", "userURL": "http://user.17k.com/60445148", "userReview": "\u52a0\u6cb9\u652f\u6301*^o^*"}, {"userName": "\u767d\u8336\u4e0e\u98ce24", "userReviewDate": "2018-05-13", "userURL": "http://user.17k.com/61045134", "userReview": "\u652f\u6301!"}], "description": "\u9b54\u541b\uff1f\u5927\u5e1d\uff1f\u4ed6\u5728\u4e16\u95f4\u7559\u4e0b\u4e86\u592a\u591a\u7684\u4f20\u5947\u3002\u3000\u3000\u8f6e\u56de\u4e5d\u4e16\uff0c\u53ea\u4e3a\u4e0d\u8d1f\u7ea2\u989c\uff1b\u3000\u3000\u4fee\u884c\u4e07\u8f7d\uff0c\u53ea\u4e3a\u4e00\u523b\u8d85\u8131\u3002\u3000\u3000\u5728\u4e00\u4e2a\u5145\u6ee1\u7075\u6c14\u7684\u5927\u9646\uff0c\u4e00\u5c11\u5e74\u81ea\u8352\u5c71\u800c\u51fa\uff0c\u5f00\u59cb\u4e86\u9006\u5929\u6539\u547d...", "title": "\u59cb\u4e4b\u4ed9\u7075\u754c", "url": "http://www.17k.com/book/2823352.html", "average": -1.0, "cover": "http://img.17k.com/images/bookcover/2018/14116/70/2823352-1526090663000.jpg", "reviews": 1365, "authors": [{"url": "http://www.17k.com/zuozhe/59314432", "name": "\u83dc\u9e1f\u7231\u5403\u9e21"}], "type": ["\u5f02\u754c\u5927\u9646"], "outlinks": ["http://www.17k.com/book/2794982.html", "http://www.17k.com/book/2801292.html", "http://www.17k.com/book/2816318.html", "http://www.17k.com/book/2797575.html", "http://www.17k.com/book/2802516.html", "http://www.17k.com/book/2812195.html", "http://www.17k.com/book/2820143.html", "http://www.17k.com/book/2807943.html", "http://www.17k.com/book/2813457.html", "http://www.17k.com/book/2798058.html", "http://www.17k.com/book/2815617.html", "http://www.17k.com/book/2805259.html", "http://www.17k.com/book/2760255.html", "http://www.17k.com/book/2686894.html", "http://www.17k.com/book/2797016.html", "http://www.17k.com/book/2767246.html", "http://www.17k.com/book/2764239.html", "http://www.17k.com/book/2754498.html", "http://www.17k.com/book/2754900.html", "http://www.17k.com/book/2625740.html", "http://www.17k.com/book/2213315.html", "http://www.17k.com/book/2402178.html", "http://www.17k.com/book/2691221.html", "http://www.17k.com/book/2210699.html", "http://www.17k.com/book/1797752.html", "http://www.17k.com/book/2575507.html", "http://www.17k.com/book/2705181.html", "http://www.17k.com/book/2702539.html", "http://www.17k.com/book/2474887.html", "http://www.17k.com/book/2674733.html", "http://www.17k.com/book/2822076.html", "http://www.17k.com/book/2809894.html", "http://www.17k.com/book/2822077.html", "http://www.17k.com/book/2811930.html", "http://www.17k.com/book/2815548.html", "http://www.17k.com/book/2819620.html", "http://www.17k.com/book/2809964.html", "http://www.17k.com/book/2808200.html", "http://www.17k.com/book/2820100.html", "http://www.17k.com/book/2822978.html", "http://www.17k.com/book/2804337.html", "http://www.17k.com/book/2798814.html", "http://www.17k.com/book/2785153.html", "http://www.17k.com/book/2731559.html", "http://www.17k.com/book/2722533.html", "http://www.17k.com/book/2458377.html", "http://www.17k.com/book/2743300.html", "http://www.17k.com/book/973809.html", "http://www.17k.com/book/2651367.html", "http://www.17k.com/book/2726194.html", "http://www.17k.com/book/2790214.html", "http://www.17k.com/book/493239.html", "http://www.17k.com/book/108821.html", "http://www.17k.com/book/1398783.html", "http://www.17k.com/book/83528.html", "http://www.17k.com/book/1859126.html", "http://www.17k.com/book/1741975.html", "http://www.17k.com/book/192453.html", "http://www.17k.com/book/2459058.html", "http://www.17k.com/book/1050747.html", "http://www.17k.com/book/2700315.html", "http://www.17k.com/book/2818940.html", "http://www.17k.com/book/2819519.html", "http://www.17k.com/book/2816390.html", "http://www.17k.com/book/2819588.html", "http://www.17k.com/book/2813768.html", "http://www.17k.com/book/2822406.html", "http://www.17k.com/book/2772164.html", "http://www.17k.com/book/2784023.html", "http://www.17k.com/book/2811877.html", "http://www.17k.com/book/2809119.html", "http://www.17k.com/book/2803700.html", "http://www.17k.com/book/2819561.html", "http://www.17k.com/book/2746506.html", "http://www.17k.com/book/2811836.html", "http://www.17k.com/book/2614810.html", "http://www.17k.com/book/1592435.html", "http://www.17k.com/book/1949748.html", "http://www.17k.com/book/2265802.html", "http://www.17k.com/book/2743240.html", "http://www.17k.com/book/2657437.html", "http://www.17k.com/book/2644502.html", "http://www.17k.com/book/2199900.html", "http://www.17k.com/book/2725436.html", "http://www.17k.com/book/2629978.html"]}