{"ratings": -1, "userreviews": [{"userName": "\u50bb\u5c0f\u56db\u672c\u5c0a", "userReviewDate": "2018-04-18", "userURL": "http://user.17k.com/45330599", "userReview": "\u52a0\u6cb9\uff0c\u52a0\u6cb9\uff01\u65b0\u4e66\u5927\u706b"}, {"userName": "\u50bb\u5c0f\u56db\u672c\u5c0a", "userReviewDate": "2018-04-18", "userURL": "http://user.17k.com/45330599", "userReview": "[\u6253\u8d4f]\u6211\u6253\u8d4f\u4e86188\u5143\u7ea2\u5305\uff01\uff01"}, {"userName": "\u4f59\u5e05\u5e05\u5e05", "userReviewDate": "2018-04-18", "userURL": "http://user.17k.com/38764108", "userReview": "[\u6253\u8d4f]\u6211\u6253\u8d4f\u4e862\u5143\u7ea2\u5305\uff01\uff01"}, {"userName": "17K\u4e66\u53cb6lwn409a", "userReviewDate": "2018-06-05", "userURL": "http://user.17k.com/62516688", "userReview": "[\u6253\u8d4f]\u6211\u6253\u8d4f\u4e861\u5143\u7ea2\u5305\uff01\uff01"}, {"userName": "\u661f\u7a7a\u591c\u68a6\u58f9", "userReviewDate": "2018-06-05", "userURL": "http://user.17k.com/58116533", "userReview": "\u3002\u3002\u3002\u3002\u3002\u3002"}, {"userName": "\u83b9\u83b9676235767", "userReviewDate": "2018-06-05", "userURL": "http://user.17k.com/58874475", "userReview": "\u52a0\u6cb9\u26fd\ufe0f\u52a0\u6cb9&#55357;&#56490;"}, {"userName": "\u6781\u54c1\u8840\u67ad\u96c4", "userReviewDate": "2018-06-04", "userURL": "http://user.17k.com/43047912", "userReview": "\u52a0\u6cb9\u52a0\u6cb9\u52a0\u6cb9"}, {"userName": "17K\u4e66\u53cbxanftdbd", "userReviewDate": "2018-06-04", "userURL": "http://user.17k.com/62420719", "userReview": "\u66f4\u65b0\u554a\uff0c\u770b\u5b8c\u4e86"}, {"userName": "17K\u4e66\u53cbYZAEWO6E", "userReviewDate": "2018-06-03", "userURL": "http://user.17k.com/61436569", "userReview": "\u3002\u3002\u3002\u3002\u3002\u3002"}, {"userName": "\u964c\u513f\u7684\u5c0f\u6b87", "userReviewDate": "2018-06-02", "userURL": "http://user.17k.com/53868597", "userReview": "\u600e\u4e48\u6536\u8d39\u4e86(\u0e51\u2022 . \u2022\u0e51)"}, {"userName": "17K\u4e66\u53cbJED00I8R", "userReviewDate": "2018-06-02", "userURL": "http://user.17k.com/57758905", "userReview": "\u3002\u3002\u3002\u3002\u3002"}, {"userName": "\u964c193624296", "userReviewDate": "2018-06-02", "userURL": "http://user.17k.com/62435918", "userReview": "\u4f5c\u8005\u5927\u5927\u52a0\u6cb9&#55357;&#56842;\uff0c\u6211\u4eec\u652f\u6301\u4f60&#55357;&#56842;"}, {"userName": "\u964c193624296", "userReviewDate": "2018-06-02", "userURL": "http://user.17k.com/62435918", "userReview": "\u4f5c\u8005\u5927\u5927\u52a0\u6cb9&#55357;&#56842;\uff0c\u6211\u4eec\u652f\u6301\u4f60&#55357;&#56842;"}, {"userName": "\u6781\u54c1\u8840\u67ad\u96c4", "userReviewDate": "2018-06-01", "userURL": "http://user.17k.com/43047912", "userReview": "\u597d\u597d\u597d\u597d\u597d\u597d\u597d"}, {"userName": "17K\u4e66\u53cbI9NYG4TG", "userReviewDate": "2018-06-01", "userURL": "http://user.17k.com/58745484", "userReview": "\u600e\u4e48\u7a81\u7136\u4e0d\u514d\u8d39\u4e86"}, {"userName": "\u2764\u5fc3\u68a6&#55357;&#56474;", "userReviewDate": "2018-06-01", "userURL": "http://user.17k.com/56768349", "userReview": "\u52a0\u6cb9\u52a0\u6cb9\u52a0\u6cb9"}, {"userName": "17K\u4e66\u53cbra8ma18w", "userReviewDate": "2018-05-31", "userURL": "http://user.17k.com/62365437", "userReview": "\u8001\u5927\u591a\u66f4\u65b0\u4e00\u4e0b\u554a\uff0c\u6211\u4e00\u53e3\u6c14\u770b\u5b8c\uff0c\u96be\u53d7"}, {"userName": "17K\u4e66\u53cb525SZ1E3", "userReviewDate": "2018-05-31", "userURL": "http://user.17k.com/61820292", "userReview": "\u770b\u7740\u770b\u7740\u5c31\u8981\u94b1\u4e86\uff0c\u600e\u4e48\u4e0d\u514d\u8d39\u4e86\uff0c\u8ffd\u4e86\u8fd9\u4e48\u4e45"}, {"userName": "\u5f90\u98ce\uff08\u75af\uff09", "userReviewDate": "2018-05-31", "userURL": "http://user.17k.com/57148504", "userReview": "\u4e3a\u4ec0\u4e48\u4e0d\u514d\u8d39\u4e86"}, {"userName": "17K\u4e66\u53cbYLTW45HQ", "userReviewDate": "2018-05-31", "userURL": "http://user.17k.com/56495291", "userReview": "[\u6253\u8d4f]\u6211\u6253\u8d4f\u4e861\u4e2a'\u5c0f\u5fc3\u5fc3'\uff01\uff01"}], "description": "\u201c\u7238\u7238\uff0c\u6211\u8981\u5403\u996d\u996d\uff01\u201d\u3000\u3000\u4e00\u89c9\u9192\u6765\uff0c\u6765\u5230\u5e73\u884c\u4e16\u754c\u7684\u5218\u5b50\u590f\uff0c\u591a\u4e86\u4e2a\u4eb2\u7684\u4e0d\u80fd\u518d\u4eb2\u7684\u95fa\u5973\u3002\u3000\u3000\u4e3a\u4e86\u8ba9\u5973\u513f\u5403\u9971\u996d\uff0c\u4e3a\u4e86\u8ba9\u5973\u513f\u4f4f\u5927\u623f\u5b50\uff0c\u4e5f\u4e3a\u4e86\u8ba9\u5973\u513f\u5979\u5a18\u56de\u6765\u2026\u2026\u3000\u3000\u5218\u5b50\u590f\u80fd\u600e\u4e48\u529e\uff1f\u4ed6\u4e5f\u5f88\u65e0\u5948\u554a\uff01\u3000\u3000\u597d\u5728\u5218\u5b50\u590f\u5e26\u7740\u4e00\u4e2a\u4e16\u754c\u7684\u6587\u5a31\u4fe1\u606f\uff0c\u8fd9\u4e9b\u538b\u529b\uff0c\u4f3c\u4e4e\u4e0d\u5b58\u5728\u554a\uff1f\u3000\u3000\u9762\u5bf9\u90a3\u4e9b\u6587\u5a31\u5927\u4f6c\uff0c\u5218\u5b50\u590f\u8868\u793a\uff1a\u3000\u3000\u201c\u4e0d\u8981\u8bef\u4f1a\uff0c\u6211\u4e0d\u662f\u9488\u5bf9\u4f60\uff0c\u6211\u662f\u8bf4\uff0c\u5728\u5ea7\u7684\u5404\u4f4d\u90fd\u662f\u5783\u573e\uff01\u201d", "title": "\u5a31\u4e50\u8d85\u7ea7\u5976\u7238", "url": "http://www.17k.com/book/2811825.html", "average": -1.0, "cover": "http://img.17k.com/images/bookcover/2018/14059/70/2811825-1524043805000.jpg", "reviews": 199915, "authors": [{"url": "http://www.17k.com/zuozhe/61033660", "name": "\u6d1b\u5c71\u5c71"}], "type": ["\u5a31\u4e50\u660e\u661f"], "outlinks": ["http://www.17k.com/book/2794982.html", "http://www.17k.com/book/2801292.html", "http://www.17k.com/book/2816318.html", "http://www.17k.com/book/2797575.html", "http://www.17k.com/book/2802516.html", "http://www.17k.com/book/2812195.html", "http://www.17k.com/book/2820143.html", "http://www.17k.com/book/2807943.html", "http://www.17k.com/book/2813457.html", "http://www.17k.com/book/2798058.html", "http://www.17k.com/book/2815617.html", "http://www.17k.com/book/2805259.html", "http://www.17k.com/book/2760255.html", "http://www.17k.com/book/2686894.html", "http://www.17k.com/book/2797016.html", "http://www.17k.com/book/2767246.html", "http://www.17k.com/book/2764239.html", "http://www.17k.com/book/2754498.html", "http://www.17k.com/book/2754900.html", "http://www.17k.com/book/2625740.html", "http://www.17k.com/book/2213315.html", "http://www.17k.com/book/2402178.html", "http://www.17k.com/book/2691221.html", "http://www.17k.com/book/2210699.html", "http://www.17k.com/book/1797752.html", "http://www.17k.com/book/2575507.html", "http://www.17k.com/book/2705181.html", "http://www.17k.com/book/2702539.html", "http://www.17k.com/book/2474887.html", "http://www.17k.com/book/2674733.html", "http://www.17k.com/book/2822076.html", "http://www.17k.com/book/2809894.html", "http://www.17k.com/book/2822077.html", "http://www.17k.com/book/2811930.html", "http://www.17k.com/book/2815548.html", "http://www.17k.com/book/2819620.html", "http://www.17k.com/book/2809964.html", "http://www.17k.com/book/2808200.html", "http://www.17k.com/book/2820100.html", "http://www.17k.com/book/2822978.html", "http://www.17k.com/book/2804337.html", "http://www.17k.com/book/2798814.html", "http://www.17k.com/book/2785153.html", "http://www.17k.com/book/2731559.html", "http://www.17k.com/book/2722533.html", "http://www.17k.com/book/2458377.html", "http://www.17k.com/book/2743300.html", "http://www.17k.com/book/973809.html", "http://www.17k.com/book/2651367.html", "http://www.17k.com/book/2726194.html", "http://www.17k.com/book/2790214.html", "http://www.17k.com/book/493239.html", "http://www.17k.com/book/108821.html", "http://www.17k.com/book/1398783.html", "http://www.17k.com/book/83528.html", "http://www.17k.com/book/1859126.html", "http://www.17k.com/book/1741975.html", "http://www.17k.com/book/192453.html", "http://www.17k.com/book/2459058.html", "http://www.17k.com/book/1050747.html", "http://www.17k.com/book/2700315.html", "http://www.17k.com/book/2818940.html", "http://www.17k.com/book/2819519.html", "http://www.17k.com/book/2816390.html", "http://www.17k.com/book/2819588.html", "http://www.17k.com/book/2813768.html", "http://www.17k.com/book/2822406.html", "http://www.17k.com/book/2772164.html", "http://www.17k.com/book/2784023.html", "http://www.17k.com/book/2811877.html", "http://www.17k.com/book/2809119.html", "http://www.17k.com/book/2803700.html", "http://www.17k.com/book/2819561.html", "http://www.17k.com/book/2746506.html", "http://www.17k.com/book/2811836.html", "http://www.17k.com/book/2614810.html", "http://www.17k.com/book/1592435.html", "http://www.17k.com/book/1949748.html", "http://www.17k.com/book/2265802.html", "http://www.17k.com/book/2743240.html", "http://www.17k.com/book/2657437.html", "http://www.17k.com/book/2644502.html", "http://www.17k.com/book/2199900.html", "http://www.17k.com/book/2725436.html", "http://www.17k.com/book/2629978.html"]}