{"ratings": -1, "userreviews": [{"userName": "\u3123\u901d\u53bb\u2570\u2606\u3077_\u901d\u53bb.....\ufe56", "userReviewDate": "2018-05-22", "userURL": "http://user.17k.com/53108576", "userReview": "\u8def\u8fc7\u7784\u4e00\u773c\uff0c\u5f88\u8010\u770b\u643a<a target='_blank' href='http://www.17k.com/book/2812764.html'>\u300a\u4e5d\u5c3e\u732b\u4ed9\u300b</a>\u6765\u652f\u6301\u4e00\u4e0b"}], "description": "\u6bcd\u4eb2\u65e9\u901d\uff0c\u7236\u4eb2\u504f\u5fc3\uff0c\u59b9\u59b9\u6076\u6bd2\uff0c\u800c\u4ed6\u66f4\u662f\u5bf9\u5979\u8bef\u89e3\u4e0d\u65ad\u3002\u3000\u3000\u201c\u4f60\u4e0d\u8fc7\u662f\u60f3\u5229\u7528\u6211\u62a5\u590d\u4f60\u59b9\u59b9\u800c\u5df2\uff0c\u4f60\u600e\u4e48\u90a3\u4e48\u574f\uff1f\u201d\u4ed6\u6390\u7740\u5979\u7684\u4e0b\u5df4\uff0c\u903c\u5979\u770b\u8fdb\u81ea\u5df1\u7684\u773c\u91cc\uff0c\u90a3\u91cc\u9762\u6ee1\u662f\u751f\u6c14\u7684\u6028\u6012\u3002\u3000\u3000\u4ed6\u4eec\u7684\u5a5a\u59fb\u9891\u95ea\u7ea2\u706f\uff0c\u4e5f\u8bb8\uff0c\u8fd9\u573a\u60c5\u7231\u8981\u5230\u81f3\u6b7b\u65b9\u4f11\uff0c\u53ea\u662f\u5979\u8be5\u5982\u4f55\u6446\u8131\uff1f\u53c8\u8be5\u5982\u4f55\u5b88\u62a4\u5c5e\u4e8e\u81ea\u5df1\u7684\u4e1c\u897f\uff1f", "title": "\u5a5a\u60c5\u544a\u6025", "url": "http://www.17k.com/book/2804925.html", "average": -1.0, "cover": "http://img.17k.com/images/bookcover/2018/14024/70/2804925-1526909217000.jpg", "reviews": 7036, "authors": [{"url": "http://www.17k.com/zuozhe/60883174", "name": "\u4e91\u6df1\u975e\u6d45"}], "type": ["\u603b\u88c1\u8c6a\u95e8"], "outlinks": ["http://www.17k.com/book/2794982.html", "http://www.17k.com/book/2801292.html", "http://www.17k.com/book/2816318.html", "http://www.17k.com/book/2797575.html", "http://www.17k.com/book/2802516.html", "http://www.17k.com/book/2812195.html", "http://www.17k.com/book/2820143.html", "http://www.17k.com/book/2807943.html", "http://www.17k.com/book/2813457.html", "http://www.17k.com/book/2798058.html", "http://www.17k.com/book/2815617.html", "http://www.17k.com/book/2805259.html", "http://www.17k.com/book/2760255.html", "http://www.17k.com/book/2686894.html", "http://www.17k.com/book/2797016.html", "http://www.17k.com/book/2767246.html", "http://www.17k.com/book/2764239.html", "http://www.17k.com/book/2754498.html", "http://www.17k.com/book/2754900.html", "http://www.17k.com/book/2625740.html", "http://www.17k.com/book/2213315.html", "http://www.17k.com/book/2402178.html", "http://www.17k.com/book/2691221.html", "http://www.17k.com/book/2210699.html", "http://www.17k.com/book/1797752.html", "http://www.17k.com/book/2575507.html", "http://www.17k.com/book/2705181.html", "http://www.17k.com/book/2702539.html", "http://www.17k.com/book/2474887.html", "http://www.17k.com/book/2674733.html", "http://www.17k.com/book/2822076.html", "http://www.17k.com/book/2809894.html", "http://www.17k.com/book/2822077.html", "http://www.17k.com/book/2811930.html", "http://www.17k.com/book/2815548.html", "http://www.17k.com/book/2819620.html", "http://www.17k.com/book/2809964.html", "http://www.17k.com/book/2808200.html", "http://www.17k.com/book/2820100.html", "http://www.17k.com/book/2822978.html", "http://www.17k.com/book/2804337.html", "http://www.17k.com/book/2798814.html", "http://www.17k.com/book/2785153.html", "http://www.17k.com/book/2731559.html", "http://www.17k.com/book/2722533.html", "http://www.17k.com/book/2458377.html", "http://www.17k.com/book/2743300.html", "http://www.17k.com/book/973809.html", "http://www.17k.com/book/2651367.html", "http://www.17k.com/book/2726194.html", "http://www.17k.com/book/2790214.html", "http://www.17k.com/book/493239.html", "http://www.17k.com/book/108821.html", "http://www.17k.com/book/1398783.html", "http://www.17k.com/book/83528.html", "http://www.17k.com/book/1859126.html", "http://www.17k.com/book/1741975.html", "http://www.17k.com/book/192453.html", "http://www.17k.com/book/2459058.html", "http://www.17k.com/book/1050747.html", "http://www.17k.com/book/2700315.html", "http://www.17k.com/book/2818940.html", "http://www.17k.com/book/2819519.html", "http://www.17k.com/book/2816390.html", "http://www.17k.com/book/2819588.html", "http://www.17k.com/book/2813768.html", "http://www.17k.com/book/2822406.html", "http://www.17k.com/book/2772164.html", "http://www.17k.com/book/2784023.html", "http://www.17k.com/book/2811877.html", "http://www.17k.com/book/2809119.html", "http://www.17k.com/book/2803700.html", "http://www.17k.com/book/2819561.html", "http://www.17k.com/book/2746506.html", "http://www.17k.com/book/2811836.html", "http://www.17k.com/book/2614810.html", "http://www.17k.com/book/1592435.html", "http://www.17k.com/book/1949748.html", "http://www.17k.com/book/2265802.html", "http://www.17k.com/book/2743240.html", "http://www.17k.com/book/2657437.html", "http://www.17k.com/book/2644502.html", "http://www.17k.com/book/2199900.html", "http://www.17k.com/book/2725436.html", "http://www.17k.com/book/2629978.html"]}