{"ratings": -1, "userreviews": [{"userName": "wenxuan528263004", "userReviewDate": "2018-06-08", "userURL": "http://user.17k.com/62598580", "userReview": "\u3002\u3002\u3002\u3002\u3002"}, {"userName": "\u9896\u706b\u866b379367244", "userReviewDate": "2018-06-08", "userURL": "http://user.17k.com/61188055", "userReview": "6666666"}, {"userName": "17K\u4e66\u53cbYZAEWO6E", "userReviewDate": "2018-06-08", "userURL": "http://user.17k.com/61436569", "userReview": "\u3002\u3002\u3002\u3002\u3002\u3002"}, {"userName": "17K\u4e66\u53cbZEG1LGGQ", "userReviewDate": "2018-06-07", "userURL": "http://user.17k.com/62471721", "userReview": "\u3002\u3002\u3002\u3002\u3002"}, {"userName": "\u8ba9\u6211\u4eec\u4e00\u8d77\u8ffd\u8ffd\u8ffd", "userReviewDate": "2018-06-07", "userURL": "http://user.17k.com/62501171", "userReview": "\u597d\u4e66\u4e00\u8d77\u6765\u770b"}, {"userName": "\u9893\u5e9f\u5c11\u5e74i418687287", "userReviewDate": "2018-06-07", "userURL": "http://user.17k.com/46528727", "userReview": "\u5973\u4e3b\u662f\u88ab\u4fae\u8fb1\u4e86\u5417\uff1f\u4ecb\u7ecd\u4e0a\u7684"}, {"userName": "17K\u4e66\u53cbt6ql5kgd", "userReviewDate": "2018-06-07", "userURL": "http://user.17k.com/61909635", "userReview": "\u559c\u6b22\u770b\u8fd9\u79cd\u7c7b\u578b\u7684\u4e66"}, {"userName": "17K\u4e66\u53cbN8I7K43T", "userReviewDate": "2018-06-07", "userURL": "http://user.17k.com/58229290", "userReview": "\u3002\u3002\u3002\u3002\u3002"}, {"userName": "17K\u4e66\u53cbITQRQ8S3", "userReviewDate": "2018-06-06", "userURL": "http://user.17k.com/60371503", "userReview": "\u770b\u4e66\u4e86\u8d76\u7d27\u7684\u8c22\u8c22"}, {"userName": "17K\u4e66\u53cbUPJADQBJ", "userReviewDate": "2018-06-06", "userURL": "http://user.17k.com/60125225", "userReview": "\u597d\u4e66\u4e00\u8d77\u6765\u770b"}, {"userName": "17K\u4e66\u53cb5zwuagx0", "userReviewDate": "2018-06-06", "userURL": "http://user.17k.com/59639693", "userReview": "\u597d\u4e66\u4e00\u8d77\u6765\u770b\u3002"}, {"userName": "17K\u4e66\u53cb4JGAHZKV", "userReviewDate": "2018-06-06", "userURL": "http://user.17k.com/58224255", "userReview": "\u597d\u4e66\u4e00\u8d77\u6765\u770b"}, {"userName": "17K\u4e66\u53cbUJ7HX0AB", "userReviewDate": "2018-06-06", "userURL": "http://user.17k.com/57230161", "userReview": "\u597d\u4e66\u4e00\u8d77\u6765\u770b"}, {"userName": "\u9ad8\u7891\u5e97\u9505\u7089\u623f", "userReviewDate": "2018-06-06", "userURL": "http://user.17k.com/61232875", "userReview": "\u3002\u3002\u3002\u3002\u3002"}, {"userName": "\u4e00\u591c\u843d\u96ea\u5fc3\u5df2\u5bd2i", "userReviewDate": "2018-06-05", "userURL": "http://user.17k.com/47339447", "userReview": "\u5973\u5927\u7279\u8fa3\u54ed\u7684\u5bb6\u4e50\u798f\u72ec\u7279"}, {"userName": "17K\u4e66\u53cbhb5zdr6q", "userReviewDate": "2018-06-02", "userURL": "http://user.17k.com/62402417", "userReview": "\u68d2\u68d2\u54d2\u52a0\u6cb9"}, {"userName": "17K\u4e66\u53cbhb5zdr6q", "userReviewDate": "2018-06-01", "userURL": "http://user.17k.com/62402417", "userReview": "\u8d85\u597d\u770b\uff0c\u5f88\u671f\u5f85\u540e\u9762\u7684\u5267\u60c5"}, {"userName": "\u9752\u6800\u5fae\u751c", "userReviewDate": "2018-05-31", "userURL": "http://user.17k.com/59525278", "userReview": "\u597d\u770b\uff0c\u592a\u597d\u770b\u4e86\u54c7\u3002"}, {"userName": "\u82b7\u662f300296\u4e00\u77ac\u95f4", "userReviewDate": "2018-05-30", "userURL": "http://user.17k.com/24562981", "userReview": "\u52a0\u6cb9\uff01\uff01\uff01\uff01"}, {"userName": "\u4eca\u751f\u6c34\u8d77", "userReviewDate": "2018-05-29", "userURL": "http://user.17k.com/57337328", "userReview": "\u6765\u62dc\u8bbf\u795e\u4f5c\uff01\u4e0a\u5348\u597d\uff01"}], "description": "\u8eab\u4e3a\u73b0\u4ee3\u7b2c\u4e00\u98ce\u6c34\u754c\u5de8\u64d8\uff0c\u591a\u5c11\u8c6a\u95e8\u7ec5\u8d35\u90fd\u96be\u6c42\u4e00\u5366\uff0c\u4e00\u7741\u773c\u91cd\u751f\uff0c\u5374\u88ab\u6c61\u8511\u4e0e\u4eba\u82df\u5408\uff1f\uff01\u3000\u3000\u7ee7\u6bcd\u7ee7\u59b9\u60f3\u593a\u53d6\u5979\u6b63\u724c\u5ae1\u5973\u8eab\u4efd\uff1f\u5979\u5c31\u8ba9\u5979\u4eec\u5077\u9e21\u4e0d\u6210\u8680\u628a\u7c73\u3002\u3000\u3000\u4e16\u4eba\u6562\u6c61\u8511\u5979\u662f\u5996\u5983\uff1f\u7ea4\u6307\u4e00\u6390\u5c31\u7b97\u51fa\u5929\u707e\uff0c\u4e00\u4e3e\u9707\u60ca\u4e16\u4eba\u3002\u3000\u3000\u6e23\u7537\u60f3\u5c06\u5979\u63a8\u7ed9\u514b\u59bb\u715e\u795e\u738b\u7237\uff1f\u5979\u5c31\u8ba9\u6e23\u7537\u77e5\u9053\u5f97\u5929\u9053\u72ec\u5ba0\u7684\u5979\u548c\u4ed6\u600e\u4e48\u8ba9\u4ed6\u6094\u7684\u80a0\u5b50\u90fd\u9752\u4e86\uff01", "title": "\u5ae1\u5973\u72c2\u5983\uff1a\u62d0\u4e2a\u738b\u7237\u4e71\u5929\u4e0b", "url": "http://www.17k.com/book/2746837.html", "average": -1.0, "cover": "http://img.17k.com/images/bookcover/2018/13734/68/2746837-1516004737000.jpg", "reviews": 333165, "authors": [{"url": "http://www.17k.com/zuozhe/54639836", "name": "\u5341\u4e5d\u6bc5"}], "type": ["\u67b6\u7a7a\u5386\u53f2"], "outlinks": ["http://www.17k.com/book/2794982.html", "http://www.17k.com/book/2801292.html", "http://www.17k.com/book/2816318.html", "http://www.17k.com/book/2797575.html", "http://www.17k.com/book/2802516.html", "http://www.17k.com/book/2812195.html", "http://www.17k.com/book/2820143.html", "http://www.17k.com/book/2807943.html", "http://www.17k.com/book/2813457.html", "http://www.17k.com/book/2798058.html", "http://www.17k.com/book/2815617.html", "http://www.17k.com/book/2805259.html", "http://www.17k.com/book/2760255.html", "http://www.17k.com/book/2686894.html", "http://www.17k.com/book/2797016.html", "http://www.17k.com/book/2767246.html", "http://www.17k.com/book/2764239.html", "http://www.17k.com/book/2754498.html", "http://www.17k.com/book/2754900.html", "http://www.17k.com/book/2625740.html", "http://www.17k.com/book/2213315.html", "http://www.17k.com/book/2402178.html", "http://www.17k.com/book/2691221.html", "http://www.17k.com/book/2210699.html", "http://www.17k.com/book/1797752.html", "http://www.17k.com/book/2575507.html", "http://www.17k.com/book/2705181.html", "http://www.17k.com/book/2702539.html", "http://www.17k.com/book/2474887.html", "http://www.17k.com/book/2674733.html", "http://www.17k.com/book/2822076.html", "http://www.17k.com/book/2809894.html", "http://www.17k.com/book/2822077.html", "http://www.17k.com/book/2811930.html", "http://www.17k.com/book/2815548.html", "http://www.17k.com/book/2819620.html", "http://www.17k.com/book/2809964.html", "http://www.17k.com/book/2808200.html", "http://www.17k.com/book/2820100.html", "http://www.17k.com/book/2822978.html", "http://www.17k.com/book/2804337.html", "http://www.17k.com/book/2798814.html", "http://www.17k.com/book/2785153.html", "http://www.17k.com/book/2731559.html", "http://www.17k.com/book/2722533.html", "http://www.17k.com/book/2458377.html", "http://www.17k.com/book/2743300.html", "http://www.17k.com/book/973809.html", "http://www.17k.com/book/2651367.html", "http://www.17k.com/book/2726194.html", "http://www.17k.com/book/2790214.html", "http://www.17k.com/book/493239.html", "http://www.17k.com/book/108821.html", "http://www.17k.com/book/1398783.html", "http://www.17k.com/book/83528.html", "http://www.17k.com/book/1859126.html", "http://www.17k.com/book/1741975.html", "http://www.17k.com/book/192453.html", "http://www.17k.com/book/2459058.html", "http://www.17k.com/book/1050747.html", "http://www.17k.com/book/2700315.html", "http://www.17k.com/book/2818940.html", "http://www.17k.com/book/2819519.html", "http://www.17k.com/book/2816390.html", "http://www.17k.com/book/2819588.html", "http://www.17k.com/book/2813768.html", "http://www.17k.com/book/2822406.html", "http://www.17k.com/book/2772164.html", "http://www.17k.com/book/2784023.html", "http://www.17k.com/book/2811877.html", "http://www.17k.com/book/2809119.html", "http://www.17k.com/book/2803700.html", "http://www.17k.com/book/2819561.html", "http://www.17k.com/book/2746506.html", "http://www.17k.com/book/2811836.html", "http://www.17k.com/book/2614810.html", "http://www.17k.com/book/1592435.html", "http://www.17k.com/book/1949748.html", "http://www.17k.com/book/2265802.html", "http://www.17k.com/book/2743240.html", "http://www.17k.com/book/2657437.html", "http://www.17k.com/book/2644502.html", "http://www.17k.com/book/2199900.html", "http://www.17k.com/book/2725436.html", "http://www.17k.com/book/2629978.html"]}