{"ratings": -1, "userreviews": [{"userName": "WAP10DEEF", "userReviewDate": "2018-04-21", "userURL": "http://user.17k.com/42484008", "userReview": "[\u6253\u8d4f]\u6211\u6253\u8d4f\u4e86118\u5143\u7ea2\u5305\uff01\uff01"}, {"userName": "\u9547\u80d6\u4e86\u4f60\u4eec", "userReviewDate": "2018-04-12", "userURL": "http://user.17k.com/15513751", "userReview": "[\u6253\u8d4f]\u6211\u6253\u8d4f\u4e8688\u5143\u7ea2\u5305\uff01\uff01"}, {"userName": "\u6e29\u5cad\u95f2\u4eba", "userReviewDate": "2018-03-02", "userURL": "http://user.17k.com/3530247", "userReview": "[\u6253\u8d4f]\u6211\u6253\u8d4f\u4e8688\u5143\u7ea2\u5305\uff01\uff01"}, {"userName": "\u84dd\u5c71\u8bed\u8336", "userReviewDate": "2018-02-11", "userURL": "http://user.17k.com/13354816", "userReview": "\u60ac\u677e\u840c\u82bd\u77f3\u7f1d\u4e2d\uff0c\u78a7\u7eff\u7f18\u81ea\u4e00\u8154\u60c5\u3002\u5929\u751f\u96c4\u624d\u62c5\u5927\u7528\uff0c\u4e58\u98ce\u7834\u6d6a\u5b98\u7f51\u6210\u3002"}, {"userName": "\u6c89\u6b4c\u672c\u5c0a", "userReviewDate": "2018-02-08", "userURL": "http://user.17k.com/38584084", "userReview": "[\u6253\u8d4f]\u6211\u6253\u8d4f\u4e86188\u5143\u7ea2\u5305\uff01\uff01"}, {"userName": "17K\u4e66\u53cbmtzpbfgj", "userReviewDate": "2018-06-08", "userURL": "http://user.17k.com/60258860", "userReview": "\u52a0\u6cb9\u975e\u5e38\u597d\u770b"}, {"userName": "17K\u4e66\u53cbmtzpbfgj", "userReviewDate": "2018-06-07", "userURL": "http://user.17k.com/60258860", "userReview": "\u52a0\u6cb9\u975e\u5e38\u597d\u770b"}, {"userName": "\u73af\u73af\u4e00\u8885\u695a\u5bab\u8170", "userReviewDate": "2018-06-06", "userURL": "http://user.17k.com/59811233", "userReview": "\u4e9a\u519b\u8036\uff0c\u5411\u5927\u5927\u5b66\u4e60\uff01\u4ee5\u540e\u6bcf\u5929\u6765\u901b\u4e00\u5708\uff0c\u5438\u6536\u5438\u6536\u7075\u6c14\uff01"}, {"userName": "17K\u4e66\u53cbmtzpbfgj", "userReviewDate": "2018-06-06", "userURL": "http://user.17k.com/60258860", "userReview": "\u52a0\u6cb9\u975e\u5e38\u597d\u770b"}, {"userName": "\u661f\u7a7a\u591c\u68a6\u8d30", "userReviewDate": "2018-06-04", "userURL": "http://user.17k.com/58011970", "userReview": "<span style='color:red'>\u6211\u8bf4\u8fc7\u6765\u6295\u7968\u5565\u7684\uff0c\u6ca1\u60f3\u5230\u8fd9\u4e2a\u6bd4\u8d5b\u5df2\u7ecf\u7ed3\u675f\u4e86\u3002\u4e0d\u8fc7\u80af\u5b9a\u706f\u706b\u7684\u540d\u6b21\u90a3\u4e48\u9ad8\uff0c\u6211\u5c31\u5f88\u6b23\u6170\u4e86\u3002\u52a0\u6cb9\uff0c\u63a5\u4e0b\u6765\u7ee7\u7eed\u52aa\u529b\uff0c\u4f60\u662f\u6700\u68d2\u7684\u3002</span>"}, {"userName": "\u661f\u7a7a\u591c\u68a6\u8d30", "userReviewDate": "2018-06-04", "userURL": "http://user.17k.com/58011970", "userReview": "<span style='color:red'>\u6295\u7968\u7ed3\u675f\u4e86\uff0c\u90a3\u6211\u5c31\u6492\u82b1\u5427\uff01</span>"}, {"userName": "\u73af\u73af\u4e00\u8885\u695a\u5bab\u8170", "userReviewDate": "2018-06-04", "userURL": "http://user.17k.com/59811233", "userReview": "\u7b7e\u5230\u652f\u6301\uff01"}, {"userName": "17K\u4e66\u53cbmtzpbfgj", "userReviewDate": "2018-06-04", "userURL": "http://user.17k.com/60258860", "userReview": "\u597d\u770b\u975e\u5e38\u68d2"}, {"userName": "17K\u4e66\u53cbmtzpbfgj", "userReviewDate": "2018-06-03", "userURL": "http://user.17k.com/60258860", "userReview": "\u52a0\u6cb9\u975e\u5e38\u597d\u770b"}, {"userName": "\u7965\u7fbd13342190077", "userReviewDate": "2018-06-02", "userURL": "http://user.17k.com/49645641", "userReview": "[\u6253\u8d4f]\u6211\u6253\u8d4f\u4e861\u4e2a'\u9e21\u8840'\uff01\uff01"}, {"userName": "\u5723\u9690\u5e1d\u5143", "userReviewDate": "2018-06-02", "userURL": "http://user.17k.com/57760595", "userReview": "\u7b7e\u5230\u652f\u6301\uff01"}, {"userName": "\u73af\u73af\u4e00\u8885\u695a\u5bab\u8170", "userReviewDate": "2018-06-02", "userURL": "http://user.17k.com/59811233", "userReview": "\u6765\u770b\u770b\uff01\u65e9\u597d\uff01"}, {"userName": "17K\u4e66\u53cbmtzpbfgj", "userReviewDate": "2018-06-02", "userURL": "http://user.17k.com/60258860", "userReview": "\u975e\u5e38\u597d\u770b\u52a0\u6cb9"}, {"userName": "17K\u4e66\u53cbmtzpbfgj", "userReviewDate": "2018-06-01", "userURL": "http://user.17k.com/60258860", "userReview": "\u975e\u5e38\u597d\u770b\u52a0\u6cb9"}, {"userName": "\u73af\u73af\u4e00\u8885\u695a\u5bab\u8170", "userReviewDate": "2018-05-31", "userURL": "http://user.17k.com/59811233", "userReview": "\u6700\u7f8e\u597d\u7684\u751f\u6d3b\u65b9\u5f0f\uff0c \u4e0d\u662f\u8eba\u5728\u5e8a\u4e0a\u7761\u5230\u81ea\u7136\u9192\uff0c \u4e5f\u4e0d\u662f\u5750\u5728\u5bb6\u91cc\u65e0\u6240\u4e8b\u4e8b\uff0c \u66f4\u4e0d\u662f\u8d70\u5728\u8857\u4e0a\u968f\u610f\u8d2d\u7269\uff1b \u800c\u662f\uff0c\u548c\u4e00\u7fa4\u5fd7\u540c\u9053\u5408\u7684\u4eba\uff0c \u4e00\u8d77\u5954\u8dd1\u5728\u7406\u60f3\u7684\u8def\u4e0a\uff0c \u56de\u5934\u6709\u4e00\u8def\u7684\u6545\u4e8b\uff0c \u4f4e\u5934\u6709\u575a\u5b9a\u7684\u811a\u6b65\uff0c \u62ac\u5934\u6709\u6e05\u6670\u7684\u8fdc\u65b9\uff01"}], "description": "\u6ca1\u6709\u7f8e\u5973\u76f8\u4f34\uff0c\u6ca1\u6709\u5e0c\u671b\u7684\u4eba\u751f\uff0c\u65e0\u5f02\u4e8e\u884c\u5c38\u8d70\u8089\uff1f\u3000\u3000\u5403\u767e\u5bb6\u996d\u957f\u5927\u7684\u5b64\u513f\uff0c\u5982\u4f55\u5728\u5b98\u573a\u4e2d\u4e0a\u6f14\u9006\u88ad\uff1f\u3000\u3000\u4e3a\u4e86\u751f\u5b58\u53ef\u4ee5\u4e0d\u8981\u9762\u5b50\u7684\u7537\u4eba\uff0c\u5982\u4f55\u8ffd\u5230\u5973\u795e\uff1f\u3000\u3000\u4ed5\u8005\u52bf\u4e5f\uff01\u6843\u8fd0\u4e0d\u65ad\u7684\u5b64\u513f\u5982\u4f55\u501f\u52bf\u800c\u8d77\uff0c\u4e00\u6b65\u6b65\u8d70\u5411\u5dc5\u5cf0\uff01\u3000\u3000\u672c\u4e66\u4e66\u53cb\u7fa4\u53f7:214076667\u6b22\u8fce\u52a0\u5165\uff01\u3000\u3000\u706f\u706b\u5728\u533b\u9662\u624b\u672f\uff0c\u5982\u679c\u65ad\u66f4\u6216\u8005\u5c11\u66f4\u8bf7\u5927\u5bb6\u591a\u591a\u539f\u8c05\uff01\u6211\u4e5f\u4e0d\u77e5\u9053\u672f\u540e\u6062\u590d\u548b\u6837\uff0c\u8fd9\u4e2a\u6708\u7206\u66f4\u6ca1\u6709\u4e86\u5b58\u7a3f\uff0c\u5bf9\u4e0d\u8d77\u5927\u5bb6\uff01", "title": "\u5b98\u7f51\u4e4b\u4e58\u98ce\u7834\u6d6a", "url": "http://www.17k.com/book/2773272.html", "average": -1.0, "cover": "http://img.17k.com/images/bookcover/2018/13866/69/2773272-1518006595000.jpg", "reviews": 198680, "authors": [{"url": "http://www.17k.com/zuozhe/11264192", "name": "\u4ed6\u4e61\u7684\u706f\u706b"}], "type": ["\u5b98\u573a\u98ce\u4e91"], "outlinks": ["http://www.17k.com/book/2794982.html", "http://www.17k.com/book/2801292.html", "http://www.17k.com/book/2816318.html", "http://www.17k.com/book/2797575.html", "http://www.17k.com/book/2802516.html", "http://www.17k.com/book/2812195.html", "http://www.17k.com/book/2820143.html", "http://www.17k.com/book/2807943.html", "http://www.17k.com/book/2813457.html", "http://www.17k.com/book/2798058.html", "http://www.17k.com/book/2815617.html", "http://www.17k.com/book/2805259.html", "http://www.17k.com/book/2760255.html", "http://www.17k.com/book/2686894.html", "http://www.17k.com/book/2797016.html", "http://www.17k.com/book/2767246.html", "http://www.17k.com/book/2764239.html", "http://www.17k.com/book/2754498.html", "http://www.17k.com/book/2754900.html", "http://www.17k.com/book/2625740.html", "http://www.17k.com/book/2213315.html", "http://www.17k.com/book/2402178.html", "http://www.17k.com/book/2691221.html", "http://www.17k.com/book/2210699.html", "http://www.17k.com/book/1797752.html", "http://www.17k.com/book/2575507.html", "http://www.17k.com/book/2705181.html", "http://www.17k.com/book/2702539.html", "http://www.17k.com/book/2474887.html", "http://www.17k.com/book/2674733.html", "http://www.17k.com/book/2822076.html", "http://www.17k.com/book/2809894.html", "http://www.17k.com/book/2822077.html", "http://www.17k.com/book/2811930.html", "http://www.17k.com/book/2815548.html", "http://www.17k.com/book/2819620.html", "http://www.17k.com/book/2809964.html", "http://www.17k.com/book/2808200.html", "http://www.17k.com/book/2820100.html", "http://www.17k.com/book/2822978.html", "http://www.17k.com/book/2804337.html", "http://www.17k.com/book/2798814.html", "http://www.17k.com/book/2785153.html", "http://www.17k.com/book/2731559.html", "http://www.17k.com/book/2722533.html", "http://www.17k.com/book/2458377.html", "http://www.17k.com/book/2743300.html", "http://www.17k.com/book/973809.html", "http://www.17k.com/book/2651367.html", "http://www.17k.com/book/2726194.html", "http://www.17k.com/book/2790214.html", "http://www.17k.com/book/493239.html", "http://www.17k.com/book/108821.html", "http://www.17k.com/book/1398783.html", "http://www.17k.com/book/83528.html", "http://www.17k.com/book/1859126.html", "http://www.17k.com/book/1741975.html", "http://www.17k.com/book/192453.html", "http://www.17k.com/book/2459058.html", "http://www.17k.com/book/1050747.html", "http://www.17k.com/book/2700315.html", "http://www.17k.com/book/2818940.html", "http://www.17k.com/book/2819519.html", "http://www.17k.com/book/2816390.html", "http://www.17k.com/book/2819588.html", "http://www.17k.com/book/2813768.html", "http://www.17k.com/book/2822406.html", "http://www.17k.com/book/2772164.html", "http://www.17k.com/book/2784023.html", "http://www.17k.com/book/2811877.html", "http://www.17k.com/book/2809119.html", "http://www.17k.com/book/2803700.html", "http://www.17k.com/book/2819561.html", "http://www.17k.com/book/2746506.html", "http://www.17k.com/book/2811836.html", "http://www.17k.com/book/2614810.html", "http://www.17k.com/book/1592435.html", "http://www.17k.com/book/1949748.html", "http://www.17k.com/book/2265802.html", "http://www.17k.com/book/2743240.html", "http://www.17k.com/book/2657437.html", "http://www.17k.com/book/2644502.html", "http://www.17k.com/book/2199900.html", "http://www.17k.com/book/2725436.html", "http://www.17k.com/book/2629978.html"]}