{"ratings": -1, "userreviews": [{"userName": "\u96e8\u6668233", "userReviewDate": "2018-06-07", "userURL": "http://user.17k.com/60804302", "userReview": "\u665a\u4e0a\u597d\u554a~"}, {"userName": "\u683c\u5b50\u843d", "userReviewDate": "2018-06-06", "userURL": "http://user.17k.com/58858101", "userReview": "\u597d\uff0c\u597d\uff0c\u597d"}, {"userName": "yaitita575233389", "userReviewDate": "2018-05-17", "userURL": "http://user.17k.com/57862521", "userReview": "\u8fd9\u672c\u4e66\u592a\u68d2\u4e86\uff01\u9f13\u52b1\u4e00\u4e0b\uff0c\u5e0c\u671b\u540e\u7eed\u66f4\u52a0\u7cbe\u5f69\uff01"}, {"userName": "\u592e\u5b50\u5440", "userReviewDate": "2018-05-04", "userURL": "http://user.17k.com/60344960", "userReview": "\u652f\u6301"}, {"userName": "\u6708\u843d\u68a6\u8ffd\u5fc6", "userReviewDate": "2018-04-29", "userURL": "http://user.17k.com/57478135", "userReview": "\u5c01\u9762\u597d\u770b\u5450\uff0c\u5047\u671f\u6109\u5feb"}, {"userName": "\u6e05\u51c9\u5982\u610f", "userReviewDate": "2018-04-28", "userURL": "http://user.17k.com/2473401", "userReview": "\u5fae\u5c18\u5f00\u65b0\u4e66\u5566\uff0c\u7ee7\u7eed\u706b\u706b\u706b\uff01"}, {"userName": "\u6e05\u51c9\u5982\u610f", "userReviewDate": "2018-04-28", "userURL": "http://user.17k.com/2473401", "userReview": "[\u6253\u8d4f]\u6211\u6253\u8d4f\u4e8618\u5143\u7ea2\u5305\uff01\uff01"}, {"userName": "\u6708\u843d\u68a6\u8ffd\u5fc6", "userReviewDate": "2018-04-21", "userURL": "http://user.17k.com/57478135", "userReview": "\u5199\u4e66\u4e0d\u6613\uff0c\u8ffd\u5fc6\u524d\u6765\u52a9\u9635\uff0c\u5f3a\u52bf\u652f\u6301\uff0c\u5c01\u9762\u597d\u7f8e\u554ao(\u2267v\u2266)o"}, {"userName": "\u5c9a\u5b50\u672c\u5c0a", "userReviewDate": "2018-04-18", "userURL": "http://user.17k.com/38917475", "userReview": "[\u6253\u8d4f]\u6211\u6253\u8d4f\u4e8618\u5143\u7ea2\u5305\uff01\uff01"}], "description": "\u7d22\u7ef0\u7f57\u00b7\u4e91\u6c50\u91cd\u751f\u4e86\uff0c\u4e5f\u6e05\u9192\u4e86\uff0c\u539f\u6765\uff0c\u5979\u4ee5\u4e3a\u7684\u4ed8\u51fa\u5728\u522b\u4eba\u770b\u6765\u4e0d\u8fc7\u662f\u4e00\u573a\u7b11\u8bdd\u2026\u2026\u3000\u3000\u5802\u59d0\u8c0b\u5f97\u662f\u8363\u534e\u5bcc\u8d35\uff01\u3000\u3000\u5bb6\u65cf\u8c0b\u5f97\u662f\u5f80\u65e5\u8363\u5149\uff01\u3000\u3000\u800c\u5979\u540d\u4e49\u4e0a\u7684\u4e08\u592b\u8c0b\u5f97\u662f\u9526\u7ee3\u524d\u7a0b\uff0c\u4ea6\u662f\u65e7\u60c5\u96be\u5fd8\uff01\u3000\u3000\u552f\u72ec\u5979\u9519\u4ed8\u771f\u5fc3\uff0c\u4ee5\u81f3\u4e8e\u88ab\u5265\u593a\u4e00\u5207\u3002\u65e2\u662f\u5982\u6b64\uff0c\u90a3\u5979\u4fbf\u6536\u8d77\u771f\u5fc3\uff0c\u4e13\u5e72\u6bc1\u4eba\u4e0d\u5026\u7684\u4e8b\uff0c\u53ea\u662f\u8981\u5bf9\u4ed8\u4ed6\u4eec\uff0c\u5979\u603b\u5f97\u627e\u4e2a\u80fd\u501f\u529b\u7684\u4eba\u2026\u2026\u53ea\u662f\u610f\u5916\u9891\u53d1\uff0c\u7ed3\u679c\u867d\u7136\u6bd4\u5979\u60f3\u5f97\u597d\uff0c\u53ef\u662f\u8d8a\u662f\u9760\u8fd1\u90a3\u4e00\u4f4d\u5979\u5c31\u8d8a\u611f\u89c9\u719f\u6089\uff0c\u751a\u81f3\u8fd8\u6709\u4e00\u79cd\u53c8\u88ab\u4eba\u8c0b\u7b97\u4e86\u7684\u611f\u89c9\u2026\u2026\u3000\u3000PS\uff1a\u6b64\u4e3a\u5c0f\u8bf4\uff0c\u8eab\u4efd\u65e0\u4ece\u8003\u636e\uff0c\u5207\u52ff\u5f53\u771f\u3002", "title": "\u5ba0\u5983\u6253\u8138\u65e5\u5e38", "url": "http://www.17k.com/book/2805000.html", "average": -1.0, "cover": "http://img.17k.com/images/bookcover/2018/14025/70/2805000-1524031099000.jpg", "reviews": 59368, "authors": [{"url": "http://www.17k.com/zuozhe/49117496", "name": "\u6708\u4e0b\u5fae\u5c18"}], "type": ["\u53e4\u4ee3\u91cd\u751f"], "outlinks": ["http://www.17k.com/book/2794982.html", "http://www.17k.com/book/2801292.html", "http://www.17k.com/book/2816318.html", "http://www.17k.com/book/2797575.html", "http://www.17k.com/book/2802516.html", "http://www.17k.com/book/2812195.html", "http://www.17k.com/book/2820143.html", "http://www.17k.com/book/2807943.html", "http://www.17k.com/book/2813457.html", "http://www.17k.com/book/2798058.html", "http://www.17k.com/book/2815617.html", "http://www.17k.com/book/2805259.html", "http://www.17k.com/book/2760255.html", "http://www.17k.com/book/2686894.html", "http://www.17k.com/book/2797016.html", "http://www.17k.com/book/2767246.html", "http://www.17k.com/book/2764239.html", "http://www.17k.com/book/2754498.html", "http://www.17k.com/book/2754900.html", "http://www.17k.com/book/2625740.html", "http://www.17k.com/book/2213315.html", "http://www.17k.com/book/2402178.html", "http://www.17k.com/book/2691221.html", "http://www.17k.com/book/2210699.html", "http://www.17k.com/book/1797752.html", "http://www.17k.com/book/2575507.html", "http://www.17k.com/book/2705181.html", "http://www.17k.com/book/2702539.html", "http://www.17k.com/book/2474887.html", "http://www.17k.com/book/2674733.html", "http://www.17k.com/book/2822076.html", "http://www.17k.com/book/2809894.html", "http://www.17k.com/book/2822077.html", "http://www.17k.com/book/2811930.html", "http://www.17k.com/book/2815548.html", "http://www.17k.com/book/2819620.html", "http://www.17k.com/book/2809964.html", "http://www.17k.com/book/2808200.html", "http://www.17k.com/book/2820100.html", "http://www.17k.com/book/2822978.html", "http://www.17k.com/book/2804337.html", "http://www.17k.com/book/2798814.html", "http://www.17k.com/book/2785153.html", "http://www.17k.com/book/2731559.html", "http://www.17k.com/book/2722533.html", "http://www.17k.com/book/2458377.html", "http://www.17k.com/book/2743300.html", "http://www.17k.com/book/973809.html", "http://www.17k.com/book/2651367.html", "http://www.17k.com/book/2726194.html", "http://www.17k.com/book/2790214.html", "http://www.17k.com/book/493239.html", "http://www.17k.com/book/108821.html", "http://www.17k.com/book/1398783.html", "http://www.17k.com/book/83528.html", "http://www.17k.com/book/1859126.html", "http://www.17k.com/book/1741975.html", "http://www.17k.com/book/192453.html", "http://www.17k.com/book/2459058.html", "http://www.17k.com/book/1050747.html", "http://www.17k.com/book/2700315.html", "http://www.17k.com/book/2818940.html", "http://www.17k.com/book/2819519.html", "http://www.17k.com/book/2816390.html", "http://www.17k.com/book/2819588.html", "http://www.17k.com/book/2813768.html", "http://www.17k.com/book/2822406.html", "http://www.17k.com/book/2772164.html", "http://www.17k.com/book/2784023.html", "http://www.17k.com/book/2811877.html", "http://www.17k.com/book/2809119.html", "http://www.17k.com/book/2803700.html", "http://www.17k.com/book/2819561.html", "http://www.17k.com/book/2746506.html", "http://www.17k.com/book/2811836.html", "http://www.17k.com/book/2614810.html", "http://www.17k.com/book/1592435.html", "http://www.17k.com/book/1949748.html", "http://www.17k.com/book/2265802.html", "http://www.17k.com/book/2743240.html", "http://www.17k.com/book/2657437.html", "http://www.17k.com/book/2644502.html", "http://www.17k.com/book/2199900.html", "http://www.17k.com/book/2725436.html", "http://www.17k.com/book/2629978.html"]}