{"ratings": -1, "userreviews": [{"userName": "17K\u4e66\u53cb9QKF6QAE", "userReviewDate": "2018-06-02", "userURL": "http://user.17k.com/60976903", "userReview": "[\u6253\u8d4f]\u6211\u6253\u8d4f\u4e861\u4e2a'\u5c0f\u5fc3\u5fc3'\uff01\uff01"}, {"userName": "17K\u4e66\u53cb413oiupi", "userReviewDate": "2018-05-30", "userURL": "http://user.17k.com/62325737", "userReview": "[\u6253\u8d4f]\u6211\u6253\u8d4f\u4e861\u5143\u7ea2\u5305\uff01\uff01"}, {"userName": "17K\u4e66\u53cb3s5qagqh", "userReviewDate": "2018-05-24", "userURL": "http://user.17k.com/62007936", "userReview": "\u4e0d\u5f97\u4e0d\u8bf4\uff0c\u5973\u4e3b\u524d\u671f\u667a\u5546\u771f\u7684\u7ed9\u8dea\u4e86"}, {"userName": "\u6708\u843d\u68a6\u8ffd\u5fc6", "userReviewDate": "2018-05-20", "userURL": "http://user.17k.com/57478135", "userReview": "\u521d\u8bbf\u652f\u6301\uff0c\u8282\u65e5\u6109\u5feb\uff0c\u6c6aemmmm"}, {"userName": "\u968f\u9047\u800c\u5b89088398766", "userReviewDate": "2018-05-16", "userURL": "http://user.17k.com/58847308", "userReview": "[\u6253\u8d4f]\u6211\u6253\u8d4f\u4e861\u5143\u7ea2\u5305\uff01\uff01"}, {"userName": "\u968f\u9047\u800c\u5b89088398766", "userReviewDate": "2018-05-16", "userURL": "http://user.17k.com/58847308", "userReview": "\u6211\u89c9\u5f97\u5f88\u597d\u770b\u7684"}, {"userName": "\u751c\u70b9\u4eca\u5929\u753b\u753b\u4e86\u5417", "userReviewDate": "2018-05-15", "userURL": "http://user.17k.com/55514502", "userReview": "\u6211\u89c9\u5f97\u597d\u770b\u554a"}, {"userName": "\u968f\u9047\u800c\u5b89088398766", "userReviewDate": "2018-05-15", "userURL": "http://user.17k.com/58847308", "userReview": "\u5199\u7684\u4e0d\u9519\u554a"}, {"userName": "\u4e03\u6708.&#55356;&#57152;", "userReviewDate": "2018-05-14", "userURL": "http://user.17k.com/61789019", "userReview": "\u5199\u7684\u4e5f\u592a\u968f\u4fbf\u4e86\u5427"}, {"userName": "\u98ce\u6708\u7f8e\u54b2", "userReviewDate": "2018-05-14", "userURL": "http://user.17k.com/9680173", "userReview": "\u643a<a target='_blank' href='http://www.17k.com/book/2652729.html'>\u300a\u603b\u88c1\u7684\u5929\u4ef7\u5a07\u59bb\u300b</a>\u6765\u8bbf\u4e86"}, {"userName": "\u9ec4\u5bb9879718328", "userReviewDate": "2018-05-09", "userURL": "http://user.17k.com/61576933", "userReview": "\u4e71\u4e03\u516b\u7cdf\uff0c\u5468\u56f4\u6284\u88ad\u62fc\u51d1\u7684\u5427\uff01"}, {"userName": "jy886998680", "userReviewDate": "2018-04-29", "userURL": "http://user.17k.com/61336382", "userReview": "\u674e\u6cfd\u8a00\u3002\uff1f"}, {"userName": "\u73af\u73af\u4e00\u8885\u695a\u5bab\u8170", "userReviewDate": "2018-04-20", "userURL": "http://user.17k.com/59811233", "userReview": "\u5927\u5927\uff0c\u665a\u4e0a\u597d\uff01"}, {"userName": "yaitita546879446", "userReviewDate": "2018-04-18", "userURL": "http://user.17k.com/54107938", "userReview": "\u8d5e\u8d5e\u8d5e\uff01\uff01\uff01&#55357;&#56397;&#55357;&#56397;&#55357;&#56397;"}, {"userName": "\u6731\u7434\u829d", "userReviewDate": "2018-04-17", "userURL": "http://user.17k.com/55999481", "userReview": "[\u6253\u8d4f]\u6211\u6253\u8d4f\u4e861\u4e2a'\u5c0f\u5fc3\u5fc3'\uff01\uff01"}, {"userName": "\u5468\u5bb6\u5c0f\u59d0\u59d0", "userReviewDate": "2018-04-14", "userURL": "http://user.17k.com/59004807", "userReview": "\u5c0f\u65b0\u4eba\u521d\u6b21\u62dc\u8bbf\uff0c\u8bf7\u591a\u591a\u6307\u6559\uff0c\u5df2\u6536\u85cf\u5566\uff5e"}, {"userName": "\u4e00\u7247\u7eff\u53f6033561748", "userReviewDate": "2018-04-14", "userURL": "http://user.17k.com/60172558", "userReview": "[\u6253\u8d4f]\u6211\u6253\u8d4f\u4e862\u5143\u7ea2\u5305\uff01\uff01"}, {"userName": "\u7f8e\u76ee\u76fc\u516e077824324", "userReviewDate": "2018-04-14", "userURL": "http://user.17k.com/60970939", "userReview": "\u4e71\u4e03\u516b\u7cdf\u7684\uff0c\u6ca1\u770b\u70b9"}, {"userName": "\u6625\u5c71\u4e00\u6735", "userReviewDate": "2018-04-07", "userURL": "http://user.17k.com/44606259", "userReview": "\u52a0\u6cb9\uff0c\u652f\u6301\u4f60\u3002"}, {"userName": "\u5f69\u4e91\u98de549747249", "userReviewDate": "2018-03-28", "userURL": "http://user.17k.com/60158255", "userReview": "[\u6253\u8d4f]\u6211\u6253\u8d4f\u4e861\u4e2a'\u5c0f\u5fc3\u5fc3'\uff01\uff01"}], "description": "\u90a3\u4e00\u665a\u590f\u6749\u6749\u88ab\u672a\u5a5a\u592b\u704c\u9189\uff0c\u5931\u53bb\u4e86\u6700\u5b9d\u8d35\u7684\u4e1c\u897f\u3002\u3000\u3000\u53bb\u533b\u9662\u505a\u5b55\u68c0\uff0c\u7adf\u7136\u53d1\u73b0\u4ed6\u7684\u672a\u5a5a\u592b\u966a\u522b\u7684\u5973\u4eba\u6765\u505a\u68c0\u67e5\uff0c\u8fd8\u8bf4\u81ea\u5df1\u7ed9\u4ed6\u6234\u4e86\u7eff\u5e3d\u5b50\uff1f\u3000\u3000\u5929\u5450\uff0c\u8fd9\u4e2a\u4e16\u754c\u600e\u4e48\u4f1a\u6709\u5982\u6b64\u65e0\u803b\u7684\u6e23\u7537\uff01\u3000\u3000\u590f\u6749\u6749\u6c14\u7684\u6655\u5012\uff0c\u5374\u56e0\u7978\u5f97\u798f\u88ab\u5e05\u6c14\u7684\u603b\u88c1\u6551\u52a9\u3002\u3000\u3000\u9738\u9053\u603b\u88c1\u4f60\u597d\uff0c\u8bf7\u95ee\u4f60\u662f\u53eb\u674e\u6cfd\u8a00\u4e48\uff1f", "title": "\u5ba0\u5a5a\u4e07\u4e07\u5c81", "url": "http://www.17k.com/book/2760220.html", "average": -1.0, "cover": "http://img.17k.com/images/bookcover/2018/13801/69/2760220-1517473703000.jpg", "reviews": 88830, "authors": [{"url": "http://www.17k.com/zuozhe/59512025", "name": "\u54ce\u5537"}], "type": ["\u5a5a\u604b\u7231\u60c5"], "outlinks": ["http://www.17k.com/book/2794982.html", "http://www.17k.com/book/2801292.html", "http://www.17k.com/book/2816318.html", "http://www.17k.com/book/2797575.html", "http://www.17k.com/book/2802516.html", "http://www.17k.com/book/2812195.html", "http://www.17k.com/book/2820143.html", "http://www.17k.com/book/2807943.html", "http://www.17k.com/book/2813457.html", "http://www.17k.com/book/2798058.html", "http://www.17k.com/book/2815617.html", "http://www.17k.com/book/2805259.html", "http://www.17k.com/book/2760255.html", "http://www.17k.com/book/2686894.html", "http://www.17k.com/book/2797016.html", "http://www.17k.com/book/2767246.html", "http://www.17k.com/book/2764239.html", "http://www.17k.com/book/2754498.html", "http://www.17k.com/book/2754900.html", "http://www.17k.com/book/2625740.html", "http://www.17k.com/book/2213315.html", "http://www.17k.com/book/2402178.html", "http://www.17k.com/book/2691221.html", "http://www.17k.com/book/2210699.html", "http://www.17k.com/book/1797752.html", "http://www.17k.com/book/2575507.html", "http://www.17k.com/book/2705181.html", "http://www.17k.com/book/2702539.html", "http://www.17k.com/book/2474887.html", "http://www.17k.com/book/2674733.html", "http://www.17k.com/book/2822076.html", "http://www.17k.com/book/2809894.html", "http://www.17k.com/book/2822077.html", "http://www.17k.com/book/2811930.html", "http://www.17k.com/book/2815548.html", "http://www.17k.com/book/2819620.html", "http://www.17k.com/book/2809964.html", "http://www.17k.com/book/2808200.html", "http://www.17k.com/book/2820100.html", "http://www.17k.com/book/2822978.html", "http://www.17k.com/book/2804337.html", "http://www.17k.com/book/2798814.html", "http://www.17k.com/book/2785153.html", "http://www.17k.com/book/2731559.html", "http://www.17k.com/book/2722533.html", "http://www.17k.com/book/2458377.html", "http://www.17k.com/book/2743300.html", "http://www.17k.com/book/973809.html", "http://www.17k.com/book/2651367.html", "http://www.17k.com/book/2726194.html", "http://www.17k.com/book/2790214.html", "http://www.17k.com/book/493239.html", "http://www.17k.com/book/108821.html", "http://www.17k.com/book/1398783.html", "http://www.17k.com/book/83528.html", "http://www.17k.com/book/1859126.html", "http://www.17k.com/book/1741975.html", "http://www.17k.com/book/192453.html", "http://www.17k.com/book/2459058.html", "http://www.17k.com/book/1050747.html", "http://www.17k.com/book/2700315.html", "http://www.17k.com/book/2818940.html", "http://www.17k.com/book/2819519.html", "http://www.17k.com/book/2816390.html", "http://www.17k.com/book/2819588.html", "http://www.17k.com/book/2813768.html", "http://www.17k.com/book/2822406.html", "http://www.17k.com/book/2772164.html", "http://www.17k.com/book/2784023.html", "http://www.17k.com/book/2811877.html", "http://www.17k.com/book/2809119.html", "http://www.17k.com/book/2803700.html", "http://www.17k.com/book/2819561.html", "http://www.17k.com/book/2746506.html", "http://www.17k.com/book/2811836.html", "http://www.17k.com/book/2614810.html", "http://www.17k.com/book/1592435.html", "http://www.17k.com/book/1949748.html", "http://www.17k.com/book/2265802.html", "http://www.17k.com/book/2743240.html", "http://www.17k.com/book/2657437.html", "http://www.17k.com/book/2644502.html", "http://www.17k.com/book/2199900.html", "http://www.17k.com/book/2725436.html", "http://www.17k.com/book/2629978.html"]}