{"ratings": -1, "userreviews": [{"userName": "trj666034072", "userReviewDate": "2018-06-08", "userURL": "http://user.17k.com/59508458", "userReview": "\u54c8\u54c8\u54c8\u54c8&#55357;&#56842;"}, {"userName": "17K\u4e66\u53cbhjbc7mjq", "userReviewDate": "2018-06-06", "userURL": "http://user.17k.com/57992586", "userReview": "\u8fd8\u6ca1\u6709\u770b\u4e0d\u6653\u5f97\u548b\u4e2a\u6837"}, {"userName": "trj666034072", "userReviewDate": "2018-06-05", "userURL": "http://user.17k.com/59508458", "userReview": "666666"}, {"userName": "17K\u4e66\u53cbYZAEWO6E", "userReviewDate": "2018-06-05", "userURL": "http://user.17k.com/61436569", "userReview": "\u3002\u3002\u3002\u3002\u3002\u3002\u3002"}, {"userName": "17K\u4e66\u53cbhjbc7mjq", "userReviewDate": "2018-06-04", "userURL": "http://user.17k.com/57992586", "userReview": "\u8fd8\u4e0d\u77e5\u9053\u597d\u770b\u4e0d"}, {"userName": "yaitita546879446", "userReviewDate": "2018-06-03", "userURL": "http://user.17k.com/54107938", "userReview": "\u8fd9\u672c\u4e66\u592a\u68d2\u4e86\uff01\u9f13\u52b1\u4e00\u4e0b\uff0c\u5e0c\u671b\u540e\u7eed\u66f4\u52a0\u7cbe\u5f69\uff01"}, {"userName": "?\u7cfe\u7d50\u7684\u309e\u611b\u60c5661951342", "userReviewDate": "2018-06-03", "userURL": "http://user.17k.com/57468410", "userReview": "\u6478\u6478\u4f60\u54aa\u54aa\u543c\u543c\u543c\u543c\u516c\u5b50\u4e16\u65e0\u53cc\u65b0\u6c11\u4eb2\u4eb2\u5a46\u5a18"}, {"userName": "\u4f18\u4f18\u5416", "userReviewDate": "2018-06-03", "userURL": "http://user.17k.com/61308631", "userReview": "\u4e24\u5c81\u8bc6\u5b57,\u56db\u5c81\u4f1a\u5fc3\u7b97,\u4e94\u5c81\u80cc\u5b8c\u5510\u8bd7\u4e09\u767e\u9996,\u5341\u4e00\u5c81\u81ea\u5b66\u9ad8\u4e2d\u77e5\u8bc6,\u5341\u4e03\u5c81\u8ddf\u7740\u7238\u7238\u4e00\u8d77\u6253\u7406\u516c\u53f8\uff0c\u5341\u516b\u5c81\u4fdd\u9001\u5168\u7403\u6709\u540d\u5927\u5b66\u4e94\u5341\u6240\uff0c\u4e0d\u4ec5\u62e5\u6709\u8fc7\u76ee\u4e0d\u5fd8\u7684\u5f3a\u5927\u8bb0\u5fc6\u529b\uff0c\u8fd8\u6709\u8d85\u5f3a\u7684\u7269\u7406\u7a7a\u95f4\u63a8\u7406\u80fd\u529b\u4ee5\u53ca\u89c2\u5bdf\u529b\uff0c\u4f60\u4ee5\u4e3a\u4ec5\u6b64\u800c\u5df2\u5417\uff1f\u4e0d\uff0c\u4ed6\u8fd8\u6709\u4e00\u5f20\u98a0\u5012\u4f17\u751f\u7684\u8138\uff0c\u6240\u5230\u4e4b\u5904\uff0c\u7fa4\u82b1\u62dc\u5012\uff0c\u4ed6\u5374\u4e0d\u5c51\u4e00\u770b\uff0c\u800c\u5bf9\u6211\uff0c\u7ba1\u5f97\u5374\u50cf\u592a\u5e73\u6d0b\u4e00\u6837\u5bbd\uff0c\u522b\u4eba\u5bf9\u6211\u8868\u767d\uff0c\u4ed6\u7ba1\uff0c\u5bf9\u6211\u597d\u7684\uff0c\u4ed6\u4e5f\u7ba1\uff0c\u653e\u8bdd\u8bf4\u6211\u6562\u65e9\u604b\u5c31\u6253\u65ad\u522b\u4eba\u7684\u817f\uff0c\u4ed6\u8fd8\u771f\u6253\uff0c\u4e00\u70b9\u90fd\u4e0d\u8bb2\u7406\uff0c\u5b8c\u5168\u4e0d\u8bb2\u7406\uff0c\u592a\u4e0d\u8bb2\u7406\u4e86\u3002<a target='_blank' href='http://www.17k.com/book/2829075.html'>\u300a\u518d\u8bf4\u4e00\u6b21\u4f60\u8bf4\u7231\u6211\u300b</a><a target='_blank' href='http://user.17k.com/61308631'>@\u4f18\u4f18\u5416</a> \u9080\u8bf7\u4f60\u4e00\u8d77\u6765\u770b\u6821\u8349\u603b\u88c1\u7684\u604b\u7231\u54df"}, {"userName": "17K\u4e66\u53cbZEG1LGGQ", "userReviewDate": "2018-06-03", "userURL": "http://user.17k.com/62471721", "userReview": "\u3002\u3002\u3002\u3002\u3002\u3002\u3002\u3002"}, {"userName": "\u661f\u7a7a\u591c\u68a6\u58f9", "userReviewDate": "2018-06-03", "userURL": "http://user.17k.com/58116533", "userReview": "\u3002\u3002\u3002\u3002\u3002"}, {"userName": "trj666034072", "userReviewDate": "2018-06-03", "userURL": "http://user.17k.com/59508458", "userReview": "\u5feb\u5feb\u5feb\u5feb\u5feb\u5feb"}, {"userName": "\u9ad8\u7891\u5e97\u9505\u7089\u623f", "userReviewDate": "2018-06-03", "userURL": "http://user.17k.com/61232875", "userReview": "\u3002\u3002\u3002\u3002\u3002"}, {"userName": "yaitita", "userReviewDate": "2018-06-02", "userURL": "http://user.17k.com/11021340", "userReview": "\u8fd9\u672c\u4e66\u592a\u68d2\u4e86\uff01\u9f13\u52b1\u4e00\u4e0b\uff0c\u5e0c\u671b\u540e\u7eed\u66f4\u52a0\u7cbe\u5f69\uff01"}, {"userName": "17K\u4e66\u53cbK1N33268", "userReviewDate": "2018-06-02", "userURL": "http://user.17k.com/62233275", "userReview": "\u771f\u7684\u597d\u770b\uff01"}, {"userName": "17K\u4e66\u53cbK1N33268", "userReviewDate": "2018-06-02", "userURL": "http://user.17k.com/62233275", "userReview": "\u771f\u7684\u597d\u770b\uff01"}, {"userName": "17K\u4e66\u53cbN8I7K43T", "userReviewDate": "2018-06-02", "userURL": "http://user.17k.com/58229290", "userReview": "\u3002\u3002\u3002\u3002\u3002"}, {"userName": "\u6f2b\u5929\u661f\u8424", "userReviewDate": "2018-05-31", "userURL": "http://user.17k.com/56871683", "userReview": "\u7b49\u5f85\u66f4\u65b0\u4e2d......\uff0c\u795d\u5b57\u7801\u6109\u5feb\uff01\uff01"}, {"userName": "17K\u4e66\u53cbtqbm7985", "userReviewDate": "2018-05-31", "userURL": "http://user.17k.com/62174202", "userReview": "[\u6253\u8d4f]\u6211\u6253\u8d4f\u4e862\u5143\u7ea2\u5305\uff01\uff01"}, {"userName": "ENERGY233409894", "userReviewDate": "2018-05-31", "userURL": "http://user.17k.com/61529242", "userReview": "\u4e0d\u9519\u4e0d\u9519\u2026\u2026\u2026\u2026"}, {"userName": "\u575a\u6301\u4e0d\u61c8432187149", "userReviewDate": "2018-05-30", "userURL": "http://user.17k.com/54032031", "userReview": "666666"}], "description": "\u5979\u6025\u4e8e\u627e\u4e00\u4e2a\u7537\u4eba\u628a\u81ea\u5df1\u5ac1\u4e86\uff0c\u4e0d\u7ba1\u9ad8\u5e05\u5bcc\u6216\u8005\u77ee\u77ec\u7a77\uff0c\u80fd\u7ed9\u5979\u5a5a\u59fb\u5c31\u884c\u3002\u4ed6\u8feb\u4e8e\u6069\u5e08\u538b\u529b\u6025\u9700\u4e00\u4e2a\u59bb\u5b50\uff0c\u4e0d\u7ba1\u7f8e\u4e11\uff0c\u54c1\u884c\u597d\u5c31\u53ef\u4ee5\u3002\u3000\u3000\u5979\u53ea\u5f53\u7ed3\u5a5a\u591a\u4e86\u4e00\u5f20\u7eb8\uff0c\u591a\u4e86\u4e2a\u4eba\u5403\u996d\uff0c\u5374\u6ca1\u60f3\u665a\u4e0a\u518d\u56de\u5230\u623f\u95f4\u7684\u65f6\u95f4\u4ed6\u5df2\u7ecf\u8131\u597d\u8863\u670d\u5728\u5e8a\u4e0a\u7b49\u5979\u3002\u3000\u3000\u5979\u95ee\uff0c\u201c\u4f60\u5e72\u4ec0\u4e48\uff1f\u201d\u3000\u3000\u4ed6\u7b54\uff0c\u201c\u7761\u8001\u5a46\uff0c\u751f\u5b69\u5b50\uff01\u201d", "title": "\u5ba0\u5a5a\u64a9\u4eba", "url": "http://www.17k.com/book/2689736.html", "average": -1.0, "cover": "http://img.17k.com/images/bookcover/partner/97/36/2689736/2689736.jpg", "reviews": 354727, "authors": [{"url": "http://www.17k.com/zuozhe/56805969", "name": "\u58a8\u5b50\u5f52"}], "type": ["\u5a5a\u604b\u7231\u60c5"], "outlinks": ["http://www.17k.com/book/2794982.html", "http://www.17k.com/book/2801292.html", "http://www.17k.com/book/2816318.html", "http://www.17k.com/book/2797575.html", "http://www.17k.com/book/2802516.html", "http://www.17k.com/book/2812195.html", "http://www.17k.com/book/2820143.html", "http://www.17k.com/book/2807943.html", "http://www.17k.com/book/2813457.html", "http://www.17k.com/book/2798058.html", "http://www.17k.com/book/2815617.html", "http://www.17k.com/book/2805259.html", "http://www.17k.com/book/2760255.html", "http://www.17k.com/book/2686894.html", "http://www.17k.com/book/2797016.html", "http://www.17k.com/book/2767246.html", "http://www.17k.com/book/2764239.html", "http://www.17k.com/book/2754498.html", "http://www.17k.com/book/2754900.html", "http://www.17k.com/book/2625740.html", "http://www.17k.com/book/2213315.html", "http://www.17k.com/book/2402178.html", "http://www.17k.com/book/2691221.html", "http://www.17k.com/book/2210699.html", "http://www.17k.com/book/1797752.html", "http://www.17k.com/book/2575507.html", "http://www.17k.com/book/2705181.html", "http://www.17k.com/book/2702539.html", "http://www.17k.com/book/2474887.html", "http://www.17k.com/book/2674733.html", "http://www.17k.com/book/2822076.html", "http://www.17k.com/book/2809894.html", "http://www.17k.com/book/2822077.html", "http://www.17k.com/book/2811930.html", "http://www.17k.com/book/2815548.html", "http://www.17k.com/book/2819620.html", "http://www.17k.com/book/2809964.html", "http://www.17k.com/book/2808200.html", "http://www.17k.com/book/2820100.html", "http://www.17k.com/book/2822978.html", "http://www.17k.com/book/2804337.html", "http://www.17k.com/book/2798814.html", "http://www.17k.com/book/2785153.html", "http://www.17k.com/book/2731559.html", "http://www.17k.com/book/2722533.html", "http://www.17k.com/book/2458377.html", "http://www.17k.com/book/2743300.html", "http://www.17k.com/book/973809.html", "http://www.17k.com/book/2651367.html", "http://www.17k.com/book/2726194.html", "http://www.17k.com/book/2790214.html", "http://www.17k.com/book/493239.html", "http://www.17k.com/book/108821.html", "http://www.17k.com/book/1398783.html", "http://www.17k.com/book/83528.html", "http://www.17k.com/book/1859126.html", "http://www.17k.com/book/1741975.html", "http://www.17k.com/book/192453.html", "http://www.17k.com/book/2459058.html", "http://www.17k.com/book/1050747.html", "http://www.17k.com/book/2700315.html", "http://www.17k.com/book/2818940.html", "http://www.17k.com/book/2819519.html", "http://www.17k.com/book/2816390.html", "http://www.17k.com/book/2819588.html", "http://www.17k.com/book/2813768.html", "http://www.17k.com/book/2822406.html", "http://www.17k.com/book/2772164.html", "http://www.17k.com/book/2784023.html", "http://www.17k.com/book/2811877.html", "http://www.17k.com/book/2809119.html", "http://www.17k.com/book/2803700.html", "http://www.17k.com/book/2819561.html", "http://www.17k.com/book/2746506.html", "http://www.17k.com/book/2811836.html", "http://www.17k.com/book/2614810.html", "http://www.17k.com/book/1592435.html", "http://www.17k.com/book/1949748.html", "http://www.17k.com/book/2265802.html", "http://www.17k.com/book/2743240.html", "http://www.17k.com/book/2657437.html", "http://www.17k.com/book/2644502.html", "http://www.17k.com/book/2199900.html", "http://www.17k.com/book/2725436.html", "http://www.17k.com/book/2629978.html"]}