{"ratings": -1, "userreviews": [{"userName": "17K\u4e66\u53cb41YV9EFX", "userReviewDate": "2018-06-05", "userURL": "http://user.17k.com/62399677", "userReview": "\u600e\u4e48\u53c8\u8981\u5145\uff0c\u624d\u80fd\u770b\uff1f\uff1f"}, {"userName": "\u5b89\u742a324816334", "userReviewDate": "2018-06-03", "userURL": "http://user.17k.com/59264092", "userReview": "66666666"}, {"userName": "17K\u4e66\u53cbfzcjvjbv", "userReviewDate": "2018-06-03", "userURL": "http://user.17k.com/61930598", "userReview": "666666666666 666666666666666666666666666666666666666666666666"}, {"userName": "\u68a6\u98de2965294", "userReviewDate": "2018-05-18", "userURL": "http://user.17k.com/23007931", "userReview": "\u52a0\u6cb9\u52a0\u52a0\u6cb9\u52a0\u6cb9"}, {"userName": "\u9ed1\u9f99\u6c5f\u7684\u6c5f", "userReviewDate": "2018-05-16", "userURL": "http://user.17k.com/58752150", "userReview": "\u770b\u6587\u5b66\u4e60\uff01\u8305\u585e\u987f\u5f00\u2026\u2026"}, {"userName": "\u5b89\u742a324816334", "userReviewDate": "2018-05-09", "userURL": "http://user.17k.com/59264092", "userReview": "\u52a0\u6cb9\u52a0\u6cb9\u52a0\u6cb9"}, {"userName": "\u5b89\u742a324816334", "userReviewDate": "2018-05-03", "userURL": "http://user.17k.com/59264092", "userReview": "\u597d\u770b\u8fc7\u763e\u5927\u5356\u7279\u5356"}, {"userName": "\u5b89\u742a324816334", "userReviewDate": "2018-05-02", "userURL": "http://user.17k.com/59264092", "userReview": "\u597d\u770b\u5c31\u662f\u66f4\u65b0\u592a\u6162"}, {"userName": "\u6b87\u6b87\u6b87\u60c5w", "userReviewDate": "2018-05-02", "userURL": "http://user.17k.com/60460296", "userReview": "123456"}, {"userName": "\u73af\u73af\u4e00\u8885\u695a\u5bab\u8170", "userReviewDate": "2018-04-24", "userURL": "http://user.17k.com/59811233", "userReview": "\u5348\u597d\uff0c\u770b\u4e66\u8bbf\u53cb\uff01"}, {"userName": "\u5468\u5bb6\u5c0f\u59d0\u59d0", "userReviewDate": "2018-04-14", "userURL": "http://user.17k.com/59004807", "userReview": "\u5c0f\u65b0\u4eba\u521d\u6b21\u62dc\u8bbf\uff0c\u8bf7\u591a\u591a\u6307\u6559\uff0c\u5df2\u6536\u85cf\u5566\uff5e"}, {"userName": "tricklet", "userReviewDate": "2018-04-12", "userURL": "http://user.17k.com/56100718", "userReview": "\u643a<a target='_blank' href='http://www.17k.com/book/2561373.html'>\u300a\u7a7a\u57ce\u5bfb\u300b</a>\u6765\u8bbf\uff0c\u4f5c\u8005\u5927\u5927\u52a0\u6cb9"}, {"userName": "dj567", "userReviewDate": "2018-04-05", "userURL": "http://user.17k.com/60913888", "userReview": "\u542c\u8bf4\u5199\u5f97\u5f88\u597d\uff0c\u51c6\u5907\u6536\u85cf\uff0c\u671f\u5f85"}, {"userName": "\u67e0\u6aac\u4e5f\u4f1a\u54ed", "userReviewDate": "2018-04-01", "userURL": "http://user.17k.com/49780416", "userReview": "\u5927\u5927\uff0c\u6211\u53ef\u4ee5\u628a\u4f60\u7684\u5c0f\u8bf4\u8f6c\u8f7d\u5417\uff1f\u53ef\u4ee5\u7684\u8bdd\u52a0\u6211QQ\uff1a3200752329\u6211\u4eec\u8c08\u4e00\u4e0b"}, {"userName": "\u7a7a\u8c37\u7559\u60c5", "userReviewDate": "2018-03-14", "userURL": "http://user.17k.com/45016341", "userReview": "<a target='_blank' href='http://www.17k.com/book/2790998.html'>\u300a\u9738\u9053\u4e13\u5c5e\u300b</a>\u6765\u8bbf\uff0c\u5927\u5927\u5199\u5f97\u5f88\u597d\uff0c\u5df2\u7ecf\u6536\u85cf\uff0c\u671f\u5f85\u56de\u8bbf\u548c\u6536\u85cf"}, {"userName": "\u7a7a\u8c37\u7559\u60c5", "userReviewDate": "2018-03-14", "userURL": "http://user.17k.com/45016341", "userReview": "\u4e00\u672c\u597d\u770b\u7684\u4e66<a target='_blank' href='http://www.17k.com/book/2790998.html'>\u300a\u9738\u9053\u4e13\u5c5e\u300b</a>\u6821\u56ed\u603b\u88c1\u957f\u817f\u738b\u5b50\u3001\u9752\u6885\u7af9\u9a6c\u6587<a target='_blank' href='http://www.17k.com/book/2790998.html'>\u300a\u9738\u9053\u4e13\u5c5e\u300b</a>\u524d\u6765\u652f\u6301\uff0c\u559c\u6b22\u7684\u53ef\u4ee5\u6536\u85cf\u8fd8\u6709\u6295\u7968\uff0c\u8c22\u8c22\u3002\u7b80\u4ecb\uff1a\u65bd\u96e8\u7af9\u76ee\u5149\u5446\u6ede\u5730\u770b\u7740\u957f\u817f\u5e05\u54e5\u5149\u7740\u7684\u4e0a\u534a\u8eab\u597d\u534a\u664c\uff0c\u56de\u8fc7\u795e\u6765\u540e\u4f38\u624b\u64e6\u4e86\u64e6\u5634\u89d2\u6839\u672c\u4e0d\u5b58\u5728\u7684\u53e3\u6c34\uff0c\u5979\u662f\u5e94\u8be5\u8d81\u673a\u628a\u5bf9\u65b9\u7684\u4e0a\u8863\u90fd\u8131\u5149\u5462\uff0c\u8fd8\u662f\u5c31\u8fd9\u4e48\u5e2e\u5bf9\u65b9\u64e6\u4e00\u4e0b\u4e0a\u8eab\u7ee7\u7eed\u7a7f\u56de\u53bb\uff1f"}, {"userName": "\u4e71\u53ef\u7231\u4e00\u628a+/\u2661", "userReviewDate": "2018-03-11", "userURL": "http://user.17k.com/60372918", "userReview": "\u4f5c\u8005\u5927\u5927\uff0c\u6211\u53ef\u4ee5\u5c06\u8fd9\u4e2a\u753b\u4e3a\u6f2b\u753b\u4e48\uff1f"}, {"userName": "\uffe1\u79bb\u60b8\u4f9d\u9152&deg;", "userReviewDate": "2018-03-04", "userURL": "http://user.17k.com/56981756", "userReview": "\u5e26<a target='_blank' href='http://www.17k.com/book/2671390.html'>\u300a\u503e\u4e16\u6d41\u5e74\u4e4b\u66ae\u5c11\u5ba0\u59bb\u65e0\u5ea6\u300b</a>\u62dc\u8bbf\uff0c\u4e66\u540d\u6709\u4e9b\u5c34\u5c2c\u54e6~\u5927\u5927\u5199\u7684\u4e0d\u9519\uff0c\u52a0\u6cb9\uff01"}, {"userName": "\u848b\u5b87\u98de8327", "userReviewDate": "2018-03-02", "userURL": "http://user.17k.com/57652012", "userReview": "\u5143\u5bb5\u8282\u5feb\u4e50"}, {"userName": "\u5343\u6b87\u65e0\u5c3d", "userReviewDate": "2018-03-01", "userURL": "http://user.17k.com/58184210", "userReview": "\u52a0\u6cb9\uff0c\u665a\u5b89\u652f\u6301\u3002"}], "description": "\u516b\u5c81\uff0c\u4ed6\u62c9\u7740\u5979\u7684\u624b\uff0c\u9738\u6c14\u5ba3\u793a\u4e3b\u6743\uff0c\u201c\u4ee5\u540e\uff0c\u4f60\u5c31\u662f\u6211\u7684\u65b0\u5a18\uff01\u201d\u3000\u3000\u5341\u516b\u5c81\uff0c\u4ed6\u5c06\u5979\u63fd\u5728\u6000\u4e2d\uff0c\u6e29\u67d4\u627f\u8bfa\uff0c\u201c\u83c1\u83c1\uff0c\u6211\u4e00\u5b9a\u4f1a\u8ba9\u4f60\u6210\u4e3a\u6700\u5e78\u798f\u7684\u5973\u4eba\u3002\u201d\u3000\u3000\u4e8c\u5341\u516b\u5c81\uff0c\u4ed6\u5c06\u7a7f\u7740\u5a5a\u7eb1\u7684\u5979\u6309\u5728\u68b3\u5986\u53f0\u4e0a\uff0c\u51f6\u72e0\u4f4e\u543c\uff0c\u201c\u767d\u7075\u83c1\uff0c\u4f60\u5c31\u90a3\u4e48\u7f3a\u7537\u4eba\uff0c\u55ef\uff1f\u201d\u3000\u3000\u4ed6\u5f53\u7740\u5979\u7684\u9762\u4e0e\u522b\u7684\u5973\u4eba\u51fa\u53cc\u5165\u5bf9\uff0c\u5979\u88ab\u903c\u65e0\u5948\uff0c\u4e3a\u522b\u7684\u7537\u4eba\u7a7f\u4e0a\u5ac1\u8863\u3002\u3000\u3000\u8083\u7a46\u7684\u6559\u5802\uff0c\u770b\u7740\u4ed6\u51b7\u82e5\u51b0\u971c\u7684\u8138\uff0c\u5979\u5fc3\u5982\u6b7b\u7070\u3002\u3000\u3000\u53ef\u8f6c\u773c\u95f4\uff0c\u4ed6\u9ad8\u8c03\u62a2\u5a5a\uff0c\u76f4\u63a5\u5c06\u5979\u62d6\u5230\u6c11\u653f\u5c40\u3002\u3000\u3000\u767d\u7075\u83c1\u4e00\u8138\u65e0\u5948\uff0c\u201c\u6155\u5c11\uff0c\u771f\u7231\u8bf7\u514b\u5236\u3002\u201d", "title": "\u5ba0\u59bb\u65e0\u5ea6\uff1a\u574f\u574f\u8001\u516c\u592a\u9738\u9053", "url": "http://www.17k.com/book/2758789.html", "average": -1.0, "cover": "http://img.17k.com/images/bookcover/2018/13793/68/2758789-1518445694000.jpg", "reviews": 60560, "authors": [{"url": "http://www.17k.com/zuozhe/59471714", "name": "\u563b\u563b\u6c34\u6d41"}], "type": ["\u552f\u7f8e\u7eaf\u7231"], "outlinks": ["http://www.17k.com/book/2794982.html", "http://www.17k.com/book/2801292.html", "http://www.17k.com/book/2816318.html", "http://www.17k.com/book/2797575.html", "http://www.17k.com/book/2802516.html", "http://www.17k.com/book/2812195.html", "http://www.17k.com/book/2820143.html", "http://www.17k.com/book/2807943.html", "http://www.17k.com/book/2813457.html", "http://www.17k.com/book/2798058.html", "http://www.17k.com/book/2815617.html", "http://www.17k.com/book/2805259.html", "http://www.17k.com/book/2760255.html", "http://www.17k.com/book/2686894.html", "http://www.17k.com/book/2797016.html", "http://www.17k.com/book/2767246.html", "http://www.17k.com/book/2764239.html", "http://www.17k.com/book/2754498.html", "http://www.17k.com/book/2754900.html", "http://www.17k.com/book/2625740.html", "http://www.17k.com/book/2213315.html", "http://www.17k.com/book/2402178.html", "http://www.17k.com/book/2691221.html", "http://www.17k.com/book/2210699.html", "http://www.17k.com/book/1797752.html", "http://www.17k.com/book/2575507.html", "http://www.17k.com/book/2705181.html", "http://www.17k.com/book/2702539.html", "http://www.17k.com/book/2474887.html", "http://www.17k.com/book/2674733.html", "http://www.17k.com/book/2822076.html", "http://www.17k.com/book/2809894.html", "http://www.17k.com/book/2822077.html", "http://www.17k.com/book/2811930.html", "http://www.17k.com/book/2815548.html", "http://www.17k.com/book/2819620.html", "http://www.17k.com/book/2809964.html", "http://www.17k.com/book/2808200.html", "http://www.17k.com/book/2820100.html", "http://www.17k.com/book/2822978.html", "http://www.17k.com/book/2804337.html", "http://www.17k.com/book/2798814.html", "http://www.17k.com/book/2785153.html", "http://www.17k.com/book/2731559.html", "http://www.17k.com/book/2722533.html", "http://www.17k.com/book/2458377.html", "http://www.17k.com/book/2743300.html", "http://www.17k.com/book/973809.html", "http://www.17k.com/book/2651367.html", "http://www.17k.com/book/2726194.html", "http://www.17k.com/book/2790214.html", "http://www.17k.com/book/493239.html", "http://www.17k.com/book/108821.html", "http://www.17k.com/book/1398783.html", "http://www.17k.com/book/83528.html", "http://www.17k.com/book/1859126.html", "http://www.17k.com/book/1741975.html", "http://www.17k.com/book/192453.html", "http://www.17k.com/book/2459058.html", "http://www.17k.com/book/1050747.html", "http://www.17k.com/book/2700315.html", "http://www.17k.com/book/2818940.html", "http://www.17k.com/book/2819519.html", "http://www.17k.com/book/2816390.html", "http://www.17k.com/book/2819588.html", "http://www.17k.com/book/2813768.html", "http://www.17k.com/book/2822406.html", "http://www.17k.com/book/2772164.html", "http://www.17k.com/book/2784023.html", "http://www.17k.com/book/2811877.html", "http://www.17k.com/book/2809119.html", "http://www.17k.com/book/2803700.html", "http://www.17k.com/book/2819561.html", "http://www.17k.com/book/2746506.html", "http://www.17k.com/book/2811836.html", "http://www.17k.com/book/2614810.html", "http://www.17k.com/book/1592435.html", "http://www.17k.com/book/1949748.html", "http://www.17k.com/book/2265802.html", "http://www.17k.com/book/2743240.html", "http://www.17k.com/book/2657437.html", "http://www.17k.com/book/2644502.html", "http://www.17k.com/book/2199900.html", "http://www.17k.com/book/2725436.html", "http://www.17k.com/book/2629978.html"]}