{"ratings": -1, "userreviews": [{"userName": "\u8be1\u8bed\u5a1c\u5a1c", "userReviewDate": "2018-06-05", "userURL": "http://user.17k.com/49434969", "userReview": "<span style='color:green'>\u6211\u665a\u4e86\u4e00\u5206\u949f</span>"}, {"userName": "\u4e50\u96c5\u516c\u5b50", "userReviewDate": "2018-05-29", "userURL": "http://user.17k.com/49271610", "userReview": "\u6d6e\u751f\u52a0\u6cb9"}, {"userName": "\u6881\u5b50\u73fa", "userReviewDate": "2018-05-28", "userURL": "http://user.17k.com/55255332", "userReview": "\u5b50\u4fca\u524d\u6765\u5b66\u4e60\uff01\u5982\u6b64\u4f73\u4f5c\uff0c\u5e26\u8d70\u4e86\uff01"}, {"userName": "\u5218\u5fb7\u660a\u540c\u5b66", "userReviewDate": "2018-05-14", "userURL": "http://user.17k.com/45623610", "userReview": "\u8ba2\u9605\uff0c\u7ed9\u590f\u6253call"}, {"userName": "\u6d45\u6d45\u5ae3\u7136\u7b11i", "userReviewDate": "2018-05-11", "userURL": "http://user.17k.com/45148206", "userReview": "\u52a0\u6cb9"}, {"userName": "\u5218\u5fb7\u660a\u540c\u5b66", "userReviewDate": "2018-04-29", "userURL": "http://user.17k.com/45623610", "userReview": "\u611f\u89c9\u73b0\u5728\u7684\u81ea\u5df1\u50cf\u4e2a\u6709\u5bb6\u7684\u6d41\u6d6a\u8005\uff0c\u534a\u9192\u7684\u6d3b\u6b7b\u4eba\u3002\u6709\u65f6\u5019\u770b\u8fd9\u79cd\u4e66\uff0c\u4f1a\u770b\u5230\u81ea\u5df1\u7684\u9752\u6625\uff0c\u5230\u4e86\u4f24\u5fc3\u5904\u624d\u89c9\u5f97\u521d\u95fb\u4e0d\u8bc6\u66f2\u4e2d\u610f\uff0c\u518d\u8d4f\u5df2\u6210\u66f2\u4e2d\u4eba\u3002\u590f\u590f\u52a0\u6cb9\uff0c\u6c38\u8fdc\u652f\u6301\u3002"}, {"userName": "love \u5c3c\u739b", "userReviewDate": "2018-04-17", "userURL": "http://user.17k.com/58654477", "userReview": "&#55357;&#56842;&#55357;&#56842;&#55357;&#56842;&#55357;&#56842;&#55357;&#56842;&#55357;&#56842;"}, {"userName": "\u8475\u4e45", "userReviewDate": "2018-04-12", "userURL": "http://user.17k.com/58914442", "userReview": "\u770b\u4e86\u6587\u5c31\u60c5\u4e0d\u81ea\u7981\u8054\u60f3\u5230\u81ea\u5df1\u3002\u50cf\u6211\u8fd9\u4e2a\u5e74\u7eaa\u7684\u4eba\u90fd\u5904\u5728\u9752\u6625\u671f\uff0c\u51e0\u4e4e\u6240\u4ee5\u4eba\u90fd\u6709\u6697\u604b\u7684\u5bf9\u8c61\uff0c\u65e9\u604b\u7684\u4e5f\u4e0d\u5c11\u3002\u6211\u4e5f\u66fe\u7ecf\u5077\u5077\u559c\u6b22\u8fc7\u4e00\u4e2a\u7537\u751f\uff0c\u4e0d\u662f\u4e00\u4e2a\u73ed\u7684\u3002\u90a3\u53ef\u662f\u771f\u6b63\u7684\u6697\u604b\u3002\u6211\u6700\u591a\u662f\u5728\u8def\u8fc7\u4ed6\u6559\u5ba4\u7684\u65f6\u5019\u5077\u5077\u77a5\u4e00\u773c\uff1b\u5728\u98df\u5802\u7684\u65f6\u5019\u5bfb\u627e\u4ed6\u7684\u8eab\u5f71\uff1b\u5728\u64cd\u573a\u4e0a\u96c6\u4f1a\u7684\u65f6\u5019\u9ed8\u9ed8\u770b\u4ed6\uff0c\u4ed6\u5f88\u654f\u611f\uff0c\u603b\u4f1a\u5bdf\u89c9\u5230\u6211\u7684\u89c6\u7ebf\uff0c\u6bcf\u5f53\u4ed6\u671d\u6211\u770b\u6765\u65f6\uff0c\u6211\u5c31\u6025\u5fd9\u88c5\u4f5c\u53d1\u5446\u7684\u6837\u5b50\u3002\u6781\u5c11\u65f6\u5019\uff0c\u6211\u4f1a\u5728\u697c\u9053\u4e0a\u78b0\u5230\u4ed6\uff0c\u670b\u53cb\u5728\u65f6\uff0c\u6211\u4f1a\u7a0d\u7a0d\u63d0\u9ad8\u4e00\u4e9b\u8bf4\u8bdd\u6216\u662f\u5f00\u73a9\u7b11\u7684\u97f3\u91cf\uff0c\u5e0c\u671b\u4ed6\u53ef\u4ee5\u6ce8\u610f\u5230\u6211\u3002\u800c\u5728\u53ea\u6709\u6211\u4eec\u4e24\u4eba\u8d70\u5728\u697c\u9053\u4e0a\u65f6\uff0c\u6211\u90fd\u53ea\u662f\u6c89\u9ed8\uff0c\u4f4e\u5934\u770b\u8def\u6216\u5411\u5916\u770b\u98ce\u666f\uff0c\u6700\u591a\u4e5f\u53ea\u662f\u62ac\u5934\u98de\u5feb\u770b\u4e00\u773c\uff0c\u7136\u540e\u7acb\u523b\u4f4e\u5934\u3002\u540e\u6765\u7684\u51e0\u6b21\uff0c\u6211\u5b66\u4f1a\u4e86\u5149\u660e\u6b63\u5927\u7684\u770b\uff0c\u4ed6\u8d70\u6765\u65f6\uff0c\u6211\u4e60\u60ef\u6027\u5730\u5fae\u7b11\uff0c\u800c\u4ed6\u5374\u5ffd..."}, {"userName": "\u5218\u5fb7\u660a\u540c\u5b66", "userReviewDate": "2018-04-04", "userURL": "http://user.17k.com/45623610", "userReview": "\u652f\u6301\u4f9d\u65e7"}, {"userName": "\u5218\u5fb7\u660a\u540c\u5b66", "userReviewDate": "2018-04-04", "userURL": "http://user.17k.com/45623610", "userReview": "[\u6253\u8d4f]\u6211\u6253\u8d4f\u4e868\u5143\u7ea2\u5305\uff01\uff01"}, {"userName": "\u6708\u843d\u68a6\u8ffd\u5fc6", "userReviewDate": "2018-03-30", "userURL": "http://user.17k.com/57478135", "userReview": "\u5b89\u5b89\u6d6e\u751fSAMA"}, {"userName": "\u8d75\u7ffc512282253", "userReviewDate": "2018-03-28", "userURL": "http://user.17k.com/58784118", "userReview": "\u6c5d\u4e4b\u79c0\uff0c\u543e\u4f55\u65f6\u80fd\u53ca\uff0c\u5bf9\u4f60\u4f55\u6b62\u949f\u610f\uff0c\u751a\u662f\u60c5\u6df1\u2014\u2014<a target='_blank' href='http://www.17k.com/book/2705953.html'>\u300a\u9b3c\u8ff9\u5bfb\u8e2a\u300b</a>\u770b\u4e66\u652f\u6301\uff0c\u52a0\u6cb9\u5171\u52c9"}, {"userName": "\u5fae\u8f9e\u5c0f\u59d0\u59d0", "userReviewDate": "2018-03-26", "userURL": "http://user.17k.com/60459923", "userReview": "[\u6253\u8d4f]\u6211\u6253\u8d4f\u4e861\u5143\u7ea2\u5305\uff01\uff01"}, {"userName": "\u8537\u8587\u73a5\u9171V", "userReviewDate": "2018-03-20", "userURL": "http://user.17k.com/55984899", "userReview": "\u8d5e\u8d5e\u54d2|\uff61\uff65\u3268\uff65)\u3063\u2661 \u559c\u6b22\u4f60\u266a"}, {"userName": "\u8475\u4e45", "userReviewDate": "2018-03-16", "userURL": "http://user.17k.com/58914442", "userReview": "\u60ca\u6050\uff01\u603b\u89c9\u5f97\u8868\u54e5\u4fde\u5ddd\u559c\u6b22\u949f\u610f\uff01\u6211\u6015\u662f\u8111\u5b50\u6709\u95ee\u9898.."}, {"userName": "\u65af\u6587\u732b\u965b\u4e0b", "userReviewDate": "2018-03-09", "userURL": "http://user.17k.com/37764708", "userReview": "\u52a0\u6cb9\u52a0\u6cb9\uff0c"}, {"userName": "\u8be1\u8bed\u5a1c\u5a1c", "userReviewDate": "2018-03-09", "userURL": "http://user.17k.com/49434969", "userReview": "<span style='color:green'>\u9898\u76ee\u7684\u7b2c\u4e00\u4e2a\u5b57\u9519\u4e86</span>"}, {"userName": "\u5218\u5fb7\u660a\u540c\u5b66", "userReviewDate": "2018-03-05", "userURL": "http://user.17k.com/45623610", "userReview": "\u5168\u8ba2\uff0cover"}, {"userName": "\u6708\u843d\u68a6\u8ffd\u5fc6", "userReviewDate": "2018-02-27", "userURL": "http://user.17k.com/57478135", "userReview": "\u665a\u6765\u6253\u5361\uff0c\u652f\u6301~\\(\u2267\u25bd\u2266)/~"}, {"userName": "\u98de\u96ea\u4e71\u6e05\u98ce", "userReviewDate": "2018-02-25", "userURL": "http://user.17k.com/45159154", "userReview": "<a target='_blank' href='http://www.17k.com/book/2677053.html'>\u300a\u9b54\u5984\u300b</a>\u6765\u8bbf\uff0c\u4e0a\u5348\u597d\uff0c\u53c8\u590f"}], "description": "\u5e76\u4e0d\u662f\u6240\u6709\u6697\u604b\uff0c\u90fd\u5982\u540c\u949f\u610f\u6697\u604b\u8bb8\u6dee\u751f\uff0c\u521a\u597d\u5bf9\u65b9\u4e5f\u559c\u6b22\u5979\u8fd9\u822c\u7f8e\u597d\u3002\u3000\u3000\u4e5f\u5e76\u4e0d\u662f\u6240\u6709\u7231\u60c5\uff0c\u90fd\u80fd\u4ece\u4e00\u800c\u7ec8\u3002\u3000\u3000\u66f4\u4e0d\u662f\u6240\u6709\u4eba\u90fd\u50cf\u5b89\u6811\u8fd9\u822c\uff0c\u5bf9\u949f\u610f\u7684\u7231\u81f3\u59cb\u81f3\u7ec8\uff0c\u53ea\u949f\u60c5\u4e8e\u5979\u4e00\u4eba\u3002\u3000\u3000\u949f\u610f\u8bf4\uff0c\u5979\u5f04\u4e22\u4e86\u5341\u5e74\u524d\u7684\u5b89\u6811\uff0c\u5374\u7528\u5341\u5e74\u540e\u9762\u65e0\u5168\u975e\u7684\u81ea\u5df1\u5bfb\u627e\u4ed6\u3002\u90a3\u4e2a\u5982\u51ac\u65e5\u6696\u9633\u7684\u4eba\uff0c\u6210\u4e86\u5979\u5fc3\u5c16\u4e0a\u7684\u4eba\u3002\u3000\u3000\u2014\u2014\u2014\u2014\u5206\u5272\u7ebf\u3000\u3000\u6e29\u60c5\u6444\u5f71\u5e08X\u9ad8\u51b7\u7ffb\u8bd1\u5b98\u3000\u3000\u5199\u8fc7\u4e86\u5317\u65b9\u51ac\u65e5\u523a\u9aa8\u7684\u5bd2\u51b7\uff0c\u518d\u6765\u770b\u770b\u5357\u65b9\u5c0f\u9547\u7f31\u7efb\u7684\u6e29\u67d4\u3002\u3000\u3000\u4e66\u53cb\u7fa4\u6b22\u8fce\u5404\u4f4d\u52a0\u5165\uff1a592421903", "title": "\u5bf9\u4f60\u4f55\u6b62\u949f\u610f", "url": "http://www.17k.com/book/2711394.html", "average": -1.0, "cover": "http://img.17k.com/images/bookcover/2017/13556/67/2711394-1509493684000.jpg", "reviews": 49028, "authors": [{"url": "http://www.17k.com/zuozhe/46160300", "name": "\u53c8\u590f\u6d6e\u751f"}], "type": ["\u7eaf\u7231\u9752\u6625"], "outlinks": ["http://www.17k.com/book/2794982.html", "http://www.17k.com/book/2801292.html", "http://www.17k.com/book/2816318.html", "http://www.17k.com/book/2797575.html", "http://www.17k.com/book/2802516.html", "http://www.17k.com/book/2812195.html", "http://www.17k.com/book/2820143.html", "http://www.17k.com/book/2807943.html", "http://www.17k.com/book/2813457.html", "http://www.17k.com/book/2798058.html", "http://www.17k.com/book/2815617.html", "http://www.17k.com/book/2805259.html", "http://www.17k.com/book/2760255.html", "http://www.17k.com/book/2686894.html", "http://www.17k.com/book/2797016.html", "http://www.17k.com/book/2767246.html", "http://www.17k.com/book/2764239.html", "http://www.17k.com/book/2754498.html", "http://www.17k.com/book/2754900.html", "http://www.17k.com/book/2625740.html", "http://www.17k.com/book/2213315.html", "http://www.17k.com/book/2402178.html", "http://www.17k.com/book/2691221.html", "http://www.17k.com/book/2210699.html", "http://www.17k.com/book/1797752.html", "http://www.17k.com/book/2575507.html", "http://www.17k.com/book/2705181.html", "http://www.17k.com/book/2702539.html", "http://www.17k.com/book/2474887.html", "http://www.17k.com/book/2674733.html", "http://www.17k.com/book/2822076.html", "http://www.17k.com/book/2809894.html", "http://www.17k.com/book/2822077.html", "http://www.17k.com/book/2811930.html", "http://www.17k.com/book/2815548.html", "http://www.17k.com/book/2819620.html", "http://www.17k.com/book/2809964.html", "http://www.17k.com/book/2808200.html", "http://www.17k.com/book/2820100.html", "http://www.17k.com/book/2822978.html", "http://www.17k.com/book/2804337.html", "http://www.17k.com/book/2798814.html", "http://www.17k.com/book/2785153.html", "http://www.17k.com/book/2731559.html", "http://www.17k.com/book/2722533.html", "http://www.17k.com/book/2458377.html", "http://www.17k.com/book/2743300.html", "http://www.17k.com/book/973809.html", "http://www.17k.com/book/2651367.html", "http://www.17k.com/book/2726194.html", "http://www.17k.com/book/2790214.html", "http://www.17k.com/book/493239.html", "http://www.17k.com/book/108821.html", "http://www.17k.com/book/1398783.html", "http://www.17k.com/book/83528.html", "http://www.17k.com/book/1859126.html", "http://www.17k.com/book/1741975.html", "http://www.17k.com/book/192453.html", "http://www.17k.com/book/2459058.html", "http://www.17k.com/book/1050747.html", "http://www.17k.com/book/2700315.html", "http://www.17k.com/book/2818940.html", "http://www.17k.com/book/2819519.html", "http://www.17k.com/book/2816390.html", "http://www.17k.com/book/2819588.html", "http://www.17k.com/book/2813768.html", "http://www.17k.com/book/2822406.html", "http://www.17k.com/book/2772164.html", "http://www.17k.com/book/2784023.html", "http://www.17k.com/book/2811877.html", "http://www.17k.com/book/2809119.html", "http://www.17k.com/book/2803700.html", "http://www.17k.com/book/2819561.html", "http://www.17k.com/book/2746506.html", "http://www.17k.com/book/2811836.html", "http://www.17k.com/book/2614810.html", "http://www.17k.com/book/1592435.html", "http://www.17k.com/book/1949748.html", "http://www.17k.com/book/2265802.html", "http://www.17k.com/book/2743240.html", "http://www.17k.com/book/2657437.html", "http://www.17k.com/book/2644502.html", "http://www.17k.com/book/2199900.html", "http://www.17k.com/book/2725436.html", "http://www.17k.com/book/2629978.html"]}