{"ratings": -1, "userreviews": [{"userName": "\u96c5\u4ed917", "userReviewDate": "2018-06-08", "userURL": "http://user.17k.com/54691563", "userReview": "\u665a\u6765\u770b\u4e66\u3002"}, {"userName": "\u5494\u5494\u5494\u562d\u5494", "userReviewDate": "2018-06-08", "userURL": "http://user.17k.com/35762313", "userReview": "\u4e0b\u5348\u597d\uff0c\u5929\u5929\u5feb\u4e50"}, {"userName": "\u901d\u53bb\u7684\u8282\u62cd", "userReviewDate": "2018-06-08", "userURL": "http://user.17k.com/54785153", "userReview": "\u665a\u4e0a\u597d"}, {"userName": "\u5f39\u5251\u79c0\u624d", "userReviewDate": "2018-06-08", "userURL": "http://user.17k.com/46752401", "userReview": "\u8559\u8559\u597d\u53cb\u4f60\u597d"}, {"userName": "17sender", "userReviewDate": "2018-06-08", "userURL": "http://user.17k.com/60059778", "userReview": "\u665a\u7f8e\uff0c\u770b\u4e66"}, {"userName": "\u84dd\u60a6\u76c8", "userReviewDate": "2018-06-08", "userURL": "http://user.17k.com/47677534", "userReview": "\u6765\u7ed9\u4f60\u9001\u82b1\uff0c\u8c22\u8c22\u4f60\u7684\u652f\u6301"}, {"userName": "\u76df\u4e3b\u653e\u4e00\u67aa", "userReviewDate": "2018-06-08", "userURL": "http://user.17k.com/44565314", "userReview": "\u7ee7\u7eed\u652f\u6301"}, {"userName": "\u597d\u5927\u4e00\u53ea\u732a", "userReviewDate": "2018-06-08", "userURL": "http://user.17k.com/3289857", "userReview": "\u9c9c\u82b1\u652f\u6301"}, {"userName": "17suny", "userReviewDate": "2018-06-08", "userURL": "http://user.17k.com/57676722", "userReview": "\u5348\u5b89\uff0c\u9001\u82b1"}, {"userName": "\u5927\u6c5f\u9648\u8ff9", "userReviewDate": "2018-06-08", "userURL": "http://user.17k.com/59082119", "userReview": "\u5c0f\u65f6\u5019\u5bb6\u91cc\u6765\u5ba2\u4eba\u90fd\u4e70\u6563\u88c5\u9152\uff0c\u6bcf\u6b21\u6211\u90fd\u6309\u516b\u4e24\u9152\u704c\u4e8c\u4e24\u6c34\u6bd4\u4f8b\uff0c\u591a\u4f59\u7684\u94b1\u79c1\u541e\u4e70\u96f6\u98df\u5403\uff0c\u6211\u7238\u4e00\u76f4\u6ca1\u53d1\u73b0\u3002\u540e\u6765\u6211\u628a\u8fd9\u7edd\u62db\u4f20\u7ed9\u9694\u58c1\u5c0f\u7fd4\uff0c\u542c\u8bf4\u4ed6\u7238\u9152\u91cf\u4e5f\u89c1\u957f\u3002\u76f4\u5230\u6709\u4e00\u6b21\uff0c\u5c0f\u7fd4\u8bf4\u8981\u62a5\u7b54\u6211\uff0c\u60f3\u5e72\u4e00\u7968\u5927\u7684\u3002\u90a3\u6b21\u5c0f\u7fd4\u5dee\u70b9\u88ab\u4ed6\u7238\u6253\u51fa\u5c4e\u6765\u3002\u4ed6\u5230\u5c0f\u5e97\u4e70\u4e86\u4e8c\u4e24\u9152\u5728\u6cb3\u91cc\u704c\u4e86\u516b\u4e24\u6c34\u3002\u4ed6\u7238\u7ed9\u5ba2\u4eba\u5012\u9152\u65f6\uff0c\u6cb3\u91cc\u5c0f\u867e\u7c73\u4ece\u9152\u676f\u8df3\u4e86\u51fa\u6765\u2026\uff01"}, {"userName": "\u6653\u6653\u871c\u8702", "userReviewDate": "2018-06-08", "userURL": "http://user.17k.com/55862840", "userReview": "\u5348\u597d"}, {"userName": "mm\u7684\u5fae\u7b11", "userReviewDate": "2018-06-08", "userURL": "http://user.17k.com/44124485", "userReview": "\u8559\u8559\u4e2d\u5348\u597d"}, {"userName": "\u96ea_\u7eb7\u98de", "userReviewDate": "2018-06-08", "userURL": "http://user.17k.com/59184942", "userReview": "\u5348\u7f8e~\u7b7e\u5230\u652f\u6301"}, {"userName": "\u9633\u5149\u6653\u5b9d\u8d1d", "userReviewDate": "2018-06-08", "userURL": "http://user.17k.com/58542964", "userReview": "\u8559\u59d0\u65e9\u5b89\u3002"}, {"userName": "\u6a59\u5b50\u9ec4\u4e862", "userReviewDate": "2018-06-08", "userURL": "http://user.17k.com/48385844", "userReview": "\u94c1\u9aa8\u94ee\u94ee\u7684\u5c81\u6708 \u6765\u8e6d\u4eba\u6c14\u3002"}, {"userName": "\u6a59\u5b50\u9ec4\u4e862", "userReviewDate": "2018-06-08", "userURL": "http://user.17k.com/48385844", "userReview": "\u6a59\u5b50\u6765\u65e9\u4e86\uff0c\u8fd8\u6ca1\u66f4\u65b0\u3002"}, {"userName": "\u98d8\u65e0\u8e2a", "userReviewDate": "2018-06-08", "userURL": "http://user.17k.com/32701073", "userReview": "\u9001\u82b1\u3002\u65e9\u5b89\uff0c\u8559\u8559"}, {"userName": "\u5929\u4f7f\u5c0f\u4ed9", "userReviewDate": "2018-06-08", "userURL": "http://user.17k.com/58549758", "userReview": "\u8559\u59d0\uff0c\u65e9\u554a\u3002"}, {"userName": "17wendy", "userReviewDate": "2018-06-08", "userURL": "http://user.17k.com/57661463", "userReview": "\u65e9"}, {"userName": "\u6885\u5b50\u82b1\u5f00\u4e86", "userReviewDate": "2018-06-08", "userURL": "http://user.17k.com/57124412", "userReview": "\u5b89"}], "description": "\u8bb8\u8309\uff0c\u3000\u3000\u5e0c\u671b\u5c06\u6765\u6709\u4e00\u5929\uff0c\u3000\u3000\u6211\u4eec\u80fd\u9003\u79bb\u8fd9\u5ea7\u57ce\uff0c\u3000\u3000\u53bb\u5230\u4e00\u4e2a\u9065\u8fdc\u7684\u5730\u65b9\uff0c\u3000\u3000\u6709\u6240\u6d77\u8fb9\u7684\u623f\u5b50\uff0c\u3000\u3000\u9762\u671d\u5927\u6d77\uff0c\u6625\u6696\u82b1\u5f00\uff0c\u3000\u3000\u5de6\u773a\u9752\u5c71\uff0c\u897f\u8d4f\u660e\u6708\uff0c\u3000\u3000\u4e1c\u76fc\u65e5\u51fa\uff0c\u4ef0\u671b\u84dd\u5929\u767d\u4e91\uff0c\u3000\u3000\u4e00\u8d77\u5e78\u798f\u5230\u6c38\u8fdc\u6c38\u8fdc\u3002\u3000\u3000\u2026\u2026\u3000\u3000\u5355\u8389\uff0c\u3000\u3000\u6211\u4eec\u52aa\u529b\u5b66\u4e60\u5427\uff0c\u3000\u3000\u8003\u4e00\u6240\u8fdc\u65b9\u7684\u5927\u5b66\uff0c\u3000\u3000\u4ece\u6b64\u79bb\u5f00\u8fd9\u5ea7\u57ce\uff0c\u3000\u3000\u53bb\u5230\u68a6\u4e2d\u7684\u8fdc\u65b9\uff0c\u3000\u3000\u5bfb\u627e\u5c5e\u4e8e\u6211\u4eec\u7684\u6625\u5929\uff0c\u3000\u3000\u4e00\u5b9a\u8981\u76db\u5f00\u4e00\u6735\u2014\u2014\u3000\u3000\u4e16\u4e0a\u6700\u7f8e\u6700\u9999\u7684\u8309\u8389\u82b1\uff0c\u3000\u3000\u6c38\u8fdc\u7efd\u653e\uff0c\u6c38\u4e0d\u51cb\u96f6\u3002\u3000\u3000\u2026\u2026", "title": "\u5c11\u5e74\u8309\u8389\u5982\u6b4c", "url": "http://www.17k.com/book/2781997.html", "average": -1.0, "cover": "http://img.17k.com/images/bookcover/2018/13909/69/2781997-1520163998000.jpg", "reviews": 35621, "authors": [{"url": "http://www.17k.com/zuozhe/54596030", "name": "\u7d2b\u8559"}], "type": ["\u7eaf\u7231\u9752\u6625"], "outlinks": ["http://www.17k.com/book/2794982.html", "http://www.17k.com/book/2801292.html", "http://www.17k.com/book/2816318.html", "http://www.17k.com/book/2797575.html", "http://www.17k.com/book/2802516.html", "http://www.17k.com/book/2812195.html", "http://www.17k.com/book/2820143.html", "http://www.17k.com/book/2807943.html", "http://www.17k.com/book/2813457.html", "http://www.17k.com/book/2798058.html", "http://www.17k.com/book/2815617.html", "http://www.17k.com/book/2805259.html", "http://www.17k.com/book/2760255.html", "http://www.17k.com/book/2686894.html", "http://www.17k.com/book/2797016.html", "http://www.17k.com/book/2767246.html", "http://www.17k.com/book/2764239.html", "http://www.17k.com/book/2754498.html", "http://www.17k.com/book/2754900.html", "http://www.17k.com/book/2625740.html", "http://www.17k.com/book/2213315.html", "http://www.17k.com/book/2402178.html", "http://www.17k.com/book/2691221.html", "http://www.17k.com/book/2210699.html", "http://www.17k.com/book/1797752.html", "http://www.17k.com/book/2575507.html", "http://www.17k.com/book/2705181.html", "http://www.17k.com/book/2702539.html", "http://www.17k.com/book/2474887.html", "http://www.17k.com/book/2674733.html", "http://www.17k.com/book/2822076.html", "http://www.17k.com/book/2809894.html", "http://www.17k.com/book/2822077.html", "http://www.17k.com/book/2811930.html", "http://www.17k.com/book/2815548.html", "http://www.17k.com/book/2819620.html", "http://www.17k.com/book/2809964.html", "http://www.17k.com/book/2808200.html", "http://www.17k.com/book/2820100.html", "http://www.17k.com/book/2822978.html", "http://www.17k.com/book/2804337.html", "http://www.17k.com/book/2798814.html", "http://www.17k.com/book/2785153.html", "http://www.17k.com/book/2731559.html", "http://www.17k.com/book/2722533.html", "http://www.17k.com/book/2458377.html", "http://www.17k.com/book/2743300.html", "http://www.17k.com/book/973809.html", "http://www.17k.com/book/2651367.html", "http://www.17k.com/book/2726194.html", "http://www.17k.com/book/2790214.html", "http://www.17k.com/book/493239.html", "http://www.17k.com/book/108821.html", "http://www.17k.com/book/1398783.html", "http://www.17k.com/book/83528.html", "http://www.17k.com/book/1859126.html", "http://www.17k.com/book/1741975.html", "http://www.17k.com/book/192453.html", "http://www.17k.com/book/2459058.html", "http://www.17k.com/book/1050747.html", "http://www.17k.com/book/2700315.html", "http://www.17k.com/book/2818940.html", "http://www.17k.com/book/2819519.html", "http://www.17k.com/book/2816390.html", "http://www.17k.com/book/2819588.html", "http://www.17k.com/book/2813768.html", "http://www.17k.com/book/2822406.html", "http://www.17k.com/book/2772164.html", "http://www.17k.com/book/2784023.html", "http://www.17k.com/book/2811877.html", "http://www.17k.com/book/2809119.html", "http://www.17k.com/book/2803700.html", "http://www.17k.com/book/2819561.html", "http://www.17k.com/book/2746506.html", "http://www.17k.com/book/2811836.html", "http://www.17k.com/book/2614810.html", "http://www.17k.com/book/1592435.html", "http://www.17k.com/book/1949748.html", "http://www.17k.com/book/2265802.html", "http://www.17k.com/book/2743240.html", "http://www.17k.com/book/2657437.html", "http://www.17k.com/book/2644502.html", "http://www.17k.com/book/2199900.html", "http://www.17k.com/book/2725436.html", "http://www.17k.com/book/2629978.html"]}