{"ratings": -1, "userreviews": [{"userName": "\u98a8\u706c\u7121\u60c5", "userReviewDate": "2018-06-08", "userURL": "http://user.17k.com/56076831", "userReview": "\u5343\u8a00\u4e07\u8bed\u4e0d\u53ca\u4e00\u58f0\u52a0\u6cb9"}, {"userName": "\u82b1\u9b41_\u51c9\u7b19", "userReviewDate": "2018-06-08", "userURL": "http://user.17k.com/62229764", "userReview": "\u5927\u795e\u5450\uff5e\u597d\u770b\uff0c\u652f\u6301\u256e(\u256f\u25bd\u2570)\u256d"}, {"userName": "\u82f1\u5b50012970003", "userReviewDate": "2018-06-08", "userURL": "http://user.17k.com/60275423", "userReview": "88888"}, {"userName": "sivbnebk", "userReviewDate": "2018-06-08", "userURL": "http://user.17k.com/60351590", "userReview": "\u9b3c\u795f\u4f5b\u9014 &nbsp;\u5927\u795e\u7ed9\u70b9\u5403\u897f\u74dc"}, {"userName": "\u9152\u72c2\u81ea\u8d1f", "userReviewDate": "2018-06-07", "userURL": "http://user.17k.com/62462966", "userReview": "1\u660e\u661f\u65f6\u4ee3\u4e86\u89e3"}, {"userName": "17K\u4e66\u53cb6YQ3U63V", "userReviewDate": "2018-06-07", "userURL": "http://user.17k.com/62521185", "userReview": "[\u6253\u8d4f]\u6211\u6253\u8d4f\u4e861\u5143\u7ea2\u5305\uff01\uff01"}, {"userName": "\u66a7\u2121_", "userReviewDate": "2018-06-07", "userURL": "http://user.17k.com/61435865", "userReview": "[\u6253\u8d4f]\u6211\u6253\u8d4f\u4e865\u5143\u7ea2\u5305\uff01\uff01"}, {"userName": "17K\u4e66\u53cbNO5PQNRU", "userReviewDate": "2018-06-07", "userURL": "http://user.17k.com/59568326", "userReview": "123456"}, {"userName": "17K\u4e66\u53cbLVPZ5HT7", "userReviewDate": "2018-06-07", "userURL": "http://user.17k.com/61916419", "userReview": "\u600e\u4e48\u8001\u662f\u8ddf\u5c38\u8fc7\u4e0d\u53bb\uff1f"}, {"userName": "\u66a7\u2121_", "userReviewDate": "2018-06-06", "userURL": "http://user.17k.com/61435865", "userReview": "[\u6253\u8d4f]\u6211\u6253\u8d4f\u4e865\u5143\u7ea2\u5305\uff01\uff01"}, {"userName": "17K\u4e66\u53cbYZAEWO6E", "userReviewDate": "2018-06-06", "userURL": "http://user.17k.com/61436569", "userReview": "\u3002\u3002\u3002\u3002\u3002\u3002\u3002"}, {"userName": "cm540657278", "userReviewDate": "2018-06-05", "userURL": "http://user.17k.com/16522452", "userReview": "\u53ef\u601c\u7684\u5927\u9ec4\u9e21\uff0c\u53c8\u88ab\u62c9\u53bb\u57ab\u80cc\u4e86"}, {"userName": "\u7f18\u6765\u4fc2\u4f60", "userReviewDate": "2018-06-05", "userURL": "http://user.17k.com/60297414", "userReview": "\u5267\u60c5\u5f88\u4e0d\u9519"}, {"userName": "\u66a7\u2121_", "userReviewDate": "2018-06-04", "userURL": "http://user.17k.com/61435865", "userReview": "[\u6253\u8d4f]\u6211\u6253\u8d4f\u4e865\u5143\u7ea2\u5305\uff01\uff01"}, {"userName": "\uff5e321884999", "userReviewDate": "2018-06-04", "userURL": "http://user.17k.com/62414879", "userReview": "\u5267\u60c5\u8ddf\u5c38\u59d0\u600e\u4e48\u4e00\u6837\uff0c\u80fd\u4e0d\u80fd\u6709\u70b9\u65b0\u610f"}, {"userName": "\u7f57\u7f57\u96e8", "userReviewDate": "2018-06-03", "userURL": "http://user.17k.com/61315010", "userReview": "\u5b8c\u5168\u4e0d\u591f\u770b\u554a\uff0c\u6c42\u591a\u66f4\u4e00\u70b9~"}, {"userName": "WX@1477413580321", "userReviewDate": "2018-06-03", "userURL": "http://user.17k.com/50789140", "userReview": "\u6253\u8d4f\u8fc7\u4e86\u600e\u4e48\u8fd8\u770b\u4e0d\u5230"}, {"userName": "WX@1477413580321", "userReviewDate": "2018-06-03", "userURL": "http://user.17k.com/50789140", "userReview": "[\u6253\u8d4f]\u6211\u6253\u8d4f\u4e868\u5143\u7ea2\u5305\uff01\uff01"}, {"userName": "\u5927\u54a9Y", "userReviewDate": "2018-06-03", "userURL": "http://user.17k.com/58537297", "userReview": "\u5c38\u5144\u7684\u59b9\u59b9\u54a9\uff0c\u6e7f\u59b9\uff0c\u597d\u6e7f\u597d\u6e7f"}, {"userName": "\u751f\u4ea6\u4f55\u7518\uff1f\u6b7b\u4ea6\u4f55\u82e6\uff1f\u2026", "userReviewDate": "2018-06-03", "userURL": "http://user.17k.com/62471014", "userReview": "\u52a0\u6cb9 \u6211\u4eec\u5728\u4f60\u770b\u4e0d\u5230\u7684\u5730\u65b9 \u9ed8\u9ed8\u652f\u6301\u7740\u4f60"}], "description": "\u4eba\uff0c\u4ece\u751f\u5230\u6b7b\u5c31\u662f\u4e00\u4e2a\u8fc7\u7a0b\uff0c\u770b\u5f00\u4e86\u4e5f\u5c31\u4e00\u53e3\u6c14\u3002\u3000\u3000\u4f46\u662f\uff0c\u8fd9\u4e16\u4e0a\u603b\u6709\u4e0d\u613f\u610f\u54bd\u6c14\u7684\u4eba\uff0c\u4e0d\u613f\u610f\u8fdb\u68fa\u6750\u7684\u5c38\uff0c\u4e0d\u613f\u610f\u53bb\u9634\u95f4\u7684\u9b3c\u3002\u5e72\u6211\u4eec\u8fd9\u884c\uff0c\u8bf4\u767d\u4e86\u5c31\u662f\u53bb\u6390\u65ad\u6b7b\u4eba\u6ca1\u54bd\u4e0b\u53bb\u7684\u90a3\u53e3\u6c14\u513f\u3002\u3000\u3000\u4e0d\u8fc7\uff0c\u8c01\u6390\u8c01\u7684\u8116\u5b50\uff0c\u5f97\u770b\u4f60\u6709\u6ca1\u6709\u90a3\u4e2a\u672c\u4e8b\u3002", "title": "\u5c38\u59b9", "url": "http://www.17k.com/book/2819519.html", "average": -1.0, "cover": "http://img.17k.com/images/bookcover/2018/14097/70/2819519-1525782802000.jpg", "reviews": 59699, "authors": [{"url": "http://www.17k.com/zuozhe/46630990", "name": "\u591c\u65e0\u58f0"}], "type": ["\u7075\u5f02\u5947\u8c08"], "outlinks": ["http://www.17k.com/book/2794982.html", "http://www.17k.com/book/2801292.html", "http://www.17k.com/book/2816318.html", "http://www.17k.com/book/2797575.html", "http://www.17k.com/book/2802516.html", "http://www.17k.com/book/2812195.html", "http://www.17k.com/book/2820143.html", "http://www.17k.com/book/2807943.html", "http://www.17k.com/book/2813457.html", "http://www.17k.com/book/2798058.html", "http://www.17k.com/book/2815617.html", "http://www.17k.com/book/2805259.html", "http://www.17k.com/book/2760255.html", "http://www.17k.com/book/2686894.html", "http://www.17k.com/book/2797016.html", "http://www.17k.com/book/2767246.html", "http://www.17k.com/book/2764239.html", "http://www.17k.com/book/2754498.html", "http://www.17k.com/book/2754900.html", "http://www.17k.com/book/2625740.html", "http://www.17k.com/book/2213315.html", "http://www.17k.com/book/2402178.html", "http://www.17k.com/book/2691221.html", "http://www.17k.com/book/2210699.html", "http://www.17k.com/book/1797752.html", "http://www.17k.com/book/2575507.html", "http://www.17k.com/book/2705181.html", "http://www.17k.com/book/2702539.html", "http://www.17k.com/book/2474887.html", "http://www.17k.com/book/2674733.html", "http://www.17k.com/book/2822076.html", "http://www.17k.com/book/2809894.html", "http://www.17k.com/book/2822077.html", "http://www.17k.com/book/2811930.html", "http://www.17k.com/book/2815548.html", "http://www.17k.com/book/2819620.html", "http://www.17k.com/book/2809964.html", "http://www.17k.com/book/2808200.html", "http://www.17k.com/book/2820100.html", "http://www.17k.com/book/2822978.html", "http://www.17k.com/book/2804337.html", "http://www.17k.com/book/2798814.html", "http://www.17k.com/book/2785153.html", "http://www.17k.com/book/2731559.html", "http://www.17k.com/book/2722533.html", "http://www.17k.com/book/2458377.html", "http://www.17k.com/book/2743300.html", "http://www.17k.com/book/973809.html", "http://www.17k.com/book/2651367.html", "http://www.17k.com/book/2726194.html", "http://www.17k.com/book/2790214.html", "http://www.17k.com/book/493239.html", "http://www.17k.com/book/108821.html", "http://www.17k.com/book/1398783.html", "http://www.17k.com/book/83528.html", "http://www.17k.com/book/1859126.html", "http://www.17k.com/book/1741975.html", "http://www.17k.com/book/192453.html", "http://www.17k.com/book/2459058.html", "http://www.17k.com/book/1050747.html", "http://www.17k.com/book/2700315.html", "http://www.17k.com/book/2818940.html", "http://www.17k.com/book/2819519.html", "http://www.17k.com/book/2816390.html", "http://www.17k.com/book/2819588.html", "http://www.17k.com/book/2813768.html", "http://www.17k.com/book/2822406.html", "http://www.17k.com/book/2772164.html", "http://www.17k.com/book/2784023.html", "http://www.17k.com/book/2811877.html", "http://www.17k.com/book/2809119.html", "http://www.17k.com/book/2803700.html", "http://www.17k.com/book/2819561.html", "http://www.17k.com/book/2746506.html", "http://www.17k.com/book/2811836.html", "http://www.17k.com/book/2614810.html", "http://www.17k.com/book/1592435.html", "http://www.17k.com/book/1949748.html", "http://www.17k.com/book/2265802.html", "http://www.17k.com/book/2743240.html", "http://www.17k.com/book/2657437.html", "http://www.17k.com/book/2644502.html", "http://www.17k.com/book/2199900.html", "http://www.17k.com/book/2725436.html", "http://www.17k.com/book/2629978.html"]}