{"ratings": -1, "userreviews": [{"userName": "17k\u4e66\u53cbij7wt09nf", "userReviewDate": "2018-06-04", "userURL": "http://user.17k.com/62521560", "userReview": "\u7279\u522b\u597d\u503c\u5f97\u770b"}, {"userName": "\u8f6c\u89d2&amp;\u5496\u5561\u5e97", "userReviewDate": "2018-05-29", "userURL": "http://user.17k.com/62272686", "userReview": "[\u6253\u8d4f]\u6211\u6253\u8d4f\u4e862\u5143\u7ea2\u5305\uff01\uff01"}, {"userName": "\u6797\u7ecf\u767d", "userReviewDate": "2018-05-26", "userURL": "http://user.17k.com/61480290", "userReview": "\u4f5c\u8005\u5927\u5927\u52a0\u6cb9\uff01"}, {"userName": "\u7af9\u4e0b\u661f\u67f3", "userReviewDate": "2018-05-23", "userURL": "http://user.17k.com/56040077", "userReview": "\u521d\u6b21\u62dc\u8bbf\uff0c\u671b\u56de\u590d\u54e6\uff01\u4e66\u5c31\u5148\u6536\u4e86\uff0c\u770b\u770b\u5982\u4f55\u3002"}, {"userName": "\u6708\u843d\u68a6\u8ffd\u5fc6", "userReviewDate": "2018-05-20", "userURL": "http://user.17k.com/57478135", "userReview": "\u521d\u8bbf\u652f\u6301\uff0c\u8282\u65e5\u6109\u5feb\uff0c\u6c6aemmmm"}], "description": "\u5a5a\u793c\u4e0a\uff0c\u6697\u604b\u4e86\u5341\u51e0\u5e74\u7684\u7537\u4eba\u593a\u8d70\u4e86\u5979\u7684\u6e05\u767d\uff0c\u8ba9\u5979\u5728\u4f17\u76ee\u777d\u777d\u4e4b\u4e0b\u53d8\u6210\u4e86\u201c\u6c34\u6027\u6768\u82b1\u201d\u7684\u5973\u4eba\uff0c\u4ed6\u538c\u5979\uff0c\u5f03\u5979\u3002\u3000\u3000\u5927\u96ea\u591c\uff0c\u5979\u6000\u7740\u4e09\u4e2a\u6708\u7684\u5b69\u5b50\u72fc\u72c8\u7684\u9003\u7a9c\uff0c\u5f53\u7740\u4ed6\u7684\u9762\u8df3\u5165\u51b0\u51b7\u7684\u6d77\u6e7e\uff0c\u5979\u602a\u4ed6\uff0c\u6028\u4ed6\u3002\u3000\u3000\u591a\u5e74\u540e\uff0c\u5979\u633d\u7740\u7231\u4eba\u5e26\u7740\u5305\u5b50\u5f52\u6765\uff0c\u5374\u88ab\u4ed6\u5f3a\u538b\u5728\u8eab\u4e0b\u4e0d\u5f97\u52a8\u5f39\u3002\u3000\u3000\u5b5f\u5915\u7136\uff1a\u201c\u6b20\u4f60\u7684\u6211\u5df2\u7ecf\u8fd8\u4e86\u3002\u201d\u3000\u3000\u79e6\u8d8a\u5bd2\uff1a\u201c\u8ba9\u6211\u513f\u5b50\u7ba1\u522b\u4eba\u53eb\u7239\uff0c\u8fd9\u7b14\u65b0\u8d26\u8fd8\u8981\u7b97\uff01\u201d", "title": "\u5e78\u5b55\u6210\u5a5a\uff1a\u8001\u516c\u522b\u8d2a\u6b22", "url": "http://www.17k.com/book/2809509.html", "average": -1.0, "cover": "http://img.17k.com/images/bookcover/2018/14047/70/2809509-1526633022000.jpg", "reviews": 29609, "authors": [{"url": "http://www.17k.com/zuozhe/55965655", "name": "\u897f\u74dc\u51b0"}], "type": ["\u603b\u88c1\u8c6a\u95e8"], "outlinks": ["http://www.17k.com/book/2794982.html", "http://www.17k.com/book/2801292.html", "http://www.17k.com/book/2816318.html", "http://www.17k.com/book/2797575.html", "http://www.17k.com/book/2802516.html", "http://www.17k.com/book/2812195.html", "http://www.17k.com/book/2820143.html", "http://www.17k.com/book/2807943.html", "http://www.17k.com/book/2813457.html", "http://www.17k.com/book/2798058.html", "http://www.17k.com/book/2815617.html", "http://www.17k.com/book/2805259.html", "http://www.17k.com/book/2760255.html", "http://www.17k.com/book/2686894.html", "http://www.17k.com/book/2797016.html", "http://www.17k.com/book/2767246.html", "http://www.17k.com/book/2764239.html", "http://www.17k.com/book/2754498.html", "http://www.17k.com/book/2754900.html", "http://www.17k.com/book/2625740.html", "http://www.17k.com/book/2213315.html", "http://www.17k.com/book/2402178.html", "http://www.17k.com/book/2691221.html", "http://www.17k.com/book/2210699.html", "http://www.17k.com/book/1797752.html", "http://www.17k.com/book/2575507.html", "http://www.17k.com/book/2705181.html", "http://www.17k.com/book/2702539.html", "http://www.17k.com/book/2474887.html", "http://www.17k.com/book/2674733.html", "http://www.17k.com/book/2822076.html", "http://www.17k.com/book/2809894.html", "http://www.17k.com/book/2822077.html", "http://www.17k.com/book/2811930.html", "http://www.17k.com/book/2815548.html", "http://www.17k.com/book/2819620.html", "http://www.17k.com/book/2809964.html", "http://www.17k.com/book/2808200.html", "http://www.17k.com/book/2820100.html", "http://www.17k.com/book/2822978.html", "http://www.17k.com/book/2804337.html", "http://www.17k.com/book/2798814.html", "http://www.17k.com/book/2785153.html", "http://www.17k.com/book/2731559.html", "http://www.17k.com/book/2722533.html", "http://www.17k.com/book/2458377.html", "http://www.17k.com/book/2743300.html", "http://www.17k.com/book/973809.html", "http://www.17k.com/book/2651367.html", "http://www.17k.com/book/2726194.html", "http://www.17k.com/book/2790214.html", "http://www.17k.com/book/493239.html", "http://www.17k.com/book/108821.html", "http://www.17k.com/book/1398783.html", "http://www.17k.com/book/83528.html", "http://www.17k.com/book/1859126.html", "http://www.17k.com/book/1741975.html", "http://www.17k.com/book/192453.html", "http://www.17k.com/book/2459058.html", "http://www.17k.com/book/1050747.html", "http://www.17k.com/book/2700315.html", "http://www.17k.com/book/2818940.html", "http://www.17k.com/book/2819519.html", "http://www.17k.com/book/2816390.html", "http://www.17k.com/book/2819588.html", "http://www.17k.com/book/2813768.html", "http://www.17k.com/book/2822406.html", "http://www.17k.com/book/2772164.html", "http://www.17k.com/book/2784023.html", "http://www.17k.com/book/2811877.html", "http://www.17k.com/book/2809119.html", "http://www.17k.com/book/2803700.html", "http://www.17k.com/book/2819561.html", "http://www.17k.com/book/2746506.html", "http://www.17k.com/book/2811836.html", "http://www.17k.com/book/2614810.html", "http://www.17k.com/book/1592435.html", "http://www.17k.com/book/1949748.html", "http://www.17k.com/book/2265802.html", "http://www.17k.com/book/2743240.html", "http://www.17k.com/book/2657437.html", "http://www.17k.com/book/2644502.html", "http://www.17k.com/book/2199900.html", "http://www.17k.com/book/2725436.html", "http://www.17k.com/book/2629978.html"]}