{"ratings": -1, "userreviews": [{"userName": "soul_Hebe", "userReviewDate": "2018-05-25", "userURL": "http://user.17k.com/61676598", "userReview": "\u9171\u6cb9\uff0c\u914d\u89d2\u9700\u8981\u7684\u7559\u540d\u5b57\uff0c\u6027\u683c<img src='http://img.17k.com/images/face/102hh.gif' />"}, {"userName": "soul_Hebe", "userReviewDate": "2018-06-03", "userURL": "http://user.17k.com/61676598", "userReview": "\u70b9\u8fdb\u6765\u7684\u5927\u5927\u4eec\uff0c\u518d\u70b9\u4e0b\u6536\u85cf\u5457<img src='http://img.17k.com/images/face/102hh.gif' />"}, {"userName": "\u521b\u4e16\u96ea\u5973", "userReviewDate": "2018-05-27", "userURL": "http://user.17k.com/62237266", "userReview": "\u597d\u770b\u3002"}, {"userName": "soul_Hebe", "userReviewDate": "2018-05-20", "userURL": "http://user.17k.com/61676598", "userReview": "\u6c42\u56de\u590d\uff0c\u6536\u85cf<img src='http://img.17k.com/images/face/101gx.gif' />"}], "description": "\u5e7b\u51a5\u5927\u9646\uff0c\u4eba\u4eba\u7686\u6709\u5e7b\u7075\uff0c\u5343\u5947\u767e\u602a\uff0c\u4ee5\u5e7b\u7075\u4e3a\u57fa\u7840\uff0c\u5f00\u8f9f\u51fa\u65b0\u7684\u6218\u6597\u65b9\u5f0f\uff0c\u4ee5\u667a\u6167\u5f81\u670d\u540d\u58eb\uff0c\u4ee5\u6b66\u529b\u538b\u5236\u540d\u5c06\uff0c\u4ee5\u5e7d\u9ed8\u5ba0\u5e78\u4e09\u5343\uff0c\u65e2\u7136\u4e0a\u5929\u7ed9\u6211\u518d\u6765\u4e00\u6b21\u7684\u673a\u4f1a\uff0c\u90a3\u4e48\u8fd9\u5929\u5c31\u5f97\u542c\u6211\u7684\uff01", "title": "\u5e7b\u51a5\u6218\u7eaa", "url": "http://www.17k.com/book/2825267.html", "average": -1.0, "cover": "http://img.17k.com/images/bookcover/default_cover.jpg", "reviews": 422, "authors": [{"url": "http://www.17k.com/zuozhe/61676598", "name": "\u7231\u7434\u8005"}], "type": ["\u897f\u65b9\u5947\u5e7b"], "outlinks": ["http://www.17k.com/book/2794982.html", "http://www.17k.com/book/2801292.html", "http://www.17k.com/book/2816318.html", "http://www.17k.com/book/2797575.html", "http://www.17k.com/book/2802516.html", "http://www.17k.com/book/2812195.html", "http://www.17k.com/book/2820143.html", "http://www.17k.com/book/2807943.html", "http://www.17k.com/book/2813457.html", "http://www.17k.com/book/2798058.html", "http://www.17k.com/book/2815617.html", "http://www.17k.com/book/2805259.html", "http://www.17k.com/book/2760255.html", "http://www.17k.com/book/2686894.html", "http://www.17k.com/book/2797016.html", "http://www.17k.com/book/2767246.html", "http://www.17k.com/book/2764239.html", "http://www.17k.com/book/2754498.html", "http://www.17k.com/book/2754900.html", "http://www.17k.com/book/2625740.html", "http://www.17k.com/book/2213315.html", "http://www.17k.com/book/2402178.html", "http://www.17k.com/book/2691221.html", "http://www.17k.com/book/2210699.html", "http://www.17k.com/book/1797752.html", "http://www.17k.com/book/2575507.html", "http://www.17k.com/book/2705181.html", "http://www.17k.com/book/2702539.html", "http://www.17k.com/book/2474887.html", "http://www.17k.com/book/2674733.html", "http://www.17k.com/book/2822076.html", "http://www.17k.com/book/2809894.html", "http://www.17k.com/book/2822077.html", "http://www.17k.com/book/2811930.html", "http://www.17k.com/book/2815548.html", "http://www.17k.com/book/2819620.html", "http://www.17k.com/book/2809964.html", "http://www.17k.com/book/2808200.html", "http://www.17k.com/book/2820100.html", "http://www.17k.com/book/2822978.html", "http://www.17k.com/book/2804337.html", "http://www.17k.com/book/2798814.html", "http://www.17k.com/book/2785153.html", "http://www.17k.com/book/2731559.html", "http://www.17k.com/book/2722533.html", "http://www.17k.com/book/2458377.html", "http://www.17k.com/book/2743300.html", "http://www.17k.com/book/973809.html", "http://www.17k.com/book/2651367.html", "http://www.17k.com/book/2726194.html", "http://www.17k.com/book/2790214.html", "http://www.17k.com/book/493239.html", "http://www.17k.com/book/108821.html", "http://www.17k.com/book/1398783.html", "http://www.17k.com/book/83528.html", "http://www.17k.com/book/1859126.html", "http://www.17k.com/book/1741975.html", "http://www.17k.com/book/192453.html", "http://www.17k.com/book/2459058.html", "http://www.17k.com/book/1050747.html", "http://www.17k.com/book/2700315.html", "http://www.17k.com/book/2818940.html", "http://www.17k.com/book/2819519.html", "http://www.17k.com/book/2816390.html", "http://www.17k.com/book/2819588.html", "http://www.17k.com/book/2813768.html", "http://www.17k.com/book/2822406.html", "http://www.17k.com/book/2772164.html", "http://www.17k.com/book/2784023.html", "http://www.17k.com/book/2811877.html", "http://www.17k.com/book/2809119.html", "http://www.17k.com/book/2803700.html", "http://www.17k.com/book/2819561.html", "http://www.17k.com/book/2746506.html", "http://www.17k.com/book/2811836.html", "http://www.17k.com/book/2614810.html", "http://www.17k.com/book/1592435.html", "http://www.17k.com/book/1949748.html", "http://www.17k.com/book/2265802.html", "http://www.17k.com/book/2743240.html", "http://www.17k.com/book/2657437.html", "http://www.17k.com/book/2644502.html", "http://www.17k.com/book/2199900.html", "http://www.17k.com/book/2725436.html", "http://www.17k.com/book/2629978.html"]}