{"ratings": -1, "userreviews": [{"userName": "\u672a\u6765\u6ca1\u676552099", "userReviewDate": "2018-05-10", "userURL": "http://user.17k.com/61436175", "userReview": "[\u6253\u8d4f]\u6211\u6253\u8d4f\u4e862\u5143\u7ea2\u5305\uff01\uff01"}, {"userName": "17k\u4e66\u53cbr20tek65h", "userReviewDate": "2018-04-28", "userURL": "http://user.17k.com/61309069", "userReview": "[\u6253\u8d4f]\u6211\u6253\u8d4f\u4e862\u5143\u7ea2\u5305\uff01\uff01"}, {"userName": "\u592e\u5b50\u5440", "userReviewDate": "2018-04-23", "userURL": "http://user.17k.com/60344960", "userReview": "\u52a0\u6cb9"}, {"userName": "\u58a8\u96ea\u5982\u4e1d", "userReviewDate": "2018-04-01", "userURL": "http://user.17k.com/55374791", "userReview": "\u6211\u56de\u6765\u4e86\uff0c\u7434\u5fc3\u3002\u4f60\u5199\u7684\u597d\u597d\u770b\u554a"}, {"userName": "\u6d77\u98ce\u4e2d\u6b8b\u5b58\u7684\u6cea", "userReviewDate": "2018-03-28", "userURL": "http://user.17k.com/56026150", "userReview": "[\u6253\u8d4f]\u6211\u6253\u8d4f\u4e865\u5143\u7ea2\u5305\uff01\uff01"}, {"userName": "\u5f20\u82b3\u6885", "userReviewDate": "2018-03-21", "userURL": "http://user.17k.com/58411522", "userReview": "[\u6253\u8d4f]\u6211\u6253\u8d4f\u4e861\u4e2a'\u5c0f\u5fc3\u5fc3'\uff01\uff01"}, {"userName": "\u5357\u4ead\u68a6\u665a", "userReviewDate": "2018-03-20", "userURL": "http://user.17k.com/58332845", "userReview": "\u819c\u62dc\u5927\u5927\uff01\u5f3a\u63a8\u672c\u6587\uff0c\u4e0d\u8fc7\u5927\u5bb6\u6709\u65f6\u95f4\u4e5f\u53ef\u4ee5\u53bb\u770b\u770b<a target='_blank' href='http://www.17k.com/book/2796068.html'>\u300a\u534a\u7f18\u5929\u547d\u534a\u7f18\u541b\u300b</a>\uff0c\u4e5f\u4e0d\u9519\u54e6&#55357;&#56842;"}, {"userName": "\u7c89\u8272\u80e1\u841d\u535c", "userReviewDate": "2018-03-16", "userURL": "http://user.17k.com/60399755", "userReview": "\u8822\u840c\u65b0\u4eba\u524d\u6765\u819c\u62dc\uff0c\u7279\u5411\u5927\u5927\u56f4\u89c2\u5b66\u4e60\u3002\u4e5f\u8bda\u9080\u5404\u4f4d\u56f4\u89c2\u5410\u69fd\u6211\u7684<a target='_blank' href='http://www.17k.com/book/2793902.html'>\u300a\u4e8c\u8d27\u623f\u4e1c\u7684\u603b\u88c1\u623f\u5ba2\u300b</a>\u3002\u611f\u6fc0\u6d95\u96f6\uff01"}, {"userName": "\u6211\u5bb6\u6709\u72d7\u2661", "userReviewDate": "2018-03-15", "userURL": "http://user.17k.com/60416996", "userReview": "\u63a8\u8350\u65b0\u4e66<a target='_blank' href='http://www.17k.com/book/2793553.html'>\u300a\u4e00\u4e16\u9a84\u51f0\u300b</a>\uff0c\u6b22\u8fce\u4e66\u53cb\u4eec\u8ffd\u4e66\uff0c\u559c\u6b22\u7684\u53ef\u4ee5\u6536\u85cf\u2026\u2026"}, {"userName": "\u59dc\u963f\u59e8", "userReviewDate": "2018-03-14", "userURL": "http://user.17k.com/59400640", "userReview": "\u65b0\u4eba\u5e26\u65b0\u4e66<a target='_blank' href='http://www.17k.com/book/2756214.html'>\u300a\u552f\u7231\u5f02\u4e16\u5a07\u59bb\u300b</a>\u6765\u8bbf\uff0c\u575a\u6301\u5c31\u4f1a\u6709\u6536\u83b7\uff0c\u52a0\u6cb9~"}, {"userName": "\u7a7a\u8c37\u7559\u60c5", "userReviewDate": "2018-03-14", "userURL": "http://user.17k.com/45016341", "userReview": "\u4e00\u672c\u597d\u770b\u7684\u4e66<a target='_blank' href='http://www.17k.com/book/2790998.html'>\u300a\u9738\u9053\u4e13\u5c5e\u300b</a>\u6821\u56ed\u603b\u88c1\u957f\u817f\u738b\u5b50\u3001\u9752\u6885\u7af9\u9a6c\u6587<a target='_blank' href='http://www.17k.com/book/2790998.html'>\u300a\u9738\u9053\u4e13\u5c5e\u300b</a>\u524d\u6765\u652f\u6301\uff0c\u559c\u6b22\u7684\u53ef\u4ee5\u6536\u85cf\u8fd8\u6709\u6295\u7968\uff0c\u8c22\u8c22\u3002\u7b80\u4ecb\uff1a\u65bd\u96e8\u7af9\u76ee\u5149\u5446\u6ede\u5730\u770b\u7740\u957f\u817f\u5e05\u54e5\u5149\u7740\u7684\u4e0a\u534a\u8eab\u597d\u534a\u664c\uff0c\u56de\u8fc7\u795e\u6765\u540e\u4f38\u624b\u64e6\u4e86\u64e6\u5634\u89d2\u6839\u672c\u4e0d\u5b58\u5728\u7684\u53e3\u6c34\uff0c\u5979\u662f\u5e94\u8be5\u8d81\u673a\u628a\u5bf9\u65b9\u7684\u4e0a\u8863\u90fd\u8131\u5149\u5462\uff0c\u8fd8\u662f\u5c31\u8fd9\u4e48\u5e2e\u5bf9\u65b9\u64e6\u4e00\u4e0b\u4e0a\u8eab\u7ee7\u7eed\u7a7f\u56de\u53bb\uff1f"}, {"userName": "A\u661f\u661f\u70b9\u706f", "userReviewDate": "2018-03-12", "userURL": "http://user.17k.com/55972875", "userReview": "2018\u63a8\u8350\u4e00\u672c\u597d\u770b\u7684\u4e66<a target='_blank' href='http://www.17k.com/book/2728167.html'>\u300a\u6211\u548c\u5996\u517d\u6709\u4e2a\u7ea6\u4f1a\u300b</a>\uff0c\u60ca\u9669\u523a\u6fc0\uff0c\u6d6a\u6f2b\u6ee1\u5c4b\uff0c\u70ed\u8840\u683c\u6597\uff0c\u751f\u6b7b\u7231\u604b\uff0c\u6696\u6627\u4e0d\u65ad\uff0c\u5929\u5929\u66f4\u65b0\uff0c\u8bf7\u591a\u5173\u7167\uff0c\u6765\u4e2a\u6536\u85cf\u554a!\uff0c\u70b9\u51fb\u4e66\u540d\u5c31\u53ef\u4ee5\u770b\u5230\u4e66\u4e86\u3002"}, {"userName": "\u7c89\u4ea4\u672c\u5c0a", "userReviewDate": "2018-03-11", "userURL": "http://user.17k.com/58788435", "userReview": "\u4e16\u754c\u672b\u65e5\u540e\uff0c\u793e\u4f1a\u79e9\u5e8f\u8f70\u7136\u5d29\u584c\u3002 \u5c11\u5e74\u88ab\u5168\u4eba\u7c7b\u8ffd\u6740\uff0c\u903c\u4e0d\u5f97\u5df2\uff0c\u53ea\u80fd\u5750\u4e0a\u51b0\u51b7\u5f7b\u9aa8\u7684\u738b\u5ea7\uff0c\u6210\u4e3a\u4e0d\u6b7b\u7687\u5e1d\u3002 \u4f5c\u4e3a\u4e00\u4e2a\u660f\u541b\uff0c\u4ed6\u7387\u9886\u4ebf\u4e07\u5927\u519b\uff0c\u5411\u4e16\u754c\u5f00\u6218\u3002 \u4e8e\u662f\uff0c\u65b0\u7eaa\u5143\u5f00\u59cb\u4e86\u3002 <a target='_blank' href='http://www.17k.com/book/2737016.html'>\u300a\u65e0\u751f\u7eaa\u5143\u300b</a>\uff0c\u70b9\u5f00\u4e66\u540d\u5373\u53ef\u9605\u8bfb\uff01"}, {"userName": "K\u5c0f\u5f00", "userReviewDate": "2018-03-10", "userURL": "http://user.17k.com/58509881", "userReview": "\u5468\u672b\u6109\u5feb\uff01<a target='_blank' href='http://www.17k.com/book/2724684.html'>\u300a\u4e00\u5ff5\u539f\u7f6a\u300b</a>\u524d\u6765\u6c42\u6559\uff0c\u6307\u70b9\u4e00\u4e8c\uff0c\u611f\u6fc0\u4e0d\u5c3d\uff01"}, {"userName": "\u8bb8\u4f60\u4e00\u4e16\u6e05\u6b22\u68a6", "userReviewDate": "2018-03-07", "userURL": "http://user.17k.com/57322701", "userReview": "<a target='_blank' href='http://www.17k.com/book/2653379.html'>\u300a\u8bf7\u53eb\u6211\u4ed9\u5fcd\u5927\u4eba\u300b</a>\u6d41\u5e74\u597d\u4e45\u6ca1\u73b0\u8eab\u4e86\uff0c\u6015\u5927\u5927\u5fd8\u4e86\u6211\uff0c\u7279\u5730\u524d\u6765\u5927\u5927\u7684\u5b9d\u5730\uff0c\u51d1\u51d1\u70ed\u95f9\uff0c\u5237\u5237\u5b58\u5728\u611f\uff01"}, {"userName": "kool\u6377", "userReviewDate": "2018-02-28", "userURL": "http://user.17k.com/56730892", "userReview": "2018\u63a8\u8350\u4e00\u672c\u597d\u770b\u7684\u4e66<a target='_blank' href='http://www.17k.com/book/2728167.html'>\u300a\u6211\u548c\u5996\u517d\u6709\u4e2a\u7ea6\u4f1a\u300b</a>,\u5929\u5929\u66f4\u65b0\uff0c\u8bf7\u591a\u5173\u7167\uff0c\u6765\u4e2a\u6536\u85cf\u554a!\uff0c\u70b9\u51fb\u4e66\u540d\u5c31\u53ef\u4ee5\u770b\u5230\u4e66\u4e86\u3002"}, {"userName": "A\u725b\u9b54\u738b", "userReviewDate": "2018-02-27", "userURL": "http://user.17k.com/56738425", "userReview": "\u597d\u4e66\u9700\u8981\u63a8\u5e7f\uff0c\u6b63\u80fd\u91cf!2018\u63a8\u8350\u4e00\u672c\u597d\u770b\u7684\u4e66<a target='_blank' href='http://www.17k.com/book/2551937.html'>\u300a\u8d85\u65b0\u4eba\u300b</a>\uff0c\u60ca\u9669\u523a\u6fc0\uff0c\u6d6a\u6f2b\u6ee1\u5c4b\uff0c\u70ed\u8840\u683c\u6597\uff0c\u751f\u6b7b\u7231\u604b\uff0c\u6696\u6627\u4e0d\u65ad\uff0c\u4e0e\u4f17\u4e0d\u540c\uff0c\u5929\u5929\u66f4\u65b0\uff0c\u8bf7\u591a\u5173\u7167\uff0c\u6765\u4e2a\u6536\u85cf\u554a!\uff0c\u70b9\u51fb\u4e66\u540d\u5c31\u53ef\u4ee5\u770b\u5230\u4e66\u4e86\u3002"}, {"userName": "\u6d77\u4e4b\u70750", "userReviewDate": "2018-02-21", "userURL": "http://user.17k.com/43483568", "userReview": "\u5199\u5f97\u771f\u597d\uff01\u6765\u4e3a\u5927\u5927\u52a0\u6cb9"}, {"userName": "\u5927\u6c5f\u9648\u8ff9", "userReviewDate": "2018-02-05", "userURL": "http://user.17k.com/59082119", "userReview": "\u3010\u7acb\u6625\u540e\u7684\u7b2c\u4e00\u5929\uff0c\u613f\u5927\u5927\u518d\u4e0a\u4e00\u4e2a\u53f0\u9636\uff01\u3011\u5927\u6c5f\u9648\u8ff9\u643a<a target='_blank' href='http://www.17k.com/book/2746787.html'>\u300a\u4f2a\u7a7f\u8d8a\u4e4b\u5446\u840c\u5b66\u9738\u8981\u9ed1\u5316\u300b</a>\u524d\u6765\u62dc\u8bbf\u652f\u6301\uff01"}, {"userName": "A\u725b\u9b54\u738b", "userReviewDate": "2018-02-02", "userURL": "http://user.17k.com/56738425", "userReview": "\u63a8\u8350\u4e00\u672c\u60ca\u9669\u523a\u6fc0\u597d\u770b\u7684\u4e66<a target='_blank' href='http://www.17k.com/book/2728167.html'>\u300a\u6211\u548c\u5996\u517d\u6709\u4e2a\u7ea6\u4f1a\u300b</a>\uff0c\u5929\u5929\u66f4\u65b0\uff0c\u8bf7\u591a\u591a\u5173\u7167\uff0c\u6765\u4e2a\u6536\u85cf\u5427!\u70b9\u51fb\u4e66\u540d\u5c31\u53ef\u4ee5\u770b\u5230\u4e86 \u3002"}], "description": "\u201c\u6797\u5bb6\u7684\u5973\u5b50\u751f\u7684\u8fd9\u4e48\u6f02\u4eae\uff0c\u751f\u6765\u5c31\u662f\u7ed9\u4eba\u505a\u4f8d\u59be\u7684\u3002\u201d\u3000\u3000\u56de\u5fc6\u8d77\u8fd9\u5177\u8eab\u4f53\u6700\u540e\u5b58\u6709\u7684\u610f\u8bc6\uff0c\u6797\u7693\u96ea\u6068\uff0c\u3000\u3000\u5c31\u7b97\u4ed6\u4f55\u5bb6\u662f\u4e4c\u6853\u5e1d\u56fd\u5e1d\u90fd\u7684\u7b2c\u4e00\u5927\u5bb6\u65cf\u53c8\u5982\u4f55\uff1f\u3000\u3000\u6b64\u751f\u82e5\u4e0d\u706d\u4f60\u4f55\u5bb6\uff0c\u6211\u6797\u7693\u96ea\u8a93\u4e0d\u4e3a\u4eba\u3002\u3000\u3000\u4e8e\u662f\u5e1d\u90fd\u7b2c\u4e00\u5927\u5bb6\u65cf\u4f55\u5bb6\uff0c\u6210\u4e86\u5c0f\u5c0f\u7684\u6cf0\u5174\u57ce\u4e2d\u6d41\u5bb6\u65cf\u4e2d\u5341\u4e8c\u5c81\u7684\u6b21\u5973\u5979\u4eba\u751f\u4e2d\u7684\u7b2c\u4e00\u4e2a\u6311\u6218\u76ee\u6807\u3002\u3000\u3000\u8eab\u4f53\u91cc\u6ca1\u6709\u4efb\u4f55\u7384\u529b\uff0c\u5374\u5728\u6cf0\u5174\u57ce\u6bd4\u5e90\u5c71\u524d\u7684\u843d\u4e91\u6da7\u4e2d\u7684\u5947\u9047\uff0c\u751f\u751f\u6fc0\u6d3b\u4e86\u4f53\u5185\u7684\u516b\u7cfb\u7384\u8109\u3002\u3000\u3000\u4ece\u6beb\u65e0\u7384\u529b\u7684\u5e9f\u7269\u4e00\u8dc3\u800c\u6210\u4e03\u7ea7\u7384\u5e08\uff0c\u81ea\u6b64\uff0c\u6797\u7693\u96ea\u8e0f\u4e0a\u4e86\u5f3a\u8005\u4e4b\u8def\u3002", "title": "\u5e9f\u6750\u5c0f\u59d0\u5f02\u754c\u7eb5\u6a2a", "url": "http://www.17k.com/book/2343660.html", "average": -1.0, "cover": "http://img.17k.com/images/bookcover/2017/11718/58/2343660-1500464559000.jpg", "reviews": 616066, "authors": [{"url": "http://www.17k.com/zuozhe/45934922", "name": "\u7434\u5fc3\u8f7b\u541f"}], "type": ["\u7384\u5e7b\u4ed9\u4fa0"], "outlinks": ["http://www.17k.com/book/2794982.html", "http://www.17k.com/book/2801292.html", "http://www.17k.com/book/2816318.html", "http://www.17k.com/book/2797575.html", "http://www.17k.com/book/2802516.html", "http://www.17k.com/book/2812195.html", "http://www.17k.com/book/2820143.html", "http://www.17k.com/book/2807943.html", "http://www.17k.com/book/2813457.html", "http://www.17k.com/book/2798058.html", "http://www.17k.com/book/2815617.html", "http://www.17k.com/book/2805259.html", "http://www.17k.com/book/2760255.html", "http://www.17k.com/book/2686894.html", "http://www.17k.com/book/2797016.html", "http://www.17k.com/book/2767246.html", "http://www.17k.com/book/2764239.html", "http://www.17k.com/book/2754498.html", "http://www.17k.com/book/2754900.html", "http://www.17k.com/book/2625740.html", "http://www.17k.com/book/2213315.html", "http://www.17k.com/book/2402178.html", "http://www.17k.com/book/2691221.html", "http://www.17k.com/book/2210699.html", "http://www.17k.com/book/1797752.html", "http://www.17k.com/book/2575507.html", "http://www.17k.com/book/2705181.html", "http://www.17k.com/book/2702539.html", "http://www.17k.com/book/2474887.html", "http://www.17k.com/book/2674733.html", "http://www.17k.com/book/2822076.html", "http://www.17k.com/book/2809894.html", "http://www.17k.com/book/2822077.html", "http://www.17k.com/book/2811930.html", "http://www.17k.com/book/2815548.html", "http://www.17k.com/book/2819620.html", "http://www.17k.com/book/2809964.html", "http://www.17k.com/book/2808200.html", "http://www.17k.com/book/2820100.html", "http://www.17k.com/book/2822978.html", "http://www.17k.com/book/2804337.html", "http://www.17k.com/book/2798814.html", "http://www.17k.com/book/2785153.html", "http://www.17k.com/book/2731559.html", "http://www.17k.com/book/2722533.html", "http://www.17k.com/book/2458377.html", "http://www.17k.com/book/2743300.html", "http://www.17k.com/book/973809.html", "http://www.17k.com/book/2651367.html", "http://www.17k.com/book/2726194.html", "http://www.17k.com/book/2790214.html", "http://www.17k.com/book/493239.html", "http://www.17k.com/book/108821.html", "http://www.17k.com/book/1398783.html", "http://www.17k.com/book/83528.html", "http://www.17k.com/book/1859126.html", "http://www.17k.com/book/1741975.html", "http://www.17k.com/book/192453.html", "http://www.17k.com/book/2459058.html", "http://www.17k.com/book/1050747.html", "http://www.17k.com/book/2700315.html", "http://www.17k.com/book/2818940.html", "http://www.17k.com/book/2819519.html", "http://www.17k.com/book/2816390.html", "http://www.17k.com/book/2819588.html", "http://www.17k.com/book/2813768.html", "http://www.17k.com/book/2822406.html", "http://www.17k.com/book/2772164.html", "http://www.17k.com/book/2784023.html", "http://www.17k.com/book/2811877.html", "http://www.17k.com/book/2809119.html", "http://www.17k.com/book/2803700.html", "http://www.17k.com/book/2819561.html", "http://www.17k.com/book/2746506.html", "http://www.17k.com/book/2811836.html", "http://www.17k.com/book/2614810.html", "http://www.17k.com/book/1592435.html", "http://www.17k.com/book/1949748.html", "http://www.17k.com/book/2265802.html", "http://www.17k.com/book/2743240.html", "http://www.17k.com/book/2657437.html", "http://www.17k.com/book/2644502.html", "http://www.17k.com/book/2199900.html", "http://www.17k.com/book/2725436.html", "http://www.17k.com/book/2629978.html"]}