{"ratings": -1, "userreviews": [{"userName": "17k\u4e66\u53cbkz5etfdx3", "userReviewDate": "2018-04-26", "userURL": "http://user.17k.com/61253509", "userReview": "[\u6253\u8d4f]\u6211\u6253\u8d4f\u4e862\u5143\u7ea2\u5305\uff01\uff01"}, {"userName": "\u5e03\u60ca\u4e91\u5416", "userReviewDate": "2018-04-07", "userURL": "http://user.17k.com/60612004", "userReview": "\u4e0d\u9519"}, {"userName": "\u987d\u76ae\u7684\u5927\u867e", "userReviewDate": "2018-03-20", "userURL": "http://user.17k.com/59008129", "userReview": "\u5389\u5bb3\uff01"}, {"userName": "\u674e\u4e0d\u8bb2\u674e", "userReviewDate": "2018-03-19", "userURL": "http://user.17k.com/60472253", "userReview": "<a target='_blank' href='http://www.17k.com/book/2796651.html'>\u300a\u957f\u8f9e\u300b</a>\u65b0\u4eba\u6765\u8bbf\uff01\u8bf7\u5404\u4f4d\u6307\u6559~\u8c22\u8c22"}, {"userName": "\u5c0f\u4e11955995762", "userReviewDate": "2018-03-08", "userURL": "http://user.17k.com/60264561", "userReview": "\u8fd9\u662f\u4e00\u4e2a\u82df\u5ef6\u6b8b\u5598\u7684\u65f6\u4ee3\uff0c\u8fd9\u662f\u4e00\u4e2a\u4e27\u5c38\u6a2a\u884c\u7684\u5e74\u4ee3\uff0c\u8fd9\u662f\u4e00\u4e2a\u6ca1\u6709\u672a\u6765\u7684\u5e74\u4ee3\uff1b \u4ed6\u53ea\u662f\u4e2a\u666e\u901a\u4eba\uff0c\u4ed6\u53ea\u662f\u4e3a\u4e86\u6d3b\u547d\uff0c\u4ed6\u4e0d\u5149\u8981\u9762\u5bf9\u51f6\u9669\u4e07\u5206\u7684\u5f02\u7c7b\u602a\u7269\uff0c\u8fd8\u8981\u8eb2\u907f\u81ea\u5df1\u540c\u7c7b\u7684\u72d9\u6740"}, {"userName": "\u2587\u2587\u2587\u2587\u2587\u2587\u2587\u2587\u2587\u2587\u2587\u2587849898011", "userReviewDate": "2018-02-27", "userURL": "http://user.17k.com/59520867", "userReview": "[\u6253\u8d4f]\u6211\u6253\u8d4f\u4e862\u5143\u7ea2\u5305\uff01\uff01"}, {"userName": "\u89d2\u843d\u5904\u7684\u72fc", "userReviewDate": "2018-02-25", "userURL": "http://user.17k.com/58137971", "userReview": "\u8bd9\u8c10\u641e\u7b11\uff0c\u7684\u7ecf\u5178\u4e4b\u4f5c\uff0c<a target='_blank' href='http://www.17k.com/book/2710936.html'>\u300a\u5b85\u7537\u7cfb\u7edf\u300b</a>\u524d\u6765\u652f\u6301"}, {"userName": "\u2587\u2587\u2587\u2587\u2587\u2587\u2587\u2587\u2587\u2587\u2587\u2587849898011", "userReviewDate": "2018-02-22", "userURL": "http://user.17k.com/59520867", "userReview": "[\u6253\u8d4f]\u6211\u6253\u8d4f\u4e868\u5143\u7ea2\u5305\uff01\uff01"}, {"userName": "\u5929\u4e0b\u5927\u4e00\u7edf", "userReviewDate": "2018-02-04", "userURL": "http://user.17k.com/54580546", "userReview": "<a target='_blank' href='http://www.17k.com/book/2769509.html'>\u300a\u57ce\u5e02\u5927\u82f1\u96c4\u300b</a>\u819c\u62dc"}, {"userName": "K\u5c0f\u5f00", "userReviewDate": "2018-01-30", "userURL": "http://user.17k.com/58509881", "userReview": "<a target='_blank' href='http://www.17k.com/book/2724684.html'>\u300a\u4e00\u5ff5\u539f\u7f6a\u300b</a>\u518d\u6b21\u524d\u6765\u62dc\u8bfb\u4f73\u4f5c\uff01\u5929\u5bd2\u4e86\uff0c\u5927\u5927\u6ce8\u610f\u4fdd\u6696\uff01"}, {"userName": "\u6697\u591c\u6d41\u661f\u98de", "userReviewDate": "2018-01-30", "userURL": "http://user.17k.com/46865324", "userReview": "<a target='_blank' href='http://www.17k.com/book/2717155.html'>\u300a\u9082\u9005\u5973\u795e\u7231\u4e0a\u6211\u300b</a>\u6765\u8bbf\u652f\u6301\uff0c\u521b\u610f\u4e0d\u9519\uff0c\u52a0\u6cb9"}, {"userName": "\u54d1\u516b", "userReviewDate": "2018-01-26", "userURL": "http://user.17k.com/37525696", "userReview": "\u5c45\u7136\u8fd8\u6709\u8fd9\u4e48\u597d\u7684\u5e9f\u6750\u4f53\u5c0f\u8bf4\uff0c\u68d2\u68d2\u54d2\uff0c\u5927\u795e\u53ef\u4ee5\u53bb\u6536\u85cf\u4e00\u4e0b\u6211\u7684\u5417\uff0c\u6307\u5bfc\u4e00\u4e0b\u6211\u8fd9\u4e9b\u53ef\u601c\u7684\u65b0\u4eba\uff0c\u8f9b\u82e6\u5927\u795e\u4e86\uff0c\u5927\u4f5c\u5df2\u6536\u85cf\u9001\u82b1"}, {"userName": "\u5927\u6c5f\u9648\u8ff9", "userReviewDate": "2018-01-26", "userURL": "http://user.17k.com/59082119", "userReview": "<a target='_blank' href='http://www.17k.com/book/2746787.html'>\u300a\u4f2a\u7a7f\u8d8a\u4e4b\u5446\u840c\u5b66\u9738\u8981\u9ed1\u5316\u300b</a>\u6df1\u591c\u6765\u8bbf\uff0c\u613f\u597d\u68a6\u3002\u3002"}, {"userName": "\u5176\u97f3", "userReviewDate": "2018-01-22", "userURL": "http://user.17k.com/58976519", "userReview": "<a target='_blank' href='http://www.17k.com/book/2750422.html'>\u300a\u9189\u751f\u6b4c\u300b</a>\u62dc\u8bbf\u795e\u4f5c\uff0c\u5927\u5927\u597d\u6587\u91c7"}, {"userName": "\u4e00\u652f\u833c\u84bf", "userReviewDate": "2018-01-19", "userURL": "http://user.17k.com/59508991", "userReview": "\u5e26\u7740\u65b0\u4e66<a target='_blank' href='http://www.17k.com/book/2760143.html'>\u300a\u8fd0\u8f6c\u79d1\u6280\u9b45\u529b\u300b</a>\u8fc7\u6765\u6367\u573a\uff0c\u6536\u85cf\u597d\u4e66\uff0c\u5171\u52c9\u52a0\u6cb9\uff01"}], "description": "\u8001\u5c4c\u4e1d\u7684\u9006\u88ad\uff0c\u5373\u5c06\u5954\u4e09\u4e00\u4e8b\u65e0\u6210\uff0c\u88ab\u9ed1\u6697\u52bf\u529b\u6b3a\u538b\u65e0\u529b\u53cd\u6297\u800c\u6b7b\uff0c\u610f\u5916\u6d3b\u4e0b\u6765\uff0c\u6210\u4e3a\u4e2d\u533b\u754c\u7684\u9ad8\u624b\u4e2d\u7684\u9ad8\u624b\uff0c\u7ef4\u62a4\u4e2d\u533b\u7684\u6743\u5a01\u3002\u3000\u3000\u533b\u4e0e\u9053\uff0c\u63e1\u9634\u9633\u3002\u3000\u3000\u4e00\u9488\u4e00\u751f\u547d\uff0c\u8ba9\u4f60\u751f\uff0c\u6b7b\u4e0d\u4e86\u3002\u8ba9\u4f60\u6b7b\uff0c\u6d3b\u4e0d\u4e86\u3002\u3000\u3000\u672c\u6545\u4e8b\u7eaf\u5c5e\u865a\u6784\u3002", "title": "\u5e9f\u6750\u533b\u4ed9", "url": "http://www.17k.com/book/2737782.html", "average": -1.0, "cover": "http://img.17k.com/images/bookcover/2018/13688/68/2737782-1515332615000.jpg", "reviews": 87410, "authors": [{"url": "http://www.17k.com/zuozhe/43862336", "name": "\u718a\u6e23"}], "type": ["\u90fd\u5e02\u5f02\u80fd"], "outlinks": ["http://www.17k.com/book/2794982.html", "http://www.17k.com/book/2801292.html", "http://www.17k.com/book/2816318.html", "http://www.17k.com/book/2797575.html", "http://www.17k.com/book/2802516.html", "http://www.17k.com/book/2812195.html", "http://www.17k.com/book/2820143.html", "http://www.17k.com/book/2807943.html", "http://www.17k.com/book/2813457.html", "http://www.17k.com/book/2798058.html", "http://www.17k.com/book/2815617.html", "http://www.17k.com/book/2805259.html", "http://www.17k.com/book/2760255.html", "http://www.17k.com/book/2686894.html", "http://www.17k.com/book/2797016.html", "http://www.17k.com/book/2767246.html", "http://www.17k.com/book/2764239.html", "http://www.17k.com/book/2754498.html", "http://www.17k.com/book/2754900.html", "http://www.17k.com/book/2625740.html", "http://www.17k.com/book/2213315.html", "http://www.17k.com/book/2402178.html", "http://www.17k.com/book/2691221.html", "http://www.17k.com/book/2210699.html", "http://www.17k.com/book/1797752.html", "http://www.17k.com/book/2575507.html", "http://www.17k.com/book/2705181.html", "http://www.17k.com/book/2702539.html", "http://www.17k.com/book/2474887.html", "http://www.17k.com/book/2674733.html", "http://www.17k.com/book/2822076.html", "http://www.17k.com/book/2809894.html", "http://www.17k.com/book/2822077.html", "http://www.17k.com/book/2811930.html", "http://www.17k.com/book/2815548.html", "http://www.17k.com/book/2819620.html", "http://www.17k.com/book/2809964.html", "http://www.17k.com/book/2808200.html", "http://www.17k.com/book/2820100.html", "http://www.17k.com/book/2822978.html", "http://www.17k.com/book/2804337.html", "http://www.17k.com/book/2798814.html", "http://www.17k.com/book/2785153.html", "http://www.17k.com/book/2731559.html", "http://www.17k.com/book/2722533.html", "http://www.17k.com/book/2458377.html", "http://www.17k.com/book/2743300.html", "http://www.17k.com/book/973809.html", "http://www.17k.com/book/2651367.html", "http://www.17k.com/book/2726194.html", "http://www.17k.com/book/2790214.html", "http://www.17k.com/book/493239.html", "http://www.17k.com/book/108821.html", "http://www.17k.com/book/1398783.html", "http://www.17k.com/book/83528.html", "http://www.17k.com/book/1859126.html", "http://www.17k.com/book/1741975.html", "http://www.17k.com/book/192453.html", "http://www.17k.com/book/2459058.html", "http://www.17k.com/book/1050747.html", "http://www.17k.com/book/2700315.html", "http://www.17k.com/book/2818940.html", "http://www.17k.com/book/2819519.html", "http://www.17k.com/book/2816390.html", "http://www.17k.com/book/2819588.html", "http://www.17k.com/book/2813768.html", "http://www.17k.com/book/2822406.html", "http://www.17k.com/book/2772164.html", "http://www.17k.com/book/2784023.html", "http://www.17k.com/book/2811877.html", "http://www.17k.com/book/2809119.html", "http://www.17k.com/book/2803700.html", "http://www.17k.com/book/2819561.html", "http://www.17k.com/book/2746506.html", "http://www.17k.com/book/2811836.html", "http://www.17k.com/book/2614810.html", "http://www.17k.com/book/1592435.html", "http://www.17k.com/book/1949748.html", "http://www.17k.com/book/2265802.html", "http://www.17k.com/book/2743240.html", "http://www.17k.com/book/2657437.html", "http://www.17k.com/book/2644502.html", "http://www.17k.com/book/2199900.html", "http://www.17k.com/book/2725436.html", "http://www.17k.com/book/2629978.html"]}