{"ratings": -1, "userreviews": [{"userName": "17K\u4e66\u53cb3tgdva3c", "userReviewDate": "2018-06-04", "userURL": "http://user.17k.com/62501050", "userReview": "\u597d\u770b\u5feb\u4e9b\u66f4\u65b0\u52a0\u6cb9"}, {"userName": "\u98ce042236587", "userReviewDate": "2018-05-28", "userURL": "http://user.17k.com/61878870", "userReview": "\u6218\u795e\u5e1d\u660a\u62dc\u8bfb\u5927\u4f5c\uff0c\u5c5e\u5b9e\u4e0d\u9519\uff0c\u52a0\u6cb9\uff01"}, {"userName": "\u6708\u843d\u68a6\u8ffd\u5fc6", "userReviewDate": "2018-05-27", "userURL": "http://user.17k.com/57478135", "userReview": "\u8bf7\u6536\u8ffd\u5fc6\u4e00\u8bb0\u819d\u76d6"}, {"userName": "\u7af9\u4e0b\u661f\u67f3", "userReviewDate": "2018-05-26", "userURL": "http://user.17k.com/56040077", "userReview": "\u5ae1\u5973\u770b\u5b8c\uff0c\u53c8\u6765\u4e86\u5eb6\u5973\uff0c\u5927\u5927\u5bb6\u7684\u4f5c\u54c1\uff0c\u771f\u662f\u8ba9\u4eba\u56de\u5473\u65e0\u7a77\u54c7\uff01"}, {"userName": "\u53ef\u7231\u7684\u5c0f\u9b3c\u9b3c", "userReviewDate": "2018-05-24", "userURL": "http://user.17k.com/60948187", "userReview": "<a target='_blank' href='http://www.17k.com/book/2807590.html'>\u300a\u4e91\u7476\u4f20\u5947\u300b</a>\u521d\u6b21\u62dc\u8bbf\uff0c\u8bf7\u591a\u5173\u7167~"}, {"userName": "\u3123\u901d\u53bb\u2570\u2606\u3077_\u901d\u53bb.....\ufe56", "userReviewDate": "2018-05-19", "userURL": "http://user.17k.com/53108576", "userReview": "<a target='_blank' href='http://www.17k.com/book/2812764.html'>\u300a\u4e5d\u5c3e\u732b\u4ed9\u300b</a>\u62dc\u8bfb\uff0c\u4e0d\u9519"}, {"userName": "\u5927\u767d\u996d\u56e2", "userReviewDate": "2018-05-10", "userURL": "http://user.17k.com/49471517", "userReview": "\u597d\u5947\uff0c\u91cd\u751f\u5230\u522b\u4eba\u8eab\u4e0a\u7684\u5973\u4e3b\u9047\u5230\u524d\u4e16\u7684\u81ea\u5df1\u4f1a\u53d1\u751f\u4ec0\u4e48\uff1f"}], "description": "\u5979\u66ff\u4ed6\u5356\u547d\uff0c\u52a9\u4ed6\u6210\u4e3a\u592a\u5b50\uff1b\u4ed6\u6740\u5979\u5168\u5bb6\uff0c\u8d50\u5979\u4e00\u676f\u6bd2\u9152\u3002\u3000\u3000\u518d\u6b21\u7741\u773c\uff0c\u5979\u662f\u4faf\u5e9c\u5eb6\u5973\uff1b\u6495\u5ae1\u6bcd\u4f2a\u5584\u9762\u76ee\uff0c\u6597\u5ae1\u59d0\u86c7\u874e\u5fc3\u80a0\u3002\u3000\u3000\u5979\u8981\u8840\u503a\u8840\u507f\uff0c\u5c06\u6b20\u5979\u7684\u5168\u90e8\u8ba8\u56de\u6765\uff01\u3000\u3000\u5979\u950b\u8292\u6bd5\u9732\uff0c\u6b65\u6b65\u4e3a\u8425\uff0c\u7ffb\u4e91\u8986\u96e8\u3000\u3000\u5374\u4e0d\u5c0f\u5fc3\u64a9\u4e86\u4ed6\u7684\u5fc3\u2026\u2026\u3000\u3000\u4ed6\u662f\u5c81\u6708\u9759\u597d\u7684\u738b\u5e9c\u516c\u5b50\uff1b\u4ed6\u662f\u95fb\u98ce\u4e27\u80c6\u7684\u8840\u715e\u76df\u4e3b\u3000\u3000\u4ed6\u8bc6\u7834\u5979\u7684\u4f2a\u88c5\uff0c\u4ed6\u5e2e\u5979\u62a5\u4ec7\u96ea\u6068\u3000\u3000\u4ed6\u4e00\u4e0d\u5c0f\u5fc3\u5c31\u4e2d\u4e86\u5979\u7684\u6bd2\uff0c\u9664\u4e86\u4ee5\u8eab\u76f8\u8bb8\uff0c\u65e0\u836f\u53ef\u533b\u2026\u2026", "title": "\u5eb6\u5973\u950b\u8292\u4e4b\u6bd2\u5983", "url": "http://www.17k.com/book/2815617.html", "average": -1.0, "cover": "http://img.17k.com/images/bookcover/2018/14078/70/2815617-1525676427000.jpg", "reviews": 38184, "authors": [{"url": "http://www.17k.com/zuozhe/46332759", "name": "\u660e\u6708\u6194\u60b4"}], "type": ["\u53e4\u4ee3\u91cd\u751f"], "outlinks": ["http://www.17k.com/book/2794982.html", "http://www.17k.com/book/2801292.html", "http://www.17k.com/book/2816318.html", "http://www.17k.com/book/2797575.html", "http://www.17k.com/book/2802516.html", "http://www.17k.com/book/2812195.html", "http://www.17k.com/book/2820143.html", "http://www.17k.com/book/2807943.html", "http://www.17k.com/book/2813457.html", "http://www.17k.com/book/2798058.html", "http://www.17k.com/book/2815617.html", "http://www.17k.com/book/2805259.html", "http://www.17k.com/book/2760255.html", "http://www.17k.com/book/2686894.html", "http://www.17k.com/book/2797016.html", "http://www.17k.com/book/2767246.html", "http://www.17k.com/book/2764239.html", "http://www.17k.com/book/2754498.html", "http://www.17k.com/book/2754900.html", "http://www.17k.com/book/2625740.html", "http://www.17k.com/book/2213315.html", "http://www.17k.com/book/2402178.html", "http://www.17k.com/book/2691221.html", "http://www.17k.com/book/2210699.html", "http://www.17k.com/book/1797752.html", "http://www.17k.com/book/2575507.html", "http://www.17k.com/book/2705181.html", "http://www.17k.com/book/2702539.html", "http://www.17k.com/book/2474887.html", "http://www.17k.com/book/2674733.html", "http://www.17k.com/book/2822076.html", "http://www.17k.com/book/2809894.html", "http://www.17k.com/book/2822077.html", "http://www.17k.com/book/2811930.html", "http://www.17k.com/book/2815548.html", "http://www.17k.com/book/2819620.html", "http://www.17k.com/book/2809964.html", "http://www.17k.com/book/2808200.html", "http://www.17k.com/book/2820100.html", "http://www.17k.com/book/2822978.html", "http://www.17k.com/book/2804337.html", "http://www.17k.com/book/2798814.html", "http://www.17k.com/book/2785153.html", "http://www.17k.com/book/2731559.html", "http://www.17k.com/book/2722533.html", "http://www.17k.com/book/2458377.html", "http://www.17k.com/book/2743300.html", "http://www.17k.com/book/973809.html", "http://www.17k.com/book/2651367.html", "http://www.17k.com/book/2726194.html", "http://www.17k.com/book/2790214.html", "http://www.17k.com/book/493239.html", "http://www.17k.com/book/108821.html", "http://www.17k.com/book/1398783.html", "http://www.17k.com/book/83528.html", "http://www.17k.com/book/1859126.html", "http://www.17k.com/book/1741975.html", "http://www.17k.com/book/192453.html", "http://www.17k.com/book/2459058.html", "http://www.17k.com/book/1050747.html", "http://www.17k.com/book/2700315.html", "http://www.17k.com/book/2818940.html", "http://www.17k.com/book/2819519.html", "http://www.17k.com/book/2816390.html", "http://www.17k.com/book/2819588.html", "http://www.17k.com/book/2813768.html", "http://www.17k.com/book/2822406.html", "http://www.17k.com/book/2772164.html", "http://www.17k.com/book/2784023.html", "http://www.17k.com/book/2811877.html", "http://www.17k.com/book/2809119.html", "http://www.17k.com/book/2803700.html", "http://www.17k.com/book/2819561.html", "http://www.17k.com/book/2746506.html", "http://www.17k.com/book/2811836.html", "http://www.17k.com/book/2614810.html", "http://www.17k.com/book/1592435.html", "http://www.17k.com/book/1949748.html", "http://www.17k.com/book/2265802.html", "http://www.17k.com/book/2743240.html", "http://www.17k.com/book/2657437.html", "http://www.17k.com/book/2644502.html", "http://www.17k.com/book/2199900.html", "http://www.17k.com/book/2725436.html", "http://www.17k.com/book/2629978.html"]}