{"ratings": -1, "userreviews": [{"userName": "17K\u4e66\u53cbCFOS36LT", "userReviewDate": "2018-06-07", "userURL": "http://user.17k.com/58380470", "userReview": "\u8fd8\u4e0d\u9519\uff0c\u7ee7\u7eed"}, {"userName": "\u6797\u5915&#55357;&#56486;374859599", "userReviewDate": "2018-05-11", "userURL": "http://user.17k.com/61555129", "userReview": "\u4ec0\u4e48\u8111\u6b8b\u4e66\u3002\u3002\u3002\u3002"}, {"userName": "\u706b\ue11d \u661f", "userReviewDate": "2018-05-08", "userURL": "http://user.17k.com/60614777", "userReview": "[\u6253\u8d4f]\u6211\u6253\u8d4f\u4e861\u4e2a'\u5c0f\u5fc3\u5fc3'\uff01\uff01"}, {"userName": "\u795e\u4fa0\u501a\u5927\u96d5", "userReviewDate": "2018-05-06", "userURL": "http://user.17k.com/61494204", "userReview": "\u6709\u70b9\u7c7b\u4f3c\u6211\u4ee5\u524d\u8bfb\u7684\u4e00\u672c\u4e66\uff0c\u867d\u7136\u4e24\u4e2a\u5973\u4e3b\u6027\u60c5\u4e0d\u592a\u4e00\u6837\uff0c\u4e0d\u8fc7\u90fd\u662f\u88ab\u4eba\u9677\u5bb3\u6b7b\u4e86\u91cd\u751f\u5230\u540c\u4e00\u65f6\u4ee3\u4e00\u4e2a\u53ef\u601c\u4e3b\u8eab\u4e0a\u62a5\u4ec7\uff0c\u521a\u597d\u8fd8\u9047\u89c1\u4e00\u4e2a\u559c\u6b22\u6b7b\u53bb\u7684\u90a3\u4e2a\u81ea\u5df1\u7684\u7537\u4eba\u3002\u3002\u3002\u3002"}, {"userName": "\u7fce\u513fxo", "userReviewDate": "2018-05-06", "userURL": "http://user.17k.com/45563350", "userReview": "\u6602\uff0c\u6709\u70b9\u61f5\u3002\u3002\u3002"}, {"userName": "17K\u4e66\u53cb5XA84BTR", "userReviewDate": "2018-05-05", "userURL": "http://user.17k.com/61521554", "userReview": "\u7b2c\u4e00\u7ae0\u5462\uff1f"}, {"userName": "yaitita575233389", "userReviewDate": "2018-04-21", "userURL": "http://user.17k.com/57862521", "userReview": "\u8d5e\u8d5e\u8d5e\u8fd9\u672c\u4e66\u592a\u68d2\u4e86\uff01\u9f13\u52b1\u4e00\u4e0b\uff0c\u5e0c\u671b\u540e\u7eed\u66f4\u52a0\u7cbe\u5f69\uff01"}, {"userName": "\u58a8\u6d53\u6620\u9edb\u7709", "userReviewDate": "2018-04-18", "userURL": "http://user.17k.com/56345656", "userReview": "\u52a0\u6cb9\u52a0\u6cb9\uff5e"}, {"userName": "\u591c\u9b45\u661f\u8fb0\u672c\u5c0a", "userReviewDate": "2018-04-10", "userURL": "http://user.17k.com/15601070", "userReview": "\u665a\u4e0a\u597d\u554a\u5927\u5927\u3002\u3002\u3002\u3002\u652f\u6301\u652f\u6301\u4e86"}, {"userName": "\u6ee1\u5929\u7e41\u661f\u4e0d\u53ca\u56de\u7738", "userReviewDate": "2018-04-06", "userURL": "http://user.17k.com/60269847", "userReview": "&nbsp; \u652f\u6301\uff0c\u52a0\u6cb9\u30fe(\u25cd&deg;\u2207&deg;\u25cd)\uff89\uff9e\u6709\u9c9c\u82b1\u7b2c\u4e00\u4e2a\u9001\u4f60\uff01~\uff01~"}, {"userName": "Tia\u5927\u67da\u5b50", "userReviewDate": "2018-03-30", "userURL": "http://user.17k.com/59467398", "userReview": "\u8fc7\u6765\u652f\u6301\u4e00\u4e0b\uff0c\u52a0\u6cb9\u54e6&#55357;&#56490;"}, {"userName": "\u65af\u6587\u732b\u965b\u4e0b", "userReviewDate": "2018-03-29", "userURL": "http://user.17k.com/37764708", "userReview": "\u52a0\u6cb9\uff0c\u652f\u6301\u4e00\u4e0b\uff0c"}, {"userName": "\u661f\u7a7a\u591c\u68a6\u8d30", "userReviewDate": "2018-03-27", "userURL": "http://user.17k.com/58011970", "userReview": "\u65e9\u70b9\u4f11\u606f\uff0c\u665a\u5b89\u5566"}, {"userName": "\u5fc6\u6893\u51dd\u9896", "userReviewDate": "2018-03-24", "userURL": "http://user.17k.com/45404027", "userReview": "\u52a0\u6cb9\u54e6\uff0c\u4e00\u8d77\u52a0\u6cb9\u30fe(\u25cd&deg;\u2207&deg;\u25cd)\uff89\uff9e\uff01\uff01\uff01"}, {"userName": "\u574f\u5c0f\u5b50\u7684\u7eaf\u60c5", "userReviewDate": "2018-03-22", "userURL": "http://user.17k.com/60383691", "userReview": "<a target='_blank' href='http://www.17k.com/book/2798234.html'>\u300a\u90aa\u6027\u6b8b\u60c5\u300b</a>\u8e6d\u8e6d\u70ed\u5ea6\uff0c\u5927\u5927\u7b14\u4e0b\u5999\u7b14\u751f\u82b1\uff0c\u732e\u4e11\u4e86\u3002"}], "description": "\u987e\u5357\u97f3\u91cd\u751f\u4e86\uff0c\u4f46\u662f\u6ca1\u6709\u5982\u613f\u56de\u5230\u591a\u5c11\u591a\u5c11\u5e74\u524d\uff0c\u800c\u662f\u53d8\u6210\u4e86\u4e00\u4e2a\u53eb\u5c91\u7e41\u661f\u7684\u964c\u751f\u5973\u4eba\u3002\u3000\u3000\u6b6a\u6253\u6b63\u7740\u7684\u6210\u4e86\u76db\u66dc\u6052\u7684\u5192\u724c\u672a\u5a5a\u59bb\uff0c\u8179\u9ed1\u603b\u88c1\u4e0e\u6d6a\u8361\u5f71\u540e\u7684\u6545\u4e8b\uff0c\u8bf4\u597d\u4e86\u7684\u9022\u573a\u4f5c\u620f\uff0c\u53ef\u76db\u5c11\u4f60\u8fd9\u662f\u505a\u4ec0\u4e48\uff1f\u3000\u3000\u201c\u4e0d\u51c6\u4e0a\u522b\u7684\u7537\u4eba\u7684\u8f66\uff01\u4f60\u662f\u6709\u8001\u516c\u7684\uff01\u201d\u3000\u3000\u201c\u2026\u2026\u201d\u3000\u3000\u201c\u4e0d\u51c6\u7092CP\uff01\u4f60\u5df2\u7ecf\u7ed3\u5a5a\u4e86\uff01\u201d\u3000\u3000\u201c\u2026\u2026\u201d\u3000\u3000\u201c\u4e0d\u51c6\u2026\u2026\u201d\u3000\u3000\u201c\u4f60\u600e\u4e48\u518d\u8bf4\u4e00\u53e5\u8bd5\u8bd5\uff1f\u4fe1\u4e0d\u4fe1\u6211\u7529\u4e86\u4f60\uff1f\u201d\u5c91\u7e41\u661f\u6325\u7740\u62f3\u5934\u62b5\u5728\u4ed6\u8138\u4e0a\u3002\u3000\u3000\u76db\u66dc\u6052\u4f4e\u4f4e\u4e00\u7b11\u4e00\u628a\u6390\u8fc7\u7ec6\u8f6f\u8170\u80a2\uff0c\u201c\u665a\u4e86\uff0c\u5f53\u521d\u5c31\u8bf4\u4e86\uff0c\u4e0a\u4e86\u6211\u7684\u8239\u4e0b\u4e0d\u6765\u4e86\uff01\u201d", "title": "\u5f71\u540e\u8650\u6e23\u6307\u5357", "url": "http://www.17k.com/book/2789353.html", "average": -1.0, "cover": "http://img.17k.com/images/bookcover/2018/13946/69/2789353-1521163063000.jpg", "reviews": 74655, "authors": [{"url": "http://www.17k.com/zuozhe/60288311", "name": "\u8389\u8389\u5b89\u9759"}], "type": ["\u5a31\u4e50\u660e\u661f"], "outlinks": ["http://www.17k.com/book/2794982.html", "http://www.17k.com/book/2801292.html", "http://www.17k.com/book/2816318.html", "http://www.17k.com/book/2797575.html", "http://www.17k.com/book/2802516.html", "http://www.17k.com/book/2812195.html", "http://www.17k.com/book/2820143.html", "http://www.17k.com/book/2807943.html", "http://www.17k.com/book/2813457.html", "http://www.17k.com/book/2798058.html", "http://www.17k.com/book/2815617.html", "http://www.17k.com/book/2805259.html", "http://www.17k.com/book/2760255.html", "http://www.17k.com/book/2686894.html", "http://www.17k.com/book/2797016.html", "http://www.17k.com/book/2767246.html", "http://www.17k.com/book/2764239.html", "http://www.17k.com/book/2754498.html", "http://www.17k.com/book/2754900.html", "http://www.17k.com/book/2625740.html", "http://www.17k.com/book/2213315.html", "http://www.17k.com/book/2402178.html", "http://www.17k.com/book/2691221.html", "http://www.17k.com/book/2210699.html", "http://www.17k.com/book/1797752.html", "http://www.17k.com/book/2575507.html", "http://www.17k.com/book/2705181.html", "http://www.17k.com/book/2702539.html", "http://www.17k.com/book/2474887.html", "http://www.17k.com/book/2674733.html", "http://www.17k.com/book/2822076.html", "http://www.17k.com/book/2809894.html", "http://www.17k.com/book/2822077.html", "http://www.17k.com/book/2811930.html", "http://www.17k.com/book/2815548.html", "http://www.17k.com/book/2819620.html", "http://www.17k.com/book/2809964.html", "http://www.17k.com/book/2808200.html", "http://www.17k.com/book/2820100.html", "http://www.17k.com/book/2822978.html", "http://www.17k.com/book/2804337.html", "http://www.17k.com/book/2798814.html", "http://www.17k.com/book/2785153.html", "http://www.17k.com/book/2731559.html", "http://www.17k.com/book/2722533.html", "http://www.17k.com/book/2458377.html", "http://www.17k.com/book/2743300.html", "http://www.17k.com/book/973809.html", "http://www.17k.com/book/2651367.html", "http://www.17k.com/book/2726194.html", "http://www.17k.com/book/2790214.html", "http://www.17k.com/book/493239.html", "http://www.17k.com/book/108821.html", "http://www.17k.com/book/1398783.html", "http://www.17k.com/book/83528.html", "http://www.17k.com/book/1859126.html", "http://www.17k.com/book/1741975.html", "http://www.17k.com/book/192453.html", "http://www.17k.com/book/2459058.html", "http://www.17k.com/book/1050747.html", "http://www.17k.com/book/2700315.html", "http://www.17k.com/book/2818940.html", "http://www.17k.com/book/2819519.html", "http://www.17k.com/book/2816390.html", "http://www.17k.com/book/2819588.html", "http://www.17k.com/book/2813768.html", "http://www.17k.com/book/2822406.html", "http://www.17k.com/book/2772164.html", "http://www.17k.com/book/2784023.html", "http://www.17k.com/book/2811877.html", "http://www.17k.com/book/2809119.html", "http://www.17k.com/book/2803700.html", "http://www.17k.com/book/2819561.html", "http://www.17k.com/book/2746506.html", "http://www.17k.com/book/2811836.html", "http://www.17k.com/book/2614810.html", "http://www.17k.com/book/1592435.html", "http://www.17k.com/book/1949748.html", "http://www.17k.com/book/2265802.html", "http://www.17k.com/book/2743240.html", "http://www.17k.com/book/2657437.html", "http://www.17k.com/book/2644502.html", "http://www.17k.com/book/2199900.html", "http://www.17k.com/book/2725436.html", "http://www.17k.com/book/2629978.html"]}