{"ratings": -1, "userreviews": [{"userName": "\u5fae\u5149084287462", "userReviewDate": "2018-06-08", "userURL": "http://user.17k.com/62627739", "userReview": "\u54c8\u54c8\u54c8\u54c8\uff0c\u96ea\u513f\u771f\u7684\u662f\u5999\u7b14\u751f\u82b1\u554a\uff0c\u624e\u5230\u4f60\uff0c\u54b1\u5bb6\u4f1a\u5fc3\u75bc\u7684"}, {"userName": "17K\u4e66\u53cb7KA1ZTIS", "userReviewDate": "2018-06-07", "userURL": "http://user.17k.com/58169925", "userReview": "\u66f4\u65b0\u592a\u6162\u4e86"}, {"userName": "17K\u4e66\u53cb7KA1ZTIS", "userReviewDate": "2018-06-06", "userURL": "http://user.17k.com/58169925", "userReview": "\u66f4\u65b0\u592a\u6162\u4e86"}, {"userName": "Miss Chen696179479", "userReviewDate": "2018-06-05", "userURL": "http://user.17k.com/57283138", "userReview": "\u5feb\u5feb\u5feb\u5feb\u66f4\u65b0"}, {"userName": "17K\u4e66\u53cb7KA1ZTIS", "userReviewDate": "2018-06-04", "userURL": "http://user.17k.com/58169925", "userReview": "\u592a\u6162\u592a\u6162\u4e86"}, {"userName": "\u5996\u51b6\u5982\u706b524414189", "userReviewDate": "2018-06-02", "userURL": "http://user.17k.com/62449083", "userReview": "@\u62d6\u62c9\u592b\u65af\u57fa\u5927\u5927\uff0c\u597d\u559c\u6b22\u4f60\u7684\u4e66\uff0c\u6709\u8bfb\u8005\u7fa4\u4e48"}, {"userName": "Miss Chen696179479", "userReviewDate": "2018-06-02", "userURL": "http://user.17k.com/57283138", "userReview": "\u7b49\u7b49\u7b49\u7b49\u7b49\u7b49\u7b49"}, {"userName": "17K\u4e66\u53cb7KA1ZTIS", "userReviewDate": "2018-06-02", "userURL": "http://user.17k.com/58169925", "userReview": "\u4e3a\u4ec0\u4e48\u66f4\u65b0\u5c31\u662f\u8fd9\u4e48\u6162"}, {"userName": "Miss Chen696179479", "userReviewDate": "2018-06-01", "userURL": "http://user.17k.com/57283138", "userReview": "\u5feb\u5feb\u5feb\u770b\u66f4\u65b0"}, {"userName": "17K\u4e66\u53cb7KA1ZTIS", "userReviewDate": "2018-06-01", "userURL": "http://user.17k.com/58169925", "userReview": "\u66f4\u65b0\u592a\u6162\u4e86"}, {"userName": "\u5317\u5e84", "userReviewDate": "2018-05-31", "userURL": "http://user.17k.com/57496771", "userReview": "\u8fd9\u5c01\u9762\uff0c\u7ea2\u5230\u6211\u4e86"}, {"userName": "17K\u4e66\u53cb7KA1ZTIS", "userReviewDate": "2018-05-30", "userURL": "http://user.17k.com/58169925", "userReview": "\u66f4\u65b0\u5feb\u70b9\u554a"}, {"userName": "17K\u4e66\u53cb7KA1ZTIS", "userReviewDate": "2018-05-29", "userURL": "http://user.17k.com/58169925", "userReview": "\u66f4\u65b0\u592a\u6162\u4e86"}, {"userName": "17K\u4e66\u53cb7KA1ZTIS", "userReviewDate": "2018-05-28", "userURL": "http://user.17k.com/58169925", "userReview": "\u597d\u770b\u5c31\u662f\u66f4\u65b0\u592a\u6162"}, {"userName": "Miss Chen696179479", "userReviewDate": "2018-05-27", "userURL": "http://user.17k.com/57283138", "userReview": "\u600e\u4e48\u6700\u65b0\u7ae0\u8282\u770b\u4e0d\u4e86"}, {"userName": "17K\u4e66\u53cb7KA1ZTIS", "userReviewDate": "2018-05-25", "userURL": "http://user.17k.com/58169925", "userReview": "\u5feb\u5feb\u66f4\u65b0\u5427"}, {"userName": "17K\u4e66\u53cb7KA1ZTIS", "userReviewDate": "2018-05-24", "userURL": "http://user.17k.com/58169925", "userReview": "\u5c31\u662f\u66f4\u65b0\u592a\u6162\u4e86"}, {"userName": "17K\u4e66\u53cbS180HDHQ", "userReviewDate": "2018-05-24", "userURL": "http://user.17k.com/61685457", "userReview": "[\u6253\u8d4f]\u6211\u6253\u8d4f\u4e862\u5143\u7ea2\u5305\uff01\uff01"}, {"userName": "\u5317\u5e84", "userReviewDate": "2018-05-24", "userURL": "http://user.17k.com/57496771", "userReview": "\u6765\u4e86\u54e6\uff0c\u652f\u6301\u54e6\uff0c"}, {"userName": "17K\u4e66\u53cb7KA1ZTIS", "userReviewDate": "2018-05-23", "userURL": "http://user.17k.com/58169925", "userReview": "\u66f4\u65b0\u5feb\u70b9\u554a"}], "description": "\u5f90\u6829\u662f\u4e2a\u5341\u516b\u7ebf\u5c0f\u6f14\u5458\uff0c\u5012\u9709\u4e86\u4e8c\u5341\u51e0\u5e74\uff0c\u5728\u62b1\u4e0a\u9738\u9053\u603b\u88c1\u6c88\u58a8\u5c91\u7684\u5927\u817f\u4e4b\u540e\uff0c\u5c31\u53d1\u751f\u4e86\u60ca\u5929\u9006\u8f6c\uff0c\u624b\u6495\u7eff\u8336\u5a4a\uff0c\u811a\u8e22\u767d\u83b2\u82b1\uff0c\u4ece\u6b64\u8d70\u4e0a\u4eba\u751f\u5dc5\u5cf0\u3002\u76f4\u5230\u540e\u6765\u5979\u624d\u660e\u767d\u539f\u6765\u4e16\u95f4\u6240\u6709\u7684\u76f8\u9047\u90fd\u662f\u4e45\u522b\u91cd\u9022\uff01\u3000\u3000\u4f60\u662f\u65e0\u610f\u7a7f\u5802\u98ce\uff0c\u5374\u504f\u504f\u5b64\u5f15\u5c71\u6d2a\uff01\u6c88\u58a8\u5c91\u627e\u4e86\u5f90\u6829\u5341\u51e0\u5e74\uff0c\u6068\u4e86\u5979\u5341\u51e0\u5e74\uff0c\u9634\u5dee\u9633\u9519\u4e4b\u4e0b\uff0c\u4ed6\u7ec8\u4e8e\u627e\u5bf9\u4e86\u4eba\uff0c\u8fd9\u6b21\u5c31\u662f\u6b7b\u76ae\u8d56\u8138\u3001\u5751\u8499\u62d0\u9a97\u4e5f\u8981\u628a\u5979\u5a36\u56de\u5bb6\uff01", "title": "\u5f71\u540e\u517b\u6210\uff1a\u6251\u5012\u7537\u795e\u5927\u4eba", "url": "http://www.17k.com/book/2760255.html", "average": -1.0, "cover": "http://img.17k.com/images/bookcover/2018/13801/69/2760255-1516691625000.jpg", "reviews": 79209, "authors": [{"url": "http://www.17k.com/zuozhe/59512718", "name": "\u849c\u6ce5\u571f\u8c46"}], "type": ["\u552f\u7f8e\u7eaf\u7231"], "outlinks": ["http://www.17k.com/book/2794982.html", "http://www.17k.com/book/2801292.html", "http://www.17k.com/book/2816318.html", "http://www.17k.com/book/2797575.html", "http://www.17k.com/book/2802516.html", "http://www.17k.com/book/2812195.html", "http://www.17k.com/book/2820143.html", "http://www.17k.com/book/2807943.html", "http://www.17k.com/book/2813457.html", "http://www.17k.com/book/2798058.html", "http://www.17k.com/book/2815617.html", "http://www.17k.com/book/2805259.html", "http://www.17k.com/book/2760255.html", "http://www.17k.com/book/2686894.html", "http://www.17k.com/book/2797016.html", "http://www.17k.com/book/2767246.html", "http://www.17k.com/book/2764239.html", "http://www.17k.com/book/2754498.html", "http://www.17k.com/book/2754900.html", "http://www.17k.com/book/2625740.html", "http://www.17k.com/book/2213315.html", "http://www.17k.com/book/2402178.html", "http://www.17k.com/book/2691221.html", "http://www.17k.com/book/2210699.html", "http://www.17k.com/book/1797752.html", "http://www.17k.com/book/2575507.html", "http://www.17k.com/book/2705181.html", "http://www.17k.com/book/2702539.html", "http://www.17k.com/book/2474887.html", "http://www.17k.com/book/2674733.html", "http://www.17k.com/book/2822076.html", "http://www.17k.com/book/2809894.html", "http://www.17k.com/book/2822077.html", "http://www.17k.com/book/2811930.html", "http://www.17k.com/book/2815548.html", "http://www.17k.com/book/2819620.html", "http://www.17k.com/book/2809964.html", "http://www.17k.com/book/2808200.html", "http://www.17k.com/book/2820100.html", "http://www.17k.com/book/2822978.html", "http://www.17k.com/book/2804337.html", "http://www.17k.com/book/2798814.html", "http://www.17k.com/book/2785153.html", "http://www.17k.com/book/2731559.html", "http://www.17k.com/book/2722533.html", "http://www.17k.com/book/2458377.html", "http://www.17k.com/book/2743300.html", "http://www.17k.com/book/973809.html", "http://www.17k.com/book/2651367.html", "http://www.17k.com/book/2726194.html", "http://www.17k.com/book/2790214.html", "http://www.17k.com/book/493239.html", "http://www.17k.com/book/108821.html", "http://www.17k.com/book/1398783.html", "http://www.17k.com/book/83528.html", "http://www.17k.com/book/1859126.html", "http://www.17k.com/book/1741975.html", "http://www.17k.com/book/192453.html", "http://www.17k.com/book/2459058.html", "http://www.17k.com/book/1050747.html", "http://www.17k.com/book/2700315.html", "http://www.17k.com/book/2818940.html", "http://www.17k.com/book/2819519.html", "http://www.17k.com/book/2816390.html", "http://www.17k.com/book/2819588.html", "http://www.17k.com/book/2813768.html", "http://www.17k.com/book/2822406.html", "http://www.17k.com/book/2772164.html", "http://www.17k.com/book/2784023.html", "http://www.17k.com/book/2811877.html", "http://www.17k.com/book/2809119.html", "http://www.17k.com/book/2803700.html", "http://www.17k.com/book/2819561.html", "http://www.17k.com/book/2746506.html", "http://www.17k.com/book/2811836.html", "http://www.17k.com/book/2614810.html", "http://www.17k.com/book/1592435.html", "http://www.17k.com/book/1949748.html", "http://www.17k.com/book/2265802.html", "http://www.17k.com/book/2743240.html", "http://www.17k.com/book/2657437.html", "http://www.17k.com/book/2644502.html", "http://www.17k.com/book/2199900.html", "http://www.17k.com/book/2725436.html", "http://www.17k.com/book/2629978.html"]}