{"ratings": -1, "userreviews": [{"userName": "sesvo", "userReviewDate": "2018-05-18", "userURL": "http://user.17k.com/61917052", "userReview": "\u54c8\u54c8\u54c8\u54c8\u54c8\u54c8\u54c8"}, {"userName": "\u5b64\u5c71\u8d4f\u96ea", "userReviewDate": "2018-05-14", "userURL": "http://user.17k.com/37314714", "userReview": "\u5927\u5927\u5389\u5bb3\uff01\u6492\u82b1\u652f\u6301\uff01"}, {"userName": "17K\u4e66\u53cbLJESOO7Z", "userReviewDate": "2018-04-16", "userURL": "http://user.17k.com/56485116", "userReview": "\u8fd9\u4e2a\u4e2a\u5973\u4eba\u5047\u620f\u771f\u505a\u5566"}, {"userName": "17K\u4e66\u53cbLJESOO7Z", "userReviewDate": "2018-04-15", "userURL": "http://user.17k.com/56485116", "userReview": "\u6709\u65f6\u7406\u89e3\uff0c\u6709\u65f6\u8d39\u89e3"}, {"userName": "\u5468\u5bb6\u5c0f\u59d0\u59d0", "userReviewDate": "2018-04-14", "userURL": "http://user.17k.com/59004807", "userReview": "\u5c0f\u65b0\u4eba\u521d\u6b21\u62dc\u8bbf\uff0c\u8bf7\u591a\u591a\u6307\u6559\uff0c\u5df2\u6536\u85cf\u5566\uff5e"}, {"userName": "17K\u4e66\u53cbLJESOO7Z", "userReviewDate": "2018-04-12", "userURL": "http://user.17k.com/56485116", "userReview": "\u771f\u5047\u96be\u8fa8\u7684\u611f\u60c5"}, {"userName": "17K\u4e66\u53cbO1NEH9E4", "userReviewDate": "2018-03-24", "userURL": "http://user.17k.com/58635800", "userReview": "\u591a\u597d\u7684\u8001\u516c\u554a"}, {"userName": "17K\u4e66\u53cbO1NEH9E4", "userReviewDate": "2018-03-23", "userURL": "http://user.17k.com/58635800", "userReview": "\u8fd9\u4e2a\u597d\u770b\u5462"}, {"userName": "17K\u4e66\u53cbO1NEH9E4", "userReviewDate": "2018-03-22", "userURL": "http://user.17k.com/58635800", "userReview": "\u53c8\u5f00\u59cb\u8ffd\u4e86"}, {"userName": "17K\u4e66\u53cbSCUJMKU8", "userReviewDate": "2018-03-15", "userURL": "http://user.17k.com/57890953", "userReview": "[\u6253\u8d4f]\u6211\u6253\u8d4f\u4e861\u5143\u7ea2\u5305\uff01\uff01"}, {"userName": "\u9752\u5d16\u7267\u4e91\u4eba745103237", "userReviewDate": "2018-03-07", "userURL": "http://user.17k.com/50893000", "userReview": "\u5ba0\u6587\u679c\u7136\u80fd\u6253\u904d\u5929\u4e0b\u65e0\u654c\u624b\uff0c<a target='_blank' href='http://www.17k.com/book/2506093.html'>\u300a\u5996\u5b7d\u592b\u541b\u6c42\u653e\u8fc7\u300b</a>\u524d\u6765\u62dc\u8bbf\uff0c\u6b22\u8fce\u56de\u8bbf\uff01"}, {"userName": "\u65e0 \u5948798320212", "userReviewDate": "2018-03-07", "userURL": "http://user.17k.com/59556931", "userReview": "[\u6253\u8d4f]\u6211\u6253\u8d4f\u4e862\u5143\u7ea2\u5305\uff01\uff01"}, {"userName": "\u591c\u9b45\u661f\u8fb0\u672c\u5c0a", "userReviewDate": "2018-03-06", "userURL": "http://user.17k.com/15601070", "userReview": "<a target='_blank' href='http://www.17k.com/book/2784873.html'>\u300a\u5168\u804c\u6740\u624b\u4e4b\u6211\u7684\u6781\u54c1\u672a\u5a5a\u59bb\u300b</a>\u6765\u770b\u671b\u5927\u5927\uff0c\u52a0\u6cb9\uff0c"}, {"userName": "\u98ce\u98ce\u706b\u706b\u7684\u5c0f\u9e8b\u9e7f", "userReviewDate": "2018-03-05", "userURL": "http://user.17k.com/54292207", "userReview": "\u62dc\u8bbf\u652f\u6301\uff01"}, {"userName": "\u7d2b\u964c\u6c50`\u7d2b\u964c\u516e`", "userReviewDate": "2018-02-26", "userURL": "http://user.17k.com/59708284", "userReview": "[\u6253\u8d4f]\u6211\u6253\u8d4f\u4e861\u5143\u7ea2\u5305\uff01\uff01"}, {"userName": "\u6708\u843d\u68a6\u8ffd\u5fc6", "userReviewDate": "2018-02-26", "userURL": "http://user.17k.com/57478135", "userReview": "\u5600\u2014\u2014\u652f\u6301\u5361=\uffe3\u03c9\uffe3=\u5348\u597d"}, {"userName": "\u4e0d\u826f\u836f\u5242\u5e08", "userReviewDate": "2018-02-24", "userURL": "http://user.17k.com/59212874", "userReview": "<a target='_blank' href='http://www.17k.com/book/2752019.html'>\u300a\u9752\u6625\u8bd5\u7528\u671f\u300b</a>\u5927\u5927\u52a0\u6cb9"}, {"userName": "\u963f\u62c9\u7684\u82b1", "userReviewDate": "2018-02-23", "userURL": "http://user.17k.com/58629809", "userReview": "<a target='_blank' href='http://www.17k.com/book/2738241.html'>\u300a\u63a8\u80cc\u56fe\u6f14\u4e49\u300b</a>\u9001\u4e0a\u652f\u6301\uff0c\u795d\u60a8\u53d6\u5f97\u597d\u6210\u7ee9\u3002"}, {"userName": "\u7d2b\u8559\u8559", "userReviewDate": "2018-02-23", "userURL": "http://user.17k.com/54596030", "userReview": "\u8d5e~\u52a0\u6cb9\uff01"}, {"userName": "17K\u4e66\u53cbMSX8KQJV", "userReviewDate": "2018-02-20", "userURL": "http://user.17k.com/59662659", "userReview": "[\u6253\u8d4f]\u6211\u6253\u8d4f\u4e861\u5143\u7ea2\u5305\uff01\uff01"}], "description": "\u79e6\u5f20\u4e24\u5bb6\u8054\u59fb\uff0c\u771f\u65b0\u5a18\u4e0d\u7ffc\u800c\u98de\uff0c\u5047\u65b0\u5a18\u6c60\u4ee5\u7433\u5c0f\u5fc3\u7ffc\u7ffc\uff0c\u6b65\u6b65\u4e3a\u8425\u3002\u3000\u3000\u79e6\u5c1a\u8c26\u65e9\u5c31\u770b\u51fa\u6765\uff0c\u5374\u88c5\u4f5c\u4ec0\u4e48\u90fd\u4e0d\u77e5\u9053\u3002\u3000\u3000\u6c60\u4ee5\u7433\u81ea\u4ee5\u4e3a\u9a97\u5f97\u4ed6\u56e2\u56e2\u8f6c\uff0c\u5b9e\u9645\u4e0a\u4ece\u6765\u6ca1\u6709\u9003\u51fa\u8fc7\u4ed6\u7684\u4e94\u6307\u5c71\u3002\u3000\u3000\u6c60\u4ee5\u7433\u5a07\u7f9e\uff1a\u201c\u8001\u516c\u4f60\u5bf9\u6211\u771f\u597d\u3002\u201d\u3000\u3000\u79e6\u5c1a\u8c26\u70b9\u5934\uff1a\u201c\u4f60\u662f\u6211\u7684\u59bb\u5b50\uff0c\u6211\u4e0d\u75bc\u4f60\u75bc\u8c01\u3002\u201d\u3000\u3000\u2014\u2014\u7b49\u5230\u771f\u76f8\u5927\u767d\uff0c\u6c60\u4ee5\u7433\u624d\u53d1\u73b0\u5168\u4e16\u754c\u90fd\u5f88\u6e05\u9192\uff0c\u53ea\u6709\u81ea\u5df1\u662f\u4e2a\u50bb\u5b50\u3002\u3000\u3000\u6c60\u4ee5\u7433\u607c\u6012\uff1a\u201c\u79e6\u5c1a\u8c26\uff0c\u4f60\u4e3a\u4ec0\u4e48\u4e0d\u62c6\u7a7f\u6211\uff01\u201d\u3000\u3000\u79e6\u5c1a\u8c26\u6de1\u7136\uff1a\u201c\u5ba0\u4f60\u624d\u5141\u8bb8\u4f60\u80e1\u4f5c\u975e\u4e3a\u3002\u201d", "title": "\u603b\u88c1\u5ba0\u59bb99\u5f0f", "url": "http://www.17k.com/book/2751518.html", "average": -1.0, "cover": "http://img.17k.com/images/bookcover/2018/13757/68/2751518-1516331343000.jpg", "reviews": 137458, "authors": [{"url": "http://www.17k.com/zuozhe/59196634", "name": "\u53cc\u9c7c\u5854\u5854"}], "type": ["\u603b\u88c1\u8c6a\u95e8"], "outlinks": ["http://www.17k.com/book/2794982.html", "http://www.17k.com/book/2801292.html", "http://www.17k.com/book/2816318.html", "http://www.17k.com/book/2797575.html", "http://www.17k.com/book/2802516.html", "http://www.17k.com/book/2812195.html", "http://www.17k.com/book/2820143.html", "http://www.17k.com/book/2807943.html", "http://www.17k.com/book/2813457.html", "http://www.17k.com/book/2798058.html", "http://www.17k.com/book/2815617.html", "http://www.17k.com/book/2805259.html", "http://www.17k.com/book/2760255.html", "http://www.17k.com/book/2686894.html", "http://www.17k.com/book/2797016.html", "http://www.17k.com/book/2767246.html", "http://www.17k.com/book/2764239.html", "http://www.17k.com/book/2754498.html", "http://www.17k.com/book/2754900.html", "http://www.17k.com/book/2625740.html", "http://www.17k.com/book/2213315.html", "http://www.17k.com/book/2402178.html", "http://www.17k.com/book/2691221.html", "http://www.17k.com/book/2210699.html", "http://www.17k.com/book/1797752.html", "http://www.17k.com/book/2575507.html", "http://www.17k.com/book/2705181.html", "http://www.17k.com/book/2702539.html", "http://www.17k.com/book/2474887.html", "http://www.17k.com/book/2674733.html", "http://www.17k.com/book/2822076.html", "http://www.17k.com/book/2809894.html", "http://www.17k.com/book/2822077.html", "http://www.17k.com/book/2811930.html", "http://www.17k.com/book/2815548.html", "http://www.17k.com/book/2819620.html", "http://www.17k.com/book/2809964.html", "http://www.17k.com/book/2808200.html", "http://www.17k.com/book/2820100.html", "http://www.17k.com/book/2822978.html", "http://www.17k.com/book/2804337.html", "http://www.17k.com/book/2798814.html", "http://www.17k.com/book/2785153.html", "http://www.17k.com/book/2731559.html", "http://www.17k.com/book/2722533.html", "http://www.17k.com/book/2458377.html", "http://www.17k.com/book/2743300.html", "http://www.17k.com/book/973809.html", "http://www.17k.com/book/2651367.html", "http://www.17k.com/book/2726194.html", "http://www.17k.com/book/2790214.html", "http://www.17k.com/book/493239.html", "http://www.17k.com/book/108821.html", "http://www.17k.com/book/1398783.html", "http://www.17k.com/book/83528.html", "http://www.17k.com/book/1859126.html", "http://www.17k.com/book/1741975.html", "http://www.17k.com/book/192453.html", "http://www.17k.com/book/2459058.html", "http://www.17k.com/book/1050747.html", "http://www.17k.com/book/2700315.html", "http://www.17k.com/book/2818940.html", "http://www.17k.com/book/2819519.html", "http://www.17k.com/book/2816390.html", "http://www.17k.com/book/2819588.html", "http://www.17k.com/book/2813768.html", "http://www.17k.com/book/2822406.html", "http://www.17k.com/book/2772164.html", "http://www.17k.com/book/2784023.html", "http://www.17k.com/book/2811877.html", "http://www.17k.com/book/2809119.html", "http://www.17k.com/book/2803700.html", "http://www.17k.com/book/2819561.html", "http://www.17k.com/book/2746506.html", "http://www.17k.com/book/2811836.html", "http://www.17k.com/book/2614810.html", "http://www.17k.com/book/1592435.html", "http://www.17k.com/book/1949748.html", "http://www.17k.com/book/2265802.html", "http://www.17k.com/book/2743240.html", "http://www.17k.com/book/2657437.html", "http://www.17k.com/book/2644502.html", "http://www.17k.com/book/2199900.html", "http://www.17k.com/book/2725436.html", "http://www.17k.com/book/2629978.html"]}