{"ratings": -1, "userreviews": [{"userName": "\u4e09\u5343967280002", "userReviewDate": "2018-06-01", "userURL": "http://user.17k.com/59719913", "userReview": "\u5df2\u7ecf\u770b\u4e0d\u4e0b\u53bb\u4e86 &nbsp;\u8fd9\u5144\u5f1f\u60c5\u4e49\u6ca1\u8c01\u4e86"}, {"userName": "\u5440\u5440~\u5566\u5566", "userReviewDate": "2018-05-31", "userURL": "http://user.17k.com/62364605", "userReview": "\u672c\u4eba\u5df2\u8bd5\u6bd2\uff0c\u5973\u4e3b\u5c45\u7136\u88ab**\u4e86\uff0c\u592a\u5c3c\u739b\u96be\u53d7\u4e86"}, {"userName": "\u6f2b\u5929\u661f\u8424", "userReviewDate": "2018-05-30", "userURL": "http://user.17k.com/56871683", "userReview": "\u4e0b\u5348\u597d\uff0c\u661f\u8424\u6765\u770b\u5927\u5927\u4e86\uff0c\u671b\u5927\u5927\u56de\u8bbf\uff0c\u6492\u82b1\u652f\u6301"}, {"userName": "W3iCI4tH0pn0KnNi", "userReviewDate": "2018-05-29", "userURL": "http://user.17k.com/62288661", "userReview": "\u4f5c\u8005\u5927\u5927\uff0c\u4e8c\u5341\u4e8c\u7ae0\u600e\u4e48\u56de\u4e8b\uff1f\u9773\u5251\u662f\u5904\u7537\uff1f\u90a3\u4e03\u5e74\u524d\u600e\u4e48\u56de\u4e8b\uff1f\u513f\u5b50\u53c8\u662f\u600e\u4e48\u6765\u7684\uff1f\u4e0d\u662f\u5904\u7537\u4e0d\u80fd\u4fee\u70bc\u662f\u4e0d\u662f\u8be5\u4fee\u6539\u4e0b\uff1f"}, {"userName": "\u7b11\u50b2\u5b64\u8fb0", "userReviewDate": "2018-05-25", "userURL": "http://user.17k.com/13197515", "userReview": "\u5927\u529b\u652f\u6301\uff01"}, {"userName": "\u98a6564514308", "userReviewDate": "2018-05-19", "userURL": "http://user.17k.com/61961757", "userReview": "\u4e3a\u4ec0\u4e48\u662f\u513f\u5b50\u8fd9\u751f\u7269\uff0c\u4e0d\u80fd\u662f\u5973\u513f\u5417"}, {"userName": "\u591c\u9b45\u661f\u8fb0\u672c\u5c0a", "userReviewDate": "2018-05-18", "userURL": "http://user.17k.com/15601070", "userReview": "\u6765\u901b\u901b"}, {"userName": "\u81f3\u540c", "userReviewDate": "2018-05-16", "userURL": "http://user.17k.com/42347855", "userReview": "\u600e\u4e48\uff0c\u65b0\u4e66\u8fd8\u6ca1\u6709\u4eba\u6765\u8fc7\u554a\uff1f\u90a3\u6211\u6765\u7ed9\u4f60\u8d5e\u4e00\u4e2a\uff0c\u52a0\u6cb9\u3002"}], "description": "\u7a81\u7136\u6709\u4e00\u5929\u6211\u5192\u51fa\u6765\u4e2a\u513f\u5b50\uff0c\u4ed6\u8fd8\u6307\u7740\u603b\u88c1\uff0c\u8bf4\u8fd9\u662f\u6211\u8001\u5a46\uff0c\u56e0\u4e3a\u8fd9\u4e2a\u5c0f\u5b69\uff0c\u6b64\u540e\u6211\u7684\u751f\u6d3b\u53d1\u751f\u4e86\u7ffb\u5929\u8986\u5730\u7684\u53d8\u5316\uff0c\u8fd8\u5f53\u4e0a\u4e86\u516c\u53f8\u7684\u8001\u677f\u2026\u2026", "title": "\u604b\u4e0a\u51b0\u5c71\u5973\u603b\u88c1", "url": "http://www.17k.com/book/2802129.html", "average": -1.0, "cover": "http://img.17k.com/images/bookcover/2018/14010/70/2802129-1525850154000.jpg", "reviews": 90555, "authors": [{"url": "http://www.17k.com/zuozhe/60792323", "name": "\u5c71\u4e2d\u6709\u7237"}], "type": ["\u90fd\u5e02\u5f02\u80fd"], "outlinks": ["http://www.17k.com/book/2794982.html", "http://www.17k.com/book/2801292.html", "http://www.17k.com/book/2816318.html", "http://www.17k.com/book/2797575.html", "http://www.17k.com/book/2802516.html", "http://www.17k.com/book/2812195.html", "http://www.17k.com/book/2820143.html", "http://www.17k.com/book/2807943.html", "http://www.17k.com/book/2813457.html", "http://www.17k.com/book/2798058.html", "http://www.17k.com/book/2815617.html", "http://www.17k.com/book/2805259.html", "http://www.17k.com/book/2760255.html", "http://www.17k.com/book/2686894.html", "http://www.17k.com/book/2797016.html", "http://www.17k.com/book/2767246.html", "http://www.17k.com/book/2764239.html", "http://www.17k.com/book/2754498.html", "http://www.17k.com/book/2754900.html", "http://www.17k.com/book/2625740.html", "http://www.17k.com/book/2213315.html", "http://www.17k.com/book/2402178.html", "http://www.17k.com/book/2691221.html", "http://www.17k.com/book/2210699.html", "http://www.17k.com/book/1797752.html", "http://www.17k.com/book/2575507.html", "http://www.17k.com/book/2705181.html", "http://www.17k.com/book/2702539.html", "http://www.17k.com/book/2474887.html", "http://www.17k.com/book/2674733.html", "http://www.17k.com/book/2822076.html", "http://www.17k.com/book/2809894.html", "http://www.17k.com/book/2822077.html", "http://www.17k.com/book/2811930.html", "http://www.17k.com/book/2815548.html", "http://www.17k.com/book/2819620.html", "http://www.17k.com/book/2809964.html", "http://www.17k.com/book/2808200.html", "http://www.17k.com/book/2820100.html", "http://www.17k.com/book/2822978.html", "http://www.17k.com/book/2804337.html", "http://www.17k.com/book/2798814.html", "http://www.17k.com/book/2785153.html", "http://www.17k.com/book/2731559.html", "http://www.17k.com/book/2722533.html", "http://www.17k.com/book/2458377.html", "http://www.17k.com/book/2743300.html", "http://www.17k.com/book/973809.html", "http://www.17k.com/book/2651367.html", "http://www.17k.com/book/2726194.html", "http://www.17k.com/book/2790214.html", "http://www.17k.com/book/493239.html", "http://www.17k.com/book/108821.html", "http://www.17k.com/book/1398783.html", "http://www.17k.com/book/83528.html", "http://www.17k.com/book/1859126.html", "http://www.17k.com/book/1741975.html", "http://www.17k.com/book/192453.html", "http://www.17k.com/book/2459058.html", "http://www.17k.com/book/1050747.html", "http://www.17k.com/book/2700315.html", "http://www.17k.com/book/2818940.html", "http://www.17k.com/book/2819519.html", "http://www.17k.com/book/2816390.html", "http://www.17k.com/book/2819588.html", "http://www.17k.com/book/2813768.html", "http://www.17k.com/book/2822406.html", "http://www.17k.com/book/2772164.html", "http://www.17k.com/book/2784023.html", "http://www.17k.com/book/2811877.html", "http://www.17k.com/book/2809119.html", "http://www.17k.com/book/2803700.html", "http://www.17k.com/book/2819561.html", "http://www.17k.com/book/2746506.html", "http://www.17k.com/book/2811836.html", "http://www.17k.com/book/2614810.html", "http://www.17k.com/book/1592435.html", "http://www.17k.com/book/1949748.html", "http://www.17k.com/book/2265802.html", "http://www.17k.com/book/2743240.html", "http://www.17k.com/book/2657437.html", "http://www.17k.com/book/2644502.html", "http://www.17k.com/book/2199900.html", "http://www.17k.com/book/2725436.html", "http://www.17k.com/book/2629978.html"]}