{"ratings": -1, "userreviews": [{"userName": "\u6101\u80a0\u4e00\u5bf8", "userReviewDate": "2018-02-26", "userURL": "http://user.17k.com/42858097", "userReview": "<a target='_blank' href='http://www.17k.com/book/1404452.html'>\u300a\u4f34\u7b11\u6d6e\u751f\u68a6\u300b</a>\u6765\u8bbf\uff0c\u5e0c\u671b\u5f97\u5230\u652f\u6301\uff0c\u9001\u5927\u5927\u82b1\u82b1"}, {"userName": "K\u5c0f\u5f00", "userReviewDate": "2018-01-26", "userURL": "http://user.17k.com/58509881", "userReview": "\u597d\u4e66\uff01\u5434\u5f00\u9633\u643a<a target='_blank' href='http://www.17k.com/book/2724684.html'>\u300a\u4e00\u5ff5\u539f\u7f6a\u300b</a>\u524d\u6765\u62dc\u8bfb\u4e86\uff0c\u65b0\u4eba\u65b0\u4f5c\uff0c\u6709\u4ec0\u4e48\u5fc3\u5f97\uff0c\u8fd8\u671b\u6307\u6559\u4e00\u4e8c\uff0c\u611f\u6fc0\u4e0d\u5c3d\uff01"}, {"userName": "A\u725b\u9b54\u738b", "userReviewDate": "2018-01-25", "userURL": "http://user.17k.com/56738425", "userReview": "\u63a8\u8350\u4e00\u672c\u60ca\u9669\u523a\u6fc0\u597d\u770b\u7684\u4e66<a target='_blank' href='http://www.17k.com/book/2728167.html'>\u300a\u6211\u548c\u5996\u517d\u6709\u4e2a\u7ea6\u4f1a\u300b</a>\uff0c\u591a\u591a\u652f\u6301\uff0c\u6765\u4e2a\u6536\u85cf!\u70b9\u51fb\u4e66\u540d\u5c31\u53ef\u4ee5\u770b\u5230\u4e66\u4e86\u3002"}, {"userName": "\u6d45\u6d45\u7684\u6843\u82b1", "userReviewDate": "2017-05-14", "userURL": "http://user.17k.com/44244953", "userReview": "\u52a0\u6cb9\uff0c\u5728\u770b\u5c0f\u8bf4\u7684\u6211\u51c6\u5907\u7761\u89c9\u4e86"}], "description": "\u767d\u5fc3\u67d3\u4e00\u76f4\u4ee5\u4e3a\u81ea\u5df1\u88ab\u8d76\u51fa\u767d\u5bb6\u4e5f\u597d\uff0c\u5931\u53bb\u81ea\u5df1\u7684\u5b9d\u8d1d\u4e5f\u597d\uff0c\u90a3\u90fd\u662f\u547d\u8fd0\u7684\u5de7\u5408\u3000\u3000\u540e\u6765\u624d\u53d1\u73b0\uff0c\u4e00\u5207\u90fd\u662f\u5904\u5fc3\u79ef\u8651\u7684\u9634\u8c0b\u3000\u3000\u8fd9\u4e00\u6b21\uff0c\u5979\u4e0d\u8981\u518d\u5f53\u5c0f\u767d\u5154\u4efb\u4eba\u5bb0\u5272\uff0c\u5979\u8981\u4eb2\u624b\u634d\u536b\u81ea\u5df1\u7684\u4e08\u592b\u3001\u513f\u5b50\uff0c\u5bb6\u5ead\u3000\u3000\u591a\u4e48\u5e78\u8fd0\uff0c\u8fd9\u4e2a\u95ea\u95ea\u53d1\u5149\u4eba\u4eba\u79f0\u4e3a\u2018\u4f20\u5947\u2019\u7684\u7537\u4eba\uff0c\u662f\u81ea\u5df1\u7684\u4e08\u592b\u3000\u3000\u55ef\u54fc\uff0c\u5979\u767d\u5fc3\u67d3\u4e5f\u4e0d\u5dee\u7684\u597d\u4e48\uff01\u3000\u3000\u4e14\u770b\u8f6f\u840c\u5c0f\u767d\u5154\u5982\u4f55\u88ab\u517b\u6210\u603b\u88c1\u608d\u59bb", "title": "\u608d\u59bb\u517b\u6210", "url": "http://www.17k.com/book/2477066.html", "average": -1.0, "cover": "http://img.17k.com/images/bookcover/2017/12385/61/2477066-1494312634000.jpg", "reviews": 15632, "authors": [{"url": "http://www.17k.com/zuozhe/54947387", "name": "\u591c\u7720\u7720"}], "type": ["\u603b\u88c1\u8c6a\u95e8"], "outlinks": ["http://www.17k.com/book/2794982.html", "http://www.17k.com/book/2801292.html", "http://www.17k.com/book/2816318.html", "http://www.17k.com/book/2797575.html", "http://www.17k.com/book/2802516.html", "http://www.17k.com/book/2812195.html", "http://www.17k.com/book/2820143.html", "http://www.17k.com/book/2807943.html", "http://www.17k.com/book/2813457.html", "http://www.17k.com/book/2798058.html", "http://www.17k.com/book/2815617.html", "http://www.17k.com/book/2805259.html", "http://www.17k.com/book/2760255.html", "http://www.17k.com/book/2686894.html", "http://www.17k.com/book/2797016.html", "http://www.17k.com/book/2767246.html", "http://www.17k.com/book/2764239.html", "http://www.17k.com/book/2754498.html", "http://www.17k.com/book/2754900.html", "http://www.17k.com/book/2625740.html", "http://www.17k.com/book/2213315.html", "http://www.17k.com/book/2402178.html", "http://www.17k.com/book/2691221.html", "http://www.17k.com/book/2210699.html", "http://www.17k.com/book/1797752.html", "http://www.17k.com/book/2575507.html", "http://www.17k.com/book/2705181.html", "http://www.17k.com/book/2702539.html", "http://www.17k.com/book/2474887.html", "http://www.17k.com/book/2674733.html", "http://www.17k.com/book/2822076.html", "http://www.17k.com/book/2809894.html", "http://www.17k.com/book/2822077.html", "http://www.17k.com/book/2811930.html", "http://www.17k.com/book/2815548.html", "http://www.17k.com/book/2819620.html", "http://www.17k.com/book/2809964.html", "http://www.17k.com/book/2808200.html", "http://www.17k.com/book/2820100.html", "http://www.17k.com/book/2822978.html", "http://www.17k.com/book/2804337.html", "http://www.17k.com/book/2798814.html", "http://www.17k.com/book/2785153.html", "http://www.17k.com/book/2731559.html", "http://www.17k.com/book/2722533.html", "http://www.17k.com/book/2458377.html", "http://www.17k.com/book/2743300.html", "http://www.17k.com/book/973809.html", "http://www.17k.com/book/2651367.html", "http://www.17k.com/book/2726194.html", "http://www.17k.com/book/2790214.html", "http://www.17k.com/book/493239.html", "http://www.17k.com/book/108821.html", "http://www.17k.com/book/1398783.html", "http://www.17k.com/book/83528.html", "http://www.17k.com/book/1859126.html", "http://www.17k.com/book/1741975.html", "http://www.17k.com/book/192453.html", "http://www.17k.com/book/2459058.html", "http://www.17k.com/book/1050747.html", "http://www.17k.com/book/2700315.html", "http://www.17k.com/book/2818940.html", "http://www.17k.com/book/2819519.html", "http://www.17k.com/book/2816390.html", "http://www.17k.com/book/2819588.html", "http://www.17k.com/book/2813768.html", "http://www.17k.com/book/2822406.html", "http://www.17k.com/book/2772164.html", "http://www.17k.com/book/2784023.html", "http://www.17k.com/book/2811877.html", "http://www.17k.com/book/2809119.html", "http://www.17k.com/book/2803700.html", "http://www.17k.com/book/2819561.html", "http://www.17k.com/book/2746506.html", "http://www.17k.com/book/2811836.html", "http://www.17k.com/book/2614810.html", "http://www.17k.com/book/1592435.html", "http://www.17k.com/book/1949748.html", "http://www.17k.com/book/2265802.html", "http://www.17k.com/book/2743240.html", "http://www.17k.com/book/2657437.html", "http://www.17k.com/book/2644502.html", "http://www.17k.com/book/2199900.html", "http://www.17k.com/book/2725436.html", "http://www.17k.com/book/2629978.html"]}