{"ratings": -1, "userreviews": [], "description": "\u7231\u60c5\u771f\u6b63\u7684\u6a21\u6837\u5230\u5e95\u662f\u4ec0\u4e48\uff1f\u3000\u3000\u5979\u5927\u9f84\u5931\u5a5a\uff0c\u4e8b\u4e1a\u53d7\u632b\uff1b\u3000\u3000\u4ed6\u529f\u6210\u540d\u5c31\uff0c\u98ce\u751f\u6c34\u8d77\uff1b\u3000\u3000\u6570\u5e74\u540e\u7684\u76f8\u9047\uff0c\u662f\u7ee7\u7eed\u5f53\u521d\u7684\u6fc0\u60c5\uff1f\u3000\u3000\u8fd8\u662f\u5f00\u542f\u53e6\u4e00\u573a\u4e0d\u6000\u597d\u610f\u7684\u60b2\u5267\uff1f\u3000\u3000\u9634\u8c0b\uff0c\u804c\u573a\uff0c\u5546\u6597\uff0c\u6b32\u671b\uff0c\u90fd\u5e02\uff0c\u3000\u3000\u60ac\u5d16\u4e0a\u7684\u5411\u65e5\u8475\uff0c\u4e00\u4e2a\u5371\u9669\u7684\u660e\u5a9a\u7231\u60c5\u6545\u4e8b\u3002", "title": "\u60ac\u5d16\u4e0a\u7684\u5411\u65e5\u8475", "url": "http://www.17k.com/book/2836694.html", "average": -1.0, "cover": "http://img.17k.com/images/bookcover/default_cover2.jpg", "reviews": 14, "authors": [{"url": "http://www.17k.com/zuozhe/56464321", "name": "\u9ed8\u975e\u4e00"}], "type": ["\u90fd\u5e02\u60c5\u7f18"], "outlinks": ["http://www.17k.com/book/2794982.html", "http://www.17k.com/book/2801292.html", "http://www.17k.com/book/2816318.html", "http://www.17k.com/book/2797575.html", "http://www.17k.com/book/2802516.html", "http://www.17k.com/book/2812195.html", "http://www.17k.com/book/2820143.html", "http://www.17k.com/book/2807943.html", "http://www.17k.com/book/2813457.html", "http://www.17k.com/book/2798058.html", "http://www.17k.com/book/2815617.html", "http://www.17k.com/book/2805259.html", "http://www.17k.com/book/2760255.html", "http://www.17k.com/book/2686894.html", "http://www.17k.com/book/2797016.html", "http://www.17k.com/book/2767246.html", "http://www.17k.com/book/2764239.html", "http://www.17k.com/book/2754498.html", "http://www.17k.com/book/2754900.html", "http://www.17k.com/book/2625740.html", "http://www.17k.com/book/2213315.html", "http://www.17k.com/book/2402178.html", "http://www.17k.com/book/2691221.html", "http://www.17k.com/book/2210699.html", "http://www.17k.com/book/1797752.html", "http://www.17k.com/book/2575507.html", "http://www.17k.com/book/2705181.html", "http://www.17k.com/book/2702539.html", "http://www.17k.com/book/2474887.html", "http://www.17k.com/book/2674733.html", "http://www.17k.com/book/2822076.html", "http://www.17k.com/book/2809894.html", "http://www.17k.com/book/2822077.html", "http://www.17k.com/book/2811930.html", "http://www.17k.com/book/2815548.html", "http://www.17k.com/book/2819620.html", "http://www.17k.com/book/2809964.html", "http://www.17k.com/book/2808200.html", "http://www.17k.com/book/2820100.html", "http://www.17k.com/book/2822978.html", "http://www.17k.com/book/2804337.html", "http://www.17k.com/book/2798814.html", "http://www.17k.com/book/2785153.html", "http://www.17k.com/book/2731559.html", "http://www.17k.com/book/2722533.html", "http://www.17k.com/book/2458377.html", "http://www.17k.com/book/2743300.html", "http://www.17k.com/book/973809.html", "http://www.17k.com/book/2651367.html", "http://www.17k.com/book/2726194.html", "http://www.17k.com/book/2790214.html", "http://www.17k.com/book/493239.html", "http://www.17k.com/book/108821.html", "http://www.17k.com/book/1398783.html", "http://www.17k.com/book/83528.html", "http://www.17k.com/book/1859126.html", "http://www.17k.com/book/1741975.html", "http://www.17k.com/book/192453.html", "http://www.17k.com/book/2459058.html", "http://www.17k.com/book/1050747.html", "http://www.17k.com/book/2700315.html", "http://www.17k.com/book/2818940.html", "http://www.17k.com/book/2819519.html", "http://www.17k.com/book/2816390.html", "http://www.17k.com/book/2819588.html", "http://www.17k.com/book/2813768.html", "http://www.17k.com/book/2822406.html", "http://www.17k.com/book/2772164.html", "http://www.17k.com/book/2784023.html", "http://www.17k.com/book/2811877.html", "http://www.17k.com/book/2809119.html", "http://www.17k.com/book/2803700.html", "http://www.17k.com/book/2819561.html", "http://www.17k.com/book/2746506.html", "http://www.17k.com/book/2811836.html", "http://www.17k.com/book/2614810.html", "http://www.17k.com/book/1592435.html", "http://www.17k.com/book/1949748.html", "http://www.17k.com/book/2265802.html", "http://www.17k.com/book/2743240.html", "http://www.17k.com/book/2657437.html", "http://www.17k.com/book/2644502.html", "http://www.17k.com/book/2199900.html", "http://www.17k.com/book/2725436.html", "http://www.17k.com/book/2629978.html"]}