{"ratings": -1, "userreviews": [{"userName": "\u6797\u4e16\u89c1", "userReviewDate": "2018-05-29", "userURL": "http://user.17k.com/60187772", "userReview": "\u9752\u4e91\u5144\u665a\u597d\uff01\u5bf9\u4f60\u7684\u5927\u4f5c\u6ce8\u610f\u6709\u65e5\uff0c\u7279\u6765\u8bfb\u4e66\u81f4\u610f\u3002\u5144\u4e4b\u6587\u7b14\u90a3\u662f\u6ca1\u5f97\u8bf4\u3002\u7cbe\u795e\u4e5f\u5b9e\u5c5e\u53ef\u5609\uff0c\u5df2\u7ecf\u5199\u51fa\u4e86\u8fd9\u4e48\u591a\u3002\u4f69\u670d\uff01\u53ef\u4ee5\u8bf4\uff0c\u50cf\u6211\u4eec\u8fd9\u4e9b\u559c\u6b22\u5199\u70b9\u6b63\u7edf\u4e1c\u897f\u7684\uff0c\u5728\u8fd9\u7f51\u7edc\u65f6\u4ee3\uff0c\u603b\u6709\u70b9\u7ed9\u4eba\u4e00\u79cd\u53e6\u7c7b\u4e4b\u611f\uff0c\u575a\u6301\u4e0b\u53bb\uff0c\u5b9e\u5c5e\u4e0d\u6613\u3002\u5411\u5144\u5b66\u4e60\uff01"}, {"userName": "17K\u4e66\u53cbLVPZ5HT7", "userReviewDate": "2018-05-23", "userURL": "http://user.17k.com/61916419", "userReview": "\u52a0\u6cb9\uff0c\u7ee7\u7eed\uff01"}, {"userName": "\u7b71\u7b71\u7b71\u7b71\u5f71", "userReviewDate": "2018-03-17", "userURL": "http://user.17k.com/49325577", "userReview": "<a target='_blank' href='http://www.17k.com/book/2670624.html'>\u300a\u7f6a\u7f5a\u56e0\u679c\u300b</a>\u6765\u8bbf\u652f\u6301"}, {"userName": "A\u661f\u661f\u70b9\u706f", "userReviewDate": "2018-03-14", "userURL": "http://user.17k.com/55972875", "userReview": "2018\u63a8\u8350\u4e00\u672c\u597d\u770b\u7684\u4e66<a target='_blank' href='http://www.17k.com/book/2728167.html'>\u300a\u6211\u548c\u5996\u517d\u6709\u4e2a\u7ea6\u4f1a\u300b</a>\uff0c\u60ca\u9669\u523a\u6fc0\uff0c\u6d6a\u6f2b\u6ee1\u5c4b\uff0c\u70ed\u8840\u683c\u6597\uff0c\u751f\u6b7b\u7231\u604b\uff0c\u6696\u6627\u4e0d\u65ad\uff0c\u5929\u5929\u66f4\u65b0\uff0c\u8bf7\u591a\u5173\u7167\uff0c\u6765\u4e2a\u6536\u85cf\u554a!\uff0c\u70b9\u51fb\u4e66\u540d\u5c31\u53ef\u4ee5\u770b\u5230\u4e66\u4e86\u3002"}, {"userName": "\u84dd\u8863\u5a46", "userReviewDate": "2018-02-28", "userURL": "http://user.17k.com/57853155", "userReview": "\u5927\u5927\uff0c\u84dd\u8863\u6765\u8bbf\uff0c\u597d\u770b\u3002"}, {"userName": "\u6708\u843d\u68a6\u8ffd\u5fc6", "userReviewDate": "2018-02-27", "userURL": "http://user.17k.com/57478135", "userReview": "\u665a\u6765\u6253\u5361\uff0c\u652f\u6301~\\(\u2267\u25bd\u2266)/~"}, {"userName": "\u98de\u96ea\u4e71\u6e05\u98ce", "userReviewDate": "2018-02-25", "userURL": "http://user.17k.com/45159154", "userReview": "<a target='_blank' href='http://www.17k.com/book/2677053.html'>\u300a\u9b54\u5984\u300b</a>\u6765\u8bbf\uff0c\u5348\u597d\uff0c\u9752\u4e91"}, {"userName": "\u963f\u62c9\u7684\u82b1", "userReviewDate": "2018-02-22", "userURL": "http://user.17k.com/58629809", "userReview": "\u6211\u5e26\u4e00\u672c\u4e66<a target='_blank' href='http://www.17k.com/book/2738241.html'>\u300a\u63a8\u80cc\u56fe\u6f14\u4e49\u300b</a>\u548c\u4f60\u5171\u4eab\u3002"}, {"userName": "\u9ec4\u74dc\u7684\u5bbf\u547d", "userReviewDate": "2018-02-17", "userURL": "http://user.17k.com/53195742", "userReview": "<a target='_blank' href='http://www.17k.com/book/2377865.html'>\u300a\u81f3\u9738\u82cd\u751f\u8bc0\u300b</a>\u6765\u8bbf\uff0c\u6c42\u652f\u6301\u6c42\u9c9c\u82b1\u7ea2\u5305\uff0c\u563f\u563f\uff0c\u87f9\u87f9\u3002"}, {"userName": "A\u725b\u9b54\u738b", "userReviewDate": "2018-02-17", "userURL": "http://user.17k.com/56738425", "userReview": "2018\u63a8\u8350\u4e00\u672c\u597d\u770b\u7684\u4e66<a target='_blank' href='http://www.17k.com/book/2551937.html'>\u300a\u8d85\u65b0\u4eba\u300b</a>\uff0c\u60ca\u9669\u523a\u6fc0\uff0c\u6d6a\u6f2b\u6ee1\u5c4b\uff0c\u70ed\u8840\u683c\u6597\uff0c\u751f\u6b7b\u7231\u604b\uff0c\u6696\u6627\u4e0d\u65ad\uff0c\u5929\u5929\u66f4\u65b0\uff0c\u8bf7\u591a\u5173\u7167\uff0c\u6765\u4e2a\u6536\u85cf\u554a!\uff0c\u70b9\u51fb\u4e66\u540d\u5c31\u53ef\u4ee5\u770b\u5230\u4e66\u4e86\u3002"}, {"userName": "\u964c\u8def\u76f8\u79bb", "userReviewDate": "2018-01-25", "userURL": "http://user.17k.com/43976965", "userReview": "<a target='_blank' href='http://www.17k.com/book/2019038.html'>\u300a\u9eef\u9b45\u300b</a>\u6765\u8bbf\uff01\u5927\u5927\u4f60\u597d\u3002"}, {"userName": "\u8d75\u5377\u5377", "userReviewDate": "2018-01-13", "userURL": "http://user.17k.com/58859113", "userReview": "\u5927\u5927\u771f\u68d2\uff0c\u5377\u5377\u5e26\u7740<a target='_blank' href='http://www.17k.com/book/2739286.html'>\u300a104\u53f7\u5b9e\u9a8c\u300b</a>\u6765\u4e86\uff0c\u5e0c\u671b\u5927\u5927\u6709\u7a7a\u80fd\u6765\u6307\u70b9\u6307\u70b9"}, {"userName": "\u8fd8\u5728\u5929\u9999\u68a6\u91cc", "userReviewDate": "2018-01-13", "userURL": "http://user.17k.com/54805747", "userReview": "\u53ef\u4ee5\u5c1d\u8bd5\u5199\u6297\u6218\u9898\u6750\uff0c\u5927\u53d4\uff0c\u52a0\u6cb9\uff01"}, {"userName": "\u4e09\u8a00\u4e2d", "userReviewDate": "2018-01-13", "userURL": "http://user.17k.com/58888114", "userReview": "\u90a3\u4e9b\u602a\u8c08\u6545\u4e8b<a target='_blank' href='http://www.17k.com/book/2740247.html'>\u300a\u70b9\u7ea2\u706f\u300b</a>\u8001\u8f88\u4eba\u8bf4\uff1a\u201c\u534a\u4ed9\u513f\u5f15\u9b42\u5165\u9ec4\u6cc9\uff0c\u7ad9\u68fa\u70b9\u706f\u3002\u201d\u3002\u3002\u652f\u6301\u62dc\u8bbf\u3002"}, {"userName": "\u8d75\u5377\u5377", "userReviewDate": "2018-01-04", "userURL": "http://user.17k.com/58859113", "userReview": "<a target='_blank' href='http://www.17k.com/book/2739286.html'>\u300a104\u53f7\u5b9e\u9a8c\u300b</a>\u524d\u6765\u62dc\u8bbf\uff01\u5927\u5927\u65b0\u5e74\u5feb\u4e50"}, {"userName": "\u98de\u96ea\u4e71\u6e05\u98ce", "userReviewDate": "2017-12-22", "userURL": "http://user.17k.com/45159154", "userReview": "<a target='_blank' href='http://www.17k.com/book/2677053.html'>\u300a\u9b54\u5984\u300b</a>\u6765\u8bbf\uff0c\u5348\u597d\uff0c\u9752\u4e91\uff0c\u51ac\u81f3\u5feb\u4e50"}, {"userName": "\u9429\u673a\u02c7\u64ad\u653e&quot;", "userReviewDate": "2017-12-12", "userURL": "http://user.17k.com/56883010", "userReview": "<a target='_blank' href='http://www.17k.com/book/2428327.html'>\u300a\u4eba\u9c7c\u6c0f\u65cf\u300b</a>\u6765\u8bbf\uff0c\u70b9\u51fb\uff0c\u6536\u85cf\uff0c\u8ba2\u9605\uff0c\u652f\u6301\uff0c\u52a0\u6cb9\uff01\uff01\uff01"}, {"userName": "\u53f6\u8459\u82b8", "userReviewDate": "2017-12-06", "userURL": "http://user.17k.com/57517697", "userReview": "\u5927\u5927\u52a0\u6cb9^0^\uff01\u643a<a target='_blank' href='http://www.17k.com/book/2663126.html'>\u300a\u4eba\u72d0\u4e4b\u7ea6\u300b</a>\u524d\u6765\u652f\u6301\uff01\u4eb2\u4eb2\u5feb\u6765\u770b\u54e6\uff01\u5c0f\u8bf4\u5730\u5740http://h5.17k.com/book/2663126.html"}, {"userName": "\u672a\u6765\u8001\u9f20", "userReviewDate": "2017-11-27", "userURL": "http://user.17k.com/46396493", "userReview": "\u652f\u6301\u5927\u5927\uff0c\u5316\u8eab\u5c0f\u8ff7\u59b9\u7231\u4f60 \uff0c\u672a\u6765\u8001\u9f20\u643a\u6587<a target='_blank' href='http://www.17k.com/book/2725309.html'>\u300a\u534a\u7c73\u9633\u5149\u84dd\u5c71\u5357\u300b</a>\u6765\u8bbf\uff0c\u5e0c\u671b\u5927\u5927\u53ef\u4ee5\u56de\u8bbf"}, {"userName": "\u674e\u65e0\u547d", "userReviewDate": "2017-11-17", "userURL": "http://user.17k.com/57024055", "userReview": "\u643a\u5e26<a target='_blank' href='http://www.17k.com/book/2654528.html'>\u300a\u51a5\u5929\u697c\u300b</a>\u524d\u6765\u62dc\u8bfb\u4e86\uff0c\u4f5c\u8005\u5927\u5927\u52a0\u6cb9\u66f4\uff0c\u652f\u6301\u652f\u6301\uff01"}], "description": "\u300a\u60c5\u65ad\u957f\u6625\u300b\u5185\u5bb9\u7b80\u4ecb\u3000\u3000\u5c0f\u8bf4\u6293\u4f4f\u4e861945\u5e748\u670815\u65e5\u65e5\u672c\u5e1d\u56fd\u4e3b\u4e49\u5ba3\u5e03\u65e0\u6761\u4ef6\u6295\u964d\u5230\u82cf\u8054\u7ea2\u519b\u653b\u5360\u957f\u6625\u8fd9\u4e00\u7279\u5b9a\u5386\u53f2\u65f6\u523b\uff0c\u91cd\u70b9\u63cf\u5199\u4e86\u4f2a\u6ee1\u6d32\u56fd\u65b0\u4eac\u7279\u522b\u5e02\uff08\u957f\u6625\u5e02\uff09\u5efa\u56fd\u5927\u5b66\u56db\u5e74\u7ea7\u5b66\u751f\uff0c\u6881\u6cc9\u6c5f\u3001\u5218\u5efa\u8f89\u7b49\u4eba\u7684\u7279\u6b8a\u4eba\u751f\u7ecf\u5386\u3002\u3000\u3000\u4ed6\u4eec\u66fe\u7ecf\u90fd\u662f\u53cd\u6297\u65e5\u672c\u5e1d\u56fd\u4e3b\u4e49\u91ce\u86ee\u4fb5\u7565\u6211\u56fd\u7684\u7231\u56fd\u77e5\u8bc6\u5206\u5b50\uff0c\u4f46\u662f\uff0c\u5f53\u65b0\u65f6\u4ee3\u5230\u6765\u524d\u5915\uff0c\u4ed6\u4eec\u5229\u7528\u624b\u4e2d\u638c\u63e1\u7684\u6743\u5229\uff0c\u9762\u5bf9\u623f\u5b50\uff0c\u7968\u5b50\uff0c\u5973\u5b50\u7684\u4eba\u751f\u7d27\u8981\u5173\u5934\uff0c\u4ed6\u4eec\u90fd\u662f\u5982\u4f55\u8868\u73b0\u7684\uff0c\u8fd9\u4e9b\u4e1c\u897f\u662f\u4e0d\u662f\u52fe\u8d77\u4e86\u4ed6\u4eec\u5fc3\u4e2d\u6700\u4e11\u6076\u7684\u6b32\u671b\uff0c\u8fd9\u5c31\u662f\u5c0f\u8bf4\u8bb2\u8ff0\u7684\u6545\u4e8b\u3002\u3000\u3000\u672c\u4e66\u6545\u4e8b\u60c5\u7ed3\u66f2\u6298\uff0c\u6263\u4eba\u5fc3\u5f26\u3002\u5bf9\u4e8e\uff0c\u4f2a\u6ee1\u6d32\u56fd\u57ae\u53f0\uff0c\u82cf\u8054\u7ea2\u519b\u5360\u9886\u957f\u6625\u8fd9\u4e2a\u7279\u5b9a\u7684\u5386\u53f2\u65f6\u671f\uff0c\u672c\u4e66\u4e5f\u505a\u4e86\u4e00\u5b9a\u7684\u63a2\u7d22\u548c\u63cf\u5199\uff0c\u5bf9\u4e8e\u90a3\u4e2a\u65f6\u671f\u7684\u4e1c\u5317\u957f\u6625\uff0c\u4e66\u4e2d\u4e5f\u505a\u4e86\u6216\u591a\u6216\u5c11\u7684\u4ecb\u7ecd\u3002\u3000\u3000\u672c\u4e66\u662f\u672c\u4eba\u539f\u521b\u4f5c\u54c1\uff0c\u5168\u4e66\u7ea6\u516d\u5341\u4e07\u5b57\uff1b", "title": "\u60c5\u65ad\u957f\u6625", "url": "http://www.17k.com/book/2399130.html", "average": -1.0, "cover": "http://img.17k.com/images/bookcover/2017/11995/59/2399130-1508146160000.jpg", "reviews": 16611, "authors": [{"url": "http://www.17k.com/zuozhe/53783118", "name": "\u4ed8\u6881\u9752\u4e91"}], "type": ["\u5a5a\u604b\u60c5\u611f"], "outlinks": ["http://www.17k.com/book/2794982.html", "http://www.17k.com/book/2801292.html", "http://www.17k.com/book/2816318.html", "http://www.17k.com/book/2797575.html", "http://www.17k.com/book/2802516.html", "http://www.17k.com/book/2812195.html", "http://www.17k.com/book/2820143.html", "http://www.17k.com/book/2807943.html", "http://www.17k.com/book/2813457.html", "http://www.17k.com/book/2798058.html", "http://www.17k.com/book/2815617.html", "http://www.17k.com/book/2805259.html", "http://www.17k.com/book/2760255.html", "http://www.17k.com/book/2686894.html", "http://www.17k.com/book/2797016.html", "http://www.17k.com/book/2767246.html", "http://www.17k.com/book/2764239.html", "http://www.17k.com/book/2754498.html", "http://www.17k.com/book/2754900.html", "http://www.17k.com/book/2625740.html", "http://www.17k.com/book/2213315.html", "http://www.17k.com/book/2402178.html", "http://www.17k.com/book/2691221.html", "http://www.17k.com/book/2210699.html", "http://www.17k.com/book/1797752.html", "http://www.17k.com/book/2575507.html", "http://www.17k.com/book/2705181.html", "http://www.17k.com/book/2702539.html", "http://www.17k.com/book/2474887.html", "http://www.17k.com/book/2674733.html", "http://www.17k.com/book/2822076.html", "http://www.17k.com/book/2809894.html", "http://www.17k.com/book/2822077.html", "http://www.17k.com/book/2811930.html", "http://www.17k.com/book/2815548.html", "http://www.17k.com/book/2819620.html", "http://www.17k.com/book/2809964.html", "http://www.17k.com/book/2808200.html", "http://www.17k.com/book/2820100.html", "http://www.17k.com/book/2822978.html", "http://www.17k.com/book/2804337.html", "http://www.17k.com/book/2798814.html", "http://www.17k.com/book/2785153.html", "http://www.17k.com/book/2731559.html", "http://www.17k.com/book/2722533.html", "http://www.17k.com/book/2458377.html", "http://www.17k.com/book/2743300.html", "http://www.17k.com/book/973809.html", "http://www.17k.com/book/2651367.html", "http://www.17k.com/book/2726194.html", "http://www.17k.com/book/2790214.html", "http://www.17k.com/book/493239.html", "http://www.17k.com/book/108821.html", "http://www.17k.com/book/1398783.html", "http://www.17k.com/book/83528.html", "http://www.17k.com/book/1859126.html", "http://www.17k.com/book/1741975.html", "http://www.17k.com/book/192453.html", "http://www.17k.com/book/2459058.html", "http://www.17k.com/book/1050747.html", "http://www.17k.com/book/2700315.html", "http://www.17k.com/book/2818940.html", "http://www.17k.com/book/2819519.html", "http://www.17k.com/book/2816390.html", "http://www.17k.com/book/2819588.html", "http://www.17k.com/book/2813768.html", "http://www.17k.com/book/2822406.html", "http://www.17k.com/book/2772164.html", "http://www.17k.com/book/2784023.html", "http://www.17k.com/book/2811877.html", "http://www.17k.com/book/2809119.html", "http://www.17k.com/book/2803700.html", "http://www.17k.com/book/2819561.html", "http://www.17k.com/book/2746506.html", "http://www.17k.com/book/2811836.html", "http://www.17k.com/book/2614810.html", "http://www.17k.com/book/1592435.html", "http://www.17k.com/book/1949748.html", "http://www.17k.com/book/2265802.html", "http://www.17k.com/book/2743240.html", "http://www.17k.com/book/2657437.html", "http://www.17k.com/book/2644502.html", "http://www.17k.com/book/2199900.html", "http://www.17k.com/book/2725436.html", "http://www.17k.com/book/2629978.html"]}