{"ratings": -1, "userreviews": [{"userName": "\u67e0\u6aac236786289", "userReviewDate": "2018-06-04", "userURL": "http://user.17k.com/61311841", "userReview": "\u597d\u770b\uff0c\u5927\u5927\u52a0\u6cb9\u66f4\u65b0\uff0c\u8ffd\u66f4\u256d(\u256f\u03b5\u2570)\u256e"}, {"userName": "\u5929\u95e8\u4e1c\u4e1c\u4e1c", "userReviewDate": "2018-05-30", "userURL": "http://user.17k.com/59565460", "userReview": "\u6536\u85cf\uff0c\u52a0\u6cb9\u52a0\u6cb9"}, {"userName": "\u6c5f\u6cb3\u4e4b\u4e3b", "userReviewDate": "2018-05-29", "userURL": "http://user.17k.com/61470247", "userReview": "\u4e0d\u9519\uff0c\u5927\u5927\u52a0\u6cb9\u3002\u770b\u597d\u4f60"}, {"userName": "17K\u4e66\u53cbpxopxpls", "userReviewDate": "2018-05-28", "userURL": "http://user.17k.com/62264813", "userReview": "\u53ef\u4ee5\uff0c\u53ef\u4ee5\u5f88\u65b0\u9896\uff0c\u52a0\u6cb9\uff01"}, {"userName": "AA\u5c0f\u59ae\u5b50AA", "userReviewDate": "2018-05-24", "userURL": "http://user.17k.com/62022717", "userReview": "\u7b7e\u5230\u6253\u5361\uff0c\u5927\u5927\u52a0\u6cb9\uff01"}, {"userName": "AA\u5c0f\u59ae\u5b50AA", "userReviewDate": "2018-05-21", "userURL": "http://user.17k.com/62022717", "userReview": "\u5f88\u559c\u6b22\uff0c\u5927\u5927\u52a0\u6cb9\uff01"}, {"userName": "\u661f\u7a7a\u591c\u68a6\u58f9", "userReviewDate": "2018-04-13", "userURL": "http://user.17k.com/58116533", "userReview": "<span style='color:red'>\u661f\u7a7a\u6765\u770b\u4e66\u4e86\uff0c\u8ba2\u9605\u65b0\u7ae0\uff0c\u529b\u633a\u5927\u5927\uff0c\u52a0\u6cb9\u5171\u52c9\u5566\uff01</span>"}, {"userName": "\u591c\u9b45\u661f\u8fb0\u672c\u5c0a", "userReviewDate": "2018-04-06", "userURL": "http://user.17k.com/15601070", "userReview": "<span style='color:black'>\u5f88\u4e0d\u9519\uff0c\u6536\u85cf\u652f\u6301</span>"}, {"userName": "\u5fae\u8f9e\u5c0f\u59d0\u59d0", "userReviewDate": "2018-04-06", "userURL": "http://user.17k.com/60459923", "userReview": "\u6536\u85cf\u52a0\u6cb9"}, {"userName": "\u8d75\u7ffc512282253", "userReviewDate": "2018-04-06", "userURL": "http://user.17k.com/58784118", "userReview": "\u770b\u4e66\u652f\u6301\uff0c\u52a0\u6cb9\u5171\u52c9"}, {"userName": "\u8d75\u7ffc512282253", "userReviewDate": "2018-04-03", "userURL": "http://user.17k.com/58784118", "userReview": "\u52a0\u6cb9\u2196(^\u03c9^)\u2197"}, {"userName": "\u6211\u662f\u65e7\u624b\u673a", "userReviewDate": "2018-04-01", "userURL": "http://user.17k.com/44670478", "userReview": "\u652f\u6301\u652f\u6301\uff01"}, {"userName": "\u6708\u843d\u68a6\u8ffd\u5fc6", "userReviewDate": "2018-04-01", "userURL": "http://user.17k.com/57478135", "userReview": "\u5199\u4e66\u4e0d\u6613\uff0c\u8ffd\u5fc6\u524d\u6765\u52a9\u9635\uff0c\u5f3a\u52bf\u652f\u6301"}], "description": "\u4ed6\u7ee7\u627f\u4e86\u9057\u4ea7\uff0c\u4e5f\u7ee7\u627f\u4e86\u7231\u60c5\u3002\u3000\u3000\u5982\u6709\u6765\u751f\uff0c\u8bf7\u8bb0\u5f97\u7231\u6211\u3002", "title": "\u60c5\u7cdc", "url": "http://www.17k.com/book/2797708.html", "average": -1.0, "cover": "http://img.17k.com/images/bookcover/2018/13988/69/2797708-1522245134000.jpg", "reviews": 27599, "authors": [{"url": "http://www.17k.com/zuozhe/60516411", "name": "\u5b89\u5206\u5c0f\u7ea2\u5e3d"}], "type": ["\u73b0\u5b9e\u7ecf\u5386"], "outlinks": ["http://www.17k.com/book/2794982.html", "http://www.17k.com/book/2801292.html", "http://www.17k.com/book/2816318.html", "http://www.17k.com/book/2797575.html", "http://www.17k.com/book/2802516.html", "http://www.17k.com/book/2812195.html", "http://www.17k.com/book/2820143.html", "http://www.17k.com/book/2807943.html", "http://www.17k.com/book/2813457.html", "http://www.17k.com/book/2798058.html", "http://www.17k.com/book/2815617.html", "http://www.17k.com/book/2805259.html", "http://www.17k.com/book/2760255.html", "http://www.17k.com/book/2686894.html", "http://www.17k.com/book/2797016.html", "http://www.17k.com/book/2767246.html", "http://www.17k.com/book/2764239.html", "http://www.17k.com/book/2754498.html", "http://www.17k.com/book/2754900.html", "http://www.17k.com/book/2625740.html", "http://www.17k.com/book/2213315.html", "http://www.17k.com/book/2402178.html", "http://www.17k.com/book/2691221.html", "http://www.17k.com/book/2210699.html", "http://www.17k.com/book/1797752.html", "http://www.17k.com/book/2575507.html", "http://www.17k.com/book/2705181.html", "http://www.17k.com/book/2702539.html", "http://www.17k.com/book/2474887.html", "http://www.17k.com/book/2674733.html", "http://www.17k.com/book/2822076.html", "http://www.17k.com/book/2809894.html", "http://www.17k.com/book/2822077.html", "http://www.17k.com/book/2811930.html", "http://www.17k.com/book/2815548.html", "http://www.17k.com/book/2819620.html", "http://www.17k.com/book/2809964.html", "http://www.17k.com/book/2808200.html", "http://www.17k.com/book/2820100.html", "http://www.17k.com/book/2822978.html", "http://www.17k.com/book/2804337.html", "http://www.17k.com/book/2798814.html", "http://www.17k.com/book/2785153.html", "http://www.17k.com/book/2731559.html", "http://www.17k.com/book/2722533.html", "http://www.17k.com/book/2458377.html", "http://www.17k.com/book/2743300.html", "http://www.17k.com/book/973809.html", "http://www.17k.com/book/2651367.html", "http://www.17k.com/book/2726194.html", "http://www.17k.com/book/2790214.html", "http://www.17k.com/book/493239.html", "http://www.17k.com/book/108821.html", "http://www.17k.com/book/1398783.html", "http://www.17k.com/book/83528.html", "http://www.17k.com/book/1859126.html", "http://www.17k.com/book/1741975.html", "http://www.17k.com/book/192453.html", "http://www.17k.com/book/2459058.html", "http://www.17k.com/book/1050747.html", "http://www.17k.com/book/2700315.html", "http://www.17k.com/book/2818940.html", "http://www.17k.com/book/2819519.html", "http://www.17k.com/book/2816390.html", "http://www.17k.com/book/2819588.html", "http://www.17k.com/book/2813768.html", "http://www.17k.com/book/2822406.html", "http://www.17k.com/book/2772164.html", "http://www.17k.com/book/2784023.html", "http://www.17k.com/book/2811877.html", "http://www.17k.com/book/2809119.html", "http://www.17k.com/book/2803700.html", "http://www.17k.com/book/2819561.html", "http://www.17k.com/book/2746506.html", "http://www.17k.com/book/2811836.html", "http://www.17k.com/book/2614810.html", "http://www.17k.com/book/1592435.html", "http://www.17k.com/book/1949748.html", "http://www.17k.com/book/2265802.html", "http://www.17k.com/book/2743240.html", "http://www.17k.com/book/2657437.html", "http://www.17k.com/book/2644502.html", "http://www.17k.com/book/2199900.html", "http://www.17k.com/book/2725436.html", "http://www.17k.com/book/2629978.html"]}