{"ratings": -1, "userreviews": [{"userName": "\u9694\u58c1\u8001\u9f9a", "userReviewDate": "2018-02-12", "userURL": "http://user.17k.com/55254170", "userReview": "<a target='_blank' href='http://www.17k.com/book/2510711.html'>\u300a\u6218\u4e89\u7684\u6b4c\u300b</a>\u4f5c\u8005\u6765\u8bbf\uff0c\u8fd9\u662f\u4e00\u4e2a\u672a\u6765\u7684\u6545\u4e8b\uff0c\u63cf\u5199\u7684\u662f\u4e00\u6bb5\u4f20\u5947\uff0c\u5e0c\u671b\u5927\u5bb6\u591a\u591a\u6367\u573a\uff0c\u8c22\u8c22"}, {"userName": "\u9ec4\u74dc\u7684\u5bbf\u547d", "userReviewDate": "2018-02-10", "userURL": "http://user.17k.com/53195742", "userReview": "<a target='_blank' href='http://www.17k.com/book/2377865.html'>\u300a\u81f3\u9738\u82cd\u751f\u8bc0\u300b</a>\u6765\u8bbf\uff0c\u6c42\u652f\u6301\u6c42\u6269\u6563\uff0c\u87f9\u87f9\u3002"}, {"userName": "Cydeny", "userReviewDate": "2018-02-06", "userURL": "http://user.17k.com/59813749", "userReview": "\u8fd8\u597d\u5427\uff0c\u4e0d\u8fc7\uff0c\u600e\u4e48\u6709\u9519\u522b\u5b57"}, {"userName": "\u5b64\u541b\u516e", "userReviewDate": "2017-12-28", "userURL": "http://user.17k.com/59024009", "userReview": "<a target='_blank' href='http://www.17k.com/book/2745330.html'>\u300a\u9b3c\u51a5\u5c40\u300b</a>\u6765\u8bbf"}, {"userName": "\u675c\u963f\u67ab", "userReviewDate": "2017-11-28", "userURL": "http://user.17k.com/44234414", "userReview": "<span style='color:black'>\u65b0\u4eba\u643a<a target='_blank' href='http://www.17k.com/book/2659347.html'>\u300a\u5c0f\u57ce\u8be1\u6848\u5f55\u300b</a>\u524d\u6765\u62dc\u8bbf\uff0c\u4e5f\u5e0c\u671b\u5927\u5927\u53ef\u4ee5\u56de\u8bbf\u6307\u6559\uff0c\u6709\u5bf9\u60ac\u7591\u63a8\u7406\u611f\u5174\u8da3\u7684\u670b\u53cb\u53ef\u4ee5\u652f\u6301\u4e00\u4e0b\uff0c\u5404\u4f4d\u65e9\u5b89</span>"}, {"userName": "\u674e\u65e0\u547d", "userReviewDate": "2017-11-25", "userURL": "http://user.17k.com/57024055", "userReview": "\u5927\u5927\u4f5c\u5bb6\u4f60\u597d\uff0c<a target='_blank' href='http://www.17k.com/book/2654528.html'>\u300a\u51a5\u5929\u697c\u300b</a>\u501f\u8d35\u5b9d\u5730\u6253\u4e2a\u5e7f\u544a\uff0c\u671b\u541b\u83ab\u8981\u4ecb\u610f\uff0c\u4e5f\u5e0c\u671b\u5404\u4f4d\u4e66\u53cb\u80fd\u6765\u6367\u6367\u573a\uff0c\u611f\u8c22\uff01..."}, {"userName": "17K\u4e66\u53cbooakw7z2", "userReviewDate": "2017-11-07", "userURL": "http://user.17k.com/57690216", "userReview": "\u5199\u7684\u5f88\u597d\uff0c\u52a0\u6cb9\u3002<a target='_blank' href='http://www.17k.com/book/2662281.html'>\u300a\u672b\u4e16\u4e4b\u6740\u51fa\u66d9\u5149\u300b</a>\u524d\u6765\u62dc\u8bbf\uff0c\u559c\u6b22\u672b\u4e16\u7684\u670b\u53cb\u53ef\u4ee5\u6765\u770b\u770b\uff0c\u5199\u4e66\u4e0d\u6613\uff0c\u671b\u4e92\u52c9\u3002"}, {"userName": "\u674e\u65e0\u547d", "userReviewDate": "2017-10-26", "userURL": "http://user.17k.com/57024055", "userReview": "\u5927\u5927\u5199\u5f97\u771f\u597d\uff0c<a target='_blank' href='http://www.17k.com/book/2654528.html'>\u300a\u51a5\u5929\u697c\u300b</a>\u6765\u770b\u4e66\uff0c\u76fc\u56de\u8bbf\u2026"}, {"userName": "\u2606\u90dd\u91d1\u592e\u2606", "userReviewDate": "2017-10-04", "userURL": "http://user.17k.com/56908115", "userReview": "\u4e0d\u9519\u4e0d\u9519\uff0c\u6709\u65f6\u95f4\u4e5f\u6765\u770b\u4e00\u770b\u6211\u7684<a target='_blank' href='http://www.17k.com/book/2626950.html'>\u300a\u4ea1\u9b42\u7075\u300b</a>\u5427\u3002"}, {"userName": "\u675c\u963f\u67ab", "userReviewDate": "2017-09-17", "userURL": "http://user.17k.com/44234414", "userReview": "\u5f88\u559c\u6b22\u8fd9\u672c\u4e66\uff0c\u5199\u7684\u771f\u7684\u5f88\u68d2\u3002\u65b0\u4eba\u643a<a target='_blank' href='http://www.17k.com/book/2659347.html'>\u300a\u5c0f\u57ce\u8be1\u6848\u5f55\u300b</a>\u524d\u6765\u62dc\u8bbf\uff0c\u4e5f\u5e0c\u671b\u5927\u5927\u53ef\u4ee5\u56de\u8bbf\u6307\u6559\uff0c\u6709\u5bf9\u60ac\u7591\u63a8\u7406\u611f\u5174\u8da3\u7684\u670b\u53cb\u53ef\u4ee5\u652f\u6301\u4e00\u4e0b\u65b0\u4eba\u54df"}, {"userName": "\u6253\u52fe\u52fe\u7684\u978b", "userReviewDate": "2017-08-31", "userURL": "http://user.17k.com/34569495", "userReview": "<span style='color:red'>\u6bcf\u65e5\u4e00\u8bb0\uff0c<a target='_blank' href='http://www.17k.com/book/2639853.html'>\u300a\u91cd\u751f\u4e4b\u6212\u4e4b\u7f18\u300b</a>\u662f\u4e00\u672c\u597d\u4e66\uff0c\u5e94\u8be5\u51fa\u73b0\u5728\u4f60\u7684\u65e5\u8bb0\u4e0a\uff0c\u4f60\u5e94\u8be5\u53bb\u770b\u770b\u3002\u5927\u5927\u2014\u2014</span>"}, {"userName": "\u79f0\u5e1d\u5f00\u59cb", "userReviewDate": "2017-07-25", "userURL": "http://user.17k.com/52707243", "userReview": "[\u6253\u8d4f]\u6211\u6253\u8d4f\u4e861\u5143\u7ea2\u5305\uff01\uff01"}, {"userName": "\u9646\u6653\u75af", "userReviewDate": "2017-07-23", "userURL": "http://user.17k.com/14776216", "userReview": "<a target='_blank' href='http://www.17k.com/book/2410552.html'>\u300a\u76d7\u4ed9\u8bb0\u300b</a>\u5b66\u4e60\uff0c\u503c\u5f97\u4e00\u770b\u3002"}, {"userName": "\u65f6\u5fc3\u82cd\u6b87", "userReviewDate": "2017-07-18", "userURL": "http://user.17k.com/49412098", "userReview": "\u611f\u89c9\u7ed3\u5c40\u6709\u70b9\u5306\u5fd9"}, {"userName": "\u6960\u6960006879292", "userReviewDate": "2017-07-01", "userURL": "http://user.17k.com/56016404", "userReview": "\u5f88\u6050\u6016\u5417\uff0c \u5bd2\u51b7 | | | \uff0f\u2312\u30fd\u3001 \uff08 (,,\uff9f\u0414\uff9f)\uff09 \uff0f \uff3c \uff0f \uff3c &quot;\u301c\uff5e\uff5e\uff5e\uff5e\uff5e\uff5e&quot;&quot;"}, {"userName": "\u4efb\u7fbd\u900d\u9065\u5ba2", "userReviewDate": "2017-06-19", "userURL": "http://user.17k.com/43706410", "userReview": "\u5f02\u95fb\u77e5\u591a\u5c11\u524d\u6765\u819c\u62dc"}, {"userName": "\u5510\u91ca\u660e\u6708", "userReviewDate": "2017-06-02", "userURL": "http://user.17k.com/54804303", "userReview": "\u4e0d\u9519\uff0c\u6709\u7a7a\u770b\u770b<a target='_blank' href='http://www.17k.com/book/2467884.html'>\u300a\u81f4\u547d\u6162\u9012\u300b</a>\u3002"}, {"userName": "\u6d3b\u7740\u8270\u96be", "userReviewDate": "2017-06-01", "userURL": "http://user.17k.com/54891764", "userReview": "<a target='_blank' href='http://www.17k.com/book/2488852.html'>\u300a\u9752\u5188\u68d2\u300b</a>\u6765\u8bbf\uff0c\u671b\u5927\u5bb6\u591a\u591a\u652f\u6301\u5bfb\u5b9d\u5c0f\u8bf4\uff0c\u8c22\u8c22\uff01"}, {"userName": "\u9e7f\u8fc7\u5bd2\u820d", "userReviewDate": "2017-06-01", "userURL": "http://user.17k.com/50140633", "userReview": "\u65e9\u4e0a\u597d\uff0c\u5927\u5927"}, {"userName": "\u6768\u559c\u559c", "userReviewDate": "2017-05-30", "userURL": "http://user.17k.com/51276140", "userReview": "<a target='_blank' href='http://www.17k.com/book/2242824.html'>\u300a\u4e7e\u5764\u5f55\u4e4b\u4e1c\u9e70\u300b</a>\u503c\u5f97\u4e00\u770b"}], "description": "\u90a3\u5929\u8ddf\u5144\u5f1f\u53bb\u5305\u591c\uff0c\u6211\u603b\u89c9\u5f97\u7f51\u5427\u91cc\u4e0d\u592a\u5bf9\u52b2\u2026\u2026", "title": "\u60ca\u609a\u65e5\u8bb0", "url": "http://www.17k.com/book/1860436.html", "average": -1.0, "cover": "http://img.17k.com/images/bookcover/2016/9302/46/1860436-1464339248000.jpg", "reviews": 1244631, "authors": [{"url": "http://www.17k.com/zuozhe/46493056", "name": "\u8be1\u6765\u54af"}], "type": ["\u7075\u5f02\u5947\u8c08"], "outlinks": ["http://www.17k.com/book/2794982.html", "http://www.17k.com/book/2801292.html", "http://www.17k.com/book/2816318.html", "http://www.17k.com/book/2797575.html", "http://www.17k.com/book/2802516.html", "http://www.17k.com/book/2812195.html", "http://www.17k.com/book/2820143.html", "http://www.17k.com/book/2807943.html", "http://www.17k.com/book/2813457.html", "http://www.17k.com/book/2798058.html", "http://www.17k.com/book/2815617.html", "http://www.17k.com/book/2805259.html", "http://www.17k.com/book/2760255.html", "http://www.17k.com/book/2686894.html", "http://www.17k.com/book/2797016.html", "http://www.17k.com/book/2767246.html", "http://www.17k.com/book/2764239.html", "http://www.17k.com/book/2754498.html", "http://www.17k.com/book/2754900.html", "http://www.17k.com/book/2625740.html", "http://www.17k.com/book/2213315.html", "http://www.17k.com/book/2402178.html", "http://www.17k.com/book/2691221.html", "http://www.17k.com/book/2210699.html", "http://www.17k.com/book/1797752.html", "http://www.17k.com/book/2575507.html", "http://www.17k.com/book/2705181.html", "http://www.17k.com/book/2702539.html", "http://www.17k.com/book/2474887.html", "http://www.17k.com/book/2674733.html", "http://www.17k.com/book/2822076.html", "http://www.17k.com/book/2809894.html", "http://www.17k.com/book/2822077.html", "http://www.17k.com/book/2811930.html", "http://www.17k.com/book/2815548.html", "http://www.17k.com/book/2819620.html", "http://www.17k.com/book/2809964.html", "http://www.17k.com/book/2808200.html", "http://www.17k.com/book/2820100.html", "http://www.17k.com/book/2822978.html", "http://www.17k.com/book/2804337.html", "http://www.17k.com/book/2798814.html", "http://www.17k.com/book/2785153.html", "http://www.17k.com/book/2731559.html", "http://www.17k.com/book/2722533.html", "http://www.17k.com/book/2458377.html", "http://www.17k.com/book/2743300.html", "http://www.17k.com/book/973809.html", "http://www.17k.com/book/2651367.html", "http://www.17k.com/book/2726194.html", "http://www.17k.com/book/2790214.html", "http://www.17k.com/book/493239.html", "http://www.17k.com/book/108821.html", "http://www.17k.com/book/1398783.html", "http://www.17k.com/book/83528.html", "http://www.17k.com/book/1859126.html", "http://www.17k.com/book/1741975.html", "http://www.17k.com/book/192453.html", "http://www.17k.com/book/2459058.html", "http://www.17k.com/book/1050747.html", "http://www.17k.com/book/2700315.html", "http://www.17k.com/book/2818940.html", "http://www.17k.com/book/2819519.html", "http://www.17k.com/book/2816390.html", "http://www.17k.com/book/2819588.html", "http://www.17k.com/book/2813768.html", "http://www.17k.com/book/2822406.html", "http://www.17k.com/book/2772164.html", "http://www.17k.com/book/2784023.html", "http://www.17k.com/book/2811877.html", "http://www.17k.com/book/2809119.html", "http://www.17k.com/book/2803700.html", "http://www.17k.com/book/2819561.html", "http://www.17k.com/book/2746506.html", "http://www.17k.com/book/2811836.html", "http://www.17k.com/book/2614810.html", "http://www.17k.com/book/1592435.html", "http://www.17k.com/book/1949748.html", "http://www.17k.com/book/2265802.html", "http://www.17k.com/book/2743240.html", "http://www.17k.com/book/2657437.html", "http://www.17k.com/book/2644502.html", "http://www.17k.com/book/2199900.html", "http://www.17k.com/book/2725436.html", "http://www.17k.com/book/2629978.html"]}