{"ratings": -1, "userreviews": [{"userName": "\u4f2a\u62121", "userReviewDate": "2014-08-21", "userURL": "http://user.17k.com/14762977", "userReview": "<span style='color:red'>\u65b0\u4e66\u5f00\u4e86\uff0c\u79c9\u627f\u4e00\u8d2f\u98ce\u683c\uff0c\u5ef6\u7eed\u90fd\u5e02\u70ed\u8840\uff0c<a target='_blank' href='http://www.17k.com/book/963814.html'>\u300a\u6211\u5c31\u662f\u4f20\u5947\u300b</a>\uff0c\u7ef4\u548c\u90e8\u961f\u7684\u76c6\u53cb\uff0c\u53ef\u4ee5\u8f6c\u79fb\u9635\u5730\u4e86\uff0c\u9644\u4e0a\u94fe\u63a5\uff1ahttp://www.17k.com/book/963814.html</span>"}, {"userName": "\u7ef4\u548c\u90e8\u961f\u2606\u821e\u5ae3", "userReviewDate": "2014-05-04", "userURL": "http://user.17k.com/14971912", "userReview": "<span style='color:green'>\u795e\u8bf4\uff5e\u8981\u6709\u9152\u5427\uff0c\u4e8e\u662f\uff0c\u5c31\u6709\u4e86\u9152\u5427\uff5e\n\u55ef\u54fc\uff0c\u5c31\u662f\u8fd9\u4e2a\u6837\u5b50\u6ef4\uff5e</span>"}, {"userName": "\u7ef4\u548c\u90e8\u961f\u2605\u4e8c\u54e5", "userReviewDate": "2014-03-28", "userURL": "http://user.17k.com/12906114", "userReview": "<span style='color:red'>\u73b0\u4e3a<a target='_blank' href='http://www.17k.com/book/489705.html'>\u300a\u6211\u4eec\u90fd\u662f\u574f\u5b69\u5b50\u300b</a>\u5f81\u96c6\u957f\u8bc4\uff0c\u8981\u6c42\u5fc5\u987b\u662f\u5c0f\u8bf4\u8ddf\u8bfb\u8005\uff0c\u8bc4\u8bba\u53ef\u5206\u4e3a\u5267\u60c5\uff0c\u4eba\u7269\u4e24\u4e2a\u65b9\u9762\uff0c\u5f53\u7136\u662f\u5206\u6790\u7684\u8d8a\u900f\u5f7b\u8d8a\u597d\uff0c\u9009\u51fa\u524d\u4e09\u540d\uff0c\u7b2c\u4e00\u540d\u5956\u52b1\u5145\u503c\u73b0\u91d1\u4e00\u767e\u4e94\uff0c\u7b2c\u4e8c\u540d\u4e00\u767e\uff0c\u7b2c\u4e09\u540d\u4e94\u5341\u3002\u6b22\u8fce\u6765\u8bc4\uff01\uff01\uff01\uff01\u4e3a\u671f\u4e24\u4e2a\u6708\uff0c\u5f97\u5956\u8bfb\u8005\u4e00\u5468\u5185\u5f97\u5230\u5956\u52b1\u3002</span>"}, {"userName": "\u7ef4\u548c\u90e8\u961f\u2605\u4e03\u5b9d", "userReviewDate": "2013-03-20", "userURL": "http://user.17k.com/5947043", "userReview": "\u9f99\u5957\u8d34\uff0c\u5bb6\u4eba\u4eec\uff0c\u73b0\u5728\u5f00\u59cb\u5f81\u96c6\u9f99\u5957\uff0c\u613f\u610f\u7684\u5199\u4e0a\u59d3\u540d\u8fd8\u6709\u8be6\u7ec6\u7684\u6865\u6bb5\uff0c\u53ea\u8981\u597d\uff0c\u4f2a\u6212\u90fd\u4f1a\u53c2\u8003\uff0c\u4e89\u53d6\u5927\u5bb6\u90fd\u80fd\u51fa\u73b0\u5728\u4e66\u91cc\uff0c\u6765\u5427\uff0c\u7528\u5b9e\u9645\u884c\u52a8\u652f\u6301\u4f2a\u6212\uff0c\u6709\u94b1\u7684\u51fa\u94b1\uff0c\u5404\u79cd\u7968\u7968\uff0c\u6709\u529b\u7684\u51fa\u529b\uff0c\u5404\u79cd\u9c9c\u82b1\uff0c\u53ea\u4e3a\u4e86\u8ba9\u4f2a\u6212\u5199\u51fa\u66f4\u597d\u7684\u4e66\uff0c\u52a0\u6cb9\u6211\u4eec\u56e2\u7ed3\u8d77\u6765\uff0c\u4f2a\u6212\u662f\u6700\u68d2\u6ef4\uff0c\u652f\u6301\u4f2a\u6212\uff0c\u5927\u5bb6\u5f00\u5fc3\uff0c\u59a5\u59a5\u7684\u3002\u3002\u3002\u3002\u3002<img src='http://img.17k.com/images/face/100wx.gif' />"}, {"userName": "\u4f2a\u62121", "userReviewDate": "2013-03-17", "userURL": "http://user.17k.com/14762977", "userReview": "<span style='color:red'>\u4f20\u8bf4\u4e2d\u7684\u5e7f\u544a\u697c\u2014\u2014\u2014\u2014\u6253\u5e7f\u544a\u7684\u540c\u5b66\u2014\u2014<img src='http://img.17k.com/images/face/103ai.gif' />\u2014\u2014\u8bf7\u5230\u8fd9\u91cc\u2014\u2014\u2014\u2014\u6709\u8bbf\u5fc5\u56de\u2014\u2014\u2014\u2014\u5916\u9762\u7684\u5220\u9664\u54e6\u3002</span>"}, {"userName": "Agonii\u66ae\u5ff5", "userReviewDate": "2018-06-08", "userURL": "http://user.17k.com/56250184", "userReview": "\u8fd8\u53ef\u4ee5\u3002\u633a\u597d\u770b\u7684"}, {"userName": "&#55357;&#56467;314978613", "userReviewDate": "2018-06-07", "userURL": "http://user.17k.com/62401493", "userReview": "\u5b8c\u7f8e\u554a\uff0c\u6211\u7684\u6212\u6212"}, {"userName": "17K\u4e66\u53cb2OJTIBJA", "userReviewDate": "2018-05-28", "userURL": "http://user.17k.com/62020607", "userReview": "6666666"}, {"userName": "\u5c0f\u6735\u5b9d\u8d1d", "userReviewDate": "2018-05-26", "userURL": "http://user.17k.com/50244290", "userReview": "\u8fd8\u4f1a\u5065\u5065\u5eb7\u5eb7\u770b"}, {"userName": "\u5c0f\u6735\u5b9d\u8d1d", "userReviewDate": "2018-05-25", "userURL": "http://user.17k.com/50244290", "userReview": "\u54c8\u6839\u8fbe\u65af\u6211\u53bb"}, {"userName": "\u5c0f\u6735\u5b9d\u8d1d", "userReviewDate": "2018-05-25", "userURL": "http://user.17k.com/50244290", "userReview": "\u8be5\u516c\u53f8\u554a\u554a\u554a\u554a"}, {"userName": "\u5c0f\u6735\u5b9d\u8d1d", "userReviewDate": "2018-05-24", "userURL": "http://user.17k.com/50244290", "userReview": "bhxgjkkkl"}, {"userName": "\u5c0f\u6735\u5b9d\u8d1d", "userReviewDate": "2018-05-23", "userURL": "http://user.17k.com/50244290", "userReview": "bjkklllljh"}, {"userName": "\u5348\u591c\u4e66", "userReviewDate": "2018-05-23", "userURL": "http://user.17k.com/49155219", "userReview": "\u633a\u4f60\u6212\u6212\uff01\u4f60\u7684\u4e66\u966a\u4f34\u4e86\u6211\u5f88\u4e45\u5c31\uff01"}, {"userName": "\u79c3\u5b504192828", "userReviewDate": "2018-05-22", "userURL": "http://user.17k.com/26784996", "userReview": "\u53c8\u770b\u4e86\u4e00\u904d"}, {"userName": "\u5c0f\u6735\u5b9d\u8d1d", "userReviewDate": "2018-05-22", "userURL": "http://user.17k.com/50244290", "userReview": "\u79bb\u5f00\u5bb6\u5f88\u591a\u4e1c\u897f\u56de\u5bb6"}, {"userName": "\u5c0f\u6735\u5b9d\u8d1d", "userReviewDate": "2018-05-21", "userURL": "http://user.17k.com/50244290", "userReview": "\u54e6\u4eb2\u4f1a\u8003\u8651\u5462"}, {"userName": ".960873158", "userReviewDate": "2018-05-20", "userURL": "http://user.17k.com/61985583", "userReview": "\u6211\u5728\u5bb6\u5c45\u8bbe\u8ba1"}, {"userName": "\u5c0f\u6735\u5b9d\u8d1d", "userReviewDate": "2018-05-20", "userURL": "http://user.17k.com/50244290", "userReview": "\u5e93\u65af\u5e93\u65af\u54c8\u54c8\u54c8"}, {"userName": "\u5c0f\u6735\u5b9d\u8d1d", "userReviewDate": "2018-05-19", "userURL": "http://user.17k.com/50244290", "userReview": "\u5357\u4eac\u574e\u574e\u5777\u5777"}], "description": "\u8c28\u4ee5\u6b64\u4e66\uff0c\u7eaa\u5ff5\u901d\u53bb\u7684\u9752\u6625\u5c81\u6708\u3002\u3000\u3000\u90a3\u4e9b\u5e74\u6df7\u8fc7\u7684\u5144\u5f1f\uff0c\u5982\u4eca\u5929\u5404\u4e00\u65b9\u3002\u3000\u3000\u6709\u7684\u5a36\u59bb\u751f\u5b50\uff01\u3000\u3000\u6709\u7684\u7262\u5e95\u5750\u7a7f\uff01\u3000\u3000\u6709\u7684\u4eba\u9b3c\u6b8a\u9014\uff01\u3000\u3000\u4f5c\u8005\u4ee5\u7b2c\u4e00\u89c6\u89d2\u2014\u2014\u8bb0\u8ff0\u90a3\u4e2a\u8352\u8bde\u5e74\u4ee3\uff0c\u90a3\u4e2a\u8e81\u52a8\u7684\u9752\u6625\u3002\u3000\u3000PS\uff1a\u8ba2\u9605\u7fa4\u53f7121774420\uff08\u7533\u8bf7\u8bf7\u9644\u4e0a17K\u7684ID\uff09", "title": "\u6211\u4eec\u90fd\u662f\u574f\u5b69\u5b50", "url": "http://www.17k.com/book/489705.html", "average": -1.0, "cover": "http://img.17k.com/images/bookcover/2013/2448/12/489705-1362391945000.jpg", "reviews": 32562770, "authors": [{"url": "http://www.17k.com/zuozhe/14762977", "name": "\u4f2a\u6212"}], "type": ["\u73b0\u5b9e\u7ecf\u5386"], "outlinks": ["http://www.17k.com/book/2794982.html", "http://www.17k.com/book/2801292.html", "http://www.17k.com/book/2816318.html", "http://www.17k.com/book/2797575.html", "http://www.17k.com/book/2802516.html", "http://www.17k.com/book/2812195.html", "http://www.17k.com/book/2820143.html", "http://www.17k.com/book/2807943.html", "http://www.17k.com/book/2813457.html", "http://www.17k.com/book/2798058.html", "http://www.17k.com/book/2815617.html", "http://www.17k.com/book/2805259.html", "http://www.17k.com/book/2760255.html", "http://www.17k.com/book/2686894.html", "http://www.17k.com/book/2797016.html", "http://www.17k.com/book/2767246.html", "http://www.17k.com/book/2764239.html", "http://www.17k.com/book/2754498.html", "http://www.17k.com/book/2754900.html", "http://www.17k.com/book/2625740.html", "http://www.17k.com/book/2213315.html", "http://www.17k.com/book/2402178.html", "http://www.17k.com/book/2691221.html", "http://www.17k.com/book/2210699.html", "http://www.17k.com/book/1797752.html", "http://www.17k.com/book/2575507.html", "http://www.17k.com/book/2705181.html", "http://www.17k.com/book/2702539.html", "http://www.17k.com/book/2474887.html", "http://www.17k.com/book/2674733.html", "http://www.17k.com/book/2822076.html", "http://www.17k.com/book/2809894.html", "http://www.17k.com/book/2822077.html", "http://www.17k.com/book/2811930.html", "http://www.17k.com/book/2815548.html", "http://www.17k.com/book/2819620.html", "http://www.17k.com/book/2809964.html", "http://www.17k.com/book/2808200.html", "http://www.17k.com/book/2820100.html", "http://www.17k.com/book/2822978.html", "http://www.17k.com/book/2804337.html", "http://www.17k.com/book/2798814.html", "http://www.17k.com/book/2785153.html", "http://www.17k.com/book/2731559.html", "http://www.17k.com/book/2722533.html", "http://www.17k.com/book/2458377.html", "http://www.17k.com/book/2743300.html", "http://www.17k.com/book/973809.html", "http://www.17k.com/book/2651367.html", "http://www.17k.com/book/2726194.html", "http://www.17k.com/book/2790214.html", "http://www.17k.com/book/493239.html", "http://www.17k.com/book/108821.html", "http://www.17k.com/book/1398783.html", "http://www.17k.com/book/83528.html", "http://www.17k.com/book/1859126.html", "http://www.17k.com/book/1741975.html", "http://www.17k.com/book/192453.html", "http://www.17k.com/book/2459058.html", "http://www.17k.com/book/1050747.html", "http://www.17k.com/book/2700315.html", "http://www.17k.com/book/2818940.html", "http://www.17k.com/book/2819519.html", "http://www.17k.com/book/2816390.html", "http://www.17k.com/book/2819588.html", "http://www.17k.com/book/2813768.html", "http://www.17k.com/book/2822406.html", "http://www.17k.com/book/2772164.html", "http://www.17k.com/book/2784023.html", "http://www.17k.com/book/2811877.html", "http://www.17k.com/book/2809119.html", "http://www.17k.com/book/2803700.html", "http://www.17k.com/book/2819561.html", "http://www.17k.com/book/2746506.html", "http://www.17k.com/book/2811836.html", "http://www.17k.com/book/2614810.html", "http://www.17k.com/book/1592435.html", "http://www.17k.com/book/1949748.html", "http://www.17k.com/book/2265802.html", "http://www.17k.com/book/2743240.html", "http://www.17k.com/book/2657437.html", "http://www.17k.com/book/2644502.html", "http://www.17k.com/book/2199900.html", "http://www.17k.com/book/2725436.html", "http://www.17k.com/book/2629978.html"]}