{"ratings": -1, "userreviews": [{"userName": "\u6708\u843d\u68a6\u8ffd\u5fc6", "userReviewDate": "2018-06-02", "userURL": "http://user.17k.com/57478135", "userReview": "\u8bf7\u6536\u8ffd\u5fc6\u4e00\u8bb0\u819d\u76d6"}, {"userName": "\u8c22\u79c0\u662518905099066", "userReviewDate": "2018-05-24", "userURL": "http://user.17k.com/61630438", "userReview": "\u66f4\u65b0\u592a\u6162"}, {"userName": "\u5c0f\u526a\u5200\u3001750770183", "userReviewDate": "2018-05-20", "userURL": "http://user.17k.com/61872407", "userReview": "\u66f4\u65b0\u592a\u6162"}, {"userName": "17K\u4e66\u53cbrh7069nn", "userReviewDate": "2018-05-17", "userURL": "http://user.17k.com/60183314", "userReview": "\u652f\u6301\u3002\u3002\u3002"}, {"userName": "yaitita575233389", "userReviewDate": "2018-05-16", "userURL": "http://user.17k.com/57862521", "userReview": "\u8fd9\u672c\u4e66\u592a\u68d2\u4e86\uff01\u9f13\u52b1\u4e00\u4e0b\uff0c\u5e0c\u671b\u540e\u7eed\u66f4\u52a0\u7cbe\u5f69\uff01"}, {"userName": "yaitita", "userReviewDate": "2018-05-10", "userURL": "http://user.17k.com/11021340", "userReview": "\u8fd9\u672c\u4e66\u592a\u68d2\u4e86\uff01\u9f13\u52b1\u4e00\u4e0b\uff0c\u5e0c\u671b\u540e\u7eed\u66f4\u52a0\u7cbe\u5f69\uff01"}, {"userName": "\u5b81\u91c7\u81e3\u6700\u5e05", "userReviewDate": "2018-05-09", "userURL": "http://user.17k.com/61569342", "userReview": "\u9e3f\u96c1\u59d0\uff0c\u4e48\u4e48\u54d2\uff01"}, {"userName": "17k\u4e66\u53cblsnzk0j3n", "userReviewDate": "2018-05-08", "userURL": "http://user.17k.com/61565035", "userReview": "[\u6253\u8d4f]\u6211\u6253\u8d4f\u4e862\u5143\u7ea2\u5305\uff01\uff01"}, {"userName": "\u4f9d\u4f9d*\u54aa", "userReviewDate": "2018-04-30", "userURL": "http://user.17k.com/61344996", "userReview": "\u6295\u7968\u652f\u6301\uff0c"}, {"userName": "\u5343\u6b87\u65e0\u5c3d", "userReviewDate": "2018-04-21", "userURL": "http://user.17k.com/58184210", "userReview": "\u6295\u7968\u652f\u6301"}, {"userName": "\u5343\u6b87\u65e0\u5c3d", "userReviewDate": "2018-04-21", "userURL": "http://user.17k.com/58184210", "userReview": "\u6211\u53ea\u662f\u4e3a\u4e86\u5b66**\u7684\u6587\u98ce"}, {"userName": "Xur\u8bb8\u7136i", "userReviewDate": "2018-04-14", "userURL": "http://user.17k.com/60815500", "userReview": "\u5199\u7684\u771f\u7684\u9ed1\u4e48\u5b50\u7684\u597d\uff0c\u770b\u54ed\u6b7b\u6211\u4e86\u3002"}, {"userName": "\u51cc\u68a6\u6657", "userReviewDate": "2018-04-14", "userURL": "http://user.17k.com/56808435", "userReview": "\u5f88\u5389\u5bb3"}, {"userName": "\u5343\u6b87\u65e0\u5c3d", "userReviewDate": "2018-04-12", "userURL": "http://user.17k.com/58184210", "userReview": "\u5199\u7684\u7684\u5374\u597d"}, {"userName": "\u661f\u7a7a\u591c\u68a6\u58f9", "userReviewDate": "2018-04-11", "userURL": "http://user.17k.com/58116533", "userReview": "<span style='color:red'>\u661f\u7a7a\u6765\u4e86\uff0c\u62dc\u8bfb\u4f73\u4f5c\uff0c\u6492\u82b1\u652f\u6301\u597d\u4e66\uff0c\u4e00\u8d77\u52a0\u6cb9\u5427\uff01</span>"}, {"userName": "\u5343\u6b87\u65e0\u5c3d", "userReviewDate": "2018-04-07", "userURL": "http://user.17k.com/58184210", "userReview": "\u597d\u4e66"}, {"userName": "\u82d7\u68cb\u6dfc", "userReviewDate": "2018-03-16", "userURL": "http://user.17k.com/60130849", "userReview": "\u62dc\u8bbf\u6765\u8fdf\uff0c\u6055\u7f6a\u6055\u7f6a\uff01\u5c0f\u6708\u52a0\u6cb9\u54e6\uff01"}, {"userName": "\u6155\u6c50\u68a6", "userReviewDate": "2018-01-29", "userURL": "http://user.17k.com/37611273", "userReview": "<span style='color:red'>\u606d\u559c\u5f00\u4e66\uff01\u795d\u9e3f\u96c1\u9ad8\u98de\u65d7\u5f00\u5f97\u80dc\uff01\u9a6c\u5230\u529f\u6210\uff01\u8fd9\u672c\u83ab\u5148\u751f\u5199\u7684\u771f\u7684\u662f\u592a\u611f\u67d3\u4eba\u4e86\uff0c\u628a\u6211\u7ed9\u6c14\u7684\u554a\u2014\u2014\uff01\u90a3\u4e2a\u6df7\u86cb\u8881\u8fb0\u600e\u4e48\u4e0d\u6539\u540d\u53eb\u8881\u5730\u7206\u70b8\u5462\uff01\u53c8\u81ea\u79c1\u53c8\u574f\uff01\u771f\u662f\u6ca1\u8c01\u4e86\u2014\u2014\uff01\u4f5c\u8005\u52a0\u6cb9\uff01\u671f\u5f85\u63a5\u4e0b\u6765\u7684\u60c5\u8282\uff01\uff01\uff01</span>"}, {"userName": "\u79bb\u4eba\u671b\u5de6\u5cb8", "userReviewDate": "2018-01-27", "userURL": "http://user.17k.com/36508205", "userReview": "[\u6253\u8d4f]\u6211\u6253\u8d4f\u4e8688\u5143\u7ea2\u5305\uff01\uff01"}, {"userName": "\u79bb\u4eba\u671b\u5de6\u5cb8", "userReviewDate": "2018-01-27", "userURL": "http://user.17k.com/36508205", "userReview": "\u6c99\u53d1\u662f\u6211\u7684\uff0c\u52a0\u6cb9\u54e6\uff0c\u4e48\u4e48\u54d2~~"}], "description": "\u672a\u5a5a\u592b\u51fa\u8f68\uff0c\u5e26\u7740\u62a5\u590d\u5fc3\u7406\uff0c\u6211\u52fe\u642d\u4e0a\u4e86\u4e00\u4e2a\u6709\u6743\u6709\u52bf\u7684\u9760\u5c71\u3002\u3000\u3000\u9760\u5c71\u5e2e\u6211\u8e22\u5f00\u4e86\u6e23\u7537\uff0c\u4fdd\u4f4f\u4e86\u623f\u4ea7\uff0c\u8fd8\u5e2e\u6211\u8d70\u51fa\u4e86\u5931\u604b\u7684\u9634\u5f71\uff0c\u6211\u4ee5\u4e3a\u6211\u7684\u7231\u60c5\u5373\u5c06\u534e\u4e3d\u9006\u8f6c\uff0c\u4e0d\u60f3\uff0c\u8fd9\u4e00\u5207\u53ea\u662f\u4e00\u573a\u84c4\u8c0b\u5df2\u4e45\u7684\u7cbe\u5fc3\u7b97\u8ba1\u3002\u3000\u3000\u201c\u65e2\u7136\u4e0d\u7231\u6211\uff0c\u4e3a\u4ec0\u4e48\u8fd8\u8981\u5e2e\u6211\uff01\u201d\u3000\u3000\u201c\u56e0\u4e3a\u4ed6\u62a2\u8d70\u4e86\u6211\u7231\u7684\u5973\u4eba\u3002\u201d\u3000\u3000\u540e\u6765\uff0c\u6211\u624d\u77e5\u9053\uff0c\u539f\u6765\u9760\u5c71\u4f1a\u5012\uff0c\u7537\u4eba\u4f1a\u8dd1\uff0c\u5f53\u6211\u6536\u56de\u81ea\u5df1\u7684\u771f\u5fc3\uff0c\u5c01\u95ed\u611f\u60c5\u7684\u65f6\u5019\uff0c\u4ed6\u53c8\u7a81\u7136\u51fa\u73b0\u5728\u4e86\u6211\u7684\u9762\u524d\uff0c\u5e26\u7740\u72fc\u72c8\u4e0e\u4e5e\u6c42\u3002\u3000\u3000\u201c\u628a\u4f60\u7684\u771f\u5fc3\u8fd8\u7ed9\u6211\uff0c\u597d\u4e0d\u597d\uff1f\u201d", "title": "\u6211\u4eb2\u7231\u7684\u83ab\u5148\u751f", "url": "http://www.17k.com/book/2764925.html", "average": -1.0, "cover": "http://img.17k.com/images/bookcover/2018/13824/69/2764925-1516957866000.jpg", "reviews": 59168, "authors": [{"url": "http://www.17k.com/zuozhe/38176596", "name": "\u9e3f\u96c1\u9ad8\u98de"}], "type": ["\u73b0\u5b9e\u7ecf\u5386"], "outlinks": ["http://www.17k.com/book/2794982.html", "http://www.17k.com/book/2801292.html", "http://www.17k.com/book/2816318.html", "http://www.17k.com/book/2797575.html", "http://www.17k.com/book/2802516.html", "http://www.17k.com/book/2812195.html", "http://www.17k.com/book/2820143.html", "http://www.17k.com/book/2807943.html", "http://www.17k.com/book/2813457.html", "http://www.17k.com/book/2798058.html", "http://www.17k.com/book/2815617.html", "http://www.17k.com/book/2805259.html", "http://www.17k.com/book/2760255.html", "http://www.17k.com/book/2686894.html", "http://www.17k.com/book/2797016.html", "http://www.17k.com/book/2767246.html", "http://www.17k.com/book/2764239.html", "http://www.17k.com/book/2754498.html", "http://www.17k.com/book/2754900.html", "http://www.17k.com/book/2625740.html", "http://www.17k.com/book/2213315.html", "http://www.17k.com/book/2402178.html", "http://www.17k.com/book/2691221.html", "http://www.17k.com/book/2210699.html", "http://www.17k.com/book/1797752.html", "http://www.17k.com/book/2575507.html", "http://www.17k.com/book/2705181.html", "http://www.17k.com/book/2702539.html", "http://www.17k.com/book/2474887.html", "http://www.17k.com/book/2674733.html", "http://www.17k.com/book/2822076.html", "http://www.17k.com/book/2809894.html", "http://www.17k.com/book/2822077.html", "http://www.17k.com/book/2811930.html", "http://www.17k.com/book/2815548.html", "http://www.17k.com/book/2819620.html", "http://www.17k.com/book/2809964.html", "http://www.17k.com/book/2808200.html", "http://www.17k.com/book/2820100.html", "http://www.17k.com/book/2822978.html", "http://www.17k.com/book/2804337.html", "http://www.17k.com/book/2798814.html", "http://www.17k.com/book/2785153.html", "http://www.17k.com/book/2731559.html", "http://www.17k.com/book/2722533.html", "http://www.17k.com/book/2458377.html", "http://www.17k.com/book/2743300.html", "http://www.17k.com/book/973809.html", "http://www.17k.com/book/2651367.html", "http://www.17k.com/book/2726194.html", "http://www.17k.com/book/2790214.html", "http://www.17k.com/book/493239.html", "http://www.17k.com/book/108821.html", "http://www.17k.com/book/1398783.html", "http://www.17k.com/book/83528.html", "http://www.17k.com/book/1859126.html", "http://www.17k.com/book/1741975.html", "http://www.17k.com/book/192453.html", "http://www.17k.com/book/2459058.html", "http://www.17k.com/book/1050747.html", "http://www.17k.com/book/2700315.html", "http://www.17k.com/book/2818940.html", "http://www.17k.com/book/2819519.html", "http://www.17k.com/book/2816390.html", "http://www.17k.com/book/2819588.html", "http://www.17k.com/book/2813768.html", "http://www.17k.com/book/2822406.html", "http://www.17k.com/book/2772164.html", "http://www.17k.com/book/2784023.html", "http://www.17k.com/book/2811877.html", "http://www.17k.com/book/2809119.html", "http://www.17k.com/book/2803700.html", "http://www.17k.com/book/2819561.html", "http://www.17k.com/book/2746506.html", "http://www.17k.com/book/2811836.html", "http://www.17k.com/book/2614810.html", "http://www.17k.com/book/1592435.html", "http://www.17k.com/book/1949748.html", "http://www.17k.com/book/2265802.html", "http://www.17k.com/book/2743240.html", "http://www.17k.com/book/2657437.html", "http://www.17k.com/book/2644502.html", "http://www.17k.com/book/2199900.html", "http://www.17k.com/book/2725436.html", "http://www.17k.com/book/2629978.html"]}