{"ratings": -1, "userreviews": [{"userName": "\u866b\u513f\u975e\u975e", "userReviewDate": "2018-05-13", "userURL": "http://user.17k.com/57550383", "userReview": "\u652f\u6301\uff0c\u770b\u597d\u4e66\uff01"}, {"userName": "\u8015\u8bb7\u658b\u4e3b", "userReviewDate": "2018-05-10", "userURL": "http://user.17k.com/53122581", "userReview": "\u4e0d\u5f97\u4e0d\u670d\u8bed\u65f6\u4fa6\u63a2\uff0c1558\u7ae0\u4e86\u3002"}, {"userName": "\u8df3\u72fc\u725b", "userReviewDate": "2018-04-20", "userURL": "http://user.17k.com/56917653", "userReview": "\u501f\u5927\u795e\u8d35\u5b9d\u5730\u7ed9\u81ea\u5df1\u6253\u4e2a\u5e7f\u544a<a target='_blank' href='http://www.17k.com/book/2811535.html'>\u300a\u9634\u9633\u4fee\u4ed9\u8def\u300b</a>\u5e0c\u671b\u5927\u5bb6\u652f\u6301\uff01"}, {"userName": "\u81f3\u540c", "userReviewDate": "2018-04-13", "userURL": "http://user.17k.com/42347855", "userReview": "\u597d\u4e66\u3002\u652f\u6301\u4f5c\u8005\u3002\u52a0\u6cb9\u3002"}, {"userName": "\u8015\u8bb7\u658b\u4e3b", "userReviewDate": "2018-04-02", "userURL": "http://user.17k.com/53122581", "userReview": "1500\u591a\u7ae0\u4e86\uff0c\u725b\u903c\uff0c\u6211\u8981\u7ee7\u7eed\u8bfb\u4e0b\u53bb"}, {"userName": "\u5bc2\u5bde\u963f\u4e1c", "userReviewDate": "2018-03-14", "userURL": "http://user.17k.com/45287434", "userReview": "\u5e26<a target='_blank' href='http://www.17k.com/book/2792681.html'>\u300a\u5320\u6cd5\u300b</a>\u5320\u6cd5\u6765\u8bbf\u559c\u6b22\u7075\u5f02\u5c0f\u8bf4\u7684\u670b\u53cb\u53ef\u4ee5\u770b\u4e00\u4e0b"}, {"userName": "\u65af\u6587\u732b\u965b\u4e0b", "userReviewDate": "2018-03-12", "userURL": "http://user.17k.com/37764708", "userReview": "\u5927\u795e\u52a0\u6cb9\uff0c\u62dc\u8bfb\u5b66\u4e60\u4e86\uff0c"}, {"userName": "\u9694\u58c1\u8001\u9f9a", "userReviewDate": "2018-02-12", "userURL": "http://user.17k.com/55254170", "userReview": "<a target='_blank' href='http://www.17k.com/book/2510711.html'>\u300a\u6218\u4e89\u7684\u6b4c\u300b</a>\u4f5c\u8005\u6765\u8bbf\uff0c\u8fd9\u662f\u4e00\u4e2a\u672a\u6765\u7684\u6545\u4e8b\uff0c\u63cf\u5199\u7684\u662f\u4e00\u6bb5\u4f20\u5947\uff0c\u5e0c\u671b\u5927\u5bb6\u591a\u591a\u6367\u573a\uff0c\u8c22\u8c22"}, {"userName": "\u9ec4\u74dc\u7684\u5bbf\u547d", "userReviewDate": "2018-02-10", "userURL": "http://user.17k.com/53195742", "userReview": "<a target='_blank' href='http://www.17k.com/book/2377865.html'>\u300a\u81f3\u9738\u82cd\u751f\u8bc0\u300b</a>\u6765\u8bbf\uff0c\u6c42\u652f\u6301\u6c42\u6269\u6563\uff0c\u87f9\u87f9\u3002"}, {"userName": "\u5927\u6c5f\u9648\u8ff9", "userReviewDate": "2018-02-08", "userURL": "http://user.17k.com/59082119", "userReview": "\u3010\u4eca\u5929\u662f\u5317\u65b9\u7684\u5c0f\u5e74\uff0c\u773c\u770b\u7740\u6625\u8282\u5c06\u81f3\uff0c\u795d\u5927\u5927\u829d\u9ebb\u5f00\u82b1\u8282\u8282\u9ad8\uff0c\u4e00\u5e74\u66f4\u6bd4\u4e00\u5e74\u597d\uff01\uff01\uff01\u3011\u5927\u6c5f\u9648\u8ff9\u643a<a target='_blank' href='http://www.17k.com/book/2746787.html'>\u300a\u4f2a\u7a7f\u8d8a\u4e4b\u5446\u840c\u5b66\u9738\u8981\u9ed1\u5316\u300b</a>\u656c\u4e0a\u3002"}, {"userName": "\u8015\u8bb7\u658b\u4e3b", "userReviewDate": "2018-02-01", "userURL": "http://user.17k.com/53122581", "userReview": "\u4f60\u8fd9\u9b3c\u4fa6\u63a2\u5f53\u5f97\u7cbe\u5f69\uff0c\u5408\u4f19\u5f00\u4e2a\u4fa6\u7f09\u6240\u5982\u4f55\uff1f"}, {"userName": "\u5218\u754f\u53ef", "userReviewDate": "2018-01-27", "userURL": "http://user.17k.com/58738484", "userReview": "<a target='_blank' href='http://www.17k.com/book/2760473.html'>\u300a\u4f34\u7075\u300b</a>\u5230\u8bbf\uff0c\u9c9c\u82b1\u5949\u4e0a"}, {"userName": "A\u725b\u9b54\u738b", "userReviewDate": "2018-01-25", "userURL": "http://user.17k.com/56738425", "userReview": "\u63a8\u8350\u4e00\u672c\u60ca\u9669\u523a\u6fc0\u597d\u770b\u7684\u4e66<a target='_blank' href='http://www.17k.com/book/2728167.html'>\u300a\u6211\u548c\u5996\u517d\u6709\u4e2a\u7ea6\u4f1a\u300b</a>\uff0c\u591a\u591a\u652f\u6301\uff0c\u6765\u4e2a\u6536\u85cf!\u70b9\u51fb\u4e66\u540d\u5c31\u53ef\u4ee5\u770b\u5230\u4e66\u4e86\u3002"}, {"userName": "\u5b64\u541b\u516e", "userReviewDate": "2018-01-21", "userURL": "http://user.17k.com/59024009", "userReview": "<a target='_blank' href='http://www.17k.com/book/2745330.html'>\u300a\u9b3c\u51a5\u5c40\u300b</a>\u524d\u6765\u62dc\u8bbf"}, {"userName": "A\u725b\u9b54\u738b", "userReviewDate": "2018-01-19", "userURL": "http://user.17k.com/56738425", "userReview": "\u63a8\u8350\u4e00\u672c\u60ca\u9669\u523a\u6fc0\u597d\u770b\u7684\u4e66<a target='_blank' href='http://www.17k.com/book/2728167.html'>\u300a\u6211\u548c\u5996\u517d\u6709\u4e2a\u7ea6\u4f1a\u300b</a>\uff0c\u8bf7\u591a\u591a\u652f\u6301\uff0c\u6765\u4e2a\u6536\u85cf\u5427! \u70b9\u51fb\u4e66\u540d\u5c31\u53ef\u4ee5\u770b\u5230\u4e66\u5566\u3002"}, {"userName": "\u8015\u8bb7\u658b\u4e3b", "userReviewDate": "2018-01-19", "userURL": "http://user.17k.com/53122581", "userReview": "\u8015\u8bb7\u658b\u4e3b\u643a<a target='_blank' href='http://www.17k.com/book/2400310.html'>\u300a\u9633\u8b66\u9b3c\u63a2\u300b</a>\u652f\u6301\uff0c\u5927\u5927\u8fd9\u9b3c\u4fa6\u63a2\u5f53\u5f97\u7cbe\u5f69\u3002"}, {"userName": "kool\u6377", "userReviewDate": "2018-01-18", "userURL": "http://user.17k.com/56730892", "userReview": "\u63a8\u8350\u4e00\u672c\u597d\u770b\u7684\u4e66<a target='_blank' href='http://www.17k.com/book/2551937.html'>\u300a\u8d85\u65b0\u4eba\u300b</a>\uff0c\u8bf7\u591a\u591a\u652f\u6301\uff0c\u6765\u4e2a\u6536\u85cf\u5427\uff01"}, {"userName": "\u8d75\u5377\u5377", "userReviewDate": "2018-01-13", "userURL": "http://user.17k.com/58859113", "userReview": "\u5927\u5927\u771f\u68d2\uff0c\u5377\u5377\u5e26\u7740<a target='_blank' href='http://www.17k.com/book/2739286.html'>\u300a104\u53f7\u5b9e\u9a8c\u300b</a>\u6765\u4e86\uff0c\u5e0c\u671b\u5927\u5927\u6709\u7a7a\u80fd\u6765\u6307\u70b9\u6307\u70b9"}, {"userName": "\u5de5\u53f7\u5e7a\u4e24", "userReviewDate": "2018-01-12", "userURL": "http://user.17k.com/59178703", "userReview": "\u60ac\u7591\u529b\u4f5c<a target='_blank' href='http://www.17k.com/book/2751138.html'>\u300a\u730e\u6740\u4e09\u53f7\u9003\u72af\u300b</a>\u524d\u6765\u62dc\u8bbf"}, {"userName": "\u4e09\u8a00\u4e2d", "userReviewDate": "2018-01-08", "userURL": "http://user.17k.com/58888114", "userReview": "\u90a3\u4e9b\u602a\u8c08\u6545\u4e8b<a target='_blank' href='http://www.17k.com/book/2740247.html'>\u300a\u70b9\u7ea2\u706f\u300b</a>\u8001\u8f88\u4eba\u8bf4\uff1a\u201c\u5c0f\u9b3c\u62ac\u7eb8\u8f66\uff0c\u662f\u98d8\u4e0d\u7528\u8d70\u3002\u201d\u3002\u3002\u652f\u6301\u62dc\u8bbf"}], "description": "\u7075\u5f02\u5f81\u6587\u3000\u3000\u5929\u9053\u6709\u5e38\uff0c\u751f\u6b7b\u8f6e\u56de\u3002\u3000\u3000\u4f46\u603b\u6709\u4e9b\u51a4\u6b7b\u6789\u6b7b\u4e4b\u4eba\uff0c\u6b7b\u540e\u6028\u6c14\u6df1\u91cd\uff0c\u5316\u4e3a\u9b3c\u602a\uff0c\u4e0d\u5165\u8f6e\u56de\uff0c\u6d41\u843d\u4eba\u95f4\u3002\u3000\u3000\u800c\u6211\uff0c\u4fbf\u662f\u5e2e\u52a9\u4ed6\u4eec\u67e5\u660e\u6b7b\u56e0\uff0c\u5316\u89e3\u6028\u6c14\uff0c\u8fdb\u5165\u8f6e\u56de\u4e4b\u9053\u7684\u4eba\u3002\u3000\u3000\u4e0b\u9762\u8981\u8bf4\u7684\uff0c\u5c31\u662f\u4f5c\u4e3a\u9b3c\u4fa6\u63a2\u7684\u6211\uff0c\u5728\u8fd9\u4e9b\u5e74\u6765\u6240\u9047\u5230\u7684\u5404\u79cd\u4ee4\u4eba\u6bdb\u9aa8\u609a\u7136\u7684\u4e8b\u3002\u3000\u3000\u9b3c\u4fa6\u63a2\u2014\u2014\u859b\u5c11\u767d", "title": "\u6211\u5f53\u9b3c\u4fa6\u63a2\u90a3\u4e9b\u5e74", "url": "http://www.17k.com/book/1343963.html", "average": -1.0, "cover": "http://img.17k.com/images/bookcover/2015/6719/33/1343963-1438695450000.jpg", "reviews": 2084751, "authors": [{"url": "http://www.17k.com/zuozhe/42429225", "name": "\u8bed\u65f6\u4fa6\u63a2"}], "type": ["\u7075\u5f02\u5947\u8c08"], "outlinks": ["http://www.17k.com/book/2794982.html", "http://www.17k.com/book/2801292.html", "http://www.17k.com/book/2816318.html", "http://www.17k.com/book/2797575.html", "http://www.17k.com/book/2802516.html", "http://www.17k.com/book/2812195.html", "http://www.17k.com/book/2820143.html", "http://www.17k.com/book/2807943.html", "http://www.17k.com/book/2813457.html", "http://www.17k.com/book/2798058.html", "http://www.17k.com/book/2815617.html", "http://www.17k.com/book/2805259.html", "http://www.17k.com/book/2760255.html", "http://www.17k.com/book/2686894.html", "http://www.17k.com/book/2797016.html", "http://www.17k.com/book/2767246.html", "http://www.17k.com/book/2764239.html", "http://www.17k.com/book/2754498.html", "http://www.17k.com/book/2754900.html", "http://www.17k.com/book/2625740.html", "http://www.17k.com/book/2213315.html", "http://www.17k.com/book/2402178.html", "http://www.17k.com/book/2691221.html", "http://www.17k.com/book/2210699.html", "http://www.17k.com/book/1797752.html", "http://www.17k.com/book/2575507.html", "http://www.17k.com/book/2705181.html", "http://www.17k.com/book/2702539.html", "http://www.17k.com/book/2474887.html", "http://www.17k.com/book/2674733.html", "http://www.17k.com/book/2822076.html", "http://www.17k.com/book/2809894.html", "http://www.17k.com/book/2822077.html", "http://www.17k.com/book/2811930.html", "http://www.17k.com/book/2815548.html", "http://www.17k.com/book/2819620.html", "http://www.17k.com/book/2809964.html", "http://www.17k.com/book/2808200.html", "http://www.17k.com/book/2820100.html", "http://www.17k.com/book/2822978.html", "http://www.17k.com/book/2804337.html", "http://www.17k.com/book/2798814.html", "http://www.17k.com/book/2785153.html", "http://www.17k.com/book/2731559.html", "http://www.17k.com/book/2722533.html", "http://www.17k.com/book/2458377.html", "http://www.17k.com/book/2743300.html", "http://www.17k.com/book/973809.html", "http://www.17k.com/book/2651367.html", "http://www.17k.com/book/2726194.html", "http://www.17k.com/book/2790214.html", "http://www.17k.com/book/493239.html", "http://www.17k.com/book/108821.html", "http://www.17k.com/book/1398783.html", "http://www.17k.com/book/83528.html", "http://www.17k.com/book/1859126.html", "http://www.17k.com/book/1741975.html", "http://www.17k.com/book/192453.html", "http://www.17k.com/book/2459058.html", "http://www.17k.com/book/1050747.html", "http://www.17k.com/book/2700315.html", "http://www.17k.com/book/2818940.html", "http://www.17k.com/book/2819519.html", "http://www.17k.com/book/2816390.html", "http://www.17k.com/book/2819588.html", "http://www.17k.com/book/2813768.html", "http://www.17k.com/book/2822406.html", "http://www.17k.com/book/2772164.html", "http://www.17k.com/book/2784023.html", "http://www.17k.com/book/2811877.html", "http://www.17k.com/book/2809119.html", "http://www.17k.com/book/2803700.html", "http://www.17k.com/book/2819561.html", "http://www.17k.com/book/2746506.html", "http://www.17k.com/book/2811836.html", "http://www.17k.com/book/2614810.html", "http://www.17k.com/book/1592435.html", "http://www.17k.com/book/1949748.html", "http://www.17k.com/book/2265802.html", "http://www.17k.com/book/2743240.html", "http://www.17k.com/book/2657437.html", "http://www.17k.com/book/2644502.html", "http://www.17k.com/book/2199900.html", "http://www.17k.com/book/2725436.html", "http://www.17k.com/book/2629978.html"]}