{"ratings": -1, "userreviews": [{"userName": "\u9646\u9ca4", "userReviewDate": "2018-06-07", "userURL": "http://user.17k.com/60450705", "userReview": "\u672c\u4e66\u7fa4\u53f7\uff1a788723836\uff0c\u7fa4\u540d<a target='_blank' href='http://www.17k.com/book/494496.html'>\u300a\u4e2d\u4e8c\u75c5\u300b</a>\u4e66\u8ff7\u7fa4\uff0c\u9ebb\u74dc\u4f5c\u8005\uff0c\u5728\u7ebf\u6c34\u7fa4~"}, {"userName": "\u591c\u5c3d\u5929\u9e23672354573", "userReviewDate": "2018-06-08", "userURL": "http://user.17k.com/59645172", "userReview": "\u6709\u79cd\u62ff\u4e00\u5929\u5341\u66f4"}, {"userName": "\u6708\u843d\u68a6\u8ffd\u5fc6", "userReviewDate": "2018-06-01", "userURL": "http://user.17k.com/57478135", "userReview": "\u4f5c\u4e3a\u4e2d\u4e8c\u75c5\uff0c\u8ffd\u5fc6\u8fc7\u6765\u652f\u6301\u4e00\u4e0b\uff0c\u52a0\u6cb9o(\u2267v\u2266)o"}, {"userName": "\u5bd2\u9e26207141687", "userReviewDate": "2018-06-01", "userURL": "http://user.17k.com/62337048", "userReview": "\u963f\u6811\u52a0\u6cb9\u554a\uff01\uff01\uff01\uff01\uff01\uff01\uff01\uff01\uff01"}, {"userName": "\u79ef\u6781\u5e9f\u4eba.", "userReviewDate": "2018-05-29", "userURL": "http://user.17k.com/62317876", "userReview": "\u52a0\u6cb9"}, {"userName": "\u674e\u5e38\u9a9a", "userReviewDate": "2018-05-29", "userURL": "http://user.17k.com/56355468", "userReview": "\u5341\u5206\u4e66\u516b\u5206\u79c0"}, {"userName": "\u674e\u5e38\u9a9a", "userReviewDate": "2018-05-29", "userURL": "http://user.17k.com/56355468", "userReview": "\u8fd9\u672c\u5c0f\u8bf4\u4ee5\u6211\u9605\u5c3d\u4e09\u5343\u5c0f\u9ec4\u6587\u7684\u9605\u5386\u6765\u770b\uff0c\u4e0d\u5f97\u4e0d\u8bf4\u7684\uff0c\u7528\u8bcd\u5de5\u6574\uff0c\u4e0b\u7b14\u4e25\u8c28\u3002\u662f\u4e0d\u53ef\u591a\u5f97\u7684\u597d\u4e66"}, {"userName": "\u4e8c\u6bdb\u53d4\u4e36", "userReviewDate": "2018-05-29", "userURL": "http://user.17k.com/62307033", "userReview": "[\u6253\u8d4f]\u6211\u6253\u8d4f\u4e868\u5143\u7ea2\u5305\uff01\uff01"}, {"userName": "\u8584\u66ae\u4e91\u7fbd", "userReviewDate": "2018-05-29", "userURL": "http://user.17k.com/62306383", "userReview": "\u52a0\u6cb9\u5199\uff0c\u8fd8\u53ef\u4ee5"}], "description": "\u66fe\u7ecf\u7684\u4e2d\u4e8c\u5c11\u5e74\uff0c\u5982\u4eca\u53ea\u60f3\u63a9\u57cb\u8fc7\u53bb\u7684\u9ed1\u5386\u53f2\uff0c\u666e\u901a\u7684\u5ea6\u8fc7\u9ad8\u4e2d\u65f6\u4ee3\uff0c\u7136\u800c\u77e5\u6653\u4ed6\u8fc7\u53bb\u7684\u7f8e\u5c11\u5973\u4e00\u4e2a\u63a5\u4e00\u4e2a\u7684\u51fa\u73b0\u2014\u2014\u6f06\u9ed1\u706b\u7130\u9b54\u6cd5\u4f7f\uff1f\u90a3\u662f\u4ec0\u4e48\uff1f\u4e0d\u4e0d\u4e0d\uff0c\u6211\u624d\u4e0d\u662f\u4e2d\u4e8c\u75c5\u5462\uff01\u3000\u3000\u4f5c\u8005ps\uff1a\u4e0d\u7ba1\u4f60\u4fe1\u4e0d\u4fe1\uff0c\u8fd9\u662f\u4e00\u672c\u70ed\u8840\u6218\u6597\u7c7b\u5c0f\u8bf4", "title": "\u6211\u624d\u4e0d\u662f\u4e2d\u4e8c\u75c5\u5462", "url": "http://www.17k.com/book/2832097.html", "average": -1.0, "cover": "http://img.17k.com/images/bookcover/2018/14160/70/2832097-1528339108000.jpg", "reviews": 771, "authors": [{"url": "http://www.17k.com/zuozhe/60450705", "name": "\u9646\u9ca4"}], "type": ["\u5b85\u7cfb\u5c0f\u8bf4"], "outlinks": ["http://www.17k.com/book/2794982.html", "http://www.17k.com/book/2801292.html", "http://www.17k.com/book/2816318.html", "http://www.17k.com/book/2797575.html", "http://www.17k.com/book/2802516.html", "http://www.17k.com/book/2812195.html", "http://www.17k.com/book/2820143.html", "http://www.17k.com/book/2807943.html", "http://www.17k.com/book/2813457.html", "http://www.17k.com/book/2798058.html", "http://www.17k.com/book/2815617.html", "http://www.17k.com/book/2805259.html", "http://www.17k.com/book/2760255.html", "http://www.17k.com/book/2686894.html", "http://www.17k.com/book/2797016.html", "http://www.17k.com/book/2767246.html", "http://www.17k.com/book/2764239.html", "http://www.17k.com/book/2754498.html", "http://www.17k.com/book/2754900.html", "http://www.17k.com/book/2625740.html", "http://www.17k.com/book/2213315.html", "http://www.17k.com/book/2402178.html", "http://www.17k.com/book/2691221.html", "http://www.17k.com/book/2210699.html", "http://www.17k.com/book/1797752.html", "http://www.17k.com/book/2575507.html", "http://www.17k.com/book/2705181.html", "http://www.17k.com/book/2702539.html", "http://www.17k.com/book/2474887.html", "http://www.17k.com/book/2674733.html", "http://www.17k.com/book/2822076.html", "http://www.17k.com/book/2809894.html", "http://www.17k.com/book/2822077.html", "http://www.17k.com/book/2811930.html", "http://www.17k.com/book/2815548.html", "http://www.17k.com/book/2819620.html", "http://www.17k.com/book/2809964.html", "http://www.17k.com/book/2808200.html", "http://www.17k.com/book/2820100.html", "http://www.17k.com/book/2822978.html", "http://www.17k.com/book/2804337.html", "http://www.17k.com/book/2798814.html", "http://www.17k.com/book/2785153.html", "http://www.17k.com/book/2731559.html", "http://www.17k.com/book/2722533.html", "http://www.17k.com/book/2458377.html", "http://www.17k.com/book/2743300.html", "http://www.17k.com/book/973809.html", "http://www.17k.com/book/2651367.html", "http://www.17k.com/book/2726194.html", "http://www.17k.com/book/2790214.html", "http://www.17k.com/book/493239.html", "http://www.17k.com/book/108821.html", "http://www.17k.com/book/1398783.html", "http://www.17k.com/book/83528.html", "http://www.17k.com/book/1859126.html", "http://www.17k.com/book/1741975.html", "http://www.17k.com/book/192453.html", "http://www.17k.com/book/2459058.html", "http://www.17k.com/book/1050747.html", "http://www.17k.com/book/2700315.html", "http://www.17k.com/book/2818940.html", "http://www.17k.com/book/2819519.html", "http://www.17k.com/book/2816390.html", "http://www.17k.com/book/2819588.html", "http://www.17k.com/book/2813768.html", "http://www.17k.com/book/2822406.html", "http://www.17k.com/book/2772164.html", "http://www.17k.com/book/2784023.html", "http://www.17k.com/book/2811877.html", "http://www.17k.com/book/2809119.html", "http://www.17k.com/book/2803700.html", "http://www.17k.com/book/2819561.html", "http://www.17k.com/book/2746506.html", "http://www.17k.com/book/2811836.html", "http://www.17k.com/book/2614810.html", "http://www.17k.com/book/1592435.html", "http://www.17k.com/book/1949748.html", "http://www.17k.com/book/2265802.html", "http://www.17k.com/book/2743240.html", "http://www.17k.com/book/2657437.html", "http://www.17k.com/book/2644502.html", "http://www.17k.com/book/2199900.html", "http://www.17k.com/book/2725436.html", "http://www.17k.com/book/2629978.html"]}