{"ratings": -1, "userreviews": [{"userName": "\u6b66\u6797\u8840\u9f99", "userReviewDate": "2017-09-18", "userURL": "http://user.17k.com/33121411", "userReview": "\u5ba3\u4f20\u4e66\u8bf7\u5728\u8fd9\u91cc\u53d1\uff0c\u8c22\u8c22\u5408\u4f5c<img src='http://img.17k.com/images/face/104hei.gif' />"}, {"userName": "\u4e16\u754c\u6700\u5e95", "userReviewDate": "2018-06-08", "userURL": "http://user.17k.com/57301927", "userReview": "vip\u7ae0\u8282\u679c\u7136\u5199\u7684\u5f88huang\uff0c\u4e0d\u5f97\u4e86\uff0c\u5f88\u523a\u6fc0\uff01"}, {"userName": "\u7ec8\u6781\u5927\u5251\u795e", "userReviewDate": "2018-06-07", "userURL": "http://user.17k.com/33121442", "userReview": "\u54c7\u2299\u2200\u2299\uff01\u5230\u4e86vip\u7ae0\u8282\u5199\u7684\u597d\u9ec4\u5440\uff01"}, {"userName": "\u0645\u0631\u062d\u0628\u0627&nbsp;\u063a\u062f\u0627.", "userReviewDate": "2018-06-06", "userURL": "http://user.17k.com/62580397", "userReview": "[\u6253\u8d4f]\u6211\u6253\u8d4f\u4e861\u4e2a'\u5c0f\u5fc3\u5fc3'\uff01\uff01"}, {"userName": "\u6709\u51e0\u4eba", "userReviewDate": "2018-06-04", "userURL": "http://user.17k.com/56867208", "userReview": "[\u6253\u8d4f]\u6211\u6253\u8d4f\u4e862\u5143\u7ea2\u5305\uff01\uff01"}, {"userName": "\u5929\u3001\u4e3a\u6211\u6625\uff01", "userReviewDate": "2018-06-01", "userURL": "http://user.17k.com/62392715", "userReview": "\u600e\u4e48\u8d2d\u4e70\uff0c\u8bd5\u8bd5"}, {"userName": "\u5b89\u9759\u25aa", "userReviewDate": "2018-06-01", "userURL": "http://user.17k.com/62302542", "userReview": "\u7ed9\u5927\u54e5\u6367\u573a\u6765\u4e86"}, {"userName": "\u5b89\u9759\u25aa", "userReviewDate": "2018-06-01", "userURL": "http://user.17k.com/62302542", "userReview": "\u7ed9\u5927\u54e5\u6367\u573a\u6765\u4e86"}, {"userName": "\u5c06\u94ed\u8bb0\u4e8e\u5fc3", "userReviewDate": "2018-06-01", "userURL": "http://user.17k.com/56594089", "userReview": "[\u6253\u8d4f]\u6211\u6253\u8d4f\u4e862\u5143\u7ea2\u5305\uff01\uff01"}, {"userName": "\u6709\u51e0\u4eba", "userReviewDate": "2018-05-31", "userURL": "http://user.17k.com/56867208", "userReview": "\u95e8\u540e\u662f\u8fd9\u6837\u7684\uff1f\u8fd8\u6709\u5411\u4e0a\u7684\u9636\u68af\uff0c\u662f\u52fe\u7740\u4eba\u5f80\u4e0b\u770b\u8fd8\u6709\u4ec0\u4e48\u3002\u52a0\u6cb9\uff01"}, {"userName": "\u5317\u5e84", "userReviewDate": "2018-05-31", "userURL": "http://user.17k.com/57496771", "userReview": "La journ&eacute;e a disparu."}, {"userName": "\u7ec8\u6781\u5927\u5251\u795e", "userReviewDate": "2018-05-31", "userURL": "http://user.17k.com/33121442", "userReview": "\u52a0\u6cb9\u554a\u8840\u9f99\u5927\u5927\uff0c\u4e00\u76f4\u7ed9\u4f60\u8ba2\u9605\u5462\uff01"}, {"userName": "\u202d \u202d \u202d \u202d439095124", "userReviewDate": "2018-05-30", "userURL": "http://user.17k.com/57053624", "userReview": "[\u6253\u8d4f]\u6211\u6253\u8d4f\u4e861\u5143\u7ea2\u5305\uff01\uff01"}, {"userName": "\u6709\u51e0\u4eba", "userReviewDate": "2018-05-30", "userURL": "http://user.17k.com/56867208", "userReview": "\u5343\u4e07\u522b\u65ad\u66f4\uff0c\u5343\u4e07\uff0c\u5343\u4e07\uff01\u8981\u662f\u5728\u8fd9\u65f6\u5019\u65ad\u66f4\uff0c\u6211\u7528\u4f60\u80fd\u60f3\u51fa\u7684\u6700\u6076\u6bd2\u65b9\u5f0f\u8bc5\u5492\u4f60"}, {"userName": "17K\u4e66\u53cbQN38JT8R", "userReviewDate": "2018-05-30", "userURL": "http://user.17k.com/62335367", "userReview": "\u4f60\u7684\u5b89\u9759\u5c0f\u5f1f\u6765\u7ed9\u5927\u54e5\u6367\u573a\u4e86"}, {"userName": "\u6211\u80fd\u9001\u4f60\u56de\u5bb6\u5417\uff0c", "userReviewDate": "2018-05-29", "userURL": "http://user.17k.com/62316614", "userReview": "\u5199\u4e00\u4e2a\u53e3\u888b\u5996\u602a\u7684\u4e66"}, {"userName": "\u6709\u51e0\u4eba", "userReviewDate": "2018-05-29", "userURL": "http://user.17k.com/56867208", "userReview": "\u9ed1\u8863\u5c0f\u660e\u540c\u5b66\uff0c\u767d\u8863\u6c89\u9ed8\u9752\u5e74\uff0c\u4e0d\u7b80\u5355\u5462\u3002\u5f53\u7136\u4e3b\u89d2\u66f4\u4e0d\u7b80\u5355\u3002\u611f\u89c9\u5c31\u90d1\u6559\u6388\u6700\u7b80\u5355\uff0c\u90fd\u80fd\u542c\u5230\u4ed6\u60b2\u58f0\u5486\u54ee\u4e86\uff1a\u6211\u5e74\u7eaa\u5927\u3001\u5b66\u95ee\u591a\uff0c\u600e\u4e48\u5c31\u6ca1\u53d1\u73b0\u8eab\u8fb9\u8ddf\u4e86\u4e00\u7fa4\u201c\u602a\u7269\u201d\uff1f"}, {"userName": "\u58a8\u8354\u5c0f\u9614\u7231", "userReviewDate": "2018-05-28", "userURL": "http://user.17k.com/59778649", "userReview": "\u817b\u5bb3\u817b\u5bb3"}, {"userName": "\u6709\u51e0\u4eba", "userReviewDate": "2018-05-26", "userURL": "http://user.17k.com/56867208", "userReview": "\u771f\u4f1a\u62e3\u61d2\u513f\uff0c\u4e0d\u8fc7\u8fd9\u4e48\u6df7\u8fdb\u53bb\u662f\u4e2a\u5de7\u65b9\u513f"}, {"userName": "\u6709\u51e0\u4eba", "userReviewDate": "2018-05-25", "userURL": "http://user.17k.com/56867208", "userReview": "\u53ef\u4ee5\u6539\u88c5\u6d1b\u9633\u94f2\uff0c\u53ea\u8981\u786e\u4fdd\u6df1\u5165\u571f\u5c42\u518d\u62c9\u51fa\u6765\u65f6\u80fd\u5e26\u571f\u5c31\u884c"}], "description": "\u6211\u53ea\u662f\u751f\u6d3b\u5728\u666e\u901a\u7684\u519c\u6751\uff0c\u5f53\u6211\u53d1\u73b0\u9f99\u51e4\u4f69\u4e4b\u540e\uff0c\u5f00\u59cb\u63a2\u7d22\u6574\u4e2a\u4e16\u754c\u3002\u9047\u5230\u5f88\u591a\u4e0d\u53ef\u601d\u8bae\u7684\u4e8b\u60c5\uff0c\u8ba9\u6211\u53d1\u73b0\u8fd9\u4e16\u754c\u4e0a\u8fd8\u6709\u5f88\u591a\u672a\u77e5\u7684\u79d8\u5bc6\u3002\u3000\u3000______________________________________________________________________________________________\u3000\u3000\u5e0c\u671b\u8bfb\u8005\u5927\u5927\u591a\u591a\u652f\u6301\uff0c\u6536\u85cf\u52a0\u5165\u4e66\u67b6\u3002\u90a3\u6015\u7ed9\u4e2a\u9c9c\u82b1\u8bc4\u8bba\u4e5f\u597d\uff0c\u571f\u8c6a\u5c31\u6253\u8d4f\u70b9\u94b1\uff01\u53ef\u4ee5\u52a0\u7fa4\u4e00\u8d77\u8ba8\u8bba\uff0c\u6587\u660e\u5c0f\u8bf4\u4ea4\u6d41\u7fa4389524529\u3002", "title": "\u6211\u7684\u5947\u5f02\u6545\u4e8b", "url": "http://www.17k.com/book/2592742.html", "average": -1.0, "cover": "http://img.17k.com/images/bookcover/2017/12963/64/2592742-1501831095000.jpg", "reviews": 40980, "authors": [{"url": "http://www.17k.com/zuozhe/33121411", "name": "\u6b66\u6797\u8840\u9f99"}], "type": ["\u6050\u6016\u60ac\u7591"], "outlinks": ["http://www.17k.com/book/2794982.html", "http://www.17k.com/book/2801292.html", "http://www.17k.com/book/2816318.html", "http://www.17k.com/book/2797575.html", "http://www.17k.com/book/2802516.html", "http://www.17k.com/book/2812195.html", "http://www.17k.com/book/2820143.html", "http://www.17k.com/book/2807943.html", "http://www.17k.com/book/2813457.html", "http://www.17k.com/book/2798058.html", "http://www.17k.com/book/2815617.html", "http://www.17k.com/book/2805259.html", "http://www.17k.com/book/2760255.html", "http://www.17k.com/book/2686894.html", "http://www.17k.com/book/2797016.html", "http://www.17k.com/book/2767246.html", "http://www.17k.com/book/2764239.html", "http://www.17k.com/book/2754498.html", "http://www.17k.com/book/2754900.html", "http://www.17k.com/book/2625740.html", "http://www.17k.com/book/2213315.html", "http://www.17k.com/book/2402178.html", "http://www.17k.com/book/2691221.html", "http://www.17k.com/book/2210699.html", "http://www.17k.com/book/1797752.html", "http://www.17k.com/book/2575507.html", "http://www.17k.com/book/2705181.html", "http://www.17k.com/book/2702539.html", "http://www.17k.com/book/2474887.html", "http://www.17k.com/book/2674733.html", "http://www.17k.com/book/2822076.html", "http://www.17k.com/book/2809894.html", "http://www.17k.com/book/2822077.html", "http://www.17k.com/book/2811930.html", "http://www.17k.com/book/2815548.html", "http://www.17k.com/book/2819620.html", "http://www.17k.com/book/2809964.html", "http://www.17k.com/book/2808200.html", "http://www.17k.com/book/2820100.html", "http://www.17k.com/book/2822978.html", "http://www.17k.com/book/2804337.html", "http://www.17k.com/book/2798814.html", "http://www.17k.com/book/2785153.html", "http://www.17k.com/book/2731559.html", "http://www.17k.com/book/2722533.html", "http://www.17k.com/book/2458377.html", "http://www.17k.com/book/2743300.html", "http://www.17k.com/book/973809.html", "http://www.17k.com/book/2651367.html", "http://www.17k.com/book/2726194.html", "http://www.17k.com/book/2790214.html", "http://www.17k.com/book/493239.html", "http://www.17k.com/book/108821.html", "http://www.17k.com/book/1398783.html", "http://www.17k.com/book/83528.html", "http://www.17k.com/book/1859126.html", "http://www.17k.com/book/1741975.html", "http://www.17k.com/book/192453.html", "http://www.17k.com/book/2459058.html", "http://www.17k.com/book/1050747.html", "http://www.17k.com/book/2700315.html", "http://www.17k.com/book/2818940.html", "http://www.17k.com/book/2819519.html", "http://www.17k.com/book/2816390.html", "http://www.17k.com/book/2819588.html", "http://www.17k.com/book/2813768.html", "http://www.17k.com/book/2822406.html", "http://www.17k.com/book/2772164.html", "http://www.17k.com/book/2784023.html", "http://www.17k.com/book/2811877.html", "http://www.17k.com/book/2809119.html", "http://www.17k.com/book/2803700.html", "http://www.17k.com/book/2819561.html", "http://www.17k.com/book/2746506.html", "http://www.17k.com/book/2811836.html", "http://www.17k.com/book/2614810.html", "http://www.17k.com/book/1592435.html", "http://www.17k.com/book/1949748.html", "http://www.17k.com/book/2265802.html", "http://www.17k.com/book/2743240.html", "http://www.17k.com/book/2657437.html", "http://www.17k.com/book/2644502.html", "http://www.17k.com/book/2199900.html", "http://www.17k.com/book/2725436.html", "http://www.17k.com/book/2629978.html"]}