{"ratings": -1, "userreviews": [{"userName": "\u8096\u4e09317645207", "userReviewDate": "2018-06-02", "userURL": "http://user.17k.com/61198799", "userReview": "[\u6253\u8d4f]\u6211\u6253\u8d4f\u4e861\u4e2a'\u5c0f\u5fc3\u5fc3'\uff01\uff01"}, {"userName": "17K\u4e66\u53cbKANRWCR0", "userReviewDate": "2018-05-30", "userURL": "http://user.17k.com/62294154", "userReview": "\u600e\u4e48\u4e0d\u80fd\u770b\u4e86"}, {"userName": "\u6f2b\u5929\u661f\u8424", "userReviewDate": "2018-05-27", "userURL": "http://user.17k.com/56871683", "userReview": "\u4e0b\u5348\u597d\uff0c\u652f\u6301\u3002"}, {"userName": "17K\u4e66\u53cbcznsjtwf", "userReviewDate": "2018-05-27", "userURL": "http://user.17k.com/62214303", "userReview": "\u592a\u597d\u770b\u4e86\uff01\uff01\uff01"}, {"userName": "17K\u4e66\u53cb0lo2sa5y", "userReviewDate": "2018-05-24", "userURL": "http://user.17k.com/61481593", "userReview": "[\u6253\u8d4f]\u6211\u6253\u8d4f\u4e861\u5143\u7ea2\u5305\uff01\uff01"}, {"userName": "\u5e03\u8c37\u9e1f305067230", "userReviewDate": "2018-05-24", "userURL": "http://user.17k.com/60435218", "userReview": "[\u6253\u8d4f]\u6211\u6253\u8d4f\u4e862\u5143\u7ea2\u5305\uff01\uff01"}, {"userName": "\u51b0\u70b9\u5496\u5561218730096", "userReviewDate": "2018-05-21", "userURL": "http://user.17k.com/61919789", "userReview": "\u597d\u4e66\u554a"}, {"userName": "\u9526\u7ee3\u82b3\u83f2", "userReviewDate": "2018-05-20", "userURL": "http://user.17k.com/53849640", "userReview": "520\uff0c\u5927\u795e\u5feb\u4e50"}, {"userName": "\u533f\u540d13012115331758", "userReviewDate": "2018-05-16", "userURL": "http://user.17k.com/14796799", "userReview": "[\u6253\u8d4f]\u6211\u6253\u8d4f\u4e861\u5143\u7ea2\u5305\uff01\uff01"}, {"userName": "17K\u4e66\u53cbUIIRXQ5E", "userReviewDate": "2018-05-14", "userURL": "http://user.17k.com/61615327", "userReview": "[\u6253\u8d4f]\u6211\u6253\u8d4f\u4e862\u5143\u7ea2\u5305\uff01\uff01"}, {"userName": "\u3123\u901d\u53bb\u2570\u2606\u3077_\u901d\u53bb.....\ufe56", "userReviewDate": "2018-05-12", "userURL": "http://user.17k.com/53108576", "userReview": "<a target='_blank' href='http://www.17k.com/book/2812764.html'>\u300a\u4e5d\u5c3e\u732b\u4ed9\u300b</a>\u652f\u6301\u5927\u5927\uff01"}, {"userName": "\u7e41\u534e\u4e0d\u89c1\u5269\u4e0b\u7684\u53ea\u6709\u843d\u5bde\u2570\u2026401456334", "userReviewDate": "2018-05-05", "userURL": "http://user.17k.com/61517304", "userReview": "\u662f\u5fb7\u9aa8\u5417\uff1f?"}, {"userName": "\u5723\u9690\u5e1d\u5143", "userReviewDate": "2018-05-04", "userURL": "http://user.17k.com/57760595", "userReview": "\u7b7e\u5230\u652f\u6301"}, {"userName": "\u592e\u5b50\u5440", "userReviewDate": "2018-05-02", "userURL": "http://user.17k.com/60344960", "userReview": "\u52a0\u6cb9"}, {"userName": "\u5f90\u7acb\u56fd", "userReviewDate": "2018-05-02", "userURL": "http://user.17k.com/59486167", "userReview": "[\u6253\u8d4f]\u6211\u6253\u8d4f\u4e868\u5143\u7ea2\u5305\uff01\uff01"}, {"userName": "\u6c83\u571f456", "userReviewDate": "2018-04-30", "userURL": "http://user.17k.com/33847397", "userReview": "\u524d\u6765\u5b66\u6587\uff0c\u59d0\u59d0\u591f\u86ee\u7684\u3002"}, {"userName": "\u661f\u7a7a\u591c\u68a6\u58f9", "userReviewDate": "2018-04-27", "userURL": "http://user.17k.com/58116533", "userReview": "<span style='color:red'>\u4e66\u4e0d\u9519\uff0c\u6492\u82b1\u652f\u6301\uff0c\u52a0\u6cb9\u54e6\uff01</span>"}, {"userName": "\u9886\u609f439938683", "userReviewDate": "2018-04-26", "userURL": "http://user.17k.com/55938629", "userReview": "\u8fd8\u53ef\u4ee5\u5427\u3002"}, {"userName": "\u9886\u609f439938683", "userReviewDate": "2018-04-24", "userURL": "http://user.17k.com/55938629", "userReview": "\uff01\uff01\uff01\uff01\uff01\uff01"}, {"userName": "17K\u4e66\u53cbi7lzsrrd", "userReviewDate": "2018-04-23", "userURL": "http://user.17k.com/61186047", "userReview": "\u600e\u4e48\u8bf4\u5462\uff01\u6211\u5f88\u559c\u6b22\u7684\u7c7b\u578b\uff0c\u4e0d\u79cd\u9a6c\uff0c\u8be5\u72e0\u7684\u65f6\u5019\u4e5f\u72e0\uff0c\u505a\u4e8b\u4e0d\u5750\u4ee5\u5f85\u6bd9\uff0c\u6bd4\u8f83\u8d34\u5408\u5b9e\u9645\u3002 \u524d\u51e0\u5929\u624d\u676517K\u770b\u5c0f\u8bf4\u7684\uff0c\u4ee5\u524d\u90fd\u662f\u5728QQ\u90a3\u8fb9\uff0c\u90a3\u8fb9\u7684\u4e66\u771f\u7684\u4e0d\u582a\u5165\u76ee\u4e86\u3002 17K\u8fd9\u8fb9\u5df2\u7ecf\u770b\u8fc7\u4e24\u672c\u597d\u4e66\u4e86\uff0c\u8fd9\u662f\u7b2c\u4e8c\u672c\u3002 \u8bdd\u4e0d\u591a\u8bf4\uff0c\u652f\u6301\u4f5c\u8005\u3002"}], "description": "\u4e00\u4e2a\u8d85\u7ea7\u4f63\u5175,\u9000\u9690\u90fd\u5e02\uff0c\u4e0d\u4fee\u8fb9\u5e45\uff0c\u6e38\u620f\u4eba\u95f4\uff0c\u88ab\u59d0\u59d0\u903c\u7740\u53bb\u5979\u95fa\u871c\u7684\u516c\u53f8\u4e0a\u73ed\u5de5\u4f5c\uff0c\u7ed3\u679c\u88ab\u8fd9\u4e2a\u7f8e\u5973\u7ecf\u7406\u5f53\u6210\u662f\u6700\u8ba8\u538c\uff0c\u6700\u6d41\u6c13\uff0c\u6700\u65e0\u7528\u7684\u5927\u54b8\u9c7c\u2026\u2026", "title": "\u6211\u7684\u91ce\u86ee\u59d0\u59d0", "url": "http://www.17k.com/book/2570412.html", "average": -1.0, "cover": "http://img.17k.com/images/bookcover/2017/12852/64/2570412-1502684582000.jpg", "reviews": 1594153, "authors": [{"url": "http://www.17k.com/zuozhe/12269719", "name": "\u5510\u71ac"}], "type": ["\u90fd\u5e02\u751f\u6d3b"], "outlinks": ["http://www.17k.com/book/2794982.html", "http://www.17k.com/book/2801292.html", "http://www.17k.com/book/2816318.html", "http://www.17k.com/book/2797575.html", "http://www.17k.com/book/2802516.html", "http://www.17k.com/book/2812195.html", "http://www.17k.com/book/2820143.html", "http://www.17k.com/book/2807943.html", "http://www.17k.com/book/2813457.html", "http://www.17k.com/book/2798058.html", "http://www.17k.com/book/2815617.html", "http://www.17k.com/book/2805259.html", "http://www.17k.com/book/2760255.html", "http://www.17k.com/book/2686894.html", "http://www.17k.com/book/2797016.html", "http://www.17k.com/book/2767246.html", "http://www.17k.com/book/2764239.html", "http://www.17k.com/book/2754498.html", "http://www.17k.com/book/2754900.html", "http://www.17k.com/book/2625740.html", "http://www.17k.com/book/2213315.html", "http://www.17k.com/book/2402178.html", "http://www.17k.com/book/2691221.html", "http://www.17k.com/book/2210699.html", "http://www.17k.com/book/1797752.html", "http://www.17k.com/book/2575507.html", "http://www.17k.com/book/2705181.html", "http://www.17k.com/book/2702539.html", "http://www.17k.com/book/2474887.html", "http://www.17k.com/book/2674733.html", "http://www.17k.com/book/2822076.html", "http://www.17k.com/book/2809894.html", "http://www.17k.com/book/2822077.html", "http://www.17k.com/book/2811930.html", "http://www.17k.com/book/2815548.html", "http://www.17k.com/book/2819620.html", "http://www.17k.com/book/2809964.html", "http://www.17k.com/book/2808200.html", "http://www.17k.com/book/2820100.html", "http://www.17k.com/book/2822978.html", "http://www.17k.com/book/2804337.html", "http://www.17k.com/book/2798814.html", "http://www.17k.com/book/2785153.html", "http://www.17k.com/book/2731559.html", "http://www.17k.com/book/2722533.html", "http://www.17k.com/book/2458377.html", "http://www.17k.com/book/2743300.html", "http://www.17k.com/book/973809.html", "http://www.17k.com/book/2651367.html", "http://www.17k.com/book/2726194.html", "http://www.17k.com/book/2790214.html", "http://www.17k.com/book/493239.html", "http://www.17k.com/book/108821.html", "http://www.17k.com/book/1398783.html", "http://www.17k.com/book/83528.html", "http://www.17k.com/book/1859126.html", "http://www.17k.com/book/1741975.html", "http://www.17k.com/book/192453.html", "http://www.17k.com/book/2459058.html", "http://www.17k.com/book/1050747.html", "http://www.17k.com/book/2700315.html", "http://www.17k.com/book/2818940.html", "http://www.17k.com/book/2819519.html", "http://www.17k.com/book/2816390.html", "http://www.17k.com/book/2819588.html", "http://www.17k.com/book/2813768.html", "http://www.17k.com/book/2822406.html", "http://www.17k.com/book/2772164.html", "http://www.17k.com/book/2784023.html", "http://www.17k.com/book/2811877.html", "http://www.17k.com/book/2809119.html", "http://www.17k.com/book/2803700.html", "http://www.17k.com/book/2819561.html", "http://www.17k.com/book/2746506.html", "http://www.17k.com/book/2811836.html", "http://www.17k.com/book/2614810.html", "http://www.17k.com/book/1592435.html", "http://www.17k.com/book/1949748.html", "http://www.17k.com/book/2265802.html", "http://www.17k.com/book/2743240.html", "http://www.17k.com/book/2657437.html", "http://www.17k.com/book/2644502.html", "http://www.17k.com/book/2199900.html", "http://www.17k.com/book/2725436.html", "http://www.17k.com/book/2629978.html"]}