{"ratings": -1, "userreviews": [{"userName": "\u5434\u54e5740882116", "userReviewDate": "2018-06-08", "userURL": "http://user.17k.com/61571905", "userReview": "\u63a8\u8350\u597d\u53cb\u4e66\u7c4d\uff0c<a target='_blank' href='http://www.17k.com/book/2799180.html'>\u300a\u8f6e\u56de\u8bdb\u5929\u5f55\u300b</a>"}, {"userName": "17K\u4e66\u53cbg95gzw2x", "userReviewDate": "2018-06-08", "userURL": "http://user.17k.com/55639681", "userReview": "\u597d\u770b\u7684\u6545\u4e8b"}, {"userName": "\u6697\u51cc\u7687\u8005", "userReviewDate": "2018-06-08", "userURL": "http://user.17k.com/62426152", "userReview": "\u7687\u8005\u643a\u3010\u4e0a\u53e4\u795e\u9b54\u754c\u3011\u524d\u6765\u62dc\u8bbf\uff0c\u613f\u5927\u5927\u7684\u4e66\u8d8a\u5199\u8d8a\u597d"}, {"userName": "17K\u4e66\u53cbi0me8kvz", "userReviewDate": "2018-06-07", "userURL": "http://user.17k.com/62599779", "userReview": "good!"}, {"userName": "\uff01952816495", "userReviewDate": "2018-06-06", "userURL": "http://user.17k.com/62553332", "userReview": "\u5566\u5566\u5566\u5566\u5566"}, {"userName": "\u9752\u57ce\u5317\u6708", "userReviewDate": "2018-05-03", "userURL": "http://user.17k.com/61395220", "userReview": "<a target='_blank' href='http://www.17k.com/book/2819871.html'>\u300a\u65e0\u654c\u7684\u4fee\u4ed9\u4e4b\u8def\u300b</a>"}, {"userName": "17k\u4e66\u53cb0hdxp68y1", "userReviewDate": "2018-04-25", "userURL": "http://user.17k.com/61230463", "userReview": "\u4e0a\u67b6\u4e86\uff0c\u9876\u4e00\u4e0b\uff0c\u5148\u8ba2\u4e86\u56de\u5bb6\u518d\u770b"}, {"userName": "\u6636\u65ed\u6636\u65ed", "userReviewDate": "2018-04-25", "userURL": "http://user.17k.com/45469873", "userReview": "&nbsp;&nbsp;&nbsp; \u5f88\u62b1\u6b49\u6628\u5929\u7684\u65ad\u66f4\uff0c\u8001\u738b\u5728\u8fd9\u91cc\u7ed9\u5927\u5bb6\u66b4\u66f4\u966a\u4e0d\u662f\u4e86\uff0c\u66f4\u62b1\u6b49\u7684\u662f\u8d76\u5728\u4e0a\u67b6\u65f6\u671f\u65ad\u66f4\uff0c\u8001\u738b\u7684\u786e\u662f\u4e8c\u8d27\u4e86\uff0c\u5f88\u62b1\u6b49\uff0c\u8001\u738b\u5728\u8fd9\u91cc\u627f\u8bfa\uff0c\u82e5\u6709\u65ad\u66f4\uff0c\u5fc5\u5b9a\u66b4\u66f4\uff01"}, {"userName": "\u5357\u65b9\u591c\u96e8\u6f47\u6f47", "userReviewDate": "2018-04-17", "userURL": "http://user.17k.com/37360539", "userReview": "\u6f47\u6f47\u6765\u8bbf\uff0c\u5199\u7684\u4e0d\u9519\uff0c\u8981\u52a0\u6cb9\u54e6\uff0c\u6b22\u8fce\u8ba2\u9605\uff0c\u6253\u8d4f\uff0c\u4e48\u4e48\u54d2"}, {"userName": "\u5996\u5200051518029", "userReviewDate": "2018-04-05", "userURL": "http://user.17k.com/56673695", "userReview": "\u795e\u7ea7\u90fd\u5e02\u7ec3\u6c14\u58eb\u524d\u6765\u652f\u6301\uff0c\u4f60\u8ddf\u6211\u5199\u7684\u633a\u50cf\uff0c\u6700\u8fd1\u5728\u770b\u4f60\u7684\u4e66"}, {"userName": "\u591c\u9b45\u661f\u8fb0\u672c\u5c0a", "userReviewDate": "2018-04-05", "userURL": "http://user.17k.com/15601070", "userReview": "\u65e9\u4e0a\u597d\uff0c\u652f\u6301\u652f\u6301"}, {"userName": "\u5510\u5eb8\u5b81", "userReviewDate": "2018-04-04", "userURL": "http://user.17k.com/59073412", "userReview": "\u652f\u6301\u5927\u5927\uff0c\u665a\u5b89\uff01"}, {"userName": "\u5510\u5eb8\u5b81", "userReviewDate": "2018-04-03", "userURL": "http://user.17k.com/59073412", "userReview": "\u52a0\u6cb9\u652f\u6301"}, {"userName": "\u5e03\u60ca\u4e91\u5416", "userReviewDate": "2018-04-02", "userURL": "http://user.17k.com/60612004", "userReview": "\u4f5c\u8005\u6b65\u60ca\u4e91\u524d\u6765\u5b66\u4e60"}, {"userName": "\u5996\u5200051518029", "userReviewDate": "2018-04-02", "userURL": "http://user.17k.com/56673695", "userReview": "\u795e\u7ea7\u90fd\u5e02\u7ec3\u6c14\u58eb\u524d\u6765\u819c\u62dc"}, {"userName": "\u75de\u579a", "userReviewDate": "2018-04-01", "userURL": "http://user.17k.com/54979394", "userReview": "\u5341\u91cc\u524d\u6765\u819c\u62dc\u5927\u4f5c"}, {"userName": "\u5723\u9690\u5e1d\u5143", "userReviewDate": "2018-03-31", "userURL": "http://user.17k.com/57760595", "userReview": "\u7b7e\u5230\u652f\u6301"}, {"userName": "u\u5148\u68ee", "userReviewDate": "2018-03-30", "userURL": "http://user.17k.com/60018188", "userReview": "\u5624\u5624\u5624"}, {"userName": "\u516d\u6708\u5fae\u5c18", "userReviewDate": "2018-03-28", "userURL": "http://user.17k.com/46106801", "userReview": "\u7b7e\u5230\u6536\u85cf\uff0c\u65b0\u4eba\u9700\u8981\u5927\u795e\u63d0\u643a\uff0c\u5e0c\u671b\u56de\u8bbf\u70b9\u8bc4\u3002"}, {"userName": "\u661f\u7a7a\u591c\u68a6\u8d30", "userReviewDate": "2018-03-25", "userURL": "http://user.17k.com/58011970", "userReview": "\u8001\u738b\uff0c\u597d\u9738\u6c14\u5916\u9732\u7684\u7b14\u540d\uff0c\u4e66\u5982\u5176\u540d\uff0c\u68d2\u68d2\u54d2"}], "description": "\u5341\u516d\u5c81\u7684\u6211\u8f8d\u5b66\u4e0d\u5ff5\uff0c\u88ab\u8868\u5ac2\u597d\u5fc3\u6536\u7559\u53bb\u591c\u5e97\u4e0a\u73ed\u3002\u3000\u3000\u4e3a\u4e86\u6551\u8868\u5ac2\u6012\u63cd\u6d41\u6c13\uff0c\u5374\u95ef\u4e0b\u5927\u7978\u88ab\u5927\u4f6c\u52d2\u7d22\uff0c\u6b20\u4e0b\u5de8\u989d\u9ad8\u5229\u8d37\u3002\u3000\u3000\u9762\u5bf9\u9ad8\u5229\u8d37\u7684\u5a01\u80c1\uff0c\u6211\u4e0d\u6562\u6020\u6162\uff0c\u65f6\u523b\u6e38\u8d70\u5728\u5d29\u6e83\u7684\u8fb9\u7f18\u3002\u3000\u3000\u5728\u8fd9\u4e2a\u5f31\u8089\u5f3a\u98df\u7684\u4e16\u754c\u91cc\uff01\u53ea\u6709\u5f3a\u5927\uff01\u624d\u80fd\u5b88\u62a4\u8eab\u8fb9\u7684\u4eba\uff0c\u5b88\u62a4\u6211\u81ea\u5df1\u7684\u5c0a\u4e25\uff01\u3000\u3000\u6211\u5728\u8fd9\u6c5f\u6e56\u4e2d\u6210\u957f\uff01\u6211\u4e00\u6b65\u4e00\u6b65\u8d70\u5411\u5f3a\u5927\uff01\u6211\u4e0d\u77e5\u9053\u7684\u662f\uff0c\u539f\u6765\u65e9\u5c31\u6709\u4eba\u4e3a\u6211\u5b89\u6392\u597d\u4e86\u4e00\u5207\u3002\u3000\u3000\u4ece\u4e00\u5f00\u59cb\uff0c\u6211\u5c31\u8d70\u8fdb\u4e86\u5979\u7684\u9634\u8c0b\u2026\u2026", "title": "\u6211\u7684\u6c5f\u6e56", "url": "http://www.17k.com/book/2783263.html", "average": -1.0, "cover": "http://img.17k.com/images/bookcover/2018/13916/69/2783263-1520051828000.jpg", "reviews": 72250, "authors": [{"url": "http://www.17k.com/zuozhe/45469873", "name": "\u8d85\u8131\u7684\u8001\u738b"}], "type": ["\u90fd\u5e02\u751f\u6d3b"], "outlinks": ["http://www.17k.com/book/2794982.html", "http://www.17k.com/book/2801292.html", "http://www.17k.com/book/2816318.html", "http://www.17k.com/book/2797575.html", "http://www.17k.com/book/2802516.html", "http://www.17k.com/book/2812195.html", "http://www.17k.com/book/2820143.html", "http://www.17k.com/book/2807943.html", "http://www.17k.com/book/2813457.html", "http://www.17k.com/book/2798058.html", "http://www.17k.com/book/2815617.html", "http://www.17k.com/book/2805259.html", "http://www.17k.com/book/2760255.html", "http://www.17k.com/book/2686894.html", "http://www.17k.com/book/2797016.html", "http://www.17k.com/book/2767246.html", "http://www.17k.com/book/2764239.html", "http://www.17k.com/book/2754498.html", "http://www.17k.com/book/2754900.html", "http://www.17k.com/book/2625740.html", "http://www.17k.com/book/2213315.html", "http://www.17k.com/book/2402178.html", "http://www.17k.com/book/2691221.html", "http://www.17k.com/book/2210699.html", "http://www.17k.com/book/1797752.html", "http://www.17k.com/book/2575507.html", "http://www.17k.com/book/2705181.html", "http://www.17k.com/book/2702539.html", "http://www.17k.com/book/2474887.html", "http://www.17k.com/book/2674733.html", "http://www.17k.com/book/2822076.html", "http://www.17k.com/book/2809894.html", "http://www.17k.com/book/2822077.html", "http://www.17k.com/book/2811930.html", "http://www.17k.com/book/2815548.html", "http://www.17k.com/book/2819620.html", "http://www.17k.com/book/2809964.html", "http://www.17k.com/book/2808200.html", "http://www.17k.com/book/2820100.html", "http://www.17k.com/book/2822978.html", "http://www.17k.com/book/2804337.html", "http://www.17k.com/book/2798814.html", "http://www.17k.com/book/2785153.html", "http://www.17k.com/book/2731559.html", "http://www.17k.com/book/2722533.html", "http://www.17k.com/book/2458377.html", "http://www.17k.com/book/2743300.html", "http://www.17k.com/book/973809.html", "http://www.17k.com/book/2651367.html", "http://www.17k.com/book/2726194.html", "http://www.17k.com/book/2790214.html", "http://www.17k.com/book/493239.html", "http://www.17k.com/book/108821.html", "http://www.17k.com/book/1398783.html", "http://www.17k.com/book/83528.html", "http://www.17k.com/book/1859126.html", "http://www.17k.com/book/1741975.html", "http://www.17k.com/book/192453.html", "http://www.17k.com/book/2459058.html", "http://www.17k.com/book/1050747.html", "http://www.17k.com/book/2700315.html", "http://www.17k.com/book/2818940.html", "http://www.17k.com/book/2819519.html", "http://www.17k.com/book/2816390.html", "http://www.17k.com/book/2819588.html", "http://www.17k.com/book/2813768.html", "http://www.17k.com/book/2822406.html", "http://www.17k.com/book/2772164.html", "http://www.17k.com/book/2784023.html", "http://www.17k.com/book/2811877.html", "http://www.17k.com/book/2809119.html", "http://www.17k.com/book/2803700.html", "http://www.17k.com/book/2819561.html", "http://www.17k.com/book/2746506.html", "http://www.17k.com/book/2811836.html", "http://www.17k.com/book/2614810.html", "http://www.17k.com/book/1592435.html", "http://www.17k.com/book/1949748.html", "http://www.17k.com/book/2265802.html", "http://www.17k.com/book/2743240.html", "http://www.17k.com/book/2657437.html", "http://www.17k.com/book/2644502.html", "http://www.17k.com/book/2199900.html", "http://www.17k.com/book/2725436.html", "http://www.17k.com/book/2629978.html"]}