{"ratings": -1, "userreviews": [{"userName": "17k\u4e66\u53cbh68w1y0gy", "userReviewDate": "2018-06-08", "userURL": "http://user.17k.com/62625627", "userReview": "[\u6253\u8d4f]\u6211\u6253\u8d4f\u4e861\u4e2a'\u5c0f\u5fc3\u5fc3'\uff01\uff01"}, {"userName": "\u6b64\u6b21\u770b\u4e66\u591a\u6709\u6253\u6405", "userReviewDate": "2018-06-07", "userURL": "http://user.17k.com/62456875", "userReview": "\u548b\u505c\u66f4\u4e86\uff1f\u8fd9\u6837\u4f1a\u6389\u7c89\u7684"}, {"userName": "\u6768\u5bb6\u58f9\u5c11", "userReviewDate": "2018-06-05", "userURL": "http://user.17k.com/60578348", "userReview": "\u575a\u6301\u66f4\u65b0\u662f\u4e2a\u597d\u5b69\u5b50\uff0c\u4f46\u662f\u6768\u9759\u6021\u6709\u70b9\u770b\u4e0d\u61c2\u4e86\uff1f\uff01\u5951\u7ea6\u5728\u54ea\u91cc\u4f53\u73b0\u4e86\uff1f\u5951\u7ea6\uff0c\u6768\u9759\u6021\u770b\u5929\u8695\u571f\u8c46\u7684<a target='_blank' href='http://www.17k.com/book/670351.html'>\u300a\u6597\u7834\u82cd\u7a79\u300b</a>\u4e0a\u9762\u7684\u5951\u7ea6\u662f\u76f8\u4e92\u4f9d\u8d56\u7684\uff0c\u800c\u4e0d\u662f\u8fd9\u4e2a\u5427\uff01<a target='_blank' href='http://user.17k.com/61378636'>@\u534e\u90aa\u5c11</a>"}, {"userName": "17K\u4e66\u53cbUNKZ1WGH", "userReviewDate": "2018-06-05", "userURL": "http://user.17k.com/62348313", "userReview": "[\u6253\u8d4f]\u6211\u6253\u8d4f\u4e861\u5143\u7ea2\u5305\uff01\uff01"}, {"userName": "\u5927\u54a9Y", "userReviewDate": "2018-06-03", "userURL": "http://user.17k.com/58537297", "userReview": "\u52a0\u6cb9 \u52a0\u6cb9 \u52a0\u6cb9 \u7559\u4e0b\u811a\u5370\uff0c\u5750\u7b49\u6b64\u4e66\u6210\u795e\u3002"}, {"userName": "\u6708\u843d\u68a6\u8ffd\u5fc6", "userReviewDate": "2018-06-02", "userURL": "http://user.17k.com/57478135", "userReview": "\u62dc\u89c1\u5927\u795e"}, {"userName": "\u72c2\u60f3\u66f2\u5927\u7206\u70b8", "userReviewDate": "2018-06-02", "userURL": "http://user.17k.com/42844870", "userReview": "\u98d8\u6e3a\u7684\u5b64\u72ec\u524d\u6765\u62dc\u8bbf\uff0c\u6c42\u4e92\u85cf"}, {"userName": "\u897f\u6e56\u9f99\u738b\u7237", "userReviewDate": "2018-05-31", "userURL": "http://user.17k.com/35843180", "userReview": "\u80fd\u4e0d\u80fd\u66f4\u65b0\u5feb\u70b9\uff0c\u66f4\u65b0\u5f97\u597d\u5c11\u54e6"}, {"userName": "\u548c\u98ce\u541b", "userReviewDate": "2018-05-31", "userURL": "http://user.17k.com/35843168", "userReview": "\u4f5c\u8005\u5927\u5927\uff0c\u672c\u4eba\u65b0\u624b\u4e00\u679a,\u4f60\u7684\u4e66\u7684\u5c01\u9762\u662f\u600e\u4e48\u5236\u4f5c\u7684."}, {"userName": "\u6728\u5de7\u4e0d\u5668", "userReviewDate": "2018-05-31", "userURL": "http://user.17k.com/35843174", "userReview": "\u597d\u770b\uff0c\u6c42\u66f4\uff0c\u671f\u5f85\u66f4\u65b0\u5566~~~"}, {"userName": "\u9f99\u864e\u5c71\u987e23\u95ee", "userReviewDate": "2018-05-31", "userURL": "http://user.17k.com/35843153", "userReview": "\u817b\u5bb3\u5566\uff0c\u6b64\u4f5c\u54c1\u503c\u5f97\u63a8\u8350\uff0c\u6587\u7ae0\u5f88\u597d\u770b\u3002\u3002"}, {"userName": "lan\u5929342\u4e4b", "userReviewDate": "2018-05-31", "userURL": "http://user.17k.com/35843152", "userReview": "\u5927\u5927\u5bf9\u4eba\u7269\u5916\u8c8c\u63cf\u5199\u548c\u73af\u5883\u63cf\u5199\u90fd\u68d2\u68d2\u54d2\uff0c\u50ac\u66f4\uff01\uff01"}, {"userName": "\u706f\u82af\u6cea", "userReviewDate": "2018-05-31", "userURL": "http://user.17k.com/2146162", "userReview": "\u597d\u770b\uff0c\u597d\u770b\uff0c\u7279\u522b\u597d\u770b\u3002\u5566\u5566\u5566"}, {"userName": "\u51e1\u534143\u4e8c", "userReviewDate": "2018-05-31", "userURL": "http://user.17k.com/35843149", "userReview": "\u633a\u597d\u770b\u7684\uff0c\u66f4\u65b0\u7684\u6709\u70b9\u6162\u4e86\u3002"}, {"userName": "\u7121\u77e5\u5c0f\u6dda\u6dda", "userReviewDate": "2018-05-31", "userURL": "http://user.17k.com/1725325", "userReview": "\u4e00\u822c\u90fd\u662f\u5565\u4f1a\u66f4\u65b0\u554a\uff0c\u597d\u671f\u5f85\u4e0b\u9762\u7684\uff0c \uff0c\uff0c\uff0c\uff0c\u3002\u3002\u3002\u3002"}, {"userName": "95\u5b87\u98ce", "userReviewDate": "2018-05-31", "userURL": "http://user.17k.com/4944063", "userReview": "\u5927\u5927\u52a0\u6cb9\uff01\u7231\u4f60\u4e48\u4e48\u54d2\uff01"}, {"userName": "\u96e8\u51bb\u65f6\u95f4", "userReviewDate": "2018-05-31", "userURL": "http://user.17k.com/2084882", "userReview": "\u6765\u4eae\u4e2a\u76f8\uff0c\u795d\u6210\u7ee9\u5927\u7ea2\u3002\u6587\u5199\u7684\u4e0d\u9519\u3002"}, {"userName": "\u58a8\u8272\u5c71\u6cb3", "userReviewDate": "2018-05-31", "userURL": "http://user.17k.com/5782829", "userReview": "\u6b64\u4e66\u8d85\u8d5e\u54e6\uff5e\u4f5c\u8005\u5927\u5927\u66f4\u65b0\u5427"}, {"userName": "139932****", "userReviewDate": "2018-05-31", "userURL": "http://user.17k.com/1641548", "userReview": "\u52a0\u6cb9\u54e6~\u6211\u5f88\u559c\u6b22\u4f60\u5199\u7684\u8fd9\u672c\u4e66"}, {"userName": "\u9752\u4e4c\u9ebb\u88632112", "userReviewDate": "2018-05-31", "userURL": "http://user.17k.com/35843125", "userReview": "\u633a\u597d\u7684\uff0c\u652f\u6301"}], "description": "\u56e0\u4e3a\u6218\u53cb\u7684\u727a\u7272\u3002\u3000\u3000\u5175\u738b\u51b3\u5b9a\u9009\u62e9\u9000\u9690\u90fd\u5e02\uff0c\u53ef\u4ed6\u5374\u6ca1\u60f3\u8fc7\u2026\u2026\u3000\u3000\u8fd9\u4e0d\u8fc7\u662f\u53e6\u4e00\u4e2a\u9ebb\u70e6\u7684\u5f00\u7aef\uff0c\u751f\u6d3b\uff0c\u730e\u9047\uff0c\u9082\u9005\u7eb7\u8e0f\u800c\u6765\u3002\u3000\u3000\u8ba9\u738b\u67ab\u8868\u793a\u7537\u4eba\u5f97\u81ea\u5f3a\uff01\u3000\u3000\u5404\u4e2a\u65b9\u9762\u90fd\u5f97\u81ea\u5f3a\uff01\u3000\u3000\u5c24\u5176\u662f\u80be\u8981\u81ea\u5f3a\uff01\uff01", "title": "\u6211\u7684\u5951\u7ea6\u8001\u5a46", "url": "http://www.17k.com/book/2820100.html", "average": -1.0, "cover": "http://img.17k.com/images/bookcover/2018/14100/70/2820100-1527259218000.jpg", "reviews": 34355, "authors": [{"url": "http://www.17k.com/zuozhe/61378636", "name": "\u534e\u90aa\u5c11"}], "type": ["\u90fd\u5e02\u5f02\u80fd"], "outlinks": ["http://www.17k.com/book/2794982.html", "http://www.17k.com/book/2801292.html", "http://www.17k.com/book/2816318.html", "http://www.17k.com/book/2797575.html", "http://www.17k.com/book/2802516.html", "http://www.17k.com/book/2812195.html", "http://www.17k.com/book/2820143.html", "http://www.17k.com/book/2807943.html", "http://www.17k.com/book/2813457.html", "http://www.17k.com/book/2798058.html", "http://www.17k.com/book/2815617.html", "http://www.17k.com/book/2805259.html", "http://www.17k.com/book/2760255.html", "http://www.17k.com/book/2686894.html", "http://www.17k.com/book/2797016.html", "http://www.17k.com/book/2767246.html", "http://www.17k.com/book/2764239.html", "http://www.17k.com/book/2754498.html", "http://www.17k.com/book/2754900.html", "http://www.17k.com/book/2625740.html", "http://www.17k.com/book/2213315.html", "http://www.17k.com/book/2402178.html", "http://www.17k.com/book/2691221.html", "http://www.17k.com/book/2210699.html", "http://www.17k.com/book/1797752.html", "http://www.17k.com/book/2575507.html", "http://www.17k.com/book/2705181.html", "http://www.17k.com/book/2702539.html", "http://www.17k.com/book/2474887.html", "http://www.17k.com/book/2674733.html", "http://www.17k.com/book/2822076.html", "http://www.17k.com/book/2809894.html", "http://www.17k.com/book/2822077.html", "http://www.17k.com/book/2811930.html", "http://www.17k.com/book/2815548.html", "http://www.17k.com/book/2819620.html", "http://www.17k.com/book/2809964.html", "http://www.17k.com/book/2808200.html", "http://www.17k.com/book/2820100.html", "http://www.17k.com/book/2822978.html", "http://www.17k.com/book/2804337.html", "http://www.17k.com/book/2798814.html", "http://www.17k.com/book/2785153.html", "http://www.17k.com/book/2731559.html", "http://www.17k.com/book/2722533.html", "http://www.17k.com/book/2458377.html", "http://www.17k.com/book/2743300.html", "http://www.17k.com/book/973809.html", "http://www.17k.com/book/2651367.html", "http://www.17k.com/book/2726194.html", "http://www.17k.com/book/2790214.html", "http://www.17k.com/book/493239.html", "http://www.17k.com/book/108821.html", "http://www.17k.com/book/1398783.html", "http://www.17k.com/book/83528.html", "http://www.17k.com/book/1859126.html", "http://www.17k.com/book/1741975.html", "http://www.17k.com/book/192453.html", "http://www.17k.com/book/2459058.html", "http://www.17k.com/book/1050747.html", "http://www.17k.com/book/2700315.html", "http://www.17k.com/book/2818940.html", "http://www.17k.com/book/2819519.html", "http://www.17k.com/book/2816390.html", "http://www.17k.com/book/2819588.html", "http://www.17k.com/book/2813768.html", "http://www.17k.com/book/2822406.html", "http://www.17k.com/book/2772164.html", "http://www.17k.com/book/2784023.html", "http://www.17k.com/book/2811877.html", "http://www.17k.com/book/2809119.html", "http://www.17k.com/book/2803700.html", "http://www.17k.com/book/2819561.html", "http://www.17k.com/book/2746506.html", "http://www.17k.com/book/2811836.html", "http://www.17k.com/book/2614810.html", "http://www.17k.com/book/1592435.html", "http://www.17k.com/book/1949748.html", "http://www.17k.com/book/2265802.html", "http://www.17k.com/book/2743240.html", "http://www.17k.com/book/2657437.html", "http://www.17k.com/book/2644502.html", "http://www.17k.com/book/2199900.html", "http://www.17k.com/book/2725436.html", "http://www.17k.com/book/2629978.html"]}