{"ratings": -1, "userreviews": [{"userName": "\u6851\u4e4b\u5b81", "userReviewDate": "2016-12-15", "userURL": "http://user.17k.com/33559596", "userReview": "<span style='color:red'>\u672c\u4e66\u5b9e\u4f53\u4e66\u5df2\u51fa\uff0c\u5929\u732b\uff0c\u5e7f\u4e1c\u4eba\u6c11\u51fa\u7248\u793e\u65d7\u8230\u5e97\uff0c\u4e66\u540d<a target='_blank' href='http://www.17k.com/book/899358.html'>\u300a\u5929\u7a7a\u7684\u57ce\u300b</a>\uff0c\u8fd9\u662f\u552f\u4e00\u6b63\u7248\uff0c\u76ee\u524d\u53ea\u51fa\u6765\u524d\u4e24\u518c\uff0c\u7ea640\u4e07\u5b57\u3002\u8fd9\u6b21\u53ea\u5370\u4e869000\u518c\uff0c\u6570\u91cf\u6709\u9650\uff0c\u6b32\u8d2d\u4ece\u901f\uff01</span>"}, {"userName": "\u6851\u4e4b\u5b81", "userReviewDate": "2015-07-22", "userURL": "http://user.17k.com/33559596", "userReview": "<span style='color:red'>\u5173\u4e8e\u5766\u514b\u7684\u65b0\u4e66\u548c\u8fd9\u672c\u4e66\u7684\u5b9e\u4f53\u4e66\u51fa\u7248\u4e8b\u5b9c\uff0c\u8bf7\u5927\u5bb6\u5173\u6ce8\u5766\u514b \u7684 \u65b0\u6d6a\u5fae\u535a\uff0c\u641c\u7d22\u201c\u6211\u6709\u836f\u5356\u201d\u5373\u53ef\u627e\u5230\u5766\u514b\u3002</span>"}, {"userName": "\u9ed9\u5c0f\u91ba", "userReviewDate": "2015-02-06", "userURL": "http://user.17k.com/36619191", "userReview": "<span style='color:blue'>\u5e7f\u544a\u697c\u3002\u6240\u6709\u6765\u53d1\u5e7f\u544a\u7684\u670b\u53cb\uff0c\u8bf7\u53d1\u8fd9\u91cc\u3002\u9ed8\u5c0f\u91ba\u4f1a\u7b2c\u4e00\u65f6\u95f4\u4ee3\u66ff\u5766\u514b\u56de\u590d\u3002\u4e5f\u8bf7\u670b\u53cb\u4eec\u5173\u6ce8\u9ed8\u5c0f\u91ba\u7684\u7eaf\u7231\u5c0f\u8bf4<a target='_blank' href='http://www.17k.com/book/982907.html'>\u300a\u521d\u604b\u544a\u6025\uff0c\u8bf7\u5206\u624b\u300b</a>\uff0c\u5c0f\u8bf4\u63a5\u8fd1\u5b8c\u672c\uff0c\u4e00\u8fb9\u542c\u60b2\u60c5\u7684\u8001\u6b4c\u4e00\u8fb9\u770b\u4f1a\u5f88\u6709\u611f\u89c9\u3002</span>"}, {"userName": "\u5766\u514b\u519b\u56e2-\u4e09\u6bc1", "userReviewDate": "2014-02-27", "userURL": "http://user.17k.com/14817631", "userReview": "\u5973\u623f\u5ba2\u7684\u7ecf\u5178\u8bed\u5f55\u3001\u3001\n<a target='_blank' href='http://www.17k.com/book/753884.html'>\u300a\u6211\u768426\u5c81\u5973\u623f\u5ba2\u300b</a>\u53d1\u4e86\u4e0d\u5c11\u7cbe\u5f69\u5267\u60c5\u548c\u8bed\u8a00\uff0c\u6709\u6728\u6709\u4e00\u4e9b\u4f60\u559c\u6b22\u7684\uff1f\n\u559c\u6b22\u54ea\u53e5\u8bf7\u5728\u6b64\u8d34\u56de\u5e94\u3001\u3001\n\u4ece\u73b0\u5728\u5f00\u59cb\u3001\u3001\n\u8ba9\u6211\u4eec\u4e00\u8d77\u6765\u6536\u96c6\u8fd9\u672c\u4e66\u4e2d\u7684\u7ecf\u5178\u8bdd\u8bed\uff0c\n\u5973\u623f\u5ba2\u7ecf\u5178\u8bed\u5f55\u5c31\u6b64\u5f00\u542f\u3001\u3001\n\u4eb2\u4eec\u3001\u3001\n\u4e00\u8d77\u6765\u5427<img src='http://img.17k.com/images/face/101gx.gif' />"}, {"userName": "\u6e38\u8361\u7684\u9c7c964969980", "userReviewDate": "2018-06-08", "userURL": "http://user.17k.com/60111126", "userReview": "\u5929\u7a7a\u4e4b\u57ce\uff01\u6709\u673a\u4f1a\u518d\u8bfb\u4e00\u904d\uff01"}, {"userName": "\u660e\u4e1c269836291", "userReviewDate": "2018-06-07", "userURL": "http://user.17k.com/62594488", "userReview": "[\u6253\u8d4f]\u6211\u6253\u8d4f\u4e8627\u5143\u7ea2\u5305\uff01\uff01"}, {"userName": "17k\u4e66\u53cb1sk005cwm", "userReviewDate": "2018-06-06", "userURL": "http://user.17k.com/62436523", "userReview": "\u5fc3\u60c5\u4e0d\u77e5\u5982\u4f55\u8bf4"}, {"userName": "17K\u4e66\u53cbv43zj3ro", "userReviewDate": "2018-06-04", "userURL": "http://user.17k.com/62511252", "userReview": "[\u6253\u8d4f]\u6211\u6253\u8d4f\u4e861\u4e2a'\u5c0f\u5fc3\u5fc3'\uff01\uff01"}, {"userName": "17k\u4e66\u53cbb6cvno8q6", "userReviewDate": "2018-06-01", "userURL": "http://user.17k.com/62295555", "userReview": "\u4e3a\u4ec0\u4e48\u5206\u624b"}, {"userName": "\u661f\u67d3\uff0c\u6f4b\u6e03", "userReviewDate": "2018-05-30", "userURL": "http://user.17k.com/47663285", "userReview": "\u6211\u8fd8\u662f\u5f88\u559c\u6b22\u7b80\u8587\uff0c\u5979\u611f\u60c5\u7684\u65e0\u5948\u4ee4\u4eba\u5fc3\u75db"}, {"userName": "\u5929\u7a7a\u7684\u57ce354466210", "userReviewDate": "2018-05-28", "userURL": "http://user.17k.com/62275755", "userReview": "\u6211\u5df2\u7ecf\u5728\u770b\u7b2c\u4e09\u904d\u4e86\u3002"}, {"userName": "\u6e38\u8361\u7684\u9c7c964969980", "userReviewDate": "2018-05-28", "userURL": "http://user.17k.com/60111126", "userReview": "\u7ec8\u4e8e\u8bfb\u5b8c\u4e86\uff01"}, {"userName": "Smile230173683", "userReviewDate": "2018-05-25", "userURL": "http://user.17k.com/60953013", "userReview": "[\u6253\u8d4f]\u6211\u6253\u8d4f\u4e861\u5143\u7ea2\u5305\uff01\uff01"}, {"userName": "\u6e38\u8361\u7684\u9c7c964969980", "userReviewDate": "2018-05-25", "userURL": "http://user.17k.com/60111126", "userReview": "\u51c6\u5907\u628a\u5b83\u8bfb\u5b8c"}, {"userName": "17k\u4e66\u53cbzs24axvo3", "userReviewDate": "2018-05-24", "userURL": "http://user.17k.com/62133081", "userReview": "[\u6253\u8d4f]\u6211\u6253\u8d4f\u4e862\u5143\u7ea2\u5305\uff01\uff01"}, {"userName": "\u6e38\u8361\u7684\u9c7c964969980", "userReviewDate": "2018-05-24", "userURL": "http://user.17k.com/60111126", "userReview": "\u4e89\u53d6\u5c3d\u5feb\u8bfb\u5b8c\uff01"}, {"userName": "\u6e38\u8361\u7684\u9c7c964969980", "userReviewDate": "2018-05-22", "userURL": "http://user.17k.com/60111126", "userReview": "\u6ca1\u4e8b\u65f6\u770b\u4e00\u70b9"}, {"userName": "17k\u4e66\u53cbjns6c3l74", "userReviewDate": "2018-05-22", "userURL": "http://user.17k.com/62008396", "userReview": "[\u6253\u8d4f]\u6211\u6253\u8d4f\u4e868\u5143\u7ea2\u5305\uff01\uff01"}, {"userName": "17k\u4e66\u53cb6nscj2spz", "userReviewDate": "2018-05-22", "userURL": "http://user.17k.com/62058657", "userReview": "[\u6253\u8d4f]\u6211\u6253\u8d4f\u4e862\u5143\u7ea2\u5305\uff01\uff01"}, {"userName": "17k\u4e66\u53cbty2mv9uaa", "userReviewDate": "2018-05-21", "userURL": "http://user.17k.com/61819870", "userReview": "[\u6253\u8d4f]\u6211\u6253\u8d4f\u4e862\u5143\u7ea2\u5305\uff01\uff01"}], "description": "\u53c8\u540d\uff1a\u5929\u7a7a\u7684\u57ce\u3000\u3000\u7231\u60c5\u5230\u5e95\u662f\u4ec0\u4e48\uff0c\u53c8\u4ea7\u751f\u4f55\u5904\u5462\uff1f\u6211\u6709\u4e9b\u60f3\u4e0d\u900f\uff0c\u6216\u8bb8\u6240\u8c13\u7684\u7231\u60c5\u53ea\u662f\u4e00\u53ea\u5f69\u8272\u7684\u8774\u8776\uff0c\u770b\u8d77\u6765\u7f8e\u4e3d\uff0c\u5374\u6c38\u8fdc\u4e5f\u4e0d\u80fd\u63a5\u8fd1\uff0c\u5018\u82e5\u4f60\u771f\u7684\u60f3\u628a\u5979\u6525\u7d27\u5728\u624b\u91cc\uff0c\u5979\u4fbf\u4f1a\u6323\u624e\uff0c\u7136\u540e\u5728\u6323\u624e\u4e2d\u6469\u64e6\u6389\u4e86\u6240\u6709\u7684\u8272\u5f69\uff0c\u4ece\u6b64\u82cd\u767d\u3002\u3000\u3000\u6211\u597d\u4f3c\u6709\u70b9\u660e\u767d\uff0c\u4e3a\u4ec0\u4e48\u6211\u4f1a\u5982\u6b64\u7684\u5c0f\u5fc3\u7ffc\u7ffc\u4e86\uff0c\u56e0\u4e3a\u5bb3\u6015\u89e6\u53ca\u4e0d\u5230\u5979\u7684\u7075\u9b42\uff0c\u5374\u64e6\u6389\u4e86\u90a3\u5c42\u7f8e\u4e3d\u7684\u8272\u5f69\uff01\u3000\u3000-------------------------------------\u3000\u3000\u4e00\u4e2a\u4e09\u65e0\u7537\u4eba\u4e0e\u7f8e\u4e3d\u5973\u623f\u5ba2\u7684\u7eaf\u7231\u6545\u4e8b\u3002\u3000\u3000\u65b0\u6d6a\u5fae\u535a\uff1a\u641c\u7d22\uff08\u6211\u6709\u836f\u5356\uff09\u3000\u3000\u5fae\u4fe1\u516c\u4f17\u53f7\uff1atanke17k", "title": "\u6211\u768426\u5c81\u5973\u623f\u5ba2", "url": "http://www.17k.com/book/753884.html", "average": -1.0, "cover": "http://img.17k.com/images/bookcover/2014/3769/18/753884-1399818238000.jpg", "reviews": 142577438, "authors": [{"url": "http://www.17k.com/zuozhe/14747217", "name": "\u8d85\u7ea7\u5927\u5766\u514b\u79d1\u6bd4"}], "type": ["\u90fd\u5e02\u751f\u6d3b"], "outlinks": ["http://www.17k.com/book/2794982.html", "http://www.17k.com/book/2801292.html", "http://www.17k.com/book/2816318.html", "http://www.17k.com/book/2797575.html", "http://www.17k.com/book/2802516.html", "http://www.17k.com/book/2812195.html", "http://www.17k.com/book/2820143.html", "http://www.17k.com/book/2807943.html", "http://www.17k.com/book/2813457.html", "http://www.17k.com/book/2798058.html", "http://www.17k.com/book/2815617.html", "http://www.17k.com/book/2805259.html", "http://www.17k.com/book/2760255.html", "http://www.17k.com/book/2686894.html", "http://www.17k.com/book/2797016.html", "http://www.17k.com/book/2767246.html", "http://www.17k.com/book/2764239.html", "http://www.17k.com/book/2754498.html", "http://www.17k.com/book/2754900.html", "http://www.17k.com/book/2625740.html", "http://www.17k.com/book/2213315.html", "http://www.17k.com/book/2402178.html", "http://www.17k.com/book/2691221.html", "http://www.17k.com/book/2210699.html", "http://www.17k.com/book/1797752.html", "http://www.17k.com/book/2575507.html", "http://www.17k.com/book/2705181.html", "http://www.17k.com/book/2702539.html", "http://www.17k.com/book/2474887.html", "http://www.17k.com/book/2674733.html", "http://www.17k.com/book/2822076.html", "http://www.17k.com/book/2809894.html", "http://www.17k.com/book/2822077.html", "http://www.17k.com/book/2811930.html", "http://www.17k.com/book/2815548.html", "http://www.17k.com/book/2819620.html", "http://www.17k.com/book/2809964.html", "http://www.17k.com/book/2808200.html", "http://www.17k.com/book/2820100.html", "http://www.17k.com/book/2822978.html", "http://www.17k.com/book/2804337.html", "http://www.17k.com/book/2798814.html", "http://www.17k.com/book/2785153.html", "http://www.17k.com/book/2731559.html", "http://www.17k.com/book/2722533.html", "http://www.17k.com/book/2458377.html", "http://www.17k.com/book/2743300.html", "http://www.17k.com/book/973809.html", "http://www.17k.com/book/2651367.html", "http://www.17k.com/book/2726194.html", "http://www.17k.com/book/2790214.html", "http://www.17k.com/book/493239.html", "http://www.17k.com/book/108821.html", "http://www.17k.com/book/1398783.html", "http://www.17k.com/book/83528.html", "http://www.17k.com/book/1859126.html", "http://www.17k.com/book/1741975.html", "http://www.17k.com/book/192453.html", "http://www.17k.com/book/2459058.html", "http://www.17k.com/book/1050747.html", "http://www.17k.com/book/2700315.html", "http://www.17k.com/book/2818940.html", "http://www.17k.com/book/2819519.html", "http://www.17k.com/book/2816390.html", "http://www.17k.com/book/2819588.html", "http://www.17k.com/book/2813768.html", "http://www.17k.com/book/2822406.html", "http://www.17k.com/book/2772164.html", "http://www.17k.com/book/2784023.html", "http://www.17k.com/book/2811877.html", "http://www.17k.com/book/2809119.html", "http://www.17k.com/book/2803700.html", "http://www.17k.com/book/2819561.html", "http://www.17k.com/book/2746506.html", "http://www.17k.com/book/2811836.html", "http://www.17k.com/book/2614810.html", "http://www.17k.com/book/1592435.html", "http://www.17k.com/book/1949748.html", "http://www.17k.com/book/2265802.html", "http://www.17k.com/book/2743240.html", "http://www.17k.com/book/2657437.html", "http://www.17k.com/book/2644502.html", "http://www.17k.com/book/2199900.html", "http://www.17k.com/book/2725436.html", "http://www.17k.com/book/2629978.html"]}