{"ratings": -1, "userreviews": [{"userName": "\u7ea2\u8272\u9886\u5e26081778060", "userReviewDate": "2018-06-07", "userURL": "http://user.17k.com/61018370", "userReview": "\u9ad8\u8003\u90fd\u4e0d\u8003\u4e86\uff0c\u4eca\u5929\u643a\u5e26\u7384\u5e7b\u7a7f\u8d8a\u5c0f\u8bf4<a target='_blank' href='http://www.17k.com/book/2836052.html'>\u300a\u542f\u5143\u5927\u9646\u300b</a>\u6765\u8bbf"}, {"userName": "\u60c5\u7cfb\u3001\u305c\u8840\u5203", "userReviewDate": "2018-06-05", "userURL": "http://user.17k.com/59794198", "userReview": "\u8089mummywww"}, {"userName": "\u6267\u7b14\u4e09\u751f\u753b\u537f\u989cc", "userReviewDate": "2018-05-19", "userURL": "http://user.17k.com/61664193", "userReview": "\u5929\u9a6c\u884c\u7a7a\uff0c\u6784\u601d\u98d8\u6e3a"}, {"userName": "fox2914", "userReviewDate": "2018-05-10", "userURL": "http://user.17k.com/61644675", "userReview": "\u662f\u4e0d\u662f\u5230\u540e\u9762\u6210\u4fee\u4ed9\u7684\u4e86\uff1f"}, {"userName": "\u250f\u261e\u7ecf\u4e0d\u8d77\u226f\u7684\u8bf1\u60d1\u03c0\u2026", "userReviewDate": "2018-05-07", "userURL": "http://user.17k.com/59040572", "userReview": "\u524d\u9762\u8fd8\u884c\uff0c\u540e\u9762\u5c31\u770b\u4e0d\u61c2\u4e86\uff0c"}, {"userName": "\u8bb8\u658c846614899", "userReviewDate": "2018-04-25", "userURL": "http://user.17k.com/59132984", "userReview": "[\u6253\u8d4f]\u6211\u6253\u8d4f\u4e862\u5143\u7ea2\u5305\uff01\uff01"}, {"userName": "\u591c\u63a0\u5f71", "userReviewDate": "2018-04-21", "userURL": "http://user.17k.com/59777746", "userReview": "\u5927\u5927\u5468\u672b\u6109\u5feb\uff0c<a target='_blank' href='http://www.17k.com/book/2771167.html'>\u300a\u4e91\u4e2d\u96e8\u6a31\u82b1\u843d\u300b</a>\u524d\u6765\u62dc\u8bbf\uff01"}, {"userName": "annezxl", "userReviewDate": "2018-04-18", "userURL": "http://user.17k.com/32683140", "userReview": "\u5f88\u597d\u5f88\u597d\u5f88\u597d"}, {"userName": "1428966548", "userReviewDate": "2018-04-18", "userURL": "http://user.17k.com/13169092", "userReview": "6666666"}, {"userName": "1428966548", "userReviewDate": "2018-04-15", "userURL": "http://user.17k.com/13169092", "userReview": "66666666"}, {"userName": "\u89c1\u9f99\u5728\u7530506764081", "userReviewDate": "2018-04-13", "userURL": "http://user.17k.com/58983414", "userReview": "\uff0c\uff0c\uff0c\uff0c\uff0c\uff0c"}, {"userName": "\u8c37\u6eaa", "userReviewDate": "2018-04-13", "userURL": "http://user.17k.com/45854448", "userReview": "\u8fc7\u6765\u6b23\u8d4f\u7f8e\u6587"}, {"userName": "\u5962\uff0c\u613f", "userReviewDate": "2018-04-09", "userURL": "http://user.17k.com/60379201", "userReview": "\u52a0\u6cb9\u5427<a target='_blank' href='http://www.17k.com/book/2799180.html'>\u300a\u5343\u9762\u5723\u7956\u300b</a>"}, {"userName": "\u597d\u597d\u5b66\u4e60125486", "userReviewDate": "2018-04-09", "userURL": "http://user.17k.com/60636141", "userReview": "\uff0c"}, {"userName": "\u597d\u597d\u5b66\u4e60125486", "userReviewDate": "2018-04-07", "userURL": "http://user.17k.com/60636141", "userReview": "\uff0c"}, {"userName": "\u7b11\u4e36\u9189", "userReviewDate": "2018-03-10", "userURL": "http://user.17k.com/60273979", "userReview": "\u4e00\u8d77\u52aa\u529b<a target='_blank' href='http://www.17k.com/book/2788923.html'>\u300a\u8bf8\u7075\u6c5f\u5f52\u300b</a>\u7559"}, {"userName": "\u6d41\u5ddd\u98ce704106338", "userReviewDate": "2018-03-08", "userURL": "http://user.17k.com/59520281", "userReview": "\u9a97\u4eba\u7684\uff0c\u5305\u6708\u90fd\u770b\u4e0d\u4e86"}, {"userName": "\u5343\u9e22\u9501", "userReviewDate": "2018-03-07", "userURL": "http://user.17k.com/12884983", "userReview": "\u7b2c\u2026\u2026\u7b2c\u4e00\u6b21\u6253\u2026\u2026\u6253\u5e7f\u544a\uff0c\u522b\u6253\u6211QAQ <a target='_blank' href='http://www.17k.com/book/2734387.html'>\u300a\u5c11\u5e74\u5e1d\u738b\u7eaa\u300b</a> \u6211\u8981\u5360\u4e00\u4e2a\u5e7f\u544a\u4f4dQAQ"}, {"userName": "\u6674\u5b9d\u55f7", "userReviewDate": "2018-03-06", "userURL": "http://user.17k.com/60303365", "userReview": "\u6674\u5b9d\u5e26<a target='_blank' href='http://www.17k.com/book/2789685.html'>\u300a\u9752\u6625\u82b1\u5b63\u7684\u5b88\u671b\u300b</a>\u6765\u8bbf\uff0c\u652f\u6301\u5927\u5927\u5466~"}, {"userName": "\u8840\u96e8\u7eb7\u98de\u4eba\u51c4\u7f8e", "userReviewDate": "2018-03-06", "userURL": "http://user.17k.com/60192015", "userReview": "\u6765\u8bbf\uff0c\u819c\u62dc\uff0c\u5b66\u4e60\u52a0\u53c2\u8003\uff0c\u8c22\u8c22\uff01"}], "description": "\u9634\u5f71\u884c\u8005\uff0c\u534e\u590f\u6700\u795e\u79d8\u7684\u7ec4\u7ec7\uff0c\u4e3a\u4e86\u5b88\u62a4\u534e\u590f\u7684\u548c\u5e73\uff0c\u5e94\u5bf9\u53ef\u80fd\u51fa\u73b0\u7684\u88ad\u51fb\u548c\u72af\u7f6a\u4e8b\u4ef6\u800c\u6210\u7acb\u3002\u8eab\u4e3a\u5176\u4e2d\u4e00\u4efd\u5b50\u7684\u9648\u950b\uff0c\u6f5c\u4f0f\u5728\u90fd\u5e02\uff0c\u6210\u4e86\u4e00\u540d\u666e\u901a\u7684\u5feb\u9012\u5458\u3002\u4e00\u679aR74\u7684\u51fa\u73b0\uff0c\u8ba9\u4ed6\u534e\u4e3d\u4e3d\u7684\u4ece\u5feb\u9012\u5458\u664b\u5347\u6210\u4e86\u7f8e\u5973\u5927\u5c0f\u59d0\u7684\u8d34\u8eab\u4fdd\u9556\u3002\u3000\u3000\u8eab\u4e3a\u53e4\u6b66\u8005\u7684\u4ed6\uff0c\u811a\u8e29\u4e16\u95f4\u7684\u4e0d\u5e73\u3002\u4fa0\u809d\u4e49\u80c6\uff0c\u8eab\u8fb9\u5374\u5904\u5904\u7f8e\u5973\u73af\u7ed5\u3002\u3000\u3000\u9876\u7ea7\u6740\u624b\u60ca\u6115\uff1a\u4f60\u600e\u4e48\u8fd9\u4e48\u5389\u5bb3\uff1f\u7a76\u7adf\u662f\u4eba\u662f\u9b3c\uff01\u3000\u3000\u5404\u8272\u7f8e\u5973\u5e7d\u6028\uff1a\u4f60\u4e2a\u5c0f\u738b\u516b\u86cb\u52fe\u8d70\u4e86\u6211\u7684\u5fc3\uff01\u4f60\u5f97\u8d1f\u8d23\uff01\u3000\u3000\u5403\u74dc\u7fa4\u4f17\u65e0\u8bed\uff1a\u8fd9\u5bb6\u4f19\u8fd8\u80fd\u518d\u6050\u6016\u4e00\u70b9\u4e48\uff1f\u3000\u3000\u9648\u950b\uff1a\u6211\u672c\u60f3\u4f4e\u8c03\uff0c\u4e3a\u5565\u4e16\u4e8b\u975e\u8981\u5904\u5904\u548c\u6211\u8fc7\u4e0d\u53bb\uff1f\u6211\u672c\u4e0d\u60f3\u5f55\u4e00\u624b\uff0c\u53ef\u4f60\u4eec\u975e\u8981\u903c\u6211\u3002\u4f55\u5fc5\u5462\uff1f\u3000\u3000\u2026\u2026", "title": "\u6211\u7684\u7f8e\u5973\u6821\u82b1\u8001\u5a46", "url": "http://www.17k.com/book/2705895.html", "average": -1.0, "cover": "http://img.17k.com/images/bookcover/2018/13529/67/2705895-1516271604000.jpg", "reviews": 298892, "authors": [{"url": "http://www.17k.com/zuozhe/58116106", "name": "\u7ea2\u697c\u4e4b\u68a6"}], "type": ["\u90fd\u5e02\u751f\u6d3b"], "outlinks": ["http://www.17k.com/book/2794982.html", "http://www.17k.com/book/2801292.html", "http://www.17k.com/book/2816318.html", "http://www.17k.com/book/2797575.html", "http://www.17k.com/book/2802516.html", "http://www.17k.com/book/2812195.html", "http://www.17k.com/book/2820143.html", "http://www.17k.com/book/2807943.html", "http://www.17k.com/book/2813457.html", "http://www.17k.com/book/2798058.html", "http://www.17k.com/book/2815617.html", "http://www.17k.com/book/2805259.html", "http://www.17k.com/book/2760255.html", "http://www.17k.com/book/2686894.html", "http://www.17k.com/book/2797016.html", "http://www.17k.com/book/2767246.html", "http://www.17k.com/book/2764239.html", "http://www.17k.com/book/2754498.html", "http://www.17k.com/book/2754900.html", "http://www.17k.com/book/2625740.html", "http://www.17k.com/book/2213315.html", "http://www.17k.com/book/2402178.html", "http://www.17k.com/book/2691221.html", "http://www.17k.com/book/2210699.html", "http://www.17k.com/book/1797752.html", "http://www.17k.com/book/2575507.html", "http://www.17k.com/book/2705181.html", "http://www.17k.com/book/2702539.html", "http://www.17k.com/book/2474887.html", "http://www.17k.com/book/2674733.html", "http://www.17k.com/book/2822076.html", "http://www.17k.com/book/2809894.html", "http://www.17k.com/book/2822077.html", "http://www.17k.com/book/2811930.html", "http://www.17k.com/book/2815548.html", "http://www.17k.com/book/2819620.html", "http://www.17k.com/book/2809964.html", "http://www.17k.com/book/2808200.html", "http://www.17k.com/book/2820100.html", "http://www.17k.com/book/2822978.html", "http://www.17k.com/book/2804337.html", "http://www.17k.com/book/2798814.html", "http://www.17k.com/book/2785153.html", "http://www.17k.com/book/2731559.html", "http://www.17k.com/book/2722533.html", "http://www.17k.com/book/2458377.html", "http://www.17k.com/book/2743300.html", "http://www.17k.com/book/973809.html", "http://www.17k.com/book/2651367.html", "http://www.17k.com/book/2726194.html", "http://www.17k.com/book/2790214.html", "http://www.17k.com/book/493239.html", "http://www.17k.com/book/108821.html", "http://www.17k.com/book/1398783.html", "http://www.17k.com/book/83528.html", "http://www.17k.com/book/1859126.html", "http://www.17k.com/book/1741975.html", "http://www.17k.com/book/192453.html", "http://www.17k.com/book/2459058.html", "http://www.17k.com/book/1050747.html", "http://www.17k.com/book/2700315.html", "http://www.17k.com/book/2818940.html", "http://www.17k.com/book/2819519.html", "http://www.17k.com/book/2816390.html", "http://www.17k.com/book/2819588.html", "http://www.17k.com/book/2813768.html", "http://www.17k.com/book/2822406.html", "http://www.17k.com/book/2772164.html", "http://www.17k.com/book/2784023.html", "http://www.17k.com/book/2811877.html", "http://www.17k.com/book/2809119.html", "http://www.17k.com/book/2803700.html", "http://www.17k.com/book/2819561.html", "http://www.17k.com/book/2746506.html", "http://www.17k.com/book/2811836.html", "http://www.17k.com/book/2614810.html", "http://www.17k.com/book/1592435.html", "http://www.17k.com/book/1949748.html", "http://www.17k.com/book/2265802.html", "http://www.17k.com/book/2743240.html", "http://www.17k.com/book/2657437.html", "http://www.17k.com/book/2644502.html", "http://www.17k.com/book/2199900.html", "http://www.17k.com/book/2725436.html", "http://www.17k.com/book/2629978.html"]}