{"ratings": -1, "userreviews": [{"userName": "\u5434\u54e5740882116", "userReviewDate": "2018-06-08", "userURL": "http://user.17k.com/61571905", "userReview": "\u63a8\u8350\u597d\u53cb\u4e66\u7c4d\uff0c<a target='_blank' href='http://www.17k.com/book/2799180.html'>\u300a\u8f6e\u56de\u8bdb\u5929\u5f55\u300b</a>"}, {"userName": "\u7ea2\u8272\u9886\u5e26081778060", "userReviewDate": "2018-06-07", "userURL": "http://user.17k.com/61018370", "userReview": "\u9ad8\u8003\u90fd\u4e0d\u8003\u4e86\uff0c\u4eca\u5929\u643a\u5e26<a target='_blank' href='http://www.17k.com/book/2836052.html'>\u300a\u542f\u5143\u5927\u9646\u300b</a>\u6765\u8bbf"}, {"userName": "A\u4e00\u54c1\u539f\u5355\u5305\u574a", "userReviewDate": "2018-06-07", "userURL": "http://user.17k.com/62548135", "userReview": "&#55357;&#56396;\u4e0d\u9519\u4e0d\u9519\u554a"}, {"userName": "17K\u4e66\u53cbKGZRA3G1", "userReviewDate": "2018-06-06", "userURL": "http://user.17k.com/61799596", "userReview": "[\u6253\u8d4f]\u6211\u6253\u8d4f\u4e861\u4e2a'\u5c0f\u5fc3\u5fc3'\uff01\uff01"}, {"userName": "17K\u4e66\u53cb7WLELY5J", "userReviewDate": "2018-05-16", "userURL": "http://user.17k.com/61848304", "userReview": "[\u6253\u8d4f]\u6211\u6253\u8d4f\u4e8618\u5143\u7ea2\u5305\uff01\uff01"}, {"userName": "17K\u4e66\u53cb7WLELY5J", "userReviewDate": "2018-05-16", "userURL": "http://user.17k.com/61848304", "userReview": "[\u6253\u8d4f]\u6211\u6253\u8d4f\u4e868\u5143\u7ea2\u5305\uff01\uff01"}], "description": "\u773c\u89c1\u4e0d\u4e00\u5b9a\u5b9e\u3002\u3000\u3000\u4f55\u4e3a\u771f\u4f55\u4e3a\u5047\uff1f\u3000\u3000\u8d1d\u591a\u82ac\u662f\u771f\u7684\u5931\u806a\u4e86\u5417\uff1f\u94bb\u77f3\u771f\u7684\u662f\u4ef7\u503c\u7a00\u6709\u5417\uff1f\u4eba\u7c7b\u767b\u6708\u662f\u771f\u5b9e\u7684\u5417\uff1f\u3000\u3000\u5c0f\u5230\u8def\u8fb9\u7684\u8857\u5934\u9a97\u5c40\uff0c\u5927\u5230\u5404\u884c\u5404\u4e1a\u7684\u535a\u5f08\u7ade\u4e89\u3002\u3000\u3000\u4e3a\u4f60\u63ed\u79d8\u5404\u79cd\u9a97\u5c40\uff0c\u8ba9\u4f60\u4e0d\u518d\u53d7\u9a97\uff01\u3000\u3000\u6b22\u8fce\u6765\u5230\u9a97\u5b50\u7684\u4e16\u754c\u3002\u3000\u3000\u6211\u53eb\u4e25\u67ab\uff0c\u6211\u662f\u4e00\u540d\u9a97\u5b50\u3002", "title": "\u6211\u7684\u53cd\u9a97\u751f\u6daf", "url": "http://www.17k.com/book/2822499.html", "average": -1.0, "cover": "http://img.17k.com/images/bookcover/2018/14112/70/2822499-1526984940000.jpg", "reviews": 2257, "authors": [{"url": "http://www.17k.com/zuozhe/61593915", "name": "\u9752\u5c71\u6d41\u6c34"}], "type": ["\u90fd\u5e02\u751f\u6d3b"], "outlinks": ["http://www.17k.com/book/2794982.html", "http://www.17k.com/book/2801292.html", "http://www.17k.com/book/2816318.html", "http://www.17k.com/book/2797575.html", "http://www.17k.com/book/2802516.html", "http://www.17k.com/book/2812195.html", "http://www.17k.com/book/2820143.html", "http://www.17k.com/book/2807943.html", "http://www.17k.com/book/2813457.html", "http://www.17k.com/book/2798058.html", "http://www.17k.com/book/2815617.html", "http://www.17k.com/book/2805259.html", "http://www.17k.com/book/2760255.html", "http://www.17k.com/book/2686894.html", "http://www.17k.com/book/2797016.html", "http://www.17k.com/book/2767246.html", "http://www.17k.com/book/2764239.html", "http://www.17k.com/book/2754498.html", "http://www.17k.com/book/2754900.html", "http://www.17k.com/book/2625740.html", "http://www.17k.com/book/2213315.html", "http://www.17k.com/book/2402178.html", "http://www.17k.com/book/2691221.html", "http://www.17k.com/book/2210699.html", "http://www.17k.com/book/1797752.html", "http://www.17k.com/book/2575507.html", "http://www.17k.com/book/2705181.html", "http://www.17k.com/book/2702539.html", "http://www.17k.com/book/2474887.html", "http://www.17k.com/book/2674733.html", "http://www.17k.com/book/2822076.html", "http://www.17k.com/book/2809894.html", "http://www.17k.com/book/2822077.html", "http://www.17k.com/book/2811930.html", "http://www.17k.com/book/2815548.html", "http://www.17k.com/book/2819620.html", "http://www.17k.com/book/2809964.html", "http://www.17k.com/book/2808200.html", "http://www.17k.com/book/2820100.html", "http://www.17k.com/book/2822978.html", "http://www.17k.com/book/2804337.html", "http://www.17k.com/book/2798814.html", "http://www.17k.com/book/2785153.html", "http://www.17k.com/book/2731559.html", "http://www.17k.com/book/2722533.html", "http://www.17k.com/book/2458377.html", "http://www.17k.com/book/2743300.html", "http://www.17k.com/book/973809.html", "http://www.17k.com/book/2651367.html", "http://www.17k.com/book/2726194.html", "http://www.17k.com/book/2790214.html", "http://www.17k.com/book/493239.html", "http://www.17k.com/book/108821.html", "http://www.17k.com/book/1398783.html", "http://www.17k.com/book/83528.html", "http://www.17k.com/book/1859126.html", "http://www.17k.com/book/1741975.html", "http://www.17k.com/book/192453.html", "http://www.17k.com/book/2459058.html", "http://www.17k.com/book/1050747.html", "http://www.17k.com/book/2700315.html", "http://www.17k.com/book/2818940.html", "http://www.17k.com/book/2819519.html", "http://www.17k.com/book/2816390.html", "http://www.17k.com/book/2819588.html", "http://www.17k.com/book/2813768.html", "http://www.17k.com/book/2822406.html", "http://www.17k.com/book/2772164.html", "http://www.17k.com/book/2784023.html", "http://www.17k.com/book/2811877.html", "http://www.17k.com/book/2809119.html", "http://www.17k.com/book/2803700.html", "http://www.17k.com/book/2819561.html", "http://www.17k.com/book/2746506.html", "http://www.17k.com/book/2811836.html", "http://www.17k.com/book/2614810.html", "http://www.17k.com/book/1592435.html", "http://www.17k.com/book/1949748.html", "http://www.17k.com/book/2265802.html", "http://www.17k.com/book/2743240.html", "http://www.17k.com/book/2657437.html", "http://www.17k.com/book/2644502.html", "http://www.17k.com/book/2199900.html", "http://www.17k.com/book/2725436.html", "http://www.17k.com/book/2629978.html"]}