{"ratings": -1, "userreviews": [{"userName": "17K\u4e66\u53cbANU5MMSI", "userReviewDate": "2018-06-08", "userURL": "http://user.17k.com/62589028", "userReview": "\u4e3a\u5565\u770b\u5230\u4e00\u767e\u4e8c\u5c31\u4e0d\u80fd\u4e0b\u8f7d\u4e86"}, {"userName": "17K\u4e66\u53cbbsflmdb8", "userReviewDate": "2018-06-08", "userURL": "http://user.17k.com/62619455", "userReview": "\u6ee1\u6ee1\u7684\u8d1f\u9762\u60c5\u7eea\u9760\u5973\u4eba\u8ddf\u81ea\u5df1\u6709\u5173\u7cfb\u7684\u5973\u4eba\u88ab\u522b\u4eba\u4e0a\u592a\u6bd2\u4e86\u53d7\u4e0d\u4e86"}, {"userName": "\u6697\u51cc\u7687\u8005", "userReviewDate": "2018-06-08", "userURL": "http://user.17k.com/62426152", "userReview": "\u7687\u8005\u643a\u3010\u4e0a\u53e4\u795e\u9b54\u754c\u3011\u524d\u6765\u62dc\u8bbf\uff0c\u613f\u5927\u5927\u7684\u4e66\u8d8a\u5199\u8d8a\u597d"}, {"userName": "yaitita", "userReviewDate": "2018-06-08", "userURL": "http://user.17k.com/11021340", "userReview": "\u8fd9\u672c\u4e66\u592a\u68d2\u4e86\uff01\u9f13\u52b1\u4e00\u4e0b\uff0c\u5e0c\u671b\u540e\u7eed\u66f4\u52a0\u7cbe\u5f69\uff01"}, {"userName": "\u975e\u51e1977525940", "userReviewDate": "2018-06-08", "userURL": "http://user.17k.com/47928027", "userReview": "\u4e00123558"}, {"userName": "17K\u4e66\u53cbg95gzw2x", "userReviewDate": "2018-06-07", "userURL": "http://user.17k.com/55639681", "userReview": "\u5e94\u8be5\u662f\u4e0d\u9519"}, {"userName": "17K\u4e66\u53cbsgtpzxvh", "userReviewDate": "2018-06-06", "userURL": "http://user.17k.com/56710569", "userReview": "1egna"}, {"userName": "\u53ea\u4e3a\u4f0a\u4eba\u9189174307707", "userReviewDate": "2018-06-06", "userURL": "http://user.17k.com/55433000", "userReview": "\u4ec0\u4e48\u9b3c\u7684\u4eba\uff0c"}, {"userName": "\u975e\u51e1977525940", "userReviewDate": "2018-06-06", "userURL": "http://user.17k.com/47928027", "userReview": "12345789"}, {"userName": "\u5fae\u7b11\u63a9\u9970\u4e0d\u4e86\u5fe7\u4f24", "userReviewDate": "2018-06-06", "userURL": "http://user.17k.com/58639469", "userReview": "\u4e66\u5199\u7684\u4e0d\u9519\u3002\u3002"}, {"userName": "\u5f20\u5b66\u53cb207192267", "userReviewDate": "2018-05-14", "userURL": "http://user.17k.com/59283237", "userReview": "\u6b64\u4e66\u4e0d\u706b\uff0c\u5929\u7406\u96be\u5bb9"}, {"userName": "\u9ed1\u9f99\u6c5f\u7684\u6c5f", "userReviewDate": "2018-05-07", "userURL": "http://user.17k.com/58752150", "userReview": "\u50ac\u4e73\u5e08\u5c5e\u4e8e\u4e2d\u533b\u8fd8\u662f\u897f\u533b\uff1f\u5c5e\u4e8e\u5987\u4ea7\u79d1\u8fd8\u662f\u5987\u79d1\uff1f\u6ca1\u542c\u8bf4\u8fc7\u8fd8\u662f\u8fd9\u4e48\u597d\u7684\u6d3b\uff1f"}, {"userName": "\u8fd1\u7684\u5929\u6daf:\u8fdc\u7684\u6d77\u89d2", "userReviewDate": "2018-05-05", "userURL": "http://user.17k.com/46704320", "userReview": "\u7b80\u4ecb\u5c31\u4e0d\u80fd\u5199\u4e0b\u5c0f\u8bf4\u8981\u5199\u4ec0\u4e48\u6216\u5927\u81f4\u5185\u5bb9\u5417\uff0c"}, {"userName": "\u7384\u6b66\u6e56\u7684\u9c7c", "userReviewDate": "2018-04-06", "userURL": "http://user.17k.com/58113177", "userReview": "\u6ca1\u60f3\u5230\u572817k\u4e5f\u80fd\u770b\u5230\u8d34\u5427\u6587\u3002\u3002\u30026666666666\u50ac\u4e73\u5e08\u53ef\u4ee5\u7684\u3002"}, {"userName": "17K\u4e66\u53cbAOK3C4N7", "userReviewDate": "2018-04-02", "userURL": "http://user.17k.com/60870582", "userReview": "."}, {"userName": "17K\u4e66\u53cbAOK3C4N7", "userReviewDate": "2018-04-02", "userURL": "http://user.17k.com/60870582", "userReview": "."}, {"userName": "17K\u4e66\u53cbAOK3C4N7", "userReviewDate": "2018-04-02", "userURL": "http://user.17k.com/60870582", "userReview": "."}, {"userName": "17K\u4e66\u53cbAOK3C4N7", "userReviewDate": "2018-04-02", "userURL": "http://user.17k.com/60870582", "userReview": "."}, {"userName": "&#55356;&#57224;229735563", "userReviewDate": "2018-04-01", "userURL": "http://user.17k.com/60378746", "userReview": "[\u6253\u8d4f]\u6211\u6253\u8d4f\u4e861\u5143\u7ea2\u5305\uff01\uff01"}, {"userName": "\u5443....028573821", "userReviewDate": "2018-03-12", "userURL": "http://user.17k.com/59769552", "userReview": "\u52a0\u6cb9\u554a( \u02d8\u2022\u03c9\u2022\u02d8 )"}], "description": "\u5e74\u8f7b\u5c0f\u4f19\u7ec3\u5c31\u4e00\u53cc\u9f99\u6293\u5723\u624b\uff0c\u5973\u795e\uff0c\u5b66\u59b9\uff0c\u5c11\u5987\uff0c\u7eb7\u7eb7\u62dc\u5012\u5176\u8eab\u4e0b\uff0c\u6b32\u7f62\u96be\u4f11\u3002", "title": "\u6211\u7684\u7edd\u54c1\u5973\u53cb", "url": "http://www.17k.com/book/2752371.html", "average": -1.0, "cover": "http://img.17k.com/images/bookcover/2018/13761/68/2752371-1516849209000.jpg", "reviews": 147226, "authors": [{"url": "http://www.17k.com/zuozhe/59224418", "name": "\u591c\u795e\u5f52"}], "type": ["\u90fd\u5e02\u751f\u6d3b"], "outlinks": ["http://www.17k.com/book/2794982.html", "http://www.17k.com/book/2801292.html", "http://www.17k.com/book/2816318.html", "http://www.17k.com/book/2797575.html", "http://www.17k.com/book/2802516.html", "http://www.17k.com/book/2812195.html", "http://www.17k.com/book/2820143.html", "http://www.17k.com/book/2807943.html", "http://www.17k.com/book/2813457.html", "http://www.17k.com/book/2798058.html", "http://www.17k.com/book/2815617.html", "http://www.17k.com/book/2805259.html", "http://www.17k.com/book/2760255.html", "http://www.17k.com/book/2686894.html", "http://www.17k.com/book/2797016.html", "http://www.17k.com/book/2767246.html", "http://www.17k.com/book/2764239.html", "http://www.17k.com/book/2754498.html", "http://www.17k.com/book/2754900.html", "http://www.17k.com/book/2625740.html", "http://www.17k.com/book/2213315.html", "http://www.17k.com/book/2402178.html", "http://www.17k.com/book/2691221.html", "http://www.17k.com/book/2210699.html", "http://www.17k.com/book/1797752.html", "http://www.17k.com/book/2575507.html", "http://www.17k.com/book/2705181.html", "http://www.17k.com/book/2702539.html", "http://www.17k.com/book/2474887.html", "http://www.17k.com/book/2674733.html", "http://www.17k.com/book/2822076.html", "http://www.17k.com/book/2809894.html", "http://www.17k.com/book/2822077.html", "http://www.17k.com/book/2811930.html", "http://www.17k.com/book/2815548.html", "http://www.17k.com/book/2819620.html", "http://www.17k.com/book/2809964.html", "http://www.17k.com/book/2808200.html", "http://www.17k.com/book/2820100.html", "http://www.17k.com/book/2822978.html", "http://www.17k.com/book/2804337.html", "http://www.17k.com/book/2798814.html", "http://www.17k.com/book/2785153.html", "http://www.17k.com/book/2731559.html", "http://www.17k.com/book/2722533.html", "http://www.17k.com/book/2458377.html", "http://www.17k.com/book/2743300.html", "http://www.17k.com/book/973809.html", "http://www.17k.com/book/2651367.html", "http://www.17k.com/book/2726194.html", "http://www.17k.com/book/2790214.html", "http://www.17k.com/book/493239.html", "http://www.17k.com/book/108821.html", "http://www.17k.com/book/1398783.html", "http://www.17k.com/book/83528.html", "http://www.17k.com/book/1859126.html", "http://www.17k.com/book/1741975.html", "http://www.17k.com/book/192453.html", "http://www.17k.com/book/2459058.html", "http://www.17k.com/book/1050747.html", "http://www.17k.com/book/2700315.html", "http://www.17k.com/book/2818940.html", "http://www.17k.com/book/2819519.html", "http://www.17k.com/book/2816390.html", "http://www.17k.com/book/2819588.html", "http://www.17k.com/book/2813768.html", "http://www.17k.com/book/2822406.html", "http://www.17k.com/book/2772164.html", "http://www.17k.com/book/2784023.html", "http://www.17k.com/book/2811877.html", "http://www.17k.com/book/2809119.html", "http://www.17k.com/book/2803700.html", "http://www.17k.com/book/2819561.html", "http://www.17k.com/book/2746506.html", "http://www.17k.com/book/2811836.html", "http://www.17k.com/book/2614810.html", "http://www.17k.com/book/1592435.html", "http://www.17k.com/book/1949748.html", "http://www.17k.com/book/2265802.html", "http://www.17k.com/book/2743240.html", "http://www.17k.com/book/2657437.html", "http://www.17k.com/book/2644502.html", "http://www.17k.com/book/2199900.html", "http://www.17k.com/book/2725436.html", "http://www.17k.com/book/2629978.html"]}