{"ratings": -1, "userreviews": [{"userName": "\u7eb3\u5170\u5764", "userReviewDate": "2018-03-14", "userURL": "http://user.17k.com/37169654", "userReview": "\u65b0\u4e66\u8d77\u822a\uff0c\u6b22\u8fce\u5927\u5bb6\u8385\u4e34\uff01<a target='_blank' href='http://www.17k.com/book/2785153.html'>\u300a\u5192\u724c\u5927\u771f\u4eba\u300b</a><a target='_blank' href='http://www.17k.com/book/2785153.html'>\u300a\u5192\u724c\u5927\u771f\u4eba\u300b</a><a target='_blank' href='http://www.17k.com/book/2785153.html'>\u300a\u5192\u724c\u5927\u771f\u4eba\u300b</a>"}, {"userName": "\u7eb3\u5170\u5764", "userReviewDate": "2017-01-11", "userURL": "http://user.17k.com/37169654", "userReview": "\u81f4\u6700\u4eb2\u7231\u7684\u4e66\u53cb\uff0c\u7075\u5f02\u6863\u6848\u7ecf\u8fc7\u4e24\u5e74\u65f6\u95f4\u7684\u957f\u8dd1\uff0c\u7ec8\u4e8e\u8981\u8fce\u6765\u5927\u7ed3\u5c40\u4e86\uff0c\u8bf4\u5b9e\u8bdd\uff0c\u7075\u5f02\u5f00\u59cb\u6210\u7ee9\u8f83\u597d\uff0c\u4f46\u56e0\u4e3a\u5764\u5764\u7684\u4e0d\u52aa\u529b\uff0c\u5f04\u5f97\u4e0d\u4e0a\u4e0d\u4e0b\uff0c\u4e0d\u8fc7\u8fd9\u672c\u4e66\u8fd8\u662f\u8ba9\u5764\u5764\u6536\u83b7\u4e86\u5f88\u591a\uff0c\u575a\u6301\u8ddf\u52aa\u529b\uff0c\u6c38\u8fdc\u90fd\u8ddf\u6210\u529f\u65e0\u6cd5\u5206\u5f00\uff0c\u6700\u91cd\u8981\u7684\u662f\uff0c\u8fd9\u672c\u4e66\u8ba9\u5764\u5764\u7ed3\u5b9e\u4e86\u8bb8\u591a\u597d\u670b\u53cb\uff0c\u597d\u5144\u5f1f\uff0c\u4e5f\u662f\u56e0\u4e3a\u4f60\u4eec\u7684\u652f\u6301\uff0c\u6240\u4ee5\u624d\u6709\u4e86\u5764\u5764\u7684\u4eca\u5929\uff0c\u6709\u4e86\u7075\u5f02\u6863\u6848\u7684\u5b8c\u672c\uff0c\u6211\u76f8\u4fe1\uff0c\u7ecf\u8fc7\u8fd9\u4e24\u5e74\u6765\u7684\u6253\u78e8\uff0c\u5764\u5764\u5bf9\u5199\u4f5c\u4e5f\u6709\u4e86\u66f4\u591a\u7684\u7ecf\u9a8c\uff0c\u6240\u4ee5\u65b0\u4e66<a target='_blank' href='http://www.17k.com/book/2304533.html'>\u300a\u5929\u5492\u300b</a>\u4e5f\u7531\u6b64\u8bde\u751f\uff0c\u76ee\u524d\u6b63\u662f\u65b0\u4e66\uff0c\u8fd9\u91cc\u662f\u611f\u8c22\uff0c\u4e5f\u662f\u4e3a\u65b0\u4e66\u6253\u4e00\u4e0b\u5e7f\u544a\uff0c\u6b22\u8fce\u5927\u5bb6\u652f\u6301\u65b0\u4e66<a target='_blank' href='http://www.17k.com/book/2304533.html'>\u300a\u5929\u5492\u300b</a>\uff0c\u8fd9\u672c\u4e66\u7edd\u5bf9\u53ef\u4ee5\u5e26\u7ed9\u5927\u5bb6\u4e00\u4efd\u4e0d\u4e00\u6837\u7684\u60ca\u559c\uff0c\u6b64\u81f4\uff0c\u518d\u8c22\u3002"}, {"userName": "\u5f3a\u3057\u2665\u3072&ecirc;\u7487\u5cf0", "userReviewDate": "2018-06-08", "userURL": "http://user.17k.com/49837726", "userReview": "\u3002\u3002\u3002\u3002\u3002"}, {"userName": "17K\u4e66\u53cbWIP94AEG", "userReviewDate": "2018-06-08", "userURL": "http://user.17k.com/58129450", "userReview": "\u5899\u5899\u9f50\u9713\u5f3a\u5f3a"}, {"userName": "17K\u4e66\u53cbWIP94AEG", "userReviewDate": "2018-06-07", "userURL": "http://user.17k.com/58129450", "userReview": "Y(\uff3e_\uff3e)Y^_^@"}, {"userName": "\u5f3a\u3057\u2665\u3072&ecirc;\u7487\u5cf0", "userReviewDate": "2018-06-07", "userURL": "http://user.17k.com/49837726", "userReview": "\uff0c\uff0c\uff0c\uff0c\uff0c"}, {"userName": "17K\u4e66\u53cbWIP94AEG", "userReviewDate": "2018-06-06", "userURL": "http://user.17k.com/58129450", "userReview": "\u63a8\u8350\u4e00\u672c\u597d\u4e66"}, {"userName": "\u5f3a\u3057\u2665\u3072&ecirc;\u7487\u5cf0", "userReviewDate": "2018-06-06", "userURL": "http://user.17k.com/49837726", "userReview": "\u3002\u3002\u3002\u3002\u3002\u3002\u3002\u3002\u3002"}, {"userName": "17K\u4e66\u53cbWIP94AEG", "userReviewDate": "2018-06-05", "userURL": "http://user.17k.com/58129450", "userReview": "666666"}, {"userName": "\u5f3a\u3057\u2665\u3072&ecirc;\u7487\u5cf0", "userReviewDate": "2018-06-05", "userURL": "http://user.17k.com/49837726", "userReview": "\uff0c\uff0c\uff0c \u3002\u3002\u3002\u3002\u3002\u3002"}, {"userName": "&nbsp;I promise you", "userReviewDate": "2018-06-05", "userURL": "http://user.17k.com/61920518", "userReview": "\u6211\u53ea\u770b\u5230\u4e09\u767e\u5f20\uff0c\u867d\u7136\u8fd9\u4e66\u771f\u7684\u5f88\u597d\u770b\uff0c\u4f46\u662f\u4e3b\u89d2\u7a81\u7136\u5f00\u542f\u4e86\u540e\u5bab\uff0c\u6211\u771f\u7684\u6ca1\u6709\u4e86\u770b\u4e0b\u53bb\u7684\u6b32\u671b\u3002"}, {"userName": "&nbsp;I promise you", "userReviewDate": "2018-06-05", "userURL": "http://user.17k.com/61920518", "userReview": "\u54ce\u633a\u597d\u770b\u7684\u4e66\uff0c\u6211\u5c31\u662f\u770b\u4e0d\u4e0b\u53bb\u3002\u5c31\u56e0\u592a\u591a\u5973\u4e3b\u4e86\u3002\uff08\u6211\u53ea\u770b\u5230\u4e09\u767e\u591a\u7ae0\uff0c\u4f46\u662f\u6211\u5b9e\u5728\u4e0d\u60f3\u770b\u4e86\u3002\u540e\u5bab\u2026\u2026\u5982\u679c\uff09"}, {"userName": "\u5f3a\u3057\u2665\u3072&ecirc;\u7487\u5cf0", "userReviewDate": "2018-06-04", "userURL": "http://user.17k.com/49837726", "userReview": "\uff0c\uff0c\uff0c\uff0c\uff0c\uff0c"}, {"userName": "\u82b7\u662f300296\u4e00\u77ac\u95f4", "userReviewDate": "2018-06-03", "userURL": "http://user.17k.com/24562981", "userReview": "\u3002\u3002\u3002\u3002\u3002\u3002\u3002\u3002"}, {"userName": "17K\u4e66\u53cbWIP94AEG", "userReviewDate": "2018-06-02", "userURL": "http://user.17k.com/58129450", "userReview": "9867534"}, {"userName": "\u5f3a\u3057\u2665\u3072&ecirc;\u7487\u5cf0", "userReviewDate": "2018-06-02", "userURL": "http://user.17k.com/49837726", "userReview": "\u3002\u3002\u3002\u3002\u3002\u3002"}, {"userName": "17K\u4e66\u53cbWIP94AEG", "userReviewDate": "2018-06-01", "userURL": "http://user.17k.com/58129450", "userReview": "35687"}, {"userName": "\u5f3a\u3057\u2665\u3072&ecirc;\u7487\u5cf0", "userReviewDate": "2018-06-01", "userURL": "http://user.17k.com/49837726", "userReview": "236958"}, {"userName": "\u5f3a\u3057\u2665\u3072&ecirc;\u7487\u5cf0", "userReviewDate": "2018-05-31", "userURL": "http://user.17k.com/49837726", "userReview": "369852369"}, {"userName": "\u5f3a\u3057\u2665\u3072&ecirc;\u7487\u5cf0", "userReviewDate": "2018-05-30", "userURL": "http://user.17k.com/49837726", "userReview": "369258"}], "description": "\uff08\u6863\u6848\u5b8c\u672c\uff0c\u8bf7\u5927\u5bb6\u652f\u6301\u5764\u5764\u65b0\u4e66\u300a\u5929\u5492\u300b\u4ecd\u65e7\u662f17K\u7f51\u7ad9\u9996\u53d1\uff01\u5fae\u4fe1\u516c\u4f17\u53f7\u53ef\u4ee5\u76f4\u8fbe\uff1a\u7eb3\u5170\u5764\uff09\u3000\u3000\u534a\u591c\u91cc\uff0c\u697c\u4e0a\u5c0f\u738b\u6572\u5f00\u6211\u7684\u623f\u95e8\uff0c\u8bf4\u8ba9\u4ed6\u8868\u59b9\u5728\u6211\u5bb6\u4f4f\u4e00\u665a\uff0c\u770b\u7740\u5979\u6e05\u7eaf\u53ef\u4eba\u7684\u6837\u5b50\uff0c\u6211\u51b3\u5b9a\u505a\u4e00\u6b21\u597d\u4eba\uff0c\u53ef\u8c01\u77e5\u9053\u5979\u5c45\u7136\u00b7\u00b7\u00b7\u00b7\u3000\u3000\u6211\u53eb\u5218\u9633\uff0c\u6211\u662f\u4e00\u4e2a\u8b66\u5bdf\uff0c\u6765\u81ea\u4f20\u8bf4\u4e2d\u6700\u795e\u79d8\u7684\u5341\u4e03\u90e8\uff01\u3000\u3000\u5979\u88ab\u81ea\u5df1\u6390\u6b7b\uff0c\u4ed6\u6cbe\u67d3\u90aa\u8840\u53d8\u6210\u9b47\u7269\uff0c\u4ed6\u662f\u88ab\u5c01\u5370\u4e09\u5341\u5e74\u7684\u53e4\u5c38\uff0c\u4ed6\u6e38\u8d70\u5728\u6697\u591c\u91cc\u6536\u5272\u7075\u9b42\uff0c\u4ed6\u6b7b\u4e86\uff0c\u5374\u6d3b\u5728\u6ba1\u4eea\u573a\u91cc\uff0c\u4ed6\u6d3b\u7740\uff0c\u5c31\u7ad9\u5728\u4f60\u7684\u8eab\u540e\uff01", "title": "\u6211\u7684\u7075\u5f02\u6863\u6848", "url": "http://www.17k.com/book/1024717.html", "average": -1.0, "cover": "http://img.17k.com/images/bookcover/2014/5123/25/1024717-1414722144000.jpg", "reviews": 26329528, "authors": [{"url": "http://www.17k.com/zuozhe/37169654", "name": "\u7eb3\u5170\u5764"}], "type": ["\u7075\u5f02\u5947\u8c08"], "outlinks": ["http://www.17k.com/book/2794982.html", "http://www.17k.com/book/2801292.html", "http://www.17k.com/book/2816318.html", "http://www.17k.com/book/2797575.html", "http://www.17k.com/book/2802516.html", "http://www.17k.com/book/2812195.html", "http://www.17k.com/book/2820143.html", "http://www.17k.com/book/2807943.html", "http://www.17k.com/book/2813457.html", "http://www.17k.com/book/2798058.html", "http://www.17k.com/book/2815617.html", "http://www.17k.com/book/2805259.html", "http://www.17k.com/book/2760255.html", "http://www.17k.com/book/2686894.html", "http://www.17k.com/book/2797016.html", "http://www.17k.com/book/2767246.html", "http://www.17k.com/book/2764239.html", "http://www.17k.com/book/2754498.html", "http://www.17k.com/book/2754900.html", "http://www.17k.com/book/2625740.html", "http://www.17k.com/book/2213315.html", "http://www.17k.com/book/2402178.html", "http://www.17k.com/book/2691221.html", "http://www.17k.com/book/2210699.html", "http://www.17k.com/book/1797752.html", "http://www.17k.com/book/2575507.html", "http://www.17k.com/book/2705181.html", "http://www.17k.com/book/2702539.html", "http://www.17k.com/book/2474887.html", "http://www.17k.com/book/2674733.html", "http://www.17k.com/book/2822076.html", "http://www.17k.com/book/2809894.html", "http://www.17k.com/book/2822077.html", "http://www.17k.com/book/2811930.html", "http://www.17k.com/book/2815548.html", "http://www.17k.com/book/2819620.html", "http://www.17k.com/book/2809964.html", "http://www.17k.com/book/2808200.html", "http://www.17k.com/book/2820100.html", "http://www.17k.com/book/2822978.html", "http://www.17k.com/book/2804337.html", "http://www.17k.com/book/2798814.html", "http://www.17k.com/book/2785153.html", "http://www.17k.com/book/2731559.html", "http://www.17k.com/book/2722533.html", "http://www.17k.com/book/2458377.html", "http://www.17k.com/book/2743300.html", "http://www.17k.com/book/973809.html", "http://www.17k.com/book/2651367.html", "http://www.17k.com/book/2726194.html", "http://www.17k.com/book/2790214.html", "http://www.17k.com/book/493239.html", "http://www.17k.com/book/108821.html", "http://www.17k.com/book/1398783.html", "http://www.17k.com/book/83528.html", "http://www.17k.com/book/1859126.html", "http://www.17k.com/book/1741975.html", "http://www.17k.com/book/192453.html", "http://www.17k.com/book/2459058.html", "http://www.17k.com/book/1050747.html", "http://www.17k.com/book/2700315.html", "http://www.17k.com/book/2818940.html", "http://www.17k.com/book/2819519.html", "http://www.17k.com/book/2816390.html", "http://www.17k.com/book/2819588.html", "http://www.17k.com/book/2813768.html", "http://www.17k.com/book/2822406.html", "http://www.17k.com/book/2772164.html", "http://www.17k.com/book/2784023.html", "http://www.17k.com/book/2811877.html", "http://www.17k.com/book/2809119.html", "http://www.17k.com/book/2803700.html", "http://www.17k.com/book/2819561.html", "http://www.17k.com/book/2746506.html", "http://www.17k.com/book/2811836.html", "http://www.17k.com/book/2614810.html", "http://www.17k.com/book/1592435.html", "http://www.17k.com/book/1949748.html", "http://www.17k.com/book/2265802.html", "http://www.17k.com/book/2743240.html", "http://www.17k.com/book/2657437.html", "http://www.17k.com/book/2644502.html", "http://www.17k.com/book/2199900.html", "http://www.17k.com/book/2725436.html", "http://www.17k.com/book/2629978.html"]}