{"ratings": -1, "userreviews": [{"userName": "\u603b\u6709\u5ad4\u5983\u6b32\u5bb3\u6715", "userReviewDate": "2017-01-31", "userURL": "http://user.17k.com/41520162", "userReview": "<span style='color:green'>\u7ed9\u65e0\u7f6a\u76d6\u4e00\u4e2a\u5e7f\u544a\u697c\uff0c\u4ee5\u540e\u6253\u5e7f\u544a\u8bf7\u5230\u8fd9\u91cc\u9762\uff0c\u4f5c\u8005\u6709\u65f6\u95f4\u4f1a\u56de\u8bbf\u7684\uff0c\u4ee5\u540e\u5916\u9762\u7684\u5e7f\u544a\u5168\u90fd\u5220\u4e86\uff0c\u8c22\u8c22\u4e2a\u4f4d\u914d\u5408\uff01<img src='http://img.17k.com/images/face/110dai.gif' /><img src='http://img.17k.com/images/face/110dai.gif' /><img src='http://img.17k.com/images/face/110dai.gif' /></span>"}, {"userName": "\u4f2a\u62121", "userReviewDate": "2016-08-12", "userURL": "http://user.17k.com/14762977", "userReview": "<span style='color:red'>\u65b0\u4eba\u4e0d\u6613\uff0c\u5199\u4e66\u4e0d\u6613\uff0c\u671b\u575a\u6301\u3002</span>"}, {"userName": "\u603b\u6709\u5ad4\u5983\u6b32\u5bb3\u6715", "userReviewDate": "2016-07-22", "userURL": "http://user.17k.com/41520162", "userReview": "<span style='color:red'>\u4f5c\u8005\u65b0\u4eba\uff0c\u5199\u4e66\u4e0d\u5bb9\u6613\uff0c\u5927\u5bb6\u6709\u80fd\u529b\u7684\u591a\u652f\u6301\u4e0b\u3002\u4e0d\u770b\u4e66\u7684\u4f5c\u8005\u5c31\u4e0d\u8981\u6536\u85cf\u8fd9\u672c\u4e66\u4e86\uff0c\u8c22\u8c22\u5408\u4f5c\u3002</span>"}, {"userName": "\u505a\u68a6\u65e0\u7f6aLss", "userReviewDate": "2016-06-25", "userURL": "http://user.17k.com/46016901", "userReview": "<span style='color:red'>\u65b0\u4eba\u65b0\u4e66\uff0c\u9c9c\u82b1\u548c\u6536\u85cf\u90fd\u662f\u4e0d\u8981\u94b1\u7684\uff0c\u559c\u6b22\u770b\u7684\u670b\u53cb\u5c31\u7ed9\u51e0\u4e2a\uff0c\u5e95\u4e0b\u7684\u7559\u8a00\u6211\u6bcf\u5929\u90fd\u4f1a\u770b\uff0c\u6709\u5565\u610f\u89c1\u60a8\u5c31\u5f80\u4e0a\u5199\u3002\u591a\u7684\u4e0d\u8bf4\uff0c\u4e0d\u4e00\u6837\u7684\u90fd\u5e02\uff0c\u4e0d\u4e00\u6837\u7684\u9752\u6625\uff0c\u4e0d\u4e00\u6837\u7684\u5c81\u6708\uff0c\u8fd9\u672c\u4e66\u4e5f\u7edd\u5bf9\u80fd\u7ed9\u4f60\u5e26\u6765\u4e0d\u4e00\u6837\u7684\u6545\u4e8b\uff01\uff01</span>"}, {"userName": "\u5415\u5c0f\u56db", "userReviewDate": "2018-06-07", "userURL": "http://user.17k.com/54077319", "userReview": "\u8fd9\u4e66\u548c\u4f2a\u6212\u7684\u98ce\u683c\u4e00\u6837\u4e00\u6837\u7684\u554a\uff0c\u6709\u6284\u88ad\u5acc\u7591"}, {"userName": "17K\u4e66\u53cb7dwz7hyn", "userReviewDate": "2018-06-07", "userURL": "http://user.17k.com/61980186", "userReview": "[\u6253\u8d4f]\u6211\u6253\u8d4f\u4e861\u4e2a'\u5c0f\u5fc3\u5fc3'\uff01\uff01"}, {"userName": "\u561a\u745f\u7684\u9a9a\u5e74", "userReviewDate": "2018-05-27", "userURL": "http://user.17k.com/35671801", "userReview": "\u80fd\u575a\u6301\u5230\u73b0\u5728\u7684\u6bc5\u529b\uff0c\u8d85\u503c\u5f97\u5b66\u4e60\uff0c\u52a0\u6cb9~"}, {"userName": "\u6e05\u98ce\u4f5b\u6768\u67f3", "userReviewDate": "2018-05-27", "userURL": "http://user.17k.com/53234883", "userReview": "\u8981\u4e0d\u8981\u8fd9\u4e48\u5570\u55e6\uff1f\u5403\u987f\u996d\u80fd\u5199\u597d\u51e0\u7ae0\uff1f"}, {"userName": "\u677e\u54e5456982258", "userReviewDate": "2018-05-25", "userURL": "http://user.17k.com/45277965", "userReview": "\u597d\u770b\u7684\u4e66\uff0c\u6709\u610f\u4e49\u7684\u4e66\uff0c\u8981\u6295\u82b1\u652f\u6301\uff01"}, {"userName": "\u677e\u54e5456982258", "userReviewDate": "2018-05-25", "userURL": "http://user.17k.com/45277965", "userReview": "\u8bf4\u8d77\u6765\u6211\u66f4\u662f\u65b0\u4eba\u3002\u7136\u800c\u6211\u7684\u4e66\u867d\u7136\u4e5f\u5199\u82e5\u5e72\u505a\u4eba\u7684\u9053\u7406\uff0c\u4e3a\u4eba\u7684\u907f\u8bb3\u7ecf\u9a8c\uff0c\u600e\u4e48\u6837\u53bb\u505a\u4e8b\u53bb\u5bf9\u4eba\u53bb\u8bf4\u8bdd\uff0c\u624d\u53ef\u4ee5\u907f\u514d\u51b2\u7a81\uff0c\u77db\u76fe\uff0c\u751a\u81f3\u662f\u707e\u7978&middot;&middot;&middot;&middot;&middot;&middot;&middot;&middot;&middot;\u3002\u5f53\u5c5e\u4e00\u672c\u5341\u5206\u6709\u76ca\u7684\u4e66&middot;&middot;&middot;&middot;&middot;\u3002\u4e0d\u8bf4\u4e86\u81ea\u5df1\u53bb\u770b\u5427\uff0c\u5982\u679c\u771f\u7684\u6ca1\u6709\u610f\u4e49\uff0c\u4f60\u7684\u53ef\u4ee5\u9009\u62e9\u9a6c\u4e0a\u505c\u624b\u3002"}, {"userName": "17K\u4e66\u53cbdjwfstjw", "userReviewDate": "2018-05-13", "userURL": "http://user.17k.com/58142603", "userReview": "6666666"}, {"userName": "17K\u4e66\u53cbdjwfstjw", "userReviewDate": "2018-04-03", "userURL": "http://user.17k.com/58142603", "userReview": "6666666"}, {"userName": "A\u661f\u661f\u70b9\u706f", "userReviewDate": "2018-03-14", "userURL": "http://user.17k.com/55972875", "userReview": "2018\u63a8\u8350\u4e00\u672c\u597d\u770b\u7684\u4e66<a target='_blank' href='http://www.17k.com/book/2728167.html'>\u300a\u6211\u548c\u5996\u517d\u6709\u4e2a\u7ea6\u4f1a\u300b</a>\uff0c\u60ca\u9669\u523a\u6fc0\uff0c\u6d6a\u6f2b\u6ee1\u5c4b\uff0c\u70ed\u8840\u683c\u6597\uff0c\u751f\u6b7b\u7231\u604b\uff0c\u6696\u6627\u4e0d\u65ad\uff0c\u5929\u5929\u66f4\u65b0\uff0c\u8bf7\u591a\u5173\u7167\uff0c\u6765\u4e2a\u6536\u85cf\u554a!\uff0c\u70b9\u51fb\u4e66\u540d\u5c31\u53ef\u4ee5\u770b\u5230\u4e66\u4e86\u3002"}, {"userName": "\u621a\u6d9b", "userReviewDate": "2018-03-06", "userURL": "http://user.17k.com/48917134", "userReview": "[\u6253\u8d4f]\u6211\u6253\u8d4f\u4e861\u5143\u7ea2\u5305\uff01\uff01"}, {"userName": "\u4e0d\u826f\u836f\u5242\u5e08", "userReviewDate": "2018-02-21", "userURL": "http://user.17k.com/59212874", "userReview": "<a target='_blank' href='http://www.17k.com/book/2752019.html'>\u300a\u9752\u6625\u8bd5\u7528\u671f\u300b</a>\u6765\u8bbf\u5b66\u4e60"}, {"userName": "A\u725b\u9b54\u738b", "userReviewDate": "2018-02-17", "userURL": "http://user.17k.com/56738425", "userReview": "2018\u63a8\u8350\u4e00\u672c\u597d\u770b\u7684\u4e66<a target='_blank' href='http://www.17k.com/book/2551937.html'>\u300a\u8d85\u65b0\u4eba\u300b</a>\uff0c\u60ca\u9669\u523a\u6fc0\uff0c\u6d6a\u6f2b\u6ee1\u5c4b\uff0c\u70ed\u8840\u683c\u6597\uff0c\u751f\u6b7b\u7231\u604b\uff0c\u6696\u6627\u4e0d\u65ad\uff0c\u5929\u5929\u66f4\u65b0\uff0c\u8bf7\u591a\u5173\u7167\uff0c\u6765\u4e2a\u6536\u85cf\u554a!\uff0c\u70b9\u51fb\u4e66\u540d\u5c31\u53ef\u4ee5\u770b\u5230\u4e66\u4e86\u3002"}, {"userName": "\u9ec4\u74dc\u7684\u5bbf\u547d", "userReviewDate": "2018-02-10", "userURL": "http://user.17k.com/53195742", "userReview": "<a target='_blank' href='http://www.17k.com/book/2377865.html'>\u300a\u81f3\u9738\u82cd\u751f\u8bc0\u300b</a>\u6765\u8bbf\uff0c\u6c42\u652f\u6301\u6c42\u6269\u6563\uff0c\u87f9\u87f9\u3002"}, {"userName": "\u677e\u54e5456982258", "userReviewDate": "2018-02-09", "userURL": "http://user.17k.com/45277965", "userReview": "\u524d\u6765\u9001\u82b1\u652f\u6301\uff0c\u597d\u770b\u7684\u4e66\u3002\u6211\u5199\u7684<a target='_blank' href='http://www.17k.com/book/2338926.html'>\u300a\u6765\u81ea\u5c71\u91ce\u7684\u5f81\u670d\u300b</a>\u4e00\u4e66\uff0c\u4e5f\u6709\u503c\u5f97\u89c2\u8d4f\u7684\u5730\u65b9\uff0c\u79fb\u6b65\u770b\u5b8c\uff0c\u4f60\u5c31\u4f1a\u77e5\u9053\u6240\u8a00\u4e0d\u865a\u3002"}, {"userName": "kool\u6377", "userReviewDate": "2018-02-08", "userURL": "http://user.17k.com/56730892", "userReview": "\u63a8\u8350\u4e00\u672c\u60ca\u9669\u523a\u6fc0\u597d\u770b\u7684\u4e66<a target='_blank' href='http://www.17k.com/book/2728167.html'>\u300a\u6211\u548c\u5996\u517d\u6709\u4e2a\u7ea6\u4f1a\u300b</a>\uff0c\u5929\u5929\u66f4\u65b0\uff0c\u8bf7\u591a\u591a\u5173\u7167\uff0c\u6765\u4e2a\u6536\u85cf\u5427\uff01\u70b9\u51fb\u4e66\u540d\u5c31\u53ef\u4ee5\u770b\u5230\u4e86\uff01"}, {"userName": "\u7c89\u4ea4\u672c\u5c0a", "userReviewDate": "2018-02-08", "userURL": "http://user.17k.com/58788435", "userReview": "\u672b\u65e5\u6765\u4e34\uff0c\u5c11\u5e74\u4e00\u6b65\u6b65\u7edf\u6cbb\u65b0\u7684\u4e16\u754c\u3002<a target='_blank' href='http://www.17k.com/book/2737016.html'>\u300a\u65e0\u751f\u7eaa\u5143\u300b</a>\uff0c\u559c\u6b22\u79d1\u5e7b\u672b\u65e5\u7c7b\u522b\u7684\u8bfb\u8005\uff0c\u70b9\u5f00\u4e66\u540d\u5373\u53ef\u9605\u8bfb\u3002"}], "description": "\u66fe\u7ecf\u6211\u662f\u4e00\u4e2a\u65e0\u5fe7\u65e0\u8651\u7684\u5c11\u5e74\uff0c\u3000\u3000\u4f46\u662f\u4e00\u7cfb\u5217\u7684\u4e8b\u60c5\u6539\u53d8\u4e86\u6211\uff0c\u3000\u3000\u8ba9\u6211\u53d8\u5f97\u8eab\u4e0d\u7531\u5df1\uff0c\u3000\u3000\u8fdb\u9000\u4e24\u96be\uff01\u3000\u3000\u540e\u6094\u5417\uff1f\u3000\u3000\u65e0\u6570\u4eba\u8fd9\u6837\u95ee\u8fc7\uff0c\u3000\u3000\u6211\u7684\u7b54\u6848\u90fd\u662f\u5426\u5b9a\u7684\u3002\u3000\u3000\u547d\u8fd0\u6c38\u8fdc\u90fd\u638c\u63e1\u5728\u81ea\u5df1\u7684\u624b\u4e2d\uff0c\u3000\u3000\u6211\u4e0d\u4f1a\u5426\u5b9a\u6211\u4efb\u4f55\u4e00\u6b21\u7684\u9009\u62e9\uff0c\u3000\u3000\u6240\u4ee5\u4e0d\u540e\u6094\uff01\u3000\u3000\u8ddf\u7740\u6211\u7684\u56de\u5fc6\uff0c\u3000\u3000\u8ba9\u6211\u4eec\u4e00\u8d77\u770b\u770b\uff0c\u3000\u3000\u4e00\u7fa4\u5c11\u5e74\uff0c\u3000\u3000\u5982\u4f55\u7f14\u9020\u5c5e\u4e8e\u4ed6\u4eec\u7684\u5c81\u6708\uff01", "title": "\u6211\u7684\u4f20\u5947\u5c81\u6708", "url": "http://www.17k.com/book/1949748.html", "average": -1.0, "cover": "http://img.17k.com/images/bookcover/2017/9748/48/1949748-1509970144000.jpg", "reviews": 4509575, "authors": [{"url": "http://www.17k.com/zuozhe/46016901", "name": "\u505a\u68a6\u65e0\u7f6a"}], "type": ["\u73b0\u5b9e\u7ecf\u5386"], "outlinks": ["http://www.17k.com/book/2794982.html", "http://www.17k.com/book/2801292.html", "http://www.17k.com/book/2816318.html", "http://www.17k.com/book/2797575.html", "http://www.17k.com/book/2802516.html", "http://www.17k.com/book/2812195.html", "http://www.17k.com/book/2820143.html", "http://www.17k.com/book/2807943.html", "http://www.17k.com/book/2813457.html", "http://www.17k.com/book/2798058.html", "http://www.17k.com/book/2815617.html", "http://www.17k.com/book/2805259.html", "http://www.17k.com/book/2760255.html", "http://www.17k.com/book/2686894.html", "http://www.17k.com/book/2797016.html", "http://www.17k.com/book/2767246.html", "http://www.17k.com/book/2764239.html", "http://www.17k.com/book/2754498.html", "http://www.17k.com/book/2754900.html", "http://www.17k.com/book/2625740.html", "http://www.17k.com/book/2213315.html", "http://www.17k.com/book/2402178.html", "http://www.17k.com/book/2691221.html", "http://www.17k.com/book/2210699.html", "http://www.17k.com/book/1797752.html", "http://www.17k.com/book/2575507.html", "http://www.17k.com/book/2705181.html", "http://www.17k.com/book/2702539.html", "http://www.17k.com/book/2474887.html", "http://www.17k.com/book/2674733.html", "http://www.17k.com/book/2822076.html", "http://www.17k.com/book/2809894.html", "http://www.17k.com/book/2822077.html", "http://www.17k.com/book/2811930.html", "http://www.17k.com/book/2815548.html", "http://www.17k.com/book/2819620.html", "http://www.17k.com/book/2809964.html", "http://www.17k.com/book/2808200.html", "http://www.17k.com/book/2820100.html", "http://www.17k.com/book/2822978.html", "http://www.17k.com/book/2804337.html", "http://www.17k.com/book/2798814.html", "http://www.17k.com/book/2785153.html", "http://www.17k.com/book/2731559.html", "http://www.17k.com/book/2722533.html", "http://www.17k.com/book/2458377.html", "http://www.17k.com/book/2743300.html", "http://www.17k.com/book/973809.html", "http://www.17k.com/book/2651367.html", "http://www.17k.com/book/2726194.html", "http://www.17k.com/book/2790214.html", "http://www.17k.com/book/493239.html", "http://www.17k.com/book/108821.html", "http://www.17k.com/book/1398783.html", "http://www.17k.com/book/83528.html", "http://www.17k.com/book/1859126.html", "http://www.17k.com/book/1741975.html", "http://www.17k.com/book/192453.html", "http://www.17k.com/book/2459058.html", "http://www.17k.com/book/1050747.html", "http://www.17k.com/book/2700315.html", "http://www.17k.com/book/2818940.html", "http://www.17k.com/book/2819519.html", "http://www.17k.com/book/2816390.html", "http://www.17k.com/book/2819588.html", "http://www.17k.com/book/2813768.html", "http://www.17k.com/book/2822406.html", "http://www.17k.com/book/2772164.html", "http://www.17k.com/book/2784023.html", "http://www.17k.com/book/2811877.html", "http://www.17k.com/book/2809119.html", "http://www.17k.com/book/2803700.html", "http://www.17k.com/book/2819561.html", "http://www.17k.com/book/2746506.html", "http://www.17k.com/book/2811836.html", "http://www.17k.com/book/2614810.html", "http://www.17k.com/book/1592435.html", "http://www.17k.com/book/1949748.html", "http://www.17k.com/book/2265802.html", "http://www.17k.com/book/2743240.html", "http://www.17k.com/book/2657437.html", "http://www.17k.com/book/2644502.html", "http://www.17k.com/book/2199900.html", "http://www.17k.com/book/2725436.html", "http://www.17k.com/book/2629978.html"]}