{"ratings": -1, "userreviews": [{"userName": "\u6b27\u9633\u52b2\u950b", "userReviewDate": "2016-04-07", "userURL": "http://user.17k.com/44258455", "userReview": "\u5144\u5f1f\u505a\u7684\u597d\uff01\u5c31\u5e94\u8be5\u5199\u8fd9\u6837\u7684\u4e66\uff0c\u626c\u6211\u56fd\u5a01\u3001\u6811\u6c11\u65cf\u4e4b\u70ed\u8840\uff01\u4e66\u51db\u7136\u4e4b\u6b63\u6c14\uff01\u4ece1840\u5e74\u9e26\u7247\u6218\u4e89\u5f00\u59cb\u81f3\u5efa\u56fd\uff0c\u8fd9\u4e00\u767e\u5e74\u7684\u65f6\u95f4\uff0c\u4ea6\u662f\u6211\u4e2d\u534e\u6c11\u65cf\u53d7\u8fb1\u88ab\u6b3a\u7684\u5386\u53f2\uff01\u4f46\u4e71\u4e16\u51fa\u82f1\u96c4\uff0c\u591a\u5c11\u524d\u8f88\u6d12\u4e00\u8154\u70ed\u8840\uff0c\u594b\u8d77\u53cd\u51fb\u3001/\u6177\u6168\u8d74\u6b7b\uff01\u4e24\u80a9\u62c5\u9053\u4e49\uff01\u5fe0\u4e49\u4fdd\u6cb3\u5c71\uff01\u4f5c\u8005\u4e66\u6211\u534e\u590f\u7537\u513f\u4e4b\u70ed\u8840\u5fe0\u4e49\uff0c\u8001\u592b\u656c\u4f69\uff01\u5927\u8d5e\u4e00\u4e2a\uff01\u89c2\u5176\u6587\u5c31\u77e5\u5176\u4eba\uff0c\u5fc5\u662f\u543e\u8f88\u540c\u9053\u4e2d\u4eba\uff01\u770b\u543e\u4e5d\u9633\u795e\u529f\u7b2c\u4e00\u5f0f\uff1a\u76d6\u7ae0\uff01"}, {"userName": "\u7b49\u4f60\u7684\u51fa\u73b0755903839", "userReviewDate": "2018-05-16", "userURL": "http://user.17k.com/58824890", "userReview": "\u4ec0\u4e48\u65f6\u5019\u66f4\u65b0\u5b8c\u554a\uff1f"}, {"userName": "17K\u4e66\u53cbbncsssqq", "userReviewDate": "2018-05-12", "userURL": "http://user.17k.com/61684636", "userReview": "[\u6253\u8d4f]\u6211\u6253\u8d4f\u4e861\u5143\u7ea2\u5305\uff01\uff01"}, {"userName": "\u65e0\u804a3064", "userReviewDate": "2018-05-12", "userURL": "http://user.17k.com/54338341", "userReview": "[\u6253\u8d4f]\u6211\u6253\u8d4f\u4e861\u5143\u7ea2\u5305\uff01\uff01"}, {"userName": "AA\u51c9\u76ae\u4e0e\u7ca5", "userReviewDate": "2018-05-10", "userURL": "http://user.17k.com/61518840", "userReview": "\u5f88\u4e0d\u9519\uff0c\uff0c"}, {"userName": "17K\u4e66\u53cbyzowmolm", "userReviewDate": "2018-05-03", "userURL": "http://user.17k.com/61437157", "userReview": "[\u6253\u8d4f]\u6211\u6253\u8d4f\u4e861\u4e2a'\u5c0f\u5fc3\u5fc3'\uff01\uff01"}, {"userName": "17K\u4e66\u53cbTRYRLUNS", "userReviewDate": "2018-05-03", "userURL": "http://user.17k.com/56747075", "userReview": "\u66f4\u65b0\u5440\uff01\u66f4\u65b0\uff01"}, {"userName": "17k\u4e66\u53cb9b1xoqrfp", "userReviewDate": "2018-05-03", "userURL": "http://user.17k.com/61450299", "userReview": "[\u6253\u8d4f]\u6211\u6253\u8d4f\u4e861\u5143\u7ea2\u5305\uff01\uff01"}, {"userName": "17k\u4e66\u53cbtuwkq5opj", "userReviewDate": "2018-05-02", "userURL": "http://user.17k.com/61427576", "userReview": "[\u6253\u8d4f]\u6211\u6253\u8d4f\u4e862\u5143\u7ea2\u5305\uff01\uff01"}, {"userName": "17K\u4e66\u53cbvj55v1xg", "userReviewDate": "2018-04-19", "userURL": "http://user.17k.com/57324953", "userReview": "[\u6253\u8d4f]\u6211\u6253\u8d4f\u4e861\u4e2a'\u5c0f\u5fc3\u5fc3'\uff01\uff01"}, {"userName": "17K\u4e66\u53cbTRYRLUNS", "userReviewDate": "2018-04-15", "userURL": "http://user.17k.com/56747075", "userReview": "\u66f4\u65b0\u5feb\u70b9\u66f4\u65b0\u4e86\u3002"}, {"userName": "17K\u4e66\u53cbTRYRLUNS", "userReviewDate": "2018-04-12", "userURL": "http://user.17k.com/56747075", "userReview": "66666"}, {"userName": "17K\u4e66\u53cbTRYRLUNS", "userReviewDate": "2018-04-11", "userURL": "http://user.17k.com/56747075", "userReview": "\u4e3a\u4ec0\u4e48\u53c8\u65ad\u66f4\u4e86\uff1f"}, {"userName": "17K\u4e66\u53cbTRYRLUNS", "userReviewDate": "2018-04-05", "userURL": "http://user.17k.com/56747075", "userReview": "\u4e09\u5929\u4e86\uff01\u66f4\u65b0\u5440\uff1f\u2026\u2026"}, {"userName": "17K\u4e66\u53cbTRYRLUNS", "userReviewDate": "2018-03-28", "userURL": "http://user.17k.com/56747075", "userReview": "66666"}, {"userName": "17K\u4e66\u53cbKH1VZE0L", "userReviewDate": "2018-03-26", "userURL": "http://user.17k.com/60561142", "userReview": "[\u6253\u8d4f]\u6211\u6253\u8d4f\u4e862\u5143\u7ea2\u5305\uff01\uff01"}, {"userName": "\u661f\u7a7a\u591c\u68a6\u58f9", "userReviewDate": "2018-03-26", "userURL": "http://user.17k.com/58116533", "userReview": "\u5927\u795e\uff0c\u8bf7\u53d7\u6211\u4e00\u62dc"}, {"userName": "17K\u4e66\u53cbTRYRLUNS", "userReviewDate": "2018-03-25", "userURL": "http://user.17k.com/56747075", "userReview": "\u5927\u795e\u52a0\u6cb9\u3002"}, {"userName": "139090****", "userReviewDate": "2018-03-21", "userURL": "http://user.17k.com/7686999", "userReview": "<img src='http://img.17k.com/images/face/103ai.gif' />"}, {"userName": "17K\u4e66\u53cbLMUYSTTA", "userReviewDate": "2018-03-20", "userURL": "http://user.17k.com/58613442", "userReview": "[\u6253\u8d4f]\u6211\u6253\u8d4f\u4e862\u5143\u7ea2\u5305\uff01\uff01"}], "description": "\u4e00\u540d\u7279\u79cd\u5175\u6218\u58eb\u7a7f\u8d8a\u56de\u6297\u6218\u5e74\u4ee3\uff0c\u5efa\u7acb\u519b\u961f\u6297\u65e5\u6740\u9b3c\u5b50\u7684\u6545\u4e8b\u3002", "title": "\u6297\u65e5\u731b\u864e\u519b", "url": "http://www.17k.com/book/1683034.html", "average": -1.0, "cover": "http://img.17k.com/images/bookcover/2016/8415/42/1683034-1459861794000.jpg", "reviews": 7328357, "authors": [{"url": "http://www.17k.com/zuozhe/43558848", "name": "\u591c\u73ed\u738b\u5b50"}], "type": ["\u6218\u53f2\u98ce\u4e91"], "outlinks": ["http://www.17k.com/book/2794982.html", "http://www.17k.com/book/2801292.html", "http://www.17k.com/book/2816318.html", "http://www.17k.com/book/2797575.html", "http://www.17k.com/book/2802516.html", "http://www.17k.com/book/2812195.html", "http://www.17k.com/book/2820143.html", "http://www.17k.com/book/2807943.html", "http://www.17k.com/book/2813457.html", "http://www.17k.com/book/2798058.html", "http://www.17k.com/book/2815617.html", "http://www.17k.com/book/2805259.html", "http://www.17k.com/book/2760255.html", "http://www.17k.com/book/2686894.html", "http://www.17k.com/book/2797016.html", "http://www.17k.com/book/2767246.html", "http://www.17k.com/book/2764239.html", "http://www.17k.com/book/2754498.html", "http://www.17k.com/book/2754900.html", "http://www.17k.com/book/2625740.html", "http://www.17k.com/book/2213315.html", "http://www.17k.com/book/2402178.html", "http://www.17k.com/book/2691221.html", "http://www.17k.com/book/2210699.html", "http://www.17k.com/book/1797752.html", "http://www.17k.com/book/2575507.html", "http://www.17k.com/book/2705181.html", "http://www.17k.com/book/2702539.html", "http://www.17k.com/book/2474887.html", "http://www.17k.com/book/2674733.html", "http://www.17k.com/book/2822076.html", "http://www.17k.com/book/2809894.html", "http://www.17k.com/book/2822077.html", "http://www.17k.com/book/2811930.html", "http://www.17k.com/book/2815548.html", "http://www.17k.com/book/2819620.html", "http://www.17k.com/book/2809964.html", "http://www.17k.com/book/2808200.html", "http://www.17k.com/book/2820100.html", "http://www.17k.com/book/2822978.html", "http://www.17k.com/book/2804337.html", "http://www.17k.com/book/2798814.html", "http://www.17k.com/book/2785153.html", "http://www.17k.com/book/2731559.html", "http://www.17k.com/book/2722533.html", "http://www.17k.com/book/2458377.html", "http://www.17k.com/book/2743300.html", "http://www.17k.com/book/973809.html", "http://www.17k.com/book/2651367.html", "http://www.17k.com/book/2726194.html", "http://www.17k.com/book/2790214.html", "http://www.17k.com/book/493239.html", "http://www.17k.com/book/108821.html", "http://www.17k.com/book/1398783.html", "http://www.17k.com/book/83528.html", "http://www.17k.com/book/1859126.html", "http://www.17k.com/book/1741975.html", "http://www.17k.com/book/192453.html", "http://www.17k.com/book/2459058.html", "http://www.17k.com/book/1050747.html", "http://www.17k.com/book/2700315.html", "http://www.17k.com/book/2818940.html", "http://www.17k.com/book/2819519.html", "http://www.17k.com/book/2816390.html", "http://www.17k.com/book/2819588.html", "http://www.17k.com/book/2813768.html", "http://www.17k.com/book/2822406.html", "http://www.17k.com/book/2772164.html", "http://www.17k.com/book/2784023.html", "http://www.17k.com/book/2811877.html", "http://www.17k.com/book/2809119.html", "http://www.17k.com/book/2803700.html", "http://www.17k.com/book/2819561.html", "http://www.17k.com/book/2746506.html", "http://www.17k.com/book/2811836.html", "http://www.17k.com/book/2614810.html", "http://www.17k.com/book/1592435.html", "http://www.17k.com/book/1949748.html", "http://www.17k.com/book/2265802.html", "http://www.17k.com/book/2743240.html", "http://www.17k.com/book/2657437.html", "http://www.17k.com/book/2644502.html", "http://www.17k.com/book/2199900.html", "http://www.17k.com/book/2725436.html", "http://www.17k.com/book/2629978.html"]}