{"ratings": -1, "userreviews": [{"userName": "\u6700\u540e\u7684\u6751\u5e72\u90e8", "userReviewDate": "2018-06-06", "userURL": "http://user.17k.com/62543333", "userReview": "\u7b7e\u5230"}, {"userName": "\u6700\u540e\u7684\u6751\u5e72\u90e8", "userReviewDate": "2018-06-05", "userURL": "http://user.17k.com/62543333", "userReview": "\u4e66\u5199\u7684\u4e0d\u9519\u5076\u5c14\u770b\u5230\u7279\u6ce8\u518c\u8d26\u53f7\u5145\u503c\u8fdb\u6765\u652f\u6301\uff0c\u4f5c\u8005\u52a0\u6cb9\uff01"}, {"userName": "/\u8c22\u7559\u6d2a", "userReviewDate": "2018-05-15", "userURL": "http://user.17k.com/53267630", "userReview": "[\u6253\u8d4f]\u6211\u6253\u8d4f\u4e862\u5143\u7ea2\u5305\uff01\uff01"}, {"userName": "\u738b\u5927\u5bb6", "userReviewDate": "2018-04-26", "userURL": "http://user.17k.com/55183791", "userReview": "[\u6253\u8d4f]\u6211\u6253\u8d4f\u4e861\u4e2a'\u5c0f\u5fc3\u5fc3'\uff01\uff01"}, {"userName": "\u7b11\u4e36\u9189", "userReviewDate": "2018-03-13", "userURL": "http://user.17k.com/60273979", "userReview": "\u5466 &nbsp;\u52a0\u6cb9<a target='_blank' href='http://www.17k.com/book/2788923.html'>\u300a\u8bf8\u7075\u6c5f\u5f52\u300b</a>"}, {"userName": "\u9e4f075250551", "userReviewDate": "2018-03-07", "userURL": "http://user.17k.com/56677351", "userReview": "\u4f60\u5199\u7684\u592a\u5570\u55e6\u4e86\u4f5c\u8005\uff01"}, {"userName": "\u4f60\u597dOOOOO", "userReviewDate": "2018-03-05", "userURL": "http://user.17k.com/58215881", "userReview": "edddc\u5199\u7684\u4e0d\u9519\uff01\u52a0\u6cb9\uff01<a target='_blank' href='http://www.17k.com/book/2695767.html'>\u300a\u6211\u7684\u5cb3\u7236\u5927\u5927\u662f\u960e\u738b\u300b</a>\u5230\u8bbf"}, {"userName": "\u5c0f\u6674\u59291w", "userReviewDate": "2018-02-14", "userURL": "http://user.17k.com/59304153", "userReview": "\u597d\u6587\u597d\u6587 \u52a0\u6cb9\u652f\u6301"}, {"userName": "\u9ec4\u74dc\u7684\u5bbf\u547d", "userReviewDate": "2018-02-10", "userURL": "http://user.17k.com/53195742", "userReview": "<a target='_blank' href='http://www.17k.com/book/2377865.html'>\u300a\u81f3\u9738\u82cd\u751f\u8bc0\u300b</a>\u6765\u8bbf\uff0c\u6c42\u652f\u6301\u6c42\u6269\u6563\uff0c\u87f9\u87f9\u3002"}, {"userName": "A\u725b\u9b54\u738b", "userReviewDate": "2018-02-02", "userURL": "http://user.17k.com/56738425", "userReview": "\u63a8\u8350\u4e00\u672c\u60ca\u9669\u523a\u6fc0\u597d\u770b\u7684\u4e66<a target='_blank' href='http://www.17k.com/book/2728167.html'>\u300a\u6211\u548c\u5996\u517d\u6709\u4e2a\u7ea6\u4f1a\u300b</a>\uff0c\u5929\u5929\u66f4\u65b0\uff0c\u8bf7\u591a\u591a\u5173\u7167\uff0c\u6765\u4e2a\u6536\u85cf\u5427!\u70b9\u51fb\u4e66\u540d\u5c31\u53ef\u4ee5\u770b\u5230\u4e86 \u3002"}, {"userName": "kool\u6377", "userReviewDate": "2018-02-01", "userURL": "http://user.17k.com/56730892", "userReview": "\u63a8\u8350\u4e00\u672c\u597d\u770b\u7684\u4e66<a target='_blank' href='http://www.17k.com/book/2551937.html'>\u300a\u8d85\u65b0\u4eba\u300b</a>\uff0c\u60ca\u9669\u523a\u6fc0\uff0c\u6696\u6627\u6d6a\u6f2b\u4e0d\u65ad\uff0c\u5929\u5929\u66f4\u65b0\uff0c\u591a\u591a\u652f\u6301\uff0c\u6765\u4e2a\u6536\u85cf\u3002\u70b9\u51fb\u4e66\u540d\u5c31\u53ef\u4ee5\u770b\u5230\u4e66\u4e86\u3002"}, {"userName": "\u70ed\u6d77\u6c90\u9633", "userReviewDate": "2018-01-21", "userURL": "http://user.17k.com/58610453", "userReview": "\u4f5c\u8005\u5927\u5927\u7684\u4e66\u5199\u7684\u771f\u597d\u770b\u3002\u4e66\u8352\u4e86\u7684\u670b\u53cb\u4eec\uff0c\u6211\u7ed9\u5927\u5bb6\u63a8\u8350\u4e00\u672c\u4e66<a target='_blank' href='http://www.17k.com/book/2729786.html'>\u300a\u6211\u8fd9\u4e9b\u5e74\u7684\u4fee\u4ed9\u6545\u4e8b\u300b</a>"}, {"userName": "\u674e\u65e0\u547d", "userReviewDate": "2018-01-13", "userURL": "http://user.17k.com/57024055", "userReview": "\u5927\u5927\u5199\u5f97\u771f\u597d\uff0c<a target='_blank' href='http://www.17k.com/book/2654528.html'>\u300a\u51a5\u5929\u697c\u300b</a>\u6765\u652f\u6301\uff0c\u539a\u8138\u76ae\u6253\u6270\u4e86\uff0c\u671b\u56de\u8bbf\u6307\u6559\u4e00\u4e0b..."}, {"userName": "\u5fcd\u51ac\u51ac\u9752", "userReviewDate": "2018-01-08", "userURL": "http://user.17k.com/47886953", "userReview": "<a target='_blank' href='http://www.17k.com/book/2751843.html'>\u300a\u6d85\u69c3\u5ba0\u5983\u300b</a>\u524d\u6765\u5b66\u4e60\uff5e"}, {"userName": "\u6625\u79cb\u5144", "userReviewDate": "2017-12-22", "userURL": "http://user.17k.com/58519982", "userReview": "\u6625\u79cb\u5144\u643a<a target='_blank' href='http://www.17k.com/book/2731490.html'>\u300a\u5fa1\u6b66\u5f11\u5929\u300b</a>\u524d\u6765\u652f\u6301\u5927\u5927\uff01\uff01\u52a0\u6cb9\u54e6\uff01\uff01\u671b\u5927\u5927\u66f4\u4e0a\u4e00\u5c42\u697c\uff01\uff01"}, {"userName": "\u6211\u7231\u9ed1\u66fc\u5df4", "userReviewDate": "2017-12-09", "userURL": "http://user.17k.com/58400286", "userReview": "<a target='_blank' href='http://www.17k.com/book/2718743.html'>\u300a\u4e0d\u6b7b\u4e4b\u8eaf\u300b</a>\u524d\u6765\u5b66\u4e60"}, {"userName": "\u674e\u65e0\u547d", "userReviewDate": "2017-11-10", "userURL": "http://user.17k.com/57024055", "userReview": "\u5927\u5927\u5199\u5f97\u771f\u597d\uff0c\u5927\u5927\u7684\u4e66\u5f88\u597d\u770b\uff0c\u6c89\u8ff7\u4e8e\u6b64\u4e0d\u53ef\u81ea\u62d4\uff0c<a target='_blank' href='http://www.17k.com/book/2654528.html'>\u300a\u51a5\u5929\u697c\u300b</a>\u524d\u6765\u62dc\u8bbf..."}, {"userName": "\u5a3c\u5e1d", "userReviewDate": "2017-10-31", "userURL": "http://user.17k.com/45479404", "userReview": "\u819c\u62dc\u5927\u4f5c\uff0c<a target='_blank' href='http://www.17k.com/book/2662307.html'>\u300a\u4e09\u56fd\u4e4b\u82f1\u96c4\u65e0\u6cea\u300b</a>\u524d\u6765\u5b66\u4e60"}, {"userName": "\u79cd\u82b1\u5bb6\u7684\u5341\u5e74\u2705", "userReviewDate": "2017-10-24", "userURL": "http://user.17k.com/58108798", "userReview": "[\u6253\u8d4f]\u6211\u6253\u8d4f\u4e868\u5143\u7ea2\u5305\uff01\uff01"}, {"userName": "\u79cd\u82b1\u5bb6\u7684\u5341\u5e74\u2705", "userReviewDate": "2017-10-24", "userURL": "http://user.17k.com/58108798", "userReview": "\u4f5c\u8005\u541b\u6709\u8bfb\u8005\u7fa4\uff1f"}], "description": "\u90a3\u662f\u4e00\u6bb5\u8270\u96be\u7684\u5c81\u6708\uff0c\u90a3\u662f\u4e00\u4e2a\u6cbe\u6ee1\u4e86\u4e2d\u534e\u6c11\u65cf\u8840\u6cea\u7684\u5e74\u4ee3\u3002\u5728\u90a3\u6bb5\u4e2d\u534e\u5927\u5730\u4e0d\u6ee1\u8165\u98ce\u8840\u96e8\uff0c\u4e2d\u534e\u6c11\u65cf\u5904\u5728\u6700\u5371\u9669\u7684\u65f6\u523b\u3002\u5c31\u5728\u664b\u4e1c\u5357\u7684\u592a\u884c\u5c71\u533a\uff0c\u6709\u8fd9\u4e48\u4e00\u7fa4\u4e0d\u7518\u5fc3\u505a\u4ea1\u56fd\u5974\u7684\u4e2d\u56fd\u4eba\uff0c\u8fd8\u5728\u4e0d\u5c48\u7684\u62b5\u6297\u7740\u3002\u3000\u3000\u6ca1\u6709\u67aa\u3001\u6ca1\u6709\u70ae\uff0c\u654c\u4eba\u7ed9\u6211\u4eec\u9020\uff0c\u6ca1\u6709\u5403\u3001\u6ca1\u6709\u7a7f\uff0c\u654c\u4eba\u7ed9\u6211\u4eec\u9001\u3002\u9762\u5bf9\u7740\u88c5\u5907\u7cbe\u826f\u7684\u654c\u4eba\uff0c\u4ed6\u4eec\u6ca1\u6709\u5728\u523a\u5200\u4e0e\u5927\u70ae\u9762\u524d\u4f4e\u4e0b\u9ad8\u6602\u7684\u5934\u9885\u3002\u4f9d\u9760\u7740\u624b\u4e2d\u7b80\u964b\u7684\u88c5\u5907\uff0c\u4e0e\u654c\u4eba\u4e0d\u5c48\u4e0d\u6320\u7684\u5728\u6597\u4e89\u7740\u3002\u4ed6\u4eec\u6ca1\u6709\u7cbe\u826f\u7684\u6b66\u5668\uff0c\u6ca1\u6709\u5916\u63f4\uff0c\u751a\u81f3\u5230\u4e86\u707e\u8352\u5e74\u6708\uff0c\u5c31\u8fde\u996d\u90fd\u5403\u4e0d\u9971\u3002\u4ed6\u4eec\u6709\u7684\u53ea\u662f\u4e0d\u5c48\u7684\u7cbe\u795e\uff0c\u4ee5\u53ca\u4e0e\u654c\u519b\u8840\u6218\u5230\u5e95\u7684\u51b3\u5fc3\u3002\u3000\u3000\u6252\u94c1\u8def\u3001\u70b8\u6865\u6881\uff0c\u6740\u9b3c\u5b50\u3001\u9664\u6c49\u5978\uff0c\u4e0e\u65e5\u519b\u4f2a\u88c5\u633a\u8fdb\u961f\u8840\u6218\uff0c\u4e0d\u65ad\u7684\u7528\u654c\u519b\u7684\u6b66\u5668\u6b66\u88c5\u7740\u81ea\u5df1\u3002\u629b\u5934\u9885\u3001\u6d12\u70ed\u8840\uff0c\u4ece\u5f31\u5c0f\u4e00\u6b65\u6b65\u7684\u8d70\u5411\u5f3a\u5927\u3002\u4eba\u751f\u5728\u4e16\u767e\u4f59\u5e74\uff0c\u4f1a\u5f53\u51fb\u6c34\u4e09\u5343\u91cc\u3002\u4ed6\u4eec\u7528\u81ea\u5df1\u7684\u9752\u6625\u548c\u70ed\u8840\uff0c\u5728\u90a3\u4e2a\u904d\u5730\u72fc\u70df\u7684\u65f6\u4ee3\uff0c\u5ea6\u8fc7\u4e86\u81ea\u5df1\u6700\u8f89\u714c\u7684\u4eba\u751f\u3002", "title": "\u6297\u6218\u4e4b\u6211\u7684\u7eb5\u6a2a\u4eba\u751f", "url": "http://www.17k.com/book/2161482.html", "average": -1.0, "cover": "http://img.17k.com/images/bookcover/2016/10807/54/2161482-1478496971000.jpg", "reviews": 352967, "authors": [{"url": "http://www.17k.com/zuozhe/10133983", "name": "\u98ce\u96ea\u4e91\u4e2d\u8def"}], "type": ["\u6218\u53f2\u98ce\u4e91"], "outlinks": ["http://www.17k.com/book/2794982.html", "http://www.17k.com/book/2801292.html", "http://www.17k.com/book/2816318.html", "http://www.17k.com/book/2797575.html", "http://www.17k.com/book/2802516.html", "http://www.17k.com/book/2812195.html", "http://www.17k.com/book/2820143.html", "http://www.17k.com/book/2807943.html", "http://www.17k.com/book/2813457.html", "http://www.17k.com/book/2798058.html", "http://www.17k.com/book/2815617.html", "http://www.17k.com/book/2805259.html", "http://www.17k.com/book/2760255.html", "http://www.17k.com/book/2686894.html", "http://www.17k.com/book/2797016.html", "http://www.17k.com/book/2767246.html", "http://www.17k.com/book/2764239.html", "http://www.17k.com/book/2754498.html", "http://www.17k.com/book/2754900.html", "http://www.17k.com/book/2625740.html", "http://www.17k.com/book/2213315.html", "http://www.17k.com/book/2402178.html", "http://www.17k.com/book/2691221.html", "http://www.17k.com/book/2210699.html", "http://www.17k.com/book/1797752.html", "http://www.17k.com/book/2575507.html", "http://www.17k.com/book/2705181.html", "http://www.17k.com/book/2702539.html", "http://www.17k.com/book/2474887.html", "http://www.17k.com/book/2674733.html", "http://www.17k.com/book/2822076.html", "http://www.17k.com/book/2809894.html", "http://www.17k.com/book/2822077.html", "http://www.17k.com/book/2811930.html", "http://www.17k.com/book/2815548.html", "http://www.17k.com/book/2819620.html", "http://www.17k.com/book/2809964.html", "http://www.17k.com/book/2808200.html", "http://www.17k.com/book/2820100.html", "http://www.17k.com/book/2822978.html", "http://www.17k.com/book/2804337.html", "http://www.17k.com/book/2798814.html", "http://www.17k.com/book/2785153.html", "http://www.17k.com/book/2731559.html", "http://www.17k.com/book/2722533.html", "http://www.17k.com/book/2458377.html", "http://www.17k.com/book/2743300.html", "http://www.17k.com/book/973809.html", "http://www.17k.com/book/2651367.html", "http://www.17k.com/book/2726194.html", "http://www.17k.com/book/2790214.html", "http://www.17k.com/book/493239.html", "http://www.17k.com/book/108821.html", "http://www.17k.com/book/1398783.html", "http://www.17k.com/book/83528.html", "http://www.17k.com/book/1859126.html", "http://www.17k.com/book/1741975.html", "http://www.17k.com/book/192453.html", "http://www.17k.com/book/2459058.html", "http://www.17k.com/book/1050747.html", "http://www.17k.com/book/2700315.html", "http://www.17k.com/book/2818940.html", "http://www.17k.com/book/2819519.html", "http://www.17k.com/book/2816390.html", "http://www.17k.com/book/2819588.html", "http://www.17k.com/book/2813768.html", "http://www.17k.com/book/2822406.html", "http://www.17k.com/book/2772164.html", "http://www.17k.com/book/2784023.html", "http://www.17k.com/book/2811877.html", "http://www.17k.com/book/2809119.html", "http://www.17k.com/book/2803700.html", "http://www.17k.com/book/2819561.html", "http://www.17k.com/book/2746506.html", "http://www.17k.com/book/2811836.html", "http://www.17k.com/book/2614810.html", "http://www.17k.com/book/1592435.html", "http://www.17k.com/book/1949748.html", "http://www.17k.com/book/2265802.html", "http://www.17k.com/book/2743240.html", "http://www.17k.com/book/2657437.html", "http://www.17k.com/book/2644502.html", "http://www.17k.com/book/2199900.html", "http://www.17k.com/book/2725436.html", "http://www.17k.com/book/2629978.html"]}