{"ratings": -1, "userreviews": [{"userName": "\u591c\u9b45\u661f\u8fb0\u672c\u5c0a", "userReviewDate": "2018-04-01", "userURL": "http://user.17k.com/15601070", "userReview": "\u5b66\u4e60\u4e86"}, {"userName": "\u59da\u5e02\u5c0f\u4f19", "userReviewDate": "2018-03-25", "userURL": "http://user.17k.com/60291045", "userReview": "\u6765\u770b\u770b"}, {"userName": "kool\u6377", "userReviewDate": "2018-01-24", "userURL": "http://user.17k.com/56730892", "userReview": "\u63a8\u8350\u4e00\u672c\u597d\u770b\u7684\u4e66<a target='_blank' href='http://www.17k.com/book/2551937.html'>\u300a\u8d85\u65b0\u4eba\u300b</a>\uff0c\u60ca\u9669\u523a\u6fc0\u6d6a\u6f2b\u4e0d\u65ad\uff0c\u5929\u5929\u66f4\u65b0\uff0c\u591a\u591a\u652f\u6301\uff0c\u6765\u4e2a\u6536\u85cf\u3002\u70b9\u51fb\u4e66\u540d\u5c31\u53ef\u4ee5\u770b\u5230\u4e66\u4e86\u3002"}, {"userName": "A\u725b\u9b54\u738b", "userReviewDate": "2018-01-23", "userURL": "http://user.17k.com/56738425", "userReview": "\u63a8\u8350\u4e00\u672c\u60ca\u9669\u523a\u6fc0\u597d\u770b\u7684\u4e66<a target='_blank' href='http://www.17k.com/book/2728167.html'>\u300a\u6211\u548c\u5996\u517d\u6709\u4e2a\u7ea6\u4f1a\u300b</a>\uff0c\u591a\u591a\u652f\u6301\uff0c\u6765\u4e2a\u6536\u85cf!\u70b9\u51fb\u4e66\u540d\u5c31\u53ef\u4ee5\u770b\u5230\u4e66\u4e86\u3002"}, {"userName": "\u6768\u6768\u661f", "userReviewDate": "2017-12-27", "userURL": "http://user.17k.com/59039556", "userReview": "\u5199\u4e86\u90a3\u4e48\u591a\uff0c\u7ec8\u4e8e\u4e0aVIP\u4e86\uff0c\u606d\u559c\uff0c\u6210\u679c\u5f97\u8bc1\uff01"}, {"userName": "\u590f\u96e8\u5bd2\u98ce", "userReviewDate": "2017-11-01", "userURL": "http://user.17k.com/56838577", "userReview": "<a target='_blank' href='http://www.17k.com/book/2619460.html'>\u300a\u82cd\u7a79\u5929\u5370\u300b</a>\u524d\u6765\u62dc\u8bbf\u5927\u795e\uff0c\u4e92\u76f8\u6536\u85cf\uff0c\u6c42\u6307\u70b9"}, {"userName": "\u4ed9\u5251\u95f2\u804a", "userReviewDate": "2017-10-25", "userURL": "http://user.17k.com/54176507", "userReview": "<a target='_blank' href='http://www.17k.com/book/2428327.html'>\u300a\u4eba\u9c7c\u6c0f\u65cf\u300b</a>\u4f5c\u8005\uff0c\u4ed9\u5251\u95f2\u804a\u6765\u8bbf\uff0c\u5df2\u6536\u85cf\uff0c\u671b\u56de\u8bbf\uff0c\u76f8\u4e92\u6536\u85cf\uff0c\u76f8\u4e92\u652f\u6301\uff01\uff01\u671b\u591a\u591a\u4ea4\u6d41\uff0c\u6b22\u8fce\u5404\u4f4d\u7684\u5230\u6765\uff01"}], "description": "\u6297\u6218\u8001\u5175\u75c5\u5367\u5e8a\u69bb\u5f25\u7559\u4e4b\u9645\uff0c\u53ea\u56e0\u5fc3\u4e2d\u7684\u6267\u5ff5\uff0c\u7adf\u795e\u5947\u7684\u91cd\u751f\u56de\u5e74\u8f7b\u65f6\u4ee3\u7684\u6dde\u6caa\u6218\u573a\u3002\u56e0\u4e3a\u80f8\u4e2d\u7684\u4e00\u8154\u70ed\u8840\uff0c\u91cd\u65b0\u8c31\u5199\u51fa\u4e00\u6bb5\u4e0d\u4e00\u6837\u7684\u6297\u6218\u5386\u7a0b\u3002", "title": "\u6297\u6218\u4e4b\u8001\u5175\u51f6\u731b", "url": "http://www.17k.com/book/2674857.html", "average": -1.0, "cover": "http://img.17k.com/images/bookcover/partner/48/57/2674857/2674857.jpg", "reviews": 85887, "authors": [{"url": "http://www.17k.com/zuozhe/56805795", "name": "\u950b\u5229\u7684\u67f4\u5200"}], "type": ["\u519b\u65c5\u751f\u6daf"], "outlinks": ["http://www.17k.com/book/2794982.html", "http://www.17k.com/book/2801292.html", "http://www.17k.com/book/2816318.html", "http://www.17k.com/book/2797575.html", "http://www.17k.com/book/2802516.html", "http://www.17k.com/book/2812195.html", "http://www.17k.com/book/2820143.html", "http://www.17k.com/book/2807943.html", "http://www.17k.com/book/2813457.html", "http://www.17k.com/book/2798058.html", "http://www.17k.com/book/2815617.html", "http://www.17k.com/book/2805259.html", "http://www.17k.com/book/2760255.html", "http://www.17k.com/book/2686894.html", "http://www.17k.com/book/2797016.html", "http://www.17k.com/book/2767246.html", "http://www.17k.com/book/2764239.html", "http://www.17k.com/book/2754498.html", "http://www.17k.com/book/2754900.html", "http://www.17k.com/book/2625740.html", "http://www.17k.com/book/2213315.html", "http://www.17k.com/book/2402178.html", "http://www.17k.com/book/2691221.html", "http://www.17k.com/book/2210699.html", "http://www.17k.com/book/1797752.html", "http://www.17k.com/book/2575507.html", "http://www.17k.com/book/2705181.html", "http://www.17k.com/book/2702539.html", "http://www.17k.com/book/2474887.html", "http://www.17k.com/book/2674733.html", "http://www.17k.com/book/2822076.html", "http://www.17k.com/book/2809894.html", "http://www.17k.com/book/2822077.html", "http://www.17k.com/book/2811930.html", "http://www.17k.com/book/2815548.html", "http://www.17k.com/book/2819620.html", "http://www.17k.com/book/2809964.html", "http://www.17k.com/book/2808200.html", "http://www.17k.com/book/2820100.html", "http://www.17k.com/book/2822978.html", "http://www.17k.com/book/2804337.html", "http://www.17k.com/book/2798814.html", "http://www.17k.com/book/2785153.html", "http://www.17k.com/book/2731559.html", "http://www.17k.com/book/2722533.html", "http://www.17k.com/book/2458377.html", "http://www.17k.com/book/2743300.html", "http://www.17k.com/book/973809.html", "http://www.17k.com/book/2651367.html", "http://www.17k.com/book/2726194.html", "http://www.17k.com/book/2790214.html", "http://www.17k.com/book/493239.html", "http://www.17k.com/book/108821.html", "http://www.17k.com/book/1398783.html", "http://www.17k.com/book/83528.html", "http://www.17k.com/book/1859126.html", "http://www.17k.com/book/1741975.html", "http://www.17k.com/book/192453.html", "http://www.17k.com/book/2459058.html", "http://www.17k.com/book/1050747.html", "http://www.17k.com/book/2700315.html", "http://www.17k.com/book/2818940.html", "http://www.17k.com/book/2819519.html", "http://www.17k.com/book/2816390.html", "http://www.17k.com/book/2819588.html", "http://www.17k.com/book/2813768.html", "http://www.17k.com/book/2822406.html", "http://www.17k.com/book/2772164.html", "http://www.17k.com/book/2784023.html", "http://www.17k.com/book/2811877.html", "http://www.17k.com/book/2809119.html", "http://www.17k.com/book/2803700.html", "http://www.17k.com/book/2819561.html", "http://www.17k.com/book/2746506.html", "http://www.17k.com/book/2811836.html", "http://www.17k.com/book/2614810.html", "http://www.17k.com/book/1592435.html", "http://www.17k.com/book/1949748.html", "http://www.17k.com/book/2265802.html", "http://www.17k.com/book/2743240.html", "http://www.17k.com/book/2657437.html", "http://www.17k.com/book/2644502.html", "http://www.17k.com/book/2199900.html", "http://www.17k.com/book/2725436.html", "http://www.17k.com/book/2629978.html"]}