{"ratings": -1, "userreviews": [{"userName": "\u80d6\u5927\u661f", "userReviewDate": "2018-06-06", "userURL": "http://user.17k.com/12416621", "userReview": "\u4ec0\u4e48\u60c5\u51b5\uff0c\u6ca1\u6709\u66f4\u65b0\uff1f\uff1f"}, {"userName": "\u80d6\u5927\u661f", "userReviewDate": "2018-05-17", "userURL": "http://user.17k.com/12416621", "userReview": "\u4e3b\u89d2\u662f\u4e0d\u662f\u5f97\u53bb\u62ff\u4e4b\u524d\uff0c\u59d3\u6797\u7684\u7ed9\u4ed6\u7684\u90a3\u672c\u53e4\u4e66\u554a"}, {"userName": "\u84dd\u8863\u5a46", "userReviewDate": "2018-05-15", "userURL": "http://user.17k.com/57853155", "userReview": "\u5199\u7684\u86ee\u597d\u7684\uff0c\u5b66\u4e60\u4e86"}, {"userName": "\u8015\u8bb7\u658b\u4e3b", "userReviewDate": "2018-05-04", "userURL": "http://user.17k.com/53122581", "userReview": "\u62db\u9b42\u5148\u751f\uff0c\u7cbe\u5f69\u3002"}, {"userName": "\u80d6\u5927\u661f", "userReviewDate": "2018-04-23", "userURL": "http://user.17k.com/12416621", "userReview": "\u52a0\u6cb9\uff0c\u52a0\u6cb9~"}, {"userName": "\u80d6\u5927\u661f", "userReviewDate": "2018-04-22", "userURL": "http://user.17k.com/12416621", "userReview": "\u4ec0\u4e48\u6c14\u5019\u66f4\u65b0\u554a\uff0c\u8001\u5927\u3002"}, {"userName": "\u80d6\u5927\u661f", "userReviewDate": "2018-04-12", "userURL": "http://user.17k.com/12416621", "userReview": "\u4f5c\u8005\u6709\u6ca1\u6709\u7fa4\u4ec0\u4e48\u7684~\uff1f\uff1f"}, {"userName": "\u80d6\u5927\u661f", "userReviewDate": "2018-04-08", "userURL": "http://user.17k.com/12416621", "userReview": "\u5199\u7684\u975e\u5e38\u597d~~~~\uff0c\u611f\u89c9\u5f88\u8fc7\u763e~"}, {"userName": "\u661f\u7a7a\u591c\u68a6\u58f9", "userReviewDate": "2018-04-01", "userURL": "http://user.17k.com/58116533", "userReview": "<span style='color:red'>\u65e9\u8bfb\u8bbf\u53cb\uff0c\u6492\u82b1\u652f\u6301\u597d\u4e66\uff0c\u606d\u795d\u5927\u5927\u521b\u4f5c\u5feb\u4e50\uff01<a target='_blank' href='http://user.17k.com/60045914'>@\u521b\u4e16--\u666e\u7f57</a></span>"}, {"userName": "Absinthe375240453", "userReviewDate": "2018-03-30", "userURL": "http://user.17k.com/60636039", "userReview": "\u597d\u770b\u2026\u4e94\u4e2a\u5b57"}, {"userName": "\u8d75\u7ffc512282253", "userReviewDate": "2018-03-28", "userURL": "http://user.17k.com/58784118", "userReview": "\u5348\u5b89\u5566\uff0c\u52a0\u6cb9\u2196(^\u03c9^)\u2197"}, {"userName": "\u4e1c\u5937\u5c71\u4eba", "userReviewDate": "2018-03-26", "userURL": "http://user.17k.com/60397665", "userReview": "[\u6253\u8d4f]\u6211\u6253\u8d4f\u4e862\u5143\u7ea2\u5305\uff01\uff01"}, {"userName": "\u4e1c\u5937\u5c71\u4eba", "userReviewDate": "2018-03-26", "userURL": "http://user.17k.com/60397665", "userReview": "\u5c71\u4eba\u6765\u8bbf\uff0c\u62dc\u8bfb\u5927\u4f5c\uff01"}, {"userName": "\u661f\u7a7a\u591c\u68a6\u58f9", "userReviewDate": "2018-03-22", "userURL": "http://user.17k.com/58116533", "userReview": "<span style='color:red'>\u661f\u7a7a\u665a\u8bbf\uff0c\u62dc\u8bfb\u4f73\u4f5c\uff0c\u652f\u6301\u597d\u4e66\uff0c\u9876\u8d5e\u5927\u5927\uff0c\u606d\u795d\u665a\u5b89\uff01</span>"}, {"userName": "\u6e32\u68e0", "userReviewDate": "2018-03-21", "userURL": "http://user.17k.com/59440889", "userReview": "<a target='_blank' href='http://user.17k.com/60045914'>@\u521b\u4e16--\u666e\u7f57</a> \u55ef\uff0c\u633a\u597d\u770b\u7684\u5e0c\u671b\u52a0\u6cb9\u5199\u4e0b\u53bb"}, {"userName": "\u5343\u53d8\u841d\u8389", "userReviewDate": "2018-03-20", "userURL": "http://user.17k.com/57390671", "userReview": "\u6709\u8da3"}, {"userName": "\u6211\u662f\u5b89\u5b50\u82e5", "userReviewDate": "2018-03-19", "userURL": "http://user.17k.com/33557254", "userReview": "\u6492\u82b1\u652f\u6301\uff0c\u52a0\u6cb9\u52a0\u6cb9"}, {"userName": "\u661f\u7a7a\u591c\u68a6\u58f9", "userReviewDate": "2018-03-17", "userURL": "http://user.17k.com/58116533", "userReview": "\u8ba2\u9605\u652f\u6301\u4e00\u4e0b\uff0c\u52a0\u6cb9\u2196(^\u03c9^)\u2197"}, {"userName": "\u661f\u7a7a\u591c\u68a6\u58f9", "userReviewDate": "2018-03-17", "userURL": "http://user.17k.com/58116533", "userReview": "\u8f6c\u773c\u4e4b\u95f4\u53c8\u5230\u5468\u672b\u4e86\uff0c\u795d\u4f60\u5468\u672b\u6109\u5feb\uff0c\u7801\u5b57\u6512\u7a3f\u5feb\u4e50\uff01\u54c8\u54c8\uff01\u661f\u7a7a\u5148\u51fa\u53bb\u6d6a\u4f1a\u513f\uff0c\u7801\u5b57\u592a\u7279\u4e48\u7d2f\u4e86\uff0c\u91ca\u653e\u4e00\u4e0b\u5fc3\u60c5\uff0c\u6d3b\u52a8\u6d3b\u52a8\u7b4b\u9aa8\uff0c\u665a\u4e0a\u7ee7\u7eed\u594b\u6597\u518d\u8bb2<a target='_blank' href='http://www.17k.com/book/2705953.html'>\u300a\u9b3c\u8ff9\u5bfb\u8e2a\u300b</a>\u7684\u6545\u4e8b\u3002\u52a0\u6cb9\u2196(^\u03c9^)\u2197\uff0c\u4e00\u8d77\u52aa\u529b\u5427\uff0c\u661f\u7a7a\u6709\u7a7a\u4f1a\u5e38\u6765\u7684\u3002"}, {"userName": "( \u2022\u0325\u0301 \u02cd \u2022\u0300\u0942 \u2026280417180", "userReviewDate": "2018-03-12", "userURL": "http://user.17k.com/60392484", "userReview": "\u8349\u521a\u521a\u77e5\u9053\uff0c\u627e\u4ed6\u672c\u4eba\u624d\u77e5\u9053"}], "description": "\u62db\u9b42\u4e00\u4e8b\u81ea\u53e4\u6709\u4e4b\uff0c\u4eba\u6709\u4e09\u9b42\u4e03\u9b44\uff0c\u4e00\u9b42\u4e00\u9b44\u4e0d\u5f97\u8d70\u5931\uff0c\u9047\u5230\u4ec0\u4e48\u60ca\u5413\u7684\u4e8b\uff0c\u6216\u8005\u9047\u5230\u4ec0\u4e48\u90aa\u95e8\u7684\u4e8b\uff0c\u5c31\u5bb9\u6613\u5413\u5f97\u9b42\u9b44\u79bb\u4f53\uff0c\u4ece\u800c\u9b42\u4e0d\u5b88\u820d\uff0c\u6709\u7684\u9b42\u9b44\u53ef\u4ee5\u81ea\u884c\u56de\u6765\uff0c\u9876\u591a\u5927\u75c5\u4e00\u573a\uff0c\u6709\u7684\u5219\u662f\u8bb8\u4e45\u4e0d\u5f52\uff0c\u5367\u5e8a\u4e0d\u8d77\u5c0f\u547d\u96be\u4fdd\uff0c\u8fd9\u6837\u5c31\u5f97\u627e\u62db\u9b42\u5e08\u3002\u3000\u3000\u5f53\u7136\u8fd9\u53ea\u662f\u666e\u901a\u7684\u62db\u9b42\u5e08\uff0c\u771f\u6b63\u7684\u62db\u9b42\u5148\u751f\uff0c\u5389\u5bb3\u975e\u51e1\uff0c\u80fd\u79f0\u4e4b\u4e3a\u5148\u751f\u4e5f\u5c11\u4e4b\u53c8\u5c11\uff0c\u57fa\u672c\u90fd\u662f\u7956\u4f20\u3002\u3000\u3000\u6211\u7237\u7237\u5c31\u662f\u62db\u9b42\u5148\u751f\uff0c\u6211\u4e5f\u662f\uff0c\u4f46\u8fd9\u80cc\u540e\u5374\u53c8\u9690\u85cf\u7740\u8bb8\u591a\u4e0d\u4e3a\u4eba\u77e5\u7684\u79d8\u5bc6\uff0c\u4eca\u5929\u4e00\u4e00\u4e3a\u5927\u5bb6\u89e3\u5f00\u3002", "title": "\u62db\u9b42\u5148\u751f", "url": "http://www.17k.com/book/2782672.html", "average": -1.0, "cover": "http://img.17k.com/images/bookcover/2018/13913/69/2782672-1519456752000.jpg", "reviews": 30159, "authors": [{"url": "http://www.17k.com/zuozhe/60045914", "name": "\u82b1\u4e0e\u5251"}], "type": ["\u7075\u5f02\u5947\u8c08"], "outlinks": ["http://www.17k.com/book/2794982.html", "http://www.17k.com/book/2801292.html", "http://www.17k.com/book/2816318.html", "http://www.17k.com/book/2797575.html", "http://www.17k.com/book/2802516.html", "http://www.17k.com/book/2812195.html", "http://www.17k.com/book/2820143.html", "http://www.17k.com/book/2807943.html", "http://www.17k.com/book/2813457.html", "http://www.17k.com/book/2798058.html", "http://www.17k.com/book/2815617.html", "http://www.17k.com/book/2805259.html", "http://www.17k.com/book/2760255.html", "http://www.17k.com/book/2686894.html", "http://www.17k.com/book/2797016.html", "http://www.17k.com/book/2767246.html", "http://www.17k.com/book/2764239.html", "http://www.17k.com/book/2754498.html", "http://www.17k.com/book/2754900.html", "http://www.17k.com/book/2625740.html", "http://www.17k.com/book/2213315.html", "http://www.17k.com/book/2402178.html", "http://www.17k.com/book/2691221.html", "http://www.17k.com/book/2210699.html", "http://www.17k.com/book/1797752.html", "http://www.17k.com/book/2575507.html", "http://www.17k.com/book/2705181.html", "http://www.17k.com/book/2702539.html", "http://www.17k.com/book/2474887.html", "http://www.17k.com/book/2674733.html", "http://www.17k.com/book/2822076.html", "http://www.17k.com/book/2809894.html", "http://www.17k.com/book/2822077.html", "http://www.17k.com/book/2811930.html", "http://www.17k.com/book/2815548.html", "http://www.17k.com/book/2819620.html", "http://www.17k.com/book/2809964.html", "http://www.17k.com/book/2808200.html", "http://www.17k.com/book/2820100.html", "http://www.17k.com/book/2822978.html", "http://www.17k.com/book/2804337.html", "http://www.17k.com/book/2798814.html", "http://www.17k.com/book/2785153.html", "http://www.17k.com/book/2731559.html", "http://www.17k.com/book/2722533.html", "http://www.17k.com/book/2458377.html", "http://www.17k.com/book/2743300.html", "http://www.17k.com/book/973809.html", "http://www.17k.com/book/2651367.html", "http://www.17k.com/book/2726194.html", "http://www.17k.com/book/2790214.html", "http://www.17k.com/book/493239.html", "http://www.17k.com/book/108821.html", "http://www.17k.com/book/1398783.html", "http://www.17k.com/book/83528.html", "http://www.17k.com/book/1859126.html", "http://www.17k.com/book/1741975.html", "http://www.17k.com/book/192453.html", "http://www.17k.com/book/2459058.html", "http://www.17k.com/book/1050747.html", "http://www.17k.com/book/2700315.html", "http://www.17k.com/book/2818940.html", "http://www.17k.com/book/2819519.html", "http://www.17k.com/book/2816390.html", "http://www.17k.com/book/2819588.html", "http://www.17k.com/book/2813768.html", "http://www.17k.com/book/2822406.html", "http://www.17k.com/book/2772164.html", "http://www.17k.com/book/2784023.html", "http://www.17k.com/book/2811877.html", "http://www.17k.com/book/2809119.html", "http://www.17k.com/book/2803700.html", "http://www.17k.com/book/2819561.html", "http://www.17k.com/book/2746506.html", "http://www.17k.com/book/2811836.html", "http://www.17k.com/book/2614810.html", "http://www.17k.com/book/1592435.html", "http://www.17k.com/book/1949748.html", "http://www.17k.com/book/2265802.html", "http://www.17k.com/book/2743240.html", "http://www.17k.com/book/2657437.html", "http://www.17k.com/book/2644502.html", "http://www.17k.com/book/2199900.html", "http://www.17k.com/book/2725436.html", "http://www.17k.com/book/2629978.html"]}