{"ratings": -1, "userreviews": [{"userName": "\u58a8\u8f7b\u6101", "userReviewDate": "2018-02-23", "userURL": "http://user.17k.com/45562928", "userReview": "\u5927\u5bb6\u65b0\u5e74\u597d\uff0c\u8f7b\u6101\u7684\u65b0\u4e66\u53c8\u548c\u5927\u5bb6\u89c1\u9762\u4e86\uff0c\u8fd9\u6b21\u5c06\u4f1a\u662f\u4e00\u4e2a\u5168\u65b0\u7684\u6545\u4e8b\uff0c\u5e94\u8be5\u662f\u9ad8\u751c\u6587\uff0c\u5e0c\u671b\u65b0\u4e66\u80fd\u5e26\u7ed9\u5927\u5bb6\u4e0d\u4e00\u6837\u7684\u9605\u8bfb\u4f53\u9a8c\u3002\u5927\u5bb6\u5982\u679c\u89c9\u5f97\u6211\u66f4\u65b0\u4e0d\u5feb\uff0c\u53ef\u4ee5\u53bb\u6211\u8001\u4e66<a target='_blank' href='http://www.17k.com/book/1741711.html'>\u300a\u4e00\u54c1\u5fa1\u53a8\u300b</a>\u770b\u770b\uff0c\u5df2\u7ecf\u51fa\u7248\uff0c\u653e\u5fc3\u8df3\u5751\u3002\u8001\u89c4\u77e9\uff0c\u8fd9\u91cc\u662f\u5e7f\u544a\u697c\u9700\u8981\u6253\u5e7f\u544a\u7684\u7b52\u5b50\u4eec\uff0c\u8bf7\u5165\u697c\u6253\u5e7f\u544a\u53e6\u5916\u8f7b\u6101\u65b0\u4e66\uff0c\u6025\u6c42\u9c9c\u82b1\u548c\u6536\u85cf\uff0c\u5982\u679c\u559c\u6b22\u672c\u4e66\u7684\u8bf7\u7ed9\u4e00\u5143\u7684\u6253\u8d4f\uff0c\u51d1\u4e2a\u70ed\u95f9\uff0c\u6700\u540e\u8c22\u8c22\u5927\u5bb6\u7684\u652f\u6301\uff01"}, {"userName": "\u4eba\u4e00\u4ecb\u672c\u5c0a", "userReviewDate": "2018-06-06", "userURL": "http://user.17k.com/47154516", "userReview": "[\u6253\u8d4f]\u6211\u6253\u8d4f\u4e862\u5143\u7ea2\u5305\uff01\uff01"}, {"userName": "lzh8806", "userReviewDate": "2018-06-05", "userURL": "http://user.17k.com/6446195", "userReview": "\u522b\u628a\u5c11\u7237\u5199\u6210\u53d8\u6001"}, {"userName": "\u6cab\u6cab2016", "userReviewDate": "2018-06-05", "userURL": "http://user.17k.com/29597402", "userReview": "\u770b\u5f97\u4e0d\u8fc7\u763e\u554a\u2026\u2026"}, {"userName": "17K\u4e66\u53cbrh7069nn", "userReviewDate": "2018-06-04", "userURL": "http://user.17k.com/60183314", "userReview": "\u3002\u3002\u3002\u3002\u3002\u3002\u3002\u3002"}, {"userName": "\u6211\u662f\u738b\u724c993", "userReviewDate": "2018-06-02", "userURL": "http://user.17k.com/46045451", "userReview": "\u8c8c\u4f3c\u52e4\u594b\u4e86\u4e9b\uff0c\u5f00\u59cb\u53cc\u66f4\u4e86\uff01<img src='http://img.17k.com/images/face/101gx.gif' />"}, {"userName": "17K\u4e66\u53cbULRC2W7I", "userReviewDate": "2018-06-01", "userURL": "http://user.17k.com/62274424", "userReview": "[\u6253\u8d4f]\u6211\u6253\u8d4f\u4e862\u5143\u7ea2\u5305\uff01\uff01"}, {"userName": "\u6f2b\u5929\u661f\u8424", "userReviewDate": "2018-05-31", "userURL": "http://user.17k.com/56871683", "userReview": "\u65e9\u4e0a\u597d \u7b80\u5355\u70b9\uff0c\u661f\u8424\u8bf4\u8bdd\u5c31\u4e0d\u62d0\u5f2f\u62b9\u89d2\u5566(\u0e51&acute;\u3142`\u0e51)\u4eba\u751f\u4e2d\u6700\u7231\u4f60\u7684\u4eba\uff0c\u9664\u4e86\u4f60\u81ea\u5df1\uff0c\u8fd8\u662f\u4f60\u81ea\u5df1 \uff0c\u6ce8\u610f\u4f11\u606f\u54e6\uff5e\u201c\u4fdd\u62a4\u201d\u597d\u81ea\u5df1"}, {"userName": "17K\u4e66\u53cbrh7069nn", "userReviewDate": "2018-05-30", "userURL": "http://user.17k.com/60183314", "userReview": "\u9886\u5e01\u3002\u3002\u3002\u3002"}, {"userName": "\u6cab\u6cab2016", "userReviewDate": "2018-05-30", "userURL": "http://user.17k.com/29597402", "userReview": "\u563f\u563f\uff0c\u52a0\u66f4\u52a0\u6cb9\u26fd\ufe0f"}, {"userName": "\u5b88\u671b\u4e00\u7247\u5929\u7a7a", "userReviewDate": "2018-05-30", "userURL": "http://user.17k.com/51831991", "userReview": "\u624d\u770b\u5230\u524d\u9762\uff0c\u6240\u4ee5\u8c01\u80fd\u544a\u8bc9\u6211\u7537\u4e3b\u662f\u8c01\uff1f\u8868\u793a\u4e0d\u559c\u6b22\u674e\u665f\uff01"}, {"userName": "lzh8806", "userReviewDate": "2018-05-29", "userURL": "http://user.17k.com/6446195", "userReview": "\u54c8\u54c8\u54c8\uff0c\u771f\u7b28\u7b28\u554a\uff0c\u8fde\u7eff\u4e54\u90fd\u6253\u4e0d\u8fc7\uff0c\u5c11\u7237\u6211\u6559\u4f60\u4e24\u62db\u3002\u3002\u3002\u3002\u3002"}, {"userName": "\u6cab\u6cab2016", "userReviewDate": "2018-05-29", "userURL": "http://user.17k.com/29597402", "userReview": "\u6bcf\u5929\u591a\u66f4\u51e0\u7ae0\u5c31\u597d\u5566\uff01"}, {"userName": "\u6211\u662f\u738b\u724c993", "userReviewDate": "2018-05-28", "userURL": "http://user.17k.com/46045451", "userReview": "[\u6253\u8d4f]\u6211\u6253\u8d4f\u4e865888\u5143\u7ea2\u5305\uff01\uff01"}, {"userName": "\u58a8\u8f7b\u6101", "userReviewDate": "2018-05-28", "userURL": "http://user.17k.com/45562928", "userReview": "\u611f\u8c22\u5404\u4f4d\u670b\u53cb\u5728\u7ea2\u5305\u6d3b\u52a8\u7684\u5927\u529b\u652f\u6301\uff0c\u8f7b\u6101\u51b3\u5b9a\uff0c\u5373\u65e5\u8d77\u53cc\u66f4\uff0c\u4e5f\u56de\u9988\u4e0b\u4e00\u76f4\u652f\u6301\u6211\u7684\u5c0f\u4f19\u4f34\u4eec\u3002\u4e0a\u67b6\u540e\uff0c\u4e89\u53d6\u7206\u66f4\uff0c\u56e0\u4e3a\u6211\u5df2\u7ecf\u88ab\u51e0\u4e2a\u624b\u901f\u5feb\u7684\u5c0f\u4f19\u4f34\u4eec\u8650\u60e8\u4e86\uff0c\u6240\u4ee5\u6211\u8981\u594b\u8d77\u3002\u6700\u540e\uff0c\u7ee7\u7eed\u6c42\u6536\u85cf\u548c\u8bc4\u8bba\uff01"}, {"userName": "\u6cab\u6cab2016", "userReviewDate": "2018-05-28", "userURL": "http://user.17k.com/29597402", "userReview": "\u600e\u4e48\u53d1\u91cd\u590d\u7ae0\u8282\u554a\uff0c\u6807\u9898\u4e0d\u540c\u5185\u5bb9\u4e00\u6837"}, {"userName": "17K\u4e66\u53cbSN7AAHYO", "userReviewDate": "2018-05-28", "userURL": "http://user.17k.com/61934981", "userReview": "[\u6253\u8d4f]\u6211\u6253\u8d4f\u4e861\u5143\u7ea2\u5305\uff01\uff01"}, {"userName": "\u6709\u98ce923981099", "userReviewDate": "2018-05-26", "userURL": "http://user.17k.com/62214310", "userReview": "[\u6253\u8d4f]\u6211\u6253\u8d4f\u4e86100\u5143\u7ea2\u5305\uff01\uff01"}, {"userName": "\u6709\u98ce923981099", "userReviewDate": "2018-05-26", "userURL": "http://user.17k.com/62214310", "userReview": "\u66f4\u65b0\u53ef\u4ee5\u5feb\u70b9\u561b\uff1f"}, {"userName": "\u4e45\u4e451667267800", "userReviewDate": "2018-05-26", "userURL": "http://user.17k.com/62064211", "userReview": "[\u6253\u8d4f]\u6211\u6253\u8d4f\u4e86108\u5143\u7ea2\u5305\uff01\uff01"}], "description": "\u4e00\u89c9\u9192\u6765\uff0c\u6c88\u5b89\u5b89\u6210\u4e86\u519c\u5bb6\u5973\u3002\u3000\u3000\u88ab\u9000\u4eb2\u4e0d\u8bf4\uff0c\u8fd8\u88ab\u4f20\u662f\u4e2a\u72d0\u5a9a\u5b50\u3002\u3000\u3000\u4e3a\u517b\u5bb6\u6c88\u5b89\u5b89\u51b3\u5b9a\u4ece\u5546\uff0c\u3000\u3000\u4ece\u4e00\u53ea\u753b\u7b14\u5165\u624b\u5f00\u542f\u4e86\u5546\u673a\uff0c\u3000\u3000\u5356\u836f\u6750\uff0c\u505a\u7f8e\u98df\uff0c\u5f00\u53d1\u9999\u6599\u3002\u3000\u3000\u6362\u6765\u592a\u5e73\u76db\u4e16\u4e0d\u8bf4\uff0c\u8fd8\u6367\u51fa\u4e00\u4e2a\u5927\u5c06\u519b\u3002\u3000\u3000\u603b\u4e4b\u4e00\u53e5\u8bdd\uff0c\u8fd9\u4e2a\u519c\u5973\u4e0d\u7b80\u5355\u3002\u3000\u3000\u300a\u4e00\u54c1\u5fa1\u53a8\u300b\u5b9e\u4f53\u4e66\u5df2\u7ecf\u4e0a\u5e02\uff0c\u51fa\u7248\u540d\u300a\u53a8\u5a18\u5927\u7ffb\u8eab\u300b\uff0c\u6c42\u652f\u6301\uff01\u3000\u3000\u65b0\u4e66\u52a0\u66f4\u6761\u4ef6\u4e0d\u53d8\uff0c\u4e94\u767e\u5b57\u957f\u8bc4\u6216\u4e00\u6b21\u4e94\u5341\u5143\u6253\u8d4f\u52a0\u66f4\u4e00\u6b21\uff01", "title": "\u638c\u5bb6\u5c0f\u519c\u5973", "url": "http://www.17k.com/book/2783259.html", "average": -1.0, "cover": "http://img.17k.com/images/bookcover/2018/13916/69/2783259-1519807583000.jpg", "reviews": 100255, "authors": [{"url": "http://www.17k.com/zuozhe/45562928", "name": "\u58a8\u8f7b\u6101"}], "type": ["\u7ecf\u5546\u79cd\u7530"], "outlinks": ["http://www.17k.com/book/2794982.html", "http://www.17k.com/book/2801292.html", "http://www.17k.com/book/2816318.html", "http://www.17k.com/book/2797575.html", "http://www.17k.com/book/2802516.html", "http://www.17k.com/book/2812195.html", "http://www.17k.com/book/2820143.html", "http://www.17k.com/book/2807943.html", "http://www.17k.com/book/2813457.html", "http://www.17k.com/book/2798058.html", "http://www.17k.com/book/2815617.html", "http://www.17k.com/book/2805259.html", "http://www.17k.com/book/2760255.html", "http://www.17k.com/book/2686894.html", "http://www.17k.com/book/2797016.html", "http://www.17k.com/book/2767246.html", "http://www.17k.com/book/2764239.html", "http://www.17k.com/book/2754498.html", "http://www.17k.com/book/2754900.html", "http://www.17k.com/book/2625740.html", "http://www.17k.com/book/2213315.html", "http://www.17k.com/book/2402178.html", "http://www.17k.com/book/2691221.html", "http://www.17k.com/book/2210699.html", "http://www.17k.com/book/1797752.html", "http://www.17k.com/book/2575507.html", "http://www.17k.com/book/2705181.html", "http://www.17k.com/book/2702539.html", "http://www.17k.com/book/2474887.html", "http://www.17k.com/book/2674733.html", "http://www.17k.com/book/2822076.html", "http://www.17k.com/book/2809894.html", "http://www.17k.com/book/2822077.html", "http://www.17k.com/book/2811930.html", "http://www.17k.com/book/2815548.html", "http://www.17k.com/book/2819620.html", "http://www.17k.com/book/2809964.html", "http://www.17k.com/book/2808200.html", "http://www.17k.com/book/2820100.html", "http://www.17k.com/book/2822978.html", "http://www.17k.com/book/2804337.html", "http://www.17k.com/book/2798814.html", "http://www.17k.com/book/2785153.html", "http://www.17k.com/book/2731559.html", "http://www.17k.com/book/2722533.html", "http://www.17k.com/book/2458377.html", "http://www.17k.com/book/2743300.html", "http://www.17k.com/book/973809.html", "http://www.17k.com/book/2651367.html", "http://www.17k.com/book/2726194.html", "http://www.17k.com/book/2790214.html", "http://www.17k.com/book/493239.html", "http://www.17k.com/book/108821.html", "http://www.17k.com/book/1398783.html", "http://www.17k.com/book/83528.html", "http://www.17k.com/book/1859126.html", "http://www.17k.com/book/1741975.html", "http://www.17k.com/book/192453.html", "http://www.17k.com/book/2459058.html", "http://www.17k.com/book/1050747.html", "http://www.17k.com/book/2700315.html", "http://www.17k.com/book/2818940.html", "http://www.17k.com/book/2819519.html", "http://www.17k.com/book/2816390.html", "http://www.17k.com/book/2819588.html", "http://www.17k.com/book/2813768.html", "http://www.17k.com/book/2822406.html", "http://www.17k.com/book/2772164.html", "http://www.17k.com/book/2784023.html", "http://www.17k.com/book/2811877.html", "http://www.17k.com/book/2809119.html", "http://www.17k.com/book/2803700.html", "http://www.17k.com/book/2819561.html", "http://www.17k.com/book/2746506.html", "http://www.17k.com/book/2811836.html", "http://www.17k.com/book/2614810.html", "http://www.17k.com/book/1592435.html", "http://www.17k.com/book/1949748.html", "http://www.17k.com/book/2265802.html", "http://www.17k.com/book/2743240.html", "http://www.17k.com/book/2657437.html", "http://www.17k.com/book/2644502.html", "http://www.17k.com/book/2199900.html", "http://www.17k.com/book/2725436.html", "http://www.17k.com/book/2629978.html"]}