{"ratings": -1, "userreviews": [{"userName": "ioplqq", "userReviewDate": "2016-02-23", "userURL": "http://user.17k.com/45244421", "userReview": "\u8bda\u54e5\u4e13\u4e00\u4eba\u54c1\u597d\uff0c\u7ea2\u5bfc\u8ba4\u771f\u4e0d\u8fdf\u5230\u3002 \u6c34\u6676\u59cb\u7ec8\u4e0d\u6d17\u6fa1\uff0c\u9f99\u9a91\u80d6\u6b21\u85cf\u5f97\u5999\u3002 \u706b\u7ea2\u6e29\u67d4\u7231\u5356\u840c\uff0c\u88c2\u9b42\u9ad8\u51b7\u5584\u5355\u6311\u3002 \u6d77\u7687\u65e0\u793c\u53c8\u83bd\u649e\uff0c\u5149\u68f1\u5206\u6570\u6263\u5f97\u5c11\u3002 \u98df\u661f\u996d\u91cf\u771f\u662f\u5c0f\uff0c\u739b\u4e3d\u5c0f\u8bf4\u6ca1\u4eba\u77a7\u3002 F2A\u77dc\u6301\u4e14\u5bb3\u7f9e\uff0c\u7f57\u5239\u8d77\u5e8a\u4e0d\u6015\u53eb\u3002 \u59d0\u59b9\u4ee3\u53f7\u5f88\u7edf\u4e00\uff0c\u50b2\u5a07\u8c26\u900a\u5c41\u80a1\u7fd8\u3002 \u5973\u738b\u4e0a\u8bfe\u65e0\u4f24\u4ea1\uff0c\u9b3c\u724c\u5b58\u5728\u6bd4\u5929\u9ad8\u3002 \u82f1\u4fca\u6f47\u6d12\u53c8\u5e05\u6c14\uff0c\u5a01\u98ce\u5802\u5802\u8282\u64cd\u9c8d\uff01"}, {"userName": "\u7231\u5982\u6307\u5c16\u7802", "userReviewDate": "2016-01-14", "userURL": "http://user.17k.com/44730745", "userReview": "\u8fd9\u6b21\u4f1a\u5b8c\u672c\u7684\u5427\uff1f\u4f1a\u7684\u5427\uff1f\u4e00\u5b9a\u4f1a\u7684\u5427\uff01\u771f\u7684\u4f1a\u4e48\uff01\uff01\uff01\uff1f\uff1f\uff1f"}, {"userName": "\u5fa1\u574219998", "userReviewDate": "2016-01-06", "userURL": "http://user.17k.com/17106043", "userReview": "\u5e7f\u544a\u4e13\u7528\u697c\uff0c\u697c\u5916\u5e7f\u544a\u4e00\u5f8b\u5220\u9664 \u4e3a\u4e86\u8bc4\u8bba\u533a\u6574\u6d01\u548c\u65b9\u4fbf\u5927\u5bb6\u627e\u4e66\uff0c\u63a8\u4e66\u8bf7\u5165\u6b64\u697c"}, {"userName": "\u54c0\u4f24\u7684\u9c8d\u9c7c", "userReviewDate": "2018-06-05", "userURL": "http://user.17k.com/44485727", "userReview": "\u601d\u8def\u7a0d\u5fae\u51fa\u4e86\u70b9\u95ee\u9898\uff0c\u5df2\u7ecf\u7406\u987a\uff0c\u6b63\u5728\u5199ING\u3002\u5927\u698212\u70b9\u5de6\u53f3\u80fd\u641e\u5b9a\u3002"}, {"userName": "\u80fd\u51fa\u6ca1\u6ce8\u610f", "userReviewDate": "2018-05-31", "userURL": "http://user.17k.com/38335788", "userReview": "\u90a3\u6211\u5148\u5bb0\u4e3a\u656c"}, {"userName": "\u54c0\u4f24\u7684\u9c8d\u9c7c", "userReviewDate": "2018-05-28", "userURL": "http://user.17k.com/44485727", "userReview": "\u4e8e\u662f\u516b\u767e\u516b\u5341\u4e5d\u7ae0\u53c8\u88ab\u9501\u5b9a\u4e86\u2026\u2026\u9b3c\u77e5\u9053\u6211\u5199\u4e86\u4ec0\u4e48\u5947\u602a\u7684\u4e1c\u897f\u54c8\u54c8\u54c8\u54c8\u54c8\u2026\u2026\u5927\u5bb6\u7a0d\u5b89\u52ff\u8e81\uff0c\u6211\u5df2\u7ecf\u7533\u8bf7\u89e3\u9664\u5c4f\u853d\u4e86\u3002\u3002\u3002<img src='http://img.17k.com/images/face/112han.gif' />"}, {"userName": "werewolf02", "userReviewDate": "2018-05-28", "userURL": "http://user.17k.com/46100574", "userReview": "\u8fd8\u6ca1\u770b\u516b**\u5c31\u88ab\u9501\u5b9a\u4e86<img src='http://img.17k.com/images/face/114yun.gif' /><img src='http://img.17k.com/images/face/114yun.gif' />"}, {"userName": "\u54c0\u4f24\u7684\u9c8d\u9c7c", "userReviewDate": "2018-05-27", "userURL": "http://user.17k.com/44485727", "userReview": "\u597d\u5427\uff0c\u8fd9\u4e2a\u65ad\u7ae0\u4e5f\u662f\u5de7\u4e86\uff0c\u56e0\u4e3a23\u53f7\u53bb\u53c2\u52a017K\u5e74\u4f1a\uff0c\u7ed3\u679c\u7b14\u8bb0\u672c\u7535\u8111\u6545\u969c\u574f\u6389\u4e86\u2026\u2026\u561b\uff0c\u4eca\u5929\u5f00\u59cb\u6062\u590d\u66f4\u65b0\uff0c\u4e4b\u524d\u65ad\u66f4\u7684\u51e0\u7ae0\u6211\u4e5f\u4f1a\u8865\u4e0a\u54d2\uff01\u8ba9\u5927\u5bb6\u53d7\u60ca\u5413\u4e86\u771f\u662f\u62b1\u6b49\uff01"}, {"userName": "\u5bb8\u5927\u660e", "userReviewDate": "2018-05-27", "userURL": "http://user.17k.com/56330431", "userReview": "888\u7ae0\u7edd\u8d5e\u592a\u76d1\uff01\u8bda\u54e5\u5730\u5e9c\u4e00\u53bb\u4e0d\u590d\u8fd4\uff01\u9c8d\u9c7c\u771f\u7684\u662f\u53ef\u60dc\u4e86\uff0c\u5e0c\u671b\u6709\u4e00\u5929\u9c8d\u9c7c\u80fd\u91cd\u65b0\u5199\u4e66\u5e76\u5927\u706b\uff01"}, {"userName": "17k\u4e66\u53cbw7romrqso", "userReviewDate": "2018-05-08", "userURL": "http://user.17k.com/61582877", "userReview": "[\u6253\u8d4f]\u6211\u6253\u8d4f\u4e868\u5143\u7ea2\u5305\uff01\uff01"}, {"userName": "17k\u4e66\u53cbo1v1cg3qt", "userReviewDate": "2018-04-29", "userURL": "http://user.17k.com/61332008", "userReview": "[\u6253\u8d4f]\u6211\u6253\u8d4f\u4e862\u5143\u7ea2\u5305\uff01\uff01"}, {"userName": "\u9a6c\u7984\u840d887684539", "userReviewDate": "2018-04-25", "userURL": "http://user.17k.com/55208920", "userReview": "\u600e\u4e48\u4e66\u8bc4\u6ca1\u6709\u65b0\u5185\u5bb9\uff1f"}, {"userName": "V\uff0d\u6893\u9f8d", "userReviewDate": "2018-04-15", "userURL": "http://user.17k.com/59113474", "userReview": "\u54c8\u54c8\u54c8\u8fd8\u597d\u8fd8\u597d"}, {"userName": "V\uff0d\u6893\u9f8d", "userReviewDate": "2018-04-15", "userURL": "http://user.17k.com/59113474", "userReview": "\u54c8\u54c8\u54c8\u8fd8\u597d\u8fd8\u597d"}, {"userName": "V\uff0d\u6893\u9f8d", "userReviewDate": "2018-04-15", "userURL": "http://user.17k.com/59113474", "userReview": "\u54c8\u54c8\u54c8\u8fd8\u597d\u8fd8\u597d"}, {"userName": "wth1999", "userReviewDate": "2018-04-15", "userURL": "http://user.17k.com/42890086", "userReview": "[\u6253\u8d4f]\u6211\u6253\u8d4f\u4e868\u5143\u7ea2\u5305\uff01\uff01"}, {"userName": "V\uff0d\u6893\u9f8d", "userReviewDate": "2018-04-08", "userURL": "http://user.17k.com/59113474", "userReview": "\u54c8\u54c8\u54c8\u56de\u5bb6"}, {"userName": "\u9eef\u6708\u7a7a\u5c71", "userReviewDate": "2018-04-03", "userURL": "http://user.17k.com/55080957", "userReview": "\u6551\u4e16\u4e3b\u90fd\u662f\u7f8e\u5c11\u5973\uff0c\u7f8e\u5c11\u5973\u90fd\u662f\u6551\u4e16\u4e3b\uff01"}, {"userName": "\u661f\u7a7a\u591c\u68a6\u8d30", "userReviewDate": "2018-03-24", "userURL": "http://user.17k.com/58011970", "userReview": "\u52a0\u6cb9\u2196(^\u03c9^)\u2197\uff0c\u5468\u672b\u6109\u5feb"}, {"userName": "\u4e1c\u98ce\u8c37_\u632f231248942", "userReviewDate": "2018-03-21", "userURL": "http://user.17k.com/46059070", "userReview": "\u723d\u5230 rua\uff01"}], "description": "1999\u5e74\uff0c\u5168\u5730\u7403\u4eba\u56e2\u7ed3\u8d77\u6765\uff0c\u5171\u540c\u5bf9\u6297\u90aa\u6076\u52bf\u529b\uff0c\u8fd9\u6bb5\u8f89\u714c\u7684\u5386\u53f2\u65e9\u5df2\u6e6e\u706d\u5728\u65f6\u95f4\u7684\u957f\u6cb3\u4e4b\u4e2d\uff0c\u5e78\u5b58\u7684\u4eba\u4eec\u4e5f\u90fd\u88ab\u6d88\u9664\u4e86\u8bb0\u5fc6\uff0c\u8fc7\u7740\u5e73\u6de1\u7684\u751f\u6d3b\uff0c\u4e00\u5207\u90fd\u4eff\u4f5b\u4ece\u672a\u53d1\u751f\u8fc7\uff0c\u7136\u800c\uff0c\u5728\u6211\u4eec\u7684\u8eab\u8fb9\uff0c\u5c31\u9690\u85cf\u7740\u8fd9\u6837\u4e00\u7fa4\u7f8e\u5c11\u5973\uff0c\u5979\u4eec\u4ecd\u7136\u5728\u4e3a\u5b88\u62a4\u5730\u7403\u7684\u548c\u5e73\u800c\u6218\u6597\u7740\uff0c\u5979\u4eec\u662f\u8fd9\u4e2a\u661f\u7403\u7684\u8d85\u7ea7\u82f1\u96c4\uff0c\u5979\u4eec\u88ab\u79f0\u4e3a\u2026\u2026\u6551\u4e16\u4e3b!", "title": "\u6551\u4e16\u4e3b\u90fd\u662f\u7f8e\u5c11\u5973", "url": "http://www.17k.com/book/1592435.html", "average": -1.0, "cover": "http://img.17k.com/images/bookcover/2015/7962/39/1592435-1451542588000.jpg", "reviews": 35793018, "authors": [{"url": "http://www.17k.com/zuozhe/44485727", "name": "\u54c0\u4f24\u7684\u9c8d\u9c7c"}], "type": ["\u840c\u7cfb\u5c0f\u8bf4"], "outlinks": ["http://www.17k.com/book/2794982.html", "http://www.17k.com/book/2801292.html", "http://www.17k.com/book/2816318.html", "http://www.17k.com/book/2797575.html", "http://www.17k.com/book/2802516.html", "http://www.17k.com/book/2812195.html", "http://www.17k.com/book/2820143.html", "http://www.17k.com/book/2807943.html", "http://www.17k.com/book/2813457.html", "http://www.17k.com/book/2798058.html", "http://www.17k.com/book/2815617.html", "http://www.17k.com/book/2805259.html", "http://www.17k.com/book/2760255.html", "http://www.17k.com/book/2686894.html", "http://www.17k.com/book/2797016.html", "http://www.17k.com/book/2767246.html", "http://www.17k.com/book/2764239.html", "http://www.17k.com/book/2754498.html", "http://www.17k.com/book/2754900.html", "http://www.17k.com/book/2625740.html", "http://www.17k.com/book/2213315.html", "http://www.17k.com/book/2402178.html", "http://www.17k.com/book/2691221.html", "http://www.17k.com/book/2210699.html", "http://www.17k.com/book/1797752.html", "http://www.17k.com/book/2575507.html", "http://www.17k.com/book/2705181.html", "http://www.17k.com/book/2702539.html", "http://www.17k.com/book/2474887.html", "http://www.17k.com/book/2674733.html", "http://www.17k.com/book/2822076.html", "http://www.17k.com/book/2809894.html", "http://www.17k.com/book/2822077.html", "http://www.17k.com/book/2811930.html", "http://www.17k.com/book/2815548.html", "http://www.17k.com/book/2819620.html", "http://www.17k.com/book/2809964.html", "http://www.17k.com/book/2808200.html", "http://www.17k.com/book/2820100.html", "http://www.17k.com/book/2822978.html", "http://www.17k.com/book/2804337.html", "http://www.17k.com/book/2798814.html", "http://www.17k.com/book/2785153.html", "http://www.17k.com/book/2731559.html", "http://www.17k.com/book/2722533.html", "http://www.17k.com/book/2458377.html", "http://www.17k.com/book/2743300.html", "http://www.17k.com/book/973809.html", "http://www.17k.com/book/2651367.html", "http://www.17k.com/book/2726194.html", "http://www.17k.com/book/2790214.html", "http://www.17k.com/book/493239.html", "http://www.17k.com/book/108821.html", "http://www.17k.com/book/1398783.html", "http://www.17k.com/book/83528.html", "http://www.17k.com/book/1859126.html", "http://www.17k.com/book/1741975.html", "http://www.17k.com/book/192453.html", "http://www.17k.com/book/2459058.html", "http://www.17k.com/book/1050747.html", "http://www.17k.com/book/2700315.html", "http://www.17k.com/book/2818940.html", "http://www.17k.com/book/2819519.html", "http://www.17k.com/book/2816390.html", "http://www.17k.com/book/2819588.html", "http://www.17k.com/book/2813768.html", "http://www.17k.com/book/2822406.html", "http://www.17k.com/book/2772164.html", "http://www.17k.com/book/2784023.html", "http://www.17k.com/book/2811877.html", "http://www.17k.com/book/2809119.html", "http://www.17k.com/book/2803700.html", "http://www.17k.com/book/2819561.html", "http://www.17k.com/book/2746506.html", "http://www.17k.com/book/2811836.html", "http://www.17k.com/book/2614810.html", "http://www.17k.com/book/1592435.html", "http://www.17k.com/book/1949748.html", "http://www.17k.com/book/2265802.html", "http://www.17k.com/book/2743240.html", "http://www.17k.com/book/2657437.html", "http://www.17k.com/book/2644502.html", "http://www.17k.com/book/2199900.html", "http://www.17k.com/book/2725436.html", "http://www.17k.com/book/2629978.html"]}