{"ratings": -1, "userreviews": [{"userName": "\u5bd2\u53f6\u840c\u4e38\u5b50\u59d0\u201d", "userReviewDate": "2014-05-31", "userURL": "http://user.17k.com/11513482", "userReview": "<span style='color:red'>\u5bd2\u53f6\u76df\u4e3b\u88d9\uff1a213517779 \uff08\u9700\u8981\u6295500\u8d35\u5bbe \u5c31\u662f50\u5143\u4eba\u6c11\u5e01\u624d\u80fd\u8fdb \u8fdb\u7684\u65f6\u5019\u8bf7\u5199\u8d35\u5bbe500\u5df2\u6295\uff09 \u65a9\u9f99\u5b98\u65b9\u4e00\u88d9\uff1a113638410 \uff082000\u4eba\u5927\u7fa4\uff09 \u65a9\u9f99\u5b98\u65b9\u4e09\u88d9\uff1a6792246 \uff08\u7fa4\u4e3b34D\u7f8e\u817f\uff09 \u65a9\u9f99\u5b98\u65b9\u56db\u88d9\uff1a228140921\uff08\u7fa4\u4e3b\u5931\u843d\u53f6\uff09 \u65a9\u9f99\u5b98\u65b9\u4e94\u88d9\uff1a45461838(\u968f\u673a\u65f6\u95f4\u5f00\u7fa4) 17k\u6539\u6635\u79f0\u7684\u65b9\u6cd5\uff1a\u8bf7\u767b\u9646 17k\u624b\u673a\u7f51 wap.17k.com \u8fdb\u884c\u4fee\u6539\u3002 \u8bf7\u5927\u5bb6\u591a\u591a\u652f\u6301<a target='_blank' href='http://www.17k.com/book/471287.html'>\u300a\u65a9\u9f99\u300b</a>\u591a\u591a\u6295\u8d35\u5bbe\u7968\u54e6 \u8ba9<a target='_blank' href='http://www.17k.com/book/471287.html'>\u300a\u65a9\u9f99\u300b</a>\u767b\u987617k\u8d35\u5bbe\u699c\u9996 \uff01~~~<a target='_blank' href='http://user.17k.com/540405'>@\u5931\u843d\u53f6</a></span>"}, {"userName": "RemainSnow", "userReviewDate": "2013-02-14", "userURL": "http://user.17k.com/4565312", "userReview": "\u6709\u6253\u5e7f\u544a\u7684\u5c0f\u4e56\uff0c\u90fd\u653e\u5230\u8fd9\u91cc\u5427~\u653e\u5728\u5916\u9762\u53f6\u5b50\u61d2\u5f97\u5220\uff0c\u7ba1\u7406\u5374\u4f1a\u6beb\u4e0d\u7559\u60c5\u5f97\u54e6~\u8fd9\u8bed\u6c14\u597d\u602a~~"}, {"userName": "\u5931\u843d\u53f6", "userReviewDate": "2013-02-14", "userURL": "http://user.17k.com/540405", "userReview": "[color=]<a target='_blank' href='http://www.17k.com/book/471287.html'>\u300a\u65a9\u9f99\u300b</a>\u9f99\u5957\u5f81\u96c6\u5e16\uff0c\u8bf7\u4e66\u5199\u6e05\u695a\u89d2\u8272ID\u3001\u6027\u522b\u3001\u804c\u4e1a\u3001\u6280\u80fd\u4e0e\u6027\u683c\u7b49\uff0c\u8bf7\u52ff\u592a\u5938\u5f20\uff0c\u65e0\u654c\u8005\u65e0\u89c6\u3001\u6ce1\u5973\u4e3b\u8005\u65e0\u89c6\uff01"}, {"userName": "\u5723\u9690\u5e1d\u5143", "userReviewDate": "2018-06-06", "userURL": "http://user.17k.com/57760595", "userReview": "\u7b7e\u5230\u652f\u6301\uff01"}, {"userName": "\u89c1\u9f99\u5728\u7530506764081", "userReviewDate": "2018-06-04", "userURL": "http://user.17k.com/58983414", "userReview": "159357"}, {"userName": "\u6d6e\u6c99805857104", "userReviewDate": "2018-06-04", "userURL": "http://user.17k.com/59841524", "userReview": "\u67d0\u70b9\u6709\u672c\u4e66\u548c\u8fd9\u672c\u4e66\u91cd\u540d\uff0c\u800c\u4e14\u6bd4\u8fd9\u672c\u4e66\u665a\uff0c\u4e00\u767e\u591a\u7ae0\uff0c\u4e01\u8001\u5e08\u8d77\u8bc9\u4e48\uff1f"}, {"userName": "\u6e05\u98ce\u5f90\u6765\u660e\u6708\u98d8\u98d8", "userReviewDate": "2018-06-04", "userURL": "http://user.17k.com/55524311", "userReview": "\u633a\u597d\u770b\u7684\u4e66"}, {"userName": "17K\u4e66\u53cbaxrthl6f", "userReviewDate": "2018-06-04", "userURL": "http://user.17k.com/62298101", "userReview": "\u8fc7\u5e74\u653e\u5047\u811a\u540e\u8ddf"}, {"userName": "17K\u4e66\u53cbLVPZ5HT7", "userReviewDate": "2018-06-03", "userURL": "http://user.17k.com/61916419", "userReview": "\u4e00\u4e2a\u6837\u5440\uff01"}, {"userName": "17K\u4e66\u53cbaxrthl6f", "userReviewDate": "2018-06-03", "userURL": "http://user.17k.com/62298101", "userReview": "\u8f85\u5bfc\u73ed\u5f88\u8fc7\u5206"}, {"userName": "17K\u4e66\u53cbaxrthl6f", "userReviewDate": "2018-06-02", "userURL": "http://user.17k.com/62298101", "userReview": "\u597d\u4e66\uff0c\u5f88\u7cbe\u5f69"}, {"userName": "17K\u4e66\u53cbaxrthl6f", "userReviewDate": "2018-06-02", "userURL": "http://user.17k.com/62298101", "userReview": ",,,,,,,"}, {"userName": "\u5723\u9690\u5e1d\u5143", "userReviewDate": "2018-06-02", "userURL": "http://user.17k.com/57760595", "userReview": "\u7b7e\u5230\u652f\u6301\uff01"}, {"userName": "\u51b0\u96ea\u9601\u2744\u4e91\u68a6", "userReviewDate": "2018-05-31", "userURL": "http://user.17k.com/60002833", "userReview": "\u73b0\u5728\u7684\u7248\u672c\u4e0d\u80fd\u6295\u8d35\u5bbe\u7968\u54af"}, {"userName": "\u6f2b\u5929\u661f\u8424", "userReviewDate": "2018-05-30", "userURL": "http://user.17k.com/56871683", "userReview": "\u7b80\u5355\u70b9\uff0c\u661f\u8424\u8bf4\u8bdd\u5c31\u4e0d\u62d0\u5f2f\u62b9\u89d2\u5566(\u0e51&acute;\u3142`\u0e51)\u4eba\u751f\u4e2d\u6700\u7231\u4f60\u7684\u4eba\uff0c\u9664\u4e86\u4f60\u81ea\u5df1\uff0c\u8fd8\u662f\u4f60\u81ea\u5df1 \uff0c\u6ce8\u610f\u4f11\u606f\u54e6\uff5e\u201c\u4fdd\u62a4\u201d\u597d\u81ea\u5df1"}, {"userName": "\u5bc2\u5bde\u7684\u4eba819523497", "userReviewDate": "2018-05-30", "userURL": "http://user.17k.com/62337993", "userReview": "\u597d\u4e66\uff0c\uff0c\uff0c"}, {"userName": "\u5723\u9690\u5e1d\u5143", "userReviewDate": "2018-05-26", "userURL": "http://user.17k.com/57760595", "userReview": "\u7b7e\u5230\u652f\u6301"}, {"userName": "17K\u4e66\u53cbCNGQBF38", "userReviewDate": "2018-05-25", "userURL": "http://user.17k.com/62168378", "userReview": "[\u6253\u8d4f]\u6211\u6253\u8d4f\u4e861\u5143\u7ea2\u5305\uff01\uff01"}, {"userName": "17K\u4e66\u53cbK2QXIMOV", "userReviewDate": "2018-05-24", "userURL": "http://user.17k.com/62038952", "userReview": "[\u6253\u8d4f]\u6211\u6253\u8d4f\u4e861\u5143\u7ea2\u5305\uff01\uff01"}, {"userName": "0\u7af9\u6797\u542c\u98ce0", "userReviewDate": "2018-05-23", "userURL": "http://user.17k.com/60062436", "userReview": "\u770b\u5230\u5927\u795e\u7684\u6210\u7ee9\uff0c\u7a81\u7136\u6709\u4e00\u79cd\u81ea\u5351\u611f!\u4f5c\u54c1\u6536\u85cf"}], "description": "\u6211\u8981\u7ffb\u624b\u4e3a\u4e91\uff0c\u8986\u624b\u4e3a\u96e8\uff01\u3000\u3000\u6211\u8981\u98a0\u8986\u547d\u683c\uff0c\u626d\u8f6c\u4e7e\u5764\uff01\u3000\u3000\u6211\u8981\u6740\u5c3d\u8d1f\u6211\u4e4b\u4eba\uff0c\u5c60\u5c3d\u865a\u4f2a\u4e4b\u8f88\uff01\u3000\u3000\u6211\u8981\u8fd9\u5929\uff0c\u518d\u906e\u4e0d\u4f4f\u6211\u7684\u773c\uff01\u3000\u3000\u6211\u8981\u8fd9\u5730\uff0c\u518d\u57cb\u4e0d\u4f4f\u6211\u7684\u5fc3\uff01\u3000\u3000\u6211\u8981\u8fd9\u5929\u4e0a\u8bf8\u795e\uff0c\u70df\u6d88\u4e91\u6563\uff01\u3000\u3000\u2026\u2026\u3000\u3000\u6211\u8981\u4e94\u767e\u5757\u94b1\uff0c\u5148\u4ea4\u623f\u79df\uff01\uff01\u3000\u3000\u2014\u2014\u2014\u2014\u2014\u2014\u2014\u2014\u2014\u2014\u2014\u2014\u2014\u2014\u2014\u2014\u2014\u2014\u2014\u2014\u2014\u2014\u2014\u2014\u2014\u2014\u2014\u2014\u3000\u3000\u3010\u65a9\u9f99\u3011\u626c\u5e06\u8d77\u822a\uff0c2013\u5e74\uff0c\u770b\u7f8e\u5973\u5927\u5c0f\u59d0\u7684\u65e0\u654c\u8d34\u8eab\u9ad8\u624b\u7eb5\u6a2a\u865a\u62df\u56fd\u5ea6\uff01\u3000\u3000\u65a9\u9f99\u7fa4\uff1a\u3010\u5bd2\u53f6\u76df213517779\u3011\u8981\u6c42\u5fc5\u987b500\u8d35\u5bbe\uff0c\u3010\u65a9\u9f991\u7fa4113638410\u3011\u65e0\u8981\u6c42\uff0c\u3010\u65a9\u9f993\u7fa46792246\u3011\u65e0\u8981\u6c42\u3002", "title": "\u65a9\u9f99", "url": "http://www.17k.com/book/471287.html", "average": -1.0, "cover": "http://img.17k.com/images/bookcover/2015/2356/11/471287-1422947511000.jpg", "reviews": 1106630293, "authors": [{"url": "http://www.17k.com/zuozhe/540405", "name": "\u5931\u843d\u53f6"}], "type": ["\u6e38\u620f\u751f\u6daf"], "outlinks": ["http://www.17k.com/book/2794982.html", "http://www.17k.com/book/2801292.html", "http://www.17k.com/book/2816318.html", "http://www.17k.com/book/2797575.html", "http://www.17k.com/book/2802516.html", "http://www.17k.com/book/2812195.html", "http://www.17k.com/book/2820143.html", "http://www.17k.com/book/2807943.html", "http://www.17k.com/book/2813457.html", "http://www.17k.com/book/2798058.html", "http://www.17k.com/book/2815617.html", "http://www.17k.com/book/2805259.html", "http://www.17k.com/book/2760255.html", "http://www.17k.com/book/2686894.html", "http://www.17k.com/book/2797016.html", "http://www.17k.com/book/2767246.html", "http://www.17k.com/book/2764239.html", "http://www.17k.com/book/2754498.html", "http://www.17k.com/book/2754900.html", "http://www.17k.com/book/2625740.html", "http://www.17k.com/book/2213315.html", "http://www.17k.com/book/2402178.html", "http://www.17k.com/book/2691221.html", "http://www.17k.com/book/2210699.html", "http://www.17k.com/book/1797752.html", "http://www.17k.com/book/2575507.html", "http://www.17k.com/book/2705181.html", "http://www.17k.com/book/2702539.html", "http://www.17k.com/book/2474887.html", "http://www.17k.com/book/2674733.html", "http://www.17k.com/book/2822076.html", "http://www.17k.com/book/2809894.html", "http://www.17k.com/book/2822077.html", "http://www.17k.com/book/2811930.html", "http://www.17k.com/book/2815548.html", "http://www.17k.com/book/2819620.html", "http://www.17k.com/book/2809964.html", "http://www.17k.com/book/2808200.html", "http://www.17k.com/book/2820100.html", "http://www.17k.com/book/2822978.html", "http://www.17k.com/book/2804337.html", "http://www.17k.com/book/2798814.html", "http://www.17k.com/book/2785153.html", "http://www.17k.com/book/2731559.html", "http://www.17k.com/book/2722533.html", "http://www.17k.com/book/2458377.html", "http://www.17k.com/book/2743300.html", "http://www.17k.com/book/973809.html", "http://www.17k.com/book/2651367.html", "http://www.17k.com/book/2726194.html", "http://www.17k.com/book/2790214.html", "http://www.17k.com/book/493239.html", "http://www.17k.com/book/108821.html", "http://www.17k.com/book/1398783.html", "http://www.17k.com/book/83528.html", "http://www.17k.com/book/1859126.html", "http://www.17k.com/book/1741975.html", "http://www.17k.com/book/192453.html", "http://www.17k.com/book/2459058.html", "http://www.17k.com/book/1050747.html", "http://www.17k.com/book/2700315.html", "http://www.17k.com/book/2818940.html", "http://www.17k.com/book/2819519.html", "http://www.17k.com/book/2816390.html", "http://www.17k.com/book/2819588.html", "http://www.17k.com/book/2813768.html", "http://www.17k.com/book/2822406.html", "http://www.17k.com/book/2772164.html", "http://www.17k.com/book/2784023.html", "http://www.17k.com/book/2811877.html", "http://www.17k.com/book/2809119.html", "http://www.17k.com/book/2803700.html", "http://www.17k.com/book/2819561.html", "http://www.17k.com/book/2746506.html", "http://www.17k.com/book/2811836.html", "http://www.17k.com/book/2614810.html", "http://www.17k.com/book/1592435.html", "http://www.17k.com/book/1949748.html", "http://www.17k.com/book/2265802.html", "http://www.17k.com/book/2743240.html", "http://www.17k.com/book/2657437.html", "http://www.17k.com/book/2644502.html", "http://www.17k.com/book/2199900.html", "http://www.17k.com/book/2725436.html", "http://www.17k.com/book/2629978.html"]}