{"ratings": -1, "userreviews": [{"userName": "fdq2013", "userReviewDate": "2015-10-20", "userURL": "http://user.17k.com/43172831", "userReview": "\u5343\u98ce\u4e91\u6765\u8bbf<a target='_blank' href='http://www.17k.com/book/1431220.html'>\u300a\u6781\u5929\u8bb0\u300b</a>\uff0c\u5984\u56de\u8bbf\u3002"}, {"userName": "\u98ce\u963f\u5b9d", "userReviewDate": "2015-10-20", "userURL": "http://user.17k.com/4856187", "userReview": "<a target='_blank' href='http://www.17k.com/book/1469174.html'>\u300a\u6211\u4eec\u5e74\u8f7b\u300b</a>\u6765\u8bbf\uff0c\u9001\u4e0a\u8d35\u5bbe\uff0c\u6c42\u56de\u8bbf\u9c9c\u82b1\u6536\u85cf\u54e6"}, {"userName": "\u5c0f\u6078", "userReviewDate": "2015-10-07", "userURL": "http://user.17k.com/42954903", "userReview": "\u67d3\u7136\u4e0d\u5206 \u643a<a target='_blank' href='http://www.17k.com/book/1415176.html'>\u300a\u5973\u795e\u7684\u65f7\u4e16\u4fdd\u9556\u300b</a>\u524d\u6765\u6367\u573a\uff01<a target='_blank' href='http://user.17k.com/37769807'>@\u68a6\u6653\u865a\u5e7b</a>"}, {"userName": "\u6c5f\u75a4\u513f", "userReviewDate": "2015-09-24", "userURL": "http://user.17k.com/38498667", "userReview": "<span style='color:blue'>\u4e48\u4e48\u54d2 \u52a0\u6cb9 \u575a\u6301\u5c31\u662f\u80dc\u5229 \u4e0d\u8981\u8f7b\u6613\u653e\u5f03 <a target='_blank' href='http://www.17k.com/book/1356332.html'>\u300a\u4ee5\u5c38\u4e4b\u540d\u300b</a>\u6765\u9876\u4f60 \u7801\u5b57\u8def\u4e0a \u4f60\u6211\u98ce\u96e8\u540c\u884c<a target='_blank' href='http://user.17k.com/37769807'>@\u68a6\u6653\u865a\u5e7b</a> <a target='_blank' href='http://user.17k.com/37769807'>@\u68a6\u6653\u865a\u5e7b</a></span>"}, {"userName": "\u7edd\u4e16\u738b\u7237", "userReviewDate": "2015-06-14", "userURL": "http://user.17k.com/41548122", "userReview": "\u65b0\u4eba\u6765\u8fc7\uff0c\u62dc\u8bfb\u5b66\u4e60\u4e86\uff01\u795d\u541b\u8003\u4e2d\u5982\u610f\u5b66\u5e9c\uff01\u671b\u56de\u8bbf\uff01\u8c22\u8c22"}], "description": "\u5728\u51b0\u51b7\u7684\u738b\u5ea7\u4e0a\uff0c\u6211\u8981\u53bb\u5bfb\u627e\u6211\u6240\u6ca1\u6709\u7684\u4e00\u5207........", "title": "\u65b0\u5b9e\u5e7b", "url": "http://www.17k.com/book/1082383.html", "average": -1.0, "cover": "http://img.17k.com/images/bookcover/2015/5411/27/1082383-1420901935000.jpg", "reviews": 2261, "authors": [{"url": "http://www.17k.com/zuozhe/37769807", "name": "\u68a6\u6653\u865a\u5e7b"}], "type": ["\u5f02\u754c\u5927\u9646"], "outlinks": ["http://www.17k.com/book/2794982.html", "http://www.17k.com/book/2801292.html", "http://www.17k.com/book/2816318.html", "http://www.17k.com/book/2797575.html", "http://www.17k.com/book/2802516.html", "http://www.17k.com/book/2812195.html", "http://www.17k.com/book/2820143.html", "http://www.17k.com/book/2807943.html", "http://www.17k.com/book/2813457.html", "http://www.17k.com/book/2798058.html", "http://www.17k.com/book/2815617.html", "http://www.17k.com/book/2805259.html", "http://www.17k.com/book/2760255.html", "http://www.17k.com/book/2686894.html", "http://www.17k.com/book/2797016.html", "http://www.17k.com/book/2767246.html", "http://www.17k.com/book/2764239.html", "http://www.17k.com/book/2754498.html", "http://www.17k.com/book/2754900.html", "http://www.17k.com/book/2625740.html", "http://www.17k.com/book/2213315.html", "http://www.17k.com/book/2402178.html", "http://www.17k.com/book/2691221.html", "http://www.17k.com/book/2210699.html", "http://www.17k.com/book/1797752.html", "http://www.17k.com/book/2575507.html", "http://www.17k.com/book/2705181.html", "http://www.17k.com/book/2702539.html", "http://www.17k.com/book/2474887.html", "http://www.17k.com/book/2674733.html", "http://www.17k.com/book/2822076.html", "http://www.17k.com/book/2809894.html", "http://www.17k.com/book/2822077.html", "http://www.17k.com/book/2811930.html", "http://www.17k.com/book/2815548.html", "http://www.17k.com/book/2819620.html", "http://www.17k.com/book/2809964.html", "http://www.17k.com/book/2808200.html", "http://www.17k.com/book/2820100.html", "http://www.17k.com/book/2822978.html", "http://www.17k.com/book/2804337.html", "http://www.17k.com/book/2798814.html", "http://www.17k.com/book/2785153.html", "http://www.17k.com/book/2731559.html", "http://www.17k.com/book/2722533.html", "http://www.17k.com/book/2458377.html", "http://www.17k.com/book/2743300.html", "http://www.17k.com/book/973809.html", "http://www.17k.com/book/2651367.html", "http://www.17k.com/book/2726194.html", "http://www.17k.com/book/2790214.html", "http://www.17k.com/book/493239.html", "http://www.17k.com/book/108821.html", "http://www.17k.com/book/1398783.html", "http://www.17k.com/book/83528.html", "http://www.17k.com/book/1859126.html", "http://www.17k.com/book/1741975.html", "http://www.17k.com/book/192453.html", "http://www.17k.com/book/2459058.html", "http://www.17k.com/book/1050747.html", "http://www.17k.com/book/2700315.html", "http://www.17k.com/book/2818940.html", "http://www.17k.com/book/2819519.html", "http://www.17k.com/book/2816390.html", "http://www.17k.com/book/2819588.html", "http://www.17k.com/book/2813768.html", "http://www.17k.com/book/2822406.html", "http://www.17k.com/book/2772164.html", "http://www.17k.com/book/2784023.html", "http://www.17k.com/book/2811877.html", "http://www.17k.com/book/2809119.html", "http://www.17k.com/book/2803700.html", "http://www.17k.com/book/2819561.html", "http://www.17k.com/book/2746506.html", "http://www.17k.com/book/2811836.html", "http://www.17k.com/book/2614810.html", "http://www.17k.com/book/1592435.html", "http://www.17k.com/book/1949748.html", "http://www.17k.com/book/2265802.html", "http://www.17k.com/book/2743240.html", "http://www.17k.com/book/2657437.html", "http://www.17k.com/book/2644502.html", "http://www.17k.com/book/2199900.html", "http://www.17k.com/book/2725436.html", "http://www.17k.com/book/2629978.html"]}