{"ratings": -1, "userreviews": [{"userName": "17K\u4e66\u53cbamptsy0a", "userReviewDate": "2018-06-07", "userURL": "http://user.17k.com/62315761", "userReview": "\u8001\u54e5\uff0c\u52a0\u6cb9\u554a"}, {"userName": "\u4e00\u66f2\u79bb\u6b4c\u4e28\u6cea\u503e\u57ce", "userReviewDate": "2018-06-06", "userURL": "http://user.17k.com/46391750", "userReview": "\u611f\u89c9\u51c9\u4e86\u3002"}, {"userName": "\u6068532590820", "userReviewDate": "2018-06-04", "userURL": "http://user.17k.com/48480603", "userReview": "\u6211\u611f\u89c9\u5df2\u7ecf\u8d85\u51fa\u4e86\u4ed6\u7684\u672c\u8d28\uff0c\u8fd9\u4e2a\u662f\u4e27\u5c38\u5c0f\u8bf4\u3002\u8d76\u7d27\u628a\u7537\u4e3b\u53d8\u56de\u6765\u5427\uff01"}, {"userName": "\u843d\u6b23\u5189", "userReviewDate": "2018-06-02", "userURL": "http://user.17k.com/38416193", "userReview": "\u4e0d\u66f4\u65b0\u9524\u6b7b\u4f60"}, {"userName": "\u843d\u6b23\u5189", "userReviewDate": "2018-06-02", "userURL": "http://user.17k.com/38416193", "userReview": "\u5927\u5144\u5f97\u5feb\u70b9\u66f4\u54e6&#55357;&#56850;"}, {"userName": "666464084483", "userReviewDate": "2018-05-30", "userURL": "http://user.17k.com/61429255", "userReview": "\u521a\u521a\u770b\u5b8c\u4f5c\u8005\u7684\u65e7\u4f5c\uff0c\u73b0\u5728\u770b\u65b0\u4f5c\u5965\u8feaA6\u53c8\u91cd\u51fa\u6c5f\u6e56\u4e86\u3002"}, {"userName": "\u6068532590820", "userReviewDate": "2018-05-19", "userURL": "http://user.17k.com/48480603", "userReview": "\u4e3a\u4ec0\u4e48\u8981\u5199\u82cf\u65e0\u7ed8\uff1f\u4e0a\u672c\u4e66\u6b7b\u4e86\u7684\u4eba\u7269\u8fd8\u8981\u5199"}, {"userName": "17K\u4e66\u53cb6f7871ik", "userReviewDate": "2018-05-18", "userURL": "http://user.17k.com/61919271", "userReview": "\u4eca\u5929\u8fd9\u7ae0\uff0c\uff0c\uff0c\u9664\u4e86\u5395\u6240\uff0c\uff0c\u5267\u60c5\u5462\uff0c"}, {"userName": "\u5fc3\u788e\u3046\u8ab0764306726", "userReviewDate": "2018-05-15", "userURL": "http://user.17k.com/59109132", "userReview": "\u6709\u7684 \u3002\u3002\u3002\u3002"}, {"userName": "\u7c89\u4ea4\u672c\u5c0a", "userReviewDate": "2018-05-14", "userURL": "http://user.17k.com/58788435", "userReview": "\u8fd8\u6709\u4eba\u5728\u770b\u8fd9\u672c\u5c0f\u8bf4\u5417\uff1f"}, {"userName": "\u5fc3\u788e\u3046\u8ab0764306726", "userReviewDate": "2018-05-08", "userURL": "http://user.17k.com/59109132", "userReview": "\u771f\u7684\u51c9\u4e86\u3002\u5509~"}, {"userName": "\u534a\u70df\u96e8", "userReviewDate": "2018-04-23", "userURL": "http://user.17k.com/61127090", "userReview": "\u6c34\u4e00\u6ce2 \u8c01\u7ed9\u6211\u63d0\u70b9\u5efa\u8bae\u554a"}, {"userName": "\u4f24\u5fc3\u4e86\u2026\u2026\u8c01\u5b89\u6170", "userReviewDate": "2018-04-22", "userURL": "http://user.17k.com/58663287", "userReview": "\u8001\u54e5\u4f60\u662f\u4e0d\u662f\u51c9\u4e86"}, {"userName": "\u6212\u763e.242449701", "userReviewDate": "2018-04-19", "userURL": "http://user.17k.com/53068749", "userReview": "\u600e\u4e48\u4e0d\u66f4\u65b0\u4e86\uff1f"}, {"userName": "\u4f24\u5fc3\u4e86\u2026\u2026\u8c01\u5b89\u6170", "userReviewDate": "2018-04-04", "userURL": "http://user.17k.com/58663287", "userReview": "\u7ae0\u8282\u88ab\u9501\u5b9a\u4ec0\u4e48\u9b3c\uff1f\u5927\u54e5\u4f60\u5199\u7684\u591a\u8fc7\u5206\uff1f&#55357;&#56883;&#55357;&#56883;"}, {"userName": "\u5948\u4f55\u6a4b\u982d\u5606\u5948\u4f55\u309e", "userReviewDate": "2018-04-01", "userURL": "http://user.17k.com/58672493", "userReview": "\u4e0d\u66f4\u4e86\u8fd8\u662f\u600e\u4e48\u6837\u4e86"}, {"userName": "\u98ce\u77e5\u543e\u610f", "userReviewDate": "2018-03-28", "userURL": "http://user.17k.com/58721167", "userReview": "\u63d0\u4e2a\u5efa\u8bae\uff0c\u90ed\u4e91\u89e3\u51bb\u8fd9\u79cd\uff0c\u53ef\u4ee5\u5199\u4e00\u70b9\u7ec6\u8282\uff0c\u624d\u66f4\u52a0\u751f\u52a8"}, {"userName": "\u5356\u5973\u5b69\u7684\u5c0f\u706b\u67f4^_^\u2026", "userReviewDate": "2018-03-27", "userURL": "http://user.17k.com/60601270", "userReview": "\u6162\u554ae_e"}, {"userName": "day\u8a00\u548c", "userReviewDate": "2018-03-23", "userURL": "http://user.17k.com/49877445", "userReview": "\u633a\u6709\u610f\u601d\u7684\u5c31\u662f\u66f4\u7684\u6162"}, {"userName": "\u4e00\u66f2\u79bb\u6b4c\u4e28\u6cea\u503e\u57ce", "userReviewDate": "2018-03-19", "userURL": "http://user.17k.com/46391750", "userReview": "\u4e0d\u5199\u5c31\u6ca1\u7684\u770b\u4e86 \u4e0d\u770b\u4e86"}], "description": "\u4e27\u5c38\u610f\u5916\u7206\u53d1\uff0c\u6765\u81ea\u6574\u4e2a\u4e16\u754c\u7684\u6076\u610f\uff0c\u4fc3\u4f7f\u4ed6\u8d70\u4e0a\u51b0\u51b7\u5f7b\u9aa8\u7684\u738b\u5ea7\uff0c\u6210\u4e3a\u4e00\u4e2a\u5341\u6076\u4e0d\u8d66\u7684\u660f\u541b\u3002\u3000\u3000\u4ed6\u7684\u81e3\u5b50\u662f\u65e0\u6570\u5fe0\u5fc3\u803f\u803f\u7684\u53d8\u5f02\u7269\u79cd\uff0c\u6bcf\u4e00\u6b21\u6467\u67af\u62c9\u673d\u7684\u6a2a\u626b\u4e16\u754c\u3001\u8df5\u8e0f\u4eba\u7c7b\u6700\u540e\u7684\u9886\u571f\uff0c\u90fd\u662f\u8c61\u5f81\u65b0\u4e16\u7eaa\u7684\u964d\u4e34\u3002\u3000\u3000\u7687\u5e1d\uff0c\u4e0d\u662f\u4e00\u4e2a\u597d\u8eab\u4efd\u3002\u3000\u3000\u5b64\u72ec\uff0c\u624d\u662f\u6700\u5927\u7684\u654c\u4eba\u3002", "title": "\u65e0\u751f\u7eaa\u5143", "url": "http://www.17k.com/book/2737016.html", "average": -1.0, "cover": "http://img.17k.com/images/bookcover/2018/13685/68/2737016-1527660335000.jpg", "reviews": 9880, "authors": [{"url": "http://www.17k.com/zuozhe/58788435", "name": "\u53cc\u55b5\u5b50"}], "type": ["\u672b\u4e16\u5371\u673a"], "outlinks": ["http://www.17k.com/book/2794982.html", "http://www.17k.com/book/2801292.html", "http://www.17k.com/book/2816318.html", "http://www.17k.com/book/2797575.html", "http://www.17k.com/book/2802516.html", "http://www.17k.com/book/2812195.html", "http://www.17k.com/book/2820143.html", "http://www.17k.com/book/2807943.html", "http://www.17k.com/book/2813457.html", "http://www.17k.com/book/2798058.html", "http://www.17k.com/book/2815617.html", "http://www.17k.com/book/2805259.html", "http://www.17k.com/book/2760255.html", "http://www.17k.com/book/2686894.html", "http://www.17k.com/book/2797016.html", "http://www.17k.com/book/2767246.html", "http://www.17k.com/book/2764239.html", "http://www.17k.com/book/2754498.html", "http://www.17k.com/book/2754900.html", "http://www.17k.com/book/2625740.html", "http://www.17k.com/book/2213315.html", "http://www.17k.com/book/2402178.html", "http://www.17k.com/book/2691221.html", "http://www.17k.com/book/2210699.html", "http://www.17k.com/book/1797752.html", "http://www.17k.com/book/2575507.html", "http://www.17k.com/book/2705181.html", "http://www.17k.com/book/2702539.html", "http://www.17k.com/book/2474887.html", "http://www.17k.com/book/2674733.html", "http://www.17k.com/book/2822076.html", "http://www.17k.com/book/2809894.html", "http://www.17k.com/book/2822077.html", "http://www.17k.com/book/2811930.html", "http://www.17k.com/book/2815548.html", "http://www.17k.com/book/2819620.html", "http://www.17k.com/book/2809964.html", "http://www.17k.com/book/2808200.html", "http://www.17k.com/book/2820100.html", "http://www.17k.com/book/2822978.html", "http://www.17k.com/book/2804337.html", "http://www.17k.com/book/2798814.html", "http://www.17k.com/book/2785153.html", "http://www.17k.com/book/2731559.html", "http://www.17k.com/book/2722533.html", "http://www.17k.com/book/2458377.html", "http://www.17k.com/book/2743300.html", "http://www.17k.com/book/973809.html", "http://www.17k.com/book/2651367.html", "http://www.17k.com/book/2726194.html", "http://www.17k.com/book/2790214.html", "http://www.17k.com/book/493239.html", "http://www.17k.com/book/108821.html", "http://www.17k.com/book/1398783.html", "http://www.17k.com/book/83528.html", "http://www.17k.com/book/1859126.html", "http://www.17k.com/book/1741975.html", "http://www.17k.com/book/192453.html", "http://www.17k.com/book/2459058.html", "http://www.17k.com/book/1050747.html", "http://www.17k.com/book/2700315.html", "http://www.17k.com/book/2818940.html", "http://www.17k.com/book/2819519.html", "http://www.17k.com/book/2816390.html", "http://www.17k.com/book/2819588.html", "http://www.17k.com/book/2813768.html", "http://www.17k.com/book/2822406.html", "http://www.17k.com/book/2772164.html", "http://www.17k.com/book/2784023.html", "http://www.17k.com/book/2811877.html", "http://www.17k.com/book/2809119.html", "http://www.17k.com/book/2803700.html", "http://www.17k.com/book/2819561.html", "http://www.17k.com/book/2746506.html", "http://www.17k.com/book/2811836.html", "http://www.17k.com/book/2614810.html", "http://www.17k.com/book/1592435.html", "http://www.17k.com/book/1949748.html", "http://www.17k.com/book/2265802.html", "http://www.17k.com/book/2743240.html", "http://www.17k.com/book/2657437.html", "http://www.17k.com/book/2644502.html", "http://www.17k.com/book/2199900.html", "http://www.17k.com/book/2725436.html", "http://www.17k.com/book/2629978.html"]}