{"ratings": -1, "userreviews": [{"userName": "17K\u4e66\u53cbBDPZE9TJ", "userReviewDate": "2018-06-06", "userURL": "http://user.17k.com/61704781", "userReview": "[\u6253\u8d4f]\u6211\u6253\u8d4f\u4e861\u5143\u7ea2\u5305\uff01\uff01"}, {"userName": "\u5b63\uff06\u6cab\u6ef4-\u5e7d\u6b87", "userReviewDate": "2018-06-05", "userURL": "http://user.17k.com/62544476", "userReview": "\u597d\u770b&#55357;&#56842;\u52a0\u6cb9"}, {"userName": "17K\u4e66\u53cbBSY3ZQBQ", "userReviewDate": "2018-06-05", "userURL": "http://user.17k.com/61665778", "userReview": "[\u6253\u8d4f]\u6211\u6253\u8d4f\u4e861\u5143\u7ea2\u5305\uff01\uff01"}, {"userName": "17K\u4e66\u53cbBDPZE9TJ", "userReviewDate": "2018-06-03", "userURL": "http://user.17k.com/61704781", "userReview": "[\u6253\u8d4f]\u6211\u6253\u8d4f\u4e861\u5143\u7ea2\u5305\uff01\uff01"}, {"userName": "\u7af9\u4e0b\u661f\u67f3", "userReviewDate": "2018-06-02", "userURL": "http://user.17k.com/56040077", "userReview": "\u6765\u770b\u770b\uff0c\u52a0\u6cb9\u5927\u5927\u3002"}, {"userName": "\u5c0f&#55357;&#56840; \u5996\u3001\u5df2\u6210\u7cbe", "userReviewDate": "2018-05-31", "userURL": "http://user.17k.com/62374357", "userReview": "[\u6253\u8d4f]\u6211\u6253\u8d4f\u4e861\u4e2a'\u5c0f\u5fc3\u5fc3'\uff01\uff01"}, {"userName": "\u7af9\u4e0b\u661f\u67f3", "userReviewDate": "2018-05-26", "userURL": "http://user.17k.com/56040077", "userReview": "\u65fa\u592b\u5c0f\u53a8\u5a18\uff1f\u6211\u6765\u770b\u4e86\uff0c\u4f1a\u4e0d\u4f1a\u4e5f\u7ed9\u6211\u4e2a\u65fa\u65fa\u554a\uff1f\u5927\u5927\uff0c\u52a0\u6cb9\uff01"}, {"userName": "\u6708\u843d\u68a6\u8ffd\u5fc6", "userReviewDate": "2018-05-18", "userURL": "http://user.17k.com/57478135", "userReview": "\u8bf7\u6536\u4e0b\u8ffd\u5fc6\u4e00\u8bb0\u819d\u76d6"}, {"userName": "\u9ed1\u9f99\u6c5f\u7684\u6c5f", "userReviewDate": "2018-05-18", "userURL": "http://user.17k.com/58752150", "userReview": "\u4e0d\u7a7f\u8d8a\u4e0d\u884c\u5417\uff1f\u76f4\u63a5\u5199\u5c71\u6c9f\u7684\u4e00\u4e2a\u5c0f\u53a8\u5a18\uff0c\u5fd9\u65f6\u4e0b\u5730\u5e72\u6d3b\uff0c\u95f2\u65f6\u76f8\u592b\u6559\u5b50\uff0c\u7ecf\u5546\u79cd\u7530\u80fd\u624b\uff0c\u8ba9\u4eba\u5782\u6d8e\uff0c\u5c45\u5fc3\u53f5\u6d4b\u4eba\u60e6\u8bb0\uff0c\u770b\u7f8e\u4e3d\u5c0f\u53a8\u5a18\u5982\u4f55\u5e94\u5bf9\uff1f\u6545\u4e8b\u4e00\u5b9a\u5f88\u7f8e\u2026\u2026"}, {"userName": "hongbaba", "userReviewDate": "2018-05-16", "userURL": "http://user.17k.com/58371104", "userReview": "[\u6253\u8d4f]\u6211\u6253\u8d4f\u4e861\u4e2a'\u9e21\u8840'\uff01\uff01"}, {"userName": "\u98ce\u5c45\u8857", "userReviewDate": "2018-05-15", "userURL": "http://user.17k.com/60970057", "userReview": "<a target='_blank' href='http://www.17k.com/book/2808277.html'>\u300a\u503e\u4e16\u821e\u5983\u8981\u9006\u5929\u300b</a>\u521d\u8bbf\uff0c\u652f\u6301\u4e00\u4e0b"}, {"userName": "\u6708\u843d\u68a6\u8ffd\u5fc6", "userReviewDate": "2018-05-04", "userURL": "http://user.17k.com/57478135", "userReview": "\u521d\u8bbf\u652f\u6301\uff0c\u4e91\u7476\u9752\u5e74\u8282\u6109\u5feb~"}, {"userName": "17K\u4e66\u53cbOMIMKNRW", "userReviewDate": "2018-05-01", "userURL": "http://user.17k.com/57792008", "userReview": "[\u6253\u8d4f]\u6211\u6253\u8d4f\u4e861\u4e2a'\u5c0f\u5fc3\u5fc3'\uff01\uff01"}, {"userName": "\u4e03\u5f69\u73ab\u7470290585997", "userReviewDate": "2018-05-01", "userURL": "http://user.17k.com/60942130", "userReview": "\u3002\u3002\u3002\u3002\u3002\u3002\u3002\u3002\u3002\u3002\u3002"}, {"userName": "\u4e03\u4e03\u5c45\u58eb", "userReviewDate": "2018-04-27", "userURL": "http://user.17k.com/49673469", "userReview": "\u54c8\u54c8\uff0c<a target='_blank' href='http://www.17k.com/book/2792619.html'>\u300a\u719f\u5973\u7684\u54c1\u683c\u300b</a>\u524d\u6765\u62dc\u8bbf\u3002"}, {"userName": "\u6ee1\u5929\u7e41\u661f\u4e0d\u53ca\u56de\u7738", "userReviewDate": "2018-04-25", "userURL": "http://user.17k.com/60269847", "userReview": "&nbsp; \u7b2c\u4e00\u6735\u9c9c\u82b1\u5c31\u9001\u4f60\u5427\uff01~\uff01~\u5f88\u7a00\u996d\u7684\uff0c\u80fd\u4e0d\u80fd\u62dc\u8bbf\u4e0b\u5076\u5416\uff1f\uff08\u7edd\u5bf9\u4e0d\u662f\u6765\u62cd\u9a6c\u5c41\uff09"}], "description": "\u59da\u6c90\u5a49\u600e\u4e48\u4e5f\u60f3\u4e0d\u5230\u81ea\u5df1\u4e5f\u8d76\u4e0a\u4e00\u6ce2\u7a7f\u8d8a\u5927\u519b\u3002\u3000\u3000\u8eab\u5728\u5c0f\u5c71\u6c9f\uff0c\u5979\u4e5f\u6ca1\u5f97\u95f2\uff0c\u5de6\u624b\u6495\u6781\u54c1\uff0c\u53f3\u624b\u505a\u7f8e\u98df\uff0c\u65e5\u5b50\u7ea2\u7ea2\u706b\u706b\u8fc7\u8d77\u6765\u3002\u3000\u3000\u7f8e\u5473\u996d\u9999\u5f15\u5782\u6d8e\uff0c\u5979\u77e5\u9053\u638c\u63e1\u4e00\u628a\u597d\u53a8\u827a\uff0c\u7edd\u5bf9\u80fd\u6293\u4f4f\u7537\u4eba\u7684\u5473\u89c9\u3002\u3000\u3000\u4ed6\u9047\u4e0a\u5979\uff0c\u79cd\u51fa\u6765\u4e86\u53ef\u7231\u7684\u5c0f\u840c\u5b9d\uff0c\u66f4\u79cd\u51fa\u4e00\u7247\u9526\u7ee3\u7530\u56ed\u3002", "title": "\u65fa\u592b\u5c0f\u53a8\u5a18", "url": "http://www.17k.com/book/2797575.html", "average": -1.0, "cover": "http://img.17k.com/images/bookcover/2018/13987/69/2797575-1523437855000.jpg", "reviews": 34286, "authors": [{"url": "http://www.17k.com/zuozhe/60513081", "name": "\u6d77\u4e91\u7476"}], "type": ["\u7ecf\u5546\u79cd\u7530"], "outlinks": ["http://www.17k.com/book/2794982.html", "http://www.17k.com/book/2801292.html", "http://www.17k.com/book/2816318.html", "http://www.17k.com/book/2797575.html", "http://www.17k.com/book/2802516.html", "http://www.17k.com/book/2812195.html", "http://www.17k.com/book/2820143.html", "http://www.17k.com/book/2807943.html", "http://www.17k.com/book/2813457.html", "http://www.17k.com/book/2798058.html", "http://www.17k.com/book/2815617.html", "http://www.17k.com/book/2805259.html", "http://www.17k.com/book/2760255.html", "http://www.17k.com/book/2686894.html", "http://www.17k.com/book/2797016.html", "http://www.17k.com/book/2767246.html", "http://www.17k.com/book/2764239.html", "http://www.17k.com/book/2754498.html", "http://www.17k.com/book/2754900.html", "http://www.17k.com/book/2625740.html", "http://www.17k.com/book/2213315.html", "http://www.17k.com/book/2402178.html", "http://www.17k.com/book/2691221.html", "http://www.17k.com/book/2210699.html", "http://www.17k.com/book/1797752.html", "http://www.17k.com/book/2575507.html", "http://www.17k.com/book/2705181.html", "http://www.17k.com/book/2702539.html", "http://www.17k.com/book/2474887.html", "http://www.17k.com/book/2674733.html", "http://www.17k.com/book/2822076.html", "http://www.17k.com/book/2809894.html", "http://www.17k.com/book/2822077.html", "http://www.17k.com/book/2811930.html", "http://www.17k.com/book/2815548.html", "http://www.17k.com/book/2819620.html", "http://www.17k.com/book/2809964.html", "http://www.17k.com/book/2808200.html", "http://www.17k.com/book/2820100.html", "http://www.17k.com/book/2822978.html", "http://www.17k.com/book/2804337.html", "http://www.17k.com/book/2798814.html", "http://www.17k.com/book/2785153.html", "http://www.17k.com/book/2731559.html", "http://www.17k.com/book/2722533.html", "http://www.17k.com/book/2458377.html", "http://www.17k.com/book/2743300.html", "http://www.17k.com/book/973809.html", "http://www.17k.com/book/2651367.html", "http://www.17k.com/book/2726194.html", "http://www.17k.com/book/2790214.html", "http://www.17k.com/book/493239.html", "http://www.17k.com/book/108821.html", "http://www.17k.com/book/1398783.html", "http://www.17k.com/book/83528.html", "http://www.17k.com/book/1859126.html", "http://www.17k.com/book/1741975.html", "http://www.17k.com/book/192453.html", "http://www.17k.com/book/2459058.html", "http://www.17k.com/book/1050747.html", "http://www.17k.com/book/2700315.html", "http://www.17k.com/book/2818940.html", "http://www.17k.com/book/2819519.html", "http://www.17k.com/book/2816390.html", "http://www.17k.com/book/2819588.html", "http://www.17k.com/book/2813768.html", "http://www.17k.com/book/2822406.html", "http://www.17k.com/book/2772164.html", "http://www.17k.com/book/2784023.html", "http://www.17k.com/book/2811877.html", "http://www.17k.com/book/2809119.html", "http://www.17k.com/book/2803700.html", "http://www.17k.com/book/2819561.html", "http://www.17k.com/book/2746506.html", "http://www.17k.com/book/2811836.html", "http://www.17k.com/book/2614810.html", "http://www.17k.com/book/1592435.html", "http://www.17k.com/book/1949748.html", "http://www.17k.com/book/2265802.html", "http://www.17k.com/book/2743240.html", "http://www.17k.com/book/2657437.html", "http://www.17k.com/book/2644502.html", "http://www.17k.com/book/2199900.html", "http://www.17k.com/book/2725436.html", "http://www.17k.com/book/2629978.html"]}