{"ratings": -1, "userreviews": [{"userName": "\u9c7c\u82b1\u83f2", "userReviewDate": "2018-05-26", "userURL": "http://user.17k.com/61568417", "userReview": "\u4f60\u7684\u6587\u98ce\u5f88\u597d\uff0c\u6b23\u8d4f\u5b66\u4e60\u4e86"}, {"userName": "lying in the devil", "userReviewDate": "2018-05-17", "userURL": "http://user.17k.com/47608151", "userReview": "\u8bf4\u5b9e\u8bdd\uff0c\u6211\u5e76\u4e0d\u770b\u7384\u5e7b\u4e66\u7c4d\uff0c\u8fd9\u672c\u4e66\u5c31\u6211\u4e2a\u4eba\u800c\u8a00\uff0c\u6211\u8ba4\u4e3a\u8fd8\u6709\u5f85\u6539\u5584\uff0c\u4e0d\u7ba1\u600e\u4e48\u8bf4\uff0c\u671f\u5f85\u4f60\u53d8\u5f97\u66f4\u597d\u5427"}, {"userName": "17k\u4e66\u53cbasi2wuj9t", "userReviewDate": "2018-05-02", "userURL": "http://user.17k.com/61439743", "userReview": "\u54c7 \u597d\u4e66 \u559c\u6b22 \u503c\u5f97\u4e00\u770b"}, {"userName": "\u56cd\u2026\u2026", "userReviewDate": "2018-05-02", "userURL": "http://user.17k.com/43834530", "userReview": "\u55ef\uff0c\u4e0d\u9519\u7ee7\u7eed\u52a0\u6cb9"}, {"userName": "\u56cd\u2026\u2026", "userReviewDate": "2018-05-02", "userURL": "http://user.17k.com/43834530", "userReview": "[\u6253\u8d4f]\u6211\u6253\u8d4f\u4e862\u5143\u7ea2\u5305\uff01\uff01"}, {"userName": "Deadpool52952698", "userReviewDate": "2018-05-01", "userURL": "http://user.17k.com/58788013", "userReview": "\u7ed9\u70b9\u8bc4\u8bba\uff0c\u55b7\u6211\u7684\u4e5f\u884c\u554a"}, {"userName": "\u65e0\u5fe7\u683c\u8c03", "userReviewDate": "2018-04-30", "userURL": "http://user.17k.com/60418082", "userReview": "\u652f\u6301\uff01"}, {"userName": "\u521a\u7b2c\u4e94\u6b21v", "userReviewDate": "2018-04-22", "userURL": "http://user.17k.com/61176832", "userReview": "\u671f\u5f85\u5927\u795e\u7684\u4f5c\u54c1\u66f4\u65b0\uff0c\u4e0d\u7136\u665a\u4e0a\u8be5\u7761\u4e0d\u7740\u4e86"}, {"userName": "\u8299\u84c9\u5cf0\u5230\u4f4d", "userReviewDate": "2018-04-22", "userURL": "http://user.17k.com/61176816", "userReview": "\u753b\u9762\u611f\u5f88\u5f3a\uff0c\u4eba\u7269\u5851\u9020\u5f97\u5f88\u6210\u529f\u554a"}, {"userName": "\u6211\u6253\u6211\u7684\u6211\u7684", "userReviewDate": "2018-04-22", "userURL": "http://user.17k.com/61176805", "userReview": "\u5df2\u7136\u6210\u4e3a\u4e86\u6211\u4e0a\u8bfe\u5fc5\u8bfb\u4e4b\u4f73\u4f5c\u4e86\u3002\u652f\u6301"}, {"userName": "\u7684\u4f1f\u5927\u5230\u4f4d", "userReviewDate": "2018-04-22", "userURL": "http://user.17k.com/61176793", "userReview": "\u5c31\u662f\u8fd9\u4e2a\u611f\u89c9\uff0c\u8fd9\u624d\u662f\u6b63\u5b97\u7684\u826f\u5fc3\u4f5c\u54c1"}, {"userName": "\u5473\u9053\u65e0", "userReviewDate": "2018-04-22", "userURL": "http://user.17k.com/61176781", "userReview": "\u60ca\u559c\u554a\u3002\u610f\u6599\u4e4b\u5916\u7684\u6709\u8da3\u3002"}, {"userName": "\u5f97\u9017\u6211\u73a9", "userReviewDate": "2018-04-22", "userURL": "http://user.17k.com/61176744", "userReview": "\u77db\u76fe\u7a81\u51fa\uff0c\u6545\u4e8b\u7cbe\u81f4"}, {"userName": "\u7e41\u8363\u660c\u76db\u7684", "userReviewDate": "2018-04-22", "userURL": "http://user.17k.com/61176721", "userReview": "\u7b2c\u4e00\u6b21\u770b\u8fd9\u4e2a\u7c7b\u578b\u7684\u5c0f\u8bf4\uff0c\u5df2\u7136\u4e2d\u6bd2"}, {"userName": "\u521a\u5f97\u5f97\u6211\u7684", "userReviewDate": "2018-04-22", "userURL": "http://user.17k.com/61176701", "userReview": "\u6587\u7b14\u5f88\u68d2\uff0c\u8282\u594f\u7ed9\u529b"}, {"userName": "\u800c\u975e\u7684fever", "userReviewDate": "2018-04-22", "userURL": "http://user.17k.com/61176680", "userReview": "32\u4e2a\u8d5e\uff0c\u679c\u65ad\u6536\u85cf\u4e86"}, {"userName": "\u963f\u8fbe\u74e6\u7b2c\u4e94\u6b21", "userReviewDate": "2018-04-22", "userURL": "http://user.17k.com/61176658", "userReview": "\u503c\u5f97\u4e00\u8bfb\u7684\u597d\u4e66"}, {"userName": "\u53f8\u8f9b", "userReviewDate": "2018-04-20", "userURL": "http://user.17k.com/57616638", "userReview": "ennnnn\u521a\u5f00\u59cb\u770b\u5c0f\u8bf4\uff0c\u611f\u89c9\u88ab\u5708\u7c89\u4e86"}, {"userName": "\u9e7f\u9e7f \u5c0f\u86cb\u7cd5504378888", "userReviewDate": "2018-04-16", "userURL": "http://user.17k.com/61085737", "userReview": "\u5199\u7684\u4e0d\u9519\uff0c\u6784\u601d\u6211\u559c\u6b22\uff0c\u52a0\u6cb9\u52a0\u6cb9"}, {"userName": "\u56cd\u2026\u2026", "userReviewDate": "2018-04-12", "userURL": "http://user.17k.com/43834530", "userReview": "\u5199\u7684\u8fd8\u4e0d\u9519\uff0c\u6709\u70b9\u5174\u8da3\uff0c\u5feb\u70b9\u5199"}], "description": "\u53ea\u662f\u65f6\u673a\u672a\u5230\uff0c\u661f\u8fb0\u4e4b\u5b50\u9668\u843d\uff0c\u4e07\u5929\u5b87\u5b99\u9677\u5165\u56f0\u5883\uff0c\u5916\u57df\u9b54\u65cf\u5165\u4fb5\uff0c\u552f\u6709\u4e00\u4eba\u53ef\u4ee5\u62b5\u6321\u3002\u3000\u3000\u5c0f\u5c0f\u7684\u5bb6\u5ead\u4e2d\uff0c\u4e00\u4e2a\u5b69\u5b50\u7ee7\u627f\u5929\u547d\uff0c\u53cc\u80a9\u625b\u7740\u4e16\u4eba\u90fd\u4e0d\u77e5\u7684\u8d23\u4efb\u3002\u3000\u3000\u6211\u6240\u7231\u4e4b\u4eba\uff0c\u6211\u613f\u7ffb\u5c71\u8d8a\u5cad\uff0c\u4e3a\u4e0e\u4f60\u76f8\u89c1\uff0c\u9047\u89c1\u52ab\u96be\uff0c\u7531\u6211\u6765\u65a9\u706d\uff0c\u6211\u53ea\u662f\u60f3\u770b\u770b\u4f60\uff0c\u65e0\u8bba\u4f60\u7684\u80cc\u666f\u5982\u4f55\u6df1\uff0c\u53ea\u60f3\u8bf4\u201c\u6211\u7231\u4f60\uff01\u201d", "title": "\u661f\u8fb0\u5bf9\u51b3", "url": "http://www.17k.com/book/2805467.html", "average": -1.0, "cover": "http://img.17k.com/images/bookcover/2018/14027/70/2805467-1526556960000.jpg", "reviews": 11172, "authors": [{"url": "http://www.17k.com/zuozhe/58788013", "name": "\u7834\u98ce\u6b8b\u5f71"}], "type": ["\u4e1c\u65b9\u7384\u5e7b"], "outlinks": ["http://www.17k.com/book/2794982.html", "http://www.17k.com/book/2801292.html", "http://www.17k.com/book/2816318.html", "http://www.17k.com/book/2797575.html", "http://www.17k.com/book/2802516.html", "http://www.17k.com/book/2812195.html", "http://www.17k.com/book/2820143.html", "http://www.17k.com/book/2807943.html", "http://www.17k.com/book/2813457.html", "http://www.17k.com/book/2798058.html", "http://www.17k.com/book/2815617.html", "http://www.17k.com/book/2805259.html", "http://www.17k.com/book/2760255.html", "http://www.17k.com/book/2686894.html", "http://www.17k.com/book/2797016.html", "http://www.17k.com/book/2767246.html", "http://www.17k.com/book/2764239.html", "http://www.17k.com/book/2754498.html", "http://www.17k.com/book/2754900.html", "http://www.17k.com/book/2625740.html", "http://www.17k.com/book/2213315.html", "http://www.17k.com/book/2402178.html", "http://www.17k.com/book/2691221.html", "http://www.17k.com/book/2210699.html", "http://www.17k.com/book/1797752.html", "http://www.17k.com/book/2575507.html", "http://www.17k.com/book/2705181.html", "http://www.17k.com/book/2702539.html", "http://www.17k.com/book/2474887.html", "http://www.17k.com/book/2674733.html", "http://www.17k.com/book/2822076.html", "http://www.17k.com/book/2809894.html", "http://www.17k.com/book/2822077.html", "http://www.17k.com/book/2811930.html", "http://www.17k.com/book/2815548.html", "http://www.17k.com/book/2819620.html", "http://www.17k.com/book/2809964.html", "http://www.17k.com/book/2808200.html", "http://www.17k.com/book/2820100.html", "http://www.17k.com/book/2822978.html", "http://www.17k.com/book/2804337.html", "http://www.17k.com/book/2798814.html", "http://www.17k.com/book/2785153.html", "http://www.17k.com/book/2731559.html", "http://www.17k.com/book/2722533.html", "http://www.17k.com/book/2458377.html", "http://www.17k.com/book/2743300.html", "http://www.17k.com/book/973809.html", "http://www.17k.com/book/2651367.html", "http://www.17k.com/book/2726194.html", "http://www.17k.com/book/2790214.html", "http://www.17k.com/book/493239.html", "http://www.17k.com/book/108821.html", "http://www.17k.com/book/1398783.html", "http://www.17k.com/book/83528.html", "http://www.17k.com/book/1859126.html", "http://www.17k.com/book/1741975.html", "http://www.17k.com/book/192453.html", "http://www.17k.com/book/2459058.html", "http://www.17k.com/book/1050747.html", "http://www.17k.com/book/2700315.html", "http://www.17k.com/book/2818940.html", "http://www.17k.com/book/2819519.html", "http://www.17k.com/book/2816390.html", "http://www.17k.com/book/2819588.html", "http://www.17k.com/book/2813768.html", "http://www.17k.com/book/2822406.html", "http://www.17k.com/book/2772164.html", "http://www.17k.com/book/2784023.html", "http://www.17k.com/book/2811877.html", "http://www.17k.com/book/2809119.html", "http://www.17k.com/book/2803700.html", "http://www.17k.com/book/2819561.html", "http://www.17k.com/book/2746506.html", "http://www.17k.com/book/2811836.html", "http://www.17k.com/book/2614810.html", "http://www.17k.com/book/1592435.html", "http://www.17k.com/book/1949748.html", "http://www.17k.com/book/2265802.html", "http://www.17k.com/book/2743240.html", "http://www.17k.com/book/2657437.html", "http://www.17k.com/book/2644502.html", "http://www.17k.com/book/2199900.html", "http://www.17k.com/book/2725436.html", "http://www.17k.com/book/2629978.html"]}