{"ratings": -1, "userreviews": [{"userName": "\u4f5c\u5bb6\u4e2d\u7684\u8d2b\u4e0b\u4e2d\u519c", "userReviewDate": "2013-04-22", "userURL": "http://user.17k.com/1505218", "userReview": "\u9ad8\u6821\u6559\u5e08\u4f5c\u5bb6\u6b63\u5199\u5386\u53f2\uff0c\u5927\u80c6\u8d28\u7591\u5386\u53f2\u5374\u4e0d\u504f\u79bb\u5386\u53f2\uff0c\u867d\u4e0e\u65f6\u4e0b\u7f51\u4e0a\u6d41\u884c\u7684\u67b6\u7a7a\u3001\u7a7f\u8d8a\u3001\u91cd\u751f\u4e00\u7c7b\u4f5c\u54c1\u5357\u8f95\u5317\u8f99\uff0c\u5374\u53e6\u6709\u5176\u72ec\u7279\u7cbe\u5f69\uff01 \u3000\u3000\u5bd3\u5386\u53f2\u771f\u5b9e\u4e8e\u5c0f\u8bf4\u60c5\u8282\u4e2d\uff0c\u65e2\u5177\u53ef\u8bfb\u6027\uff0c\u66f4\u5177\u5386\u53f2\u6587\u5316\u5e95\u8574\u3000\uff0c\u8ba9\u8bfb\u8005\u4e8e\u8f7b\u677e\u9605\u8bfb\u4e2d\u4e86\u89e3\u5386\u53f2\uff0c\u4e86\u89e3\u968b\u672b\u5510\u521d\u4f17\u591a\u98ce\u4e91\u4eba\u7269\u6700\u771f\u5b9e\u7684\u4e00\u9762\uff0c\u5c24\u5176\u662f\u63cf\u8ff0\u4e86\u4e00\u4e2a\u4e0e\u4f20\u7edf\u8bf4\u6cd5\u66f4\u4e3a\u590d\u6742\u3001\u66f4\u52a0\u591a\u9762\u5316\u7684\u674e\u4e16\u6c11\u5f62\u8c61\uff0c\u662f<a target='_blank' href='http://www.17k.com/book/50199.html'>\u300a\u535a\u5f08\u521d\u5510\u300b</a>\u7684\u6700\u5927\u4eae\u70b9\u3002<a target='_blank' href='http://www.17k.com/book/50199.html'>\u300a\u535a\u5f08\u521d\u5510\u300b</a>\u5e7f\u4ea4\u56db\u6d77\u670b\u53cb\uff0c\u6b22\u8fce\u767b\u95e8\u6307\u6559\uff0c\u76f8\u4e92\u652f\u6301\uff01"}, {"userName": "\u661f\u6cb3\u653e\u706f", "userReviewDate": "2012-05-17", "userURL": "http://user.17k.com/10074905", "userReview": "\u4eb2\uff0c\u661f\u6cb3\u524d\u6765\u62dc\u8bbf\u3002\u6211\u4eec\u5728\u8fd9\u91cc\u5199\u4e0b\u7684\u6bcf\u4e00\u4e2a\u5b57\u3001\u7801\u51fa\u7684\u6bcf\u4e00\u6bb5\u8bdd\uff0c\u90fd\u662f\u6211\u4eec\u4ed8\u51fa\u7684\u65b0\u8840\u3002\u4f60\u6211\u90fd\u5e0c\u671b\u5927\u5bb6\u6b23\u8d4f\u81ea\u5df1\u7684\u6587\u7ae0\uff0c\u670b\u53cb\u80fd\u652f\u6301\u81ea\u5df1\u7684\u5199\u4f5c\uff0c\u66f4\u671f\u76fc**\u4eec\u90fd\u6765\u6536\u85cf\u3001\u732e\u82b1\u3002\u5199\u4f5c\u4e5f\u662f\u4e3a\u4e86\u81ea\u5df1\u7684\u4e00\u4efd\u5feb\u4e50\uff0c\u4e3a\u4e86\u4f53\u73b0\u81ea\u5df1\u7684\u4e00\u79cd\u6267\u7740\u3001\u4e00\u4e2a\u68a6\u60f3\u3002\u597d\u5144\u5f1f\uff0c\u8ba9\u6211\u4eec\u4e00\u8d77\u52a0\u6cb9\uff0c\u4e00\u8d77\u52aa\u529b\uff0c\u4e92\u76f8\u652f\u6301\uff01\u5c0f\u5f1f\u572817k\u8fde\u8f7d\u4e86\u4e00\u7bc7\u79d1\u5e7b\u52b1\u5fd7\u6587\uff0c\u5e0c\u671b\u770b\u5230\u7684\u670b\u53cb\u8fdb\u53bb\u652f\u6301\u4e00\u4e0b\u3002\u661f\u6cb3\u643a\u300a\u7a7a\u95f4\u6218\u4e4b\u5e7d\u7075\u8230\u961f\u300bhttp://www.17k.com/book/307358.html \u524d\u6765\u62dc\u8bbf\uff01\u671b\u56de\u590d\u70b9\u8bc4\uff01\u671b\u653e\u5165\u4e66\u67b6\uff01"}], "description": "q", "title": "\u6625\u98ce\u4e0d\u89e3\u4eba\u6194\u60b4", "url": "http://www.17k.com/book/324636.html", "average": -1.0, "cover": "http://img.17k.com/images/bookcover/default_cover1.jpg", "reviews": 2828, "authors": [{"url": "http://www.17k.com/zuozhe/10804637", "name": "\u7b80\u5b81\u601d\u9759"}], "type": ["\u5a5a\u604b\u60c5\u611f"], "outlinks": ["http://www.17k.com/book/2794982.html", "http://www.17k.com/book/2801292.html", "http://www.17k.com/book/2816318.html", "http://www.17k.com/book/2797575.html", "http://www.17k.com/book/2802516.html", "http://www.17k.com/book/2812195.html", "http://www.17k.com/book/2820143.html", "http://www.17k.com/book/2807943.html", "http://www.17k.com/book/2813457.html", "http://www.17k.com/book/2798058.html", "http://www.17k.com/book/2815617.html", "http://www.17k.com/book/2805259.html", "http://www.17k.com/book/2760255.html", "http://www.17k.com/book/2686894.html", "http://www.17k.com/book/2797016.html", "http://www.17k.com/book/2767246.html", "http://www.17k.com/book/2764239.html", "http://www.17k.com/book/2754498.html", "http://www.17k.com/book/2754900.html", "http://www.17k.com/book/2625740.html", "http://www.17k.com/book/2213315.html", "http://www.17k.com/book/2402178.html", "http://www.17k.com/book/2691221.html", "http://www.17k.com/book/2210699.html", "http://www.17k.com/book/1797752.html", "http://www.17k.com/book/2575507.html", "http://www.17k.com/book/2705181.html", "http://www.17k.com/book/2702539.html", "http://www.17k.com/book/2474887.html", "http://www.17k.com/book/2674733.html", "http://www.17k.com/book/2822076.html", "http://www.17k.com/book/2809894.html", "http://www.17k.com/book/2822077.html", "http://www.17k.com/book/2811930.html", "http://www.17k.com/book/2815548.html", "http://www.17k.com/book/2819620.html", "http://www.17k.com/book/2809964.html", "http://www.17k.com/book/2808200.html", "http://www.17k.com/book/2820100.html", "http://www.17k.com/book/2822978.html", "http://www.17k.com/book/2804337.html", "http://www.17k.com/book/2798814.html", "http://www.17k.com/book/2785153.html", "http://www.17k.com/book/2731559.html", "http://www.17k.com/book/2722533.html", "http://www.17k.com/book/2458377.html", "http://www.17k.com/book/2743300.html", "http://www.17k.com/book/973809.html", "http://www.17k.com/book/2651367.html", "http://www.17k.com/book/2726194.html", "http://www.17k.com/book/2790214.html", "http://www.17k.com/book/493239.html", "http://www.17k.com/book/108821.html", "http://www.17k.com/book/1398783.html", "http://www.17k.com/book/83528.html", "http://www.17k.com/book/1859126.html", "http://www.17k.com/book/1741975.html", "http://www.17k.com/book/192453.html", "http://www.17k.com/book/2459058.html", "http://www.17k.com/book/1050747.html", "http://www.17k.com/book/2700315.html", "http://www.17k.com/book/2818940.html", "http://www.17k.com/book/2819519.html", "http://www.17k.com/book/2816390.html", "http://www.17k.com/book/2819588.html", "http://www.17k.com/book/2813768.html", "http://www.17k.com/book/2822406.html", "http://www.17k.com/book/2772164.html", "http://www.17k.com/book/2784023.html", "http://www.17k.com/book/2811877.html", "http://www.17k.com/book/2809119.html", "http://www.17k.com/book/2803700.html", "http://www.17k.com/book/2819561.html", "http://www.17k.com/book/2746506.html", "http://www.17k.com/book/2811836.html", "http://www.17k.com/book/2614810.html", "http://www.17k.com/book/1592435.html", "http://www.17k.com/book/1949748.html", "http://www.17k.com/book/2265802.html", "http://www.17k.com/book/2743240.html", "http://www.17k.com/book/2657437.html", "http://www.17k.com/book/2644502.html", "http://www.17k.com/book/2199900.html", "http://www.17k.com/book/2725436.html", "http://www.17k.com/book/2629978.html"]}