{"ratings": -1, "userreviews": [{"userName": "\u843d\u6a31\u65f6\u5149", "userReviewDate": "2018-04-19", "userURL": "http://user.17k.com/42956883", "userReview": "\u7537\u4e3b\u89d2\u548c\u4ed6\u59b9\u59b9\u540d\u5b57\u6709\u6240\u53d8\u66f4\uff0c\u559c\u6b22\u7684\u4eba\u8c22\u8c22\u652f\u6301"}], "description": "\u5728\u6821\u56ed\u8fc7\u7740\u5e73\u51e1\u751f\u6d3b\u8fd9\u7684\u6768\u6587\u745c\uff0c\u56e0\u4e3a\u7a81\u7136\u8f6c\u5b66\u8fc7\u6765\u7684\u9752\u6885\u7af9\u9a6c\u674e\u4f9d\u6db5\u800c\u53d1\u751f\u6539\u53d8\u30027\u5e74\u7684\u65f6\u95f4\u8ba9\u4f9d\u6db5\u53d8\u5f97\u6f02\u4eae\u7f8e\u8273\uff0c\u8ba9\u6587\u745c\u4e0d\u6562\u63a5\u8fd1\u5979\uff0c\u800c\u674e\u4f9d\u6db5\u7684\u597d\u670b\u53cb\u5b66\u751f\u4f1a\u957f\u6797\u96e8\u6b23\u7684\u7684\u4ecb\u5165\u66f4\u662f\u8ba9\u4e24\u4eba\u6e10\u884c\u6e10\u8fdc\u3002", "title": "\u6696\u604b\u7231\u66f2", "url": "http://www.17k.com/book/2776424.html", "average": -1.0, "cover": "http://img.17k.com/images/bookcover/2018/13882/69/2776424-1518339687000.jpg", "reviews": 200, "authors": [{"url": "http://www.17k.com/zuozhe/42956883", "name": "\u6a31\u857e"}], "type": ["\u7eaf\u7231\u9752\u6625"], "outlinks": ["http://www.17k.com/book/2794982.html", "http://www.17k.com/book/2801292.html", "http://www.17k.com/book/2816318.html", "http://www.17k.com/book/2797575.html", "http://www.17k.com/book/2802516.html", "http://www.17k.com/book/2812195.html", "http://www.17k.com/book/2820143.html", "http://www.17k.com/book/2807943.html", "http://www.17k.com/book/2813457.html", "http://www.17k.com/book/2798058.html", "http://www.17k.com/book/2815617.html", "http://www.17k.com/book/2805259.html", "http://www.17k.com/book/2760255.html", "http://www.17k.com/book/2686894.html", "http://www.17k.com/book/2797016.html", "http://www.17k.com/book/2767246.html", "http://www.17k.com/book/2764239.html", "http://www.17k.com/book/2754498.html", "http://www.17k.com/book/2754900.html", "http://www.17k.com/book/2625740.html", "http://www.17k.com/book/2213315.html", "http://www.17k.com/book/2402178.html", "http://www.17k.com/book/2691221.html", "http://www.17k.com/book/2210699.html", "http://www.17k.com/book/1797752.html", "http://www.17k.com/book/2575507.html", "http://www.17k.com/book/2705181.html", "http://www.17k.com/book/2702539.html", "http://www.17k.com/book/2474887.html", "http://www.17k.com/book/2674733.html", "http://www.17k.com/book/2822076.html", "http://www.17k.com/book/2809894.html", "http://www.17k.com/book/2822077.html", "http://www.17k.com/book/2811930.html", "http://www.17k.com/book/2815548.html", "http://www.17k.com/book/2819620.html", "http://www.17k.com/book/2809964.html", "http://www.17k.com/book/2808200.html", "http://www.17k.com/book/2820100.html", "http://www.17k.com/book/2822978.html", "http://www.17k.com/book/2804337.html", "http://www.17k.com/book/2798814.html", "http://www.17k.com/book/2785153.html", "http://www.17k.com/book/2731559.html", "http://www.17k.com/book/2722533.html", "http://www.17k.com/book/2458377.html", "http://www.17k.com/book/2743300.html", "http://www.17k.com/book/973809.html", "http://www.17k.com/book/2651367.html", "http://www.17k.com/book/2726194.html", "http://www.17k.com/book/2790214.html", "http://www.17k.com/book/493239.html", "http://www.17k.com/book/108821.html", "http://www.17k.com/book/1398783.html", "http://www.17k.com/book/83528.html", "http://www.17k.com/book/1859126.html", "http://www.17k.com/book/1741975.html", "http://www.17k.com/book/192453.html", "http://www.17k.com/book/2459058.html", "http://www.17k.com/book/1050747.html", "http://www.17k.com/book/2700315.html", "http://www.17k.com/book/2818940.html", "http://www.17k.com/book/2819519.html", "http://www.17k.com/book/2816390.html", "http://www.17k.com/book/2819588.html", "http://www.17k.com/book/2813768.html", "http://www.17k.com/book/2822406.html", "http://www.17k.com/book/2772164.html", "http://www.17k.com/book/2784023.html", "http://www.17k.com/book/2811877.html", "http://www.17k.com/book/2809119.html", "http://www.17k.com/book/2803700.html", "http://www.17k.com/book/2819561.html", "http://www.17k.com/book/2746506.html", "http://www.17k.com/book/2811836.html", "http://www.17k.com/book/2614810.html", "http://www.17k.com/book/1592435.html", "http://www.17k.com/book/1949748.html", "http://www.17k.com/book/2265802.html", "http://www.17k.com/book/2743240.html", "http://www.17k.com/book/2657437.html", "http://www.17k.com/book/2644502.html", "http://www.17k.com/book/2199900.html", "http://www.17k.com/book/2725436.html", "http://www.17k.com/book/2629978.html"]}