{"ratings": -1, "userreviews": [{"userName": "\u5723\u9690\u5e1d\u5143", "userReviewDate": "2018-05-19", "userURL": "http://user.17k.com/57760595", "userReview": "\u7b7e\u5230\u652f\u6301"}, {"userName": "\u4f0a\u97f5\u827a\u7136", "userReviewDate": "2018-03-26", "userURL": "http://user.17k.com/58135716", "userReview": "\u5927\u5927\u6211\u643a<a target='_blank' href='http://www.17k.com/book/2798775.html'>\u300a36\u8ba1\u5e2e\u4f60\u8ffd\u56de\u8001\u516c\u79d8\u7c4d\u300b</a>\u6765\u62dc\u8bbf\u5927\u5927\u4f73\u4f5c\uff0c39\u5c81\u7684\u5bb6\u5ead\u4e3b\u5987\u674e\u8bed\u5e0c\u4e3a\u603b\u88c1\u592b\u4eba\uff0c\u5728\u76ee\u7779\u8001\u516c\u4e0e\u81ea\u5df1\u95fa\u871c\u80cc\u53db\u81ea\u5df1\u540e\uff0c\u65e0\u610f\u4e4b\u95f4\u548c\u5973\u513f\u4e92\u6362\u8eab\u4f53\uff0c\u4ea4\u6362\u4eba\u751f\u8f68\u8ff9\u7684\u6545\u4e8b\uff0c\u5973\u513f\u6f5c\u4f0f\u5230\u516c\u53f8\u4e0a\u73ed\u548c\u5988\u5988\u91cc\u5e94\u5916\u5408\u8fdb\u884c\u5bb6\u5ead\u4fdd\u536b\u6218\uff0c\u540e\u5973\u513f\u738b\u4f9d\u7136\u9082\u9005\u81ea\u5df1\u7684\u767d\u9a6c\u738b\u5b50\uff0c\u5988\u5988\u4ee3\u66ff\u5973\u513f\u8fdb\u5165\u5b66\u6821\u5b66\u4e60\uff0c\u6700\u540e\u5988\u5988\u7ec8\u4e8e\u6709\u4e86\u81ea\u5df1\u7684\u4e8b\u4e1a\uff0c\u53d1\u751f\u4e00\u7cfb\u5217\u557c\u7b11\u7686\u975e\u7684\u6545\u4e8b\u559c\u5267\uff0c\u672c\u4f5c\u54c1\u8f7b\u677e\u3001\u5145\u6ee1\u52b1\u5fd7\u6210\u5206\u3002\u5982\u679c\u5927\u5bb6\u6709\u5174\u8da3\u6b22\u8fce\u5927\u5bb6\u70b9\u51fb\u6295\u7968\u6536\u85cf\uff0c\u5728\u6b64\u611f\u6fc0\u4e0d\u5c3d\uff0c\u8c22\u8c22\u5927\u5bb6"}, {"userName": "\u4f17\u751f\u5e73\u7b499887", "userReviewDate": "2018-03-21", "userURL": "http://user.17k.com/43115890", "userReview": "<span style='color:black'><a target='_blank' href='http://www.17k.com/book/2734467.html'>\u300a\u5218\u5b66\u4e1c\u7684\u524d\u534a\u751f\u300b</a>\u81f4\u610f\uff0c\u52a0\u6cb9\uff01</span>"}, {"userName": "\u677e\u54e5456982258", "userReviewDate": "2018-03-21", "userURL": "http://user.17k.com/45277965", "userReview": "\u770b\u4e86\u4e00\u4e0b\uff0c\u4f1a\u63a5\u7740\u6765\u770b\u7684\u3002\u5148\u6295\u82b1\u652f\u6301\uff01"}, {"userName": "\u53ea\u7231\u7f18\u82b3\u60c5", "userReviewDate": "2018-03-18", "userURL": "http://user.17k.com/53159595", "userReview": "\u665a\u5b89."}, {"userName": "\u53ea\u7231\u7f18\u82b3\u60c5", "userReviewDate": "2018-03-14", "userURL": "http://user.17k.com/53159595", "userReview": "\u52a0\u6cb9"}, {"userName": "\u6512\u7a3f\u4e2d", "userReviewDate": "2018-03-01", "userURL": "http://user.17k.com/59570953", "userReview": "<a target='_blank' href='http://www.17k.com/book/2774190.html'>\u300a\u5316\u4e5d\u5929\u300b</a>\u524d\u6765\u62dc\u8bbf"}, {"userName": "\u6c64\u6b87", "userReviewDate": "2018-02-09", "userURL": "http://user.17k.com/59748125", "userReview": "\u597d\u770b\u662f\u597d\u770b\uff0c\u5c31\u662f\u73b0\u5728\u4e0d\u6562\u7761\u89c9\u3002\u4ec0\u4e48\u65f6\u5019\u5b8c\u7ed3\uff1f\u90a3\u65f6\u5019\u518d\u770b\u3002"}, {"userName": "\u53ea\u7231\u7f18\u82b3\u60c5", "userReviewDate": "2018-02-08", "userURL": "http://user.17k.com/53159595", "userReview": "\u6211\u53c8\u56de\u6765\u4e86\uff01"}, {"userName": "\u53ea\u7231\u7f18\u82b3\u60c5", "userReviewDate": "2018-01-21", "userURL": "http://user.17k.com/53159595", "userReview": "\u660e\u5929\u5c31\u8003\u8bd5\u4e86.\u5e0c\u671b\u5f97\u5230\u60a8\u7684\u795d\u798f."}, {"userName": "\u6d9e\u5566003", "userReviewDate": "2018-01-18", "userURL": "http://user.17k.com/58607120", "userReview": "(*\u02d8\ufe36\u02d8*).\uff61.:*\u2661"}, {"userName": "\u6d9e\u5566003", "userReviewDate": "2018-01-16", "userURL": "http://user.17k.com/58607120", "userReview": "\u03a8(\uffe3(\uff74)\uffe3)\u03a8"}, {"userName": "\u68a6346528623", "userReviewDate": "2018-01-16", "userURL": "http://user.17k.com/58960490", "userReview": "[\u6253\u8d4f]\u6211\u6253\u8d4f\u4e861\u5143\u7ea2\u5305\uff01\uff01"}, {"userName": "\u5e78\u798f\u5bb6777571177", "userReviewDate": "2018-01-15", "userURL": "http://user.17k.com/56917184", "userReview": "\u52a0\u6cb9\u52a0\u6cb9\u52a0\u6cb9"}, {"userName": "\u5e78\u798f\u5bb6777571177", "userReviewDate": "2018-01-15", "userURL": "http://user.17k.com/56917184", "userReview": "\u52a0\u6cb9\u52a0\u6cb9\u52a0\u6cb9"}, {"userName": "jiujiu861378465", "userReviewDate": "2018-01-15", "userURL": "http://user.17k.com/59161821", "userReview": "(\u30ce&deg;\u03bf&deg;)\u30ce\u524d\u65b9\u9ad8\u80fd\u9884\u8b66"}, {"userName": "\u6b22\u6b22829421225", "userReviewDate": "2018-01-15", "userURL": "http://user.17k.com/55607160", "userReview": "\u5565\u610f\u601d\u554a\uff1f\u54c8\u54c8"}, {"userName": "\u5ca9\u6cca", "userReviewDate": "2018-01-15", "userURL": "http://user.17k.com/52703967", "userReview": "\u52a0\u6cb9\uff0c\u4e0d\u9519\uff0c\u6587\u7b14\u771f\u597d\uff01<a target='_blank' href='http://www.17k.com/book/2388836.html'>\u300a\u7fa3\u4ed9\u9b54\u5f71\u300b</a><a target='_blank' href='http://www.17k.com/book/2347646.html'>\u300a\u7f8e\u4e3d\u65e0\u754c\u300b</a>\u6765\u8bbf\uff0c\u6b22\u8fce\u5927\u5927\u524d\u53bb\u6e9c\u8fbe\u4e00\u5708"}, {"userName": "A\u725b\u9b54\u738b", "userReviewDate": "2018-01-15", "userURL": "http://user.17k.com/56738425", "userReview": "\u63a8\u8350\u4e00\u672c\u60ca\u9669\u523a\u6fc0\u597d\u770b\u7684\u4e66<a target='_blank' href='http://www.17k.com/book/2728167.html'>\u300a\u6211\u548c\u5996\u517d\u6709\u4e2a\u7ea6\u4f1a\u300b</a>\uff0c\u8bf7\u591a\u591a\u652f\u6301\uff0c\u6765\u4e2a\u6536\u85cf\u5427!"}, {"userName": "\u6b22\u6b22829421225", "userReviewDate": "2018-01-14", "userURL": "http://user.17k.com/55607160", "userReview": "\u8fd8\u597d\u597d\u597d\u597d"}], "description": "\u4e00\u4e2a\u5c0f\u4eba\u7269\uff0c\u5374\u65e0\u8f9c\u88ab\u5377\u5165\u4e00\u573a\u6f29\u6da1\uff01\u3000\u3000\u9ed1\u6697\u4e2d\uff0c\u6211\u53c8\u8be5\u4f55\u53bb\u4f55\u4ece\uff1f\u3000\u3000\u5728\u8fd9\u573a\u6f29\u6da1\u4e2d\uff0c\u6d3b\u4e0b\u53bb\u2026\u2026\u3000\u3000\u53ef\u80fd\u4e5f\u662f\u4e00\u79cd\u5962\u6c42\u3002\u3000\u3000\u3010\u65b0\u4e66\u53d1\u8868\uff0c\u6c42\u5404\u8def\u5927\u4f6c\u652f\u6301\uff01\u3011", "title": "\u6700\u7ec8\u751f\u8def", "url": "http://www.17k.com/book/2711651.html", "average": -1.0, "cover": "http://img.17k.com/images/bookcover/2017/13558/67/2711651-1509594003000.jpg", "reviews": 530282, "authors": [{"url": "http://www.17k.com/zuozhe/48464002", "name": "\u7f18\u82b3\u60c5"}], "type": ["\u7075\u5f02\u5947\u8c08"], "outlinks": ["http://www.17k.com/book/2794982.html", "http://www.17k.com/book/2801292.html", "http://www.17k.com/book/2816318.html", "http://www.17k.com/book/2797575.html", "http://www.17k.com/book/2802516.html", "http://www.17k.com/book/2812195.html", "http://www.17k.com/book/2820143.html", "http://www.17k.com/book/2807943.html", "http://www.17k.com/book/2813457.html", "http://www.17k.com/book/2798058.html", "http://www.17k.com/book/2815617.html", "http://www.17k.com/book/2805259.html", "http://www.17k.com/book/2760255.html", "http://www.17k.com/book/2686894.html", "http://www.17k.com/book/2797016.html", "http://www.17k.com/book/2767246.html", "http://www.17k.com/book/2764239.html", "http://www.17k.com/book/2754498.html", "http://www.17k.com/book/2754900.html", "http://www.17k.com/book/2625740.html", "http://www.17k.com/book/2213315.html", "http://www.17k.com/book/2402178.html", "http://www.17k.com/book/2691221.html", "http://www.17k.com/book/2210699.html", "http://www.17k.com/book/1797752.html", "http://www.17k.com/book/2575507.html", "http://www.17k.com/book/2705181.html", "http://www.17k.com/book/2702539.html", "http://www.17k.com/book/2474887.html", "http://www.17k.com/book/2674733.html", "http://www.17k.com/book/2822076.html", "http://www.17k.com/book/2809894.html", "http://www.17k.com/book/2822077.html", "http://www.17k.com/book/2811930.html", "http://www.17k.com/book/2815548.html", "http://www.17k.com/book/2819620.html", "http://www.17k.com/book/2809964.html", "http://www.17k.com/book/2808200.html", "http://www.17k.com/book/2820100.html", "http://www.17k.com/book/2822978.html", "http://www.17k.com/book/2804337.html", "http://www.17k.com/book/2798814.html", "http://www.17k.com/book/2785153.html", "http://www.17k.com/book/2731559.html", "http://www.17k.com/book/2722533.html", "http://www.17k.com/book/2458377.html", "http://www.17k.com/book/2743300.html", "http://www.17k.com/book/973809.html", "http://www.17k.com/book/2651367.html", "http://www.17k.com/book/2726194.html", "http://www.17k.com/book/2790214.html", "http://www.17k.com/book/493239.html", "http://www.17k.com/book/108821.html", "http://www.17k.com/book/1398783.html", "http://www.17k.com/book/83528.html", "http://www.17k.com/book/1859126.html", "http://www.17k.com/book/1741975.html", "http://www.17k.com/book/192453.html", "http://www.17k.com/book/2459058.html", "http://www.17k.com/book/1050747.html", "http://www.17k.com/book/2700315.html", "http://www.17k.com/book/2818940.html", "http://www.17k.com/book/2819519.html", "http://www.17k.com/book/2816390.html", "http://www.17k.com/book/2819588.html", "http://www.17k.com/book/2813768.html", "http://www.17k.com/book/2822406.html", "http://www.17k.com/book/2772164.html", "http://www.17k.com/book/2784023.html", "http://www.17k.com/book/2811877.html", "http://www.17k.com/book/2809119.html", "http://www.17k.com/book/2803700.html", "http://www.17k.com/book/2819561.html", "http://www.17k.com/book/2746506.html", "http://www.17k.com/book/2811836.html", "http://www.17k.com/book/2614810.html", "http://www.17k.com/book/1592435.html", "http://www.17k.com/book/1949748.html", "http://www.17k.com/book/2265802.html", "http://www.17k.com/book/2743240.html", "http://www.17k.com/book/2657437.html", "http://www.17k.com/book/2644502.html", "http://www.17k.com/book/2199900.html", "http://www.17k.com/book/2725436.html", "http://www.17k.com/book/2629978.html"]}