{"ratings": -1, "userreviews": [{"userName": "\u592e\u5b50\u5440", "userReviewDate": "2018-05-21", "userURL": "http://user.17k.com/60344960", "userReview": "\u52a0\u6cb9"}, {"userName": "\u661f\u7a7a\u591c\u68a6\u8d30", "userReviewDate": "2018-05-16", "userURL": "http://user.17k.com/58011970", "userReview": "\u661f\u7a7a\u4ed9\u5b50\u6765\u4e86\uff0c\u6559\u4e3b\u8981\u4e0d\u8981\u62db\u5f85\u4e00\u4e0b"}, {"userName": "\u81f3\u540c", "userReviewDate": "2018-05-16", "userURL": "http://user.17k.com/42347855", "userReview": "\u6709\u4ed9\u6765\u81ea\u8fdc\u65b9\uff0c\u90a3\u4f60\u53ef\u8981\u597d\u597d\u62db\u5f85\u4eba\u5bb6\u554a\u3002\u52a0\u6cb9\u3002"}, {"userName": "\u65e0\u5fe7\u7237", "userReviewDate": "2018-05-01", "userURL": "http://user.17k.com/60969045", "userReview": "\u6559\u4e3b\u52a0\u6cb9\u554a&nbsp;&nbsp;<a target='_blank' href='http://www.17k.com/book/2808231.html'>\u300a\u98ce\u82b1\u96ea\u6708\u4f20\u300b</a>\u62dc\u8bbf&nbsp; \u591a\u591a\u6307\u6559 \u5171\u52c9\u54c8"}, {"userName": "\u4e66\u751f\u65e0\u6101", "userReviewDate": "2018-04-25", "userURL": "http://user.17k.com/57777269", "userReview": "\u52a0\u6cb9"}, {"userName": "\u8dc3\u9f99\u95e8\u7684\u9c7c", "userReviewDate": "2018-04-24", "userURL": "http://user.17k.com/38204384", "userReview": "\u96ea\u6ca1\u7ea2\u5c18\u6765\u8bbf\uff0c\u52a0\u6cb9\uff01\uff01\uff01"}, {"userName": "\u5802\u9633\u4fa0\u5ba2", "userReviewDate": "2018-04-21", "userURL": "http://user.17k.com/52035835", "userReview": "\u62dc\u8bfb\u4e86\uff0c\u5f88\u597d\u6545\u4e8b\uff0c\u6536\u85cf\u4e0b\u6765\uff0c\u6162\u6162\u770b\u4e86\uff01"}, {"userName": "\u9879\u4ed4\u4ed4", "userReviewDate": "2018-04-13", "userURL": "http://user.17k.com/43565215", "userReview": "\u52a0\u6cb9"}], "description": "\u8fd9\u6d51\u6d4a\u7684\u4e16\u754c\u4e0a\u8fd8\u6709\u7247\u51c0\u571f\uff0c\u6240\u6709\u4eba\u90fd\u8bf4\u90a3\u672a\u77e5\u7684\u4e16\u754c\u4e0d\u5b58\u5728\uff0c\u4e5f\u6709\u5c11\u6570\u4eba\u76f8\u4fe1\u4ed6\u5b58\u5728\uff0c\u4f46\u4e5f\u53ea\u80fd\u5c0f\u5fc3\u7ffc\u7ffc\u7684\u53bb\u76f8\u4fe1\uff0c\u5982\u679c\u8bf4\u51fa\u6765\u8fd8\u4f1a\u88ab\u5f53\u6210\u50bb\u5b50\u75af\u5b50\u3002\u90a3\u7247\u51c0\u571f\u6709\u7740\u4e91\u7aef\u4e4b\u4e0a\u7684\u6e05\u51c0\uff0c\u6709\u7f18\u4eba\u89c1\u8fc7\uff0c\u6bcf\u4e2a\u4eba\u4e5f\u90fd\u542c\u8fc7\uff0c\u4f46\u4ece\u672a\u6709\u4eba\u53bb\u8fc7\uff0c\u6216\u8bb8\u6709\u4eba\u53bb\u8fc7\uff0c\u90a3\u4e2a\u4eba\u4ece\u6b64\u4e4b\u540e\u5728\u4e5f\u5c31\u6ca1\u6709\u51fa\u73b0\u8fc7\u3002", "title": "\u6709\u4ed9\u81ea\u8fdc\u65b9\u6765", "url": "http://www.17k.com/book/2800823.html", "average": -1.0, "cover": "http://img.17k.com/images/bookcover/2018/14004/70/2800823-1524646325000.jpg", "reviews": 3023, "authors": [{"url": "http://www.17k.com/zuozhe/60606833", "name": "\u5f08\u6559\u4e3b"}], "type": ["\u5947\u5e7b\u4fee\u771f"], "outlinks": ["http://www.17k.com/book/2794982.html", "http://www.17k.com/book/2801292.html", "http://www.17k.com/book/2816318.html", "http://www.17k.com/book/2797575.html", "http://www.17k.com/book/2802516.html", "http://www.17k.com/book/2812195.html", "http://www.17k.com/book/2820143.html", "http://www.17k.com/book/2807943.html", "http://www.17k.com/book/2813457.html", "http://www.17k.com/book/2798058.html", "http://www.17k.com/book/2815617.html", "http://www.17k.com/book/2805259.html", "http://www.17k.com/book/2760255.html", "http://www.17k.com/book/2686894.html", "http://www.17k.com/book/2797016.html", "http://www.17k.com/book/2767246.html", "http://www.17k.com/book/2764239.html", "http://www.17k.com/book/2754498.html", "http://www.17k.com/book/2754900.html", "http://www.17k.com/book/2625740.html", "http://www.17k.com/book/2213315.html", "http://www.17k.com/book/2402178.html", "http://www.17k.com/book/2691221.html", "http://www.17k.com/book/2210699.html", "http://www.17k.com/book/1797752.html", "http://www.17k.com/book/2575507.html", "http://www.17k.com/book/2705181.html", "http://www.17k.com/book/2702539.html", "http://www.17k.com/book/2474887.html", "http://www.17k.com/book/2674733.html", "http://www.17k.com/book/2822076.html", "http://www.17k.com/book/2809894.html", "http://www.17k.com/book/2822077.html", "http://www.17k.com/book/2811930.html", "http://www.17k.com/book/2815548.html", "http://www.17k.com/book/2819620.html", "http://www.17k.com/book/2809964.html", "http://www.17k.com/book/2808200.html", "http://www.17k.com/book/2820100.html", "http://www.17k.com/book/2822978.html", "http://www.17k.com/book/2804337.html", "http://www.17k.com/book/2798814.html", "http://www.17k.com/book/2785153.html", "http://www.17k.com/book/2731559.html", "http://www.17k.com/book/2722533.html", "http://www.17k.com/book/2458377.html", "http://www.17k.com/book/2743300.html", "http://www.17k.com/book/973809.html", "http://www.17k.com/book/2651367.html", "http://www.17k.com/book/2726194.html", "http://www.17k.com/book/2790214.html", "http://www.17k.com/book/493239.html", "http://www.17k.com/book/108821.html", "http://www.17k.com/book/1398783.html", "http://www.17k.com/book/83528.html", "http://www.17k.com/book/1859126.html", "http://www.17k.com/book/1741975.html", "http://www.17k.com/book/192453.html", "http://www.17k.com/book/2459058.html", "http://www.17k.com/book/1050747.html", "http://www.17k.com/book/2700315.html", "http://www.17k.com/book/2818940.html", "http://www.17k.com/book/2819519.html", "http://www.17k.com/book/2816390.html", "http://www.17k.com/book/2819588.html", "http://www.17k.com/book/2813768.html", "http://www.17k.com/book/2822406.html", "http://www.17k.com/book/2772164.html", "http://www.17k.com/book/2784023.html", "http://www.17k.com/book/2811877.html", "http://www.17k.com/book/2809119.html", "http://www.17k.com/book/2803700.html", "http://www.17k.com/book/2819561.html", "http://www.17k.com/book/2746506.html", "http://www.17k.com/book/2811836.html", "http://www.17k.com/book/2614810.html", "http://www.17k.com/book/1592435.html", "http://www.17k.com/book/1949748.html", "http://www.17k.com/book/2265802.html", "http://www.17k.com/book/2743240.html", "http://www.17k.com/book/2657437.html", "http://www.17k.com/book/2644502.html", "http://www.17k.com/book/2199900.html", "http://www.17k.com/book/2725436.html", "http://www.17k.com/book/2629978.html"]}