{"ratings": -1, "userreviews": [{"userName": "17K\u7528\u6237Onea3x8874", "userReviewDate": "2018-05-04", "userURL": "http://user.17k.com/61040100", "userReview": "[\u6253\u8d4f]\u6211\u6253\u8d4f\u4e861000\u5143\u7ea2\u5305\uff01\uff01"}, {"userName": "\u4e0d\u51b7\u7684\u5929\u5802\u672c\u5c0a", "userReviewDate": "2018-04-14", "userURL": "http://user.17k.com/61036612", "userReview": "\u602a\u7269\u9f99\u5957\u697c\u3002\u4e16\u754c\u89c2\u5f00\u542f\uff0c\u5404\u79cd\u4f20\u8bf4\u4e2d\u7684\u9b3c\u602a\uff0c\u795e\u4f5b\u751a\u81f3\u662f\u4e00\u5207\u5e7b\u60f3\u7684\u5b58\u5728\u90fd\u6709\u53ef\u80fd\u51fa\u73b0\u3002\u5927\u5bb6\u5982\u679c\u60f3\u8ba9\u81ea\u5df1\u559c\u6b22\u7684\u602a\u7269\u51fa\u73b0\u5728\u6587\u4e2d\u7684\u8bdd\u90a3\u5c31\u5728\u8fd9\u91cc\u7559\u8a00\u5427\uff01"}, {"userName": "\u4e0d\u51b7\u7684\u5929\u5802\u672c\u5c0a", "userReviewDate": "2018-04-13", "userURL": "http://user.17k.com/61036612", "userReview": "\u610f\u89c1\u697c \u5199\u4e66\u96be\u514d\u4f1a\u6709\u987e\u8651\u4e0d\u5230\u7684\u5730\u65b9\uff0c\u6709\u4ec0\u4e48\u95ee\u9898\u5e0c\u671b\u5927\u5bb6\u591a\u591a\u6307\u70b9\uff0c\u7231\u4f60\u4eec\uff01"}, {"userName": "\u4e0d\u51b7\u7684\u5929\u5802\u672c\u5c0a", "userReviewDate": "2018-04-13", "userURL": "http://user.17k.com/61036612", "userReview": "\u65b0\u4e66\u5f00\u542f\uff0c\u7167\u7406\u9f99\u5957\u697c\uff01 \u9f99\u5957\u697c\u5185\u53ef\u51fa\u73b0\u4eba\u7c7b\uff0c\u602a\u7269\uff0c\u795e\u4f5b\uff0c\u5996\u9b3c\uff0c\u8bf7\u5927\u5bb6\u7545\u6240\u6b32\u8a00\uff0c\u628a\u81ea\u5df1\u7684\u80fd\u529b\uff0c\u7279\u5f81\uff0c\u6027\u683c\u90fd\u5199\u4e0b\u6765\uff0c\u4e0d\u51b7\u4f1a\u52aa\u529b\u8ba9\u4f60\u4eec\u90fd\u51fa\u73b0\u7684\uff01"}, {"userName": "17K\u4e66\u53cb0PW1OHQZ", "userReviewDate": "2018-06-07", "userURL": "http://user.17k.com/62239733", "userReview": "\u8bf7\u95ee\uff0c\u6253\u8d4f\u5728\u54ea"}, {"userName": "17K\u4e66\u53cb0PW1OHQZ", "userReviewDate": "2018-06-07", "userURL": "http://user.17k.com/62239733", "userReview": "\u8bf7\u95ee\uff0c\u6253\u8d4f\u5728\u54ea"}, {"userName": "\u6b7b\u5927\u5934987293414", "userReviewDate": "2018-06-06", "userURL": "http://user.17k.com/62430233", "userReview": "[\u6253\u8d4f]\u6211\u6253\u8d4f\u4e861\u4e2a'\u5c0f\u5fc3\u5fc3'\uff01\uff01"}, {"userName": "\u5357\u5df7\u5317\u5f80\u4e36", "userReviewDate": "2018-06-06", "userURL": "http://user.17k.com/61045791", "userReview": "[\u6253\u8d4f]\u6211\u6253\u8d4f\u4e865\u5143\u7ea2\u5305\uff01\uff01"}, {"userName": "\u4ef0\u671b\u661f\u7a7a45&deg;\u3001\u541e\u566c\u82e6\u6da9\u2026000789972", "userReviewDate": "2018-06-04", "userURL": "http://user.17k.com/61068965", "userReview": "\u4e0d\u51b7\uff0c\u6211\u8981\u4e3e\u62a5\u4f60\u3002 \u4e66\u5199\u7684\u592a\u597d\u770b\u4e86\uff0c\u8ba9\u6211\u7740\u8ff7\u4e86"}, {"userName": "\u501f\u4e00\u90e8\u8bf4\u8bdd", "userReviewDate": "2018-06-04", "userURL": "http://user.17k.com/45377881", "userReview": "[\u6253\u8d4f]\u6211\u6253\u8d4f\u4e8610\u5143\u7ea2\u5305\uff01\uff01"}, {"userName": "\u68a6\u9192\u5929\u5dee", "userReviewDate": "2018-06-04", "userURL": "http://user.17k.com/59595211", "userReview": "\u9c9c\u82b1\u5949\u4e0a\uff0c\u7ee7\u7eed\u52a0\u6cb9\uff01"}, {"userName": "\u6653\u591c\u9752\u7483", "userReviewDate": "2018-05-27", "userURL": "http://user.17k.com/57797935", "userReview": "[\u6253\u8d4f]\u6211\u6253\u8d4f\u4e8610\u4e2a'\u5c0f\u5fc3\u5fc3'\uff01\uff01"}, {"userName": "\u738b\u5723\u51ef", "userReviewDate": "2018-05-27", "userURL": "http://user.17k.com/62232478", "userReview": "\u4e0d\u51b7\u8fd9\u672c\u548c\u4e4b\u524d\u7684\u6709\u8054\u7cfb\u5417"}, {"userName": "\u501f\u4e00\u90e8\u8bf4\u8bdd", "userReviewDate": "2018-05-23", "userURL": "http://user.17k.com/45377881", "userReview": "[\u6253\u8d4f]\u6211\u6253\u8d4f\u4e8610\u5143\u7ea2\u5305\uff01\uff01"}, {"userName": "17K\u4e66\u53cb7L5QU8WL", "userReviewDate": "2018-05-23", "userURL": "http://user.17k.com/62093678", "userReview": "[\u6253\u8d4f]\u6211\u6253\u8d4f\u4e861\u5143\u7ea2\u5305\uff01\uff01"}, {"userName": "\u6c5f\u6795\u5bd2\u6f6e", "userReviewDate": "2018-05-17", "userURL": "http://user.17k.com/57664879", "userReview": "\u8fd8\u4e0d\u9519\uff0c\u9c9c\u82b1\u5949\u4e0a\uff01\u52a0\u6cb9\uff01"}, {"userName": "\u54c8\u54c8\u4eba\u58eb\uff08\u54c6\u5566\u6076\u68a6\uff09\u2026", "userReviewDate": "2018-05-15", "userURL": "http://user.17k.com/61345918", "userReview": "[\u6253\u8d4f]\u6211\u6253\u8d4f\u4e861\u4e2a'\u5c0f\u5fc3\u5fc3'\uff01\uff01"}, {"userName": "17k\u4e66\u53cb4qwwm8gl1", "userReviewDate": "2018-05-13", "userURL": "http://user.17k.com/61730964", "userReview": "\u8001\u8bfb\u8005\u4e86\uff0c\u65b0\u4e66\u52a0\u6cb9\uff01"}, {"userName": "17k\u4e66\u53cb4qwwm8gl1", "userReviewDate": "2018-05-13", "userURL": "http://user.17k.com/61730964", "userReview": "[\u6253\u8d4f]\u6211\u6253\u8d4f\u4e8618\u5143\u7ea2\u5305\uff01\uff01"}, {"userName": "\u82cf\u5761\u513f\u674e", "userReviewDate": "2018-05-07", "userURL": "http://user.17k.com/61064144", "userReview": "[\u6253\u8d4f]\u6211\u6253\u8d4f\u4e8618\u5143\u7ea2\u5305\uff01\uff01"}], "description": "\u4f55\u4e3a\u672b\u4e16\uff1f\u3000\u3000\u4e27\u5c38\uff1f\u9b54\u602a\uff1f\u866b\u65cf\uff1f\u3000\u3000\u4e0d\uff01\u3000\u3000\u552f\u6709\u5f53\u4eba\u7c7b\u6240\u6050\u60e7\u7684\uff0c\u6240\u5d07\u62dc\u7684\uff0c\u751a\u81f3\u662f\u6240\u5e7b\u60f3\u7684\u4e00\u5207\u90fd\u6210\u4e3a\u73b0\u5b9e\u4e4b\u65f6\uff0c\u624d\u662f\u4eba\u7c7b\u771f\u6b63\u7684\u672b\u65e5\uff01\u3000\u3000\u7075\u6c14\u56de\u6d8c\uff0c\u4fe1\u4ef0\u91cd\u94f8\uff0c\u8fd9\u662f\u795e\u4f5b\u5996\u9b54\u7684\u9955\u992e\u76db\u5bb4\uff0c\u4e5f\u662f\u4eba\u7c7b\u6709\u53f2\u4ee5\u6765\u7684\u6700\u5927\u6d69\u52ab\uff01\u3000\u3000\u4e27\u5c38\uff0c\u5f02\u5f62\uff0c\u8d1e\u5b50\uff0c\u602a\u5f62\uff0c\u5996\u7cbe\u9b3c\u602a\uff0c\u795e\u9b54\u4ed9\u4f5b\uff0c\u8fd9\u4e00\u5207\u7684\u4e00\u5207\uff0c\u90fd\u5c06\u964d\u4e34\u4e8e\u4e16\uff01\u3000\u3000\u8fd9\u662f\u771f\u6b63\u7684\u672b\u65e5\uff0c\u8fd9\u662f\u672b\u4e16\u2026\u2026\u795e\u9b54\u7eaa\u5143\uff01\u3000\u3000\u2014\u2014\u2014\u2014\u2014\u2014\u3000\u3000\u8fd9\u662f\u4e0d\u51b7\u7684\u7b2c\u56db\u672c\u4e66\uff0c\u5df2\u5b8c\u672c\u4e09\u672c\u51711500W\u5b57\u5c0f\u8bf4\uff0c\u65e0\u592a\u76d1\uff0c\u4eba\u54c1\u4fdd\u8bc1\uff0c\u65b0\u4e66\u671f\u6025\u6c42\u652f\u6301\uff01\u3000\u3000\u52a0\u66f4\u89c4\u5219\uff1a\u6253\u8d4f\u6ee1100\u52a0\u66f4\u4e00\u7ae0\uff0c\u9c9c\u82b1\u6ee11000\u52a0\u66f4\u4e00\u7ae0\uff0c\u52a0\u66f4\u7684\u7ae0\u8282\u4f1a\u5728\u4e0a\u67b6\u540e\u7206\u53d1\uff01", "title": "\u672b\u4e16\u795e\u9b54\u5f55", "url": "http://www.17k.com/book/2809964.html", "average": -1.0, "cover": "http://img.17k.com/images/bookcover/2018/14049/70/2809964-1523716626000.jpg", "reviews": 94847, "authors": [{"url": "http://www.17k.com/zuozhe/61036612", "name": "\u4e0d\u51b7\u7684\u5929\u5802"}], "type": ["\u672b\u4e16\u5371\u673a"], "outlinks": ["http://www.17k.com/book/2794982.html", "http://www.17k.com/book/2801292.html", "http://www.17k.com/book/2816318.html", "http://www.17k.com/book/2797575.html", "http://www.17k.com/book/2802516.html", "http://www.17k.com/book/2812195.html", "http://www.17k.com/book/2820143.html", "http://www.17k.com/book/2807943.html", "http://www.17k.com/book/2813457.html", "http://www.17k.com/book/2798058.html", "http://www.17k.com/book/2815617.html", "http://www.17k.com/book/2805259.html", "http://www.17k.com/book/2760255.html", "http://www.17k.com/book/2686894.html", "http://www.17k.com/book/2797016.html", "http://www.17k.com/book/2767246.html", "http://www.17k.com/book/2764239.html", "http://www.17k.com/book/2754498.html", "http://www.17k.com/book/2754900.html", "http://www.17k.com/book/2625740.html", "http://www.17k.com/book/2213315.html", "http://www.17k.com/book/2402178.html", "http://www.17k.com/book/2691221.html", "http://www.17k.com/book/2210699.html", "http://www.17k.com/book/1797752.html", "http://www.17k.com/book/2575507.html", "http://www.17k.com/book/2705181.html", "http://www.17k.com/book/2702539.html", "http://www.17k.com/book/2474887.html", "http://www.17k.com/book/2674733.html", "http://www.17k.com/book/2822076.html", "http://www.17k.com/book/2809894.html", "http://www.17k.com/book/2822077.html", "http://www.17k.com/book/2811930.html", "http://www.17k.com/book/2815548.html", "http://www.17k.com/book/2819620.html", "http://www.17k.com/book/2809964.html", "http://www.17k.com/book/2808200.html", "http://www.17k.com/book/2820100.html", "http://www.17k.com/book/2822978.html", "http://www.17k.com/book/2804337.html", "http://www.17k.com/book/2798814.html", "http://www.17k.com/book/2785153.html", "http://www.17k.com/book/2731559.html", "http://www.17k.com/book/2722533.html", "http://www.17k.com/book/2458377.html", "http://www.17k.com/book/2743300.html", "http://www.17k.com/book/973809.html", "http://www.17k.com/book/2651367.html", "http://www.17k.com/book/2726194.html", "http://www.17k.com/book/2790214.html", "http://www.17k.com/book/493239.html", "http://www.17k.com/book/108821.html", "http://www.17k.com/book/1398783.html", "http://www.17k.com/book/83528.html", "http://www.17k.com/book/1859126.html", "http://www.17k.com/book/1741975.html", "http://www.17k.com/book/192453.html", "http://www.17k.com/book/2459058.html", "http://www.17k.com/book/1050747.html", "http://www.17k.com/book/2700315.html", "http://www.17k.com/book/2818940.html", "http://www.17k.com/book/2819519.html", "http://www.17k.com/book/2816390.html", "http://www.17k.com/book/2819588.html", "http://www.17k.com/book/2813768.html", "http://www.17k.com/book/2822406.html", "http://www.17k.com/book/2772164.html", "http://www.17k.com/book/2784023.html", "http://www.17k.com/book/2811877.html", "http://www.17k.com/book/2809119.html", "http://www.17k.com/book/2803700.html", "http://www.17k.com/book/2819561.html", "http://www.17k.com/book/2746506.html", "http://www.17k.com/book/2811836.html", "http://www.17k.com/book/2614810.html", "http://www.17k.com/book/1592435.html", "http://www.17k.com/book/1949748.html", "http://www.17k.com/book/2265802.html", "http://www.17k.com/book/2743240.html", "http://www.17k.com/book/2657437.html", "http://www.17k.com/book/2644502.html", "http://www.17k.com/book/2199900.html", "http://www.17k.com/book/2725436.html", "http://www.17k.com/book/2629978.html"]}