{"ratings": -1, "userreviews": [{"userName": "\u89c2\u558b", "userReviewDate": "2018-05-10", "userURL": "http://user.17k.com/59567192", "userReview": "\u5efa\u4e2a\u4eba\u7269\u8d34\uff0c\u6709\u5174\u8da3\u7684\u53ef\u4ee5\u7559\u8a00\uff01\uff08\u771f\u5fc3\u539f\u8c05\u89c2\u558b\uff0c\u6211\u4e00\u8d77\u540d\u5c31\u5934\u75bc\uff01\uff09"}, {"userName": "\u5440\uff0c\u571f\u8c46\uff01475513712", "userReviewDate": "2018-06-07", "userURL": "http://user.17k.com/62597556", "userReview": "\u56af\u56af\u56af\uff0c\u63a8\u8350\u597d\u770b\u7684\u5c0f\u8bf4\u6765\u5566\uff0c<a target='_blank' href='http://www.17k.com/book/2836052.html'>\u300a\u542f\u5143\u5927\u9646\u300b</a>\u4e5f\u975e\u5e38\u597d\u770b\u54df&#55357;&#56842;"}, {"userName": "\u96e8\u6668233", "userReviewDate": "2018-06-06", "userURL": "http://user.17k.com/60804302", "userReview": "\u665a\u597d\u554a\uff0c\u52a0\u6cb9"}, {"userName": "\u5723\u9690\u5e1d\u5143", "userReviewDate": "2018-06-06", "userURL": "http://user.17k.com/57760595", "userReview": "\u7b7e\u5230\u652f\u6301\uff01"}, {"userName": "\u5c4c\u4e1d\u5c0f\u8279", "userReviewDate": "2018-06-06", "userURL": "http://user.17k.com/32064178", "userReview": "\u989d\u3002\u3002\u3002\u6211\u60f3\u8bf4\u65b9\u5757\u5341\u4e0d\u80fd\u732e\u796d\u4e48\uff1f\u4e3b\u89d2\u4e0d\u662f\u6361\u5230\u65b9\u5757\u5341\u4e86\u5417\uff1f\u8fd9\u5f20\u724c\u54ea\u53bb\u4e86\uff1f\u4f5c\u8005\u4f60\u662f\u5fd8\u4e86\u5427"}, {"userName": "\u9526\u79cb\u82b1\u68c9", "userReviewDate": "2018-06-04", "userURL": "http://user.17k.com/62505146", "userReview": "\u7b2c\u4e00\u6b21\u5199\u5c0f\u8bf4\uff0c\u4e00\u4e2a\u6536\u85cf\u90fd\u6ca1\u6709\uff0c<a target='_blank' href='http://www.17k.com/book/2834799.html'>\u300a\u91cd\u751f\u9006\u82cd\u5929\u300b</a>\u6c42\u770b\u6c42\u8d50\u6559"}, {"userName": "\u5189\u594b\u6597", "userReviewDate": "2018-06-04", "userURL": "http://user.17k.com/58862624", "userReview": "\u652f\u6301\u4e00\u6735\u9c9c\u82b1\uff01"}, {"userName": "\u5189\u594b\u6597", "userReviewDate": "2018-06-03", "userURL": "http://user.17k.com/58862624", "userReview": "\u9c9c\u82b1\u652f\u6301\uff01"}, {"userName": "\u975e\u5584\u7c7b&quot;", "userReviewDate": "2018-06-03", "userURL": "http://user.17k.com/61676487", "userReview": "<a target='_blank' href='http://www.17k.com/book/2824830.html'>\u300a\u524d\u591c\uff0c\u6545\u4e8b\u4e0e\u5979\u300b</a>\u6211\u7231\u8fd9\u91cc\uff0c\u524d\u6765\u56f4\u89c2\u3002"}, {"userName": "9asXbDg0Vw9Nx061", "userReviewDate": "2018-06-02", "userURL": "http://user.17k.com/62396210", "userReview": "[\u6253\u8d4f]\u6211\u6253\u8d4f\u4e861\u5143\u7ea2\u5305\uff01\uff01"}, {"userName": "9asXbDg0Vw9Nx061", "userReviewDate": "2018-06-02", "userURL": "http://user.17k.com/62396210", "userReview": "\u6f31\u7389\u9752\u5b50\u643a\u5e26<a target='_blank' href='http://www.17k.com/book/2833136.html'>\u300a\u5b89\u9759\u4e4b\u6b4c\u300b</a>\u524d\u6765\u62dc\u8bbf\uff0c\u795d\u5927\u5927\u5c0f\u8bf4\u5927\u7ea2\u5927\u7d2b"}, {"userName": "\u9526\u7ee3\u82b3\u83f2", "userReviewDate": "2018-06-02", "userURL": "http://user.17k.com/53849640", "userReview": "\u597d\u4e66\u4e0d\u6613\uff0c\u575a\u6301\u52aa\u529b\uff0c\u52a0\u6cb9\u652f\u6301"}, {"userName": "\u5723\u9690\u5e1d\u5143", "userReviewDate": "2018-06-02", "userURL": "http://user.17k.com/57760595", "userReview": "\u7b7e\u5230\u652f\u6301\uff01"}, {"userName": "\u8b0e096178420", "userReviewDate": "2018-06-01", "userURL": "http://user.17k.com/56327053", "userReview": "\u597d\u4e66\uff0c\u652f\u6301\uff01"}, {"userName": "\u9526\u7ee3\u82b3\u83f2", "userReviewDate": "2018-05-30", "userURL": "http://user.17k.com/53849640", "userReview": "\u7b7e\u5230\uff0c\u95ee\u597d\uff0c\u52a0\u6cb9\u652f\u6301\uff0c\u7f51\u4e0a\u597d\uff0c\u7801\u5b57\u6109\u5feb"}, {"userName": "\u5409\u8a00\u81f3\u6b64", "userReviewDate": "2018-05-21", "userURL": "http://user.17k.com/59191215", "userReview": "\u6765\u90fd\u6765\u4e86\uff0c\u652f\u6301\u4e00\u4e0b\u3002"}, {"userName": "&#55356;&#57114;035279125", "userReviewDate": "2018-05-14", "userURL": "http://user.17k.com/59519716", "userReview": "\u3002\u3002\u3002\u3002\u3002\u3002"}, {"userName": "\u83dc\u9e1f\u7231\u5403\u9e21", "userReviewDate": "2018-05-14", "userURL": "http://user.17k.com/59314432", "userReview": "\u652f\u6301\u5927\u5927"}, {"userName": "K\u5c0f\u5f00", "userReviewDate": "2018-05-13", "userURL": "http://user.17k.com/58509881", "userReview": "\u4eca\u5929\u6bcd\u4eb2\u8282\uff0c\u795d\u613f\u89c2\u558b\u7684\u6bcd\u4eb2\u5927\u4eba\uff0c\u5065\u5eb7\u5409\u7965\uff0c\u559c\u4e50\u5b89\u5eb7\uff01"}, {"userName": "\u84dd\u8863\u5a46", "userReviewDate": "2018-05-12", "userURL": "http://user.17k.com/57853155", "userReview": "\u6765\u819c\u62dc\u4e00\u756a\uff01\u652f\u6301\uff01"}], "description": "\u5f53\u82cd\u751f\u8150\u673d\uff0c\u5f53\u5c81\u6708\u51cb\u96f6\uff0c\u5f53\u65f6\u7a7a\u91cd\u53e0\uff0c\u672b\u65e5\u964d\u4e34\uff0c\u5f53\u4eba\u7c7b\u6210\u4e3a\u730e\u7269\u3002\u3000\u3000\u5929\u964d\u7eb8\u724c\uff0c\u662f\u4eba\u7c7b\u5d1b\u8d77\u7684\u5951\u673a\uff0c\u8fd8\u662f\u52a0\u901f\u706d\u4ea1\u7684\u63a8\u624b\uff1f\u3000\u3000\u800c\u5173\u4e8e\u672b\u65e5\uff0c\u6211\u4eec\u6ca1\u6709\u7b54\u6848\uff01\u3000\u3000-------------------------------------\u3000\u3000\uff08\u672c\u4e66\u7fa4\u53f7\uff1a700795628\uff0c\u6b22\u8fce\u5927\u5bb6\u8fdb\u7fa4\u4ea4\u6d41\uff01\uff09", "title": "\u672b\u65e5\u7eb8\u724c", "url": "http://www.17k.com/book/2763729.html", "average": -1.0, "cover": "http://img.17k.com/images/bookcover/2018/13818/69/2763729-1516895988000.jpg", "reviews": 152078, "authors": [{"url": "http://www.17k.com/zuozhe/59567192", "name": "\u89c2\u558b"}], "type": ["\u672b\u4e16\u5371\u673a"], "outlinks": ["http://www.17k.com/book/2794982.html", "http://www.17k.com/book/2801292.html", "http://www.17k.com/book/2816318.html", "http://www.17k.com/book/2797575.html", "http://www.17k.com/book/2802516.html", "http://www.17k.com/book/2812195.html", "http://www.17k.com/book/2820143.html", "http://www.17k.com/book/2807943.html", "http://www.17k.com/book/2813457.html", "http://www.17k.com/book/2798058.html", "http://www.17k.com/book/2815617.html", "http://www.17k.com/book/2805259.html", "http://www.17k.com/book/2760255.html", "http://www.17k.com/book/2686894.html", "http://www.17k.com/book/2797016.html", "http://www.17k.com/book/2767246.html", "http://www.17k.com/book/2764239.html", "http://www.17k.com/book/2754498.html", "http://www.17k.com/book/2754900.html", "http://www.17k.com/book/2625740.html", "http://www.17k.com/book/2213315.html", "http://www.17k.com/book/2402178.html", "http://www.17k.com/book/2691221.html", "http://www.17k.com/book/2210699.html", "http://www.17k.com/book/1797752.html", "http://www.17k.com/book/2575507.html", "http://www.17k.com/book/2705181.html", "http://www.17k.com/book/2702539.html", "http://www.17k.com/book/2474887.html", "http://www.17k.com/book/2674733.html", "http://www.17k.com/book/2822076.html", "http://www.17k.com/book/2809894.html", "http://www.17k.com/book/2822077.html", "http://www.17k.com/book/2811930.html", "http://www.17k.com/book/2815548.html", "http://www.17k.com/book/2819620.html", "http://www.17k.com/book/2809964.html", "http://www.17k.com/book/2808200.html", "http://www.17k.com/book/2820100.html", "http://www.17k.com/book/2822978.html", "http://www.17k.com/book/2804337.html", "http://www.17k.com/book/2798814.html", "http://www.17k.com/book/2785153.html", "http://www.17k.com/book/2731559.html", "http://www.17k.com/book/2722533.html", "http://www.17k.com/book/2458377.html", "http://www.17k.com/book/2743300.html", "http://www.17k.com/book/973809.html", "http://www.17k.com/book/2651367.html", "http://www.17k.com/book/2726194.html", "http://www.17k.com/book/2790214.html", "http://www.17k.com/book/493239.html", "http://www.17k.com/book/108821.html", "http://www.17k.com/book/1398783.html", "http://www.17k.com/book/83528.html", "http://www.17k.com/book/1859126.html", "http://www.17k.com/book/1741975.html", "http://www.17k.com/book/192453.html", "http://www.17k.com/book/2459058.html", "http://www.17k.com/book/1050747.html", "http://www.17k.com/book/2700315.html", "http://www.17k.com/book/2818940.html", "http://www.17k.com/book/2819519.html", "http://www.17k.com/book/2816390.html", "http://www.17k.com/book/2819588.html", "http://www.17k.com/book/2813768.html", "http://www.17k.com/book/2822406.html", "http://www.17k.com/book/2772164.html", "http://www.17k.com/book/2784023.html", "http://www.17k.com/book/2811877.html", "http://www.17k.com/book/2809119.html", "http://www.17k.com/book/2803700.html", "http://www.17k.com/book/2819561.html", "http://www.17k.com/book/2746506.html", "http://www.17k.com/book/2811836.html", "http://www.17k.com/book/2614810.html", "http://www.17k.com/book/1592435.html", "http://www.17k.com/book/1949748.html", "http://www.17k.com/book/2265802.html", "http://www.17k.com/book/2743240.html", "http://www.17k.com/book/2657437.html", "http://www.17k.com/book/2644502.html", "http://www.17k.com/book/2199900.html", "http://www.17k.com/book/2725436.html", "http://www.17k.com/book/2629978.html"]}