{"ratings": -1, "userreviews": [{"userName": "\u65af\u6587\u732b\u965b\u4e0b", "userReviewDate": "2018-04-03", "userURL": "http://user.17k.com/37764708", "userReview": "\u52a0\u6cb9\uff0c\u652f\u6301\u4e00\u4e0b\u3002"}, {"userName": "\u98ce\u9716\u5c9a", "userReviewDate": "2018-03-21", "userURL": "http://user.17k.com/14147922", "userReview": "\u671b\u4f60\u80fd\u518d\u63a5\u518d\u5389\uff0c\u7ee7\u7eed\u52a0\u6cb9\uff01"}, {"userName": "\u98ce\u96e8\u4e91\u96fe\u96ea", "userReviewDate": "2018-03-01", "userURL": "http://user.17k.com/59226198", "userReview": "\u5982\u6709\u8def\u8fc7\u7684\u670b\u53cb\uff0c\u5e0c\u671b\u4f60\u4eec\u80fd\u70b9\u51fb\u770b\u4e00\u4e0b\uff0c\u7559\u4e2a\u8bc4\u8bba\uff0c\u4e0d\u6c42\u7ea2\u5305\uff0c\u4e0d\u6c42\u9c9c\u82b1\uff0c\u4e0d\u6c42\u76d6\u7ae0\uff0c\u53ea\u6c42\u8bc4\u8bba\u4eba\u6c14"}, {"userName": "\u767d\u91d1\u5c0f\u795e", "userReviewDate": "2018-03-01", "userURL": "http://user.17k.com/57422940", "userReview": "\u4e00\u4e07\u591a\u5b57\u624d49\u70b9\u51fb&nbsp; \u54c8\u54c8 \u62117000\u591a\u5b57380\u70b9\u51fb <a target='_blank' href='http://www.17k.com/book/2684238.html'>\u300a\u5723\u9f99\u9b54\u541b\u300b</a>&nbsp; \u5b66\u7740\u70b9"}], "description": "\u6211\u5802\u5802\u4e03\u5c3a\u7537\u513f\uff0c\u4eba\u751f\u5929\u5730\u95f4\uff0c\u81ea\u7136\u8981\u4e3a\u8fd9\u5929\u5730\u7acb\u5fc3\uff0c\u4e3a\u5929\u4e0b\u82cd\u751f\u7acb\u547d\uff0c\u4f46\u82e5\u8981\u8fd9\u5929\u5730\u6b3a\u6211\u3001\u538b\u6211\u3001\u963b\u6211\uff0c\u90a3\u6211\u4fbf\u8981\u7834\u5929\u5730\uff0c\u706d\u82cd\u751f\uff01", "title": "\u6740\u751f\u4e07\u7075", "url": "http://www.17k.com/book/2784650.html", "average": -1.0, "cover": "http://img.17k.com/images/bookcover/default_cover2.jpg", "reviews": 2804, "authors": [{"url": "http://www.17k.com/zuozhe/59226198", "name": "\u98ce\u96e8\u4e91\u96fe\u96ea"}], "type": ["\u4e1c\u65b9\u7384\u5e7b"], "outlinks": ["http://www.17k.com/book/2794982.html", "http://www.17k.com/book/2801292.html", "http://www.17k.com/book/2816318.html", "http://www.17k.com/book/2797575.html", "http://www.17k.com/book/2802516.html", "http://www.17k.com/book/2812195.html", "http://www.17k.com/book/2820143.html", "http://www.17k.com/book/2807943.html", "http://www.17k.com/book/2813457.html", "http://www.17k.com/book/2798058.html", "http://www.17k.com/book/2815617.html", "http://www.17k.com/book/2805259.html", "http://www.17k.com/book/2760255.html", "http://www.17k.com/book/2686894.html", "http://www.17k.com/book/2797016.html", "http://www.17k.com/book/2767246.html", "http://www.17k.com/book/2764239.html", "http://www.17k.com/book/2754498.html", "http://www.17k.com/book/2754900.html", "http://www.17k.com/book/2625740.html", "http://www.17k.com/book/2213315.html", "http://www.17k.com/book/2402178.html", "http://www.17k.com/book/2691221.html", "http://www.17k.com/book/2210699.html", "http://www.17k.com/book/1797752.html", "http://www.17k.com/book/2575507.html", "http://www.17k.com/book/2705181.html", "http://www.17k.com/book/2702539.html", "http://www.17k.com/book/2474887.html", "http://www.17k.com/book/2674733.html", "http://www.17k.com/book/2822076.html", "http://www.17k.com/book/2809894.html", "http://www.17k.com/book/2822077.html", "http://www.17k.com/book/2811930.html", "http://www.17k.com/book/2815548.html", "http://www.17k.com/book/2819620.html", "http://www.17k.com/book/2809964.html", "http://www.17k.com/book/2808200.html", "http://www.17k.com/book/2820100.html", "http://www.17k.com/book/2822978.html", "http://www.17k.com/book/2804337.html", "http://www.17k.com/book/2798814.html", "http://www.17k.com/book/2785153.html", "http://www.17k.com/book/2731559.html", "http://www.17k.com/book/2722533.html", "http://www.17k.com/book/2458377.html", "http://www.17k.com/book/2743300.html", "http://www.17k.com/book/973809.html", "http://www.17k.com/book/2651367.html", "http://www.17k.com/book/2726194.html", "http://www.17k.com/book/2790214.html", "http://www.17k.com/book/493239.html", "http://www.17k.com/book/108821.html", "http://www.17k.com/book/1398783.html", "http://www.17k.com/book/83528.html", "http://www.17k.com/book/1859126.html", "http://www.17k.com/book/1741975.html", "http://www.17k.com/book/192453.html", "http://www.17k.com/book/2459058.html", "http://www.17k.com/book/1050747.html", "http://www.17k.com/book/2700315.html", "http://www.17k.com/book/2818940.html", "http://www.17k.com/book/2819519.html", "http://www.17k.com/book/2816390.html", "http://www.17k.com/book/2819588.html", "http://www.17k.com/book/2813768.html", "http://www.17k.com/book/2822406.html", "http://www.17k.com/book/2772164.html", "http://www.17k.com/book/2784023.html", "http://www.17k.com/book/2811877.html", "http://www.17k.com/book/2809119.html", "http://www.17k.com/book/2803700.html", "http://www.17k.com/book/2819561.html", "http://www.17k.com/book/2746506.html", "http://www.17k.com/book/2811836.html", "http://www.17k.com/book/2614810.html", "http://www.17k.com/book/1592435.html", "http://www.17k.com/book/1949748.html", "http://www.17k.com/book/2265802.html", "http://www.17k.com/book/2743240.html", "http://www.17k.com/book/2657437.html", "http://www.17k.com/book/2644502.html", "http://www.17k.com/book/2199900.html", "http://www.17k.com/book/2725436.html", "http://www.17k.com/book/2629978.html"]}