{"ratings": -1, "userreviews": [{"userName": "\u602a\u602a\u53d4\u53d4", "userReviewDate": "2017-06-02", "userURL": "http://user.17k.com/45818070", "userReview": "\u5982\u679c\u6709\u4e00\u5929\u4f60\u6210\u4e3a\u522b\u4eba\u7684\u65b0\u5a18\uff0c\u6211\u5b9a\u7edd\u53e3\u4e0d\u63d0\u5f53\u5e74\u7684\u75af\u72c2\uff0c\u5982\u679c\u6709\u4e00\u5929\u6211\u6210\u4e3a\u522b\u4eba\u7684\u65b0\u90ce\uff0c\u5a36\u4f60\u4f9d\u7136\u662f\u6211\u6700\u521d\u7684\u68a6\u60f3\u3002"}, {"userName": "\u602a\u602a\u53d4\u53d4", "userReviewDate": "2017-04-15", "userURL": "http://user.17k.com/45818070", "userReview": "\u6781\u54c1\u5355\u8eab\u8bfb\u8005\u7fa4\uff0c\u7fa4\u53f7\u7801\uff1a439533149\uff0c\u54cd\u5e94\u8001\u4e09\u7684\u53f7\u53ec\uff0c\u5f00\u4e66\u7fa4\u4e00\u4e2a\uff0c\u5e0c\u671b\u559c\u6b22\u5355\u8eab\u7684\u670b\u53cb\u52a0\u5165\uff0c\u53ef\u4ee5\u5728\u91cc\u9762\u4e92\u76f8\u4ea4\u6d41\u3002"}, {"userName": "17K\u4e66\u53cbC1E23Z73", "userReviewDate": "2018-06-05", "userURL": "http://user.17k.com/62248946", "userReview": "\u6709\u4e00\u79cd\u5728\u770b\u6545\u4e8b\u4f1a\u7684\u611f\u89c9"}, {"userName": "17K\u4e66\u53cbC1E23Z73", "userReviewDate": "2018-06-05", "userURL": "http://user.17k.com/62248946", "userReview": "\u600e\u4e4817k\u7684\u4e66\u8bc4\u51e0\u4e4e\u90fd\u662f\u63a8\u4e66\u7684\uff1f"}, {"userName": "17K\u4e66\u53cbC1E23Z73", "userReviewDate": "2018-06-05", "userURL": "http://user.17k.com/62248946", "userReview": "\u770b\u8d77\u6765\u6ca1\u6709\u90a3\u4e48\u7684\u723d\uff0c\u4e3b\u89d2\u7684\u6027\u683c\u4e0d\u662f\u5f88\u8ba9\u4eba\u723d\u5feb\uff0c\u4f46\u662f\u8fd8\u80fd\u63a5\u53d7\uff0c\u6628\u5929\u624d\u5f00\u59cb\u770b\u7684\uff0c\u4f46\u662f\u65b0\u610f\u4e0d\u9519\uff0c\u652f\u6301"}, {"userName": "\u5218\u67d0\u4eba193409085", "userReviewDate": "2018-06-04", "userURL": "http://user.17k.com/54993550", "userReview": "[\u6253\u8d4f]\u6211\u6253\u8d4f\u4e86399\u5143\u7ea2\u5305\uff01\uff01"}, {"userName": "\u6781\u54c1\u5355\u8eab\u72d7", "userReviewDate": "2018-05-14", "userURL": "http://user.17k.com/60967889", "userReview": "\u54c7\uff0c\u5927\u4f6c\u4f60\u7684\u4e66\u540d\u8ddf\u6211\u7684ID\u5c31\u5dee\u4e00\u4e2a\u5b57\uff0c\u662f\u7f18\u5206\u561b\uff0c\u8fd8\u662f\u771f\u7231\uff1f"}, {"userName": "\u5218\u67d0\u4eba193409085", "userReviewDate": "2018-05-14", "userURL": "http://user.17k.com/54993550", "userReview": "[\u6253\u8d4f]\u6211\u6253\u8d4f\u4e86499\u5143\u7ea2\u5305\uff01\uff01"}, {"userName": "\u5510\u5eb8\u5b81", "userReviewDate": "2018-04-05", "userURL": "http://user.17k.com/59073412", "userReview": "\u6587\u91c7\u98de\u626c\uff0c\u652f\u6301\u5927\u5927\uff0c\u665a\u5b89\uff01"}, {"userName": "\u6de1\u82e5\u706c\u6e05\u98ce", "userReviewDate": "2017-09-17", "userURL": "http://user.17k.com/50939097", "userReview": "\u65b0\u4eba<a target='_blank' href='http://www.17k.com/book/2650969.html'>\u300a\u5929\u9053\u795e\u5b97\u300b</a>\u524d\u6765\u62dc\u8bbf\uff0c\u4f5c\u8005\u5927\u5927\u52a0\u6cb9(^_^)"}, {"userName": "\u590f\u5fc6\u6674", "userReviewDate": "2017-08-30", "userURL": "http://user.17k.com/54452638", "userReview": "\u52a0\u6cb9\u2299\u25bd\u2299\uff0c<a target='_blank' href='http://www.17k.com/book/2447071.html'>\u300a\u66f2\u843d\u6b87\u300b</a>\u524d\u6765\u652f\u6301\uff0c\u6c42\u82b1\u82b1\uff0c\u6c42\u6536\u85cf\uff0c\u6c42\u6253\u8d4f~"}, {"userName": "\u62ac\u67602", "userReviewDate": "2017-08-29", "userURL": "http://user.17k.com/53277186", "userReview": "\u6c6a\u6c6a\u6c6a\u6c6a\u6c6a\uff0c\u55f7\u545c~"}, {"userName": "\u777f\u7d2b\u718f", "userReviewDate": "2017-08-28", "userURL": "http://user.17k.com/54013214", "userReview": "\u5c0f\u777f\u5e26<a target='_blank' href='http://www.17k.com/book/2558415.html'>\u300a\u795e\u7684\u5b88\u62a4\u4f7f\u8005\u300b</a>\u524d\u6765\u5b66\u4e60"}, {"userName": "\u5175\u957f\u7684\u5c0f\u5ab3\u5987\u513f", "userReviewDate": "2017-08-19", "userURL": "http://user.17k.com/55440380", "userReview": "<a target='_blank' href='http://www.17k.com/book/2518705.html'>\u300a\u6211\u600e\u4e48\u4f1a\u662f\u574f\u4eba\u300b</a>\u6765\u8bbf\uff0c\u9884\u795d\u5927\u5927\u6536\u83b7\u66f4\u591a\u559c\u7231\uff0c\u671b\u5927\u4f6c\u4eec\u56de\u8bbf"}, {"userName": "Volez", "userReviewDate": "2017-08-15", "userURL": "http://user.17k.com/55825384", "userReview": "<a target='_blank' href='http://www.17k.com/book/2622859.html'>\u300a\u7075\u98d8\u300b</a>\u524d\u6765\u62a5\u5230"}, {"userName": "\u6d2a\u4e66\u8a00", "userReviewDate": "2017-08-11", "userURL": "http://user.17k.com/54317798", "userReview": "<a target='_blank' href='http://www.17k.com/book/2607229.html'>\u300a\u5251\u9053\u795e\u7687\u300b</a>\u4e94\u57df\u5929\u4e0b\u84c4\u98ce\u96f7\uff0c\u4e00\u671d\u95ee\u9053\u5b9a\u4e7e\u5764\u3002 \u8f6e\u56de\u91cd\u751f\uff0c\u4e00\u4e2a\u7a1a\u5ae9\u5c11\u5e74\u4ece\u6c38\u6052\u4e4b\u68fa\u4e2d\u9192\u6765\uff0c\u8eab\u80cc\u4e09\u628a\u9752\u950b\uff0c\u788e\u5c71\u6cb3\u3001\u7834\u5929\u5730\u3001\u8c03\u7f8e\u5973\u3001\u65a9\u5929\u624d\u3001\u622e\u4ec7\u4eba\u3001\u518d\u542f\u5996\u5b7d\u4e4b\u8def\u2026\u2026\u3002"}, {"userName": "\u9e7f\u5fc3\u9690", "userReviewDate": "2017-08-11", "userURL": "http://user.17k.com/56695408", "userReview": "<a target='_blank' href='http://www.17k.com/book/2606138.html'>\u300a\u98ce\u6b87\u4e4b\u51e4\u51f0\u78d0\u6d85\u300b</a>\u524d\u6765\u5b66\u4e60\uff0c\u795d\u5927\u5927\u7684\u4e66\u8d8a\u6765\u8d8a\u706b\uff01"}, {"userName": "\u4ea1\u57ce\u5b64\u5f71a", "userReviewDate": "2017-08-09", "userURL": "http://user.17k.com/51251883", "userReview": "<a target='_blank' href='http://www.17k.com/book/2304546.html'>\u300a\u82b1\u843d\u96e8\u5b63\u5fae\u51c9\u65f6\u300b</a>\u6765\u8bbf"}, {"userName": "\u9646\u6653\u75af", "userReviewDate": "2017-08-04", "userURL": "http://user.17k.com/14776216", "userReview": "\u5b66\u4e60\u4e86\uff0c\u52a0\u6cb9\u54c8\u3002"}, {"userName": "shgshdsjdkf", "userReviewDate": "2017-07-29", "userURL": "http://user.17k.com/54463613", "userReview": "\u5c38\u5c71\u8840\u6d77\uff0c\u767d\u9aa8\u6210\u697c\uff0c\u552f\u5fc3\u4e0d\u53d8\uff0c\u70ed\u8840\u4fee\u771f\uff0c\u7b7e\u7ea6\u4f5c\u54c1<a target='_blank' href='http://www.17k.com/book/2277558.html'>\u300a\u5f02\u4e16\u4e4b\u8f6e\u56de\u4ed9\u8def\u300b</a>\u6765\u8bbf\uff01"}], "description": "\u672c\u4e66\u5f88\u8650\u7537\u4e3b\uff0c\u9002\u5408\u81ea\u8650\u7684\u7537\u58eb\u4ee5\u53ca\u7f8e\u5973\u89c2\u770b\uff01\u3000\u3000\u957f\u76f8\u2018\u975e\u51e1\u2019\u7684\u67f3\u6c38\uff0c\u5728\u88ab\u4ed6\u8fde\u624b\u90fd\u6ca1\u62c9\u8fc7\u7684\u4e8c\u624b\u5973\u53cb\u6234\u4e86\u7eff\u5e3d\u4e4b\u540e\uff0c\u51b3\u5b9a\u4ee5\u6b7b\u6765\u7ed3\u675f\u81ea\u5df1\u60b2\u50ac\u7684\u4eba\u751f\u3002\u5c82\u6599\u8df3\u697c\u7684\u9014\u4e2d\u7838\u4e2d\u4e86\u4e0b\u51e1\u7684\u8870\u795e\uff0c\u4ece\u6b64\u4ee5\u4e3a\u81ea\u5df1\u5373\u5c06\u5f00\u59cb\u4e00\u6bb5\u77ee\u77ec\u7a77\u9006\u88ad\u6210\u9ad8\u5e05\u5bcc\u7684\u4eba\u751f\uff01\u3000\u3000\u8c01\u77e5\u60b2\u50ac\u624d\u521a\u521a\u5f00\u59cb\uff0c\u4ec0\u4e48\u521d\u604b\uff0c\u7f8e\u5973\uff0c\u7b80\u76f4\u662f\u6050\u6016\u52a8\u7269\uff0c\u8650\u7684\u67f3\u6c38\u662f\u6b7b\u53bb\u6d3b\u6765\uff01", "title": "\u6781\u54c1\u5355\u8eab", "url": "http://www.17k.com/book/2374811.html", "average": -1.0, "cover": "http://img.17k.com/images/bookcover/2017/11874/59/2374811-1492147161000.jpg", "reviews": 722935, "authors": [{"url": "http://www.17k.com/zuozhe/45818070", "name": "\u602a\u602a\u6ef4\u53d4\u53d4"}], "type": ["\u90fd\u5e02\u5f02\u80fd"], "outlinks": ["http://www.17k.com/book/2794982.html", "http://www.17k.com/book/2801292.html", "http://www.17k.com/book/2816318.html", "http://www.17k.com/book/2797575.html", "http://www.17k.com/book/2802516.html", "http://www.17k.com/book/2812195.html", "http://www.17k.com/book/2820143.html", "http://www.17k.com/book/2807943.html", "http://www.17k.com/book/2813457.html", "http://www.17k.com/book/2798058.html", "http://www.17k.com/book/2815617.html", "http://www.17k.com/book/2805259.html", "http://www.17k.com/book/2760255.html", "http://www.17k.com/book/2686894.html", "http://www.17k.com/book/2797016.html", "http://www.17k.com/book/2767246.html", "http://www.17k.com/book/2764239.html", "http://www.17k.com/book/2754498.html", "http://www.17k.com/book/2754900.html", "http://www.17k.com/book/2625740.html", "http://www.17k.com/book/2213315.html", "http://www.17k.com/book/2402178.html", "http://www.17k.com/book/2691221.html", "http://www.17k.com/book/2210699.html", "http://www.17k.com/book/1797752.html", "http://www.17k.com/book/2575507.html", "http://www.17k.com/book/2705181.html", "http://www.17k.com/book/2702539.html", "http://www.17k.com/book/2474887.html", "http://www.17k.com/book/2674733.html", "http://www.17k.com/book/2822076.html", "http://www.17k.com/book/2809894.html", "http://www.17k.com/book/2822077.html", "http://www.17k.com/book/2811930.html", "http://www.17k.com/book/2815548.html", "http://www.17k.com/book/2819620.html", "http://www.17k.com/book/2809964.html", "http://www.17k.com/book/2808200.html", "http://www.17k.com/book/2820100.html", "http://www.17k.com/book/2822978.html", "http://www.17k.com/book/2804337.html", "http://www.17k.com/book/2798814.html", "http://www.17k.com/book/2785153.html", "http://www.17k.com/book/2731559.html", "http://www.17k.com/book/2722533.html", "http://www.17k.com/book/2458377.html", "http://www.17k.com/book/2743300.html", "http://www.17k.com/book/973809.html", "http://www.17k.com/book/2651367.html", "http://www.17k.com/book/2726194.html", "http://www.17k.com/book/2790214.html", "http://www.17k.com/book/493239.html", "http://www.17k.com/book/108821.html", "http://www.17k.com/book/1398783.html", "http://www.17k.com/book/83528.html", "http://www.17k.com/book/1859126.html", "http://www.17k.com/book/1741975.html", "http://www.17k.com/book/192453.html", "http://www.17k.com/book/2459058.html", "http://www.17k.com/book/1050747.html", "http://www.17k.com/book/2700315.html", "http://www.17k.com/book/2818940.html", "http://www.17k.com/book/2819519.html", "http://www.17k.com/book/2816390.html", "http://www.17k.com/book/2819588.html", "http://www.17k.com/book/2813768.html", "http://www.17k.com/book/2822406.html", "http://www.17k.com/book/2772164.html", "http://www.17k.com/book/2784023.html", "http://www.17k.com/book/2811877.html", "http://www.17k.com/book/2809119.html", "http://www.17k.com/book/2803700.html", "http://www.17k.com/book/2819561.html", "http://www.17k.com/book/2746506.html", "http://www.17k.com/book/2811836.html", "http://www.17k.com/book/2614810.html", "http://www.17k.com/book/1592435.html", "http://www.17k.com/book/1949748.html", "http://www.17k.com/book/2265802.html", "http://www.17k.com/book/2743240.html", "http://www.17k.com/book/2657437.html", "http://www.17k.com/book/2644502.html", "http://www.17k.com/book/2199900.html", "http://www.17k.com/book/2725436.html", "http://www.17k.com/book/2629978.html"]}