{"ratings": -1, "userreviews": [{"userName": "\u55b5\u7279\u52d2", "userReviewDate": "2017-07-24", "userURL": "http://user.17k.com/43414822", "userReview": "\u5f81\u96c6\u89d2\u8272\u540d\uff0c\u8e0a\u8dc3\u53d1\u8a00\uff0c\u5f00\u5fc3\u968f\u610f\uff0c\u53cd\u6b63\u672c\u55b5\u53c8\u4e0d\u4e00\u5b9a\u4f1a\u7528\u2192_\u2192"}, {"userName": "\u55b5\u7279\u52d2", "userReviewDate": "2017-06-21", "userURL": "http://user.17k.com/43414822", "userReview": "\u5e7f\u544a\u697c\u4e3a\u4e86\u4e66\u8bc4\u533a\u7684\u73af\u5883\uff0c\u4eb2\u4eec\u7684\u5e7f\u544a\u6765\u8fd9\u91cc\uff0c\u55b5\u55b5\u5c3d\u529b\u56de\u8bbf\u3002"}, {"userName": "17K\u4e66\u53cbq82faelf", "userReviewDate": "2018-04-01", "userURL": "http://user.17k.com/55531138", "userReview": "666666"}, {"userName": "\u5199\u4e66\u4eba885553580", "userReviewDate": "2018-02-21", "userURL": "http://user.17k.com/54713802", "userReview": "<a target='_blank' href='http://www.17k.com/book/2763415.html'>\u300a\u9f99\u9006\u6b66\u795e\u300b</a>\u6c42\u652f\u6301\uff0c\u6c42\u6536\u85cf\u3002"}, {"userName": "\u5c0f\u5b69\u96ef\u7855", "userReviewDate": "2018-02-21", "userURL": "http://user.17k.com/56326914", "userReview": "sfhhdyijgdfhkbxvie"}, {"userName": "\u968f\u98ce1405", "userReviewDate": "2018-02-21", "userURL": "http://user.17k.com/6111397", "userReview": "\u660e\u5929\u5f00\u59cb\u4e0a\u73ed"}, {"userName": "\u5510&middot;\u5409\u8bc3\u5fb7169483513", "userReviewDate": "2018-02-20", "userURL": "http://user.17k.com/59444390", "userReview": "\u8fd8\u53ef\u4ee5\u5427\u4e0d\u77e5\u9053"}, {"userName": "\u6697\u591c\u6d41\u661f\u98de", "userReviewDate": "2018-02-01", "userURL": "http://user.17k.com/46865324", "userReview": "<a target='_blank' href='http://www.17k.com/book/2717155.html'>\u300a\u9082\u9005\u5973\u795e\u7231\u4e0a\u6211\u300b</a>\u6765\u8bbf\u5b66\u4e60\uff0c\u5e0c\u671b\u80fd\u6709\u4eba\u770b\u770b\uff0c\u8c22\u8c22\u6765\u8bbf\u3002"}, {"userName": "\u957f\u6613\u9752\u5c71", "userReviewDate": "2018-01-27", "userURL": "http://user.17k.com/58219588", "userReview": "\u86ee\u597d"}, {"userName": "\u66fe\u5e73\u751f", "userReviewDate": "2018-01-25", "userURL": "http://user.17k.com/55308902", "userReview": "\u55b5\uff0c\u518d\u5f00\u4e00\u4e2a\u4ec0\u4e48\u5751\uff1f\u975e\u5e38\u559c\u6b22\u4f60\u7684\u4f5c\u54c1\uff01"}, {"userName": "\u66fe\u5e73\u751f", "userReviewDate": "2018-01-25", "userURL": "http://user.17k.com/55308902", "userReview": "[\u6253\u8d4f]\u6211\u6253\u8d4f\u4e862\u5143\u7ea2\u5305\uff01\uff01"}, {"userName": "A\u725b\u9b54\u738b", "userReviewDate": "2018-01-25", "userURL": "http://user.17k.com/56738425", "userReview": "\u63a8\u8350\u4e00\u672c\u60ca\u9669\u523a\u6fc0\u597d\u770b\u7684\u4e66<a target='_blank' href='http://www.17k.com/book/2728167.html'>\u300a\u6211\u548c\u5996\u517d\u6709\u4e2a\u7ea6\u4f1a\u300b</a>\uff0c\u591a\u591a\u652f\u6301\uff0c\u6765\u4e2a\u6536\u85cf!\u70b9\u51fb\u4e66\u540d\u5c31\u53ef\u4ee5\u770b\u5230\u4e66\u4e86\u3002"}, {"userName": "AA\u5e73\u51e1", "userReviewDate": "2018-01-25", "userURL": "http://user.17k.com/54679733", "userReview": "\u524d\u9762\u5199\u7684\u5f88\u5438\u5f15\u4eba\uff0c\u6bd4\u4e00\u822c\u7684\u7a7f\u8d8a\u66f4\u6709\u9605\u8bfb\u6b32\uff0c\u53ef\u662f\u8fd8\u662f\u72af\u4e86\u8001\u5957\u8def\uff0c\u864e\u5934\u86c7\u5c3e\uff5e\uff5e\uff5e\uff5e\u96be\u9053\u5c31\u6ca1\u6709\u4e00\u672c\u5f00\u5934\u548c\u7ed3\u5c3e\u90fd\u503c\u5f97\u89c2\u8d4f\u7684\u5927\u4f5c\u5417\uff1f\uff1f\uff1f"}, {"userName": "kool\u6377", "userReviewDate": "2018-01-24", "userURL": "http://user.17k.com/56730892", "userReview": "\u63a8\u8350\u4e00\u672c\u597d\u770b\u7684\u4e66<a target='_blank' href='http://www.17k.com/book/2551937.html'>\u300a\u8d85\u65b0\u4eba\u300b</a>\uff0c\u60ca\u9669\u523a\u6fc0\u6d6a\u6f2b\u4e0d\u65ad\uff0c\u5929\u5929\u66f4\u65b0\uff0c\u591a\u591a\u652f\u6301\uff0c\u6765\u4e2a\u6536\u85cf\u3002\u70b9\u51fb\u4e66\u540d\u5c31\u53ef\u4ee5\u770b\u5230\u4e66\u4e86\u3002"}, {"userName": "tokyomewmew", "userReviewDate": "2018-01-23", "userURL": "http://user.17k.com/10711114", "userReview": "\u611f\u89c9\u6b64\u5c0f\u8bf4\u4ece\u516d\u767e\u7ae0\u4ee5\u540e\uff0c\u5185\u5bb9\u5c31\u8fdb\u5165\u4e86\u5047\u3001\u5927\u3001\u7a7a\uff0c\u4f5c\u8005\u5728\u540e\u9762\u7684\u628a\u63e1\u80fd\u529b\u4e0d\u8db3\u3002"}, {"userName": "A\u725b\u9b54\u738b", "userReviewDate": "2018-01-23", "userURL": "http://user.17k.com/56738425", "userReview": "\u63a8\u8350\u4e00\u672c\u60ca\u9669\u523a\u6fc0\u597d\u770b\u7684\u4e66<a target='_blank' href='http://www.17k.com/book/2728167.html'>\u300a\u6211\u548c\u5996\u517d\u6709\u4e2a\u7ea6\u4f1a\u300b</a>\uff0c\u591a\u591a\u652f\u6301\uff0c\u6765\u4e2a\u6536\u85cf!\u70b9\u51fb\u4e66\u540d\u5c31\u53ef\u4ee5\u770b\u5230\u4e66\u4e86\u3002"}, {"userName": "kool\u6377", "userReviewDate": "2018-01-20", "userURL": "http://user.17k.com/56730892", "userReview": "\u63a8\u8350\u4e00\u672c\u597d\u770b\u7684\u4e66<a target='_blank' href='http://www.17k.com/book/2551937.html'>\u300a\u8d85\u65b0\u4eba\u300b</a>\uff0c\u8bf7\u591a\u591a\u652f\u6301\uff0c\u6765\u4e2a\u6536\u85cf\u5427\uff01\u70b9\u51fb\u4e66\u540d\u5c31\u53ef\u4ee5\u770b\u5230\u4e66\u4e86\u3002"}, {"userName": "A\u725b\u9b54\u738b", "userReviewDate": "2018-01-19", "userURL": "http://user.17k.com/56738425", "userReview": "\u63a8\u8350\u4e00\u672c\u60ca\u9669\u523a\u6fc0\u597d\u770b\u7684\u4e66<a target='_blank' href='http://www.17k.com/book/2728167.html'>\u300a\u6211\u548c\u5996\u517d\u6709\u4e2a\u7ea6\u4f1a\u300b</a>\uff0c\u8bf7\u591a\u591a\u652f\u6301\uff0c\u6765\u4e2a\u6536\u85cf\u5427! \u70b9\u51fb\u4e66\u540d\u5c31\u53ef\u4ee5\u770b\u5230\u4e66\u5566\u3002"}, {"userName": "kool\u6377", "userReviewDate": "2018-01-18", "userURL": "http://user.17k.com/56730892", "userReview": "\u63a8\u8350\u4e00\u672c\u597d\u770b\u7684\u4e66<a target='_blank' href='http://www.17k.com/book/2551937.html'>\u300a\u8d85\u65b0\u4eba\u300b</a>\uff0c\u8bf7\u591a\u591a\u652f\u6301\uff0c\u6765\u4e2a\u6536\u85cf\u5427\uff01"}, {"userName": "A\u725b\u9b54\u738b", "userReviewDate": "2018-01-17", "userURL": "http://user.17k.com/56738425", "userReview": "\u63a8\u8350\u4e00\u672c\u60ca\u9669\u523a\u6fc0\u597d\u770b\u7684\u4e66<a target='_blank' href='http://www.17k.com/book/2728167.html'>\u300a\u6211\u548c\u5996\u517d\u6709\u4e2a\u7ea6\u4f1a\u300b</a>\uff0c\u8bf7\u591a\u591a\u652f\u6301\uff0c\u6765\u4e2a\u6536\u85cf\u5427!"}], "description": "\u67d0\u62f3\u738b:\u662f\u4ed6\uff01\u6211\u5f03\u6743\u3002\u3000\u3000\u67d0\u683c\u6597\u51a0\u519b:\u548c\u4ed6\u6253\uff1f\u9aa8\u79d1\u5e8a\u4f4d\u9884\u5b9a\u4e86\u4e48\uff1f\u3000\u3000\u67d0\u6b4c\u624b:\u7ed9\u6211\u5199\u9996\u6b4c\uff0c\u4f60\u60f3\u548b\u6837\u5c31\u548b\u6837\u3002\u3000\u3000\u67d0\u6f14\u5458:\u4f60\u9001\u6211\u79f0\u540e\uff0c\u6211\u9001\u4f60\u4e0a\u5929\uff01\u3000\u3000\u67d0\u53a8\u5a18:\u86cb\u7092\u996d\u597d\u96be\uff0c\u5728\u52aa\u529b\u4e5f\u505a\u4e0d\u51fa\u4f60\u7684\u5473\u9053\u3002\u3000\u3000\u67d0\u8b66\u82b1:\u8fd9\u6848\u5b50\u4f60\u600e\u4e48\u770b\uff1f\u3000\u3000\u67d0\u6210\u529f\u4eba\u58eb:\u5e74\u8f7b\u4eba\uff0c\u4e0d\u8981\u603b\u60f3\u7740\u641e\u4e2a\u5927\u65b0\u95fb\u3002\u3000\u3000\u6c5f\u4e00\u9e23:\u6211\u4e5f\u4e0d\u60f3\u8fd9\u6837\uff0c\u6211\u4e5f\u5f88\u65e0\u5948\u554a\u3002(\u7cfb\u7edf\u55b5:\u549a\u55b5~\u4f60\u6709\u65b0\u7684\u4efb\u52a1\uff0c\u8bf7\u6ce8\u610f\u67e5\u6536\u3002)", "title": "\u6781\u54c1\u5b97\u5e08", "url": "http://www.17k.com/book/2498353.html", "average": -1.0, "cover": "http://img.17k.com/images/bookcover/2017/12491/62/2498353-1502864940000.jpg", "reviews": 1399501, "authors": [{"url": "http://www.17k.com/zuozhe/43414822", "name": "\u672c\u55b5"}], "type": ["\u90fd\u5e02\u91cd\u751f"], "outlinks": ["http://www.17k.com/book/2794982.html", "http://www.17k.com/book/2801292.html", "http://www.17k.com/book/2816318.html", "http://www.17k.com/book/2797575.html", "http://www.17k.com/book/2802516.html", "http://www.17k.com/book/2812195.html", "http://www.17k.com/book/2820143.html", "http://www.17k.com/book/2807943.html", "http://www.17k.com/book/2813457.html", "http://www.17k.com/book/2798058.html", "http://www.17k.com/book/2815617.html", "http://www.17k.com/book/2805259.html", "http://www.17k.com/book/2760255.html", "http://www.17k.com/book/2686894.html", "http://www.17k.com/book/2797016.html", "http://www.17k.com/book/2767246.html", "http://www.17k.com/book/2764239.html", "http://www.17k.com/book/2754498.html", "http://www.17k.com/book/2754900.html", "http://www.17k.com/book/2625740.html", "http://www.17k.com/book/2213315.html", "http://www.17k.com/book/2402178.html", "http://www.17k.com/book/2691221.html", "http://www.17k.com/book/2210699.html", "http://www.17k.com/book/1797752.html", "http://www.17k.com/book/2575507.html", "http://www.17k.com/book/2705181.html", "http://www.17k.com/book/2702539.html", "http://www.17k.com/book/2474887.html", "http://www.17k.com/book/2674733.html", "http://www.17k.com/book/2822076.html", "http://www.17k.com/book/2809894.html", "http://www.17k.com/book/2822077.html", "http://www.17k.com/book/2811930.html", "http://www.17k.com/book/2815548.html", "http://www.17k.com/book/2819620.html", "http://www.17k.com/book/2809964.html", "http://www.17k.com/book/2808200.html", "http://www.17k.com/book/2820100.html", "http://www.17k.com/book/2822978.html", "http://www.17k.com/book/2804337.html", "http://www.17k.com/book/2798814.html", "http://www.17k.com/book/2785153.html", "http://www.17k.com/book/2731559.html", "http://www.17k.com/book/2722533.html", "http://www.17k.com/book/2458377.html", "http://www.17k.com/book/2743300.html", "http://www.17k.com/book/973809.html", "http://www.17k.com/book/2651367.html", "http://www.17k.com/book/2726194.html", "http://www.17k.com/book/2790214.html", "http://www.17k.com/book/493239.html", "http://www.17k.com/book/108821.html", "http://www.17k.com/book/1398783.html", "http://www.17k.com/book/83528.html", "http://www.17k.com/book/1859126.html", "http://www.17k.com/book/1741975.html", "http://www.17k.com/book/192453.html", "http://www.17k.com/book/2459058.html", "http://www.17k.com/book/1050747.html", "http://www.17k.com/book/2700315.html", "http://www.17k.com/book/2818940.html", "http://www.17k.com/book/2819519.html", "http://www.17k.com/book/2816390.html", "http://www.17k.com/book/2819588.html", "http://www.17k.com/book/2813768.html", "http://www.17k.com/book/2822406.html", "http://www.17k.com/book/2772164.html", "http://www.17k.com/book/2784023.html", "http://www.17k.com/book/2811877.html", "http://www.17k.com/book/2809119.html", "http://www.17k.com/book/2803700.html", "http://www.17k.com/book/2819561.html", "http://www.17k.com/book/2746506.html", "http://www.17k.com/book/2811836.html", "http://www.17k.com/book/2614810.html", "http://www.17k.com/book/1592435.html", "http://www.17k.com/book/1949748.html", "http://www.17k.com/book/2265802.html", "http://www.17k.com/book/2743240.html", "http://www.17k.com/book/2657437.html", "http://www.17k.com/book/2644502.html", "http://www.17k.com/book/2199900.html", "http://www.17k.com/book/2725436.html", "http://www.17k.com/book/2629978.html"]}