{"ratings": -1, "userreviews": [{"userName": "17K\u4e66\u53cbTHW1E0R1", "userReviewDate": "2018-06-07", "userURL": "http://user.17k.com/62408813", "userReview": "[\u6253\u8d4f]\u6211\u6253\u8d4f\u4e861\u5143\u7ea2\u5305\uff01\uff01"}, {"userName": "yaitita546879446", "userReviewDate": "2018-06-05", "userURL": "http://user.17k.com/54107938", "userReview": "\u8fd9\u672c\u4e66\u592a\u68d2\u4e86\uff01\u9f13\u52b1\u4e00\u4e0b\uff0c\u5e0c\u671b\u540e\u7eed\u66f4\u52a0\u7cbe\u5f69\uff01"}, {"userName": "\u6625\u98ce\u5316\u96e8315", "userReviewDate": "2018-06-05", "userURL": "http://user.17k.com/59633929", "userReview": "\u55ef\u55ef\u55ef\u6478\u6478"}, {"userName": "\u9526\u7ee3\u82b3\u83f2", "userReviewDate": "2018-05-30", "userURL": "http://user.17k.com/53849640", "userReview": "\u7b7e\u5230\u652f\u6301\uff0c\u52a0\u6cb9"}, {"userName": "17k\u4e66\u53cb13t70twll", "userReviewDate": "2018-05-06", "userURL": "http://user.17k.com/61532936", "userReview": "[\u6253\u8d4f]\u6211\u6253\u8d4f\u4e862\u5143\u7ea2\u5305\uff01\uff01"}, {"userName": "\u8dc3\u9f99\u95e8\u7684\u9c7c", "userReviewDate": "2018-04-22", "userURL": "http://user.17k.com/38204384", "userReview": "\u6492\u82b1\u652f\u6301\uff01\u52a0\u6cb9\uff01"}, {"userName": "17K\u4e66\u53cb1MV9QJHR", "userReviewDate": "2018-04-16", "userURL": "http://user.17k.com/59635537", "userReview": "\u8fd9\u662f\u4e00\u672c\u5f88\u597d\u770b\u7684\u4e66\u3002"}, {"userName": "\u516d\u6708\u5fae\u5c18", "userReviewDate": "2018-03-28", "userURL": "http://user.17k.com/46106801", "userReview": "\u7b7e\u5230\u6536\u85cf\uff0c\u65b0\u4eba\u9700\u8981\u5927\u795e\u63d0\u643a\uff0c\u5e0c\u671b\u56de\u8bbf\u70b9\u8bc4\u3002"}, {"userName": "\u7231\u6c5f\u5c71_\u66f4\u7231\u7f8e\u4eba", "userReviewDate": "2018-03-25", "userURL": "http://user.17k.com/57167593", "userReview": "\u80fd\u4e0d\u80fd\u5c11\u70b9\u9519\u522b\u5b57\u554a\uff0c&#55357;&#56834;&#55357;&#56834;&#55357;&#56834;"}, {"userName": "Sam596950140", "userReviewDate": "2018-03-25", "userURL": "http://user.17k.com/60585018", "userReview": "[\u6253\u8d4f]\u6211\u6253\u8d4f\u4e861\u5143\u7ea2\u5305\uff01\uff01"}, {"userName": "jdjdjdjjd", "userReviewDate": "2018-03-23", "userURL": "http://user.17k.com/54100786", "userReview": "[\u6253\u8d4f]\u6211\u6253\u8d4f\u4e861\u5143\u7ea2\u5305\uff01\uff01"}, {"userName": "\u7f18\u4efd833159477", "userReviewDate": "2018-03-22", "userURL": "http://user.17k.com/58835227", "userReview": "[\u6253\u8d4f]\u6211\u6253\u8d4f\u4e862\u5143\u7ea2\u5305\uff01\uff01"}, {"userName": "\u574f\u5c0f\u5b50\u7684\u7eaf\u60c5", "userReviewDate": "2018-03-22", "userURL": "http://user.17k.com/60383691", "userReview": "<a target='_blank' href='http://www.17k.com/book/2798234.html'>\u300a\u90aa\u6027\u6b8b\u60c5\u300b</a>\u8e6d\u8e6d\u70ed\u5ea6\uff0c\u5927\u5927\u7b14\u4e0b\u5999\u7b14\u751f\u82b1\uff0c\u732e\u4e11\u4e86\u3002"}, {"userName": "\u6d41\u5c18\u8e0f\u96ea", "userReviewDate": "2018-03-21", "userURL": "http://user.17k.com/55382191", "userReview": "\u5f53\u7b2c\u4e00\u4e2a\u9f7f\u8f6e\u590d\u4f4d\u4e4b\u65f6\uff0c\u547d\u8fd0\u4fbf\u65e0\u53ef\u963b\u6321\u3002\u795e\u4f1a\u91cd\u73b0\u4ed6\u7684\u8363\u5149\uff0c\u8ba9\u4e00\u5207\u5351\u5fae\u8005\u4fef\u4f0f\u4e8e\u4ed6\u7684\u738b\u5ea7\uff01\u4e14\u770b\u5723\u9b54\u4e4b\u5b50\uff0c\u8e0f\u5929\u9053\uff0c\u7834\u82cd\u7a79\uff0c\u6c14\u541e\u4e5d\u9704\uff0c\u9006\u5929\u6539\u547d\uff01<a target='_blank' href='http://www.17k.com/book/2624205.html'>\u300a\u5723\u9b54\u6218\u7687\u300b</a>\u6765\u8bbf\u3002\u5df2\u6536\u85cf\u3002\u795d\u5927\u5927\u8d8a\u5199\u8d8a\u7ea2\u706b\uff01"}, {"userName": "\u64ce\u8d77\u9893\u5e9f\u7684\u8e49\u8dce", "userReviewDate": "2018-03-20", "userURL": "http://user.17k.com/59275671", "userReview": "<span style='color:black'>\u5929\u773c\u9b3c\u8b66\u6765\u8bbf\uff0c\u52a0\u6cb9\uff0c\u652f\u6301\uff01</span>"}, {"userName": "\u7231\u53eb\u7684\u5c0f\u82b1\u732b\u54aa\u54aa", "userReviewDate": "2018-03-20", "userURL": "http://user.17k.com/57601707", "userReview": "<a target='_blank' href='http://www.17k.com/book/2670542.html'>\u300a\u5510\u50e7\u8fc7\u9633\u5173\u300b</a>\u6765\u8bbf\uff0c\u652f\u6301\uff0c\u52a0\u6cb9 !\u671f\u5f85\u56de\u8bbf\u548c\u6536\u85cf \u3002"}, {"userName": "\u7a7a\u8c37\u7559\u60c5", "userReviewDate": "2018-03-15", "userURL": "http://user.17k.com/45016341", "userReview": "<a target='_blank' href='http://www.17k.com/book/2790998.html'>\u300a\u9738\u9053\u4e13\u5c5e\u300b</a>\u6765\u8bbf\uff0c\u5927\u5927\u5199\u5f97\u5f88\u597d\uff0c\u5df2\u7ecf\u6536\u85cf\uff0c\u671f\u5f85\u56de\u8bbf\u548c\u6536\u85cf"}, {"userName": "\u65af\u6587\u732b\u965b\u4e0b", "userReviewDate": "2018-03-14", "userURL": "http://user.17k.com/37764708", "userReview": "\u52a0\u6cb9\uff0c\u652f\u6301\u4f9d\u65e7"}, {"userName": "\u65af\u6587\u732b\u965b\u4e0b", "userReviewDate": "2018-03-13", "userURL": "http://user.17k.com/37764708", "userReview": "\u52a0\u6cb9\uff0c\u62dc\u8bfb\u5927\u4f5c\uff0c\u652f\u6301\u652f\u6301\uff0c"}], "description": "\u80cc\u8d1f\u8840\u6d77\u6df1\u4ec7\uff0c\u58f0\u540d\u5a01\u9707\u56fd\u9645\u5730\u4e0b\u4e16\u754c\u7684\u9f99\u7259\u738b\u8005\u79e6\u5ddd\u91cd\u5f52\u90fd\u5e02\uff0c\u8e0f\u7740\u8840\u706b\u800c\u6765\u7684\u4ed6\uff0c\u8a93\u8981\u5c06\u8fd9\u4e00\u5207\u6709\u5173\u7684\u654c\u4eba\u6740\u4e2a\u5929\u7ffb\u5730\u8986\uff0c\u800c\u5728\u8fd9\u4e4b\u524d\uff0c\u4ed6\u5c06\u5f00\u59cb\u65b0\u7684\u804c\u4e1a\u2014\u2014\u5356\u70e4\u4e32\u3002", "title": "\u6781\u54c1\u72c2\u5175\u5728\u90fd\u5e02", "url": "http://www.17k.com/book/2784023.html", "average": -1.0, "cover": "http://img.17k.com/images/bookcover/2018/13920/69/2784023-1519555060000.jpg", "reviews": 29208, "authors": [{"url": "http://www.17k.com/zuozhe/60143598", "name": "\u6709\u70b9\u4e1c\u897f"}], "type": ["\u90fd\u5e02\u751f\u6d3b"], "outlinks": ["http://www.17k.com/book/2794982.html", "http://www.17k.com/book/2801292.html", "http://www.17k.com/book/2816318.html", "http://www.17k.com/book/2797575.html", "http://www.17k.com/book/2802516.html", "http://www.17k.com/book/2812195.html", "http://www.17k.com/book/2820143.html", "http://www.17k.com/book/2807943.html", "http://www.17k.com/book/2813457.html", "http://www.17k.com/book/2798058.html", "http://www.17k.com/book/2815617.html", "http://www.17k.com/book/2805259.html", "http://www.17k.com/book/2760255.html", "http://www.17k.com/book/2686894.html", "http://www.17k.com/book/2797016.html", "http://www.17k.com/book/2767246.html", "http://www.17k.com/book/2764239.html", "http://www.17k.com/book/2754498.html", "http://www.17k.com/book/2754900.html", "http://www.17k.com/book/2625740.html", "http://www.17k.com/book/2213315.html", "http://www.17k.com/book/2402178.html", "http://www.17k.com/book/2691221.html", "http://www.17k.com/book/2210699.html", "http://www.17k.com/book/1797752.html", "http://www.17k.com/book/2575507.html", "http://www.17k.com/book/2705181.html", "http://www.17k.com/book/2702539.html", "http://www.17k.com/book/2474887.html", "http://www.17k.com/book/2674733.html", "http://www.17k.com/book/2822076.html", "http://www.17k.com/book/2809894.html", "http://www.17k.com/book/2822077.html", "http://www.17k.com/book/2811930.html", "http://www.17k.com/book/2815548.html", "http://www.17k.com/book/2819620.html", "http://www.17k.com/book/2809964.html", "http://www.17k.com/book/2808200.html", "http://www.17k.com/book/2820100.html", "http://www.17k.com/book/2822978.html", "http://www.17k.com/book/2804337.html", "http://www.17k.com/book/2798814.html", "http://www.17k.com/book/2785153.html", "http://www.17k.com/book/2731559.html", "http://www.17k.com/book/2722533.html", "http://www.17k.com/book/2458377.html", "http://www.17k.com/book/2743300.html", "http://www.17k.com/book/973809.html", "http://www.17k.com/book/2651367.html", "http://www.17k.com/book/2726194.html", "http://www.17k.com/book/2790214.html", "http://www.17k.com/book/493239.html", "http://www.17k.com/book/108821.html", "http://www.17k.com/book/1398783.html", "http://www.17k.com/book/83528.html", "http://www.17k.com/book/1859126.html", "http://www.17k.com/book/1741975.html", "http://www.17k.com/book/192453.html", "http://www.17k.com/book/2459058.html", "http://www.17k.com/book/1050747.html", "http://www.17k.com/book/2700315.html", "http://www.17k.com/book/2818940.html", "http://www.17k.com/book/2819519.html", "http://www.17k.com/book/2816390.html", "http://www.17k.com/book/2819588.html", "http://www.17k.com/book/2813768.html", "http://www.17k.com/book/2822406.html", "http://www.17k.com/book/2772164.html", "http://www.17k.com/book/2784023.html", "http://www.17k.com/book/2811877.html", "http://www.17k.com/book/2809119.html", "http://www.17k.com/book/2803700.html", "http://www.17k.com/book/2819561.html", "http://www.17k.com/book/2746506.html", "http://www.17k.com/book/2811836.html", "http://www.17k.com/book/2614810.html", "http://www.17k.com/book/1592435.html", "http://www.17k.com/book/1949748.html", "http://www.17k.com/book/2265802.html", "http://www.17k.com/book/2743240.html", "http://www.17k.com/book/2657437.html", "http://www.17k.com/book/2644502.html", "http://www.17k.com/book/2199900.html", "http://www.17k.com/book/2725436.html", "http://www.17k.com/book/2629978.html"]}