{"ratings": -1, "userreviews": [{"userName": "\u8096\u5c0f\u6f47", "userReviewDate": "2017-01-25", "userURL": "http://user.17k.com/37282403", "userReview": "\u7687\u5e1d\u653b\u8fd8\u633a\u7eaf\u60c5\u7684\uff01"}, {"userName": "\u679c\u51bb\u5c0f\u5c0f\u897f", "userReviewDate": "2018-04-30", "userURL": "http://user.17k.com/60791840", "userReview": "\u524d\u6765\u62dc\u8bbf\uff01\uff01\uff01"}, {"userName": "\u7476\u7434\u5f26\u65ad", "userReviewDate": "2018-03-24", "userURL": "http://user.17k.com/59045489", "userReview": "\u5927\u5927\u665a\u597d"}, {"userName": "\u7476\u7434\u5f26\u65ad", "userReviewDate": "2018-03-23", "userURL": "http://user.17k.com/59045489", "userReview": "\u65e9\u5b89\uff0c\u5927\u5927"}, {"userName": "\u7476\u7434\u5f26\u65ad", "userReviewDate": "2018-03-22", "userURL": "http://user.17k.com/59045489", "userReview": "\u5927\u5927\u5199\u7684\u5f88\u4e0d\u9519\u5462\uff0c\u7eb3\u5170\u770b\u4e86\u4e00\u7ae0\uff0c\u524d\u6765\u5b66\u4e60"}, {"userName": "\u7476\u7434\u5f26\u65ad", "userReviewDate": "2018-03-22", "userURL": "http://user.17k.com/59045489", "userReview": "\u7eb3\u5170\u7b2c\u4e00\u6b21\u6765\u62dc\u8bbf\u5927\u5927\uff0c\u9001\u82b1\uff0c\u5927\u5927\u665a\u4e0a\u597d"}, {"userName": "\u5317\u6f02\u9752\u5e74\u590f\u5c0f\u661f", "userReviewDate": "2018-03-16", "userURL": "http://user.17k.com/57626396", "userReview": "\u60f3\u5f53\u5e74\u6211\u4e5f\u5199\u8fc7\uff0c\u53ef\u60dc\u8001\u662f\u65ad\u66f4\uff0c\u771f\u7684\u4f69\u670d\u4f60\u4eec\u8fd9\u79cd\uff0c\u4e00\u5199\u5c31\u80fd\u575a\u6301\u4e00\u5e74\u7684\u4eba\uff0c"}, {"userName": "\u7b11\u4e36\u9189", "userReviewDate": "2018-03-11", "userURL": "http://user.17k.com/60273979", "userReview": "\u5927\u5927\u52a0\u6cb9<a target='_blank' href='http://www.17k.com/book/2788923.html'>\u300a\u8bf8\u7075\u6c5f\u5f52\u300b</a>\u7559"}, {"userName": "\u677e\u54e5456982258", "userReviewDate": "2018-03-07", "userURL": "http://user.17k.com/45277965", "userReview": "\u67d3\u6307\u5c71\u6cb3\uff0c\u5f53\u7136\u975e\u540c\u4e00\u822c\uff01\u5047\u4f7f\u80fd\u591f\u5728\u73b0\u5b9e\u7684\u4eba\u751f\u4e4b\u8def\u4e0a\uff0c\u907f\u514d\u4eba\u7c7b\u89c4\u5f8b\u6027\u7684\u683d\u5012\uff0c\u5931\u8db3\uff0c\u90a3\u5c82\u4e0d\u662f\u4eba\u751f\u6700\u6709\u4ef7\u503c\u7684\u4e8b\u5417\uff1f<a target='_blank' href='http://www.17k.com/book/2338926.html'>\u300a\u6765\u81ea\u5c71\u91ce\u7684\u5f81\u670d\u300b</a>\uff0c\u4e0d\u59a8\u524d\u53bb\u6253\u5f00\u770b\u770b\uff0c\u4e5f\u8bb8\u5f00\u5377\u6709\u76ca\u3002"}, {"userName": "\u89d2\u843d\u5904\u7684\u72fc", "userReviewDate": "2018-02-27", "userURL": "http://user.17k.com/58137971", "userReview": "<a target='_blank' href='http://www.17k.com/book/2710936.html'>\u300a\u5b85\u7537\u7cfb\u7edf\u300b</a>\u524d\u6765\u652f\u6301\uff0c"}, {"userName": "\u963f\u62c9\u7684\u82b1", "userReviewDate": "2018-02-25", "userURL": "http://user.17k.com/58629809", "userReview": "<a target='_blank' href='http://www.17k.com/book/2738241.html'>\u300a\u63a8\u80cc\u56fe\u6f14\u4e49\u300b</a>\u9884\u6d4b\u4f60\u80fd\u706b\u8d77\u6765\u3002"}, {"userName": "\u6101\u80a0\u4e00\u5bf8", "userReviewDate": "2018-02-22", "userURL": "http://user.17k.com/42858097", "userReview": "\u643a<a target='_blank' href='http://www.17k.com/book/1404452.html'>\u300a\u4f34\u7b11\u6d6e\u751f\u68a6\u300b</a>\u6765\u8bbf\u652f\u6301\u5927\u5927"}, {"userName": "\u7d2b\u708e\u661f\u541bDS", "userReviewDate": "2018-02-19", "userURL": "http://user.17k.com/59832623", "userReview": "<a target='_blank' href='http://www.17k.com/book/2772977.html'>\u300a\u76db\u6b87\u8363\u8000\u300b</a>\u6765\u8bbf\uff0c\u8fd8\u671b\u652f\u6301\u4e00\u4e0b\uff0c\u8c22\u8c22"}, {"userName": "\u4e66\u751f022565570", "userReviewDate": "2018-02-18", "userURL": "http://user.17k.com/59224516", "userReview": "<a target='_blank' href='http://www.17k.com/book/2752019.html'>\u300a\u9752\u6625\u8bd5\u7528\u671f\u300b</a>\u65b0\u4eba\u6c42\u5173\u6ce8"}, {"userName": "\u54d1\u516b", "userReviewDate": "2018-01-31", "userURL": "http://user.17k.com/37525696", "userReview": "\u7ed9\u5927\u795e\u9001\u82b1"}, {"userName": "\u4e0d\u5fd8\u521d\u5fc3\uff0c\u65b9\u5f97\u59cb\u7ec8688684443", "userReviewDate": "2018-01-22", "userURL": "http://user.17k.com/59549799", "userReview": "\u8d3a\u6708\u8bf4\u4e86\u4e0b\u4e00\u4e16\u8fd8\u5728\u4e00\u8d77\uff0c\u98ce\u67d3\u4e5f\u7b54\u5e94\u4e86\uff0c\u8fd8\u6709\u98ce\u67d3\u8eab\u4e0a\u7684\u6731\u58a8\u5370\u8bb0\uff0c\u4f5c\u8005\u5927\u5927\u4f60\u5e94\u8be5\u4e5f\u60f3\u5199\u4ed6\u4eec\u7684\u4e0b\u4e00\u4e16\u7684\u5427\uff01\u563f\u563f"}, {"userName": "\u4e0d\u5fd8\u521d\u5fc3\uff0c\u65b9\u5f97\u59cb\u7ec8688684443", "userReviewDate": "2018-01-22", "userURL": "http://user.17k.com/59549799", "userReview": "\u53ef\u4ee5\u5199\u4ed6\u4fe9\u7684\u4e0b\u4e00\u4e16\uff0c\u832b\u832b\u4eba\u6d77\u4e2d\u53c8\u9047\u5230\u4e86\uff0c\u53ea\u662f\u7ed3\u5c40\u4e0d\u8981\u4ed6\u4fe9\u6b7b\u4e86\uff0c\u592a\u4f24\u5fc3\u4e86\uff01\u9178\u75db\uff01"}, {"userName": "\u4e0d\u5fd8\u521d\u5fc3\uff0c\u65b9\u5f97\u59cb\u7ec8688684443", "userReviewDate": "2018-01-22", "userURL": "http://user.17k.com/59549799", "userReview": "[\u6253\u8d4f]\u6211\u6253\u8d4f\u4e862\u5143\u7ea2\u5305\uff01\uff01"}, {"userName": "\u4e0d\u5fd8\u521d\u5fc3\uff0c\u65b9\u5f97\u59cb\u7ec8688684443", "userReviewDate": "2018-01-22", "userURL": "http://user.17k.com/59549799", "userReview": "\u770b\u5b8c\u4e4b\u540e\uff0c\u53d1\u4e86\u597d\u51e0\u4e2a\u670b\u53cb\u5708\uff0c\u96be\u53d7\u4e86\u597d\u51e0\u5929\uff0c\u4e00\u822c\u6211\u770b\u4e66\u4e0d\u559c\u6b22\u8bc4\u8bba\uff0c\u4f46\u662f\u5b9e\u5728\u5fcd\u4e0d\u4f4f\u8981\u6765\uff01\u6587\u91c7\u7279\u522b\u68d2\uff0c\u7279\u522b\u662f\u5267\u60c5\uff01\u6ca1\u770b\u591f\uff01"}, {"userName": "\u4e0d\u5fd8\u521d\u5fc3\uff0c\u65b9\u5f97\u59cb\u7ec8688684443", "userReviewDate": "2018-01-22", "userURL": "http://user.17k.com/59549799", "userReview": "\u540e\u671f\u7684\u6587\u7ae0\u611f\u52a8\u7684\u6211\u4e00\u584c\u7cca\u6d82\uff0c\u7279\u522b\u662f\u8d3a\u6708\u6b7b\u7684\u65f6\u5019\uff0c\u6211\u90a3\u4e2a\u6cea\u5427\u5566\u5427\u5566\u6b62\u4e0d\u4f4f\u7684\u5f80\u4e0b\u6389\uff01\u4f5c\u8005\u4f60\u7b80\u76f4\u4e0d\u8981\u592a\u611f\u4eba\u554a\uff01\uff01"}], "description": "\u6bbf\u4e0b\u662f\u6765\u53ec\u6211\u4f8d\u5bdd\u7684\u5417\uff1f\u3000\u3000\u965b\u4e0b\u662f\u6765\u53ec\u6211\u4f8d\u5bdd\u7684\u5417\uff1f\u3000\u3000\u98ce\u67d3\u4e00\u89c1\u7740\u8d3a\u6708\u5c31\u8fd9\u4e48\u4f4e\u58f0\u4e0b\u6c14\u7684\u6c42\u6073\uff0c\u5356\u8eab\u6210\u4e3a\u4ed6\u7684\u7537\u5ba0\u73a9\u7269\u3002\u4ed6\u95ee\uff1a\u4f55\u65f6\u80fd\u6210\u4ea4\u6613\uff1f\u3000\u3000\u8d3a\u6708\u4e00\u89c1\u7740\u98ce\u67d3\u5c31\u8fd9\u4e48\u88ab\u903c\u95ee\uff0c\u95ee\u5f97\u4ed6\u89c9\u5f97\u81ea\u5df1\u53d8\u6210\u4e86\u8272\u4e2d\u997f\u9b3c\u3002\u4ed6\u60f3\uff1a\u4f55\u65f6\u80fd\u6210\u597d\u4e8b\uff1f\u3000\u3000\u4ed6\u4eec\u4ee5\u9488\u950b\u76f8\u5bf9\u4e3a\u59cb\uff0c\u98ce\u6708\u8054\u8882\uff0c\u67d3\u6307\u4e86\u6cb3\u5c71\u3002\u3000\u3000\u4ed6\u4e3a\u4ed6\uff0c\u6491\u8d77\u4e86\u4e00\u65b9\u5929\u5730\uff0c\u906e\u98ce\u6321\u96e8\uff1b\u4ed6\u4e3a\u4ed6\uff0c\u6d88\u78e8\u4e86\u4e00\u751f\u9510\u6c14\uff0c\u5f00\u7586\u62d3\u571f\u3002\u5ce5\u5d58\u5c81\u6708\uff0c\u643a\u624b\u5171\u6d4e\uff1b\u620e\u9a6c\u5025\u506c\uff0c\u5e76\u80a9\u62c5\u5f53\uff1b\u53cc\u4fee\u7eed\u547d\uff0c\u60c5\u6df1\u7231\u91cd\uff1b\u767d\u9996\u7ed3\u53d1\uff0c\u613f\u5c3d\u6765\u751f\u60c5\u7f18\uff01\u3000\u3000\u2014\u2014\u672c\u6587\u72ec\u5bb6\u9996\u53d1\u4e8e17K\u5c0f\u8bf4\u7f51\uff0c\u672a\u7ecf\u6388\u6743\uff0c\u4e0d\u5f97\u8f6c\u8f7d\uff01\u2014\u2014", "title": "\u67d3\u6307\u6cb3\u5c71", "url": "http://www.17k.com/book/1788875.html", "average": -1.0, "cover": "http://img.17k.com/images/bookcover/2016/8944/44/1788875-1461246007000.jpg", "reviews": 661346, "authors": [{"url": "http://www.17k.com/zuozhe/36843735", "name": "\u5929\u9645\u9a71\u9a70"}], "type": ["\u552f\u7f8e\u7eaf\u7231"], "outlinks": ["http://www.17k.com/book/2794982.html", "http://www.17k.com/book/2801292.html", "http://www.17k.com/book/2816318.html", "http://www.17k.com/book/2797575.html", "http://www.17k.com/book/2802516.html", "http://www.17k.com/book/2812195.html", "http://www.17k.com/book/2820143.html", "http://www.17k.com/book/2807943.html", "http://www.17k.com/book/2813457.html", "http://www.17k.com/book/2798058.html", "http://www.17k.com/book/2815617.html", "http://www.17k.com/book/2805259.html", "http://www.17k.com/book/2760255.html", "http://www.17k.com/book/2686894.html", "http://www.17k.com/book/2797016.html", "http://www.17k.com/book/2767246.html", "http://www.17k.com/book/2764239.html", "http://www.17k.com/book/2754498.html", "http://www.17k.com/book/2754900.html", "http://www.17k.com/book/2625740.html", "http://www.17k.com/book/2213315.html", "http://www.17k.com/book/2402178.html", "http://www.17k.com/book/2691221.html", "http://www.17k.com/book/2210699.html", "http://www.17k.com/book/1797752.html", "http://www.17k.com/book/2575507.html", "http://www.17k.com/book/2705181.html", "http://www.17k.com/book/2702539.html", "http://www.17k.com/book/2474887.html", "http://www.17k.com/book/2674733.html", "http://www.17k.com/book/2822076.html", "http://www.17k.com/book/2809894.html", "http://www.17k.com/book/2822077.html", "http://www.17k.com/book/2811930.html", "http://www.17k.com/book/2815548.html", "http://www.17k.com/book/2819620.html", "http://www.17k.com/book/2809964.html", "http://www.17k.com/book/2808200.html", "http://www.17k.com/book/2820100.html", "http://www.17k.com/book/2822978.html", "http://www.17k.com/book/2804337.html", "http://www.17k.com/book/2798814.html", "http://www.17k.com/book/2785153.html", "http://www.17k.com/book/2731559.html", "http://www.17k.com/book/2722533.html", "http://www.17k.com/book/2458377.html", "http://www.17k.com/book/2743300.html", "http://www.17k.com/book/973809.html", "http://www.17k.com/book/2651367.html", "http://www.17k.com/book/2726194.html", "http://www.17k.com/book/2790214.html", "http://www.17k.com/book/493239.html", "http://www.17k.com/book/108821.html", "http://www.17k.com/book/1398783.html", "http://www.17k.com/book/83528.html", "http://www.17k.com/book/1859126.html", "http://www.17k.com/book/1741975.html", "http://www.17k.com/book/192453.html", "http://www.17k.com/book/2459058.html", "http://www.17k.com/book/1050747.html", "http://www.17k.com/book/2700315.html", "http://www.17k.com/book/2818940.html", "http://www.17k.com/book/2819519.html", "http://www.17k.com/book/2816390.html", "http://www.17k.com/book/2819588.html", "http://www.17k.com/book/2813768.html", "http://www.17k.com/book/2822406.html", "http://www.17k.com/book/2772164.html", "http://www.17k.com/book/2784023.html", "http://www.17k.com/book/2811877.html", "http://www.17k.com/book/2809119.html", "http://www.17k.com/book/2803700.html", "http://www.17k.com/book/2819561.html", "http://www.17k.com/book/2746506.html", "http://www.17k.com/book/2811836.html", "http://www.17k.com/book/2614810.html", "http://www.17k.com/book/1592435.html", "http://www.17k.com/book/1949748.html", "http://www.17k.com/book/2265802.html", "http://www.17k.com/book/2743240.html", "http://www.17k.com/book/2657437.html", "http://www.17k.com/book/2644502.html", "http://www.17k.com/book/2199900.html", "http://www.17k.com/book/2725436.html", "http://www.17k.com/book/2629978.html"]}