{"ratings": -1, "userreviews": [{"userName": "\u5b89\u5c71\u72d0\u72f8", "userReviewDate": "2014-01-12", "userURL": "http://user.17k.com/3154128", "userReview": "<span style='color:red'>\u5e7f\u544a\u697c\uff01\u5916\u9762\u7684\u5e7f\u544a\u4e00\u5f8b\u5220\u9664\uff01\u8bf7\u5404\u4f4d\u914d\u5408\uff0c\u8c22\u8c22\uff01</span>"}, {"userName": "a\u795e\u6ce3a", "userReviewDate": "2011-08-04", "userURL": "http://user.17k.com/4433506", "userReview": "\u5c31\u4e3a\u4e86\u770b\u8fd9\u672c\u4e66\u624d\u5145\u503c\u7684~~~\u5343\u4e07\u522b\u8ba9\u6211\u4eec\u5931\u671b\u554a~~~"}, {"userName": "\u5b89\u5c71\u72d0\u72f8", "userReviewDate": "2011-06-18", "userURL": "http://user.17k.com/3154128", "userReview": "\u4e0d\u4e00\u5b9a\u80fd\u5b89\u6392\u91cd\u8981\u89d2\u8272\uff0c\u4f46\u662f\u4f1a\u5c3d\u91cf\u5b89\u6392\uff0c\u60f3\u8981\u8dd1\u9f99\u5957\u7684\u670b\u53cb\uff0c\u53ef\u4ee5\u6309\u7167\u4ee5\u4e0b\u683c\u5f0f\u7559\u8a00\u3002\r\n\u59d3\u540d\uff1aXXX\r\n\u6027\u522b\uff1a\u7537\u6216\u5973\r\n\u7279\u70b9\uff1aXXX\r\n\u6b63\u53cd\u9762\u89d2\u8272\uff1a\u6b63\u6216\u53cd"}, {"userName": "\u5b89\u5c71\u72d0\u72f8", "userReviewDate": "2011-03-04", "userURL": "http://user.17k.com/3154128", "userReview": "\u5927\u5bb6\u5bf9\u672c\u4e66\u6709\u4ec0\u4e48\u610f\u89c1\u6216\u8005\u662f\u597d\u7684\u5efa\u8bae\uff0c\u90fd\u53ef\u4ee5\u5728\u6b64\u63d0\u51fa\u6765\uff01\uff01\uff01"}, {"userName": "A@Josh Sun@9030", "userReviewDate": "2018-06-08", "userURL": "http://user.17k.com/55001533", "userReview": "\u8fd8\u597d\u8fd8\u597d\u8fd8\u597d\u8fd8\u597d"}, {"userName": "A@Josh Sun@9030", "userReviewDate": "2018-06-07", "userURL": "http://user.17k.com/55001533", "userReview": "\u4ec0\u4e48\u60c5\u51b5\uff1f\u8fd8\u597d\u5427"}, {"userName": "WAP57814", "userReviewDate": "2018-06-07", "userURL": "http://user.17k.com/41451566", "userReview": "[\u6253\u8d4f]\u6211\u6253\u8d4f\u4e865\u5143\u7ea2\u5305\uff01\uff01"}, {"userName": "17K\u4e66\u53cb9AZPNLLH", "userReviewDate": "2018-06-06", "userURL": "http://user.17k.com/62578662", "userReview": "256\u7ae0\u600e\u4e48\u9501\u5b9a\u4e86\uff1f"}, {"userName": "\u5c71\u306e\u5fc3841580735", "userReviewDate": "2018-06-04", "userURL": "http://user.17k.com/54551072", "userReview": "\u597d\u4e66\u503c\u5f97\u4e00\u770b"}, {"userName": "\u5c71\u306e\u5fc3841580735", "userReviewDate": "2018-06-03", "userURL": "http://user.17k.com/54551072", "userReview": "\u597d\u4e66\u503c\u5f97\u4e00\u770b"}, {"userName": "17K\u4e66\u53cbH9F4WR7C", "userReviewDate": "2018-06-03", "userURL": "http://user.17k.com/62404365", "userReview": "[\u6253\u8d4f]\u6211\u6253\u8d4f\u4e861\u4e2a'\u5c0f\u5fc3\u5fc3'\uff01\uff01"}, {"userName": "\u5c0f\u51af286497682", "userReviewDate": "2018-06-03", "userURL": "http://user.17k.com/62467594", "userReview": "\u72d0\u72f8\u4f60\u597d\uff0c\u8bf7\u95ee\u4e07\u91cc\u4e3b\u64ad\u8fd8\u5728\u64ad\u8bb2\u5417"}, {"userName": "\u5c71\u306e\u5fc3841580735", "userReviewDate": "2018-06-03", "userURL": "http://user.17k.com/54551072", "userReview": "\u597d\u4e66\u503c\u5f97\u4e00\u770b"}, {"userName": "\u5c71\u306e\u5fc3841580735", "userReviewDate": "2018-06-02", "userURL": "http://user.17k.com/54551072", "userReview": "\u597d\u4e66\u503c\u5f97\u4e00\u770b"}, {"userName": "\u96e8\u540e\u7684\u6e05\u6668238895222", "userReviewDate": "2018-05-31", "userURL": "http://user.17k.com/60998405", "userReview": "\u72d0\u72f8\u7684\u5fae\u4fe1\u516c\u4f17\u53f7\u662f\u4ec0\u4e48\uff1f"}, {"userName": "\u96e8\u540e\u7684\u6e05\u6668238895222", "userReviewDate": "2018-05-31", "userURL": "http://user.17k.com/60998405", "userReview": "\u72d0\u72f8\u7684\u5fae\u4fe1\u516c\u4f17\u53f7\u662f\u4ec0\u4e48\uff1f"}, {"userName": "17K\u4e66\u53cbLVPZ5HT7", "userReviewDate": "2018-05-30", "userURL": "http://user.17k.com/61916419", "userReview": "666\u7b7e\u5230^_^"}, {"userName": "17K\u4e66\u53cbLVPZ5HT7", "userReviewDate": "2018-05-30", "userURL": "http://user.17k.com/61916419", "userReview": "666\u7b7e\u5230^_^"}, {"userName": "17k\u4e66\u53cbi0bnhgqo8", "userReviewDate": "2018-05-29", "userURL": "http://user.17k.com/62033864", "userReview": "[\u6253\u8d4f]\u6211\u6253\u8d4f\u4e862\u5143\u7ea2\u5305\uff01\uff01"}, {"userName": "Alluer_Love\u3003\u9298", "userReviewDate": "2018-05-28", "userURL": "http://user.17k.com/14234472", "userReview": "\u3002\u3002\u3002\u3002\u3002\u3002\u3002"}], "description": "\u4eb2\u7231\u7684\u8bfb\u8005\u670b\u53cb\uff0c\u8bf7\u9759\u5fc3\u9605\u8bfb\u6211\u7684\u5c0f\u8bf4\uff0c\u7528\u9c9c\u82b1\u548c\u6536\u85cf\u652f\u6301\u6211\u5427\u3002", "title": "\u6821\u56ed\u5168\u80fd\u9ad8\u624b", "url": "http://www.17k.com/book/89718.html", "average": -1.0, "cover": "http://img.17k.com/images/bookcover/2012/448/2/89718.jpg", "reviews": 196605883, "authors": [{"url": "http://www.17k.com/zuozhe/3154128", "name": "\u5b89\u5c71\u72d0\u72f8"}], "type": ["\u6821\u56ed\u98ce\u4e91"], "outlinks": ["http://www.17k.com/book/2794982.html", "http://www.17k.com/book/2801292.html", "http://www.17k.com/book/2816318.html", "http://www.17k.com/book/2797575.html", "http://www.17k.com/book/2802516.html", "http://www.17k.com/book/2812195.html", "http://www.17k.com/book/2820143.html", "http://www.17k.com/book/2807943.html", "http://www.17k.com/book/2813457.html", "http://www.17k.com/book/2798058.html", "http://www.17k.com/book/2815617.html", "http://www.17k.com/book/2805259.html", "http://www.17k.com/book/2760255.html", "http://www.17k.com/book/2686894.html", "http://www.17k.com/book/2797016.html", "http://www.17k.com/book/2767246.html", "http://www.17k.com/book/2764239.html", "http://www.17k.com/book/2754498.html", "http://www.17k.com/book/2754900.html", "http://www.17k.com/book/2625740.html", "http://www.17k.com/book/2213315.html", "http://www.17k.com/book/2402178.html", "http://www.17k.com/book/2691221.html", "http://www.17k.com/book/2210699.html", "http://www.17k.com/book/1797752.html", "http://www.17k.com/book/2575507.html", "http://www.17k.com/book/2705181.html", "http://www.17k.com/book/2702539.html", "http://www.17k.com/book/2474887.html", "http://www.17k.com/book/2674733.html", "http://www.17k.com/book/2822076.html", "http://www.17k.com/book/2809894.html", "http://www.17k.com/book/2822077.html", "http://www.17k.com/book/2811930.html", "http://www.17k.com/book/2815548.html", "http://www.17k.com/book/2819620.html", "http://www.17k.com/book/2809964.html", "http://www.17k.com/book/2808200.html", "http://www.17k.com/book/2820100.html", "http://www.17k.com/book/2822978.html", "http://www.17k.com/book/2804337.html", "http://www.17k.com/book/2798814.html", "http://www.17k.com/book/2785153.html", "http://www.17k.com/book/2731559.html", "http://www.17k.com/book/2722533.html", "http://www.17k.com/book/2458377.html", "http://www.17k.com/book/2743300.html", "http://www.17k.com/book/973809.html", "http://www.17k.com/book/2651367.html", "http://www.17k.com/book/2726194.html", "http://www.17k.com/book/2790214.html", "http://www.17k.com/book/493239.html", "http://www.17k.com/book/108821.html", "http://www.17k.com/book/1398783.html", "http://www.17k.com/book/83528.html", "http://www.17k.com/book/1859126.html", "http://www.17k.com/book/1741975.html", "http://www.17k.com/book/192453.html", "http://www.17k.com/book/2459058.html", "http://www.17k.com/book/1050747.html", "http://www.17k.com/book/2700315.html", "http://www.17k.com/book/2818940.html", "http://www.17k.com/book/2819519.html", "http://www.17k.com/book/2816390.html", "http://www.17k.com/book/2819588.html", "http://www.17k.com/book/2813768.html", "http://www.17k.com/book/2822406.html", "http://www.17k.com/book/2772164.html", "http://www.17k.com/book/2784023.html", "http://www.17k.com/book/2811877.html", "http://www.17k.com/book/2809119.html", "http://www.17k.com/book/2803700.html", "http://www.17k.com/book/2819561.html", "http://www.17k.com/book/2746506.html", "http://www.17k.com/book/2811836.html", "http://www.17k.com/book/2614810.html", "http://www.17k.com/book/1592435.html", "http://www.17k.com/book/1949748.html", "http://www.17k.com/book/2265802.html", "http://www.17k.com/book/2743240.html", "http://www.17k.com/book/2657437.html", "http://www.17k.com/book/2644502.html", "http://www.17k.com/book/2199900.html", "http://www.17k.com/book/2725436.html", "http://www.17k.com/book/2629978.html"]}