{"ratings": -1, "userreviews": [{"userName": "\u597d\u5927\u4e00\u4e2a\u51f6\u5146", "userReviewDate": "2017-11-21", "userURL": "http://user.17k.com/4125068", "userReview": "\u5267\u60c5\u5e16~~~~~~~~~~~~~~~\u5728\u672c\u5e16\u4e2d\u7559\u4e0b\u4f60\u5e0c\u671b\u770b\u5230\u7684\u5267\u60c5\uff0c\u4ee5\u53ca\u4f60\u60f3\u8981\u7684\u9f99\u5957\u540d\u5b57\uff0c\u4f1a\u914c\u60c5\u8003\u8651\u4f7f\u7528\u7684\u54e6~"}, {"userName": "\u597d\u5927\u4e00\u4e2a\u51f6\u5146", "userReviewDate": "2017-11-18", "userURL": "http://user.17k.com/4125068", "userReview": "\u5e7f\u544a\u697c~~~\u53d1\u5e7f\u544a\u7684\u5c0f\u670b\u53cb\u628a\u5e7f\u544a\u53d1\u5728\u8fd9\u91cc\u5427~~\u4e0d\u8981\u5728\u5916\u9762\u53d1\u54e6\uff0c\u4f1a\u88ab\u7981\u8a00\u8ddf\u5220\u9664\u7684\u54e6~"}, {"userName": "\u963f\u798f\u2014\u798f\u5c11", "userReviewDate": "2017-04-13", "userURL": "http://user.17k.com/2093221", "userReview": "\u66f4\u6210\u719f\u4e86\u2026\u2026"}, {"userName": "shrtuedy", "userReviewDate": "2018-06-08", "userURL": "http://user.17k.com/10244825", "userReview": "\u54e6\u54e6YY\u6478\u6478\u6478"}, {"userName": "\uff5e225269278", "userReviewDate": "2018-06-08", "userURL": "http://user.17k.com/60978341", "userReview": "123456789"}, {"userName": "\u67d3\u6307\u7ea2\u989c\u6cea\u554a", "userReviewDate": "2018-06-08", "userURL": "http://user.17k.com/13623680", "userReview": "\u5355\u672c\u600e\u4e48\u5305\u6708\u7684"}, {"userName": "\u533f\u540d2494589", "userReviewDate": "2018-06-08", "userURL": "http://user.17k.com/25325600", "userReview": "\u65e5\u5e38\u7b7e\u5230\uff01"}, {"userName": "\u5f20\u5bb6\u94e8", "userReviewDate": "2018-06-08", "userURL": "http://user.17k.com/56843822", "userReview": "\u54c8\u54c8\u54c8\u54c8\u54c8\uff0c\u6709\u610f\u601d\uff0c\u5170\u6842\u574a\u8001\u677f\uff01"}, {"userName": "\u5f20\u5bb6\u94e8", "userReviewDate": "2018-06-08", "userURL": "http://user.17k.com/56843822", "userReview": "[\u6253\u8d4f]\u6211\u6253\u8d4f\u4e861\u4e2a'\u808c\u8089\u7537'\uff01\uff01"}, {"userName": "\u6444\u9634\u5e08", "userReviewDate": "2018-06-08", "userURL": "http://user.17k.com/15397474", "userReview": "[\u6253\u8d4f]\u6211\u6253\u8d4f\u4e861\u5143\u7ea2\u5305\uff01\uff01"}, {"userName": "\u98ce\u4e3a\u4f60\u505c", "userReviewDate": "2018-06-08", "userURL": "http://user.17k.com/55285527", "userReview": "[\u6253\u8d4f]\u6211\u6253\u8d4f\u4e862\u5143\u7ea2\u5305\uff01\uff01"}, {"userName": "\u3079 AA\u309b", "userReviewDate": "2018-06-08", "userURL": "http://user.17k.com/43712103", "userReview": "\u53d1\u4e86\u89e3\u91ca\u653e\u5b66\u4e60\u60ef\u4e86"}, {"userName": "\u51e1\u51e1&#55356;&#57114;", "userReviewDate": "2018-06-08", "userURL": "http://user.17k.com/54975409", "userReview": "\u6bcf\u65e5\u7b7e\u5230\uff01"}, {"userName": "\u30fe\u9ad8\u7231\u5e73", "userReviewDate": "2018-06-08", "userURL": "http://user.17k.com/62554532", "userReview": "\u5389\u5bb3\u4e86\uff0c\uff0c\u6536\u8d39\u4e86"}, {"userName": "A\u3001\u9ed1\u9a6c", "userReviewDate": "2018-06-07", "userURL": "http://user.17k.com/62438389", "userReview": "\u94c1\u67f1\u5565\u65f6\u5019\u51fa\u6765\uff0c\u6211\u603b\u89c9\u5f97\u8d75\u9752\u6749\u4ed6\u4eec\u51e0\u4e2a\u4eba\u7684\u5e08\u5085\u5c31\u662f\u94c1\u67f1"}, {"userName": "shrtuedy", "userReviewDate": "2018-06-07", "userURL": "http://user.17k.com/10244825", "userReview": "\u6478\u6478\u6478\u6478\u54e6"}, {"userName": "ky3DN2y232k1c038", "userReviewDate": "2018-06-07", "userURL": "http://user.17k.com/54799683", "userReview": "\u5389\u5bb3\u554a\u554a\u554a"}, {"userName": "\u5c0f\u7f8a\u65e0\u654c\u5c0f", "userReviewDate": "2018-06-07", "userURL": "http://user.17k.com/62592389", "userReview": "\u771f\u7684\u662f\u5783\u573e \u8d8a\u5199\u8d8a\u5783\u573e \u5783\u573e\u7f51\u6587"}, {"userName": "\u6e05\u98ce\u88ad\u676575", "userReviewDate": "2018-06-07", "userURL": "http://user.17k.com/37799853", "userReview": "\u7b7e\u5230\u7b7e\u5230\u3002"}, {"userName": "\u98ce\u4e3a\u4f60\u505c", "userReviewDate": "2018-06-07", "userURL": "http://user.17k.com/55285527", "userReview": "[\u6253\u8d4f]\u6211\u6253\u8d4f\u4e862\u5143\u7ea2\u5305\uff01\uff01"}], "description": "\u4e16\u754c\u9876\u7ea7\u6740\u624b\u8bb8\u592a\u5e73\u538c\u5026\u4e86\u6740\u624b\u751f\u6daf\uff0c\u9000\u9690\u56de\u5230\u6c5f\u6e90\u5927\u5b66\u5f53\u4e00\u4e2a\u5c0f\u4fdd\u5b89\uff0c\u672c\u60f3\u6162\u6162\u9002\u5e94\u666e\u901a\u4eba\u7684\u8eab\u4efd\uff0c\u878d\u5165\u666e\u901a\u4eba\u7684\u751f\u6d3b\uff0c\u5374\u6ca1\u60f3\u5230\u5076\u7136\u9082\u9005\u4e00\u6b21\u7684\u7f8e\u5973\u6821\u82b1\u5bf9\u4ed6\u53d1\u8d77\u4e86\u731b\u70c8\u7684\u8ffd\u6c42\u653b\u52bf\uff0c\u4e0e\u6b64\u540c\u65f6\uff0c\u5404\u8272\u7f8e\u5973\u4ee5\u53ca\u5f3a\u654c\u4e5f\u7eb7\u7eb7\u51fa\u73b0\u5728\u8bb8\u592a\u5e73\u7684\u8eab\u8fb9\u3002\u3000\u3000\u4e14\u770b\u6821\u82b1\u7684\u5168\u80fd\u4fdd\u5b89\u8bb8\u592a\u5e73\u5982\u4f55\u62b1\u5f97\u7f8e\u4eba\u5f52\uff0c\u53c8\u5982\u4f55\u7834\u9664\u654c\u4eba\u9634\u8c0b\uff0c\u5c06\u5f3a\u654c\u8e29\u5728\u811a\u4e0b\u3002\u3000\u3000\u6211\u53ea\u60f3\u5f53\u4e00\u4e2a\u5c0f\u4fdd\u5b89\u2014\u2014\u8bb8\u592a\u5e73\u8eba\u5728\u6821\u82b1\u7684\u5927\u817f\u4e0a\u8bf4\u9053\u3002\u3000\u3000\uff08\u8001\u65bd\u5fae\u4fe1\u516c\u4f17\u53f7mmdls17k\uff09\u3000\u3000\uff08\u8001\u65bd\u65b0\u6d6a\u5fae\u535a\u771f\u7684\u8001\u65bd\uff09", "title": "\u6821\u82b1\u7684\u5168\u80fd\u4fdd\u5b89", "url": "http://www.17k.com/book/2459058.html", "average": -1.0, "cover": "http://img.17k.com/images/bookcover/2017/12295/61/2459058-1492401907000.jpg", "reviews": 35954180, "authors": [{"url": "http://www.17k.com/zuozhe/4125068", "name": "\u8001\u65bd"}], "type": ["\u90fd\u5e02\u751f\u6d3b"], "outlinks": ["http://www.17k.com/book/2794982.html", "http://www.17k.com/book/2801292.html", "http://www.17k.com/book/2816318.html", "http://www.17k.com/book/2797575.html", "http://www.17k.com/book/2802516.html", "http://www.17k.com/book/2812195.html", "http://www.17k.com/book/2820143.html", "http://www.17k.com/book/2807943.html", "http://www.17k.com/book/2813457.html", "http://www.17k.com/book/2798058.html", "http://www.17k.com/book/2815617.html", "http://www.17k.com/book/2805259.html", "http://www.17k.com/book/2760255.html", "http://www.17k.com/book/2686894.html", "http://www.17k.com/book/2797016.html", "http://www.17k.com/book/2767246.html", "http://www.17k.com/book/2764239.html", "http://www.17k.com/book/2754498.html", "http://www.17k.com/book/2754900.html", "http://www.17k.com/book/2625740.html", "http://www.17k.com/book/2213315.html", "http://www.17k.com/book/2402178.html", "http://www.17k.com/book/2691221.html", "http://www.17k.com/book/2210699.html", "http://www.17k.com/book/1797752.html", "http://www.17k.com/book/2575507.html", "http://www.17k.com/book/2705181.html", "http://www.17k.com/book/2702539.html", "http://www.17k.com/book/2474887.html", "http://www.17k.com/book/2674733.html", "http://www.17k.com/book/2822076.html", "http://www.17k.com/book/2809894.html", "http://www.17k.com/book/2822077.html", "http://www.17k.com/book/2811930.html", "http://www.17k.com/book/2815548.html", "http://www.17k.com/book/2819620.html", "http://www.17k.com/book/2809964.html", "http://www.17k.com/book/2808200.html", "http://www.17k.com/book/2820100.html", "http://www.17k.com/book/2822978.html", "http://www.17k.com/book/2804337.html", "http://www.17k.com/book/2798814.html", "http://www.17k.com/book/2785153.html", "http://www.17k.com/book/2731559.html", "http://www.17k.com/book/2722533.html", "http://www.17k.com/book/2458377.html", "http://www.17k.com/book/2743300.html", "http://www.17k.com/book/973809.html", "http://www.17k.com/book/2651367.html", "http://www.17k.com/book/2726194.html", "http://www.17k.com/book/2790214.html", "http://www.17k.com/book/493239.html", "http://www.17k.com/book/108821.html", "http://www.17k.com/book/1398783.html", "http://www.17k.com/book/83528.html", "http://www.17k.com/book/1859126.html", "http://www.17k.com/book/1741975.html", "http://www.17k.com/book/192453.html", "http://www.17k.com/book/2459058.html", "http://www.17k.com/book/1050747.html", "http://www.17k.com/book/2700315.html", "http://www.17k.com/book/2818940.html", "http://www.17k.com/book/2819519.html", "http://www.17k.com/book/2816390.html", "http://www.17k.com/book/2819588.html", "http://www.17k.com/book/2813768.html", "http://www.17k.com/book/2822406.html", "http://www.17k.com/book/2772164.html", "http://www.17k.com/book/2784023.html", "http://www.17k.com/book/2811877.html", "http://www.17k.com/book/2809119.html", "http://www.17k.com/book/2803700.html", "http://www.17k.com/book/2819561.html", "http://www.17k.com/book/2746506.html", "http://www.17k.com/book/2811836.html", "http://www.17k.com/book/2614810.html", "http://www.17k.com/book/1592435.html", "http://www.17k.com/book/1949748.html", "http://www.17k.com/book/2265802.html", "http://www.17k.com/book/2743240.html", "http://www.17k.com/book/2657437.html", "http://www.17k.com/book/2644502.html", "http://www.17k.com/book/2199900.html", "http://www.17k.com/book/2725436.html", "http://www.17k.com/book/2629978.html"]}