{"ratings": -1, "userreviews": [{"userName": "hongxing2012", "userReviewDate": "2018-01-19", "userURL": "http://user.17k.com/42215320", "userReview": "\u5e7f\u544a\u7edf\u4e00\u53d1\u5728\u8fd9\u91cc\u5427\uff0c\u8c22\u8c22\u914d\u5408\uff01"}, {"userName": "\u9b4f893823571", "userReviewDate": "2018-06-07", "userURL": "http://user.17k.com/54566083", "userReview": "5555555"}, {"userName": "\u7530\u7530\u4e5f\u5f88\u5e05", "userReviewDate": "2018-06-06", "userURL": "http://user.17k.com/58665628", "userReview": "66666666\uff5e"}, {"userName": "\u4e00\u6f6d\u6c60\u6c34", "userReviewDate": "2018-06-03", "userURL": "http://user.17k.com/58639246", "userReview": "[\u6253\u8d4f]\u6211\u6253\u8d4f\u4e861\u5143\u7ea2\u5305\uff01\uff01"}, {"userName": "MPC023656", "userReviewDate": "2018-06-02", "userURL": "http://user.17k.com/62446256", "userReview": "[\u6253\u8d4f]\u6211\u6253\u8d4f\u4e868\u5143\u7ea2\u5305\uff01\uff01"}, {"userName": "\u67ad\u4e2d\u96c4", "userReviewDate": "2018-06-02", "userURL": "http://user.17k.com/59984174", "userReview": "[\u6253\u8d4f]\u6211\u6253\u8d4f\u4e862\u5143\u7ea2\u5305\uff01\uff01"}, {"userName": "\u96ea\u5ca9\u5927\u4eba", "userReviewDate": "2018-05-31", "userURL": "http://user.17k.com/58657329", "userReview": "\u66f4\u65b0\u7684\u6709\u70b9\u6162"}, {"userName": "\u9b4f893823571", "userReviewDate": "2018-05-30", "userURL": "http://user.17k.com/54566083", "userReview": "555666666"}, {"userName": "\u6a31\u6728\u9ad8\u624b", "userReviewDate": "2018-05-27", "userURL": "http://user.17k.com/62251814", "userReview": "[\u6253\u8d4f]\u6211\u6253\u8d4f\u4e868\u5143\u7ea2\u5305\uff01\uff01"}, {"userName": "\u9b4f893823571", "userReviewDate": "2018-05-27", "userURL": "http://user.17k.com/54566083", "userReview": "1111111111"}, {"userName": "\u9189\u65f6\u77202", "userReviewDate": "2018-05-27", "userURL": "http://user.17k.com/14317887", "userReview": "\u8c22\u8c22\u5566\uff0c\u975e\u5e38\u611f\u8c22\u4f60\u7684\u5e2e\u5fd9\uff0c\u6211\u4eec\u5df2\u7ecf\u987a\u5229\u8fd4\u7a0b\u4e86\uff0c\u671f\u5f85\u8fd8\u6709\u673a\u4f1a\u518d\u89c1\uff0c\u795d\u6bcf\u5929\u5f00\u5fc3\u54af(\u3065\uffe33\uffe3)\u3065\u256d\u2764\uff5e"}, {"userName": "\u5fae\u7b11\u7684\u5411\u65e5\u8475\u82b1", "userReviewDate": "2018-05-27", "userURL": "http://user.17k.com/43130485", "userReview": "\u6700\u8fd1\u5f90\u5929\u6709\u70b9\u618b\u5c48\u554a"}, {"userName": "\u9b4f893823571", "userReviewDate": "2018-05-26", "userURL": "http://user.17k.com/54566083", "userReview": "1111111"}, {"userName": "\u503e\u57ce\u503e\u5929\u4e0b", "userReviewDate": "2018-05-25", "userURL": "http://user.17k.com/59963130", "userReview": "[\u6253\u8d4f]\u6211\u6253\u8d4f\u4e862\u5143\u7ea2\u5305\uff01\uff01"}, {"userName": "\u561a\u745f\u7684\u7537\u5b69", "userReviewDate": "2018-05-24", "userURL": "http://user.17k.com/58663405", "userReview": "[\u6253\u8d4f]\u6211\u6253\u8d4f\u4e861\u4e2a'\u5c0f\u5fc3\u5fc3'\uff01\uff01"}, {"userName": "\u9b4f893823571", "userReviewDate": "2018-05-24", "userURL": "http://user.17k.com/54566083", "userReview": "3333333333"}, {"userName": "\u51b0\u5ddd\u98de\u6d41", "userReviewDate": "2018-05-23", "userURL": "http://user.17k.com/58624370", "userReview": "6666666"}, {"userName": "\u9b4f893823571", "userReviewDate": "2018-05-23", "userURL": "http://user.17k.com/54566083", "userReview": "333333"}, {"userName": "\u91d1\u6728\u6c34\u706b\u98ce", "userReviewDate": "2018-05-22", "userURL": "http://user.17k.com/58704206", "userReview": "[\u6253\u8d4f]\u6211\u6253\u8d4f\u4e862\u5143\u7ea2\u5305\uff01\uff01"}, {"userName": "\u9b4f893823571", "userReviewDate": "2018-05-21", "userURL": "http://user.17k.com/54566083", "userReview": "[\u6253\u8d4f]\u6211\u6253\u8d4f\u4e861\u5143\u7ea2\u5305\uff01\uff01"}], "description": "\u5185\u5bb9\u7b80\u4ecb\uff1a\u3000\u3000\u5e08\u59d0\uff0c\u4f60\u8dd1\u54ea\u513f\u53bb\u4e86\uff1f\u3000\u3000\u5e08\u59d0\uff0c\u4f60\u8bf4\u8fc7\u8ddf\u6211\u4e00\u751f\u4e00\u4e16\u7684\uff0c\u53ef\u4e0d\u80fd\u628a\u6211\u4e00\u4e2a\u4eba\u4e22\u4e0b\u554a\u3002\u3000\u3000\u5e08\u59d0\uff0c\u6211\u60f3\u4f60\u4e86\u3002\u3000\u3000\u5f90\u5929\u6ca1\u6709\u627e\u5230\u5e08\u59d0\uff0c\u5374\u8ba9\u4e00\u4e2a\u6821\u82b1\u7ed9\u62d0\u8d70\u5f53\u4e86\u7537\u670b\u53cb\uff0c\u5973\u8b66\u3001\u5fa1\u59d0\u3001\u841d\u8389\u2026\u2026\u53c8\u4e00\u4e2a\u4e2a\u63a5\u8e35\u800c\u6765\uff0c\u4e14\u770b\u5f90\u5929\u600e\u4e48\u6837\u7ffb\u4e91\u8986\u96e8\uff0c\u82e6\u4fee\u6210\u771f\uff01\u3000\u3000\u7ea2\u674f\u5fae\u4fe1\u53f7\uff1ahongxing-2010\uff0c\u6b22\u8fce\u9a9a\u6270\uff01", "title": "\u6821\u82b1\u7684\u4fee\u771f\u5f3a\u5c11", "url": "http://www.17k.com/book/2710557.html", "average": -1.0, "cover": "http://img.17k.com/images/bookcover/2017/13552/67/2710557-1509940894000.jpg", "reviews": 1227121, "authors": [{"url": "http://www.17k.com/zuozhe/42215320", "name": "\u5750\u5899\u7b49\u7ea2\u674f"}], "type": ["\u90fd\u5e02\u5f02\u80fd"], "outlinks": ["http://www.17k.com/book/2794982.html", "http://www.17k.com/book/2801292.html", "http://www.17k.com/book/2816318.html", "http://www.17k.com/book/2797575.html", "http://www.17k.com/book/2802516.html", "http://www.17k.com/book/2812195.html", "http://www.17k.com/book/2820143.html", "http://www.17k.com/book/2807943.html", "http://www.17k.com/book/2813457.html", "http://www.17k.com/book/2798058.html", "http://www.17k.com/book/2815617.html", "http://www.17k.com/book/2805259.html", "http://www.17k.com/book/2760255.html", "http://www.17k.com/book/2686894.html", "http://www.17k.com/book/2797016.html", "http://www.17k.com/book/2767246.html", "http://www.17k.com/book/2764239.html", "http://www.17k.com/book/2754498.html", "http://www.17k.com/book/2754900.html", "http://www.17k.com/book/2625740.html", "http://www.17k.com/book/2213315.html", "http://www.17k.com/book/2402178.html", "http://www.17k.com/book/2691221.html", "http://www.17k.com/book/2210699.html", "http://www.17k.com/book/1797752.html", "http://www.17k.com/book/2575507.html", "http://www.17k.com/book/2705181.html", "http://www.17k.com/book/2702539.html", "http://www.17k.com/book/2474887.html", "http://www.17k.com/book/2674733.html", "http://www.17k.com/book/2822076.html", "http://www.17k.com/book/2809894.html", "http://www.17k.com/book/2822077.html", "http://www.17k.com/book/2811930.html", "http://www.17k.com/book/2815548.html", "http://www.17k.com/book/2819620.html", "http://www.17k.com/book/2809964.html", "http://www.17k.com/book/2808200.html", "http://www.17k.com/book/2820100.html", "http://www.17k.com/book/2822978.html", "http://www.17k.com/book/2804337.html", "http://www.17k.com/book/2798814.html", "http://www.17k.com/book/2785153.html", "http://www.17k.com/book/2731559.html", "http://www.17k.com/book/2722533.html", "http://www.17k.com/book/2458377.html", "http://www.17k.com/book/2743300.html", "http://www.17k.com/book/973809.html", "http://www.17k.com/book/2651367.html", "http://www.17k.com/book/2726194.html", "http://www.17k.com/book/2790214.html", "http://www.17k.com/book/493239.html", "http://www.17k.com/book/108821.html", "http://www.17k.com/book/1398783.html", "http://www.17k.com/book/83528.html", "http://www.17k.com/book/1859126.html", "http://www.17k.com/book/1741975.html", "http://www.17k.com/book/192453.html", "http://www.17k.com/book/2459058.html", "http://www.17k.com/book/1050747.html", "http://www.17k.com/book/2700315.html", "http://www.17k.com/book/2818940.html", "http://www.17k.com/book/2819519.html", "http://www.17k.com/book/2816390.html", "http://www.17k.com/book/2819588.html", "http://www.17k.com/book/2813768.html", "http://www.17k.com/book/2822406.html", "http://www.17k.com/book/2772164.html", "http://www.17k.com/book/2784023.html", "http://www.17k.com/book/2811877.html", "http://www.17k.com/book/2809119.html", "http://www.17k.com/book/2803700.html", "http://www.17k.com/book/2819561.html", "http://www.17k.com/book/2746506.html", "http://www.17k.com/book/2811836.html", "http://www.17k.com/book/2614810.html", "http://www.17k.com/book/1592435.html", "http://www.17k.com/book/1949748.html", "http://www.17k.com/book/2265802.html", "http://www.17k.com/book/2743240.html", "http://www.17k.com/book/2657437.html", "http://www.17k.com/book/2644502.html", "http://www.17k.com/book/2199900.html", "http://www.17k.com/book/2725436.html", "http://www.17k.com/book/2629978.html"]}