{"ratings": -1, "userreviews": [{"userName": "\u6253\u96e8\u9700\u5fc5\u4e0b\u4f1e", "userReviewDate": "2018-06-06", "userURL": "http://user.17k.com/62576121", "userReview": "[\u6253\u8d4f]\u6211\u6253\u8d4f\u4e861\u4e2a'\u5927\u529b\u7801\u5b57\u4e38'\uff01\uff01"}, {"userName": "\u6728\u5170\u96c5\u99a8", "userReviewDate": "2018-04-23", "userURL": "http://user.17k.com/45719409", "userReview": "[\u6253\u8d4f]\u6211\u6253\u8d4f\u4e8629\u5143\u7ea2\u5305\uff01\uff01"}, {"userName": "\u5c0f\u864e\u7259\u4e56", "userReviewDate": "2017-11-16", "userURL": "http://user.17k.com/37401903", "userReview": "\u5f88\u597d\u770b\u5927\u5927\u52a0\u6cb9\u52a0\u6cb9\uff01"}, {"userName": "17K\u4e66\u53cbOMYAC2BM", "userReviewDate": "2017-11-13", "userURL": "http://user.17k.com/58388328", "userReview": "[\u6253\u8d4f]\u6211\u6253\u8d4f\u4e862\u5143\u7ea2\u5305\uff01\uff01"}, {"userName": "\u6728\u5170\u96c5\u99a8", "userReviewDate": "2016-08-08", "userURL": "http://user.17k.com/45719409", "userReview": "\u5404\u4f4d\u597d\uff0c\u6211\u662f\u672c\u4e66\u7684\u4f5c\u8005\u6728\u5170\u96c5\u99a8\u3002\u5e0c\u671b\u5927\u5bb6\u53ef\u4ee5\u591a\u591a\u652f\u6301\u8fd9\u90e8\u5c0f\u8bf4\u54e6"}, {"userName": "\u7ae5\u4e4b\u8c23", "userReviewDate": "2016-03-23", "userURL": "http://user.17k.com/45371881", "userReview": "\u606d\u559c\u6728\u5170\u7ec8\u4e8e\u53d1\u4e66\u6210\u529f\u4e86\uff0c\u6728\u5170\u8fd9\u672c\u4e66\u53ef\u7b97\u662f\u597d\u4e8b\u591a\u78e8\u4e86\uff0c\u6728\u5170\u52a0\u6cb9\uff0c\u59d0\u59d0\u770b\u597d\u4f60\uff01\u8fd8\u6709\u6ce8\u610f\u4e00\u4e0b\u6392\u7248"}], "description": "\u8bf4\u5b9e\u8bdd\uff0c\u6211\u597d\u559c\u6b22\u90a3\u4e2a\u7f8e\u4e3d\u7684\u68a6\u3002\u5728\u90a3\u4e2a\u68a6\u91cc\uff0c\u6211\u4e00\u76f4\u5f85\u5728\u90a3\u5e45\u201d\u96ea\u82b1\u7ea2\u6885\u201c\u56fe\u4e2d\uff0c\u53ea\u4e3a\u80fd\u591f\u518d\u89c1\u90a3\u4e2a\u6253\u5f00\u5fc3\u95e8\u3001\u4e3a\u6211\u6321\u7bad\u3001\u5bf9\u6211\u751c\u8a00\u871c\u8bed\uff0c\u5374\u53c8\u65f6\u5e38\u60f9\u6211\u751f\u6c14\u7684\u4eba\u3002\u90a3\u4e2a\u540d\u53eb\u7231\u65b0\u89c9\u7f57\u80e4\u799b\u7684\u4eba\uff0c\u90a3\u4e2a\u8ba9\u4e16\u4eba\u5d07\u656c\uff0c\u8ba9\u6211\u7231\u4e86\u4e00\u751f\u7684\u7537\u4eba\u3002\u662f\u7684\uff0c\u4e5f\u8bb8\u6211\u4e0d\u5e94\u8be5\u505a\u68a6\uff0c\u505a\u8fd9\u4e2a\u751c\u7f8e\u7684\u68a6\u3002\u53ef\u5f53\u68a6\u9192\u65f6\uff0c\u770b\u5230\u8eab\u65c1\u7684\u6728\u5170\u7c2a\u5b50\uff0c\u6211\u624d\u77e5\u9053\u6211\u771f\u7684\u5728\u90a3\u91cc\u5b58\u5728\u8fc7\uff0c\u548c\u90a3\u4e9b\u963f\u54e5\u76f8\u9047\u8fc7\uff0c\u548c\u4f60\u76f8\u7231\u8fc7\u3002\u8fd9\u5bf9\u6211\u5df2\u7ecf\u5f88\u8db3\u591f\u4e86\u3002---\u9a6c\u5c14\u6cf0\u82e5\u66e6", "title": "\u6b65\u6b65\u60ca\u5fc3\u4e4b\u6728\u5170\u4e4b\u604b", "url": "http://www.17k.com/book/1770385.html", "average": -1.0, "cover": "http://img.17k.com/images/bookcover/2016/8851/44/1770385-1460431548000.jpg", "reviews": 4877, "authors": [{"url": "http://www.17k.com/zuozhe/45719409", "name": "\u6728\u5170\u96c5\u99a8"}], "type": ["\u90fd\u5e02\u60c5\u7f18"], "outlinks": ["http://www.17k.com/book/2794982.html", "http://www.17k.com/book/2801292.html", "http://www.17k.com/book/2816318.html", "http://www.17k.com/book/2797575.html", "http://www.17k.com/book/2802516.html", "http://www.17k.com/book/2812195.html", "http://www.17k.com/book/2820143.html", "http://www.17k.com/book/2807943.html", "http://www.17k.com/book/2813457.html", "http://www.17k.com/book/2798058.html", "http://www.17k.com/book/2815617.html", "http://www.17k.com/book/2805259.html", "http://www.17k.com/book/2760255.html", "http://www.17k.com/book/2686894.html", "http://www.17k.com/book/2797016.html", "http://www.17k.com/book/2767246.html", "http://www.17k.com/book/2764239.html", "http://www.17k.com/book/2754498.html", "http://www.17k.com/book/2754900.html", "http://www.17k.com/book/2625740.html", "http://www.17k.com/book/2213315.html", "http://www.17k.com/book/2402178.html", "http://www.17k.com/book/2691221.html", "http://www.17k.com/book/2210699.html", "http://www.17k.com/book/1797752.html", "http://www.17k.com/book/2575507.html", "http://www.17k.com/book/2705181.html", "http://www.17k.com/book/2702539.html", "http://www.17k.com/book/2474887.html", "http://www.17k.com/book/2674733.html", "http://www.17k.com/book/2822076.html", "http://www.17k.com/book/2809894.html", "http://www.17k.com/book/2822077.html", "http://www.17k.com/book/2811930.html", "http://www.17k.com/book/2815548.html", "http://www.17k.com/book/2819620.html", "http://www.17k.com/book/2809964.html", "http://www.17k.com/book/2808200.html", "http://www.17k.com/book/2820100.html", "http://www.17k.com/book/2822978.html", "http://www.17k.com/book/2804337.html", "http://www.17k.com/book/2798814.html", "http://www.17k.com/book/2785153.html", "http://www.17k.com/book/2731559.html", "http://www.17k.com/book/2722533.html", "http://www.17k.com/book/2458377.html", "http://www.17k.com/book/2743300.html", "http://www.17k.com/book/973809.html", "http://www.17k.com/book/2651367.html", "http://www.17k.com/book/2726194.html", "http://www.17k.com/book/2790214.html", "http://www.17k.com/book/493239.html", "http://www.17k.com/book/108821.html", "http://www.17k.com/book/1398783.html", "http://www.17k.com/book/83528.html", "http://www.17k.com/book/1859126.html", "http://www.17k.com/book/1741975.html", "http://www.17k.com/book/192453.html", "http://www.17k.com/book/2459058.html", "http://www.17k.com/book/1050747.html", "http://www.17k.com/book/2700315.html", "http://www.17k.com/book/2818940.html", "http://www.17k.com/book/2819519.html", "http://www.17k.com/book/2816390.html", "http://www.17k.com/book/2819588.html", "http://www.17k.com/book/2813768.html", "http://www.17k.com/book/2822406.html", "http://www.17k.com/book/2772164.html", "http://www.17k.com/book/2784023.html", "http://www.17k.com/book/2811877.html", "http://www.17k.com/book/2809119.html", "http://www.17k.com/book/2803700.html", "http://www.17k.com/book/2819561.html", "http://www.17k.com/book/2746506.html", "http://www.17k.com/book/2811836.html", "http://www.17k.com/book/2614810.html", "http://www.17k.com/book/1592435.html", "http://www.17k.com/book/1949748.html", "http://www.17k.com/book/2265802.html", "http://www.17k.com/book/2743240.html", "http://www.17k.com/book/2657437.html", "http://www.17k.com/book/2644502.html", "http://www.17k.com/book/2199900.html", "http://www.17k.com/book/2725436.html", "http://www.17k.com/book/2629978.html"]}