{"ratings": -1, "userreviews": [{"userName": "\u6697\u591c\u5e7d\u6b87", "userReviewDate": "2015-03-05", "userURL": "http://user.17k.com/1866833", "userReview": "\u7f51\u6587\u8054\u8d5b\uff0c\u6697\u7ec4\u9996\u6218\uff0c<a target='_blank' href='http://www.17k.com/book/1045223.html'>\u300a\u9738\u5251\u72ec\u5c0a\u300b</a><a target='_blank' href='http://www.17k.com/book/1040622.html'>\u300a\u738b\u8005\u5929\u6daf\u300b</a><a target='_blank' href='http://www.17k.com/book/1036317.html'>\u300a\u4e5d\u5929\u7075\u738b\u300b</a>\u4e09\u4eba\u544a\u6377\uff01\u9996\u5148\u611f\u8c22\u6697\u7ec4\u4e4b\u5185\u6240\u6709\u6210\u5458\u7684\u52aa\u529b\u548c\u56e2\u7ed3\u3002\u4e5f\u611f\u8c22\u8bf8\u4f4d\u6295\u4e86\u56e2\u6218\u7968\u548c\u5404\u79cd\u652f\u6301\u6697\u7ec4\u7684\u597d\u6c49\uff01\u4e0b\u4e00\u6218\uff0c3\u670811\u65e5\uff01\u5e0c\u671b\u8bf8\u4f4d\u597d\u6c49\u7ee7\u7eed\u652f\u6301\uff01\u62dc\u8c22\uff01"}, {"userName": "\u6697\u591c\u5e7d\u6b87", "userReviewDate": "2012-04-26", "userURL": "http://user.17k.com/1866833", "userReview": "\u6b66\u6280\u540d\u79f0\uff0c\u7279\u70b9\uff0c\u7b49\u7ea7\uff01\u8d8a\u8be6\u7ec6\u8d8a\u597d\uff01\u5927\u5bb6\u96c6\u601d\u5e7f\u76ca\uff01\u5927\u4e16\u754c\u6765\u4e86\uff0c\u9700\u8981\u66f4\u591a\u7684\u6b66\u6280\uff01"}, {"userName": "\u6697\u591c\u5e7d\u6b87", "userReviewDate": "2012-02-26", "userURL": "http://user.17k.com/1866833", "userReview": "\u5bf9\u672c\u4e66\u6709\u4ec0\u4e48\u60f3\u6cd5\uff0c\u6709\u4ec0\u4e48\u610f\u89c1\u5927\u5bb6\u53ef\u4ee5\u63d0\u51fa\u6765\uff01\u65b9\u4fbf\u54b1\u4eec\u6c9f\u901a\u548c\u8fdb\u6b65\uff01"}, {"userName": "\u6697\u591c\u5e7d\u6b87", "userReviewDate": "2012-01-21", "userURL": "http://user.17k.com/1866833", "userReview": "\u5f81\u96c6\u89d2\u8272\uff01\u8981\u6c42\uff1a\u59d3\u540d\u3001\u6027\u522b\u3001\u6027\u683c\uff0c\u6b66\u5668\uff0c\u7279\u957f\uff0c\u62ff\u624b\u6b66\u6280\uff0c\u6b63\u6d3e\u53cd\u6d3e\uff01\r\n\u6069\uff0c\u57fa\u672c\u4e0a\u5c31\u8fd9\u4e9b\u4e86\uff0c\u5982\u679c\u8fd8\u6709\u4ec0\u4e48\u591a\u7684\u60f3\u6cd5\u53ef\u4ee5\u4e00\u8d77\u5199\u8fdb\u6765\uff0c\u540d\u5b57\u5b9e\u5728\u4e00\u70b9\u6bd4\u8f83\u597d\uff01"}, {"userName": "\u6697\u591c\u5e7d\u6b87", "userReviewDate": "2011-12-05", "userURL": "http://user.17k.com/1866833", "userReview": "\u65b0\u4e66\u4e0d\u5bb9\u6613\uff0c\u5efa\u4e00\u4e2a\u5e7f\u544a\u697c\u5427\uff0c\u514d\u5f97\u5927\u5bb6\u7684\u5e16\u5b50\u6c89\u4e86\uff01"}, {"userName": "17K\u4e66\u53cbYLNSKXPS", "userReviewDate": "2018-06-07", "userURL": "http://user.17k.com/62482685", "userReview": "\u611f\u89c9\u770b\u8fd9\u4e66\u597d\u8d35"}, {"userName": "\u5929\u4e0b1818", "userReviewDate": "2018-06-07", "userURL": "http://user.17k.com/37068140", "userReview": "[\u6253\u8d4f]\u6211\u6253\u8d4f\u4e861\u4e2a'\u9e21\u8840'\uff01\uff01"}, {"userName": "\u5218\u5e94\u7115", "userReviewDate": "2018-06-06", "userURL": "http://user.17k.com/61040467", "userReview": "\u6211\u8fd8\u6c92\u770b\u5462\uff1f"}, {"userName": "17k\u4e66\u53cb7kzzg5c1v", "userReviewDate": "2018-06-06", "userURL": "http://user.17k.com/62414640", "userReview": "\u4e28\u3002\u3002\u2018\uff0c\u3002\u5c0f\u51e0nll&quot;\u5f73:q\u961fN\u51e1\u2234\u03bc\u2032qi\u5ddd\u2033\u2171\u03bc\u4e48\u5c11\u706b\u03b7\u51e1lq&quot;n\u3002\u51e0\u2170\u03b7\u5165i\u2170\u2170\uff1f\u4eba{\u2170n\u535c\u4e5dlT\u2170l\uff01\u516bl:l\u03b7\u2170"}, {"userName": "17K\u4e66\u53cbYLNSKXPS", "userReviewDate": "2018-06-06", "userURL": "http://user.17k.com/62482685", "userReview": "\u611f\u89c9\u6b66\u529b\u503c\u592a\u5c0f\u4e86"}, {"userName": "17K\u4e66\u53cbveel2g4z", "userReviewDate": "2018-06-06", "userURL": "http://user.17k.com/62515606", "userReview": "[\u6253\u8d4f]\u6211\u6253\u8d4f\u4e862\u5143\u7ea2\u5305\uff01\uff01"}, {"userName": "17K\u4e66\u53cb1itl04aj", "userReviewDate": "2018-06-04", "userURL": "http://user.17k.com/61495356", "userReview": "\u6709\u70b9\u5783\u573e\uff01\uff01"}, {"userName": "17K\u4e66\u53cbZ9QLYL85", "userReviewDate": "2018-06-03", "userURL": "http://user.17k.com/62434660", "userReview": "\u597d\u50cf\u6597\u7834\u82cd\u7a79"}, {"userName": "\u5929\u4e0b1818", "userReviewDate": "2018-06-02", "userURL": "http://user.17k.com/37068140", "userReview": "[\u6253\u8d4f]\u6211\u6253\u8d4f\u4e861\u4e2a'\u9e21\u8840'\uff01\uff01"}, {"userName": "\u534d\u534d\u534d149030557", "userReviewDate": "2018-06-02", "userURL": "http://user.17k.com/55954074", "userReview": "6666666666666"}, {"userName": "\u5723\u9690\u5e1d\u5143", "userReviewDate": "2018-06-02", "userURL": "http://user.17k.com/57760595", "userReview": "\u7b7e\u5230\u652f\u6301\uff01"}, {"userName": "17K\u4e66\u53cbLH1RTBVX", "userReviewDate": "2018-06-01", "userURL": "http://user.17k.com/62230383", "userReview": "\u5ba2\u670d\u6ca1\u6709\u5417\uff1f"}, {"userName": "17K\u4e66\u53cbLH1RTBVX", "userReviewDate": "2018-06-01", "userURL": "http://user.17k.com/62230383", "userReview": "\u8bf7\u95ee\u4e00\u4e0b\u600e\u4e48\u624d\u80fd\u8054\u7cfb\u5ba2\u670d"}, {"userName": "\u9274\u6768\u8776", "userReviewDate": "2018-05-31", "userURL": "http://user.17k.com/41878808", "userReview": "ok&nbsp;"}, {"userName": "\u72c2\u4eba\u7537", "userReviewDate": "2018-05-31", "userURL": "http://user.17k.com/52024510", "userReview": "\u4e66\u5199\u7684\u6545\u4e8b\u60c5\u8282\u5230\u4f4d\uff0c\u627e\u5f88\u559c\u6b22\uff0c\u5e0c\u671b\u4f60\u7ee7\u7eed"}], "description": "\u4e00\u606f\u82e5\u5b58\uff0c\u5e0c\u671b\u4e0d\u706d\u3002\u3000\u3000\u8eab\u6000\u795e\u6b66\u8840\u8109\u7684\u738b\u8fb0\uff0c\u80a9\u8d1f\u91cd\u62c5\uff0c\u5e26\u7740\u5bb6\u65cf\u7684\u4ec7\u6068\uff0c\u5e26\u7740\u68a6\u60f3\u8e0f\u4e0a\u6b66\u9053\u3002\u3000\u3000\u6740\u4ec7\u4eba\uff0c\u5bfb\u6b66\u9053\uff0c\u540d\u52a8\u5929\u4e0b\uff0c\u5e26\u9886\u7740\u5bb6\u65cf\uff0c\u5e26\u9886\u7740\u6ca1\u843d\u7684\u5b97\u6d3e\uff0c\u4ed6\u5f00\u59cb\u4e86\u4ed6\u7684\u5f81\u7a0b\uff0c\u5f00\u59cb\u4e86\u8fce\u63a5\u4e00\u4e2a\u53c8\u4e00\u4e2a\u7684\u6311\u6218\u3002\u3000\u3000\u95ee\u9f0e\u4e4b\u8def\uff0c\u4f55\u5176\u56f0\u96be\uff0c\u65e0\u8fb9\u6740\u622e\uff0c\u8513\u5ef6\u800c\u6765\u3002\u3000\u3000\u4e14\u770b\uff0c\u4ed6\u5982\u4f55\u514b\u670d\u91cd\u91cd\u56f0\u96be\uff0c\u795e\u6b66\u8840\u8109\uff0c\u541b\u4e34\u5929\u4e0b\uff01\u91d1\u521a\u4e4b\u8eab\uff0c\u95ee\u9f0e\u82cd\u7a79\uff01\u3000\u3000~~~~~~~~\u3000\u3000\u5fae\u4fe1\u53f7\uff1aanyeyoushang17K\u540d\u5b57\uff1a\u6697\u591c\u5e7d\u6b87\u5927\u5bb6\u53ef\u4ee5\u5173\u6ce8\u4e00\u4e0b\u3000\u3000\u4e66\u53cb\u7fa4\uff1a\u6697\u591c3\u7fa43705553\uff08\u6ee1\uff09\u6697\u591c\u56db\u7fa4\uff1a219242890\uff08\u65b0\u5efa\uff09VIP\u8bfb\u8005\u7fa4\uff1a\uff1a210342236\uff08\u6697\u591c\u5c71\u5e84\uff01\uff09\u8fdb\u7fa4\u7684\u6210\u5458\u9700\u8981\u8ba2\u9605\u622a\u56fe\u8ba4\u8bc1", "title": "\u6b66\u9053\u81f3\u5c0a", "url": "http://www.17k.com/book/153917.html", "average": -1.0, "cover": "http://img.17k.com/images/bookcover/2012/769/3/153917.jpg", "reviews": 327561755, "authors": [{"url": "http://www.17k.com/zuozhe/1866833", "name": "\u6697\u591c\u5e7d\u6b87"}], "type": ["\u4e1c\u65b9\u7384\u5e7b"], "outlinks": ["http://www.17k.com/book/2794982.html", "http://www.17k.com/book/2801292.html", "http://www.17k.com/book/2816318.html", "http://www.17k.com/book/2797575.html", "http://www.17k.com/book/2802516.html", "http://www.17k.com/book/2812195.html", "http://www.17k.com/book/2820143.html", "http://www.17k.com/book/2807943.html", "http://www.17k.com/book/2813457.html", "http://www.17k.com/book/2798058.html", "http://www.17k.com/book/2815617.html", "http://www.17k.com/book/2805259.html", "http://www.17k.com/book/2760255.html", "http://www.17k.com/book/2686894.html", "http://www.17k.com/book/2797016.html", "http://www.17k.com/book/2767246.html", "http://www.17k.com/book/2764239.html", "http://www.17k.com/book/2754498.html", "http://www.17k.com/book/2754900.html", "http://www.17k.com/book/2625740.html", "http://www.17k.com/book/2213315.html", "http://www.17k.com/book/2402178.html", "http://www.17k.com/book/2691221.html", "http://www.17k.com/book/2210699.html", "http://www.17k.com/book/1797752.html", "http://www.17k.com/book/2575507.html", "http://www.17k.com/book/2705181.html", "http://www.17k.com/book/2702539.html", "http://www.17k.com/book/2474887.html", "http://www.17k.com/book/2674733.html", "http://www.17k.com/book/2822076.html", "http://www.17k.com/book/2809894.html", "http://www.17k.com/book/2822077.html", "http://www.17k.com/book/2811930.html", "http://www.17k.com/book/2815548.html", "http://www.17k.com/book/2819620.html", "http://www.17k.com/book/2809964.html", "http://www.17k.com/book/2808200.html", "http://www.17k.com/book/2820100.html", "http://www.17k.com/book/2822978.html", "http://www.17k.com/book/2804337.html", "http://www.17k.com/book/2798814.html", "http://www.17k.com/book/2785153.html", "http://www.17k.com/book/2731559.html", "http://www.17k.com/book/2722533.html", "http://www.17k.com/book/2458377.html", "http://www.17k.com/book/2743300.html", "http://www.17k.com/book/973809.html", "http://www.17k.com/book/2651367.html", "http://www.17k.com/book/2726194.html", "http://www.17k.com/book/2790214.html", "http://www.17k.com/book/493239.html", "http://www.17k.com/book/108821.html", "http://www.17k.com/book/1398783.html", "http://www.17k.com/book/83528.html", "http://www.17k.com/book/1859126.html", "http://www.17k.com/book/1741975.html", "http://www.17k.com/book/192453.html", "http://www.17k.com/book/2459058.html", "http://www.17k.com/book/1050747.html", "http://www.17k.com/book/2700315.html", "http://www.17k.com/book/2818940.html", "http://www.17k.com/book/2819519.html", "http://www.17k.com/book/2816390.html", "http://www.17k.com/book/2819588.html", "http://www.17k.com/book/2813768.html", "http://www.17k.com/book/2822406.html", "http://www.17k.com/book/2772164.html", "http://www.17k.com/book/2784023.html", "http://www.17k.com/book/2811877.html", "http://www.17k.com/book/2809119.html", "http://www.17k.com/book/2803700.html", "http://www.17k.com/book/2819561.html", "http://www.17k.com/book/2746506.html", "http://www.17k.com/book/2811836.html", "http://www.17k.com/book/2614810.html", "http://www.17k.com/book/1592435.html", "http://www.17k.com/book/1949748.html", "http://www.17k.com/book/2265802.html", "http://www.17k.com/book/2743240.html", "http://www.17k.com/book/2657437.html", "http://www.17k.com/book/2644502.html", "http://www.17k.com/book/2199900.html", "http://www.17k.com/book/2725436.html", "http://www.17k.com/book/2629978.html"]}