{"ratings": -1, "userreviews": [{"userName": "\u8840\u916c", "userReviewDate": "2017-04-13", "userURL": "http://user.17k.com/2296", "userReview": "<a target='_blank' href='http://www.17k.com/book/465602.html'>\u300a\u6b8b\u888d\u300b</a>\u662f\u503c\u5f97\u4e70\u6765\u6536\u85cf\u7684\u4e66"}, {"userName": "\u8840\u916c", "userReviewDate": "2013-11-14", "userURL": "http://user.17k.com/2296", "userReview": "\u606d\u559c\u5b8c\u672c\uff0c\u6253\u5b8c\u6536\u5de5\u3002\n(\u6765\u81eaAndroid\u5ba2\u6237\u7aef)"}, {"userName": "\u9a81\u9a91\u6821", "userReviewDate": "2013-11-13", "userURL": "http://user.17k.com/446508", "userReview": "\u53ea\u8bf4\u4e00\u4e2a\u5b57\u201c\u725b\uff01\u201d"}, {"userName": "17K\u8001\u5bab", "userReviewDate": "2013-10-14", "userURL": "http://user.17k.com/2442546", "userReview": "\u6211\u4e00\u76f4\u8ba4\u4e3a\uff0c\u4f5c\u7f16\u8f91\u662f\u8001\u5929\u5bf9\u6211\u83ab\u5927\u7684\u6069\u8d50\uff0c\u6bcf\u5929\u6709\u90a3\u4e48\u591a\u7684\u4e66\u53ef\u4ee5\u770b\uff0c\u8fd8\u987a\u4fbf\u62ff\u7740\u94f6\u5b50\uff0c\u800c\u4e14\u53ef\u4ee5\u8ba9\u81ea\u5df1\u7684\u89c6\u7ebf\u5149\u660e\u6b63\u5927\u5730\u5728\u4f18\u79c0\u4f5c\u54c1\u4e0a\u591a\u505c\u7559\u4e00\u6bb5\u65f6\u95f4\u3002\u4e0d\u8fc7\u5e78\u798f\u5f53\u4e2d\u6709\u90a3\u4e48\u4e00\u70b9\u5fae\u5fae\u7684\u7455\u75b5\uff0c\u6bd4\u5982\u9047\u5230\u4e00\u4e9b\u4f4e\u8d28\u91cf\u7a3f\u4ef6\uff0c\u56e0\u81ea\u5df1\u7f16\u8f91\u7684\u8eab\u4efd\u800c\u4e0d\u5f97\u4e0d\u5f3a\u8feb\u81ea\u5df1\u8fdb\u884c\u9605\u8bfb\u65f6\u4ea7\u751f\u7684\u65e0\u5948\uff0c\u6bd4\u5982\u4ee5\u8bfb\u8005\u8eab\u4efd\u4e3b\u52a8\u8ffd\u6587\u7b49\u5f85\u66f4\u65b0\u65f6\u4ea7\u751f\u7684\u6349\u6025\u548c\u6293\u72c2\u3002\u7ecf\u5386\u524d\u4e00\u79cd\u82e6\u607c\u7684\u4eba\u4e0d\u592a\u591a\uff0c\u6682\u4e14\u4e0d\u63d0\uff0c\u5e94\u5bf9\u7b2c\u4e8c\u79cd\u82e6\u607c\u5f88\u591a\u8bfb\u8005\u90fd\u6709\u81ea\u5df1\u7684\u529e\u6cd5\uff0c\u66f4\u591a\u7684\u662f\u540c\u65f6\u8ffd\u8bfb\u51e0\u672c\u4e66\u3002\u5265\u79bb\u7f16\u8f91\u8eab\u4efd\uff0c\u4ee5\u7eaf\u8bfb\u8005\u89c6\u89d2\u8ffd\u6587\uff0c\u6211\u7684\u4e0a\u9650\u662f\u540c\u65f6\u8ffd\u4e03\u672c\u4e66\u3002\u5728\u4e3b\u7ad9\uff0c\u6700\u8fd1\u6211\u8ffd\u8bfb\u7684\u6709\u4e09\u672c\u4e66\uff0c\u6821\u957f\u7684<a target='_blank' href='http://www.17k.com/book/492248.html'>\u300a\u5339\u592b\u7684\u9006\u88ad\u300b</a>\uff0c\u9152\u5f92\u7684<a target='_blank' href='http://www.17k.com/book/324997.html'>\u300a\u70fd\u70df\u5c3d\u5904\u300b</a>\uff0c\u4e5d\u79cb\u7684<a target='_blank' href='http://www.17k.com/book/465602.html'>\u300a\u6b8b\u888d\u300b</a>\u3002\u9664\u6b64\u4e4b\u5916\u7684\u5f88\u591a\u4f18\u79c0\u4f5c\u54c1\u6211\u4e5f\u5728\u8bfb\uff0c\u4f46\u505a\u4e0d\u5230\u8ffd\u8bfb\uff0c\u901a\u5e38\u79ef\u6512\u4e00\u5b9a\u5b58\u7a3f\u6279\u91cf\u9605\u8bfb\uff0c\u6216\u8005\u7eaf\u7cb9\u4ee5\u7f16\u8f91\u89c6\u89d2\u626b\u4e66\u3002\u5728\u8fd9\u91cc\u4ec5\u4ee5\u4e2a\u4eba\u89c2\u70b9\u5206\u6790\u4e0b"}, {"userName": "\u9a81\u9a91\u6821", "userReviewDate": "2013-01-29", "userURL": "http://user.17k.com/446508", "userReview": "\u770b\u5230\u4e66\u540d\u5c31\u89c9\u5f97\u773c\u524d\u4e00\u4eae\uff01\u8fdb\u6765\u4e00\u770b\u539f\u6765\u662f\u4e5d\u79cb\u4f5c\u54c1\uff0c\u7edd\u5bf9\u4e00\u6d41\u597d\u4e66\uff0c\u5927\u529b\u63a8\u8350"}, {"userName": "\u52a0\u83f21\u7532\u9e1f", "userReviewDate": "2018-06-07", "userURL": "http://user.17k.com/33082848", "userReview": "\u597d\u597d\u597d\u770b\u554a"}, {"userName": "\u52a0\u83f21\u7532\u9e1f", "userReviewDate": "2018-06-06", "userURL": "http://user.17k.com/33082848", "userReview": "\u597d\u597d\u597d\u770b\u554a"}, {"userName": "Catsayer&deg;749501306", "userReviewDate": "2018-06-05", "userURL": "http://user.17k.com/62525142", "userReview": "\u597d\u770b\uff0c\u592a\u5389\u5bb3\u4e86"}, {"userName": "17K\u4e66\u53cb9Q1WJHJM", "userReviewDate": "2018-06-04", "userURL": "http://user.17k.com/61909886", "userReview": "O(\u2229_\u2229)O"}, {"userName": "\u7396\u6b4c903980989", "userReviewDate": "2018-06-03", "userURL": "http://user.17k.com/61553403", "userReview": "[\u6253\u8d4f]\u6211\u6253\u8d4f\u4e861\u4e2a'\u5c0f\u5fc3\u5fc3'\uff01\uff01"}, {"userName": "TenEight", "userReviewDate": "2018-06-03", "userURL": "http://user.17k.com/42286282", "userReview": "\u5f88\u4e0d\u9519\u7684\u4e00\u672c\u4e66\uff01"}, {"userName": "17K\u4e66\u53cb9Q1WJHJM", "userReviewDate": "2018-06-02", "userURL": "http://user.17k.com/61909886", "userReview": "O(\u2229_\u2229)O"}, {"userName": "\u52a0\u83f21\u7532\u9e1f", "userReviewDate": "2018-05-31", "userURL": "http://user.17k.com/33082848", "userReview": "\u597d\u597d\u597d\u770b\u554a"}, {"userName": "17K\u4e66\u53cb9Q1WJHJM", "userReviewDate": "2018-05-31", "userURL": "http://user.17k.com/61909886", "userReview": "O(\u2229_\u2229)O"}, {"userName": "\u9648\u7acb\u519c\u7684\u5c0f\u59d0\u59d0", "userReviewDate": "2018-05-30", "userURL": "http://user.17k.com/61852270", "userReview": "\u611f\u89c9\u975e\u5e38\u4e0d\u9519\uff0c\u5148\u6536\u85cf"}, {"userName": "\u52a0\u83f21\u7532\u9e1f", "userReviewDate": "2018-05-21", "userURL": "http://user.17k.com/33082848", "userReview": "\u597d\u597d\u597d\u770b\u554a"}, {"userName": "17K\u4e66\u53cbjwkf1w25", "userReviewDate": "2018-05-19", "userURL": "http://user.17k.com/61640244", "userReview": "\u8fd8\u53ef\u4ee5\u672c\u4e66"}, {"userName": "\u8c46\u8c46595718181", "userReviewDate": "2018-05-18", "userURL": "http://user.17k.com/56936699", "userReview": "\u770b\u54af\u770b\u770b\u770b\u770b"}, {"userName": "\u5f3a\u3057\u2665\u3072&ecirc;\u7487\u5cf0", "userReviewDate": "2018-05-18", "userURL": "http://user.17k.com/49837726", "userReview": "258369"}, {"userName": "\u5f3a\u3057\u2665\u3072&ecirc;\u7487\u5cf0", "userReviewDate": "2018-05-18", "userURL": "http://user.17k.com/49837726", "userReview": "258369"}], "description": "\u4ed6\u751f\u6d3b\u5728\u5175\u8352\u9a6c\u4e71\u7684\u6c11\u56fd\u65f6\u671f\uff0c\u867d\u7136\u8eab\u62e5\u7edd\u4e16\u9053\u6cd5\u5374\u5e76\u975e\u9053\u58eb\uff0c\u4ed6\u6e38\u79bb\u5728\u6b63\u90aa\u7684\u8fb9\u7f18\uff0c\u4e0e\u4ed6\u76f8\u4f34\u7684\u662f\u4e00\u53ea\u4ece\u53e4\u5893\u4e4b\u4e2d\u9003\u51fa\u7684\u8001\u732b\uff0c\u786e\u5207\u7684\u8bf4\u5b83\u5e76\u4e0d\u662f\u732b\uff0c\u4f46\u6ca1\u4eba\u77e5\u9053\u5b83\u7a76\u7adf\u662f\u4ec0\u4e48\u3002\u3000\u3000.\u3000\u3000\u300a\u6b8b\u888d\u300b\u4e00\u5957\u4e94\u672c\u7531\u5e7f\u4e1c\u4eba\u6c11\u51fa\u7248\u793e\u5168\u96c6\u51fa\u7248\uff0c\u6b22\u8fce\u5173\u6ce8\u5fae\u4fe1\u516c\u4f17\u53f7\u201cfengyujiuqiu\u201d\u4e86\u89e3\u6700\u65b0\u52a8\u6001\u3002\u3000\u3000\u300a\u6b8b\u888d\u300b\u7b80\u4f53\u8d2d\u4e70\u94fe\u63a5\uff1a\u3000\u3000https://detail.tmall.com/item.htm?id=548567351978\u3000\u3000\u300a\u7d2b\u9633\u300b\u7b80\u4f53\u5929\u732b\u8d2d\u4e70\u94fe\u63a5\uff1a\u3000\u3000https://detail.tmall.com/item.htm?id=533962946316", "title": "\u6b8b\u888d", "url": "http://www.17k.com/book/465602.html", "average": -1.0, "cover": "http://img.17k.com/images/bookcover/2013/2328/11/465602-1359427827000.jpg", "reviews": 25420399, "authors": [{"url": "http://www.17k.com/zuozhe/7831691", "name": "\u98ce\u5fa1\u4e5d\u79cb"}], "type": ["\u63a2\u9669\u63ed\u79d8"], "outlinks": ["http://www.17k.com/book/2794982.html", "http://www.17k.com/book/2801292.html", "http://www.17k.com/book/2816318.html", "http://www.17k.com/book/2797575.html", "http://www.17k.com/book/2802516.html", "http://www.17k.com/book/2812195.html", "http://www.17k.com/book/2820143.html", "http://www.17k.com/book/2807943.html", "http://www.17k.com/book/2813457.html", "http://www.17k.com/book/2798058.html", "http://www.17k.com/book/2815617.html", "http://www.17k.com/book/2805259.html", "http://www.17k.com/book/2760255.html", "http://www.17k.com/book/2686894.html", "http://www.17k.com/book/2797016.html", "http://www.17k.com/book/2767246.html", "http://www.17k.com/book/2764239.html", "http://www.17k.com/book/2754498.html", "http://www.17k.com/book/2754900.html", "http://www.17k.com/book/2625740.html", "http://www.17k.com/book/2213315.html", "http://www.17k.com/book/2402178.html", "http://www.17k.com/book/2691221.html", "http://www.17k.com/book/2210699.html", "http://www.17k.com/book/1797752.html", "http://www.17k.com/book/2575507.html", "http://www.17k.com/book/2705181.html", "http://www.17k.com/book/2702539.html", "http://www.17k.com/book/2474887.html", "http://www.17k.com/book/2674733.html", "http://www.17k.com/book/2822076.html", "http://www.17k.com/book/2809894.html", "http://www.17k.com/book/2822077.html", "http://www.17k.com/book/2811930.html", "http://www.17k.com/book/2815548.html", "http://www.17k.com/book/2819620.html", "http://www.17k.com/book/2809964.html", "http://www.17k.com/book/2808200.html", "http://www.17k.com/book/2820100.html", "http://www.17k.com/book/2822978.html", "http://www.17k.com/book/2804337.html", "http://www.17k.com/book/2798814.html", "http://www.17k.com/book/2785153.html", "http://www.17k.com/book/2731559.html", "http://www.17k.com/book/2722533.html", "http://www.17k.com/book/2458377.html", "http://www.17k.com/book/2743300.html", "http://www.17k.com/book/973809.html", "http://www.17k.com/book/2651367.html", "http://www.17k.com/book/2726194.html", "http://www.17k.com/book/2790214.html", "http://www.17k.com/book/493239.html", "http://www.17k.com/book/108821.html", "http://www.17k.com/book/1398783.html", "http://www.17k.com/book/83528.html", "http://www.17k.com/book/1859126.html", "http://www.17k.com/book/1741975.html", "http://www.17k.com/book/192453.html", "http://www.17k.com/book/2459058.html", "http://www.17k.com/book/1050747.html", "http://www.17k.com/book/2700315.html", "http://www.17k.com/book/2818940.html", "http://www.17k.com/book/2819519.html", "http://www.17k.com/book/2816390.html", "http://www.17k.com/book/2819588.html", "http://www.17k.com/book/2813768.html", "http://www.17k.com/book/2822406.html", "http://www.17k.com/book/2772164.html", "http://www.17k.com/book/2784023.html", "http://www.17k.com/book/2811877.html", "http://www.17k.com/book/2809119.html", "http://www.17k.com/book/2803700.html", "http://www.17k.com/book/2819561.html", "http://www.17k.com/book/2746506.html", "http://www.17k.com/book/2811836.html", "http://www.17k.com/book/2614810.html", "http://www.17k.com/book/1592435.html", "http://www.17k.com/book/1949748.html", "http://www.17k.com/book/2265802.html", "http://www.17k.com/book/2743240.html", "http://www.17k.com/book/2657437.html", "http://www.17k.com/book/2644502.html", "http://www.17k.com/book/2199900.html", "http://www.17k.com/book/2725436.html", "http://www.17k.com/book/2629978.html"]}