{"ratings": -1, "userreviews": [{"userName": "\u674e\u65e0\u547d", "userReviewDate": "2017-11-25", "userURL": "http://user.17k.com/57024055", "userReview": "<a target='_blank' href='http://www.17k.com/book/2654528.html'>\u300a\u51a5\u5929\u697c\u300b</a>\u6765\u8bbf\uff0c\u5e0c\u671b\u4f5c\u8005\u4e0d\u8981\u4ecb\u610f.."}, {"userName": "\u674e\u65e0\u547d", "userReviewDate": "2017-10-26", "userURL": "http://user.17k.com/57024055", "userReview": "\u670b\u53cb\u4f60\u597d ,\u4f60\u7684\u4f5c\u54c1\u6211\u559c\u6b22 ,\u6587\u7b14\u4e0d\u9519 ,\u643a<a target='_blank' href='http://www.17k.com/book/2654528.html'>\u300a\u51a5\u5929\u697c\u300b</a>\u6765\u62dc\u8bfb\u5927\u5927\u7684\u795e\u4f5c..."}, {"userName": "\u5fc3\u7a7a\u7f6a\u4ea6\u4ea1", "userReviewDate": "2017-09-09", "userURL": "http://user.17k.com/56355515", "userReview": "<a target='_blank' href='http://www.17k.com/book/2580944.html'>\u300a\u4e71\u4e16\u60c5\u7f18\u6f2b\u9ec4\u6c99\u300b</a>\u524d\u6765\u62dc\u8bfb\u5927\u4f5c\u3002"}, {"userName": "\u7ae5\u742a\u672a\u81f3", "userReviewDate": "2017-08-17", "userURL": "http://user.17k.com/50692079", "userReview": "\u5927\u5927\u5348\u597d"}, {"userName": "\u79f0\u5e1d\u5f00\u59cb", "userReviewDate": "2017-07-25", "userURL": "http://user.17k.com/52707243", "userReview": "[\u6253\u8d4f]\u6211\u6253\u8d4f\u4e861\u5143\u7ea2\u5305\uff01\uff01"}, {"userName": "\u9646\u6653\u75af", "userReviewDate": "2017-07-23", "userURL": "http://user.17k.com/14776216", "userReview": "<a target='_blank' href='http://www.17k.com/book/2410552.html'>\u300a\u76d7\u4ed9\u8bb0\u300b</a>\u6765\u8bbf\uff0c\u5b66\u4e60\u4e86\u3002"}, {"userName": "\u5c1a\u4e3a\u65e7\u989c", "userReviewDate": "2017-06-29", "userURL": "http://user.17k.com/50720623", "userReview": "\u52a0\u6cb9"}, {"userName": "\u7ae5\u742a\u672a\u81f3", "userReviewDate": "2017-06-19", "userURL": "http://user.17k.com/50692079", "userReview": "\u665a\u5b89\u5566"}, {"userName": "\u8c08\u7b11\u4e66", "userReviewDate": "2017-06-12", "userURL": "http://user.17k.com/37884363", "userReview": "\u6211\u53bb\uff01\u4f60\u597d\u50cf\u6d88\u5931\u4e86\u4e00\u6bb5\u65f6\u95f4\uff0c\u518d\u73b0\u8eab\u65f6\uff0c\u7adf\u7136\uff0c\u6b64\u6587\u5b8c\u7ed3\u3002\u8fd9\u662f\u771f\u7684\u5b8c\u7ed3\u6587\u5417\uff1f"}, {"userName": "\u7ae5\u742a\u672a\u81f3", "userReviewDate": "2017-06-12", "userURL": "http://user.17k.com/50692079", "userReview": "\u4e00\u524d\u4e00\u540e\uff1b\u4e00\u5feb\u4e00\u6162\uff1b\u4e00\u559c\u4e00\u60b2\uff0c\u5927\u5927\u7684\u6587\u7b14\u597d\u68d2\u54e6"}, {"userName": "\u4e0d\u77e5\u60c5de", "userReviewDate": "2017-06-11", "userURL": "http://user.17k.com/52208539", "userReview": "\u9cb8\u9c7c\u9605\u8bfb\uff1a &nbsp;\u300a\u522b\u542c\u4ed6\u80e1\u626f\u300b\uff01\u6b22\u8fce\u4e00\u9605\uff01"}, {"userName": "\u7ae5\u742a\u672a\u81f3", "userReviewDate": "2017-06-10", "userURL": "http://user.17k.com/50692079", "userReview": "<span style='color:black'>\u65e9\u554a</span>"}, {"userName": "\u7978\u6c34\u5944\u5944", "userReviewDate": "2017-06-05", "userURL": "http://user.17k.com/55020488", "userReview": "\u7f8e\u7f8e\u7684\u5c01\u9762"}, {"userName": "\u5947\u8bfa\u84b2\u516c\u82f1", "userReviewDate": "2017-06-05", "userURL": "http://user.17k.com/55266325", "userReview": "\u9ed8\u9ed8\u70b9\u4e2a\u8d5e\u3002"}, {"userName": "\u7ae5\u742a\u672a\u81f3", "userReviewDate": "2017-06-02", "userURL": "http://user.17k.com/50692079", "userReview": "\u6765\u770b\u5927\u5927\u7684\u4e66"}, {"userName": "\u7ae5\u742a\u672a\u81f3", "userReviewDate": "2017-05-31", "userURL": "http://user.17k.com/50692079", "userReview": "\u6765\u5b66\u4e60\u6765\u5566"}, {"userName": "\u7ae5\u742a\u672a\u81f3", "userReviewDate": "2017-05-29", "userURL": "http://user.17k.com/50692079", "userReview": "<span style='color:black'>\u68d2\u68d2\u7684\u54c8</span>"}, {"userName": "\u96fe\u98de\u6a31", "userReviewDate": "2017-05-26", "userURL": "http://user.17k.com/50151765", "userReview": "\u671f\u5f85\u65b0\u4e66\u4e48\u4e48\u54d2"}, {"userName": "\u6211\u4e0d\u77e5\u9053\u60f3\u77e5\u9053", "userReviewDate": "2017-05-26", "userURL": "http://user.17k.com/17285087", "userReview": "<a target='_blank' href='http://www.17k.com/book/2475643.html'>\u300a\u82b1\u843d\u6d41\u534e\u300b</a>\u6765\u62dc\u8bfb\uff0c\u7ed9\u5927\u5927\u8bf7\u65e9\u5b89\uff0c\u795d\u5927\u5927\u66f4\u4e0a\u4e00\u5c42\u697c"}, {"userName": "\u7ae5\u742a\u672a\u81f3", "userReviewDate": "2017-05-25", "userURL": "http://user.17k.com/50692079", "userReview": "\u652f\u6301\u652f\u6301"}], "description": "\u53e4\u4ee3\u67b6\u7a7a\uff0c\u5e26\u70b9\u5947\u5e7b\u8272\u5f69\u7684\u6b66\u4fa0\u63a2\u9669\u63ed\u79d8\u4e4b\u65c5\uff0c\u4e0d\u5413\u4eba\uff01\u7edd\u5bf9\u4e0d\u5413\u4eba\uff01\u3000\u3000\u6ce8\u610f\u6ce8\u610f!!!", "title": "\u6c88\u7fbd\u5341\u4e8c\u591c", "url": "http://www.17k.com/book/2306999.html", "average": -1.0, "cover": "http://img.17k.com/images/bookcover/2017/11534/57/2306999-1488576813000.jpg", "reviews": 921623, "authors": [{"url": "http://www.17k.com/zuozhe/52208539", "name": "\u7ea2\u971c\u4e0d\u77e5\u60c5"}], "type": ["\u63a2\u9669\u63ed\u79d8"], "outlinks": ["http://www.17k.com/book/2794982.html", "http://www.17k.com/book/2801292.html", "http://www.17k.com/book/2816318.html", "http://www.17k.com/book/2797575.html", "http://www.17k.com/book/2802516.html", "http://www.17k.com/book/2812195.html", "http://www.17k.com/book/2820143.html", "http://www.17k.com/book/2807943.html", "http://www.17k.com/book/2813457.html", "http://www.17k.com/book/2798058.html", "http://www.17k.com/book/2815617.html", "http://www.17k.com/book/2805259.html", "http://www.17k.com/book/2760255.html", "http://www.17k.com/book/2686894.html", "http://www.17k.com/book/2797016.html", "http://www.17k.com/book/2767246.html", "http://www.17k.com/book/2764239.html", "http://www.17k.com/book/2754498.html", "http://www.17k.com/book/2754900.html", "http://www.17k.com/book/2625740.html", "http://www.17k.com/book/2213315.html", "http://www.17k.com/book/2402178.html", "http://www.17k.com/book/2691221.html", "http://www.17k.com/book/2210699.html", "http://www.17k.com/book/1797752.html", "http://www.17k.com/book/2575507.html", "http://www.17k.com/book/2705181.html", "http://www.17k.com/book/2702539.html", "http://www.17k.com/book/2474887.html", "http://www.17k.com/book/2674733.html", "http://www.17k.com/book/2822076.html", "http://www.17k.com/book/2809894.html", "http://www.17k.com/book/2822077.html", "http://www.17k.com/book/2811930.html", "http://www.17k.com/book/2815548.html", "http://www.17k.com/book/2819620.html", "http://www.17k.com/book/2809964.html", "http://www.17k.com/book/2808200.html", "http://www.17k.com/book/2820100.html", "http://www.17k.com/book/2822978.html", "http://www.17k.com/book/2804337.html", "http://www.17k.com/book/2798814.html", "http://www.17k.com/book/2785153.html", "http://www.17k.com/book/2731559.html", "http://www.17k.com/book/2722533.html", "http://www.17k.com/book/2458377.html", "http://www.17k.com/book/2743300.html", "http://www.17k.com/book/973809.html", "http://www.17k.com/book/2651367.html", "http://www.17k.com/book/2726194.html", "http://www.17k.com/book/2790214.html", "http://www.17k.com/book/493239.html", "http://www.17k.com/book/108821.html", "http://www.17k.com/book/1398783.html", "http://www.17k.com/book/83528.html", "http://www.17k.com/book/1859126.html", "http://www.17k.com/book/1741975.html", "http://www.17k.com/book/192453.html", "http://www.17k.com/book/2459058.html", "http://www.17k.com/book/1050747.html", "http://www.17k.com/book/2700315.html", "http://www.17k.com/book/2818940.html", "http://www.17k.com/book/2819519.html", "http://www.17k.com/book/2816390.html", "http://www.17k.com/book/2819588.html", "http://www.17k.com/book/2813768.html", "http://www.17k.com/book/2822406.html", "http://www.17k.com/book/2772164.html", "http://www.17k.com/book/2784023.html", "http://www.17k.com/book/2811877.html", "http://www.17k.com/book/2809119.html", "http://www.17k.com/book/2803700.html", "http://www.17k.com/book/2819561.html", "http://www.17k.com/book/2746506.html", "http://www.17k.com/book/2811836.html", "http://www.17k.com/book/2614810.html", "http://www.17k.com/book/1592435.html", "http://www.17k.com/book/1949748.html", "http://www.17k.com/book/2265802.html", "http://www.17k.com/book/2743240.html", "http://www.17k.com/book/2657437.html", "http://www.17k.com/book/2644502.html", "http://www.17k.com/book/2199900.html", "http://www.17k.com/book/2725436.html", "http://www.17k.com/book/2629978.html"]}