{"ratings": -1, "userreviews": [{"userName": "\u756a\u8304\u6b7b\u4e0d\u4e86", "userReviewDate": "2012-10-31", "userURL": "http://user.17k.com/3591599", "userReview": "<a target='_blank' href='http://www.17k.com/book/102379.html'>\u300a\u6cd5\u533b\u7075\u5f02\u5f55\u300b</a>\u5df2\u7ecf\u5927\u5b8c\u7ed3\uff0c\u5c0f\u756a\u8304\u4e5f\u4e0d\u77e5\u9053\u8be5\u8bf4\u4ec0\u4e48\u4e86\uff0c\u9996\u5148\u8981\u8c22\u8c22\u5927\u5bb6\u4e00\u76f4\u4ee5\u6765\u7684\u652f\u6301\uff0c\u8c22\u8c22\uff0c\u795d\u5927\u5bb6\u4e07\u5723\u8282\u5feb\u4e50\uff0cHAPY!!!"}, {"userName": "\u8fce\u5927\u7f8e", "userReviewDate": "2012-01-02", "userURL": "http://user.17k.com/6762312", "userReview": "\u756a\u8304'\u593a\u547d\u7ea2\u7eeb\u90a3\u7bc7\u7b2c\u4e09\u5341\u4e09\u7ae0\u4f60\u8fd8\u6ca1\u6709\u5199\u54d3\u7389'\u6c88\u83f2\u5979\u4eec\u51e0\u4e2a\u662f\u600e\u4e48\u6b7b\u7684\u4e3a\u4ec0\u4e48\u8981\u6740\u5979\u4eec\u5440'\uff0c\u5c31\u76f4\u63a5\u8df3\u5230\u6216\u76c8\u76c8\u90a3\u4e86\u5440"}, {"userName": "\u5f20\u5c0f\u7ed8", "userReviewDate": "2011-08-12", "userURL": "http://user.17k.com/4700415", "userReview": "\u4ece\u524d\u6709\u4e2a\u756a\u8304\uff0c\u4ed6\u60f3\u5403\u897f\u7ea2\u67ff\u5435\u756a\u8304\uff0c\u4e8e\u662f\u4ed6\u5c31\u628a\u81ea\u5df1\u5207\u6210\u4e24\u534a\uff0c\u4e00\u534a\u5f53\u897f\u7ea2\u67ff\uff0c\u4e00\u534a\u5f53\u756a\u8304\uff0c \u7136\u540e\u653e\u9505\u91cc\u7092\u4e86\u3002\r\n"}, {"userName": "\u756a\u8304\u6b7b\u4e0d\u4e86", "userReviewDate": "2011-06-02", "userURL": "http://user.17k.com/3591599", "userReview": "\u6ca1\u5565\u8bf4\u7684\uff0c\u90fd\u662f\u65b0\u4eba\uff0c\u756a\u8304\u4e5f\u4e0d\u4f8b\u5916\uff0c\u6240\u4ee5\u5404\u4f4d\u5982\u679c\u9700\u8981\u6253\u5e7f\u544a\u7684\u8bdd\uff0c\u8bf7\u8fdb\u6b64\u697c\uff0c\u8c22\u8c22\uff0c\u8bc4\u8bba\u5c31\u7559\u7ed9\u8bfb\u8005\u53cb\u53cb\u4eec\uff0c\u8c22\u8c22\u540c\u4ec1\u4e86\uff0c\u4e00\u8d77\u6210\u957f\uff01"}, {"userName": "\u9ec4\u74dc\u7684\u5bbf\u547d", "userReviewDate": "2018-02-14", "userURL": "http://user.17k.com/53195742", "userReview": "<a target='_blank' href='http://www.17k.com/book/2377865.html'>\u300a\u81f3\u9738\u82cd\u751f\u8bc0\u300b</a>\u6765\u8bbf\uff0c\u6c42\u652f\u6301\u6c42\u6269\u6563\uff0c\u87f9\u87f9\u3002"}, {"userName": "\u4ed6\u4eec\u53eb\u6211\u4e5d\u53d4", "userReviewDate": "2017-09-29", "userURL": "http://user.17k.com/55419563", "userReview": "\u6349\u5996\uff0c\u706d\u9b3c\uff0c\u6597\u50f5\u5c38\uff01 \u4e00\u5207\u5c3d\u5728<a target='_blank' href='http://www.17k.com/book/2663878.html'>\u300a\u4ed6\u4eec\u53eb\u6211\u4e5d\u53d4\u300b</a>\uff01"}, {"userName": "\u82b1\u5a07\u7537", "userReviewDate": "2017-06-07", "userURL": "http://user.17k.com/55234459", "userReview": "\u201c\u7aed\u5c3d\u6211\u6bd5\u751f\u6240\u7231\u7684\u4eba\u548c\u7269\uff0c\u53ea\u4e3a\u505a\u66f4\u5b8c\u7f8e\u7684\u7f6a\u4eba\u3002\u201d\u2015\u2015<a target='_blank' href='http://www.17k.com/book/2499375.html'>\u300a\u5b8c\u7f8e\u7f6a\u4ebaA\u300b</a>"}, {"userName": "\u4efb\u7fbd\u900d\u9065\u5ba2", "userReviewDate": "2017-06-06", "userURL": "http://user.17k.com/43706410", "userReview": "\u4efb\u7fbd\u900d\u9065\u5ba2\u643a<a target='_blank' href='http://www.17k.com/book/2399780.html'>\u300a\u5f02\u95fb\u77e5\u591a\u5c11\u300b</a>\u524d\u6765\u62dc\u8bbf"}, {"userName": "\u53f6\u843d\u5b50\u75d5", "userReviewDate": "2017-05-27", "userURL": "http://user.17k.com/33080428", "userReview": "<a target='_blank' href='http://www.17k.com/book/2452410.html'>\u300a\u4e03\u4ed9\u5251\u4f20\u300b</a>\u6765\u8bbf\uff0c\u770b\u4e66\uff01"}, {"userName": "\u53e4\u4eca\u672a\u6765", "userReviewDate": "2016-12-14", "userURL": "http://user.17k.com/51854299", "userReview": "\u5199\u7684\u4e0d\u9519\uff0c\u5f88\u597d\u3002"}, {"userName": "\u82b1\u843d\u537f\u8896", "userReviewDate": "2016-06-26", "userURL": "http://user.17k.com/45924276", "userReview": "\u5e0c\u671b\u5927\u5bb6\u53ef\u4ee5\u6765\u770b\u770b\u6211\u7684<a target='_blank' href='http://www.17k.com/book/1801826.html'>\u300a\u9010\u68a6\u4e4b\u6d6e\u751f\u82e5\u68a6\u300b</a>\uff0c\u4e5f\u662f\u4e2a\u6027\u5316\u4f5c\u54c1\u54e6\uff0c\u62dc\u6258\u5927\u5bb6\u5e2e\u5fd9\u5ba3\u4f20\u4e00\u4e0b\uff0c\u8c22\u8c22\uff01"}, {"userName": "\u6881\u4f1a\u73cd\u60dc", "userReviewDate": "2016-04-24", "userURL": "http://user.17k.com/46102299", "userReview": "\u597d\u770b\u3002\u643a<a target='_blank' href='http://www.17k.com/book/1829220.html'>\u300a\u83ab\u5fd8\u6d41\u5e74\u60c5\u6df1\u300b</a>\u62dc\u8bfb\u5927\u4f5c\uff0c\u5e0c\u671b\u5927\u5bb6\u591a\u591a\u652f\u6301\uff0c\u591a\u591a\u6307\u6559\u3002"}, {"userName": "\u6881\u4f1a\u73cd\u60dc", "userReviewDate": "2016-04-19", "userURL": "http://user.17k.com/46102299", "userReview": "\u652f\u6301\u5c0f\u756a\u8304\uff0c\u4e5f\u8bf7\u5927\u5bb6\u652f\u6301\u65b0\u624b<a target='_blank' href='http://www.17k.com/book/1829220.html'>\u300a\u83ab\u5fd8\u6d41\u5e74\u60c5\u6df1\u300b</a>"}, {"userName": "\u62fc\u547d\u4e09\u6c13", "userReviewDate": "2016-03-21", "userURL": "http://user.17k.com/45537500", "userReview": "<a target='_blank' href='http://www.17k.com/book/1738518.html'>\u300a\u738b\u724c\u5bc6\u63a2\u300b</a>\u6765\u8bbf\uff0c\u5df2\u6536\u85cf\uff0c\u6b22\u8fce\u56de\u8bbf\uff0c\u6709\u8bbf\u5fc5\u56de"}, {"userName": "\u4e07\u4e08\u7ea2\u5c18\u9ec4\u7cb1\u4e00\u68a6", "userReviewDate": "2016-01-10", "userURL": "http://user.17k.com/44487299", "userReview": "\u65b0\u4eba\u4e0d\u6613\uff0c\u8bf7\u591a\u652f\u6301\uff0c<a target='_blank' href='http://www.17k.com/book/1597664.html'>\u300a\u6211\u4e3a\u51cc\u5929\u300b</a>\u5341\u7ae0\u4ee5\u540e\u624d\u662f\u771f\u6b63\u7684\u5f00\u59cb"}, {"userName": "\u9ed1\u591c\u884c\u8d70\u7684\u767d\u7f8a", "userReviewDate": "2016-01-03", "userURL": "http://user.17k.com/44258914", "userReview": "\u4e91\u6b4c\u795e\u5b50\u643a<a target='_blank' href='http://www.17k.com/book/1572440.html'>\u300a\u9b54\u5c0a\u4e34\u4e16\u300b</a>\u6765\u8bbf\uff0c\u5927\u5927\u5199\u7684\u5f88\u597d\uff01\u6cbe\u70b9\u4eba\u6c14\uff0c\u65b0\u4eba\u65b0\u4e66\u6c42\u7f69"}, {"userName": "zhanqun", "userReviewDate": "2015-11-19", "userURL": "http://user.17k.com/16081023", "userReview": "<a target='_blank' href='http://www.17k.com/book/1461494.html'>\u300a\u5c0f\u6df7\u6df7\u7684\u751f\u6d3b\u300b</a>\u524d\u6765\u62dc\u8bbf \u65b0\u4e66\u8fd8\u8bf7\u5404\u4f4d\u5927\u5927\u591a\u591a\u652f\u6301 \uff1a\u5982\u679c\u6709\u559c\u6b22\u60ca\u609a\u5c0f\u8bf4\u7684\u53ef\u4ee5\u53bb\u770b\u4e00\u4e0b"}, {"userName": "\u68a6\u89c1\u82b1", "userReviewDate": "2015-11-17", "userURL": "http://user.17k.com/43773351", "userReview": "\u65b0\u4e66\u4e0a\u67b6 <a target='_blank' href='http://www.17k.com/book/1513706.html'>\u300a\u828a\u58a8\u300b</a>\u6c42\u70b9\u51fb\uff0c\u6c42\u6536\u85cf\uff01"}, {"userName": "\u594f\u68a6", "userReviewDate": "2015-11-10", "userURL": "http://user.17k.com/43483999", "userReview": "\u6765\u8bbf\uff0c\u4f5c\u8005\u52a0\u6cb9\uff0c\u518d\u63a5\u518d\u5389\uff01\u4e00\u6735\u82b1\u82b1\u9001\u4e0a<a target='_blank' href='http://www.17k.com/book/1500325.html'>\u300a\u4e94\u53e3\u541e\u5929\u4e0b\u300b</a>"}, {"userName": "\u98ce\u6d41\u6d6a\u513f", "userReviewDate": "2015-08-19", "userURL": "http://user.17k.com/10098209", "userReview": "<a target='_blank' href='http://www.17k.com/book/308759.html'>\u300a\u6b7b\u4ea1\u8be1\u57df\u300b</a><a target='_blank' href='http://www.17k.com/book/898114.html'>\u300a\u5251\u88ad\u6c5f\u6e56\u300b</a>\u66f4\u65b0\u5566\uff0c\u6c42\u652f\u6301\uff0c\u6c42\u8bc4\u8bba|\uff01\uff01"}], "description": "\u4e3b\u4eba\u516c\u51cc\u51e1\uff0c\u4e00\u4e2a\u666e\u901a\u7684\u9ad8\u4e2d\u751f\uff0c\u65e0\u610f\u4e2d\u62ff\u5230\u6cd5\u533b\u54e5\u54e5\u51cc\u67ab\u9057\u7559\u7ed9\u81ea\u5df1\u7684\u795e\u79d8\u5907\u5fd8\u5f55\uff0c\u4ece\u6b64\u4e0e\u795e\u79d8\u7ec4\u7ec7HIT\u2014\u2014\u7279\u522b\u884c\u52a8\u7ec4\u7684\u6210\u5458\u4e00\u8d77\u5c55\u5f00\u4e00\u6bb5\u795e\u5947\u800c\u60ca\u9669\u7684\u5192\u9669\u3002\u4ed6\u4eec\u6240\u6267\u7740\u7684\u4fe1\u5ff5\u4fbf\u662f\u2018\u6076\u5fc5\u6740\u2019\uff01\u65e0\u60c5\u5730\u6495\u7834\u90a3\u8986\u76d6\u5728\u4e00\u4e2a\u53c8\u4e00\u4e2a\u60ca\u609a\u6050\u6016\u6848\u4ef6\u4e0a\u7684\u91cd\u91cd\u8ff7\u96fe\uff0c\u5c06\u771f\u76f8\u8fd8\u539f\uff0c\u56e0\u4e3a\u771f\u76f8\u6c38\u8fdc\u53ea\u6709\u4e00\u4e2a\u3002\u897f\u85cf\u5deb\u5492\u3001\u7f51\u7edc\u51f6\u7075\u3001\u534a\u8138\u9b3c\u5f71\u3001\u566c\u8840\u9b54\u59ec\u3001\u6deb\u7cbe\u72d0\u4ed9\u3001\u6559\u5ba4\u6709\u9b3c\u3001\u8d64\u8138\u684c\u4ed9\u3001\u6740\u4eba\u6e38\u620f\u2026\u9ed1\u6697\u4e2d\u4f38\u51fa\u4e00\u6839\u6839\u6495\u6293\u7740\u4eba\u7684\u8eab\u4f53\u5543\u566c\u7740\u9c9c\u8840\u7684\u4e11\u964b\u89e6\u624b\uff0c\u5b83\u4eec\u75af\u72c2\u6b8b\u5fcd\u5730\u7ede\u5728\u4e00\u8d77\uff0c\u5728\u9ed1\u8272\u7684\u591c\u5e55\u4e2d\u6495\u626f\u51fa\u4e94\u4e2a\u5b57\uff1a\u6cd5\u533b\u7075\u5f02\u5f55\uff01\u3000\u3000\u2014\u2014\u2014\u2014\u2014\u2014\u2014\u2014\u2014\u2014\u2014\u2014\u2014\u2014\u2014\u2014\u2014\u2014\u2014\u2014\u2014\u2014\u2014\u2014\u2014\u2014\u2014\u2014\u2014\u2014\u3000\u3000\u65b0\u4e66\u300a\u533b\u624b\u906e\u5929\u300b\u5df2\u7ecf\u51fa\u7089\uff0c\u8fd8\u671b\u53cb\u53cb\u4eec\u652f\u6301\uff01", "title": "\u6cd5\u533b\u7075\u5f02\u5f55", "url": "http://www.17k.com/book/102379.html", "average": -1.0, "cover": "http://img.17k.com/images/bookcover/2012/511/2/102379.jpg", "reviews": 2119959, "authors": [{"url": "http://www.17k.com/zuozhe/3591599", "name": "\u756a\u8304\u6b7b\u4e0d\u4e86"}], "type": ["\u4fa6\u63a2\u63a8\u7406"], "outlinks": ["http://www.17k.com/book/2794982.html", "http://www.17k.com/book/2801292.html", "http://www.17k.com/book/2816318.html", "http://www.17k.com/book/2797575.html", "http://www.17k.com/book/2802516.html", "http://www.17k.com/book/2812195.html", "http://www.17k.com/book/2820143.html", "http://www.17k.com/book/2807943.html", "http://www.17k.com/book/2813457.html", "http://www.17k.com/book/2798058.html", "http://www.17k.com/book/2815617.html", "http://www.17k.com/book/2805259.html", "http://www.17k.com/book/2760255.html", "http://www.17k.com/book/2686894.html", "http://www.17k.com/book/2797016.html", "http://www.17k.com/book/2767246.html", "http://www.17k.com/book/2764239.html", "http://www.17k.com/book/2754498.html", "http://www.17k.com/book/2754900.html", "http://www.17k.com/book/2625740.html", "http://www.17k.com/book/2213315.html", "http://www.17k.com/book/2402178.html", "http://www.17k.com/book/2691221.html", "http://www.17k.com/book/2210699.html", "http://www.17k.com/book/1797752.html", "http://www.17k.com/book/2575507.html", "http://www.17k.com/book/2705181.html", "http://www.17k.com/book/2702539.html", "http://www.17k.com/book/2474887.html", "http://www.17k.com/book/2674733.html", "http://www.17k.com/book/2822076.html", "http://www.17k.com/book/2809894.html", "http://www.17k.com/book/2822077.html", "http://www.17k.com/book/2811930.html", "http://www.17k.com/book/2815548.html", "http://www.17k.com/book/2819620.html", "http://www.17k.com/book/2809964.html", "http://www.17k.com/book/2808200.html", "http://www.17k.com/book/2820100.html", "http://www.17k.com/book/2822978.html", "http://www.17k.com/book/2804337.html", "http://www.17k.com/book/2798814.html", "http://www.17k.com/book/2785153.html", "http://www.17k.com/book/2731559.html", "http://www.17k.com/book/2722533.html", "http://www.17k.com/book/2458377.html", "http://www.17k.com/book/2743300.html", "http://www.17k.com/book/973809.html", "http://www.17k.com/book/2651367.html", "http://www.17k.com/book/2726194.html", "http://www.17k.com/book/2790214.html", "http://www.17k.com/book/493239.html", "http://www.17k.com/book/108821.html", "http://www.17k.com/book/1398783.html", "http://www.17k.com/book/83528.html", "http://www.17k.com/book/1859126.html", "http://www.17k.com/book/1741975.html", "http://www.17k.com/book/192453.html", "http://www.17k.com/book/2459058.html", "http://www.17k.com/book/1050747.html", "http://www.17k.com/book/2700315.html", "http://www.17k.com/book/2818940.html", "http://www.17k.com/book/2819519.html", "http://www.17k.com/book/2816390.html", "http://www.17k.com/book/2819588.html", "http://www.17k.com/book/2813768.html", "http://www.17k.com/book/2822406.html", "http://www.17k.com/book/2772164.html", "http://www.17k.com/book/2784023.html", "http://www.17k.com/book/2811877.html", "http://www.17k.com/book/2809119.html", "http://www.17k.com/book/2803700.html", "http://www.17k.com/book/2819561.html", "http://www.17k.com/book/2746506.html", "http://www.17k.com/book/2811836.html", "http://www.17k.com/book/2614810.html", "http://www.17k.com/book/1592435.html", "http://www.17k.com/book/1949748.html", "http://www.17k.com/book/2265802.html", "http://www.17k.com/book/2743240.html", "http://www.17k.com/book/2657437.html", "http://www.17k.com/book/2644502.html", "http://www.17k.com/book/2199900.html", "http://www.17k.com/book/2725436.html", "http://www.17k.com/book/2629978.html"]}