{"ratings": -1, "userreviews": [{"userName": "\u6ca7\u8584\u9752\u6625", "userReviewDate": "2018-06-02", "userURL": "http://user.17k.com/41488049", "userReview": "\u6492\u82b1~~~\u6492\u82b1~~~~"}], "description": "\u5341\u5e74\u8001\u5175\u6797\u6960\uff0c\u4e3a\u4e86\u5c65\u884c\u627f\u8bfa\u7ed9\u672a\u5a5a\u59bb\u4e00\u4e2a\u5a5a\u793c\uff0c\u6bc5\u7136\u8f6c\u4e1a\u56de\u5f52\u90fd\u5e02\u3002\u5f52\u6765\u540e\u5374\u53d1\u73b0\u672a\u5a5a\u59bb\u906d\u9047\u4e0d\u6d4b\uff0c\u610f\u5916\u8eab\u6545\uff0c\u800c\u51f6\u624b\u4f9d\u7136\u900d\u9065\u6cd5\u5916\u3002\u6fd2\u4e34\u5d29\u6e83\u8fb9\u7f18\u7684\u6797\u6960\u4e3a\u4e86\u81ea\u6211\u6551\u8d4e\uff0c\u5316\u8eab\u4e3a\u6697\u591c\u4f7f\u8005\uff0c\u8fd9\u4e2a\u57ce\u5e02\u7684\u5b88\u62a4\u8005\uff0c\u4e00\u4e2a\u4e13\u95e8\u6e05\u7406\u8fd9\u4e2a\u57ce\u5e02\u6c61\u57a2\u7684\u6e05\u6d01\u5de5\uff0c\u6597\u6d41\u6c13\uff0c\u64d2\u8d3c\u4eba\uff0c\u6467\u6bc1\u4e00\u4e2a\u4e2a\u9ed1\u6697\u56e2\u4f19\uff0c\u6363\u6bc1\u4e00\u4e2a\u4e2a\u7f6a\u6076\u7a9d\u70b9\uff0c\u7ed3\u679c\u5374\u4ee4\u81ea\u5df1\u4e00\u6b65\u6b65\u9677\u5165\u5371\u9669\u5883\u5730\u3002\u5728\u6b64\u8fc7\u7a0b\u4e2d\uff0c\u6797\u6960\u6e10\u6e10\u53d1\u73b0\uff0c\u672a\u5a5a\u59bb\u7684\u6b7b\u4ea1\u80cc\u540e\u7adf\u7136\u53e6\u6709\u9690\u60c5\uff0c\u6240\u8c13\u7684\u51f6\u624b\u4e5f\u7591\u70b9\u91cd\u91cd\u3002\u4e3a\u4e86\u627e\u5230\u672a\u5a5a\u59bb\u6b7b\u4ea1\u771f\u76f8\uff0c\u5e76\u4e3a\u5176\u62a5\u4ec7\uff0c\u6797\u6960\u62bd\u4e1d\u5265\u8327\uff0c\u6b65\u6b65\u7d27\u903c\uff0c\u5374\u53d1\u73b0\u81ea\u8eab\u5df2\u7ecf\u9677\u5165\u4e00\u573a\u5de8\u5927\u7684\u9634\u8c0b\u4e4b\u4e2d\uff0c\u4e00\u4e2a\u4e2a\u5bf9\u624b\u63a5\u8e35\u800c\u81f3\uff0c\u4e00\u4e2a\u4e2a\u9677\u9631\u6e29\u67d4\u751c\u871c\uff0c\u4ee4\u4eba\u9632\u4e0d\u80dc\u9632\u3002\u6700\u540e\u5f53\u4ed6\u53d1\u73b0\u51f6\u624b\u7adf\u7136\u662f\u81ea\u5df1\u6700\u4eb2\u5bc6\u7684\u4eba\u7684\u65f6\u5019\uff0c\u4ed6\u5230\u5e95\u8be5\u600e\u4e48\u505a\u5462\uff1f", "title": "\u6cd5\u5916\u4e4b\u5730\uff1a\u5728\u4eba\u95f4", "url": "http://www.17k.com/book/2832392.html", "average": -1.0, "cover": "http://img.17k.com/images/bookcover/default_cover1.jpg", "reviews": 431, "authors": [{"url": "http://www.17k.com/zuozhe/62325841", "name": "\u9a6c\u6587\u83dc"}], "type": ["\u90fd\u5e02\u6fc0\u6218"], "outlinks": ["http://www.17k.com/book/2794982.html", "http://www.17k.com/book/2801292.html", "http://www.17k.com/book/2816318.html", "http://www.17k.com/book/2797575.html", "http://www.17k.com/book/2802516.html", "http://www.17k.com/book/2812195.html", "http://www.17k.com/book/2820143.html", "http://www.17k.com/book/2807943.html", "http://www.17k.com/book/2813457.html", "http://www.17k.com/book/2798058.html", "http://www.17k.com/book/2815617.html", "http://www.17k.com/book/2805259.html", "http://www.17k.com/book/2760255.html", "http://www.17k.com/book/2686894.html", "http://www.17k.com/book/2797016.html", "http://www.17k.com/book/2767246.html", "http://www.17k.com/book/2764239.html", "http://www.17k.com/book/2754498.html", "http://www.17k.com/book/2754900.html", "http://www.17k.com/book/2625740.html", "http://www.17k.com/book/2213315.html", "http://www.17k.com/book/2402178.html", "http://www.17k.com/book/2691221.html", "http://www.17k.com/book/2210699.html", "http://www.17k.com/book/1797752.html", "http://www.17k.com/book/2575507.html", "http://www.17k.com/book/2705181.html", "http://www.17k.com/book/2702539.html", "http://www.17k.com/book/2474887.html", "http://www.17k.com/book/2674733.html", "http://www.17k.com/book/2822076.html", "http://www.17k.com/book/2809894.html", "http://www.17k.com/book/2822077.html", "http://www.17k.com/book/2811930.html", "http://www.17k.com/book/2815548.html", "http://www.17k.com/book/2819620.html", "http://www.17k.com/book/2809964.html", "http://www.17k.com/book/2808200.html", "http://www.17k.com/book/2820100.html", "http://www.17k.com/book/2822978.html", "http://www.17k.com/book/2804337.html", "http://www.17k.com/book/2798814.html", "http://www.17k.com/book/2785153.html", "http://www.17k.com/book/2731559.html", "http://www.17k.com/book/2722533.html", "http://www.17k.com/book/2458377.html", "http://www.17k.com/book/2743300.html", "http://www.17k.com/book/973809.html", "http://www.17k.com/book/2651367.html", "http://www.17k.com/book/2726194.html", "http://www.17k.com/book/2790214.html", "http://www.17k.com/book/493239.html", "http://www.17k.com/book/108821.html", "http://www.17k.com/book/1398783.html", "http://www.17k.com/book/83528.html", "http://www.17k.com/book/1859126.html", "http://www.17k.com/book/1741975.html", "http://www.17k.com/book/192453.html", "http://www.17k.com/book/2459058.html", "http://www.17k.com/book/1050747.html", "http://www.17k.com/book/2700315.html", "http://www.17k.com/book/2818940.html", "http://www.17k.com/book/2819519.html", "http://www.17k.com/book/2816390.html", "http://www.17k.com/book/2819588.html", "http://www.17k.com/book/2813768.html", "http://www.17k.com/book/2822406.html", "http://www.17k.com/book/2772164.html", "http://www.17k.com/book/2784023.html", "http://www.17k.com/book/2811877.html", "http://www.17k.com/book/2809119.html", "http://www.17k.com/book/2803700.html", "http://www.17k.com/book/2819561.html", "http://www.17k.com/book/2746506.html", "http://www.17k.com/book/2811836.html", "http://www.17k.com/book/2614810.html", "http://www.17k.com/book/1592435.html", "http://www.17k.com/book/1949748.html", "http://www.17k.com/book/2265802.html", "http://www.17k.com/book/2743240.html", "http://www.17k.com/book/2657437.html", "http://www.17k.com/book/2644502.html", "http://www.17k.com/book/2199900.html", "http://www.17k.com/book/2725436.html", "http://www.17k.com/book/2629978.html"]}