{"ratings": -1, "userreviews": [{"userName": "\u9b3c\u83e9\u8428", "userReviewDate": "2017-03-05", "userURL": "http://user.17k.com/52421089", "userReview": "\u5927\u53d4\u7684\u4e66\u73b0\u5728\u53ea\u5728\u7fa4\u91cc\u53d1\uff0c\u8fdb\u7fa4\u7684\u4eba\u8981\u4fdd\u8bc1\u81ea\u5df1\u662f\u8bfb\u8005\uff0c\u800c\u4e14\u53ea\u662f\u4e3a\u4e86\u770b\u4e66\u7684\u8bfb\u8005\uff0c\u7fa4\u53f7\u4e0a\u9762\u6709\uff0c\u5927\u5bb6\u53ef\u4ee5\u7533\u8bf7\uff0c\u7533\u8bf7\u7684\u65f6\u5019\u6ce8\u660e\u81ea\u5df1\u662f\u8bfb\u8005\u662f\u8c01\uff1f\u597d\u4e86\u795d\u5927\u5bb6\u770b\u4e66\u6109\u5feb\u4e48\u4e48\u54d2"}, {"userName": "\u677e\u54e5456982258", "userReviewDate": "2018-04-22", "userURL": "http://user.17k.com/45277965", "userReview": "\u4ec0\u4e48\u8be5\u6b7b\u7684\u662f\u79e6\u826f\u7389\uff0c\u4e0d\u662f\u9a6c\u5343\u4e58\uff0c\u6240\u4ee5\uff0c\u9634\u66f9\u5224\u5b98\u524d\u6765\u4e3a\u4ed6\u4eec\u8c03\u4e2a\u3002\u5c14\u540e\uff0c\u9a6c\u5343\u4e58\u7528\u79e6\u826f\u7389\u7684\u8eaf\u4f53\u7ee7\u7eed\u6d3b\u4e0b\u53bb\u3002\u7136\u540e\uff0c\u4e2d\u8377\u6df7\u8840\u7684\u79e6\u660e\u6708\u53c8\u662f\u79e6\u826f\u7389\u7684\u4eca\u751f\uff0c\u5728\u76d1\u72f1\u7684\u5395\u6240\u78b0\u5230\u592a\u9633\u7a74\u4e4b\u540e\u6b7b\u4e86\uff0c\u79e6\u826f\u7389\u53c8\u6765\u5230\u4e86\u8fd9\u5177\u8eab\u4f53&middot;&middot;&middot;&middot;&middot;&middot;&middot;&middot;&middot;\u3002\u4f60\u771f\u6562\u60f3\u554a\uff01\u4f69\u670d\uff01"}, {"userName": "\u54d1\u516b", "userReviewDate": "2018-03-02", "userURL": "http://user.17k.com/37525696", "userReview": "[\u6253\u8d4f]\u6211\u6253\u8d4f\u4e862\u5143\u7ea2\u5305\uff01\uff01"}, {"userName": "\u54d1\u516b", "userReviewDate": "2018-02-25", "userURL": "http://user.17k.com/37525696", "userReview": "\u6765\u7ed9\u5927\u795e\u9001\u82b1"}, {"userName": "\u54d1\u516b", "userReviewDate": "2018-02-24", "userURL": "http://user.17k.com/37525696", "userReview": "[\u6253\u8d4f]\u6211\u6253\u8d4f\u4e862\u5143\u7ea2\u5305\uff01\uff01"}, {"userName": "\u54d1\u516b", "userReviewDate": "2018-02-22", "userURL": "http://user.17k.com/37525696", "userReview": "\u6765\u7ed9\u9b3c\u706b\u5927\u5927\u76d6\u7ae0\u9001\u82b1"}, {"userName": "\u54d1\u516b", "userReviewDate": "2018-02-19", "userURL": "http://user.17k.com/37525696", "userReview": "\u6765\u7ed9\u5927\u795e\u9001\u82b1"}, {"userName": "\u54d1\u516b", "userReviewDate": "2018-02-18", "userURL": "http://user.17k.com/37525696", "userReview": "\u60f3\u6c42\u6559\u5927\u795e\uff0c\u4e00\u822c\u9891\u9053\u7684\u7f16\u8f91\u5728\u54ea\u627e\u5462\uff0c\u770b\u89c1\u7684\u8bdd\u65b9\u4fbf\u544a\u8bc9\u4e00\u4e0b\uff0c\u7ed9\u5927\u795e\u76d6\u7ae0\u7559\u8c22"}, {"userName": "\u54d1\u516b", "userReviewDate": "2018-02-18", "userURL": "http://user.17k.com/37525696", "userReview": "\u5077\u5077\u7ed9\u5927\u795e\u76d6\u7ae0"}, {"userName": "\u54d1\u516b", "userReviewDate": "2018-02-17", "userURL": "http://user.17k.com/37525696", "userReview": "\u5927\u795e\u7684\u6177\u6168\u662f\u6211\u89c1\u8fc7\u5927\u795e\u91cc\u9762\u6700\u6177\u6168\u7684\uff0c\u7279\u522b\u6765\u795d\u798f\u5927\u795e\u8d8a\u5199\u8d8a\u597d\uff0c\u987a\u4fbf\u9001\u4e0a\u82b1\u82b1"}, {"userName": "\u54d1\u516b", "userReviewDate": "2018-02-16", "userURL": "http://user.17k.com/37525696", "userReview": "\u518d\u7ed9\u5927\u795e\u76d6\u4e00\u4e2a\uff0c\u521a\u624d\u597d\u50cf\u6ca1\u76d6\u4e0a\uff0c\u7b97\u4e86\uff0c\u4e0d\u7ba1\u76d6\u6ca1\u76d6\u4e0a\uff0c\u8fd9\u4e2a\u7ae0\u90fd\u8be5\u611f\u8c22\u5927\u795e\uff0c\u6c42\u4e2a\u795e\u576a\u7f6e\u9876\uff0c\u518d\u9644\u4e0a\u66f4\u5927\u7684\u7ae0\uff0c\u8f9b\u82e6\u5927\u795e\u4e86"}, {"userName": "\u54d1\u516b", "userReviewDate": "2018-02-16", "userURL": "http://user.17k.com/37525696", "userReview": "\u5367\u69fd\uff0c\u9b3c\u706b\u672c\u5c0a\uff0c\u6fc0\u52a8\u554a"}, {"userName": "\u54d1\u516b", "userReviewDate": "2018-02-15", "userURL": "http://user.17k.com/37525696", "userReview": "\u65b0\u5e74\u5feb\u4e50\uff0c\u8c22\u8c22\u5927\u795e\u7684\u82b1\uff0c\u76d6\u7ae0\u8c22\u8fc7"}, {"userName": "\u54d1\u516b", "userReviewDate": "2018-02-15", "userURL": "http://user.17k.com/37525696", "userReview": "\u4e0d\u8981\u603b\u662f\u5077\u5077\u9001\u82b1\uff0c\u5bb3\u7684\u6211\u53ea\u80fd\u7ed9\u60a8\u5077\u5077\u76d6\u7ae0\u548c\u9001\u82b1\u611f\u8c22\u60a8\u4e86"}, {"userName": "\u9ec4\u74dc\u7684\u5bbf\u547d", "userReviewDate": "2018-02-14", "userURL": "http://user.17k.com/53195742", "userReview": "<a target='_blank' href='http://www.17k.com/book/2377865.html'>\u300a\u81f3\u9738\u82cd\u751f\u8bc0\u300b</a>\u6765\u8bbf\uff0c\u6c42\u652f\u6301\u6c42\u6269\u6563\uff0c\u87f9\u87f9\u3002"}, {"userName": "\u54d1\u516b", "userReviewDate": "2018-02-14", "userURL": "http://user.17k.com/37525696", "userReview": "<span style='color:black'>\u6765\u7ed9\u5927\u795e\u9001\u4e0a\u72d7\u5e74\u7684\u795d\u798f\uff0c\u548c\u82b1\u82b1</span>"}, {"userName": "\u54d1\u516b", "userReviewDate": "2018-02-13", "userURL": "http://user.17k.com/37525696", "userReview": "\u5927\u795e\u9001\u82b1\u90fd\u5077\u5077\u6478\u6478\u7684\u9001\u5417\uff0c\u7ed9\u5927\u795e\u76d6\u4e2a\u7ae0\uff0c\u611f\u8c22\u5927\u795e\u7684\u6765\u8bbf\u548c\u9001\u82b1\uff0c\u8c22\u8c22\u60a8"}, {"userName": "\u54d1\u516b", "userReviewDate": "2018-02-10", "userURL": "http://user.17k.com/37525696", "userReview": "\u8d8a\u8bfb\u8d8a\u5f00\u5fc3\uff0c\u7ed9\u5927\u795e\u76d6\u4e2a\u7ae0\uff0c\u9001\u4e0a\u82b1\u82b1\uff0c\u592a\u597d\u770b\u4e86"}, {"userName": "\u54d1\u516b", "userReviewDate": "2018-01-27", "userURL": "http://user.17k.com/37525696", "userReview": "\u5927\u795e\u7684\u6587\u592a\u68d2\u4e86\uff0c\u90fd\u4e0d\u77e5\u9053\u600e\u4e48\u5938\u4e86\uff0c\u82e5\u4e0d\u5acc\u5f03\uff0c\u5e0c\u671b\u60a8\u80fd\u4eb2\u4e34\u6307\u5bfc\u4e00\u4e0b\u5c0f\u767d\uff0c\u5148\u8c22\u8fc7\u4e86\uff0c\u5df2\u6536\u85cf\u9001\u82b1"}, {"userName": "\u70df\u96e8\u9152", "userReviewDate": "2018-01-06", "userURL": "http://user.17k.com/57369971", "userReview": "\u5927\u5927\u665a\u597d\uff01\u6709\u7a7a\u6765\u770b\u770b\u60d8\u60d8\u5427"}], "description": "\u201c\u4e0d\u7ba1\u4f60\u5224\u591a\u5c11\u5e74\uff0c\u6211\u90fd\u4f1a\u7b49\u4f60\uff01\u201d\u3000\u3000\u8fd9\u662f\u5728\u5f97\u77e5\u5979\u7684\u771f\u5b9e\u8eab\u4efd\u540e\uff0c\u4ed6\u5bf9\u5979\u8bf4\u7684\u8bdd\u3002\u3000\u3000\u4ed6\u662f\u88ab\u4e8b\u4e1a\u3001\u7231\u60c5\u3001\u5bb6\u4e16\u4e09\u91cd\u5149\u73af\u7b3c\u7f69\u7740\u7684\u5e78\u8fd0\u513f\uff0c\u4e5f\u662f\u6740\u4f10\u51b3\u65ad\u3001\u9f0e\u9f0e\u5927\u540d\u7684\u5211\u8b66\u961f\u5927\u961f\u957f\u3002\u3000\u3000\u5979\u662f\u4ee3\u592b\u8eab\u4ea1\uff0c\u9b42\u7a7f\u73b0\u4ee3\u7684\u5973\u5c06\u519b\uff0c\u662f\u4e00\u4e2a\u5931\u53bb\u4e86\u524d\u4e16\u5dfe\u5e3c\u82f1\u96c4\u7684\u5149\u73af\uff0c\u8fdc\u79bb\u524d\u4e16\u6240\u6709\u4eb2\u4eba\u548c\u7231\u4eba\u7684\u5973\u72af\u4eba\u3002\u3000\u3000\u8fd9\u662f\u4e00\u6bb5\u4e0d\u88ab\u4e16\u4eba\u770b\u597d\u548c\u8ba4\u53ef\u7684\u7231\u60c5\uff0c\u5386\u7ecf\u78e8\u96be\u548c\u574e\u5777\uff0c\u4ed6\u4eec\u4e8c\u4eba\u80fd\u5426\u8d70\u5230\u4e00\u8d77\uff1f\u3000\u3000\u5230\u5e95\u662f\u7231\u60c5\u5728\u6cd5\u5f8b\u9762\u524d\u4f4e\u5934\uff0c\u8fd8\u662f\u6cd5\u5f8b\u5728\u7231\u60c5\u9762\u524d\u4fef\u9996\uff1f\u3000\u3000\u51e1\u6c14\u5206\u6e05\u6d4a\uff0c\u6e05\u6d4a\u76f8\u62b5\u5176\u6c14\u65b9\u80fd\u987a\u7545\uff0c\u770b\u5b88\u6240\u548c\u76d1\u72f1\u91cc\u7684\u6c14\u592a\u6d4a\u4e86\uff01\u3000\u3000\u7eb5\u89c2\u6b64\u5c0f\u8bf4\uff0c\u4f60\u770b\u5230\u7684\u4e0d\u4ec5\u4ec5\u662f\u4e00\u6bb5\u611f\u4eba\u81f3\u6df1\u7684\u7231\u60c5\u6545\u4e8b\uff0c\u4f60\u770b\u5230\u7684\u8fd8\u6709\u9ed1\u6697\u4e0e\u5149\u660e\u4ea4\u7ec7\u4e0b\u7684\u7279\u6b8a\u73af\u5883\u91cc\u7684\u771f\u5b9e\u751f\u6d3b\u3002", "title": "\u6cd5\u7f51\u771f\u60c5", "url": "http://www.17k.com/book/1758145.html", "average": -1.0, "cover": "http://img.17k.com/images/bookcover/2017/8790/43/1758145-1484323499000.jpg", "reviews": 1477045, "authors": [{"url": "http://www.17k.com/zuozhe/45659628", "name": "\u9b3c\u4f19"}], "type": ["\u7075\u5f02\u5947\u8c08"], "outlinks": ["http://www.17k.com/book/2794982.html", "http://www.17k.com/book/2801292.html", "http://www.17k.com/book/2816318.html", "http://www.17k.com/book/2797575.html", "http://www.17k.com/book/2802516.html", "http://www.17k.com/book/2812195.html", "http://www.17k.com/book/2820143.html", "http://www.17k.com/book/2807943.html", "http://www.17k.com/book/2813457.html", "http://www.17k.com/book/2798058.html", "http://www.17k.com/book/2815617.html", "http://www.17k.com/book/2805259.html", "http://www.17k.com/book/2760255.html", "http://www.17k.com/book/2686894.html", "http://www.17k.com/book/2797016.html", "http://www.17k.com/book/2767246.html", "http://www.17k.com/book/2764239.html", "http://www.17k.com/book/2754498.html", "http://www.17k.com/book/2754900.html", "http://www.17k.com/book/2625740.html", "http://www.17k.com/book/2213315.html", "http://www.17k.com/book/2402178.html", "http://www.17k.com/book/2691221.html", "http://www.17k.com/book/2210699.html", "http://www.17k.com/book/1797752.html", "http://www.17k.com/book/2575507.html", "http://www.17k.com/book/2705181.html", "http://www.17k.com/book/2702539.html", "http://www.17k.com/book/2474887.html", "http://www.17k.com/book/2674733.html", "http://www.17k.com/book/2822076.html", "http://www.17k.com/book/2809894.html", "http://www.17k.com/book/2822077.html", "http://www.17k.com/book/2811930.html", "http://www.17k.com/book/2815548.html", "http://www.17k.com/book/2819620.html", "http://www.17k.com/book/2809964.html", "http://www.17k.com/book/2808200.html", "http://www.17k.com/book/2820100.html", "http://www.17k.com/book/2822978.html", "http://www.17k.com/book/2804337.html", "http://www.17k.com/book/2798814.html", "http://www.17k.com/book/2785153.html", "http://www.17k.com/book/2731559.html", "http://www.17k.com/book/2722533.html", "http://www.17k.com/book/2458377.html", "http://www.17k.com/book/2743300.html", "http://www.17k.com/book/973809.html", "http://www.17k.com/book/2651367.html", "http://www.17k.com/book/2726194.html", "http://www.17k.com/book/2790214.html", "http://www.17k.com/book/493239.html", "http://www.17k.com/book/108821.html", "http://www.17k.com/book/1398783.html", "http://www.17k.com/book/83528.html", "http://www.17k.com/book/1859126.html", "http://www.17k.com/book/1741975.html", "http://www.17k.com/book/192453.html", "http://www.17k.com/book/2459058.html", "http://www.17k.com/book/1050747.html", "http://www.17k.com/book/2700315.html", "http://www.17k.com/book/2818940.html", "http://www.17k.com/book/2819519.html", "http://www.17k.com/book/2816390.html", "http://www.17k.com/book/2819588.html", "http://www.17k.com/book/2813768.html", "http://www.17k.com/book/2822406.html", "http://www.17k.com/book/2772164.html", "http://www.17k.com/book/2784023.html", "http://www.17k.com/book/2811877.html", "http://www.17k.com/book/2809119.html", "http://www.17k.com/book/2803700.html", "http://www.17k.com/book/2819561.html", "http://www.17k.com/book/2746506.html", "http://www.17k.com/book/2811836.html", "http://www.17k.com/book/2614810.html", "http://www.17k.com/book/1592435.html", "http://www.17k.com/book/1949748.html", "http://www.17k.com/book/2265802.html", "http://www.17k.com/book/2743240.html", "http://www.17k.com/book/2657437.html", "http://www.17k.com/book/2644502.html", "http://www.17k.com/book/2199900.html", "http://www.17k.com/book/2725436.html", "http://www.17k.com/book/2629978.html"]}