{"ratings": -1, "userreviews": [{"userName": "\u4f60\u7b97\u54ea\u4e2a\u5c0f\u8349\u8393", "userReviewDate": "2018-04-14", "userURL": "http://user.17k.com/60318700", "userReview": "\u65b0\u4e66\u6c42\u6536\u85cf\u6c42\u63a8\u8350\uff0c\u5c0f\u4ed9\u5973\u4eec\u7fa4\u4e48\u4e48~~"}, {"userName": "17K\u4e66\u53cbL6GKJRCV", "userReviewDate": "2018-05-28", "userURL": "http://user.17k.com/62276938", "userReview": "\u5567\u5567\uff0c\u4e2d\u836f\u4e86\uff1f"}, {"userName": "\u8fd1\u536b\u519b\u56e2\u957f", "userReviewDate": "2018-05-25", "userURL": "http://user.17k.com/51952599", "userReview": "\u738b\u5983\u52a0\u6cb9"}, {"userName": "17K\u4e66\u53cbTQU5BGKW", "userReviewDate": "2018-05-20", "userURL": "http://user.17k.com/60537518", "userReview": "\u5e0c\u671b\u4f5c\u8005\u80fd\u628a\u7537\u4e3b\u8eab\u4efd\u5199\u6e05\u695a\u4e00\u70b9\uff0c\u7537\u4e3b\u4e5f\u8be5\u88ab\u81ea\u5df1\u5c5e\u4e0b\u4ec0\u4e48\u7684\u53d1\u73b0\u5e76\u5e26\u56de\u4e86\u5427\u2026\u2026\uff08\u4e2a\u4eba\u5efa\u8bae\uff0c\u4ec5\u4f9b\u53c2\u8003\uff09"}, {"userName": "\u6708\u843d\u68a6\u8ffd\u5fc6", "userReviewDate": "2018-05-20", "userURL": "http://user.17k.com/57478135", "userReview": "\u65e0\u9999\u59d0\u8282\u65e5\u6109\u5feb\uff0c\u6c6aemmmm"}, {"userName": "17K\u4e66\u53cbKSN735MV", "userReviewDate": "2018-05-13", "userURL": "http://user.17k.com/61750716", "userReview": "\u5f88\u597d\u770b\u8fd9\u4e00\u90e8\u5c0f\u8bf4\u3002"}, {"userName": "17K\u4e66\u53cbLOSR5PTJ", "userReviewDate": "2018-05-12", "userURL": "http://user.17k.com/61178823", "userReview": "\u4e0d\u9519\u4e0d\u9519 \u52a0\u6cb9"}, {"userName": "\u6708\u843d\u68a6\u8ffd\u5fc6", "userReviewDate": "2018-05-01", "userURL": "http://user.17k.com/57478135", "userReview": "\u8bf7\u6536\u4e0b\u8ffd\u5fc6\u7684\u4e00\u8bb0\u819d\u76d6\uff0c\u8282\u65e5\u6109\u5feb\u5440\u65e0\u9999(\u2267\u25bd\u2266)(<a target='_blank' href='http://user.17k.com/29481689'>@)</a>"}, {"userName": "\u53f6\u9675\u5b89", "userReviewDate": "2018-04-29", "userURL": "http://user.17k.com/59838971", "userReview": "\u524d\u6392\uff0c\u7ad9\u4f4d"}, {"userName": "\u5c0f\u61d2\u732a902143057", "userReviewDate": "2018-04-25", "userURL": "http://user.17k.com/43670353", "userReview": "\u52a0\u6cb9\uff01\u5927\u5927\u5df2\u6536\u85cf"}, {"userName": "\u665a\u98ce\u64a9\u88d9", "userReviewDate": "2018-04-25", "userURL": "http://user.17k.com/59706920", "userReview": "<span style='color:black'>\u643a\u65b0\u4e66<a target='_blank' href='http://www.17k.com/book/2816129.html'>\u300a\u5ae1\u5973\u4eac\u534e\u300b</a>\u524d\u6765\u62dc\u8bbf</span>"}, {"userName": "\u83ab\u5165\u51e1\u5c18\u884c\u4e4b\u4e3a\u8d35", "userReviewDate": "2018-04-23", "userURL": "http://user.17k.com/60476999", "userReview": "\u5e2e\u4f60\u7a0d\u5fae\u7684\u8f6c\u53d1\u4e86\u4e00\u4e0b\uff0c\u4e00\u76f4\u60f3\u627e\u4f60\u8fd9\u79cd\u7c7b\u578b\u7684\uff0c\u4e00\u76f4\u627e\u4e0d\u5230\uff0c\u7ed3\u679c\u5c31\u4f60\u8fd9\u4e00\u534a\uff0cso\uff0c\u975e\u5e38\u559c\u6b22\uff0c\u4e5f\u5e0c\u671b\u4f5c\u8005\u5927\u5927\u591a\u6765\u8d35\u5ea7\u8fd9\u6765\u505a\u4e00\u4e0b\u8bfb\u8005\u54e6\uff01\u8c22\u8c22\uff01"}, {"userName": "\u4f60\u7b97\u54ea\u4e2a\u5c0f\u8349\u8393", "userReviewDate": "2018-04-23", "userURL": "http://user.17k.com/60318700", "userReview": "\u559c\u6b22\u7684\u5c0f\u4ed9\u5973\u4eec\u8bb0\u5f97\u70b9\u4e0b\u6536\u85cf\u54df\uff01"}, {"userName": "\u590f\u6795", "userReviewDate": "2018-04-20", "userURL": "http://user.17k.com/60545960", "userReview": "\u597d\u770b\uff0c\u4f5c\u8005\u5927\u5927\u52a0\u6cb9\uff01"}, {"userName": "\u5317\u5e84", "userReviewDate": "2018-04-19", "userURL": "http://user.17k.com/57496771", "userReview": "\u652f\u6301\u5927\u5927\uff0c\u52a0\u6cb9\uff0c\u795d\u597d\u68a6"}, {"userName": "\u5fc6\u6893\u51dd\u9896", "userReviewDate": "2018-04-19", "userURL": "http://user.17k.com/45404027", "userReview": "\u633a\u597d\u770b\u7684\uff0c\u6536\u85cf\u4e86\uff0c\u4e00\u8d77\u52a0\u6cb9\u3002\u671b\u5927\u5927\u6709\u7a7a\u53bb\u51dd\u9896\u90a3\u91cc\u5750\u5750\uff0c\u51dd\u9896\u4f1a\u8bb0\u4f4f\u5e38\u6765\u7684\u3002"}], "description": "\u86ee\u4e0d\u8bb2\u7406\u7684\u4eba\u662f\u89c1\u591a\u4e86\uff0c\u8c01\u89c1\u8fc7\u86ee\u4e0d\u8bb2\u7406\u7684\u9b3c\uff1f\u3000\u3000\u960e\u738b\u7237\u7684\u4e00\u53e5\u8bdd\u5c31\u8ba9\u5979\u5931\u4e86\u9b42\uff0c\u7a7f\u8d8a\u5230\u4e86\u51e0\u5343\u5e74\u524d\u7684\u53e4\u4ee3\u3002\u5e78\u597d\u5e78\u597d\uff0c\u6dd8\u5b9d\u968f\u8eab\u800c\u6765\uff0c\u52a9\u5979\u7834\u4e94\u5173\u65a9\u516d\u5c06\uff0c\u8d70\u4e0a\u4eba\u751f\u5dc5\u5cf0\uff0c\u83b7\u5f97\u7f8e\u6ee1\u59fb\u7f18\u3002\u3000\u3000\u201c\u738b\u5983\u4ece\u4e0d\u505a\u4e8f\u672c\u7684\u4e70\u5356,\u8fd9\u4e9b\u4ea4\u6613\u91cc\u6700\u5f97\u610f\u7684\u662f\u4ec0\u4e48\uff1f\u201d\u3000\u3000\u201c\u81ea\u7136\u662f\u4e70\u4e00\u9001\u4e00\uff0c\u5c06\u4f60\u6536\u5165\u56ca\u4e2d\uff01\u201d", "title": "\u6dd8\u5b9d\u5c0f\u738b\u5983", "url": "http://www.17k.com/book/2790179.html", "average": -1.0, "cover": "http://img.17k.com/images/bookcover/2018/13950/69/2790179-1523502546000.jpg", "reviews": 26458, "authors": [{"url": "http://www.17k.com/zuozhe/60318700", "name": "\u895f\u82b1\u65e0\u9999"}], "type": ["\u7384\u5e7b\u4ed9\u4fa0"], "outlinks": ["http://www.17k.com/book/2794982.html", "http://www.17k.com/book/2801292.html", "http://www.17k.com/book/2816318.html", "http://www.17k.com/book/2797575.html", "http://www.17k.com/book/2802516.html", "http://www.17k.com/book/2812195.html", "http://www.17k.com/book/2820143.html", "http://www.17k.com/book/2807943.html", "http://www.17k.com/book/2813457.html", "http://www.17k.com/book/2798058.html", "http://www.17k.com/book/2815617.html", "http://www.17k.com/book/2805259.html", "http://www.17k.com/book/2760255.html", "http://www.17k.com/book/2686894.html", "http://www.17k.com/book/2797016.html", "http://www.17k.com/book/2767246.html", "http://www.17k.com/book/2764239.html", "http://www.17k.com/book/2754498.html", "http://www.17k.com/book/2754900.html", "http://www.17k.com/book/2625740.html", "http://www.17k.com/book/2213315.html", "http://www.17k.com/book/2402178.html", "http://www.17k.com/book/2691221.html", "http://www.17k.com/book/2210699.html", "http://www.17k.com/book/1797752.html", "http://www.17k.com/book/2575507.html", "http://www.17k.com/book/2705181.html", "http://www.17k.com/book/2702539.html", "http://www.17k.com/book/2474887.html", "http://www.17k.com/book/2674733.html", "http://www.17k.com/book/2822076.html", "http://www.17k.com/book/2809894.html", "http://www.17k.com/book/2822077.html", "http://www.17k.com/book/2811930.html", "http://www.17k.com/book/2815548.html", "http://www.17k.com/book/2819620.html", "http://www.17k.com/book/2809964.html", "http://www.17k.com/book/2808200.html", "http://www.17k.com/book/2820100.html", "http://www.17k.com/book/2822978.html", "http://www.17k.com/book/2804337.html", "http://www.17k.com/book/2798814.html", "http://www.17k.com/book/2785153.html", "http://www.17k.com/book/2731559.html", "http://www.17k.com/book/2722533.html", "http://www.17k.com/book/2458377.html", "http://www.17k.com/book/2743300.html", "http://www.17k.com/book/973809.html", "http://www.17k.com/book/2651367.html", "http://www.17k.com/book/2726194.html", "http://www.17k.com/book/2790214.html", "http://www.17k.com/book/493239.html", "http://www.17k.com/book/108821.html", "http://www.17k.com/book/1398783.html", "http://www.17k.com/book/83528.html", "http://www.17k.com/book/1859126.html", "http://www.17k.com/book/1741975.html", "http://www.17k.com/book/192453.html", "http://www.17k.com/book/2459058.html", "http://www.17k.com/book/1050747.html", "http://www.17k.com/book/2700315.html", "http://www.17k.com/book/2818940.html", "http://www.17k.com/book/2819519.html", "http://www.17k.com/book/2816390.html", "http://www.17k.com/book/2819588.html", "http://www.17k.com/book/2813768.html", "http://www.17k.com/book/2822406.html", "http://www.17k.com/book/2772164.html", "http://www.17k.com/book/2784023.html", "http://www.17k.com/book/2811877.html", "http://www.17k.com/book/2809119.html", "http://www.17k.com/book/2803700.html", "http://www.17k.com/book/2819561.html", "http://www.17k.com/book/2746506.html", "http://www.17k.com/book/2811836.html", "http://www.17k.com/book/2614810.html", "http://www.17k.com/book/1592435.html", "http://www.17k.com/book/1949748.html", "http://www.17k.com/book/2265802.html", "http://www.17k.com/book/2743240.html", "http://www.17k.com/book/2657437.html", "http://www.17k.com/book/2644502.html", "http://www.17k.com/book/2199900.html", "http://www.17k.com/book/2725436.html", "http://www.17k.com/book/2629978.html"]}