{"ratings": -1, "userreviews": [{"userName": "\u53f6\u60a0\u96ea", "userReviewDate": "2018-03-30", "userURL": "http://user.17k.com/45624114", "userReview": "\u5176\u5b9e\u6211\u89c9\u5f97\u837c\u837c\u7684\u5c0f\u8bf4\u60c5\u8282\u5f88\u4e30\u5bcc\u7684\u3002\u4e00\u76f4\u90fd\u5728\u8ba4\u771f\u7684\u5199\u5c0f\u8bf4\uff0c\u7ed9\u4f60\u70b9\u4e2a\u8d5e"}, {"userName": "\u53f6\u60a0\u96ea", "userReviewDate": "2018-03-30", "userURL": "http://user.17k.com/45624114", "userReview": "\u8fd9\u4e2a\u5c0f\u8bf4\u4e5f\u5f88\u4e0d\u9519\uff0c\u8d8a\u6765\u8d8a\u68d2\u4e86\uff0c\u52a0\u6cb9"}, {"userName": "\u8309\u8389\u82b1\u4e1b", "userReviewDate": "2018-03-10", "userURL": "http://user.17k.com/59690219", "userReview": "\u4f60\u8fd9\u4e2a\u540d\u5b57\u662f\u4ec0\u4e48\u610f\u601d\u554a"}, {"userName": "\u848b\u5b87\u98de8327", "userReviewDate": "2018-03-01", "userURL": "http://user.17k.com/57652012", "userReview": "<a target='_blank' href='http://www.17k.com/book/2672901.html'>\u300a\u960e\u7f57\u79d8\u53f2\u300b</a>\u6765\u8bbf\uff0c\u4e03\u6708\u65e9\u4e0a\u597d"}, {"userName": "\u8309\u8389\u82b1\u4e1b", "userReviewDate": "2018-02-28", "userURL": "http://user.17k.com/59690219", "userReview": "\u54c7\uff0c\u597d\u597d\u770b\u554a\uff0c\u6211\u89c9\u5f97\u4f60\u8fd9\u4e2a\u5c0f\u8bf4\uff0c\u5b8c\u5168\u6bd4\u6211\u5199\u5f97\u597d\uff0c\u4e0d\u8fc7\u4f60\u8fd9\u4e2a\u7cfb\u5217\u6bd4\u8f83\u51b7\u95e8\uff0c\u6240\u4ee5\u2026\u2026\uff0c\u4e0d\u8fc7\u52a0\u6cb9\u54e6\uff0c\u6211\u770b\u597d\u4f60"}, {"userName": "\u6101\u80a0\u4e00\u5bf8", "userReviewDate": "2018-02-19", "userURL": "http://user.17k.com/42858097", "userReview": "\u643a\u5e26<a target='_blank' href='http://www.17k.com/book/1404452.html'>\u300a\u4f34\u7b11\u6d6e\u751f\u68a6\u300b</a>\u524d\u6765\u5b66\u4e60\u4f5c\u8005\u4f73\u4f5c"}], "description": "\u7fbd\u843d\u56fd\u53f3\u76f8\u6155\u5bb9\u5b89\u5e7c\u5973\u6155\u5bb9\u4fcf\uff0c\u81ea\u5c0f\u987d\u52a3\u4e0d\u582a\u3002\u52a3\u8ff9\u79cd\u79cd\uff0c\u8ba9\u6155\u5bb9\u5b89\u5934\u75bc\u4e0d\u5df2\u3002\u4ed6\u641e\u4e0d\u61c2\uff1a\u4e3a\u4ec0\u4e48\u4e09\u4e2a\u5b69\u5b50\uff0c\u5c31\u5979\u4e00\u4e2a\u4e0d\u50cf\u662f\u4eb2\u751f\u7684\uff1f\u3000\u3000\u540e\u5bab\uff0c\u98ce\u8c32\u4e91\u8be1\uff1b\u671d\u5802\uff0c\u6697\u6d41\u6d8c\u52a8...\u5f53\u671d\u7687\u5e1d\u5343\u5fc6\u4f55\u751f\u6027\u591a\u7591\uff0c\u56e0\u4e3a\u6155\u5bb9\u5bb6\u5728\u671d\u4e2d\u9887\u6709\u5a01\u671b\uff0c\u5343\u5fc6\u4f55\u62c5\u5fc3\u4ed6\u4eec\u4f1a\u8054\u624b\u7be1\u4f4d\uff0c\u4e0d\u62e9\u624b\u6bb5\uff0c\u9010\u6e10\u4e00\u6b65\u6b65\u524a\u5f31\u6155\u5bb9\u5bb6\u7684\u52bf\u529b...\u3000\u3000\u9677\u5bb3\u3001\u4e0b\u6bd2\u3001\u6454\u6b7b\u81ea\u5df1\u7684\u4eb2\u751f\u7687\u5b50...\u5343\u5fc6\u4f55\u7684\u8ba1\u7b56\u73af\u73af\u76f8\u6263\u3002\u3000\u3000\u89e3\u6bd2\u3001\u5e73\u53cd\u3001\u719f\u8bfb\u653f\u4e66...\u6155\u5bb9\u4fcf\u4e0e\u5343\u5fc6\u4f55\u6597\u667a\u6597\u52c7\uff0c\u89c1\u62db\u62c6\u62db\u3002\u3000\u3000\u800c\u5f53\u6155\u5bb9\u4fcf\u597d\u4e0d\u5bb9\u6613\u5f97\u5230\u673a\u4f1a\uff0c\u53ef\u4ee5\u5728\u5343\u5fc6\u4f55\u9762\u524d\u5927\u5c55\u62f3\u811a\u65f6\uff0c\u5343\u5fc6\u4f55\u7ed9\u5979\u5e03\u7f6e\u7684\u8003\u9a8c\uff0c\u5c45\u7136\u662f\u5145\u65a5\u7740\u785d\u70df\u7684\u86ee\u5937\u6218\u573a...\u5979\u5316\u8eab\u519b\u5e08\uff0c\u516b\u9762\u73b2\u73d1\uff0c\u51ef\u65cb\u56de\u671d\uff01\u3000\u3000\u4e14\u770b\u5201\u86ee\u76f8\u5e9c\u5c0f\u59d0\u534e\u4e3d\u8715\u53d8\uff0c\u6d74\u706b\u6210\u4e3a\u5dfe\u5e3c\u4e0d\u8ba9\u987b\u7709\u7684\u4e00\u56fd\u5973\u4e1e\u76f8\uff0c\u8c31\u5199\u53f2\u8bd7\u65b0\u7bc7\u7ae0\uff01", "title": "\u6de1\u78e8\u660e\u955c\u7167\u6a90\u6979", "url": "http://www.17k.com/book/2774131.html", "average": -1.0, "cover": "http://img.17k.com/images/bookcover/2018/13870/69/2774131-1518088199000.jpg", "reviews": 894, "authors": [{"url": "http://www.17k.com/zuozhe/55454543", "name": "\u837c\u837c\u4e03\u6708"}], "type": ["\u5bab\u5ef7\u8d35\u65cf"], "outlinks": ["http://www.17k.com/book/2794982.html", "http://www.17k.com/book/2801292.html", "http://www.17k.com/book/2816318.html", "http://www.17k.com/book/2797575.html", "http://www.17k.com/book/2802516.html", "http://www.17k.com/book/2812195.html", "http://www.17k.com/book/2820143.html", "http://www.17k.com/book/2807943.html", "http://www.17k.com/book/2813457.html", "http://www.17k.com/book/2798058.html", "http://www.17k.com/book/2815617.html", "http://www.17k.com/book/2805259.html", "http://www.17k.com/book/2760255.html", "http://www.17k.com/book/2686894.html", "http://www.17k.com/book/2797016.html", "http://www.17k.com/book/2767246.html", "http://www.17k.com/book/2764239.html", "http://www.17k.com/book/2754498.html", "http://www.17k.com/book/2754900.html", "http://www.17k.com/book/2625740.html", "http://www.17k.com/book/2213315.html", "http://www.17k.com/book/2402178.html", "http://www.17k.com/book/2691221.html", "http://www.17k.com/book/2210699.html", "http://www.17k.com/book/1797752.html", "http://www.17k.com/book/2575507.html", "http://www.17k.com/book/2705181.html", "http://www.17k.com/book/2702539.html", "http://www.17k.com/book/2474887.html", "http://www.17k.com/book/2674733.html", "http://www.17k.com/book/2822076.html", "http://www.17k.com/book/2809894.html", "http://www.17k.com/book/2822077.html", "http://www.17k.com/book/2811930.html", "http://www.17k.com/book/2815548.html", "http://www.17k.com/book/2819620.html", "http://www.17k.com/book/2809964.html", "http://www.17k.com/book/2808200.html", "http://www.17k.com/book/2820100.html", "http://www.17k.com/book/2822978.html", "http://www.17k.com/book/2804337.html", "http://www.17k.com/book/2798814.html", "http://www.17k.com/book/2785153.html", "http://www.17k.com/book/2731559.html", "http://www.17k.com/book/2722533.html", "http://www.17k.com/book/2458377.html", "http://www.17k.com/book/2743300.html", "http://www.17k.com/book/973809.html", "http://www.17k.com/book/2651367.html", "http://www.17k.com/book/2726194.html", "http://www.17k.com/book/2790214.html", "http://www.17k.com/book/493239.html", "http://www.17k.com/book/108821.html", "http://www.17k.com/book/1398783.html", "http://www.17k.com/book/83528.html", "http://www.17k.com/book/1859126.html", "http://www.17k.com/book/1741975.html", "http://www.17k.com/book/192453.html", "http://www.17k.com/book/2459058.html", "http://www.17k.com/book/1050747.html", "http://www.17k.com/book/2700315.html", "http://www.17k.com/book/2818940.html", "http://www.17k.com/book/2819519.html", "http://www.17k.com/book/2816390.html", "http://www.17k.com/book/2819588.html", "http://www.17k.com/book/2813768.html", "http://www.17k.com/book/2822406.html", "http://www.17k.com/book/2772164.html", "http://www.17k.com/book/2784023.html", "http://www.17k.com/book/2811877.html", "http://www.17k.com/book/2809119.html", "http://www.17k.com/book/2803700.html", "http://www.17k.com/book/2819561.html", "http://www.17k.com/book/2746506.html", "http://www.17k.com/book/2811836.html", "http://www.17k.com/book/2614810.html", "http://www.17k.com/book/1592435.html", "http://www.17k.com/book/1949748.html", "http://www.17k.com/book/2265802.html", "http://www.17k.com/book/2743240.html", "http://www.17k.com/book/2657437.html", "http://www.17k.com/book/2644502.html", "http://www.17k.com/book/2199900.html", "http://www.17k.com/book/2725436.html", "http://www.17k.com/book/2629978.html"]}