{"ratings": -1, "userreviews": [{"userName": "hwlmx", "userReviewDate": "2018-06-01", "userURL": "http://user.17k.com/41494853", "userReview": "\u5927\u5927\uff0c\u6765\u8bbf\u4e86\uff0c\u51cc\u5929\u4e5d\u5251\u795d\u5927\u5927\u8ba2\u9605\u5192\u5929\u3002\u3002\u3002\u3002\u6536\u85cf\u9c9c\u82b1\u5949\u4e0a\uff0c\u52a0\u6cb9\u3002\u3002\u3002"}, {"userName": "\u661f\u7a7a\u591c\u68a6\u58f9", "userReviewDate": "2018-05-28", "userURL": "http://user.17k.com/58116533", "userReview": "\u4e0d\u9519\u4e0d\u9519\uff0c\u5f88\u597d\u770b\u7684"}, {"userName": "\u5b89\u742a324816334", "userReviewDate": "2018-04-19", "userURL": "http://user.17k.com/59264092", "userReview": "\u60ca\u9669\u523a\u6fc0\uff0c\u975e\u5e38\u559c\u6b22"}, {"userName": "\u5b89\u742a324816334", "userReviewDate": "2018-04-15", "userURL": "http://user.17k.com/59264092", "userReview": "\u6709\u70b9\u5413\u4eba\uff0c\u7ee7\u7eed\u770b"}, {"userName": "\u661f\u7a7a\u591c\u68a6\u8d30", "userReviewDate": "2018-04-09", "userURL": "http://user.17k.com/58011970", "userReview": "\u606d\u559c\u5927\u5927\u4e0a\u67b6\u5f00V\uff0c\u661f\u7a7a\u8ba2\u9605\u652f\u6301\u5566\uff01\u52a0\u6cb9\u2196(^\u03c9^)\u2197"}, {"userName": "\u661f\u7a7a\u591c\u68a6\u8d30", "userReviewDate": "2018-04-09", "userURL": "http://user.17k.com/58011970", "userReview": "<a target='_blank' href='http://www.17k.com/book/2705953.html'>\u300a\u9b3c\u8ff9\u5bfb\u8e2a\u300b</a>\u665a\u8bbf\u770b\u4e66\uff0c\u652f\u6301\u4f73\u4f5c\uff0c\u5927\u5927\u52a0\u6cb9\uff0c\u65b0\u5c01\u9762\u4e0d\u9519\u54df\uff01\u975e\u5e38\u68d2\uff01"}, {"userName": "\u8f7b\u8f7b\u5c0f\u9b54\u5973", "userReviewDate": "2018-04-09", "userURL": "http://user.17k.com/32155145", "userReview": "\u5185\u5bb9\u83ab\u540d\u5176\u5999\u7684\uff0c\u7a81\u7136\u6709\u5973\u9b3c\u6765\u627e\u4ed6\uff0c\u4e5f\u4e0d\u77e5\u9053\u4e3a\u4ec0\u4e48\uff0c\u7a81\u7136\u53c8\u56de\u8001\u5bb6\u79cd\u5730\u4e0d\u5de5\u4f5c\u4e86\uff0c\u7a81\u7136\u53c8\u8ddf\u9b3c\u7ed3\u5a5a\u4e86\u3002\u3002\u5565\u73a9\u610f\u554a\u3002\u3002"}, {"userName": "\u767d\u5c79\u58f5", "userReviewDate": "2018-04-01", "userURL": "http://user.17k.com/46681594", "userReview": "\u6765\u5b66\u4e60\u4e86\uff0c\u9001\u4e0a\u4e00\u676f\u5496\u5561\uff0c\u5df2\u6536\u85cf\uff0c\u559c\u6b22\u5927\u5927\u7684\u6587\u98ce\uff0c\u6551\u6307\u6559"}, {"userName": "\u7231\u53eb\u7684\u5c0f\u82b1\u732b\u54aa\u54aa", "userReviewDate": "2018-03-30", "userURL": "http://user.17k.com/57601707", "userReview": "&lt;\u5510\u50e7\u8fc7\u9633\u5173\u300b\u6765\u8bbf\uff0c\u652f\u6301!!"}, {"userName": "\u8d75\u7ffc512282253", "userReviewDate": "2018-03-30", "userURL": "http://user.17k.com/58784118", "userReview": "\u4e66\u4e0d\u9519\uff0c\u6545\u4e8b\u5f88\u7cbe\u5f69\uff0c\u5c01\u9762\u4e5f\u5e26\u52b2\uff0c\u5c31\u662f\u7b80\u4ecb\u592a\u2026\u2026 \u611f\u89c9\u6709\u70b9\u6577\u884d\u4e86\u4e8b\uff0c\u4e0d\u7740\u8fb9\u9645\u4e86"}, {"userName": "\u5341\u4f17\u4e4b\u8a00", "userReviewDate": "2018-03-30", "userURL": "http://user.17k.com/59359989", "userReview": "\u559c\u6b22\u6050\u6016\u6545\u4e8b\u3002\u5927\u4f6c\u597d\uff0c\u6211\u4e5f\u662f\u624d\u5f00\u59cb\u968f\u4fbf\u5199\u5199\uff0c\u6765\u8e6d\u8e6d\u70ed\u5ea6"}, {"userName": "Tia\u5927\u67da\u5b50", "userReviewDate": "2018-03-30", "userURL": "http://user.17k.com/59467398", "userReview": "\u8fc7\u6765\u652f\u6301\u4e00\u4e0b\uff0c\u52a0\u6cb9\u54e6&#55357;&#56490;"}, {"userName": "\u66fe\u4e0a\u9752\u5929\u63fd\u6708\u65f6", "userReviewDate": "2018-03-29", "userURL": "http://user.17k.com/58510232", "userReview": "\u6211\u5929\u8fd9\u4e2a\u7b80\u4ecb\u6211\u559c\u6b22"}, {"userName": "\u65af\u6587\u732b\u965b\u4e0b", "userReviewDate": "2018-03-29", "userURL": "http://user.17k.com/37764708", "userReview": "\u52a0\u6cb9\uff0c\u652f\u6301\u4e00\u4e0b\uff0c"}, {"userName": "\u4e0d\u5206\u9014", "userReviewDate": "2018-03-27", "userURL": "http://user.17k.com/57572937", "userReview": "\u652f\u6301\u4e00\u4e0b\uff0c\u5e26<a target='_blank' href='http://www.17k.com/book/2795038.html'>\u300a\u4e66\u751f\u5947\u82b1\u5f55\u300b</a>\u6765\u8bbf\uff01"}], "description": "\u697c\u4e0a\u7684\u5c0f\u5b69\u5929\u5929\u770b\u5c0f\u732a\u4f69\u5947\uff0c\u5b66\u732a\u53eb\uff0c\u6709\u4e00\u5929\u4ed6\u4ece\u697c\u4e0a\u8df3\u4e86\u4e0b\u53bb......", "title": "\u6df1\u591c\u8bf7\u52ff\u70b9\u706f", "url": "http://www.17k.com/book/2790882.html", "average": -1.0, "cover": "http://img.17k.com/images/bookcover/2018/13954/69/2790882-1521034014000.jpg", "reviews": 17471, "authors": [{"url": "http://www.17k.com/zuozhe/60343549", "name": "\u6d41\u91ce\u5b64\u9b42"}], "type": ["\u7075\u5f02\u5947\u8c08"], "outlinks": ["http://www.17k.com/book/2794982.html", "http://www.17k.com/book/2801292.html", "http://www.17k.com/book/2816318.html", "http://www.17k.com/book/2797575.html", "http://www.17k.com/book/2802516.html", "http://www.17k.com/book/2812195.html", "http://www.17k.com/book/2820143.html", "http://www.17k.com/book/2807943.html", "http://www.17k.com/book/2813457.html", "http://www.17k.com/book/2798058.html", "http://www.17k.com/book/2815617.html", "http://www.17k.com/book/2805259.html", "http://www.17k.com/book/2760255.html", "http://www.17k.com/book/2686894.html", "http://www.17k.com/book/2797016.html", "http://www.17k.com/book/2767246.html", "http://www.17k.com/book/2764239.html", "http://www.17k.com/book/2754498.html", "http://www.17k.com/book/2754900.html", "http://www.17k.com/book/2625740.html", "http://www.17k.com/book/2213315.html", "http://www.17k.com/book/2402178.html", "http://www.17k.com/book/2691221.html", "http://www.17k.com/book/2210699.html", "http://www.17k.com/book/1797752.html", "http://www.17k.com/book/2575507.html", "http://www.17k.com/book/2705181.html", "http://www.17k.com/book/2702539.html", "http://www.17k.com/book/2474887.html", "http://www.17k.com/book/2674733.html", "http://www.17k.com/book/2822076.html", "http://www.17k.com/book/2809894.html", "http://www.17k.com/book/2822077.html", "http://www.17k.com/book/2811930.html", "http://www.17k.com/book/2815548.html", "http://www.17k.com/book/2819620.html", "http://www.17k.com/book/2809964.html", "http://www.17k.com/book/2808200.html", "http://www.17k.com/book/2820100.html", "http://www.17k.com/book/2822978.html", "http://www.17k.com/book/2804337.html", "http://www.17k.com/book/2798814.html", "http://www.17k.com/book/2785153.html", "http://www.17k.com/book/2731559.html", "http://www.17k.com/book/2722533.html", "http://www.17k.com/book/2458377.html", "http://www.17k.com/book/2743300.html", "http://www.17k.com/book/973809.html", "http://www.17k.com/book/2651367.html", "http://www.17k.com/book/2726194.html", "http://www.17k.com/book/2790214.html", "http://www.17k.com/book/493239.html", "http://www.17k.com/book/108821.html", "http://www.17k.com/book/1398783.html", "http://www.17k.com/book/83528.html", "http://www.17k.com/book/1859126.html", "http://www.17k.com/book/1741975.html", "http://www.17k.com/book/192453.html", "http://www.17k.com/book/2459058.html", "http://www.17k.com/book/1050747.html", "http://www.17k.com/book/2700315.html", "http://www.17k.com/book/2818940.html", "http://www.17k.com/book/2819519.html", "http://www.17k.com/book/2816390.html", "http://www.17k.com/book/2819588.html", "http://www.17k.com/book/2813768.html", "http://www.17k.com/book/2822406.html", "http://www.17k.com/book/2772164.html", "http://www.17k.com/book/2784023.html", "http://www.17k.com/book/2811877.html", "http://www.17k.com/book/2809119.html", "http://www.17k.com/book/2803700.html", "http://www.17k.com/book/2819561.html", "http://www.17k.com/book/2746506.html", "http://www.17k.com/book/2811836.html", "http://www.17k.com/book/2614810.html", "http://www.17k.com/book/1592435.html", "http://www.17k.com/book/1949748.html", "http://www.17k.com/book/2265802.html", "http://www.17k.com/book/2743240.html", "http://www.17k.com/book/2657437.html", "http://www.17k.com/book/2644502.html", "http://www.17k.com/book/2199900.html", "http://www.17k.com/book/2725436.html", "http://www.17k.com/book/2629978.html"]}