{"ratings": -1, "userreviews": [{"userName": "17K\u4e66\u53cbczramirb", "userReviewDate": "2018-06-06", "userURL": "http://user.17k.com/62582629", "userReview": "\u5199\u7684\u4e0d\u9519\uff0c\u52a0\u6cb9"}, {"userName": "\u67e0\u6aac236786289", "userReviewDate": "2018-06-05", "userURL": "http://user.17k.com/61311841", "userReview": "\u8fd8\u9614\u4ee5\uff0c\uff0c\uff0c\uff0c\uff0c"}, {"userName": "\u840c\u840c\u54d2\u5c0f\u732a", "userReviewDate": "2018-06-04", "userURL": "http://user.17k.com/62505630", "userReview": "\u8fd8\u4e0d\u9519\uff0c\u559c\u6b22\u770b"}, {"userName": "\u840c\u840c\u54d2\u5c0f\u732a", "userReviewDate": "2018-06-04", "userURL": "http://user.17k.com/62505630", "userReview": "\u8fd8\u4e0d\u9519\uff0c\u559c\u6b22\u770b"}, {"userName": "\u840c\u840c\u54d2\u5c0f\u732a", "userReviewDate": "2018-06-04", "userURL": "http://user.17k.com/62505630", "userReview": "\u8fd8\u4e0d\u9519\uff0c\u559c\u6b22\u770b"}, {"userName": "\uc678\uba74", "userReviewDate": "2018-06-04", "userURL": "http://user.17k.com/61485582", "userReview": "\u4e00\u770b\u5c31\u662f\u4eff\u7684\u6df1\u591c\u4e66\u5c4b"}, {"userName": "!219014693", "userReviewDate": "2018-06-03", "userURL": "http://user.17k.com/60838220", "userReview": "\u90fd\u662f\u571f\u8c6a\u554a"}, {"userName": "17K\u4e66\u53cbwp44p0oj", "userReviewDate": "2018-06-01", "userURL": "http://user.17k.com/55921517", "userReview": "\u611f\u89c9\u6587\u7b14\u4e0d\u9519\uff0c\u6545\u4e8b\u6ca1\u6709\u591a\u5c11\u5e9f\u8bdd\uff0c\u4f5c\u8005\u4e0d\u662f\u65b0\u4eba\u4e86\u5427"}, {"userName": "AA\u5c0f\u59ae\u5b50AA", "userReviewDate": "2018-05-29", "userURL": "http://user.17k.com/62022717", "userReview": "\u8ffd\u7740\u770b\u8fd8\u4e0d\u9519\uff0c\u5927\u5927\u52a0\u6cb9\u66f4\u65b0"}, {"userName": "\u9f99\u732b\u513f1314", "userReviewDate": "2018-05-29", "userURL": "http://user.17k.com/56746005", "userReview": "\u5f88\u4e0d\u9519\u54e6\uff0c\u6211\u559c\u6b22\u770b&#55357;&#56842;"}, {"userName": "yaitita", "userReviewDate": "2018-05-29", "userURL": "http://user.17k.com/11021340", "userReview": "\u8fd9\u672c\u4e66\u592a\u68d2\u4e86\uff01\u9f13\u52b1\u4e00\u4e0b\uff0c\u5e0c\u671b\u540e\u7eed\u66f4\u52a0\u7cbe\u5f69\uff01"}, {"userName": "\u8fd8\u5728\u5929\u9999\u68a6\u91cc", "userReviewDate": "2018-05-20", "userURL": "http://user.17k.com/54805747", "userReview": "\u4e00\u770b\u5c31\u662f\u8001\u6cb9\u5b50\u3002"}, {"userName": "\u5343\u53d8\u841d\u8389", "userReviewDate": "2018-05-20", "userURL": "http://user.17k.com/57390671", "userReview": "\u7b2c\u4e00\u4e2a\u8bc4\u8bba\u3001\u7834\u5904"}], "description": "\u7075\u5f02\u9b3c\u602a\uff0c\u98ce\u6c34\u5947\u8c08\u3002\u3000\u3000\u767d\u5929\u5173\u95e8\u591c\u665a\u8425\u4e1a\uff0c\u5230\u70b9\u8d76\u4eba\uff0c\u8fd9\u4e2a\u98df\u5802\u6709\u70b9\u51b7!", "title": "\u6df1\u591c\u98df\u5802", "url": "http://www.17k.com/book/2816535.html", "average": -1.0, "cover": "http://img.17k.com/images/bookcover/2018/14082/70/2816535-1525267493000.jpg", "reviews": 6783, "authors": [{"url": "http://www.17k.com/zuozhe/61265101", "name": "\u5927\u660e\u6e56\u5224"}], "type": ["\u7075\u5f02\u5947\u8c08"], "outlinks": ["http://www.17k.com/book/2794982.html", "http://www.17k.com/book/2801292.html", "http://www.17k.com/book/2816318.html", "http://www.17k.com/book/2797575.html", "http://www.17k.com/book/2802516.html", "http://www.17k.com/book/2812195.html", "http://www.17k.com/book/2820143.html", "http://www.17k.com/book/2807943.html", "http://www.17k.com/book/2813457.html", "http://www.17k.com/book/2798058.html", "http://www.17k.com/book/2815617.html", "http://www.17k.com/book/2805259.html", "http://www.17k.com/book/2760255.html", "http://www.17k.com/book/2686894.html", "http://www.17k.com/book/2797016.html", "http://www.17k.com/book/2767246.html", "http://www.17k.com/book/2764239.html", "http://www.17k.com/book/2754498.html", "http://www.17k.com/book/2754900.html", "http://www.17k.com/book/2625740.html", "http://www.17k.com/book/2213315.html", "http://www.17k.com/book/2402178.html", "http://www.17k.com/book/2691221.html", "http://www.17k.com/book/2210699.html", "http://www.17k.com/book/1797752.html", "http://www.17k.com/book/2575507.html", "http://www.17k.com/book/2705181.html", "http://www.17k.com/book/2702539.html", "http://www.17k.com/book/2474887.html", "http://www.17k.com/book/2674733.html", "http://www.17k.com/book/2822076.html", "http://www.17k.com/book/2809894.html", "http://www.17k.com/book/2822077.html", "http://www.17k.com/book/2811930.html", "http://www.17k.com/book/2815548.html", "http://www.17k.com/book/2819620.html", "http://www.17k.com/book/2809964.html", "http://www.17k.com/book/2808200.html", "http://www.17k.com/book/2820100.html", "http://www.17k.com/book/2822978.html", "http://www.17k.com/book/2804337.html", "http://www.17k.com/book/2798814.html", "http://www.17k.com/book/2785153.html", "http://www.17k.com/book/2731559.html", "http://www.17k.com/book/2722533.html", "http://www.17k.com/book/2458377.html", "http://www.17k.com/book/2743300.html", "http://www.17k.com/book/973809.html", "http://www.17k.com/book/2651367.html", "http://www.17k.com/book/2726194.html", "http://www.17k.com/book/2790214.html", "http://www.17k.com/book/493239.html", "http://www.17k.com/book/108821.html", "http://www.17k.com/book/1398783.html", "http://www.17k.com/book/83528.html", "http://www.17k.com/book/1859126.html", "http://www.17k.com/book/1741975.html", "http://www.17k.com/book/192453.html", "http://www.17k.com/book/2459058.html", "http://www.17k.com/book/1050747.html", "http://www.17k.com/book/2700315.html", "http://www.17k.com/book/2818940.html", "http://www.17k.com/book/2819519.html", "http://www.17k.com/book/2816390.html", "http://www.17k.com/book/2819588.html", "http://www.17k.com/book/2813768.html", "http://www.17k.com/book/2822406.html", "http://www.17k.com/book/2772164.html", "http://www.17k.com/book/2784023.html", "http://www.17k.com/book/2811877.html", "http://www.17k.com/book/2809119.html", "http://www.17k.com/book/2803700.html", "http://www.17k.com/book/2819561.html", "http://www.17k.com/book/2746506.html", "http://www.17k.com/book/2811836.html", "http://www.17k.com/book/2614810.html", "http://www.17k.com/book/1592435.html", "http://www.17k.com/book/1949748.html", "http://www.17k.com/book/2265802.html", "http://www.17k.com/book/2743240.html", "http://www.17k.com/book/2657437.html", "http://www.17k.com/book/2644502.html", "http://www.17k.com/book/2199900.html", "http://www.17k.com/book/2725436.html", "http://www.17k.com/book/2629978.html"]}