{"ratings": -1, "userreviews": [{"userName": "\u7231\u6320\u5899\u7684\u732b\u513f", "userReviewDate": "2018-06-04", "userURL": "http://user.17k.com/62496613", "userReview": "[\u6253\u8d4f]\u6211\u6253\u8d4f\u4e863\u4e2a'\u5c0f\u5fc3\u5fc3'\uff01\uff01"}, {"userName": "\u672a\u6765\u8001\u9f20", "userReviewDate": "2017-12-12", "userURL": "http://user.17k.com/46396493", "userReview": "\u4e66\u5c01\u5f88\u6709\u7279\u8272\uff0c\u7b80\u4ecb\u6709\u70b9\u610f\u601d\uff0c\u8fd9\u4e66\u6211\u8ffd\u4e86\uff0c\u52a0\u6cb9<a target='_blank' href='http://www.17k.com/book/2725309.html'>\u300a\u534a\u7c73\u9633\u5149\u84dd\u5c71\u5357\u300b</a>\u6765\u8bbf"}, {"userName": "\u67d2\u6c50\u9171", "userReviewDate": "2017-06-26", "userURL": "http://user.17k.com/55454181", "userReview": "<a target='_blank' href='http://www.17k.com/book/2527395.html'>\u300a\u5996\u602a\u840c\u6355\u300b</a>\u6765\u8bbf\uff5e\u5927\u5927\u52a0\u6cb9\uff0c\u5199\u7684\u5f88\u4e0d\u9519\uff0c\u6b22\u8fce\u56de\u8bbf\u6307\u70b9(\uff61\uff65\u03c9\uff65\uff61)\uff89"}, {"userName": "\u767d\u5c79\u58f5", "userReviewDate": "2017-06-25", "userURL": "http://user.17k.com/46681594", "userReview": "\u5750\u7b49\u65b0\u52a8\u6001\uff0c\u52a0\u6cb9\uff01\uff01"}, {"userName": "\u6765\u54af\u5fc3", "userReviewDate": "2017-06-24", "userURL": "http://user.17k.com/55851963", "userReview": "[\u6253\u8d4f]\u6211\u6253\u8d4f\u4e868\u5143\u7ea2\u5305\uff01\uff01"}, {"userName": "magi_449050840", "userReviewDate": "2017-06-21", "userURL": "http://user.17k.com/55805308", "userReview": "\u771f\u4e0d\u9519\uff0c\u52a0\u6cb9\u2196(^\u03c9^)\u2197"}, {"userName": "\u90d1\u82f1\u82b1", "userReviewDate": "2017-06-21", "userURL": "http://user.17k.com/55790234", "userReview": "\u671f\u5f85\u66f4\u65b0\u554a"}, {"userName": "\u767d\u5c79\u58f5", "userReviewDate": "2017-06-20", "userURL": "http://user.17k.com/46681594", "userReview": "<a target='_blank' href='http://www.17k.com/book/2468524.html'>\u300a\u518d\u89c1\u5ffd\u5982\u521d\u89c1\u300b</a>\u76f8\u4e92\u652f\u6301\u54e6"}], "description": "\u672c\u4eba\u5fae\u4fe1\u516c\u4f17\u53f7\uff1a\u6d6a\u91cc\u4e2a\u6d6a\u6237\u5916\u6e38\uff08\u65c5\u6e38\u653b\u7565\uff0c\u6237\u5916\u77e5\u8bc6\uff09\u3000\u3000\u672c\u4e66\u7b80\u4ecb\uff1a\u4e00\u7fa4\u751f\u6d3b\u5728\u57ce\u5e02\u4e2d\u7684\u666e\u901a\u4eba\uff0c\u7ecf\u5386\u7740\u751f\u6d3b\u7684\u6b8b\u9177\u4e0e\u5e78\u798f\uff0c\u751f\u6d3b\u662f\u8270\u8f9b\u7684\uff0c\u4f46\u6bcf\u4e00\u4e2a\u5e73\u51e1\u7684\u751f\u547d\u90fd\u662f\u5e94\u8be5\u6709\u5fc5\u8981\u7684\u5c0a\u91cd\uff0c\u6bcf\u4e00\u4e2a\u5e73\u51e1\u7684\u4eba\u90fd\u5e94\u62e5\u6709\u6700\u57fa\u672c\u7684\u6743\u5229\uff0c\u88ab\u7231\u662f\u5e78\u798f\u7684\uff0c\u7231\u4eba\u662f\u5feb\u4e50\u7684\uff0c\u4e3a\u7231\u800c\u91cd\u751f\uff0c\u56e0\u7231\u800c\u8d74\u6b7b\uff0c\u4e00\u5207\u575a\u6bc5\uff0c\u52c7\u6562\uff0c\u5305\u5bb9\u90fd\u662f\u503c\u5f97\u94ed\u8bb0\u4e0e\u8d5e\u7f8e\uff0c\u4e00\u5207\u7684\u4e00\u5207\u90fd\u9700\u8981\u6e29\u67d4\u4ee5\u5f85\uff0c\u6d3b\u7740\u613f\u5c11\u4e00\u4e9b\u6b8b\u9177\u3002", "title": "\u6e29\u67d4\u4ee5\u5f85", "url": "http://www.17k.com/book/2538218.html", "average": -1.0, "cover": "http://img.17k.com/images/bookcover/2017/12691/63/2538218-1498222398000.jpg", "reviews": 37158, "authors": [{"url": "http://www.17k.com/zuozhe/54904328", "name": "\u591a\u7559"}], "type": ["\u90fd\u5e02\u60c5\u7f18"], "outlinks": ["http://www.17k.com/book/2794982.html", "http://www.17k.com/book/2801292.html", "http://www.17k.com/book/2816318.html", "http://www.17k.com/book/2797575.html", "http://www.17k.com/book/2802516.html", "http://www.17k.com/book/2812195.html", "http://www.17k.com/book/2820143.html", "http://www.17k.com/book/2807943.html", "http://www.17k.com/book/2813457.html", "http://www.17k.com/book/2798058.html", "http://www.17k.com/book/2815617.html", "http://www.17k.com/book/2805259.html", "http://www.17k.com/book/2760255.html", "http://www.17k.com/book/2686894.html", "http://www.17k.com/book/2797016.html", "http://www.17k.com/book/2767246.html", "http://www.17k.com/book/2764239.html", "http://www.17k.com/book/2754498.html", "http://www.17k.com/book/2754900.html", "http://www.17k.com/book/2625740.html", "http://www.17k.com/book/2213315.html", "http://www.17k.com/book/2402178.html", "http://www.17k.com/book/2691221.html", "http://www.17k.com/book/2210699.html", "http://www.17k.com/book/1797752.html", "http://www.17k.com/book/2575507.html", "http://www.17k.com/book/2705181.html", "http://www.17k.com/book/2702539.html", "http://www.17k.com/book/2474887.html", "http://www.17k.com/book/2674733.html", "http://www.17k.com/book/2822076.html", "http://www.17k.com/book/2809894.html", "http://www.17k.com/book/2822077.html", "http://www.17k.com/book/2811930.html", "http://www.17k.com/book/2815548.html", "http://www.17k.com/book/2819620.html", "http://www.17k.com/book/2809964.html", "http://www.17k.com/book/2808200.html", "http://www.17k.com/book/2820100.html", "http://www.17k.com/book/2822978.html", "http://www.17k.com/book/2804337.html", "http://www.17k.com/book/2798814.html", "http://www.17k.com/book/2785153.html", "http://www.17k.com/book/2731559.html", "http://www.17k.com/book/2722533.html", "http://www.17k.com/book/2458377.html", "http://www.17k.com/book/2743300.html", "http://www.17k.com/book/973809.html", "http://www.17k.com/book/2651367.html", "http://www.17k.com/book/2726194.html", "http://www.17k.com/book/2790214.html", "http://www.17k.com/book/493239.html", "http://www.17k.com/book/108821.html", "http://www.17k.com/book/1398783.html", "http://www.17k.com/book/83528.html", "http://www.17k.com/book/1859126.html", "http://www.17k.com/book/1741975.html", "http://www.17k.com/book/192453.html", "http://www.17k.com/book/2459058.html", "http://www.17k.com/book/1050747.html", "http://www.17k.com/book/2700315.html", "http://www.17k.com/book/2818940.html", "http://www.17k.com/book/2819519.html", "http://www.17k.com/book/2816390.html", "http://www.17k.com/book/2819588.html", "http://www.17k.com/book/2813768.html", "http://www.17k.com/book/2822406.html", "http://www.17k.com/book/2772164.html", "http://www.17k.com/book/2784023.html", "http://www.17k.com/book/2811877.html", "http://www.17k.com/book/2809119.html", "http://www.17k.com/book/2803700.html", "http://www.17k.com/book/2819561.html", "http://www.17k.com/book/2746506.html", "http://www.17k.com/book/2811836.html", "http://www.17k.com/book/2614810.html", "http://www.17k.com/book/1592435.html", "http://www.17k.com/book/1949748.html", "http://www.17k.com/book/2265802.html", "http://www.17k.com/book/2743240.html", "http://www.17k.com/book/2657437.html", "http://www.17k.com/book/2644502.html", "http://www.17k.com/book/2199900.html", "http://www.17k.com/book/2725436.html", "http://www.17k.com/book/2629978.html"]}