{"ratings": -1, "userreviews": [{"userName": "\u5355\u5c0f\u897f", "userReviewDate": "2018-05-26", "userURL": "http://user.17k.com/55999047", "userReview": ".\u3002\u3002\u3002\u3002"}, {"userName": "\u81f3\u540c", "userReviewDate": "2018-05-24", "userURL": "http://user.17k.com/42347855", "userReview": "\u8fc7\u6765\u968f\u4fbf\u770b\u770b\uff0c\u52a0\u6cb9\u3002"}, {"userName": "17k\u4e66\u53cbfkyv4ryp9", "userReviewDate": "2018-05-16", "userURL": "http://user.17k.com/61305284", "userReview": "[\u6253\u8d4f]\u6211\u6253\u8d4f\u4e868\u5143\u7ea2\u5305\uff01\uff01"}, {"userName": "\u6708\u843d\u68a6\u8ffd\u5fc6", "userReviewDate": "2018-05-12", "userURL": "http://user.17k.com/57478135", "userReview": "\u8bf7\u6536\u8ffd\u5fc6\u4e00\u8bb0\u819d\u76d6"}, {"userName": "1428966548", "userReviewDate": "2018-05-11", "userURL": "http://user.17k.com/13169092", "userReview": "6666666"}, {"userName": "\u4e91\u6d77386178600", "userReviewDate": "2018-05-10", "userURL": "http://user.17k.com/56770410", "userReview": "\u5c0f\u7f16\u597d\u673a\u4f36\uff0c\u628a\u524d\u9762\u51e0\u7ae0\u5f04\u6765\u7cca\u5f04\u8bfb\u8005"}, {"userName": "\u6c83\u571f456", "userReviewDate": "2018-05-03", "userURL": "http://user.17k.com/33847397", "userReview": "\u524d\u6765\u5b66\u4e60\u3002\u8bfb\u4e66\uff01"}, {"userName": "1428966548", "userReviewDate": "2018-04-28", "userURL": "http://user.17k.com/13169092", "userReview": "666666666"}, {"userName": "\u73af\u73af\u4e00\u8885\u695a\u5bab\u8170", "userReviewDate": "2018-04-21", "userURL": "http://user.17k.com/59811233", "userReview": "\u601d\u5ff5\u5982\u96e8\uff0c\u665a\u4e0a\u597d\uff01"}, {"userName": "\u9006\u5929\u6210\u795e\u53c8\u9006\u6210\u9690", "userReviewDate": "2018-04-14", "userURL": "http://user.17k.com/55476581", "userReview": "<a target='_blank' href='http://www.17k.com/book/2774374.html'>\u300a\u9f99\u57df\u795e\u6218\u300b</a>\u6587\u7237\u6765\u8bbf &nbsp;\u6211\u6765\u4e86 \u770b\u770b\u6211\u7684\u5457"}, {"userName": "\u6578\u5b57\u541b", "userReviewDate": "2018-04-12", "userURL": "http://user.17k.com/61025589", "userReview": "\u4f5c\u8005\u5927\u5927\u5199\u5f97\u5f88\u5408\uff0c\u6211\u7684\u80c3\u53e3\u554a\u5e0c\u671b\u8ddf\u4f5c\u8005\u5927\u5927\u4ea4\u6d41\u4e00\u4e0b\uff0c\u8bf7\u4f5c\u8005\u5927\u5927\u52a0\u6211 289 475 113 2\u804a\u804a\u5929"}, {"userName": "\u7a7a\u8c37\u7559\u60c5", "userReviewDate": "2018-04-01", "userURL": "http://user.17k.com/45016341", "userReview": "\u7a7a\u8c37\u6765\u8bbf\u652f\u6301\uff0c\u7ee7\u7eed\u575a\u6301"}, {"userName": "Tia\u5927\u67da\u5b50", "userReviewDate": "2018-03-30", "userURL": "http://user.17k.com/59467398", "userReview": "\u8fc7\u6765\u652f\u6301\u4e00\u4e0b\uff0c\u52a0\u6cb9\u54e6&#55357;&#56490;"}, {"userName": "\u65af\u6587\u732b\u965b\u4e0b", "userReviewDate": "2018-03-29", "userURL": "http://user.17k.com/37764708", "userReview": "\u52a0\u6cb9\uff0c\u652f\u6301\u4e00\u4e0b\uff0c"}, {"userName": "\u52aa\u529b\u4e0a\u8fdb\u5566\u5566", "userReviewDate": "2018-03-06", "userURL": "http://user.17k.com/60287991", "userReview": "\u5e26<a target='_blank' href='http://www.17k.com/book/1233923.html'>\u300a\u6211\u548c\u5996\u602a\u7684\u604b\u7231\u4e4b\u65c5\u300b</a>\u524d\u6765\u62dc\u8bbf\u5927\u5927\u5566\u52a0\u6cb9\u4e0b\u5348\u597d@<a target='_blank' href='http://user.17k.com/60287638'>@\u9189\u5367\u6c99\u573a666</a>"}], "description": "\u9876\u7ea7\u5175\u738b\u56de\u5f52\u90fd\u5e02\uff0c\u88ab\u8c03\u9063\u4fdd\u62a4\u4e00\u4e2a\u5356\u5185\u8863\u8d77\u5bb6\u7684\u65b0\u80fd\u6e90\u9879\u76ee\u7684\u7f8e\u5973\u8463\u4e8b\u957f\u3002\u5c31\u6b64\u8eab\u8fb9\u7f8e\u5973\u73af\u7ed5\uff0c\u4e0d\u5149\u96c6\u56e2\u5185\u8863\u516c\u53f8\u7684\u7f8e\u5973\u5bf9\u4ed6\u7231\u6155\u6709\u52a0\uff0c\u65b0\u80fd\u6e90\u516c\u53f8\u5185\u7684\u79d1\u6280\u5c11\u5973\u4e5f\u5bf9\u4ed6\u5782\u6d8e\u4e09\u5c3a\u3002\u5f00\u542f\u4e86\u6797\u534e\u5de6\u53f3\u9022\u53cc\uff0c\u88c5\u903c\u8e29\u4eba\uff0c\u7b11\u50b2\u90fd\u5e02\u7684\u738b\u8005\u751f\u6d3b\u3002\u3000\u3000\u2014\u20144W\u5b57\uff0c\u6216\u8005\u8be5\u72b6\u6001\u4e4b\u524d\uff0c\u5148\u6682\u65f6\u4e00\u5929\u4e00\u66f4\u5b58\u7a3f\u5b50~\u3002\u6b22\u8fce\u5927\u5bb6\u5bf9\u672c\u4e66\u63d0\u51fa\u5efa\u8bae\u6216\u610f\u89c1~\uff0c\u5728\u4e66\u8bc4\u533a\u7559\u8a00~\u8c22\u8c22~", "title": "\u6f02\u4eae\u603b\u88c1\u7231\u4e0a\u6211", "url": "http://www.17k.com/book/2789629.html", "average": -1.0, "cover": "http://img.17k.com/images/bookcover/2018/13948/69/2789629-1522662347000.jpg", "reviews": 135778, "authors": [{"url": "http://www.17k.com/zuozhe/60287638", "name": "\u601d\u5ff5\u5982\u96e8"}], "type": ["\u90fd\u5e02\u751f\u6d3b"], "outlinks": ["http://www.17k.com/book/2794982.html", "http://www.17k.com/book/2801292.html", "http://www.17k.com/book/2816318.html", "http://www.17k.com/book/2797575.html", "http://www.17k.com/book/2802516.html", "http://www.17k.com/book/2812195.html", "http://www.17k.com/book/2820143.html", "http://www.17k.com/book/2807943.html", "http://www.17k.com/book/2813457.html", "http://www.17k.com/book/2798058.html", "http://www.17k.com/book/2815617.html", "http://www.17k.com/book/2805259.html", "http://www.17k.com/book/2760255.html", "http://www.17k.com/book/2686894.html", "http://www.17k.com/book/2797016.html", "http://www.17k.com/book/2767246.html", "http://www.17k.com/book/2764239.html", "http://www.17k.com/book/2754498.html", "http://www.17k.com/book/2754900.html", "http://www.17k.com/book/2625740.html", "http://www.17k.com/book/2213315.html", "http://www.17k.com/book/2402178.html", "http://www.17k.com/book/2691221.html", "http://www.17k.com/book/2210699.html", "http://www.17k.com/book/1797752.html", "http://www.17k.com/book/2575507.html", "http://www.17k.com/book/2705181.html", "http://www.17k.com/book/2702539.html", "http://www.17k.com/book/2474887.html", "http://www.17k.com/book/2674733.html", "http://www.17k.com/book/2822076.html", "http://www.17k.com/book/2809894.html", "http://www.17k.com/book/2822077.html", "http://www.17k.com/book/2811930.html", "http://www.17k.com/book/2815548.html", "http://www.17k.com/book/2819620.html", "http://www.17k.com/book/2809964.html", "http://www.17k.com/book/2808200.html", "http://www.17k.com/book/2820100.html", "http://www.17k.com/book/2822978.html", "http://www.17k.com/book/2804337.html", "http://www.17k.com/book/2798814.html", "http://www.17k.com/book/2785153.html", "http://www.17k.com/book/2731559.html", "http://www.17k.com/book/2722533.html", "http://www.17k.com/book/2458377.html", "http://www.17k.com/book/2743300.html", "http://www.17k.com/book/973809.html", "http://www.17k.com/book/2651367.html", "http://www.17k.com/book/2726194.html", "http://www.17k.com/book/2790214.html", "http://www.17k.com/book/493239.html", "http://www.17k.com/book/108821.html", "http://www.17k.com/book/1398783.html", "http://www.17k.com/book/83528.html", "http://www.17k.com/book/1859126.html", "http://www.17k.com/book/1741975.html", "http://www.17k.com/book/192453.html", "http://www.17k.com/book/2459058.html", "http://www.17k.com/book/1050747.html", "http://www.17k.com/book/2700315.html", "http://www.17k.com/book/2818940.html", "http://www.17k.com/book/2819519.html", "http://www.17k.com/book/2816390.html", "http://www.17k.com/book/2819588.html", "http://www.17k.com/book/2813768.html", "http://www.17k.com/book/2822406.html", "http://www.17k.com/book/2772164.html", "http://www.17k.com/book/2784023.html", "http://www.17k.com/book/2811877.html", "http://www.17k.com/book/2809119.html", "http://www.17k.com/book/2803700.html", "http://www.17k.com/book/2819561.html", "http://www.17k.com/book/2746506.html", "http://www.17k.com/book/2811836.html", "http://www.17k.com/book/2614810.html", "http://www.17k.com/book/1592435.html", "http://www.17k.com/book/1949748.html", "http://www.17k.com/book/2265802.html", "http://www.17k.com/book/2743240.html", "http://www.17k.com/book/2657437.html", "http://www.17k.com/book/2644502.html", "http://www.17k.com/book/2199900.html", "http://www.17k.com/book/2725436.html", "http://www.17k.com/book/2629978.html"]}