{"ratings": -1, "userreviews": [], "description": "\u773c\u770b\u5c31\u5230\u4e86\u5927\u9547\uff0c\u800c\u5374\u9047\u89c1\u4e86\u4e00\u4e2a\u4ece\u672a\u89c1\u8fc7\u7684\u5bb6\u4f19\u3002\u5973\u5b69\u770b\u7740\u4ed6\u5de6\u770b\u53f3\u770b\u90fd\u89c9\u5f97\u5f88\u5947\u602a\uff0c\u5973\u5b69\u5947\u602a\u9053\u201c\u4f60\u662f\u4ec0\u4e48\u4eba\uff0c\u4e3a\u4ec0\u4e48\u6211\u4ece\u672a\u89c1\u8fc7\uff0c\u4f60\u6ca1\u6709\u7fc5\u8180\u5417\uff1f\u201d\u3000\u3000\u5c11\u5e74\u54fc\u7b11\u4e86\u7b11\uff0c\u7537\u5b69\u9053\u201c\u6211\u4e0d\u9700\u8981\uff0c\u6211\u6709\u5b83\u5c31\u597d\u4e86\uff01\u201d\u3000\u3000\u5973\u5b69\u770b\u7740\u4ed6\u80a9\u5934\u7684\u7d2b\u8272\u62a4\u80a9\u4e0d\u89e3\u9053\u201c\u4f60\u7528\u5b83\u98de\u5417\uff1f\u201d\u3000\u3000\u5c11\u5e74\u70b9\u4e86\u70b9\u5934\u55ef\u58f0\u9053\u201c\u600e\u4e48\uff0c\u5386\u5bb3\u5417\uff1f\u201d\u3000\u3000\u5973\u5b69\u6447\u4e86\u6447\u5934\u201c\u4e0d\u5386\u5bb3\uff0c\u6ca1\u6709\u7fc5\u8180\u5728\u8fd9\u4e2a\u5927\u9646\u4e0a\u662f\u65e0\u6cd5\u751f\u5b58\u4e0b\u53bb\u7684\u3002\u201d\u3000\u3000\uff08\u4e8c\u6b21\u5143\u4e16\u754c\uff1f\u79e6\u65f6\uff01\u6697\u591c\u7537\u7235\u4ed6\u60f3\u505a\u4ec0\u4e48\uff1f\u4e0d\u8bb8\u4f60\u4f24\u5bb3\u4e16\u754c\uff0c\u66f4\u4e0d\u5141\u8bb8\u4f60\u6bc1\u706d\u4e16\u754c\uff01\u5e0c\u5361\u5965\u6211\u8981\u6740\u4e86\u4f60\u2014\u2014\uff09", "title": "\u7075\u51e4\u5927\u9646\u8346\u58a8\u513f", "url": "http://www.17k.com/book/2829607.html", "average": -1.0, "cover": "http://img.17k.com/images/bookcover/2018/14148/70/2829607-1528450930000.jpg", "reviews": 51, "authors": [{"url": "http://www.17k.com/zuozhe/33699940", "name": "\u7fbd\u7ffc\u7f8e"}], "type": ["\u52a8\u6f2b\u540c\u4eba"], "outlinks": ["http://www.17k.com/book/2794982.html", "http://www.17k.com/book/2801292.html", "http://www.17k.com/book/2816318.html", "http://www.17k.com/book/2797575.html", "http://www.17k.com/book/2802516.html", "http://www.17k.com/book/2812195.html", "http://www.17k.com/book/2820143.html", "http://www.17k.com/book/2807943.html", "http://www.17k.com/book/2813457.html", "http://www.17k.com/book/2798058.html", "http://www.17k.com/book/2815617.html", "http://www.17k.com/book/2805259.html", "http://www.17k.com/book/2760255.html", "http://www.17k.com/book/2686894.html", "http://www.17k.com/book/2797016.html", "http://www.17k.com/book/2767246.html", "http://www.17k.com/book/2764239.html", "http://www.17k.com/book/2754498.html", "http://www.17k.com/book/2754900.html", "http://www.17k.com/book/2625740.html", "http://www.17k.com/book/2213315.html", "http://www.17k.com/book/2402178.html", "http://www.17k.com/book/2691221.html", "http://www.17k.com/book/2210699.html", "http://www.17k.com/book/1797752.html", "http://www.17k.com/book/2575507.html", "http://www.17k.com/book/2705181.html", "http://www.17k.com/book/2702539.html", "http://www.17k.com/book/2474887.html", "http://www.17k.com/book/2674733.html", "http://www.17k.com/book/2822076.html", "http://www.17k.com/book/2809894.html", "http://www.17k.com/book/2822077.html", "http://www.17k.com/book/2811930.html", "http://www.17k.com/book/2815548.html", "http://www.17k.com/book/2819620.html", "http://www.17k.com/book/2809964.html", "http://www.17k.com/book/2808200.html", "http://www.17k.com/book/2820100.html", "http://www.17k.com/book/2822978.html", "http://www.17k.com/book/2804337.html", "http://www.17k.com/book/2798814.html", "http://www.17k.com/book/2785153.html", "http://www.17k.com/book/2731559.html", "http://www.17k.com/book/2722533.html", "http://www.17k.com/book/2458377.html", "http://www.17k.com/book/2743300.html", "http://www.17k.com/book/973809.html", "http://www.17k.com/book/2651367.html", "http://www.17k.com/book/2726194.html", "http://www.17k.com/book/2790214.html", "http://www.17k.com/book/493239.html", "http://www.17k.com/book/108821.html", "http://www.17k.com/book/1398783.html", "http://www.17k.com/book/83528.html", "http://www.17k.com/book/1859126.html", "http://www.17k.com/book/1741975.html", "http://www.17k.com/book/192453.html", "http://www.17k.com/book/2459058.html", "http://www.17k.com/book/1050747.html", "http://www.17k.com/book/2700315.html", "http://www.17k.com/book/2818940.html", "http://www.17k.com/book/2819519.html", "http://www.17k.com/book/2816390.html", "http://www.17k.com/book/2819588.html", "http://www.17k.com/book/2813768.html", "http://www.17k.com/book/2822406.html", "http://www.17k.com/book/2772164.html", "http://www.17k.com/book/2784023.html", "http://www.17k.com/book/2811877.html", "http://www.17k.com/book/2809119.html", "http://www.17k.com/book/2803700.html", "http://www.17k.com/book/2819561.html", "http://www.17k.com/book/2746506.html", "http://www.17k.com/book/2811836.html", "http://www.17k.com/book/2614810.html", "http://www.17k.com/book/1592435.html", "http://www.17k.com/book/1949748.html", "http://www.17k.com/book/2265802.html", "http://www.17k.com/book/2743240.html", "http://www.17k.com/book/2657437.html", "http://www.17k.com/book/2644502.html", "http://www.17k.com/book/2199900.html", "http://www.17k.com/book/2725436.html", "http://www.17k.com/book/2629978.html"]}