{"ratings": -1, "userreviews": [{"userName": "\u5deb\u4e5d", "userReviewDate": "2013-04-02", "userURL": "http://user.17k.com/12177770", "userReview": "\u4f60\u5bf9<a target='_blank' href='http://www.17k.com/book/373822.html'>\u300a\u7075\u5f02\u602a\u8c08\u300b</a>\u6709\u4ec0\u4e48\u5efa\u8bae\uff1f \u6216\u8005<a target='_blank' href='http://www.17k.com/book/373822.html'>\u300a\u7075\u5f02\u602a\u8c08\u300b</a>\u4e2d\u8fd8\u6709\u54ea\u4e9b\u9700\u8981\u586b\u7684\u5751\uff1f \u8bf7\u5199\u4e0b\u6765\uff0c\u5c0f\u4e5d\u4f1a\u505a\u5199\u4f5c\u53c2\u8003\u3002"}, {"userName": "\u5deb\u4e5d", "userReviewDate": "2013-02-08", "userURL": "http://user.17k.com/12177770", "userReview": "\u65b0\u5f00\u4e00\u4e2a\u9f99\u5957\u697c\uff0c\u8981\u9f99\u5957\u7684\u6765\u8fd9\u91cc\u7559\u540d\u5427\u3002\u683c\u5f0f\u5982\u4e0b\u3002\n\u59d3\u540d\uff1aXX\n\u6027\u522b\uff1aXX\n\u5e74\u9f84\uff1aXX\n\u6027\u683c\uff1aXX\n\u5176\u4ed6\uff1a\u2026\u2026\u2026\u2026\u2026\u2026"}, {"userName": "\u70df\u7537\u522b\u62a2\u6211\u7684\u5e15\u59ec", "userReviewDate": "2012-12-30", "userURL": "http://user.17k.com/13097891", "userReview": "\u987a\u7740duduu\u7684\u76ee\u5149\u8fc7\u6765\u4e86\uff0c\u8bdd\u8bf4\uff0c\u539f\u6765\u6709\u5728\u8d34\u5427\u770b\u8fc7\u8f6c\u8f7d\u3002\u3002\u7b97\u662f\u8fd1\u6765\u96be\u5f97\u770b\u7684\u770b\u7684\u4e0b\u53bb\u7684\u597d\u4e66\u3011\uff0c\u4f5c\u8005\u751f\u86cb\u5feb\u4e50\u6602\u3002\n\u53e6\u5916<a target='_blank' href='http://user.17k.com/2296'>@\u8840\u916c</a>\u8fd9\u7ae0\u8fd8\u6ca1\u6539\u8fc7\u6765\uff0c\u8001\u6bdb\u75c5\u4e86"}, {"userName": "duduu", "userReviewDate": "2012-12-30", "userURL": "http://user.17k.com/30469", "userReview": "\u521a\u8bfb\u4e86\u4e00\u7ae0\uff0c\u5c31\u88ab\u5438\u5f15\u4f4f\u4e86\uff0c\u597d\u6587\uff0c\u5947\u8469\uff01\u4ffa\u7ee7\u7eed\u8bfb\u4e86\uff0c \u611f\u8c22\u4f5c\u8005\u5927\u795e\u7ed9\u8bfb\u8005\u5e26\u6765\u7684\u795e\u4f5c\uff01"}, {"userName": "\u94f6\u8272\u4e4b\u68a6\u5e7b", "userReviewDate": "2012-11-24", "userURL": "http://user.17k.com/13010144", "userReview": "\u8bdd\u8bf4\u6ca1\u4e8b\u95f2\u804a\uff0c\u8fd8\u80fd\u4e0a\u6392\u884c\u5440<img src='http://img.17k.com/images/face/103ai.gif' />"}, {"userName": "\u5deb\u4e5d", "userReviewDate": "2012-08-31", "userURL": "http://user.17k.com/12177770", "userReview": "\u4ffa\u76d6\u5e7f\u544a\u697c\u4e86\uff0c\u6253\u5e7f\u544a\u7684\u5404\u4f4d\u5927\u5927\u90fd\u6765\u8fd9\u91cc\u53d1\u5427\uff0c\u5728\u5916\u9762\u6253\u5e7f\u544a\u7684\u5c0f\u4e5d\u90fd\u4f1a\u5220\u6389 \u8c22\u8c22\u5927\u5927\u4eec\u5408\u4f5c\u3002(*^__^*) \u563b\u563b\u2026\u2026\r\n"}, {"userName": "...368012401", "userReviewDate": "2018-05-31", "userURL": "http://user.17k.com/62352516", "userReview": "\u597d\uff5e\uff5e\uff5e\uff5e\uff5e\uff5e"}, {"userName": "17K\u4e66\u53cb42GYYAF2", "userReviewDate": "2018-05-31", "userURL": "http://user.17k.com/61773827", "userReview": "\uff1f\uff01\uff01\uff5e\uff5e\u2026\u2026"}, {"userName": "\u5b59\u9e4f\u5ca9", "userReviewDate": "2018-05-13", "userURL": "http://user.17k.com/59595578", "userReview": "\u7535\u8bdd\u5e1d\u90fd\u52a8\u4e0d\u52a8\u5c31\u5f1f\u5f1f"}, {"userName": "\u6301\u4e4b\u4ee5\u6052339089409", "userReviewDate": "2018-05-13", "userURL": "http://user.17k.com/59777916", "userReview": "\u57fa\u5730\u5475\u5475\u51e0"}, {"userName": "\u6301\u4e4b\u4ee5\u6052339089409", "userReviewDate": "2018-05-12", "userURL": "http://user.17k.com/59777916", "userReview": "\u52fe\u80a1\u8fc7\u4f1a\u53d1\u4e2a"}, {"userName": "\u4f59\u5149059331698", "userReviewDate": "2018-05-11", "userURL": "http://user.17k.com/61616382", "userReview": "[\u6253\u8d4f]\u6211\u6253\u8d4f\u4e862\u5143\u7ea2\u5305\uff01\uff01"}, {"userName": "A\u0e08\u0e38\u0e4a\u0e1a \ue447\u4e00\u4f73\u63a8\u62ff\u5e97\u2026", "userReviewDate": "2018-05-10", "userURL": "http://user.17k.com/61113654", "userReview": "[\u6253\u8d4f]\u6211\u6253\u8d4f\u4e861\u5143\u7ea2\u5305\uff01\uff01"}, {"userName": "\u5b59\u9e4f\u5ca9", "userReviewDate": "2018-04-29", "userURL": "http://user.17k.com/59595578", "userReview": "hxueejejjeejdi\u7b49\u7ea7\u4f4e\u989d\u5475"}, {"userName": "\u9053\u6d3e\u4fee\u58eb", "userReviewDate": "2018-04-29", "userURL": "http://user.17k.com/38531921", "userReview": "\u561b\u5462\u4e45\u6ca1\u6709\u65b0\u4e66\uff0c\u9000\u6389\u4e0d\u6210"}, {"userName": "17K\u4e66\u53cb7YM3MRHU", "userReviewDate": "2018-04-24", "userURL": "http://user.17k.com/60648940", "userReview": "\u5199\u7684\u592a\u597d\u770b\u4e86\uff01"}, {"userName": "17K\u4e66\u53cbLMGMOS6A", "userReviewDate": "2018-04-20", "userURL": "http://user.17k.com/61139012", "userReview": "\u60c5\u8282\u5f88\u5438\u5f15\u4eba"}, {"userName": "\u4eba\u751f\u59a9\u5a9a819227296", "userReviewDate": "2018-04-14", "userURL": "http://user.17k.com/60223055", "userReview": "\u4e0d\u5bbf\u820d\u5427\u6570\u636e\u6316\u6398"}, {"userName": "\u4eba\u751f\u65e0\u5e38760041942", "userReviewDate": "2018-04-14", "userURL": "http://user.17k.com/60221766", "userReview": "\u5165\u80a1\u5341\u4e94\u53f7"}, {"userName": "\u795e563105322", "userReviewDate": "2018-04-14", "userURL": "http://user.17k.com/60224750", "userReview": "\u4e0d\u56de\u5bb6\u56db\u4e66\u4e94\u7ecf"}], "description": "\u3010\u6b64\u6587\u767e\u5ea6\u8d34\u5427\u9996\u53d1\uff0c\u767e\u5ea6\u795e\u8d34\u4e4b\u4e00\uff0c\u4e0a\u5343\u4e07\u70b9\u51fb\uff0c\u73b0\u676517K\u53d1\u8868\uff0c\u5e0c\u671b\u5927\u5bb6\u6536\u85cf\u652f\u6301\u3011\u3000\u3000\u9634\u9633\u5148\u751f\u547d\u4e2d\u6ce8\u5b9a\u4e94\u5f0a\u4e09\u7f3a\uff0c\u53ef\u6709\u89e3\u6551\u65b9\u6cd5\uff1f\u3000\u3000\u4e0e\u5438\u8840\u50f5\u5c38\u7684\u751f\u6b7b\u4e4b\u604b\uff01\uff01\uff01\u3000\u3000\u82e6\u5bfb\u7684\u9634\u9633\u5947\u5f55\uff0c\u6700\u540e\u53d1\u73b0\u7adf\u7136\u662f\u4e00\u4e2a\u66f4\u5927\u7684\u9634\u8c0b\uff01\uff01\uff01\u3000\u3000\u79e6\u7687\u9675\u3001\u5438\u8840\u50f5\u5c38\u3001\u9634\u95f4\u5ba2\u6808\u3001\u6218\u56fd\u53e4\u5893\u3001\u9634\u9633\u5947\u5f55\u5c3d\u5728\u300a\u7075\u5f02\u602a\u8c08\u300b\u3000\u3000\u2026\u2026\u2026\u2026\u2026\u2026\u2026\u2026\u2026\u2026\u2026\u2026\u2026\u2026\u2026\u2026", "title": "\u7075\u5f02\u602a\u8c08", "url": "http://www.17k.com/book/373822.html", "average": -1.0, "cover": "http://img.17k.com/images/bookcover/2013/1869/9/373822-1363035240000.jpg", "reviews": 15515387, "authors": [{"url": "http://www.17k.com/zuozhe/12177770", "name": "\u5deb\u4e5d"}], "type": ["\u7075\u5f02\u5947\u8c08"], "outlinks": ["http://www.17k.com/book/2794982.html", "http://www.17k.com/book/2801292.html", "http://www.17k.com/book/2816318.html", "http://www.17k.com/book/2797575.html", "http://www.17k.com/book/2802516.html", "http://www.17k.com/book/2812195.html", "http://www.17k.com/book/2820143.html", "http://www.17k.com/book/2807943.html", "http://www.17k.com/book/2813457.html", "http://www.17k.com/book/2798058.html", "http://www.17k.com/book/2815617.html", "http://www.17k.com/book/2805259.html", "http://www.17k.com/book/2760255.html", "http://www.17k.com/book/2686894.html", "http://www.17k.com/book/2797016.html", "http://www.17k.com/book/2767246.html", "http://www.17k.com/book/2764239.html", "http://www.17k.com/book/2754498.html", "http://www.17k.com/book/2754900.html", "http://www.17k.com/book/2625740.html", "http://www.17k.com/book/2213315.html", "http://www.17k.com/book/2402178.html", "http://www.17k.com/book/2691221.html", "http://www.17k.com/book/2210699.html", "http://www.17k.com/book/1797752.html", "http://www.17k.com/book/2575507.html", "http://www.17k.com/book/2705181.html", "http://www.17k.com/book/2702539.html", "http://www.17k.com/book/2474887.html", "http://www.17k.com/book/2674733.html", "http://www.17k.com/book/2822076.html", "http://www.17k.com/book/2809894.html", "http://www.17k.com/book/2822077.html", "http://www.17k.com/book/2811930.html", "http://www.17k.com/book/2815548.html", "http://www.17k.com/book/2819620.html", "http://www.17k.com/book/2809964.html", "http://www.17k.com/book/2808200.html", "http://www.17k.com/book/2820100.html", "http://www.17k.com/book/2822978.html", "http://www.17k.com/book/2804337.html", "http://www.17k.com/book/2798814.html", "http://www.17k.com/book/2785153.html", "http://www.17k.com/book/2731559.html", "http://www.17k.com/book/2722533.html", "http://www.17k.com/book/2458377.html", "http://www.17k.com/book/2743300.html", "http://www.17k.com/book/973809.html", "http://www.17k.com/book/2651367.html", "http://www.17k.com/book/2726194.html", "http://www.17k.com/book/2790214.html", "http://www.17k.com/book/493239.html", "http://www.17k.com/book/108821.html", "http://www.17k.com/book/1398783.html", "http://www.17k.com/book/83528.html", "http://www.17k.com/book/1859126.html", "http://www.17k.com/book/1741975.html", "http://www.17k.com/book/192453.html", "http://www.17k.com/book/2459058.html", "http://www.17k.com/book/1050747.html", "http://www.17k.com/book/2700315.html", "http://www.17k.com/book/2818940.html", "http://www.17k.com/book/2819519.html", "http://www.17k.com/book/2816390.html", "http://www.17k.com/book/2819588.html", "http://www.17k.com/book/2813768.html", "http://www.17k.com/book/2822406.html", "http://www.17k.com/book/2772164.html", "http://www.17k.com/book/2784023.html", "http://www.17k.com/book/2811877.html", "http://www.17k.com/book/2809119.html", "http://www.17k.com/book/2803700.html", "http://www.17k.com/book/2819561.html", "http://www.17k.com/book/2746506.html", "http://www.17k.com/book/2811836.html", "http://www.17k.com/book/2614810.html", "http://www.17k.com/book/1592435.html", "http://www.17k.com/book/1949748.html", "http://www.17k.com/book/2265802.html", "http://www.17k.com/book/2743240.html", "http://www.17k.com/book/2657437.html", "http://www.17k.com/book/2644502.html", "http://www.17k.com/book/2199900.html", "http://www.17k.com/book/2725436.html", "http://www.17k.com/book/2629978.html"]}