{"ratings": -1, "userreviews": [{"userName": "\u5c18\u7985010536419", "userReviewDate": "2016-03-05", "userURL": "http://user.17k.com/44918080", "userReview": "\u5199\u7684\u6211\u719f\u6089\u7684\u5730\u65b9\uff0c\u559c\u6b22\u3002\u52a0\u6cb9\uff01"}, {"userName": "\u5927\u5c55\u6d2a\u56fe", "userReviewDate": "2013-09-12", "userURL": "http://user.17k.com/12487797", "userReview": "\u5f88\u6709\u610f\u601d\u7684\u5c0f\u8bf4\uff0c\u600e\u4e48\u4e0d\u5199\u4e86\u554a\uff1f"}, {"userName": "\u6600\u6cab", "userReviewDate": "2013-08-21", "userURL": "http://user.17k.com/14750374", "userReview": "\u98de\u8d77\u6765\u4e86~\u7ee7\u7eed\u52a0\u6cb9\u3002\u3002\u3002"}, {"userName": "\u591c\u9b45\u661f\u8fb0\u672c\u5c0a", "userReviewDate": "2018-05-08", "userURL": "http://user.17k.com/15601070", "userReview": "\u9001\u5927\u59277\u6735\u82b1\u82b1\uff0c\u665a\u4e0a\u597d\uff0c\u652f\u6301\u4e86"}, {"userName": "\u98ce034179591", "userReviewDate": "2018-04-15", "userURL": "http://user.17k.com/57884980", "userReview": "[\u6253\u8d4f]\u6211\u6253\u8d4f\u4e868\u5143\u7ea2\u5305\uff01\uff01"}, {"userName": "Oo\u706b\u67f4\u541boO", "userReviewDate": "2018-04-12", "userURL": "http://user.17k.com/32325419", "userReview": "\u606d\u559c\u7834\u767e\u4e07<img src='http://img.17k.com/images/face/103ai.gif' />"}, {"userName": "Oo\u706b\u67f4\u541boO", "userReviewDate": "2018-03-15", "userURL": "http://user.17k.com/32325419", "userReview": "\u518d\u6765\u4e2a\u516b\u66f4\u723d\u723d"}, {"userName": "Oo\u706b\u67f4\u541boO", "userReviewDate": "2018-03-14", "userURL": "http://user.17k.com/32325419", "userReview": "\u606d\u559c\u4e0a\u67b6<img src='http://img.17k.com/images/face/106mj.gif' />"}, {"userName": "Oo\u706b\u67f4\u541boO", "userReviewDate": "2018-03-07", "userURL": "http://user.17k.com/32325419", "userReview": "<img src='http://img.17k.com/images/face/106mj.gif' /><img src='http://img.17k.com/images/face/103ai.gif' /><img src='http://img.17k.com/images/face/103ai.gif' />"}, {"userName": "\u65e0\u6c81\u65e0\u75d5", "userReviewDate": "2018-03-05", "userURL": "http://user.17k.com/60286301", "userReview": "\u52a0\u6cb9\uff0c\u652f\u6301"}, {"userName": "\u4e00\u6735\u83dc\u5c0f\u8ff7\u59b9", "userReviewDate": "2018-03-04", "userURL": "http://user.17k.com/60172038", "userReview": "<a target='_blank' href='http://www.17k.com/book/1233923.html'>\u300a\u6211\u548c\u5996\u602a\u7684\u604b\u7231\u4e4b\u65c5\u300b</a>\u524d\u6765\u62dc\u8bbf(\u30fc`&acute;\u30fc)"}, {"userName": "Oo\u706b\u67f4\u541boO", "userReviewDate": "2018-03-02", "userURL": "http://user.17k.com/32325419", "userReview": "\u52a0\u6cb9\u66f4\uff0c\u54c8\u54c8\u54c8"}, {"userName": "\u591c\u9b45\u661f\u8fb0\u672c\u5c0a", "userReviewDate": "2018-03-01", "userURL": "http://user.17k.com/15601070", "userReview": "\u5927\u5927\uff0c\u665a\u4e0a\u597d\uff0c<a target='_blank' href='http://www.17k.com/book/2784873.html'>\u300a\u5168\u804c\u6740\u624b\u4e4b\u6211\u7684\u6781\u54c1\u672a\u5a5a\u59bb\u300b</a>\u6765\u8bbf\uff0c\u671f\u5f85\u66f4\u65b0\uff0c\u52a0\u6cb9"}, {"userName": "\u84a8\u58a8", "userReviewDate": "2018-02-24", "userURL": "http://user.17k.com/55976660", "userReview": "\u5927\u795e\u52a0\u6cb9\uff0c\u4e3a\u4f60\u6253call\uff0c\u597d\u770b\u7684\u6839\u672c\u505c\u4e0d\u4e0b\u6765<a target='_blank' href='http://www.17k.com/book/2770227.html'>\u300a\u5251\u5df2\u51fa\u9798\u300b</a>\u6765\u8bbf"}, {"userName": "\u84a8\u58a8", "userReviewDate": "2018-02-24", "userURL": "http://user.17k.com/55976660", "userReview": "\u5927\u795e\u52a0\u6cb9\uff0c\u4e3a\u4f60\u6253call\uff0c\u597d\u770b\u7684\u6839\u672c\u505c\u4e0d\u4e0b\u6765<a target='_blank' href='http://www.17k.com/book/2770227.html'>\u300a\u5251\u5df2\u51fa\u9798\u300b</a>\u6765\u8bbf"}, {"userName": "Oo\u706b\u67f4\u541boO", "userReviewDate": "2018-02-24", "userURL": "http://user.17k.com/32325419", "userReview": "\u597d\u4e66\uff0c\u5df2\u6536\u85cf\uff0c\u671f\u5f85\u63a5\u4e0b\u6765\u7684\u60c5\u8282"}, {"userName": "\u6211\u7231\u7ad9\u5728\u677e\u6811\u4e0b", "userReviewDate": "2016-12-07", "userURL": "http://user.17k.com/45367814", "userReview": "<a target='_blank' href='http://www.17k.com/book/2062207.html'>\u300a\u7edd\u4e16\u795e\u5c0a\u300b</a>\u62dc\u8bbf<a target='_blank' href='http://www.17k.com/book/613684.html'>\u300a\u5929\u5992\u8be1\u8c0b\u300b</a>\uff0c\u5927\u795e\u7684\u6587\u7b14\u771f\u68d2\uff01"}, {"userName": "\u4e00\u65e5\u4e09\u987f", "userReviewDate": "2016-12-06", "userURL": "http://user.17k.com/38501760", "userReview": "\u5927\u5927\u52a0\u6cb9\uff01 \u82b1\u82b1\u652f\u6301\uff01"}, {"userName": "ALEXSC", "userReviewDate": "2016-04-15", "userURL": "http://user.17k.com/42471046", "userReview": "\u5c11\u5ddd\u5e26<a target='_blank' href='http://www.17k.com/book/1803084.html'>\u300a\u75c5\u9662\u65e5\u5fd7\u300b</a>\u6765\u8bbf\uff01\u5927\u5927\u52a0\u6cb9\uff01\u9c9c\u82b1\u9001\u4e0a\uff01\u671b\u56de\u8bbf\u6536\u85cf\uff01\u8c22\u8c22\uff01<a target='_blank' href='http://user.17k.com/7510778'>@\u9752\u8863\u9646\u900a</a>"}, {"userName": "\u53e4\u5996\u541b", "userReviewDate": "2016-02-19", "userURL": "http://user.17k.com/42987056", "userReview": "\u5927\u5927\u5199\u7684\u592a\u597d\u4e86\uff0c\u5e0c\u671b\u5927\u5927\u7ee7\u7eed\u52aa\u529b\uff0c\u5c0f\u541b\u643a<a target='_blank' href='http://www.17k.com/book/1690231.html'>\u300a\u51e1\u4eba\u4e00\u4e16\u300b</a>\u6765\u8bbf\uff0c\u671b\u5927\u5927\u70b9\u8bc4\uff01"}], "description": "\u4e00\u573a\u7a7f\u8d8a\uff0c\u4e3b\u89d2\u53ca\u4ed6\u7684\u5b66\u5f1f\u5b66\u59b9\u4eec\u56de\u5230\u4e86\u516b\u767e\u5e74\u524d\uff0c\u6b63\u9022\u534e\u590f\u70fd\u706b\u5dc5\u5cf0\u65f6\uff01\u3000\u3000\u5b8b\u671d\u7075\u5e08\uff0c\u91d1\u56fd\u94c1\u9a91\uff0c\u8499\u53e4\u5f2f\u5f13\uff0c\u5357\u86ee\u517d\u5175\uff0c\u56db\u56fd\u5272\u636e\uff01\u3000\u3000\u4e03\u5927\u5723\u5730\u3001\u4ea1\u56fd\u4f59\u5b7d\u3001\u8bf8\u5b50\u767e\u5bb6\u3001\u4e91\u6d8c\u800c\u51fa\uff0c\u4e89\u90a3\u4e5d\u9f99\u5c01\u795e\u4e4b\u547d\u683c\uff01\u3000\u3000\u4e14\u770b\u8eab\u4e3a\u62a4\u728a\u72c2\u9b54\u7684\u4e3b\u89d2\u4e0e\u4f19\u4f34\u4eec\u5982\u4f55\u5f81\u6218\u534e\u590f\uff0c\u5efa\u4e0b\u5927\u6587\u5e1d\u56fd\uff0c\u8c31\u5199\u4e00\u9996\u70ed\u8840\u6781\u81f4\u7684\u5e7b\u60f3\u76db\u66f2\uff01\u3000\u3000\u3010\u6c42\u652f\u6301\uff01\u6536\u85cf\u795e\u9a6c\u7684\u901a\u901a\u6765\u5427\uff01\uff01\uff01\u3011\u3000\u3000\u3010\u672c\u4eba\u6263\u6263\u7fa4\uff1a58700684\u3002\u3011", "title": "\u70fd\u706b\u6587\u9014", "url": "http://www.17k.com/book/613684.html", "average": -1.0, "cover": "http://img.17k.com/images/bookcover/2018/3068/15/613684-1522486987000.jpg", "reviews": 10264, "authors": [{"url": "http://www.17k.com/zuozhe/7510778", "name": "\u9752\u8863\u9646\u900a"}], "type": ["\u4e1c\u65b9\u7384\u5e7b"], "outlinks": ["http://www.17k.com/book/2794982.html", "http://www.17k.com/book/2801292.html", "http://www.17k.com/book/2816318.html", "http://www.17k.com/book/2797575.html", "http://www.17k.com/book/2802516.html", "http://www.17k.com/book/2812195.html", "http://www.17k.com/book/2820143.html", "http://www.17k.com/book/2807943.html", "http://www.17k.com/book/2813457.html", "http://www.17k.com/book/2798058.html", "http://www.17k.com/book/2815617.html", "http://www.17k.com/book/2805259.html", "http://www.17k.com/book/2760255.html", "http://www.17k.com/book/2686894.html", "http://www.17k.com/book/2797016.html", "http://www.17k.com/book/2767246.html", "http://www.17k.com/book/2764239.html", "http://www.17k.com/book/2754498.html", "http://www.17k.com/book/2754900.html", "http://www.17k.com/book/2625740.html", "http://www.17k.com/book/2213315.html", "http://www.17k.com/book/2402178.html", "http://www.17k.com/book/2691221.html", "http://www.17k.com/book/2210699.html", "http://www.17k.com/book/1797752.html", "http://www.17k.com/book/2575507.html", "http://www.17k.com/book/2705181.html", "http://www.17k.com/book/2702539.html", "http://www.17k.com/book/2474887.html", "http://www.17k.com/book/2674733.html", "http://www.17k.com/book/2822076.html", "http://www.17k.com/book/2809894.html", "http://www.17k.com/book/2822077.html", "http://www.17k.com/book/2811930.html", "http://www.17k.com/book/2815548.html", "http://www.17k.com/book/2819620.html", "http://www.17k.com/book/2809964.html", "http://www.17k.com/book/2808200.html", "http://www.17k.com/book/2820100.html", "http://www.17k.com/book/2822978.html", "http://www.17k.com/book/2804337.html", "http://www.17k.com/book/2798814.html", "http://www.17k.com/book/2785153.html", "http://www.17k.com/book/2731559.html", "http://www.17k.com/book/2722533.html", "http://www.17k.com/book/2458377.html", "http://www.17k.com/book/2743300.html", "http://www.17k.com/book/973809.html", "http://www.17k.com/book/2651367.html", "http://www.17k.com/book/2726194.html", "http://www.17k.com/book/2790214.html", "http://www.17k.com/book/493239.html", "http://www.17k.com/book/108821.html", "http://www.17k.com/book/1398783.html", "http://www.17k.com/book/83528.html", "http://www.17k.com/book/1859126.html", "http://www.17k.com/book/1741975.html", "http://www.17k.com/book/192453.html", "http://www.17k.com/book/2459058.html", "http://www.17k.com/book/1050747.html", "http://www.17k.com/book/2700315.html", "http://www.17k.com/book/2818940.html", "http://www.17k.com/book/2819519.html", "http://www.17k.com/book/2816390.html", "http://www.17k.com/book/2819588.html", "http://www.17k.com/book/2813768.html", "http://www.17k.com/book/2822406.html", "http://www.17k.com/book/2772164.html", "http://www.17k.com/book/2784023.html", "http://www.17k.com/book/2811877.html", "http://www.17k.com/book/2809119.html", "http://www.17k.com/book/2803700.html", "http://www.17k.com/book/2819561.html", "http://www.17k.com/book/2746506.html", "http://www.17k.com/book/2811836.html", "http://www.17k.com/book/2614810.html", "http://www.17k.com/book/1592435.html", "http://www.17k.com/book/1949748.html", "http://www.17k.com/book/2265802.html", "http://www.17k.com/book/2743240.html", "http://www.17k.com/book/2657437.html", "http://www.17k.com/book/2644502.html", "http://www.17k.com/book/2199900.html", "http://www.17k.com/book/2725436.html", "http://www.17k.com/book/2629978.html"]}