{"ratings": -1, "userreviews": [{"userName": "\u9ed1\u6697\u5d1b\u8d7701", "userReviewDate": "2013-07-17", "userURL": "http://user.17k.com/2036512", "userReview": "\u672c\u697c\u4e3a\u5e7f\u544a\u697c\uff0c\u6253\u5e7f\u544a\u7684\u5728\u6b64\u8d34\uff0c\u5176\u4f59\u5728\u5916\u9762\u7684\u4e00\u5f8b\u5220\u9664\uff01"}, {"userName": "17K\u4e66\u53cbUB7Q8EMF", "userReviewDate": "2018-06-08", "userURL": "http://user.17k.com/55639470", "userReview": "\u66f4\u65b0\u592a\u6162\u4e86"}, {"userName": "\u65b7\u9c33De\u7de6\u6200", "userReviewDate": "2018-06-07", "userURL": "http://user.17k.com/5100251", "userReview": "\u4ece12\u5e74\u5f00\u59cb\u8ffd\u8fd9\u672c\u5c0f\u8bf4\u5230\u73b0\u5728\uff0c\u4ece\u90fd\u5e02\u6587\u53d8\u6210\u4ed9\u4fa0\u7384\u5e7b\u6587\uff0c\u771f\u7684\u6211\u4e5f\u662f\u65e0\u8bed\u4e86\uff01\uff01\u4f5c\u8005\u8fd8\u4e00\u76f4\u51fa\u9519\uff01\uff01\u7b97\u4e86\uff0c\u6211\u4e5f\u5c31\u662f\u53d1\u53d1\u7262\u9a9a\uff01\uff01"}, {"userName": "\u7fd2\u6163\u310b\u3001\u5bf5\u611b \u2192\u2605\u2026", "userReviewDate": "2018-06-07", "userURL": "http://user.17k.com/56853473", "userReview": "999999999"}, {"userName": "\u7fd2\u6163\u310b\u3001\u5bf5\u611b \u2192\u2605\u2026", "userReviewDate": "2018-06-07", "userURL": "http://user.17k.com/56853473", "userReview": "9999999"}, {"userName": "\u7fd2\u6163\u310b\u3001\u5bf5\u611b \u2192\u2605\u2026", "userReviewDate": "2018-06-07", "userURL": "http://user.17k.com/56853473", "userReview": "9999999"}, {"userName": "\u7fd2\u6163\u310b\u3001\u5bf5\u611b \u2192\u2605\u2026", "userReviewDate": "2018-06-07", "userURL": "http://user.17k.com/56853473", "userReview": "99999"}, {"userName": "17K\u4e66\u53cbUB7Q8EMF", "userReviewDate": "2018-06-07", "userURL": "http://user.17k.com/55639470", "userReview": "\u66f4\u65b0\uff0c\u52a0\u6cb9\u52a0\u6cb9"}, {"userName": "\u96f6\u97f3\u9f99", "userReviewDate": "2018-06-06", "userURL": "http://user.17k.com/14058549", "userReview": "\u53c8\u9519\u66f4\uff0c\u4f5c\u8005\u8fd9\u662f\u4e0d\u8bc6\u6570\u4e48\uff1f\u8fd9\u90fd\u7b2c\u51e0\u6b21\u4e86\uff1f\u5e72\u8106\u4f60\u8d76\u5feb\u7ed3\u5c3e\u7b97\u4e86\uff0c\u522b\u6298\u78e8\u6211\u4eec"}, {"userName": "17k\u4e66\u53cbe41doyouk", "userReviewDate": "2018-06-06", "userURL": "http://user.17k.com/62099502", "userReview": "\u53c8\u9519\u66f4\uff0c\u6bcf\u5929\u4e00\u7ae0\u90fd\u80fd\u8fd9\u4e48\u591a\u4e8b\u3002\u8981\u4e0d\u4f60\u628a\u4f60\u65b0\u4e66\u540d\u5b57\u901a\u77e5\u4e00\u4e0b\u3002\u770b\u65b0\u4e66\u5f97\u4e86"}, {"userName": "17K\u4e66\u53cbY69EJPVK", "userReviewDate": "2018-06-02", "userURL": "http://user.17k.com/62003495", "userReview": "[\u6253\u8d4f]\u6211\u6253\u8d4f\u4e861\u5143\u7ea2\u5305\uff01\uff01"}, {"userName": "17K\u4e66\u53cbUB7Q8EMF", "userReviewDate": "2018-05-31", "userURL": "http://user.17k.com/55639470", "userReview": "\u52a0\u6cb9\u52a0\u6cb9\u52a0\u6cb9"}, {"userName": "17K\u4e66\u53cbdjwfstjw", "userReviewDate": "2018-05-23", "userURL": "http://user.17k.com/58142603", "userReview": "66666666"}, {"userName": "\u5fd8\u4e0d\u4e86\u4f60\u7684\u51b7\u9177", "userReviewDate": "2018-05-21", "userURL": "http://user.17k.com/11083643", "userReview": "\u54ce\uff0c\u6700\u5fc3\u585e\u7684\u4e00\u6b65\u559c\u7231\u5c0f\u8bf4\uff0c\u611f\u89c9\u8fd9\u4e48\u591a\u5e74\u8ffd\u7684\u597d\u7d2f"}, {"userName": "7Cnyj1fj1Tm5L9l5", "userReviewDate": "2018-05-21", "userURL": "http://user.17k.com/52635698", "userReview": "\u8ddf\u65b0\u5f88\u6162\uff0c\u6709\u7684\u65f6\u5019\u4e24\u4e09\u5929\u4e00\u6b21"}, {"userName": "17K\u4e66\u53cbUB7Q8EMF", "userReviewDate": "2018-05-21", "userURL": "http://user.17k.com/55639470", "userReview": "\u8d5e\u8d5e\u8d5e\u8d5e\u8d5e\u8d5e"}, {"userName": "17K\u4e66\u53cbUB7Q8EMF", "userReviewDate": "2018-05-21", "userURL": "http://user.17k.com/55639470", "userReview": "\u8d5e\u8d5e\u8d5e\u8d5e\u8d5e\u8d5e"}, {"userName": "\u96f6\u97f3\u9f99", "userReviewDate": "2018-05-18", "userURL": "http://user.17k.com/14058549", "userReview": "\u8001\u9ed1\uff0c\u6211\u7406\u89e3\u4f60\u662f\u6587\u79d1\u6bd5\u4e1a\u7684\uff0c\u4f46\u662f\u53c8\u4e0d\u662f\u8981\u4f60\u7b97\u5fae\u79ef\u5206\uff0c\u6bcf\u5929\u4e0a\u4f20\u7684\u7ae0\u8282\u90fd\u7ecf\u5e38\u4f20\u9519\uff0c\u4f60\u7279\u4e48\u5c0f\u5b66\u6570\u5b66\u662f\u626b\u5730\u963f\u59e8\u5bb6\u7684\u65fa\u8d22\u6559\u7684\u4e48\uff1f"}, {"userName": "\u5fd8\u4e0d\u4e86\u4f60\u7684\u51b7\u9177", "userReviewDate": "2018-05-18", "userURL": "http://user.17k.com/11083643", "userReview": "\u53c8\u4f20\u9519\u4e86\uff0c\u6bcf\u5929\u770b\u4e2a\u5c0f\u8bf4\u8fd8\u8981\u4ed4\u7ec6\u770b\u7ae0\u8282\u6570"}, {"userName": "huafans01696\u2026", "userReviewDate": "2018-05-17", "userURL": "http://user.17k.com/61520016", "userReview": "\u8fd8\u4e0d\u9519\uff0c\u633a\u597d&#55357;&#56842;"}], "description": "\u7537\u513f\u4e24\u884c\u6cea\uff0c\u4e00\u884c\u4e3a\u82cd\u751f\uff0c\u4e00\u884c\u4e3a\u7f8e\u4eba\u2026\u2026\u3000\u3000\u2605\u2605\u2605\u2605\u2605\u2605\u2605\u2605\u2605\u2605\u2605\u2605\u2605\u2605\u2605\u2605\u2605\u2605\u3000\u3000\u672c\u6587\u8d70\u8f7b\u677e\u8def\u7ebf\uff0c\u4ec5\u4f9b\u5a31\u4e50\u4f11\u95f2\u9605\u8bfb\uff0c\u597d\u4e8b\u8005\u3001\u536b\u9053\u58eb\u8bf7\u7ed5\u9053\uff01\u3000\u3000\u65b0\u4e66\u300a\u7ec8\u6781\u4fdd\u5b89\u300b\u4e0a\u4f20\uff0c\u6709\u5174\u8da3\u7684\u7ae5\u978b\u53ef\u4ee5\u53bb\u770b\u770b\u3002", "title": "\u7279\u79cd\u6559\u5e08", "url": "http://www.17k.com/book/143095.html", "average": -1.0, "cover": "http://img.17k.com/images/bookcover/2014/715/3/143095-1397320207000.jpg", "reviews": 109845669, "authors": [{"url": "http://www.17k.com/zuozhe/2036512", "name": "\u9ed1\u6697\u5d1b\u8d77"}], "type": ["\u70ed\u8840\u9752\u6625"], "outlinks": ["http://www.17k.com/book/2794982.html", "http://www.17k.com/book/2801292.html", "http://www.17k.com/book/2816318.html", "http://www.17k.com/book/2797575.html", "http://www.17k.com/book/2802516.html", "http://www.17k.com/book/2812195.html", "http://www.17k.com/book/2820143.html", "http://www.17k.com/book/2807943.html", "http://www.17k.com/book/2813457.html", "http://www.17k.com/book/2798058.html", "http://www.17k.com/book/2815617.html", "http://www.17k.com/book/2805259.html", "http://www.17k.com/book/2760255.html", "http://www.17k.com/book/2686894.html", "http://www.17k.com/book/2797016.html", "http://www.17k.com/book/2767246.html", "http://www.17k.com/book/2764239.html", "http://www.17k.com/book/2754498.html", "http://www.17k.com/book/2754900.html", "http://www.17k.com/book/2625740.html", "http://www.17k.com/book/2213315.html", "http://www.17k.com/book/2402178.html", "http://www.17k.com/book/2691221.html", "http://www.17k.com/book/2210699.html", "http://www.17k.com/book/1797752.html", "http://www.17k.com/book/2575507.html", "http://www.17k.com/book/2705181.html", "http://www.17k.com/book/2702539.html", "http://www.17k.com/book/2474887.html", "http://www.17k.com/book/2674733.html", "http://www.17k.com/book/2822076.html", "http://www.17k.com/book/2809894.html", "http://www.17k.com/book/2822077.html", "http://www.17k.com/book/2811930.html", "http://www.17k.com/book/2815548.html", "http://www.17k.com/book/2819620.html", "http://www.17k.com/book/2809964.html", "http://www.17k.com/book/2808200.html", "http://www.17k.com/book/2820100.html", "http://www.17k.com/book/2822978.html", "http://www.17k.com/book/2804337.html", "http://www.17k.com/book/2798814.html", "http://www.17k.com/book/2785153.html", "http://www.17k.com/book/2731559.html", "http://www.17k.com/book/2722533.html", "http://www.17k.com/book/2458377.html", "http://www.17k.com/book/2743300.html", "http://www.17k.com/book/973809.html", "http://www.17k.com/book/2651367.html", "http://www.17k.com/book/2726194.html", "http://www.17k.com/book/2790214.html", "http://www.17k.com/book/493239.html", "http://www.17k.com/book/108821.html", "http://www.17k.com/book/1398783.html", "http://www.17k.com/book/83528.html", "http://www.17k.com/book/1859126.html", "http://www.17k.com/book/1741975.html", "http://www.17k.com/book/192453.html", "http://www.17k.com/book/2459058.html", "http://www.17k.com/book/1050747.html", "http://www.17k.com/book/2700315.html", "http://www.17k.com/book/2818940.html", "http://www.17k.com/book/2819519.html", "http://www.17k.com/book/2816390.html", "http://www.17k.com/book/2819588.html", "http://www.17k.com/book/2813768.html", "http://www.17k.com/book/2822406.html", "http://www.17k.com/book/2772164.html", "http://www.17k.com/book/2784023.html", "http://www.17k.com/book/2811877.html", "http://www.17k.com/book/2809119.html", "http://www.17k.com/book/2803700.html", "http://www.17k.com/book/2819561.html", "http://www.17k.com/book/2746506.html", "http://www.17k.com/book/2811836.html", "http://www.17k.com/book/2614810.html", "http://www.17k.com/book/1592435.html", "http://www.17k.com/book/1949748.html", "http://www.17k.com/book/2265802.html", "http://www.17k.com/book/2743240.html", "http://www.17k.com/book/2657437.html", "http://www.17k.com/book/2644502.html", "http://www.17k.com/book/2199900.html", "http://www.17k.com/book/2725436.html", "http://www.17k.com/book/2629978.html"]}