{"ratings": -1, "userreviews": [{"userName": "17K\u4e66\u53cbjpp2g9hs", "userReviewDate": "2018-06-06", "userURL": "http://user.17k.com/61173831", "userReview": "\u7279\u522b\u597d\u770b\uff01"}, {"userName": "17K\u4e66\u53cbBLO346P7", "userReviewDate": "2018-06-05", "userURL": "http://user.17k.com/60333647", "userReview": "\u76fc\u661f\u661f\u76fc\u6708\u4eae\u76fc\u7740\u4f5c\u8005\u5feb\u70b9\u5199"}, {"userName": "17K\u4e66\u53cbBLO346P7", "userReviewDate": "2018-05-27", "userURL": "http://user.17k.com/60333647", "userReview": "\u4f5c\u8005\u52a0\u6cb9\u5199\u554a\uff01\u6211\u662f\u671b\u773c\u6b32\u7a7f\u554a"}, {"userName": "17K\u4e66\u53cb1g6wz8x3", "userReviewDate": "2018-05-16", "userURL": "http://user.17k.com/58011368", "userReview": "\u597d\u770b\uff01\u4f5c\u8005\u52a0\u6cb9\uff01"}, {"userName": "17K\u4e66\u53cbrh7069nn", "userReviewDate": "2018-05-06", "userURL": "http://user.17k.com/60183314", "userReview": "\u3002\u3002\u3002\u3002\u3002"}, {"userName": "yaitita546879446", "userReviewDate": "2018-04-16", "userURL": "http://user.17k.com/54107938", "userReview": "\u8d5e\u8d5e\u8d5e\uff01\uff01\uff01&#55357;&#56397;&#55357;&#56397;&#55357;&#56397;"}, {"userName": "\u4fd5\u79be", "userReviewDate": "2018-04-14", "userURL": "http://user.17k.com/59710940", "userReview": "\u643a<a target='_blank' href='http://www.17k.com/book/2771369.html'>\u300a\u53cc\u751f\u8882\u300b</a>\u6765\u8bbf\uff0c\u5927\u5927\u52a0\u6cb9"}, {"userName": "\u6625\u5c71\u4e00\u6735", "userReviewDate": "2018-04-12", "userURL": "http://user.17k.com/44606259", "userReview": "\u633a\u597d\u770b\u7684\uff0c\u8f7b\u677e\u7684\u6545\u4e8b\u5438\u5f15\u4eba\u3002\u52a0\u6cb9\u3002\u6b22\u8fce\u56de\u8bbf\u3002"}, {"userName": "17K\u4e66\u53cbBLO346P7", "userReviewDate": "2018-04-12", "userURL": "http://user.17k.com/60333647", "userReview": "\u6700\u8fd1\u559c\u6b22\u4e0a\u4e86\u7a7f\u8d8a\u4e66"}, {"userName": "\u5fc6\u6893\u51dd\u9896", "userReviewDate": "2018-04-11", "userURL": "http://user.17k.com/45404027", "userReview": "\u5509\u5509\u5509\uff1f\u4e3a\u4ec0\u4e48\u5230\u540e\u9762\u662f\u540d\u5b57\u6362\u4e86\u5417\uff1f\u6c42\u89e3\u554a\u2026\u2026"}, {"userName": "\u5fc6\u6893\u51dd\u9896", "userReviewDate": "2018-04-11", "userURL": "http://user.17k.com/45404027", "userReview": "\u597d\u770b\uff0c\u6536\u85cf\u770b\uff0c\u4e00\u8d77\u52a0\u6cb9\uff0c\u8bdd\u4e0d\u591a\u8bf4\uff0c\u7ee7\u7eed\u770b\u6587\u3002"}, {"userName": "\u50cf\u6211\u8fd9\u6837\u7684\u4eba872488037", "userReviewDate": "2018-04-06", "userURL": "http://user.17k.com/60649813", "userReview": "\u5199\u7684\u4e0d\u9519 \uff0c"}, {"userName": "17K\u4e66\u53cbBLO346P7", "userReviewDate": "2018-03-31", "userURL": "http://user.17k.com/60333647", "userReview": "\u52a0\u6cb9\uff01\u8c22\u8c22\u4f5c\u5bb6\uff01\u6e34\u671b\u5feb\u4e9b\u80fd\u591f\u66f4\u65b0\u3002"}, {"userName": "\u8d75\u7ffc512282253", "userReviewDate": "2018-03-30", "userURL": "http://user.17k.com/58784118", "userReview": "\u5c01\u9762\u5f88\u6f02\u4eae\uff0c\u8d85\u559c\u6b22\uff0c<a target='_blank' href='http://www.17k.com/book/2705953.html'>\u300a\u9b3c\u8ff9\u5bfb\u8e2a\u300b</a>\u5feb\u6309\u637a\u4e0d\u4f4f\u4e86"}, {"userName": "Tia\u5927\u67da\u5b50", "userReviewDate": "2018-03-30", "userURL": "http://user.17k.com/59467398", "userReview": "\u8fc7\u6765\u652f\u6301\u4e00\u4e0b\uff0c\u52a0\u6cb9\u54e6&#55357;&#56490;"}, {"userName": "17K\u4e66\u53cbBLO346P7", "userReviewDate": "2018-03-29", "userURL": "http://user.17k.com/60333647", "userReview": "\u559c\u6b22\u4f60\u5199\u7684\u7a7f\u8d8a\u5267\u60c5\uff0c\u52a0\u6cb9\uff01"}, {"userName": "\u512c&amp;\u4e44", "userReviewDate": "2018-03-24", "userURL": "http://user.17k.com/60572913", "userReview": "[\u6253\u8d4f]\u6211\u6253\u8d4f\u4e861\u5143\u7ea2\u5305\uff01\uff01"}, {"userName": "\u963f\u66ae\u5b8c\u4facmumu", "userReviewDate": "2018-03-23", "userURL": "http://user.17k.com/57093862", "userReview": "<a target='_blank' href='http://www.17k.com/book/2645447.html'>\u300a\u51b7\u66ae\u4e03\u6708\u300b</a>\u6765\u8bbf\uff0c\u5e0c\u671b\u5927\u5bb6\u559c\u6b22\uff01\u652f\u6301\uff01"}, {"userName": "\u574f\u5c0f\u5b50\u7684\u7eaf\u60c5", "userReviewDate": "2018-03-22", "userURL": "http://user.17k.com/60383691", "userReview": "<a target='_blank' href='http://www.17k.com/book/2798234.html'>\u300a\u90aa\u6027\u6b8b\u60c5\u300b</a>\u8e6d\u8e6d\u70ed\u5ea6\uff0c\u5927\u5927\u7b14\u4e0b\u5999\u7b14\u751f\u82b1\uff0c\u732e\u4e11\u4e86\u3002"}, {"userName": "\u661f\u7a7a\u591c\u68a6\u58f9", "userReviewDate": "2018-03-20", "userURL": "http://user.17k.com/58116533", "userReview": "\u661f\u7a7a\u9020\u8bbf\uff0c\u770b\u4e66\u652f\u6301\uff0c\u52a0\u6cb9\u5171\u52c9\u5427\uff01"}], "description": "\u5341\u5e74\u519b\u88c5\uff0c\u4e00\u671d\u7a7f\u8d8a\uff0c\u4e00\u7741\u773c\u81ea\u5df1\u7adf\u7136\u5750\u5728\u9f99\u6905\u4e4b\u4e0a\u3002\u3000\u3000\u5f53\u4e0b\u56db\u9762\u695a\u6b4c\uff0c\u4e94\u56fd\u7687\u5e1d\u5bf9\u5979\u7684\u6c5f\u5c71\u56fe\u8c0b\u4e0d\u8f68\uff0c\u66f4\u8ba9\u5979\u5934\u75bc\u7684\u5374\u662f\uff0c\u81ea\u5df1\u88ab\u81e3\u4e0b\u8bae\u8bba\u662f\u660f\u5eb8\u597d\u8272\uff0c\u6b8b\u66b4\u6740\u622e\uff0c\u5341\u8db3\u7684\u8349\u5305\u4e00\u4e2a\uff01\u51e4\u66e6\u4ef0\u5929\u957f\u5578\uff0c\u4e0d\u9732\u4e00\u624b\u771f\u4e0d\u77e5\u9053\u672c\u5973\u738b\u5927\u4eba\u7684\u5389\u5bb3\uff1f\u5979\u641e\u5ec9\u6d01\u4fc3\u6c11\u751f\uff0c\u4e25\u60e9\u5929\u4e0b\u8d1f\u5fc3\u4eba\uff0c\u5e26\u9886\u5a18\u5b50\u5927\u519b\u5f81\u6218\u5929\u4e0b\u3002\u3000\u3000\u770b\uff0c\u524d\u9762\u6709\u7f8e\u7537\uff0c\u59d1\u5a18\u4eec\u4e0a\u554a\uff01", "title": "\u72c2\u50b2\u5973\u5e1d\uff1a\u7f8e\u7537\u8bf7\u4e0a\u69bb", "url": "http://www.17k.com/book/2787028.html", "average": -1.0, "cover": "http://img.17k.com/images/bookcover/2018/13935/69/2787028-1520848707000.jpg", "reviews": 28779, "authors": [{"url": "http://www.17k.com/zuozhe/60226259", "name": "\u6b27\u59ae\u96c5"}], "type": ["\u7a7f\u8d8a\u65f6\u7a7a"], "outlinks": ["http://www.17k.com/book/2794982.html", "http://www.17k.com/book/2801292.html", "http://www.17k.com/book/2816318.html", "http://www.17k.com/book/2797575.html", "http://www.17k.com/book/2802516.html", "http://www.17k.com/book/2812195.html", "http://www.17k.com/book/2820143.html", "http://www.17k.com/book/2807943.html", "http://www.17k.com/book/2813457.html", "http://www.17k.com/book/2798058.html", "http://www.17k.com/book/2815617.html", "http://www.17k.com/book/2805259.html", "http://www.17k.com/book/2760255.html", "http://www.17k.com/book/2686894.html", "http://www.17k.com/book/2797016.html", "http://www.17k.com/book/2767246.html", "http://www.17k.com/book/2764239.html", "http://www.17k.com/book/2754498.html", "http://www.17k.com/book/2754900.html", "http://www.17k.com/book/2625740.html", "http://www.17k.com/book/2213315.html", "http://www.17k.com/book/2402178.html", "http://www.17k.com/book/2691221.html", "http://www.17k.com/book/2210699.html", "http://www.17k.com/book/1797752.html", "http://www.17k.com/book/2575507.html", "http://www.17k.com/book/2705181.html", "http://www.17k.com/book/2702539.html", "http://www.17k.com/book/2474887.html", "http://www.17k.com/book/2674733.html", "http://www.17k.com/book/2822076.html", "http://www.17k.com/book/2809894.html", "http://www.17k.com/book/2822077.html", "http://www.17k.com/book/2811930.html", "http://www.17k.com/book/2815548.html", "http://www.17k.com/book/2819620.html", "http://www.17k.com/book/2809964.html", "http://www.17k.com/book/2808200.html", "http://www.17k.com/book/2820100.html", "http://www.17k.com/book/2822978.html", "http://www.17k.com/book/2804337.html", "http://www.17k.com/book/2798814.html", "http://www.17k.com/book/2785153.html", "http://www.17k.com/book/2731559.html", "http://www.17k.com/book/2722533.html", "http://www.17k.com/book/2458377.html", "http://www.17k.com/book/2743300.html", "http://www.17k.com/book/973809.html", "http://www.17k.com/book/2651367.html", "http://www.17k.com/book/2726194.html", "http://www.17k.com/book/2790214.html", "http://www.17k.com/book/493239.html", "http://www.17k.com/book/108821.html", "http://www.17k.com/book/1398783.html", "http://www.17k.com/book/83528.html", "http://www.17k.com/book/1859126.html", "http://www.17k.com/book/1741975.html", "http://www.17k.com/book/192453.html", "http://www.17k.com/book/2459058.html", "http://www.17k.com/book/1050747.html", "http://www.17k.com/book/2700315.html", "http://www.17k.com/book/2818940.html", "http://www.17k.com/book/2819519.html", "http://www.17k.com/book/2816390.html", "http://www.17k.com/book/2819588.html", "http://www.17k.com/book/2813768.html", "http://www.17k.com/book/2822406.html", "http://www.17k.com/book/2772164.html", "http://www.17k.com/book/2784023.html", "http://www.17k.com/book/2811877.html", "http://www.17k.com/book/2809119.html", "http://www.17k.com/book/2803700.html", "http://www.17k.com/book/2819561.html", "http://www.17k.com/book/2746506.html", "http://www.17k.com/book/2811836.html", "http://www.17k.com/book/2614810.html", "http://www.17k.com/book/1592435.html", "http://www.17k.com/book/1949748.html", "http://www.17k.com/book/2265802.html", "http://www.17k.com/book/2743240.html", "http://www.17k.com/book/2657437.html", "http://www.17k.com/book/2644502.html", "http://www.17k.com/book/2199900.html", "http://www.17k.com/book/2725436.html", "http://www.17k.com/book/2629978.html"]}