{"ratings": -1, "userreviews": [{"userName": "\u8c22\u5c0f\u68e0", "userReviewDate": "2017-11-26", "userURL": "http://user.17k.com/49503432", "userReview": "<span style='color:green'>\u52a0\u4e86\u95e8\u8f85\u4fee\u65f6\u95f4\u88ab\u5272\u5f97\u592a\u788e\uff0c\u539f\u8c05\u6211\u5e76\u6ca1\u6709\u66f4\u8fd9\u7bc7\uff0c\u800c\u662f\u6c89\u8ff7\u4e86\u586b\u8bcd<img src='http://img.17k.com/images/face/115ku.gif' />\u53cd\u6b63\u4e5f\u6ca1\u4eba\u6765\u901b\uff0c\u5e72\u8106\u5c31\u7f6e\u4e2a\u9876~\u65e0\u804a\u53ef\u4ee5\u542c\u542c~\u300a\u672a\u8d25\u60c5\u6069\u300bhttp://5sing.kugou.com/fc/16185109.html\u300a\u4e00\u5b57\u5b64\u300bhttp://5sing.kugou.com/fc/16202218.html\u300a\u6d6e\u5c18\u7168\u9152\u300bhttp://5sing.kugou.com/fc/16163745.html</span>"}, {"userName": "\u82b1\u5728\u96e8", "userReviewDate": "2018-06-04", "userURL": "http://user.17k.com/47511673", "userReview": "[\u6253\u8d4f]\u6211\u6253\u8d4f\u4e8618\u5143\u7ea2\u5305\uff01\uff01"}, {"userName": "\u82b1\u5728\u96e8", "userReviewDate": "2018-05-28", "userURL": "http://user.17k.com/47511673", "userReview": "[\u6253\u8d4f]\u6211\u6253\u8d4f\u4e8618\u5143\u7ea2\u5305\uff01\uff01"}, {"userName": "\u82b1\u5728\u96e8", "userReviewDate": "2018-05-21", "userURL": "http://user.17k.com/47511673", "userReview": "[\u6253\u8d4f]\u6211\u6253\u8d4f\u4e8618\u5143\u7ea2\u5305\uff01\uff01"}, {"userName": "\u82b1\u5728\u96e8", "userReviewDate": "2018-05-14", "userURL": "http://user.17k.com/47511673", "userReview": "[\u6253\u8d4f]\u6211\u6253\u8d4f\u4e8618\u5143\u7ea2\u5305\uff01\uff01"}, {"userName": "\u82b1\u5728\u96e8", "userReviewDate": "2018-05-07", "userURL": "http://user.17k.com/47511673", "userReview": "[\u6253\u8d4f]\u6211\u6253\u8d4f\u4e8618\u5143\u7ea2\u5305\uff01\uff01"}, {"userName": "\u82b1\u5728\u96e8", "userReviewDate": "2018-04-30", "userURL": "http://user.17k.com/47511673", "userReview": "[\u6253\u8d4f]\u6211\u6253\u8d4f\u4e8618\u5143\u7ea2\u5305\uff01\uff01"}, {"userName": "\u5f39\u5251\u79c0\u624d", "userReviewDate": "2018-04-28", "userURL": "http://user.17k.com/46752401", "userReview": "\u8fce\u7740\u6b22\u5feb\u7684\u671d\u9633\uff0c\u8fc8\u7740\u8f7b\u677e\u7684\u811a\u6b65\u3002\u6000\u7740\u6109\u60a6\u7684\u5fc3\u60c5\uff0c\u5411\u53cb\u53cb\u95ee\u58f0\u65e9\u5b89\u3002"}, {"userName": "\u82b1\u5728\u96e8", "userReviewDate": "2018-04-23", "userURL": "http://user.17k.com/47511673", "userReview": "\u5145\u5b9e\u800c\u5fd9\u788c\u7684\u611f\u89c9\u4e0d\u9519\u5427\u3002\u795d\u4f60\u5f00\u5fc3\uff0c\u987a\u9042\uff01"}, {"userName": "\u82b1\u5728\u96e8", "userReviewDate": "2018-04-23", "userURL": "http://user.17k.com/47511673", "userReview": "[\u6253\u8d4f]\u6211\u6253\u8d4f\u4e8618\u5143\u7ea2\u5305\uff01\uff01"}, {"userName": "\u82b1\u5728\u96e8", "userReviewDate": "2018-04-16", "userURL": "http://user.17k.com/47511673", "userReview": "[\u6253\u8d4f]\u6211\u6253\u8d4f\u4e8618\u5143\u7ea2\u5305\uff01\uff01"}, {"userName": "\u82b1\u5728\u96e8", "userReviewDate": "2018-04-09", "userURL": "http://user.17k.com/47511673", "userReview": "[\u6253\u8d4f]\u6211\u6253\u8d4f\u4e8618\u5143\u7ea2\u5305\uff01\uff01"}, {"userName": "\u82b1\u5728\u96e8", "userReviewDate": "2018-04-03", "userURL": "http://user.17k.com/47511673", "userReview": "[\u6253\u8d4f]\u6211\u6253\u8d4f\u4e8618\u5143\u7ea2\u5305\uff01\uff01"}, {"userName": "\u82b1\u5728\u96e8", "userReviewDate": "2018-03-26", "userURL": "http://user.17k.com/47511673", "userReview": "[\u6253\u8d4f]\u6211\u6253\u8d4f\u4e8618\u5143\u7ea2\u5305\uff01\uff01"}, {"userName": "\u5410\u5410\u6211\u8981\u548c\u4f60\u559d\u9152", "userReviewDate": "2018-03-23", "userURL": "http://user.17k.com/32662161", "userReview": "\u5c0f\u68e0\u5440\u5c0f\u68e0\uff0c\u4ec0\u4e48\u65f6\u5019\u80fd\u56de\u6765\u66f4\u6587\u554a\uff0c\u4e00\u76f4\u6ca1\u66f4\u662f\u56e0\u4e3a\u5fc3\u60c5\u4e0d\u597d\u4e86\u561b\u2026\u2026\u6c42\u4e2a\u66f4\u65b0\u54c7\uff08\u5c0f\u58f0bb"}, {"userName": "\u662f\u98ce\u662f\u96e8\u662f\u591c\u665a", "userReviewDate": "2018-03-22", "userURL": "http://user.17k.com/52219321", "userReview": "\u6211\u6700\u8fd1\u4e5f\u6bd4\u8f83\u5fd9\u3002\u4f60\u4e0a\u5927\u5b66\u8fd8\u90a3\u4e48\u5fd9\uff0c\u771f\u662f\u8f9b\u82e6\u4e86\u3002\u6ce8\u610f\u52b3\u9038\u7ed3\u5408\uff01\u53e6\u5916\uff0c\u4e0d\u8981\u7ed9\u6211\u6253\u8d4f\u4e86\uff0c\u8fd9\u6b21\u6253\u8d4f\u592a\u591a\u4e86\u3002\u597d\u597d\u5403\u996d\uff0c\u597d\u597d\u7761\u89c9\uff0c\u5e0c\u671b\u4f60\u6bcf\u5929\u5f00\u5fc3\u53c8\u5065\u5eb7\uff01"}, {"userName": "\u82b1\u5728\u96e8", "userReviewDate": "2018-03-20", "userURL": "http://user.17k.com/47511673", "userReview": "[\u6253\u8d4f]\u6211\u6253\u8d4f\u4e8618\u5143\u7ea2\u5305\uff01\uff01"}, {"userName": "\u51b3\u5c18\u9053", "userReviewDate": "2018-03-13", "userURL": "http://user.17k.com/50648903", "userReview": "<a target='_blank' href='http://www.17k.com/book/2793559.html'>\u300a\u7ea2\u989c\u537f\u5fc3\u300b</a>\u6765\u8bbf\uff5e\u524d\u6765\u652f\u6301\u5927\u5927\uff0c\u5927\u5927\u52a0\u6cb9\uff0c\u5e0c\u671b\u5927\u5927\u56de\u8bbf\u54e6( \u2022\u0300\u2200\u2022\u0301 )"}, {"userName": "\u82b1\u5728\u96e8", "userReviewDate": "2018-03-12", "userURL": "http://user.17k.com/47511673", "userReview": "[\u6253\u8d4f]\u6211\u6253\u8d4f\u4e8618\u5143\u7ea2\u5305\uff01\uff01"}, {"userName": "\u82b1\u5728\u96e8", "userReviewDate": "2018-03-05", "userURL": "http://user.17k.com/47511673", "userReview": "[\u6253\u8d4f]\u6211\u6253\u8d4f\u4e8618\u5143\u7ea2\u5305\uff01\uff01"}], "description": "\u516d\u5e74\u524d\u5728\u9752\u5dde\uff0c\u6709\u8fd9\u4e48\u4e24\u4e2a\u4eba\u4e00\u89c1\u5982\u6545\u3002\u3000\u3000\u4e00\u4e2a\u662f\u4ed6\u5728\u8eb2\u907f\u8ffd\u6740\u4e2d\u4e92\u76f8\u5751\u5bb3\u7684\u76d8\u547d\u9601\u7684\u201c\u5e9f\u7269\u201d\u3002\u3000\u3000\u4e00\u4e2a\u662f\u5728\u5979\u4e09\u756a\u4e24\u6b21\u7684\u8bbe\u8ba1\u4e0b\u8fd8\u662f\u5f88\u9057\u61be\u672a\u80fd\u5f04\u6b7b\u7684\u5c11\u697c\u4e3b\u3002\u3000\u3000\u6b64\u540e\uff0c\u4e24\u4eba\u4fbf\u5fc3\u6709\u7075\u7280\u5730\u6697\u5c06\u5bf9\u65b9\u89c6\u4f5c\u81ea\u5df1\u4e00\u751f\u7684\u6b7b\u4ec7\u3002\u3000\u3000\u516d\u5e74\u540e\u5979\u4e3a\u63a2\u5bd2\u7fce\u5377\u6df7\u5165\u501a\u9b42\u697c\uff0c\u5374\u610f\u5916\u53d1\u89c9\u90a3\u767d\u8863\u957f\u67dd\u7684\u697c\u4e3b\uff0c\u4e0e\u81ea\u5df1\u7684\u68a6\u4e2d\u4ec7\u4eba\u5f88\u662f\u76f8\u50cf\u3002\u3000\u3000\u4e8e\u662f\u4e00\u8a00\u4e0d\u5408\u5c31\u7b97\u8ba1\uff0c\u7b79\u8c0b\u6446\u5c40\uff0c\u770b\u6b8b\u5b50\u6536\u5b98\uff0c\u6536\u7684\u7a76\u7adf\u662f\u68cb\u79e4\u4e0a\u7684\u54ea\u4e00\u9897\u5fc3\uff1f\u3000\u3000\u2764\u2014\u2014...\u2014\u2014\u2014\u2764\u2014\u2014\u2014...\u2014\u2014\u2014\u2764\u3000\u3000\u5bf8\u5bf8\u542b\u9669\uff0c\u7ec8\u767b\u4e0a\u9b54\u6559\u6559\u4e3b\u7684\u9ad8\u5730\u3002\u5f7c\u65f6\u4e00\u6746\u5254\u9aa8\u79bb\u9b42\u67aa\u5728\u624b\uff0c\u4ed6\u5df2\u4e0d\u518d\u8bd5\u56fe\u5206\u6e05\u8bb0\u5fc6\u4e2d\u7684\u9762\u5bb9\u3002\u53ef\u5c31\u8fd9\u6837\u597d\u591a\u5e74\u8fc7\u53bb\uff0c\u4ed6\u5374\u72ec\u72ec\u653e\u4e0d\u4e0b\u4e00\u4e2a\u573a\u666f\uff1a\u3000\u3000\u66fe\u6709\u4e00\u5973\u5b50\u751f\u52a8\u7709\u773c\uff0c\u63d0\u9152\u7acb\u5728\u4ed6\u9762\u524d\uff0c\u4e00\u8a00\u4e0d\u53d1\uff0c\u6380\u624b\u5c31\u5bf9\u4ed6\u515c\u5934\u6d47\u4e0b\uff0c\u7b11\u610f\u91cc\u662f\u63a9\u4e0d\u4f4f\u7684\u5c81\u6708\u7316\u72c2\u3002\u3000\u3000\u5f85\u955c\u83f1\u5d16\u4e0a\u7684\u51e4\u51f0\u82b1\u5f00\u7684\u65f6\u5019\uff0c\u7693\u6708\u6e05\u98ce\uff0c\u6e38\u8d70\u4e8e\u5251\u7aef\u7684\u9b42\u9b44\uff0c\u90fd\u5df2\u7ecf\u592a\u91cd\u3002", "title": "\u7389\u9e26\u4ee4", "url": "http://www.17k.com/book/2119677.html", "average": -1.0, "cover": "http://img.17k.com/images/bookcover/2017/10598/52/2119677-1492129775000.jpg", "reviews": 39087, "authors": [{"url": "http://www.17k.com/zuozhe/49503432", "name": "\u7b80\u6816\u68e0"}], "type": ["\u5feb\u610f\u6c5f\u6e56"], "outlinks": ["http://www.17k.com/book/2794982.html", "http://www.17k.com/book/2801292.html", "http://www.17k.com/book/2816318.html", "http://www.17k.com/book/2797575.html", "http://www.17k.com/book/2802516.html", "http://www.17k.com/book/2812195.html", "http://www.17k.com/book/2820143.html", "http://www.17k.com/book/2807943.html", "http://www.17k.com/book/2813457.html", "http://www.17k.com/book/2798058.html", "http://www.17k.com/book/2815617.html", "http://www.17k.com/book/2805259.html", "http://www.17k.com/book/2760255.html", "http://www.17k.com/book/2686894.html", "http://www.17k.com/book/2797016.html", "http://www.17k.com/book/2767246.html", "http://www.17k.com/book/2764239.html", "http://www.17k.com/book/2754498.html", "http://www.17k.com/book/2754900.html", "http://www.17k.com/book/2625740.html", "http://www.17k.com/book/2213315.html", "http://www.17k.com/book/2402178.html", "http://www.17k.com/book/2691221.html", "http://www.17k.com/book/2210699.html", "http://www.17k.com/book/1797752.html", "http://www.17k.com/book/2575507.html", "http://www.17k.com/book/2705181.html", "http://www.17k.com/book/2702539.html", "http://www.17k.com/book/2474887.html", "http://www.17k.com/book/2674733.html", "http://www.17k.com/book/2822076.html", "http://www.17k.com/book/2809894.html", "http://www.17k.com/book/2822077.html", "http://www.17k.com/book/2811930.html", "http://www.17k.com/book/2815548.html", "http://www.17k.com/book/2819620.html", "http://www.17k.com/book/2809964.html", "http://www.17k.com/book/2808200.html", "http://www.17k.com/book/2820100.html", "http://www.17k.com/book/2822978.html", "http://www.17k.com/book/2804337.html", "http://www.17k.com/book/2798814.html", "http://www.17k.com/book/2785153.html", "http://www.17k.com/book/2731559.html", "http://www.17k.com/book/2722533.html", "http://www.17k.com/book/2458377.html", "http://www.17k.com/book/2743300.html", "http://www.17k.com/book/973809.html", "http://www.17k.com/book/2651367.html", "http://www.17k.com/book/2726194.html", "http://www.17k.com/book/2790214.html", "http://www.17k.com/book/493239.html", "http://www.17k.com/book/108821.html", "http://www.17k.com/book/1398783.html", "http://www.17k.com/book/83528.html", "http://www.17k.com/book/1859126.html", "http://www.17k.com/book/1741975.html", "http://www.17k.com/book/192453.html", "http://www.17k.com/book/2459058.html", "http://www.17k.com/book/1050747.html", "http://www.17k.com/book/2700315.html", "http://www.17k.com/book/2818940.html", "http://www.17k.com/book/2819519.html", "http://www.17k.com/book/2816390.html", "http://www.17k.com/book/2819588.html", "http://www.17k.com/book/2813768.html", "http://www.17k.com/book/2822406.html", "http://www.17k.com/book/2772164.html", "http://www.17k.com/book/2784023.html", "http://www.17k.com/book/2811877.html", "http://www.17k.com/book/2809119.html", "http://www.17k.com/book/2803700.html", "http://www.17k.com/book/2819561.html", "http://www.17k.com/book/2746506.html", "http://www.17k.com/book/2811836.html", "http://www.17k.com/book/2614810.html", "http://www.17k.com/book/1592435.html", "http://www.17k.com/book/1949748.html", "http://www.17k.com/book/2265802.html", "http://www.17k.com/book/2743240.html", "http://www.17k.com/book/2657437.html", "http://www.17k.com/book/2644502.html", "http://www.17k.com/book/2199900.html", "http://www.17k.com/book/2725436.html", "http://www.17k.com/book/2629978.html"]}