{"ratings": -1, "userreviews": [{"userName": "17K\u4e66\u53cbTHKFFR7O", "userReviewDate": "2018-06-07", "userURL": "http://user.17k.com/62530671", "userReview": "\u5927\u5927\u66f4\u65b0\u5450\uff0c\u597d\u559c\u6b22\u8fd9\u672c\u4e66"}, {"userName": "17K\u4e66\u53cb9kb2epkm", "userReviewDate": "2018-06-05", "userURL": "http://user.17k.com/59904286", "userReview": "\u559c\u6b22\u770b\u22ef\u22ef"}, {"userName": "\u6708\u843d\u68a6\u8ffd\u5fc6", "userReviewDate": "2018-06-02", "userURL": "http://user.17k.com/57478135", "userReview": "\u8bf7\u6536\u8ffd\u5fc6\u4e00\u8bb0\u819d\u76d6"}, {"userName": "\u5982\u82b1\u6912\u4f3c\u828b\u5934", "userReviewDate": "2018-05-31", "userURL": "http://user.17k.com/47792020", "userReview": "\u652f\u6301\u718a\u5927\uff0c\u6700\u8fd1\u592a\u5fd9\u597d\u4e45\u6ca1\u770b\u6587\u4e86"}, {"userName": "\u5317\u5e84", "userReviewDate": "2018-05-27", "userURL": "http://user.17k.com/57496771", "userReview": "<span style='color:black'>\u6211\u7684\u6587\u53ea\u662f\u5feb\u9910\uff0c\u524d\u8f88\u7684\u6587\u624d\u662f\u8425\u517b66666666666</span>"}, {"userName": "\u5e7d\u83b9Luna", "userReviewDate": "2018-05-27", "userURL": "http://user.17k.com/61159268", "userReview": "\u521d\u8bbf\u652f\u6301\u5927\u5927\uff01"}, {"userName": "\u98ce\u4e5f\u601d", "userReviewDate": "2018-05-26", "userURL": "http://user.17k.com/62209628", "userReview": "\u6218\u738b\u6bbf\u4e0b\u5c0f\u5fc3\u5ba0\u6765\u652f\u6301\u4e00\u4e0b\uff0c\u559c\u6b22\u4f60\u7684\u6587\u7b14\u3002"}, {"userName": "\u3123\u901d\u53bb\u2570\u2606\u3077_\u901d\u53bb.....\ufe56", "userReviewDate": "2018-05-22", "userURL": "http://user.17k.com/53108576", "userReview": "\u6709\u70b9\u665a\u4e86\uff0c\u5148\u6536\u85cf\u4e86"}, {"userName": "\u3123\u901d\u53bb\u2570\u2606\u3077_\u901d\u53bb.....\ufe56", "userReviewDate": "2018-05-22", "userURL": "http://user.17k.com/53108576", "userReview": "\u6b63\u5728\u770b\uff0c\u559c\u6b22\u82cf\u9526\u97f3\uff0c\u5f00\u5934\u7684\u770b\u5f97\u75db\u5feb"}, {"userName": "\u3123\u901d\u53bb\u2570\u2606\u3077_\u901d\u53bb.....\ufe56", "userReviewDate": "2018-05-22", "userURL": "http://user.17k.com/53108576", "userReview": "<a target='_blank' href='http://www.17k.com/book/2812764.html'>\u300a\u4e5d\u5c3e\u732b\u4ed9\u300b</a>\u8def\u8fc7\u770b\u770b\uff0c\u6c42\u70b9\u8bc4"}, {"userName": "\u6708\u843d\u68a6\u8ffd\u5fc6", "userReviewDate": "2018-05-20", "userURL": "http://user.17k.com/57478135", "userReview": "\u8282\u65e5\u6109\u5feb\uff0c\u6c6aemmmm"}, {"userName": "\u7eb7\u751c\u7cd6\u679c", "userReviewDate": "2018-05-14", "userURL": "http://user.17k.com/60972869", "userReview": "\u65b0\u4eba\u7cd6\u679c\u7f24\u7eb7\u643a\u65b0\u4e66<a target='_blank' href='http://www.17k.com/book/2823994.html'>\u300a\u59fb\u7f18\u8bb0\u4e8b\u4e4b\u7edd\u5904\u9022\u751f\u7684\u6e29\u67d4\u300b</a>\u524d\u6765\u62dc\u8bbf\u5b66\u4e60\u5566"}, {"userName": "17K\u4e66\u53cbrh7069nn", "userReviewDate": "2018-05-14", "userURL": "http://user.17k.com/60183314", "userReview": "\u597d\u770b\u3002\u3002\u3002\u3002\u3002"}, {"userName": "\u963f\u6d69\u7684\u5c0f\u6668\u513f", "userReviewDate": "2018-05-13", "userURL": "http://user.17k.com/54727960", "userReview": "\u6536\u85cf\u652f\u6301\u3002\uff5e"}, {"userName": "17K\u4e66\u53cbrh7069nn", "userReviewDate": "2018-05-12", "userURL": "http://user.17k.com/60183314", "userReview": "\u597d\u3002\u3002\u3002\u3002\u3002"}, {"userName": "\u80c6\u5c0f\u9b3c523354172", "userReviewDate": "2018-05-11", "userURL": "http://user.17k.com/59636293", "userReview": "<span style='color:black'>\u524d\u6765\u819c\u62dc\u5927\u795e \u4ee5\u6536\u85cf \u52a0\u6cb9 &nbsp;</span>"}, {"userName": "\u80c6\u5c0f\u9b3c523354172", "userReviewDate": "2018-05-11", "userURL": "http://user.17k.com/59636293", "userReview": "<span style='color:black'>\u524d\u6765\u819c\u62dc\u5927\u795e \u4ee5\u6536\u85cf \u52a0\u6cb9 &nbsp;</span>"}, {"userName": "\u767d\u5f00\u6c34500cc", "userReviewDate": "2018-05-10", "userURL": "http://user.17k.com/43551801", "userReview": "\u5343\u547c\u4e07\u5524\u59cb\u51fa\u6765\uff01\u606d\u559c\u718a\u5927\u5f00\u65b0\u4e66\uff01"}, {"userName": "\u82cf\u747e\u598d\u7092\u9e21\u559c\u6b22\u4f60", "userReviewDate": "2018-04-25", "userURL": "http://user.17k.com/61233788", "userReview": "\u6c99\u53d1\u270c\u718a\u5927\u52a0\u6cb9(\u0e07 \u2022\u0300_\u2022\u0301)\u0e07"}], "description": "\u524d\u4e16\uff0c\u82cf\u9526\u97f3\u6551\u4e86\u4f4d\u7687\u5b50\uff0c\u5e76\u88ab\u7687\u5b50\u8ffd\u7740\u4ee5\u8eab\u76f8\u8bb8\u3002\u7687\u5b50\u6210\u4e86\u592a\u5b50\u540e\uff0c\u6069\u60c5\u5c31\u6210\u4e86\u50ac\u547d\u7b26\u3002\u3000\u3000\u91cd\u751f\u5f52\u6765\uff0c\u5979\u4e0d\u60f3\u518d\u505a\u4e1c\u90ed\u5148\u751f\u548c\u6551\u86c7\u7684\u519c\u592b\u3002\u3000\u3000\u82cf\u59d1\u5a18\uff0c\u91cd\u91d1\u76f8\u62a5\u5982\u4f55\uff1f\u3000\u3000\u82cf\u59d1\u5a18\uff0c\u52a9\u4f60\u626c\u540d\u5982\u4f55\uff1f\u3000\u3000\u82cf\u59d1\u5a18\uff0c\u8981\u4e0d\u4ee5\u8eab\u76f8\u8bb8\uff1f\u3000\u3000\u6211\u4eec\u8fd8\u662f\u8c08\u8c08\u94b1\u5427\u3002\u3000\u3000\u82cf\u9526\u97f3\u662f\u4e2a\u5f88\u4e0d\u4e00\u822c\u7684\u59d1\u5a18\uff0c\u5728\u5927\u5bb6\u95fa\u79c0\u770b\u4e2d\u5bf9\u65b9\u5bb6\u4e16\uff0c\u5c0f\u5bb6\u78a7\u7389\u770b\u91cd\u5bf9\u65b9\u5bb6\u5e95\u7684\u65f6\u5019\uff0c\u5979\u8003\u8651\u7684\u53ea\u6709\u2014\u2014\u4e0d\u6b20\u6211\u6069\u60c5\u5427\uff1f\u3000\u3000\u4e66\u53cb\u7fa4585185871\uff0c\u6b22\u8fce\u5927\u5bb6\u4e00\u8d77\u804a\u5929\u6f5c\u6c34~", "title": "\u738b\u5983\u5982\u6b64\u591a\u5a07", "url": "http://www.17k.com/book/2805259.html", "average": -1.0, "cover": "http://img.17k.com/images/bookcover/2018/14026/70/2805259-1525936869000.jpg", "reviews": 78356, "authors": [{"url": "http://www.17k.com/zuozhe/40806926", "name": "\u5a07\u4fcf\u7684\u718a\u5927"}], "type": ["\u53e4\u4ee3\u91cd\u751f"], "outlinks": ["http://www.17k.com/book/2794982.html", "http://www.17k.com/book/2801292.html", "http://www.17k.com/book/2816318.html", "http://www.17k.com/book/2797575.html", "http://www.17k.com/book/2802516.html", "http://www.17k.com/book/2812195.html", "http://www.17k.com/book/2820143.html", "http://www.17k.com/book/2807943.html", "http://www.17k.com/book/2813457.html", "http://www.17k.com/book/2798058.html", "http://www.17k.com/book/2815617.html", "http://www.17k.com/book/2805259.html", "http://www.17k.com/book/2760255.html", "http://www.17k.com/book/2686894.html", "http://www.17k.com/book/2797016.html", "http://www.17k.com/book/2767246.html", "http://www.17k.com/book/2764239.html", "http://www.17k.com/book/2754498.html", "http://www.17k.com/book/2754900.html", "http://www.17k.com/book/2625740.html", "http://www.17k.com/book/2213315.html", "http://www.17k.com/book/2402178.html", "http://www.17k.com/book/2691221.html", "http://www.17k.com/book/2210699.html", "http://www.17k.com/book/1797752.html", "http://www.17k.com/book/2575507.html", "http://www.17k.com/book/2705181.html", "http://www.17k.com/book/2702539.html", "http://www.17k.com/book/2474887.html", "http://www.17k.com/book/2674733.html", "http://www.17k.com/book/2822076.html", "http://www.17k.com/book/2809894.html", "http://www.17k.com/book/2822077.html", "http://www.17k.com/book/2811930.html", "http://www.17k.com/book/2815548.html", "http://www.17k.com/book/2819620.html", "http://www.17k.com/book/2809964.html", "http://www.17k.com/book/2808200.html", "http://www.17k.com/book/2820100.html", "http://www.17k.com/book/2822978.html", "http://www.17k.com/book/2804337.html", "http://www.17k.com/book/2798814.html", "http://www.17k.com/book/2785153.html", "http://www.17k.com/book/2731559.html", "http://www.17k.com/book/2722533.html", "http://www.17k.com/book/2458377.html", "http://www.17k.com/book/2743300.html", "http://www.17k.com/book/973809.html", "http://www.17k.com/book/2651367.html", "http://www.17k.com/book/2726194.html", "http://www.17k.com/book/2790214.html", "http://www.17k.com/book/493239.html", "http://www.17k.com/book/108821.html", "http://www.17k.com/book/1398783.html", "http://www.17k.com/book/83528.html", "http://www.17k.com/book/1859126.html", "http://www.17k.com/book/1741975.html", "http://www.17k.com/book/192453.html", "http://www.17k.com/book/2459058.html", "http://www.17k.com/book/1050747.html", "http://www.17k.com/book/2700315.html", "http://www.17k.com/book/2818940.html", "http://www.17k.com/book/2819519.html", "http://www.17k.com/book/2816390.html", "http://www.17k.com/book/2819588.html", "http://www.17k.com/book/2813768.html", "http://www.17k.com/book/2822406.html", "http://www.17k.com/book/2772164.html", "http://www.17k.com/book/2784023.html", "http://www.17k.com/book/2811877.html", "http://www.17k.com/book/2809119.html", "http://www.17k.com/book/2803700.html", "http://www.17k.com/book/2819561.html", "http://www.17k.com/book/2746506.html", "http://www.17k.com/book/2811836.html", "http://www.17k.com/book/2614810.html", "http://www.17k.com/book/1592435.html", "http://www.17k.com/book/1949748.html", "http://www.17k.com/book/2265802.html", "http://www.17k.com/book/2743240.html", "http://www.17k.com/book/2657437.html", "http://www.17k.com/book/2644502.html", "http://www.17k.com/book/2199900.html", "http://www.17k.com/book/2725436.html", "http://www.17k.com/book/2629978.html"]}