{"ratings": -1, "userreviews": [{"userName": "\u9189\u65f6\u77202", "userReviewDate": "2018-01-29", "userURL": "http://user.17k.com/14317887", "userReview": "<span style='color:red'>\u5b8c\u7ed3\u8001\u6587<a target='_blank' href='http://www.17k.com/book/841842.html'>\u300a\u76db\u5ac1\u300b</a>\u9a6c\u4e0a\u5b8c\u7ed3\u8001\u6587<a target='_blank' href='http://www.17k.com/book/632503.html'>\u300a\u5982\u9a84\u4f3c\u59bb\u300b</a>\u8bf7\u52ff\u6253\u5e7f\u544a\uff0c\u8c22\u8c22\u5408\u4f5c\uff01</span>"}, {"userName": "\u5c0f\u6d63\u718a373810745", "userReviewDate": "2018-06-08", "userURL": "http://user.17k.com/55055228", "userReview": "6666666"}, {"userName": "cathy\u7f52V\u7f52", "userReviewDate": "2018-06-05", "userURL": "http://user.17k.com/17452803", "userReview": "\u7ee7\u7eed\u751c\u4e0d\u8981\u8650\uff01"}, {"userName": "\u80fd\u4e0d\u80fd\u4e0d\u7231\u4e86NB", "userReviewDate": "2018-06-04", "userURL": "http://user.17k.com/34076864", "userReview": "\u597d\u770b"}, {"userName": "151534****", "userReviewDate": "2018-06-02", "userURL": "http://user.17k.com/1916337", "userReview": "666666"}, {"userName": "\u5c0f\u6d63\u718a373810745", "userReviewDate": "2018-06-01", "userURL": "http://user.17k.com/55055228", "userReview": "\u4e0d\u9519\u4e0d\u9519&#55357;&#56397;"}, {"userName": "183209****", "userReviewDate": "2018-06-01", "userURL": "http://user.17k.com/17218815", "userReview": "haohao"}, {"userName": "\u5b9d\u8d1d\u9648\u5e0c", "userReviewDate": "2018-06-01", "userURL": "http://user.17k.com/35811489", "userReview": "\u513f\u7ae5\u8282\u5feb\u4e50\uff0c\u7ae5\u5fc3\u672a\u6cef\u54c8\u54c8\u54c8"}, {"userName": "151534****", "userReviewDate": "2018-06-01", "userURL": "http://user.17k.com/1916337", "userReview": "666666"}, {"userName": "151534****", "userReviewDate": "2018-05-30", "userURL": "http://user.17k.com/1916337", "userReview": "666666"}, {"userName": "17K\u4e66\u53cbMY4EYES2", "userReviewDate": "2018-05-30", "userURL": "http://user.17k.com/62306283", "userReview": "\u633a\u597d\u770b\u7684 \u8d85\u559c\u6b22"}, {"userName": "\u767d\u5f00\u6c34500cc", "userReviewDate": "2018-05-25", "userURL": "http://user.17k.com/43551801", "userReview": "[\u6253\u8d4f]\u6211\u6253\u8d4f\u4e86500\u5143\u7ea2\u5305\uff01\uff01"}, {"userName": "\u8ff7\u8def\u7684\u957f\u5c3e\u5154", "userReviewDate": "2018-05-24", "userURL": "http://user.17k.com/62067430", "userReview": "[\u6253\u8d4f]\u6211\u6253\u8d4f\u4e8688\u5143\u7ea2\u5305\uff01\uff01"}, {"userName": "\u8d85\u7ea7\u585e\u7259\u4eba", "userReviewDate": "2018-05-24", "userURL": "http://user.17k.com/59771690", "userReview": "[\u6253\u8d4f]\u6211\u6253\u8d4f\u4e867000\u5143\u7ea2\u5305\uff01\uff01"}, {"userName": "\u8d85\u7ea7\u585e\u7259\u4eba", "userReviewDate": "2018-05-24", "userURL": "http://user.17k.com/59771690", "userReview": "[\u6253\u8d4f]\u6211\u6253\u8d4f\u4e8610000\u5143\u7ea2\u5305\uff01\uff01"}, {"userName": "\u8d85\u7ea7\u585e\u7259\u4eba", "userReviewDate": "2018-05-24", "userURL": "http://user.17k.com/59771690", "userReview": "[\u6253\u8d4f]\u6211\u6253\u8d4f\u4e861200\u5143\u7ea2\u5305\uff01\uff01"}, {"userName": "\u8d85\u7ea7\u585e\u7259\u4eba", "userReviewDate": "2018-05-24", "userURL": "http://user.17k.com/59771690", "userReview": "[\u6253\u8d4f]\u6211\u6253\u8d4f\u4e86900\u5143\u7ea2\u5305\uff01\uff01"}, {"userName": "\u8d85\u7ea7\u585e\u7259\u4eba", "userReviewDate": "2018-05-24", "userURL": "http://user.17k.com/59771690", "userReview": "[\u6253\u8d4f]\u6211\u6253\u8d4f\u4e86100\u5143\u7ea2\u5305\uff01\uff01"}, {"userName": "151534****", "userReviewDate": "2018-05-24", "userURL": "http://user.17k.com/1916337", "userReview": "66666"}, {"userName": "\u5f7c\u5cb8\u82b1\u7530", "userReviewDate": "2018-05-24", "userURL": "http://user.17k.com/14281086", "userReview": "[\u6253\u8d4f]\u6211\u6253\u8d4f\u4e86100\u5143\u7ea2\u5305\uff01\uff01"}], "description": "\u4e3a\u4e86\u9003\u5a5a\uff0c\u4f55\u65af\u8fe6\u4e54\u88c5\u6253\u626e\uff0c\u62cd\u4e0b\u5085\u9526\u884c\u7684\u4e0d\u96c5\u7167\uff01\u3000\u3000\u4f17\u4eba\u7eb7\u7eb7\u4f20\u9605\uff0c\u6d25\u6d25\u4e50\u9053\uff0c\u4e0d\u7a7f\u8863\u670d\u7684\u5085\u5148\u751f\u53ef\u771f\u662f\u2026\u2026\u8d22\u5927\u5668\u7c97\uff01\u3000\u3000\u4e00\u6c93\u7167\u7247\uff0c\u4e00\u8d77\u8f66\u7978\u3002\u3000\u3000\u4e00\u591c\u5f3a\u6b22\uff0c\u4e00\u4e2a\u840c\u5a03\u3002\u3000\u3000\u4e0d\u4e00\u6837\u7684\u8c6a\u95e8\u5a5a\u7ea6\uff0c\u4e0d\u4e00\u6837\u7684\u5e26\u7403\u8dd1\u3002\u3000\u3000\u2026\u3000\u3000\u5085\u9526\u884c\u4e00\u76f4\u8ba4\u4e3a\uff0c\u4f55\u65af\u8fe6\u662f\u4ed6\u4eba\u751f\u7684\u6c61\u70b9\u3002\u3000\u3000\u540e\u6765\uff0c\u4ed6\u624d\u77e5\u9053\uff0c\u662f\u5979\u5f00\u542f\u4e86\u4ed6\u604b\u7231\u7684\u8d77\u70b9\uff0c\u6210\u4e3a\u4e86\u4ed6\u5e78\u798f\u7684\u7ec8\u70b9\u3002\u3000\u3000\u201c\u4f60\u548c\u6211\u5728\u4e00\u8d77\uff0c\u5c31\u662f\u6700\u7f8e\u7684\u604b\u7231\u65f6\u5149\uff01\u201d\u3000\u3000\u2026\u3000\u3000\u65b0\u6587\u5df2\u53d1\uff0c\u5927\u5409\u5927\u5229\uff01\u6211\u7684\u5b8c\u672c\u8001\u4e66\u300a\u5982\u9a84\u4f3c\u59bb\u300b\u300a\u76db\u5ac1\u300b\u6b22\u8fce\u9605\u8bfb\uff01", "title": "\u751c\u871c\u66b4\u51fb\uff1a\u6211\u7684\u604b\u7231\u65f6\u5149", "url": "http://www.17k.com/book/2767246.html", "average": -1.0, "cover": "http://img.17k.com/images/bookcover/2018/13836/69/2767246-1517557094000.jpg", "reviews": 2704638, "authors": [{"url": "http://www.17k.com/zuozhe/14317887", "name": "\u9189\u65f6\u7720"}], "type": ["\u552f\u7f8e\u7eaf\u7231"], "outlinks": ["http://www.17k.com/book/2794982.html", "http://www.17k.com/book/2801292.html", "http://www.17k.com/book/2816318.html", "http://www.17k.com/book/2797575.html", "http://www.17k.com/book/2802516.html", "http://www.17k.com/book/2812195.html", "http://www.17k.com/book/2820143.html", "http://www.17k.com/book/2807943.html", "http://www.17k.com/book/2813457.html", "http://www.17k.com/book/2798058.html", "http://www.17k.com/book/2815617.html", "http://www.17k.com/book/2805259.html", "http://www.17k.com/book/2760255.html", "http://www.17k.com/book/2686894.html", "http://www.17k.com/book/2797016.html", "http://www.17k.com/book/2767246.html", "http://www.17k.com/book/2764239.html", "http://www.17k.com/book/2754498.html", "http://www.17k.com/book/2754900.html", "http://www.17k.com/book/2625740.html", "http://www.17k.com/book/2213315.html", "http://www.17k.com/book/2402178.html", "http://www.17k.com/book/2691221.html", "http://www.17k.com/book/2210699.html", "http://www.17k.com/book/1797752.html", "http://www.17k.com/book/2575507.html", "http://www.17k.com/book/2705181.html", "http://www.17k.com/book/2702539.html", "http://www.17k.com/book/2474887.html", "http://www.17k.com/book/2674733.html", "http://www.17k.com/book/2822076.html", "http://www.17k.com/book/2809894.html", "http://www.17k.com/book/2822077.html", "http://www.17k.com/book/2811930.html", "http://www.17k.com/book/2815548.html", "http://www.17k.com/book/2819620.html", "http://www.17k.com/book/2809964.html", "http://www.17k.com/book/2808200.html", "http://www.17k.com/book/2820100.html", "http://www.17k.com/book/2822978.html", "http://www.17k.com/book/2804337.html", "http://www.17k.com/book/2798814.html", "http://www.17k.com/book/2785153.html", "http://www.17k.com/book/2731559.html", "http://www.17k.com/book/2722533.html", "http://www.17k.com/book/2458377.html", "http://www.17k.com/book/2743300.html", "http://www.17k.com/book/973809.html", "http://www.17k.com/book/2651367.html", "http://www.17k.com/book/2726194.html", "http://www.17k.com/book/2790214.html", "http://www.17k.com/book/493239.html", "http://www.17k.com/book/108821.html", "http://www.17k.com/book/1398783.html", "http://www.17k.com/book/83528.html", "http://www.17k.com/book/1859126.html", "http://www.17k.com/book/1741975.html", "http://www.17k.com/book/192453.html", "http://www.17k.com/book/2459058.html", "http://www.17k.com/book/1050747.html", "http://www.17k.com/book/2700315.html", "http://www.17k.com/book/2818940.html", "http://www.17k.com/book/2819519.html", "http://www.17k.com/book/2816390.html", "http://www.17k.com/book/2819588.html", "http://www.17k.com/book/2813768.html", "http://www.17k.com/book/2822406.html", "http://www.17k.com/book/2772164.html", "http://www.17k.com/book/2784023.html", "http://www.17k.com/book/2811877.html", "http://www.17k.com/book/2809119.html", "http://www.17k.com/book/2803700.html", "http://www.17k.com/book/2819561.html", "http://www.17k.com/book/2746506.html", "http://www.17k.com/book/2811836.html", "http://www.17k.com/book/2614810.html", "http://www.17k.com/book/1592435.html", "http://www.17k.com/book/1949748.html", "http://www.17k.com/book/2265802.html", "http://www.17k.com/book/2743240.html", "http://www.17k.com/book/2657437.html", "http://www.17k.com/book/2644502.html", "http://www.17k.com/book/2199900.html", "http://www.17k.com/book/2725436.html", "http://www.17k.com/book/2629978.html"]}