{"ratings": -1, "userreviews": [{"userName": "\u76d8\u4e1d\u6d1e\u7684\u7d2b\u971e\u4ed9\u5b50", "userReviewDate": "2018-01-23", "userURL": "http://user.17k.com/47122583", "userReview": "\u5e7f\u544a\u697c\uff0c\u5404\u4f4d\u6253\u5e7f\u544a\u7684\u4eb2\u6765\u8fd9\u91cc\uff0c\u5728\u5916\u9762\u7684\u4e00\u5f8b\u4f1a\u88ab\u5220\u9664\u54e6~~\u4e66\u8352\u7684\u8bfb\u8005\u4eb2\u4eec\uff0c\u4e5f\u53ef\u4ee5\u6765\u5e7f\u544a\u697c\u770b\u770b\u6709\u6ca1\u6709\u81ea\u5df1\u559c\u6b22\u7684\u4f5c\u54c1\u54e6~~"}, {"userName": "\u5438\u8840\u9b3cqq\u5438\u8840\u9b3c", "userReviewDate": "2018-06-05", "userURL": "http://user.17k.com/60426237", "userReview": "666666"}, {"userName": "17K\u4e66\u53cb9kb2epkm", "userReviewDate": "2018-06-04", "userURL": "http://user.17k.com/59904286", "userReview": "66666"}, {"userName": "\u5438\u8840\u9b3cqq\u5438\u8840\u9b3c", "userReviewDate": "2018-06-03", "userURL": "http://user.17k.com/60426237", "userReview": "666666"}, {"userName": "17K\u4e66\u53cb9kb2epkm", "userReviewDate": "2018-05-30", "userURL": "http://user.17k.com/59904286", "userReview": "\u597d\u770b\u597d\u770b\u3002"}, {"userName": "\u5438\u8840\u9b3cqq\u5438\u8840\u9b3c", "userReviewDate": "2018-05-27", "userURL": "http://user.17k.com/60426237", "userReview": "666666"}, {"userName": "17k\u4e66\u53cbgseg5q1wb", "userReviewDate": "2018-05-19", "userURL": "http://user.17k.com/61944334", "userReview": "[\u6253\u8d4f]\u6211\u6253\u8d4f\u4e868\u5143\u7ea2\u5305\uff01\uff01"}, {"userName": "17K\u4e66\u53cb9kb2epkm", "userReviewDate": "2018-05-15", "userURL": "http://user.17k.com/59904286", "userReview": "\u662f\u633a\u597d\u770b\u7684"}, {"userName": "\u4e30\u5c45", "userReviewDate": "2018-05-15", "userURL": "http://user.17k.com/38429573", "userReview": "\u597d\u4e66\uff0c\u652f\u6301"}, {"userName": "17K\u4e66\u53cbVKYAB6MQ", "userReviewDate": "2018-05-14", "userURL": "http://user.17k.com/61228545", "userReview": "[\u6253\u8d4f]\u6211\u6253\u8d4f\u4e861\u5143\u7ea2\u5305\uff01\uff01"}, {"userName": "17K\u4e66\u53cb9kb2epkm", "userReviewDate": "2018-05-10", "userURL": "http://user.17k.com/59904286", "userReview": "\u600e\u4e48\u53d8\u6210\u8981\u6536\u8d39\u4e86\uff1f"}, {"userName": "\u840d\u6c34\u76f8\u9022362562456", "userReviewDate": "2018-05-10", "userURL": "http://user.17k.com/60041265", "userReview": "[\u6253\u8d4f]\u6211\u6253\u8d4f\u4e862\u5143\u7ea2\u5305\uff01\uff01"}, {"userName": "17K\u4e66\u53cb9kb2epkm", "userReviewDate": "2018-05-08", "userURL": "http://user.17k.com/59904286", "userReview": "\u5929\u5929\u8ffd\u7740\u770b\u554a"}, {"userName": "\u51b0\u7cd6\u846b\u82a6966473685", "userReviewDate": "2018-05-08", "userURL": "http://user.17k.com/60352104", "userReview": "\u52a0\u6cb9\u52a0\u6cb9\u5427"}, {"userName": "17K\u4e66\u53cb9kb2epkm", "userReviewDate": "2018-05-07", "userURL": "http://user.17k.com/59904286", "userReview": "\u66f4\u65b0\u5feb\u70b9\u554a\uff01\u5929\u5929\u7b49\u7740\u770b\u5462"}, {"userName": "17K\u4e66\u53cbskvmzus0", "userReviewDate": "2018-05-05", "userURL": "http://user.17k.com/57616037", "userReview": "\u66f4\u65b0\u592a\u6162\u5566&#55357;&#56836;"}, {"userName": "17K\u4e66\u53cbskvmzus0", "userReviewDate": "2018-05-04", "userURL": "http://user.17k.com/57616037", "userReview": "\u5f88\u6709\u610f\u601d\u7684\u5c0f\u8bf4"}, {"userName": "\u82b7\u662f300296\u4e00\u77ac\u95f4", "userReviewDate": "2018-05-03", "userURL": "http://user.17k.com/24562981", "userReview": "\u8d8a\u770b\u8d8a\u96f7\u540c"}, {"userName": "\u6843\u82b1\u575e473047252", "userReviewDate": "2018-05-02", "userURL": "http://user.17k.com/61332893", "userReview": "&#55357;&#56834;&#55357;&#56834;&#55357;&#56835;&#55357;&#56835;&#55357;&#56835;"}, {"userName": "\u597d469284898", "userReviewDate": "2018-05-02", "userURL": "http://user.17k.com/61230469", "userReview": "[\u6253\u8d4f]\u6211\u6253\u8d4f\u4e861\u5143\u7ea2\u5305\uff01\uff01"}], "description": "\u4e00\u671d\u7a7f\u8d8a\uff0c\u7a0b\u66e6\u53d8\u6210\u4e86\u519c\u5bb6\u51b2\u559c\u5c0f\u65b0\u5a18\u3002\u3000\u3000\u7834\u65e7\u7684\u8305\u8349\u5c4b\uff0c\u636e\u8bf4\u80fd\u514b\u6b7b\u4eb2\u4eba\u7684\u547d\u786c\u76f8\u516c\uff0c\u5404\u79cd\u627e\u832c\u7684\u6781\u54c1\u4eb2\u621a\uff0c\u5403\u4e86\u4e0a\u987f\u6ca1\u4e0b\u987f\u3002\u3000\u3000\u9762\u5bf9\u773c\u524d\u7684\u56f0\u5883\uff0c\u7a0b\u66e6\u633d\u8d77\u8896\u5b50\u54ac\u54ac\u7259\uff0c\u5979\u5c31\u4e0d\u4fe1\u5979\u4e00\u73b0\u4ee3\u4e0a\u8fdb\u9752\u5e74\u8fd8\u5728\u8fd9\u843d\u540e\u7684\u53e4\u4ee3\u519c\u5bb6\u6df7\u4e0d\u4e0b\u53bb\u3002\u3000\u3000\u5f00\u9152\u697c\uff0c\u8d5a\u5927\u94b1\uff0c\u8650\u6e23\u4eb2\uff0c\u518d\u64a9\u64a9\u81ea\u5bb6\u76f8\u516c\uff0c\u52bf\u5c06\u81ea\u5df1\u7684\u5c0f\u65e5\u5b50\u8fc7\u7684\u98ce\u751f\u6c34\u8d77\u2026\u2026", "title": "\u7530\u56ed\u5c0f\u5a07\u5a18", "url": "http://www.17k.com/book/2751072.html", "average": -1.0, "cover": "http://img.17k.com/images/bookcover/2018/13755/68/2751072-1516346545000.jpg", "reviews": 158293, "authors": [{"url": "http://www.17k.com/zuozhe/47122583", "name": "YJ\u7d2b\u971e\u4ed9\u5b50"}], "type": ["\u7ecf\u5546\u79cd\u7530"], "outlinks": ["http://www.17k.com/book/2794982.html", "http://www.17k.com/book/2801292.html", "http://www.17k.com/book/2816318.html", "http://www.17k.com/book/2797575.html", "http://www.17k.com/book/2802516.html", "http://www.17k.com/book/2812195.html", "http://www.17k.com/book/2820143.html", "http://www.17k.com/book/2807943.html", "http://www.17k.com/book/2813457.html", "http://www.17k.com/book/2798058.html", "http://www.17k.com/book/2815617.html", "http://www.17k.com/book/2805259.html", "http://www.17k.com/book/2760255.html", "http://www.17k.com/book/2686894.html", "http://www.17k.com/book/2797016.html", "http://www.17k.com/book/2767246.html", "http://www.17k.com/book/2764239.html", "http://www.17k.com/book/2754498.html", "http://www.17k.com/book/2754900.html", "http://www.17k.com/book/2625740.html", "http://www.17k.com/book/2213315.html", "http://www.17k.com/book/2402178.html", "http://www.17k.com/book/2691221.html", "http://www.17k.com/book/2210699.html", "http://www.17k.com/book/1797752.html", "http://www.17k.com/book/2575507.html", "http://www.17k.com/book/2705181.html", "http://www.17k.com/book/2702539.html", "http://www.17k.com/book/2474887.html", "http://www.17k.com/book/2674733.html", "http://www.17k.com/book/2822076.html", "http://www.17k.com/book/2809894.html", "http://www.17k.com/book/2822077.html", "http://www.17k.com/book/2811930.html", "http://www.17k.com/book/2815548.html", "http://www.17k.com/book/2819620.html", "http://www.17k.com/book/2809964.html", "http://www.17k.com/book/2808200.html", "http://www.17k.com/book/2820100.html", "http://www.17k.com/book/2822978.html", "http://www.17k.com/book/2804337.html", "http://www.17k.com/book/2798814.html", "http://www.17k.com/book/2785153.html", "http://www.17k.com/book/2731559.html", "http://www.17k.com/book/2722533.html", "http://www.17k.com/book/2458377.html", "http://www.17k.com/book/2743300.html", "http://www.17k.com/book/973809.html", "http://www.17k.com/book/2651367.html", "http://www.17k.com/book/2726194.html", "http://www.17k.com/book/2790214.html", "http://www.17k.com/book/493239.html", "http://www.17k.com/book/108821.html", "http://www.17k.com/book/1398783.html", "http://www.17k.com/book/83528.html", "http://www.17k.com/book/1859126.html", "http://www.17k.com/book/1741975.html", "http://www.17k.com/book/192453.html", "http://www.17k.com/book/2459058.html", "http://www.17k.com/book/1050747.html", "http://www.17k.com/book/2700315.html", "http://www.17k.com/book/2818940.html", "http://www.17k.com/book/2819519.html", "http://www.17k.com/book/2816390.html", "http://www.17k.com/book/2819588.html", "http://www.17k.com/book/2813768.html", "http://www.17k.com/book/2822406.html", "http://www.17k.com/book/2772164.html", "http://www.17k.com/book/2784023.html", "http://www.17k.com/book/2811877.html", "http://www.17k.com/book/2809119.html", "http://www.17k.com/book/2803700.html", "http://www.17k.com/book/2819561.html", "http://www.17k.com/book/2746506.html", "http://www.17k.com/book/2811836.html", "http://www.17k.com/book/2614810.html", "http://www.17k.com/book/1592435.html", "http://www.17k.com/book/1949748.html", "http://www.17k.com/book/2265802.html", "http://www.17k.com/book/2743240.html", "http://www.17k.com/book/2657437.html", "http://www.17k.com/book/2644502.html", "http://www.17k.com/book/2199900.html", "http://www.17k.com/book/2725436.html", "http://www.17k.com/book/2629978.html"]}