{"ratings": -1, "userreviews": [{"userName": "\u897f\u5170\u82b1\u82b1\u82b1\u82b1", "userReviewDate": "2018-06-08", "userURL": "http://user.17k.com/53773671", "userReview": "\u6512\u6587\u7684\u5c0f\u4f19\u4f34\u4eec\u6ce8\u610f\u5566\uff0c\u7ecf\u8fc7\u8ddf\u7f16\u7f16\u5546\u8bae\uff0c\u672c\u6587\u5c06\u4e8e\u4e0b\u5468\u4e00\u4e0a\u67b6\u3002\u5230\u65f6\u5019\u53ef\u80fd\u4f1a\u6709\u5012V\uff0c\u4f1a\u6709\u90e8\u5206\u5df2\u53d1\u5e03\u7684\u514d\u8d39\u7ae0\u8282\u6536\u8d39\u2026\u2026\u6240\u4ee5\u5927\u5bb6\u8bb0\u5f97\u5148\u628a\u6512\u7684\u6587\u770b\u4e86\uff0c\u540e\u9762\u8ba2\u9605\u7684\u65f6\u5019\u5c31\u4e0d\u7528\u591a\u82b1\u94b1\u4e86~"}, {"userName": "17K\u4e66\u53cbdjrzuwbj", "userReviewDate": "2018-06-08", "userURL": "http://user.17k.com/59045791", "userReview": "\u597d\u770b\uff0c\u5438\u5f15\u4eba"}, {"userName": "17k\u4e66\u53cb1t8h86vbx", "userReviewDate": "2018-06-07", "userURL": "http://user.17k.com/62092974", "userReview": "\u4f5c\u8005\u5927\u5927\uff0c\u4ec0\u4e48\u65f6\u5019\u80fd\u591a\u66f4\u554a\uff1f"}, {"userName": "17K\u4e66\u53cbdjrzuwbj", "userReviewDate": "2018-06-07", "userURL": "http://user.17k.com/59045791", "userReview": "\u597d\u770b\uff0c\u52a0\u6cb9\uff0c"}, {"userName": "17K\u4e66\u53cbdjrzuwbj", "userReviewDate": "2018-06-06", "userURL": "http://user.17k.com/59045791", "userReview": "\u52a0\u6cb9\u6cb9\u52a0\u6cb9"}, {"userName": "17K\u4e66\u53cbdjrzuwbj", "userReviewDate": "2018-06-05", "userURL": "http://user.17k.com/59045791", "userReview": "\uff0c\uff0c\uff0c\uff0c\uff0c\uff0c"}, {"userName": "\u5341\u91cc\u98ce\u7b5d.", "userReviewDate": "2018-06-04", "userURL": "http://user.17k.com/61523152", "userReview": "&#55357;&#56489;\u54c8\u54c8\u54c8\uff0c\u770b\u82b1\u82b1\u7684\u4e66\u5c31\u662f\u559c\u6b22\u5973\u4e3b\u5530\u5530\u6253\u8138\u7684\u611f\u89c9"}, {"userName": "17k\u4e66\u53cbbl8a7tye3", "userReviewDate": "2018-06-04", "userURL": "http://user.17k.com/62182355", "userReview": "[\u6253\u8d4f]\u6211\u6253\u8d4f\u4e861\u4e2a'\u5c0f\u5fc3\u5fc3'\uff01\uff01"}, {"userName": "17K\u4e66\u53cbdjrzuwbj", "userReviewDate": "2018-06-04", "userURL": "http://user.17k.com/59045791", "userReview": "\uff0c\uff0c\uff0c\uff0c\uff0c"}, {"userName": "17k\u4e66\u53cb88dabpg3m", "userReviewDate": "2018-06-04", "userURL": "http://user.17k.com/62502524", "userReview": "[\u6253\u8d4f]\u6211\u6253\u8d4f\u4e862\u5143\u7ea2\u5305\uff01\uff01"}, {"userName": "17K\u4e66\u53cbdjrzuwbj", "userReviewDate": "2018-06-03", "userURL": "http://user.17k.com/59045791", "userReview": "\u52a0\u6cb9\u52a0\u6cb9\u52a0\u6cb9"}, {"userName": "17k\u4e66\u53cb2qj4d46w1", "userReviewDate": "2018-06-02", "userURL": "http://user.17k.com/62007414", "userReview": "\u597d\u4e66\uff0c\u8bfb\u7740\u611f\u89c9\u5f88\u597d\uff0c\u7545\u5feb\uff0c\u5c0f\u82b1\u82b1\u52a0\u6cb9\uff01"}, {"userName": "17k\u4e66\u53cb9f54b86xt", "userReviewDate": "2018-06-02", "userURL": "http://user.17k.com/62390439", "userReview": "\u8fd9\u672c\u4e66\u5199\u7684\u4e0d\u9519\uff0c\u7ee7\u7eed\u52a0\u6cb9\u82b1\u82b1\uff01"}, {"userName": "17K\u4e66\u53cbdjrzuwbj", "userReviewDate": "2018-06-01", "userURL": "http://user.17k.com/59045791", "userReview": "\uff0c\uff0c\uff0c\uff0c\uff0c"}, {"userName": "\u5341\u91cc\u98ce\u7b5d.", "userReviewDate": "2018-06-01", "userURL": "http://user.17k.com/61523152", "userReview": "\u82b1\u82b1\u516d\u4e00\u8282\u5feb\u4e50\u54c7"}, {"userName": "\u5341\u91cc\u98ce\u7b5d.", "userReviewDate": "2018-06-01", "userURL": "http://user.17k.com/61523152", "userReview": "&#55357;&#56384;\u8bf4\u5f97\u4f18\u96c5\u4e00\u70b9\u53eb\u70b9\u5230\u4e3a\u6b62\uff0c\u7c97\u4fd7\u8bf4\u6cd5\u5c31\u662f\u5361\u6587\u554a\uff01\uff01\uff01\u82b1\u82b1\u5361\u6587\u53ef\u803b\u554a\uff01\uff01\uff01"}, {"userName": "17K\u4e66\u53cbdjrzuwbj", "userReviewDate": "2018-05-31", "userURL": "http://user.17k.com/59045791", "userReview": "\uff0c\uff0c\uff0c\uff0c\uff0c"}, {"userName": "17k\u4e66\u53cb2qj4d46w1", "userReviewDate": "2018-05-31", "userURL": "http://user.17k.com/62007414", "userReview": "\u52a0\u6cb9\u5427\uff0c\u5c0f\u82b1\u82b1\uff0c\u4f60\u731c\u6211\u662f\u8c01\uff1f"}, {"userName": "\u5341\u91cc\u98ce\u7b5d.", "userReviewDate": "2018-05-30", "userURL": "http://user.17k.com/61523152", "userReview": "&#55357;&#56834;\u6240\u4ee5\u4e3a\u4ec0\u4e48\u5c0f\u9752\u9752\u4e0d\u56de\u8bdd"}, {"userName": "17K\u4e66\u53cbdjrzuwbj", "userReviewDate": "2018-05-30", "userURL": "http://user.17k.com/59045791", "userReview": "\uff0c\uff0c\uff0c\uff0c\uff0c"}], "description": "\u9488\u7078\u4e16\u5bb6\u7b2c\u56db\u5341\u4e94\u4ee3\u4f20\u4eba\u59dc\u5b9d\u9752\u906d\u9047\u8f66\u7978\uff0c\u91cd\u751f\u5728\u4e86\u4e61\u4e0b\u4e00\u4e2a\u75f4\u5446\u5c0f\u5973\u5b69\u8eab\u4e0a\u3002\u3000\u3000\u611a\u6627\u95ed\u585e\u7684\u5c71\u6751\uff0c\u9a87\u4eba\u542c\u95fb\u7684\u964b\u4e60\uff0c\u81ea\u79c1\u81ea\u5229\u7684\u4eb2\u621a\u3002\u3000\u3000\u5931\u6019\u5f31\u5973\u5982\u4f55\u5728\u7fa4\u72fc\u73af\u4f3a\u4e0b\uff0c\u540c\u54e5\u54e5\u8fc7\u4e0a\u5b89\u7136\u7684\u5c0f\u65e5\u5b50\uff1f\u3000\u3000\u4e14\u770b\u5979\u5316\u5203\u4e3a\u9488\uff0c\u5728\u574e\u5777\u4e16\u4e8b\u91cc\uff0c\u6323\u5f97\u4e00\u7247\u9526\u7ee3\uff01\u3000\u3000\u53ea\u662f\uff0c\u90a3\u4f4d\u75c5\u5a07\u516c\u5b50\uff0c\u4f60\u8fc7\u6765\uff0c\u54b1\u4eec\u5148\u628a\u8d26\u7b97\u4e00\u7b97\uff01", "title": "\u7530\u56ed\u5c0f\u9488\u5973", "url": "http://www.17k.com/book/2807943.html", "average": -1.0, "cover": "http://img.17k.com/images/bookcover/2018/14039/70/2807943-1524188151000.jpg", "reviews": 45401, "authors": [{"url": "http://www.17k.com/zuozhe/53773671", "name": "\u897f\u5170\u82b1\u82b1"}], "type": ["\u7ecf\u5546\u79cd\u7530"], "outlinks": ["http://www.17k.com/book/2794982.html", "http://www.17k.com/book/2801292.html", "http://www.17k.com/book/2816318.html", "http://www.17k.com/book/2797575.html", "http://www.17k.com/book/2802516.html", "http://www.17k.com/book/2812195.html", "http://www.17k.com/book/2820143.html", "http://www.17k.com/book/2807943.html", "http://www.17k.com/book/2813457.html", "http://www.17k.com/book/2798058.html", "http://www.17k.com/book/2815617.html", "http://www.17k.com/book/2805259.html", "http://www.17k.com/book/2760255.html", "http://www.17k.com/book/2686894.html", "http://www.17k.com/book/2797016.html", "http://www.17k.com/book/2767246.html", "http://www.17k.com/book/2764239.html", "http://www.17k.com/book/2754498.html", "http://www.17k.com/book/2754900.html", "http://www.17k.com/book/2625740.html", "http://www.17k.com/book/2213315.html", "http://www.17k.com/book/2402178.html", "http://www.17k.com/book/2691221.html", "http://www.17k.com/book/2210699.html", "http://www.17k.com/book/1797752.html", "http://www.17k.com/book/2575507.html", "http://www.17k.com/book/2705181.html", "http://www.17k.com/book/2702539.html", "http://www.17k.com/book/2474887.html", "http://www.17k.com/book/2674733.html", "http://www.17k.com/book/2822076.html", "http://www.17k.com/book/2809894.html", "http://www.17k.com/book/2822077.html", "http://www.17k.com/book/2811930.html", "http://www.17k.com/book/2815548.html", "http://www.17k.com/book/2819620.html", "http://www.17k.com/book/2809964.html", "http://www.17k.com/book/2808200.html", "http://www.17k.com/book/2820100.html", "http://www.17k.com/book/2822978.html", "http://www.17k.com/book/2804337.html", "http://www.17k.com/book/2798814.html", "http://www.17k.com/book/2785153.html", "http://www.17k.com/book/2731559.html", "http://www.17k.com/book/2722533.html", "http://www.17k.com/book/2458377.html", "http://www.17k.com/book/2743300.html", "http://www.17k.com/book/973809.html", "http://www.17k.com/book/2651367.html", "http://www.17k.com/book/2726194.html", "http://www.17k.com/book/2790214.html", "http://www.17k.com/book/493239.html", "http://www.17k.com/book/108821.html", "http://www.17k.com/book/1398783.html", "http://www.17k.com/book/83528.html", "http://www.17k.com/book/1859126.html", "http://www.17k.com/book/1741975.html", "http://www.17k.com/book/192453.html", "http://www.17k.com/book/2459058.html", "http://www.17k.com/book/1050747.html", "http://www.17k.com/book/2700315.html", "http://www.17k.com/book/2818940.html", "http://www.17k.com/book/2819519.html", "http://www.17k.com/book/2816390.html", "http://www.17k.com/book/2819588.html", "http://www.17k.com/book/2813768.html", "http://www.17k.com/book/2822406.html", "http://www.17k.com/book/2772164.html", "http://www.17k.com/book/2784023.html", "http://www.17k.com/book/2811877.html", "http://www.17k.com/book/2809119.html", "http://www.17k.com/book/2803700.html", "http://www.17k.com/book/2819561.html", "http://www.17k.com/book/2746506.html", "http://www.17k.com/book/2811836.html", "http://www.17k.com/book/2614810.html", "http://www.17k.com/book/1592435.html", "http://www.17k.com/book/1949748.html", "http://www.17k.com/book/2265802.html", "http://www.17k.com/book/2743240.html", "http://www.17k.com/book/2657437.html", "http://www.17k.com/book/2644502.html", "http://www.17k.com/book/2199900.html", "http://www.17k.com/book/2725436.html", "http://www.17k.com/book/2629978.html"]}