{"ratings": -1, "userreviews": [{"userName": "17K\u4e66\u53cbrh7069nn", "userReviewDate": "2018-06-03", "userURL": "http://user.17k.com/60183314", "userReview": "\u597d\u3002\u3002\u3002\u3002\u3002\u3002"}, {"userName": "17K\u4e66\u53cbrh7069nn", "userReviewDate": "2018-05-25", "userURL": "http://user.17k.com/60183314", "userReview": "\u652f\u6301\u3002\u3002\u3002"}, {"userName": "\u5c71\u9e1f\u7fa4\u98de\u65e5\u9690\u8f7b\u971e", "userReviewDate": "2018-05-25", "userURL": "http://user.17k.com/40728627", "userReview": "\u5c0f\u53ef\u7231\u8fd9\u672c\u5c0f\u8bf4\uff0c\u5f00\u521b\u4e86\u8fd9\u7c7b\u578b\u5c0f\u8bf4\u7684\u65b0\u601d\u7ef4\uff0c\u65b0\u6d41\u6d3e\uff0c\u65e0\u8bba\u662f\u6587\u5b57\u7684\u7cbe\u70bc\uff0c\u8fd8\u662f\u60c5\u8282\u5b89\u6392\uff0c\u90fd\u663e\u793a\u4e86\u4f5c\u8005\u6df1\u539a\u7684\u56fd\u5b66\u529f\u5e95\uff0c\u5f15\u4eba\u5165\u80dc\uff0c\u8ba9\u8bfb\u8005\u6709\u4e00\u79cd\u4ee3\u5165\u611f\uff0c\u60c5\u8282\u8d77\u8fed\uff0c\u5904\u5904\u6709\u4f0f\u7b14\uff0c\u5f53\u4f60\u8ba4\u4e3a\u6545\u4e8b\u7684\u7ed3\u679c\u662f\u67d0\u4e2a\u4e4b\u540e\uff0c\u5374\u53cd\u5176\u9053\u800c\u884c\uff0c\u8ba9\u6211\u8be7\u5f02\u65e0\u6bd4\uff0c\u60c5\u4e0d\u81ea\u7981\u7684\u60f3\u770b\u4e0b\u53bb\uff0c\u4e3a\u4e3b\u4eba\u516c\u65f6\u800c\u62c5\u5fc3\uff0c\u65f6\u800c\u9ad8\u5174\uff0c\u65f6\u800c\u54c0\u6101\uff0c\u65f6\u800c\u5174\u594b\uff0c\u53ef\u4ee5\u8bf4\uff0c\u8fd9\u672c:\u5a07\u5983\u4e0d\u597d\u517b\uff0c\u662f\u8fd1\u6765\u7f51\u7edc\u5c0f\u8bf4\u754c\u4e2d\u7684\u7cbe\u54c1\uff0c\u503c\u5f97\u4e00\u770b!"}, {"userName": "\u2229_\u2229406659239", "userReviewDate": "2018-05-24", "userURL": "http://user.17k.com/61936981", "userReview": "\u6211\u89c9\u5f97\u5f88\u597d\u5427"}, {"userName": "\u672a\u6765\u8001\u9f20", "userReviewDate": "2018-05-23", "userURL": "http://user.17k.com/46396493", "userReview": "\u597d\u4e66\uff0c\u5927\u5927\u52a0\u6cb9"}, {"userName": "Min109544649", "userReviewDate": "2018-05-20", "userURL": "http://user.17k.com/61364054", "userReview": "6666666"}, {"userName": "\u3123\u901d\u53bb\u2570\u2606\u3077_\u901d\u53bb.....\ufe56", "userReviewDate": "2018-05-14", "userURL": "http://user.17k.com/53108576", "userReview": "<a target='_blank' href='http://www.17k.com/book/2812764.html'>\u300a\u4e5d\u5c3e\u732b\u4ed9\u300b</a>\u524d\u6765\u652f\u6301\uff0c\u591a\u8c22\u6307\u70b9\u4e00\u4e8c"}, {"userName": "\u6708\u843d\u68a6\u8ffd\u5fc6", "userReviewDate": "2018-05-13", "userURL": "http://user.17k.com/57478135", "userReview": "\u6295\u7968\u652f\u6301o(\u2267v\u2266)o"}, {"userName": "17K\u4e66\u53cbLL2B08KX", "userReviewDate": "2018-05-12", "userURL": "http://user.17k.com/60925563", "userReview": "\u597d\u597d\u770b\u5440\uff0c\u592a"}, {"userName": "\u4f20\u8bf4\u4e2d\u7231\u60c5\u6740\u624b", "userReviewDate": "2018-05-08", "userURL": "http://user.17k.com/10609712", "userReview": "\u6765\u901b\u901b"}, {"userName": "\u5e74\u7cd5\u5c0f\u8c46\u6c64", "userReviewDate": "2018-05-05", "userURL": "http://user.17k.com/60941766", "userReview": "<a target='_blank' href='http://www.17k.com/book/2814041.html'>\u300a\u672b\u65e5\u5973\u5deb\u300b</a>\u9a7e\u5230\uff0c\u795d\u4e66\u5927\u706b\uff01"}, {"userName": "\u8df3\u72fc\u725b", "userReviewDate": "2018-05-03", "userURL": "http://user.17k.com/56917653", "userReview": "\u5df2\u6536\u85cf\uff01\u52a0\u6cb9\u652f\u6301\uff01\u5199\u7684\u633a\u597d\uff01\u201c\u9634\u9633\u4fee\u4ed9\u8def\u201d"}, {"userName": "\u866b\u513f\u975e\u975e", "userReviewDate": "2018-05-03", "userURL": "http://user.17k.com/57550383", "userReview": "\u597d\u4e66\uff0c\u6295\u4e0a\u4e00\u7968\uff01"}, {"userName": "\u5c0f\u9633\u6c99\u6d32\u51b7", "userReviewDate": "2018-05-02", "userURL": "http://user.17k.com/32216127", "userReview": "<a target='_blank' href='http://www.17k.com/book/2801842.html'>\u300a\u5348\u901d\u8bb0\u300b</a>\u6765\u8bbf"}, {"userName": "\u6708\u843d\u68a6\u8ffd\u5fc6", "userReviewDate": "2018-04-29", "userURL": "http://user.17k.com/57478135", "userReview": "\u9009\u62d4\u8d5b\u5012\u8ba1\u65f6\u5566\uff0c\u613f\u5728\u51b3\u8d5b\u540d\u5355\u91cc\u770b\u5230\u65f6\u523b"}, {"userName": "\u661f\u7a7a\u591c\u68a6\u58f9", "userReviewDate": "2018-04-27", "userURL": "http://user.17k.com/58116533", "userReview": "\u661f\u7a7a\u643a<a target='_blank' href='http://www.17k.com/book/2705953.html'>\u300a\u9b3c\u8ff9\u5bfb\u8e2a\u300b</a>\u6765\u770b\u4e66\u4e86"}, {"userName": "\u5f20\u68a6\u6db5220933323", "userReviewDate": "2018-04-21", "userURL": "http://user.17k.com/61149069", "userReview": "\u5927\u5927\uff0c\u4e66\u5f88\u597d\u5199\u7eed\u96c6\u5427\uff01&#55357;&#56619;&#55357;&#56619;&#55357;&#56619;&#55357;&#56619;&#55357;&#56619;&#55357;&#56375;&#55357;&#56375;&#55357;&#56375;&#55357;&#56375;&#55357;&#56375;&#55357;&#56397;&#55357;&#56397;&#55357;&#56397;&#55357;&#56397;&#55357;&#56397;&#55357;&#56396;&#55357;&#56396;&#55357;&#5639..."}, {"userName": "\u67e0\u6aac\u9178\u4e0d\u53ca\u6211\u5fc3\u9178", "userReviewDate": "2018-04-17", "userURL": "http://user.17k.com/49272780", "userReview": "<a target='_blank' href='http://www.17k.com/book/2192482.html'>\u300aTFBOYS\u604b\u4e4b\u590f\u300b</a>&nbsp;\u5927\u5927\uff0c\u6765\u8bbf"}, {"userName": "\u6708\u843d\u68a6\u8ffd\u5fc6", "userReviewDate": "2018-04-01", "userURL": "http://user.17k.com/57478135", "userReview": "\u521d\u6b21\u6765\u8bbf\uff0c\u652f\u6301"}, {"userName": "\u6a59\u5b50\u9ec4\u4e862", "userReviewDate": "2018-03-21", "userURL": "http://user.17k.com/48385844", "userReview": "\u6536\u85cf+\u9c9c\u82b1\u3002\u52a0\u6cb9\u3002"}], "description": "\u4eba\u603b\u5f97\u4e3a\u81ea\u5df1\u72af\u4e0b\u7684\u9519\u4ed8\u51fa\u4ee3\u4ef7\uff0c\u6240\u4ee5\u4e54\u4f0a\u4f0a\u89c9\u5f97\u81ea\u5df1\u8fd9\u8f88\u5b50\u4e0d\u914d\u62e5\u6709\u5e78\u798f\u3002\u53ef\u662f\u6ca1\u6709\u60f3\u5230\u8fd9\u4eba\u6b7b\u4e5f\u8981\u7c98\u4e0a\u6765\uff0c\u7529\u90fd\u7529\u4e0d\u6389\uff01\u987e\u8fdf\u4e5f\uff0c\u4f60\u7684\u8138\u5462\uff1f\u3000\u3000\u4e54\u4f0a\u4f0a\uff0c\u4ece\u6211\u770b\u89c1\u4f60\u65f6\uff0c\u5c31\u6ce8\u5b9a\u4e86\u4f60\u662f\u6211\u7684\uff0c\u8fd9\u8f88\u5b50\u4f60\u4f11\u60f3\u4ece\u6211\u7684\u8eab\u8fb9\u9003\u5f00\uff01", "title": "\u7537\u795e\u653b\u7565\u8ba1\u5212", "url": "http://www.17k.com/book/2791019.html", "average": -1.0, "cover": "http://img.17k.com/images/bookcover/2018/13955/69/2791019-1521008999000.jpg", "reviews": 34111, "authors": [{"url": "http://www.17k.com/zuozhe/60347825", "name": "\u65e5\u51fa\u65f6\u523b"}], "type": ["\u6821\u56ed\u9752\u6625"], "outlinks": ["http://www.17k.com/book/2794982.html", "http://www.17k.com/book/2801292.html", "http://www.17k.com/book/2816318.html", "http://www.17k.com/book/2797575.html", "http://www.17k.com/book/2802516.html", "http://www.17k.com/book/2812195.html", "http://www.17k.com/book/2820143.html", "http://www.17k.com/book/2807943.html", "http://www.17k.com/book/2813457.html", "http://www.17k.com/book/2798058.html", "http://www.17k.com/book/2815617.html", "http://www.17k.com/book/2805259.html", "http://www.17k.com/book/2760255.html", "http://www.17k.com/book/2686894.html", "http://www.17k.com/book/2797016.html", "http://www.17k.com/book/2767246.html", "http://www.17k.com/book/2764239.html", "http://www.17k.com/book/2754498.html", "http://www.17k.com/book/2754900.html", "http://www.17k.com/book/2625740.html", "http://www.17k.com/book/2213315.html", "http://www.17k.com/book/2402178.html", "http://www.17k.com/book/2691221.html", "http://www.17k.com/book/2210699.html", "http://www.17k.com/book/1797752.html", "http://www.17k.com/book/2575507.html", "http://www.17k.com/book/2705181.html", "http://www.17k.com/book/2702539.html", "http://www.17k.com/book/2474887.html", "http://www.17k.com/book/2674733.html", "http://www.17k.com/book/2822076.html", "http://www.17k.com/book/2809894.html", "http://www.17k.com/book/2822077.html", "http://www.17k.com/book/2811930.html", "http://www.17k.com/book/2815548.html", "http://www.17k.com/book/2819620.html", "http://www.17k.com/book/2809964.html", "http://www.17k.com/book/2808200.html", "http://www.17k.com/book/2820100.html", "http://www.17k.com/book/2822978.html", "http://www.17k.com/book/2804337.html", "http://www.17k.com/book/2798814.html", "http://www.17k.com/book/2785153.html", "http://www.17k.com/book/2731559.html", "http://www.17k.com/book/2722533.html", "http://www.17k.com/book/2458377.html", "http://www.17k.com/book/2743300.html", "http://www.17k.com/book/973809.html", "http://www.17k.com/book/2651367.html", "http://www.17k.com/book/2726194.html", "http://www.17k.com/book/2790214.html", "http://www.17k.com/book/493239.html", "http://www.17k.com/book/108821.html", "http://www.17k.com/book/1398783.html", "http://www.17k.com/book/83528.html", "http://www.17k.com/book/1859126.html", "http://www.17k.com/book/1741975.html", "http://www.17k.com/book/192453.html", "http://www.17k.com/book/2459058.html", "http://www.17k.com/book/1050747.html", "http://www.17k.com/book/2700315.html", "http://www.17k.com/book/2818940.html", "http://www.17k.com/book/2819519.html", "http://www.17k.com/book/2816390.html", "http://www.17k.com/book/2819588.html", "http://www.17k.com/book/2813768.html", "http://www.17k.com/book/2822406.html", "http://www.17k.com/book/2772164.html", "http://www.17k.com/book/2784023.html", "http://www.17k.com/book/2811877.html", "http://www.17k.com/book/2809119.html", "http://www.17k.com/book/2803700.html", "http://www.17k.com/book/2819561.html", "http://www.17k.com/book/2746506.html", "http://www.17k.com/book/2811836.html", "http://www.17k.com/book/2614810.html", "http://www.17k.com/book/1592435.html", "http://www.17k.com/book/1949748.html", "http://www.17k.com/book/2265802.html", "http://www.17k.com/book/2743240.html", "http://www.17k.com/book/2657437.html", "http://www.17k.com/book/2644502.html", "http://www.17k.com/book/2199900.html", "http://www.17k.com/book/2725436.html", "http://www.17k.com/book/2629978.html"]}