{"ratings": -1, "userreviews": [{"userName": "\u5b64\u9ed8\u96c0\u7fbd\u6b87", "userReviewDate": "2018-04-21", "userURL": "http://user.17k.com/55071492", "userReview": "\u52a0\u6cb9\uff3e\uff10\uff3e~"}, {"userName": "\u55b5\u5b50\u6728\u5b81", "userReviewDate": "2018-04-05", "userURL": "http://user.17k.com/60832548", "userReview": "\u597d\u770b\uff01"}, {"userName": "\u9752\u79be\u5c9a", "userReviewDate": "2018-04-01", "userURL": "http://user.17k.com/60354568", "userReview": "\u52a0\u6cb9\u52a0\u6cb9"}, {"userName": "\u6708\u843d\u68a6\u8ffd\u5fc6", "userReviewDate": "2018-03-31", "userURL": "http://user.17k.com/57478135", "userReview": "\u62b1\u7d27\u5927\u795e\u7684\u817f(\u0e51\u2022\u0e31\u0e47\u03c9\u2022\u0e47\u0e31\u0e51)"}, {"userName": "\u5357\u65b9\u7684\u6728\u5934", "userReviewDate": "2018-03-30", "userURL": "http://user.17k.com/60457397", "userReview": "\u6536\u85cf\u6536\u85cf \u987a\u4fbf\u6253\u4e00\u4e2a\u5e7f\u544a\uff08\u8bb8\u4e00\u5907\u5fd8\u5f55\uff09\u65b0\u4eba\u65b0\u4e66\u8c22\u8c22"}, {"userName": "\u661f\u7a7a\u591c\u68a6\u58f9", "userReviewDate": "2018-03-30", "userURL": "http://user.17k.com/58116533", "userReview": "\u606d\u559c\u5927\u5927\u83b7\u5f97\u5927\u63a8"}, {"userName": "\u5c0f\u706b\u70e7\u8eab", "userReviewDate": "2018-03-29", "userURL": "http://user.17k.com/60272162", "userReview": "\u5973\u4e3b\u7b2c\u4e00\u4eba\u79f0\u7684\u6587\u4e48\uff1f\u5982\u679c\u662f\u7684\u8bdd\uff0c\u7ec8\u4e8e\u7b49\u5230\u4e86\u3002"}, {"userName": "\u7b71\u7b71\u7b71\u7b71\u5f71", "userReviewDate": "2018-03-17", "userURL": "http://user.17k.com/49325577", "userReview": "<a target='_blank' href='http://www.17k.com/book/2670624.html'>\u300a\u7f6a\u7f5a\u56e0\u679c\u300b</a>\u6765\u8bbf"}, {"userName": "\u661f\u7a7a\u591c\u68a6\u58f9", "userReviewDate": "2018-03-16", "userURL": "http://user.17k.com/58116533", "userReview": "\u52a0\u6cb9\u2196(^\u03c9^)\u2197\uff0c\u5f88\u4e0d\u9519\u7684\u54df\uff01\u5e94\u8be5\u53ef\u4ee5\u4e0a\u67b6\u4e86\u5427"}, {"userName": "\u8537\u8587\u73a5\u9171V", "userReviewDate": "2018-03-13", "userURL": "http://user.17k.com/55984899", "userReview": "\u652f\u6301"}, {"userName": "\u4e0d\u826f\u836f\u5242\u5e08", "userReviewDate": "2018-03-07", "userURL": "http://user.17k.com/59212874", "userReview": "<span style='color:black'><a target='_blank' href='http://www.17k.com/book/2752019.html'>\u300a\u9752\u6625\u8bd5\u7528\u671f\u300b</a>\u5360\u4e2a\u5730\u65b9</span>"}, {"userName": "\u6ee1\u5929\u7e41\u661f\u4e0d\u53ca\u56de\u7738", "userReviewDate": "2018-03-06", "userURL": "http://user.17k.com/60269847", "userReview": "<a target='_blank' href='http://www.17k.com/book/2788708.html'>\u300a\u8776\u7948\u4e0d\u53ca\u4f60\u56de\u7738\u300b</a>\u6765\u8bbf\uff0c\u5c01\u9762\u5f88\u6f02\u4eae\u54e6~~"}, {"userName": "\u98ce\u98ce\u706b\u706b\u7684\u5c0f\u9e8b\u9e7f", "userReviewDate": "2018-03-05", "userURL": "http://user.17k.com/54292207", "userReview": "<a target='_blank' href='http://www.17k.com/book/2754213.html'>\u300a\u7480\u74a8\u5e1d\u56fd\uff1a\u5343\u91d1\u4e0d\u6362\u300b</a>\u6765\u8bbf\uff0c\u9001\u82b1\u652f\u6301\uff01"}, {"userName": "\u89d2\u843d\u5904\u7684\u72fc", "userReviewDate": "2018-03-05", "userURL": "http://user.17k.com/58137971", "userReview": "\u643a,<a target='_blank' href='http://www.17k.com/book/2710936.html'>\u300a\u5b85\u7537\u7cfb\u7edf\u300b</a>\u524d\u6765\u652f\u6301\u5927\u5927\u5de8\u4f5c\uff0c\u795d\u672c\u4e66\u65e9\u65e5\u5927\u706b"}, {"userName": "\u8309\u8389\u82b1\u4e1b", "userReviewDate": "2018-02-26", "userURL": "http://user.17k.com/59690219", "userReview": "\u8fd9\u672c\u4e66\u8fd8\u53ef\u4ee5\uff0c\u7c7b\u4f3c\u7684\u6709\u4e00\u672c, ,<a target='_blank' href='http://www.17k.com/book/1629749.html'>\u300a\u6211\u7684\u50b2\u5a07\u9b3c\u592b\u300b</a>\u8102\u8272\u5199\u7684\u5f88\u597d\u770b\uff1a\u521a\u8fdb\u8fd9\u6240\u5927\u5b66\uff0c\u6211\u7ecf\u5e38\u88ab\u4eba\u6b3a\u8d1f\u3002\u5979\u4eec\u628a\u6211\u6572\u6655\uff0c\u5f80\u5b66\u6821\u540e\u5c71\u6d1e\u91cc\u4e22\u53bb\u3002 \u5728\u5c71\u6d1e\u91cc\uff0c\u6211\u770b\u89c1\u4e86\u771f\u6b63\u7684\u9b3c\u2026\u2026 \u6b64\u540e\uff0c\u90a3\u53ea\u9b3c\u5c31\u7f20\u4e0a\u6211\u3002\u8bf4\u6211\u662f\u4ed6\u7684\u59bb\uff0c\u591c\u591c\u8981\u540c\u6211\u7f20\u7ef5\u3002 \u4e0d\u6b62\u4ed6\u7f20\u4e0a\u4e86\u6211\uff0c\u86f0\u4f0f\u5728\u6697\u5904\u7684\u9b3c\u602a\uff0c\u5bf9\u6211\u864e\u89c6\u7708\u7708\u2026\u2026"}, {"userName": "\u98de\u96ea\u4e71\u6e05\u98ce", "userReviewDate": "2018-02-25", "userURL": "http://user.17k.com/45159154", "userReview": "<a target='_blank' href='http://www.17k.com/book/2677053.html'>\u300a\u9b54\u5984\u300b</a>\u6765\u8bbf\uff0c\u5348\u597d\uff0c\u901a\u7075\u59b9"}, {"userName": "K\u5c0f\u5f00", "userReviewDate": "2018-02-24", "userURL": "http://user.17k.com/58509881", "userReview": "<a target='_blank' href='http://www.17k.com/book/2724684.html'>\u300a\u4e00\u5ff5\u539f\u7f6a\u300b</a>\u524d\u6765\u6c42\u6559\uff0c\u671b\u6307\u70b9\uff0c\u611f\u6fc0\u4e0d\u5c3d\uff01"}, {"userName": "\u7231\u505a\u5669\u68a6\u7684\u732b", "userReviewDate": "2018-02-23", "userURL": "http://user.17k.com/59264987", "userReview": "\u633a\u559c\u6b22\u59d0\u59d0\u7684\u4f5c\u54c1"}, {"userName": "\u68a6\u9192\u5929\u5dee", "userReviewDate": "2018-02-17", "userURL": "http://user.17k.com/59595211", "userReview": "<span style='color:black'><a target='_blank' href='http://www.17k.com/book/2765324.html'>\u300a\u7edd\u5578\u4e94\u884c\u300b</a>\u6765\u8bbf\uff0c\u795d\u5927\u5927\u65b0\u5e74\u5feb\u4e50\u3002\uff1b\uff1b</span>"}, {"userName": "A\u725b\u9b54\u738b", "userReviewDate": "2018-02-05", "userURL": "http://user.17k.com/56738425", "userReview": "\u63a8\u8350\u4e00\u672c\u597d\u770b\u7684\u4e66<a target='_blank' href='http://www.17k.com/book/2551937.html'>\u300a\u8d85\u65b0\u4eba\u300b</a>\uff0c\u60ca\u9669\u523a\u6fc0\uff0c\u6d6a\u6f2b\u6ee1\u5c4b\uff0c\u6696\u6627\u6e29\u60c5\uff0c\u4f20\u6388\u60c5\u7231\u771f\u8c1b\uff0c\u5929\u5929\u66f4\u65b0\uff0c\u8bf7\u591a\u591a\u5173\u7167\uff0c\u6765\u4e2a\u6536\u85cf\u5427!\u70b9\u51fb\u4e66\u540d\u5c31\u53ef\u4ee5\u770b\u5230\u4e66\u4e86\u3002"}], "description": "\u201c\u8fd8\u6ca1\u8fc7\u95e8\uff0c\u5c31\u8fd9\u4e48\u4e3b\u52a8\u4e86\uff1f\u201d\u3000\u3000\u201c\u5443\u2026\u2026\u201d\u3000\u3000\u201c\u6211\u7684\u853b\u513f\uff0c\u624d\u51e0\u5929\u7684\u65f6\u95f4\u853b\u513f\u5c31\u628a\u6211\u5fd8\u4e86\uff1f\u201d\u4ed6\u8bf4\u7740\uff0c\u5c06\u6211\u8f7b\u8f7b\u7684\u653e\u5728\u5e8a\u4e0a\uff0c\u201c\u4f60\u662f\u7b2c\u4e00\u4e2a\u627e\u5230\u6211\u9aa8\u7070\u575b\u7684\u4eba\uff0c\u90a3\u5c31\u662f\u5929\u5b9a\u7684\u9634\u7f18\u4eba\u2026\u2026\u201d\u3000\u3000\u6211\u53eb\u8c46\u853b\u513f\uff0c\u4eca\u5e74\u5341\u516b\u5c81\u3002\u3000\u3000\u5c31\u56e0\u4e3a\u60b2\u50ac\u7684\u91c7\u8611\u83c7\u4e8b\u4ef6\uff0c\u6211\u6316\u51fa\u4e86\u522b\u4eba\u7684\u9aa8\u7070\u575b\u3002\u3000\u3000\u6253\u90a3\u4ee5\u540e\uff0c\u4e00\u4e2a\u8eab\u7a7f\u9ed1\u70ae\u3001\u5934\u6234\u5c16\u5e3d\u7684\u65e0\u5e38\u9b3c\u5dee\u591c\u591c\u6765\u7f20\u6211\u3002", "title": "\u75f4\u60c5\u9b3c\u592b\u592a\u64a9\u4eba", "url": "http://www.17k.com/book/2721076.html", "average": -1.0, "cover": "http://img.17k.com/images/bookcover/2017/13605/68/2721076-1512955410000.jpg", "reviews": 114210, "authors": [{"url": "http://www.17k.com/zuozhe/58445730", "name": "\u901a\u7075\u59b9"}], "type": ["\u7075\u5f02\u60ac\u7591"], "outlinks": ["http://www.17k.com/book/2794982.html", "http://www.17k.com/book/2801292.html", "http://www.17k.com/book/2816318.html", "http://www.17k.com/book/2797575.html", "http://www.17k.com/book/2802516.html", "http://www.17k.com/book/2812195.html", "http://www.17k.com/book/2820143.html", "http://www.17k.com/book/2807943.html", "http://www.17k.com/book/2813457.html", "http://www.17k.com/book/2798058.html", "http://www.17k.com/book/2815617.html", "http://www.17k.com/book/2805259.html", "http://www.17k.com/book/2760255.html", "http://www.17k.com/book/2686894.html", "http://www.17k.com/book/2797016.html", "http://www.17k.com/book/2767246.html", "http://www.17k.com/book/2764239.html", "http://www.17k.com/book/2754498.html", "http://www.17k.com/book/2754900.html", "http://www.17k.com/book/2625740.html", "http://www.17k.com/book/2213315.html", "http://www.17k.com/book/2402178.html", "http://www.17k.com/book/2691221.html", "http://www.17k.com/book/2210699.html", "http://www.17k.com/book/1797752.html", "http://www.17k.com/book/2575507.html", "http://www.17k.com/book/2705181.html", "http://www.17k.com/book/2702539.html", "http://www.17k.com/book/2474887.html", "http://www.17k.com/book/2674733.html", "http://www.17k.com/book/2822076.html", "http://www.17k.com/book/2809894.html", "http://www.17k.com/book/2822077.html", "http://www.17k.com/book/2811930.html", "http://www.17k.com/book/2815548.html", "http://www.17k.com/book/2819620.html", "http://www.17k.com/book/2809964.html", "http://www.17k.com/book/2808200.html", "http://www.17k.com/book/2820100.html", "http://www.17k.com/book/2822978.html", "http://www.17k.com/book/2804337.html", "http://www.17k.com/book/2798814.html", "http://www.17k.com/book/2785153.html", "http://www.17k.com/book/2731559.html", "http://www.17k.com/book/2722533.html", "http://www.17k.com/book/2458377.html", "http://www.17k.com/book/2743300.html", "http://www.17k.com/book/973809.html", "http://www.17k.com/book/2651367.html", "http://www.17k.com/book/2726194.html", "http://www.17k.com/book/2790214.html", "http://www.17k.com/book/493239.html", "http://www.17k.com/book/108821.html", "http://www.17k.com/book/1398783.html", "http://www.17k.com/book/83528.html", "http://www.17k.com/book/1859126.html", "http://www.17k.com/book/1741975.html", "http://www.17k.com/book/192453.html", "http://www.17k.com/book/2459058.html", "http://www.17k.com/book/1050747.html", "http://www.17k.com/book/2700315.html", "http://www.17k.com/book/2818940.html", "http://www.17k.com/book/2819519.html", "http://www.17k.com/book/2816390.html", "http://www.17k.com/book/2819588.html", "http://www.17k.com/book/2813768.html", "http://www.17k.com/book/2822406.html", "http://www.17k.com/book/2772164.html", "http://www.17k.com/book/2784023.html", "http://www.17k.com/book/2811877.html", "http://www.17k.com/book/2809119.html", "http://www.17k.com/book/2803700.html", "http://www.17k.com/book/2819561.html", "http://www.17k.com/book/2746506.html", "http://www.17k.com/book/2811836.html", "http://www.17k.com/book/2614810.html", "http://www.17k.com/book/1592435.html", "http://www.17k.com/book/1949748.html", "http://www.17k.com/book/2265802.html", "http://www.17k.com/book/2743240.html", "http://www.17k.com/book/2657437.html", "http://www.17k.com/book/2644502.html", "http://www.17k.com/book/2199900.html", "http://www.17k.com/book/2725436.html", "http://www.17k.com/book/2629978.html"]}