{"ratings": -1, "userreviews": [{"userName": "\u671f\u76fco0", "userReviewDate": "2017-05-19", "userURL": "http://user.17k.com/49023495", "userReview": "\u665a\u4e0a\u597d\u5e05\u54e5\u3002\u3002\u8ba2\u9605\u652f\u6301\u3002"}, {"userName": "\u5e9f\u7269\u4eba\u751f107051015", "userReviewDate": "2017-05-15", "userURL": "http://user.17k.com/53120106", "userReview": "\u9752\u7af9\u518d\u6b21\u8fc7\u6765\u8ba2\u9605\u652f\u6301\uff0c\u5144\u5f1f\u52a0\u6cb9\uff01"}, {"userName": "\u7b56\u9a6c\u7b11\u5929\u4e0b", "userReviewDate": "2017-05-10", "userURL": "http://user.17k.com/53527682", "userReview": "\u4eca\u5929\u5c31\u8981\u4e0a\u67b6\u4e86\uff0c\u610f\u5473\u7740\u63a5\u4e0b\u6765\u7684\u4f1a\u662fvip\u7ae0\u8282\uff0c\u6211\u77e5\u9053\u53ef\u80fd\u6709\u7684\u4e66\u53cb\u4f1a\u9009\u62e9\u79bb\u5f00\uff0c\u4f46\u6211\u8877\u5fc3\u5e0c\u671b\u6bcf\u4e00\u4f4d\u90fd\u80fd\u7559\u4e0b\u6765\u7ee7\u7eed\u652f\u6301\u7b56\u9a6c\u3002 \u4fd7\u8bdd\u8bf4\uff0c\u6ca1\u94b1\u7684\u6367\u4e2a\u4eba\u573a\uff0c\u6709\u94b1\u7684\u6367\u4e2a\u94b1\u573a\uff0c\u6ca1\u6709\u6761\u4ef6\u7684\u4e66\u53cb\u4e5f\u53ef\u4ee5\u53d1\u8868\u4e0b\u8bc4\u8bba\uff0c\u6295\u6295\u9c9c\u82b1\uff0c\u6536\u85cf\u4e00\u4e0b\uff0c\u4e5f\u662f\u5bf9\u7b56\u9a6c\u7684\u652f\u6301\u4e86\uff0c\u800c\u4e14\u8fd9\u4e9b\u5e76\u4e0d\u9700\u8981\u82b1\u8d39\u4ec0\u4e48\u91d1\u94b1\u3002 \u6709\u6761\u4ef6\u7684\u4e66\u53cb\uff0c\u7b56\u9a6c\u8fd8\u662f\u5e0c\u671b\u80fd\u8ba2\u9605\u652f\u6301\u4e00\u4e0b\uff0c\u5176\u4ed6\u7684\u5404\u79cd\u6253\u8d4f\u4e5f\u662f\u53ef\u4ee5\u7684\uff0c\u8fd9\u4e9b\u90fd\u662f\u5bf9\u6211\u7684\u83ab\u5927\u652f\u6301\u3002 \u6211\u5728\u611f\u8a00\u91cc\u9762\u8bf4\u4e86\uff0c\u4eca\u5929\u4e24\u66f4\uff0c\u5982\u679c\u60c5\u51b5\u4e50\u89c2\u7684\u8bdd\uff0c\u660e\u5929\u8fd8\u4f1a\u7ee7\u7eed\u3002 \u6700\u540e\uff0c\u6211\u5e0c\u671b\uff0c\u6bcf\u4e00\u4f4d\u4e66\u53cb\u90fd\u80fd\u4e0e\u6211\u540c\u5728\uff0c\u966a\u4f34\u5728\u6211\u7684\u5199\u4f5c\u751f\u6daf\u4e0a\uff0c\u8c22\u8c22\uff01"}, {"userName": "\u9f99\u66f2", "userReviewDate": "2017-04-21", "userURL": "http://user.17k.com/54133169", "userReview": "\u5e08\u5144\u5f1f\u611f\u60c5\u63cf\u5199\u7684\u5f88\u68d2\uff0c\u770b\u5f97\u6709\u4e9b\u52a8\u5bb9\u4e86\uff01"}, {"userName": "17k\u4e66\u53cb4rrfe2ijp", "userReviewDate": "2018-05-12", "userURL": "http://user.17k.com/61701210", "userReview": "[\u6253\u8d4f]\u6211\u6253\u8d4f\u4e862\u5143\u7ea2\u5305\uff01\uff01"}, {"userName": "\u6e05\u6c34\u94ed", "userReviewDate": "2018-04-22", "userURL": "http://user.17k.com/42958032", "userReview": "\u6e05\u6c34\u5e26<a target='_blank' href='http://www.17k.com/book/1683183.html'>\u300a\u9b54\u5c0a\u5251\u5723\u300b</a>\u6765\u8bbf\uff0c\u52a0\u6cb9"}, {"userName": "\u7f8a\u5976\u5c0f\u54e5", "userReviewDate": "2018-04-01", "userURL": "http://user.17k.com/54315957", "userReview": "\u575a\u6301\u4e0b\u53bb\u554a\uff0c\u5144\u5f1f\uff01"}, {"userName": "\u5723\u9690\u5e1d\u5143", "userReviewDate": "2018-03-30", "userURL": "http://user.17k.com/57760595", "userReview": "\u7b7e\u5230"}, {"userName": "\u7f8a\u5976\u5c0f\u54e5", "userReviewDate": "2018-03-13", "userURL": "http://user.17k.com/54315957", "userReview": "\u52a0\u6cb9\u52a0\u6cb9\uff0c\u5c0f\u82b1\u652f\u6301\u4e0b\uff01"}, {"userName": "\u7b56\u9a6c\u7b11\u5929\u4e0b", "userReviewDate": "2018-03-10", "userURL": "http://user.17k.com/53527682", "userReview": "\u5404\u4f4d\u4e66\u53cb\uff0c\u4eca\u5929\u5f00\u59cb\u6062\u590d\u66f4\u65b0\uff01\uff01\uff01"}, {"userName": "\u7f8a\u5976\u5c0f\u54e5", "userReviewDate": "2018-03-08", "userURL": "http://user.17k.com/54315957", "userReview": "\u600e\u4e48\u65ad\u4e86\uff1f"}, {"userName": "\u6697\u591c\u6d41\u661f\u98de", "userReviewDate": "2018-02-11", "userURL": "http://user.17k.com/46865324", "userReview": "<a target='_blank' href='http://www.17k.com/book/2717155.html'>\u300a\u9082\u9005\u5973\u795e\u7231\u4e0a\u6211\u300b</a>\u6765\u8bbf"}, {"userName": "\u96ea\u57df\u660e\u5fc3", "userReviewDate": "2018-02-09", "userURL": "http://user.17k.com/33607136", "userReview": "<a target='_blank' href='http://www.17k.com/book/799926.html'>\u300a\u4ed9\u7f18\u65e0\u9650\u300b</a>\u56de\u8bbf\uff0c\u9001\u82b1\u652f\u6301\uff0c\u795d\u65e9\u6210\u5927\u795e\u3002"}, {"userName": "\u96ea\u57df\u660e\u5fc3", "userReviewDate": "2018-02-08", "userURL": "http://user.17k.com/33607136", "userReview": "\u62dc\u8bbf\u5927\u4f5c\uff0c\u9001\u82b1\u652f\u6301\uff0c\u795d\u6587\u7ae0\u8d8a\u5199\u8d8a\u597d\uff0c\u65e9\u6210\u5927\u795e\uff01"}, {"userName": "\u96ea\u57df\u660e\u5fc3", "userReviewDate": "2018-02-05", "userURL": "http://user.17k.com/33607136", "userReview": "<a target='_blank' href='http://www.17k.com/book/799926.html'>\u300a\u4ed9\u7f18\u65e0\u9650\u300b</a>\u6765\u8bbf\uff0c\u9001\u82b1\u652f\u6301\uff0c\u795d\u8d8a\u5199\u8d8a\u597d\uff0c\u4f5c\u54c1\u75af\u72c2\u5927\u5356\u3002"}, {"userName": "\u96ea\u57df\u660e\u5fc3", "userReviewDate": "2018-02-03", "userURL": "http://user.17k.com/33607136", "userReview": "<a target='_blank' href='http://www.17k.com/book/799926.html'>\u300a\u4ed9\u7f18\u65e0\u9650\u300b</a>\u56de\u8bbf\uff0c\u9001\u82b1\uff0c\u4e92\u76f8\u652f\u6301\uff0c\u5171\u540c\u8fdb\u6b65\uff01"}, {"userName": "\u96ea\u57df\u660e\u5fc3", "userReviewDate": "2018-02-02", "userURL": "http://user.17k.com/33607136", "userReview": "<a target='_blank' href='http://www.17k.com/book/799926.html'>\u300a\u4ed9\u7f18\u65e0\u9650\u300b</a>\u56de\u8bbf\uff0c\u9001\u82b1\uff0c\u4e92\u76f8\u652f\u6301\uff0c\u5171\u540c\u8fdb\u6b65\uff01"}, {"userName": "\u4e5d\u9f99\u5486\u54ee", "userReviewDate": "2018-02-02", "userURL": "http://user.17k.com/49920879", "userReview": "<span style='color:black'><a target='_blank' href='http://www.17k.com/book/2746962.html'>\u300a\u9006\u5929\u5723\u9e92\u9e9f\u300b</a>u\u6765\u4e86</span>"}, {"userName": "\u96ea\u57df\u660e\u5fc3", "userReviewDate": "2018-02-01", "userURL": "http://user.17k.com/33607136", "userReview": "<a target='_blank' href='http://www.17k.com/book/799926.html'>\u300a\u4ed9\u7f18\u65e0\u9650\u300b</a>\u6765\u8bbf\uff0c\u652f\u6301\u5927\u4f5c\uff0c\u9c9c\u82b1\u9876\u8d77\uff01&nbsp;"}, {"userName": "\u96ea\u57df\u660e\u5fc3", "userReviewDate": "2018-01-29", "userURL": "http://user.17k.com/33607136", "userReview": "<a target='_blank' href='http://www.17k.com/book/799926.html'>\u300a\u4ed9\u7f18\u65e0\u9650\u300b</a>\u6765\u8bbf\uff0c\u9c9c\u82b1\u9001\u4e0a\uff0c\u652f\u6301\u5927\u4f5c\u3002"}], "description": "\u4e5d\u9f99\u5927\u9646\uff0c\u5f3a\u8005\u4e3a\u5c0a\uff0c\u6b66\u9053\u4e00\u9014\uff0c\u4e0e\u5929\u4e89\u547d\uff0c\u4e14\u770b\u4e00\u671d\u7687\u5b50\uff0c\u51ed\u4e09\u5c3a\u957f\u5251\uff0c\u5982\u4f55\u7687\u4e34\u5929\u4e0b\uff01\u6b66\u9053\u5dc5\u5cf0\uff0c\u8c01\u4e3a\u7687\uff1f\u3000\u3000\u4e3a\u4e86\u5fc3\u4e2d\u7684\u4e00\u4e1d\u6267\u5ff5\uff0c\u9633\u708e\u52e4\u4fee\u6b66\uff0c\u4e89\u592a\u5b50\uff0c\u593a\u7687\u4f4d\uff0c\u6218\u5929\u4e0b\uff0c\u5386\u751f\u6b7b\uff0c\u8bc1\u6b66\u9053\uff0c\u7834\u8f6e\u56de\uff01\u3000\u3000\u53f7\u4ee4\u5929\u4e0b\uff0c\u83ab\u6562\u4e0d\u4ece\uff01", "title": "\u7687\u5929\u6218\u5c0a", "url": "http://www.17k.com/book/2387638.html", "average": -1.0, "cover": "http://img.17k.com/images/bookcover/2017/11938/59/2387638-1489406022000.jpg", "reviews": 80809, "authors": [{"url": "http://www.17k.com/zuozhe/53527682", "name": "\u7b56\u9a6c\u7b11\u5929\u4e0b"}], "type": ["\u4e1c\u65b9\u7384\u5e7b"], "outlinks": ["http://www.17k.com/book/2794982.html", "http://www.17k.com/book/2801292.html", "http://www.17k.com/book/2816318.html", "http://www.17k.com/book/2797575.html", "http://www.17k.com/book/2802516.html", "http://www.17k.com/book/2812195.html", "http://www.17k.com/book/2820143.html", "http://www.17k.com/book/2807943.html", "http://www.17k.com/book/2813457.html", "http://www.17k.com/book/2798058.html", "http://www.17k.com/book/2815617.html", "http://www.17k.com/book/2805259.html", "http://www.17k.com/book/2760255.html", "http://www.17k.com/book/2686894.html", "http://www.17k.com/book/2797016.html", "http://www.17k.com/book/2767246.html", "http://www.17k.com/book/2764239.html", "http://www.17k.com/book/2754498.html", "http://www.17k.com/book/2754900.html", "http://www.17k.com/book/2625740.html", "http://www.17k.com/book/2213315.html", "http://www.17k.com/book/2402178.html", "http://www.17k.com/book/2691221.html", "http://www.17k.com/book/2210699.html", "http://www.17k.com/book/1797752.html", "http://www.17k.com/book/2575507.html", "http://www.17k.com/book/2705181.html", "http://www.17k.com/book/2702539.html", "http://www.17k.com/book/2474887.html", "http://www.17k.com/book/2674733.html", "http://www.17k.com/book/2822076.html", "http://www.17k.com/book/2809894.html", "http://www.17k.com/book/2822077.html", "http://www.17k.com/book/2811930.html", "http://www.17k.com/book/2815548.html", "http://www.17k.com/book/2819620.html", "http://www.17k.com/book/2809964.html", "http://www.17k.com/book/2808200.html", "http://www.17k.com/book/2820100.html", "http://www.17k.com/book/2822978.html", "http://www.17k.com/book/2804337.html", "http://www.17k.com/book/2798814.html", "http://www.17k.com/book/2785153.html", "http://www.17k.com/book/2731559.html", "http://www.17k.com/book/2722533.html", "http://www.17k.com/book/2458377.html", "http://www.17k.com/book/2743300.html", "http://www.17k.com/book/973809.html", "http://www.17k.com/book/2651367.html", "http://www.17k.com/book/2726194.html", "http://www.17k.com/book/2790214.html", "http://www.17k.com/book/493239.html", "http://www.17k.com/book/108821.html", "http://www.17k.com/book/1398783.html", "http://www.17k.com/book/83528.html", "http://www.17k.com/book/1859126.html", "http://www.17k.com/book/1741975.html", "http://www.17k.com/book/192453.html", "http://www.17k.com/book/2459058.html", "http://www.17k.com/book/1050747.html", "http://www.17k.com/book/2700315.html", "http://www.17k.com/book/2818940.html", "http://www.17k.com/book/2819519.html", "http://www.17k.com/book/2816390.html", "http://www.17k.com/book/2819588.html", "http://www.17k.com/book/2813768.html", "http://www.17k.com/book/2822406.html", "http://www.17k.com/book/2772164.html", "http://www.17k.com/book/2784023.html", "http://www.17k.com/book/2811877.html", "http://www.17k.com/book/2809119.html", "http://www.17k.com/book/2803700.html", "http://www.17k.com/book/2819561.html", "http://www.17k.com/book/2746506.html", "http://www.17k.com/book/2811836.html", "http://www.17k.com/book/2614810.html", "http://www.17k.com/book/1592435.html", "http://www.17k.com/book/1949748.html", "http://www.17k.com/book/2265802.html", "http://www.17k.com/book/2743240.html", "http://www.17k.com/book/2657437.html", "http://www.17k.com/book/2644502.html", "http://www.17k.com/book/2199900.html", "http://www.17k.com/book/2725436.html", "http://www.17k.com/book/2629978.html"]}