{"ratings": -1, "userreviews": [{"userName": "17K\u4e66\u53cbmtmdpzk3", "userReviewDate": "2018-04-16", "userURL": "http://user.17k.com/58208993", "userReview": "\u8d85\u559c\u6b22\u8fd9\u672c\u4e66\uff01\u4f5c\u8005\u5fc3\u601d\u7ec6\u817b\uff0c\u6587\u7b14\u4e5f\u597d\uff0c\u5176\u4ed6\u5927\u4f5c\u90fd\u5df2\u62dc\u8bfb\u5b8c\u6bd5\uff01"}, {"userName": "17K\u4e66\u53cbA5QEM7ID", "userReviewDate": "2018-01-13", "userURL": "http://user.17k.com/57558226", "userReview": "\u5f88\u559c\u6b22\u4f60\u7684\u4e66\uff0c\u5176\u4ed6\u4e09\u672c\u90fd\u5df2\u62dc\u8bfb\u5b8c\u6bd5\u3002\u8fd9\u672c\u4e5f\u5728\u7ee7\u7eed\u8ffd\u8bfb\u4e2d\u3002"}, {"userName": "\u591c\u672a\u592e\u8f6c\u8eab\u51c4\u51c9", "userReviewDate": "2017-11-17", "userURL": "http://user.17k.com/44117295", "userReview": "\u4e3a\u4e86\u7f8e\u5a9a\u4eec\u66f4\u597d\u5730\u8ba8\u8bba\u5267\u60c5\u8fdb\u5c55\uff0c\u5404\u6292\u5df1\u89c1\uff0c\u672a\u592e\u51b3\u5b9a\u4e5f\u4e13\u8bbe\u4e00\u4e2a\u7f6e\u9876\u5e7f\u544a\u697c\uff0c\u6253\u5e7f\u544a\u7684\u4f5c\u8005\u5927\u5927\u4eec\u8bf7\u8fdb\uff0c\u5916\u9762\u5e7f\u544a\u4e00\u5f8b\u5220\u9664\uff0c\u591a\u8c22\uff01"}, {"userName": "\u98ce\u8431\u534e", "userReviewDate": "2017-11-14", "userURL": "http://user.17k.com/48792901", "userReview": "\u4e0d\u884c\u4e86\u4e2d\u6bd2\u4e86\uff0c\u4f60\u7684\u4e66\u7ed9\u6211\u4e0b\u4e86\u76c5\uff0c\u8ba9\u6211\u6b32\u7f62\u4e0d\u80fd\uff0c\u5176\u5b9e\u6211\u662f\u4e2a\u4e0d\u82b1\u94b1\u770b\u4e66\u7684\u4eba\u54e6\uff0c\u4f46\u662f\u56e0\u4e3a\u4f60\u5c61\u5c61\u72af\u89c4\u3002\u4f60\u7684\u6587\u65e0\u8bba\u662f\u6587\u7b14\u8fd8\u6545\u4e8b\u60c5\u8282\u90fd\u662f\u6211\u559c\u6b22\u7684\u7c7b\u578b\uff0c\u4e4b\u524d\u7684<a target='_blank' href='http://www.17k.com/book/2341713.html'>\u300a\u4f8d\u59be\u7ffb\u8eab\u5b9d\u5178\u300b</a>\u5c31\u662f\u6211\u770b\u8fc7\u7684\u4e66\u4e2d\u7684\u6700\u7231\uff0c\u6211\u8fd8\u5411N\u591a\u670b\u53cb\u63a8\u8350\u4e86\uff0c\u5979\u4eec\u4e5f\u90fd\u5f88\u8d5e\u3002\u54c8\u54c8\uff0c\u6211\u8981\u6210\u4e3a\u4f60\u7684\u5fe0\u5b9e\u7c89\u4e1d\u4e86\uff0c\u5c31\u662f\u66f4\u7684\u6162\u4e86\u4e9b\u5475\u5475\u3002\u52a0\u6cb9\u54e6\uff01\u5f88\u770b\u597d\u4f60\uff0c\u5927\u795e\u5927\u795e\uff0c\u6c42\u62b1\u5927\u817f\u54e6\uff01\u7231\u4f60\u7684\u4e66\uff0c\u7231\u4f60\u7684\u6587\uff0c\u7231\u4f60\u7684\u4eba\uff0c\u4e48\u4e48\u54d2\uff01\uff01\uff01"}, {"userName": "\u5170\u6000\u6069", "userReviewDate": "2017-11-06", "userURL": "http://user.17k.com/52875629", "userReview": "\u9b4f\u5b37\u5b37\u662f\u592a\u540e\u773c\u7ebf\uff0c\u597d\u68cb"}, {"userName": "\u9ad8\u697c\u669d\u8272010352003", "userReviewDate": "2018-06-08", "userURL": "http://user.17k.com/56081373", "userReview": "\u5feb\u7ed3\u675f\u4e86\u5427\uff1f"}, {"userName": "17K\u4e66\u53cbU4078ONQ", "userReviewDate": "2018-06-08", "userURL": "http://user.17k.com/59962594", "userReview": "\u4f1a\u575a\u6301\u770b\u5b8c\uff0c\u592a\u9006\u5fc3\u4e86\u3002"}, {"userName": "\u67e0\u6aac725231984", "userReviewDate": "2018-06-07", "userURL": "http://user.17k.com/61134535", "userReview": "\u6211\u6253\u8d4f\u8fc7\u4e86\uff0c\u600e\u4e48\u770b\u4e00\u5c0f\u6bb5\u53c8\u800d\u6253\u8d4f"}, {"userName": "\u67e0\u6aac725231984", "userReviewDate": "2018-06-07", "userURL": "http://user.17k.com/61134535", "userReview": "\u600e\u4e48\u603b\u8981\u6253\u8d4f\u5462"}, {"userName": "\u5982\u6c34320592799", "userReviewDate": "2018-06-07", "userURL": "http://user.17k.com/55073992", "userReview": "[\u6253\u8d4f]\u6211\u6253\u8d4f\u4e861\u5143\u7ea2\u5305\uff01\uff01"}, {"userName": "\u5170\u6000\u6069", "userReviewDate": "2018-06-07", "userURL": "http://user.17k.com/52875629", "userReview": "[\u6253\u8d4f]\u6211\u6253\u8d4f\u4e8619\u5143\u7ea2\u5305\uff01\uff01"}, {"userName": "\u67e0\u6aac725231984", "userReviewDate": "2018-06-07", "userURL": "http://user.17k.com/61134535", "userReview": "\u7687\u540e\u4fdd\u536b\u6218\u5c31\u8fd9\u4e48\u5b8c\u4e86\u5417\uff1f"}, {"userName": "\u67e0\u6aac725231984", "userReviewDate": "2018-06-07", "userURL": "http://user.17k.com/61134535", "userReview": "[\u6253\u8d4f]\u6211\u6253\u8d4f\u4e861\u4e2a'\u5c0f\u5fc3\u5fc3'\uff01\uff01"}, {"userName": "\u5510\u6c64\u5802", "userReviewDate": "2018-06-07", "userURL": "http://user.17k.com/45527622", "userReview": "\u771f\u76f8\u5728\u6162\u6162\u663e\u9732\u4e86\uff1f\u671f\u5f85\uff01"}, {"userName": "17K\u4e66\u53cbM1TOQBGV", "userReviewDate": "2018-06-06", "userURL": "http://user.17k.com/59180833", "userReview": "\u77f3\u8574\u6d77\u8ddf\u6ce0\u5983\u6709\u5978\u60c5"}, {"userName": "\u66fc\u66fc113837037", "userReviewDate": "2018-06-05", "userURL": "http://user.17k.com/59276722", "userReview": "\u68d2\u68d2\u54d2\uff0c\u559c\u6b22"}, {"userName": "\u725b\u8377\u8389", "userReviewDate": "2018-06-04", "userURL": "http://user.17k.com/55606164", "userReview": "\u6c42\u5feb\u66f4\uff01\uff01\uff01\uff01\uff01"}, {"userName": "\u5982\u6c34320592799", "userReviewDate": "2018-06-02", "userURL": "http://user.17k.com/55073992", "userReview": "[\u6253\u8d4f]\u6211\u6253\u8d4f\u4e861\u5143\u7ea2\u5305\uff01\uff01"}, {"userName": "\u53fd\u5495\u53fd\u5495587092919", "userReviewDate": "2018-06-02", "userURL": "http://user.17k.com/52971392", "userReview": "\u4e0d\u62c5\u5fc3\u5bab\u6597\u4e86\uff0c\u671f\u5f85\u6708\u534e\u7684\u5b9d\u5b9d&#55357;&#56842;"}, {"userName": "\u8f7b\u8f7b\u5c0f\u9b54\u5973", "userReviewDate": "2018-06-02", "userURL": "http://user.17k.com/32155145", "userReview": "\u5b50\u887f\u8bf4\u7684\u4e5f\u662f\u5b9e\u8bdd\uff0c\u6155\u767d\u5bf9\u5979\u548c\u7687\u540e\u5dee\u8ddd\u592a\u591a\uff0c\u5c31\u7b97\u6ca1\u4eba\u6311\u62e8\u4e5f\u53d7\u4e0d\u4e86\uff01\u7687\u540e\u5e94\u8be5\u8ddf\u5b50\u887f\u8bf4\u6e05\u695a\uff0c\u6bd5\u7adf\u7687\u540e\u5934\u8111\u806a\u660e\u5b50\u887f\u66f4\u5355\u7eaf\u3002"}], "description": "\u5bab\u6597\u662f\u95e8\u5b66\u95ee\uff0c\u66f4\u662f\u79cd\u6218\u672f\u3002\u5f53\u891a\u6708\u534e\u4ece\u5e38\u5bb6\u7684\u59f9\u7d2b\u5ae3\u7ea2\u91cc\u8131\u9896\u800c\u51fa\uff0c\u6210\u4e3a\u964c\u5b64\u5bd2\u7684\u7687\u540e\u90a3\u5929\u8d77\uff0c\u5bab\u6597\u5c31\u6210\u4e3a\u5979\u8d56\u4ee5\u751f\u5b58\u7684\u624b\u6bb5\u3002\u3000\u3000\u5979\u5728\u7d2b\u7981\u57ce\u7684\u56db\u9762\u695a\u6b4c\u4e2d\u5982\u5c61\u8584\u51b0\uff0c\u6b65\u6b65\u4e3a\u8425\uff0c\u8a93\u8981\u6210\u4e3a\u5ba0\u51a0\u516d\u5bab\u7684\u4e00\u4ee3\u5e1d\u540e\u3002\u3000\u3000\u767e\u82b1\u6740\u5c3d\uff0c\u4e00\u679d\u72ec\u79c0\uff0c\u8273\u60ca\u5929\u4e0b\u7684\u767d\u8863\u537f\u76f8\uff0c\u91d1\u5200\u94c1\u9a6c\u7684\u7af9\u9a6c\u5c06\u519b\uff0c\u5343\u5e06\u8fc7\u5c3d\uff0c\u5374\u552f\u72ec\u6ca6\u9677\u5728\u5c11\u5e74\u5e1d\u738b\u7684\u75f4\u60c5\u91cc\uff0c\u4e22\u76d4\u5f03\u7532\uff0c\u6e83\u4e0d\u6210\u519b\u3002\u3000\u3000\u8fd9\u573a\u7687\u540e\u4fdd\u536b\u6218\uff0c\u7a76\u7adf\u8c01\u8f93\u8c01\u8d62\uff1f\u3000\u3000\u4f5c\u54c1\u300a\u4f8d\u59be\u7ffb\u8eab\u5b9d\u5178\u300b\u5df2\u5b8c\u7ed3\uff0c\u5de8\u80a5\u5f85\u5bb0\uff0c\u7206\u7b11\u751c\u5ba0\uff0c\u6b22\u8fce\u52fe\u642d\u3002", "title": "\u7687\u540e\u4fdd\u536b\u6218", "url": "http://www.17k.com/book/2705181.html", "average": -1.0, "cover": "http://img.17k.com/images/bookcover/2017/13525/67/2705181-1509538505000.jpg", "reviews": 349000, "authors": [{"url": "http://www.17k.com/zuozhe/44117295", "name": "\u767e\u5a9a\u5343\u5a07"}], "type": ["\u5bab\u5ef7\u8d35\u65cf"], "outlinks": ["http://www.17k.com/book/2794982.html", "http://www.17k.com/book/2801292.html", "http://www.17k.com/book/2816318.html", "http://www.17k.com/book/2797575.html", "http://www.17k.com/book/2802516.html", "http://www.17k.com/book/2812195.html", "http://www.17k.com/book/2820143.html", "http://www.17k.com/book/2807943.html", "http://www.17k.com/book/2813457.html", "http://www.17k.com/book/2798058.html", "http://www.17k.com/book/2815617.html", "http://www.17k.com/book/2805259.html", "http://www.17k.com/book/2760255.html", "http://www.17k.com/book/2686894.html", "http://www.17k.com/book/2797016.html", "http://www.17k.com/book/2767246.html", "http://www.17k.com/book/2764239.html", "http://www.17k.com/book/2754498.html", "http://www.17k.com/book/2754900.html", "http://www.17k.com/book/2625740.html", "http://www.17k.com/book/2213315.html", "http://www.17k.com/book/2402178.html", "http://www.17k.com/book/2691221.html", "http://www.17k.com/book/2210699.html", "http://www.17k.com/book/1797752.html", "http://www.17k.com/book/2575507.html", "http://www.17k.com/book/2705181.html", "http://www.17k.com/book/2702539.html", "http://www.17k.com/book/2474887.html", "http://www.17k.com/book/2674733.html", "http://www.17k.com/book/2822076.html", "http://www.17k.com/book/2809894.html", "http://www.17k.com/book/2822077.html", "http://www.17k.com/book/2811930.html", "http://www.17k.com/book/2815548.html", "http://www.17k.com/book/2819620.html", "http://www.17k.com/book/2809964.html", "http://www.17k.com/book/2808200.html", "http://www.17k.com/book/2820100.html", "http://www.17k.com/book/2822978.html", "http://www.17k.com/book/2804337.html", "http://www.17k.com/book/2798814.html", "http://www.17k.com/book/2785153.html", "http://www.17k.com/book/2731559.html", "http://www.17k.com/book/2722533.html", "http://www.17k.com/book/2458377.html", "http://www.17k.com/book/2743300.html", "http://www.17k.com/book/973809.html", "http://www.17k.com/book/2651367.html", "http://www.17k.com/book/2726194.html", "http://www.17k.com/book/2790214.html", "http://www.17k.com/book/493239.html", "http://www.17k.com/book/108821.html", "http://www.17k.com/book/1398783.html", "http://www.17k.com/book/83528.html", "http://www.17k.com/book/1859126.html", "http://www.17k.com/book/1741975.html", "http://www.17k.com/book/192453.html", "http://www.17k.com/book/2459058.html", "http://www.17k.com/book/1050747.html", "http://www.17k.com/book/2700315.html", "http://www.17k.com/book/2818940.html", "http://www.17k.com/book/2819519.html", "http://www.17k.com/book/2816390.html", "http://www.17k.com/book/2819588.html", "http://www.17k.com/book/2813768.html", "http://www.17k.com/book/2822406.html", "http://www.17k.com/book/2772164.html", "http://www.17k.com/book/2784023.html", "http://www.17k.com/book/2811877.html", "http://www.17k.com/book/2809119.html", "http://www.17k.com/book/2803700.html", "http://www.17k.com/book/2819561.html", "http://www.17k.com/book/2746506.html", "http://www.17k.com/book/2811836.html", "http://www.17k.com/book/2614810.html", "http://www.17k.com/book/1592435.html", "http://www.17k.com/book/1949748.html", "http://www.17k.com/book/2265802.html", "http://www.17k.com/book/2743240.html", "http://www.17k.com/book/2657437.html", "http://www.17k.com/book/2644502.html", "http://www.17k.com/book/2199900.html", "http://www.17k.com/book/2725436.html", "http://www.17k.com/book/2629978.html"]}