{"ratings": -1, "userreviews": [{"userName": "\u9152\u5c0f\u8363", "userReviewDate": "2018-05-28", "userURL": "http://user.17k.com/43022402", "userReview": "\u65b0\u4e66\u53d1\u5e03\u5df2\u7ecf\u7b7e\u7ea6(/\u2267\u25bd\u2266/)\uff0c\u53e4\u8a00\uff0c\u60f3\u770b\u4e92\u64a9\u7684\u4e86\u89e3\u4e00\u4e0b\uff0c\u6709\u5565\u795e\u5947\u7684\u64a9\u62e8\u624b\u6bb5\u53ef\u4ee5\u5199\u5728\u4e66\u8bc4\u4e2d\u54c8&#55357;&#56836;\u8bf4\u4e0d\u5b9a\u5c31\u51fa\u73b0\u5728\u4e86\u6587\u4e2d\u54c8"}, {"userName": "\u9ed1\u96e8\u99a8", "userReviewDate": "2018-05-29", "userURL": "http://user.17k.com/42070534", "userReview": "\u804a\u4e00\u4e0b\uff1f\u8fd8\u662f\u64a9\u4e00\u4e0b\uff1f\u8fd9\u4e2a\u95ee\u9898\u6709\u70b9\u96be\u3002\u96e8\u99a8\u6765\u62a5\u9053\uff0c\u9884\u795d\u65b0\u4e66\u5927\u706b\u3002"}, {"userName": "\u708e\u9ec4\u5b50\u672c\u5c0a", "userReviewDate": "2018-05-28", "userURL": "http://user.17k.com/42090572", "userReview": "\u91cd\u65b0\u51fa\u5c71\u4e86\uff1f\u8fd9\u4e2a\u53ef\u4ee5\u6709\u554a\uff0c\u9884\u795d\u65b0\u4e66\u91cd\u94f8\u8f89\u714c\uff0c\u66f4\u4e0a\u4e00\u5c42\u697c\uff01"}], "description": "\u613f\u5f97\u4e00\u4eba\u5fc3\uff0c\u767d\u9996\u4e0d\u76f8\u79bb\u3002\u3000\u3000\u4e09\u738b\u7237\u6700\u8fd1\u6709\u4e9b\u70e6\uff0c\u4ed6\u7684\u5a03\u5a03\u4eb2\u8981\u8ddf\u4ed6\u62dc\u62dc\uff0c\u800c\u4e14\u662f\u94c1\u4e86\u5fc3\u7684\u90a3\u79cd\uff0c\u4e09\u738b\u7237\u6709\u4e9b\u614c\u4e86\uff01", "title": "\u7687\u6743\u5bcc\u8d35", "url": "http://www.17k.com/book/2499605.html", "average": -1.0, "cover": "http://img.17k.com/images/bookcover/default_cover1.jpg", "reviews": 431, "authors": [{"url": "http://www.17k.com/zuozhe/43022402", "name": "\u9152\u5c0f\u8363"}], "type": ["\u5bab\u5ef7\u8d35\u65cf"], "outlinks": ["http://www.17k.com/book/2794982.html", "http://www.17k.com/book/2801292.html", "http://www.17k.com/book/2816318.html", "http://www.17k.com/book/2797575.html", "http://www.17k.com/book/2802516.html", "http://www.17k.com/book/2812195.html", "http://www.17k.com/book/2820143.html", "http://www.17k.com/book/2807943.html", "http://www.17k.com/book/2813457.html", "http://www.17k.com/book/2798058.html", "http://www.17k.com/book/2815617.html", "http://www.17k.com/book/2805259.html", "http://www.17k.com/book/2760255.html", "http://www.17k.com/book/2686894.html", "http://www.17k.com/book/2797016.html", "http://www.17k.com/book/2767246.html", "http://www.17k.com/book/2764239.html", "http://www.17k.com/book/2754498.html", "http://www.17k.com/book/2754900.html", "http://www.17k.com/book/2625740.html", "http://www.17k.com/book/2213315.html", "http://www.17k.com/book/2402178.html", "http://www.17k.com/book/2691221.html", "http://www.17k.com/book/2210699.html", "http://www.17k.com/book/1797752.html", "http://www.17k.com/book/2575507.html", "http://www.17k.com/book/2705181.html", "http://www.17k.com/book/2702539.html", "http://www.17k.com/book/2474887.html", "http://www.17k.com/book/2674733.html", "http://www.17k.com/book/2822076.html", "http://www.17k.com/book/2809894.html", "http://www.17k.com/book/2822077.html", "http://www.17k.com/book/2811930.html", "http://www.17k.com/book/2815548.html", "http://www.17k.com/book/2819620.html", "http://www.17k.com/book/2809964.html", "http://www.17k.com/book/2808200.html", "http://www.17k.com/book/2820100.html", "http://www.17k.com/book/2822978.html", "http://www.17k.com/book/2804337.html", "http://www.17k.com/book/2798814.html", "http://www.17k.com/book/2785153.html", "http://www.17k.com/book/2731559.html", "http://www.17k.com/book/2722533.html", "http://www.17k.com/book/2458377.html", "http://www.17k.com/book/2743300.html", "http://www.17k.com/book/973809.html", "http://www.17k.com/book/2651367.html", "http://www.17k.com/book/2726194.html", "http://www.17k.com/book/2790214.html", "http://www.17k.com/book/493239.html", "http://www.17k.com/book/108821.html", "http://www.17k.com/book/1398783.html", "http://www.17k.com/book/83528.html", "http://www.17k.com/book/1859126.html", "http://www.17k.com/book/1741975.html", "http://www.17k.com/book/192453.html", "http://www.17k.com/book/2459058.html", "http://www.17k.com/book/1050747.html", "http://www.17k.com/book/2700315.html", "http://www.17k.com/book/2818940.html", "http://www.17k.com/book/2819519.html", "http://www.17k.com/book/2816390.html", "http://www.17k.com/book/2819588.html", "http://www.17k.com/book/2813768.html", "http://www.17k.com/book/2822406.html", "http://www.17k.com/book/2772164.html", "http://www.17k.com/book/2784023.html", "http://www.17k.com/book/2811877.html", "http://www.17k.com/book/2809119.html", "http://www.17k.com/book/2803700.html", "http://www.17k.com/book/2819561.html", "http://www.17k.com/book/2746506.html", "http://www.17k.com/book/2811836.html", "http://www.17k.com/book/2614810.html", "http://www.17k.com/book/1592435.html", "http://www.17k.com/book/1949748.html", "http://www.17k.com/book/2265802.html", "http://www.17k.com/book/2743240.html", "http://www.17k.com/book/2657437.html", "http://www.17k.com/book/2644502.html", "http://www.17k.com/book/2199900.html", "http://www.17k.com/book/2725436.html", "http://www.17k.com/book/2629978.html"]}