{"ratings": -1, "userreviews": [{"userName": "\u5261\u90c1\u4eba", "userReviewDate": "2018-05-31", "userURL": "http://user.17k.com/62184962", "userReview": "\u5f52\u9690\u518d\u751f &nbsp;\u7684\u4f5c\u8005\u524d\u6765\u62dc\u8bbf\u3002\u563f\u563f\u989d"}, {"userName": "mammon376234765", "userReviewDate": "2018-05-13", "userURL": "http://user.17k.com/61737994", "userReview": "[\u6253\u8d4f]\u6211\u6253\u8d4f\u4e862\u5143\u7ea2\u5305\uff01\uff01"}, {"userName": "\u9694\u58c1\u8001\u9f9a", "userReviewDate": "2018-02-12", "userURL": "http://user.17k.com/55254170", "userReview": "<a target='_blank' href='http://www.17k.com/book/2510711.html'>\u300a\u6218\u4e89\u7684\u6b4c\u300b</a>\u4f5c\u8005\u6765\u8bbf\uff0c\u8fd9\u662f\u4e00\u4e2a\u672a\u6765\u7684\u6545\u4e8b\uff0c\u63cf\u5199\u7684\u662f\u4e00\u6bb5\u4f20\u5947\uff0c\u5e0c\u671b\u5927\u5bb6\u591a\u591a\u6367\u573a\uff0c\u8c22\u8c22"}, {"userName": "\u9ec4\u74dc\u7684\u5bbf\u547d", "userReviewDate": "2018-02-10", "userURL": "http://user.17k.com/53195742", "userReview": "<a target='_blank' href='http://www.17k.com/book/2377865.html'>\u300a\u81f3\u9738\u82cd\u751f\u8bc0\u300b</a>\u6765\u8bbf\uff0c\u6c42\u652f\u6301\u6c42\u6269\u6563\uff0c\u87f9\u87f9\u3002"}, {"userName": "kool\u6377", "userReviewDate": "2018-01-16", "userURL": "http://user.17k.com/56730892", "userReview": "\u63a8\u8350\u4e00\u672c\u597d\u770b\u7684\u4e66<a target='_blank' href='http://www.17k.com/book/2551937.html'>\u300a\u8d85\u65b0\u4eba\u300b</a>\uff0c\u8bf7\u591a\u591a\u652f\u6301\uff0c\u6765\u4e2a\u6536\u85cf\u5427\uff01"}, {"userName": "\u4e09\u8a00\u4e2d", "userReviewDate": "2018-01-02", "userURL": "http://user.17k.com/58888114", "userReview": "\u90a3\u4e9b\u602a\u8c08\u6545\u4e8b<a target='_blank' href='http://www.17k.com/book/2740247.html'>\u300a\u70b9\u7ea2\u706f\u300b</a>\u8001\u8f88\u4eba\u8bf4\uff1a\u201c\u5c0f\u9b3c\u70b9\u706b\u7528\u5634\u5439\uff0c\u9b3c\u5439\u706b\uff01\u201d\u3002\u3002\u524d\u6765\u652f\u6301\u62dc\u8bbf"}, {"userName": "\u7b71\u7b71\u7b71\u7b71\u5f71", "userReviewDate": "2017-12-09", "userURL": "http://user.17k.com/49325577", "userReview": "\u4e0b\u5348\u597d~\u7b71\u5f71\u643a<a target='_blank' href='http://www.17k.com/book/2670624.html'>\u300a\u7f6a\u7f5a\u56e0\u679c\u300b</a>\u524d\u6765\u62dc\u8bbf\u5b66\u4e60~\u795d\u5927\u5927\u65e9\u65e5\u5c01\u795e\uff01"}], "description": "\u5728\u6297\u65e5\u6218\u4e89\u7ed3\u675f\u4e24\u5e74\u540e\uff0c\u4e2d\u56fd\u519b\u961f\u5728\u79e6\u5cad\u7684\u5c71\u811a\u4e0b\uff0c\u5ffd\u7136\u6293\u5230\u4e00\u4e2a\u65e5\u672c\u5175\uff0c\u56f4\u7ed5\u7740\u8fd9\u4e2a\u65e5\u672c\u5175\u53d1\u751f\u4e86\u4e00\u7cfb\u5217\u8be1\u5f02\u7684\u4e8b\u60c5\u3002\u738b\u5ba3\u6559\u6388\u7ecf\u8fc7\u6570\u5341\u5e74\u7814\u7a76\u540e\u53d1\u73b0\u79e6\u59cb\u7687\u9675\u9690\u85cf\u7740\u60ca\u5929\u79d8\u5bc6\uff0c\u4ed6\u5e26\u9886\u56db\u540d\u5b66\u751f\uff0c\u6df1\u5165\u5df4\u8700\u6df1\u5c71\u7684\u4e00\u4e2a\u5c0f\u53bf\u57ce\u5185\uff0c\u5f00\u59cb\u4e86\u8be1\u5f02\u65e0\u6bd4\u7684\u63a2\u7d22\u79e6\u7687\u9675\u4e4b\u65c5\u3002", "title": "\u7687\u9675\u5b88\u5893\u4eba", "url": "http://www.17k.com/book/2725436.html", "average": -1.0, "cover": "http://img.17k.com/images/bookcover/partner/54/36/2725436/2725436.jpg", "reviews": 35136, "authors": [{"url": "http://www.17k.com/zuozhe/56805795", "name": "\u674e\u6e05\u5146"}], "type": ["\u7075\u5f02\u5947\u8c08"], "outlinks": ["http://www.17k.com/book/2794982.html", "http://www.17k.com/book/2801292.html", "http://www.17k.com/book/2816318.html", "http://www.17k.com/book/2797575.html", "http://www.17k.com/book/2802516.html", "http://www.17k.com/book/2812195.html", "http://www.17k.com/book/2820143.html", "http://www.17k.com/book/2807943.html", "http://www.17k.com/book/2813457.html", "http://www.17k.com/book/2798058.html", "http://www.17k.com/book/2815617.html", "http://www.17k.com/book/2805259.html", "http://www.17k.com/book/2760255.html", "http://www.17k.com/book/2686894.html", "http://www.17k.com/book/2797016.html", "http://www.17k.com/book/2767246.html", "http://www.17k.com/book/2764239.html", "http://www.17k.com/book/2754498.html", "http://www.17k.com/book/2754900.html", "http://www.17k.com/book/2625740.html", "http://www.17k.com/book/2213315.html", "http://www.17k.com/book/2402178.html", "http://www.17k.com/book/2691221.html", "http://www.17k.com/book/2210699.html", "http://www.17k.com/book/1797752.html", "http://www.17k.com/book/2575507.html", "http://www.17k.com/book/2705181.html", "http://www.17k.com/book/2702539.html", "http://www.17k.com/book/2474887.html", "http://www.17k.com/book/2674733.html", "http://www.17k.com/book/2822076.html", "http://www.17k.com/book/2809894.html", "http://www.17k.com/book/2822077.html", "http://www.17k.com/book/2811930.html", "http://www.17k.com/book/2815548.html", "http://www.17k.com/book/2819620.html", "http://www.17k.com/book/2809964.html", "http://www.17k.com/book/2808200.html", "http://www.17k.com/book/2820100.html", "http://www.17k.com/book/2822978.html", "http://www.17k.com/book/2804337.html", "http://www.17k.com/book/2798814.html", "http://www.17k.com/book/2785153.html", "http://www.17k.com/book/2731559.html", "http://www.17k.com/book/2722533.html", "http://www.17k.com/book/2458377.html", "http://www.17k.com/book/2743300.html", "http://www.17k.com/book/973809.html", "http://www.17k.com/book/2651367.html", "http://www.17k.com/book/2726194.html", "http://www.17k.com/book/2790214.html", "http://www.17k.com/book/493239.html", "http://www.17k.com/book/108821.html", "http://www.17k.com/book/1398783.html", "http://www.17k.com/book/83528.html", "http://www.17k.com/book/1859126.html", "http://www.17k.com/book/1741975.html", "http://www.17k.com/book/192453.html", "http://www.17k.com/book/2459058.html", "http://www.17k.com/book/1050747.html", "http://www.17k.com/book/2700315.html", "http://www.17k.com/book/2818940.html", "http://www.17k.com/book/2819519.html", "http://www.17k.com/book/2816390.html", "http://www.17k.com/book/2819588.html", "http://www.17k.com/book/2813768.html", "http://www.17k.com/book/2822406.html", "http://www.17k.com/book/2772164.html", "http://www.17k.com/book/2784023.html", "http://www.17k.com/book/2811877.html", "http://www.17k.com/book/2809119.html", "http://www.17k.com/book/2803700.html", "http://www.17k.com/book/2819561.html", "http://www.17k.com/book/2746506.html", "http://www.17k.com/book/2811836.html", "http://www.17k.com/book/2614810.html", "http://www.17k.com/book/1592435.html", "http://www.17k.com/book/1949748.html", "http://www.17k.com/book/2265802.html", "http://www.17k.com/book/2743240.html", "http://www.17k.com/book/2657437.html", "http://www.17k.com/book/2644502.html", "http://www.17k.com/book/2199900.html", "http://www.17k.com/book/2725436.html", "http://www.17k.com/book/2629978.html"]}