{"ratings": -1, "userreviews": [{"userName": "\u5f39\u5251\u79c0\u624d", "userReviewDate": "2018-06-08", "userURL": "http://user.17k.com/46752401", "userReview": "\u5f26\u7b5d\u542c\u5999\u66f2\uff0c\u68cb\u821e\u52a8\u5fc3\u58f0\u3002\u652f\u6301\u5f26\u6708\u4f73\u4f5c"}, {"userName": "mm\u7684\u5fae\u7b11", "userReviewDate": "2018-06-08", "userURL": "http://user.17k.com/44124485", "userReview": "\u6708\u6708\u5348\u597d"}, {"userName": "\u6258\u94b5\u6751\u592b", "userReviewDate": "2018-06-08", "userURL": "http://user.17k.com/56861952", "userReview": "\u8bfb\u4e66\u8bbf\u53cb\uff0c\u9876\u8d5e\u652f\u6301\uff0c\u606d\u795d\u6587\u5b89\uff01"}, {"userName": "\u7384\u6708\u5929\u9a84", "userReviewDate": "2018-06-07", "userURL": "http://user.17k.com/59589991", "userReview": "\u665a\u597d"}, {"userName": "\u9189\u6210\u4f24", "userReviewDate": "2018-06-07", "userURL": "http://user.17k.com/43724632", "userReview": "\u9001\u82b1\u4e86&middot;~"}, {"userName": "\u516c\u5b50\u8f7b\u62c2\u67f3", "userReviewDate": "2018-06-07", "userURL": "http://user.17k.com/58053273", "userReview": "\u665a\u4e0a\u597d\u5440"}, {"userName": "\u664f\u7d2b\u8863", "userReviewDate": "2018-06-07", "userURL": "http://user.17k.com/54224434", "userReview": "\u5f26\u6708\u665a\u4e0a\u597d"}, {"userName": "\u51c9\u68a6\u5c0f\u897f", "userReviewDate": "2018-06-07", "userURL": "http://user.17k.com/60302244", "userReview": "\u5f26\u6708\u597d\u4e45\u4e0d\u89c1\uff0c\u5c0f\u897f\u4e5f\u597d\u4e45\u6ca1\u6765\u4e86\uff0c\u5fd9\u554a"}, {"userName": "mm\u7684\u5fae\u7b11", "userReviewDate": "2018-06-07", "userURL": "http://user.17k.com/44124485", "userReview": "\u6708\u6708\u597d"}, {"userName": "\u6a59\u5b50\u9ec4\u4e862", "userReviewDate": "2018-06-07", "userURL": "http://user.17k.com/48385844", "userReview": "\u4e0a\u5348\u597d\u3002\u9001\u82b1\u3002"}, {"userName": "\u6258\u94b5\u6751\u592b", "userReviewDate": "2018-06-07", "userURL": "http://user.17k.com/56861952", "userReview": "\u89c2\u81ea\u5728\u83e9\u8428\uff0c\u884c\u6df1\u822c\u82e5\u6ce2\u7f57\u871c\u591a\u65f6\uff0c\u7167\u89c1\u4e94\u8574\u7686\u7a7a\uff0c\u5ea6\u4e00\u5207\u82e6\u5384\u3002\u820d\u5229\u5b50\uff0c\u8272\u4e0d\u5f02\u7a7a\uff0c\u7a7a\u4e0d\u5f02\u8272\uff0c\u8272\u5373\u662f\u7a7a\uff0c\u7a7a\u5373\u662f\u8272\uff0c\u53d7\u60f3\u884c\u8bc6\uff0c\u4ea6\u590d\u5982\u662f\u3002\u820d\u5229\u5b50\uff0c\u662f\u8bf8\u6cd5\u7a7a\u76f8\uff0c\u4e0d\u751f\u4e0d\u706d\uff0c\u4e0d\u57a2\u4e0d\u51c0\uff0c\u4e0d\u589e\u4e0d\u51cf\u3002\u662f\u6545\u7a7a\u4e2d\u65e0\u8272\uff0c\u65e0\u53d7\u60f3\u884c\u8bc6\uff0c\u65e0\u773c\u8033\u9f3b\u820c\u8eab\u610f\uff0c\u65e0\u8272\u58f0\u9999\u5473\u89e6\u6cd5\uff0c\u65e0\u773c\u754c\u4e43\u81f3\u65e0\u610f\u8bc6\u754c\uff0c\u65e0\u65e0\u660e\u4ea6\u65e0\u65e0\u660e\u5c3d\uff0c\u4e43\u81f3\u65e0\u8001\u6b7b\u4ea6\u65e0\u8001\u6b7b\u5c3d\uff0c\u65e0\u82e6\u96c6\u706d\u9053\uff0c\u65e0\u667a\u4ea6\u65e0\u5f97\u3002\u4ee5\u65e0\u6240\u5f97\u6545\uff0c\u83e9\u63d0\u8428\u57f5\uff0c\u4f9d\u822c\u82e5\u6ce2\u7f57\u871c\u591a\u6545\uff0c\u5fc3\u65e0\u6302\u788d\u3002\u65e0\u6302\u788d\u6545\uff0c\u65e0\u6709\u6050\u6016\uff0c\u8fdc\u79bb\u98a0\u5012\u68a6\u60f3\uff0c\u7a76\u7adf\u6d85\u69c3\u3002\u4e09\u4e16\u8bf8\u4f5b\uff0c\u4f9d\u822c\u82e5\u6ce2\u7f57\u871c\u591a\u6545\uff0c\u5f97\u963f\u8028\u591a\u7f57\u4e09\u85d0\u4e09\u83e9\u63d0\u3002\u6545\u77e5\u822c\u82e5\u6ce2\u7f57\u871c\u591a\uff0c\u662f\u5927\u795e\u5492\uff0c\u662f\u5927\u660e\u5492\uff0c\u662f\u65e0\u4e0a\u5492\uff0c\u662f\u65e0\u7b49\u7b49\u5492\u3002\u80fd\u9664\u4e00\u5207\u82e6\uff0c\u771f\u5b9e\u4e0d\u865a\u3002\u6545\u8bf4\u822c\u82e5\u6ce2\u7f57\u871c\u591a\u5492\uff0c\u5373\u8bf4\u5492\u66f0\uff1a\u63ed\u8c1b\u63ed\u8c1b\u6ce2\u7f57\u63ed\u8c1b\u6ce2\u7f57..."}, {"userName": "\u98d8\u65e0\u8e2a", "userReviewDate": "2018-06-07", "userURL": "http://user.17k.com/32701073", "userReview": "\u5f26\u6708\uff0c\u5565\u60c5\u51b5\uff0c\u600e\u4e48\u5192\u4e86\u4e00\u4e0b\uff0c\u5c31\u53c8\u4e0d\u89c1\u4e86\u5462\uff1f"}, {"userName": "\u5fc3\u7a7a\u7f6a\u4ea6\u4ea1", "userReviewDate": "2018-06-07", "userURL": "http://user.17k.com/56355515", "userReview": "\u65e9\u8bfb\u8bbf\u53cb\uff0c\u6765\u770b\u5f26\u6708\uff0c\u652f\u6301\u4e0d\u53d8\u3002"}, {"userName": "\u664f\u7d2b\u8863", "userReviewDate": "2018-06-06", "userURL": "http://user.17k.com/54224434", "userReview": "\u5f26\u6708\u597d\u4e45\u4e0d\u89c1"}, {"userName": "\u9189\u6210\u4f24", "userReviewDate": "2018-06-06", "userURL": "http://user.17k.com/43724632", "userReview": "\u6492\u82b1\u652f\u6301\u4e86"}, {"userName": "\u7384\u6708\u5929\u9a84", "userReviewDate": "2018-06-06", "userURL": "http://user.17k.com/59589991", "userReview": "\u563f\u563f\uff0c\u6211\u7684\u7384\u6708\u53ef\u662f\u5b9d\u85cf\u7684\u610f\u601d\uff0c\u665a\u4e0a\u597d\uff0c\u9001\u82b1\u50ac\u66f4"}, {"userName": "\u80fd\u51fa\u6ca1\u6ce8\u610f", "userReviewDate": "2018-06-06", "userURL": "http://user.17k.com/38335788", "userReview": "\u7684\u786e\u597d\u4e45\u4e86"}, {"userName": "\u516d\u6708\u5e38\u5728\u50b2\u96ea\u65e0\u53cc", "userReviewDate": "2018-06-06", "userURL": "http://user.17k.com/34964187", "userReview": "\u6708\u6708 &nbsp;\u665a\u4e0a\u597d"}, {"userName": "\u7d2b\u8559\u8559", "userReviewDate": "2018-06-06", "userURL": "http://user.17k.com/54596030", "userReview": "\u665a\u7f8e"}, {"userName": "\u53f6\u843d\u679d\u5934", "userReviewDate": "2018-06-06", "userURL": "http://user.17k.com/17056547", "userReview": "\u662f\u554a\uff0c\u4f60\u53c8\u597d\u4e45\u65ad\u66f4\u4e86.."}], "description": "\u88ab\u5f02\u6bcd\u7684\u59b9\u59b9\u63a8\u5165\u5927\u6d77\uff0c\u7a7f\u8d8a\u5230\u6bcd\u4eb2\u539f\u6765\u7684\u4e16\u754c\uff0c\u4e3a\u56de\u5230\u539f\u6765\u7684\u4e16\u754c\uff0c\u5bfb\u627e\u81ea\u5df1\u7684\u5916\u516c\uff0c\u4e0d\u66fe\u60f3\u5374\u4e3a\u81ea\u5df1\u7684\u5c0f\u59e8\u51fa\u5ac1\u3002\u5f53\u738b\u5983\u53c8\u5982\u4f55\uff0c\u4e3a\u4e86\u5bfb\u627e\u5723\u7389\uff0c\u8be5\u76d7\u5893\u8fd8\u5f97\u76d7\u2026\u2026\u3000\u3000\u201c\u7231\u5983\uff0c\u4f60\u8981\u76d7\u6211\u5bb6\u7956\u575f\uff1f\u201d\u3000\u3000\u201c\u53ef\u4ee5\u5417\uff1f\u201d\u3000\u3000\u201c\u6211\u53ef\u4ee5\u8bf4\u4e0d\u5417\uff1f\u201d\u3000\u3000\u201c\u4f60\u53ef\u4ee5\u4e0d\u8ddf\u7740\u6211\u3002\u201d\u3000\u3000\u201c\u4e0d\uff0c\u6211\u8fd8\u662f\u966a\u7740\u4f60\u5427\u3002\u201d\u3000\u3000\u5927\u81e3\uff1a\u201c\u6628\u665a\u738b\u5983\u76d7\u6211\u76f8\u5e9c\uff0c\u8be5\u5f53\u4f55\u7f6a\uff1f\u201d\u3000\u3000\u738b\u7237\uff1a\u201c\u53ea\u8981\u6211\u7231\u5983\u4e50\u610f\uff0c\u70e7\u4f60\u76f8\u5e9c\u53c8\u5982\u4f55\uff1f\u201d\u3000\u3000\u7687\u4e0a\uff1a\u201c\u8fd9\u4e8b\u6715\u7684\u7687\u513f\u8bf4\u4e86\u7b97\u2026\u2026\u201d\u3000\u3000\u201c\u2026\u2026\u201d\u3000\u3000**\u3000\u3000\u5f00\u542f\u5143\u6c14\u4e4b\u540e\uff0c\u5979\u53c8\u5c06\u5982\u4f55\uff1f\u3000\u3000\u524d\u4e16\u5979\u662f\u8c01\uff1f\u3000\u3000\u4ed6\u53c8\u662f\u8c01\u2026\u2026", "title": "\u76d7\u5893\u5ba0\u5983\u503e\u5929\u4e0b", "url": "http://www.17k.com/book/2715596.html", "average": -1.0, "cover": "http://img.17k.com/images/bookcover/2017/13577/67/2715596-1513579923000.jpg", "reviews": 32551, "authors": [{"url": "http://www.17k.com/zuozhe/58311798", "name": "\u661f\u6d77\u5f26\u6708"}], "type": ["\u7a7f\u8d8a\u65f6\u7a7a"], "outlinks": ["http://www.17k.com/book/2794982.html", "http://www.17k.com/book/2801292.html", "http://www.17k.com/book/2816318.html", "http://www.17k.com/book/2797575.html", "http://www.17k.com/book/2802516.html", "http://www.17k.com/book/2812195.html", "http://www.17k.com/book/2820143.html", "http://www.17k.com/book/2807943.html", "http://www.17k.com/book/2813457.html", "http://www.17k.com/book/2798058.html", "http://www.17k.com/book/2815617.html", "http://www.17k.com/book/2805259.html", "http://www.17k.com/book/2760255.html", "http://www.17k.com/book/2686894.html", "http://www.17k.com/book/2797016.html", "http://www.17k.com/book/2767246.html", "http://www.17k.com/book/2764239.html", "http://www.17k.com/book/2754498.html", "http://www.17k.com/book/2754900.html", "http://www.17k.com/book/2625740.html", "http://www.17k.com/book/2213315.html", "http://www.17k.com/book/2402178.html", "http://www.17k.com/book/2691221.html", "http://www.17k.com/book/2210699.html", "http://www.17k.com/book/1797752.html", "http://www.17k.com/book/2575507.html", "http://www.17k.com/book/2705181.html", "http://www.17k.com/book/2702539.html", "http://www.17k.com/book/2474887.html", "http://www.17k.com/book/2674733.html", "http://www.17k.com/book/2822076.html", "http://www.17k.com/book/2809894.html", "http://www.17k.com/book/2822077.html", "http://www.17k.com/book/2811930.html", "http://www.17k.com/book/2815548.html", "http://www.17k.com/book/2819620.html", "http://www.17k.com/book/2809964.html", "http://www.17k.com/book/2808200.html", "http://www.17k.com/book/2820100.html", "http://www.17k.com/book/2822978.html", "http://www.17k.com/book/2804337.html", "http://www.17k.com/book/2798814.html", "http://www.17k.com/book/2785153.html", "http://www.17k.com/book/2731559.html", "http://www.17k.com/book/2722533.html", "http://www.17k.com/book/2458377.html", "http://www.17k.com/book/2743300.html", "http://www.17k.com/book/973809.html", "http://www.17k.com/book/2651367.html", "http://www.17k.com/book/2726194.html", "http://www.17k.com/book/2790214.html", "http://www.17k.com/book/493239.html", "http://www.17k.com/book/108821.html", "http://www.17k.com/book/1398783.html", "http://www.17k.com/book/83528.html", "http://www.17k.com/book/1859126.html", "http://www.17k.com/book/1741975.html", "http://www.17k.com/book/192453.html", "http://www.17k.com/book/2459058.html", "http://www.17k.com/book/1050747.html", "http://www.17k.com/book/2700315.html", "http://www.17k.com/book/2818940.html", "http://www.17k.com/book/2819519.html", "http://www.17k.com/book/2816390.html", "http://www.17k.com/book/2819588.html", "http://www.17k.com/book/2813768.html", "http://www.17k.com/book/2822406.html", "http://www.17k.com/book/2772164.html", "http://www.17k.com/book/2784023.html", "http://www.17k.com/book/2811877.html", "http://www.17k.com/book/2809119.html", "http://www.17k.com/book/2803700.html", "http://www.17k.com/book/2819561.html", "http://www.17k.com/book/2746506.html", "http://www.17k.com/book/2811836.html", "http://www.17k.com/book/2614810.html", "http://www.17k.com/book/1592435.html", "http://www.17k.com/book/1949748.html", "http://www.17k.com/book/2265802.html", "http://www.17k.com/book/2743240.html", "http://www.17k.com/book/2657437.html", "http://www.17k.com/book/2644502.html", "http://www.17k.com/book/2199900.html", "http://www.17k.com/book/2725436.html", "http://www.17k.com/book/2629978.html"]}