{"ratings": -1, "userreviews": [{"userName": "yaitita546879446", "userReviewDate": "2018-06-08", "userURL": "http://user.17k.com/54107938", "userReview": "\u8fd9\u672c\u4e66\u592a\u68d2\u4e86\uff01\u9f13\u52b1\u4e00\u4e0b\uff0c\u5e0c\u671b\u540e\u7eed\u66f4\u52a0\u7cbe\u5f69\uff01"}, {"userName": "17K\u4e66\u53cbJS096IL5", "userReviewDate": "2018-06-08", "userURL": "http://user.17k.com/60497154", "userReview": "\u4ec0\u4e48\u65f6\u5019\u5b8c\u7ed3\u554a\uff1f\uff1f\uff1f\uff1f"}, {"userName": "17K\u4e66\u53cblfsmr0mq", "userReviewDate": "2018-06-02", "userURL": "http://user.17k.com/59522040", "userReview": "\u5b89\u5c0f\u4e5d\u6b7b\u800c\u590d\u6d3b\uff0c\u79bb\u5947"}, {"userName": "\u533f\u540d2567212", "userReviewDate": "2018-05-29", "userURL": "http://user.17k.com/25391208", "userReview": "\u4e70\u62bd\u7eb8\u53bb\uff0c\u770b\u8fd9\u4e2a\u592a\u8d39\u7eb8\u4e86"}, {"userName": "17K\u4e66\u53cblfsmr0mq", "userReviewDate": "2018-05-24", "userURL": "http://user.17k.com/59522040", "userReview": "\u5b89\u5c0f\u4e5d\u5230\u5e95\u6b7b\u6ca1\u6b7b"}, {"userName": "17K\u4e66\u53cblfsmr0mq", "userReviewDate": "2018-05-23", "userURL": "http://user.17k.com/59522040", "userReview": "\u5b89\u5c0f\u4e5d\u90a3\u4e48\u5c0f\u5c31\u6000\u5b55\u4e86\uff0c\u6709\u70b9\u4e0d\u76f8\u4fe1\u3002"}, {"userName": "\u6708\u843d\u68a6\u8ffd\u5fc6", "userReviewDate": "2018-05-20", "userURL": "http://user.17k.com/57478135", "userReview": "\u8282\u65e5\u6109\u5feb\uff0c\u6c6aemmmm"}, {"userName": "\u4fd0445617494", "userReviewDate": "2018-05-16", "userURL": "http://user.17k.com/60991431", "userReview": "\u597d\u770b\uff01\uff01\uff01\uff01"}, {"userName": "\u73af\u73af\u4e00\u8885\u695a\u5bab\u8170", "userReviewDate": "2018-05-15", "userURL": "http://user.17k.com/59811233", "userReview": "\u65e9\u4e0a\u597d\uff01\u4e2d\u5348\u597d\uff0c\u665a\u4e0a\u597d\uff0c\u5c81\u5c81\u597d\uff0c\u6708\u6708\u597d\uff0c\u5e74\u5e74\u597d\uff01"}, {"userName": "\u73af\u73af\u4e00\u8885\u695a\u5bab\u8170", "userReviewDate": "2018-05-13", "userURL": "http://user.17k.com/59811233", "userReview": "\u5982\u679c\u4f60\u975e\u5f97\u8ba9\u6211\u5728A\u4e0eC\u4e2d\u505a\u4e2a\u4e86\u65ad\uff0c\u6211\u60f3\u6211\u4f1a\u9009C\u3002\u4ec0\u4e48\uff1f\u539f\u56e0\uff1f\u5973\u4eba\u5929\u751f\u7684\u7b2c\u516d\u611f\uff01\u88f8\u8003\u561b\uff0c\u5c31\u5f97\u6709\u778e\u8499\u7684\u9738\u6c14\uff01\u6211\u8003\u5b8c\u56de\u6765\u5566\uff01\u652f\u6301\uff01"}, {"userName": "\u82e5\u84dd_Lexi", "userReviewDate": "2018-05-11", "userURL": "http://user.17k.com/51660035", "userReview": "\u8d8a\u5199\u8d8a\u504f\u79bb\uff0c\u62d6\u6ce5\u5e26\u6c34\u7684\u611f\u89c9\u8d8a\u6765\u8d8a\u91cd\u4e86"}, {"userName": "\u82cf\u4e0d\u9165", "userReviewDate": "2018-05-10", "userURL": "http://user.17k.com/58735957", "userReview": "\u6700\u8fd1\u51fa\u6765\u82cf\u5dde\u5357\u4eac\u73a9\uff0c\u5b9e\u5728\u662f\u592a\u7d2f\u4e86\uff0c\u5b58\u7a3f\u53c8\u6ca1\u6709\u4e86\uff0c\u5341\u4e00\u53f7\u7684\u66f4\u65b0\u7b49\u6211\u5341\u4e00\u53f7\u665a\u4e0a\u56de\u5230\u5bb6\u4e86\u518d\u5199\uff0c\u62b1\u6b49\u4e86\u3002"}, {"userName": "\u533f\u540d2567212", "userReviewDate": "2018-05-09", "userURL": "http://user.17k.com/25391208", "userReview": "\u53ef\u601c\u7684\u5c0f\u4e5d\u3002"}, {"userName": "\u4e00\u8f66\u6c34\u9a6c\u9f99", "userReviewDate": "2018-05-08", "userURL": "http://user.17k.com/53200796", "userReview": "\u82cf\u4e0d\u9165\u597d"}, {"userName": "17K\u4e66\u53cblfsmr0mq", "userReviewDate": "2018-05-08", "userURL": "http://user.17k.com/59522040", "userReview": "\u5373\u7136\u6dd8\u5b9d\u80fd\u6dd8\u5230\u6c7d\u8f66\uff0c\u5e72\u5417\u4e0d\u6dd8\u67b6\u98de\u673a\uff0c\u76f4\u63a5\u98de\u8fc7\u53bb"}, {"userName": "\u73af\u73af\u4e00\u8885\u695a\u5bab\u8170", "userReviewDate": "2018-05-04", "userURL": "http://user.17k.com/59811233", "userReview": "\u65e9\u4e0a\u597d\uff0c\u73af\u73af\u6765\u4e86\uff01"}, {"userName": "\u60b8\u5317", "userReviewDate": "2018-05-03", "userURL": "http://user.17k.com/61425222", "userReview": "\u770b\u4e86\u5f00\u5934\u2026\u2026\u7b2c\u4e00\u611f\u89c9\uff1a\u201c\u5367\u69fd\uff0c\u597d\u6c61\u54e6\u2026\u2026\u201d&#55357;&#56834;"}, {"userName": "17K\u4e66\u53cblfsmr0mq", "userReviewDate": "2018-05-02", "userURL": "http://user.17k.com/59522040", "userReview": "\u5b89\u5c0f\u4e5d\u8fd9\u4e2a\u89d2\u8272\u6211\u559c\u6b22"}, {"userName": "ww343678601", "userReviewDate": "2018-05-02", "userURL": "http://user.17k.com/54426482", "userReview": "\u6587\u7ae0\u5230\u4e86\u8fd9\u91cc\u7ed9\u4eba\u7684\u611f\u89c9\u8d8a\u6765\u8d8a\u6251\u5851\u8ff7\u79bb\u4e86\u3002\u771f\u60f3\u5feb\u70b9\u77e5\u9053\u771f\u76f8"}, {"userName": "\u73af\u73af\u4e00\u8885\u695a\u5bab\u8170", "userReviewDate": "2018-05-02", "userURL": "http://user.17k.com/59811233", "userReview": "\u65b0\u7684\u4e00\u5468\u597d\u5fc3\u60c5\uff01\u73af\u73af\u6765\u770b\u770b\uff01"}], "description": "\u5b89\u5c0f\u4e5d\u6d74\u5ba4\u8e29\u5230\u80a5\u7682\u6454\u4e86\u4e00\u8de4\uff0c\u76f4\u63a5\u6454\u5230\u4e86\u53e4\u4ee3\u53bb\u4e86\uff01\u3000\u3000\u7a7f\u8d8a\u4e86\uff0c\u8fd8\u662f\u5e26\u7740\u6dd8\u5b9d\u7a7f\u8d8a\u7684\uff0c\u4e8e\u662f\u5b89\u5c0f\u4e5d\u7acb\u5fd7\u6210\u4e3a\u53e4\u4ee3\u7684\u9a6c\u4e91\uff01\u3000\u3000\u53ea\u662f\u521a\u521a\u7a7f\u6765\u5c31\u9047\u5230\u4e86\u7325\u7410\u7237\u7237\uff0c\u6781\u54c1\u5976\u5976\uff0c\u5201\u86ee\u5c0f\u59d1\uff0c\u4e0d\u662f\u60f3\u5f04\u6b7b\u5979\u5c31\u662f\u8981\u5356\u4e86\u5979\uff01\u3000\u3000\u8fd9\u4e9b\u90fd\u4e0d\u662f\u4e8b\uff0c\u54b1\u6709\u6dd8\u5b9d\uff01\u53e4\u4ee3\u7684\u7834\u7897\u653e\u5230\u6dd8\u5b9d\u91cc\u90fd\u80fd\u5356\u4e0a\u4e0d\u5c11\u94b1\uff0c\u54b1\u5728\u53e4\u4ee3\u4e5f\u6574\u4e2a\u53cc\u5341\u4e00\uff01\u3000\u3000\u672c\u60f3\u7740\u968f\u6027\u800c\u5df2\uff0c\u505a\u597d\u81ea\u5df1\uff0c\u53ef\u662f\u672a\u5a5a\u800c\u6709\u5b55\uff0c\u5b89\u5c0f\u4e5d\u624d\u77e5\u9053\u5728\u53e4\u4ee3\u5546\u5973\u7684\u8eab\u4efd\u6709\u591a\u4f4e\u8d31\uff01\u4f4e\u8d31\u5230\uff0c\u5979\u4e70\u4e00\u9001\u4e8c\u90fd\u5f97\u4e0d\u5230\u672a\u6765\u5a46\u5a46\u7684\u8ba4\u53ef\uff01\u3000\u3000\u8eab\u4efd\u7684\u79d8\u5bc6\uff0c\u8c01\u7684\u9634\u8c0b\uff1f\u3000\u3000\u60c5\u7231\u7684\u8ffd\u9010\uff0c\u8c01\u7684\u751f\u6b7b\uff1f\u3000\u3000\u5f85\u56de\u7738\uff0c\u6211\u60c5\u6df1\u4e0d\u53d8\uff0c\u4f60\u53ef\u8fd8\u6267\u5251\u62a4\u6211\uff1f", "title": "\u76db\u4e16\u7530\u5ba0", "url": "http://www.17k.com/book/2735454.html", "average": -1.0, "cover": "http://img.17k.com/images/bookcover/2017/13677/68/2735454-1513324217000.jpg", "reviews": 259002, "authors": [{"url": "http://www.17k.com/zuozhe/58735957", "name": "\u82cf\u4e0d\u9165"}], "type": ["\u7ecf\u5546\u79cd\u7530"], "outlinks": ["http://www.17k.com/book/2794982.html", "http://www.17k.com/book/2801292.html", "http://www.17k.com/book/2816318.html", "http://www.17k.com/book/2797575.html", "http://www.17k.com/book/2802516.html", "http://www.17k.com/book/2812195.html", "http://www.17k.com/book/2820143.html", "http://www.17k.com/book/2807943.html", "http://www.17k.com/book/2813457.html", "http://www.17k.com/book/2798058.html", "http://www.17k.com/book/2815617.html", "http://www.17k.com/book/2805259.html", "http://www.17k.com/book/2760255.html", "http://www.17k.com/book/2686894.html", "http://www.17k.com/book/2797016.html", "http://www.17k.com/book/2767246.html", "http://www.17k.com/book/2764239.html", "http://www.17k.com/book/2754498.html", "http://www.17k.com/book/2754900.html", "http://www.17k.com/book/2625740.html", "http://www.17k.com/book/2213315.html", "http://www.17k.com/book/2402178.html", "http://www.17k.com/book/2691221.html", "http://www.17k.com/book/2210699.html", "http://www.17k.com/book/1797752.html", "http://www.17k.com/book/2575507.html", "http://www.17k.com/book/2705181.html", "http://www.17k.com/book/2702539.html", "http://www.17k.com/book/2474887.html", "http://www.17k.com/book/2674733.html", "http://www.17k.com/book/2822076.html", "http://www.17k.com/book/2809894.html", "http://www.17k.com/book/2822077.html", "http://www.17k.com/book/2811930.html", "http://www.17k.com/book/2815548.html", "http://www.17k.com/book/2819620.html", "http://www.17k.com/book/2809964.html", "http://www.17k.com/book/2808200.html", "http://www.17k.com/book/2820100.html", "http://www.17k.com/book/2822978.html", "http://www.17k.com/book/2804337.html", "http://www.17k.com/book/2798814.html", "http://www.17k.com/book/2785153.html", "http://www.17k.com/book/2731559.html", "http://www.17k.com/book/2722533.html", "http://www.17k.com/book/2458377.html", "http://www.17k.com/book/2743300.html", "http://www.17k.com/book/973809.html", "http://www.17k.com/book/2651367.html", "http://www.17k.com/book/2726194.html", "http://www.17k.com/book/2790214.html", "http://www.17k.com/book/493239.html", "http://www.17k.com/book/108821.html", "http://www.17k.com/book/1398783.html", "http://www.17k.com/book/83528.html", "http://www.17k.com/book/1859126.html", "http://www.17k.com/book/1741975.html", "http://www.17k.com/book/192453.html", "http://www.17k.com/book/2459058.html", "http://www.17k.com/book/1050747.html", "http://www.17k.com/book/2700315.html", "http://www.17k.com/book/2818940.html", "http://www.17k.com/book/2819519.html", "http://www.17k.com/book/2816390.html", "http://www.17k.com/book/2819588.html", "http://www.17k.com/book/2813768.html", "http://www.17k.com/book/2822406.html", "http://www.17k.com/book/2772164.html", "http://www.17k.com/book/2784023.html", "http://www.17k.com/book/2811877.html", "http://www.17k.com/book/2809119.html", "http://www.17k.com/book/2803700.html", "http://www.17k.com/book/2819561.html", "http://www.17k.com/book/2746506.html", "http://www.17k.com/book/2811836.html", "http://www.17k.com/book/2614810.html", "http://www.17k.com/book/1592435.html", "http://www.17k.com/book/1949748.html", "http://www.17k.com/book/2265802.html", "http://www.17k.com/book/2743240.html", "http://www.17k.com/book/2657437.html", "http://www.17k.com/book/2644502.html", "http://www.17k.com/book/2199900.html", "http://www.17k.com/book/2725436.html", "http://www.17k.com/book/2629978.html"]}