{"ratings": -1, "userreviews": [{"userName": "17K\u4e66\u53cb6flnryc7", "userReviewDate": "2018-06-07", "userURL": "http://user.17k.com/56685018", "userReview": "[\u6253\u8d4f]\u6211\u6253\u8d4f\u4e861\u5143\u7ea2\u5305\uff01\uff01"}, {"userName": "\u7eff\u76d2\u5b50\u91cc\u7684\u732b", "userReviewDate": "2018-06-06", "userURL": "http://user.17k.com/59623693", "userReview": "\u4e00\u76f4\u5728\u8ffd~\u597d\u770b\u7684\u54c7"}, {"userName": "\u5c0f\u6c64360360443", "userReviewDate": "2018-06-05", "userURL": "http://user.17k.com/58716327", "userReview": "\u8fd9\u90e8\u5c0f\u8bf4\u5199\u5f97\u592a\u68d2\u4e86"}, {"userName": "\u97e9\u4ed9\u5251", "userReviewDate": "2018-06-05", "userURL": "http://user.17k.com/57159020", "userReview": "\u652f\u6301\uff0c\u52a0\u6cb9"}, {"userName": "lanjuer", "userReviewDate": "2018-06-05", "userURL": "http://user.17k.com/62516551", "userReview": "\u597d\u770b\u597d\u770b\u554a\u554a\u554a^o^"}, {"userName": "\u5c0f\u6c64360360443", "userReviewDate": "2018-06-03", "userURL": "http://user.17k.com/58716327", "userReview": "\u53ef\u60dc\u53c8\u6ca1\u4e66\u5e01\u4e86"}, {"userName": "17K\u4e66\u53cbyefigv8p", "userReviewDate": "2018-06-02", "userURL": "http://user.17k.com/62394682", "userReview": "\u53ef\u4ee5\u8bf4\u662f\u80a5\u80a0\u597d\u770b\u4e86"}, {"userName": "\u6cab\u6cab2016", "userReviewDate": "2018-06-02", "userURL": "http://user.17k.com/29597402", "userReview": "\u5feb\u66f4\u65b0\u554a\u2026\u2026"}, {"userName": "\u6708\u843d\u68a6\u8ffd\u5fc6", "userReviewDate": "2018-06-02", "userURL": "http://user.17k.com/57478135", "userReview": "\u8bf7\u6536\u8ffd\u5fc6\u4e00\u8bb0\u819d\u76d6"}, {"userName": "\u7559\u4ea6\u5929", "userReviewDate": "2018-06-01", "userURL": "http://user.17k.com/40802886", "userReview": "\u516d\u4e00\u5feb\u4e50&#55357;&#56834;\u597d\u4e45\u6ca1\u6709\u8fd9\u6837\u56de\u6765\u4e92\u8e29\u4e86\uff0c"}, {"userName": "\u7af9\u4e0b\u661f\u67f3", "userReviewDate": "2018-06-01", "userURL": "http://user.17k.com/56040077", "userReview": "\u5927\u5927\u8fd8\u8bb0\u5f97\u6211\u5417\uff1f\u8282\u65e5\u5feb\u4e50\u54e6\uff01"}, {"userName": "\u5c0f\u6c64360360443", "userReviewDate": "2018-05-31", "userURL": "http://user.17k.com/58716327", "userReview": "\u8fd9\u672c\u5c0f\u8bf4\u771f\u7684\u597d\u770b"}, {"userName": "\u5c0f\u6c64360360443", "userReviewDate": "2018-05-31", "userURL": "http://user.17k.com/58716327", "userReview": "\u8fd9\u4e2a\u4e3b\u4eba\u516c\u771f\u7684\u5f88\u68d2\uff01"}, {"userName": "\u7eff\u76d2\u5b50\u91cc\u7684\u732b", "userReviewDate": "2018-05-28", "userURL": "http://user.17k.com/59623693", "userReview": "\u652f\u6301~\u597d\u770b~"}, {"userName": "17K\u4e66\u53cbBC8PDS06", "userReviewDate": "2018-05-28", "userURL": "http://user.17k.com/59623073", "userReview": "\u597d\u770b\uff01\uff01\uff01"}, {"userName": "17K\u4e66\u53cb6flnryc7", "userReviewDate": "2018-05-27", "userURL": "http://user.17k.com/56685018", "userReview": "[\u6253\u8d4f]\u6211\u6253\u8d4f\u4e861\u5143\u7ea2\u5305\uff01\uff01"}, {"userName": "\u96e8\u6c90\u661f\u8fb0", "userReviewDate": "2018-05-26", "userURL": "http://user.17k.com/56692148", "userReview": "\u963f\u7c7d\u52a0\u6cb9\uff01\u6492\u82b1\u652f\u6301\uff01"}, {"userName": "\u4fd0445617494", "userReviewDate": "2018-05-25", "userURL": "http://user.17k.com/60991431", "userReview": "\u597d\u770b\uff0c\u5f88\u559c\u6b22\u3002"}, {"userName": "\u533f\u540d2567212", "userReviewDate": "2018-05-24", "userURL": "http://user.17k.com/25391208", "userReview": "\u597d\u770b\uff01\uff01\uff01\uff01"}, {"userName": "\u5c0f\u6c64360360443", "userReviewDate": "2018-05-24", "userURL": "http://user.17k.com/58716327", "userReview": "\u6211\u5f88\u4f69\u670d\u8fd9\u91cc\u7684\u4e3b\u4eba\u516c"}], "description": "\u846c\u8eab\u706b\u6d77\uff0c\u5979\u4ece\u5730\u72f1\u5f52\u6765\u2014\u2014\u3000\u3000\u66fe\u7ecf\u7684\u5c06\u95e8\u8d35\u5973\uff0c\u5148\u5e1d\u4eb2\u5c01\u90e1\u4e3b\uff0c\u3000\u3000\u6210\u4e86\u6df1\u5b85\u4e2d\u4eba\u4eba\u53ef\u6b3a\u7684\u6c88\u4e09\u5c0f\u59d0\uff1b\u3000\u3000\u4e3a\u67e5\u5bb6\u65cf\u88ab\u706d\u65e7\u6848\uff0c\u5979\u6b65\u6b65\u4e3a\u8425\uff0c\u3000\u3000\u4e3a\u590d\u4ec7\uff0c\u5979\u9047\u795e\u6740\u795e\uff0c\u9b54\u6321\u5c60\u9b54\uff1b\u3000\u3000\u53ea\u662f\uff0c\u8fd9\u4f4d\u738b\u7237\uff0c\u4f60\u627e\u4f60\u7684\u738b\u5983\u5e72\u561b\u6765\u60f9\u6211\uff1f\u3000\u3000\u2014\u2014\u2014\u2014\u3000\u3000\u8bfb\u8005\u7fa4\u53f7\uff1a563459217", "title": "\u76db\u5ba0\u5c0f\u86ee\u5983", "url": "http://www.17k.com/book/2720470.html", "average": -1.0, "cover": "http://img.17k.com/images/bookcover/2018/13602/68/2720470-1516091268000.jpg", "reviews": 405970, "authors": [{"url": "http://www.17k.com/zuozhe/45957606", "name": "\u5357\u8fb9\u963f\u7c7d"}], "type": ["\u53e4\u4ee3\u91cd\u751f"], "outlinks": ["http://www.17k.com/book/2794982.html", "http://www.17k.com/book/2801292.html", "http://www.17k.com/book/2816318.html", "http://www.17k.com/book/2797575.html", "http://www.17k.com/book/2802516.html", "http://www.17k.com/book/2812195.html", "http://www.17k.com/book/2820143.html", "http://www.17k.com/book/2807943.html", "http://www.17k.com/book/2813457.html", "http://www.17k.com/book/2798058.html", "http://www.17k.com/book/2815617.html", "http://www.17k.com/book/2805259.html", "http://www.17k.com/book/2760255.html", "http://www.17k.com/book/2686894.html", "http://www.17k.com/book/2797016.html", "http://www.17k.com/book/2767246.html", "http://www.17k.com/book/2764239.html", "http://www.17k.com/book/2754498.html", "http://www.17k.com/book/2754900.html", "http://www.17k.com/book/2625740.html", "http://www.17k.com/book/2213315.html", "http://www.17k.com/book/2402178.html", "http://www.17k.com/book/2691221.html", "http://www.17k.com/book/2210699.html", "http://www.17k.com/book/1797752.html", "http://www.17k.com/book/2575507.html", "http://www.17k.com/book/2705181.html", "http://www.17k.com/book/2702539.html", "http://www.17k.com/book/2474887.html", "http://www.17k.com/book/2674733.html", "http://www.17k.com/book/2822076.html", "http://www.17k.com/book/2809894.html", "http://www.17k.com/book/2822077.html", "http://www.17k.com/book/2811930.html", "http://www.17k.com/book/2815548.html", "http://www.17k.com/book/2819620.html", "http://www.17k.com/book/2809964.html", "http://www.17k.com/book/2808200.html", "http://www.17k.com/book/2820100.html", "http://www.17k.com/book/2822978.html", "http://www.17k.com/book/2804337.html", "http://www.17k.com/book/2798814.html", "http://www.17k.com/book/2785153.html", "http://www.17k.com/book/2731559.html", "http://www.17k.com/book/2722533.html", "http://www.17k.com/book/2458377.html", "http://www.17k.com/book/2743300.html", "http://www.17k.com/book/973809.html", "http://www.17k.com/book/2651367.html", "http://www.17k.com/book/2726194.html", "http://www.17k.com/book/2790214.html", "http://www.17k.com/book/493239.html", "http://www.17k.com/book/108821.html", "http://www.17k.com/book/1398783.html", "http://www.17k.com/book/83528.html", "http://www.17k.com/book/1859126.html", "http://www.17k.com/book/1741975.html", "http://www.17k.com/book/192453.html", "http://www.17k.com/book/2459058.html", "http://www.17k.com/book/1050747.html", "http://www.17k.com/book/2700315.html", "http://www.17k.com/book/2818940.html", "http://www.17k.com/book/2819519.html", "http://www.17k.com/book/2816390.html", "http://www.17k.com/book/2819588.html", "http://www.17k.com/book/2813768.html", "http://www.17k.com/book/2822406.html", "http://www.17k.com/book/2772164.html", "http://www.17k.com/book/2784023.html", "http://www.17k.com/book/2811877.html", "http://www.17k.com/book/2809119.html", "http://www.17k.com/book/2803700.html", "http://www.17k.com/book/2819561.html", "http://www.17k.com/book/2746506.html", "http://www.17k.com/book/2811836.html", "http://www.17k.com/book/2614810.html", "http://www.17k.com/book/1592435.html", "http://www.17k.com/book/1949748.html", "http://www.17k.com/book/2265802.html", "http://www.17k.com/book/2743240.html", "http://www.17k.com/book/2657437.html", "http://www.17k.com/book/2644502.html", "http://www.17k.com/book/2199900.html", "http://www.17k.com/book/2725436.html", "http://www.17k.com/book/2629978.html"]}