{"ratings": -1, "userreviews": [{"userName": "\u6e38\u8361\u7684\u9c7c964969980", "userReviewDate": "2018-06-03", "userURL": "http://user.17k.com/60111126", "userReview": "\u5c1d\u8bd5\u7740\u8bfb\u4e0b\u53bb"}, {"userName": "80\u5e74\u7684\u82f9\u679c&#55356;&#57166;", "userReviewDate": "2018-05-29", "userURL": "http://user.17k.com/58954779", "userReview": "666666"}, {"userName": "80\u5e74\u7684\u82f9\u679c&#55356;&#57166;", "userReviewDate": "2018-05-27", "userURL": "http://user.17k.com/58954779", "userReview": "66666"}, {"userName": "17K\u4e66\u53cbOL5ZLW29", "userReviewDate": "2018-05-25", "userURL": "http://user.17k.com/56256683", "userReview": "\u8fd9\u4e2a\u5c0f\u8bf4\u597d"}, {"userName": "80\u5e74\u7684\u82f9\u679c&#55356;&#57166;", "userReviewDate": "2018-05-23", "userURL": "http://user.17k.com/58954779", "userReview": "666666"}, {"userName": "\u6708\u843d\u68a6\u8ffd\u5fc6", "userReviewDate": "2018-05-20", "userURL": "http://user.17k.com/57478135", "userReview": "\u8282\u65e5\u6109\u5feb\uff0c\u6c6ao(\u2267v\u2266)o"}, {"userName": "\u6e38\u8361\u7684\u9c7c964969980", "userReviewDate": "2018-05-17", "userURL": "http://user.17k.com/60111126", "userReview": "\u6709\u673a\u4f1a\u8fd8\u662f\u8981\u8ffd\u7684\u3002"}, {"userName": "80\u5e74\u7684\u82f9\u679c&#55356;&#57166;", "userReviewDate": "2018-05-14", "userURL": "http://user.17k.com/58954779", "userReview": "\u770b\u4e86\u6ca1\u610f\u601d\u3002"}, {"userName": "\u6b87\u6b87\u6b87\u60c5w", "userReviewDate": "2018-05-14", "userURL": "http://user.17k.com/60460296", "userReview": "123456"}, {"userName": "\u6e38\u8361\u7684\u9c7c964969980", "userReviewDate": "2018-05-14", "userURL": "http://user.17k.com/60111126", "userReview": "\u575a\u6301\u575a\u6301\u575a\u6301"}, {"userName": "80\u5e74\u7684\u82f9\u679c&#55356;&#57166;", "userReviewDate": "2018-05-13", "userURL": "http://user.17k.com/58954779", "userReview": "\u6ca1\u610f\u601d\uff0c\u53c8\u8981\u5f00\u59cb\u6536\u8d39\u3002"}, {"userName": "17K\u4e66\u53cbQUKYSP2K", "userReviewDate": "2018-05-13", "userURL": "http://user.17k.com/61218431", "userReview": "\u6ca1\u610f\u601d\uff0c\u770b\u7740\u770b\u7740\u5c31\u8981\u6536\u8d39\uff0c\u90fd\u662f\u9a97\u4eba\u7684\u5957\u8def"}, {"userName": "\u6e38\u8361\u7684\u9c7c964969980", "userReviewDate": "2018-05-11", "userURL": "http://user.17k.com/60111126", "userReview": "\u5f00\u59cb\u6536\u8d39\u4e86\u2026"}, {"userName": "\u6e38\u8361\u7684\u9c7c964969980", "userReviewDate": "2018-05-11", "userURL": "http://user.17k.com/60111126", "userReview": "\u5f00\u59cb\u6536\u8d39\u4e86\u2026"}, {"userName": "\u9896\u706b\u866b379367244", "userReviewDate": "2018-05-10", "userURL": "http://user.17k.com/61188055", "userReview": "\u4e3a\u4ec0\u4e48\u8981\u6536\u8d39"}, {"userName": "\u6e38\u8361\u7684\u9c7c964969980", "userReviewDate": "2018-05-10", "userURL": "http://user.17k.com/60111126", "userReview": "\u5f00\u59cb\u6536\u8d39\u4e86\u54e6"}, {"userName": "\u9896\u706b\u866b379367244", "userReviewDate": "2018-05-09", "userURL": "http://user.17k.com/61188055", "userReview": "good good"}, {"userName": "Bigboss*", "userReviewDate": "2018-05-08", "userURL": "http://user.17k.com/61343827", "userReview": "\u771f\u5fc3\u597d\u770b\u554a"}, {"userName": "\u9896\u706b\u866b379367244", "userReviewDate": "2018-05-07", "userURL": "http://user.17k.com/61188055", "userReview": ":-)good"}, {"userName": "17K\u4e66\u53cbLJESOO7Z", "userReviewDate": "2018-05-06", "userURL": "http://user.17k.com/56485116", "userReview": "\u5973\u4eba\u7684\u5fc3\u601d\u4f60\u522b\u731c"}], "description": "\u88ab\u7537\u53cb\u8499\u773c\u9001\u5230\u522b\u4eba\u5e8a\u4e0a\uff0c\u53c8\u6d41\u4ea7\u88ab\u5c0f\u4e09\u8d76\u51fa\u5bb6\u95e8\uff0c\u7a0b\u9038\u7136\u89c9\u5f97\u6216\u8bb8\u6ca1\u6709\u6bd4\u81ea\u5df1\u66f4\u52a0\u60b2\u5267\u7684\u5973\u4eba\u4e86\u3002\u3000\u3000\u9646\u8fdf\u91ce\u5728\u5927\u96ea\u6f2b\u5929\u4e2d\u51fa\u73b0\uff0c\u4e00\u53e5\u201c\u6211\u5a36\u4f60\u201d\u8ba9\u5979\u5f7b\u5e95\u7ffb\u8eab\u556a\u556a\u6253\u90a3\u5bf9\u72d7\u7537\u5973\u7684\u8138\u3002\u3000\u3000\u4e00\u9897\u5fc3\uff0c\u8dcc\u8dcc\u649e\u649e\u7684\u9677\u8fdb\u53bb\uff0c\u672c\u4ee5\u4e3a\u662f\u67f3\u6697\u82b1\u660e\u53c8\u4e00\u6751\uff0c\u54ea\u91cc\u77e5\u9053\u662f\u7a77\u9014\u672b\u8def\u3002\u3000\u3000\u4ed6\u62e5\u4f4f\u90a3\u4e2a\u5973\u4eba\u6b8b\u9177\u7684\u8bf4\uff1a\u201c\u4f60\u4e0d\u8fc7\u662f\u4e00\u4e2a\u66ff\u4ee3\u54c1\u3002\u201d\u3000\u3000\u66fe\u7ecf\u7684\u6df1\u60c5\uff0c\u4e00\u671d\u6210\u4e3a\u7b11\u8bdd\u00b7\u00b7\u00b7\u00b7", "title": "\u76db\u5ba0\u66ff\u8eab\u5343\u91d1", "url": "http://www.17k.com/book/2732031.html", "average": -1.0, "cover": "http://img.17k.com/images/bookcover/2017/13660/68/2732031-1514425324000.jpg", "reviews": 131385, "authors": [{"url": "http://www.17k.com/zuozhe/58666714", "name": "\u54aa\u4e03"}], "type": ["\u603b\u88c1\u8c6a\u95e8"], "outlinks": ["http://www.17k.com/book/2794982.html", "http://www.17k.com/book/2801292.html", "http://www.17k.com/book/2816318.html", "http://www.17k.com/book/2797575.html", "http://www.17k.com/book/2802516.html", "http://www.17k.com/book/2812195.html", "http://www.17k.com/book/2820143.html", "http://www.17k.com/book/2807943.html", "http://www.17k.com/book/2813457.html", "http://www.17k.com/book/2798058.html", "http://www.17k.com/book/2815617.html", "http://www.17k.com/book/2805259.html", "http://www.17k.com/book/2760255.html", "http://www.17k.com/book/2686894.html", "http://www.17k.com/book/2797016.html", "http://www.17k.com/book/2767246.html", "http://www.17k.com/book/2764239.html", "http://www.17k.com/book/2754498.html", "http://www.17k.com/book/2754900.html", "http://www.17k.com/book/2625740.html", "http://www.17k.com/book/2213315.html", "http://www.17k.com/book/2402178.html", "http://www.17k.com/book/2691221.html", "http://www.17k.com/book/2210699.html", "http://www.17k.com/book/1797752.html", "http://www.17k.com/book/2575507.html", "http://www.17k.com/book/2705181.html", "http://www.17k.com/book/2702539.html", "http://www.17k.com/book/2474887.html", "http://www.17k.com/book/2674733.html", "http://www.17k.com/book/2822076.html", "http://www.17k.com/book/2809894.html", "http://www.17k.com/book/2822077.html", "http://www.17k.com/book/2811930.html", "http://www.17k.com/book/2815548.html", "http://www.17k.com/book/2819620.html", "http://www.17k.com/book/2809964.html", "http://www.17k.com/book/2808200.html", "http://www.17k.com/book/2820100.html", "http://www.17k.com/book/2822978.html", "http://www.17k.com/book/2804337.html", "http://www.17k.com/book/2798814.html", "http://www.17k.com/book/2785153.html", "http://www.17k.com/book/2731559.html", "http://www.17k.com/book/2722533.html", "http://www.17k.com/book/2458377.html", "http://www.17k.com/book/2743300.html", "http://www.17k.com/book/973809.html", "http://www.17k.com/book/2651367.html", "http://www.17k.com/book/2726194.html", "http://www.17k.com/book/2790214.html", "http://www.17k.com/book/493239.html", "http://www.17k.com/book/108821.html", "http://www.17k.com/book/1398783.html", "http://www.17k.com/book/83528.html", "http://www.17k.com/book/1859126.html", "http://www.17k.com/book/1741975.html", "http://www.17k.com/book/192453.html", "http://www.17k.com/book/2459058.html", "http://www.17k.com/book/1050747.html", "http://www.17k.com/book/2700315.html", "http://www.17k.com/book/2818940.html", "http://www.17k.com/book/2819519.html", "http://www.17k.com/book/2816390.html", "http://www.17k.com/book/2819588.html", "http://www.17k.com/book/2813768.html", "http://www.17k.com/book/2822406.html", "http://www.17k.com/book/2772164.html", "http://www.17k.com/book/2784023.html", "http://www.17k.com/book/2811877.html", "http://www.17k.com/book/2809119.html", "http://www.17k.com/book/2803700.html", "http://www.17k.com/book/2819561.html", "http://www.17k.com/book/2746506.html", "http://www.17k.com/book/2811836.html", "http://www.17k.com/book/2614810.html", "http://www.17k.com/book/1592435.html", "http://www.17k.com/book/1949748.html", "http://www.17k.com/book/2265802.html", "http://www.17k.com/book/2743240.html", "http://www.17k.com/book/2657437.html", "http://www.17k.com/book/2644502.html", "http://www.17k.com/book/2199900.html", "http://www.17k.com/book/2725436.html", "http://www.17k.com/book/2629978.html"]}