{"ratings": -1, "userreviews": [{"userName": "\u4f46\u613f\u65e0\u6127", "userReviewDate": "2018-05-03", "userURL": "http://user.17k.com/32845976", "userReview": "\u6709\u5b8c\u672c\u7684\u624d\u662f\u5927\u795e\uff0c\u6bd4\u5982\u4f60\uff01"}, {"userName": "\u80fd\u51fa\u6ca1\u6ce8\u610f", "userReviewDate": "2018-04-26", "userURL": "http://user.17k.com/38335788", "userReview": "\u76d6\u7ae0\uff0c\u96be\u5f97\u5c01\u9762\u80fd\u770b\u5230\u9b3c\u706f\u5927\u4eba"}, {"userName": "\u591c\u5f52\u7684\u98ce\u96ea", "userReviewDate": "2018-04-21", "userURL": "http://user.17k.com/55081132", "userReview": "[\u6253\u8d4f]\u6211\u6253\u8d4f\u4e865\u5143\u7ea2\u5305\uff01\uff01"}, {"userName": "\u5e73\u51e1\u7684\u9b54\u672f\u5e08", "userReviewDate": "2018-04-18", "userURL": "http://user.17k.com/13612658", "userReview": "\u795d\u65b0\u4e66\u5927\u706b\uff0c\u4e00\u672c\u5c01\u795e\u3002"}, {"userName": "\u4f60\u7684\u4ed9\u732a", "userReviewDate": "2018-06-08", "userURL": "http://user.17k.com/62430626", "userReview": "\u5927\u795e\uff01\u6211\u597d\u7a77\uff0c\u4f60\u8981\u819d\u76d6\u4e0d\uff1f"}, {"userName": "\u95fb\u9999\u53ef\u4eba", "userReviewDate": "2018-06-07", "userURL": "http://user.17k.com/52694972", "userReview": "[\u6253\u8d4f]\u6211\u6253\u8d4f\u4e8618\u5143\u7ea2\u5305\uff01\uff01"}, {"userName": "\u95fb\u9999\u53ef\u4eba", "userReviewDate": "2018-06-07", "userURL": "http://user.17k.com/52694972", "userReview": "\u52a0\u6cb9\uff0c\u7cbe\u7075"}, {"userName": "\u671b\u96e8\u6d41\u6c34", "userReviewDate": "2018-06-05", "userURL": "http://user.17k.com/62525292", "userReview": "\u7b7e\u5230"}, {"userName": "\u4e09\u4e16\u5386\u52ab", "userReviewDate": "2018-06-04", "userURL": "http://user.17k.com/41482345", "userReview": "\u65b0\u7684\u4e00\u5468\uff0c\u52a0\u6cb9\u54e6"}, {"userName": "\u897f\u671b2077", "userReviewDate": "2018-06-02", "userURL": "http://user.17k.com/49186443", "userReview": "\u652f\u6301\u5927\u5927"}, {"userName": "\u6c89\u6740\u8662", "userReviewDate": "2018-06-02", "userURL": "http://user.17k.com/4265613", "userReview": "\u52a0\u6cb9\u4f60\u53ef\u4ee5\u7684"}, {"userName": "\u4e09\u4e16\u5386\u52ab", "userReviewDate": "2018-06-02", "userURL": "http://user.17k.com/41482345", "userReview": "[\u6253\u8d4f]\u6211\u6253\u8d4f\u4e862\u4e2a'\u5c0f\u5fc3\u5fc3'\uff01\uff01"}, {"userName": "\u897f\u671b2077", "userReviewDate": "2018-05-31", "userURL": "http://user.17k.com/49186443", "userReview": "\u9001\u82b1\u652f\u6301"}, {"userName": "\u5fc3\u7a7a\u7f6a\u4ea6\u4ea1", "userReviewDate": "2018-05-31", "userURL": "http://user.17k.com/56355515", "userReview": "\u770b\u597d\u4e66\u8bbf\u795e\u5a46\u652f\u6301\u4e0d\u53d8\u3002"}, {"userName": "\u6d1e\u5ead\u6625\u6708", "userReviewDate": "2018-05-31", "userURL": "http://user.17k.com/17039026", "userReview": "\u8f7b\u8f7b\u7684\u6211\u8d70\u4e86 \u6b63\u5982\u6211\u8f7b\u8f7b\u7684\u6765"}, {"userName": "\u9526\u7ee3\u82b3\u83f2", "userReviewDate": "2018-05-30", "userURL": "http://user.17k.com/53849640", "userReview": "\u7b7e\u5230\uff0c\u95ee\u597d\uff0c\u8bbf\u53cb\uff0c\u652f\u6301\uff0c\u5927\u5927\u52a0\u6cb9"}, {"userName": "\u6d41\u4e91\u5c01\u5929", "userReviewDate": "2018-05-30", "userURL": "http://user.17k.com/45987364", "userReview": "\u597d\u4e45\u4e0d\u89c1\uff0c\u8fd1\u6765\u53ef\u597d\uff1f"}, {"userName": "\u661f\u7a7a\u591c\u68a6\u8d30", "userReviewDate": "2018-05-30", "userURL": "http://user.17k.com/58011970", "userReview": "<span style='color:red'>\u661f\u7a7a\u6765\u4e86\uff0c\u4e09\u6735\u5927\u7ea2\u82b1\u5949\u4e0a\uff0c\u795d\u795e\u5a46\u9752\u6625\u6c38\u9a7b\uff0c\u521b\u4f5c\u5feb\u4e50\uff01</span>"}, {"userName": "\u4e09\u4e16\u5386\u52ab", "userReviewDate": "2018-05-30", "userURL": "http://user.17k.com/41482345", "userReview": "[\u6253\u8d4f]\u6211\u6253\u8d4f\u4e868\u5143\u7ea2\u5305\uff01\uff01"}, {"userName": "\u4e09\u4e16\u5386\u52ab", "userReviewDate": "2018-05-30", "userURL": "http://user.17k.com/41482345", "userReview": "\u9001\u82b1\uff0c\u8ba2\u9605\uff0c\u65e9\u5b89"}], "description": "\u5730\u5e9c\u3002\u3000\u3000\u674e\u51b2\u5750\u5728\u960e\u738b\u6bbf\u7684\u5b9d\u5ea7\u4e0a\u6d17\u7740\u811a\uff0c\u4e00\u8fb9\u76f4\u64ad\uff0c\u4e00\u8fb9\u54fc\u7740\u5c0f\u66f2\uff0c\u60a0\u54c9\u6e38\u54c9\u3002\u3000\u3000\u5224\u5b98\uff1a\u201c\u5929\u5e08\u7237\u7237\uff0c\u751f\u6b7b\u7c3f\u7ed9\u60a8\u62ff\u6765\u4e86\uff0c\u8fd8\u8bf7\u60a8\u8001\u67e5\u9605\u3002\u201d\u3000\u3000\u9b3c\u738b\uff1a\u201c\u5929\u5e08\u7237\u7237\uff0c\u5730\u5e9c\u7684\u7f8e\u5973\u5df2\u7ecf\u5168\u90fd\u9001\u5230\u60a8\u7684\u5e9c\u4e0a\uff0c\u8fd8\u8bf7\u60a8\u8001\u7b11\u7eb3\u3002\u201d\u3000\u3000\u960e\u738b\u7237\uff1a\u201c\u8fd9\u70b9\u5c0f\u4e8b\u600e\u4e48\u80fd\u52b3\u70e6\u674e\u5929\u5e08\u60a8\u5462\uff0c\u7ed9\u60a8\u8001\u5012\u6d17\u811a\u6c34\u662f\u5c0f\u738b\u7684\u8363\u5e78\u3002\u201d\u3000\u3000\u770b\u7740\u773c\u524d\u8fd9\u51e0\u5c0a\u51e1\u4eba\u773c\u4e2d\u7684\u5927\u795e\uff0c\u674e\u51b2\u4e0d\u7981\u611f\u53f9\uff1a\u201c\u8fde\u627e\u4e2a\u88c5\u903c\u7684\u5bf9\u624b\u90fd\u6ca1\u6709\uff0c\u771f\u662f\u9ad8\u5904\u4e0d\u80dc\u5bd2\u554a\u3002\u201d\u3000\u3000\u6211\u662f\u5927\u6b3e\u6211\u6015\u8c01\u9001\u4e86\u4e00\u767e\u8f86\u8dd1\u8f66......\u3000\u3000\u5927\u660e\u661f\u9001\u4e86\u4e00\u767e\u8258\u6cb9\u8f6e......\u3000\u3000\u4e0d\u505a\u5927\u54e5\u597d\u591a\u5e74\u9001\u4e86\u4e00\u767e\u67b6\u98de\u673a......\u3000\u3000\u674e\u51b2\u770b\u7740\u76f4\u64ad\u95f4\u4e00\u8def\u98d8\u7ea2\uff0c\u5634\u89d2\u7f13\u7f13\u7fd8\u8d77\u4e00\u62b9\u5f27\u5ea6\u3002\u3000\u3000****************************************************************\u3000\u3000\u6c42\u6536\u85cf\u3001\u9c9c\u82b1\u3002", "title": "\u76f4\u64ad\u6349\u9b3c\u7cfb\u7edf", "url": "http://www.17k.com/book/2811877.html", "average": -1.0, "cover": "http://img.17k.com/images/bookcover/2018/14059/70/2811877-1523888745000.jpg", "reviews": 38003, "authors": [{"url": "http://www.17k.com/zuozhe/38701448", "name": "\u8840\u8272\u7cbe\u7075"}], "type": ["\u7075\u5f02\u5947\u8c08"], "outlinks": ["http://www.17k.com/book/2794982.html", "http://www.17k.com/book/2801292.html", "http://www.17k.com/book/2816318.html", "http://www.17k.com/book/2797575.html", "http://www.17k.com/book/2802516.html", "http://www.17k.com/book/2812195.html", "http://www.17k.com/book/2820143.html", "http://www.17k.com/book/2807943.html", "http://www.17k.com/book/2813457.html", "http://www.17k.com/book/2798058.html", "http://www.17k.com/book/2815617.html", "http://www.17k.com/book/2805259.html", "http://www.17k.com/book/2760255.html", "http://www.17k.com/book/2686894.html", "http://www.17k.com/book/2797016.html", "http://www.17k.com/book/2767246.html", "http://www.17k.com/book/2764239.html", "http://www.17k.com/book/2754498.html", "http://www.17k.com/book/2754900.html", "http://www.17k.com/book/2625740.html", "http://www.17k.com/book/2213315.html", "http://www.17k.com/book/2402178.html", "http://www.17k.com/book/2691221.html", "http://www.17k.com/book/2210699.html", "http://www.17k.com/book/1797752.html", "http://www.17k.com/book/2575507.html", "http://www.17k.com/book/2705181.html", "http://www.17k.com/book/2702539.html", "http://www.17k.com/book/2474887.html", "http://www.17k.com/book/2674733.html", "http://www.17k.com/book/2822076.html", "http://www.17k.com/book/2809894.html", "http://www.17k.com/book/2822077.html", "http://www.17k.com/book/2811930.html", "http://www.17k.com/book/2815548.html", "http://www.17k.com/book/2819620.html", "http://www.17k.com/book/2809964.html", "http://www.17k.com/book/2808200.html", "http://www.17k.com/book/2820100.html", "http://www.17k.com/book/2822978.html", "http://www.17k.com/book/2804337.html", "http://www.17k.com/book/2798814.html", "http://www.17k.com/book/2785153.html", "http://www.17k.com/book/2731559.html", "http://www.17k.com/book/2722533.html", "http://www.17k.com/book/2458377.html", "http://www.17k.com/book/2743300.html", "http://www.17k.com/book/973809.html", "http://www.17k.com/book/2651367.html", "http://www.17k.com/book/2726194.html", "http://www.17k.com/book/2790214.html", "http://www.17k.com/book/493239.html", "http://www.17k.com/book/108821.html", "http://www.17k.com/book/1398783.html", "http://www.17k.com/book/83528.html", "http://www.17k.com/book/1859126.html", "http://www.17k.com/book/1741975.html", "http://www.17k.com/book/192453.html", "http://www.17k.com/book/2459058.html", "http://www.17k.com/book/1050747.html", "http://www.17k.com/book/2700315.html", "http://www.17k.com/book/2818940.html", "http://www.17k.com/book/2819519.html", "http://www.17k.com/book/2816390.html", "http://www.17k.com/book/2819588.html", "http://www.17k.com/book/2813768.html", "http://www.17k.com/book/2822406.html", "http://www.17k.com/book/2772164.html", "http://www.17k.com/book/2784023.html", "http://www.17k.com/book/2811877.html", "http://www.17k.com/book/2809119.html", "http://www.17k.com/book/2803700.html", "http://www.17k.com/book/2819561.html", "http://www.17k.com/book/2746506.html", "http://www.17k.com/book/2811836.html", "http://www.17k.com/book/2614810.html", "http://www.17k.com/book/1592435.html", "http://www.17k.com/book/1949748.html", "http://www.17k.com/book/2265802.html", "http://www.17k.com/book/2743240.html", "http://www.17k.com/book/2657437.html", "http://www.17k.com/book/2644502.html", "http://www.17k.com/book/2199900.html", "http://www.17k.com/book/2725436.html", "http://www.17k.com/book/2629978.html"]}