{"ratings": -1, "userreviews": [{"userName": "\u5e72\u6587\u6770", "userReviewDate": "2018-03-15", "userURL": "http://user.17k.com/59186564", "userReview": "[\u6253\u8d4f]\u6211\u6253\u8d4f\u4e862\u5143\u7ea2\u5305\uff01\uff01"}, {"userName": "\u674e\u534e994030205", "userReviewDate": "2018-03-14", "userURL": "http://user.17k.com/60392810", "userReview": "[\u6253\u8d4f]\u6211\u6253\u8d4f\u4e862\u5143\u7ea2\u5305\uff01\uff01"}, {"userName": "\u77e5\u8db3\u5e38\u4e50..:", "userReviewDate": "2018-03-04", "userURL": "http://user.17k.com/55999705", "userReview": "[\u6253\u8d4f]\u6211\u6253\u8d4f\u4e862\u5143\u7ea2\u5305\uff01\uff01"}, {"userName": "\u866b\u513f\u975e\u975e", "userReviewDate": "2018-02-11", "userURL": "http://user.17k.com/57550383", "userReview": "[\u6253\u8d4f]\u6211\u6253\u8d4f\u4e861\u5143\u7ea2\u5305\uff01\uff01"}, {"userName": "17K\u4e66\u53cb3X23GRNM", "userReviewDate": "2018-01-28", "userURL": "http://user.17k.com/59634157", "userReview": "[\u6253\u8d4f]\u6211\u6253\u8d4f\u4e862\u5143\u7ea2\u5305\uff01\uff01"}, {"userName": "\u65e0\u6daf\u70fd\u706b", "userReviewDate": "2018-05-01", "userURL": "http://user.17k.com/57415892", "userReview": "\u4f5c\u8005\u662f\u5b81\u590f\u4eba\u5417\uff1f"}, {"userName": "\u300f\u4f60\u6709\u6211\u9738\u6c14\u5417\u300e", "userReviewDate": "2018-04-30", "userURL": "http://user.17k.com/58477753", "userReview": "\u8d5e\u4e00\u4e2a"}, {"userName": "\u5f20\u9e3f\u96c1269600456", "userReviewDate": "2018-04-20", "userURL": "http://user.17k.com/59802247", "userReview": "\u8fd8\u4e0d\u9519\u7684\u5427"}, {"userName": "\u54c6\u5566\u597d\u68a6", "userReviewDate": "2018-04-14", "userURL": "http://user.17k.com/46133631", "userReview": "\u597d\u60f3\u50cf\u5927\u5927\u4f60\u4e00\u6837\u4f18\u79c0"}, {"userName": "\u6708\u843d\u4e4c\u557c\u53f6\u5bd2\u679d", "userReviewDate": "2018-04-07", "userURL": "http://user.17k.com/59916996", "userReview": "\u6211\u624d\u53d1\u73b0\uff0c\u8ddf\u5927\u5927\u5dee\u4e86\u4e00\u4e2a\u5b57~\uff01\u54c8\u54c8~\uff01"}, {"userName": "\u82cf\u79b9\u8f69", "userReviewDate": "2018-04-02", "userURL": "http://user.17k.com/60229409", "userReview": "\u3002\u3002\u3002\u3002\u3002"}, {"userName": "\u5f20\u9e3f\u96c1269600456", "userReviewDate": "2018-03-31", "userURL": "http://user.17k.com/59802247", "userReview": "\u5f88\u597d\u770b\u559c\u6b22"}, {"userName": "u\u5148\u68ee", "userReviewDate": "2018-03-26", "userURL": "http://user.17k.com/60018188", "userReview": "[\u6253\u8d4f]\u6211\u6253\u8d4f\u4e86\u4e00\u4e2a\u5973\u670b\u53cb! !"}, {"userName": "\u5f20\u9e3f\u96c1269600456", "userReviewDate": "2018-03-24", "userURL": "http://user.17k.com/59802247", "userReview": "\u597d\u770b\u7684\u5c0f\u8bf4"}, {"userName": "\u5f20\u9e3f\u96c1269600456", "userReviewDate": "2018-03-21", "userURL": "http://user.17k.com/59802247", "userReview": "\u5987\u770b \u4e0d\u9519"}, {"userName": "\u5f20\u9e3f\u96c1269600456", "userReviewDate": "2018-03-18", "userURL": "http://user.17k.com/59802247", "userReview": "\u633a\u597d\u7684\u5c0f\u8bf4"}, {"userName": "\u674e\u534e994030205", "userReviewDate": "2018-03-17", "userURL": "http://user.17k.com/60392810", "userReview": "[\u6253\u8d4f]\u6211\u6253\u8d4f\u4e868\u5143\u7ea2\u5305\uff01\uff01"}, {"userName": "\u82cd\u751f\u6218\u56fe", "userReviewDate": "2018-03-16", "userURL": "http://user.17k.com/55464633", "userReview": "\u8fd9\u53ef\u662f\u4e00\u672c\u795e\u4e66\u554a"}, {"userName": "\u674e\u534e994030205", "userReviewDate": "2018-03-13", "userURL": "http://user.17k.com/60392810", "userReview": "[\u6253\u8d4f]\u6211\u6253\u8d4f\u4e862\u5143\u7ea2\u5305\uff01\uff01"}, {"userName": "\u6de1\u7b11\u770b\u4eba\u751f", "userReviewDate": "2018-03-13", "userURL": "http://user.17k.com/45473276", "userReview": "<a target='_blank' href='http://www.17k.com/book/1728734.html'>\u300a\u8d5a\u94b1\u8bb0\u300b</a>\u795d\u5927\u5927\u4f5c\u54c1\u5982\u5c71\u6da7\u6e05\u723d\u7684\u98ce\uff0c\u54c1\u8005\u5fc3\u65f7\u795e\u6021\u3002"}], "description": "\u8f8d\u5b66\u56de\u5bb6\u7684\u5c71\u6751\u5c0f\u5b50\uff0c\u5076\u7136\u5f97\u5230\u4e86\u9f99\u738b\u4f20\u627f\uff0c\u672c\u6765\u4ee5\u4e3a\u63a5\u7740\u5c31\u662f\u8d70\u4e0a\u4eba\u751f\u5dc5\u5cf0\uff01\u3000\u3000\u53ef\u662f\u8c01\u66fe\u60f3\u5730\u7403\u5927\u53d8\uff0c\u7075\u6c14\u590d\u82cf\uff0c\u795e\u9b54\u964d\u4e34\u2026\u2026\u3000\u3000\u5e26\u7740\u4e00\u4e2a\u5c0f\u9f99\u738b\u7684\u4f20\u627f\uff0c\u770b\u5c71\u6751\u5c0f\u5b50\u5982\u4f55\u5728\u8fd9\u5927\u4e16\u4e4b\u4e2d\u7ffb\u6c5f\u5012\u6d77\uff01\u3000\u3000\u811a\u8e29\u5404\u8def\u5929\u9a84\uff01\u62f3\u6253\u5f02\u754c\u795e\u9b54\uff01\u3000\u3000\u6211\u5c31\u662f\u90a3\u5929\u5730\u95f4\uff0c\u72ec\u4e00\u65e0\u4e8c\u7684\u771f\u9f99\uff01", "title": "\u771f\u9f99\u7eaa", "url": "http://www.17k.com/book/2746464.html", "average": -1.0, "cover": "http://img.17k.com/images/bookcover/2018/13732/68/2746464-1515983734000.jpg", "reviews": 270797, "authors": [{"url": "http://www.17k.com/zuozhe/37572212", "name": "\u6cd5\u6d77\u9053\u957f"}], "type": ["\u4e1c\u65b9\u7384\u5e7b"], "outlinks": ["http://www.17k.com/book/2794982.html", "http://www.17k.com/book/2801292.html", "http://www.17k.com/book/2816318.html", "http://www.17k.com/book/2797575.html", "http://www.17k.com/book/2802516.html", "http://www.17k.com/book/2812195.html", "http://www.17k.com/book/2820143.html", "http://www.17k.com/book/2807943.html", "http://www.17k.com/book/2813457.html", "http://www.17k.com/book/2798058.html", "http://www.17k.com/book/2815617.html", "http://www.17k.com/book/2805259.html", "http://www.17k.com/book/2760255.html", "http://www.17k.com/book/2686894.html", "http://www.17k.com/book/2797016.html", "http://www.17k.com/book/2767246.html", "http://www.17k.com/book/2764239.html", "http://www.17k.com/book/2754498.html", "http://www.17k.com/book/2754900.html", "http://www.17k.com/book/2625740.html", "http://www.17k.com/book/2213315.html", "http://www.17k.com/book/2402178.html", "http://www.17k.com/book/2691221.html", "http://www.17k.com/book/2210699.html", "http://www.17k.com/book/1797752.html", "http://www.17k.com/book/2575507.html", "http://www.17k.com/book/2705181.html", "http://www.17k.com/book/2702539.html", "http://www.17k.com/book/2474887.html", "http://www.17k.com/book/2674733.html", "http://www.17k.com/book/2822076.html", "http://www.17k.com/book/2809894.html", "http://www.17k.com/book/2822077.html", "http://www.17k.com/book/2811930.html", "http://www.17k.com/book/2815548.html", "http://www.17k.com/book/2819620.html", "http://www.17k.com/book/2809964.html", "http://www.17k.com/book/2808200.html", "http://www.17k.com/book/2820100.html", "http://www.17k.com/book/2822978.html", "http://www.17k.com/book/2804337.html", "http://www.17k.com/book/2798814.html", "http://www.17k.com/book/2785153.html", "http://www.17k.com/book/2731559.html", "http://www.17k.com/book/2722533.html", "http://www.17k.com/book/2458377.html", "http://www.17k.com/book/2743300.html", "http://www.17k.com/book/973809.html", "http://www.17k.com/book/2651367.html", "http://www.17k.com/book/2726194.html", "http://www.17k.com/book/2790214.html", "http://www.17k.com/book/493239.html", "http://www.17k.com/book/108821.html", "http://www.17k.com/book/1398783.html", "http://www.17k.com/book/83528.html", "http://www.17k.com/book/1859126.html", "http://www.17k.com/book/1741975.html", "http://www.17k.com/book/192453.html", "http://www.17k.com/book/2459058.html", "http://www.17k.com/book/1050747.html", "http://www.17k.com/book/2700315.html", "http://www.17k.com/book/2818940.html", "http://www.17k.com/book/2819519.html", "http://www.17k.com/book/2816390.html", "http://www.17k.com/book/2819588.html", "http://www.17k.com/book/2813768.html", "http://www.17k.com/book/2822406.html", "http://www.17k.com/book/2772164.html", "http://www.17k.com/book/2784023.html", "http://www.17k.com/book/2811877.html", "http://www.17k.com/book/2809119.html", "http://www.17k.com/book/2803700.html", "http://www.17k.com/book/2819561.html", "http://www.17k.com/book/2746506.html", "http://www.17k.com/book/2811836.html", "http://www.17k.com/book/2614810.html", "http://www.17k.com/book/1592435.html", "http://www.17k.com/book/1949748.html", "http://www.17k.com/book/2265802.html", "http://www.17k.com/book/2743240.html", "http://www.17k.com/book/2657437.html", "http://www.17k.com/book/2644502.html", "http://www.17k.com/book/2199900.html", "http://www.17k.com/book/2725436.html", "http://www.17k.com/book/2629978.html"]}