{"ratings": -1, "userreviews": [{"userName": "\u677e\u5148\u751f", "userReviewDate": "2012-05-13", "userURL": "http://user.17k.com/9665897", "userReview": "\u867d\u7136\u6211\u662f\u6765\u505a\u5ba3\u4f20\u7684\uff0c\u4f46\u6211\u8fd8\u662f\u5f88\u8ba4\u771f\u7684\u770b\u4e86\u4f60\u7684\u6587\u7ae0\uff0c\u5199\u5f97\u633a\u6709\u610f\u601d\u7684\uff0c\u4e00\u5b9a\u8981\u575a\u6301\uff0c\u52a0\u6cb9\u554a\uff01\u8c22\u5148\u751f\u2014\u2014\u300a\u8150\u5c38\u5927\u8054\u76df\u300b\u2014http://www.17k.com/book/322409.html \r\n "}], "description": "\u4e00\u4e2a\u666e\u901a\u7684\u5927\u5b66\u751f\uff0c\u5728\u56de\u5bb6\u7684\u8def\u4e0a\u53d1\u751f\u610f\u5916\uff0c\u4e0d\u5e78\u91cd\u4f24\u8eab\u4ea1\u2026\u2026\u3000\u3000\u8fdb\u5165\u9634\u95f4\u7684\u4ed6\uff0c\u56e0\u67d0\u79cd\u539f\u56e0\uff0c\u5f97\u5230\u4e86\u960e\u7f57\u738b\u7684\u7279\u8d66\uff0c\u83b7\u5f97\u4e86\u518d\u6b21\u8fd4\u56de\u4eba\u95f4\u7684\u673a\u4f1a\u2026\u2026\u3000\u3000PS\uff1a\u77ed\u7bc7\u3001\u4e0d\u600e\u4e48\u6050\u6016\u7684\u7075\u5f02\u5c0f\u8bf4\u2026\u2026", "title": "\u77ed\u7bc7\u5730\u72f1\u5c11\u5973", "url": "http://www.17k.com/book/322442.html", "average": -1.0, "cover": "http://img.17k.com/images/bookcover/default_cover1.jpg", "reviews": 7326, "authors": [{"url": "http://www.17k.com/zuozhe/7690549", "name": "\u98ce\u6708\u5c45\u58eb"}], "type": ["\u7075\u5f02\u5947\u8c08"], "outlinks": ["http://www.17k.com/book/2794982.html", "http://www.17k.com/book/2801292.html", "http://www.17k.com/book/2816318.html", "http://www.17k.com/book/2797575.html", "http://www.17k.com/book/2802516.html", "http://www.17k.com/book/2812195.html", "http://www.17k.com/book/2820143.html", "http://www.17k.com/book/2807943.html", "http://www.17k.com/book/2813457.html", "http://www.17k.com/book/2798058.html", "http://www.17k.com/book/2815617.html", "http://www.17k.com/book/2805259.html", "http://www.17k.com/book/2760255.html", "http://www.17k.com/book/2686894.html", "http://www.17k.com/book/2797016.html", "http://www.17k.com/book/2767246.html", "http://www.17k.com/book/2764239.html", "http://www.17k.com/book/2754498.html", "http://www.17k.com/book/2754900.html", "http://www.17k.com/book/2625740.html", "http://www.17k.com/book/2213315.html", "http://www.17k.com/book/2402178.html", "http://www.17k.com/book/2691221.html", "http://www.17k.com/book/2210699.html", "http://www.17k.com/book/1797752.html", "http://www.17k.com/book/2575507.html", "http://www.17k.com/book/2705181.html", "http://www.17k.com/book/2702539.html", "http://www.17k.com/book/2474887.html", "http://www.17k.com/book/2674733.html", "http://www.17k.com/book/2822076.html", "http://www.17k.com/book/2809894.html", "http://www.17k.com/book/2822077.html", "http://www.17k.com/book/2811930.html", "http://www.17k.com/book/2815548.html", "http://www.17k.com/book/2819620.html", "http://www.17k.com/book/2809964.html", "http://www.17k.com/book/2808200.html", "http://www.17k.com/book/2820100.html", "http://www.17k.com/book/2822978.html", "http://www.17k.com/book/2804337.html", "http://www.17k.com/book/2798814.html", "http://www.17k.com/book/2785153.html", "http://www.17k.com/book/2731559.html", "http://www.17k.com/book/2722533.html", "http://www.17k.com/book/2458377.html", "http://www.17k.com/book/2743300.html", "http://www.17k.com/book/973809.html", "http://www.17k.com/book/2651367.html", "http://www.17k.com/book/2726194.html", "http://www.17k.com/book/2790214.html", "http://www.17k.com/book/493239.html", "http://www.17k.com/book/108821.html", "http://www.17k.com/book/1398783.html", "http://www.17k.com/book/83528.html", "http://www.17k.com/book/1859126.html", "http://www.17k.com/book/1741975.html", "http://www.17k.com/book/192453.html", "http://www.17k.com/book/2459058.html", "http://www.17k.com/book/1050747.html", "http://www.17k.com/book/2700315.html", "http://www.17k.com/book/2818940.html", "http://www.17k.com/book/2819519.html", "http://www.17k.com/book/2816390.html", "http://www.17k.com/book/2819588.html", "http://www.17k.com/book/2813768.html", "http://www.17k.com/book/2822406.html", "http://www.17k.com/book/2772164.html", "http://www.17k.com/book/2784023.html", "http://www.17k.com/book/2811877.html", "http://www.17k.com/book/2809119.html", "http://www.17k.com/book/2803700.html", "http://www.17k.com/book/2819561.html", "http://www.17k.com/book/2746506.html", "http://www.17k.com/book/2811836.html", "http://www.17k.com/book/2614810.html", "http://www.17k.com/book/1592435.html", "http://www.17k.com/book/1949748.html", "http://www.17k.com/book/2265802.html", "http://www.17k.com/book/2743240.html", "http://www.17k.com/book/2657437.html", "http://www.17k.com/book/2644502.html", "http://www.17k.com/book/2199900.html", "http://www.17k.com/book/2725436.html", "http://www.17k.com/book/2629978.html"]}