{"ratings": -1, "userreviews": [{"userName": "\u7f57\u68ee\u672c\u5c0a", "userReviewDate": "2015-12-22", "userURL": "http://user.17k.com/42477667", "userReview": "\u5e7f\u544a\u8bf7\u5728\u672c\u697c\u8ddf\u8d34\uff0c\u53d1\u5728\u5916\u9762\u7684\u4e00\u5f8b\u5220\u9664\u3002\u611f\u8c22\u5404\u4f4d\u4f5c\u8005\u5927\u5927\u652f\u6301\uff01\u795d\u4f60\u4eec\u9a6c\u4e0a\u6210\u529f\uff0c\u98db\u9ec3\u9a30\u9054\uff01 p.s \u9644\u767e\u5b57\u4ee5\u4e0a\u5287\u60c5\u76f8\u95dc\u6562\u8a00\u7684\uff0c\u4e0d\u7b97\u5ee3\u544a\u3002"}, {"userName": "\u5929\u7a7aEVIL", "userReviewDate": "2015-12-12", "userURL": "http://user.17k.com/43583613", "userReview": "\u3010\u5b9e\u4f53\u4e66\u76f8\u5173\u3011\u2014\u2014\u788e\u661f\u7269\u8bed\u6e29\u53bb\u75c5\u3001\u9f99\u4e91\u513f\u4e24\u5927\u89d2\u8272\u4eba\u8bbe\u516c\u5e03\uff08\u8f6c\u81ea\u53f0\u6e7e\u76d6\u4e9a\uff09\u3002\u76ee\u524d\u5728\u4e66\u7fa4\u3001\u5fae\u535a\u3001\u8d34\u5427\u7686\u6709\u539f\u56fe\u3002 \u60f3\u8fdb\u4e00\u6b65\u4e86\u89e3\u76f8\u5173\u60c5\u51b5\u7684\u8bfb\u8005\uff0c\u8bf7\u52a0\u5165\u5b98\u65b9\u7fa4\uff1a 173258214 \u3002\u66f4\u591a\u7cbe\u5f69\u7206\u6599\uff5e\uff5e \u540c\u65f6\u4e5f\u53ef\u5173\u6ce8\u4f5c\u8005\u5fae\u535a\uff0c\u788e\u661f\u7269\u8bed\u767e\u5ea6\u8d34\u5427\uff0c\u4e3a\u60a8\u5373\u65f6\u5949\u4e0a\u5404\u79cd\u65b0\u52a8\u5411\u3002"}, {"userName": "\u5929\u5411\u604b\u661f", "userReviewDate": "2018-06-07", "userURL": "http://user.17k.com/62591510", "userReview": "\u7f57\u5927\uff0c\u4f60\u7684\u4e66\u8fd8\u662f\u6731\u989c\u8840\u548c**\u6700\u5e26\u52b2\u513f\u3002 \u5f53\u521d\u6211\u770b\u5f97\u65f6\u5019 \u611f\u89c9\u6574\u4e2a\u4eba\u7684\u601d\u60f3\u7684\u90fd\u5347\u534e\u4e86\u3002\u4e00\u4e0b\u5b50\u6210\u719f\u4e8610\u5c81\u3002"}, {"userName": "\u9274\u6768\u8776", "userReviewDate": "2018-06-06", "userURL": "http://user.17k.com/41878808", "userReview": "ok"}, {"userName": "RRPLWB", "userReviewDate": "2018-06-05", "userURL": "http://user.17k.com/43903604", "userReview": "\u67f4\u5200\u7ed3\u5c40\u9884\u5b9a"}, {"userName": "\u5c0f\u5c0f151023", "userReviewDate": "2018-06-04", "userURL": "http://user.17k.com/43605316", "userReview": "111111"}, {"userName": "noahkuo", "userReviewDate": "2018-06-04", "userURL": "http://user.17k.com/43628243", "userReview": "[\u6253\u8d4f]\u6211\u6253\u8d4f\u4e868\u5143\u7ea2\u5305\uff01\uff01"}, {"userName": "mpwjdj", "userReviewDate": "2018-06-04", "userURL": "http://user.17k.com/17339813", "userReview": "[\u6253\u8d4f]\u6211\u6253\u8d4f\u4e8635\u5143\u7ea2\u5305\uff01\uff01"}, {"userName": "\u8d64\u7130cloud", "userReviewDate": "2018-06-04", "userURL": "http://user.17k.com/43617080", "userReview": "[\u6253\u8d4f]\u6211\u6253\u8d4f\u4e861\u4e2a'\u9e21\u8840'\uff01\uff01"}, {"userName": "\u533f\u540d17K688267615578726", "userReviewDate": "2018-06-04", "userURL": "http://user.17k.com/10580751", "userReview": "[\u6253\u8d4f]\u6211\u6253\u8d4f\u4e862\u5143\u7ea2\u5305\uff01\uff01"}, {"userName": "\u91d1\u732a\u94f6\u73e0", "userReviewDate": "2018-06-04", "userURL": "http://user.17k.com/46857548", "userReview": "[\u6253\u8d4f]\u6211\u6253\u8d4f\u4e862\u5143\u7ea2\u5305\uff01\uff01"}, {"userName": "bigriver123456", "userReviewDate": "2018-06-04", "userURL": "http://user.17k.com/52833399", "userReview": "[\u6253\u8d4f]\u6211\u6253\u8d4f\u4e861\u4e2a'\u5c0f\u5fc3\u5fc3'\uff01\uff01"}, {"userName": "17k\u4e66\u53cb9h2a0ruq1", "userReviewDate": "2018-06-04", "userURL": "http://user.17k.com/62016291", "userReview": "[\u6253\u8d4f]\u6211\u6253\u8d4f\u4e861\u4e2a'\u5c0f\u5fc3\u5fc3'\uff01\uff01"}, {"userName": "\u5c0f\u5c0f151023", "userReviewDate": "2018-06-04", "userURL": "http://user.17k.com/43605316", "userReview": "[\u6253\u8d4f]\u6211\u6253\u8d4f\u4e861\u4e2a'\u5c0f\u5fc3\u5fc3'\uff01\uff01"}, {"userName": "17k\u4e66\u53cbtx01hcbgu", "userReviewDate": "2018-06-04", "userURL": "http://user.17k.com/62514639", "userReview": "[\u6253\u8d4f]\u6211\u6253\u8d4f\u4e861\u4e2a'\u5c0f\u5fc3\u5fc3'\uff01\uff01"}, {"userName": "\u9ad8\u6d2a\u5cf0", "userReviewDate": "2018-06-04", "userURL": "http://user.17k.com/46704059", "userReview": "[\u6253\u8d4f]\u6211\u6253\u8d4f\u4e864\u5143\u7ea2\u5305\uff01\uff01"}, {"userName": "Alucard_Zheng", "userReviewDate": "2018-06-04", "userURL": "http://user.17k.com/47641156", "userReview": "[\u6253\u8d4f]\u6211\u6253\u8d4f\u4e8688\u5143\u7ea2\u5305\uff01\uff01"}, {"userName": "Alesha", "userReviewDate": "2018-06-04", "userURL": "http://user.17k.com/47613463", "userReview": "[\u6253\u8d4f]\u6211\u6253\u8d4f\u4e861\u4e2a'\u5c0f\u5fc3\u5fc3'\uff01\uff01"}, {"userName": "WAPFFC2A", "userReviewDate": "2018-06-04", "userURL": "http://user.17k.com/43753914", "userReview": "[\u6253\u8d4f]\u6211\u6253\u8d4f\u4e862\u5143\u7ea2\u5305\uff01\uff01"}, {"userName": "17k\u4e66\u53cbkztobzskg", "userReviewDate": "2018-06-04", "userURL": "http://user.17k.com/62016272", "userReview": "[\u6253\u8d4f]\u6211\u6253\u8d4f\u4e861\u4e2a'\u5c0f\u5fc3\u5fc3'\uff01\uff01"}], "description": "\u7537\u513f\u6709\u5fd7\uff0c\u98ce\u4e91\u518d\u8d77\uff0c\u571f\u9e21\u74e6\u72d7\uff0c\u7686\u53ef\u788e\u661f\u3002\u3000\u3000\u767e\u65cf\u5927\u6218\u540e\uff0c\u6218\u4e89\u82f1\u96c4\u300c\u788e\u661f\u56e2\u300d\u88ab\u8bec\u9677\u4e3a\u4eba\u65cf\u53db\u5f92\uff0c\u906d\u6574\u8083\u800c\u8986\u706d\uff0c\u4e00\u5207\u771f\u76f8\uff0c\u90fd\u57cb\u85cf\u5728\u4e07\u91cc\u6c99\u6d77\u7684\u6eda\u6eda\u9ec4\u6c99\u4e4b\u4e0b\u3002\u3000\u3000\u516d\u5e74\u4e4b\u540e\uff0c\u5974\u96b6\u5546\u4eba\u6e29\u53bb\u75c5\uff0c\u4ee5[\u6e29\u5265\u76ae]\u7684\u9f0e\u9f0e\u5927\u540d\u5d1b\u8d77\u4e8e\u4e16\uff0c\u4e13\u95e8\u4ece\u4e8b\u730e\u6740\u788e\u661f\u56e2\u6b8b\u515a\u7684\u5de5\u4f5c\uff0c\u4f46\u5176\u80cc\u540e\uff0c\u5374\u9690\u85cf\u7740\u4e0d\u4e3a\u4eba\u77e5\u7684\u79d8\u5bc6\u2026\u2026\u3000\u3000\u5c01\u795e\u65e7\u5740\uff0c\u788e\u661f\u9057\u85cf\uff0c\u9f99\u65cf\u5c11\u5973\uff0c\u9b54\u795e\u964d\u4e34\uff0c\u5f53\u8fd9\u4e00\u5207\u4ea4\u6c47\u4e4b\u65f6\uff0c\u65b0\u7684\u4f20\u5947\uff0c\u5373\u5c06\u62c9\u5f00\u5e37\u5e55\u3002", "title": "\u788e\u661f\u7269\u8bed", "url": "http://www.17k.com/book/1352782.html", "average": -1.0, "cover": "http://img.17k.com/images/bookcover/2015/6763/33/1352782-1446434198000.jpg", "reviews": 31901274, "authors": [{"url": "http://www.17k.com/zuozhe/42477667", "name": "\u7f57\u68ee"}], "type": ["\u5f02\u754c\u5927\u9646"], "outlinks": ["http://www.17k.com/book/2794982.html", "http://www.17k.com/book/2801292.html", "http://www.17k.com/book/2816318.html", "http://www.17k.com/book/2797575.html", "http://www.17k.com/book/2802516.html", "http://www.17k.com/book/2812195.html", "http://www.17k.com/book/2820143.html", "http://www.17k.com/book/2807943.html", "http://www.17k.com/book/2813457.html", "http://www.17k.com/book/2798058.html", "http://www.17k.com/book/2815617.html", "http://www.17k.com/book/2805259.html", "http://www.17k.com/book/2760255.html", "http://www.17k.com/book/2686894.html", "http://www.17k.com/book/2797016.html", "http://www.17k.com/book/2767246.html", "http://www.17k.com/book/2764239.html", "http://www.17k.com/book/2754498.html", "http://www.17k.com/book/2754900.html", "http://www.17k.com/book/2625740.html", "http://www.17k.com/book/2213315.html", "http://www.17k.com/book/2402178.html", "http://www.17k.com/book/2691221.html", "http://www.17k.com/book/2210699.html", "http://www.17k.com/book/1797752.html", "http://www.17k.com/book/2575507.html", "http://www.17k.com/book/2705181.html", "http://www.17k.com/book/2702539.html", "http://www.17k.com/book/2474887.html", "http://www.17k.com/book/2674733.html", "http://www.17k.com/book/2822076.html", "http://www.17k.com/book/2809894.html", "http://www.17k.com/book/2822077.html", "http://www.17k.com/book/2811930.html", "http://www.17k.com/book/2815548.html", "http://www.17k.com/book/2819620.html", "http://www.17k.com/book/2809964.html", "http://www.17k.com/book/2808200.html", "http://www.17k.com/book/2820100.html", "http://www.17k.com/book/2822978.html", "http://www.17k.com/book/2804337.html", "http://www.17k.com/book/2798814.html", "http://www.17k.com/book/2785153.html", "http://www.17k.com/book/2731559.html", "http://www.17k.com/book/2722533.html", "http://www.17k.com/book/2458377.html", "http://www.17k.com/book/2743300.html", "http://www.17k.com/book/973809.html", "http://www.17k.com/book/2651367.html", "http://www.17k.com/book/2726194.html", "http://www.17k.com/book/2790214.html", "http://www.17k.com/book/493239.html", "http://www.17k.com/book/108821.html", "http://www.17k.com/book/1398783.html", "http://www.17k.com/book/83528.html", "http://www.17k.com/book/1859126.html", "http://www.17k.com/book/1741975.html", "http://www.17k.com/book/192453.html", "http://www.17k.com/book/2459058.html", "http://www.17k.com/book/1050747.html", "http://www.17k.com/book/2700315.html", "http://www.17k.com/book/2818940.html", "http://www.17k.com/book/2819519.html", "http://www.17k.com/book/2816390.html", "http://www.17k.com/book/2819588.html", "http://www.17k.com/book/2813768.html", "http://www.17k.com/book/2822406.html", "http://www.17k.com/book/2772164.html", "http://www.17k.com/book/2784023.html", "http://www.17k.com/book/2811877.html", "http://www.17k.com/book/2809119.html", "http://www.17k.com/book/2803700.html", "http://www.17k.com/book/2819561.html", "http://www.17k.com/book/2746506.html", "http://www.17k.com/book/2811836.html", "http://www.17k.com/book/2614810.html", "http://www.17k.com/book/1592435.html", "http://www.17k.com/book/1949748.html", "http://www.17k.com/book/2265802.html", "http://www.17k.com/book/2743240.html", "http://www.17k.com/book/2657437.html", "http://www.17k.com/book/2644502.html", "http://www.17k.com/book/2199900.html", "http://www.17k.com/book/2725436.html", "http://www.17k.com/book/2629978.html"]}