{"ratings": -1, "userreviews": [{"userName": "\u4f55\u5b87\u743c", "userReviewDate": "2015-04-23", "userURL": "http://user.17k.com/38998719", "userReview": "\u4f60\u597d\uff0c\u590d\u4ec7\uff0c\u770b\u4e86\u4f60\u7684\u5c0f\u8bf4\u5929\u5929\u8ffd\u968f\uff0c\u786e\u5b9e\u5199\u5f97\u5f88\u4e0d\u9519\uff0c\u4f46\u6211\u6709\u4e2a\u95ee\u9898\uff0c\u4f60\u6240\u6709\u7684\u90a3\u4e9b\u75c5\u75c7\u533b\u6848\u662f\u6709\u771f\u5b9e\u4f8b\u5b50\u5417\uff1f\u8fd8\u662f\u4f60\u672c\u8eab\u61c2\u4e9b\u4e2d\u533b\u7f16\u7684\uff1f\u6211\u662f\u4e2d\u533b\u7231\u597d\u8005\uff0c\u4f60\u7684\u5927\u90e8\u5206\u533b\u6848\u6211\u90fd\u6458\u6284\u4e0b\u6765\uff0c\u5c31\u662f\u60f3\u95ee\u60a8\u662f\u4e2d\u533b\u5e08\u5417\uff1f"}, {"userName": "\u8d85\u8d8a\u5927\u795e", "userReviewDate": "2014-07-13", "userURL": "http://user.17k.com/2333850", "userReview": "<span style='color:red'>\u610f\u89c1\u697c\uff01</span>"}, {"userName": "\u8d85\u8d8a\u5927\u795e", "userReviewDate": "2014-07-13", "userURL": "http://user.17k.com/2333850", "userReview": "<span style='color:red'>\u5e7f\u544a\u697c\u3002</span>"}, {"userName": "\u6e05\u795e977707248", "userReviewDate": "2018-06-04", "userURL": "http://user.17k.com/56613172", "userReview": "\u3002\u3002\u3002\u3002\u3002\u3002\u3002"}, {"userName": "17k\u4e66\u53cbzcrpo1tzf", "userReviewDate": "2018-06-01", "userURL": "http://user.17k.com/62143042", "userReview": "\u4e3a\u4ec0\u4e48\u6bcf\u6b21\u66f4\u65b0\u5c31\u4e00\u7ae0\uff0c\u8981\u7ea2\u5305\u5417"}, {"userName": "17k\u4e66\u53cbzcrpo1tzf", "userReviewDate": "2018-05-24", "userURL": "http://user.17k.com/62143042", "userReview": "\u80fd\u4e0d\u80fd\u66f4\u65b0\u7684\u65f6\u95f4\u51c6\u70b9\u554a"}, {"userName": "17k\u4e66\u53cbsmjfzvmzk", "userReviewDate": "2018-05-22", "userURL": "http://user.17k.com/62071380", "userReview": "[\u6253\u8d4f]\u6211\u6253\u8d4f\u4e862\u5143\u7ea2\u5305\uff01\uff01"}, {"userName": "17K\u4e66\u53cbCEBLPUYL", "userReviewDate": "2018-05-21", "userURL": "http://user.17k.com/61788025", "userReview": "\u5199\u7684\u5f88\u597d\uff0c\u5411\u4e66\u53cb\u4eec\u63a8\u8350\u4e00\u672c\u65b0\u4e66\uff0c<a target='_blank' href='http://www.17k.com/book/2824402.html'>\u300a\u51a5\u5e1d\u5a07\u59bb\u795e\u6765\u5ba0\u300b</a>\u8fd9\u662f\u65b0\u4eba\u65b0\u4e66"}, {"userName": "\u8349\u539f\u72fc770", "userReviewDate": "2018-05-19", "userURL": "http://user.17k.com/1489089", "userReview": "\u4e2d\u533b\u590d\u82cf\uff0c\u53ef\u4eb2\u53ef\u656c\uff01\u652f\u6301"}, {"userName": "K\u5c0f\u5f00", "userReviewDate": "2018-05-13", "userURL": "http://user.17k.com/58509881", "userReview": "\u4eca\u5929\u6bcd\u4eb2\u8282\uff0c\u5f00\u9633\u5728\u6b64\u795d\u613f\uff0c\u5929\u4e0b\u7684\u6bcd\u4eb2\u5065\u5eb7\u5409\u7965\uff01\u795d\u613f\u5927\u5927\u7684\u6bcd\u4eb2\u5927\u4eba\uff0c\u559c\u4e50\u5b89\u5eb7\uff01\u5927\u5927\u5982\u679c\u95f2\u6687\uff0c\u56de\u5934\u6307\u70b9\u4e00\u4e8c\uff0c\u611f\u6fc0\u4e0d\u5c3d\uff01"}, {"userName": "hangong", "userReviewDate": "2018-05-07", "userURL": "http://user.17k.com/15794366", "userReview": "\u6211\u5df2\u5f00\u901a\u5305\u6708\u4e00\u5e74\uff0c\u4e3a\u4ec0\u4e48\u8fd8\u4e0d\u80fd\u770b\u4e66\uff1f\uff01"}, {"userName": "17k\u4e66\u53cbfzeppgx5o", "userReviewDate": "2018-05-05", "userURL": "http://user.17k.com/61516883", "userReview": "[\u6253\u8d4f]\u6211\u6253\u8d4f\u4e862\u5143\u7ea2\u5305\uff01\uff01"}, {"userName": "17k\u4e66\u53cbgrb1b3ve9", "userReviewDate": "2018-05-03", "userURL": "http://user.17k.com/61468674", "userReview": "[\u6253\u8d4f]\u6211\u6253\u8d4f\u4e862\u5143\u7ea2\u5305\uff01\uff01"}, {"userName": "\u966a\u4f34\u662f\u6700\u957f\u60c5\u7684\u544a\u767d\u3002698799416", "userReviewDate": "2018-05-03", "userURL": "http://user.17k.com/55087505", "userReview": "\u80fd\u4e0d\u80fd\u522b\u8001\u662f\u4e5f\u5c31\u8981"}, {"userName": "WX@1478816919302", "userReviewDate": "2018-04-30", "userURL": "http://user.17k.com/51158065", "userReview": "[\u6253\u8d4f]\u6211\u6253\u8d4f\u4e868\u5143\u7ea2\u5305\uff01\uff01"}, {"userName": "17K\u4e66\u53cbgjlzf8fg", "userReviewDate": "2018-04-05", "userURL": "http://user.17k.com/58617447", "userReview": "[\u6253\u8d4f]\u6211\u6253\u8d4f\u4e861\u4e2a'\u5c0f\u5fc3\u5fc3'\uff01\uff01"}, {"userName": "17K\u4e66\u53cbgjlzf8fg", "userReviewDate": "2018-04-05", "userURL": "http://user.17k.com/58617447", "userReview": "[\u6253\u8d4f]\u6211\u6253\u8d4f\u4e862\u5143\u7ea2\u5305\uff01\uff01"}, {"userName": "17K\u4e66\u53cb3ra994y2", "userReviewDate": "2018-04-04", "userURL": "http://user.17k.com/56628134", "userReview": "[\u6253\u8d4f]\u6211\u6253\u8d4f\u4e861\u4e2a'\u5c0f\u5fc3\u5fc3'\uff01\uff01"}, {"userName": "138861****", "userReviewDate": "2018-03-31", "userURL": "http://user.17k.com/17235839", "userReview": "2017\u5e74\u5230\u4e86\u4e94\u4edf\u591a\u7ae0\u600e\u4e48\u73b0\u5728\u53c8\u56de\u5230\u4e863\u5343\u591a\u7ae0"}, {"userName": "17K\u4e66\u53cbjy89x0gx", "userReviewDate": "2018-03-24", "userURL": "http://user.17k.com/60505448", "userReview": "[\u6253\u8d4f]\u6211\u6253\u8d4f\u4e862\u5143\u7ea2\u5305\uff01\uff01"}], "description": "\u53f6\u6668\uff0c\u81ea\u5e7c\u8ddf\u8001\u4e2d\u533b\u5b66\u533b\u3002\u4e3a\u4e86\u6cbb\u75c5\u6551\u4eba\uff0c\u4ed6\u4ece\u5c0f\u5c71\u6751\u6765\u5230\u4e86\u7e41\u534e\u5927\u90fd\u5e02\u3002\u4ee5\u4e00\u8eab\u7edd\u5b66\u5999\u624b\u65bd\u6625\uff0c\u533b\u6cbb\u75c5\u4eba\u65e0\u6570\u3002\u3000\u3000\u540d\u4eba\u767d\u9886\u3001\u5bcc\u5546\u6743\u8d35\u3001\u5404\u56fd\u653f\u8981\u3001\u738b\u5ba4\u6210\u5458\u6155\u540d\u800c\u6765\uff0c\u6210\u4e3a\u53f6\u6668\u7684\u95e8\u4e0b\u6c42\u533b\u8005\u3002\u9ed1\u9053\u5343\u91d1\u3001\u7f8e\u8273\u5fa1\u59d0\u3001\u540d\u95e8\u6dd1\u5973\u3001\u5f02\u57df\u5996\u5a06\uff0c\u5979\u4eec\u56f4\u7ed5\u5728\u53f6\u6668\u8eab\u8fb9\uff0c\u53c8\u4f1a\u53d1\u751f\u600e\u6837\u66a7\u6627\u7684\u6545\u4e8b\uff1f\u3000\u3000\u4e2d\u533b\u8870\u843d\uff0c\u897f\u533b\u76db\u884c\uff0c\u5177\u6709\u6781\u5f3a\u5b9e\u7528\u4ef7\u503c\u7684\u4e2d\u533b\u4e0d\u88ab\u897f\u533b\u6240\u63a5\u53d7\uff0c\u88ab\u79f0\u4e4b\u4e3a\u2018\u5deb\u672f\u2019\uff0c\u4e2d\u533b\u51fa\u8eab\u7684\u53f6\u6668\u5e94\u5f53\u5982\u4f55\u53cd\u51fb\uff1f\u3000\u3000\u4f24\u5bd2\u5b66\u6d3e\uff0c\u5343\u91d1\u5b66\u6d3e\uff0c\u653b\u90aa\u5b66\u6d3e\uff0c\u5c40\u65b9\u5b66\u6d3e\uff0c\u6e29\u8865\u5b66\u6d3e\uff0c\u6e29\u75c5\u5b66\u6d3e\uff0c\u6c47\u901a\u5b66\u6d3e\uff0c\u4e03\u5927\u4e2d\u533b\u5b66\u6d41\u6d3e\uff0c\u5404\u6301\u7edd\u5b66\u9f50\u805a\u4e0a\u6d77\uff0c\u6587\u65e0\u7b2c\u4e00\uff0c\u533b\u65e0\u7b2c\u4e8c\uff0c\u8c01\u662f\u4e2d\u533b\u6b63\u7edf\uff1f\u3000\u3000\u5f53\u4e0d\u4fd7\u7684\u8d44\u8d28\u548c\u52e4\u594b\u7684\u53f6\u6668\uff0c\u96c6\u5408\u5404\u5927\u53e4\u4e2d\u533b\u548c\u4fee\u771f\u5bc6\u6cd5\u7edd\u6280\uff0c\u9891\u4e34\u5931\u4f20\u7684\u4e2d\u533b\u754c\uff0c\u4fbf\u6709\u4e86\u4e00\u4e2a\u795e\u533b\u9ad8\u624b\u7684\u4f20\u8bf4\u3002", "title": "\u795e\u533b\u9ad8\u624b\u5728\u90fd\u5e02", "url": "http://www.17k.com/book/908353.html", "average": -1.0, "cover": "http://img.17k.com/images/bookcover/2014/4541/22/908353-1404444466000.jpg", "reviews": 60683771, "authors": [{"url": "http://www.17k.com/zuozhe/2333850", "name": "\u590d\u4ec7"}], "type": ["\u90fd\u5e02\u5f02\u80fd"], "outlinks": ["http://www.17k.com/book/2794982.html", "http://www.17k.com/book/2801292.html", "http://www.17k.com/book/2816318.html", "http://www.17k.com/book/2797575.html", "http://www.17k.com/book/2802516.html", "http://www.17k.com/book/2812195.html", "http://www.17k.com/book/2820143.html", "http://www.17k.com/book/2807943.html", "http://www.17k.com/book/2813457.html", "http://www.17k.com/book/2798058.html", "http://www.17k.com/book/2815617.html", "http://www.17k.com/book/2805259.html", "http://www.17k.com/book/2760255.html", "http://www.17k.com/book/2686894.html", "http://www.17k.com/book/2797016.html", "http://www.17k.com/book/2767246.html", "http://www.17k.com/book/2764239.html", "http://www.17k.com/book/2754498.html", "http://www.17k.com/book/2754900.html", "http://www.17k.com/book/2625740.html", "http://www.17k.com/book/2213315.html", "http://www.17k.com/book/2402178.html", "http://www.17k.com/book/2691221.html", "http://www.17k.com/book/2210699.html", "http://www.17k.com/book/1797752.html", "http://www.17k.com/book/2575507.html", "http://www.17k.com/book/2705181.html", "http://www.17k.com/book/2702539.html", "http://www.17k.com/book/2474887.html", "http://www.17k.com/book/2674733.html", "http://www.17k.com/book/2822076.html", "http://www.17k.com/book/2809894.html", "http://www.17k.com/book/2822077.html", "http://www.17k.com/book/2811930.html", "http://www.17k.com/book/2815548.html", "http://www.17k.com/book/2819620.html", "http://www.17k.com/book/2809964.html", "http://www.17k.com/book/2808200.html", "http://www.17k.com/book/2820100.html", "http://www.17k.com/book/2822978.html", "http://www.17k.com/book/2804337.html", "http://www.17k.com/book/2798814.html", "http://www.17k.com/book/2785153.html", "http://www.17k.com/book/2731559.html", "http://www.17k.com/book/2722533.html", "http://www.17k.com/book/2458377.html", "http://www.17k.com/book/2743300.html", "http://www.17k.com/book/973809.html", "http://www.17k.com/book/2651367.html", "http://www.17k.com/book/2726194.html", "http://www.17k.com/book/2790214.html", "http://www.17k.com/book/493239.html", "http://www.17k.com/book/108821.html", "http://www.17k.com/book/1398783.html", "http://www.17k.com/book/83528.html", "http://www.17k.com/book/1859126.html", "http://www.17k.com/book/1741975.html", "http://www.17k.com/book/192453.html", "http://www.17k.com/book/2459058.html", "http://www.17k.com/book/1050747.html", "http://www.17k.com/book/2700315.html", "http://www.17k.com/book/2818940.html", "http://www.17k.com/book/2819519.html", "http://www.17k.com/book/2816390.html", "http://www.17k.com/book/2819588.html", "http://www.17k.com/book/2813768.html", "http://www.17k.com/book/2822406.html", "http://www.17k.com/book/2772164.html", "http://www.17k.com/book/2784023.html", "http://www.17k.com/book/2811877.html", "http://www.17k.com/book/2809119.html", "http://www.17k.com/book/2803700.html", "http://www.17k.com/book/2819561.html", "http://www.17k.com/book/2746506.html", "http://www.17k.com/book/2811836.html", "http://www.17k.com/book/2614810.html", "http://www.17k.com/book/1592435.html", "http://www.17k.com/book/1949748.html", "http://www.17k.com/book/2265802.html", "http://www.17k.com/book/2743240.html", "http://www.17k.com/book/2657437.html", "http://www.17k.com/book/2644502.html", "http://www.17k.com/book/2199900.html", "http://www.17k.com/book/2725436.html", "http://www.17k.com/book/2629978.html"]}