{"ratings": -1, "userreviews": [{"userName": "\u82cf\u4e5d\u6708", "userReviewDate": "2018-06-01", "userURL": "http://user.17k.com/36971837", "userReview": "\u524d\u6765\u6367\u573a\uff0c\u795d\u65b0\u4e66\u5927\u706b\uff01"}, {"userName": "\u80e4\u5343\u7a0b", "userReviewDate": "2018-05-06", "userURL": "http://user.17k.com/33798739", "userReview": "\u52a0\u6cb9\uff3e\uff10\uff3e~\uff01\u671f\u5f85\u6b65\u5165\u540d\u4eba\u5802\u54c8\uff01"}, {"userName": "\u9e3f\u9e44\u4e5d\u5929\u672c\u5c0a", "userReviewDate": "2018-05-01", "userURL": "http://user.17k.com/45377004", "userReview": "\u7acb\u610f\u5f88\u597d\uff0c\u629b\u5f00\u4e86\u4fd7\u5957\u7684\u5f00\u573a\uff0c\u6545\u4e8b\u5f00\u5934\u4e0d\u9519\uff0c\u7eaf\u7cb9\u7684\u7075\u5f02\u6587\uff0c\u60f3\u5199\u597d\u5176\u5b9e\u633a\u96be\uff0c\u597d\u7684\u7075\u5f02\u6587\u9760\u5f97\u662f\u7cbe\u5f69\u7684\u6545\u4e8b\u6491\u8d77\u6574\u4e2a\u4e3b\u7ebf\uff0c\u73af\u73af\u76f8\u6263\uff0c\u5f15\u4eba\u5165\u80dc\uff0c\u800c\u975e\u5347\u7ea7\u6253\u602a\u3002\u5144\u5f1f\u52a0\u6cb9\uff01"}, {"userName": "\u963f\u9550", "userReviewDate": "2018-05-01", "userURL": "http://user.17k.com/41830869", "userReview": "\u5750\u4e2a\u6c99\u53d1\uff0c\u795d\u65b0\u4e66\u7ea2\u7ea2\u706b\u706b^(*\uffe3(oo)\uffe3)^\u3002"}, {"userName": "\u96e8\u6668233", "userReviewDate": "2018-06-08", "userURL": "http://user.17k.com/60804302", "userReview": "\u5348\u597d\u554a~^o^"}, {"userName": "\u4e01\u76932", "userReviewDate": "2018-06-07", "userURL": "http://user.17k.com/55066110", "userReview": "\u300a\u795e\u52ab\u96be\u6e21\u300b\u524d\u6765\u62a5\u9053\u5b66\u4e60."}, {"userName": "\u8fd8\u5728\u5929\u9999\u68a6\u91cc", "userReviewDate": "2018-06-06", "userURL": "http://user.17k.com/54805747", "userReview": "\u4eca\u5929\u5c31\u66f4\u65b0\u8fd9\u4e48\u4e00\u7ae0\u5427\uff0c\u6211\u7f13\u7f13\u795e\uff0c\u4e0d\u7136\u518d\u5199\u5c31\u4e71\u6389\u4e86\u3002\u3002"}, {"userName": "\u6267\u5b81", "userReviewDate": "2018-06-06", "userURL": "http://user.17k.com/55506397", "userReview": "\u795d\u65b0\u4e66\u5927\u706b"}, {"userName": "\u6c83\u571f456", "userReviewDate": "2018-06-05", "userURL": "http://user.17k.com/33847397", "userReview": "\u8bfb\u4e66\u3001\u5b66\u4e60\uff0c\u795d\u795e\u7ea7\u5927\u9053\u58eb\u8d8a\u6765\u8d8a\u706b\u3002"}, {"userName": "\u5494\u5494\u5494\u562d\u5494", "userReviewDate": "2018-06-04", "userURL": "http://user.17k.com/35762313", "userReview": "\u4f60\u8fd9\u8bc4\u8bba\u533a\u4e0d\u597d\uff0c\u6211\u559c\u6b22\u8bc4\u8bba\u533a\u5168\u662f\u5973\u751f\u7684\u611f\u89c9\uff0c\u80fd\u6709\u79cd\u81ea\u5df1\u4e0d\u662f\u5355\u8eab\u72d7\u7684\u9519\u89c9\uff0c\u54c8\u54c8\u54c8\u3002"}, {"userName": "17K\u4e66\u53cbsgtpzxvh", "userReviewDate": "2018-06-04", "userURL": "http://user.17k.com/56710569", "userReview": "1adgjm"}, {"userName": "\u97e9\u4ed9\u5251", "userReviewDate": "2018-06-04", "userURL": "http://user.17k.com/57159020", "userReview": "\u6536\u85cf\u4e00\u6ce2"}, {"userName": "17K\u4e66\u53cbgowio7kj", "userReviewDate": "2018-06-03", "userURL": "http://user.17k.com/62487302", "userReview": "\u5783\u573e\u7b2c\u4e00\u4eba\u79f0\u770b\u5f97\u6211\u4e00\u8138\u61f5\u903c \u5c34\u5c2c\u764c\u90fd\u72af\u4e86"}, {"userName": "\u8fd8\u5728\u5929\u9999\u68a6\u91cc", "userReviewDate": "2018-06-03", "userURL": "http://user.17k.com/54805747", "userReview": "\u7ae0\u8282\uff0c\u7801\u51fa\u6765\u4e86\uff0c\u6ca1\u6539\u5462\uff0c\u7a0d\u7b49\u3002\u3002"}, {"userName": "\u5927\u54a9Y", "userReviewDate": "2018-06-03", "userURL": "http://user.17k.com/58537297", "userReview": "\u819c\u62dc\u5927\u5927\uff0c\u65b0\u4e66\u5fc5\u706b\u3002"}, {"userName": "\u6881\u5b50\u73fa", "userReviewDate": "2018-06-03", "userURL": "http://user.17k.com/55255332", "userReview": "\u795d\u65b0\u4e66\u5927\u706b\uff01\u524d\u6765\u5b66\u4e60\uff01"}, {"userName": "\u82cf\u4e5d\u6708", "userReviewDate": "2018-06-01", "userURL": "http://user.17k.com/36971837", "userReview": "[\u6253\u8d4f]\u6211\u6253\u8d4f\u4e8630\u5143\u7ea2\u5305\uff01\uff01"}, {"userName": "\u65f6\u65f6\u96e8\u96e8", "userReviewDate": "2018-05-29", "userURL": "http://user.17k.com/62102185", "userReview": "\u4e0b\u5348\u597d\u554a~"}, {"userName": "\u987e\u503e\u843d", "userReviewDate": "2018-05-29", "userURL": "http://user.17k.com/61543251", "userReview": "\u843d\u843d\u7684\u7b2c\u4e09\u7ae0\u90fd\u66f4\u65b0\u4e86\uff5e\u4f60\u786e\u5b9a\u4e0d\u6765\u8e0f\u8e0f\u543e\u7684\u5c0f\u7a9d\uff5e"}, {"userName": "\u8fd1\u536b\u519b\u56e2\u957f", "userReviewDate": "2018-05-25", "userURL": "http://user.17k.com/51952599", "userReview": "\u52a0\u6cb9"}], "description": "\u3010\u7eaf\u7075\u5f02\u3011\u5973\u53cb\u6000\u5b55\u4e86\uff0c\u5b69\u5b50\u4e0d\u662f\u6211\u7684\uff0c\u6211\u95ee\u5979\uff0c\u5b69\u5b50\u662f\u8c01\u7684\u3002\u5979\u7adf\u7136\u544a\u8bc9\u6211\u8bf4\u81ea\u5df1\u4e5f\u4e0d\u77e5\u9053\u3002\u66f4\u4e3a\u8be1\u5f02\u7684\u8fd8\u5728\u540e\u9762......\u6b7b\u6389\u7684\u5973\u53cb\uff0c\u6765\u627e\u6211\uff0c\u8ba9\u6211\u6740\u6b7b\u5979\u7684\u5b69\u5b50\u3002\u5929\u554a\uff0c\u8c01\u80fd\u544a\u8bc9\u6211\uff0c\u8fd9\u662f\u4e3a\u5565\uff1f\u5976\u5976\u7684\uff0c\u6211\u62db\u8c01\u60f9\u8c01\u4e86\u3002\u3000\u3000\u8bfb\u8005qq\u7fa4\uff1a383672180\u3000\u3000\u66f4\u65b0\u65f6\u95f4\uff0c\u786e\u5b9a\u4e00\u4e0b\uff1a\u4e0a\u5348\u5341\u4e8c\u70b9\uff0c\u4e0b\u5348\u4e94\u70b9\u3002\u4e00\u822c\u65f6\u5019\u90fd\u662f\u4e24\u7ae0\u3002\u5c3d\u53ef\u80fd\u4e0d\u65ad\u66f4\u3002\u6b22\u8fce\u652f\u6301\u3002", "title": "\u795e\u7ea7\u5927\u9053\u58eb", "url": "http://www.17k.com/book/2818940.html", "average": -1.0, "cover": "http://img.17k.com/images/bookcover/2018/14094/70/2818940-1526264433000.jpg", "reviews": 49177, "authors": [{"url": "http://www.17k.com/zuozhe/54805747", "name": "\u738b\u516d\u90ce"}], "type": ["\u7075\u5f02\u5947\u8c08"], "outlinks": ["http://www.17k.com/book/2794982.html", "http://www.17k.com/book/2801292.html", "http://www.17k.com/book/2816318.html", "http://www.17k.com/book/2797575.html", "http://www.17k.com/book/2802516.html", "http://www.17k.com/book/2812195.html", "http://www.17k.com/book/2820143.html", "http://www.17k.com/book/2807943.html", "http://www.17k.com/book/2813457.html", "http://www.17k.com/book/2798058.html", "http://www.17k.com/book/2815617.html", "http://www.17k.com/book/2805259.html", "http://www.17k.com/book/2760255.html", "http://www.17k.com/book/2686894.html", "http://www.17k.com/book/2797016.html", "http://www.17k.com/book/2767246.html", "http://www.17k.com/book/2764239.html", "http://www.17k.com/book/2754498.html", "http://www.17k.com/book/2754900.html", "http://www.17k.com/book/2625740.html", "http://www.17k.com/book/2213315.html", "http://www.17k.com/book/2402178.html", "http://www.17k.com/book/2691221.html", "http://www.17k.com/book/2210699.html", "http://www.17k.com/book/1797752.html", "http://www.17k.com/book/2575507.html", "http://www.17k.com/book/2705181.html", "http://www.17k.com/book/2702539.html", "http://www.17k.com/book/2474887.html", "http://www.17k.com/book/2674733.html", "http://www.17k.com/book/2822076.html", "http://www.17k.com/book/2809894.html", "http://www.17k.com/book/2822077.html", "http://www.17k.com/book/2811930.html", "http://www.17k.com/book/2815548.html", "http://www.17k.com/book/2819620.html", "http://www.17k.com/book/2809964.html", "http://www.17k.com/book/2808200.html", "http://www.17k.com/book/2820100.html", "http://www.17k.com/book/2822978.html", "http://www.17k.com/book/2804337.html", "http://www.17k.com/book/2798814.html", "http://www.17k.com/book/2785153.html", "http://www.17k.com/book/2731559.html", "http://www.17k.com/book/2722533.html", "http://www.17k.com/book/2458377.html", "http://www.17k.com/book/2743300.html", "http://www.17k.com/book/973809.html", "http://www.17k.com/book/2651367.html", "http://www.17k.com/book/2726194.html", "http://www.17k.com/book/2790214.html", "http://www.17k.com/book/493239.html", "http://www.17k.com/book/108821.html", "http://www.17k.com/book/1398783.html", "http://www.17k.com/book/83528.html", "http://www.17k.com/book/1859126.html", "http://www.17k.com/book/1741975.html", "http://www.17k.com/book/192453.html", "http://www.17k.com/book/2459058.html", "http://www.17k.com/book/1050747.html", "http://www.17k.com/book/2700315.html", "http://www.17k.com/book/2818940.html", "http://www.17k.com/book/2819519.html", "http://www.17k.com/book/2816390.html", "http://www.17k.com/book/2819588.html", "http://www.17k.com/book/2813768.html", "http://www.17k.com/book/2822406.html", "http://www.17k.com/book/2772164.html", "http://www.17k.com/book/2784023.html", "http://www.17k.com/book/2811877.html", "http://www.17k.com/book/2809119.html", "http://www.17k.com/book/2803700.html", "http://www.17k.com/book/2819561.html", "http://www.17k.com/book/2746506.html", "http://www.17k.com/book/2811836.html", "http://www.17k.com/book/2614810.html", "http://www.17k.com/book/1592435.html", "http://www.17k.com/book/1949748.html", "http://www.17k.com/book/2265802.html", "http://www.17k.com/book/2743240.html", "http://www.17k.com/book/2657437.html", "http://www.17k.com/book/2644502.html", "http://www.17k.com/book/2199900.html", "http://www.17k.com/book/2725436.html", "http://www.17k.com/book/2629978.html"]}