{"ratings": -1, "userreviews": [{"userName": "\u4e94\u5473\u9f50\u5168", "userReviewDate": "2016-08-20", "userURL": "http://user.17k.com/37729267", "userReview": "\u6765\u770b\u795e\u4f5c\uff0c\u5348\u8bfb\u529b\u633a\u5927\u795e\uff01\uff01"}, {"userName": "\u5ddd\u897f\u5e73\u539f\u6c49", "userReviewDate": "2016-01-17", "userURL": "http://user.17k.com/14591779", "userReview": "\u5f3a\u70c8\u652f\u6301\u5546\u671d\u96e8\u7684<a target='_blank' href='http://www.17k.com/book/460553.html'>\u300a\u795e\u73af\u5578\u300b</a>\uff01<img src='http://img.17k.com/images/face/207jy.gif' /><img src='http://img.17k.com/images/face/209xh.gif' />"}, {"userName": "\u541b\u7b11\u9189", "userReviewDate": "2014-01-29", "userURL": "http://user.17k.com/14575166", "userReview": "\u5728\u4e0b\u662f<a target='_blank' href='http://user.17k.com/2977970'>@\u9ed1\u51b0\u70df</a>\u7684<a target='_blank' href='http://www.17k.com/book/460553.html'>\u300a\u795e\u73af\u5578\u300b</a>\u7684\u5fe0\u5b9e\u5e2e\u4f17\uff0c\u5df2\u4e3a\u5e2e\u4e3b\u60a8\u5728<a target='_blank' href='http://user.17k.com/2977970'>@\u9ed1\u51b0\u70df</a>\u7684<a target='_blank' href='http://www.17k.com/book/460553.html'>\u300a\u795e\u73af\u5578\u300b</a>\u9996\u6218\u593a\u4e0b\u4e00\u4e2a\u63a8\u8350\u4f4d\uff0c\u8bf7\u5e2e\u4e3b\u5173\u6ce8\u5f1f\u5b50\u7684\u540e\u7eed\u8868\u73b0\uff01"}, {"userName": "Winzer.5", "userReviewDate": "2013-12-06", "userURL": "http://user.17k.com/16891329", "userReview": "\u5728\u4e0b\u662f<a target='_blank' href='http://user.17k.com/2977970'>@\u9ed1\u51b0\u70df</a>\u7684<a target='_blank' href='http://www.17k.com/book/460553.html'>\u300a\u795e\u73af\u5578\u300b</a>\u7684\u5fe0\u5b9e\u5e2e\u4f17\uff0c\u5df2\u4e3a\u5e2e\u4e3b\u60a8\u5728<a target='_blank' href='http://user.17k.com/2977970'>@\u9ed1\u51b0\u70df</a>\u7684<a target='_blank' href='http://www.17k.com/book/460553.html'>\u300a\u795e\u73af\u5578\u300b</a>\u9996\u6218\u593a\u4e0b\u4e00\u4e2a\u63a8\u8350\u4f4d\uff0c\u8bf7\u5e2e\u4e3b\u5173\u6ce8\u5f1f\u5b50\u7684\u540e\u7eed\u8868\u73b0\uff01"}, {"userName": "\u9ed1\u51b0\u70df", "userReviewDate": "2013-03-16", "userURL": "http://user.17k.com/2977970", "userReview": "<span style='color:red'>\u8bf7\u5404\u4f4d\u6253\u5e7f\u544a\u7684\u8fdb\u697c\u5219\u4e2a\uff0c\u563f\u563f\uff0c\u4e0d\u7136\u7684\u8bdd\uff0c\u5bf9\u4e0d\u8d77\u55bd\uff0c\u5c0f\u5546\u5c31\u5220\u5e16\u55bd\uff0c\u5566\u5566\u5566\u5566\uff0c\u5566\u5566\u5566\uff01<img src='http://img.17k.com/images/face/104hei.gif' /><img src='http://img.17k.com/images/face/104hei.gif' /></span>"}, {"userName": "\u5317\u4eac\u5c0f\u5b50", "userReviewDate": "2018-04-09", "userURL": "http://user.17k.com/14397869", "userReview": "\u672c\u7ae0\u8282\u5199\u7684\u5f88\u4e0d\u9519\uff0c\u8d5e\u4e00\u4e2a\uff01<img src='http://img.17k.com/images/face/205gz.gif' /><img src='http://img.17k.com/images/face/203din.gif' />"}, {"userName": "\u9001\u98d8\u98d8", "userReviewDate": "2018-03-08", "userURL": "http://user.17k.com/32637988", "userReview": "<span style='color:red'>\u60c5\u8282\u66f2\u6298\u751f\u52a8\u5f15\u4eba\uff0c\u597d\u4e66\u554a\uff01</span>"}, {"userName": "\u9001pk", "userReviewDate": "2018-03-08", "userURL": "http://user.17k.com/32637990", "userReview": "<span style='color:red'>\u4e0d\u591a\u89c1\u7684\u597d\u4e66\uff0c\u63a8\u8350\uff01</span>"}, {"userName": "\u9001\u82b1\u82b1", "userReviewDate": "2018-03-08", "userURL": "http://user.17k.com/32637985", "userReview": "\u5199\u7684\u51fa\u8272\uff0c\u8d5e\u4e00\u4e2a\uff01"}, {"userName": "\u521a\u6797\u9646", "userReviewDate": "2017-10-08", "userURL": "http://user.17k.com/57562470", "userReview": "<a target='_blank' href='http://www.17k.com/book/2668308.html'>\u300a\u5929\u5730\u98de\u5347\u8bb0\u300b</a>\u6b22\u8fce\u56de\u8bbf"}, {"userName": "\u53f6\u843d\u5b50\u75d5", "userReviewDate": "2017-05-23", "userURL": "http://user.17k.com/33080428", "userReview": "<a target='_blank' href='http://www.17k.com/book/2452410.html'>\u300a\u4e03\u4ed9\u5251\u4f20\u300b</a>\u6765\u8bbf\u770b\u4e66\uff01"}, {"userName": "\u7fbd\u6563\u5927\u5730", "userReviewDate": "2017-02-26", "userURL": "http://user.17k.com/7292", "userReview": "\u4f5c\u8005\u65b0\u4e66\u5462\uff1f\u600e\u4e48\u5931\u8e2a\u4e86\uff1f"}, {"userName": "\u9189\u5fc3\u7075", "userReviewDate": "2017-02-21", "userURL": "http://user.17k.com/53594478", "userReview": "\u521a\u5199\u5b8c\u4e24\u7ae0\uff0c\u5c31\u6765\u5927\u5927\u8fd9\u5b66\u4e60\u4e86\u3002@\u9ed1\u51b0\u70df&nbsp; <a target='_blank' href='http://www.17k.com/book/2390058.html'>\u300a\u5929\u60e9\u4f20\u8bf4\u300b</a>\u4e5f\u4e0d\u9519\u54e6\u3002"}, {"userName": "\u9189\u5fc3\u7075", "userReviewDate": "2017-02-18", "userURL": "http://user.17k.com/53594478", "userReview": "\u5199\u7684\u771f\u597d\u3002\u9189\u5fc3\u7075\u643a\u4f5c\u54c1<a target='_blank' href='http://www.17k.com/book/2390058.html'>\u300a\u5929\u60e9\u4f20\u8bf4\u300b</a>\u524d\u6765\u819c\u62dc\uff0c\u5e0c\u671b\u4f5c\u8005\u5927\u5927\u524d\u6765\u6307\u5bfc\u4ea4\u6d41"}, {"userName": "\u5929\u7a7a\u7684\u767d\u5929", "userReviewDate": "2017-02-15", "userURL": "http://user.17k.com/53201742", "userReview": "<a target='_blank' href='http://www.17k.com/book/2382068.html'>\u300a\u7075\u6b66\u771f\u795e\u300b</a>\u6765\u8bbf\uff0c\u5411\u5927\u795e\u5b66\u4e60"}, {"userName": "\u5343\u58a8\u5f71", "userReviewDate": "2017-02-09", "userURL": "http://user.17k.com/51861537", "userReview": "<a target='_blank' href='http://www.17k.com/book/2301661.html'>\u300a\u4f17\u795e\u4e3a\u654c\u300b</a>\u6765\u8bbf\uff0c\u6c42\u6492\u82b1\uff0c\u6253\u8d4f\uff0c\u6536\u85cf\uff0c\u8bc4\u8bba\u3002\u53e4\u795e\uff1a&quot;\u6ca1\u9519\uff0c\u6211\u5c31\u662f\u574f\u7684\u96c6\u5408\u4f53\uff0c\u6211\u5c31\u662f\u6b8b\u66b4\u4e0d\u4ec1\uff0c\u81ea\u79c1\u81ea\u5229\u3002\u8fd9\u5929\u4e0b\u559c\u6b22\u7684\u4e8b\u7269\uff0c\u6211\u90fd\u8981\u6cbe\u4e3a\u5df2\u6709\uff0c\u65e0\u7528\u7684\u4eba\u6211\u90fd\u8981\u5c60\u5c3d\u6740\u7edd\u3002\u4ec0\u4e48\u795e\uff0c\u4ec0\u4e48\u9b54\uff0c\u6709\u672c\u4e8b\u5c31\u6eda\u51fa\u6765\uff0c\u7ad9\u5728\u6211\u9762\u524d\u3002&quot;"}, {"userName": "\u538b\u529b\u8f6c\u6f5c\u529b\u80a1", "userReviewDate": "2017-02-09", "userURL": "http://user.17k.com/43733139", "userReview": "<span style='color:black'><a target='_blank' href='http://www.17k.com/book/2380304.html'>\u300a\u9b54\u6cd5\u68d8\u300b</a>\u6b22\u4e50\u4e0a\u6f14</span>"}, {"userName": "\u79cb\u58f0\u91cc", "userReviewDate": "2017-01-24", "userURL": "http://user.17k.com/51717990", "userReview": "\u5f02\u4e16\u4fee\u771f\uff0c\u8f6e\u56de\u5316\u4e07\u7075\uff0c\u5c38\u5c71\u8840\u6d77\uff0c\u767d\u9aa8\u6210\u697c\uff0c\u7537\u9891\u70ed\u8840<a target='_blank' href='http://www.17k.com/book/2277558.html'>\u300a\u5f02\u4e16\u4e4b\u8f6e\u56de\u4ed9\u8def\u300b</a>\u6765\u8bbf\uff0c\u4e66\u8352\u7684\u4e66\u53cb\u4e0d\u8981\u541d\u60dc\u652f\u6301\uff01"}, {"userName": "\u4e16\u754c\u4e0a\u6700\u574f\u7684\u574f\u86cb", "userReviewDate": "2017-01-20", "userURL": "http://user.17k.com/52248043", "userReview": "<span style='color:red'><a target='_blank' href='http://www.17k.com/book/2338233.html'>\u300a\u5927\u6076\u68cd\u300b</a>\u670b\u53cb\uff0c\u6211\u6765\u6253\u52ab\u4e86\u5566\uff01\u5de6\u624b\u7a83\u8d70\u4f60\u7684\u75db\u82e6\u548c\u70e6\u607c\uff0c\u7559\u4e0b\u5e78\u798f\u548c\u5feb\u4e50\uff1b\u53f3\u624b\u5077\u8d70\u4f60\u7684\u6666\u6c14\u548c\u5384\u8fd0\uff0c\u7559\u4e0b\u559c\u6c14\u548c\u5409\u7965;\u8111\u888b\u5e26\u8d70\u4f60\u7684\u601d\u5ff5\uff0c\u5fc3\u53e3\u88c5\u8d70\u4f60\u7684\u7275\u6302\u3002\u54c8\u3001\u54c8\uff0c\u4e0d\u8bb8\u62a5\u6848\u54e6\uff01\u6211\u4f1a\u518d\u6765\u7684\uff0c\u60f3\u5ff5\u670b\u53cb\uff01&nbsp;&nbsp;&nbsp;</span>"}, {"userName": "\u5343\u58a8\u5f71", "userReviewDate": "2017-01-12", "userURL": "http://user.17k.com/51861537", "userReview": "<a target='_blank' href='http://www.17k.com/book/2301661.html'>\u300a\u4f17\u795e\u4e3a\u654c\u300b</a>\u6765\u8bbf\uff0c\u6c42\u8bc4\u8bba\u6536\u85cf\u3002 \u7f8e\u5973\u5e08\u7236\u6de1\u6de1\u4e00\u7b11\uff0c\u4e22\u7ed9\u4e86\u4ed6\u4e00\u5f20\u9762\u5177\u3002\u4ece\u6b64\uff0c\u4ed6\u4e3a\u76d7\u8d3c\uff0c\u5316\u540d\u5c0f\u4e11\u3002"}], "description": "\u4e00\u5e55\u5ef6\u7eed\u4e86\u4e07\u5e74\u7684\u5bb6\u65cf\u60b2\u5267\uff1b\u4e00\u4e2a\u915d\u917f\u4e86\u4e07\u5e74\u7684\u60ca\u5929\u8ba1\u5212\uff1b\u4e00\u573a\u5e2d\u5377\u4e86\u6570\u754c\u7684\u8840\u96e8\u8165\u98ce\u2026\u2026\u6240\u6709\u5200\u5149\u5251\u5f71\uff0c\u6240\u6709\u667a\u6167\u4ea4\u950b\uff1b\u6240\u6709\u7231\u6068\u60c5\u4ec7\uff0c\u6240\u6709\u60b2\u6b22\u79bb\u5408\u2026\u2026\u5168\u5728\u4e00\u4e2a\u53eb\u8d75\u7fd4\u7684\u811a\u4e0b\u5c3d\u81f4\u6dcb\u6f13\u5730\u8e29\u51fa\u4e86\u2014\u2014\u9189\u5367\u7fa4\u82b3\u3001\u7cbe\u5f69\u7eee\u4e3d\u3001\u6ce2\u6f9c\u58ee\u9614\u3001\u8361\u6c14\u56de\u80a0\u7684\u4eba\u751f\uff01", "title": "\u795e\u73af\u5578", "url": "http://www.17k.com/book/460553.html", "average": -1.0, "cover": "http://img.17k.com/images/bookcover/2013/2302/11/460553-1360221812000.jpg", "reviews": 2779610, "authors": [{"url": "http://www.17k.com/zuozhe/2977970", "name": "\u5546\u671d\u96e8"}], "type": ["\u5947\u5e7b\u4fee\u771f"], "outlinks": ["http://www.17k.com/book/2794982.html", "http://www.17k.com/book/2801292.html", "http://www.17k.com/book/2816318.html", "http://www.17k.com/book/2797575.html", "http://www.17k.com/book/2802516.html", "http://www.17k.com/book/2812195.html", "http://www.17k.com/book/2820143.html", "http://www.17k.com/book/2807943.html", "http://www.17k.com/book/2813457.html", "http://www.17k.com/book/2798058.html", "http://www.17k.com/book/2815617.html", "http://www.17k.com/book/2805259.html", "http://www.17k.com/book/2760255.html", "http://www.17k.com/book/2686894.html", "http://www.17k.com/book/2797016.html", "http://www.17k.com/book/2767246.html", "http://www.17k.com/book/2764239.html", "http://www.17k.com/book/2754498.html", "http://www.17k.com/book/2754900.html", "http://www.17k.com/book/2625740.html", "http://www.17k.com/book/2213315.html", "http://www.17k.com/book/2402178.html", "http://www.17k.com/book/2691221.html", "http://www.17k.com/book/2210699.html", "http://www.17k.com/book/1797752.html", "http://www.17k.com/book/2575507.html", "http://www.17k.com/book/2705181.html", "http://www.17k.com/book/2702539.html", "http://www.17k.com/book/2474887.html", "http://www.17k.com/book/2674733.html", "http://www.17k.com/book/2822076.html", "http://www.17k.com/book/2809894.html", "http://www.17k.com/book/2822077.html", "http://www.17k.com/book/2811930.html", "http://www.17k.com/book/2815548.html", "http://www.17k.com/book/2819620.html", "http://www.17k.com/book/2809964.html", "http://www.17k.com/book/2808200.html", "http://www.17k.com/book/2820100.html", "http://www.17k.com/book/2822978.html", "http://www.17k.com/book/2804337.html", "http://www.17k.com/book/2798814.html", "http://www.17k.com/book/2785153.html", "http://www.17k.com/book/2731559.html", "http://www.17k.com/book/2722533.html", "http://www.17k.com/book/2458377.html", "http://www.17k.com/book/2743300.html", "http://www.17k.com/book/973809.html", "http://www.17k.com/book/2651367.html", "http://www.17k.com/book/2726194.html", "http://www.17k.com/book/2790214.html", "http://www.17k.com/book/493239.html", "http://www.17k.com/book/108821.html", "http://www.17k.com/book/1398783.html", "http://www.17k.com/book/83528.html", "http://www.17k.com/book/1859126.html", "http://www.17k.com/book/1741975.html", "http://www.17k.com/book/192453.html", "http://www.17k.com/book/2459058.html", "http://www.17k.com/book/1050747.html", "http://www.17k.com/book/2700315.html", "http://www.17k.com/book/2818940.html", "http://www.17k.com/book/2819519.html", "http://www.17k.com/book/2816390.html", "http://www.17k.com/book/2819588.html", "http://www.17k.com/book/2813768.html", "http://www.17k.com/book/2822406.html", "http://www.17k.com/book/2772164.html", "http://www.17k.com/book/2784023.html", "http://www.17k.com/book/2811877.html", "http://www.17k.com/book/2809119.html", "http://www.17k.com/book/2803700.html", "http://www.17k.com/book/2819561.html", "http://www.17k.com/book/2746506.html", "http://www.17k.com/book/2811836.html", "http://www.17k.com/book/2614810.html", "http://www.17k.com/book/1592435.html", "http://www.17k.com/book/1949748.html", "http://www.17k.com/book/2265802.html", "http://www.17k.com/book/2743240.html", "http://www.17k.com/book/2657437.html", "http://www.17k.com/book/2644502.html", "http://www.17k.com/book/2199900.html", "http://www.17k.com/book/2725436.html", "http://www.17k.com/book/2629978.html"]}