{"ratings": -1, "userreviews": [{"userName": "\u5982\u58a8\u4f3c\u8840", "userReviewDate": "2017-08-31", "userURL": "http://user.17k.com/33807962", "userReview": "<span style='color:red'>\u3010\u52a0\u66f4\u6d3b\u52a8\uff01\u957f\u671f\u6709\u6548\uff01\u30111\uff0c\u6708\u7ea2\u5305\u6bcf\u6ee1100\u5757\uff0c\u52a0\u66f4\u4e00\u7ae0\uff012\uff0c\u5fae\u4fe1\u516c\u4f17\u53f7\u5173\u6ce8\u4eba\u6570\u6bcf\u589e\u52a0100\uff0c\u52a0\u66f4\u4e00\u7ae0\uff01\uff08\u6b22\u8fce\u5927\u5bb6**Q\u7fa4\uff1a233514189\uff0c\u5fae\u4fe1\u516c\u4f17\u53f7\uff1arumosixue\uff0c\u6216\u8005\u76f4\u63a5\u641c\u7d22\u516c\u4f17\u53f7\u201c\u5982\u58a8\u4f3c\u8840\u201d\u3002</span>"}, {"userName": "\u5982\u58a8\u4f3c\u8840", "userReviewDate": "2017-07-28", "userURL": "http://user.17k.com/33807962", "userReview": "<span style='color:red'>\u6700\u8fd1\u5f88\u591a\u4eba\u90fd\u8ddf\u6211\u8bf4\u6709\u4e9b\u7ae0\u8282\u53ea\u6709\u51e0\u4e2a\u5b57\uff0c\u6709\u4e9b\u7ae0\u8282\u662f\u767d\u7684\uff0c\u6211\u5728\u8fd9\u91cc\u5411\u5927\u5bb6\u8bf4\u660e\u4e00\u4e0b\uff0c\u8fd9\u662f\u56e0\u4e3a\u7f51\u7ad9\u8fd9\u6bb5\u65f6\u95f4\u5728\u8c03\u6574\uff0c\u6240\u4ee5\u4e00\u4e9b\u6570\u636e\u53d1\u751f\u4e86\u9519\u8bef\uff0c\u5e76\u975e\u662f\u5c0f\u8bf4\u5185\u5bb9\u6709\u95ee\u9898\uff0c\u6240\u4ee5\u5e0c\u671b\u5927\u5bb6\u7406\u89e3\uff01\u6700\u540e\u611f\u8c22\u5927\u5bb6\u4e00\u76f4\u4ee5\u6765\u7684\u652f\u6301\uff01\u8c22\u8c22\uff01</span>"}, {"userName": "\u90a3\u5e74\u65e0\u60c5", "userReviewDate": "2014-05-08", "userURL": "http://user.17k.com/34282890", "userReview": "\u300a\u5e7f\u544a\u697c\u300b\u4f5c\u4e3a\u6b63\u513f\u516b\u7ecf\u7684\u7c89\u4e1d\u3002\u6211\u89c9\u5f97\u6709\u5fc5\u8981\u7ed9\u6211\u4eec\u300a\u795e\u7ea7\u300b\u6765\u4e00\u4e2a\u5e7f\u544a\u697c\u4e86\u3002\u6253\u5e7f\u544a\u7684\u540c\u5b66\u8bf7\u8fdb\u3002\u6709\u65f6\u95f4\u4f1a\u4e00\u4e00\u56de\u8bbf\u7684\u3002"}, {"userName": "WAP1DA97C", "userReviewDate": "2018-06-07", "userURL": "http://user.17k.com/40760310", "userReview": "[\u6253\u8d4f]\u6211\u6253\u8d4f\u4e862\u5143\u7ea2\u5305\uff01\uff01"}, {"userName": "\u8840\u9f99972505035", "userReviewDate": "2018-06-07", "userURL": "http://user.17k.com/62589027", "userReview": "\u66f4\u65b0\u7684\u6709\u70b9\u6162"}, {"userName": "17K\u4e66\u53cb0eavnhrk", "userReviewDate": "2018-06-04", "userURL": "http://user.17k.com/62509056", "userReview": "\u540e\u671f\u8d8a\u770b\u8d8a\u4e4f\u5473\uff0c\u8001\u54e5\uff0c\u611f\u89c9\u4f60\u4e0d\u662f\u5199\u957f\u7bc7\u7684\u554a"}, {"userName": "\u6768\u54e5572303632", "userReviewDate": "2018-06-04", "userURL": "http://user.17k.com/58986613", "userReview": "[\u6253\u8d4f]\u6211\u6253\u8d4f\u4e861\u5143\u7ea2\u5305\uff01\uff01"}, {"userName": "17k\u4e66\u53cb1ofci46m4", "userReviewDate": "2018-06-03", "userURL": "http://user.17k.com/62257819", "userReview": "\u60f3\u95ee\u4e0b\uff0c\u8fd9\u4e2a\u5c0f\u8bf4\u5927\u6982\u6709\u591a\u5c11\u7ae0\u554a\uff1f"}, {"userName": "\u5e78\u798f\u7684\u7b79\u7801800427809", "userReviewDate": "2018-06-02", "userURL": "http://user.17k.com/53048389", "userReview": "\u592a\u5570\u55e6\u4e86\uff0c\u7b80\u76f4\u662f\u7b79\u5b57\u6570\u554a\uff0c\u6ca1\u6cd5\u770b\u3002"}, {"userName": "\u4eca\u751f\u6b20\u4f60\u4e00\u591c", "userReviewDate": "2018-06-02", "userURL": "http://user.17k.com/53954920", "userReview": "\u554a\u554a\u554a\u5fc3\u60c5"}, {"userName": "\u4eca\u751f\u6b20\u4f60\u4e00\u591c", "userReviewDate": "2018-06-01", "userURL": "http://user.17k.com/53954920", "userReview": "\u5c31\u5269\u4e0b\u6211\u4e00\u4e2a"}, {"userName": "\u4eca\u751f\u6b20\u4f60\u4e00\u591c", "userReviewDate": "2018-05-31", "userURL": "http://user.17k.com/53954920", "userReview": "\u6162\u6162\u6765\u561b&#55357;&#56842;"}, {"userName": "\u4eca\u751f\u6b20\u4f60\u4e00\u591c", "userReviewDate": "2018-05-31", "userURL": "http://user.17k.com/53954920", "userReview": "\u6162\u6162\u6765\u561b&#55357;&#56842;"}, {"userName": "\u4eca\u751f\u6b20\u4f60\u4e00\u591c", "userReviewDate": "2018-05-31", "userURL": "http://user.17k.com/53954920", "userReview": "\u6162\u6162\u6765\u561b&#55357;&#56842;"}, {"userName": "\u8fd9\u4e00\u523b\uff0c\u66f4\u7231\u4f60", "userReviewDate": "2018-05-31", "userURL": "http://user.17k.com/62373199", "userReview": "\u600e\u4e48\u66f4\u65b0\u90a3\u4e48\u6162"}, {"userName": "17k\u4e66\u53cbkuurqfinh", "userReviewDate": "2018-05-31", "userURL": "http://user.17k.com/62171527", "userReview": "\u66f4\u5feb\u70b9\u5427\u4f60"}, {"userName": "\u6709\u7f18226938202", "userReviewDate": "2018-05-30", "userURL": "http://user.17k.com/55214467", "userReview": "[\u6253\u8d4f]\u6211\u6253\u8d4f\u4e862\u5143\u7ea2\u5305\uff01\uff01"}, {"userName": "\u4eca\u751f\u6b20\u4f60\u4e00\u591c", "userReviewDate": "2018-05-30", "userURL": "http://user.17k.com/53954920", "userReview": "\u627e\u8089\u8089\u6765\u4e86"}, {"userName": "\u4f60\u9a6c*\uff0c\u5feb\u66f4\u554a", "userReviewDate": "2018-05-28", "userURL": "http://user.17k.com/14339964", "userReview": "\u524d\u6587\u592a\u53e3\u6c34\u4e86\uff0c\u6d6a\u8d39\u65f6\u95f4"}, {"userName": "\u4eca\u751f\u6b20\u4f60\u4e00\u591c", "userReviewDate": "2018-05-28", "userURL": "http://user.17k.com/53954920", "userReview": "\u300a\u597d\u7684&#55357;&#56836;\uff01\u300b"}], "description": "\u4e00\u4ee3\u4ed9\u754c\u4e39\u5e08\u610f\u5916\u9644\u8eab\u5728\u4e00\u4e2a\u8c6a\u95e8\u7ea8\u7ed4\u8eab\u4e0a\uff0c\u6210\u4e3a\u4e00\u4e2a\u63d2\u73ed\u751f\uff0c\u4ee5\u4e00\u8eab\u795e\u5947\u4ed9\u672f\uff0c\u6df7\u8ff9\u4e8e\u7f8e\u5973\u4e1b\u4e2d\uff0c\u5728\u90fd\u5e02\u72ec\u9886\u98ce\u9a9a\uff01\u3000\u3000\u6bcf\u5929\u4e09\u66f4\uff0c\u6bcf100\u5757\u7ea2\u5305\u52a0\u66f4\u4e00\u7ae0\uff0c\u5fae\u4fe1\u5173\u6ce8\u6bcf\u6ee1100\u52a0\u66f4\u4e00\u7ae0\uff01QQ\u7fa4\uff1a233514189\u5fae\u4fe1\u516c\u4f17\u53f7\uff1arumosixue", "title": "\u795e\u7ea7\u63d2\u73ed\u751f", "url": "http://www.17k.com/book/814433.html", "average": -1.0, "cover": "http://img.17k.com/images/bookcover/2014/4072/20/814433-1396955338000.jpg", "reviews": 26495232, "authors": [{"url": "http://www.17k.com/zuozhe/33807962", "name": "\u5982\u58a8\u4f3c\u8840"}], "type": ["\u90fd\u5e02\u91cd\u751f"], "outlinks": ["http://www.17k.com/book/2794982.html", "http://www.17k.com/book/2801292.html", "http://www.17k.com/book/2816318.html", "http://www.17k.com/book/2797575.html", "http://www.17k.com/book/2802516.html", "http://www.17k.com/book/2812195.html", "http://www.17k.com/book/2820143.html", "http://www.17k.com/book/2807943.html", "http://www.17k.com/book/2813457.html", "http://www.17k.com/book/2798058.html", "http://www.17k.com/book/2815617.html", "http://www.17k.com/book/2805259.html", "http://www.17k.com/book/2760255.html", "http://www.17k.com/book/2686894.html", "http://www.17k.com/book/2797016.html", "http://www.17k.com/book/2767246.html", "http://www.17k.com/book/2764239.html", "http://www.17k.com/book/2754498.html", "http://www.17k.com/book/2754900.html", "http://www.17k.com/book/2625740.html", "http://www.17k.com/book/2213315.html", "http://www.17k.com/book/2402178.html", "http://www.17k.com/book/2691221.html", "http://www.17k.com/book/2210699.html", "http://www.17k.com/book/1797752.html", "http://www.17k.com/book/2575507.html", "http://www.17k.com/book/2705181.html", "http://www.17k.com/book/2702539.html", "http://www.17k.com/book/2474887.html", "http://www.17k.com/book/2674733.html", "http://www.17k.com/book/2822076.html", "http://www.17k.com/book/2809894.html", "http://www.17k.com/book/2822077.html", "http://www.17k.com/book/2811930.html", "http://www.17k.com/book/2815548.html", "http://www.17k.com/book/2819620.html", "http://www.17k.com/book/2809964.html", "http://www.17k.com/book/2808200.html", "http://www.17k.com/book/2820100.html", "http://www.17k.com/book/2822978.html", "http://www.17k.com/book/2804337.html", "http://www.17k.com/book/2798814.html", "http://www.17k.com/book/2785153.html", "http://www.17k.com/book/2731559.html", "http://www.17k.com/book/2722533.html", "http://www.17k.com/book/2458377.html", "http://www.17k.com/book/2743300.html", "http://www.17k.com/book/973809.html", "http://www.17k.com/book/2651367.html", "http://www.17k.com/book/2726194.html", "http://www.17k.com/book/2790214.html", "http://www.17k.com/book/493239.html", "http://www.17k.com/book/108821.html", "http://www.17k.com/book/1398783.html", "http://www.17k.com/book/83528.html", "http://www.17k.com/book/1859126.html", "http://www.17k.com/book/1741975.html", "http://www.17k.com/book/192453.html", "http://www.17k.com/book/2459058.html", "http://www.17k.com/book/1050747.html", "http://www.17k.com/book/2700315.html", "http://www.17k.com/book/2818940.html", "http://www.17k.com/book/2819519.html", "http://www.17k.com/book/2816390.html", "http://www.17k.com/book/2819588.html", "http://www.17k.com/book/2813768.html", "http://www.17k.com/book/2822406.html", "http://www.17k.com/book/2772164.html", "http://www.17k.com/book/2784023.html", "http://www.17k.com/book/2811877.html", "http://www.17k.com/book/2809119.html", "http://www.17k.com/book/2803700.html", "http://www.17k.com/book/2819561.html", "http://www.17k.com/book/2746506.html", "http://www.17k.com/book/2811836.html", "http://www.17k.com/book/2614810.html", "http://www.17k.com/book/1592435.html", "http://www.17k.com/book/1949748.html", "http://www.17k.com/book/2265802.html", "http://www.17k.com/book/2743240.html", "http://www.17k.com/book/2657437.html", "http://www.17k.com/book/2644502.html", "http://www.17k.com/book/2199900.html", "http://www.17k.com/book/2725436.html", "http://www.17k.com/book/2629978.html"]}