{"ratings": -1, "userreviews": [{"userName": "\u8bb0\u5fc6\u5df2\u662f\u7a7a", "userReviewDate": "2018-05-05", "userURL": "http://user.17k.com/44230038", "userReview": "\u521b\u4f5c\u4e0d\u6613\uff0c\u7279\u521b\u5e7f\u544a\u8d34........"}, {"userName": "\u8bb0\u5fc6\u5df2\u662f\u7a7a", "userReviewDate": "2017-05-28", "userURL": "http://user.17k.com/44230038", "userReview": "\u5f81\u96c6\u8349\u836f\u540d\uff0c\u4e39\u836f\u540d\uff0c\u9f99\u5957\u540d\uff0c\u5e2e\u6d3e\u540d\uff0c\u6253\u5f00\u4f60\u4eec\u7684\u8111\u6d1e\uff0c\u53ea\u8981\u4f60\u4eec\u6562\u60f3\uff0c\u6562\u7559\u3002\u90a3\u6211\u5c31\u6562\u7528....."}, {"userName": "\u5b85\u8f69\u751f", "userReviewDate": "2018-05-12", "userURL": "http://user.17k.com/61427244", "userReview": "<span style='color:black'>\u6536\u85cf\u4e86\uff0c60\u591a\u4e07\u4e86\uff0c\u5f88\u5f3a\u608d\u554a\u3002</span>"}, {"userName": "\u65af\u6587\u732b\u965b\u4e0b", "userReviewDate": "2018-05-05", "userURL": "http://user.17k.com/37764708", "userReview": "\u5144\u5f1f\u52a0\u6cb9\uff0c\u665a\u5b89\uff0c"}], "description": "\u7ffb\u624b\u4e3a\u4e91\u8986\u624b\u96e8\uff0c\u5929\u5730\u5927\u9053\u5fc3\u4e2d\u6709\u3002\u3000\u3000\u6c5f\u6e56\u98ce\u4e91\u52a8\uff0c\u7b11\u770b\u4eba\u95f4\u9053\u3002\u3000\u3000\u4f60\u7528\u67d4\u60c5\u9aa8\uff0c\u6362\u6211\u8c6a\u60c5\u7eb5\u3002\u3000\u3000\u751f\u6b7b\u4e24\u4f9d\u4e0d\u76f8\u5f03\uff0c\u9634\u9633\u4e24\u6781\u5927\u9053\u751f\u3002\u3000\u3000\u9053\u4f55\u65b9\uff1f\u95ee\u5df1\u5fc3\uff0c\u8f6c\u661f\u6cb3\uff0c\u7834\u82cd\u7a79\u3002\u3000\u3000\u4e00\u5200\u4e00\u5251\u6e38\u82cd\u832b\uff0c\u4e00\u9f99\u4e00\u51e4\u4e34\u5929\u4e0b.....", "title": "\u795e\u9053\u73e0", "url": "http://www.17k.com/book/2435561.html", "average": -1.0, "cover": "http://img.17k.com/images/bookcover/2017/12177/60/2435561-1490839664000.jpg", "reviews": 33187, "authors": [{"url": "http://www.17k.com/zuozhe/44230038", "name": "\u79cb\u98ce\u5e26\u8d70\u7684\u4e00\u7247\u843d\u53f6"}], "type": ["\u73b0\u4ee3\u4fee\u771f"], "outlinks": ["http://www.17k.com/book/2794982.html", "http://www.17k.com/book/2801292.html", "http://www.17k.com/book/2816318.html", "http://www.17k.com/book/2797575.html", "http://www.17k.com/book/2802516.html", "http://www.17k.com/book/2812195.html", "http://www.17k.com/book/2820143.html", "http://www.17k.com/book/2807943.html", "http://www.17k.com/book/2813457.html", "http://www.17k.com/book/2798058.html", "http://www.17k.com/book/2815617.html", "http://www.17k.com/book/2805259.html", "http://www.17k.com/book/2760255.html", "http://www.17k.com/book/2686894.html", "http://www.17k.com/book/2797016.html", "http://www.17k.com/book/2767246.html", "http://www.17k.com/book/2764239.html", "http://www.17k.com/book/2754498.html", "http://www.17k.com/book/2754900.html", "http://www.17k.com/book/2625740.html", "http://www.17k.com/book/2213315.html", "http://www.17k.com/book/2402178.html", "http://www.17k.com/book/2691221.html", "http://www.17k.com/book/2210699.html", "http://www.17k.com/book/1797752.html", "http://www.17k.com/book/2575507.html", "http://www.17k.com/book/2705181.html", "http://www.17k.com/book/2702539.html", "http://www.17k.com/book/2474887.html", "http://www.17k.com/book/2674733.html", "http://www.17k.com/book/2822076.html", "http://www.17k.com/book/2809894.html", "http://www.17k.com/book/2822077.html", "http://www.17k.com/book/2811930.html", "http://www.17k.com/book/2815548.html", "http://www.17k.com/book/2819620.html", "http://www.17k.com/book/2809964.html", "http://www.17k.com/book/2808200.html", "http://www.17k.com/book/2820100.html", "http://www.17k.com/book/2822978.html", "http://www.17k.com/book/2804337.html", "http://www.17k.com/book/2798814.html", "http://www.17k.com/book/2785153.html", "http://www.17k.com/book/2731559.html", "http://www.17k.com/book/2722533.html", "http://www.17k.com/book/2458377.html", "http://www.17k.com/book/2743300.html", "http://www.17k.com/book/973809.html", "http://www.17k.com/book/2651367.html", "http://www.17k.com/book/2726194.html", "http://www.17k.com/book/2790214.html", "http://www.17k.com/book/493239.html", "http://www.17k.com/book/108821.html", "http://www.17k.com/book/1398783.html", "http://www.17k.com/book/83528.html", "http://www.17k.com/book/1859126.html", "http://www.17k.com/book/1741975.html", "http://www.17k.com/book/192453.html", "http://www.17k.com/book/2459058.html", "http://www.17k.com/book/1050747.html", "http://www.17k.com/book/2700315.html", "http://www.17k.com/book/2818940.html", "http://www.17k.com/book/2819519.html", "http://www.17k.com/book/2816390.html", "http://www.17k.com/book/2819588.html", "http://www.17k.com/book/2813768.html", "http://www.17k.com/book/2822406.html", "http://www.17k.com/book/2772164.html", "http://www.17k.com/book/2784023.html", "http://www.17k.com/book/2811877.html", "http://www.17k.com/book/2809119.html", "http://www.17k.com/book/2803700.html", "http://www.17k.com/book/2819561.html", "http://www.17k.com/book/2746506.html", "http://www.17k.com/book/2811836.html", "http://www.17k.com/book/2614810.html", "http://www.17k.com/book/1592435.html", "http://www.17k.com/book/1949748.html", "http://www.17k.com/book/2265802.html", "http://www.17k.com/book/2743240.html", "http://www.17k.com/book/2657437.html", "http://www.17k.com/book/2644502.html", "http://www.17k.com/book/2199900.html", "http://www.17k.com/book/2725436.html", "http://www.17k.com/book/2629978.html"]}