{"ratings": -1, "userreviews": [{"userName": "Mi Yang", "userReviewDate": "2018-01-24", "userURL": "http://user.17k.com/59065753", "userReview": "[\u6253\u8d4f]\u6211\u6253\u8d4f\u4e868\u5143\u7ea2\u5305\uff01\uff01"}, {"userName": "17k_111087024772", "userReviewDate": "2018-01-04", "userURL": "http://user.17k.com/59204293", "userReview": "[\u6253\u8d4f]\u6211\u6253\u8d4f\u4e868\u5143\u7ea2\u5305\uff01\uff01"}, {"userName": "\ue030 \u5170 \ue030", "userReviewDate": "2018-04-26", "userURL": "http://user.17k.com/54534950", "userReview": "[\u6253\u8d4f]\u6211\u6253\u8d4f\u4e862\u5143\u7ea2\u5305\uff01\uff01"}, {"userName": "\u7d2b\u6c34\u6676lujinling", "userReviewDate": "2018-03-24", "userURL": "http://user.17k.com/60264394", "userReview": "\u8537\u513f\uff0c\u665a\u4e0a\u597d\uff0c\u52a0\u6cb9\u2196(^\u03c9^)\u2197"}, {"userName": "\u4f60\u7684\u540d\u5b57788878363", "userReviewDate": "2018-03-24", "userURL": "http://user.17k.com/59217918", "userReview": "[\u6253\u8d4f]\u6211\u6253\u8d4f\u4e861\u4e2a'\u5c0f\u5fc3\u5fc3'\uff01\uff01"}, {"userName": "\u84b8\u5ca9\u867e", "userReviewDate": "2018-03-22", "userURL": "http://user.17k.com/60313714", "userReview": "\u4e56\uff0c\u542c\u8bdd\uff0c\u522b\u770b\u6211\u5c0f\u8bf4\uff0c\u6211\u5199\u7684\u81ea\u5df1\u90fd\u4e0d\u770b"}, {"userName": "\u574f\u5c0f\u5b50\u7684\u7eaf\u60c5", "userReviewDate": "2018-03-22", "userURL": "http://user.17k.com/60383691", "userReview": "<a target='_blank' href='http://www.17k.com/book/2798234.html'>\u300a\u90aa\u6027\u6b8b\u60c5\u300b</a>\u8e6d\u8e6d\u70ed\u5ea6\uff0c\u5927\u5927\u7b14\u4e0b\u5999\u7b14\u751f\u82b1\uff0c\u732e\u4e11\u4e86\u3002"}, {"userName": "\u84b8\u5ca9\u867e", "userReviewDate": "2018-03-21", "userURL": "http://user.17k.com/60313714", "userReview": "<a target='_blank' href='http://www.17k.com/book/2790024.html'>\u300a\u91cd\u751f\u5f02\u754c\u514b\u9686\u673a\u300b</a>\u4e0d\u597d\u770b\u5c31\u4e0d\u6562\u6765\u8fd9\u6253\u5e7f\u544a\u4e86"}, {"userName": "\u84b8\u5ca9\u867e", "userReviewDate": "2018-03-21", "userURL": "http://user.17k.com/60313714", "userReview": "<a target='_blank' href='http://www.17k.com/book/2790024.html'>\u300a\u91cd\u751f\u5f02\u754c\u514b\u9686\u673a\u300b</a>\u6765\u8bbf\uff0c\u9c9c\u82b1\u652f\u6301\uff0c\u795d\u5927\u4f5c\u8d8a\u5199\u8d8a\u597d\uff0c\u65e9\u6210\u5927\u795e\uff01\u540c\u65f6\uff0c\u501f\u8d35\u5b9d\u5730\u6253\u4e2a\u5e7f\u544a\uff0c\u672c\u4eba\u4f5c\u54c1\u6b63\u5728\u8fde\u8f7d\uff0c\u6b22\u8fce\u5404\u4f4d\u6709\u5174\u8da3\u7684\u8bfb\u8005\u591a\u591a\u524d\u5f80\u652f\u6301\u3002"}, {"userName": "\u7d2b\u6c34\u6676lujinling", "userReviewDate": "2018-03-20", "userURL": "http://user.17k.com/60264394", "userReview": "\u6765\u8bbf\uff0c\u652f\u6301\uff0c\u52a0\u6cb9\u2196(^\u03c9^)\u2197"}, {"userName": "Ran611581350", "userReviewDate": "2018-03-20", "userURL": "http://user.17k.com/56734766", "userReview": "vhjhhf"}, {"userName": "\u4e03\u4e03\u5c45\u58eb", "userReviewDate": "2018-03-19", "userURL": "http://user.17k.com/49673469", "userReview": "\u597d\u4e66\u63a8\u8350<a target='_blank' href='http://www.17k.com/book/2792619.html'>\u300a\u719f\u5973\u7684\u54c1\u683c\u300b</a>"}, {"userName": "\u9c7cM\u5165", "userReviewDate": "2018-03-19", "userURL": "http://user.17k.com/60421163", "userReview": "\u5e0c\u671b\u6765\u770b\u4e00\u770b\u6211\u7684\u4e66 \u7a7f\u8d8a\u4e4b\u5c18\u7237\u79f0\u9738\u6821\u56ed\uff0c\u5973\u626e\u7537\u88c5\u95ef\u5a31\u4e50\u5708\u6587\uff0c\u6b22\u8fce\u6765\uff0c\u4e00\u65e5\u4e09\u66f4\u54e6\uff0c\u5728\u8fd9\u91cc\u6253\u5c0f\u5e7f\u544a\u4e5f\u5bf9\u4f5c\u8005\u8868\u793a\u6df1\u6df1\u7684\u6b49\u610f\uff0c\u5bf9\u4e0d\u8d77\u5bf9\u4e0d\u8d77\uff01\uff01\uff01"}, {"userName": "\u7a7a\u8c37\u7559\u60c5", "userReviewDate": "2018-03-18", "userURL": "http://user.17k.com/45016341", "userReview": "<a target='_blank' href='http://www.17k.com/book/2790998.html'>\u300a\u9738\u9053\u4e13\u5c5e\u300b</a>\u665a\u4e0a\u6765\u8bbf\u652f\u6301\uff0c\u5f88\u4e0d\u9519"}, {"userName": "\u8537\u8587\u73a5\u9171V", "userReviewDate": "2018-03-18", "userURL": "http://user.17k.com/55984899", "userReview": "\u652f\u6301\u5566\uff0c\u8537\u8587\u6765\u5566\uff0c\u4eca\u5929\u662f\u5468\u672b\uff0c\u201c\u732a\u201d\u4f60\u5468\u672b\u5feb\u4e50\u54e6\uff0c\u6b22\u8fce\u4f60\u7684\u518d\u6b21\u6765\u8bbf\uff5e\u03b5\u0e51\u2365\u0e51\u0437\u652f\u6301\u5450\uff5e"}, {"userName": "\u7d2b\u6c34\u6676lujinling", "userReviewDate": "2018-03-18", "userURL": "http://user.17k.com/60264394", "userReview": "\u68a6\u5e7b\u9e8b\u9e7f\u643a<a target='_blank' href='http://www.17k.com/book/2788572.html'>\u300a\u5996\u5b7d\u738b\u7237\u7684\u5e9f\u6750\u5c0f\u738b\u5983\u300b</a>\u6765\u8bbf\uff0c\u8bf7\u591a\u591a\u652f\u6301\uff0c\u6765\u4e2a\u6536\u85cf\u554a\uff01\u5df2\u6536\u85cf\uff0c\u5199\u5f97\u5f88\u597d\uff0c\u867d\u7136\u8fd8\u6ca1\u770b\u4e66\uff0c\u4f46\u662f\u770b\u5230\u7b80\u4ecb\u5c31\u77e5\u9053\u5185\u5bb9\u80af\u5b9a\u4e0d\u9519\uff0c\u559c\u6b22\u540e\u9762\u7b49\u5230\u4ed6\u601d\u7d22\u65f6\u8bf4\u51fa\u4e00\u53e5\u201c\u6211\u7231\u4f60\uff0c\u201d\u4e00\u4e0b\u89c9\u5f97\u7ec8\u4e8e\u4e0d\u662f\u5c0f\u4e09\u513f\u4e86\u3002\u52a0\u6cb9\uff0c\u8d8a\u5199\u8d8a\u7ea2\u706b \u795d\u5927\u5927\u65e9\u65e5\u6210\u795e\u3002"}, {"userName": "\u4f60\u7684\u540d\u5b57788878363", "userReviewDate": "2018-03-18", "userURL": "http://user.17k.com/59217918", "userReview": "[\u6253\u8d4f]\u6211\u6253\u8d4f\u4e861\u5143\u7ea2\u5305\uff01\uff01"}, {"userName": "A\u661f\u661f\u70b9\u706f", "userReviewDate": "2018-03-17", "userURL": "http://user.17k.com/55972875", "userReview": "\u597d\u4e66\u9700\u8981\u63a8\u5e7f\uff0c\u6b63\u80fd\u91cf!2018\u63a8\u8350\u4e00\u672c\u597d\u770b\u7684\u4e66<a target='_blank' href='http://www.17k.com/book/2551937.html'>\u300a\u8d85\u65b0\u4eba\u300b</a>\uff0c\u60ca\u9669\u523a\u6fc0\uff0c\u6d6a\u6f2b\u6ee1\u5c4b\uff0c\u70ed\u8840\u683c\u6597\uff0c\u751f\u6b7b\u7231\u604b\uff0c\u6696\u6627\u4e0d\u65ad\uff0c\u5929\u5929\u66f4\u65b0\uff0c\u8bf7\u591a\u5173\u7167\uff0c\u6765\u4e2a\u6536\u85cf\u554a!\uff0c\u70b9\u51fb\u4e66\u540d\u5c31\u53ef\u4ee5\u770b\u5230\u4e66\u4e86\u3002"}, {"userName": "A\u661f\u661f\u70b9\u706f", "userReviewDate": "2018-03-16", "userURL": "http://user.17k.com/55972875", "userReview": "\u597d\u4e66\u9700\u8981\u63a8\u5e7f\uff0c\u6b63\u80fd\u91cf!2018\u63a8\u8350\u4e00\u672c\u597d\u770b\u7684\u4e66<a target='_blank' href='http://www.17k.com/book/2551937.html'>\u300a\u8d85\u65b0\u4eba\u300b</a>\uff0c\u60ca\u9669\u523a\u6fc0\uff0c\u6d6a\u6f2b\u6ee1\u5c4b\uff0c\u70ed\u8840\u683c\u6597\uff0c\u751f\u6b7b\u7231\u604b\uff0c\u6696\u6627\u4e0d\u65ad\uff0c\u5929\u5929\u66f4\u65b0\uff0c\u8bf7\u591a\u5173\u7167\uff0c\u6765\u4e2a\u6536\u85cf\u554a!\uff0c\u70b9\u51fb\u4e66\u540d\u5c31\u53ef\u4ee5\u770b\u5230\u4e66\u4e86\u3002"}, {"userName": "Ran611581350", "userReviewDate": "2018-03-16", "userURL": "http://user.17k.com/56734766", "userReview": "xdf&amp;bj"}], "description": "\u83ab\u540d\u5176\u5999\u53d8\u6210\u5c0f\u4e09\uff0c\u7a00\u91cc\u7cca\u6d82\u5949\u5b50\u6210\u5a5a\u3002\u5c1a\u7fbd\u7487\u4ece\u4e0d\u6562\u60f3\uff0c\u5979\u771f\u7684\u80fd\u548c\u6697\u604b\u591a\u5e74\u7684\u90c1\u660e\u8f69\u7ed3\u4e3a\u592b\u59bb\u3002\u3000\u3000\u53ef\u5979\u7684\u5a5a\u59fb\u751f\u6d3b\u6ca1\u6709\u4e3e\u6848\u9f50\u7709\uff0c\u6ca1\u6709\u7434\u745f\u548c\u8c10\uff0c\u6709\u7684\u4ec5\u4ec5\u662f\u90c1\u660e\u8f69\u65e0\u4f11\u65e0\u6b62\u7684\u7f9e\u8fb1\u548c\u62a5\u590d\u3002\u5979\u8d8a\u59d4\u66f2\u6c42\u5168\uff0c\u5bf9\u65b9\u5c31\u8d8a\u53d8\u672c\u52a0\u5389\u3002\u3000\u3000\u7ec8\u4e8e\uff0c\u5979\u4e0d\u582a\u5fcd\u53d7\uff0c\u7b2c\u4e00\u6b21\u63d0\u51fa\u79bb\u5a5a\uff0c\u90c1\u660e\u8f69\u7b80\u7b80\u5355\u5355\u56de\u5979\u4e00\u53e5\uff1a\u6ca1\u95e8\u513f\uff01\u3000\u3000\u4e8e\u662f\uff0c\u5979\u60f3\u65b9\u8bbe\u6cd5\u7684\u9003\u79bb\u5bf9\u65b9\uff0c\u53ea\u6c42\u4e00\u4e2a\u89e3\u8131\u3002\u53ef\u515c\u515c\u8f6c\u8f6c\uff0c\u5979\u5374\u600e\u4e48\u4e5f\u9003\u4e0d\u51fa\u90c1\u660e\u8f69\u7684\u9b54\u638c\uff0c\u4e5f\u6570\u4e0d\u6e05\u5df2\u7ecf\u591a\u5c11\u6b21\u63d0\u51fa\u79bb\u5a5a\uff0c\u90c1\u660e\u8f69\u5168\u90fd\u4e00\u53e3\u56de\u7edd\u3002\u3000\u3000\u597d\u4e0d\u5bb9\u6613\uff0c\u7b49\u5230\u90c1\u660e\u8f69\u613f\u610f\u7a0d\u52a0\u601d\u7d22\u8fd9\u4e2a\u95ee\u9898\u7684\u65f6\u5019\uff0c\u5bf9\u65b9\u5374\u5410\u51fa\u4e00\u53e5\uff1a\u6211\u7231\u4f60\u2026\u2026", "title": "\u79bb\u5a5a\u5927\u4f5c\u6218", "url": "http://www.17k.com/book/2725336.html", "average": -1.0, "cover": "http://img.17k.com/images/bookcover/2017/13626/68/2725336-1513382089000.jpg", "reviews": 148136, "authors": [{"url": "http://www.17k.com/zuozhe/58519771", "name": "\u8537\u513f"}], "type": ["\u603b\u88c1\u8c6a\u95e8"], "outlinks": ["http://www.17k.com/book/2794982.html", "http://www.17k.com/book/2801292.html", "http://www.17k.com/book/2816318.html", "http://www.17k.com/book/2797575.html", "http://www.17k.com/book/2802516.html", "http://www.17k.com/book/2812195.html", "http://www.17k.com/book/2820143.html", "http://www.17k.com/book/2807943.html", "http://www.17k.com/book/2813457.html", "http://www.17k.com/book/2798058.html", "http://www.17k.com/book/2815617.html", "http://www.17k.com/book/2805259.html", "http://www.17k.com/book/2760255.html", "http://www.17k.com/book/2686894.html", "http://www.17k.com/book/2797016.html", "http://www.17k.com/book/2767246.html", "http://www.17k.com/book/2764239.html", "http://www.17k.com/book/2754498.html", "http://www.17k.com/book/2754900.html", "http://www.17k.com/book/2625740.html", "http://www.17k.com/book/2213315.html", "http://www.17k.com/book/2402178.html", "http://www.17k.com/book/2691221.html", "http://www.17k.com/book/2210699.html", "http://www.17k.com/book/1797752.html", "http://www.17k.com/book/2575507.html", "http://www.17k.com/book/2705181.html", "http://www.17k.com/book/2702539.html", "http://www.17k.com/book/2474887.html", "http://www.17k.com/book/2674733.html", "http://www.17k.com/book/2822076.html", "http://www.17k.com/book/2809894.html", "http://www.17k.com/book/2822077.html", "http://www.17k.com/book/2811930.html", "http://www.17k.com/book/2815548.html", "http://www.17k.com/book/2819620.html", "http://www.17k.com/book/2809964.html", "http://www.17k.com/book/2808200.html", "http://www.17k.com/book/2820100.html", "http://www.17k.com/book/2822978.html", "http://www.17k.com/book/2804337.html", "http://www.17k.com/book/2798814.html", "http://www.17k.com/book/2785153.html", "http://www.17k.com/book/2731559.html", "http://www.17k.com/book/2722533.html", "http://www.17k.com/book/2458377.html", "http://www.17k.com/book/2743300.html", "http://www.17k.com/book/973809.html", "http://www.17k.com/book/2651367.html", "http://www.17k.com/book/2726194.html", "http://www.17k.com/book/2790214.html", "http://www.17k.com/book/493239.html", "http://www.17k.com/book/108821.html", "http://www.17k.com/book/1398783.html", "http://www.17k.com/book/83528.html", "http://www.17k.com/book/1859126.html", "http://www.17k.com/book/1741975.html", "http://www.17k.com/book/192453.html", "http://www.17k.com/book/2459058.html", "http://www.17k.com/book/1050747.html", "http://www.17k.com/book/2700315.html", "http://www.17k.com/book/2818940.html", "http://www.17k.com/book/2819519.html", "http://www.17k.com/book/2816390.html", "http://www.17k.com/book/2819588.html", "http://www.17k.com/book/2813768.html", "http://www.17k.com/book/2822406.html", "http://www.17k.com/book/2772164.html", "http://www.17k.com/book/2784023.html", "http://www.17k.com/book/2811877.html", "http://www.17k.com/book/2809119.html", "http://www.17k.com/book/2803700.html", "http://www.17k.com/book/2819561.html", "http://www.17k.com/book/2746506.html", "http://www.17k.com/book/2811836.html", "http://www.17k.com/book/2614810.html", "http://www.17k.com/book/1592435.html", "http://www.17k.com/book/1949748.html", "http://www.17k.com/book/2265802.html", "http://www.17k.com/book/2743240.html", "http://www.17k.com/book/2657437.html", "http://www.17k.com/book/2644502.html", "http://www.17k.com/book/2199900.html", "http://www.17k.com/book/2725436.html", "http://www.17k.com/book/2629978.html"]}