{"ratings": -1, "userreviews": [{"userName": "\u03b6\u0e31\u0361\u0793\u0787\u0787\u0e53\u4e39", "userReviewDate": "2018-06-07", "userURL": "http://user.17k.com/62595297", "userReview": "[\u6253\u8d4f]\u6211\u6253\u8d4f\u4e862\u5143\u7ea2\u5305\uff01\uff01"}, {"userName": "\u03b6\u0e31\u0361\u0793\u0787\u0787\u0e53\u4e39", "userReviewDate": "2018-06-07", "userURL": "http://user.17k.com/62595297", "userReview": "mark \u52a0\u66f4\u52a0\u66f4"}, {"userName": "\u2740\u2740\u2740309184393", "userReviewDate": "2018-06-06", "userURL": "http://user.17k.com/61601975", "userReview": "\u5f20\u6625\u751f\u5f88\u840c\u554a"}, {"userName": "\u6843\u537f\u537f", "userReviewDate": "2018-06-05", "userURL": "http://user.17k.com/61309524", "userReview": "[\u6253\u8d4f]\u6211\u6253\u8d4f\u4e861\u5143\u7ea2\u5305\uff01\uff01"}, {"userName": "\u6843\u537f\u537f", "userReviewDate": "2018-06-05", "userURL": "http://user.17k.com/61309524", "userReview": "\u6253\u8d4f\u4e862\u6b21\u600e\u4e48\u4e0d\u663e\u793a\u554a\u5927\u5927\uff1f"}, {"userName": "\u6843\u537f\u537f", "userReviewDate": "2018-06-05", "userURL": "http://user.17k.com/61309524", "userReview": "[\u6253\u8d4f]\u6211\u6253\u8d4f\u4e861\u5143\u7ea2\u5305\uff01\uff01"}, {"userName": "\u6843\u537f\u537f", "userReviewDate": "2018-06-05", "userURL": "http://user.17k.com/61309524", "userReview": "\u5feb\u66f4\uff01\u5feb\u66f4\uff01\u770b\u7684\u4e0d\u8fc7\u763e\uff01"}, {"userName": "\u2026\u2026294091308", "userReviewDate": "2018-06-05", "userURL": "http://user.17k.com/61311581", "userReview": "\u52a0\u6cb9\u66f4\u65b0\u554a"}, {"userName": "\u2026\u2026294091308", "userReviewDate": "2018-06-05", "userURL": "http://user.17k.com/61311581", "userReview": "[\u6253\u8d4f]\u6211\u6253\u8d4f\u4e863\u5143\u7ea2\u5305\uff01\uff01"}, {"userName": "...283886690", "userReviewDate": "2018-06-04", "userURL": "http://user.17k.com/62373251", "userReview": "\u5927\u5927\u7ec8\u4e8e\u66f4\u65b0\u4e86\uff0c\u7b49\u7684\u597d\u8f9b\u82e6\uff0cO__O&quot;\u2026"}, {"userName": "...283886690", "userReviewDate": "2018-06-04", "userURL": "http://user.17k.com/62373251", "userReview": "[\u6253\u8d4f]\u6211\u6253\u8d4f\u4e861\u5143\u7ea2\u5305\uff01\uff01"}, {"userName": "\u7a7a\u5ead\u665a001", "userReviewDate": "2018-06-02", "userURL": "http://user.17k.com/60627241", "userReview": "\u6765\u4e86\uff0c\u6765\u4e86~\u4e48\u4e48\u54d2"}, {"userName": "\u7af9\u4e0b\u661f\u67f3", "userReviewDate": "2018-06-01", "userURL": "http://user.17k.com/56040077", "userReview": "\u5927\u5927\u513f\u7ae5\u8282\u5feb\u4e50\uff01"}, {"userName": "\u7a7a\u5ead\u665a001", "userReviewDate": "2018-05-31", "userURL": "http://user.17k.com/60627241", "userReview": "[\u6253\u8d4f]\u6211\u6253\u8d4f\u4e862\u5143\u7ea2\u5305\uff01\uff01"}, {"userName": "\u7a7a\u5ead\u665a001", "userReviewDate": "2018-05-31", "userURL": "http://user.17k.com/60627241", "userReview": "\u606d\u559c\u4eb2\u7231\u54d2"}, {"userName": "...283886690", "userReviewDate": "2018-05-31", "userURL": "http://user.17k.com/62373251", "userReview": "[\u6253\u8d4f]\u6211\u6253\u8d4f\u4e862\u5143\u7ea2\u5305\uff01\uff01"}, {"userName": "\u2026\u2026294091308", "userReviewDate": "2018-05-30", "userURL": "http://user.17k.com/61311581", "userReview": "[\u6253\u8d4f]\u6211\u6253\u8d4f\u4e861\u5143\u7ea2\u5305\uff01\uff01"}, {"userName": "\u98a0\u98a0941698955", "userReviewDate": "2018-05-29", "userURL": "http://user.17k.com/62308642", "userReview": "\u597d\u4e66\u597d\u4e66\uff0c\u4f5c\u8005\u5927\u5927\u52a0\u6cb9"}, {"userName": "\u7af9\u4e0b\u661f\u67f3", "userReviewDate": "2018-05-28", "userURL": "http://user.17k.com/56040077", "userReview": "\u52a0\u6cb9\uff01\u4eb2\u7231\u7684\u5927\u5927\u3002"}, {"userName": "\u2026\u2026294091308", "userReviewDate": "2018-05-28", "userURL": "http://user.17k.com/61311581", "userReview": "\u671f\u5f85\u5973\u4e3b\u6253\u8138\u6781\u54c1"}], "description": "\u6881\u7eff\u73e0\u7a7f\u8d8a\u4e86\uff0c\u7a7f\u8d8a\u6210\u4e86\u4e00\u4e2a\u8fd8\u6ca1\u5706\u623f\u5c31\u88ab\u9000\u8d27\u7684\u519c\u5bb6\u5f03\u5987\u3002\u3000\u3000\u60f3\u63e9\u6cb9\uff0c\u6eda\uff01\u8981\u5356\u5979\uff0c\u6253\uff01\u7eff\u8336\u5a4a\u5e26\u7740\u524d\u592b\u4e0a\u95e8\u6311\u8845\uff0c\u4e00\u8d77\u63cd\uff01\u3000\u3000\u79cd\u5730\uff0c\u5356\u836f\uff0c\u6495\u6781\u54c1\uff0c\u5f03\u5987\u4e5f\u5996\u5a06\u3002\u3000\u3000\u7b49\u7b49\uff0c\u8fd9\u65e0\u8d56\u600e\u4e48\u5c31\u7f20\u7740\u81ea\u5df1\u4e0d\u653e\u4e86\uff1f\u5bf9\u4e0d\u8d77\uff0c\u59d0\u53ea\u7231\u94b1\uff01\u3000\u3000\u67d0\u7537\uff1a\u9ec4\u91d1\u7684\u8f7f\u64b5\uff0c\u9519\u5c42\u5f0f\u7684\u738b\u5e9c\u00b7\u00b7\u00b7\u00b7\u00b7\u00b7\u7237\uff0c\u7231\u4f60\u5982\u547d\u3002", "title": "\u7a7f\u8d8a\u4e4b\u6781\u54c1\u519c\u5bb6", "url": "http://www.17k.com/book/2822491.html", "average": -1.0, "cover": "http://img.17k.com/images/bookcover/2018/14112/70/2822491-1526881104000.jpg", "reviews": 19910, "authors": [{"url": "http://www.17k.com/zuozhe/61594826", "name": "\u5341\u4e09\u4e3b"}], "type": ["\u7ecf\u5546\u79cd\u7530"], "outlinks": ["http://www.17k.com/book/2794982.html", "http://www.17k.com/book/2801292.html", "http://www.17k.com/book/2816318.html", "http://www.17k.com/book/2797575.html", "http://www.17k.com/book/2802516.html", "http://www.17k.com/book/2812195.html", "http://www.17k.com/book/2820143.html", "http://www.17k.com/book/2807943.html", "http://www.17k.com/book/2813457.html", "http://www.17k.com/book/2798058.html", "http://www.17k.com/book/2815617.html", "http://www.17k.com/book/2805259.html", "http://www.17k.com/book/2760255.html", "http://www.17k.com/book/2686894.html", "http://www.17k.com/book/2797016.html", "http://www.17k.com/book/2767246.html", "http://www.17k.com/book/2764239.html", "http://www.17k.com/book/2754498.html", "http://www.17k.com/book/2754900.html", "http://www.17k.com/book/2625740.html", "http://www.17k.com/book/2213315.html", "http://www.17k.com/book/2402178.html", "http://www.17k.com/book/2691221.html", "http://www.17k.com/book/2210699.html", "http://www.17k.com/book/1797752.html", "http://www.17k.com/book/2575507.html", "http://www.17k.com/book/2705181.html", "http://www.17k.com/book/2702539.html", "http://www.17k.com/book/2474887.html", "http://www.17k.com/book/2674733.html", "http://www.17k.com/book/2822076.html", "http://www.17k.com/book/2809894.html", "http://www.17k.com/book/2822077.html", "http://www.17k.com/book/2811930.html", "http://www.17k.com/book/2815548.html", "http://www.17k.com/book/2819620.html", "http://www.17k.com/book/2809964.html", "http://www.17k.com/book/2808200.html", "http://www.17k.com/book/2820100.html", "http://www.17k.com/book/2822978.html", "http://www.17k.com/book/2804337.html", "http://www.17k.com/book/2798814.html", "http://www.17k.com/book/2785153.html", "http://www.17k.com/book/2731559.html", "http://www.17k.com/book/2722533.html", "http://www.17k.com/book/2458377.html", "http://www.17k.com/book/2743300.html", "http://www.17k.com/book/973809.html", "http://www.17k.com/book/2651367.html", "http://www.17k.com/book/2726194.html", "http://www.17k.com/book/2790214.html", "http://www.17k.com/book/493239.html", "http://www.17k.com/book/108821.html", "http://www.17k.com/book/1398783.html", "http://www.17k.com/book/83528.html", "http://www.17k.com/book/1859126.html", "http://www.17k.com/book/1741975.html", "http://www.17k.com/book/192453.html", "http://www.17k.com/book/2459058.html", "http://www.17k.com/book/1050747.html", "http://www.17k.com/book/2700315.html", "http://www.17k.com/book/2818940.html", "http://www.17k.com/book/2819519.html", "http://www.17k.com/book/2816390.html", "http://www.17k.com/book/2819588.html", "http://www.17k.com/book/2813768.html", "http://www.17k.com/book/2822406.html", "http://www.17k.com/book/2772164.html", "http://www.17k.com/book/2784023.html", "http://www.17k.com/book/2811877.html", "http://www.17k.com/book/2809119.html", "http://www.17k.com/book/2803700.html", "http://www.17k.com/book/2819561.html", "http://www.17k.com/book/2746506.html", "http://www.17k.com/book/2811836.html", "http://www.17k.com/book/2614810.html", "http://www.17k.com/book/1592435.html", "http://www.17k.com/book/1949748.html", "http://www.17k.com/book/2265802.html", "http://www.17k.com/book/2743240.html", "http://www.17k.com/book/2657437.html", "http://www.17k.com/book/2644502.html", "http://www.17k.com/book/2199900.html", "http://www.17k.com/book/2725436.html", "http://www.17k.com/book/2629978.html"]}