{"ratings": -1, "userreviews": [{"userName": "\u83b3\u83b3\u7231\u5403\u7cd6", "userReviewDate": "2017-08-01", "userURL": "http://user.17k.com/44590838", "userReview": "<span style='color:black'>\u5ba2\u4e32\u8d34\uff1a \u60f3\u8981\u5ba2\u4e32\u7684\u540c\u5b66\u53ef\u4ee5\u7559\u8a00\u54c8\u3002 \u5c06\u60f3\u8981\u5ba2\u4e32\u7684\uff1a\u540d\u5b57\u3001\u6027\u522b\u3001\u80cc\u666f\u3001\u6027\u683c~\u7559\u4e0b\u5c31\u597d~~~</span>"}, {"userName": "\u83b3\u83b3\u7231\u5403\u7cd6", "userReviewDate": "2017-08-01", "userURL": "http://user.17k.com/44590838", "userReview": "\u5e7f\u544a\u697c\uff0c\u6253\u5e7f\u544a\u7684\u8bf7\u8fdb~~~\u5e0c\u671b\u5728\u8fd9\u91cc\u9762\u53d1\u4e66\u94fe\u63a5\uff0c\u4e5f\u65b9\u4fbf\u8bfb\u8005\u7ffb\u9605\u56de\u8bbf\uff0c\u4e66\u8bc4\u533a\u5bb9\u6613\u57cb\u6389~~~"}, {"userName": "\u5f69\u6d2a\u59d0", "userReviewDate": "2018-06-07", "userURL": "http://user.17k.com/58633832", "userReview": "\u590f\u5b89\u597d\uff0c\uff0c\u3002\u3002\u3002"}, {"userName": "17K\u4e66\u53cbhjbc7mjq", "userReviewDate": "2018-06-07", "userURL": "http://user.17k.com/57992586", "userReview": "\u6709\u559c\u6b22\u770b\u7684\u5417"}, {"userName": "17K\u4e66\u53cbg95gzw2x", "userReviewDate": "2018-06-05", "userURL": "http://user.17k.com/55639681", "userReview": "\u4e0d\u9519\u7684\u5427\u7684"}, {"userName": "17K\u4e66\u53cbIRXSVT40", "userReviewDate": "2018-06-05", "userURL": "http://user.17k.com/61811655", "userReview": "\u4e5f\u662f\u592a\u79bb\u8c31\u4e86\u5427"}, {"userName": "\u62a4\u6c5d\u4e4b\u540d", "userReviewDate": "2018-06-05", "userURL": "http://user.17k.com/60600119", "userReview": "\u3002\u3002\u3002\u3002\u3002"}, {"userName": "fruit779866240", "userReviewDate": "2018-06-03", "userURL": "http://user.17k.com/59902183", "userReview": "(&nbsp;\uff70\u0300\u03b5\uff70\u0301&nbsp;)\uff5e(\uffe3\u25bd\uffe3\uff5e)~"}, {"userName": "\u5f69\u6d2a\u59d0", "userReviewDate": "2018-06-02", "userURL": "http://user.17k.com/58633832", "userReview": "\u597d\u5427\uff0c\u7ee7\u7eed"}, {"userName": "Min109544649", "userReviewDate": "2018-06-02", "userURL": "http://user.17k.com/61364054", "userReview": "666666"}, {"userName": "\u51e4\u98de\u84dd\u5929146880665", "userReviewDate": "2018-06-01", "userURL": "http://user.17k.com/59999467", "userReview": "\u6545\u4e8b\u8fd8\u4e0d\u9519"}, {"userName": "\u5f69\u6d2a\u59d0", "userReviewDate": "2018-05-31", "userURL": "http://user.17k.com/58633832", "userReview": "\u4e0d\u9051\u591a\u8ba9\uff0c\u55ef\uff0c\u7a7a\u65e0\u4e00\u7269"}, {"userName": "\u51e4\u98de\u84dd\u5929146880665", "userReviewDate": "2018-05-31", "userURL": "http://user.17k.com/59999467", "userReview": "\u592a\u6709\u610f\u601d\u4e86"}, {"userName": "\u5317\u5e84", "userReviewDate": "2018-05-30", "userURL": "http://user.17k.com/57496771", "userReview": "\u54c7\uff0c\u5927\u795e\u554a\uff0c\u554a\u54c8\u54c8"}, {"userName": "17K\u4e66\u53cbmfgz9zlv", "userReviewDate": "2018-05-30", "userURL": "http://user.17k.com/59148268", "userReview": "66666"}, {"userName": "17K\u4e66\u53cbg95gzw2x", "userReviewDate": "2018-05-29", "userURL": "http://user.17k.com/55639681", "userReview": "\u4e0d\u9519\u7684\u6545\u4e8b"}, {"userName": "\u9759468017831", "userReviewDate": "2018-05-29", "userURL": "http://user.17k.com/56249465", "userReview": "\u5728\u8ffd\u770b\u4e2d\u2026\u2026"}, {"userName": "\u5f69\u6d2a\u59d0", "userReviewDate": "2018-05-29", "userURL": "http://user.17k.com/58633832", "userReview": "\u6307\u65fa\u7406\u8d22\uff0c"}, {"userName": "\u5f69\u6d2a\u59d0", "userReviewDate": "2018-05-29", "userURL": "http://user.17k.com/58633832", "userReview": "\u6307\u65fa\u7406\u8d22\uff0c"}, {"userName": "\u4eca\u751f\u6c34\u8d77", "userReviewDate": "2018-05-29", "userURL": "http://user.17k.com/57337328", "userReview": "\u62dc\u8bfb\u5b66\u4e60\uff0c\u4e0a\u5348\u597d!"}], "description": "\u590f\u5b89\u597d\u89c9\u5f97\u4eba\u751f\u6700\u5012\u9709\u7684\u4e8b\u60c5\u83ab\u8fc7\u4e8e\uff1a\u8ddf\u4e86\u4e2a\u8179\u9ed1\u4e0a\u53f8\uff0c\u5ac1\u4e86\u4e2a\u6d41\u6c13\u8001\u516c\uff01\u3000\u3000\u695a\u6cfd\u89c9\u5f97\u4eba\u751f\u6700\u5e78\u8fd0\u7684\u4e8b\u60c5\u83ab\u8fc7\u4e8e\uff1a\u627e\u4e86\u4e2a\u50b2\u5a07\u52a9\u7406\uff0c\u5a36\u4e86\u4e2a\u8822\u840c\u8001\u5a46\uff01\u3000\u3000\u2026\u2026\u3000\u3000\u590f\u5b89\u597d\u672c\u4ee5\u4e3a\u8bef\u6253\u8bef\u649e\uff0c\u78b0\u5230\u4e86\u4e00\u4e2a\u6765\u8def\u4e0d\u660e\u7684\u4e34\u65f6\u8001\u516c\uff0c\u53ef\u4e3a\u4ec0\u4e48\u5bf9\u65b9\u6447\u8eab\u4e00\u53d8\u5c45\u7136\u6210\u4e86\u5979\u9876\u5934\u4e0a\u53f8\uff1f\u8fd8\u662f\u4e00\u4e2a\u5149\u73af\u8426\u7ed5\u7684\u56fd\u9645\u8c03\u67e5\u673a\u6784\u7684\u5927boss\uff1f\u3000\u3000\u6700\u6700\u6700\u5173\u952e\u7684\u662f\uff0c\u597d\u7aef\u7aef\u7684\u4e00\u679a\u7981\u6b32\u7cfb\u7537\u795e\uff0c\u4e3a\u4ec0\u4e48\u5728\u6d41\u6c13\u7684\u8def\u4e0a\u4e00\u53bb\u4e0d\u590d\u8fd4\u4e86\uff1f", "title": "\u7b2c\u4e00\u5a5a\u5ba0\uff1a\u8179\u9ed1\u8001\u516c\u522b\u95f9\u4e86", "url": "http://www.17k.com/book/2575507.html", "average": -1.0, "cover": "http://img.17k.com/images/bookcover/2017/12877/64/2575507-1501568255000.jpg", "reviews": 6005609, "authors": [{"url": "http://www.17k.com/zuozhe/44590838", "name": "\u83b3\u83b3"}], "type": ["\u5a5a\u604b\u7231\u60c5"], "outlinks": ["http://www.17k.com/book/2794982.html", "http://www.17k.com/book/2801292.html", "http://www.17k.com/book/2816318.html", "http://www.17k.com/book/2797575.html", "http://www.17k.com/book/2802516.html", "http://www.17k.com/book/2812195.html", "http://www.17k.com/book/2820143.html", "http://www.17k.com/book/2807943.html", "http://www.17k.com/book/2813457.html", "http://www.17k.com/book/2798058.html", "http://www.17k.com/book/2815617.html", "http://www.17k.com/book/2805259.html", "http://www.17k.com/book/2760255.html", "http://www.17k.com/book/2686894.html", "http://www.17k.com/book/2797016.html", "http://www.17k.com/book/2767246.html", "http://www.17k.com/book/2764239.html", "http://www.17k.com/book/2754498.html", "http://www.17k.com/book/2754900.html", "http://www.17k.com/book/2625740.html", "http://www.17k.com/book/2213315.html", "http://www.17k.com/book/2402178.html", "http://www.17k.com/book/2691221.html", "http://www.17k.com/book/2210699.html", "http://www.17k.com/book/1797752.html", "http://www.17k.com/book/2575507.html", "http://www.17k.com/book/2705181.html", "http://www.17k.com/book/2702539.html", "http://www.17k.com/book/2474887.html", "http://www.17k.com/book/2674733.html", "http://www.17k.com/book/2822076.html", "http://www.17k.com/book/2809894.html", "http://www.17k.com/book/2822077.html", "http://www.17k.com/book/2811930.html", "http://www.17k.com/book/2815548.html", "http://www.17k.com/book/2819620.html", "http://www.17k.com/book/2809964.html", "http://www.17k.com/book/2808200.html", "http://www.17k.com/book/2820100.html", "http://www.17k.com/book/2822978.html", "http://www.17k.com/book/2804337.html", "http://www.17k.com/book/2798814.html", "http://www.17k.com/book/2785153.html", "http://www.17k.com/book/2731559.html", "http://www.17k.com/book/2722533.html", "http://www.17k.com/book/2458377.html", "http://www.17k.com/book/2743300.html", "http://www.17k.com/book/973809.html", "http://www.17k.com/book/2651367.html", "http://www.17k.com/book/2726194.html", "http://www.17k.com/book/2790214.html", "http://www.17k.com/book/493239.html", "http://www.17k.com/book/108821.html", "http://www.17k.com/book/1398783.html", "http://www.17k.com/book/83528.html", "http://www.17k.com/book/1859126.html", "http://www.17k.com/book/1741975.html", "http://www.17k.com/book/192453.html", "http://www.17k.com/book/2459058.html", "http://www.17k.com/book/1050747.html", "http://www.17k.com/book/2700315.html", "http://www.17k.com/book/2818940.html", "http://www.17k.com/book/2819519.html", "http://www.17k.com/book/2816390.html", "http://www.17k.com/book/2819588.html", "http://www.17k.com/book/2813768.html", "http://www.17k.com/book/2822406.html", "http://www.17k.com/book/2772164.html", "http://www.17k.com/book/2784023.html", "http://www.17k.com/book/2811877.html", "http://www.17k.com/book/2809119.html", "http://www.17k.com/book/2803700.html", "http://www.17k.com/book/2819561.html", "http://www.17k.com/book/2746506.html", "http://www.17k.com/book/2811836.html", "http://www.17k.com/book/2614810.html", "http://www.17k.com/book/1592435.html", "http://www.17k.com/book/1949748.html", "http://www.17k.com/book/2265802.html", "http://www.17k.com/book/2743240.html", "http://www.17k.com/book/2657437.html", "http://www.17k.com/book/2644502.html", "http://www.17k.com/book/2199900.html", "http://www.17k.com/book/2725436.html", "http://www.17k.com/book/2629978.html"]}