{"ratings": -1, "userreviews": [{"userName": "\u5e0c\u671b\u7684\u9633\u5149469342051", "userReviewDate": "2018-03-24", "userURL": "http://user.17k.com/60572144", "userReview": "\u4f5c\u8005\u5feb\u66f4\u65b0"}, {"userName": "\u574f\u5c0f\u5b50\u7684\u7eaf\u60c5", "userReviewDate": "2018-03-22", "userURL": "http://user.17k.com/60383691", "userReview": "<a target='_blank' href='http://www.17k.com/book/2798234.html'>\u300a\u90aa\u6027\u6b8b\u60c5\u300b</a>\u8e6d\u8e6d\u70ed\u5ea6\uff0c\u5927\u5927\u7b14\u4e0b\u5999\u7b14\u751f\u82b1\uff0c\u732e\u4e11\u4e86\u3002"}, {"userName": "\u4e0a\u9690", "userReviewDate": "2018-03-20", "userURL": "http://user.17k.com/60452844", "userReview": "\u652f\u6301\u65b0\u4e66<a target='_blank' href='http://www.17k.com/book/2795337.html'>\u300a\u4e91\u7b08\u51a5\u9f99\u300b</a>\uff0c\u652f\u6301\u4e92\u8bbf"}, {"userName": "\u591c\u9b45\u661f\u8fb0\u672c\u5c0a", "userReviewDate": "2018-03-15", "userURL": "http://user.17k.com/15601070", "userReview": "\u86ee\u559c\u6b22\u7684\uff0c\u52a0\u6cb9\u52a0\u6cb9\uff0c\u6536\u85cf\u652f\u6301\u4e86"}, {"userName": "\u7a7a\u8c37\u7559\u60c5", "userReviewDate": "2018-03-14", "userURL": "http://user.17k.com/45016341", "userReview": "<a target='_blank' href='http://www.17k.com/book/2790998.html'>\u300a\u9738\u9053\u4e13\u5c5e\u300b</a>\u6765\u8bbf\uff0c\u5927\u5927\u5199\u5f97\u5f88\u597d\uff0c\u5df2\u7ecf\u6536\u85cf\uff0c\u671f\u5f85\u56de\u8bbf\u548c\u6536\u85cf"}, {"userName": "\u7a7a\u8c37\u7559\u60c5", "userReviewDate": "2018-03-14", "userURL": "http://user.17k.com/45016341", "userReview": "\u4e00\u672c\u597d\u770b\u7684\u4e66<a target='_blank' href='http://www.17k.com/book/2790998.html'>\u300a\u9738\u9053\u4e13\u5c5e\u300b</a>\u6821\u56ed\u603b\u88c1\u957f\u817f\u738b\u5b50\u3001\u9752\u6885\u7af9\u9a6c\u6587<a target='_blank' href='http://www.17k.com/book/2790998.html'>\u300a\u9738\u9053\u4e13\u5c5e\u300b</a>\u524d\u6765\u652f\u6301\uff0c\u559c\u6b22\u7684\u53ef\u4ee5\u6536\u85cf\u8fd8\u6709\u6295\u7968\uff0c\u8c22\u8c22\u3002\u7b80\u4ecb\uff1a\u65bd\u96e8\u7af9\u76ee\u5149\u5446\u6ede\u5730\u770b\u7740\u957f\u817f\u5e05\u54e5\u5149\u7740\u7684\u4e0a\u534a\u8eab\u597d\u534a\u664c\uff0c\u56de\u8fc7\u795e\u6765\u540e\u4f38\u624b\u64e6\u4e86\u64e6\u5634\u89d2\u6839\u672c\u4e0d\u5b58\u5728\u7684\u53e3\u6c34\uff0c\u5979\u662f\u5e94\u8be5\u8d81\u673a\u628a\u5bf9\u65b9\u7684\u4e0a\u8863\u90fd\u8131\u5149\u5462\uff0c\u8fd8\u662f\u5c31\u8fd9\u4e48\u5e2e\u5bf9\u65b9\u64e6\u4e00\u4e0b\u4e0a\u8eab\u7ee7\u7eed\u7a7f\u56de\u53bb\uff1f"}, {"userName": "\u5e05\u70b8\u82cd\u7a79\u7684\u82cf\u9177", "userReviewDate": "2018-03-08", "userURL": "http://user.17k.com/51553324", "userReview": "\u5594\u3002\u53ef\u4ee5\u53ef\u4ee5\u8fd9\u5f88\u603b\u88c1\u6587"}, {"userName": "\u68a6\u5929\u4f51", "userReviewDate": "2018-03-04", "userURL": "http://user.17k.com/60195100", "userReview": "\u65b0\u4eba\u643a<a target='_blank' href='http://www.17k.com/book/2786186.html'>\u300a\u5e7f\u4e1c\u7231\u60c5\u6545\u4e8b\u300b</a>\u6765\u8bbf\uff0c\u7b7e\u5230\uff0c\u652f\u6301"}, {"userName": "A\u725b\u9b54\u738b", "userReviewDate": "2018-03-02", "userURL": "http://user.17k.com/56738425", "userReview": "\u597d\u4e66\u9700\u8981\u63a8\u5e7f\uff0c\u6b63\u80fd\u91cf!2018\u63a8\u8350\u4e00\u672c\u597d\u770b\u7684\u4e66<a target='_blank' href='http://www.17k.com/book/2551937.html'>\u300a\u8d85\u65b0\u4eba\u300b</a>\uff0c\u60ca\u9669\u523a\u6fc0\uff0c\u6d6a\u6f2b\u6ee1\u5c4b\uff0c\u70ed\u8840\u683c\u6597\uff0c\u751f\u6b7b\u7231\u604b\uff0c\u6696\u6627\u4e0d\u65ad\uff0c\u5929\u5929\u66f4\u65b0\uff0c\u8bf7\u591a\u5173\u7167\uff0c\u6765\u4e2a\u6536\u85cf\u554a!\uff0c\u70b9\u51fb\u4e66\u540d\u5c31\u53ef\u4ee5\u770b\u5230\u4e66\u4e86\u3002"}, {"userName": "\u6697\u591c\u6d41\u661f\u98de", "userReviewDate": "2018-02-27", "userURL": "http://user.17k.com/46865324", "userReview": "<a target='_blank' href='http://www.17k.com/book/2717155.html'>\u300a\u9082\u9005\u5973\u795e\u7231\u4e0a\u6211\u300b</a>\u6765\u8bbf\u5b66\u4e60\u3002"}, {"userName": "\u6708\u843d\u68a6\u8ffd\u5fc6", "userReviewDate": "2018-02-26", "userURL": "http://user.17k.com/57478135", "userReview": "\u5600\u2014\u2014\u652f\u6301\u5361=\uffe3\u03c9\uffe3=\u5348\u597d"}, {"userName": "\u848b\u5b87\u98de8327", "userReviewDate": "2018-02-24", "userURL": "http://user.17k.com/57652012", "userReview": "<a target='_blank' href='http://www.17k.com/book/2672901.html'>\u300a\u960e\u7f57\u79d8\u53f2\u300b</a>\u6765\u8bbf\uff0c\u5c0f\u82b1\u5348\u597d"}, {"userName": "\u7d2b\u8559\u8559", "userReviewDate": "2018-02-23", "userURL": "http://user.17k.com/54596030", "userReview": "\u652f\u6301\u597d\u4e66\uff01\uff01"}, {"userName": "\u661f\u7a7a\u591c\u68a6\u58f9", "userReviewDate": "2018-02-23", "userURL": "http://user.17k.com/58116533", "userReview": "\u5f00\u5fc3\u9ebb\u82b1\u5927\u5927\u4e0b\u5348\u597d\uff01\uff08\u8bdd\u8bf4\u8fd9\u4e2a\u7b14\u540d\u597d\u522b\u81f4\u5594\uff09\u52a0\u6cb9\uff0c\u7ee7\u7eed\u52aa\u529b\u521b\u4f5c\u54df\uff01\u95f2\u6687\u4e4b\u4f59\uff0c\u559c\u6b22\u5728\u699c\u5355\u4e0a\u627e\u4e66\u770b\uff0c\u4e8e\u662f\u65e0\u610f\u4e2d\u70b9\u5f00\u4e86\u4f60\u7684\u5927\u4f5c\u3002\u7c97\u7565\u7684\u770b\u4e86\u51e0\u7ae0\uff0c\u987a\u5e26\u6597\u80c6\u70b9\u8bc4\u4e00\u4e0b\u3002\u661f\u7a7a\u624d\u758f\u5b66\u6d45\uff0c\u5634\u4e5f\u6bd4\u8f83\u7b28\uff0c\u8bf4\u4e0d\u51fa\u4ec0\u4e48\u4e13\u4e1a\u8bc4\u8bed\uff0c\u53ea\u8bf4\u4e00\u4e9b\u4e2a\u4eba\u770b\u4e66\u540e\u7684\u5fc3\u5f97\u5427\uff0c\u975e\u4e13\u4e1a\u4eba\u58eb\uff0c\u8bc4\u8bf4\u5f97\u4e0d\u662f\u90a3\u4e48\u2026\u2026\uff0c\u4f60\u5e94\u8be5\u77e5\u9053\u7684 \u95f2\u8bdd\u4e0d\u591a\u8bf4\u4e86\uff0c\u59d1\u4e14\u8bf4\u4e00\u4e0b\u770b\u4e66\u4e4b\u540e\u7684\u4e00\u70b9\u4f53\u4f1a\u5427\uff1a\u4e0d\u5f97\u4e0d\u8bf4\uff0c\u4f60\u7684\u4e66\u4e0d\u9519\u54e6\uff0c\u6587\u7b14\u96bd\u6c38\uff0c\u6587\u91c7\u98de\u626c\uff0c \u7b14\u4e0b\u751f\u82b1\uff0c\u60c5\u8282\u8dcc\u5b95\u8d77\u4f0f\uff0c\u5185\u5bb9\u4e30\u5bcc\u591a\u5f69\uff0c\u975e\u5e38\u5438\u5f15\u773c\u7403\uff0c\u800c\u4e14\u4ee3\u5165\u611f\u975e\u5e38\u5f3a\u80fd\u591f\u5f15\u4eba\u5165\u80dc\uff0c\u8ba9\u8bfb\u8005\u8bfb\u4e4b\u72b9\u5982\u7f6e\u8eab\u5176\u4e2d\u3002\u6587\u4e2d\u4e3b\u89d2\u6027\u683c\u9971\u6ee1\uff0c\u6709\u8840\u6709\u8089\uff0c\u914d\u89d2\u4e5f\u4e0d\u843d\u4e0b\u98ce\uff0c\u4e5f\u6709\u4ed6\uff08\u5979\uff09\u7cbe\u5f69\u7684\u6545\u4e8b\u3002\u60c5\u611f\u7ec6\u817b\uff0c\u7ec6\u8282\u63cf\u5199\u5f97\u975e\u5e38\u68d2\uff0c\u73af\u5883\u63cf\u5199\u4e5f\u6070\u5230\u597d\u5904\uff0c\u7edd\u4e0d..."}, {"userName": "\u5f20\u7b11\u8473", "userReviewDate": "2018-02-22", "userURL": "http://user.17k.com/59636672", "userReview": "\u4f5c\u8005\u66f4\u65b0\u5feb\u70b9"}, {"userName": "17K\u4e66\u53cbFW06U03L", "userReviewDate": "2018-02-20", "userURL": "http://user.17k.com/59174894", "userReview": "[\u6253\u8d4f]\u6211\u6253\u8d4f\u4e862\u5143\u7ea2\u5305\uff01\uff01"}, {"userName": "17K\u4e66\u53cbjauw96m0", "userReviewDate": "2018-02-14", "userURL": "http://user.17k.com/59049192", "userReview": "[\u6253\u8d4f]\u6211\u6253\u8d4f\u4e862\u5143\u7ea2\u5305\uff01\uff01"}, {"userName": "A\u725b\u9b54\u738b", "userReviewDate": "2018-02-11", "userURL": "http://user.17k.com/56738425", "userReview": "\u63a8\u8350\u4e00\u672c\u597d\u770b\u7684\u4e66<a target='_blank' href='http://www.17k.com/book/2551937.html'>\u300a\u8d85\u65b0\u4eba\u300b</a>\uff0c\u60ca\u9669\u523a\u6fc0\uff0c\u6d6a\u6f2b\u6ee1\u5c4b\uff0c\u70ed\u8840\u683c\u6597\uff0c\u751f\u6b7b\u7231\u604b\uff0c\u6696\u6627\u4e0d\u65ad\uff0c\u5929\u5929\u66f4\u65b0\uff0c\u8bf7\u591a\u5173\u7167\uff0c\u6765\u4e2a\u6536\u85cf\u554a!\uff0c\u70b9\u51fb\u4e66\u540d\u5c31\u53ef\u4ee5\u770b\u5230\u4e66\u4e86\u3002"}, {"userName": "kool\u6377", "userReviewDate": "2018-02-11", "userURL": "http://user.17k.com/56730892", "userReview": "\u63a8\u8350\u4e00\u672c\u597d\u770b\u7684\u4e66<a target='_blank' href='http://www.17k.com/book/2728167.html'>\u300a\u6211\u548c\u5996\u517d\u6709\u4e2a\u7ea6\u4f1a\u300b</a>\uff0c\u60ca\u9669\u523a\u6fc0\uff0c\u6d6a\u6f2b\u6ee1\u5c4b\uff0c\u70ed\u8840\u683c\u6597\uff0c\u751f\u6b7b\u7231\u604b\uff0c\u6696\u6627\u4e0d\u65ad\uff0c\u5929\u5929\u66f4\u65b0\uff0c\u8bf7\u591a\u5173\u7167\uff0c\u6765\u4e2a\u6536\u85cf\u554a!\uff0c\u70b9\u51fb\u4e66\u540d\u5c31\u53ef\u4ee5\u770b\u5230\u4e66\u4e86\u3002"}, {"userName": "\u5c0f\u767d\u5c0f\u767dTWO", "userReviewDate": "2018-02-11", "userURL": "http://user.17k.com/59792440", "userReview": "\u524d\u8f88\u4e66\u5199\u7684\u771f\u7684\u5f88\u597d\uff01 <a target='_blank' href='http://www.17k.com/book/2770961.html'>\u300a\u6362\u5929\u6211\u4e3a\u5c0a\u300b</a> \u65b0\u4f5c\u54c1\u5df2\u7ecf\u51fa\u7089 \u6b22\u8fce\u6765\u8e29 \u4e0d\u4e00\u6837\u7684\u5957\u8def \u4e0d\u4e00\u6837\u7684\u4eba\u7269\u6027\u683c \u4e0d\u4e00\u6837\u7684\u4e00\u7fa4\u4eba \u90fd\u5c06\u5728\u540e\u8fb9\u7684\u5267\u60c5\u4e00\u4e00\u95ea\u73b0 \u5267\u60c5\u5f88\u597d \u6b22\u8fce\u7ed9\u51fa\u5efa\u8bae"}], "description": "\u5341\u516b\u5c81\u5bb6\u7834\u4eba\u4ea1\u540e\uff0c\u51ac\u534a\u590f\u53bb\u6cd5\u56fd\u7559\u5b66\u56db\u5e74\uff0c\u56de\u6765\u540e\u5374\u9009\u62e9\u5728A\u5e02\u6700\u5927\u7684\u9152\u5427\u5de5\u4f5c\uff0c\u5728\u9152\u5427\u78b0\u89c1\u4e86\u5e38\u9f99\u4fee\u3002\u968f\u540e\u52fe\u5f15\u4ed6\u3002\u3000\u3000\u4e24\u4e2a\u6708\u540e\u534a\u590f\u627e\u4e0a\u4e86\u4ed6\uff0c\u5e76\u544a\u77e5\u5df2\u7ecf\u6000\u5b55\u3002\u51ac\u534a\u590f\u4ee5\u4e3a\u8fd9\u662f\u62a5\u590d\u7684\u5f00\u59cb\uff0c\u53ef\u662f\u6700\u540e\u8bc1\u660e\u8fd9\u662f\u7231\u7684\u5f00\u59cb\u3002\u3000\u3000\u201c\u8bf4\u597d\u7684\u62a5\u590d\u5462\uff1f\u201d\u201c\u7ed9\u4f60\u751f\u4e2a\u62d6\u6cb9\u74f6\u662f\u6700\u5927\u7684\u62a5\u590d\u3002\u201d\u4ed6\u5c06\u5979\u6254\u5728\u5e8a\u4e0a\uff0c\u6b3a\u8eab\u800c\u4e0a\u2026\u2026", "title": "\u7c89\u5ae9\u5a07\u59bb\uff1a\u603b\u88c1\u5927\u4eba\u522b\u60f3\u9003", "url": "http://www.17k.com/book/2758878.html", "average": -1.0, "cover": "http://img.17k.com/images/bookcover/2018/13794/68/2758878-1516758932000.jpg", "reviews": 92627, "authors": [{"url": "http://www.17k.com/zuozhe/59473607", "name": "\u5f00\u5fc3\u9ebb\u82b1"}], "type": ["\u603b\u88c1\u8c6a\u95e8"], "outlinks": ["http://www.17k.com/book/2794982.html", "http://www.17k.com/book/2801292.html", "http://www.17k.com/book/2816318.html", "http://www.17k.com/book/2797575.html", "http://www.17k.com/book/2802516.html", "http://www.17k.com/book/2812195.html", "http://www.17k.com/book/2820143.html", "http://www.17k.com/book/2807943.html", "http://www.17k.com/book/2813457.html", "http://www.17k.com/book/2798058.html", "http://www.17k.com/book/2815617.html", "http://www.17k.com/book/2805259.html", "http://www.17k.com/book/2760255.html", "http://www.17k.com/book/2686894.html", "http://www.17k.com/book/2797016.html", "http://www.17k.com/book/2767246.html", "http://www.17k.com/book/2764239.html", "http://www.17k.com/book/2754498.html", "http://www.17k.com/book/2754900.html", "http://www.17k.com/book/2625740.html", "http://www.17k.com/book/2213315.html", "http://www.17k.com/book/2402178.html", "http://www.17k.com/book/2691221.html", "http://www.17k.com/book/2210699.html", "http://www.17k.com/book/1797752.html", "http://www.17k.com/book/2575507.html", "http://www.17k.com/book/2705181.html", "http://www.17k.com/book/2702539.html", "http://www.17k.com/book/2474887.html", "http://www.17k.com/book/2674733.html", "http://www.17k.com/book/2822076.html", "http://www.17k.com/book/2809894.html", "http://www.17k.com/book/2822077.html", "http://www.17k.com/book/2811930.html", "http://www.17k.com/book/2815548.html", "http://www.17k.com/book/2819620.html", "http://www.17k.com/book/2809964.html", "http://www.17k.com/book/2808200.html", "http://www.17k.com/book/2820100.html", "http://www.17k.com/book/2822978.html", "http://www.17k.com/book/2804337.html", "http://www.17k.com/book/2798814.html", "http://www.17k.com/book/2785153.html", "http://www.17k.com/book/2731559.html", "http://www.17k.com/book/2722533.html", "http://www.17k.com/book/2458377.html", "http://www.17k.com/book/2743300.html", "http://www.17k.com/book/973809.html", "http://www.17k.com/book/2651367.html", "http://www.17k.com/book/2726194.html", "http://www.17k.com/book/2790214.html", "http://www.17k.com/book/493239.html", "http://www.17k.com/book/108821.html", "http://www.17k.com/book/1398783.html", "http://www.17k.com/book/83528.html", "http://www.17k.com/book/1859126.html", "http://www.17k.com/book/1741975.html", "http://www.17k.com/book/192453.html", "http://www.17k.com/book/2459058.html", "http://www.17k.com/book/1050747.html", "http://www.17k.com/book/2700315.html", "http://www.17k.com/book/2818940.html", "http://www.17k.com/book/2819519.html", "http://www.17k.com/book/2816390.html", "http://www.17k.com/book/2819588.html", "http://www.17k.com/book/2813768.html", "http://www.17k.com/book/2822406.html", "http://www.17k.com/book/2772164.html", "http://www.17k.com/book/2784023.html", "http://www.17k.com/book/2811877.html", "http://www.17k.com/book/2809119.html", "http://www.17k.com/book/2803700.html", "http://www.17k.com/book/2819561.html", "http://www.17k.com/book/2746506.html", "http://www.17k.com/book/2811836.html", "http://www.17k.com/book/2614810.html", "http://www.17k.com/book/1592435.html", "http://www.17k.com/book/1949748.html", "http://www.17k.com/book/2265802.html", "http://www.17k.com/book/2743240.html", "http://www.17k.com/book/2657437.html", "http://www.17k.com/book/2644502.html", "http://www.17k.com/book/2199900.html", "http://www.17k.com/book/2725436.html", "http://www.17k.com/book/2629978.html"]}