{"ratings": -1, "userreviews": [{"userName": "17K\u4e66\u53cb100clajr", "userReviewDate": "2018-06-08", "userURL": "http://user.17k.com/62486450", "userReview": "\u5199\u7684\u5f88\u68d2\uff01\u9634\u6697\u7684\u793e\u4f1a\u9762\u76ee\u63cf\u8ff0\u7684\u975e\u5e38\u597d\uff0c"}, {"userName": "\u5434\u54e5740882116", "userReviewDate": "2018-06-08", "userURL": "http://user.17k.com/61571905", "userReview": "\u63a8\u8350\u597d\u53cb\u4e66\u7c4d<a target='_blank' href='http://www.17k.com/book/2799180.html'>\u300a\u8f6e\u56de\u8bdb\u5929\u5f55\u300b</a>"}, {"userName": "\u674e\u946b\ue10e", "userReviewDate": "2018-06-07", "userURL": "http://user.17k.com/59001385", "userReview": "\u5199\u7684\u4e0d\u9519\uff0c\u5f88\u9ed1\u6697\u9762\uff0c\u5f88\u4eba\u6027"}, {"userName": "Dead END721678869", "userReviewDate": "2018-06-07", "userURL": "http://user.17k.com/61180472", "userReview": "\u8fd9\uff0c\uff0c\uff0c\u771f\u523a\u6fc0\u3002\u3002\u3002 \u3002\u3002"}, {"userName": "17K\u4e66\u53cbAF7ZJVSN", "userReviewDate": "2018-06-07", "userURL": "http://user.17k.com/62586377", "userReview": "[\u6253\u8d4f]\u6211\u6253\u8d4f\u4e862\u5143\u7ea2\u5305\uff01\uff01"}, {"userName": "\u70c8\u7130\u5357\u5bab", "userReviewDate": "2018-05-31", "userURL": "http://user.17k.com/62373359", "userReview": "\u597d\u6587\u597d\u6587\uff01\u770b\u7684\u6211\u8138\u7ea2\u5fc3\u8df3\u7684\uff5e\u5199\u5b9e\u80fd\u8fbe\u5230\u8fd9\u6c34\u5e73\uff0c\u771f\u5fc3\u5389\u5bb3\uff01"}, {"userName": "\u83ab\u5c0f\u7130", "userReviewDate": "2018-05-30", "userURL": "http://user.17k.com/62296933", "userReview": "..."}], "description": "\u4eba\u524d\u8ba9\u6211\u558a\u4ed6\u53eb\u7238\u7238\uff0c\u80cc\u540e\u91cc\uff0c\u5374\u8ba9\u6211\u2026\u2026", "title": "\u7ea2\u6a21", "url": "http://www.17k.com/book/2832012.html", "average": -1.0, "cover": "http://img.17k.com/images/bookcover/2018/14160/70/2832012-1527577897000.jpg", "reviews": 1611, "authors": [{"url": "http://www.17k.com/zuozhe/62296933", "name": "\u6a21\u7279\u5fbd\u56e0"}], "type": ["\u90fd\u5e02\u751f\u6d3b"], "outlinks": ["http://www.17k.com/book/2794982.html", "http://www.17k.com/book/2801292.html", "http://www.17k.com/book/2816318.html", "http://www.17k.com/book/2797575.html", "http://www.17k.com/book/2802516.html", "http://www.17k.com/book/2812195.html", "http://www.17k.com/book/2820143.html", "http://www.17k.com/book/2807943.html", "http://www.17k.com/book/2813457.html", "http://www.17k.com/book/2798058.html", "http://www.17k.com/book/2815617.html", "http://www.17k.com/book/2805259.html", "http://www.17k.com/book/2760255.html", "http://www.17k.com/book/2686894.html", "http://www.17k.com/book/2797016.html", "http://www.17k.com/book/2767246.html", "http://www.17k.com/book/2764239.html", "http://www.17k.com/book/2754498.html", "http://www.17k.com/book/2754900.html", "http://www.17k.com/book/2625740.html", "http://www.17k.com/book/2213315.html", "http://www.17k.com/book/2402178.html", "http://www.17k.com/book/2691221.html", "http://www.17k.com/book/2210699.html", "http://www.17k.com/book/1797752.html", "http://www.17k.com/book/2575507.html", "http://www.17k.com/book/2705181.html", "http://www.17k.com/book/2702539.html", "http://www.17k.com/book/2474887.html", "http://www.17k.com/book/2674733.html", "http://www.17k.com/book/2822076.html", "http://www.17k.com/book/2809894.html", "http://www.17k.com/book/2822077.html", "http://www.17k.com/book/2811930.html", "http://www.17k.com/book/2815548.html", "http://www.17k.com/book/2819620.html", "http://www.17k.com/book/2809964.html", "http://www.17k.com/book/2808200.html", "http://www.17k.com/book/2820100.html", "http://www.17k.com/book/2822978.html", "http://www.17k.com/book/2804337.html", "http://www.17k.com/book/2798814.html", "http://www.17k.com/book/2785153.html", "http://www.17k.com/book/2731559.html", "http://www.17k.com/book/2722533.html", "http://www.17k.com/book/2458377.html", "http://www.17k.com/book/2743300.html", "http://www.17k.com/book/973809.html", "http://www.17k.com/book/2651367.html", "http://www.17k.com/book/2726194.html", "http://www.17k.com/book/2790214.html", "http://www.17k.com/book/493239.html", "http://www.17k.com/book/108821.html", "http://www.17k.com/book/1398783.html", "http://www.17k.com/book/83528.html", "http://www.17k.com/book/1859126.html", "http://www.17k.com/book/1741975.html", "http://www.17k.com/book/192453.html", "http://www.17k.com/book/2459058.html", "http://www.17k.com/book/1050747.html", "http://www.17k.com/book/2700315.html", "http://www.17k.com/book/2818940.html", "http://www.17k.com/book/2819519.html", "http://www.17k.com/book/2816390.html", "http://www.17k.com/book/2819588.html", "http://www.17k.com/book/2813768.html", "http://www.17k.com/book/2822406.html", "http://www.17k.com/book/2772164.html", "http://www.17k.com/book/2784023.html", "http://www.17k.com/book/2811877.html", "http://www.17k.com/book/2809119.html", "http://www.17k.com/book/2803700.html", "http://www.17k.com/book/2819561.html", "http://www.17k.com/book/2746506.html", "http://www.17k.com/book/2811836.html", "http://www.17k.com/book/2614810.html", "http://www.17k.com/book/1592435.html", "http://www.17k.com/book/1949748.html", "http://www.17k.com/book/2265802.html", "http://www.17k.com/book/2743240.html", "http://www.17k.com/book/2657437.html", "http://www.17k.com/book/2644502.html", "http://www.17k.com/book/2199900.html", "http://www.17k.com/book/2725436.html", "http://www.17k.com/book/2629978.html"]}