{"ratings": -1, "userreviews": [{"userName": "unicorn042222335", "userReviewDate": "2018-05-27", "userURL": "http://user.17k.com/58918795", "userReview": "\u5e0c\u671b\u5feb\u70b9\u66f4\u65b0"}, {"userName": "\u5b89\u742a324816334", "userReviewDate": "2018-05-27", "userURL": "http://user.17k.com/59264092", "userReview": "\u73b0\u5728\u611f\u89c9\u4e0d\u597d\u770b"}, {"userName": "\u5b89\u742a324816334", "userReviewDate": "2018-05-25", "userURL": "http://user.17k.com/59264092", "userReview": "\u597d\u770b\u5417\uff1f\u8fd9\u4e2a\u5c0f\u8bf4"}, {"userName": "\u6b87\u6b87\u6b87\u60c5w", "userReviewDate": "2018-05-18", "userURL": "http://user.17k.com/60460296", "userReview": "123456"}, {"userName": "\u5ddd\u4e0a\u5bcc\u6c5f.", "userReviewDate": "2018-05-15", "userURL": "http://user.17k.com/61819222", "userReview": "\u559c\u6b22\u559c\u6b22."}, {"userName": "\u9759\u82e5\u7e41\u82b1*706151335", "userReviewDate": "2018-05-03", "userURL": "http://user.17k.com/61443797", "userReview": "[\u6253\u8d4f]\u6211\u6253\u8d4f\u4e861\u5143\u7ea2\u5305\uff01\uff01"}, {"userName": "\u6c9b\u5416\u5416", "userReviewDate": "2018-05-02", "userURL": "http://user.17k.com/59561289", "userReview": "[\u6253\u8d4f]\u6211\u6253\u8d4f\u4e861\u5143\u7ea2\u5305\uff01\uff01"}, {"userName": "\u5b64&sect;\u5bc2746969711", "userReviewDate": "2018-04-30", "userURL": "http://user.17k.com/61048583", "userReview": "\u66f4\u65b0\u7684\u592a\u6162\u4e86\uff0c\u6211\u4e00\u4e2a\u661f\u671f\u53ea\u770b\u90a3\u4e48\u51e0\u7ae0"}, {"userName": "\u52e4\u5219\u4e0d\u9038002536204", "userReviewDate": "2018-04-18", "userURL": "http://user.17k.com/60940216", "userReview": "\u5927\u5927\u7b49\u4f60\u66f4\u6587\u554a~~~~~~~"}, {"userName": "\u5468\u5bb6\u5c0f\u59d0\u59d0", "userReviewDate": "2018-04-14", "userURL": "http://user.17k.com/59004807", "userReview": "\u5c0f\u65b0\u4eba\u521d\u6b21\u62dc\u8bbf\uff0c\u8bf7\u591a\u591a\u6307\u6559\uff0c\u5df2\u6536\u85cf\u5566\uff5e"}, {"userName": "\u5b64&sect;\u5bc2746969711", "userReviewDate": "2018-04-14", "userURL": "http://user.17k.com/61048583", "userReview": "\u5feb\u66f4\u65b0\u6211\u90fd\u7b49\u4e0d\u53ca\u4e86"}, {"userName": "\u7f8e\u7389319888843", "userReviewDate": "2018-04-13", "userURL": "http://user.17k.com/58936847", "userReview": "[\u6253\u8d4f]\u6211\u6253\u8d4f\u4e862\u5143\u7ea2\u5305\uff01\uff01"}, {"userName": "\u871c\u65af\ue032 Wen\ue41c", "userReviewDate": "2018-03-28", "userURL": "http://user.17k.com/60315684", "userReview": "[\u6253\u8d4f]\u6211\u6253\u8d4f\u4e862\u5143\u7ea2\u5305\uff01\uff01"}, {"userName": "\u574f\u5c0f\u5b50\u7684\u7eaf\u60c5", "userReviewDate": "2018-03-22", "userURL": "http://user.17k.com/60383691", "userReview": "<a target='_blank' href='http://www.17k.com/book/2798234.html'>\u300a\u90aa\u6027\u6b8b\u60c5\u300b</a>\u8e6d\u8e6d\u70ed\u5ea6\uff0c\u5927\u5927\u7b14\u4e0b\u5999\u7b14\u751f\u82b1\uff0c\u732e\u4e11\u4e86\u3002"}, {"userName": "\u9752\u79be\u5c9a", "userReviewDate": "2018-03-21", "userURL": "http://user.17k.com/60354568", "userReview": "\u5927\u5927\u52a0\u6cb9\uff0c\u6c42\u4e0d\u8650"}, {"userName": "\u949f\u79bb\u4e50\u5fc3", "userReviewDate": "2018-03-18", "userURL": "http://user.17k.com/59044706", "userReview": "<a target='_blank' href='http://www.17k.com/book/2785960.html'>\u300a\u5feb\u7a7f\u4e4b\u7537\u795e\u7b50\u91cc\u6765\u300b</a>\u6765\u8bbf\u2026\u2026\u5927\u5927\u5199\u7684\u597d\u68d2\u554a\u554a\u554a\uff01"}, {"userName": "\u590f\u591c\u672a\u592e512054987", "userReviewDate": "2018-03-17", "userURL": "http://user.17k.com/58737428", "userReview": "\u4f5c\u8005\u5199\u7684\u5f88\u8650\uff0c\u4f46\u662f\u7537\u4e3b\u597d\u6e23\u554a\u3002\u5973\u4e3b\u559c\u6b22\u5979\u7684\u65f6\u5019\u4e0d\u597d\u597d\u73cd\u60dc\uff0c\u4f24\u900f\u4e86\u5979\u624d\u60f3\u7740\u633d\u56de"}, {"userName": "\u98ce\u9716\u5c9a", "userReviewDate": "2018-03-16", "userURL": "http://user.17k.com/14147922", "userReview": "<a target='_blank' href='http://www.17k.com/book/2790175.html'>\u300a\u5947\u5e7b\u5996\u4ed9\u604b\u7eed\u300b</a>\u524d\u6765\u819c\u62dc\u5927\u795eT T\uff0c\u5927\u795e\u5199\u7684\u771f\u597d\uff0c\u82b1\u82b1\u9001\u4e0a..."}, {"userName": "\u59dc\u963f\u59e8", "userReviewDate": "2018-03-15", "userURL": "http://user.17k.com/59400640", "userReview": "<a target='_blank' href='http://www.17k.com/book/2756214.html'>\u300a\u552f\u7231\u5f02\u4e16\u5a07\u59bb\u300b</a>\u6765\u8bbf\uff0c\u5927\u5927\u5199\u5f97\u5f88\u597d\uff0c\u52a0\u6cb9\uff01"}, {"userName": "Dear\u6731\u7802", "userReviewDate": "2018-03-15", "userURL": "http://user.17k.com/56029588", "userReview": "[\u6253\u8d4f]\u6211\u6253\u8d4f\u4e862\u5143\u7ea2\u5305\uff01\uff01"}], "description": "\u9690\u5a5a\u4e09\u5e74\uff0c\u8c22\u6995\u5fcd\u6c14\u541e\u58f0\uff0c\u773c\u770b\u7740\u970d\u5ef7\u58f0\u6362\u4e86\u4e00\u4e2a\u53c8\u4e00\u4e2a\u5973\u670b\u53cb\u3002\u3000\u3000\u5979\u5c06\u5fc3\u4e2d\u7684\u7231\u610f\u6df1\u57cb\u5728\u5fc3\u5e95\uff0c\u76f4\u5230\u970d\u5ef7\u58f0\u5fc3\u7231\u7684\u5973\u4eba\u9192\u6765\uff0c\u8c22\u6995\u7ec8\u4e8e\u51b3\u5b9a\u653e\u624b\u3002\u3000\u3000\u53ef\u662f\u8fd9\u4e2a\u7537\u4eba\u5374\u53c8\u6b65\u6b65\u7d27\u903c\uff0c\u8bf4\u4ed6\u7231\u5979\u3002\u3000\u3000\u53ef\u60dc\uff0c\u8c22\u6995\u53ea\u60f3\u8bf4\uff0c\u970d\u603b\u88c1\uff0c\u8fd9\u53e5\u6211\u7231\u4f60\u665a\u4e86\uff01", "title": "\u7eaf\u60c5\u5a07\u59bb\u706b\u8fa3\u8fa3", "url": "http://www.17k.com/book/2764239.html", "average": -1.0, "cover": "http://img.17k.com/images/bookcover/2018/13821/69/2764239-1517496911000.jpg", "reviews": 145229, "authors": [{"url": "http://www.17k.com/zuozhe/59575771", "name": "\u4e03\u4e032018"}], "type": ["\u5a5a\u604b\u7231\u60c5"], "outlinks": ["http://www.17k.com/book/2794982.html", "http://www.17k.com/book/2801292.html", "http://www.17k.com/book/2816318.html", "http://www.17k.com/book/2797575.html", "http://www.17k.com/book/2802516.html", "http://www.17k.com/book/2812195.html", "http://www.17k.com/book/2820143.html", "http://www.17k.com/book/2807943.html", "http://www.17k.com/book/2813457.html", "http://www.17k.com/book/2798058.html", "http://www.17k.com/book/2815617.html", "http://www.17k.com/book/2805259.html", "http://www.17k.com/book/2760255.html", "http://www.17k.com/book/2686894.html", "http://www.17k.com/book/2797016.html", "http://www.17k.com/book/2767246.html", "http://www.17k.com/book/2764239.html", "http://www.17k.com/book/2754498.html", "http://www.17k.com/book/2754900.html", "http://www.17k.com/book/2625740.html", "http://www.17k.com/book/2213315.html", "http://www.17k.com/book/2402178.html", "http://www.17k.com/book/2691221.html", "http://www.17k.com/book/2210699.html", "http://www.17k.com/book/1797752.html", "http://www.17k.com/book/2575507.html", "http://www.17k.com/book/2705181.html", "http://www.17k.com/book/2702539.html", "http://www.17k.com/book/2474887.html", "http://www.17k.com/book/2674733.html", "http://www.17k.com/book/2822076.html", "http://www.17k.com/book/2809894.html", "http://www.17k.com/book/2822077.html", "http://www.17k.com/book/2811930.html", "http://www.17k.com/book/2815548.html", "http://www.17k.com/book/2819620.html", "http://www.17k.com/book/2809964.html", "http://www.17k.com/book/2808200.html", "http://www.17k.com/book/2820100.html", "http://www.17k.com/book/2822978.html", "http://www.17k.com/book/2804337.html", "http://www.17k.com/book/2798814.html", "http://www.17k.com/book/2785153.html", "http://www.17k.com/book/2731559.html", "http://www.17k.com/book/2722533.html", "http://www.17k.com/book/2458377.html", "http://www.17k.com/book/2743300.html", "http://www.17k.com/book/973809.html", "http://www.17k.com/book/2651367.html", "http://www.17k.com/book/2726194.html", "http://www.17k.com/book/2790214.html", "http://www.17k.com/book/493239.html", "http://www.17k.com/book/108821.html", "http://www.17k.com/book/1398783.html", "http://www.17k.com/book/83528.html", "http://www.17k.com/book/1859126.html", "http://www.17k.com/book/1741975.html", "http://www.17k.com/book/192453.html", "http://www.17k.com/book/2459058.html", "http://www.17k.com/book/1050747.html", "http://www.17k.com/book/2700315.html", "http://www.17k.com/book/2818940.html", "http://www.17k.com/book/2819519.html", "http://www.17k.com/book/2816390.html", "http://www.17k.com/book/2819588.html", "http://www.17k.com/book/2813768.html", "http://www.17k.com/book/2822406.html", "http://www.17k.com/book/2772164.html", "http://www.17k.com/book/2784023.html", "http://www.17k.com/book/2811877.html", "http://www.17k.com/book/2809119.html", "http://www.17k.com/book/2803700.html", "http://www.17k.com/book/2819561.html", "http://www.17k.com/book/2746506.html", "http://www.17k.com/book/2811836.html", "http://www.17k.com/book/2614810.html", "http://www.17k.com/book/1592435.html", "http://www.17k.com/book/1949748.html", "http://www.17k.com/book/2265802.html", "http://www.17k.com/book/2743240.html", "http://www.17k.com/book/2657437.html", "http://www.17k.com/book/2644502.html", "http://www.17k.com/book/2199900.html", "http://www.17k.com/book/2725436.html", "http://www.17k.com/book/2629978.html"]}