{"ratings": -1, "userreviews": [{"userName": "\u6881\u4e03\u5c11", "userReviewDate": "2015-01-21", "userURL": "http://user.17k.com/37531531", "userReview": "\u5f00\u4e2a\u300a\u9f99\u5957\u697c\u300b\uff0c\u559c\u6b22\u672c\u4e66\uff0c\u5e0c\u671b\u81ea\u5df1\u7684\u89d2\u8272\u80fd\u591f\u5199\u5165\u672c\u4e66\u7684\uff0c\u8bf7\u5927\u5bb6\u524d\u6765\u6b64\u697c\u8ddf\u5e16\u3002 \u683c\u5f0f\u5982\u4e0b\uff1a \u59d3\u540d\uff0c\u8eab\u4efd\uff0c\u80cc\u666f\uff0c\u4e0e\u4e3b\u89d2\u8eab\u4efd\uff0c\u6b63\u6d3e\u8fd8\u662f\u53cd\u6d3e\u3002 \u8fd9\u4e9b\u8d44\u6599\u5199\u5f97\u8d8a\u8be6\u7ec6\u8d8a\u597d\u3002 \uff08\u6709\u65f6\u5019\u5199\u5230\u4e2a\u65b0\u4eba\u7269\u6216\u8005\u9886\u76d2\u996d\u89d2\u8272\u7684\u65f6\u5019\uff0c\u60f3\u540d\u5b57\u633a\u7d2f\u7684\uff0c\u56e0\u6b64\u7279\u5f00\u6b64\u697c\uff0c\u611f\u5174\u8da3\u7684\u5144\u5f1f\u59d0\u59b9\u8bf7\u8ddf\u5e16\uff01\uff09"}, {"userName": "\u732a\u738b", "userReviewDate": "2015-01-16", "userURL": "http://user.17k.com/1129", "userReview": "\u6536\u85cf~"}, {"userName": "\u963f\u798f\u2014\u798f\u5c11", "userReviewDate": "2015-01-16", "userURL": "http://user.17k.com/2093221", "userReview": "\u5566\u5566\u5566\uff0c\u9001\u82b1\u82b1~~"}, {"userName": "265g_tonny1017", "userReviewDate": "2018-06-08", "userURL": "http://user.17k.com/3980947", "userReview": "\u7cbe\u5f69\u7684\u5185\u5bb9"}, {"userName": "265g_tonny1017", "userReviewDate": "2018-06-07", "userURL": "http://user.17k.com/3980947", "userReview": "\u7cbe\u5f69\u7684\u8282\u76ee"}, {"userName": "265g_tonny1017", "userReviewDate": "2018-06-06", "userURL": "http://user.17k.com/3980947", "userReview": "\u7cbe\u5f69\u7684\u8282\u76ee"}, {"userName": "265g_tonny1017", "userReviewDate": "2018-06-05", "userURL": "http://user.17k.com/3980947", "userReview": "\u7cbe\u5f69\u7684\u8282\u76ee"}, {"userName": "17K\u4e66\u53cbza6i61bf", "userReviewDate": "2018-06-04", "userURL": "http://user.17k.com/61977310", "userReview": "\u6d41\u6c34\u8d26\u4f3c\u7684\u7684\u5c0f\u8bf4\uff0c\u4e5f\u5c31\u7cca\u5f04\u7cca\u5f04\u521a\u5165\u5751\u7684\u5c0f\u767d\u5427\uff0c\u5475\u5475\u3002"}, {"userName": "265g_tonny1017", "userReviewDate": "2018-06-04", "userURL": "http://user.17k.com/3980947", "userReview": "\u7cbe\u5f69\u7684\u8282\u76ee"}, {"userName": "265g_tonny1017", "userReviewDate": "2018-06-03", "userURL": "http://user.17k.com/3980947", "userReview": "\u7cbe\u5f69\u7684\u8282\u76ee"}, {"userName": "265g_tonny1017", "userReviewDate": "2018-06-02", "userURL": "http://user.17k.com/3980947", "userReview": "\u7cbe\u5f69\u7684\u5c0f\u8bf4"}, {"userName": "265g_tonny1017", "userReviewDate": "2018-06-01", "userURL": "http://user.17k.com/3980947", "userReview": "\u7cbe\u5f69\u7684\u5185\u5bb9"}, {"userName": "17K\u4e66\u53cb28tegdin", "userReviewDate": "2018-05-31", "userURL": "http://user.17k.com/62342425", "userReview": "[\u6253\u8d4f]\u6211\u6253\u8d4f\u4e862\u5143\u7ea2\u5305\uff01\uff01"}, {"userName": "265g_tonny1017", "userReviewDate": "2018-05-31", "userURL": "http://user.17k.com/3980947", "userReview": "\u7cbe\u5f69\u7684\u5c0f\u8bf4"}, {"userName": "265g_tonny1017", "userReviewDate": "2018-05-30", "userURL": "http://user.17k.com/3980947", "userReview": "\u7cbe\u5f69\u7684\u5c0f\u8bf4"}, {"userName": "265g_tonny1017", "userReviewDate": "2018-05-29", "userURL": "http://user.17k.com/3980947", "userReview": "\u7cbe\u5f69\u7684\u8282\u76ee"}, {"userName": "17K\u4e66\u53cbjz01s3hp", "userReviewDate": "2018-05-29", "userURL": "http://user.17k.com/62297358", "userReview": "\u600e\u4e48\u4e0d\u5f00\u542f\u81ea\u52a8\u9605\u8bfb\u529f\u80fd"}, {"userName": "265g_tonny1017", "userReviewDate": "2018-05-28", "userURL": "http://user.17k.com/3980947", "userReview": "\u7cbe\u5f69\u7684\u5c0f\u8bf4"}, {"userName": "265g_tonny1017", "userReviewDate": "2018-05-27", "userURL": "http://user.17k.com/3980947", "userReview": "\u7cbe\u5f69\u7684\u8282\u76ee"}, {"userName": "265g_tonny1017", "userReviewDate": "2018-05-26", "userURL": "http://user.17k.com/3980947", "userReview": "\u7cbe\u5f69\u7684\u8282\u76ee"}], "description": "\u94c1\u62f3\u6240\u5411\uff0c\u8bd5\u95ee\u8c01\u53ef\u4e89\u950b\uff1f\u3000\u3000\u4e49\u80c6\u67d4\u60c5\uff0c\u5404\u8272\u7f8e\u4eba\u4e89\u5ba0\uff01\u3000\u3000\u4ed6\uff0c\u5c31\u662f\u7ec8\u6781\u6559\u5b98\uff0c\u5f53\u4e16\u5927\u9b54\u738b\uff01\u3000\u3000\u4e3a\u7f8e\u4eba\u65e0\u9650\u5f20\u72c2\uff1b\u4e3a\u5144\u5f1f\u4e24\u808b\u63d2\u5200\uff1b\u4e3a\u4eb2\u4eba\u8a93\u6b7b\u5b88\u62a4\uff01\u3000\u3000\u5c38\u5c71\u8840\u6d77\u4e2d\u6740\u4f10\uff0c\u7d2f\u7d2f\u767d\u9aa8\u4e2d\u8e0f\u6b65\uff0c\u84e6\u7136\u56de\u9996\uff0c\u5df2\u50b2\u7acb\u5dc5\u5cf0\uff0c\u6210\u5c31\u4f20\u5947\u9738\u4e1a\uff01\u3000\u3000\u3010\u4e03\u5c11\u51fa\u54c1\uff0c\u9738\u6c14\u70ed\u8840\u3011\u9b54\u519b\u8425\u7fa4\u53f7\uff1a100676889\u3000\u3000\u4e03\u5c11\u5fae\u4fe1\u516c\u4f17\u53f7\uff1aliangqishao1986\u8bf7\u5927\u5bb6\u5173\u6ce8\u4ea4\u6d41\u3002", "title": "\u7ec8\u6781\u6559\u5b98", "url": "http://www.17k.com/book/1086778.html", "average": -1.0, "cover": "http://img.17k.com/images/bookcover/2018/5433/27/1086778-1523960403000.jpg", "reviews": 340989107, "authors": [{"url": "http://www.17k.com/zuozhe/37531531", "name": "\u6881\u4e03\u5c11"}], "type": ["\u90fd\u5e02\u6fc0\u6218"], "outlinks": ["http://www.17k.com/book/2794982.html", "http://www.17k.com/book/2801292.html", "http://www.17k.com/book/2816318.html", "http://www.17k.com/book/2797575.html", "http://www.17k.com/book/2802516.html", "http://www.17k.com/book/2812195.html", "http://www.17k.com/book/2820143.html", "http://www.17k.com/book/2807943.html", "http://www.17k.com/book/2813457.html", "http://www.17k.com/book/2798058.html", "http://www.17k.com/book/2815617.html", "http://www.17k.com/book/2805259.html", "http://www.17k.com/book/2760255.html", "http://www.17k.com/book/2686894.html", "http://www.17k.com/book/2797016.html", "http://www.17k.com/book/2767246.html", "http://www.17k.com/book/2764239.html", "http://www.17k.com/book/2754498.html", "http://www.17k.com/book/2754900.html", "http://www.17k.com/book/2625740.html", "http://www.17k.com/book/2213315.html", "http://www.17k.com/book/2402178.html", "http://www.17k.com/book/2691221.html", "http://www.17k.com/book/2210699.html", "http://www.17k.com/book/1797752.html", "http://www.17k.com/book/2575507.html", "http://www.17k.com/book/2705181.html", "http://www.17k.com/book/2702539.html", "http://www.17k.com/book/2474887.html", "http://www.17k.com/book/2674733.html", "http://www.17k.com/book/2822076.html", "http://www.17k.com/book/2809894.html", "http://www.17k.com/book/2822077.html", "http://www.17k.com/book/2811930.html", "http://www.17k.com/book/2815548.html", "http://www.17k.com/book/2819620.html", "http://www.17k.com/book/2809964.html", "http://www.17k.com/book/2808200.html", "http://www.17k.com/book/2820100.html", "http://www.17k.com/book/2822978.html", "http://www.17k.com/book/2804337.html", "http://www.17k.com/book/2798814.html", "http://www.17k.com/book/2785153.html", "http://www.17k.com/book/2731559.html", "http://www.17k.com/book/2722533.html", "http://www.17k.com/book/2458377.html", "http://www.17k.com/book/2743300.html", "http://www.17k.com/book/973809.html", "http://www.17k.com/book/2651367.html", "http://www.17k.com/book/2726194.html", "http://www.17k.com/book/2790214.html", "http://www.17k.com/book/493239.html", "http://www.17k.com/book/108821.html", "http://www.17k.com/book/1398783.html", "http://www.17k.com/book/83528.html", "http://www.17k.com/book/1859126.html", "http://www.17k.com/book/1741975.html", "http://www.17k.com/book/192453.html", "http://www.17k.com/book/2459058.html", "http://www.17k.com/book/1050747.html", "http://www.17k.com/book/2700315.html", "http://www.17k.com/book/2818940.html", "http://www.17k.com/book/2819519.html", "http://www.17k.com/book/2816390.html", "http://www.17k.com/book/2819588.html", "http://www.17k.com/book/2813768.html", "http://www.17k.com/book/2822406.html", "http://www.17k.com/book/2772164.html", "http://www.17k.com/book/2784023.html", "http://www.17k.com/book/2811877.html", "http://www.17k.com/book/2809119.html", "http://www.17k.com/book/2803700.html", "http://www.17k.com/book/2819561.html", "http://www.17k.com/book/2746506.html", "http://www.17k.com/book/2811836.html", "http://www.17k.com/book/2614810.html", "http://www.17k.com/book/1592435.html", "http://www.17k.com/book/1949748.html", "http://www.17k.com/book/2265802.html", "http://www.17k.com/book/2743240.html", "http://www.17k.com/book/2657437.html", "http://www.17k.com/book/2644502.html", "http://www.17k.com/book/2199900.html", "http://www.17k.com/book/2725436.html", "http://www.17k.com/book/2629978.html"]}