{"ratings": -1, "userreviews": [{"userName": "\u5357\u5df7\u5317\u5f80\u4e36", "userReviewDate": "2018-06-07", "userURL": "http://user.17k.com/61045791", "userReview": "<a target='_blank' href='http://www.17k.com/book/2810432.html'>\u300a\u6b66\u9738\u795e\u57df\u300b</a>\u524d\u6765\u62dc\u8bbf\u4f5c\u8005\u5927\u5927\uff0c\u591a\u591a\u652f\u6301\uff01"}, {"userName": "\u5510\u5eb8\u5b81", "userReviewDate": "2018-04-09", "userURL": "http://user.17k.com/59073412", "userReview": "\u6b66\u9b42\u518d\u751f\uff0c\u7edd\u4e16\u72ec\u7acb\u3002\u665a\u5b89\uff01"}, {"userName": "\u5510\u5eb8\u5b81", "userReviewDate": "2018-04-05", "userURL": "http://user.17k.com/59073412", "userReview": "<span style='color:black'>\u652f\u6301\u5927\u5927\uff0c\u665a\u5b89\uff01</span>"}, {"userName": "\u5723\u9690\u5e1d\u5143", "userReviewDate": "2018-03-31", "userURL": "http://user.17k.com/57760595", "userReview": "\u7b7e\u5230"}, {"userName": "\u98ce\u96e8\u6c5f\u5c71\u5916", "userReviewDate": "2018-03-25", "userURL": "http://user.17k.com/60451102", "userReview": "\u7b7e\u5230\u5b66\u4e60\u3002"}, {"userName": "\u4e5d\u591c~", "userReviewDate": "2018-03-17", "userURL": "http://user.17k.com/60453383", "userReview": "\u72c2\u53d8\uff0c\u662f\u672c\u975e\u5e38\u597d\u770b\u7684\u5c0f\u8bf4\u3002\u770b\u5230\u8fd9\u6761\u8bc4\u8bba\u65f6\u5e0c\u671b\u4f60\u80fd\u53bb\u770b\u770b\u8fd9\u672c\u4e66\uff0c\u8bf7\u591a\u591a\u652f\u6301\u3002\u3002\u3002"}, {"userName": "\u98de\u96ea\u4e71\u6e05\u98ce", "userReviewDate": "2018-02-27", "userURL": "http://user.17k.com/45159154", "userReview": "<a target='_blank' href='http://www.17k.com/book/2677053.html'>\u300a\u9b54\u5984\u300b</a>\u6765\u8bbf\uff0c\u5348\u597d\uff0c\u75af\u9b54\u8427"}, {"userName": "\u68a6\u9192\u5929\u5dee", "userReviewDate": "2018-02-20", "userURL": "http://user.17k.com/59595211", "userReview": "\u5927\u5927\u65b0\u5e74\u5feb\u4e50\uff0c<a target='_blank' href='http://www.17k.com/book/2765324.html'>\u300a\u7edd\u5578\u4e94\u884c\u300b</a>\u524d\u6765\u819c\u62dc\u5927\u795e\u3002"}, {"userName": "\u89d2\u843d\u5904\u7684\u72fc", "userReviewDate": "2018-02-19", "userURL": "http://user.17k.com/58137971", "userReview": "\u8fdf\u6765\u7684\u65b0\u5e74\u795d\u798f\uff0c\u795d\u5927\u5927\u65b0\u5e74\u5feb\u4e50\u3002<a target='_blank' href='http://www.17k.com/book/2710936.html'>\u300a\u5b85\u7537\u7cfb\u7edf\u300b</a>"}, {"userName": "M\u6211\u4e00\u76f4\u90fd\u5728", "userReviewDate": "2018-02-13", "userURL": "http://user.17k.com/58174317", "userReview": "\u7fbd\u6668\u643a<a target='_blank' href='http://www.17k.com/book/2741333.html'>\u300a\u5929\u624d\u9177\u5b9d\uff0c\u6e05\u95f2\u5988\u300b</a>\u548c<a target='_blank' href='http://www.17k.com/book/2718888.html'>\u300a\u91cd\u751f\u4e4b\u72c2\u9f99\u7edd\u604b\u300b</a>\u6765\u62dc\u8bfb\uff01\u6c42\u56de\u8bbf\uff01\uff01"}, {"userName": "\u9ec4\u74dc\u7684\u5bbf\u547d", "userReviewDate": "2018-02-10", "userURL": "http://user.17k.com/53195742", "userReview": "<a target='_blank' href='http://www.17k.com/book/2377865.html'>\u300a\u81f3\u9738\u82cd\u751f\u8bc0\u300b</a>\u6765\u8bbf\uff0c\u6c42\u652f\u6301\u6c42\u6269\u6563\uff0c\u87f9\u87f9\u3002"}, {"userName": "\u5c0f\u751f\u60f3\u6253\u5c0f\u602a\u517di", "userReviewDate": "2018-02-09", "userURL": "http://user.17k.com/55056650", "userReview": "<a target='_blank' href='http://www.17k.com/book/2767321.html'>\u300a\u6301\u6c14\u5fd8\u5fe7\u300b</a>\u55bd"}, {"userName": "jinzhengsho", "userReviewDate": "2018-02-06", "userURL": "http://user.17k.com/55048207", "userReview": "[\u6253\u8d4f]\u6211\u6253\u8d4f\u4e861\u5143\u7ea2\u5305\uff01\uff01"}, {"userName": "\u5c18\u6d6e756085238", "userReviewDate": "2018-02-06", "userURL": "http://user.17k.com/59754848", "userReview": "<a target='_blank' href='http://www.17k.com/book/2770668.html'>\u300a\u9053\u6211\u547d\u300b</a>\u524d\u6765\u9876\u793c\u819c\u62dc\uff0c\u5b66\u4e60\u4f5c\u8005\u5927\u5927"}, {"userName": "\u6697\u591c\u6d41\u661f\u98de", "userReviewDate": "2018-02-05", "userURL": "http://user.17k.com/46865324", "userReview": "<a target='_blank' href='http://www.17k.com/book/2717155.html'>\u300a\u9082\u9005\u5973\u795e\u7231\u4e0a\u6211\u300b</a>\u6765\u8bbf\u5b66\u4e60\uff0c\u5e0c\u671b\u6709\u4eba\u80fd\u770b\u770b\uff0c\u8c22\u8c22"}, {"userName": "\u4e5d\u9f99\u5486\u54ee", "userReviewDate": "2018-02-03", "userURL": "http://user.17k.com/49920879", "userReview": "\u70ed\u8840\u723d\u6587<a target='_blank' href='http://www.17k.com/book/2746962.html'>\u300a\u9006\u5929\u5723\u9e92\u9e9f\u300b</a>\u6765\u8bbf\uff0c\u4e66\u8352\u7684\u3001\u559c\u6b22\u7384\u5e7b\u7684\uff0c\u5feb\u6765\u5427\uff01"}, {"userName": "\u4e5d\u9f99\u5486\u54ee", "userReviewDate": "2018-02-01", "userURL": "http://user.17k.com/49920879", "userReview": "<span style='color:red'><a target='_blank' href='http://www.17k.com/book/2746962.html'>\u300a\u9006\u5929\u5723\u9e92\u9e9f\u300b</a>\u671b\u56de\u8bbf\u7559\u8a00</span>"}, {"userName": "\u9646\u4e5d\u9704", "userReviewDate": "2018-01-30", "userURL": "http://user.17k.com/58507271", "userReview": "\u4f5c\u8005\u5927\u5927\u7684\u4e66\u5199\u7684\u771f\u597d\uff0c\u4e00\u76f4\u5728\u8ffd\u8bfb\u3002\u4e66\u8352\u7684\u670b\u53cb\uff0c\u6211\u7ed9\u4f60\u4eec\u63a8\u8350\u4e00\u672c\u4e66<a target='_blank' href='http://www.17k.com/book/2724537.html'>\u300a\u82cd\u7a79\u8427\u5e1d\u300b</a>\u3002"}, {"userName": "K\u5c0f\u5f00", "userReviewDate": "2018-01-26", "userURL": "http://user.17k.com/58509881", "userReview": "\u597d\u4e66\uff01\u5434\u5f00\u9633\u643a<a target='_blank' href='http://www.17k.com/book/2724684.html'>\u300a\u4e00\u5ff5\u539f\u7f6a\u300b</a>\u524d\u6765\u62dc\u8bfb\u4e86\uff0c\u65b0\u4eba\u65b0\u4f5c\uff0c\u6709\u4ec0\u4e48\u5fc3\u5f97\uff0c\u8fd8\u671b\u6307\u6559\u4e00\u4e8c\uff0c\u611f\u6fc0\u4e0d\u5c3d\uff01"}, {"userName": "\u8bb8\u53c9\u53c9", "userReviewDate": "2018-01-26", "userURL": "http://user.17k.com/34159082", "userReview": "\u4e3a\u5565\u4f60\u4e0d\u7ba1\u7406\u4e00\u4e0b\u4e66\u8bc4\u533a\u5462\uff0c\u8bfb\u8005\u7684\u5efa\u8bae\u4e5f\u770b\u4e00\u4e0b\u5427\uff0c\u591a\u4e92\u52a8\u8fd8\u662f\u597d\u7684\u3002"}], "description": "\u524d\u4e16\u5373\u5c06\u767b\u4e34\u9876\u5cf0\u4e4b\u65f6\uff0c\u88ab\u6240\u7231\u4e4b\u4eba\u4e0e\u6700\u597d\u7684\u5144\u5f1f\u80cc\u53db\uff0c\u4e5d\u9f99\u6b66\u9b42\u88ab\u593a\uff0c\u643a\u7edd\u7131\u795e\u5fc3\u9003\u79bb\uff0c\u5c01\u4e91\u4fee\u8f6c\u4e16\u91cd\u751f\uff0c\u524d\u4e16\u6b20\u6211\u7684\uff0c\u4eca\u751f\u90fd\u8981\u8fd8\u56de\u6765\uff01", "title": "\u7edd\u4e16\u6b66\u9b42", "url": "http://www.17k.com/book/2401920.html", "average": -1.0, "cover": "http://img.17k.com/images/bookcover/2017/12009/60/2401920-1488340105000.jpg", "reviews": 1560078, "authors": [{"url": "http://www.17k.com/zuozhe/53842038", "name": "\u75af\u9b54\u8427"}], "type": ["\u4e1c\u65b9\u7384\u5e7b"], "outlinks": ["http://www.17k.com/book/2794982.html", "http://www.17k.com/book/2801292.html", "http://www.17k.com/book/2816318.html", "http://www.17k.com/book/2797575.html", "http://www.17k.com/book/2802516.html", "http://www.17k.com/book/2812195.html", "http://www.17k.com/book/2820143.html", "http://www.17k.com/book/2807943.html", "http://www.17k.com/book/2813457.html", "http://www.17k.com/book/2798058.html", "http://www.17k.com/book/2815617.html", "http://www.17k.com/book/2805259.html", "http://www.17k.com/book/2760255.html", "http://www.17k.com/book/2686894.html", "http://www.17k.com/book/2797016.html", "http://www.17k.com/book/2767246.html", "http://www.17k.com/book/2764239.html", "http://www.17k.com/book/2754498.html", "http://www.17k.com/book/2754900.html", "http://www.17k.com/book/2625740.html", "http://www.17k.com/book/2213315.html", "http://www.17k.com/book/2402178.html", "http://www.17k.com/book/2691221.html", "http://www.17k.com/book/2210699.html", "http://www.17k.com/book/1797752.html", "http://www.17k.com/book/2575507.html", "http://www.17k.com/book/2705181.html", "http://www.17k.com/book/2702539.html", "http://www.17k.com/book/2474887.html", "http://www.17k.com/book/2674733.html", "http://www.17k.com/book/2822076.html", "http://www.17k.com/book/2809894.html", "http://www.17k.com/book/2822077.html", "http://www.17k.com/book/2811930.html", "http://www.17k.com/book/2815548.html", "http://www.17k.com/book/2819620.html", "http://www.17k.com/book/2809964.html", "http://www.17k.com/book/2808200.html", "http://www.17k.com/book/2820100.html", "http://www.17k.com/book/2822978.html", "http://www.17k.com/book/2804337.html", "http://www.17k.com/book/2798814.html", "http://www.17k.com/book/2785153.html", "http://www.17k.com/book/2731559.html", "http://www.17k.com/book/2722533.html", "http://www.17k.com/book/2458377.html", "http://www.17k.com/book/2743300.html", "http://www.17k.com/book/973809.html", "http://www.17k.com/book/2651367.html", "http://www.17k.com/book/2726194.html", "http://www.17k.com/book/2790214.html", "http://www.17k.com/book/493239.html", "http://www.17k.com/book/108821.html", "http://www.17k.com/book/1398783.html", "http://www.17k.com/book/83528.html", "http://www.17k.com/book/1859126.html", "http://www.17k.com/book/1741975.html", "http://www.17k.com/book/192453.html", "http://www.17k.com/book/2459058.html", "http://www.17k.com/book/1050747.html", "http://www.17k.com/book/2700315.html", "http://www.17k.com/book/2818940.html", "http://www.17k.com/book/2819519.html", "http://www.17k.com/book/2816390.html", "http://www.17k.com/book/2819588.html", "http://www.17k.com/book/2813768.html", "http://www.17k.com/book/2822406.html", "http://www.17k.com/book/2772164.html", "http://www.17k.com/book/2784023.html", "http://www.17k.com/book/2811877.html", "http://www.17k.com/book/2809119.html", "http://www.17k.com/book/2803700.html", "http://www.17k.com/book/2819561.html", "http://www.17k.com/book/2746506.html", "http://www.17k.com/book/2811836.html", "http://www.17k.com/book/2614810.html", "http://www.17k.com/book/1592435.html", "http://www.17k.com/book/1949748.html", "http://www.17k.com/book/2265802.html", "http://www.17k.com/book/2743240.html", "http://www.17k.com/book/2657437.html", "http://www.17k.com/book/2644502.html", "http://www.17k.com/book/2199900.html", "http://www.17k.com/book/2725436.html", "http://www.17k.com/book/2629978.html"]}