{"ratings": -1, "userreviews": [{"userName": "17k\u4e66\u53cb8qyk7oj41", "userReviewDate": "2018-06-06", "userURL": "http://user.17k.com/62382635", "userReview": "\u6bcf\u5929\u6700\u5c11\u66f4\u65b0\u4e00\u7ae0\u5427\uff0c\u6709\u65f6\u5019\u51e0\u5929\u90fd\u4e0d\u66f4\u65b0\uff0c\u770b\u7684\u90fd\u4e0d\u60f3\u770b\u4e86"}, {"userName": "\u6000\u5ff5\u30fd\u56de\u4e0d\u5230\u4ece\u524d828205732", "userReviewDate": "2018-06-03", "userURL": "http://user.17k.com/59048423", "userReview": "\u5199\u7684\u6587\u5b57\u4e0d\u9519\uff0c\u5c31\u662f\u66f4\u65b0\u592a\u6162\uff0c\u4f5c\u8005\u52a0\u6cb9\u5662~"}, {"userName": "17K\u4e66\u53cb6IZHDIMF", "userReviewDate": "2018-05-31", "userURL": "http://user.17k.com/62285718", "userReview": "\u7b2c\u4e00\u7ae0\u6ca1\u770b\u5b8c\u5c31\u4e0d\u60f3\u770b\u4e86\uff0c\u51b3\u8d5b\u5708\u4e09\u4e2a\u4eba\u4e0d\u662f\u4e00\u4e2a\u961f\u7684\u8fd8\u80fd\u88ab\u51fb\u5012\u800c\u4e0d\u662f\u51fb\u6740\uff0c\u8fd9\u4f5c\u8005\u6709\u70b9\u6c34\u554a\uff0c"}, {"userName": "\u4e34\u6e0a\u3002044601960", "userReviewDate": "2018-05-24", "userURL": "http://user.17k.com/59615571", "userReview": "\u5144\u5f1f\uff0c\u4e0d\u662f\u4e00\u4e2a\u961f\u7684\u600e\u4e48\u6276\u8d77\u6765"}, {"userName": "17K\u4e66\u53cb7L5QU8WL", "userReviewDate": "2018-05-23", "userURL": "http://user.17k.com/62093678", "userReview": "[\u6253\u8d4f]\u6211\u6253\u8d4f\u4e861\u5143\u7ea2\u5305\uff01\uff01"}, {"userName": "\u533f\u540dE05490", "userReviewDate": "2018-04-28", "userURL": "http://user.17k.com/42497858", "userReview": "\u6211\u53ea\u80fd\u8bf42\u53f7\u697c2\u697c\u600e\u4e48\u4e0a \u5199\u9ebb\u70e6\u5199\u7684\u4ed4\u7ec6\u70b9\u5427\u3002"}, {"userName": "ZZZZZZZZZZZ...........", "userReviewDate": "2018-04-24", "userURL": "http://user.17k.com/60274291", "userReview": "\u5f88\u559c\u6b22\uff0c\u6c42\u66f4\u65b0\u901f\u5ea6\u4e00\u70b9\uff01\u7b49\u7740\u5e72\u7740\u6025"}, {"userName": "\u8def\u3002\u8d70\u8fc7\u4e0d\u91cd\u6765", "userReviewDate": "2018-04-23", "userURL": "http://user.17k.com/44927438", "userReview": "\u6211\u8981\u7b11\u62bd\u4e86\uff0c\u7ed9\u5c0f\u5b66\u751f\u770b\u7684\u5427"}, {"userName": "\u666f\u6f13\u8129", "userReviewDate": "2018-04-20", "userURL": "http://user.17k.com/49116588", "userReview": "\u5927\u795e\u5e26\u6211\u5403\u9e21\u5440\uff01"}, {"userName": "\u70df\u53f6\u795e", "userReviewDate": "2018-04-17", "userURL": "http://user.17k.com/33771814", "userReview": "<span style='color:green'>\u6492\u82b1\uff0c\u4e00\u6492\u5c31\u662f\u4e00\u5927\u628a\u3002</span>"}, {"userName": "\u771f\u5047\u70ab\u9177\u5973\u795e", "userReviewDate": "2018-04-17", "userURL": "http://user.17k.com/42434996", "userReview": "\u643a\u300a\u5c5e\u4e8e\u6211\u7684\u590d\u4ec7\u65e5\u8bb0\u6765\u8bbf\u300b"}, {"userName": "\u5b5f\u5bb6\u8001\u516d", "userReviewDate": "2018-04-16", "userURL": "http://user.17k.com/61036464", "userReview": "<a target='_blank' href='http://www.17k.com/book/2810000.html'>\u300a\u5f02\u754c\u900d\u9065\u5c11\u4e3b\u300b</a>\u524d\u6765\u89c2\u5149\u5b66\u4e60\uff0c\u5927\u5927\u52a0\u6cb9\uff01\uff01"}, {"userName": "\u5317\u5e84", "userReviewDate": "2018-04-14", "userURL": "http://user.17k.com/57496771", "userReview": "\u9648\u72ec\u79c0\uff0c\u8482\u82b1\u4e4b\u79c0"}, {"userName": "\u7f85Mr", "userReviewDate": "2018-04-11", "userURL": "http://user.17k.com/60814191", "userReview": "\u66f4\u65b0\u901f\u5ea6\u4e00\u70b9\u597d\u5427\uff0c"}, {"userName": "\u5317\u5e84", "userReviewDate": "2018-04-09", "userURL": "http://user.17k.com/57496771", "userReview": "\u6536\u85cf\uff0c\u54c8\u54c8"}, {"userName": "\u9ad8\u8c03\u8c22\u5e55", "userReviewDate": "2018-04-06", "userURL": "http://user.17k.com/60371471", "userReview": "\u725bB\u725bB\u4f60\u725b\u903c"}, {"userName": "\u5317\u5e84", "userReviewDate": "2018-04-04", "userURL": "http://user.17k.com/57496771", "userReview": "\u54c7\u585e\uff0c\u7edd\u5730\u6c42\u751f\u7cfb\u5217\u7684"}, {"userName": "\u9ad8\u8c03\u8c22\u5e55", "userReviewDate": "2018-04-01", "userURL": "http://user.17k.com/60371471", "userReview": "66666"}, {"userName": "\u4e0d\u5584.", "userReviewDate": "2018-03-30", "userURL": "http://user.17k.com/60791868", "userReview": "W\u795e\u770b\u4e86\u60f3\u6253\u4eba"}, {"userName": "\u9ad8\u8c03\u8c22\u5e55", "userReviewDate": "2018-03-25", "userURL": "http://user.17k.com/60371471", "userReview": "66666"}], "description": "\u66fe\u7ecf\uff0c16\u5c81\u7684\u5929\u624d\u7a81\u7834\u624b\u53f1\u54a4\u6574\u4e2a\u6b27\u6d32Cs\u8054\u8d5b\uff0c\u5374\u56e0\u4e3a\u53d7\u8d3f\u98ce\u6ce2\u800c\u9000\u51fa\u804c\u4e1a\u821e\u53f0\u3000\u3000\u5982\u4eca\u7edd\u5730\u6c42\u751f\u98ce\u9761\u5168\u7403\uff0c\u56e0\u4e3a\u673a\u7f18\u4ed6\u518d\u6b21\u71c3\u8d77\u7ade\u6280\u4e4b\u5fc3\u767b\u4e0a\u804c\u4e1a\u821e\u53f0\u3000\u3000\u51ed\u541b\u83ab\u8bdd\u5c01\u4faf\u4e8b\uff0c\u4e00\u5c06\u529f\u6210\u4e07\u9aa8\u67af\u3000\u3000\u4e00\u6761\u547d\uff0c\u4e00\u628a\u67aa\uff0c\u6740\u51fa\u4e00\u6761\u738b\u8005\u4e4b\u8def", "title": "\u7edd\u5730\u6c42\u751f\u4e4b\u738b\u8005\u5dc5\u5cf0", "url": "http://www.17k.com/book/2765118.html", "average": -1.0, "cover": "http://img.17k.com/images/bookcover/2018/13825/69/2765118-1521984105000.jpg", "reviews": 44845, "authors": [{"url": "http://www.17k.com/zuozhe/59590450", "name": "\u83e0\u841d\u5f71"}], "type": ["\u7535\u5b50\u7ade\u6280"], "outlinks": ["http://www.17k.com/book/2794982.html", "http://www.17k.com/book/2801292.html", "http://www.17k.com/book/2816318.html", "http://www.17k.com/book/2797575.html", "http://www.17k.com/book/2802516.html", "http://www.17k.com/book/2812195.html", "http://www.17k.com/book/2820143.html", "http://www.17k.com/book/2807943.html", "http://www.17k.com/book/2813457.html", "http://www.17k.com/book/2798058.html", "http://www.17k.com/book/2815617.html", "http://www.17k.com/book/2805259.html", "http://www.17k.com/book/2760255.html", "http://www.17k.com/book/2686894.html", "http://www.17k.com/book/2797016.html", "http://www.17k.com/book/2767246.html", "http://www.17k.com/book/2764239.html", "http://www.17k.com/book/2754498.html", "http://www.17k.com/book/2754900.html", "http://www.17k.com/book/2625740.html", "http://www.17k.com/book/2213315.html", "http://www.17k.com/book/2402178.html", "http://www.17k.com/book/2691221.html", "http://www.17k.com/book/2210699.html", "http://www.17k.com/book/1797752.html", "http://www.17k.com/book/2575507.html", "http://www.17k.com/book/2705181.html", "http://www.17k.com/book/2702539.html", "http://www.17k.com/book/2474887.html", "http://www.17k.com/book/2674733.html", "http://www.17k.com/book/2822076.html", "http://www.17k.com/book/2809894.html", "http://www.17k.com/book/2822077.html", "http://www.17k.com/book/2811930.html", "http://www.17k.com/book/2815548.html", "http://www.17k.com/book/2819620.html", "http://www.17k.com/book/2809964.html", "http://www.17k.com/book/2808200.html", "http://www.17k.com/book/2820100.html", "http://www.17k.com/book/2822978.html", "http://www.17k.com/book/2804337.html", "http://www.17k.com/book/2798814.html", "http://www.17k.com/book/2785153.html", "http://www.17k.com/book/2731559.html", "http://www.17k.com/book/2722533.html", "http://www.17k.com/book/2458377.html", "http://www.17k.com/book/2743300.html", "http://www.17k.com/book/973809.html", "http://www.17k.com/book/2651367.html", "http://www.17k.com/book/2726194.html", "http://www.17k.com/book/2790214.html", "http://www.17k.com/book/493239.html", "http://www.17k.com/book/108821.html", "http://www.17k.com/book/1398783.html", "http://www.17k.com/book/83528.html", "http://www.17k.com/book/1859126.html", "http://www.17k.com/book/1741975.html", "http://www.17k.com/book/192453.html", "http://www.17k.com/book/2459058.html", "http://www.17k.com/book/1050747.html", "http://www.17k.com/book/2700315.html", "http://www.17k.com/book/2818940.html", "http://www.17k.com/book/2819519.html", "http://www.17k.com/book/2816390.html", "http://www.17k.com/book/2819588.html", "http://www.17k.com/book/2813768.html", "http://www.17k.com/book/2822406.html", "http://www.17k.com/book/2772164.html", "http://www.17k.com/book/2784023.html", "http://www.17k.com/book/2811877.html", "http://www.17k.com/book/2809119.html", "http://www.17k.com/book/2803700.html", "http://www.17k.com/book/2819561.html", "http://www.17k.com/book/2746506.html", "http://www.17k.com/book/2811836.html", "http://www.17k.com/book/2614810.html", "http://www.17k.com/book/1592435.html", "http://www.17k.com/book/1949748.html", "http://www.17k.com/book/2265802.html", "http://www.17k.com/book/2743240.html", "http://www.17k.com/book/2657437.html", "http://www.17k.com/book/2644502.html", "http://www.17k.com/book/2199900.html", "http://www.17k.com/book/2725436.html", "http://www.17k.com/book/2629978.html"]}