{"ratings": -1, "userreviews": [{"userName": "\u66fe\u4e0a\u9752\u5929\u63fd\u6708\u65f6", "userReviewDate": "2017-12-26", "userURL": "http://user.17k.com/58510232", "userReview": "\u7cd9\u6c49\u5927\u5927\uff0c\u4ece\u60a8\u521a\u5f00\u59cb\u53d1\u4e66\u6211\u5c31\u5f00\u59cb\u8ffd\u4e86\u3002\u6ca1\u8bc4\u8bba\uff0c\u56e0\u4e3a\u66f4\u65b0\u592a\u6162\u4e86\u3002\u4e00\u76f4\u90fd\u60f3\u5f03\u6389\uff0c\u4f46\u662f\u6211\u65e0\u6cd5\u5f03\u6389\uff0c\u56e0\u4e3a\u6bb5\u9ed8\u548c\u9189\u68a6\u5438\u5f15\u4f4f\u4e86\u6211\u3002\u6211\u7ad9\u8fd9\u5bf9\u3002\u524d\u9762\u90fd\u662f\u5f00\u5f00\u5fc3\u5fc3\u6ca1\u5fc3\u6ca1\u80ba\u5730\u6e38\u620f\uff0c\u7136\u540e\u7b2c\u516d\u5341\u4e94\u7ae0\uff0c\u6211\u89c9\u5f97\u662f\u4e00\u4e2a\u8f6c\u53d8\u3002\u7cd9\u6c49\u6587\u7b14\u5f00\u59cb\u6539\u53d8\uff0c\u60b2\u60c5\u98ce\uff0c\u867d\u7136\u6ca1\u6709\u90a3\u79cd\u6495\u5fc3\u88c2\u80ba\u7684\u75db\uff0c\u4f46\u5c31\u50cf\u662f\u4e00\u628a\u5c0f\u5200\u6d45\u6d45\u5730\u5212\u7740\u6bb5\u9ed8\uff0c\u8bfb\u8005\u7684\u5fc3\u3002\u8fd9\u6837\u5438\u5f15\u4f4f\u4e86\u6211\u3002BUT\uff0c\u4e4b\u540e\u53f6\u661f\u7684\u82e6\u8877\u771f\u7684\u770b\u5f97\u6211\u5f88\u4e0d\u723d\u3002\u3002\u3002\u53c8\u662f\u8001\u5957\u8def\uff0c\u5c31\u4e0d\u80fd\u662f\u771f\u6b63\u7eff\u8336\u4e00\u6b21\u5417\uff1f///\u6bb5\u9ed8\u5e94\u8be5\u5c31\u662f\u5c5e\u4e8e\u90a3\u79cd\u8138\u4e0a\u7b11\u563b\u563b\uff0c\u5fc3\u91ccmmp\u7684\u4eba\u5427\u3002\u7ee7\u7eed\u52a0\u6cb9\uff0c\u53ea\u8981\u7cd9\u6c49\u66f4\uff0c\u6211\u6ca1\u7406\u7531\u4e0d\u770b\u3002"}, {"userName": "\u8840\u8272\u5371\u673a", "userReviewDate": "2017-12-16", "userURL": "http://user.17k.com/53808358", "userReview": "\u4f60\u4eec\u8981\u662f\u5b9e\u5728\u60f3\u53d1\u5e7f\u544a\uff0c\u5c31\u5728\u8fd9\u4e2a\u697c\u91cc\u53d1\u5427\u8c22\u8c22\uff01"}, {"userName": "\u661f\u8fb0342", "userReviewDate": "2018-06-01", "userURL": "http://user.17k.com/58606543", "userReview": "\u6700\u8fd1\u5fd9\u7740\u5b66\u7fd2\uff0c\u6709\u4e09\u4e2a\u6708\u6ca1\u770b\u4e86\u5427&#55357;&#56900;\uff1f"}, {"userName": "\u661f\u8fb0342", "userReviewDate": "2018-06-01", "userURL": "http://user.17k.com/58606543", "userReview": "\u6700\u8fd1\u5fd9\u7740\u5b66\u7fd2\uff0c\u6709\u4e09\u4e2a\u6708\u6ca1\u770b\u4e86\u5427&#55357;&#56900;\uff1f"}, {"userName": "\u771f\u5fc3\u65e0\u8bed863174794", "userReviewDate": "2018-06-01", "userURL": "http://user.17k.com/58928301", "userReview": "\u597d\u4e45\u6ca1\u770b\u5230\u4e86\uff0c\u8fd8\u8a18\u5f97\u6211\u5417"}, {"userName": "\u7b4c\u5434\u55e8\u5929", "userReviewDate": "2018-05-24", "userURL": "http://user.17k.com/60947482", "userReview": "\u4e0d\u5bf9\u554a\uff0c\u7edd\u5730\u6c42\u751f\u91cc\u9762\u4e0d\u662f\u6bd2\u6c14\uff0c\u662f\u7535\u78c1\u8f90\u5c04\u554a\u3002"}, {"userName": "\u80c6\u5c0f\u9b3c523354172", "userReviewDate": "2018-05-19", "userURL": "http://user.17k.com/59636293", "userReview": "\u7b7e\u5230\u652f\u6301\uff0c\u795d\u5927\u5927\u5468\u672b\u7801\u5b57\u6109\u5feb\uff01"}, {"userName": "\u80c6\u5c0f\u9b3c523354172", "userReviewDate": "2018-05-17", "userURL": "http://user.17k.com/59636293", "userReview": "\u5306\u5306\u6765\u8bbf\uff0c\u795d\u5927\u5927\u7801\u5b57\u6109\u5feb\uff01"}, {"userName": "\u90a3\u5e74\u6625\u5929\u7231\u4e0a\u732a", "userReviewDate": "2018-05-16", "userURL": "http://user.17k.com/61723215", "userReview": "\u52a0\u6cb9\uff0c\u7801\u5b57\u4e0d\u6613\uff01\u4e48\u4e48\u54d2"}, {"userName": "\u5c0f\u5c0f\u83f2\u5b50\u9171", "userReviewDate": "2018-05-09", "userURL": "http://user.17k.com/58737392", "userReview": "\u665a\u7f8e\uff0c\u83f2\u5b50\u9171\u524d\u6765\u652f\u6301\u5566*\u7f52\u25bd\u7f52*"}, {"userName": "I\uff07m a weirdo &#55357;&#56491;", "userReviewDate": "2018-05-08", "userURL": "http://user.17k.com/58653305", "userReview": "\u4e3a\u5565\u6700\u65b0\u7684\u7ae0\u8282\u770b\u4e0d\u4e86\u2026\u2026\u4e00\u5f00\u59cb\u4ee5\u4e3a\u662f\u6211\u7f51\u901f\u4e0d\u597d\uff0c\u4f46\u662f\u522b\u7684\u5c0f\u8bf4\u6211\u90fd\u80fd\u770b\u554a\uff0c\u5c31\u8fd9\u4e2a\u4e00\u76f4\u63d0\u9192\u6211\u52aa\u529b\u52a0\u8f7d\u4e2d\u2026\u2026"}, {"userName": "\u592e\u5b50\u5440", "userReviewDate": "2018-05-07", "userURL": "http://user.17k.com/60344960", "userReview": "\u665a\u4e0a\u597d\uff0c\u52a0\u6cb9\uff0c\u652f\u6301"}, {"userName": "\u72ec\u5b64\u4e36\u5bd2\u971c", "userReviewDate": "2018-05-05", "userURL": "http://user.17k.com/60148496", "userReview": "\u5e0c\u671b\u4f5c\u8005\u5c11\u7528\u7c97\u8bdd\uff0c\u4f60\u7684\u5c0f\u8bf4\u5c06\u66f4\u53d7\u6b22\u8fce\u3002&nbsp; &nbsp; &nbsp; &nbsp; &nbsp; &nbsp; &nbsp; &nbsp; &nbsp; &nbsp; &nbsp; &nbsp; &nbsp; &nbsp; &nbsp; &nbsp; &nbsp; &nbsp;\u2014\u2014\u4e00\u76f4\u6367\u4f60\u7684\u72ec\u5b64\u5bd2\u971c"}, {"userName": "\u5bc2\u5bde\u4e0e\u6d41\u706b", "userReviewDate": "2018-04-24", "userURL": "http://user.17k.com/60175652", "userReview": "\u52a0\u6cb9\uff0c\u540c\u662f\u5199\u4e66\u4e00\u540c\u52aa\u529b\uff0c\u795d\u5927\u5927\u65e9\u65e5\u6210\u795e\uff01"}, {"userName": "\u5bc2\u5bde\u4e0e\u6d41\u706b", "userReviewDate": "2018-04-24", "userURL": "http://user.17k.com/60175652", "userReview": "\u52a0\u6cb9\uff0c\u540c\u662f\u5199\u4e66\u4e00\u540c\u52aa\u529b\uff0c\u795d\u5927\u5927\u65e9\u65e5\u6210\u795e\uff01"}, {"userName": "17K\u4e66\u53cbe0cjvajt", "userReviewDate": "2018-04-15", "userURL": "http://user.17k.com/58196063", "userReview": "\u652f\u6301\uff01\uff01\uff01"}, {"userName": "17K\u4e66\u53cbe0cjvajt", "userReviewDate": "2018-04-15", "userURL": "http://user.17k.com/58196063", "userReview": "\u652f\u6301\uff01\uff01\uff01"}, {"userName": "\u591c\u6d41\u661f\u5982\u68a6\u4e00\u573a", "userReviewDate": "2018-04-14", "userURL": "http://user.17k.com/55596561", "userReview": "\u8003\u8bd5\uff1f\u81ea\u62db\uff1f"}, {"userName": "\u5fd7\u5317\u9488L", "userReviewDate": "2018-04-12", "userURL": "http://user.17k.com/60392617", "userReview": "<a target='_blank' href='http://www.17k.com/book/2808134.html'>\u300a\u7f25\u7f08\u604b\u300b</a>"}, {"userName": "\u6d6e\u4e91054123971", "userReviewDate": "2018-04-11", "userURL": "http://user.17k.com/46186943", "userReview": "\u597d\u770b\uff0c\u8fd8\u884c\u5427"}], "description": "\u767e\u4e07\u4eba\u7684\u771f\u5b9e\u5927\u9003\u6740\u6e38\u620f\u4e4b\u4e2d\uff0c\u5e9f\u5b85\u6bb5\u9ed8\u5982\u4f55\u6d3b\u5230\u6700\u540e\uff1f\u3000\u3000\u5446\u840c\u53ef\u7231\u7684\u841d\u8389\u3001\u6027\u611f\u8ff7\u4eba\u7684\u5fa1\u59d0\u3001\u53e4\u7075\u7cbe\u602a\u7684\u5deb\u5973\u7eb7\u7eb7\u4ee5\u8eab\u76f8\u8bb8\uff0c\u53ea\u56e0\u4ed6\u662f\u201c\u5783\u573e\u4e4b\u738b\u201d\uff01\u3000\u3000\u6bd4\u67aa\u5f39\u66f4\u52a0\u51b0\u51b7\u7684\uff0c\u6c38\u8fdc\u662f\u4eba\u5fc3\u3002\u3000\u3000ps:\u5938\u6211\u6211\u5c31\u591a\u66f4\u65b0\uff01", "title": "\u7edd\u5730\u6c42\u751f\u4e4b\u8840\u8272\u5371\u673a", "url": "http://www.17k.com/book/2715049.html", "average": -1.0, "cover": "http://img.17k.com/images/bookcover/2017/13575/67/2715049-1511177201000.jpg", "reviews": 1015110, "authors": [{"url": "http://www.17k.com/zuozhe/53808358", "name": "\u7cd9\u6c49"}], "type": ["\u865a\u62df\u7f51\u6e38"], "outlinks": ["http://www.17k.com/book/2794982.html", "http://www.17k.com/book/2801292.html", "http://www.17k.com/book/2816318.html", "http://www.17k.com/book/2797575.html", "http://www.17k.com/book/2802516.html", "http://www.17k.com/book/2812195.html", "http://www.17k.com/book/2820143.html", "http://www.17k.com/book/2807943.html", "http://www.17k.com/book/2813457.html", "http://www.17k.com/book/2798058.html", "http://www.17k.com/book/2815617.html", "http://www.17k.com/book/2805259.html", "http://www.17k.com/book/2760255.html", "http://www.17k.com/book/2686894.html", "http://www.17k.com/book/2797016.html", "http://www.17k.com/book/2767246.html", "http://www.17k.com/book/2764239.html", "http://www.17k.com/book/2754498.html", "http://www.17k.com/book/2754900.html", "http://www.17k.com/book/2625740.html", "http://www.17k.com/book/2213315.html", "http://www.17k.com/book/2402178.html", "http://www.17k.com/book/2691221.html", "http://www.17k.com/book/2210699.html", "http://www.17k.com/book/1797752.html", "http://www.17k.com/book/2575507.html", "http://www.17k.com/book/2705181.html", "http://www.17k.com/book/2702539.html", "http://www.17k.com/book/2474887.html", "http://www.17k.com/book/2674733.html", "http://www.17k.com/book/2822076.html", "http://www.17k.com/book/2809894.html", "http://www.17k.com/book/2822077.html", "http://www.17k.com/book/2811930.html", "http://www.17k.com/book/2815548.html", "http://www.17k.com/book/2819620.html", "http://www.17k.com/book/2809964.html", "http://www.17k.com/book/2808200.html", "http://www.17k.com/book/2820100.html", "http://www.17k.com/book/2822978.html", "http://www.17k.com/book/2804337.html", "http://www.17k.com/book/2798814.html", "http://www.17k.com/book/2785153.html", "http://www.17k.com/book/2731559.html", "http://www.17k.com/book/2722533.html", "http://www.17k.com/book/2458377.html", "http://www.17k.com/book/2743300.html", "http://www.17k.com/book/973809.html", "http://www.17k.com/book/2651367.html", "http://www.17k.com/book/2726194.html", "http://www.17k.com/book/2790214.html", "http://www.17k.com/book/493239.html", "http://www.17k.com/book/108821.html", "http://www.17k.com/book/1398783.html", "http://www.17k.com/book/83528.html", "http://www.17k.com/book/1859126.html", "http://www.17k.com/book/1741975.html", "http://www.17k.com/book/192453.html", "http://www.17k.com/book/2459058.html", "http://www.17k.com/book/1050747.html", "http://www.17k.com/book/2700315.html", "http://www.17k.com/book/2818940.html", "http://www.17k.com/book/2819519.html", "http://www.17k.com/book/2816390.html", "http://www.17k.com/book/2819588.html", "http://www.17k.com/book/2813768.html", "http://www.17k.com/book/2822406.html", "http://www.17k.com/book/2772164.html", "http://www.17k.com/book/2784023.html", "http://www.17k.com/book/2811877.html", "http://www.17k.com/book/2809119.html", "http://www.17k.com/book/2803700.html", "http://www.17k.com/book/2819561.html", "http://www.17k.com/book/2746506.html", "http://www.17k.com/book/2811836.html", "http://www.17k.com/book/2614810.html", "http://www.17k.com/book/1592435.html", "http://www.17k.com/book/1949748.html", "http://www.17k.com/book/2265802.html", "http://www.17k.com/book/2743240.html", "http://www.17k.com/book/2657437.html", "http://www.17k.com/book/2644502.html", "http://www.17k.com/book/2199900.html", "http://www.17k.com/book/2725436.html", "http://www.17k.com/book/2629978.html"]}