{"ratings": -1, "userreviews": [{"userName": "\u8e6d\u8e6d\u8e6d\u8e6d\u770b\u4e66", "userReviewDate": "2018-06-08", "userURL": "http://user.17k.com/57933349", "userReview": "\u597d\u662f\u7384\u4e4e\u3002\u3002\u3002\u3002\u52a0\u6cb9&#55357;&#56842;"}, {"userName": "\u90a3\u5e74380652210", "userReviewDate": "2018-06-04", "userURL": "http://user.17k.com/43862336", "userReview": "<a target='_blank' href='http://www.17k.com/book/2737782.html'>\u300a\u5e9f\u6750\u533b\u4ed9\u300b</a>\u62dc\u8bbf\u652f\u6301"}, {"userName": "\u71d5\u843d\u5c18", "userReviewDate": "2018-06-02", "userURL": "http://user.17k.com/62166994", "userReview": "\u63a8\u8350\u63a8\u8350\u6211\u7684\u4e66<a target='_blank' href='http://www.17k.com/book/2829899.html'>\u300a\u8e0f\u53e4\u795e\u5c0a\u300b</a>"}, {"userName": "hwlmx", "userReviewDate": "2018-06-01", "userURL": "http://user.17k.com/41494853", "userReview": "\u5927\u5927\u7684\u4e66\u5199\u7684\u4e0d\u9519\uff0c\u6545\u4e8b\u903b\u8f91\u6027\u5f3a\uff0c\u6784\u601d\u4e5f\u5de7\uff0c\u60f3\u95ee\u4e00\u4e0b\uff0c\u5927\u5927\u662f\u5982\u4f55\u521b\u65b0\u7684\uff1f\u7ed9\u70b9\u7ecf\u9a8c\u548c\u610f\u89c1\u5427\u3002\u3002\u3002\u3002\u3002\u6536\u85cf\u9c9c\u82b1\u5949\u4e0a\u3002"}, {"userName": "\u5357\u5df7\u5317\u5f80\u4e36", "userReviewDate": "2018-05-31", "userURL": "http://user.17k.com/61045791", "userReview": "<a target='_blank' href='http://www.17k.com/book/2810432.html'>\u300a\u6b66\u9738\u795e\u57df\u300b</a>\u524d\u6765\u62dc\u8bbf\uff0c\u9c9c\u82b1\u652f\u6301\uff01"}, {"userName": "See your Face327746358", "userReviewDate": "2018-05-26", "userURL": "http://user.17k.com/60505861", "userReview": "\u9752\u7fbd\u6765\u4e86"}, {"userName": "\u8fd1\u536b\u519b\u56e2\u957f", "userReviewDate": "2018-05-25", "userURL": "http://user.17k.com/51952599", "userReview": "\u9c9c\u82b1\u652f\u6301"}, {"userName": "\u89c1\u9f99\u5728\u7530506764081", "userReviewDate": "2018-05-21", "userURL": "http://user.17k.com/58983414", "userReview": "9999999"}, {"userName": "\u5355\u66f2\uff0f\u5faa\u73af", "userReviewDate": "2018-05-21", "userURL": "http://user.17k.com/61983995", "userReview": "\u597d\u597d\u770b(\uff61\uff65\u03c9\uff65\uff61)\uff89\u2661\uff0c\u4f5c\u8005\u5927\u5927\u52a0\u6cb9(\u0e07 \u2022\u0300_\u2022\u0301)\u0e07\uff0c\u6211\u652f\u6301\u4f60"}, {"userName": "\u55ef\uff1f835883871", "userReviewDate": "2018-05-21", "userURL": "http://user.17k.com/60628913", "userReview": "\u4f5c\u4e3a\u4e3b\u89d2\uff0c\u6b66\u5668\u8fd8\u88ab\u4eba\u62a2\u4e86\uff0c\u725b\u903c\u725b\u903c"}, {"userName": "17K\u4e66\u53cbC840YZKJ", "userReviewDate": "2018-05-20", "userURL": "http://user.17k.com/61978512", "userReview": "<a target='_blank' href='http://www.17k.com/book/2826095.html'>\u300a\u95ee\u9053\u9010\u6d41\u300b</a>\u524d\u6765\u62dc\u8bbf\u3002"}, {"userName": "\u748c", "userReviewDate": "2018-05-20", "userURL": "http://user.17k.com/59852026", "userReview": "&#55357;&#56397;\u597d\u770b(\uff61\uff65\u03c9\uff65\uff61)\uff89\u2661"}, {"userName": "\u58a8jdf", "userReviewDate": "2018-05-19", "userURL": "http://user.17k.com/45645948", "userReview": "\u3010\u63d0\u9192:\u672c\u4e66\u5c5e\u4e8e\u6162\u70ed\u578b\u3011\u7f16\u53f7:\u7b2c54869124\u53f7\u5f02\u754c\u6539\u9020\u7cfb\u7edf\u4e3a\u4f60\u670d\u52a1\uff01 \u7cfb\u7edf:\u201c\u4f60\u60f3\u4e00\u591c\u66b4\u5bcc\u5417\uff1f\u4f60\u60f3\u4e00\u591c\u6210\u540d\u5417\uff1f\u4f60\u60f3\u5f00\u5170\u535a\u57fa\u5c3c\u6ce1\u599e\u5417\uff1f\u4f60\u60f3\u62ff\u949e\u7968\u70b9\u70df\u5417\uff1f\u4f60\u60f3\u6210\u4e3a\u4e16\u754c\u4e3b\u5bb0\u5417\uff1f\u90a3\u8fd8\u7b49\u4ec0\u4e48\uff0c\u5feb\u52a0\u5165\u6211\u4eec\uff0c\u8ddf\u6211\u4e00\u8d77\u53bb\u5f02\u754c\u5f00\u8352\u62d3\u571f\uff0c\u6539\u9020\u5f02\u754c\u5427\uff01\u201d \u65b9\u6b63:\u201c\u6211\u80fd\u8bf4\u4e0d\u5417\uff1f\u201d\u7cfb\u7edf:\u201c\u4e0d\u80fd\uff01\u201d\u65b9\u6b63:\u201c\u6211\u80fd\u8bf4\u4e00\u53e5\uff0cmmp\u5417\uff1f\u201d"}, {"userName": "17K\u4e66\u53cbLVPZ5HT7", "userReviewDate": "2018-05-19", "userURL": "http://user.17k.com/61916419", "userReview": "\u4e0d\u9519\uff0c\u8d5e\u8d5e\uff01"}, {"userName": "17K\u4e66\u53cbLVPZ5HT7", "userReviewDate": "2018-05-19", "userURL": "http://user.17k.com/61916419", "userReview": "\u5f88\u597d\u7684\u4e00\u672c\u4e66\u3002"}, {"userName": "\u674e\u56fd\u5f3a981933529", "userReviewDate": "2018-05-16", "userURL": "http://user.17k.com/59099575", "userReview": "[\u6253\u8d4f]\u6211\u6253\u8d4f\u4e862\u5143\u7ea2\u5305\uff01\uff01"}, {"userName": "\u5c0f\u5b69\u96ef\u7855", "userReviewDate": "2018-05-15", "userURL": "http://user.17k.com/56326914", "userReview": "dhhjfdgkjggn"}, {"userName": "\u4e66\u53cb53634388", "userReviewDate": "2018-05-14", "userURL": "http://user.17k.com/38605539", "userReview": "\u5199\u5f97\u4e0d\u9519\uff01\uff01\uff01\uff01\uff01"}, {"userName": "\u5c0f\u5b69\u96ef\u7855", "userReviewDate": "2018-05-13", "userURL": "http://user.17k.com/56326914", "userReview": "dgjfdfhjbcffgj"}, {"userName": "\u82cf\u82cf\u5b81", "userReviewDate": "2018-05-12", "userURL": "http://user.17k.com/53161067", "userReview": "\u5c01\u9762\u604b\u4e0e\u5236\u4f5c\u4eba\u8bb8\u58a8\uff0c\u76d7\u56fe\uff01\uff01\uff01\uff01\uff01\uff01\uff01\uff01\uff01\uff01\uff01\uff01\uff01\uff01\uff01\uff01\uff01\uff01"}], "description": "\u9003\u79bb\u57ce\u5e02\uff0c\u4e00\u5fc3\u60f3\u56de\u5bb6\u5f53\u7530\u56ed\u7537\u7684\u5e84\u91cd\uff0c\u5374\u88ab\u4eb2\u8001\u7239\u505a\u4e3b\uff0c\u628a\u4ed6\u5356\u7ed9\u4e86\u57ce\u91cc\u6765\u7684\u7f8e\u5973\u8001\u603b\u3002\u3000\u3000\u65e0\u5948\u4e4b\u4e0b\uff0c\u4ed6\u53ea\u80fd\u63a5\u53d7\u6210\u4e3a\u7f8e\u5973\u8001\u603b\u672a\u5a5a\u592b\u7684\u4e8b\u5b9e\u3002\u3000\u3000\u672c\u6253\u7b97\u5356\u827a\u4e0d\u5356\u8eab\u7684\uff0c\u5948\u4f55\u7f8e\u5973\u8001\u603b\u592a\u51f6\u6b8b\uff0c\u7adf\u7136\u53d8\u7740\u82b1\u6837\u7684\u8c03\u620f\u81ea\u5df1\u3002\u3000\u3000\u53d4\u53ef\u5fcd\uff0c\u5a76\u5a76\u4e0d\u80fd\u5fcd\uff0c\u771f\u5f53\u8001\u5b50\u8fd9\u4e2a\u7b2c\u4e5d\u4ee3\u730e\u7075\u5e08\u662f\u5403\u7d20\u7684\uff1f", "title": "\u7edd\u7248\u730e\u7075\u5e08", "url": "http://www.17k.com/book/2815548.html", "average": -1.0, "cover": "http://img.17k.com/images/bookcover/2018/14077/70/2815548-1525677577000.jpg", "reviews": 54063, "authors": [{"url": "http://www.17k.com/zuozhe/61201423", "name": "\u5b89\u9038\u7684ID"}], "type": ["\u90fd\u5e02\u5f02\u80fd"], "outlinks": ["http://www.17k.com/book/2794982.html", "http://www.17k.com/book/2801292.html", "http://www.17k.com/book/2816318.html", "http://www.17k.com/book/2797575.html", "http://www.17k.com/book/2802516.html", "http://www.17k.com/book/2812195.html", "http://www.17k.com/book/2820143.html", "http://www.17k.com/book/2807943.html", "http://www.17k.com/book/2813457.html", "http://www.17k.com/book/2798058.html", "http://www.17k.com/book/2815617.html", "http://www.17k.com/book/2805259.html", "http://www.17k.com/book/2760255.html", "http://www.17k.com/book/2686894.html", "http://www.17k.com/book/2797016.html", "http://www.17k.com/book/2767246.html", "http://www.17k.com/book/2764239.html", "http://www.17k.com/book/2754498.html", "http://www.17k.com/book/2754900.html", "http://www.17k.com/book/2625740.html", "http://www.17k.com/book/2213315.html", "http://www.17k.com/book/2402178.html", "http://www.17k.com/book/2691221.html", "http://www.17k.com/book/2210699.html", "http://www.17k.com/book/1797752.html", "http://www.17k.com/book/2575507.html", "http://www.17k.com/book/2705181.html", "http://www.17k.com/book/2702539.html", "http://www.17k.com/book/2474887.html", "http://www.17k.com/book/2674733.html", "http://www.17k.com/book/2822076.html", "http://www.17k.com/book/2809894.html", "http://www.17k.com/book/2822077.html", "http://www.17k.com/book/2811930.html", "http://www.17k.com/book/2815548.html", "http://www.17k.com/book/2819620.html", "http://www.17k.com/book/2809964.html", "http://www.17k.com/book/2808200.html", "http://www.17k.com/book/2820100.html", "http://www.17k.com/book/2822978.html", "http://www.17k.com/book/2804337.html", "http://www.17k.com/book/2798814.html", "http://www.17k.com/book/2785153.html", "http://www.17k.com/book/2731559.html", "http://www.17k.com/book/2722533.html", "http://www.17k.com/book/2458377.html", "http://www.17k.com/book/2743300.html", "http://www.17k.com/book/973809.html", "http://www.17k.com/book/2651367.html", "http://www.17k.com/book/2726194.html", "http://www.17k.com/book/2790214.html", "http://www.17k.com/book/493239.html", "http://www.17k.com/book/108821.html", "http://www.17k.com/book/1398783.html", "http://www.17k.com/book/83528.html", "http://www.17k.com/book/1859126.html", "http://www.17k.com/book/1741975.html", "http://www.17k.com/book/192453.html", "http://www.17k.com/book/2459058.html", "http://www.17k.com/book/1050747.html", "http://www.17k.com/book/2700315.html", "http://www.17k.com/book/2818940.html", "http://www.17k.com/book/2819519.html", "http://www.17k.com/book/2816390.html", "http://www.17k.com/book/2819588.html", "http://www.17k.com/book/2813768.html", "http://www.17k.com/book/2822406.html", "http://www.17k.com/book/2772164.html", "http://www.17k.com/book/2784023.html", "http://www.17k.com/book/2811877.html", "http://www.17k.com/book/2809119.html", "http://www.17k.com/book/2803700.html", "http://www.17k.com/book/2819561.html", "http://www.17k.com/book/2746506.html", "http://www.17k.com/book/2811836.html", "http://www.17k.com/book/2614810.html", "http://www.17k.com/book/1592435.html", "http://www.17k.com/book/1949748.html", "http://www.17k.com/book/2265802.html", "http://www.17k.com/book/2743240.html", "http://www.17k.com/book/2657437.html", "http://www.17k.com/book/2644502.html", "http://www.17k.com/book/2199900.html", "http://www.17k.com/book/2725436.html", "http://www.17k.com/book/2629978.html"]}