{"ratings": -1, "userreviews": [{"userName": "17K\u4e66\u53cbrf3e3kbz", "userReviewDate": "2018-06-02", "userURL": "http://user.17k.com/62430125", "userReview": "\u5f88\u597d\u770b\uff0c\u4f5c\u8005\u52a0\u6cb9"}, {"userName": "\u4e66\u9999\u8bed", "userReviewDate": "2018-04-24", "userURL": "http://user.17k.com/49725028", "userReview": "\u9501&#55357;&#56594;\u4e86\u597d\u591a\u5440\uff01\u60f3\u529e\u6cd5\u5f00\u9501&#55357;&#56595;\u5440\uff01"}, {"userName": "wyy\u6708\u68a8", "userReviewDate": "2018-04-15", "userURL": "http://user.17k.com/59211432", "userReview": "\u4e00\u6708\u5929\u4f7f\u643a<a target='_blank' href='http://www.17k.com/book/2751957.html'>\u300a\u96be\u9a6d\u5a07\u59bb\u300b</a>\u6765\u8bbf\uff0c\u5927\u5927\u7b80\u4ecb\u5f88\u68d2\u54e6\uff01"}, {"userName": "\u5c0f\u732a\u4f69\u742a\u7231\u4e0a\u4f60", "userReviewDate": "2018-04-01", "userURL": "http://user.17k.com/59719461", "userReview": "@\u4f5c\u8005\u5927\u5927\uff0c\u53ef\u4ee5\u544a\u8bc9\u6211QQ\u5417"}, {"userName": "\u98ce\u8682\u8681", "userReviewDate": "2018-03-28", "userURL": "http://user.17k.com/55264947", "userReview": "\u81ea\u8350\u65e0\u9650\u6d41\u5c0f\u8bf4<a target='_blank' href='http://www.17k.com/book/2503038.html'>\u300a\u65e0\u9650\u5e94\u52ab\u8005\u300b</a> \uff1a\u51cc\u5cf0\u610f\u5916\u5377\u5165\u4e86\u4e00\u573a\u7ed1\u67b6\u4eba\u8d28\u4e8b\u4ef6\u4e2d\uff0c\u4ed6\u5728\u89e3\u6551\u4eba\u8d28\u7684\u8fc7\u7a0b\u4e2d\u4ed8\u51fa\u4e86\u201c\u751f\u547d\u201d\uff0c\u5374\u4ee5\u6b64\u4e3a\u5951\u673a\u8e0f\u4e0a\u4e86\u4e00\u6bb5\u6ce2\u6f9c\u58ee\u9614\u7684\u65c5\u7a0b\uff0c\u5728\u5404\u79cd\u5371\u673a\u56db\u4f0f\u53c8\u65d6\u65ce\u7eda\u4e3d\u7684\u4e16\u754c\u4e2d\u5f80\u8fd4\u7a7f\u68ad\u2026\u2026\u2026\u2026\u3002"}, {"userName": "\u7d2b\u6c34\u6676lujinling", "userReviewDate": "2018-03-17", "userURL": "http://user.17k.com/60264394", "userReview": "\u68a6\u5e7b\u9e8b\u9e7f\u643a<a target='_blank' href='http://www.17k.com/book/2788572.html'>\u300a\u5996\u5b7d\u738b\u7237\u7684\u5e9f\u6750\u5c0f\u738b\u5983\u300b</a>\u6765\u8bbf\uff0c\u8bf7\u591a\u591a\u652f\u6301\uff0c\u6765\u4e2a\u6536\u85cf\u5427\uff01\u795d\u5927\u5927\u65e9\u65e5\u6210\u795e\u3002"}, {"userName": "\u7a7a\u8c37\u7559\u60c5", "userReviewDate": "2018-03-14", "userURL": "http://user.17k.com/45016341", "userReview": "\u4e00\u672c\u597d\u770b\u7684\u4e66<a target='_blank' href='http://www.17k.com/book/2790998.html'>\u300a\u9738\u9053\u4e13\u5c5e\u300b</a>\u6821\u56ed\u603b\u88c1\u957f\u817f\u738b\u5b50\u3001\u9752\u6885\u7af9\u9a6c\u6587<a target='_blank' href='http://www.17k.com/book/2790998.html'>\u300a\u9738\u9053\u4e13\u5c5e\u300b</a>\u524d\u6765\u652f\u6301\uff0c\u559c\u6b22\u7684\u53ef\u4ee5\u6536\u85cf\u8fd8\u6709\u6295\u7968\uff0c\u8c22\u8c22\u3002\u7b80\u4ecb\uff1a\u65bd\u96e8\u7af9\u76ee\u5149\u5446\u6ede\u5730\u770b\u7740\u957f\u817f\u5e05\u54e5\u5149\u7740\u7684\u4e0a\u534a\u8eab\u597d\u534a\u664c\uff0c\u56de\u8fc7\u795e\u6765\u540e\u4f38\u624b\u64e6\u4e86\u64e6\u5634\u89d2\u6839\u672c\u4e0d\u5b58\u5728\u7684\u53e3\u6c34\uff0c\u5979\u662f\u5e94\u8be5\u8d81\u673a\u628a\u5bf9\u65b9\u7684\u4e0a\u8863\u90fd\u8131\u5149\u5462\uff0c\u8fd8\u662f\u5c31\u8fd9\u4e48\u5e2e\u5bf9\u65b9\u64e6\u4e00\u4e0b\u4e0a\u8eab\u7ee7\u7eed\u7a7f\u56de\u53bb\uff1f"}, {"userName": "\u7476\u7434\u5f26\u65ad", "userReviewDate": "2018-03-03", "userURL": "http://user.17k.com/59045489", "userReview": "\u7eb3\u5170\u524d\u6765\u62dc\u8bbf\u9001\u82b1"}, {"userName": "\u963f\u62c9\u7684\u82b1", "userReviewDate": "2018-02-22", "userURL": "http://user.17k.com/58629809", "userReview": "<a target='_blank' href='http://www.17k.com/book/2738241.html'>\u300a\u63a8\u80cc\u56fe\u6f14\u4e49\u300b</a>\u548c\u4f5c\u8005\u4e00\u8d77\u9605\u8bfb\u3002"}, {"userName": "\u897f\u7c73\u9732muki", "userReviewDate": "2018-02-22", "userURL": "http://user.17k.com/60073806", "userReview": "\u5927\u5927\u4e0b\u5348\u597d\uff5e\u534a\u6821\u56ed\u534a\u5546\u6218\u91cd\u751f\u5c0f\u8bf4<a target='_blank' href='http://www.17k.com/book/2781561.html'>\u300a\u8346\u68d8\u5f7c\u65b9\u662f\u5f52\u9014\u300b</a>\u6765\u8bbf\u5b66\u4e60\uff0c\u8fd8\u671b\u5927\u5927\u591a\u591a\u652f\u6301\u54e6^_^"}, {"userName": "\u88f4\u5143\u5bb8", "userReviewDate": "2018-02-20", "userURL": "http://user.17k.com/59945580", "userReview": "\u88f4\u5143\u5bb8\u643a<a target='_blank' href='http://www.17k.com/book/2780566.html'>\u300a\u6ca7\u92ae\u97f6\u4e34\u8d4b\u300b</a>\u7ed9\u4f5c\u8005\u62dc\u5e74\u5566\u4f5c\u54c1\u5f88\u68d2\uff0c\u671b\u56de\u8bbf\u3002"}, {"userName": "\u9ec4\u74dc\u7684\u5bbf\u547d", "userReviewDate": "2018-02-12", "userURL": "http://user.17k.com/53195742", "userReview": "<a target='_blank' href='http://www.17k.com/book/2377865.html'>\u300a\u81f3\u9738\u82cd\u751f\u8bc0\u300b</a>\u6765\u8bbf\uff0c\u6c42\u652f\u6301\u6c42\u6269\u6563\uff0c\u87f9\u87f9\u3002"}, {"userName": "\u4e45\u5904\u4e0d\u538c148317147", "userReviewDate": "2018-02-10", "userURL": "http://user.17k.com/59872662", "userReview": "\u6587\u7b14\u5f88\u68d2\u6ef4"}, {"userName": "\u58a8\u767d064992228", "userReviewDate": "2018-02-04", "userURL": "http://user.17k.com/59789540", "userReview": "\u643a<a target='_blank' href='http://www.17k.com/book/2771523.html'>\u300a\u7b19\u7bab\u522b\u79bb\u591a\u300b</a>\u6765\u62dc\u8bbf"}, {"userName": "\u97f3\u4f0a\u5e03", "userReviewDate": "2018-02-01", "userURL": "http://user.17k.com/59015183", "userReview": "(\u706c&deg;\u03c9&deg;\u706c)\u55e8\u3002\u3002\u3002"}, {"userName": "A\u725b\u9b54\u738b", "userReviewDate": "2018-01-19", "userURL": "http://user.17k.com/56738425", "userReview": "\u63a8\u8350\u4e00\u672c\u60ca\u9669\u523a\u6fc0\u597d\u770b\u7684\u4e66<a target='_blank' href='http://www.17k.com/book/2728167.html'>\u300a\u6211\u548c\u5996\u517d\u6709\u4e2a\u7ea6\u4f1a\u300b</a>\uff0c\u8bf7\u591a\u591a\u652f\u6301\uff0c\u6765\u4e2a\u6536\u85cf\u5427! \u70b9\u51fb\u4e66\u540d\u5c31\u53ef\u4ee5\u770b\u5230\u4e66\u5566\u3002"}, {"userName": "kool\u6377", "userReviewDate": "2018-01-16", "userURL": "http://user.17k.com/56730892", "userReview": "\u63a8\u8350\u4e00\u672c\u597d\u770b\u7684\u4e66<a target='_blank' href='http://www.17k.com/book/2551937.html'>\u300a\u8d85\u65b0\u4eba\u300b</a>\uff0c\u8bf7\u591a\u591a\u652f\u6301\uff0c\u6765\u4e2a\u6536\u85cf\u5427\uff01"}, {"userName": "\u5927\u6c5f\u9648\u8ff9", "userReviewDate": "2018-01-11", "userURL": "http://user.17k.com/59082119", "userReview": "\u5927\u6c5f\u9648\u8ff9\u643a<a target='_blank' href='http://www.17k.com/book/2746787.html'>\u300a\u4f2a\u7a7f\u8d8a\u4e4b\u5446\u840c\u5b66\u9738\u8981\u9ed1\u5316\u300b</a>\u501f\u8d35\u5730\u6253\u4e2a\u5e7f\u544a\uff0c\u7b7e\u7ea6\u4f5c\u54c1\u6709\u4fdd\u969c\u54e6\uff01"}, {"userName": "\ue536672862147", "userReviewDate": "2018-01-06", "userURL": "http://user.17k.com/59090392", "userReview": "\u643a<a target='_blank' href='http://www.17k.com/book/2746661.html'>\u300a\u6df1\u60c5\u738b\u7237\u7684\u8ffd\u5983\u574e\u5777\u8def\u300b</a>\u524d\u6765\u62a5\u9053\uff0c\u795d\u5927\u5927\u52a0\u6cb9\u66f4\u65b0\uff01"}, {"userName": "A\u661f\u661f\u70b9\u706f", "userReviewDate": "2018-01-06", "userURL": "http://user.17k.com/55972875", "userReview": "\u63a8\u8350\u4e00\u672c\u597d\u4e66<a target='_blank' href='http://www.17k.com/book/2728167.html'>\u300a\u6211\u548c\u5996\u517d\u6709\u4e2a\u7ea6\u4f1a\u300b</a>\uff0c\u6765\u4e2a\u652f\u6301\uff0c\u6765\u4e2a\u6536\u85cf\u5427\u3002"}], "description": "\u7a7f\u8d8a\u800c\u6765\uff0c\u5979\u81ea\u5e26\u9632\u6bd2\u96f7\u8fbe\u3002\u3000\u3000\u54d4\u54d4\u2014\u2014\u5565\uff1f\u59e8\u5a18\u51f6\u72e0\uff0c\u5916\u52a0\u86c7\u874e\u5eb6\u59b9\uff1f\u3000\u3000\u54d4\u54d4\u2014\u2014\u5440\uff01\u5305\u529e\u5a5a\u59fb\uff0c\u8001\u516c\u8fd8\u770b\u4e0d\u4e0a\u5979\uff1f\u3000\u3000\u6ca1\u5173\u7cfb\uff0c\u51ed\u5979\u8d85\u9ad8\u667a\u5546\uff0c\u706d\u6740\u6e23\u6e23\u53ea\u5728\u8f6c\u77ac\u4e4b\u95f4\u3002\u7edd\u8272\u5bb9\u989c\uff0c\u5438\u5f15\u72c2\u8702\u6d6a\u8776\u65e0\u6570\uff0c\u4eba\u6c14\u7206\u68da\uff0c\u795e\u9a6c\u7687\u5e1d\u4eb2\u738b\uff0c\u90fd\u662f\u88d9\u4e0b\u4e4b\u81e3\u3002\u3000\u3000\u201c\u4f60\u662f\u6211\u7684\u5973\u4eba\uff01\u201d\u51ed\u5565\uff1f\u6709\u53d1\u7968\u4e48\uff1f\u6709\u4fe1\u8a89\u5361\u4e48\uff1f\u3000\u3000\u201c\u4f60\u809a\u5b50\u91cc\u7684\u5a03\uff0c\u662f\u6211\u7684\u3002\u201d\u9760\uff01\u5c45\u7136\u88ab\u4eba\u5148\u65a9\u540e\u594f\uff0c\u625b\u8fdb\u4e86\u7687\u5bab\u3002\u3000\u3000\u8bf4\u597d\u7684\u7ffb\u624b\u4e3a\u4e91\u5462\uff1f\u8bf4\u597d\u7684\u8986\u624b\u4e3a\u96e8\u5462\uff1f\u90fd\u7ed9\u672c\u5983\u8fd8\u56de\u6765\uff01", "title": "\u7edd\u8272\u6bd2\u533b\u738b\u5983", "url": "http://www.17k.com/book/2697445.html", "average": -1.0, "cover": "http://img.17k.com/images/bookcover/partner/74/45/2697445/2697445.jpg", "reviews": 300315, "authors": [{"url": "http://www.17k.com/zuozhe/56805591", "name": "\u84dd\u534e\u6708"}], "type": ["\u53e4\u4ee3\u91cd\u751f"], "outlinks": ["http://www.17k.com/book/2794982.html", "http://www.17k.com/book/2801292.html", "http://www.17k.com/book/2816318.html", "http://www.17k.com/book/2797575.html", "http://www.17k.com/book/2802516.html", "http://www.17k.com/book/2812195.html", "http://www.17k.com/book/2820143.html", "http://www.17k.com/book/2807943.html", "http://www.17k.com/book/2813457.html", "http://www.17k.com/book/2798058.html", "http://www.17k.com/book/2815617.html", "http://www.17k.com/book/2805259.html", "http://www.17k.com/book/2760255.html", "http://www.17k.com/book/2686894.html", "http://www.17k.com/book/2797016.html", "http://www.17k.com/book/2767246.html", "http://www.17k.com/book/2764239.html", "http://www.17k.com/book/2754498.html", "http://www.17k.com/book/2754900.html", "http://www.17k.com/book/2625740.html", "http://www.17k.com/book/2213315.html", "http://www.17k.com/book/2402178.html", "http://www.17k.com/book/2691221.html", "http://www.17k.com/book/2210699.html", "http://www.17k.com/book/1797752.html", "http://www.17k.com/book/2575507.html", "http://www.17k.com/book/2705181.html", "http://www.17k.com/book/2702539.html", "http://www.17k.com/book/2474887.html", "http://www.17k.com/book/2674733.html", "http://www.17k.com/book/2822076.html", "http://www.17k.com/book/2809894.html", "http://www.17k.com/book/2822077.html", "http://www.17k.com/book/2811930.html", "http://www.17k.com/book/2815548.html", "http://www.17k.com/book/2819620.html", "http://www.17k.com/book/2809964.html", "http://www.17k.com/book/2808200.html", "http://www.17k.com/book/2820100.html", "http://www.17k.com/book/2822978.html", "http://www.17k.com/book/2804337.html", "http://www.17k.com/book/2798814.html", "http://www.17k.com/book/2785153.html", "http://www.17k.com/book/2731559.html", "http://www.17k.com/book/2722533.html", "http://www.17k.com/book/2458377.html", "http://www.17k.com/book/2743300.html", "http://www.17k.com/book/973809.html", "http://www.17k.com/book/2651367.html", "http://www.17k.com/book/2726194.html", "http://www.17k.com/book/2790214.html", "http://www.17k.com/book/493239.html", "http://www.17k.com/book/108821.html", "http://www.17k.com/book/1398783.html", "http://www.17k.com/book/83528.html", "http://www.17k.com/book/1859126.html", "http://www.17k.com/book/1741975.html", "http://www.17k.com/book/192453.html", "http://www.17k.com/book/2459058.html", "http://www.17k.com/book/1050747.html", "http://www.17k.com/book/2700315.html", "http://www.17k.com/book/2818940.html", "http://www.17k.com/book/2819519.html", "http://www.17k.com/book/2816390.html", "http://www.17k.com/book/2819588.html", "http://www.17k.com/book/2813768.html", "http://www.17k.com/book/2822406.html", "http://www.17k.com/book/2772164.html", "http://www.17k.com/book/2784023.html", "http://www.17k.com/book/2811877.html", "http://www.17k.com/book/2809119.html", "http://www.17k.com/book/2803700.html", "http://www.17k.com/book/2819561.html", "http://www.17k.com/book/2746506.html", "http://www.17k.com/book/2811836.html", "http://www.17k.com/book/2614810.html", "http://www.17k.com/book/1592435.html", "http://www.17k.com/book/1949748.html", "http://www.17k.com/book/2265802.html", "http://www.17k.com/book/2743240.html", "http://www.17k.com/book/2657437.html", "http://www.17k.com/book/2644502.html", "http://www.17k.com/book/2199900.html", "http://www.17k.com/book/2725436.html", "http://www.17k.com/book/2629978.html"]}