{"ratings": -1, "userreviews": [{"userName": "\u7e41\u57ce !", "userReviewDate": "2018-06-08", "userURL": "http://user.17k.com/62336360", "userReview": "\u592a\u5783\u573e\u3002\u4e00\u70b9\u770b\u5934\u90fd\u6ca1\u6709\u3002"}, {"userName": "1428966548", "userReviewDate": "2018-06-08", "userURL": "http://user.17k.com/13169092", "userReview": "666666"}, {"userName": "17K\u4e66\u53cb2kgik9o7", "userReviewDate": "2018-06-07", "userURL": "http://user.17k.com/61723640", "userReview": "\u4e3a\u4ec0\u4e48\u6b7b\u4e2a\u4eba\u5c31\u975e\u5f97\u662f \u65ad\u817f\u65ad\u811a\u65ad\u5934\u5462 \u4f60\u8fd9\u5199\u7684\u771f\u7684\u4e0d\u600e\u4e48\u6837"}, {"userName": "17K\u4e66\u53cbUB7Q8EMF", "userReviewDate": "2018-06-05", "userURL": "http://user.17k.com/55639470", "userReview": "\u52a0\u6cb9\u52a0\u6cb9\u52a0\u6cb9\u52a0\u6cb9\u52a0\u6cb9\u52a0\u6cb9\u52a0\u6cb9"}, {"userName": "\u96c5\u8fea\u4e1c\u5b89", "userReviewDate": "2018-06-04", "userURL": "http://user.17k.com/55401064", "userReview": "\u8fd9\u5199\u7684\u5565\u73a9\u610f"}, {"userName": "17K\u4e66\u53cbncitkjme", "userReviewDate": "2018-06-04", "userURL": "http://user.17k.com/62278056", "userReview": "\u4f60\u8fd9\u4e2a\u7b80\u4ecb\u6211\u4e5f\u662f\u9189\u4e86"}, {"userName": "\u5927\u54a9Y", "userReviewDate": "2018-06-03", "userURL": "http://user.17k.com/58537297", "userReview": "\u5176\u5b9e \u5c38\u4f53\u633a\u96be\u7f1d\u7684\uff0c\u56e0\u4e3a\u4f53\u6db2\u6bd4\u8f83\u591a\uff0c\u800c\u4e14\u76ae\u80a4\u89e6\u611f\u5230\u540e\u9762\u5c31\u8d8a\u6765\u8d8a\u4e0d\u597d\uff0c\u76ae\u80a4\u4e0a\u7684\u5c38\u6cb9\u5c31\u8d8a\u6765\u8d8a\u591a\u4e86\uff0c\u6240\u4ee5\u4e00\u822c\u9700\u8981\u5148\u70d8\u5e72\uff0c\u4e5f\u5c31\u662f\u5c06\u76ae\u80a4\u786c\u5316\u4e00\u4e0b\u3002\u3002\u3002\u597d\u5427\uff0c\u6211\u7f16\u4e0d\u4e0b\u53bb\u4e86\u3002"}, {"userName": "Jigsaw\u706c\u7535\u952f\u60ca\u9b42", "userReviewDate": "2018-06-02", "userURL": "http://user.17k.com/61682767", "userReview": "\u5e26\u7740\u6211\u7684\u62d9\u4f5c<a target='_blank' href='http://www.17k.com/book/2823732.html'>\u300a\u7bee\u7403\u9738\u8005\u300b</a>\u6765\u7ed9\u4f5c\u8005\u5927\u5927\u7684\u8457\u4f5c\u52a0\u6cb9"}, {"userName": "\u9041\u4e16\u90aa\u4ed9", "userReviewDate": "2018-06-02", "userURL": "http://user.17k.com/57001957", "userReview": "\u770b\u8fc7\u4e00\u672c\u4e8c\u76ae\u5320\u3002\u3002\u665a\u4e0a\u4e0d\u6562\u770b\u554a"}, {"userName": "1428966548", "userReviewDate": "2018-05-29", "userURL": "http://user.17k.com/13169092", "userReview": "8888885"}, {"userName": "1428966548", "userReviewDate": "2018-05-27", "userURL": "http://user.17k.com/13169092", "userReview": "6666666"}, {"userName": "1428966548", "userReviewDate": "2018-05-24", "userURL": "http://user.17k.com/13169092", "userReview": "6666666"}, {"userName": "1428966548", "userReviewDate": "2018-05-22", "userURL": "http://user.17k.com/13169092", "userReview": "6666666"}, {"userName": "\u90aa\u9b45\u50b2\u96eaer", "userReviewDate": "2018-05-19", "userURL": "http://user.17k.com/60259256", "userReview": "\u4f5c\u8005\u5927\u5927\u52a0\u6cb9 &nbsp;\u5e26\u7740\u6211\u7684\u62d9\u4f5c\u6765\u6367\u573a\u300a\u50b2\u7acb\u96ea\u4e2d\u770b\u6d6e\u534e\u4e09\u5343&nbsp;\u300b"}, {"userName": "1428966548", "userReviewDate": "2018-05-17", "userURL": "http://user.17k.com/13169092", "userReview": "666666666"}, {"userName": "1428966548", "userReviewDate": "2018-05-15", "userURL": "http://user.17k.com/13169092", "userReview": "66666666"}, {"userName": "1428966548", "userReviewDate": "2018-05-14", "userURL": "http://user.17k.com/13169092", "userReview": "66666666"}, {"userName": "\u53f6\u9675\u5b89", "userReviewDate": "2018-05-13", "userURL": "http://user.17k.com/59838971", "userReview": "\u5df2\u6536\u85cf\uff0c\u6691\u5047\u770b"}, {"userName": "1428966548", "userReviewDate": "2018-05-13", "userURL": "http://user.17k.com/13169092", "userReview": "66666666"}, {"userName": "\u4e1c\u6d41\u5929\u7267", "userReviewDate": "2018-05-13", "userURL": "http://user.17k.com/61665720", "userReview": "\u4e1c\u6d41\u5929\u7267\u643a<a target='_blank' href='http://www.17k.com/book/2817263.html'>\u300a\u7267\u5929\u4f20\u5947\u300b</a>\u524d\u6765\u795d\u8d3a\uff0c\u795d\u4f5c\u8005\u5927\u592766666666"}], "description": "\u7f1d\u5c38\u662f\u4e2a\u884c\u5f53\uff0c\u4f46\u7f1d\u5c38\u4e0d\u662f\u7f1d\u8863\u670d\uff0c\u8fd9\u884c\u6709\u8fd9\u884c\u7684\u8bb2\u7a76\u3002\u3000\u3000\u7f1d\u5c38\u7684\u89c4\u77e9\u5f88\u591a\uff0c\u800c\u4e14\u4e5f\u5f88\u4e25\uff0c\u4e0d\u80fd\u7834\u3002\u3000\u3000\u7834\u4e86\u89c4\u77e9\u7684\u4eba\uff0c\u662f\u8981\u4ed8\u51fa\u4ee3\u4ef7\u7684\u3002", "title": "\u7f1d\u5c38\u5320", "url": "http://www.17k.com/book/2813768.html", "average": -1.0, "cover": "http://img.17k.com/images/bookcover/2018/14068/70/2813768-1526264270000.jpg", "reviews": 27088, "authors": [{"url": "http://www.17k.com/zuozhe/61143728", "name": "\u8d64\u5c0f\u6728"}], "type": ["\u7075\u5f02\u5947\u8c08"], "outlinks": ["http://www.17k.com/book/2794982.html", "http://www.17k.com/book/2801292.html", "http://www.17k.com/book/2816318.html", "http://www.17k.com/book/2797575.html", "http://www.17k.com/book/2802516.html", "http://www.17k.com/book/2812195.html", "http://www.17k.com/book/2820143.html", "http://www.17k.com/book/2807943.html", "http://www.17k.com/book/2813457.html", "http://www.17k.com/book/2798058.html", "http://www.17k.com/book/2815617.html", "http://www.17k.com/book/2805259.html", "http://www.17k.com/book/2760255.html", "http://www.17k.com/book/2686894.html", "http://www.17k.com/book/2797016.html", "http://www.17k.com/book/2767246.html", "http://www.17k.com/book/2764239.html", "http://www.17k.com/book/2754498.html", "http://www.17k.com/book/2754900.html", "http://www.17k.com/book/2625740.html", "http://www.17k.com/book/2213315.html", "http://www.17k.com/book/2402178.html", "http://www.17k.com/book/2691221.html", "http://www.17k.com/book/2210699.html", "http://www.17k.com/book/1797752.html", "http://www.17k.com/book/2575507.html", "http://www.17k.com/book/2705181.html", "http://www.17k.com/book/2702539.html", "http://www.17k.com/book/2474887.html", "http://www.17k.com/book/2674733.html", "http://www.17k.com/book/2822076.html", "http://www.17k.com/book/2809894.html", "http://www.17k.com/book/2822077.html", "http://www.17k.com/book/2811930.html", "http://www.17k.com/book/2815548.html", "http://www.17k.com/book/2819620.html", "http://www.17k.com/book/2809964.html", "http://www.17k.com/book/2808200.html", "http://www.17k.com/book/2820100.html", "http://www.17k.com/book/2822978.html", "http://www.17k.com/book/2804337.html", "http://www.17k.com/book/2798814.html", "http://www.17k.com/book/2785153.html", "http://www.17k.com/book/2731559.html", "http://www.17k.com/book/2722533.html", "http://www.17k.com/book/2458377.html", "http://www.17k.com/book/2743300.html", "http://www.17k.com/book/973809.html", "http://www.17k.com/book/2651367.html", "http://www.17k.com/book/2726194.html", "http://www.17k.com/book/2790214.html", "http://www.17k.com/book/493239.html", "http://www.17k.com/book/108821.html", "http://www.17k.com/book/1398783.html", "http://www.17k.com/book/83528.html", "http://www.17k.com/book/1859126.html", "http://www.17k.com/book/1741975.html", "http://www.17k.com/book/192453.html", "http://www.17k.com/book/2459058.html", "http://www.17k.com/book/1050747.html", "http://www.17k.com/book/2700315.html", "http://www.17k.com/book/2818940.html", "http://www.17k.com/book/2819519.html", "http://www.17k.com/book/2816390.html", "http://www.17k.com/book/2819588.html", "http://www.17k.com/book/2813768.html", "http://www.17k.com/book/2822406.html", "http://www.17k.com/book/2772164.html", "http://www.17k.com/book/2784023.html", "http://www.17k.com/book/2811877.html", "http://www.17k.com/book/2809119.html", "http://www.17k.com/book/2803700.html", "http://www.17k.com/book/2819561.html", "http://www.17k.com/book/2746506.html", "http://www.17k.com/book/2811836.html", "http://www.17k.com/book/2614810.html", "http://www.17k.com/book/1592435.html", "http://www.17k.com/book/1949748.html", "http://www.17k.com/book/2265802.html", "http://www.17k.com/book/2743240.html", "http://www.17k.com/book/2657437.html", "http://www.17k.com/book/2644502.html", "http://www.17k.com/book/2199900.html", "http://www.17k.com/book/2725436.html", "http://www.17k.com/book/2629978.html"]}