{"ratings": -1, "userreviews": [{"userName": "\u6728\u6728\u8a00\u5348", "userReviewDate": "2017-08-31", "userURL": "http://user.17k.com/47854349", "userReview": "\u80fd\u5927\u548c\u732b\u90fd\u662f\u574f\u4eba\uff0c\u771f\u7684"}, {"userName": "\u6cb8\u70b917", "userReviewDate": "2018-06-08", "userURL": "http://user.17k.com/16097412", "userReview": "[\u6253\u8d4f]\u6211\u6253\u8d4f\u4e861\u5143\u7ea2\u5305\uff01\uff01"}, {"userName": "\u7384\u4e91\u6563\u4eba", "userReviewDate": "2018-06-08", "userURL": "http://user.17k.com/17116235", "userReview": "\u7ee7\u7eed\u652f\u6301"}, {"userName": "\u80fd\u51fa\u6ca1\u6ce8\u610f", "userReviewDate": "2018-06-07", "userURL": "http://user.17k.com/38335788", "userReview": "\u770b\u6765\u662f\u6ca1\u4fee\u597d"}, {"userName": "\u6d1b\u4e8c\u5341\u4e09", "userReviewDate": "2018-06-07", "userURL": "http://user.17k.com/45731080", "userReview": "\u5927\u5927\u5348\u5b89\u5566\uff0c\u9001\u4e0a\u9c9c\u82b1\u652f\u6301"}, {"userName": "\u7384\u4e91\u6563\u4eba", "userReviewDate": "2018-06-07", "userURL": "http://user.17k.com/17116235", "userReview": "\u7ee7\u7eed\u7684\u8ba2"}, {"userName": "\u6d1b\u4e8c\u5341\u4e09", "userReviewDate": "2018-06-06", "userURL": "http://user.17k.com/45731080", "userReview": "\u5927\u5927\u665a\u5b89\u5566\uff0c\u6492\u82b1"}, {"userName": "\u80fd\u51fa\u6ca1\u6ce8\u610f", "userReviewDate": "2018-06-06", "userURL": "http://user.17k.com/38335788", "userReview": "\u6536\u5272\u673a\u8fd8\u884c\u2026\u2026"}, {"userName": "\u80fd\u51fa\u6ca1\u6ce8\u610f", "userReviewDate": "2018-06-06", "userURL": "http://user.17k.com/38335788", "userReview": "<img src='http://img.17k.com/images/face/212zt.gif' />"}, {"userName": "\u7384\u4e91\u6563\u4eba", "userReviewDate": "2018-06-06", "userURL": "http://user.17k.com/17116235", "userReview": "\u575a\u6301"}, {"userName": "\u6c90\u7efe\u5fc3", "userReviewDate": "2018-06-06", "userURL": "http://user.17k.com/56322246", "userReview": "\u52a0\u6cb9\uff0c\u4e2d\u5348\u597d"}, {"userName": "\u80fd\u51fa\u6ca1\u6ce8\u610f", "userReviewDate": "2018-06-05", "userURL": "http://user.17k.com/38335788", "userReview": "\u65e5\u5e38\u65ad\u7f51"}, {"userName": "\u6d1b\u4e8c\u5341\u4e09", "userReviewDate": "2018-06-05", "userURL": "http://user.17k.com/45731080", "userReview": "\u8ba2\u9605\u652f\u6301\u5927\u5927\uff0c\u5927\u5927\u5348\u5b89"}, {"userName": "\u7384\u4e91\u6563\u4eba", "userReviewDate": "2018-06-05", "userURL": "http://user.17k.com/17116235", "userReview": "\u4f9d\u65e7"}, {"userName": "\u6c90\u7efe\u5fc3", "userReviewDate": "2018-06-05", "userURL": "http://user.17k.com/56322246", "userReview": "\u5927\u5927\uff0c\u65e9\u4e0a\u597d"}, {"userName": "\u6d1b\u4e8c\u5341\u4e09", "userReviewDate": "2018-06-04", "userURL": "http://user.17k.com/45731080", "userReview": "\u5927\u5927\u665a\u4e0a\u597d\u5566\uff0c\u6765\u6492\u82b1\u54c8\uff0c\u652f\u6301"}, {"userName": "\u5f39\u5251\u79c0\u624d", "userReviewDate": "2018-06-04", "userURL": "http://user.17k.com/46752401", "userReview": "\u65e5\u6d12\u70df\u6c5f\u4e07\u70b9\u8f89\uff0c\u96e8\u6fef\u82b1\u5ba2\u5343\u822c\u7ea2\u3002\u8bd7\u753b\u6c5f\u5357\uff0c\u4f73\u666f\u9001\u53cb\u3002"}, {"userName": "\u5f39\u5251\u79c0\u624d", "userReviewDate": "2018-06-04", "userURL": "http://user.17k.com/46752401", "userReview": "[\u6253\u8d4f]\u6211\u6253\u8d4f\u4e863\u5143\u7ea2\u5305\uff01\uff01"}, {"userName": "\u7384\u4e91\u6563\u4eba", "userReviewDate": "2018-06-04", "userURL": "http://user.17k.com/17116235", "userReview": "\u6765\u8ba2"}, {"userName": "\u6c90\u7efe\u5fc3", "userReviewDate": "2018-06-04", "userURL": "http://user.17k.com/56322246", "userReview": "\u5c0f\u83ab\u5927\u5927\u662f\u6709\u5b58\u7a3f\u4e48\uff0c\u6bcf\u5929\u66f4\u65b0\u771f\u7684\u5f88\u7d2f\u8111\u5b50\u5462"}], "description": "\u604b\u4eba\u88ab\u903c\u8eab\u6b7b\uff0c\u4ed6\u6000\u7740\u6ed4\u5929\u6068\u610f\u8fdb\u5165\u5929\u52ab\u6e38\u620f\u4e2d\uff1b\u3000\u3000\u672c\u60f3\u83b7\u5f97\u6781\u54c1\u804c\u4e1a\uff0c\u5374\u843d\u5f97\u6700\u5dee\u7684\u6e38\u620f\u5c5e\u6027\uff0c\u582a\u79f0\u7edd\u4e16\u5e9f\u7269\uff1b\u3000\u3000\u5929\u9053\u916c\u6709\u5fd7\u8005\uff0c\u4ed6\u5386\u7ecf\u5343\u8f9b\u4e07\u82e6\u7ec8\u4e8e\u6709\u6240\u6536\u83b7\uff1b\u3000\u3000\u6781\u54c1\u804c\u4e1a\uff0c\u643a\u624b\u4f73\u4eba\u3001\u597d\u53cb\u5171\u6297\u6076\u9b54\uff0c\u58f0\u540d\u9e4a\u8d77\uff1b\u3000\u3000\u6218\u9b42\u3001\u6b66\u9b42\u3001\u8840\u9b42\u3001\u6cd5\u9b42\uff0c\u4e14\u770b\u4ed6\u5982\u4f55\u6289\u62e9\uff01\u3000\u3000\u5927\u654c\u5f53\u524d\uff0c\u4e14\u770b\u4ed6\u5982\u4f55\u529b\u633d\u72c2\u6f9c\uff01\u3000\u3000\u79c1\u4ec7\u9762\u524d\uff0c\u4e14\u770b\u4ed6\u5982\u4f55\u5bf9\u5f85\u7231\u60c5\u3001\u4eb2\u60c5\u548c\u53cb\u60c5\uff01\u3000\u3000\u56fd\u5bb6\u5229\u76ca\uff0c\u4e14\u770b\u4ed6\u5982\u4f55\u5148\u56fd\u540e\u5bb6\uff01\u3000\u3000\u7eb7\u6270\u4e16\u95f4\uff0c\u4e14\u770b\u4ed6\u5982\u4f55\u77e2\u5fd7\u4e0d\u6e1d\uff01\u3000\u3000\u9053\u58eb\u3001\u5fcd\u8005\u3001\u5251\u58eb\u3001\u9a91\u58eb\uff0c\u4e2d\u897f\u5408\u74a7\uff0c\u5404\u56fd\u7279\u8272\uff1b\u3000\u3000\u7cbe\u5f69\u7f51\u6e38\uff0c\u4e00\u5207\u5c3d\u5728\u2014\u2014\u300a\u7f51\u6e38\u4e4b\u4e5d\u8f6c\u8f6e\u56de\u300b", "title": "\u7f51\u6e38\u4e4b\u4e5d\u8f6c\u8f6e\u56de", "url": "http://www.17k.com/book/2264009.html", "average": -1.0, "cover": "http://img.17k.com/images/bookcover/2016/11320/56/2264009-1480813073000.jpg", "reviews": 2469957, "authors": [{"url": "http://www.17k.com/zuozhe/17056547", "name": "\u83ab\u82e5\u68a6\u516e"}], "type": ["\u865a\u62df\u7f51\u6e38"], "outlinks": ["http://www.17k.com/book/2794982.html", "http://www.17k.com/book/2801292.html", "http://www.17k.com/book/2816318.html", "http://www.17k.com/book/2797575.html", "http://www.17k.com/book/2802516.html", "http://www.17k.com/book/2812195.html", "http://www.17k.com/book/2820143.html", "http://www.17k.com/book/2807943.html", "http://www.17k.com/book/2813457.html", "http://www.17k.com/book/2798058.html", "http://www.17k.com/book/2815617.html", "http://www.17k.com/book/2805259.html", "http://www.17k.com/book/2760255.html", "http://www.17k.com/book/2686894.html", "http://www.17k.com/book/2797016.html", "http://www.17k.com/book/2767246.html", "http://www.17k.com/book/2764239.html", "http://www.17k.com/book/2754498.html", "http://www.17k.com/book/2754900.html", "http://www.17k.com/book/2625740.html", "http://www.17k.com/book/2213315.html", "http://www.17k.com/book/2402178.html", "http://www.17k.com/book/2691221.html", "http://www.17k.com/book/2210699.html", "http://www.17k.com/book/1797752.html", "http://www.17k.com/book/2575507.html", "http://www.17k.com/book/2705181.html", "http://www.17k.com/book/2702539.html", "http://www.17k.com/book/2474887.html", "http://www.17k.com/book/2674733.html", "http://www.17k.com/book/2822076.html", "http://www.17k.com/book/2809894.html", "http://www.17k.com/book/2822077.html", "http://www.17k.com/book/2811930.html", "http://www.17k.com/book/2815548.html", "http://www.17k.com/book/2819620.html", "http://www.17k.com/book/2809964.html", "http://www.17k.com/book/2808200.html", "http://www.17k.com/book/2820100.html", "http://www.17k.com/book/2822978.html", "http://www.17k.com/book/2804337.html", "http://www.17k.com/book/2798814.html", "http://www.17k.com/book/2785153.html", "http://www.17k.com/book/2731559.html", "http://www.17k.com/book/2722533.html", "http://www.17k.com/book/2458377.html", "http://www.17k.com/book/2743300.html", "http://www.17k.com/book/973809.html", "http://www.17k.com/book/2651367.html", "http://www.17k.com/book/2726194.html", "http://www.17k.com/book/2790214.html", "http://www.17k.com/book/493239.html", "http://www.17k.com/book/108821.html", "http://www.17k.com/book/1398783.html", "http://www.17k.com/book/83528.html", "http://www.17k.com/book/1859126.html", "http://www.17k.com/book/1741975.html", "http://www.17k.com/book/192453.html", "http://www.17k.com/book/2459058.html", "http://www.17k.com/book/1050747.html", "http://www.17k.com/book/2700315.html", "http://www.17k.com/book/2818940.html", "http://www.17k.com/book/2819519.html", "http://www.17k.com/book/2816390.html", "http://www.17k.com/book/2819588.html", "http://www.17k.com/book/2813768.html", "http://www.17k.com/book/2822406.html", "http://www.17k.com/book/2772164.html", "http://www.17k.com/book/2784023.html", "http://www.17k.com/book/2811877.html", "http://www.17k.com/book/2809119.html", "http://www.17k.com/book/2803700.html", "http://www.17k.com/book/2819561.html", "http://www.17k.com/book/2746506.html", "http://www.17k.com/book/2811836.html", "http://www.17k.com/book/2614810.html", "http://www.17k.com/book/1592435.html", "http://www.17k.com/book/1949748.html", "http://www.17k.com/book/2265802.html", "http://www.17k.com/book/2743240.html", "http://www.17k.com/book/2657437.html", "http://www.17k.com/book/2644502.html", "http://www.17k.com/book/2199900.html", "http://www.17k.com/book/2725436.html", "http://www.17k.com/book/2629978.html"]}