{"ratings": -1, "userreviews": [{"userName": "17K\u4e66\u53cbmlhbko6r", "userReviewDate": "2018-06-02", "userURL": "http://user.17k.com/61703800", "userReview": "\uff01\uff01\uff01\uff01\uff01\uff01"}, {"userName": "\u82cf\u65e5\u8273", "userReviewDate": "2018-05-30", "userURL": "http://user.17k.com/53688498", "userReview": "\u770b\u8fc7\u597d\u591a\u7c7b\u578b\u7684\uff0c\u5e0c\u671b\u8fd9\u90e8\u6709\u70b9\u4e0d\u4e00\u6837"}, {"userName": "17K\u4e66\u53cbmlhbko6r", "userReviewDate": "2018-05-25", "userURL": "http://user.17k.com/61703800", "userReview": "\uff01\uff01\uff01\uff01\uff01\uff01\uff01"}, {"userName": "17K\u4e66\u53cbmlhbko6r", "userReviewDate": "2018-05-24", "userURL": "http://user.17k.com/61703800", "userReview": "\u8fd9\u4e66\u771f\u597d\u770b\uff01\uff01\uff01"}, {"userName": "17K\u4e66\u53cbmlhbko6r", "userReviewDate": "2018-05-24", "userURL": "http://user.17k.com/61703800", "userReview": "\u8fd9\u4e66\u771f\u597d\u770b\uff01\uff01\uff01"}, {"userName": "\ue314\u5fc6\uff0c\u524d\u4e16\u7ea2\u989c\ue314 \u4e3d\u2026", "userReviewDate": "2018-05-22", "userURL": "http://user.17k.com/60384994", "userReview": "\u8981\u662f\u80fd\u6717\u8bfb\u5c31\u597d\u4e86"}, {"userName": "\u4e00\u7c73\u9633\u5149t", "userReviewDate": "2018-05-18", "userURL": "http://user.17k.com/53479920", "userReview": "\u66f4\u65b0\u6709\u70b9\u6162\uff01"}, {"userName": "17K\u4e66\u53cb1g6wz8x3", "userReviewDate": "2018-05-14", "userURL": "http://user.17k.com/58011368", "userReview": "\u50ac\u66f4\u50ac\u66f4\uff01\u771f\u7684\u5f88\u597d\u770b\u7684\u4e66 \u4e0d\u4f1a\u5f03\u4e86\u5427"}, {"userName": "17K\u4e66\u53cb9hw4897b", "userReviewDate": "2018-05-08", "userURL": "http://user.17k.com/61528462", "userReview": "[\u6253\u8d4f]\u6211\u6253\u8d4f\u4e861\u5143\u7ea2\u5305\uff01\uff01"}, {"userName": "\u4e09952393880", "userReviewDate": "2018-05-08", "userURL": "http://user.17k.com/61546499", "userReview": "\u597d\u770b\uff0c\u51e0\u4e2a\u5c0f\u65f6\u5c31\u770b\u5b8c\u4e86\uff0c\u53ef\u60dc\u66f4\u65b0\u6ca1\u6709\u90a3\u4e48\u5feb"}, {"userName": "\u73af\u73af\u4e00\u8885\u695a\u5bab\u8170", "userReviewDate": "2018-05-02", "userURL": "http://user.17k.com/59811233", "userReview": "\u65b0\u7684\u4e00\u5468\u597d\u5fc3\u60c5\uff01\u73af\u73af\u6765\u770b\u770b\uff01"}, {"userName": "\u533f\u540d2567212", "userReviewDate": "2018-04-27", "userURL": "http://user.17k.com/25391208", "userReview": "\u66f4\u65b0\u6709\u70b9\u6162\u5440"}, {"userName": "\u73af\u73af\u4e00\u8885\u695a\u5bab\u8170", "userReviewDate": "2018-04-25", "userURL": "http://user.17k.com/59811233", "userReview": "\u5348\u597d\uff0c\u8bfb\u4e66\u8bbf\u53cb\uff01"}, {"userName": "\u60f3\u4e2a\u7f51\u540d\u6d6a\u8d39\u591a\u5c11\u8111\u7ec6\u80de", "userReviewDate": "2018-04-23", "userURL": "http://user.17k.com/54695205", "userReview": "\u4e0d\u9519\u4e0d\u9519\uff0c"}, {"userName": "\u533f\u540d2567212", "userReviewDate": "2018-04-23", "userURL": "http://user.17k.com/25391208", "userReview": "\u597d\u770b\uff0c\u5feb\u66f4\u65b0"}, {"userName": "\u84dd\u6653\u843d", "userReviewDate": "2018-04-22", "userURL": "http://user.17k.com/61147457", "userReview": "\u559c\u6b22\u559c\u6b22\uff0c\u52a0\u6cb9\u54e6\u2196(^\u03c9^)\u2197"}, {"userName": "\u533f\u540d2567212", "userReviewDate": "2018-04-20", "userURL": "http://user.17k.com/25391208", "userReview": "\u597d\u770b\uff01\uff01\uff01\uff01"}, {"userName": "\u6625\u5c71\u4e00\u6735", "userReviewDate": "2018-04-16", "userURL": "http://user.17k.com/44606259", "userReview": "\u4e00\u76f4\u5728\u52a0\u6cb9\u3002\u70b9\u8d5e\uff01"}, {"userName": "\u6625\u5c71\u4e00\u6735", "userReviewDate": "2018-04-16", "userURL": "http://user.17k.com/44606259", "userReview": "\u4e00\u76f4\u5728\u52a0\u6cb9\u3002\u70b9\u8d5e\uff01"}, {"userName": "\u533f\u540d2567212", "userReviewDate": "2018-04-14", "userURL": "http://user.17k.com/25391208", "userReview": "\u597d\u770b\uff01\uff01\uff01\uff01\uff01\uff01"}], "description": "\u73b0\u4ee3\u5973\u5927\u53a8\u5b89\u7efe\u7a7f\u8d8a\u6210\u4e86\u4e0e\u5979\u540c\u540d\u540c\u59d3\u7684\u519c\u5bb6\u5973\uff0c\u7239\u4e0d\u75bc\u5a18\u4e0d\u7231\uff0c\u5976\u5976\u6076\u6bd2\u7237\u7237\u538c\u5f03\uff0c\u8fd8\u8981\u628a\u5979\u5356\u7ed9\u8001\u7537\u4eba\uff0c\u7528\u5ac1\u5986\u4f9b\u767d\u773c\u72fc\u5f1f\u5f1f\u5ff5\u4e66\uff01\u3000\u3000\u7a7f\u8d8a\u8fc7\u6765\u7684\u5b89\u7efe\u51b7\u51b7\u4e00\u7b11\uff1a\u60f3\u8ba9\u6211\u7ee7\u7eed\u88ab\u5438\u8840\uff0c\u6ca1\u95e8\uff01\u3000\u3000\u5de6\u624b\u505a\u597d\u83dc\uff0c\u53f3\u624b\u6363\u836f\u818f\uff0c\u5b89\u7efe\u6210\u529f\u4ece\u4e00\u4f4d\u666e\u666e\u901a\u901a\u7684\u519c\u5bb6\u5973\u53d8\u6210\u4e00\u4ee3\u5de8\u8d3e\uff01\u3000\u3000\u8fd8\u6536\u83b7\u4e86\u4e00\u4e2a\u7231\u5979\u7231\u5f97\u81f3\u6b7b\u4e0d\u6e1d\u7684\u7537\u4eba\u2026\u2026", "title": "\u7f8e\u5473\u5c0f\u53a8\u5a18\uff1a\u738b\u7237\u5c1d\u4e00\u5c1d", "url": "http://www.17k.com/book/2765175.html", "average": -1.0, "cover": "http://img.17k.com/images/bookcover/2018/13825/69/2765175-1519930404000.jpg", "reviews": 29424, "authors": [{"url": "http://www.17k.com/zuozhe/59592195", "name": "\u53f6\u77e5\u9752"}], "type": ["\u7ecf\u5546\u79cd\u7530"], "outlinks": ["http://www.17k.com/book/2794982.html", "http://www.17k.com/book/2801292.html", "http://www.17k.com/book/2816318.html", "http://www.17k.com/book/2797575.html", "http://www.17k.com/book/2802516.html", "http://www.17k.com/book/2812195.html", "http://www.17k.com/book/2820143.html", "http://www.17k.com/book/2807943.html", "http://www.17k.com/book/2813457.html", "http://www.17k.com/book/2798058.html", "http://www.17k.com/book/2815617.html", "http://www.17k.com/book/2805259.html", "http://www.17k.com/book/2760255.html", "http://www.17k.com/book/2686894.html", "http://www.17k.com/book/2797016.html", "http://www.17k.com/book/2767246.html", "http://www.17k.com/book/2764239.html", "http://www.17k.com/book/2754498.html", "http://www.17k.com/book/2754900.html", "http://www.17k.com/book/2625740.html", "http://www.17k.com/book/2213315.html", "http://www.17k.com/book/2402178.html", "http://www.17k.com/book/2691221.html", "http://www.17k.com/book/2210699.html", "http://www.17k.com/book/1797752.html", "http://www.17k.com/book/2575507.html", "http://www.17k.com/book/2705181.html", "http://www.17k.com/book/2702539.html", "http://www.17k.com/book/2474887.html", "http://www.17k.com/book/2674733.html", "http://www.17k.com/book/2822076.html", "http://www.17k.com/book/2809894.html", "http://www.17k.com/book/2822077.html", "http://www.17k.com/book/2811930.html", "http://www.17k.com/book/2815548.html", "http://www.17k.com/book/2819620.html", "http://www.17k.com/book/2809964.html", "http://www.17k.com/book/2808200.html", "http://www.17k.com/book/2820100.html", "http://www.17k.com/book/2822978.html", "http://www.17k.com/book/2804337.html", "http://www.17k.com/book/2798814.html", "http://www.17k.com/book/2785153.html", "http://www.17k.com/book/2731559.html", "http://www.17k.com/book/2722533.html", "http://www.17k.com/book/2458377.html", "http://www.17k.com/book/2743300.html", "http://www.17k.com/book/973809.html", "http://www.17k.com/book/2651367.html", "http://www.17k.com/book/2726194.html", "http://www.17k.com/book/2790214.html", "http://www.17k.com/book/493239.html", "http://www.17k.com/book/108821.html", "http://www.17k.com/book/1398783.html", "http://www.17k.com/book/83528.html", "http://www.17k.com/book/1859126.html", "http://www.17k.com/book/1741975.html", "http://www.17k.com/book/192453.html", "http://www.17k.com/book/2459058.html", "http://www.17k.com/book/1050747.html", "http://www.17k.com/book/2700315.html", "http://www.17k.com/book/2818940.html", "http://www.17k.com/book/2819519.html", "http://www.17k.com/book/2816390.html", "http://www.17k.com/book/2819588.html", "http://www.17k.com/book/2813768.html", "http://www.17k.com/book/2822406.html", "http://www.17k.com/book/2772164.html", "http://www.17k.com/book/2784023.html", "http://www.17k.com/book/2811877.html", "http://www.17k.com/book/2809119.html", "http://www.17k.com/book/2803700.html", "http://www.17k.com/book/2819561.html", "http://www.17k.com/book/2746506.html", "http://www.17k.com/book/2811836.html", "http://www.17k.com/book/2614810.html", "http://www.17k.com/book/1592435.html", "http://www.17k.com/book/1949748.html", "http://www.17k.com/book/2265802.html", "http://www.17k.com/book/2743240.html", "http://www.17k.com/book/2657437.html", "http://www.17k.com/book/2644502.html", "http://www.17k.com/book/2199900.html", "http://www.17k.com/book/2725436.html", "http://www.17k.com/book/2629978.html"]}