{"ratings": -1, "userreviews": [{"userName": "Rainbowadorable", "userReviewDate": "2018-06-08", "userURL": "http://user.17k.com/56046661", "userReview": "\u6709\u60ca\u65e0\u9669\u6709\u60ca\u65e0\u9669"}, {"userName": "\u5b89\u975c\u7684\u3001\u5e78\u798f", "userReviewDate": "2018-06-08", "userURL": "http://user.17k.com/55967146", "userReview": "\u60f3\u770b\u611f\u60c5\uff0c\u770b\u7740\u8fd9\u8fdb\u5ea6\u5f97100\u7ae0\u4ee5\u540e\u4e86\uff5e\uff5e\uff5e"}, {"userName": "\u5c71\u9e1f\u7fa4\u98de\u65e5\u9690\u8f7b\u971e", "userReviewDate": "2018-06-08", "userURL": "http://user.17k.com/40728627", "userReview": "\u7cbe\u5f69\uff01\u9001\u82b1\u82b1\u8868\u793a\u652f\u6301\uff01"}, {"userName": "\u4f55\u5fc5\u82b3\u534e047074488", "userReviewDate": "2018-06-08", "userURL": "http://user.17k.com/54508812", "userReview": "\u4e3a\u4ec0\u4e48\u4f1a\u53d1\u80d6\u5462"}, {"userName": "Sail\u2665\u79e6", "userReviewDate": "2018-06-08", "userURL": "http://user.17k.com/59856775", "userReview": "[\u6253\u8d4f]\u6211\u6253\u8d4f\u4e861\u5143\u7ea2\u5305\uff01\uff01"}, {"userName": "A\u4e1c\u5347\u623f\u4ea7\u9f9a\u9648\u52e41345\u2026", "userReviewDate": "2018-06-07", "userURL": "http://user.17k.com/58778230", "userReview": "\u6bcf\u65e5\u6253\u5361\u7b7e\u5230"}, {"userName": "old\u9e7f\u8e52\u8dda", "userReviewDate": "2018-06-07", "userURL": "http://user.17k.com/57793740", "userReview": "\u54c8\u54c8\u54c8\u54c8\uff0c\u5927\u5fc3\u771f\u7684\u662f\u5999\u7b14\u751f\u82b1\u554a\uff0c\u624e\u5230\u4f60\uff0c\u54b1\u5bb6\u4f1a\u5fc3\u75bc\u7684"}, {"userName": "\u6e05\u6c34536261929", "userReviewDate": "2018-06-07", "userURL": "http://user.17k.com/61862840", "userReview": "\u597d\u770b\uff0c\u5c31\u662f\u66f4\u7684\u592a\u5c11\u4e86\uff0c\u770b\u4e0d\u8fc7\u763e"}, {"userName": "old\u9e7f\u8e52\u8dda", "userReviewDate": "2018-06-07", "userURL": "http://user.17k.com/57793740", "userReview": "\u60ca\u8bb6\u5730\u53d1\u73b0\u5df2\u7ecf\u7b7e\u5230\u4e24\u767e\u5929\u5566"}, {"userName": "\u4f55\u5fc5\u82b3\u534e047074488", "userReviewDate": "2018-06-07", "userURL": "http://user.17k.com/54508812", "userReview": "\u7ea2\u7ea2\u706b\u706b\u604d\u604d\u60da\u60da"}, {"userName": "Hibis", "userReviewDate": "2018-06-07", "userURL": "http://user.17k.com/54047855", "userReview": "\u6211\u53c8\u4f86\u6253\u500b\u5361\u4e86"}, {"userName": "\u60f3\u5403\u8fa3\u8116\u7684\u732b", "userReviewDate": "2018-06-07", "userURL": "http://user.17k.com/54045851", "userReview": "\u89c9\u5f97\u9762\u5177\u7537\u6709\u620f\uff0c\uff01\uff01\uff01\u6ca1\u770b\u5230\u8138\u90fd\u89c9\u5f97\u662f\u4e2a\u620f\u7cbe"}, {"userName": "\u7c73\u888b501", "userReviewDate": "2018-06-07", "userURL": "http://user.17k.com/54061025", "userReview": "\u8fd9\u7ae0\u7b11\u6b7b\u4e86\uff01\u54c8\u54c8\u54c8\uff01"}, {"userName": "\u95f2\u6687\u5348\u540e", "userReviewDate": "2018-06-07", "userURL": "http://user.17k.com/56009520", "userReview": "\u597d\u50cf\u518d\u770b\u4e00\u7ae0"}, {"userName": "Rainbowadorable", "userReviewDate": "2018-06-07", "userURL": "http://user.17k.com/56046661", "userReview": "\u5fc3\u75bc\u5730 \u54c8\u54c8\u54c8\u54c8\u54c8"}, {"userName": "A\u4e1c\u5347\u623f\u4ea7\u9f9a\u9648\u52e41345\u2026", "userReviewDate": "2018-06-06", "userURL": "http://user.17k.com/58778230", "userReview": "\u5927\u5fc3\uff0c\u66f4\u65b0\u597d\u6162\u5440\uff0c\u4e00\u5929\u66f42\u5427"}, {"userName": "\u4f55\u5fc5\u82b3\u534e047074488", "userReviewDate": "2018-06-06", "userURL": "http://user.17k.com/54508812", "userReview": "\u54c8\u54c8\u54c8\u54c8\uff0c\u6253\u906d\u4e86"}, {"userName": "\u5170\u6000\u6069", "userReviewDate": "2018-06-06", "userURL": "http://user.17k.com/52875629", "userReview": "\u8bc4\u8bba\u4e0d\u80fd\u53d1\u56fe\uff0c\u4e00\u61be\u4e8b\u2026\u2026\u8d60\u4e66\u6536\u5230\uff0c\u5411\u5927\u5fc3\u6c47\u62a5\uff01"}, {"userName": "17k\u4e66\u53cbw37iajxmg", "userReviewDate": "2018-06-05", "userURL": "http://user.17k.com/62552562", "userReview": "\u770b\u4e86\u8fd8\u60f3\u770b \u4e0d\u591f\u554a"}, {"userName": "17k\u4e66\u53cbw37iajxmg", "userReviewDate": "2018-06-05", "userURL": "http://user.17k.com/62552562", "userReview": "[\u6253\u8d4f]\u6211\u6253\u8d4f\u4e861\u4e2a'\u5c0f\u5fc3\u5fc3'\uff01\uff01"}], "description": "\u9690\u4e16\u5510\u95e8\u51fa\u4e86\u4e24\u4e2a\u8d25\u7c7b\u3002\u4e00\u662f\u95e8\u4e3b\u5510\u4e0d\u4f11\uff0c\u4e8c\u662f\u4ed6\u7684\u5973\u5f92\u5f1f\u5510\u4f73\u4eba\u3002\u524d\u8005\u4fca\u7f8e\u65e0\u53cc\uff0c\u5374\u662f\u8def\u75f4\uff0c\u6574\u65e5\u609f\u9053\uff0c\u81ea\u79f0\u4e0d\u4f11\u8001\u7956\uff0c\u4e0d\u80af\u4e3a\u5510\u95e8\u4f20\u5b97\u63a5\u4ee3\uff1b\u540e\u8005\u852b\u574f\uff0c\u7f44\u7af9\u96be\u4e66\uff01\u3000\u3000\u9690\u4e16\u5510\u95e8\u65e0\u7cbe\u58ee\u7537\u5b50\uff0c\u957f\u8001\u4eec\u8fde\u54c4\u5e26\u9a97\u5730\u5c06\u5510\u4f73\u4eba\u63a8\u51fa\u5510\u95e8\uff0c\u8ba9\u5979\u53bb\u5bfb\u7537\u5b50\u501f\u79cd\u4e00\u7528\u3002\u4e34\u884c\u524d\uff0c\u957f\u8001\u6015\u4f73\u4eba\u4e0d\u61c2\u623f\u4e8b\uff0c\u6b32\u585e\u672c\u300a\u5408\u6b22\u300b\u7ed9\u5979\uff0c\u5e76\u5631\u6258\u5979\uff0c\u552f\u6709\u53c2\u7167\u6b64\u6cd5\u624d\u80fd\u5f97\u5b50\u3002\u4e0d\u60f3\uff0c\u4e66\u88ab\u5510\u4e0d\u4f11\u8c03\u5305\uff0c\u9001\u51fa\u7684\u662f\u300a\u6b8b\u83ca\u624b\u300b\u3002\u3000\u3000\u51fa\u5c71\u540e\uff0c\u5510\u4f73\u4eba\u52a0\u5165\u5230\u8c31\u5199\u6c5f\u6e56\u516b\u5366\u7684\u767e\u5ddd\u9601\u3002\u4e3a\u4e86\u7f16\u5199\u300a\u7f8e\u7537\u699c\u300b\uff0c\u5979\u4e00\u4e00\u62dc\u8bbf\u5404\u5f62\u5404\u8272\u7684\u7f8e\u7537\u5b50\uff0c\u5f53\u771f\u662f\u7ecf\u5386\u4e86\u4e5d\u6d45\u4e00\u6df1\u554a\uff0c\u54e6\uff0c\u4e0d\u4e0d\u4e0d\uff0c\u662f\u4e5d\u6b7b\u4e00\u751f\uff01\u3000\u3000\u67d0\u559c\u7a7f\u5973\u88c5\uff0c\u67d0\u4e0d\u957f\u6bdb\uff0c\u67d0\u548c\u67d0\u7684\u66a7\u6627\u5173\u7cfb\uff0c\u67d0\u7684\u771f\u5b9e\u8eab\u4efd\uff0c\u67d0\u534a\u591c\u7761\u4e0d\u7740\u559c\u6b22\u6570\u81ea\u5df1\u817f\u6bdb\u7684\u539f\u56e0\uff0c\u67d0\u6210\u529f\u5c06\u81ea\u5df1\u6d3b\u6210\u5b64\u5bb6\u5be1\u4eba\u7684\u591a\u4e2a\u7406\u7531\u2026\u2026\u6765\u6765\uff0c\u4e8c\u4e24\u94f6\u5b50\u4e00\u4efd\u7684\u300a\u7f8e\u7537\u699c\u300b\uff0c\u6ee1\u8db3\u4f60\u6df1\u95fa\u5bc2\u5bde\u7684\u5fc3\u3002\u3000\u3000\u300a\u8273\u5ba2\u52ab\u300b\u5b8c\u7ed3\uff0c\u6765\u7ffb\u6eda\u5427\u3002", "title": "\u7f8e\u7537\u699c", "url": "http://www.17k.com/book/2816318.html", "average": -1.0, "cover": "http://img.17k.com/images/bookcover/2018/14081/70/2816318-1526269651000.jpg", "reviews": 127244, "authors": [{"url": "http://www.17k.com/zuozhe/9205623", "name": "\u5c0f\u9c7c\u5927\u5fc3"}], "type": ["\u5feb\u610f\u6c5f\u6e56"], "outlinks": ["http://www.17k.com/book/2794982.html", "http://www.17k.com/book/2801292.html", "http://www.17k.com/book/2816318.html", "http://www.17k.com/book/2797575.html", "http://www.17k.com/book/2802516.html", "http://www.17k.com/book/2812195.html", "http://www.17k.com/book/2820143.html", "http://www.17k.com/book/2807943.html", "http://www.17k.com/book/2813457.html", "http://www.17k.com/book/2798058.html", "http://www.17k.com/book/2815617.html", "http://www.17k.com/book/2805259.html", "http://www.17k.com/book/2760255.html", "http://www.17k.com/book/2686894.html", "http://www.17k.com/book/2797016.html", "http://www.17k.com/book/2767246.html", "http://www.17k.com/book/2764239.html", "http://www.17k.com/book/2754498.html", "http://www.17k.com/book/2754900.html", "http://www.17k.com/book/2625740.html", "http://www.17k.com/book/2213315.html", "http://www.17k.com/book/2402178.html", "http://www.17k.com/book/2691221.html", "http://www.17k.com/book/2210699.html", "http://www.17k.com/book/1797752.html", "http://www.17k.com/book/2575507.html", "http://www.17k.com/book/2705181.html", "http://www.17k.com/book/2702539.html", "http://www.17k.com/book/2474887.html", "http://www.17k.com/book/2674733.html", "http://www.17k.com/book/2822076.html", "http://www.17k.com/book/2809894.html", "http://www.17k.com/book/2822077.html", "http://www.17k.com/book/2811930.html", "http://www.17k.com/book/2815548.html", "http://www.17k.com/book/2819620.html", "http://www.17k.com/book/2809964.html", "http://www.17k.com/book/2808200.html", "http://www.17k.com/book/2820100.html", "http://www.17k.com/book/2822978.html", "http://www.17k.com/book/2804337.html", "http://www.17k.com/book/2798814.html", "http://www.17k.com/book/2785153.html", "http://www.17k.com/book/2731559.html", "http://www.17k.com/book/2722533.html", "http://www.17k.com/book/2458377.html", "http://www.17k.com/book/2743300.html", "http://www.17k.com/book/973809.html", "http://www.17k.com/book/2651367.html", "http://www.17k.com/book/2726194.html", "http://www.17k.com/book/2790214.html", "http://www.17k.com/book/493239.html", "http://www.17k.com/book/108821.html", "http://www.17k.com/book/1398783.html", "http://www.17k.com/book/83528.html", "http://www.17k.com/book/1859126.html", "http://www.17k.com/book/1741975.html", "http://www.17k.com/book/192453.html", "http://www.17k.com/book/2459058.html", "http://www.17k.com/book/1050747.html", "http://www.17k.com/book/2700315.html", "http://www.17k.com/book/2818940.html", "http://www.17k.com/book/2819519.html", "http://www.17k.com/book/2816390.html", "http://www.17k.com/book/2819588.html", "http://www.17k.com/book/2813768.html", "http://www.17k.com/book/2822406.html", "http://www.17k.com/book/2772164.html", "http://www.17k.com/book/2784023.html", "http://www.17k.com/book/2811877.html", "http://www.17k.com/book/2809119.html", "http://www.17k.com/book/2803700.html", "http://www.17k.com/book/2819561.html", "http://www.17k.com/book/2746506.html", "http://www.17k.com/book/2811836.html", "http://www.17k.com/book/2614810.html", "http://www.17k.com/book/1592435.html", "http://www.17k.com/book/1949748.html", "http://www.17k.com/book/2265802.html", "http://www.17k.com/book/2743240.html", "http://www.17k.com/book/2657437.html", "http://www.17k.com/book/2644502.html", "http://www.17k.com/book/2199900.html", "http://www.17k.com/book/2725436.html", "http://www.17k.com/book/2629978.html"]}