{"ratings": -1, "userreviews": [{"userName": "\u6c89\u58a8\u4e0d\u8bed", "userReviewDate": "2018-04-04", "userURL": "http://user.17k.com/46807598", "userReview": "\u771f\u672c\u4e66\u662f\u6211\u770b\u9519\u4e86\u8fd8\u662f\u600e\u4e48\u56de\u4e8b\uff1f\u8fd9\u6570\u636e\u4e0d\u6b63\u5e38\u5440..."}, {"userName": "\u672a\u6765\u8001\u9f20", "userReviewDate": "2017-12-15", "userURL": "http://user.17k.com/46396493", "userReview": "\u5927\u795e\uff0c\u4e66\u5c01\u597d\u770b\u5230\u70b8\uff0c\u52a0\u6cb9<a target='_blank' href='http://www.17k.com/book/2725309.html'>\u300a\u534a\u7c73\u9633\u5149\u84dd\u5c71\u5357\u300b</a>\u6765\u8bbf"}], "description": "\u6211\u5bf9\u672a\u6765\u7684\u6784\u60f3\u5927\u6982\u662f\u8fd9\u6837\uff0c\u5bb6\u4eba\u5b89\u5728\uff0c\u631a\u53cb\u4e00\u4e8c\uff0c\u559c\u6b22\u7684\u4eba\u4e45\u4f34\u4e0d\u5f03\uff0c\u5bf9\u66fe\u7ecf\u4e0d\u65e0\u540e\u6094\uff0c\u5bf9\u672a\u6765\u6108\u6218\u6108\u52c7\u3002\u6b8a\u4e0d\u77e5\u4e00\u671d\u7a7f\u8d8a\u6210\u4e86\u4eba\u4eec\u53e3\u4e2d\u6240\u8bf4\u7684\u7ea2\u989c\u7978\u6c34\u3000\u3000\u5979\u8bf4\uff1a\u5982\u679c\u6211\u5728\u610f\u7684\u4eba\u5bf9\u6211\u5ffd\u51b7\u5ffd\u70ed\uff0c\u90a3\u4e48\u6211\u4fbf\u4f1a\u9009\u62e9\u4e0d\u8f9e\u800c\u522b\u56e0\u4e3a\u6211\u6ca1\u90a3\u4e48\u591a\u8010\u5fc3\u53bb\u54c1\u5c1d\u60a3\u5f97\u60a3\u5931\u7684\u611f\u89c9\u200b\uff0c\u6211\u4f1a\u51b7\u6696\u81ea\u77e5\uff0c\u66f4\u4f1a\u597d\u81ea\u4e3a\u4e4b\u3002\u3000\u3000\u4ed6\u8bf4\uff1a\u9047\u89c1\u4f60\u4ee5\u540e\uff0c\u6211\u4fbf\u6709\u4e86\u8f6f\u808b\u4e5f\u6709\u4e86\u76d4\u7532\uff08\u751f\u52ab\u6613\u6e21\uff0c\u60c5\u52ab\u96be\u4e86\uff09\u3000\u3000\u4ed6\u8bf4\uff1a\u5982\u679c\u6211\u80fd\u591f\u4e0d\u7231\u4f60\uff0c\u90a3\u8be5\u591a\u597d\uff0c\uff08\u60c5\u4e0d\u77e5\u6240\u8d77\uff0c\u4e00\u5f80\u800c\u6df1\uff0c\u60c5\u4e0d\u77e5\u6240\u7ec8\uff0c\u4e00\u5f80\u800c\u6b86\uff09\u3000\u3000\u4ed6\u8bf4\uff1a\u6ca1\u5f53\u8fc7\u98de\u86fe\u4e0d\u61c2\u6251\u706b\u591a\u5feb\u4e50\uff0c\u820d\u4e0d\u5f97\u6212\u4e86\u518d\u6709\u4f24\u6211\u4e5f\u8ba4\u4e86\uff08\u7231\u4f60\u75db\u82e6\u5e76\u5feb\u4e50\u7740\uff09", "title": "\u8179\u9ed1\u5821\u4e3b\u7684\u50b2\u5a07\u59bb", "url": "http://www.17k.com/book/2722744.html", "average": -1.0, "cover": "http://img.17k.com/images/bookcover/partner/27/44/2722744/2722744.jpg", "reviews": 1027, "authors": [{"url": "http://www.17k.com/zuozhe/56805795", "name": "\u52ff\u5fd8\u521d\u5fc3"}], "type": ["\u7a7f\u8d8a\u65f6\u7a7a"], "outlinks": ["http://www.17k.com/book/2794982.html", "http://www.17k.com/book/2801292.html", "http://www.17k.com/book/2816318.html", "http://www.17k.com/book/2797575.html", "http://www.17k.com/book/2802516.html", "http://www.17k.com/book/2812195.html", "http://www.17k.com/book/2820143.html", "http://www.17k.com/book/2807943.html", "http://www.17k.com/book/2813457.html", "http://www.17k.com/book/2798058.html", "http://www.17k.com/book/2815617.html", "http://www.17k.com/book/2805259.html", "http://www.17k.com/book/2760255.html", "http://www.17k.com/book/2686894.html", "http://www.17k.com/book/2797016.html", "http://www.17k.com/book/2767246.html", "http://www.17k.com/book/2764239.html", "http://www.17k.com/book/2754498.html", "http://www.17k.com/book/2754900.html", "http://www.17k.com/book/2625740.html", "http://www.17k.com/book/2213315.html", "http://www.17k.com/book/2402178.html", "http://www.17k.com/book/2691221.html", "http://www.17k.com/book/2210699.html", "http://www.17k.com/book/1797752.html", "http://www.17k.com/book/2575507.html", "http://www.17k.com/book/2705181.html", "http://www.17k.com/book/2702539.html", "http://www.17k.com/book/2474887.html", "http://www.17k.com/book/2674733.html", "http://www.17k.com/book/2822076.html", "http://www.17k.com/book/2809894.html", "http://www.17k.com/book/2822077.html", "http://www.17k.com/book/2811930.html", "http://www.17k.com/book/2815548.html", "http://www.17k.com/book/2819620.html", "http://www.17k.com/book/2809964.html", "http://www.17k.com/book/2808200.html", "http://www.17k.com/book/2820100.html", "http://www.17k.com/book/2822978.html", "http://www.17k.com/book/2804337.html", "http://www.17k.com/book/2798814.html", "http://www.17k.com/book/2785153.html", "http://www.17k.com/book/2731559.html", "http://www.17k.com/book/2722533.html", "http://www.17k.com/book/2458377.html", "http://www.17k.com/book/2743300.html", "http://www.17k.com/book/973809.html", "http://www.17k.com/book/2651367.html", "http://www.17k.com/book/2726194.html", "http://www.17k.com/book/2790214.html", "http://www.17k.com/book/493239.html", "http://www.17k.com/book/108821.html", "http://www.17k.com/book/1398783.html", "http://www.17k.com/book/83528.html", "http://www.17k.com/book/1859126.html", "http://www.17k.com/book/1741975.html", "http://www.17k.com/book/192453.html", "http://www.17k.com/book/2459058.html", "http://www.17k.com/book/1050747.html", "http://www.17k.com/book/2700315.html", "http://www.17k.com/book/2818940.html", "http://www.17k.com/book/2819519.html", "http://www.17k.com/book/2816390.html", "http://www.17k.com/book/2819588.html", "http://www.17k.com/book/2813768.html", "http://www.17k.com/book/2822406.html", "http://www.17k.com/book/2772164.html", "http://www.17k.com/book/2784023.html", "http://www.17k.com/book/2811877.html", "http://www.17k.com/book/2809119.html", "http://www.17k.com/book/2803700.html", "http://www.17k.com/book/2819561.html", "http://www.17k.com/book/2746506.html", "http://www.17k.com/book/2811836.html", "http://www.17k.com/book/2614810.html", "http://www.17k.com/book/1592435.html", "http://www.17k.com/book/1949748.html", "http://www.17k.com/book/2265802.html", "http://www.17k.com/book/2743240.html", "http://www.17k.com/book/2657437.html", "http://www.17k.com/book/2644502.html", "http://www.17k.com/book/2199900.html", "http://www.17k.com/book/2725436.html", "http://www.17k.com/book/2629978.html"]}