{"ratings": -1, "userreviews": [{"userName": "\u6512\u4e00\u888b\u8292\u679c", "userReviewDate": "2018-05-20", "userURL": "http://user.17k.com/55437270", "userReview": "\u5468\u672b\u6109\u5feb520\u5feb\u4e50"}, {"userName": "\u3123\u901d\u53bb\u2570\u2606\u3077_\u901d\u53bb.....\ufe56", "userReviewDate": "2018-05-06", "userURL": "http://user.17k.com/53108576", "userReview": "\u6708\u4e0b\u5360\u535c\u643a<a target='_blank' href='http://www.17k.com/book/2812764.html'>\u300a\u4e5d\u5c3e\u732b\u4ed9\u300b</a>\u652f\u6301\uff0c\u52a0\u6cb9"}, {"userName": "\u97f3\u4f0a\u5e03", "userReviewDate": "2018-04-22", "userURL": "http://user.17k.com/59015183", "userReview": "(\u2022\u0300\u03c9\u2022\u0301)\u2727"}, {"userName": "\u5c0fC029816716", "userReviewDate": "2018-04-17", "userURL": "http://user.17k.com/58341874", "userReview": "\u540c\u5b66\u4eec\uff0c\u8d77\u9006\uff01 \u201c\u55e1\u55e1\u201d \u684c\u6905\u5435\u95f9\u7684\u8f70\u7136\u54cd\u8d77\u3002 \u540c\u5b66\u4eec:\u8001\u5e08\u597d\uff01 \u515c\u515c\u8001\u5e08:\u55ef\uff0c\u540c\u5b66\u4eec\u597d\uff01\u8bf7\u5750\u4e0b\uff0c\u4eca\u5929\u7684\u7b2c\u4e00\u5802\u5462\uff0c\u662f\u8bfe\u5916\u5b9e\u8df5\uff01\u6240\u4ee5\u7b49\u4e0b\u54b1\u4eec\u51fa\u53d1\u7684\u65f6\u5019\u8981\u4e95\u7136\u6709\u5e8f \u540c\u5b66\u4eec:\u662f\uff01 \u8001\u5e08\u9ad8\u6634\u7684\u58f0\u97f3\u54cd\u5f7b\u6559\u5ba4\uff0c\u8bf4\u5b8c\uff0c\u5e95\u4e0b\u7684\u540c\u5b66\u5c31\u7acb\u5e94\u9053\u3002 \u201c\u4e0d\u8fc7\u5417\uff0c\u6700\u6ce8\u610f\u7684\u662f\u5c0f\u660e\uff0c\u8fd9\u56de\u53ef\u8981\u4e56\u4e56\u7684\u54e6\u201d \u201c\u662f\uff0c\u515c\u515c\u8001\u5e08\uff0c\u5c0f\u660e\u4fdd\u8bc1\u5b8c\u6210\u4efb\u52a1\u201d \u53ea\u89c1\u7b2c\u56db\u6392\u6700\u540e\u4e00\u4e2a\u6234\u7740\u6d77\u7ef5\u5b9d\u5b9d\u7248\u9e2d\u820c\u5e3d\u7684\u8611\u83c7\u5934\u5c0f\u7537\u5b69\u7ad9\u8d77\u90d1\u91cd\u7684\u8bf4\u9053\uff0c\u5176\u773c\u795e\u8fd8\u6beb\u4e0d\u907f\u8bb3\u7684\u770b\u5411\u4e86\u7b2c\u4e00\u6392\u7b2c\u4e00\u4f4d\u8eab\u7a7f\u8fde\u8863\u5c0f\u88d9\u5b50\u7684\u4e38\u5b50\u5934\u5c0f\u841d\u8389\u3002 \u201c\u55ef\uff0c\u55ef\uff0c\u5f88\u597d\u201d \u770b\u7740\u5c0f\u660e\u7684\u6837\u5b50\uff0c\u515c\u515c\u8001\u5e08\u5f88\u662f\u6ee1\u610f \u4e0d\u4e00\u4f1a\u513f\uff0c\u4f17\u4eba\u6d69\u6d69\u8361\u8361\u7684\u4fbf\u524d\u5f80\u4e86\u4ed6\u4eec\u7684\u5b9e\u8df5\u76ee\u7684\u5730 \u515c\u515c\u8001\u5e08:\u54b3\u54b3\uff0c\u8fd9\u5c31\u662f\u54b1\u4eec\u7684\u76ee\u7684\u5730\u4e86\uff0c\u201c\u8fce\u6625\u697c\u201d..."}, {"userName": "\u661f\u7a7a\u591c\u68a6\u58f9", "userReviewDate": "2018-04-11", "userURL": "http://user.17k.com/58116533", "userReview": "\u661f\u7a7a\u6765\u4e86\uff0c\u62dc\u8bfb\u4f73\u4f5c\uff0c\u8ba2\u9605\u652f\u6301\uff0c\u4e00\u8d77\u52a0\u6cb9\u2196(^\u03c9^)\u2197"}, {"userName": "\u8537\u8587\u73a5\u9171V", "userReviewDate": "2018-03-27", "userURL": "http://user.17k.com/55984899", "userReview": "\u8d5e\uff5e\u30fd(\uffe3\u03c9\uffe3(\uffe3\u03c9\uffe3\u3003)\u309d"}, {"userName": "\u661f\u7a7a\u591c\u68a6\u58f9", "userReviewDate": "2018-03-25", "userURL": "http://user.17k.com/58116533", "userReview": "<span style='color:red'>\u5348\u8bbf\u770b\u4e66\uff0c\u6492\u82b1\u652f\u6301\uff0c\u5468\u672b\u6109\u5feb\u54df\uff01<a target='_blank' href='http://user.17k.com/59400955'>@\u7f57\u5c0f\u742a\u742a</a></span>"}, {"userName": "\u661f\u7a7a\u591c\u68a6\u58f9", "userReviewDate": "2018-03-24", "userURL": "http://user.17k.com/58116533", "userReview": "\u597d\u770b\uff0c\u8d8a\u6765\u8d8a\u597d\u770b\u4e86\uff0c\u6389\u5751\u65e0\u6cd5\u81ea\u62d4\u4e86"}, {"userName": "\u661f\u7a7a\u591c\u68a6\u58f9", "userReviewDate": "2018-03-24", "userURL": "http://user.17k.com/58116533", "userReview": "\u5468\u672b\u6109\u5feb\uff0c\u7801\u5b57\u5feb\u4e50\u54df"}, {"userName": "\u5c0f\u767d\u7684\u9b54\u76d2", "userReviewDate": "2018-03-23", "userURL": "http://user.17k.com/59872240", "userReview": "\u5bb3\u6015\uff0c\u53c8\u60f3\u770b"}, {"userName": "\u767d\u6c61\u5170", "userReviewDate": "2018-03-21", "userURL": "http://user.17k.com/57791539", "userReview": "\u597d\u770b"}, {"userName": "\u8537\u8587\u73a5\u9171V", "userReviewDate": "2018-03-20", "userURL": "http://user.17k.com/55984899", "userReview": "\u6765\u8bbf\u52a0\u6cb9\u5566\u5566\u5566\uff5e\u6253\u6eda\u5356\u840c\u6c42\u652f\u6301\uff5e\u03b5\u0e51\u2365\u0e51\u0437"}, {"userName": "\u661f\u7a7a\u591c\u68a6\u58f9", "userReviewDate": "2018-03-20", "userURL": "http://user.17k.com/58116533", "userReview": "<span style='color:red'>\u65e9\u4e0a\u597d\uff0c\u770b\u4e66\u6492\u82b1\uff0c\u652f\u6301\u5982\u65e7</span>"}, {"userName": "\u661f\u7a7a\u591c\u68a6\u58f9", "userReviewDate": "2018-03-17", "userURL": "http://user.17k.com/58116533", "userReview": "\u8f6c\u773c\u4e4b\u95f4\u53c8\u5230\u5468\u672b\u4e86\uff0c\u795d\u4f60\u5468\u672b\u6109\u5feb\uff0c\u7801\u5b57\u6512\u7a3f\u5feb\u4e50\uff01\u54c8\u54c8\uff01\u661f\u7a7a\u5148\u51fa\u53bb\u6d6a\u4f1a\u513f\uff0c\u7801\u5b57\u592a\u7279\u4e48\u7d2f\u4e86\uff0c\u91ca\u653e\u4e00\u4e0b\u5fc3\u60c5\uff0c\u6d3b\u52a8\u6d3b\u52a8\u7b4b\u9aa8\uff0c\u665a\u4e0a\u7ee7\u7eed\u594b\u6597\u518d\u8bb2<a target='_blank' href='http://www.17k.com/book/2705953.html'>\u300a\u9b3c\u8ff9\u5bfb\u8e2a\u300b</a>\u7684\u6545\u4e8b\u3002\u52a0\u6cb9\u2196(^\u03c9^)\u2197\uff0c\u4e00\u8d77\u52aa\u529b\u5427\uff0c\u661f\u7a7a\u6709\u7a7a\u4f1a\u5e38\u6765\u7684\u3002"}, {"userName": "\u661f\u7a7a\u591c\u68a6\u58f9", "userReviewDate": "2018-03-16", "userURL": "http://user.17k.com/58116533", "userReview": "\u52a0\u6cb9\uff0c\u4e0d\u9519\u54e6\uff0c\u7ee7\u7eed\u52aa\u529b\u521b\u4f5c\u5427\uff01"}, {"userName": "\u5723\u9b54\u5929\u7687", "userReviewDate": "2018-03-05", "userURL": "http://user.17k.com/55303723", "userReview": "<a target='_blank' href='http://www.17k.com/book/2592859.html'>\u300a\u7269\u5c45\u300b</a>\u51fa\u81ea\u6c34\u7687\u7684\u5341\u4e07\u4e2a\u5927\u9017\u6bd4\u7ecf\u5178\u8457\u4f5c"}, {"userName": "\u8309\u8389\u82b1\u4e1b", "userReviewDate": "2018-03-04", "userURL": "http://user.17k.com/59690219", "userReview": "\u4f5c\u8005\u5927\u5927\uff0c\u5feb\u66f4\u554a"}, {"userName": "\u8309\u8389\u82b1\u4e1b", "userReviewDate": "2018-03-04", "userURL": "http://user.17k.com/59690219", "userReview": "<span style='color:black'>\u4e0d\u77e5\u9053\u4f5c\u8005\u5927\u5927\uff0c\u6709\u6ca1\u6709\u770b\u8fc7\u8102\u8272\u7684<a target='_blank' href='http://www.17k.com/book/1629749.html'>\u300a\u6211\u7684\u50b2\u5a07\u9b3c\u592b\u300b</a>\u4e5f\u5f88\u597d\u770b</span>"}, {"userName": "\u8309\u8389\u82b1\u4e1b", "userReviewDate": "2018-03-04", "userURL": "http://user.17k.com/59690219", "userReview": "\u8fd9\u672c\u4e66\u592a\u597d\u4e86\uff0c\u60c5\u8282\u8dcc\u5b95\u8d77\u4f0f\uff0c\u5f15\u4eba\u5165\u80dc\uff0c\u6211\u5927\u7231"}, {"userName": "\u591c\u9b45\u661f\u8fb0\u672c\u5c0a", "userReviewDate": "2018-03-03", "userURL": "http://user.17k.com/15601070", "userReview": "\u5927\u5927\u597d\u554a\uff0c<a target='_blank' href='http://www.17k.com/book/2784873.html'>\u300a\u5168\u804c\u6740\u624b\u4e4b\u6211\u7684\u6781\u54c1\u672a\u5a5a\u59bb\u300b</a>\u6765\u8bbf\uff0c\u559c\u6b22\uff0c\u559c\u6b22"}], "description": "\u7537\u53cb\u6c42\u5a5a\u524d\u591c\uff0c\u6211\u88ab\u4eba\u4e0b\u4e86\u836f\uff0c\u4ed6\u8fd8\u628a\u8fc7\u7a0b\u62cd\u4e0b\u6765\u53d1\u7ed9\u4e86\u6211\u7537\u53cb\u3002\u3000\u3000\u6211\u7684\u6c42\u5a5a\u88ab\u6bc1\u4e86\u2026\u2026\u751a\u81f3\u4ed6\u8fd8\u5bb3\u6b7b\u4e86\u6211\u7537\u53cb\u2026\u2026\u6700\u540e\u6211\u624d\u77e5\u9053\uff0c\u539f\u6765\u4ed6\u4e0d\u662f\u4eba\u3002", "title": "\u8179\u9ed1\u9b3c\u592b\u8d56\u4e0a\u6211", "url": "http://www.17k.com/book/2756216.html", "average": -1.0, "cover": "http://img.17k.com/images/bookcover/2018/13781/68/2756216-1516849270000.jpg", "reviews": 42821, "authors": [{"url": "http://www.17k.com/zuozhe/59400955", "name": "\u7f57\u5c0f\u742a"}], "type": ["\u7075\u5f02\u5947\u8c08"], "outlinks": ["http://www.17k.com/book/2794982.html", "http://www.17k.com/book/2801292.html", "http://www.17k.com/book/2816318.html", "http://www.17k.com/book/2797575.html", "http://www.17k.com/book/2802516.html", "http://www.17k.com/book/2812195.html", "http://www.17k.com/book/2820143.html", "http://www.17k.com/book/2807943.html", "http://www.17k.com/book/2813457.html", "http://www.17k.com/book/2798058.html", "http://www.17k.com/book/2815617.html", "http://www.17k.com/book/2805259.html", "http://www.17k.com/book/2760255.html", "http://www.17k.com/book/2686894.html", "http://www.17k.com/book/2797016.html", "http://www.17k.com/book/2767246.html", "http://www.17k.com/book/2764239.html", "http://www.17k.com/book/2754498.html", "http://www.17k.com/book/2754900.html", "http://www.17k.com/book/2625740.html", "http://www.17k.com/book/2213315.html", "http://www.17k.com/book/2402178.html", "http://www.17k.com/book/2691221.html", "http://www.17k.com/book/2210699.html", "http://www.17k.com/book/1797752.html", "http://www.17k.com/book/2575507.html", "http://www.17k.com/book/2705181.html", "http://www.17k.com/book/2702539.html", "http://www.17k.com/book/2474887.html", "http://www.17k.com/book/2674733.html", "http://www.17k.com/book/2822076.html", "http://www.17k.com/book/2809894.html", "http://www.17k.com/book/2822077.html", "http://www.17k.com/book/2811930.html", "http://www.17k.com/book/2815548.html", "http://www.17k.com/book/2819620.html", "http://www.17k.com/book/2809964.html", "http://www.17k.com/book/2808200.html", "http://www.17k.com/book/2820100.html", "http://www.17k.com/book/2822978.html", "http://www.17k.com/book/2804337.html", "http://www.17k.com/book/2798814.html", "http://www.17k.com/book/2785153.html", "http://www.17k.com/book/2731559.html", "http://www.17k.com/book/2722533.html", "http://www.17k.com/book/2458377.html", "http://www.17k.com/book/2743300.html", "http://www.17k.com/book/973809.html", "http://www.17k.com/book/2651367.html", "http://www.17k.com/book/2726194.html", "http://www.17k.com/book/2790214.html", "http://www.17k.com/book/493239.html", "http://www.17k.com/book/108821.html", "http://www.17k.com/book/1398783.html", "http://www.17k.com/book/83528.html", "http://www.17k.com/book/1859126.html", "http://www.17k.com/book/1741975.html", "http://www.17k.com/book/192453.html", "http://www.17k.com/book/2459058.html", "http://www.17k.com/book/1050747.html", "http://www.17k.com/book/2700315.html", "http://www.17k.com/book/2818940.html", "http://www.17k.com/book/2819519.html", "http://www.17k.com/book/2816390.html", "http://www.17k.com/book/2819588.html", "http://www.17k.com/book/2813768.html", "http://www.17k.com/book/2822406.html", "http://www.17k.com/book/2772164.html", "http://www.17k.com/book/2784023.html", "http://www.17k.com/book/2811877.html", "http://www.17k.com/book/2809119.html", "http://www.17k.com/book/2803700.html", "http://www.17k.com/book/2819561.html", "http://www.17k.com/book/2746506.html", "http://www.17k.com/book/2811836.html", "http://www.17k.com/book/2614810.html", "http://www.17k.com/book/1592435.html", "http://www.17k.com/book/1949748.html", "http://www.17k.com/book/2265802.html", "http://www.17k.com/book/2743240.html", "http://www.17k.com/book/2657437.html", "http://www.17k.com/book/2644502.html", "http://www.17k.com/book/2199900.html", "http://www.17k.com/book/2725436.html", "http://www.17k.com/book/2629978.html"]}