{"ratings": -1, "userreviews": [{"userName": "\u58a8\u5c11\u53cc", "userReviewDate": "2018-04-01", "userURL": "http://user.17k.com/56444800", "userReview": "\u7531\u4e8e\u672c\u4eba\u8eab\u4f53\u539f\u56e0\uff0c\u8fd9\u90e8\u5c0f\u8bf4\u4f1a\u6682\u505c\u66f4\u65b0\u4e24\u5468\uff0c\u7ed9\u4eb2\u4eec\u5e26\u6765\u7684\u4e0d\u4fbf\uff0c\u5148\u8bf4\u58f0\u62b1\u6b49\uff0c\u4e94\u6708\u4efd\u4f1a\u5f00\u59cb\u53cc\u66f4\uff01"}, {"userName": "\u8377\u5858\u6708\u266a", "userReviewDate": "2018-03-19", "userURL": "http://user.17k.com/52874984", "userReview": "\u597d\u770b\uff0c\u5927\u5927\u52a0\u6cb9"}, {"userName": "\u6d77\u4e4b\u70750", "userReviewDate": "2018-02-22", "userURL": "http://user.17k.com/43483568", "userReview": "\u5927\u5927\u52a0\u6cb9\uff01\u5750\u7b49\u66f4\u65b0"}, {"userName": "\u8377\u5858\u6708\u266a", "userReviewDate": "2018-02-07", "userURL": "http://user.17k.com/52874984", "userReview": "\u52a0\u6cb9\uff0c\u5f88\u597d\u770b\uff0c\u5e0c\u671b\u5c11\u53cc\u7ee7\u7eed\u52aa\u529b"}, {"userName": "130****1181", "userReviewDate": "2018-02-01", "userURL": "http://user.17k.com/59647006", "userReview": "\u4e0d\u8fc7\u771f\u7684\u5f88\u559c\u6b22\u5c11\u53cc\u5199\u7684\u4e1c\u897f\uff0c\u6587\u7b14\u4e2d\u60f3\u8c61\u7a7a\u95f4\u5927"}, {"userName": "\u6cea\u4e0e", "userReviewDate": "2018-01-30", "userURL": "http://user.17k.com/59612061", "userReview": "\u4f5c\u8005\u5199\u7684\u5f88\u597d\u554a\uff0c\u6587\u7ae0\u63cf\u5199\u4e5f\u5f88\u7ec6\u817b\uff0c\u521a\u5f00\u59cb\u770b\u8fd8\u6709\u70b9\u63a5\u53d7\u4e0d\u4e86\u8fd9\u79cd\u8bbe\u5b9a\uff0c\u4f46\u662f\u770b\u5230\u540e\u6765\uff0c\u53d1\u73b0\u662f\u6709\u5438\u5f15\u4eba\u7684\u5730\u65b9\uff0c\u53d1\u73b0\u5c0f\u516c\u4e3b\u4e5f\u4e0d\u5bb9\u6613\uff0c\u751a\u81f3\u6709\u70b9\u5fc3\u75bc\u7537\u4e3b\u4e86\uff08\u6709\u53ef\u80fd\u56e0\u4e3a\u6211\u73bb\u7483\u5fc3\uff09\uff0c\u52a0\u6cb9\uff01"}, {"userName": "\u519b\u4e2d\u8305\u53f0", "userReviewDate": "2017-12-17", "userURL": "http://user.17k.com/57049951", "userReview": "<a target='_blank' href='http://www.17k.com/book/2428327.html'>\u300a\u4eba\u9c7c\u6c0f\u65cf\u300b</a>\u6765\u8bbf\uff0c\u4f5c\u8005\u90fd\u4e0d\u5bb9\u6613\uff0c\u52a0\u6cb9\u3002\u70b9\u51fb\uff0c\u6536\u85cf\uff0c\u8ba2\u9605\u652f\u6301\uff0c\u795d\u65e9\u65e5\u6210\u795e\u3002"}, {"userName": "\u519b\u4e2d\u8305\u53f0", "userReviewDate": "2017-12-17", "userURL": "http://user.17k.com/57049951", "userReview": "<a target='_blank' href='http://www.17k.com/book/2428327.html'>\u300a\u4eba\u9c7c\u6c0f\u65cf\u300b</a>\u6765\u8bbf\uff0c\u4f5c\u8005\u90fd\u4e0d\u5bb9\u6613\uff0c\u52a0\u6cb9\u3002\u70b9\u51fb\uff0c\u6536\u85cf\uff0c\u8ba2\u9605\u652f\u6301\uff0c\u795d\u65e9\u65e5\u6210\u795e\u3002"}, {"userName": "\u6e05\u68a6\u7f8e\u7737", "userReviewDate": "2017-12-13", "userURL": "http://user.17k.com/58487462", "userReview": "[\u6253\u8d4f]\u6211\u6253\u8d4f\u4e862\u5143\u7ea2\u5305\uff01\uff01"}, {"userName": "\u6e05\u68a6\u7f8e\u7737", "userReviewDate": "2017-12-13", "userURL": "http://user.17k.com/58487462", "userReview": "[\u6253\u8d4f]\u6211\u6253\u8d4f\u4e862\u5143\u7ea2\u5305\uff01\uff01"}, {"userName": "\u6e05\u68a6\u7f8e\u7737", "userReviewDate": "2017-12-13", "userURL": "http://user.17k.com/58487462", "userReview": "[\u6253\u8d4f]\u6211\u6253\u8d4f\u4e862\u5143\u7ea2\u5305\uff01\uff01"}, {"userName": "\u7ea0\u7ed3\u5bf9\u9519\u4e0e\u6743\u8861\u5229\u5f0a\u4e4b\u95f4", "userReviewDate": "2017-12-13", "userURL": "http://user.17k.com/57647698", "userReview": "[\u6253\u8d4f]\u6211\u6253\u8d4f\u4e861\u5143\u7ea2\u5305\uff01\uff01"}, {"userName": "\u8096\u6708\u53f6", "userReviewDate": "2017-12-04", "userURL": "http://user.17k.com/57109334", "userReview": "\u5199\u7684\u771f\u597d\uff0c\u52a0\u6cb9\u554a\u5927\u5927\uff0c\u6211\u4e00\u5b9a\u4f1a\u652f\u6301\u4e0b\u53bb\u7684\u3002"}, {"userName": "\u65f6\u5149\u4f55\u89e3\uff0c\u56de\u5fc6\u4f55\u60dc\u2026", "userReviewDate": "2017-12-03", "userURL": "http://user.17k.com/57645704", "userReview": "[\u6253\u8d4f]\u6211\u6253\u8d4f\u4e862\u5143\u7ea2\u5305\uff01\uff01"}, {"userName": "\u7a46\u6b22\u6c50", "userReviewDate": "2017-12-01", "userURL": "http://user.17k.com/58594264", "userReview": "\u60f3\u8bf4\u8fd9\u672c\u4e66\u633a\u597d\u770b\u7684\u5440\uff0c\u4e3a\u4ec0\u4e48\u8bc4\u8bba\u4eba\u70df\u7a00\u5c11\u4e0d\u8fc7\u5927\u5927\u52a0\u6cb9\uff0c\u6211\u4f1a\u8ffd\u4e0b\u53bb\u7684\uff01<a target='_blank' href='http://user.17k.com/56444800'>@\u58a8\u5c11\u53cc</a>"}, {"userName": "\u7a46\u6b22\u6c50", "userReviewDate": "2017-12-01", "userURL": "http://user.17k.com/58594264", "userReview": "[\u6253\u8d4f]\u6211\u6253\u8d4f\u4e862\u5143\u7ea2\u5305\uff01\uff01"}, {"userName": "\u6e05\u68a6\u7f8e\u7737", "userReviewDate": "2017-11-25", "userURL": "http://user.17k.com/58487462", "userReview": "[\u6253\u8d4f]\u6211\u6253\u8d4f\u4e862\u5143\u7ea2\u5305\uff01\uff01"}, {"userName": "\u7a46\u6b22\u6c50", "userReviewDate": "2017-11-25", "userURL": "http://user.17k.com/58594264", "userReview": "\u4e00\u53e3\u6c14\u770b\u5230\u66f4\u65b0\u7684\u5730\u65b9\uff0c\u8d8a\u770b\u8d8a\u597d\u770b\u3002\u4e3a\u4e86\u8fd9\u672c\u4e66\uff0c\u8fd8\u7279\u610f\u5f00\u4e86\u4e2aVIP\uff0c\u5c31\u4e3a\u4e86\u652f\u6301\u4e00\u4e0b\u4f5c\u8005\u5927\u5927\u3002\u5e0c\u671b\u5927\u5927\u7ee7\u7eed\u52a0\u6cb9\uff0c\u4e0d\u8981\u5f03\u5751\u54e6\uff01"}, {"userName": "\u7a46\u6b22\u6c50", "userReviewDate": "2017-11-25", "userURL": "http://user.17k.com/58594264", "userReview": "[\u6253\u8d4f]\u6211\u6253\u8d4f\u4e862\u5143\u7ea2\u5305\uff01\uff01"}, {"userName": "\u7a46\u6b22\u6c50", "userReviewDate": "2017-11-25", "userURL": "http://user.17k.com/58594264", "userReview": "[\u6253\u8d4f]\u6211\u6253\u8d4f\u4e861\u5143\u7ea2\u5305\uff01\uff01"}], "description": "\u524d\u4e16\uff0c\u5979\u662f\u4e00\u56fd\u516c\u4e3b\uff0c\u5584\u826f\u53ef\u7231\u3001\u5929\u771f\u70c2\u6f2b\u3002\u662f\u7236\u6bcd\u548c\u54e5\u54e5\u624b\u4e2d\u7684\u638c\u5fc3\u5b9d\uff0c\u5374\u559c\u6b22\u4e00\u4e2a\u4e0d\u559c\u6b22\u81ea\u5df1\u7684\u4eba\u3002\u3000\u3000\u660e\u660e\u4ed6\u5fc3\u5c5e\u522b\u4eba\uff0c\u5374\u540c\u5979\u8bf4\u4ed6\u4f1a\u5a36\u5979\uff0c\u5979\u6ee1\u5fc3\u6b22\u559c\u5730\u51c6\u5907\u7740\uff0c\u5927\u5a5a\u90a3\u591c\uff0c\u4ed6\u5374\u96c6\u9f50\u4e07\u5343\u58eb\u5175\u6740\u4e86\u7231\u5979\u7684\u7236\u6bcd\uff0c\u81ea\u5df1\u5360\u636e\u5e1d\u90fd\u4e3a\u738b\u3002\u4e00\u591c\u4e4b\u95f4\u56fd\u7834\u5bb6\u4ea1\uff0c\u5979\u6ca6\u4e3a\u9636\u4e0b\u56da\u3002\u3000\u3000\u5979\u7ec8\u4e8e\u660e\u767d\u4ed6\u5a36\u5979\u7684\u76ee\u7684\u662f\u4ec0\u4e48\uff0c\u53ef\u540e\u6094\u5df2\u7ecf\u6765\u4e0d\u53ca\u4e86\uff0c\u5979\u4eb2\u773c\u770b\u7740\u5979\u7684\u4eb2\u54e5\u54e5\u4e3a\u4e86\u6551\u5979\u800c\u88ab\u4e71\u7bad\u5c04\u6b7b\u3002\u3000\u3000\u5979\u5728\u6b7b\u7262\u4e2d\u82df\u6d3b\u4e09\u4e2a\u6708\uff0c\u4e0d\u8fc7\u662f\u60f3\u770b\u4ed6\u4f1a\u7ed9\u81ea\u5df1\u4e00\u4e2a\u600e\u6837\u7684\u7ed3\u5c40\uff0c\u6700\u540e\u7b49\u6765\u4e00\u676f\u6bd2\u9152\uff0c\u4e86\u6b64\u6b8b\u751f\u2026\u2026\u3000\u3000\u91cd\u6d3b\u4e00\u4e16\uff0c\u5979\u522b\u65e0\u6240\u6c42\uff0c\u53ea\u60f3\u4fdd\u4f4f\u4eb2\u4eba\u7684\u6027\u547d\u548c\u81ea\u5df1\u7684\u56fd\u5bb6\u3002\u3000\u3000\u2026\u2026\u3000\u3000\u770b\u5979\u4e00\u4ecb\u5973\u6d41\u5982\u4f55\u7ffb\u624b\u4e3a\u4e91\uff0c\u8986\u624b\u4e3a\u96e8\u3002\u3000\u3000\u4e71\u6c5f\u6e56\u3001\u5b9a\u671d\u5c40\u3001\u5e73\u70fd\u706b\u3001\u7768\u82cd\u751f\u3002\u3000\u3000\u4f46\u662f\u8c01\u80fd\u544a\u8bc9\u5979\uff0c\u4e3a\u4ec0\u4e48\u518d\u89c1\u65f6\u90a3\u4e2a\u4eba\u5374\u53d8\u4e86\u3002\u8bf4\u597d\u7684\u51b7\u9177\u65e0\u60c5\u5462\uff0c\u8bf4\u597d\u7684\u6b8b\u5fcd\u9738\u9053\u5462\uff1f\u4e3a\u4ec0\u4e48\u6b7b\u547d\u7f20\u7740\u5979\uff1f\u8bf4\u597d\u7684\u4ed6\u559c\u6b22\u90a3\u4e2a\u5973\u5b50\u5462\uff0c\u600e\u4e48\u4ed6\u770b\u90fd\u4e0d\u770b\u5979\u4e00\u773c\u4e86\uff1f\u3000\u3000\u8fd9\u5176\u5b9e\u662f\u4e00\u6e23\u7537\u91cd\u751f\u62fc\u547d\u5ba0\u5973\u4e3b\u7684\u6587\u3002\u3000\u3000\u770b\u6211\u4eec\u4e16\u5b50\u6bbf\u4e0b\u5982\u4f55\u5f00\u542f\u4ed6\u7684\u6f2b\u6f2b\u8ffd\u59bb\u4e4b\u8def\uff0c\u770b\u4ed6\u662f\u600e\u6837\u8179\u9ed1\u65e0\u8d56\u7684\u864f\u83b7\u516c\u4e3b\u6bbf\u4e0b\u7684\u82b3\u5fc3\uff1f", "title": "\u8179\u9ed1\u4e16\u5b50\u653b\u5fc3\u8bb0", "url": "http://www.17k.com/book/2662710.html", "average": -1.0, "cover": "http://img.17k.com/images/bookcover/2017/13313/66/2662710-1509491875000.jpg", "reviews": 16908, "authors": [{"url": "http://www.17k.com/zuozhe/56444800", "name": "\u541b\u5c11\u53cc"}], "type": ["\u53e4\u4ee3\u91cd\u751f"], "outlinks": ["http://www.17k.com/book/2794982.html", "http://www.17k.com/book/2801292.html", "http://www.17k.com/book/2816318.html", "http://www.17k.com/book/2797575.html", "http://www.17k.com/book/2802516.html", "http://www.17k.com/book/2812195.html", "http://www.17k.com/book/2820143.html", "http://www.17k.com/book/2807943.html", "http://www.17k.com/book/2813457.html", "http://www.17k.com/book/2798058.html", "http://www.17k.com/book/2815617.html", "http://www.17k.com/book/2805259.html", "http://www.17k.com/book/2760255.html", "http://www.17k.com/book/2686894.html", "http://www.17k.com/book/2797016.html", "http://www.17k.com/book/2767246.html", "http://www.17k.com/book/2764239.html", "http://www.17k.com/book/2754498.html", "http://www.17k.com/book/2754900.html", "http://www.17k.com/book/2625740.html", "http://www.17k.com/book/2213315.html", "http://www.17k.com/book/2402178.html", "http://www.17k.com/book/2691221.html", "http://www.17k.com/book/2210699.html", "http://www.17k.com/book/1797752.html", "http://www.17k.com/book/2575507.html", "http://www.17k.com/book/2705181.html", "http://www.17k.com/book/2702539.html", "http://www.17k.com/book/2474887.html", "http://www.17k.com/book/2674733.html", "http://www.17k.com/book/2822076.html", "http://www.17k.com/book/2809894.html", "http://www.17k.com/book/2822077.html", "http://www.17k.com/book/2811930.html", "http://www.17k.com/book/2815548.html", "http://www.17k.com/book/2819620.html", "http://www.17k.com/book/2809964.html", "http://www.17k.com/book/2808200.html", "http://www.17k.com/book/2820100.html", "http://www.17k.com/book/2822978.html", "http://www.17k.com/book/2804337.html", "http://www.17k.com/book/2798814.html", "http://www.17k.com/book/2785153.html", "http://www.17k.com/book/2731559.html", "http://www.17k.com/book/2722533.html", "http://www.17k.com/book/2458377.html", "http://www.17k.com/book/2743300.html", "http://www.17k.com/book/973809.html", "http://www.17k.com/book/2651367.html", "http://www.17k.com/book/2726194.html", "http://www.17k.com/book/2790214.html", "http://www.17k.com/book/493239.html", "http://www.17k.com/book/108821.html", "http://www.17k.com/book/1398783.html", "http://www.17k.com/book/83528.html", "http://www.17k.com/book/1859126.html", "http://www.17k.com/book/1741975.html", "http://www.17k.com/book/192453.html", "http://www.17k.com/book/2459058.html", "http://www.17k.com/book/1050747.html", "http://www.17k.com/book/2700315.html", "http://www.17k.com/book/2818940.html", "http://www.17k.com/book/2819519.html", "http://www.17k.com/book/2816390.html", "http://www.17k.com/book/2819588.html", "http://www.17k.com/book/2813768.html", "http://www.17k.com/book/2822406.html", "http://www.17k.com/book/2772164.html", "http://www.17k.com/book/2784023.html", "http://www.17k.com/book/2811877.html", "http://www.17k.com/book/2809119.html", "http://www.17k.com/book/2803700.html", "http://www.17k.com/book/2819561.html", "http://www.17k.com/book/2746506.html", "http://www.17k.com/book/2811836.html", "http://www.17k.com/book/2614810.html", "http://www.17k.com/book/1592435.html", "http://www.17k.com/book/1949748.html", "http://www.17k.com/book/2265802.html", "http://www.17k.com/book/2743240.html", "http://www.17k.com/book/2657437.html", "http://www.17k.com/book/2644502.html", "http://www.17k.com/book/2199900.html", "http://www.17k.com/book/2725436.html", "http://www.17k.com/book/2629978.html"]}