{"ratings": -1, "userreviews": [{"userName": "\u4e03\u4e03\u5c45\u58eb", "userReviewDate": "2018-03-09", "userURL": "http://user.17k.com/49673469", "userReview": "\u6587\u771f\u7684\u975e\u5e38\u4e0d\u9519\uff0c\u987a\u4fbf\u63a8\u8350\u4e00\u4e0b\u81ea\u5df1\u7684\u4e66<a target='_blank' href='http://www.17k.com/book/2130853.html'>\u300a\u7231\u5df2\u6210\u6df1\u300b</a>"}, {"userName": "\u6d77\u4e4b\u70750", "userReviewDate": "2018-02-22", "userURL": "http://user.17k.com/43483568", "userReview": "\u6587\u6587\u771f\u4e0d\u9519\uff01\u5927\u5927\u52a0\u6cb9"}, {"userName": "\u6893\u6c50\u7444\u513f", "userReviewDate": "2017-12-26", "userURL": "http://user.17k.com/58752221", "userReview": "<span style='color:black'>\u5e26\u300a\u5ae1\u5973\u91cd\u751f\u53c8\u4e00\u4e16\u65b0\u4e66\u6c42\u652f\u6301~~~~~~~~~~~~</span>"}, {"userName": "\u7b71\u7b71\u7b71\u7b71\u5f71", "userReviewDate": "2017-12-17", "userURL": "http://user.17k.com/49325577", "userReview": "\u7b71\u5f71\u643a<a target='_blank' href='http://www.17k.com/book/2670624.html'>\u300a\u7f6a\u7f5a\u56e0\u679c\u300b</a>\u62dc\u8bbf\u5b66**\uff01"}, {"userName": "\u963f\u66ae\u5b8c\u4facmumu", "userReviewDate": "2017-11-18", "userURL": "http://user.17k.com/57093862", "userReview": "<a target='_blank' href='http://www.17k.com/book/2645447.html'>\u300a\u51b7\u66ae\u4e03\u6708\u300b</a>\u6765\u8bbf\uff0c\u5e0c\u671b\u5927\u5bb6\u559c\u6b22\uff0c\u52a0\u6cb9\uff01"}, {"userName": "\u5c0f\u5c0f\u8a00\u6cea", "userReviewDate": "2017-11-16", "userURL": "http://user.17k.com/48159428", "userReview": "\u652f\u6301\u4f73\u4f5c"}, {"userName": "\u674e\u65e0\u547d", "userReviewDate": "2017-11-15", "userURL": "http://user.17k.com/57024055", "userReview": "<a target='_blank' href='http://www.17k.com/book/2654528.html'>\u300a\u51a5\u5929\u697c\u300b</a>\u6765\u8bbf\uff0c\u5e0c\u671b\u5927\u5bb6\u53ef\u4ee5\u53bb\u770b\u770b\uff0c\u4e5f\u5e0c\u671b\u4f5c\u8005\u5927\u5927\u7684\u4e66\u8d8a\u6765\u8d8a\u706b..."}, {"userName": "\u964c\u8def\u76f8\u79bb", "userReviewDate": "2017-11-01", "userURL": "http://user.17k.com/43976965", "userReview": "<a target='_blank' href='http://www.17k.com/book/2019038.html'>\u300a\u9eef\u9b45\u300b</a>\u6765\u8bbf\uff01\u4f5c\u8005\u5927\u5927\u52a0\u6cb9"}, {"userName": "\u601d\u5ff5\u5f52\u9014", "userReviewDate": "2017-10-22", "userURL": "http://user.17k.com/57760269", "userReview": "mmmm\u6c42\u5165\u5751<a target='_blank' href='http://www.17k.com/book/2695767.html'>\u300a\u6211\u7684\u5cb3\u7236\u5927\u5927\u662f\u960e\u738b\u300b</a>"}, {"userName": "\u601d\u5ff5\u5f52\u9014", "userReviewDate": "2017-10-22", "userURL": "http://user.17k.com/57760269", "userReview": "mmmm\u6c42\u5165\u5751<a target='_blank' href='http://www.17k.com/book/2695767.html'>\u300a\u6211\u7684\u5cb3\u7236\u5927\u5927\u662f\u960e\u738b\u300b</a>"}, {"userName": "\u5357\u65b9\u591c\u96e8\u6f47\u6f47", "userReviewDate": "2017-10-16", "userURL": "http://user.17k.com/37360539", "userReview": "\u6f47\u6f47\u6765\u8bbf\uff0c\u54c8\u54c8\uff0c\u771f\u5fc3\u5199\u7684\u597d\u770b\uff0c\u6587\u7b14\uff0c\u4eba\u7269\u523b\u753b\u7684\u90fd\u597d\uff0c\u5927\u5927\u52a0\u6cb9\uff0c\u671b\u56de\u8bbf"}, {"userName": "\u7d20\u6307\u9898\u6c5f\u5c71", "userReviewDate": "2017-10-13", "userURL": "http://user.17k.com/57581545", "userReview": "<a target='_blank' href='http://www.17k.com/book/2670845.html'>\u300a\u8fa3\u5983\u5f53\u9053\u4e4b\u738b\u7237\u522b\u95f9\u300b</a>\u6765\u8bbf\uff0c\u795d\u5927\u5927\u5199\u7684\u8d8a\u6765\u8d8a\u597d\u54e6\u3002"}, {"userName": "\u963f\u66ae\u5b8c\u4facmumu", "userReviewDate": "2017-10-05", "userURL": "http://user.17k.com/57093862", "userReview": "<a target='_blank' href='http://www.17k.com/book/2645447.html'>\u300a\u51b7\u66ae\u4e03\u6708\u300b</a>\u6765\u8bbf\uff0c\u5e0c\u671b\u5927\u5bb6\u559c\u6b22\uff0c\u5047\u671f\u6109\u5feb\u54e6\uff0c\u52a0\u6cb9\u52aa\u529b\u7684\u66f4\u54e6\uff01"}, {"userName": "Joyce18IB", "userReviewDate": "2017-08-30", "userURL": "http://user.17k.com/45965644", "userReview": "\u6811\u61d2\u643a<a target='_blank' href='http://www.17k.com/book/2088377.html'>\u300a\u747e\u68a6\u6c5f\u5c71\u300b</a>\u6765\u8bbf\uff01\u6492\u82b1\u652f\u6301\u5927\u5927~"}, {"userName": "\u5973\u541b\u6bbf\u4e0b", "userReviewDate": "2017-08-28", "userURL": "http://user.17k.com/56691950", "userReview": "<a target='_blank' href='http://www.17k.com/book/2622288.html'>\u300a\u62a2\u4e2a\u5e05\u54e5\u5f53\u8001\u516c\uff1a\u6211\u8981\u7ed3\u5a5a\u300b</a>\u524d\u6765\u62dc\u8bfb\u5927\u795e\u4f5c\u54c1\uff0c\u5927\u795e\u4f5c\u54c1\u679c\u7136\u8d5e"}, {"userName": "\u6c34\u4e0a\u884c\u821f1", "userReviewDate": "2017-07-28", "userURL": "http://user.17k.com/56309152", "userReview": "<a target='_blank' href='http://www.17k.com/book/2575960.html'>\u300a\u679d\u4e0a\u79cb\u4e4b\u79bb\u5a5a\u5973\u7684\u524d\u534a\u751f\u300b</a>\u6765\u8bbf\uff0c\u60a8\u7684\u5927\u4f5c\u62dc\u8bfb\u4e86\u54e6\uff0c\u5199\u7684\u5f88\u68d2\uff0c\u60c5\u8282\u7d27\u51d1\uff0c\u6587\u7b14\u6d41\u7545\uff0c\u5b66\u4e60\u4e86\uff0c\u8d5e\uff01"}, {"userName": "\u9646\u6653\u75af", "userReviewDate": "2017-07-24", "userURL": "http://user.17k.com/14776216", "userReview": "<a target='_blank' href='http://www.17k.com/book/2410552.html'>\u300a\u76d7\u4ed9\u8bb0\u300b</a>\u652f\u6301\uff0c\u52a0\u6cb9\u52a0\u6cb9\u3002"}, {"userName": "\u5c81\u6e1d\u6cab", "userReviewDate": "2017-07-16", "userURL": "http://user.17k.com/54032317", "userReview": "<a target='_blank' href='http://www.17k.com/book/2527625.html'>\u300a\u603b\u88c1\u7684\u79c1\u5ba0\u300b</a>\u6765\u8bbf\uff0c\u671b\u56de\u8bbf\uff0c\u5927\u5bb6\u591a\u591a\u652f\u6301(\uff40\uff65\u03c9\uff65&acute;)\u309e\u656c\u793c\u3063"}, {"userName": "\u53f6\u843d\u5b50\u75d5", "userReviewDate": "2017-07-08", "userURL": "http://user.17k.com/33080428", "userReview": "\u65e9\u5b89\u5927\u5927\uff01<a target='_blank' href='http://www.17k.com/book/2452410.html'>\u300a\u4e03\u4ed9\u5251\u4f20\u300b</a>\u6765\u8bbf\u770b\u4e66\u652f\u6301\u5927\u5927\uff01\u5199\u7684\u771f\u597d\uff01"}, {"userName": "\u6b8b\u9633\u661f\u6708", "userReviewDate": "2017-07-07", "userURL": "http://user.17k.com/56145716", "userReview": "\u65b0\u4e66<a target='_blank' href='http://www.17k.com/book/2564256.html'>\u300a\u4e3b\u5bb0\u51cc\u9704\u300b</a>"}], "description": "\u4ed6\u662f\u5979\u7684\u4e09\u54e5\uff0c\u53ef\u662f\u4ed6\u543b\u5979\u6478\u5979\u4e0d\u8bf4\uff0c\u8fd8\u9738\u9053\u8981\u5a36\u5979\uff01\u3000\u3000**\u3000\u3000\u5728\u695a\u740b\u6708\u770b\u6765\uff0c\u987e\u9706\u94a7\u8fd9\u4e2a\u4e09\u54e5\u662f\u5979\u4e00\u8f88\u5b50\u7684\u9b54\u969c\u3002\u3000\u3000\u4ed6\u5f53\u5979\u662f\u4ed6\u7684\u5175\uff1a\u3000\u3000\u201c\u4e94\u5206\u949f\u65f6\u95f4\uff0c\u53bb\u6d17\u6fa1\u3002\u201d\u3000\u3000\u201c\u7ed5\u7740\u64cd\u573a\u8dd1\u4e8c\u5341\u5708\u3002\u201d\u3000\u3000\u201c\u8d1f\u91cd5\u516c\u65a410\u5343\u7c73\u957f\u8dd1\u3002\u201d\u3000\u3000......\u3000\u3000\u4ed6\u5f53\u5979\u662f\u4ed6\u672a\u5a5a\u59bb\uff1a\u3000\u3000\u201c\u4e09\u54e5......\u201d\u3000\u3000\u201c\u4f60\u5c31\u662f\u8fd9\u4e48\u79f0\u547c\u81ea\u5df1\u672a\u6765\u4e08\u592b\u7684\uff1f\u201d\u3000\u3000*\u3000\u3000\u201c\u4e09\u54e5\uff0c\u8981\u4e0d\u6211\u53e6\u5916\u7ed9\u60a8\u4ecb\u7ecd\u5973\u4eba\uff1f\u201d\u3000\u3000\u201c\u5206\u5f00\u4e09\u5e74\uff0c\u4ec0\u4e48\u65f6\u5019\u517c\u804c\u62c9\u76ae\u6761\u4e86\uff0c\u55ef\uff1f\u201d\u3000\u3000******\u3000\u3000\u5bf9\u987e\u9706\u94a7\u6765\u8bf4\uff0c\u4e16\u4e0a\u6700\u597d\u7684\u4e8b\u5c31\u662f\u7b49\u7740\u5979\u957f\u5927\uff0c\u7136\u540e\u62c6\u9aa8\u5165\u8179\u3002\u3000\u3000\u6709\u4eba\u8bf4\uff1a\u201c\u4e16\u4e0a\u5973\u4eba\u5343\u5343\u4e07\uff0c\u6bd4\u695a\u740b\u6708\u597d\u7684\u5973\u4eba\u5f88\u591a\u3002\u201d\u3000\u3000\u987e\u9706\u94a7\u56de\u7b54\uff1a\u201c\u4e16\u4e0a\u786e\u5b9e\u5f88\u591a\u597d\u5973\u4eba\uff0c\u4f46\u5408\u6211\u5fc3\u610f\u7684\u53ea\u6709\u695a\u740b\u6708\u4e00\u4eba\u3002\u201d", "title": "\u82b1\u5f0f\u64a9\u59bb", "url": "http://www.17k.com/book/2467789.html", "average": -1.0, "cover": "http://img.17k.com/images/bookcover/2017/12338/61/2467789-1493707924000.jpg", "reviews": 214293, "authors": [{"url": "http://www.17k.com/zuozhe/54800386", "name": "\u661f\u68a6\u6e05\u6cb3"}], "type": ["\u5a5a\u604b\u7231\u60c5"], "outlinks": ["http://www.17k.com/book/2794982.html", "http://www.17k.com/book/2801292.html", "http://www.17k.com/book/2816318.html", "http://www.17k.com/book/2797575.html", "http://www.17k.com/book/2802516.html", "http://www.17k.com/book/2812195.html", "http://www.17k.com/book/2820143.html", "http://www.17k.com/book/2807943.html", "http://www.17k.com/book/2813457.html", "http://www.17k.com/book/2798058.html", "http://www.17k.com/book/2815617.html", "http://www.17k.com/book/2805259.html", "http://www.17k.com/book/2760255.html", "http://www.17k.com/book/2686894.html", "http://www.17k.com/book/2797016.html", "http://www.17k.com/book/2767246.html", "http://www.17k.com/book/2764239.html", "http://www.17k.com/book/2754498.html", "http://www.17k.com/book/2754900.html", "http://www.17k.com/book/2625740.html", "http://www.17k.com/book/2213315.html", "http://www.17k.com/book/2402178.html", "http://www.17k.com/book/2691221.html", "http://www.17k.com/book/2210699.html", "http://www.17k.com/book/1797752.html", "http://www.17k.com/book/2575507.html", "http://www.17k.com/book/2705181.html", "http://www.17k.com/book/2702539.html", "http://www.17k.com/book/2474887.html", "http://www.17k.com/book/2674733.html", "http://www.17k.com/book/2822076.html", "http://www.17k.com/book/2809894.html", "http://www.17k.com/book/2822077.html", "http://www.17k.com/book/2811930.html", "http://www.17k.com/book/2815548.html", "http://www.17k.com/book/2819620.html", "http://www.17k.com/book/2809964.html", "http://www.17k.com/book/2808200.html", "http://www.17k.com/book/2820100.html", "http://www.17k.com/book/2822978.html", "http://www.17k.com/book/2804337.html", "http://www.17k.com/book/2798814.html", "http://www.17k.com/book/2785153.html", "http://www.17k.com/book/2731559.html", "http://www.17k.com/book/2722533.html", "http://www.17k.com/book/2458377.html", "http://www.17k.com/book/2743300.html", "http://www.17k.com/book/973809.html", "http://www.17k.com/book/2651367.html", "http://www.17k.com/book/2726194.html", "http://www.17k.com/book/2790214.html", "http://www.17k.com/book/493239.html", "http://www.17k.com/book/108821.html", "http://www.17k.com/book/1398783.html", "http://www.17k.com/book/83528.html", "http://www.17k.com/book/1859126.html", "http://www.17k.com/book/1741975.html", "http://www.17k.com/book/192453.html", "http://www.17k.com/book/2459058.html", "http://www.17k.com/book/1050747.html", "http://www.17k.com/book/2700315.html", "http://www.17k.com/book/2818940.html", "http://www.17k.com/book/2819519.html", "http://www.17k.com/book/2816390.html", "http://www.17k.com/book/2819588.html", "http://www.17k.com/book/2813768.html", "http://www.17k.com/book/2822406.html", "http://www.17k.com/book/2772164.html", "http://www.17k.com/book/2784023.html", "http://www.17k.com/book/2811877.html", "http://www.17k.com/book/2809119.html", "http://www.17k.com/book/2803700.html", "http://www.17k.com/book/2819561.html", "http://www.17k.com/book/2746506.html", "http://www.17k.com/book/2811836.html", "http://www.17k.com/book/2614810.html", "http://www.17k.com/book/1592435.html", "http://www.17k.com/book/1949748.html", "http://www.17k.com/book/2265802.html", "http://www.17k.com/book/2743240.html", "http://www.17k.com/book/2657437.html", "http://www.17k.com/book/2644502.html", "http://www.17k.com/book/2199900.html", "http://www.17k.com/book/2725436.html", "http://www.17k.com/book/2629978.html"]}