{"ratings": -1, "userreviews": [{"userName": "\u51b7\u4ea6\u8f69forever\u601d", "userReviewDate": "2016-03-06", "userURL": "http://user.17k.com/44614810", "userReview": "\u5404\u4f4d\u4eb2\u7231\u7684\u4eb2\u4eec\uff0c\u6211\u662f\u8f69\uff0c\u4e0d\u77e5\u9053\u6709\u51e0\u4e2a\u8ba4\u8bc6\u6211\u7684\u3002\u963f\u5e03\u7684\u7c89\u4e1d\u7fa4\u4e00\u7fa42000\u4eba\u7fa4\u5df2\u7ecf\u6ee1\u4e86\uff0c\u4e8c\u7fa4\u56e0\u4e3a\u6211\u592a\u7a77\u5347\u7ea7\u4e0d\u4e862000\u4eba\u7fa4\u7684\u5173\u7cfb\uff0c500\u4eba\u4e5f\u5df2\u7ecf\u6ee1\u4e86\uff0c\u597d\u591a\u5c0f\u4f19\u4f34\u90fd\u52a0\u4e0d\u4e86\u7fa4\u4e86\u3002\u52a0\u4e09\u7fa4\u5427\uff0c\u4e5f\u662f\u4e00\u4e2a2000\u4eba\u5927\u7fa4\uff0c\u4e09\u7fa4\u7684\u7fa4\u53f7\u662f\uff1a\u6b22\u8fce\u52a0\u5165\u5e03\u5bb6\u7fa4\u4e09\u7fa4\uff0c\u7fa4\u53f7\u7801\uff1a514840205\uff01\uff01\uff01\uff01 \u5e0c\u671b\u5728\u65b0\u5e73\u53f0\uff0c\u6211\u4eec\u8fd8\u80fd\u56e2\u7ed3\u4e00\u81f4\uff0c\u50cf\u4e00\u4e2a\u771f\u6b63\u7684\u5e03\u5bb6\u4eba\uff01\uff01\uff01<img src='http://img.17k.com/images/face/104hei.gif' />"}, {"userName": "\u4eba\u751f\u56db\u5927\u60b2\u5267", "userReviewDate": "2018-06-08", "userURL": "http://user.17k.com/55996798", "userReview": "\u5199\u7684\u8fd8\u4e0d\u9519"}, {"userName": "\u56de\u7738\u4e00\u7b11\u767e\u82b1\u51cb\u96f6", "userReviewDate": "2018-06-07", "userURL": "http://user.17k.com/62598914", "userReview": "\u4e00\u4e00\u4e00\u4e00\u4e00\u4e00\u4e00"}, {"userName": "\u602f\u602f\u602f\u602f\u7b19^", "userReviewDate": "2018-06-07", "userURL": "http://user.17k.com/55368257", "userReview": "[\u6253\u8d4f]\u6211\u6253\u8d4f\u4e861\u5143\u7ea2\u5305\uff01\uff01"}, {"userName": "\u7b71\u67d4\u4e2b\u5934", "userReviewDate": "2018-06-07", "userURL": "http://user.17k.com/10011244", "userReview": "\u8fd9\u6b21\u4f30\u8ba1\u53c8\u662f\u7b49\u4eca\u5929\uff0c\u7136\u540e\u5b9e\u9645\u4e0a\u6ca1\u6709\u66f4\u65b0\u4e86\u5427\uff1f"}, {"userName": "\u5e26\u7740\u9762\u5177\u53bb\u8df3\u821e", "userReviewDate": "2018-06-06", "userURL": "http://user.17k.com/47194825", "userReview": "\u5bf9\u4e8e\u4e00\u4e2a\u4e0d\u73a9\u82f1\u96c4\u8054\u76df\u7684\u6211\u90fd\u77e5\u9053\u5927\u62db\u90fd\u4e0d\u53ef\u80fd\u7ed9\u77f3\u5934\u4eba\u3002\u94bb2\u7684\u4f1a\u77e5\u9053\u5417"}, {"userName": "Great Ambition", "userReviewDate": "2018-06-06", "userURL": "http://user.17k.com/60499745", "userReview": "\u73b0\u5728\u7684\u66f4\u65b0\uff0c\u771f\u4e0d\u60f3\u8bf4\u4ec0\u4e48\u4e86\uff0c\u867d\u7136\u8bf4\u4f5c\u8005\u5199\u7684\u8f9b\u82e6\uff0c\u53ef\u662f\u4f60\u8fd9\u4e5f\u6ca1\u5fc5\u8981\u4e00\u7ae0\u8fd9\u4e48\u5c11\u5427\uff0c\u8fd9\u6bcf\u5929\u7684\u66f4\u65b0\u662f\u628a\u4e00\u7ae0\u62c6\u6210\u4e09\u7ae0\u6765\u66f4\u65b0\u7684\u5427\u3002"}, {"userName": "17K\u4e66\u53cbP3X1I33D", "userReviewDate": "2018-06-05", "userURL": "http://user.17k.com/62545579", "userReview": "\u8fd9\u672c\u4e66\u597d\u50cf\u548c\u6211\u770b\u5230\u7684\u53e6\u4e00\u672c\u4e66\u5dee\u4e0d\u591a\u90fd\u662f\u7537\u4e3b\u548c\u7f8e\u5973\u540c\u5c45\uff0c\u53ea\u4e0d\u8fc7\u4e00\u672c\u5199\u738b\u8005\u4e00\u672c\u5199lol"}, {"userName": "17k\u4e66\u53cb5t4bhnrd0", "userReviewDate": "2018-06-04", "userURL": "http://user.17k.com/62328955", "userReview": "\u8fd9\u672c\u4e66\u8fd8\u66f4\u65b0\u4e0d\u66f4\u65b0\u5566\uff01\u8fd9\u90fd\u591a\u4e45\u6ca1\u66f4\u65b0\u4e86\u3002"}, {"userName": "\u309b\u5149\u7eaa\u5e74\ufe4c\u552f\u84dd\u90a3\u4e00\u62b9\u5e74\u5c11", "userReviewDate": "2018-06-04", "userURL": "http://user.17k.com/59222151", "userReview": "\u66f4\u65b0\u597d\u6162\uff0c\u4e0d\u591f\u770b"}, {"userName": "\u5b9d\u7bb1\u6211\u6765\u4e86", "userReviewDate": "2018-06-04", "userURL": "http://user.17k.com/2529804", "userReview": "\u5404\u4f4d\u4e66\u53cb\uff0c\u4e0d\u662f\u6ca1\u66f4\u65b0\uff0c\u800c\u662f\u8bbe\u7f6e\u9519\u8bef\uff0c\u66f4\u65b0\u7684\u7ae0\u8282\u5728\u6700\u540e\u4e00\u7ae0\u524d\u9762\uff0c\u52a8\u52a8\u624b\u770b\u770b\u76ee\u5f55\u5c31\u77e5\u9053\u4e86\u3002\u5e0c\u671b\u5c3d\u5feb\u6539\u8fc7\u6765\uff0c\u5751\u4e86\u597d\u591a\u4eba"}, {"userName": "\u4f55\u4e8b\u79cb\u98ce\u60b2\u753b\u6247\u3002624836650", "userReviewDate": "2018-06-04", "userURL": "http://user.17k.com/52846220", "userReview": "\u554a\uff0c\u51e0\u5929\u6ca1\u66f4\u65b0\u4e86"}, {"userName": "17K\u4e66\u53cbALE1YBF4", "userReviewDate": "2018-06-04", "userURL": "http://user.17k.com/61785312", "userReview": "\u52a0\u6cb9\u52a0\u6cb9\u52a0\u6cb9"}, {"userName": "17K\u4e66\u53cbALE1YBF4", "userReviewDate": "2018-06-04", "userURL": "http://user.17k.com/61785312", "userReview": "\u597d\u6545\u4e8b \u52a0\u6cb9"}, {"userName": "\u309b\u5149\u7eaa\u5e74\ufe4c\u552f\u84dd\u90a3\u4e00\u62b9\u5e74\u5c11", "userReviewDate": "2018-06-04", "userURL": "http://user.17k.com/59222151", "userReview": "\u7ae0\u8282\u6709\u70b9\u4e71\u554a\uff0c"}, {"userName": "17k\u4e66\u53cbrd3hs2wrs", "userReviewDate": "2018-06-03", "userURL": "http://user.17k.com/62251476", "userReview": "\u8fa3\u9e21\u66f4\u65b0\u7684\u771f\u4ed6\u5988\u58a8\u8ff9"}, {"userName": "ZZ\u4e0d\u614c", "userReviewDate": "2018-06-03", "userURL": "http://user.17k.com/62408970", "userReview": "\u7528\u767e\u5ea6\u53ef\u4ee5\u770b\u5230\u7684"}, {"userName": "ZZ\u4e0d\u614c", "userReviewDate": "2018-06-03", "userURL": "http://user.17k.com/62408970", "userReview": "\u8fd9\u4e2a\u4f5c\u8005\u5728\u66f4\u65b0\u7684\uff0c\u5c31\u662f\u8fd9\u91cc\u770b\u4e0d\u5230\u800c\u5df2\uff0c\u5927\u5bb6\u4e0d\u8981\u8bef\u4f1a\u4e86\uff01"}, {"userName": "\u8499\u5854\u57fa\u7684\u94a2\u86cb\u4e36", "userReviewDate": "2018-06-03", "userURL": "http://user.17k.com/55262143", "userReview": "\u770b\u7684\u597d\u7ea0\u7ed3\u3002\u7cbe\u5f69\u5230\u4e86\u5c31\u6ca1\u4e86\u3002"}, {"userName": "\u4f55\u4e8b\u79cb\u98ce\u60b2\u753b\u6247\u3002624836650", "userReviewDate": "2018-06-03", "userURL": "http://user.17k.com/52846220", "userReview": "\u5927\u54e5\uff0c\u51e0\u5929\u6ca1\u66f4\u65b0\u4e86"}], "description": "\u4eca\u5e7418\u5c81\u7684\u9ad8\u4e2d\u751f\u6797\u67ab\u540c\u5b66\u5176\u5b9e\u5f88\u4e25\u8083\u5730\u601d\u8003\u8fc7\u4e00\u4e2a\u95ee\u9898\uff1a\u3000\u3000\u5f53\u5e74\u5728\u82f1\u96c4\u8054\u76df\u7b2c\u4e00\u4e2a\u804c\u4e1a\u8d5b\u5b63\u7684\u8d5b\u573a\u4e0a\u88ab\u4ed6\u540a\u6253\u8fc7\u7684\u83dc\u6bd4\u4eec\uff0c\u73b0\u5728\u597d\u50cf\u90fd\u5df2\u7ecf\u6210\u4e3a\u4e86\u804c\u4e1a\u5708\u4e2d\u7684\u9876\u5c16\u5927\u795e\u3001\u3000\u3000\u800c\u4ed6\u81ea\u5df1\u65f6\u9694\u56db\u5e74\u91cd\u65b0\u56de\u5f52\uff0c\u505a\u7684\u7b2c\u4e00\u4ef6\u4e8b\u60c5\u2026\u2026\u3000\u3000\u5c45\u7136\u662f\u5e2e\u540c\u5c45\u7684\u5973\u4e3b\u64ad\u5750\u9547\u76f4\u64ad\u95f4\u9547\u573a\u5b50\uff01", "title": "\u82f1\u96c4\u8054\u76df\u4e4b\u51b3\u80dc\u5dc5\u5cf0", "url": "http://www.17k.com/book/1724482.html", "average": -1.0, "cover": "http://img.17k.com/images/bookcover/2016/8622/43/1724482-1456909398000.jpg", "reviews": 172267663, "authors": [{"url": "http://www.17k.com/zuozhe/45443758", "name": "\u673a\u5668\u4eba\u5e03\u91cc\u8328"}], "type": ["\u7535\u5b50\u7ade\u6280"], "outlinks": ["http://www.17k.com/book/2794982.html", "http://www.17k.com/book/2801292.html", "http://www.17k.com/book/2816318.html", "http://www.17k.com/book/2797575.html", "http://www.17k.com/book/2802516.html", "http://www.17k.com/book/2812195.html", "http://www.17k.com/book/2820143.html", "http://www.17k.com/book/2807943.html", "http://www.17k.com/book/2813457.html", "http://www.17k.com/book/2798058.html", "http://www.17k.com/book/2815617.html", "http://www.17k.com/book/2805259.html", "http://www.17k.com/book/2760255.html", "http://www.17k.com/book/2686894.html", "http://www.17k.com/book/2797016.html", "http://www.17k.com/book/2767246.html", "http://www.17k.com/book/2764239.html", "http://www.17k.com/book/2754498.html", "http://www.17k.com/book/2754900.html", "http://www.17k.com/book/2625740.html", "http://www.17k.com/book/2213315.html", "http://www.17k.com/book/2402178.html", "http://www.17k.com/book/2691221.html", "http://www.17k.com/book/2210699.html", "http://www.17k.com/book/1797752.html", "http://www.17k.com/book/2575507.html", "http://www.17k.com/book/2705181.html", "http://www.17k.com/book/2702539.html", "http://www.17k.com/book/2474887.html", "http://www.17k.com/book/2674733.html", "http://www.17k.com/book/2822076.html", "http://www.17k.com/book/2809894.html", "http://www.17k.com/book/2822077.html", "http://www.17k.com/book/2811930.html", "http://www.17k.com/book/2815548.html", "http://www.17k.com/book/2819620.html", "http://www.17k.com/book/2809964.html", "http://www.17k.com/book/2808200.html", "http://www.17k.com/book/2820100.html", "http://www.17k.com/book/2822978.html", "http://www.17k.com/book/2804337.html", "http://www.17k.com/book/2798814.html", "http://www.17k.com/book/2785153.html", "http://www.17k.com/book/2731559.html", "http://www.17k.com/book/2722533.html", "http://www.17k.com/book/2458377.html", "http://www.17k.com/book/2743300.html", "http://www.17k.com/book/973809.html", "http://www.17k.com/book/2651367.html", "http://www.17k.com/book/2726194.html", "http://www.17k.com/book/2790214.html", "http://www.17k.com/book/493239.html", "http://www.17k.com/book/108821.html", "http://www.17k.com/book/1398783.html", "http://www.17k.com/book/83528.html", "http://www.17k.com/book/1859126.html", "http://www.17k.com/book/1741975.html", "http://www.17k.com/book/192453.html", "http://www.17k.com/book/2459058.html", "http://www.17k.com/book/1050747.html", "http://www.17k.com/book/2700315.html", "http://www.17k.com/book/2818940.html", "http://www.17k.com/book/2819519.html", "http://www.17k.com/book/2816390.html", "http://www.17k.com/book/2819588.html", "http://www.17k.com/book/2813768.html", "http://www.17k.com/book/2822406.html", "http://www.17k.com/book/2772164.html", "http://www.17k.com/book/2784023.html", "http://www.17k.com/book/2811877.html", "http://www.17k.com/book/2809119.html", "http://www.17k.com/book/2803700.html", "http://www.17k.com/book/2819561.html", "http://www.17k.com/book/2746506.html", "http://www.17k.com/book/2811836.html", "http://www.17k.com/book/2614810.html", "http://www.17k.com/book/1592435.html", "http://www.17k.com/book/1949748.html", "http://www.17k.com/book/2265802.html", "http://www.17k.com/book/2743240.html", "http://www.17k.com/book/2657437.html", "http://www.17k.com/book/2644502.html", "http://www.17k.com/book/2199900.html", "http://www.17k.com/book/2725436.html", "http://www.17k.com/book/2629978.html"]}