{"ratings": -1, "userreviews": [{"userName": "17K\u4e66\u53cb7knuyt7g", "userReviewDate": "2018-06-08", "userURL": "http://user.17k.com/62425395", "userReview": "\u6587\u7b14\u4e0d\u9519\uff0c\u4f5c\u8005\u4e0b\u4e86\u4e00\u756a\u529f\u592b\u3002"}, {"userName": "17K\u4e66\u53cb4vaxlcmv", "userReviewDate": "2018-06-08", "userURL": "http://user.17k.com/62429118", "userReview": "\u6784\u601d\u4e0d\u9519\uff0c\u503c\u5f97\u7ec6\u7ec6\u54c1\u5473\u3002"}, {"userName": "17K\u4e66\u53cb4vaxlcmv", "userReviewDate": "2018-06-08", "userURL": "http://user.17k.com/62429118", "userReview": "\u8bdd\u4e2d\u6709\u8bdd\uff0c\u903b\u8f91\u4e25\u8c28"}, {"userName": "\u4f51\u54e5990425278", "userReviewDate": "2018-06-08", "userURL": "http://user.17k.com/61593066", "userReview": "\u771f\u5fc3\u723d\u6587\u3002"}, {"userName": "17K\u4e66\u53cb4vaxlcmv", "userReviewDate": "2018-06-08", "userURL": "http://user.17k.com/62429118", "userReview": "\u8d8a\u770b\u8d8a\u6709\u5473\u3002"}, {"userName": "17K\u4e66\u53cb4vaxlcmv", "userReviewDate": "2018-06-08", "userURL": "http://user.17k.com/62429118", "userReview": "\u4e2d\u5348\u6765\u9001\u82b1"}, {"userName": "\u6a1f\u6811\u9752\u9752", "userReviewDate": "2018-06-08", "userURL": "http://user.17k.com/60331207", "userReview": "\u5c3d\u53ef\u80fd\u65e9\u4e0a\u66f4\u65b0"}, {"userName": "\u4f51\u54e5990425278", "userReviewDate": "2018-06-08", "userURL": "http://user.17k.com/61593066", "userReview": "\u4e2d\u5348\u6765\u652f\u6301\u4e00\u4e0b"}, {"userName": "\u4f51\u54e5990425278", "userReviewDate": "2018-06-08", "userURL": "http://user.17k.com/61593066", "userReview": "\u4e60\u60ef\u4e86\u65e9\u66f4\u3002"}, {"userName": "\u6a1f\u6811\u9752\u9752", "userReviewDate": "2018-06-08", "userURL": "http://user.17k.com/60331207", "userReview": "\u5f62\u6210\u4e60\u60ef\u4e86&#55357;&#56842;"}, {"userName": "17K\u4e66\u53cbb8blqob8", "userReviewDate": "2018-06-08", "userURL": "http://user.17k.com/61924191", "userReview": "\u5feb\u70b9\u66f4\u65b0\u5427\u3002"}, {"userName": "17K\u4e66\u53cbb8blqob8", "userReviewDate": "2018-06-08", "userURL": "http://user.17k.com/61924191", "userReview": "\u5feb\u70b9\u66f4\u65b0\u54af\u3002"}, {"userName": "\u4f51\u54e5990425278", "userReviewDate": "2018-06-08", "userURL": "http://user.17k.com/61593066", "userReview": "\u6211\u4e5f\u5173\u82b1\u6765\u4e86\u3002"}, {"userName": "17K\u4e66\u53cbZSWMLP5S", "userReviewDate": "2018-06-08", "userURL": "http://user.17k.com/61988298", "userReview": "\u8fd8\u8981\u70b9\u8d5e\u3002"}, {"userName": "17K\u4e66\u53cbb8blqob8", "userReviewDate": "2018-06-08", "userURL": "http://user.17k.com/61924191", "userReview": "\u70b9\u8d5e\uff0c\u52a0\u6cb9\u3002"}, {"userName": "17K\u4e66\u53cbb8blqob8", "userReviewDate": "2018-06-08", "userURL": "http://user.17k.com/61924191", "userReview": "\u9001\u82b1\uff0c\u652f\u6301\u3002"}, {"userName": "17K\u4e66\u53cbZSWMLP5S", "userReviewDate": "2018-06-08", "userURL": "http://user.17k.com/61988298", "userReview": "\u9001\u82b1\u652f\u6301\u3002"}, {"userName": "17K\u4e66\u53cb7knuyt7g", "userReviewDate": "2018-06-08", "userURL": "http://user.17k.com/62425395", "userReview": "\u770b\u4e86\u53bb\u4e0a\u73ed"}, {"userName": "17K\u4e66\u53cbZSWMLP5S", "userReviewDate": "2018-06-08", "userURL": "http://user.17k.com/61988298", "userReview": "\u597d\u770b\u4e0d\u8fc7\u763e"}, {"userName": "17K\u4e66\u53cb7knuyt7g", "userReviewDate": "2018-06-08", "userURL": "http://user.17k.com/62425395", "userReview": "\u5feb\u66f4\u65b0\u5427\uff01"}], "description": "\u50b2\u7acb\u5546\u6d77\u5f04\u6625\u6f6e\uff0c\u7f8e\u5973\u6210\u7fa4\u771f\u900d\u9065\u3002\u3000\u3000\u5927\u5b66\u6f0f\u5b50\u80e1\u4f51\u6c11\u4e0d\u7518\u5e73\u5eb8\uff0c\u4ece\u4e00\u540d\u6253\u5de5\u4ed4\u5f00\u59cb\u594b\u6597\uff0c\u4ece\u5bb6\u5177\u5382\u8d77\u5bb6\uff0c\u4e0d\u65ad\u8fdb\u519b\u5404\u4e2a\u884c\u4e1a\uff0c\u521b\u7acb\u4e86\u4f51\u6c11\u96c6\u56e2\u516c\u53f8\u3002\u3000\u3000\u5546\u6d77\u7684\u5c14\u865e\u6211\u8bc8\uff0c\u52fe\u5fc3\u6597\u89d2\uff0c\u6211\u4eec\u7684\u8349\u6839\u4f51\u6c11\u54e5\u6597\u5fd7\u6602\u626c\uff0c\u53f1\u54a4\u98ce\u4e91\uff0c\u4f7f\u4f51\u6c11\u96c6\u56e2\u6210\u957f\u4e3a\u5546\u4e1a\u5de8\u4eba\u3002\u3000\u3000\u53ef\u662f\u7eaf\u60c5\u7f8e\u7709\u3001\u6f02\u4eae\u8b66\u82b1\u3001\u98ce\u9a9a\u8001\u677f\u5a18\u7b49\u6781\u54c1\u7f8e\u5973\u4e0d\u65ad\u6295\u6000\u9001\u62b1\u3002\u3000\u3000\u903c\u5f97\u4f51\u6c11\u54e5\u6012\u543c\uff1a\u201c\u4e0d\u8981\u6311\u6218\u54e5\u7684\u5e95\u7ebf\u54e6\uff01\u201d", "title": "\u8349\u6839\u80e1\u4f51\u6c11\u7684\u6625\u5929", "url": "http://www.17k.com/book/2822387.html", "average": -1.0, "cover": "http://img.17k.com/images/bookcover/2018/14111/70/2822387-1527980033000.jpg", "reviews": 7264, "authors": [{"url": "http://www.17k.com/zuozhe/60331207", "name": "\u6a1f\u6811\u9752\u9752"}], "type": ["\u804c\u573a\u52b1\u5fd7"], "outlinks": ["http://www.17k.com/book/2794982.html", "http://www.17k.com/book/2801292.html", "http://www.17k.com/book/2816318.html", "http://www.17k.com/book/2797575.html", "http://www.17k.com/book/2802516.html", "http://www.17k.com/book/2812195.html", "http://www.17k.com/book/2820143.html", "http://www.17k.com/book/2807943.html", "http://www.17k.com/book/2813457.html", "http://www.17k.com/book/2798058.html", "http://www.17k.com/book/2815617.html", "http://www.17k.com/book/2805259.html", "http://www.17k.com/book/2760255.html", "http://www.17k.com/book/2686894.html", "http://www.17k.com/book/2797016.html", "http://www.17k.com/book/2767246.html", "http://www.17k.com/book/2764239.html", "http://www.17k.com/book/2754498.html", "http://www.17k.com/book/2754900.html", "http://www.17k.com/book/2625740.html", "http://www.17k.com/book/2213315.html", "http://www.17k.com/book/2402178.html", "http://www.17k.com/book/2691221.html", "http://www.17k.com/book/2210699.html", "http://www.17k.com/book/1797752.html", "http://www.17k.com/book/2575507.html", "http://www.17k.com/book/2705181.html", "http://www.17k.com/book/2702539.html", "http://www.17k.com/book/2474887.html", "http://www.17k.com/book/2674733.html", "http://www.17k.com/book/2822076.html", "http://www.17k.com/book/2809894.html", "http://www.17k.com/book/2822077.html", "http://www.17k.com/book/2811930.html", "http://www.17k.com/book/2815548.html", "http://www.17k.com/book/2819620.html", "http://www.17k.com/book/2809964.html", "http://www.17k.com/book/2808200.html", "http://www.17k.com/book/2820100.html", "http://www.17k.com/book/2822978.html", "http://www.17k.com/book/2804337.html", "http://www.17k.com/book/2798814.html", "http://www.17k.com/book/2785153.html", "http://www.17k.com/book/2731559.html", "http://www.17k.com/book/2722533.html", "http://www.17k.com/book/2458377.html", "http://www.17k.com/book/2743300.html", "http://www.17k.com/book/973809.html", "http://www.17k.com/book/2651367.html", "http://www.17k.com/book/2726194.html", "http://www.17k.com/book/2790214.html", "http://www.17k.com/book/493239.html", "http://www.17k.com/book/108821.html", "http://www.17k.com/book/1398783.html", "http://www.17k.com/book/83528.html", "http://www.17k.com/book/1859126.html", "http://www.17k.com/book/1741975.html", "http://www.17k.com/book/192453.html", "http://www.17k.com/book/2459058.html", "http://www.17k.com/book/1050747.html", "http://www.17k.com/book/2700315.html", "http://www.17k.com/book/2818940.html", "http://www.17k.com/book/2819519.html", "http://www.17k.com/book/2816390.html", "http://www.17k.com/book/2819588.html", "http://www.17k.com/book/2813768.html", "http://www.17k.com/book/2822406.html", "http://www.17k.com/book/2772164.html", "http://www.17k.com/book/2784023.html", "http://www.17k.com/book/2811877.html", "http://www.17k.com/book/2809119.html", "http://www.17k.com/book/2803700.html", "http://www.17k.com/book/2819561.html", "http://www.17k.com/book/2746506.html", "http://www.17k.com/book/2811836.html", "http://www.17k.com/book/2614810.html", "http://www.17k.com/book/1592435.html", "http://www.17k.com/book/1949748.html", "http://www.17k.com/book/2265802.html", "http://www.17k.com/book/2743240.html", "http://www.17k.com/book/2657437.html", "http://www.17k.com/book/2644502.html", "http://www.17k.com/book/2199900.html", "http://www.17k.com/book/2725436.html", "http://www.17k.com/book/2629978.html"]}