{"ratings": -1, "userreviews": [{"userName": "\u76d2\u5b50\u5927\u738b", "userReviewDate": "2018-04-18", "userURL": "http://user.17k.com/41650646", "userReview": "\u5927\u7f8e\u5973\u53d1\u4e66\u4e86\uff0c\u600e\u4e48\u80fd\u4e0d\u6765\u652f\u6301\u4e0b\uff01 \u6700\u7231\u7684\u840c\u59b9\u7eb8\uff01\uff01\uff01&#55357;&#56469;&#55357;&#56469;&#55357;&#56469;"}, {"userName": "\u76d2\u5b50\u5927\u738b", "userReviewDate": "2018-04-18", "userURL": "http://user.17k.com/41650646", "userReview": "[\u6253\u8d4f]\u6211\u6253\u8d4f\u4e8618\u5143\u7ea2\u5305\uff01\uff01"}, {"userName": "\u5316\u96e8128155113", "userReviewDate": "2018-04-18", "userURL": "http://user.17k.com/47874537", "userReview": "[\u6253\u8d4f]\u6211\u6253\u8d4f\u4e8618\u5143\u7ea2\u5305\uff01\uff01"}, {"userName": "\u7a7a\u5ead\u665a001", "userReviewDate": "2018-04-18", "userURL": "http://user.17k.com/60627241", "userReview": "\u65b0\u4e66\u4e0a\u4f20\uff0c\u8bf7\u591a\u591a\u5173\u7167\uff0c\u4e48\u4e48\u54d2\u3002"}, {"userName": "\u5c9a\u5b50\u672c\u5c0a", "userReviewDate": "2018-04-18", "userURL": "http://user.17k.com/38917475", "userReview": "[\u6253\u8d4f]\u6211\u6253\u8d4f\u4e8618\u5143\u7ea2\u5305\uff01\uff01"}, {"userName": "17K\u4e66\u53cbVCCH807L", "userReviewDate": "2018-06-05", "userURL": "http://user.17k.com/62529058", "userReview": "[\u6253\u8d4f]\u6211\u6253\u8d4f\u4e862\u5143\u7ea2\u5305\uff01\uff01"}, {"userName": "\u2026\u2026294091308", "userReviewDate": "2018-06-05", "userURL": "http://user.17k.com/61311581", "userReview": "\u674e\u79c0\u82b1\u597d\u8ba8\u538c+_+*"}, {"userName": "\u2026\u2026294091308", "userReviewDate": "2018-06-04", "userURL": "http://user.17k.com/61311581", "userReview": "[\u6253\u8d4f]\u6211\u6253\u8d4f\u4e862\u5143\u7ea2\u5305\uff01\uff01"}, {"userName": "\u2026\u2026294091308", "userReviewDate": "2018-06-04", "userURL": "http://user.17k.com/61311581", "userReview": "\u6c42\u66f4\u65b0\uff0c\u5927\u5927"}, {"userName": "\u77e5\u79cb\u61c2\u79cb\u8d4f\u79cb", "userReviewDate": "2018-06-04", "userURL": "http://user.17k.com/56115906", "userReview": "\u53d7\u7af9\u4e0b\u661f\u67f3\u63a8\u8350\uff0c\u7279\u6765\u62dc\u8bfb\u4f73\u4f5c\u3002"}, {"userName": "\u5858200744176", "userReviewDate": "2018-06-04", "userURL": "http://user.17k.com/61109077", "userReview": "\u6c42\u66f4\u65b0\u66f4\u65b0"}, {"userName": "\u7af9\u4e0b\u661f\u67f3", "userReviewDate": "2018-06-04", "userURL": "http://user.17k.com/56040077", "userReview": "\u5927\u5927\uff0c\u5348\u7f8e\uff01\u52a0\u6cb9\u66f4\u65b0\uff01\u52a0\u66f4\uff01\u4e00\u76f4\u5728\u5173\u6ce8\u7740\u5462\uff01"}, {"userName": "\u6ca1\u5fc3\u6ca1\u80ba\u5df2\u5a5a\u7537\u4eba", "userReviewDate": "2018-06-03", "userURL": "http://user.17k.com/62483194", "userReview": "\u4e0d\u9519\u554a"}, {"userName": "\u6613\u6c34\u5bd2171781091", "userReviewDate": "2018-06-02", "userURL": "http://user.17k.com/62447821", "userReview": "[\u6253\u8d4f]\u6211\u6253\u8d4f\u4e862\u5143\u7ea2\u5305\uff01\uff01"}, {"userName": "\u6613\u6c34\u5bd2171781091", "userReviewDate": "2018-06-02", "userURL": "http://user.17k.com/62447821", "userReview": "\u559c\u6b22"}, {"userName": "\u5858200744176", "userReviewDate": "2018-06-02", "userURL": "http://user.17k.com/61109077", "userReview": "[\u6253\u8d4f]\u6211\u6253\u8d4f\u4e862\u5143\u7ea2\u5305\uff01\uff01"}, {"userName": "\u5858200744176", "userReviewDate": "2018-06-02", "userURL": "http://user.17k.com/61109077", "userReview": "\u5feb\u66f4\uff0c\u5feb\u66f4"}, {"userName": "\u7af9\u4e0b\u661f\u67f3", "userReviewDate": "2018-06-02", "userURL": "http://user.17k.com/56040077", "userReview": "\u52a0\u6cb9\uff01\u6765\u770b\u770b\u3002"}, {"userName": "\u7af9\u4e0b\u661f\u67f3", "userReviewDate": "2018-06-01", "userURL": "http://user.17k.com/56040077", "userReview": "\u5b8c\u7f8e\uff01\u5927\u5927\u518d\u52a0\u628a\u529b\u3002"}, {"userName": "\u7af9\u4e0b\u661f\u67f3", "userReviewDate": "2018-06-01", "userURL": "http://user.17k.com/56040077", "userReview": "\u65e9\u597d\uff01\u5927\u5927\u3002"}], "description": "\u73b0\u4ee3\u4e2d\u533b\u6797\u7d2b\u8299\u4e00\u7a7f\u8d8a\u5c31\u88ab\u914d\u51a5\u5a5a\uff0c\u6210\u4e86\u5c0f\u5be1\u5987\u3002\u3000\u3000\u5fc3\u72e0\u7684\u5a46\u5a46\u76f4\u63a5\u628a\u5979\u6254\u5230\u4e86\u504f\u8fdc\u7684\u5e84\u5b50\u4e0a\u81ea\u751f\u81ea\u706d\u3002\u3000\u3000\u53d1\u5bb6\u81f4\u5bcc\u5954\u5c0f\u5eb7\uff0c\u79cd\u836f\u6cbb\u75c5\u4e24\u4e0d\u8bef\u3002\u3000\u3000\u90fd\u8bf4\u5be1\u5987\u95e8\u524d\u662f\u975e\u591a\uff0c\u4f5c\u4e3a\u4e00\u4e2a\u6c34\u7075\u7075\u7684\u9ec4\u82b1\u59d1\u5a18\uff0c\u95e8\u524d\u7684\u662f\u975e\u66f4\u662f\u683c\u5916\u7684\u591a\u3002\u3000\u3000\u53ef\u6068\u7684\u662f\uff0c\u5076\u7136\u6551\u56de\u5bb6\u7684\u7537\u5b50\uff0c\u5c45\u7136\u662f\u65e9\u5df2\u6b7b\u53bb\u7684\u592b\u541b\u3002\u3000\u3000\u5468\u660e\u9f50\uff1a\u201c\u6751\u4e1c\u5934\u7684\u4f55\u4e91\u864e\u7ed9\u4f60\u6311\u6c34\u4e86\uff1f\u9547\u4e0a\u7684\u591c\u5927\u592b\u9001\u4f60\u56de\u5bb6\u4e86\u3002\u201d\u3000\u3000\u51fa\u843d\u5f97\u4ead\u4ead\u7389\u7acb\u7684\u6797\u7d2b\u8299\u6012\u89c6\u5468\u660e\u9f50\uff1a\u201c\u518d\u8bf4\u4e00\u904d\uff0c\u6211\u4e0d\u662f\u4f60\u5ab3\u5987\uff01\u201d", "title": "\u836f\u5973\u533b\u9999", "url": "http://www.17k.com/book/2801292.html", "average": -1.0, "cover": "http://img.17k.com/images/bookcover/2018/14006/70/2801292-1523433534000.jpg", "reviews": 142862, "authors": [{"url": "http://www.17k.com/zuozhe/60627241", "name": "\u7a7a\u5ead\u665a"}], "type": ["\u7ecf\u5546\u79cd\u7530"], "outlinks": ["http://www.17k.com/book/2794982.html", "http://www.17k.com/book/2801292.html", "http://www.17k.com/book/2816318.html", "http://www.17k.com/book/2797575.html", "http://www.17k.com/book/2802516.html", "http://www.17k.com/book/2812195.html", "http://www.17k.com/book/2820143.html", "http://www.17k.com/book/2807943.html", "http://www.17k.com/book/2813457.html", "http://www.17k.com/book/2798058.html", "http://www.17k.com/book/2815617.html", "http://www.17k.com/book/2805259.html", "http://www.17k.com/book/2760255.html", "http://www.17k.com/book/2686894.html", "http://www.17k.com/book/2797016.html", "http://www.17k.com/book/2767246.html", "http://www.17k.com/book/2764239.html", "http://www.17k.com/book/2754498.html", "http://www.17k.com/book/2754900.html", "http://www.17k.com/book/2625740.html", "http://www.17k.com/book/2213315.html", "http://www.17k.com/book/2402178.html", "http://www.17k.com/book/2691221.html", "http://www.17k.com/book/2210699.html", "http://www.17k.com/book/1797752.html", "http://www.17k.com/book/2575507.html", "http://www.17k.com/book/2705181.html", "http://www.17k.com/book/2702539.html", "http://www.17k.com/book/2474887.html", "http://www.17k.com/book/2674733.html", "http://www.17k.com/book/2822076.html", "http://www.17k.com/book/2809894.html", "http://www.17k.com/book/2822077.html", "http://www.17k.com/book/2811930.html", "http://www.17k.com/book/2815548.html", "http://www.17k.com/book/2819620.html", "http://www.17k.com/book/2809964.html", "http://www.17k.com/book/2808200.html", "http://www.17k.com/book/2820100.html", "http://www.17k.com/book/2822978.html", "http://www.17k.com/book/2804337.html", "http://www.17k.com/book/2798814.html", "http://www.17k.com/book/2785153.html", "http://www.17k.com/book/2731559.html", "http://www.17k.com/book/2722533.html", "http://www.17k.com/book/2458377.html", "http://www.17k.com/book/2743300.html", "http://www.17k.com/book/973809.html", "http://www.17k.com/book/2651367.html", "http://www.17k.com/book/2726194.html", "http://www.17k.com/book/2790214.html", "http://www.17k.com/book/493239.html", "http://www.17k.com/book/108821.html", "http://www.17k.com/book/1398783.html", "http://www.17k.com/book/83528.html", "http://www.17k.com/book/1859126.html", "http://www.17k.com/book/1741975.html", "http://www.17k.com/book/192453.html", "http://www.17k.com/book/2459058.html", "http://www.17k.com/book/1050747.html", "http://www.17k.com/book/2700315.html", "http://www.17k.com/book/2818940.html", "http://www.17k.com/book/2819519.html", "http://www.17k.com/book/2816390.html", "http://www.17k.com/book/2819588.html", "http://www.17k.com/book/2813768.html", "http://www.17k.com/book/2822406.html", "http://www.17k.com/book/2772164.html", "http://www.17k.com/book/2784023.html", "http://www.17k.com/book/2811877.html", "http://www.17k.com/book/2809119.html", "http://www.17k.com/book/2803700.html", "http://www.17k.com/book/2819561.html", "http://www.17k.com/book/2746506.html", "http://www.17k.com/book/2811836.html", "http://www.17k.com/book/2614810.html", "http://www.17k.com/book/1592435.html", "http://www.17k.com/book/1949748.html", "http://www.17k.com/book/2265802.html", "http://www.17k.com/book/2743240.html", "http://www.17k.com/book/2657437.html", "http://www.17k.com/book/2644502.html", "http://www.17k.com/book/2199900.html", "http://www.17k.com/book/2725436.html", "http://www.17k.com/book/2629978.html"]}