{"ratings": -1, "userreviews": [{"userName": "\u7ea2\u8fd0\u5f53\u5934909569608", "userReviewDate": "2018-06-07", "userURL": "http://user.17k.com/62586254", "userReview": "[\u6253\u8d4f]\u6211\u6253\u8d4f\u4e861\u4e2a'\u5c0f\u5fc3\u5fc3'\uff01\uff01"}, {"userName": "17K\u4e66\u53cb9dg5hx7o", "userReviewDate": "2018-06-03", "userURL": "http://user.17k.com/62454153", "userReview": "\u633a\u597d\u770b\u7684&#55357;&#56842;"}, {"userName": "\u6211\u662f\u5c0f\u7490", "userReviewDate": "2018-06-02", "userURL": "http://user.17k.com/62408234", "userReview": "\u4e3a\u4ec0\u4e48\u523099\u7ae0\u5f00\u59cb\u5c31\u90fd\u662f\u7701\u7565\u53f7\u4e86\u5462"}, {"userName": "17K\u4e66\u53cbPDKW4WF4", "userReviewDate": "2018-06-02", "userURL": "http://user.17k.com/62438661", "userReview": "\u54b3\uff0c\u8868\u793a\u4e00\u4e0b\u6211\u81ea\u5df1\u7684\u770b\u6cd5 \u9996\u5148\uff0c\u4e54\u4e54\u8981\u94b1\u90a3\u4e00\u6bb5\uff0c\u6709\u70b9\u95ee\u9898\uff0c\u867d\u8bf4\u662f\u7206\u53d1\u4e86\u4f46\u662f\u6027\u683c\u5dee\u5f02\u6709\u70b9\u5927\uff0c\u641e\u5f97\u50cf\u662f\u86ee\u4e0d\u8bb2\u7406\u7684\u6cfc\u5987\u4e00\u6837\uff0c\u8a00\u60c5\u5c0f\u8bf4\u7684\u8bdd\uff0c\u5973\u4e3b\u8bbe\u5b9a\u4e00\u822c\u8f83\u597d\u4e3a\u8f6f\u840c\u7a0d\u5fae\u72e1\u9ee0\u4e00\u70b9\u554a\uff0c\u7a0d\u5fae\u9177\u4e00\u70b9\u554a\u7b49\u7b49\u7b49\u7b49 \u7136\u540e\uff0c\u6ca1\u6709\u4efb\u4f55\u6076\u610f \u52ff\u55b7\u8c22\u8c22"}, {"userName": "yaitita546879446", "userReviewDate": "2018-05-31", "userURL": "http://user.17k.com/54107938", "userReview": "\u8fd9\u672c\u4e66\u592a\u68d2\u4e86\uff01\u9f13\u52b1\u4e00\u4e0b\uff0c\u5e0c\u671b\u540e\u7eed\u66f4\u52a0\u7cbe\u5f69\uff01"}, {"userName": "17K\u4e66\u53cbXUSJCVJX", "userReviewDate": "2018-05-30", "userURL": "http://user.17k.com/62305964", "userReview": "\u597d\u770b\u5566\u5566\u5566"}, {"userName": "\u9896\u706b\u866b379367244", "userReviewDate": "2018-05-27", "userURL": "http://user.17k.com/61188055", "userReview": "666666"}, {"userName": "\u9896\u706b\u866b379367244", "userReviewDate": "2018-05-27", "userURL": "http://user.17k.com/61188055", "userReview": "666666"}, {"userName": "\u9896\u706b\u866b379367244", "userReviewDate": "2018-05-27", "userURL": "http://user.17k.com/61188055", "userReview": "666666"}, {"userName": "17K\u4e66\u53cbRJ8B57R3", "userReviewDate": "2018-05-27", "userURL": "http://user.17k.com/62199179", "userReview": "\u8fd9\u672c\u4e66\u592a\u662f\u633a\u597d\u770b"}, {"userName": "yaitita575233389", "userReviewDate": "2018-05-26", "userURL": "http://user.17k.com/57862521", "userReview": "\u8fd9\u672c\u4e66\u592a\u68d2\u4e86\uff01\u9f13\u52b1\u4e00\u4e0b\uff0c\u5e0c\u671b\u540e\u7eed\u66f4\u52a0\u7cbe\u5f69\uff01"}, {"userName": "17K\u4e66\u53cb3MLON55O", "userReviewDate": "2018-05-23", "userURL": "http://user.17k.com/61920736", "userReview": "[\u6253\u8d4f]\u6211\u6253\u8d4f\u4e862\u5143\u7ea2\u5305\uff01\uff01"}, {"userName": "17K\u4e66\u53cb3MLON55O", "userReviewDate": "2018-05-20", "userURL": "http://user.17k.com/61920736", "userReview": "[\u6253\u8d4f]\u6211\u6253\u8d4f\u4e868\u5143\u7ea2\u5305\uff01\uff01"}, {"userName": "17K\u4e66\u53cb6PVUKFMH", "userReviewDate": "2018-05-17", "userURL": "http://user.17k.com/61800830", "userReview": "\u6ca1\u6709\u5546\u54c1\u4ec0\u4e48\u610f\u601d\uff0c\u600e\u4e48\u5145\u503c\u7684\u554a"}, {"userName": "17K\u4e66\u53cb6PVUKFMH", "userReviewDate": "2018-05-17", "userURL": "http://user.17k.com/61800830", "userReview": "\u60f3\u5145\u503c\u6ca1\u6709\u9605\u70b9\u4ec0\u4e48\u610f\u601d\uff0c\u77e5\u9053\u7684\u544a\u8bc9\u6211\u4e00\u4e0b\u8d1d\uff0c\u8c22\u8c22"}, {"userName": "17K\u4e66\u53cb6PVUKFMH", "userReviewDate": "2018-05-17", "userURL": "http://user.17k.com/61800830", "userReview": "\u633a\u597d\u770b\u7684\uff0c\u8fd8\u4e0d\u9519"}, {"userName": "17K\u4e66\u53cb6PVUKFMH", "userReviewDate": "2018-05-16", "userURL": "http://user.17k.com/61800830", "userReview": "\u8fd9\u4e66\u633a\u597d\u770b\u7684\u3002"}, {"userName": "\u575a\u6301\u4e0d\u61c8432187149", "userReviewDate": "2018-05-14", "userURL": "http://user.17k.com/54032031", "userReview": "\u597d\u770b\u5417\uff1f\uff1f\uff1f"}, {"userName": "\u9896\u706b\u866b379367244", "userReviewDate": "2018-05-11", "userURL": "http://user.17k.com/61188055", "userReview": "66666666"}, {"userName": "\u706b\u8f66\u7ad9\u738b\u94b0\u6dc7", "userReviewDate": "2018-05-11", "userURL": "http://user.17k.com/61643055", "userReview": "[\u6253\u8d4f]\u6211\u6253\u8d4f\u4e862\u5143\u7ea2\u5305\uff01\uff01"}], "description": "\u5b81\u4e54\u4e54\u539f\u672c\u53ea\u662f\u60f3\u966a\u7761\u4e00\u591c\uff0c\u5374\u6ca1\u60f3\u5230\u8fd9\u4e00\u966a\u5c31\u966a\u4e86\u4e2a\u65e5\u65e5\u591c\u591c\u3002\u3000\u3000\u67d0\u65e5\uff0c\u5979\u5174\u81f4\u52c3\u52c3\u7684\u8dd1\u5230\u4e66\u623f\u53bb\u3002\u3000\u3000\u201c\u8001\u516c\uff0c\u4eba\u5bb6\u73b0\u5728\u90fd\u6d41\u884c\u58c1\u549a\u3002\u201d\u3000\u3000\u201c\u55ef\u3002\u201d\u3000\u3000\u201c\u6211\u8fd8\u770b\u5230\u6709\u4eba\u5728\u73a9\u5899\u549a\uff01\u201d\u3000\u3000\u201c\u55ef\u3002\u201d\u3000\u3000\u4ed6\u7ee7\u7eed\u5904\u7406\u6587\u4ef6\u3002\u3000\u3000\u201c\u5582\uff01\u4f60\u90fd\u4e0d\u7406\u6211\uff01\u770b\u90fd\u4e0d\u770b\u6211\u4e00\u773c\uff01\u201d\u5979\u6012\u4e86\u3002\u3000\u3000\u4ed6\u653e\u4e0b\u7b14\uff0c\u62ac\u7738\u77a5\u4e86\u5979\u4e00\u773c\uff0c\u4e00\u628a\u5c06\u5979\u6253\u6a2a\u62b1\u8d77\u3002\u3000\u3000\u201c\u554a\uff01\u4f60\u8981\u5e72\u4ec0\u4e48\uff1f\u201d\u3000\u3000\u201c\u5e26\u4f60\u73a9\u5e8a\u549a\uff01\u201d", "title": "\u840c\u59bb\u592a\u53ef\u53e3\uff1a\u603b\u88c1\uff0c\u8bf7\u514b\u5236", "url": "http://www.17k.com/book/2691221.html", "average": -1.0, "cover": "http://img.17k.com/images/bookcover/partner/12/21/2691221/2691221.jpg", "reviews": 1392517, "authors": [{"url": "http://www.17k.com/zuozhe/56805969", "name": "\u591c\u5c0f\u71c3"}], "type": ["\u603b\u88c1\u8c6a\u95e8"], "outlinks": ["http://www.17k.com/book/2794982.html", "http://www.17k.com/book/2801292.html", "http://www.17k.com/book/2816318.html", "http://www.17k.com/book/2797575.html", "http://www.17k.com/book/2802516.html", "http://www.17k.com/book/2812195.html", "http://www.17k.com/book/2820143.html", "http://www.17k.com/book/2807943.html", "http://www.17k.com/book/2813457.html", "http://www.17k.com/book/2798058.html", "http://www.17k.com/book/2815617.html", "http://www.17k.com/book/2805259.html", "http://www.17k.com/book/2760255.html", "http://www.17k.com/book/2686894.html", "http://www.17k.com/book/2797016.html", "http://www.17k.com/book/2767246.html", "http://www.17k.com/book/2764239.html", "http://www.17k.com/book/2754498.html", "http://www.17k.com/book/2754900.html", "http://www.17k.com/book/2625740.html", "http://www.17k.com/book/2213315.html", "http://www.17k.com/book/2402178.html", "http://www.17k.com/book/2691221.html", "http://www.17k.com/book/2210699.html", "http://www.17k.com/book/1797752.html", "http://www.17k.com/book/2575507.html", "http://www.17k.com/book/2705181.html", "http://www.17k.com/book/2702539.html", "http://www.17k.com/book/2474887.html", "http://www.17k.com/book/2674733.html", "http://www.17k.com/book/2822076.html", "http://www.17k.com/book/2809894.html", "http://www.17k.com/book/2822077.html", "http://www.17k.com/book/2811930.html", "http://www.17k.com/book/2815548.html", "http://www.17k.com/book/2819620.html", "http://www.17k.com/book/2809964.html", "http://www.17k.com/book/2808200.html", "http://www.17k.com/book/2820100.html", "http://www.17k.com/book/2822978.html", "http://www.17k.com/book/2804337.html", "http://www.17k.com/book/2798814.html", "http://www.17k.com/book/2785153.html", "http://www.17k.com/book/2731559.html", "http://www.17k.com/book/2722533.html", "http://www.17k.com/book/2458377.html", "http://www.17k.com/book/2743300.html", "http://www.17k.com/book/973809.html", "http://www.17k.com/book/2651367.html", "http://www.17k.com/book/2726194.html", "http://www.17k.com/book/2790214.html", "http://www.17k.com/book/493239.html", "http://www.17k.com/book/108821.html", "http://www.17k.com/book/1398783.html", "http://www.17k.com/book/83528.html", "http://www.17k.com/book/1859126.html", "http://www.17k.com/book/1741975.html", "http://www.17k.com/book/192453.html", "http://www.17k.com/book/2459058.html", "http://www.17k.com/book/1050747.html", "http://www.17k.com/book/2700315.html", "http://www.17k.com/book/2818940.html", "http://www.17k.com/book/2819519.html", "http://www.17k.com/book/2816390.html", "http://www.17k.com/book/2819588.html", "http://www.17k.com/book/2813768.html", "http://www.17k.com/book/2822406.html", "http://www.17k.com/book/2772164.html", "http://www.17k.com/book/2784023.html", "http://www.17k.com/book/2811877.html", "http://www.17k.com/book/2809119.html", "http://www.17k.com/book/2803700.html", "http://www.17k.com/book/2819561.html", "http://www.17k.com/book/2746506.html", "http://www.17k.com/book/2811836.html", "http://www.17k.com/book/2614810.html", "http://www.17k.com/book/1592435.html", "http://www.17k.com/book/1949748.html", "http://www.17k.com/book/2265802.html", "http://www.17k.com/book/2743240.html", "http://www.17k.com/book/2657437.html", "http://www.17k.com/book/2644502.html", "http://www.17k.com/book/2199900.html", "http://www.17k.com/book/2725436.html", "http://www.17k.com/book/2629978.html"]}