{"ratings": -1, "userreviews": [{"userName": "\u840c\u5b9d\u5416", "userReviewDate": "2018-01-16", "userURL": "http://user.17k.com/57988941", "userReview": "\u3010\u5e7f\u544a\u697c\u3011\u5e7f\u544a\u8bf7\u5728\u8fd9\u91cc\u8ddf\u5e16\uff0c\u6253\u5728\u5916\u9762\u7684\u4f1a\u88ab\u5403\u6389\u55f7~\u4e48\u4e48\u54d2"}, {"userName": "\u597d\u597d\u5b66\u4e60847515791", "userReviewDate": "2018-03-27", "userURL": "http://user.17k.com/59062045", "userReview": "\u52a0\u6cb9\uff01\uff01\uff01"}, {"userName": "lastbutone", "userReviewDate": "2018-03-24", "userURL": "http://user.17k.com/14688454", "userReview": "68\u7ae0\u5185\u5bb9\u4e0e62\u7ae0\u5185\u5bb9\u76f8\u4f3c \u4e0e\u524d\u6587\u5185\u5bb9\u4e0d\u8fde\u8d2f \u662f\u5426\u4e0a\u4f20\u9519\u8bef\uff1f"}, {"userName": "lucky star360037709", "userReviewDate": "2018-02-16", "userURL": "http://user.17k.com/59854426", "userReview": "[\u6253\u8d4f]\u6211\u6253\u8d4f\u4e862\u5143\u7ea2\u5305\uff01\uff01"}, {"userName": "\u6211\u7231\u6a31\u82b1\u6696", "userReviewDate": "2018-02-11", "userURL": "http://user.17k.com/57255660", "userReview": "\u4e5f\u8d5e\u4e00\u4e2a!"}, {"userName": "yaitita546879446", "userReviewDate": "2018-02-11", "userURL": "http://user.17k.com/54107938", "userReview": "\u8d5e\u8d5e\u8d5e\uff01\uff01\uff01&#55357;&#56397;&#55357;&#56397;&#55357;&#56397;"}, {"userName": "17K\u4e66\u53cb69FPGI52", "userReviewDate": "2018-01-29", "userURL": "http://user.17k.com/59591525", "userReview": "\u80fd\u4e0d\u80fd\u66f4\u65b0\u5feb\u4e00\u70b9"}, {"userName": "17K\u4e66\u53cb69FPGI52", "userReviewDate": "2018-01-29", "userURL": "http://user.17k.com/59591525", "userReview": "\u80fd\u4e0d\u80fd\u66f4\u65b0\u5feb\u4e00\u70b9"}, {"userName": "17K\u4e66\u53cb69FPGI52", "userReviewDate": "2018-01-29", "userURL": "http://user.17k.com/59591525", "userReview": "\u80fd\u4e0d\u80fd\u66f4\u65b0\u5feb\u4e00\u70b9"}, {"userName": "\u265b\uff06\u2605\u9ed8\u8bed\u304b\u25ce*", "userReviewDate": "2018-01-28", "userURL": "http://user.17k.com/58292039", "userReview": "\u884c\uff0c\u6211\u53bb\u770b\u770b"}, {"userName": "\u5c0f\u4e03828632579", "userReviewDate": "2018-01-28", "userURL": "http://user.17k.com/59022503", "userReview": "\u4e0d\u9519\u4e0d\u9519\u503c\u5f97\u8ffd"}, {"userName": "\u9752\u8349\u5e3d\u5b50", "userReviewDate": "2018-01-16", "userURL": "http://user.17k.com/58032805", "userReview": "\u9752\u8349\u6765\u8ba2\u9605\u652f\u6301\u4e86\uff01"}, {"userName": "17K\u4e66\u53cbn5gymj6c", "userReviewDate": "2018-01-09", "userURL": "http://user.17k.com/59264186", "userReview": "[\u6253\u8d4f]\u6211\u6253\u8d4f\u4e868\u5143\u7ea2\u5305\uff01\uff01"}, {"userName": "17K\u4e66\u53cb4NLJZCO8", "userReviewDate": "2018-01-07", "userURL": "http://user.17k.com/59253459", "userReview": "\u5c11\u8650\u4e9b\u597d\u561b \u5927\u5927"}, {"userName": "qzuser834145555", "userReviewDate": "2018-01-06", "userURL": "http://user.17k.com/57735353", "userReview": "\u54c8\u54c8\u54c8\u54c8\u54c8\u54c8"}, {"userName": "17k_25769730638", "userReviewDate": "2018-01-05", "userURL": "http://user.17k.com/58737529", "userReview": "......."}, {"userName": "17K\u4e66\u53cb5AIXEUXT", "userReviewDate": "2017-12-31", "userURL": "http://user.17k.com/57814771", "userReview": "\u8fd8\u53ef\u4ee5\uff0c\u52a0\u6cb9"}, {"userName": "\u5434\u9ed8\u98de\u5c18", "userReviewDate": "2017-12-29", "userURL": "http://user.17k.com/52294805", "userReview": "\u840c\u5b9d\uff0c\u6211\u6765\u770b\u4f60\u4e86\u3002"}, {"userName": "\u6211\u7231\u6211\u5bb6921703514", "userReviewDate": "2017-12-28", "userURL": "http://user.17k.com/58918512", "userReview": "[\u6253\u8d4f]\u6211\u6253\u8d4f\u4e862\u5143\u7ea2\u5305\uff01\uff01"}, {"userName": "\u5341\u4e03845788042", "userReviewDate": "2017-12-25", "userURL": "http://user.17k.com/57755113", "userReview": "\u52a0\u6cb9\u52a0\u6cb9\u52a0\u6cb9"}], "description": "\u82cf\u7476\u62ac\u5934\u770b\u7740\u9762\u524d\u8fd9\u4e2a\u5e05\u5f97\u5979\u5408\u4e0d\u62e2\u817f\u7684\u7537\u5b50\uff0c\u72e0\u72e0\u54bd\u4e86\u53e3\u53e3\u6c34\u3000\u3000\u201c\u8fd9\u4f4d\u8001\u677f\uff0c\u5982\u679c\u6211\u8bf4\u4f60\u7684\u6d74\u7167\u88ab\u53d1\u5230\u7f51\u4e0a\u662f\u4e2a\u610f\u5916\uff0c\u4f60\u4fe1\u5417\uff1f\u201d\u3000\u3000\u4ed6\u53cc\u624b\u63d2\u515c\uff0c\u9177\u9177\u7684\u70b9\u70b9\u5934\u201c\u6211\u4fe1\u3002\u201d\u3000\u3000\u201c\u4f46\u662f\u6211\u8981\u4e94\u5343\u4e07\u7684\u7cbe\u795e\u635f\u5931\u8d39\u3002\u201d\u3000\u3000\u67d0\u4eba\u62ac\u8d77\u4e24\u53ea\u5c0f\u722a\u5b50\u6570\u4e86\u5f88\u4e45\u2026\u2026\u3000\u3000\u7a81\u7136\uff0c\u4e00\u80a1\u70ed\u6c14\u5439\u5728\u5979\u8033\u8fb9\u3000\u3000\u201c\u5c0f\u5a18\u5b50\uff0c\u6211\u8fd9\u91cc\u4e5f\u63a5\u53d7\u4ee5\u8eab\u62b5\u503a\u54e6\uff01\u201d\u3000\u3000\u201c\u5582\uff0c\u4f59\u603b\uff0c\u4f60\u4e0d\u8981\u8fd9\u6837\u64a9\u4e86\u597d\u561b\uff1f\u4eba\u5bb6\u53c8\u5408\u4e0d\u62e2\u817f\u4e86\u5624\u5624\u5624\u2026\u2026\u201d\u3000\u3000\u4e00\u6b21\u7f8e\u7537\u51fa\u6d74\u56fe\u5728\u7f51\u4e0a\u8fc5\u901f\u8e7f\u7ea2\u4e4b\u540e\uff0c\u7f6a\u9b41\u7978\u9996\u7684\u82cf\u7476\u4e0d\u4ec5\u80cc\u4e0a\u4e86\u5de8\u989d\u8d1f\u503a\u3000\u3000\u66f4\u662f\u88ab\u54c4\u9a97\u7740\uff0c\u628a\u81ea\u5df1\u90fd\u7ed9\u5356\u4e86\u2026\u2026", "title": "\u840c\u59bb\u662f\u4e2a\u6280\u672f\u5b85", "url": "http://www.17k.com/book/2696655.html", "average": -1.0, "cover": "http://img.17k.com/images/bookcover/2017/13483/67/2696655-1511340200000.jpg", "reviews": 101453, "authors": [{"url": "http://www.17k.com/zuozhe/57988941", "name": "\u840c\u5b9d\u5416"}], "type": ["\u552f\u7f8e\u7eaf\u7231"], "outlinks": ["http://www.17k.com/book/2794982.html", "http://www.17k.com/book/2801292.html", "http://www.17k.com/book/2816318.html", "http://www.17k.com/book/2797575.html", "http://www.17k.com/book/2802516.html", "http://www.17k.com/book/2812195.html", "http://www.17k.com/book/2820143.html", "http://www.17k.com/book/2807943.html", "http://www.17k.com/book/2813457.html", "http://www.17k.com/book/2798058.html", "http://www.17k.com/book/2815617.html", "http://www.17k.com/book/2805259.html", "http://www.17k.com/book/2760255.html", "http://www.17k.com/book/2686894.html", "http://www.17k.com/book/2797016.html", "http://www.17k.com/book/2767246.html", "http://www.17k.com/book/2764239.html", "http://www.17k.com/book/2754498.html", "http://www.17k.com/book/2754900.html", "http://www.17k.com/book/2625740.html", "http://www.17k.com/book/2213315.html", "http://www.17k.com/book/2402178.html", "http://www.17k.com/book/2691221.html", "http://www.17k.com/book/2210699.html", "http://www.17k.com/book/1797752.html", "http://www.17k.com/book/2575507.html", "http://www.17k.com/book/2705181.html", "http://www.17k.com/book/2702539.html", "http://www.17k.com/book/2474887.html", "http://www.17k.com/book/2674733.html", "http://www.17k.com/book/2822076.html", "http://www.17k.com/book/2809894.html", "http://www.17k.com/book/2822077.html", "http://www.17k.com/book/2811930.html", "http://www.17k.com/book/2815548.html", "http://www.17k.com/book/2819620.html", "http://www.17k.com/book/2809964.html", "http://www.17k.com/book/2808200.html", "http://www.17k.com/book/2820100.html", "http://www.17k.com/book/2822978.html", "http://www.17k.com/book/2804337.html", "http://www.17k.com/book/2798814.html", "http://www.17k.com/book/2785153.html", "http://www.17k.com/book/2731559.html", "http://www.17k.com/book/2722533.html", "http://www.17k.com/book/2458377.html", "http://www.17k.com/book/2743300.html", "http://www.17k.com/book/973809.html", "http://www.17k.com/book/2651367.html", "http://www.17k.com/book/2726194.html", "http://www.17k.com/book/2790214.html", "http://www.17k.com/book/493239.html", "http://www.17k.com/book/108821.html", "http://www.17k.com/book/1398783.html", "http://www.17k.com/book/83528.html", "http://www.17k.com/book/1859126.html", "http://www.17k.com/book/1741975.html", "http://www.17k.com/book/192453.html", "http://www.17k.com/book/2459058.html", "http://www.17k.com/book/1050747.html", "http://www.17k.com/book/2700315.html", "http://www.17k.com/book/2818940.html", "http://www.17k.com/book/2819519.html", "http://www.17k.com/book/2816390.html", "http://www.17k.com/book/2819588.html", "http://www.17k.com/book/2813768.html", "http://www.17k.com/book/2822406.html", "http://www.17k.com/book/2772164.html", "http://www.17k.com/book/2784023.html", "http://www.17k.com/book/2811877.html", "http://www.17k.com/book/2809119.html", "http://www.17k.com/book/2803700.html", "http://www.17k.com/book/2819561.html", "http://www.17k.com/book/2746506.html", "http://www.17k.com/book/2811836.html", "http://www.17k.com/book/2614810.html", "http://www.17k.com/book/1592435.html", "http://www.17k.com/book/1949748.html", "http://www.17k.com/book/2265802.html", "http://www.17k.com/book/2743240.html", "http://www.17k.com/book/2657437.html", "http://www.17k.com/book/2644502.html", "http://www.17k.com/book/2199900.html", "http://www.17k.com/book/2725436.html", "http://www.17k.com/book/2629978.html"]}