{"ratings": -1, "userreviews": [{"userName": "\u66fe\u4e0a\u9752\u5929\u63fd\u6708\u65f6", "userReviewDate": "2018-05-27", "userURL": "http://user.17k.com/58510232", "userReview": "\u540e\u9762\u6709\u4e9b\u5d29"}, {"userName": "17K\u4e66\u53cbq8s51la0", "userReviewDate": "2018-05-13", "userURL": "http://user.17k.com/61730750", "userReview": "\u4e00\u997f\u574f\u65a4\u65a4\u8ba1\u8f83\u574e\u574e\u5777\u5777"}, {"userName": "\u77b3\u6853", "userReviewDate": "2018-03-22", "userURL": "http://user.17k.com/60483512", "userReview": "<a target='_blank' href='http://www.17k.com/book/2796068.html'>\u300a\u534a\u7f18\u5929\u547d\u534a\u7f18\u541b\u300b</a>\u524d\u6765\u62dc\u8bbf\u5927\u5927\uff01"}, {"userName": "\u5ca9\u6cca", "userReviewDate": "2018-02-07", "userURL": "http://user.17k.com/52703967", "userReview": "<a target='_blank' href='http://www.17k.com/book/2347646.html'>\u300a\u7f8e\u4e3d\u65e0\u754c\u300b</a><a target='_blank' href='http://www.17k.com/book/2388836.html'>\u300a\u7fa3\u4ed9\u9b54\u5f71\u300b</a>\u6765\u8bbf\uff01\u4f5c\u8005\u5ca9\u6ccayanpo\u5e0c\u671b\u5927\u5bb6\u524d\u53bb\u6e9c\u8fbe\u6e9c\u8fbe"}, {"userName": "\u672a\u6765\u8001\u9f20", "userReviewDate": "2017-12-16", "userURL": "http://user.17k.com/46396493", "userReview": "\u5927\u795e\uff0c\u8fd9\u6587\u5bf9\u6211\u80c3\u53e3\uff0c\u8ffd\u4e86<a target='_blank' href='http://www.17k.com/book/2725309.html'>\u300a\u534a\u7c73\u9633\u5149\u84dd\u5c71\u5357\u300b</a>\u6765\u8bbf"}, {"userName": "\u661f\u7a7a\u591c\u68a6\u8d30", "userReviewDate": "2017-12-08", "userURL": "http://user.17k.com/58011970", "userReview": "\u5927\u5927\u6b64\u4e66\u5199\u5f97\u4e0d\u9519\uff0c\u7ed9\u4eba\u4ee5\u8033\u76ee\u4e00\u65b0\u7684\u611f\u89c9\u3002\u5185\u5bb9\u5f88\u5145\u5b9e\uff0c\u60c5\u8282\u6784\u601d\u5f97\u4e25\u4e1d\u5408\u7f1d\uff0c\u4e0d\u62d6\u6ce5\u5e26\u6c34\u3002\u6587\u7b14\u96bd\u6c38\u800c\u5bcc\u73b0\u8c61\u529b\uff0c\u73af\u5883\u63cf\u5199\u4e5f\u6070\u5230\u597d\u5904\u3002 \u7ec6\u7ec6\u54c1\u5473\uff0c\u6162\u6162\u6b23\u8d4f\uff0c\u5982\u7cd6\u4f3c\u871c\uff0c\u4f7f\u4eba\u8eab\u4e34\u5176\u5883\uff0c\u611f\u89e6\u826f\u591a\uff0c\u4e0d\u80dc\u679a\u4e3e\u3002 \u613f\u5927\u5927\u521b\u4f5c\u5feb\u4e50\uff0c\u518d\u63a5\u518d\u5389\uff0c\u575a\u6301\u4e0d\u61c8\uff0c\u7ea2\u7ea2\u706b\u706b\u3002 \uff08\u53ea\u8981\u6709\u65f6\u95f4\uff0c\u5b9a\u4f1a\u518d\u6765\u6367\u8bfb\u4f73\u4f5c\uff09 <a target='_blank' href='http://www.17k.com/book/2705953.html'>\u300a\u9b3c\u8ff9\u5bfb\u8e2a\u300b</a>\u62dc\u8bfb\u4f73\u4f5c\uff0c\u652f\u6301\u597d\u4e66\uff0c\u7559\u4e0b\u8db3\u8ff9\u3002 \u54c8\u54c8&#55357;&#56836;\uff0c\u8bdd\u8bf4\u5927\u5927\u4e66\u540d\u548c\u5c01\u9762\u4e5f\u633a\u5438\u5f15\u4eba\u7684"}, {"userName": "\u5475634630272", "userReviewDate": "2017-12-02", "userURL": "http://user.17k.com/58681176", "userReview": "\u4f5c\u8005\u5927\u5927\u5feb\u66f4\u597d\u597d\u770b\uff0c\u5e0c\u671b\u50cf\u5927\u5927\u8fd9\u6837\u6210\u4e3a\u4e00\u4e2a\u597d\u4f5c\u5bb6\uff0c\u5e0c\u671b\u5927\u5bb6\u770b\u770b\u8fd9\u90e8\u4f5c\u54c1<a target='_blank' href='http://www.17k.com/book/2732102.html'>\u300a\u964c\u4e0a\u82b1\u5f00\u7684\u6267\u7231\u300b</a>\u65b0\u4eba\u65b0\u6c14\u8c61\uff0c\u65b0\u4eba\u65b0\u652f\u6301\u8c22\u8c22\u5927\u5bb6"}, {"userName": "\u58a8\u4ee3\u9752\u534e", "userReviewDate": "2017-11-24", "userURL": "http://user.17k.com/57525969", "userReview": "\u597d\u770b\uff0c\u6162\u6162\u8bfb\u3002\u4e5f\u5b66\u5230\u4e0d\u5c11\u4e1c\u897f"}], "description": "\u5927\u591a\u6570\u4eba\u53ea\u77e5\u9053\u6cf0\u56fd\u7684\u964d\u5934\u672f\uff0c\u5374\u4e0d\u77e5\u9053\u4e2d\u56fd\u672c\u571f\u7684\u964d\u95e8\uff0c\u624d\u662f\u6240\u6709\u964d\u5934\u672f\u7684\u6839\u6e90\u3002\u3000\u3000\u4fd7\u8bdd\u8bf4\u5f97\u597d\uff1a\u201c\u964d\u5e08\u65e0\u6709\u5357\u6d0b\u7956\uff0c\u9876\u5949\u4e09\u6559\u662f\u6b63\u5b97\u3002\u201d\u3000\u3000\u6211\u6765\u7ed9\u5404\u4f4d\u8bf4\u8bf4\uff0c\u4e2d\u56fd\u672c\u571f\u964d\u5934\u5e08\u7684\u90a3\u4e9b\u4e8b........\u3000\u3000***************************************************\u3000\u3000\u65b0\u4e66\u671f\u9ebb\u70e6\u5927\u5bb6\u90fd\u6295\u4e00\u4e0b\u7968~~\u3000\u3000\u6bcf\u5929\u7684\u671f\u5f85\u7968\u8ddf\u63a8\u8350\u7968\u90fd\u8981~~~\u8c22\u8c22\u5927\u5bb6\u5566~~~~\u3000\u3000\u3010\u66f4\u65b0\u8fd8\u662f\u8001\u89c4\u77e9\uff0c\u4e00\u5929\u4e24\u66f4\u54c8~\u3011\u3000\u3000\u3010\u672c\u4eba\u5df2\u5b8c\u672c\u8001\u4e66\u63a8\u8350\u300a\u9b3c\u8c37\u5c38\u7ecf\u300b\u300a\u72d7\u4e00\u6837\u7684\u6c5f\u6e56\u300b\u300a\u5ea6\u9b3c\u5e08\u300b\u3011", "title": "\u846c\u9b3c\u7ecf", "url": "http://www.17k.com/book/2702539.html", "average": -1.0, "cover": "http://img.17k.com/images/bookcover/partner/25/39/2702539/2702539.jpg", "reviews": 913058, "authors": [{"url": "http://www.17k.com/zuozhe/56805906", "name": "\u59d3\u6613\u7684"}], "type": ["\u7075\u5f02\u60ac\u7591"], "outlinks": ["http://www.17k.com/book/2794982.html", "http://www.17k.com/book/2801292.html", "http://www.17k.com/book/2816318.html", "http://www.17k.com/book/2797575.html", "http://www.17k.com/book/2802516.html", "http://www.17k.com/book/2812195.html", "http://www.17k.com/book/2820143.html", "http://www.17k.com/book/2807943.html", "http://www.17k.com/book/2813457.html", "http://www.17k.com/book/2798058.html", "http://www.17k.com/book/2815617.html", "http://www.17k.com/book/2805259.html", "http://www.17k.com/book/2760255.html", "http://www.17k.com/book/2686894.html", "http://www.17k.com/book/2797016.html", "http://www.17k.com/book/2767246.html", "http://www.17k.com/book/2764239.html", "http://www.17k.com/book/2754498.html", "http://www.17k.com/book/2754900.html", "http://www.17k.com/book/2625740.html", "http://www.17k.com/book/2213315.html", "http://www.17k.com/book/2402178.html", "http://www.17k.com/book/2691221.html", "http://www.17k.com/book/2210699.html", "http://www.17k.com/book/1797752.html", "http://www.17k.com/book/2575507.html", "http://www.17k.com/book/2705181.html", "http://www.17k.com/book/2702539.html", "http://www.17k.com/book/2474887.html", "http://www.17k.com/book/2674733.html", "http://www.17k.com/book/2822076.html", "http://www.17k.com/book/2809894.html", "http://www.17k.com/book/2822077.html", "http://www.17k.com/book/2811930.html", "http://www.17k.com/book/2815548.html", "http://www.17k.com/book/2819620.html", "http://www.17k.com/book/2809964.html", "http://www.17k.com/book/2808200.html", "http://www.17k.com/book/2820100.html", "http://www.17k.com/book/2822978.html", "http://www.17k.com/book/2804337.html", "http://www.17k.com/book/2798814.html", "http://www.17k.com/book/2785153.html", "http://www.17k.com/book/2731559.html", "http://www.17k.com/book/2722533.html", "http://www.17k.com/book/2458377.html", "http://www.17k.com/book/2743300.html", "http://www.17k.com/book/973809.html", "http://www.17k.com/book/2651367.html", "http://www.17k.com/book/2726194.html", "http://www.17k.com/book/2790214.html", "http://www.17k.com/book/493239.html", "http://www.17k.com/book/108821.html", "http://www.17k.com/book/1398783.html", "http://www.17k.com/book/83528.html", "http://www.17k.com/book/1859126.html", "http://www.17k.com/book/1741975.html", "http://www.17k.com/book/192453.html", "http://www.17k.com/book/2459058.html", "http://www.17k.com/book/1050747.html", "http://www.17k.com/book/2700315.html", "http://www.17k.com/book/2818940.html", "http://www.17k.com/book/2819519.html", "http://www.17k.com/book/2816390.html", "http://www.17k.com/book/2819588.html", "http://www.17k.com/book/2813768.html", "http://www.17k.com/book/2822406.html", "http://www.17k.com/book/2772164.html", "http://www.17k.com/book/2784023.html", "http://www.17k.com/book/2811877.html", "http://www.17k.com/book/2809119.html", "http://www.17k.com/book/2803700.html", "http://www.17k.com/book/2819561.html", "http://www.17k.com/book/2746506.html", "http://www.17k.com/book/2811836.html", "http://www.17k.com/book/2614810.html", "http://www.17k.com/book/1592435.html", "http://www.17k.com/book/1949748.html", "http://www.17k.com/book/2265802.html", "http://www.17k.com/book/2743240.html", "http://www.17k.com/book/2657437.html", "http://www.17k.com/book/2644502.html", "http://www.17k.com/book/2199900.html", "http://www.17k.com/book/2725436.html", "http://www.17k.com/book/2629978.html"]}