{"ratings": -1, "userreviews": [{"userName": "\u5c0f\u6cb3\u6d41\u6c34454209893", "userReviewDate": "2018-06-07", "userURL": "http://user.17k.com/59616283", "userReview": "\u597d\u4e66\uff0c\u8bf7\u541b\u4e00\u8bfb\uff01"}, {"userName": "\u5c0f\u6cb3\u6d41\u6c34454209893", "userReviewDate": "2018-06-03", "userURL": "http://user.17k.com/59616283", "userReview": "\u5982\u4e66\uff0c\u503c\u5f97\u4e00\u770b\uff01"}, {"userName": "\u5c0f\u6cb3\u6d41\u6c34454209893", "userReviewDate": "2018-06-02", "userURL": "http://user.17k.com/59616283", "userReview": "\u597d\u4e66\uff0c\u503c\u5f97\u4e00\u770b\uff01"}, {"userName": "\u5c0f\u6cb3\u6d41\u6c34454209893", "userReviewDate": "2018-06-01", "userURL": "http://user.17k.com/59616283", "userReview": "\u597d\u4e07.\uff0c\u503c\u5f97\u4e00\u770b"}, {"userName": "\u5c0f\u6cb3\u6d41\u6c34454209893", "userReviewDate": "2018-05-29", "userURL": "http://user.17k.com/59616283", "userReview": "\u597d\u4e66\uff0c\u503c\u5f97\u4e00\u8bfb"}, {"userName": "\ue10e \u592a\u9633\u7684\u4e8c\u59e8*\ue10e\u2026", "userReviewDate": "2018-05-29", "userURL": "http://user.17k.com/60106338", "userReview": "\u770b\u5b8c\u7b2c\u4e00\u904d\uff0c\u51c6\u5907\u518d\u7ec6\u8bfb\u7b2c\u4e8c\u904d\uff0c\u5f88\u597d\u770b\uff01"}, {"userName": "\u5fc3\u968f\u4e91\u52a82017", "userReviewDate": "2018-05-29", "userURL": "http://user.17k.com/55976375", "userReview": "\u6587\u7b14\u5185\u5bb9\u771f\u8001\u5957\u5eb8\u4fd7\u4e0d\u582a\uff0c\u679c\u65ad\u653e\u5f03\u3002"}, {"userName": "\u5c0f\u6cb3\u6d41\u6c34454209893", "userReviewDate": "2018-05-27", "userURL": "http://user.17k.com/59616283", "userReview": "\u597d\u4e66\uff0c\u5e94\u8be5\u4e00\u8bfb\uff01"}, {"userName": "\u5c0f\u6cb3\u6d41\u6c34454209893", "userReviewDate": "2018-05-26", "userURL": "http://user.17k.com/59616283", "userReview": "\u597d\u4e66\uff0c\u503c\u5f97\u6b23\u8d4f\uff01"}, {"userName": "\u591c\u5c3d\u5929\u9e23672354573", "userReviewDate": "2018-05-25", "userURL": "http://user.17k.com/59645172", "userReview": "\u8fd8\u53ef\u4ee5\u5427\uff01"}, {"userName": "A\u4f70\u4e3d\u6c478\u53f7\uff08\u5468\u4e09\u4f11\uff091\u2026", "userReviewDate": "2018-05-24", "userURL": "http://user.17k.com/55029810", "userReview": "66666666"}, {"userName": "\u5c0f\u6cb3\u6d41\u6c34454209893", "userReviewDate": "2018-05-22", "userURL": "http://user.17k.com/59616283", "userReview": "\u597d\u4e66\uff0c\u597d\u597d\u9605\u8bfb\uff01"}, {"userName": "17K\u4e66\u53cbRBNIE81M", "userReviewDate": "2018-05-21", "userURL": "http://user.17k.com/61671565", "userReview": "[\u6253\u8d4f]\u6211\u6253\u8d4f\u4e862\u5143\u7ea2\u5305\uff01\uff01"}, {"userName": "17K\u4e66\u53cbs9mfkhp6", "userReviewDate": "2018-05-21", "userURL": "http://user.17k.com/56607163", "userReview": "66666"}, {"userName": "\u5c0f\u6cb3\u6d41\u6c34454209893", "userReviewDate": "2018-05-21", "userURL": "http://user.17k.com/59616283", "userReview": "\u597d\u4e66\uff0c\u8bf7\u541b\u4e00\u8bfb\uff01"}, {"userName": "\u5c0f\u6cb3\u6d41\u6c34454209893", "userReviewDate": "2018-05-20", "userURL": "http://user.17k.com/59616283", "userReview": "\u4e0d\u9519\uff0c\u503c\u5f97\u4e00\u8bfb\uff01"}, {"userName": "\u5c0f\u6cb3\u6d41\u6c34454209893", "userReviewDate": "2018-05-18", "userURL": "http://user.17k.com/59616283", "userReview": "\u597d\u4e66\uff0c\u8bf7\u6b23\u8d4f\uff01"}, {"userName": "\u270e\ufe4f\u2133\u0e53\u20af\u3395\u4e36\u8584\u60c5\ufe4c\u2121", "userReviewDate": "2018-05-16", "userURL": "http://user.17k.com/55730595", "userReview": "sunflower"}, {"userName": "\u5c0f\u6cb3\u6d41\u6c34454209893", "userReviewDate": "2018-05-16", "userURL": "http://user.17k.com/59616283", "userReview": "\u597d\uff0c\u4e66\u503c\u5f97\u4e00\u770b\uff01"}, {"userName": "17K\u4e66\u53cbMJDUUJO5", "userReviewDate": "2018-05-15", "userURL": "http://user.17k.com/61664535", "userReview": "[\u6253\u8d4f]\u6211\u6253\u8d4f\u4e861\u4e2a'\u5c0f\u5fc3\u5fc3'\uff01\uff01"}], "description": "\u4e8c\u5341\u4e16\u7eaa\u4e94\u5341\u5e74\u4ee3\u7684\u4e00\u4e2a\u590f\u5929\uff0c\u4e2d\u82cf\u8054\u5408\u79d1\u8003\u961f\u5728\u4e2d\u56fd\u897f\u5317\u5df4\u4e39\u5409\u6797\u6c99\u6f20\u6df1\u5904\u9047\u9669\uff0c\u60df\u4e24\u4eba\u751f\u8fd8\u3002\u5947\u602a\u7684\u662f\uff0c\u4e24\u540d\u751f\u8fd8\u8005\uff1a\u201c\u72fc\u6bd2\u82b1\u201d\u548c\u201c\u8089\u82c1\u84c9\u201d\u88ab\u53d1\u73b0\u6551\u8d77\u65f6\uff0c\u7adf\u8fdc\u79bb\u79d1\u8003\u961f\u8003\u5bdf\u533a\u57df\u6570\u767e\u516c\u91cc\u3002\u4e2d\u56fd\u5927\u9646\u3001\u82cf\u8054\u3001\u4e2d\u56fd\u53f0\u6e7e\u3001\u7f8e\u56fd\u7684\u60c5\u62a5\u673a\u6784\uff0c\u5747\u5bf9\u6b64\u4e8b\u8bb3\u83ab\u5982\u6df1\uff0c\u5b58\u7559\u7edd\u5bc6\u6863\u6848\u2026\u2026\u3000\u3000\u4e4b\u540e\uff0c\u201c\u72fc\u6bd2\u82b1\u201d\uff08\u82cf\u8054\u4eba\uff09\u52a0\u5165\u82cf\u8054\u60c5\u62a5\u673a\u6784\u514b\u683c\u52c3\uff1b\u201c\u8089\u82c1\u84c9\u201d\uff08\u4e2d\u56fd\u5927\u9646\u4eba\uff09\u4e0d\u77e5\u6240\u8e2a\uff0c\u636e\u8bf4\u6709\u4eba\u5728\u7f8e\u56fd\u65e7\u91d1\u5c71\u89c1\u5230\u8fc7\u4ed6\u2026\u2026\u3000\u3000\u534a\u4e2a\u4e16\u7eaa\u540e\uff0c\u5317\u4eac\u4e3e\u529e\u7684\u827a\u672f\u54c1\u62cd\u5356\u4f1a\u4e0a\uff0c\u538b\u8f74\u7684\u662f\u4e00\u4ef6\u897f\u590f\u5d4c\u73e0\u5b9d\u7f20\u83b2\u7eb9\u7389\u63d2\u5c4f\u3002\u7136\u800c\uff0c\u4f17\u4e70\u5bb6\u5374\u5bf9\u8fd9\u4ef6\u538b\u8f74\u62cd\u54c1\u4e0d\u5c51\u4e00\u987e\uff0c\u53ea\u6709\u4e24\u4e2a\u4eba\u2014\u2014\u9999\u6e2f\u5bcc\u8c6a\u548c\u91d1\u53d1\u5973\u90ce\u75af\u72c2\u62ac\u4ef7\u7ade\u62cd\u3002\u5728\u62cd\u5356\u5e08\u7684\u4f5c\u5f0a\u4e0b\uff0c\u7389\u63d2\u5c4f\u6700\u7ec8\u88ab\u9999\u6e2f\u5bcc\u8c6a\u62cd\u8d70\u3002\u4e4b\u540e\uff0c\u62cd\u5356\u5e08\u83ab\u540d\u81ea\u6740\uff0c\u9999\u6e2f\u5bcc\u8c6a\u795e\u79d8\u6b7b\u4ea1\u3002\u4e3b\u4eba\u516c\u5510\u98ce\u9677\u5165\u4e00\u8fde\u4e32\u8be1\u79d8\u83ab\u6d4b\u7684\u4e8b\u4ef6\u4e4b\u4e2d\u2026\u2026\u3000\u3000\u63a2\u5bfb\u4e2d\uff0c\u5510\u98ce\u6210\u529f\u7834\u89e3\u897f\u590f\u6b7b\u4e66\uff0c\u51b3\u5b9a\u524d\u5f80\u5df4\u4e39\u5409\u6797\u6c99\u6f20\uff0c\u5bfb\u627e\u897f\u590f\u738b\u5143\u660a\u7559\u4e0b\u7684\u6d3b\u4eba\u575f\u3002", "title": "\u897f\u590f\u6b7b\u4e66", "url": "http://www.17k.com/book/2816021.html", "average": -1.0, "cover": "http://img.17k.com/images/bookcover/2018/14080/70/2816021-1524650573000.jpg", "reviews": 65641, "authors": [{"url": "http://www.17k.com/zuozhe/61231864", "name": "\u987e\u975e\u9c7c"}], "type": ["\u63a2\u9669\u63ed\u79d8"], "outlinks": ["http://www.17k.com/book/2794982.html", "http://www.17k.com/book/2801292.html", "http://www.17k.com/book/2816318.html", "http://www.17k.com/book/2797575.html", "http://www.17k.com/book/2802516.html", "http://www.17k.com/book/2812195.html", "http://www.17k.com/book/2820143.html", "http://www.17k.com/book/2807943.html", "http://www.17k.com/book/2813457.html", "http://www.17k.com/book/2798058.html", "http://www.17k.com/book/2815617.html", "http://www.17k.com/book/2805259.html", "http://www.17k.com/book/2760255.html", "http://www.17k.com/book/2686894.html", "http://www.17k.com/book/2797016.html", "http://www.17k.com/book/2767246.html", "http://www.17k.com/book/2764239.html", "http://www.17k.com/book/2754498.html", "http://www.17k.com/book/2754900.html", "http://www.17k.com/book/2625740.html", "http://www.17k.com/book/2213315.html", "http://www.17k.com/book/2402178.html", "http://www.17k.com/book/2691221.html", "http://www.17k.com/book/2210699.html", "http://www.17k.com/book/1797752.html", "http://www.17k.com/book/2575507.html", "http://www.17k.com/book/2705181.html", "http://www.17k.com/book/2702539.html", "http://www.17k.com/book/2474887.html", "http://www.17k.com/book/2674733.html", "http://www.17k.com/book/2822076.html", "http://www.17k.com/book/2809894.html", "http://www.17k.com/book/2822077.html", "http://www.17k.com/book/2811930.html", "http://www.17k.com/book/2815548.html", "http://www.17k.com/book/2819620.html", "http://www.17k.com/book/2809964.html", "http://www.17k.com/book/2808200.html", "http://www.17k.com/book/2820100.html", "http://www.17k.com/book/2822978.html", "http://www.17k.com/book/2804337.html", "http://www.17k.com/book/2798814.html", "http://www.17k.com/book/2785153.html", "http://www.17k.com/book/2731559.html", "http://www.17k.com/book/2722533.html", "http://www.17k.com/book/2458377.html", "http://www.17k.com/book/2743300.html", "http://www.17k.com/book/973809.html", "http://www.17k.com/book/2651367.html", "http://www.17k.com/book/2726194.html", "http://www.17k.com/book/2790214.html", "http://www.17k.com/book/493239.html", "http://www.17k.com/book/108821.html", "http://www.17k.com/book/1398783.html", "http://www.17k.com/book/83528.html", "http://www.17k.com/book/1859126.html", "http://www.17k.com/book/1741975.html", "http://www.17k.com/book/192453.html", "http://www.17k.com/book/2459058.html", "http://www.17k.com/book/1050747.html", "http://www.17k.com/book/2700315.html", "http://www.17k.com/book/2818940.html", "http://www.17k.com/book/2819519.html", "http://www.17k.com/book/2816390.html", "http://www.17k.com/book/2819588.html", "http://www.17k.com/book/2813768.html", "http://www.17k.com/book/2822406.html", "http://www.17k.com/book/2772164.html", "http://www.17k.com/book/2784023.html", "http://www.17k.com/book/2811877.html", "http://www.17k.com/book/2809119.html", "http://www.17k.com/book/2803700.html", "http://www.17k.com/book/2819561.html", "http://www.17k.com/book/2746506.html", "http://www.17k.com/book/2811836.html", "http://www.17k.com/book/2614810.html", "http://www.17k.com/book/1592435.html", "http://www.17k.com/book/1949748.html", "http://www.17k.com/book/2265802.html", "http://www.17k.com/book/2743240.html", "http://www.17k.com/book/2657437.html", "http://www.17k.com/book/2644502.html", "http://www.17k.com/book/2199900.html", "http://www.17k.com/book/2725436.html", "http://www.17k.com/book/2629978.html"]}