{"ratings": -1, "userreviews": [{"userName": "\u9634\u5c38\u5c06", "userReviewDate": "2018-04-22", "userURL": "http://user.17k.com/60316615", "userReview": "\u8bf8\u4f4d\uff0c\u5144\u5f1f\u5728\u8fd9\u5efa\u5e7f\u544a\u697c\uff0c\u6253\u5e7f\u544a\u7684\u5144\u5f1f\u53d1\u8fd9\u54c8\uff01\uff01"}, {"userName": "\u9634\u5c38\u5c06", "userReviewDate": "2018-03-30", "userURL": "http://user.17k.com/60316615", "userReview": "&nbsp; &nbsp; &nbsp; &nbsp; \u5e0c\u671b\u5927\u5bb6\u770b\u5b8c\u540e\uff0c\u7ed9\u70b9\u9c9c\u82b1\uff0c\u7968\u7968\uff0c\u7ea2\u5305\u4ee5\u8d44\u9f13\u52b1\u5144\u5f1f\uff0c\u6709\u65f6\u95f4\u7684\u53ef\u4ee5\u5199\u4e2a\u4e66\u8bc4\uff0c\u8bf8\u4f4d\u5144\u5f1f\uff0c\u9b3c\u5c06\u5728\u8fd9\u591a\u8c22\u5404\u4f4d\uff01"}, {"userName": "\u84dd\u8863\u5a46", "userReviewDate": "2018-06-06", "userURL": "http://user.17k.com/57853155", "userReview": "\u5144\u5f1f\uff0c\u52a0\u6cb9\uff01"}, {"userName": "17K\u4e66\u53cbzve8u0t3", "userReviewDate": "2018-06-01", "userURL": "http://user.17k.com/60356815", "userReview": "\u4f5c\u8005\u5927\u5927\uff0c\u6bcf\u5929\u591a\u66f4\u51e0\u7ae0\uff0c\u4e0d\u591f\u770b\u554a"}, {"userName": "\u8bf8\u845b\u5c0f\u732a", "userReviewDate": "2018-05-19", "userURL": "http://user.17k.com/61793857", "userReview": "\u8fd9\u4e2a\u4e0d\u9519\u5427\uff0c\u6697\u9ed1\u4e4b\u5fc3"}, {"userName": "\u80c6\u5c0f\u9b3c523354172", "userReviewDate": "2018-05-19", "userURL": "http://user.17k.com/59636293", "userReview": "\u7b7e\u5230\u652f\u6301\uff0c\u795d\u5927\u5927\u5468\u672b\u7801\u5b57\u6109\u5feb\uff01"}, {"userName": "\u80c6\u5c0f\u9b3c523354172", "userReviewDate": "2018-05-17", "userURL": "http://user.17k.com/59636293", "userReview": "\u5306\u5306\u6765\u8bbf\uff0c\u795d\u5927\u5927\u7801\u5b57\u6109\u5feb\uff01"}, {"userName": "\u5bbf\u4ebf\u7434", "userReviewDate": "2018-05-13", "userURL": "http://user.17k.com/48821426", "userReview": "\u5bbf\u7ffc\u7434\u9001\u82b1\u5230\uff0c\u5f00\u4e2a\u73a9\u7b11\uff0c\u5077\u8001\u592a\u592a\u9e21\u5403\uff0c\u4f60\u5c0f\u65f6\u66fe\u7ecf\u5e72\u8fc7\u5417\uff1f"}, {"userName": "\u5bbf\u4ebf\u7434", "userReviewDate": "2018-05-13", "userURL": "http://user.17k.com/48821426", "userReview": "\u5bbf\u7ffc\u7434\u9001\u82b1\u5230\uff01\u95ee\u5b89\uff01"}, {"userName": "17K\u4e66\u53cbzve8u0t3", "userReviewDate": "2018-05-11", "userURL": "http://user.17k.com/60356815", "userReview": "\u5c31\u77e5\u9053\u5218\u5ddd\u6700\u540e\u4f1a\u590d\u6d3b\uff0c\u52a0\u6cb9\u5927\u5927\uff0c\u591a\u66f4\u70b9"}, {"userName": "17K\u4e66\u53cbzve8u0t3", "userReviewDate": "2018-05-11", "userURL": "http://user.17k.com/60356815", "userReview": "[\u6253\u8d4f]\u6211\u6253\u8d4f\u4e861\u4e2a'\u5c0f\u5fc3\u5fc3'\uff01\uff01"}, {"userName": "\u8015\u8bb7\u658b\u4e3b", "userReviewDate": "2018-05-10", "userURL": "http://user.17k.com/53122581", "userReview": "\u7cbe\u5f69\u6545\u4e8b\uff0c\u6263\u4eba\u5fc3\u5f26\u3002"}, {"userName": "\u67ef\u5357970373675", "userReviewDate": "2018-05-08", "userURL": "http://user.17k.com/61595868", "userReview": "<a target='_blank' href='http://www.17k.com/book/5430.html'>\u300a\u8d2a\u72fc\u300b</a>\u521d\u8bbf\u652f\u6301\u54e6"}, {"userName": "\u7687\u5929\u9756", "userReviewDate": "2018-05-06", "userURL": "http://user.17k.com/60315739", "userReview": "\u5927\u5927\u597d\uff0c\u7687\u5929\u9756\u643a<a target='_blank' href='http://www.17k.com/book/2790923.html'>\u300a\u591c\u534a\u6b87\u4e0d\u4f24\u300b</a>\u524d\u6765\u62dc\u8bbf\u3002"}, {"userName": "\u592e\u5b50\u5440", "userReviewDate": "2018-05-03", "userURL": "http://user.17k.com/60344960", "userReview": "\u665a\u4e0a\u597d\uff0c\u52a0\u6cb9"}, {"userName": "\u8df3\u72fc\u725b", "userReviewDate": "2018-05-03", "userURL": "http://user.17k.com/56917653", "userReview": "\u643a\u201c\u9634\u9633\u4fee\u4ed9\u8def\u201d\u524d\u6765\u62dc\u8bbf\u5927\u795e\uff01\u5c0f\u5c0f\u6536\u85cf\u5949\u4e0a\uff01\u671b\u652f\u6301\uff01\u52a0\u6cb9\uff01"}, {"userName": "\u84dd\u8863\u5a46", "userReviewDate": "2018-05-03", "userURL": "http://user.17k.com/57853155", "userReview": "\u8d8a\u6765\u8d8a\u7cbe\u5f69\u4e86\uff0c\u4e0d\u9519\u4e0d\u9519\uff01"}, {"userName": "\u3123\u901d\u53bb\u2570\u2606\u3077_\u901d\u53bb.....\ufe56", "userReviewDate": "2018-04-29", "userURL": "http://user.17k.com/53108576", "userReview": "\u6708\u4e0b\u5360\u535c\u643a<a target='_blank' href='http://www.17k.com/book/2812764.html'>\u300a\u4e5d\u5c3e\u732b\u4ed9\u300b</a>\u8bf7\u5927\u795e\u591a\u591a\u6307\u70b9"}, {"userName": "\u9634\u5c38\u5c06", "userReviewDate": "2018-04-29", "userURL": "http://user.17k.com/60316615", "userReview": "\u8be1\u5893\u8fdb\u884c\u5230\u7b2c\u4e8c\u5377\uff0c\u5404\u4f4d\u5144\u5f1f\uff0c\u8d76\u7d27\u5165\u5751\u5427\uff01"}, {"userName": "\u897f\u671b2077", "userReviewDate": "2018-04-29", "userURL": "http://user.17k.com/49186443", "userReview": "\u65b0\u7bc7\u7ae0\u5566\uff1f\u6211\u8981\u52a0\u901f\u9605\u8bfb\u5566"}], "description": "\u4e00\u4e2a\u5947\u602a\u7684\u6212\u6307\uff0c\u4e00\u4e2a\u795e\u79d8\u7684\u7b26\u53f7\uff0c\u4e00\u4e2a\u53e4\u73a9\u5e97\u8001\u677f\uff0c\u4e00\u4e2a\u8003\u53e4\u9879\u76ee\uff0c\u4e00\u6b21\u6b21\u60ca\u5fc3\u52a8\u9b44\u7684\u53e4\u5893\u63a2\u9669\uff0c\u4ece\u5f00\u59cb\u7684\u8003\u53e4\u5230\u6700\u540e\u7684\u8eab\u4e16\u5bfb\u89c5\uff0c\u90a3\u5c42\u5c42\u53e0\u53e0\u7684\u4f2a\u88c5\u4e0b\uff0c\u5230\u5e95\u662f\u8c01\u5728\u8bf4\u8c0e\uff1f\u3000\u3000\u662f\u4f60\uff0c\u662f\u4ed6\uff0c\u8fd8\u662f\u5b83\uff1f\u3000\u3000\u201c\u597d\u597d\u6d3b\u7740\uff0c\u56e0\u4e3a\u4f60\u662f\u6700\u540e\u4e00\u4e2a\u3002\u201d\u3000\u3000\u201c\u8334\u5b50\uff0c\u522b\u76f8\u4fe1\u773c\u775b\uff0c\u5b83\u4f1a\u9a97\u4e86\u4f60\u2026\u2026\u201d\u3000\u3000\u201c\u4e1c\u5b50\uff0c\u5218\u54e5\u8fd8\u6d3b\u7740\u2026\u2026\u201d", "title": "\u8be1\u5893\u73af\u5c40", "url": "http://www.17k.com/book/2790130.html", "average": -1.0, "cover": "http://img.17k.com/images/bookcover/2018/13950/69/2790130-1522032879000.jpg", "reviews": 53222, "authors": [{"url": "http://www.17k.com/zuozhe/60316615", "name": "\u5730\u72f1\u9b3c\u5c06"}], "type": ["\u63a2\u9669\u63ed\u79d8"], "outlinks": ["http://www.17k.com/book/2794982.html", "http://www.17k.com/book/2801292.html", "http://www.17k.com/book/2816318.html", "http://www.17k.com/book/2797575.html", "http://www.17k.com/book/2802516.html", "http://www.17k.com/book/2812195.html", "http://www.17k.com/book/2820143.html", "http://www.17k.com/book/2807943.html", "http://www.17k.com/book/2813457.html", "http://www.17k.com/book/2798058.html", "http://www.17k.com/book/2815617.html", "http://www.17k.com/book/2805259.html", "http://www.17k.com/book/2760255.html", "http://www.17k.com/book/2686894.html", "http://www.17k.com/book/2797016.html", "http://www.17k.com/book/2767246.html", "http://www.17k.com/book/2764239.html", "http://www.17k.com/book/2754498.html", "http://www.17k.com/book/2754900.html", "http://www.17k.com/book/2625740.html", "http://www.17k.com/book/2213315.html", "http://www.17k.com/book/2402178.html", "http://www.17k.com/book/2691221.html", "http://www.17k.com/book/2210699.html", "http://www.17k.com/book/1797752.html", "http://www.17k.com/book/2575507.html", "http://www.17k.com/book/2705181.html", "http://www.17k.com/book/2702539.html", "http://www.17k.com/book/2474887.html", "http://www.17k.com/book/2674733.html", "http://www.17k.com/book/2822076.html", "http://www.17k.com/book/2809894.html", "http://www.17k.com/book/2822077.html", "http://www.17k.com/book/2811930.html", "http://www.17k.com/book/2815548.html", "http://www.17k.com/book/2819620.html", "http://www.17k.com/book/2809964.html", "http://www.17k.com/book/2808200.html", "http://www.17k.com/book/2820100.html", "http://www.17k.com/book/2822978.html", "http://www.17k.com/book/2804337.html", "http://www.17k.com/book/2798814.html", "http://www.17k.com/book/2785153.html", "http://www.17k.com/book/2731559.html", "http://www.17k.com/book/2722533.html", "http://www.17k.com/book/2458377.html", "http://www.17k.com/book/2743300.html", "http://www.17k.com/book/973809.html", "http://www.17k.com/book/2651367.html", "http://www.17k.com/book/2726194.html", "http://www.17k.com/book/2790214.html", "http://www.17k.com/book/493239.html", "http://www.17k.com/book/108821.html", "http://www.17k.com/book/1398783.html", "http://www.17k.com/book/83528.html", "http://www.17k.com/book/1859126.html", "http://www.17k.com/book/1741975.html", "http://www.17k.com/book/192453.html", "http://www.17k.com/book/2459058.html", "http://www.17k.com/book/1050747.html", "http://www.17k.com/book/2700315.html", "http://www.17k.com/book/2818940.html", "http://www.17k.com/book/2819519.html", "http://www.17k.com/book/2816390.html", "http://www.17k.com/book/2819588.html", "http://www.17k.com/book/2813768.html", "http://www.17k.com/book/2822406.html", "http://www.17k.com/book/2772164.html", "http://www.17k.com/book/2784023.html", "http://www.17k.com/book/2811877.html", "http://www.17k.com/book/2809119.html", "http://www.17k.com/book/2803700.html", "http://www.17k.com/book/2819561.html", "http://www.17k.com/book/2746506.html", "http://www.17k.com/book/2811836.html", "http://www.17k.com/book/2614810.html", "http://www.17k.com/book/1592435.html", "http://www.17k.com/book/1949748.html", "http://www.17k.com/book/2265802.html", "http://www.17k.com/book/2743240.html", "http://www.17k.com/book/2657437.html", "http://www.17k.com/book/2644502.html", "http://www.17k.com/book/2199900.html", "http://www.17k.com/book/2725436.html", "http://www.17k.com/book/2629978.html"]}