{"ratings": -1, "userreviews": [{"userName": "\u5e7a\u5e7a\u6728\u6bd4\u767d", "userReviewDate": "2018-03-27", "userURL": "http://user.17k.com/33410848", "userReview": "<a target='_blank' href='http://www.17k.com/book/2793554.html'>\u300a\u8ff7\u4e4b\u7f6a\u6076\u7684\u6551\u8d4e\u300b</a>\u524d\u6765\u6c42\u6559\uff0c\u671b\u6307\u70b9\uff0c\u611f\u6fc0\u4e0d\u5c3d\uff01"}, {"userName": "\u677e\u54e5456982258", "userReviewDate": "2018-03-16", "userURL": "http://user.17k.com/45277965", "userReview": "\u8fd9\u672c\u4e66\u867d\u7136\u8be1\u5f02\uff0c\u5374\u662f\u90a3\u4e48\u7684\u9500\u9b42\uff01\u6211\u7684<a target='_blank' href='http://www.17k.com/book/2338926.html'>\u300a\u6765\u81ea\u5c71\u91ce\u7684\u5f81\u670d\u300b</a>\u5341\u5206\u771f\u5b9e\uff0c\u5374\u5728\u7528\u6d3b\u751f\u751f\u7684\u6545\u4e8b\u544a\u8bc9\u4f60\uff0c\u63d0\u9192\u4f60\uff0c\u7406\u667a\uff0c\u51b7\u9759\uff0c\u4e09\u601d\u800c\u540e\u884c\uff0c\u4f60\u624d\u4f1a\u62e5\u6709\u7406\u6027\u7684\u4eba\u751f\u3002 \u9001\u82b1\u652f\u6301\u672c\u4e66\uff01"}, {"userName": "\u51dd\u671b\u4e00\u751f", "userReviewDate": "2018-03-11", "userURL": "http://user.17k.com/13316916", "userReview": "\u5b9e\u5728\u770b\u4e0d\u4e0b\u53bb\u4e86\u4f5c\u8005\u7684\u6587\u7b14\u8ddf\u4e3b\u89d2\u7684\u60c5\u5546\u4e00\u6837\uff0c\u6d41\u6c34\u5957\u8def\u8bfb\u8005\u7684\uff1f"}, {"userName": "K\u5c0f\u5f00", "userReviewDate": "2018-03-10", "userURL": "http://user.17k.com/58509881", "userReview": "\u5468\u672b\u6109\u5feb\uff01<a target='_blank' href='http://www.17k.com/book/2724684.html'>\u300a\u4e00\u5ff5\u539f\u7f6a\u300b</a>\u524d\u6765\u6c42\u6559\uff0c\u6307\u70b9\u4e00\u4e8c\uff0c\u611f\u6fc0\u4e0d\u5c3d\uff01"}, {"userName": "\u89d2\u843d\u5904\u7684\u72fc", "userReviewDate": "2018-03-01", "userURL": "http://user.17k.com/58137971", "userReview": "<span style='color:black'>\u5e73\u6de1\u7684\u8bdd\u8bed\uff0c\u5305\u542b\u7740\u9ed1\u9a6c\u771f\u8bda\u7684\u795d\u798f\uff0c\u52a0\u6cb9666666666</span>"}, {"userName": "\u9752\u67ab\u660e\u670822", "userReviewDate": "2018-02-24", "userURL": "http://user.17k.com/56389673", "userReview": "\u5df2\u6536\u85cf\u5927\u5927\u4f5c\u54c1\uff0c<a target='_blank' href='http://www.17k.com/book/2720431.html'>\u300a\u7b11\u50b2\u4e4b\u4fa0\u9aa8\u4e39\u5fc3\u300b</a>\u524d\u6765\u62dc\u8bbf\uff0c\u8bf7\u5927\u5bb6\u591a\u591a\u652f\u6301\uff01"}, {"userName": "K\u5c0f\u5f00", "userReviewDate": "2018-02-24", "userURL": "http://user.17k.com/58509881", "userReview": "<a target='_blank' href='http://www.17k.com/book/2724684.html'>\u300a\u4e00\u5ff5\u539f\u7f6a\u300b</a>\u524d\u6765\u6c42\u6559\uff0c\u671b\u6307\u70b9\uff0c\u611f\u6fc0\u4e0d\u5c3d\uff01"}, {"userName": "17K\u4e66\u53cb5zdg24a5", "userReviewDate": "2018-02-18", "userURL": "http://user.17k.com/58884145", "userReview": "[\u6253\u8d4f]\u6211\u6253\u8d4f\u4e868\u5143\u7ea2\u5305\uff01\uff01"}, {"userName": "\u9ec4\u74dc\u7684\u5bbf\u547d", "userReviewDate": "2018-02-14", "userURL": "http://user.17k.com/53195742", "userReview": "<a target='_blank' href='http://www.17k.com/book/2377865.html'>\u300a\u81f3\u9738\u82cd\u751f\u8bc0\u300b</a>\u6765\u8bbf\uff0c\u6c42\u652f\u6301\u6c42\u6269\u6563\uff0c\u87f9\u87f9\u3002"}, {"userName": "\u9694\u58c1\u8001\u9f9a", "userReviewDate": "2018-02-12", "userURL": "http://user.17k.com/55254170", "userReview": "<a target='_blank' href='http://www.17k.com/book/2510711.html'>\u300a\u6218\u4e89\u7684\u6b4c\u300b</a>\u4f5c\u8005\u6765\u8bbf\uff0c\u8fd9\u662f\u4e00\u4e2a\u672a\u6765\u7684\u6545\u4e8b\uff0c\u63cf\u5199\u7684\u662f\u4e00\u6bb5\u4f20\u5947\uff0c\u5e0c\u671b\u5927\u5bb6\u591a\u591a\u6367\u573a\uff0c\u8c22\u8c22"}, {"userName": "\u7f57\u838e\u6e05\u660e", "userReviewDate": "2018-02-03", "userURL": "http://user.17k.com/56953347", "userReview": "\u5927\u5927\u7684\u5c01\u9762\u611f\u89c9\u597d\u50cf\u662f\u7537\u751f\u7384\u5e7b\u554a"}, {"userName": "\u677e\u54e5456982258", "userReviewDate": "2018-01-29", "userURL": "http://user.17k.com/45277965", "userReview": "\u5728\u7f51\u4e0a\u770b\u4e66\uff0c\u53ef\u4ee5\u5404\u79cd\u98ce\u683c\u53e3\u5473\u7684\u5c3d\u60c5\u6b23\u8d4f\u3002\u770b\u60ef\u4e86\u5176\u4ed6\u98ce\u683c\uff0c\u9898\u6750\uff0c\u4f55\u4e0d\u4e5f\u6765\u770b\u770b\u6211\u7684<a target='_blank' href='http://www.17k.com/book/2338926.html'>\u300a\u6765\u81ea\u5c71\u91ce\u7684\u5f81\u670d\u300b</a>\u8fd9\u7c7b\u4e66\u7c4d\u3002"}, {"userName": "xmqhome", "userReviewDate": "2018-01-26", "userURL": "http://user.17k.com/1121751", "userReview": "<a target='_blank' href='http://www.17k.com/book/799926.html'>\u300a\u4ed9\u7f18\u65e0\u9650\u300b</a>\u6765\u8bbf\uff0c\u652f\u6301\u5927\u4f5c\uff0c\u9c9c\u82b1\u9876\u8d77\uff01 \u540c\u65f6\uff0c\u501f\u8d35\u5b9d\u5730\u6253\u4e2a\u5e7f\u544a\uff0c\u672c\u4eba\u4f5c\u54c1\u6b63\u5728\u8fde\u8f7d\uff0c\u6b22\u8fce\u5404\u4f4d\u6709\u5174\u8da3\u7684\u8bfb\u8005\u591a\u591a\u524d\u5f80\u652f\u6301\u3002"}, {"userName": "\u5b64\u541b\u516e", "userReviewDate": "2018-01-21", "userURL": "http://user.17k.com/59024009", "userReview": "<a target='_blank' href='http://www.17k.com/book/2745330.html'>\u300a\u9b3c\u51a5\u5c40\u300b</a>\u524d\u6765\u62dc\u8bbf"}, {"userName": "\u535e\u7396", "userReviewDate": "2018-01-17", "userURL": "http://user.17k.com/43609830", "userReview": "\u535e\u7396\u643a<a target='_blank' href='http://www.17k.com/book/2543211.html'>\u300aEXO\u4e4b\u5982\u82e5\u5e74\u534e\u6b63\u597d\u300b</a>\u524d\u6765\u62dc\u8bbf\uff0c\u4e66\u4e5f\u88ab\u6211\u62b1\u8d70\uff0c\u6211\u5c31\u559c\u6b22\u8fd9\u79cd\u7c7b\u578b\u7684\u3002"}, {"userName": "\u5927\u6c5f\u9648\u8ff9", "userReviewDate": "2018-01-15", "userURL": "http://user.17k.com/59082119", "userReview": "\u8d75\u6653\u59ff\u672c\u662f\u6781\u6709\u5929\u8d4b\u7684\u5fc3\u7406\u5b66\u4e13\u4e1a\u5927\u4e09\u5b66\u751f\uff0c\u4e00\u89c9\u9192\u6765\u4e4b\u540e\u5374\u53d1\u73b0\u81ea\u5df1\u8eab\u5904\u7cbe\u795e\u75c5\u9662\uff0c\u8bb0\u5fc6\u4e5f\u53d1\u751f\u4e86\u6df7\u4e71\u3002\u6211\u662f\u8c01\uff1f\u662f\u5927\u5b89\u671d\u7684\u8d35\u5973\u8377\u534e\uff0c\u662f\u5b66\u9738\u8d75\u6653\u59ff\u8fd8\u662f\u98ce\u6d41\u501c\u50a5\u7684\u5c11\u7237Jack\u9648\uff1f <a target='_blank' href='http://www.17k.com/book/2746787.html'>\u300a\u4f2a\u7a7f\u8d8a\u4e4b\u5446\u840c\u5b66\u9738\u8981\u9ed1\u5316\u300b</a>\u5e26\u60a8\u4e00\u8d77\u770b\u5446\u840c\u5b66\u9738\u8d75\u6653\u59ff\u662f\u600e\u6837\u4e00\u6b65\u4e00\u6b65\u7684\u9ed1\u5316\uff0c\u540a\u6253\u5404\u79cd\u6e23\u7537\u8d31\u5973\uff0c\u8d70\u4e0a\u4eba\u751f\u5dc5\u5cf0\u7684\u3002"}, {"userName": "\u4e09\u8a00\u4e2d", "userReviewDate": "2017-12-27", "userURL": "http://user.17k.com/58888114", "userReview": "<a target='_blank' href='http://www.17k.com/book/2740247.html'>\u300a\u70b9\u7ea2\u706f\u300b</a>\u8001\u8f88\u4eba\u7684\u90a3\u4e9b\u5947\u8c08\u6545\u4e8b\uff0c\u524d\u6765\u652f\u6301\u62dc\u8bbf"}, {"userName": "\u8709\u8763\u5c0f\u751f", "userReviewDate": "2017-12-26", "userURL": "http://user.17k.com/57509126", "userReview": "<a target='_blank' href='http://www.17k.com/book/2682864.html'>\u300a\u5b66\u6e23\u4e0d\u6e23\u5957\u8def\u5b66\u9738\u300b</a>\u6765\u8bbf"}, {"userName": "\u677e\u54e5456982258", "userReviewDate": "2017-12-22", "userURL": "http://user.17k.com/45277965", "userReview": "\u5f88\u597d\u770b\uff0c\u70b9\u8d5e\u4e00\u4e2a\u5427\uff01"}, {"userName": "\u4e1c\u5382\u67ad\u96c4", "userReviewDate": "2017-12-17", "userURL": "http://user.17k.com/58053875", "userReview": "\u6211\u6b63\u5728\u8bfb17K\u5c0f\u8bf4\u7f51\u7684\u597d\u4e66<a target='_blank' href='http://www.17k.com/book/2727306.html'>\u300a\u5929\u8eaf\u300b</a>\uff0c\u8d85\u7ed9\u529b~\u72d7\u8840\u5267\u60c5\uff01\u5e7d\u9ed8\u7b14\u98ce\uff01\u76d7\u5893\u7687\u9675\uff01\u7384\u5e7b\u5185\u5bb9\uff01\u5c3d\u5728\u5176\u4e2d\uff01"}], "description": "\u9634\u95f4\u7684\u6848\u5b50\u6709\u9b3c\u5dee\u7ba1\u3002\u3000\u3000\u9633\u95f4\u7684\u6848\u5b50\u7531\u8b66\u5bdf\u7ba1\u3002\u3000\u3000\u800c\u9634\u9633\u4ea4\u754c\u7684\u6848\u5b50\u5f52\u6211\u7ba1\u3002\u3000\u3000\u6211\u53eb\u539f\u91ce\uff0c\u662f\u9634\u9633\u8def\u6d3e\u51fa\u6240\uff0c\u4e09\u53f7\u9b3c\u533a\u7684\u4e00\u540d\u7247\u8b66\u3002\u3000\u3000\u9b3c\u533a\u91cc\u4eba\u9b3c\u6df7\u5c45\u3002\u3000\u3000\u6211\u89c1\u8fc7\u6700\u51f6\u6b8b\u7684\u6d3b\u4eba\uff0c\u4e5f\u89c1\u8fc7\u6700\u5584\u826f\u7684\u51a4\u9b42\u3002\u3000\u3000\u6211\u770b\u8fc7\u6700\u60e8\u4e0d\u5fcd\u7779\u7684\u6848\u53d1\u73b0\u573a\uff0c\u4e5f\u542c\u8fc7\u6700\u6251\u6714\u8ff7\u79bb\u7684\u8c0b\u6740\u6848\u60c5\u3002\u3000\u3000\u9b3c\u6740\u4eba\uff0c\u4eba\u5403\u9b3c\u3002\u3000\u3000\u5728\u9b3c\u533a\u91cc\uff0c\u65e0\u5947\u4e0d\u6709\u3002\u3000\u3000\u800c\u6211\u552f\u4e00\u9700\u8981\u5f04\u6e05\u695a\u7684\u662f\u3002\u3000\u3000\u5230\u5e95\u662f\u8c01\u53c8\u6740\u4e86\u8c01\uff1f\u3000\u3000\u4e0d\u7ba1\u51f6\u624b\u548c\u53d7\u5bb3\u8005\uff0c\u5404\u81ea\u662f\u4eba\u8fd8\u662f\u2026\u2026\u9b3c\u3002", "title": "\u8be1\u6848\u5b9e\u5f55", "url": "http://www.17k.com/book/2199900.html", "average": -1.0, "cover": "http://img.17k.com/images/bookcover/2016/10999/54/2199900-1478759924000.jpg", "reviews": 1112360, "authors": [{"url": "http://www.17k.com/zuozhe/50639146", "name": "\u4e5d\u6cc9\u4e4b\u4e0a"}], "type": ["\u7075\u5f02\u5947\u8c08"], "outlinks": ["http://www.17k.com/book/2794982.html", "http://www.17k.com/book/2801292.html", "http://www.17k.com/book/2816318.html", "http://www.17k.com/book/2797575.html", "http://www.17k.com/book/2802516.html", "http://www.17k.com/book/2812195.html", "http://www.17k.com/book/2820143.html", "http://www.17k.com/book/2807943.html", "http://www.17k.com/book/2813457.html", "http://www.17k.com/book/2798058.html", "http://www.17k.com/book/2815617.html", "http://www.17k.com/book/2805259.html", "http://www.17k.com/book/2760255.html", "http://www.17k.com/book/2686894.html", "http://www.17k.com/book/2797016.html", "http://www.17k.com/book/2767246.html", "http://www.17k.com/book/2764239.html", "http://www.17k.com/book/2754498.html", "http://www.17k.com/book/2754900.html", "http://www.17k.com/book/2625740.html", "http://www.17k.com/book/2213315.html", "http://www.17k.com/book/2402178.html", "http://www.17k.com/book/2691221.html", "http://www.17k.com/book/2210699.html", "http://www.17k.com/book/1797752.html", "http://www.17k.com/book/2575507.html", "http://www.17k.com/book/2705181.html", "http://www.17k.com/book/2702539.html", "http://www.17k.com/book/2474887.html", "http://www.17k.com/book/2674733.html", "http://www.17k.com/book/2822076.html", "http://www.17k.com/book/2809894.html", "http://www.17k.com/book/2822077.html", "http://www.17k.com/book/2811930.html", "http://www.17k.com/book/2815548.html", "http://www.17k.com/book/2819620.html", "http://www.17k.com/book/2809964.html", "http://www.17k.com/book/2808200.html", "http://www.17k.com/book/2820100.html", "http://www.17k.com/book/2822978.html", "http://www.17k.com/book/2804337.html", "http://www.17k.com/book/2798814.html", "http://www.17k.com/book/2785153.html", "http://www.17k.com/book/2731559.html", "http://www.17k.com/book/2722533.html", "http://www.17k.com/book/2458377.html", "http://www.17k.com/book/2743300.html", "http://www.17k.com/book/973809.html", "http://www.17k.com/book/2651367.html", "http://www.17k.com/book/2726194.html", "http://www.17k.com/book/2790214.html", "http://www.17k.com/book/493239.html", "http://www.17k.com/book/108821.html", "http://www.17k.com/book/1398783.html", "http://www.17k.com/book/83528.html", "http://www.17k.com/book/1859126.html", "http://www.17k.com/book/1741975.html", "http://www.17k.com/book/192453.html", "http://www.17k.com/book/2459058.html", "http://www.17k.com/book/1050747.html", "http://www.17k.com/book/2700315.html", "http://www.17k.com/book/2818940.html", "http://www.17k.com/book/2819519.html", "http://www.17k.com/book/2816390.html", "http://www.17k.com/book/2819588.html", "http://www.17k.com/book/2813768.html", "http://www.17k.com/book/2822406.html", "http://www.17k.com/book/2772164.html", "http://www.17k.com/book/2784023.html", "http://www.17k.com/book/2811877.html", "http://www.17k.com/book/2809119.html", "http://www.17k.com/book/2803700.html", "http://www.17k.com/book/2819561.html", "http://www.17k.com/book/2746506.html", "http://www.17k.com/book/2811836.html", "http://www.17k.com/book/2614810.html", "http://www.17k.com/book/1592435.html", "http://www.17k.com/book/1949748.html", "http://www.17k.com/book/2265802.html", "http://www.17k.com/book/2743240.html", "http://www.17k.com/book/2657437.html", "http://www.17k.com/book/2644502.html", "http://www.17k.com/book/2199900.html", "http://www.17k.com/book/2725436.html", "http://www.17k.com/book/2629978.html"]}