{"ratings": -1, "userreviews": [{"userName": "\u4eb2\u4eb2\u5b9d\u8d1d367395688", "userReviewDate": "2018-03-23", "userURL": "http://user.17k.com/60505731", "userReview": "[\u6253\u8d4f]\u6211\u6253\u8d4f\u4e862\u5143\u7ea2\u5305\uff01\uff01"}, {"userName": "17K\u4e66\u53cbmlhbko6r", "userReviewDate": "2018-05-29", "userURL": "http://user.17k.com/61703800", "userReview": "\uff1f\uff1f\uff1f\uff1f\uff1f"}, {"userName": "\u6708\u843d\u68a6\u8ffd\u5fc6", "userReviewDate": "2018-05-27", "userURL": "http://user.17k.com/57478135", "userReview": "\u8bf7\u6536\u8ffd\u5fc6\u4e00\u8bb0\u819d\u76d6"}, {"userName": "\u96ea\u513f\u98d8\u98d8746615622", "userReviewDate": "2018-05-21", "userURL": "http://user.17k.com/62013664", "userReview": "@@@\u042e\u4e0d\u5931\u521d\u5fc3\u300f&nbsp;&nbsp; \u4f60\u597d\u6211\u6709\u4e8b\u80fd\u52a0\u4e2aQQ\u5417"}, {"userName": "\u96ea\u513f\u98d8\u98d8746615622", "userReviewDate": "2018-05-21", "userURL": "http://user.17k.com/62013664", "userReview": "@\u042e\u4e0d\u5931\u521d\u5fc3\u4f60\u597d\u6211\u60f3\u8054\u7cfb\u4f60\u80fd\u52a0\u4e2aQQ\u5417"}, {"userName": "\u67cf\u5f64844970859", "userReviewDate": "2018-05-16", "userURL": "http://user.17k.com/60600874", "userReview": "[\u6253\u8d4f]\u6211\u6253\u8d4f\u4e861\u5143\u7ea2\u5305\uff01\uff01"}, {"userName": "17K\u4e66\u53cb8jo2u4g3", "userReviewDate": "2018-05-15", "userURL": "http://user.17k.com/61776731", "userReview": "\u6211\u592a\u559c\u6b22\u4e86"}, {"userName": "17K\u4e66\u53cbLJESOO7Z", "userReviewDate": "2018-05-15", "userURL": "http://user.17k.com/56485116", "userReview": "\u90fd\u662f\u4ec0\u4e48\u4eba\u554a"}, {"userName": "\u5468\u5bb6\u5c0f\u59d0\u59d0", "userReviewDate": "2018-04-14", "userURL": "http://user.17k.com/59004807", "userReview": "\u5c0f\u65b0\u4eba\u521d\u6b21\u62dc\u8bbf\uff0c\u8bf7\u591a\u591a\u6307\u6559\uff0c\u5df2\u6536\u85cf\u5566\uff5e"}, {"userName": "17K\u4e66\u53cb8S3Z7O7M", "userReviewDate": "2018-03-31", "userURL": "http://user.17k.com/60036671", "userReview": "\u771f\u7684\u8d85\u7ea7\u597d\u770b"}, {"userName": "\u5c0f\u96ea654189234", "userReviewDate": "2018-03-29", "userURL": "http://user.17k.com/60313648", "userReview": "[\u6253\u8d4f]\u6211\u6253\u8d4f\u4e862\u5143\u7ea2\u5305\uff01\uff01"}, {"userName": "\u55b5\u54aa\u54aa\u7684\u4e16\u754c", "userReviewDate": "2018-03-20", "userURL": "http://user.17k.com/59503202", "userReview": "<span style='color:red'>\u5f88\u597d\u542c</span>"}, {"userName": "A\u661f\u661f\u70b9\u706f", "userReviewDate": "2018-03-19", "userURL": "http://user.17k.com/55972875", "userReview": "2018\u63a8\u8350\u4e00\u672c\u597d\u770b\u7684\u4e66<a target='_blank' href='http://www.17k.com/book/2728167.html'>\u300a\u6211\u548c\u5996\u517d\u6709\u4e2a\u7ea6\u4f1a\u300b</a>\uff0c\u60ca\u9669\u523a\u6fc0\uff0c\u6d6a\u6f2b\u6ee1\u5c4b\uff0c\u70ed\u8840\u683c\u6597\uff0c\u751f\u6b7b\u7231\u604b\uff0c\u6696\u6627\u4e0d\u65ad\uff0c\u5929\u5929\u66f4\u65b0\uff0c\u8bf7\u591a\u5173\u7167\uff0c\u6765\u4e2a\u6536\u85cf\u554a!\uff0c\u70b9\u51fb\u4e66\u540d\u5c31\u53ef\u4ee5\u770b\u5230\u4e66\u4e86\u3002"}, {"userName": "\u51c9\u68a6\u5c0f\u897f", "userReviewDate": "2018-03-18", "userURL": "http://user.17k.com/60302244", "userReview": "\u65e9\u4e0a\u597d\uff0c\u5927\u5927\u597d\u597d\u52a0\u6cb9\u3002\u521d\u4f5c\uff0c\u8bf7\u591a\u591a\u652f\u6301"}, {"userName": "\u7136\u6bd5\u590f", "userReviewDate": "2018-03-17", "userURL": "http://user.17k.com/43601038", "userReview": "\u4e2d\u4e8c\u590f\u6c90\u643a\u513f\u5b50<a target='_blank' href='http://www.17k.com/book/2787005.html'>\u300a\u517b\u4e2a\u5f92\u5f1f\u5f53\u592b\u541b\u300b</a>\u6765\u5566\uff01"}, {"userName": "A\u661f\u661f\u70b9\u706f", "userReviewDate": "2018-03-16", "userURL": "http://user.17k.com/55972875", "userReview": "\u597d\u4e66\u9700\u8981\u63a8\u5e7f\uff0c\u6b63\u80fd\u91cf!2018\u63a8\u8350\u4e00\u672c\u597d\u770b\u7684\u4e66<a target='_blank' href='http://www.17k.com/book/2551937.html'>\u300a\u8d85\u65b0\u4eba\u300b</a>\uff0c\u60ca\u9669\u523a\u6fc0\uff0c\u6d6a\u6f2b\u6ee1\u5c4b\uff0c\u70ed\u8840\u683c\u6597\uff0c\u751f\u6b7b\u7231\u604b\uff0c\u6696\u6627\u4e0d\u65ad\uff0c\u5929\u5929\u66f4\u65b0\uff0c\u8bf7\u591a\u5173\u7167\uff0c\u6765\u4e2a\u6536\u85cf\u554a!\uff0c\u70b9\u51fb\u4e66\u540d\u5c31\u53ef\u4ee5\u770b\u5230\u4e66\u4e86\u3002"}, {"userName": "\u591c\u9b45\u661f\u8fb0\u672c\u5c0a", "userReviewDate": "2018-03-15", "userURL": "http://user.17k.com/15601070", "userReview": "\u9c9c\u82b1\u9001\u4e0a\u3002\u3002\u3002\u3002\u52a0\u6cb9\u3002\u3002\u3002"}, {"userName": "\u50b2\u5a07\u9b3c459405462", "userReviewDate": "2018-03-14", "userURL": "http://user.17k.com/60120749", "userReview": "\u65b0\u4eba\u633d\u541b\u9752\u4e1d\u643a\u65b0\u4e66<a target='_blank' href='http://www.17k.com/book/2783347.html'>\u300a\u4e5d\u5dde\u6ce3\u51e4\u5f52\u300b</a>\u6765\u8d3a\u4e86[\u73ab\u7470]\u8bf7\u5927\u5bb6\u591a\u591a\u6307\u6559[\u574f\u7b11]"}, {"userName": "\u6de1\u7b11\u770b\u4eba\u751f", "userReviewDate": "2018-03-13", "userURL": "http://user.17k.com/45473276", "userReview": "<a target='_blank' href='http://www.17k.com/book/1728734.html'>\u300a\u8d5a\u94b1\u8bb0\u300b</a>\u795d\u5927\u5927\u4f5c\u54c1\u5982\u5c71\u6da7\u6e05\u723d\u7684\u98ce\uff0c\u54c1\u8005\u5fc3\u65f7\u795e\u6021\u3002"}, {"userName": "Abc\u5148\u751f\u5440", "userReviewDate": "2018-03-13", "userURL": "http://user.17k.com/60367900", "userReview": "\u7ed9\u5927\u5bb6\u63a8\u8350\u4e00\u672c\u7384\u5e7b\u7c7b\u7684\u597d\u4e66<a target='_blank' href='http://www.17k.com/book/2792128.html'>\u300a\u566c\u9b54\u6212\u300b</a>\uff0c\u6bcf\u5929\u66f4\u65b0\u54e6\uff01"}], "description": "\u65f6\u5b97\u5cb3\u88ab\u8feb\u5a36\u4e86\u7ea2\u73ab\u7470\uff0c\u7b7e\u4e0b\u4e86\u4e3a\u671f\u4e00\u5e74\u7684\u201c\u5356\u8eab\u5951\u201d\u3002\u3000\u3000\u5728\u4ed6\u7684\u5370\u8c61\u4e2d\uff0c\u53f6\u8f7b\u821f\u5c31\u662f\u4e00\u4e2a\u539a\u989c\u65e0\u803b\u7684\uff0c\u7f20\u7740\u4ed6\uff0c\u9ecf\u7740\u4ed6\uff0c\u5f3a\u4e70\u5f3a\u5356\u7684\u5ac1\u7ed9\u4e86\u4ed6\u3002\u3000\u3000\u65f6\u5b97\u5cb3\u4ee5\u4e3a\uff0c\u65e0\u9700\u65f6\u95f4\u9a8c\u8bc1\uff0c\u5979\u6ce8\u5b9a\u662f\u5899\u4e0a\u7684\u90a3\u62b9\u868a\u5b50\u8840\u3002\u3000\u3000\u4f46\u662f\u6ca1\u6709\u60f3\u5230\uff0c\u5979\u5728\u4ed6\u5fc3\u91cc\u7684\u5206\u91cf\u4e0e\u65e5\u4ff1\u589e\uff0c\u6700\u7ec8\u6210\u4e3a\u4e86\u4ed6\u5fc3\u53e3\u4e0a\u7684\u4e00\u9897\u6731\u7802\u75e3\u3002", "title": "\u8bf1\u5a5a\u8bd5\u7231\uff1a\u603b\u88c1\u8001\u516c\u592a\u4f1a\u64a9", "url": "http://www.17k.com/book/2754552.html", "average": -1.0, "cover": "http://img.17k.com/images/bookcover/2018/13772/68/2754552-1515663233000.jpg", "reviews": 91517, "authors": [{"url": "http://www.17k.com/zuozhe/59275840", "name": "miss\u55b5\u5927\u4eba"}], "type": ["\u603b\u88c1\u8c6a\u95e8"], "outlinks": ["http://www.17k.com/book/2794982.html", "http://www.17k.com/book/2801292.html", "http://www.17k.com/book/2816318.html", "http://www.17k.com/book/2797575.html", "http://www.17k.com/book/2802516.html", "http://www.17k.com/book/2812195.html", "http://www.17k.com/book/2820143.html", "http://www.17k.com/book/2807943.html", "http://www.17k.com/book/2813457.html", "http://www.17k.com/book/2798058.html", "http://www.17k.com/book/2815617.html", "http://www.17k.com/book/2805259.html", "http://www.17k.com/book/2760255.html", "http://www.17k.com/book/2686894.html", "http://www.17k.com/book/2797016.html", "http://www.17k.com/book/2767246.html", "http://www.17k.com/book/2764239.html", "http://www.17k.com/book/2754498.html", "http://www.17k.com/book/2754900.html", "http://www.17k.com/book/2625740.html", "http://www.17k.com/book/2213315.html", "http://www.17k.com/book/2402178.html", "http://www.17k.com/book/2691221.html", "http://www.17k.com/book/2210699.html", "http://www.17k.com/book/1797752.html", "http://www.17k.com/book/2575507.html", "http://www.17k.com/book/2705181.html", "http://www.17k.com/book/2702539.html", "http://www.17k.com/book/2474887.html", "http://www.17k.com/book/2674733.html", "http://www.17k.com/book/2822076.html", "http://www.17k.com/book/2809894.html", "http://www.17k.com/book/2822077.html", "http://www.17k.com/book/2811930.html", "http://www.17k.com/book/2815548.html", "http://www.17k.com/book/2819620.html", "http://www.17k.com/book/2809964.html", "http://www.17k.com/book/2808200.html", "http://www.17k.com/book/2820100.html", "http://www.17k.com/book/2822978.html", "http://www.17k.com/book/2804337.html", "http://www.17k.com/book/2798814.html", "http://www.17k.com/book/2785153.html", "http://www.17k.com/book/2731559.html", "http://www.17k.com/book/2722533.html", "http://www.17k.com/book/2458377.html", "http://www.17k.com/book/2743300.html", "http://www.17k.com/book/973809.html", "http://www.17k.com/book/2651367.html", "http://www.17k.com/book/2726194.html", "http://www.17k.com/book/2790214.html", "http://www.17k.com/book/493239.html", "http://www.17k.com/book/108821.html", "http://www.17k.com/book/1398783.html", "http://www.17k.com/book/83528.html", "http://www.17k.com/book/1859126.html", "http://www.17k.com/book/1741975.html", "http://www.17k.com/book/192453.html", "http://www.17k.com/book/2459058.html", "http://www.17k.com/book/1050747.html", "http://www.17k.com/book/2700315.html", "http://www.17k.com/book/2818940.html", "http://www.17k.com/book/2819519.html", "http://www.17k.com/book/2816390.html", "http://www.17k.com/book/2819588.html", "http://www.17k.com/book/2813768.html", "http://www.17k.com/book/2822406.html", "http://www.17k.com/book/2772164.html", "http://www.17k.com/book/2784023.html", "http://www.17k.com/book/2811877.html", "http://www.17k.com/book/2809119.html", "http://www.17k.com/book/2803700.html", "http://www.17k.com/book/2819561.html", "http://www.17k.com/book/2746506.html", "http://www.17k.com/book/2811836.html", "http://www.17k.com/book/2614810.html", "http://www.17k.com/book/1592435.html", "http://www.17k.com/book/1949748.html", "http://www.17k.com/book/2265802.html", "http://www.17k.com/book/2743240.html", "http://www.17k.com/book/2657437.html", "http://www.17k.com/book/2644502.html", "http://www.17k.com/book/2199900.html", "http://www.17k.com/book/2725436.html", "http://www.17k.com/book/2629978.html"]}