{"ratings": -1, "userreviews": [{"userName": "17K\u4e66\u53cbAO0UNIFX", "userReviewDate": "2018-06-03", "userURL": "http://user.17k.com/58208577", "userReview": "\u4e0d\u9519\u4e0d\u9519\u4e0d\u9519"}, {"userName": "\u6267\u5ff5252918439", "userReviewDate": "2018-05-29", "userURL": "http://user.17k.com/62167650", "userReview": "\u6c42\u66f4\u65b0 \u6c42\u66f4\u65b0"}, {"userName": "Min109544649", "userReviewDate": "2018-05-26", "userURL": "http://user.17k.com/61364054", "userReview": "666666666"}, {"userName": "17K\u4e66\u53cbfgud1eu4", "userReviewDate": "2018-05-26", "userURL": "http://user.17k.com/62193701", "userReview": "\u8fd9\u672c\u4e66\u5f88\u597d"}, {"userName": "17K\u4e66\u53cbV61GO7ZC", "userReviewDate": "2018-05-11", "userURL": "http://user.17k.com/61600465", "userReview": "[\u6253\u8d4f]\u6211\u6253\u8d4f\u4e861\u5143\u7ea2\u5305\uff01\uff01"}, {"userName": "\u6866\u99a8\u6e1d", "userReviewDate": "2018-05-07", "userURL": "http://user.17k.com/37004252", "userReview": "[\u6253\u8d4f]\u6211\u6253\u8d4f\u4e861\u5143\u7ea2\u5305\uff01\uff01"}, {"userName": "\u8dc3\u9f99\u95e8\u7684\u9c7c", "userReviewDate": "2018-04-16", "userURL": "http://user.17k.com/38204384", "userReview": "\u5df2\u6295\u7968\uff0c\u5927\u5927\u52a0\u6cb9\uff01\uff01\uff01"}, {"userName": "\u6625\u5c71\u4e00\u6735", "userReviewDate": "2018-04-06", "userURL": "http://user.17k.com/44606259", "userReview": "\u795d\u9009\u62d4\u8d5b\u8131\u9896\u800c\u51fa\uff0c\u52a0\u6cb9\u3002"}, {"userName": "17K\u4e66\u53cbTDC52TH1", "userReviewDate": "2018-04-03", "userURL": "http://user.17k.com/59161711", "userReview": "[\u6253\u8d4f]\u6211\u6253\u8d4f\u4e862\u5143\u7ea2\u5305\uff01\uff01"}, {"userName": "\u574f\u5c0f\u5b50\u7684\u7eaf\u60c5", "userReviewDate": "2018-03-22", "userURL": "http://user.17k.com/60383691", "userReview": "<a target='_blank' href='http://www.17k.com/book/2798234.html'>\u300a\u90aa\u6027\u6b8b\u60c5\u300b</a>\u8e6d\u8e6d\u70ed\u5ea6\uff0c\u5927\u5927\u7b14\u4e0b\u5999\u7b14\u751f\u82b1\uff0c\u732e\u4e11\u4e86\u3002"}, {"userName": "\u7a7a\u8c37\u7559\u60c5", "userReviewDate": "2018-03-15", "userURL": "http://user.17k.com/45016341", "userReview": "<a target='_blank' href='http://www.17k.com/book/2790998.html'>\u300a\u9738\u9053\u4e13\u5c5e\u300b</a>\u6765\u8bbf\uff0c\u5927\u5927\u5199\u5f97\u5f88\u597d\uff0c\u5df2\u7ecf\u6536\u85cf\uff0c\u671f\u5f85\u56de\u8bbf\u548c\u6536\u85cf"}, {"userName": "17K\u4e66\u53cb3ilkvq5c", "userReviewDate": "2018-03-13", "userURL": "http://user.17k.com/60333800", "userReview": "<a target='_blank' href='http://www.17k.com/book/2790571.html'>\u300a\u8231\u5185\u773c\u300b</a>\u6765\u8fc7\uff0c\u5df2\u6536\u85cf\uff0c\u5927\u5927\u52a0\u6cb9"}, {"userName": "\u661f\u7a7a\u591c\u68a6\u58f9", "userReviewDate": "2018-03-10", "userURL": "http://user.17k.com/58116533", "userReview": "\u5927\u5927\u665a\u4e0a\u597d\uff0c\u6587\u6587\u8fd8\u662f\u4e0d\u9519\u554a\uff0c\u4f46\u9700\u8981\u6162\u6162\u5386\u7ec3\uff0c\u65b0\u4eba\u4e0d\u6613\uff0c\u8d35\u5728\u575a\u6301\uff0c\u6211\u4eec\u4e00\u8d77\u52aa\u529b\u5427\uff0c\u5e0c\u671b\u4f60\u518d\u63a5\u518d\u5389\uff0c\u52aa\u529b\u521b\u4f5c\u3002<a target='_blank' href='http://www.17k.com/book/2705953.html'>\u300a\u9b3c\u8ff9\u5bfb\u8e2a\u300b</a>\u62dc\u8bfb\u4f73\u4f5c\uff0c\u8bbf\u53cb\u770b\u4e66\uff0c\u5468\u672b\u6109\u5feb\uff0c\u7801\u5b57\u5feb\u4e50\u54e6\uff01\u52a0\u6cb9\u2196(^\u03c9^)\u2197\u840c\u840c\u54d2"}, {"userName": "\u6656\u3002184832109", "userReviewDate": "2018-03-08", "userURL": "http://user.17k.com/60320240", "userReview": "\u65b0\u4eba<a target='_blank' href='http://www.17k.com/book/2789596.html'>\u300a\u5316\u9b54\u8bdb\u5929\u300b</a>\u524d\u6765\u62dc\u8bbf\uff0c\u795d\u8d8a\u5199\u8d8a\u597d"}, {"userName": "\u4e00\u6735\u83dc\u5c0f\u8ff7\u59b9", "userReviewDate": "2018-03-04", "userURL": "http://user.17k.com/60172038", "userReview": "\u5e26<a target='_blank' href='http://www.17k.com/book/1233923.html'>\u300a\u6211\u548c\u5996\u602a\u7684\u604b\u7231\u4e4b\u65c5\u300b</a>\u524d\u6765\u62dc\u8bbf\u5927\u5927\u5566\u52a0\u6cb9\u2196(^\u03c9^)\u2197"}, {"userName": "\u591c\u9b45\u661f\u8fb0\u672c\u5c0a", "userReviewDate": "2018-03-04", "userURL": "http://user.17k.com/15601070", "userReview": "<span style='color:black'>\u665a\u4e0a\u597d\uff0c\u5927\u5927\uff0c\u6c99\u53d1</span>"}], "description": "\u4f20\u95fb\u5085\u603b\u4e0d\u559c\u6b22\u78c1\u6027\uff0c\u8d34\u8eab\u79d8\u4e66\u4ece\u6765\u90fd\u53ea\u6709\u96c4\u6027\uff0c\u751a\u81f3\u88ab\u6000\u7591\u6210\u4e86GAY\u3002\u3000\u3000\u5085\u603b\u662f\u8c01\uff1f\u90a3\u53ef\u662f\u96f7\u5dde\u7684\u5e1d\u738b\u5f0f\u4eba\u7269\uff0c\u7ffb\u624b\u4e91\uff0c\u8986\u624b\u96e8\u3002\u60f3\u722c\u5e8a\u7684\u5973\u4eba\u53ef\u4ee5\u7ed5\u96f7\u5dde\u5e02\u5341\u5708\uff0c\u5948\u4f55\u5374\u8fde\u4e2a\u8fd1\u8eab\u7684\u673a\u4f1a\u90fd\u6ca1\u6709\u3002\u3000\u3000\u4f46\u6ca1\u4eba\u77e5\u9053\uff0c\u5085\u603b\u9009\u4e86\u5904\u522b\u5c45\u85cf\u4e86\u91d1\u4e1d\u96c0\uff0c\u591c\u591c\u4e13\u5ba0\uff0c\u6bcf\u5929\u665a\u4e0a\u59ff\u52bf\u90fd\u4e0d\u5e26\u91cd\u7684\u3002\u3000\u3000\u201c\u6211\u8981\u79bb\u5a5a\u3002\u201d\u67d0\u5929\uff0c\u91d1\u4e1d\u96c0\u53cc\u817f\u6253\u98a4\u7684\u5f00\u59cb\u6297\u8bae\u3002\u3000\u3000\u7537\u4eba\u77b3\u5b54\u5fae\u6df1\uff0c\u4e00\u5f20\u5e05\u5230\u60e8\u7edd\u4eba\u5bf0\u7684\u4fca\u8138\u4e0a\u5982\u540c\u88ab\u8986\u76d6\u4e0a\u5bd2\u51b0\uff1a\u201c\u8c01\u7ed9\u4f60\u7684\u52c7\u6c14\uff1f\u201d\u3000\u3000\u4e00\u53e5\u8bdd\uff0c\u4fbf\u8ba9\u91d1\u4e1d\u96c0\u817f\u66f4\u98a4\u4e86\uff0c\u4f46\u4e3a\u4e86\u5979\u80fd\u591f\u6709\u6bcf\u5929\u4e0b\u5e8a\u7684\u673a\u4f1a\uff1a\u201c\u90a3\u6211\u8981\u5206\u623f\u7761\uff01\u201d\u3000\u3000\u201c\u54e6\uff0c\u90a3\u5148\u5582\u9971\u4e86\u6211\u518d\u8bf4\u3002\u201d\u7537\u4eba\u582a\u582a\u624d\u660e\u5374\u5c0f\u5973\u4eba\u7684\u610f\u601d\uff0c\u62ac\u624b\u4fbf\u5c06\u706f\u5173\u706d\uff0c\u201c\u7ee7\u7eed\u3002\u201d\u3000\u3000\u91d1\u4e1d\u96c0\uff1a\u201c\u2026\u2026\u201d\u3000\u3000\u5085\u603b\u8981\u662f\u5582\u7684\u9971\uff0c\u4f30\u8ba1\u6bcd\u732a\u90fd\u4f1a\u4e0a\u6811\u3002\u3000\u3000\u672c\u6587\u504f\u5ba0\uff0c\u5c0f\u8650\u5176\u4e2d\u3002\u7537\u5973\u4e3b\u8eab\u5fc3\u7686\u5e72\u51c0\u3002", "title": "\u8c6a\u95e8\u79d8\u5a5a\u5c0f\u65b0\u5a18", "url": "http://www.17k.com/book/2787621.html", "average": -1.0, "cover": "http://img.17k.com/images/bookcover/2018/13938/69/2787621-1521299732000.jpg", "reviews": 103698, "authors": [{"url": "http://www.17k.com/zuozhe/60243908", "name": "\u8f6f\u88f3"}], "type": ["\u603b\u88c1\u8c6a\u95e8"], "outlinks": ["http://www.17k.com/book/2794982.html", "http://www.17k.com/book/2801292.html", "http://www.17k.com/book/2816318.html", "http://www.17k.com/book/2797575.html", "http://www.17k.com/book/2802516.html", "http://www.17k.com/book/2812195.html", "http://www.17k.com/book/2820143.html", "http://www.17k.com/book/2807943.html", "http://www.17k.com/book/2813457.html", "http://www.17k.com/book/2798058.html", "http://www.17k.com/book/2815617.html", "http://www.17k.com/book/2805259.html", "http://www.17k.com/book/2760255.html", "http://www.17k.com/book/2686894.html", "http://www.17k.com/book/2797016.html", "http://www.17k.com/book/2767246.html", "http://www.17k.com/book/2764239.html", "http://www.17k.com/book/2754498.html", "http://www.17k.com/book/2754900.html", "http://www.17k.com/book/2625740.html", "http://www.17k.com/book/2213315.html", "http://www.17k.com/book/2402178.html", "http://www.17k.com/book/2691221.html", "http://www.17k.com/book/2210699.html", "http://www.17k.com/book/1797752.html", "http://www.17k.com/book/2575507.html", "http://www.17k.com/book/2705181.html", "http://www.17k.com/book/2702539.html", "http://www.17k.com/book/2474887.html", "http://www.17k.com/book/2674733.html", "http://www.17k.com/book/2822076.html", "http://www.17k.com/book/2809894.html", "http://www.17k.com/book/2822077.html", "http://www.17k.com/book/2811930.html", "http://www.17k.com/book/2815548.html", "http://www.17k.com/book/2819620.html", "http://www.17k.com/book/2809964.html", "http://www.17k.com/book/2808200.html", "http://www.17k.com/book/2820100.html", "http://www.17k.com/book/2822978.html", "http://www.17k.com/book/2804337.html", "http://www.17k.com/book/2798814.html", "http://www.17k.com/book/2785153.html", "http://www.17k.com/book/2731559.html", "http://www.17k.com/book/2722533.html", "http://www.17k.com/book/2458377.html", "http://www.17k.com/book/2743300.html", "http://www.17k.com/book/973809.html", "http://www.17k.com/book/2651367.html", "http://www.17k.com/book/2726194.html", "http://www.17k.com/book/2790214.html", "http://www.17k.com/book/493239.html", "http://www.17k.com/book/108821.html", "http://www.17k.com/book/1398783.html", "http://www.17k.com/book/83528.html", "http://www.17k.com/book/1859126.html", "http://www.17k.com/book/1741975.html", "http://www.17k.com/book/192453.html", "http://www.17k.com/book/2459058.html", "http://www.17k.com/book/1050747.html", "http://www.17k.com/book/2700315.html", "http://www.17k.com/book/2818940.html", "http://www.17k.com/book/2819519.html", "http://www.17k.com/book/2816390.html", "http://www.17k.com/book/2819588.html", "http://www.17k.com/book/2813768.html", "http://www.17k.com/book/2822406.html", "http://www.17k.com/book/2772164.html", "http://www.17k.com/book/2784023.html", "http://www.17k.com/book/2811877.html", "http://www.17k.com/book/2809119.html", "http://www.17k.com/book/2803700.html", "http://www.17k.com/book/2819561.html", "http://www.17k.com/book/2746506.html", "http://www.17k.com/book/2811836.html", "http://www.17k.com/book/2614810.html", "http://www.17k.com/book/1592435.html", "http://www.17k.com/book/1949748.html", "http://www.17k.com/book/2265802.html", "http://www.17k.com/book/2743240.html", "http://www.17k.com/book/2657437.html", "http://www.17k.com/book/2644502.html", "http://www.17k.com/book/2199900.html", "http://www.17k.com/book/2725436.html", "http://www.17k.com/book/2629978.html"]}