{"ratings": -1, "userreviews": [{"userName": "\u7b11\u7b11\u661f\u513f", "userReviewDate": "2018-03-22", "userURL": "http://user.17k.com/2606656", "userReview": "\u661f\u513f\u4e3a\u81ea\u5df1\u7684\u201c\u98de\u661f\u5e9c\u201d\u6253\u4e2a\u5e7f\u544a\uff1a\u98de\u661f\u5e9c\u662f\u661f\u513f\u521a\u521a\u521b\u5efa\u7684\u6838\u5fc3\u7fa4\uff0c\u4e5f\u53eb\u7ec8\u8eab\u94c1\u6746\u7fa4\uff0c\u4e5f\u662f\u6700\u9ad8\u798f\u5229\u7fa4\uff0c\u53ea\u8981\u661f\u513f\u8fd8\u5728\u7801\u5b57\uff0c\u672c\u7fa4\u6210\u5458\u5c31\u4f1a\u4eab\u53d7\u4e00\u5207\u798f\u5229\uff0c\u5305\u62ec\u4e4b\u540e\u53ef\u80fd\u51fa\u7248\u554a\u4ec0\u4e48\u7684\u4e00\u7c7b\uff0c\u76ee\u524d\u95e8\u69db150+\uff0c\u4e00\u6b21\u6027\u6253\u8d4f150+\u79c1\u804a\u6211\u9080\u8bf7\u8fdb\u7fa4\uff0c\u4e0d\u8981\u81ea\u5df1\u641c\u7d22\u52a0\u7fa4\uff0c\u90a3\u6837\u4e0d\u4f1a\u901a\u8fc7\uff0c\u8c22\u8c22\u914d\u5408\uff01\u4e00\u5207\u81ea\u613f\uff0c\u4e0d\u8981\u9a82\u4eba\uff01"}, {"userName": "\u7b49\u4e87\u65e7\u4eba", "userReviewDate": "2017-11-29", "userURL": "http://user.17k.com/37613788", "userReview": "\u5927\u5bb6\u522b\u95ee\u4e86 \u672c\u4e66\u5df2\u7ecf\u88ab\u5c01\u4e86\uff0c\u7f51\u7ad9\u89e3\u5c01\u662f\u56e0\u4e3a\u661f\u513f\u534f\u5546\u4e86 \u5728\u8fd9\u91cc\u7ee7\u7eed\u4e0a\u4f20\u8346\u98de\u4e0e\u7f8e\u5973\u5e08\u5085\u7684\u756a\u5916"}, {"userName": "\u7b11\u7b11\u661f\u513f", "userReviewDate": "2014-07-14", "userURL": "http://user.17k.com/2606656", "userReview": "\u8bfb\u8005\u62a5\u540d\u5e16\uff1a \u8d8a\u65e9\u62a5\u540d\u7684\u8d8a\u65e9\u542f\u7528\uff0c\u672c\u4e66\u521a\u521a\u5f00\u5f20\uff0c\u76ee\u524d\u8fd8\u6709\u5f88\u591a\u526f\u4e3b\u89d2\u7684\u89d2\u8272\u6ca1\u51fa\uff0c\u4f1a\u4ece\u62a5\u540d\u4e2d\u5bfb\u627e\u5408\u9002\u7684\u526f\u4e3b\u89d2\u540d\u5b57\uff0c\u6293\u7d27\u4e86"}, {"userName": "\u5c0f\u677e\u541b", "userReviewDate": "2018-06-08", "userURL": "http://user.17k.com/54957511", "userReview": "[\u6253\u8d4f]\u6211\u6253\u8d4f\u4e861\u4e2a'\u5c0f\u5fc3\u5fc3'\uff01\uff01"}, {"userName": "The\u02c7\u4e0d\u7f81\u7684\u98ce", "userReviewDate": "2018-06-07", "userURL": "http://user.17k.com/62500839", "userReview": "\u4ec0\u4e48\u65f6\u5019\u66f4\u65b0\u554a"}, {"userName": "www.mdzz.com", "userReviewDate": "2018-06-07", "userURL": "http://user.17k.com/61146450", "userReview": "\u756a\u5916\u7bc7\u662f\u7ed3\u675f\u4e86\u5417"}, {"userName": "\u5cf0\u513f\u7684\u5b81\u53ef\u7231&#55356;&#57155;", "userReviewDate": "2018-06-07", "userURL": "http://user.17k.com/62597995", "userReview": "[\u6253\u8d4f]\u6211\u6253\u8d4f\u4e8630\u5143\u7ea2\u5305\uff01\uff01"}, {"userName": "17k\u4e66\u53cb4bhrlygfi", "userReviewDate": "2018-06-06", "userURL": "http://user.17k.com/62561968", "userReview": "[\u6253\u8d4f]\u6211\u6253\u8d4f\u4e8630\u5143\u7ea2\u5305\uff01\uff01"}, {"userName": "17k\u4e66\u53cbng391utzd", "userReviewDate": "2018-06-05", "userURL": "http://user.17k.com/62543404", "userReview": "[\u6253\u8d4f]\u6211\u6253\u8d4f\u4e8630\u5143\u7ea2\u5305\uff01\uff01"}, {"userName": "1\u957f\u4e50\u672a\u592e", "userReviewDate": "2018-06-05", "userURL": "http://user.17k.com/62510595", "userReview": "[\u6253\u8d4f]\u6211\u6253\u8d4f\u4e8630\u5143\u7ea2\u5305\uff01\uff01"}, {"userName": "\u6559\u7236\u5218", "userReviewDate": "2018-06-04", "userURL": "http://user.17k.com/62509092", "userReview": "[\u6253\u8d4f]\u6211\u6253\u8d4f\u4e8630\u5143\u7ea2\u5305\uff01\uff01"}, {"userName": "17k\u4e66\u53cbblerchfe5", "userReviewDate": "2018-06-04", "userURL": "http://user.17k.com/62507871", "userReview": "[\u6253\u8d4f]\u6211\u6253\u8d4f\u4e8630\u5143\u7ea2\u5305\uff01\uff01"}, {"userName": "17k\u4e66\u53cbxls67zaju", "userReviewDate": "2018-06-03", "userURL": "http://user.17k.com/62457266", "userReview": "[\u6253\u8d4f]\u6211\u6253\u8d4f\u4e861\u4e2a'\u9e21\u8840'\uff01\uff01"}, {"userName": "17k\u4e66\u53cb1t6aqu64i", "userReviewDate": "2018-05-31", "userURL": "http://user.17k.com/62378827", "userReview": "[\u6253\u8d4f]\u6211\u6253\u8d4f\u4e861\u5143\u7ea2\u5305\uff01\uff01"}, {"userName": "17k\u4e66\u53cbkyneyh3qm", "userReviewDate": "2018-05-31", "userURL": "http://user.17k.com/62378589", "userReview": "[\u6253\u8d4f]\u6211\u6253\u8d4f\u4e861\u4e2a'\u9e21\u8840'\uff01\uff01"}, {"userName": "151534****", "userReviewDate": "2018-05-29", "userURL": "http://user.17k.com/1916337", "userReview": "66666"}, {"userName": "151534****", "userReviewDate": "2018-05-29", "userURL": "http://user.17k.com/1916337", "userReview": "66666"}, {"userName": "AA XIAOZHAO", "userReviewDate": "2018-05-28", "userURL": "http://user.17k.com/62260183", "userReview": "\u4e3a\u4ec0\u4e48\u4e0d\u66f4\u65b0\u4e86\u5462\uff1f"}, {"userName": "Kan\u5c0f\u8bf4dwt", "userReviewDate": "2018-05-27", "userURL": "http://user.17k.com/62059869", "userReview": "[\u6253\u8d4f]\u6211\u6253\u8d4f\u4e868\u5143\u7ea2\u5305\uff01\uff01"}, {"userName": "\u5c18\u5f52\u5c18 \u571f\u5f52\u571f973402876", "userReviewDate": "2018-05-26", "userURL": "http://user.17k.com/55675639", "userReview": "\u5565\u610f\u601d\uff0c\u8fd9\u4e66\u5199\u4e0d\u4e0b\u53bb\u4e86\u5417"}], "description": "\u8eab\u4efd\u795e\u79d8\u7684\u96c7\u4f63\u5175\u738b\u6765\u5230\u90fd\u5e02\uff0c\u5c65\u884c\u7f8e\u5973\u5e08\u5085\u7ed9\u81ea\u5df1\u8ba2\u4e0b\u7684\u5a5a\u7ea6\uff0c\u5374\u88ab\u770b\u81ea\u5df1\u4e0d\u987a\u773c\u7684\u7f8e\u5973\u603b\u88c1\u8001\u5a46\u7ed9\u5b89\u6392\u6210\u4e00\u4e2a\u6700\u5e95\u5c42\u7684\u5c0f\u53f8\u673a\u3002\u3000\u3000\u4e14\u770b\u6700\u725b\u7684\u4f63\u5175\u738b\u8005\u5982\u4f55\u7eb5\u6a2a\u5728\u8fd9\u7e41\u534e\u90fd\u5e02\uff0c\u5236\u5b9a\u5c5e\u4e8e\u81ea\u5df1\u7684\u89c4\u5219\u2026\u2026\u3000\u3000***\u3000\u3000qq\u5343\u4eba\u7fa4\uff1a\u661f\u613f\u519b9[\u8d34\u8eab\u5175\u738b]572829723\u3000\u3000\u70ed\u70c8\u6b22\u8fce\u65b0\u8001\u8bfb\u8005\u8e0a\u8dc3\u53c2\u52a0\uff0c\u5e7f\u544a\u8005\u614e\u5165\uff01\u3000\u3000\u5fae\u4fe1\u516c\u4f17\u53f7\u540d\u79f0\uff1a\u7b11\u7b11\u661f\u513f\uff0c\u8fd8\u6ca1\u5173\u6ce8\u7684\u8bf7\u5173\u6ce8\u4e00\u4e0b\uff0c\u548c\u661f\u513f\u8fdb\u884c\u4e00\u5bf9\u4e00\u4ea4\u6d41\uff01", "title": "\u8d34\u8eab\u6218\u738b", "url": "http://www.17k.com/book/864061.html", "average": -1.0, "cover": "http://img.17k.com/images/bookcover/2014/4320/21/864061-1404874131000.jpg", "reviews": 239625301, "authors": [{"url": "http://www.17k.com/zuozhe/2606656", "name": "\u7b11\u7b11\u661f\u513f"}], "type": ["\u90fd\u5e02\u751f\u6d3b"], "outlinks": ["http://www.17k.com/book/2794982.html", "http://www.17k.com/book/2801292.html", "http://www.17k.com/book/2816318.html", "http://www.17k.com/book/2797575.html", "http://www.17k.com/book/2802516.html", "http://www.17k.com/book/2812195.html", "http://www.17k.com/book/2820143.html", "http://www.17k.com/book/2807943.html", "http://www.17k.com/book/2813457.html", "http://www.17k.com/book/2798058.html", "http://www.17k.com/book/2815617.html", "http://www.17k.com/book/2805259.html", "http://www.17k.com/book/2760255.html", "http://www.17k.com/book/2686894.html", "http://www.17k.com/book/2797016.html", "http://www.17k.com/book/2767246.html", "http://www.17k.com/book/2764239.html", "http://www.17k.com/book/2754498.html", "http://www.17k.com/book/2754900.html", "http://www.17k.com/book/2625740.html", "http://www.17k.com/book/2213315.html", "http://www.17k.com/book/2402178.html", "http://www.17k.com/book/2691221.html", "http://www.17k.com/book/2210699.html", "http://www.17k.com/book/1797752.html", "http://www.17k.com/book/2575507.html", "http://www.17k.com/book/2705181.html", "http://www.17k.com/book/2702539.html", "http://www.17k.com/book/2474887.html", "http://www.17k.com/book/2674733.html", "http://www.17k.com/book/2822076.html", "http://www.17k.com/book/2809894.html", "http://www.17k.com/book/2822077.html", "http://www.17k.com/book/2811930.html", "http://www.17k.com/book/2815548.html", "http://www.17k.com/book/2819620.html", "http://www.17k.com/book/2809964.html", "http://www.17k.com/book/2808200.html", "http://www.17k.com/book/2820100.html", "http://www.17k.com/book/2822978.html", "http://www.17k.com/book/2804337.html", "http://www.17k.com/book/2798814.html", "http://www.17k.com/book/2785153.html", "http://www.17k.com/book/2731559.html", "http://www.17k.com/book/2722533.html", "http://www.17k.com/book/2458377.html", "http://www.17k.com/book/2743300.html", "http://www.17k.com/book/973809.html", "http://www.17k.com/book/2651367.html", "http://www.17k.com/book/2726194.html", "http://www.17k.com/book/2790214.html", "http://www.17k.com/book/493239.html", "http://www.17k.com/book/108821.html", "http://www.17k.com/book/1398783.html", "http://www.17k.com/book/83528.html", "http://www.17k.com/book/1859126.html", "http://www.17k.com/book/1741975.html", "http://www.17k.com/book/192453.html", "http://www.17k.com/book/2459058.html", "http://www.17k.com/book/1050747.html", "http://www.17k.com/book/2700315.html", "http://www.17k.com/book/2818940.html", "http://www.17k.com/book/2819519.html", "http://www.17k.com/book/2816390.html", "http://www.17k.com/book/2819588.html", "http://www.17k.com/book/2813768.html", "http://www.17k.com/book/2822406.html", "http://www.17k.com/book/2772164.html", "http://www.17k.com/book/2784023.html", "http://www.17k.com/book/2811877.html", "http://www.17k.com/book/2809119.html", "http://www.17k.com/book/2803700.html", "http://www.17k.com/book/2819561.html", "http://www.17k.com/book/2746506.html", "http://www.17k.com/book/2811836.html", "http://www.17k.com/book/2614810.html", "http://www.17k.com/book/1592435.html", "http://www.17k.com/book/1949748.html", "http://www.17k.com/book/2265802.html", "http://www.17k.com/book/2743240.html", "http://www.17k.com/book/2657437.html", "http://www.17k.com/book/2644502.html", "http://www.17k.com/book/2199900.html", "http://www.17k.com/book/2725436.html", "http://www.17k.com/book/2629978.html"]}