{"ratings": -1, "userreviews": [{"userName": "\u4f5c\u5bb6\u5c0f\u52a9\u624b", "userReviewDate": "2018-05-23", "userURL": "http://user.17k.com/38528236", "userReview": "\u559c\u6b22\u72d0\u5996\u5c0f\u8bf4\u7684\u8bf7\u7ed9\u72d0\u8001\u5927\u4e00\u4e2a\u652f\u6301~\u4ee5\u4e0b\u662f\u6d3b\u52a8\u539f\u6587http://zhuanti.17k.com/subject/2018/nianhui/pc/hongbao.html#5\u670823\u201429\u65e5\u671f\u95f4\uff1a\u53d7\u9080\u5e74\u4f1a\u4f5c\u5bb6\u6240\u6536\u7ea2\u5305\u6253\u8d4f\u5168\u989d\u8fd4\u8fd8\u4f5c\u8005\u3002\uff08\u7f51\u7ad9\u4e0d\u53c2\u4e0e\u5206\u6210\uff09\u6d3b\u52a8\u5956\u54c1\u4f5c\u8005\u5956\u52b1\uff1a\u5e74\u4f1a\u671f\u95f4\u6240\u6709\u6253\u8d4f\u7ea2\u5305\u5168\u989d\u53d1\u653e\uff0c\u6d3b\u52a8\u524d10\u540d\u83b7\u5f97\u516d\u6708\u4efd\u5168\u7ad9banner\u56fe\u66dd\u5149\u4e00\u5468\u3002\u524d\u4e09\u540d\u83b7\u7279\u6b8a\u63a8\u5e7f\u4e00\u4e2a\u6708\uff0c\u65b0\u5a92\u4f53\u5916\u63a8\u5185\u63a8\u3002\u8bfb\u8005\u5956\u52b1\uff1a\u6d3b\u52a8\u671f\u95f4\u7d2f\u8ba1\u652f\u6301\u53c2\u4f1a\u4f5c\u8005\u7ea2\u53051000\u5143\u4ee5\u4e0a\uff0c\u5956\u52b1\u8bfb\u8005\u9f20\u6807\uff0c\u8033\u673a\uff0c\u952e\u76d8\uff0c\u5145\u7535\u5b9d\u4e4b\u4e00\uff1b500\u5143\u4ee5\u4e0a\u5956\u52b1\u8bfb\u8005\u62b1\u6795\uff0c\u5361\u5957\u5b9e\u7269\u4e4b\u4e00\uff1b200\u5143\u4ee5\u4e0a\u5747\u53ef\u4ee5\u83b7\u5f97\u5361\u5957\u4f5c\u5bb6\u672c\u4eba\u660e\u4fe1\u7247\u52a0\u4eb2\u7b14\u7b7e\u540d\u4ee5\u53ca\u5e74\u4f1a\u7eaa\u5ff5\u5956\u3002\u5907\u6ce8\uff1a\u83b7\u5956\u8bfb..."}, {"userName": "\u9752\u72d0\u5996", "userReviewDate": "2017-11-06", "userURL": "http://user.17k.com/3053931", "userReview": "\u65b0\u4e66\u5f00\u542f\uff0c\u6b22\u8fce\u5927\u5bb6\u8e0a\u8dc3\u7559\u8a00\uff0c\u611f\u8c22\u5927\u5bb6\u4e00\u5982\u65e2\u5f80\u7684\u652f\u6301\u3002\u672a\u6765\u7684\u65e5\u5b50\u91cc\uff0c\u8ba9\u8d34\u8eab\u6218\u9f99\u5e26\u7740\u6211\u4eec\u4e00\u8d77\u55e8\uff01"}, {"userName": "\u76fc\u76fc459693641", "userReviewDate": "2018-06-08", "userURL": "http://user.17k.com/60179430", "userReview": "11111"}, {"userName": "17K\u4e66\u53cbM7FXRNMO", "userReviewDate": "2018-06-08", "userURL": "http://user.17k.com/58441859", "userReview": "66666"}, {"userName": "\u7a7a\u7075\u5c71\u6c34", "userReviewDate": "2018-06-08", "userURL": "http://user.17k.com/47763416", "userReview": "666666"}, {"userName": "beitonggezhu", "userReviewDate": "2018-06-08", "userURL": "http://user.17k.com/35880028", "userReview": "\u5199\u7684\u5f88\u4e0d\u9519\u554a\uff01"}, {"userName": "dading511648445", "userReviewDate": "2018-06-08", "userURL": "http://user.17k.com/47532679", "userReview": "66666"}, {"userName": "\u60c5\u7cfb\u3001\u305c\u8840\u5203", "userReviewDate": "2018-06-08", "userURL": "http://user.17k.com/59794198", "userReview": "\u4e86\u6765\u54af\u54e6\u8def"}, {"userName": "\u61d3\u4f31\u3086\u3001\u50bb\u5c0f\u5b56", "userReviewDate": "2018-06-07", "userURL": "http://user.17k.com/60405001", "userReview": "6666666"}, {"userName": "*013447794", "userReviewDate": "2018-06-07", "userURL": "http://user.17k.com/60403877", "userReview": "666666"}, {"userName": "\u61d3\u4f31\u3086\u75af\u4e2b\u982d", "userReviewDate": "2018-06-07", "userURL": "http://user.17k.com/47547291", "userReview": "666666"}, {"userName": "\u92ab\u5db6\u7b11", "userReviewDate": "2018-06-07", "userURL": "http://user.17k.com/54435658", "userReview": "\u7ed9\u529b\u771f\u7ed9\u529b"}, {"userName": "\u5723\u9690\u5e1d\u5143", "userReviewDate": "2018-06-07", "userURL": "http://user.17k.com/57760595", "userReview": "\u7b7e\u5230\u652f\u6301\uff01"}, {"userName": "\u9f50\u660c\u7ea2", "userReviewDate": "2018-06-07", "userURL": "http://user.17k.com/48794799", "userReview": "\u529e\u5927\u4e8b\u2026\u2026\u548c\u5c0f\u6811\u5b8c\u6210\u771f\u6b63\u7684\u53cc\u4fee&#55357;&#56834;"}, {"userName": "\u76fc\u76fc459693641", "userReviewDate": "2018-06-07", "userURL": "http://user.17k.com/60179430", "userReview": "\u5927\u54e5\uff0c\u5565\u65f6\u5019\u7206\u53d1\u4e00\u4e0b\u554a"}, {"userName": "\u8033\u73af", "userReviewDate": "2018-06-07", "userURL": "http://user.17k.com/2256970", "userReview": "\u662f\u8c01\u662f\u8c01 \u719f\u4eba\u662f\u8c01"}, {"userName": "17K\u4e66\u53cbnyxnoe24", "userReviewDate": "2018-06-07", "userURL": "http://user.17k.com/59832393", "userReview": "\u4e0d\u4e8f\u53eb\u7384\u673a"}, {"userName": "\u7a7a\u7075\u5c71\u6c34", "userReviewDate": "2018-06-07", "userURL": "http://user.17k.com/47763416", "userReview": "666666"}, {"userName": "dading511648445", "userReviewDate": "2018-06-07", "userURL": "http://user.17k.com/47532679", "userReview": "66666"}, {"userName": "17K\u4e66\u53cbM7FXRNMO", "userReviewDate": "2018-06-07", "userURL": "http://user.17k.com/58441859", "userReview": "66666"}], "description": "\u5f3a\u529b\u8d34\u8eab\uff0c\u8212\u9002\u6e29\u99a8\uff1b\u9001\u4f60\u4e00\u4efd\u67d4\u8f6f\uff0c\u8ba9\u4f60\u611f\u53d7\u6e29\u6696\u2026\u2026\u6211\u662f\u8d34\u8eab\u4fdd\u9556\uff0c\u7ed9\u4f6024\u5c0f\u65f6\u5b8c\u7f8e\u5475\u62a4\uff01\u3000\u3000\u4e0b\u9762\u8bf4\u70b9\u4e0d\u6b63\u7ecf\u7684\u2014\u2014\u3000\u3000\u7eb5\u6a2a\u5927\u5343\u4e16\u754c\uff0c\u7ffb\u624b\u4e3a\u4e91\u8986\u624b\u96e8\uff1b\u3000\u3000\u6e38\u620f\u5341\u4e08\u7ea2\u5c18\uff0c\u7f8e\u4eba\u5982\u7389\u5251\u5982\u8679\u3002\u3000\u3000\u83ab\u9053\u75c5\u864e\u53ef\u6b3a\uff0c\u4e14\u770b\u72c2\u9f99\u518d\u8d77\uff01", "title": "\u8d34\u8eab\u6218\u9f99", "url": "http://www.17k.com/book/2711657.html", "average": -1.0, "cover": "http://img.17k.com/images/bookcover/2018/13558/67/2711657-1515144425000.jpg", "reviews": 2395320, "authors": [{"url": "http://www.17k.com/zuozhe/3053931", "name": "\u9752\u72d0\u5996"}], "type": ["\u70ed\u8840\u9752\u6625"], "outlinks": ["http://www.17k.com/book/2794982.html", "http://www.17k.com/book/2801292.html", "http://www.17k.com/book/2816318.html", "http://www.17k.com/book/2797575.html", "http://www.17k.com/book/2802516.html", "http://www.17k.com/book/2812195.html", "http://www.17k.com/book/2820143.html", "http://www.17k.com/book/2807943.html", "http://www.17k.com/book/2813457.html", "http://www.17k.com/book/2798058.html", "http://www.17k.com/book/2815617.html", "http://www.17k.com/book/2805259.html", "http://www.17k.com/book/2760255.html", "http://www.17k.com/book/2686894.html", "http://www.17k.com/book/2797016.html", "http://www.17k.com/book/2767246.html", "http://www.17k.com/book/2764239.html", "http://www.17k.com/book/2754498.html", "http://www.17k.com/book/2754900.html", "http://www.17k.com/book/2625740.html", "http://www.17k.com/book/2213315.html", "http://www.17k.com/book/2402178.html", "http://www.17k.com/book/2691221.html", "http://www.17k.com/book/2210699.html", "http://www.17k.com/book/1797752.html", "http://www.17k.com/book/2575507.html", "http://www.17k.com/book/2705181.html", "http://www.17k.com/book/2702539.html", "http://www.17k.com/book/2474887.html", "http://www.17k.com/book/2674733.html", "http://www.17k.com/book/2822076.html", "http://www.17k.com/book/2809894.html", "http://www.17k.com/book/2822077.html", "http://www.17k.com/book/2811930.html", "http://www.17k.com/book/2815548.html", "http://www.17k.com/book/2819620.html", "http://www.17k.com/book/2809964.html", "http://www.17k.com/book/2808200.html", "http://www.17k.com/book/2820100.html", "http://www.17k.com/book/2822978.html", "http://www.17k.com/book/2804337.html", "http://www.17k.com/book/2798814.html", "http://www.17k.com/book/2785153.html", "http://www.17k.com/book/2731559.html", "http://www.17k.com/book/2722533.html", "http://www.17k.com/book/2458377.html", "http://www.17k.com/book/2743300.html", "http://www.17k.com/book/973809.html", "http://www.17k.com/book/2651367.html", "http://www.17k.com/book/2726194.html", "http://www.17k.com/book/2790214.html", "http://www.17k.com/book/493239.html", "http://www.17k.com/book/108821.html", "http://www.17k.com/book/1398783.html", "http://www.17k.com/book/83528.html", "http://www.17k.com/book/1859126.html", "http://www.17k.com/book/1741975.html", "http://www.17k.com/book/192453.html", "http://www.17k.com/book/2459058.html", "http://www.17k.com/book/1050747.html", "http://www.17k.com/book/2700315.html", "http://www.17k.com/book/2818940.html", "http://www.17k.com/book/2819519.html", "http://www.17k.com/book/2816390.html", "http://www.17k.com/book/2819588.html", "http://www.17k.com/book/2813768.html", "http://www.17k.com/book/2822406.html", "http://www.17k.com/book/2772164.html", "http://www.17k.com/book/2784023.html", "http://www.17k.com/book/2811877.html", "http://www.17k.com/book/2809119.html", "http://www.17k.com/book/2803700.html", "http://www.17k.com/book/2819561.html", "http://www.17k.com/book/2746506.html", "http://www.17k.com/book/2811836.html", "http://www.17k.com/book/2614810.html", "http://www.17k.com/book/1592435.html", "http://www.17k.com/book/1949748.html", "http://www.17k.com/book/2265802.html", "http://www.17k.com/book/2743240.html", "http://www.17k.com/book/2657437.html", "http://www.17k.com/book/2644502.html", "http://www.17k.com/book/2199900.html", "http://www.17k.com/book/2725436.html", "http://www.17k.com/book/2629978.html"]}