{"ratings": -1, "userreviews": [{"userName": "\u7af9\u4e0b\u661f\u67f3", "userReviewDate": "2018-05-28", "userURL": "http://user.17k.com/56040077", "userReview": "\u652f\u6301\u5927\u5927\u65b0\u4f5c\uff01"}, {"userName": "\u6708\u843d\u68a6\u8ffd\u5fc6", "userReviewDate": "2018-05-27", "userURL": "http://user.17k.com/57478135", "userReview": "\u521d\u8bbf\u652f\u6301\uff0c\u8bf7\u6536\u8ffd\u5fc6\u4e00\u8bb0\u819d\u76d6"}, {"userName": "\u5fc3\u7075\u7684\u4ea7\u7269", "userReviewDate": "2018-05-25", "userURL": "http://user.17k.com/55479152", "userReview": "\u52a0\u6cb9"}, {"userName": "\u72c2\u60f3\u66f2\u5927\u7206\u70b8", "userReviewDate": "2018-05-17", "userURL": "http://user.17k.com/42844870", "userReview": "\u98d8\u6e3a\u7684\u5b64\u72ec\u524d\u6765\u62dc\u8bbf"}], "description": "\u60c5\u4eba\u6210\u7687\uff0c\u5979\u5374\u88ab\u505a\u6210\u4eba\u5f58\u6302\u5728\u57ce\u5899\u4e4b\u4e0a\uff0c\u4e00\u4e16\u9519\u7231\uff0c\u673a\u5173\u7b97\u5c3d\uff0c\u82cf\u9526\u60dc\u53ea\u843d\u5f97\u4e2a\u6ee1\u95e8\u6284\u65a9\uff0c\u5c38\u9aa8\u65e0\u5b58\u7684\u51c4\u5389\u4e0b\u573a\u3002\u72e0\u6bd2\u5ae1\u59d0\u5c06\u5979\u5bb9\u8c8c\u5c3d\u6bc1\uff0c\u4f2a\u5584\u95fa\u871c\u5c06\u5979\u4eb2\u513f\u89e3\u5256\uff0c\u91cd\u6d3b\u4e00\u4e16\uff0c\u5979\u4ece\u8349\u5305\u5e9f\u67f4\u53d8\u6210\u86c7\u874e\u6bd2\u5983\uff0c\u6709\u4ec7\u62a5\u4ec7\uff0c\u6709\u6028\u62a5\u6028\uff0c\u5927\u5a18\u4f2a\u5584\uff0c\u90a3\u5c31\u966a\u4f60\u6f14\u5230\u5e95\uff0c\u5ae1\u59d0\u6076\u6bd2\uff0c\u90a3\u5c31\u6bc1\u4e86\u4f60\u7684\u5bb9\u8c8c\u518d\u987a\u8def\u9001\u4f60\u89c1\u960e\u738b\uff0c\u6e23\u7537\u8179\u9ed1\uff0c\u632b\u9aa8\u626c\u7070\u4e4b\u540e\u8ba9\u4f60\u9ed1\u7684\u5f7b\u5e95\uff0c\u6b65\u6b65\u4e3a\u8425\uff0c\u5360\u5c3d\u5148\u673a\uff0c\u53ea\u662f\uff0c\u600e\u4e48\u4e00\u4e0d\u5c0f\u5fc3\u60f9\u4e86\u8fd9\u4e2a\u8179\u9ed1\u5c0f\u4faf\u7237\uff1f\u5979\u4e0b\u6bd2\uff0c\u4ed6\u706d\u8ff9\uff0c\u5979\u6253\u52ab\uff0c\u4ed6\u6316\u5751\uff0c\u5979\u8981\u5f31\u6c34\u4e09\u5343\uff0c\u4ed6\u53ea\u5e26\u4e00\u53ea\u74e2\uff0c\u60df\u4f60\u72ec\u5c0a\uff0c\u975e\u4f60\u4e0d\u53ef\u3002", "title": "\u8d35\u5973\u7ffb\u8eab\u6cd5\u5219", "url": "http://www.17k.com/book/2808712.html", "average": -1.0, "cover": "http://img.17k.com/images/bookcover/2018/14043/70/2808712-1525674428000.jpg", "reviews": 10855, "authors": [{"url": "http://www.17k.com/zuozhe/60989367", "name": "\u7476\u7476\u6905"}], "type": ["\u7a7f\u8d8a\u65f6\u7a7a"], "outlinks": ["http://www.17k.com/book/2794982.html", "http://www.17k.com/book/2801292.html", "http://www.17k.com/book/2816318.html", "http://www.17k.com/book/2797575.html", "http://www.17k.com/book/2802516.html", "http://www.17k.com/book/2812195.html", "http://www.17k.com/book/2820143.html", "http://www.17k.com/book/2807943.html", "http://www.17k.com/book/2813457.html", "http://www.17k.com/book/2798058.html", "http://www.17k.com/book/2815617.html", "http://www.17k.com/book/2805259.html", "http://www.17k.com/book/2760255.html", "http://www.17k.com/book/2686894.html", "http://www.17k.com/book/2797016.html", "http://www.17k.com/book/2767246.html", "http://www.17k.com/book/2764239.html", "http://www.17k.com/book/2754498.html", "http://www.17k.com/book/2754900.html", "http://www.17k.com/book/2625740.html", "http://www.17k.com/book/2213315.html", "http://www.17k.com/book/2402178.html", "http://www.17k.com/book/2691221.html", "http://www.17k.com/book/2210699.html", "http://www.17k.com/book/1797752.html", "http://www.17k.com/book/2575507.html", "http://www.17k.com/book/2705181.html", "http://www.17k.com/book/2702539.html", "http://www.17k.com/book/2474887.html", "http://www.17k.com/book/2674733.html", "http://www.17k.com/book/2822076.html", "http://www.17k.com/book/2809894.html", "http://www.17k.com/book/2822077.html", "http://www.17k.com/book/2811930.html", "http://www.17k.com/book/2815548.html", "http://www.17k.com/book/2819620.html", "http://www.17k.com/book/2809964.html", "http://www.17k.com/book/2808200.html", "http://www.17k.com/book/2820100.html", "http://www.17k.com/book/2822978.html", "http://www.17k.com/book/2804337.html", "http://www.17k.com/book/2798814.html", "http://www.17k.com/book/2785153.html", "http://www.17k.com/book/2731559.html", "http://www.17k.com/book/2722533.html", "http://www.17k.com/book/2458377.html", "http://www.17k.com/book/2743300.html", "http://www.17k.com/book/973809.html", "http://www.17k.com/book/2651367.html", "http://www.17k.com/book/2726194.html", "http://www.17k.com/book/2790214.html", "http://www.17k.com/book/493239.html", "http://www.17k.com/book/108821.html", "http://www.17k.com/book/1398783.html", "http://www.17k.com/book/83528.html", "http://www.17k.com/book/1859126.html", "http://www.17k.com/book/1741975.html", "http://www.17k.com/book/192453.html", "http://www.17k.com/book/2459058.html", "http://www.17k.com/book/1050747.html", "http://www.17k.com/book/2700315.html", "http://www.17k.com/book/2818940.html", "http://www.17k.com/book/2819519.html", "http://www.17k.com/book/2816390.html", "http://www.17k.com/book/2819588.html", "http://www.17k.com/book/2813768.html", "http://www.17k.com/book/2822406.html", "http://www.17k.com/book/2772164.html", "http://www.17k.com/book/2784023.html", "http://www.17k.com/book/2811877.html", "http://www.17k.com/book/2809119.html", "http://www.17k.com/book/2803700.html", "http://www.17k.com/book/2819561.html", "http://www.17k.com/book/2746506.html", "http://www.17k.com/book/2811836.html", "http://www.17k.com/book/2614810.html", "http://www.17k.com/book/1592435.html", "http://www.17k.com/book/1949748.html", "http://www.17k.com/book/2265802.html", "http://www.17k.com/book/2743240.html", "http://www.17k.com/book/2657437.html", "http://www.17k.com/book/2644502.html", "http://www.17k.com/book/2199900.html", "http://www.17k.com/book/2725436.html", "http://www.17k.com/book/2629978.html"]}