{"ratings": -1, "userreviews": [{"userName": "\u6d41\u838e890949189", "userReviewDate": "2018-06-07", "userURL": "http://user.17k.com/62606369", "userReview": "[\u6253\u8d4f]\u6211\u6253\u8d4f\u4e868\u5143\u7ea2\u5305\uff01\uff01"}, {"userName": "\u8700\u5973", "userReviewDate": "2018-06-07", "userURL": "http://user.17k.com/54198756", "userReview": "[\u6253\u8d4f]\u6211\u6253\u8d4f\u4e8610\u5143\u7ea2\u5305\uff01\uff01"}, {"userName": "\u5b78b\u016b\u6703\u83a3\u8a18352196641", "userReviewDate": "2018-04-15", "userURL": "http://user.17k.com/61063884", "userReview": "[\u6253\u8d4f]\u6211\u6253\u8d4f\u4e861\u4e2a'\u5c0f\u5fc3\u5fc3'\uff01\uff01"}, {"userName": "\u963f\u66ae\u5b8c\u4facmumu", "userReviewDate": "2017-10-03", "userURL": "http://user.17k.com/57093862", "userReview": "<a target='_blank' href='http://www.17k.com/book/2645447.html'>\u300a\u51b7\u66ae\u4e03\u6708\u300b</a>\u6765\u8bbf\uff0c\u52a0\u6cb9\u652f\u6301\u54e6\uff01\u5047\u65e5\u6109\u5feb\uff01"}, {"userName": "\u91ce\u8349\u8981\u7761", "userReviewDate": "2017-09-18", "userURL": "http://user.17k.com/55693730", "userReview": "\u91ce\u8349\u643a<a target='_blank' href='http://www.17k.com/book/2655744.html'>\u300a\u5973\u795e\u98ce\u4e91\u300b</a>\u524d\u6765\u652f\u6301\u5927\u5927\u7684\u540d\u4f5c\uff0c\u5927\u5927\u7684\u6c34\u5e73\u8d8a\u6765\u8d8a\u9ad8\u4e86\uff0c\u540c\u4e00\u4e2a\u9891\u9053\uff0c\u8d5e\u4e00\u4e0b\u4e0b\u3002"}, {"userName": "\u5f20\u5fd7\u94b1888", "userReviewDate": "2017-09-15", "userURL": "http://user.17k.com/30156614", "userReview": "<a target='_blank' href='http://www.17k.com/book/2555535.html'>\u300a\u767d\u9aa8\u7cbe\u524d\u4f20\u300b</a>\u6765\u8bbf\uff0c\u4e00\u6735\u9c9c\u82b1\uff0c\u4e00\u4e2a\u6536\u85cf\uff0c\u804a\u8868\u5fc3\u610f\u3001"}, {"userName": "\u60c5\u4e45\u53ef\u4e5000", "userReviewDate": "2017-09-10", "userURL": "http://user.17k.com/57062831", "userReview": "<a target='_blank' href='http://www.17k.com/book/2638052.html'>\u300a\u6297\u65e5\u7eff\u6797\u519b\u300b</a>\u524d\u6765\u62dc\u8bbf\uff01\u6c42\u56de\u8bbf\uff0c\u6c42\u4e92\u85cf\uff0c\u6c42\u70b9\u51fb\u3002"}, {"userName": "\u5982\u521d\u89c1Q", "userReviewDate": "2017-08-23", "userURL": "http://user.17k.com/57057689", "userReview": "[\u6253\u8d4f]\u6211\u6253\u8d4f\u4e868\u5143\u7ea2\u5305\uff01\uff01"}, {"userName": "\u7075\u513f8888", "userReviewDate": "2017-08-20", "userURL": "http://user.17k.com/55292375", "userReview": "\u5927\u5927\u52a0\u6cb9\uff01\u6536\u85cf\u5148 !"}, {"userName": "\u590f\u9e8b", "userReviewDate": "2017-08-14", "userURL": "http://user.17k.com/56737194", "userReview": "<span style='color:red'><a target='_blank' href='http://www.17k.com/book/2622425.html'>\u300a\u6843\u82b1\u52ab\uff1a\u7f18\u76f8\u7ea6\u300b</a>@\u590f\u9e8b\u6765\u8bbf\uff0c\u65b0\u5f00\u7684\u5751\uff0c\u5927\u5bb6\u591a\u591a\u652f\u6301\uff01</span>"}, {"userName": "\u6000\u4e2d\u732b.878612042", "userReviewDate": "2017-08-09", "userURL": "http://user.17k.com/56342491", "userReview": "\u4e00\u4e2a\u5c0f\u4f5c\u54c1\u6765\u6253\u4e2a\u5e7f\u544a\uff0c\u6211\u7684<a target='_blank' href='http://www.17k.com/book/2578303.html'>\u300a\u8ff7\u96fe\u4e4b\u4e0a\u300b</a>\uff0c\u5e0c\u671b\u5927\u5bb6\u6765\u591a\u63d0\u610f\u89c1\u3002[\u53ef\u7231]"}, {"userName": "\u73ca\u73ca\u6765\u8fdf\u601d\u6155", "userReviewDate": "2017-08-09", "userURL": "http://user.17k.com/56804692", "userReview": "<a target='_blank' href='http://www.17k.com/book/2616519.html'>\u300a\u8bdb\u5fc3\u4e4b\u5929\u547d\u5c18\u7f18\u300b</a>\u524d\u6765\u62dc\u8bbf\uff0c\u65b0\u4e66\u521a\u5f00\uff0c\u8bf7\u591a\u591a\u6307\u70b9\u3002"}, {"userName": "\u67e0\u6aac\u5473\u6c34\u679c\u7cd6", "userReviewDate": "2017-08-07", "userURL": "http://user.17k.com/24904064", "userReview": "\u65b0\u4eba\u67e0\u6aac\u643a<a target='_blank' href='http://www.17k.com/book/2408410.html'>\u300a\u5343\u676f\u9189\u300b</a>\u6765\u8bbf\uff0c\u5e0c\u671b\u5927\u5927\u8d8a\u5199\u8d8a\u597d~\u52a0\u6cb9\uff01\uff01"}, {"userName": "\u542c\u98ce\u8bf4\u68a62017", "userReviewDate": "2017-08-05", "userURL": "http://user.17k.com/56351327", "userReview": "<a target='_blank' href='http://www.17k.com/book/2578838.html'>\u300a\u52ab\u795e\u5929\u4e0b\u300b</a>\u6765\u8bbf\u3002\u6587\u7ae0\u4e0d\u9519\uff0c\u65e9\u65e5\u6210\u795e\u3002\u4e00\u8d77\u52a0\u6cb9\uff01\u4e92\u76f8\u652f\u6301\uff01\u671b\u56de\u8bbf\u6536\u85cf\uff01\u52a0\u6cb9\uff01"}, {"userName": "\u542c\u98ce\u8bf4\u68a62017", "userReviewDate": "2017-08-05", "userURL": "http://user.17k.com/56351327", "userReview": "<a target='_blank' href='http://www.17k.com/book/2578838.html'>\u300a\u52ab\u795e\u5929\u4e0b\u300b</a>\u6765\u8bbf\u3002\u6587\u7ae0\u4e0d\u9519\uff0c\u65e9\u65e5\u6210\u795e\u3002\u4e00\u8d77\u52a0\u6cb9\uff01\u4e92\u76f8\u652f\u6301\uff01\u671b\u56de\u8bbf\u6536\u85cf\uff01\u52a0\u6cb9\uff01"}, {"userName": "\u67d2\u6c50\u9171", "userReviewDate": "2017-06-18", "userURL": "http://user.17k.com/55454181", "userReview": "<a target='_blank' href='http://www.17k.com/book/2527395.html'>\u300a\u5996\u602a\u840c\u6355\u300b</a>\u6765\u8bbf\uff5e\u819c\u62dc\u5927\u5927qwq\u795d\u6b64\u4e66\u5927\u706b\uff0c\u4e00\u8d77\u52a0\u6cb9\uff5e"}, {"userName": "\u5510\u8bd7\u6587", "userReviewDate": "2017-05-30", "userURL": "http://user.17k.com/54394356", "userReview": "\u795d\u5927\u795e\u7c89\u4e1d\u4e0d\u65ad\uff0c\u591a\u8d5a\u94b1\u94b1\uff0c\u65b0\u4eba\u643a\u4e66<a target='_blank' href='http://www.17k.com/book/2509158.html'>\u300a\u601d\u5ff5\u4f60\u7684\u5f71\u5b50\u300b</a>\u6765\u8bbf\uff0c\u8bf7\u5927\u795e\u6709\u65f6\u95f4\u6765\u8bbf\uff0c\u6307\u70b9\u4e00\u4e8c\u55bd\uff01"}, {"userName": "\u5df2\u4f9d\u4e00", "userReviewDate": "2017-05-26", "userURL": "http://user.17k.com/54965526", "userReview": "\u5927\u5927\u5199\u7684\u6587\u4e5f\u4e0d\u9519\u5462\u3002"}, {"userName": "\u5df2\u4f9d\u4e00", "userReviewDate": "2017-05-26", "userURL": "http://user.17k.com/54965526", "userReview": "\u8fd9\u4e2a\u5c01\u9762\u4e3a\u4ec0\u4e48\u90a3\u4e48\u597d\u770b\uff1f\uff08\u8d5e\u4e00\u4e2a\uff09"}, {"userName": "\u9e92\u9e9f\u9526", "userReviewDate": "2017-05-23", "userURL": "http://user.17k.com/54949170", "userReview": "<a target='_blank' href='http://www.17k.com/book/2477158.html'>\u300a\u7edd\u4ee3\u9b54\u540e\u300b</a>\u524d\u6765\u5411\u5927\u795e\u5b66\u4e60\uff0c\u9001\u82b1\u652f\u6301"}], "description": "\u6211\u662f\u796d\u53f8\u6bbf\u91cc\u4e00\u9053\u8d70\u4e0d\u51fa\u9ed1\u6697\u7684\u5f71\u5b50\u3002\u3000\u3000\u4e0d\u77e5\u9053\u4ec0\u4e48\u65f6\u5019\u5f00\u59cb\uff0c\u796d\u53f8\u6bbf\u8d8a\u53d1\u7684\u51b7\u4e86\u3002\u3000\u3000\u51a5\u754c\u4e2d\u552f\u4e00\u7684\u5149\u548c\u70ed\u90fd\u50cf\u662f\u4ece\u5e7d\u51a5\u53f0\u53d1\u51fa\u6765\u7684\uff0c\u800c\u5979\u7684\u79bb\u5f00\uff0c\u4fbf\u5c06\u6574\u4e2a\u51a5\u754c\u6240\u6709\u7684\u6e29\u6696\u5c3d\u6570\u5e26\u8d70\uff0c\u6574\u4e2a\u51a5\u754c\u5982\u540c\u5bd2\u6f6d\u4e00\u6837\uff0c\u53ea\u5269\u4e0b\u7ec8\u65e5\u5439\u7740\u7684\u51b7\u51bd\u7684\u98ce\u3002\u3000\u3000\u5e7d\u51a5\u53f0\u662f\u6211\u4ee5\u524d\u6700\u5411\u5f80\u7684\u5730\u65b9\uff0c\u5b83\u662f\u6211\u5728\u51a5\u754c\u7684\u8fd9\u51e0\u4e07\u5e74\u95f4\uff0c\u552f\u4e00\u7684\u7cbe\u795e\u5bc4\u6258\u3002\u3000\u3000\u800c\u4eca\uff0c\u8def\u8fc7\u5e7d\u51a5\u53f0\u4e4b\u65f6\uff0c\u6211\u5374\u8fde\u8e0f\u8fdb\u53bb\u7684\u52c7\u6c14\u90fd\u6ca1\u6709\u3002\u3000\u3000\u6216\u8bb8\uff0c\u6211\u8d70\u8fdb\u53bb\uff0c\u8fde\u5979\u7684\u5f71\u5b50\u4e5f\u77a7\u4e0d\u89c1\uff0c\u90a3\u6574\u65e5\u7559\u5728\u6211\u68a6\u91cc\u7684\uff0c\u4fbf\u5c31\u662f\u8fd9\u7a7a\u8361\u8361\u7684\u5e7d\u51a5\u53f0\u4e86\uff0c\u90a3\u6211\u5b81\u613f\u60f3\u8d77\uff0c\u90a3\u4e2a\u6709\u5979\u7684\u5e7d\u51a5\u53f0\u3002\u3000\u3000\u5979\u8d70\u4e4b\u540e\uff0c\u51a5\u754c\u518d\u6ca1\u4e86\u6e29\u6696\uff0c\u4e16\u95f4\u4e5f\u518d\u6ca1\u6709\u4efb\u4f55\u7684\u6545\u4e8b\u3002", "title": "\u8d64\u6c34\u8c23", "url": "http://www.17k.com/book/2410995.html", "average": -1.0, "cover": "http://img.17k.com/images/bookcover/2017/12054/60/2410995-1489650012000.jpg", "reviews": 259136, "authors": [{"url": "http://www.17k.com/zuozhe/53975595", "name": "\u623f\u7483"}], "type": ["\u7384\u5e7b\u4ed9\u4fa0"], "outlinks": ["http://www.17k.com/book/2794982.html", "http://www.17k.com/book/2801292.html", "http://www.17k.com/book/2816318.html", "http://www.17k.com/book/2797575.html", "http://www.17k.com/book/2802516.html", "http://www.17k.com/book/2812195.html", "http://www.17k.com/book/2820143.html", "http://www.17k.com/book/2807943.html", "http://www.17k.com/book/2813457.html", "http://www.17k.com/book/2798058.html", "http://www.17k.com/book/2815617.html", "http://www.17k.com/book/2805259.html", "http://www.17k.com/book/2760255.html", "http://www.17k.com/book/2686894.html", "http://www.17k.com/book/2797016.html", "http://www.17k.com/book/2767246.html", "http://www.17k.com/book/2764239.html", "http://www.17k.com/book/2754498.html", "http://www.17k.com/book/2754900.html", "http://www.17k.com/book/2625740.html", "http://www.17k.com/book/2213315.html", "http://www.17k.com/book/2402178.html", "http://www.17k.com/book/2691221.html", "http://www.17k.com/book/2210699.html", "http://www.17k.com/book/1797752.html", "http://www.17k.com/book/2575507.html", "http://www.17k.com/book/2705181.html", "http://www.17k.com/book/2702539.html", "http://www.17k.com/book/2474887.html", "http://www.17k.com/book/2674733.html", "http://www.17k.com/book/2822076.html", "http://www.17k.com/book/2809894.html", "http://www.17k.com/book/2822077.html", "http://www.17k.com/book/2811930.html", "http://www.17k.com/book/2815548.html", "http://www.17k.com/book/2819620.html", "http://www.17k.com/book/2809964.html", "http://www.17k.com/book/2808200.html", "http://www.17k.com/book/2820100.html", "http://www.17k.com/book/2822978.html", "http://www.17k.com/book/2804337.html", "http://www.17k.com/book/2798814.html", "http://www.17k.com/book/2785153.html", "http://www.17k.com/book/2731559.html", "http://www.17k.com/book/2722533.html", "http://www.17k.com/book/2458377.html", "http://www.17k.com/book/2743300.html", "http://www.17k.com/book/973809.html", "http://www.17k.com/book/2651367.html", "http://www.17k.com/book/2726194.html", "http://www.17k.com/book/2790214.html", "http://www.17k.com/book/493239.html", "http://www.17k.com/book/108821.html", "http://www.17k.com/book/1398783.html", "http://www.17k.com/book/83528.html", "http://www.17k.com/book/1859126.html", "http://www.17k.com/book/1741975.html", "http://www.17k.com/book/192453.html", "http://www.17k.com/book/2459058.html", "http://www.17k.com/book/1050747.html", "http://www.17k.com/book/2700315.html", "http://www.17k.com/book/2818940.html", "http://www.17k.com/book/2819519.html", "http://www.17k.com/book/2816390.html", "http://www.17k.com/book/2819588.html", "http://www.17k.com/book/2813768.html", "http://www.17k.com/book/2822406.html", "http://www.17k.com/book/2772164.html", "http://www.17k.com/book/2784023.html", "http://www.17k.com/book/2811877.html", "http://www.17k.com/book/2809119.html", "http://www.17k.com/book/2803700.html", "http://www.17k.com/book/2819561.html", "http://www.17k.com/book/2746506.html", "http://www.17k.com/book/2811836.html", "http://www.17k.com/book/2614810.html", "http://www.17k.com/book/1592435.html", "http://www.17k.com/book/1949748.html", "http://www.17k.com/book/2265802.html", "http://www.17k.com/book/2743240.html", "http://www.17k.com/book/2657437.html", "http://www.17k.com/book/2644502.html", "http://www.17k.com/book/2199900.html", "http://www.17k.com/book/2725436.html", "http://www.17k.com/book/2629978.html"]}