{"ratings": -1, "userreviews": [{"userName": "\u7231\u770b\u5c31\u662f\u4e86", "userReviewDate": "2018-05-14", "userURL": "http://user.17k.com/4777739", "userReview": "[\u6253\u8d4f]\u6211\u6253\u8d4f\u4e868\u5143\u7ea2\u5305\uff01\uff01"}, {"userName": "cki1976", "userReviewDate": "2018-04-01", "userURL": "http://user.17k.com/231141", "userReview": "\u52a0\u6cb9\u52a0\u6cb9"}, {"userName": "17K\u4e66\u53cbFDTKRKJA", "userReviewDate": "2018-06-08", "userURL": "http://user.17k.com/59830910", "userReview": "\u5e38\u6001\u5316\u4e2a\u4eba\u592a\u8fc7\u5206"}, {"userName": "\u7ea2\u8272\u9886\u5e26081778060", "userReviewDate": "2018-06-07", "userURL": "http://user.17k.com/61018370", "userReview": "\u6211\u4eca\u5929\u4e0d\u9ad8\u8003\uff0c\u6211\u53ea\u5e26<a target='_blank' href='http://www.17k.com/book/2836052.html'>\u300a\u542f\u5143\u5927\u9646\u300b</a>\u6765\u8bbf\uff0c\u52a0\u4e2a\u6536\u85cf\uff0c\u6211\u80d6\u864e\u611f\u6fc0\u4e0d\u5c3d<a target='_blank' href='http://user.17k.com/2128146'>@~</a>@"}, {"userName": "\u5de6\u6c0f\u5c0f\u732a", "userReviewDate": "2018-06-07", "userURL": "http://user.17k.com/33807972", "userReview": "\u652f\u6301\u5927\u5927"}, {"userName": "\u5446\u5471 \u5c0f\u8cca", "userReviewDate": "2018-06-03", "userURL": "http://user.17k.com/58946279", "userReview": "[\u6253\u8d4f]\u6211\u6253\u8d4f\u4e861\u4e2a'\u5c0f\u5fc3\u5fc3'\uff01\uff01"}, {"userName": "\u98ce042236587", "userReviewDate": "2018-05-25", "userURL": "http://user.17k.com/61878870", "userReview": "<span style='color:black'>\u671b\u56de\u8bbf</span>"}, {"userName": "17K\u4e66\u53cbpc79vgwb", "userReviewDate": "2018-05-23", "userURL": "http://user.17k.com/61850063", "userReview": "\u5199\u7684\u633a\u597d\u7684"}, {"userName": "Pretty bay", "userReviewDate": "2018-05-19", "userURL": "http://user.17k.com/55308067", "userReview": "\u201c\u5929\u5730\u9020\u5316\u7ecf\u201d\u6b22\u8fce\u6765\u770b\u5929\u5929\u66f4\u65b0"}, {"userName": "\u65af\u6587\u732b\u965b\u4e0b", "userReviewDate": "2018-05-14", "userURL": "http://user.17k.com/37764708", "userReview": "\u52a0\u6cb9\uff0c"}, {"userName": "\u7231\u770b\u5c31\u662f\u4e86", "userReviewDate": "2018-05-14", "userURL": "http://user.17k.com/4777739", "userReview": "\u53ef\u7b97\u662f\u51fa\u65b0\u4e66\u4e86\uff0c\u7ee7\u7eed\u8ddf\u8fdb\u3002\u52aa\u529b\u52aa\u529b\uff01\uff01"}, {"userName": "17K\u4e66\u53cbFDTKRKJA", "userReviewDate": "2018-05-12", "userURL": "http://user.17k.com/59830910", "userReview": "85187665889"}, {"userName": "17K\u4e66\u53cbFDTKRKJA", "userReviewDate": "2018-05-06", "userURL": "http://user.17k.com/59830910", "userReview": "55485258455"}, {"userName": "\u9006\u5929\u6210\u795e\u53c8\u9006\u6210\u9690", "userReviewDate": "2018-05-02", "userURL": "http://user.17k.com/55476581", "userReview": "\u4e09\u754c\u4e4b\u5185,\u4efb\u6211\u9a70\u9a8b!&nbsp;<a target='_blank' href='http://www.17k.com/book/2774374.html'>\u300a\u9f99\u57df\u795e\u6218\u300b</a>\u6765\u8bbf\u732e\u82b1BEYOND&nbsp;\u6d77\u9614\u5929\u7a7a&nbsp;\u6c38\u8fdc\u7684\u4f20\u8bf4\uff01\uff012018.5.2"}, {"userName": "17K\u4e66\u53cbFDTKRKJA", "userReviewDate": "2018-04-27", "userURL": "http://user.17k.com/59830910", "userReview": "\u5982\u6cb9\u70b8\u9171\u9762"}, {"userName": "\u6e21\u541b\u7a7a\u68a6", "userReviewDate": "2018-04-07", "userURL": "http://user.17k.com/37412906", "userReview": "\u5927\u795e\uff01\u52a0\u6cb9\uff01\u541b\u6656\u643a<a target='_blank' href='http://www.17k.com/book/2653058.html'>\u300a\u4f55\u5904\u6625\u82b1\u4f55\u65f6\u76db\u300b</a>\u524d\u6765\u62dc\u8bbf\uff01\u795d\u65e9\u65e5\u5c01\u795e\uff01(\u0e07 \u2022_\u2022)\u0e07"}, {"userName": "\u9006\u5929\u6210\u795e\u53c8\u9006\u6210\u9690", "userReviewDate": "2018-04-04", "userURL": "http://user.17k.com/55476581", "userReview": "\u8c22\u8c22\u4f60"}, {"userName": "\u6de1 \u3001\u5fd8058932734", "userReviewDate": "2018-04-01", "userURL": "http://user.17k.com/59542689", "userReview": "\u4f5c\u8005\u52a0\u6cb9\u2196(^\u03c9^)\u2197\uff0c\u4e00\u8d77\u52aa\u529b\u5427"}, {"userName": "\u9006\u5929\u6210\u795e\u53c8\u9006\u6210\u9690", "userReviewDate": "2018-03-31", "userURL": "http://user.17k.com/55476581", "userReview": "\u671b\u56de\u8bbf"}, {"userName": "\u53ea\u56e0754814769", "userReviewDate": "2018-03-27", "userURL": "http://user.17k.com/56587414", "userReview": "\u4f5c\u8005\u5927\u5927\uff0c\u4f60\u600e\u4e48\u4e0d\u7b7e\u7ea6"}], "description": "\u953b\u9020\u662f\u4ec0\u4e48\uff1f\u3000\u3000\u953b\u9020\u5c31\u662f\u5236\u9020\u2014\u2014\u5207\u5c3c\u00b7\u7f57\u3002\u3000\u3000\u53c2\u52a0\u751f\u5b58\u8bad\u7ec3\u7684\u7279\u79cd\u5175\u7f57\u6052\uff0c\u673a\u7f18\u5de7\u5408\u6765\u5230\u5f02\u4e16\u754c\uff0c\u9762\u5bf9\u517d\u4eba\u5927\u519b\u7684\u51f6\u731b\u653b\u51fb\uff0c\u88ab\u8bef\u8ba4\u4e3a\u77ee\u4eba\u7684\u7f57\u6052\u5236\u9020\u4e86\u9488\u5bf9\u517d\u4eba\u7684\u5b50\u6bcd\u70ae\uff0c\u5f00\u82b1\u5f39\uff0c\u6295\u63b7\u70b8\u5f39\uff0c\u71c3\u70e7\u5f39\uff0c\u6bd2\u6c14\u5f39\u2026\u2026\u3002\u3000\u3000\u77ee\u4eba\u738b\uff1a\u5207\u5c3c\u00b7\u7f57\u662f\u6211\u4eec\u77ee\u4eba\u7684\u6218\u795e\u3002\u3000\u3000\u4f8f\u5112\u738b\uff1a\u5207\u5c3c\u00b7\u7f57\u662f\u6211\u4eec\u4f8f\u5112\u4e00\u65cf\u4f1f\u5927\u7684\u5148\u77e5\u3002\u3000\u3000\u4eba\u7c7b\u6559\u7687\uff1a\u5207\u5c3c\u00b7\u7f57\u662f\u6211\u4eec\u6559\u5ef7\u7684\u795e\u6bbf\u62a4\u536b\u3002\u3000\u3000\u7cbe\u7075\u5973\u7687\uff1a\u5207\u5c3c\u00b7\u7f57\u662f\u5351\u9119\u7684\u5546\u4eba\u3002\u3000\u3000\u517d\u4eba\u796d\u7940\uff1a\u5207\u5c3c\u00b7\u7f57\u5c31\u662f\u6076\u9b54\u3002\u3000\u3000\u517d\u4eba\u5e73\u6c11\uff1a\u5207\u5c3c\u00b7\u7f57\u662f\u6551\u4e16\u4e3b\uff0c\u662f\u795e\u4e4b\u5b50\u3002\u3000\u3000\u5982\u679c\u6709\u4ec0\u4e48\u662f\u4e00\u53d1\u70ae\u5f39\u89e3\u51b3\u4e0d\u4e86\u7684\uff0c\u90a3\u5c31\u662f\u4e24\u53d1\u70ae\u5f39\uff0c\u6b63\u4e49\u5728\u6211\u7684\u5927\u70ae\u5c04\u7a0b\u4e4b\u5185\u2014\u2014\u5207\u5c3c\u00b7\u7f57\u3002", "title": "\u8d85\u7ea7\u953b\u9020\u5e08", "url": "http://www.17k.com/book/2790533.html", "average": -1.0, "cover": "http://img.17k.com/images/bookcover/2018/13952/69/2790533-1521624864000.jpg", "reviews": 38063, "authors": [{"url": "http://www.17k.com/zuozhe/3074488", "name": "\u745e\u6069"}], "type": ["\u9886\u4e3b\u8d35\u65cf"], "outlinks": ["http://www.17k.com/book/2794982.html", "http://www.17k.com/book/2801292.html", "http://www.17k.com/book/2816318.html", "http://www.17k.com/book/2797575.html", "http://www.17k.com/book/2802516.html", "http://www.17k.com/book/2812195.html", "http://www.17k.com/book/2820143.html", "http://www.17k.com/book/2807943.html", "http://www.17k.com/book/2813457.html", "http://www.17k.com/book/2798058.html", "http://www.17k.com/book/2815617.html", "http://www.17k.com/book/2805259.html", "http://www.17k.com/book/2760255.html", "http://www.17k.com/book/2686894.html", "http://www.17k.com/book/2797016.html", "http://www.17k.com/book/2767246.html", "http://www.17k.com/book/2764239.html", "http://www.17k.com/book/2754498.html", "http://www.17k.com/book/2754900.html", "http://www.17k.com/book/2625740.html", "http://www.17k.com/book/2213315.html", "http://www.17k.com/book/2402178.html", "http://www.17k.com/book/2691221.html", "http://www.17k.com/book/2210699.html", "http://www.17k.com/book/1797752.html", "http://www.17k.com/book/2575507.html", "http://www.17k.com/book/2705181.html", "http://www.17k.com/book/2702539.html", "http://www.17k.com/book/2474887.html", "http://www.17k.com/book/2674733.html", "http://www.17k.com/book/2822076.html", "http://www.17k.com/book/2809894.html", "http://www.17k.com/book/2822077.html", "http://www.17k.com/book/2811930.html", "http://www.17k.com/book/2815548.html", "http://www.17k.com/book/2819620.html", "http://www.17k.com/book/2809964.html", "http://www.17k.com/book/2808200.html", "http://www.17k.com/book/2820100.html", "http://www.17k.com/book/2822978.html", "http://www.17k.com/book/2804337.html", "http://www.17k.com/book/2798814.html", "http://www.17k.com/book/2785153.html", "http://www.17k.com/book/2731559.html", "http://www.17k.com/book/2722533.html", "http://www.17k.com/book/2458377.html", "http://www.17k.com/book/2743300.html", "http://www.17k.com/book/973809.html", "http://www.17k.com/book/2651367.html", "http://www.17k.com/book/2726194.html", "http://www.17k.com/book/2790214.html", "http://www.17k.com/book/493239.html", "http://www.17k.com/book/108821.html", "http://www.17k.com/book/1398783.html", "http://www.17k.com/book/83528.html", "http://www.17k.com/book/1859126.html", "http://www.17k.com/book/1741975.html", "http://www.17k.com/book/192453.html", "http://www.17k.com/book/2459058.html", "http://www.17k.com/book/1050747.html", "http://www.17k.com/book/2700315.html", "http://www.17k.com/book/2818940.html", "http://www.17k.com/book/2819519.html", "http://www.17k.com/book/2816390.html", "http://www.17k.com/book/2819588.html", "http://www.17k.com/book/2813768.html", "http://www.17k.com/book/2822406.html", "http://www.17k.com/book/2772164.html", "http://www.17k.com/book/2784023.html", "http://www.17k.com/book/2811877.html", "http://www.17k.com/book/2809119.html", "http://www.17k.com/book/2803700.html", "http://www.17k.com/book/2819561.html", "http://www.17k.com/book/2746506.html", "http://www.17k.com/book/2811836.html", "http://www.17k.com/book/2614810.html", "http://www.17k.com/book/1592435.html", "http://www.17k.com/book/1949748.html", "http://www.17k.com/book/2265802.html", "http://www.17k.com/book/2743240.html", "http://www.17k.com/book/2657437.html", "http://www.17k.com/book/2644502.html", "http://www.17k.com/book/2199900.html", "http://www.17k.com/book/2725436.html", "http://www.17k.com/book/2629978.html"]}