{"ratings": -1, "userreviews": [{"userName": "\u5728\u90a3\u91cc925945500", "userReviewDate": "2018-06-05", "userURL": "http://user.17k.com/61134689", "userReview": "\u5929\u738b\u5e7b\u90fd\u6c42\u652f\u6301"}, {"userName": "JP\u9690\u533f", "userReviewDate": "2018-06-04", "userURL": "http://user.17k.com/53939951", "userReview": "\u8001\u54e5\u52a0\u6cb9\uff01"}, {"userName": "\u5bbd\u5ba2\u6d77\u6df1", "userReviewDate": "2018-06-04", "userURL": "http://user.17k.com/62353426", "userReview": "\u4e0d\u9519\u5f88\u6709\u89c1\u5e95"}, {"userName": "\u5bbd\u5ba2\u6d77\u6df1", "userReviewDate": "2018-06-04", "userURL": "http://user.17k.com/62353426", "userReview": "\u4e0d\u9519\u5f88\u6709\u89c1\u5e95"}, {"userName": "\u725b\u8089\u5496\u55b1", "userReviewDate": "2018-06-03", "userURL": "http://user.17k.com/27522856", "userReview": "[\u6253\u8d4f]\u6211\u6253\u8d4f\u4e868\u5143\u7ea2\u5305\uff01\uff01"}, {"userName": "17K\u4e66\u53cb6N9JJV77", "userReviewDate": "2018-06-03", "userURL": "http://user.17k.com/62404054", "userReview": "[\u6253\u8d4f]\u6211\u6253\u8d4f\u4e862\u5143\u7ea2\u5305\uff01\uff01"}, {"userName": "\u5494\u5494\u5494\u562d\u5494", "userReviewDate": "2018-06-03", "userURL": "http://user.17k.com/35762313", "userReview": "\u6551\u6551\u4e2d\u6587\u5728\u7ebf\u90a3\u5783\u573e\u7968\u5427"}, {"userName": "\u5723\u9690\u5e1d\u5143", "userReviewDate": "2018-06-02", "userURL": "http://user.17k.com/57760595", "userReview": "\u7b7e\u5230\u652f\u6301\uff01"}, {"userName": "JP\u9690\u533f", "userReviewDate": "2018-06-01", "userURL": "http://user.17k.com/53939951", "userReview": "\u8fd9\u70b9\u51fb666\uff0c\u9a6c\u4e0a\u5c31\u8981\u8d85\u8fc7\u6211\u4e86"}, {"userName": "\u5317\u5e84", "userReviewDate": "2018-06-01", "userURL": "http://user.17k.com/57496771", "userReview": "\u6765\u6765\u4e86\u54e6\u54e6"}, {"userName": "\u5317\u5e84", "userReviewDate": "2018-05-31", "userURL": "http://user.17k.com/57496771", "userReview": "\u5927\u795e\u597d\u554a\uff0c\u6211\u611f\u89c9\u6211\u662f\u5e9f\u4e86"}, {"userName": "\u5de6\u6c0f\u5c0f\u732a", "userReviewDate": "2018-05-31", "userURL": "http://user.17k.com/33807972", "userReview": "\u52a0\u6cb9!\u7801\u5b57\u4e0d\u6613\uff0c\u5c24\u5176\u662f\u65b0\u4eba\uff01"}, {"userName": "17K\u4e66\u53cbdfv5xwqp", "userReviewDate": "2018-05-29", "userURL": "http://user.17k.com/61705416", "userReview": "[\u6253\u8d4f]\u6211\u6253\u8d4f\u4e862\u5143\u7ea2\u5305\uff01\uff01"}, {"userName": "\u987e\u503e\u843d", "userReviewDate": "2018-05-29", "userURL": "http://user.17k.com/61543251", "userReview": "\u843d\u843d\u6765\u4e86\uff5e\u9a6c\u5361\u9f99\u7684\u8bed\u8a00\u662f\u4ec0\u4e48\u6837\u5462\uff5e\u4f60\u786e\u5b9a\u4e0d\u6765\u8e0f\u8e0f\u543e\u7684\u5c0f\u7a9d\u53bb\u89c2\u5bdf\u89c2\u5bdf\uff5e"}, {"userName": "\u987e\u503e\u843d", "userReviewDate": "2018-05-29", "userURL": "http://user.17k.com/61543251", "userReview": "\u843d\u843d\u7684\u7b2c\u4e09\u7ae0\u90fd\u66f4\u65b0\u4e86\uff5e\u4f60\u786e\u5b9a\u4e0d\u6765\u8e0f\u8e0f\u543e\u7684\u5c0f\u7a9d\uff5e"}, {"userName": "\u987e\u503e\u843d", "userReviewDate": "2018-05-28", "userURL": "http://user.17k.com/61543251", "userReview": "\u52a0\u6cb9\uff01\u5373\u5c06\u516d\u4e00\u4e86\uff0c\u8981\u5feb\u4e50\u54e6\uff01\u6211\u4eec\u4e00\u8d77\u52a0\u6cb9\u5427\uff5e\u8981\u6765\u8e0f\u8e0f\u843d\u843d\u5c0f\u7a9d\u561b\u3002"}, {"userName": "hellomoto123", "userReviewDate": "2018-05-28", "userURL": "http://user.17k.com/62265082", "userReview": "\u5747\u7ebf\u4ece\u54ea\u4e9b\u65b9\u9762\u7814\u7a76\u5462\uff1f\u611f\u89c9\u5747\u7ebf\u6709\u592a\u591a\u7684\u4e1c\u897f\u9700\u8981\u7814\u7a76"}, {"userName": "17K\u4e66\u53cbasnodq8r", "userReviewDate": "2018-05-28", "userURL": "http://user.17k.com/62259137", "userReview": "\u8fd8\u662f\u6709\u4e1c\u897f\u7684"}, {"userName": "17K\u4e66\u53cb5n0kfksh", "userReviewDate": "2018-05-27", "userURL": "http://user.17k.com/61921296", "userReview": "[\u6253\u8d4f]\u6211\u6253\u8d4f\u4e861\u4e2a'\u5c0f\u5fc3\u5fc3'\uff01\uff01"}, {"userName": "17K\u4e66\u53cbltzu2obu", "userReviewDate": "2018-05-26", "userURL": "http://user.17k.com/62141182", "userReview": "\u548b\u548c\u5929\u6daf\u770b\u7684\u60c5\u8282\u4e0d\u4e00\u6837\u4e86\u5462\uff1f"}], "description": "\u80a1\u5e02\uff0c\u98ce\u4e91\u53d8\u5e7b\u3002\u91cd\u751f\u540e\u7684\u5f20\u5143\u4e00\uff0c\u9047\u7ea2\u989c\uff0c\u9022\u725b\u5e02\uff0c\u5de7\u8ddf\u5e84\uff0c\u6597\u6076\u5e84\uff0c\u4e00\u8def\u5728\u98ce\u9669\u4e0e\u673a\u9047\u4e2d\u51b2\u950b\u2026\u2026\u8fd9\u4e00\u4e16\uff0c\u201c\u6211\u8981\u6210\u4e3a\u80a1\u795e\uff01\u201d", "title": "\u8d85\u7ea7\u6563\u6237", "url": "http://www.17k.com/book/2813314.html", "average": -1.0, "cover": "http://img.17k.com/images/bookcover/2018/14066/70/2813314-1527136645000.jpg", "reviews": 28009, "authors": [{"url": "http://www.17k.com/zuozhe/61068636", "name": "\u5723\u624b\u5357\u5e1d"}], "type": ["\u90fd\u5e02\u751f\u6d3b"], "outlinks": ["http://www.17k.com/book/2794982.html", "http://www.17k.com/book/2801292.html", "http://www.17k.com/book/2816318.html", "http://www.17k.com/book/2797575.html", "http://www.17k.com/book/2802516.html", "http://www.17k.com/book/2812195.html", "http://www.17k.com/book/2820143.html", "http://www.17k.com/book/2807943.html", "http://www.17k.com/book/2813457.html", "http://www.17k.com/book/2798058.html", "http://www.17k.com/book/2815617.html", "http://www.17k.com/book/2805259.html", "http://www.17k.com/book/2760255.html", "http://www.17k.com/book/2686894.html", "http://www.17k.com/book/2797016.html", "http://www.17k.com/book/2767246.html", "http://www.17k.com/book/2764239.html", "http://www.17k.com/book/2754498.html", "http://www.17k.com/book/2754900.html", "http://www.17k.com/book/2625740.html", "http://www.17k.com/book/2213315.html", "http://www.17k.com/book/2402178.html", "http://www.17k.com/book/2691221.html", "http://www.17k.com/book/2210699.html", "http://www.17k.com/book/1797752.html", "http://www.17k.com/book/2575507.html", "http://www.17k.com/book/2705181.html", "http://www.17k.com/book/2702539.html", "http://www.17k.com/book/2474887.html", "http://www.17k.com/book/2674733.html", "http://www.17k.com/book/2822076.html", "http://www.17k.com/book/2809894.html", "http://www.17k.com/book/2822077.html", "http://www.17k.com/book/2811930.html", "http://www.17k.com/book/2815548.html", "http://www.17k.com/book/2819620.html", "http://www.17k.com/book/2809964.html", "http://www.17k.com/book/2808200.html", "http://www.17k.com/book/2820100.html", "http://www.17k.com/book/2822978.html", "http://www.17k.com/book/2804337.html", "http://www.17k.com/book/2798814.html", "http://www.17k.com/book/2785153.html", "http://www.17k.com/book/2731559.html", "http://www.17k.com/book/2722533.html", "http://www.17k.com/book/2458377.html", "http://www.17k.com/book/2743300.html", "http://www.17k.com/book/973809.html", "http://www.17k.com/book/2651367.html", "http://www.17k.com/book/2726194.html", "http://www.17k.com/book/2790214.html", "http://www.17k.com/book/493239.html", "http://www.17k.com/book/108821.html", "http://www.17k.com/book/1398783.html", "http://www.17k.com/book/83528.html", "http://www.17k.com/book/1859126.html", "http://www.17k.com/book/1741975.html", "http://www.17k.com/book/192453.html", "http://www.17k.com/book/2459058.html", "http://www.17k.com/book/1050747.html", "http://www.17k.com/book/2700315.html", "http://www.17k.com/book/2818940.html", "http://www.17k.com/book/2819519.html", "http://www.17k.com/book/2816390.html", "http://www.17k.com/book/2819588.html", "http://www.17k.com/book/2813768.html", "http://www.17k.com/book/2822406.html", "http://www.17k.com/book/2772164.html", "http://www.17k.com/book/2784023.html", "http://www.17k.com/book/2811877.html", "http://www.17k.com/book/2809119.html", "http://www.17k.com/book/2803700.html", "http://www.17k.com/book/2819561.html", "http://www.17k.com/book/2746506.html", "http://www.17k.com/book/2811836.html", "http://www.17k.com/book/2614810.html", "http://www.17k.com/book/1592435.html", "http://www.17k.com/book/1949748.html", "http://www.17k.com/book/2265802.html", "http://www.17k.com/book/2743240.html", "http://www.17k.com/book/2657437.html", "http://www.17k.com/book/2644502.html", "http://www.17k.com/book/2199900.html", "http://www.17k.com/book/2725436.html", "http://www.17k.com/book/2629978.html"]}