{"ratings": -1, "userreviews": [{"userName": "\u53ef\u53ef\u5fc3123", "userReviewDate": "2017-03-25", "userURL": "http://user.17k.com/54274997", "userReview": "[\u6253\u8d4f]\u6211\u6253\u8d4f\u4e8610000\u5143\u7ea2\u5305\uff01\uff01"}, {"userName": "\u5357\u73c2\u4e00\u68a63456", "userReviewDate": "2017-03-24", "userURL": "http://user.17k.com/54274989", "userReview": "[\u6253\u8d4f]\u6211\u6253\u8d4f\u4e8610000\u5143\u7ea2\u5305\uff01\uff01"}, {"userName": "\u6a59\u5b50\u9ec4\u4e862", "userReviewDate": "2018-06-08", "userURL": "http://user.17k.com/48385844", "userReview": "66666 \u94c1\u9aa8\u94ee\u94ee\u7684\u5c81\u6708 \u6765\u8e6d\u4eba\u6c14\u3002"}, {"userName": "17K\u4e66\u53cb0ZFHHU47", "userReviewDate": "2018-06-07", "userURL": "http://user.17k.com/62273834", "userReview": "[\u6253\u8d4f]\u6211\u6253\u8d4f\u4e861\u4e2a'\u5c0f\u5fc3\u5fc3'\uff01\uff01"}, {"userName": "\u6d77\u9614\u5929\u7a7a876737325", "userReviewDate": "2018-06-06", "userURL": "http://user.17k.com/55427934", "userReview": "[\u6253\u8d4f]\u6211\u6253\u8d4f\u4e862\u5143\u7ea2\u5305\uff01\uff01"}, {"userName": "\u2121\u8f38.8\u8d77\u5572\u611b", "userReviewDate": "2018-06-06", "userURL": "http://user.17k.com/1842630", "userReview": "\u8bdd\u8bf4\u5929\u95e8\u795e\u79d8\u83ab\u6d4b\uff0c\u95e8\u4e3b\u89c6\u5929\u4e0b\u4f17\u751f\u4e3a\u877c\u8681\uff0c\u8fde\u4e00\u4e2a\u7ea8\u7ed4\u5b50\u5f1f\u90fd\u8fd8\u6536\u62fe\u4e0d\u4e86\uff0c\u78e8\u78e8\u53fd\u53fd\uff0c\u5199\u4f5c\u74f6\u9888\u671f&#55357;&#56852;&#55357;&#56852;"}, {"userName": "Sam927512441", "userReviewDate": "2018-06-03", "userURL": "http://user.17k.com/55428672", "userReview": "\u52a0\u6cb9\u52a0\u6cb9\u52a0\u6cb9\u52a0\u6cb9\u52a0\u6cb9\u52a0\u6cb9\u52a0\u6cb9"}, {"userName": "Sam927512441", "userReviewDate": "2018-05-31", "userURL": "http://user.17k.com/55428672", "userReview": "\u723d\u6b6a\u6b6a\u723d\u6b6a\u6b6a"}, {"userName": "Sam927512441", "userReviewDate": "2018-05-28", "userURL": "http://user.17k.com/55428672", "userReview": "\u52a0\u6cb9\u52a0\u6cb9\u52a0\u6cb9\u52a0\u6cb9"}, {"userName": "gualovening", "userReviewDate": "2018-05-25", "userURL": "http://user.17k.com/33605330", "userReview": "\u662f\u4e0d\u662f\u8981\u91cd\u65b0\u6784\u753b\u60c5\u8282\u4e86\uff0c\u4e0d\u7136\u5c31\u6ca1\u5565\u610f\u601d\u4e86\u2026\u2026"}, {"userName": "WAP19E00", "userReviewDate": "2018-05-22", "userURL": "http://user.17k.com/43336029", "userReview": "\u4ec0\u4e48\u65f6\u5019\u53ef\u4ee5\u66f4\u65b0"}, {"userName": "17k\u4e66\u53cbccytrlj1w", "userReviewDate": "2018-05-22", "userURL": "http://user.17k.com/62047520", "userReview": "[\u6253\u8d4f]\u6211\u6253\u8d4f\u4e868\u5143\u7ea2\u5305\uff01\uff01"}, {"userName": "\u767d\u4e91\u6df1\u5904400791023", "userReviewDate": "2018-05-21", "userURL": "http://user.17k.com/51440946", "userReview": "\u597d\u770b\uff01\uff01\uff01\uff01"}, {"userName": "\u597d\u4eba\u4e00\u751f\u5e73\u5b89\uff08\u6b23\u6b23\uff09\u2026", "userReviewDate": "2018-05-18", "userURL": "http://user.17k.com/57694836", "userReview": "[\u6253\u8d4f]\u6211\u6253\u8d4f\u4e868\u5143\u7ea2\u5305\uff01\uff01"}, {"userName": "17k\u4e66\u53cb835bu0y9q", "userReviewDate": "2018-05-16", "userURL": "http://user.17k.com/61853115", "userReview": "[\u6253\u8d4f]\u6211\u6253\u8d4f\u4e862\u5143\u7ea2\u5305\uff01\uff01"}, {"userName": "\u591c\u7a7a\u5b88\u671b\u8005499810378", "userReviewDate": "2018-05-15", "userURL": "http://user.17k.com/52730423", "userReview": "\u5929\u8c34\u7684\u8001\u677f\u90fd\u6b7b\u4e86 \u4e0b\u9762\u662f\u4e0d\u662f\u8fd8\u6709\u66f4\u725b\u903c\u7684\u52bf\u529b\u51fa\u73b0\uff0c\u6216\u8005\u662f\u4ec0\u4e48\u56fd\u9645\u795e\u79d8\u7ec4\u7ec7\u6709\u8981\u5d1b\u8d77"}, {"userName": "K\u5c0f\u5f00", "userReviewDate": "2018-05-13", "userURL": "http://user.17k.com/58509881", "userReview": "\u4eca\u5929\u6bcd\u4eb2\u8282\uff0c\u5f00\u9633\u5728\u6b64\u795d\u613f\uff0c\u5929\u4e0b\u7684\u6bcd\u4eb2\u5065\u5eb7\u5409\u7965\uff01\u795d\u613f\u5927\u5927\u7684\u6bcd\u4eb2\u5927\u4eba\uff0c\u559c\u4e50\u5b89\u5eb7\uff01\u5927\u5927\u5982\u679c\u95f2\u6687\uff0c\u56de\u5934\u6307\u70b9\u4e00\u4e8c\uff0c\u611f\u6fc0\u4e0d\u5c3d\uff01"}, {"userName": "Sam927512441", "userReviewDate": "2018-05-10", "userURL": "http://user.17k.com/55428672", "userReview": "\u8d8a\u770b\u8d8a\u559c\u6b22\uff0c\u771f\u5fc3\u7684\u5199\u7684\u4e0d\u9519"}, {"userName": "Sam927512441", "userReviewDate": "2018-05-08", "userURL": "http://user.17k.com/55428672", "userReview": "\u4e66\u4e0d\u9519\uff0c\u4f5c\u8005\u7ee7\u7eed"}, {"userName": "17k\u4e66\u53cbfct6m27pa", "userReviewDate": "2018-05-08", "userURL": "http://user.17k.com/61588839", "userReview": "[\u6253\u8d4f]\u6211\u6253\u8d4f\u4e868\u5143\u7ea2\u5305\uff01\uff01"}], "description": "\u4e00\u9488\u5b9a\u9634\u9633\uff0c\u7ffb\u624b\u638c\u4e7e\u5764\uff01\u3000\u3000\u8eab\u4efd\u795e\u79d8\u7684\u5c71\u91ce\u90ce\u4e2d\u51ed\u501f\u7cbe\u6e5b\u7684\u533b\u672f\u6e38\u8d70\u4e8e\u90fd\u5e02\u6743\u8d35\u4e4b\u95f4\uff0c\u4e00\u624b\u60ac\u58f6\u6d4e\u4e16\uff0c\u4e00\u624b\u8fa3\u624b\u6467\u654c\uff0c\u63ed\u5f00\u4e00\u4e2a\u4e2a\u9634\u8c0b\u8c1c\u56e2\uff0c\u5f81\u670d\u4e00\u4e2a\u4e2a\u7ea2\u989c\u77e5\u5df1\uff01\u3000\u3000QQ\u7fa4\uff1a604767216\u865a\u4f4d\u4ee5\u5f85\uff01\u3000\u3000\u5fae\u4fe1\u53f7\uff1a65585327\uff0c\u6697\u53f7\uff1a\u8fa3\u624b\u795e\u533b\u3000\u3000\u5173\u6ce8\u5fae\u4fe1\u516c\u4f17\u53f7\uff0c\u76f4\u63a5\u641c\u7d22\u201c\u6b65\u5343\u5e06\u201d\u6216\u8005\u641c\u7d22\u201c\u6b65\u5343\u5e06\u7684\u540e\u63f4\u56e2\u201d\u6216\u8005\u201cbuqianfan520\u201d\u6dfb\u52a0\u5173\u6ce8\u5373\u53ef\uff01", "title": "\u8fa3\u624b\u795e\u533b", "url": "http://www.17k.com/book/2389814.html", "average": -1.0, "cover": "http://img.17k.com/images/bookcover/2017/11949/59/2389814-1489980533000.jpg", "reviews": 11444997, "authors": [{"url": "http://www.17k.com/zuozhe/4293822", "name": "\u6b65\u5343\u5e06"}], "type": ["\u90fd\u5e02\u6fc0\u6218"], "outlinks": ["http://www.17k.com/book/2794982.html", "http://www.17k.com/book/2801292.html", "http://www.17k.com/book/2816318.html", "http://www.17k.com/book/2797575.html", "http://www.17k.com/book/2802516.html", "http://www.17k.com/book/2812195.html", "http://www.17k.com/book/2820143.html", "http://www.17k.com/book/2807943.html", "http://www.17k.com/book/2813457.html", "http://www.17k.com/book/2798058.html", "http://www.17k.com/book/2815617.html", "http://www.17k.com/book/2805259.html", "http://www.17k.com/book/2760255.html", "http://www.17k.com/book/2686894.html", "http://www.17k.com/book/2797016.html", "http://www.17k.com/book/2767246.html", "http://www.17k.com/book/2764239.html", "http://www.17k.com/book/2754498.html", "http://www.17k.com/book/2754900.html", "http://www.17k.com/book/2625740.html", "http://www.17k.com/book/2213315.html", "http://www.17k.com/book/2402178.html", "http://www.17k.com/book/2691221.html", "http://www.17k.com/book/2210699.html", "http://www.17k.com/book/1797752.html", "http://www.17k.com/book/2575507.html", "http://www.17k.com/book/2705181.html", "http://www.17k.com/book/2702539.html", "http://www.17k.com/book/2474887.html", "http://www.17k.com/book/2674733.html", "http://www.17k.com/book/2822076.html", "http://www.17k.com/book/2809894.html", "http://www.17k.com/book/2822077.html", "http://www.17k.com/book/2811930.html", "http://www.17k.com/book/2815548.html", "http://www.17k.com/book/2819620.html", "http://www.17k.com/book/2809964.html", "http://www.17k.com/book/2808200.html", "http://www.17k.com/book/2820100.html", "http://www.17k.com/book/2822978.html", "http://www.17k.com/book/2804337.html", "http://www.17k.com/book/2798814.html", "http://www.17k.com/book/2785153.html", "http://www.17k.com/book/2731559.html", "http://www.17k.com/book/2722533.html", "http://www.17k.com/book/2458377.html", "http://www.17k.com/book/2743300.html", "http://www.17k.com/book/973809.html", "http://www.17k.com/book/2651367.html", "http://www.17k.com/book/2726194.html", "http://www.17k.com/book/2790214.html", "http://www.17k.com/book/493239.html", "http://www.17k.com/book/108821.html", "http://www.17k.com/book/1398783.html", "http://www.17k.com/book/83528.html", "http://www.17k.com/book/1859126.html", "http://www.17k.com/book/1741975.html", "http://www.17k.com/book/192453.html", "http://www.17k.com/book/2459058.html", "http://www.17k.com/book/1050747.html", "http://www.17k.com/book/2700315.html", "http://www.17k.com/book/2818940.html", "http://www.17k.com/book/2819519.html", "http://www.17k.com/book/2816390.html", "http://www.17k.com/book/2819588.html", "http://www.17k.com/book/2813768.html", "http://www.17k.com/book/2822406.html", "http://www.17k.com/book/2772164.html", "http://www.17k.com/book/2784023.html", "http://www.17k.com/book/2811877.html", "http://www.17k.com/book/2809119.html", "http://www.17k.com/book/2803700.html", "http://www.17k.com/book/2819561.html", "http://www.17k.com/book/2746506.html", "http://www.17k.com/book/2811836.html", "http://www.17k.com/book/2614810.html", "http://www.17k.com/book/1592435.html", "http://www.17k.com/book/1949748.html", "http://www.17k.com/book/2265802.html", "http://www.17k.com/book/2743240.html", "http://www.17k.com/book/2657437.html", "http://www.17k.com/book/2644502.html", "http://www.17k.com/book/2199900.html", "http://www.17k.com/book/2725436.html", "http://www.17k.com/book/2629978.html"]}