{"ratings": -1, "userreviews": [{"userName": "\u6d3b\u7684\u50cf\u9996\u8bd7464187584", "userReviewDate": "2018-06-03", "userURL": "http://user.17k.com/61191910", "userReview": "\u6700\u8fd1\u6709\u4e8b\uff0c\u66f4\u65b0\u4e0d\u56fa\u5b9a\uff0c\u53ef\u80fd\u8fd9\u4e24\u5929\u90fd\u66f4\u65b0\u4e0d\u4e86\uff0c\u5b9e\u5728\u5bf9\u4e0d\u8d77\u5404\u4f4d\u8bfb\u8005\uff0c\u5e0c\u671b\u522b\u53d6\u6d88\u6536\u85cf\uff0c\u7ed9\u6211\u70b9\u65f6\u95f4\u3002"}, {"userName": "\u533f\u540d13041320105912", "userReviewDate": "2018-06-03", "userURL": "http://user.17k.com/30006863", "userReview": "\u597d\u4e66\u9876\u9876"}, {"userName": "17k\u5c0f\u8679\u4e56", "userReviewDate": "2018-05-29", "userURL": "http://user.17k.com/62318172", "userReview": "[\u6253\u8d4f]\u6211\u6253\u8d4f\u4e868\u5143\u7ea2\u5305\uff01\uff01"}, {"userName": "\u9ebb\u5b50\u59d1\u5a18626937854", "userReviewDate": "2018-05-29", "userURL": "http://user.17k.com/62295593", "userReview": "[\u6253\u8d4f]\u6211\u6253\u8d4f\u4e862\u5143\u7ea2\u5305\uff01\uff01"}, {"userName": "\u4e00\u62b9\u6668\u66e6126129165", "userReviewDate": "2018-05-28", "userURL": "http://user.17k.com/62277350", "userReview": "\u770b\u4e86\uff0c\u5199\u5f97\u5f88\u4e0d\u9519\uff0c\u503c\u5f97\u4e00\u770b\u54e6!!"}, {"userName": "17K\u4e66\u53cb213O5CGV", "userReviewDate": "2018-05-28", "userURL": "http://user.17k.com/62277272", "userReview": "[\u6253\u8d4f]\u6211\u6253\u8d4f\u4e861\u5143\u7ea2\u5305\uff01\uff01"}, {"userName": "17K\u4e66\u53cbW1BO57C3", "userReviewDate": "2018-05-28", "userURL": "http://user.17k.com/62277156", "userReview": "\u5389\u5bb3\u5389\u5bb3\uff0c\u5199\u5f97\u4e0d\u9519\uff0c\u633a\u6709\u610f\u601d\u7684"}, {"userName": "Rose .662473615", "userReviewDate": "2018-05-28", "userURL": "http://user.17k.com/62276868", "userReview": "\u633a\u597d\u7684\uff0c\u652f\u6301"}, {"userName": "\u79e6\u5e90", "userReviewDate": "2018-05-25", "userURL": "http://user.17k.com/31888", "userReview": "\u633a\u6709\u610f\u601d\u7684 \u5148\u6536\u4e86"}, {"userName": "17K\u4e66\u53cbK2W55WBM", "userReviewDate": "2018-05-23", "userURL": "http://user.17k.com/61657196", "userReview": "\u6700\u96be\u770b\u7684\u5c0f\u8bf4"}, {"userName": "17K\u4e66\u53cbK2W55WBM", "userReviewDate": "2018-05-23", "userURL": "http://user.17k.com/61657196", "userReview": "\u5751\uff0c\u96be\u770b\u6b7b\u4e86"}, {"userName": "138360****", "userReviewDate": "2018-05-21", "userURL": "http://user.17k.com/1621421", "userReview": "\u6536\u85cf\u4e86\uff0c\u8fd8\u53ef\u4ee5\u52a0\u6cb9"}, {"userName": "jxmmaomao613", "userReviewDate": "2018-05-19", "userURL": "http://user.17k.com/11314012", "userReview": "\u5199\u7684\u4e0d\u9519\u554a"}, {"userName": "\u3002\u5ff5\u60f3", "userReviewDate": "2018-05-09", "userURL": "http://user.17k.com/61626368", "userReview": "[\u6253\u8d4f]\u6211\u6253\u8d4f\u4e862\u5143\u7ea2\u5305\uff01\uff01"}], "description": "\u6211\u53eb\u97e9\u91ce\uff0c\u7a77\u4e61\u50fb\u58e4\u91cc\u7684\u5c0f\u6df7\u6df7\uff0c\u4e5f\u77e5\u9053\u90a3\u4e2a\u4e0d\u957f\u773c\u7684\u8001\u5e08\u8bc4\u5377\u5931\u8bef\uff0c\u5e73\u65f6\u4e00\u767e\u591a\u5206\u7684\u6210\u7ee9\uff0c\u5c45\u7136\u9ad8\u8003\u516d\u767e\u591a\u5206\u3002\u5c31\u8fd9\u6837\uff0c\u6211\u7a00\u91cc\u7cca\u6d82\u7684\u8fdb\u4e86\u4e00\u6240\u91cd\u70b9\u5927\u5b66\uff0c\u53c8\u7a00\u91cc\u7cca\u6d82\u7684\u5377\u5165\u4e00\u573a\u9ed1\u6697\u65cb\u6da1\uff0c\u6211\u7684\u751f\u6d3b\uff0c\u9677\u5165\u4e07\u52ab\u4e0d\u590d\u4e4b\u5730\uff0c\u800c\u6211\u5462\uff1f\u4eba\u4e0d\u50cf\u4eba\u9b3c\u4e0d\u50cf\u9b3c\u3002\u3000\u3000\u6211\u4f3c\u767d\u5929\u91cc\u7684\u9b3c\uff0c\u53c8\u50cf\u9ed1\u591c\u91cc\u7684\u9b42\uff0c\u6e38\u8361\u5728\u6bcf\u4e2a\u80ae\u810f\u7684\u6cbc\u6cfd\u91cc\u3002\u3000\u3000\u662f\u8c01\u7528\u7435\u7436\u5f39\u594f\u4e86\u4e00\u66f2\u4e1c\u98ce\u7834\uff0c\u53c8\u662f\u8c01\u5728\u65e0\u58f0\u7684\u591c\u5462\u5583\u7740\u5bc2\u5bde\u3002", "title": "\u8fb9\u7f18\u6289\u62e9", "url": "http://www.17k.com/book/2815101.html", "average": -1.0, "cover": "http://img.17k.com/images/bookcover/2018/14075/70/2815101-1525711247000.jpg", "reviews": 31545, "authors": [{"url": "http://www.17k.com/zuozhe/60999117", "name": "\u6d3b\u7684\u50cf\u9996\u8bd7"}], "type": ["\u90fd\u5e02\u5f02\u80fd"], "outlinks": ["http://www.17k.com/book/2794982.html", "http://www.17k.com/book/2801292.html", "http://www.17k.com/book/2816318.html", "http://www.17k.com/book/2797575.html", "http://www.17k.com/book/2802516.html", "http://www.17k.com/book/2812195.html", "http://www.17k.com/book/2820143.html", "http://www.17k.com/book/2807943.html", "http://www.17k.com/book/2813457.html", "http://www.17k.com/book/2798058.html", "http://www.17k.com/book/2815617.html", "http://www.17k.com/book/2805259.html", "http://www.17k.com/book/2760255.html", "http://www.17k.com/book/2686894.html", "http://www.17k.com/book/2797016.html", "http://www.17k.com/book/2767246.html", "http://www.17k.com/book/2764239.html", "http://www.17k.com/book/2754498.html", "http://www.17k.com/book/2754900.html", "http://www.17k.com/book/2625740.html", "http://www.17k.com/book/2213315.html", "http://www.17k.com/book/2402178.html", "http://www.17k.com/book/2691221.html", "http://www.17k.com/book/2210699.html", "http://www.17k.com/book/1797752.html", "http://www.17k.com/book/2575507.html", "http://www.17k.com/book/2705181.html", "http://www.17k.com/book/2702539.html", "http://www.17k.com/book/2474887.html", "http://www.17k.com/book/2674733.html", "http://www.17k.com/book/2822076.html", "http://www.17k.com/book/2809894.html", "http://www.17k.com/book/2822077.html", "http://www.17k.com/book/2811930.html", "http://www.17k.com/book/2815548.html", "http://www.17k.com/book/2819620.html", "http://www.17k.com/book/2809964.html", "http://www.17k.com/book/2808200.html", "http://www.17k.com/book/2820100.html", "http://www.17k.com/book/2822978.html", "http://www.17k.com/book/2804337.html", "http://www.17k.com/book/2798814.html", "http://www.17k.com/book/2785153.html", "http://www.17k.com/book/2731559.html", "http://www.17k.com/book/2722533.html", "http://www.17k.com/book/2458377.html", "http://www.17k.com/book/2743300.html", "http://www.17k.com/book/973809.html", "http://www.17k.com/book/2651367.html", "http://www.17k.com/book/2726194.html", "http://www.17k.com/book/2790214.html", "http://www.17k.com/book/493239.html", "http://www.17k.com/book/108821.html", "http://www.17k.com/book/1398783.html", "http://www.17k.com/book/83528.html", "http://www.17k.com/book/1859126.html", "http://www.17k.com/book/1741975.html", "http://www.17k.com/book/192453.html", "http://www.17k.com/book/2459058.html", "http://www.17k.com/book/1050747.html", "http://www.17k.com/book/2700315.html", "http://www.17k.com/book/2818940.html", "http://www.17k.com/book/2819519.html", "http://www.17k.com/book/2816390.html", "http://www.17k.com/book/2819588.html", "http://www.17k.com/book/2813768.html", "http://www.17k.com/book/2822406.html", "http://www.17k.com/book/2772164.html", "http://www.17k.com/book/2784023.html", "http://www.17k.com/book/2811877.html", "http://www.17k.com/book/2809119.html", "http://www.17k.com/book/2803700.html", "http://www.17k.com/book/2819561.html", "http://www.17k.com/book/2746506.html", "http://www.17k.com/book/2811836.html", "http://www.17k.com/book/2614810.html", "http://www.17k.com/book/1592435.html", "http://www.17k.com/book/1949748.html", "http://www.17k.com/book/2265802.html", "http://www.17k.com/book/2743240.html", "http://www.17k.com/book/2657437.html", "http://www.17k.com/book/2644502.html", "http://www.17k.com/book/2199900.html", "http://www.17k.com/book/2725436.html", "http://www.17k.com/book/2629978.html"]}