{"ratings": -1, "userreviews": [{"userName": "\u5929\u884c\u547d", "userReviewDate": "2018-05-21", "userURL": "http://user.17k.com/57805613", "userReview": "\u6295\u7968\u7b11\u6b7b\u6211\u4e86\uff0c\u54c8\u54c8~~"}, {"userName": "\u68a6\u9192\u5929\u5dee", "userReviewDate": "2018-02-18", "userURL": "http://user.17k.com/59595211", "userReview": "<span style='color:black'><a target='_blank' href='http://www.17k.com/book/2765324.html'>\u300a\u7edd\u5578\u4e94\u884c\u300b</a>\u6765\u8bbf\uff0c\u5927\u5927\u52a0\u6cb9\uff01\u52aa\u529b</span>"}, {"userName": "\u671b\u7740\u5929\u660e", "userReviewDate": "2018-02-17", "userURL": "http://user.17k.com/35634702", "userReview": "\u52a0\u6cb9\u52a0\u6cb9\uff01\uff01\uff01\u9876\u4e00\u4e2a\uff0c\u4e92\u76f8\u4ea4\u6d41\u54e6\uff01<a target='_blank' href='http://www.17k.com/book/2777806.html'>\u300a\u6781\u9650\u7edd\u5531\u300b</a>http://www.17k.com/book/2777806.html &nbsp; &nbsp; &nbsp;\u6b22\u8fce\u56de\u8bbf\uff01"}, {"userName": "\u661f\u7a7a\u591c\u68a6\u58f9", "userReviewDate": "2018-02-10", "userURL": "http://user.17k.com/58116533", "userReview": "\u53c8\u662f\u5468\u672b\u4e86\uff0c\u661f\u7a7a\u53c8\u6765\u770b\u4e66\u8bbf\u53cb\uff0c\u652f\u6301\u597d\u4e66\u4e86\uff0c\u5468\u672b\u6109\u5feb\uff0c\u7801\u5b57\u5feb\u4e50\u554a\uff01"}, {"userName": "\u661f\u7a7a\u591c\u68a6\u58f9", "userReviewDate": "2018-02-01", "userURL": "http://user.17k.com/58116533", "userReview": "\u5927\u5927\u52a0\u6cb9\u2196(^\u03c9^)\u2197\uff0c\u7ee7\u7eed\u52aa\u529b\u521b\u4f5c\u5427"}, {"userName": "\u5494\u5494\u5494\u562d\u5494", "userReviewDate": "2018-01-28", "userURL": "http://user.17k.com/35762313", "userReview": "\u6211\u4ece\u6765\u6ca1\u770b\u8fc7\u6cd5\u5e08\u7684\u4e66\uff0c\u4f46\u6211\u81ea\u5df1\u5728\u5199\uff0c\u4e0d\u77e5\u9053\u600e\u4e48\u5199\u5c31\u778e\u5199\uff0c\u6b63\u597d\u6765\u4f60\u8fd9\u91cc\u501f\u9274\u4e00\u4e0b"}, {"userName": "\u661f\u7a7a\u591c\u68a6\u58f9", "userReviewDate": "2018-01-26", "userURL": "http://user.17k.com/58116533", "userReview": "\u5927\u5927\u665a\u4e0a\u597d\uff0c\u518d\u63a5\u518d\u5389\u54df\uff0c\u661f\u7a7a\u643a\u62d9\u4f5c<a target='_blank' href='http://www.17k.com/book/2705953.html'>\u300a\u9b3c\u8ff9\u5bfb\u8e2a\u300b</a>\u524d\u6765\u62dc\u8bbf\uff0c\u665a\u8bfb\u597d\u4e66\uff0c\u795d\u4f60\u521b\u4f5c\u5feb\u4e50\uff01"}, {"userName": "\u80fd\u51fa\u6ca1\u6ce8\u610f", "userReviewDate": "2018-01-17", "userURL": "http://user.17k.com/38335788", "userReview": "\u76d6\u7ae0\u652f\u6301"}, {"userName": "\u8d75\u5377\u5377", "userReviewDate": "2018-01-15", "userURL": "http://user.17k.com/58859113", "userReview": "\u5377\u5377\u5e26\u7740<a target='_blank' href='http://www.17k.com/book/2739286.html'>\u300a104\u53f7\u5b9e\u9a8c\u300b</a>\u6765\u4e86\uff0c\u652f\u6301\u5927\u5927\uff01"}, {"userName": "\u51e1\u4ed9\u5fd8\u5c18", "userReviewDate": "2018-01-14", "userURL": "http://user.17k.com/14275123", "userReview": "<span style='color:black'>\u52a0\u6cb9\u52a0\u6cb9\uff0c\u5e0c\u671b\u4f60\u80fd\u4e00\u76f4\u5199\u4e0b\u53bb\uff0c\u6211\u7231\u770b\uff01</span>"}, {"userName": "\u51e1\u4ed9\u5fd8\u5c18", "userReviewDate": "2018-01-14", "userURL": "http://user.17k.com/14275123", "userReview": "\u5df2\u6536\u85cf"}, {"userName": "\u51e1\u4ed9\u5fd8\u5c18", "userReviewDate": "2018-01-14", "userURL": "http://user.17k.com/14275123", "userReview": "[\u6253\u8d4f]\u6211\u6253\u8d4f\u4e861\u5143\u7ea2\u5305\uff01\uff01"}, {"userName": "\u8fb9\u5883\u4e4b\u8c23", "userReviewDate": "2018-01-14", "userURL": "http://user.17k.com/58959630", "userReview": "\u5199\u5f97\u5f88\u68d2\u54e9\uff01\u63a8\uff5e"}, {"userName": "\u672a\u6765\u8001\u9f20", "userReviewDate": "2018-01-09", "userURL": "http://user.17k.com/46396493", "userReview": "\u6211\u5c31\u662f\u4e0d\u70b9\u6536\u85cf \u5927\u5927\u6765\u6253\u6211\u5440\uff0c\u52a0\u6cb9\uff0c\u7231\u4f60<a target='_blank' href='http://www.17k.com/book/2725309.html'>\u300a\u534a\u7c73\u9633\u5149\u84dd\u5c71\u5357\u300b</a>\u6765\u8bbf"}, {"userName": "\u51ac\u874e\u706b\u9a6c", "userReviewDate": "2018-01-04", "userURL": "http://user.17k.com/57967932", "userReview": "\u4f5c\u8005\u4eba\u5462\u3002\u3002\u3002"}, {"userName": "\u98de\u96ea\u4e71\u6e05\u98ce", "userReviewDate": "2018-01-02", "userURL": "http://user.17k.com/45159154", "userReview": "<a target='_blank' href='http://www.17k.com/book/2677053.html'>\u300a\u9b54\u5984\u300b</a>\u6765\u8bbf\uff0c\u5348\u597d\uff0c\u6b63\u4e49"}, {"userName": "\u5b50\u660e1984", "userReviewDate": "2017-12-29", "userURL": "http://user.17k.com/58528302", "userReview": "\u8d5e\u4e00\u4e2a"}, {"userName": "\u5403\u4e0d\u817b\u7684\u96f6\u98df", "userReviewDate": "2017-12-26", "userURL": "http://user.17k.com/49063238", "userReview": "\u53ef\u7231\u7684\u5c0f\u79bb\u4eba\u6765\u54af~\u652f\u6301\u5927\u5927~"}, {"userName": "\u68a6\u788e\u51cc\u70df\u9601", "userReviewDate": "2017-12-21", "userURL": "http://user.17k.com/58642234", "userReview": "\u9001\u4e2a\u82b1\u82b1\u652f\u6301\u4e00\u4e0b\uff0c\u6709\u7a7a\u6765\u770b\u770b\u6211\u7684<a target='_blank' href='http://www.17k.com/book/2731039.html'>\u300a\u843d\u53f6\u5728\u79cb\u98ce\u91cc\u98de\u300b</a>"}], "description": "\u9b54\u571f\u5927\u9646\u4e4b\u4e0a\uff0c\u6709\u4e00\u4f4d\u5c11\u5e74\u6cd5\u5e08\u5929\u624d\uff0c\u7cbe\u901a\u91d1\u3001\u6728\u3001\u6c34\u3001\u706b\u3001\u571f\u3001\u7535\u3001\u97f3\u3001\u51b0\u3001\u98ce\u4e5d\u7cfb\u6cd5\u672f\u3000\u3000\u53ea\u53ef\u60dc\u5bb6\u9022\u4e0d\u5e78\u3001\u60e8\u906d\u53d8\u6545\uff0c\u5c11\u5e74\u53d8\u5f97\u5fc3\u5982\u6b7b\u7070\u3001\u51b7\u9762\u65e0\u60c5\u2026\u2026\u3000\u3000\u201c\u4ec7\u6068\u201d\u5316\u4f5c\u4ed6\u7684\u52a8\u529b\uff0c\u201c\u9b54\u6cd5\u201d\u662f\u4ed6\u552f\u4e00\u7684\u6b66\u5668\u3000\u3000\u5c11\u5e74\u5f00\u59cb\u6500\u4e0a\u4e86\u4e00\u67b6\u540d\u4e3a\u201c\u4e71\u4e16\u201d\u7684\u68af\u5b50\u2026\u2026", "title": "\u8fd9\u4e2a\u6cd5\u5e08\u6709\u70b9\u51b7", "url": "http://www.17k.com/book/2740673.html", "average": -1.0, "cover": "http://img.17k.com/images/bookcover/2017/13703/68/2740673-1513417151000.jpg", "reviews": 5918, "authors": [{"url": "http://www.17k.com/zuozhe/44777368", "name": "\u6b63\u4e49\u7684\u5730\u7403\u4eba"}], "type": ["\u5f02\u754c\u5927\u9646"], "outlinks": ["http://www.17k.com/book/2794982.html", "http://www.17k.com/book/2801292.html", "http://www.17k.com/book/2816318.html", "http://www.17k.com/book/2797575.html", "http://www.17k.com/book/2802516.html", "http://www.17k.com/book/2812195.html", "http://www.17k.com/book/2820143.html", "http://www.17k.com/book/2807943.html", "http://www.17k.com/book/2813457.html", "http://www.17k.com/book/2798058.html", "http://www.17k.com/book/2815617.html", "http://www.17k.com/book/2805259.html", "http://www.17k.com/book/2760255.html", "http://www.17k.com/book/2686894.html", "http://www.17k.com/book/2797016.html", "http://www.17k.com/book/2767246.html", "http://www.17k.com/book/2764239.html", "http://www.17k.com/book/2754498.html", "http://www.17k.com/book/2754900.html", "http://www.17k.com/book/2625740.html", "http://www.17k.com/book/2213315.html", "http://www.17k.com/book/2402178.html", "http://www.17k.com/book/2691221.html", "http://www.17k.com/book/2210699.html", "http://www.17k.com/book/1797752.html", "http://www.17k.com/book/2575507.html", "http://www.17k.com/book/2705181.html", "http://www.17k.com/book/2702539.html", "http://www.17k.com/book/2474887.html", "http://www.17k.com/book/2674733.html", "http://www.17k.com/book/2822076.html", "http://www.17k.com/book/2809894.html", "http://www.17k.com/book/2822077.html", "http://www.17k.com/book/2811930.html", "http://www.17k.com/book/2815548.html", "http://www.17k.com/book/2819620.html", "http://www.17k.com/book/2809964.html", "http://www.17k.com/book/2808200.html", "http://www.17k.com/book/2820100.html", "http://www.17k.com/book/2822978.html", "http://www.17k.com/book/2804337.html", "http://www.17k.com/book/2798814.html", "http://www.17k.com/book/2785153.html", "http://www.17k.com/book/2731559.html", "http://www.17k.com/book/2722533.html", "http://www.17k.com/book/2458377.html", "http://www.17k.com/book/2743300.html", "http://www.17k.com/book/973809.html", "http://www.17k.com/book/2651367.html", "http://www.17k.com/book/2726194.html", "http://www.17k.com/book/2790214.html", "http://www.17k.com/book/493239.html", "http://www.17k.com/book/108821.html", "http://www.17k.com/book/1398783.html", "http://www.17k.com/book/83528.html", "http://www.17k.com/book/1859126.html", "http://www.17k.com/book/1741975.html", "http://www.17k.com/book/192453.html", "http://www.17k.com/book/2459058.html", "http://www.17k.com/book/1050747.html", "http://www.17k.com/book/2700315.html", "http://www.17k.com/book/2818940.html", "http://www.17k.com/book/2819519.html", "http://www.17k.com/book/2816390.html", "http://www.17k.com/book/2819588.html", "http://www.17k.com/book/2813768.html", "http://www.17k.com/book/2822406.html", "http://www.17k.com/book/2772164.html", "http://www.17k.com/book/2784023.html", "http://www.17k.com/book/2811877.html", "http://www.17k.com/book/2809119.html", "http://www.17k.com/book/2803700.html", "http://www.17k.com/book/2819561.html", "http://www.17k.com/book/2746506.html", "http://www.17k.com/book/2811836.html", "http://www.17k.com/book/2614810.html", "http://www.17k.com/book/1592435.html", "http://www.17k.com/book/1949748.html", "http://www.17k.com/book/2265802.html", "http://www.17k.com/book/2743240.html", "http://www.17k.com/book/2657437.html", "http://www.17k.com/book/2644502.html", "http://www.17k.com/book/2199900.html", "http://www.17k.com/book/2725436.html", "http://www.17k.com/book/2629978.html"]}