{"ratings": -1, "userreviews": [{"userName": "\u5f04\u7434\u4eba", "userReviewDate": "2017-07-23", "userURL": "http://user.17k.com/47081533", "userReview": "\u8822\u4f5c\u8005\u8d77\u540d\u5e9f\uff0c\u81ea\u52a8\u751f\u6210\u8f6f\u4ef6\u4e5f\u6551\u4e0d\u4e86\u4e86\u6211\u3002\u7acb\u4e2a\u9f99\u5957\u697c\u3002\u559c\u6b22\u770b\u4e66\u7684\u5c0f\u53ef\u7231\u4eec\u53ef\u4ee5\u5728\u4e0b\u9762\u8ddf\u5e16\u5e2e\u8822\u4f5c\u8005\u53d6\u540d\uff0c\u5982\u679c\u53d6\u7684\u540d\u5b57\u5e26\u4e0a\u6027\u683c\uff0c\u7075\u6839\u5c5e\u6027\u548c\u72ec\u95e8\u6b66\u6280\u5c31\u66f4\u597d\u4e86\uff0c\u8bf4\u4e0d\u5b9a\u4e0b\u4e00\u4e2a\u51fa\u73b0\u7684\u914d\u89d2\u5c31\u662f\u4f60\u5b9a\u5236\u7684\u5462~\uff01\u8fd8\u7b49\u4ec0\u4e48\uff1f\u5404\u79cd\u9a9a\u6c14\u4fa7\u6f0f\u7684\u4eba\u8bbe\u5411\u6211\u7838\u6765\u5427~\uff01"}, {"userName": "\u5f04\u7434\u4eba", "userReviewDate": "2017-07-07", "userURL": "http://user.17k.com/47081533", "userReview": "\u4e3a\u4e86\u4fdd\u8bc1\u4e66\u8bc4\u533a\u7684\u6574\u6d01\uff0c\u5e0c\u671b\u6765\u6253\u5e7f\u544a\u7684\u7ae5\u978b\u79fb\u6b65\u8fd9\u91cc\u3002\u968f\u5730\u4e71\u53d1\u5c0f\u5e7f\u544a\u7684\uff0c\u4e00\u5f8b\u6ca1\u6536\u5de5\u5177\u5594~"}, {"userName": "\u5728\u56de\u5fc6\u91cc\u7684\u5973\u5b69", "userReviewDate": "2018-06-08", "userURL": "http://user.17k.com/62541772", "userReview": "\u7b2c\u4e5d\u5341\u4e5d\u7ae0\u600e\u9ebd\u548c\u4e4b\u524d\u7684\u4e00\u7ae0\u91cd\u8907\u4e86\uff1f"}, {"userName": "\u77e5\u79cb\u61c2\u79cb\u8d4f\u79cb", "userReviewDate": "2018-06-07", "userURL": "http://user.17k.com/56115906", "userReview": "\u5076\u7136\u901b\u5230\u8fd9\u91cc\uff0c\u7a0d\u5750\u770b\u4e66\u3002"}, {"userName": "\u4e1c\u65b9\u4e00\u7ebf\u7ea2", "userReviewDate": "2018-06-07", "userURL": "http://user.17k.com/57262495", "userReview": "\u4e0d\u9519\u7684\u5c0f\u8bf4\uff0c\u503c\u5f97\u4e00\u770b\uff01"}, {"userName": "17K\u4e66\u53cbhgpe5itl", "userReviewDate": "2018-06-01", "userURL": "http://user.17k.com/61498239", "userReview": "[\u6253\u8d4f]\u6211\u6253\u8d4f\u4e861\u5143\u7ea2\u5305\uff01\uff01"}, {"userName": "17K\u4e66\u53cb9Q1WJHJM", "userReviewDate": "2018-05-29", "userURL": "http://user.17k.com/61909886", "userReview": "O(\u2229_\u2229)O"}, {"userName": "17K\u4e66\u53cbF0B0GHXE", "userReviewDate": "2018-05-27", "userURL": "http://user.17k.com/62193775", "userReview": "\u51d1\u4e2a\u5b57\u6570\u54c8&#55357;&#56842;"}, {"userName": "\u8273\u9633\u9ad8\u7167921812324", "userReviewDate": "2018-05-25", "userURL": "http://user.17k.com/56741143", "userReview": "465264758"}, {"userName": "\u8273\u9633\u9ad8\u7167921812324", "userReviewDate": "2018-05-24", "userURL": "http://user.17k.com/56741143", "userReview": "\u3002\uff1f\uff1f \uff01\uff01\uff0c"}, {"userName": "17K\u4e66\u53cbG6L95EOP", "userReviewDate": "2018-05-24", "userURL": "http://user.17k.com/62068162", "userReview": "\u6709\u70b9\u610f\u601d\uff01"}, {"userName": "\u53f8\u5f92\u6842\u82b1", "userReviewDate": "2018-05-21", "userURL": "http://user.17k.com/61982288", "userReview": "\u597d\u770b(\uff61\uff65\u03c9\uff65\uff61)\uff89\u2661"}, {"userName": "17K\u4e66\u53cb96b5y7z3", "userReviewDate": "2018-05-19", "userURL": "http://user.17k.com/61960721", "userReview": "\uff0c\uff0c\uff0c \uff0c\uff0c"}, {"userName": "sesvo", "userReviewDate": "2018-05-19", "userURL": "http://user.17k.com/61917052", "userReview": "\u5154\u5154\u54e6\u54e6\u54e6"}, {"userName": "\u6597\u5927\u672b\u4e16", "userReviewDate": "2018-05-19", "userURL": "http://user.17k.com/56863852", "userReview": "\u5927\u795e\uff0c\u5927\u795e\uff0c\u597d\u4e45\u4e0d\u89c1\uff01\u541b\u4f9d\u65e7\u7f8e\u597d\u3002"}, {"userName": "\u82e5\u831c\u7136", "userReviewDate": "2018-05-19", "userURL": "http://user.17k.com/61542800", "userReview": "\u3002\u3002\u3002\u3002\u3002\u3002\u3002\u3002\u3002"}, {"userName": "\u82e5\u831c\u7136", "userReviewDate": "2018-05-19", "userURL": "http://user.17k.com/61542800", "userReview": "\u3002\u3002\u3002\u3002\u3002\u3002\u3002\u3002\u3002"}, {"userName": "\u82e5\u831c\u7136", "userReviewDate": "2018-05-18", "userURL": "http://user.17k.com/61542800", "userReview": "\u3002\u3002\u3002\u3002\u3002"}, {"userName": "\u82e5\u831c\u7136", "userReviewDate": "2018-05-18", "userURL": "http://user.17k.com/61542800", "userReview": "\u3002\u3002\u3002\u3002\u3002"}, {"userName": "17K\u4e66\u53cb8x2j1ffx", "userReviewDate": "2018-05-17", "userURL": "http://user.17k.com/61838573", "userReview": "\u592a\u592a\u592a\u597d\u770b\u4e86"}], "description": "\u91cd\u6d3b\u4e00\u4e16\uff0c\u5c31\u8981\u6709\u4ec7\u62a5\u4ec7\u6709\u51a4\u62a5\u51a4\u3002\u3000\u3000\u5ae1\u6bcd\u72e0\u6bd2\uff1f\u5c31\u6162\u6162\u62d4\u53bb\u5b83\u7684\u722a\u7259\uff0c\u8ba9\u5979\u56a3\u5f20\u4e0d\u8d77\u6765\u3002\u3000\u3000\u59b9\u59b9\u9634\u72e0\uff1f\u90a3\u5c31\u5c06\u5979\u5f15\u4ee5\u4e3a\u50b2\u7684\u5929\u8d44\u8e29\u5728\u811a\u4e0b\u3002\u3000\u3000\u539f\u4ee5\u4e3a\u62a5\u4e86\u4e0a\u8f88\u5b50\u7684\u4ec7\uff0c\u8fd9\u4e00\u4e16\u5c31\u80fd\u900d\u9065\u75db\u5feb\u4e86\uff0c\u6ca1\u60f3\u5230\u5371\u673a\u4e5f\u63a5\u8e35\u800c\u6765\u3002\u3000\u3000\u79cd\u65cf\u7684\u4ec7\u6068\uff0c\u8840\u8109\u7684\u5ef6\u7eed\uff0c\u90fd\u5728\u5979\u4e00\u4eba\u8eab\u4e0a\u3002\u3000\u3000\u5e78\u597d\uff0c\u8fd9\u8346\u68d8\u4e4b\u8def\uff0c\u603b\u6709\u90a3\u4e48\u4e00\u4eba\u62a4\u5979\u524d\u884c\u3002\u3000\u3000\u201c\u4e09\u7687\u5b50\uff0c\u4f60\u53ef\u540e\u6094\u966a\u6211\u8d70\u4e0a\u8fd9\u5f11\u795e\u4e4b\u8def\uff1f\u201d\u3000\u3000\u90a3\u4eba\u8f7b\u7b11\uff0c\u76ee\u5149\u7f31\u5026\uff1a\u201c\u6709\u4f60\u76f8\u4f34\uff0c\u6b64\u751f\u65e0\u6094\u3002\u201d", "title": "\u8fdb\u51fb\u7684\u5e9f\u6750", "url": "http://www.17k.com/book/2474887.html", "average": -1.0, "cover": "http://img.17k.com/images/bookcover/2017/12374/61/2474887-1494824969000.jpg", "reviews": 936632, "authors": [{"url": "http://www.17k.com/zuozhe/47081533", "name": "\u5f04\u7434"}], "type": ["\u5f02\u754c\u9b54\u6cd5"], "outlinks": ["http://www.17k.com/book/2794982.html", "http://www.17k.com/book/2801292.html", "http://www.17k.com/book/2816318.html", "http://www.17k.com/book/2797575.html", "http://www.17k.com/book/2802516.html", "http://www.17k.com/book/2812195.html", "http://www.17k.com/book/2820143.html", "http://www.17k.com/book/2807943.html", "http://www.17k.com/book/2813457.html", "http://www.17k.com/book/2798058.html", "http://www.17k.com/book/2815617.html", "http://www.17k.com/book/2805259.html", "http://www.17k.com/book/2760255.html", "http://www.17k.com/book/2686894.html", "http://www.17k.com/book/2797016.html", "http://www.17k.com/book/2767246.html", "http://www.17k.com/book/2764239.html", "http://www.17k.com/book/2754498.html", "http://www.17k.com/book/2754900.html", "http://www.17k.com/book/2625740.html", "http://www.17k.com/book/2213315.html", "http://www.17k.com/book/2402178.html", "http://www.17k.com/book/2691221.html", "http://www.17k.com/book/2210699.html", "http://www.17k.com/book/1797752.html", "http://www.17k.com/book/2575507.html", "http://www.17k.com/book/2705181.html", "http://www.17k.com/book/2702539.html", "http://www.17k.com/book/2474887.html", "http://www.17k.com/book/2674733.html", "http://www.17k.com/book/2822076.html", "http://www.17k.com/book/2809894.html", "http://www.17k.com/book/2822077.html", "http://www.17k.com/book/2811930.html", "http://www.17k.com/book/2815548.html", "http://www.17k.com/book/2819620.html", "http://www.17k.com/book/2809964.html", "http://www.17k.com/book/2808200.html", "http://www.17k.com/book/2820100.html", "http://www.17k.com/book/2822978.html", "http://www.17k.com/book/2804337.html", "http://www.17k.com/book/2798814.html", "http://www.17k.com/book/2785153.html", "http://www.17k.com/book/2731559.html", "http://www.17k.com/book/2722533.html", "http://www.17k.com/book/2458377.html", "http://www.17k.com/book/2743300.html", "http://www.17k.com/book/973809.html", "http://www.17k.com/book/2651367.html", "http://www.17k.com/book/2726194.html", "http://www.17k.com/book/2790214.html", "http://www.17k.com/book/493239.html", "http://www.17k.com/book/108821.html", "http://www.17k.com/book/1398783.html", "http://www.17k.com/book/83528.html", "http://www.17k.com/book/1859126.html", "http://www.17k.com/book/1741975.html", "http://www.17k.com/book/192453.html", "http://www.17k.com/book/2459058.html", "http://www.17k.com/book/1050747.html", "http://www.17k.com/book/2700315.html", "http://www.17k.com/book/2818940.html", "http://www.17k.com/book/2819519.html", "http://www.17k.com/book/2816390.html", "http://www.17k.com/book/2819588.html", "http://www.17k.com/book/2813768.html", "http://www.17k.com/book/2822406.html", "http://www.17k.com/book/2772164.html", "http://www.17k.com/book/2784023.html", "http://www.17k.com/book/2811877.html", "http://www.17k.com/book/2809119.html", "http://www.17k.com/book/2803700.html", "http://www.17k.com/book/2819561.html", "http://www.17k.com/book/2746506.html", "http://www.17k.com/book/2811836.html", "http://www.17k.com/book/2614810.html", "http://www.17k.com/book/1592435.html", "http://www.17k.com/book/1949748.html", "http://www.17k.com/book/2265802.html", "http://www.17k.com/book/2743240.html", "http://www.17k.com/book/2657437.html", "http://www.17k.com/book/2644502.html", "http://www.17k.com/book/2199900.html", "http://www.17k.com/book/2725436.html", "http://www.17k.com/book/2629978.html"]}