{"ratings": -1, "userreviews": [{"userName": "\u84a8\u58a8", "userReviewDate": "2018-02-24", "userURL": "http://user.17k.com/55976660", "userReview": "\u5927\u5927\u6211\u5899\u90fd\u4e0d\u670d\uff0c\u5c31\u670d\u4f60\uff0c\u5750\u7740\u5c0f\u677f\u51f3\u7b49\u5f85\u66f4\u65b0\u3002<a target='_blank' href='http://www.17k.com/book/2770227.html'>\u300a\u5251\u5df2\u51fa\u9798\u300b</a>\u6765\u8bbf\uff0c\u5e0c\u671b\u5927\u5927\u53ef\u4ee5\u56de\u8bbf"}, {"userName": "\u5c18\u6d6e756085238", "userReviewDate": "2018-02-06", "userURL": "http://user.17k.com/59754848", "userReview": "<a target='_blank' href='http://www.17k.com/book/2770668.html'>\u300a\u9053\u6211\u547d\u300b</a>\u524d\u6765\u9876\u793c\u819c\u62dc"}, {"userName": "\u829d\u5170\u7389\u6811113776312", "userReviewDate": "2018-01-08", "userURL": "http://user.17k.com/54691896", "userReview": "\u4f5c\u8005\u5927\u5927\u7684\u4e66\u771f\u597d\u770b\uff0c\u5df2\u7ecf\u6536\u85cf\u3002\u4e66\u8352\u7684\u670b\u53cb\uff0c\u6211\u7ed9\u5927\u5bb6\u63a8\u8350\u4e00\u672c\u4e66<a target='_blank' href='http://www.17k.com/book/2724537.html'>\u300a\u82cd\u7a79\u8427\u5e1d\u300b</a>\u3002"}, {"userName": "\u98de\u96ea\u4e71\u6e05\u98ce", "userReviewDate": "2017-11-16", "userURL": "http://user.17k.com/45159154", "userReview": "<a target='_blank' href='http://www.17k.com/book/2677053.html'>\u300a\u9b54\u5984\u300b</a>\u98d8\u8fc7"}], "description": "\u5929\u699c\u7b2c\u4e00\u7684\u6cd5\u8eab\u7ea7\u9ad8\u4eba\uff0c\u91cd\u751f\u5343\u5e74\u540e\uff0c\u7ffb\u624b\u4e3a\u4e91\uff0c\u8986\u624b\u4e3a\u96e8\u3002\u65a9\u8bf8\u5929\u4ed9\u5723\uff0c\u8e0f\u901a\u5929\u795e\u9014\uff0c\u6210\u5c31\u65e0\u654c\u3002", "title": "\u901a\u5929\u795e\u9014", "url": "http://www.17k.com/book/2692185.html", "average": -1.0, "cover": "http://img.17k.com/images/bookcover/partner/21/85/2692185/2692185.jpg", "reviews": 62855, "authors": [{"url": "http://www.17k.com/zuozhe/56805969", "name": "\u51b7\u5251"}], "type": ["\u4e1c\u65b9\u7384\u5e7b"], "outlinks": ["http://www.17k.com/book/2794982.html", "http://www.17k.com/book/2801292.html", "http://www.17k.com/book/2816318.html", "http://www.17k.com/book/2797575.html", "http://www.17k.com/book/2802516.html", "http://www.17k.com/book/2812195.html", "http://www.17k.com/book/2820143.html", "http://www.17k.com/book/2807943.html", "http://www.17k.com/book/2813457.html", "http://www.17k.com/book/2798058.html", "http://www.17k.com/book/2815617.html", "http://www.17k.com/book/2805259.html", "http://www.17k.com/book/2760255.html", "http://www.17k.com/book/2686894.html", "http://www.17k.com/book/2797016.html", "http://www.17k.com/book/2767246.html", "http://www.17k.com/book/2764239.html", "http://www.17k.com/book/2754498.html", "http://www.17k.com/book/2754900.html", "http://www.17k.com/book/2625740.html", "http://www.17k.com/book/2213315.html", "http://www.17k.com/book/2402178.html", "http://www.17k.com/book/2691221.html", "http://www.17k.com/book/2210699.html", "http://www.17k.com/book/1797752.html", "http://www.17k.com/book/2575507.html", "http://www.17k.com/book/2705181.html", "http://www.17k.com/book/2702539.html", "http://www.17k.com/book/2474887.html", "http://www.17k.com/book/2674733.html", "http://www.17k.com/book/2822076.html", "http://www.17k.com/book/2809894.html", "http://www.17k.com/book/2822077.html", "http://www.17k.com/book/2811930.html", "http://www.17k.com/book/2815548.html", "http://www.17k.com/book/2819620.html", "http://www.17k.com/book/2809964.html", "http://www.17k.com/book/2808200.html", "http://www.17k.com/book/2820100.html", "http://www.17k.com/book/2822978.html", "http://www.17k.com/book/2804337.html", "http://www.17k.com/book/2798814.html", "http://www.17k.com/book/2785153.html", "http://www.17k.com/book/2731559.html", "http://www.17k.com/book/2722533.html", "http://www.17k.com/book/2458377.html", "http://www.17k.com/book/2743300.html", "http://www.17k.com/book/973809.html", "http://www.17k.com/book/2651367.html", "http://www.17k.com/book/2726194.html", "http://www.17k.com/book/2790214.html", "http://www.17k.com/book/493239.html", "http://www.17k.com/book/108821.html", "http://www.17k.com/book/1398783.html", "http://www.17k.com/book/83528.html", "http://www.17k.com/book/1859126.html", "http://www.17k.com/book/1741975.html", "http://www.17k.com/book/192453.html", "http://www.17k.com/book/2459058.html", "http://www.17k.com/book/1050747.html", "http://www.17k.com/book/2700315.html", "http://www.17k.com/book/2818940.html", "http://www.17k.com/book/2819519.html", "http://www.17k.com/book/2816390.html", "http://www.17k.com/book/2819588.html", "http://www.17k.com/book/2813768.html", "http://www.17k.com/book/2822406.html", "http://www.17k.com/book/2772164.html", "http://www.17k.com/book/2784023.html", "http://www.17k.com/book/2811877.html", "http://www.17k.com/book/2809119.html", "http://www.17k.com/book/2803700.html", "http://www.17k.com/book/2819561.html", "http://www.17k.com/book/2746506.html", "http://www.17k.com/book/2811836.html", "http://www.17k.com/book/2614810.html", "http://www.17k.com/book/1592435.html", "http://www.17k.com/book/1949748.html", "http://www.17k.com/book/2265802.html", "http://www.17k.com/book/2743240.html", "http://www.17k.com/book/2657437.html", "http://www.17k.com/book/2644502.html", "http://www.17k.com/book/2199900.html", "http://www.17k.com/book/2725436.html", "http://www.17k.com/book/2629978.html"]}