{"ratings": -1, "userreviews": [{"userName": "\u4fee\u7f57\u6bbf\u25c6\u6d41\u82cf", "userReviewDate": "2013-11-24", "userURL": "http://user.17k.com/16639688", "userReview": "\u5efa\u4e00\u4e2a\u7ea0\u9519\u697c \u7f6e\u9876\u628a\u6602 "}, {"userName": "\u963f\u798f\u2014\u798f\u5c11", "userReviewDate": "2013-11-11", "userURL": "http://user.17k.com/2093221", "userReview": "\u54df\uff0c\u201c\u9053\u54e5\u201d\u5f00\u65b0\u4e66\u4e86\u554a\uff01\uff01\uff01\uff01\uff01\n\u52aa\u529b\u51b2\u699c\uff0c\u52a0\u6cb9\u52a0\u6cb9\uff01"}, {"userName": "\u7ec7\u4f24", "userReviewDate": "2013-10-28", "userURL": "http://user.17k.com/1627591", "userReview": "\u5c0f\u9053\u5a01\u6b66\uff0c\u606d\u8d3a\u65b0\u4e66\u53d1\u5e03~\n\u6d0b\u6d0b\u6d12\u6d12\u4e03\u767e\u591a\u4e07\u5b57\u7684<a target='_blank' href='http://www.17k.com/book/162808.html'>\u300a\u5e1d\u9053\u81f3\u5c0a\u300b</a>\u5b8c\u672c\uff0c\u65b0\u4e66\u4e2d\u5c0f\u9053\u706b\u529b\u5168\u5f00\u3002\n\u8bb2\u8ff0\u4e00\u4e2a\u725b\u903c\u7684\u4e3b\u89d2\u51cc\u9053\u88ab\u538b\u5728\u795e\u5251\u5c71\u4e0b\u4e94\u5343\u5e74\u540e\uff0c\u5f00\u59cb\u51fa\u5c71\u627e\u573a\u5b50\u7684\u6545\u4e8b\uff0c\u9ad8\u6f6e\u9150\u7545\u6dcb\u6f13\u50ac\u4eba\u5c3f\u4e0b\uff0c\u63a8\u8350\u5927\u5bb6\u56f4\u89c2~"}, {"userName": "\u9ed1\u6697\u5d1b\u8d7701", "userReviewDate": "2013-10-28", "userURL": "http://user.17k.com/2036512", "userReview": "\u53e6\u5916\u7ed9\u4f60\u5f00\u4e2a\u5e7f\u544a\u697c\uff0c\u90a3\u4e2a\u6253\u5e7f\u544a\u7684\u6765\u8fd9\u91cc\u597d\u4e86\uff0c\u5176\u4ed6\u5730\u65b9\u4f1a\u88ab\u5220\u54e6\u3002"}, {"userName": "\u751f \u6d3b \u590d \u6742", "userReviewDate": "2018-06-08", "userURL": "http://user.17k.com/62583480", "userReview": "66666666"}, {"userName": "@\u3002^O^\u250f (^\u03c9^)=\u261eLove", "userReviewDate": "2018-06-07", "userURL": "http://user.17k.com/49290860", "userReview": "\u8fd9\u6837\u5c31\u5b8c\u4e86\uff1f\u7136\u540e\u5462\uff01\uff01\uff01\uff01\uff01\uff01\uff01"}, {"userName": "\u9152\u9189\u76f8\u8bc6", "userReviewDate": "2018-06-04", "userURL": "http://user.17k.com/47396818", "userReview": "&#55357;&#56391;&#55357;&#56391;&#55357;&#56391;&#55357;&#56391;&#55357;&#56391;&#55357;&#56391;&#55357;&#56391;"}, {"userName": "\u9152\u9189\u76f8\u8bc6", "userReviewDate": "2018-06-03", "userURL": "http://user.17k.com/47396818", "userReview": "98563"}, {"userName": "\u5f20\u4e50\u56fd", "userReviewDate": "2018-06-01", "userURL": "http://user.17k.com/50350882", "userReview": "\u52a0\u6cb9\u52a0\u6cb9\u771f\u7231\u9053\u795e"}, {"userName": "\u5f20\u4e50\u56fd", "userReviewDate": "2018-05-31", "userURL": "http://user.17k.com/50350882", "userReview": "\u771f\u8fc7\u763e\uff0c\u5927\u7231\u9053\u795e"}, {"userName": "\u5317\u51a5\u6709\u9c7c\uff0c\u5176\u540d\u4e3a\u9cb2\u3002\u2026250773230", "userReviewDate": "2018-05-31", "userURL": "http://user.17k.com/61410714", "userReview": "[\u6253\u8d4f]\u6211\u6253\u8d4f\u4e861\u5143\u7ea2\u5305\uff01\uff01"}, {"userName": "\u9152\u9189\u76f8\u8bc6", "userReviewDate": "2018-05-30", "userURL": "http://user.17k.com/47396818", "userReview": "98523"}, {"userName": "\u5e78\u8fd0\u661f\u6c11", "userReviewDate": "2018-05-29", "userURL": "http://user.17k.com/12504552", "userReview": "\u70c2\u5c3e\u5462\uff1f\u597d\u4e45\u4e0d\u66f4\u4e86\uff1f"}, {"userName": "17k\u4e66\u53cb34a9ugjsa", "userReviewDate": "2018-05-29", "userURL": "http://user.17k.com/62270481", "userReview": "\u6ca1\u5199\u5b8c\u5230\u5929\u5c0a\u5c31\u6ca1\u4e86\uff0c\u5723\u738b\uff0c\u9053\u541b\uff0c\u9053\u4e3b\uff0c\u5e1d\u541b\uff0c\u90fd\u8fd8\u6ca1\u5230\u5462\u5199\u4e0d\u4e0b\u53bb\u4e86\u5417\uff1f"}, {"userName": "\u9152\u9189\u76f8\u8bc6", "userReviewDate": "2018-05-29", "userURL": "http://user.17k.com/47396818", "userReview": "78452"}, {"userName": "\u9152\u9189\u76f8\u8bc6", "userReviewDate": "2018-05-28", "userURL": "http://user.17k.com/47396818", "userReview": "23658"}, {"userName": "17k\u4e66\u53cbnr72pmuy6", "userReviewDate": "2018-05-27", "userURL": "http://user.17k.com/62229174", "userReview": "[\u6253\u8d4f]\u6211\u6253\u8d4f\u4e861\u5143\u7ea2\u5305\uff01\uff01"}, {"userName": "\u9152\u9189\u76f8\u8bc6", "userReviewDate": "2018-05-27", "userURL": "http://user.17k.com/47396818", "userReview": "98563"}, {"userName": "\u4e00\u5207\u968f\u98ce351433778", "userReviewDate": "2018-05-26", "userURL": "http://user.17k.com/43624524", "userReview": "\u7ed3\u5c40\u592a\u7b80\u5355"}, {"userName": "\u9152\u9189\u76f8\u8bc6", "userReviewDate": "2018-05-25", "userURL": "http://user.17k.com/47396818", "userReview": "12584"}], "description": "\u5251\u9053\u5929\u624d\uff0c\u8f6c\u4e16\u91cd\u751f\uff0c\u8986\u706d\u738b\u671d\uff0c\u6a2a\u626b\u56db\u65b9\uff01\u3000\u3000\u4fee\u5e1d\u7ecf\uff0c\u8089\u8eab\u65e0\u53cc\uff0c\u5f92\u624b\u6297\u795e\u5175\uff0c\u4e00\u5251\u5149\u5bd2\u5343\u4e07\u754c\uff01\u3000\u3000\u4e3a\u5144\u5f1f\uff0c\u4e24\u808b\u63d2\u5200\uff0c\u706b\u6d77\u5200\u5c71\uff0c\u809d\u80c6\u76f8\u7167\uff01\u3000\u3000\u4e3a\u7ea2\u989c\uff0c\u5f81\u6218\u5929\u4e0b\uff0c\u8840\u67d3\u516b\u8352\uff0c\u81f3\u6b7b\u4e0d\u6e1d\uff01\u3000\u3000\u8840\u96e8\u8165\u98ce\uff0c\u626c\u7709\u6de1\u7b11\uff0c\u6307\u5251\u95ee\u7fa4\u96c4\uff0c\u8c01\u6562\u4e0e\u6211\u4e00\u6218\uff1f\u3000\u3000\u96c4\u9e70\u4e0b\u5c71\uff0c\u731b\u864e\u51b2\u5929\uff0c\u8c01\u4e3b\u6c89\u6d6e\uff0c\u552f\u6211\u9053\u795e\uff01\u4f60\u547d\u7531\u6211\u4e0d\u7531\u5929\uff0c\u706d\u4f60\u53ea\u5728\u6325\u624b\u95f4\uff01\u3000\u3000\uff08\u4f5c\u8005\u5fae\u4fe1\u516c\u4f17\u53f7\uff1a\u51cc\u4e71\u7684\u5c0f\u9053\uff0c\u6b22\u8fce\u8bf8\u4f4d\u4e66\u53cb\u5173\u6ce8\uff0c\u7136\u540e\u548c\u4f5c\u8005\u8ba8\u8bba\u5267\u60c5\u3002\uff09", "title": "\u9053\u795e", "url": "http://www.17k.com/book/686132.html", "average": -1.0, "cover": "http://img.17k.com/images/bookcover/2015/3430/17/686132-1435168905000.jpg", "reviews": 72687248, "authors": [{"url": "http://www.17k.com/zuozhe/6680032", "name": "\u51cc\u4e71\u7684\u5c0f\u9053"}], "type": ["\u4e1c\u65b9\u7384\u5e7b"], "outlinks": ["http://www.17k.com/book/2794982.html", "http://www.17k.com/book/2801292.html", "http://www.17k.com/book/2816318.html", "http://www.17k.com/book/2797575.html", "http://www.17k.com/book/2802516.html", "http://www.17k.com/book/2812195.html", "http://www.17k.com/book/2820143.html", "http://www.17k.com/book/2807943.html", "http://www.17k.com/book/2813457.html", "http://www.17k.com/book/2798058.html", "http://www.17k.com/book/2815617.html", "http://www.17k.com/book/2805259.html", "http://www.17k.com/book/2760255.html", "http://www.17k.com/book/2686894.html", "http://www.17k.com/book/2797016.html", "http://www.17k.com/book/2767246.html", "http://www.17k.com/book/2764239.html", "http://www.17k.com/book/2754498.html", "http://www.17k.com/book/2754900.html", "http://www.17k.com/book/2625740.html", "http://www.17k.com/book/2213315.html", "http://www.17k.com/book/2402178.html", "http://www.17k.com/book/2691221.html", "http://www.17k.com/book/2210699.html", "http://www.17k.com/book/1797752.html", "http://www.17k.com/book/2575507.html", "http://www.17k.com/book/2705181.html", "http://www.17k.com/book/2702539.html", "http://www.17k.com/book/2474887.html", "http://www.17k.com/book/2674733.html", "http://www.17k.com/book/2822076.html", "http://www.17k.com/book/2809894.html", "http://www.17k.com/book/2822077.html", "http://www.17k.com/book/2811930.html", "http://www.17k.com/book/2815548.html", "http://www.17k.com/book/2819620.html", "http://www.17k.com/book/2809964.html", "http://www.17k.com/book/2808200.html", "http://www.17k.com/book/2820100.html", "http://www.17k.com/book/2822978.html", "http://www.17k.com/book/2804337.html", "http://www.17k.com/book/2798814.html", "http://www.17k.com/book/2785153.html", "http://www.17k.com/book/2731559.html", "http://www.17k.com/book/2722533.html", "http://www.17k.com/book/2458377.html", "http://www.17k.com/book/2743300.html", "http://www.17k.com/book/973809.html", "http://www.17k.com/book/2651367.html", "http://www.17k.com/book/2726194.html", "http://www.17k.com/book/2790214.html", "http://www.17k.com/book/493239.html", "http://www.17k.com/book/108821.html", "http://www.17k.com/book/1398783.html", "http://www.17k.com/book/83528.html", "http://www.17k.com/book/1859126.html", "http://www.17k.com/book/1741975.html", "http://www.17k.com/book/192453.html", "http://www.17k.com/book/2459058.html", "http://www.17k.com/book/1050747.html", "http://www.17k.com/book/2700315.html", "http://www.17k.com/book/2818940.html", "http://www.17k.com/book/2819519.html", "http://www.17k.com/book/2816390.html", "http://www.17k.com/book/2819588.html", "http://www.17k.com/book/2813768.html", "http://www.17k.com/book/2822406.html", "http://www.17k.com/book/2772164.html", "http://www.17k.com/book/2784023.html", "http://www.17k.com/book/2811877.html", "http://www.17k.com/book/2809119.html", "http://www.17k.com/book/2803700.html", "http://www.17k.com/book/2819561.html", "http://www.17k.com/book/2746506.html", "http://www.17k.com/book/2811836.html", "http://www.17k.com/book/2614810.html", "http://www.17k.com/book/1592435.html", "http://www.17k.com/book/1949748.html", "http://www.17k.com/book/2265802.html", "http://www.17k.com/book/2743240.html", "http://www.17k.com/book/2657437.html", "http://www.17k.com/book/2644502.html", "http://www.17k.com/book/2199900.html", "http://www.17k.com/book/2725436.html", "http://www.17k.com/book/2629978.html"]}