{"ratings": -1, "userreviews": [{"userName": "\u83ab\u7136\u516e", "userReviewDate": "2017-06-03", "userURL": "http://user.17k.com/51986859", "userReview": "\u5404\u4f4d\u4eb2\u7231\u7684\u8bfb\u8005\uff0c\u83ab\u7136\u516e\u771f\u7684\u611f\u8c22\u4f60\u4eec\u7684\u62ac\u7231\uff0c\u4e0d\u5e0c\u671b\u6709\u7ea2\u5305\uff0c\u9001\u4e00\u4e9b\u514d\u8d39\u7684\u9c9c\u82b1\u5c31\u53ef\u4ee5\u4e86\uff0c\u8c22\u8c22\u8c22\u8c22\u3002"}, {"userName": "17K\u4e66\u53cbPM8QRU37", "userReviewDate": "2018-06-08", "userURL": "http://user.17k.com/61194801", "userReview": "\u8fd9\u672c\u4e66\u5199\u7684\u5f88\u597d"}, {"userName": "17K\u4e66\u53cbPM8QRU37", "userReviewDate": "2018-06-07", "userURL": "http://user.17k.com/61194801", "userReview": "\u8fd9\u672c\u4e66\u5199\u7684\u5f88\u597d"}, {"userName": "\u533f\u540d17K5952537", "userReviewDate": "2018-06-07", "userURL": "http://user.17k.com/14004811", "userReview": "\u5662\u5662\u5662\u5662\u5662\u5662\u5662\u5662\u5662"}, {"userName": "17K\u4e66\u53cbPM8QRU37", "userReviewDate": "2018-06-06", "userURL": "http://user.17k.com/61194801", "userReview": "\u8fd9\u672c\u4e66\u5199\u7684\u5f88\u4e0d\u9519"}, {"userName": "17K\u4e66\u53cbPM8QRU37", "userReviewDate": "2018-06-05", "userURL": "http://user.17k.com/61194801", "userReview": "\u8fd9\u672c\u4e66\u5199\u7684\u5f88\u4e0d\u9519"}, {"userName": "\u533f\u540d17K5952537", "userReviewDate": "2018-06-05", "userURL": "http://user.17k.com/14004811", "userReview": "\u770b\u5427\u554a\u554a\u554a"}, {"userName": "17K\u4e66\u53cbPM8QRU37", "userReviewDate": "2018-06-03", "userURL": "http://user.17k.com/61194801", "userReview": "\u8fd9\u672c\u4e66\u5199\u7684\u5f88\u597d"}, {"userName": "17K\u4e66\u53cbPM8QRU37", "userReviewDate": "2018-06-02", "userURL": "http://user.17k.com/61194801", "userReview": "\u8fd9\u672c\u4e66\u5199\u7684\u5f88\u597d"}, {"userName": "17K\u4e66\u53cbPM8QRU37", "userReviewDate": "2018-06-01", "userURL": "http://user.17k.com/61194801", "userReview": "\u8fd9\u672c\u4e66\u5199\u7684\u5f88\u4e0d\u9519"}, {"userName": "17K\u4e66\u53cbPM8QRU37", "userReviewDate": "2018-05-31", "userURL": "http://user.17k.com/61194801", "userReview": "\u8fd9\u672c\u4e66\u5199\u7684\u5f88\u4e0d\u9519"}, {"userName": "17K\u4e66\u53cbPM8QRU37", "userReviewDate": "2018-05-29", "userURL": "http://user.17k.com/61194801", "userReview": "\u8fd9\u672c\u4e66\u5199\u7684\u5f88\u4e0d\u9519"}, {"userName": "17K\u4e66\u53cbPM8QRU37", "userReviewDate": "2018-05-28", "userURL": "http://user.17k.com/61194801", "userReview": "\u8fd9\u672c\u4e66\u5199\u7684\u5f88\u4e0d\u9519"}, {"userName": "17K\u4e66\u53cbPM8QRU37", "userReviewDate": "2018-05-27", "userURL": "http://user.17k.com/61194801", "userReview": "\u8fd9\u672c\u4e66\u5199\u7684\u5f88\u597d"}, {"userName": "17K\u4e66\u53cbPM8QRU37", "userReviewDate": "2018-05-26", "userURL": "http://user.17k.com/61194801", "userReview": "\u8fd9\u672c\u4e66\u5199\u7684\u5f88\u597d"}, {"userName": "17K\u4e66\u53cbSGCOHZCI", "userReviewDate": "2018-05-25", "userURL": "http://user.17k.com/62177872", "userReview": "\u8fd9\u672c\u597d\u5199\u7684\u5f88\u597d"}, {"userName": "17K\u4e66\u53cbPM8QRU37", "userReviewDate": "2018-05-25", "userURL": "http://user.17k.com/61194801", "userReview": "\u8fd9\u672c\u4e66\u5199\u7684\u5f88\u597d"}, {"userName": "17K\u4e66\u53cbPM8QRU37", "userReviewDate": "2018-05-24", "userURL": "http://user.17k.com/61194801", "userReview": "\u8fd9\u672c\u4e66\u5199\u7684\u5f88\u4e0d\u9519"}, {"userName": "17K\u4e66\u53cbPM8QRU37", "userReviewDate": "2018-05-23", "userURL": "http://user.17k.com/61194801", "userReview": "\u8fd9\u672c\u4e66\u5199\u7684\u5f88\u4e0d\u9519"}, {"userName": "17K\u4e66\u53cbPM8QRU37", "userReviewDate": "2018-05-22", "userURL": "http://user.17k.com/61194801", "userReview": "\u8fd9\u672c\u4e66\u5199\u7684\u5f88\u597d"}], "description": "\u6bcf\u4e2a\u4eba\u7684\u4eba\u751f\u90fd\u6709\u8fd9\u6837\u6216\u8005\u90a3\u6837\u7684\u5883\u9047\uff0c\u6709\u7b11\u6709\u54ed\uff1b\u6709\u751c\u6709\u4e50\uff1b\u6709\u9ed1\u6709\u767d\u3002\u3000\u3000\u6709\u7f6e\u82e5\u6789\u7136\uff0c\u6709\u80f8\u6000\u5929\u4e0b\u3002\u3000\u3000\u4f60\u7684\u751f\u6d3b\u662f\u600e\u6837\uff1f\u3000\u3000\u662f\u6062\u5f18\u5fd7\u58eb\u4e4b\u6c14,\u4e0d\u5b9c\u5984\u81ea\u83f2\u8584\u3002\u3000\u3000\u8fd8\u662f\u8349\u5802\u6625\u7761\u8db3\uff0c\u7a97\u5916\u65e5\u8fdf\u8fdf\uff1f\u3000\u3000\u559c\u6b22\u6211\u7684\u5c0f\u8bf4\u52a0\u4e00\u4e0bqq\u7fa4\u6b22\u8fce\u52a0\u5165\u83ab\u7136\u516e\u8bfb\u8005\u7fa4\uff0c\u7fa4\u53f7\u7801\uff1a421554439\u6216\u8005\u5173\u6ce8\u4e00\u4e9b\u6211\u7684\u65b0\u6d6a\u5fae\u535a\uff1a\u83ab\u7136\u516e\u5fae\u535a\u3000\u3000\u611f\u8c22\u4f60\u4eec\u7684\u652f\u6301", "title": "\u90a3\u4e9b\u5e74\u7684\u594b\u6597\u4eba\u751f", "url": "http://www.17k.com/book/2294650.html", "average": -1.0, "cover": "http://img.17k.com/images/bookcover/2017/11473/57/2294650-1488523379000.jpg", "reviews": 58534, "authors": [{"url": "http://www.17k.com/zuozhe/51986859", "name": "\u83ab\u7136\u516e"}], "type": ["\u6821\u56ed\u9752\u6625"], "outlinks": ["http://www.17k.com/book/2794982.html", "http://www.17k.com/book/2801292.html", "http://www.17k.com/book/2816318.html", "http://www.17k.com/book/2797575.html", "http://www.17k.com/book/2802516.html", "http://www.17k.com/book/2812195.html", "http://www.17k.com/book/2820143.html", "http://www.17k.com/book/2807943.html", "http://www.17k.com/book/2813457.html", "http://www.17k.com/book/2798058.html", "http://www.17k.com/book/2815617.html", "http://www.17k.com/book/2805259.html", "http://www.17k.com/book/2760255.html", "http://www.17k.com/book/2686894.html", "http://www.17k.com/book/2797016.html", "http://www.17k.com/book/2767246.html", "http://www.17k.com/book/2764239.html", "http://www.17k.com/book/2754498.html", "http://www.17k.com/book/2754900.html", "http://www.17k.com/book/2625740.html", "http://www.17k.com/book/2213315.html", "http://www.17k.com/book/2402178.html", "http://www.17k.com/book/2691221.html", "http://www.17k.com/book/2210699.html", "http://www.17k.com/book/1797752.html", "http://www.17k.com/book/2575507.html", "http://www.17k.com/book/2705181.html", "http://www.17k.com/book/2702539.html", "http://www.17k.com/book/2474887.html", "http://www.17k.com/book/2674733.html", "http://www.17k.com/book/2822076.html", "http://www.17k.com/book/2809894.html", "http://www.17k.com/book/2822077.html", "http://www.17k.com/book/2811930.html", "http://www.17k.com/book/2815548.html", "http://www.17k.com/book/2819620.html", "http://www.17k.com/book/2809964.html", "http://www.17k.com/book/2808200.html", "http://www.17k.com/book/2820100.html", "http://www.17k.com/book/2822978.html", "http://www.17k.com/book/2804337.html", "http://www.17k.com/book/2798814.html", "http://www.17k.com/book/2785153.html", "http://www.17k.com/book/2731559.html", "http://www.17k.com/book/2722533.html", "http://www.17k.com/book/2458377.html", "http://www.17k.com/book/2743300.html", "http://www.17k.com/book/973809.html", "http://www.17k.com/book/2651367.html", "http://www.17k.com/book/2726194.html", "http://www.17k.com/book/2790214.html", "http://www.17k.com/book/493239.html", "http://www.17k.com/book/108821.html", "http://www.17k.com/book/1398783.html", "http://www.17k.com/book/83528.html", "http://www.17k.com/book/1859126.html", "http://www.17k.com/book/1741975.html", "http://www.17k.com/book/192453.html", "http://www.17k.com/book/2459058.html", "http://www.17k.com/book/1050747.html", "http://www.17k.com/book/2700315.html", "http://www.17k.com/book/2818940.html", "http://www.17k.com/book/2819519.html", "http://www.17k.com/book/2816390.html", "http://www.17k.com/book/2819588.html", "http://www.17k.com/book/2813768.html", "http://www.17k.com/book/2822406.html", "http://www.17k.com/book/2772164.html", "http://www.17k.com/book/2784023.html", "http://www.17k.com/book/2811877.html", "http://www.17k.com/book/2809119.html", "http://www.17k.com/book/2803700.html", "http://www.17k.com/book/2819561.html", "http://www.17k.com/book/2746506.html", "http://www.17k.com/book/2811836.html", "http://www.17k.com/book/2614810.html", "http://www.17k.com/book/1592435.html", "http://www.17k.com/book/1949748.html", "http://www.17k.com/book/2265802.html", "http://www.17k.com/book/2743240.html", "http://www.17k.com/book/2657437.html", "http://www.17k.com/book/2644502.html", "http://www.17k.com/book/2199900.html", "http://www.17k.com/book/2725436.html", "http://www.17k.com/book/2629978.html"]}