{"ratings": -1, "userreviews": [{"userName": "\u5317\u5e84", "userReviewDate": "2018-06-06", "userURL": "http://user.17k.com/57496771", "userReview": "\u5927\u5927\u8fd8\u8bb0\u5f97\u6211\u5417\uff1f\u6211\u662f\u5317\u5e84"}, {"userName": "\u5317\u5e84", "userReviewDate": "2018-05-27", "userURL": "http://user.17k.com/57496771", "userReview": "\u5927\u5927\u597d\u5389\u5bb3\uff0c\u652f\u6301"}, {"userName": "\u841d\u8389\u8054\u840c\u519b\u4e00\u53f7", "userReviewDate": "2018-05-21", "userURL": "http://user.17k.com/60384548", "userReview": "[\u6253\u8d4f]\u6211\u6253\u8d4f\u4e8688\u5143\u7ea2\u5305\uff01\uff01"}, {"userName": "\u5343\u53d8\u841d\u8389", "userReviewDate": "2018-05-19", "userURL": "http://user.17k.com/57390671", "userReview": "\u6765\u5427\u9001\u7ed9\u4f60\u53eb\u51e0\u767e\u4e07\u4eba\u6d41\u8fc7\u6cea\u7684\u4e66"}, {"userName": "\u5343\u53d8\u841d\u8389", "userReviewDate": "2018-05-15", "userURL": "http://user.17k.com/57390671", "userReview": "[\u6253\u8d4f]\u6211\u6253\u8d4f\u4e8688\u5143\u7ea2\u5305\uff01\uff01"}, {"userName": "\u80c6\u5c0f\u9b3c523354172", "userReviewDate": "2018-05-12", "userURL": "http://user.17k.com/59636293", "userReview": "\u7559\u4e2a\u811a\u5370\u5b50\u5927\u5927\u52a0\u6cb9\uff01"}, {"userName": "\u674e\u83dc\u82b1", "userReviewDate": "2018-05-08", "userURL": "http://user.17k.com/52682678", "userReview": "\u5361\u5e03\u8fbe"}, {"userName": "\u674e\u83dc\u82b1", "userReviewDate": "2018-04-21", "userURL": "http://user.17k.com/52682678", "userReview": "\u5feb\u66f4\uff0c\u545c\u545c\u545c"}, {"userName": "\u674e\u83dc\u82b1", "userReviewDate": "2018-04-20", "userURL": "http://user.17k.com/52682678", "userReview": "[\u6253\u8d4f]\u6211\u6253\u8d4f\u4e861\u4e2a'\u5c0f\u5fc3\u5fc3'\uff01\uff01"}, {"userName": "\u5317\u5e84", "userReviewDate": "2018-04-08", "userURL": "http://user.17k.com/57496771", "userReview": "\u5927\u5927\u600e\u4e48\u65ad\u66f4\u4e86\u5462"}, {"userName": "\u5317\u5e84", "userReviewDate": "2018-04-07", "userURL": "http://user.17k.com/57496771", "userReview": "\u6765\u8bbf\u4e86\uff0c\u52a0\u6cb9"}, {"userName": "\u5fae\u8f9e\u5c0f\u59d0\u59d0", "userReviewDate": "2018-03-30", "userURL": "http://user.17k.com/60459923", "userReview": "\u665a\u4e0a\u597d\u5566(\u0e05&gt;\u03c9&lt;*\u0e05)"}, {"userName": "\u4e50\u96c5\u516c\u5b50", "userReviewDate": "2018-03-29", "userURL": "http://user.17k.com/49271610", "userReview": "\u652f\u6301\u5927\u5927\uff01\uff01\uff01"}, {"userName": "\u6c90\u7efe\u5fc3", "userReviewDate": "2018-03-26", "userURL": "http://user.17k.com/56322246", "userReview": "\u2196(^\u03c9^)\u2197\uff0c\u52a0\u6cb9\uff0c\u5199\u4e66\u4e0d\u6613\uff0c\u652f\u6301\uff01"}, {"userName": "\u674e\u83dc\u82b1", "userReviewDate": "2018-03-26", "userURL": "http://user.17k.com/52682678", "userReview": "[\u6253\u8d4f]\u6211\u6253\u8d4f\u4e868\u5143\u7ea2\u5305\uff01\uff01"}, {"userName": "\u674e\u83dc\u82b1", "userReviewDate": "2018-03-26", "userURL": "http://user.17k.com/52682678", "userReview": "[\u6253\u8d4f]\u6211\u6253\u8d4f\u4e868\u5143\u7ea2\u5305\uff01\uff01"}, {"userName": "\u674e\u83dc\u82b1", "userReviewDate": "2018-03-26", "userURL": "http://user.17k.com/52682678", "userReview": "[\u6253\u8d4f]\u6211\u6253\u8d4f\u4e86188\u5143\u7ea2\u5305\uff01\uff01"}, {"userName": "\u77e5\u79cb\u61c2\u79cb\u8d4f\u79cb", "userReviewDate": "2018-03-22", "userURL": "http://user.17k.com/56115906", "userReview": "\u6d88\u6d88\u706b\uff0c\u7801\u81ea\u5df1\u7684\u5b57\uff0c\u4f55\u5fc5\u5728\u4e4e\u522b\u4eba\uff1f"}, {"userName": "A\u661f\u661f\u70b9\u706f", "userReviewDate": "2018-03-19", "userURL": "http://user.17k.com/55972875", "userReview": "2018\u63a8\u8350\u4e00\u672c\u597d\u770b\u7684\u4e66<a target='_blank' href='http://www.17k.com/book/2728167.html'>\u300a\u6211\u548c\u5996\u517d\u6709\u4e2a\u7ea6\u4f1a\u300b</a>\uff0c\u60ca\u9669\u523a\u6fc0\uff0c\u6d6a\u6f2b\u6ee1\u5c4b\uff0c\u70ed\u8840\u683c\u6597\uff0c\u751f\u6b7b\u7231\u604b\uff0c\u6696\u6627\u4e0d\u65ad\uff0c\u5929\u5929\u66f4\u65b0\uff0c\u8bf7\u591a\u5173\u7167\uff0c\u6765\u4e2a\u6536\u85cf\u554a!\uff0c\u70b9\u51fb\u4e66\u540d\u5c31\u53ef\u4ee5\u770b\u5230\u4e66\u4e86\u3002"}, {"userName": "\u5343\u53d8\u841d\u8389", "userReviewDate": "2018-03-19", "userURL": "http://user.17k.com/57390671", "userReview": "[\u6253\u8d4f]\u6211\u6253\u8d4f\u4e8688\u5143\u7ea2\u5305\uff01\uff01"}], "description": "\u4ed6\u7684\u5200\u662f\u51b7\u7684\uff0c\u4ed6\u7684\u8eab\u4f53\u662f\u51b7\u7684\uff0c\u5c31\u8fde\u4ed6\u7684\u5fc3\u4e5f\u662f\u51b7\u7684\uff0c\u770b\u4e86\u534a\u5929\u539f\u6765\u662fTMD\u4e00\u4e2a\u5c38\u4f53\uff01\u3000\u3000\u5206\u5272\u7ebf...............................................................\u3000\u3000ps\uff1a\u5343\u53d8\u841d\u8389\u8054\u7cfb\u65b9\u5f0f\u3000\u30001.2597297257\uff08QQ\uff09\u3000\u30002.\u5343\u53d8\u841d\u8389\uff08\u5fae\u535a\uff09", "title": "\u90a3\u4e9b\u5e74\u8ffd\u8fc7\u6211\u7684\u5996\u5b7d\u4eec", "url": "http://www.17k.com/book/2656899.html", "average": -1.0, "cover": "http://img.17k.com/images/bookcover/2018/13284/66/2656899-1521898295000.jpg", "reviews": 359912, "authors": [{"url": "http://www.17k.com/zuozhe/57390671", "name": "\u5343\u53d8\u841d\u8389"}], "type": ["\u7075\u5f02\u5947\u8c08"], "outlinks": ["http://www.17k.com/book/2794982.html", "http://www.17k.com/book/2801292.html", "http://www.17k.com/book/2816318.html", "http://www.17k.com/book/2797575.html", "http://www.17k.com/book/2802516.html", "http://www.17k.com/book/2812195.html", "http://www.17k.com/book/2820143.html", "http://www.17k.com/book/2807943.html", "http://www.17k.com/book/2813457.html", "http://www.17k.com/book/2798058.html", "http://www.17k.com/book/2815617.html", "http://www.17k.com/book/2805259.html", "http://www.17k.com/book/2760255.html", "http://www.17k.com/book/2686894.html", "http://www.17k.com/book/2797016.html", "http://www.17k.com/book/2767246.html", "http://www.17k.com/book/2764239.html", "http://www.17k.com/book/2754498.html", "http://www.17k.com/book/2754900.html", "http://www.17k.com/book/2625740.html", "http://www.17k.com/book/2213315.html", "http://www.17k.com/book/2402178.html", "http://www.17k.com/book/2691221.html", "http://www.17k.com/book/2210699.html", "http://www.17k.com/book/1797752.html", "http://www.17k.com/book/2575507.html", "http://www.17k.com/book/2705181.html", "http://www.17k.com/book/2702539.html", "http://www.17k.com/book/2474887.html", "http://www.17k.com/book/2674733.html", "http://www.17k.com/book/2822076.html", "http://www.17k.com/book/2809894.html", "http://www.17k.com/book/2822077.html", "http://www.17k.com/book/2811930.html", "http://www.17k.com/book/2815548.html", "http://www.17k.com/book/2819620.html", "http://www.17k.com/book/2809964.html", "http://www.17k.com/book/2808200.html", "http://www.17k.com/book/2820100.html", "http://www.17k.com/book/2822978.html", "http://www.17k.com/book/2804337.html", "http://www.17k.com/book/2798814.html", "http://www.17k.com/book/2785153.html", "http://www.17k.com/book/2731559.html", "http://www.17k.com/book/2722533.html", "http://www.17k.com/book/2458377.html", "http://www.17k.com/book/2743300.html", "http://www.17k.com/book/973809.html", "http://www.17k.com/book/2651367.html", "http://www.17k.com/book/2726194.html", "http://www.17k.com/book/2790214.html", "http://www.17k.com/book/493239.html", "http://www.17k.com/book/108821.html", "http://www.17k.com/book/1398783.html", "http://www.17k.com/book/83528.html", "http://www.17k.com/book/1859126.html", "http://www.17k.com/book/1741975.html", "http://www.17k.com/book/192453.html", "http://www.17k.com/book/2459058.html", "http://www.17k.com/book/1050747.html", "http://www.17k.com/book/2700315.html", "http://www.17k.com/book/2818940.html", "http://www.17k.com/book/2819519.html", "http://www.17k.com/book/2816390.html", "http://www.17k.com/book/2819588.html", "http://www.17k.com/book/2813768.html", "http://www.17k.com/book/2822406.html", "http://www.17k.com/book/2772164.html", "http://www.17k.com/book/2784023.html", "http://www.17k.com/book/2811877.html", "http://www.17k.com/book/2809119.html", "http://www.17k.com/book/2803700.html", "http://www.17k.com/book/2819561.html", "http://www.17k.com/book/2746506.html", "http://www.17k.com/book/2811836.html", "http://www.17k.com/book/2614810.html", "http://www.17k.com/book/1592435.html", "http://www.17k.com/book/1949748.html", "http://www.17k.com/book/2265802.html", "http://www.17k.com/book/2743240.html", "http://www.17k.com/book/2657437.html", "http://www.17k.com/book/2644502.html", "http://www.17k.com/book/2199900.html", "http://www.17k.com/book/2725436.html", "http://www.17k.com/book/2629978.html"]}