{"ratings": -1, "userreviews": [{"userName": "\u5723\u9690\u5e1d\u5143", "userReviewDate": "2018-03-31", "userURL": "http://user.17k.com/57760595", "userReview": "\u7b7e\u5230"}, {"userName": "\u7f8a\u5976\u5c0f\u54e5", "userReviewDate": "2018-03-08", "userURL": "http://user.17k.com/54315957", "userReview": "\u4e2d\u539f\u597d\uff01"}, {"userName": "\u4e5d\u9f99\u5486\u54ee", "userReviewDate": "2018-03-06", "userURL": "http://user.17k.com/49920879", "userReview": "\u52a0\u6cb9O(\u2229_\u2229)O"}, {"userName": "\u68a6\u9192\u5929\u5dee", "userReviewDate": "2018-03-03", "userURL": "http://user.17k.com/59595211", "userReview": "<a target='_blank' href='http://www.17k.com/book/2765324.html'>\u300a\u7edd\u5578\u4e94\u884c\u300b</a>\u6765\u8bbf\uff0c\u5927\u5927\u52a0\u6cb9\uff0c\u52aa\u529b"}, {"userName": "\u4e5d\u9f99\u5486\u54ee", "userReviewDate": "2018-02-01", "userURL": "http://user.17k.com/49920879", "userReview": "\u6765\u6765\u6765\uff0c\u70b9\u51fb\u4e86<a target='_blank' href='http://www.17k.com/book/2746962.html'>\u300a\u9006\u5929\u5723\u9e92\u9e9f\u300b</a>"}, {"userName": "\u96ea\u57df\u660e\u5fc3", "userReviewDate": "2017-12-16", "userURL": "http://user.17k.com/33607136", "userReview": "<a target='_blank' href='http://www.17k.com/book/799926.html'>\u300a\u4ed9\u7f18\u65e0\u9650\u300b</a>\u56de\u8bbf\uff0c\u9001\u82b1\uff0c\u4e92\u76f8\u652f\u6301\uff0c\u5171\u540c\u8fdb\u6b65\uff01"}, {"userName": "\u96ea\u57df\u660e\u5fc3", "userReviewDate": "2017-12-15", "userURL": "http://user.17k.com/33607136", "userReview": "<a target='_blank' href='http://www.17k.com/book/799926.html'>\u300a\u4ed9\u7f18\u65e0\u9650\u300b</a>\u6765\u8bbf\uff0c\u652f\u6301\u5927\u4f5c\uff0c\u5199\u5f97\u5f88\u7cbe\u5f69\uff0c\u9c9c\u82b1\u9001\u4e0a\uff0c\u7ee7\u7eed\u52aa\u529b\uff0c\u672a\u6765\u7684\u5927\u795e\u5c31\u662f\u4f60\u4e86\uff01"}, {"userName": "xmqhome", "userReviewDate": "2017-12-10", "userURL": "http://user.17k.com/1121751", "userReview": "&nbsp;<a target='_blank' href='http://www.17k.com/book/799926.html'>\u300a\u4ed9\u7f18\u65e0\u9650\u300b</a>\u6765\u8bbf\uff0c\u9001\u82b1\u652f\u6301\uff0c\u795d\u5927\u4f5c\u8d8a\u5199\u8d8a\u597d\uff0c\u75af\u72c2\u5927\u5356\u3002"}, {"userName": "\u6211\u672a\u6765\u5b69\u5b50\u7684q", "userReviewDate": "2017-11-09", "userURL": "http://user.17k.com/58369792", "userReview": "\u63a8\u8350\u4e00\u672c\u540c\u7c7b\u578b\u4e66<a target='_blank' href='http://www.17k.com/book/2616990.html'>\u300a\u5c71\u5916\u4ed9\u5c71\u6865\u5916\u5929\u300b</a>"}, {"userName": "\u601d\u5ff5\u5f52\u9014", "userReviewDate": "2017-10-30", "userURL": "http://user.17k.com/57760269", "userReview": "\u6c42\u5165\u5751\u6c42\u6536\u85cf\u6c42\u652f\u6301<a target='_blank' href='http://www.17k.com/book/2695767.html'>\u300a\u6211\u7684\u5cb3\u7236\u5927\u5927\u662f\u960e\u738b\u300b</a>bbbbbbbvvv"}, {"userName": "\u674e\u65e0\u547d", "userReviewDate": "2017-10-29", "userURL": "http://user.17k.com/57024055", "userReview": "\u65b0\u4eba\u65b0\u4f5c\uff0c<a target='_blank' href='http://www.17k.com/book/2654528.html'>\u300a\u51a5\u5929\u697c\u300b</a>\u7279\u6765\u770b\u5927\u5927\uff0c\u795d\u5927\u5927\u8d8a\u5199\u8d8a\u597d\u3002\u6700\u540e\u4e0d\u8981\u8138\u7684\u5e0c\u671b\u5927\u5927\u80fd\u63d0\u643a\u4e00\u4e0b\uff0c\u8fd8\u6709\u5927\u5927\u8981\u6ce8\u610f\u8eab\u4f53\uff0c\u795d\u5927\u5927\u8eab\u4f53\u5065\u5eb7\uff0c\u4e07\u4e8b\u5982\u610f..."}, {"userName": "\u5e9f\u589f\u5929\u591c\u6709\u5947\u8c2d", "userReviewDate": "2017-10-25", "userURL": "http://user.17k.com/57463065", "userReview": "<span style='color:black'>88<a target='_blank' href='http://www.17k.com/book/2695774.html'>\u300a\u6211\u6709\u4e00\u4e2a\u64a9\u59b9\u5927\u793c\u5305\u300b</a>\u524d\u6765\u62dc\u8bfb\uff0c\u5927\u4f5c\u5df2\u6536\u85cf\uff0c\u4e0e\u541b\u5171\u52c9\uff01</span>"}, {"userName": "\u79cb\u96e8\u77e5\u65f6", "userReviewDate": "2017-10-19", "userURL": "http://user.17k.com/49661407", "userReview": "<span style='color:black'><a target='_blank' href='http://www.17k.com/book/2673231.html'>\u300a\u516d\u9053\u957f\u5b58\u300b</a>+<a target='_blank' href='http://www.17k.com/book/2129039.html'>\u300a\u65e0\u76f8\u5c01\u795e\u300b</a>\u62dc\u8bbf\u5927\u5927\uff01\u60c5\u8282\u73af\u73af\u76f8\u6263\uff0c\u60ac\u7591\u4e8b\u4ef6\u5f15\u4eba\u5165\u80dc</span>"}, {"userName": "\u5357\u65b9\u591c\u96e8\u6f47\u6f47", "userReviewDate": "2017-09-30", "userURL": "http://user.17k.com/37360539", "userReview": "<a target='_blank' href='http://www.17k.com/book/2617996.html'>\u300a\u4e07\u53e4\u8c1c\u52ab\u300b</a>\u6765\u4e86\uff0c\u8c22\u8c22\u5927\u5927\u7684\u56de\u8bbf\uff0c\u8fd8\u662f\u5927\u5927\u5199\u7684\u597d\uff0c\u8bfb\u4e86\u60a8\u7684\uff0c\u6211\u7684\u90fd\u4e0d\u6562\u770b\u4e86"}, {"userName": "\u5357\u65b9\u591c\u96e8\u6f47\u6f47", "userReviewDate": "2017-09-29", "userURL": "http://user.17k.com/37360539", "userReview": "<a target='_blank' href='http://www.17k.com/book/2617996.html'>\u300a\u4e07\u53e4\u8c1c\u52ab\u300b</a>\u6765\u62dc\u8bbf\uff0c\u70b9\u8d5e\u4e86\uff0c\u60c5\u8282\uff0c\u60ac\u5ff5\u90fd\u4e0d\u9519\uff0c\u52a0\u6cb9\uff0c\u671b\u56de\u8bbf"}, {"userName": "\u5915\u5c71\u6d35", "userReviewDate": "2017-09-25", "userURL": "http://user.17k.com/55577804", "userReview": "<a target='_blank' href='http://www.17k.com/book/2528095.html'>\u300a\u7b2c\u4e5d\u5996\u4e3b\u300b</a>\u524d\u6765\u62dc\u8bbf\uff0c\u52a0\u6cb9\uff0c\u7ed9\u4f60\u9001\u82b1\uff01"}, {"userName": "\u533f\u540dE7CC36", "userReviewDate": "2017-09-21", "userURL": "http://user.17k.com/43712707", "userReview": "<a target='_blank' href='http://www.17k.com/book/2650425.html'>\u300a\u82cd\u7a79\u4ed9\u9646\u300b</a>\u6765\u8bbf\uff0c\u652f\u6301\uff0c\u52a0\u6cb9<a target='_blank' href='http://user.17k.com/51050869'>@\u4e2d\u539f\u7684\u4eba</a>"}, {"userName": "\u6293\u4e0d\u4f4f\u4f60\u8bf4\u7684\u68a6213584243", "userReviewDate": "2017-09-04", "userURL": "http://user.17k.com/56857036", "userReview": "\u643a\u4e66<a target='_blank' href='http://www.17k.com/book/2584929.html'>\u300a\u5168\u80fd\u7b26\u5e08\u300b</a>\u671b\u5404\u4f4d\u4e66\u53cb\u591a\u591a\u652f\u6301"}, {"userName": "\u7f8a\u5976\u5c0f\u54e5", "userReviewDate": "2017-08-31", "userURL": "http://user.17k.com/54315957", "userReview": "\u4f5c\u8005\u52a0\u6cb9\uff01"}, {"userName": "\u76db\u4e16\u5fae\u5c18", "userReviewDate": "2017-08-31", "userURL": "http://user.17k.com/57165350", "userReview": "<span style='color:black'><a target='_blank' href='http://www.17k.com/book/2645985.html'>\u300a\u795e\u65cf\u5d1b\u8d77\u300b</a>\u6765\u8bbf\uff0c\u52a0\u6cb9\u65e9\u65e5\u6210\u795e\uff01</span>"}], "description": "\u8be1\u5f02\u83ab\u6d4b\u7684\u80fd\u529b\uff0c\u73cd\u5947\u7684\u6df1\u5c71\u690d\u7269\uff0c\u51f6\u5389\u4f20\u5947\u7684\u731b\u517d\uff0c\u51a4\u9b42\u5389\u9b3c\uff0c\u4e00\u4e2a\u9b54\u4e0e\u9053\u7684\u5c11\u5e74\uff0c\u6027\u683c\u53cc\u91cd\u6027\u7684\u5c11\u5e74\uff0c\u4e00\u9762\u662f\u6076\u9b54\uff0c\u4e00\u9762\u662f\u624d\u5b50\uff0c\u4e3a\u9b54\u5219\u8840\u6d41\u904d\u91ce\uff0c\u4e3a\u9053\u5219\u624d\u534e\u60ca\u4e16\uff0c\u5c11\u5e74\u6797\u98ce\u81ea\u6df1\u5c71\u4e00\u6b65\u6b65\u8d70\u6765\u3002", "title": "\u90fd\u5e02\u795e\u7075\u4f20\u8bf4", "url": "http://www.17k.com/book/2230000.html", "average": -1.0, "cover": "http://img.17k.com/images/bookcover/2017/11150/55/2230000-1486219957000.jpg", "reviews": 47613, "authors": [{"url": "http://www.17k.com/zuozhe/51050869", "name": "\u4e2d\u539f\u7684\u4eba"}], "type": ["\u4e1c\u65b9\u7384\u5e7b"], "outlinks": ["http://www.17k.com/book/2794982.html", "http://www.17k.com/book/2801292.html", "http://www.17k.com/book/2816318.html", "http://www.17k.com/book/2797575.html", "http://www.17k.com/book/2802516.html", "http://www.17k.com/book/2812195.html", "http://www.17k.com/book/2820143.html", "http://www.17k.com/book/2807943.html", "http://www.17k.com/book/2813457.html", "http://www.17k.com/book/2798058.html", "http://www.17k.com/book/2815617.html", "http://www.17k.com/book/2805259.html", "http://www.17k.com/book/2760255.html", "http://www.17k.com/book/2686894.html", "http://www.17k.com/book/2797016.html", "http://www.17k.com/book/2767246.html", "http://www.17k.com/book/2764239.html", "http://www.17k.com/book/2754498.html", "http://www.17k.com/book/2754900.html", "http://www.17k.com/book/2625740.html", "http://www.17k.com/book/2213315.html", "http://www.17k.com/book/2402178.html", "http://www.17k.com/book/2691221.html", "http://www.17k.com/book/2210699.html", "http://www.17k.com/book/1797752.html", "http://www.17k.com/book/2575507.html", "http://www.17k.com/book/2705181.html", "http://www.17k.com/book/2702539.html", "http://www.17k.com/book/2474887.html", "http://www.17k.com/book/2674733.html", "http://www.17k.com/book/2822076.html", "http://www.17k.com/book/2809894.html", "http://www.17k.com/book/2822077.html", "http://www.17k.com/book/2811930.html", "http://www.17k.com/book/2815548.html", "http://www.17k.com/book/2819620.html", "http://www.17k.com/book/2809964.html", "http://www.17k.com/book/2808200.html", "http://www.17k.com/book/2820100.html", "http://www.17k.com/book/2822978.html", "http://www.17k.com/book/2804337.html", "http://www.17k.com/book/2798814.html", "http://www.17k.com/book/2785153.html", "http://www.17k.com/book/2731559.html", "http://www.17k.com/book/2722533.html", "http://www.17k.com/book/2458377.html", "http://www.17k.com/book/2743300.html", "http://www.17k.com/book/973809.html", "http://www.17k.com/book/2651367.html", "http://www.17k.com/book/2726194.html", "http://www.17k.com/book/2790214.html", "http://www.17k.com/book/493239.html", "http://www.17k.com/book/108821.html", "http://www.17k.com/book/1398783.html", "http://www.17k.com/book/83528.html", "http://www.17k.com/book/1859126.html", "http://www.17k.com/book/1741975.html", "http://www.17k.com/book/192453.html", "http://www.17k.com/book/2459058.html", "http://www.17k.com/book/1050747.html", "http://www.17k.com/book/2700315.html", "http://www.17k.com/book/2818940.html", "http://www.17k.com/book/2819519.html", "http://www.17k.com/book/2816390.html", "http://www.17k.com/book/2819588.html", "http://www.17k.com/book/2813768.html", "http://www.17k.com/book/2822406.html", "http://www.17k.com/book/2772164.html", "http://www.17k.com/book/2784023.html", "http://www.17k.com/book/2811877.html", "http://www.17k.com/book/2809119.html", "http://www.17k.com/book/2803700.html", "http://www.17k.com/book/2819561.html", "http://www.17k.com/book/2746506.html", "http://www.17k.com/book/2811836.html", "http://www.17k.com/book/2614810.html", "http://www.17k.com/book/1592435.html", "http://www.17k.com/book/1949748.html", "http://www.17k.com/book/2265802.html", "http://www.17k.com/book/2743240.html", "http://www.17k.com/book/2657437.html", "http://www.17k.com/book/2644502.html", "http://www.17k.com/book/2199900.html", "http://www.17k.com/book/2725436.html", "http://www.17k.com/book/2629978.html"]}