{"ratings": -1, "userreviews": [{"userName": "\u950b\u98ce\u67ab", "userReviewDate": "2018-03-30", "userURL": "http://user.17k.com/59897953", "userReview": "\u770b\u51fa\u4e86\u660e\u65e5\u8fb9\u7f18\u7684\u89c6\u89c9\u611f\u3002\u3002\u3002\u3002\u3002"}, {"userName": "17K\u4e66\u53cbAE4CGZN6", "userReviewDate": "2018-06-08", "userURL": "http://user.17k.com/58515086", "userReview": "\u5199\u7684\u5f88\u4e0d\u9519"}, {"userName": "17K\u4e66\u53cb198bbf21", "userReviewDate": "2018-06-05", "userURL": "http://user.17k.com/62248677", "userReview": "\u52a0\u6cb9\u554a\u4f5c\u8005\u5927\u5927"}, {"userName": "17K\u4e66\u53cbJAAQC0DM", "userReviewDate": "2018-06-01", "userURL": "http://user.17k.com/62213569", "userReview": "\u66f4\u65b0\u6709\u70b9\u6162"}, {"userName": "happyfg93", "userReviewDate": "2018-05-30", "userURL": "http://user.17k.com/33498054", "userReview": "\u4f5c\u8005\u66f4\u65b0\u7684\u901f\u5ea6\u65e0\u654c\u6162 \u770b\u4e0d\u4e0b\u53bb\u4e86"}, {"userName": "\u5362\u6d69\u5929", "userReviewDate": "2018-05-28", "userURL": "http://user.17k.com/52904776", "userReview": "\u4e0d\u6b7b\u6cd5\u533b\u5373\u89c6\u611f"}, {"userName": "UGG312074819", "userReviewDate": "2018-05-24", "userURL": "http://user.17k.com/61996160", "userReview": "\u81ed\u57fa\u5427\u4e3b\u89d2\u5230\u5904\u7ed9\u81ea\u5df1\u52a0\u620f\uff0c\u8c01\u7279\u7801\u8ba9\u4f60\u628a\u6298\u53e0\u5200\u4e22\u4e86\u7684\uff1f\u7ed9\u7279\u8b66\u5835\u4e86\uff0c\u8fde\u81ea\u6740\u90fd\u4e0d\u884c\uff0c"}, {"userName": "17K\u4e66\u53cb86PMHKND", "userReviewDate": "2018-05-23", "userURL": "http://user.17k.com/62043621", "userReview": "\u4f5c\u8005\u4f60\u662f\u5728\u5199\u4ec0\u4e48\uff1f\u4e00\u79cd\u524d\u9014\u4e00\u7247\u5149\u660e\uff0c\u5374\u627e\u4e0d\u5230\u51fa\u8def\uff0c\u7684\u611f\u89c9\u3002"}, {"userName": "\u661f\u7a7a\u591c\u68a6\u58f9", "userReviewDate": "2018-05-19", "userURL": "http://user.17k.com/58116533", "userReview": "11\u4e07\u5b57\u5c31\u4e0a\u67b6\u4e86 \uff0c\u8fd9\u4e48\u5389\u5bb3\u7684\u4e48\uff0c\u819c\u62dc\u5927\u4f6c"}, {"userName": "\u80c6\u5c0f\u9b3c523354172", "userReviewDate": "2018-05-19", "userURL": "http://user.17k.com/59636293", "userReview": "\u7b7e\u5230\u652f\u6301\uff0c\u795d\u5927\u5927\u5468\u672b\u7801\u5b57\u6109\u5feb\uff01"}, {"userName": "17K\u4e66\u53cbq5gzo6sp", "userReviewDate": "2018-05-18", "userURL": "http://user.17k.com/61885251", "userReview": "\u90a3\u5973\u7684\u770b\u7684\u771f\u95f9\u5fc3\uff0c\u64a4\u4e86"}, {"userName": "17K\u4e66\u53cbq5gzo6sp", "userReviewDate": "2018-05-18", "userURL": "http://user.17k.com/61885251", "userReview": "\u770b\u5230\u5341\u4e94\u7ae0\uff0c\u8fd8\u5728\u7528\u4e00\u628a\u5c0f\u6298\u53e0\u5200\uff1f\uff1f\uff1f\uff01\uff01\uff01\uff01\uff01\u70e6\u8e81"}, {"userName": "\u80c6\u5c0f\u9b3c523354172", "userReviewDate": "2018-05-17", "userURL": "http://user.17k.com/59636293", "userReview": "\u5306\u5306\u6765\u8bbf\uff0c\u795d\u5927\u5927\u7801\u5b57\u6109\u5feb\uff01"}, {"userName": "\u6a59\u5b50\u9ec4\u4e862", "userReviewDate": "2018-05-16", "userURL": "http://user.17k.com/48385844", "userReview": "\u5348\u597d\u3002"}, {"userName": "\u65b0\u624bYANG", "userReviewDate": "2018-05-15", "userURL": "http://user.17k.com/58469735", "userReview": "\u795d\u798f\uff0c\u5927\u5927\u7684\u4e66\u5f88\u5438\u5f15\u4eba\uff0c\u5e94\u8be5\u591a\u6765\u5b66\u4e60\u5b66\u4e60"}, {"userName": "\u9053\u4eba\u6768\u5c0f\u6770", "userReviewDate": "2018-05-07", "userURL": "http://user.17k.com/60512249", "userReview": "\u4e0d\u9519\u4e0d\u9519\u4e0d\u9519"}, {"userName": "\u4e00\u68a6\u4fbf\u9020\u591a\u4e00\u68a6", "userReviewDate": "2018-04-27", "userURL": "http://user.17k.com/61265870", "userReview": "[\u6253\u8d4f]\u6211\u6253\u8d4f\u4e861\u5143\u7ea2\u5305\uff01\uff01"}, {"userName": "\u65af\u6587\u732b\u965b\u4e0b", "userReviewDate": "2018-04-21", "userURL": "http://user.17k.com/37764708", "userReview": "\u52a0\u6cb9\uff0c\u652f\u6301\u4e00\u4e0b\uff0c"}, {"userName": "\u65ad\u51e1", "userReviewDate": "2018-04-11", "userURL": "http://user.17k.com/60992175", "userReview": "[\u6253\u8d4f]\u6211\u6253\u8d4f\u4e862\u5143\u7ea2\u5305\uff01\uff01"}, {"userName": "\u65ad\u51e1", "userReviewDate": "2018-04-10", "userURL": "http://user.17k.com/60992175", "userReview": "[\u6253\u8d4f]\u6211\u6253\u8d4f\u4e861\u5143\u7ea2\u5305\uff01\uff01"}], "description": "\u4e00\u89c9\u9192\u6765\uff0c\u7adf\u53d1\u73b0\u81ea\u5df1\u62e5\u6709\u65e0\u9650\u91cd\u751f\u7684\u80fd\u529b\uff0c\u5229\u7528\u6211\uff1f\u6b3a\u9a97\u6211\uff1f\u4f24\u5bb3\u6211\uff1f\u62b1\u6b49\uff0c\u4f60\u771f\u7684\u60f9\u9519\u4eba\u4e86\u2026\u3000\u3000\u5728\u770b\u7684\u5404\u4f4d\uff0c\u6bcf\u5929\u8bf7\u8bb0\u5f97\u6295\u7968\u54e6\u3002\u3000\u3000\u6b63\u5e38\u66f4\u65b0\u540e\uff0c\u4e09\u66f4\u4fdd\u5e95\uff0c\u4e94\u767e\u6536\u85cf\u52a0\u4e00\u66f4\uff0c\u4e94\u767e\u63a8\u8350\u52a0\u4e00\u66f4\uff0c\u6253\u8d4f\u7834\u767e\u52a0\u4e00\u66f4\u3002", "title": "\u90fd\u5e02\u4e4b\u65e0\u9650\u91cd\u751f\u7cfb\u7edf", "url": "http://www.17k.com/book/2797548.html", "average": -1.0, "cover": "http://img.17k.com/images/bookcover/2018/13987/69/2797548-1521617807000.jpg", "reviews": 26946, "authors": [{"url": "http://www.17k.com/zuozhe/60512249", "name": "\u642c\u5c71\u9053\u4eba"}], "type": ["\u90fd\u5e02\u91cd\u751f"], "outlinks": ["http://www.17k.com/book/2794982.html", "http://www.17k.com/book/2801292.html", "http://www.17k.com/book/2816318.html", "http://www.17k.com/book/2797575.html", "http://www.17k.com/book/2802516.html", "http://www.17k.com/book/2812195.html", "http://www.17k.com/book/2820143.html", "http://www.17k.com/book/2807943.html", "http://www.17k.com/book/2813457.html", "http://www.17k.com/book/2798058.html", "http://www.17k.com/book/2815617.html", "http://www.17k.com/book/2805259.html", "http://www.17k.com/book/2760255.html", "http://www.17k.com/book/2686894.html", "http://www.17k.com/book/2797016.html", "http://www.17k.com/book/2767246.html", "http://www.17k.com/book/2764239.html", "http://www.17k.com/book/2754498.html", "http://www.17k.com/book/2754900.html", "http://www.17k.com/book/2625740.html", "http://www.17k.com/book/2213315.html", "http://www.17k.com/book/2402178.html", "http://www.17k.com/book/2691221.html", "http://www.17k.com/book/2210699.html", "http://www.17k.com/book/1797752.html", "http://www.17k.com/book/2575507.html", "http://www.17k.com/book/2705181.html", "http://www.17k.com/book/2702539.html", "http://www.17k.com/book/2474887.html", "http://www.17k.com/book/2674733.html", "http://www.17k.com/book/2822076.html", "http://www.17k.com/book/2809894.html", "http://www.17k.com/book/2822077.html", "http://www.17k.com/book/2811930.html", "http://www.17k.com/book/2815548.html", "http://www.17k.com/book/2819620.html", "http://www.17k.com/book/2809964.html", "http://www.17k.com/book/2808200.html", "http://www.17k.com/book/2820100.html", "http://www.17k.com/book/2822978.html", "http://www.17k.com/book/2804337.html", "http://www.17k.com/book/2798814.html", "http://www.17k.com/book/2785153.html", "http://www.17k.com/book/2731559.html", "http://www.17k.com/book/2722533.html", "http://www.17k.com/book/2458377.html", "http://www.17k.com/book/2743300.html", "http://www.17k.com/book/973809.html", "http://www.17k.com/book/2651367.html", "http://www.17k.com/book/2726194.html", "http://www.17k.com/book/2790214.html", "http://www.17k.com/book/493239.html", "http://www.17k.com/book/108821.html", "http://www.17k.com/book/1398783.html", "http://www.17k.com/book/83528.html", "http://www.17k.com/book/1859126.html", "http://www.17k.com/book/1741975.html", "http://www.17k.com/book/192453.html", "http://www.17k.com/book/2459058.html", "http://www.17k.com/book/1050747.html", "http://www.17k.com/book/2700315.html", "http://www.17k.com/book/2818940.html", "http://www.17k.com/book/2819519.html", "http://www.17k.com/book/2816390.html", "http://www.17k.com/book/2819588.html", "http://www.17k.com/book/2813768.html", "http://www.17k.com/book/2822406.html", "http://www.17k.com/book/2772164.html", "http://www.17k.com/book/2784023.html", "http://www.17k.com/book/2811877.html", "http://www.17k.com/book/2809119.html", "http://www.17k.com/book/2803700.html", "http://www.17k.com/book/2819561.html", "http://www.17k.com/book/2746506.html", "http://www.17k.com/book/2811836.html", "http://www.17k.com/book/2614810.html", "http://www.17k.com/book/1592435.html", "http://www.17k.com/book/1949748.html", "http://www.17k.com/book/2265802.html", "http://www.17k.com/book/2743240.html", "http://www.17k.com/book/2657437.html", "http://www.17k.com/book/2644502.html", "http://www.17k.com/book/2199900.html", "http://www.17k.com/book/2725436.html", "http://www.17k.com/book/2629978.html"]}