{"ratings": -1, "userreviews": [{"userName": "\u683c\u5b50\u843d", "userReviewDate": "2018-06-08", "userURL": "http://user.17k.com/58858101", "userReview": "\u5185\u5bb9\u5f88\u597d\uff0c\u671b\u5feb\u70b9\u66f4\u65b0"}, {"userName": "\u7231\u6f58\u6f58\u6f58\u963f", "userReviewDate": "2018-06-04", "userURL": "http://user.17k.com/62418878", "userReview": "\u5565\u65f6\u5019\u66f4\u65b0\u5462\uff1f\u56fa\u5b9a\u5417\uff1f\u80fd\u8bb2\u8bb2\u561b"}, {"userName": "\u738b\u58f9\u52fa", "userReviewDate": "2018-06-03", "userURL": "http://user.17k.com/57269900", "userReview": "\u8d76\u7d27\u66f4\u65b0\u5427\uff01\uff01\uff01"}, {"userName": "\u6c60\u9c7c853808035", "userReviewDate": "2018-06-02", "userURL": "http://user.17k.com/62450013", "userReview": "\u7b2c\u4e8c\u7ae0\u5f3a\u52bf\u523b\u8584\u7684\u5a76\u5a76\u7f57\u5a1f\u770b\u82cf\u4e0d\u5e94\u8be5\u662f\u60ca\u9e3f\u4e00\u77a5\uff0c\u60ca\u9e3f\u4e00\u77a5\u662f\u8912\u4e49\u8bcd\uff0c\u5c31\u6210\u4e86\u5f62\u5bb9\u7f57\u5a1f\u5f88\u7f8e\uff0c\u671b\u5927\u5927\u6539\u6210\u968f\u4fbf\u4e00\u770b"}, {"userName": "\u6d6e\u751f\u4e36888888", "userReviewDate": "2018-05-31", "userURL": "http://user.17k.com/60646641", "userReview": "\u597d\u770b\u3002\u266a\u266a\u266a\u266a\u266a\u266a\u266a"}, {"userName": "17K\u4e66\u53cbCFOS36LT", "userReviewDate": "2018-05-28", "userURL": "http://user.17k.com/58380470", "userReview": "\u8d85\u7ea7\u559c\u6b22\u770b"}, {"userName": "17K\u4e66\u53cbpecr66ki", "userReviewDate": "2018-05-27", "userURL": "http://user.17k.com/62247490", "userReview": "[\u6253\u8d4f]\u6211\u6253\u8d4f\u4e861\u5143\u7ea2\u5305\uff01\uff01"}, {"userName": "\u5212\u8239\u4e0d\u7528\u6868\u5168\u9760\u6d6a747526548", "userReviewDate": "2018-05-25", "userURL": "http://user.17k.com/62174837", "userReview": "<span style='color:blue'>\u4e3a\u4ec0\u4e48\u624d\u66f41\u7ae0\uff0c\u6ca1\u4e00\u4f1a\u5c31\u770b\u5b8c\u4e86\uff0c\uff0c\uff0c\uff0c\uff0c\u6655&nbsp;</span>"}, {"userName": "\u5212\u8239\u4e0d\u7528\u6868\u5168\u9760\u6d6a747526548", "userReviewDate": "2018-05-25", "userURL": "http://user.17k.com/62174837", "userReview": "[\u6253\u8d4f]\u6211\u6253\u8d4f\u4e862\u5143\u7ea2\u5305\uff01\uff01"}, {"userName": "\u6211\u8981\u5f53\u660e\u624b114758942", "userReviewDate": "2018-05-25", "userURL": "http://user.17k.com/60399135", "userReview": "[\u6253\u8d4f]\u6211\u6253\u8d4f\u4e868\u5143\u7ea2\u5305\uff01\uff01"}, {"userName": "\u6d6e\u751f\u4e36888888", "userReviewDate": "2018-05-14", "userURL": "http://user.17k.com/60646641", "userReview": "\u52a0\u6cb9\uff0c\u58f9\u58f9\u58f9\u3002"}, {"userName": "\u6d6e\u751f\u4e36Y", "userReviewDate": "2018-05-12", "userURL": "http://user.17k.com/61451775", "userReview": "\u52a0\u6cb9\u3002"}, {"userName": "\u6d6e\u751f\u4e36Y", "userReviewDate": "2018-05-11", "userURL": "http://user.17k.com/61451775", "userReview": "\u52a0\u6cb9\u3002"}, {"userName": "\u5be1\u4eba\u4e36y", "userReviewDate": "2018-05-10", "userURL": "http://user.17k.com/61452158", "userReview": "\u52a0\u6cb9\u3002"}, {"userName": "\u821e\u52a8\u5fc3\u60c5624135379", "userReviewDate": "2018-05-10", "userURL": "http://user.17k.com/61623294", "userReview": "\u52a0\u6cb9\u671f\u5f85\u4f60\u7684\u66f4\u65b0"}, {"userName": "\u6d6e\u751f\u4e36Y", "userReviewDate": "2018-05-09", "userURL": "http://user.17k.com/61451775", "userReview": "\u4f5c\u8005\u6bcf\u5929\u8981\u62e5\u6709\u597d\u5fc3\u60c5\u3002"}, {"userName": "\u6d6e\u751f\u4e36888888", "userReviewDate": "2018-05-09", "userURL": "http://user.17k.com/60646641", "userReview": "\u98d8\u8fc7\u4e36"}, {"userName": "\u8ed2\u4e36", "userReviewDate": "2018-05-09", "userURL": "http://user.17k.com/61452032", "userReview": "\u8def\u8fc7\u3002"}, {"userName": "\u5be1\u4eba\u4e36y", "userReviewDate": "2018-05-09", "userURL": "http://user.17k.com/61452158", "userReview": "\u52a0\u6cb9\uff0c\u58f9\u58f9\u58f9\uff0c"}, {"userName": "\u591c\u6708\u72ec\u9189\u4e36", "userReviewDate": "2018-05-09", "userURL": "http://user.17k.com/61452215", "userReview": "\u4f60\u662f\u6700\u68d2\u7684"}], "description": "\u82cf\u73cf\u91cd\u751f\u56de\u5230\u9ad8\u4e2d\u5e74\u4ee3\uff0c\u5e26\u9886\u7236\u6bcd\u59d0\u59d0\u53d1\u5bb6\u81f4\u5bcc\uff0c\u8c01\u8bf4\u5973\u5b50\u4e0d\u5982\u7537\uff01\u3000\u3000\u81f3\u4e8e\u8001\u516c\uff0c\u7b49\u6211\u6765\u89e3\u6551\u4f60\u5427\uff01", "title": "\u91cd\u751f\u516b\u96f6\uff1a\u53d1\u5bb6\u81f4\u5bcc\u8650\u8650\u6e23", "url": "http://www.17k.com/book/2793425.html", "average": -1.0, "cover": "http://img.17k.com/images/bookcover/2018/13967/69/2793425-1522071719000.jpg", "reviews": 44658, "authors": [{"url": "http://www.17k.com/zuozhe/60398899", "name": "\u98ce\u96e8\u8559\u831d"}], "type": ["\u552f\u7f8e\u7eaf\u7231"], "outlinks": ["http://www.17k.com/book/2794982.html", "http://www.17k.com/book/2801292.html", "http://www.17k.com/book/2816318.html", "http://www.17k.com/book/2797575.html", "http://www.17k.com/book/2802516.html", "http://www.17k.com/book/2812195.html", "http://www.17k.com/book/2820143.html", "http://www.17k.com/book/2807943.html", "http://www.17k.com/book/2813457.html", "http://www.17k.com/book/2798058.html", "http://www.17k.com/book/2815617.html", "http://www.17k.com/book/2805259.html", "http://www.17k.com/book/2760255.html", "http://www.17k.com/book/2686894.html", "http://www.17k.com/book/2797016.html", "http://www.17k.com/book/2767246.html", "http://www.17k.com/book/2764239.html", "http://www.17k.com/book/2754498.html", "http://www.17k.com/book/2754900.html", "http://www.17k.com/book/2625740.html", "http://www.17k.com/book/2213315.html", "http://www.17k.com/book/2402178.html", "http://www.17k.com/book/2691221.html", "http://www.17k.com/book/2210699.html", "http://www.17k.com/book/1797752.html", "http://www.17k.com/book/2575507.html", "http://www.17k.com/book/2705181.html", "http://www.17k.com/book/2702539.html", "http://www.17k.com/book/2474887.html", "http://www.17k.com/book/2674733.html", "http://www.17k.com/book/2822076.html", "http://www.17k.com/book/2809894.html", "http://www.17k.com/book/2822077.html", "http://www.17k.com/book/2811930.html", "http://www.17k.com/book/2815548.html", "http://www.17k.com/book/2819620.html", "http://www.17k.com/book/2809964.html", "http://www.17k.com/book/2808200.html", "http://www.17k.com/book/2820100.html", "http://www.17k.com/book/2822978.html", "http://www.17k.com/book/2804337.html", "http://www.17k.com/book/2798814.html", "http://www.17k.com/book/2785153.html", "http://www.17k.com/book/2731559.html", "http://www.17k.com/book/2722533.html", "http://www.17k.com/book/2458377.html", "http://www.17k.com/book/2743300.html", "http://www.17k.com/book/973809.html", "http://www.17k.com/book/2651367.html", "http://www.17k.com/book/2726194.html", "http://www.17k.com/book/2790214.html", "http://www.17k.com/book/493239.html", "http://www.17k.com/book/108821.html", "http://www.17k.com/book/1398783.html", "http://www.17k.com/book/83528.html", "http://www.17k.com/book/1859126.html", "http://www.17k.com/book/1741975.html", "http://www.17k.com/book/192453.html", "http://www.17k.com/book/2459058.html", "http://www.17k.com/book/1050747.html", "http://www.17k.com/book/2700315.html", "http://www.17k.com/book/2818940.html", "http://www.17k.com/book/2819519.html", "http://www.17k.com/book/2816390.html", "http://www.17k.com/book/2819588.html", "http://www.17k.com/book/2813768.html", "http://www.17k.com/book/2822406.html", "http://www.17k.com/book/2772164.html", "http://www.17k.com/book/2784023.html", "http://www.17k.com/book/2811877.html", "http://www.17k.com/book/2809119.html", "http://www.17k.com/book/2803700.html", "http://www.17k.com/book/2819561.html", "http://www.17k.com/book/2746506.html", "http://www.17k.com/book/2811836.html", "http://www.17k.com/book/2614810.html", "http://www.17k.com/book/1592435.html", "http://www.17k.com/book/1949748.html", "http://www.17k.com/book/2265802.html", "http://www.17k.com/book/2743240.html", "http://www.17k.com/book/2657437.html", "http://www.17k.com/book/2644502.html", "http://www.17k.com/book/2199900.html", "http://www.17k.com/book/2725436.html", "http://www.17k.com/book/2629978.html"]}