{"ratings": -1, "userreviews": [{"userName": "\u8d75\u71d5999010871", "userReviewDate": "2018-05-20", "userURL": "http://user.17k.com/61205382", "userReview": "\u4e0d\u597d\u770b\uff0c\u592a\u5570\u55e6\uff01"}, {"userName": "\u9189\u9152\u707c\u4eba", "userReviewDate": "2018-04-29", "userURL": "http://user.17k.com/45582857", "userReview": "\u8fd9\u662f\u6211\u89c1\u8fc7\u67b6\u5b50\u6700\u9ad8\u7684\u4e00\u4e2a\u4f5c\u8005\uff0c\u4ece\u6765\u4e0d\u548c\u8bfb\u8005\u4e92\u52a8"}, {"userName": "17K\u4e66\u53cbB01C2E22", "userReviewDate": "2018-04-21", "userURL": "http://user.17k.com/61142392", "userReview": "\u7b2c\u56db\u7ae0\u662f\u4e0d\u662f\u5e94\u8be5\u662f\u5927\u59d1\u8ddf\u4e09\u53d4\u800c\u4e0d\u662f\u5927\u59e8\uff1f"}, {"userName": "\u5982\u610f619028928", "userReviewDate": "2018-04-20", "userURL": "http://user.17k.com/60468910", "userReview": "\u5feb\u70b9\u5199\u62c9\uff0c\u7b49\u5230\u82b1\u513f\u4e5f\u8c22\u4e86"}, {"userName": "fairy507231475", "userReviewDate": "2018-04-14", "userURL": "http://user.17k.com/54916568", "userReview": "\u4e0d\u9519&#55357;&#56842; \u671f\u5f85\u66f4\u65b0&#55357;&#56490;&#55357;&#56490;"}, {"userName": "\u5468\u5bb6\u5c0f\u59d0\u59d0", "userReviewDate": "2018-04-14", "userURL": "http://user.17k.com/59004807", "userReview": "\u5c0f\u65b0\u4eba\u521d\u6b21\u62dc\u8bbf\uff0c\u8bf7\u591a\u591a\u6307\u6559\uff0c\u5df2\u6536\u85cf\u5566\uff5e"}, {"userName": "\u6d3d\u5982\u4e00\u68a6", "userReviewDate": "2018-04-04", "userURL": "http://user.17k.com/46366445", "userReview": "\u5b58\u4e86\u8fd9\u4e48\u957f\u65f6\u95f4\u53ef\u4ee5\u770b\u4e86"}, {"userName": "\u5fae\u8f9e\u5c0f\u59d0\u59d0", "userReviewDate": "2018-03-30", "userURL": "http://user.17k.com/60459923", "userReview": "\u6536\u85cf"}, {"userName": "17K\u4e66\u53cblfsmr0mq", "userReviewDate": "2018-03-28", "userURL": "http://user.17k.com/59522040", "userReview": "\u4e00\u8fb9\u8bfb\u4e66\u4e00\u8fb9\u7ecf\u5546\u4e0d\u7d2f\u5417"}, {"userName": "\u7b71\u7b71\u7b71\u7b71\u5f71", "userReviewDate": "2018-03-26", "userURL": "http://user.17k.com/49325577", "userReview": "\u300a\u7f6a\u7f5a\u56e0\u679c\u300b\u6765\u8bbf\u652f\u6301"}, {"userName": "\u9189\u9152\u707c\u4eba", "userReviewDate": "2018-03-20", "userURL": "http://user.17k.com/45582857", "userReview": "\u4e0d\u9519\uff0c\u53ef\u4ee5\u66f4\u65b0\u5feb\u4e9b\u4e0d"}, {"userName": "Abc\u5148\u751f\u5440", "userReviewDate": "2018-03-16", "userURL": "http://user.17k.com/60367900", "userReview": "\u7ed9\u5927\u5bb6\u63a8\u8350\u4e00\u672c\u90fd\u5e02\u7384\u5e7b\u7684\u597d\u4e66<a target='_blank' href='http://www.17k.com/book/2792128.html'>\u300a\u566c\u9b54\u6212\u300b</a>\uff0c\u6bcf\u5929\u66f4\u65b0\u54e6\uff01"}, {"userName": "\u70ed\u6d77\u6c90\u9633", "userReviewDate": "2018-03-16", "userURL": "http://user.17k.com/58610453", "userReview": "<a target='_blank' href='http://www.17k.com/book/2729786.html'>\u300a\u6211\u8fd9\u4e9b\u5e74\u7684\u4fee\u4ed9\u6545\u4e8b\u300b</a>\u6765\u8bbf\u652f\u6301\uff0c\u7ed9\u5927\u5927\u589e\u52a0\u70b9\u4eba\u6c14\uff0c\u5927\u5927\u52a0\u6cb9\u3002\u5404\u4f4d\u4e66\u53cb\u53ef\u4ee5\u770b\u4e0b\u6211\u7684\u4f5c\u54c1\uff0c\u65b0\u4eba\u6c42\u652f\u6301"}, {"userName": "Abc\u5148\u751f\u5440", "userReviewDate": "2018-03-14", "userURL": "http://user.17k.com/60367900", "userReview": "\u7ed9\u5927\u5bb6\u63a8\u8350\u4e00\u672c\u7384\u5e7b\u7c7b\u7684\u597d\u4e66<a target='_blank' href='http://www.17k.com/book/2792128.html'>\u300a\u566c\u9b54\u6212\u300b</a>\uff0c\u6bcf\u5929\u66f4\u65b0\u54e6\uff01"}, {"userName": "\u5170\u5fc3\u4f9d\u7433", "userReviewDate": "2018-03-06", "userURL": "http://user.17k.com/5968936", "userReview": "\u6bcf\u65e5\u6253\u5361\u786e\u8ba4"}, {"userName": "\u4e03\u4e03\u5c45\u58eb", "userReviewDate": "2018-03-03", "userURL": "http://user.17k.com/49673469", "userReview": "<a target='_blank' href='http://www.17k.com/book/2130853.html'>\u300a\u7231\u5df2\u6210\u6df1\u300b</a>\u6765\u8bbf\uff0c\u6c42\u5927\u5927\u6307\u70b9"}, {"userName": "17K\u4e66\u53cbyqsdgsjl", "userReviewDate": "2018-02-28", "userURL": "http://user.17k.com/60193108", "userReview": "[\u6253\u8d4f]\u6211\u6253\u8d4f\u4e862\u5143\u7ea2\u5305\uff01\uff01"}, {"userName": "\u6708\u843d\u68a6\u8ffd\u5fc6", "userReviewDate": "2018-02-27", "userURL": "http://user.17k.com/57478135", "userReview": "\u665a\u6765\u6253\u5361\uff0c\u652f\u6301~\\(\u2267\u25bd\u2266)/~"}, {"userName": "kool\u6377", "userReviewDate": "2018-02-27", "userURL": "http://user.17k.com/56730892", "userReview": "2018\u63a8\u8350\u4e00\u672c\u597d\u770b\u7684\u4e66<a target='_blank' href='http://www.17k.com/book/2728167.html'>\u300a\u6211\u548c\u5996\u517d\u6709\u4e2a\u7ea6\u4f1a\u300b</a>\uff0c\u60ca\u9669\u523a\u6fc0\uff0c\u6d6a\u6f2b\u6ee1\u5c4b\uff0c\u70ed\u8840\u683c\u6597\uff0c\u751f\u6b7b\u7231\u604b\uff0c\u6696\u6627\u4e0d\u65ad\uff0c\u5929\u5929\u66f4\u65b0\uff0c\u8bf7\u591a\u5173\u7167\uff0c\u6765\u4e2a\u6536\u85cf\u554a!\uff0c\u70b9\u51fb\u4e66\u540d\u5c31\u53ef\u4ee5\u770b\u5230\u4e66\u4e86\u3002"}, {"userName": "A\u725b\u9b54\u738b", "userReviewDate": "2018-02-27", "userURL": "http://user.17k.com/56738425", "userReview": "\u597d\u4e66\u9700\u8981\u63a8\u5e7f\uff0c\u6b63\u80fd\u91cf!2018\u63a8\u8350\u4e00\u672c\u597d\u770b\u7684\u4e66<a target='_blank' href='http://www.17k.com/book/2551937.html'>\u300a\u8d85\u65b0\u4eba\u300b</a>\uff0c\u60ca\u9669\u523a\u6fc0\uff0c\u6d6a\u6f2b\u6ee1\u5c4b\uff0c\u70ed\u8840\u683c\u6597\uff0c\u751f\u6b7b\u7231\u604b\uff0c\u6696\u6627\u4e0d\u65ad\uff0c\u4e0e\u4f17\u4e0d\u540c\uff0c\u5929\u5929\u66f4\u65b0\uff0c\u8bf7\u591a\u5173\u7167\uff0c\u6765\u4e2a\u6536\u85cf\u554a!\uff0c\u70b9\u51fb\u4e66\u540d\u5c31\u53ef\u4ee5\u770b\u5230\u4e66\u4e86\u3002"}], "description": "\u91cd\u751f\u4e5d\u96f6\u5e74\u3002\u3000\u3000\u62a4\u7236\u6bcd\u5bb6\u4eba\u3001\u8d76\u8d70\u6781\u54c1\u4eb2\u621a\uff0c\u5bf9\u51cc\u8335\u6765\u8bf4\u662f\u6700\u4e3a\u91cd\u8981\u7684\u4e8b\u60c5\u3002\u3000\u3000\u6781\u54c1\u4e0a\u95e8\u8981\u9178\u6885\u6c64\u914d\u65b9\uff0c\u8d76\u4e0d\u8d70\uff1f\u3000\u3000\u65e2\u7136\u4f60\u4e0d\u60f3\u8ba9\u9762\u5b50\uff0c\u90a3\u5979\u5fc5\u5b9a\u4f1a\u8ba9\u4f60\u77e5\u9053\u540e\u6094\u4e24\u4e2a\u5b57\uff0c\u600e\u4e48\u5199\uff01\u3000\u3000\u91cd\u6d3b\u4e00\u4e16\uff0c\u53d1\u5bb6\u81f4\u5bcc\u5bf9\u51cc\u8335\u6765\u8bf4\u8f7b\u800c\u6613\u4e3e\u3002\u3000\u3000\u5e26\u7740\u5bb6\u4eba\u8d5a\u5927\u94b1\uff0c\u5168\u56fd\u7686\u6709\u6211\u5bb6\u5e97\u3002", "title": "\u91cd\u751f\u4e5d\u96f6\u597d\u65f6\u5149", "url": "http://www.17k.com/book/2739392.html", "average": -1.0, "cover": "http://img.17k.com/images/bookcover/2018/13696/68/2739392-1514967918000.jpg", "reviews": 112269, "authors": [{"url": "http://www.17k.com/zuozhe/58862583", "name": "\u65f6\u4f0a\u4eba"}], "type": ["\u552f\u7f8e\u7eaf\u7231"], "outlinks": ["http://www.17k.com/book/2794982.html", "http://www.17k.com/book/2801292.html", "http://www.17k.com/book/2816318.html", "http://www.17k.com/book/2797575.html", "http://www.17k.com/book/2802516.html", "http://www.17k.com/book/2812195.html", "http://www.17k.com/book/2820143.html", "http://www.17k.com/book/2807943.html", "http://www.17k.com/book/2813457.html", "http://www.17k.com/book/2798058.html", "http://www.17k.com/book/2815617.html", "http://www.17k.com/book/2805259.html", "http://www.17k.com/book/2760255.html", "http://www.17k.com/book/2686894.html", "http://www.17k.com/book/2797016.html", "http://www.17k.com/book/2767246.html", "http://www.17k.com/book/2764239.html", "http://www.17k.com/book/2754498.html", "http://www.17k.com/book/2754900.html", "http://www.17k.com/book/2625740.html", "http://www.17k.com/book/2213315.html", "http://www.17k.com/book/2402178.html", "http://www.17k.com/book/2691221.html", "http://www.17k.com/book/2210699.html", "http://www.17k.com/book/1797752.html", "http://www.17k.com/book/2575507.html", "http://www.17k.com/book/2705181.html", "http://www.17k.com/book/2702539.html", "http://www.17k.com/book/2474887.html", "http://www.17k.com/book/2674733.html", "http://www.17k.com/book/2822076.html", "http://www.17k.com/book/2809894.html", "http://www.17k.com/book/2822077.html", "http://www.17k.com/book/2811930.html", "http://www.17k.com/book/2815548.html", "http://www.17k.com/book/2819620.html", "http://www.17k.com/book/2809964.html", "http://www.17k.com/book/2808200.html", "http://www.17k.com/book/2820100.html", "http://www.17k.com/book/2822978.html", "http://www.17k.com/book/2804337.html", "http://www.17k.com/book/2798814.html", "http://www.17k.com/book/2785153.html", "http://www.17k.com/book/2731559.html", "http://www.17k.com/book/2722533.html", "http://www.17k.com/book/2458377.html", "http://www.17k.com/book/2743300.html", "http://www.17k.com/book/973809.html", "http://www.17k.com/book/2651367.html", "http://www.17k.com/book/2726194.html", "http://www.17k.com/book/2790214.html", "http://www.17k.com/book/493239.html", "http://www.17k.com/book/108821.html", "http://www.17k.com/book/1398783.html", "http://www.17k.com/book/83528.html", "http://www.17k.com/book/1859126.html", "http://www.17k.com/book/1741975.html", "http://www.17k.com/book/192453.html", "http://www.17k.com/book/2459058.html", "http://www.17k.com/book/1050747.html", "http://www.17k.com/book/2700315.html", "http://www.17k.com/book/2818940.html", "http://www.17k.com/book/2819519.html", "http://www.17k.com/book/2816390.html", "http://www.17k.com/book/2819588.html", "http://www.17k.com/book/2813768.html", "http://www.17k.com/book/2822406.html", "http://www.17k.com/book/2772164.html", "http://www.17k.com/book/2784023.html", "http://www.17k.com/book/2811877.html", "http://www.17k.com/book/2809119.html", "http://www.17k.com/book/2803700.html", "http://www.17k.com/book/2819561.html", "http://www.17k.com/book/2746506.html", "http://www.17k.com/book/2811836.html", "http://www.17k.com/book/2614810.html", "http://www.17k.com/book/1592435.html", "http://www.17k.com/book/1949748.html", "http://www.17k.com/book/2265802.html", "http://www.17k.com/book/2743240.html", "http://www.17k.com/book/2657437.html", "http://www.17k.com/book/2644502.html", "http://www.17k.com/book/2199900.html", "http://www.17k.com/book/2725436.html", "http://www.17k.com/book/2629978.html"]}