{"ratings": -1, "userreviews": [{"userName": "\u6c38\u8fdc\u7684\u5927\u6d0b\u828b", "userReviewDate": "2018-03-22", "userURL": "http://user.17k.com/5799359", "userReview": "\u5e7f\u544a\u697c\uff0c\u5e0c\u671b\u6253\u5e7f\u544a\u7684\u670b\u53cb\u5c06\u5e7f\u544a\u843d\u5728\u6b64\u5904\u3002"}, {"userName": "\u6c38\u8fdc\u7684\u5927\u6d0b\u828b", "userReviewDate": "2018-02-05", "userURL": "http://user.17k.com/5799359", "userReview": "<span style='color:blue'>\u9f99\u5957\u697c\uff0c\u672c\u4e66\u5df2\u7b7e\uff0c\u6709\u5174\u8da3\u626e\u6f14\u89c9\u5f97\u7684\u670b\u53cb\u53ef\u4ee5\u5728\u4e0b\u65b9\u7559\u4e0b\u8981\u6c42\uff0c\u6d0b\u828b\u4f1a\u6839\u636e\u6545\u4e8b\u53d1\u5c55\u7684\u9700\u8981\u7ed9\u4e0e\u5b89\u6392\u548c\u91c7\u7528\uff0c\u8ba9\u6211\u4eec\u5171\u540c\u6765\u5b8c\u6210\u8fd9\u90e8\u4f5c\u54c1\uff0c\u8c22\u8c22\u3002</span>"}, {"userName": "\u96e8\u6668233", "userReviewDate": "2018-06-07", "userURL": "http://user.17k.com/60804302", "userReview": "\u5927\u6d0b\u828b\u4e0b\u5348\u597d~\u4e0b\u5348\u597d~"}, {"userName": "\u4e34\u6c5f\u4f69", "userReviewDate": "2018-06-07", "userURL": "http://user.17k.com/43770515", "userReview": "\u597d\u5c0f\u8bf4\uff0c\u652f\u6301\u3002\u5df2\u6536\u85cf"}, {"userName": "\u5723\u9690\u5e1d\u5143", "userReviewDate": "2018-06-06", "userURL": "http://user.17k.com/57760595", "userReview": "\u7b7e\u5230\u652f\u6301\uff01"}, {"userName": "\u5728\u90a3\u91cc925945500", "userReviewDate": "2018-06-05", "userURL": "http://user.17k.com/61134689", "userReview": "\u6c42\u652f\u6301\u5929\u738b\u5e7b\u90fd"}, {"userName": "\u6d3d\u5982\u4e00\u68a6", "userReviewDate": "2018-06-03", "userURL": "http://user.17k.com/46366445", "userReview": "\u4e66\u540d\u4e0d\u9519\uff0c\u4e0d\u77e5\u9053\u597d\u4e0d\u597d\u770b"}, {"userName": "\u7075\u5f02\u8ff7\u8005", "userReviewDate": "2018-06-03", "userURL": "http://user.17k.com/56677493", "userReview": "\u8001\u592b\u56db\u5c81\u6b65\u5165<a target='_blank' href='http://www.17k.com/book/778955.html'>\u300a\u4fee\u771f\u4e16\u754c\u300b</a>\uff1b\u4e94\u5c81\u4fee\u300a\u5929\u5251\u5fa1\u9053\u300b\uff1b\u516d\u5c81\u70bc\u795e\u529f<a target='_blank' href='http://www.17k.com/book/771414.html'>\u300a\u771f\u7075\u4e5d\u53d8\u300b</a>\uff1b\u5386\u7ecf<a target='_blank' href='http://www.17k.com/book/136772.html'>\u300a\u4e5d\u52ab\u300b</a>\uff1b\u7ec8\u4e8e\u5728\u5341\u56db\u5c81\u5c06\u6b64\u529f\u7ec3\u81f3\u5927\u6210\uff1b\u4ece\u6b64\u300a\u58f0\u540d\u9e4a\u8d77\u300b\uff0c\u65e0\u4eba\u4e0d\u77e5\uff0c\u5341\u4e94\u5c81\u5f97<a target='_blank' href='http://www.17k.com/book/739609.html'>\u300a\u795e\u5370\u738b\u5ea7\u300b</a>\uff1b\u5341\u516b\u5c81\u5f97<a target='_blank' href='http://www.17k.com/book/61615.html'>\u300a\u5e1d\u5c0a\u300b</a>\u4f20\u627f\uff0c\u4ece\u6b64<a target='_blank' href='http://www.17k.com/book/447141.html'>\u300a\u72ec\u6b65\u5929\u4e0b\u300b</a>\uff0c\u582a\u79f0<a target='_blank' href='http://www.17k.com/book/12521.html'>\u300a\u4e00\u4ee3\u5929\u9a84\u300b</a>\uff0c\u56e0\u6740\u4eba\u8fc7\u591a\uff0c<a target='_blank' href='http://www.17k.com/book/687229.html'>\u300a\u8840\u67d3\u4e00\u751f\u300b</a>\uff0c\u88ab\u4e16\u4eba\u79f0\u4e3a<a target='_blank' href='http://www.17k.com/book/180535.html'>\u300a\u6740\u795e\u300b</a>\uff0c\u7136\u800c<a target='_blank' href='http://www.17k.com/book/11381.html'>\u300a\u795e\u9053\u300b</a>\u6f2b\u957f\u4fee\u70bc\u6c38\u65e0\u6b62\u5883\uff0c\u6b63\u4e0e<a target='_blank' href='http://www.17k.com/book/126360.html'>\u300a\u516d\u9053\u4ed9\u5c0a\u300b</a>\u3001[book=\u5927\u9053\u4e3b:5..."}, {"userName": "\u7075\u5f02\u8ff7\u8005", "userReviewDate": "2018-06-03", "userURL": "http://user.17k.com/56677493", "userReview": "\u8001\u592b\u56db\u5c81\u6b65\u5165<a target='_blank' href='http://www.17k.com/book/778955.html'>\u300a\u4fee\u771f\u4e16\u754c\u300b</a>\uff1b\u4e94\u5c81\u4fee\u300a\u5929\u5251\u5fa1\u9053\u300b\uff1b\u516d\u5c81\u70bc\u795e\u529f<a target='_blank' href='http://www.17k.com/book/771414.html'>\u300a\u771f\u7075\u4e5d\u53d8\u300b</a>\uff1b\u5386\u7ecf<a target='_blank' href='http://www.17k.com/book/136772.html'>\u300a\u4e5d\u52ab\u300b</a>\uff1b\u7ec8\u4e8e\u5728\u5341\u56db\u5c81\u5c06\u6b64\u529f\u7ec3\u81f3\u5927\u6210\uff1b\u4ece\u6b64\u300a\u58f0\u540d\u9e4a\u8d77\u300b\uff0c\u65e0\u4eba\u4e0d\u77e5\uff0c\u5341\u4e94\u5c81\u5f97<a target='_blank' href='http://www.17k.com/book/739609.html'>\u300a\u795e\u5370\u738b\u5ea7\u300b</a>\uff1b\u5341\u516b\u5c81\u5f97<a target='_blank' href='http://www.17k.com/book/61615.html'>\u300a\u5e1d\u5c0a\u300b</a>\u4f20\u627f\uff0c\u4ece\u6b64<a target='_blank' href='http://www.17k.com/book/447141.html'>\u300a\u72ec\u6b65\u5929\u4e0b\u300b</a>\uff0c\u582a\u79f0<a target='_blank' href='http://www.17k.com/book/12521.html'>\u300a\u4e00\u4ee3\u5929\u9a84\u300b</a>\uff0c\u56e0\u6740\u4eba\u8fc7\u591a\uff0c<a target='_blank' href='http://www.17k.com/book/687229.html'>\u300a\u8840\u67d3\u4e00\u751f\u300b</a>\uff0c\u88ab\u4e16\u4eba\u79f0\u4e3a<a target='_blank' href='http://www.17k.com/book/180535.html'>\u300a\u6740\u795e\u300b</a>\uff0c\u7136\u800c<a target='_blank' href='http://www.17k.com/book/11381.html'>\u300a\u795e\u9053\u300b</a>\u6f2b\u957f\u4fee\u70bc\u6c38\u65e0\u6b62\u5883\uff0c\u6b63\u4e0e<a target='_blank' href='http://www.17k.com/book/126360.html'>\u300a\u516d\u9053\u4ed9\u5c0a\u300b</a>\u3001[book=\u5927\u9053\u4e3b:5..."}, {"userName": "\u5723\u9690\u5e1d\u5143", "userReviewDate": "2018-06-02", "userURL": "http://user.17k.com/57760595", "userReview": "\u7b7e\u5230\u652f\u6301\uff01"}, {"userName": "\u4e34\u6c5f\u4f69", "userReviewDate": "2018-06-02", "userURL": "http://user.17k.com/43770515", "userReview": "\u6c34\u58a8\u5e26\u7740\u65b0\u4e66<a target='_blank' href='http://www.17k.com/book/2799903.html'>\u300a\u68c0\u9a8c\u79d1N\u91cd\u594f\u300b</a>\u8fc7\u6765\u62dc\u8bbf\u3002"}, {"userName": "\u56db\u7237\u4e0d\u592a\u51e1", "userReviewDate": "2018-05-31", "userURL": "http://user.17k.com/53948182", "userReview": "\u524d\u6765\u652f\u6301\u3002\u3002"}, {"userName": "\u6f2b\u5929\u661f\u8424", "userReviewDate": "2018-05-30", "userURL": "http://user.17k.com/56871683", "userReview": "\u7b80\u5355\u70b9\uff0c\u661f\u8424\u8bf4\u8bdd\u5c31\u4e0d\u62d0\u5f2f\u62b9\u89d2\u5566(\u0e51&acute;\u3142`\u0e51)\u4eba\u751f\u4e2d\u6700\u7231\u4f60\u7684\u4eba\uff0c\u9664\u4e86\u4f60\u81ea\u5df1\uff0c\u8fd8\u662f\u4f60\u81ea\u5df1 \uff0c\u6ce8\u610f\u4f11\u606f\u54e6\uff5e\u201c\u4fdd\u62a4\u201d\u597d\u81ea\u5df1,\u5df2\u7ed9\u5927\u5927\u6295\u7968"}, {"userName": "\u96e8\u6668233", "userReviewDate": "2018-05-30", "userURL": "http://user.17k.com/60804302", "userReview": "\u6d0b\u828b\u5348\u597d~\u652f\u6301\u4f60"}, {"userName": "\u5bd2\u6885\u82b1\u9999", "userReviewDate": "2018-05-29", "userURL": "http://user.17k.com/56968530", "userReview": "\u91cd\u751f\u7684\u611f\u89c9\u771f\u5999\u554a"}, {"userName": "\u513f\u5b50\u7684\u8001\u5b50", "userReviewDate": "2018-05-22", "userURL": "http://user.17k.com/59160776", "userReview": "\u4e00\u76f4\u4e00\u4eba\u516b"}, {"userName": "17K\u4e66\u53cbubxwcxfv", "userReviewDate": "2018-05-19", "userURL": "http://user.17k.com/61624123", "userReview": "[\u6253\u8d4f]\u6211\u6253\u8d4f\u4e861\u4e2a'\u5c0f\u5fc3\u5fc3'\uff01\uff01"}, {"userName": "\u8881\u5c0f\u6668", "userReviewDate": "2018-05-14", "userURL": "http://user.17k.com/61589300", "userReview": "[\u6253\u8d4f]\u6211\u6253\u8d4f\u4e862\u5143\u7ea2\u5305\uff01\uff01"}, {"userName": "\u96ea\u671d\u7483916540659", "userReviewDate": "2018-05-13", "userURL": "http://user.17k.com/54593833", "userReview": "\u6765\u652f\u6301\u4e00\u4e0b\uff01"}, {"userName": "17K\u4e66\u53cbqw66dc3t", "userReviewDate": "2018-04-29", "userURL": "http://user.17k.com/61339756", "userReview": "[\u6253\u8d4f]\u6211\u6253\u8d4f\u4e861\u4e2a'\u5c0f\u5fc3\u5fc3'\uff01\uff01"}], "description": "\u4e00\u4e2a\u7a77\u5c4c\u4e1d\uff0c\u673a\u7f18\u5de7\u5408\u4e0b\u7684\u4e00\u6b21\u91cd\u751f\uff0c\u8ba9\u4ed6\u6709\u4e86\u91cd\u65b0\u6539\u53d8\u547d\u8fd0\u548c\u73af\u5883\u7684\u673a\u4f1a\uff0c\u9762\u5bf9\u5bb6\u5f92\u56db\u58c1\u8d1f\u503a\u7d2f\u7d2f\u7684\u5bb6\u5ead\uff0c\u9762\u5bf9\u90a3\u4e2a\u504f\u50fb\u7684\u5c0f\u5c71\u6c9f\uff0c\u4ed6\u4e00\u6539\u8fc7\u53bb\u7684\u4f5c\u98ce\uff0c\u8e0f\u5b9e\u52e4\u594b\uff0c\u523b\u82e6\u62fc\u640f\uff0c\u4e0d\u4f46\u8ba9\u81ea\u5df1\u548c\u5bb6\u4eba\u8fc7\u4e0a\u4e86\u53d7\u4eba\u5c0a\u656c\u7684\u751f\u6d3b\uff0c\u800c\u4e14\uff0c\u4ed6\u8fd8\u79ef\u6781\u5e2e\u52a9\u4e61\u4eb2\uff0c\u8ba9\u4e00\u4e2a\u5916\u9762\u95fb\u6240\u672a\u95fb\u7684\u5c0f\u5c71\u6c9f\u6210\u4e3a\u95fb\u540d\u9050\u8fe9\u7684\u5bcc\u88d5\u4e4b\u5730\uff0c\u6700\u7ec8\u4ed6\u7684\u4e8b\u4e1a\u8d70\u5411\u5168\u56fd\uff0c\u51b2\u5411\u4e16\u754c\u3002", "title": "\u91cd\u751f\u4e4b\u5de8\u53d8", "url": "http://www.17k.com/book/2770081.html", "average": -1.0, "cover": "http://img.17k.com/images/bookcover/2018/13850/69/2770081-1519555738000.jpg", "reviews": 138015, "authors": [{"url": "http://www.17k.com/zuozhe/5799359", "name": "\u6c38\u8fdc\u7684\u5927\u6d0b\u828b"}], "type": ["\u90fd\u5e02\u91cd\u751f"], "outlinks": ["http://www.17k.com/book/2794982.html", "http://www.17k.com/book/2801292.html", "http://www.17k.com/book/2816318.html", "http://www.17k.com/book/2797575.html", "http://www.17k.com/book/2802516.html", "http://www.17k.com/book/2812195.html", "http://www.17k.com/book/2820143.html", "http://www.17k.com/book/2807943.html", "http://www.17k.com/book/2813457.html", "http://www.17k.com/book/2798058.html", "http://www.17k.com/book/2815617.html", "http://www.17k.com/book/2805259.html", "http://www.17k.com/book/2760255.html", "http://www.17k.com/book/2686894.html", "http://www.17k.com/book/2797016.html", "http://www.17k.com/book/2767246.html", "http://www.17k.com/book/2764239.html", "http://www.17k.com/book/2754498.html", "http://www.17k.com/book/2754900.html", "http://www.17k.com/book/2625740.html", "http://www.17k.com/book/2213315.html", "http://www.17k.com/book/2402178.html", "http://www.17k.com/book/2691221.html", "http://www.17k.com/book/2210699.html", "http://www.17k.com/book/1797752.html", "http://www.17k.com/book/2575507.html", "http://www.17k.com/book/2705181.html", "http://www.17k.com/book/2702539.html", "http://www.17k.com/book/2474887.html", "http://www.17k.com/book/2674733.html", "http://www.17k.com/book/2822076.html", "http://www.17k.com/book/2809894.html", "http://www.17k.com/book/2822077.html", "http://www.17k.com/book/2811930.html", "http://www.17k.com/book/2815548.html", "http://www.17k.com/book/2819620.html", "http://www.17k.com/book/2809964.html", "http://www.17k.com/book/2808200.html", "http://www.17k.com/book/2820100.html", "http://www.17k.com/book/2822978.html", "http://www.17k.com/book/2804337.html", "http://www.17k.com/book/2798814.html", "http://www.17k.com/book/2785153.html", "http://www.17k.com/book/2731559.html", "http://www.17k.com/book/2722533.html", "http://www.17k.com/book/2458377.html", "http://www.17k.com/book/2743300.html", "http://www.17k.com/book/973809.html", "http://www.17k.com/book/2651367.html", "http://www.17k.com/book/2726194.html", "http://www.17k.com/book/2790214.html", "http://www.17k.com/book/493239.html", "http://www.17k.com/book/108821.html", "http://www.17k.com/book/1398783.html", "http://www.17k.com/book/83528.html", "http://www.17k.com/book/1859126.html", "http://www.17k.com/book/1741975.html", "http://www.17k.com/book/192453.html", "http://www.17k.com/book/2459058.html", "http://www.17k.com/book/1050747.html", "http://www.17k.com/book/2700315.html", "http://www.17k.com/book/2818940.html", "http://www.17k.com/book/2819519.html", "http://www.17k.com/book/2816390.html", "http://www.17k.com/book/2819588.html", "http://www.17k.com/book/2813768.html", "http://www.17k.com/book/2822406.html", "http://www.17k.com/book/2772164.html", "http://www.17k.com/book/2784023.html", "http://www.17k.com/book/2811877.html", "http://www.17k.com/book/2809119.html", "http://www.17k.com/book/2803700.html", "http://www.17k.com/book/2819561.html", "http://www.17k.com/book/2746506.html", "http://www.17k.com/book/2811836.html", "http://www.17k.com/book/2614810.html", "http://www.17k.com/book/1592435.html", "http://www.17k.com/book/1949748.html", "http://www.17k.com/book/2265802.html", "http://www.17k.com/book/2743240.html", "http://www.17k.com/book/2657437.html", "http://www.17k.com/book/2644502.html", "http://www.17k.com/book/2199900.html", "http://www.17k.com/book/2725436.html", "http://www.17k.com/book/2629978.html"]}