{"ratings": -1, "userreviews": [{"userName": "17K\u4e66\u53cb0uz4imyv", "userReviewDate": "2018-06-02", "userURL": "http://user.17k.com/55875073", "userReview": "\u5199\u7684\u592a\u4e71\uff0c\u592a\u78e8\u53fd\u3002\u5e9f\u8bdd\u592a\u591a\u3002"}, {"userName": "17K\u4e66\u53cbpirha9vw", "userReviewDate": "2018-05-17", "userURL": "http://user.17k.com/61637775", "userReview": "\u5199\u4e9b\u4ec0\u4e48\u73a9\u610f\uff1f"}, {"userName": "\u9082\u9005\u7ea6\u5b9a", "userReviewDate": "2018-04-12", "userURL": "http://user.17k.com/12141974", "userReview": "\u524d\u9762\u597d\u6bd2\uff0c\u80fd\u4e0d\u80fd\u6709\u70b9\u65b0\u610f"}, {"userName": "\u5341\u56db\u4e2a\u571f\u65b9", "userReviewDate": "2018-03-16", "userURL": "http://user.17k.com/49433961", "userReview": "<a target='_blank' href='http://www.17k.com/book/2792949.html'>\u300a\u5927\u5149\u660e\u9053\u300b</a>\u524d\u6765\u62dc\u8bbf\uff0c\u5f53\u5149\u660e\u4e0e\u6076\u9b54\u540c\u65f6\u964d\u4e34\uff0c\u5c11\u5e74\u9f50\u5929\u4f1a\u5982\u4f55\u6289\u62e9\uff0c\u4e14\u770b\u9f50\u5929\u5982\u4f55\u9547\u538b\u6076\u9b54\uff0c\u638c\u63a7\u5149\u660e\uff0c\u4e66\u5199\u4e00\u6bb5\u5dc5\u5cf0\u4f20\u5947\uff0c\u70ed\u8840\u7384\u5e7b\u529b\u4f5c\uff0c\u6b22\u8fce\u4e66\u8352\u7684\u670b\u53cb"}, {"userName": "\u9189\u601d\u91cf\uff0c\u96be\u76f8\u5fd8", "userReviewDate": "2018-03-02", "userURL": "http://user.17k.com/58470390", "userReview": "<a target='_blank' href='http://www.17k.com/book/2724187.html'>\u300a\u89e3\u5fe7\u4e8b\u52a1\u6240\u300b</a>\u6765\u8bbf\u652f\u6301\uff0c\u90fd\u5e02\u7206\u7b11\u529b\u4f5c\uff0c\u6709\u5174\u8da3\u7684\u540c\u5b66\u4e86\u89e3\u4e00\u54c8"}, {"userName": "\u98de\u96ea\u4e71\u6e05\u98ce", "userReviewDate": "2018-02-27", "userURL": "http://user.17k.com/45159154", "userReview": "<a target='_blank' href='http://www.17k.com/book/2677053.html'>\u300a\u9b54\u5984\u300b</a>\u6765\u8bbf\uff0c\u5348\u597d\uff0c\u534a\u622a\u67f4"}, {"userName": "A\u725b\u9b54\u738b", "userReviewDate": "2018-02-17", "userURL": "http://user.17k.com/56738425", "userReview": "2018\u63a8\u8350\u4e00\u672c\u597d\u770b\u7684\u4e66<a target='_blank' href='http://www.17k.com/book/2551937.html'>\u300a\u8d85\u65b0\u4eba\u300b</a>\uff0c\u60ca\u9669\u523a\u6fc0\uff0c\u6d6a\u6f2b\u6ee1\u5c4b\uff0c\u70ed\u8840\u683c\u6597\uff0c\u751f\u6b7b\u7231\u604b\uff0c\u6696\u6627\u4e0d\u65ad\uff0c\u5929\u5929\u66f4\u65b0\uff0c\u8bf7\u591a\u5173\u7167\uff0c\u6765\u4e2a\u6536\u85cf\u554a!\uff0c\u70b9\u51fb\u4e66\u540d\u5c31\u53ef\u4ee5\u770b\u5230\u4e66\u4e86\u3002"}, {"userName": "\u6960\u5ef6\u67ab", "userReviewDate": "2018-02-12", "userURL": "http://user.17k.com/58500070", "userReview": "\u501f\u8d35\u5b9d\u5730\u4e00\u7528\uff0c<a target='_blank' href='http://www.17k.com/book/2755202.html'>\u300a\u9f99\u6e38\u5bd2\u98ce\u300b</a>\u524d\u6765\u5b66\u4e60\uff0c\u6c42\u6536\u85cf\u3001\u6c42\u9c9c\u82b1\u3001\u6c42\u70b9\u51fb"}, {"userName": "\u5c0f\u767d\u5c0f\u767dTWO", "userReviewDate": "2018-02-11", "userURL": "http://user.17k.com/59792440", "userReview": "\u524d\u8f88\u4e66\u5199\u7684\u771f\u7684\u5f88\u597d\uff01 <a target='_blank' href='http://www.17k.com/book/2770961.html'>\u300a\u6362\u5929\u6211\u4e3a\u5c0a\u300b</a> \u65b0\u4f5c\u54c1\u5df2\u7ecf\u51fa\u7089 \u6b22\u8fce\u6765\u8e29 \u4e0d\u4e00\u6837\u7684\u5957\u8def \u4e0d\u4e00\u6837\u7684\u4eba\u7269\u6027\u683c \u4e0d\u4e00\u6837\u7684\u4e00\u7fa4\u4eba \u90fd\u5c06\u5728\u540e\u8fb9\u7684\u5267\u60c5\u4e00\u4e00\u95ea\u73b0 \u5267\u60c5\u5f88\u597d \u6b22\u8fce\u7ed9\u51fa\u5efa\u8bae \u4fdd\u8bc1\u4e0d\u65ad\u66f4 \u800c\u4e14\u8fd8\u4f1a\u7206\u66f4"}, {"userName": "\u9ec4\u74dc\u7684\u5bbf\u547d", "userReviewDate": "2018-02-10", "userURL": "http://user.17k.com/53195742", "userReview": "<a target='_blank' href='http://www.17k.com/book/2377865.html'>\u300a\u81f3\u9738\u82cd\u751f\u8bc0\u300b</a>\u6765\u8bbf\uff0c\u6c42\u652f\u6301\u6c42\u6269\u6563\uff0c\u87f9\u87f9\u3002"}, {"userName": "A\u725b\u9b54\u738b", "userReviewDate": "2018-02-08", "userURL": "http://user.17k.com/56738425", "userReview": "\u63a8\u8350\u4e00\u672c\u597d\u770b\u7684\u4e66<a target='_blank' href='http://www.17k.com/book/2551937.html'>\u300a\u8d85\u65b0\u4eba\u300b</a>\uff0c\u60ca\u9669\u523a\u6fc0\uff0c\u6d6a\u6f2b\u6ee1\u5c4b\uff0c\u6696\u6627\u6e29\u60c5\uff0c\u4f20\u6388\u60c5\u7231\u771f\u8c1b\uff0c\u5929\u5929\u66f4\u65b0\uff0c\u8bf7\u591a\u591a\u5173\u7167\uff0c\u6765\u4e2a\u6536\u85cf\u5427!\u70b9\u51fb\u4e66\u540d\u5c31\u53ef\u4ee5\u770b\u5230\u4e66\u4e86\u3002"}, {"userName": "\u5723\u9690\u5e1d\u5143", "userReviewDate": "2018-02-03", "userURL": "http://user.17k.com/57760595", "userReview": "<a target='_blank' href='http://www.17k.com/book/2681494.html'>\u300a\u7075\u8f69\u5f55\u300b</a>\u7b7e\u5230\u652f\u6301"}, {"userName": "\u4e5d\u9f99\u5486\u54ee", "userReviewDate": "2018-02-03", "userURL": "http://user.17k.com/49920879", "userReview": "\u597d\u4e66\uff01\uff01\uff01\u643a\u7384\u5e7b\u723d\u6587<a target='_blank' href='http://www.17k.com/book/2746962.html'>\u300a\u9006\u5929\u5723\u9e92\u9e9f\u300b</a>\u62dc\u8bbf\uff01\u5404\u4f4d\uff0c\u5165\u5751\u5427\uff5e"}, {"userName": "\u7389\u7f18177728792", "userReviewDate": "2018-01-30", "userURL": "http://user.17k.com/59194418", "userReview": "[\u6253\u8d4f]\u6211\u6253\u8d4f\u4e862\u5143\u7ea2\u5305\uff01\uff01"}, {"userName": "yz\u5927\u4eba", "userReviewDate": "2018-01-29", "userURL": "http://user.17k.com/59569684", "userReview": "<span style='color:black'> \u7384\u5e7b\u65b0\u4e66<a target='_blank' href='http://www.17k.com/book/2763925.html'>\u300a\u767d\u8863\u65e0\u5fcc\u300b</a>\uff0c\u6709\u559c\u6b22\u7384\u5e7b\u7684\u540c\u597d\u4eec\uff0c\u8d76\u7d27\u70b9\u51fb\u3002\u8fc7\u4e86\u8fd9\u4e2a\u6751\u5c31\u6ca1\u8fd9\u4e2a\u5e97\u4e86\uff0c\u770b\u8fc7\u7684\uff0c\u90fd\u8bf4\u597d\u3002\u5e05\u7684\u4eba\u65e9\u5df2\u70b9\u51fb\uff0c\u4e11\u7684\u4eba\u8fd8\u5728\u72b9\u8c6b\u3002\u90a3\u4e48\u5e05\uff08\u7f8e\uff09\u7684\u4eba\uff0c\u600e\u4e48\u80fd\u4e0d\u8d76\u7d27\u70b9\u51fb\u5462\uff1f<a target='_blank' href='http://www.17k.com/book/2763925.html'>\u300a\u767d\u8863\u65e0\u5fcc\u300b</a></span>"}, {"userName": "K\u5c0f\u5f00", "userReviewDate": "2018-01-26", "userURL": "http://user.17k.com/58509881", "userReview": "\u597d\u4e66\uff01\u5434\u5f00\u9633\u643a<a target='_blank' href='http://www.17k.com/book/2724684.html'>\u300a\u4e00\u5ff5\u539f\u7f6a\u300b</a>\u524d\u6765\u62dc\u8bfb\u4e86\uff0c\u65b0\u4eba\u65b0\u4f5c\uff0c\u6709\u4ec0\u4e48\u5fc3\u5f97\uff0c\u8fd8\u671b\u6307\u6559\u4e00\u4e8c\uff0c\u611f\u6fc0\u4e0d\u5c3d\uff01"}, {"userName": "A\u725b\u9b54\u738b", "userReviewDate": "2018-01-25", "userURL": "http://user.17k.com/56738425", "userReview": "\u63a8\u8350\u4e00\u672c\u60ca\u9669\u523a\u6fc0\u597d\u770b\u7684\u4e66<a target='_blank' href='http://www.17k.com/book/2728167.html'>\u300a\u6211\u548c\u5996\u517d\u6709\u4e2a\u7ea6\u4f1a\u300b</a>\uff0c\u591a\u591a\u652f\u6301\uff0c\u6765\u4e2a\u6536\u85cf!\u70b9\u51fb\u4e66\u540d\u5c31\u53ef\u4ee5\u770b\u5230\u4e66\u4e86\u3002"}, {"userName": "\u5ca9\u6cca", "userReviewDate": "2018-01-24", "userURL": "http://user.17k.com/52703967", "userReview": "\u6587\u6587\u4e0d\u9519\uff01<a target='_blank' href='http://www.17k.com/book/2347646.html'>\u300a\u7f8e\u4e3d\u65e0\u754c\u300b</a><a target='_blank' href='http://www.17k.com/book/2388836.html'>\u300a\u7fa3\u4ed9\u9b54\u5f71\u300b</a>\u6765\u62dc\u8bbf\uff01\u6b22\u8fce\u5927\u5927\u524d\u53bb\u6e9c\u8fbe\u6e9c\u8fbe\uff0c\u5ca9\u6cca\u611f\u8c22\uff01"}, {"userName": "\u70ed\u6d77\u6c90\u9633", "userReviewDate": "2018-01-22", "userURL": "http://user.17k.com/58610453", "userReview": "<a target='_blank' href='http://www.17k.com/book/2729786.html'>\u300a\u6211\u8fd9\u4e9b\u5e74\u7684\u4fee\u4ed9\u6545\u4e8b\u300b</a>\u6765\u8bbf\u652f\u6301\uff0c\u7ed9\u5927\u5927\u589e\u52a0\u70b9\u4eba\u6c14\uff0c\u5927\u5927\u52a0\u6cb9\u3002\u5404\u4f4d\u4e66\u53cb\u53ef\u4ee5\u770b\u4e0b\u6211\u7684\u4f5c\u54c1\uff0c\u65b0\u4eba\u6c42\u652f\u6301\u3002"}, {"userName": "\u7384\u8863\u6620\u96ea", "userReviewDate": "2018-01-22", "userURL": "http://user.17k.com/53375886", "userReview": "\u8e6d\u4e2a\u70ed\u5ea6\uff0c\u63a8\u8350\u4e00\u90e8\u4e66<a target='_blank' href='http://www.17k.com/book/2599488.html'>\u300a\u7b2c\u516b\u4e2a\u662f\u5927\u5723\u300b</a>"}], "description": "\u6211\u4ece\u524d\u4e16\u6765\uff0c\u5230\u6b64\u89c5\u957f\u751f\uff01\u3000\u3000\u91cd\u751f\u800c\u6765\u7684\u53f6\u7f57\uff0c\u643a\u5929\u52ab\u4e4b\u5a01\uff0c\u4e00\u6b65\u6b65\u9547\u538b\u5f53\u4e16\uff0c\u638c\u63a7\u4e07\u754c\uff0c\u6210\u4e3a\u7edd\u4e16\u5251\u795e\uff01", "title": "\u91cd\u751f\u4e4b\u7edd\u4e16\u5251\u795e", "url": "http://www.17k.com/book/2497563.html", "average": -1.0, "cover": "http://img.17k.com/images/bookcover/2017/12487/62/2497563-1501489207000.jpg", "reviews": 1239481, "authors": [{"url": "http://www.17k.com/zuozhe/55215508", "name": "\u534a\u622a\u67f4"}], "type": ["\u4e1c\u65b9\u7384\u5e7b"], "outlinks": ["http://www.17k.com/book/2794982.html", "http://www.17k.com/book/2801292.html", "http://www.17k.com/book/2816318.html", "http://www.17k.com/book/2797575.html", "http://www.17k.com/book/2802516.html", "http://www.17k.com/book/2812195.html", "http://www.17k.com/book/2820143.html", "http://www.17k.com/book/2807943.html", "http://www.17k.com/book/2813457.html", "http://www.17k.com/book/2798058.html", "http://www.17k.com/book/2815617.html", "http://www.17k.com/book/2805259.html", "http://www.17k.com/book/2760255.html", "http://www.17k.com/book/2686894.html", "http://www.17k.com/book/2797016.html", "http://www.17k.com/book/2767246.html", "http://www.17k.com/book/2764239.html", "http://www.17k.com/book/2754498.html", "http://www.17k.com/book/2754900.html", "http://www.17k.com/book/2625740.html", "http://www.17k.com/book/2213315.html", "http://www.17k.com/book/2402178.html", "http://www.17k.com/book/2691221.html", "http://www.17k.com/book/2210699.html", "http://www.17k.com/book/1797752.html", "http://www.17k.com/book/2575507.html", "http://www.17k.com/book/2705181.html", "http://www.17k.com/book/2702539.html", "http://www.17k.com/book/2474887.html", "http://www.17k.com/book/2674733.html", "http://www.17k.com/book/2822076.html", "http://www.17k.com/book/2809894.html", "http://www.17k.com/book/2822077.html", "http://www.17k.com/book/2811930.html", "http://www.17k.com/book/2815548.html", "http://www.17k.com/book/2819620.html", "http://www.17k.com/book/2809964.html", "http://www.17k.com/book/2808200.html", "http://www.17k.com/book/2820100.html", "http://www.17k.com/book/2822978.html", "http://www.17k.com/book/2804337.html", "http://www.17k.com/book/2798814.html", "http://www.17k.com/book/2785153.html", "http://www.17k.com/book/2731559.html", "http://www.17k.com/book/2722533.html", "http://www.17k.com/book/2458377.html", "http://www.17k.com/book/2743300.html", "http://www.17k.com/book/973809.html", "http://www.17k.com/book/2651367.html", "http://www.17k.com/book/2726194.html", "http://www.17k.com/book/2790214.html", "http://www.17k.com/book/493239.html", "http://www.17k.com/book/108821.html", "http://www.17k.com/book/1398783.html", "http://www.17k.com/book/83528.html", "http://www.17k.com/book/1859126.html", "http://www.17k.com/book/1741975.html", "http://www.17k.com/book/192453.html", "http://www.17k.com/book/2459058.html", "http://www.17k.com/book/1050747.html", "http://www.17k.com/book/2700315.html", "http://www.17k.com/book/2818940.html", "http://www.17k.com/book/2819519.html", "http://www.17k.com/book/2816390.html", "http://www.17k.com/book/2819588.html", "http://www.17k.com/book/2813768.html", "http://www.17k.com/book/2822406.html", "http://www.17k.com/book/2772164.html", "http://www.17k.com/book/2784023.html", "http://www.17k.com/book/2811877.html", "http://www.17k.com/book/2809119.html", "http://www.17k.com/book/2803700.html", "http://www.17k.com/book/2819561.html", "http://www.17k.com/book/2746506.html", "http://www.17k.com/book/2811836.html", "http://www.17k.com/book/2614810.html", "http://www.17k.com/book/1592435.html", "http://www.17k.com/book/1949748.html", "http://www.17k.com/book/2265802.html", "http://www.17k.com/book/2743240.html", "http://www.17k.com/book/2657437.html", "http://www.17k.com/book/2644502.html", "http://www.17k.com/book/2199900.html", "http://www.17k.com/book/2725436.html", "http://www.17k.com/book/2629978.html"]}