{"ratings": -1, "userreviews": [{"userName": "\u9ed1\u9f99\u6c5f\u7684\u6c5f", "userReviewDate": "2018-06-08", "userURL": "http://user.17k.com/58752150", "userReview": "\u6d4f\u89c8\u4e0d\u5c11\u5927\u4f5c!\u8fd8\u662f\u770b\u4e0d\u4e0b\u53bb\uff0c\u53ea\u662f\u4f60\u7684\u9178\u67a3\uff0c\u8ba9\u6211\u54c1\u5473\u4e0d\u4e00\u6837\u98ce\u60c5!\u662f\u6211out?\u4e0d\u662f\uff0c\u6211\u5b9e\u5728\u770b\u4e0d\u4e0b\u53bb\u592a\u5570\u55e6\u7684\u6587!"}, {"userName": "\u590f\u4e4b\u6e05\u98ce&middot;\u51ac\u4e4b\u6696\u9633\u2026", "userReviewDate": "2018-06-08", "userURL": "http://user.17k.com/60189163", "userReview": "[\u6253\u8d4f]\u6211\u6253\u8d4f\u4e868\u5143\u7ea2\u5305\uff01\uff01"}, {"userName": "\u5bbf\u4ebf\u7434", "userReviewDate": "2018-06-08", "userURL": "http://user.17k.com/48821426", "userReview": "\u5bbf\u7ffc\u7434\u9001\u82b1\u5230\uff0c\u611f\u8c22\u4f60\u80fd\u7406\u89e3\u7434\u513f\u7684\u521b\u4f5c\u7406\u5ff5\u554a\uff01\u4f60\u7684\u4e66\u7ed9\u4eba\u4eb2\u5207\u7684\u611f\u89c9\uff0c\u611f\u53d7\u5bb6\u4e61\u7684\u98ce\u571f\u4eba\u60c5\uff01\u5bbf\u7ffc\u7434 \u606d\u656c\u4e0a\u5448\u3002"}, {"userName": "\u5fc3\u7a7a\u7f6a\u4ea6\u4ea1", "userReviewDate": "2018-06-08", "userURL": "http://user.17k.com/56355515", "userReview": "\u6765\u770b\u4e16\u89c1\u5144\uff0c\u96be\u5fd8\u91ce\u9178\u67a3\uff0c\u8fde\u7bee\u5b50\u5e26\u8d70\uff0c\u53ea\u7559\u4e0b\u4e00\u5929\u7684\u597d\u5fc3\u60c5\u3002"}, {"userName": "\u5bbf\u4ebf\u7434", "userReviewDate": "2018-06-07", "userURL": "http://user.17k.com/48821426", "userReview": "\u5c0a\u656c\u7684\u4e16\u89c1\u8001\u5e08\uff1a\u4f60\u597d\uff01\u8bfb\u4e66\u9001\u82b1\u5230\uff0c\u5bbf\u7ffc\u7434\u628a\u4f60\u7528\u201c\u4eba\u7269\u5bf9\u8bdd\u201d\u7684\u65b9\u5f0f\u518d\u73b0\u4f60\u65e0\u79c1\u7684\u5fc3\uff0c\u4f60\u8bfb\u8bfb\u7434\u513f\u65b0\u4e0a\u7684<a target='_blank' href='http://www.17k.com/book/2788974.html'>\u300a\u5fd7\u5728\u4e2d\u534e\u300b</a>\u7b2c29\u7ae0\u300a\u4e16\u89c1\u98de\u8bb2\u5e08\uff0c\u4e30\u5c45\u9601\u4e91\u8d77\u300b\uff0c\u770b\u770b\u6ee1\u610f\u5417\uff1f\u7434\u513f\u7528\u4f60\u7684\u7b14\u540d\u547d\u540d\uff0c\u8ba9\u4f60\u548c\u5176\u4ed6\u4f5c\u5bb6\u8001\u5e08\u4e00\u6837\u8d70\u8fdb\u4e66\u4e2d\u6709\u4eb2\u5207\u611f\u3002\u7434\u513f\u53ea\u6c42\u4f60\u4eec\u672a\u6765\u80fd\u771f\u6b63\u5f62\u8c61\u5730\u8d70\u8fdb\u94f6\u5c4f\u554a\uff01\u518d\u89c1\uff0c\u4fdd\u91cd\u8eab\u4f53\uff0c\u597d\u5417\uff1f\u5bbf\u7ffc\u7434\u606d\u656c\u4e0a\u5448\u3002"}, {"userName": "17K\u4e66\u53cbLVPZ5HT7", "userReviewDate": "2018-06-06", "userURL": "http://user.17k.com/61916419", "userReview": "\u8ba2\u9605\u652f\u6301\uff0c\u671f\u76fc\u65b0\u4f5c&#55357;&#56837;"}, {"userName": "17K\u4e66\u53cbLVPZ5HT7", "userReviewDate": "2018-06-05", "userURL": "http://user.17k.com/61916419", "userReview": "\u65e9\u4e0a\u597d\uff0c::&gt;_&lt;::"}, {"userName": "\u7af9\u8272\u5e74\u4ee3", "userReviewDate": "2018-06-04", "userURL": "http://user.17k.com/60189070", "userReview": "[\u6253\u8d4f]\u6211\u6253\u8d4f\u4e868\u5143\u7ea2\u5305\uff01\uff01"}, {"userName": "17K\u4e66\u53cbLVPZ5HT7", "userReviewDate": "2018-06-04", "userURL": "http://user.17k.com/61916419", "userReview": "[\u6253\u8d4f]\u6211\u6253\u8d4f\u4e866\u5143\u7ea2\u5305\uff01\uff01"}, {"userName": "17K\u4e66\u53cbLVPZ5HT7", "userReviewDate": "2018-06-04", "userURL": "http://user.17k.com/61916419", "userReview": "\u5750\u7b49\u66f4\u65b0&#55357;&#56861;"}, {"userName": "\u5fc3\u7a7a\u7f6a\u4ea6\u4ea1", "userReviewDate": "2018-06-03", "userURL": "http://user.17k.com/56355515", "userReview": "\u5348\u95f4\u8bbf\u597d\u53cb\uff0c\u53ea\u4e3a\u300a\u91ce\u9178\u67a3\u300b\uff0c\u6b23\u7136\u62ff\u8d70\u5566\u3002"}, {"userName": "\u590f\u4e4b\u6e05\u98ce&middot;\u51ac\u4e4b\u6696\u9633\u2026", "userReviewDate": "2018-06-03", "userURL": "http://user.17k.com/60189163", "userReview": "\u7ec8\u4e8e\u66f4\u65b0\u4e86\uff0c\u8ba2\u9605\u652f\u6301\uff01"}, {"userName": "17K\u4e66\u53cbLVPZ5HT7", "userReviewDate": "2018-06-03", "userURL": "http://user.17k.com/61916419", "userReview": "\u4e24\u5929\u6ca1\u89c1\uff0c\u53ef\u597d\uff1f\u652f\u6301\u6c38\u8fdc"}, {"userName": "17K\u4e66\u53cbLVPZ5HT7", "userReviewDate": "2018-06-01", "userURL": "http://user.17k.com/61916419", "userReview": "\u7ee7\u7eed\u652f\u6301^_^"}, {"userName": "\u9f99\u4e91\u5fc3\u8bed", "userReviewDate": "2018-05-31", "userURL": "http://user.17k.com/43337392", "userReview": "\u6797\u53d4\uff0c\u6765\u665a\u4e86"}, {"userName": "\u5fc3\u7a7a\u7f6a\u4ea6\u4ea1", "userReviewDate": "2018-05-31", "userURL": "http://user.17k.com/56355515", "userReview": "\u665a\u6765\u770b\u4e00\u773c\uff0c\u8ba8\u51e0\u4e2a\u91ce\u9178\u67a3\u3002\u665a\u5b89\uff01"}, {"userName": "\u661f\u7a7a\u591c\u68a6\u58f9", "userReviewDate": "2018-05-31", "userURL": "http://user.17k.com/58116533", "userReview": "<span style='color:red'>\u65e9\u4e0a\u597d\uff0c\u82b1\u82b1\u5949\u4e0a\uff0c\u7ee7\u7eed\u52a0\u6cb9\uff01</span>"}, {"userName": "17K\u4e66\u53cbLVPZ5HT7", "userReviewDate": "2018-05-31", "userURL": "http://user.17k.com/61916419", "userReview": "\u8ba2\u9605\u652f\u6301\uff0c\u52a0\u6cb9\uff01"}, {"userName": "\u9f99\u4e91\u5fc3\u8bed", "userReviewDate": "2018-05-30", "userURL": "http://user.17k.com/43337392", "userReview": "\u4e2d\u5348\u597d\uff0c\u6797\u53d4\uff0c\u5e94\u8ddf\u968f\u4f60\u4eec\u4ea4\u6d41\u7684\u6210\u957f\uff0c\u6211\u51b3\u5b9a\u628a\u6587\u6587\u524d\u51e0\u7ae0\u4fee\u6539\u4e00\u4e0b\uff0c\u4f7f\u4e3b\u4eba\u516c\u66f4\u52a0\u7a81\u51fa\uff0c\u4e3b\u7ebf\u66f4\u52a0\u9c9c\u660e\uff0c\u5230\u65f6\u5019\u4e00\u5b9a\u8981\u518d\u7ed9\u4e2a\u957f\u8bc4\u54df\uff0c\u563f\u563f\uff0c\u4f1a\u8ba9\u4f60\u5403\u4e00\u60ca\u7684\uff0c\u5927\u7ea6\u5728\u54b1\u4eec\u5341\u53f7\u53d1\u5de5\u8d44\u524d\u4fee\u6539\u5b8c"}, {"userName": "\u9f99\u4e91\u5fc3\u8bed", "userReviewDate": "2018-05-29", "userURL": "http://user.17k.com/43337392", "userReview": "\u6797\u53d4\u665a\u4e0a\u597d\uff0c\u4eca\u5929\u8eab\u4f53\u4e0d\u8212\u670d\uff0c\u95ee\u5019\u8fdf\u5230"}], "description": "\u300a\u91ce\u5c71\u67a3\u300b\u662f\u6211\u8ba1\u5212\u4e2d\u7684\u3001\u4ee5\u6545\u4e61\u4e3a\u80cc\u666f\u800c\u5199\u7684\u7cfb\u5217\u5c0f\u8bf4\u300a\u8fd9\u8fb9\u98ce\u60c5\u300b\u7684\u7b2c\u4e00\u90e8\u3002\u6587\u4e2d\u4ee5\u521a\u521a\u5f00\u59cb\u8fdb\u5165\u793e\u4f1a\u5927\u53d8\u9769\u7684\u516b\u5341\u5e74\u4ee3\u521d\u671f\u4e3a\u65f6\u4ee3\u80cc\u666f\uff0c\u4ee5\u4e00\u6869\u5728\u4e61\u95f4\u53f8\u7a7a\u89c1\u60ef\u7684\u8fde\u73af\u4eb2\u7684\u59cb\u672b\u4f5c\u4e3a\u6545\u4e8b\u7684\u8109\u7edc\u4e3b\u7ebf\uff0c\u7740\u91cd\u4ece\u5a5a\u59fb\u60c5\u611f\u7684\u89d2\u5ea6\uff0c\u5199\u5b9e\u5730\u63cf\u7ed8\u51fa\u90a3\u65f6\u6545\u4e61\u98ce\u60c5\u7684\u4e00\u89d2\u3002\u3000\u3000\u6b64\u6587\u76ee\u524d\u5df2\u5b8c\u7bc7\uff0c\u7ea6\u56db\u5341\u591a\u4e07\u5b57\u3002\u4e4b\u540e\u7684\u7b2c\u4e8c\u90e8\u300a\u77f3\u7af9\u82b1\u300b\u7684\u90e8\u5206\u7ae0\u8282\u4e5f\u5df2\u6709\u521d\u7a3f\u3002\u5176\u540e\u7684\u4e4b\u4e09\u300a\u8d76\u6f6e\u300b\u548c\u4e4b\u56db\u300a\u5f69\u8679\u300b\u7684\u6750\u6599\u4e5f\u5df2\u5927\u81f4\u5b8c\u5907\u3002\u3000\u3000\u81f3\u4e8e\u5176\u4ed6\uff0c\u540e\u9762\u300a\u91ce\u5c71\u67a3\u300b\u4e4b\u201c\u9898\u8bb0\u201d\u4e2d\u6709\u6240\u63d0\u53ca\u3002", "title": "\u91ce\u5c71\u67a3", "url": "http://www.17k.com/book/2785744.html", "average": -1.0, "cover": "http://img.17k.com/images/bookcover/2018/13928/69/2785744-1522636045000.jpg", "reviews": 18812, "authors": [{"url": "http://www.17k.com/zuozhe/60187772", "name": "\u6797\u4e16\u89c1"}], "type": ["\u5a5a\u604b\u60c5\u611f"], "outlinks": ["http://www.17k.com/book/2794982.html", "http://www.17k.com/book/2801292.html", "http://www.17k.com/book/2816318.html", "http://www.17k.com/book/2797575.html", "http://www.17k.com/book/2802516.html", "http://www.17k.com/book/2812195.html", "http://www.17k.com/book/2820143.html", "http://www.17k.com/book/2807943.html", "http://www.17k.com/book/2813457.html", "http://www.17k.com/book/2798058.html", "http://www.17k.com/book/2815617.html", "http://www.17k.com/book/2805259.html", "http://www.17k.com/book/2760255.html", "http://www.17k.com/book/2686894.html", "http://www.17k.com/book/2797016.html", "http://www.17k.com/book/2767246.html", "http://www.17k.com/book/2764239.html", "http://www.17k.com/book/2754498.html", "http://www.17k.com/book/2754900.html", "http://www.17k.com/book/2625740.html", "http://www.17k.com/book/2213315.html", "http://www.17k.com/book/2402178.html", "http://www.17k.com/book/2691221.html", "http://www.17k.com/book/2210699.html", "http://www.17k.com/book/1797752.html", "http://www.17k.com/book/2575507.html", "http://www.17k.com/book/2705181.html", "http://www.17k.com/book/2702539.html", "http://www.17k.com/book/2474887.html", "http://www.17k.com/book/2674733.html", "http://www.17k.com/book/2822076.html", "http://www.17k.com/book/2809894.html", "http://www.17k.com/book/2822077.html", "http://www.17k.com/book/2811930.html", "http://www.17k.com/book/2815548.html", "http://www.17k.com/book/2819620.html", "http://www.17k.com/book/2809964.html", "http://www.17k.com/book/2808200.html", "http://www.17k.com/book/2820100.html", "http://www.17k.com/book/2822978.html", "http://www.17k.com/book/2804337.html", "http://www.17k.com/book/2798814.html", "http://www.17k.com/book/2785153.html", "http://www.17k.com/book/2731559.html", "http://www.17k.com/book/2722533.html", "http://www.17k.com/book/2458377.html", "http://www.17k.com/book/2743300.html", "http://www.17k.com/book/973809.html", "http://www.17k.com/book/2651367.html", "http://www.17k.com/book/2726194.html", "http://www.17k.com/book/2790214.html", "http://www.17k.com/book/493239.html", "http://www.17k.com/book/108821.html", "http://www.17k.com/book/1398783.html", "http://www.17k.com/book/83528.html", "http://www.17k.com/book/1859126.html", "http://www.17k.com/book/1741975.html", "http://www.17k.com/book/192453.html", "http://www.17k.com/book/2459058.html", "http://www.17k.com/book/1050747.html", "http://www.17k.com/book/2700315.html", "http://www.17k.com/book/2818940.html", "http://www.17k.com/book/2819519.html", "http://www.17k.com/book/2816390.html", "http://www.17k.com/book/2819588.html", "http://www.17k.com/book/2813768.html", "http://www.17k.com/book/2822406.html", "http://www.17k.com/book/2772164.html", "http://www.17k.com/book/2784023.html", "http://www.17k.com/book/2811877.html", "http://www.17k.com/book/2809119.html", "http://www.17k.com/book/2803700.html", "http://www.17k.com/book/2819561.html", "http://www.17k.com/book/2746506.html", "http://www.17k.com/book/2811836.html", "http://www.17k.com/book/2614810.html", "http://www.17k.com/book/1592435.html", "http://www.17k.com/book/1949748.html", "http://www.17k.com/book/2265802.html", "http://www.17k.com/book/2743240.html", "http://www.17k.com/book/2657437.html", "http://www.17k.com/book/2644502.html", "http://www.17k.com/book/2199900.html", "http://www.17k.com/book/2725436.html", "http://www.17k.com/book/2629978.html"]}