{"ratings": -1, "userreviews": [{"userName": "17K\u4e66\u53cbmfgz9zlv", "userReviewDate": "2018-06-01", "userURL": "http://user.17k.com/59148268", "userReview": "666666"}, {"userName": "\u4e50\u96c5\u516c\u5b50", "userReviewDate": "2018-05-29", "userURL": "http://user.17k.com/49271610", "userReview": "\u94f6\u6708\u52a0\u6cb9"}, {"userName": "17K\u4e66\u53cbmfgz9zlv", "userReviewDate": "2018-05-18", "userURL": "http://user.17k.com/59148268", "userReview": "66666"}, {"userName": "17K\u4e66\u53cbdljij9a5", "userReviewDate": "2018-05-12", "userURL": "http://user.17k.com/61679515", "userReview": "[\u6253\u8d4f]\u6211\u6253\u8d4f\u4e861\u4e2a'\u5c0f\u5fc3\u5fc3'\uff01\uff01"}, {"userName": "\u729f\u4e2b\u5934961830319", "userReviewDate": "2018-04-29", "userURL": "http://user.17k.com/55574095", "userReview": "6666666"}, {"userName": "17K\u4e66\u53cbmfgz9zlv", "userReviewDate": "2018-04-22", "userURL": "http://user.17k.com/59148268", "userReview": "\u4e0d\u9519\u7684\u6587\u7ae0"}, {"userName": "\u6b87\u6b87\u6b87\u60c5w", "userReviewDate": "2018-04-22", "userURL": "http://user.17k.com/60460296", "userReview": "\u597d\u770b\u597d\u770b\u597d\u770b"}, {"userName": "17K\u4e66\u53cb4OH3ZRGH", "userReviewDate": "2018-04-19", "userURL": "http://user.17k.com/60891587", "userReview": "\u8fd9\u672c\u4e66\u975e\u5e38\u4e0d\u9519\uff0c\u503c\u5f97\u770b\u770b"}, {"userName": "17K\u4e66\u53cbN8I7K43T", "userReviewDate": "2018-04-18", "userURL": "http://user.17k.com/58229290", "userReview": "\u3002\u3002\u3002\u3002\u3002\u3002\u3002"}, {"userName": "\u968f\u8bbf\u8005", "userReviewDate": "2018-04-17", "userURL": "http://user.17k.com/60954214", "userReview": "\u5c2c\u5c31\u770b\u5230\u4f60\u7684\u80cc\u5e26\u88e4"}, {"userName": "rbky", "userReviewDate": "2018-04-15", "userURL": "http://user.17k.com/29287", "userReview": "1111111"}, {"userName": "\u5b50\u975e\u9c7c\u5ae3\u77e5\u9c7c\u4e4b\u4e50", "userReviewDate": "2018-04-15", "userURL": "http://user.17k.com/61016219", "userReview": "mjknhjnvchjbhcxrfgvhjdcbkpkbrwzhklnl"}, {"userName": "\u89c1\u9f99\u5728\u7530506764081", "userReviewDate": "2018-04-15", "userURL": "http://user.17k.com/58983414", "userReview": "123456"}, {"userName": "\u5c0f\u5996534432579", "userReviewDate": "2018-04-14", "userURL": "http://user.17k.com/59777765", "userReview": "\u524d\u6765\u9605\u8bfb\uff01"}, {"userName": "\u968f\u98ce1405", "userReviewDate": "2018-04-14", "userURL": "http://user.17k.com/6111397", "userReview": "\u600e\u4e48\u6ca1\u663e\u793a"}, {"userName": "\u6d85\u69c3\u91cd\u751f\u7109\u77e5\u6d74\u706b\u75db\u82e6\u2026", "userReviewDate": "2018-04-13", "userURL": "http://user.17k.com/60642012", "userReview": "KTV\u4f5b\u7956\u54af\u6728\u7a7a"}, {"userName": "\u5b50\u975e\u9c7c\u5ae3\u77e5\u9c7c\u4e4b\u4e50", "userReviewDate": "2018-04-12", "userURL": "http://user.17k.com/61016219", "userReview": "\u6211\u4e5f\u6728\u62c9\u4f4e\u666e\u62c9\u8fbe"}, {"userName": "\u574f\u5c0f\u5b50\u7684\u7eaf\u60c5", "userReviewDate": "2018-03-22", "userURL": "http://user.17k.com/60383691", "userReview": "<a target='_blank' href='http://www.17k.com/book/2798234.html'>\u300a\u90aa\u6027\u6b8b\u60c5\u300b</a>\u8e6d\u8e6d\u70ed\u5ea6\uff0c\u5927\u5927\u7b14\u4e0b\u5999\u7b14\u751f\u82b1\uff0c\u732e\u4e11\u4e86\u3002"}, {"userName": "A\u661f\u661f\u70b9\u706f", "userReviewDate": "2018-03-19", "userURL": "http://user.17k.com/55972875", "userReview": "2018\u63a8\u8350\u4e00\u672c\u597d\u770b\u7684\u4e66<a target='_blank' href='http://www.17k.com/book/2728167.html'>\u300a\u6211\u548c\u5996\u517d\u6709\u4e2a\u7ea6\u4f1a\u300b</a>\uff0c\u60ca\u9669\u523a\u6fc0\uff0c\u6d6a\u6f2b\u6ee1\u5c4b\uff0c\u70ed\u8840\u683c\u6597\uff0c\u751f\u6b7b\u7231\u604b\uff0c\u6696\u6627\u4e0d\u65ad\uff0c\u5929\u5929\u66f4\u65b0\uff0c\u8bf7\u591a\u5173\u7167\uff0c\u6765\u4e2a\u6536\u85cf\u554a!\uff0c\u70b9\u51fb\u4e66\u540d\u5c31\u53ef\u4ee5\u770b\u5230\u4e66\u4e86\u3002"}, {"userName": "\u5218\u971e947730091", "userReviewDate": "2018-03-18", "userURL": "http://user.17k.com/59637305", "userReview": "[\u6253\u8d4f]\u6211\u6253\u8d4f\u4e862\u5143\u7ea2\u5305\uff01\uff01"}], "description": "\u5b8b\u5c0f\u7fbd\u521d\u89c1\u9646\u9526\u51c9\uff0c\u662f\u5728\u9152\u5e97\u7684\u623f\u95f4\u3002\u5979\u88c5\u5907\u9f50\u5168\uff0c\u624b\u62ff\u76f8\u673a\uff0c\u4ed6\u5374\u53ea\u6709\u4e00\u7269\u853d\u4f53\u3002\u3000\u3000\u770b\u7740\u5bf9\u65b9\u84c4\u52bf\u5f85\u53d1\uff0c\u5b8b\u5c0f\u7fbd\u6025\u4e2d\u751f\u667a\uff1a\u201c\u4f60\u2026\u2026\u6211\u662f\u7537\u4eba\u3002\u201d\u3000\u3000\u9646\u9526\u51c9\uff1a\u201c\u6ca1\u5173\u7cfb\uff0c\u6211\u5c31\u559c\u6b22\u7537\u4eba\u3002\u201d\u3000\u3000\u5979\u88ab\u7236\u4eb2\u548c\u7ee7\u6bcd\u8054\u624b\u6b3a\u8d1f\uff0c\u4ed6\u53ca\u65f6\u51fa\u73b0\uff1a\u201c\u6211\u662f\u5979\u7684\u503a\u4e3b\uff0c\u5979\u8fd8\u503a\u4e4b\u524d\uff0c\u8c01\u90fd\u4e0d\u80fd\u52a8\u3002\u201d\u3000\u3000\u5979\u548c\u7ee7\u59b9\u5927\u6253\u51fa\u624b\uff0c\u4ed6\u7b11\u772f\u772f\u5730\u770b\u7740\uff0c\u8fd8\u573a\u5916\u6307\u5bfc\uff1a\u201c\u6253\u5f97\u597d\uff0c\u5c31\u662f\u529b\u6c14\u5c0f\u4e86\u70b9\uff0c\u8981\u52e4\u52a0\u7ec3\u4e60\uff01\u201d\u3000\u3000\u5b8b\u5c0f\u7fbd\u600e\u4e48\u90fd\u60f3\u4e0d\u660e\u767d\uff0c\u5979\u8fd9\u662f\u62cd\u51fa\u6765\u4e2a\u795e\u52a9\u653b\uff1f\uff01", "title": "\u9519\u60f9\u603b\u88c1\u53cd\u88ab\u64a9", "url": "http://www.17k.com/book/2735862.html", "average": -1.0, "cover": "http://img.17k.com/images/bookcover/2017/13679/68/2735862-1514364042000.jpg", "reviews": 196261, "authors": [{"url": "http://www.17k.com/zuozhe/58772097", "name": "\u94f6\u6708\u5b9d\u5b9d"}], "type": ["\u603b\u88c1\u8c6a\u95e8"], "outlinks": ["http://www.17k.com/book/2794982.html", "http://www.17k.com/book/2801292.html", "http://www.17k.com/book/2816318.html", "http://www.17k.com/book/2797575.html", "http://www.17k.com/book/2802516.html", "http://www.17k.com/book/2812195.html", "http://www.17k.com/book/2820143.html", "http://www.17k.com/book/2807943.html", "http://www.17k.com/book/2813457.html", "http://www.17k.com/book/2798058.html", "http://www.17k.com/book/2815617.html", "http://www.17k.com/book/2805259.html", "http://www.17k.com/book/2760255.html", "http://www.17k.com/book/2686894.html", "http://www.17k.com/book/2797016.html", "http://www.17k.com/book/2767246.html", "http://www.17k.com/book/2764239.html", "http://www.17k.com/book/2754498.html", "http://www.17k.com/book/2754900.html", "http://www.17k.com/book/2625740.html", "http://www.17k.com/book/2213315.html", "http://www.17k.com/book/2402178.html", "http://www.17k.com/book/2691221.html", "http://www.17k.com/book/2210699.html", "http://www.17k.com/book/1797752.html", "http://www.17k.com/book/2575507.html", "http://www.17k.com/book/2705181.html", "http://www.17k.com/book/2702539.html", "http://www.17k.com/book/2474887.html", "http://www.17k.com/book/2674733.html", "http://www.17k.com/book/2822076.html", "http://www.17k.com/book/2809894.html", "http://www.17k.com/book/2822077.html", "http://www.17k.com/book/2811930.html", "http://www.17k.com/book/2815548.html", "http://www.17k.com/book/2819620.html", "http://www.17k.com/book/2809964.html", "http://www.17k.com/book/2808200.html", "http://www.17k.com/book/2820100.html", "http://www.17k.com/book/2822978.html", "http://www.17k.com/book/2804337.html", "http://www.17k.com/book/2798814.html", "http://www.17k.com/book/2785153.html", "http://www.17k.com/book/2731559.html", "http://www.17k.com/book/2722533.html", "http://www.17k.com/book/2458377.html", "http://www.17k.com/book/2743300.html", "http://www.17k.com/book/973809.html", "http://www.17k.com/book/2651367.html", "http://www.17k.com/book/2726194.html", "http://www.17k.com/book/2790214.html", "http://www.17k.com/book/493239.html", "http://www.17k.com/book/108821.html", "http://www.17k.com/book/1398783.html", "http://www.17k.com/book/83528.html", "http://www.17k.com/book/1859126.html", "http://www.17k.com/book/1741975.html", "http://www.17k.com/book/192453.html", "http://www.17k.com/book/2459058.html", "http://www.17k.com/book/1050747.html", "http://www.17k.com/book/2700315.html", "http://www.17k.com/book/2818940.html", "http://www.17k.com/book/2819519.html", "http://www.17k.com/book/2816390.html", "http://www.17k.com/book/2819588.html", "http://www.17k.com/book/2813768.html", "http://www.17k.com/book/2822406.html", "http://www.17k.com/book/2772164.html", "http://www.17k.com/book/2784023.html", "http://www.17k.com/book/2811877.html", "http://www.17k.com/book/2809119.html", "http://www.17k.com/book/2803700.html", "http://www.17k.com/book/2819561.html", "http://www.17k.com/book/2746506.html", "http://www.17k.com/book/2811836.html", "http://www.17k.com/book/2614810.html", "http://www.17k.com/book/1592435.html", "http://www.17k.com/book/1949748.html", "http://www.17k.com/book/2265802.html", "http://www.17k.com/book/2743240.html", "http://www.17k.com/book/2657437.html", "http://www.17k.com/book/2644502.html", "http://www.17k.com/book/2199900.html", "http://www.17k.com/book/2725436.html", "http://www.17k.com/book/2629978.html"]}