{"ratings": -1, "userreviews": [{"userName": "\u767d\u4e91\u6df1\u5904400791023", "userReviewDate": "2018-06-03", "userURL": "http://user.17k.com/51440946", "userReview": "\u6512\u4e86\u51e0\u7ae0\u4e00\u8d77\u770b"}, {"userName": "\u8303008104102", "userReviewDate": "2018-05-23", "userURL": "http://user.17k.com/62094332", "userReview": "[\u6253\u8d4f]\u6211\u6253\u8d4f\u4e86188\u5143\u7ea2\u5305\uff01\uff01"}, {"userName": "\u840c916343558", "userReviewDate": "2018-05-23", "userURL": "http://user.17k.com/62093972", "userReview": "[\u6253\u8d4f]\u6211\u6253\u8d4f\u4e86888\u5143\u7ea2\u5305\uff01\uff01"}, {"userName": "\u767d\u4e91\u6df1\u5904400791023", "userReviewDate": "2018-05-18", "userURL": "http://user.17k.com/51440946", "userReview": "\u5f88\u597d\u5c31\u662f\u66f4\u65b0\u592a\u6162"}, {"userName": "yaitita546879446", "userReviewDate": "2018-05-15", "userURL": "http://user.17k.com/54107938", "userReview": "\u8fd9\u672c\u4e66\u592a\u68d2\u4e86\uff01\u9f13\u52b1\u4e00\u4e0b\uff0c\u5e0c\u671b\u540e\u7eed\u66f4\u52a0\u7cbe\u5f69\uff01"}, {"userName": "yaitita546879446", "userReviewDate": "2018-05-12", "userURL": "http://user.17k.com/54107938", "userReview": "\u8fd9\u672c\u4e66\u592a\u68d2\u4e86\uff01\u9f13\u52b1\u4e00\u4e0b\uff0c\u5e0c\u671b\u540e\u7eed\u66f4\u52a0\u7cbe\u5f69\uff01"}, {"userName": "yaitita", "userReviewDate": "2018-05-09", "userURL": "http://user.17k.com/11021340", "userReview": "\u8fd9\u672c\u4e66\u592a\u68d2\u4e86\uff01\u9f13\u52b1\u4e00\u4e0b\uff0c\u5e0c\u671b\u540e\u7eed\u66f4\u52a0\u7cbe\u5f69\uff01"}, {"userName": "17K\u4e66\u53cbrh7069nn", "userReviewDate": "2018-05-09", "userURL": "http://user.17k.com/60183314", "userReview": "\u3002\u3002\u3002\u3002\u3002\u3002"}, {"userName": "yaitita575233389", "userReviewDate": "2018-05-08", "userURL": "http://user.17k.com/57862521", "userReview": "\u8fd9\u672c\u4e66\u592a\u68d2\u4e86\uff01\u9f13\u52b1\u4e00\u4e0b\uff0c\u5e0c\u671b\u540e\u7eed\u66f4\u52a0\u7cbe\u5f69\uff01"}, {"userName": "\u5927\u672c\u842512210", "userReviewDate": "2018-05-07", "userURL": "http://user.17k.com/61576611", "userReview": "[\u6253\u8d4f]\u6211\u6253\u8d4f\u4e868888\u5143\u7ea2\u5305\uff01\uff01"}, {"userName": "\u767d\u4e91\u6df1\u5904400791023", "userReviewDate": "2018-05-05", "userURL": "http://user.17k.com/51440946", "userReview": "\u66f4\u65b0\u592a\u6162\uff01\uff01\uff01"}, {"userName": "\u767d\u4e91\u6df1\u5904400791023", "userReviewDate": "2018-04-17", "userURL": "http://user.17k.com/51440946", "userReview": "\u4e00\u53e3\u6c14\u770b\u4e86\u4e09\u7ae0"}, {"userName": "\u767d\u4e91\u6df1\u5904400791023", "userReviewDate": "2018-04-12", "userURL": "http://user.17k.com/51440946", "userReview": "\uff01\uff01\uff01\uff01\uff01\uff01"}, {"userName": "\u767d\u4e91\u6df1\u5904400791023", "userReviewDate": "2018-04-11", "userURL": "http://user.17k.com/51440946", "userReview": "\u597d\u770b\uff0c\u5c31\u662f\u66f4\u65b0\u592a\u6162"}, {"userName": "\u767d\u4e91\u6df1\u5904400791023", "userReviewDate": "2018-04-07", "userURL": "http://user.17k.com/51440946", "userReview": "\u4eca\u5929\u6709\u4e86\uff01\uff01"}, {"userName": "\u767d\u4e91\u6df1\u5904400791023", "userReviewDate": "2018-04-06", "userURL": "http://user.17k.com/51440946", "userReview": "\u600e\u4e48\u6ca1\u6709\u66f4\u65b0\u5440"}, {"userName": "17K\u4e66\u53cblfsmr0mq", "userReviewDate": "2018-03-30", "userURL": "http://user.17k.com/59522040", "userReview": "\u4e0d\u9519\uff0c\u6211\u559c\u6b22\u770b"}, {"userName": "\u5468\u5bb6\u5c0f\u59d0\u59d0", "userReviewDate": "2018-03-27", "userURL": "http://user.17k.com/59004807", "userReview": "<span style='color:black'>\u4e2d\u5348\u597d\u54df\uff0c\u65e5\u5e38\u652f\u6301\u819c\u62dc\u5927\u4f6c</span>"}, {"userName": "\u7b71\u7b71\u7b71\u7b71\u5f71", "userReviewDate": "2018-03-26", "userURL": "http://user.17k.com/49325577", "userReview": "\u597d\u770b\u554a~~"}, {"userName": "\u89c1\u9f99\u5728\u7530506764081", "userReviewDate": "2018-03-22", "userURL": "http://user.17k.com/58983414", "userReview": "\uff01\uff01\uff01\uff01\uff01"}], "description": "\u6253\u4e00\u7a7f\u8d8a\uff0c\u987e\u4f73\u5c31\u89c9\u5f97\u6ca1\u6cd5\u6d3b\u4e86\u3002\u3000\u3000\u88ab\u51b2\u559c\u7684\u4eba\u5bb6\u62ac\u56de\u6765\u4e0d\u8bf4\uff0c\u80f8\u524d\u8fd8\u63d2\u7740\u628a\u751f\u4e86\u9508\u7684\u526a\u5200\u3002\u3000\u3000\u8fd9\u4e5f\u5c31\u7f62\u4e86\uff0c\u504f\u504f\u5976\u5976\u72e0\u6bd2\uff0c\u5c0f\u59d1\u86ee\u6a2a\uff0c\u4e03\u5927\u59d1\u516b\u5927\u59e8\u7684\uff0c\u5c31\u6ca1\u4e00\u4e2a\u662f\u7701\u6cb9\u7684\u706f\u3002\u3000\u3000\u56de\u53c8\u56de\u4e0d\u53bb\uff0c\u88c5\u5305\u5b50\u4e5f\u4e0d\u6210\uff0c\u4f3c\u4e4e\u5de6\u53f3\u90fd\u662f\u4e2a\u6b7b\u3002\u3000\u3000\u53ef\u597d\u6b79\u91cd\u6d3b\u4e00\u4e16\uff0c\u4e0e\u5176\u5eb8\u788c\u4e00\u751f\uff0c\u5012\u4e0d\u5982\u653e\u624b\u4e00\u640f\uff0c\u8c0b\u5b83\u4e2a\u9526\u7ee3\u524d\u7a0b\u3002\u3000\u3000\u5fc3\u773c\u4e00\u8f6c\uff0c\u7b97\u76d8\u4e00\u6253\uff0c\u58eb\u519c\u5de5\u5546\u53c8\u600e\u6837\uff1f\u8c01\u8bf4\u5546\u5973\u4e0d\u80fd\u7acb\u56fd\uff1f", "title": "\u9526\u7ee3\u7687\u5546", "url": "http://www.17k.com/book/2730190.html", "average": -1.0, "cover": "http://img.17k.com/images/bookcover/2017/13650/68/2730190-1512366314000.jpg", "reviews": 179590, "authors": [{"url": "http://www.17k.com/zuozhe/41860644", "name": "\u6c6a\u4e86\u4e2a\u55b5"}], "type": ["\u7ecf\u5546\u79cd\u7530"], "outlinks": ["http://www.17k.com/book/2794982.html", "http://www.17k.com/book/2801292.html", "http://www.17k.com/book/2816318.html", "http://www.17k.com/book/2797575.html", "http://www.17k.com/book/2802516.html", "http://www.17k.com/book/2812195.html", "http://www.17k.com/book/2820143.html", "http://www.17k.com/book/2807943.html", "http://www.17k.com/book/2813457.html", "http://www.17k.com/book/2798058.html", "http://www.17k.com/book/2815617.html", "http://www.17k.com/book/2805259.html", "http://www.17k.com/book/2760255.html", "http://www.17k.com/book/2686894.html", "http://www.17k.com/book/2797016.html", "http://www.17k.com/book/2767246.html", "http://www.17k.com/book/2764239.html", "http://www.17k.com/book/2754498.html", "http://www.17k.com/book/2754900.html", "http://www.17k.com/book/2625740.html", "http://www.17k.com/book/2213315.html", "http://www.17k.com/book/2402178.html", "http://www.17k.com/book/2691221.html", "http://www.17k.com/book/2210699.html", "http://www.17k.com/book/1797752.html", "http://www.17k.com/book/2575507.html", "http://www.17k.com/book/2705181.html", "http://www.17k.com/book/2702539.html", "http://www.17k.com/book/2474887.html", "http://www.17k.com/book/2674733.html", "http://www.17k.com/book/2822076.html", "http://www.17k.com/book/2809894.html", "http://www.17k.com/book/2822077.html", "http://www.17k.com/book/2811930.html", "http://www.17k.com/book/2815548.html", "http://www.17k.com/book/2819620.html", "http://www.17k.com/book/2809964.html", "http://www.17k.com/book/2808200.html", "http://www.17k.com/book/2820100.html", "http://www.17k.com/book/2822978.html", "http://www.17k.com/book/2804337.html", "http://www.17k.com/book/2798814.html", "http://www.17k.com/book/2785153.html", "http://www.17k.com/book/2731559.html", "http://www.17k.com/book/2722533.html", "http://www.17k.com/book/2458377.html", "http://www.17k.com/book/2743300.html", "http://www.17k.com/book/973809.html", "http://www.17k.com/book/2651367.html", "http://www.17k.com/book/2726194.html", "http://www.17k.com/book/2790214.html", "http://www.17k.com/book/493239.html", "http://www.17k.com/book/108821.html", "http://www.17k.com/book/1398783.html", "http://www.17k.com/book/83528.html", "http://www.17k.com/book/1859126.html", "http://www.17k.com/book/1741975.html", "http://www.17k.com/book/192453.html", "http://www.17k.com/book/2459058.html", "http://www.17k.com/book/1050747.html", "http://www.17k.com/book/2700315.html", "http://www.17k.com/book/2818940.html", "http://www.17k.com/book/2819519.html", "http://www.17k.com/book/2816390.html", "http://www.17k.com/book/2819588.html", "http://www.17k.com/book/2813768.html", "http://www.17k.com/book/2822406.html", "http://www.17k.com/book/2772164.html", "http://www.17k.com/book/2784023.html", "http://www.17k.com/book/2811877.html", "http://www.17k.com/book/2809119.html", "http://www.17k.com/book/2803700.html", "http://www.17k.com/book/2819561.html", "http://www.17k.com/book/2746506.html", "http://www.17k.com/book/2811836.html", "http://www.17k.com/book/2614810.html", "http://www.17k.com/book/1592435.html", "http://www.17k.com/book/1949748.html", "http://www.17k.com/book/2265802.html", "http://www.17k.com/book/2743240.html", "http://www.17k.com/book/2657437.html", "http://www.17k.com/book/2644502.html", "http://www.17k.com/book/2199900.html", "http://www.17k.com/book/2725436.html", "http://www.17k.com/book/2629978.html"]}