{"ratings": -1, "userreviews": [{"userName": "\u829d\u5170\u7389\u6811113776312", "userReviewDate": "2017-12-09", "userURL": "http://user.17k.com/54691896", "userReview": "\u6b64\u4e66\u5199\u7684\u771f\u597d\uff0c\u770b\u5b8c\u4e4b\u540e\uff0c\u6709\u4e66\u8352\u7684\u670b\u53cb\uff0c\u6211\u7ed9\u5927\u5bb6\u63a8\u8350\u4e00\u672c\u4e66<a target='_blank' href='http://www.17k.com/book/2724537.html'>\u300a\u82cd\u7a79\u8427\u5e1d\u300b</a>"}, {"userName": "\u96ea\u57df\u660e\u5fc3", "userReviewDate": "2017-12-08", "userURL": "http://user.17k.com/33607136", "userReview": "&nbsp;<a target='_blank' href='http://www.17k.com/book/799926.html'>\u300a\u4ed9\u7f18\u65e0\u9650\u300b</a>\u6765\u8bbf\uff0c\u9c9c\u82b1\u9001\u4e0a\uff0c\u652f\u6301\u5927\u4f5c\u3002"}, {"userName": "\u7f51\u7edc\u5c0f\u8bf4\u5199\u624b", "userReviewDate": "2017-12-08", "userURL": "http://user.17k.com/32308844", "userReview": "\u53d1\u5e7f\u544a\u7684\u4f5c\u8005\u670b\u53cb\u6ce8\u610f\u4e86\uff0c\u98de\u626c\u4e13\u95e8\u4e3a\u4f60\u4eec\u5efa\u4e00\u5ea7\u5e7f\u544a\u697c\uff0c\u6253\u5e7f\u544a\u7684\u90fd\u5230\u8fd9\u91cc\u5427\uff01\u5982\u679c\u5e7f\u544a\u5916\u9762\uff0c\u6211\u4e0d\u4f1a\u5220\u9664\u5e7f\u544a\uff0c\u4f46\u4f1a\u88ab\u522b\u7684\u4e66\u8bc4\u6324\u5f97\u770b\u4e0d\u5230\u4e86\u3002<img src='http://img.17k.com/images/face/112han.gif' />"}, {"userName": "\u661f\u7a7a\u591c\u68a6\u8d30", "userReviewDate": "2017-12-08", "userURL": "http://user.17k.com/58011970", "userReview": "\u5927\u5927\u6b64\u4e66\u5199\u5f97\u4e0d\u9519\uff0c\u6807\u9898\u5f88\u6709\u521b\u610f\uff0c\u8033\u76ee\u4e00\u65b0\u3002\u5185\u5bb9\u5f88\u5145\u5b9e\uff0c\u60c5\u8282\u6784\u601d\u5f97\u4e25\u4e1d\u5408\u7f1d\uff0c\u6587\u7b14\u4e5f\u5f88\u597d\uff0c\u73af\u5883\u63cf\u5199\u4e5f\u6070\u5230\u597d\u5904\u3002\u7ec6\u7ec6\u54c1\u5473\uff0c\u6162\u6162\u6b23\u8d4f\uff0c\u5982\u7cd6\u4f3c\u871c\uff0c\u4f7f\u4eba\u8eab\u4e34\u5176\u5883\uff0c\u611f\u89e6\u826f\u591a\u2026\u2026 \u613f\u5927\u5927\u521b\u4f5c\u5feb\u4e50\uff0c\u518d\u63a5\u518d\u5389\uff0c\u575a\u6301\u4e0d\u61c8\uff0c\u7ea2\u7ea2\u706b\u706b\u3002 <a target='_blank' href='http://www.17k.com/book/2705953.html'>\u300a\u9b3c\u8ff9\u5bfb\u8e2a\u300b</a>\u62dc\u8bfb\u4f73\u4f5c\uff0c\u652f\u6301\u597d\u4e66\uff0c\u7559\u4e0b\u8db3\u8ff9\u3002"}, {"userName": "\u674e\u65e0\u547d", "userReviewDate": "2017-12-08", "userURL": "http://user.17k.com/57024055", "userReview": "\u5927\u5927\u5199\u5f97\u771f\u597d\uff0c\u643a\u521d\u4f5c<a target='_blank' href='http://www.17k.com/book/2654528.html'>\u300a\u51a5\u5929\u697c\u300b</a>\u5230\u8bbf\uff0c\u6c42\u5927\u5927\u6307\u70b9..."}, {"userName": "canglangwudi", "userReviewDate": "2018-05-25", "userURL": "http://user.17k.com/34322588", "userReview": "\u597d\u4e66\uff0c\u5fc5\u987b\u652f\u6301\uff01"}, {"userName": "\u4e09\u96f6\u96f6\u4e03", "userReviewDate": "2018-05-06", "userURL": "http://user.17k.com/56148805", "userReview": "\u9c9c\u82b1\u652f\u6301\u4e0b\uff01<a target='_blank' href='http://www.17k.com/book/2783897.html'>\u300a\u4e5d\u52ab\u9b54\u5c0a\u300b</a>\u62dc\u8bbf"}, {"userName": "\u7231\u4f60\u4e0d\u60941314", "userReviewDate": "2018-05-03", "userURL": "http://user.17k.com/33416114", "userReview": "\u597d\u4e66\uff0c\u5fc5\u987b\u8ffd\u770b\uff01"}, {"userName": "\u73af\u73af\u4e00\u8885\u695a\u5bab\u8170", "userReviewDate": "2018-04-24", "userURL": "http://user.17k.com/59811233", "userReview": "\u5927\u5927\u5348\u597d\uff01"}, {"userName": "\u98de\u626c\u76df\u4fa0\u9aa8\u67d4\u80a0", "userReviewDate": "2018-04-20", "userURL": "http://user.17k.com/37733043", "userReview": "\u6700\u8fd1\u592a\u5fd9\uff0c\u6ca1\u7a7a\u770b\u4e66\uff0c\u4e0b\u661f\u671f\uff0c\u4e0b\u661f\u671f\u4e00\u5b9a\u8ba2\u9605\uff0c\u76f4\u63a5\u5347\u7ea7\u5230\u8235\u4e3b\uff01"}, {"userName": "\u98de\u626c\u76df\u4fa0\u9aa8\u67d4\u80a0", "userReviewDate": "2018-04-20", "userURL": "http://user.17k.com/37733043", "userReview": "\u73ed\u957f\uff0c\u6211\u4e5f\u6765\u770b\u4f60\u4e86\uff01"}, {"userName": "\u7231\u4f60\u4e0d\u60941314", "userReviewDate": "2018-04-20", "userURL": "http://user.17k.com/33416114", "userReview": "\u73ed\u957f\u597d\uff01\u8fc7\u6765\u9760\u4f60\u4e86\uff01"}, {"userName": "wohaiyaokaoyanni", "userReviewDate": "2018-04-18", "userURL": "http://user.17k.com/36281503", "userReview": "\u4ee5\u540e\u8c01\u662f\u738b\u73cf\u7684\u8001\u5a46\uff1f\u6765\u70b9\u5267\u900f\u4e48\uff1f"}, {"userName": "\u5f20\u6653\u73cd912121478", "userReviewDate": "2018-04-16", "userURL": "http://user.17k.com/59677760", "userReview": "[\u6253\u8d4f]\u6211\u6253\u8d4f\u4e86188\u5143\u7ea2\u5305\uff01\uff01"}, {"userName": "\u4e00\u4e2a\u4e0d\u77e5\u75b2\u5026\u7684\u4eba", "userReviewDate": "2018-04-16", "userURL": "http://user.17k.com/34400124", "userReview": "\u738b\u73cf\u592a\u8d2b\u5634\u4e86\uff01"}, {"userName": "\u98de\u626c\u76df\u5c71\u5927\u738b", "userReviewDate": "2018-04-16", "userURL": "http://user.17k.com/37742866", "userReview": "\u7b7e\u5230\uff0c\u66f4\u65b0\u7684\u592a\u6162\u4e86\uff0c\u5feb\u70b9\u66f4\u65b0"}, {"userName": "\u5c0f\u59b9\u8981\u5f53\u7ea2\u519b", "userReviewDate": "2018-04-16", "userURL": "http://user.17k.com/34931280", "userReview": "\u597d\u4e66\uff01\u5fc5\u987b\u8981\u652f\u6301\uff01"}, {"userName": "\u4e3a\u4e86\u4e00\u4e2a\u4e0d\u5b58\u5728\u7684\u731c\u6d4b", "userReviewDate": "2018-04-14", "userURL": "http://user.17k.com/34305401", "userReview": "\u5feb\u70b9\u66f4\u65b0\u554a\uff01\u4e0d\u591f\u770b\u554a\uff01"}, {"userName": "\u5929\u5973\u4e0b\u51e1\u822c\u7f8e\u4e3d", "userReviewDate": "2018-03-26", "userURL": "http://user.17k.com/34464445", "userReview": "\u5e05\u54e5\u65e9\u4e0a\u597d\u54e6\uff01"}, {"userName": "17K\u4e66\u53cbhsmsjdvz", "userReviewDate": "2018-03-26", "userURL": "http://user.17k.com/60054614", "userReview": "\u6ca1\u8bf4\u7684\uff0c\u8ba2\u9605\u652f\u6301"}], "description": "\u738b\u73cf\u5b64\u8eab\u4e00\u4eba\u964d\u4e34\u7384\u5929\u5927\u9646\uff0c\u8eab\u65e0\u957f\u7269\u7684\u4ed6\u5929\u751f\u8d22\u8ff7\uff0c\u610f\u5916\u5f97\u5230\u4e86\u4e00\u4ef6\u7a7a\u95f4\u6cd5\u5b9d\uff0c\u7a7a\u95f4\u6cd5\u5b9d\u5185\u6709\u4e00\u53ea\u4ed9\u517d\uff0c\u8fd9\u53ea\u4ed9\u517d\u4e5f\u662f\u4e2a\u8d22\u8ff7\uff0c\u4e00\u4eba\u4e00\u4ed9\u517d\u53ef\u8c13\u662f\u5174\u8da3\u76f8\u6295\uff0c\u4ece\u6b64\u8054\u5408\u8d77\u6765\uff0c\u5728\u7384\u5929\u5927\u9646\u6380\u8d77\u4e00\u756a\u8165\u98ce\u8840\u96e8\u3002\u3000\u3000\u738b\u73cf\u4e0d\u4f46\u8d22\u8ff7\uff0c\u4ed6\u8fd8\u751f\u6027\u5e7d\u9ed8\u3001\u8bd9\u8c10\u3001\u641e\u7b11\u3001\u98ce\u8da3\uff0c\u66f4\u4e3a\u5de7\u5408\u7684\u662f\uff0c\u8fd9\u53ea\u4ed9\u517d\u8ddf\u4ed6\u4e00\u4e2a\u5fb7\u884c\uff0c\u4e00\u4eba\u4e00\u4ed9\u517d\u5728\u6109\u5feb\u8f7b\u677e\u5730\u4fee\u884c\u4e2d\uff0c\u51e1\u662f\u9047\u5230\u4e0d\u987a\u773c\u7684\u4eba\uff0c\u9a6c\u4e0a\u5c31\u62ff\u5bf9\u65b9\u5f00\u6dae\u6076\u641e\uff0c\u4e00\u4eba\u4e00\u4ed9\u517d\u5bc6\u5207\u5408\u4f5c\uff0c\u4ece\u65e0\u8d25\u7ee9\u3002\u3000\u3000\u5199\u7b80\u4ecb\u6211\u771f\u662f\u83dc\u9e1f\uff0c\u4f46\u6211\u76f8\u4fe1\uff0c\u672c\u4e66\u80fd\u7ed9\u4f60\u5728\u7d27\u5f20\u7e41\u5fd9\u7684\u5b66\u4e60\u5de5\u4f5c\u4e4b\u4f59\uff0c\u5e26\u6765\u65e0\u5c3d\u7684\u4e50\u8da3\uff0c\u80fd\u8ba9\u8bfb\u8005\u670b\u53cb\u4eec\u5fc3\u60c5\u6109\u60a6\uff0c\u8eab\u5fc3\u5f97\u5230\u6781\u5927\u7684\u653e\u677e\u3002\u3000\u3000\u559c\u6b22\u770b\u5b8c\u672c\u7684\u670b\u53cb\u4eec\uff0c\u53ef\u4ee5\u770b\u770b\u6211\u7684\u5b8c\u672c\u4f5c\u54c1\u300a\u4e07\u52ab\u4e3b\u5bb0\u300b1200\u5929\u4e0d\u65ad\u66f4\uff0c\u672c\u4e66\u4eba\u54c1\u4fdd\u8bc1\u7edd\u4e0d\u592a\u76d1\u3002", "title": "\u9547\u5929\u5723\u7956", "url": "http://www.17k.com/book/2648600.html", "average": -1.0, "cover": "http://img.17k.com/images/bookcover/2017/13243/66/2648600-1504227033000.jpg", "reviews": 735542, "authors": [{"url": "http://www.17k.com/zuozhe/32308844", "name": "\u601d\u7eea\u98de\u626c"}], "type": ["\u4e1c\u65b9\u7384\u5e7b"], "outlinks": ["http://www.17k.com/book/2794982.html", "http://www.17k.com/book/2801292.html", "http://www.17k.com/book/2816318.html", "http://www.17k.com/book/2797575.html", "http://www.17k.com/book/2802516.html", "http://www.17k.com/book/2812195.html", "http://www.17k.com/book/2820143.html", "http://www.17k.com/book/2807943.html", "http://www.17k.com/book/2813457.html", "http://www.17k.com/book/2798058.html", "http://www.17k.com/book/2815617.html", "http://www.17k.com/book/2805259.html", "http://www.17k.com/book/2760255.html", "http://www.17k.com/book/2686894.html", "http://www.17k.com/book/2797016.html", "http://www.17k.com/book/2767246.html", "http://www.17k.com/book/2764239.html", "http://www.17k.com/book/2754498.html", "http://www.17k.com/book/2754900.html", "http://www.17k.com/book/2625740.html", "http://www.17k.com/book/2213315.html", "http://www.17k.com/book/2402178.html", "http://www.17k.com/book/2691221.html", "http://www.17k.com/book/2210699.html", "http://www.17k.com/book/1797752.html", "http://www.17k.com/book/2575507.html", "http://www.17k.com/book/2705181.html", "http://www.17k.com/book/2702539.html", "http://www.17k.com/book/2474887.html", "http://www.17k.com/book/2674733.html", "http://www.17k.com/book/2822076.html", "http://www.17k.com/book/2809894.html", "http://www.17k.com/book/2822077.html", "http://www.17k.com/book/2811930.html", "http://www.17k.com/book/2815548.html", "http://www.17k.com/book/2819620.html", "http://www.17k.com/book/2809964.html", "http://www.17k.com/book/2808200.html", "http://www.17k.com/book/2820100.html", "http://www.17k.com/book/2822978.html", "http://www.17k.com/book/2804337.html", "http://www.17k.com/book/2798814.html", "http://www.17k.com/book/2785153.html", "http://www.17k.com/book/2731559.html", "http://www.17k.com/book/2722533.html", "http://www.17k.com/book/2458377.html", "http://www.17k.com/book/2743300.html", "http://www.17k.com/book/973809.html", "http://www.17k.com/book/2651367.html", "http://www.17k.com/book/2726194.html", "http://www.17k.com/book/2790214.html", "http://www.17k.com/book/493239.html", "http://www.17k.com/book/108821.html", "http://www.17k.com/book/1398783.html", "http://www.17k.com/book/83528.html", "http://www.17k.com/book/1859126.html", "http://www.17k.com/book/1741975.html", "http://www.17k.com/book/192453.html", "http://www.17k.com/book/2459058.html", "http://www.17k.com/book/1050747.html", "http://www.17k.com/book/2700315.html", "http://www.17k.com/book/2818940.html", "http://www.17k.com/book/2819519.html", "http://www.17k.com/book/2816390.html", "http://www.17k.com/book/2819588.html", "http://www.17k.com/book/2813768.html", "http://www.17k.com/book/2822406.html", "http://www.17k.com/book/2772164.html", "http://www.17k.com/book/2784023.html", "http://www.17k.com/book/2811877.html", "http://www.17k.com/book/2809119.html", "http://www.17k.com/book/2803700.html", "http://www.17k.com/book/2819561.html", "http://www.17k.com/book/2746506.html", "http://www.17k.com/book/2811836.html", "http://www.17k.com/book/2614810.html", "http://www.17k.com/book/1592435.html", "http://www.17k.com/book/1949748.html", "http://www.17k.com/book/2265802.html", "http://www.17k.com/book/2743240.html", "http://www.17k.com/book/2657437.html", "http://www.17k.com/book/2644502.html", "http://www.17k.com/book/2199900.html", "http://www.17k.com/book/2725436.html", "http://www.17k.com/book/2629978.html"]}