{"ratings": -1, "userreviews": [{"userName": "\u4e0d\u53eb\u5468\u5982\u9c7c\u4e86", "userReviewDate": "2018-06-05", "userURL": "http://user.17k.com/59149162", "userReview": "\u5fc5\u987b\u8981\u652f\u6301\u4f5c\u8005\uff0c\u6ca1\u6709\u539f\u56e0\uff01"}, {"userName": "\u4e0d\u53eb\u5468\u5982\u9c7c\u4e86", "userReviewDate": "2018-06-05", "userURL": "http://user.17k.com/59149162", "userReview": "[\u6253\u8d4f]\u6211\u6253\u8d4f\u4e861\u4e2a'\u5c0f\u5fc3\u5fc3'\uff01\uff01"}, {"userName": "\u4e1c\u7bf1295407688", "userReviewDate": "2018-06-05", "userURL": "http://user.17k.com/56318929", "userReview": "[\u6253\u8d4f]\u6211\u6253\u8d4f\u4e868\u5143\u7ea2\u5305\uff01\uff01"}, {"userName": "\u4e1c\u7bf1295407688", "userReviewDate": "2018-06-05", "userURL": "http://user.17k.com/56318929", "userReview": "[\u6253\u8d4f]\u6211\u6253\u8d4f\u4e862\u5143\u7ea2\u5305\uff01\uff01"}, {"userName": "\u4e1c\u7bf1295407688", "userReviewDate": "2018-06-05", "userURL": "http://user.17k.com/56318929", "userReview": "\u8d5e\uff01<a target='_blank' href='http://user.17k.com/48409046'>@\u68a6\u8776111111</a>"}, {"userName": "\u4e1c\u7bf1295407688", "userReviewDate": "2018-06-05", "userURL": "http://user.17k.com/56318929", "userReview": "\u6536\u85cf\u4e86\u8001\u4e61\uff0c\u96c4\u8d77\uff01"}, {"userName": "\u68a6\u8776111111", "userReviewDate": "2018-06-05", "userURL": "http://user.17k.com/48409046", "userReview": "[\u6253\u8d4f]\u6211\u6253\u8d4f\u4e862\u5143\u7ea2\u5305\uff01\uff01"}], "description": "\u8fd9\u662f\u4e00\u4e2a\u5149\u602a\u9646\u79bb\u7684\u65e0\u5c3d\u5927\u4e16\u754c\uff0c\u6b66\u9053\u4e4b\u4e0a\u4e3a\u4ed9\u9053\uff0c\u800c\u4ed9\u9053\u65e0\u7a77\u5c3d\u3002\u3000\u3000\u5343\u822c\u53d8\u5316\u7684\u5996\uff0c\u9ed1\u4e91\u906e\u5929\u7684\u9b54\uff0c\u91d1\u521a\u4e0d\u574f\u7684\u5c38\uff0c\u5fa1\u4f7f\u6cd5\u5251\uff0c\u98de\u5929\u9041\u5730\u7684\u4eba\u2026\u3000\u3000\u5c11\u5e74\u9648\u7267\uff0c\u6000\u63e3\u7740\u4fee\u884c\u4e4b\u68a6\uff0c\u4ece\u4e91\u96c0\u9547\u800c\u6765\uff0c\u6740\u4eba\u3001\u65a9\u5c38\uff0c\u964d\u5996\uff0c\u9547\u9b54\uff01", "title": "\u9547\u9b54\u7eaa", "url": "http://www.17k.com/book/2833496.html", "average": -1.0, "cover": "http://img.17k.com/images/bookcover/default_cover.jpg", "reviews": 167, "authors": [{"url": "http://www.17k.com/zuozhe/48409046", "name": "\u695a\u4e0d\u5f52"}], "type": ["\u5947\u5e7b\u4fee\u771f"], "outlinks": ["http://www.17k.com/book/2794982.html", "http://www.17k.com/book/2801292.html", "http://www.17k.com/book/2816318.html", "http://www.17k.com/book/2797575.html", "http://www.17k.com/book/2802516.html", "http://www.17k.com/book/2812195.html", "http://www.17k.com/book/2820143.html", "http://www.17k.com/book/2807943.html", "http://www.17k.com/book/2813457.html", "http://www.17k.com/book/2798058.html", "http://www.17k.com/book/2815617.html", "http://www.17k.com/book/2805259.html", "http://www.17k.com/book/2760255.html", "http://www.17k.com/book/2686894.html", "http://www.17k.com/book/2797016.html", "http://www.17k.com/book/2767246.html", "http://www.17k.com/book/2764239.html", "http://www.17k.com/book/2754498.html", "http://www.17k.com/book/2754900.html", "http://www.17k.com/book/2625740.html", "http://www.17k.com/book/2213315.html", "http://www.17k.com/book/2402178.html", "http://www.17k.com/book/2691221.html", "http://www.17k.com/book/2210699.html", "http://www.17k.com/book/1797752.html", "http://www.17k.com/book/2575507.html", "http://www.17k.com/book/2705181.html", "http://www.17k.com/book/2702539.html", "http://www.17k.com/book/2474887.html", "http://www.17k.com/book/2674733.html", "http://www.17k.com/book/2822076.html", "http://www.17k.com/book/2809894.html", "http://www.17k.com/book/2822077.html", "http://www.17k.com/book/2811930.html", "http://www.17k.com/book/2815548.html", "http://www.17k.com/book/2819620.html", "http://www.17k.com/book/2809964.html", "http://www.17k.com/book/2808200.html", "http://www.17k.com/book/2820100.html", "http://www.17k.com/book/2822978.html", "http://www.17k.com/book/2804337.html", "http://www.17k.com/book/2798814.html", "http://www.17k.com/book/2785153.html", "http://www.17k.com/book/2731559.html", "http://www.17k.com/book/2722533.html", "http://www.17k.com/book/2458377.html", "http://www.17k.com/book/2743300.html", "http://www.17k.com/book/973809.html", "http://www.17k.com/book/2651367.html", "http://www.17k.com/book/2726194.html", "http://www.17k.com/book/2790214.html", "http://www.17k.com/book/493239.html", "http://www.17k.com/book/108821.html", "http://www.17k.com/book/1398783.html", "http://www.17k.com/book/83528.html", "http://www.17k.com/book/1859126.html", "http://www.17k.com/book/1741975.html", "http://www.17k.com/book/192453.html", "http://www.17k.com/book/2459058.html", "http://www.17k.com/book/1050747.html", "http://www.17k.com/book/2700315.html", "http://www.17k.com/book/2818940.html", "http://www.17k.com/book/2819519.html", "http://www.17k.com/book/2816390.html", "http://www.17k.com/book/2819588.html", "http://www.17k.com/book/2813768.html", "http://www.17k.com/book/2822406.html", "http://www.17k.com/book/2772164.html", "http://www.17k.com/book/2784023.html", "http://www.17k.com/book/2811877.html", "http://www.17k.com/book/2809119.html", "http://www.17k.com/book/2803700.html", "http://www.17k.com/book/2819561.html", "http://www.17k.com/book/2746506.html", "http://www.17k.com/book/2811836.html", "http://www.17k.com/book/2614810.html", "http://www.17k.com/book/1592435.html", "http://www.17k.com/book/1949748.html", "http://www.17k.com/book/2265802.html", "http://www.17k.com/book/2743240.html", "http://www.17k.com/book/2657437.html", "http://www.17k.com/book/2644502.html", "http://www.17k.com/book/2199900.html", "http://www.17k.com/book/2725436.html", "http://www.17k.com/book/2629978.html"]}