{"ratings": -1, "userreviews": [{"userName": "\u9896\u706b\u866b379367244", "userReviewDate": "2018-06-04", "userURL": "http://user.17k.com/61188055", "userReview": "666666"}, {"userName": "\u9896\u706b\u866b379367244", "userReviewDate": "2018-06-04", "userURL": "http://user.17k.com/61188055", "userReview": "666666"}, {"userName": "17K\u4e66\u53cbWEHLE2Q3", "userReviewDate": "2018-06-01", "userURL": "http://user.17k.com/61380945", "userReview": "[\u6253\u8d4f]\u6211\u6253\u8d4f\u4e861\u5143\u7ea2\u5305\uff01\uff01"}, {"userName": "17K\u4e66\u53cb0p8agy81", "userReviewDate": "2018-05-31", "userURL": "http://user.17k.com/62003409", "userReview": "[\u6253\u8d4f]\u6211\u6253\u8d4f\u4e861\u5143\u7ea2\u5305\uff01\uff01"}, {"userName": "17K\u4e66\u53cb4hmyjn0f", "userReviewDate": "2018-05-26", "userURL": "http://user.17k.com/57228041", "userReview": "\u6211\u5df2\u7ecf\u6536\u85cf\u4e86"}, {"userName": "17K\u4e66\u53cb5asdlmho", "userReviewDate": "2018-05-15", "userURL": "http://user.17k.com/61574868", "userReview": "\u4e0d\u662f\u8bf4\u514d\u8d39\u7684\u561b\uff0c\u600e\u4e48\u770b\u5230\u4e00\u534a\u53c8\u8981\u4ed8\u94b1\uff0c\uff0c\u65e0\u8bed\uff0c"}, {"userName": "17k\u4e66\u53cbf9pq1v03z", "userReviewDate": "2018-05-11", "userURL": "http://user.17k.com/61656399", "userReview": "[\u6253\u8d4f]\u6211\u6253\u8d4f\u4e868\u5143\u7ea2\u5305\uff01\uff01"}, {"userName": "17K\u4e66\u53cb4hmyjn0f", "userReviewDate": "2018-05-10", "userURL": "http://user.17k.com/57228041", "userReview": "\u6587\u7ae0\u4e0d\u9519\uff0c\u597d\u770b"}, {"userName": "\u6866\u99a8\u6e1d", "userReviewDate": "2018-05-09", "userURL": "http://user.17k.com/37004252", "userReview": "\u597d\u770b\uff0c\u5df2\u6536\u85cf \u9001\u4f60\u82b1\u82b1&#55356;&#57145;"}, {"userName": "17K\u4e66\u53cb4hmyjn0f", "userReviewDate": "2018-05-08", "userURL": "http://user.17k.com/57228041", "userReview": "\u8fd9\u6587\u7ae0\u633a\u597d\u7684\u3002"}, {"userName": "\u5f00\u5fc3\u679c809234663", "userReviewDate": "2018-05-07", "userURL": "http://user.17k.com/61555279", "userReview": "[\u6253\u8d4f]\u6211\u6253\u8d4f\u4e861\u4e2a'\u5c0f\u5fc3\u5fc3'\uff01\uff01"}, {"userName": "17K\u4e66\u53cb4hmyjn0f", "userReviewDate": "2018-05-07", "userURL": "http://user.17k.com/57228041", "userReview": "\u6587\u7ae0\u4e0d\u9519\uff0c\u5df2\u7ecf\u6536\u85cf\u4e86\u3002"}, {"userName": "17k\u4e66\u53cb0v2usxi0u", "userReviewDate": "2018-05-03", "userURL": "http://user.17k.com/61460061", "userReview": "[\u6253\u8d4f]\u6211\u6253\u8d4f\u4e868\u5143\u7ea2\u5305\uff01\uff01"}, {"userName": "lazy-\u5c0f\u61d2\u4eba*\u2026", "userReviewDate": "2018-04-17", "userURL": "http://user.17k.com/61089649", "userReview": "[\u6253\u8d4f]\u6211\u6253\u8d4f\u4e861\u4e2a'\u5927\u529b\u7801\u5b57\u4e38'\uff01\uff01"}, {"userName": "lazy-\u5c0f\u61d2\u4eba*\u2026", "userReviewDate": "2018-04-17", "userURL": "http://user.17k.com/61089649", "userReview": "[\u6253\u8d4f]\u6211\u6253\u8d4f\u4e861\u4e2a'\u5c0f\u5fc3\u5fc3'\uff01\uff01"}, {"userName": "\u5468\u5bb6\u5c0f\u59d0\u59d0", "userReviewDate": "2018-04-14", "userURL": "http://user.17k.com/59004807", "userReview": "\u5c0f\u65b0\u4eba\u521d\u6b21\u62dc\u8bbf\uff0c\u8bf7\u591a\u591a\u6307\u6559\uff0c\u5df2\u6536\u85cf\u5566\uff5e"}, {"userName": "17K\u4e66\u53cbzmrhli41", "userReviewDate": "2018-04-11", "userURL": "http://user.17k.com/60974808", "userReview": "[\u6253\u8d4f]\u6211\u6253\u8d4f\u4e861\u4e2a'\u5c0f\u5fc3\u5fc3'\uff01\uff01"}, {"userName": "\u591c\u9b45\u661f\u8fb0\u672c\u5c0a", "userReviewDate": "2018-04-07", "userURL": "http://user.17k.com/15601070", "userReview": "\u5f88\u597d\u770b\u54e6\uff0c\u52a0\u6cb9\u54e6\uff0c\u6536\u85cf\u4e86"}, {"userName": "\u5929\u9f99\u516b\u90e8068402974", "userReviewDate": "2018-04-03", "userURL": "http://user.17k.com/58260666", "userReview": "t yyy o"}, {"userName": "*413046667", "userReviewDate": "2018-03-19", "userURL": "http://user.17k.com/59544442", "userReview": "\u58a8\u897f\u54e5\u662f\u8bf4\u897f\u73ed\u7259\u8bed\u7684\uff0c\uff0c\uff0c"}], "description": "\u4e03\u5e74\u524d\uff0c\u5979\u662f\u4ed6\u7684\u5b88\u62a4\u795e\u3002\u3000\u3000\u4e03\u5e74\u540e\uff0c\u5979\u7684\u751f\u6d3b\u906d\u9047\u78e8\u96be\uff0c\u4eb2\u59b9\u59b9\u4e0d\u4ec5\u62a2\u5a5a\uff0c\u8fd8\u4e0b\u836f\u6bd2\u5bb3\u5979\u3002\u3000\u3000\u610f\u5916\u9082\u9005\u6781\u54c1\u603b\u88c1\uff0c\u5e26\u5979\u9003\u79bb\u9669\u5883\uff0c\u53ef\u8c01\u77e5\u5982\u4eca\u7684\u9738\u9053\u603b\u88c1\u7adf\u662f\u5f53\u5e74\u7684\u5a07\u5ae9\u5c0f\u6b63\u592a\uff01\u3000\u3000\u9634\u5dee\u9633\u9519\uff0c\u4e24\u4eba\u91cd\u9022\u7684\u573a\u5408\u7adf\u7136\u662f\u5728\u603b\u7edf\u5957\u623f\uff0c\u5f00\u573a\u767d\u8fd8\u662f\uff0c\u6211\u4eec\u7ed3\u5a5a\u5427\uff01\uff01\u3000\u3000\u5446\u840c\u5931\u5fc6\u59bb\u53ea\u60f3\u9003\u8d70\uff0c\u5948\u4f55\u9738\u9053\u603b\u88c1\u6293\u5f97\u592a\u7d27\uff0c\u4e00\u6bb5\u4f60\u8ffd\u6211\u8d76\u7684\u7231\u60c5\u6545\u4e8b\u5c31\u6b64\u5c55\u5f00\u2026\u2026", "title": "\u95ea\u5a5a\u8001\u516c\u8f7b\u70b9\u5ba0", "url": "http://www.17k.com/book/2743160.html", "average": -1.0, "cover": "http://img.17k.com/images/bookcover/2018/13715/68/2743160-1515726498000.jpg", "reviews": 213512, "authors": [{"url": "http://www.17k.com/zuozhe/58978028", "name": "\u534a\u751f\u60ca\u68a6"}], "type": ["\u552f\u7f8e\u7eaf\u7231"], "outlinks": ["http://www.17k.com/book/2794982.html", "http://www.17k.com/book/2801292.html", "http://www.17k.com/book/2816318.html", "http://www.17k.com/book/2797575.html", "http://www.17k.com/book/2802516.html", "http://www.17k.com/book/2812195.html", "http://www.17k.com/book/2820143.html", "http://www.17k.com/book/2807943.html", "http://www.17k.com/book/2813457.html", "http://www.17k.com/book/2798058.html", "http://www.17k.com/book/2815617.html", "http://www.17k.com/book/2805259.html", "http://www.17k.com/book/2760255.html", "http://www.17k.com/book/2686894.html", "http://www.17k.com/book/2797016.html", "http://www.17k.com/book/2767246.html", "http://www.17k.com/book/2764239.html", "http://www.17k.com/book/2754498.html", "http://www.17k.com/book/2754900.html", "http://www.17k.com/book/2625740.html", "http://www.17k.com/book/2213315.html", "http://www.17k.com/book/2402178.html", "http://www.17k.com/book/2691221.html", "http://www.17k.com/book/2210699.html", "http://www.17k.com/book/1797752.html", "http://www.17k.com/book/2575507.html", "http://www.17k.com/book/2705181.html", "http://www.17k.com/book/2702539.html", "http://www.17k.com/book/2474887.html", "http://www.17k.com/book/2674733.html", "http://www.17k.com/book/2822076.html", "http://www.17k.com/book/2809894.html", "http://www.17k.com/book/2822077.html", "http://www.17k.com/book/2811930.html", "http://www.17k.com/book/2815548.html", "http://www.17k.com/book/2819620.html", "http://www.17k.com/book/2809964.html", "http://www.17k.com/book/2808200.html", "http://www.17k.com/book/2820100.html", "http://www.17k.com/book/2822978.html", "http://www.17k.com/book/2804337.html", "http://www.17k.com/book/2798814.html", "http://www.17k.com/book/2785153.html", "http://www.17k.com/book/2731559.html", "http://www.17k.com/book/2722533.html", "http://www.17k.com/book/2458377.html", "http://www.17k.com/book/2743300.html", "http://www.17k.com/book/973809.html", "http://www.17k.com/book/2651367.html", "http://www.17k.com/book/2726194.html", "http://www.17k.com/book/2790214.html", "http://www.17k.com/book/493239.html", "http://www.17k.com/book/108821.html", "http://www.17k.com/book/1398783.html", "http://www.17k.com/book/83528.html", "http://www.17k.com/book/1859126.html", "http://www.17k.com/book/1741975.html", "http://www.17k.com/book/192453.html", "http://www.17k.com/book/2459058.html", "http://www.17k.com/book/1050747.html", "http://www.17k.com/book/2700315.html", "http://www.17k.com/book/2818940.html", "http://www.17k.com/book/2819519.html", "http://www.17k.com/book/2816390.html", "http://www.17k.com/book/2819588.html", "http://www.17k.com/book/2813768.html", "http://www.17k.com/book/2822406.html", "http://www.17k.com/book/2772164.html", "http://www.17k.com/book/2784023.html", "http://www.17k.com/book/2811877.html", "http://www.17k.com/book/2809119.html", "http://www.17k.com/book/2803700.html", "http://www.17k.com/book/2819561.html", "http://www.17k.com/book/2746506.html", "http://www.17k.com/book/2811836.html", "http://www.17k.com/book/2614810.html", "http://www.17k.com/book/1592435.html", "http://www.17k.com/book/1949748.html", "http://www.17k.com/book/2265802.html", "http://www.17k.com/book/2743240.html", "http://www.17k.com/book/2657437.html", "http://www.17k.com/book/2644502.html", "http://www.17k.com/book/2199900.html", "http://www.17k.com/book/2725436.html", "http://www.17k.com/book/2629978.html"]}