{"ratings": -1, "userreviews": [{"userName": "17K\u4e66\u53cbMJDUUJO5", "userReviewDate": "2018-06-05", "userURL": "http://user.17k.com/61664535", "userReview": "[\u6253\u8d4f]\u6211\u6253\u8d4f\u4e861\u4e2a'\u5c0f\u5fc3\u5fc3'\uff01\uff01"}, {"userName": "leavem12300", "userReviewDate": "2018-06-03", "userURL": "http://user.17k.com/32832979", "userReview": "\u600e\u4e48\u8fd9\u4e24\u5929\u4e00\u66f4\u4e86"}, {"userName": "leavem12300", "userReviewDate": "2018-06-03", "userURL": "http://user.17k.com/32832979", "userReview": "[\u6253\u8d4f]\u6211\u6253\u8d4f\u4e8676\u5143\u7ea2\u5305\uff01\uff01"}, {"userName": "zhouxian269970", "userReviewDate": "2018-05-28", "userURL": "http://user.17k.com/53696488", "userReview": "[\u6253\u8d4f]\u6211\u6253\u8d4f\u4e861\u5143\u7ea2\u5305\uff01\uff01"}, {"userName": "17K\u4e66\u53cbl8khqu5z", "userReviewDate": "2018-05-21", "userURL": "http://user.17k.com/55049592", "userReview": "[\u6253\u8d4f]\u6211\u6253\u8d4f\u4e862\u5143\u7ea2\u5305\uff01\uff01"}, {"userName": "17K\u4e66\u53cbBAJZ5PXG", "userReviewDate": "2018-06-08", "userURL": "http://user.17k.com/61667880", "userReview": "\u4e00\u73af\u6263\u4e00\u73af\uff0c\u73af\u73af\u65b0\u9896"}, {"userName": "17K\u4e66\u53cbAO0UNIFX", "userReviewDate": "2018-06-08", "userURL": "http://user.17k.com/58208577", "userReview": "\u597d\u770b\u597d\u770b\u597d\u770b"}, {"userName": "17K\u4e66\u53cbBAJZ5PXG", "userReviewDate": "2018-06-07", "userURL": "http://user.17k.com/61667880", "userReview": "\u300a\u5c11\u5c06\u5927\u4eba\u8f7b\u4e00\u70b9\u300b\u8d85\u8d5e\uff0c\u5199\u7684\u592a\u597d\u4e86&#55357;&#56836;\uff01"}, {"userName": "\u7384\u67ab\u767d\u96ea", "userReviewDate": "2018-06-07", "userURL": "http://user.17k.com/58956412", "userReview": "~~~~~"}, {"userName": "yaitita", "userReviewDate": "2018-06-06", "userURL": "http://user.17k.com/11021340", "userReview": "\u8fd9\u672c\u4e66\u592a\u68d2\u4e86\uff01\u9f13\u52b1\u4e00\u4e0b\uff0c\u5e0c\u671b\u540e\u7eed\u66f4\u52a0\u7cbe\u5f69\uff01"}, {"userName": "17K\u4e66\u53cbBAJZ5PXG", "userReviewDate": "2018-06-06", "userURL": "http://user.17k.com/61667880", "userReview": "\u300a\u95ea\u5a5a\u6210\u5ba0\u300b\u8d85\u7ea7\u597d\u770b\uff0c\u8fd9\u4e24\u5929\u66f4\u65b0\u7684\u4e0d\u591a\u3002"}, {"userName": "\u7384\u67ab\u767d\u96ea", "userReviewDate": "2018-06-06", "userURL": "http://user.17k.com/58956412", "userReview": "~~~~~~"}, {"userName": "17K\u4e66\u53cbBAJZ5PXG", "userReviewDate": "2018-06-05", "userURL": "http://user.17k.com/61667880", "userReview": "\u7cbe\u5f69\u7cbe\u5f69\u5f88\u7cbe\u5f69\uff01"}, {"userName": "\u9ad8\u7891\u5e97\u9505\u7089\u623f", "userReviewDate": "2018-06-05", "userURL": "http://user.17k.com/61232875", "userReview": "\u3002\u3002\u3002\u3002\u3002"}, {"userName": "\u7384\u67ab\u767d\u96ea", "userReviewDate": "2018-06-05", "userURL": "http://user.17k.com/58956412", "userReview": "~~~~~"}, {"userName": "17K\u4e66\u53cbAO0UNIFX", "userReviewDate": "2018-06-05", "userURL": "http://user.17k.com/58208577", "userReview": "\u4e0d\u9519\u4e0d\u9519&#55357;&#56397;"}, {"userName": "\u82b7\u662f300296\u4e00\u77ac\u95f4", "userReviewDate": "2018-06-05", "userURL": "http://user.17k.com/24562981", "userReview": ":\uff0c\u3002\uff1f\uff0c\u3002\u3002\uff1f"}, {"userName": "17K\u4e66\u53cbt6ql5kgd", "userReviewDate": "2018-06-05", "userURL": "http://user.17k.com/61909635", "userReview": "\u4e0d\u9519\u4e0d\u9519\u54e6"}, {"userName": "V\u7b14\u5c1a\u5c0f\u8bf4", "userReviewDate": "2018-06-04", "userURL": "http://user.17k.com/62512213", "userReview": "\u4e0d\u9519\u4e0d\u9519"}, {"userName": "17K\u4e66\u53cbAO0UNIFX", "userReviewDate": "2018-06-04", "userURL": "http://user.17k.com/58208577", "userReview": "\u4e0d\u9519\u4e0d\u9519&#55357;&#56397;"}], "description": "\u695a\u6db5\u4e3a\u987e\u9038\u9ed8\u629b\u5f03\u4e00\u5207\uff0c\u5374\u88ab\u5acc\u5f03\u8eab\u4efd\u4f4e\u5fae\uff0c\u4e0d\u914d\u5ac1\u5165\u8c6a\u95e8\u3002\u4e09\u5e74\u7684\u75f4\u5fc3\u4ee5\u8d74\uff0c\u53ea\u6362\u5f97\u88ab\u6e23\u7537\u629b\u5f03\u8d31\u5973\u6b3a\u8fb1\uff0c\u6124\u6012\u4e4b\u4e0b\uff0c\u695a\u6db5\u4e0e\u5de7\u9047\u7684\u7537\u4eba\u62fc\u5a5a\uff0c\u4e0d\u6599\u62fc\u5a5a\u8001\u516c\u6765\u5934\u5927\u3002\u3000\u3000\u987e\u6714\uff0cA\u56fd\u6700\u5e74\u8f7b\u7684\u5929\u624d\u5c11\u5c06\uff0c\u672c\u662f\u65e0\u6570\u540d\u5a9b\u8d35\u5973\u8ffd\u6367\u7684\u7ed3\u5a5a\u5bf9\u8c61\uff0c\u5374\u56e0\u4e3a\u4e0d\u4e3e\uff0c\u88ab\u76f8\u4eb2\u5bf9\u8c61\u5acc\u5f03\uff0c\u8fd8\u88ab\u4eba\u65ad\u8a00\u6d3b\u4e0d\u8fc7\u4e09\u5341\u5c81\uff0c\u5374\u5728\u8fd9\u65f6\u53d1\u73b0\u4e00\u5473\u80fd\u6cbb\u6108\u81ea\u5df1\u75fc\u75be\u7684\u826f\u836f\u2014\u2014\u4e00\u4e2a\u5973\u4eba\uff0c\u695a\u6db5\u3002\u4e8e\u662f\u6bc5\u7136\u51b3\u7136\u5730\u5c06\u4eba\u5f3a\u5a36\u56de\u5bb6\u597d\u597d\u73cd\u85cf\u3002", "title": "\u95ea\u5a5a\u6210\u5ba0\uff1a\u5c11\u5c06\u5927\u4eba\u8f7b\u70b9\u7231", "url": "http://www.17k.com/book/2754498.html", "average": -1.0, "cover": "http://img.17k.com/images/bookcover/2018/13772/68/2754498-1515643948000.jpg", "reviews": 360954, "authors": [{"url": "http://www.17k.com/zuozhe/50114177", "name": "\u84dd\u8f9e"}], "type": ["\u603b\u88c1\u8c6a\u95e8"], "outlinks": ["http://www.17k.com/book/2794982.html", "http://www.17k.com/book/2801292.html", "http://www.17k.com/book/2816318.html", "http://www.17k.com/book/2797575.html", "http://www.17k.com/book/2802516.html", "http://www.17k.com/book/2812195.html", "http://www.17k.com/book/2820143.html", "http://www.17k.com/book/2807943.html", "http://www.17k.com/book/2813457.html", "http://www.17k.com/book/2798058.html", "http://www.17k.com/book/2815617.html", "http://www.17k.com/book/2805259.html", "http://www.17k.com/book/2760255.html", "http://www.17k.com/book/2686894.html", "http://www.17k.com/book/2797016.html", "http://www.17k.com/book/2767246.html", "http://www.17k.com/book/2764239.html", "http://www.17k.com/book/2754498.html", "http://www.17k.com/book/2754900.html", "http://www.17k.com/book/2625740.html", "http://www.17k.com/book/2213315.html", "http://www.17k.com/book/2402178.html", "http://www.17k.com/book/2691221.html", "http://www.17k.com/book/2210699.html", "http://www.17k.com/book/1797752.html", "http://www.17k.com/book/2575507.html", "http://www.17k.com/book/2705181.html", "http://www.17k.com/book/2702539.html", "http://www.17k.com/book/2474887.html", "http://www.17k.com/book/2674733.html", "http://www.17k.com/book/2822076.html", "http://www.17k.com/book/2809894.html", "http://www.17k.com/book/2822077.html", "http://www.17k.com/book/2811930.html", "http://www.17k.com/book/2815548.html", "http://www.17k.com/book/2819620.html", "http://www.17k.com/book/2809964.html", "http://www.17k.com/book/2808200.html", "http://www.17k.com/book/2820100.html", "http://www.17k.com/book/2822978.html", "http://www.17k.com/book/2804337.html", "http://www.17k.com/book/2798814.html", "http://www.17k.com/book/2785153.html", "http://www.17k.com/book/2731559.html", "http://www.17k.com/book/2722533.html", "http://www.17k.com/book/2458377.html", "http://www.17k.com/book/2743300.html", "http://www.17k.com/book/973809.html", "http://www.17k.com/book/2651367.html", "http://www.17k.com/book/2726194.html", "http://www.17k.com/book/2790214.html", "http://www.17k.com/book/493239.html", "http://www.17k.com/book/108821.html", "http://www.17k.com/book/1398783.html", "http://www.17k.com/book/83528.html", "http://www.17k.com/book/1859126.html", "http://www.17k.com/book/1741975.html", "http://www.17k.com/book/192453.html", "http://www.17k.com/book/2459058.html", "http://www.17k.com/book/1050747.html", "http://www.17k.com/book/2700315.html", "http://www.17k.com/book/2818940.html", "http://www.17k.com/book/2819519.html", "http://www.17k.com/book/2816390.html", "http://www.17k.com/book/2819588.html", "http://www.17k.com/book/2813768.html", "http://www.17k.com/book/2822406.html", "http://www.17k.com/book/2772164.html", "http://www.17k.com/book/2784023.html", "http://www.17k.com/book/2811877.html", "http://www.17k.com/book/2809119.html", "http://www.17k.com/book/2803700.html", "http://www.17k.com/book/2819561.html", "http://www.17k.com/book/2746506.html", "http://www.17k.com/book/2811836.html", "http://www.17k.com/book/2614810.html", "http://www.17k.com/book/1592435.html", "http://www.17k.com/book/1949748.html", "http://www.17k.com/book/2265802.html", "http://www.17k.com/book/2743240.html", "http://www.17k.com/book/2657437.html", "http://www.17k.com/book/2644502.html", "http://www.17k.com/book/2199900.html", "http://www.17k.com/book/2725436.html", "http://www.17k.com/book/2629978.html"]}