{"ratings": -1, "userreviews": [{"userName": "\u5251\u4e0e\u96ea", "userReviewDate": "2018-06-05", "userURL": "http://user.17k.com/5624304", "userReview": "[\u6253\u8d4f]\u6211\u6253\u8d4f\u4e862\u5143\u7ea2\u5305\uff01\uff01"}, {"userName": "\u5251\u4e0e\u96ea", "userReviewDate": "2018-06-02", "userURL": "http://user.17k.com/5624304", "userReview": "[\u6253\u8d4f]\u6211\u6253\u8d4f\u4e862\u5143\u7ea2\u5305\uff01\uff01"}, {"userName": "\u5251\u4e0e\u96ea", "userReviewDate": "2018-05-20", "userURL": "http://user.17k.com/5624304", "userReview": "[\u6253\u8d4f]\u6211\u6253\u8d4f\u4e862\u5143\u7ea2\u5305\uff01\uff01"}, {"userName": "\u5251\u4e0e\u96ea", "userReviewDate": "2018-05-13", "userURL": "http://user.17k.com/5624304", "userReview": "[\u6253\u8d4f]\u6211\u6253\u8d4f\u4e862\u5143\u7ea2\u5305\uff01\uff01"}, {"userName": "\u5251\u4e0e\u96ea", "userReviewDate": "2018-05-06", "userURL": "http://user.17k.com/5624304", "userReview": "[\u6253\u8d4f]\u6211\u6253\u8d4f\u4e862\u5143\u7ea2\u5305\uff01\uff01"}, {"userName": "\u661f\u7a7a\u591c\u68a6\u8d30", "userReviewDate": "2018-05-02", "userURL": "http://user.17k.com/58011970", "userReview": "\u54c7\u5076\uff0c\u597d\u597d\u770b\uff0c\u7cbe\u5f69"}, {"userName": "\u5251\u4e0e\u96ea", "userReviewDate": "2018-04-29", "userURL": "http://user.17k.com/5624304", "userReview": "[\u6253\u8d4f]\u6211\u6253\u8d4f\u4e862\u5143\u7ea2\u5305\uff01\uff01"}, {"userName": "\u5251\u4e0e\u96ea", "userReviewDate": "2018-04-22", "userURL": "http://user.17k.com/5624304", "userReview": "[\u6253\u8d4f]\u6211\u6253\u8d4f\u4e862\u5143\u7ea2\u5305\uff01\uff01"}, {"userName": "\u5251\u4e0e\u96ea", "userReviewDate": "2018-04-10", "userURL": "http://user.17k.com/5624304", "userReview": "[\u6253\u8d4f]\u6211\u6253\u8d4f\u4e862\u5143\u7ea2\u5305\uff01\uff01"}, {"userName": "\u5251\u4e0e\u96ea", "userReviewDate": "2018-04-06", "userURL": "http://user.17k.com/5624304", "userReview": "\u5199\u7684\u786e\u5b9eOK\u5c31\u662f\u8fd9\u7c7b\u578b\u8fd8\u7b97\u662f\u51b7\u95e8\uff0c\u7ed9\u63a8\u5e7f\u8d44\u6e90\u6ca1\u5176\u4ed6\u7c7b\u522b\u90a3\u4e48\u591a\u3002\u4f1a\u4ecb\u7ecd\u7ed9\u559c\u6b22\u7075\u5f02\u5c0f\u8bf4\u7684\u670b\u53cb\u770b\u3002\u786e\u5b9e\u5199\u7684\u7cbe\u5f69\u3002\u6587\u7b14\u90fd\u6ca1\u7684\u8bf4\u3002\u5e0c\u671b\u522bTJ\u4fdd\u6301\u4f4f\u65e5\u66f4\u3002\u52a0\u6cb9<img src='http://img.17k.com/images/face/103ai.gif' />"}, {"userName": "\u5251\u4e0e\u96ea", "userReviewDate": "2018-04-03", "userURL": "http://user.17k.com/5624304", "userReview": "[\u6253\u8d4f]\u6211\u6253\u8d4f\u4e862\u5143\u7ea2\u5305\uff01\uff01"}, {"userName": "\u8d75\u7ffc512282253", "userReviewDate": "2018-03-28", "userURL": "http://user.17k.com/58784118", "userReview": "\u52a0\u6cb9\u2196(^\u03c9^)\u2197\uff0c\u7ee7\u7eed\u52a0\u6cb9"}, {"userName": "\u8015\u8bb7\u658b\u4e3b", "userReviewDate": "2018-03-27", "userURL": "http://user.17k.com/53122581", "userReview": "\u7cbe\u5f69\uff0c\u52a0\u6cb9"}, {"userName": "\u5251\u4e0e\u96ea", "userReviewDate": "2018-03-27", "userURL": "http://user.17k.com/5624304", "userReview": "[\u6253\u8d4f]\u6211\u6253\u8d4f\u4e862\u5143\u7ea2\u5305\uff01\uff01"}, {"userName": "\u5251\u4e0e\u96ea", "userReviewDate": "2018-03-20", "userURL": "http://user.17k.com/5624304", "userReview": "\u597d\u597d\u52a0\u6cb9\u54df(&gt;_&lt;)"}, {"userName": "\u5251\u4e0e\u96ea", "userReviewDate": "2018-03-20", "userURL": "http://user.17k.com/5624304", "userReview": "[\u6253\u8d4f]\u6211\u6253\u8d4f\u4e862\u5143\u7ea2\u5305\uff01\uff01"}, {"userName": "\u6e05\u68a6\u5e7d\u6b87", "userReviewDate": "2018-03-19", "userURL": "http://user.17k.com/52568493", "userReview": "\u591a\u60c5\u51b7\u843d\u5343\u79cb\u6708\uff0c\u54ea\u582a\u4e09\u4e16\u6df1\u60c5\u52ab\uff1f\u704f\u701b\u643a<a target='_blank' href='http://www.17k.com/book/2336992.html'>\u300a\u4e0b\u754c\u5f55\u4e4b\u5f53\u5f52\u300b</a>\u6765\u8bbf~\u819c\u62dc\u5927\u5927\u597d\u4e66\uff01"}, {"userName": "A\u661f\u661f\u70b9\u706f", "userReviewDate": "2018-03-14", "userURL": "http://user.17k.com/55972875", "userReview": "2018\u63a8\u8350\u4e00\u672c\u597d\u770b\u7684\u4e66<a target='_blank' href='http://www.17k.com/book/2728167.html'>\u300a\u6211\u548c\u5996\u517d\u6709\u4e2a\u7ea6\u4f1a\u300b</a>\uff0c\u60ca\u9669\u523a\u6fc0\uff0c\u6d6a\u6f2b\u6ee1\u5c4b\uff0c\u70ed\u8840\u683c\u6597\uff0c\u751f\u6b7b\u7231\u604b\uff0c\u6696\u6627\u4e0d\u65ad\uff0c\u5929\u5929\u66f4\u65b0\uff0c\u8bf7\u591a\u5173\u7167\uff0c\u6765\u4e2a\u6536\u85cf\u554a!\uff0c\u70b9\u51fb\u4e66\u540d\u5c31\u53ef\u4ee5\u770b\u5230\u4e66\u4e86\u3002"}, {"userName": "\u5251\u4e0e\u96ea", "userReviewDate": "2018-03-12", "userURL": "http://user.17k.com/5624304", "userReview": "[\u6253\u8d4f]\u6211\u6253\u8d4f\u4e862\u5143\u7ea2\u5305\uff01\uff01"}, {"userName": "\u5357\u65b9\u591c\u96e8\u6f47\u6f47", "userReviewDate": "2018-03-10", "userURL": "http://user.17k.com/37360539", "userReview": "\u6f47\u6f47\u6765\u8bbf\uff0c\u770b\u7684\u8ba9\u4eba\u4e0a\u763e\uff0c\u5927\u5927\u52a0\u6cb9\uff0c\u53ef\u4ee5\u6bcf\u5929\u591a\u66f4\u51e0\u7ae0\u4e0d\uff0c\u8981\u4e0d\u7761\u4e0d\u7740\u89c9\u554a"}], "description": "\u4e00\u5200\u4e00\u4fe1\uff0c\u4e00\u8bfa\u5343\u91d1\u3002\u4e00\u996e\u4e00\u5544\uff0c\u7686\u7531\u5929\u5b9a\u3002\u3000\u3000\u8fd9\u4e16\u95f4\u4e4b\u4e8b\u770b\u8d77\u6765\u53e4\u4e95\u65e0\u6ce2\uff0c\u800c\u5176\u4e2d\u7684\u6697\u6f6e\u6c79\u6d8c\u53c8\u6709\u51e0\u4eba\u5f97\u77e5\uff1f\u3000\u3000\u536b\u6cb3\u795e\u68fa\u3001\u6cb9\u5c71\u6751\u8273\u5c38\u3001\u592a\u7edd\u53e4\u5bfa\u820d\u5229\u5b50\u2026\u2026\u3000\u3000\u6216\u662f\u4f20\u8bf4\uff0c\u6216\u662f\u4e61\u6751\u8f76\u4e8b\uff0c\u8fd9\u5947\u5f02\u7684\u6869\u6869\u4ef6\u4ef6\u7686\u5728\u8d4a\u5200\u4eba\u7684\u9014\u4e2d\u4e00\u4e00\u663e\u73b0\u3002\u3000\u3000\u516b\u95e8\u91d1\u9501\u3001\u4e94\u884c\u56db\u65b9\uff0c\u4e14\u968f\u8d4a\u5200\u4f20\u4eba\u5171\u8d74\u8fd9\u5947\u5f02\u8be1\u8c32\u4e4b\u8def\uff0c\u63ed\u5f00\u8fd9\u4e16\u754c\u4e0d\u4e3a\u4eba\u77e5\u7684\u53e6\u4e00\u9762\u3002", "title": "\u9634\u9633\u8d4a\u5200\u4eba", "url": "http://www.17k.com/book/2629978.html", "average": -1.0, "cover": "http://img.17k.com/images/bookcover/2017/13149/65/2629978-1503558662000.jpg", "reviews": 492762, "authors": [{"url": "http://www.17k.com/zuozhe/56959086", "name": "\u4e3a\u9648"}], "type": ["\u7075\u5f02\u5947\u8c08"], "outlinks": ["http://www.17k.com/book/2794982.html", "http://www.17k.com/book/2801292.html", "http://www.17k.com/book/2816318.html", "http://www.17k.com/book/2797575.html", "http://www.17k.com/book/2802516.html", "http://www.17k.com/book/2812195.html", "http://www.17k.com/book/2820143.html", "http://www.17k.com/book/2807943.html", "http://www.17k.com/book/2813457.html", "http://www.17k.com/book/2798058.html", "http://www.17k.com/book/2815617.html", "http://www.17k.com/book/2805259.html", "http://www.17k.com/book/2760255.html", "http://www.17k.com/book/2686894.html", "http://www.17k.com/book/2797016.html", "http://www.17k.com/book/2767246.html", "http://www.17k.com/book/2764239.html", "http://www.17k.com/book/2754498.html", "http://www.17k.com/book/2754900.html", "http://www.17k.com/book/2625740.html", "http://www.17k.com/book/2213315.html", "http://www.17k.com/book/2402178.html", "http://www.17k.com/book/2691221.html", "http://www.17k.com/book/2210699.html", "http://www.17k.com/book/1797752.html", "http://www.17k.com/book/2575507.html", "http://www.17k.com/book/2705181.html", "http://www.17k.com/book/2702539.html", "http://www.17k.com/book/2474887.html", "http://www.17k.com/book/2674733.html", "http://www.17k.com/book/2822076.html", "http://www.17k.com/book/2809894.html", "http://www.17k.com/book/2822077.html", "http://www.17k.com/book/2811930.html", "http://www.17k.com/book/2815548.html", "http://www.17k.com/book/2819620.html", "http://www.17k.com/book/2809964.html", "http://www.17k.com/book/2808200.html", "http://www.17k.com/book/2820100.html", "http://www.17k.com/book/2822978.html", "http://www.17k.com/book/2804337.html", "http://www.17k.com/book/2798814.html", "http://www.17k.com/book/2785153.html", "http://www.17k.com/book/2731559.html", "http://www.17k.com/book/2722533.html", "http://www.17k.com/book/2458377.html", "http://www.17k.com/book/2743300.html", "http://www.17k.com/book/973809.html", "http://www.17k.com/book/2651367.html", "http://www.17k.com/book/2726194.html", "http://www.17k.com/book/2790214.html", "http://www.17k.com/book/493239.html", "http://www.17k.com/book/108821.html", "http://www.17k.com/book/1398783.html", "http://www.17k.com/book/83528.html", "http://www.17k.com/book/1859126.html", "http://www.17k.com/book/1741975.html", "http://www.17k.com/book/192453.html", "http://www.17k.com/book/2459058.html", "http://www.17k.com/book/1050747.html", "http://www.17k.com/book/2700315.html", "http://www.17k.com/book/2818940.html", "http://www.17k.com/book/2819519.html", "http://www.17k.com/book/2816390.html", "http://www.17k.com/book/2819588.html", "http://www.17k.com/book/2813768.html", "http://www.17k.com/book/2822406.html", "http://www.17k.com/book/2772164.html", "http://www.17k.com/book/2784023.html", "http://www.17k.com/book/2811877.html", "http://www.17k.com/book/2809119.html", "http://www.17k.com/book/2803700.html", "http://www.17k.com/book/2819561.html", "http://www.17k.com/book/2746506.html", "http://www.17k.com/book/2811836.html", "http://www.17k.com/book/2614810.html", "http://www.17k.com/book/1592435.html", "http://www.17k.com/book/1949748.html", "http://www.17k.com/book/2265802.html", "http://www.17k.com/book/2743240.html", "http://www.17k.com/book/2657437.html", "http://www.17k.com/book/2644502.html", "http://www.17k.com/book/2199900.html", "http://www.17k.com/book/2725436.html", "http://www.17k.com/book/2629978.html"]}