{"ratings": -1, "userreviews": [{"userName": "\u7ed8.027617574", "userReviewDate": "2018-06-04", "userURL": "http://user.17k.com/62503387", "userReview": "[\u6253\u8d4f]\u6211\u6253\u8d4f\u4e861\u4e2a'\u5c0f\u5fc3\u5fc3'\uff01\uff01"}, {"userName": "\u7ed8.027617574", "userReviewDate": "2018-06-04", "userURL": "http://user.17k.com/62503387", "userReview": "\u4f5c\u8005\u52a0\u6cb9\uff0c\u5199\u7684\u4e0d\u9519\u3002"}, {"userName": "\u9057\u5fd8\u7684\u8bb0\u5fc6721475911", "userReviewDate": "2018-06-04", "userURL": "http://user.17k.com/62493167", "userReview": "[\u6253\u8d4f]\u6211\u6253\u8d4f\u4e861\u4e2a'\u5c0f\u5fc3\u5fc3'\uff01\uff01"}], "description": "\u4e00\u751f\u4e8c\uff0c\u4e8c\u751f\u4e09\uff0c\u4e09\u751f\u4e07\u7269\uff01\u3000\u3000\u5468\u6613\u516b\u5366\uff0c\u5947\u95e8\u9041\u7532\uff0c\u6837\u6837\u7cbe\u901a\uff01\u3000\u3000\u9b51\u9b45\u9b4d\u9b49\uff0c\u6076\u9b3c\u5389\u9b3c\uff0c\u4e0d\u5728\u8bdd\u4e0b\uff01\u3000\u3000\u5343\u5e74\u50f5\u5c38\uff0c\u9669\u6076\u8bc5\u5492\uff0c\u543e\u4e00\u62db\u7834\u4e4b\uff01", "title": "\u9634\u9633\u98ce\u6c34\u4e09\u5341\u516d\u95e8", "url": "http://www.17k.com/book/2482149.html", "average": -1.0, "cover": "http://img.17k.com/images/bookcover/2018/12410/62/2482149-1527755497000.jpg", "reviews": 2490, "authors": [{"url": "http://www.17k.com/zuozhe/54583555", "name": "\u8001\u5974\u96b6\u4e3b"}], "type": ["\u7075\u5f02\u5947\u8c08"], "outlinks": ["http://www.17k.com/book/2794982.html", "http://www.17k.com/book/2801292.html", "http://www.17k.com/book/2816318.html", "http://www.17k.com/book/2797575.html", "http://www.17k.com/book/2802516.html", "http://www.17k.com/book/2812195.html", "http://www.17k.com/book/2820143.html", "http://www.17k.com/book/2807943.html", "http://www.17k.com/book/2813457.html", "http://www.17k.com/book/2798058.html", "http://www.17k.com/book/2815617.html", "http://www.17k.com/book/2805259.html", "http://www.17k.com/book/2760255.html", "http://www.17k.com/book/2686894.html", "http://www.17k.com/book/2797016.html", "http://www.17k.com/book/2767246.html", "http://www.17k.com/book/2764239.html", "http://www.17k.com/book/2754498.html", "http://www.17k.com/book/2754900.html", "http://www.17k.com/book/2625740.html", "http://www.17k.com/book/2213315.html", "http://www.17k.com/book/2402178.html", "http://www.17k.com/book/2691221.html", "http://www.17k.com/book/2210699.html", "http://www.17k.com/book/1797752.html", "http://www.17k.com/book/2575507.html", "http://www.17k.com/book/2705181.html", "http://www.17k.com/book/2702539.html", "http://www.17k.com/book/2474887.html", "http://www.17k.com/book/2674733.html", "http://www.17k.com/book/2822076.html", "http://www.17k.com/book/2809894.html", "http://www.17k.com/book/2822077.html", "http://www.17k.com/book/2811930.html", "http://www.17k.com/book/2815548.html", "http://www.17k.com/book/2819620.html", "http://www.17k.com/book/2809964.html", "http://www.17k.com/book/2808200.html", "http://www.17k.com/book/2820100.html", "http://www.17k.com/book/2822978.html", "http://www.17k.com/book/2804337.html", "http://www.17k.com/book/2798814.html", "http://www.17k.com/book/2785153.html", "http://www.17k.com/book/2731559.html", "http://www.17k.com/book/2722533.html", "http://www.17k.com/book/2458377.html", "http://www.17k.com/book/2743300.html", "http://www.17k.com/book/973809.html", "http://www.17k.com/book/2651367.html", "http://www.17k.com/book/2726194.html", "http://www.17k.com/book/2790214.html", "http://www.17k.com/book/493239.html", "http://www.17k.com/book/108821.html", "http://www.17k.com/book/1398783.html", "http://www.17k.com/book/83528.html", "http://www.17k.com/book/1859126.html", "http://www.17k.com/book/1741975.html", "http://www.17k.com/book/192453.html", "http://www.17k.com/book/2459058.html", "http://www.17k.com/book/1050747.html", "http://www.17k.com/book/2700315.html", "http://www.17k.com/book/2818940.html", "http://www.17k.com/book/2819519.html", "http://www.17k.com/book/2816390.html", "http://www.17k.com/book/2819588.html", "http://www.17k.com/book/2813768.html", "http://www.17k.com/book/2822406.html", "http://www.17k.com/book/2772164.html", "http://www.17k.com/book/2784023.html", "http://www.17k.com/book/2811877.html", "http://www.17k.com/book/2809119.html", "http://www.17k.com/book/2803700.html", "http://www.17k.com/book/2819561.html", "http://www.17k.com/book/2746506.html", "http://www.17k.com/book/2811836.html", "http://www.17k.com/book/2614810.html", "http://www.17k.com/book/1592435.html", "http://www.17k.com/book/1949748.html", "http://www.17k.com/book/2265802.html", "http://www.17k.com/book/2743240.html", "http://www.17k.com/book/2657437.html", "http://www.17k.com/book/2644502.html", "http://www.17k.com/book/2199900.html", "http://www.17k.com/book/2725436.html", "http://www.17k.com/book/2629978.html"]}