{"ratings": -1, "userreviews": [{"userName": "\u7384\u67ab\u767d\u96ea", "userReviewDate": "2018-06-08", "userURL": "http://user.17k.com/58956412", "userReview": "~~~~~~"}, {"userName": "\u8449\u5c0f\u6c50", "userReviewDate": "2018-06-07", "userURL": "http://user.17k.com/60092341", "userReview": "\u600e\u4e48\u6709\u4e24\u6b21\u6000\u5b55\u3002\u3002\u3002"}, {"userName": "\u59c3\u83dc\u4e00\u6761", "userReviewDate": "2018-05-27", "userURL": "http://user.17k.com/13984795", "userReview": "\u611f\u89c9\u51c6\u5907\u5b8c\u672c\u4e86\uff0c\u820d\u4e0d\u5f97"}, {"userName": "\u8449\u5c0f\u6c50", "userReviewDate": "2018-05-27", "userURL": "http://user.17k.com/60092341", "userReview": "\u6211\u7279\u60f3\u77e5\u9053\u4ed6\u4eec\u4e24\u4e2a\u4ec0\u4e48\u65f6\u5019\u7ed3\u5a5a\uff0c\u611f\u89c9\u8fd8\u8981\u597d\u4e45\u3002\u3002\u3002"}, {"userName": "\u575a\u6301\u4e0d\u61c8432187149", "userReviewDate": "2018-05-24", "userURL": "http://user.17k.com/54032031", "userReview": "\u6ca1\u5174\u8da3\u4e86\uff01\uff01\uff01\uff01"}, {"userName": "\u575a\u6301\u4e0d\u61c8432187149", "userReviewDate": "2018-05-23", "userURL": "http://user.17k.com/54032031", "userReview": "\u4e00\u76f4\u8fd9\u6837\u66f4\u65b0\uff01\u90fd\u611f\u89c9\u81ea\u5df1\u6ca1\u591a\u5927\u5174\u8da3\u770b\u4e86"}, {"userName": "\u7384\u67ab\u767d\u96ea", "userReviewDate": "2018-05-21", "userURL": "http://user.17k.com/58956412", "userReview": "~~~~~"}, {"userName": "17K\u4e66\u53cbsff9xqcl", "userReviewDate": "2018-05-16", "userURL": "http://user.17k.com/55022013", "userReview": "\u4e0d\u9519\u554a\uff0c\u52a0\u6cb9\u554a"}, {"userName": "\u575a\u6301\u4e0d\u61c8432187149", "userReviewDate": "2018-05-08", "userURL": "http://user.17k.com/54032031", "userReview": "\u8fd8\u6709\u597d\u591a\u5185\u5bb9\u54e6"}, {"userName": "annezxl", "userReviewDate": "2018-05-07", "userURL": "http://user.17k.com/32683140", "userReview": "\u5f88\u597d\u5f88\u597d\u5f88\u597d"}, {"userName": "\u575a\u6301\u4e0d\u61c8432187149", "userReviewDate": "2018-05-01", "userURL": "http://user.17k.com/54032031", "userReview": "\u55ef\u55ef\u55ef\u7684\u55ef\u55ef"}, {"userName": "\u59c3\u83dc\u4e00\u6761", "userReviewDate": "2018-04-28", "userURL": "http://user.17k.com/13984795", "userReview": "\u597d\u770b\u4f46\u5c31\u662f\u8d35\u554a"}, {"userName": "\u575a\u6301\u4e0d\u61c8432187149", "userReviewDate": "2018-04-28", "userURL": "http://user.17k.com/54032031", "userReview": "\u8fd8\u6709\u591a\u5c11\u54df"}, {"userName": "\u575a\u6301\u4e0d\u61c8432187149", "userReviewDate": "2018-04-27", "userURL": "http://user.17k.com/54032031", "userReview": "\uff01\uff01\uff01\uff01\uff01"}, {"userName": "\u575a\u6301\u4e0d\u61c8432187149", "userReviewDate": "2018-04-25", "userURL": "http://user.17k.com/54032031", "userReview": "\u770b\u5230\u66f4\u65b0\u597d\u6162"}, {"userName": "\u575a\u6301\u4e0d\u61c8432187149", "userReviewDate": "2018-04-24", "userURL": "http://user.17k.com/54032031", "userReview": "\uff1f\uff1f\uff1f\uff1f\uff1f\uff1f"}, {"userName": "\u7c73\u7231290162583", "userReviewDate": "2018-04-23", "userURL": "http://user.17k.com/47718087", "userReview": "\u611f\u89c9\u60c5\u8282\u8fd8\u4f1a\u5f88\u591a\u54e6"}, {"userName": "\u59c3\u83dc\u4e00\u6761", "userReviewDate": "2018-04-22", "userURL": "http://user.17k.com/13984795", "userReview": "\u597d\u770b\uff0c\u5c31\u662f\u4e0d\u77e5\u9053\u5565\u65f6\u5019\u5b8c\u672c\u2026\u2026"}, {"userName": "\u8449\u5c0f\u6c50", "userReviewDate": "2018-04-22", "userURL": "http://user.17k.com/60092341", "userReview": "\u4eb2\uff0c\u6211\u89c9\u5f97\u4f60\u5e94\u8be5\u548c\u5927\u5bb6\u8c08\u8c08\u3002\u3002\u3002"}, {"userName": "\u7384\u67ab\u767d\u96ea", "userReviewDate": "2018-04-22", "userURL": "http://user.17k.com/58956412", "userReview": "~~~~~"}], "description": "\u9646\u5c11\u5ba0\u59bb\u4e09\u51c6\u5219\uff1a\u7b2c\u4e00\uff1a\u65e5\u4e45\u751f\u60c5\uff0c\u7b2c\u4e8c\uff1a\u65e5\u4e0a\u4e09\u7aff\uff0c\u7b2c\u4e09\uff1a\u65e5\u65e5\u591c\u591c\u3002\u3000\u3000\u590f\u7409\u75db\u54ed\u6d41\u6d95\uff0c\u8fd9\u771f\u7684\u662f\u90a3\u4e2a\u4f20\u95fb\u9ad8\u51b7\u3001\u65e0\u60c5\u7684\u7537\u4eba\uff1f\u3000\u3000\u201c\u4e56\u4e0d\u4e56\uff1f\u201d\u4ed6\u7684\u58f0\u97f3\u6c99\u54d1\uff0c\u7ec6\u788e\u7684\u543b\u5e03\u6ee1\u5979\u7684\u8eab\u4f53\u3002\u3000\u3000\u590f\u7409\u7738\u4e2d\u5212\u8fc7\u72e1\u9ee0\u4e4b\u8272\uff0c\u5624\u5624\u54ed\u9053\uff1a\u201c\u545c\u545c\uff0c\u6211\u5fcf\u6094\uff0c\u6211\u5f53\u521d\u4e0d\u5e94\u8be5\u9003\u5a5a\u3002\u4f60\u5feb\u8d70\u5f00\uff0c\u767d\u65e5\u6deb\u5ba3\u4e0d\u7b26\u5408\u4f60\u9646\u5c11\u7684\u8eab\u4efd\u3002\u201d\u3000\u3000\u9646\u5c11\u5507\u89d2\u52fe\u4e86\u52fe\uff0c\u201c\u53ef\u662f\uff0c\u6211\u997f\u3002\u201d\u3000\u3000\u8bdd\u97f3\u843d\u4e0b\uff0c\u4ed6\u6076\u72fc\u6251\u98df\uff0c\u5c06\u5c0f\u5a07\u59bb\u5403\u5e72\u62b9\u51c0\uff01\u3000\u3000\u2026\u2026\u3000\u3000\u8fd9\u662f\u4e00\u4e2a\u5c0f\u72d0\u72f8VS\u5927\u7070\u72fc\u7684\u6545\u4e8b\uff01\u5230\u5e95\u8c01\u5f3a\u8c01\u5f31\uff0c\u62ed\u76ee\u4ee5\u5f85\uff01", "title": "\u9646\u5c11\u662f\u4e2a\u59bb\u7ba1\u4e25", "url": "http://www.17k.com/book/2689306.html", "average": -1.0, "cover": "http://img.17k.com/images/bookcover/2017/13446/67/2689306-1510560843000.jpg", "reviews": 448494, "authors": [{"url": "http://www.17k.com/zuozhe/57915834", "name": "\u6167\u4e4b\u8a00"}], "type": ["\u603b\u88c1\u8c6a\u95e8"], "outlinks": ["http://www.17k.com/book/2794982.html", "http://www.17k.com/book/2801292.html", "http://www.17k.com/book/2816318.html", "http://www.17k.com/book/2797575.html", "http://www.17k.com/book/2802516.html", "http://www.17k.com/book/2812195.html", "http://www.17k.com/book/2820143.html", "http://www.17k.com/book/2807943.html", "http://www.17k.com/book/2813457.html", "http://www.17k.com/book/2798058.html", "http://www.17k.com/book/2815617.html", "http://www.17k.com/book/2805259.html", "http://www.17k.com/book/2760255.html", "http://www.17k.com/book/2686894.html", "http://www.17k.com/book/2797016.html", "http://www.17k.com/book/2767246.html", "http://www.17k.com/book/2764239.html", "http://www.17k.com/book/2754498.html", "http://www.17k.com/book/2754900.html", "http://www.17k.com/book/2625740.html", "http://www.17k.com/book/2213315.html", "http://www.17k.com/book/2402178.html", "http://www.17k.com/book/2691221.html", "http://www.17k.com/book/2210699.html", "http://www.17k.com/book/1797752.html", "http://www.17k.com/book/2575507.html", "http://www.17k.com/book/2705181.html", "http://www.17k.com/book/2702539.html", "http://www.17k.com/book/2474887.html", "http://www.17k.com/book/2674733.html", "http://www.17k.com/book/2822076.html", "http://www.17k.com/book/2809894.html", "http://www.17k.com/book/2822077.html", "http://www.17k.com/book/2811930.html", "http://www.17k.com/book/2815548.html", "http://www.17k.com/book/2819620.html", "http://www.17k.com/book/2809964.html", "http://www.17k.com/book/2808200.html", "http://www.17k.com/book/2820100.html", "http://www.17k.com/book/2822978.html", "http://www.17k.com/book/2804337.html", "http://www.17k.com/book/2798814.html", "http://www.17k.com/book/2785153.html", "http://www.17k.com/book/2731559.html", "http://www.17k.com/book/2722533.html", "http://www.17k.com/book/2458377.html", "http://www.17k.com/book/2743300.html", "http://www.17k.com/book/973809.html", "http://www.17k.com/book/2651367.html", "http://www.17k.com/book/2726194.html", "http://www.17k.com/book/2790214.html", "http://www.17k.com/book/493239.html", "http://www.17k.com/book/108821.html", "http://www.17k.com/book/1398783.html", "http://www.17k.com/book/83528.html", "http://www.17k.com/book/1859126.html", "http://www.17k.com/book/1741975.html", "http://www.17k.com/book/192453.html", "http://www.17k.com/book/2459058.html", "http://www.17k.com/book/1050747.html", "http://www.17k.com/book/2700315.html", "http://www.17k.com/book/2818940.html", "http://www.17k.com/book/2819519.html", "http://www.17k.com/book/2816390.html", "http://www.17k.com/book/2819588.html", "http://www.17k.com/book/2813768.html", "http://www.17k.com/book/2822406.html", "http://www.17k.com/book/2772164.html", "http://www.17k.com/book/2784023.html", "http://www.17k.com/book/2811877.html", "http://www.17k.com/book/2809119.html", "http://www.17k.com/book/2803700.html", "http://www.17k.com/book/2819561.html", "http://www.17k.com/book/2746506.html", "http://www.17k.com/book/2811836.html", "http://www.17k.com/book/2614810.html", "http://www.17k.com/book/1592435.html", "http://www.17k.com/book/1949748.html", "http://www.17k.com/book/2265802.html", "http://www.17k.com/book/2743240.html", "http://www.17k.com/book/2657437.html", "http://www.17k.com/book/2644502.html", "http://www.17k.com/book/2199900.html", "http://www.17k.com/book/2725436.html", "http://www.17k.com/book/2629978.html"]}