{"ratings": -1, "userreviews": [{"userName": "dudu289511241", "userReviewDate": "2018-06-03", "userURL": "http://user.17k.com/60968078", "userReview": "\u597d&#55357;&#56384;\u2026\u2026"}, {"userName": "hwlmx", "userReviewDate": "2018-04-26", "userURL": "http://user.17k.com/41494853", "userReview": "\u5927\u5927\u7684\u4e66\u5199\u7684\u4e0d\u9519\uff0c\u6709\u70b9\u7075\u5f02\u7684\u611f\u89c9\uff0c\u4e66\u540d\u4e5f\u5438\u5f15\u4eba\uff0c\u4e66\u7684\u60ac\u5ff5\u4e5f\u8282\u594f\u628a\u63e1\u4e5f\u76f8\u5f53\u4e0d\u9519\u3002\u6536\u85cf\u9c9c\u82b1\u5949\u4e0a\uff0c\u5e0c\u671b\u5927\u5927\u7ee7\u7eed\u52a0\u6cb9\u3002\u3002\u3002"}, {"userName": "\u6709\u98ce\u6211\u5c31\u6d6ai", "userReviewDate": "2018-04-23", "userURL": "http://user.17k.com/60580267", "userReview": "<a target='_blank' href='http://www.17k.com/book/2804853.html'>\u300a\u5a5a\u9519\u300b</a>\u6765\u8bbf\u3002"}, {"userName": "\u91d1\u8272\u4e4c\u8d3c", "userReviewDate": "2018-04-23", "userURL": "http://user.17k.com/44256830", "userReview": "<a target='_blank' href='http://www.17k.com/book/2809080.html'>\u300a\u8001\u67cf\u6050\u6016\u5c4b\u300b</a>\u6765\u8bbf\uff01"}, {"userName": "\u6c34\u6e05\u6eaa\u6d41\u6d45", "userReviewDate": "2018-04-22", "userURL": "http://user.17k.com/54054794", "userReview": "<span style='color:black'>\u5927\u5927\u5468\u672b\u6109\u5feb\u54df\uff01^O^</span>"}, {"userName": "\u591c\u63a0\u5f71", "userReviewDate": "2018-04-21", "userURL": "http://user.17k.com/59777746", "userReview": "<a target='_blank' href='http://www.17k.com/book/2771167.html'>\u300a\u4e91\u4e2d\u96e8\u6a31\u82b1\u843d\u300b</a>\u524d\u6765\u62dc\u8bbf\u5927\u5927\uff0c\u5468\u672b\u5feb\u4e50\uff01"}, {"userName": "\u5317\u5e84", "userReviewDate": "2018-04-21", "userURL": "http://user.17k.com/57496771", "userReview": "\u5927\u795e\u52a0\u6cb9\uff0c"}, {"userName": "\u970f\u7edd", "userReviewDate": "2018-04-19", "userURL": "http://user.17k.com/55056781", "userReview": "\u5973\u4e3b\u89d2\u7b80\u76f4**"}, {"userName": "\u81f3\u540c", "userReviewDate": "2018-04-13", "userURL": "http://user.17k.com/42347855", "userReview": "<span style='color:black'>\u8fd9\u540d\u5b57\u8d77\u7684\uff0c\u5f88\u5438\u5f15\u4eba\u3002</span>"}, {"userName": "\u661f\u7a7a\u591c\u68a6\u58f9", "userReviewDate": "2018-04-13", "userURL": "http://user.17k.com/58116533", "userReview": "\u52a0\u6cb9\uff0c\u52a0\u6cb9\uff01"}, {"userName": "\u661f\u7a7a\u591c\u68a6\u58f9", "userReviewDate": "2018-04-10", "userURL": "http://user.17k.com/58116533", "userReview": "<span style='color:blue'>\u661f\u7a7a\u6765\u770b\u4e66\u4e86\uff0c\u5927\u7ea2\u82b1\u5949\u4e0a\uff0c\u5927\u5927\u7ee7\u7eed\u52a0\u6cb9\u54e6\uff01</span>"}, {"userName": "dudu289511241", "userReviewDate": "2018-04-10", "userURL": "http://user.17k.com/60968078", "userReview": "tllkunoooooo"}, {"userName": "dudu289511241", "userReviewDate": "2018-04-09", "userURL": "http://user.17k.com/60968078", "userReview": "jiyyizyizhiwogozi"}, {"userName": "\u65e0\u90aa026913938", "userReviewDate": "2018-04-08", "userURL": "http://user.17k.com/60930888", "userReview": "\u6263\u4eba\u5fc3\u5f26"}, {"userName": "\u8015\u8bb7\u658b\u4e3b", "userReviewDate": "2018-04-02", "userURL": "http://user.17k.com/53122581", "userReview": "\u7cbe\u5f69\uff0c\u52a0\u6cb9"}, {"userName": "\u661f\u7a7a\u591c\u68a6\u58f9", "userReviewDate": "2018-03-29", "userURL": "http://user.17k.com/58116533", "userReview": "<span style='color:red'>\u52a0\u6cb9\u2196(^\u03c9^)\u2197\uff0c\u661f\u7a7a\u665a\u8bbf\uff0c\u770b\u4e66\u652f\u6301</span>"}, {"userName": "\u661f\u7a7a\u591c\u68a6\u58f9", "userReviewDate": "2018-03-17", "userURL": "http://user.17k.com/58116533", "userReview": "\u65f6\u95f4\u8fc7\u5f97\u771f\u5feb\u554a\uff01\u8f6c\u773c\u4e4b\u95f4\u53c8\u5230\u5468\u672b\u4e86\uff0c\u795d\u4f60\u5468\u672b\u6109\u5feb\uff0c\u7801\u5b57\u6512\u7a3f\u5feb\u4e50\uff01\u54c8\u54c8\uff01\u661f\u7a7a\u5148\u51fa\u53bb\u6d6a\u4f1a\u513f\uff0c\u7801\u5b57\u592a\u7279\u4e48\u7d2f\u4e86\uff0c\u91ca\u653e\u4e00\u4e0b\u5fc3\u60c5\uff0c\u6d3b\u52a8\u6d3b\u52a8\u7b4b\u9aa8\uff0c\u665a\u4e0a\u7ee7\u7eed\u594b\u6597\u518d\u8bb2<a target='_blank' href='http://www.17k.com/book/2705953.html'>\u300a\u9b3c\u8ff9\u5bfb\u8e2a\u300b</a>\u7684\u6545\u4e8b\u3002\u52a0\u6cb9\u2196(^\u03c9^)\u2197\uff0c\u4e00\u8d77\u52aa\u529b\u5427\uff0c\u661f\u7a7a\u6709\u7a7a\u4f1a\u5e38\u6765\u7684\u3002"}, {"userName": "\u661f\u7a7a\u591c\u68a6\u58f9", "userReviewDate": "2018-03-17", "userURL": "http://user.17k.com/58116533", "userReview": "\u989d(\u2299o\u2299)\u2026\uff0c\u770b\u4e86\u51e0\u7ae0\uff0c\u5f00\u7bc7\u5f88\u7cbe\u5f69\uff0c\u6210\u529f\u7684\u5438\u5f15\u4e86\u6211"}, {"userName": "\u8bf8\u845b\u71d5\u4e66", "userReviewDate": "2018-03-15", "userURL": "http://user.17k.com/54287471", "userReview": "\u52a0\u6cb9\u52a0\u6cb9^O^"}, {"userName": "\u8bf8\u845b\u71d5\u4e66", "userReviewDate": "2018-03-15", "userURL": "http://user.17k.com/54287471", "userReview": "\u6536\u85cf\u4e86\uff0c\u770b\u4e66\u770b\u4e66\u3002"}], "description": "\u6211\u5728\u6751\u5b50\u91cc\u9762\u7684\u7981\u5730\u5446\u4e86\u4e00\u591c\uff0c\u4ece\u90a3\u5929\u8d77\uff0c\u5c31\u6bcf\u5929\u611f\u89c9\u5230\u6709\u4e2a\u4eba\u5728\u8ddf\u7740\u6211\u2026\u2026", "title": "\u9738\u9053\u9b3c\u592b\u592a\u51f6\u731b", "url": "http://www.17k.com/book/2762666.html", "average": -1.0, "cover": "http://img.17k.com/images/bookcover/2018/13813/69/2762666-1518584992000.jpg", "reviews": 46462, "authors": [{"url": "http://www.17k.com/zuozhe/59549025", "name": "\u695a\u6d9f"}], "type": ["\u7075\u5f02\u5947\u8c08"], "outlinks": ["http://www.17k.com/book/2794982.html", "http://www.17k.com/book/2801292.html", "http://www.17k.com/book/2816318.html", "http://www.17k.com/book/2797575.html", "http://www.17k.com/book/2802516.html", "http://www.17k.com/book/2812195.html", "http://www.17k.com/book/2820143.html", "http://www.17k.com/book/2807943.html", "http://www.17k.com/book/2813457.html", "http://www.17k.com/book/2798058.html", "http://www.17k.com/book/2815617.html", "http://www.17k.com/book/2805259.html", "http://www.17k.com/book/2760255.html", "http://www.17k.com/book/2686894.html", "http://www.17k.com/book/2797016.html", "http://www.17k.com/book/2767246.html", "http://www.17k.com/book/2764239.html", "http://www.17k.com/book/2754498.html", "http://www.17k.com/book/2754900.html", "http://www.17k.com/book/2625740.html", "http://www.17k.com/book/2213315.html", "http://www.17k.com/book/2402178.html", "http://www.17k.com/book/2691221.html", "http://www.17k.com/book/2210699.html", "http://www.17k.com/book/1797752.html", "http://www.17k.com/book/2575507.html", "http://www.17k.com/book/2705181.html", "http://www.17k.com/book/2702539.html", "http://www.17k.com/book/2474887.html", "http://www.17k.com/book/2674733.html", "http://www.17k.com/book/2822076.html", "http://www.17k.com/book/2809894.html", "http://www.17k.com/book/2822077.html", "http://www.17k.com/book/2811930.html", "http://www.17k.com/book/2815548.html", "http://www.17k.com/book/2819620.html", "http://www.17k.com/book/2809964.html", "http://www.17k.com/book/2808200.html", "http://www.17k.com/book/2820100.html", "http://www.17k.com/book/2822978.html", "http://www.17k.com/book/2804337.html", "http://www.17k.com/book/2798814.html", "http://www.17k.com/book/2785153.html", "http://www.17k.com/book/2731559.html", "http://www.17k.com/book/2722533.html", "http://www.17k.com/book/2458377.html", "http://www.17k.com/book/2743300.html", "http://www.17k.com/book/973809.html", "http://www.17k.com/book/2651367.html", "http://www.17k.com/book/2726194.html", "http://www.17k.com/book/2790214.html", "http://www.17k.com/book/493239.html", "http://www.17k.com/book/108821.html", "http://www.17k.com/book/1398783.html", "http://www.17k.com/book/83528.html", "http://www.17k.com/book/1859126.html", "http://www.17k.com/book/1741975.html", "http://www.17k.com/book/192453.html", "http://www.17k.com/book/2459058.html", "http://www.17k.com/book/1050747.html", "http://www.17k.com/book/2700315.html", "http://www.17k.com/book/2818940.html", "http://www.17k.com/book/2819519.html", "http://www.17k.com/book/2816390.html", "http://www.17k.com/book/2819588.html", "http://www.17k.com/book/2813768.html", "http://www.17k.com/book/2822406.html", "http://www.17k.com/book/2772164.html", "http://www.17k.com/book/2784023.html", "http://www.17k.com/book/2811877.html", "http://www.17k.com/book/2809119.html", "http://www.17k.com/book/2803700.html", "http://www.17k.com/book/2819561.html", "http://www.17k.com/book/2746506.html", "http://www.17k.com/book/2811836.html", "http://www.17k.com/book/2614810.html", "http://www.17k.com/book/1592435.html", "http://www.17k.com/book/1949748.html", "http://www.17k.com/book/2265802.html", "http://www.17k.com/book/2743240.html", "http://www.17k.com/book/2657437.html", "http://www.17k.com/book/2644502.html", "http://www.17k.com/book/2199900.html", "http://www.17k.com/book/2725436.html", "http://www.17k.com/book/2629978.html"]}