{"ratings": -1, "userreviews": [{"userName": "\u9ec4\u6749\u516c\u5b50", "userReviewDate": "2018-01-17", "userURL": "http://user.17k.com/58454497", "userReview": "\u5173\u4e8e\u8ba2\u9605\u5e0c\u671b\u5927\u5bb6\u6709\u80fd\u529b\u7684\uff0c\u5c3d\u91cf\u652f\u6301\u4e00\u4e0b\u3002\u5199\u4e00\u672c\u4e66\u4e0d\u5bb9\u6613\uff0c\u8c22\u8c22\uff01"}, {"userName": "17K\u4e66\u53cbfb0qozh0", "userReviewDate": "2018-06-08", "userURL": "http://user.17k.com/55297580", "userReview": "\u66f4\u65b0\u4e86\u5417\uff1f\u671f\u5f85\u7740\u5462\uff01"}, {"userName": "17K\u4e66\u53cbfb0qozh0", "userReviewDate": "2018-06-07", "userURL": "http://user.17k.com/55297580", "userReview": "\u66f4\u65b0\u4e86\u5417\uff1f\u671f\u5f85\u7740\u5462\uff01"}, {"userName": "\u738b\u70c2\u8d26", "userReviewDate": "2018-06-06", "userURL": "http://user.17k.com/56430350", "userReview": "\u6bcf\u5929\u51e0\u70b9\u66f4\u65b0\u554a\uff1f\u66f4\u65b0\u51e0\u5f20\u554a\uff1f"}, {"userName": "\u738b\u70c2\u8d26", "userReviewDate": "2018-06-06", "userURL": "http://user.17k.com/56430350", "userReview": "\u4e00\u5929\u66f4\u51e0\u5f20\u554a\uff1f"}, {"userName": "17K\u4e66\u53cbfb0qozh0", "userReviewDate": "2018-06-06", "userURL": "http://user.17k.com/55297580", "userReview": "\u66f4\u65b0\u4e86\u5417\uff1f\u671f\u5f85\u7740\u5462\uff01"}, {"userName": "17K\u4e66\u53cbfb0qozh0", "userReviewDate": "2018-06-05", "userURL": "http://user.17k.com/55297580", "userReview": "\u66f4\u65b0\u4e86\u5417\uff1f\u671f\u5f85\u7740\u5462\uff01"}, {"userName": "17K\u4e66\u53cbmqqs8hzw", "userReviewDate": "2018-06-05", "userURL": "http://user.17k.com/55671641", "userReview": "\u66f4\u65b0\u4e86\u5417\uff1f\u671f\u5f85\u7740\u5462\uff01"}, {"userName": "\u6e05\u98ce\u5f90\u6765\u660e\u6708\u98d8\u98d8", "userReviewDate": "2018-06-04", "userURL": "http://user.17k.com/55524311", "userReview": "\u633a\u4e0d\u9519\u7684\u4e66"}, {"userName": "17K\u4e66\u53cbmqqs8hzw", "userReviewDate": "2018-06-04", "userURL": "http://user.17k.com/55671641", "userReview": "\u66f4\u65b0\u4e86\u5417\uff1f\u671f\u5f85\u7740\u5462\uff01"}, {"userName": "\u5c0f\u5b69\u96ef\u7855", "userReviewDate": "2018-06-04", "userURL": "http://user.17k.com/56326914", "userReview": "dgjbffhkkjgg"}, {"userName": "17K\u4e66\u53cbLVPZ5HT7", "userReviewDate": "2018-06-04", "userURL": "http://user.17k.com/61916419", "userReview": "\u8fd9\u662f\u5565\u5e73\u8bba\uff1f&#55357;&#56843;"}, {"userName": "\u89c1\u9f99\u5728\u7530506764081", "userReviewDate": "2018-06-03", "userURL": "http://user.17k.com/58983414", "userReview": "123456"}, {"userName": "17K\u4e66\u53cbmqqs8hzw", "userReviewDate": "2018-06-03", "userURL": "http://user.17k.com/55671641", "userReview": "\u66f4\u65b0\u4e86\u5417\uff1f\u671f\u5f85\u7740\u5462\uff01"}, {"userName": "\u5c0f\u5b69\u96ef\u7855", "userReviewDate": "2018-06-03", "userURL": "http://user.17k.com/56326914", "userReview": "fhjhddbjhdgk"}, {"userName": "kennyhking", "userReviewDate": "2018-06-02", "userURL": "http://user.17k.com/44495132", "userReview": "\u2026\u2026\u2026\u2026\u2026\u2026\u2026\u2026\u2026\u2026\u2026"}, {"userName": "17K\u4e66\u53cbmqqs8hzw", "userReviewDate": "2018-06-02", "userURL": "http://user.17k.com/55671641", "userReview": "\u66f4\u65b0\u4e86\u5417\uff1f\u671f\u5f85\u7740\u5462\uff01"}, {"userName": "17K\u4e66\u53cbmqqs8hzw", "userReviewDate": "2018-06-02", "userURL": "http://user.17k.com/55671641", "userReview": "\u66f4\u65b0\u4e86\u5417\uff1f\u671f\u5f85\u7740\u5462\uff01"}, {"userName": "0\u7af9\u6797\u542c\u98ce0", "userReviewDate": "2018-06-01", "userURL": "http://user.17k.com/60062436", "userReview": "\u5565\u4e5f\u4e0d\u8bf4\u4e86\uff0c\u5148\u6536\u85cf!"}, {"userName": "17K\u4e66\u53cbmqqs8hzw", "userReviewDate": "2018-06-01", "userURL": "http://user.17k.com/55671641", "userReview": "\u66f4\u65b0\u4e86\u5417\uff1f\u671f\u5f85\u7740\u5462\uff01"}], "description": "\u5927\u5b66\u6bd5\u4e1a\u4e4b\u540e\uff0c\u674e\u9752\u4e91\u548c\u5bb6\u4e16\u663e\u8d6b\u7684\u5973\u670b\u53cb\u5206\u5f00\uff0c\u8003\u53d6\u4e86\u5bb6\u4e61\u7684\u516c\u52a1\u5458\u3002\u7acb\u5fd7\u4e3a\u4eba\u6c11\u670d\u52a1\u3002\u3000\u3000\u7136\u800c\u6b65\u5165\u5b98\u573a\u4e4b\u540e\uff0c\u4ed6\u624d\u53d1\u73b0\u8fd9\u91cc\u6ce2\u8c32\u4e91\u8be1\uff0c\u5230\u5904\u5145\u65a5\u7740\u5404\u79cd\u6597\u4e89\u3002\u60f3\u8981\u5728\u8fd9\u6761\u8def\u8d70\u4e0b\u53bb\uff0c\u7edd\u975e\u6613\u4e8b\u3002\u3000\u3000\u674e\u9752\u4e91\u575a\u5b88\u81ea\u5df1\u7684\u672c\u5fc3\uff0c\u5728\u4e0e\u5bf9\u624b\u6597\u4e89\u7684\u540c\u65f6\u65f6\u523b\u6ca1\u6709\u5fd8\u8bb0\u81ea\u5df1\u5f53\u521d\u7684\u8a93\u8a00\u2014\u2014\u4e3a\u4eba\u6c11\u670d\u52a1\uff0c\u7ec8\u4e8e\u8d70\u4e0a\u4e86\u4e00\u6761\u5c5e\u4e8e\u81ea\u5df1\u7684\u9752\u4e91\u4e4b\u8def\u3002", "title": "\u9752\u4e91\u4ed5\u9014", "url": "http://www.17k.com/book/2730089.html", "average": -1.0, "cover": "http://img.17k.com/images/bookcover/2017/13650/68/2730089-1513425520000.jpg", "reviews": 868862, "authors": [{"url": "http://www.17k.com/zuozhe/58454497", "name": "\u9ec4\u6749\u516c\u5b50"}], "type": ["\u5b98\u573a\u98ce\u4e91"], "outlinks": ["http://www.17k.com/book/2794982.html", "http://www.17k.com/book/2801292.html", "http://www.17k.com/book/2816318.html", "http://www.17k.com/book/2797575.html", "http://www.17k.com/book/2802516.html", "http://www.17k.com/book/2812195.html", "http://www.17k.com/book/2820143.html", "http://www.17k.com/book/2807943.html", "http://www.17k.com/book/2813457.html", "http://www.17k.com/book/2798058.html", "http://www.17k.com/book/2815617.html", "http://www.17k.com/book/2805259.html", "http://www.17k.com/book/2760255.html", "http://www.17k.com/book/2686894.html", "http://www.17k.com/book/2797016.html", "http://www.17k.com/book/2767246.html", "http://www.17k.com/book/2764239.html", "http://www.17k.com/book/2754498.html", "http://www.17k.com/book/2754900.html", "http://www.17k.com/book/2625740.html", "http://www.17k.com/book/2213315.html", "http://www.17k.com/book/2402178.html", "http://www.17k.com/book/2691221.html", "http://www.17k.com/book/2210699.html", "http://www.17k.com/book/1797752.html", "http://www.17k.com/book/2575507.html", "http://www.17k.com/book/2705181.html", "http://www.17k.com/book/2702539.html", "http://www.17k.com/book/2474887.html", "http://www.17k.com/book/2674733.html", "http://www.17k.com/book/2822076.html", "http://www.17k.com/book/2809894.html", "http://www.17k.com/book/2822077.html", "http://www.17k.com/book/2811930.html", "http://www.17k.com/book/2815548.html", "http://www.17k.com/book/2819620.html", "http://www.17k.com/book/2809964.html", "http://www.17k.com/book/2808200.html", "http://www.17k.com/book/2820100.html", "http://www.17k.com/book/2822978.html", "http://www.17k.com/book/2804337.html", "http://www.17k.com/book/2798814.html", "http://www.17k.com/book/2785153.html", "http://www.17k.com/book/2731559.html", "http://www.17k.com/book/2722533.html", "http://www.17k.com/book/2458377.html", "http://www.17k.com/book/2743300.html", "http://www.17k.com/book/973809.html", "http://www.17k.com/book/2651367.html", "http://www.17k.com/book/2726194.html", "http://www.17k.com/book/2790214.html", "http://www.17k.com/book/493239.html", "http://www.17k.com/book/108821.html", "http://www.17k.com/book/1398783.html", "http://www.17k.com/book/83528.html", "http://www.17k.com/book/1859126.html", "http://www.17k.com/book/1741975.html", "http://www.17k.com/book/192453.html", "http://www.17k.com/book/2459058.html", "http://www.17k.com/book/1050747.html", "http://www.17k.com/book/2700315.html", "http://www.17k.com/book/2818940.html", "http://www.17k.com/book/2819519.html", "http://www.17k.com/book/2816390.html", "http://www.17k.com/book/2819588.html", "http://www.17k.com/book/2813768.html", "http://www.17k.com/book/2822406.html", "http://www.17k.com/book/2772164.html", "http://www.17k.com/book/2784023.html", "http://www.17k.com/book/2811877.html", "http://www.17k.com/book/2809119.html", "http://www.17k.com/book/2803700.html", "http://www.17k.com/book/2819561.html", "http://www.17k.com/book/2746506.html", "http://www.17k.com/book/2811836.html", "http://www.17k.com/book/2614810.html", "http://www.17k.com/book/1592435.html", "http://www.17k.com/book/1949748.html", "http://www.17k.com/book/2265802.html", "http://www.17k.com/book/2743240.html", "http://www.17k.com/book/2657437.html", "http://www.17k.com/book/2644502.html", "http://www.17k.com/book/2199900.html", "http://www.17k.com/book/2725436.html", "http://www.17k.com/book/2629978.html"]}