{"ratings": -1, "userreviews": [{"userName": "\u5927\u897f\u6d0b\u7684\u6d77\u8c5a\u5996", "userReviewDate": "2018-03-05", "userURL": "http://user.17k.com/14620919", "userReview": "\u4ed9\u4eba\u964d\u4e34\uff0c\u7ea2\u5305\u8d70\u8d77\u3002\u4f46\u4e0d\u5f97\u4e0d\u8bf4\u672c\u4e8b\u7684\u65b0\u4e66\uff1a\u6709\u70b9\u8f7b\u72c2\u4e0d\u7f81\uff0c\u53c8\u5e26\u4e9b\u8bb8\u62d8\u8c28\u6301\u91cd\uff1b\u6709\u70b9\u7a1a\u6c14\u9752\u6da9\uff0c\u6709\u5e26\u4e9b\u8bb8\u70ed\u60c5\u5954\u653e\uff1b\u6709\u70b9\u542b\u84c4\u5185\u655b\uff0c\u53c8\u5e26\u7740\u723d\u6717\u75db\u5feb\u3002\u6709\u70b9\u610f\u601d<img src='http://img.17k.com/images/face/100wx.gif' />"}, {"userName": "\u65f6\u95f4\u6c38\u6052", "userReviewDate": "2018-02-27", "userURL": "http://user.17k.com/5543481", "userReview": "\u4e0d\u77e5\u9053\u4f1a\u4e0d\u4f1a\u70c2\u5c3e\uff0c\u9001\u82b1"}, {"userName": "\u8fb9\u5883\u4e4b\u8c23", "userReviewDate": "2018-01-19", "userURL": "http://user.17k.com/58959630", "userReview": "\u5df2\u6295\u7968\uff01\u597d\u770b\uff01\u6587\u7b14\u597d\u80fd\u63a7\u5236\u4e0d\u8981\u8ba9\u6587\u91c7\u80dc\u8fc7\u53d9\u4e8b\u7684\u5f88\u96be\uff01\u662f\u4e2a\u597d\u793a\u8303\u54e9\uff01\u652f\u6301\uff01"}, {"userName": "K\u5c0f\u5f00", "userReviewDate": "2018-06-08", "userURL": "http://user.17k.com/58509881", "userReview": "\u8bb8\u5e08\u5144\u8fd8\u4e0d\u4e0a\u67b6\u5417"}, {"userName": "\u8fb9\u738b", "userReviewDate": "2018-06-07", "userURL": "http://user.17k.com/14557654", "userReview": "[\u6253\u8d4f]\u6211\u6253\u8d4f\u4e862\u5143\u7ea2\u5305\uff01\uff01"}, {"userName": "\u5403\u4e0d\u817b\u7684\u96f6\u98df", "userReviewDate": "2018-06-04", "userURL": "http://user.17k.com/49063238", "userReview": "[\u6253\u8d4f]\u6211\u6253\u8d4f\u4e866\u5143\u7ea2\u5305\uff01\uff01"}, {"userName": "K\u5c0f\u5f00", "userReviewDate": "2018-06-01", "userURL": "http://user.17k.com/58509881", "userReview": "\u516d\u4e00\u4e86&#55357;&#56842;&#55357;&#56842;"}, {"userName": "\u8bb8\u5927\u672c\u4e8b", "userReviewDate": "2018-05-31", "userURL": "http://user.17k.com/5784632", "userReview": "[\u6253\u8d4f]\u6211\u6253\u8d4f\u4e868\u5143\u7ea2\u5305\uff01\uff01"}, {"userName": "\u739b\u4e3d\u5c0f\u4e38\u5b50\u7231\u5403\u9c7c", "userReviewDate": "2018-05-30", "userURL": "http://user.17k.com/59870132", "userReview": "\u770b\u7684\u6211\u6ee1\u6ee1\u7684\u56de\u5473"}, {"userName": "\u5c0f\u5c0f\u602a\u602a\u517d", "userReviewDate": "2018-05-29", "userURL": "http://user.17k.com/59252775", "userReview": "[\u6253\u8d4f]\u6211\u6253\u8d4f\u4e868\u5143\u7ea2\u5305\uff01\uff01"}, {"userName": "\u5c0f\u5c0f\u602a\u602a\u517d", "userReviewDate": "2018-05-29", "userURL": "http://user.17k.com/59252775", "userReview": "\u4eca\u5929\u8fd9\u7ae0\uff1a\u6709\u8da3\u6709\u8da3"}, {"userName": "\u5403\u4e0d\u817b\u7684\u96f6\u98df", "userReviewDate": "2018-05-29", "userURL": "http://user.17k.com/49063238", "userReview": "\u571f\u8c6a\u5e08\u5144"}, {"userName": "\u98ce\u98ce\u706b\u706b\u7684\u5c0f\u9e8b\u9e7f", "userReviewDate": "2018-05-29", "userURL": "http://user.17k.com/54292207", "userReview": "\u518d\u6765\u652f\u6301\u4e00\u6ce2\uff0c\u6295\u7968\u9c9c\u82b1\u8d70\u8d77\uff0c\u672c\u4e8b\u5144\u52a0\u6cb9\uff01"}, {"userName": "K\u5c0f\u5f00", "userReviewDate": "2018-05-28", "userURL": "http://user.17k.com/58509881", "userReview": "\u8bb8\u5e08\u5144\u5348\u5b89\uff01\u65b0\u7684\u4e00\u5468\uff0c\u4e00\u8d77\u52aa\u529b\uff01\u52a0\u6cb9\uff01"}, {"userName": "\u6b66\u8d852018", "userReviewDate": "2018-05-28", "userURL": "http://user.17k.com/62257391", "userReview": "\u5927\u672c\u4e8b\u52a0\u6cb9\uff01"}, {"userName": "\u6b66\u8d852018", "userReviewDate": "2018-05-28", "userURL": "http://user.17k.com/62257391", "userReview": "[\u6253\u8d4f]\u6211\u6253\u8d4f\u4e8688\u5143\u7ea2\u5305\uff01\uff01"}, {"userName": "K\u5c0f\u5f00", "userReviewDate": "2018-05-26", "userURL": "http://user.17k.com/58509881", "userReview": "\u8bb8\u5e08\u5144\u5468\u672b\u6109\u5feb"}, {"userName": "\u5c0f\u80e1\u5b50xxx", "userReviewDate": "2018-05-25", "userURL": "http://user.17k.com/47499472", "userReview": "\u300a\u8c01\u8fd8\u6ca1\u5e74\u8f7b\u300b\u7279\u6765\u62dc\u8bbf \u70ed\u8840\u5927\u65d7 \u65b0\u624b\u5c0f\u767d \u671b\u591a\u591a\u6307\u6559\uff01"}, {"userName": "\u5c0f\u5c0f\u602a\u602a\u517d", "userReviewDate": "2018-05-24", "userURL": "http://user.17k.com/59252775", "userReview": "\u672c\u4e8b\u554a\uff0c\u8d76\u5feb\u66f4\u65b0\u554a\uff0c\u6ca1\u5f97\u770b\u5566\uff0c\u7b49\u5f97\u7259\u75d2\u75d2\u7684"}, {"userName": "\u5c0f\u5c0f\u602a\u602a\u517d", "userReviewDate": "2018-05-23", "userURL": "http://user.17k.com/59252775", "userReview": "\u4eca\u5929\u66f4\u5f97\u6709\u70b9\u665a\u4e86"}], "description": "\u9752\u6625\u6d41\u706b\uff0c\u5c81\u6708\u5982\u6b4c\u3002\u3000\u3000\u66fe\u7ecf\u7684\u5927\u9662\uff0c\u4f34\u968f\u7740\u4e00\u4ee3\u4eba\u7684\u6210\u957f\u4e0e\u6323\u624e\uff0c\u3000\u3000\u8fd9\u91cc\u6ca1\u6709\u7edd\u9876\u9ad8\u624b\uff0c\u4e5f\u6ca1\u6709\u795e\u529f\u79d8\u7c4d\uff0c\u3000\u3000\u4f46\u82b8\u82b8\u4f17\u751f\uff0c\u3000\u3000\u5374\u7edd\u4e0d\u7f3a\u4e4f\u6063\u610f\u98de\u626c\u7684\u68a6\u60f3\u548c\u70ed\u8840\u8c6a\u60c5\u3002\u3000\u3000\u8c28\u4ee5\u6b64\u4e66\u7f05\u6000\u66fe\u62e5\u6709\u8fc7\u7684\u5c81\u6708\u3002\u3000\u3000\u672c\u4e66\u4ea4\u6d41\u7fa4\uff08QQ\uff09\uff1a306558477", "title": "\u9752\u6625\u6d41\u706b", "url": "http://www.17k.com/book/2753142.html", "average": -1.0, "cover": "http://img.17k.com/images/bookcover/2018/13765/68/2753142-1516710144000.jpg", "reviews": 46896, "authors": [{"url": "http://www.17k.com/zuozhe/5784632", "name": "\u8bb8\u5927\u672c\u4e8b"}], "type": ["\u70ed\u8840\u9752\u6625"], "outlinks": ["http://www.17k.com/book/2794982.html", "http://www.17k.com/book/2801292.html", "http://www.17k.com/book/2816318.html", "http://www.17k.com/book/2797575.html", "http://www.17k.com/book/2802516.html", "http://www.17k.com/book/2812195.html", "http://www.17k.com/book/2820143.html", "http://www.17k.com/book/2807943.html", "http://www.17k.com/book/2813457.html", "http://www.17k.com/book/2798058.html", "http://www.17k.com/book/2815617.html", "http://www.17k.com/book/2805259.html", "http://www.17k.com/book/2760255.html", "http://www.17k.com/book/2686894.html", "http://www.17k.com/book/2797016.html", "http://www.17k.com/book/2767246.html", "http://www.17k.com/book/2764239.html", "http://www.17k.com/book/2754498.html", "http://www.17k.com/book/2754900.html", "http://www.17k.com/book/2625740.html", "http://www.17k.com/book/2213315.html", "http://www.17k.com/book/2402178.html", "http://www.17k.com/book/2691221.html", "http://www.17k.com/book/2210699.html", "http://www.17k.com/book/1797752.html", "http://www.17k.com/book/2575507.html", "http://www.17k.com/book/2705181.html", "http://www.17k.com/book/2702539.html", "http://www.17k.com/book/2474887.html", "http://www.17k.com/book/2674733.html", "http://www.17k.com/book/2822076.html", "http://www.17k.com/book/2809894.html", "http://www.17k.com/book/2822077.html", "http://www.17k.com/book/2811930.html", "http://www.17k.com/book/2815548.html", "http://www.17k.com/book/2819620.html", "http://www.17k.com/book/2809964.html", "http://www.17k.com/book/2808200.html", "http://www.17k.com/book/2820100.html", "http://www.17k.com/book/2822978.html", "http://www.17k.com/book/2804337.html", "http://www.17k.com/book/2798814.html", "http://www.17k.com/book/2785153.html", "http://www.17k.com/book/2731559.html", "http://www.17k.com/book/2722533.html", "http://www.17k.com/book/2458377.html", "http://www.17k.com/book/2743300.html", "http://www.17k.com/book/973809.html", "http://www.17k.com/book/2651367.html", "http://www.17k.com/book/2726194.html", "http://www.17k.com/book/2790214.html", "http://www.17k.com/book/493239.html", "http://www.17k.com/book/108821.html", "http://www.17k.com/book/1398783.html", "http://www.17k.com/book/83528.html", "http://www.17k.com/book/1859126.html", "http://www.17k.com/book/1741975.html", "http://www.17k.com/book/192453.html", "http://www.17k.com/book/2459058.html", "http://www.17k.com/book/1050747.html", "http://www.17k.com/book/2700315.html", "http://www.17k.com/book/2818940.html", "http://www.17k.com/book/2819519.html", "http://www.17k.com/book/2816390.html", "http://www.17k.com/book/2819588.html", "http://www.17k.com/book/2813768.html", "http://www.17k.com/book/2822406.html", "http://www.17k.com/book/2772164.html", "http://www.17k.com/book/2784023.html", "http://www.17k.com/book/2811877.html", "http://www.17k.com/book/2809119.html", "http://www.17k.com/book/2803700.html", "http://www.17k.com/book/2819561.html", "http://www.17k.com/book/2746506.html", "http://www.17k.com/book/2811836.html", "http://www.17k.com/book/2614810.html", "http://www.17k.com/book/1592435.html", "http://www.17k.com/book/1949748.html", "http://www.17k.com/book/2265802.html", "http://www.17k.com/book/2743240.html", "http://www.17k.com/book/2657437.html", "http://www.17k.com/book/2644502.html", "http://www.17k.com/book/2199900.html", "http://www.17k.com/book/2725436.html", "http://www.17k.com/book/2629978.html"]}