{"ratings": -1, "userreviews": [{"userName": "1428966548", "userReviewDate": "2018-05-30", "userURL": "http://user.17k.com/13169092", "userReview": "6669666"}, {"userName": "1428966548", "userReviewDate": "2018-05-21", "userURL": "http://user.17k.com/13169092", "userReview": "6666666"}, {"userName": "\u96e8\u68a6\u661f\u6b87", "userReviewDate": "2018-05-20", "userURL": "http://user.17k.com/59597192", "userReview": "\u52a0\u6cb9\uff0c\u6211\u6bcf\u5929\u90fd\u6765\u8ffd\u54df\uff01\uff01"}, {"userName": "17k\u4e66\u53cbddp4n71c3", "userReviewDate": "2018-05-16", "userURL": "http://user.17k.com/61783394", "userReview": "\u5e05\u54e5\u5230\u6b64\u4e00\u6e38"}, {"userName": "\u5b64\u5c71\u8d4f\u96ea", "userReviewDate": "2018-05-14", "userURL": "http://user.17k.com/37314714", "userReview": "\u6492\u82b1\u652f\u6301\uff0c\u5927\u5927\u597d\u68d2\uff01"}, {"userName": "TT\u5c0f\u840c\u59b9", "userReviewDate": "2018-05-12", "userURL": "http://user.17k.com/58801620", "userReview": "\u5f88\u4e0d\u9519"}, {"userName": "TT\u5c0f\u840c\u59b9", "userReviewDate": "2018-05-11", "userURL": "http://user.17k.com/58801620", "userReview": "\u597d\u68d2\u68d2"}, {"userName": "yaitita546879446", "userReviewDate": "2018-05-08", "userURL": "http://user.17k.com/54107938", "userReview": "\u8fd9\u672c\u4e66\u592a\u68d2\u4e86\uff01\u9f13\u52b1\u4e00\u4e0b\uff0c\u5e0c\u671b\u540e\u7eed\u66f4\u52a0\u7cbe\u5f69\uff01"}, {"userName": "yaitita546879446", "userReviewDate": "2018-05-02", "userURL": "http://user.17k.com/54107938", "userReview": "\u8fd9\u672c\u4e66\u592a\u68d2\u4e86\uff01\u9f13\u52b1\u4e00\u4e0b\uff0c\u5e0c\u671b\u540e\u7eed\u66f4\u52a0\u7cbe\u5f69\uff01"}, {"userName": "\u5c0f\u82b3004086339", "userReviewDate": "2018-05-02", "userURL": "http://user.17k.com/61314054", "userReview": "[\u6253\u8d4f]\u6211\u6253\u8d4f\u4e8630\u5143\u7ea2\u5305\uff01\uff01"}, {"userName": "\u5c0f\u82b3004086339", "userReviewDate": "2018-05-02", "userURL": "http://user.17k.com/61314054", "userReview": "[\u6253\u8d4f]\u6211\u6253\u8d4f\u4e861\u4e2a'\u5c0f\u5fc3\u5fc3'\uff01\uff01"}, {"userName": "\u5c0f\u82b3004086339", "userReviewDate": "2018-05-02", "userURL": "http://user.17k.com/61314054", "userReview": "[\u6253\u8d4f]\u6211\u6253\u8d4f\u4e861\u4e2a'\u9e21\u8840'\uff01\uff01"}, {"userName": "\u8482\u8299\u5c3c\u7426", "userReviewDate": "2018-04-21", "userURL": "http://user.17k.com/59111368", "userReview": "\u5df2\u6536\u85cf\uff0c\u6709\u7a7a\u770b\uff0c\u5927\u5927\u7b14\u540d\u592a\u6709\u559c\u611f\u4e86\uff01"}, {"userName": "17K\u4e66\u53cbII46GY76", "userReviewDate": "2018-03-26", "userURL": "http://user.17k.com/60449771", "userReview": "[\u6253\u8d4f]\u6211\u6253\u8d4f\u4e861\u4e2a'\u5c0f\u5fc3\u5fc3'\uff01\uff01"}, {"userName": "\u574f\u5c0f\u5b50\u7684\u7eaf\u60c5", "userReviewDate": "2018-03-22", "userURL": "http://user.17k.com/60383691", "userReview": "<a target='_blank' href='http://www.17k.com/book/2798234.html'>\u300a\u90aa\u6027\u6b8b\u60c5\u300b</a>\u8e6d\u8e6d\u70ed\u5ea6\uff0c\u5927\u5927\u7b14\u4e0b\u5999\u7b14\u751f\u82b1\uff0c\u732e\u4e11\u4e86\u3002"}, {"userName": "\u58ee\u58ee\u725b", "userReviewDate": "2018-03-15", "userURL": "http://user.17k.com/53880206", "userReview": "\u633a\u597d\u53ef\u4ee5\u770b\u4e0b\u53bb"}, {"userName": "17K\u4e66\u53cblfsmr0mq", "userReviewDate": "2018-03-11", "userURL": "http://user.17k.com/59522040", "userReview": "\u4e0d\u9519\uff0c\u5199\u7684\u597d\u8010\u770b"}, {"userName": "yaitita546879446", "userReviewDate": "2018-03-11", "userURL": "http://user.17k.com/54107938", "userReview": "\u8d5e\u8d5e\u8d5e\uff01\uff01\uff01&#55357;&#56397;&#55357;&#56397;&#55357;&#56397;"}, {"userName": "A\u725b\u9b54\u738b", "userReviewDate": "2018-03-10", "userURL": "http://user.17k.com/56738425", "userReview": "\u597d\u4e66\u9700\u8981\u63a8\u5e7f\uff0c\u6b63\u80fd\u91cf!2018\u63a8\u8350\u4e00\u672c\u597d\u770b\u7684\u4e66<a target='_blank' href='http://www.17k.com/book/2551937.html'>\u300a\u8d85\u65b0\u4eba\u300b</a>\uff0c\u60ca\u9669\u523a\u6fc0\uff0c\u6d6a\u6f2b\u6ee1\u5c4b\uff0c\u70ed\u8840\u683c\u6597\uff0c\u751f\u6b7b\u7231\u604b\uff0c\u6696\u6627\u4e0d\u65ad\uff0c\u5929\u5929\u66f4\u65b0\uff0c\u8bf7\u591a\u5173\u7167\uff0c\u6765\u4e2a\u6536\u85cf\u554a!\uff0c\u70b9\u51fb\u4e66\u540d\u5c31\u53ef\u4ee5\u770b\u5230\u4e66\u4e86\u3002"}, {"userName": "\u7136\u6bd5\u590f", "userReviewDate": "2018-03-08", "userURL": "http://user.17k.com/43601038", "userReview": "\u4e2d\u4e8c\u590f\u6c90\u643a<a target='_blank' href='http://www.17k.com/book/2787005.html'>\u300a\u517b\u4e2a\u5f92\u5f1f\u5f53\u592b\u541b\u300b</a>\u6765\u8bbf"}], "description": "\u5546\u4e1a\u4f20\u5947\u987e\u6c90\u9716\u662f\u51fa\u4e86\u540d\u7684\u94bb\u77f3\u738b\u8001\u4e94\uff0c\u5168\u57ce\u5973\u5b50\u7684\u68a6\u4e2d\u60c5\u4eba\u3002\u53ef\u60dc\u5374\u4e0d\u8fd1\u5973\u8272\u3002\u3000\u3000\u83ab\u6d45\u8bed\u7684\u4eba\u751f\u662f\u7070\u59d1\u5a18\u7684\u7ffb\u7248\uff0c\u4e00\u6b21\u610f\u5916\u6251\u5012\u4e86\u9738\u9053\u603b\u88c1\u987e\u6c90\u9716\u3002\u4ece\u6b64\u5f00\u59cb\u4e86\u4e00\u6bb5\u5951\u7ea6\u5a5a\u59fb\u3002\u3000\u3000\u4f20\u8bf4\u679c\u7136\u4e0d\u9760\u8c31\uff0c\u8c01\u8bf4\u987e\u5c11\u4e0d\u8fd1\u5973\u8272\uff1f\u4e00\u8a00\u4e0d\u5408\u5c31\u64e6\u67aa\u8d70\u706b\u3002\u3000\u3000\u201c\u90a3\u8c01\uff0c\u4f60\u7684\u624b\u4e0d\u8981\u968f\u4fbf\u6478\uff01\u6211\u4eec\u53ea\u662f\u5951\u7ea6\u5a5a\u59fb\uff01\uff01\u201d\u3000\u3000\u7537\u4eba\u76f4\u63a5\u5c06\u5408\u7ea6\u6495\u6210\u788e\u7247\uff0c\u201c\u73b0\u5728\u53ef\u4ee5\u4e86\uff01\u201d\u3000\u3000\u5929\u5450\uff01\u8fd9\u4e2a\u7537\u4eba\u7edd\u5bf9\u662f\u4e00\u53ea\u62ab\u7740\u7f8a\u76ae\u7684\u72fc\u3002\u67d0\u5973\u521a\u8981\u9003\uff0c\u5374\u88ab\u7537\u4eba\u6525\u4f4f\u4e86\u8170\u80a2\uff0c\u201c\u4e56\uff01\u628a\u7237\u4f3a\u5019\u723d\u4e86\uff0c\u4ec0\u4e48\u90fd\u4f9d\u4f60\uff01\u201d", "title": "\u987e\u5c11\u7684\u5fc3\u5c16\u840c\u59bb", "url": "http://www.17k.com/book/2740337.html", "average": -1.0, "cover": "http://img.17k.com/images/bookcover/2018/13701/68/2740337-1514947446000.jpg", "reviews": 105151, "authors": [{"url": "http://www.17k.com/zuozhe/58889867", "name": "\u4e1c\u5317\u5927\u82de\u7c73"}], "type": ["\u603b\u88c1\u8c6a\u95e8"], "outlinks": ["http://www.17k.com/book/2794982.html", "http://www.17k.com/book/2801292.html", "http://www.17k.com/book/2816318.html", "http://www.17k.com/book/2797575.html", "http://www.17k.com/book/2802516.html", "http://www.17k.com/book/2812195.html", "http://www.17k.com/book/2820143.html", "http://www.17k.com/book/2807943.html", "http://www.17k.com/book/2813457.html", "http://www.17k.com/book/2798058.html", "http://www.17k.com/book/2815617.html", "http://www.17k.com/book/2805259.html", "http://www.17k.com/book/2760255.html", "http://www.17k.com/book/2686894.html", "http://www.17k.com/book/2797016.html", "http://www.17k.com/book/2767246.html", "http://www.17k.com/book/2764239.html", "http://www.17k.com/book/2754498.html", "http://www.17k.com/book/2754900.html", "http://www.17k.com/book/2625740.html", "http://www.17k.com/book/2213315.html", "http://www.17k.com/book/2402178.html", "http://www.17k.com/book/2691221.html", "http://www.17k.com/book/2210699.html", "http://www.17k.com/book/1797752.html", "http://www.17k.com/book/2575507.html", "http://www.17k.com/book/2705181.html", "http://www.17k.com/book/2702539.html", "http://www.17k.com/book/2474887.html", "http://www.17k.com/book/2674733.html", "http://www.17k.com/book/2822076.html", "http://www.17k.com/book/2809894.html", "http://www.17k.com/book/2822077.html", "http://www.17k.com/book/2811930.html", "http://www.17k.com/book/2815548.html", "http://www.17k.com/book/2819620.html", "http://www.17k.com/book/2809964.html", "http://www.17k.com/book/2808200.html", "http://www.17k.com/book/2820100.html", "http://www.17k.com/book/2822978.html", "http://www.17k.com/book/2804337.html", "http://www.17k.com/book/2798814.html", "http://www.17k.com/book/2785153.html", "http://www.17k.com/book/2731559.html", "http://www.17k.com/book/2722533.html", "http://www.17k.com/book/2458377.html", "http://www.17k.com/book/2743300.html", "http://www.17k.com/book/973809.html", "http://www.17k.com/book/2651367.html", "http://www.17k.com/book/2726194.html", "http://www.17k.com/book/2790214.html", "http://www.17k.com/book/493239.html", "http://www.17k.com/book/108821.html", "http://www.17k.com/book/1398783.html", "http://www.17k.com/book/83528.html", "http://www.17k.com/book/1859126.html", "http://www.17k.com/book/1741975.html", "http://www.17k.com/book/192453.html", "http://www.17k.com/book/2459058.html", "http://www.17k.com/book/1050747.html", "http://www.17k.com/book/2700315.html", "http://www.17k.com/book/2818940.html", "http://www.17k.com/book/2819519.html", "http://www.17k.com/book/2816390.html", "http://www.17k.com/book/2819588.html", "http://www.17k.com/book/2813768.html", "http://www.17k.com/book/2822406.html", "http://www.17k.com/book/2772164.html", "http://www.17k.com/book/2784023.html", "http://www.17k.com/book/2811877.html", "http://www.17k.com/book/2809119.html", "http://www.17k.com/book/2803700.html", "http://www.17k.com/book/2819561.html", "http://www.17k.com/book/2746506.html", "http://www.17k.com/book/2811836.html", "http://www.17k.com/book/2614810.html", "http://www.17k.com/book/1592435.html", "http://www.17k.com/book/1949748.html", "http://www.17k.com/book/2265802.html", "http://www.17k.com/book/2743240.html", "http://www.17k.com/book/2657437.html", "http://www.17k.com/book/2644502.html", "http://www.17k.com/book/2199900.html", "http://www.17k.com/book/2725436.html", "http://www.17k.com/book/2629978.html"]}