{"ratings": -1, "userreviews": [{"userName": "\u674e\u65e0\u547d", "userReviewDate": "2017-11-25", "userURL": "http://user.17k.com/57024055", "userReview": "\u5927\u5927\u5199\u5f97\u771f\u597d\uff0c\u643a\u5e26<a target='_blank' href='http://www.17k.com/book/2654528.html'>\u300a\u51a5\u5929\u697c\u300b</a>\u524d\u6765\u62dc\u8bfb\u4e86\uff0c\u4f5c\u8005\u5927\u5927\u52a0\u6cb9\u66f4\uff0c\u652f\u6301\u652f\u6301\uff01"}, {"userName": "\u674e\u65e0\u547d", "userReviewDate": "2017-10-26", "userURL": "http://user.17k.com/57024055", "userReview": "<a target='_blank' href='http://www.17k.com/book/2654528.html'>\u300a\u51a5\u5929\u697c\u300b</a>\u6765\u8bbf\uff0c\u62dc\u8bfb\u5b66\u4e60"}, {"userName": "\u2642\u58c1\u4e0a\u82b1", "userReviewDate": "2017-08-14", "userURL": "http://user.17k.com/56906480", "userReview": "[\u6253\u8d4f]\u6211\u6253\u8d4f\u4e862\u5143\u7ea2\u5305\uff01\uff01"}, {"userName": "\u9646\u6653\u75af", "userReviewDate": "2017-07-22", "userURL": "http://user.17k.com/14776216", "userReview": "\u652f\u6301\u5927\u5927\uff0c<a target='_blank' href='http://www.17k.com/book/2410552.html'>\u300a\u76d7\u4ed9\u8bb0\u300b</a>\u62dc\u8bfb\u3002"}, {"userName": "\u53f6\u843d\u5b50\u75d5", "userReviewDate": "2017-06-04", "userURL": "http://user.17k.com/33080428", "userReview": "\u65e9\u5b89\uff01<a target='_blank' href='http://www.17k.com/book/2452410.html'>\u300a\u4e03\u4ed9\u5251\u4f20\u300b</a>\u65e9\u6765\u770b\u4e66\u652f\u6301\u5927\u5927\uff01\u5927\u5927\u5199\u5199\u7684\u771f\u597d\uff01\u8d8a\u770b\u8d8a\u559c\u6b22\uff01"}, {"userName": "\u5be7\u601d", "userReviewDate": "2017-05-31", "userURL": "http://user.17k.com/12214760", "userReview": "[\u6253\u8d4f]\u6211\u6253\u8d4f\u4e868\u5143\u7ea2\u5305\uff01\uff01"}, {"userName": "\u8036\u8036\u8036000", "userReviewDate": "2017-03-27", "userURL": "http://user.17k.com/54253207", "userReview": "[\u6253\u8d4f]\u6211\u6253\u8d4f\u4e868\u5143\u7ea2\u5305\uff01\uff01"}, {"userName": "\u81ea\u6765\u4e5f0512", "userReviewDate": "2017-03-26", "userURL": "http://user.17k.com/54297410", "userReview": "\u5c0f\u8bf4\u5199\u7684\u76f8\u5f53\u6709\u610f\u601d\uff01\u521a\u521a\u770b\u5b8c\u60a8\u5199\u7684\u5fc3\u5f97\uff01\u80fd\u4f53\u4f1a\u5230\u90a3\u79cd\u611f\u53d7\uff01\u751f\u6d3b\u5c31\u662f\u8fd9\u6837\uff01\u4f60\u60f3\u6b7b \u5929\u8ba9\u4f60\u6d3b\uff01\u4f60\u60f3\u597d\u597d\u6d3b \u5929\u53c8\u8ba9\u4eba\u9971\u5c1d\u4eba\u4e16\u95f4\u767e\u822c\u6ecb\u5473\uff01\u4eba\u4e5f\u597d\u4e8b\u4e5f\u597d\uff01\u6709\u65f6\u5019\u603b\u662f\u8a00\u4e0d\u6263\u9898\u3002\u81ea\u5df1\u548c\u4ed6\u4eba\u60f3\u8868\u8fbe\u7684\u60c5\u611f\u53c8\u4e0d\u968f\u4eba\u610f\uff01\u671f\u5f85\u60a8\u7684\u4e0b\u4e00\u90e8\u5c0f\u8bf4\uff01"}, {"userName": "\u7f42\u7c9f\u83b217K", "userReviewDate": "2017-03-09", "userURL": "http://user.17k.com/53560719", "userReview": "\u7f42\u7c9f\u83b2\u643a<a target='_blank' href='http://www.17k.com/book/2396582.html'>\u300a\u83b2\u534e\u67d3\u68a6\u300b</a>\u524d\u6765\u652f\u6301\u5927\u5927\uff0c\u6c42\u56de\u8bbf\u6536\u85cf~\u611f\u6fc0\u4e0d\u5c3d~"}, {"userName": "\u843d\u5bde\u7684\u6f29\u6da1", "userReviewDate": "2017-02-26", "userURL": "http://user.17k.com/35789085", "userReview": "\u5927\u5927\u7684\u4f5c\u54c1\u5f88\u597d\u770b\uff0c\u5199\u4f5c\u624b\u6cd5\u5f88\u65b0\u9896\uff01\u662f\u4e00\u672c\u503c\u5f97\u671f\u5f85\u7684\u4f73\u4f5c\uff01<a target='_blank' href='http://www.17k.com/book/2363496.html'>\u300a\u5c0f\u866b\u7684\u6843\u82b1\u8fd0\u300b</a>\u524d\u6765\u62dc\u8bfb\u5927\u4f5c\u3002"}, {"userName": "\u58a8\u5b89\u537f", "userReviewDate": "2017-02-10", "userURL": "http://user.17k.com/52874174", "userReview": "\u770b\u5230\u5927\u5927\u7684\u6587\u6587\u52df\u5730\u60f3\u8d77\u4e86\u7f8e\u4eba\u4e3a\u5c06......\u603b\u4e4b,\u5199\u5f97\u5f88\u597d\u52a0\u6cb9\u54c8"}, {"userName": "\u9c7c\u4e38\u516c\u4e3e", "userReviewDate": "2017-02-09", "userURL": "http://user.17k.com/53186822", "userReview": "<span style='color:red'>\u597d\u4e66\u9700\u5171\u4eab\uff0c\u9c7c\u4e38\u516c\u4e3e\u643a\u300a\u7a7f\u8d8a\u7684\u51e4\u51f0\u516c\u4e3b\u300b\u524d\u6765\u62dc\u8bbf~\u5927\u5927\u7684\u6784\u601d\u5f88\u65b0\u9896\uff0c\u503c\u5f97\u4e00\u770b\uff01</span>"}, {"userName": "\u7ea2\u8c46\u6708\u6708", "userReviewDate": "2017-02-08", "userURL": "http://user.17k.com/52250331", "userReview": "\u5728\u690d\u7269\u4eba\u7684\u72b6\u6001\u4e0b\u751f\u4e0b\u7684\u513f\u5b50\uff0c\u5c45\u7136\u662f\u5343\u5e74\u4e4b\u524d\u7684\u91cd\u6258\u513f\u5b50\uff0c\u8fd9\u6837\u7684\u6784\u601d\u6781\u5176\u5947\u5de7\u53e4\u602a\u54df\uff0c\u5f88\u6709\u5438\u5f15\u529b\u3002\u5f88\u503c\u5f97\u4e00\u8bfb\uff01\u613f\u505a\u4f60\u7684\u957f\u671f\u8bfb\u8005\uff01\u7ea2\u8c46\u6708\u6708\u643a<a target='_blank' href='http://www.17k.com/book/2309336.html'>\u300a\u76f8\u601d\u957f\u6068\u6b4c\u300b</a>\u6765\u8bbf\u5e76\u6536\u5165\u4e66\u67b6\uff1b\u76fc\u671b\u5728\u4f60\u7684\u4e66\u67b6\u4e2d\u770b\u5230\u6211\u7684\u4f5c\u54c1\u3002\u6211\u4eec\u76f8\u4e92\u652f\u6301\uff0c\u5171\u540c\u52a0\u6cb9\uff01"}, {"userName": "\u534a\u7eb8\u8352\u5510", "userReviewDate": "2017-02-08", "userURL": "http://user.17k.com/53195248", "userReview": "<span style='color:red'>\u643a\u65b0\u4f5c<a target='_blank' href='http://www.17k.com/book/2377871.html'>\u300a\u51e4\u5f52\u671d\u4e4b\u59be\u672c\u95f2\u51c9\u300b</a>\u6765\u8bbf\uff0c\u795d\u6587\u6587\u5927\u706b\uff01</span>"}, {"userName": "\u5357\u8475\u59d1\u5a18", "userReviewDate": "2017-02-05", "userURL": "http://user.17k.com/51496659", "userReview": "\u770b\u4e66\u540d\u5c31\u89c9\u5f97\u5f88\u9738\u6c14"}, {"userName": "\u6211\u547d\u7531\u6211\u4e0d\u7531\u5929038350222", "userReviewDate": "2017-02-01", "userURL": "http://user.17k.com/51958167", "userReview": "\u65b0\u4eba\u65b0\u4f5c\uff0c<a target='_blank' href='http://www.17k.com/book/2365017.html'>\u300a\u5438\u8840\u9b3c\u5c0f\u59d0\u4e0d\u53ef\u7231\u300b</a>\u6765\u8bbf\u3002\u795d\u5927\u5927\u65b0\u5e74\u5feb\u4e50\uff01"}, {"userName": "\u6c34\u58a8\u6021\u4eba", "userReviewDate": "2017-02-01", "userURL": "http://user.17k.com/52631894", "userReview": "\u5927\u5927\u52a0\u6cb9\uff0c\u5927\u5927\u6587\u7b14\u5f88\u597d\uff0c<a target='_blank' href='http://www.17k.com/book/2341584.html'>\u300a\u7a7f\u8d8a\u53ea\u4e3a\u4f60\u4e16\u4e16\u4f34\u968f\u4f60\u300b</a>\u6765\u8bbf\uff1a\u5973\u5f3a\u7537\u66f4\u5f3a\uff0c\u5f3a\u5f3a\u8054\u624b\uff0c\u4e14\u770b\u4ed6\u4eec\u5982\u4f55\u76ee\u4e2d\u65e0\u4eba\u3002\u671b\u56de\u8bbf\u3002"}, {"userName": "\u4f9d\u6587\u6d01\u7433\u9171", "userReviewDate": "2017-02-01", "userURL": "http://user.17k.com/51929073", "userReview": "\u5f88\u6709\u5473\u9053\u7684\u6587\u7ae0\uff01\u8d5e\u4e00\u4e2a\uff01"}, {"userName": "\u5e7d\u5170060107807", "userReviewDate": "2017-01-31", "userURL": "http://user.17k.com/50052730", "userReview": "\u5e7d\u5170\u516c\u4e3b\u643a<a target='_blank' href='http://www.17k.com/book/2161917.html'>\u300a\u98ce\u82b1\u96ea\u6708\u60c5\u96be\u6795\u300b</a>\u548c<a target='_blank' href='http://www.17k.com/book/796281.html'>\u300a\u4eba\u9b3c\u751f\u6b7b\u604b\u300b</a>\u62dc\u8bbf\u5927\u5927\uff0c\u652f\u6301\u5927\u4f5c\uff0c\u6587\u7b14\u5f88\u8d5e\u54e6\uff01\u5df2\u6536\u85cf\uff0c\u76fc\u56de\u8bbf\u6536\u85cf\uff01\u795d\u65b0\u6625\u5feb\u4e50\uff01"}, {"userName": "\u65f6\u5149\u6d45\u541f", "userReviewDate": "2017-01-31", "userURL": "http://user.17k.com/45119413", "userReview": "\u65e9\u597d\uff0c\u6765\u770b\u6587\uff0c\u52a0\u6cb9"}], "description": "\u5979\u662f\u690d\u7269\u4eba\u72b6\u6001\u4e0b\u7684\u5b55\u5987\u3002\u7ec8\u4e8e\u74dc\u719f\u8482\u843d\uff0c\u5a74\u513f\u7684\u54ed\u58f0\u5524\u9192\u5979\u6c89\u7761\u516b\u4e2a\u6708\u7684\u7075\u9b42\u3002\u800c\u8fce\u63a5\u5979\u7684\u4e0d\u662f\u660f\u7761\u4e2d\u4eb2\u751f\u7684\u5973\u513f\uff0c\u75c5\u5e8a\u524d\u966a\u4f34\u7684\u53cc\u4eb2.\u7231\u4eba\u548c\u6218\u53cb......\u3000\u3000\u8fd9\u662f\u6765\u81ea\u5343\u5e74\u524d\u513f\u7684\u547c\u5524\uff0c\u5343\u5e74\u524d\u7075\u9b42\u7684\u91cd\u6258\u3002\u3000\u3000\u6211\u4eec\u7684\u6545\u4e8b\u5c31\u4ece\u8fd9\u91cc\u5f00\u59cb......", "title": "\u98d2\u723d\u82f1\u59ff\u56de\u53e4\u4ee3", "url": "http://www.17k.com/book/2110656.html", "average": -1.0, "cover": "http://img.17k.com/images/bookcover/2017/10553/52/2110656-1483576519000.jpg", "reviews": 69462, "authors": [{"url": "http://www.17k.com/zuozhe/47969257", "name": "\u5c0f\u624b\u7ee2"}], "type": ["\u7a7f\u8d8a\u65f6\u7a7a"], "outlinks": ["http://www.17k.com/book/2794982.html", "http://www.17k.com/book/2801292.html", "http://www.17k.com/book/2816318.html", "http://www.17k.com/book/2797575.html", "http://www.17k.com/book/2802516.html", "http://www.17k.com/book/2812195.html", "http://www.17k.com/book/2820143.html", "http://www.17k.com/book/2807943.html", "http://www.17k.com/book/2813457.html", "http://www.17k.com/book/2798058.html", "http://www.17k.com/book/2815617.html", "http://www.17k.com/book/2805259.html", "http://www.17k.com/book/2760255.html", "http://www.17k.com/book/2686894.html", "http://www.17k.com/book/2797016.html", "http://www.17k.com/book/2767246.html", "http://www.17k.com/book/2764239.html", "http://www.17k.com/book/2754498.html", "http://www.17k.com/book/2754900.html", "http://www.17k.com/book/2625740.html", "http://www.17k.com/book/2213315.html", "http://www.17k.com/book/2402178.html", "http://www.17k.com/book/2691221.html", "http://www.17k.com/book/2210699.html", "http://www.17k.com/book/1797752.html", "http://www.17k.com/book/2575507.html", "http://www.17k.com/book/2705181.html", "http://www.17k.com/book/2702539.html", "http://www.17k.com/book/2474887.html", "http://www.17k.com/book/2674733.html", "http://www.17k.com/book/2822076.html", "http://www.17k.com/book/2809894.html", "http://www.17k.com/book/2822077.html", "http://www.17k.com/book/2811930.html", "http://www.17k.com/book/2815548.html", "http://www.17k.com/book/2819620.html", "http://www.17k.com/book/2809964.html", "http://www.17k.com/book/2808200.html", "http://www.17k.com/book/2820100.html", "http://www.17k.com/book/2822978.html", "http://www.17k.com/book/2804337.html", "http://www.17k.com/book/2798814.html", "http://www.17k.com/book/2785153.html", "http://www.17k.com/book/2731559.html", "http://www.17k.com/book/2722533.html", "http://www.17k.com/book/2458377.html", "http://www.17k.com/book/2743300.html", "http://www.17k.com/book/973809.html", "http://www.17k.com/book/2651367.html", "http://www.17k.com/book/2726194.html", "http://www.17k.com/book/2790214.html", "http://www.17k.com/book/493239.html", "http://www.17k.com/book/108821.html", "http://www.17k.com/book/1398783.html", "http://www.17k.com/book/83528.html", "http://www.17k.com/book/1859126.html", "http://www.17k.com/book/1741975.html", "http://www.17k.com/book/192453.html", "http://www.17k.com/book/2459058.html", "http://www.17k.com/book/1050747.html", "http://www.17k.com/book/2700315.html", "http://www.17k.com/book/2818940.html", "http://www.17k.com/book/2819519.html", "http://www.17k.com/book/2816390.html", "http://www.17k.com/book/2819588.html", "http://www.17k.com/book/2813768.html", "http://www.17k.com/book/2822406.html", "http://www.17k.com/book/2772164.html", "http://www.17k.com/book/2784023.html", "http://www.17k.com/book/2811877.html", "http://www.17k.com/book/2809119.html", "http://www.17k.com/book/2803700.html", "http://www.17k.com/book/2819561.html", "http://www.17k.com/book/2746506.html", "http://www.17k.com/book/2811836.html", "http://www.17k.com/book/2614810.html", "http://www.17k.com/book/1592435.html", "http://www.17k.com/book/1949748.html", "http://www.17k.com/book/2265802.html", "http://www.17k.com/book/2743240.html", "http://www.17k.com/book/2657437.html", "http://www.17k.com/book/2644502.html", "http://www.17k.com/book/2199900.html", "http://www.17k.com/book/2725436.html", "http://www.17k.com/book/2629978.html"]}