{"ratings": -1, "userreviews": [{"userName": "17K\u4e66\u53cb4hmyjn0f", "userReviewDate": "2018-06-07", "userURL": "http://user.17k.com/57228041", "userReview": "\u5199\u5f97\u597d\uff0c\u52a0\u6cb9"}, {"userName": "\u9896\u706b\u866b379367244", "userReviewDate": "2018-05-21", "userURL": "http://user.17k.com/61188055", "userReview": "\u4e0d\u9519\u3002\u3002\u3002"}, {"userName": "\u9896\u706b\u866b379367244", "userReviewDate": "2018-05-18", "userURL": "http://user.17k.com/61188055", "userReview": "\u53ef\u4ee5\uff0c\u52a0\u6cb9\u3002"}, {"userName": "\u81f3\u540c", "userReviewDate": "2018-05-16", "userURL": "http://user.17k.com/42347855", "userReview": "\u5199\u7684\u4e0d\u9519\uff01\u52a0\u6cb9\uff01"}, {"userName": "\u98ce\u6708\u7f8e\u54b2", "userReviewDate": "2018-05-14", "userURL": "http://user.17k.com/9680173", "userReview": "\u643a<a target='_blank' href='http://www.17k.com/book/2652729.html'>\u300a\u603b\u88c1\u7684\u5929\u4ef7\u5a07\u59bb\u300b</a>\u524d\u6765\u652f\u6301"}, {"userName": "17K\u4e66\u53cbAO0UNIFX", "userReviewDate": "2018-05-04", "userURL": "http://user.17k.com/58208577", "userReview": "\u7ee7\u7eed\u52a0\u6cb9&#55357;&#56490;"}, {"userName": "\u3089\u89c2\u97f3\u6cea\u30fe", "userReviewDate": "2018-05-01", "userURL": "http://user.17k.com/61392587", "userReview": "\u633a\u597d\u7684\uff0c\u7ee7\u7eed\u9605\u8bfb"}, {"userName": "yaitita575233389", "userReviewDate": "2018-04-22", "userURL": "http://user.17k.com/57862521", "userReview": "\u8fd9\u672c\u4e66\u592a\u68d2\u4e86\uff01\u9f13\u52b1\u4e00\u4e0b\uff0c\u5e0c\u671b\u540e\u7eed\u66f4\u52a0\u7cbe\u5f69\uff01"}, {"userName": "\u8d75\u7ffc512282253", "userReviewDate": "2018-03-30", "userURL": "http://user.17k.com/58784118", "userReview": "\u4e94\u4e07\u5b57\u4e86\u5440\uff0c\u53ef\u4ee5\u7533\u8bf7\u7b7e\u7ea6\u4e86\u54df\uff0c\u8fd8\u6709\uff0c\u5efa\u8bae\u53bb\u8bba\u575b\u533a\u7533\u8bf7\u4e2a\u6f02\u4eae\u7684\u5c01\u9762\u5457"}, {"userName": "\u8d75\u7ffc512282253", "userReviewDate": "2018-03-30", "userURL": "http://user.17k.com/58784118", "userReview": "\u6f02\u6f02\u5927\u5927\u4e2d\u5348\u597d\u5440\uff01\u7ee7\u7eed\u52a0\u6cb9\uff0c\u7ee7\u7eed\u52aa\u529b\u521b\u4f5c\u54df\uff01\u661f\u7a7a\u95f2\u6687\u4e4b\u4f59\uff0c\u559c\u6b22\u5728\u699c\u5355\u4e0a\u627e\u4e66\u770b\uff0c\u4e8e\u662f\u65e0\u610f\u4e2d\u70b9\u5f00\u4e86\u4f60\u7684\u5927\u4f5c\u3002\u7c97\u7565\u7684\u770b\u4e86\u51e0\u7ae0\uff0c\u987a\u5e26\u6597\u80c6\u70b9\u8bc4\u4e00\u4e0b\u3002\u661f\u7a7a\u624d\u758f\u5b66\u6d45\uff0c\u5634\u4e5f\u6bd4\u8f83\u7b28\uff0c\u8bf4\u4e0d\u51fa\u4ec0\u4e48\u4e13\u4e1a\u8bc4\u8bed\uff0c\u4e5f\u6ca1\u6709\u4ec0\u4e48\u9ad8\u8c08\u9614\u8bba\uff0c\u53ea\u8bf4\u4e00\u4e9b\u4e2a\u4eba\u770b\u4e66\u540e\u7684\u5fc3\u5f97\u5427\uff0c\u975e\u4e13\u4e1a\u4eba\u58eb\uff0c\u8bc4\u8bf4\u5f97\u4e0d\u662f\u90a3\u4e48\u2026\u2026\uff0c \u95f2\u8bdd\u4e0d\u591a\u8bf4\u4e86\uff0c\u59d1\u4e14\u8bf4\u4e00\u4e0b\u770b\u4e66\u4e4b\u540e\u7684\u4e00\u70b9\u4f53\u4f1a\u5427\uff1a\u4e0d\u5f97\u4e0d\u8bf4\uff0c\u4f60\u7684\u4e66\u7b97\u662f\u4e0d\u9519\u7684\u4e86\uff0c\u6587\u7b14\u96bd\u6c38\uff0c\u6587\u91c7\u98de\u626c\uff0c \u7b14\u4e0b\u751f\u82b1\uff0c\u60c5\u8282\u8dcc\u5b95\u8d77\u4f0f\uff0c\u5185\u5bb9\u4e30\u5bcc\u591a\u5f69\uff0c\u975e\u5e38\u5438\u5f15\u773c\u7403\uff0c\u800c\u4e14\u4ee3\u5165\u611f\u975e\u5e38\u5f3a\u80fd\u591f\u5f15\u4eba\u5165\u80dc\uff0c\u8ba9\u8bfb\u8005\u8bfb\u4e4b\u72b9\u5982\u7f6e\u8eab\u5176\u4e2d\u3002\u6587\u4e2d\u4e3b\u89d2\u6027\u683c\u9971\u6ee1\uff0c\u6709\u8840\u6709\u8089\uff0c\u914d\u89d2\u4e5f\u4e0d\u843d\u4e0b\u98ce\uff0c\u4e5f\u6709\u4ed6\uff08\u5979\uff09\u7cbe\u5f69\u7684\u6545\u4e8b\u3002\u60c5\u611f\u7ec6\u817b\uff0c\u7ec6\u8282\u63cf\u5199\u5f97\u975e\u5e38\u68d2\uff0c\u73af\u5883\u63cf\u5199\u4e5f\u6070\u5230\u597d\u5904\uff0c\u7edd\u4e0d\u62d6\u6ce5..."}, {"userName": "Tia\u5927\u67da\u5b50", "userReviewDate": "2018-03-30", "userURL": "http://user.17k.com/59467398", "userReview": "\u8fc7\u6765\u652f\u6301\u4e00\u4e0b\uff0c\u52a0\u6cb9\u54e6&#55357;&#56490;"}, {"userName": "\u65af\u6587\u732b\u965b\u4e0b", "userReviewDate": "2018-03-29", "userURL": "http://user.17k.com/37764708", "userReview": "\u52a0\u6cb9\uff0c\u652f\u6301\u4e00\u4e0b\uff0c"}, {"userName": "\u6843\u82b1\u6df1\u6f6d\u6c34", "userReviewDate": "2018-03-08", "userURL": "http://user.17k.com/57040565", "userReview": "\u611f\u89c9\u6587\u6587\u5f88\u6709\u7231\u54e6\uff0c\u52a0\u6cb9\u52a0\u6cb9\u4e48\u4e48\u54d2~"}], "description": "\u4e00\u671d\u6b20\u4eba\u60c5\uff0c\u6c38\u4e16\u7529\u4e0d\u6e05\uff01\u3000\u3000\u4e3a\u4e86\u5e2e\u4eba\u8fd8\u503a\uff0c\u5979\u5927\u80c6\u7b97\u8ba1\u4e0a\u5e1d\u90fd\u5bb9\u5c11\uff0c\u4e00\u51fa\u201c\u4ed9\u4eba\u8df3\u201d\uff0c\u9a97\u8d70\u4ed6\u4e94\u5341\u4e07\uff0c\u8c01\u6210\u60f3\uff0c\u7b2c\u4e8c\u5929\u5c31\u88ab\u8fde\u672c\u5e26\u5229\u8ffd\u56de\uff0c\u8fd8\u6210\u4e86\u53c8\u5c48\u8fb1\u53c8\u66a7\u6627\u7684\u79c1\u4eba\u5973\u4f63\u3002\u3000\u3000\u4ece\u6b64\uff0c\u88ab\u4ed6\u73a9\u5f04\u5728\u624b\u5fc3\u513f\u91cc\uff0c\u518d\u4e5f\u9003\u4e0d\u5f00\u3002\u3000\u3000\u53ef\uff0c\u8c01\u683d\u5728\u8c01\u8eab\u4e0a\uff0c\u8fd8\u771f\u8bf4\u4e0d\u5b9a\u5462\u2026\u2026", "title": "\u9ad8\u51b7\u4e0a\u53f8\u8bf7\u63a5\u62db", "url": "http://www.17k.com/book/2790116.html", "average": -1.0, "cover": "http://img.17k.com/images/bookcover/2018/13950/69/2790116-1522853956000.jpg", "reviews": 31717, "authors": [{"url": "http://www.17k.com/zuozhe/60316782", "name": "\u6f02\u6f02\u917f\u917f"}], "type": ["\u603b\u88c1\u8c6a\u95e8"], "outlinks": ["http://www.17k.com/book/2794982.html", "http://www.17k.com/book/2801292.html", "http://www.17k.com/book/2816318.html", "http://www.17k.com/book/2797575.html", "http://www.17k.com/book/2802516.html", "http://www.17k.com/book/2812195.html", "http://www.17k.com/book/2820143.html", "http://www.17k.com/book/2807943.html", "http://www.17k.com/book/2813457.html", "http://www.17k.com/book/2798058.html", "http://www.17k.com/book/2815617.html", "http://www.17k.com/book/2805259.html", "http://www.17k.com/book/2760255.html", "http://www.17k.com/book/2686894.html", "http://www.17k.com/book/2797016.html", "http://www.17k.com/book/2767246.html", "http://www.17k.com/book/2764239.html", "http://www.17k.com/book/2754498.html", "http://www.17k.com/book/2754900.html", "http://www.17k.com/book/2625740.html", "http://www.17k.com/book/2213315.html", "http://www.17k.com/book/2402178.html", "http://www.17k.com/book/2691221.html", "http://www.17k.com/book/2210699.html", "http://www.17k.com/book/1797752.html", "http://www.17k.com/book/2575507.html", "http://www.17k.com/book/2705181.html", "http://www.17k.com/book/2702539.html", "http://www.17k.com/book/2474887.html", "http://www.17k.com/book/2674733.html", "http://www.17k.com/book/2822076.html", "http://www.17k.com/book/2809894.html", "http://www.17k.com/book/2822077.html", "http://www.17k.com/book/2811930.html", "http://www.17k.com/book/2815548.html", "http://www.17k.com/book/2819620.html", "http://www.17k.com/book/2809964.html", "http://www.17k.com/book/2808200.html", "http://www.17k.com/book/2820100.html", "http://www.17k.com/book/2822978.html", "http://www.17k.com/book/2804337.html", "http://www.17k.com/book/2798814.html", "http://www.17k.com/book/2785153.html", "http://www.17k.com/book/2731559.html", "http://www.17k.com/book/2722533.html", "http://www.17k.com/book/2458377.html", "http://www.17k.com/book/2743300.html", "http://www.17k.com/book/973809.html", "http://www.17k.com/book/2651367.html", "http://www.17k.com/book/2726194.html", "http://www.17k.com/book/2790214.html", "http://www.17k.com/book/493239.html", "http://www.17k.com/book/108821.html", "http://www.17k.com/book/1398783.html", "http://www.17k.com/book/83528.html", "http://www.17k.com/book/1859126.html", "http://www.17k.com/book/1741975.html", "http://www.17k.com/book/192453.html", "http://www.17k.com/book/2459058.html", "http://www.17k.com/book/1050747.html", "http://www.17k.com/book/2700315.html", "http://www.17k.com/book/2818940.html", "http://www.17k.com/book/2819519.html", "http://www.17k.com/book/2816390.html", "http://www.17k.com/book/2819588.html", "http://www.17k.com/book/2813768.html", "http://www.17k.com/book/2822406.html", "http://www.17k.com/book/2772164.html", "http://www.17k.com/book/2784023.html", "http://www.17k.com/book/2811877.html", "http://www.17k.com/book/2809119.html", "http://www.17k.com/book/2803700.html", "http://www.17k.com/book/2819561.html", "http://www.17k.com/book/2746506.html", "http://www.17k.com/book/2811836.html", "http://www.17k.com/book/2614810.html", "http://www.17k.com/book/1592435.html", "http://www.17k.com/book/1949748.html", "http://www.17k.com/book/2265802.html", "http://www.17k.com/book/2743240.html", "http://www.17k.com/book/2657437.html", "http://www.17k.com/book/2644502.html", "http://www.17k.com/book/2199900.html", "http://www.17k.com/book/2725436.html", "http://www.17k.com/book/2629978.html"]}