{"ratings": -1, "userreviews": [{"userName": "\u88ab\u5acc\u5f03\u7684\u677e\u5b50\u3002", "userReviewDate": "2018-05-23", "userURL": "http://user.17k.com/61025054", "userReview": "\u5e7f\u544a\u4f4d\u62db\u79df"}, {"userName": "\u4e09\u91d1584257017", "userReviewDate": "2018-05-23", "userURL": "http://user.17k.com/62113942", "userReview": "\u9876\u8d77\u9876\u8d77\u6765\u6765\u6765~~~~~~~~~~~"}, {"userName": "\u5929\u884c\u547d", "userReviewDate": "2018-05-23", "userURL": "http://user.17k.com/57805613", "userReview": "\u8d60\u82b1\u652f\u6301\uff0c\u6536\u4e86\u6162\u6162\u770b\u3002"}, {"userName": "\u572d\u65e9", "userReviewDate": "2018-05-13", "userURL": "http://user.17k.com/57101967", "userReview": "\u52a0\u6cb9\uff0c\u5982\u679c\u4e0d\u5199\u5230\u6700\u540e\uff0c\u662f\u4e0d\u77e5\u9053\u81ea\u5df1\u4f1a\u6210\u795e\u8fd8\u662f\u6251\u8857\u3002"}, {"userName": "\u65e0\u5fc3\u66fc\u9640\u7f57", "userReviewDate": "2018-05-11", "userURL": "http://user.17k.com/57482646", "userReview": "\u4e0d\u9519"}, {"userName": "\u591c\u9b45\u661f\u8fb0\u672c\u5c0a", "userReviewDate": "2018-04-13", "userURL": "http://user.17k.com/15601070", "userReview": "\u9001\u5927\u5927\u4e00\u6735\u5c0f\u82b1hua"}], "description": "\u4e00\u4e2a\u666e\u901a\u4eba\uff0c\u662f\u600e\u4e48\u6210\u4e3a\u4e07\u9b3c\u4e4b\u4e3b\u7684\uff1f\u4ed6\u7a76\u7adf\u7ecf\u5386\u4e86\u4ec0\u4e48\uff0c\u6697\u9ed1\u5723\u6218\uff1f\u9ed1\u8272\u761f\u75ab\uff1f\u4e0e\u4f7f\u5f92\u7684\u6218\u4e89\u4e2d\u4ed6\u53d1\u73b0\u4e86\u4ec0\u4e48\u4e0d\u53ef\u544a\u4eba\u7684\u79d8\u5bc6\uff1f\u4e24\u767e\u5e74\u540e\u4ed6\u91cd\u73b0\u4eba\u95f4\u4e3a\u4f55\u8fd8\u662f\u5c11\u5e74\u6a21\u6837\uff1f\u8fd9\u662f\u4e00\u4e2a\u8131\u79bb\u4e8e\u6e38\u620f\u5267\u60c5\u4e4b\u5916\uff0c\u4e00\u4e2a\u5251\u5ba2\u7684\u6545\u4e8b\u3002", "title": "\u9b3c\u795e\u4e4b\u4e3b", "url": "http://www.17k.com/book/2810083.html", "average": -1.0, "cover": "http://img.17k.com/images/bookcover/2018/14050/70/2810083-1527051298000.jpg", "reviews": 1193, "authors": [{"url": "http://www.17k.com/zuozhe/61025054", "name": "\u6e1d\u4ea1"}], "type": ["\u6e38\u620f\u5f02\u754c"], "outlinks": ["http://www.17k.com/book/2794982.html", "http://www.17k.com/book/2801292.html", "http://www.17k.com/book/2816318.html", "http://www.17k.com/book/2797575.html", "http://www.17k.com/book/2802516.html", "http://www.17k.com/book/2812195.html", "http://www.17k.com/book/2820143.html", "http://www.17k.com/book/2807943.html", "http://www.17k.com/book/2813457.html", "http://www.17k.com/book/2798058.html", "http://www.17k.com/book/2815617.html", "http://www.17k.com/book/2805259.html", "http://www.17k.com/book/2760255.html", "http://www.17k.com/book/2686894.html", "http://www.17k.com/book/2797016.html", "http://www.17k.com/book/2767246.html", "http://www.17k.com/book/2764239.html", "http://www.17k.com/book/2754498.html", "http://www.17k.com/book/2754900.html", "http://www.17k.com/book/2625740.html", "http://www.17k.com/book/2213315.html", "http://www.17k.com/book/2402178.html", "http://www.17k.com/book/2691221.html", "http://www.17k.com/book/2210699.html", "http://www.17k.com/book/1797752.html", "http://www.17k.com/book/2575507.html", "http://www.17k.com/book/2705181.html", "http://www.17k.com/book/2702539.html", "http://www.17k.com/book/2474887.html", "http://www.17k.com/book/2674733.html", "http://www.17k.com/book/2822076.html", "http://www.17k.com/book/2809894.html", "http://www.17k.com/book/2822077.html", "http://www.17k.com/book/2811930.html", "http://www.17k.com/book/2815548.html", "http://www.17k.com/book/2819620.html", "http://www.17k.com/book/2809964.html", "http://www.17k.com/book/2808200.html", "http://www.17k.com/book/2820100.html", "http://www.17k.com/book/2822978.html", "http://www.17k.com/book/2804337.html", "http://www.17k.com/book/2798814.html", "http://www.17k.com/book/2785153.html", "http://www.17k.com/book/2731559.html", "http://www.17k.com/book/2722533.html", "http://www.17k.com/book/2458377.html", "http://www.17k.com/book/2743300.html", "http://www.17k.com/book/973809.html", "http://www.17k.com/book/2651367.html", "http://www.17k.com/book/2726194.html", "http://www.17k.com/book/2790214.html", "http://www.17k.com/book/493239.html", "http://www.17k.com/book/108821.html", "http://www.17k.com/book/1398783.html", "http://www.17k.com/book/83528.html", "http://www.17k.com/book/1859126.html", "http://www.17k.com/book/1741975.html", "http://www.17k.com/book/192453.html", "http://www.17k.com/book/2459058.html", "http://www.17k.com/book/1050747.html", "http://www.17k.com/book/2700315.html", "http://www.17k.com/book/2818940.html", "http://www.17k.com/book/2819519.html", "http://www.17k.com/book/2816390.html", "http://www.17k.com/book/2819588.html", "http://www.17k.com/book/2813768.html", "http://www.17k.com/book/2822406.html", "http://www.17k.com/book/2772164.html", "http://www.17k.com/book/2784023.html", "http://www.17k.com/book/2811877.html", "http://www.17k.com/book/2809119.html", "http://www.17k.com/book/2803700.html", "http://www.17k.com/book/2819561.html", "http://www.17k.com/book/2746506.html", "http://www.17k.com/book/2811836.html", "http://www.17k.com/book/2614810.html", "http://www.17k.com/book/1592435.html", "http://www.17k.com/book/1949748.html", "http://www.17k.com/book/2265802.html", "http://www.17k.com/book/2743240.html", "http://www.17k.com/book/2657437.html", "http://www.17k.com/book/2644502.html", "http://www.17k.com/book/2199900.html", "http://www.17k.com/book/2725436.html", "http://www.17k.com/book/2629978.html"]}