{"ratings": -1, "userreviews": [{"userName": "\u6e6e\u706d\u7684\u627f\u8bfa", "userReviewDate": "2015-02-06", "userURL": "http://user.17k.com/11424990", "userReview": "\u5404\u4f4d\u770b\u5b98~\u65e0\u826f\u4f5c\u8005\u5728\u8fd9\u91cc\u5411\u5404\u4f4d\u63a8\u8350\u51e0\u90e8\u597d\u57fa\u53cb\u4eec\u7684\u6587\u6587~<a target='_blank' href='http://www.17k.com/book/1037702.html'>\u300a\u5f03\u5987\u95e8\u524d\u6843\u82b1\u591a\u300b</a>\u4e00\u542c\u4e66\u540d\u5c31\u6b22\u8131\u54c8\uff0c<a target='_blank' href='http://www.17k.com/book/1061942.html'>\u300a\u51f0\u540e\u4e07\u4e07\u5c81\u300b</a>\u4e0d\u591a\u8bf4\uff0c\u559c\u6b22\u5973\u5f3a\u7684\u6233\u8fdb\u6765\uff0c<a target='_blank' href='http://www.17k.com/book/1039841.html'>\u300a\u51f0\u6b4c\u300b</a>\u6b64\u57fa\u53cb\u5f02\u5e38\u9738\u6c14\uff0c<a target='_blank' href='http://www.17k.com/book/1046986.html'>\u300a\u51b7\u59bb\u96be\u8ffd\uff1a\u7a88\u7a95\u76f8\u516c\u8ddf\u6211\u8d70\u300b</a>\u54df\u54df\uff0c\u7a88\u7a95\u76f8\u516c\u8ddf\u6211\u8d70...<a target='_blank' href='http://www.17k.com/book/1036315.html'>\u300a\u6d45\u5531\u6881\u6b4c\u300b</a>\u6587\u6587\u7ec6\u817b\u59d4\u5a49\uff0c\u4f73\u4f5c\u7684\u601d\u5bc6\u8fbe\uff0c<a target='_blank' href='http://www.17k.com/book/1057355.html'>\u300a\u51b7\u540e\u8c0b\u6743\u300b</a>\u51b7\u540e\u5d1b\u8d77\uff0c\u6545\u4e8b\u7cbe\u5f69\uff0c\u5feb\u6233\u5feb\u6233\uff0c<a target='_blank' href='http://www.17k.com/book/1039586.html'>\u300a\u91cd\u751f\u4e4b\u7edd\u54c1\u5546\u5973\u300b</a>\u7231\u91cd\u751f\uff0c\u7231\u5973\u5f3a\uff0c\u90a3\u5c31\u731b\u6233\uff0c<a target='_blank' href='http://www.17k.com/book/1043604.html'>\u300a\u738b\u7237\uff0c\u79bb\u5a5a\u8bf7\u7b7e\u5b57\u300b</a>\u7eb8\u5f20\u4e00\u7529\uff0c\u9738\u6c14\u4fa7\u6f0f\uff0c\u90fd\u6233\u90fd\u6233\uff0c\u5feb..."}, {"userName": "\u674e\u65e0\u547d", "userReviewDate": "2017-11-25", "userURL": "http://user.17k.com/57024055", "userReview": "\u5927\u5927\u5199\u5f97\u771f\u597d\uff0c<a target='_blank' href='http://www.17k.com/book/2654528.html'>\u300a\u51a5\u5929\u697c\u300b</a>\u524d\u6765\u62dc\u8bfb\uff0c\u795d\u541b\u6587\u624d\u98de\u626c\uff0c\u8d8a\u5199\u8d8a\u597d"}, {"userName": "\u674e\u65e0\u547d", "userReviewDate": "2017-10-26", "userURL": "http://user.17k.com/57024055", "userReview": "\u643a\u521d\u4f5c<a target='_blank' href='http://www.17k.com/book/2654528.html'>\u300a\u51a5\u5929\u697c\u300b</a>\u5230\u8bbf\uff0c\u6c42\u5927\u5927\u6307\u70b9..."}, {"userName": "\u6175\u61d2.439082514", "userReviewDate": "2017-08-08", "userURL": "http://user.17k.com/56087191", "userReview": "<span style='color:red'>\u9898\u76ee\u4e0d\u8981\u592a\u957f\uff0c\u7b80\u5355\u6982\u62ec\u5c31\u597d\u5566&middot;</span>"}, {"userName": "\u9646\u6653\u75af", "userReviewDate": "2017-07-22", "userURL": "http://user.17k.com/14776216", "userReview": "<a target='_blank' href='http://www.17k.com/book/2410552.html'>\u300a\u76d7\u4ed9\u8bb0\u300b</a>\u5b66\u4e60\u4e86\u3002"}, {"userName": "\u5b66\u4e0d\u574f\u600e\u4e48\u529e", "userReviewDate": "2017-03-13", "userURL": "http://user.17k.com/53972931", "userReview": "<a target='_blank' href='http://www.17k.com/book/2410790.html'>\u300a\u4e5d\u51e4\u64d2\u9f99\u300b</a>\u5fc3\u82e5\u9042\uff0c\u9f99\u809d\u4e0b\u9152\u5bb4\u8bf8\u541b\uff01"}, {"userName": "\u516c\u5b59\u7b71\u4f9d", "userReviewDate": "2017-02-28", "userURL": "http://user.17k.com/50423221", "userReview": "\u627f\u8bfa\u7684\u4e66\u5b8c\u7ed3\u4e86\u5417\uff1f\u597d\u5feb\u554a\uff01\u5199\u65b0\u4e66\u8bb0\u5f97\u53d1\u4e2a\u516c\u544a\uff0c\u7ee7\u7eed\u652f\u6301\uff01\uff01"}, {"userName": "\u864e\u671d\u6656NO1", "userReviewDate": "2017-02-16", "userURL": "http://user.17k.com/52542773", "userReview": "\u643a<a target='_blank' href='http://www.17k.com/book/2387747.html'>\u300a\u53e4\u9f99\u6b8b\u4e66\u300b</a>\u524d\u6765\u62dc\u8bbf\u54e6\uff01"}, {"userName": "\u6b22\u8584", "userReviewDate": "2017-02-16", "userURL": "http://user.17k.com/48323339", "userReview": "\u65e9\u4e0a\u597d\uff0c\u9001\u82b1\u652f\u6301(\u2267\u25bd\u2266)"}, {"userName": "\u4f59\u6298\u65e0\u56de", "userReviewDate": "2017-02-15", "userURL": "http://user.17k.com/52421375", "userReview": "\u665a\u5b89\uff5e\u65e0\u56de\u6765\u8bbf\uff0c\u52a0\u6cb9\u2714\u0669(\u2022\u0324\u0300\u1d55\u2022\u0324\u0301\u0e51)\u1d4e\u1d4e"}, {"userName": "\u4f59\u6298\u65e0\u56de", "userReviewDate": "2017-02-12", "userURL": "http://user.17k.com/52421375", "userReview": "\u65e9\u5b89\uff5e\u6211\u662f\u7b2c\u4e00\u4e2a(\u0e51\u2022\u0300\u3142\u2022\u0301)\u0648\u2727"}, {"userName": "JULYBLUEKITE", "userReviewDate": "2017-02-11", "userURL": "http://user.17k.com/51679381", "userReview": "\u51ac\u6995\u524d\u6765\u62dc\u8bbf\u5927\u5927\uff0c\u5927\u5927\u5143\u5bb5\u8282\u5feb\u4e50\uff01\u5b89\u5229\u6211\u7684<a target='_blank' href='http://www.17k.com/book/2275451.html'>\u300a\u795e\u9b54\u9189\u7ea2\u5c18\u300b</a>"}, {"userName": "\u5984\u60f3\u75c7\u60a3\u8005575111924", "userReviewDate": "2017-02-10", "userURL": "http://user.17k.com/52211420", "userReview": "<a target='_blank' href='http://www.17k.com/book/2366413.html'>\u300a\u53ea\u624b\u672a\u6765\u300b</a>\u6765\u8bbf"}, {"userName": "\u5343\u58a8\u5f71", "userReviewDate": "2017-02-09", "userURL": "http://user.17k.com/51861537", "userReview": "<a target='_blank' href='http://www.17k.com/book/2301661.html'>\u300a\u4f17\u795e\u4e3a\u654c\u300b</a>\u6765\u8bbf\uff0c\u6c42\u6492\u82b1\uff0c\u6253\u8d4f\uff0c\u6536\u85cf\uff0c\u8bc4\u8bba\u3002\u53e4\u795e\uff1a&quot;\u6ca1\u9519\uff0c\u6211\u5c31\u662f\u574f\u7684\u96c6\u5408\u4f53\uff0c\u6211\u5c31\u662f\u6b8b\u66b4\u4e0d\u4ec1\uff0c\u81ea\u79c1\u81ea\u5229\u3002\u8fd9\u5929\u4e0b\u559c\u6b22\u7684\u4e8b\u7269\uff0c\u6211\u90fd\u8981\u6cbe\u4e3a\u5df2\u6709\uff0c\u65e0\u7528\u7684\u4eba\u6211\u90fd\u8981\u5c60\u5c3d\u6740\u7edd\u3002\u4ec0\u4e48\u795e\uff0c\u4ec0\u4e48\u9b54\uff0c\u6709\u672c\u4e8b\u5c31\u6eda\u51fa\u6765\uff0c\u7ad9\u5728\u6211\u9762\u524d\u3002&quot;"}, {"userName": "\u6c34\u58a8\u6021\u4eba", "userReviewDate": "2017-02-09", "userURL": "http://user.17k.com/52631894", "userReview": "\u5927\u5927\u52a0\u6cb9<a target='_blank' href='http://www.17k.com/book/2341584.html'>\u300a\u7a7f\u8d8a\u4e4b\u6444\u653f\u51b7\u738b\u503e\u57ce\u51b7\u5983\u300b</a>\u6765\u8bbf"}, {"userName": "\u523a\u732c\u963f\u59e8", "userReviewDate": "2017-02-08", "userURL": "http://user.17k.com/52543138", "userReview": "<a target='_blank' href='http://www.17k.com/book/2332276.html'>\u300aBOSS\u5927\u4eba\u592a\u96be\u7f20\u300b</a>\u6765\u8bbf\uff01\u5927\u5927\u6587\u7b14\u771f\u7684\u5f88\u68d2\uff01\u5feb\u66f4\u65b0\u5440\uff01"}, {"userName": "\u4f59\u6298\u65e0\u56de", "userReviewDate": "2017-02-08", "userURL": "http://user.17k.com/52421375", "userReview": "\u7b2c\u4e00\u6b21\u89c1\u8fd9\u4e48\u65b0\u5947\u7684\u7ae0\u8282\u540d\uff0c\u770b\u7740\u5927\u5927\u7684\u6b63\u6587\u6587\uff0c\u6211\u6210\u529f\u7b11\u54ed!\u611f\u89c9\u597d\u591a\u8bcd\u53e5\u8d85\u7f8e\uff0c\u4f46\u662f\u7136\u5e76\u6ca1\u6709\u770b\u61c2\u3002(\u0e51\u2022\u0300\u3142\u2022\u0301)\u0648\u2727"}, {"userName": "\u9c7c\u4e38\u516c\u4e3e", "userReviewDate": "2017-02-07", "userURL": "http://user.17k.com/53186822", "userReview": "\u597d\u4e66\u9700\u5171\u4eab\uff0c\u9c7c\u4e38\u516c\u4e3e\u643a<a target='_blank' href='http://www.17k.com/book/2377221.html'>\u300a\u7a7f\u8d8a\u7684\u51e4\u51f0\u516c\u4e3e\u300b</a>\u524d\u6765\u62dc\u8bbf~\u5927\u5927\u5199\u7684\u5f88\u68d2\u68d2\u5594\uff0c\u5f88\u7cbe\u5f69~"}, {"userName": "\u4f59\u6298\u65e0\u56de", "userReviewDate": "2017-02-07", "userURL": "http://user.17k.com/52421375", "userReview": "\u5927\u5927\u4f5c\u54c1\u5df2\u5728\u56ca\u4e2d\uff5e<a target='_blank' href='http://www.17k.com/book/2371820.html'>\u300a\u532a\u6c14\u6a2a\u751f\uff1a\u738b\u7684\u7b2c\u4e00\u9b54\u5973\u300b</a>\u62dc\u8bbf(\u25cd &acute;\ua4b3` \u25cd)\u5348\u5b89\u3002"}, {"userName": "\u7af9\u96e8\u6f2b\u6b65", "userReviewDate": "2017-02-06", "userURL": "http://user.17k.com/52903590", "userReview": "\u65b0\u4eba\u643a<a target='_blank' href='http://www.17k.com/book/2363863.html'>\u300a\u7389\u589f\u300b</a>\u6765\u8bbf\uff0c\u5927\u5927\u5199\u5f97\u771f\u597d\uff0c\u5b66\u4e60\u4e2d\uff0c\u5df2\u6536\u85cf\uff01"}], "description": "\u8c01\u4e0d\u77e5\u9053\u7687\u4f4d\u662f\u8fd9\u5929\u5e95\u4e0b\u6700\u597d\u7684\u4e1c\u897f\uff0c\u53ef\u8fd9\u594b\u6597\u62a2\u7687\u4f4d\u5374\u662f\u5929\u5e95\u4e0b\u6700\u96be\u505a\u7684\u52fe\u5f53\u3002\u3000\u3000\u6709\u4eba\u7ea6\u5979\u4e00\u5757\u513f\u62a2\u7687\u4f4d\uff1f\u3000\u3000\u5509\uff01\u8fd9\u5de5\u4f5c\u7740\u5b9e\u662f\u592a\u5371\u9669\u4e86\u4e9b\uff0c\u82e5\u62a2\u4e0d\u7740\u7687\u4f4d\u5f97\u8ddf\u7740\u4e00\u5757\u5012\u9709\uff0c\u82e5\u62a2\u7740\u4e86\u7687\u4f4d\u8fd8\u5f97\u5c0f\u5fc3\u81ea\u4e2a\u5012\u9709\uff0c\u518d\u52a0\u4e0a\u540e\u5bab\u5ad4\u5983\u4e09\u5343\uff0c\u4e00\u4e0d\u6ce8\u610f\uff0c\u4e00\u4e0b\u5b50\u5c31\u8db4\u7a9d\u4e86\u3002\u3000\u3000\u5f97\uff0c\u8fd8\u662f\u514d\u4e86\u5427\u3002\u3000\u3000\u518d\u8bf4\u8fd9\u751f\u6d3b\u5728\u53e4\u4ee3\uff0c\u5979\u8fd8\u5fc5\u987b\u61c2\u5f97\u600e\u4e48\u628a\u63e1\u81ea\u4e2a\u547d\u8fd0\uff0c\u8fd9\u8ba8\u597d\u6709\u80fd\u529b\u7684\u4e0a\u53f8\u5c31\u662f\u5fc5\u4fee\u8bfe\u7a0b\uff0c\u8981\u6210\u529f\u4e86\uff0c\u8fd9\u5c41\u80a1\u4e5f\u80fd\u8ddf\u7740\u62ac\u4e00\u62ac\uff0c\u5347\u4e2a\u804c\u4ec0\u4e48\u7684\uff0c\u53ef\u5982\u679c\u9006\u6765\u987a\u53d7\u7684\uff0c\u90a3\u79bb\u4f4d\u5217\u4ed9\u73ed\u4e5f\u4e0d\u8fdc\u4e86\u3002\u3000\u3000\u53ef\u8981\u82e5\u662f\u80fd\u628a\u4e0a\u53f8\u53d1\u5c55\u6210\u5bf9\u8c61\uff0c\u90a3\u5c82\u6b62\u662f\u62ac\u4e2a\u5c41\u80a1\uff1f", "title": "\u9b3c\u9762\u592b\u541b\u72c2\u5984\u59bb", "url": "http://www.17k.com/book/1063132.html", "average": -1.0, "cover": "http://img.17k.com/images/bookcover/2015/5315/26/1063132-1423454353000.jpg", "reviews": 1881254, "authors": [{"url": "http://www.17k.com/zuozhe/11424990", "name": "\u6e6e\u706d\u7684\u627f\u8bfa"}], "type": ["\u7a7f\u8d8a\u65f6\u7a7a"], "outlinks": ["http://www.17k.com/book/2794982.html", "http://www.17k.com/book/2801292.html", "http://www.17k.com/book/2816318.html", "http://www.17k.com/book/2797575.html", "http://www.17k.com/book/2802516.html", "http://www.17k.com/book/2812195.html", "http://www.17k.com/book/2820143.html", "http://www.17k.com/book/2807943.html", "http://www.17k.com/book/2813457.html", "http://www.17k.com/book/2798058.html", "http://www.17k.com/book/2815617.html", "http://www.17k.com/book/2805259.html", "http://www.17k.com/book/2760255.html", "http://www.17k.com/book/2686894.html", "http://www.17k.com/book/2797016.html", "http://www.17k.com/book/2767246.html", "http://www.17k.com/book/2764239.html", "http://www.17k.com/book/2754498.html", "http://www.17k.com/book/2754900.html", "http://www.17k.com/book/2625740.html", "http://www.17k.com/book/2213315.html", "http://www.17k.com/book/2402178.html", "http://www.17k.com/book/2691221.html", "http://www.17k.com/book/2210699.html", "http://www.17k.com/book/1797752.html", "http://www.17k.com/book/2575507.html", "http://www.17k.com/book/2705181.html", "http://www.17k.com/book/2702539.html", "http://www.17k.com/book/2474887.html", "http://www.17k.com/book/2674733.html", "http://www.17k.com/book/2822076.html", "http://www.17k.com/book/2809894.html", "http://www.17k.com/book/2822077.html", "http://www.17k.com/book/2811930.html", "http://www.17k.com/book/2815548.html", "http://www.17k.com/book/2819620.html", "http://www.17k.com/book/2809964.html", "http://www.17k.com/book/2808200.html", "http://www.17k.com/book/2820100.html", "http://www.17k.com/book/2822978.html", "http://www.17k.com/book/2804337.html", "http://www.17k.com/book/2798814.html", "http://www.17k.com/book/2785153.html", "http://www.17k.com/book/2731559.html", "http://www.17k.com/book/2722533.html", "http://www.17k.com/book/2458377.html", "http://www.17k.com/book/2743300.html", "http://www.17k.com/book/973809.html", "http://www.17k.com/book/2651367.html", "http://www.17k.com/book/2726194.html", "http://www.17k.com/book/2790214.html", "http://www.17k.com/book/493239.html", "http://www.17k.com/book/108821.html", "http://www.17k.com/book/1398783.html", "http://www.17k.com/book/83528.html", "http://www.17k.com/book/1859126.html", "http://www.17k.com/book/1741975.html", "http://www.17k.com/book/192453.html", "http://www.17k.com/book/2459058.html", "http://www.17k.com/book/1050747.html", "http://www.17k.com/book/2700315.html", "http://www.17k.com/book/2818940.html", "http://www.17k.com/book/2819519.html", "http://www.17k.com/book/2816390.html", "http://www.17k.com/book/2819588.html", "http://www.17k.com/book/2813768.html", "http://www.17k.com/book/2822406.html", "http://www.17k.com/book/2772164.html", "http://www.17k.com/book/2784023.html", "http://www.17k.com/book/2811877.html", "http://www.17k.com/book/2809119.html", "http://www.17k.com/book/2803700.html", "http://www.17k.com/book/2819561.html", "http://www.17k.com/book/2746506.html", "http://www.17k.com/book/2811836.html", "http://www.17k.com/book/2614810.html", "http://www.17k.com/book/1592435.html", "http://www.17k.com/book/1949748.html", "http://www.17k.com/book/2265802.html", "http://www.17k.com/book/2743240.html", "http://www.17k.com/book/2657437.html", "http://www.17k.com/book/2644502.html", "http://www.17k.com/book/2199900.html", "http://www.17k.com/book/2725436.html", "http://www.17k.com/book/2629978.html"]}