{"ratings": -1, "userreviews": [{"userName": "sivbnebk", "userReviewDate": "2018-04-22", "userURL": "http://user.17k.com/60351590", "userReview": "&nbsp; \u9668\u9704 &nbsp;\u9b3c\u795f\u4f5b\u9014 &nbsp;"}, {"userName": "\u971c\u534e\u672a\u67d3\u76f8\u601d\u957f", "userReviewDate": "2018-04-03", "userURL": "http://user.17k.com/58211471", "userReview": "\u597d\u68d2\uff0c\u50ac\u66f4\u256d(\u256f^\u2570)\u256e"}, {"userName": "\u4e03\u4e03\u5c45\u58eb", "userReviewDate": "2018-03-20", "userURL": "http://user.17k.com/49673469", "userReview": "<a target='_blank' href='http://www.17k.com/book/2792619.html'>\u300a\u719f\u5973\u7684\u54c1\u683c\u300b</a>\u6765\u8bbf\u652f\u6301"}, {"userName": "\u7b71\u7b71\u7b71\u7b71\u5f71", "userReviewDate": "2018-03-19", "userURL": "http://user.17k.com/49325577", "userReview": "<a target='_blank' href='http://www.17k.com/book/2670624.html'>\u300a\u7f6a\u7f5a\u56e0\u679c\u300b</a>\u6765\u8bbf\u652f\u6301&nbsp;"}, {"userName": "\u4e3a\u6211\u505c\u7559", "userReviewDate": "2018-02-07", "userURL": "http://user.17k.com/23015616", "userReview": "\u7ec8\u4e8e\u7b49\u5230\u66f4\u65b0\u4e86\uff01"}, {"userName": "\u4e3a\u6211\u505c\u7559", "userReviewDate": "2018-02-06", "userURL": "http://user.17k.com/23015616", "userReview": "\u5927\u5927\uff0c\u600e\u4e48\u65ad\u66f4\u4e86\uff1f\u96be\u9053\u5f00\u59cb\u653e\u5e74\u5047\u4e86\u5417&#55357;&#56876;&#55357;&#56876;&#55357;&#56876;"}, {"userName": "\u971c\u534e\u672a\u67d3\u76f8\u601d\u957f", "userReviewDate": "2018-01-20", "userURL": "http://user.17k.com/58211471", "userReview": "\u5927\u5927\uff0c\u4f60\u548b\u8fd8\u6ca1\u6709\u66f4\u65b0\u561e&#55357;&#56877;&#55357;&#56877;&#55357;&#56877;"}, {"userName": "\u5ca9\u6cca", "userReviewDate": "2018-01-05", "userURL": "http://user.17k.com/52703967", "userReview": "\u6587\u7b14\u771f\u597d\uff0c\u65e9\u65e5\u6210\u795e\uff01<a target='_blank' href='http://www.17k.com/book/2388836.html'>\u300a\u7fa3\u4ed9\u9b54\u5f71\u300b</a><a target='_blank' href='http://www.17k.com/book/2347646.html'>\u300a\u7f8e\u4e3d\u65e0\u754c\u300b</a>\u6765\u8bbf\uff0c\u6b22\u8fce\u60a8\u524d\u53bb\u6e9c\u8fbe\u6e9c\u8fbe"}, {"userName": "\u971c\u534e\u672a\u67d3\u76f8\u601d\u957f", "userReviewDate": "2018-01-04", "userURL": "http://user.17k.com/58211471", "userReview": "\u4f5c\u8005\u5927\u5927\u8981\u65f6\u523b\u8bb0\u5f97\uff0c\u6709\u8bfb\u8005\u5728\u7b49\u4f60\u66f4\u6587&#55358;&#56600;&#55358;&#56600;&#55358;&#56600;&#55358;&#56600;"}, {"userName": "\u971c\u534e\u672a\u67d3\u76f8\u601d\u957f", "userReviewDate": "2018-01-04", "userURL": "http://user.17k.com/58211471", "userReview": "\u679c\u7136\u4e00\u7269\u964d\u4e00\u7269\u54c8&#55357;&#56842;"}, {"userName": "\u8056\u60c5", "userReviewDate": "2018-01-04", "userURL": "http://user.17k.com/51569954", "userReview": "\u4e2d\u5348\u597d\uff0c\u770b\u4e66\u652f\u6301\uff01"}, {"userName": "\u971c\u534e\u672a\u67d3\u76f8\u601d\u957f", "userReviewDate": "2018-01-03", "userURL": "http://user.17k.com/58211471", "userReview": "\u7ee7\u7eed\u50ac\u66f4\uff01\uff01\uff01"}, {"userName": "17K\u4e66\u53cbo462mlvl", "userReviewDate": "2018-01-02", "userURL": "http://user.17k.com/57295403", "userReview": "[\u6253\u8d4f]\u6211\u6253\u8d4f\u4e862\u5143\u7ea2\u5305\uff01\uff01"}, {"userName": "\u971c\u534e\u672a\u67d3\u76f8\u601d\u957f", "userReviewDate": "2018-01-02", "userURL": "http://user.17k.com/58211471", "userReview": "\u50ac\u66f4\uff01 \u50ac\u66f4\uff01 \u50ac\u66f4\uff01 \u91cd\u8981\u7684\u4e8b\u8bf4\u4e09\u904d\uff01&#55358;&#56596;&#55358;&#56596;&#55358;&#56596;&#55358;&#56596;"}, {"userName": "\u98de\u96ea\u4e71\u6e05\u98ce", "userReviewDate": "2017-12-22", "userURL": "http://user.17k.com/45159154", "userReview": "<a target='_blank' href='http://www.17k.com/book/2677053.html'>\u300a\u9b54\u5984\u300b</a>\u6765\u8bbf\uff0c\u5348\u597d\uff0c\u5fae\u51c9\uff0c\u51ac\u81f3\u5feb\u4e50"}, {"userName": "\u672a\u6765\u8001\u9f20", "userReviewDate": "2017-11-30", "userURL": "http://user.17k.com/46396493", "userReview": "\u55f7\u55f7\uff0c\u5f88\u7ec6\u817b\uff0c\u5f88\u597d\u770b\uff0c\u559c\u6b22\u5927\u5927\u7684\u6587\u98ce<a target='_blank' href='http://www.17k.com/book/2725309.html'>\u300a\u534a\u7c73\u9633\u5149\u84dd\u5c71\u5357\u300b</a>\u6765\u8bbf"}, {"userName": "\u674e\u65e0\u547d", "userReviewDate": "2017-10-31", "userURL": "http://user.17k.com/57024055", "userReview": "\u5927\u5927\u5199\u5f97\u771f\u597d\uff0c<a target='_blank' href='http://www.17k.com/book/2654528.html'>\u300a\u51a5\u5929\u697c\u300b</a>\u6765\u770b\u4e66\uff0c\u76fc\u56de\u8bbf\u2026"}, {"userName": "\u533f\u540dE7CC36", "userReviewDate": "2017-09-21", "userURL": "http://user.17k.com/43712707", "userReview": "<a target='_blank' href='http://www.17k.com/book/2650425.html'>\u300a\u82cd\u7a79\u4ed9\u9646\u300b</a>\u6765\u8bbf\uff0c\u652f\u6301\uff0c\u52a0\u6cb9<a target='_blank' href='http://user.17k.com/55320913'>@\u590f\u591c\u5fae\u51c9m</a>"}, {"userName": "\u4ed9\u5251\u95f2\u804a", "userReviewDate": "2017-09-16", "userURL": "http://user.17k.com/54176507", "userReview": "<a target='_blank' href='http://www.17k.com/book/2651970.html'>\u300a\u7231\u662f\u6f2b\u957f\u7684\u7b49\u5f85\u300b</a>\u6765\u8bbf\u5df2\u6536\u85cf\uff0c\u671b\u56de\u8bbf\uff0c\u76f8\u4e92\u6536\u85cf\uff0c\u76f8\u4e92\u652f\u6301\uff0c\u52a0\u6cb9\u3002"}, {"userName": "\u6d41\u6d6a\u8005m", "userReviewDate": "2017-08-24", "userURL": "http://user.17k.com/49016075", "userReview": "<a target='_blank' href='http://www.17k.com/book/2637501.html'>\u300a\u4e0d\u6b7b\u57df\u300b</a>\u6765\u8bbf\uff0c\u4e66\u4ee5\u6536\u85cf\uff0c\u5e0c\u671b\u56de\u8bbf\u3002"}], "description": "\u82cf\u4e54\u8ddf\u987e\u5ead\u6df1\u5728\u4e00\u8d77\u4e24\u5e74\uff0c\u4ece\u4e0d\u7231\u5230\u7231\u7684\u4f24\u7b4b\u52a8\u9aa8\uff0c\u5374\u4f9d\u65e7\u9003\u8131\u4e0d\u4e86\u5206\u624b\u7684\u547d\u8fd0\u3002\u3000\u3000\u4e0d\u662f\u6240\u6709\u7684\u7231\u60c5\u6700\u7ec8\u90fd\u80fd\u4fee\u6210\u6b63\u679c\uff0c\u4e5f\u6709\u4e9b\u7231\u60c5\u662f\u4fd7\u6c14\u7684\u7ecf\u4e0d\u4f4f\u95e8\u7b2c\u4e4b\u89c1\u7684\u3002\u3000\u3000\u5206\u624b\u662f\u82cf\u4e54\u63d0\u51fa\u6765\u7684\uff0c\u5728\u88ab\u4ed6\u7684\u6bcd\u4eb2\u5c06\u5979\u5168\u5bb6\u4eba\u5305\u62ec\u5979\u90fd\u7f9e\u8fb1\u4e86\u4e00\u904d\u4e4b\u540e\u3002\u3000\u3000\u4ed6\u6bcd\u4eb2\u8bf4\uff0c\u5979\u7236\u6bcd\u53cc\u4ea1\uff0c\u6240\u4ee5\u5979\u8fd9\u6837\u7f3a\u4e4f\u6559\u517b\u3002\u3000\u3000\u4ed6\u6bcd\u4eb2\u8bf4\uff0c\u5979\u5144\u957f\u5750\u7262\uff0c\u5979\u4e00\u4e2a\u52b3\u6539\u72af\u7684\u59b9\u59b9\u914d\u4e0d\u4e0a\u4f18\u79c0\u5b8c\u7f8e\u7684\u4ed6\u3002\u3000\u3000\u4ed6\u6bcd\u4eb2\u8bf4\uff0c\u5979\u9762\u76f8\u72d0\u5a9a\uff0c\u9664\u4e86\u52fe\u5f15\u7537\u4eba\u518d\u6ca1\u6709\u522b\u7684\u672c\u4e8b\u4e86\u3002\u3000\u3000\u82cf\u4e54\u5206\u624b\u7684\u4ee3\u4ef7\u633a\u4e25\u91cd\u7684\uff0c\u7528\u5dee\u70b9\u5272\u65ad\u81ea\u5df1\u624b\u8155\u52a8\u8109\u7684\u51b3\u7edd\u65b9\u5f0f\u3002\u3000\u3000\u987e\u5ead\u6df1\u76ee\u5149\u9634\u9e37\u5730\u77aa\u7740\u5b81\u80af\u6b7b\u4e5f\u8981\u79bb\u5f00\u4ed6\u7684\u5979\uff1a\u3000\u3000\u6eda\uff01\u3000\u3000\u80fd\u6eda\u591a\u8fdc\u5c31\u6eda\u591a\u8fdc\uff01\u6eda\u4e86\u5c31\u6c38\u8fdc\u90fd\u4e0d\u8981\u56de\u6765\uff0c\u6c38\u8fdc\u4e5f\u4e0d\u8981\u518d\u51fa\u73b0\u5728\u6211\u9762\u524d\uff01\u3000\u3000\u5979\u7b11\u7684\u8f7b\u677e\u723d\u5feb\uff1a\u3000\u3000\u653e\u5fc3\u5427\u987e\u5148\u751f\uff0c\u6211\u4f1a\u6eda\u7684\u5f88\u8fdc\u5f88\u8fdc\u7684\u3002\u3000\u3000\u4e09\u5e74\u540e\u5979\u8fd8\u662f\u5fcd\u4e0d\u4f4f\u56de\u6765\u4e86\uff0c\u56e0\u4e3a\u5979\u7684\u6839\u5728\u8fd9\u91cc\u554a\u3002\u3000\u3000\u539f\u672c\u4ee5\u4e3a\u4e09\u5e74\u7684\u65f6\u95f4\u4ed6\u65e9\u5c31\u8ddf\u522b\u7684\u5973\u4eba\u751f\u513f\u80b2\u5973\u4e86\uff0c\u53ef\u8c01\u77e5\u56de\u6765\u6ca1\u51e0\u5929\u5c31\u88ab\u67d0\u4e2a\u7537\u4eba\u76ef\u4e0a\u4e86\uff0c\u8eab\u4e3a\u522b\u4eba\u7684\u672a\u5a5a\u592b\uff0c\u4ed6\u8fd9\u6837\u4e09\u756a\u4e94\u6b21\u7684\u51fa\u5165\u5979\u7684\u4f4f\u6240\uff0c\u662f\u4e0d\u662f\u4e0d\u592a\u5408\u9002\uff1f", "title": "\u9c9c\u5a5a\u871c\u7231", "url": "http://www.17k.com/book/2507572.html", "average": -1.0, "cover": "http://img.17k.com/images/bookcover/2017/12537/62/2507572-1497515989000.jpg", "reviews": 42285, "authors": [{"url": "http://www.17k.com/zuozhe/55320913", "name": "\u590f\u591c\u5fae\u51c9m"}], "type": ["\u5a5a\u604b\u7231\u60c5"], "outlinks": ["http://www.17k.com/book/2794982.html", "http://www.17k.com/book/2801292.html", "http://www.17k.com/book/2816318.html", "http://www.17k.com/book/2797575.html", "http://www.17k.com/book/2802516.html", "http://www.17k.com/book/2812195.html", "http://www.17k.com/book/2820143.html", "http://www.17k.com/book/2807943.html", "http://www.17k.com/book/2813457.html", "http://www.17k.com/book/2798058.html", "http://www.17k.com/book/2815617.html", "http://www.17k.com/book/2805259.html", "http://www.17k.com/book/2760255.html", "http://www.17k.com/book/2686894.html", "http://www.17k.com/book/2797016.html", "http://www.17k.com/book/2767246.html", "http://www.17k.com/book/2764239.html", "http://www.17k.com/book/2754498.html", "http://www.17k.com/book/2754900.html", "http://www.17k.com/book/2625740.html", "http://www.17k.com/book/2213315.html", "http://www.17k.com/book/2402178.html", "http://www.17k.com/book/2691221.html", "http://www.17k.com/book/2210699.html", "http://www.17k.com/book/1797752.html", "http://www.17k.com/book/2575507.html", "http://www.17k.com/book/2705181.html", "http://www.17k.com/book/2702539.html", "http://www.17k.com/book/2474887.html", "http://www.17k.com/book/2674733.html", "http://www.17k.com/book/2822076.html", "http://www.17k.com/book/2809894.html", "http://www.17k.com/book/2822077.html", "http://www.17k.com/book/2811930.html", "http://www.17k.com/book/2815548.html", "http://www.17k.com/book/2819620.html", "http://www.17k.com/book/2809964.html", "http://www.17k.com/book/2808200.html", "http://www.17k.com/book/2820100.html", "http://www.17k.com/book/2822978.html", "http://www.17k.com/book/2804337.html", "http://www.17k.com/book/2798814.html", "http://www.17k.com/book/2785153.html", "http://www.17k.com/book/2731559.html", "http://www.17k.com/book/2722533.html", "http://www.17k.com/book/2458377.html", "http://www.17k.com/book/2743300.html", "http://www.17k.com/book/973809.html", "http://www.17k.com/book/2651367.html", "http://www.17k.com/book/2726194.html", "http://www.17k.com/book/2790214.html", "http://www.17k.com/book/493239.html", "http://www.17k.com/book/108821.html", "http://www.17k.com/book/1398783.html", "http://www.17k.com/book/83528.html", "http://www.17k.com/book/1859126.html", "http://www.17k.com/book/1741975.html", "http://www.17k.com/book/192453.html", "http://www.17k.com/book/2459058.html", "http://www.17k.com/book/1050747.html", "http://www.17k.com/book/2700315.html", "http://www.17k.com/book/2818940.html", "http://www.17k.com/book/2819519.html", "http://www.17k.com/book/2816390.html", "http://www.17k.com/book/2819588.html", "http://www.17k.com/book/2813768.html", "http://www.17k.com/book/2822406.html", "http://www.17k.com/book/2772164.html", "http://www.17k.com/book/2784023.html", "http://www.17k.com/book/2811877.html", "http://www.17k.com/book/2809119.html", "http://www.17k.com/book/2803700.html", "http://www.17k.com/book/2819561.html", "http://www.17k.com/book/2746506.html", "http://www.17k.com/book/2811836.html", "http://www.17k.com/book/2614810.html", "http://www.17k.com/book/1592435.html", "http://www.17k.com/book/1949748.html", "http://www.17k.com/book/2265802.html", "http://www.17k.com/book/2743240.html", "http://www.17k.com/book/2657437.html", "http://www.17k.com/book/2644502.html", "http://www.17k.com/book/2199900.html", "http://www.17k.com/book/2725436.html", "http://www.17k.com/book/2629978.html"]}