{"ratings": -1, "userreviews": [{"userName": "\u592e\u5b50\u5440", "userReviewDate": "2018-03-29", "userURL": "http://user.17k.com/60344960", "userReview": "\u52a0\u6cb9"}, {"userName": "\u574f\u5c0f\u5b50\u7684\u7eaf\u60c5", "userReviewDate": "2018-03-22", "userURL": "http://user.17k.com/60383691", "userReview": "<a target='_blank' href='http://www.17k.com/book/2798234.html'>\u300a\u90aa\u6027\u6b8b\u60c5\u300b</a>\u8e6d\u8e6d\u70ed\u5ea6\uff0c\u5927\u5927\u7b14\u4e0b\u5999\u7b14\u751f\u82b1\uff0c\u732e\u4e11\u4e86\u3002"}, {"userName": "\u661f\u7a7a\u591c\u68a6\u58f9", "userReviewDate": "2018-03-20", "userURL": "http://user.17k.com/58116533", "userReview": "\u665a\u4e0a\u597d\uff0c\u661f\u7a7a\u6765\u4e5f\uff0c\u770b\u4e66\u652f\u6301\uff0c\u52a0\u6cb9\u5171\u52c9\u5427\uff01"}, {"userName": "\u65af\u6587\u732b\u965b\u4e0b", "userReviewDate": "2018-03-19", "userURL": "http://user.17k.com/37764708", "userReview": "\u56e2\u5b50\uff0c\u65e9\u5b89\uff0c\u52a0\u6cb9\uff0c\u652f\u6301\u4f9d\u65e7"}, {"userName": "\u7b71\u7b71\u7b71\u7b71\u5f71", "userReviewDate": "2018-03-17", "userURL": "http://user.17k.com/49325577", "userReview": "<a target='_blank' href='http://www.17k.com/book/2670624.html'>\u300a\u7f6a\u7f5a\u56e0\u679c\u300b</a>\u6765\u8bbf \u671f\u5f85\u5c01\u9762~"}, {"userName": "\u65af\u6587\u732b\u965b\u4e0b", "userReviewDate": "2018-03-15", "userURL": "http://user.17k.com/37764708", "userReview": "\u56e2\u5b50\u52a0\u6cb9\uff0c\u652f\u6301\u4f9d\u65e7"}, {"userName": "\u7a7a\u8c37\u7559\u60c5", "userReviewDate": "2018-03-15", "userURL": "http://user.17k.com/45016341", "userReview": "<a target='_blank' href='http://www.17k.com/book/2790998.html'>\u300a\u9738\u9053\u4e13\u5c5e\u300b</a>\u6765\u8bbf\uff0c\u5927\u5927\u5199\u5f97\u5f88\u597d\uff0c\u5df2\u7ecf\u6536\u85cf\uff0c\u671f\u5f85\u56de\u8bbf\u548c\u6536\u85cf"}, {"userName": "\u65af\u6587\u732b\u965b\u4e0b", "userReviewDate": "2018-03-11", "userURL": "http://user.17k.com/37764708", "userReview": "\u52a0\u6cb9\uff0c\u652f\u6301\u4e0b"}, {"userName": "\u5357\u65b9\u591c\u96e8\u6f47\u6f47", "userReviewDate": "2018-03-11", "userURL": "http://user.17k.com/37360539", "userReview": "\u6f47\u6f47\u6765\u8bbf\uff0c\u5927\u5927\u52a0\u6cb9\uff0c\u7801\u5b57\u8f9b\u82e6\uff0c\u6ce8\u610f\u8eab\u4f53\u54e6\uff0c\u52a0\u6cb9"}, {"userName": "\u661f\u7a7a\u591c\u68a6\u58f9", "userReviewDate": "2018-03-10", "userURL": "http://user.17k.com/58116533", "userReview": "\u665a\u4e0a\u597d\uff0c\u5468\u672b\u6109\u5feb\uff0c\u52a0\u6cb9\u7801\u5b57\u5427\uff01"}, {"userName": "\u6656\u3002184832109", "userReviewDate": "2018-03-08", "userURL": "http://user.17k.com/60320240", "userReview": "<a target='_blank' href='http://www.17k.com/book/2789596.html'>\u300a\u5316\u9b54\u8bdb\u5929\u300b</a>\u524d\u6765\u62dc\u8bbf\uff0c\u795d\u8d8a\u5199\u8d8a\u597d"}, {"userName": "\u660e\u82e5\u4e1c", "userReviewDate": "2018-03-07", "userURL": "http://user.17k.com/60305735", "userReview": "\u8840\u67d3\u5929\u8fb0\u524d\u6765\u62dc\u4f1a\uff01\u795d\u5927\u5927\u65e9\u65e5\u767b\u9876"}, {"userName": "\u661f\u7a7a\u591c\u68a6\u58f9", "userReviewDate": "2018-03-06", "userURL": "http://user.17k.com/58116533", "userReview": "\u5077\u5077\u544a\u8bc9\u4f60\u4e2a\u5c0f\u79d8\u5bc6\u54df\uff01\u4f60\u7684\u4f5c\u54c1\u7b80\u4ecb\u91cc\u4e00\u4e2a\u9519\u522b\u5b57\u3002\u201c\u4f01\u201d\u6539\u6210\u201c\u8d77\u201d\u5c31\u597d\u4e86\uff0c\u867d\u7136\u53ea\u662f\u5c0f\u6bdb\u75c5\uff0c\u4e0d\u8fc7\u4e3a\u4e86\u4e0d\u5f71\u54cd\u4f60\u5927\u4f5c\u7684\u5b8c\u7f8e\uff0c\u8fd8\u662f\u6539\u4e00\u4e0b\u5457\uff01\u661f\u7a7a\u5fc3\u76f4\u53e3\u5feb\uff0c\u5192\u6627\u4e4b\u5904\u8fd8\u8bf7\u6d77\u6db5\u3002"}, {"userName": "\u661f\u7a7a\u591c\u68a6\u58f9", "userReviewDate": "2018-03-03", "userURL": "http://user.17k.com/58116533", "userReview": "\u56e2\u957f\u52a0\u6cb9\u2196(^\u03c9^)\u2197\uff0c\u9876\u4f60\u54e6"}, {"userName": "\u60ca\u5929\u9ece", "userReviewDate": "2018-03-01", "userURL": "http://user.17k.com/52600644", "userReview": "<a target='_blank' href='http://www.17k.com/book/2783566.html'>\u300a\u4e5d\u76f8\u66f2\u300b</a>\u6765\u8bbf\uff0c\u5927\u5927\u52a0\u6cb9\uff01"}, {"userName": "\u848b\u5b87\u98de8327", "userReviewDate": "2018-02-25", "userURL": "http://user.17k.com/57652012", "userReview": "<a target='_blank' href='http://www.17k.com/book/2672901.html'>\u300a\u960e\u7f57\u79d8\u53f2\u300b</a>\u6765\u8bbf\uff0c\u56e2\u5b50\u4e0b\u5348\u597d"}, {"userName": "\u661f\u7a7a\u591c\u68a6\u58f9", "userReviewDate": "2018-02-23", "userURL": "http://user.17k.com/58116533", "userReview": "\u52a0\u6cb9\u2196(^\u03c9^)\u2197\uff0c\u661f\u7a7a\u53c8\u6765\u770b\u4e66\u8bbf\u53cb\u4e86\uff0c\u6700\u8fd1\u600e\u4e48\u6837\u5566"}, {"userName": "\u661f\u7a7a\u591c\u68a6\u58f9", "userReviewDate": "2018-02-18", "userURL": "http://user.17k.com/58116533", "userReview": "\u56e2\u5b50\u5927\u5927\u665a\u4e0a\u597d\uff0c\u65b0\u5e74\u5feb\u4e50\u554a\uff01\u52a0\u6cb9\u2196(^\u03c9^)\u2197\uff0c\u4eca\u5929\u5f88\u95f2\uff0c\u65e0\u610f\u4e2d\u70b9\u5f00\u4e86\u4f60\u7684\u5927\u4f5c\u3002\u7c97\u7565\u7684\u770b\u4e86\u51e0\u7ae0\uff0c\u7279\u6b64\u7559\u4e86\u8bc4\u8bba\uff0c\u8bc1\u660e\u6211\u6765\u8fc7\uff1a\u4e0d\u5f97\u4e0d\u8bf4\uff0c\u4f60\u7684\u4e66\u4e0d\u9519\u54e6\uff0c\u6587\u7b14\u96bd\u6c38\uff0c\u6587\u91c7\u98de\u626c\uff0c \u7b14\u4e0b\u751f\u82b1\uff0c\u60c5\u8282\u8dcc\u5b95\u8d77\u4f0f\uff0c\u5185\u5bb9\u4e30\u5bcc\u591a\u5f69\uff0c\u975e\u5e38\u5438\u5f15\u773c\u7403\uff0c\u5f15\u4eba\u5165\u80dc\u3002\u6587\u4e2d\u4e3b\u89d2\u6027\u683c\u9971\u6ee1\uff0c\u6709\u8840\u6709\u8089\uff0c\u914d\u89d2\u4e5f\u4e0d\u843d\u4e0b\u98ce\uff0c\u4e5f\u6709\u4ed6\uff08\u5979\uff09\u7cbe\u5f69\u7684\u6545\u4e8b\u3002\u60c5\u611f\u7ec6\u817b\uff0c\u7ec6\u8282\u63cf\u5199\u5f97\u975e\u5e38\u68d2\uff0c\u73af\u5883\u63cf\u5199\u4e5f\u6070\u5230\u597d\u5904\uff0c\u7edd\u4e0d\u62d6\u6ce5\u5e26\u6c34\u3002\u989d(\u2299o\u2299)\u2026\uff0c\u661f\u7a7a\u624d\u770b\u51e0\u7ae0\uff0c\u4e0d\u6562\u518d\u591a\u52a0\u5984\u8bc4\u3002\u6539\u65e5\u62bd\u7a7a\u518d\u7ec6\u7ec6\u6367\u8bfb\uff0c\u5e78\u4f1a\u5e78\u4f1a\uff0c\u518d\u6b21\u795d\u613f\u4f60\u518d\u63a5\u518d\u5389\uff0c\u52c7\u521b\u4f73\u7ee9\u3002\u661f\u7a7a\u643a\u62d9\u4f5c<a target='_blank' href='http://www.17k.com/book/2705953.html'>\u300a\u9b3c\u8ff9\u5bfb\u8e2a\u300b</a>\u62dc\u8bfb\u4f73\u4f5c\uff0c\u8bbf\u53cb\u652f\u6301\u597d\u4e66\u3002\u540c\u65f6\uff0c\u661f\u7a7a\u4e0d\u624d\uff0c\u5df2\u5907\u4e0b\u7c97\u8336\u6de1\u996d\uff0c\u6b22\u8fce\u5404\u4f4d\u9053\u53cb\u8d4f\u5149\uff0c\u4e8e\u5bd2\u820d..."}], "description": "\u82cf\u6850\u7a7a\u964d\u91cd\u6848\u7ec4\uff0c\u5374\u6ca1\u60f3\u9047\u5230\u591a\u5e74\u524d\u7684\u604b\u4eba\u8bb8\u98d2\u3000\u3000\u4e24\u4eba\u8868\u9762\u4e0a\u4e91\u6de1\u98ce\u6e05\uff0c\u6697\u5730\u91cc\u8bb8\u98d2\u5374\u4ecd\u65e7\u653e\u4e0d\u4e0b\u5979\uff0c\u751a\u81f3\u4e3b\u52a8\u627e\u4e0a\u95e8\u3000\u3000\u4e00\u8d77\u8fde\u73af\u6740\u4eba\u6848\u51f6\u624b\u591a\u6b21\u4f5c\u6848\uff0c\u8ba9\u82cf\u6850\u548c\u8bb8\u98d2\u6210\u4e3a\u642d\u6321\uff0c\u4e24\u4eba\u914d\u5408\u9ed8\u5951\uff0c\u5374\u5bf9\u591a\u5e74\u524d\u90a3\u4f01\u6848\u4ef6\u4ecd\u65e7\u5fc3\u6709\u7599\u7629\u2026\u2026", "title": "\u9ece\u660e\u53c8\u76f8\u89c1", "url": "http://www.17k.com/book/2763659.html", "average": -1.0, "cover": "http://img.17k.com/images/bookcover/2018/13818/69/2763659-1522654906000.jpg", "reviews": 9830, "authors": [{"url": "http://www.17k.com/zuozhe/53797485", "name": "\u4f1a\u98de\u7684\u56e2\u5b50"}], "type": ["\u804c\u573a\u4e3d\u4eba"], "outlinks": ["http://www.17k.com/book/2794982.html", "http://www.17k.com/book/2801292.html", "http://www.17k.com/book/2816318.html", "http://www.17k.com/book/2797575.html", "http://www.17k.com/book/2802516.html", "http://www.17k.com/book/2812195.html", "http://www.17k.com/book/2820143.html", "http://www.17k.com/book/2807943.html", "http://www.17k.com/book/2813457.html", "http://www.17k.com/book/2798058.html", "http://www.17k.com/book/2815617.html", "http://www.17k.com/book/2805259.html", "http://www.17k.com/book/2760255.html", "http://www.17k.com/book/2686894.html", "http://www.17k.com/book/2797016.html", "http://www.17k.com/book/2767246.html", "http://www.17k.com/book/2764239.html", "http://www.17k.com/book/2754498.html", "http://www.17k.com/book/2754900.html", "http://www.17k.com/book/2625740.html", "http://www.17k.com/book/2213315.html", "http://www.17k.com/book/2402178.html", "http://www.17k.com/book/2691221.html", "http://www.17k.com/book/2210699.html", "http://www.17k.com/book/1797752.html", "http://www.17k.com/book/2575507.html", "http://www.17k.com/book/2705181.html", "http://www.17k.com/book/2702539.html", "http://www.17k.com/book/2474887.html", "http://www.17k.com/book/2674733.html", "http://www.17k.com/book/2822076.html", "http://www.17k.com/book/2809894.html", "http://www.17k.com/book/2822077.html", "http://www.17k.com/book/2811930.html", "http://www.17k.com/book/2815548.html", "http://www.17k.com/book/2819620.html", "http://www.17k.com/book/2809964.html", "http://www.17k.com/book/2808200.html", "http://www.17k.com/book/2820100.html", "http://www.17k.com/book/2822978.html", "http://www.17k.com/book/2804337.html", "http://www.17k.com/book/2798814.html", "http://www.17k.com/book/2785153.html", "http://www.17k.com/book/2731559.html", "http://www.17k.com/book/2722533.html", "http://www.17k.com/book/2458377.html", "http://www.17k.com/book/2743300.html", "http://www.17k.com/book/973809.html", "http://www.17k.com/book/2651367.html", "http://www.17k.com/book/2726194.html", "http://www.17k.com/book/2790214.html", "http://www.17k.com/book/493239.html", "http://www.17k.com/book/108821.html", "http://www.17k.com/book/1398783.html", "http://www.17k.com/book/83528.html", "http://www.17k.com/book/1859126.html", "http://www.17k.com/book/1741975.html", "http://www.17k.com/book/192453.html", "http://www.17k.com/book/2459058.html", "http://www.17k.com/book/1050747.html", "http://www.17k.com/book/2700315.html", "http://www.17k.com/book/2818940.html", "http://www.17k.com/book/2819519.html", "http://www.17k.com/book/2816390.html", "http://www.17k.com/book/2819588.html", "http://www.17k.com/book/2813768.html", "http://www.17k.com/book/2822406.html", "http://www.17k.com/book/2772164.html", "http://www.17k.com/book/2784023.html", "http://www.17k.com/book/2811877.html", "http://www.17k.com/book/2809119.html", "http://www.17k.com/book/2803700.html", "http://www.17k.com/book/2819561.html", "http://www.17k.com/book/2746506.html", "http://www.17k.com/book/2811836.html", "http://www.17k.com/book/2614810.html", "http://www.17k.com/book/1592435.html", "http://www.17k.com/book/1949748.html", "http://www.17k.com/book/2265802.html", "http://www.17k.com/book/2743240.html", "http://www.17k.com/book/2657437.html", "http://www.17k.com/book/2644502.html", "http://www.17k.com/book/2199900.html", "http://www.17k.com/book/2725436.html", "http://www.17k.com/book/2629978.html"]}