{"ratings": -1, "userreviews": [{"userName": "\u3042\u53d1\u8d22\u306e", "userReviewDate": "2018-06-08", "userURL": "http://user.17k.com/57030974", "userReview": "\u73b0\u5728\u770b\u5f97\u6211\u5f88\u5c34\u5c2c\u3002\u611f\u89c9\u73b0\u5728\u5199\u7684\u4fd7\u4e0d\u53ef\u8010\uff0c\u5634\u70ae\u50cf\u5e02\u573a\u5435\u67b6\u4e00\u6837\u3002\u4ec0\u4e48\u65f6\u5019\u5815\u843d\u6210\u8fd9\u4e2a\u6837\u5b50\u7684\uff1f"}, {"userName": "\u4e0d\u62d8\u4e00\u683c\u5218", "userReviewDate": "2018-06-07", "userURL": "http://user.17k.com/51879088", "userReview": "\u585e\u8f66\u9700\u8981\u591a\u957f\u65f6\u95f4\u5462\uff1f"}, {"userName": "\u4e0d\u62d8\u4e00\u683c\u5218", "userReviewDate": "2018-06-06", "userURL": "http://user.17k.com/51879088", "userReview": "\u98de\u8fc7\u53bb\u770b\u54ea\u4e00\u7ae0\uff1f"}, {"userName": "\u4e0d\u62d8\u4e00\u683c\u5218", "userReviewDate": "2018-06-06", "userURL": "http://user.17k.com/51879088", "userReview": "\u8fd8\u9700\u8981\u51e0\u5929\u624d\u4e0d\u585e\u8f66\uff0c\u522b\u4e71\u626f\u4e86\uff0c\u5e72\u70b9\u6b63\u4e8b\uff0c\u4f60\u600e\u4e48\u548c\u7267\u5510\u4e00\u6837\u4e0d\u9760\u8c31\u5462\uff1f"}, {"userName": "\u4e0d\u62d8\u4e00\u683c\u5218", "userReviewDate": "2018-06-06", "userURL": "http://user.17k.com/51879088", "userReview": "\u52aa\u529b\u554a\uff0c\u8fd9\u79cd\u901f\u5ea6\u7684\u5199\u4f5c\u4f1a\u8ba9\u4eba\u5f88\u65e0\u5948\u7684\uff01"}, {"userName": "\u4e0d\u62d8\u4e00\u683c\u5218", "userReviewDate": "2018-06-04", "userURL": "http://user.17k.com/51879088", "userReview": "\u518d\u52e4\u594b\u4e00\u70b9\uff0c\u61d2\u60f0\u4f1a\u88ab\u6dd8\u6c70\u7684\uff01"}, {"userName": "\u4e0d\u62d8\u4e00\u683c\u5218", "userReviewDate": "2018-06-03", "userURL": "http://user.17k.com/51879088", "userReview": "\u662f\u4e0d\u662f\u53c8\u7f62\u5de5\u4e86\uff1f"}, {"userName": "\u4e0d\u62d8\u4e00\u683c\u5218", "userReviewDate": "2018-06-02", "userURL": "http://user.17k.com/51879088", "userReview": "\u65e9\u70b9\u6574\u5b8c\u4e86\u641e\u4e0b\u4e00\u90e8\uff0c\u65f6\u95f4\u62d6\u7684\u957f\u4e86\u6ca1\u52b2\uff01"}, {"userName": "\u4e0d\u62d8\u4e00\u683c\u5218", "userReviewDate": "2018-05-30", "userURL": "http://user.17k.com/51879088", "userReview": "\u522b\u5439\u7684\u592a\u5927\u4e86\u6536\u4e0d\u56de\u6765\u4e86\uff01"}, {"userName": "Goodnlght`` \u2026", "userReviewDate": "2018-05-29", "userURL": "http://user.17k.com/57322438", "userReview": "[\u6253\u8d4f]\u6211\u6253\u8d4f\u4e861\u5143\u7ea2\u5305\uff01\uff01"}, {"userName": "\u4e0d\u62d8\u4e00\u683c\u5218", "userReviewDate": "2018-05-21", "userURL": "http://user.17k.com/51879088", "userReview": "\u8fd9\u4e2a\u7687\u5e1d\u53ef\u6bd4\u540e\u6765\u7684\u7687\u5e1d\u597d\u591a\u4e86\uff0c\u8d77\u7801\u81ea\u5df1\u8bf4\u4eba\u8bdd\uff0c\u4e5f\u8ba9\u5927\u5bb6\u8bf4\u771f\u8bdd\u5b9e\u8bdd\uff01"}, {"userName": "\u65af\u6587\u732b\u965b\u4e0b", "userReviewDate": "2018-05-16", "userURL": "http://user.17k.com/37764708", "userReview": "\u665a\u5b89\uff0c\u5927\u5b8b\u54e5\u52a0\u6cb9\uff0c"}, {"userName": "\u597d\u9152\u6ca1\u6709\u4f60", "userReviewDate": "2018-05-14", "userURL": "http://user.17k.com/56550779", "userReview": "\u53ef\u4ee5\u8ba4\u771f\u54c1\u5473\u7684\u4e66"}, {"userName": "\u4f46\u6c42\u540c\u7978\u5bb3\u82cd\u751f", "userReviewDate": "2018-05-14", "userURL": "http://user.17k.com/44957322", "userReview": "\u54c7\u5927\u5b8b\u5c45\u7136\u8bf4\u8bdd\u5566"}, {"userName": "\u4f46\u6c42\u540c\u7978\u5bb3\u82cd\u751f", "userReviewDate": "2018-05-14", "userURL": "http://user.17k.com/44957322", "userReview": "\u8981\u591a\u591a\u6c34\u7fa4\u554a\u043b\u0335\u02b1&ordf;\u02b1&ordf;\u02b1&ordf; (\u1551\u15e2\u14eb\u0e32\u2217)\u02d2"}, {"userName": "17K\u4e66\u53cbq3ye0zeg", "userReviewDate": "2018-05-14", "userURL": "http://user.17k.com/61793513", "userReview": "\u5565\u90fd\u4e0d\u8bf4\u3002\u3002\u3002\u9f99\u589f\u8ffd\u4e0b\u53bb\u770b\u5c31\u77e5\u9053\u8fd9\u662f\u672c\u597d\u4e66\uff01\u53cd\u6b63\u6211\u8fd8\u8ffd\u4e86\uff01"}, {"userName": "17k\u4e66\u53cb058ygbgp8", "userReviewDate": "2018-05-14", "userURL": "http://user.17k.com/61772811", "userReview": "\u4e3a\u4e86\u60c5\u8282\u8d28\u91cf\uff0c\u6784\u601d\u5f97\u4e45\u4e00\u70b9\uff0c\u4e00\u5929\u4e00\u66f4\u4e5f\u662f\u5408\u60c5\u5408\u7406\u7684\u5427\u3002"}, {"userName": "17k\u4e66\u53cb058ygbgp8", "userReviewDate": "2018-05-14", "userURL": "http://user.17k.com/61772811", "userReview": "[\u6253\u8d4f]\u6211\u6253\u8d4f\u4e865\u5143\u7ea2\u5305\uff01\uff01"}, {"userName": "\u4e0d\u62d8\u4e00\u683c\u5218", "userReviewDate": "2018-05-13", "userURL": "http://user.17k.com/51879088", "userReview": "\u662f\u5426\u518d\u52e4\u594b\u4e00\u70b9\uff1f"}, {"userName": "\u4e0d\u62d8\u4e00\u683c\u5218", "userReviewDate": "2018-05-12", "userURL": "http://user.17k.com/51879088", "userReview": "\u6587\u660e\u7a0b\u5ea6\u4e0e\u793e\u4f1a\u5236\u5ea6\u6709\u5173\uff01"}], "description": "2000\u5e74\u524d\uff0c\u672b\u65e5\u964d\u4e34\uff0c\u79e6\u592a\u7956\u5efa\u7acb\u5168\u7403\u4e00\u7edf\u4e4b\u5927\u79e6\u5e1d\u56fd\uff0c\u5efa\u4e3e\u4e16\u65e0\u53cc\u4e4b\u9f99\u57ce\u3002\u3000\u30002000\u5e74\u540e\uff0c\u79e6\u592a\u7956\u9b42\u7a7f\u5e9f\u67f4\u5c11\u5e74\uff0c\u8868\u793a\uff1a\u6715\u518d\u5411\u5929\u62a28000\u5e74\uff0c\u8fd8\u6709\u8c01\u4e0d\u670d\uff01\uff1f\u3000\u3000\u4e0d\u8fc7\u7b2c\u4e00\u6b65\u5374\u662f\u5c06\u5316\u6210\u5e9f\u589f\u7684\u9f99\u57ce\u4e00\u7816\u4e00\u74e6\u91cd\u65b0\u5efa\u7acb\u8d77\u6765\u2026\u2026\u3000\u3000\u2014\u2014\u2014\u2014\u3000\u3000\u65b0\u4e66\u4e0a\u4f20\uff0c\u6c42\u652f\u6301\uff0c\u8c22\u8c22\u8c22\u8c22\u8c22\u8c22\u8c22\u8c22\u5566\u3002", "title": "\u9f99\u589f", "url": "http://www.17k.com/book/2593098.html", "average": -1.0, "cover": "http://img.17k.com/images/bookcover/2017/12965/64/2593098-1501423983000.jpg", "reviews": 733555, "authors": [{"url": "http://www.17k.com/zuozhe/43166163", "name": "\u5927\u5b8b\u798f\u7ea2\u574a"}], "type": ["\u672a\u6765\u5e7b\u60f3"], "outlinks": ["http://www.17k.com/book/2794982.html", "http://www.17k.com/book/2801292.html", "http://www.17k.com/book/2816318.html", "http://www.17k.com/book/2797575.html", "http://www.17k.com/book/2802516.html", "http://www.17k.com/book/2812195.html", "http://www.17k.com/book/2820143.html", "http://www.17k.com/book/2807943.html", "http://www.17k.com/book/2813457.html", "http://www.17k.com/book/2798058.html", "http://www.17k.com/book/2815617.html", "http://www.17k.com/book/2805259.html", "http://www.17k.com/book/2760255.html", "http://www.17k.com/book/2686894.html", "http://www.17k.com/book/2797016.html", "http://www.17k.com/book/2767246.html", "http://www.17k.com/book/2764239.html", "http://www.17k.com/book/2754498.html", "http://www.17k.com/book/2754900.html", "http://www.17k.com/book/2625740.html", "http://www.17k.com/book/2213315.html", "http://www.17k.com/book/2402178.html", "http://www.17k.com/book/2691221.html", "http://www.17k.com/book/2210699.html", "http://www.17k.com/book/1797752.html", "http://www.17k.com/book/2575507.html", "http://www.17k.com/book/2705181.html", "http://www.17k.com/book/2702539.html", "http://www.17k.com/book/2474887.html", "http://www.17k.com/book/2674733.html", "http://www.17k.com/book/2822076.html", "http://www.17k.com/book/2809894.html", "http://www.17k.com/book/2822077.html", "http://www.17k.com/book/2811930.html", "http://www.17k.com/book/2815548.html", "http://www.17k.com/book/2819620.html", "http://www.17k.com/book/2809964.html", "http://www.17k.com/book/2808200.html", "http://www.17k.com/book/2820100.html", "http://www.17k.com/book/2822978.html", "http://www.17k.com/book/2804337.html", "http://www.17k.com/book/2798814.html", "http://www.17k.com/book/2785153.html", "http://www.17k.com/book/2731559.html", "http://www.17k.com/book/2722533.html", "http://www.17k.com/book/2458377.html", "http://www.17k.com/book/2743300.html", "http://www.17k.com/book/973809.html", "http://www.17k.com/book/2651367.html", "http://www.17k.com/book/2726194.html", "http://www.17k.com/book/2790214.html", "http://www.17k.com/book/493239.html", "http://www.17k.com/book/108821.html", "http://www.17k.com/book/1398783.html", "http://www.17k.com/book/83528.html", "http://www.17k.com/book/1859126.html", "http://www.17k.com/book/1741975.html", "http://www.17k.com/book/192453.html", "http://www.17k.com/book/2459058.html", "http://www.17k.com/book/1050747.html", "http://www.17k.com/book/2700315.html", "http://www.17k.com/book/2818940.html", "http://www.17k.com/book/2819519.html", "http://www.17k.com/book/2816390.html", "http://www.17k.com/book/2819588.html", "http://www.17k.com/book/2813768.html", "http://www.17k.com/book/2822406.html", "http://www.17k.com/book/2772164.html", "http://www.17k.com/book/2784023.html", "http://www.17k.com/book/2811877.html", "http://www.17k.com/book/2809119.html", "http://www.17k.com/book/2803700.html", "http://www.17k.com/book/2819561.html", "http://www.17k.com/book/2746506.html", "http://www.17k.com/book/2811836.html", "http://www.17k.com/book/2614810.html", "http://www.17k.com/book/1592435.html", "http://www.17k.com/book/1949748.html", "http://www.17k.com/book/2265802.html", "http://www.17k.com/book/2743240.html", "http://www.17k.com/book/2657437.html", "http://www.17k.com/book/2644502.html", "http://www.17k.com/book/2199900.html", "http://www.17k.com/book/2725436.html", "http://www.17k.com/book/2629978.html"]}