{"ratings": -1, "userreviews": [{"userName": "honey\u5b9d\u513f", "userReviewDate": "2018-06-08", "userURL": "http://user.17k.com/62137057", "userReview": "\u6765\u5427\u6765\u5427\uff01\u4e94\u66f4\u516d\u66f4\uff01"}, {"userName": "honey\u5b9d\u513f", "userReviewDate": "2018-06-08", "userURL": "http://user.17k.com/62137057", "userReview": "\u6614\u5e74\uff0c\u4eca\u5929\u6765\u4e2a\u4e94\u66f4\u5427\uff01"}, {"userName": "17K\u4e66\u53cb5TOP748S", "userReviewDate": "2018-06-08", "userURL": "http://user.17k.com/61357948", "userReview": "\u66f4\u65b0\u592a\u6162\u4e86"}, {"userName": "\u98de\u626c757706070", "userReviewDate": "2018-06-08", "userURL": "http://user.17k.com/61176235", "userReview": "&#55356;&#57139;&#55356;&#57139;&#55356;&#57139;&#55356;&#57139;&#55356;&#57139;&#55356;&#57139;&#55356;&#57139;"}, {"userName": "17K\u4e66\u53cbeixfisiy", "userReviewDate": "2018-06-08", "userURL": "http://user.17k.com/61883187", "userReview": "\u4e0d\u9519\u7684\u4e00\u672c\u4e66"}, {"userName": "\u4e1c\u65b9\u4e00\u7ebf\u7ea2", "userReviewDate": "2018-06-08", "userURL": "http://user.17k.com/57262495", "userReview": "\u770b\u4e66\u4e86\uff0c\u52a0\u6cb9\uff01"}, {"userName": "\u5982\u771f\uff08\u7acb\u89c9\uff09", "userReviewDate": "2018-06-08", "userURL": "http://user.17k.com/60095450", "userReview": "\u8d8a\u6765\u8d8a\u671f\u5f85\u4e86"}, {"userName": "honey\u5b9d\u513f", "userReviewDate": "2018-06-08", "userURL": "http://user.17k.com/62137057", "userReview": "\u9f99\u733f\u7c89\u4e1d\u4eec\uff0c\u7531\u672c\u4ed9\u5973\u5efa\u7acb\u4e86\u7c89\u4e1d\u7fa4\uff0c\u7fa4\u53f7\u4e3a\uff1a566328418\u3002\u9f99\u733f\u7c89\u4e1d\u5b9d\u5b9d\u4eec\u6765\u52a0\u7fa4\u54e6\uff01\u8fd9\u662f\u6700\u5b98\u65b9\u7684\u7ec4\u7ec7\u54df\uff01"}, {"userName": "honey\u5b9d\u513f", "userReviewDate": "2018-06-08", "userURL": "http://user.17k.com/62137057", "userReview": "\u672c\u662f\u6709\u7f18\u4eba\uff0c \u4efb\u51ed\u963b\u524d\u8def\u3002 \u65e0\u8bba\u5343\u5c71\u9669\uff0c \u6052\u751f\u50b2\u9aa8\u5fc3\u3002 \u51e0\u591a\u98ce\u96ea\u9014\uff0c \u7ec8\u5f97\u541e\u5929\u51b3\u3002 \u4e00\u58f0\u9f99\u733f\u5578\uff0c \u552f\u6211\u7eaa\u51e1\u9b42\u3002"}, {"userName": "honey\u5b9d\u513f", "userReviewDate": "2018-06-08", "userURL": "http://user.17k.com/62137057", "userReview": "\u6614\u5e74\u52a0\u6cb9\uff01\uff01\uff01"}, {"userName": "honey\u5b9d\u513f", "userReviewDate": "2018-06-08", "userURL": "http://user.17k.com/62137057", "userReview": "[\u6253\u8d4f]\u6211\u6253\u8d4f\u4e861\u4e2a'\u9e21\u8840'\uff01\uff01"}, {"userName": "honey\u5b9d\u513f", "userReviewDate": "2018-06-08", "userURL": "http://user.17k.com/62137057", "userReview": "\u6614\u5e74\u52a0\u6cb9\uff01\uff01\uff01"}, {"userName": "honey\u5b9d\u513f", "userReviewDate": "2018-06-08", "userURL": "http://user.17k.com/62137057", "userReview": "[\u6253\u8d4f]\u6211\u6253\u8d4f\u4e861\u4e2a'\u5927\u529b\u7801\u5b57\u4e38'\uff01\uff01"}, {"userName": "\u5de6\u6c0f\u5c0f\u732a", "userReviewDate": "2018-06-07", "userURL": "http://user.17k.com/33807972", "userReview": "\u652f\u6301\uff0c\u5927\u5927\u52a0\u6cb9"}, {"userName": "\u6a0a\u5c0f\u6bdb", "userReviewDate": "2018-06-07", "userURL": "http://user.17k.com/38972902", "userReview": "<a target='_blank' href='http://www.17k.com/book/1207148.html'>\u300a\u6d41\u6c61\u622a\u300b</a><a target='_blank' href='http://www.17k.com/book/1389459.html'>\u300a\u599e\u66f2\u7684\u5a5a\u604b\u300b</a>\u731b\u9192\u6765\u88ad\uff01"}, {"userName": "honey\u5b9d\u513f", "userReviewDate": "2018-06-07", "userURL": "http://user.17k.com/62137057", "userReview": "\u6614\u5e74\u52a0\u6cb9\uff01\uff01\uff01"}, {"userName": "honey\u5b9d\u513f", "userReviewDate": "2018-06-07", "userURL": "http://user.17k.com/62137057", "userReview": "[\u6253\u8d4f]\u6211\u6253\u8d4f\u4e861\u4e2a'\u5c0f\u5fc3\u5fc3'\uff01\uff01"}, {"userName": "honey\u5b9d\u513f", "userReviewDate": "2018-06-07", "userURL": "http://user.17k.com/62137057", "userReview": "\u6614\u5e74\u52a0\u6cb9\uff01\uff01\uff01"}, {"userName": "\u5357\u5df7\u5317\u5f80\u4e36", "userReviewDate": "2018-06-07", "userURL": "http://user.17k.com/61045791", "userReview": "\u7b7e\u5230"}, {"userName": "\u4fee\u5408\u65e0\u4eba\u89c1\u5b58\u5fc3\u6709\u5929\u77e5", "userReviewDate": "2018-06-07", "userURL": "http://user.17k.com/4112524", "userReview": "\u7b7e\u5230\u3002\u3002\u3002\u3002"}], "description": "\u81ea\u53e4\u4ee5\u6765\uff0c\u6570\u4e4b\u4e0d\u6e05\u7684\u4fee\u70bc\u4f53\u7cfb\u6e0a\u6e90\u6d41\u4f20\uff0c\u4fee\u7ec3\u529f\u6cd5\u7384\u5999\u800c\u7e41\u6742\uff0c\u4f17\u591a\u4fee\u70bc\u8005\u65e0\u4e0d\u4e3a\u4e86\u957f\u751f\u4e0d\u8001\uff0c\u6c38\u5b58\u4e8e\u4e16\u7684\u4fee\u70bc\u76ee\u6807\u52aa\u529b\u3002\u3000\u3000\u4e00\u540d\u5931\u4e86\u5148\u5929\u5143\u6c14\u7684\u5c11\u5e74\uff0c\u8e0f\u4e07\u822c\u574e\u5777\uff0c\u95ef\u5343\u822c\u5173\u9698\uff0c\u5728\u7075\u589f\u5d1b\u8d77\uff0c\u62e8\u91cd\u91cd\u8ff7\u96fe\uff0c\u63ed\u5f00\u4e00\u6bb5\u88ab\u63a9\u57cb\u7684\u53e4\u53f2\u3002\u3000\u3000\u53e4\u9053\u626c\u5c18\u7ecf\u78e8\u7ec3\uff0c\u4e07\u5343\u5999\u6cd5\u9006\u82cd\u7a79\uff0c\u5149\u602a\u9646\u79bb\u5c3d\u795e\u79d8\uff0c\u58ee\u5fd7\u8e0f\u4e91\u8361\u80f8\u6000\u3002\u3000\u3000\u5e26\u4f60\u541b\u4e34\u5929\u4e0b\uff0c\u8bb8\u6211\u56db\u6d77\u4e3a\u5bb6\u3002", "title": "\u9f99\u733f\u541e\u5929\u8bc0", "url": "http://www.17k.com/book/2801193.html", "average": -1.0, "cover": "http://img.17k.com/images/bookcover/2018/14005/70/2801193-1522391157000.jpg", "reviews": 248876, "authors": [{"url": "http://www.17k.com/zuozhe/45774193", "name": "\u9065\u5fc6\u6614\u5e74"}], "type": ["\u4e1c\u65b9\u7384\u5e7b"], "outlinks": ["http://www.17k.com/book/2794982.html", "http://www.17k.com/book/2801292.html", "http://www.17k.com/book/2816318.html", "http://www.17k.com/book/2797575.html", "http://www.17k.com/book/2802516.html", "http://www.17k.com/book/2812195.html", "http://www.17k.com/book/2820143.html", "http://www.17k.com/book/2807943.html", "http://www.17k.com/book/2813457.html", "http://www.17k.com/book/2798058.html", "http://www.17k.com/book/2815617.html", "http://www.17k.com/book/2805259.html", "http://www.17k.com/book/2760255.html", "http://www.17k.com/book/2686894.html", "http://www.17k.com/book/2797016.html", "http://www.17k.com/book/2767246.html", "http://www.17k.com/book/2764239.html", "http://www.17k.com/book/2754498.html", "http://www.17k.com/book/2754900.html", "http://www.17k.com/book/2625740.html", "http://www.17k.com/book/2213315.html", "http://www.17k.com/book/2402178.html", "http://www.17k.com/book/2691221.html", "http://www.17k.com/book/2210699.html", "http://www.17k.com/book/1797752.html", "http://www.17k.com/book/2575507.html", "http://www.17k.com/book/2705181.html", "http://www.17k.com/book/2702539.html", "http://www.17k.com/book/2474887.html", "http://www.17k.com/book/2674733.html", "http://www.17k.com/book/2822076.html", "http://www.17k.com/book/2809894.html", "http://www.17k.com/book/2822077.html", "http://www.17k.com/book/2811930.html", "http://www.17k.com/book/2815548.html", "http://www.17k.com/book/2819620.html", "http://www.17k.com/book/2809964.html", "http://www.17k.com/book/2808200.html", "http://www.17k.com/book/2820100.html", "http://www.17k.com/book/2822978.html", "http://www.17k.com/book/2804337.html", "http://www.17k.com/book/2798814.html", "http://www.17k.com/book/2785153.html", "http://www.17k.com/book/2731559.html", "http://www.17k.com/book/2722533.html", "http://www.17k.com/book/2458377.html", "http://www.17k.com/book/2743300.html", "http://www.17k.com/book/973809.html", "http://www.17k.com/book/2651367.html", "http://www.17k.com/book/2726194.html", "http://www.17k.com/book/2790214.html", "http://www.17k.com/book/493239.html", "http://www.17k.com/book/108821.html", "http://www.17k.com/book/1398783.html", "http://www.17k.com/book/83528.html", "http://www.17k.com/book/1859126.html", "http://www.17k.com/book/1741975.html", "http://www.17k.com/book/192453.html", "http://www.17k.com/book/2459058.html", "http://www.17k.com/book/1050747.html", "http://www.17k.com/book/2700315.html", "http://www.17k.com/book/2818940.html", "http://www.17k.com/book/2819519.html", "http://www.17k.com/book/2816390.html", "http://www.17k.com/book/2819588.html", "http://www.17k.com/book/2813768.html", "http://www.17k.com/book/2822406.html", "http://www.17k.com/book/2772164.html", "http://www.17k.com/book/2784023.html", "http://www.17k.com/book/2811877.html", "http://www.17k.com/book/2809119.html", "http://www.17k.com/book/2803700.html", "http://www.17k.com/book/2819561.html", "http://www.17k.com/book/2746506.html", "http://www.17k.com/book/2811836.html", "http://www.17k.com/book/2614810.html", "http://www.17k.com/book/1592435.html", "http://www.17k.com/book/1949748.html", "http://www.17k.com/book/2265802.html", "http://www.17k.com/book/2743240.html", "http://www.17k.com/book/2657437.html", "http://www.17k.com/book/2644502.html", "http://www.17k.com/book/2199900.html", "http://www.17k.com/book/2725436.html", "http://www.17k.com/book/2629978.html"]}